id,source_id,state,market,requested_datetime,requested_date,month,type,status,agency,lat,long,neighborhood,source_url
SF-101001747898,101001747898,CA,San Francisco,2025-04-10T16:28:26.000,2025-04-10,2025-04,incident_report,Closed,MTA - Autonomous Vehicles Complaints,37.77914084,-122.40814113,South of Market,https://data.sf.gov/resource/vw6y-z8j6.json?service_request_id=101001747898
SF-101001757215,101001757215,CA,San Francisco,2025-04-12T14:53:40.000,2025-04-12,2025-04,other,Closed,MTA - Autonomous Vehicles Complaints,,,,https://data.sf.gov/resource/vw6y-z8j6.json?service_request_id=101001757215
SF-101001760499,101001760499,CA,San Francisco,2025-04-13T13:00:18.000,2025-04-13,2025-04,other,Closed,MTA - Autonomous Vehicles Complaints,,,,https://data.sf.gov/resource/vw6y-z8j6.json?service_request_id=101001760499
SF-101001778943,101001778943,CA,San Francisco,2025-04-16T18:31:10.000,2025-04-16,2025-04,incident_report,Closed,MTA - Autonomous Vehicles Complaints,37.79301041,-122.40618665,Chinatown,https://data.sf.gov/resource/vw6y-z8j6.json?service_request_id=101001778943
SF-101001779451,101001779451,CA,San Francisco,2025-04-16T21:46:59.000,2025-04-16,2025-04,general_complaint,Closed,MTA - Autonomous Vehicles Complaints,,,,https://data.sf.gov/resource/vw6y-z8j6.json?service_request_id=101001779451
SF-101001783756,101001783756,CA,San Francisco,2025-04-17T16:48:33.000,2025-04-17,2025-04,incident_report,Closed,MTA - Autonomous Vehicles Complaints,37.780606858,-122.3905272458,South Beach,https://data.sf.gov/resource/vw6y-z8j6.json?service_request_id=101001783756
SF-101001785866,101001785866,CA,San Francisco,2025-04-18T08:47:50.000,2025-04-18,2025-04,incident_report,Closed,MTA - Autonomous Vehicles Complaints,37.76984035,-122.4235088,Mint Hill,https://data.sf.gov/resource/vw6y-z8j6.json?service_request_id=101001785866
SF-101001785927,101001785927,CA,San Francisco,2025-04-18T08:56:33.000,2025-04-18,2025-04,incident_report,Closed,MTA - Autonomous Vehicles Complaints,37.76840668,-122.42799723,Duboce Triangle,https://data.sf.gov/resource/vw6y-z8j6.json?service_request_id=101001785927
SF-101001788452,101001788452,CA,San Francisco,2025-04-18T14:39:34.000,2025-04-18,2025-04,incident_report,Closed,MTA - Autonomous Vehicles Complaints,37.74529087,-122.41894056,Bernal Heights,https://data.sf.gov/resource/vw6y-z8j6.json?service_request_id=101001788452
SF-101001790110,101001790110,CA,San Francisco,2025-04-18T21:26:04.000,2025-04-18,2025-04,incident_report,Closed,MTA - Autonomous Vehicles Complaints,37.78675425,-122.40989936,Tenderloin,https://data.sf.gov/resource/vw6y-z8j6.json?service_request_id=101001790110
SF-101001796696,101001796696,CA,San Francisco,2025-04-20T17:45:43.000,2025-04-20,2025-04,incident_report,Closed,MTA - Autonomous Vehicles Complaints,37.799238,-122.40885307,North Beach,https://data.sf.gov/resource/vw6y-z8j6.json?service_request_id=101001796696
SF-101001807476,101001807476,CA,San Francisco,2025-04-22T15:44:12.000,2025-04-22,2025-04,general_complaint,Closed,MTA - Autonomous Vehicles Complaints,,,,https://data.sf.gov/resource/vw6y-z8j6.json?service_request_id=101001807476
SF-101001819124,101001819124,CA,San Francisco,2025-04-24T19:23:27.000,2025-04-24,2025-04,incident_report,Closed,MTA - Autonomous Vehicles Complaints,37.795009993,-122.4490518093,Presidio National Park,https://data.sf.gov/resource/vw6y-z8j6.json?service_request_id=101001819124
SF-101001823360,101001823360,CA,San Francisco,2025-04-25T15:29:45.000,2025-04-25,2025-04,incident_report,Closed,MTA - Autonomous Vehicles Complaints,37.771021944,-122.4788088,Golden Gate Park,https://data.sf.gov/resource/vw6y-z8j6.json?service_request_id=101001823360
SF-101001830564,101001830564,CA,San Francisco,2025-04-27T13:07:52.000,2025-04-27,2025-04,general_complaint,Closed,MTA - Autonomous Vehicles Complaints,,,,https://data.sf.gov/resource/vw6y-z8j6.json?service_request_id=101001830564
SF-101001832443,101001832443,CA,San Francisco,2025-04-27T22:00:16.000,2025-04-27,2025-04,incident_report,Closed,MTA - Autonomous Vehicles Complaints,37.77648157,-122.3958978,South of Market,https://data.sf.gov/resource/vw6y-z8j6.json?service_request_id=101001832443
SF-101001838470,101001838470,CA,San Francisco,2025-04-28T21:45:50.000,2025-04-28,2025-04,general_complaint,Closed,MTA - Autonomous Vehicles Complaints,,,,https://data.sf.gov/resource/vw6y-z8j6.json?service_request_id=101001838470
SF-101001843712,101001843712,CA,San Francisco,2025-04-29T18:41:34.000,2025-04-29,2025-04,incident_report,Closed,MTA - Autonomous Vehicles Complaints,37.78541187,-122.39646852,Rincon Hill,https://data.sf.gov/resource/vw6y-z8j6.json?service_request_id=101001843712
SF-101001849054,101001849054,CA,San Francisco,2025-04-30T16:57:58.000,2025-04-30,2025-04,incident_report,Closed,MTA - Autonomous Vehicles Complaints,37.78724264,-122.40687973,Downtown / Union Square,https://data.sf.gov/resource/vw6y-z8j6.json?service_request_id=101001849054
SF-101001853040,101001853040,CA,San Francisco,2025-05-01T11:46:47.000,2025-05-01,2025-05,general_complaint,Closed,MTA - Autonomous Vehicles Complaints,,,,https://data.sf.gov/resource/vw6y-z8j6.json?service_request_id=101001853040
SF-101001856069,101001856069,CA,San Francisco,2025-05-01T20:35:08.000,2025-05-01,2025-05,incident_report,Closed,MTA - Autonomous Vehicles Complaints,37.807828,-122.42691497,Aquatic Park / Ft. Mason,https://data.sf.gov/resource/vw6y-z8j6.json?service_request_id=101001856069
SF-101001865725,101001865725,CA,San Francisco,2025-05-03T23:15:38.000,2025-05-03,2025-05,incident_report,Closed,MTA - Autonomous Vehicles Complaints,37.7970645564,-122.405513078,North Beach,https://data.sf.gov/resource/vw6y-z8j6.json?service_request_id=101001865725
SF-101001876947,101001876947,CA,San Francisco,2025-05-06T09:18:59.000,2025-05-06,2025-05,incident_report,Closed,MTA - Autonomous Vehicles Complaints,37.77820425,-122.4216626,Civic Center,https://data.sf.gov/resource/vw6y-z8j6.json?service_request_id=101001876947
SF-101001879870,101001879870,CA,San Francisco,2025-05-06T15:42:16.000,2025-05-06,2025-05,incident_report,Closed,MTA - Autonomous Vehicles Complaints,37.775941161,-122.3979694306,South of Market,https://data.sf.gov/resource/vw6y-z8j6.json?service_request_id=101001879870
SF-101001884892,101001884892,CA,San Francisco,2025-05-07T14:15:04.000,2025-05-07,2025-05,incident_report,Closed,MTA - Autonomous Vehicles Complaints,37.77695892,-122.43135465,Hayes Valley,https://data.sf.gov/resource/vw6y-z8j6.json?service_request_id=101001884892
SF-101001886897,101001886897,CA,San Francisco,2025-05-07T22:22:24.000,2025-05-07,2025-05,incident_report,Closed,MTA - Autonomous Vehicles Complaints,37.7478302856,-122.424768169,Noe Valley,https://data.sf.gov/resource/vw6y-z8j6.json?service_request_id=101001886897
SF-101001891639,101001891639,CA,San Francisco,2025-05-08T18:30:40.000,2025-05-08,2025-05,general_complaint,Closed,MTA - Autonomous Vehicles Complaints,,,,https://data.sf.gov/resource/vw6y-z8j6.json?service_request_id=101001891639
SF-101001895229,101001895229,CA,San Francisco,2025-05-09T13:07:01.000,2025-05-09,2025-05,incident_report,Closed,MTA - Autonomous Vehicles Complaints,37.7740405975,-122.4528128264,Lone Mountain,https://data.sf.gov/resource/vw6y-z8j6.json?service_request_id=101001895229
SF-101001896672,101001896672,CA,San Francisco,2025-05-09T16:50:11.000,2025-05-09,2025-05,general_complaint,Closed,MTA - Autonomous Vehicles Complaints,,,,https://data.sf.gov/resource/vw6y-z8j6.json?service_request_id=101001896672
SF-101001897966,101001897966,CA,San Francisco,2025-05-10T01:59:51.000,2025-05-10,2025-05,incident_report,Closed,MTA - Autonomous Vehicles Complaints,37.7953787,-122.42726181,Pacific Heights,https://data.sf.gov/resource/vw6y-z8j6.json?service_request_id=101001897966
SF-101001899585,101001899585,CA,San Francisco,2025-05-10T12:53:57.000,2025-05-10,2025-05,general_complaint,Closed,MTA - Autonomous Vehicles Complaints,,,,https://data.sf.gov/resource/vw6y-z8j6.json?service_request_id=101001899585
SF-101001902949,101001902949,CA,San Francisco,2025-05-11T11:59:04.000,2025-05-11,2025-05,incident_report,Closed,MTA - Autonomous Vehicles Complaints,37.8002605,-122.43626926,Marina,https://data.sf.gov/resource/vw6y-z8j6.json?service_request_id=101001902949
SF-101001903810,101001903810,CA,San Francisco,2025-05-11T15:41:48.000,2025-05-11,2025-05,incident_report,Closed,MTA - Autonomous Vehicles Complaints,37.7542420609,-122.4764234598,Golden Gate Heights,https://data.sf.gov/resource/vw6y-z8j6.json?service_request_id=101001903810
SF-101001912551,101001912551,CA,San Francisco,2025-05-13T09:29:48.000,2025-05-13,2025-05,incident_report,Closed,MTA - Autonomous Vehicles Complaints,37.79482178,-122.39429086,Financial District,https://data.sf.gov/resource/vw6y-z8j6.json?service_request_id=101001912551
SF-101001916218,101001916218,CA,San Francisco,2025-05-13T17:36:58.000,2025-05-13,2025-05,general_complaint,Closed,MTA - Autonomous Vehicles Complaints,,,,https://data.sf.gov/resource/vw6y-z8j6.json?service_request_id=101001916218
SF-101001919019,101001919019,CA,San Francisco,2025-05-14T10:18:58.000,2025-05-14,2025-05,incident_report,Closed,MTA - Autonomous Vehicles Complaints,37.77638447,-122.41870849,Civic Center,https://data.sf.gov/resource/vw6y-z8j6.json?service_request_id=101001919019
SF-101001927093,101001927093,CA,San Francisco,2025-05-15T16:57:55.000,2025-05-15,2025-05,other,Closed,MTA - Autonomous Vehicles Complaints,,,,https://data.sf.gov/resource/vw6y-z8j6.json?service_request_id=101001927093
SF-101001936371,101001936371,CA,San Francisco,2025-05-17T15:39:27.000,2025-05-17,2025-05,incident_report,Closed,MTA - Autonomous Vehicles Complaints,37.77229286,-122.41991135,South of Market,https://data.sf.gov/resource/vw6y-z8j6.json?service_request_id=101001936371
SF-101001947642,101001947642,CA,San Francisco,2025-05-19T20:18:57.000,2025-05-19,2025-05,incident_report,Closed,MTA - Autonomous Vehicles Complaints,37.784151879,-122.4345620432,Western Addition,https://data.sf.gov/resource/vw6y-z8j6.json?service_request_id=101001947642
SF-101001958745,101001958745,CA,San Francisco,2025-05-21T15:40:35.000,2025-05-21,2025-05,incident_report,Closed,MTA - Autonomous Vehicles Complaints,37.79356466,-122.40495765,Chinatown,https://data.sf.gov/resource/vw6y-z8j6.json?service_request_id=101001958745
SF-101001962803,101001962803,CA,San Francisco,2025-05-22T11:06:31.000,2025-05-22,2025-05,incident_report,Closed,MTA - Autonomous Vehicles Complaints,37.7751713,-122.41919183,South of Market,https://data.sf.gov/resource/vw6y-z8j6.json?service_request_id=101001962803
SF-101001969038,101001969038,CA,San Francisco,2025-05-23T11:57:18.000,2025-05-23,2025-05,incident_report,Closed,MTA - Autonomous Vehicles Complaints,37.7483342392,-122.4096465397,Peralta Heights,https://data.sf.gov/resource/vw6y-z8j6.json?service_request_id=101001969038
SF-101001971265,101001971265,CA,San Francisco,2025-05-23T17:31:41.000,2025-05-23,2025-05,incident_report,Closed,MTA - Autonomous Vehicles Complaints,37.79972152,-122.4095977,North Beach,https://data.sf.gov/resource/vw6y-z8j6.json?service_request_id=101001971265
SF-101001974672,101001974672,CA,San Francisco,2025-05-24T14:26:36.000,2025-05-24,2025-05,incident_report,Closed,MTA - Autonomous Vehicles Complaints,37.7887210259,-122.4020657735,South of Market,https://data.sf.gov/resource/vw6y-z8j6.json?service_request_id=101001974672
SF-101001976154,101001976154,CA,San Francisco,2025-05-24T21:35:03.000,2025-05-24,2025-05,incident_report,Closed,MTA - Autonomous Vehicles Complaints,37.7986968433,-122.4078695107,North Beach,https://data.sf.gov/resource/vw6y-z8j6.json?service_request_id=101001976154
SF-101001977791,101001977791,CA,San Francisco,2025-05-25T11:57:45.000,2025-05-25,2025-05,general_complaint,Closed,MTA - Autonomous Vehicles Complaints,,,,https://data.sf.gov/resource/vw6y-z8j6.json?service_request_id=101001977791
SF-101001978600,101001978600,CA,San Francisco,2025-05-25T15:09:13.000,2025-05-25,2025-05,general_complaint,Closed,MTA - Autonomous Vehicles Complaints,,,,https://data.sf.gov/resource/vw6y-z8j6.json?service_request_id=101001978600
SF-101001987154,101001987154,CA,San Francisco,2025-05-27T12:40:18.000,2025-05-27,2025-05,incident_report,Closed,MTA - Autonomous Vehicles Complaints,37.7996935557,-122.4225251477,Russian Hill,https://data.sf.gov/resource/vw6y-z8j6.json?service_request_id=101001987154
SF-101001987332,101001987332,CA,San Francisco,2025-05-27T13:05:15.000,2025-05-27,2025-05,incident_report,Closed,MTA - Autonomous Vehicles Complaints,37.7713833017,-122.4286140938,Lower Haight,https://data.sf.gov/resource/vw6y-z8j6.json?service_request_id=101001987332
SF-101001990096,101001990096,CA,San Francisco,2025-05-27T20:26:31.000,2025-05-27,2025-05,incident_report,Closed,MTA - Autonomous Vehicles Complaints,37.7876025,-122.45243279,Presidio Heights,https://data.sf.gov/resource/vw6y-z8j6.json?service_request_id=101001990096
SF-101001990246,101001990246,CA,San Francisco,2025-05-27T21:32:10.000,2025-05-27,2025-05,general_complaint,Closed,MTA - Autonomous Vehicles Complaints,,,,https://data.sf.gov/resource/vw6y-z8j6.json?service_request_id=101001990246
SF-101001995106,101001995106,CA,San Francisco,2025-05-28T15:43:37.000,2025-05-28,2025-05,incident_report,Closed,MTA - Autonomous Vehicles Complaints,37.79414863,-122.42222976,Polk Gulch,https://data.sf.gov/resource/vw6y-z8j6.json?service_request_id=101001995106
SF-101001998444,101001998444,CA,San Francisco,2025-05-29T09:53:51.000,2025-05-29,2025-05,incident_report,Closed,MTA - Autonomous Vehicles Complaints,37.78795845,-122.3935715,Rincon Hill,https://data.sf.gov/resource/vw6y-z8j6.json?service_request_id=101001998444
SF-101002012201,101002012201,CA,San Francisco,2025-05-31T13:23:58.000,2025-05-31,2025-05,incident_report,Closed,MTA - Autonomous Vehicles Complaints,37.7591338604,-122.4107586867,Mission,https://data.sf.gov/resource/vw6y-z8j6.json?service_request_id=101002012201
SF-101002018931,101002018931,CA,San Francisco,2025-06-02T06:06:20.000,2025-06-02,2025-06,incident_report,Closed,MTA - Autonomous Vehicles Complaints,37.77545772,-122.44134122,Panhandle,https://data.sf.gov/resource/vw6y-z8j6.json?service_request_id=101002018931
SF-101002022481,101002022481,CA,San Francisco,2025-06-02T13:15:40.000,2025-06-02,2025-06,other,Closed,MTA - Autonomous Vehicles Complaints,,,,https://data.sf.gov/resource/vw6y-z8j6.json?service_request_id=101002022481
SF-101002025127,101002025127,CA,San Francisco,2025-06-02T19:19:29.000,2025-06-02,2025-06,general_complaint,Closed,MTA - Autonomous Vehicles Complaints,,,,https://data.sf.gov/resource/vw6y-z8j6.json?service_request_id=101002025127
SF-101002037703,101002037703,CA,San Francisco,2025-06-04T18:48:44.000,2025-06-04,2025-06,incident_report,Closed,MTA - Autonomous Vehicles Complaints,37.77476223,-122.41897285,South of Market,https://data.sf.gov/resource/vw6y-z8j6.json?service_request_id=101002037703
SF-101002041112,101002041112,CA,San Francisco,2025-06-05T11:50:37.000,2025-06-05,2025-06,general_complaint,Closed,MTA - Autonomous Vehicles Complaints,,,,https://data.sf.gov/resource/vw6y-z8j6.json?service_request_id=101002041112
SF-101002043925,101002043925,CA,San Francisco,2025-06-05T19:14:20.000,2025-06-05,2025-06,incident_report,Closed,MTA - Autonomous Vehicles Complaints,37.7647051,-122.42357592,Mission Dolores,https://data.sf.gov/resource/vw6y-z8j6.json?service_request_id=101002043925
SF-101002054202,101002054202,CA,San Francisco,2025-06-07T19:48:02.000,2025-06-07,2025-06,incident_report,Closed,MTA - Autonomous Vehicles Complaints,37.769719381,-122.4695714079,Golden Gate Park,https://data.sf.gov/resource/vw6y-z8j6.json?service_request_id=101002054202
SF-101002054329,101002054329,CA,San Francisco,2025-06-07T20:43:22.000,2025-06-07,2025-06,general_complaint,Closed,MTA - Autonomous Vehicles Complaints,,,,https://data.sf.gov/resource/vw6y-z8j6.json?service_request_id=101002054329
SF-101002078837,101002078837,CA,San Francisco,2025-06-12T08:25:02.000,2025-06-12,2025-06,general_complaint,Closed,MTA - Autonomous Vehicles Complaints,,,,https://data.sf.gov/resource/vw6y-z8j6.json?service_request_id=101002078837
SF-101002083023,101002083023,CA,San Francisco,2025-06-12T18:25:36.000,2025-06-12,2025-06,incident_report,Closed,MTA - Autonomous Vehicles Complaints,37.7378549515,-122.4602817344,Sherwood Forest,https://data.sf.gov/resource/vw6y-z8j6.json?service_request_id=101002083023
SF-101002103771,101002103771,CA,San Francisco,2025-06-16T19:14:03.000,2025-06-16,2025-06,incident_report,Closed,MTA - Autonomous Vehicles Complaints,37.7858293152,-122.4014898387,South of Market,https://data.sf.gov/resource/vw6y-z8j6.json?service_request_id=101002103771
SF-101002104974,101002104974,CA,San Francisco,2025-06-17T08:00:51.000,2025-06-17,2025-06,incident_report,Closed,MTA - Autonomous Vehicles Complaints,37.7458256934,-122.450852896,Laguna Honda,https://data.sf.gov/resource/vw6y-z8j6.json?service_request_id=101002104974
SF-101002109835,101002109835,CA,San Francisco,2025-06-17T22:20:46.000,2025-06-17,2025-06,incident_report,Closed,MTA - Autonomous Vehicles Complaints,37.7906727961,-122.4122663231,Lower Nob Hill,https://data.sf.gov/resource/vw6y-z8j6.json?service_request_id=101002109835
SF-101002109953,101002109953,CA,San Francisco,2025-06-17T23:56:15.000,2025-06-17,2025-06,incident_report,Closed,MTA - Autonomous Vehicles Complaints,37.7707476135,-122.4248526496,Mint Hill,https://data.sf.gov/resource/vw6y-z8j6.json?service_request_id=101002109953
SF-101002115936,101002115936,CA,San Francisco,2025-06-19T06:49:28.000,2025-06-19,2025-06,general_complaint,Closed,MTA - Autonomous Vehicles Complaints,,,,https://data.sf.gov/resource/vw6y-z8j6.json?service_request_id=101002115936
SF-101002119816,101002119816,CA,San Francisco,2025-06-19T16:58:30.000,2025-06-19,2025-06,other,Closed,MTA - Autonomous Vehicles Complaints,,,,https://data.sf.gov/resource/vw6y-z8j6.json?service_request_id=101002119816
SF-101002124692,101002124692,CA,San Francisco,2025-06-20T14:38:19.000,2025-06-20,2025-06,general_complaint,Closed,MTA - Autonomous Vehicles Complaints,,,,https://data.sf.gov/resource/vw6y-z8j6.json?service_request_id=101002124692
SF-101002134217,101002134217,CA,San Francisco,2025-06-22T16:43:00.000,2025-06-22,2025-06,incident_report,Closed,MTA - Autonomous Vehicles Complaints,37.76551776,-122.39468375,Potrero Hill,https://data.sf.gov/resource/vw6y-z8j6.json?service_request_id=101002134217
SF-101002139320,101002139320,CA,San Francisco,2025-06-23T14:21:29.000,2025-06-23,2025-06,general_complaint,Closed,MTA - Autonomous Vehicles Complaints,,,,https://data.sf.gov/resource/vw6y-z8j6.json?service_request_id=101002139320
SF-101002139557,101002139557,CA,San Francisco,2025-06-23T14:53:13.000,2025-06-23,2025-06,incident_report,Closed,MTA - Autonomous Vehicles Complaints,37.7967769201,-122.400681497,North Beach,https://data.sf.gov/resource/vw6y-z8j6.json?service_request_id=101002139557
SF-101002140647,101002140647,CA,San Francisco,2025-06-23T17:24:57.000,2025-06-23,2025-06,incident_report,Closed,MTA - Autonomous Vehicles Complaints,37.7680227452,-122.413341071,Mission,https://data.sf.gov/resource/vw6y-z8j6.json?service_request_id=101002140647
SF-101002143521,101002143521,CA,San Francisco,2025-06-24T10:10:56.000,2025-06-24,2025-06,general_complaint,Closed,MTA - Autonomous Vehicles Complaints,,,,https://data.sf.gov/resource/vw6y-z8j6.json?service_request_id=101002143521
SF-101002148078,101002148078,CA,San Francisco,2025-06-24T20:46:59.000,2025-06-24,2025-06,incident_report,Closed,MTA - Autonomous Vehicles Complaints,37.7868658612,-122.4604041996,Presidio Terrace,https://data.sf.gov/resource/vw6y-z8j6.json?service_request_id=101002148078
SF-101002160956,101002160956,CA,San Francisco,2025-06-26T19:08:14.000,2025-06-26,2025-06,incident_report,Closed,MTA - Autonomous Vehicles Complaints,37.7586063929,-122.5047255286,Outer Sunset,https://data.sf.gov/resource/vw6y-z8j6.json?service_request_id=101002160956
SF-101002161532,101002161532,CA,San Francisco,2025-06-26T22:45:55.000,2025-06-26,2025-06,incident_report,Closed,MTA - Autonomous Vehicles Complaints,37.76048084,-122.41605284,Mission,https://data.sf.gov/resource/vw6y-z8j6.json?service_request_id=101002161532
SF-101002164767,101002164767,CA,San Francisco,2025-06-27T13:01:03.000,2025-06-27,2025-06,general_complaint,Closed,MTA - Autonomous Vehicles Complaints,,,,https://data.sf.gov/resource/vw6y-z8j6.json?service_request_id=101002164767
SF-101002166576,101002166576,CA,San Francisco,2025-06-27T17:25:53.000,2025-06-27,2025-06,incident_report,Closed,MTA - Autonomous Vehicles Complaints,37.78955744,-122.4172126,Lower Nob Hill,https://data.sf.gov/resource/vw6y-z8j6.json?service_request_id=101002166576
SF-101002168827,101002168827,CA,San Francisco,2025-06-28T10:05:20.000,2025-06-28,2025-06,other,Closed,MTA - Autonomous Vehicles Complaints,,,,https://data.sf.gov/resource/vw6y-z8j6.json?service_request_id=101002168827
SF-101002170619,101002170619,CA,San Francisco,2025-06-28T15:21:35.000,2025-06-28,2025-06,incident_report,Closed,MTA - Autonomous Vehicles Complaints,37.78953224,-122.41525394,Lower Nob Hill,https://data.sf.gov/resource/vw6y-z8j6.json?service_request_id=101002170619
SF-101002171822,101002171822,CA,San Francisco,2025-06-28T19:57:35.000,2025-06-28,2025-06,incident_report,Closed,MTA - Autonomous Vehicles Complaints,37.7644060634,-122.5008304421,Golden Gate Park,https://data.sf.gov/resource/vw6y-z8j6.json?service_request_id=101002171822
SF-101002181709,101002181709,CA,San Francisco,2025-06-30T16:07:21.000,2025-06-30,2025-06,incident_report,Closed,MTA - Autonomous Vehicles Complaints,37.7857438394,-122.4058310695,South of Market,https://data.sf.gov/resource/vw6y-z8j6.json?service_request_id=101002181709
SF-101002188419,101002188419,CA,San Francisco,2025-07-01T16:21:33.000,2025-07-01,2025-07,incident_report,Closed,MTA - Autonomous Vehicles Complaints,37.78971866,-122.42988022,Pacific Heights,https://data.sf.gov/resource/vw6y-z8j6.json?service_request_id=101002188419
SF-101002188809,101002188809,CA,San Francisco,2025-07-01T17:26:38.000,2025-07-01,2025-07,incident_report,Closed,MTA - Autonomous Vehicles Complaints,37.75764359,-122.39186206,Dogpatch,https://data.sf.gov/resource/vw6y-z8j6.json?service_request_id=101002188809
SF-101002193546,101002193546,CA,San Francisco,2025-07-02T14:37:41.000,2025-07-02,2025-07,incident_report,Closed,MTA - Autonomous Vehicles Complaints,37.78141434,-122.42032839,Civic Center,https://data.sf.gov/resource/vw6y-z8j6.json?service_request_id=101002193546
SF-101002205048,101002205048,CA,San Francisco,2025-07-05T00:08:22.000,2025-07-05,2025-07,incident_report,Closed,MTA - Autonomous Vehicles Complaints,37.7980745131,-122.412830474,Russian Hill,https://data.sf.gov/resource/vw6y-z8j6.json?service_request_id=101002205048
SF-101002206459,101002206459,CA,San Francisco,2025-07-05T11:30:16.000,2025-07-05,2025-07,general_complaint,Closed,MTA - Autonomous Vehicles Complaints,,,,https://data.sf.gov/resource/vw6y-z8j6.json?service_request_id=101002206459
SF-101002207713,101002207713,CA,San Francisco,2025-07-05T16:30:00.000,2025-07-05,2025-07,incident_report,Closed,MTA - Autonomous Vehicles Complaints,37.7084727128,-122.3642776699,,https://data.sf.gov/resource/vw6y-z8j6.json?service_request_id=101002207713
SF-101002212413,101002212413,CA,San Francisco,2025-07-06T22:32:39.000,2025-07-06,2025-07,general_complaint,Closed,MTA - Autonomous Vehicles Complaints,,,,https://data.sf.gov/resource/vw6y-z8j6.json?service_request_id=101002212413
SF-101002217227,101002217227,CA,San Francisco,2025-07-07T16:45:00.000,2025-07-07,2025-07,incident_report,Closed,MTA - Autonomous Vehicles Complaints,37.78359582,-122.43792905,Western Addition,https://data.sf.gov/resource/vw6y-z8j6.json?service_request_id=101002217227
SF-101002224189,101002224189,CA,San Francisco,2025-07-08T20:34:11.000,2025-07-08,2025-07,incident_report,Closed,MTA - Autonomous Vehicles Complaints,37.75140601,-122.43330672,Noe Valley,https://data.sf.gov/resource/vw6y-z8j6.json?service_request_id=101002224189
SF-101002228530,101002228530,CA,San Francisco,2025-07-09T15:44:42.000,2025-07-09,2025-07,incident_report,Closed,MTA - Autonomous Vehicles Complaints,37.7492955835,-122.4272000936,Noe Valley,https://data.sf.gov/resource/vw6y-z8j6.json?service_request_id=101002228530
SF-101002229677,101002229677,CA,San Francisco,2025-07-09T19:45:34.000,2025-07-09,2025-07,incident_report,Closed,MTA - Autonomous Vehicles Complaints,37.7881344815,-122.3903194556,Rincon Hill,https://data.sf.gov/resource/vw6y-z8j6.json?service_request_id=101002229677
SF-101002234857,101002234857,CA,San Francisco,2025-07-10T16:59:10.000,2025-07-10,2025-07,incident_report,Closed,MTA - Autonomous Vehicles Complaints,37.76432284,-122.43287609,Castro,https://data.sf.gov/resource/vw6y-z8j6.json?service_request_id=101002234857
SF-101002235532,101002235532,CA,San Francisco,2025-07-10T19:27:19.000,2025-07-10,2025-07,general_complaint,Closed,MTA - Autonomous Vehicles Complaints,,,,https://data.sf.gov/resource/vw6y-z8j6.json?service_request_id=101002235532
SF-101002235689,101002235689,CA,San Francisco,2025-07-10T20:00:24.000,2025-07-10,2025-07,other,Closed,MTA - Autonomous Vehicles Complaints,,,,https://data.sf.gov/resource/vw6y-z8j6.json?service_request_id=101002235689
SF-101002239158,101002239158,CA,San Francisco,2025-07-11T13:28:28.000,2025-07-11,2025-07,incident_report,Closed,MTA - Autonomous Vehicles Complaints,37.77038392,-122.43192538,Duboce Triangle,https://data.sf.gov/resource/vw6y-z8j6.json?service_request_id=101002239158
SF-101002242248,101002242248,CA,San Francisco,2025-07-12T08:01:46.000,2025-07-12,2025-07,incident_report,Closed,MTA - Autonomous Vehicles Complaints,37.77169909,-122.43265789,Lower Haight,https://data.sf.gov/resource/vw6y-z8j6.json?service_request_id=101002242248
SF-101002244237,101002244237,CA,San Francisco,2025-07-12T15:04:50.000,2025-07-12,2025-07,other,Closed,MTA - Autonomous Vehicles Complaints,,,,https://data.sf.gov/resource/vw6y-z8j6.json?service_request_id=101002244237
SF-101002256474,101002256474,CA,San Francisco,2025-07-15T07:19:49.000,2025-07-15,2025-07,incident_report,Closed,MTA - Autonomous Vehicles Complaints,37.78595574,-122.40156287,South of Market,https://data.sf.gov/resource/vw6y-z8j6.json?service_request_id=101002256474
SF-101002259234,101002259234,CA,San Francisco,2025-07-15T12:31:39.000,2025-07-15,2025-07,general_complaint,Closed,MTA - Autonomous Vehicles Complaints,,,,https://data.sf.gov/resource/vw6y-z8j6.json?service_request_id=101002259234
SF-101002263280,101002263280,CA,San Francisco,2025-07-16T08:34:20.000,2025-07-16,2025-07,incident_report,Closed,MTA - Autonomous Vehicles Complaints,37.79380335,-122.39756373,Financial District,https://data.sf.gov/resource/vw6y-z8j6.json?service_request_id=101002263280
SF-101002273363,101002273363,CA,San Francisco,2025-07-17T17:43:17.000,2025-07-17,2025-07,incident_report,Closed,MTA - Autonomous Vehicles Complaints,37.790045143,-122.4172047743,Lower Nob Hill,https://data.sf.gov/resource/vw6y-z8j6.json?service_request_id=101002273363
SF-101002298828,101002298828,CA,San Francisco,2025-07-22T13:25:05.000,2025-07-22,2025-07,incident_report,Closed,MTA - Autonomous Vehicles Complaints,37.769661267,-122.4427651556,Buena Vista,https://data.sf.gov/resource/vw6y-z8j6.json?service_request_id=101002298828
SF-101002307682,101002307682,CA,San Francisco,2025-07-23T17:42:21.000,2025-07-23,2025-07,incident_report,Closed,MTA - Autonomous Vehicles Complaints,37.74168808,-122.47535862,West Portal,https://data.sf.gov/resource/vw6y-z8j6.json?service_request_id=101002307682
SF-101002329250,101002329250,CA,San Francisco,2025-07-27T15:42:46.000,2025-07-27,2025-07,incident_report,Closed,MTA - Autonomous Vehicles Complaints,37.7182710082,-122.4831598413,Parkmerced,https://data.sf.gov/resource/vw6y-z8j6.json?service_request_id=101002329250
SF-101002330263,101002330263,CA,San Francisco,2025-07-27T19:43:58.000,2025-07-27,2025-07,incident_report,Closed,MTA - Autonomous Vehicles Complaints,37.801314,-122.42109401,Russian Hill,https://data.sf.gov/resource/vw6y-z8j6.json?service_request_id=101002330263
SF-101002330497,101002330497,CA,San Francisco,2025-07-27T20:49:38.000,2025-07-27,2025-07,general_complaint,Closed,MTA - Autonomous Vehicles Complaints,,,,https://data.sf.gov/resource/vw6y-z8j6.json?service_request_id=101002330497
SF-101002341049,101002341049,CA,San Francisco,2025-07-29T13:24:06.000,2025-07-29,2025-07,general_complaint,Closed,MTA - Autonomous Vehicles Complaints,,,,https://data.sf.gov/resource/vw6y-z8j6.json?service_request_id=101002341049
SF-101002343257,101002343257,CA,San Francisco,2025-07-29T18:42:49.000,2025-07-29,2025-07,incident_report,Closed,MTA - Autonomous Vehicles Complaints,37.773053376,-122.4186182828,South of Market,https://data.sf.gov/resource/vw6y-z8j6.json?service_request_id=101002343257
SF-101002345868,101002345868,CA,San Francisco,2025-07-30T10:17:37.000,2025-07-30,2025-07,general_complaint,Closed,MTA - Autonomous Vehicles Complaints,,,,https://data.sf.gov/resource/vw6y-z8j6.json?service_request_id=101002345868
SF-101002356382,101002356382,CA,San Francisco,2025-07-31T22:45:39.000,2025-07-31,2025-07,incident_report,Closed,MTA - Autonomous Vehicles Complaints,37.7774575216,-122.4131577588,South of Market,https://data.sf.gov/resource/vw6y-z8j6.json?service_request_id=101002356382
SF-101002368739,101002368739,CA,San Francisco,2025-08-03T12:37:01.000,2025-08-03,2025-08,incident_report,Closed,MTA - Autonomous Vehicles Complaints,37.78369243,-122.43940426,Lower Pacific Heights,https://data.sf.gov/resource/vw6y-z8j6.json?service_request_id=101002368739
SF-101002369573,101002369573,CA,San Francisco,2025-08-03T15:47:15.000,2025-08-03,2025-08,incident_report,Closed,MTA - Autonomous Vehicles Complaints,37.76369683,-122.415155221,Mission,https://data.sf.gov/resource/vw6y-z8j6.json?service_request_id=101002369573
SF-101002372679,101002372679,CA,San Francisco,2025-08-04T09:59:28.000,2025-08-04,2025-08,general_complaint,Closed,MTA - Autonomous Vehicles Complaints,,,,https://data.sf.gov/resource/vw6y-z8j6.json?service_request_id=101002372679
SF-101002380260,101002380260,CA,San Francisco,2025-08-05T12:12:54.000,2025-08-05,2025-08,incident_report,Closed,MTA - Autonomous Vehicles Complaints,37.7752057985,-122.4361289363,Alamo Square,https://data.sf.gov/resource/vw6y-z8j6.json?service_request_id=101002380260
SF-101002380771,101002380771,CA,San Francisco,2025-08-05T13:28:13.000,2025-08-05,2025-08,incident_report,Closed,MTA - Autonomous Vehicles Complaints,37.77468233,-122.41287153,South of Market,https://data.sf.gov/resource/vw6y-z8j6.json?service_request_id=101002380771
SF-101002389279,101002389279,CA,San Francisco,2025-08-06T23:03:50.000,2025-08-06,2025-08,incident_report,Closed,MTA - Autonomous Vehicles Complaints,37.7774575216,-122.4131577588,South of Market,https://data.sf.gov/resource/vw6y-z8j6.json?service_request_id=101002389279
SF-101002391571,101002391571,CA,San Francisco,2025-08-07T11:36:58.000,2025-08-07,2025-08,incident_report,Closed,MTA - Autonomous Vehicles Complaints,37.76883875,-122.41121388,Mission,https://data.sf.gov/resource/vw6y-z8j6.json?service_request_id=101002391571
SF-101002393061,101002393061,CA,San Francisco,2025-08-07T15:13:28.000,2025-08-07,2025-08,general_complaint,Closed,MTA - Autonomous Vehicles Complaints,,,,https://data.sf.gov/resource/vw6y-z8j6.json?service_request_id=101002393061
SF-101002396618,101002396618,CA,San Francisco,2025-08-08T09:25:25.000,2025-08-08,2025-08,incident_report,Closed,MTA - Autonomous Vehicles Complaints,37.7802390099,-122.4538766952,Lone Mountain,https://data.sf.gov/resource/vw6y-z8j6.json?service_request_id=101002396618
SF-101002399354,101002399354,CA,San Francisco,2025-08-08T14:57:07.000,2025-08-08,2025-08,incident_report,Closed,MTA - Autonomous Vehicles Complaints,37.7904630894,-122.4139158156,Nob Hill,https://data.sf.gov/resource/vw6y-z8j6.json?service_request_id=101002399354
SF-101002400115,101002400115,CA,San Francisco,2025-08-08T16:35:30.000,2025-08-08,2025-08,incident_report,Closed,MTA - Autonomous Vehicles Complaints,37.7367159887,-122.4518641434,Miraloma Park,https://data.sf.gov/resource/vw6y-z8j6.json?service_request_id=101002400115
SF-101002400603,101002400603,CA,San Francisco,2025-08-08T18:16:17.000,2025-08-08,2025-08,incident_report,Closed,MTA - Autonomous Vehicles Complaints,37.7466943944,-122.4182846114,Bernal Heights,https://data.sf.gov/resource/vw6y-z8j6.json?service_request_id=101002400603
SF-101002401630,101002401630,CA,San Francisco,2025-08-08T23:27:49.000,2025-08-08,2025-08,general_complaint,Closed,MTA - Autonomous Vehicles Complaints,,,,https://data.sf.gov/resource/vw6y-z8j6.json?service_request_id=101002401630
SF-101002402492,101002402492,CA,San Francisco,2025-08-09T08:50:42.000,2025-08-09,2025-08,incident_report,Closed,MTA - Autonomous Vehicles Complaints,37.7774575216,-122.4131577588,South of Market,https://data.sf.gov/resource/vw6y-z8j6.json?service_request_id=101002402492
SF-101002405387,101002405387,CA,San Francisco,2025-08-09T17:45:39.000,2025-08-09,2025-08,incident_report,Closed,MTA - Autonomous Vehicles Complaints,37.7577014617,-122.4211938358,Mission,https://data.sf.gov/resource/vw6y-z8j6.json?service_request_id=101002405387
SF-101002419630,101002419630,CA,San Francisco,2025-08-12T10:32:44.000,2025-08-12,2025-08,incident_report,Closed,MTA - Autonomous Vehicles Complaints,37.7084727128,-122.3642776699,,https://data.sf.gov/resource/vw6y-z8j6.json?service_request_id=101002419630
SF-101002423035,101002423035,CA,San Francisco,2025-08-12T19:15:46.000,2025-08-12,2025-08,incident_report,Closed,MTA - Autonomous Vehicles Complaints,37.78079901,-122.39313918,South Beach,https://data.sf.gov/resource/vw6y-z8j6.json?service_request_id=101002423035
SF-101002423420,101002423420,CA,San Francisco,2025-08-12T22:13:30.000,2025-08-12,2025-08,other,Closed,MTA - Autonomous Vehicles Complaints,,,,https://data.sf.gov/resource/vw6y-z8j6.json?service_request_id=101002423420
SF-101002425768,101002425768,CA,San Francisco,2025-08-13T10:55:16.000,2025-08-13,2025-08,incident_report,Closed,MTA - Autonomous Vehicles Complaints,37.78222645,-122.4105478,Tenderloin,https://data.sf.gov/resource/vw6y-z8j6.json?service_request_id=101002425768
SF-101002428513,101002428513,CA,San Francisco,2025-08-13T17:06:50.000,2025-08-13,2025-08,incident_report,Closed,MTA - Autonomous Vehicles Complaints,37.7822305956,-122.4102921359,Tenderloin,https://data.sf.gov/resource/vw6y-z8j6.json?service_request_id=101002428513
SF-101002429730,101002429730,CA,San Francisco,2025-08-13T22:55:29.000,2025-08-13,2025-08,incident_report,Closed,MTA - Autonomous Vehicles Complaints,37.7438322119,-122.5004642715,Outer Sunset,https://data.sf.gov/resource/vw6y-z8j6.json?service_request_id=101002429730
SF-101002433862,101002433862,CA,San Francisco,2025-08-14T15:16:59.000,2025-08-14,2025-08,general_complaint,Closed,MTA - Autonomous Vehicles Complaints,,,,https://data.sf.gov/resource/vw6y-z8j6.json?service_request_id=101002433862
SF-101002435915,101002435915,CA,San Francisco,2025-08-15T00:24:35.000,2025-08-15,2025-08,incident_report,Closed,MTA - Autonomous Vehicles Complaints,37.77421187,-122.4360114,Lower Haight,https://data.sf.gov/resource/vw6y-z8j6.json?service_request_id=101002435915
SF-101002454005,101002454005,CA,San Francisco,2025-08-18T13:01:14.000,2025-08-18,2025-08,incident_report,Closed,MTA - Autonomous Vehicles Complaints,37.7945267694,-122.4113641398,Nob Hill,https://data.sf.gov/resource/vw6y-z8j6.json?service_request_id=101002454005
SF-101002454027,101002454027,CA,San Francisco,2025-08-18T13:02:48.000,2025-08-18,2025-08,incident_report,Closed,MTA - Autonomous Vehicles Complaints,37.78208895,-122.41543288,Tenderloin,https://data.sf.gov/resource/vw6y-z8j6.json?service_request_id=101002454027
SF-101002459771,101002459771,CA,San Francisco,2025-08-19T12:10:04.000,2025-08-19,2025-08,general_complaint,Closed,MTA - Autonomous Vehicles Complaints,,,,https://data.sf.gov/resource/vw6y-z8j6.json?service_request_id=101002459771
SF-101002460102,101002460102,CA,San Francisco,2025-08-19T12:49:11.000,2025-08-19,2025-08,other,Closed,MTA - Autonomous Vehicles Complaints,,,,https://data.sf.gov/resource/vw6y-z8j6.json?service_request_id=101002460102
SF-101002462581,101002462581,CA,San Francisco,2025-08-19T19:18:20.000,2025-08-19,2025-08,incident_report,Closed,MTA - Autonomous Vehicles Complaints,37.76485478,-122.39083465,Mission Bay,https://data.sf.gov/resource/vw6y-z8j6.json?service_request_id=101002462581
SF-101002464355,101002464355,CA,San Francisco,2025-08-20T09:00:28.000,2025-08-20,2025-08,incident_report,Closed,MTA - Autonomous Vehicles Complaints,37.7587222788,-122.4460206794,Eureka Valley,https://data.sf.gov/resource/vw6y-z8j6.json?service_request_id=101002464355
SF-101002468513,101002468513,CA,San Francisco,2025-08-20T17:52:11.000,2025-08-20,2025-08,incident_report,Closed,MTA - Autonomous Vehicles Complaints,37.7840445067,-122.4037118442,South of Market,https://data.sf.gov/resource/vw6y-z8j6.json?service_request_id=101002468513
SF-101002471413,101002471413,CA,San Francisco,2025-08-21T10:08:23.000,2025-08-21,2025-08,incident_report,Closed,MTA - Autonomous Vehicles Complaints,37.7552485,-122.42415862,Dolores Heights,https://data.sf.gov/resource/vw6y-z8j6.json?service_request_id=101002471413
SF-101002480412,101002480412,CA,San Francisco,2025-08-22T15:32:23.000,2025-08-22,2025-08,general_complaint,Closed,MTA - Autonomous Vehicles Complaints,,,,https://data.sf.gov/resource/vw6y-z8j6.json?service_request_id=101002480412
SF-101002481936,101002481936,CA,San Francisco,2025-08-22T19:53:25.000,2025-08-22,2025-08,incident_report,Closed,MTA - Autonomous Vehicles Complaints,37.7725265077,-122.4100768153,South of Market,https://data.sf.gov/resource/vw6y-z8j6.json?service_request_id=101002481936
SF-101002490209,101002490209,CA,San Francisco,2025-08-24T16:20:19.000,2025-08-24,2025-08,other,Closed,MTA - Autonomous Vehicles Complaints,,,,https://data.sf.gov/resource/vw6y-z8j6.json?service_request_id=101002490209
SF-101002494866,101002494866,CA,San Francisco,2025-08-25T12:43:47.000,2025-08-25,2025-08,other,Closed,MTA - Autonomous Vehicles Complaints,,,,https://data.sf.gov/resource/vw6y-z8j6.json?service_request_id=101002494866
SF-101002500454,101002500454,CA,San Francisco,2025-08-26T10:12:22.000,2025-08-26,2025-08,incident_report,Closed,MTA - Autonomous Vehicles Complaints,37.7865585,-122.42138902,Lower Nob Hill,https://data.sf.gov/resource/vw6y-z8j6.json?service_request_id=101002500454
SF-101002501346,101002501346,CA,San Francisco,2025-08-26T11:49:12.000,2025-08-26,2025-08,general_complaint,Closed,MTA - Autonomous Vehicles Complaints,37.72995342,-122.47597876,Stonestown,https://data.sf.gov/resource/vw6y-z8j6.json?service_request_id=101002501346
SF-101002504332,101002504332,CA,San Francisco,2025-08-26T19:45:58.000,2025-08-26,2025-08,incident_report,Closed,MTA - Autonomous Vehicles Complaints,37.7626708068,-122.4351880595,Castro,https://data.sf.gov/resource/vw6y-z8j6.json?service_request_id=101002504332
SF-101002507315,101002507315,CA,San Francisco,2025-08-27T10:26:08.000,2025-08-27,2025-08,general_complaint,Closed,MTA - Autonomous Vehicles Complaints,,,,https://data.sf.gov/resource/vw6y-z8j6.json?service_request_id=101002507315
SF-101002516503,101002516503,CA,San Francisco,2025-08-28T16:04:23.000,2025-08-28,2025-08,general_complaint,Closed,MTA - Autonomous Vehicles Complaints,,,,https://data.sf.gov/resource/vw6y-z8j6.json?service_request_id=101002516503
SF-101002516932,101002516932,CA,San Francisco,2025-08-28T17:29:06.000,2025-08-28,2025-08,incident_report,Closed,MTA - Autonomous Vehicles Complaints,37.79834745,-122.39717617,Northern Waterfront,https://data.sf.gov/resource/vw6y-z8j6.json?service_request_id=101002516932
SF-101002524824,101002524824,CA,San Francisco,2025-08-30T08:31:10.000,2025-08-30,2025-08,incident_report,Closed,MTA - Autonomous Vehicles Complaints,37.78686745,-122.40505829,Downtown / Union Square,https://data.sf.gov/resource/vw6y-z8j6.json?service_request_id=101002524824
SF-101002528521,101002528521,CA,San Francisco,2025-08-30T21:00:31.000,2025-08-30,2025-08,incident_report,Closed,MTA - Autonomous Vehicles Complaints,37.76304783,-122.42216516,Mission Dolores,https://data.sf.gov/resource/vw6y-z8j6.json?service_request_id=101002528521
SF-101002529101,101002529101,CA,San Francisco,2025-08-31T07:10:51.000,2025-08-31,2025-08,general_complaint,Closed,MTA - Autonomous Vehicles Complaints,,,,https://data.sf.gov/resource/vw6y-z8j6.json?service_request_id=101002529101
SF-101002529541,101002529541,CA,San Francisco,2025-08-31T09:09:38.000,2025-08-31,2025-08,incident_report,Closed,MTA - Autonomous Vehicles Complaints,37.78283499,-122.44284509,Anza Vista,https://data.sf.gov/resource/vw6y-z8j6.json?service_request_id=101002529541
SF-101002534380,101002534380,CA,San Francisco,2025-09-01T12:11:46.000,2025-09-01,2025-09,incident_report,Closed,MTA - Autonomous Vehicles Complaints,37.7647227278,-122.4035270495,Potrero Hill,https://data.sf.gov/resource/vw6y-z8j6.json?service_request_id=101002534380
SF-101002541204,101002541204,CA,San Francisco,2025-09-02T14:06:26.000,2025-09-02,2025-09,other,Closed,MTA - Autonomous Vehicles Complaints,,,,https://data.sf.gov/resource/vw6y-z8j6.json?service_request_id=101002541204
SF-101002550344,101002550344,CA,San Francisco,2025-09-03T17:58:50.000,2025-09-03,2025-09,incident_report,Closed,MTA - Autonomous Vehicles Complaints,37.76478953,-122.40755089,Potrero Hill,https://data.sf.gov/resource/vw6y-z8j6.json?service_request_id=101002550344
SF-101002570119,101002570119,CA,San Francisco,2025-09-07T10:51:18.000,2025-09-07,2025-09,general_complaint,Closed,MTA - Autonomous Vehicles Complaints,,,,https://data.sf.gov/resource/vw6y-z8j6.json?service_request_id=101002570119
SF-101002571960,101002571960,CA,San Francisco,2025-09-07T16:52:47.000,2025-09-07,2025-09,incident_report,Closed,MTA - Autonomous Vehicles Complaints,37.76840668,-122.42799723,Duboce Triangle,https://data.sf.gov/resource/vw6y-z8j6.json?service_request_id=101002571960
SF-101002572602,101002572602,CA,San Francisco,2025-09-07T19:36:28.000,2025-09-07,2025-09,incident_report,Closed,MTA - Autonomous Vehicles Complaints,37.77166161,-122.45409782,Golden Gate Park,https://data.sf.gov/resource/vw6y-z8j6.json?service_request_id=101002572602
SF-101002584082,101002584082,CA,San Francisco,2025-09-09T15:00:49.000,2025-09-09,2025-09,incident_report,Closed,MTA - Autonomous Vehicles Complaints,37.78848245,-122.46388399,Presidio Terrace,https://data.sf.gov/resource/vw6y-z8j6.json?service_request_id=101002584082
SF-101002585291,101002585291,CA,San Francisco,2025-09-09T18:27:40.000,2025-09-09,2025-09,incident_report,Closed,MTA - Autonomous Vehicles Complaints,37.76907559,-122.41550914,Mission,https://data.sf.gov/resource/vw6y-z8j6.json?service_request_id=101002585291
SF-101002585676,101002585676,CA,San Francisco,2025-09-09T19:52:39.000,2025-09-09,2025-09,incident_report,Closed,MTA - Autonomous Vehicles Complaints,37.78977423,-122.39763332,Financial District,https://data.sf.gov/resource/vw6y-z8j6.json?service_request_id=101002585676
SF-101002586495,101002586495,CA,San Francisco,2025-09-10T06:52:03.000,2025-09-10,2025-09,incident_report,Closed,MTA - Autonomous Vehicles Complaints,37.75931981,-122.40030087,Potrero Hill,https://data.sf.gov/resource/vw6y-z8j6.json?service_request_id=101002586495
SF-101002589493,101002589493,CA,San Francisco,2025-09-10T12:20:43.000,2025-09-10,2025-09,incident_report,Closed,MTA - Autonomous Vehicles Complaints,37.78554711,-122.40573222,South of Market,https://data.sf.gov/resource/vw6y-z8j6.json?service_request_id=101002589493
SF-101002592843,101002592843,CA,San Francisco,2025-09-10T22:53:31.000,2025-09-10,2025-09,incident_report,Closed,MTA - Autonomous Vehicles Complaints,37.7960946369,-122.4201095341,Russian Hill,https://data.sf.gov/resource/vw6y-z8j6.json?service_request_id=101002592843
SF-101002596385,101002596385,CA,San Francisco,2025-09-11T12:32:55.000,2025-09-11,2025-09,other,Closed,MTA - Autonomous Vehicles Complaints,,,,https://data.sf.gov/resource/vw6y-z8j6.json?service_request_id=101002596385
SF-101002598085,101002598085,CA,San Francisco,2025-09-11T16:15:55.000,2025-09-11,2025-09,incident_report,Closed,MTA - Autonomous Vehicles Complaints,37.7643218132,-122.3888512165,Dogpatch,https://data.sf.gov/resource/vw6y-z8j6.json?service_request_id=101002598085
SF-101002600901,101002600901,CA,San Francisco,2025-09-12T09:15:24.000,2025-09-12,2025-09,incident_report,Closed,MTA - Autonomous Vehicles Complaints,37.78616314,-122.42836272,Japantown,https://data.sf.gov/resource/vw6y-z8j6.json?service_request_id=101002600901
SF-101002602184,101002602184,CA,San Francisco,2025-09-12T11:27:49.000,2025-09-12,2025-09,incident_report,Closed,MTA - Autonomous Vehicles Complaints,37.79169963,-122.39504708,Financial District,https://data.sf.gov/resource/vw6y-z8j6.json?service_request_id=101002602184
SF-101002604607,101002604607,CA,San Francisco,2025-09-12T16:51:05.000,2025-09-12,2025-09,incident_report,Closed,MTA - Autonomous Vehicles Complaints,37.7641962354,-122.44827411,Ashbury Heights,https://data.sf.gov/resource/vw6y-z8j6.json?service_request_id=101002604607
SF-101002604807,101002604807,CA,San Francisco,2025-09-12T17:30:03.000,2025-09-12,2025-09,incident_report,Closed,MTA - Autonomous Vehicles Complaints,37.7705150826,-122.4000229793,Mission Bay,https://data.sf.gov/resource/vw6y-z8j6.json?service_request_id=101002604807
SF-101002605405,101002605405,CA,San Francisco,2025-09-12T20:34:18.000,2025-09-12,2025-09,incident_report,Closed,MTA - Autonomous Vehicles Complaints,37.7696025205,-122.4263095772,Mission Dolores,https://data.sf.gov/resource/vw6y-z8j6.json?service_request_id=101002605405
SF-101002608445,101002608445,CA,San Francisco,2025-09-13T13:46:15.000,2025-09-13,2025-09,incident_report,Closed,MTA - Autonomous Vehicles Complaints,37.783259164,-122.4027080817,South of Market,https://data.sf.gov/resource/vw6y-z8j6.json?service_request_id=101002608445
SF-101002612246,101002612246,CA,San Francisco,2025-09-14T12:22:43.000,2025-09-14,2025-09,incident_report,Closed,MTA - Autonomous Vehicles Complaints,37.77084752,-122.41213058,South of Market,https://data.sf.gov/resource/vw6y-z8j6.json?service_request_id=101002612246
SF-101002612393,101002612393,CA,San Francisco,2025-09-14T12:59:30.000,2025-09-14,2025-09,other,Closed,MTA - Autonomous Vehicles Complaints,,,,https://data.sf.gov/resource/vw6y-z8j6.json?service_request_id=101002612393
SF-101002612953,101002612953,CA,San Francisco,2025-09-14T14:53:41.000,2025-09-14,2025-09,incident_report,Closed,MTA - Autonomous Vehicles Complaints,37.77323172,-122.41871529,South of Market,https://data.sf.gov/resource/vw6y-z8j6.json?service_request_id=101002612953
SF-101002613730,101002613730,CA,San Francisco,2025-09-14T17:50:22.000,2025-09-14,2025-09,incident_report,Closed,MTA - Autonomous Vehicles Complaints,37.7909686792,-122.4023805293,Financial District,https://data.sf.gov/resource/vw6y-z8j6.json?service_request_id=101002613730
SF-101002614593,101002614593,CA,San Francisco,2025-09-15T01:32:32.000,2025-09-15,2025-09,incident_report,Closed,MTA - Autonomous Vehicles Complaints,37.77819763,-122.41243978,South of Market,https://data.sf.gov/resource/vw6y-z8j6.json?service_request_id=101002614593
SF-101002622030,101002622030,CA,San Francisco,2025-09-16T08:00:44.000,2025-09-16,2025-09,incident_report,Closed,MTA - Autonomous Vehicles Complaints,37.77729465,-122.41209287,South of Market,https://data.sf.gov/resource/vw6y-z8j6.json?service_request_id=101002622030
SF-101002632409,101002632409,CA,San Francisco,2025-09-17T17:37:52.000,2025-09-17,2025-09,incident_report,Closed,MTA - Autonomous Vehicles Complaints,37.7934366423,-122.4415203922,Pacific Heights,https://data.sf.gov/resource/vw6y-z8j6.json?service_request_id=101002632409
SF-101002640411,101002640411,CA,San Francisco,2025-09-19T09:05:32.000,2025-09-19,2025-09,incident_report,Closed,MTA - Autonomous Vehicles Complaints,37.7720804314,-122.4457166168,Panhandle,https://data.sf.gov/resource/vw6y-z8j6.json?service_request_id=101002640411
SF-101002640709,101002640709,CA,San Francisco,2025-09-19T09:35:21.000,2025-09-19,2025-09,incident_report,Closed,MTA - Autonomous Vehicles Complaints,37.7712684721,-122.4795041144,Golden Gate Park,https://data.sf.gov/resource/vw6y-z8j6.json?service_request_id=101002640709
SF-101002643254,101002643254,CA,San Francisco,2025-09-19T14:51:10.000,2025-09-19,2025-09,incident_report,Closed,MTA - Autonomous Vehicles Complaints,37.78009203,-122.3909268,South Beach,https://data.sf.gov/resource/vw6y-z8j6.json?service_request_id=101002643254
SF-101002644559,101002644559,CA,San Francisco,2025-09-19T18:07:57.000,2025-09-19,2025-09,incident_report,Closed,MTA - Autonomous Vehicles Complaints,37.76060081,-122.46070737,Inner Sunset,https://data.sf.gov/resource/vw6y-z8j6.json?service_request_id=101002644559
SF-101002645149,101002645149,CA,San Francisco,2025-09-19T21:27:22.000,2025-09-19,2025-09,incident_report,Closed,MTA - Autonomous Vehicles Complaints,37.8041858075,-122.4545623038,Presidio National Park,https://data.sf.gov/resource/vw6y-z8j6.json?service_request_id=101002645149
SF-101002659653,101002659653,CA,San Francisco,2025-09-22T22:16:28.000,2025-09-22,2025-09,incident_report,Closed,MTA - Autonomous Vehicles Complaints,37.7826854159,-122.4224638347,Cathedral Hill,https://data.sf.gov/resource/vw6y-z8j6.json?service_request_id=101002659653
SF-101002660211,101002660211,CA,San Francisco,2025-09-23T07:21:56.000,2025-09-23,2025-09,other,Closed,MTA - Autonomous Vehicles Complaints,,,,https://data.sf.gov/resource/vw6y-z8j6.json?service_request_id=101002660211
SF-101002661956,101002661956,CA,San Francisco,2025-09-23T10:41:11.000,2025-09-23,2025-09,incident_report,Closed,MTA - Autonomous Vehicles Complaints,37.7419638819,-122.4100511593,Bernal Heights,https://data.sf.gov/resource/vw6y-z8j6.json?service_request_id=101002661956
SF-101002674024,101002674024,CA,San Francisco,2025-09-25T10:22:30.000,2025-09-25,2025-09,incident_report,Closed,MTA - Autonomous Vehicles Complaints,37.76430321,-122.43296727,Castro,https://data.sf.gov/resource/vw6y-z8j6.json?service_request_id=101002674024
SF-101002684826,101002684826,CA,San Francisco,2025-09-26T23:39:32.000,2025-09-26,2025-09,incident_report,Closed,MTA - Autonomous Vehicles Complaints,37.7527596739,-122.4364542253,Noe Valley,https://data.sf.gov/resource/vw6y-z8j6.json?service_request_id=101002684826
SF-101002686361,101002686361,CA,San Francisco,2025-09-27T11:03:15.000,2025-09-27,2025-09,incident_report,Closed,MTA - Autonomous Vehicles Complaints,37.7908269355,-122.3900123468,Rincon Hill,https://data.sf.gov/resource/vw6y-z8j6.json?service_request_id=101002686361
SF-101002687553,101002687553,CA,San Francisco,2025-09-27T14:51:05.000,2025-09-27,2025-09,incident_report,Closed,MTA - Autonomous Vehicles Complaints,37.78808988,-122.44229518,Pacific Heights,https://data.sf.gov/resource/vw6y-z8j6.json?service_request_id=101002687553
SF-101002691873,101002691873,CA,San Francisco,2025-09-28T15:04:28.000,2025-09-28,2025-09,incident_report,Closed,MTA - Autonomous Vehicles Complaints,37.7856857375,-122.4213934328,Cathedral Hill,https://data.sf.gov/resource/vw6y-z8j6.json?service_request_id=101002691873
SF-101002700495,101002700495,CA,San Francisco,2025-09-29T20:48:58.000,2025-09-29,2025-09,incident_report,Closed,MTA - Autonomous Vehicles Complaints,37.77339306,-122.42220219,Civic Center,https://data.sf.gov/resource/vw6y-z8j6.json?service_request_id=101002700495
SF-101002700858,101002700858,CA,San Francisco,2025-09-30T00:05:54.000,2025-09-30,2025-09,incident_report,Closed,MTA - Autonomous Vehicles Complaints,37.783259164,-122.4027080817,South of Market,https://data.sf.gov/resource/vw6y-z8j6.json?service_request_id=101002700858
SF-101002705609,101002705609,CA,San Francisco,2025-09-30T15:54:59.000,2025-09-30,2025-09,incident_report,Closed,MTA - Autonomous Vehicles Complaints,37.77470839,-122.42003561,Civic Center,https://data.sf.gov/resource/vw6y-z8j6.json?service_request_id=101002705609
SF-101002706878,101002706878,CA,San Francisco,2025-09-30T19:45:59.000,2025-09-30,2025-09,incident_report,Closed,MTA - Autonomous Vehicles Complaints,37.7666735119,-122.4198251558,Mission,https://data.sf.gov/resource/vw6y-z8j6.json?service_request_id=101002706878
SF-101002716619,101002716619,CA,San Francisco,2025-10-02T12:17:47.000,2025-10-02,2025-10,incident_report,Closed,MTA - Autonomous Vehicles Complaints,37.79101863,-122.44767909,Presidio Heights,https://data.sf.gov/resource/vw6y-z8j6.json?service_request_id=101002716619
SF-101002718725,101002718725,CA,San Francisco,2025-10-02T16:53:42.000,2025-10-02,2025-10,incident_report,Closed,MTA - Autonomous Vehicles Complaints,37.76167479,-122.42584472,Mission Dolores,https://data.sf.gov/resource/vw6y-z8j6.json?service_request_id=101002718725
SF-101002719665,101002719665,CA,San Francisco,2025-10-02T19:52:06.000,2025-10-02,2025-10,other,Closed,MTA - Autonomous Vehicles Complaints,,,,https://data.sf.gov/resource/vw6y-z8j6.json?service_request_id=101002719665
SF-101002731234,101002731234,CA,San Francisco,2025-10-04T19:35:15.000,2025-10-04,2025-10,incident_report,Closed,MTA - Autonomous Vehicles Complaints,37.75389935,-122.42090025,Mission,https://data.sf.gov/resource/vw6y-z8j6.json?service_request_id=101002731234
SF-101002734359,101002734359,CA,San Francisco,2025-10-05T14:09:25.000,2025-10-05,2025-10,incident_report,Closed,MTA - Autonomous Vehicles Complaints,37.7892957,-122.42349005,Pacific Heights,https://data.sf.gov/resource/vw6y-z8j6.json?service_request_id=101002734359
SF-101002737372,101002737372,CA,San Francisco,2025-10-06T08:21:00.000,2025-10-06,2025-10,incident_report,Closed,MTA - Autonomous Vehicles Complaints,37.77556605,-122.39705799,South of Market,https://data.sf.gov/resource/vw6y-z8j6.json?service_request_id=101002737372
SF-101002743472,101002743472,CA,San Francisco,2025-10-06T21:08:16.000,2025-10-06,2025-10,incident_report,Closed,MTA - Autonomous Vehicles Complaints,37.7609506164,-122.402203127,Potrero Hill,https://data.sf.gov/resource/vw6y-z8j6.json?service_request_id=101002743472
SF-101002749351,101002749351,CA,San Francisco,2025-10-07T16:47:32.000,2025-10-07,2025-10,incident_report,Closed,MTA - Autonomous Vehicles Complaints,37.764487844,-122.407419614,Mission,https://data.sf.gov/resource/vw6y-z8j6.json?service_request_id=101002749351
SF-101002749640,101002749640,CA,San Francisco,2025-10-07T17:37:10.000,2025-10-07,2025-10,incident_report,Closed,MTA - Autonomous Vehicles Complaints,37.7799794013,-122.3985993789,South of Market,https://data.sf.gov/resource/vw6y-z8j6.json?service_request_id=101002749640
SF-101002754918,101002754918,CA,San Francisco,2025-10-08T14:13:01.000,2025-10-08,2025-10,incident_report,Closed,MTA - Autonomous Vehicles Complaints,37.7811602347,-122.4610627692,Inner Richmond,https://data.sf.gov/resource/vw6y-z8j6.json?service_request_id=101002754918
SF-101002757279,101002757279,CA,San Francisco,2025-10-08T21:46:50.000,2025-10-08,2025-10,other,Closed,MTA - Autonomous Vehicles Complaints,,,,https://data.sf.gov/resource/vw6y-z8j6.json?service_request_id=101002757279
SF-101002763889,101002763889,CA,San Francisco,2025-10-09T23:20:32.000,2025-10-09,2025-10,incident_report,Closed,MTA - Autonomous Vehicles Complaints,37.7645912,-122.40753369,Potrero Hill,https://data.sf.gov/resource/vw6y-z8j6.json?service_request_id=101002763889
SF-101002770215,101002770215,CA,San Francisco,2025-10-10T21:06:53.000,2025-10-10,2025-10,incident_report,Closed,MTA - Autonomous Vehicles Complaints,37.7717365278,-122.4236733203,Mint Hill,https://data.sf.gov/resource/vw6y-z8j6.json?service_request_id=101002770215
SF-101002770555,101002770555,CA,San Francisco,2025-10-11T00:32:56.000,2025-10-11,2025-10,incident_report,Closed,MTA - Autonomous Vehicles Complaints,37.7725028018,-122.4226196988,Lower Haight,https://data.sf.gov/resource/vw6y-z8j6.json?service_request_id=101002770555
SF-101002770559,101002770559,CA,San Francisco,2025-10-11T00:35:45.000,2025-10-11,2025-10,incident_report,Closed,MTA - Autonomous Vehicles Complaints,37.7781256715,-122.3918404491,Mission Bay,https://data.sf.gov/resource/vw6y-z8j6.json?service_request_id=101002770559
SF-101002771551,101002771551,CA,San Francisco,2025-10-11T09:43:09.000,2025-10-11,2025-10,incident_report,Closed,MTA - Autonomous Vehicles Complaints,37.7712684721,-122.4795041144,Golden Gate Park,https://data.sf.gov/resource/vw6y-z8j6.json?service_request_id=101002771551
SF-101002776807,101002776807,CA,San Francisco,2025-10-12T11:03:37.000,2025-10-12,2025-10,other,Closed,MTA - Autonomous Vehicles Complaints,,,,https://data.sf.gov/resource/vw6y-z8j6.json?service_request_id=101002776807
SF-101002778048,101002778048,CA,San Francisco,2025-10-12T14:47:47.000,2025-10-12,2025-10,incident_report,Closed,MTA - Autonomous Vehicles Complaints,37.7996165642,-122.4157615156,Russian Hill,https://data.sf.gov/resource/vw6y-z8j6.json?service_request_id=101002778048
SF-101002778093,101002778093,CA,San Francisco,2025-10-12T14:56:48.000,2025-10-12,2025-10,incident_report,Closed,MTA - Autonomous Vehicles Complaints,37.7615116874,-122.4812783151,Outer Sunset,https://data.sf.gov/resource/vw6y-z8j6.json?service_request_id=101002778093
SF-101002783128,101002783128,CA,San Francisco,2025-10-13T13:48:36.000,2025-10-13,2025-10,incident_report,Closed,MTA - Autonomous Vehicles Complaints,37.77312412,-122.4059566,Showplace Square,https://data.sf.gov/resource/vw6y-z8j6.json?service_request_id=101002783128
SF-101002783703,101002783703,CA,San Francisco,2025-10-13T15:26:51.000,2025-10-13,2025-10,other,Closed,MTA - Autonomous Vehicles Complaints,,,,https://data.sf.gov/resource/vw6y-z8j6.json?service_request_id=101002783703
SF-101002784954,101002784954,CA,San Francisco,2025-10-13T19:57:21.000,2025-10-13,2025-10,other,Closed,MTA - Autonomous Vehicles Complaints,,,,https://data.sf.gov/resource/vw6y-z8j6.json?service_request_id=101002784954
SF-101002789866,101002789866,CA,San Francisco,2025-10-14T14:33:57.000,2025-10-14,2025-10,incident_report,Closed,MTA - Autonomous Vehicles Complaints,37.76407092,-122.43310088,Castro,https://data.sf.gov/resource/vw6y-z8j6.json?service_request_id=101002789866
SF-101002797647,101002797647,CA,San Francisco,2025-10-15T16:44:04.000,2025-10-15,2025-10,incident_report,Closed,MTA - Autonomous Vehicles Complaints,37.7828941047,-122.4208169324,Tenderloin,https://data.sf.gov/resource/vw6y-z8j6.json?service_request_id=101002797647
SF-101002799090,101002799090,CA,San Francisco,2025-10-15T21:45:51.000,2025-10-15,2025-10,incident_report,Closed,MTA - Autonomous Vehicles Complaints,37.7828941047,-122.4208169324,Tenderloin,https://data.sf.gov/resource/vw6y-z8j6.json?service_request_id=101002799090
SF-101002801935,101002801935,CA,San Francisco,2025-10-16T11:21:04.000,2025-10-16,2025-10,incident_report,Closed,MTA - Autonomous Vehicles Complaints,37.76824251,-122.43459493,Duboce Triangle,https://data.sf.gov/resource/vw6y-z8j6.json?service_request_id=101002801935
SF-101002802126,101002802126,CA,San Francisco,2025-10-16T11:44:22.000,2025-10-16,2025-10,incident_report,Closed,MTA - Autonomous Vehicles Complaints,37.7833709,-122.4599926,Inner Richmond,https://data.sf.gov/resource/vw6y-z8j6.json?service_request_id=101002802126
SF-101002805370,101002805370,CA,San Francisco,2025-10-16T18:01:51.000,2025-10-16,2025-10,incident_report,Closed,MTA - Autonomous Vehicles Complaints,37.7360610337,-122.4244660989,Holly Park,https://data.sf.gov/resource/vw6y-z8j6.json?service_request_id=101002805370
SF-101002808573,101002808573,CA,San Francisco,2025-10-17T10:47:04.000,2025-10-17,2025-10,incident_report,Closed,MTA - Autonomous Vehicles Complaints,37.75490074,-122.4155246,Mission,https://data.sf.gov/resource/vw6y-z8j6.json?service_request_id=101002808573
SF-101002809183,101002809183,CA,San Francisco,2025-10-17T11:50:09.000,2025-10-17,2025-10,incident_report,Closed,MTA - Autonomous Vehicles Complaints,37.7800746172,-122.4202470232,Civic Center,https://data.sf.gov/resource/vw6y-z8j6.json?service_request_id=101002809183
SF-101002812576,101002812576,CA,San Francisco,2025-10-17T20:36:07.000,2025-10-17,2025-10,incident_report,Closed,MTA - Autonomous Vehicles Complaints,37.7921793008,-122.4080886997,Nob Hill,https://data.sf.gov/resource/vw6y-z8j6.json?service_request_id=101002812576
SF-101002814860,101002814860,CA,San Francisco,2025-10-18T11:40:55.000,2025-10-18,2025-10,incident_report,Closed,MTA - Autonomous Vehicles Complaints,37.773053376,-122.4186182828,South of Market,https://data.sf.gov/resource/vw6y-z8j6.json?service_request_id=101002814860
SF-101002820750,101002820750,CA,San Francisco,2025-10-19T15:16:12.000,2025-10-19,2025-10,other,Closed,MTA - Autonomous Vehicles Complaints,,,,https://data.sf.gov/resource/vw6y-z8j6.json?service_request_id=101002820750
SF-101002820829,101002820829,CA,San Francisco,2025-10-19T15:32:06.000,2025-10-19,2025-10,incident_report,Closed,MTA - Autonomous Vehicles Complaints,37.7712684721,-122.4795041144,Golden Gate Park,https://data.sf.gov/resource/vw6y-z8j6.json?service_request_id=101002820829
SF-101002822534,101002822534,CA,San Francisco,2025-10-20T06:14:01.000,2025-10-20,2025-10,incident_report,Closed,MTA - Autonomous Vehicles Complaints,37.77594256,-122.49572071,Outer Richmond,https://data.sf.gov/resource/vw6y-z8j6.json?service_request_id=101002822534
SF-101002829074,101002829074,CA,San Francisco,2025-10-20T23:40:10.000,2025-10-20,2025-10,incident_report,Closed,MTA - Autonomous Vehicles Complaints,37.7681395856,-122.4221991373,Mission Dolores,https://data.sf.gov/resource/vw6y-z8j6.json?service_request_id=101002829074
SF-101002829079,101002829079,CA,San Francisco,2025-10-20T23:42:32.000,2025-10-20,2025-10,other,Closed,MTA - Autonomous Vehicles Complaints,,,,https://data.sf.gov/resource/vw6y-z8j6.json?service_request_id=101002829079
SF-101002832126,101002832126,CA,San Francisco,2025-10-21T11:54:11.000,2025-10-21,2025-10,incident_report,Closed,MTA - Autonomous Vehicles Complaints,37.7712964638,-122.4054247274,Showplace Square,https://data.sf.gov/resource/vw6y-z8j6.json?service_request_id=101002832126
SF-101002840178,101002840178,CA,San Francisco,2025-10-22T14:16:18.000,2025-10-22,2025-10,incident_report,Closed,MTA - Autonomous Vehicles Complaints,37.75152644,-122.43181528,Noe Valley,https://data.sf.gov/resource/vw6y-z8j6.json?service_request_id=101002840178
SF-101002849663,101002849663,CA,San Francisco,2025-10-24T06:09:33.000,2025-10-24,2025-10,incident_report,Closed,MTA - Autonomous Vehicles Complaints,37.78986095,-122.41746122,Lower Nob Hill,https://data.sf.gov/resource/vw6y-z8j6.json?service_request_id=101002849663
SF-101002853410,101002853410,CA,San Francisco,2025-10-24T13:26:23.000,2025-10-24,2025-10,other,Closed,MTA - Autonomous Vehicles Complaints,,,,https://data.sf.gov/resource/vw6y-z8j6.json?service_request_id=101002853410
SF-101002854675,101002854675,CA,San Francisco,2025-10-24T15:49:22.000,2025-10-24,2025-10,incident_report,Closed,MTA - Autonomous Vehicles Complaints,37.7968217169,-122.4792565764,Presidio National Park,https://data.sf.gov/resource/vw6y-z8j6.json?service_request_id=101002854675
SF-101002857975,101002857975,CA,San Francisco,2025-10-25T11:17:23.000,2025-10-25,2025-10,incident_report,Closed,MTA - Autonomous Vehicles Complaints,37.78060802,-122.48023772,Outer Richmond,https://data.sf.gov/resource/vw6y-z8j6.json?service_request_id=101002857975
SF-101002859920,101002859920,CA,San Francisco,2025-10-25T17:36:11.000,2025-10-25,2025-10,incident_report,Closed,MTA - Autonomous Vehicles Complaints,37.77648492,-122.39415195,Mission Bay,https://data.sf.gov/resource/vw6y-z8j6.json?service_request_id=101002859920
SF-101002863042,101002863042,CA,San Francisco,2025-10-26T12:43:23.000,2025-10-26,2025-10,incident_report,Closed,MTA - Autonomous Vehicles Complaints,37.7906727961,-122.4122663231,Lower Nob Hill,https://data.sf.gov/resource/vw6y-z8j6.json?service_request_id=101002863042
SF-101002864938,101002864938,CA,San Francisco,2025-10-26T20:15:45.000,2025-10-26,2025-10,incident_report,Closed,MTA - Autonomous Vehicles Complaints,37.75827927,-122.41045637,Mission,https://data.sf.gov/resource/vw6y-z8j6.json?service_request_id=101002864938
SF-101002869453,101002869453,CA,San Francisco,2025-10-27T13:58:43.000,2025-10-27,2025-10,other,Closed,MTA - Autonomous Vehicles Complaints,,,,https://data.sf.gov/resource/vw6y-z8j6.json?service_request_id=101002869453
SF-101002872511,101002872511,CA,San Francisco,2025-10-28T00:06:31.000,2025-10-28,2025-10,incident_report,Closed,MTA - Autonomous Vehicles Complaints,37.776368734,-122.419506127,Civic Center,https://data.sf.gov/resource/vw6y-z8j6.json?service_request_id=101002872511
SF-101002872513,101002872513,CA,San Francisco,2025-10-28T00:18:02.000,2025-10-28,2025-10,incident_report,Closed,MTA - Autonomous Vehicles Complaints,37.776368734,-122.419506127,Civic Center,https://data.sf.gov/resource/vw6y-z8j6.json?service_request_id=101002872513
SF-101002872531,101002872531,CA,San Francisco,2025-10-28T00:51:41.000,2025-10-28,2025-10,incident_report,Closed,MTA - Autonomous Vehicles Complaints,37.76473005,-122.42266186,Mission Dolores,https://data.sf.gov/resource/vw6y-z8j6.json?service_request_id=101002872531
SF-101002874201,101002874201,CA,San Francisco,2025-10-28T09:36:41.000,2025-10-28,2025-10,incident_report,Closed,MTA - Autonomous Vehicles Complaints,37.763462689,-122.4352585151,Duboce Triangle,https://data.sf.gov/resource/vw6y-z8j6.json?service_request_id=101002874201
SF-101002875052,101002875052,CA,San Francisco,2025-10-28T10:58:16.000,2025-10-28,2025-10,incident_report,Closed,MTA - Autonomous Vehicles Complaints,37.77735843,-122.45882744,Inner Richmond,https://data.sf.gov/resource/vw6y-z8j6.json?service_request_id=101002875052
SF-101002876608,101002876608,CA,San Francisco,2025-10-28T13:34:14.000,2025-10-28,2025-10,incident_report,Closed,MTA - Autonomous Vehicles Complaints,37.74922493,-122.38513873,Central Waterfront,https://data.sf.gov/resource/vw6y-z8j6.json?service_request_id=101002876608
SF-101002879030,101002879030,CA,San Francisco,2025-10-28T20:21:54.000,2025-10-28,2025-10,incident_report,Closed,MTA - Autonomous Vehicles Complaints,37.7552947784,-122.420964147,Mission,https://data.sf.gov/resource/vw6y-z8j6.json?service_request_id=101002879030
SF-101002880530,101002880530,CA,San Francisco,2025-10-29T08:52:12.000,2025-10-29,2025-10,incident_report,Closed,MTA - Autonomous Vehicles Complaints,37.75556954,-122.41746032,Mission,https://data.sf.gov/resource/vw6y-z8j6.json?service_request_id=101002880530
SF-101002882836,101002882836,CA,San Francisco,2025-10-29T12:51:15.000,2025-10-29,2025-10,incident_report,Closed,MTA - Autonomous Vehicles Complaints,37.75561171,-122.41869497,Mission,https://data.sf.gov/resource/vw6y-z8j6.json?service_request_id=101002882836
SF-101002885305,101002885305,CA,San Francisco,2025-10-29T17:28:59.000,2025-10-29,2025-10,incident_report,Closed,MTA - Autonomous Vehicles Complaints,37.78190436,-122.43237272,Western Addition,https://data.sf.gov/resource/vw6y-z8j6.json?service_request_id=101002885305
SF-101002886602,101002886602,CA,San Francisco,2025-10-30T03:42:04.000,2025-10-30,2025-10,other,Closed,MTA - Autonomous Vehicles Complaints,,,,https://data.sf.gov/resource/vw6y-z8j6.json?service_request_id=101002886602
SF-101002888466,101002888466,CA,San Francisco,2025-10-30T10:52:55.000,2025-10-30,2025-10,incident_report,Closed,MTA - Autonomous Vehicles Complaints,37.76474395,-122.42243175,Mission Dolores,https://data.sf.gov/resource/vw6y-z8j6.json?service_request_id=101002888466
SF-101002888542,101002888542,CA,San Francisco,2025-10-30T11:01:09.000,2025-10-30,2025-10,other,Closed,MTA - Autonomous Vehicles Complaints,,,,https://data.sf.gov/resource/vw6y-z8j6.json?service_request_id=101002888542
SF-101002890735,101002890735,CA,San Francisco,2025-10-30T15:41:07.000,2025-10-30,2025-10,incident_report,Closed,MTA - Autonomous Vehicles Complaints,37.76502169,-122.42221118,Mission Dolores,https://data.sf.gov/resource/vw6y-z8j6.json?service_request_id=101002890735
SF-101002891613,101002891613,CA,San Francisco,2025-10-30T18:03:38.000,2025-10-30,2025-10,other,Closed,MTA - Autonomous Vehicles Complaints,,,,https://data.sf.gov/resource/vw6y-z8j6.json?service_request_id=101002891613
SF-101002897366,101002897366,CA,San Francisco,2025-10-31T17:00:04.000,2025-10-31,2025-10,incident_report,Closed,MTA - Autonomous Vehicles Complaints,37.80651643,-122.41021394,Fisherman's Wharf,https://data.sf.gov/resource/vw6y-z8j6.json?service_request_id=101002897366
SF-101002898121,101002898121,CA,San Francisco,2025-10-31T19:51:39.000,2025-10-31,2025-10,incident_report,Closed,MTA - Autonomous Vehicles Complaints,37.78735123,-122.45909983,Presidio Heights,https://data.sf.gov/resource/vw6y-z8j6.json?service_request_id=101002898121
SF-101002898348,101002898348,CA,San Francisco,2025-10-31T20:57:34.000,2025-10-31,2025-10,incident_report,Closed,MTA - Autonomous Vehicles Complaints,37.75706722,-122.41895608,Mission,https://data.sf.gov/resource/vw6y-z8j6.json?service_request_id=101002898348
SF-101002898902,101002898902,CA,San Francisco,2025-11-01T00:06:15.000,2025-11-01,2025-11,incident_report,Closed,MTA - Autonomous Vehicles Complaints,37.7825849253,-122.4156938772,Tenderloin,https://data.sf.gov/resource/vw6y-z8j6.json?service_request_id=101002898902
SF-101002903490,101002903490,CA,San Francisco,2025-11-01T21:48:08.000,2025-11-01,2025-11,incident_report,Closed,MTA - Autonomous Vehicles Complaints,37.77499864,-122.41904644,South of Market,https://data.sf.gov/resource/vw6y-z8j6.json?service_request_id=101002903490
SF-101002903581,101002903581,CA,San Francisco,2025-11-01T22:33:30.000,2025-11-01,2025-11,incident_report,Closed,MTA - Autonomous Vehicles Complaints,37.77328323,-122.42218276,Civic Center,https://data.sf.gov/resource/vw6y-z8j6.json?service_request_id=101002903581
SF-101002903584,101002903584,CA,San Francisco,2025-11-01T22:33:54.000,2025-11-01,2025-11,incident_report,Closed,MTA - Autonomous Vehicles Complaints,37.7762213133,-122.4116059625,South of Market,https://data.sf.gov/resource/vw6y-z8j6.json?service_request_id=101002903584
SF-101002905975,101002905975,CA,San Francisco,2025-11-02T12:33:29.000,2025-11-02,2025-11,other,Closed,MTA - Autonomous Vehicles Complaints,,,,https://data.sf.gov/resource/vw6y-z8j6.json?service_request_id=101002905975
SF-101002907303,101002907303,CA,San Francisco,2025-11-02T16:46:56.000,2025-11-02,2025-11,other,Closed,MTA - Autonomous Vehicles Complaints,,,,https://data.sf.gov/resource/vw6y-z8j6.json?service_request_id=101002907303
SF-101002917704,101002917704,CA,San Francisco,2025-11-04T10:47:00.000,2025-11-04,2025-11,incident_report,Closed,MTA - Autonomous Vehicles Complaints,37.77302991,-122.44595851,Panhandle,https://data.sf.gov/resource/vw6y-z8j6.json?service_request_id=101002917704
SF-101002919430,101002919430,CA,San Francisco,2025-11-04T13:32:56.000,2025-11-04,2025-11,other,Closed,MTA - Autonomous Vehicles Complaints,,,,https://data.sf.gov/resource/vw6y-z8j6.json?service_request_id=101002919430
SF-101002928866,101002928866,CA,San Francisco,2025-11-05T22:25:15.000,2025-11-05,2025-11,incident_report,Closed,MTA - Autonomous Vehicles Complaints,37.7837848464,-122.3989302894,South of Market,https://data.sf.gov/resource/vw6y-z8j6.json?service_request_id=101002928866
SF-101002928867,101002928867,CA,San Francisco,2025-11-05T22:27:29.000,2025-11-05,2025-11,incident_report,Closed,MTA - Autonomous Vehicles Complaints,37.790460983,-122.3966898138,South of Market,https://data.sf.gov/resource/vw6y-z8j6.json?service_request_id=101002928867
SF-101002938630,101002938630,CA,San Francisco,2025-11-07T12:40:36.000,2025-11-07,2025-11,incident_report,Closed,MTA - Autonomous Vehicles Complaints,37.74129157,-122.46604159,West Portal,https://data.sf.gov/resource/vw6y-z8j6.json?service_request_id=101002938630
SF-101002941551,101002941551,CA,San Francisco,2025-11-07T20:28:42.000,2025-11-07,2025-11,incident_report,Closed,MTA - Autonomous Vehicles Complaints,37.76332936,-122.42285696,Mission Dolores,https://data.sf.gov/resource/vw6y-z8j6.json?service_request_id=101002941551
SF-101002941590,101002941590,CA,San Francisco,2025-11-07T20:44:28.000,2025-11-07,2025-11,incident_report,Closed,MTA - Autonomous Vehicles Complaints,37.77214308,-122.43727383,Buena Vista,https://data.sf.gov/resource/vw6y-z8j6.json?service_request_id=101002941590
SF-101002941912,101002941912,CA,San Francisco,2025-11-07T23:31:57.000,2025-11-07,2025-11,incident_report,Closed,MTA - Autonomous Vehicles Complaints,37.7780208712,-122.4215208022,Civic Center,https://data.sf.gov/resource/vw6y-z8j6.json?service_request_id=101002941912
SF-101002944005,101002944005,CA,San Francisco,2025-11-08T11:52:25.000,2025-11-08,2025-11,incident_report,Closed,MTA - Autonomous Vehicles Complaints,37.7852143608,-122.4213601239,Cathedral Hill,https://data.sf.gov/resource/vw6y-z8j6.json?service_request_id=101002944005
SF-101002944646,101002944646,CA,San Francisco,2025-11-08T13:23:44.000,2025-11-08,2025-11,other,Closed,MTA - Autonomous Vehicles Complaints,,,,https://data.sf.gov/resource/vw6y-z8j6.json?service_request_id=101002944646
SF-101002946517,101002946517,CA,San Francisco,2025-11-08T19:44:31.000,2025-11-08,2025-11,incident_report,Closed,MTA - Autonomous Vehicles Complaints,37.71188713,-122.46563561,Merced Heights,https://data.sf.gov/resource/vw6y-z8j6.json?service_request_id=101002946517
SF-101002946954,101002946954,CA,San Francisco,2025-11-08T23:16:15.000,2025-11-08,2025-11,incident_report,Closed,MTA - Autonomous Vehicles Complaints,37.78511214,-122.43109881,Japantown,https://data.sf.gov/resource/vw6y-z8j6.json?service_request_id=101002946954
SF-101002947690,101002947690,CA,San Francisco,2025-11-09T08:35:44.000,2025-11-09,2025-11,incident_report,Closed,MTA - Autonomous Vehicles Complaints,37.75870679,-122.42933886,Dolores Heights,https://data.sf.gov/resource/vw6y-z8j6.json?service_request_id=101002947690
SF-101002949120,101002949120,CA,San Francisco,2025-11-09T12:58:56.000,2025-11-09,2025-11,incident_report,Closed,MTA - Autonomous Vehicles Complaints,37.75258149,-122.41484911,Mission,https://data.sf.gov/resource/vw6y-z8j6.json?service_request_id=101002949120
SF-101002949184,101002949184,CA,San Francisco,2025-11-09T13:11:12.000,2025-11-09,2025-11,other,Closed,MTA - Autonomous Vehicles Complaints,,,,https://data.sf.gov/resource/vw6y-z8j6.json?service_request_id=101002949184
SF-101002949380,101002949380,CA,San Francisco,2025-11-09T13:43:40.000,2025-11-09,2025-11,incident_report,Closed,MTA - Autonomous Vehicles Complaints,37.77077396,-122.46855791,Golden Gate Park,https://data.sf.gov/resource/vw6y-z8j6.json?service_request_id=101002949380
SF-101002949939,101002949939,CA,San Francisco,2025-11-09T15:48:24.000,2025-11-09,2025-11,other,Closed,MTA - Autonomous Vehicles Complaints,,,,https://data.sf.gov/resource/vw6y-z8j6.json?service_request_id=101002949939
SF-101002953114,101002953114,CA,San Francisco,2025-11-10T09:17:34.000,2025-11-10,2025-11,incident_report,Closed,MTA - Autonomous Vehicles Complaints,37.78552991,-122.42117896,Tenderloin,https://data.sf.gov/resource/vw6y-z8j6.json?service_request_id=101002953114
SF-101002953512,101002953512,CA,San Francisco,2025-11-10T09:52:06.000,2025-11-10,2025-11,incident_report,Closed,MTA - Autonomous Vehicles Complaints,37.76494849,-122.42000825,Mission,https://data.sf.gov/resource/vw6y-z8j6.json?service_request_id=101002953512
SF-101002953716,101002953716,CA,San Francisco,2025-11-10T10:07:59.000,2025-11-10,2025-11,incident_report,Closed,MTA - Autonomous Vehicles Complaints,37.76535008,-122.41335251,Mission,https://data.sf.gov/resource/vw6y-z8j6.json?service_request_id=101002953716
SF-101002955677,101002955677,CA,San Francisco,2025-11-10T13:18:30.000,2025-11-10,2025-11,other,Closed,MTA - Autonomous Vehicles Complaints,,,,https://data.sf.gov/resource/vw6y-z8j6.json?service_request_id=101002955677
SF-101002958222,101002958222,CA,San Francisco,2025-11-10T20:12:08.000,2025-11-10,2025-11,incident_report,Closed,MTA - Autonomous Vehicles Complaints,37.7641956986,-122.4330745107,Castro,https://data.sf.gov/resource/vw6y-z8j6.json?service_request_id=101002958222
SF-101002966062,101002966062,CA,San Francisco,2025-11-12T09:11:04.000,2025-11-12,2025-11,incident_report,Closed,MTA - Autonomous Vehicles Complaints,37.73305692,-122.47017289,Balboa Terrace,https://data.sf.gov/resource/vw6y-z8j6.json?service_request_id=101002966062
SF-101002970738,101002970738,CA,San Francisco,2025-11-12T18:35:45.000,2025-11-12,2025-11,incident_report,Closed,MTA - Autonomous Vehicles Complaints,37.77502588,-122.4226692,Hayes Valley,https://data.sf.gov/resource/vw6y-z8j6.json?service_request_id=101002970738
SF-101002971564,101002971564,CA,San Francisco,2025-11-12T23:15:29.000,2025-11-12,2025-11,incident_report,Closed,MTA - Autonomous Vehicles Complaints,37.77439322,-122.44281255,Panhandle,https://data.sf.gov/resource/vw6y-z8j6.json?service_request_id=101002971564
SF-101002971778,101002971778,CA,San Francisco,2025-11-13T05:22:05.000,2025-11-13,2025-11,incident_report,Closed,MTA - Autonomous Vehicles Complaints,37.75044607,-122.4185519,Mission,https://data.sf.gov/resource/vw6y-z8j6.json?service_request_id=101002971778
SF-101002976950,101002976950,CA,San Francisco,2025-11-13T19:41:46.000,2025-11-13,2025-11,other,Closed,MTA - Autonomous Vehicles Complaints,,,,https://data.sf.gov/resource/vw6y-z8j6.json?service_request_id=101002976950
SF-101002977303,101002977303,CA,San Francisco,2025-11-13T22:30:23.000,2025-11-13,2025-11,incident_report,Closed,MTA - Autonomous Vehicles Complaints,37.75811382,-122.44633992,Clarendon Heights,https://data.sf.gov/resource/vw6y-z8j6.json?service_request_id=101002977303
SF-101002978282,101002978282,CA,San Francisco,2025-11-14T08:32:37.000,2025-11-14,2025-11,incident_report,Closed,MTA - Autonomous Vehicles Complaints,37.77452612,-122.42602273,Lower Haight,https://data.sf.gov/resource/vw6y-z8j6.json?service_request_id=101002978282
SF-101002982754,101002982754,CA,San Francisco,2025-11-14T16:51:50.000,2025-11-14,2025-11,incident_report,Closed,MTA - Autonomous Vehicles Complaints,37.7615656185,-122.4238005809,Mission Dolores,https://data.sf.gov/resource/vw6y-z8j6.json?service_request_id=101002982754
SF-101002983202,101002983202,CA,San Francisco,2025-11-14T18:46:17.000,2025-11-14,2025-11,other,Closed,MTA - Autonomous Vehicles Complaints,,,,https://data.sf.gov/resource/vw6y-z8j6.json?service_request_id=101002983202
SF-101002983747,101002983747,CA,San Francisco,2025-11-14T22:36:45.000,2025-11-14,2025-11,incident_report,Closed,MTA - Autonomous Vehicles Complaints,37.77812105,-122.42010999,Civic Center,https://data.sf.gov/resource/vw6y-z8j6.json?service_request_id=101002983747
SF-101002983946,101002983946,CA,San Francisco,2025-11-15T01:51:12.000,2025-11-15,2025-11,incident_report,Closed,MTA - Autonomous Vehicles Complaints,37.77810604,-122.42022208,Civic Center,https://data.sf.gov/resource/vw6y-z8j6.json?service_request_id=101002983946
SF-101002985973,101002985973,CA,San Francisco,2025-11-15T13:16:44.000,2025-11-15,2025-11,incident_report,Closed,MTA - Autonomous Vehicles Complaints,37.741198805,-122.4459643982,Miraloma Park,https://data.sf.gov/resource/vw6y-z8j6.json?service_request_id=101002985973
SF-101002991529,101002991529,CA,San Francisco,2025-11-16T17:36:59.000,2025-11-16,2025-11,incident_report,Closed,MTA - Autonomous Vehicles Complaints,37.7681567488,-122.5004598177,Golden Gate Park,https://data.sf.gov/resource/vw6y-z8j6.json?service_request_id=101002991529
SF-101002997752,101002997752,CA,San Francisco,2025-11-17T20:32:21.000,2025-11-17,2025-11,incident_report,Closed,MTA - Autonomous Vehicles Complaints,37.7654479914,-122.47730848,Inner Sunset,https://data.sf.gov/resource/vw6y-z8j6.json?service_request_id=101002997752
SF-101003000347,101003000347,CA,San Francisco,2025-11-18T11:32:34.000,2025-11-18,2025-11,incident_report,Closed,MTA - Autonomous Vehicles Complaints,37.77541874,-122.50073953,Outer Richmond,https://data.sf.gov/resource/vw6y-z8j6.json?service_request_id=101003000347
SF-101003002169,101003002169,CA,San Francisco,2025-11-18T15:42:12.000,2025-11-18,2025-11,incident_report,Closed,MTA - Autonomous Vehicles Complaints,37.77789117,-122.41275675,South of Market,https://data.sf.gov/resource/vw6y-z8j6.json?service_request_id=101003002169
SF-101003006798,101003006798,CA,San Francisco,2025-11-19T12:48:30.000,2025-11-19,2025-11,incident_report,Closed,MTA - Autonomous Vehicles Complaints,37.78573394,-122.42145307,Cathedral Hill,https://data.sf.gov/resource/vw6y-z8j6.json?service_request_id=101003006798
SF-101003007313,101003007313,CA,San Francisco,2025-11-19T13:45:01.000,2025-11-19,2025-11,incident_report,Closed,MTA - Autonomous Vehicles Complaints,37.7640908061,-122.4130027741,Mission,https://data.sf.gov/resource/vw6y-z8j6.json?service_request_id=101003007313
SF-101003013329,101003013329,CA,San Francisco,2025-11-20T14:11:25.000,2025-11-20,2025-11,incident_report,Closed,MTA - Autonomous Vehicles Complaints,37.7861719493,-122.4288289107,Japantown,https://data.sf.gov/resource/vw6y-z8j6.json?service_request_id=101003013329
SF-101003014697,101003014697,CA,San Francisco,2025-11-20T17:28:46.000,2025-11-20,2025-11,incident_report,Closed,MTA - Autonomous Vehicles Complaints,37.7881458,-122.40832148,Downtown / Union Square,https://data.sf.gov/resource/vw6y-z8j6.json?service_request_id=101003014697
SF-101003015814,101003015814,CA,San Francisco,2025-11-21T06:29:20.000,2025-11-21,2025-11,incident_report,Closed,MTA - Autonomous Vehicles Complaints,,,,https://data.sf.gov/resource/vw6y-z8j6.json?service_request_id=101003015814
SF-101003019169,101003019169,CA,San Francisco,2025-11-21T13:35:16.000,2025-11-21,2025-11,other,Closed,MTA - Autonomous Vehicles Complaints,,,,https://data.sf.gov/resource/vw6y-z8j6.json?service_request_id=101003019169
SF-101003020495,101003020495,CA,San Francisco,2025-11-21T16:22:13.000,2025-11-21,2025-11,incident_report,Closed,MTA - Autonomous Vehicles Complaints,37.745015861,-122.4088725133,Peralta Heights,https://data.sf.gov/resource/vw6y-z8j6.json?service_request_id=101003020495
SF-101003021400,101003021400,CA,San Francisco,2025-11-21T20:27:07.000,2025-11-21,2025-11,incident_report,Closed,MTA - Autonomous Vehicles Complaints,37.79314169,-122.39344147,Financial District,https://data.sf.gov/resource/vw6y-z8j6.json?service_request_id=101003021400
SF-101003021716,101003021716,CA,San Francisco,2025-11-21T23:08:14.000,2025-11-21,2025-11,incident_report,Closed,MTA - Autonomous Vehicles Complaints,37.7994897502,-122.4090142817,North Beach,https://data.sf.gov/resource/vw6y-z8j6.json?service_request_id=101003021716
SF-101003023126,101003023126,CA,San Francisco,2025-11-22T11:22:50.000,2025-11-22,2025-11,incident_report,Closed,MTA - Autonomous Vehicles Complaints,37.7931219909,-122.4480236733,Presidio National Park,https://data.sf.gov/resource/vw6y-z8j6.json?service_request_id=101003023126
SF-101003025739,101003025739,CA,San Francisco,2025-11-22T21:11:31.000,2025-11-22,2025-11,incident_report,Closed,MTA - Autonomous Vehicles Complaints,37.7707476135,-122.4248526496,Mint Hill,https://data.sf.gov/resource/vw6y-z8j6.json?service_request_id=101003025739
SF-101003025804,101003025804,CA,San Francisco,2025-11-22T21:46:32.000,2025-11-22,2025-11,incident_report,Closed,MTA - Autonomous Vehicles Complaints,37.75139269,-122.46713809,Golden Gate Heights,https://data.sf.gov/resource/vw6y-z8j6.json?service_request_id=101003025804
SF-101003034222,101003034222,CA,San Francisco,2025-11-24T14:00:25.000,2025-11-24,2025-11,incident_report,Closed,MTA - Autonomous Vehicles Complaints,37.73750058,-122.46792846,St. Francis Wood,https://data.sf.gov/resource/vw6y-z8j6.json?service_request_id=101003034222
SF-101003036541,101003036541,CA,San Francisco,2025-11-25T00:02:15.000,2025-11-25,2025-11,incident_report,Closed,MTA - Autonomous Vehicles Complaints,37.7931781573,-122.4077270231,Nob Hill,https://data.sf.gov/resource/vw6y-z8j6.json?service_request_id=101003036541
SF-101003038331,101003038331,CA,San Francisco,2025-11-25T10:21:29.000,2025-11-25,2025-11,other,Closed,MTA - Autonomous Vehicles Complaints,,,,https://data.sf.gov/resource/vw6y-z8j6.json?service_request_id=101003038331
SF-101003044289,101003044289,CA,San Francisco,2025-11-26T11:09:16.000,2025-11-26,2025-11,incident_report,Closed,MTA - Autonomous Vehicles Complaints,37.76698984,-122.41549997,Mission,https://data.sf.gov/resource/vw6y-z8j6.json?service_request_id=101003044289
SF-101003045218,101003045218,CA,San Francisco,2025-11-26T13:20:50.000,2025-11-26,2025-11,incident_report,Closed,MTA - Autonomous Vehicles Complaints,37.7766794,-122.42501351,Hayes Valley,https://data.sf.gov/resource/vw6y-z8j6.json?service_request_id=101003045218
SF-101003047541,101003047541,CA,San Francisco,2025-11-26T23:21:53.000,2025-11-26,2025-11,incident_report,Closed,MTA - Autonomous Vehicles Complaints,37.7632997146,-122.4217316926,Mission,https://data.sf.gov/resource/vw6y-z8j6.json?service_request_id=101003047541
SF-101003048532,101003048532,CA,San Francisco,2025-11-27T10:57:05.000,2025-11-27,2025-11,incident_report,Closed,MTA - Autonomous Vehicles Complaints,37.7338752069,-122.4358400449,Glen Park,https://data.sf.gov/resource/vw6y-z8j6.json?service_request_id=101003048532
SF-101003053880,101003053880,CA,San Francisco,2025-11-28T20:11:47.000,2025-11-28,2025-11,other,Closed,MTA - Autonomous Vehicles Complaints,,,,https://data.sf.gov/resource/vw6y-z8j6.json?service_request_id=101003053880
SF-101003054187,101003054187,CA,San Francisco,2025-11-28T22:49:21.000,2025-11-28,2025-11,incident_report,Closed,MTA - Autonomous Vehicles Complaints,37.79007418,-122.40979163,Nob Hill,https://data.sf.gov/resource/vw6y-z8j6.json?service_request_id=101003054187
SF-101003057385,101003057385,CA,San Francisco,2025-11-29T19:27:49.000,2025-11-29,2025-11,incident_report,Closed,MTA - Autonomous Vehicles Complaints,37.7642612875,-122.5040487209,Outer Sunset,https://data.sf.gov/resource/vw6y-z8j6.json?service_request_id=101003057385
SF-101003057611,101003057611,CA,San Francisco,2025-11-29T21:26:03.000,2025-11-29,2025-11,incident_report,Closed,MTA - Autonomous Vehicles Complaints,37.7215167753,-122.4401092798,Cayuga,https://data.sf.gov/resource/vw6y-z8j6.json?service_request_id=101003057611
SF-101003057709,101003057709,CA,San Francisco,2025-11-29T22:18:48.000,2025-11-29,2025-11,incident_report,Closed,MTA - Autonomous Vehicles Complaints,37.78286221,-122.42041428,Tenderloin,https://data.sf.gov/resource/vw6y-z8j6.json?service_request_id=101003057709
SF-101003061263,101003061263,CA,San Francisco,2025-11-30T20:24:51.000,2025-11-30,2025-11,incident_report,Closed,MTA - Autonomous Vehicles Complaints,37.7808016545,-122.4372601559,Western Addition,https://data.sf.gov/resource/vw6y-z8j6.json?service_request_id=101003061263
SF-101003062496,101003062496,CA,San Francisco,2025-12-01T08:43:43.000,2025-12-01,2025-12,incident_report,Closed,MTA - Autonomous Vehicles Complaints,37.75182241,-122.40026526,Potrero Hill,https://data.sf.gov/resource/vw6y-z8j6.json?service_request_id=101003062496
SF-101003072376,101003072376,CA,San Francisco,2025-12-02T14:21:07.000,2025-12-02,2025-12,incident_report,Closed,MTA - Autonomous Vehicles Complaints,37.771021944,-122.4788088,Golden Gate Park,https://data.sf.gov/resource/vw6y-z8j6.json?service_request_id=101003072376
SF-101003078161,101003078161,CA,San Francisco,2025-12-03T11:37:46.000,2025-12-03,2025-12,incident_report,Closed,MTA - Autonomous Vehicles Complaints,37.7729953932,-122.4459021957,Panhandle,https://data.sf.gov/resource/vw6y-z8j6.json?service_request_id=101003078161
SF-101003081373,101003081373,CA,San Francisco,2025-12-03T20:09:27.000,2025-12-03,2025-12,incident_report,Closed,MTA - Autonomous Vehicles Complaints,37.7833999581,-122.4242948961,Cathedral Hill,https://data.sf.gov/resource/vw6y-z8j6.json?service_request_id=101003081373
SF-101003087990,101003087990,CA,San Francisco,2025-12-05T00:28:57.000,2025-12-05,2025-12,other,Closed,MTA - Autonomous Vehicles Complaints,,,,https://data.sf.gov/resource/vw6y-z8j6.json?service_request_id=101003087990
SF-101003092744,101003092744,CA,San Francisco,2025-12-05T16:11:49.000,2025-12-05,2025-12,incident_report,Closed,MTA - Autonomous Vehicles Complaints,37.77624365,-122.40255243,South of Market,https://data.sf.gov/resource/vw6y-z8j6.json?service_request_id=101003092744
SF-101003094295,101003094295,CA,San Francisco,2025-12-06T02:32:20.000,2025-12-06,2025-12,incident_report,Closed,MTA - Autonomous Vehicles Complaints,37.75489043,-122.42439062,Dolores Heights,https://data.sf.gov/resource/vw6y-z8j6.json?service_request_id=101003094295
SF-101003096586,101003096586,CA,San Francisco,2025-12-06T13:01:03.000,2025-12-06,2025-12,incident_report,Closed,MTA - Autonomous Vehicles Complaints,37.7470718,-122.42007386,Bernal Heights,https://data.sf.gov/resource/vw6y-z8j6.json?service_request_id=101003096586
SF-101003098139,101003098139,CA,San Francisco,2025-12-06T18:17:26.000,2025-12-06,2025-12,other,Closed,MTA - Autonomous Vehicles Complaints,,,,https://data.sf.gov/resource/vw6y-z8j6.json?service_request_id=101003098139
SF-101003098607,101003098607,CA,San Francisco,2025-12-06T21:47:26.000,2025-12-06,2025-12,other,Closed,MTA - Autonomous Vehicles Complaints,,,,https://data.sf.gov/resource/vw6y-z8j6.json?service_request_id=101003098607
SF-101003099520,101003099520,CA,San Francisco,2025-12-07T09:05:33.000,2025-12-07,2025-12,incident_report,Closed,MTA - Autonomous Vehicles Complaints,37.78572325,-122.4056606,South of Market,https://data.sf.gov/resource/vw6y-z8j6.json?service_request_id=101003099520
SF-101003099553,101003099553,CA,San Francisco,2025-12-07T09:09:51.000,2025-12-07,2025-12,incident_report,Closed,MTA - Autonomous Vehicles Complaints,37.78781767,-122.40845425,Downtown / Union Square,https://data.sf.gov/resource/vw6y-z8j6.json?service_request_id=101003099553
SF-101003100892,101003100892,CA,San Francisco,2025-12-07T12:54:10.000,2025-12-07,2025-12,incident_report,Closed,MTA - Autonomous Vehicles Complaints,37.77730774,-122.42006767,Civic Center,https://data.sf.gov/resource/vw6y-z8j6.json?service_request_id=101003100892
SF-101003101886,101003101886,CA,San Francisco,2025-12-07T15:53:52.000,2025-12-07,2025-12,incident_report,Closed,MTA - Autonomous Vehicles Complaints,37.7861719493,-122.4288289107,Japantown,https://data.sf.gov/resource/vw6y-z8j6.json?service_request_id=101003101886
SF-101003102910,101003102910,CA,San Francisco,2025-12-07T20:35:15.000,2025-12-07,2025-12,other,Closed,MTA - Autonomous Vehicles Complaints,,,,https://data.sf.gov/resource/vw6y-z8j6.json?service_request_id=101003102910
SF-101003110719,101003110719,CA,San Francisco,2025-12-08T22:01:45.000,2025-12-08,2025-12,incident_report,Closed,MTA - Autonomous Vehicles Complaints,37.76318978,-122.42220669,Mission Dolores,https://data.sf.gov/resource/vw6y-z8j6.json?service_request_id=101003110719
SF-101003121809,101003121809,CA,San Francisco,2025-12-10T14:06:41.000,2025-12-10,2025-12,incident_report,Closed,MTA - Autonomous Vehicles Complaints,37.78278064,-122.42258744,Cathedral Hill,https://data.sf.gov/resource/vw6y-z8j6.json?service_request_id=101003121809
SF-101003121956,101003121956,CA,San Francisco,2025-12-10T14:20:42.000,2025-12-10,2025-12,incident_report,Closed,MTA - Autonomous Vehicles Complaints,37.74396784,-122.42453352,Noe Valley,https://data.sf.gov/resource/vw6y-z8j6.json?service_request_id=101003121956
SF-101003123453,101003123453,CA,San Francisco,2025-12-10T17:48:05.000,2025-12-10,2025-12,incident_report,Closed,MTA - Autonomous Vehicles Complaints,37.7801929741,-122.4270168823,Western Addition,https://data.sf.gov/resource/vw6y-z8j6.json?service_request_id=101003123453
SF-101003124165,101003124165,CA,San Francisco,2025-12-10T21:49:41.000,2025-12-10,2025-12,incident_report,Closed,MTA - Autonomous Vehicles Complaints,37.7876025,-122.45243279,Presidio Heights,https://data.sf.gov/resource/vw6y-z8j6.json?service_request_id=101003124165
SF-101003124284,101003124284,CA,San Francisco,2025-12-10T23:01:10.000,2025-12-10,2025-12,incident_report,Closed,MTA - Autonomous Vehicles Complaints,37.7641956986,-122.4330745107,Castro,https://data.sf.gov/resource/vw6y-z8j6.json?service_request_id=101003124284
SF-101003124316,101003124316,CA,San Francisco,2025-12-10T23:45:00.000,2025-12-10,2025-12,incident_report,Closed,MTA - Autonomous Vehicles Complaints,37.78880116,-122.41160749,Lower Nob Hill,https://data.sf.gov/resource/vw6y-z8j6.json?service_request_id=101003124316
SF-101003124328,101003124328,CA,San Francisco,2025-12-10T23:58:59.000,2025-12-10,2025-12,incident_report,Closed,MTA - Autonomous Vehicles Complaints,37.7335503475,-122.434144399,Glen Park,https://data.sf.gov/resource/vw6y-z8j6.json?service_request_id=101003124328
SF-101003126680,101003126680,CA,San Francisco,2025-12-11T11:02:07.000,2025-12-11,2025-12,incident_report,Closed,MTA - Autonomous Vehicles Complaints,37.7513668169,-122.4061867299,Potrero Hill,https://data.sf.gov/resource/vw6y-z8j6.json?service_request_id=101003126680
SF-101003129587,101003129587,CA,San Francisco,2025-12-11T16:32:58.000,2025-12-11,2025-12,other,Closed,MTA - Autonomous Vehicles Complaints,,,,https://data.sf.gov/resource/vw6y-z8j6.json?service_request_id=101003129587
SF-101003131050,101003131050,CA,San Francisco,2025-12-12T00:48:49.000,2025-12-12,2025-12,incident_report,Closed,MTA - Autonomous Vehicles Complaints,37.791626937,-122.4124608516,Nob Hill,https://data.sf.gov/resource/vw6y-z8j6.json?service_request_id=101003131050
SF-101003135594,101003135594,CA,San Francisco,2025-12-12T15:46:31.000,2025-12-12,2025-12,incident_report,Closed,MTA - Autonomous Vehicles Complaints,37.7591338604,-122.4107586867,Mission,https://data.sf.gov/resource/vw6y-z8j6.json?service_request_id=101003135594
SF-101003137194,101003137194,CA,San Francisco,2025-12-12T23:07:16.000,2025-12-12,2025-12,incident_report,Closed,MTA - Autonomous Vehicles Complaints,37.7583644982,-122.4234886389,Dolores Heights,https://data.sf.gov/resource/vw6y-z8j6.json?service_request_id=101003137194
SF-101003137947,101003137947,CA,San Francisco,2025-12-13T09:17:50.000,2025-12-13,2025-12,incident_report,Closed,MTA - Autonomous Vehicles Complaints,37.7455710346,-122.4104984644,Bernal Heights,https://data.sf.gov/resource/vw6y-z8j6.json?service_request_id=101003137947
SF-101003139256,101003139256,CA,San Francisco,2025-12-13T12:37:16.000,2025-12-13,2025-12,incident_report,Closed,MTA - Autonomous Vehicles Complaints,37.79653202,-122.41009646,Russian Hill,https://data.sf.gov/resource/vw6y-z8j6.json?service_request_id=101003139256
SF-101003139864,101003139864,CA,San Francisco,2025-12-13T14:23:55.000,2025-12-13,2025-12,incident_report,Closed,MTA - Autonomous Vehicles Complaints,37.8041458812,-122.425109568,Marina,https://data.sf.gov/resource/vw6y-z8j6.json?service_request_id=101003139864
SF-101003141682,101003141682,CA,San Francisco,2025-12-13T22:49:49.000,2025-12-13,2025-12,other,Closed,MTA - Autonomous Vehicles Complaints,,,,https://data.sf.gov/resource/vw6y-z8j6.json?service_request_id=101003141682
SF-101003141890,101003141890,CA,San Francisco,2025-12-14T01:38:16.000,2025-12-14,2025-12,incident_report,Closed,MTA - Autonomous Vehicles Complaints,37.79738722,-122.43737778,Cow Hollow,https://data.sf.gov/resource/vw6y-z8j6.json?service_request_id=101003141890
SF-101003144194,101003144194,CA,San Francisco,2025-12-14T14:30:50.000,2025-12-14,2025-12,other,Closed,MTA - Autonomous Vehicles Complaints,,,,https://data.sf.gov/resource/vw6y-z8j6.json?service_request_id=101003144194
SF-101003150290,101003150290,CA,San Francisco,2025-12-15T14:39:14.000,2025-12-15,2025-12,incident_report,Closed,MTA - Autonomous Vehicles Complaints,37.77600156,-122.46517071,Inner Richmond,https://data.sf.gov/resource/vw6y-z8j6.json?service_request_id=101003150290
SF-101003150396,101003150396,CA,San Francisco,2025-12-15T14:51:34.000,2025-12-15,2025-12,incident_report,Closed,MTA - Autonomous Vehicles Complaints,37.7840463,-122.43447114,Western Addition,https://data.sf.gov/resource/vw6y-z8j6.json?service_request_id=101003150396
SF-101003152196,101003152196,CA,San Francisco,2025-12-15T20:08:22.000,2025-12-15,2025-12,incident_report,Closed,MTA - Autonomous Vehicles Complaints,37.77787026,-122.42324677,Hayes Valley,https://data.sf.gov/resource/vw6y-z8j6.json?service_request_id=101003152196
SF-101003158091,101003158091,CA,San Francisco,2025-12-16T18:26:25.000,2025-12-16,2025-12,other,Closed,MTA - Autonomous Vehicles Complaints,,,,https://data.sf.gov/resource/vw6y-z8j6.json?service_request_id=101003158091
SF-101003158533,101003158533,CA,San Francisco,2025-12-16T21:00:37.000,2025-12-16,2025-12,incident_report,Closed,MTA - Autonomous Vehicles Complaints,37.791626937,-122.4124608516,Nob Hill,https://data.sf.gov/resource/vw6y-z8j6.json?service_request_id=101003158533
SF-101003158723,101003158723,CA,San Francisco,2025-12-16T22:33:58.000,2025-12-16,2025-12,other,Closed,MTA - Autonomous Vehicles Complaints,,,,https://data.sf.gov/resource/vw6y-z8j6.json?service_request_id=101003158723
SF-101003161178,101003161178,CA,San Francisco,2025-12-17T12:10:22.000,2025-12-17,2025-12,incident_report,Closed,MTA - Autonomous Vehicles Complaints,37.77817004,-122.40948307,South of Market,https://data.sf.gov/resource/vw6y-z8j6.json?service_request_id=101003161178
SF-101003164477,101003164477,CA,San Francisco,2025-12-18T00:06:31.000,2025-12-18,2025-12,incident_report,Closed,MTA - Autonomous Vehicles Complaints,37.7764642613,-122.4262632875,Hayes Valley,https://data.sf.gov/resource/vw6y-z8j6.json?service_request_id=101003164477
SF-101003164479,101003164479,CA,San Francisco,2025-12-18T00:08:39.000,2025-12-18,2025-12,other,Closed,MTA - Autonomous Vehicles Complaints,,,,https://data.sf.gov/resource/vw6y-z8j6.json?service_request_id=101003164479
SF-101003166214,101003166214,CA,San Francisco,2025-12-18T10:14:16.000,2025-12-18,2025-12,incident_report,Closed,MTA - Autonomous Vehicles Complaints,37.75801805,-122.44625832,Clarendon Heights,https://data.sf.gov/resource/vw6y-z8j6.json?service_request_id=101003166214
SF-101003169858,101003169858,CA,San Francisco,2025-12-18T17:54:41.000,2025-12-18,2025-12,incident_report,Closed,MTA - Autonomous Vehicles Complaints,37.7800746172,-122.4202470232,Civic Center,https://data.sf.gov/resource/vw6y-z8j6.json?service_request_id=101003169858
SF-101003170236,101003170236,CA,San Francisco,2025-12-18T20:08:27.000,2025-12-18,2025-12,incident_report,Closed,MTA - Autonomous Vehicles Complaints,37.78781767,-122.40845425,Downtown / Union Square,https://data.sf.gov/resource/vw6y-z8j6.json?service_request_id=101003170236
SF-101003171385,101003171385,CA,San Francisco,2025-12-19T08:32:22.000,2025-12-19,2025-12,other,Closed,MTA - Autonomous Vehicles Complaints,,,,https://data.sf.gov/resource/vw6y-z8j6.json?service_request_id=101003171385
SF-101003176113,101003176113,CA,San Francisco,2025-12-19T22:01:50.000,2025-12-19,2025-12,incident_report,Closed,MTA - Autonomous Vehicles Complaints,37.7742944425,-122.4207599518,Civic Center,https://data.sf.gov/resource/vw6y-z8j6.json?service_request_id=101003176113
SF-101003177013,101003177013,CA,San Francisco,2025-12-20T09:13:24.000,2025-12-20,2025-12,incident_report,Closed,MTA - Autonomous Vehicles Complaints,37.73576428,-122.42472284,St. Mary's Park,https://data.sf.gov/resource/vw6y-z8j6.json?service_request_id=101003177013
SF-101003178020,101003178020,CA,San Francisco,2025-12-20T12:04:29.000,2025-12-20,2025-12,incident_report,Closed,MTA - Autonomous Vehicles Complaints,37.7871491136,-122.4098738618,Tenderloin,https://data.sf.gov/resource/vw6y-z8j6.json?service_request_id=101003178020
SF-101003178021,101003178021,CA,San Francisco,2025-12-20T12:04:38.000,2025-12-20,2025-12,incident_report,Closed,MTA - Autonomous Vehicles Complaints,37.7871491136,-122.4098738618,Tenderloin,https://data.sf.gov/resource/vw6y-z8j6.json?service_request_id=101003178021
SF-101003179733,101003179733,CA,San Francisco,2025-12-20T16:34:02.000,2025-12-20,2025-12,incident_report,Closed,MTA - Autonomous Vehicles Complaints,37.7817173006,-122.4531704308,Lone Mountain,https://data.sf.gov/resource/vw6y-z8j6.json?service_request_id=101003179733
SF-101003180034,101003180034,CA,San Francisco,2025-12-20T17:35:31.000,2025-12-20,2025-12,other,Closed,MTA - Autonomous Vehicles Complaints,,,,https://data.sf.gov/resource/vw6y-z8j6.json?service_request_id=101003180034
SF-101003180272,101003180272,CA,San Francisco,2025-12-20T18:20:52.000,2025-12-20,2025-12,incident_report,Closed,MTA - Autonomous Vehicles Complaints,37.77217562,-122.44584127,Panhandle,https://data.sf.gov/resource/vw6y-z8j6.json?service_request_id=101003180272
SF-101003180459,101003180459,CA,San Francisco,2025-12-20T18:58:51.000,2025-12-20,2025-12,incident_report,Closed,MTA - Autonomous Vehicles Complaints,37.7729129756,-122.4766943095,Golden Gate Park,https://data.sf.gov/resource/vw6y-z8j6.json?service_request_id=101003180459
SF-101003180688,101003180688,CA,San Francisco,2025-12-20T19:45:37.000,2025-12-20,2025-12,incident_report,Closed,MTA - Autonomous Vehicles Complaints,37.80561721,-122.42018735,Fisherman's Wharf,https://data.sf.gov/resource/vw6y-z8j6.json?service_request_id=101003180688
SF-101003180785,101003180785,CA,San Francisco,2025-12-20T20:06:18.000,2025-12-20,2025-12,other,Closed,MTA - Autonomous Vehicles Complaints,,,,https://data.sf.gov/resource/vw6y-z8j6.json?service_request_id=101003180785
SF-101003180876,101003180876,CA,San Francisco,2025-12-20T20:32:47.000,2025-12-20,2025-12,incident_report,Closed,MTA - Autonomous Vehicles Complaints,37.7467553726,-122.458728393,Laguna Honda,https://data.sf.gov/resource/vw6y-z8j6.json?service_request_id=101003180876
SF-101003181064,101003181064,CA,San Francisco,2025-12-20T21:40:06.000,2025-12-20,2025-12,incident_report,Closed,MTA - Autonomous Vehicles Complaints,37.7731334104,-122.4374228206,Buena Vista,https://data.sf.gov/resource/vw6y-z8j6.json?service_request_id=101003181064
SF-101003181078,101003181078,CA,San Francisco,2025-12-20T21:43:57.000,2025-12-20,2025-12,incident_report,Closed,MTA - Autonomous Vehicles Complaints,37.77402781,-122.43945375,Panhandle,https://data.sf.gov/resource/vw6y-z8j6.json?service_request_id=101003181078
SF-101003181113,101003181113,CA,San Francisco,2025-12-20T21:57:39.000,2025-12-20,2025-12,incident_report,Closed,MTA - Autonomous Vehicles Complaints,37.77296511,-122.44548994,Panhandle,https://data.sf.gov/resource/vw6y-z8j6.json?service_request_id=101003181113
SF-101003181137,101003181137,CA,San Francisco,2025-12-20T22:10:49.000,2025-12-20,2025-12,incident_report,Closed,MTA - Autonomous Vehicles Complaints,37.78292541,-122.43247294,Western Addition,https://data.sf.gov/resource/vw6y-z8j6.json?service_request_id=101003181137
SF-101003181248,101003181248,CA,San Francisco,2025-12-20T22:47:12.000,2025-12-20,2025-12,other,Closed,MTA - Autonomous Vehicles Complaints,,,,https://data.sf.gov/resource/vw6y-z8j6.json?service_request_id=101003181248
SF-101003181347,101003181347,CA,San Francisco,2025-12-20T23:20:30.000,2025-12-20,2025-12,incident_report,Closed,MTA - Autonomous Vehicles Complaints,37.7707476135,-122.4248526496,Mint Hill,https://data.sf.gov/resource/vw6y-z8j6.json?service_request_id=101003181347
SF-101003181493,101003181493,CA,San Francisco,2025-12-21T01:40:28.000,2025-12-21,2025-12,other,Closed,MTA - Autonomous Vehicles Complaints,,,,https://data.sf.gov/resource/vw6y-z8j6.json?service_request_id=101003181493
SF-101003182398,101003182398,CA,San Francisco,2025-12-21T10:15:29.000,2025-12-21,2025-12,incident_report,Closed,MTA - Autonomous Vehicles Complaints,37.774297,-122.42030171,South of Market,https://data.sf.gov/resource/vw6y-z8j6.json?service_request_id=101003182398
SF-101003182784,101003182784,CA,San Francisco,2025-12-21T11:32:44.000,2025-12-21,2025-12,other,Closed,MTA - Autonomous Vehicles Complaints,,,,https://data.sf.gov/resource/vw6y-z8j6.json?service_request_id=101003182784
SF-101003184027,101003184027,CA,San Francisco,2025-12-21T15:25:46.000,2025-12-21,2025-12,incident_report,Closed,MTA - Autonomous Vehicles Complaints,37.7813982047,-122.4092455857,South of Market,https://data.sf.gov/resource/vw6y-z8j6.json?service_request_id=101003184027
SF-101003184856,101003184856,CA,San Francisco,2025-12-21T19:21:51.000,2025-12-21,2025-12,other,Closed,MTA - Autonomous Vehicles Complaints,,,,https://data.sf.gov/resource/vw6y-z8j6.json?service_request_id=101003184856
SF-101003185083,101003185083,CA,San Francisco,2025-12-21T21:19:25.000,2025-12-21,2025-12,incident_report,Closed,MTA - Autonomous Vehicles Complaints,37.78050916,-122.4125746,Civic Center,https://data.sf.gov/resource/vw6y-z8j6.json?service_request_id=101003185083
SF-101003185188,101003185188,CA,San Francisco,2025-12-21T22:21:36.000,2025-12-21,2025-12,incident_report,Closed,MTA - Autonomous Vehicles Complaints,37.7833085274,-122.4394804191,Western Addition,https://data.sf.gov/resource/vw6y-z8j6.json?service_request_id=101003185188
SF-101003187137,101003187137,CA,San Francisco,2025-12-22T10:24:24.000,2025-12-22,2025-12,incident_report,Closed,MTA - Autonomous Vehicles Complaints,37.74705425,-122.45919049,Laguna Honda,https://data.sf.gov/resource/vw6y-z8j6.json?service_request_id=101003187137
SF-101003188064,101003188064,CA,San Francisco,2025-12-22T11:56:07.000,2025-12-22,2025-12,other,Closed,MTA - Autonomous Vehicles Complaints,,,,https://data.sf.gov/resource/vw6y-z8j6.json?service_request_id=101003188064
SF-101003190273,101003190273,CA,San Francisco,2025-12-22T15:36:40.000,2025-12-22,2025-12,incident_report,Closed,MTA - Autonomous Vehicles Complaints,37.7709643607,-122.4319041861,Duboce Triangle,https://data.sf.gov/resource/vw6y-z8j6.json?service_request_id=101003190273
SF-101003191960,101003191960,CA,San Francisco,2025-12-22T22:58:13.000,2025-12-22,2025-12,incident_report,Closed,MTA - Autonomous Vehicles Complaints,37.7729307401,-122.3897165777,Mission Bay,https://data.sf.gov/resource/vw6y-z8j6.json?service_request_id=101003191960
SF-101003195979,101003195979,CA,San Francisco,2025-12-23T14:29:40.000,2025-12-23,2025-12,incident_report,Closed,MTA - Autonomous Vehicles Complaints,37.75922177,-122.39146682,Dogpatch,https://data.sf.gov/resource/vw6y-z8j6.json?service_request_id=101003195979
SF-101003196948,101003196948,CA,San Francisco,2025-12-23T16:46:15.000,2025-12-23,2025-12,incident_report,Closed,MTA - Autonomous Vehicles Complaints,37.73775679,-122.46760492,St. Francis Wood,https://data.sf.gov/resource/vw6y-z8j6.json?service_request_id=101003196948
SF-101003197551,101003197551,CA,San Francisco,2025-12-23T20:02:02.000,2025-12-23,2025-12,incident_report,Closed,MTA - Autonomous Vehicles Complaints,37.71011589,-122.41244555,Visitacion Valley,https://data.sf.gov/resource/vw6y-z8j6.json?service_request_id=101003197551
SF-101003197980,101003197980,CA,San Francisco,2025-12-24T02:29:40.000,2025-12-24,2025-12,incident_report,Closed,MTA - Autonomous Vehicles Complaints,37.77342331,-122.41782658,South of Market,https://data.sf.gov/resource/vw6y-z8j6.json?service_request_id=101003197980
SF-101003202530,101003202530,CA,San Francisco,2025-12-24T22:31:36.000,2025-12-24,2025-12,incident_report,Closed,MTA - Autonomous Vehicles Complaints,37.7339492608,-122.4175710047,Holly Park,https://data.sf.gov/resource/vw6y-z8j6.json?service_request_id=101003202530
SF-101003202531,101003202531,CA,San Francisco,2025-12-24T22:34:15.000,2025-12-24,2025-12,incident_report,Closed,MTA - Autonomous Vehicles Complaints,37.7882797481,-122.423594096,Cathedral Hill,https://data.sf.gov/resource/vw6y-z8j6.json?service_request_id=101003202531
SF-101003202532,101003202532,CA,San Francisco,2025-12-24T22:37:18.000,2025-12-24,2025-12,incident_report,Closed,MTA - Autonomous Vehicles Complaints,37.7841253102,-122.4796509166,Outer Richmond,https://data.sf.gov/resource/vw6y-z8j6.json?service_request_id=101003202532
SF-101003204789,101003204789,CA,San Francisco,2025-12-25T14:51:29.000,2025-12-25,2025-12,incident_report,Closed,MTA - Autonomous Vehicles Complaints,37.76110975,-122.43517974,Castro,https://data.sf.gov/resource/vw6y-z8j6.json?service_request_id=101003204789
SF-101003204860,101003204860,CA,San Francisco,2025-12-25T15:08:47.000,2025-12-25,2025-12,incident_report,Closed,MTA - Autonomous Vehicles Complaints,37.78663775,-122.4079286,Downtown / Union Square,https://data.sf.gov/resource/vw6y-z8j6.json?service_request_id=101003204860
SF-101003209082,101003209082,CA,San Francisco,2025-12-26T14:17:59.000,2025-12-26,2025-12,incident_report,Closed,MTA - Autonomous Vehicles Complaints,37.8008582263,-122.4545266325,Presidio National Park,https://data.sf.gov/resource/vw6y-z8j6.json?service_request_id=101003209082
SF-101003210429,101003210429,CA,San Francisco,2025-12-26T17:34:59.000,2025-12-26,2025-12,incident_report,Closed,MTA - Autonomous Vehicles Complaints,37.7835077856,-122.4309893454,Japantown,https://data.sf.gov/resource/vw6y-z8j6.json?service_request_id=101003210429
SF-101003211080,101003211080,CA,San Francisco,2025-12-26T21:43:59.000,2025-12-26,2025-12,incident_report,Closed,MTA - Autonomous Vehicles Complaints,37.79608199,-122.44530365,Cow Hollow,https://data.sf.gov/resource/vw6y-z8j6.json?service_request_id=101003211080
SF-101003211126,101003211126,CA,San Francisco,2025-12-26T22:06:22.000,2025-12-26,2025-12,incident_report,Closed,MTA - Autonomous Vehicles Complaints,37.79232791,-122.41577211,Nob Hill,https://data.sf.gov/resource/vw6y-z8j6.json?service_request_id=101003211126
SF-101003211235,101003211235,CA,San Francisco,2025-12-26T22:57:12.000,2025-12-26,2025-12,incident_report,Closed,MTA - Autonomous Vehicles Complaints,37.7682735201,-122.4199813937,Mission,https://data.sf.gov/resource/vw6y-z8j6.json?service_request_id=101003211235
SF-101003213850,101003213850,CA,San Francisco,2025-12-27T15:15:30.000,2025-12-27,2025-12,other,Closed,MTA - Autonomous Vehicles Complaints,,,,https://data.sf.gov/resource/vw6y-z8j6.json?service_request_id=101003213850
SF-101003214423,101003214423,CA,San Francisco,2025-12-27T17:03:36.000,2025-12-27,2025-12,other,Closed,MTA - Autonomous Vehicles Complaints,,,,https://data.sf.gov/resource/vw6y-z8j6.json?service_request_id=101003214423
SF-101003214441,101003214441,CA,San Francisco,2025-12-27T17:06:58.000,2025-12-27,2025-12,incident_report,Closed,MTA - Autonomous Vehicles Complaints,37.7882931423,-122.408401431,Downtown / Union Square,https://data.sf.gov/resource/vw6y-z8j6.json?service_request_id=101003214441
SF-101003214905,101003214905,CA,San Francisco,2025-12-27T19:44:32.000,2025-12-27,2025-12,incident_report,Closed,MTA - Autonomous Vehicles Complaints,37.7939871323,-122.4013145119,Financial District,https://data.sf.gov/resource/vw6y-z8j6.json?service_request_id=101003214905
SF-101003216958,101003216958,CA,San Francisco,2025-12-28T13:07:19.000,2025-12-28,2025-12,incident_report,Closed,MTA - Autonomous Vehicles Complaints,37.77812259,-122.4144412,South of Market,https://data.sf.gov/resource/vw6y-z8j6.json?service_request_id=101003216958
SF-101003217448,101003217448,CA,San Francisco,2025-12-28T14:39:50.000,2025-12-28,2025-12,incident_report,Closed,MTA - Autonomous Vehicles Complaints,37.7901594776,-122.4087861873,Downtown / Union Square,https://data.sf.gov/resource/vw6y-z8j6.json?service_request_id=101003217448
SF-101003222249,101003222249,CA,San Francisco,2025-12-29T13:35:45.000,2025-12-29,2025-12,incident_report,Closed,MTA - Autonomous Vehicles Complaints,37.8013705761,-122.4093690196,North Beach,https://data.sf.gov/resource/vw6y-z8j6.json?service_request_id=101003222249
SF-101003224075,101003224075,CA,San Francisco,2025-12-29T17:29:42.000,2025-12-29,2025-12,incident_report,Closed,MTA - Autonomous Vehicles Complaints,37.7537032122,-122.4208122852,Mission,https://data.sf.gov/resource/vw6y-z8j6.json?service_request_id=101003224075
SF-101003225130,101003225130,CA,San Francisco,2025-12-30T07:20:19.000,2025-12-30,2025-12,incident_report,Closed,MTA - Autonomous Vehicles Complaints,37.7250945059,-122.437933635,Mission Terrace,https://data.sf.gov/resource/vw6y-z8j6.json?service_request_id=101003225130
SF-101003226240,101003226240,CA,San Francisco,2025-12-30T10:09:04.000,2025-12-30,2025-12,incident_report,Closed,MTA - Autonomous Vehicles Complaints,37.7231557,-122.42832048,Excelsior,https://data.sf.gov/resource/vw6y-z8j6.json?service_request_id=101003226240
SF-101003229196,101003229196,CA,San Francisco,2025-12-30T15:52:27.000,2025-12-30,2025-12,incident_report,Closed,MTA - Autonomous Vehicles Complaints,37.7608239469,-122.4361139472,Castro,https://data.sf.gov/resource/vw6y-z8j6.json?service_request_id=101003229196
SF-101003235917,101003235917,CA,San Francisco,2026-01-01T08:14:01.000,2026-01-01,2026-01,incident_report,Closed,MTA - Autonomous Vehicles Complaints,37.7857584577,-122.4433704108,Lower Pacific Heights,https://data.sf.gov/resource/vw6y-z8j6.json?service_request_id=101003235917
SF-101003237232,101003237232,CA,San Francisco,2026-01-01T14:49:12.000,2026-01-01,2026-01,incident_report,Closed,MTA - Autonomous Vehicles Complaints,37.7898509,-122.40410966,Downtown / Union Square,https://data.sf.gov/resource/vw6y-z8j6.json?service_request_id=101003237232
SF-101003238546,101003238546,CA,San Francisco,2026-01-01T23:07:21.000,2026-01-01,2026-01,incident_report,Closed,MTA - Autonomous Vehicles Complaints,37.78777265,-122.39478875,South of Market,https://data.sf.gov/resource/vw6y-z8j6.json?service_request_id=101003238546
SF-101003238553,101003238553,CA,San Francisco,2026-01-01T23:22:57.000,2026-01-01,2026-01,incident_report,Closed,MTA - Autonomous Vehicles Complaints,37.7800746172,-122.4202470232,Civic Center,https://data.sf.gov/resource/vw6y-z8j6.json?service_request_id=101003238553
SF-101003243771,101003243771,CA,San Francisco,2026-01-02T18:46:35.000,2026-01-02,2026-01,incident_report,Closed,MTA - Autonomous Vehicles Complaints,37.75962908,-122.42342771,Mission Dolores,https://data.sf.gov/resource/vw6y-z8j6.json?service_request_id=101003243771
SF-101003243791,101003243791,CA,San Francisco,2026-01-02T18:57:21.000,2026-01-02,2026-01,incident_report,Closed,MTA - Autonomous Vehicles Complaints,37.77239062,-122.42264639,South of Market,https://data.sf.gov/resource/vw6y-z8j6.json?service_request_id=101003243791
SF-101003247215,101003247215,CA,San Francisco,2026-01-03T15:30:18.000,2026-01-03,2026-01,incident_report,Closed,MTA - Autonomous Vehicles Complaints,37.76047186,-122.3896159,Dogpatch,https://data.sf.gov/resource/vw6y-z8j6.json?service_request_id=101003247215
SF-101003248720,101003248720,CA,San Francisco,2026-01-04T00:19:37.000,2026-01-04,2026-01,incident_report,Closed,MTA - Autonomous Vehicles Complaints,37.77768697,-122.46496059,Inner Richmond,https://data.sf.gov/resource/vw6y-z8j6.json?service_request_id=101003248720
SF-101003252541,101003252541,CA,San Francisco,2026-01-05T00:13:09.000,2026-01-05,2026-01,incident_report,Closed,MTA - Autonomous Vehicles Complaints,37.773053376,-122.4186182828,South of Market,https://data.sf.gov/resource/vw6y-z8j6.json?service_request_id=101003252541
SF-101003253470,101003253470,CA,San Francisco,2026-01-05T08:38:31.000,2026-01-05,2026-01,incident_report,Closed,MTA - Autonomous Vehicles Complaints,37.7882931423,-122.408401431,Downtown / Union Square,https://data.sf.gov/resource/vw6y-z8j6.json?service_request_id=101003253470
SF-101003253601,101003253601,CA,San Francisco,2026-01-05T08:53:54.000,2026-01-05,2026-01,incident_report,Closed,MTA - Autonomous Vehicles Complaints,37.77781604,-122.41260552,South of Market,https://data.sf.gov/resource/vw6y-z8j6.json?service_request_id=101003253601
SF-101003256090,101003256090,CA,San Francisco,2026-01-05T13:05:51.000,2026-01-05,2026-01,incident_report,Closed,MTA - Autonomous Vehicles Complaints,37.7626379155,-122.3955614436,Potrero Hill,https://data.sf.gov/resource/vw6y-z8j6.json?service_request_id=101003256090
SF-101003257449,101003257449,CA,San Francisco,2026-01-05T15:43:28.000,2026-01-05,2026-01,incident_report,Closed,MTA - Autonomous Vehicles Complaints,37.76680042,-122.43005679,Duboce Triangle,https://data.sf.gov/resource/vw6y-z8j6.json?service_request_id=101003257449
SF-101003258301,101003258301,CA,San Francisco,2026-01-05T18:30:32.000,2026-01-05,2026-01,incident_report,Closed,MTA - Autonomous Vehicles Complaints,37.7396684208,-122.4276522509,Fairmount,https://data.sf.gov/resource/vw6y-z8j6.json?service_request_id=101003258301
SF-101003258377,101003258377,CA,San Francisco,2026-01-05T19:01:01.000,2026-01-05,2026-01,other,Closed,MTA - Autonomous Vehicles Complaints,,,,https://data.sf.gov/resource/vw6y-z8j6.json?service_request_id=101003258377
SF-101003259532,101003259532,CA,San Francisco,2026-01-06T08:14:26.000,2026-01-06,2026-01,other,Closed,MTA - Autonomous Vehicles Complaints,,,,https://data.sf.gov/resource/vw6y-z8j6.json?service_request_id=101003259532
SF-101003260290,101003260290,CA,San Francisco,2026-01-06T09:24:23.000,2026-01-06,2026-01,incident_report,Closed,MTA - Autonomous Vehicles Complaints,37.74140663,-122.4194516,Bernal Heights,https://data.sf.gov/resource/vw6y-z8j6.json?service_request_id=101003260290
SF-101003268254,101003268254,CA,San Francisco,2026-01-07T10:40:10.000,2026-01-07,2026-01,incident_report,Closed,MTA - Autonomous Vehicles Complaints,37.76556802,-122.41961423,Mission,https://data.sf.gov/resource/vw6y-z8j6.json?service_request_id=101003268254
SF-101003269162,101003269162,CA,San Francisco,2026-01-07T12:12:34.000,2026-01-07,2026-01,incident_report,Closed,MTA - Autonomous Vehicles Complaints,37.78269218,-122.42097057,Cathedral Hill,https://data.sf.gov/resource/vw6y-z8j6.json?service_request_id=101003269162
SF-101003271310,101003271310,CA,San Francisco,2026-01-07T15:44:43.000,2026-01-07,2026-01,incident_report,Closed,MTA - Autonomous Vehicles Complaints,37.77372275,-122.39139925,Mission Bay,https://data.sf.gov/resource/vw6y-z8j6.json?service_request_id=101003271310
SF-101003273146,101003273146,CA,San Francisco,2026-01-08T00:16:05.000,2026-01-08,2026-01,incident_report,Closed,MTA - Autonomous Vehicles Complaints,37.75363457,-122.40132349,Potrero Hill,https://data.sf.gov/resource/vw6y-z8j6.json?service_request_id=101003273146
SF-101003278494,101003278494,CA,San Francisco,2026-01-08T16:22:13.000,2026-01-08,2026-01,incident_report,Closed,MTA - Autonomous Vehicles Complaints,37.7641932416,-122.412293309,Mission,https://data.sf.gov/resource/vw6y-z8j6.json?service_request_id=101003278494
SF-101003281143,101003281143,CA,San Francisco,2026-01-09T09:17:13.000,2026-01-09,2026-01,incident_report,Closed,MTA - Autonomous Vehicles Complaints,37.7961686,-122.39807841,Financial District,https://data.sf.gov/resource/vw6y-z8j6.json?service_request_id=101003281143
SF-101003281784,101003281784,CA,San Francisco,2026-01-09T10:17:49.000,2026-01-09,2026-01,other,Closed,MTA - Autonomous Vehicles Complaints,,,,https://data.sf.gov/resource/vw6y-z8j6.json?service_request_id=101003281784
SF-101003285401,101003285401,CA,San Francisco,2026-01-09T17:01:17.000,2026-01-09,2026-01,incident_report,Closed,MTA - Autonomous Vehicles Complaints,37.7539581,-122.42430124,Dolores Heights,https://data.sf.gov/resource/vw6y-z8j6.json?service_request_id=101003285401
SF-101003291597,101003291597,CA,San Francisco,2026-01-10T21:01:34.000,2026-01-10,2026-01,other,Closed,MTA - Autonomous Vehicles Complaints,,,,https://data.sf.gov/resource/vw6y-z8j6.json?service_request_id=101003291597
SF-101003291637,101003291637,CA,San Francisco,2026-01-10T21:13:49.000,2026-01-10,2026-01,incident_report,Closed,MTA - Autonomous Vehicles Complaints,37.7645074656,-122.4286649877,Mission Dolores,https://data.sf.gov/resource/vw6y-z8j6.json?service_request_id=101003291637
SF-101003292086,101003292086,CA,San Francisco,2026-01-11T03:42:03.000,2026-01-11,2026-01,incident_report,Closed,MTA - Autonomous Vehicles Complaints,37.7896954,-122.39545276,South of Market,https://data.sf.gov/resource/vw6y-z8j6.json?service_request_id=101003292086
SF-101003293345,101003293345,CA,San Francisco,2026-01-11T11:05:03.000,2026-01-11,2026-01,other,Closed,MTA - Autonomous Vehicles Complaints,,,,https://data.sf.gov/resource/vw6y-z8j6.json?service_request_id=101003293345
SF-101003297770,101003297770,CA,San Francisco,2026-01-12T09:16:49.000,2026-01-12,2026-01,incident_report,Closed,MTA - Autonomous Vehicles Complaints,37.8058248808,-122.4119499832,Fisherman's Wharf,https://data.sf.gov/resource/vw6y-z8j6.json?service_request_id=101003297770
SF-101003300474,101003300474,CA,San Francisco,2026-01-12T13:24:38.000,2026-01-12,2026-01,incident_report,Closed,MTA - Autonomous Vehicles Complaints,37.754570651,-122.4015893205,Potrero Hill,https://data.sf.gov/resource/vw6y-z8j6.json?service_request_id=101003300474
SF-101003302898,101003302898,CA,San Francisco,2026-01-12T17:46:54.000,2026-01-12,2026-01,incident_report,Closed,MTA - Autonomous Vehicles Complaints,37.77345933,-122.42217831,Lower Haight,https://data.sf.gov/resource/vw6y-z8j6.json?service_request_id=101003302898
SF-101003303610,101003303610,CA,San Francisco,2026-01-12T23:32:44.000,2026-01-12,2026-01,other,Closed,MTA - Autonomous Vehicles Complaints,,,,https://data.sf.gov/resource/vw6y-z8j6.json?service_request_id=101003303610
SF-101003306497,101003306497,CA,San Francisco,2026-01-13T11:58:57.000,2026-01-13,2026-01,incident_report,Closed,MTA - Autonomous Vehicles Complaints,37.72913931,-122.41943072,University Mound,https://data.sf.gov/resource/vw6y-z8j6.json?service_request_id=101003306497
SF-101003307132,101003307132,CA,San Francisco,2026-01-13T13:06:28.000,2026-01-13,2026-01,incident_report,Closed,MTA - Autonomous Vehicles Complaints,37.72913931,-122.41943072,University Mound,https://data.sf.gov/resource/vw6y-z8j6.json?service_request_id=101003307132
SF-101003307929,101003307929,CA,San Francisco,2026-01-13T14:31:32.000,2026-01-13,2026-01,incident_report,Closed,MTA - Autonomous Vehicles Complaints,37.79950412,-122.43954663,Marina,https://data.sf.gov/resource/vw6y-z8j6.json?service_request_id=101003307929
SF-101003315735,101003315735,CA,San Francisco,2026-01-14T15:46:04.000,2026-01-14,2026-01,incident_report,Closed,MTA - Autonomous Vehicles Complaints,37.7752478,-122.39745995,Mission Bay,https://data.sf.gov/resource/vw6y-z8j6.json?service_request_id=101003315735
SF-101003316731,101003316731,CA,San Francisco,2026-01-14T18:07:45.000,2026-01-14,2026-01,other,Closed,MTA - Autonomous Vehicles Complaints,,,,https://data.sf.gov/resource/vw6y-z8j6.json?service_request_id=101003316731
SF-101003317519,101003317519,CA,San Francisco,2026-01-14T23:54:16.000,2026-01-14,2026-01,incident_report,Closed,MTA - Autonomous Vehicles Complaints,37.7844786214,-122.4042667128,South of Market,https://data.sf.gov/resource/vw6y-z8j6.json?service_request_id=101003317519
SF-101003324093,101003324093,CA,San Francisco,2026-01-15T20:59:48.000,2026-01-15,2026-01,other,Closed,MTA - Autonomous Vehicles Complaints,,,,https://data.sf.gov/resource/vw6y-z8j6.json?service_request_id=101003324093
SF-101003324247,101003324247,CA,San Francisco,2026-01-15T22:01:18.000,2026-01-15,2026-01,incident_report,Closed,MTA - Autonomous Vehicles Complaints,37.7725028018,-122.4226196988,Lower Haight,https://data.sf.gov/resource/vw6y-z8j6.json?service_request_id=101003324247
SF-101003324450,101003324450,CA,San Francisco,2026-01-15T23:11:57.000,2026-01-15,2026-01,incident_report,Closed,MTA - Autonomous Vehicles Complaints,37.76605863,-122.44985142,Cole Valley,https://data.sf.gov/resource/vw6y-z8j6.json?service_request_id=101003324450
SF-101003324451,101003324451,CA,San Francisco,2026-01-15T23:17:06.000,2026-01-15,2026-01,incident_report,Closed,MTA - Autonomous Vehicles Complaints,37.7648589796,-122.4228533466,Mission Dolores,https://data.sf.gov/resource/vw6y-z8j6.json?service_request_id=101003324451
SF-101003325660,101003325660,CA,San Francisco,2026-01-16T09:20:11.000,2026-01-16,2026-01,incident_report,Closed,MTA - Autonomous Vehicles Complaints,37.77273887,-122.44096794,Panhandle,https://data.sf.gov/resource/vw6y-z8j6.json?service_request_id=101003325660
SF-101003330786,101003330786,CA,San Francisco,2026-01-16T22:40:41.000,2026-01-16,2026-01,incident_report,Closed,MTA - Autonomous Vehicles Complaints,37.7850744633,-122.4111398935,Tenderloin,https://data.sf.gov/resource/vw6y-z8j6.json?service_request_id=101003330786
SF-101003330794,101003330794,CA,San Francisco,2026-01-16T22:45:15.000,2026-01-16,2026-01,incident_report,Closed,MTA - Autonomous Vehicles Complaints,37.7897400155,-122.412075811,Lower Nob Hill,https://data.sf.gov/resource/vw6y-z8j6.json?service_request_id=101003330794
SF-101003333691,101003333691,CA,San Francisco,2026-01-17T15:28:50.000,2026-01-17,2026-01,other,Closed,MTA - Autonomous Vehicles Complaints,,,,https://data.sf.gov/resource/vw6y-z8j6.json?service_request_id=101003333691
SF-101003338650,101003338650,CA,San Francisco,2026-01-18T17:53:12.000,2026-01-18,2026-01,incident_report,Closed,MTA - Autonomous Vehicles Complaints,37.7869139482,-122.4592795195,Presidio Terrace,https://data.sf.gov/resource/vw6y-z8j6.json?service_request_id=101003338650
SF-101003338944,101003338944,CA,San Francisco,2026-01-18T19:29:57.000,2026-01-18,2026-01,incident_report,Closed,MTA - Autonomous Vehicles Complaints,37.77460242,-122.43985304,Panhandle,https://data.sf.gov/resource/vw6y-z8j6.json?service_request_id=101003338944
SF-101003339259,101003339259,CA,San Francisco,2026-01-18T21:48:22.000,2026-01-18,2026-01,other,Closed,MTA - Autonomous Vehicles Complaints,,,,https://data.sf.gov/resource/vw6y-z8j6.json?service_request_id=101003339259
SF-101003341268,101003341268,CA,San Francisco,2026-01-19T11:21:05.000,2026-01-19,2026-01,incident_report,Closed,MTA - Autonomous Vehicles Complaints,37.77092719,-122.4247771,Mint Hill,https://data.sf.gov/resource/vw6y-z8j6.json?service_request_id=101003341268
SF-101003351666,101003351666,CA,San Francisco,2026-01-20T18:42:03.000,2026-01-20,2026-01,incident_report,Closed,MTA - Autonomous Vehicles Complaints,37.7748247482,-122.4241364021,Hayes Valley,https://data.sf.gov/resource/vw6y-z8j6.json?service_request_id=101003351666
SF-101003354969,101003354969,CA,San Francisco,2026-01-21T11:20:00.000,2026-01-21,2026-01,incident_report,Closed,MTA - Autonomous Vehicles Complaints,37.7398309293,-122.4113702618,Bernal Heights,https://data.sf.gov/resource/vw6y-z8j6.json?service_request_id=101003354969
SF-101003362395,101003362395,CA,San Francisco,2026-01-22T13:17:54.000,2026-01-22,2026-01,other,Closed,MTA - Autonomous Vehicles Complaints,,,,https://data.sf.gov/resource/vw6y-z8j6.json?service_request_id=101003362395
SF-101003362640,101003362640,CA,San Francisco,2026-01-22T13:41:17.000,2026-01-22,2026-01,incident_report,Closed,MTA - Autonomous Vehicles Complaints,37.7720024,-122.40526924,Showplace Square,https://data.sf.gov/resource/vw6y-z8j6.json?service_request_id=101003362640
SF-101003363027,101003363027,CA,San Francisco,2026-01-22T14:22:08.000,2026-01-22,2026-01,incident_report,Closed,MTA - Autonomous Vehicles Complaints,37.78417356,-122.48199204,Lake Street,https://data.sf.gov/resource/vw6y-z8j6.json?service_request_id=101003363027
SF-101003364422,101003364422,CA,San Francisco,2026-01-22T17:13:32.000,2026-01-22,2026-01,other,Closed,MTA - Autonomous Vehicles Complaints,,,,https://data.sf.gov/resource/vw6y-z8j6.json?service_request_id=101003364422
SF-101003365498,101003365498,CA,San Francisco,2026-01-22T23:17:15.000,2026-01-22,2026-01,incident_report,Closed,MTA - Autonomous Vehicles Complaints,37.7978644632,-122.4066680169,Chinatown,https://data.sf.gov/resource/vw6y-z8j6.json?service_request_id=101003365498
SF-101003367418,101003367418,CA,San Francisco,2026-01-23T10:25:09.000,2026-01-23,2026-01,incident_report,Closed,MTA - Autonomous Vehicles Complaints,37.7643110122,-122.454217255,Parnassus Heights,https://data.sf.gov/resource/vw6y-z8j6.json?service_request_id=101003367418
SF-101003367459,101003367459,CA,San Francisco,2026-01-23T10:30:01.000,2026-01-23,2026-01,incident_report,Closed,MTA - Autonomous Vehicles Complaints,37.77176371,-122.42360884,Mint Hill,https://data.sf.gov/resource/vw6y-z8j6.json?service_request_id=101003367459
SF-101003371733,101003371733,CA,San Francisco,2026-01-23T21:09:39.000,2026-01-23,2026-01,other,Closed,MTA - Autonomous Vehicles Complaints,,,,https://data.sf.gov/resource/vw6y-z8j6.json?service_request_id=101003371733
SF-101003376695,101003376695,CA,San Francisco,2026-01-24T21:20:01.000,2026-01-24,2026-01,incident_report,Closed,MTA - Autonomous Vehicles Complaints,37.73250597,-122.43960693,Sunnyside,https://data.sf.gov/resource/vw6y-z8j6.json?service_request_id=101003376695
SF-101003378516,101003378516,CA,San Francisco,2026-01-25T12:08:01.000,2026-01-25,2026-01,other,Closed,MTA - Autonomous Vehicles Complaints,,,,https://data.sf.gov/resource/vw6y-z8j6.json?service_request_id=101003378516
SF-101003381289,101003381289,CA,San Francisco,2026-01-26T03:28:26.000,2026-01-26,2026-01,other,Closed,MTA - Autonomous Vehicles Complaints,,,,https://data.sf.gov/resource/vw6y-z8j6.json?service_request_id=101003381289
SF-101003393039,101003393039,CA,San Francisco,2026-01-27T15:32:25.000,2026-01-27,2026-01,incident_report,Closed,MTA - Autonomous Vehicles Complaints,37.7836190385,-122.4226524048,Cathedral Hill,https://data.sf.gov/resource/vw6y-z8j6.json?service_request_id=101003393039
SF-101003393736,101003393736,CA,San Francisco,2026-01-27T16:59:11.000,2026-01-27,2026-01,other,Closed,MTA - Autonomous Vehicles Complaints,,,,https://data.sf.gov/resource/vw6y-z8j6.json?service_request_id=101003393736
SF-101003395144,101003395144,CA,San Francisco,2026-01-28T07:23:09.000,2026-01-28,2026-01,incident_report,Closed,MTA - Autonomous Vehicles Complaints,37.7643110122,-122.454217255,Parnassus Heights,https://data.sf.gov/resource/vw6y-z8j6.json?service_request_id=101003395144
SF-101003396987,101003396987,CA,San Francisco,2026-01-28T11:11:44.000,2026-01-28,2026-01,other,Closed,MTA - Autonomous Vehicles Complaints,,,,https://data.sf.gov/resource/vw6y-z8j6.json?service_request_id=101003396987
SF-101003399843,101003399843,CA,San Francisco,2026-01-28T17:19:27.000,2026-01-28,2026-01,incident_report,Closed,MTA - Autonomous Vehicles Complaints,37.78708093,-122.45169224,Presidio Heights,https://data.sf.gov/resource/vw6y-z8j6.json?service_request_id=101003399843
SF-101003404732,101003404732,CA,San Francisco,2026-01-29T14:10:38.000,2026-01-29,2026-01,incident_report,Closed,MTA - Autonomous Vehicles Complaints,37.7242549895,-122.452343728,Westwood Park,https://data.sf.gov/resource/vw6y-z8j6.json?service_request_id=101003404732
SF-101003407136,101003407136,CA,San Francisco,2026-01-29T23:32:55.000,2026-01-29,2026-01,incident_report,Closed,MTA - Autonomous Vehicles Complaints,37.800367,-122.43329853,Marina,https://data.sf.gov/resource/vw6y-z8j6.json?service_request_id=101003407136
SF-101003409302,101003409302,CA,San Francisco,2026-01-30T11:16:02.000,2026-01-30,2026-01,other,Closed,MTA - Autonomous Vehicles Complaints,,,,https://data.sf.gov/resource/vw6y-z8j6.json?service_request_id=101003409302
SF-101003413185,101003413185,CA,San Francisco,2026-01-30T22:29:34.000,2026-01-30,2026-01,incident_report,Closed,MTA - Autonomous Vehicles Complaints,37.77016656,-122.44525061,Haight Ashbury,https://data.sf.gov/resource/vw6y-z8j6.json?service_request_id=101003413185
SF-101003414089,101003414089,CA,San Francisco,2026-01-31T09:15:02.000,2026-01-31,2026-01,incident_report,Closed,MTA - Autonomous Vehicles Complaints,37.77302991,-122.44595851,Panhandle,https://data.sf.gov/resource/vw6y-z8j6.json?service_request_id=101003414089
SF-101003414979,101003414979,CA,San Francisco,2026-01-31T11:26:51.000,2026-01-31,2026-01,other,Closed,MTA - Autonomous Vehicles Complaints,,,,https://data.sf.gov/resource/vw6y-z8j6.json?service_request_id=101003414979
SF-101003420644,101003420644,CA,San Francisco,2026-02-01T14:12:00.000,2026-02-01,2026-02,incident_report,Closed,MTA - Autonomous Vehicles Complaints,37.77371375,-122.46574665,Inner Richmond,https://data.sf.gov/resource/vw6y-z8j6.json?service_request_id=101003420644
SF-101003432313,101003432313,CA,San Francisco,2026-02-03T10:24:43.000,2026-02-03,2026-02,incident_report,Closed,MTA - Autonomous Vehicles Complaints,37.80445685,-122.43181083,Marina,https://data.sf.gov/resource/vw6y-z8j6.json?service_request_id=101003432313
SF-101003437036,101003437036,CA,San Francisco,2026-02-03T21:30:56.000,2026-02-03,2026-02,incident_report,Closed,MTA - Autonomous Vehicles Complaints,37.75653783,-122.4708356,Golden Gate Heights,https://data.sf.gov/resource/vw6y-z8j6.json?service_request_id=101003437036
SF-101003439713,101003439713,CA,San Francisco,2026-02-04T10:48:28.000,2026-02-04,2026-02,incident_report,Closed,MTA - Autonomous Vehicles Complaints,37.7644548,-122.42817366,Mission Dolores,https://data.sf.gov/resource/vw6y-z8j6.json?service_request_id=101003439713
SF-101003444879,101003444879,CA,San Francisco,2026-02-05T07:32:48.000,2026-02-05,2026-02,incident_report,Closed,MTA - Autonomous Vehicles Complaints,37.7718361748,-122.5002574983,Golden Gate Park,https://data.sf.gov/resource/vw6y-z8j6.json?service_request_id=101003444879
SF-101003445878,101003445878,CA,San Francisco,2026-02-05T09:26:46.000,2026-02-05,2026-02,incident_report,Closed,MTA - Autonomous Vehicles Complaints,37.79124145,-122.39607042,Financial District,https://data.sf.gov/resource/vw6y-z8j6.json?service_request_id=101003445878
SF-101003448045,101003448045,CA,San Francisco,2026-02-05T13:10:09.000,2026-02-05,2026-02,other,Closed,MTA - Autonomous Vehicles Complaints,,,,https://data.sf.gov/resource/vw6y-z8j6.json?service_request_id=101003448045
SF-101003451671,101003451671,CA,San Francisco,2026-02-06T07:17:42.000,2026-02-06,2026-02,incident_report,Closed,MTA - Autonomous Vehicles Complaints,37.790203,-122.40227588,Downtown / Union Square,https://data.sf.gov/resource/vw6y-z8j6.json?service_request_id=101003451671
SF-101003452558,101003452558,CA,San Francisco,2026-02-06T09:17:33.000,2026-02-06,2026-02,incident_report,Closed,MTA - Autonomous Vehicles Complaints,37.72446062,-122.45080843,Sunnyside,https://data.sf.gov/resource/vw6y-z8j6.json?service_request_id=101003452558
SF-101003452686,101003452686,CA,San Francisco,2026-02-06T09:30:05.000,2026-02-06,2026-02,incident_report,Closed,MTA - Autonomous Vehicles Complaints,37.7329934549,-122.431956437,St. Mary's Park,https://data.sf.gov/resource/vw6y-z8j6.json?service_request_id=101003452686
SF-101003454107,101003454107,CA,San Francisco,2026-02-06T11:50:35.000,2026-02-06,2026-02,other,Closed,MTA - Autonomous Vehicles Complaints,,,,https://data.sf.gov/resource/vw6y-z8j6.json?service_request_id=101003454107
SF-101003455812,101003455812,CA,San Francisco,2026-02-06T15:12:30.000,2026-02-06,2026-02,incident_report,Closed,MTA - Autonomous Vehicles Complaints,37.7557659369,-122.4132938849,Mission,https://data.sf.gov/resource/vw6y-z8j6.json?service_request_id=101003455812
SF-101003462059,101003462059,CA,San Francisco,2026-02-07T19:22:01.000,2026-02-07,2026-02,incident_report,Closed,MTA - Autonomous Vehicles Complaints,37.8000514144,-122.434404763,Union Street,https://data.sf.gov/resource/vw6y-z8j6.json?service_request_id=101003462059
SF-101003466160,101003466160,CA,San Francisco,2026-02-08T17:06:02.000,2026-02-08,2026-02,other,Closed,MTA - Autonomous Vehicles Complaints,,,,https://data.sf.gov/resource/vw6y-z8j6.json?service_request_id=101003466160
SF-101003473361,101003473361,CA,San Francisco,2026-02-09T19:06:35.000,2026-02-09,2026-02,incident_report,Closed,MTA - Autonomous Vehicles Complaints,37.776887,-122.39925239,South of Market,https://data.sf.gov/resource/vw6y-z8j6.json?service_request_id=101003473361
SF-101003477850,101003477850,CA,San Francisco,2026-02-10T13:49:58.000,2026-02-10,2026-02,other,Closed,MTA - Autonomous Vehicles Complaints,,,,https://data.sf.gov/resource/vw6y-z8j6.json?service_request_id=101003477850
SF-101003486138,101003486138,CA,San Francisco,2026-02-11T20:04:56.000,2026-02-11,2026-02,incident_report,Closed,MTA - Autonomous Vehicles Complaints,37.73363647,-122.49708241,Lakeshore,https://data.sf.gov/resource/vw6y-z8j6.json?service_request_id=101003486138
SF-101003486264,101003486264,CA,San Francisco,2026-02-11T20:47:39.000,2026-02-11,2026-02,incident_report,Closed,MTA - Autonomous Vehicles Complaints,37.7806527,-122.44724068,Anza Vista,https://data.sf.gov/resource/vw6y-z8j6.json?service_request_id=101003486264
SF-101003497965,101003497965,CA,San Francisco,2026-02-13T15:05:52.000,2026-02-13,2026-02,incident_report,Closed,MTA - Autonomous Vehicles Complaints,37.76581878,-122.41796636,Mission,https://data.sf.gov/resource/vw6y-z8j6.json?service_request_id=101003497965
SF-101003498330,101003498330,CA,San Francisco,2026-02-13T15:49:05.000,2026-02-13,2026-02,incident_report,Closed,MTA - Autonomous Vehicles Complaints,37.7656058837,-122.4104867541,Mission,https://data.sf.gov/resource/vw6y-z8j6.json?service_request_id=101003498330
SF-101003498904,101003498904,CA,San Francisco,2026-02-13T17:05:49.000,2026-02-13,2026-02,incident_report,Closed,MTA - Autonomous Vehicles Complaints,37.7730360522,-122.4219413842,South of Market,https://data.sf.gov/resource/vw6y-z8j6.json?service_request_id=101003498904
SF-101003499920,101003499920,CA,San Francisco,2026-02-13T22:47:24.000,2026-02-13,2026-02,incident_report,Closed,MTA - Autonomous Vehicles Complaints,37.75875616,-122.4209704,Mission,https://data.sf.gov/resource/vw6y-z8j6.json?service_request_id=101003499920
SF-101003500051,101003500051,CA,San Francisco,2026-02-14T00:44:22.000,2026-02-14,2026-02,incident_report,Closed,MTA - Autonomous Vehicles Complaints,37.7730394034,-122.4306289433,Lower Haight,https://data.sf.gov/resource/vw6y-z8j6.json?service_request_id=101003500051
SF-101003506568,101003506568,CA,San Francisco,2026-02-15T14:29:59.000,2026-02-15,2026-02,incident_report,Closed,MTA - Autonomous Vehicles Complaints,37.7523620449,-122.4297311314,Noe Valley,https://data.sf.gov/resource/vw6y-z8j6.json?service_request_id=101003506568
SF-101003507013,101003507013,CA,San Francisco,2026-02-15T16:22:59.000,2026-02-15,2026-02,incident_report,Closed,MTA - Autonomous Vehicles Complaints,37.79022976,-122.43249217,Pacific Heights,https://data.sf.gov/resource/vw6y-z8j6.json?service_request_id=101003507013
SF-101003512117,101003512117,CA,San Francisco,2026-02-16T21:56:13.000,2026-02-16,2026-02,incident_report,Closed,MTA - Autonomous Vehicles Complaints,37.76063557,-122.4382922,Eureka Valley,https://data.sf.gov/resource/vw6y-z8j6.json?service_request_id=101003512117
SF-101003517203,101003517203,CA,San Francisco,2026-02-17T16:46:13.000,2026-02-17,2026-02,incident_report,Closed,MTA - Autonomous Vehicles Complaints,37.78708093,-122.45169224,Presidio Heights,https://data.sf.gov/resource/vw6y-z8j6.json?service_request_id=101003517203
SF-101003524198,101003524198,CA,San Francisco,2026-02-19T00:10:26.000,2026-02-19,2026-02,other,Closed,MTA - Autonomous Vehicles Complaints,,,,https://data.sf.gov/resource/vw6y-z8j6.json?service_request_id=101003524198
SF-101003524886,101003524886,CA,San Francisco,2026-02-19T08:33:15.000,2026-02-19,2026-02,incident_report,Closed,MTA - Autonomous Vehicles Complaints,37.76494849,-122.42000825,Mission,https://data.sf.gov/resource/vw6y-z8j6.json?service_request_id=101003524886
SF-101003528591,101003528591,CA,San Francisco,2026-02-19T15:47:07.000,2026-02-19,2026-02,other,Closed,MTA - Autonomous Vehicles Complaints,,,,https://data.sf.gov/resource/vw6y-z8j6.json?service_request_id=101003528591
SF-101003530006,101003530006,CA,San Francisco,2026-02-19T21:42:14.000,2026-02-19,2026-02,incident_report,Closed,MTA - Autonomous Vehicles Complaints,37.7665446559,-122.3950604357,Potrero Hill,https://data.sf.gov/resource/vw6y-z8j6.json?service_request_id=101003530006
SF-101003531255,101003531255,CA,San Francisco,2026-02-20T09:06:07.000,2026-02-20,2026-02,incident_report,Closed,MTA - Autonomous Vehicles Complaints,37.8033985,-122.4073864,Telegraph Hill,https://data.sf.gov/resource/vw6y-z8j6.json?service_request_id=101003531255
SF-101003533697,101003533697,CA,San Francisco,2026-02-20T13:23:57.000,2026-02-20,2026-02,incident_report,Closed,MTA - Autonomous Vehicles Complaints,37.72699118,-122.47357706,Stonestown,https://data.sf.gov/resource/vw6y-z8j6.json?service_request_id=101003533697
SF-101003536309,101003536309,CA,San Francisco,2026-02-20T20:31:00.000,2026-02-20,2026-02,incident_report,Closed,MTA - Autonomous Vehicles Complaints,37.7738892158,-122.4239470941,Lower Haight,https://data.sf.gov/resource/vw6y-z8j6.json?service_request_id=101003536309
SF-101003537563,101003537563,CA,San Francisco,2026-02-21T09:46:16.000,2026-02-21,2026-02,incident_report,Closed,MTA - Autonomous Vehicles Complaints,37.79571035,-122.40320758,North Beach,https://data.sf.gov/resource/vw6y-z8j6.json?service_request_id=101003537563
SF-101003539603,101003539603,CA,San Francisco,2026-02-21T14:52:11.000,2026-02-21,2026-02,incident_report,Closed,MTA - Autonomous Vehicles Complaints,37.76548221,-122.42080748,Mission,https://data.sf.gov/resource/vw6y-z8j6.json?service_request_id=101003539603
SF-101003539874,101003539874,CA,San Francisco,2026-02-21T15:24:33.000,2026-02-21,2026-02,other,Closed,MTA - Autonomous Vehicles Complaints,,,,https://data.sf.gov/resource/vw6y-z8j6.json?service_request_id=101003539874
SF-101003544069,101003544069,CA,San Francisco,2026-02-22T14:46:20.000,2026-02-22,2026-02,incident_report,Closed,MTA - Autonomous Vehicles Complaints,37.77088872,-122.4123785,South of Market,https://data.sf.gov/resource/vw6y-z8j6.json?service_request_id=101003544069
SF-101003545828,101003545828,CA,San Francisco,2026-02-22T22:59:10.000,2026-02-22,2026-02,incident_report,Closed,MTA - Autonomous Vehicles Complaints,37.72975903,-122.49598083,Lakeshore,https://data.sf.gov/resource/vw6y-z8j6.json?service_request_id=101003545828
SF-101003553465,101003553465,CA,San Francisco,2026-02-23T21:35:28.000,2026-02-23,2026-02,incident_report,Closed,MTA - Autonomous Vehicles Complaints,37.7669370492,-122.4154622976,Mission,https://data.sf.gov/resource/vw6y-z8j6.json?service_request_id=101003553465
SF-101003559023,101003559023,CA,San Francisco,2026-02-24T15:16:55.000,2026-02-24,2026-02,other,Closed,MTA - Autonomous Vehicles Complaints,,,,https://data.sf.gov/resource/vw6y-z8j6.json?service_request_id=101003559023
SF-101003570487,101003570487,CA,San Francisco,2026-02-26T10:24:33.000,2026-02-26,2026-02,other,Closed,MTA - Autonomous Vehicles Complaints,,,,https://data.sf.gov/resource/vw6y-z8j6.json?service_request_id=101003570487
SF-101003576493,101003576493,CA,San Francisco,2026-02-27T08:26:55.000,2026-02-27,2026-02,other,Closed,MTA - Autonomous Vehicles Complaints,,,,https://data.sf.gov/resource/vw6y-z8j6.json?service_request_id=101003576493
SF-101003576772,101003576772,CA,San Francisco,2026-02-27T08:56:17.000,2026-02-27,2026-02,other,Closed,MTA - Autonomous Vehicles Complaints,,,,https://data.sf.gov/resource/vw6y-z8j6.json?service_request_id=101003576772
SF-101003582447,101003582447,CA,San Francisco,2026-02-27T17:54:19.000,2026-02-27,2026-02,incident_report,Closed,MTA - Autonomous Vehicles Complaints,37.7596917063,-122.4282022679,Mission Dolores,https://data.sf.gov/resource/vw6y-z8j6.json?service_request_id=101003582447
SF-101003583007,101003583007,CA,San Francisco,2026-02-27T20:46:42.000,2026-02-27,2026-02,incident_report,Closed,MTA - Autonomous Vehicles Complaints,37.76116625,-122.43287703,Castro,https://data.sf.gov/resource/vw6y-z8j6.json?service_request_id=101003583007
SF-101003587009,101003587009,CA,San Francisco,2026-02-28T16:40:42.000,2026-02-28,2026-02,incident_report,Closed,MTA - Autonomous Vehicles Complaints,37.7926337924,-122.4261569419,Pacific Heights,https://data.sf.gov/resource/vw6y-z8j6.json?service_request_id=101003587009
SF-101003594488,101003594488,CA,San Francisco,2026-03-02T09:46:57.000,2026-03-02,2026-03,incident_report,Closed,MTA - Autonomous Vehicles Complaints,37.76395068,-122.43373504,Duboce Triangle,https://data.sf.gov/resource/vw6y-z8j6.json?service_request_id=101003594488
SF-101003600599,101003600599,CA,San Francisco,2026-03-02T22:44:31.000,2026-03-02,2026-03,incident_report,Closed,MTA - Autonomous Vehicles Complaints,37.7711736799,-122.4302606976,Duboce Triangle,https://data.sf.gov/resource/vw6y-z8j6.json?service_request_id=101003600599
SF-101003603433,101003603433,CA,San Francisco,2026-03-03T11:02:04.000,2026-03-03,2026-03,incident_report,Closed,MTA - Autonomous Vehicles Complaints,37.7968217169,-122.4792565764,Presidio National Park,https://data.sf.gov/resource/vw6y-z8j6.json?service_request_id=101003603433
SF-101003607560,101003607560,CA,San Francisco,2026-03-03T21:11:12.000,2026-03-03,2026-03,incident_report,Closed,MTA - Autonomous Vehicles Complaints,37.7633737,-122.42187755,Mission Dolores,https://data.sf.gov/resource/vw6y-z8j6.json?service_request_id=101003607560
SF-101003607786,101003607786,CA,San Francisco,2026-03-03T23:04:24.000,2026-03-03,2026-03,incident_report,Closed,MTA - Autonomous Vehicles Complaints,37.7888154041,-122.400812428,Financial District,https://data.sf.gov/resource/vw6y-z8j6.json?service_request_id=101003607786
SF-101003609330,101003609330,CA,San Francisco,2026-03-04T09:39:59.000,2026-03-04,2026-03,other,Closed,MTA - Autonomous Vehicles Complaints,,,,https://data.sf.gov/resource/vw6y-z8j6.json?service_request_id=101003609330
SF-101003609908,101003609908,CA,San Francisco,2026-03-04T10:42:11.000,2026-03-04,2026-03,incident_report,Closed,MTA - Autonomous Vehicles Complaints,37.77110011,-122.42523478,Mint Hill,https://data.sf.gov/resource/vw6y-z8j6.json?service_request_id=101003609908
SF-101003616007,101003616007,CA,San Francisco,2026-03-05T09:48:06.000,2026-03-05,2026-03,incident_report,Closed,MTA - Autonomous Vehicles Complaints,37.76460914,-122.43291774,Duboce Triangle,https://data.sf.gov/resource/vw6y-z8j6.json?service_request_id=101003616007
SF-101003619965,101003619965,CA,San Francisco,2026-03-05T18:24:25.000,2026-03-05,2026-03,incident_report,Closed,MTA - Autonomous Vehicles Complaints,37.7990000854,-122.4426479877,Cow Hollow,https://data.sf.gov/resource/vw6y-z8j6.json?service_request_id=101003619965
SF-101003620608,101003620608,CA,San Francisco,2026-03-05T23:00:25.000,2026-03-05,2026-03,incident_report,Closed,MTA - Autonomous Vehicles Complaints,37.7770893644,-122.3949813368,South of Market,https://data.sf.gov/resource/vw6y-z8j6.json?service_request_id=101003620608
SF-101003623744,101003623744,CA,San Francisco,2026-03-06T12:22:24.000,2026-03-06,2026-03,other,Closed,MTA - Autonomous Vehicles Complaints,,,,https://data.sf.gov/resource/vw6y-z8j6.json?service_request_id=101003623744
SF-101003626402,101003626402,CA,San Francisco,2026-03-06T18:12:35.000,2026-03-06,2026-03,incident_report,Closed,MTA - Autonomous Vehicles Complaints,37.77713963,-122.40088105,South of Market,https://data.sf.gov/resource/vw6y-z8j6.json?service_request_id=101003626402
SF-101003628814,101003628814,CA,San Francisco,2026-03-07T11:09:31.000,2026-03-07,2026-03,incident_report,Closed,MTA - Autonomous Vehicles Complaints,37.7595592369,-122.4040106139,Potrero Hill,https://data.sf.gov/resource/vw6y-z8j6.json?service_request_id=101003628814
SF-101003635981,101003635981,CA,San Francisco,2026-03-08T19:19:05.000,2026-03-08,2026-03,incident_report,Closed,MTA - Autonomous Vehicles Complaints,37.7772394,-122.41951271,Civic Center,https://data.sf.gov/resource/vw6y-z8j6.json?service_request_id=101003635981
SF-101003637608,101003637608,CA,San Francisco,2026-03-09T08:55:46.000,2026-03-09,2026-03,incident_report,Closed,MTA - Autonomous Vehicles Complaints,37.8010955409,-122.4261801735,Marina,https://data.sf.gov/resource/vw6y-z8j6.json?service_request_id=101003637608
SF-101003638356,101003638356,CA,San Francisco,2026-03-09T10:10:44.000,2026-03-09,2026-03,incident_report,Closed,MTA - Autonomous Vehicles Complaints,37.77161039,-122.42512367,Mint Hill,https://data.sf.gov/resource/vw6y-z8j6.json?service_request_id=101003638356
SF-101003638393,101003638393,CA,San Francisco,2026-03-09T10:14:09.000,2026-03-09,2026-03,incident_report,Closed,MTA - Autonomous Vehicles Complaints,37.75801904,-122.41069474,Mission,https://data.sf.gov/resource/vw6y-z8j6.json?service_request_id=101003638393
SF-101003640959,101003640959,CA,San Francisco,2026-03-09T14:02:45.000,2026-03-09,2026-03,other,Closed,MTA - Autonomous Vehicles Complaints,,,,https://data.sf.gov/resource/vw6y-z8j6.json?service_request_id=101003640959
SF-101003643518,101003643518,CA,San Francisco,2026-03-09T20:49:46.000,2026-03-09,2026-03,incident_report,Closed,MTA - Autonomous Vehicles Complaints,37.7619674305,-122.4171790652,Mission,https://data.sf.gov/resource/vw6y-z8j6.json?service_request_id=101003643518
SF-101003644927,101003644927,CA,San Francisco,2026-03-10T08:51:18.000,2026-03-10,2026-03,other,Closed,MTA - Autonomous Vehicles Complaints,,,,https://data.sf.gov/resource/vw6y-z8j6.json?service_request_id=101003644927
SF-101003647671,101003647671,CA,San Francisco,2026-03-10T13:18:47.000,2026-03-10,2026-03,incident_report,Closed,MTA - Autonomous Vehicles Complaints,37.7675951262,-122.4311912738,Duboce Triangle,https://data.sf.gov/resource/vw6y-z8j6.json?service_request_id=101003647671
SF-101003650810,101003650810,CA,San Francisco,2026-03-10T23:23:28.000,2026-03-10,2026-03,other,Closed,MTA - Autonomous Vehicles Complaints,,,,https://data.sf.gov/resource/vw6y-z8j6.json?service_request_id=101003650810
SF-101003654838,101003654838,CA,San Francisco,2026-03-11T14:18:51.000,2026-03-11,2026-03,incident_report,Closed,MTA - Autonomous Vehicles Complaints,37.80697303,-122.40974957,Fisherman's Wharf,https://data.sf.gov/resource/vw6y-z8j6.json?service_request_id=101003654838
SF-101003660632,101003660632,CA,San Francisco,2026-03-12T13:24:13.000,2026-03-12,2026-03,other,Closed,MTA - Autonomous Vehicles Complaints,,,,https://data.sf.gov/resource/vw6y-z8j6.json?service_request_id=101003660632
SF-101003663632,101003663632,CA,San Francisco,2026-03-12T23:18:48.000,2026-03-12,2026-03,incident_report,Closed,MTA - Autonomous Vehicles Complaints,37.7882797481,-122.423594096,Cathedral Hill,https://data.sf.gov/resource/vw6y-z8j6.json?service_request_id=101003663632
SF-101003664675,101003664675,CA,San Francisco,2026-03-13T08:50:48.000,2026-03-13,2026-03,incident_report,Closed,MTA - Autonomous Vehicles Complaints,37.78061871,-122.42053797,Civic Center,https://data.sf.gov/resource/vw6y-z8j6.json?service_request_id=101003664675
SF-101003666592,101003666592,CA,San Francisco,2026-03-13T12:10:27.000,2026-03-13,2026-03,incident_report,Closed,MTA - Autonomous Vehicles Complaints,37.77722495,-122.41808822,Civic Center,https://data.sf.gov/resource/vw6y-z8j6.json?service_request_id=101003666592
SF-101003667720,101003667720,CA,San Francisco,2026-03-13T14:08:07.000,2026-03-13,2026-03,incident_report,Closed,MTA - Autonomous Vehicles Complaints,37.76582759,-122.4310114,Mission Dolores,https://data.sf.gov/resource/vw6y-z8j6.json?service_request_id=101003667720
SF-101003672985,101003672985,CA,San Francisco,2026-03-14T12:30:22.000,2026-03-14,2026-03,other,Closed,MTA - Autonomous Vehicles Complaints,,,,https://data.sf.gov/resource/vw6y-z8j6.json?service_request_id=101003672985
SF-101003673001,101003673001,CA,San Francisco,2026-03-14T12:33:34.000,2026-03-14,2026-03,other,Closed,MTA - Autonomous Vehicles Complaints,,,,https://data.sf.gov/resource/vw6y-z8j6.json?service_request_id=101003673001
SF-101003673498,101003673498,CA,San Francisco,2026-03-14T13:40:03.000,2026-03-14,2026-03,incident_report,Closed,MTA - Autonomous Vehicles Complaints,37.78246904,-122.39739071,South of Market,https://data.sf.gov/resource/vw6y-z8j6.json?service_request_id=101003673498
SF-101003673994,101003673994,CA,San Francisco,2026-03-14T14:50:51.000,2026-03-14,2026-03,other,Closed,MTA - Autonomous Vehicles Complaints,,,,https://data.sf.gov/resource/vw6y-z8j6.json?service_request_id=101003673994
SF-101003675950,101003675950,CA,San Francisco,2026-03-14T23:58:33.000,2026-03-14,2026-03,incident_report,Closed,MTA - Autonomous Vehicles Complaints,37.7647696,-122.40206801,Potrero Hill,https://data.sf.gov/resource/vw6y-z8j6.json?service_request_id=101003675950
SF-101003676058,101003676058,CA,San Francisco,2026-03-15T01:21:11.000,2026-03-15,2026-03,incident_report,Closed,MTA - Autonomous Vehicles Complaints,37.78410283,-122.42288843,Cathedral Hill,https://data.sf.gov/resource/vw6y-z8j6.json?service_request_id=101003676058
SF-101003682126,101003682126,CA,San Francisco,2026-03-16T09:34:42.000,2026-03-16,2026-03,incident_report,Closed,MTA - Autonomous Vehicles Complaints,37.76563317,-122.44321209,Buena Vista,https://data.sf.gov/resource/vw6y-z8j6.json?service_request_id=101003682126
SF-101003686451,101003686451,CA,San Francisco,2026-03-16T16:37:38.000,2026-03-16,2026-03,incident_report,Closed,MTA - Autonomous Vehicles Complaints,37.7865039094,-122.4299790441,Japantown,https://data.sf.gov/resource/vw6y-z8j6.json?service_request_id=101003686451
SF-101003686761,101003686761,CA,San Francisco,2026-03-16T17:27:51.000,2026-03-16,2026-03,other,Closed,MTA - Autonomous Vehicles Complaints,,,,https://data.sf.gov/resource/vw6y-z8j6.json?service_request_id=101003686761
SF-101003694194,101003694194,CA,San Francisco,2026-03-17T18:35:52.000,2026-03-17,2026-03,incident_report,Closed,MTA - Autonomous Vehicles Complaints,37.77802498,-122.42002099,Civic Center,https://data.sf.gov/resource/vw6y-z8j6.json?service_request_id=101003694194
SF-101003694954,101003694954,CA,San Francisco,2026-03-17T23:09:01.000,2026-03-17,2026-03,incident_report,Closed,MTA - Autonomous Vehicles Complaints,37.7853725373,-122.4313662984,Japantown,https://data.sf.gov/resource/vw6y-z8j6.json?service_request_id=101003694954
SF-101003713109,101003713109,CA,San Francisco,2026-03-20T12:07:22.000,2026-03-20,2026-03,incident_report,Closed,MTA - Autonomous Vehicles Complaints,37.71567332,-122.45507393,Oceanview,https://data.sf.gov/resource/vw6y-z8j6.json?service_request_id=101003713109
SF-101003715539,101003715539,CA,San Francisco,2026-03-20T16:23:38.000,2026-03-20,2026-03,incident_report,Closed,MTA - Autonomous Vehicles Complaints,37.7770893644,-122.3949813368,South of Market,https://data.sf.gov/resource/vw6y-z8j6.json?service_request_id=101003715539
SF-101003715995,101003715995,CA,San Francisco,2026-03-20T17:50:24.000,2026-03-20,2026-03,incident_report,Closed,MTA - Autonomous Vehicles Complaints,37.78060802,-122.48023772,Outer Richmond,https://data.sf.gov/resource/vw6y-z8j6.json?service_request_id=101003715995
SF-101003716318,101003716318,CA,San Francisco,2026-03-20T19:06:55.000,2026-03-20,2026-03,incident_report,Closed,MTA - Autonomous Vehicles Complaints,37.775147141,-122.4192554947,South of Market,https://data.sf.gov/resource/vw6y-z8j6.json?service_request_id=101003716318
SF-101003717139,101003717139,CA,San Francisco,2026-03-21T00:06:42.000,2026-03-21,2026-03,incident_report,Closed,MTA - Autonomous Vehicles Complaints,37.7609547292,-122.4339036243,Castro,https://data.sf.gov/resource/vw6y-z8j6.json?service_request_id=101003717139
SF-101003717141,101003717141,CA,San Francisco,2026-03-21T00:09:02.000,2026-03-21,2026-03,incident_report,Closed,MTA - Autonomous Vehicles Complaints,37.7730510606,-122.4032051377,South of Market,https://data.sf.gov/resource/vw6y-z8j6.json?service_request_id=101003717141
SF-101003718886,101003718886,CA,San Francisco,2026-03-21T12:10:52.000,2026-03-21,2026-03,other,Closed,MTA - Autonomous Vehicles Complaints,,,,https://data.sf.gov/resource/vw6y-z8j6.json?service_request_id=101003718886
SF-101003720407,101003720407,CA,San Francisco,2026-03-21T16:01:02.000,2026-03-21,2026-03,other,Closed,MTA - Autonomous Vehicles Complaints,,,,https://data.sf.gov/resource/vw6y-z8j6.json?service_request_id=101003720407
SF-101003725556,101003725556,CA,San Francisco,2026-03-22T17:42:43.000,2026-03-22,2026-03,incident_report,Closed,MTA - Autonomous Vehicles Complaints,37.7840543538,-122.453653462,Laurel Heights / Jordan Park,https://data.sf.gov/resource/vw6y-z8j6.json?service_request_id=101003725556
SF-101003728824,101003728824,CA,San Francisco,2026-03-23T10:19:32.000,2026-03-23,2026-03,incident_report,Closed,MTA - Autonomous Vehicles Complaints,37.77169876,-122.42537308,Mint Hill,https://data.sf.gov/resource/vw6y-z8j6.json?service_request_id=101003728824
SF-101003730644,101003730644,CA,San Francisco,2026-03-23T13:17:28.000,2026-03-23,2026-03,incident_report,Closed,MTA - Autonomous Vehicles Complaints,37.7511530707,-122.4362988768,Noe Valley,https://data.sf.gov/resource/vw6y-z8j6.json?service_request_id=101003730644
SF-101003733867,101003733867,CA,San Francisco,2026-03-23T22:28:41.000,2026-03-23,2026-03,incident_report,Closed,MTA - Autonomous Vehicles Complaints,37.7740615306,-122.4376107193,Alamo Square,https://data.sf.gov/resource/vw6y-z8j6.json?service_request_id=101003733867
SF-101003741010,101003741010,CA,San Francisco,2026-03-24T22:12:05.000,2026-03-24,2026-03,incident_report,Closed,MTA - Autonomous Vehicles Complaints,37.7881344815,-122.3903194556,Rincon Hill,https://data.sf.gov/resource/vw6y-z8j6.json?service_request_id=101003741010
SF-101003745593,101003745593,CA,San Francisco,2026-03-25T14:35:10.000,2026-03-25,2026-03,other,Closed,MTA - Autonomous Vehicles Complaints,,,,https://data.sf.gov/resource/vw6y-z8j6.json?service_request_id=101003745593
SF-101003746825,101003746825,CA,San Francisco,2026-03-25T17:11:45.000,2026-03-25,2026-03,other,Closed,MTA - Autonomous Vehicles Complaints,,,,https://data.sf.gov/resource/vw6y-z8j6.json?service_request_id=101003746825
SF-101003747684,101003747684,CA,San Francisco,2026-03-25T20:40:16.000,2026-03-25,2026-03,other,Closed,MTA - Autonomous Vehicles Complaints,37.7911527362,-122.3958133995,Financial District,https://data.sf.gov/resource/vw6y-z8j6.json?service_request_id=101003747684
SF-101003747769,101003747769,CA,San Francisco,2026-03-25T21:27:39.000,2026-03-25,2026-03,other,Closed,MTA - Autonomous Vehicles Complaints,,,,https://data.sf.gov/resource/vw6y-z8j6.json?service_request_id=101003747769
SF-101003747844,101003747844,CA,San Francisco,2026-03-25T21:53:57.000,2026-03-25,2026-03,incident_report,Closed,MTA - Autonomous Vehicles Complaints,37.78534689,-122.40600693,South of Market,https://data.sf.gov/resource/vw6y-z8j6.json?service_request_id=101003747844
SF-101003750854,101003750854,CA,San Francisco,2026-03-26T11:22:07.000,2026-03-26,2026-03,incident_report,Closed,MTA - Autonomous Vehicles Complaints,37.7728951762,-122.4542849607,Panhandle,https://data.sf.gov/resource/vw6y-z8j6.json?service_request_id=101003750854
SF-101003766685,101003766685,CA,San Francisco,2026-03-28T19:07:59.000,2026-03-28,2026-03,other,Closed,MTA - Autonomous Vehicles Complaints,,,,https://data.sf.gov/resource/vw6y-z8j6.json?service_request_id=101003766685
SF-101003770232,101003770232,CA,San Francisco,2026-03-29T14:58:03.000,2026-03-29,2026-03,incident_report,Closed,MTA - Autonomous Vehicles Complaints,37.77642821,-122.3940811,Mission Bay,https://data.sf.gov/resource/vw6y-z8j6.json?service_request_id=101003770232
SF-101003770241,101003770241,CA,San Francisco,2026-03-29T15:01:16.000,2026-03-29,2026-03,incident_report,Closed,MTA - Autonomous Vehicles Complaints,37.7763329628,-122.3940350659,Mission Bay,https://data.sf.gov/resource/vw6y-z8j6.json?service_request_id=101003770241
SF-101003778626,101003778626,CA,San Francisco,2026-03-30T18:21:28.000,2026-03-30,2026-03,incident_report,Closed,MTA - Autonomous Vehicles Complaints,37.76015343,-122.42136082,Mission,https://data.sf.gov/resource/vw6y-z8j6.json?service_request_id=101003778626
SF-101003779262,101003779262,CA,San Francisco,2026-03-30T21:41:08.000,2026-03-30,2026-03,incident_report,Closed,MTA - Autonomous Vehicles Complaints,37.7726203552,-122.4339222109,Lower Haight,https://data.sf.gov/resource/vw6y-z8j6.json?service_request_id=101003779262
SF-101003779466,101003779466,CA,San Francisco,2026-03-31T00:38:23.000,2026-03-31,2026-03,incident_report,Closed,MTA - Autonomous Vehicles Complaints,37.76757709,-122.41082991,Mission,https://data.sf.gov/resource/vw6y-z8j6.json?service_request_id=101003779466
SF-101003781211,101003781211,CA,San Francisco,2026-03-31T10:06:22.000,2026-03-31,2026-03,incident_report,Closed,MTA - Autonomous Vehicles Complaints,37.789234789,-122.3951510879,South of Market,https://data.sf.gov/resource/vw6y-z8j6.json?service_request_id=101003781211
SF-101003781654,101003781654,CA,San Francisco,2026-03-31T10:49:03.000,2026-03-31,2026-03,other,Closed,MTA - Autonomous Vehicles Complaints,,,,https://data.sf.gov/resource/vw6y-z8j6.json?service_request_id=101003781654
SF-101003785437,101003785437,CA,San Francisco,2026-03-31T18:15:49.000,2026-03-31,2026-03,incident_report,Closed,MTA - Autonomous Vehicles Complaints,37.7718171413,-122.4016567756,South of Market,https://data.sf.gov/resource/vw6y-z8j6.json?service_request_id=101003785437
SF-101003798257,101003798257,CA,San Francisco,2026-04-02T17:19:14.000,2026-04-02,2026-04,incident_report,Closed,MTA - Autonomous Vehicles Complaints,37.7324909,-122.49394047,Lakeshore,https://data.sf.gov/resource/vw6y-z8j6.json?service_request_id=101003798257
SF-101003798434,101003798434,CA,San Francisco,2026-04-02T17:43:57.000,2026-04-02,2026-04,incident_report,Closed,MTA - Autonomous Vehicles Complaints,37.77721252,-122.3998174,South of Market,https://data.sf.gov/resource/vw6y-z8j6.json?service_request_id=101003798434
SF-101003798678,101003798678,CA,San Francisco,2026-04-02T18:33:35.000,2026-04-02,2026-04,incident_report,Closed,MTA - Autonomous Vehicles Complaints,37.7703428969,-122.436848957,Buena Vista,https://data.sf.gov/resource/vw6y-z8j6.json?service_request_id=101003798678
SF-101003799405,101003799405,CA,San Francisco,2026-04-02T21:56:03.000,2026-04-02,2026-04,incident_report,Closed,MTA - Autonomous Vehicles Complaints,37.7897400155,-122.412075811,Lower Nob Hill,https://data.sf.gov/resource/vw6y-z8j6.json?service_request_id=101003799405
SF-101003801956,101003801956,CA,San Francisco,2026-04-03T11:30:20.000,2026-04-03,2026-04,incident_report,Closed,MTA - Autonomous Vehicles Complaints,37.73772555,-122.48881699,Parkside,https://data.sf.gov/resource/vw6y-z8j6.json?service_request_id=101003801956
SF-101003803247,101003803247,CA,San Francisco,2026-04-03T13:51:14.000,2026-04-03,2026-04,other,Closed,MTA - Autonomous Vehicles Complaints,,,,https://data.sf.gov/resource/vw6y-z8j6.json?service_request_id=101003803247
SF-101003809551,101003809551,CA,San Francisco,2026-04-04T16:01:39.000,2026-04-04,2026-04,incident_report,Closed,MTA - Autonomous Vehicles Complaints,37.77270763,-122.44770835,Panhandle,https://data.sf.gov/resource/vw6y-z8j6.json?service_request_id=101003809551
SF-101003813052,101003813052,CA,San Francisco,2026-04-05T12:19:08.000,2026-04-05,2026-04,incident_report,Closed,MTA - Autonomous Vehicles Complaints,37.7660623966,-122.4773628983,Golden Gate Park,https://data.sf.gov/resource/vw6y-z8j6.json?service_request_id=101003813052
SF-101003821302,101003821302,CA,San Francisco,2026-04-06T17:13:19.000,2026-04-06,2026-04,other,Closed,MTA - Autonomous Vehicles Complaints,,,,https://data.sf.gov/resource/vw6y-z8j6.json?service_request_id=101003821302
SF-101003830740,101003830740,CA,San Francisco,2026-04-08T09:18:16.000,2026-04-08,2026-04,incident_report,Closed,MTA - Autonomous Vehicles Complaints,37.775147141,-122.4192554947,South of Market,https://data.sf.gov/resource/vw6y-z8j6.json?service_request_id=101003830740
SF-101003842944,101003842944,CA,San Francisco,2026-04-09T20:58:50.000,2026-04-09,2026-04,other,Closed,MTA - Autonomous Vehicles Complaints,,,,https://data.sf.gov/resource/vw6y-z8j6.json?service_request_id=101003842944
SF-101003846756,101003846756,CA,San Francisco,2026-04-10T13:45:23.000,2026-04-10,2026-04,incident_report,Closed,MTA - Autonomous Vehicles Complaints,37.77721213,-122.40699326,South of Market,https://data.sf.gov/resource/vw6y-z8j6.json?service_request_id=101003846756
SF-101003848898,101003848898,CA,San Francisco,2026-04-10T18:47:20.000,2026-04-10,2026-04,incident_report,Closed,MTA - Autonomous Vehicles Complaints,37.76416831,-122.46626782,Inner Sunset,https://data.sf.gov/resource/vw6y-z8j6.json?service_request_id=101003848898
SF-101003856867,101003856867,CA,San Francisco,2026-04-12T17:13:11.000,2026-04-12,2026-04,incident_report,Closed,MTA - Autonomous Vehicles Complaints,37.76499941,-122.41915836,Mission,https://data.sf.gov/resource/vw6y-z8j6.json?service_request_id=101003856867
SF-101003856989,101003856989,CA,San Francisco,2026-04-12T17:42:51.000,2026-04-12,2026-04,incident_report,Closed,MTA - Autonomous Vehicles Complaints,37.78982563,-122.42196135,Polk Gulch,https://data.sf.gov/resource/vw6y-z8j6.json?service_request_id=101003856989
SF-101003857773,101003857773,CA,San Francisco,2026-04-12T22:25:26.000,2026-04-12,2026-04,other,Closed,MTA - Autonomous Vehicles Complaints,,,,https://data.sf.gov/resource/vw6y-z8j6.json?service_request_id=101003857773
SF-101003858435,101003858435,CA,San Francisco,2026-04-13T07:26:50.000,2026-04-13,2026-04,incident_report,Closed,MTA - Autonomous Vehicles Complaints,37.79091157,-122.43934854,Pacific Heights,https://data.sf.gov/resource/vw6y-z8j6.json?service_request_id=101003858435
SF-101003858897,101003858897,CA,San Francisco,2026-04-13T08:27:40.000,2026-04-13,2026-04,incident_report,Closed,MTA - Autonomous Vehicles Complaints,37.76656888,-122.45025346,Cole Valley,https://data.sf.gov/resource/vw6y-z8j6.json?service_request_id=101003858897
SF-101003872013,101003872013,CA,San Francisco,2026-04-15T04:10:25.000,2026-04-15,2026-04,incident_report,Closed,MTA - Autonomous Vehicles Complaints,37.77461026,-122.45670132,Lone Mountain,https://data.sf.gov/resource/vw6y-z8j6.json?service_request_id=101003872013
SF-101003872024,101003872024,CA,San Francisco,2026-04-15T04:33:36.000,2026-04-15,2026-04,incident_report,Closed,MTA - Autonomous Vehicles Complaints,37.76290456,-122.43458085,Castro,https://data.sf.gov/resource/vw6y-z8j6.json?service_request_id=101003872024
SF-101003872038,101003872038,CA,San Francisco,2026-04-15T05:02:26.000,2026-04-15,2026-04,incident_report,Closed,MTA - Autonomous Vehicles Complaints,37.76869517,-122.41468791,Mission,https://data.sf.gov/resource/vw6y-z8j6.json?service_request_id=101003872038
SF-101003876305,101003876305,CA,San Francisco,2026-04-15T14:19:52.000,2026-04-15,2026-04,incident_report,Closed,MTA - Autonomous Vehicles Complaints,37.7668051353,-122.4176454564,Mission,https://data.sf.gov/resource/vw6y-z8j6.json?service_request_id=101003876305
SF-101003878711,101003878711,CA,San Francisco,2026-04-15T22:31:05.000,2026-04-15,2026-04,incident_report,Closed,MTA - Autonomous Vehicles Complaints,37.76020327,-122.41720881,Mission,https://data.sf.gov/resource/vw6y-z8j6.json?service_request_id=101003878711
SF-101003879492,101003879492,CA,San Francisco,2026-04-16T08:08:11.000,2026-04-16,2026-04,incident_report,Closed,MTA - Autonomous Vehicles Complaints,37.77536213,-122.41943308,Civic Center,https://data.sf.gov/resource/vw6y-z8j6.json?service_request_id=101003879492
SF-101003882257,101003882257,CA,San Francisco,2026-04-16T12:45:00.000,2026-04-16,2026-04,incident_report,Closed,MTA - Autonomous Vehicles Complaints,37.77257409,-122.40084528,Mission Bay,https://data.sf.gov/resource/vw6y-z8j6.json?service_request_id=101003882257
SF-101003882260,101003882260,CA,San Francisco,2026-04-16T12:45:01.000,2026-04-16,2026-04,incident_report,Closed,MTA - Autonomous Vehicles Complaints,37.77250902,-122.4009284,Mission Bay,https://data.sf.gov/resource/vw6y-z8j6.json?service_request_id=101003882260
SF-101003882823,101003882823,CA,San Francisco,2026-04-16T13:46:28.000,2026-04-16,2026-04,incident_report,Closed,MTA - Autonomous Vehicles Complaints,37.7658681004,-122.4310256112,Castro,https://data.sf.gov/resource/vw6y-z8j6.json?service_request_id=101003882823
SF-101003892429,101003892429,CA,San Francisco,2026-04-17T23:16:05.000,2026-04-17,2026-04,incident_report,Closed,MTA - Autonomous Vehicles Complaints,37.7797387744,-122.4071596157,South of Market,https://data.sf.gov/resource/vw6y-z8j6.json?service_request_id=101003892429
SF-101003901416,101003901416,CA,San Francisco,2026-04-19T20:17:02.000,2026-04-19,2026-04,incident_report,Closed,MTA - Autonomous Vehicles Complaints,37.73941547,-122.40903008,Bernal Heights,https://data.sf.gov/resource/vw6y-z8j6.json?service_request_id=101003901416
SF-101003902728,101003902728,CA,San Francisco,2026-04-20T08:20:28.000,2026-04-20,2026-04,incident_report,Closed,MTA - Autonomous Vehicles Complaints,37.7632997146,-122.4217316926,Mission,https://data.sf.gov/resource/vw6y-z8j6.json?service_request_id=101003902728
SF-101003905097,101003905097,CA,San Francisco,2026-04-20T12:03:47.000,2026-04-20,2026-04,other,Closed,MTA - Autonomous Vehicles Complaints,,,,https://data.sf.gov/resource/vw6y-z8j6.json?service_request_id=101003905097
SF-101003911210,101003911210,CA,San Francisco,2026-04-21T11:27:43.000,2026-04-21,2026-04,other,Closed,MTA - Autonomous Vehicles Complaints,,,,https://data.sf.gov/resource/vw6y-z8j6.json?service_request_id=101003911210
SF-101003911220,101003911220,CA,San Francisco,2026-04-21T11:28:43.000,2026-04-21,2026-04,other,Closed,MTA - Autonomous Vehicles Complaints,,,,https://data.sf.gov/resource/vw6y-z8j6.json?service_request_id=101003911220
SF-101003911453,101003911453,CA,San Francisco,2026-04-21T11:55:41.000,2026-04-21,2026-04,incident_report,Closed,MTA - Autonomous Vehicles Complaints,37.76646791,-122.42231806,Mission Dolores,https://data.sf.gov/resource/vw6y-z8j6.json?service_request_id=101003911453
SF-101003914697,101003914697,CA,San Francisco,2026-04-21T19:29:23.000,2026-04-21,2026-04,incident_report,Closed,MTA - Autonomous Vehicles Complaints,37.76615443,-122.39471207,Potrero Hill,https://data.sf.gov/resource/vw6y-z8j6.json?service_request_id=101003914697
SF-101003921532,101003921532,CA,San Francisco,2026-04-22T21:45:44.000,2026-04-22,2026-04,incident_report,Closed,MTA - Autonomous Vehicles Complaints,37.7698851172,-122.4020730858,Showplace Square,https://data.sf.gov/resource/vw6y-z8j6.json?service_request_id=101003921532
SF-101003921733,101003921733,CA,San Francisco,2026-04-23T00:01:17.000,2026-04-23,2026-04,incident_report,Closed,MTA - Autonomous Vehicles Complaints,37.7748710208,-122.4462835627,Panhandle,https://data.sf.gov/resource/vw6y-z8j6.json?service_request_id=101003921733
SF-101003925393,101003925393,CA,San Francisco,2026-04-23T14:09:43.000,2026-04-23,2026-04,incident_report,Closed,MTA - Autonomous Vehicles Complaints,37.76460533,-122.47703918,Inner Sunset,https://data.sf.gov/resource/vw6y-z8j6.json?service_request_id=101003925393
SF-101003926700,101003926700,CA,San Francisco,2026-04-23T16:53:52.000,2026-04-23,2026-04,incident_report,Closed,MTA - Autonomous Vehicles Complaints,37.76580792,-122.46635136,Inner Sunset,https://data.sf.gov/resource/vw6y-z8j6.json?service_request_id=101003926700
SF-101003930741,101003930741,CA,San Francisco,2026-04-24T11:04:21.000,2026-04-24,2026-04,other,Closed,MTA - Autonomous Vehicles Complaints,,,,https://data.sf.gov/resource/vw6y-z8j6.json?service_request_id=101003930741
SF-101003931203,101003931203,CA,San Francisco,2026-04-24T11:46:41.000,2026-04-24,2026-04,incident_report,Closed,MTA - Autonomous Vehicles Complaints,37.7943138951,-122.480393682,Presidio National Park,https://data.sf.gov/resource/vw6y-z8j6.json?service_request_id=101003931203
SF-101003931728,101003931728,CA,San Francisco,2026-04-24T12:46:25.000,2026-04-24,2026-04,incident_report,Closed,MTA - Autonomous Vehicles Complaints,37.764487844,-122.407419614,Mission,https://data.sf.gov/resource/vw6y-z8j6.json?service_request_id=101003931728
SF-101003934708,101003934708,CA,San Francisco,2026-04-24T21:31:08.000,2026-04-24,2026-04,other,Closed,MTA - Autonomous Vehicles Complaints,,,,https://data.sf.gov/resource/vw6y-z8j6.json?service_request_id=101003934708
SF-101003938906,101003938906,CA,San Francisco,2026-04-25T17:06:36.000,2026-04-25,2026-04,incident_report,Closed,MTA - Autonomous Vehicles Complaints,37.78578468,-122.42127208,Tenderloin,https://data.sf.gov/resource/vw6y-z8j6.json?service_request_id=101003938906
SF-101003939248,101003939248,CA,San Francisco,2026-04-25T18:34:03.000,2026-04-25,2026-04,incident_report,Closed,MTA - Autonomous Vehicles Complaints,37.7882283272,-122.4537688117,Presidio Heights,https://data.sf.gov/resource/vw6y-z8j6.json?service_request_id=101003939248
SF-101003949963,101003949963,CA,San Francisco,2026-04-27T16:01:12.000,2026-04-27,2026-04,incident_report,Closed,MTA - Autonomous Vehicles Complaints,37.7615985757,-122.4127797786,Mission,https://data.sf.gov/resource/vw6y-z8j6.json?service_request_id=101003949963
SF-101003953286,101003953286,CA,San Francisco,2026-04-28T09:27:30.000,2026-04-28,2026-04,incident_report,Closed,MTA - Autonomous Vehicles Complaints,37.80431792,-122.42352867,Russian Hill,https://data.sf.gov/resource/vw6y-z8j6.json?service_request_id=101003953286
SF-101003957092,101003957092,CA,San Francisco,2026-04-28T16:33:54.000,2026-04-28,2026-04,incident_report,Closed,MTA - Autonomous Vehicles Complaints,37.7778865363,-122.4451557936,Western Addition,https://data.sf.gov/resource/vw6y-z8j6.json?service_request_id=101003957092
SF-101003958531,101003958531,CA,San Francisco,2026-04-28T21:47:26.000,2026-04-28,2026-04,other,Closed,MTA - Autonomous Vehicles Complaints,37.781791,-122.42131932,Cathedral Hill,https://data.sf.gov/resource/vw6y-z8j6.json?service_request_id=101003958531
SF-101003958739,101003958739,CA,San Francisco,2026-04-28T23:24:25.000,2026-04-28,2026-04,incident_report,Closed,MTA - Autonomous Vehicles Complaints,37.764917328,-122.4218863438,Mission,https://data.sf.gov/resource/vw6y-z8j6.json?service_request_id=101003958739
SF-101003961619,101003961619,CA,San Francisco,2026-04-29T12:05:50.000,2026-04-29,2026-04,other,Closed,MTA - Autonomous Vehicles Complaints,,,,https://data.sf.gov/resource/vw6y-z8j6.json?service_request_id=101003961619
SF-101003962209,101003962209,CA,San Francisco,2026-04-29T13:15:15.000,2026-04-29,2026-04,incident_report,Closed,MTA - Autonomous Vehicles Complaints,37.77056594,-122.38961316,Mission Bay,https://data.sf.gov/resource/vw6y-z8j6.json?service_request_id=101003962209
SF-101003969126,101003969126,CA,San Francisco,2026-04-30T13:47:35.000,2026-04-30,2026-04,other,Closed,MTA - Autonomous Vehicles Complaints,,,,https://data.sf.gov/resource/vw6y-z8j6.json?service_request_id=101003969126
SF-101003972148,101003972148,CA,San Francisco,2026-04-30T23:52:13.000,2026-04-30,2026-04,incident_report,Closed,MTA - Autonomous Vehicles Complaints,37.7800746172,-122.4202470232,Civic Center,https://data.sf.gov/resource/vw6y-z8j6.json?service_request_id=101003972148
SF-101003983474,101003983474,CA,San Francisco,2026-05-02T21:14:53.000,2026-05-02,2026-05,incident_report,Closed,MTA - Autonomous Vehicles Complaints,37.7519716344,-122.4228789169,Dolores Heights,https://data.sf.gov/resource/vw6y-z8j6.json?service_request_id=101003983474
SF-101003984893,101003984893,CA,San Francisco,2026-05-03T10:25:07.000,2026-05-03,2026-05,other,Closed,MTA - Autonomous Vehicles Complaints,,,,https://data.sf.gov/resource/vw6y-z8j6.json?service_request_id=101003984893
SF-101003985564,101003985564,CA,San Francisco,2026-05-03T12:44:59.000,2026-05-03,2026-05,other,Closed,MTA - Autonomous Vehicles Complaints,,,,https://data.sf.gov/resource/vw6y-z8j6.json?service_request_id=101003985564
SF-101003986613,101003986613,CA,San Francisco,2026-05-03T16:13:56.000,2026-05-03,2026-05,incident_report,Closed,MTA - Autonomous Vehicles Complaints,37.7943656,-122.4802514,Presidio National Park,https://data.sf.gov/resource/vw6y-z8j6.json?service_request_id=101003986613
SF-101003990963,101003990963,CA,San Francisco,2026-05-04T11:38:17.000,2026-05-04,2026-05,incident_report,Closed,MTA - Autonomous Vehicles Complaints,37.7824527931,-122.401696188,South of Market,https://data.sf.gov/resource/vw6y-z8j6.json?service_request_id=101003990963
SF-101003994536,101003994536,CA,San Francisco,2026-05-04T19:08:28.000,2026-05-04,2026-05,incident_report,Closed,MTA - Autonomous Vehicles Complaints,37.78624767,-122.45356509,Laurel Heights / Jordan Park,https://data.sf.gov/resource/vw6y-z8j6.json?service_request_id=101003994536
SF-101003997271,101003997271,CA,San Francisco,2026-05-05T10:47:04.000,2026-05-05,2026-05,other,Closed,MTA - Autonomous Vehicles Complaints,,,,https://data.sf.gov/resource/vw6y-z8j6.json?service_request_id=101003997271
SF-101003997502,101003997502,CA,San Francisco,2026-05-05T11:13:04.000,2026-05-05,2026-05,incident_report,Closed,MTA - Autonomous Vehicles Complaints,37.769577,-122.41299942,South of Market,https://data.sf.gov/resource/vw6y-z8j6.json?service_request_id=101003997502
SF-101004008659,101004008659,CA,San Francisco,2026-05-06T22:33:43.000,2026-05-06,2026-05,incident_report,Closed,MTA - Autonomous Vehicles Complaints,37.7869395637,-122.4115156712,Tenderloin,https://data.sf.gov/resource/vw6y-z8j6.json?service_request_id=101004008659
SF-101004015594,101004015594,CA,San Francisco,2026-05-07T23:48:54.000,2026-05-07,2026-05,incident_report,Closed,MTA - Autonomous Vehicles Complaints,37.7780208712,-122.4215208022,Civic Center,https://data.sf.gov/resource/vw6y-z8j6.json?service_request_id=101004015594
SF-101004016965,101004016965,CA,San Francisco,2026-05-08T08:54:55.000,2026-05-08,2026-05,incident_report,Closed,MTA - Autonomous Vehicles Complaints,37.74485512,-122.39691732,Produce Market,https://data.sf.gov/resource/vw6y-z8j6.json?service_request_id=101004016965
SF-101004018845,101004018845,CA,San Francisco,2026-05-08T12:02:06.000,2026-05-08,2026-05,other,Closed,MTA - Autonomous Vehicles Complaints,,,,https://data.sf.gov/resource/vw6y-z8j6.json?service_request_id=101004018845
SF-101004022030,101004022030,CA,San Francisco,2026-05-08T19:55:56.000,2026-05-08,2026-05,incident_report,Closed,MTA - Autonomous Vehicles Complaints,37.8004450269,-122.4091897804,North Beach,https://data.sf.gov/resource/vw6y-z8j6.json?service_request_id=101004022030
SF-101004022606,101004022606,CA,San Francisco,2026-05-09T00:11:20.000,2026-05-09,2026-05,incident_report,Closed,MTA - Autonomous Vehicles Complaints,37.79790065,-122.40744808,North Beach,https://data.sf.gov/resource/vw6y-z8j6.json?service_request_id=101004022606
SF-101004024727,101004024727,CA,San Francisco,2026-05-09T12:22:02.000,2026-05-09,2026-05,incident_report,Closed,MTA - Autonomous Vehicles Complaints,37.78825231,-122.42041522,Lower Nob Hill,https://data.sf.gov/resource/vw6y-z8j6.json?service_request_id=101004024727
SF-101004027707,101004027707,CA,San Francisco,2026-05-09T23:58:04.000,2026-05-09,2026-05,incident_report,Closed,MTA - Autonomous Vehicles Complaints,37.7889812769,-122.3985643958,Financial District,https://data.sf.gov/resource/vw6y-z8j6.json?service_request_id=101004027707
SF-101004028393,101004028393,CA,San Francisco,2026-05-10T08:31:48.000,2026-05-10,2026-05,incident_report,Closed,MTA - Autonomous Vehicles Complaints,37.73553941,-122.48313886,Parkside,https://data.sf.gov/resource/vw6y-z8j6.json?service_request_id=101004028393
SF-101004030776,101004030776,CA,San Francisco,2026-05-10T16:11:30.000,2026-05-10,2026-05,incident_report,Closed,MTA - Autonomous Vehicles Complaints,37.72479489,-122.45653947,Westwood Park,https://data.sf.gov/resource/vw6y-z8j6.json?service_request_id=101004030776
SF-101004031065,101004031065,CA,San Francisco,2026-05-10T17:15:40.000,2026-05-10,2026-05,incident_report,Closed,MTA - Autonomous Vehicles Complaints,37.7772999081,-122.4196935421,Civic Center,https://data.sf.gov/resource/vw6y-z8j6.json?service_request_id=101004031065
SF-101004032998,101004032998,CA,San Francisco,2026-05-11T07:55:48.000,2026-05-11,2026-05,incident_report,Closed,MTA - Autonomous Vehicles Complaints,37.78417368,-122.48198947,Lake Street,https://data.sf.gov/resource/vw6y-z8j6.json?service_request_id=101004032998
SF-101004053313,101004053313,CA,San Francisco,2026-05-13T20:17:09.000,2026-05-13,2026-05,incident_report,Closed,MTA - Autonomous Vehicles Complaints,37.7985334427,-122.4391563312,Cow Hollow,https://data.sf.gov/resource/vw6y-z8j6.json?service_request_id=101004053313
SF-101004053526,101004053526,CA,San Francisco,2026-05-13T21:23:24.000,2026-05-13,2026-05,incident_report,Closed,MTA - Autonomous Vehicles Complaints,37.7893755783,-122.4187502859,Lower Nob Hill,https://data.sf.gov/resource/vw6y-z8j6.json?service_request_id=101004053526
SF-101004059186,101004059186,CA,San Francisco,2026-05-14T16:14:59.000,2026-05-14,2026-05,incident_report,Closed,MTA - Autonomous Vehicles Complaints,37.79249053,-122.39965197,Financial District,https://data.sf.gov/resource/vw6y-z8j6.json?service_request_id=101004059186
SF-101004066720,101004066720,CA,San Francisco,2026-05-15T17:55:04.000,2026-05-15,2026-05,incident_report,Closed,MTA - Autonomous Vehicles Complaints,37.8022808639,-122.4247312854,Union Street,https://data.sf.gov/resource/vw6y-z8j6.json?service_request_id=101004066720
SF-101004070472,101004070472,CA,San Francisco,2026-05-16T14:33:38.000,2026-05-16,2026-05,other,Closed,MTA - Autonomous Vehicles Complaints,,,,https://data.sf.gov/resource/vw6y-z8j6.json?service_request_id=101004070472
SF-101004077576,101004077576,CA,San Francisco,2026-05-18T03:59:48.000,2026-05-18,2026-05,incident_report,Closed,MTA - Autonomous Vehicles Complaints,37.7816271705,-122.4934464808,Outer Richmond,https://data.sf.gov/resource/vw6y-z8j6.json?service_request_id=101004077576
SF-101004079193,101004079193,CA,San Francisco,2026-05-18T09:29:17.000,2026-05-18,2026-05,incident_report,Closed,MTA - Autonomous Vehicles Complaints,37.77514107,-122.41903801,South of Market,https://data.sf.gov/resource/vw6y-z8j6.json?service_request_id=101004079193
SF-101004084927,101004084927,CA,San Francisco,2026-05-18T22:40:14.000,2026-05-18,2026-05,incident_report,Closed,MTA - Autonomous Vehicles Complaints,37.8068630995,-122.4189079673,Fisherman's Wharf,https://data.sf.gov/resource/vw6y-z8j6.json?service_request_id=101004084927
SF-101004088017,101004088017,CA,San Francisco,2026-05-19T11:37:17.000,2026-05-19,2026-05,incident_report,Closed,MTA - Autonomous Vehicles Complaints,37.77476705,-122.4258524,Hayes Valley,https://data.sf.gov/resource/vw6y-z8j6.json?service_request_id=101004088017
SF-101004089567,101004089567,CA,San Francisco,2026-05-19T14:42:15.000,2026-05-19,2026-05,incident_report,Closed,MTA - Autonomous Vehicles Complaints,37.7749918468,-122.43779868,Alamo Square,https://data.sf.gov/resource/vw6y-z8j6.json?service_request_id=101004089567
SF-101004098408,101004098408,CA,San Francisco,2026-05-20T21:53:57.000,2026-05-20,2026-05,incident_report,Closed,MTA - Autonomous Vehicles Complaints,37.79790065,-122.40744808,North Beach,https://data.sf.gov/resource/vw6y-z8j6.json?service_request_id=101004098408
SF-101004100651,101004100651,CA,San Francisco,2026-05-21T10:26:31.000,2026-05-21,2026-05,incident_report,Closed,MTA - Autonomous Vehicles Complaints,37.7698151022,-122.4177532709,Mission,https://data.sf.gov/resource/vw6y-z8j6.json?service_request_id=101004100651
SF-101004100884,101004100884,CA,San Francisco,2026-05-21T10:56:36.000,2026-05-21,2026-05,incident_report,Closed,MTA - Autonomous Vehicles Complaints,37.7748247482,-122.4241364021,Hayes Valley,https://data.sf.gov/resource/vw6y-z8j6.json?service_request_id=101004100884
SF-101004103344,101004103344,CA,San Francisco,2026-05-21T15:17:30.000,2026-05-21,2026-05,incident_report,Closed,MTA - Autonomous Vehicles Complaints,37.76662233,-122.41930756,Mission,https://data.sf.gov/resource/vw6y-z8j6.json?service_request_id=101004103344
SF-101004107206,101004107206,CA,San Francisco,2026-05-22T09:58:11.000,2026-05-22,2026-05,incident_report,Closed,MTA - Autonomous Vehicles Complaints,37.7720804314,-122.4457166168,Panhandle,https://data.sf.gov/resource/vw6y-z8j6.json?service_request_id=101004107206
SF-101004107497,101004107497,CA,San Francisco,2026-05-22T10:26:04.000,2026-05-22,2026-05,incident_report,Closed,MTA - Autonomous Vehicles Complaints,37.77996389,-122.40315594,South of Market,https://data.sf.gov/resource/vw6y-z8j6.json?service_request_id=101004107497
SF-101004109087,101004109087,CA,San Francisco,2026-05-22T13:18:45.000,2026-05-22,2026-05,incident_report,Closed,MTA - Autonomous Vehicles Complaints,37.77301415,-122.43915992,Panhandle,https://data.sf.gov/resource/vw6y-z8j6.json?service_request_id=101004109087
SF-101004111065,101004111065,CA,San Francisco,2026-05-22T17:54:44.000,2026-05-22,2026-05,incident_report,Closed,MTA - Autonomous Vehicles Complaints,37.75922177,-122.39146682,Dogpatch,https://data.sf.gov/resource/vw6y-z8j6.json?service_request_id=101004111065
SF-101004116652,101004116652,CA,San Francisco,2026-05-23T20:54:20.000,2026-05-23,2026-05,incident_report,Closed,MTA - Autonomous Vehicles Complaints,37.7846208707,-122.4688396655,Inner Richmond,https://data.sf.gov/resource/vw6y-z8j6.json?service_request_id=101004116652
SF-101004124324,101004124324,CA,San Francisco,2026-05-25T13:23:02.000,2026-05-25,2026-05,incident_report,Closed,MTA - Autonomous Vehicles Complaints,37.8010622869,-122.4194254975,Russian Hill,https://data.sf.gov/resource/vw6y-z8j6.json?service_request_id=101004124324
SF-101004125886,101004125886,CA,San Francisco,2026-05-25T18:02:54.000,2026-05-25,2026-05,incident_report,Closed,MTA - Autonomous Vehicles Complaints,37.77242606,-122.45408229,Golden Gate Park,https://data.sf.gov/resource/vw6y-z8j6.json?service_request_id=101004125886
SF-101004126756,101004126756,CA,San Francisco,2026-05-25T23:51:55.000,2026-05-25,2026-05,other,Closed,MTA - Autonomous Vehicles Complaints,,,,https://data.sf.gov/resource/vw6y-z8j6.json?service_request_id=101004126756
SF-101004136638,101004136638,CA,San Francisco,2026-05-27T11:30:55.000,2026-05-27,2026-05,incident_report,Closed,MTA - Autonomous Vehicles Complaints,37.789234789,-122.3951510879,South of Market,https://data.sf.gov/resource/vw6y-z8j6.json?service_request_id=101004136638
SF-101004137275,101004137275,CA,San Francisco,2026-05-27T12:37:08.000,2026-05-27,2026-05,incident_report,Closed,MTA - Autonomous Vehicles Complaints,37.7704023,-122.43533567,Duboce Triangle,https://data.sf.gov/resource/vw6y-z8j6.json?service_request_id=101004137275
SF-101004139766,101004139766,CA,San Francisco,2026-05-27T16:49:51.000,2026-05-27,2026-05,incident_report,Closed,MTA - Autonomous Vehicles Complaints,37.7835035362,-122.3941506435,Rincon Hill,https://data.sf.gov/resource/vw6y-z8j6.json?service_request_id=101004139766
SF-101004139919,101004139919,CA,San Francisco,2026-05-27T17:11:02.000,2026-05-27,2026-05,incident_report,Closed,MTA - Autonomous Vehicles Complaints,37.75789524,-122.38768031,Dogpatch,https://data.sf.gov/resource/vw6y-z8j6.json?service_request_id=101004139919
SF-101004142049,101004142049,CA,San Francisco,2026-05-28T08:47:09.000,2026-05-28,2026-05,incident_report,Closed,MTA - Autonomous Vehicles Complaints,37.77142475,-122.42347125,Mint Hill,https://data.sf.gov/resource/vw6y-z8j6.json?service_request_id=101004142049
SF-101004143082,101004143082,CA,San Francisco,2026-05-28T10:39:31.000,2026-05-28,2026-05,incident_report,Closed,MTA - Autonomous Vehicles Complaints,37.80520228,-122.41200317,North Beach,https://data.sf.gov/resource/vw6y-z8j6.json?service_request_id=101004143082
SF-101004143979,101004143979,CA,San Francisco,2026-05-28T12:10:46.000,2026-05-28,2026-05,incident_report,Closed,MTA - Autonomous Vehicles Complaints,37.74090915,-122.3847796,Bayview,https://data.sf.gov/resource/vw6y-z8j6.json?service_request_id=101004143979
SF-101004144103,101004144103,CA,San Francisco,2026-05-28T12:23:48.000,2026-05-28,2026-05,other,Closed,MTA - Autonomous Vehicles Complaints,,,,https://data.sf.gov/resource/vw6y-z8j6.json?service_request_id=101004144103
SF-101004154098,101004154098,CA,San Francisco,2026-05-29T19:49:39.000,2026-05-29,2026-05,incident_report,Closed,MTA - Autonomous Vehicles Complaints,37.76198846,-122.41965971,Mission,https://data.sf.gov/resource/vw6y-z8j6.json?service_request_id=101004154098
SF-101004154443,101004154443,CA,San Francisco,2026-05-29T22:11:37.000,2026-05-29,2026-05,incident_report,Closed,MTA - Autonomous Vehicles Complaints,37.77432959,-122.42906807,Hayes Valley,https://data.sf.gov/resource/vw6y-z8j6.json?service_request_id=101004154443
SF-101004154495,101004154495,CA,San Francisco,2026-05-29T22:46:57.000,2026-05-29,2026-05,incident_report,Closed,MTA - Autonomous Vehicles Complaints,37.7787474761,-122.423354128,Western Addition,https://data.sf.gov/resource/vw6y-z8j6.json?service_request_id=101004154495
SF-101004158077,101004158077,CA,San Francisco,2026-05-30T16:15:54.000,2026-05-30,2026-05,other,Closed,MTA - Autonomous Vehicles Complaints,,,,https://data.sf.gov/resource/vw6y-z8j6.json?service_request_id=101004158077
SF-101004162255,101004162255,CA,San Francisco,2026-05-31T14:28:47.000,2026-05-31,2026-05,incident_report,Closed,MTA - Autonomous Vehicles Complaints,37.78246904,-122.39739071,South of Market,https://data.sf.gov/resource/vw6y-z8j6.json?service_request_id=101004162255
SF-101004166458,101004166458,CA,San Francisco,2026-06-01T10:23:28.000,2026-06-01,2026-06,incident_report,Closed,MTA - Autonomous Vehicles Complaints,37.77230116,-122.42549469,Mint Hill,https://data.sf.gov/resource/vw6y-z8j6.json?service_request_id=101004166458
SF-101004168213,101004168213,CA,San Francisco,2026-06-01T13:13:29.000,2026-06-01,2026-06,incident_report,Closed,MTA - Autonomous Vehicles Complaints,37.788698943,-122.4203070098,Lower Nob Hill,https://data.sf.gov/resource/vw6y-z8j6.json?service_request_id=101004168213
SF-101004169471,101004169471,CA,San Francisco,2026-06-01T15:04:08.000,2026-06-01,2026-06,incident_report,Closed,MTA - Autonomous Vehicles Complaints,37.79194345,-122.42288398,Pacific Heights,https://data.sf.gov/resource/vw6y-z8j6.json?service_request_id=101004169471
SF-101004173825,101004173825,CA,San Francisco,2026-06-02T09:49:53.000,2026-06-02,2026-06,incident_report,Closed,MTA - Autonomous Vehicles Complaints,37.7775532201,-122.3911212533,Mission Bay,https://data.sf.gov/resource/vw6y-z8j6.json?service_request_id=101004173825
SF-101004177777,101004177777,CA,San Francisco,2026-06-02T17:30:30.000,2026-06-02,2026-06,incident_report,Closed,MTA - Autonomous Vehicles Complaints,37.74142568,-122.46870349,West Portal,https://data.sf.gov/resource/vw6y-z8j6.json?service_request_id=101004177777
SF-101004177852,101004177852,CA,San Francisco,2026-06-02T17:48:53.000,2026-06-02,2026-06,incident_report,Closed,MTA - Autonomous Vehicles Complaints,37.761781309,-122.4467834894,Ashbury Heights,https://data.sf.gov/resource/vw6y-z8j6.json?service_request_id=101004177852
SF-101004183625,101004183625,CA,San Francisco,2026-06-03T15:45:54.000,2026-06-03,2026-06,incident_report,Closed,MTA - Autonomous Vehicles Complaints,37.7695744,-122.42472602,Mission Dolores,https://data.sf.gov/resource/vw6y-z8j6.json?service_request_id=101004183625
SF-101004184452,101004184452,CA,San Francisco,2026-06-03T17:51:00.000,2026-06-03,2026-06,incident_report,Closed,MTA - Autonomous Vehicles Complaints,37.7920425601,-122.4091713937,Nob Hill,https://data.sf.gov/resource/vw6y-z8j6.json?service_request_id=101004184452
SF-101004187126,101004187126,CA,San Francisco,2026-06-04T09:33:39.000,2026-06-04,2026-06,other,Closed,MTA - Autonomous Vehicles Complaints,,,,https://data.sf.gov/resource/vw6y-z8j6.json?service_request_id=101004187126
SF-101004187220,101004187220,CA,San Francisco,2026-06-04T09:46:04.000,2026-06-04,2026-06,incident_report,Closed,MTA - Autonomous Vehicles Complaints,37.78142946,-122.41663072,Tenderloin,https://data.sf.gov/resource/vw6y-z8j6.json?service_request_id=101004187220
SF-101004190672,101004190672,CA,San Francisco,2026-06-04T16:29:22.000,2026-06-04,2026-06,incident_report,Closed,MTA - Autonomous Vehicles Complaints,37.75777723,-122.4216255,Dolores Heights,https://data.sf.gov/resource/vw6y-z8j6.json?service_request_id=101004190672
SF-101004191959,101004191959,CA,San Francisco,2026-06-04T22:03:28.000,2026-06-04,2026-06,incident_report,Closed,MTA - Autonomous Vehicles Complaints,37.7825849253,-122.4156938772,Tenderloin,https://data.sf.gov/resource/vw6y-z8j6.json?service_request_id=101004191959
SF-101004200444,101004200444,CA,San Francisco,2026-06-06T12:01:10.000,2026-06-06,2026-06,other,Closed,MTA - Autonomous Vehicles Complaints,,,,https://data.sf.gov/resource/vw6y-z8j6.json?service_request_id=101004200444
SF-101004208743,101004208743,CA,San Francisco,2026-06-08T08:01:09.000,2026-06-08,2026-06,incident_report,Closed,MTA - Autonomous Vehicles Complaints,37.78794836,-122.42531719,Cathedral Hill,https://data.sf.gov/resource/vw6y-z8j6.json?service_request_id=101004208743
SF-101004212103,101004212103,CA,San Francisco,2026-06-08T13:58:19.000,2026-06-08,2026-06,other,Closed,MTA - Autonomous Vehicles Complaints,,,,https://data.sf.gov/resource/vw6y-z8j6.json?service_request_id=101004212103
SF-101004214303,101004214303,CA,San Francisco,2026-06-08T20:24:07.000,2026-06-08,2026-06,incident_report,Closed,MTA - Autonomous Vehicles Complaints,37.7389515672,-122.4258152556,Fairmount,https://data.sf.gov/resource/vw6y-z8j6.json?service_request_id=101004214303
SF-101004221522,101004221522,CA,San Francisco,2026-06-09T22:14:52.000,2026-06-09,2026-06,other,Closed,MTA - Autonomous Vehicles Complaints,,,,https://data.sf.gov/resource/vw6y-z8j6.json?service_request_id=101004221522
SF-101004232497,101004232497,CA,San Francisco,2026-06-11T14:49:40.000,2026-06-11,2026-06,other,Closed,MTA - Autonomous Vehicles Complaints,,,,https://data.sf.gov/resource/vw6y-z8j6.json?service_request_id=101004232497
SF-101004233322,101004233322,CA,San Francisco,2026-06-11T16:34:31.000,2026-06-11,2026-06,incident_report,Closed,MTA - Autonomous Vehicles Complaints,37.79107823,-122.39945325,Financial District,https://data.sf.gov/resource/vw6y-z8j6.json?service_request_id=101004233322
SF-101004239722,101004239722,CA,San Francisco,2026-06-12T15:55:42.000,2026-06-12,2026-06,incident_report,Closed,MTA - Autonomous Vehicles Complaints,37.77556731,-122.3876017,,https://data.sf.gov/resource/vw6y-z8j6.json?service_request_id=101004239722
SF-101004239972,101004239972,CA,San Francisco,2026-06-12T16:28:17.000,2026-06-12,2026-06,incident_report,Closed,MTA - Autonomous Vehicles Complaints,37.80532027,-122.42058297,Aquatic Park / Ft. Mason,https://data.sf.gov/resource/vw6y-z8j6.json?service_request_id=101004239972
SF-101004240176,101004240176,CA,San Francisco,2026-06-12T17:11:09.000,2026-06-12,2026-06,incident_report,Closed,MTA - Autonomous Vehicles Complaints,37.77640374,-122.42630187,Hayes Valley,https://data.sf.gov/resource/vw6y-z8j6.json?service_request_id=101004240176
SF-101004245842,101004245842,CA,San Francisco,2026-06-13T20:16:23.000,2026-06-13,2026-06,incident_report,Closed,MTA - Autonomous Vehicles Complaints,37.76470992,-122.45000738,Ashbury Heights,https://data.sf.gov/resource/vw6y-z8j6.json?service_request_id=101004245842
SF-101004248864,101004248864,CA,San Francisco,2026-06-14T13:31:43.000,2026-06-14,2026-06,incident_report,Closed,MTA - Autonomous Vehicles Complaints,37.7654479914,-122.47730848,Inner Sunset,https://data.sf.gov/resource/vw6y-z8j6.json?service_request_id=101004248864
SF-101004249743,101004249743,CA,San Francisco,2026-06-14T16:50:21.000,2026-06-14,2026-06,other,Closed,MTA - Autonomous Vehicles Complaints,,,,https://data.sf.gov/resource/vw6y-z8j6.json?service_request_id=101004249743
SF-101004256103,101004256103,CA,San Francisco,2026-06-15T15:51:13.000,2026-06-15,2026-06,incident_report,Closed,MTA - Autonomous Vehicles Complaints,37.76162734,-122.42369231,Mission Dolores,https://data.sf.gov/resource/vw6y-z8j6.json?service_request_id=101004256103
SF-101004257088,101004257088,CA,San Francisco,2026-06-15T18:19:57.000,2026-06-15,2026-06,incident_report,Closed,MTA - Autonomous Vehicles Complaints,37.7229665174,-122.4447466271,Mission Terrace,https://data.sf.gov/resource/vw6y-z8j6.json?service_request_id=101004257088
SF-101004257771,101004257771,CA,San Francisco,2026-06-15T21:33:57.000,2026-06-15,2026-06,incident_report,Closed,MTA - Autonomous Vehicles Complaints,37.8051695173,-122.417226282,Russian Hill,https://data.sf.gov/resource/vw6y-z8j6.json?service_request_id=101004257771
SF-101004259156,101004259156,CA,San Francisco,2026-06-16T08:44:30.000,2026-06-16,2026-06,incident_report,Closed,MTA - Autonomous Vehicles Complaints,37.74833064,-122.41597755,Mission,https://data.sf.gov/resource/vw6y-z8j6.json?service_request_id=101004259156
SF-101004261765,101004261765,CA,San Francisco,2026-06-16T13:34:01.000,2026-06-16,2026-06,other,Closed,MTA - Autonomous Vehicles Complaints,,,,https://data.sf.gov/resource/vw6y-z8j6.json?service_request_id=101004261765
SF-101004264584,101004264584,CA,San Francisco,2026-06-16T22:57:06.000,2026-06-16,2026-06,incident_report,Closed,MTA - Autonomous Vehicles Complaints,37.7917159737,-122.3982642878,Financial District,https://data.sf.gov/resource/vw6y-z8j6.json?service_request_id=101004264584
SF-101004264590,101004264590,CA,San Francisco,2026-06-16T23:00:01.000,2026-06-16,2026-06,incident_report,Closed,MTA - Autonomous Vehicles Complaints,37.7856857375,-122.4213934328,Cathedral Hill,https://data.sf.gov/resource/vw6y-z8j6.json?service_request_id=101004264590
SF-101004268083,101004268083,CA,San Francisco,2026-06-17T13:04:02.000,2026-06-17,2026-06,incident_report,Closed,MTA - Autonomous Vehicles Complaints,37.7614270874,-122.426076475,Mission Dolores,https://data.sf.gov/resource/vw6y-z8j6.json?service_request_id=101004268083
SF-101004268836,101004268836,CA,San Francisco,2026-06-17T14:38:25.000,2026-06-17,2026-06,incident_report,Closed,MTA - Autonomous Vehicles Complaints,37.80689224,-122.4066956,Fisherman's Wharf,https://data.sf.gov/resource/vw6y-z8j6.json?service_request_id=101004268836
SF-101004269553,101004269553,CA,San Francisco,2026-06-17T16:00:09.000,2026-06-17,2026-06,incident_report,Closed,MTA - Autonomous Vehicles Complaints,37.7643657242,-122.4588148941,Inner Sunset,https://data.sf.gov/resource/vw6y-z8j6.json?service_request_id=101004269553
SF-101004272422,101004272422,CA,San Francisco,2026-06-18T08:34:51.000,2026-06-18,2026-06,incident_report,Closed,MTA - Autonomous Vehicles Complaints,37.77910801,-122.39257322,South Beach,https://data.sf.gov/resource/vw6y-z8j6.json?service_request_id=101004272422
SF-101004281484,101004281484,CA,San Francisco,2026-06-19T13:30:18.000,2026-06-19,2026-06,incident_report,Closed,MTA - Autonomous Vehicles Complaints,37.80647661,-122.42036292,Fisherman's Wharf,https://data.sf.gov/resource/vw6y-z8j6.json?service_request_id=101004281484
SF-101004281491,101004281491,CA,San Francisco,2026-06-19T13:32:09.000,2026-06-19,2026-06,incident_report,Closed,MTA - Autonomous Vehicles Complaints,37.80647661,-122.42036292,Fisherman's Wharf,https://data.sf.gov/resource/vw6y-z8j6.json?service_request_id=101004281491
SF-101004282687,101004282687,CA,San Francisco,2026-06-19T16:35:48.000,2026-06-19,2026-06,incident_report,Closed,MTA - Autonomous Vehicles Complaints,37.80647661,-122.42036292,Fisherman's Wharf,https://data.sf.gov/resource/vw6y-z8j6.json?service_request_id=101004282687
SF-101004284699,101004284699,CA,San Francisco,2026-06-20T08:13:27.000,2026-06-20,2026-06,incident_report,Closed,MTA - Autonomous Vehicles Complaints,37.73350737,-122.43408613,Glen Park,https://data.sf.gov/resource/vw6y-z8j6.json?service_request_id=101004284699
SF-101004285109,101004285109,CA,San Francisco,2026-06-20T09:35:04.000,2026-06-20,2026-06,incident_report,Closed,MTA - Autonomous Vehicles Complaints,37.7741669204,-122.4594862399,Inner Richmond,https://data.sf.gov/resource/vw6y-z8j6.json?service_request_id=101004285109
SF-101004286555,101004286555,CA,San Francisco,2026-06-20T13:12:24.000,2026-06-20,2026-06,incident_report,Closed,MTA - Autonomous Vehicles Complaints,37.80118915,-122.41109243,North Beach,https://data.sf.gov/resource/vw6y-z8j6.json?service_request_id=101004286555
SF-101004286720,101004286720,CA,San Francisco,2026-06-20T13:44:43.000,2026-06-20,2026-06,other,Closed,MTA - Autonomous Vehicles Complaints,,,,https://data.sf.gov/resource/vw6y-z8j6.json?service_request_id=101004286720
SF-101004288282,101004288282,CA,San Francisco,2026-06-20T19:36:57.000,2026-06-20,2026-06,incident_report,Closed,MTA - Autonomous Vehicles Complaints,37.7712684721,-122.4795041144,Golden Gate Park,https://data.sf.gov/resource/vw6y-z8j6.json?service_request_id=101004288282
SF-101004288618,101004288618,CA,San Francisco,2026-06-20T21:25:22.000,2026-06-20,2026-06,incident_report,Closed,MTA - Autonomous Vehicles Complaints,37.79203537,-122.41734412,Nob Hill,https://data.sf.gov/resource/vw6y-z8j6.json?service_request_id=101004288618
SF-101004288794,101004288794,CA,San Francisco,2026-06-20T22:27:20.000,2026-06-20,2026-06,incident_report,Closed,MTA - Autonomous Vehicles Complaints,37.7647592,-122.42217929,Mission Dolores,https://data.sf.gov/resource/vw6y-z8j6.json?service_request_id=101004288794
SF-101004292189,101004292189,CA,San Francisco,2026-06-21T16:58:05.000,2026-06-21,2026-06,other,Closed,MTA - Autonomous Vehicles Complaints,,,,https://data.sf.gov/resource/vw6y-z8j6.json?service_request_id=101004292189
SF-101004300269,101004300269,CA,San Francisco,2026-06-22T19:55:51.000,2026-06-22,2026-06,other,Closed,MTA - Autonomous Vehicles Complaints,,,,https://data.sf.gov/resource/vw6y-z8j6.json?service_request_id=101004300269
SF-101004300381,101004300381,CA,San Francisco,2026-06-22T20:42:45.000,2026-06-22,2026-06,incident_report,Closed,MTA - Autonomous Vehicles Complaints,37.7609506164,-122.402203127,Potrero Hill,https://data.sf.gov/resource/vw6y-z8j6.json?service_request_id=101004300381
SF-101004300396,101004300396,CA,San Francisco,2026-06-22T20:48:43.000,2026-06-22,2026-06,other,Closed,MTA - Autonomous Vehicles Complaints,,,,https://data.sf.gov/resource/vw6y-z8j6.json?service_request_id=101004300396
SF-101004300506,101004300506,CA,San Francisco,2026-06-22T22:02:52.000,2026-06-22,2026-06,incident_report,Closed,MTA - Autonomous Vehicles Complaints,37.7609506164,-122.402203127,Potrero Hill,https://data.sf.gov/resource/vw6y-z8j6.json?service_request_id=101004300506
SF-101004305870,101004305870,CA,San Francisco,2026-06-23T16:39:24.000,2026-06-23,2026-06,incident_report,Closed,MTA - Autonomous Vehicles Complaints,37.76317057,-122.44258695,Buena Vista,https://data.sf.gov/resource/vw6y-z8j6.json?service_request_id=101004305870
SF-101004306323,101004306323,CA,San Francisco,2026-06-23T18:02:18.000,2026-06-23,2026-06,incident_report,Closed,MTA - Autonomous Vehicles Complaints,37.7800897653,-122.3942999569,South Beach,https://data.sf.gov/resource/vw6y-z8j6.json?service_request_id=101004306323
SF-101004306334,101004306334,CA,San Francisco,2026-06-23T18:06:16.000,2026-06-23,2026-06,incident_report,Closed,MTA - Autonomous Vehicles Complaints,37.78250614,-122.39262099,South Beach,https://data.sf.gov/resource/vw6y-z8j6.json?service_request_id=101004306334
SF-101004306381,101004306381,CA,San Francisco,2026-06-23T18:19:40.000,2026-06-23,2026-06,incident_report,Closed,MTA - Autonomous Vehicles Complaints,37.77635302,-122.39420569,Mission Bay,https://data.sf.gov/resource/vw6y-z8j6.json?service_request_id=101004306381
SF-101004308947,101004308947,CA,San Francisco,2026-06-24T09:39:55.000,2026-06-24,2026-06,incident_report,Closed,MTA - Autonomous Vehicles Complaints,37.77169876,-122.42537308,Mint Hill,https://data.sf.gov/resource/vw6y-z8j6.json?service_request_id=101004308947
SF-101004313819,101004313819,CA,San Francisco,2026-06-24T22:17:03.000,2026-06-24,2026-06,incident_report,Closed,MTA - Autonomous Vehicles Complaints,37.7945882152,-122.3965858127,Financial District,https://data.sf.gov/resource/vw6y-z8j6.json?service_request_id=101004313819
SF-101004315355,101004315355,CA,San Francisco,2026-06-25T09:21:43.000,2026-06-25,2026-06,incident_report,Closed,MTA - Autonomous Vehicles Complaints,37.77771946,-122.4230413,Hayes Valley,https://data.sf.gov/resource/vw6y-z8j6.json?service_request_id=101004315355
SF-101004315788,101004315788,CA,San Francisco,2026-06-25T10:10:10.000,2026-06-25,2026-06,incident_report,Closed,MTA - Autonomous Vehicles Complaints,37.79357896,-122.41234343,Nob Hill,https://data.sf.gov/resource/vw6y-z8j6.json?service_request_id=101004315788
SF-101004321620,101004321620,CA,San Francisco,2026-06-26T09:15:06.000,2026-06-26,2026-06,incident_report,Closed,MTA - Autonomous Vehicles Complaints,37.77558947,-122.39324318,Mission Bay,https://data.sf.gov/resource/vw6y-z8j6.json?service_request_id=101004321620
SF-101004321954,101004321954,CA,San Francisco,2026-06-26T09:47:00.000,2026-06-26,2026-06,other,Closed,MTA - Autonomous Vehicles Complaints,,,,https://data.sf.gov/resource/vw6y-z8j6.json?service_request_id=101004321954
SF-101004328802,101004328802,CA,San Francisco,2026-06-27T10:49:51.000,2026-06-27,2026-06,incident_report,Closed,MTA - Autonomous Vehicles Complaints,37.7718855267,-122.4233968758,Mint Hill,https://data.sf.gov/resource/vw6y-z8j6.json?service_request_id=101004328802
SF-101004329289,101004329289,CA,San Francisco,2026-06-27T11:52:01.000,2026-06-27,2026-06,incident_report,Closed,MTA - Autonomous Vehicles Complaints,37.79695001,-122.3959358,Northern Waterfront,https://data.sf.gov/resource/vw6y-z8j6.json?service_request_id=101004329289
SF-101004330424,101004330424,CA,San Francisco,2026-06-27T14:31:40.000,2026-06-27,2026-06,incident_report,Closed,MTA - Autonomous Vehicles Complaints,37.77445735,-122.4578984,Lone Mountain,https://data.sf.gov/resource/vw6y-z8j6.json?service_request_id=101004330424
SF-101004331479,101004331479,CA,San Francisco,2026-06-27T17:52:38.000,2026-06-27,2026-06,incident_report,Closed,MTA - Autonomous Vehicles Complaints,37.7898943,-122.3959053,South of Market,https://data.sf.gov/resource/vw6y-z8j6.json?service_request_id=101004331479
SF-101004331801,101004331801,CA,San Francisco,2026-06-27T19:03:43.000,2026-06-27,2026-06,other,Closed,MTA - Autonomous Vehicles Complaints,,,,https://data.sf.gov/resource/vw6y-z8j6.json?service_request_id=101004331801
SF-101004333715,101004333715,CA,San Francisco,2026-06-28T09:18:11.000,2026-06-28,2026-06,incident_report,Closed,MTA - Autonomous Vehicles Complaints,37.78424929,-122.41418436,Tenderloin,https://data.sf.gov/resource/vw6y-z8j6.json?service_request_id=101004333715
SF-101004337641,101004337641,CA,San Francisco,2026-06-28T23:28:29.000,2026-06-28,2026-06,incident_report,Closed,MTA - Autonomous Vehicles Complaints,37.71832112,-122.45427481,Ingleside,https://data.sf.gov/resource/vw6y-z8j6.json?service_request_id=101004337641
SF-101004343401,101004343401,CA,San Francisco,2026-06-29T16:31:30.000,2026-06-29,2026-06,incident_report,Closed,MTA - Autonomous Vehicles Complaints,37.77080458,-122.42513181,Mint Hill,https://data.sf.gov/resource/vw6y-z8j6.json?service_request_id=101004343401
SF-101004343671,101004343671,CA,San Francisco,2026-06-29T17:17:01.000,2026-06-29,2026-06,incident_report,Closed,MTA - Autonomous Vehicles Complaints,37.77016019,-122.41555902,South of Market,https://data.sf.gov/resource/vw6y-z8j6.json?service_request_id=101004343671
SF-101004344572,101004344572,CA,San Francisco,2026-06-29T20:57:45.000,2026-06-29,2026-06,incident_report,Closed,MTA - Autonomous Vehicles Complaints,37.7921747101,-122.4226942809,Pacific Heights,https://data.sf.gov/resource/vw6y-z8j6.json?service_request_id=101004344572
SF-101004347882,101004347882,CA,San Francisco,2026-06-30T12:22:03.000,2026-06-30,2026-06,incident_report,Closed,MTA - Autonomous Vehicles Complaints,37.80654804,-122.40572775,Fisherman's Wharf,https://data.sf.gov/resource/vw6y-z8j6.json?service_request_id=101004347882
SF-101004351631,101004351631,CA,San Francisco,2026-07-01T00:09:09.000,2026-07-01,2026-07,incident_report,Closed,MTA - Autonomous Vehicles Complaints,37.7640908061,-122.4130027741,Mission,https://data.sf.gov/resource/vw6y-z8j6.json?service_request_id=101004351631
SF-101004353662,101004353662,CA,San Francisco,2026-07-01T10:15:55.000,2026-07-01,2026-07,incident_report,Closed,MTA - Autonomous Vehicles Complaints,37.7967039477,-122.4084310212,Chinatown,https://data.sf.gov/resource/vw6y-z8j6.json?service_request_id=101004353662
SF-101004353969,101004353969,CA,San Francisco,2026-07-01T10:44:03.000,2026-07-01,2026-07,incident_report,Closed,MTA - Autonomous Vehicles Complaints,37.73942945,-122.42447516,Fairmount,https://data.sf.gov/resource/vw6y-z8j6.json?service_request_id=101004353969
SF-101004363626,101004363626,CA,San Francisco,2026-07-02T16:26:33.000,2026-07-02,2026-07,incident_report,Closed,MTA - Autonomous Vehicles Complaints,37.7747553999,-122.4546827455,Lone Mountain,https://data.sf.gov/resource/vw6y-z8j6.json?service_request_id=101004363626
SF-101004373422,101004373422,CA,San Francisco,2026-07-04T15:30:50.000,2026-07-04,2026-07,incident_report,Closed,MTA - Autonomous Vehicles Complaints,37.77735704,-122.42312727,Hayes Valley,https://data.sf.gov/resource/vw6y-z8j6.json?service_request_id=101004373422
SF-101004375081,101004375081,CA,San Francisco,2026-07-04T21:29:43.000,2026-07-04,2026-07,other,Closed,MTA - Autonomous Vehicles Complaints,,,,https://data.sf.gov/resource/vw6y-z8j6.json?service_request_id=101004375081
SF-101004375287,101004375287,CA,San Francisco,2026-07-04T22:12:09.000,2026-07-04,2026-07,incident_report,Closed,MTA - Autonomous Vehicles Complaints,37.7887274,-122.48704591,Seacliff,https://data.sf.gov/resource/vw6y-z8j6.json?service_request_id=101004375287
SF-101004377223,101004377223,CA,San Francisco,2026-07-05T10:09:03.000,2026-07-05,2026-07,incident_report,Closed,MTA - Autonomous Vehicles Complaints,37.77848059,-122.41894779,Civic Center,https://data.sf.gov/resource/vw6y-z8j6.json?service_request_id=101004377223
SF-101004379132,101004379132,CA,San Francisco,2026-07-05T16:30:32.000,2026-07-05,2026-07,incident_report,Closed,MTA - Autonomous Vehicles Complaints,37.76063533,-122.40199662,Potrero Hill,https://data.sf.gov/resource/vw6y-z8j6.json?service_request_id=101004379132
SF-101004382063,101004382063,CA,San Francisco,2026-07-06T09:53:19.000,2026-07-06,2026-07,incident_report,Closed,MTA - Autonomous Vehicles Complaints,37.7648459491,-122.5008571698,Golden Gate Park,https://data.sf.gov/resource/vw6y-z8j6.json?service_request_id=101004382063
SF-101004386620,101004386620,CA,San Francisco,2026-07-06T18:09:26.000,2026-07-06,2026-07,incident_report,Closed,MTA - Autonomous Vehicles Complaints,37.80032296,-122.45074518,Presidio National Park,https://data.sf.gov/resource/vw6y-z8j6.json?service_request_id=101004386620
SF-101004387243,101004387243,CA,San Francisco,2026-07-06T21:15:36.000,2026-07-06,2026-07,incident_report,Closed,MTA - Autonomous Vehicles Complaints,37.79029335,-122.40728597,Downtown / Union Square,https://data.sf.gov/resource/vw6y-z8j6.json?service_request_id=101004387243
SF-101004391854,101004391854,CA,San Francisco,2026-07-07T15:09:20.000,2026-07-07,2026-07,incident_report,Closed,MTA - Autonomous Vehicles Complaints,37.7335503475,-122.434144399,Glen Park,https://data.sf.gov/resource/vw6y-z8j6.json?service_request_id=101004391854
SF-101004395423,101004395423,CA,San Francisco,2026-07-08T10:04:33.000,2026-07-08,2026-07,incident_report,Closed,MTA - Autonomous Vehicles Complaints,37.79543711,-122.39846332,Financial District,https://data.sf.gov/resource/vw6y-z8j6.json?service_request_id=101004395423
SF-101004396682,101004396682,CA,San Francisco,2026-07-08T12:42:13.000,2026-07-08,2026-07,incident_report,Closed,MTA - Autonomous Vehicles Complaints,37.76207289,-122.46531118,Inner Sunset,https://data.sf.gov/resource/vw6y-z8j6.json?service_request_id=101004396682
SF-101004396685,101004396685,CA,San Francisco,2026-07-08T12:42:25.000,2026-07-08,2026-07,incident_report,Closed,MTA - Autonomous Vehicles Complaints,37.792140785,-122.4083639352,Nob Hill,https://data.sf.gov/resource/vw6y-z8j6.json?service_request_id=101004396685
SF-101004396739,101004396739,CA,San Francisco,2026-07-08T12:46:37.000,2026-07-08,2026-07,incident_report,Closed,MTA - Autonomous Vehicles Complaints,37.75099573,-122.38877915,Central Waterfront,https://data.sf.gov/resource/vw6y-z8j6.json?service_request_id=101004396739
SF-101004396805,101004396805,CA,San Francisco,2026-07-08T12:50:58.000,2026-07-08,2026-07,incident_report,Closed,MTA - Autonomous Vehicles Complaints,37.79369582,-122.41142472,Nob Hill,https://data.sf.gov/resource/vw6y-z8j6.json?service_request_id=101004396805
SF-101004398280,101004398280,CA,San Francisco,2026-07-08T15:45:09.000,2026-07-08,2026-07,incident_report,Closed,MTA - Autonomous Vehicles Complaints,37.76123356,-122.40205401,Potrero Hill,https://data.sf.gov/resource/vw6y-z8j6.json?service_request_id=101004398280
SF-101004400050,101004400050,CA,San Francisco,2026-07-08T21:52:36.000,2026-07-08,2026-07,incident_report,Closed,MTA - Autonomous Vehicles Complaints,37.76932048,-122.3888568,Mission Bay,https://data.sf.gov/resource/vw6y-z8j6.json?service_request_id=101004400050
SF-101004402527,101004402527,CA,San Francisco,2026-07-09T11:21:37.000,2026-07-09,2026-07,incident_report,Closed,MTA - Autonomous Vehicles Complaints,37.7830875516,-122.4612074585,Inner Richmond,https://data.sf.gov/resource/vw6y-z8j6.json?service_request_id=101004402527
SF-101004408807,101004408807,CA,San Francisco,2026-07-10T10:53:10.000,2026-07-10,2026-07,incident_report,Closed,MTA - Autonomous Vehicles Complaints,37.79264477,-122.39989541,Financial District,https://data.sf.gov/resource/vw6y-z8j6.json?service_request_id=101004408807
SF-101004410882,101004410882,CA,San Francisco,2026-07-10T15:06:04.000,2026-07-10,2026-07,incident_report,Closed,MTA - Autonomous Vehicles Complaints,37.80607923,-122.41842708,Fisherman's Wharf,https://data.sf.gov/resource/vw6y-z8j6.json?service_request_id=101004410882
SF-101004420918,101004420918,CA,San Francisco,2026-07-12T16:25:02.000,2026-07-12,2026-07,incident_report,Closed,MTA - Autonomous Vehicles Complaints,37.78983751,-122.45423328,Presidio Heights,https://data.sf.gov/resource/vw6y-z8j6.json?service_request_id=101004420918
SF-101004447958,101004447958,CA,San Francisco,2026-07-16T18:33:20.000,2026-07-16,2026-07,incident_report,Closed,MTA - Autonomous Vehicles Complaints,37.7654474944,-122.4131051874,Mission,https://data.sf.gov/resource/vw6y-z8j6.json?service_request_id=101004447958
SF-101004450639,101004450639,CA,San Francisco,2026-07-17T10:14:01.000,2026-07-17,2026-07,incident_report,Closed,MTA - Autonomous Vehicles Complaints,37.77485638,-122.38774109,,https://data.sf.gov/resource/vw6y-z8j6.json?service_request_id=101004450639
SF-101004453970,101004453970,CA,San Francisco,2026-07-17T16:16:47.000,2026-07-17,2026-07,incident_report,Closed,MTA - Autonomous Vehicles Complaints,37.79116693,-122.42424891,Pacific Heights,https://data.sf.gov/resource/vw6y-z8j6.json?service_request_id=101004453970
SF-101004454339,101004454339,CA,San Francisco,2026-07-17T17:07:01.000,2026-07-17,2026-07,incident_report,Closed,MTA - Autonomous Vehicles Complaints,37.75158986,-122.42735625,Dolores Heights,https://data.sf.gov/resource/vw6y-z8j6.json?service_request_id=101004454339
SF-101004461452,101004461452,CA,San Francisco,2026-07-19T10:21:13.000,2026-07-19,2026-07,incident_report,Closed,MTA - Autonomous Vehicles Complaints,37.80673044,-122.40637293,Fisherman's Wharf,https://data.sf.gov/resource/vw6y-z8j6.json?service_request_id=101004461452
SF-101004462495,101004462495,CA,San Francisco,2026-07-19T13:24:22.000,2026-07-19,2026-07,other,Closed,MTA - Autonomous Vehicles Complaints,,,,https://data.sf.gov/resource/vw6y-z8j6.json?service_request_id=101004462495
SF-101004463778,101004463778,CA,San Francisco,2026-07-19T18:08:30.000,2026-07-19,2026-07,incident_report,Closed,MTA - Autonomous Vehicles Complaints,37.780606858,-122.3905272458,South Beach,https://data.sf.gov/resource/vw6y-z8j6.json?service_request_id=101004463778
SF-101004463803,101004463803,CA,San Francisco,2026-07-19T18:11:12.000,2026-07-19,2026-07,incident_report,Closed,MTA - Autonomous Vehicles Complaints,37.7690011423,-122.3862963752,Mission Bay,https://data.sf.gov/resource/vw6y-z8j6.json?service_request_id=101004463803
SF-101004464598,101004464598,CA,San Francisco,2026-07-19T22:46:26.000,2026-07-19,2026-07,incident_report,Closed,MTA - Autonomous Vehicles Complaints,37.7945267694,-122.4113641398,Nob Hill,https://data.sf.gov/resource/vw6y-z8j6.json?service_request_id=101004464598
SF-101004464708,101004464708,CA,San Francisco,2026-07-20T01:07:54.000,2026-07-20,2026-07,incident_report,Closed,MTA - Autonomous Vehicles Complaints,37.78177709,-122.42143144,Cathedral Hill,https://data.sf.gov/resource/vw6y-z8j6.json?service_request_id=101004464708
SF-101004469902,101004469902,CA,San Francisco,2026-07-20T15:21:55.000,2026-07-20,2026-07,incident_report,Closed,MTA - Autonomous Vehicles Complaints,37.80646175,-122.42002151,Fisherman's Wharf,https://data.sf.gov/resource/vw6y-z8j6.json?service_request_id=101004469902
SF-101004471929,101004471929,CA,San Francisco,2026-07-20T23:13:34.000,2026-07-20,2026-07,incident_report,Closed,MTA - Autonomous Vehicles Complaints,37.79653643,-122.41041669,Russian Hill,https://data.sf.gov/resource/vw6y-z8j6.json?service_request_id=101004471929
SF-101004471944,101004471944,CA,San Francisco,2026-07-20T23:21:51.000,2026-07-20,2026-07,incident_report,Closed,MTA - Autonomous Vehicles Complaints,37.7964927203,-122.4100761178,Nob Hill,https://data.sf.gov/resource/vw6y-z8j6.json?service_request_id=101004471944
SF-101004471949,101004471949,CA,San Francisco,2026-07-20T23:27:55.000,2026-07-20,2026-07,incident_report,Closed,MTA - Autonomous Vehicles Complaints,37.7963055316,-122.398175999,Northern Waterfront,https://data.sf.gov/resource/vw6y-z8j6.json?service_request_id=101004471949
SF-101004476108,101004476108,CA,San Francisco,2026-07-21T14:10:20.000,2026-07-21,2026-07,incident_report,Closed,MTA - Autonomous Vehicles Complaints,37.7894336789,-122.4069569025,Downtown / Union Square,https://data.sf.gov/resource/vw6y-z8j6.json?service_request_id=101004476108
SF-101004476117,101004476117,CA,San Francisco,2026-07-21T14:11:27.000,2026-07-21,2026-07,incident_report,Closed,MTA - Autonomous Vehicles Complaints,37.7880822905,-122.410057081,Lower Nob Hill,https://data.sf.gov/resource/vw6y-z8j6.json?service_request_id=101004476117
SF-101004476133,101004476133,CA,San Francisco,2026-07-21T14:12:57.000,2026-07-21,2026-07,incident_report,Closed,MTA - Autonomous Vehicles Complaints,37.7748247482,-122.4241364021,Hayes Valley,https://data.sf.gov/resource/vw6y-z8j6.json?service_request_id=101004476133
SF-101004489907,101004489907,CA,San Francisco,2026-07-23T15:43:03.000,2026-07-23,2026-07,other,Closed,MTA - Autonomous Vehicles Complaints,,,,https://data.sf.gov/resource/vw6y-z8j6.json?service_request_id=101004489907
SF-101004491092,101004491092,CA,San Francisco,2026-07-23T19:30:00.000,2026-07-23,2026-07,incident_report,Closed,MTA - Autonomous Vehicles Complaints,37.7534759,-122.42095131,Mission,https://data.sf.gov/resource/vw6y-z8j6.json?service_request_id=101004491092
SF-101004496350,101004496350,CA,San Francisco,2026-07-24T15:25:08.000,2026-07-24,2026-07,incident_report,Closed,MTA - Autonomous Vehicles Complaints,37.76582201,-122.45064444,Cole Valley,https://data.sf.gov/resource/vw6y-z8j6.json?service_request_id=101004496350
SF-101004500704,101004500704,CA,San Francisco,2026-07-25T13:06:49.000,2026-07-25,2026-07,incident_report,Closed,MTA - Autonomous Vehicles Complaints,37.7704957763,-122.479895323,Golden Gate Park,https://data.sf.gov/resource/vw6y-z8j6.json?service_request_id=101004500704
SF-101004503542,101004503542,CA,San Francisco,2026-07-26T02:05:09.000,2026-07-26,2026-07,incident_report,Closed,MTA - Autonomous Vehicles Complaints,37.76183436,-122.43528525,Castro,https://data.sf.gov/resource/vw6y-z8j6.json?service_request_id=101004503542
SF-101004521576,101004521576,CA,San Francisco,2026-07-28T17:39:38.000,2026-07-28,2026-07,incident_report,Closed,MTA - Autonomous Vehicles Complaints,37.79233333,-122.40907331,Nob Hill,https://data.sf.gov/resource/vw6y-z8j6.json?service_request_id=101004521576
SF-101004529227,101004529227,CA,San Francisco,2026-07-29T22:27:33.000,2026-07-29,2026-07,incident_report,Closed,MTA - Autonomous Vehicles Complaints,37.777079,-122.41983215,Civic Center,https://data.sf.gov/resource/vw6y-z8j6.json?service_request_id=101004529227
SF-101004541791,101004541791,CA,San Francisco,2026-07-31T22:42:02.000,2026-07-31,2026-07,incident_report,Closed,MTA - Autonomous Vehicles Complaints,37.77371604,-122.38742142,,https://data.sf.gov/resource/vw6y-z8j6.json?service_request_id=101004541791
SF-101004543866,101004543866,CA,San Francisco,2026-08-01T12:03:00.000,2026-08-01,2026-08,incident_report,Closed,MTA - Autonomous Vehicles Complaints,37.79513463,-122.3945032,Financial District,https://data.sf.gov/resource/vw6y-z8j6.json?service_request_id=101004543866
SF-101004545432,101004545432,CA,San Francisco,2026-08-01T16:09:59.000,2026-08-01,2026-08,incident_report,Closed,MTA - Autonomous Vehicles Complaints,37.8022012702,-122.4179663062,Russian Hill,https://data.sf.gov/resource/vw6y-z8j6.json?service_request_id=101004545432
SF-101004549363,101004549363,CA,San Francisco,2026-08-02T14:10:38.000,2026-08-02,2026-08,incident_report,Closed,MTA - Autonomous Vehicles Complaints,37.7910166606,-122.3991484542,Financial District,https://data.sf.gov/resource/vw6y-z8j6.json?service_request_id=101004549363
SF-101004550842,101004550842,CA,San Francisco,2026-08-02T19:48:14.000,2026-08-02,2026-08,incident_report,Closed,MTA - Autonomous Vehicles Complaints,37.7661300232,-122.428819229,Mission Dolores,https://data.sf.gov/resource/vw6y-z8j6.json?service_request_id=101004550842
SF-101004555878,101004555878,CA,San Francisco,2026-08-03T14:50:59.000,2026-08-03,2026-08,incident_report,Closed,MTA - Autonomous Vehicles Complaints,37.79980939,-122.40937054,North Beach,https://data.sf.gov/resource/vw6y-z8j6.json?service_request_id=101004555878
SF-101004565002,101004565002,CA,San Francisco,2026-08-05T07:30:37.000,2026-08-05,2026-08,other,Closed,MTA - Autonomous Vehicles Complaints,,,,https://data.sf.gov/resource/vw6y-z8j6.json?service_request_id=101004565002
SF-101004566595,101004566595,CA,San Francisco,2026-08-05T10:39:29.000,2026-08-05,2026-08,other,Closed,MTA - Autonomous Vehicles Complaints,,,,https://data.sf.gov/resource/vw6y-z8j6.json?service_request_id=101004566595
SF-101004569942,101004569942,CA,San Francisco,2026-08-05T17:46:05.000,2026-08-05,2026-08,incident_report,Closed,MTA - Autonomous Vehicles Complaints,37.7855421462,-122.3967050536,South of Market,https://data.sf.gov/resource/vw6y-z8j6.json?service_request_id=101004569942
SF-101004570643,101004570643,CA,San Francisco,2026-08-05T20:23:00.000,2026-08-05,2026-08,incident_report,Closed,MTA - Autonomous Vehicles Complaints,37.75713069,-122.41914805,Mission,https://data.sf.gov/resource/vw6y-z8j6.json?service_request_id=101004570643
SF-101004573631,101004573631,CA,San Francisco,2026-08-06T11:34:59.000,2026-08-06,2026-08,incident_report,Closed,MTA - Autonomous Vehicles Complaints,37.75950327,-122.42834496,Dolores Heights,https://data.sf.gov/resource/vw6y-z8j6.json?service_request_id=101004573631
SF-101004583075,101004583075,CA,San Francisco,2026-08-07T16:27:54.000,2026-08-07,2026-08,incident_report,Closed,MTA - Autonomous Vehicles Complaints,37.76200074,-122.46695581,Inner Sunset,https://data.sf.gov/resource/vw6y-z8j6.json?service_request_id=101004583075
SF-101004584080,101004584080,CA,San Francisco,2026-08-07T19:43:15.000,2026-08-07,2026-08,incident_report,Closed,MTA - Autonomous Vehicles Complaints,37.7737741,-122.50217436,Outer Richmond,https://data.sf.gov/resource/vw6y-z8j6.json?service_request_id=101004584080
SF-101004584327,101004584327,CA,San Francisco,2026-08-07T20:44:00.000,2026-08-07,2026-08,incident_report,Closed,MTA - Autonomous Vehicles Complaints,37.78158652,-122.41003852,South of Market,https://data.sf.gov/resource/vw6y-z8j6.json?service_request_id=101004584327
SF-101004585048,101004585048,CA,San Francisco,2026-08-08T06:32:32.000,2026-08-08,2026-08,incident_report,Closed,MTA - Autonomous Vehicles Complaints,37.77661789,-122.4230641,Hayes Valley,https://data.sf.gov/resource/vw6y-z8j6.json?service_request_id=101004585048
SF-101004590814,101004590814,CA,San Francisco,2026-08-09T09:24:42.000,2026-08-09,2026-08,incident_report,Closed,MTA - Autonomous Vehicles Complaints,37.72750782,-122.47311541,Stonestown,https://data.sf.gov/resource/vw6y-z8j6.json?service_request_id=101004590814
SF-101004591093,101004591093,CA,San Francisco,2026-08-09T10:08:41.000,2026-08-09,2026-08,incident_report,Closed,MTA - Autonomous Vehicles Complaints,37.72750782,-122.47311541,Stonestown,https://data.sf.gov/resource/vw6y-z8j6.json?service_request_id=101004591093
SF-101004591748,101004591748,CA,San Francisco,2026-08-09T12:03:14.000,2026-08-09,2026-08,incident_report,Closed,MTA - Autonomous Vehicles Complaints,37.7786223791,-122.4470397816,Lone Mountain,https://data.sf.gov/resource/vw6y-z8j6.json?service_request_id=101004591748
SF-101004593718,101004593718,CA,San Francisco,2026-08-09T18:21:04.000,2026-08-09,2026-08,incident_report,Closed,MTA - Autonomous Vehicles Complaints,37.8058991369,-122.4758068743,Presidio National Park,https://data.sf.gov/resource/vw6y-z8j6.json?service_request_id=101004593718
SF-101004593737,101004593737,CA,San Francisco,2026-08-09T18:24:17.000,2026-08-09,2026-08,incident_report,Closed,MTA - Autonomous Vehicles Complaints,37.77204084,-122.44559003,Haight Ashbury,https://data.sf.gov/resource/vw6y-z8j6.json?service_request_id=101004593737
SF-101004593752,101004593752,CA,San Francisco,2026-08-09T18:28:43.000,2026-08-09,2026-08,incident_report,Closed,MTA - Autonomous Vehicles Complaints,37.7943656,-122.4802514,Presidio National Park,https://data.sf.gov/resource/vw6y-z8j6.json?service_request_id=101004593752
SF-101004597194,101004597194,CA,San Francisco,2026-08-10T11:00:00.000,2026-08-10,2026-08,incident_report,Closed,MTA - Autonomous Vehicles Complaints,37.7708685306,-122.4251353907,Mint Hill,https://data.sf.gov/resource/vw6y-z8j6.json?service_request_id=101004597194
SF-101004598144,101004598144,CA,San Francisco,2026-08-10T12:42:09.000,2026-08-10,2026-08,incident_report,Closed,MTA - Autonomous Vehicles Complaints,37.78229419,-122.42093333,Cathedral Hill,https://data.sf.gov/resource/vw6y-z8j6.json?service_request_id=101004598144
SF-101004605958,101004605958,CA,San Francisco,2026-08-11T14:36:43.000,2026-08-11,2026-08,incident_report,Closed,MTA - Autonomous Vehicles Complaints,37.70988078,-122.45250956,Outer Mission,https://data.sf.gov/resource/vw6y-z8j6.json?service_request_id=101004605958
SF-101004614262,101004614262,CA,San Francisco,2026-08-12T18:34:54.000,2026-08-12,2026-08,incident_report,Closed,MTA - Autonomous Vehicles Complaints,37.76648622,-122.39791668,Showplace Square,https://data.sf.gov/resource/vw6y-z8j6.json?service_request_id=101004614262
SF-101004620904,101004620904,CA,San Francisco,2026-08-13T19:00:27.000,2026-08-13,2026-08,incident_report,Closed,MTA - Autonomous Vehicles Complaints,37.77376945,-122.42156804,Civic Center,https://data.sf.gov/resource/vw6y-z8j6.json?service_request_id=101004620904
SF-101004624286,101004624286,CA,San Francisco,2026-08-14T11:21:02.000,2026-08-14,2026-08,incident_report,Closed,MTA - Autonomous Vehicles Complaints,37.76089423,-122.49342781,Outer Sunset,https://data.sf.gov/resource/vw6y-z8j6.json?service_request_id=101004624286
SF-101004625693,101004625693,CA,San Francisco,2026-08-14T14:00:06.000,2026-08-14,2026-08,incident_report,Closed,MTA - Autonomous Vehicles Complaints,37.80288955,-122.41343371,North Beach,https://data.sf.gov/resource/vw6y-z8j6.json?service_request_id=101004625693
SF-101004632152,101004632152,CA,San Francisco,2026-08-15T17:53:19.000,2026-08-15,2026-08,incident_report,Closed,MTA - Autonomous Vehicles Complaints,37.7811170192,-122.4272028322,Cathedral Hill,https://data.sf.gov/resource/vw6y-z8j6.json?service_request_id=101004632152
SF-101004634328,101004634328,CA,San Francisco,2026-08-16T10:18:39.000,2026-08-16,2026-08,incident_report,Closed,MTA - Autonomous Vehicles Complaints,37.7421972339,-122.4004269097,Produce Market,https://data.sf.gov/resource/vw6y-z8j6.json?service_request_id=101004634328
SF-101004634569,101004634569,CA,San Francisco,2026-08-16T10:55:44.000,2026-08-16,2026-08,incident_report,Closed,MTA - Autonomous Vehicles Complaints,37.77944156,-122.46295866,Inner Richmond,https://data.sf.gov/resource/vw6y-z8j6.json?service_request_id=101004634569
SF-101004638699,101004638699,CA,San Francisco,2026-08-17T08:12:07.000,2026-08-17,2026-08,incident_report,Closed,MTA - Autonomous Vehicles Complaints,37.73507305,-122.48314595,Parkside,https://data.sf.gov/resource/vw6y-z8j6.json?service_request_id=101004638699
SF-101004650467,101004650467,CA,San Francisco,2026-08-18T16:52:01.000,2026-08-18,2026-08,incident_report,Closed,MTA - Autonomous Vehicles Complaints,37.80411258,-122.42325791,Russian Hill,https://data.sf.gov/resource/vw6y-z8j6.json?service_request_id=101004650467
SF-101004650510,101004650510,CA,San Francisco,2026-08-18T16:57:16.000,2026-08-18,2026-08,other,Closed,MTA - Autonomous Vehicles Complaints,,,,https://data.sf.gov/resource/vw6y-z8j6.json?service_request_id=101004650510
SF-101004651819,101004651819,CA,San Francisco,2026-08-18T22:20:56.000,2026-08-18,2026-08,incident_report,Closed,MTA - Autonomous Vehicles Complaints,37.76146679,-122.39564111,Potrero Hill,https://data.sf.gov/resource/vw6y-z8j6.json?service_request_id=101004651819
SF-101004653670,101004653670,CA,San Francisco,2026-08-19T09:42:01.000,2026-08-19,2026-08,incident_report,Closed,MTA - Autonomous Vehicles Complaints,37.76197793,-122.47348886,Inner Sunset,https://data.sf.gov/resource/vw6y-z8j6.json?service_request_id=101004653670
SF-101004657367,101004657367,CA,San Francisco,2026-08-19T17:11:53.000,2026-08-19,2026-08,incident_report,Closed,MTA - Autonomous Vehicles Complaints,37.75921109,-122.42452341,Mission Dolores,https://data.sf.gov/resource/vw6y-z8j6.json?service_request_id=101004657367
SF-101004658079,101004658079,CA,San Francisco,2026-08-19T19:55:33.000,2026-08-19,2026-08,incident_report,Closed,MTA - Autonomous Vehicles Complaints,37.7661609361,-122.4610896283,Inner Sunset,https://data.sf.gov/resource/vw6y-z8j6.json?service_request_id=101004658079
SF-101004658564,101004658564,CA,San Francisco,2026-08-20T01:00:04.000,2026-08-20,2026-08,incident_report,Closed,MTA - Autonomous Vehicles Complaints,37.76128793,-122.47675834,Inner Sunset,https://data.sf.gov/resource/vw6y-z8j6.json?service_request_id=101004658564
SF-101004660272,101004660272,CA,San Francisco,2026-08-20T09:57:38.000,2026-08-20,2026-08,other,Closed,MTA - Autonomous Vehicles Complaints,,,,https://data.sf.gov/resource/vw6y-z8j6.json?service_request_id=101004660272
SF-101004660919,101004660919,CA,San Francisco,2026-08-20T11:17:38.000,2026-08-20,2026-08,incident_report,Closed,MTA - Autonomous Vehicles Complaints,37.8054171214,-122.4152416258,Fisherman's Wharf,https://data.sf.gov/resource/vw6y-z8j6.json?service_request_id=101004660919
SF-101004664018,101004664018,CA,San Francisco,2026-08-20T18:12:01.000,2026-08-20,2026-08,incident_report,Closed,MTA - Autonomous Vehicles Complaints,37.78560653,-122.42153398,Cathedral Hill,https://data.sf.gov/resource/vw6y-z8j6.json?service_request_id=101004664018
SF-101004669510,101004669510,CA,San Francisco,2026-08-21T15:19:15.000,2026-08-21,2026-08,other,Closed,MTA - Autonomous Vehicles Complaints,,,,https://data.sf.gov/resource/vw6y-z8j6.json?service_request_id=101004669510
SF-101004671693,101004671693,CA,San Francisco,2026-08-21T23:44:02.000,2026-08-21,2026-08,other,Closed,MTA - Autonomous Vehicles Complaints,,,,https://data.sf.gov/resource/vw6y-z8j6.json?service_request_id=101004671693
SF-101004673962,101004673962,CA,San Francisco,2026-08-22T12:42:27.000,2026-08-22,2026-08,incident_report,Closed,MTA - Autonomous Vehicles Complaints,37.7558874577,-122.4112726953,Mission,https://data.sf.gov/resource/vw6y-z8j6.json?service_request_id=101004673962
SF-101004680848,101004680848,CA,San Francisco,2026-08-23T17:54:51.000,2026-08-23,2026-08,incident_report,Closed,MTA - Autonomous Vehicles Complaints,37.7779191696,-122.4298490563,Hayes Valley,https://data.sf.gov/resource/vw6y-z8j6.json?service_request_id=101004680848
SF-101004681345,101004681345,CA,San Francisco,2026-08-23T20:03:11.000,2026-08-23,2026-08,incident_report,Closed,MTA - Autonomous Vehicles Complaints,37.79309492,-122.39320663,Financial District,https://data.sf.gov/resource/vw6y-z8j6.json?service_request_id=101004681345
SF-101004683571,101004683571,CA,San Francisco,2026-08-24T09:27:59.000,2026-08-24,2026-08,incident_report,Closed,MTA - Autonomous Vehicles Complaints,37.76160628,-122.43802376,Eureka Valley,https://data.sf.gov/resource/vw6y-z8j6.json?service_request_id=101004683571
SF-101004683853,101004683853,CA,San Francisco,2026-08-24T09:52:39.000,2026-08-24,2026-08,incident_report,Closed,MTA - Autonomous Vehicles Complaints,37.7509681368,-122.4128385611,Mission,https://data.sf.gov/resource/vw6y-z8j6.json?service_request_id=101004683853
SF-101004687945,101004687945,CA,San Francisco,2026-08-24T18:03:02.000,2026-08-24,2026-08,incident_report,Closed,MTA - Autonomous Vehicles Complaints,37.77065474,-122.41411732,South of Market,https://data.sf.gov/resource/vw6y-z8j6.json?service_request_id=101004687945
SF-101004696083,101004696083,CA,San Francisco,2026-08-26T06:48:27.000,2026-08-26,2026-08,incident_report,Closed,MTA - Autonomous Vehicles Complaints,37.762281,-122.43505927,Castro,https://data.sf.gov/resource/vw6y-z8j6.json?service_request_id=101004696083
SF-101004696369,101004696369,CA,San Francisco,2026-08-26T07:45:36.000,2026-08-26,2026-08,incident_report,Closed,MTA - Autonomous Vehicles Complaints,37.7724178891,-122.4355634786,Lower Haight,https://data.sf.gov/resource/vw6y-z8j6.json?service_request_id=101004696369
SF-202000001680,202000001680,CA,San Francisco,2026-08-27T11:17:51.000,2026-08-27,2026-08,other,Closed,MTA - Autonomous Vehicles Complaints,,,,https://data.sf.gov/resource/vw6y-z8j6.json?service_request_id=202000001680
SF-202000005326,202000005326,CA,San Francisco,2026-08-28T11:17:34.000,2026-08-28,2026-08,incident_report,Closed,MTA - Autonomous Vehicles Complaints,37.74588882,-122.4289303,Noe Valley,https://data.sf.gov/resource/vw6y-z8j6.json?service_request_id=202000005326
SF-202000013835,202000013835,CA,San Francisco,2026-08-30T13:35:50.000,2026-08-30,2026-08,incident_report,Closed,MTA - Autonomous Vehicles Complaints,37.78092867,-122.43032752,Western Addition,https://data.sf.gov/resource/vw6y-z8j6.json?service_request_id=202000013835
SF-202000014498,202000014498,CA,San Francisco,2026-08-30T16:41:41.000,2026-08-30,2026-08,incident_report,Closed,MTA - Autonomous Vehicles Complaints,37.74728023,-122.42906162,Noe Valley,https://data.sf.gov/resource/vw6y-z8j6.json?service_request_id=202000014498
SF-202000016105,202000016105,CA,San Francisco,2026-08-31T02:57:44.000,2026-08-31,2026-08,incident_report,Closed,MTA - Autonomous Vehicles Complaints,37.76937523,-122.43136863,Duboce Triangle,https://data.sf.gov/resource/vw6y-z8j6.json?service_request_id=202000016105
SF-202000020801,202000020801,CA,San Francisco,2026-09-01T08:33:47.000,2026-09-01,2026-09,incident_report,Closed,MTA - Autonomous Vehicles Complaints,37.7926385833,-122.4044185136,Chinatown,https://data.sf.gov/resource/vw6y-z8j6.json?service_request_id=202000020801
SF-202000023043,202000023043,CA,San Francisco,2026-09-01T16:53:41.000,2026-09-01,2026-09,other,Closed,MTA - Autonomous Vehicles Complaints,,,,https://data.sf.gov/resource/vw6y-z8j6.json?service_request_id=202000023043
SF-202000023592,202000023592,CA,San Francisco,2026-09-01T19:57:56.000,2026-09-01,2026-09,incident_report,Closed,MTA - Autonomous Vehicles Complaints,37.7923510185,-122.4810097537,Presidio National Park,https://data.sf.gov/resource/vw6y-z8j6.json?service_request_id=202000023592
SF-202000024837,202000024837,CA,San Francisco,2026-09-02T08:33:23.000,2026-09-02,2026-09,incident_report,Closed,MTA - Autonomous Vehicles Complaints,37.7662556284,-122.4589467405,Golden Gate Park,https://data.sf.gov/resource/vw6y-z8j6.json?service_request_id=202000024837
SF-202000027765,202000027765,CA,San Francisco,2026-09-03T07:39:38.000,2026-09-03,2026-09,incident_report,Closed,MTA - Autonomous Vehicles Complaints,37.78188029,-122.38855818,South Beach,https://data.sf.gov/resource/vw6y-z8j6.json?service_request_id=202000027765
SF-202000028432,202000028432,CA,San Francisco,2026-09-03T15:51:22.000,2026-09-03,2026-09,incident_report,Closed,MTA - Autonomous Vehicles Complaints,37.7610066792,-122.4464337926,Eureka Valley,https://data.sf.gov/resource/vw6y-z8j6.json?service_request_id=202000028432
SF-202000028713,202000028713,CA,San Francisco,2026-09-03T16:35:46.000,2026-09-03,2026-09,incident_report,Closed,MTA - Autonomous Vehicles Complaints,37.77646912,-122.39405811,Mission Bay,https://data.sf.gov/resource/vw6y-z8j6.json?service_request_id=202000028713
SF-202000029062,202000029062,CA,San Francisco,2026-09-03T17:57:07.000,2026-09-03,2026-09,incident_report,Closed,MTA - Autonomous Vehicles Complaints,37.79079187,-122.39920536,Financial District,https://data.sf.gov/resource/vw6y-z8j6.json?service_request_id=202000029062
SF-202000030400,202000030400,CA,San Francisco,2026-09-04T00:16:54.000,2026-09-04,2026-09,incident_report,Closed,MTA - Autonomous Vehicles Complaints,37.71567252,-122.45520378,Oceanview,https://data.sf.gov/resource/vw6y-z8j6.json?service_request_id=202000030400
SF-202000030697,202000030697,CA,San Francisco,2026-09-04T01:44:47.000,2026-09-04,2026-09,incident_report,Closed,MTA - Autonomous Vehicles Complaints,37.78401613,-122.48479743,Lake Street,https://data.sf.gov/resource/vw6y-z8j6.json?service_request_id=202000030697
SF-202000032498,202000032498,CA,San Francisco,2026-09-04T18:41:27.000,2026-09-04,2026-09,incident_report,Closed,MTA - Autonomous Vehicles Complaints,37.7733038955,-122.468024042,Golden Gate Park,https://data.sf.gov/resource/vw6y-z8j6.json?service_request_id=202000032498
SF-202000033920,202000033920,CA,San Francisco,2026-09-05T01:19:10.000,2026-09-05,2026-09,incident_report,Closed,MTA - Autonomous Vehicles Complaints,37.7157878559,-122.4560796526,Oceanview,https://data.sf.gov/resource/vw6y-z8j6.json?service_request_id=202000033920
SF-202000036381,202000036381,CA,San Francisco,2026-09-05T16:09:54.000,2026-09-05,2026-09,incident_report,Closed,MTA - Autonomous Vehicles Complaints,37.7850744633,-122.4111398935,Tenderloin,https://data.sf.gov/resource/vw6y-z8j6.json?service_request_id=202000036381
SF-202000036494,202000036494,CA,San Francisco,2026-09-05T16:53:52.000,2026-09-05,2026-09,other,Closed,MTA - Autonomous Vehicles Complaints,,,,https://data.sf.gov/resource/vw6y-z8j6.json?service_request_id=202000036494
SF-202000038175,202000038175,CA,San Francisco,2026-09-06T11:23:34.000,2026-09-06,2026-09,incident_report,Closed,MTA - Autonomous Vehicles Complaints,37.79611475,-122.43650884,Union Street,https://data.sf.gov/resource/vw6y-z8j6.json?service_request_id=202000038175
SF-202000038440,202000038440,CA,San Francisco,2026-09-06T13:00:24.000,2026-09-06,2026-09,other,Closed,MTA - Autonomous Vehicles Complaints,,,,https://data.sf.gov/resource/vw6y-z8j6.json?service_request_id=202000038440
SF-202000039118,202000039118,CA,San Francisco,2026-09-06T17:02:54.000,2026-09-06,2026-09,incident_report,Closed,MTA - Autonomous Vehicles Complaints,37.7846571205,-122.4144300272,Tenderloin,https://data.sf.gov/resource/vw6y-z8j6.json?service_request_id=202000039118
SF-202000040241,202000040241,CA,San Francisco,2026-09-07T09:18:06.000,2026-09-07,2026-09,incident_report,Closed,MTA - Autonomous Vehicles Complaints,37.7113755,-122.46924378,Merced Heights,https://data.sf.gov/resource/vw6y-z8j6.json?service_request_id=202000040241
SF-202000040535,202000040535,CA,San Francisco,2026-09-07T10:36:15.000,2026-09-07,2026-09,incident_report,Closed,MTA - Autonomous Vehicles Complaints,37.73496655,-122.42995619,Glen Park,https://data.sf.gov/resource/vw6y-z8j6.json?service_request_id=202000040535
SF-202000041499,202000041499,CA,San Francisco,2026-09-07T15:00:43.000,2026-09-07,2026-09,incident_report,Closed,MTA - Autonomous Vehicles Complaints,37.7269499709,-122.4760393743,Stonestown,https://data.sf.gov/resource/vw6y-z8j6.json?service_request_id=202000041499
SF-202000042526,202000042526,CA,San Francisco,2026-09-07T22:23:38.000,2026-09-07,2026-09,incident_report,Closed,MTA - Autonomous Vehicles Complaints,37.7350274852,-122.4296984748,Glen Park,https://data.sf.gov/resource/vw6y-z8j6.json?service_request_id=202000042526
SF-202000042538,202000042538,CA,San Francisco,2026-09-07T22:37:14.000,2026-09-07,2026-09,incident_report,Closed,MTA - Autonomous Vehicles Complaints,37.7976274366,-122.4086188432,North Beach,https://data.sf.gov/resource/vw6y-z8j6.json?service_request_id=202000042538
SF-202000042556,202000042556,CA,San Francisco,2026-09-07T23:02:10.000,2026-09-07,2026-09,incident_report,Closed,MTA - Autonomous Vehicles Complaints,37.7974200619,-122.4102633665,Russian Hill,https://data.sf.gov/resource/vw6y-z8j6.json?service_request_id=202000042556
SF-202000045092,202000045092,CA,San Francisco,2026-09-08T15:10:00.000,2026-09-08,2026-09,incident_report,Closed,MTA - Autonomous Vehicles Complaints,37.764487844,-122.407419614,Mission,https://data.sf.gov/resource/vw6y-z8j6.json?service_request_id=202000045092
SF-202000049249,202000049249,CA,San Francisco,2026-09-09T16:58:05.000,2026-09-09,2026-09,other,Closed,MTA - Autonomous Vehicles Complaints,,,,https://data.sf.gov/resource/vw6y-z8j6.json?service_request_id=202000049249
SF-202000049829,202000049829,CA,San Francisco,2026-09-09T20:18:36.000,2026-09-09,2026-09,incident_report,Closed,MTA - Autonomous Vehicles Complaints,37.79687924,-122.42388092,Pacific Heights,https://data.sf.gov/resource/vw6y-z8j6.json?service_request_id=202000049829
SF-202000050989,202000050989,CA,San Francisco,2026-09-10T09:07:07.000,2026-09-10,2026-09,incident_report,Closed,MTA - Autonomous Vehicles Complaints,37.7680065178,-122.4244117059,Mission Dolores,https://data.sf.gov/resource/vw6y-z8j6.json?service_request_id=202000050989
SF-202000055818,202000055818,CA,San Francisco,2026-09-11T12:38:35.000,2026-09-11,2026-09,incident_report,Closed,MTA - Autonomous Vehicles Complaints,37.77202492,-122.42520991,Mint Hill,https://data.sf.gov/resource/vw6y-z8j6.json?service_request_id=202000055818
SF-202000058672,202000058672,CA,San Francisco,2026-09-12T11:04:12.000,2026-09-12,2026-09,incident_report,Closed,MTA - Autonomous Vehicles Complaints,37.7718880398,-122.4817852308,Golden Gate Park,https://data.sf.gov/resource/vw6y-z8j6.json?service_request_id=202000058672
SF-202000059562,202000059562,CA,San Francisco,2026-09-12T14:29:25.000,2026-09-12,2026-09,incident_report,Closed,MTA - Autonomous Vehicles Complaints,37.75690986,-122.42007162,Mission,https://data.sf.gov/resource/vw6y-z8j6.json?service_request_id=202000059562
SF-202000060617,202000060617,CA,San Francisco,2026-09-12T20:30:45.000,2026-09-12,2026-09,incident_report,Closed,MTA - Autonomous Vehicles Complaints,37.74713947,-122.42718545,Noe Valley,https://data.sf.gov/resource/vw6y-z8j6.json?service_request_id=202000060617
SF-202000060646,202000060646,CA,San Francisco,2026-09-12T20:55:17.000,2026-09-12,2026-09,incident_report,Closed,MTA - Autonomous Vehicles Complaints,37.777429888,-122.4597249501,Inner Richmond,https://data.sf.gov/resource/vw6y-z8j6.json?service_request_id=202000060646
SF-202000060943,202000060943,CA,San Francisco,2026-09-13T03:40:08.000,2026-09-13,2026-09,incident_report,Closed,MTA - Autonomous Vehicles Complaints,37.76778829,-122.42967873,Duboce Triangle,https://data.sf.gov/resource/vw6y-z8j6.json?service_request_id=202000060943
SF-202000066743,202000066743,CA,San Francisco,2026-09-14T15:51:38.000,2026-09-14,2026-09,incident_report,Closed,MTA - Autonomous Vehicles Complaints,37.7774903781,-122.4332187742,Alamo Square,https://data.sf.gov/resource/vw6y-z8j6.json?service_request_id=202000066743
SF-202000067126,202000067126,CA,San Francisco,2026-09-14T17:20:00.000,2026-09-14,2026-09,incident_report,Closed,MTA - Autonomous Vehicles Complaints,37.78807626,-122.41042951,Lower Nob Hill,https://data.sf.gov/resource/vw6y-z8j6.json?service_request_id=202000067126
SF-202000067127,202000067127,CA,San Francisco,2026-09-14T17:20:02.000,2026-09-14,2026-09,incident_report,Closed,MTA - Autonomous Vehicles Complaints,37.78800291,-122.4113281,Lower Nob Hill,https://data.sf.gov/resource/vw6y-z8j6.json?service_request_id=202000067127
SF-202000067827,202000067827,CA,San Francisco,2026-09-14T22:33:12.000,2026-09-14,2026-09,incident_report,Closed,MTA - Autonomous Vehicles Complaints,37.790460983,-122.3966898138,South of Market,https://data.sf.gov/resource/vw6y-z8j6.json?service_request_id=202000067827
SF-202000067929,202000067929,CA,San Francisco,2026-09-15T02:56:47.000,2026-09-15,2026-09,other,Closed,MTA - Autonomous Vehicles Complaints,,,,https://data.sf.gov/resource/vw6y-z8j6.json?service_request_id=202000067929
SF-202000071830,202000071830,CA,San Francisco,2026-09-16T03:38:54.000,2026-09-16,2026-09,incident_report,Closed,MTA - Autonomous Vehicles Complaints,37.80318114,-122.41683,Russian Hill,https://data.sf.gov/resource/vw6y-z8j6.json?service_request_id=202000071830
SF-202000072613,202000072613,CA,San Francisco,2026-09-16T09:04:23.000,2026-09-16,2026-09,incident_report,Closed,MTA - Autonomous Vehicles Complaints,37.74817489,-122.41242431,Bernal Heights,https://data.sf.gov/resource/vw6y-z8j6.json?service_request_id=202000072613
SF-202000073958,202000073958,CA,San Francisco,2026-09-16T13:37:40.000,2026-09-16,2026-09,other,Closed,MTA - Autonomous Vehicles Complaints,,,,https://data.sf.gov/resource/vw6y-z8j6.json?service_request_id=202000073958
SF-202000073975,202000073975,CA,San Francisco,2026-09-16T13:43:42.000,2026-09-16,2026-09,incident_report,Closed,MTA - Autonomous Vehicles Complaints,37.776883509,-122.4229781229,Hayes Valley,https://data.sf.gov/resource/vw6y-z8j6.json?service_request_id=202000073975
SF-202000073982,202000073982,CA,San Francisco,2026-09-16T13:46:06.000,2026-09-16,2026-09,incident_report,Closed,MTA - Autonomous Vehicles Complaints,37.7882693394,-122.4015097442,Financial District,https://data.sf.gov/resource/vw6y-z8j6.json?service_request_id=202000073982
SF-202000073994,202000073994,CA,San Francisco,2026-09-16T13:50:16.000,2026-09-16,2026-09,incident_report,Closed,MTA - Autonomous Vehicles Complaints,37.784349272,-122.4093093411,Tenderloin,https://data.sf.gov/resource/vw6y-z8j6.json?service_request_id=202000073994
SF-202000074175,202000074175,CA,San Francisco,2026-09-16T14:33:21.000,2026-09-16,2026-09,incident_report,Closed,MTA - Autonomous Vehicles Complaints,37.785282921,-122.409497404,Tenderloin,https://data.sf.gov/resource/vw6y-z8j6.json?service_request_id=202000074175
SF-202000076508,202000076508,CA,San Francisco,2026-09-17T08:41:59.000,2026-09-17,2026-09,incident_report,Closed,MTA - Autonomous Vehicles Complaints,37.7409830944,-122.4188341783,Bernal Heights,https://data.sf.gov/resource/vw6y-z8j6.json?service_request_id=202000076508
SF-202000088964,202000088964,CA,San Francisco,2026-09-20T22:57:20.000,2026-09-20,2026-09,incident_report,Open,MTA - Autonomous Vehicles Complaints,37.7636694998,-122.4524000483,Parnassus Heights,https://data.sf.gov/resource/vw6y-z8j6.json?service_request_id=202000088964
SF-202000088994,202000088994,CA,San Francisco,2026-09-21T00:05:33.000,2026-09-21,2026-09,incident_report,Open,MTA - Autonomous Vehicles Complaints,37.77060551,-122.42542179,Mint Hill,https://data.sf.gov/resource/vw6y-z8j6.json?service_request_id=202000088994
SF-202000090697,202000090697,CA,San Francisco,2026-09-21T12:09:46.000,2026-09-21,2026-09,incident_report,Open,MTA - Autonomous Vehicles Complaints,37.76541646,-122.47721664,Inner Sunset,https://data.sf.gov/resource/vw6y-z8j6.json?service_request_id=202000090697
SF-202000093736,202000093736,CA,San Francisco,2026-09-22T09:35:41.000,2026-09-22,2026-09,other,Open,MTA - Autonomous Vehicles Complaints,,,,https://data.sf.gov/resource/vw6y-z8j6.json?service_request_id=202000093736
SF-202000096242,202000096242,CA,San Francisco,2026-09-22T20:56:57.000,2026-09-22,2026-09,incident_report,Open,MTA - Autonomous Vehicles Complaints,37.7964927203,-122.4100761178,Nob Hill,https://data.sf.gov/resource/vw6y-z8j6.json?service_request_id=202000096242
SF-202000098495,202000098495,CA,San Francisco,2026-09-23T14:45:17.000,2026-09-23,2026-09,incident_report,Open,MTA - Autonomous Vehicles Complaints,37.77635375,-122.4189586,Civic Center,https://data.sf.gov/resource/vw6y-z8j6.json?service_request_id=202000098495
SF-202000098866,202000098866,CA,San Francisco,2026-09-23T16:42:18.000,2026-09-23,2026-09,other,Open,MTA - Autonomous Vehicles Complaints,,,,https://data.sf.gov/resource/vw6y-z8j6.json?service_request_id=202000098866
SF-202000099492,202000099492,CA,San Francisco,2026-09-23T20:11:37.000,2026-09-23,2026-09,incident_report,Open,MTA - Autonomous Vehicles Complaints,37.7610395568,-122.491997509,Outer Sunset,https://data.sf.gov/resource/vw6y-z8j6.json?service_request_id=202000099492
SF-202000101780,202000101780,CA,San Francisco,2026-09-24T14:02:00.000,2026-09-24,2026-09,incident_report,Open,MTA - Autonomous Vehicles Complaints,37.74185639,-122.46043365,Laguna Honda,https://data.sf.gov/resource/vw6y-z8j6.json?service_request_id=202000101780
SF-202000103401,202000103401,CA,San Francisco,2026-09-25T06:01:20.000,2026-09-25,2026-09,incident_report,Open,MTA - Autonomous Vehicles Complaints,37.80054549,-122.41827393,Russian Hill,https://data.sf.gov/resource/vw6y-z8j6.json?service_request_id=202000103401
SF-202000106462,202000106462,CA,San Francisco,2026-09-25T19:52:02.000,2026-09-25,2026-09,incident_report,Open,MTA - Autonomous Vehicles Complaints,37.76642691,-122.42253441,Mission Dolores,https://data.sf.gov/resource/vw6y-z8j6.json?service_request_id=202000106462
