{"type": "FeatureCollection", "features": [{"type": "Feature", "properties": {"name": "avride-dallas-december-3-2025-boundary", "geometry_ref": "avride-dallas-december-3-2025-boundary.geojson", "company": "Avride", "market": "Dallas", "state": "TX", "event_date": "2025-12-03", "event_type": "service_created", "phase": "deployment", "source_url": "https://techcrunch.com/2025/12/03/uber-and-avride-launch-robotaxi-service-in-dallas/", "source_dataset": "AV Map", "source_dataset_url": "https://github.com/path-avmap/av-map-data", "historical_baseline": true}, "geometry": {"type": "Polygon", "coordinates": [[[-96.81538581848145, 32.832577411320024], [-96.78088188171387, 32.832721651127365], [-96.78993701934814, 32.81551940223586], [-96.78663253784181, 32.81494232985201], [-96.75895214080812, 32.79093640588344], [-96.76026105880737, 32.79059367484197], [-96.76311492919923, 32.789763899482516], [-96.76440238952638, 32.78913254347952], [-96.76789999008179, 32.785939617338485], [-96.76884412765504, 32.78460468768839], [-96.77043199539186, 32.782223412088705], [-96.77197694778444, 32.781231195110166], [-96.77470207214357, 32.78034721066307], [-96.78234100341798, 32.77955342122631], [-96.78631067276002, 32.77625190281933], [-96.79840207099916, 32.77291417773346], [-96.80258631706239, 32.77003641696862], [-96.80869102478029, 32.768114850921854], [-96.81199550628664, 32.772517250746176], [-96.81259632110596, 32.77857921542039], [-96.81461334228517, 32.79683478051376], [-96.81847572326662, 32.80891891314467], [-96.81538581848145, 32.832577411320024]]]}}, {"type": "Feature", "properties": {"id": null, "geometry_ref": "cruise-san-francisco-february-1-2022-boundary.geojson", "company": "Cruise", "market": "San Francisco", "state": "CA", "event_date": "2022-02-02", "event_type": "service_created", "phase": "deployment", "source_url": "https://fortune.com/2022/02/01/cruise-robotaxi-self-driving-car-san-francisco/", "source_dataset": "AV Map", "source_dataset_url": "https://github.com/path-avmap/av-map-data", "historical_baseline": true}, "geometry": {"type": "MultiPolygon", "coordinates": [[[[-122.5083435560907, 37.73793792328955], [-122.5122692979112, 37.76423567969845], [-122.51270549144684, 37.77509694264144], [-122.502345894976, 37.775614105845655], [-122.50278208851162, 37.78130266232152], [-122.49285868557634, 37.78181978211247], [-122.49274963719245, 37.78371585705951], [-122.4724666377864, 37.78457769322846], [-122.47213949263467, 37.78621515426188], [-122.46603278313607, 37.78647369742433], [-122.46581468636826, 37.78483624211941], [-122.44574978372997, 37.78750786102903], [-122.44782170302413, 37.80017519063076], [-122.4437869128197, 37.79879653900081], [-122.4373530581694, 37.799399702255066], [-122.43637162271425, 37.796297667337626], [-122.42459439725266, 37.797417861639765], [-122.42383105856534, 37.79871037241958], [-122.4205596070482, 37.798451872072825], [-122.42012341351258, 37.796470006028166], [-122.4166338652277, 37.79621149784157], [-122.41619767169207, 37.795608308555], [-122.40998191380956, 37.79621149784157], [-122.40954572027395, 37.79397105566575], [-122.40758284936369, 37.793798711145705], [-122.40692855906025, 37.79000702999176], [-122.40976381704175, 37.78948996748592], [-122.40932762350612, 37.786818420233914], [-122.420777703816, 37.78509479010587], [-122.4199053167448, 37.78069935132618], [-122.4229586714941, 37.780182223696535], [-122.4229586714941, 37.77845843880241], [-122.43081015513515, 37.777165573752185], [-122.43059205836737, 37.7746659705411], [-122.43691686463377, 37.773890214429606], [-122.43626257433036, 37.77009751182582], [-122.43517209049132, 37.7683734917853], [-122.43528113887524, 37.767080450377684], [-122.43724400978546, 37.766908043148455], [-122.43942497746356, 37.765959796203106], [-122.44127879998992, 37.76501153709939], [-122.44138784837384, 37.763804644292215], [-122.44051546130261, 37.76311498241725], [-122.44160594514165, 37.76259773179088], [-122.44193309029335, 37.76199426815498], [-122.44553168696218, 37.761304589399494], [-122.44673121918511, 37.758804450004625], [-122.45196554161248, 37.75794231337902], [-122.45392841252276, 37.75639044213323], [-122.4561093802008, 37.75639044213323], [-122.45774510595936, 37.75501097369702], [-122.45894463818233, 37.75492475606574], [-122.46090750909259, 37.75837338294777], [-122.46254323485115, 37.758545810071936], [-122.46319752515457, 37.753200382340964], [-122.46461515414532, 37.752338180407925], [-122.46461515414532, 37.75130352482624], [-122.46537849283263, 37.750355077833674], [-122.46537849283263, 37.74733721107181], [-122.46766850889463, 37.743284453538024], [-122.47541094415179, 37.74311199084794], [-122.4760652344552, 37.74819947127639], [-122.49340392749586, 37.74759589018807], [-122.49329487911196, 37.73836910939916], [-122.49329487911196, 37.73836910939916], [-122.4935129758798, 37.73828287237816], [-122.49863824992327, 37.73828287237816], [-122.5083435560907, 37.73793792328955]]]]}}, {"type": "Feature", "properties": {"fid": 1, "DN": 255, "geometry_ref": "cruise-san-francisco-november-1-2022-boundary.geojson", "company": "Cruise", "market": "San Francisco", "state": "CA", "event_date": "2022-11-01", "event_type": "geometry_updated", "phase": "deployment", "source_url": "https://sfstandard.com/2022/11/01/self-driving-cruise-cars-are-expanding-to-most-of-sf-says-ceo/", "source_dataset": "AV Map", "source_dataset_url": "https://github.com/path-avmap/av-map-data", "historical_baseline": true}, "geometry": {"type": "MultiPolygon", "coordinates": [[[[-122.43467783196864, 37.707452804157235], [-122.43824774651772, 37.7069871631291], [-122.43824774651772, 37.71040186400213], [-122.44135202003865, 37.710867505030265], [-122.44290415679912, 37.71210921443864], [-122.44756056708052, 37.71024665032608], [-122.44942313119307, 37.70822887253747], [-122.45330347309425, 37.707452804157235], [-122.45407954147448, 37.70822887253747], [-122.4560973192631, 37.70822887253747], [-122.45594210558704, 37.710867505030265], [-122.45873595175588, 37.71102271870631], [-122.45982244748821, 37.71210921443864], [-122.46152979792473, 37.71210921443864], [-122.4644788577696, 37.71040186400213], [-122.47006655010729, 37.712574855466784], [-122.47317082362822, 37.712885282818874], [-122.4744125330366, 37.714592633255386], [-122.47425731936056, 37.71878340250865], [-122.47037697745938, 37.721732462353536], [-122.47410210568451, 37.72297417176191], [-122.4747229603887, 37.724836735874476], [-122.47084261848752, 37.72732015469122], [-122.47115304583963, 37.72840665042355], [-122.47627509714917, 37.73026921453611], [-122.47922415699405, 37.7282514367475], [-122.48357013992336, 37.729493146155875], [-122.48465663565568, 37.7282514367475], [-122.48714005447243, 37.72794100939541], [-122.49024432799337, 37.72933793247983], [-122.49257253313407, 37.72763058204332], [-122.49412466989455, 37.727475368367266], [-122.49924672120409, 37.72980357350797], [-122.49955714855618, 37.73135571026844], [-122.49878108017595, 37.73275263335286], [-122.50141971266873, 37.732907847028905], [-122.50343749045734, 37.73445998378937], [-122.505610481922, 37.73445998378937], [-122.50871475544294, 37.73678818893007], [-122.51197424263991, 37.76395058223825], [-122.5105773195555, 37.76519229164663], [-122.50840432809083, 37.76550271899872], [-122.5079386870627, 37.76658921473105], [-122.51228466999201, 37.768451778843605], [-122.5129055246962, 37.77512596691362], [-122.51461287513271, 37.77807502675851], [-122.51445766145666, 37.779937590871064], [-122.5129055246962, 37.78195536865967], [-122.51104296058364, 37.781024086603395], [-122.50949082382317, 37.78117930027944], [-122.50840432809083, 37.782421009687816], [-122.50266142207711, 37.78164494130758], [-122.50079885796455, 37.783352291744094], [-122.49862586649989, 37.78319707806805], [-122.49738415709152, 37.78211058233572], [-122.49521116562687, 37.782421009687816], [-122.49490073827478, 37.78397314644828], [-122.49567680665501, 37.785680496884794], [-122.49474552459873, 37.786766992617125], [-122.49241731945803, 37.78723263364527], [-122.49070996902151, 37.78893998408178], [-122.48682962712034, 37.7900264798141], [-122.48527749035988, 37.79126818922248], [-122.48372535359941, 37.795303744799696], [-122.48217321683894, 37.796235026855975], [-122.48201800316289, 37.798718445672726], [-122.47860330228987, 37.80213314654575], [-122.47891372964196, 37.80415092433436], [-122.47643031082521, 37.80834169358762], [-122.46851441334682, 37.80616870212297], [-122.46773834496659, 37.80523742006669], [-122.46773834496659, 37.803064428602035], [-122.46665184923427, 37.801977932869704], [-122.4650997124738, 37.8022883602218], [-122.46370278938937, 37.80368528330622], [-122.46152979792473, 37.80368528330622], [-122.4604433021924, 37.80259878757389], [-122.45811509705169, 37.80275400124994], [-122.45702860131937, 37.80151229184156], [-122.45501082353076, 37.801357078165516], [-122.45392432779843, 37.801977932869704], [-122.45485560985472, 37.8043061380104], [-122.45345868677029, 37.80492699271459], [-122.4365403960812, 37.80663434315111], [-122.43266005418003, 37.80523742006669], [-122.4318839857998, 37.80368528330622], [-122.43079749006746, 37.80368528330622], [-122.4269171481663, 37.80415092433436], [-122.4266067208142, 37.80616870212297], [-122.42365766096931, 37.80647912947506], [-122.42179509685675, 37.80787605255948], [-122.41372398570233, 37.808807334615764], [-122.40937800277301, 37.80849690726367], [-122.40642894292813, 37.80741041153134], [-122.4006860369144, 37.803064428602035], [-122.39121800267554, 37.792975539659], [-122.38811372915461, 37.78862955672969], [-122.38811372915461, 37.78148972763154], [-122.39090757532345, 37.777609385730365], [-122.38795851547857, 37.77574682161781], [-122.38687201974624, 37.77000391560408], [-122.38578552401391, 37.76829656516756], [-122.38811372915461, 37.76395058223825], [-122.38811372915461, 37.75743160784429], [-122.38594073768996, 37.751533488154514], [-122.3843886009295, 37.75106784712637], [-122.3843886009295, 37.75013656507009], [-122.38656159239414, 37.749826137717996], [-122.3890450112109, 37.74796357360544], [-122.39308056678811, 37.749205283013815], [-122.39447748987253, 37.74889485566172], [-122.39385663516835, 37.745790582140785], [-122.3980474044216, 37.743462377000085], [-122.3980474044216, 37.74268630861985], [-122.39727133604137, 37.741444599211476], [-122.39742654971742, 37.73911639407078], [-122.39525355825276, 37.738650753042634], [-122.39416706252044, 37.73958203509891], [-122.39478791722462, 37.74128938553543], [-122.39432227619648, 37.74315194964799], [-122.39059714797136, 37.74563536846474], [-122.3887345838588, 37.74563536846474], [-122.38702723342229, 37.74454887273241], [-122.38733766077438, 37.741444599211476], [-122.37973219064808, 37.73911639407078], [-122.37957697697205, 37.73647776157798], [-122.38625116504205, 37.73368391540914], [-122.38656159239414, 37.73244220600076], [-122.38594073768996, 37.731510923944484], [-122.3840781735774, 37.731510923944484], [-122.38283646416902, 37.73026921453611], [-122.38066347270437, 37.73026921453611], [-122.379421763296, 37.72933793247983], [-122.37926654961996, 37.72421588117029], [-122.38221560946484, 37.72312938543796], [-122.38423338725345, 37.72452630852238], [-122.38563031033786, 37.72452630852238], [-122.38764808812647, 37.72281895808587], [-122.38920022488693, 37.72281895808587], [-122.39323578046415, 37.72406066749424], [-122.39401184884439, 37.72499194955052], [-122.39975475485812, 37.72638887263494], [-122.4003756095623, 37.724836735874476], [-122.39944432750603, 37.71955947088888], [-122.40223817367487, 37.71847297515656], [-122.40642894292813, 37.71955947088888], [-122.40813629336465, 37.72111160764935], [-122.40968843012512, 37.7209563939733], [-122.41139578056162, 37.71924904353679], [-122.41325834467419, 37.719093829860746], [-122.4146552677586, 37.720335539269115], [-122.4176043276035, 37.72049075294517], [-122.42179509685675, 37.72281895808587], [-122.42396808832142, 37.72281895808587], [-122.42443372934954, 37.72080118029726], [-122.42365766096931, 37.716299983691904], [-122.42552022508188, 37.71505827428353], [-122.43110791741957, 37.71583434266376], [-122.4312631310956, 37.714592633255386], [-122.43033184903933, 37.71335092384702], [-122.43110791741957, 37.71148835973445], [-122.43017663536328, 37.709470581945844], [-122.43467783196864, 37.707452804157235]], [[-122.45702860131937, 37.73585690687379], [-122.45283783206611, 37.73570169319775], [-122.45283783206611, 37.737719470986356], [-122.45144090898168, 37.73911639407078], [-122.45190655000982, 37.74051331715519], [-122.4501991995733, 37.74159981288752], [-122.44600843032005, 37.73942682142287], [-122.44647407134819, 37.736322547901935], [-122.44569800296796, 37.73477041114146], [-122.43979988327818, 37.73368391540914], [-122.43529868667282, 37.73414955643728], [-122.43529868667282, 37.73694340260612], [-122.44026552430633, 37.738029898338446], [-122.44026552430633, 37.7428415222959], [-122.43855817386981, 37.74299673597194], [-122.43948945592608, 37.74361759067613], [-122.43669560975725, 37.743772804352176], [-122.4365403960812, 37.74796357360544], [-122.43809253284167, 37.74796357360544], [-122.43948945592608, 37.749515710365905], [-122.44150723371469, 37.74998135139405], [-122.44181766106679, 37.75339605226707], [-122.44011031063027, 37.753861693295214], [-122.44011031063027, 37.755258616379635], [-122.43902381489795, 37.75587947108382], [-122.43917902857399, 37.757586821520334], [-122.44135202003865, 37.758673317252665], [-122.44011031063027, 37.75960459930894], [-122.44073116533445, 37.76193280444964], [-122.4455427892919, 37.76084630871732], [-122.44631885767214, 37.7591389582808], [-122.44740535340446, 37.758983744604755], [-122.4478709944326, 37.76115673606941], [-122.45268261839006, 37.76193280444964], [-122.45345868677029, 37.76457143694244], [-122.4621506526289, 37.76255365915383], [-122.46199543895287, 37.761311949745455], [-122.46308193468519, 37.760691095041274], [-122.46339236203728, 37.75929417195685], [-122.46184022527682, 37.75789724887243], [-122.46137458424867, 37.75587947108382], [-122.45997766116426, 37.756345112111966], [-122.45904637910797, 37.75541383005568], [-122.45811509705169, 37.75541383005568], [-122.45733902867146, 37.75650032578801], [-122.45625253293913, 37.75650032578801], [-122.45625253293913, 37.75541383005568], [-122.4578046696996, 37.75370647961917], [-122.46121937057264, 37.75355126594312], [-122.46354757571333, 37.75836288990057], [-122.4650997124738, 37.757586821520334], [-122.4644788577696, 37.75339605226707], [-122.4621506526289, 37.75106784712637], [-122.46152979792473, 37.74827400095753], [-122.4584255244038, 37.747187505225206], [-122.45702860131937, 37.74532494111264], [-122.4601328748403, 37.7451697274366], [-122.46168501160076, 37.743772804352176], [-122.46525492614984, 37.743772804352176], [-122.46649663555822, 37.73911639407078], [-122.4604433021924, 37.7355464795217], [-122.45702860131937, 37.73585690687379]], [[-122.40968843012512, 37.73834032569054], [-122.40549766087184, 37.73958203509891], [-122.40549766087184, 37.743772804352176], [-122.4103092848293, 37.74392801802822], [-122.41093013953349, 37.738029898338446], [-122.40968843012512, 37.73834032569054]], [[-122.45454518250261, 37.76891741987175], [-122.4584255244038, 37.76891741987175], [-122.45827031072774, 37.76658921473105], [-122.45407954147448, 37.766744428407094], [-122.45454518250261, 37.76891741987175]], [[-122.41077492585744, 37.779937590871064], [-122.40611851557604, 37.78257622336386], [-122.4003756095623, 37.77807502675851], [-122.39913390015393, 37.77807502675851], [-122.39059714797136, 37.78428357380037], [-122.39044193429531, 37.788163915701546], [-122.39478791722462, 37.79126818922248], [-122.39401184884439, 37.792975539659], [-122.39913390015393, 37.79685588156016], [-122.40596330189999, 37.79670066788412], [-122.40642894292813, 37.798563231996674], [-122.41248227629396, 37.79918408670086], [-122.41124056688558, 37.79142340289852], [-122.41341355835023, 37.79142340289852], [-122.41341355835023, 37.78940562510992], [-122.41620740451907, 37.78831912937759], [-122.41543133613884, 37.78381793277224], [-122.41713868657536, 37.78350750542014], [-122.41775954127954, 37.78521485585666], [-122.42179509685675, 37.78490442850456], [-122.42257116523699, 37.78117930027944], [-122.42210552420885, 37.77916152249083], [-122.42055338744838, 37.7783854541106], [-122.41418962673046, 37.7783854541106], [-122.41077492585744, 37.779937590871064]], [[-122.42365766096931, 37.79126818922248], [-122.42334723361722, 37.7900264798141], [-122.42117424215257, 37.78893998408178], [-122.42101902847652, 37.78785348834945], [-122.41822518230768, 37.788163915701546], [-122.41806996863164, 37.78987126613806], [-122.42101902847652, 37.78987126613806], [-122.42163988318072, 37.791578616574576], [-122.42272637891304, 37.792199471278764], [-122.42381287464536, 37.792199471278764], [-122.42365766096931, 37.79126818922248]], [[-122.42520979772979, 37.78831912937759], [-122.42536501140583, 37.78971605246201], [-122.4266067208142, 37.78987126613806], [-122.42614107978606, 37.788474343053636], [-122.42520979772979, 37.78831912937759]]], [[[-122.45858073807983, 37.75572425740778], [-122.45811509705169, 37.75618989843591], [-122.4578046696996, 37.75618989843591], [-122.4584255244038, 37.755569043731725], [-122.45904637910797, 37.755569043731725], [-122.45858073807983, 37.75572425740778]]]]}}, {"type": "Feature", "properties": {"name": "may-mobility-ann-arbor-mi-october-11-2021-boundary", "geometry_ref": "may-mobility-ann-arbor-mi-october-11-2021-boundary.geojson", "company": "May Mobility", "market": "Ann Arbor, MI", "state": "MI", "event_date": "2021-10-11", "event_type": "service_created", "phase": "deployment", "source_url": "https://maymobility.com/posts/a2go-autonomous-shuttle-service-launches-in-ann-arbor-on-october-11/", "source_dataset": "AV Map", "source_dataset_url": "https://github.com/path-avmap/av-map-data", "historical_baseline": true}, "geometry": {"type": "Polygon", "coordinates": [[[-83.75650405883789, 42.27965844940453], [-83.74903678894044, 42.291532494306], [-83.74345779418947, 42.288167350555895], [-83.73607635498048, 42.27870588895046], [-83.73616218566896, 42.27076732518344], [-83.73247146606447, 42.260795072396554], [-83.73744964599611, 42.25704713013244], [-83.74062538146974, 42.260795072396554], [-83.74414443969728, 42.26994165714602], [-83.75650405883789, 42.27965844940453]]]}}, {"type": "Feature", "properties": {"name": "may-mobility-arlington-tx-march-23-2021-boundary", "geometry_ref": "may-mobility-arlington-tx-march-23-2021-boundary.geojson", "company": "May Mobility", "market": "Arlington, TX", "state": "TX", "event_date": "2021-03-23", "event_type": "service_created", "phase": "deployment", "source_url": "https://maymobility.com/locations/arlington-tx/", "source_dataset": "AV Map", "source_dataset_url": "https://github.com/path-avmap/av-map-data", "historical_baseline": true}, "geometry": {"type": "Polygon", "coordinates": [[[-97.12750911712648, 32.72592016331695], [-97.12759494781496, 32.73050515596398], [-97.12733745574951, 32.73064053602093], [-97.12735891342163, 32.731895048101705], [-97.12408661842348, 32.731904073304506], [-97.12414026260377, 32.73709341358682], [-97.12399005889894, 32.737598794059714], [-97.11072921752931, 32.73747244921017], [-97.11053609848024, 32.73938565203677], [-97.10570812225342, 32.739295407543466], [-97.0999574661255, 32.73902467351516], [-97.10000038146974, 32.73696706802081], [-97.10261821746826, 32.73703926550904], [-97.10283279418947, 32.731046674958165], [-97.10283279418947, 32.728248791413066], [-97.1028757095337, 32.727815562884096], [-97.1064805984497, 32.727761409169965], [-97.10804700851442, 32.72731012693952], [-97.10804700851442, 32.72586600845151], [-97.10810065269472, 32.724764852386755], [-97.11175918579103, 32.72477387831142], [-97.11178064346315, 32.72577575026935], [-97.11246728897096, 32.7265248904132], [-97.11470961570741, 32.72657904487843], [-97.1166515350342, 32.72591113750835], [-97.11872756481172, 32.72560425947153], [-97.11995601654054, 32.72545082005704], [-97.12162971496583, 32.72545082005704], [-97.12769150733948, 32.725441794200904], [-97.12750911712648, 32.72592016331695]]]}}, {"type": "Feature", "properties": {"geometry_ref": "may-mobility-atlanta-september-10-2025-boundary.geojson", "company": "May Mobility", "market": "Atlanta", "state": "GA", "event_date": "2025-09-10", "event_type": "service_created", "phase": "deployment", "source_url": "https://maymobility.com/posts/lyft-and-may-mobility-deploy-their-first-autonomous-vehicle-fleet-in-atlanta/", "source_dataset": "AV Map", "source_dataset_url": "https://github.com/path-avmap/av-map-data", "historical_baseline": true}, "geometry": {"type": "Polygon", "coordinates": [[[-84.38831878098826, 33.769393573705806], [-84.38828008507956, 33.792946873306704], [-84.38812068182006, 33.79306130593113], [-84.34411258680076, 33.79313108509265], [-84.34400251856916, 33.79306467446482], [-84.34406260154525, 33.76182883825938], [-84.34411606848359, 33.76175878474131], [-84.34518021956768, 33.76171271371553], [-84.374800142469, 33.76166604466634], [-84.38136517037988, 33.763936059412366], [-84.38797526064972, 33.76908422849064], [-84.38831878098826, 33.769393573705806]]]}}, {"type": "Feature", "properties": {"fid": 1, "DN": 198, "geometry_ref": "may-mobility-grand-rapids-mi-july-25-2019-boundary.geojson", "company": "May Mobility", "market": "Grand Rapids, MI", "state": "MI", "event_date": "2019-07-25", "event_type": "service_created", "phase": "deployment", "source_url": "https://www.michiganbusiness.org/press-releases/2019/07/public-private-partners-launch-grand-rapids-autonomous-vehicle-initiative-avgr/", "source_dataset": "AV Map", "source_dataset_url": "https://github.com/path-avmap/av-map-data", "historical_baseline": true}, "geometry": {"type": "MultiPolygon", "coordinates": [[[[-85.66633239329597, 42.96789770387449], [-85.66628979650716, 42.9648876383907], [-85.67036752693822, 42.96180888865808], [-85.67477051747339, 42.96375856290281], [-85.67620078828416, 42.96382013055679], [-85.67675280457378, 42.963546282927], [-85.67658990808637, 42.963872075901804], [-85.67737724110883, 42.96381777707267], [-85.67770303408363, 42.96332908761046], [-85.67979353900533, 42.963220489952185], [-85.68392025001958, 42.96341053585416], [-85.68476188187117, 42.963763478243536], [-85.68858994932518, 42.967075706820765], [-85.70001985285806, 42.967075706820765], [-85.7046624027491, 42.97150106139525], [-85.70281624255851, 42.973673014560646], [-85.70344067909356, 42.976849496065036], [-85.70254474841283, 42.97720243845441], [-85.70178456480495, 42.97774542674576], [-85.70181171421952, 42.97877710449932], [-85.70145877183013, 42.9813834482978], [-85.69953116339585, 42.98230652839309], [-85.69573024535642, 42.98230652839309], [-85.69564879711271, 42.9804603682025], [-85.69513295823593, 42.97967303518005], [-85.69507865940679, 42.97817981737884], [-85.69475286643198, 42.97793547264774], [-85.69323249921621, 42.97758253025836], [-85.69323249921621, 42.975654921824066], [-85.69309675214338, 42.975383427678395], [-85.68025507905298, 42.974976186459884], [-85.68025507905298, 42.97470469231421], [-85.67930484954312, 42.973808761633485], [-85.67903335539745, 42.97323862392757], [-85.67840839842289, 42.97111522247439], [-85.67394994763548, 42.97126663413059], [-85.67344057599655, 42.97332007217127], [-85.67314193243631, 42.97345581924411], [-85.67145866873314, 42.97334722158584], [-85.67050843922327, 42.97334722158584], [-85.67042699097956, 42.97296712978189], [-85.66974825561539, 42.97253273914882], [-85.6691509684949, 42.97158250963896], [-85.66768554209875, 42.97053710181294], [-85.66762042342356, 42.97000442720985], [-85.667563598565, 42.96877089401257], [-85.66633239329597, 42.96789770387449]]]]}}, {"type": "Feature", "properties": {"fid": 1, "DN": 198, "geometry_ref": "may-mobility-grand-rapids-mi-july-26-2021-boundary.geojson", "company": "May Mobility", "market": "Grand Rapids, MI", "state": "MI", "event_date": "2021-07-26", "event_type": "geometry_updated", "phase": "deployment", "source_url": "https://www.prnewswire.com/news-releases/may-mobility-announces-on-demand-autonomous-service-in-grand-rapids-michigan-301351595.html", "source_dataset": "AV Map", "source_dataset_url": "https://github.com/path-avmap/av-map-data", "historical_baseline": true}, "geometry": {"type": "MultiPolygon", "coordinates": [[[[-85.66934101439688, 42.956894676357976], [-85.67029124390673, 42.957057572845386], [-85.67121432400202, 42.95773630820957], [-85.67371207014223, 42.957682009380434], [-85.67379351838593, 42.95787205528241], [-85.6748251961395, 42.95852364123203], [-85.67599262096589, 42.959012330694236], [-85.6759111727222, 42.960586996739146], [-85.67572112682022, 42.96102138737223], [-85.67618266686786, 42.961401479176175], [-85.67726864345056, 42.96289469697738], [-85.67713289637773, 42.963356237025025], [-85.67675280457378, 42.963546282927], [-85.67658990808637, 42.963872075901804], [-85.67737724110883, 42.96381777707267], [-85.67770303408363, 42.96332908761046], [-85.67979353900533, 42.963220489952185], [-85.68093381441716, 42.96289469697738], [-85.68305146875342, 42.96267750166084], [-85.68392025001958, 42.96341053585416], [-85.68476188187117, 42.963763478243536], [-85.68858994932518, 42.967075706820765], [-85.70001985285806, 42.967075706820765], [-85.7046624027491, 42.97150106139525], [-85.70281624255851, 42.973673014560646], [-85.70344067909356, 42.976849496065036], [-85.70254474841283, 42.97720243845441], [-85.70178456480495, 42.97774542674576], [-85.70181171421952, 42.97877710449932], [-85.70145877183013, 42.9813834482978], [-85.69953116339585, 42.98230652839309], [-85.69573024535642, 42.98230652839309], [-85.69564879711271, 42.9804603682025], [-85.69513295823593, 42.97967303518005], [-85.69507865940679, 42.97817981737884], [-85.69475286643198, 42.97793547264774], [-85.69323249921621, 42.97758253025836], [-85.69323249921621, 42.975654921824066], [-85.69309675214338, 42.975383427678395], [-85.68025507905298, 42.974976186459884], [-85.68025507905298, 42.97470469231421], [-85.67930484954312, 42.973808761633485], [-85.67903335539745, 42.97323862392757], [-85.67762158583994, 42.97239699207598], [-85.67653560925724, 42.97139246373698], [-85.6763998621844, 42.97109382017674], [-85.67534103501627, 42.97147391198069], [-85.67352202424026, 42.97293998036733], [-85.67344057599655, 42.97332007217127], [-85.67314193243631, 42.97345581924411], [-85.67221885234102, 42.97361871573151], [-85.67145866873314, 42.97334722158584], [-85.67050843922327, 42.97334722158584], [-85.67042699097956, 42.97296712978189], [-85.66974825561539, 42.97253273914882], [-85.6691509684949, 42.97158250963896], [-85.66768490010826, 42.97057798129996], [-85.66757630244999, 42.96951915413183], [-85.66733195771889, 42.96900331525505], [-85.6654857975283, 42.96732005155187], [-85.6639925797271, 42.96628837379831], [-85.66342244202117, 42.96552819019042], [-85.66301520080266, 42.96525669604475], [-85.66304235021722, 42.96474085716797], [-85.66391113148339, 42.96417071946205], [-85.66380253382512, 42.963763478243536], [-85.66336814319205, 42.963356237025025], [-85.66328669494834, 42.962948995806514], [-85.66410117738536, 42.96153722624901], [-85.6646441656767, 42.9601254566915], [-85.66592018816138, 42.959012330694236], [-85.66638172820902, 42.95882228479226], [-85.66700616474408, 42.958116400013516], [-85.66814644015591, 42.95722046933279], [-85.66860798020355, 42.95692182577255], [-85.66934101439688, 42.956894676357976]]]]}}, {"type": "Feature", "properties": {"fid": 1, "DN": 162, "geometry_ref": "may-mobility-grand-rapids-mn-september-2-2025-boundary.geojson", "company": "May Mobility", "market": "Grand Rapids, MN", "state": "MN", "event_date": "2025-09-02", "event_type": "geometry_updated", "phase": "deployment", "source_url": "https://www.kaxe.org/local-news/2025-08-11/grand-rapids-autonomous-transit-expanding-to-nearby-cities-tribal-stops", "source_dataset": "AV Map", "source_dataset_url": "https://github.com/path-avmap/av-map-data", "historical_baseline": true}, "geometry": {"type": "MultiPolygon", "coordinates": [[[[-93.51844491073302, 47.20224398676599], [-93.51868408360328, 47.20224398676599], [-93.51976036151937, 47.200211017368915], [-93.52023870725985, 47.200211017368915], [-93.52059746656522, 47.19973267162843], [-93.52107581230571, 47.19973267162843], [-93.524304646054, 47.1979388751016], [-93.53219735077205, 47.19841722084209], [-93.53638287600131, 47.20188522746062], [-93.53829625896327, 47.20559240694941], [-93.53853543183351, 47.20559240694941], [-93.539013777574, 47.20918000000306], [-93.53853543183351, 47.2181489826372], [-93.539013777574, 47.21886650124794], [-93.54080757410082, 47.219464433423546], [-93.54296012993302, 47.219584019858665], [-93.54738482803253, 47.217431464026475], [-93.54929821099448, 47.216953118285986], [-93.55372290909399, 47.216953118285986], [-93.5570713292774, 47.21779022333184], [-93.55874553936911, 47.21898608768306], [-93.55946305797984, 47.21910567411818], [-93.56651865765204, 47.2181489826372], [-93.57010625070569, 47.21934484698843], [-93.57333508445399, 47.22233450786647], [-93.57309591158375, 47.22652003309574], [-93.56938873209496, 47.228194243187446], [-93.56675783052228, 47.22831382962257], [-93.56173520024716, 47.22831382962257], [-93.55910429867448, 47.2268787924011], [-93.55276621761301, 47.22699837883623], [-93.55204869900228, 47.22783548388208], [-93.55013531604034, 47.228194243187446], [-93.54929821099448, 47.228672588927935], [-93.54917862455936, 47.229748866844034], [-93.54893945168912, 47.229748866844034], [-93.54846110594863, 47.23106431763037], [-93.54774358733789, 47.23154266337086], [-93.54583020437595, 47.23202100911135], [-93.5422426113223, 47.23202100911135], [-93.53949212331449, 47.231183904065496], [-93.53710039461204, 47.22950969397379], [-93.53530659808521, 47.2290313482333], [-93.53399114729888, 47.229150934668425], [-93.53399114729888, 47.230705558325006], [-93.53423032016912, 47.230705558325006], [-93.53446949303937, 47.23154266337086], [-93.53602411669596, 47.23261894128696], [-93.53817667252814, 47.2328581141572], [-93.5400900554901, 47.2339343920733], [-93.55396208196424, 47.2339343920733], [-93.55515794631546, 47.234891083554274], [-93.5553971191857, 47.235847775035246], [-93.55563629205595, 47.235847775035246], [-93.55563629205595, 47.23704363938647], [-93.55491877344521, 47.237402398691835], [-93.54511268576522, 47.237402398691835], [-93.5449930993301, 47.24110957818061], [-93.54475392645985, 47.24110957818061], [-93.54451475358961, 47.242903374707446], [-93.53650246243643, 47.24314254757768], [-93.53638287600131, 47.24517551697476], [-93.54188385201692, 47.245055930539635], [-93.54439516715448, 47.24625179489085], [-93.54475392645985, 47.24684972706647], [-93.54559103150571, 47.24732807280695], [-93.54559103150571, 47.2492414557689], [-93.54427558071936, 47.25079607942549], [-93.54152509271155, 47.25151359803622], [-93.53614370313107, 47.25151359803622], [-93.5351870116501, 47.25091566586061], [-93.53171900503156, 47.25091566586061], [-93.53100148642083, 47.251752770906464], [-93.52872934415352, 47.25294863525768], [-93.52837058484815, 47.25354656743329], [-93.53040355424523, 47.25510119108988], [-93.5308818999857, 47.25510119108988], [-93.53291486938278, 47.25641664187622], [-93.53315404225302, 47.257373333357194], [-93.53231693720717, 47.2579712655328], [-93.52956644919936, 47.258808370578656], [-93.5264572018862, 47.258808370578656], [-93.52466340535936, 47.258330024838166], [-93.52227167665693, 47.256655814746466], [-93.52143457161108, 47.25450325891427], [-93.52251084952718, 47.25258987595232], [-93.52454381892424, 47.25151359803622], [-93.52454381892424, 47.251274425165974], [-93.52167374448132, 47.251154838730855], [-93.52083663943547, 47.25019814724988], [-93.51868408360328, 47.24983938794451], [-93.51485731767937, 47.25007856081476], [-93.50959551453401, 47.24840435072305], [-93.50899758235839, 47.24792600498256], [-93.50887799592327, 47.247088899936706], [-93.50816047731254, 47.24625179489085], [-93.50612750791547, 47.245055930539635], [-93.50612750791547, 47.242903374707446], [-93.50552957573986, 47.242544615402075], [-93.50481205712913, 47.24230544253183], [-93.50277908773205, 47.242544615402075], [-93.49883273537303, 47.244577584799146], [-93.4970389388462, 47.245055930539635], [-93.49668017954085, 47.245414689845], [-93.4959626609301, 47.245414689845], [-93.48759161047157, 47.242903374707446], [-93.48436277672329, 47.24063123244012], [-93.48400401741792, 47.24027247313476], [-93.48412360385304, 47.225682928049885], [-93.48436277672329, 47.22400871795818], [-93.48460194959353, 47.22400871795818], [-93.4849607088989, 47.22281285360696], [-93.48711326473108, 47.22149740282062], [-93.48902664769304, 47.22089947064501], [-93.49022251204426, 47.22113864351525], [-93.4959626609301, 47.223171612912324], [-93.49990901328913, 47.22532416874452], [-93.50540998930474, 47.22735713814159], [-93.50600792148035, 47.22783548388208], [-93.50660585365596, 47.22783548388208], [-93.50899758235839, 47.2290313482333], [-93.51043261957986, 47.22950969397379], [-93.51378103976327, 47.22939010753866], [-93.51378103976327, 47.22843341605769], [-93.50768213157205, 47.22831382962257], [-93.50732337226668, 47.22604168735525], [-93.50313784703742, 47.22448706369867], [-93.50265950129693, 47.224128304393304], [-93.50265950129693, 47.223649958652814], [-93.50337701990766, 47.22281285360696], [-93.50457288425889, 47.2224540943016], [-93.50445329782376, 47.220062365599155], [-93.50493164356425, 47.219584019858665], [-93.50768213157205, 47.219464433423546], [-93.51390062619839, 47.2203015384694], [-93.51402021263351, 47.21037586435428], [-93.51437897193888, 47.21025627791916], [-93.51700987351157, 47.20511406120892], [-93.5172490463818, 47.20511406120892], [-93.51844491073302, 47.20224398676599]]]]}}, {"type": "Feature", "properties": {"fid": 1, "DN": 57961, "geometry_ref": "may-mobility-grand-rapids-mn-september-28-2022-boundary.geojson", "company": "May Mobility", "market": "Grand Rapids, MN", "state": "MN", "event_date": "2022-09-28", "event_type": "service_created", "phase": "deployment", "source_url": "https://maymobility.com/posts/may-mobility-and-via-launch-first-rural-transit-program-to-use-wheelchair-accessible-ada-compliant-autonomous-vehicless/", "source_dataset": "AV Map", "source_dataset_url": "https://github.com/path-avmap/av-map-data", "historical_baseline": true}, "geometry": {"type": "MultiPolygon", "coordinates": [[[[-93.52949923907586, 47.208682691673985], [-93.53047355493227, 47.20906159228481], [-93.5313396134713, 47.209927650823836], [-93.5313396134713, 47.219454294753156], [-93.56736430913425, 47.219513873226866], [-93.56733517149968, 47.219508423411845], [-93.56847187333216, 47.219724938046596], [-93.56912141723643, 47.22059099658563], [-93.56912141723643, 47.2237845874483], [-93.56841774467347, 47.224650645987325], [-93.5677682007692, 47.2247589033047], [-93.5313396134713, 47.2247589033047], [-93.5313396134713, 47.23498921979698], [-93.53556164884907, 47.23498921979698], [-93.5364277073881, 47.235584635042564], [-93.53653596470548, 47.23580114967732], [-93.53659009336417, 47.24543605092401], [-93.54184057325703, 47.2454901795827], [-93.54330204704164, 47.24570669421746], [-93.54405984826329, 47.2460314661696], [-93.54498003546101, 47.24695165336732], [-93.54514242143708, 47.24738468263683], [-93.54514242143708, 47.248521384469306], [-93.54498003546101, 47.24911679971489], [-93.54395159094591, 47.25019937288867], [-93.54189470191572, 47.250903045451636], [-93.53312585920806, 47.251444332038524], [-93.52949923907586, 47.2540966363143], [-93.52949923907586, 47.25550398144023], [-93.52895795248898, 47.256099396685805], [-93.52798363663257, 47.25658655461401], [-93.52668454882402, 47.25658655461401], [-93.52603500491975, 47.25631591132056], [-93.52506068906334, 47.25539572412285], [-93.52543958967416, 47.253771864362164], [-93.5257643616263, 47.253392963751345], [-93.52803776529126, 47.25182323264935], [-93.52857905187815, 47.25160671801459], [-93.53079832688441, 47.250091115571294], [-93.53096071286048, 47.24971221496047], [-93.52322031466791, 47.24965808630178], [-93.5227872853984, 47.24965808630178], [-93.52235425612888, 47.24949570032571], [-93.52197535551805, 47.24900854239751], [-93.5217588408833, 47.24798009788241], [-93.51206981097792, 47.24798009788241], [-93.51044595121724, 47.247601197271585], [-93.5095798926782, 47.24684339604994], [-93.50952576401951, 47.236504822240285], [-93.50990466463034, 47.23563876370125], [-93.51093310914544, 47.23504334845567], [-93.51293586951694, 47.23482683382091], [-93.513098255493, 47.23482683382091], [-93.52105516832033, 47.23477270516222], [-93.52105516832033, 47.23369013198844], [-93.52029736709869, 47.233040588084165], [-93.51981020917049, 47.232932330766786], [-93.51867350733801, 47.23222865820383], [-93.51851112136194, 47.23233691552121], [-93.51840286404456, 47.23201214356907], [-93.51813222075111, 47.23217452954514], [-93.5181863494098, 47.23195801491038], [-93.51688726160125, 47.23092957039528], [-93.51640010367306, 47.23011764051495], [-93.51629184635568, 47.22394697342436], [-93.50790190425884, 47.22394697342436], [-93.50752300364802, 47.22373045878961], [-93.50698171706112, 47.22302678622665], [-93.50698171706112, 47.222214856346305], [-93.50725236035457, 47.22161944110073], [-93.50790190425884, 47.22118641183121], [-93.51634597501437, 47.22118641183121], [-93.51634597501437, 47.209927650823836], [-93.51688726160125, 47.20927810691956], [-93.51813222075111, 47.208845077650054], [-93.5181863494098, 47.208682691673985], [-93.52949923907586, 47.208682691673985]]]]}}, {"type": "Feature", "properties": {"fid": 1, "DN": 191, "geometry_ref": "may-mobility-martinez-ca-september-12-2024-boundary.geojson", "company": "May Mobility", "market": "Martinez, CA", "state": "CA", "event_date": "2024-09-12", "event_type": "service_created", "phase": "deployment", "source_url": "https://ccta.net/news/contra-costa-transportation-authority-and-may-mobility-launch-autonomous-vehicle-service-in-martinez-california/", "source_dataset": "AV Map", "source_dataset_url": "https://github.com/path-avmap/av-map-data", "historical_baseline": true}, "geometry": {"type": "MultiPolygon", "coordinates": [[[[-122.11899560047625, 37.98552125517816], [-122.11936611239038, 37.984780231349895], [-122.1216262350666, 37.98381690037315], [-122.12210790055497, 37.9839651051388], [-122.12451622799684, 37.987003302834694], [-122.12344174344585, 37.98918932312808], [-122.12625763399326, 37.990597268401785], [-122.12959224122046, 37.99622904949661], [-122.13355671870168, 37.99574738400824], [-122.1352610735067, 37.996970073324874], [-122.13552043184659, 37.99989711744653], [-122.13422364014713, 38.00664043428375], [-122.13366787227592, 38.00738145811202], [-122.13366787227592, 38.00790017479181], [-122.13300095083049, 38.00849299385442], [-122.14130041770707, 38.01708887026231], [-122.14141157128131, 38.02046052868092], [-122.13866978311673, 38.02086809178647], [-122.14070759864445, 38.02546243952172], [-122.13711363307736, 38.026055258584336], [-122.13459415206125, 38.02212783229452], [-122.12944403645481, 38.01920078817287], [-122.12862891024372, 38.018274508387535], [-122.1285918590523, 38.01582912975426], [-122.1263687875675, 38.013494904695214], [-122.13059262338862, 38.01104952606194], [-122.12603532684479, 38.00645517832669], [-122.12488673991096, 38.0048249259045], [-122.12403456250846, 38.002638905611114], [-122.1177729111596, 38.001045704380346], [-122.1158091980147, 38.00000827102077], [-122.1160685563546, 37.999378400766744], [-122.11436420154959, 38.00004532221218], [-122.10906588117749, 37.99900788885261], [-122.1057683251417, 37.99637725426226], [-122.10906588117749, 37.99100483150733], [-122.11036267287695, 37.990300858870484], [-122.12069995528127, 37.990337910061896], [-122.1224784124691, 37.989708039807866], [-122.11899560047625, 37.98552125517816]], [[-122.11610560754602, 37.999378400766744], [-122.11610560754602, 37.99934134957533], [-122.1160685563546, 37.99934134957533], [-122.1160685563546, 37.999378400766744], [-122.11610560754602, 37.999378400766744]]], [[[-122.12944403645481, 37.99382072205474], [-122.12948108764623, 37.99382072205474], [-122.12948108764623, 37.99422828516029], [-122.12944403645481, 37.99422828516029], [-122.12944403645481, 37.99382072205474]]]]}}, {"type": "Feature", "properties": {"fid": 1, "DN": 0, "geometry_ref": "may-mobility-peachtree-corners-ga-october-7-2024-boundary.geojson", "company": "May Mobility", "market": "Peachtree Corners, GA", "state": "GA", "event_date": "2024-10-07", "event_type": "service_created", "phase": "deployment", "source_url": "https://maymobility.com/posts/peachtree-corners-launch-autonomous-vehicle-may-mobility-t-mobile/", "source_dataset": "AV Map", "source_dataset_url": "https://github.com/path-avmap/av-map-data", "historical_baseline": true}, "geometry": {"type": "MultiPolygon", "coordinates": [[[[-84.23171947114479, 33.95360261171155], [-84.23463267711733, 33.95423754121838], [-84.23435256115843, 33.956086306547114], [-84.23435256115843, 33.95651581768409], [-84.23368028285707, 33.95690798002655], [-84.23308270214476, 33.957505560738866], [-84.23235440065162, 33.95806579265666], [-84.23074840248727, 33.95815916464296], [-84.23016949617221, 33.95827121102652], [-84.2279845916928, 33.95978383720457], [-84.22606112877504, 33.96185669530042], [-84.22316659719976, 33.96364943743737], [-84.2207762743505, 33.96462050609488], [-84.21963713611764, 33.965572900355134], [-84.21959978732312, 33.96566627234143], [-84.22100036711761, 33.968037920793435], [-84.21967448491216, 33.97026017406736], [-84.21866606746013, 33.970334871656405], [-84.21633176780264, 33.970334871656405], [-84.21405349133694, 33.96910236143725], [-84.21349325941914, 33.96650662021813], [-84.21347458502188, 33.96495664524556], [-84.2145390256657, 33.96432171573872], [-84.21601430304922, 33.96432171573872], [-84.21655586056976, 33.96407894857434], [-84.2171907900766, 33.963313298286685], [-84.21748958043275, 33.961931392889454], [-84.21829257951494, 33.96101634742372], [-84.21976785689846, 33.960381417916885], [-84.22189673818609, 33.9605121386977], [-84.2228678068436, 33.95864469897172], [-84.22335334117236, 33.95733749116353], [-84.22387622429564, 33.956964003218324], [-84.22477259536412, 33.95644112009505], [-84.22787254530925, 33.95494716831426], [-84.230225519364, 33.954032122848524], [-84.23151405277493, 33.95358393731429], [-84.23171947114479, 33.95360261171155]]]]}}, {"type": "Feature", "properties": {"geometry_ref": "tesla-austin-august-26-2025-boundary.geojson", "company": "Tesla", "market": "Austin", "state": "TX", "event_date": "2025-08-26", "event_type": "geometry_updated", "phase": "deployment", "source_url": "https://electrek.co/2025/08/27/tesla-announces-50-increase-in-austin-robotaxi-but-50-from-what/", "source_dataset": "AV Map", "source_dataset_url": "https://github.com/path-avmap/av-map-data", "historical_baseline": true}, "geometry": {"type": "Polygon", "coordinates": [[[-97.86919060616384, 30.201655874240856], [-97.8625599182323, 30.21391648298697], [-97.85257360434578, 30.225355529509716], [-97.83884254094366, 30.24358968268513], [-97.83846663893544, 30.243648513373717], [-97.82596535834423, 30.239307321427287], [-97.82414706128823, 30.23929257018637], [-97.81159723943173, 30.24732038581011], [-97.81136730066113, 30.24761133523932], [-97.8117389386835, 30.249211939332294], [-97.82714991905976, 30.267089346834588], [-97.83802748148804, 30.29516121127228], [-97.83786814801923, 30.29997628837112], [-97.83129042848584, 30.326468895542362], [-97.80028731165164, 30.359902132040794], [-97.78439695004384, 30.38275302022997], [-97.75395927184495, 30.39370631949197], [-97.74785086009645, 30.39431570053001], [-97.74755182623042, 30.394223875007224], [-97.7465345597334, 30.39333134657824], [-97.74031566583714, 30.382372203502285], [-97.73103683631797, 30.37603793473392], [-97.71864514368625, 30.3696912666034], [-97.71686584210632, 30.362823255323818], [-97.71658687306696, 30.362480071795417], [-97.71604783721635, 30.362425713800185], [-97.70227024830199, 30.366492093110168], [-97.69498241412708, 30.366159121381546], [-97.68531084752871, 30.361374933066237], [-97.68141394977236, 30.356790959554218], [-97.67842047669535, 30.35013679163896], [-97.67763375997436, 30.341391875579987], [-97.67890685493484, 30.335030307045923], [-97.71065541371118, 30.254287236703323], [-97.71143033004314, 30.250922388839193], [-97.71121440764945, 30.250456323861492], [-97.71076769041943, 30.25032608581436], [-97.7054233856138, 30.250609571486134], [-97.69132854635326, 30.255343744552217], [-97.69046714673561, 30.25533847931063], [-97.69020764150098, 30.255159025928315], [-97.68865950096648, 30.249255880125123], [-97.68822588762914, 30.24885484703293], [-97.68698326726759, 30.248868953464225], [-97.67879369192545, 30.252456948157764], [-97.66933666036637, 30.267687907105742], [-97.6649340169971, 30.283723099265906], [-97.66396509406881, 30.284680775304953], [-97.66161859720565, 30.284844749725035], [-97.65508318279535, 30.28340814356181], [-97.63727593726986, 30.2767345015938], [-97.63312231772537, 30.27180944463322], [-97.62660780317015, 30.268602651024622], [-97.61828713853353, 30.26041536742349], [-97.61393690520677, 30.258907082736275], [-97.60827481944528, 30.25491333650576], [-97.5975754504081, 30.251125838139657], [-97.58736250083882, 30.24952138489865], [-97.58344292355916, 30.247642806604638], [-97.56882259715583, 30.249023767144593], [-97.56423340101267, 30.247679146317196], [-97.56399545347786, 30.24743382369074], [-97.5641863663362, 30.246422268865263], [-97.57226076061158, 30.23680773521543], [-97.65103631613786, 30.14539466348917], [-97.65126287244097, 30.14527021642143], [-97.72429795938895, 30.142328767676943], [-97.73208550802981, 30.142497818744317], [-97.74416860770684, 30.145365492759897], [-97.77875005044956, 30.154452103744934], [-97.82390525486996, 30.16798636224577], [-97.83285796613536, 30.171655155626468], [-97.86073382916778, 30.184226071238214], [-97.86915100239655, 30.19941891109216], [-97.86919060616384, 30.201655874240856]]]}}, {"type": "Feature", "properties": {"geometry_ref": "tesla-austin-august-3-2025-boundary.geojson", "company": "Tesla", "market": "Austin", "state": "TX", "event_date": "2025-08-03", "event_type": "geometry_updated", "phase": "deployment", "source_url": "https://www.pcmag.com/news/teslas-robotaxi-coverage-expands-four-times-the-size-of-initial-austin", "source_dataset": "AV Map", "source_dataset_url": "https://github.com/path-avmap/av-map-data", "historical_baseline": true}, "geometry": {"type": "Polygon", "coordinates": [[[-97.86787641352059, 30.201582986203057], [-97.86088199871001, 30.21450537298687], [-97.85092278806732, 30.225820284587712], [-97.83773259607301, 30.243494014728373], [-97.83738660397994, 30.243523693403183], [-97.82503365765497, 30.239174256042798], [-97.82301520924949, 30.239234002290292], [-97.80947851742752, 30.248284080030178], [-97.80932980131993, 30.248582806053555], [-97.80926663490894, 30.25113007776729], [-97.80196243785937, 30.258384860435353], [-97.78175753744321, 30.268066120448665], [-97.77363500876, 30.276259873291277], [-97.77335020127254, 30.276243415927556], [-97.77120424595776, 30.275226389108635], [-97.76836035846242, 30.27170136185805], [-97.75881389620577, 30.267636629785553], [-97.75745077279922, 30.26770627319108], [-97.75707825005239, 30.2678592588952], [-97.74063274983475, 30.311187098895857], [-97.73029933116585, 30.34412308507963], [-97.72291765364302, 30.35560925984718], [-97.7177134978661, 30.361198567948698], [-97.7107646241617, 30.36435405166733], [-97.7010450973407, 30.366882335946933], [-97.69419051630514, 30.366238255847996], [-97.68556341400885, 30.361931793730157], [-97.68041844891653, 30.354770987697], [-97.67822186448014, 30.346841121770026], [-97.6782202567309, 30.34027687101019], [-97.67932062940575, 30.3353706948881], [-97.71234785150327, 30.251525419494197], [-97.71229879506667, 30.25069060739119], [-97.71182496825563, 30.25036667268886], [-97.70679990475584, 30.250505591509636], [-97.6917294464867, 30.25483329520552], [-97.69137026776521, 30.254772215627717], [-97.6878631263105, 30.244389573567883], [-97.67815094001192, 30.225443905100317], [-97.6781583895521, 30.21795912386124], [-97.68277433700153, 30.19506605230554], [-97.6949483854226, 30.15228450737381], [-97.69532626076831, 30.14439681989007], [-97.69543132653446, 30.144184015397194], [-97.69567043420338, 30.14409255711525], [-97.72439167678064, 30.14254940667943], [-97.73510279548663, 30.1432010395252], [-97.77115034462287, 30.152470758310088], [-97.82428516375221, 30.168600076196523], [-97.86013992991491, 30.184880966376213], [-97.86732663329911, 30.198405934455543], [-97.86787641352059, 30.201582986203057]]]}}, {"type": "Feature", "properties": {"geometry_ref": "tesla-austin-july-14-2025-boundary.geojson", "company": "Tesla", "market": "Austin", "state": "TX", "event_date": "2025-07-14", "event_type": "geometry_updated", "phase": "deployment", "source_url": "https://www.businessinsider.com/tesla-new-robotaxi-geofence-austin-shape-elon-musk-bigger-waymo-2025-7", "source_dataset": "AV Map", "source_dataset_url": "https://github.com/path-avmap/av-map-data", "historical_baseline": true}, "geometry": {"type": "Polygon", "coordinates": [[[-97.8100129776671, 30.25059563889616], [-97.80147990713225, 30.25876896590205], [-97.78102061239423, 30.2684539833006], [-97.77326790276203, 30.276815606777138], [-97.7721244914837, 30.276431826472315], [-97.76844115774561, 30.271620271519843], [-97.76031379055038, 30.26777746068172], [-97.75773601937277, 30.267333150963555], [-97.75719568346084, 30.2675225244898], [-97.75676138491558, 30.269754888315894], [-97.75372817088049, 30.275625900309883], [-97.74015727613933, 30.31230297432825], [-97.73021088777377, 30.34430703237361], [-97.72269692066335, 30.35560310455307], [-97.71742268422396, 30.36117582092019], [-97.70971368747766, 30.364483809898893], [-97.6997140786914, 30.366852368561208], [-97.6961069519477, 30.36673821303293], [-97.68798481955909, 30.363556460468683], [-97.68232861100391, 30.35833516721744], [-97.67857906912504, 30.350698210073514], [-97.67796776424477, 30.33971451874706], [-97.67868847535487, 30.336156148296034], [-97.71190500456701, 30.25070223404401], [-97.71173594689985, 30.250367152235864], [-97.71129793533234, 30.250196151252283], [-97.70511484042856, 30.25055505573145], [-97.69109693168247, 30.254991897090903], [-97.6907159560814, 30.2549166743865], [-97.68793012260844, 30.24505280106004], [-97.67801107617582, 30.22640058132721], [-97.6775344611532, 30.220534011144686], [-97.67763170548638, 30.220299968893347], [-97.70659354148296, 30.20993074645396], [-97.72794087812548, 30.211752060144725], [-97.74738859743319, 30.209316236983124], [-97.76417951688482, 30.21510214542073], [-97.78199580989597, 30.225409050163165], [-97.79722332472682, 30.231517421889244], [-97.80391454087477, 30.242411363998464], [-97.8100129776671, 30.25059563889616]]]}}, {"type": "Feature", "properties": {"geometry_ref": "tesla-austin-june-22-2025-boundary.geojson", "company": "Tesla", "market": "Austin", "state": "TX", "event_date": "2025-06-22", "event_type": "service_created", "phase": "deployment", "source_url": "https://www.cnbc.com/2025/06/20/tesla-robotaxi-launch-austin.html", "source_dataset": "AV Map", "source_dataset_url": "https://github.com/path-avmap/av-map-data", "historical_baseline": true}, "geometry": {"type": "Polygon", "coordinates": [[[-97.80977813933801, 30.250633381476362], [-97.8020118548733, 30.25861220740082], [-97.78133278012976, 30.268455368883142], [-97.7734272110687, 30.275127413420073], [-97.77251631474915, 30.275184357286225], [-97.7691392451498, 30.272006166311936], [-97.75518659501493, 30.265741647725537], [-97.7459980856624, 30.26278650242973], [-97.74269774701042, 30.26000758791567], [-97.73956976945155, 30.253416670432568], [-97.72494938757146, 30.246915642099225], [-97.72450975835653, 30.246949178525742], [-97.71711089992691, 30.24999833577616], [-97.69059436292537, 30.252227457220577], [-97.6877680837951, 30.244822939843804], [-97.67798372639395, 30.226956645607164], [-97.67710498544179, 30.221019179808465], [-97.67731719324856, 30.22081355946668], [-97.70635389338477, 30.21016576278462], [-97.72648282819463, 30.212001522239067], [-97.74922282992357, 30.21257114139127], [-97.77005078341615, 30.224035389703044], [-97.78189185044401, 30.225627970771967], [-97.79699469881348, 30.231361923750583], [-97.80977813933801, 30.250633381476362]]]}}, {"type": "Feature", "properties": {"name": "tesla-austin-october-28-2025-boundary", "geometry_ref": "tesla-austin-october-28-2025-boundary.geojson", "company": "Tesla", "market": "Austin", "state": "TX", "event_date": "2026-01-22", "event_type": "supervision_updated", "phase": "deployment", "source_url": "https://www.techbuzz.ai/articles/tesla-goes-fully-driverless-in-austin-robotaxi-rollout", "source_dataset": "AV Map", "source_dataset_url": "https://github.com/path-avmap/av-map-data", "historical_baseline": true}, "geometry": {"type": "Polygon", "coordinates": [[[-97.65266418457033, 30.1457209625174], [-97.55241394042969, 30.263218773598812], [-97.57644653320314, 30.348583543234838], [-97.65335083007814, 30.40485985382934], [-97.70553588867189, 30.424400882616833], [-97.73780822753908, 30.3989375576187], [-97.78450012207031, 30.38294556400024], [-97.7996063232422, 30.358656420788783], [-97.82981872558594, 30.32665663737329], [-97.83599853515626, 30.29701788337205], [-97.82432556152345, 30.26499796432109], [-97.80853271484375, 30.24839093066276], [-97.82363891601564, 30.23830671903527], [-97.83737182617189, 30.24364554820945], [-97.86071777343751, 30.21398171687066], [-97.86818504333498, 30.20040753101621], [-97.85994529724123, 30.184679904218296], [-97.82501220703125, 30.169469197331733], [-97.73025512695314, 30.142752031075393], [-97.65266418457033, 30.1457209625174]]]}}, {"type": "Feature", "properties": {"geometry_ref": "waymo-atlanta-june-24-2025-boundary.geojson", "company": "Waymo", "market": "Atlanta", "state": "GA", "event_date": "2025-06-24", "event_type": "service_created", "phase": "deployment", "source_url": "https://www.uber.com/newsroom/waymo-on-uber-atl/", "source_dataset": "AV Map", "source_dataset_url": "https://github.com/path-avmap/av-map-data", "historical_baseline": true}, "geometry": {"type": "Polygon", "coordinates": [[[-84.45280005219628, 33.82063600996941], [-84.45173694224006, 33.821946562311645], [-84.451438564011, 33.82624039298528], [-84.45014147774614, 33.82728836412983], [-84.44844233119184, 33.82729882958348], [-84.44805443089386, 33.82744871872552], [-84.44723038540944, 33.829479960538386], [-84.4457435038325, 33.83090271687031], [-84.44543888988028, 33.83094700297513], [-84.44412690120828, 33.83054062104886], [-84.44383699128154, 33.82935344892942], [-84.44355608830894, 33.82907601060312], [-84.4420252960633, 33.829034052441315], [-84.44174443746718, 33.82921341177159], [-84.43848310863785, 33.832882087727036], [-84.43555855350253, 33.83293332512718], [-84.43159129401138, 33.83546925161011], [-84.42884026738476, 33.83505287531343], [-84.42838166333736, 33.8351702558749], [-84.42815628592585, 33.83552216942412], [-84.42809259753889, 33.837362701805155], [-84.42677251890086, 33.83772400255624], [-84.4244556072278, 33.84000937459941], [-84.4194439090941, 33.84019972026222], [-84.41909963289409, 33.84029773403516], [-84.41884656728566, 33.840636327819674], [-84.41859233681785, 33.843539956750355], [-84.41510460386662, 33.84874555265116], [-84.41355352078897, 33.84893227388484], [-84.41328957091532, 33.84886862864442], [-84.41163299149798, 33.8463563923244], [-84.41137821125903, 33.84614405839114], [-84.40939822895646, 33.846065886367974], [-84.40898913351738, 33.84618668838988], [-84.40876414731265, 33.8465510580853], [-84.40827769954825, 33.85219349263623], [-84.40691924597571, 33.85457784286035], [-84.40083090845776, 33.85501117863926], [-84.39530818354733, 33.85669030910331], [-84.39109791482068, 33.85564428825429], [-84.38835058640836, 33.85748340840365], [-84.38420625421958, 33.85632897623332], [-84.38378909666605, 33.856331444725306], [-84.38341253765081, 33.856640765905276], [-84.38105805713667, 33.86189415312214], [-84.38071853288214, 33.86207181690614], [-84.37644776765828, 33.86197345400356], [-84.37491293989328, 33.86007509892504], [-84.37486705965976, 33.85847774036661], [-84.37469715820068, 33.85821181721783], [-84.37431820722297, 33.858060007763186], [-84.37275788155668, 33.85810486085212], [-84.37136761886362, 33.85933657334234], [-84.36873566278413, 33.85941369759953], [-84.36846380941273, 33.859743043601796], [-84.36827748117676, 33.861060327332325], [-84.36803529199564, 33.861256581130505], [-84.36297761901494, 33.8607790136496], [-84.35981835133659, 33.8558161362576], [-84.35716931456467, 33.85440574503303], [-84.3565672730458, 33.85320584363554], [-84.35613505331007, 33.85305749563332], [-84.35175508641473, 33.852979611794446], [-84.3507793857456, 33.852262737979856], [-84.3511828942197, 33.84963472048373], [-84.35101483887236, 33.8492609790951], [-84.35057810653763, 33.84909482949722], [-84.34759537155391, 33.84922614890051], [-84.34602638498842, 33.84815300556635], [-84.34535548791592, 33.84386738876728], [-84.34383634868672, 33.84241581289022], [-84.34125802063603, 33.841785275781696], [-84.34103471943584, 33.84159705080514], [-84.3417147475216, 33.83924357353266], [-84.34101436643036, 33.83555193325978], [-84.3408042695057, 33.835238318655925], [-84.34046299849066, 33.83511454100614], [-84.33902423044104, 33.83514127921842], [-84.33567451009243, 33.83693335660173], [-84.33542962359505, 33.83681759214786], [-84.33269948899401, 33.83381186451154], [-84.32897685520271, 33.83406540972286], [-84.32821110263039, 33.83319796046663], [-84.32820279968875, 33.829698790149585], [-84.32802783693057, 33.82933749109296], [-84.32771939180549, 33.82919083699363], [-84.32251146343151, 33.828148239294535], [-84.32234510370817, 33.82795874722832], [-84.32214091175356, 33.82670475702188], [-84.32176266717082, 33.82638078808974], [-84.31641273878795, 33.82606748467401], [-84.3162514250464, 33.82584259802114], [-84.31603037166909, 33.82297758050846], [-84.31590224520869, 33.8227379875336], [-84.31559004969728, 33.822562556290436], [-84.31302292482916, 33.82236749931061], [-84.312573734702, 33.82253120062213], [-84.31095834704074, 33.82738372346331], [-84.31019032927492, 33.82840098050075], [-84.30931430656598, 33.828426314067755], [-84.30911395604751, 33.82815910795759], [-84.30910952412685, 33.82057870118541], [-84.30900236915713, 33.82028725009962], [-84.30859892178766, 33.82006584902166], [-84.30296235245825, 33.81963841750469], [-84.30266444068812, 33.81945785751338], [-84.30266150565251, 33.81922983497998], [-84.30510222072782, 33.81415605537051], [-84.30439631211108, 33.8096823910167], [-84.30464919076293, 33.80948135736309], [-84.30607059335823, 33.809321372223714], [-84.30644873929194, 33.80889159894794], [-84.30638009520601, 33.807710130801915], [-84.30434229424901, 33.805489532208576], [-84.30507706069245, 33.79824121175171], [-84.30486185975299, 33.79794361567009], [-84.30351301868262, 33.7971634186364], [-84.3014337684548, 33.79413597093267], [-84.300575463625, 33.791508176438036], [-84.29826304606956, 33.79049463335911], [-84.2982209828636, 33.787505122175915], [-84.29811121363741, 33.78721035605887], [-84.29448124665285, 33.78475093573874], [-84.29318128086496, 33.78235520165501], [-84.29259174926406, 33.77829131081058], [-84.29232457978195, 33.778100857992044], [-84.28955267063976, 33.77726323611881], [-84.28941834697574, 33.77598019648757], [-84.28816622520864, 33.77486199780305], [-84.28794246850914, 33.773888270999336], [-84.28771243295185, 33.7736050647046], [-84.2873808400153, 33.77350178499515], [-84.28388371914393, 33.773287287396286], [-84.28361108035794, 33.77310415974679], [-84.282869376513, 33.76906614683257], [-84.28293473832117, 33.76884563525951], [-84.2849435743721, 33.76780956801065], [-84.28783917597151, 33.767990674855135], [-84.28821855250601, 33.76783862343613], [-84.28838848714454, 33.76757208385385], [-84.28839470695962, 33.76389412832647], [-84.28719680435522, 33.76087003803645], [-84.2872167582127, 33.760641676992165], [-84.28745219188134, 33.76048561627521], [-84.29143881902564, 33.75970441541806], [-84.29166310798509, 33.75947259250645], [-84.2923057071322, 33.757714179539356], [-84.29252222926955, 33.757545563774535], [-84.29829409538682, 33.75758054064118], [-84.29870670588268, 33.75745715820241], [-84.29955637262914, 33.75585304382822], [-84.30141445868685, 33.755260933408316], [-84.3016908380293, 33.75504323056946], [-84.30379261461212, 33.74956806274234], [-84.30905915491529, 33.749345791828695], [-84.30950802332214, 33.7491701163405], [-84.30966201750384, 33.7488843497738], [-84.31009267954876, 33.74584819429761], [-84.31026870833186, 33.74564074165204], [-84.31837971273343, 33.74567311560414], [-84.31877061250665, 33.74556429052043], [-84.3189964602362, 33.74527753993071], [-84.32019140738957, 33.74132663831536], [-84.32132401894015, 33.74022754920786], [-84.32799931720653, 33.74071696006534], [-84.32818840503148, 33.74092392565799], [-84.32869273375177, 33.743542299757834], [-84.32909648607908, 33.743781129228616], [-84.33005105293117, 33.74379080280814], [-84.3303700597122, 33.74365608395342], [-84.33056031295693, 33.74334909600159], [-84.33084738915933, 33.73884945841091], [-84.331097226904, 33.73871687318282], [-84.334301621939, 33.73836994821242], [-84.33564147475462, 33.73893445993601], [-84.3358021108644, 33.73910127485258], [-84.3353530946025, 33.74378643300226], [-84.3356315301118, 33.74416601193773], [-84.33674259847595, 33.74452440305233], [-84.34765050252507, 33.74500354387769], [-84.34806442174657, 33.74458857023484], [-84.34828440304885, 33.74115766712804], [-84.34861082692059, 33.74089269410476], [-84.35030965597896, 33.74090822912116], [-84.35060650416679, 33.74110152302203], [-84.34999465224544, 33.74475697098068], [-84.35012410289784, 33.74510093137008], [-84.35055282280553, 33.745301989705354], [-84.3521210906938, 33.745256852954654], [-84.35602691762573, 33.743160765632915], [-84.3648962594082, 33.74303120223088], [-84.36534079722263, 33.742869208685406], [-84.36551420432613, 33.74249225789866], [-84.36526466502069, 33.7358421710382], [-84.36367743514133, 33.73331932898386], [-84.36343207722818, 33.72959708895219], [-84.36372744069723, 33.72936093755605], [-84.36665701243706, 33.729201796697296], [-84.36692821102127, 33.729075766644314], [-84.36711005186488, 33.72880673423641], [-84.36739838178985, 33.712868380067995], [-84.36768447488481, 33.71269161575971], [-84.37103650101308, 33.71249789500536], [-84.37242774875298, 33.71130631263146], [-84.37313481457262, 33.706930866613064], [-84.37289812215074, 33.70663895869928], [-84.37037146967795, 33.705083384169214], [-84.37030504212078, 33.704273930107014], [-84.37052713697545, 33.70409149409049], [-84.3744195382222, 33.70298491782432], [-84.37478672079624, 33.70255782594601], [-84.37476615001984, 33.70107984338635], [-84.37240372456529, 33.69581553685827], [-84.37240810693918, 33.688532187509644], [-84.37261263716732, 33.687866923831656], [-84.3728041632643, 33.687703508533716], [-84.37534656424903, 33.68751629898525], [-84.37566662775528, 33.68738289247435], [-84.37822778932511, 33.68445184823426], [-84.38264942912498, 33.68124877917148], [-84.383189300277, 33.68006118768903], [-84.38338712638239, 33.679904757953246], [-84.41239307017199, 33.6803629426404], [-84.4309278499549, 33.679219593678866], [-84.44154999025035, 33.68419870428816], [-84.44127058432386, 33.68982499664566], [-84.43704189511887, 33.691396738298856], [-84.43072879443653, 33.69685742557398], [-84.4286122179057, 33.70973613921626], [-84.42571838256761, 33.7202049480652], [-84.42173785688122, 33.72470705225647], [-84.42176962008662, 33.72617982915741], [-84.42315381211172, 33.7277557329396], [-84.4231984860904, 33.72800426418621], [-84.4209823064458, 33.73006038967634], [-84.41926578719698, 33.73012313510942], [-84.41900072928362, 33.73025318081596], [-84.4188264332936, 33.73052238141555], [-84.41882317547356, 33.74123896818181], [-84.41908538260675, 33.74161548081664], [-84.42118092387267, 33.742507991011195], [-84.42122089728159, 33.74676847579547], [-84.42142739643737, 33.74706493181654], [-84.42204162361118, 33.747378027637225], [-84.42306508209238, 33.75015180466596], [-84.42305739961813, 33.7528311293591], [-84.42288795308819, 33.75301702840981], [-84.42224085924231, 33.75319935833909], [-84.42198910569786, 33.7535422237034], [-84.42149774830274, 33.76092873820405], [-84.42164058635068, 33.761241203693295], [-84.42253174532445, 33.76207067018872], [-84.42228489493513, 33.76661431370324], [-84.42328545893875, 33.77154685626944], [-84.42349863604764, 33.77178325145545], [-84.42383194468145, 33.77188581305757], [-84.42974700693722, 33.771753133480736], [-84.4300384839925, 33.771866678003406], [-84.43010707518766, 33.77211695302814], [-84.42967992760083, 33.77325929839388], [-84.42741616042886, 33.77420807066426], [-84.42711711512594, 33.77467729881822], [-84.42761502810195, 33.77744952737196], [-84.43074737473134, 33.78142264361414], [-84.43008423469178, 33.785041242074904], [-84.43013046444901, 33.785334631296564], [-84.43058233654907, 33.785635380296824], [-84.43581132635441, 33.786084541806545], [-84.43827517497442, 33.78712227861897], [-84.43845750073112, 33.787325988311615], [-84.43843752710994, 33.788511333313174], [-84.43742489774365, 33.78932770453435], [-84.43316127452871, 33.78804182956945], [-84.43055567639878, 33.78801253908177], [-84.43021490511711, 33.788127191542834], [-84.43000950306124, 33.788380596169105], [-84.4300252600883, 33.78960930022743], [-84.43728826854829, 33.80170580578994], [-84.43769767659576, 33.80193899111312], [-84.44024799995947, 33.80214183109061], [-84.44052682689282, 33.802326299787495], [-84.43957326282376, 33.80917086180146], [-84.4396634394817, 33.809509505238786], [-84.44345366095217, 33.8128924902989], [-84.4461738560485, 33.813273642185756], [-84.44801015497487, 33.816689081308446], [-84.45269510509127, 33.81937142197953], [-84.45280005219628, 33.82063600996941]]]}}, {"type": "Feature", "properties": {"name": "waymo-austin-new", "geometry_ref": "waymo-austin-january-13-2026-boundary.geojson", "company": "Waymo", "market": "Austin", "state": "TX", "event_date": "2026-01-13", "event_type": "geometry_updated", "phase": "deployment", "source_url": "https://x.com/reed/status/2011133349486871008?s=20", "source_dataset": "AV Map", "source_dataset_url": "https://github.com/path-avmap/av-map-data", "historical_baseline": true}, "geometry": {"type": "Polygon", "coordinates": [[[-97.86037445068361, 30.12597589029753], [-97.8577995300293, 30.12909379587891], [-97.85385131835939, 30.127015203098274], [-97.85264968872072, 30.12909379587891], [-97.85556793212892, 30.130726945220093], [-97.85076141357422, 30.135626231134612], [-97.85084724426271, 30.129761905693076], [-97.84887313842775, 30.127534855396064], [-97.84852981567384, 30.12382299326632], [-97.84458160400392, 30.12486232872816], [-97.8432083129883, 30.126940966832464], [-97.84406661987306, 30.133176618573636], [-97.8377151489258, 30.133176618573636], [-97.83745765686037, 30.126940966832464], [-97.83350944519044, 30.126866730510827], [-97.83385276794435, 30.11981402544137], [-97.82518386840822, 30.119294332511437], [-97.82681465148927, 30.11446848185919], [-97.80904769897462, 30.114765464092212], [-97.80750274658203, 30.118700394385865], [-97.80570030212404, 30.117067046124014], [-97.8054428100586, 30.119888267065246], [-97.80278205871583, 30.119888267065246], [-97.80303955078126, 30.12382299326632], [-97.79814720153809, 30.13577469054803], [-97.79625892639162, 30.13577469054803], [-97.78879165649415, 30.156185733292183], [-97.77737617492677, 30.15611151896894], [-97.77565956115724, 30.153365549747686], [-97.77274131774904, 30.151658557372997], [-97.76836395263673, 30.150174192164314], [-97.76527404785156, 30.14950622053283], [-97.75548934936523, 30.149877316442065], [-97.74965286254884, 30.145201405964208], [-97.74493217468263, 30.144013837854256], [-97.73197174072267, 30.144236507963704], [-97.73094177246095, 30.14067372591087], [-97.71875381469728, 30.13488393071791], [-97.71042823791505, 30.134958161010793], [-97.7021884918213, 30.140376821599734], [-97.701416015625, 30.1465374030016], [-97.70776748657228, 30.150471066993028], [-97.70742416381837, 30.15373663113731], [-97.71240234375001, 30.15596309015496], [-97.70931243896486, 30.15685365968804], [-97.7098274230957, 30.1589316239887], [-97.71205902099611, 30.159080048334616], [-97.71326065063477, 30.1614548074847], [-97.72253036499025, 30.166204154193604], [-97.719783782959, 30.170656458930967], [-97.71995544433594, 30.179708858321735], [-97.70999908447267, 30.188760426055236], [-97.69798278808594, 30.187573382593047], [-97.68871307373048, 30.196772595195785], [-97.68150329589844, 30.197217696588513], [-97.68184661865236, 30.232819286858557], [-97.68871307373048, 30.242755763487068], [-97.68836975097658, 30.248094350973442], [-97.67704010009766, 30.25194981710498], [-97.66897201538086, 30.26559102073103], [-97.6674270629883, 30.271521387805628], [-97.66176223754884, 30.290644380677232], [-97.6597023010254, 30.29197840388623], [-97.65953063964844, 30.29835181988862], [-97.65798568725587, 30.30250172855797], [-97.65815734863281, 30.31094921415197], [-97.66124725341798, 30.31880324053713], [-97.66794204711914, 30.325471259328104], [-97.67875671386719, 30.330657182361502], [-97.67738342285156, 30.33347228272473], [-97.68047332763672, 30.339250393072167], [-97.67360687255861, 30.351842528864772], [-97.68716812133789, 30.359693275780987], [-97.67652511596681, 30.375689074061068], [-97.68304824829103, 30.37894715659413], [-97.69334793090822, 30.385166830762806], [-97.70536422729494, 30.393903323454275], [-97.7017593383789, 30.39930771165435], [-97.70278930664062, 30.400640254566156], [-97.70570755004884, 30.402490978446036], [-97.71068572998048, 30.408561106560363], [-97.71523475646974, 30.41041168030641], [-97.71926879882812, 30.410855812785393], [-97.7237319946289, 30.409153293975873], [-97.72991180419923, 30.40597024438167], [-97.7318000793457, 30.40278709101182], [-97.73669242858887, 30.405378037658565], [-97.7388381958008, 30.401824721889966], [-97.74106979370119, 30.398049182209157], [-97.7428722381592, 30.3936812189121], [-97.7402973175049, 30.38805440206787], [-97.74201393127443, 30.387906323563993], [-97.743558883667, 30.387684205387366], [-97.743558883667, 30.386277445209622], [-97.74227142333984, 30.383537906740475], [-97.73969650268556, 30.381094469795883], [-97.741756439209, 30.37709598665901], [-97.74295806884766, 30.37361569227148], [-97.74424552917482, 30.373245440895868], [-97.74476051330568, 30.371023903195642], [-97.7450180053711, 30.368654207343784], [-97.74630546569826, 30.367395283063157], [-97.74716377258301, 30.364358987233842], [-97.7490520477295, 30.362655658054585], [-97.75102615356445, 30.361322597134567], [-97.75188446044923, 30.359397032618983], [-97.75205612182617, 30.357767679190857], [-97.75403022766115, 30.355842044695716], [-97.75660514831543, 30.35769361702655], [-97.75815010070802, 30.35650861477196], [-97.75935173034668, 30.35391637229704], [-97.75772094726564, 30.34984270964038], [-97.75557518005373, 30.347398430640933], [-97.75317192077638, 30.346435516090843], [-97.75317192077638, 30.345324449068144], [-97.75463104248048, 30.345028162398517], [-97.75411605834961, 30.343324496642147], [-97.7542018890381, 30.342065246371636], [-97.75643348693849, 30.34228746818478], [-97.7622699737549, 30.33354636322036], [-97.76535987854005, 30.33236106856479], [-97.76802062988283, 30.32917551808637], [-97.7684497833252, 30.32636029420691], [-97.77093887329103, 30.323693165362656], [-97.77222633361818, 30.32102596389705], [-97.77256965637208, 30.318062321544428], [-97.77145385742189, 30.315469060947894], [-97.77385711669923, 30.316432280038512], [-97.77600288391115, 30.316358186598485], [-97.77686119079591, 30.312875731719547], [-97.77368545532227, 30.311023311681737], [-97.78295516967775, 30.303094558314918], [-97.7860450744629, 30.295016944573913], [-97.79016494750978, 30.295165163662784], [-97.79514312744142, 30.28397399248833], [-97.80681610107422, 30.268556249047727], [-97.80930519104004, 30.268630378608194], [-97.80904769897462, 30.2657392842738], [-97.81531333923341, 30.258993066432538], [-97.80904769897462, 30.25061524979676], [-97.80921936035158, 30.246240707632953], [-97.8123950958252, 30.243793844879914], [-97.81514167785646, 30.243200656855286], [-97.81977653503418, 30.24727875221182], [-97.82381057739259, 30.241865970708517], [-97.82140731811525, 30.240160512031974], [-97.8252696990967, 30.238380871426447], [-97.82767295837404, 30.234450717609995], [-97.82930374145509, 30.23074288129342], [-97.83737182617189, 30.22199183320206], [-97.83977508544923, 30.2240684235559], [-97.84269332885744, 30.224513401498857], [-97.84904479980469, 30.216948502671475], [-97.85213470458986, 30.217838520965802], [-97.85848617553711, 30.21368503337007], [-97.86466598510744, 30.2073061217304], [-97.87290573120119, 30.194843799241937], [-97.88183212280273, 30.184457325438117], [-97.89144515991212, 30.174218157917355], [-97.88595199584962, 30.16353267482236], [-97.88028717041017, 30.15254916577604], [-97.87462234497072, 30.148689804618368], [-97.86998748779297, 30.140525273866977], [-97.86758422851562, 30.134290086365063], [-97.86037445068361, 30.12597589029753]]]}}, {"type": "Feature", "properties": {"name": "waymo-austin-july-17-2025-boundary", "geometry_ref": "waymo-austin-july-17-2025-boundary.geojson", "company": "Waymo", "market": "Austin", "state": "TX", "event_date": "2025-07-17", "event_type": "geometry_updated", "phase": "deployment", "source_url": "https://www.axios.com/local/austin/2025/07/17/waymo-expands-austin-service-area", "source_dataset": "AV Map", "source_dataset_url": "https://github.com/path-avmap/av-map-data", "historical_baseline": true}, "geometry": {"type": "Polygon", "coordinates": [[[-97.81891822814943, 30.240679567805536], [-97.8230381011963, 30.242162569196495], [-97.81951904296876, 30.24661143909856], [-97.81522750854492, 30.24231086810482], [-97.80964851379395, 30.24498021018731], [-97.80810356140138, 30.246166561171986], [-97.80750274658203, 30.250541106636952], [-97.81342506408691, 30.258399970174093], [-97.79840469360353, 30.279675057559427], [-97.79462814331055, 30.282788098216884], [-97.78964996337892, 30.294498175998815], [-97.785701751709, 30.294498175998815], [-97.78141021728517, 30.302649936333278], [-97.77282714843751, 30.31020823577287], [-97.77295589447021, 30.311245603935003], [-97.77595996856691, 30.313209163607848], [-97.77523040771486, 30.31580248401232], [-97.7735996246338, 30.31539496677952], [-97.7721405029297, 30.3136166899307], [-97.77016639709473, 30.315061542328475], [-97.77209758758546, 30.316950932550053], [-97.76913642883301, 30.320433242598465], [-97.77111053466798, 30.321248233459503], [-97.77119636535645, 30.322730017654905], [-97.76930809020998, 30.325693518804307], [-97.76827812194826, 30.326063950143894], [-97.76398658752443, 30.332286987172424], [-97.76089668273927, 30.33339820217305], [-97.75145530700685, 30.347990988731844], [-97.75609016418458, 30.35006491379473], [-97.7585792541504, 30.353546046336582], [-97.75703430175783, 30.356138298623645], [-97.75368690490724, 30.35465702001285], [-97.75145530700685, 30.35791580335124], [-97.7516269683838, 30.360211699155627], [-97.74716377258301, 30.362803774813028], [-97.74561882019044, 30.362285365177087], [-97.73446083068849, 30.396716603943453], [-97.72905349731447, 30.405378037658565], [-97.72398948669435, 30.408116963641376], [-97.71926879882812, 30.4100045570922], [-97.71583557128908, 30.410152602093817], [-97.71489143371583, 30.408561106560363], [-97.7129602432251, 30.407561782151134], [-97.71218776702882, 30.40608128274237], [-97.70901203155519, 30.403712436992247], [-97.7064371109009, 30.40004801551676], [-97.70360469818117, 30.3989375576187], [-97.71600723266603, 30.380502112245484], [-97.71660804748537, 30.376725748464917], [-97.71798133850099, 30.375318830538173], [-97.72098541259766, 30.375022634710223], [-97.72072792053224, 30.37250493393797], [-97.71823883056642, 30.370875798887468], [-97.71261692047119, 30.348398370338085], [-97.70553588867189, 30.34539852059542], [-97.69978523254396, 30.340213378309624], [-97.68579483032228, 30.33347228272473], [-97.6875114440918, 30.330583099680148], [-97.68982887268068, 30.328953266511657], [-97.69403457641603, 30.323248636828104], [-97.68665313720705, 30.322804106276315], [-97.69987106323244, 30.30198299957999], [-97.69969940185547, 30.294424065978355], [-97.69497871398927, 30.282343384169735], [-97.69394874572755, 30.27797025534909], [-97.68673896789551, 30.278859721066926], [-97.6952362060547, 30.265776350124508], [-97.68819808959961, 30.241865970708517], [-97.68236160278322, 30.232522660176947], [-97.67995834350587, 30.227479869666148], [-97.67686843872072, 30.22362344359965], [-97.67652511596681, 30.220508527534868], [-97.68064498901369, 30.217393512825158], [-97.68270492553712, 30.217393512825158], [-97.68321990966798, 30.197959527771424], [-97.68888473510742, 30.198404623798147], [-97.69060134887695, 30.197588612878672], [-97.70047187805177, 30.189502320953967], [-97.7113723754883, 30.18935394242132], [-97.71368980407715, 30.187907240012823], [-97.72111415863039, 30.180339527290826], [-97.72248744964601, 30.168170613582276], [-97.72566318511964, 30.162493746627494], [-97.7281951904297, 30.163940822189275], [-97.73115634918214, 30.163866613702783], [-97.73428916931154, 30.164497384057398], [-97.73712158203126, 30.165684705541185], [-97.73806571960449, 30.166686496919972], [-97.7406406402588, 30.17132428729566], [-97.74699211120607, 30.17904108677775], [-97.751841545105, 30.18071050715152], [-97.75480270385742, 30.183084745180334], [-97.75900840759277, 30.18608955814685], [-97.77025222778322, 30.189502320953967], [-97.78531551361085, 30.16635256759157], [-97.79179573059082, 30.166649393717112], [-97.79428482055664, 30.167391455120704], [-97.80188083648683, 30.173179342342955], [-97.8277587890625, 30.173030939224137], [-97.83084869384767, 30.175702161170722], [-97.8361701965332, 30.1761473577888], [-97.85179138183595, 30.18341861781408], [-97.85771369934083, 30.188241096300906], [-97.8611469268799, 30.196401675831407], [-97.86535263061525, 30.199591536698236], [-97.86818504333498, 30.200778435288452], [-97.86080360412599, 30.210421455819937], [-97.85093307495119, 30.21687433411682], [-97.84664154052734, 30.216948502671475], [-97.84235000610353, 30.223475116500158], [-97.83677101135255, 30.221324348419966], [-97.82973289489748, 30.229482185091733], [-97.82501220703125, 30.237861803513496], [-97.81891822814943, 30.240679567805536]]]}}, {"type": "Feature", "properties": {"name": "waymo-austin-march-4-2025-boundary", "geometry_ref": "waymo-austin-march-4-2025-boundary.geojson", "company": "Waymo", "market": "Austin", "state": "TX", "event_date": "2025-03-04", "event_type": "service_created", "phase": "deployment", "source_url": "https://www.cnbc.com/2025/03/04/waymo-uber-begin-offering-robotaxi-rides-in-austin-ahead-of-sxsw.html", "source_dataset": "AV Map", "source_dataset_url": "https://github.com/path-avmap/av-map-data", "historical_baseline": true}, "geometry": {"type": "Polygon", "coordinates": [[[-97.77883529663087, 30.26803734055718], [-97.77239799499513, 30.272633291749383], [-97.77093887329103, 30.274560562081735], [-97.77480125427248, 30.276784288518094], [-97.77368545532227, 30.278785599231696], [-97.77677536010742, 30.282936335784676], [-97.77342796325685, 30.288791540565523], [-97.77411460876466, 30.28982913533989], [-97.77591705322267, 30.28990324883237], [-97.77634620666505, 30.29131139454971], [-97.77471542358398, 30.291830179981236], [-97.78432846069337, 30.296795558855106], [-97.78141021728517, 30.303242765194046], [-97.7717971801758, 30.311245603935003], [-97.76887893676759, 30.31080101892431], [-97.76737689971924, 30.313542594361685], [-97.76239871978761, 30.311134457871407], [-97.75784969329835, 30.309393153085555], [-97.75609016418458, 30.32228548474966], [-97.74948120117189, 30.319470062840015], [-97.74540424346924, 30.31913665225588], [-97.74291515350343, 30.323063416010008], [-97.7353620529175, 30.31884028633968], [-97.73398876190187, 30.319470062840015], [-97.73197174072267, 30.31880324053713], [-97.73085594177248, 30.31943301727557], [-97.71042823791505, 30.30946725179177], [-97.71536350250244, 30.301871843013362], [-97.70896911621095, 30.297981283787564], [-97.70819664001466, 30.29642501687341], [-97.70750999450685, 30.28916211138775], [-97.70072937011719, 30.277154904692335], [-97.697811126709, 30.273745183097915], [-97.69557952880861, 30.265887547592687], [-97.70158767700197, 30.256249966213307], [-97.68991470336914, 30.249428952525395], [-97.69128799438477, 30.24753826164305], [-97.68871307373048, 30.23801010891117], [-97.68442153930665, 30.233560849647176], [-97.68270492553712, 30.229445105546983], [-97.68287658691408, 30.217838520965802], [-97.68656730651857, 30.215502205769702], [-97.6882839202881, 30.215502205769702], [-97.6893997192383, 30.216169730058716], [-97.6908588409424, 30.218617280367987], [-97.70926952362062, 30.212164516388356], [-97.71223068237305, 30.21194199973718], [-97.7168655395508, 30.20500664521524], [-97.73428916931154, 30.21368503337007], [-97.73420333862305, 30.214871762004698], [-97.73733615875246, 30.215446578541176], [-97.74613380432129, 30.2160584763251], [-97.75265693664552, 30.21709683961305], [-97.75634765625001, 30.219321866895765], [-97.76750564575197, 30.224513401498857], [-97.7717971801758, 30.227628190725536], [-97.77329921722412, 30.22807315256143], [-97.78398513793947, 30.22881475114686], [-97.79471397399904, 30.232967599863763], [-97.79728889465333, 30.234895648570816], [-97.80733108520509, 30.252246385155885], [-97.80389785766603, 30.255656853390146], [-97.77883529663087, 30.26803734055718]]]}}, {"type": "Feature", "properties": {"geometry_ref": "waymo-dallas-february-24-2026-boundary.geojson", "company": "Waymo", "market": "Dallas", "state": "TX", "event_date": "2026-02-24", "event_type": "service_created", "phase": "deployment", "source_url": "https://waymo.com/blog/2026/02/dallas-houston-san-antonio-orlando", "source_dataset": "AV Map", "source_dataset_url": "https://github.com/path-avmap/av-map-data", "historical_baseline": true}, "geometry": {"type": "Polygon", "coordinates": [[[-96.83778762817384, 32.86466499373168], [-96.83096408843996, 32.864124287915224], [-96.82559967041017, 32.86726033576151], [-96.82190895080568, 32.867224289864566], [-96.819806098938, 32.86628709140132], [-96.77045345306398, 32.8660708134263], [-96.76985263824464, 32.866755691871035], [-96.76860809326172, 32.866178952479736], [-96.76156997680665, 32.86614290614324], [-96.74809455871582, 32.85731111218711], [-96.75169944763185, 32.853994456327676], [-96.75238609313966, 32.81663746931415], [-96.74946784973145, 32.81707026569627], [-96.73745155334474, 32.815555469135404], [-96.72766685485841, 32.81108306194782], [-96.72818183898926, 32.80538402343444], [-96.73152923583986, 32.80321973586064], [-96.73496246337892, 32.80300330420503], [-96.73796653747559, 32.79896314991243], [-96.73487663269044, 32.794562058639066], [-96.7350482940674, 32.792469660160904], [-96.73710823059083, 32.79239750761114], [-96.73710823059083, 32.79131521234002], [-96.73316001892091, 32.791098751705256], [-96.73341751098633, 32.784027414608246], [-96.73693656921388, 32.78417173322948], [-96.73710823059083, 32.77854313351904], [-96.73444747924805, 32.775945198169794], [-96.73685073852539, 32.76930568547271], [-96.76371574401855, 32.7472185257958], [-96.77101135253908, 32.75097228570515], [-96.77264213562013, 32.749456363244796], [-96.78122520446777, 32.75393186948688], [-96.77976608276367, 32.75624172020406], [-96.78139686584474, 32.75746880403006], [-96.78405761718751, 32.755303350575545], [-96.7892074584961, 32.75811842979854], [-96.79615974426271, 32.74967292517577], [-96.7998504638672, 32.7483013573877], [-96.80448532104494, 32.7475794711222], [-96.80585861206056, 32.74526939576252], [-96.8111801147461, 32.74165978309797], [-96.81126594543458, 32.73321271803826], [-96.8148708343506, 32.73328491856776], [-96.8148708343506, 32.73523431075712], [-96.81804656982423, 32.7351621118067], [-96.81838989257814, 32.734512318621206], [-96.83856010437013, 32.73472891687607], [-96.83813095092775, 32.758334970668244], [-96.83615684509279, 32.75948984641337], [-96.83607101440431, 32.76945002797205], [-96.83727264404298, 32.770532589256064], [-96.83547019958498, 32.79499496252225], [-96.84044837951662, 32.7983138222763], [-96.842679977417, 32.80026179095816], [-96.84731483459474, 32.80689899338195], [-96.851863861084, 32.80870249536585], [-96.85263633728029, 32.80718755615863], [-96.8577003479004, 32.8056725911295], [-96.85718536376955, 32.80379688436607], [-96.87332153320312, 32.80350831058175], [-96.87546730041504, 32.803075448148775], [-96.87546730041504, 32.8072596967064], [-96.87426567077638, 32.80711541555228], [-96.87409400939943, 32.81526693352909], [-96.87031745910646, 32.8191620851559], [-96.86345100402833, 32.823489831118124], [-96.85091972351076, 32.824138974827385], [-96.83529853820801, 32.836471803875156], [-96.83547019958498, 32.84490906839072], [-96.83907508850099, 32.84736077264575], [-96.83984756469727, 32.85233608190136], [-96.83735847473145, 32.85421076375023], [-96.83864593505861, 32.85832050457636], [-96.83727264404298, 32.86271843736456], [-96.83778762817384, 32.86466499373168]]]}}, {"type": "Feature", "properties": {"geometry_ref": "waymo-houston-february-24-2026-boundary.geojson", "company": "Waymo", "market": "Houston", "state": "TX", "event_date": "2026-02-24", "event_type": "service_created", "phase": "deployment", "source_url": "https://waymo.com/blog/2026/02/dallas-houston-san-antonio-orlando", "source_dataset": "AV Map", "source_dataset_url": "https://github.com/path-avmap/av-map-data", "historical_baseline": true}, "geometry": {"type": "Polygon", "coordinates": [[[-95.41544437408449, 29.813205075825294], [-95.415358543396, 29.811082627708352], [-95.42299747467041, 29.81037513499168], [-95.4230833053589, 29.804603296914205], [-95.42582988739014, 29.802555145273367], [-95.42329788208009, 29.798198028657897], [-95.4241991043091, 29.79790009922315], [-95.42394161224367, 29.794957998419637], [-95.42844772338869, 29.79480902898937], [-95.42810440063478, 29.79264894732904], [-95.42630195617677, 29.79242548794434], [-95.42617321014404, 29.78996740178118], [-95.422739982605, 29.78993015758713], [-95.4223108291626, 29.789185270795695], [-95.41836261749269, 29.78952047053789], [-95.42003631591798, 29.784455110303632], [-95.43376922607423, 29.783821922251498], [-95.43372631073, 29.78236929923453], [-95.42866230010988, 29.778979763562848], [-95.42484283447267, 29.77905426008559], [-95.42501449584962, 29.777303577148214], [-95.42548656463623, 29.775664612190578], [-95.42608737945558, 29.77540386529226], [-95.42531490325929, 29.7738021194511], [-95.42389869689943, 29.773690368785257], [-95.42389869689943, 29.772423852524266], [-95.42261123657227, 29.771343575998426], [-95.42226791381836, 29.76888497219658], [-95.42149543762208, 29.76873596396604], [-95.42145252227785, 29.76400483740917], [-95.42063713073732, 29.763893075812877], [-95.42059421539307, 29.762849961568904], [-95.41982173919678, 29.762663690025413], [-95.41977882385255, 29.761024485510614], [-95.41643142700197, 29.760763700501695], [-95.41660308837892, 29.757596971235923], [-95.41544437408449, 29.756628304650633], [-95.41643142700197, 29.754802715252055], [-95.41531562805176, 29.753945794475012], [-95.41608810424806, 29.75089062599732], [-95.41969299316408, 29.750629814618296], [-95.42514324188232, 29.749139450863563], [-95.42522907257081, 29.747388245139685], [-95.42754650115967, 29.747350985111076], [-95.42943477630617, 29.746494000631543], [-95.42922019958498, 29.743550389455688], [-95.42728900909425, 29.74232075413564], [-95.42750358581543, 29.730247170283352], [-95.41351318359376, 29.7304335020622], [-95.41171073913576, 29.729278239454906], [-95.40703296661378, 29.729315506198276], [-95.40677547454835, 29.731514219554978], [-95.40218353271486, 29.731663283123098], [-95.40214061737062, 29.732222269530983], [-95.39690494537355, 29.732632190917204], [-95.39621829986574, 29.732035941074443], [-95.39364337921143, 29.732557659880662], [-95.39222717285158, 29.731626017251838], [-95.3921413421631, 29.733079375973592], [-95.38729190826417, 29.733079375973592], [-95.3857469558716, 29.734048270090526], [-95.38428783416748, 29.732743987368178], [-95.38209915161134, 29.734793566889298], [-95.3767776489258, 29.731775080653858], [-95.37471771240236, 29.734458184015114], [-95.37403106689455, 29.73408553506197], [-95.37227153778078, 29.735799708783723], [-95.37145614624025, 29.735166213212125], [-95.36780834198, 29.738743547471575], [-95.3664779663086, 29.73799828002273], [-95.36184310913087, 29.74381121925178], [-95.35991191864015, 29.74261884893119], [-95.35634994506836, 29.746419479895824], [-95.35729408264162, 29.74716468476041], [-95.35205841064455, 29.753573217938975], [-95.35137176513673, 29.75320064001802], [-95.35017013549806, 29.754541914052], [-95.34939765930176, 29.754243854706683], [-95.34733772277833, 29.756255738086345], [-95.34918308258058, 29.757485202492365], [-95.34896850585939, 29.757932276718634], [-95.35064220428468, 29.7586401401646], [-95.35004138946533, 29.759273487430598], [-95.35102844238283, 29.760130362654337], [-95.34879684448244, 29.764675404368923], [-95.34690856933594, 29.766240043154248], [-95.34420490264894, 29.766873342382112], [-95.34476280212404, 29.77264735655765], [-95.346736907959, 29.771902341173412], [-95.35008430480957, 29.77197684296119], [-95.35008430480957, 29.7741001206171], [-95.3548049926758, 29.774249120867555], [-95.3602123260498, 29.78497655628058], [-95.35943984985353, 29.788403133698253], [-95.36038398742677, 29.792276514743993], [-95.3672504425049, 29.797639410239984], [-95.36746501922609, 29.8041191921293], [-95.36931037902832, 29.81205076752506], [-95.37403106689455, 29.812125239430408], [-95.37381649017334, 29.813018897968476], [-95.37574768066408, 29.81737536896432], [-95.39969444274904, 29.817189198872892], [-95.39960861206055, 29.818864717215195], [-95.40372848510744, 29.819274284094327], [-95.41003704071046, 29.818268980577425], [-95.4210662841797, 29.818268980577425], [-95.42132377624513, 29.817263666951064], [-95.42312622070314, 29.816854091834628], [-95.422739982605, 29.815737060261554], [-95.42351245880128, 29.814731721175235], [-95.42312622070314, 29.813428488795882], [-95.41544437408449, 29.813205075825294]]]}}, {"type": "Feature", "properties": {"name": "waymo-los-angeles-june-18-2025-boundary", "geometry_ref": "waymo-los-angeles-august-6-2024-boundary.geojson", "company": "Waymo", "market": "Los Angeles", "state": "CA", "event_date": "2024-08-06", "event_type": "geometry_updated", "phase": "deployment", "source_url": "https://waymo.com/blog/2024/08/expanding-destinations-for-san-francisco-and-los-angeles-riders", "source_dataset": "AV Map", "source_dataset_url": "https://github.com/path-avmap/av-map-data", "historical_baseline": true}, "geometry": {"type": "Polygon", "coordinates": [[[-118.45574855804445, 33.982299774355965], [-118.45695018768312, 33.982904731563714], [-118.45647811889648, 33.983687610970634], [-118.45004081726076, 33.98379436669471], [-118.4472942352295, 33.983118244844356], [-118.44703674316408, 33.981765985008884], [-118.44497680664062, 33.982620046355215], [-118.44360351562501, 33.98233536019326], [-118.44677925109865, 33.98073398276633], [-118.44703674316408, 33.979132575171484], [-118.44265937805177, 33.980947501499635], [-118.4420156478882, 33.979773141829526], [-118.4467363357544, 33.97763790086542], [-118.44690799713136, 33.97592966948079], [-118.4425735473633, 33.97770907642827], [-118.44175815582277, 33.97681937760982], [-118.44690799713136, 33.97454170620847], [-118.44780921936037, 33.96863371164317], [-118.43313217163087, 33.97582290387967], [-118.42669486999513, 33.965572781967964], [-118.41133117675783, 33.95297198127701], [-118.39888572692873, 33.95290078501083], [-118.39665412902833, 33.9509072653736], [-118.39416503906251, 33.95396872274893], [-118.39098930358888, 33.95254480278641], [-118.38626861572267, 33.95247360616284], [-118.3865261077881, 33.94485522327269], [-118.37047576904298, 33.9449264262696], [-118.37047576904298, 33.942861515177334], [-118.36790084838869, 33.94279031045317], [-118.36584091186525, 33.9450688320848], [-118.36043357849123, 33.9450688320848], [-118.36043357849123, 33.94157982102995], [-118.35416793823244, 33.94157982102995], [-118.35416793823244, 33.945353643000395], [-118.32550048828126, 33.94514003490305], [-118.32550048828126, 33.960589637564816], [-118.34197998046876, 33.96009130706897], [-118.34584236145021, 33.95952178292787], [-118.3484172821045, 33.961515100741025], [-118.36790084838869, 33.961443911623384], [-118.36953163146974, 33.96621345078303], [-118.36978912353517, 33.97788701507467], [-118.37614059448244, 33.9776734886543], [-118.37923049926759, 33.97703290617537], [-118.38558197021486, 33.977175258254476], [-118.39098930358888, 33.980235770302926], [-118.39570999145509, 33.98528893275272], [-118.39510917663576, 34.000019677490535], [-118.39296340942383, 34.00507166353614], [-118.39021682739259, 34.003862060435345], [-118.38884353637697, 34.00656585534624], [-118.39098930358888, 34.008415770687726], [-118.38824272155763, 34.014036420047816], [-118.38489532470705, 34.0137518391494], [-118.38386535644533, 34.01553045411449], [-118.38189125061037, 34.01617074638007], [-118.38309288024904, 34.0198701182436], [-118.37571144104005, 34.02164860502132], [-118.35236549377443, 34.021435188575595], [-118.34249496459962, 34.01567274170195], [-118.34266662597658, 34.01240006685526], [-118.34026336669923, 34.01140401034054], [-118.33794593811037, 34.00724179062399], [-118.33425521850587, 34.00855807019865], [-118.33442687988283, 34.02093721478205], [-118.32180976867677, 34.017807026896016], [-118.29198360443117, 34.018091594200975], [-118.29172611236574, 34.010692534247426], [-118.27717781066896, 34.010763682125024], [-118.26456069946289, 34.010977125400075], [-118.26481819152833, 34.01545931023131], [-118.25649261474611, 34.02741064620475], [-118.24584960937501, 34.02171974371729], [-118.23881149291994, 34.019727837691526], [-118.23846817016603, 34.02356932888423], [-118.2295846939087, 34.02097278443564], [-118.2288980484009, 34.02641476581771], [-118.22597980499269, 34.02616579389482], [-118.22640895843507, 34.030113691197315], [-118.23040008544923, 34.04924594193164], [-118.2286834716797, 34.05372610551739], [-118.23057174682619, 34.05372610551739], [-118.22992801666261, 34.05685496823623], [-118.23035717010498, 34.05696163197506], [-118.23220252990724, 34.061974676291584], [-118.23310375213624, 34.062863482988796], [-118.23653697967531, 34.064569965716316], [-118.23447704315187, 34.067840628222015], [-118.23705196380617, 34.07079122628569], [-118.24147224426271, 34.06755622779842], [-118.24692249298097, 34.07196432708613], [-118.24941158294679, 34.0714666499426], [-118.24979782104494, 34.06944036281721], [-118.2535743713379, 34.06844497595247], [-118.2612991333008, 34.07150219840695], [-118.26198577880861, 34.07084454940176], [-118.26509714126588, 34.072017649463824], [-118.26529026031496, 34.07278193318909], [-118.26906681060792, 34.07374172158875], [-118.27121257781984, 34.075021422538825], [-118.27147006988527, 34.07591009237957], [-118.2735300064087, 34.07690539153226], [-118.27468872070312, 34.076407743417874], [-118.28400135040285, 34.08031775697776], [-118.28653335571289, 34.08042439118254], [-118.28704833984376, 34.07953576870667], [-118.29159736633302, 34.08163290278633], [-118.29185485839845, 34.08266367846706], [-118.2940435409546, 34.08246818749174], [-118.29511642456056, 34.08310797445978], [-118.29526662826538, 34.08468964927259], [-118.29850673675539, 34.08458302043867], [-118.29977273941041, 34.08556044639031], [-118.30026626586915, 34.0865734031979], [-118.3022403717041, 34.08678665571845], [-118.30387115478517, 34.08820832546235], [-118.30897808074953, 34.09485431483235], [-118.30884933471681, 34.10110888699509], [-118.30661773681642, 34.10110888699509], [-118.3067035675049, 34.104093860753046], [-118.30979347229005, 34.10405832597048], [-118.30979347229005, 34.102850134483944], [-118.32511425018312, 34.10299227555424], [-118.32528591156006, 34.10491115663302], [-118.33198070526124, 34.105053294241046], [-118.33245277404787, 34.10455581156828], [-118.33580017089845, 34.10452027697973], [-118.33592891693117, 34.10539087010313], [-118.34421157836915, 34.10540863721645], [-118.34644317626955, 34.10484008773946], [-118.34588527679445, 34.1028856697739], [-118.34755897521974, 34.10242370984042], [-118.34764480590822, 34.091335914867344], [-118.37356567382814, 34.09197563482947], [-118.37725639343263, 34.09048294739777], [-118.41077327728271, 34.06808947780956], [-118.41824054718019, 34.06819612740904], [-118.42605113983156, 34.069262616020495], [-118.43111515045167, 34.06741402722865], [-118.43257427215578, 34.065672050880735], [-118.43334674835206, 34.066311964721045], [-118.43416213989258, 34.06556539810419], [-118.43472003936769, 34.06584980521003], [-118.43527793884279, 34.06819612740904], [-118.43695163726807, 34.06812502769096], [-118.43720912933351, 34.069262616020495], [-118.43875408172609, 34.07064903114543], [-118.44115734100343, 34.07086232376631], [-118.44137191772462, 34.06801837800197], [-118.44536304473878, 34.068267227067466], [-118.44540596008302, 34.07079122628569], [-118.44609260559083, 34.07079122628569], [-118.44617843627931, 34.06958255998611], [-118.44969749450685, 34.06965365848107], [-118.45313072204591, 34.071644392115196], [-118.45742225646974, 34.07114671309216], [-118.45862388610841, 34.07022244429268], [-118.46145629882814, 34.07000915006081], [-118.46128463745119, 34.06816057755746], [-118.46240043640138, 34.06794727813474], [-118.45613479614258, 34.06105030743801], [-118.45819473266603, 34.05998371546331], [-118.45986843109132, 34.06133472969759], [-118.46038341522218, 34.06087254304104], [-118.45901012420656, 34.059557074914984], [-118.45987915992738, 34.059281535086136], [-118.45770120620729, 34.05768160870123], [-118.45787286758423, 34.0568194136268], [-118.45664978027345, 34.055788323465855], [-118.4593963623047, 34.05465055424993], [-118.46034049987793, 34.05273053406963], [-118.46214294433595, 34.05521944076681], [-118.49398612976076, 34.04889036325263], [-118.50698947906496, 34.03918248929668], [-118.50831985473634, 34.033385683083374], [-118.51823329925539, 34.02541887374333], [-118.51055145263673, 34.02001239855716], [-118.50068092346193, 34.00905611660906], [-118.49149703979494, 34.00073124300159], [-118.48437309265138, 33.994753907453635], [-118.47089767456056, 33.98009342334851], [-118.46282958984376, 33.97084036004689], [-118.46042633056642, 33.96713885277394], [-118.45999717712402, 33.964006682326115], [-118.45038414001466, 33.9688472607653], [-118.45029830932619, 33.97148098918126], [-118.45540523529054, 33.97164114571075], [-118.456027507782, 33.972762232971206], [-118.45044851303102, 33.97301136146632], [-118.4505343437195, 33.97427478759697], [-118.45718622207642, 33.97415022529153], [-118.45735788345338, 33.97555598929024], [-118.4503197669983, 33.975573783622266], [-118.45036268234254, 33.97685496574131], [-118.45774412155153, 33.97703290617537], [-118.4579372406006, 33.978580972237104], [-118.45049142837526, 33.978580972237104], [-118.45049142837526, 33.979790935278906], [-118.45780849456789, 33.97993328273985], [-118.45778703689577, 33.981125433367694], [-118.44898939132692, 33.980876328648144], [-118.44948291778566, 33.98247770339343], [-118.45574855804445, 33.982299774355965]]]}}, {"type": "Feature", "properties": {"name": "waymo-los-angeles-june-18-2025-boundary", "geometry_ref": "waymo-los-angeles-june-18-2025-boundary.geojson", "company": "Waymo", "market": "Los Angeles", "state": "CA", "event_date": "2025-06-18", "event_type": "geometry_updated", "phase": "deployment", "source_url": "https://techcrunch.com/2025/06/17/waymo-robotaxis-are-pushing-into-even-more-california-cities/", "source_dataset": "AV Map", "source_dataset_url": "https://github.com/path-avmap/av-map-data", "historical_baseline": true}, "geometry": {"type": "Polygon", "coordinates": [[[-118.45574855804445, 33.982299774355965], [-118.45695018768312, 33.982904731563714], [-118.45647811889648, 33.983687610970634], [-118.45004081726076, 33.98379436669471], [-118.4472942352295, 33.983118244844356], [-118.44703674316408, 33.981765985008884], [-118.44497680664062, 33.982620046355215], [-118.44360351562501, 33.98233536019326], [-118.44677925109865, 33.98073398276633], [-118.44703674316408, 33.979132575171484], [-118.44265937805177, 33.980947501499635], [-118.4420156478882, 33.979773141829526], [-118.4467363357544, 33.97763790086542], [-118.44690799713136, 33.97592966948079], [-118.4425735473633, 33.97770907642827], [-118.44175815582277, 33.97681937760982], [-118.44690799713136, 33.97454170620847], [-118.44780921936037, 33.96863371164317], [-118.45742225646974, 33.96365074656789], [-118.44780921936037, 33.950978463307635], [-118.44635009765626, 33.95147684717813], [-118.44497680664062, 33.950764869326804], [-118.44094276428224, 33.95233121273695], [-118.43965530395509, 33.95140564966103], [-118.39888572692873, 33.95290078501083], [-118.39665412902833, 33.9509072653736], [-118.39416503906251, 33.95396872274893], [-118.39098930358888, 33.95254480278641], [-118.38626861572267, 33.95247360616284], [-118.3865261077881, 33.94485522327269], [-118.37047576904298, 33.9449264262696], [-118.37047576904298, 33.942861515177334], [-118.36790084838869, 33.94279031045317], [-118.36584091186525, 33.9450688320848], [-118.36043357849123, 33.9450688320848], [-118.36043357849123, 33.94157982102995], [-118.35416793823244, 33.94157982102995], [-118.35416793823244, 33.945353643000395], [-118.32550048828126, 33.94514003490305], [-118.32550048828126, 33.960589637564816], [-118.33004951477052, 33.96478973575146], [-118.32979202270509, 34.00343513758076], [-118.27803611755373, 34.00364859927632], [-118.27717781066896, 34.010763682125024], [-118.26456069946289, 34.010977125400075], [-118.26481819152833, 34.01545931023131], [-118.25649261474611, 34.02741064620475], [-118.24584960937501, 34.02171974371729], [-118.23881149291994, 34.019727837691526], [-118.23846817016603, 34.02356932888423], [-118.2295846939087, 34.02097278443564], [-118.2288980484009, 34.02641476581771], [-118.22597980499269, 34.02616579389482], [-118.22640895843507, 34.030113691197315], [-118.23040008544923, 34.04924594193164], [-118.2286834716797, 34.05372610551739], [-118.23057174682619, 34.05372610551739], [-118.22992801666261, 34.05685496823623], [-118.23035717010498, 34.05696163197506], [-118.23220252990724, 34.061974676291584], [-118.23310375213624, 34.062863482988796], [-118.22662353515626, 34.06759177790359], [-118.22937011718751, 34.07072012874541], [-118.22891950607301, 34.07203542358225], [-118.2327175140381, 34.07989121881592], [-118.23374748229982, 34.080744292991334], [-118.23992729187013, 34.082450415562505], [-118.24130058288576, 34.08230823999444], [-118.24344635009767, 34.08045993588765], [-118.24610710144044, 34.081597358573546], [-118.23881149291994, 34.091904555072404], [-118.24653625488283, 34.10043369975712], [-118.25460433959962, 34.10682999419419], [-118.2652473449707, 34.11137817605626], [-118.27305793762208, 34.11557081458805], [-118.277006149292, 34.11422066554433], [-118.28198432922365, 34.11279943274061], [-118.30953598022462, 34.10818026120546], [-118.30979347229005, 34.10682999419419], [-118.32584381103517, 34.10682999419419], [-118.330135345459, 34.109388376579645], [-118.3312511444092, 34.11180455556901], [-118.33348274230958, 34.11301261918356], [-118.33657264709474, 34.111520302799306], [-118.33786010742189, 34.10626145426851], [-118.34386825561525, 34.10597718287295], [-118.34644317626955, 34.10484008773946], [-118.34927558898927, 34.10491115663302], [-118.34983348846437, 34.10661679216978], [-118.35088491439821, 34.106474657188365], [-118.35112094879152, 34.10778939665529], [-118.35188269615175, 34.10777163004194], [-118.35193634033205, 34.10643023995768], [-118.35225820541383, 34.10619038650916], [-118.35332036018373, 34.10618150303505], [-118.35399627685548, 34.10512436295551], [-118.3546829223633, 34.10521319876466], [-118.35536956787111, 34.11148477113592], [-118.35652828216554, 34.11144923945762], [-118.3573865890503, 34.10643912340568], [-118.35820198059083, 34.10576397869948], [-118.35644245147706, 34.102707993174874], [-118.3660125732422, 34.10263692243081], [-118.36618423461915, 34.09879901360827], [-118.3836078643799, 34.09130037472773], [-118.39047431945802, 34.09087389188817], [-118.40137481689455, 34.08728424284427], [-118.40867042541504, 34.08586255758357], [-118.4110736846924, 34.084369762367984], [-118.41382026672365, 34.08067320380491], [-118.42051506042482, 34.077331944731704], [-118.42214584350587, 34.07768740409027], [-118.42480659484865, 34.08060211455883], [-118.42626571655275, 34.0811708268566], [-118.4275531768799, 34.0810286491402], [-118.4301280975342, 34.079677948929394], [-118.43356132507326, 34.08266367846706], [-118.43948364257814, 34.07839831833194], [-118.44527721405031, 34.077225306633245], [-118.44716548919679, 34.07431047995335], [-118.4484100341797, 34.073955006423], [-118.45128536224367, 34.076265557705284], [-118.45334529876709, 34.07747412865415], [-118.45484733581544, 34.07758076643935], [-118.45630645751955, 34.077047576170756], [-118.45810890197755, 34.07591009237957], [-118.46171379089355, 34.075981185564046], [-118.46411705017091, 34.07527025103405], [-118.46909523010255, 34.071395552969136], [-118.47042560577394, 34.069795855291964], [-118.4709405899048, 34.067840628222015], [-118.47076892852785, 34.064818824909565], [-118.47836494445802, 34.05891711006568], [-118.4908962249756, 34.05678385900245], [-118.49578857421876, 34.06076588422388], [-118.49724769592287, 34.056428311938745], [-118.49973678588869, 34.05379721731628], [-118.50522994995119, 34.05187717780879], [-118.50698947906496, 34.04890814222202], [-118.51005792617799, 34.046259034681974], [-118.5105085372925, 34.04618791656029], [-118.51063728332521, 34.04782361826847], [-118.51022958755493, 34.0488192473379], [-118.51020812988283, 34.05098825590306], [-118.51102352142335, 34.05129049039675], [-118.51196765899658, 34.051237154976164], [-118.51301908493042, 34.04937039411698], [-118.51306200027467, 34.04800141003116], [-118.51879119873048, 34.04177847652986], [-118.51999282836914, 34.04177847652986], [-118.52170944213869, 34.034381481654364], [-118.51915597915651, 34.028975577485035], [-118.51969242095949, 34.02673487150242], [-118.51823329925539, 34.02541887374333], [-118.51055145263673, 34.02001239855716], [-118.50068092346193, 34.00905611660906], [-118.49149703979494, 34.00073124300159], [-118.48437309265138, 33.994753907453635], [-118.47089767456056, 33.98009342334851], [-118.46282958984376, 33.97084036004689], [-118.46042633056642, 33.96713885277394], [-118.45999717712402, 33.964006682326115], [-118.45038414001466, 33.9688472607653], [-118.45029830932619, 33.97148098918126], [-118.45540523529054, 33.97164114571075], [-118.456027507782, 33.972762232971206], [-118.45044851303102, 33.97301136146632], [-118.4505343437195, 33.97427478759697], [-118.45718622207642, 33.97415022529153], [-118.45735788345338, 33.97555598929024], [-118.4503197669983, 33.975573783622266], [-118.45036268234254, 33.97685496574131], [-118.45774412155153, 33.97703290617537], [-118.4579372406006, 33.978580972237104], [-118.45049142837526, 33.978580972237104], [-118.45049142837526, 33.979790935278906], [-118.45780849456789, 33.97993328273985], [-118.45778703689577, 33.981125433367694], [-118.44898939132692, 33.980876328648144], [-118.44948291778566, 33.98247770339343], [-118.45574855804445, 33.982299774355965]]]}}, {"type": "Feature", "properties": {"geometry_ref": "waymo-los-angeles-march-13-2024-boundary.geojson", "company": "Waymo", "market": "Los Angeles", "state": "CA", "event_date": "2024-03-13", "event_type": "service_created", "phase": "deployment", "source_url": "https://waymo.com/blog/2024/03/scaling-waymo-one-safely-across-four-cities-this-year", "source_dataset": "AV Map", "source_dataset_url": "https://github.com/path-avmap/av-map-data", "historical_baseline": true}, "geometry": {"type": "Polygon", "coordinates": [[[-118.51829285507527, 34.024878716557126], [-118.51811702331145, 34.02627752605572], [-118.50931190013705, 34.033338442775644], [-118.50708305345321, 34.03977409229813], [-118.4947976951783, 34.04921253194758], [-118.46585325524359, 34.05549996397138], [-118.46057304719018, 34.05499856509991], [-118.45849104193205, 34.05668550458884], [-118.45363208576676, 34.05743671845136], [-118.43675126956451, 34.06266082148815], [-118.43568289389543, 34.0640219569294], [-118.4355008757035, 34.066346129092516], [-118.42861175801106, 34.06950569054963], [-118.41332249983986, 34.06857326771683], [-118.4079523030041, 34.07128971414859], [-118.40254447684111, 34.07641591080523], [-118.3870418545074, 34.087455354524884], [-118.37969006448013, 34.091704088388035], [-118.37793384609425, 34.09242205139966], [-118.35677536814188, 34.09289201519392], [-118.34709749545866, 34.092182887528196], [-118.31211094591757, 34.0926602338379], [-118.31114062502701, 34.09203227516083], [-118.31102524057118, 34.09183840778325], [-118.3110765269842, 34.08920737434662], [-118.31202966984843, 34.08749070102429], [-118.31176313154293, 34.08535575563425], [-118.3108568920755, 34.08444040803373], [-118.31026596846674, 34.07138463278745], [-118.3099297577865, 34.0709428738983], [-118.2881328492789, 34.07077836762856], [-118.28532895750644, 34.07015221517123], [-118.28487840258802, 34.070366920688706], [-118.28347432187088, 34.072329716437395], [-118.28224090994898, 34.07251526608478], [-118.25220862124826, 34.05895310131278], [-118.2504436204994, 34.0588094769713], [-118.24881836403141, 34.05962063526729], [-118.246621717386, 34.05894815023329], [-118.24358062468033, 34.05634904558152], [-118.2425048982881, 34.05632848977043], [-118.2421683875386, 34.0564444101174], [-118.23903249921511, 34.05948248517342], [-118.23231525282124, 34.05794859676074], [-118.23088320793103, 34.054675389151065], [-118.22962263067883, 34.05353562032844], [-118.23072023114555, 34.04801557286747], [-118.22673334192554, 34.03198540335313], [-118.22578887571694, 34.03112473333707], [-118.22554638932958, 34.02585989041057], [-118.22583306607606, 34.02555734492224], [-118.22812945741651, 34.025544797141784], [-118.22858201949941, 34.025326624809], [-118.22869653126925, 34.02504804354548], [-118.22885963217902, 34.021943560624756], [-118.22984056534722, 34.02068327982118], [-118.23763332307009, 34.02219251731674], [-118.23796087200219, 34.02206750557451], [-118.23815169676276, 34.021813901713955], [-118.23840173889243, 34.01977357839635], [-118.2404173791233, 34.01928966930306], [-118.24466546336585, 34.02029687441545], [-118.25561838795035, 34.02588187412001], [-118.25692103437156, 34.02591185977263], [-118.25729215402134, 34.02565909745498], [-118.26326161918486, 34.016400609866245], [-118.26339613207922, 34.010954681396974], [-118.26358294045484, 34.010697701460295], [-118.29131385919791, 34.010186159227835], [-118.29156380875612, 34.010269679904894], [-118.29235890508598, 34.01096964436334], [-118.29281222033035, 34.017144005432854], [-118.2930205647297, 34.01745486121273], [-118.29336197588216, 34.017581068049076], [-118.30864905904224, 34.01683923425649], [-118.3154407815774, 34.01725932935528], [-118.31874880029868, 34.01843024360385], [-118.349410055122, 34.02373709105851], [-118.37295706752461, 34.02558291002861], [-118.3755972670104, 34.0250424329021], [-118.37691824028715, 34.02588042350446], [-118.38692416685947, 34.02629593903238], [-118.38713906147768, 34.026427659716276], [-118.38785996886492, 34.027519931346774], [-118.38829134941166, 34.02770731528869], [-118.3896353155973, 34.027545117600106], [-118.39782385076956, 34.02252903004196], [-118.39937161921941, 34.02236299686281], [-118.40070108930581, 34.02310567113686], [-118.40323261217848, 34.027139304196716], [-118.40355316587618, 34.02738167332672], [-118.40404584611885, 34.02737543906061], [-118.40980231868396, 34.025304828327954], [-118.41476890145404, 34.029812519422784], [-118.42186825534398, 34.02942552860335], [-118.44385130810807, 34.01882639102263], [-118.44582681899402, 34.019263188485226], [-118.44651974496612, 34.021241869154366], [-118.44684537607067, 34.021530717978024], [-118.44726351329774, 34.02156198168783], [-118.44947351568645, 34.02107353638658], [-118.4780593258944, 34.00431863150241], [-118.47817412273223, 34.00387950147718], [-118.47748839455119, 34.00227652044993], [-118.46915106006614, 33.99392099993678], [-118.46826986269585, 33.991102551055484], [-118.46482627104561, 33.986798793571765], [-118.46527644409511, 33.984880868258934], [-118.4689099036931, 33.98259549659387], [-118.47002480276483, 33.98108802427187], [-118.47032086797533, 33.98096558815157], [-118.472072109393, 33.98096346935503], [-118.47231969249503, 33.98106243753913], [-118.472741923489, 33.98336777646792], [-118.48250358394931, 33.9931339984012], [-118.49901655147153, 34.00720922228762], [-118.50928444911837, 34.01809437983045], [-118.51816786029947, 34.024663883831224], [-118.51829285507527, 34.024878716557126]]]}}, {"type": "Feature", "properties": {"geometry_ref": "waymo-miami-january-22-2026-boundary.geojson", "company": "Waymo", "market": "Miami", "state": "FL", "event_date": "2026-01-22", "event_type": "service_created", "phase": "deployment", "source_url": "https://www.cnbc.com/2026/01/22/waymo-launches-robotaxi-service-in-miami-extending-us-lead.html", "source_dataset": "AV Map", "source_dataset_url": "https://github.com/path-avmap/av-map-data", "historical_baseline": true}, "geometry": {"type": "Polygon", "coordinates": [[[-80.317440032959, 25.688253535743844], [-80.28654098510744, 25.6891817044121], [-80.28533935546876, 25.68686126918043], [-80.28276443481447, 25.689336398486965], [-80.26903152465822, 25.6898004795061], [-80.25924682617189, 25.70557815811041], [-80.25169372558595, 25.705423485135956], [-80.24482727050781, 25.704031419320756], [-80.24448394775392, 25.715322150246024], [-80.2408790588379, 25.720580481139944], [-80.23366928100587, 25.727075745424962], [-80.2324676513672, 25.732024280088133], [-80.22182464599611, 25.736817976620394], [-80.21787643432619, 25.73960132459922], [-80.21444320678711, 25.73820965875778], [-80.18697738647462, 25.757691497319705], [-80.18114089965822, 25.769904670998418], [-80.18148422241212, 25.774387672608608], [-80.15830993652345, 25.76495771407283], [-80.14509201049806, 25.76619447263339], [-80.14286041259767, 25.772687243658137], [-80.13719558715822, 25.766658253771514], [-80.13032913208008, 25.76387553976227], [-80.12603759765626, 25.795100032099317], [-80.12105941772462, 25.809009287309273], [-80.11831283569337, 25.857060917861336], [-80.12208938598634, 25.93134025670025], [-80.13084411621095, 25.93103149971689], [-80.13238906860353, 25.938750181574033], [-80.14045715332031, 25.93828707492375], [-80.1420021057129, 25.93010522391255], [-80.14801025390626, 25.93010522391255], [-80.14818191528322, 25.92655443254628], [-80.15504837036134, 25.92624566302367], [-80.16603469848634, 25.882237738592362], [-80.185604095459, 25.85721539323765], [-80.18474578857423, 25.831260699167817], [-80.18766403198244, 25.82677984831567], [-80.18835067749025, 25.818590268870043], [-80.26628494262697, 25.8162723605281], [-80.26628494262697, 25.809163825418665], [-80.26448249816896, 25.80792751489933], [-80.26585578918458, 25.80568666920162], [-80.26551246643068, 25.797495631300887], [-80.2664566040039, 25.794945475649673], [-80.26602745056154, 25.78636727679101], [-80.27006149291994, 25.784589734547783], [-80.27855873107912, 25.78574900424989], [-80.30405044555665, 25.784512449498077], [-80.3130626678467, 25.78142100621546], [-80.31658172607423, 25.78142100621546], [-80.31812667846681, 25.783662310627626], [-80.32344818115236, 25.783353167709375], [-80.32344818115236, 25.779875254359837], [-80.32164573669435, 25.778638638373234], [-80.32121658325195, 25.773228291876414], [-80.32319068908693, 25.771141378013052], [-80.32301902770998, 25.769363607627085], [-80.32070159912111, 25.769363607627085], [-80.32052993774414, 25.765189607284434], [-80.32370567321779, 25.762793355586652], [-80.3203582763672, 25.755527006373068], [-80.3203582763672, 25.75034752861073], [-80.32207489013673, 25.748724063716782], [-80.31992912292482, 25.745477067368604], [-80.317440032959, 25.688253535743844]]]}}, {"type": "Feature", "properties": {"geometry_ref": "waymo-nashville-april-7-2026-boundary.geojson", "company": "Waymo", "market": "Nashville", "state": "TN", "event_date": "2026-04-07", "event_type": "service_created", "phase": "deployment", "source_url": "https://techcrunch.com/2026/04/07/waymo-opens-robotaxi-service-in-nashville-partners-with-lyft/", "source_dataset": "AV Map", "source_dataset_url": "https://github.com/path-avmap/av-map-data", "historical_baseline": true}, "geometry": {"type": "Polygon", "coordinates": [[[-86.825466, 36.193032], [-86.81551, 36.200512], [-86.806068, 36.20162], [-86.797485, 36.200928], [-86.790447, 36.19885], [-86.785812, 36.195387], [-86.784611, 36.192477], [-86.782379, 36.192477], [-86.779976, 36.195664], [-86.781006, 36.199958], [-86.778431, 36.199958], [-86.777573, 36.202313], [-86.779461, 36.203421], [-86.783409, 36.203837], [-86.780319, 36.208546], [-86.777744, 36.208546], [-86.774139, 36.228904], [-86.766415, 36.235551], [-86.759548, 36.238597], [-86.757488, 36.241227], [-86.755085, 36.241366], [-86.753025, 36.243027], [-86.751137, 36.243304], [-86.750793, 36.241504], [-86.739979, 36.240397], [-86.717834, 36.235412], [-86.716461, 36.239151], [-86.7132, 36.239289], [-86.713543, 36.235274], [-86.708221, 36.223642], [-86.70805, 36.218795], [-86.696548, 36.20162], [-86.701355, 36.200512], [-86.703072, 36.190953], [-86.705818, 36.185966], [-86.707363, 36.185966], [-86.715775, 36.174743], [-86.718693, 36.174327], [-86.725044, 36.168091], [-86.724014, 36.164349], [-86.712685, 36.166428], [-86.711483, 36.163795], [-86.715775, 36.162686], [-86.721096, 36.153955], [-86.718693, 36.153955], [-86.718006, 36.15146], [-86.718864, 36.145083], [-86.706848, 36.145915], [-86.70187, 36.150351], [-86.693974, 36.151182], [-86.691742, 36.154093], [-86.689854, 36.151875], [-86.690884, 36.148549], [-86.694489, 36.145915], [-86.693287, 36.143836], [-86.698608, 36.14134], [-86.699638, 36.1394], [-86.69363, 36.129418], [-86.695347, 36.128308], [-86.69672, 36.11985], [-86.708565, 36.111946], [-86.724358, 36.108756], [-86.767445, 36.111669], [-86.770878, 36.112917], [-86.771049, 36.115274], [-86.774998, 36.114026], [-86.798172, 36.115968], [-86.8083, 36.12096], [-86.80727, 36.122346], [-86.81448, 36.124287], [-86.81963, 36.1333], [-86.82229, 36.132468], [-86.824007, 36.135241], [-86.822119, 36.137389], [-86.822805, 36.1394], [-86.824522, 36.140024], [-86.824522, 36.14141], [-86.826496, 36.14141], [-86.826496, 36.142519], [-86.829157, 36.142172], [-86.832848, 36.144945], [-86.835165, 36.14647], [-86.835508, 36.150836], [-86.846237, 36.151044], [-86.846495, 36.153123], [-86.842461, 36.1534], [-86.842718, 36.154648], [-86.837654, 36.155063], [-86.83774, 36.156865], [-86.835337, 36.157697], [-86.839628, 36.164904], [-86.836195, 36.166497], [-86.835251, 36.170031], [-86.830873, 36.172456], [-86.824908, 36.188425], [-86.823235, 36.189811], [-86.825509, 36.193032], [-86.825466, 36.193032]]]}}, {"type": "Feature", "properties": {"geometry_ref": "waymo-orlando-february-24-2026-boundary.geojson", "company": "Waymo", "market": "Orlando", "state": "FL", "event_date": "2026-02-24", "event_type": "service_created", "phase": "deployment", "source_url": "https://waymo.com/blog/2026/02/dallas-houston-san-antonio-orlando", "source_dataset": "AV Map", "source_dataset_url": "https://github.com/path-avmap/av-map-data", "historical_baseline": true}, "geometry": {"type": "Polygon", "coordinates": [[[-81.41444206237794, 28.55361589830421], [-81.38156890869142, 28.553766680436862], [-81.38234138488771, 28.539139808313124], [-81.38483047485353, 28.539139808313124], [-81.38448715209962, 28.535143453912543], [-81.38577461242677, 28.53182561058034], [-81.38800621032716, 28.531599390185555], [-81.38800621032716, 28.530694503750425], [-81.38628959655762, 28.52956338478079], [-81.3860321044922, 28.521268141430753], [-81.38731956481935, 28.521268141430753], [-81.38731956481935, 28.51877944114221], [-81.38989448547365, 28.515310245762567], [-81.39195442199708, 28.515536501114088], [-81.39229774475099, 28.514480638653993], [-81.39598846435548, 28.51440521950231], [-81.39495849609376, 28.4653713639739], [-81.40336990356447, 28.436996771113794], [-81.40208244323732, 28.436694872816105], [-81.40276908874513, 28.43307202605393], [-81.39856338500978, 28.429222615463324], [-81.39856338500978, 28.428090409231405], [-81.39392852783205, 28.423636947214007], [-81.39118194580078, 28.41820196007605], [-81.39049530029297, 28.415182402225817], [-81.39023780822755, 28.400007820774036], [-81.38500213623048, 28.399856818992326], [-81.38307094573976, 28.399290560394554], [-81.37573242187501, 28.399479313596704], [-81.37744903564455, 28.40400928958158], [-81.37457370758058, 28.40816159742839], [-81.3735866546631, 28.414352008722247], [-81.37199878692627, 28.416692191913867], [-81.37178421020509, 28.42295758907995], [-81.37002468109132, 28.421598859733034], [-81.37109756469728, 28.416843169698772], [-81.36538982391359, 28.414616225543305], [-81.3669776916504, 28.410048956282694], [-81.36873722076417, 28.408576819261633], [-81.37255668640138, 28.408539071889507], [-81.37375831604005, 28.40718015753441], [-81.37375831604005, 28.402461569567677], [-81.37075424194337, 28.402235072059508], [-81.3664197921753, 28.39694999275634], [-81.3675355911255, 28.390871825717106], [-81.36684894561769, 28.390230011337643], [-81.36706352233888, 28.388833107785594], [-81.36860847473146, 28.38679435064807], [-81.37105464935304, 28.386983126104102], [-81.37135505676271, 28.385963734648648], [-81.37079715728761, 28.38577495737764], [-81.3704538345337, 28.383849410015426], [-81.36384487152101, 28.378412381661445], [-81.36397361755371, 28.375278412297767], [-81.36654853820802, 28.371728985781758], [-81.36586189270021, 28.367764060431103], [-81.36616230010988, 28.366178048804993], [-81.36410236358644, 28.362892663600753], [-81.3640594482422, 28.361533164110817], [-81.37178421020509, 28.36145763585077], [-81.38461589813234, 28.365800423495283], [-81.39083862304688, 28.365875948664723], [-81.39216899871828, 28.366517910434755], [-81.39920711517334, 28.367008819756055], [-81.40461444854738, 28.367839584202958], [-81.40448570251466, 28.39068305718535], [-81.4071035385132, 28.391022840300497], [-81.40843391418458, 28.39038102683533], [-81.41251087188722, 28.390532042117904], [-81.41452789306642, 28.388946370921474], [-81.41667366027832, 28.38902187961149], [-81.41667366027832, 28.387926998342383], [-81.41881942749025, 28.386567819657213], [-81.4221239089966, 28.386492309219364], [-81.42315387725831, 28.387813734117458], [-81.42418384552003, 28.387209656207613], [-81.42525672912599, 28.387398430924176], [-81.42499923706056, 28.409935715699774], [-81.43826007843019, 28.409935715699774], [-81.44761562347414, 28.40767087861799], [-81.45478248596193, 28.40676493022664], [-81.45559787750246, 28.401706575990886], [-81.46018981933595, 28.3951001527294], [-81.4739227294922, 28.384000434601685], [-81.48726940155031, 28.38362287273274], [-81.49237632751465, 28.38434023913428], [-81.49469375610353, 28.385661690853734], [-81.49786949157716, 28.384944333392355], [-81.50173187255861, 28.38079111586543], [-81.50447845458986, 28.381017659197507], [-81.50443553924562, 28.38177280014265], [-81.50589466094972, 28.3821503685988], [-81.50589466094972, 28.38313204029336], [-81.50752544403078, 28.38335857862461], [-81.50739669799805, 28.40336755475855], [-81.50516510009767, 28.405405993112947], [-81.5002727508545, 28.40612321209519], [-81.49512290954591, 28.404424527689926], [-81.49074554443361, 28.40412253649981], [-81.48980140686037, 28.40208407345174], [-81.4780855178833, 28.413332880523264], [-81.4799737930298, 28.415484361885465], [-81.47744178771974, 28.41680542527273], [-81.47748470306398, 28.42024011294821], [-81.47971630096437, 28.421259174671615], [-81.47782802581789, 28.42288210457372], [-81.47834300994874, 28.424920167350002], [-81.48181915283205, 28.426807227527146], [-81.48280620574953, 28.43039254917888], [-81.4815616607666, 28.440166651229468], [-81.47675514221193, 28.44024212340794], [-81.47688388824464, 28.441902497711848], [-81.47529602050781, 28.441902497711848], [-81.47546768188478, 28.445600510450063], [-81.47860050201417, 28.444770355579468], [-81.47971630096437, 28.44533637097073], [-81.4794158935547, 28.448166402490504], [-81.4783000946045, 28.448883331786277], [-81.4776134490967, 28.457108804303477], [-81.47581100463869, 28.458353888871844], [-81.47542476654054, 28.459372583519976], [-81.47568225860597, 28.481140118437636], [-81.47731304168703, 28.485176239384643], [-81.47529602050781, 28.488269237004385], [-81.4753818511963, 28.493549755233367], [-81.48430824279787, 28.49366290630469], [-81.48417949676515, 28.504826548893952], [-81.48645401000977, 28.508409224369586], [-81.48576736450195, 28.515762755980184], [-81.48508071899415, 28.51764819431985], [-81.47860050201417, 28.519948383442003], [-81.47362232208253, 28.520438581194828], [-81.4721202850342, 28.52190916077892], [-81.472806930542, 28.523530545262687], [-81.47216320037843, 28.526433892379394], [-81.46907329559328, 28.528620776366267], [-81.43220901489259, 28.529073229457307], [-81.43023490905763, 28.528017502556903], [-81.41766071319581, 28.528319139893213], [-81.41487121582033, 28.529186342426577], [-81.41444206237794, 28.55361589830421]]]}}, {"type": "Feature", "properties": {"id": 1, "geometry_ref": "waymo-phoenix-april-25-2017-boundary.geojson", "company": "Waymo", "market": "Phoenix", "state": "AZ", "event_date": "2017-04-25", "event_type": "service_created", "phase": "deployment", "source_url": "https://www.technologyreview.com/2017/04/25/152152/waymo-has-invited-the-public-to-hop-into-its-self-driving-cars/", "source_dataset": "AV Map", "source_dataset_url": "https://github.com/path-avmap/av-map-data", "historical_baseline": true}, "geometry": {"type": "MultiPolygon", "coordinates": [[[[-111.96825167314199, 33.290985773983465], [-111.96825167314199, 33.29406297441262], [-111.97245898130907, 33.29415089283014], [-111.97235379860487, 33.32667462539226], [-111.96341326874989, 33.326410968241696], [-111.96351845145405, 33.31990717266381], [-111.95731267190766, 33.319995065028436], [-111.95499865241574, 33.32737770722683], [-111.94742549771506, 33.327289822307755], [-111.94710994960252, 33.323510686933425], [-111.93859015056424, 33.323510686933425], [-111.9382746024517, 33.31981928021055], [-111.92922888989249, 33.31990717266381], [-111.92922888989249, 33.323598575664015], [-111.92081427355838, 33.32377435285929], [-111.92091945626257, 33.32737770722683], [-111.89441341481007, 33.32772924601669], [-111.894358905959, 33.35498819475384], [-111.88685966322358, 33.354742548604726], [-111.88288947589305, 33.357567437464375], [-111.84171716283576, 33.3574446181161], [-111.84157011886057, 33.362357256856164], [-111.83377678817472, 33.362357256856164], [-111.83392383214994, 33.33926544373493], [-111.82432325114263, 33.33940469095666], [-111.82413323588185, 33.32829187627608], [-111.80684184715282, 33.32813311151022], [-111.80684184715282, 33.31431946954927], [-111.78936044316305, 33.31416067932843], [-111.78879039738077, 33.27477177604888], [-111.77377919178082, 33.27429518852842], [-111.77890960382132, 33.269688041711454], [-111.78023971064663, 33.263650722769874], [-111.77187903917326, 33.26317407455254], [-111.77206905443398, 33.25602403917507], [-111.78442004638332, 33.25586514285332], [-111.78442004638332, 33.248873418621145], [-111.7766294206922, 33.248873418621145], [-111.77681943595297, 33.253799464374225], [-111.7716890239125, 33.25252825334459], [-111.7716890239125, 33.249032327657126], [-111.76959885604415, 33.24855559968232], [-111.7694088407834, 33.245695177223794], [-111.77111897813022, 33.24553626212011], [-111.77149900865172, 33.24092759843148], [-111.76807873395808, 33.241086521913864], [-111.7629483219176, 33.241086521913864], [-111.76256829139606, 33.23393467919622], [-111.76408841348213, 33.23043800984861], [-111.77111897813022, 33.23043800984861], [-111.77111897813022, 33.22344425173071], [-111.7671286576543, 33.22312634034767], [-111.76693864239351, 33.22678225149836], [-111.75401760466194, 33.22678225149836], [-111.75363757414041, 33.20484449288529], [-111.85757592177535, 33.20420853380984], [-111.85814596755763, 33.23266317924666], [-111.89291876027646, 33.23266317924666], [-111.89386883658024, 33.29129186830833], [-111.96825167314199, 33.290985773983465]]]]}}, {"type": "Feature", "properties": {"geometry_ref": "waymo-phoenix-june-5-2024-boundary.geojson", "company": "Waymo", "market": "Phoenix", "state": "AZ", "event_date": "2024-06-05", "event_type": "geometry_updated", "phase": "deployment", "source_url": "https://waymo.com/blog/2024/06/largest-autonomous-ride-hail-territory-in-us-now-even-larger", "source_dataset": "AV Map", "source_dataset_url": "https://github.com/path-avmap/av-map-data", "historical_baseline": true}, "geometry": {"type": "Polygon", "coordinates": [[[-112.11663545943172, 33.56756239884358], [-112.11652731559032, 33.567771429333504], [-112.11626681114424, 33.567856763960094], [-112.07217974149056, 33.5675826660754], [-112.07191844045286, 33.567367319897464], [-112.07136687236572, 33.56502877213301], [-112.07168891761432, 33.55386028729783], [-112.07146441155739, 33.55344616486795], [-112.07106052355341, 33.553323609026535], [-112.04975218651181, 33.553318967989256], [-112.039969695308, 33.557366967341075], [-112.03978851561752, 33.55763251412171], [-112.03861483023593, 33.5619597984477], [-112.03676539221706, 33.56400275473537], [-112.03368807182854, 33.56504650485089], [-112.02327194171197, 33.57165495608069], [-112.01173411249326, 33.577467931061335], [-112.00885911523797, 33.585175208912794], [-112.00938776322795, 33.612915449421216], [-112.00471809517717, 33.6406863518557], [-112.00066513350747, 33.67258207327073], [-112.0003382618506, 33.672790058298666], [-111.98665007905086, 33.67327277636912], [-111.98617676010629, 33.673552915041185], [-111.98569699502869, 33.67489734528208], [-111.98547835526341, 33.675069264233], [-111.9782610522782, 33.67563454258648], [-111.97581653188098, 33.67794489340018], [-111.97304653620309, 33.68757359150035], [-111.97283660383623, 33.687777193060896], [-111.96362327007348, 33.68779764546815], [-111.96333840513734, 33.68768780114411], [-111.9632124057757, 33.68591184275028], [-111.96297652528938, 33.68567546152407], [-111.96179489285325, 33.68521451196162], [-111.96173711955511, 33.68403671706006], [-111.96416509932563, 33.680431378520844], [-111.96415236737143, 33.678643251654684], [-111.96171026285535, 33.676609055306514], [-111.95809325361502, 33.67635194603705], [-111.95784720266302, 33.67624055336583], [-111.95742826912516, 33.66798837693877], [-111.95717854069292, 33.66778091216356], [-111.9507423719127, 33.66486215869475], [-111.89751314042563, 33.653633668257335], [-111.89506776111803, 33.652847585079904], [-111.89102769290318, 33.64851942103523], [-111.89058984689156, 33.6483190531173], [-111.88835982857827, 33.64851592776365], [-111.88800522483653, 33.648693352200205], [-111.88538565434114, 33.653696659328666], [-111.88517938676777, 33.653858769370565], [-111.87582710001065, 33.653388002713925], [-111.86753870902972, 33.65617010457336], [-111.86439967492494, 33.65641175455066], [-111.86409582475152, 33.6562863561881], [-111.8571665232057, 33.64192004948217], [-111.85810424711536, 33.63078011353963], [-111.87123853679526, 33.62249897361076], [-111.87124798172454, 33.62069847182269], [-111.86704943389714, 33.61415723607888], [-111.86732553856649, 33.611265378769765], [-111.86745253160888, 33.61106205576561], [-111.86954116297738, 33.61032373511918], [-111.88476138532597, 33.61032774508825], [-111.88721191144725, 33.61010287689873], [-111.88763168967763, 33.60984741777489], [-111.88786167653339, 33.60922735700367], [-111.88823362252057, 33.58356269016873], [-111.88808904206762, 33.58322212429418], [-111.88771422353224, 33.58304049268298], [-111.8802444026675, 33.58257483481029], [-111.8799417827249, 33.582395494018655], [-111.87848921873557, 33.57674614210724], [-111.88090565472514, 33.5738356787362], [-111.88091851790463, 33.56538724678256], [-111.88068684212044, 33.56510969184992], [-111.87791542508718, 33.563686445846265], [-111.87732622425084, 33.560867966857096], [-111.87711378041163, 33.56055433737848], [-111.86540438108415, 33.55374857868579], [-111.86540757518875, 33.5397257068242], [-111.86568100624211, 33.538171678727124], [-111.86599705516049, 33.53794608263071], [-111.8684940004085, 33.537718058441065], [-111.88990201778849, 33.53747756069967], [-111.89024418466187, 33.53738855638603], [-111.89047241954238, 33.537158181478084], [-111.89086860004697, 33.51880138112751], [-111.89137400074202, 33.518338240633824], [-111.89148590230067, 33.518040951319556], [-111.89146707896823, 33.516586666971115], [-111.89057556785056, 33.51522579522562], [-111.89064711064964, 33.488777718134514], [-111.89050786248583, 33.488495865363504], [-111.89020417395986, 33.48832621947715], [-111.88841174947066, 33.488275010953245], [-111.8880512781814, 33.48791432190184], [-111.88745786226274, 33.48774872333628], [-111.88728820553534, 33.48752225174203], [-111.88730333722916, 33.48698620832925], [-111.88943480026919, 33.481194898755774], [-111.88945263305466, 33.47919976219622], [-111.8876341284485, 33.47325937747312], [-111.88768393779522, 33.47265602762538], [-111.88830175883109, 33.47238734149247], [-111.88852169438552, 33.4720163280915], [-111.88827293203738, 33.46781400302936], [-111.88795011494157, 33.46747151201066], [-111.88711913177008, 33.46730293585682], [-111.88696854349953, 33.46627526704079], [-111.88627348342266, 33.46590486391441], [-111.88614302903123, 33.46569471066978], [-111.8873397831613, 33.45168318130603], [-111.88718885211772, 33.45130320490132], [-111.88669917737323, 33.45112122226577], [-111.87334214792848, 33.45136180955733], [-111.86106374356761, 33.45517084460032], [-111.85673629645413, 33.45568443858925], [-111.85219225458135, 33.45567112677296], [-111.84821321781635, 33.45317066270556], [-111.84522185814072, 33.45313543136629], [-111.83854000827647, 33.45575303673921], [-111.83822761566826, 33.455751351644935], [-111.83802872886238, 33.45551684052841], [-111.83753377339755, 33.45196601024598], [-111.83727072209574, 33.45164097551582], [-111.8298341181946, 33.45086467210643], [-111.82953602460826, 33.450646767063475], [-111.82891704923549, 33.426353783442224], [-111.82841823583304, 33.42608645982899], [-111.82149896855849, 33.425605582533855], [-111.82129848195942, 33.4254056502453], [-111.82082188196854, 33.42279862142419], [-111.8206291316806, 33.422493683503944], [-111.82019120626433, 33.42235267954598], [-111.81797647204576, 33.422537335243874], [-111.81660503889906, 33.42186796941145], [-111.81645360929485, 33.42167525411136], [-111.81651011880732, 33.40790503551614], [-111.81675106536693, 33.40772367559805], [-111.82000177369862, 33.40702427697859], [-111.82024896698071, 33.406791711084935], [-111.82072000294353, 33.405642875853594], [-111.82093309469455, 33.40549157109647], [-111.82697133672751, 33.405254743600736], [-111.82743588285794, 33.40505644015876], [-111.82756880496764, 33.40478269148429], [-111.82876589251575, 33.39481290781391], [-111.82952843856663, 33.34256526685836], [-111.82952748531541, 33.23459416958742], [-111.8302166661298, 33.23256406582514], [-111.83939495390602, 33.232273826136236], [-111.83980630867495, 33.23208080343725], [-111.83998142612434, 33.23141252859827], [-111.84029716155429, 33.2312435881958], [-111.87026824449711, 33.23125378625834], [-111.8705968763323, 33.23148342658786], [-111.87110187537922, 33.23444464923183], [-111.87149514323129, 33.234813959889216], [-111.88622194602513, 33.23557665898648], [-111.88646539610623, 33.23566823113543], [-111.88828893304527, 33.239938047912155], [-111.8882979206211, 33.24761158899639], [-111.89374619267211, 33.258537257379736], [-111.89397875616055, 33.28575595127495], [-111.89425493796665, 33.288340159777555], [-111.8944353180284, 33.28861847149368], [-111.89477502044589, 33.28878734356586], [-111.9092952373757, 33.28960365377971], [-111.93834354051724, 33.2896130369366], [-111.93869254804872, 33.28952478023783], [-111.9389242876089, 33.28928945953565], [-111.93898342759573, 33.287816551639935], [-111.93930035268649, 33.28757706948923], [-111.9603628025947, 33.28758225185563], [-111.96165993134642, 33.28787788869266], [-111.96357851645489, 33.28992816789517], [-111.9638868329444, 33.29010685719614], [-111.97228908832675, 33.290133577499766], [-111.97256544351606, 33.2902424874906], [-111.97290668031027, 33.31431209178261], [-111.97338724744515, 33.314671713559555], [-111.98374696838457, 33.316372393478844], [-111.9839163107374, 33.31660791636026], [-111.98418887165725, 33.320165095063416], [-111.98318492154111, 33.32221770370198], [-111.97710800329371, 33.32274301290102], [-111.97674761210303, 33.32305486523383], [-111.97616465099412, 33.32471555778878], [-111.97361899628523, 33.32480264837222], [-111.97331576708665, 33.324971315388595], [-111.97286137789624, 33.325599027071824], [-111.97216379995065, 33.35202718947503], [-111.96691018348282, 33.373894413090255], [-111.96690476310995, 33.37586745071964], [-111.96771999344006, 33.37665949490918], [-111.96806791170894, 33.37674809157869], [-112.10704248400332, 33.37704659245008], [-112.10733947055573, 33.37717094249764], [-112.1073486426689, 33.39679075932313], [-112.10718007054048, 33.397001309922906], [-112.10366673828746, 33.39873216570611], [-112.10152048983619, 33.401724715458876], [-112.09949792378455, 33.40217909417261], [-112.09910190571844, 33.402532188129825], [-112.09933195406482, 33.41827512299182], [-112.09956914492805, 33.419496091741856], [-112.099932457006, 33.41984282979507], [-112.10572447767886, 33.420327898709225], [-112.10599294414708, 33.420465175674856], [-112.10576704909849, 33.42730345249883], [-112.10589310186113, 33.427542139644714], [-112.106200545581, 33.42771886499045], [-112.10753067464415, 33.42783102495915], [-112.10787257704978, 33.429016972538506], [-112.10839851705421, 33.46083854300237], [-112.10932375162193, 33.46368291146131], [-112.11235605282965, 33.46807711143679], [-112.11212387266424, 33.551392829577615], [-112.11226570317893, 33.5516766558936], [-112.11274269454721, 33.55206712401827], [-112.11304277908096, 33.5576070607533], [-112.11485523092043, 33.55921112744905], [-112.11606780004978, 33.56174850089333], [-112.11663545943172, 33.56756239884358]]]}}, {"type": "Feature", "properties": {"geometry_ref": "waymo-phoenix-may-4-2023-boundary.geojson", "company": "Waymo", "market": "Phoenix", "state": "AZ", "event_date": "2023-05-04", "event_type": "geometry_updated", "phase": "deployment", "source_url": "https://waymo.com/blog/2023/05/waymo-one-doubles-service-area-in", "source_dataset": "AV Map", "source_dataset_url": "https://github.com/path-avmap/av-map-data", "historical_baseline": true}, "geometry": {"type": "Polygon", "coordinates": [[[-112.11159004382016, 33.50778561506727], [-112.1114858609216, 33.50800404464426], [-112.11122494469718, 33.50809308209679], [-111.9791422128599, 33.50850732420921], [-111.96617824199248, 33.5013037136399], [-111.93747119730232, 33.5013834106537], [-111.93706732997425, 33.50150751358143], [-111.9368537897191, 33.50181913882742], [-111.93631510063622, 33.508184528749894], [-111.9360307704128, 33.508456445604935], [-111.89327263285844, 33.50877557433197], [-111.89298471553688, 33.508665869944345], [-111.89336867908496, 33.45494787742075], [-111.89369122854092, 33.45471103585752], [-111.90089524200421, 33.454286229960545], [-111.90117532632104, 33.45394662323479], [-111.90150971645697, 33.4511447697924], [-111.90175901045964, 33.45090498437236], [-111.90890282267775, 33.45086943635763], [-111.90942270926693, 33.45063700388304], [-111.90952927025201, 33.45034738450987], [-111.90962090905633, 33.4349649649637], [-111.9095224088315, 33.43468036514024], [-111.90787310183596, 33.433485598955414], [-111.90555340865023, 33.433289901758386], [-111.9010795776335, 33.43348787854051], [-111.8989178274359, 33.43493328123457], [-111.89496296287389, 33.43476541947692], [-111.89206158157336, 33.43333783561664], [-111.88851616875576, 33.433340041245636], [-111.87857613296289, 33.43499703751733], [-111.87210883955098, 33.43683779430074], [-111.86435951924221, 33.44355667892989], [-111.85859080708181, 33.445105824756844], [-111.85830788669196, 33.44481964858507], [-111.85772618935788, 33.42233962501893], [-111.8575796168257, 33.42201399164552], [-111.85710070261429, 33.42182612472719], [-111.83345554423957, 33.42172601543371], [-111.83310569767045, 33.42148635841558], [-111.83179908267074, 33.275308064067836], [-111.8328616701262, 33.2741742625765], [-111.83305896092119, 33.27065174071645], [-111.83308300583752, 33.24484949310353], [-111.8317764960081, 33.242842354564544], [-111.83171209191856, 33.23448344265486], [-111.83183966146643, 33.234252205648595], [-111.87031866539081, 33.23352692927913], [-111.87062800583575, 33.23372053544113], [-111.87137003457497, 33.23595772652986], [-111.87179419105674, 33.23623609334076], [-111.8860894446859, 33.236549449498234], [-111.88636420259772, 33.23665865129227], [-111.88832297446692, 33.241457023613386], [-111.88819270085207, 33.24857088497551], [-111.89342358804635, 33.2590750164767], [-111.89407533876243, 33.289471491114206], [-111.89383447418092, 33.28973015664738], [-111.88972927271281, 33.29068621778551], [-111.88939114321997, 33.29088137019868], [-111.88897931833569, 33.29291517482148], [-111.89019720813853, 33.29414964890506], [-111.89737134826098, 33.29433554255716], [-111.89957976552184, 33.29280486700867], [-111.89968237382567, 33.29250813018999], [-111.89953773040071, 33.29136322783011], [-111.89986902552184, 33.2911057058813], [-111.94415787062363, 33.29079163510948], [-111.94489295218867, 33.29108718344596], [-111.94504798733121, 33.291308170371735], [-111.94556360040653, 33.305149614304895], [-111.94575241371999, 33.30550898790171], [-111.9461864784356, 33.30565881093545], [-111.96228258217656, 33.30577945735316], [-111.96257095036508, 33.30589698124674], [-111.96326601646473, 33.33148259338336], [-111.96370201091135, 33.331874634645914], [-111.96468890048746, 33.33182808043362], [-111.964916381485, 33.33164690482264], [-111.9657610250598, 33.330217367045286], [-111.96602822283357, 33.3300775843649], [-111.9686305626632, 33.330076648552094], [-111.970299806134, 33.33093728347676], [-111.97130047331808, 33.33842286998274], [-111.97134991751857, 33.34545842498313], [-111.97013828865231, 33.34841714281456], [-111.9698695675571, 33.34858780210344], [-111.96551330407095, 33.34911181792219], [-111.96521554508563, 33.34929669335168], [-111.9646945048273, 33.35011385978558], [-111.9645157579759, 33.35547267743035], [-111.9634681555299, 33.35894733147493], [-111.96400918551562, 33.374343336932256], [-111.96421929063109, 33.374669858033194], [-111.96759334339819, 33.37703587249686], [-111.9779299687263, 33.37701459663011], [-111.97821713264814, 33.37713328216919], [-111.97879520970143, 33.39047101481488], [-111.97907960683806, 33.39089365824049], [-111.97942170864059, 33.3909792395353], [-112.01013143681766, 33.39106164356297], [-112.0127113729946, 33.3912423130555], [-112.01543575487806, 33.39248854320101], [-112.04790892382655, 33.39130494789959], [-112.10541915677089, 33.3913047058162], [-112.10569807777897, 33.39140886871519], [-112.1061652266333, 33.39672678477191], [-112.10259568523469, 33.398405455644784], [-112.10064437161198, 33.40143986068492], [-112.09847629777616, 33.40180082660023], [-112.09808713717227, 33.40219335301606], [-112.09839506470523, 33.417053739154845], [-112.09879344835039, 33.41960881960575], [-112.09907198302139, 33.41993505087674], [-112.1043735454248, 33.42031024631968], [-112.10464147573353, 33.4204445651527], [-112.1051571737802, 33.426652160697955], [-112.10538437101428, 33.42693842498257], [-112.10672261492499, 33.42750733588678], [-112.10688657044331, 33.42772192029086], [-112.10644727774955, 33.453236275925725], [-112.10657530812034, 33.45356125013136], [-112.10707583580955, 33.453826095514955], [-112.10718490093898, 33.45404509833682], [-112.10707374185351, 33.45425778134199], [-112.10658183129101, 33.45452490626247], [-112.10646110014846, 33.45480147116541], [-112.10671142912732, 33.46188063783647], [-112.10821679377193, 33.463882077391816], [-112.10730712987639, 33.4679020124581], [-112.10737666042111, 33.46825834605709], [-112.10776592903252, 33.46850862496977], [-112.11107191014011, 33.46922986177775], [-112.11130374951308, 33.469478580672444], [-112.11159004382016, 33.50778561506727]]]}}, {"type": "Feature", "properties": {"geometry_ref": "waymo-phoenix-november-1-2022-boundary.geojson", "company": "Waymo", "market": "Phoenix", "state": "AZ", "event_date": "2022-11-01", "event_type": "geometry_updated", "phase": "deployment", "source_url": "https://techcrunch.com/2022/11/01/waymo-launches-autonomous-rides-to-phoenix-airport/", "source_dataset": "AV Map", "source_dataset_url": "https://github.com/path-avmap/av-map-data", "historical_baseline": true}, "geometry": {"type": "Polygon", "coordinates": [[[-111.95250980652116, 33.29558568508487], [-111.95229391153907, 33.30808453625826], [-111.95030724160664, 33.31058422317527], [-111.94994107154399, 33.31204098507248], [-111.94710904568512, 33.31256425308198], [-111.94667706543855, 33.31294543434052], [-111.94589318124216, 33.327222978703105], [-111.94242532527012, 33.33427071744063], [-111.93886397308759, 33.346721654035235], [-111.93855917268367, 33.34691234792234], [-111.92856377714496, 33.347611321421695], [-111.92820520350813, 33.34777944991665], [-111.92799032212505, 33.348203474438165], [-111.92779105495032, 33.356470431869674], [-111.92792960448786, 33.35680983245017], [-111.92842099346849, 33.35700603813504], [-111.93577312684612, 33.356994797372835], [-111.93611036820303, 33.35726830091748], [-111.93430449302367, 33.370704726206526], [-111.93410329932006, 33.37091433440548], [-111.93308000934327, 33.37118316897722], [-111.93279672488642, 33.37158214964178], [-111.93312580451443, 33.37375882586936], [-111.93439048508857, 33.37563202574166], [-111.93372312188703, 33.40051315469497], [-111.93344161388691, 33.400620658431365], [-111.84466101449279, 33.400696809429945], [-111.84453170949924, 33.400454604950305], [-111.84506517764157, 33.37794706869229], [-111.84777706429675, 33.374566889703516], [-111.84805079042822, 33.36322938627531], [-111.84790418834328, 33.36234270448438], [-111.84757899726785, 33.3620366202641], [-111.84336930215169, 33.361825776129166], [-111.84252262517776, 33.36062756453963], [-111.84067096673971, 33.36041046549182], [-111.84041620966573, 33.360117681793376], [-111.84051392350602, 33.35639505183084], [-111.8407002958887, 33.35620105842366], [-111.84157101008725, 33.355937189539695], [-111.84183983629737, 33.35556003062173], [-111.84207174569438, 33.33684196106673], [-111.84422891325026, 33.334202325708866], [-111.84434243928362, 33.333911454783546], [-111.84438620585085, 33.33193135049776], [-111.84425119054985, 33.331645539691664], [-111.84394794550568, 33.33147169847219], [-111.84156890203903, 33.331051054186574], [-111.84133104775196, 33.33076290381943], [-111.841400980787, 33.329265752852656], [-111.84308496403287, 33.32844577675226], [-111.84339943018156, 33.32718499919343], [-111.84390223371126, 33.306021700951845], [-111.84421994948565, 33.30575939751804], [-111.84804973712531, 33.305593472443796], [-111.84839799650815, 33.30540361276781], [-111.84852653314411, 33.30512417598811], [-111.84822871772165, 33.29136613937309], [-111.84782993551289, 33.290936845760406], [-111.84477249790682, 33.29048785154068], [-111.84451652941384, 33.29029719986337], [-111.84465695792788, 33.28334385089813], [-111.84494880758096, 33.28304901943453], [-111.84875144489133, 33.28288905521131], [-111.84919265049683, 33.28264953293015], [-111.84928974668988, 33.28236244951363], [-111.84921181123788, 33.27720594678355], [-111.84831671990929, 33.27608388115236], [-111.84514210808823, 33.2760106677436], [-111.84442132157658, 33.27505452368728], [-111.84522194031896, 33.26874572860878], [-111.84539312899268, 33.26858040678756], [-111.8478702773981, 33.26764874095426], [-111.84883353629718, 33.26454053465471], [-111.8490759118428, 33.25481865614378], [-111.84894085448575, 33.25453254899153], [-111.84863752327162, 33.25435856454411], [-111.84543660317529, 33.254061177318675], [-111.84516174403004, 33.253875355633774], [-111.84538633763692, 33.24672981460851], [-111.8456425808385, 33.24662630186912], [-111.86338428065814, 33.245714703528435], [-111.87069865062048, 33.24672721368446], [-111.876808867301, 33.243178609418], [-111.87702264524442, 33.24016363586421], [-111.87947765553332, 33.23931556996418], [-111.8797975181138, 33.23900558403652], [-111.87953844768752, 33.23606308753398], [-111.87964451410114, 33.23582902729209], [-111.88399146329711, 33.23546696002854], [-111.88417577497952, 33.23568577155964], [-111.88446022361673, 33.23821089648607], [-111.8846011018831, 33.23849630409711], [-111.88496990524908, 33.238678594837715], [-111.88684871339761, 33.23884156693218], [-111.88761256067397, 33.24003303671597], [-111.88930213196318, 33.2404027239651], [-111.88953131884453, 33.24062500644875], [-111.88974855962189, 33.260126691229296], [-111.89023060898576, 33.26048661297524], [-111.89403305999697, 33.26078046548153], [-111.8943370839427, 33.26105313231176], [-111.89368519152654, 33.28853971252341], [-111.89341451150042, 33.288784305720704], [-111.8892948348817, 33.28940233818866], [-111.88896188521892, 33.28954741051929], [-111.88877893834547, 33.28987787035263], [-111.88856486889298, 33.292117669002906], [-111.88874939315879, 33.29253314580986], [-111.89206679308366, 33.29342959740779], [-111.89718478712142, 33.29324733983439], [-111.8986205741339, 33.2923463751777], [-111.8990514693725, 33.2909331645761], [-111.89937337897598, 33.29074378238196], [-111.90080160755952, 33.29143820254958], [-111.90682577171555, 33.291606808509755], [-111.94362943159221, 33.29118737338233], [-111.94646312949266, 33.291951195727115], [-111.94683515221858, 33.29475607027134], [-111.94711038659021, 33.29509600141865], [-111.95228028012475, 33.29547896237541], [-111.95250980652116, 33.29558568508487]]]}}, {"type": "Feature", "properties": {"geometry_ref": "waymo-phoenix-november-1-2022-boundary.geojson", "company": "Waymo", "market": "Phoenix", "state": "AZ", "event_date": "2022-11-01", "event_type": "geometry_updated", "phase": "deployment", "source_url": "https://techcrunch.com/2022/11/01/waymo-launches-autonomous-rides-to-phoenix-airport/", "source_dataset": "AV Map", "source_dataset_url": "https://github.com/path-avmap/av-map-data", "historical_baseline": true}, "geometry": {"type": "Polygon", "coordinates": [[[-112.11364506368112, 33.508484626397866], [-112.11251566320595, 33.51063402984877], [-112.1066950192896, 33.51117374584003], [-112.10593791536016, 33.511632333718204], [-112.10569591516919, 33.511560478151544], [-112.10531078371518, 33.511182723335814], [-112.10438381666063, 33.51101828390677], [-111.98316105917282, 33.51062648787216], [-111.98300420342832, 33.51036727373869], [-111.98387539854804, 33.473542180229565], [-111.98469786823244, 33.45736643857696], [-111.98562677574196, 33.45541190821538], [-111.98560440118459, 33.45440027635269], [-111.98538535032145, 33.454162830363586], [-111.98491077086392, 33.45398808039872], [-111.98480147728002, 33.45377039281057], [-111.98570751915335, 33.44216181034551], [-111.98554810168449, 33.44183013518817], [-111.98034870987419, 33.436966920800806], [-111.97939542551524, 33.434859196057054], [-111.97943297005524, 33.434597231470065], [-111.99375687633963, 33.42846723390878], [-112.0057133149305, 33.427156035663934], [-112.01596095938085, 33.42122258028992], [-112.02107378933279, 33.41940813753073], [-112.02862007093569, 33.41759277743159], [-112.03655135892932, 33.41774329739893], [-112.04054209859481, 33.41633304639801], [-112.04792495244934, 33.41885716583278], [-112.04760271390766, 33.42642650601651], [-112.04784490933004, 33.42681346223075], [-112.04867793331911, 33.42710573987171], [-112.05922796421399, 33.428351161079846], [-112.0755147331156, 33.427611153575675], [-112.07636219534535, 33.42797972550067], [-112.0764531837119, 33.429074957560665], [-112.07668495000812, 33.42931562985576], [-112.07703876413258, 33.42940587901914], [-112.09333616061566, 33.42937902390791], [-112.10548633119718, 33.428284256344696], [-112.10971720186531, 33.42966045219761], [-112.10988407509896, 33.42993038676666], [-112.10846609882279, 33.46227018620743], [-112.11067429842862, 33.4666353384679], [-112.11098794502551, 33.46686827319467], [-112.1117087003655, 33.4670116359116], [-112.11187503106278, 33.46718480515479], [-112.1123437086371, 33.47479930007481], [-112.11364129494766, 33.47613207805907], [-112.11246631955306, 33.507548223887554], [-112.11268410447197, 33.50796161880398], [-112.11347888401612, 33.50823120230443], [-112.11364506368112, 33.508484626397866]]]}}, {"type": "Feature", "properties": {"geometry_ref": "waymo-phoenix-october-8-2020-boundary.geojson", "company": "Waymo", "market": "Phoenix", "state": "AZ", "event_date": "2020-10-08", "event_type": "geometry_updated", "phase": "deployment", "source_url": "https://waymo.com/blog/2020/10/waymo-is-opening-its-fully-driverless-service-in-phoenix", "source_dataset": "AV Map", "source_dataset_url": "https://github.com/path-avmap/av-map-data", "historical_baseline": true}, "geometry": {"type": "Polygon", "coordinates": [[[-111.95250980652116, 33.29558568508487], [-111.95229391153907, 33.30808453625826], [-111.95030724160664, 33.31058422317527], [-111.94994107154399, 33.31204098507248], [-111.94710904568512, 33.31256425308198], [-111.94667706543855, 33.31294543434052], [-111.94589318124216, 33.327222978703105], [-111.94242532527012, 33.33427071744063], [-111.93886397308759, 33.346721654035235], [-111.93855917268367, 33.34691234792234], [-111.92856377714496, 33.347611321421695], [-111.92820520350813, 33.34777944991665], [-111.92799032212505, 33.348203474438165], [-111.92779105495032, 33.356470431869674], [-111.92792960448786, 33.35680983245017], [-111.92842099346849, 33.35700603813504], [-111.93577312684612, 33.356994797372835], [-111.93611036820303, 33.35726830091748], [-111.93430449302367, 33.370704726206526], [-111.93410329932006, 33.37091433440548], [-111.93308000934327, 33.37118316897722], [-111.93279672488642, 33.37158214964178], [-111.93312580451443, 33.37375882586936], [-111.93439048508857, 33.37563202574166], [-111.93372312188703, 33.40051315469497], [-111.93344161388691, 33.400620658431365], [-111.84466101449279, 33.400696809429945], [-111.84453170949924, 33.400454604950305], [-111.84506517764157, 33.37794706869229], [-111.84777706429675, 33.374566889703516], [-111.84805079042822, 33.36322938627531], [-111.84790418834328, 33.36234270448438], [-111.84757899726785, 33.3620366202641], [-111.84336930215169, 33.361825776129166], [-111.84252262517776, 33.36062756453963], [-111.84067096673971, 33.36041046549182], [-111.84041620966573, 33.360117681793376], [-111.84051392350602, 33.35639505183084], [-111.8407002958887, 33.35620105842366], [-111.84157101008725, 33.355937189539695], [-111.84183983629737, 33.35556003062173], [-111.84207174569438, 33.33684196106673], [-111.84422891325026, 33.334202325708866], [-111.84434243928362, 33.333911454783546], [-111.84438620585085, 33.33193135049776], [-111.84425119054985, 33.331645539691664], [-111.84394794550568, 33.33147169847219], [-111.84156890203903, 33.331051054186574], [-111.84133104775196, 33.33076290381943], [-111.841400980787, 33.329265752852656], [-111.84308496403287, 33.32844577675226], [-111.84339943018156, 33.32718499919343], [-111.84390223371126, 33.306021700951845], [-111.84421994948565, 33.30575939751804], [-111.84804973712531, 33.305593472443796], [-111.84839799650815, 33.30540361276781], [-111.84852653314411, 33.30512417598811], [-111.84822871772165, 33.29136613937309], [-111.84782993551289, 33.290936845760406], [-111.84477249790682, 33.29048785154068], [-111.84451652941384, 33.29029719986337], [-111.84465695792788, 33.28334385089813], [-111.84494880758096, 33.28304901943453], [-111.84875144489133, 33.28288905521131], [-111.84919265049683, 33.28264953293015], [-111.84928974668988, 33.28236244951363], [-111.84921181123788, 33.27720594678355], [-111.84831671990929, 33.27608388115236], [-111.84514210808823, 33.2760106677436], [-111.84442132157658, 33.27505452368728], [-111.84522194031896, 33.26874572860878], [-111.84539312899268, 33.26858040678756], [-111.8478702773981, 33.26764874095426], [-111.84883353629718, 33.26454053465471], [-111.8490759118428, 33.25481865614378], [-111.84894085448575, 33.25453254899153], [-111.84863752327162, 33.25435856454411], [-111.84543660317529, 33.254061177318675], [-111.84516174403004, 33.253875355633774], [-111.84538633763692, 33.24672981460851], [-111.8456425808385, 33.24662630186912], [-111.86338428065814, 33.245714703528435], [-111.87069865062048, 33.24672721368446], [-111.876808867301, 33.243178609418], [-111.87702264524442, 33.24016363586421], [-111.87947765553332, 33.23931556996418], [-111.8797975181138, 33.23900558403652], [-111.87953844768752, 33.23606308753398], [-111.87964451410114, 33.23582902729209], [-111.88399146329711, 33.23546696002854], [-111.88417577497952, 33.23568577155964], [-111.88446022361673, 33.23821089648607], [-111.8846011018831, 33.23849630409711], [-111.88496990524908, 33.238678594837715], [-111.88684871339761, 33.23884156693218], [-111.88761256067397, 33.24003303671597], [-111.88930213196318, 33.2404027239651], [-111.88953131884453, 33.24062500644875], [-111.88974855962189, 33.260126691229296], [-111.89023060898576, 33.26048661297524], [-111.89403305999697, 33.26078046548153], [-111.8943370839427, 33.26105313231176], [-111.89368519152654, 33.28853971252341], [-111.89341451150042, 33.288784305720704], [-111.8892948348817, 33.28940233818866], [-111.88896188521892, 33.28954741051929], [-111.88877893834547, 33.28987787035263], [-111.88856486889298, 33.292117669002906], [-111.88874939315879, 33.29253314580986], [-111.89206679308366, 33.29342959740779], [-111.89718478712142, 33.29324733983439], [-111.8986205741339, 33.2923463751777], [-111.8990514693725, 33.2909331645761], [-111.89937337897598, 33.29074378238196], [-111.90080160755952, 33.29143820254958], [-111.90682577171555, 33.291606808509755], [-111.94362943159221, 33.29118737338233], [-111.94646312949266, 33.291951195727115], [-111.94683515221858, 33.29475607027134], [-111.94711038659021, 33.29509600141865], [-111.95228028012475, 33.29547896237541], [-111.95250980652116, 33.29558568508487]]]}}, {"type": "Feature", "properties": {"geometry_ref": "waymo-phoenix-october-8-2020-boundary.geojson", "company": "Waymo", "market": "Phoenix", "state": "AZ", "event_date": "2020-10-08", "event_type": "geometry_updated", "phase": "deployment", "source_url": "https://waymo.com/blog/2020/10/waymo-is-opening-its-fully-driverless-service-in-phoenix", "source_dataset": "AV Map", "source_dataset_url": "https://github.com/path-avmap/av-map-data", "historical_baseline": true}, "geometry": {"type": "Polygon", "coordinates": []}}, {"type": "Feature", "properties": {"geometry_ref": "waymo-san-francisco-august-21-2023-boundary.geojson", "company": "Waymo", "market": "San Francisco", "state": "CA", "event_date": "2023-08-21", "event_type": "geometry_updated", "phase": "deployment", "source_url": "https://waymo.com/blog/2023/08/waymos-next-chapter-in-san-francisco", "source_dataset": "AV Map", "source_dataset_url": "https://github.com/path-avmap/av-map-data", "historical_baseline": true}, "geometry": {"type": "Polygon", "coordinates": [[[-122.51476862868876, 37.78053632399799], [-122.5125227673958, 37.78387894617308], [-122.50870006376634, 37.78558010272704], [-122.50595322908423, 37.787947039990584], [-122.49925921392476, 37.78822150516899], [-122.4957563459641, 37.787489694008684], [-122.48684130959884, 37.78959625299905], [-122.48434100446072, 37.79215788659238], [-122.48017342934719, 37.801151527196566], [-122.4776941474608, 37.81037116277737], [-122.47746496686925, 37.81057892977059], [-122.47714370961683, 37.81054837143133], [-122.4751199406562, 37.80931551930937], [-122.46986056874152, 37.80920999315557], [-122.4685564636432, 37.80708430445489], [-122.46220692906039, 37.80503035681858], [-122.42995756110821, 37.80969817510066], [-122.4201816164041, 37.81196918439548], [-122.41502230425334, 37.80947021821308], [-122.41336330139347, 37.80950953158735], [-122.41307897524611, 37.80970048014615], [-122.4123932283788, 37.81066913384164], [-122.40941458884359, 37.811462480329844], [-122.40914433642368, 37.81144866924044], [-122.40099810911771, 37.80751530066265], [-122.38531543270916, 37.78997082894846], [-122.38431879482013, 37.785823806378446], [-122.38457063237944, 37.785619494730994], [-122.38689073987479, 37.7852965633296], [-122.38720279965676, 37.78513801651597], [-122.38734746469576, 37.784868035272574], [-122.3873409787392, 37.783229025210744], [-122.38720762476801, 37.78300851332348], [-122.38689830329947, 37.78284891132692], [-122.38507243835315, 37.78271958322986], [-122.38480773004764, 37.782554402429795], [-122.38458642369282, 37.7756562901958], [-122.38493965852436, 37.775179499382645], [-122.38493924218825, 37.77488661625514], [-122.38477725828514, 37.7746775110231], [-122.38444741533189, 37.7745440626878], [-122.38177819449272, 37.77450935041191], [-122.38142940353748, 37.77237932764758], [-122.38156619575818, 37.77216760091445], [-122.38185876283086, 37.772112477647404], [-122.38454343769801, 37.772864279563265], [-122.38489552993322, 37.77279847267491], [-122.38514346733042, 37.7725901977073], [-122.3852051716587, 37.77230840206325], [-122.38478615170759, 37.77090415152173], [-122.38314716280135, 37.76986976971001], [-122.38303353063016, 37.76963277368548], [-122.38329390020999, 37.76938797013661], [-122.38453654039544, 37.76945712306258], [-122.38497191653427, 37.76921254926729], [-122.38614212183158, 37.76502753577057], [-122.3859209489169, 37.764731862829215], [-122.38557337418194, 37.7646216022869], [-122.3809084234219, 37.764652395265514], [-122.37947633629102, 37.76357894358504], [-122.37914748571302, 37.76149703764397], [-122.37929911876567, 37.760033064423865], [-122.38058916852913, 37.75969022091111], [-122.38092952494877, 37.75936555129915], [-122.38079655797935, 37.75544044476725], [-122.38100310984792, 37.75527622863568], [-122.38235795412132, 37.75504293852584], [-122.38265685855912, 37.754882128178444], [-122.38279435316556, 37.75461775669467], [-122.38276970554415, 37.75361292488864], [-122.3824988315436, 37.753338559043776], [-122.37971990642089, 37.75228803553478], [-122.37626455371719, 37.75227409249513], [-122.37600435332202, 37.75218011269226], [-122.3753738958536, 37.74835198079928], [-122.36762665227596, 37.740257742707804], [-122.36753247734536, 37.7384184733435], [-122.36837139621866, 37.73791227230378], [-122.37115634591554, 37.73715696907174], [-122.37458636147697, 37.73772517800487], [-122.37516479902959, 37.73752661249772], [-122.37581303813259, 37.735604409891046], [-122.37568273806946, 37.735325249459244], [-122.3752250005051, 37.7349752376506], [-122.37513699447614, 37.73318185116394], [-122.37498900729747, 37.73292152244514], [-122.37462499323887, 37.73275758166221], [-122.37387753703955, 37.73272945576184], [-122.37212806652443, 37.73379505086688], [-122.37182232003273, 37.73383476782611], [-122.36925041361124, 37.73211203311414], [-122.36485235296628, 37.73189918373981], [-122.36203883791185, 37.730284281265234], [-122.35959120563366, 37.73037071443696], [-122.35733310302136, 37.728978438233476], [-122.35804256684676, 37.72645281390061], [-122.36126798796434, 37.725583916200534], [-122.36161950982402, 37.72527059079689], [-122.36163356000867, 37.724786227032425], [-122.36141016960906, 37.72433721154697], [-122.3618336090634, 37.72391688930713], [-122.36188900943515, 37.72363192426624], [-122.36091444241865, 37.72235521495349], [-122.36111112174332, 37.72212974565963], [-122.36184874293193, 37.72198809304289], [-122.3620588831161, 37.721547862421474], [-122.3619070208049, 37.721284095272274], [-122.36047974213997, 37.72000217153589], [-122.36044562284576, 37.719715147736544], [-122.36078121504217, 37.71955191865781], [-122.36212872582213, 37.7198819330875], [-122.3625973560869, 37.719776656403916], [-122.36282092044208, 37.71948709306293], [-122.36290846319756, 37.71818431908219], [-122.36551654402993, 37.716568289775296], [-122.36578422999402, 37.71651117411221], [-122.37038744301667, 37.7190968284472], [-122.37396986939393, 37.71928400193929], [-122.3765360333528, 37.72388171813481], [-122.37689064559221, 37.72414860154473], [-122.37743522663564, 37.72411017681629], [-122.38057683914944, 37.72227518012431], [-122.3823843622826, 37.7220785673038], [-122.3828287720996, 37.72137384121364], [-122.38268485914891, 37.72095059037441], [-122.37655527278346, 37.716357199297775], [-122.37660722193975, 37.716138343142966], [-122.38025550313888, 37.71178417786645], [-122.38013850283517, 37.710717346760866], [-122.37868937808442, 37.709298732746845], [-122.37873316499491, 37.70904345336507], [-122.37900529575015, 37.70892177713013], [-122.38544720848584, 37.710125344951436], [-122.38780568274649, 37.70923881446198], [-122.39045933159098, 37.70960866273418], [-122.39072526337429, 37.70979086986405], [-122.39107158677324, 37.71097230521384], [-122.39158853855876, 37.71122639037701], [-122.39507304380525, 37.71108116922255], [-122.39548467765819, 37.71082038447464], [-122.39560441500181, 37.71014908120813], [-122.39577175051853, 37.70997912706529], [-122.39809299630805, 37.709726156106264], [-122.40024082711577, 37.710321159043076], [-122.40042084279705, 37.71172634536311], [-122.40087857125727, 37.712089158458035], [-122.402570964168, 37.71210007700123], [-122.40415361989919, 37.7106823390684], [-122.40444899508559, 37.710604476592984], [-122.41441786301166, 37.71323863479688], [-122.41532105132949, 37.7130531547203], [-122.41588198948801, 37.71212110643488], [-122.41611574162386, 37.71199080388301], [-122.42133803357588, 37.71209454665351], [-122.42166478906051, 37.711868785416826], [-122.4224204507794, 37.710544678837834], [-122.42443074634713, 37.710051060822025], [-122.42861974183393, 37.711965669678115], [-122.4338491875111, 37.71306234157584], [-122.44043454972407, 37.71607321249677], [-122.44122642927786, 37.716018182713874], [-122.44155681505542, 37.71587256925695], [-122.44642381778287, 37.71090899223877], [-122.45061978903159, 37.70959505891282], [-122.45344261562995, 37.710700913334286], [-122.45380254496921, 37.71072577729119], [-122.45619743643883, 37.70931183966676], [-122.45732548957854, 37.709876630206644], [-122.46095669375877, 37.70966676483279], [-122.46543457985729, 37.71226175359139], [-122.47226002526823, 37.71283707868107], [-122.47669828127307, 37.7141831909432], [-122.4861062219215, 37.714621485703944], [-122.49414823743795, 37.72024939497387], [-122.49413820856428, 37.720608314645766], [-122.49336649423194, 37.72081266474885], [-122.49306207495, 37.72110633091639], [-122.49306058757043, 37.721716114070205], [-122.4933593459363, 37.722009411374906], [-122.49436252892009, 37.72198981860748], [-122.49508351459521, 37.72124640649235], [-122.49543275159644, 37.721154217284735], [-122.49949711763557, 37.723775086525116], [-122.50683737422129, 37.72394763984039], [-122.50716832894351, 37.72414157221908], [-122.50884821477213, 37.743588052114745], [-122.51255882949064, 37.76335847308858], [-122.51317699280854, 37.77668664122189], [-122.51445480314004, 37.77816172664062], [-122.51476862868876, 37.78053632399799]]]}}, {"type": "Feature", "properties": {"geometry_ref": "waymo-san-francisco-august-6-2024-boundary.geojson", "company": "Waymo", "market": "San Francisco", "state": "CA", "event_date": "2024-08-06", "event_type": "geometry_updated", "phase": "deployment", "source_url": "https://waymo.com/blog/2024/08/expanding-destinations-for-san-francisco-and-los-angeles-riders", "source_dataset": "AV Map", "source_dataset_url": "https://github.com/path-avmap/av-map-data", "historical_baseline": true}, "geometry": {"type": "Polygon", "coordinates": [[[-122.51477941035898, 37.78080198963512], [-122.51263120203933, 37.783810714746004], [-122.50870292329434, 37.78558891245739], [-122.50595475295863, 37.78795385894312], [-122.49914636533136, 37.78814487830902], [-122.49577444848431, 37.78749407160778], [-122.4866069773989, 37.78969452422621], [-122.48443361188171, 37.79199181583876], [-122.48005115319772, 37.80148761373991], [-122.47787309819003, 37.81032292318985], [-122.47764563405636, 37.810534600964125], [-122.47733953638567, 37.81051375853384], [-122.47480854914457, 37.809217238141315], [-122.47089894335652, 37.80874666280875], [-122.47012144080776, 37.80904825462831], [-122.46984053048988, 37.809037875589596], [-122.46865216392999, 37.8071659064239], [-122.4624707531792, 37.80494918849767], [-122.43910298298081, 37.80883776987029], [-122.43019008022, 37.80961353851456], [-122.42042506112736, 37.81187896746536], [-122.41501621370453, 37.80954432413486], [-122.41338512009102, 37.80958128922318], [-122.41310777335262, 37.80975251910681], [-122.41243397219755, 37.81057748732459], [-122.40934308179727, 37.81144985850372], [-122.40906727566563, 37.81143807819968], [-122.4009157452177, 37.80750620964212], [-122.38510810525877, 37.78987972225817], [-122.38410928555204, 37.78566314236382], [-122.38436211788611, 37.78545490276888], [-122.38666032534964, 37.78519712206461], [-122.38696855322226, 37.78505767368549], [-122.38714064205095, 37.78476156687785], [-122.38713331633289, 37.783224412234674], [-122.38695765176395, 37.78296763762325], [-122.3866906741697, 37.78284438520273], [-122.3848659952453, 37.782715031159874], [-122.38460034741226, 37.782547634828475], [-122.38447924498936, 37.77545617648324], [-122.38462297581054, 37.77491991215109], [-122.38444243819357, 37.77466744397159], [-122.38411437280712, 37.774537591038566], [-122.38189223507639, 37.7745783278166], [-122.38164524073207, 37.77449233464912], [-122.381230351913, 37.77223009309683], [-122.38134525309154, 37.77202724415722], [-122.3816175928057, 37.77195247562921], [-122.38428612052432, 37.77275720007449], [-122.38469967753207, 37.77270463787423], [-122.38495367631883, 37.77250200318199], [-122.38501635299443, 37.77217463545405], [-122.38465413632038, 37.77088658042724], [-122.38276778647871, 37.76984753093212], [-122.38263746298189, 37.76960050221441], [-122.38289003583063, 37.76935629303496], [-122.3844189583108, 37.769332642299844], [-122.3848488496174, 37.7690824338738], [-122.38592669279707, 37.76490892081655], [-122.38570813081779, 37.76461879007863], [-122.38530550948207, 37.7645059911876], [-122.38088968657685, 37.764801129320176], [-122.37925539718003, 37.76341181255706], [-122.37892694243105, 37.760988320526835], [-122.37900612229674, 37.759846340307384], [-122.38045431838236, 37.75951655407561], [-122.38080766602482, 37.75918255498268], [-122.38058323270575, 37.7553318460204], [-122.3807808794953, 37.75517432139188], [-122.38250068272811, 37.754702486953406], [-122.3826826303709, 37.75439958352334], [-122.38266095820974, 37.75354930456851], [-122.38236787246642, 37.753257476562965], [-122.37957788126998, 37.752283142082426], [-122.37613440970692, 37.75227581878217], [-122.37586984187516, 37.752178133541065], [-122.37502315053612, 37.74815899411185], [-122.36739508917827, 37.740180316171646], [-122.36739088587188, 37.738265816326454], [-122.36804484796266, 37.737826748394276], [-122.37103010375262, 37.736993414890215], [-122.37442836842459, 37.73757121534888], [-122.37498904004711, 37.73739127359482], [-122.37570076834514, 37.73605092054257], [-122.37574640058851, 37.735678279878094], [-122.37561227980882, 37.73537072604944], [-122.37499798645484, 37.73499173783171], [-122.37490954958356, 37.733136679170144], [-122.37478435213983, 37.732855142430225], [-122.37441633751324, 37.7326676290771], [-122.37385533239949, 37.732657073908946], [-122.3720014822404, 37.73379903536302], [-122.37170128982294, 37.73384127240968], [-122.36912085738399, 37.73211776406593], [-122.3648254484284, 37.731905664745035], [-122.36165399761913, 37.7301945376939], [-122.35929803995926, 37.73035792585847], [-122.35708539532312, 37.72898383775898], [-122.35779190628413, 37.72645578641818], [-122.36107136749601, 37.72545286835688], [-122.3614075308405, 37.72511997236985], [-122.36138423760606, 37.72483127693165], [-122.36100978802283, 37.724336905881586], [-122.36157142088642, 37.72388621942663], [-122.36163972849495, 37.723513670778416], [-122.36066835153797, 37.72227839234772], [-122.3608649271085, 37.722052825829834], [-122.36160286958899, 37.721910993494], [-122.36181277347926, 37.72147063461461], [-122.36166070436849, 37.72120690337325], [-122.36016840536516, 37.71986820057363], [-122.3601387324735, 37.71957487650058], [-122.36047476531208, 37.7194185245367], [-122.36191236090654, 37.71973492695913], [-122.36238993515221, 37.719650886041705], [-122.36264680799323, 37.719321514340685], [-122.36267610744763, 37.71805312997623], [-122.36409038611595, 37.716636900149815], [-122.36563843012547, 37.71631939157108], [-122.37017424437947, 37.71886544078429], [-122.37393826737892, 37.71919617244955], [-122.37661031537584, 37.72399212858696], [-122.37696831165835, 37.72422551283339], [-122.3775335511259, 37.72425106546806], [-122.3803386200429, 37.722211918566], [-122.38220928562595, 37.7219528956758], [-122.382625949684, 37.72124578742965], [-122.38242323445091, 37.720851558108976], [-122.3761188271888, 37.71621213869339], [-122.37617574270952, 37.7159763495178], [-122.37984606170525, 37.711899348288796], [-122.37991678436727, 37.710693423975236], [-122.37812397217229, 37.708902400756116], [-122.3784584903756, 37.70861846252978], [-122.37947960845054, 37.708582046974364], [-122.38533264962285, 37.70996685396269], [-122.38833950067597, 37.70909100344173], [-122.39069293386203, 37.709579546884825], [-122.39107291400713, 37.710871573802436], [-122.39161226748782, 37.71115219986604], [-122.39478302147494, 37.7109939922835], [-122.39513855023337, 37.710732853571876], [-122.39548951418386, 37.70990271278106], [-122.39748719949873, 37.70949257818061], [-122.40009790156901, 37.710082161098995], [-122.4002026074301, 37.71026920421729], [-122.4001444875309, 37.711440264749925], [-122.40044583369877, 37.71179468922063], [-122.40236037559116, 37.711907978201374], [-122.4027705390212, 37.71171122360697], [-122.40494127257072, 37.70936249294656], [-122.40748999569566, 37.7039474635309], [-122.40783408512468, 37.70388389213257], [-122.41337130685197, 37.705260904110155], [-122.41374766981065, 37.70526110718539], [-122.41412415775999, 37.70500587969893], [-122.41564120428473, 37.70178359930174], [-122.41588494199888, 37.70160834425784], [-122.42896174559309, 37.70561303876156], [-122.430318542375, 37.707492706272724], [-122.43082738262444, 37.70771307710004], [-122.44139521455483, 37.70457518128556], [-122.44165570834996, 37.704322273875746], [-122.44239186827026, 37.702091293521434], [-122.44261745423731, 37.701900792080636], [-122.44471518415715, 37.701751144178466], [-122.44723406777324, 37.702881244011564], [-122.45053382591185, 37.7022915996581], [-122.45444896182144, 37.69658299117403], [-122.45566081302034, 37.69278965061144], [-122.46031210498228, 37.690673861536816], [-122.4605807589751, 37.690266527953206], [-122.46051467892333, 37.68969042671515], [-122.45736309574355, 37.68473421174361], [-122.4528413422591, 37.681669531494265], [-122.45291592718338, 37.68138615899262], [-122.4569347273565, 37.677903419905405], [-122.4570595729603, 37.677170960766176], [-122.45690889495435, 37.67689501682429], [-122.45363442193769, 37.67389527886674], [-122.45068319999228, 37.66730375079625], [-122.45069925237316, 37.66707545756769], [-122.45095507357043, 37.66692386616846], [-122.45876098846105, 37.66578747357137], [-122.46209091764047, 37.663929397636366], [-122.46545629023655, 37.66392852475081], [-122.4726001730026, 37.66548472035765], [-122.4729672122511, 37.6654767286666], [-122.47333145783314, 37.665224450019004], [-122.47486656485088, 37.66199777629925], [-122.47571920416641, 37.66142699408797], [-122.47606319356743, 37.66141449001887], [-122.47706399689098, 37.66309949826956], [-122.48157611102819, 37.66665748113373], [-122.48527309585937, 37.667919883688946], [-122.48922215498048, 37.675155529636434], [-122.48974914608552, 37.67533591288557], [-122.49256843035847, 37.675038889354894], [-122.49273476310273, 37.67519892277804], [-122.49339636365936, 37.6769201193262], [-122.49424468357881, 37.67962653127317], [-122.49414204189551, 37.684876959651504], [-122.49669067691097, 37.69254470748907], [-122.49701353289294, 37.69789976153048], [-122.49934694918781, 37.708660751398554], [-122.50662148227447, 37.71986618587873], [-122.50883686480341, 37.742894249097326], [-122.5126649816532, 37.763608273957054], [-122.51328673612737, 37.77699253799799], [-122.51342638621918, 37.77724545299251], [-122.51456681921796, 37.778192831778895], [-122.51477941035898, 37.78080198963512]]]}}, {"type": "Feature", "properties": {"geometry_ref": "waymo-san-francisco-december-16-2022-boundary.geojson", "company": "Waymo", "market": "San Francisco", "state": "CA", "event_date": "2022-12-16", "event_type": "service_created", "phase": "deployment", "source_url": "https://waymo.com/blog/2022/12/wheels-up-for-waymo-as-we-expand", "source_dataset": "AV Map", "source_dataset_url": "https://github.com/path-avmap/av-map-data", "historical_baseline": true}, "geometry": {"type": "Polygon", "coordinates": [[[-122.51476502872771, 37.7807426145302], [-122.51279212502054, 37.783556007914875], [-122.50871242042884, 37.785515400896536], [-122.5058608606711, 37.78799018649528], [-122.4993166700501, 37.7882755426074], [-122.49593329965948, 37.78753111061607], [-122.48636924220504, 37.79021069628798], [-122.48462913353283, 37.792105268266695], [-122.48087844262113, 37.800269975416825], [-122.47788915409168, 37.810541318138604], [-122.4776894860881, 37.81074005604966], [-122.47733933335941, 37.8107197793013], [-122.47499434307689, 37.80929147423673], [-122.47103072269825, 37.80893658266425], [-122.47030997005601, 37.809225667439904], [-122.47002575365381, 37.80920760214004], [-122.46905423519878, 37.80731303311067], [-122.46383050661026, 37.80516753629327], [-122.45009111956438, 37.80673150434232], [-122.43723673053448, 37.80912867926517], [-122.43703499962493, 37.808882159885044], [-122.43686606360325, 37.8045095214082], [-122.43009939905868, 37.770848608949606], [-122.42976443627391, 37.77048394973123], [-122.42744292379227, 37.76993864338499], [-122.42723809894048, 37.7698073211877], [-122.42627042161546, 37.765385601166415], [-122.42577814581557, 37.76487030137938], [-122.42608849068903, 37.764340308271635], [-122.42622555418285, 37.76307526313553], [-122.42538954584515, 37.75405189345265], [-122.42455869397017, 37.75189405140672], [-122.42469045092203, 37.7484001821383], [-122.42456520571287, 37.74808697269011], [-122.4240405595108, 37.747888132895135], [-122.40928219038415, 37.748284788111036], [-122.4021097888682, 37.74960271892379], [-122.38551210270714, 37.75053971959151], [-122.37820168576299, 37.75038514957209], [-122.37460203773482, 37.74781107516695], [-122.36766787646505, 37.7400897195789], [-122.36752025846158, 37.73838432800575], [-122.36771886929631, 37.738137840369134], [-122.37159034624251, 37.737151011449626], [-122.37427616629353, 37.73744844335457], [-122.3747776090177, 37.73728055545707], [-122.37493451142281, 37.73696461353097], [-122.37505329031376, 37.733345142748234], [-122.37491618153163, 37.733022039058206], [-122.3745482410052, 37.732844619924215], [-122.37377155146261, 37.73287383226946], [-122.37231283212964, 37.73397587472285], [-122.37197810408094, 37.734027672869914], [-122.36898509804944, 37.732097595295215], [-122.36454311502743, 37.73192845819795], [-122.36195113814007, 37.73030678712165], [-122.35908307687478, 37.730234979784754], [-122.35700793226115, 37.72883711657231], [-122.35772336692848, 37.72632414230526], [-122.3586175178072, 37.725995429945804], [-122.35887508513261, 37.72572427301776], [-122.35889007930338, 37.72522698694716], [-122.35857505335555, 37.72482244794254], [-122.35861515519315, 37.72457094655455], [-122.361132277727, 37.72394875502412], [-122.36150660473128, 37.72363137882385], [-122.36145464697886, 37.722954014690075], [-122.36051996156073, 37.72232702166475], [-122.36041743744168, 37.72214055654561], [-122.36054284874231, 37.72191232997061], [-122.3612867759887, 37.721544569830215], [-122.36133932229214, 37.720793147308314], [-122.36020420222721, 37.71973560640818], [-122.3601805384803, 37.719443522972504], [-122.36048129630738, 37.71929041042593], [-122.3620500888311, 37.71946557402179], [-122.36245892282824, 37.719365687421885], [-122.36270347441912, 37.71903347522511], [-122.36254353311516, 37.71814131223438], [-122.36262560300491, 37.717940932546576], [-122.36542311483997, 37.71629356687695], [-122.36569029612497, 37.71624124658502], [-122.3702104811618, 37.71885642541315], [-122.37388220516212, 37.71907957522839], [-122.37658633987009, 37.723510219800836], [-122.37689199311073, 37.723748523573526], [-122.377436392116, 37.72374085211411], [-122.38188444332053, 37.72197055713548], [-122.38217248601772, 37.72161096316141], [-122.38225818975484, 37.72098924310059], [-122.38213964798555, 37.72072943656209], [-122.37630162528723, 37.71628810454793], [-122.37635884000129, 37.716080345681945], [-122.38010202945689, 37.71170628714996], [-122.38007499516539, 37.71076049741164], [-122.3788053683309, 37.709311513457344], [-122.37885938565917, 37.70907137815822], [-122.37912894037729, 37.70895299308496], [-122.3848745805397, 37.70973741561569], [-122.38827848805028, 37.70898045145253], [-122.39059197687352, 37.709485597846786], [-122.3910864203564, 37.710740408010686], [-122.39162285828652, 37.71102407781055], [-122.39459329146686, 37.71089230364048], [-122.39489066919012, 37.7107130185226], [-122.39552640871271, 37.709743797299836], [-122.39779454639614, 37.70947799088969], [-122.40011335812014, 37.710005131118315], [-122.40021208848368, 37.710192499256515], [-122.4001298028721, 37.71145999455843], [-122.40057770730189, 37.71182899037429], [-122.40241993361197, 37.71187608806389], [-122.40437414702059, 37.71047666149202], [-122.40464016489292, 37.710413633497325], [-122.41419338853333, 37.713090942563504], [-122.41521947053631, 37.7129810654723], [-122.41581928610618, 37.71205499900347], [-122.41606372749045, 37.711924704507354], [-122.4213617777803, 37.711995541410836], [-122.42165029392727, 37.711818259637226], [-122.42281785228266, 37.710234022669205], [-122.42447583080542, 37.709839268800856], [-122.43994574440786, 37.71578556932124], [-122.44103920209449, 37.715781262265615], [-122.44142893225583, 37.7156304648469], [-122.44605890461446, 37.71095828450468], [-122.44973842377011, 37.70955319054292], [-122.45367586192202, 37.71047688600337], [-122.45402239417125, 37.71036589430292], [-122.4554752408155, 37.70927890108746], [-122.45906405362464, 37.70986359474639], [-122.46168196914944, 37.7090140849793], [-122.46334012996265, 37.70989032417637], [-122.46438351183984, 37.711847206148754], [-122.46479209932092, 37.712098130978866], [-122.47071463649944, 37.712329175367316], [-122.47165403835221, 37.711837734097735], [-122.4760883524221, 37.714024069592924], [-122.48579597320834, 37.71456212797168], [-122.49918395885581, 37.72366829571529], [-122.49961045530775, 37.723722889364296], [-122.50279098583295, 37.72324708443833], [-122.50695535381598, 37.723847440427896], [-122.50722258069923, 37.72403278403106], [-122.50908185316338, 37.744844411284426], [-122.51275285595783, 37.763765936825024], [-122.51327494439651, 37.776536707626384], [-122.5145923381936, 37.77799162702002], [-122.51476502872771, 37.7807426145302]]]}}, {"type": "Feature", "properties": {"geometry_ref": "waymo-san-francisco-june-17-2025-boundary.geojson", "company": "Waymo", "market": "San Francisco", "state": "CA", "event_date": "2025-06-17", "event_type": "geometry_updated", "phase": "deployment", "source_url": "https://www.theverge.com/news/688202/waymo-sf-la-service-area-expand-robotaxi", "source_dataset": "AV Map", "source_dataset_url": "https://github.com/path-avmap/av-map-data", "historical_baseline": true}, "geometry": {"type": "Polygon", "coordinates": [[[-122.51505325222706, 37.78092903444943], [-122.51290393227612, 37.78369712742555], [-122.5090112885934, 37.78553935930545], [-122.50626938959184, 37.78793930906208], [-122.49562074082881, 37.78769214861058], [-122.48714922976295, 37.78947641487824], [-122.48434407765204, 37.792802377425254], [-122.48060141725699, 37.80084613621597], [-122.47801183779247, 37.810659861146576], [-122.47768791672291, 37.81088483575885], [-122.47477206507253, 37.80937974760675], [-122.47096413873646, 37.80898943391489], [-122.47020679372336, 37.80930206119028], [-122.46992868381568, 37.80929794117144], [-122.46973304507526, 37.809127265616645], [-122.46920701584806, 37.80757248474956], [-122.46896514711075, 37.80733410083021], [-122.4640621313649, 37.80532506008918], [-122.4619046430344, 37.80529106801911], [-122.43918196044292, 37.80913585674785], [-122.42934587202623, 37.81000091686549], [-122.42069313292018, 37.812105729331755], [-122.41525856404648, 37.809870953875524], [-122.4133395258173, 37.8099130012934], [-122.41198946700901, 37.81115366380936], [-122.40930308552291, 37.81182234992012], [-122.40130077206865, 37.80787675952008], [-122.38563689797202, 37.79049750005893], [-122.38428363311273, 37.78572673069392], [-122.38454379649482, 37.78550068333079], [-122.38659924148308, 37.785289247453576], [-122.38691819335774, 37.78514425430122], [-122.38708662688056, 37.78483416164462], [-122.38718313319659, 37.783185368827894], [-122.386733833127, 37.782820578059166], [-122.38485870330251, 37.78271199416207], [-122.38458752592199, 37.78254292179332], [-122.38453715403755, 37.77483400141263], [-122.38405741439783, 37.77449058500778], [-122.38183481364594, 37.77448239315701], [-122.38159177929852, 37.774391778361], [-122.38122975656536, 37.772072251039766], [-122.3813552106235, 37.771856006203514], [-122.38165859774071, 37.771793229596256], [-122.38429735227685, 37.77252573641482], [-122.38465181406966, 37.772457259263405], [-122.38489848905593, 37.77224471842229], [-122.38495431450116, 37.77195968182485], [-122.38470120123864, 37.77081738548974], [-122.38272130058033, 37.76959082675528], [-122.38260796921438, 37.76935024151652], [-122.38285825884397, 37.76911116009594], [-122.38437179529429, 37.76908777682813], [-122.38479688292931, 37.76884801445734], [-122.38599432379218, 37.764864383015805], [-122.38579720822811, 37.76457227901258], [-122.3854117653159, 37.76444281288608], [-122.38086098719546, 37.76454045137503], [-122.37904029084802, 37.762645601368284], [-122.37906390836993, 37.759743757040674], [-122.37928206434454, 37.7595739273021], [-122.38048270227, 37.759356320632506], [-122.38080109008199, 37.75900320016193], [-122.38067622351463, 37.75520661204389], [-122.38087347599198, 37.75502928254167], [-122.38246729841185, 37.75458874151418], [-122.38261262677949, 37.75431784522747], [-122.38259130234222, 37.753516950230974], [-122.38230675315813, 37.75322733491667], [-122.37957618536716, 37.75197899983984], [-122.37617718839638, 37.752089641977435], [-122.37589456435444, 37.75199095962754], [-122.37540617249783, 37.74820186689331], [-122.36730680230586, 37.739341252903486], [-122.367772333307, 37.737656218562925], [-122.36798192094905, 37.737473488170785], [-122.37102636735885, 37.73667098332097], [-122.37458760850897, 37.73691556543263], [-122.37503620472621, 37.73676160044598], [-122.37566748145849, 37.73569292882698], [-122.37562177643456, 37.73501785899479], [-122.3749803877279, 37.73450686748377], [-122.3750673008692, 37.73293509129682], [-122.37471768462399, 37.73262945839599], [-122.37355268548232, 37.73247901504647], [-122.37212919616015, 37.73351817130893], [-122.37180179523678, 37.73356287550362], [-122.3692562428494, 37.731744930948146], [-122.36460790752206, 37.73141764688259], [-122.36194502028135, 37.72991174644221], [-122.35938205786721, 37.7299813657369], [-122.3572602479176, 37.72869461075093], [-122.3571416288512, 37.728430309291376], [-122.35766951003298, 37.725968729037085], [-122.35928747353434, 37.72542953180335], [-122.35942747033602, 37.7251627459603], [-122.35932585790957, 37.724285243079656], [-122.35945701590332, 37.72407068013542], [-122.36120528604582, 37.72369975168409], [-122.36154843650142, 37.723387474996585], [-122.36149608935675, 37.722507936892455], [-122.36038903214569, 37.721665051829156], [-122.36049338577612, 37.7214323411537], [-122.36093353688297, 37.72127290599023], [-122.36116979151588, 37.72104884126302], [-122.36119164846393, 37.72027306950643], [-122.36012327375943, 37.71919086718022], [-122.36010795714051, 37.71891212434122], [-122.36043646440133, 37.71875697558374], [-122.36193431725546, 37.71905751747773], [-122.36241095972444, 37.718963403718654], [-122.3626565752165, 37.7186268546197], [-122.36255851266209, 37.71763399844855], [-122.36507011349369, 37.71579546200077], [-122.36538773888117, 37.71582923757575], [-122.37012356609108, 37.71836371983949], [-122.37405229450923, 37.71871442339509], [-122.3764912886925, 37.72314925115676], [-122.37684610630008, 37.723418914026254], [-122.3773378026063, 37.72340390837711], [-122.38232982839564, 37.72148246976127], [-122.3824588920382, 37.72122473041861], [-122.38246215282375, 37.72057870036336], [-122.38230391853037, 37.72024848965081], [-122.37633292245268, 37.715832660914415], [-122.37638789497339, 37.715629513750095], [-122.37973603940819, 37.71163928301816], [-122.37990405945143, 37.71009895096621], [-122.37852632414094, 37.70855343193107], [-122.3780947827256, 37.70850999966649], [-122.37562948601497, 37.70898640298292], [-122.37540341848131, 37.70887952683643], [-122.37507698676858, 37.7084243471494], [-122.37521100383843, 37.70808975153343], [-122.37773961689521, 37.70803822525566], [-122.37829658665115, 37.70817649837466], [-122.37880695963445, 37.70803992246774], [-122.37961776440754, 37.70803962202226], [-122.38511478949057, 37.7092756877644], [-122.38763263356091, 37.70847118587355], [-122.39106959424491, 37.70914363784048], [-122.39373579358123, 37.70867750727265], [-122.3941052164773, 37.7084189530714], [-122.39415791975428, 37.70812572381822], [-122.38821128166671, 37.6791535891941], [-122.3885713840163, 37.67307910809594], [-122.40442884965044, 37.65942887721843], [-122.40536019020513, 37.65630813564489], [-122.40677676543038, 37.654541223688724], [-122.4067149803107, 37.653634546678184], [-122.40574752058316, 37.652962601994325], [-122.40589434304093, 37.65162461661869], [-122.40613613775965, 37.65144876903445], [-122.40759411035586, 37.65124292171122], [-122.40794503974061, 37.6509794923337], [-122.40788283927151, 37.6493710942026], [-122.4089467420777, 37.64816232839001], [-122.41087704199595, 37.64110673724806], [-122.41106708065229, 37.640947644565436], [-122.41265013935276, 37.64052310914265], [-122.41289404065104, 37.640368537626735], [-122.41301974217161, 37.6400903350507], [-122.41291046123384, 37.638083698933166], [-122.41445249894075, 37.6374148131642], [-122.41465222486073, 37.6369597403639], [-122.40964645588025, 37.626794551889795], [-122.40008177646045, 37.612868300707184], [-122.40069979246195, 37.60980035056846], [-122.40056038436258, 37.60953830628072], [-122.39936959826068, 37.60854423643092], [-122.39963623348768, 37.60718676694799], [-122.39955209244832, 37.6068960127575], [-122.39806147326324, 37.60560332030273], [-122.39552379586455, 37.60511670187116], [-122.39313201703234, 37.603348050822795], [-122.39292724336944, 37.602115709818456], [-122.39275867382716, 37.601863240468404], [-122.38959367379205, 37.60038746161807], [-122.3896486787882, 37.60010016372335], [-122.39127683378737, 37.59881287095239], [-122.39342195057928, 37.598445578200675], [-122.39379290046706, 37.598203479104036], [-122.39385467853108, 37.59787186324695], [-122.39297310016177, 37.59473949990978], [-122.39131302962673, 37.59360214189847], [-122.38879193736119, 37.593814698606444], [-122.38600177212444, 37.592811297767916], [-122.38562782092363, 37.59295443975811], [-122.38219967510305, 37.59567584698198], [-122.38182452545138, 37.59572612332689], [-122.36560904313605, 37.58812996824113], [-122.36546452805459, 37.58787734054894], [-122.3658790646604, 37.58611806106582], [-122.36583458536882, 37.58582181940218], [-122.36558452727186, 37.585598803458566], [-122.36336851361308, 37.58454533467883], [-122.3610217295335, 37.58415091440035], [-122.35933799680268, 37.58549843930699], [-122.3589628193541, 37.585550419506816], [-122.34483075859187, 37.57961016195433], [-122.34289019892708, 37.579396106970876], [-122.33900085295166, 37.577214653182715], [-122.33884973130046, 37.57699020909287], [-122.3389542308881, 37.57678121790472], [-122.34272114897603, 37.573814497916466], [-122.34735853505877, 37.574664717452464], [-122.34771863945126, 37.57465142256584], [-122.3480103550658, 37.57448355954277], [-122.35004360167765, 37.57240325715263], [-122.3521482206843, 37.57255336672591], [-122.35632855494474, 37.57048220207634], [-122.364179697255, 37.56411265941906], [-122.36903333641224, 37.561947789687444], [-122.37327885237009, 37.55815716406042], [-122.37474216856133, 37.555883603627734], [-122.37749635987812, 37.55470860864609], [-122.37794843222909, 37.55479424182723], [-122.38754083222626, 37.56517082798397], [-122.39509526476857, 37.56892166638791], [-122.39899272816919, 37.5737020127974], [-122.4024784912835, 37.57976554544928], [-122.40284594960038, 37.57995761862133], [-122.40549289119929, 37.580288054031136], [-122.42770519402929, 37.60157640800055], [-122.44194520680172, 37.616831636269104], [-122.44272901898862, 37.619174209061775], [-122.45108201420214, 37.62904612892038], [-122.46284548860548, 37.63781500568994], [-122.46835161972892, 37.643449485097875], [-122.4703419270456, 37.64717551619362], [-122.47072251728174, 37.65284963846278], [-122.47692783357458, 37.661731103824046], [-122.48222836117704, 37.66608325756879], [-122.48552176026706, 37.66703957738767], [-122.48973536773427, 37.67445412638853], [-122.49018268770803, 37.67459176632017], [-122.49257530010209, 37.674372361817866], [-122.49288369542224, 37.67453212991722], [-122.4945919717653, 37.67900996784224], [-122.4942512219554, 37.684429434787596], [-122.49690802137678, 37.692052183884904], [-122.49726990647865, 37.69718041118517], [-122.49975217255648, 37.70859834337033], [-122.50598542384641, 37.717817471573056], [-122.50741490020285, 37.723335349810945], [-122.50936561263119, 37.744866654276706], [-122.51274660265305, 37.76203733569908], [-122.51345246186796, 37.776026368124654], [-122.51504130916118, 37.77942844625899], [-122.51505325222706, 37.78092903444943]]]}}, {"type": "Feature", "properties": {"geometry_ref": "zoox-las-vegas-september-10-2025-boundary.geojson", "company": "Zoox", "market": "Las Vegas", "state": "NV", "event_date": "2025-09-10", "event_type": "service_created", "phase": "deployment", "source_url": "https://techcrunch.com/2025/09/10/zoox-opens-its-las-vegas-robotaxi-service-to-the-public/", "source_dataset": "AV Map", "source_dataset_url": "https://github.com/path-avmap/av-map-data", "historical_baseline": true}, "geometry": {"type": "Polygon", "coordinates": [[[-115.24312713965355, 36.08514971726753], [-115.2430357455632, 36.085351587981535], [-115.24280449367934, 36.08544698438893], [-115.23503203650135, 36.085459558135064], [-115.23448008261167, 36.0857258776506], [-115.23426382964257, 36.0996888144527], [-115.23408244225652, 36.099938293967405], [-115.20903093749118, 36.101134825690444], [-115.20854962121574, 36.10135340018379], [-115.20843827719153, 36.10164295262251], [-115.20847253492396, 36.1264016596929], [-115.20814075181619, 36.12659827469031], [-115.19148181858279, 36.12689685533479], [-115.1910018707373, 36.12709026782679], [-115.19086704635679, 36.12741376688015], [-115.191247972807, 36.144522750029566], [-115.19111453093993, 36.144759319052866], [-115.15718742325026, 36.14409152313275], [-115.15691042458099, 36.14398308302097], [-115.156874096238, 36.143663020468594], [-115.1678848128645, 36.126412921694694], [-115.16778589288664, 36.12603380623228], [-115.16538453399674, 36.12319741547901], [-115.16512468052234, 36.123049468080595], [-115.16379102664114, 36.12276037150666], [-115.16357930759803, 36.12252797467267], [-115.16316891213351, 36.097588833562014], [-115.16432009909472, 36.096497005200455], [-115.1691234097471, 36.0964785493411], [-115.1695878315924, 36.09624905538962], [-115.1699413662081, 36.093767505745795], [-115.17180207078506, 36.09315270218679], [-115.17214397644238, 36.09280107366875], [-115.17222505400134, 36.08577098037947], [-115.17235098882603, 36.085552847424566], [-115.17483432874054, 36.08547607306962], [-115.17515043435615, 36.08518099853617], [-115.17534753694997, 36.08397322658051], [-115.17548283976575, 36.083794914995664], [-115.1788258507032, 36.083082761164526], [-115.17955598541971, 36.08345885410881], [-115.17948701582951, 36.08500274953334], [-115.17970162835236, 36.08528699710876], [-115.1800281160887, 36.085399498392746], [-115.1830648657544, 36.08539125522062], [-115.18337699702867, 36.08508121331185], [-115.18362311122539, 36.08404319389192], [-115.18395523970149, 36.08387452340928], [-115.18584698719644, 36.084042857730715], [-115.18597535050593, 36.08424013709956], [-115.18597075078767, 36.085269878904946], [-115.1861983305183, 36.085508541165666], [-115.18649019523832, 36.08559797788358], [-115.20678109926621, 36.08576337998836], [-115.20712563796292, 36.08555945053048], [-115.2072327084693, 36.08527490595943], [-115.20720264422627, 36.07150069758864], [-115.20738283881067, 36.07124308319223], [-115.24220726000847, 36.069942254836505], [-115.24246034634363, 36.0700196693358], [-115.24257527643525, 36.0702237049594], [-115.24312713965355, 36.08514971726753]]]}}, {"type": "Feature", "properties": {"name": "zoox-san-francisco-november-18-2025-boundary.geojson", "geometry_ref": "zoox-san-francisco-november-18-2025-boundary.geojson", "company": "Zoox", "market": "San Francisco", "state": "CA", "event_date": "2025-11-18", "event_type": "geometry_updated", "phase": "deployment", "source_url": "https://sfstandard.com/2025/11/18/zoox-launches-publicly-san-francisco-kind/", "source_dataset": "AV Map", "source_dataset_url": "https://github.com/path-avmap/av-map-data", "historical_baseline": true}, "geometry": {"type": "Polygon", "coordinates": [[[-122.39735126495363, 37.77542779483952], [-122.40157708525658, 37.77191979785191], [-122.39507976919413, 37.7665335841553], [-122.40564465522768, 37.765823273288746], [-122.40548539906742, 37.76377764589602], [-122.40686774253847, 37.76130044737671], [-122.40683555603027, 37.75950226628951], [-122.4039387702942, 37.75715269022515], [-122.40368127822877, 37.75552405941658], [-122.40354180336, 37.753488220488514], [-122.40356326103212, 37.752461797121434], [-122.40413188934328, 37.750179862754194], [-122.40559101104738, 37.74906007740047], [-122.40821957588197, 37.74850866171951], [-122.4229019880295, 37.74813539338805], [-122.42504239082338, 37.7702631343295], [-122.42289662361145, 37.77040518851961], [-122.42294758558276, 37.772050452986356], [-122.42072135210039, 37.77221370532483], [-122.40696966648103, 37.78321862586066], [-122.39735126495363, 37.77542779483952]]]}}, {"type": "Feature", "properties": {"geometry_ref": "zoox-san-francisco-september-16-2025-boundary.geojson", "company": "Zoox", "market": "San Francisco", "state": "CA", "event_date": "2025-09-16", "event_type": "service_created", "phase": "deployment", "source_url": "https://x.com/nearcyan/status/1968122084674113773", "source_dataset": "AV Map", "source_dataset_url": "https://github.com/path-avmap/av-map-data", "historical_baseline": true}, "geometry": {"coordinates": [[[-122.41425757836973, 37.75408306101721], [-122.40548551973743, 37.76377740783549], [-122.4056442410463, 37.76582338915189], [-122.3950795486675, 37.76653326919357], [-122.40157693546891, 37.771919901284306], [-122.39735096679487, 37.77542730720329], [-122.40497212730682, 37.78164548429412], [-122.41570378949679, 37.773285444399164], [-122.41425757836973, 37.75408306101721]]], "type": "Polygon"}}]}