report_id,report_version,reporting_entity,report_type,report_month,report_year,report_submission_date,vin_decoded,make,model,model_year,automation_system_engaged,engagement_status,operating_entity,incident_date,incident_time,city,state,roadway_type,crash_with,highest_injury_severity,within_odd,source_archive_key
10003-2932,1,"Navistar, Inc.",Monthly,5,2022,MAY-2022,,International,LT,2022,"Unknown, see Narrative",,,NOV-2021,19:57,Maxatawny Township,PA,Street,Other Fixed Object,Unknown,"Unknown, see Narrative",raw/SGO/SGO-2021-01_Incident_Reports_ADS (1).csv
10003-3210,1,"Navistar, Inc.",Monthly,6,2022,JUN-2022,,International,LT625,2021,"Unknown, see Narrative",,TuSimple,APR-2022,15:52,Tucson,AZ,Highway / Freeway,Other Fixed Object,No Injuries Reported,Yes,raw/SGO/SGO-2021-01_Incident_Reports_ADS (1).csv
12381-3438,1,"Daimler Trucks North America, LLC",1-Day,,,JUL-2022,,FREIGHTLINER,Cascadia,2021,ADS,,"TORC ROBOTICS, INC",JUL-2022,16:33,ALBUQUERQUE,NM,Highway / Freeway,"Other, see Narrative",No Injuries Reported,Yes,raw/SGO/SGO-2021-01_Incident_Reports_ADS (1).csv
12381-3438,2,"Daimler Trucks North America, LLC",10-Day Update,,,JUL-2022,,FREIGHTLINER,Cascadia,2021,ADS,,"TORC ROBOTICS, INC",JUL-2022,16:33,ALBUQUERQUE,NM,Highway / Freeway,"Other, see Narrative",No Injuries Reported,Yes,raw/SGO/SGO-2021-01_Incident_Reports_ADS (1).csv
12381-3557,1,"Daimler Trucks North America, LLC",Monthly,7,2022,AUG-2022,,Freightliner,Cascadia,2021,ADS,,"TORC ROBOTICS, INC",JUL-2022,12:39,Santa Rosa,NM,Highway / Freeway,"Other, see Narrative",No Injuries Reported,Yes,raw/SGO/SGO-2021-01_Incident_Reports_ADS (1).csv
12381-6889,1,"Daimler Trucks North America, LLC",Monthly,12,2023,JAN-2024,,Freightliner,Cascadia,2023,ADS,,"Torc Robotics, Inc",DEC-2023,14:35,Vega,TX,Highway / Freeway,Animal,No Injuries Reported,Yes,raw/SGO/SGO-2021-01_Incident_Reports_ADS (1).csv
1306-1065,1,Toyota Motor Engineering & Manufacturing,Monthly,7,2021,AUG-2021,,Lexus,RX450H,2020,ADS,,May Mobility,JUL-2021,16:15,Indianapolis,IN,Street,SUV,No Injuries Reported,Yes,raw/SGO/SGO-2021-01_Incident_Reports_ADS (1).csv
1306-1247,1,Toyota Motor Engineering & Manufacturing,Monthly,8,2021,SEP-2021,,Lexus,RX450H,2020,ADS,,May Mobility,AUG-2021,11:16,Indianapolis,IN,Street,"Other, see Narrative",No Injuries Reported,Yes,raw/SGO/SGO-2021-01_Incident_Reports_ADS (1).csv
1306-3355,1,Toyota Motor Engineering & Manufacturing,Monthly,7,2022,AUG-2022,,Lexus,RX450H,2020,ADS,,May Mobility,MAY-2022,16:11,Arlington,TX,Street,Pickup Truck,No Injuries Reported,Yes,raw/SGO/SGO-2021-01_Incident_Reports_ADS (1).csv
1306-4010,1,Toyota Motor Engineering & Manufacturing,Monthly,9,2022,OCT-2022,,Lexus,RX450H,2020,ADS,,May Mobility,AUG-2022,16:15,Arlington,TX,Intersection,Pickup Truck,No Injuries Reported,Yes,raw/SGO/SGO-2021-01_Incident_Reports_ADS (1).csv
1306-4235,1,Toyota Motor Engineering & Manufacturing,Monthly,10,2022,NOV-2022,,Toyota,Sienna,2021,ADS,,May Mobility,SEP-2022,09:02,Sun City,AZ,Parking Lot,Passenger Car,No Injuries Reported,Yes,raw/SGO/SGO-2021-01_Incident_Reports_ADS (1).csv
1306-4389,1,Toyota Motor Engineering & Manufacturing,1-Day,,,DEC-2022,,Lexus,RX450H,2020,"Unknown, see Narrative",,May Mobility,NOV-2022,15:43,Ann Arbor,MI,Intersection,Non-Motorist: Cyclist,No Injuries Reported,"No, see Narrative",raw/SGO/SGO-2021-01_Incident_Reports_ADS (1).csv
1306-4389,2,Toyota Motor Engineering & Manufacturing,10-Day Update,,,DEC-2022,,Lexus,RX450H,2020,"Unknown, see Narrative",,May Mobility,NOV-2022,15:43,Ann Arbor,MI,Intersection,Non-Motorist: Cyclist,No Injuries Reported,"No, see Narrative",raw/SGO/SGO-2021-01_Incident_Reports_ADS (1).csv
1306-4390,1,Toyota Motor Engineering & Manufacturing,1-Day,,,DEC-2022,,Toyota,Sienna,2021,ADS,,May Mobility,DEC-2022,09:02,Sun City,AZ,Street,Motorcycle,No Injuries Reported,Yes,raw/SGO/SGO-2021-01_Incident_Reports_ADS (1).csv
1306-4390,2,Toyota Motor Engineering & Manufacturing,10-Day Update,,,DEC-2022,,Toyota,Sienna,2021,ADS,,May Mobility,DEC-2022,09:02,Sun City,AZ,Street,Motorcycle,No Injuries Reported,Yes,raw/SGO/SGO-2021-01_Incident_Reports_ADS (1).csv
13781-11375,1,"Tesla, Inc.",5-Day,,,AUG-2025,Y,TESLA,Model Y,2026,ADS,Verified Engaged,Tesla Inc,JUL-2025,15:15,Austin,TX,Intersection,SUV,Property Damage. No Injured Reported,"[REDACTED, MAY CONTAIN CONFIDENTIAL BUSINESS INFORMATION]",raw/SGO/SGO-2021-01_Incident_Reports_ADS.csv
13781-11375,2,"Tesla, Inc.",Update,,,AUG-2025,Y,TESLA,Model Y,2026,ADS,Verified Engaged,Tesla Inc,JUL-2025,15:15,Austin,TX,Intersection,SUV,Property Damage. No Injured Reported,"[REDACTED, MAY CONTAIN CONFIDENTIAL BUSINESS INFORMATION]",raw/SGO/SGO-2021-01_Incident_Reports_ADS.csv
13781-11375,3,"Tesla, Inc.",Update,,,DEC-2025,Y,TESLA,Model Y,2026,ADS,Verified Engaged,Tesla Inc,JUL-2025,15:15,Austin,TX,Intersection,SUV,Minor W/ Hospitalization,"[REDACTED, MAY CONTAIN CONFIDENTIAL BUSINESS INFORMATION]",raw/SGO/SGO-2021-01_Incident_Reports_ADS.csv
13781-11375,4,"Tesla, Inc.",Update,,,MAR-2026,Y,TESLA,Model Y,2026,ADS,Verified Engaged,Tesla Inc,JUL-2025,15:15,Austin,TX,Intersection,SUV,Minor W/ Hospitalization,Yes,raw/SGO/SGO-2021-01_Incident_Reports_ADS.csv
13781-11459,1,"Tesla, Inc.",5-Day,,,AUG-2025,Y,TESLA,Model Y,2026,ADS,Verified Engaged,Tesla Inc,JUL-2025,12:20,Austin,TX,Street,Other Fixed Object,Minor W/O Hospitalization,"[REDACTED, MAY CONTAIN CONFIDENTIAL BUSINESS INFORMATION]",raw/SGO/SGO-2021-01_Incident_Reports_ADS.csv
13781-11459,2,"Tesla, Inc.",Update,,,MAR-2026,Y,TESLA,Model Y,2026,ADS,Verified Engaged,Tesla Inc,JUL-2025,12:20,Austin,TX,Street,Other Fixed Object,Minor W/O Hospitalization,Yes,raw/SGO/SGO-2021-01_Incident_Reports_ADS.csv
13781-11459,3,"Tesla, Inc.",Update,,,MAR-2026,Y,TESLA,Model Y,2026,ADS,Verified Engaged,Tesla Inc,JUL-2025,12:20,Austin,TX,Street,Other Fixed Object,Minor W/O Hospitalization,Yes,raw/SGO/SGO-2021-01_Incident_Reports_ADS.csv
13781-11507,1,"Tesla, Inc.",Monthly,8,2025,AUG-2025,Y,TESLA,Model Y,2026,ADS,Verified Engaged,Tesla Inc,JUL-2025,03:45,Austin,TX,Street,SUV,Property Damage. No Injured Reported,"[REDACTED, MAY CONTAIN CONFIDENTIAL BUSINESS INFORMATION]",raw/SGO/SGO-2021-01_Incident_Reports_ADS.csv
13781-11507,2,"Tesla, Inc.",Update,,,MAR-2026,Y,TESLA,Model Y,2026,ADS,Verified Engaged,Tesla Inc,JUL-2025,03:45,Austin,TX,Street,SUV,Property Damage. No Injured Reported,Yes,raw/SGO/SGO-2021-01_Incident_Reports_ADS.csv
13781-11687,1,"Tesla, Inc.",Monthly,9,2025,SEP-2025,Y,TESLA,Model Y,2026,ADS,Verified Engaged,Tesla Inc,SEP-2025,01:25,Austin,TX,Parking Lot,Other Fixed Object,Property Damage. No Injured Reported,"[REDACTED, MAY CONTAIN CONFIDENTIAL BUSINESS INFORMATION]",raw/SGO/SGO-2021-01_Incident_Reports_ADS.csv
13781-11687,2,"Tesla, Inc.",Update,,,MAR-2026,Y,TESLA,Model Y,2026,ADS,Verified Engaged,Tesla Inc,SEP-2025,01:25,Austin,TX,Parking Lot,Other Fixed Object,Property Damage. No Injured Reported,Yes,raw/SGO/SGO-2021-01_Incident_Reports_ADS.csv
13781-11687,3,"Tesla, Inc.",Update,,,MAR-2026,Y,TESLA,Model Y,2026,ADS,Verified Engaged,Tesla Inc,SEP-2025,01:25,Austin,TX,Parking Lot,Other Fixed Object,Property Damage. No Injured Reported,Yes,raw/SGO/SGO-2021-01_Incident_Reports_ADS.csv
13781-11784,1,"Tesla, Inc.",5-Day,,,SEP-2025,Y,TESLA,Model Y,2026,ADS,Verified Engaged,Tesla Inc,SEP-2025,20:42,Austin,TX,Intersection,Passenger Car,Property Damage. No Injured Reported,"[REDACTED, MAY CONTAIN CONFIDENTIAL BUSINESS INFORMATION]",raw/SGO/SGO-2021-01_Incident_Reports_ADS.csv
13781-11784,2,"Tesla, Inc.",Update,,,MAR-2026,Y,TESLA,Model Y,2026,ADS,Verified Engaged,Tesla Inc,SEP-2025,20:42,Austin,TX,Intersection,Passenger Car,Property Damage. No Injured Reported,Yes,raw/SGO/SGO-2021-01_Incident_Reports_ADS.csv
13781-11786,1,"Tesla, Inc.",5-Day,,,SEP-2025,Y,TESLA,Model Y,2026,ADS,Verified Engaged,Tesla Inc,SEP-2025,03:43,Austin,TX,Street,Non-Motorist: Cyclist,Property Damage. No Injured Reported,"[REDACTED, MAY CONTAIN CONFIDENTIAL BUSINESS INFORMATION]",raw/SGO/SGO-2021-01_Incident_Reports_ADS.csv
13781-11786,2,"Tesla, Inc.",Update,,,MAR-2026,Y,TESLA,Model Y,2026,ADS,Verified Engaged,Tesla Inc,SEP-2025,03:43,Austin,TX,Street,Non-Motorist: Cyclist,Property Damage. No Injured Reported,Yes,raw/SGO/SGO-2021-01_Incident_Reports_ADS.csv
13781-11787,1,"Tesla, Inc.",Monthly,10,2025,OCT-2025,Y,TESLA,Model Y,2026,ADS,Verified Engaged,Tesla Inc,SEP-2025,13:08,Austin,TX,Intersection,Animal,No Injured Reported,"[REDACTED, MAY CONTAIN CONFIDENTIAL BUSINESS INFORMATION]",raw/SGO/SGO-2021-01_Incident_Reports_ADS.csv
13781-11787,2,"Tesla, Inc.",Update,,,MAR-2026,Y,TESLA,Model Y,2026,ADS,Verified Engaged,Tesla Inc,SEP-2025,13:08,Austin,TX,Intersection,Animal,No Injured Reported,Yes,raw/SGO/SGO-2021-01_Incident_Reports_ADS.csv
13781-11986,1,"Tesla, Inc.",5-Day,,,OCT-2025,Y,TESLA,Model Y,2026,ADS,Verified Engaged,Tesla Inc,OCT-2025,01:28,Austin,TX,Street,"Other, see Narrative",No Injured Reported,"[REDACTED, MAY CONTAIN CONFIDENTIAL BUSINESS INFORMATION]",raw/SGO/SGO-2021-01_Incident_Reports_ADS.csv
13781-11986,2,"Tesla, Inc.",Update,,,DEC-2025,Y,TESLA,Model Y,2026,ADS,Verified Engaged,Tesla Inc,OCT-2025,01:28,Austin,TX,Street,"Other, see Narrative",Property Damage. No Injured Reported,"[REDACTED, MAY CONTAIN CONFIDENTIAL BUSINESS INFORMATION]",raw/SGO/SGO-2021-01_Incident_Reports_ADS.csv
13781-11986,3,"Tesla, Inc.",Update,,,MAR-2026,Y,TESLA,Model Y,2026,ADS,Verified Engaged,Tesla Inc,OCT-2025,01:28,Austin,TX,Street,"Other, see Narrative",Property Damage. No Injured Reported,Yes,raw/SGO/SGO-2021-01_Incident_Reports_ADS.csv
13781-13237,1,"Tesla, Inc.",5-Day,,,NOV-2025,Y,TESLA,Model Y,2026,ADS,Verified Engaged,Tesla Inc,NOV-2025,22:24,Austin,TX,Street,"Other, see Narrative",No Injured Reported,"[REDACTED, MAY CONTAIN CONFIDENTIAL BUSINESS INFORMATION]",raw/SGO/SGO-2021-01_Incident_Reports_ADS.csv
13781-13237,2,"Tesla, Inc.",Update,,,MAR-2026,Y,TESLA,Model Y,2026,ADS,Verified Engaged,Tesla Inc,NOV-2025,22:24,Austin,TX,Street,"Other, see Narrative",No Injured Reported,Yes,raw/SGO/SGO-2021-01_Incident_Reports_ADS.csv
13781-13644,1,"Tesla, Inc.",Monthly,1,2026,JAN-2026,Y,TESLA,Model Y,2026,ADS,Verified Engaged,Tesla Inc,JAN-2026,14:38,Austin,TX,Street,Heavy Truck,Property Damage. No Injured Reported,"[REDACTED, MAY CONTAIN CONFIDENTIAL BUSINESS INFORMATION]",raw/SGO/SGO-2021-01_Incident_Reports_ADS.csv
13781-13644,2,"Tesla, Inc.",Update,,,MAR-2026,Y,TESLA,Model Y,2026,ADS,Verified Engaged,Tesla Inc,JAN-2026,14:38,Austin,TX,Street,Heavy Truck,Property Damage. No Injured Reported,Yes,raw/SGO/SGO-2021-01_Incident_Reports_ADS.csv
13781-13645,1,"Tesla, Inc.",Monthly,1,2026,JAN-2026,Y,TESLA,Model Y,2026,ADS,Verified Engaged,Tesla Inc,JAN-2026,16:56,Austin,TX,Parking Lot,Pole / Tree,Property Damage. No Injured Reported,"[REDACTED, MAY CONTAIN CONFIDENTIAL BUSINESS INFORMATION]",raw/SGO/SGO-2021-01_Incident_Reports_ADS.csv
13781-13645,2,"Tesla, Inc.",Update,,,MAR-2026,Y,TESLA,Model Y,2026,ADS,Verified Engaged,Tesla Inc,JAN-2026,16:56,Austin,TX,Parking Lot,Pole / Tree,Property Damage. No Injured Reported,Yes,raw/SGO/SGO-2021-01_Incident_Reports_ADS.csv
13781-13646,1,"Tesla, Inc.",Monthly,1,2026,JAN-2026,Y,TESLA,Model Y,2026,ADS,Verified Engaged,Tesla Inc,JAN-2026,02:23,Austin,TX,Parking Lot,Other Fixed Object,Property Damage. No Injured Reported,"[REDACTED, MAY CONTAIN CONFIDENTIAL BUSINESS INFORMATION]",raw/SGO/SGO-2021-01_Incident_Reports_ADS.csv
13781-13646,2,"Tesla, Inc.",Update,,,MAR-2026,Y,TESLA,Model Y,2026,ADS,Verified Engaged,Tesla Inc,JAN-2026,02:23,Austin,TX,Parking Lot,Other Fixed Object,Property Damage. No Injured Reported,Yes,raw/SGO/SGO-2021-01_Incident_Reports_ADS.csv
13781-13647,1,"Tesla, Inc.",Monthly,1,2026,JAN-2026,Y,TESLA,Model Y,2026,ADS,Verified Engaged,Tesla Inc,DEC-2025,22:20,Austin,TX,Street,Other Fixed Object,Property Damage. No Injured Reported,"[REDACTED, MAY CONTAIN CONFIDENTIAL BUSINESS INFORMATION]",raw/SGO/SGO-2021-01_Incident_Reports_ADS.csv
13781-13647,2,"Tesla, Inc.",Update,,,MAR-2026,Y,TESLA,Model Y,2026,ADS,Verified Engaged,Tesla Inc,DEC-2025,22:20,Austin,TX,Street,Other Fixed Object,Property Damage. No Injured Reported,Yes,raw/SGO/SGO-2021-01_Incident_Reports_ADS.csv
13781-13648,1,"Tesla, Inc.",Monthly,1,2026,JAN-2026,Y,TESLA,Model Y,2026,ADS,Verified Engaged,Tesla Inc,JAN-2026,02:36,Austin,TX,Street,Bus,Property Damage. No Injured Reported,"[REDACTED, MAY CONTAIN CONFIDENTIAL BUSINESS INFORMATION]",raw/SGO/SGO-2021-01_Incident_Reports_ADS.csv
13781-13648,2,"Tesla, Inc.",Update,,,MAR-2026,Y,TESLA,Model Y,2026,ADS,Verified Engaged,Tesla Inc,JAN-2026,02:36,Austin,TX,Street,Bus,Property Damage. No Injured Reported,Yes,raw/SGO/SGO-2021-01_Incident_Reports_ADS.csv
13781-14043,1,"Tesla, Inc.",Monthly,2,2026,FEB-2026,Y,TESLA,Model Y,2026,ADS,Verified Engaged,Tesla Inc,JAN-2026,03:44,Austin,TX,Street,Other Fixed Object,Property Damage. No Injured Reported,"[REDACTED, MAY CONTAIN CONFIDENTIAL BUSINESS INFORMATION]",raw/SGO/SGO-2021-01_Incident_Reports_ADS.csv
13781-14043,2,"Tesla, Inc.",Update,,,MAR-2026,Y,TESLA,Model Y,2026,ADS,Verified Engaged,Tesla Inc,JAN-2026,03:44,Austin,TX,Street,Other Fixed Object,Property Damage. No Injured Reported,Yes,raw/SGO/SGO-2021-01_Incident_Reports_ADS.csv
13781-14630,1,"Tesla, Inc.",Monthly,4,2026,APR-2026,Y,TESLA,Model Y,2026,ADS,Verified Engaged,Tesla Inc,MAR-2026,12:42,Austin,TX,Street,Pickup Truck,Property Damage. No Injured Reported,Yes,raw/SGO/SGO-2021-01_Incident_Reports_ADS.csv
13781-14631,1,"Tesla, Inc.",Monthly,4,2026,APR-2026,Y,TESLA,Model Y,2026,ADS,Verified Engaged,Tesla Inc,MAR-2026,12:34,Austin,TX,Street,Passenger Car,Property Damage. No Injured Reported,Yes,raw/SGO/SGO-2021-01_Incident_Reports_ADS.csv
13781-15017,1,"Tesla, Inc.",Monthly,5,2026,MAY-2026,Y,TESLA,Model Y,2026,ADS,Verified Engaged,Tesla Inc,APR-2026,13:05,Austin,TX,Street,Pickup Truck,Property Damage. No Injured Reported,Yes,raw/SGO/SGO-2021-01_Incident_Reports_ADS.csv
13781-15342,1,"Tesla, Inc.",5-Day,,,JUN-2026,Y,TESLA,Model Y,2026,ADS,Verified Engaged,Tesla Inc,JUN-2026,14:32,Austin,TX,Parking Lot,SUV,Property Damage. No Injured Reported,Yes,raw/SGO/SGO-2021-01_Incident_Reports_ADS.csv
13781-15395,1,"Tesla, Inc.",Monthly,6,2026,JUN-2026,Y,TESLA,Model Y,2026,ADS,Verified Engaged,Tesla Inc,MAY-2026,14:26,Houston,TX,Street,Pole / Tree,Property Damage. No Injured Reported,Yes,raw/SGO/SGO-2021-01_Incident_Reports_ADS.csv
13781-15399,1,"Tesla, Inc.",Monthly,6,2026,JUN-2026,Y,TESLA,Model Y,2026,ADS,Verified Engaged,Tesla Inc,MAY-2026,14:19,Dallas,TX,Parking Lot,Other Fixed Object,Property Damage. No Injured Reported,Yes,raw/SGO/SGO-2021-01_Incident_Reports_ADS.csv
13781-15400,1,"Tesla, Inc.",Monthly,6,2026,JUN-2026,Y,TESLA,Model Y,2026,ADS,Verified Engaged,Tesla Inc,MAY-2026,14:24,Austin,TX,Street,Heavy Truck,Property Damage. No Injured Reported,Yes,raw/SGO/SGO-2021-01_Incident_Reports_ADS.csv
13781-15808,1,"Tesla, Inc.",Monthly,7,2026,JUL-2026,Y,TESLA,Model Y,2026,ADS,Verified Engaged,Tesla Inc,JUN-2026,20:58,Dallas,TX,Street,Passenger Car,Property Damage. No Injured Reported,Yes,raw/SGO/SGO-2021-01_Incident_Reports_ADS.csv
13781-15809,1,"Tesla, Inc.",Monthly,7,2026,JUL-2026,Y,TESLA,Model Y,2026,ADS,Verified Engaged,Tesla Inc,JUN-2026,15:17,Austin,TX,Intersection,SUV,Property Damage. No Injured Reported,Yes,raw/SGO/SGO-2021-01_Incident_Reports_ADS.csv
13781-16255,1,"Tesla, Inc.",Monthly,8,2026,AUG-2026,Y,TESLA,Model Y,2026,ADS,Verified Engaged,Tesla Inc,JUL-2026,22:34,Austin,TX,Parking Lot,Other Fixed Object,Property Damage. No Injured Reported,Yes,raw/SGO/SGO-2021-01_Incident_Reports_ADS.csv
13781-16256,1,"Tesla, Inc.",5-Day,,,AUG-2026,Y,TESLA,Model Y,2026,ADS,Verified Engaged,Tesla Inc,JUL-2026,00:57,Austin,TX,Parking Lot,Other Fixed Object,Property Damage. No Injured Reported,Yes,raw/SGO/SGO-2021-01_Incident_Reports_ADS.csv
1420-7081,1,"Volkswagen Group of America, Inc.",Monthly,2,2024,FEB-2024,,Volkswagen,ID.Buzz,2023,ADS,,ADMT- VWGoA,JAN-2024,9:00,Austin,TX,Intersection,Passenger Car,No Injuries Reported,Yes,raw/SGO/SGO-2021-01_Incident_Reports_ADS (1).csv
1420-7244,1,"Volkswagen Group of America, Inc.",Monthly,3,2024,MAR-2024,,Volkswagen,ID.Buzz,2023,ADS,,ADMT- VWGoA,FEB-2024,11:20,Austin,TX,Intersection,Passenger Car,No Injuries Reported,Yes,raw/SGO/SGO-2021-01_Incident_Reports_ADS (1).csv
1420-7671,1,"Volkswagen Group of America, Inc.",Monthly,5,2024,MAY-2024,,Volkswagen,ID.Buzz,2023,ADS,,ADMT- VWGoA,APR-2024,10:20,Austin,TX,Street,Passenger Car,No Injuries Reported,Yes,raw/SGO/SGO-2021-01_Incident_Reports_ADS (1).csv
1420-7914,1,"Volkswagen Group of America, Inc.",Monthly,6,2024,JUN-2024,,Volkswagen,ID.Buzz,2023,ADS,,ADMT - VWGoA,MAY-2024,14:23,Austin,TX,Parking Lot,Passenger Car,No Injuries Reported,Yes,raw/SGO/SGO-2021-01_Incident_Reports_ADS (1).csv
1420-7995,1,"Volkswagen Group of America, Inc.",Monthly,7,2024,JUL-2024,,Volkswagen,ID.Buzz,2023,ADS,,VWGoA- ADMT,JUN-2024,12:54,Austin,TX,Street,SUV,No Injuries Reported,Yes,raw/SGO/SGO-2021-01_Incident_Reports_ADS (1).csv
1422-4087,1,"Volvo Car USA, LLC",1-Day,,,OCT-2022,,Polestar,Polestar 2,2022,ADAS,,Polestar,OCT-2022,08:23,,FL,Highway / Freeway,Other Fixed Object,No Injuries Reported,"Unknown, see Narrative",raw/SGO/SGO-2021-01_Incident_Reports_ADS (1).csv
1422-4087,2,"Volvo Car USA, LLC",10-Day Update,,,OCT-2022,,Polestar,Polestar 2,2022,ADAS,,Polestar,OCT-2022,08:23,,FL,Highway / Freeway,Other Fixed Object,No Injuries Reported,"Unknown, see Narrative",raw/SGO/SGO-2021-01_Incident_Reports_ADS (1).csv
1712-2474,1,"Robert Bosch, LLC",1-Day,,,MAR-2022,,EQS,450 4matic,,ADS,,MBUS,MAR-2022,08:50,Los Angelas,CA,Parking Lot,Unknown,Minor,"Unknown, see Narrative",raw/SGO/SGO-2021-01_Incident_Reports_ADS (1).csv
1712-2474,2,"Robert Bosch, LLC",Update,,,MAR-2022,,EQS,450 4matic,,ADS,,MBUS,MAR-2022,08:50,Los Angeles,CA,Parking Lot,Unknown,Minor,"Unknown, see Narrative",raw/SGO/SGO-2021-01_Incident_Reports_ADS (1).csv
273-2632,1,"Chrysler (FCA US, LLC)",1-Day,,,APR-2022,,Jeep,Grand Cherokee,2022,ADAS,,,APR-2022,03:30,Saint Clair,MI,Unknown,Other Fixed Object,No Injuries Reported,"Unknown, see Narrative",raw/SGO/SGO-2021-01_Incident_Reports_ADS (1).csv
273-2632,2,"Chrysler (FCA US, LLC)",10-Day Update,,,APR-2022,,Jeep,Grand Cherokee,2022,ADAS,,,APR-2022,03:30,Saint Clair,MI,Unknown,Other Fixed Object,No Injuries Reported,"Unknown, see Narrative",raw/SGO/SGO-2021-01_Incident_Reports_ADS (1).csv
28349-5694,1,"Lucid USA, Inc.",1-Day,,,JUN-2023,,Lucid,Air Touring,2023,ADAS,,,JUN-2023,14:59,Foster,RI,Highway / Freeway,Pickup Truck,Unknown,Yes,raw/SGO/SGO-2021-01_Incident_Reports_ADS (1).csv
28349-5694,2,"Lucid USA, Inc.",Update,,,JUN-2023,,Lucid,Air Touring,2023,ADAS,,,JUN-2023,14:59,Foster,RI,Highway / Freeway,Pickup Truck,Unknown,Yes,raw/SGO/SGO-2021-01_Incident_Reports_ADS (1).csv
28349-5694,3,"Lucid USA, Inc.",10-Day Update,,,JUN-2023,,Lucid,Air Touring,2023,ADAS,,,JUN-2023,14:59,Foster,RI,Highway / Freeway,Pickup Truck,Unknown,Yes,raw/SGO/SGO-2021-01_Incident_Reports_ADS (1).csv
28349-5694,4,"Lucid USA, Inc.",Update,,,JUL-2023,,Lucid,Air Touring,2023,ADAS,,,JUN-2023,14:59,Foster,RI,Highway / Freeway,Pickup Truck,Unknown,Yes,raw/SGO/SGO-2021-01_Incident_Reports_ADS (1).csv
28349-5694,5,"Lucid USA, Inc.",Update,,,JUL-2024,,Lucid,Air Touring,2023,ADAS,,,JUN-2023,14:59,Foster,RI,Highway / Freeway,Pickup Truck,Unknown,Yes,raw/SGO/SGO-2021-01_Incident_Reports_ADS (1).csv
30270-1,1,Waymo LLC,1-Day,,,JUL-2021,,Chrysler,Pacifica,2017,ADS,,Waymo LLC,JUL-2021,15:10,San Francisco,CA,Intersection,Van,No Injuries Reported,Yes,raw/SGO/SGO-2021-01_Incident_Reports_ADS (1).csv
30270-1,2,Waymo LLC,10-Day Update,,,JUL-2021,,Chrysler,Pacifica,2017,ADS,,Waymo LLC,JUL-2021,15:10,San Francisco,CA,Intersection,Van,No Injuries Reported,Yes,raw/SGO/SGO-2021-01_Incident_Reports_ADS (1).csv
30270-10004,1,Waymo LLC,Monthly,1,2025,FEB-2025,,Jaguar,I-Pace,2024,ADS,,Waymo LLC,DEC-2024,20:51,San Francisco,CA,Street,Passenger Car,No Injuries Reported,Yes,raw/SGO/SGO-2021-01_Incident_Reports_ADS (1).csv
30270-10006,1,Waymo LLC,5-Day,,,FEB-2025,,Jaguar,I-PACE,2021,ADS,,Waymo LLC,FEB-2025,19:26,Phoenix,AZ,Street,"Other, see Narrative",No Injuries Reported,Yes,raw/SGO/SGO-2021-01_Incident_Reports_ADS (1).csv
30270-10007,1,Waymo LLC,5-Day,,,FEB-2025,,Jaguar,I-PACE,2024,ADS,,Waymo LLC,FEB-2025,01:04,San Francisco,CA,Street,"Other, see Narrative",No Injuries Reported,Yes,raw/SGO/SGO-2021-01_Incident_Reports_ADS (1).csv
30270-10042,1,Waymo LLC,1-Day,,,FEB-2025,,Jaguar,I-PACE,2024,ADS,,Waymo LLC,FEB-2025,08:02,Phoenix,AZ,Parking Lot,"Other, see Narrative",No Injuries Reported,Yes,raw/SGO/SGO-2021-01_Incident_Reports_ADS (1).csv
30270-10042,2,Waymo LLC,10-Day Update,,,MAR-2025,,Jaguar,I-PACE,2024,ADS,,Waymo LLC,FEB-2025,08:02,Phoenix,AZ,Parking Lot,"Other, see Narrative",No Injuries Reported,Yes,raw/SGO/SGO-2021-01_Incident_Reports_ADS (1).csv
30270-10046,1,Waymo LLC,Monthly,2,2025,MAR-2025,,Jaguar,I-PACE,2024,ADS,,Waymo LLC,FEB-2025,20:08,Santa Monica,CA,Intersection,Passenger Car,No Injuries Reported,Yes,raw/SGO/SGO-2021-01_Incident_Reports_ADS (1).csv
30270-10047,1,Waymo LLC,Monthly,2,2025,MAR-2025,,Jaguar,I-PACE,2024,ADS,,Waymo LLC,FEB-2025,18:43,San Francisco,CA,Street,SUV,No Injuries Reported,Yes,raw/SGO/SGO-2021-01_Incident_Reports_ADS (1).csv
30270-10048,1,Waymo LLC,Monthly,2,2025,MAR-2025,,Jaguar,I-PACE,2021,ADS,,Waymo LLC,FEB-2025,22:59,Tempe,AZ,Intersection,Passenger Car,No Injuries Reported,Yes,raw/SGO/SGO-2021-01_Incident_Reports_ADS (1).csv
30270-10049,1,Waymo LLC,Monthly,2,2025,MAR-2025,,Jaguar,I-PACE,2024,ADS,,Waymo LLC,FEB-2025,13:59,San Francisco,CA,Street,Heavy Truck,No Injuries Reported,Yes,raw/SGO/SGO-2021-01_Incident_Reports_ADS (1).csv
30270-10050,1,Waymo LLC,Monthly,2,2025,MAR-2025,,Jaguar,I-PACE,2024,ADS,,Waymo LLC,FEB-2025,07:07,San Francisco,CA,Street,Passenger Car,No Injuries Reported,Yes,raw/SGO/SGO-2021-01_Incident_Reports_ADS (1).csv
30270-10052,1,Waymo LLC,Monthly,2,2025,MAR-2025,,Jaguar,I-PACE,2024,ADS,,Waymo LLC,FEB-2025,16:01,Mountain View,CA,Intersection,Passenger Car,No Injuries Reported,Yes,raw/SGO/SGO-2021-01_Incident_Reports_ADS (1).csv
30270-10053,1,Waymo LLC,Monthly,2,2025,MAR-2025,,Jaguar,I-PACE,2024,ADS,,Waymo LLC,FEB-2025,07:26,San Francisco,CA,Street,Passenger Car,No Injuries Reported,Yes,raw/SGO/SGO-2021-01_Incident_Reports_ADS (1).csv
30270-10054,1,Waymo LLC,1-Day,,,FEB-2025,,Jaguar,I-PACE,2024,ADS,,Waymo LLC,FEB-2025,08:12,Los Angeles,CA,Street,Non-Motorist: Other,No Injuries Reported,Yes,raw/SGO/SGO-2021-01_Incident_Reports_ADS (1).csv
30270-10054,2,Waymo LLC,10-Day Update,,,MAR-2025,,Jaguar,I-PACE,2024,ADS,,Waymo LLC,FEB-2025,08:12,Los Angeles,CA,Street,Non-Motorist: Other,No Injuries Reported,Yes,raw/SGO/SGO-2021-01_Incident_Reports_ADS (1).csv
30270-10057,1,Waymo LLC,Monthly,2,2025,MAR-2025,,Jaguar,I-PACE,2024,ADS,,Waymo LLC,FEB-2025,23:58,San Francisco,CA,Street,Passenger Car,Minor,Yes,raw/SGO/SGO-2021-01_Incident_Reports_ADS (1).csv
30270-10058,1,Waymo LLC,Monthly,2,2025,MAR-2025,,Jaguar,I-PACE,2024,ADS,,Waymo LLC,FEB-2025,22:03,San Francisco,CA,Intersection,Passenger Car,No Injuries Reported,Yes,raw/SGO/SGO-2021-01_Incident_Reports_ADS (1).csv
30270-10059,1,Waymo LLC,5-Day,,,FEB-2025,,Jaguar,I-PACE,2024,ADS,,Waymo LLC,FEB-2025,09:17,Phoenix,AZ,Street,SUV,No Injuries Reported,Yes,raw/SGO/SGO-2021-01_Incident_Reports_ADS (1).csv
30270-10060,1,Waymo LLC,5-Day,,,FEB-2025,,Jaguar,I-PACE,2024,ADS,,Waymo LLC,FEB-2025,19:22,Beverly Hills,CA,Street,SUV,No Injuries Reported,Yes,raw/SGO/SGO-2021-01_Incident_Reports_ADS (1).csv
30270-10067,1,Waymo LLC,Monthly,2,2025,MAR-2025,,Jaguar,I-PACE,2024,ADS,,Waymo LLC,FEB-2025,11:35,San Francisco,CA,Street,Passenger Car,No Injuries Reported,Yes,raw/SGO/SGO-2021-01_Incident_Reports_ADS (1).csv
30270-10075,1,Waymo LLC,1-Day,,,FEB-2025,,Jaguar,I-PACE,2024,ADS,,Waymo LLC,FEB-2025,09:06,San Francisco,CA,Street,Non-Motorist: Cyclist,No Injuries Reported,Yes,raw/SGO/SGO-2021-01_Incident_Reports_ADS (1).csv
30270-10075,2,Waymo LLC,10-Day Update,,,MAR-2025,,Jaguar,I-PACE,2024,ADS,,Waymo LLC,FEB-2025,09:06,San Francisco,CA,Street,Non-Motorist: Cyclist,No Injuries Reported,Yes,raw/SGO/SGO-2021-01_Incident_Reports_ADS (1).csv
30270-10076,1,Waymo LLC,Monthly,2,2025,MAR-2025,,Jaguar,I-PACE,2021,ADS,,Waymo LLC,FEB-2025,13:49,San Francisco,CA,Street,"Other, see Narrative",No Injuries Reported,Yes,raw/SGO/SGO-2021-01_Incident_Reports_ADS (1).csv
30270-10077,1,Waymo LLC,Monthly,2,2025,MAR-2025,,Jaguar,I-PACE,2024,ADS,,Waymo LLC,FEB-2025,07:02,Los Angeles,CA,Street,SUV,No Injuries Reported,Yes,raw/SGO/SGO-2021-01_Incident_Reports_ADS (1).csv
30270-10078,1,Waymo LLC,Monthly,2,2025,MAR-2025,,Jaguar,I-PACE,2024,ADS,,Waymo LLC,FEB-2025,14:36,San Francisco,CA,Intersection,SUV,No Injuries Reported,Yes,raw/SGO/SGO-2021-01_Incident_Reports_ADS (1).csv
30270-10079,1,Waymo LLC,Monthly,2,2025,MAR-2025,,Jaguar,I-PACE,2024,ADS,,Waymo LLC,FEB-2025,13:59,San Francisco,CA,Street,Passenger Car,No Injuries Reported,Yes,raw/SGO/SGO-2021-01_Incident_Reports_ADS (1).csv
30270-10080,1,Waymo LLC,5-Day,,,FEB-2025,,Jaguar,I-PACE,2021,ADS,,Waymo LLC,FEB-2025,09:12,San Francisco,CA,Street,Heavy Truck,No Injuries Reported,Yes,raw/SGO/SGO-2021-01_Incident_Reports_ADS (1).csv
30270-10081,1,Waymo LLC,Monthly,2,2025,MAR-2025,,Jaguar,I-PACE,2024,ADS,,Waymo LLC,FEB-2025,18:22,Los Angeles,CA,Traffic Circle,Bus,No Injuries Reported,Yes,raw/SGO/SGO-2021-01_Incident_Reports_ADS (1).csv
30270-10082,1,Waymo LLC,Monthly,2,2025,MAR-2025,,Jaguar,I-PACE,2024,ADS,,Waymo LLC,FEB-2025,17:11,Scottsdale,AZ,Street,SUV,No Injuries Reported,Yes,raw/SGO/SGO-2021-01_Incident_Reports_ADS (1).csv
30270-10083,1,Waymo LLC,Monthly,2,2025,MAR-2025,,Jaguar,I-PACE,2024,ADS,,Waymo LLC,FEB-2025,11:43,Los Angeles,CA,Intersection,Passenger Car,Minor,Yes,raw/SGO/SGO-2021-01_Incident_Reports_ADS (1).csv
30270-10085,1,Waymo LLC,Monthly,2,2025,MAR-2025,,Jaguar,I-PACE,2021,ADS,,Waymo LLC,FEB-2025,21:02,Phoenix,AZ,Street,Passenger Car,No Injuries Reported,Yes,raw/SGO/SGO-2021-01_Incident_Reports_ADS (1).csv
30270-10086,1,Waymo LLC,5-Day,,,MAR-2025,,Jaguar,I-PACE,2024,ADS,,Waymo LLC,FEB-2025,21:07,Inglewood,CA,Street,Passenger Car,No Injuries Reported,Yes,raw/SGO/SGO-2021-01_Incident_Reports_ADS (1).csv
30270-10087,1,Waymo LLC,Monthly,2,2025,MAR-2025,,Jaguar,I-PACE,2021,ADS,,Waymo LLC,FEB-2025,23:43,Phoenix,AZ,Street,"Other, see Narrative",No Injuries Reported,Yes,raw/SGO/SGO-2021-01_Incident_Reports_ADS (1).csv
30270-10089,1,Waymo LLC,Monthly,2,2025,MAR-2025,,Jaguar,I-PACE,2024,ADS,,Waymo LLC,JAN-2025,21:14,Los Angeles,CA,Street,SUV,Minor,Yes,raw/SGO/SGO-2021-01_Incident_Reports_ADS (1).csv
30270-10090,1,Waymo LLC,Monthly,2,2025,MAR-2025,,Jaguar,I-PACE,2024,ADS,,Waymo LLC,FEB-2025,22:54,Los Angeles,CA,Street,Passenger Car,No Injuries Reported,Yes,raw/SGO/SGO-2021-01_Incident_Reports_ADS (1).csv
30270-10091,1,Waymo LLC,Monthly,2,2025,MAR-2025,,Jaguar,I-PACE,2021,ADS,,Waymo LLC,FEB-2025,20:35,Phoenix,AZ,Intersection,SUV,No Injuries Reported,Yes,raw/SGO/SGO-2021-01_Incident_Reports_ADS (1).csv
30270-10109,1,Waymo LLC,5-Day,,,MAR-2025,,Jaguar,I-PACE,2024,ADS,,Waymo LLC,FEB-2025,11:52,Phoenix,AZ,Street,SUV,No Injuries Reported,Yes,raw/SGO/SGO-2021-01_Incident_Reports_ADS (1).csv
30270-10112,1,Waymo LLC,1-Day,,,MAR-2025,,Jaguar,I-PACE,2024,ADS,,Waymo LLC,FEB-2025,03:39,Phoenix,AZ,Street,Passenger Car,Serious,Yes,raw/SGO/SGO-2021-01_Incident_Reports_ADS (1).csv
30270-10112,2,Waymo LLC,10-Day Update,,,MAR-2025,,Jaguar,I-PACE,2024,ADS,,Waymo LLC,FEB-2025,03:39,Phoenix,AZ,Street,Passenger Car,Serious,Yes,raw/SGO/SGO-2021-01_Incident_Reports_ADS (1).csv
30270-10117,1,Waymo LLC,5-Day,,,MAR-2025,,Jaguar,I-PACE,2024,ADS,,Waymo LLC,FEB-2025,19:57,Los Angeles,CA,Street,Passenger Car,No Injuries Reported,Yes,raw/SGO/SGO-2021-01_Incident_Reports_ADS (1).csv
30270-10118,1,Waymo LLC,5-Day,,,MAR-2025,,Jaguar,I-PACE,2024,ADS,,Waymo LLC,MAR-2025,13:14,Los Angeles,CA,Street,Heavy Truck,No Injuries Reported,Yes,raw/SGO/SGO-2021-01_Incident_Reports_ADS (1).csv
30270-10123,1,Waymo LLC,5-Day,,,MAR-2025,,Jaguar,I-PACE,2024,ADS,,Waymo LLC,FEB-2025,17:26,Phoenix,AZ,Street,Passenger Car,No Injuries Reported,Yes,raw/SGO/SGO-2021-01_Incident_Reports_ADS (1).csv
30270-10127,1,Waymo LLC,5-Day,,,MAR-2025,,Jaguar,I-PACE,2024,ADS,,Waymo LLC,MAR-2025,12:25,San Francisco,CA,Street,Passenger Car,No Injuries Reported,Yes,raw/SGO/SGO-2021-01_Incident_Reports_ADS (1).csv
30270-10129,1,Waymo LLC,Monthly,2,2025,MAR-2025,,Jaguar,I-PACE,2024,ADS,,Waymo LLC,FEB-2025,14:56,Santa Monica,CA,Street,SUV,No Injuries Reported,Yes,raw/SGO/SGO-2021-01_Incident_Reports_ADS (1).csv
30270-10130,1,Waymo LLC,Monthly,2,2025,MAR-2025,,Jaguar,I-PACE,2024,ADS,,Waymo LLC,FEB-2025,16:31,San Francisco,CA,Street,Van,No Injuries Reported,Yes,raw/SGO/SGO-2021-01_Incident_Reports_ADS (1).csv
30270-10131,1,Waymo LLC,Monthly,2,2025,MAR-2025,,Jaguar,I-PACE,2024,ADS,,Waymo LLC,FEB-2025,17:09,San Francisco,CA,Parking Lot,SUV,No Injuries Reported,Yes,raw/SGO/SGO-2021-01_Incident_Reports_ADS (1).csv
30270-10134,1,Waymo LLC,Monthly,2,2025,MAR-2025,,Jaguar,I-PACE,2024,ADS,,Waymo LLC,FEB-2025,18:16,Phoenix,AZ,Parking Lot,Pickup Truck,No Injuries Reported,Yes,raw/SGO/SGO-2021-01_Incident_Reports_ADS (1).csv
30270-10135,1,Waymo LLC,Monthly,2,2025,MAR-2025,,Jaguar,I-PACE,2024,ADS,,Waymo LLC,FEB-2025,14:58,San Francisco,CA,Street,Van,No Injuries Reported,Yes,raw/SGO/SGO-2021-01_Incident_Reports_ADS (1).csv
30270-10136,1,Waymo LLC,Monthly,2,2025,MAR-2025,,Jaguar,I-PACE,2024,ADS,,Waymo LLC,FEB-2025,08:51,Austin,TX,Street,SUV,No Injuries Reported,Yes,raw/SGO/SGO-2021-01_Incident_Reports_ADS (1).csv
30270-10137,1,Waymo LLC,Monthly,2,2025,MAR-2025,,Jaguar,I-PACE,2024,ADS,,Waymo LLC,FEB-2025,07:05,San Francisco,CA,Street,Passenger Car,No Injuries Reported,Yes,raw/SGO/SGO-2021-01_Incident_Reports_ADS (1).csv
30270-10138,1,Waymo LLC,Monthly,2,2025,MAR-2025,,Jaguar,I-PACE,2021,ADS,,Waymo LLC,FEB-2025,18:34,Phoenix,AZ,Street,Passenger Car,No Injuries Reported,Yes,raw/SGO/SGO-2021-01_Incident_Reports_ADS (1).csv
30270-10139,1,Waymo LLC,Monthly,2,2025,MAR-2025,,Jaguar,I-PACE,2024,ADS,,Waymo LLC,FEB-2025,10:39,Austin,TX,Street,Pickup Truck,No Injuries Reported,Yes,raw/SGO/SGO-2021-01_Incident_Reports_ADS (1).csv
30270-10140,1,Waymo LLC,Monthly,2,2025,MAR-2025,,Jaguar,I-PACE,2024,ADS,,Waymo LLC,FEB-2025,09:34,Phoenix,AZ,Street,SUV,No Injuries Reported,Yes,raw/SGO/SGO-2021-01_Incident_Reports_ADS (1).csv
30270-10141,1,Waymo LLC,Monthly,2,2025,MAR-2025,,Jaguar,I-PACE,2021,ADS,,Waymo LLC,FEB-2025,22:28,Phoenix,AZ,Parking Lot,SUV,No Injuries Reported,Yes,raw/SGO/SGO-2021-01_Incident_Reports_ADS (1).csv
30270-10142,1,Waymo LLC,Monthly,2,2025,MAR-2025,,Jaguar,I-PACE,2024,ADS,,Waymo LLC,FEB-2025,08:23,Austin,TX,Intersection,SUV,No Injuries Reported,Yes,raw/SGO/SGO-2021-01_Incident_Reports_ADS (1).csv
30270-10143,1,Waymo LLC,Monthly,2,2025,MAR-2025,,Jaguar,I-PACE,2024,ADS,,Waymo LLC,FEB-2025,12:23,San Francisco,CA,Street,Passenger Car,No Injuries Reported,Yes,raw/SGO/SGO-2021-01_Incident_Reports_ADS (1).csv
30270-10145,1,Waymo LLC,5-Day,,,MAR-2025,,Jaguar,I-PACE,2024,ADS,,Waymo LLC,MAR-2025,11:03,Phoenix,AZ,Street,Passenger Car,No Injuries Reported,Yes,raw/SGO/SGO-2021-01_Incident_Reports_ADS (1).csv
30270-10147,1,Waymo LLC,5-Day,,,MAR-2025,,Jaguar,I-PACE,2024,ADS,,Waymo LLC,MAR-2025,21:47,Austin,TX,Street,Pickup Truck,No Injuries Reported,Yes,raw/SGO/SGO-2021-01_Incident_Reports_ADS (1).csv
30270-10148,1,Waymo LLC,Monthly,2,2025,MAR-2025,,Jaguar,I-PACE,2024,ADS,,Waymo LLC,FEB-2025,16:13,Atlanta,GA,Street,SUV,No Injuries Reported,Yes,raw/SGO/SGO-2021-01_Incident_Reports_ADS (1).csv
30270-10174,1,Waymo LLC,5-Day,,,MAR-2025,,Jaguar,I-PACE,2021,ADS,,Waymo LLC,MAR-2025,11:24,Phoenix,AZ,Street,SUV,Minor,Yes,raw/SGO/SGO-2021-01_Incident_Reports_ADS (1).csv
30270-10174,2,Waymo LLC,Update,,,MAR-2025,,Jaguar,I-PACE,2021,ADS,,Waymo LLC,MAR-2025,11:24,Phoenix,AZ,Street,SUV,Minor,Yes,raw/SGO/SGO-2021-01_Incident_Reports_ADS (1).csv
30270-10175,1,Waymo LLC,5-Day,,,MAR-2025,,Jaguar,I-PACE,2024,ADS,,Waymo LLC,MAR-2025,17:43,Phoenix,AZ,Street,SUV,No Injuries Reported,Yes,raw/SGO/SGO-2021-01_Incident_Reports_ADS (1).csv
30270-10182,1,Waymo LLC,1-Day,,,MAR-2025,,Jaguar,I-PACE,2024,ADS,,Waymo LLC,MAR-2025,13:47,San Francisco,CA,Intersection,SUV,No Injuries Reported,Yes,raw/SGO/SGO-2021-01_Incident_Reports_ADS (1).csv
30270-10182,2,Waymo LLC,10-Day Update,,,MAR-2025,,Jaguar,I-PACE,2024,ADS,,Waymo LLC,MAR-2025,13:47,San Francisco,CA,Intersection,SUV,No Injuries Reported,Yes,raw/SGO/SGO-2021-01_Incident_Reports_ADS (1).csv
30270-10184,1,Waymo LLC,1-Day,,,MAR-2025,,Jaguar,I-Pace,2024,ADS,,Waymo LLC,MAR-2025,23:52,Tempe,AZ,Parking Lot,Passenger Car,No Injuries Reported,Yes,raw/SGO/SGO-2021-01_Incident_Reports_ADS (1).csv
30270-10184,2,Waymo LLC,10-Day Update,,,MAR-2025,,Jaguar,I-Pace,2024,ADS,,Waymo LLC,MAR-2025,23:52,Tempe,AZ,Parking Lot,Passenger Car,No Injuries Reported,Yes,raw/SGO/SGO-2021-01_Incident_Reports_ADS (1).csv
30270-10196,1,Waymo LLC,5-Day,,,MAR-2025,,Jaguar,I-PACE,2021,ADS,,Waymo LLC,MAR-2025,11:48,Scottsdale,AZ,Street,Passenger Car,No Injuries Reported,Yes,raw/SGO/SGO-2021-01_Incident_Reports_ADS (1).csv
30270-10215,1,Waymo LLC,Monthly,2,2025,MAR-2025,,Jaguar,I-PACE,2021,ADS,,Waymo LLC,FEB-2025,05:41,Tempe,AZ,Intersection,Heavy Truck,No Injuries Reported,Yes,raw/SGO/SGO-2021-01_Incident_Reports_ADS (1).csv
30270-10216,1,Waymo LLC,Monthly,2,2025,MAR-2025,,Jaguar,I-PACE,2024,ADS,,Waymo LLC,FEB-2025,17:20,San Francisco,CA,Intersection,Passenger Car,No Injuries Reported,Yes,raw/SGO/SGO-2021-01_Incident_Reports_ADS (1).csv
30270-10221,1,Waymo LLC,5-Day,,,MAR-2025,,Jaguar,I-Pace,2024,ADS,,Waymo LLC,MAR-2025,22:28,Los Angeles,CA,Street,Passenger Car,No Injuries Reported,Yes,raw/SGO/SGO-2021-01_Incident_Reports_ADS (1).csv
30270-10274,1,Waymo LLC,Monthly,2,2025,MAR-2025,,Jaguar,I-Pace,2024,ADS,,Waymo LLC,FEB-2025,11:38,San Francisco,CA,Street,"Other, see Narrative",No Injuries Reported,Yes,raw/SGO/SGO-2021-01_Incident_Reports_ADS (1).csv
30270-10276,1,Waymo LLC,Monthly,2,2025,MAR-2025,,Jaguar,I-Pace,2021,ADS,,Waymo LLC,FEB-2025,8:48,San Francisco,CA,Street,Passenger Car,No Injuries Reported,Yes,raw/SGO/SGO-2021-01_Incident_Reports_ADS (1).csv
30270-10288,1,Waymo LLC,5-Day,,,MAR-2025,,Jaguar,I-Pace,2021,ADS,,Waymo LLC,MAR-2025,15:17,San Bernardino,CA,Parking Lot,"Other, see Narrative",No Injuries Reported,Yes,raw/SGO/SGO-2021-01_Incident_Reports_ADS (1).csv
30270-10289,1,Waymo LLC,5-Day,,,MAR-2025,,Jaguar,I-Pace,2024,ADS,,Waymo LLC,MAR-2025,01:24,Los Angeles,CA,Intersection,Passenger Car,Minor,Yes,raw/SGO/SGO-2021-01_Incident_Reports_ADS (1).csv
30270-10292,1,Waymo LLC,5-Day,,,MAR-2025,,Jaguar,I-Pace,2024,ADS,,Waymo LLC,MAR-2025,15:05,San Francisco,CA,Street,Passenger Car,No Injuries Reported,Yes,raw/SGO/SGO-2021-01_Incident_Reports_ADS (1).csv
30270-10317,1,Waymo LLC,5-Day,,,MAR-2025,,Jaguar,I-Pace,2021,ADS,,Waymo LLC,MAR-2025,18:12,San Francisco,CA,Street,Passenger Car,No Injuries Reported,Yes,raw/SGO/SGO-2021-01_Incident_Reports_ADS (1).csv
30270-10318,1,Waymo LLC,Monthly,3,2025,APR-2025,,Jaguar,I-Pace,2024,ADS,,Waymo LLC,MAR-2025,07:42,Phoenix,AZ,Street,SUV,No Injuries Reported,Yes,raw/SGO/SGO-2021-01_Incident_Reports_ADS (1).csv
30270-10319,1,Waymo LLC,Monthly,3,2025,APR-2025,,Jaguar,I-Pace,2024,ADS,,Waymo LLC,MAR-2025,19:08,San Francisco,CA,Street,Passenger Car,No Injuries Reported,Yes,raw/SGO/SGO-2021-01_Incident_Reports_ADS (1).csv
30270-10320,1,Waymo LLC,Monthly,3,2025,APR-2025,,Jaguar,I-Pace,2024,ADS,,Waymo LLC,MAR-2025,12:44,Los Angeles,CA,Street,Passenger Car,No Injuries Reported,Yes,raw/SGO/SGO-2021-01_Incident_Reports_ADS (1).csv
30270-10321,1,Waymo LLC,Monthly,3,2025,APR-2025,,Jaguar,I-Pace,2024,ADS,,Waymo LLC,MAR-2025,12:57,Los Angeles,CA,Street,SUV,No Injuries Reported,Yes,raw/SGO/SGO-2021-01_Incident_Reports_ADS (1).csv
30270-10322,1,Waymo LLC,Monthly,3,2025,APR-2025,,Jaguar,I-Pace,2024,ADS,,Waymo LLC,MAR-2025,19:26,San Francisco,CA,Intersection,Passenger Car,No Injuries Reported,Yes,raw/SGO/SGO-2021-01_Incident_Reports_ADS (1).csv
30270-10323,1,Waymo LLC,Monthly,3,2025,APR-2025,,Jaguar,I-Pace,2024,ADS,,Waymo LLC,MAR-2025,22:21,Los Angeles,CA,Street,Animal,No Injuries Reported,Yes,raw/SGO/SGO-2021-01_Incident_Reports_ADS (1).csv
30270-10324,1,Waymo LLC,Monthly,3,2025,APR-2025,,Jaguar,I-Pace,2024,ADS,,Waymo LLC,MAR-2025,00:01,Los Angeles,CA,Street,Van,No Injuries Reported,Yes,raw/SGO/SGO-2021-01_Incident_Reports_ADS (1).csv
30270-10326,1,Waymo LLC,Monthly,3,2025,APR-2025,,Jaguar,I-Pace,2024,ADS,,Waymo LLC,MAR-2025,08:36,San Francisco,CA,Street,Heavy Truck,No Injuries Reported,Yes,raw/SGO/SGO-2021-01_Incident_Reports_ADS (1).csv
30270-10327,1,Waymo LLC,Monthly,3,2025,APR-2025,,Jaguar,I-Pace,2024,ADS,,Waymo LLC,MAR-2025,14:09,Beverly Hills,CA,Street,SUV,No Injuries Reported,Yes,raw/SGO/SGO-2021-01_Incident_Reports_ADS (1).csv
30270-10328,1,Waymo LLC,Monthly,3,2025,APR-2025,,Jaguar,I-Pace,2024,ADS,,Waymo LLC,MAR-2025,17:06,Austin,TX,Parking Lot,Passenger Car,No Injuries Reported,Yes,raw/SGO/SGO-2021-01_Incident_Reports_ADS (1).csv
30270-10329,1,Waymo LLC,Monthly,3,2025,APR-2025,,Jaguar,I-Pace,2024,ADS,,Waymo LLC,MAR-2025,18:11,Austin,TX,Street,SUV,No Injuries Reported,Yes,raw/SGO/SGO-2021-01_Incident_Reports_ADS (1).csv
30270-10330,1,Waymo LLC,Monthly,3,2025,APR-2025,,Jaguar,I-Pace,2021,ADS,,Waymo LLC,MAR-2025,08:30,Phoenix,AZ,Street,SUV,No Injuries Reported,Yes,raw/SGO/SGO-2021-01_Incident_Reports_ADS (1).csv
30270-10332,1,Waymo LLC,Monthly,3,2025,APR-2025,,Jaguar,I-PACE,2024,ADS,,Waymo LLC,MAR-2025,09:29,San Francisco,CA,Intersection,Pickup Truck,No Injuries Reported,Yes,raw/SGO/SGO-2021-01_Incident_Reports_ADS (1).csv
30270-10334,1,Waymo LLC,Monthly,3,2025,APR-2025,,Jaguar,I-PACE,2024,ADS,,Waymo LLC,MAR-2025,20:48,Los Angeles,CA,Intersection,Pickup Truck,No Injuries Reported,Yes,raw/SGO/SGO-2021-01_Incident_Reports_ADS (1).csv
30270-10335,1,Waymo LLC,Monthly,3,2025,APR-2025,,Jaguar,I-Pace,2024,ADS,,Waymo LLC,MAR-2025,13:11,Los Angeles,CA,Intersection,SUV,No Injuries Reported,Yes,raw/SGO/SGO-2021-01_Incident_Reports_ADS (1).csv
30270-10336,1,Waymo LLC,Monthly,3,2025,APR-2025,,Jaguar,I-Pace,2024,ADS,,Waymo LLC,MAR-2025,23:00,West Hollywood,CA,Street,Passenger Car,No Injuries Reported,Yes,raw/SGO/SGO-2021-01_Incident_Reports_ADS (1).csv
30270-10337,1,Waymo LLC,Monthly,3,2025,APR-2025,,Jaguar,I-PACE,2024,ADS,,Waymo LLC,MAR-2025,16:46,Los Angeles,CA,Street,SUV,No Injuries Reported,Yes,raw/SGO/SGO-2021-01_Incident_Reports_ADS (1).csv
30270-10337,2,Waymo LLC,Update,,,MAY-2025,,Jaguar,I-PACE,2024,ADS,,Waymo LLC,MAR-2025,16:46,Los Angeles,CA,Street,SUV,Minor,Yes,raw/SGO/SGO-2021-01_Incident_Reports_ADS (1).csv
30270-10338,1,Waymo LLC,Monthly,3,2025,APR-2025,,Jaguar,I-Pace,2024,ADS,,Waymo LLC,MAR-2025,19:17,Mountain View,CA,Street,Bus,No Injuries Reported,Yes,raw/SGO/SGO-2021-01_Incident_Reports_ADS (1).csv
30270-10340,1,Waymo LLC,Monthly,3,2025,APR-2025,,Jaguar,I-Pace,2021,ADS,,Waymo LLC,MAR-2025,15:42,Phoenix,AZ,Street,Passenger Car,No Injuries Reported,Yes,raw/SGO/SGO-2021-01_Incident_Reports_ADS (1).csv
30270-10343,1,Waymo LLC,Monthly,3,2025,APR-2025,,Jaguar,I-Pace,2024,ADS,,Waymo LLC,MAR-2025,06:58,Los Angeles,CA,Intersection,Passenger Car,No Injuries Reported,Yes,raw/SGO/SGO-2021-01_Incident_Reports_ADS (1).csv
30270-10344,1,Waymo LLC,Monthly,3,2025,APR-2025,,Jaguar,I-Pace,2024,ADS,,Waymo LLC,MAR-2025,08:10,San Francisco,CA,Street,Passenger Car,No Injuries Reported,Yes,raw/SGO/SGO-2021-01_Incident_Reports_ADS (1).csv
30270-10346,1,Waymo LLC,1-Day,,,MAR-2025,,Jaguar,I-Pace,2024,ADS,,Waymo LLC,MAR-2025,21:52,Austin,TX,Street,Pickup Truck,Unknown,Yes,raw/SGO/SGO-2021-01_Incident_Reports_ADS (1).csv
30270-10346,2,Waymo LLC,10-Day Update,,,APR-2025,,Jaguar,I-Pace,2024,ADS,,Waymo LLC,MAR-2025,21:52,Austin,TX,Street,Pickup Truck,Minor,Yes,raw/SGO/SGO-2021-01_Incident_Reports_ADS (1).csv
30270-10347,1,Waymo LLC,Monthly,3,2025,APR-2025,,Jaguar,I-Pace,2024,ADS,,Waymo LLC,MAR-2025,17:09,San Francisco,CA,Street,Passenger Car,No Injuries Reported,Yes,raw/SGO/SGO-2021-01_Incident_Reports_ADS (1).csv
30270-10349,1,Waymo LLC,1-Day,,,MAR-2025,,Jaguar,I-Pace,2024,ADS,,Waymo LLC,MAR-2025,14:48,San Francisco,CA,Intersection,Motorcycle,No Injuries Reported,Yes,raw/SGO/SGO-2021-01_Incident_Reports_ADS (1).csv
30270-10349,2,Waymo LLC,10-Day Update,,,APR-2025,,Jaguar,I-Pace,2024,ADS,,Waymo LLC,MAR-2025,14:48,San Francisco,CA,Intersection,Motorcycle,No Injuries Reported,Yes,raw/SGO/SGO-2021-01_Incident_Reports_ADS (1).csv
30270-10359,1,Waymo LLC,Monthly,3,2025,APR-2025,,Jaguar,I-PACE,2024,ADS,,Waymo LLC,MAR-2025,18:22,San Francisco,CA,Street,Passenger Car,No Injuries Reported,Yes,raw/SGO/SGO-2021-01_Incident_Reports_ADS (1).csv
30270-10360,1,Waymo LLC,Monthly,3,2025,APR-2025,,Jaguar,I-PACE,2024,ADS,,Waymo LLC,MAR-2025,23:21,Los Angeles,CA,Intersection,Passenger Car,No Injuries Reported,Yes,raw/SGO/SGO-2021-01_Incident_Reports_ADS (1).csv
30270-10361,1,Waymo LLC,Monthly,3,2025,APR-2025,,Jaguar,I-PACE,2024,ADS,,Waymo LLC,MAR-2025,05:03,Austin,TX,Street,"Other, see Narrative",No Injuries Reported,Yes,raw/SGO/SGO-2021-01_Incident_Reports_ADS (1).csv
30270-10362,1,Waymo LLC,Monthly,3,2025,APR-2025,,Jaguar,I-PACE,2024,ADS,,Waymo LLC,MAR-2025,05:56,San Francisco,CA,Street,Passenger Car,No Injuries Reported,Yes,raw/SGO/SGO-2021-01_Incident_Reports_ADS (1).csv
30270-10363,1,Waymo LLC,Monthly,3,2025,APR-2025,,Jaguar,I-PACE,2024,ADS,,Waymo LLC,MAR-2025,19:04,San Francisco,CA,Parking Lot,Passenger Car,No Injuries Reported,Yes,raw/SGO/SGO-2021-01_Incident_Reports_ADS (1).csv
30270-10364,1,Waymo LLC,1-Day,,,MAR-2025,,Jaguar,I-PACE,2024,ADS,,Waymo LLC,MAR-2025,13:35,Los Angeles,CA,Street,SUV,No Injuries Reported,Yes,raw/SGO/SGO-2021-01_Incident_Reports_ADS (1).csv
30270-10364,2,Waymo LLC,10-Day Update,,,APR-2025,,Jaguar,I-PACE,2024,ADS,,Waymo LLC,MAR-2025,13:35,Los Angeles,CA,Street,SUV,No Injuries Reported,Yes,raw/SGO/SGO-2021-01_Incident_Reports_ADS (1).csv
30270-10367,1,Waymo LLC,5-Day,,,APR-2025,,Jaguar,I-Pace,2024,ADS,,Waymo LLC,MAR-2025,09:16,San Francisco,CA,Intersection,Heavy Truck,No Injuries Reported,Yes,raw/SGO/SGO-2021-01_Incident_Reports_ADS (1).csv
30270-10380,1,Waymo LLC,5-Day,,,APR-2025,,Jaguar,I-PACE,2024,ADS,,Waymo LLC,MAR-2025,22:55,Los Angeles,CA,Street,Pickup Truck,Minor,Yes,raw/SGO/SGO-2021-01_Incident_Reports_ADS (1).csv
30270-10381,1,Waymo LLC,5-Day,,,APR-2025,,Jaguar,I-PACE,2021,ADS,,Waymo LLC,MAR-2025,05:51,Phoenix,AZ,Intersection,SUV,Minor,Yes,raw/SGO/SGO-2021-01_Incident_Reports_ADS (1).csv
30270-10384,1,Waymo LLC,5-Day,,,APR-2025,,Jaguar,I-PACE,2024,ADS,,Waymo LLC,APR-2025,15:42,Scottsdale,AZ,Intersection,Passenger Car,No Injuries Reported,Yes,raw/SGO/SGO-2021-01_Incident_Reports_ADS (1).csv
30270-10396,1,Waymo LLC,1-Day,,,APR-2025,,Jaguar,I-PACE,2024,ADS,,Waymo LLC,APR-2025,11:38,San Francisco,CA,Street,Motorcycle,No Injuries Reported,Yes,raw/SGO/SGO-2021-01_Incident_Reports_ADS (1).csv
30270-10396,2,Waymo LLC,10-Day Update,,,APR-2025,,Jaguar,I-PACE,2024,ADS,,Waymo LLC,APR-2025,11:38,San Francisco,CA,Street,Motorcycle,No Injuries Reported,Yes,raw/SGO/SGO-2021-01_Incident_Reports_ADS (1).csv
30270-10408,1,Waymo LLC,5-Day,,,APR-2025,,Jaguar,I-PACE,2024,ADS,,Waymo LLC,APR-2025,17:45,San Francisco,CA,Street,Bus,No Injuries Reported,Yes,raw/SGO/SGO-2021-01_Incident_Reports_ADS (1).csv
30270-10418,1,Waymo LLC,5-Day,,,APR-2025,,Jaguar,I-PACE,2024,ADS,,Waymo LLC,APR-2025,13:33,Austin,TX,Intersection,Bus,No Injuries Reported,Yes,raw/SGO/SGO-2021-01_Incident_Reports_ADS (1).csv
30270-10419,1,Waymo LLC,5-Day,,,APR-2025,,Jaguar,I-PACE,2024,ADS,,Waymo LLC,APR-2025,18:55,San Francisco,CA,Street,Passenger Car,No Injuries Reported,Yes,raw/SGO/SGO-2021-01_Incident_Reports_ADS (1).csv
30270-10420,1,Waymo LLC,Monthly,3,2025,APR-2025,,Jaguar,I-PACE,2024,ADS,,Waymo LLC,MAR-2025,09:41,Los Angeles,CA,Intersection,Passenger Car,No Injuries Reported,Yes,raw/SGO/SGO-2021-01_Incident_Reports_ADS (1).csv
30270-10421,1,Waymo LLC,Monthly,3,2025,APR-2025,,Jaguar,I-PACE,2024,ADS,,Waymo LLC,MAR-2025,00:11,Los Angeles,CA,Street,"Other, see Narrative",No Injuries Reported,Yes,raw/SGO/SGO-2021-01_Incident_Reports_ADS (1).csv
30270-10422,1,Waymo LLC,1-Day,,,APR-2025,,Jaguar,I-PACE,2021,ADS,,Waymo LLC,APR-2025,02:11,Scottsdale,AZ,Street,SUV,No Injuries Reported,Yes,raw/SGO/SGO-2021-01_Incident_Reports_ADS (1).csv
30270-10422,2,Waymo LLC,10-Day Update,,,APR-2025,,Jaguar,I-PACE,2021,ADS,,Waymo LLC,APR-2025,02:11,Scottsdale,AZ,Street,SUV,No Injuries Reported,Yes,raw/SGO/SGO-2021-01_Incident_Reports_ADS (1).csv
30270-10425,1,Waymo LLC,Monthly,3,2025,APR-2025,,Jaguar,I-PACE,2024,ADS,,Waymo LLC,MAR-2025,10:42,San Francisco,CA,Street,Passenger Car,No Injuries Reported,Yes,raw/SGO/SGO-2021-01_Incident_Reports_ADS (1).csv
30270-10426,1,Waymo LLC,Monthly,3,2025,APR-2025,,Jaguar,I-PACE,2024,ADS,,Waymo LLC,MAR-2025,01:52,West Hollywood,CA,Street,Passenger Car,No Injuries Reported,Yes,raw/SGO/SGO-2021-01_Incident_Reports_ADS (1).csv
30270-10427,1,Waymo LLC,Monthly,3,2024,APR-2025,,Jaguar,I-PACE,2024,ADS,,Waymo LLC,MAR-2025,16:10,Phoenix,AZ,Intersection,Passenger Car,No Injuries Reported,Yes,raw/SGO/SGO-2021-01_Incident_Reports_ADS (1).csv
30270-10428,1,Waymo LLC,Monthly,3,2025,APR-2025,,Jaguar,I-PACE,2024,ADS,,Waymo LLC,MAR-2025,23:42,Los Angeles,CA,Street,Passenger Car,No Injuries Reported,Yes,raw/SGO/SGO-2021-01_Incident_Reports_ADS (1).csv
30270-10435,1,Waymo LLC,Monthly,3,2025,APR-2025,,Jaguar,I-Pace,2024,ADS,,Waymo LLC,MAR-2025,06:49,Phoenix,AZ,Street,Passenger Car,No Injuries Reported,Yes,raw/SGO/SGO-2021-01_Incident_Reports_ADS (1).csv
30270-10436,1,Waymo LLC,Monthly,3,2025,APR-2025,,Jaguar,I-Pace,2024,ADS,,Waymo LLC,FEB-2025,17:06,San Francisco,CA,Street,Passenger Car,No Injuries Reported,Yes,raw/SGO/SGO-2021-01_Incident_Reports_ADS (1).csv
30270-10438,1,Waymo LLC,Monthly,3,2025,APR-2025,,Jaguar,I-Pace,2024,ADS,,Waymo LLC,MAR-2025,11:01,Los Angeles,CA,Intersection,Pickup Truck,No Injuries Reported,Yes,raw/SGO/SGO-2021-01_Incident_Reports_ADS (1).csv
30270-10439,1,Waymo LLC,Monthly,3,2025,APR-2025,,Jaguar,I-Pace,2024,ADS,,Waymo LLC,MAR-2025,16:30,Venice,CA,Street,SUV,No Injuries Reported,Yes,raw/SGO/SGO-2021-01_Incident_Reports_ADS (1).csv
30270-10442,1,Waymo LLC,Monthly,3,2025,APR-2025,,Jaguar,I-Pace,2024,ADS,,Waymo LLC,MAR-2025,19:13,San Francisco,CA,Street,Passenger Car,No Injuries Reported,Yes,raw/SGO/SGO-2021-01_Incident_Reports_ADS (1).csv
30270-10443,1,Waymo LLC,Monthly,3,2025,APR-2025,,Jaguar,I-Pace,2024,ADS,,Waymo LLC,MAR-2025,10:05,San Francisco,CA,Street,Passenger Car,No Injuries Reported,Yes,raw/SGO/SGO-2021-01_Incident_Reports_ADS (1).csv
30270-10444,1,Waymo LLC,Monthly,3,2025,APR-2025,,Jaguar,I-Pace,2024,ADS,,Waymo LLC,MAR-2025,20:19,San Francisco,CA,Street,Passenger Car,No Injuries Reported,Yes,raw/SGO/SGO-2021-01_Incident_Reports_ADS (1).csv
30270-10446,1,Waymo LLC,Monthly,3,2025,APR-2025,,Jaguar,I-PACE,2021,ADS,,Waymo LLC,MAR-2025,04:23,San Francisco,CA,Street,Pickup Truck,No Injuries Reported,Yes,raw/SGO/SGO-2021-01_Incident_Reports_ADS (1).csv
30270-10447,1,Waymo LLC,Monthly,3,2025,APR-2025,,Jaguar,I-PACE,2024,ADS,,Waymo LLC,MAR-2025,13:05,San Francisco,CA,Street,SUV,Minor,Yes,raw/SGO/SGO-2021-01_Incident_Reports_ADS (1).csv
30270-10448,1,Waymo LLC,Monthly,3,2025,APR-2025,,Jaguar,I-PACE,2024,ADS,,Waymo LLC,MAR-2025,17:40,Austin,TX,Street,Heavy Truck,No Injuries Reported,Yes,raw/SGO/SGO-2021-01_Incident_Reports_ADS (1).csv
30270-10449,1,Waymo LLC,Monthly,3,2025,APR-2025,,Jaguar,I-Pace,2024,ADS,,Waymo LLC,MAR-2025,15:15,San Francisco,CA,Street,First Responder Vehicle,No Injuries Reported,Yes,raw/SGO/SGO-2021-01_Incident_Reports_ADS (1).csv
30270-10450,1,Waymo LLC,Monthly,3,2025,APR-2025,,Jaguar,I-Pace,2024,ADS,,Waymo LLC,MAR-2025,00:51,Austin,TX,Street,Van,No Injuries Reported,Yes,raw/SGO/SGO-2021-01_Incident_Reports_ADS (1).csv
30270-10451,1,Waymo LLC,Monthly,3,2025,APR-2025,,Jaguar,I-Pace,2024,ADS,,Waymo LLC,MAR-2025,12:36,San Francisco,CA,Street,SUV,No Injuries Reported,Yes,raw/SGO/SGO-2021-01_Incident_Reports_ADS (1).csv
30270-10452,1,Waymo LLC,Monthly,3,2025,APR-2025,,Jaguar,I-Pace,2024,ADS,,Waymo LLC,MAR-2025,00:53,Los Angeles,CA,Street,SUV,No Injuries Reported,Yes,raw/SGO/SGO-2021-01_Incident_Reports_ADS (1).csv
30270-10453,1,Waymo LLC,Monthly,3,2025,APR-2025,,Jaguar,I-Pace,2024,ADS,,Waymo LLC,MAR-2025,15:19,San Francisco,CA,Street,Pickup Truck,No Injuries Reported,Yes,raw/SGO/SGO-2021-01_Incident_Reports_ADS (1).csv
30270-10454,1,Waymo LLC,Monthly,3,2025,APR-2025,,Jaguar,I-PACE,2024,ADS,,Waymo LLC,MAR-2025,20:01,San Francisco,CA,Street,Passenger Car,No Injuries Reported,Yes,raw/SGO/SGO-2021-01_Incident_Reports_ADS (1).csv
30270-10455,1,Waymo LLC,Monthly,3,2025,APR-2025,,Jaguar,I-Pace,2024,ADS,,Waymo LLC,MAR-2025,15:17,Los Angeles,CA,Street,SUV,No Injuries Reported,Yes,raw/SGO/SGO-2021-01_Incident_Reports_ADS (1).csv
30270-10470,1,Waymo LLC,5-Day,,,APR-2025,,Jaguar,I-PACE,2024,ADS,,Waymo LLC,APR-2025,13:45,San Francisco,CA,Street,Passenger Car,No Injuries Reported,Yes,raw/SGO/SGO-2021-01_Incident_Reports_ADS (1).csv
30270-10471,1,Waymo LLC,5-Day,,,APR-2025,,Jaguar,I-PACE,2021,ADS,,Waymo LLC,APR-2025,21:42,Tempe,AZ,Intersection,"Other, see Narrative",No Injuries Reported,Yes,raw/SGO/SGO-2021-01_Incident_Reports_ADS (1).csv
30270-10472,1,Waymo LLC,5-Day,,,APR-2025,,Jaguar,I-PACE,2024,ADS,,Waymo LLC,APR-2025,12:03,San Francisco,CA,Intersection,Passenger Car,No Injuries Reported,Yes,raw/SGO/SGO-2021-01_Incident_Reports_ADS (1).csv
30270-10487,1,Waymo LLC,Monthly,3,2025,APR-2025,,Jaguar,I-Pace,2024,ADS,,Waymo LLC,MAR-2025,17:20,San Francisco,CA,Street,SUV,No Injuries Reported,Yes,raw/SGO/SGO-2021-01_Incident_Reports_ADS (1).csv
30270-10488,1,Waymo LLC,Monthly,3,2025,APR-2025,,Jaguar,I-Pace,2024,ADS,,Waymo LLC,MAR-2025,22:03,Inglewood,CA,Street,Passenger Car,No Injuries Reported,Yes,raw/SGO/SGO-2021-01_Incident_Reports_ADS (1).csv
30270-10497,1,Waymo LLC,5-Day,,,APR-2025,,Jaguar,I-Pace,2021,ADS,,Waymo LLC,APR-2025,11:17,San Francisco,CA,Street,Other Fixed Object,No Injuries Reported,Yes,raw/SGO/SGO-2021-01_Incident_Reports_ADS (1).csv
30270-10527,1,Waymo LLC,5-Day,,,APR-2025,,Jaguar,I-Pace,2021,ADS,,Waymo LLC,APR-2025,18:25,Phoenix,AZ,Street,Pickup Truck,No Injuries Reported,Yes,raw/SGO/SGO-2021-01_Incident_Reports_ADS (1).csv
30270-10528,1,Waymo LLC,5-Day,,,APR-2025,,Jaguar,I-Pace,2024,ADS,,Waymo LLC,APR-2025,11:29,San Francisco,CA,Street,SUV,No Injuries Reported,Yes,raw/SGO/SGO-2021-01_Incident_Reports_ADS (1).csv
30270-10555,1,Waymo LLC,5-Day,,,APR-2025,,Jaguar,I-PACE,2024,ADS,,Waymo LLC,APR-2025,14:14,San Francisco,CA,Street,Bus,No Injuries Reported,Yes,raw/SGO/SGO-2021-01_Incident_Reports_ADS (1).csv
30270-10556,1,Waymo LLC,5-Day,,,APR-2025,,Jaguar,I-Pace,2021,ADS,,Waymo LLC,APR-2025,13:36,Phoenix,AZ,Parking Lot,Heavy Truck,No Injuries Reported,Yes,raw/SGO/SGO-2021-01_Incident_Reports_ADS (1).csv
30270-10557,1,Waymo LLC,5-Day,,,APR-2025,,Jaguar,I-Pace,2024,ADS,,Waymo LLC,APR-2025,13:09,Austin,TX,Intersection,Passenger Car,No Injuries Reported,Yes,raw/SGO/SGO-2021-01_Incident_Reports_ADS (1).csv
30270-10558,1,Waymo LLC,5-Day,,,APR-2025,,Jaguar,I-Pace,2024,ADS,,Waymo LLC,APR-2025,14:32,Scottsdale,AZ,Highway / Freeway,"Other, see Narrative",No Injuries Reported,Yes,raw/SGO/SGO-2021-01_Incident_Reports_ADS (1).csv
30270-10559,1,Waymo LLC,Monthly,4,2025,MAY-2025,,2024,I-PACE,2024,ADS,,Waymo LLC,APR-2025,11:19,Los Angeles,CA,Street,SUV,No Injuries Reported,Yes,raw/SGO/SGO-2021-01_Incident_Reports_ADS (1).csv
30270-10560,1,Waymo LLC,5-Day,,,APR-2025,,Jaguar,I-PACE,2024,ADS,,Waymo LLC,APR-2025,20:51,Culver City,CA,Street,SUV,No Injuries Reported,Yes,raw/SGO/SGO-2021-01_Incident_Reports_ADS (1).csv
30270-10561,1,Waymo LLC,Monthly,4,2025,MAY-2025,,Jaguar,I-PACE,2024,ADS,,Waymo LLC,APR-2025,22:41,Atlanta,GA,Street,Other Fixed Object,No Injuries Reported,Yes,raw/SGO/SGO-2021-01_Incident_Reports_ADS (1).csv
30270-10563,1,Waymo LLC,5-Day,,,APR-2025,,Jaguar,I-Pace,2024,ADS,,Waymo LLC,MAR-2025,08:49,Los Angeles,CA,Street,"Other, see Narrative",No Injuries Reported,Yes,raw/SGO/SGO-2021-01_Incident_Reports_ADS (1).csv
30270-10570,1,Waymo LLC,5-Day,,,APR-2025,,Jaguar,I-Pace,2024,ADS,,Waymo LLC,APR-2025,00:48,Scottsdale,AZ,Street,SUV,No Injuries Reported,Yes,raw/SGO/SGO-2021-01_Incident_Reports_ADS (1).csv
30270-10571,1,Waymo LLC,1-Day,,,APR-2025,,Jaguar,I-Pace,2024,ADS,,Waymo LLC,APR-2025,00:23,Venice,CA,Intersection,Motorcycle,No Injuries Reported,Yes,raw/SGO/SGO-2021-01_Incident_Reports_ADS (1).csv
30270-10571,2,Waymo LLC,10-Day Update,,,MAY-2025,,Jaguar,I-Pace,2024,ADS,,Waymo LLC,APR-2025,00:23,Venice,CA,Intersection,Motorcycle,No Injuries Reported,Yes,raw/SGO/SGO-2021-01_Incident_Reports_ADS (1).csv
30270-10573,1,Waymo LLC,5-Day,,,APR-2025,,Jaguar,I-PACE,2021,ADS,,Waymo LLC,APR-2025,02:11,San Francisco,CA,Intersection,Passenger Car,No Injuries Reported,Yes,raw/SGO/SGO-2021-01_Incident_Reports_ADS (1).csv
30270-10576,1,Waymo LLC,5-Day,,,APR-2025,,Jaguar,I-Pace,2024,ADS,,Waymo LLC,APR-2025,10:01,Los Angeles,CA,Street,Pickup Truck,No Injuries Reported,Yes,raw/SGO/SGO-2021-01_Incident_Reports_ADS (1).csv
30270-10589,1,Waymo LLC,1-Day,,,APR-2025,,Jaguar,I-PACE,2021,ADS,,Waymo LLC,APR-2025,02:43,Phoenix,AZ,Parking Lot,SUV,No Injuries Reported,Yes,raw/SGO/SGO-2021-01_Incident_Reports_ADS (1).csv
30270-10589,2,Waymo LLC,10-Day Update,,,MAY-2025,,Jaguar,I-PACE,2021,ADS,,Waymo LLC,APR-2025,02:43,Phoenix,AZ,Parking Lot,SUV,No Injuries Reported,Yes,raw/SGO/SGO-2021-01_Incident_Reports_ADS (1).csv
30270-10592,1,Waymo LLC,5-Day,,,APR-2025,,Jaguar,I-PACE,2024,ADS,,Waymo LLC,APR-2025,18:34,Los Angeles,CA,Street,Heavy Truck,No Injuries Reported,Yes,raw/SGO/SGO-2021-01_Incident_Reports_ADS (1).csv
30270-10594,1,Waymo LLC,Monthly,4,2025,MAY-2025,,Jaguar,I-PACE,2024,ADS,,Waymo LLC,APR-2025,00:59,Phoenix,AZ,Intersection,Passenger Car,No Injuries Reported,Yes,raw/SGO/SGO-2021-01_Incident_Reports_ADS (1).csv
30270-10595,1,Waymo LLC,Monthly,4,2025,MAY-2025,,Jaguar,I-PACE,2024,ADS,,Waymo LLC,APR-2025,02:17,Tempe,AZ,Street,Passenger Car,No Injuries Reported,Yes,raw/SGO/SGO-2021-01_Incident_Reports_ADS (1).csv
30270-10596,1,Waymo LLC,5-Day,,,APR-2025,,Zeekr,CM1e,2024,ADS,,Waymo LLC,APR-2025,12:54,Los Angeles,CA,Parking Lot,Passenger Car,No Injuries Reported,"[REDACTED, MAY CONTAIN CONFIDENTIAL BUSINESS INFORMATION]",raw/SGO/SGO-2021-01_Incident_Reports_ADS (1).csv
30270-10596,2,Waymo LLC,Update,,,JUN-2025,,Zeekr,CM1e,2023,ADS,,Waymo LLC,APR-2025,12:54,Los Angeles,CA,Parking Lot,Passenger Car,No Injuries Reported,Yes,raw/SGO/SGO-2021-01_Incident_Reports_ADS (1).csv
30270-10598,1,Waymo LLC,Monthly,4,2025,MAY-2025,,Jaguar,I-PACE,2024,ADS,,Waymo LLC,APR-2025,07:34,Austin,TX,Intersection,Passenger Car,No Injuries Reported,Yes,raw/SGO/SGO-2021-01_Incident_Reports_ADS (1).csv
30270-10599,1,Waymo LLC,5-Day,,,MAY-2025,,Jaguar,I-PACE,2024,ADS,,Waymo LLC,APR-2025,00:41,Venice,CA,Street,Van,No Injuries Reported,Yes,raw/SGO/SGO-2021-01_Incident_Reports_ADS (1).csv
30270-10600,1,Waymo LLC,Monthly,4,2025,MAY-2025,,Jaguar,I-PACE,2024,ADS,,Waymo LLC,APR-2025,12:19,San Francisco,CA,Street,Passenger Car,No Injuries Reported,Yes,raw/SGO/SGO-2021-01_Incident_Reports_ADS (1).csv
30270-10601,1,Waymo LLC,Monthly,4,2025,MAY-2025,,Jaguar,I-PACE,2021,ADS,,Waymo LLC,APR-2025,00:22,Phoenix,AZ,Intersection,Passenger Car,No Injuries Reported,Yes,raw/SGO/SGO-2021-01_Incident_Reports_ADS (1).csv
30270-10602,1,Waymo LLC,Monthly,4,2025,MAY-2025,,Jaguar,I-PACE,2024,ADS,,Waymo LLC,APR-2025,01:29,San Francisco,CA,Street,"Other, see Narrative",No Injuries Reported,Yes,raw/SGO/SGO-2021-01_Incident_Reports_ADS (1).csv
30270-10610,1,Waymo LLC,Monthly,4,2025,MAY-2025,,Jaguar,I-PACE,2024,ADS,,Waymo LLC,APR-2025,09:44,San Francisco,CA,Intersection,SUV,No Injuries Reported,Yes,raw/SGO/SGO-2021-01_Incident_Reports_ADS (1).csv
30270-10613,1,Waymo LLC,Monthly,4,2025,MAY-2025,,Jaguar,I-PACE,2021,ADS,,Waymo LLC,APR-2025,07:44,San Francisco,CA,Street,Heavy Truck,No Injuries Reported,Yes,raw/SGO/SGO-2021-01_Incident_Reports_ADS (1).csv
30270-10615,1,Waymo LLC,Monthly,4,2025,MAY-2025,,Jaguar,I-PACE,2024,ADS,,Waymo LLC,APR-2025,01:57,Venice,CA,Parking Lot,Passenger Car,No Injuries Reported,Yes,raw/SGO/SGO-2021-01_Incident_Reports_ADS (1).csv
30270-10618,1,Waymo LLC,Monthly,4,2025,MAY-2025,,Jaguar,I-PACE,2024,ADS,,Waymo LLC,APR-2025,23:41,Austin,TX,Street,Passenger Car,No Injuries Reported,Yes,raw/SGO/SGO-2021-01_Incident_Reports_ADS (1).csv
30270-10630,1,Waymo LLC,Monthly,4,2025,MAY-2025,,Jaguar,I-PACE,2024,ADS,,Waymo LLC,APR-2025,09:10,San Francisco,CA,Street,Passenger Car,No Injuries Reported,Yes,raw/SGO/SGO-2021-01_Incident_Reports_ADS (1).csv
30270-10631,1,Waymo LLC,Monthly,4,2025,MAY-2025,,Jaguar,I-PACE,2024,ADS,,Waymo LLC,APR-2025,10:13,Tempe,AZ,Parking Lot,"Other, see Narrative",No Injuries Reported,Yes,raw/SGO/SGO-2021-01_Incident_Reports_ADS (1).csv
30270-10638,1,Waymo LLC,1-Day,,,MAY-2025,,Jaguar,I-Pace,2024,ADS,,Waymo LLC,APR-2025,14:48,San Francisco,CA,Street,Motorcycle,No Injuries Reported,Yes,raw/SGO/SGO-2021-01_Incident_Reports_ADS (1).csv
30270-10638,2,Waymo LLC,10-Day Update,,,MAY-2025,,Jaguar,I-Pace,2024,ADS,,Waymo LLC,APR-2025,14:48,San Francisco,CA,Street,Motorcycle,No Injuries Reported,Yes,raw/SGO/SGO-2021-01_Incident_Reports_ADS (1).csv
30270-10639,1,Waymo LLC,5-Day,,,MAY-2025,,Jaguar,I-Pace,2021,ADS,,Waymo LLC,APR-2025,07:41,Tempe,AZ,Intersection,Passenger Car,No Injuries Reported,Yes,raw/SGO/SGO-2021-01_Incident_Reports_ADS (1).csv
30270-10640,1,Waymo LLC,5-Day,,,MAY-2025,,Jaguar,I-Pace,2021,ADS,,Waymo LLC,APR-2025,12:47,Phoenix,AZ,Parking Lot,SUV,No Injuries Reported,Yes,raw/SGO/SGO-2021-01_Incident_Reports_ADS (1).csv
30270-10642,1,Waymo LLC,1-Day,,,MAY-2025,,Jaguar,I-Pace,2024,ADS,,Waymo LLC,MAY-2025,15:20,Austin,TX,Street,SUV,No Injuries Reported,Yes,raw/SGO/SGO-2021-01_Incident_Reports_ADS (1).csv
30270-10642,2,Waymo LLC,10-Day Update,,,MAY-2025,,Jaguar,I-Pace,2024,ADS,,Waymo LLC,MAY-2025,15:20,Austin,TX,Street,SUV,No Injuries Reported,Yes,raw/SGO/SGO-2021-01_Incident_Reports_ADS (1).csv
30270-10648,1,Waymo LLC,5-Day,,,MAY-2025,,Jaguar,I-Pace,2024,ADS,,Waymo LLC,APR-2025,20:34,Los Angeles,CA,Street,Passenger Car,No Injuries Reported,Yes,raw/SGO/SGO-2021-01_Incident_Reports_ADS (1).csv
30270-10649,1,Waymo LLC,5-Day,,,MAY-2025,,Jaguar,I-Pace,2021,ADS,,Waymo LLC,APR-2025,20:48,San Francisco,CA,Street,Passenger Car,No Injuries Reported,Yes,raw/SGO/SGO-2021-01_Incident_Reports_ADS (1).csv
30270-10660,1,Waymo LLC,Monthly,5,2025,JUN-2025,,Jaguar,I-PACE,2021,ADS,,Waymo LLC,MAY-2025,07:52,Portola Valley,CA,Highway / Freeway,"Other, see Narrative",No Injuries Reported,Yes,raw/SGO/SGO-2021-01_Incident_Reports_ADS (1).csv
30270-10663,1,Waymo LLC,5-Day,,,MAY-2025,,Jaguar,I-PACE,2024,ADS,,Waymo LLC,MAY-2025,07:44,San Francisco,CA,Street,Heavy Truck,No Injuries Reported,Yes,raw/SGO/SGO-2021-01_Incident_Reports_ADS (1).csv
30270-10664,1,Waymo LLC,5-Day,,,MAY-2025,,Jaguar,I-PACE,2024,ADS,,Waymo LLC,MAY-2025,07:06,Los Angeles,CA,Street,Heavy Truck,No Injuries Reported,Yes,raw/SGO/SGO-2021-01_Incident_Reports_ADS (1).csv
30270-10666,1,Waymo LLC,Monthly,4,2025,MAY-2025,,Jaguar,I-Pace,2024,ADS,,Waymo LLC,APR-2025,01:15,San Francisco,CA,Street,Passenger Car,No Injuries Reported,Yes,raw/SGO/SGO-2021-01_Incident_Reports_ADS (1).csv
30270-10667,1,Waymo LLC,Monthly,4,2025,MAY-2025,,Jaguar,I-Pace,2024,ADS,,Waymo LLC,APR-2025,01:52,Scottsdale,AZ,Street,SUV,No Injuries Reported,Yes,raw/SGO/SGO-2021-01_Incident_Reports_ADS (1).csv
30270-10668,1,Waymo LLC,Monthly,4,2025,MAY-2025,,Jaguar,I-Pace,2024,ADS,,Waymo LLC,APR-2025,10:41,San Francisco,CA,Intersection,Pickup Truck,No Injuries Reported,Yes,raw/SGO/SGO-2021-01_Incident_Reports_ADS (1).csv
30270-10669,1,Waymo LLC,Monthly,4,2025,MAY-2025,,Jaguar,I-Pace,2024,ADS,,Waymo LLC,APR-2025,12:28,Scottsdale,AZ,Parking Lot,Passenger Car,No Injuries Reported,Yes,raw/SGO/SGO-2021-01_Incident_Reports_ADS (1).csv
30270-10670,1,Waymo LLC,Monthly,4,2025,MAY-2025,,Jaguar,I-Pace,2024,ADS,,Waymo LLC,APR-2025,21:03,Tempe,AZ,Parking Lot,Passenger Car,No Injuries Reported,Yes,raw/SGO/SGO-2021-01_Incident_Reports_ADS (1).csv
30270-10671,1,Waymo LLC,Monthly,4,2025,MAY-2025,,Jaguar,I-Pace,2024,ADS,,Waymo LLC,APR-2025,21:42,San Francisco,CA,Street,SUV,No Injuries Reported,Yes,raw/SGO/SGO-2021-01_Incident_Reports_ADS (1).csv
30270-10672,1,Waymo LLC,Monthly,4,2025,MAY-2025,,Jaguar,I-Pace,2024,ADS,,Waymo LLC,APR-2025,05:59,Los Angeles,CA,Street,SUV,No Injuries Reported,Yes,raw/SGO/SGO-2021-01_Incident_Reports_ADS (1).csv
30270-10673,1,Waymo LLC,5-Day,,,MAY-2025,,Jaguar,I-Pace,2024,ADS,,Waymo LLC,MAY-2025,09:59,Los Angeles,CA,Intersection,Heavy Truck,No Injuries Reported,Yes,raw/SGO/SGO-2021-01_Incident_Reports_ADS (1).csv
30270-10674,1,Waymo LLC,5-Day,,,MAY-2025,,Jaguar,I-PACE,2024,ADS,,Waymo LLC,MAY-2025,11:36,Phoenix,AZ,Street,"Other, see Narrative",No Injuries Reported,Yes,raw/SGO/SGO-2021-01_Incident_Reports_ADS (1).csv
30270-10675,1,Waymo LLC,5-Day,,,MAY-2025,,Jaguar,I-PACE,2021,ADS,,Waymo LLC,MAY-2025,11:42,Phoenix,AZ,Street,Passenger Car,No Injuries Reported,Yes,raw/SGO/SGO-2021-01_Incident_Reports_ADS (1).csv
30270-10678,1,Waymo LLC,Monthly,4,2025,MAY-2025,,Jaguar,I-Pace,2024,ADS,,Waymo LLC,APR-2025,09:04,San Francisco,CA,Street,SUV,No Injuries Reported,Yes,raw/SGO/SGO-2021-01_Incident_Reports_ADS (1).csv
30270-10679,1,Waymo LLC,Monthly,4,2025,MAY-2025,,Jaguar,I-Pace,2024,ADS,,Waymo LLC,APR-2025,18:10,San Francisco,CA,Street,SUV,No Injuries Reported,Yes,raw/SGO/SGO-2021-01_Incident_Reports_ADS (1).csv
30270-10680,1,Waymo LLC,Monthly,4,2025,MAY-2025,,Jaguar,I-Pace,2024,ADS,,Waymo LLC,APR-2025,22:07,San Francisco,CA,Intersection,SUV,No Injuries Reported,Yes,raw/SGO/SGO-2021-01_Incident_Reports_ADS (1).csv
30270-10683,1,Waymo LLC,Monthly,4,2025,MAY-2025,,Jaguar,I-Pace,2024,ADS,,Waymo LLC,APR-2025,07:51,San Francisco,CA,Street,Pickup Truck,No Injuries Reported,Yes,raw/SGO/SGO-2021-01_Incident_Reports_ADS (1).csv
30270-10684,1,Waymo LLC,Monthly,4,2025,MAY-2025,,Jaguar,I-Pace,2024,ADS,,Waymo LLC,APR-2025,11:14,Beverly Hills,CA,Street,Pickup Truck,No Injuries Reported,Yes,raw/SGO/SGO-2021-01_Incident_Reports_ADS (1).csv
30270-10685,1,Waymo LLC,Monthly,4,2025,MAY-2025,,Jaguar,I-PACE,2024,ADS,,Waymo LLC,APR-2025,10:25,Los Angeles,CA,Street,SUV,No Injuries Reported,Yes,raw/SGO/SGO-2021-01_Incident_Reports_ADS (1).csv
30270-10689,1,Waymo LLC,Monthly,4,2025,MAY-2025,,Jaguar,I-PACE,2024,ADS,,Waymo LLC,APR-2025,14:40,Santa Monica,CA,Street,Heavy Truck,No Injuries Reported,Yes,raw/SGO/SGO-2021-01_Incident_Reports_ADS (1).csv
30270-10690,1,Waymo LLC,Monthly,4,2025,MAY-2025,,Jaguar,I-PACE,2024,ADS,,Waymo LLC,APR-2025,14:30,Los Angeles,CA,Intersection,Pickup Truck,Minor,Yes,raw/SGO/SGO-2021-01_Incident_Reports_ADS (1).csv
30270-10695,1,Waymo LLC,5-Day,,,MAY-2025,,Jaguar,I-Pace,2021,ADS,,Waymo LLC,MAY-2025,08:50,Paradise Valley,AZ,Street,SUV,No Injuries Reported,Yes,raw/SGO/SGO-2021-01_Incident_Reports_ADS (1).csv
30270-10713,1,Waymo LLC,Monthly,4,2025,MAY-2025,,Jaguar,I-Pace,2024,ADS,,Waymo LLC,APR-2025,00:36,Los Angeles,CA,Street,SUV,No Injuries Reported,Yes,raw/SGO/SGO-2021-01_Incident_Reports_ADS (1).csv
30270-10714,1,Waymo LLC,Monthly,4,2025,MAY-2025,,Jaguar,I-Pace,2024,ADS,,Waymo LLC,APR-2025,16:14,San Francisco,CA,Street,Passenger Car,No Injuries Reported,Yes,raw/SGO/SGO-2021-01_Incident_Reports_ADS (1).csv
30270-10715,1,Waymo LLC,Monthly,4,2025,MAY-2025,,Jaguar,I-Pace,2024,ADS,,Waymo LLC,APR-2025,16:39,Los Angeles,CA,Street,Passenger Car,No Injuries Reported,Yes,raw/SGO/SGO-2021-01_Incident_Reports_ADS (1).csv
30270-10717,1,Waymo LLC,Monthly,4,2025,MAY-2025,,Jaguar,I-Pace,2021,ADS,,Waymo LLC,APR-2025,21:44,San Francisco,CA,Intersection,Passenger Car,No Injuries Reported,Yes,raw/SGO/SGO-2021-01_Incident_Reports_ADS (1).csv
30270-10718,1,Waymo LLC,Monthly,4,2025,MAY-2025,,Jaguar,I-Pace,2024,ADS,,Waymo LLC,APR-2025,20:57,Austin,TX,Street,Passenger Car,No Injuries Reported,Yes,raw/SGO/SGO-2021-01_Incident_Reports_ADS (1).csv
30270-10725,1,Waymo LLC,Monthly,4,2025,MAY-2025,,Jaguar,I-Pace,2024,ADS,,Waymo LLC,APR-2025,02:42,Austin,TX,Parking Lot,Pickup Truck,No Injuries Reported,Yes,raw/SGO/SGO-2021-01_Incident_Reports_ADS (1).csv
30270-10726,1,Waymo LLC,Monthly,4,2025,MAY-2025,,Jaguar,I-Pace,2024,ADS,,Waymo LLC,APR-2025,21:07,Los Angeles,CA,Intersection,SUV,No Injuries Reported,Yes,raw/SGO/SGO-2021-01_Incident_Reports_ADS (1).csv
30270-10727,1,Waymo LLC,Monthly,4,2025,MAY-2025,,Jaguar,I-Pace,2024,ADS,,Waymo LLC,FEB-2025,06:11,San Francisco,CA,Street,"Other, see Narrative",No Injuries Reported,Yes,raw/SGO/SGO-2021-01_Incident_Reports_ADS (1).csv
30270-10728,1,Waymo LLC,Monthly,4,2025,MAY-2025,,Jaguar,I-Pace,2024,ADS,,Waymo LLC,APR-2025,03:08,Phoenix,AZ,Intersection,Pickup Truck,Minor,Yes,raw/SGO/SGO-2021-01_Incident_Reports_ADS (1).csv
30270-10742,1,Waymo LLC,Monthly,4,2025,MAY-2025,,Jaguar,I-Pace,2024,ADS,,Waymo LLC,APR-2025,15:29,San Francisco,CA,Street,Pickup Truck,No Injuries Reported,Yes,raw/SGO/SGO-2021-01_Incident_Reports_ADS (1).csv
30270-10743,1,Waymo LLC,Monthly,4,2025,MAY-2025,,Jaguar,I-Pace,2024,ADS,,Waymo LLC,APR-2025,08:55,San Francisco,CA,Intersection,Passenger Car,No Injuries Reported,Yes,raw/SGO/SGO-2021-01_Incident_Reports_ADS (1).csv
30270-10746,1,Waymo LLC,5-Day,,,MAY-2025,,Jaguar,I-PACE,2024,ADS,,Waymo LLC,MAY-2025,17:27,San Francisco,CA,Street,Pickup Truck,No Injuries Reported,Yes,raw/SGO/SGO-2021-01_Incident_Reports_ADS (1).csv
30270-10747,1,Waymo LLC,Monthly,4,2025,MAY-2025,,Jaguar,I-PACE,2024,ADS,,Waymo LLC,APR-2025,15:31,San Francisco,CA,Street,SUV,No Injuries Reported,Yes,raw/SGO/SGO-2021-01_Incident_Reports_ADS (1).csv
30270-10748,1,Waymo LLC,Monthly,4,2025,MAY-2025,,Jaguar,I-PACE,2024,ADS,,Waymo LLC,APR-2025,17:32,Los Angeles,CA,Street,SUV,No Injuries Reported,Yes,raw/SGO/SGO-2021-01_Incident_Reports_ADS (1).csv
30270-10749,1,Waymo LLC,Monthly,4,2025,MAY-2025,,Jaguar,I-PACE,2024,ADS,,Waymo LLC,APR-2025,20:17,Phoenix,AZ,Intersection,Pickup Truck,No Injuries Reported,Yes,raw/SGO/SGO-2021-01_Incident_Reports_ADS (1).csv
30270-10750,1,Waymo LLC,Monthly,4,2025,MAY-2025,,Jaguar,I-PACE,2024,ADS,,Waymo LLC,APR-2025,06:50,San Francisco,CA,Street,Passenger Car,No Injuries Reported,Yes,raw/SGO/SGO-2021-01_Incident_Reports_ADS (1).csv
30270-10751,1,Waymo LLC,5-Day,,,MAY-2025,,Jaguar,I-Pace,2021,ADS,,Waymo LLC,MAY-2025,23:23,Phoenix,AZ,Intersection,Pickup Truck,No Injuries Reported,Yes,raw/SGO/SGO-2021-01_Incident_Reports_ADS (1).csv
30270-10752,1,Waymo LLC,Monthly,4,2025,MAY-2025,,Jaguar,I-PACE,2024,ADS,,Waymo LLC,APR-2025,14:56,San Francisco,CA,Street,SUV,No Injuries Reported,Yes,raw/SGO/SGO-2021-01_Incident_Reports_ADS (1).csv
30270-10753,1,Waymo LLC,Monthly,4,2025,MAY-2025,,Jaguar,I-PACE,2024,ADS,,Waymo LLC,APR-2025,17:13,San Francisco,CA,Intersection,SUV,No Injuries Reported,Yes,raw/SGO/SGO-2021-01_Incident_Reports_ADS (1).csv
30270-10754,1,Waymo LLC,Monthly,4,2025,MAY-2025,,Jaguar,I-PACE,2024,ADS,,Waymo LLC,APR-2025,20:48,San Francisco,CA,Intersection,Bus,No Injuries Reported,Yes,raw/SGO/SGO-2021-01_Incident_Reports_ADS (1).csv
30270-10755,1,Waymo LLC,Monthly,4,2025,MAY-2025,,Jaguar,I-PACE,2024,ADS,,Waymo LLC,APR-2025,16:19,San Francisco,CA,Parking Lot,SUV,No Injuries Reported,Yes,raw/SGO/SGO-2021-01_Incident_Reports_ADS (1).csv
30270-10756,1,Waymo LLC,Monthly,4,2025,MAY-2025,,Jaguar,I-PACE,2024,ADS,,Waymo LLC,APR-2025,01:45,San Francisco,CA,Street,SUV,No Injuries Reported,Yes,raw/SGO/SGO-2021-01_Incident_Reports_ADS (1).csv
30270-10757,1,Waymo LLC,Monthly,4,2025,MAY-2025,,Jaguar,I-PACE,2024,ADS,,Waymo LLC,APR-2025,11:53,San Francisco,CA,Street,SUV,No Injuries Reported,Yes,raw/SGO/SGO-2021-01_Incident_Reports_ADS (1).csv
30270-10758,1,Waymo LLC,Monthly,4,2025,MAY-2025,,Jaguar,I-Pace,2024,ADS,,Waymo LLC,APR-2025,12:31,San Francisco,CA,Street,SUV,No Injuries Reported,Yes,raw/SGO/SGO-2021-01_Incident_Reports_ADS (1).csv
30270-10759,1,Waymo LLC,Monthly,4,2025,MAY-2025,,Jaguar,I-Pace,2024,ADS,,Waymo LLC,APR-2025,17:47,San Francisco,CA,Intersection,Pickup Truck,No Injuries Reported,Yes,raw/SGO/SGO-2021-01_Incident_Reports_ADS (1).csv
30270-10760,1,Waymo LLC,Monthly,4,2025,MAY-2025,,Jaguar,I-PACE,2024,ADS,,Waymo LLC,APR-2025,16:43,Austin,TX,Street,Passenger Car,No Injuries Reported,Yes,raw/SGO/SGO-2021-01_Incident_Reports_ADS (1).csv
30270-10761,1,Waymo LLC,Monthly,4,2025,MAY-2025,,Jaguar,I-Pace,2024,ADS,,Waymo LLC,APR-2025,18:39,San Francisco,CA,Intersection,SUV,No Injuries Reported,Yes,raw/SGO/SGO-2021-01_Incident_Reports_ADS (1).csv
30270-10768,1,Waymo LLC,1-Day,,,MAY-2025,,Jaguar,I-Pace,2024,ADS,,Waymo LLC,MAY-2025,20:00,Los Angeles,CA,Intersection,Non-Motorist: Cyclist,Minor,Yes,raw/SGO/SGO-2021-01_Incident_Reports_ADS (1).csv
30270-10768,2,Waymo LLC,10-Day Update,,,MAY-2025,,Jaguar,I-Pace,2024,ADS,,Waymo LLC,MAY-2025,20:00,Los Angeles,CA,Intersection,Non-Motorist: Cyclist,Minor,Yes,raw/SGO/SGO-2021-01_Incident_Reports_ADS (1).csv
30270-10775,1,Waymo LLC,5-Day,,,MAY-2025,,Jaguar,I-PACE,2024,ADS,,Waymo LLC,MAY-2025,04:18,San Francisco,CA,Street,Passenger Car,No Injuries Reported,Yes,raw/SGO/SGO-2021-01_Incident_Reports_ADS (1).csv
30270-10776,1,Waymo LLC,5-Day,,,MAY-2025,,Jaguar,I-PACE,2024,ADS,,Waymo LLC,MAY-2025,22:38,San Francisco,CA,Street,Heavy Truck,No Injuries Reported,Yes,raw/SGO/SGO-2021-01_Incident_Reports_ADS (1).csv
30270-10790,1,Waymo LLC,Monthly,4,2025,MAY-2025,,Jaguar,I-PACE,2024,ADS,,Waymo LLC,APR-2025,08:31,San Francisco,CA,Street,SUV,No Injuries Reported,Yes,raw/SGO/SGO-2021-01_Incident_Reports_ADS (1).csv
30270-10792,1,Waymo LLC,Monthly,4,2025,MAY-2025,,Jaguar,I-Pace,2024,ADS,,Waymo LLC,APR-2025,11:57,San Francisco,CA,Street,Van,No Injuries Reported,Yes,raw/SGO/SGO-2021-01_Incident_Reports_ADS (1).csv
30270-10793,1,Waymo LLC,Monthly,4,2025,MAY-2025,,Jaguar,I-PACE,2024,ADS,,Waymo LLC,APR-2025,19:21,San Francisco,CA,Street,Passenger Car,No Injuries Reported,Yes,raw/SGO/SGO-2021-01_Incident_Reports_ADS (1).csv
30270-10800,1,Waymo LLC,Monthly,4,2025,MAY-2025,,Jaguar,I-Pace,2024,ADS,,Waymo LLC,APR-2025,02:37,Austin,TX,Street,Passenger Car,No Injuries Reported,Yes,raw/SGO/SGO-2021-01_Incident_Reports_ADS (1).csv
30270-10833,1,Waymo LLC,5-Day,,,MAY-2025,,Jaguar,I-PACE,2024,ADS,,Waymo LLC,MAY-2025,05:28,Tempe,AZ,Intersection,Passenger Car,No Injuries Reported,Yes,raw/SGO/SGO-2021-01_Incident_Reports_ADS (1).csv
30270-10836,1,Waymo LLC,1-Day,,,MAY-2025,,JLR,I-PACE,2021,ADS,,Waymo LLC,MAY-2025,21:49,Phoenix,AZ,Intersection,Non-Motorist: Other,No Injuries Reported,Yes,raw/SGO/SGO-2021-01_Incident_Reports_ADS (1).csv
30270-10836,2,Waymo LLC,10-Day Update,,,MAY-2025,,JLR,I-PACE,2021,ADS,,Waymo LLC,MAY-2025,21:49,Phoenix,AZ,Intersection,Non-Motorist: Other,No Injuries Reported,Yes,raw/SGO/SGO-2021-01_Incident_Reports_ADS (1).csv
30270-10837,1,Waymo LLC,5-Day,,,MAY-2025,,Jaguar,I-Pace,2024,ADS,,Waymo LLC,MAY-2025,06:54,Los Angeles,CA,Street,Passenger Car,No Injuries Reported,Yes,raw/SGO/SGO-2021-01_Incident_Reports_ADS (1).csv
30270-10838,1,Waymo LLC,5-Day,,,MAY-2025,,Jaguar,I-Pace,2024,ADS,,Waymo LLC,MAY-2025,13:52,San Francisco,CA,Intersection,Heavy Truck,No Injuries Reported,Yes,raw/SGO/SGO-2021-01_Incident_Reports_ADS (1).csv
30270-10852,1,Waymo LLC,5-Day,,,MAY-2025,,Jaguar,I-Pace,2024,ADS,,Waymo LLC,MAY-2025,22:37,Phoenix,AZ,Parking Lot,SUV,No Injuries Reported,Yes,raw/SGO/SGO-2021-01_Incident_Reports_ADS (1).csv
30270-10854,1,Waymo LLC,5-Day,,,MAY-2025,,Jaguar,I-PACE,2024,ADS,,Waymo LLC,MAY-2025,15:15,San Francisco,CA,Street,SUV,No Injuries Reported,Yes,raw/SGO/SGO-2021-01_Incident_Reports_ADS (1).csv
30270-10857,1,Waymo LLC,5-Day,,,MAY-2025,,Jaguar,I-Pace,2024,ADS,,Waymo LLC,MAY-2025,13:57,San Francisco,CA,Street,SUV,No Injuries Reported,Yes,raw/SGO/SGO-2021-01_Incident_Reports_ADS (1).csv
30270-10858,1,Waymo LLC,5-Day,,,MAY-2025,,Jaguar,I-Pace,2024,ADS,,Waymo LLC,MAY-2025,08:24,San Francisco,CA,Street,Passenger Car,No Injuries Reported,Yes,raw/SGO/SGO-2021-01_Incident_Reports_ADS (1).csv
30270-10859,1,Waymo LLC,Monthly,5,2025,JUN-2025,,Jaguar,I-Pace,2024,ADS,,Waymo LLC,MAY-2025,16:06,Los Angeles,CA,Street,Heavy Truck,No Injuries Reported,Yes,raw/SGO/SGO-2021-01_Incident_Reports_ADS (1).csv
30270-10860,1,Waymo LLC,Monthly,5,2025,JUN-2025,,Jaguar,I-Pace,2024,ADS,,Waymo LLC,MAY-2025,19:48,San Francisco,CA,Street,SUV,No Injuries Reported,Yes,raw/SGO/SGO-2021-01_Incident_Reports_ADS (1).csv
30270-10861,1,Waymo LLC,Monthly,5,2025,JUN-2025,,Jaguar,I-PACE,2024,ADS,,Waymo LLC,MAY-2025,09:33,San Francisco,CA,Street,Van,No Injuries Reported,Yes,raw/SGO/SGO-2021-01_Incident_Reports_ADS (1).csv
30270-10863,1,Waymo LLC,5-Day,,,MAY-2025,,Jaguar,I-PACE,2024,ADS,,Waymo LLC,MAY-2025,09:27,Chandler,AZ,Parking Lot,"Other, see Narrative",No Injuries Reported,Yes,raw/SGO/SGO-2021-01_Incident_Reports_ADS (1).csv
30270-10865,1,Waymo LLC,5-Day,,,MAY-2025,,Jaguar,I-Pace,2021,ADS,,Waymo LLC,MAY-2025,08:50,San Francisco,CA,Street,"Other, see Narrative",No Injuries Reported,Yes,raw/SGO/SGO-2021-01_Incident_Reports_ADS (1).csv
30270-10866,1,Waymo LLC,5-Day,,,MAY-2025,,Jaguar,I-Pace,2024,ADS,,Waymo LLC,MAY-2025,20:35,San Francisco,CA,Intersection,Passenger Car,No Injuries Reported,Yes,raw/SGO/SGO-2021-01_Incident_Reports_ADS (1).csv
30270-10868,1,Waymo LLC,1-Day,,,MAY-2025,,Jaguar,I-Pace,2021,ADS,,Waymo LLC,MAY-2025,21:08,Daly City,CA,Intersection,Passenger Car,No Injuries Reported,Yes,raw/SGO/SGO-2021-01_Incident_Reports_ADS (1).csv
30270-10868,2,Waymo LLC,10-Day Update,,,JUN-2025,,Jaguar,I-Pace,2021,ADS,,Waymo LLC,MAY-2025,21:08,Daly City,CA,Intersection,Passenger Car,No Injuries Reported,Yes,raw/SGO/SGO-2021-01_Incident_Reports_ADS (1).csv
30270-10869,1,Waymo LLC,5-Day,,,MAY-2025,,Jaguar,I-Pace,2024,ADS,,Waymo LLC,MAY-2025,07:36,Chandler,AZ,Intersection,SUV,No Injuries Reported,Yes,raw/SGO/SGO-2021-01_Incident_Reports_ADS (1).csv
30270-10884,1,Waymo LLC,Monthly,5,2025,JUN-2025,,Jaguar,I-PACE,2024,ADS,,Waymo LLC,MAY-2025,19:16,Austin,TX,Intersection,SUV,No Injuries Reported,Yes,raw/SGO/SGO-2021-01_Incident_Reports_ADS (1).csv
30270-10885,1,Waymo LLC,Monthly,5,2025,JUN-2025,,Jaguar,I-PACE,2024,ADS,,Waymo LLC,MAY-2025,08:12,San Francisco,CA,Street,Pickup Truck,No Injuries Reported,Yes,raw/SGO/SGO-2021-01_Incident_Reports_ADS (1).csv
30270-10886,1,Waymo LLC,Monthly,5,2025,JUN-2025,,Jaguar,I-PACE,2024,ADS,,Waymo LLC,MAY-2025,12:38,San Francisco,CA,Intersection,Pickup Truck,No Injuries Reported,Yes,raw/SGO/SGO-2021-01_Incident_Reports_ADS (1).csv
30270-10887,1,Waymo LLC,Monthly,5,2025,JUN-2025,,Jaguar,I-PACE,2024,ADS,,Waymo LLC,MAY-2025,21:34,San Francisco,CA,Street,SUV,No Injuries Reported,Yes,raw/SGO/SGO-2021-01_Incident_Reports_ADS (1).csv
30270-10888,1,Waymo LLC,Monthly,5,2025,JUN-2025,,Jaguar,I-Pace,2024,ADS,,Waymo LLC,MAY-2025,10:20,San Francisco,CA,Street,SUV,No Injuries Reported,Yes,raw/SGO/SGO-2021-01_Incident_Reports_ADS (1).csv
30270-10889,1,Waymo LLC,Monthly,5,2025,JUN-2025,,Jaguar,I-Pace,2024,ADS,,Waymo LLC,MAY-2025,7:37,Phoenix,AZ,Intersection,Passenger Car,No Injuries Reported,Yes,raw/SGO/SGO-2021-01_Incident_Reports_ADS (1).csv
30270-10890,1,Waymo LLC,Monthly,5,2025,JUN-2025,,Jaguar,I-Pace,2024,ADS,,Waymo LLC,MAY-2025,16:05,Los Angeles,CA,Intersection,Passenger Car,No Injuries Reported,Yes,raw/SGO/SGO-2021-01_Incident_Reports_ADS (1).csv
30270-10891,1,Waymo LLC,Monthly,4,2025,JUN-2025,,Jaguar,I-Pace,2024,ADS,,Waymo LLC,MAY-2025,3:12,Tempe,AZ,Parking Lot,Other Fixed Object,No Injuries Reported,Yes,raw/SGO/SGO-2021-01_Incident_Reports_ADS (1).csv
30270-10892,1,Waymo LLC,1-Day,,,MAY-2025,,Jaguar,I-Pace,2024,ADS,,Waymo LLC,MAY-2025,11:04,Santa Monica,CA,Street,Passenger Car,Minor,Yes,raw/SGO/SGO-2021-01_Incident_Reports_ADS (1).csv
30270-10892,2,Waymo LLC,10-Day Update,,,JUN-2025,,Jaguar,I-Pace,2024,ADS,,Waymo LLC,MAY-2025,11:04,Santa Monica,CA,Street,Passenger Car,Minor,Yes,raw/SGO/SGO-2021-01_Incident_Reports_ADS (1).csv
30270-10893,1,Waymo LLC,Monthly,4,2025,JUN-2025,,Jaguar,I-Pace,2024,ADS,,Waymo LLC,MAY-2025,20:51,Los Angeles,CA,Street,Passenger Car,No Injuries Reported,Yes,raw/SGO/SGO-2021-01_Incident_Reports_ADS (1).csv
30270-10894,1,Waymo LLC,Monthly,5,2025,JUN-2025,,Jaguar,I-Pace,2024,ADS,,Waymo LLC,MAY-2025,16:17,Los Angeles,CA,Intersection,SUV,No Injuries Reported,Yes,raw/SGO/SGO-2021-01_Incident_Reports_ADS (1).csv
30270-10897,1,Waymo LLC,Monthly,5,2025,JUN-2025,,Jaguar,I-Pace,2024,ADS,,Waymo LLC,MAY-2025,07:37,Culver City,CA,Street,SUV,No Injuries Reported,Yes,raw/SGO/SGO-2021-01_Incident_Reports_ADS (1).csv
30270-10898,1,Waymo LLC,Monthly,4,2025,JUN-2025,,Jaguar,I-Pace,2024,ADS,,Waymo LLC,MAY-2025,15:11,San Francisco,CA,Street,SUV,No Injuries Reported,Yes,raw/SGO/SGO-2021-01_Incident_Reports_ADS (1).csv
30270-10899,1,Waymo LLC,5-Day,,,MAY-2025,,Jaguar,I-Pace,2024,ADS,,Waymo LLC,MAY-2025,18:14,San Francisco,CA,Street,Pickup Truck,No Injuries Reported,Yes,raw/SGO/SGO-2021-01_Incident_Reports_ADS (1).csv
30270-10900,1,Waymo LLC,5-Day,,,MAY-2025,,Jaguar,I-Pace,2021,ADS,,Waymo LLC,MAY-2025,02:54,San Francisco,CA,Intersection,Passenger Car,No Injuries Reported,Yes,raw/SGO/SGO-2021-01_Incident_Reports_ADS (1).csv
30270-10909,1,Waymo LLC,5-Day,,,MAY-2025,,Jaguar,I-Pace,2024,ADS,,Waymo LLC,MAY-2025,13:49,San Francisco,CA,Street,"Other, see Narrative",No Injuries Reported,Yes,raw/SGO/SGO-2021-01_Incident_Reports_ADS (1).csv
30270-10912,1,Waymo LLC,5-Day,,,MAY-2025,,Jaguar,I-Pace,2024,ADS,,Waymo LLC,MAY-2025,16:27,Austin,TX,Street,Pickup Truck,No Injuries Reported,Yes,raw/SGO/SGO-2021-01_Incident_Reports_ADS (1).csv
30270-10915,1,Waymo LLC,Monthly,5,2025,JUN-2025,,Jaguar,I-Pace,2024,ADS,,Waymo LLC,MAY-2025,19:07,Venice,CA,Street,SUV,No Injuries Reported,Yes,raw/SGO/SGO-2021-01_Incident_Reports_ADS (1).csv
30270-10916,1,Waymo LLC,Monthly,5,2025,JUN-2025,,Jaguar,I-Pace,2021,ADS,,Waymo LLC,MAY-2025,19:27,Tempe,AZ,Intersection,Passenger Car,No Injuries Reported,Yes,raw/SGO/SGO-2021-01_Incident_Reports_ADS (1).csv
30270-10917,1,Waymo LLC,Monthly,5,2025,JUN-2025,,Jaguar,I-Pace,2024,ADS,,Waymo LLC,MAY-2025,12:06,San Francisco,CA,Street,SUV,No Injuries Reported,Yes,raw/SGO/SGO-2021-01_Incident_Reports_ADS (1).csv
30270-10918,1,Waymo LLC,Monthly,5,2025,JUN-2025,,Jaguar,I-Pace,2024,ADS,,Waymo LLC,MAY-2025,15:25,Beverly Hills,CA,Street,SUV,No Injuries Reported,Yes,raw/SGO/SGO-2021-01_Incident_Reports_ADS (1).csv
30270-10919,1,Waymo LLC,Monthly,5,2025,JUN-2025,,Jaguar,I-Pace,2024,ADS,,Waymo LLC,MAY-2025,05:41,Los Angeles,CA,Street,Passenger Car,No Injuries Reported,Yes,raw/SGO/SGO-2021-01_Incident_Reports_ADS (1).csv
30270-10920,1,Waymo LLC,Monthly,5,2025,JUN-2025,,Jaguar,I-Pace,2024,ADS,,Waymo LLC,MAY-2025,22:51,Austin,TX,Parking Lot,Passenger Car,No Injuries Reported,Yes,raw/SGO/SGO-2021-01_Incident_Reports_ADS (1).csv
30270-10921,1,Waymo LLC,Monthly,5,2025,JUN-2025,,Jaguar,I-Pace,2024,ADS,,Waymo LLC,MAY-2025,11:40,San Francisco,CA,Street,SUV,No Injuries Reported,Yes,raw/SGO/SGO-2021-01_Incident_Reports_ADS (1).csv
30270-10923,1,Waymo LLC,Monthly,5,2025,JUN-2025,,Jaguar,I-PACE,2024,ADS,,Waymo LLC,MAY-2025,16:53,Phoenix,AZ,Intersection,Pickup Truck,No Injuries Reported,Yes,raw/SGO/SGO-2021-01_Incident_Reports_ADS (1).csv
30270-10924,1,Waymo LLC,Monthly,5,2025,JUN-2025,,Jaguar,I-PACE,2024,ADS,,Waymo LLC,MAY-2025,15:40,San Francisco,CA,Street,SUV,No Injuries Reported,Yes,raw/SGO/SGO-2021-01_Incident_Reports_ADS (1).csv
30270-10925,1,Waymo LLC,Monthly,5,2025,JUN-2025,,Jaguar,I-PACE,2024,ADS,,Waymo LLC,MAY-2025,20:31,Los Angeles,CA,Street,Pickup Truck,No Injuries Reported,Yes,raw/SGO/SGO-2021-01_Incident_Reports_ADS (1).csv
30270-10926,1,Waymo LLC,Monthly,5,2025,JUN-2025,,Jaguar,I-Pace,2021,ADS,,Waymo LLC,MAY-2025,08:30,San Francisco,CA,Street,Bus,No Injuries Reported,Yes,raw/SGO/SGO-2021-01_Incident_Reports_ADS (1).csv
30270-10927,1,Waymo LLC,5-Day,,,JUN-2025,,Jaguar,I-Pace,2024,ADS,,Waymo LLC,MAY-2025,05:48,San Francisco,CA,Street,Heavy Truck,No Injuries Reported,Yes,raw/SGO/SGO-2021-01_Incident_Reports_ADS (1).csv
30270-10928,1,Waymo LLC,Monthly,5,2025,JUN-2025,,Jaguar,I-PACE,2021,ADS,,Waymo LLC,MAY-2025,16:12,San Francisco,CA,Street,Passenger Car,No Injuries Reported,Yes,raw/SGO/SGO-2021-01_Incident_Reports_ADS (1).csv
30270-10946,1,Waymo LLC,Monthly,5,2025,JUN-2025,,Jaguar,I-PACE,2024,ADS,,Waymo LLC,MAY-2025,07:58,Austin,TX,Street,Heavy Truck,No Injuries Reported,Yes,raw/SGO/SGO-2021-01_Incident_Reports_ADS (1).csv
30270-10951,1,Waymo LLC,Monthly,5,2025,JUN-2025,,Jaguar,I-PACE,2024,ADS,,Waymo LLC,MAY-2025,13:29,San Francisco,CA,Intersection,Passenger Car,No Injuries Reported,Yes,raw/SGO/SGO-2021-01_Incident_Reports_ADS (1).csv
30270-10952,1,Waymo LLC,Monthly,5,2025,JUN-2025,,Jaguar,I-PACE,2024,ADS,,Waymo LLC,MAY-2025,14:23,San Francisco,CA,Street,Van,No Injuries Reported,Yes,raw/SGO/SGO-2021-01_Incident_Reports_ADS (1).csv
30270-10953,1,Waymo LLC,Monthly,5,2025,JUN-2025,,Jaguar,I-PACE,2024,ADS,,Waymo LLC,MAY-2025,21:38,Los Angeles,CA,Street,Passenger Car,No Injuries Reported,Yes,raw/SGO/SGO-2021-01_Incident_Reports_ADS (1).csv
30270-10954,1,Waymo LLC,Monthly,5,2025,JUN-2025,,Jaguar,I-PACE,2024,ADS,,Waymo LLC,MAY-2025,13:51,Atlanta,GA,Street,SUV,No Injuries Reported,Yes,raw/SGO/SGO-2021-01_Incident_Reports_ADS (1).csv
30270-10955,1,Waymo LLC,Monthly,5,2025,JUN-2025,,Jaguar,I-Pace,2024,ADS,,Waymo LLC,MAY-2025,14:46,Venice,CA,Street,Passenger Car,No Injuries Reported,Yes,raw/SGO/SGO-2021-01_Incident_Reports_ADS (1).csv
30270-10956,1,Waymo LLC,Monthly,5,2025,JUN-2025,,Jaguar,I-Pace,2024,ADS,,Waymo LLC,MAY-2025,11:35,Los Angeles,CA,Street,SUV,No Injuries Reported,Yes,raw/SGO/SGO-2021-01_Incident_Reports_ADS (1).csv
30270-10957,1,Waymo LLC,Monthly,5,2025,JUN-2025,,Jaguar,I-Pace,2024,ADS,,Waymo LLC,MAY-2025,09:14,Phoenix,AZ,Street,Animal,No Injuries Reported,Yes,raw/SGO/SGO-2021-01_Incident_Reports_ADS (1).csv
30270-10958,1,Waymo LLC,Monthly,5,2025,JUN-2025,,Jaguar,I-Pace,2024,ADS,,Waymo LLC,MAY-2025,20:28,Los Angeles,CA,Street,SUV,No Injuries Reported,Yes,raw/SGO/SGO-2021-01_Incident_Reports_ADS (1).csv
30270-10959,1,Waymo LLC,Monthly,5,2025,JUN-2025,,Jaguar,I-Pace,2024,ADS,,Waymo LLC,MAY-2025,22:35,San Francisco,CA,Intersection,SUV,No Injuries Reported,Yes,raw/SGO/SGO-2021-01_Incident_Reports_ADS (1).csv
30270-10960,1,Waymo LLC,Monthly,5,2025,JUN-2025,,Jaguar,I-Pace,2024,ADS,,Waymo LLC,MAY-2025,13:27,San Francisco,CA,Street,SUV,No Injuries Reported,Yes,raw/SGO/SGO-2021-01_Incident_Reports_ADS (1).csv
30270-10961,1,Waymo LLC,Monthly,5,2025,JUN-2025,,Jaguar,I-Pace,2024,ADS,,Waymo LLC,MAY-2025,18:02,San Francisco,CA,Street,Passenger Car,No Injuries Reported,Yes,raw/SGO/SGO-2021-01_Incident_Reports_ADS (1).csv
30270-10962,1,Waymo LLC,Monthly,5,2025,JUN-2025,,Jaguar,I-Pace,2021,ADS,,Waymo LLC,MAY-2025,17:32,San Francisco,CA,Street,Van,No Injuries Reported,Yes,raw/SGO/SGO-2021-01_Incident_Reports_ADS (1).csv
30270-10963,1,Waymo LLC,Monthly,5,2025,JUN-2025,,Jaguar,I-Pace,2024,ADS,,Waymo LLC,MAY-2025,11:10,Los Angeles,CA,Parking Lot,SUV,No Injuries Reported,Yes,raw/SGO/SGO-2021-01_Incident_Reports_ADS (1).csv
30270-10964,1,Waymo LLC,Monthly,5,2025,JUN-2025,,Jaguar,I-Pace,2024,ADS,,Waymo LLC,MAY-2025,17:57,San Francisco,CA,Intersection,Pickup Truck,No Injuries Reported,Yes,raw/SGO/SGO-2021-01_Incident_Reports_ADS (1).csv
30270-10965,1,Waymo LLC,Monthly,5,2025,JUN-2025,,Jaguar,I-Pace,2021,ADS,,Waymo LLC,MAY-2025,22:38,Tempe,AZ,Intersection,Passenger Car,No Injuries Reported,Yes,raw/SGO/SGO-2021-01_Incident_Reports_ADS (1).csv
30270-10966,1,Waymo LLC,Monthly,5,2025,JUN-2025,,Jaguar,I-Pace,2024,ADS,,Waymo LLC,MAY-2025,21:57,Los Angeles,CA,Street,SUV,No Injuries Reported,Yes,raw/SGO/SGO-2021-01_Incident_Reports_ADS (1).csv
30270-10967,1,Waymo LLC,Monthly,5,2025,JUN-2025,,Jaguar,I-Pace,2024,ADS,,Waymo LLC,MAY-2025,01:26,Phoenix,AZ,Parking Lot,Passenger Car,No Injuries Reported,Yes,raw/SGO/SGO-2021-01_Incident_Reports_ADS (1).csv
30270-10968,1,Waymo LLC,Monthly,5,2025,JUN-2025,,Jaguar,I-PACE,2024,ADS,,Waymo LLC,MAY-2025,18:43,San Francisco,CA,Street,Van,No Injuries Reported,Yes,raw/SGO/SGO-2021-01_Incident_Reports_ADS (1).csv
30270-10969,1,Waymo LLC,Monthly,5,2025,JUN-2025,,Jaguar,I-Pace,2024,ADS,,Waymo LLC,MAY-2025,14:13,San Francisco,CA,Street,Van,Minor,Yes,raw/SGO/SGO-2021-01_Incident_Reports_ADS (1).csv
30270-10970,1,Waymo LLC,Monthly,5,2025,JUN-2025,,Jaguar,I-PACE,2024,ADS,,Waymo LLC,MAY-2025,13:33,San Francisco,CA,Street,Heavy Truck,No Injuries Reported,Yes,raw/SGO/SGO-2021-01_Incident_Reports_ADS (1).csv
30270-10971,1,Waymo LLC,Monthly,5,2025,JUN-2025,,Jaguar,I-Pace,2024,ADS,,Waymo LLC,MAY-2025,15:30,Washington,DC,Street,Bus,No Injuries Reported,Yes,raw/SGO/SGO-2021-01_Incident_Reports_ADS (1).csv
30270-10972,1,Waymo LLC,Monthly,5,2025,JUN-2025,,Jaguar,I-Pace,2024,ADS,,Waymo LLC,MAY-2025,06:07,Culver City,CA,Street,SUV,No Injuries Reported,Yes,raw/SGO/SGO-2021-01_Incident_Reports_ADS (1).csv
30270-10973,1,Waymo LLC,Monthly,5,2025,JUN-2025,,Jaguar,I-Pace,2024,ADS,,Waymo LLC,MAY-2025,09:47,San Francisco,CA,Street,"Other, see Narrative",No Injuries Reported,Yes,raw/SGO/SGO-2021-01_Incident_Reports_ADS (1).csv
30270-10974,1,Waymo LLC,Monthly,5,2025,JUN-2025,,Jaguar,I-Pace,2024,ADS,,Waymo LLC,MAY-2025,13:41,Los Angeles,CA,Street,SUV,No Injuries Reported,Yes,raw/SGO/SGO-2021-01_Incident_Reports_ADS (1).csv
30270-10975,1,Waymo LLC,Monthly,5,2025,JUN-2025,,Jaguar,I-Pace,2024,ADS,,Waymo LLC,MAY-2025,18:07,Los Angeles,CA,Street,SUV,No Injuries Reported,Yes,raw/SGO/SGO-2021-01_Incident_Reports_ADS (1).csv
30270-10976,1,Waymo LLC,Monthly,5,2025,JUN-2025,,Jaguar,I-Pace,2024,ADS,,Waymo LLC,MAY-2025,07:40,San Francisco,CA,Street,Passenger Car,No Injuries Reported,Yes,raw/SGO/SGO-2021-01_Incident_Reports_ADS (1).csv
30270-10977,1,Waymo LLC,1-Day,,,JUN-2025,,Jaguar,I-Pace,2024,ADS,,Waymo LLC,JUN-2025,14:12,San Francisco,CA,Street,Non-Motorist: Other,No Injuries Reported,Yes,raw/SGO/SGO-2021-01_Incident_Reports_ADS (1).csv
30270-10977,2,Waymo LLC,10-Day Update,,,JUN-2025,,Jaguar,I-Pace,2024,ADS,,Waymo LLC,JUN-2025,14:12,San Francisco,CA,Street,Non-Motorist: Other,No Injuries Reported,Yes,raw/SGO/SGO-2021-01_Incident_Reports_ADS (1).csv
30270-10980,1,Waymo LLC,5-Day,,,JUN-2025,,Jaguar,I-Pace,2021,ADS,,Waymo LLC,MAY-2025,18:42,Tempe,AZ,Street,Bus,No Injuries Reported,Yes,raw/SGO/SGO-2021-01_Incident_Reports_ADS (1).csv
30270-10991,1,Waymo LLC,5-Day,,,JUN-2025,,Jaguar,I-Pace,2024,ADS,,Waymo LLC,MAY-2025,19:51,San Francisco,CA,Intersection,Passenger Car,No Injuries Reported,Yes,raw/SGO/SGO-2021-01_Incident_Reports_ADS (1).csv
30270-10998,1,Waymo LLC,5-Day,,,JUN-2025,,Jaguar,I-Pace,2024,ADS,,Waymo LLC,JUN-2025,00:04,Venice,CA,Street,Pickup Truck,No Injuries Reported,Yes,raw/SGO/SGO-2021-01_Incident_Reports_ADS (1).csv
30270-11001,1,Waymo LLC,Monthly,5,2025,JUN-2025,,Jaguar,I-Pace,2024,ADS,,Waymo LLC,MAY-2025,11:46,Atlanta,GA,Street,"Other, see Narrative",No Injuries Reported,Yes,raw/SGO/SGO-2021-01_Incident_Reports_ADS (1).csv
30270-11002,1,Waymo LLC,Monthly,5,2025,JUN-2025,,Jaguar,I-Pace,2024,ADS,,Waymo LLC,MAY-2025,23:31,San Francisco,CA,Street,Pickup Truck,No Injuries Reported,Yes,raw/SGO/SGO-2021-01_Incident_Reports_ADS (1).csv
30270-11003,1,Waymo LLC,5-Day,,,JUN-2025,,Jaguar,I-Pace,2024,ADS,,Waymo LLC,MAY-2025,01:14,Austin,TX,Intersection,"Other, see Narrative",Minor,Yes,raw/SGO/SGO-2021-01_Incident_Reports_ADS (1).csv
30270-11005,1,Waymo LLC,5-Day,,,JUN-2025,,Jaguar,I-PACE,2024,ADS,,Waymo LLC,MAY-2025,17:05,San Francisco,CA,Street,SUV,No Injuries Reported,Yes,raw/SGO/SGO-2021-01_Incident_Reports_ADS (1).csv
30270-11007,1,Waymo LLC,5-Day,,,JUN-2025,,Jaguar,I-Pace,2024,ADS,,Waymo LLC,MAY-2025,05:41,Austin,TX,Street,Other Fixed Object,No Injuries Reported,Yes,raw/SGO/SGO-2021-01_Incident_Reports_ADS (1).csv
30270-11010,1,Waymo LLC,Monthly,5,2025,JUN-2025,,Jaguar,I-Pace,2024,ADS,,Waymo LLC,MAY-2025,06:18,Atlanta,GA,Street,"Other, see Narrative",No Injuries Reported,Yes,raw/SGO/SGO-2021-01_Incident_Reports_ADS (1).csv
30270-11013,1,Waymo LLC,5-Day,,,JUN-2025,,Jaguar,I-Pace,2021,ADS,,Waymo LLC,JUN-2025,03:52,Phoenix,AZ,Street,Passenger Car,No Injuries Reported,Yes,raw/SGO/SGO-2021-01_Incident_Reports_ADS (1).csv
30270-11014,1,Waymo LLC,1-Day,,,JUN-2025,,Jaguar,I-Pace,2024,ADS,,Waymo LLC,JUN-2025,19:00,San Francisco,CA,Street,Non-Motorist: Other,No Injuries Reported,Yes,raw/SGO/SGO-2021-01_Incident_Reports_ADS (1).csv
30270-11014,2,Waymo LLC,10-Day Update,,,JUN-2025,,Jaguar,I-Pace,2024,ADS,,Waymo LLC,JUN-2025,19:00,San Francisco,CA,Street,Non-Motorist: Other,No Injuries Reported,Yes,raw/SGO/SGO-2021-01_Incident_Reports_ADS (1).csv
30270-11015,1,Waymo LLC,5-Day,,,JUN-2025,,Jaguar,I-Pace,2024,ADS,,Waymo LLC,JUN-2025,19:20,Scottsdale,AZ,Street,Pickup Truck,No Injuries Reported,Yes,raw/SGO/SGO-2021-01_Incident_Reports_ADS (1).csv
30270-11016,1,Waymo LLC,1-Day,,,JUN-2025,,Jaguar,I-Pace,2024,ADS,,Waymo LLC,JUN-2025,07:50,San Francisco,CA,Street,Non-Motorist: Other,No Injuries Reported,Yes,raw/SGO/SGO-2021-01_Incident_Reports_ADS (1).csv
30270-11016,2,Waymo LLC,10-Day Update,,,JUN-2025,,Jaguar,I-Pace,2024,ADS,,Waymo LLC,JUN-2025,07:50,San Francisco,CA,Street,Non-Motorist: Other,Moderate,Yes,raw/SGO/SGO-2021-01_Incident_Reports_ADS (1).csv
30270-11019,1,Waymo LLC,Monthly,5,2025,JUN-2025,,Jaguar,I-Pace,2024,ADS,,Waymo LLC,MAY-2025,17:04,Los Angeles,CA,Street,Passenger Car,No Injuries Reported,Yes,raw/SGO/SGO-2021-01_Incident_Reports_ADS (1).csv
30270-11035,1,Waymo LLC,Monthly,5,2025,JUN-2025,,Jaguar,I-Pace,2021,ADS,,Waymo LLC,MAY-2025,21:32,San Francisco,CA,Street,Passenger Car,No Injuries Reported,Yes,raw/SGO/SGO-2021-01_Incident_Reports_ADS (1).csv
30270-11044,1,Waymo LLC,1-Day,,,JUN-2025,,Jaguar,I-Pace,2021,ADS,,Waymo LLC,JUN-2025,17:07,San Francisco,CA,Street,Non-Motorist: Cyclist,No Injuries Reported,Yes,raw/SGO/SGO-2021-01_Incident_Reports_ADS (1).csv
30270-11046,1,Waymo LLC,5-Day,,,JUN-2025,,Jaguar,I-Pace,2024,ADS,,Waymo LLC,JUN-2025,15:02,San Francisco,CA,Street,Passenger Car,No Injuries Reported,Yes,raw/SGO/SGO-2021-01_Incident_Reports_ADS (1).csv
30270-11058,1,Waymo LLC,5-Day,,,JUN-2025,,Jaguar,I-Pace,2024,ADS,,Waymo LLC,MAY-2025,11:02,Atlanta,GA,Street,"Other, see Narrative",No Injuries Reported,Yes,raw/SGO/SGO-2021-01_Incident_Reports_ADS (1).csv
30270-11062,1,Waymo LLC,Monthly,5,2025,JUN-2025,,Jaguar,I-Pace,2024,ADS,,Waymo LLC,MAY-2025,18:54,Austin,TX,Street,"Other, see Narrative",No Injuries Reported,Yes,raw/SGO/SGO-2021-01_Incident_Reports_ADS (1).csv
30270-11063,1,Waymo LLC,Monthly,5,2025,JUN-2025,,Jaguar,I-Pace,2024,ADS,,Waymo LLC,MAY-2025,10:00,Phoenix,AZ,Parking Lot,Passenger Car,No Injuries Reported,Yes,raw/SGO/SGO-2021-01_Incident_Reports_ADS (1).csv
30270-11066,1,Waymo LLC,Monthly,5,2025,JUN-2025,,Jaguar,I-Pace,2024,ADS,,Waymo LLC,MAY-2025,07:51,San Francisco,CA,Street,SUV,No Injuries Reported,Yes,raw/SGO/SGO-2021-01_Incident_Reports_ADS (1).csv
30270-11067,1,Waymo LLC,Monthly,5,2025,JUN-2025,,Jaguar,I-Pace,2024,ADS,,Waymo LLC,MAY-2025,21:25,San Francisco,CA,Street,Passenger Car,No Injuries Reported,Yes,raw/SGO/SGO-2021-01_Incident_Reports_ADS (1).csv
30270-11085,1,Waymo LLC,5-Day,,,JUN-2025,,Jaguar,I-Pace,2024,ADS,,Waymo LLC,JUN-2025,07:56,Austin,TX,Street,SUV,No Injuries Reported,Yes,raw/SGO/SGO-2021-01_Incident_Reports_ADS (1).csv
30270-11087,1,Waymo LLC,5-Day,,,JUN-2025,,Jaguar,I-Pace,2021,ADS,,Waymo LLC,JUN-2025,12:23,Phoenix,AZ,Street,Passenger Car,No Injuries Reported,Yes,raw/SGO/SGO-2021-01_Incident_Reports_ADS (1).csv
30270-11088,1,Waymo LLC,5-Day,,,JUN-2025,,Jaguar,I-Pace,2024,ADS,,Waymo LLC,JUN-2025,15:59,Austin,TX,Parking Lot,Other Fixed Object,No Injuries Reported,Yes,raw/SGO/SGO-2021-01_Incident_Reports_ADS (1).csv
30270-11146,1,Waymo LLC,5-Day,,,JUN-2025,Y,JAGUAR,I-PACE,2024,ADS,Verified Engaged,Waymo LLC,JUN-2025,13:28,Austin,TX,Street,"Other, see Narrative",Property Damage. No Injured Reported,Yes,raw/SGO/SGO-2021-01_Incident_Reports_ADS.csv
30270-11160,1,Waymo LLC,Monthly,6,2025,JUL-2025,Y,JAGUAR,I-PACE,2024,ADS,Verified Engaged,Waymo LLC,JUN-2025,23:46,Phoenix,AZ,Intersection,Passenger Car,Property Damage. No Injured Reported,Yes,raw/SGO/SGO-2021-01_Incident_Reports_ADS.csv
30270-11161,1,Waymo LLC,Monthly,6,2025,JUL-2025,Y,JAGUAR,I-PACE,2021,ADS,Verified Engaged,Waymo LLC,JUN-2025,05:04,Tempe,AZ,Parking Lot,"Other, see Narrative",Property Damage. No Injured Reported,Yes,raw/SGO/SGO-2021-01_Incident_Reports_ADS.csv
30270-11162,1,Waymo LLC,Monthly,6,2025,JUL-2025,Y,JAGUAR,I-PACE,2024,ADS,Verified Engaged,Waymo LLC,JUN-2025,16:47,San Francisco,CA,Street,SUV,Property Damage. No Injured Reported,Yes,raw/SGO/SGO-2021-01_Incident_Reports_ADS.csv
30270-11163,1,Waymo LLC,Monthly,6,2025,JUL-2025,Y,JAGUAR,I-PACE,2024,ADS,Verified Engaged,Waymo LLC,JUN-2025,15:21,San Francisco,CA,Street,Van,Property Damage. No Injured Reported,Yes,raw/SGO/SGO-2021-01_Incident_Reports_ADS.csv
30270-11167,1,Waymo LLC,Monthly,6,2025,JUL-2025,Y,JAGUAR,I-PACE,2021,ADS,Verified Engaged,Waymo LLC,JUN-2025,15:47,Scottsdale,AZ,Street,Passenger Car,Property Damage. No Injured Reported,Yes,raw/SGO/SGO-2021-01_Incident_Reports_ADS.csv
30270-11170,1,Waymo LLC,Monthly,6,2025,JUL-2025,Y,JAGUAR,I-PACE,2024,ADS,Verified Engaged,Waymo LLC,JUN-2025,09:26,San Francisco,CA,Street,Passenger Car,Property Damage. No Injured Reported,Yes,raw/SGO/SGO-2021-01_Incident_Reports_ADS.csv
30270-11171,1,Waymo LLC,Monthly,6,2025,JUL-2025,Y,JAGUAR,I-PACE,2024,ADS,Verified Engaged,Waymo LLC,JUN-2025,07:57,San Francisco,CA,Street,Van,Property Damage. No Injured Reported,Yes,raw/SGO/SGO-2021-01_Incident_Reports_ADS.csv
30270-11172,1,Waymo LLC,Monthly,6,2025,JUL-2025,Y,JAGUAR,I-PACE,2024,ADS,Verified Engaged,Waymo LLC,JUN-2025,19:07,Los Angeles,CA,Street,SUV,Property Damage. No Injured Reported,Yes,raw/SGO/SGO-2021-01_Incident_Reports_ADS.csv
30270-11173,1,Waymo LLC,Monthly,6,2025,JUL-2025,Y,JAGUAR,I-PACE,2024,ADS,Verified Engaged,Waymo LLC,JUN-2025,21:36,Austin,TX,Street,Pickup Truck,Property Damage. No Injured Reported,Yes,raw/SGO/SGO-2021-01_Incident_Reports_ADS.csv
30270-11174,1,Waymo LLC,5-Day,,,JUN-2025,Y,JAGUAR,I-PACE,2024,ADS,Verified Engaged,Waymo LLC,JUN-2025,08:16,Chandler,AZ,Parking Lot,Other Fixed Object,No Injured Reported,Yes,raw/SGO/SGO-2021-01_Incident_Reports_ADS.csv
30270-11175,1,Waymo LLC,Monthly,6,2025,JUL-2025,Y,JAGUAR,I-PACE,2021,ADS,Verified Engaged,Waymo LLC,JUN-2025,13:51,San Francisco,CA,Street,SUV,Property Damage. No Injured Reported,Yes,raw/SGO/SGO-2021-01_Incident_Reports_ADS.csv
30270-11177,1,Waymo LLC,Monthly,6,2025,JUL-2025,Y,JAGUAR,I-PACE,2021,ADS,Verified Engaged,Waymo LLC,JUN-2025,12:45,Phoenix,AZ,Intersection,SUV,Property Damage. No Injured Reported,Yes,raw/SGO/SGO-2021-01_Incident_Reports_ADS.csv
30270-11189,1,Waymo LLC,5-Day,,,JUN-2025,Y,JAGUAR,I-PACE,2024,ADS,Verified Engaged,Waymo LLC,JUN-2025,09:00,San Francisco,CA,Street,Heavy Truck,Property Damage. No Injured Reported,Yes,raw/SGO/SGO-2021-01_Incident_Reports_ADS.csv
30270-11190,1,Waymo LLC,5-Day,,,JUN-2025,Y,JAGUAR,I-PACE,2024,ADS,Verified Engaged,Waymo LLC,JUN-2025,02:46,Phoenix,AZ,Intersection,Passenger Car,Property Damage. No Injured Reported,Yes,raw/SGO/SGO-2021-01_Incident_Reports_ADS.csv
30270-11192,1,Waymo LLC,5-Day,,,JUN-2025,Y,JAGUAR,I-PACE,2024,ADS,Verified Engaged,Waymo LLC,JUN-2025,14:27,San Francisco,CA,Street,Passenger Car,Minor W/ Hospitalization,Yes,raw/SGO/SGO-2021-01_Incident_Reports_ADS.csv
30270-11193,1,Waymo LLC,Monthly,6,2025,JUL-2025,Y,JAGUAR,I-PACE,2024,ADS,Verified Engaged,Waymo LLC,JUN-2025,02:13,Los Angeles,CA,Parking Lot,Other Fixed Object,Property Damage. No Injured Reported,Yes,raw/SGO/SGO-2021-01_Incident_Reports_ADS.csv
30270-11194,1,Waymo LLC,Monthly,6,2025,JUL-2025,Y,JAGUAR,I-PACE,2024,ADS,Verified Engaged,Waymo LLC,JUN-2025,16:18,San Francisco,CA,Intersection,SUV,Property Damage. No Injured Reported,Yes,raw/SGO/SGO-2021-01_Incident_Reports_ADS.csv
30270-11195,1,Waymo LLC,Monthly,6,2025,JUL-2025,Y,JAGUAR,I-PACE,2021,ADS,Verified Engaged,Waymo LLC,JUN-2025,18:34,San Bruno,CA,Street,"Other, see Narrative",Property Damage. No Injured Reported,Yes,raw/SGO/SGO-2021-01_Incident_Reports_ADS.csv
30270-11196,1,Waymo LLC,Monthly,6,2025,JUL-2025,Y,JAGUAR,I-PACE,2021,ADS,Verified Engaged,Waymo LLC,JUN-2025,07:19,San Francisco,CA,Street,Pickup Truck,Property Damage. No Injured Reported,Yes,raw/SGO/SGO-2021-01_Incident_Reports_ADS.csv
30270-11204,1,Waymo LLC,5-Day,,,JUN-2025,Y,JAGUAR,I-PACE,2021,ADS,Verified Engaged,Waymo LLC,JUN-2025,05:58,Phoenix,AZ,Parking Lot,Van,No Injured Reported,Yes,raw/SGO/SGO-2021-01_Incident_Reports_ADS.csv
30270-11205,1,Waymo LLC,5-Day,,,JUN-2025,Y,JAGUAR,I-PACE,2024,ADS,Verified Engaged,Waymo LLC,JUN-2025,22:04,San Francisco,CA,Intersection,Non-Motorist: Cyclist,Minor W/ Hospitalization,Yes,raw/SGO/SGO-2021-01_Incident_Reports_ADS.csv
30270-11206,1,Waymo LLC,Monthly,6,2025,JUL-2025,Y,JAGUAR,I-PACE,2021,ADS,Verified Engaged,Waymo LLC,JUN-2025,23:04,Phoenix,AZ,Intersection,"Other, see Narrative",Property Damage. No Injured Reported,Yes,raw/SGO/SGO-2021-01_Incident_Reports_ADS.csv
30270-11207,1,Waymo LLC,Monthly,6,2025,JUL-2025,Y,JAGUAR,I-PACE,2024,ADS,Verified Engaged,Waymo LLC,JUN-2025,17:01,Santa Monica,CA,Street,Passenger Car,Property Damage. No Injured Reported,Yes,raw/SGO/SGO-2021-01_Incident_Reports_ADS.csv
30270-11208,1,Waymo LLC,Monthly,6,2025,JUL-2025,Y,JAGUAR,I-PACE,2024,ADS,Verified Engaged,Waymo LLC,JUN-2025,21:05,Austin,TX,Intersection,SUV,Property Damage. No Injured Reported,Yes,raw/SGO/SGO-2021-01_Incident_Reports_ADS.csv
30270-11209,1,Waymo LLC,5-Day,,,JUN-2025,Y,JAGUAR,I-PACE,2024,ADS,Verified Engaged,Waymo LLC,JUN-2025,09:05,Chandler,AZ,Parking Lot,Other Fixed Object,No Injured Reported,Yes,raw/SGO/SGO-2021-01_Incident_Reports_ADS.csv
30270-11210,1,Waymo LLC,Monthly,6,2025,JUL-2025,Y,JAGUAR,I-PACE,2024,ADS,Verified Engaged,Waymo LLC,JUN-2025,15:09,San Francisco,CA,Street,Passenger Car,Property Damage. No Injured Reported,Yes,raw/SGO/SGO-2021-01_Incident_Reports_ADS.csv
30270-11212,1,Waymo LLC,Monthly,6,2025,JUL-2025,Y,JAGUAR,I-PACE,2024,ADS,Verified Engaged,Waymo LLC,JUN-2025,22:26,Austin,TX,Street,SUV,Minor W/O Hospitalization,Yes,raw/SGO/SGO-2021-01_Incident_Reports_ADS.csv
30270-11213,1,Waymo LLC,Monthly,6,2025,JUL-2025,Y,JAGUAR,I-PACE,2024,ADS,Verified Engaged,Waymo LLC,JUN-2025,11:17,San Francisco,CA,Street,Bus,Property Damage. No Injured Reported,Yes,raw/SGO/SGO-2021-01_Incident_Reports_ADS.csv
30270-11214,1,Waymo LLC,Monthly,6,2025,JUL-2025,Y,JAGUAR,I-PACE,2024,ADS,Verified Engaged,Waymo LLC,JUN-2025,18:01,Guadalupe,AZ,Street,Passenger Car,Property Damage. No Injured Reported,Yes,raw/SGO/SGO-2021-01_Incident_Reports_ADS.csv
30270-11215,1,Waymo LLC,Monthly,6,2025,JUL-2025,Y,JAGUAR,I-PACE,2024,ADS,Verified Not Engaged,Waymo LLC,JUN-2025,21:22,Miami,FL,Street,Passenger Car,Property Damage. No Injured Reported,Yes,raw/SGO/SGO-2021-01_Incident_Reports_ADS.csv
30270-11216,1,Waymo LLC,Monthly,6,2025,JUL-2025,Y,JAGUAR,I-PACE,2024,ADS,Verified Engaged,Waymo LLC,JUN-2025,16:56,Phoenix,AZ,Street,Passenger Car,Property Damage. No Injured Reported,Yes,raw/SGO/SGO-2021-01_Incident_Reports_ADS.csv
30270-11217,1,Waymo LLC,Monthly,6,2025,JUL-2025,Y,JAGUAR,I-PACE,2024,ADS,Verified Engaged,Waymo LLC,JUN-2025,17:26,Austin,TX,Street,Passenger Car,Property Damage. No Injured Reported,Yes,raw/SGO/SGO-2021-01_Incident_Reports_ADS.csv
30270-11218,1,Waymo LLC,5-Day,,,JUN-2025,Y,JAGUAR,I-PACE,2024,ADS,Verified Engaged,Waymo LLC,JUN-2025,18:48,San Francisco,CA,Intersection,Bus,Property Damage. No Injured Reported,Yes,raw/SGO/SGO-2021-01_Incident_Reports_ADS.csv
30270-11219,1,Waymo LLC,Monthly,6,2025,JUL-2025,Y,JAGUAR,I-PACE,2024,ADS,Verified Engaged,Waymo LLC,JUN-2025,12:11,Atlanta,GA,Street,Heavy Truck,Minor W/O Hospitalization,Yes,raw/SGO/SGO-2021-01_Incident_Reports_ADS.csv
30270-11220,1,Waymo LLC,Monthly,6,2025,JUL-2025,Y,JAGUAR,I-PACE,2024,ADS,Verified Engaged,Waymo LLC,JUN-2025,23:35,Scottsdale,AZ,Street,"Other, see Narrative",Property Damage. No Injured Reported,Yes,raw/SGO/SGO-2021-01_Incident_Reports_ADS.csv
30270-11221,1,Waymo LLC,Monthly,6,2025,JUL-2025,Y,JAGUAR,I-PACE,2024,ADS,Verified Engaged,Waymo LLC,JUN-2025,16:41,Los Angeles,CA,Street,Pickup Truck,Property Damage. No Injured Reported,Yes,raw/SGO/SGO-2021-01_Incident_Reports_ADS.csv
30270-11224,1,Waymo LLC,5-Day,,,JUN-2025,Y,JAGUAR,I-PACE,2024,ADS,Verified Engaged,Waymo LLC,JUN-2025,17:34,Mesa,AZ,Street,SUV,Property Damage. No Injured Reported,Yes,raw/SGO/SGO-2021-01_Incident_Reports_ADS.csv
30270-11225,1,Waymo LLC,Monthly,6,2025,JUL-2025,Y,JAGUAR,I-PACE,2024,ADS,Verified Engaged,Waymo LLC,JUN-2025,13:09,San Francisco,CA,Street,Passenger Car,Property Damage. No Injured Reported,Yes,raw/SGO/SGO-2021-01_Incident_Reports_ADS.csv
30270-11238,1,Waymo LLC,5-Day,,,JUL-2025,Y,JAGUAR,I-PACE,2024,ADS,Verified Engaged,Waymo LLC,JUN-2025,22:56,Austin,TX,Intersection,Passenger Car,Property Damage. No Injured Reported,Yes,raw/SGO/SGO-2021-01_Incident_Reports_ADS.csv
30270-11239,1,Waymo LLC,Monthly,6,2025,JUL-2025,Y,JAGUAR,I-PACE,2024,ADS,Verified Engaged,Waymo LLC,JUN-2025,00:18,Los Angeles,CA,Parking Lot,"Other, see Narrative",Property Damage. No Injured Reported,Yes,raw/SGO/SGO-2021-01_Incident_Reports_ADS.csv
30270-11244,1,Waymo LLC,5-Day,,,JUL-2025,Y,JAGUAR,I-PACE,2024,ADS,Verified Engaged,Waymo LLC,JUN-2025,00:03,San Francisco,CA,Intersection,SUV,Property Damage. No Injured Reported,Yes,raw/SGO/SGO-2021-01_Incident_Reports_ADS.csv
30270-11245,1,Waymo LLC,5-Day,,,JUL-2025,Y,JAGUAR,I-PACE,2024,ADS,Verified Engaged,Waymo LLC,JUN-2025,18:52,Los Angeles,CA,Intersection,SUV,Minor W/O Hospitalization,Yes,raw/SGO/SGO-2021-01_Incident_Reports_ADS.csv
30270-11246,1,Waymo LLC,5-Day,,,JUL-2025,Y,JAGUAR,I-PACE,2024,ADS,Verified Engaged,Waymo LLC,JUN-2025,18:59,Austin,TX,Intersection,Pickup Truck,Property Damage. No Injured Reported,Yes,raw/SGO/SGO-2021-01_Incident_Reports_ADS.csv
30270-11247,1,Waymo LLC,5-Day,,,JUL-2025,Y,JAGUAR,I-PACE,2024,ADS,Verified Engaged,Waymo LLC,JUN-2025,18:11,Austin,TX,Street,Heavy Truck,Property Damage. No Injured Reported,Yes,raw/SGO/SGO-2021-01_Incident_Reports_ADS.csv
30270-11249,1,Waymo LLC,5-Day,,,JUL-2025,Y,JAGUAR,I-PACE,2024,ADS,Verified Engaged,Waymo LLC,JUN-2025,11:26,Los Angeles,CA,Street,Pickup Truck,Property Damage. No Injured Reported,Yes,raw/SGO/SGO-2021-01_Incident_Reports_ADS.csv
30270-11250,1,Waymo LLC,Monthly,6,2025,JUL-2025,Y,JAGUAR,I-PACE,2024,ADS,Verified Engaged,Waymo LLC,JUN-2025,22:36,Los Angeles,CA,Street,Van,Property Damage. No Injured Reported,Yes,raw/SGO/SGO-2021-01_Incident_Reports_ADS.csv
30270-11273,1,Waymo LLC,5-Day,,,JUL-2025,Y,JAGUAR,I-PACE,2024,ADS,Verified Engaged,Waymo LLC,JUL-2025,16:19,Inglewood,CA,Street,Heavy Truck,Minor W/O Hospitalization,Yes,raw/SGO/SGO-2021-01_Incident_Reports_ADS.csv
30270-11275,1,Waymo LLC,Monthly,6,2025,JUL-2025,Y,JAGUAR,I-PACE,2024,ADS,Verified Engaged,Waymo LLC,JUN-2025,23:29,Scottsdale,AZ,Street,"Other, see Narrative",Property Damage. No Injured Reported,Yes,raw/SGO/SGO-2021-01_Incident_Reports_ADS.csv
30270-11276,1,Waymo LLC,Monthly,6,2025,JUL-2025,Y,JAGUAR,I-PACE,2024,ADS,Verified Engaged,Waymo LLC,JUN-2025,23:03,Atlanta,GA,Street,SUV,Property Damage. No Injured Reported,Yes,raw/SGO/SGO-2021-01_Incident_Reports_ADS.csv
30270-11279,1,Waymo LLC,5-Day,,,JUL-2025,Y,JAGUAR,I-PACE,2024,ADS,Verified Engaged,Waymo LLC,JUL-2025,18:03,San Francisco,CA,Street,Passenger Car,Property Damage. No Injured Reported,Yes,raw/SGO/SGO-2021-01_Incident_Reports_ADS.csv
30270-11280,1,Waymo LLC,5-Day,,,JUL-2025,Y,JAGUAR,I-PACE,2021,ADS,Verified Engaged,Waymo LLC,JUL-2025,21:35,San Francisco,CA,Intersection,Passenger Car,Minor W/O Hospitalization,Yes,raw/SGO/SGO-2021-01_Incident_Reports_ADS.csv
30270-11281,1,Waymo LLC,5-Day,,,JUL-2025,Y,JAGUAR,I-PACE,2024,ADS,Verified Engaged,Waymo LLC,JUL-2025,22:34,San Francisco,CA,Street,Bus,Property Damage. No Injured Reported,Yes,raw/SGO/SGO-2021-01_Incident_Reports_ADS.csv
30270-11282,1,Waymo LLC,5-Day,,,JUL-2025,Y,JAGUAR,I-PACE,2024,ADS,Verified Engaged,Waymo LLC,JUL-2025,14:40,Los Angeles,CA,Intersection,Bus,Property Damage. No Injured Reported,Yes,raw/SGO/SGO-2021-01_Incident_Reports_ADS.csv
30270-11284,1,Waymo LLC,5-Day,,,JUL-2025,Y,JAGUAR,I-PACE,2024,ADS,Verified Engaged,Waymo LLC,JUL-2025,08:28,Los Angeles,CA,Intersection,SUV,Property Damage. No Injured Reported,Yes,raw/SGO/SGO-2021-01_Incident_Reports_ADS.csv
30270-11291,1,Waymo LLC,Monthly,6,2025,JUL-2025,Y,JAGUAR,I-PACE,2024,ADS,Verified Engaged,Waymo LLC,JUN-2025,09:20,Austin,TX,Intersection,Heavy Truck,Property Damage. No Injured Reported,Yes,raw/SGO/SGO-2021-01_Incident_Reports_ADS.csv
30270-11295,1,Waymo LLC,Monthly,6,2025,JUL-2025,Y,JAGUAR,I-PACE,2024,ADS,Verified Engaged,Waymo LLC,JUN-2025,13:55,Los Angeles,CA,Parking Lot,Other Fixed Object,Property Damage. No Injured Reported,Yes,raw/SGO/SGO-2021-01_Incident_Reports_ADS.csv
30270-11297,1,Waymo LLC,Monthly,6,2025,JUL-2025,Y,JAGUAR,I-PACE,2024,ADS,Verified Engaged,Waymo LLC,APR-2025,07:21,Phoenix,AZ,Parking Lot,"Other, see Narrative",Property Damage. No Injured Reported,Yes,raw/SGO/SGO-2021-01_Incident_Reports_ADS.csv
30270-11298,1,Waymo LLC,Monthly,6,2025,JUL-2025,Y,JAGUAR,I-PACE,2024,ADS,Verified Engaged,Waymo LLC,JUN-2025,11:17,San Francisco,CA,Street,Heavy Truck,Property Damage. No Injured Reported,Yes,raw/SGO/SGO-2021-01_Incident_Reports_ADS.csv
30270-11302,1,Waymo LLC,5-Day,,,JUL-2025,Y,JAGUAR,I-PACE,2024,ADS,Verified Engaged,Waymo LLC,JUL-2025,13:15,,,Intersection,Passenger Car,Property Damage. No Injured Reported,Yes,raw/SGO/SGO-2021-01_Incident_Reports_ADS.csv
30270-11323,1,Waymo LLC,5-Day,,,JUL-2025,Y,JAGUAR,I-PACE,2024,ADS,Verified Engaged,Waymo LLC,JUL-2025,14:51,Tempe,AZ,Street,Passenger Car,Minor W/O Hospitalization,Yes,raw/SGO/SGO-2021-01_Incident_Reports_ADS.csv
30270-11327,1,Waymo LLC,5-Day,,,JUL-2025,Y,JAGUAR,I-PACE,2024,ADS,Verified Engaged,Waymo LLC,JUL-2025,01:05,Los Angeles,CA,Intersection,Passenger Car,Property Damage. No Injured Reported,Yes,raw/SGO/SGO-2021-01_Incident_Reports_ADS.csv
30270-11327,2,Waymo LLC,Update,,,AUG-2025,Y,JAGUAR,I-PACE,2024,ADS,Verified Engaged,Waymo LLC,JUL-2025,01:05,Los Angeles,CA,Intersection,Passenger Car,Minor W/O Hospitalization,Yes,raw/SGO/SGO-2021-01_Incident_Reports_ADS.csv
30270-11328,1,Waymo LLC,Monthly,7,2025,AUG-2025,Y,JAGUAR,I-PACE,2024,ADS,Verified Engaged,Waymo LLC,JUL-2025,09:54,Austin,TX,Intersection,Heavy Truck,Minor W/O Hospitalization,Yes,raw/SGO/SGO-2021-01_Incident_Reports_ADS.csv
30270-11329,1,Waymo LLC,5-Day,,,JUL-2025,Y,JAGUAR,I-PACE,2024,ADS,Verified Engaged,Waymo LLC,JUL-2025,18:47,San Francisco,CA,Street,Bus,Property Damage. No Injured Reported,Yes,raw/SGO/SGO-2021-01_Incident_Reports_ADS.csv
30270-11330,1,Waymo LLC,5-Day,,,JUL-2025,Y,JAGUAR,I-PACE,2024,ADS,Verified Engaged,Waymo LLC,JUL-2025,01:42,Austin,TX,Street,Pickup Truck,Property Damage. No Injured Reported,Yes,raw/SGO/SGO-2021-01_Incident_Reports_ADS.csv
30270-11333,1,Waymo LLC,Monthly,7,2025,AUG-2025,Y,JAGUAR,I-PACE,2024,ADS,Verified Engaged,Waymo LLC,JUL-2025,11:55,San Francisco,CA,Street,Bus,Property Damage. No Injured Reported,Yes,raw/SGO/SGO-2021-01_Incident_Reports_ADS.csv
30270-11334,1,Waymo LLC,Monthly,7,2025,AUG-2025,Y,JAGUAR,I-PACE,2024,ADS,Verified Engaged,Waymo LLC,JUL-2025,23:11,Mesa,AZ,Street,Other Fixed Object,Property Damage. No Injured Reported,Yes,raw/SGO/SGO-2021-01_Incident_Reports_ADS.csv
30270-11344,1,Waymo LLC,Monthly,7,2025,AUG-2025,Y,JAGUAR,I-PACE,2024,ADS,Verified Engaged,Waymo LLC,JUL-2025,22:04,West Hollywood,CA,Street,Bus,Property Damage. No Injured Reported,Yes,raw/SGO/SGO-2021-01_Incident_Reports_ADS.csv
30270-11358,1,Waymo LLC,Monthly,7,2025,AUG-2025,Y,JAGUAR,I-PACE,2024,ADS,Verified Engaged,Waymo LLC,JUL-2025,11:03,San Francisco,CA,Street,First Responder Vehicle,Property Damage. No Injured Reported,Yes,raw/SGO/SGO-2021-01_Incident_Reports_ADS.csv
30270-11360,1,Waymo LLC,Monthly,7,2025,AUG-2025,Y,JAGUAR,I-PACE,2024,ADS,Verified Engaged,Waymo LLC,JUL-2025,19:58,West Hollywood,CA,Street,Passenger Car,Property Damage. No Injured Reported,Yes,raw/SGO/SGO-2021-01_Incident_Reports_ADS.csv
30270-11361,1,Waymo LLC,Monthly,7,2025,AUG-2025,Y,JAGUAR,I-PACE,2021,ADS,Verified Engaged,Waymo LLC,JUL-2025,18:20,Mesa,AZ,Street,"Other, see Narrative",Unknown,Yes,raw/SGO/SGO-2021-01_Incident_Reports_ADS.csv
30270-11362,1,Waymo LLC,Monthly,7,2025,AUG-2025,Y,JAGUAR,I-PACE,2024,ADS,Verified Engaged,Waymo LLC,JUL-2025,06:36,San Francisco,CA,Intersection,Passenger Car,Property Damage. No Injured Reported,Yes,raw/SGO/SGO-2021-01_Incident_Reports_ADS.csv
30270-11365,1,Waymo LLC,Monthly,7,2025,AUG-2025,Y,JAGUAR,I-PACE,2024,ADS,Verified Engaged,Waymo LLC,JUL-2025,09:19,San Francisco,CA,Intersection,Passenger Car,Property Damage. No Injured Reported,Yes,raw/SGO/SGO-2021-01_Incident_Reports_ADS.csv
30270-11370,1,Waymo LLC,5-Day,,,JUL-2025,Y,JAGUAR,I-PACE,2024,ADS,Verified Engaged,Waymo LLC,JUL-2025,19:59,Scottsdale,AZ,Street,Passenger Car,Property Damage. No Injured Reported,Yes,raw/SGO/SGO-2021-01_Incident_Reports_ADS.csv
30270-11371,1,Waymo LLC,Monthly,7,2025,AUG-2025,Y,JAGUAR,I-PACE,2024,ADS,Verified Engaged,Waymo LLC,JUL-2025,12:07,Austin,TX,Intersection,Passenger Car,Property Damage. No Injured Reported,Yes,raw/SGO/SGO-2021-01_Incident_Reports_ADS.csv
30270-11372,1,Waymo LLC,5-Day,,,JUL-2025,Y,JAGUAR,I-PACE,2024,ADS,Verified Engaged,Waymo LLC,JUL-2025,03:53,Inglewood,CA,Street,Passenger Car,Property Damage. No Injured Reported,Yes,raw/SGO/SGO-2021-01_Incident_Reports_ADS.csv
30270-11373,1,Waymo LLC,5-Day,,,JUL-2025,Y,JAGUAR,I-PACE,2024,ADS,Verified Engaged,Waymo LLC,JUL-2025,16:32,San Francisco,CA,Street,Heavy Truck,Property Damage. No Injured Reported,Yes,raw/SGO/SGO-2021-01_Incident_Reports_ADS.csv
30270-11374,1,Waymo LLC,Monthly,7,2025,AUG-2025,Y,JAGUAR,I-PACE,2024,ADS,Verified Engaged,Waymo LLC,JUL-2025,02:11,Inglewood,CA,Intersection,Passenger Car,Property Damage. No Injured Reported,Yes,raw/SGO/SGO-2021-01_Incident_Reports_ADS.csv
30270-11378,1,Waymo LLC,5-Day,,,JUL-2025,Y,JAGUAR,I-PACE,2024,ADS,Verified Engaged,Waymo LLC,JUL-2025,16:46,San Francisco,CA,Street,Pickup Truck,Property Damage. No Injured Reported,Yes,raw/SGO/SGO-2021-01_Incident_Reports_ADS.csv
30270-11379,1,Waymo LLC,Monthly,7,2025,AUG-2025,Y,JAGUAR,I-PACE,2021,ADS,Verified Engaged,Waymo LLC,JUL-2025,00:16,Tempe,AZ,Parking Lot,Other Fixed Object,Property Damage. No Injured Reported,Yes,raw/SGO/SGO-2021-01_Incident_Reports_ADS.csv
30270-11381,1,Waymo LLC,Monthly,7,2025,AUG-2025,Y,JAGUAR,I-PACE,2024,ADS,Verified Engaged,Waymo LLC,JUL-2025,01:12,Scottsdale,AZ,Intersection,Passenger Car,Property Damage. No Injured Reported,Yes,raw/SGO/SGO-2021-01_Incident_Reports_ADS.csv
30270-11383,1,Waymo LLC,5-Day,,,JUL-2025,Y,JAGUAR,I-PACE,2024,ADS,Verified Engaged,Waymo LLC,JUL-2025,10:07,Atlanta,GA,Street,Passenger Car,Property Damage. No Injured Reported,Yes,raw/SGO/SGO-2021-01_Incident_Reports_ADS.csv
30270-11384,1,Waymo LLC,5-Day,,,JUL-2025,Y,JAGUAR,I-PACE,2024,ADS,Verified Engaged,Waymo LLC,JUL-2025,10:53,Los Angeles,CA,Intersection,SUV,Property Damage. No Injured Reported,Yes,raw/SGO/SGO-2021-01_Incident_Reports_ADS.csv
30270-11400,1,Waymo LLC,5-Day,,,JUL-2025,Y,JAGUAR,I-PACE,2024,ADS,Verified Engaged,Waymo LLC,JUL-2025,09:18,San Francisco,CA,Street,Passenger Car,Property Damage. No Injured Reported,Yes,raw/SGO/SGO-2021-01_Incident_Reports_ADS.csv
30270-11401,1,Waymo LLC,Monthly,7,2025,AUG-2025,Y,JAGUAR,I-PACE,2024,ADS,Verified Engaged,Waymo LLlC,JUL-2025,16:49,Los Angeles,CA,Street,SUV,Property Damage. No Injured Reported,Yes,raw/SGO/SGO-2021-01_Incident_Reports_ADS.csv
30270-11402,1,Waymo LLC,Monthly,7,2025,AUG-2025,Y,JAGUAR,I-PACE,2024,ADS,Verified Engaged,Waymo LLC,JUL-2025,12:07,San Francisco,CA,Intersection,Passenger Car,Property Damage. No Injured Reported,Yes,raw/SGO/SGO-2021-01_Incident_Reports_ADS.csv
30270-11403,1,Waymo LLC,5-Day,,,JUL-2025,Y,JAGUAR,I-PACE,2021,ADS,Verified Not Engaged,Waymo LLC,JUL-2025,13:57,Santa Clara,CA,Street,SUV,Moderate W/ Hospitalization,Yes,raw/SGO/SGO-2021-01_Incident_Reports_ADS.csv
30270-11404,1,Waymo LLC,Monthly,7,2025,AUG-2025,Y,JAGUAR,I-PACE,2024,ADS,Verified Engaged,Waymo LLC,JUL-2025,12:01,Beverly Hills,CA,Street,Passenger Car,Property Damage. No Injured Reported,Yes,raw/SGO/SGO-2021-01_Incident_Reports_ADS.csv
30270-11412,1,Waymo LLC,Monthly,7,2025,AUG-2025,Y,JAGUAR,I-PACE,2024,ADS,Verified Engaged,Waymo LLC,JUL-2025,23:39,Tempe,AZ,Street,Passenger Car,Property Damage. No Injured Reported,Yes,raw/SGO/SGO-2021-01_Incident_Reports_ADS.csv
30270-11413,1,Waymo LLC,5-Day,,,AUG-2025,Y,JAGUAR,I-PACE,2024,ADS,Verified Engaged,Waymo LLC,JUL-2025,09:02,San Francisco,CA,Street,Heavy Truck,Property Damage. No Injured Reported,Yes,raw/SGO/SGO-2021-01_Incident_Reports_ADS.csv
30270-11414,1,Waymo LLC,Monthly,7,2025,AUG-2025,Y,JAGUAR,I-PACE,2024,ADS,Verified Engaged,Waymo LLC,JUL-2025,07:35,Los Angeles,CA,Street,Passenger Car,Property Damage. No Injured Reported,Yes,raw/SGO/SGO-2021-01_Incident_Reports_ADS.csv
30270-11415,1,Waymo LLC,Monthly,7,2025,AUG-2025,Y,JAGUAR,I-PACE,2024,ADS,Verified Engaged,Waymo LLC,JUL-2025,08:05,San Mateo,CA,Intersection,Pickup Truck,Property Damage. No Injured Reported,Yes,raw/SGO/SGO-2021-01_Incident_Reports_ADS.csv
30270-11417,1,Waymo LLC,5-Day,,,AUG-2025,Y,JAGUAR,I-PACE,2024,ADS,Verified Engaged,Waymo LLC,JUL-2025,01:35,Phoenix,AZ,Street,Passenger Car,Property Damage. No Injured Reported,Yes,raw/SGO/SGO-2021-01_Incident_Reports_ADS.csv
30270-11418,1,Waymo LLC,Monthly,7,2025,AUG-2025,Y,JAGUAR,I-PACE,2024,ADS,Verified Engaged,Waymo LLC,JUL-2025,09:58,Santa Monica,CA,Street,SUV,Property Damage. No Injured Reported,Yes,raw/SGO/SGO-2021-01_Incident_Reports_ADS.csv
30270-11419,1,Waymo LLC,Monthly,7,2025,AUG-2025,Y,JAGUAR,I-PACE,2024,ADS,Verified Not Engaged,Waymo LLC,JUL-2025,19:36,Austin,TX,Parking Lot,Other Fixed Object,Property Damage. No Injured Reported,Yes,raw/SGO/SGO-2021-01_Incident_Reports_ADS.csv
30270-11420,1,Waymo LLC,5-Day,,,AUG-2025,Y,JAGUAR,I-PACE,2024,ADS,Verified Engaged,Waymo LLC,JUL-2025,14:54,San Francisco,CA,Street,Bus,Property Damage. No Injured Reported,Yes,raw/SGO/SGO-2021-01_Incident_Reports_ADS.csv
30270-11421,1,Waymo LLC,Monthly,7,2025,AUG-2025,Y,JAGUAR,I-PACE,2024,ADS,Verified Engaged,Waymo LLC,JUL-2025,15:50,San Francisco,CA,Intersection,Passenger Car,Property Damage. No Injured Reported,Yes,raw/SGO/SGO-2021-01_Incident_Reports_ADS.csv
30270-11422,1,Waymo LLC,Monthly,7,2025,AUG-2025,Y,JAGUAR,I-PACE,2024,ADS,Verified Engaged,Waymo LLC,JUL-2025,19:29,San Francisco,CA,Street,"Other, see Narrative",Property Damage. No Injured Reported,Yes,raw/SGO/SGO-2021-01_Incident_Reports_ADS.csv
30270-11424,1,Waymo LLC,5-Day,,,AUG-2025,Y,JAGUAR,I-PACE,2024,ADS,Verified Engaged,Waymo LLC,JUL-2025,13:27,Phoenix,AZ,Parking Lot,SUV,Property Damage. No Injured Reported,Yes,raw/SGO/SGO-2021-01_Incident_Reports_ADS.csv
30270-11426,1,Waymo LLC,Monthly,7,2025,AUG-2025,Y,JAGUAR,I-PACE,2024,ADS,Verified Engaged,Waymo LLC,JUL-2025,11:40,Tempe,AZ,Parking Lot,"Other, see Narrative",Property Damage. No Injured Reported,Yes,raw/SGO/SGO-2021-01_Incident_Reports_ADS.csv
30270-11428,1,Waymo LLC,Monthly,7,2025,AUG-2025,Y,JAGUAR,I-PACE,2021,ADS,Verified Engaged,Waymo LLC,JUL-2025,22:45,San Francisco,CA,Intersection,SUV,Property Damage. No Injured Reported,Yes,raw/SGO/SGO-2021-01_Incident_Reports_ADS.csv
30270-11430,1,Waymo LLC,5-Day,,,AUG-2025,Y,JAGUAR,I-PACE,2024,ADS,Verified Engaged,Waymo LLC,JUL-2025,18:43,Inglewood,CA,Street,Passenger Car,Property Damage. No Injured Reported,Yes,raw/SGO/SGO-2021-01_Incident_Reports_ADS.csv
30270-11432,1,Waymo LLC,5-Day,,,AUG-2025,Y,JAGUAR,I-PACE,2024,ADS,Verified Engaged,Waymo LLC,JUL-2025,10:25,Phoenix,AZ,Parking Lot,Heavy Truck,Property Damage. No Injured Reported,Yes,raw/SGO/SGO-2021-01_Incident_Reports_ADS.csv
30270-11433,1,Waymo LLC,5-Day,,,AUG-2025,Y,JAGUAR,I-PACE,2024,ADS,Verified Engaged,Waymo LLC,AUG-2025,02:48,San Francisco,CA,Intersection,Heavy Truck,Minor W/ Hospitalization,Yes,raw/SGO/SGO-2021-01_Incident_Reports_ADS.csv
30270-11450,1,Waymo LLC,5-Day,,,AUG-2025,Y,JAGUAR,I-PACE,2024,ADS,Verified Engaged,Waymo LLC,AUG-2025,06:06,San Francisco,CA,Street,SUV,Moderate W/O Hospitalization,Yes,raw/SGO/SGO-2021-01_Incident_Reports_ADS.csv
30270-11451,1,Waymo LLC,Monthly,7,2025,AUG-2025,Y,JAGUAR,I-PACE,2024,ADS,Verified Engaged,Waymo LLC,JUL-2025,11:08,Austin,TX,Street,Heavy Truck,Property Damage. No Injured Reported,Yes,raw/SGO/SGO-2021-01_Incident_Reports_ADS.csv
30270-11452,1,Waymo LLC,Monthly,7,2025,AUG-2025,Y,JAGUAR,I-PACE,2024,ADS,Verified Engaged,Waymo LLC,JUL-2025,22:31,San Francisco,CA,Intersection,Non-Motorist: Scooter - Skateboard,Minor W/O Hospitalization,Yes,raw/SGO/SGO-2021-01_Incident_Reports_ADS.csv
30270-11455,1,Waymo LLC,Monthly,7,2025,AUG-2025,Y,JAGUAR,I-PACE,2024,ADS,Verified Engaged,Waymo LLC,JUL-2025,14:00,San Francisco,CA,Intersection,SUV,Property Damage. No Injured Reported,Yes,raw/SGO/SGO-2021-01_Incident_Reports_ADS.csv
30270-11456,1,Waymo LLC,5-Day,,,AUG-2025,Y,JAGUAR,I-PACE,2024,ADS,Verified Engaged,Waymo LLC,AUG-2025,16:27,San Francisco,CA,Street,Motorcycle,Property Damage. No Injured Reported,Yes,raw/SGO/SGO-2021-01_Incident_Reports_ADS.csv
30270-11467,1,Waymo LLC,Monthly,7,2025,AUG-2025,Y,JAGUAR,I-PACE,2024,ADS,Verified Engaged,Waymo LLC,JUL-2025,04:11,Los Angeles,CA,Parking Lot,Other Fixed Object,Property Damage. No Injured Reported,Yes,raw/SGO/SGO-2021-01_Incident_Reports_ADS.csv
30270-11468,1,Waymo LLC,Monthly,7,2025,AUG-2025,Y,JAGUAR,I-PACE,2024,ADS,Verified Engaged,Waymo LLC,JUL-2025,08:04,San Francisco,CA,Intersection,SUV,Property Damage. No Injured Reported,Yes,raw/SGO/SGO-2021-01_Incident_Reports_ADS.csv
30270-11469,1,Waymo LLC,5-Day,,,AUG-2025,Y,JAGUAR,I-PACE,2024,ADS,Verified Engaged,Waymo LLC,AUG-2025,09:06,San Francisco,CA,Intersection,Bus,Property Damage. No Injured Reported,Yes,raw/SGO/SGO-2021-01_Incident_Reports_ADS.csv
30270-11472,1,Waymo LLC,Monthly,7,2025,AUG-2025,Y,JAGUAR,I-PACE,2024,ADS,Verified Engaged,Waymo LLC,JUL-2025,16:17,Miami Beach,FL,Intersection,Passenger Car,Property Damage. No Injured Reported,Yes,raw/SGO/SGO-2021-01_Incident_Reports_ADS.csv
30270-11474,1,Waymo LLC,5-Day,,,AUG-2025,Y,JAGUAR,I-PACE,2024,ADS,Verified Engaged,Waymo LLC,AUG-2025,08:36,West Hollywood,CA,Intersection,SUV,Property Damage. No Injured Reported,Yes,raw/SGO/SGO-2021-01_Incident_Reports_ADS.csv
30270-11475,1,Waymo LLC,5-Day,,,AUG-2025,Y,JAGUAR,I-PACE,2024,ADS,Verified Engaged,Waymo LLC,AUG-2025,03:49,Los Angeles,CA,Intersection,Van,Minor W/O Hospitalization,Yes,raw/SGO/SGO-2021-01_Incident_Reports_ADS.csv
30270-11476,1,Waymo LLC,5-Day,,,AUG-2025,Y,JAGUAR,I-PACE,2024,ADS,Verified Engaged,Waymo LLC,AUG-2025,22:23,Los Angeles,CA,Street,Passenger Car,Minor W/O Hospitalization,Yes,raw/SGO/SGO-2021-01_Incident_Reports_ADS.csv
30270-11488,1,Waymo LLC,5-Day,,,AUG-2025,Y,JAGUAR,I-PACE,2024,ADS,Verified Engaged,Waymo LLC,AUG-2025,16:54,San Francisco,CA,Street,Passenger Car,Property Damage. No Injured Reported,Yes,raw/SGO/SGO-2021-01_Incident_Reports_ADS.csv
30270-11488,2,Waymo LLC,Update,,,SEP-2025,Y,JAGUAR,I-PACE,2024,ADS,Verified Engaged,Waymo LLC,AUG-2025,16:54,San Francisco,CA,Street,Passenger Car,Minor W/O Hospitalization,Yes,raw/SGO/SGO-2021-01_Incident_Reports_ADS.csv
30270-11490,1,Waymo LLC,5-Day,,,AUG-2025,Y,JAGUAR,I-PACE,2021,ADS,Verified Engaged,Waymo LLC,AUG-2025,11:43,San Francisco,CA,Street,Passenger Car,Property Damage. No Injured Reported,Yes,raw/SGO/SGO-2021-01_Incident_Reports_ADS.csv
30270-11495,1,Waymo LLC,5-Day,,,AUG-2025,Y,JAGUAR,I-PACE,2024,ADS,Verified Engaged,Waymo LLC,AUG-2025,00:04,Los Angeles,CA,Street,Bus,Property Damage. No Injured Reported,Yes,raw/SGO/SGO-2021-01_Incident_Reports_ADS.csv
30270-11496,1,Waymo LLC,Monthly,8,2025,SEP-2025,Y,JAGUAR,I-PACE,2024,ADS,Verified Engaged,Waymo LLC,AUG-2025,13:50,San Francisco,CA,Street,Motorcycle,Minor W/O Hospitalization,Yes,raw/SGO/SGO-2021-01_Incident_Reports_ADS.csv
30270-11498,1,Waymo LLC,Monthly,8,2025,SEP-2025,Y,JAGUAR,I-PACE,2024,ADS,Verified Engaged,Waymo LLC,AUG-2025,12:38,Mesa,AZ,Parking Lot,Passenger Car,Property Damage. No Injured Reported,Yes,raw/SGO/SGO-2021-01_Incident_Reports_ADS.csv
30270-11499,1,Waymo LLC,5-Day,,,AUG-2025,Y,JAGUAR,I-PACE,2021,ADS,Verified Not Engaged,Waymo LLC,AUG-2025,11:16,Houston,TX,Intersection,Other Fixed Object,Property Damage. No Injured Reported,Yes,raw/SGO/SGO-2021-01_Incident_Reports_ADS.csv
30270-11500,1,Waymo LLC,5-Day,,,AUG-2025,Y,JAGUAR,I-PACE,2024,ADS,Verified Engaged,Waymo LLC,AUG-2025,12:42,Phoenix,AZ,Street,"Other, see Narrative",Property Damage. No Injured Reported,Yes,raw/SGO/SGO-2021-01_Incident_Reports_ADS.csv
30270-11501,1,Waymo LLC,5-Day,,,AUG-2025,Y,JAGUAR,I-PACE,2021,ADS,Verified Engaged,Waymo LLC,AUG-2025,09:03,San Francisco,CA,Street,Pickup Truck,Property Damage. No Injured Reported,Yes,raw/SGO/SGO-2021-01_Incident_Reports_ADS.csv
30270-11502,1,Waymo LLC,Monthly,8,2025,SEP-2025,Y,JAGUAR,I-PACE,2021,ADS,Verified Not Engaged,Waymo LLC,AUG-2025,01:47,Phoenix,AZ,Parking Lot,Passenger Car,Property Damage. No Injured Reported,Yes,raw/SGO/SGO-2021-01_Incident_Reports_ADS.csv
30270-11508,1,Waymo LLC,5-Day,,,AUG-2025,Y,JAGUAR,I-PACE,2024,ADS,Verified Engaged,Waymo LLC,AUG-2025,11:21,Los Angeles,CA,Street,Pickup Truck,Property Damage. No Injured Reported,Yes,raw/SGO/SGO-2021-01_Incident_Reports_ADS.csv
30270-11516,1,Waymo LLC,5-Day,,,AUG-2025,Y,JAGUAR,I-PACE,2024,ADS,Verified Engaged,Waymo LLC,AUG-2025,07:47,San Francisco,CA,Intersection,Heavy Truck,Property Damage. No Injured Reported,Yes,raw/SGO/SGO-2021-01_Incident_Reports_ADS.csv
30270-11518,1,Waymo LLC,5-Day,,,AUG-2025,Y,JAGUAR,I-PACE,2024,ADS,Verified Not Engaged,Waymo LLC,AUG-2025,16:41,Miami,FL,Parking Lot,Other Fixed Object,Property Damage. No Injured Reported,Yes,raw/SGO/SGO-2021-01_Incident_Reports_ADS.csv
30270-11522,1,Waymo LLC,Monthly,8,2025,SEP-2025,Y,JAGUAR,I-PACE,2024,ADS,Verified Engaged,Waymo LLC,AUG-2025,02:23,San Francisco,CA,Street,Passenger Car,Property Damage. No Injured Reported,Yes,raw/SGO/SGO-2021-01_Incident_Reports_ADS.csv
30270-11523,1,Waymo LLC,Monthly,8,2025,SEP-2025,Y,JAGUAR,I-PACE,2024,ADS,Verified Engaged,Waymo LLC,AUG-2025,17:55,San Francisco,CA,Street,Van,Property Damage. No Injured Reported,Yes,raw/SGO/SGO-2021-01_Incident_Reports_ADS.csv
30270-11525,1,Waymo LLC,5-Day,,,AUG-2025,Y,JAGUAR,I-PACE,2024,ADS,Verified Engaged,Waymo LLC,AUG-2025,02:53,Phoenix,AZ,Street,Heavy Truck,Property Damage. No Injured Reported,Yes,raw/SGO/SGO-2021-01_Incident_Reports_ADS.csv
30270-11542,1,Waymo LLC,Monthly,8,2025,SEP-2025,Y,JAGUAR,I-PACE,2024,ADS,Verified Engaged,Waymo LLC,AUG-2025,11:22,San Francisco,CA,Street,Pickup Truck,Property Damage. No Injured Reported,Yes,raw/SGO/SGO-2021-01_Incident_Reports_ADS.csv
30270-11543,1,Waymo LLC,5-Day,,,AUG-2025,Y,JAGUAR,I-PACE,2024,ADS,Verified Engaged,Waymo LLC,AUG-2025,18:37,Los Angeles,CA,Street,SUV,Property Damage. No Injured Reported,Yes,raw/SGO/SGO-2021-01_Incident_Reports_ADS.csv
30270-11544,1,Waymo LLC,5-Day,,,AUG-2025,Y,JAGUAR,I-PACE,2024,ADS,Verified Engaged,Waymo LLC,AUG-2025,00:43,Los Angeles,CA,Intersection,Passenger Car,Property Damage. No Injured Reported,Yes,raw/SGO/SGO-2021-01_Incident_Reports_ADS.csv
30270-11545,1,Waymo LLC,5-Day,,,AUG-2025,Y,JAGUAR,I-PACE,2024,ADS,Verified Engaged,Waymo LLC,AUG-2025,17:11,Phoenix,AZ,Intersection,Passenger Car,Property Damage. No Injured Reported,Yes,raw/SGO/SGO-2021-01_Incident_Reports_ADS.csv
30270-11546,1,Waymo LLC,5-Day,,,AUG-2025,Y,JAGUAR,I-PACE,2024,ADS,Verified Engaged,Waymo LLC,AUG-2025,20:14,Phoenix,AZ,Street,Other Fixed Object,Property Damage. No Injured Reported,Yes,raw/SGO/SGO-2021-01_Incident_Reports_ADS.csv
30270-11547,1,Waymo LLC,5-Day,,,AUG-2025,Y,JAGUAR,I-PACE,2024,ADS,Verified Engaged,Waymo LLC,AUG-2025,09:21,Culver City,CA,Street,Heavy Truck,Property Damage. No Injured Reported,Yes,raw/SGO/SGO-2021-01_Incident_Reports_ADS.csv
30270-11548,1,Waymo LLC,Monthly,8,2025,SEP-2025,Y,JAGUAR,I-PACE,2024,ADS,Verified Engaged,Waymo LLC,AUG-2025,12:04,Inglewood,CA,Street,Other Fixed Object,Property Damage. No Injured Reported,Yes,raw/SGO/SGO-2021-01_Incident_Reports_ADS.csv
30270-11550,1,Waymo LLC,Monthly,8,2025,SEP-2025,Y,JAGUAR,I-PACE,2021,ADS,Verified Engaged,Waymo LLC,AUG-2025,10:33,San Francisco,CA,Street,Passenger Car,Property Damage. No Injured Reported,Yes,raw/SGO/SGO-2021-01_Incident_Reports_ADS.csv
30270-11561,1,Waymo LLC,Monthly,8,2025,SEP-2025,Y,JAGUAR,I-PACE,2024,ADS,Verified Engaged,Waymo LLC,AUG-2025,00:59,Los Angeles,CA,Street,"Other, see Narrative",Property Damage. No Injured Reported,Yes,raw/SGO/SGO-2021-01_Incident_Reports_ADS.csv
30270-11564,1,Waymo LLC,Monthly,8,2025,SEP-2025,Y,JAGUAR,I-PACE,2024,ADS,Verified Engaged,Waymo LLC,AUG-2025,10:15,Santa Monica,CA,Intersection,Passenger Car,Property Damage. No Injured Reported,Yes,raw/SGO/SGO-2021-01_Incident_Reports_ADS.csv
30270-11565,1,Waymo LLC,Monthly,8,2025,SEP-2025,Y,JAGUAR,I-PACE,2024,ADS,Verified Engaged,Waymo LLC,AUG-2025,15:13,Phoenix,AZ,Intersection,"Other, see Narrative",Property Damage. No Injured Reported,Yes,raw/SGO/SGO-2021-01_Incident_Reports_ADS.csv
30270-11567,1,Waymo LLC,Monthly,8,2025,SEP-2025,Y,JAGUAR,I-PACE,2024,ADS,Verified Engaged,Waymo LLC,AUG-2025,18:56,San Francisco,CA,Street,SUV,Property Damage. No Injured Reported,Yes,raw/SGO/SGO-2021-01_Incident_Reports_ADS.csv
30270-11569,1,Waymo LLC,Monthly,8,2025,SEP-2025,Y,JAGUAR,I-PACE,2024,ADS,Verified Engaged,Waymo LLC,AUG-2025,06:12,Atlanta,GA,Parking Lot,Passenger Car,Property Damage. No Injured Reported,Yes,raw/SGO/SGO-2021-01_Incident_Reports_ADS.csv
30270-11571,1,Waymo LLC,5-Day,,,AUG-2025,Y,JAGUAR,I-PACE,2024,ADS,Verified Engaged,Waymo LLC,AUG-2025,22:48,Phoenix,AZ,Street,"Other, see Narrative",Property Damage. No Injured Reported,Yes,raw/SGO/SGO-2021-01_Incident_Reports_ADS.csv
30270-11573,1,Waymo LLC,Monthly,8,2025,SEP-2025,Y,JAGUAR,I-PACE,2024,ADS,Verified Engaged,Waymo LLC,AUG-2025,19:02,San Francisco,CA,Street,SUV,Minor W/O Hospitalization,Yes,raw/SGO/SGO-2021-01_Incident_Reports_ADS.csv
30270-11588,1,Waymo LLC,5-Day,,,SEP-2025,Y,JAGUAR,I-PACE,2024,ADS,Verified Engaged,Waymo LLC,AUG-2025,10:54,Palo Alto,CA,Intersection,SUV,Property Damage. No Injured Reported,Yes,raw/SGO/SGO-2021-01_Incident_Reports_ADS.csv
30270-11589,1,Waymo LLC,5-Day,,,SEP-2025,Y,JAGUAR,I-PACE,2024,ADS,Verified Engaged,Waymo LLC,AUG-2025,02:29,Daly City,CA,Intersection,Passenger Car,Property Damage. No Injured Reported,Yes,raw/SGO/SGO-2021-01_Incident_Reports_ADS.csv
30270-11590,1,Waymo LLC,Monthly,8,2025,SEP-2025,Y,JAGUAR,I-PACE,2024,ADS,Verified Engaged,Waymo LLC,AUG-2025,12:18,San Francisco,CA,Street,SUV,Property Damage. No Injured Reported,Yes,raw/SGO/SGO-2021-01_Incident_Reports_ADS.csv
30270-11591,1,Waymo LLC,5-Day,,,SEP-2025,Y,JAGUAR,I-PACE,2024,ADS,Verified Engaged,Waymo LLC,AUG-2025,11:43,Los Angeles,CA,Street,"Other, see Narrative",Property Damage. No Injured Reported,Yes,raw/SGO/SGO-2021-01_Incident_Reports_ADS.csv
30270-11594,1,Waymo LLC,Monthly,8,2025,SEP-2025,Y,JAGUAR,I-PACE,2024,ADS,Verified Engaged,Waymo LLC,AUG-2025,13:32,Paradise Valley,AZ,Street,Other Fixed Object,Property Damage. No Injured Reported,Yes,raw/SGO/SGO-2021-01_Incident_Reports_ADS.csv
30270-11596,1,Waymo LLC,5-Day,,,SEP-2025,Y,JAGUAR,I-PACE,2024,ADS,Verified Engaged,Waymo LLC,AUG-2025,20:36,San Francisco,CA,Street,Passenger Car,Property Damage. No Injured Reported,Yes,raw/SGO/SGO-2021-01_Incident_Reports_ADS.csv
30270-1160,1,Waymo LLC,1-Day,,,SEP-2021,,Jaguar,I-Pace,2021,ADS,,Waymo LLC,AUG-2021,17:41,San Francisco,CA,Street,Passenger Car,No Injuries Reported,Yes,raw/SGO/SGO-2021-01_Incident_Reports_ADS (1).csv
30270-11605,1,Waymo LLC,5-Day,,,SEP-2025,Y,JAGUAR,I-PACE,2024,ADS,Verified Engaged,Waymo LLC,AUG-2025,17:25,San Francisco,CA,Street,SUV,No Injured Reported,Yes,raw/SGO/SGO-2021-01_Incident_Reports_ADS.csv
30270-11607,1,Waymo LLC,Monthly,8,2025,SEP-2025,Y,JAGUAR,I-PACE,2024,ADS,Verified Engaged,Waymo LLC,AUG-2025,19:34,San Francisco,CA,Street,Passenger Car,Property Damage. No Injured Reported,Yes,raw/SGO/SGO-2021-01_Incident_Reports_ADS.csv
30270-11608,1,Waymo LLC,5-Day,,,SEP-2025,Y,JAGUAR,I-PACE,2024,ADS,Verified Engaged,Waymo LLC,SEP-2025,01:57,Culver City,CA,Street,Pickup Truck,Property Damage. No Injured Reported,Yes,raw/SGO/SGO-2021-01_Incident_Reports_ADS.csv
30270-11609,1,Waymo LLC,5-Day,,,SEP-2025,Y,JAGUAR,I-PACE,2024,ADS,Verified Engaged,Waymo LLC,SEP-2025,19:17,San Francisco,CA,Street,Bus,Property Damage. No Injured Reported,Yes,raw/SGO/SGO-2021-01_Incident_Reports_ADS.csv
30270-11611,1,Waymo LLC,Monthly,8,2025,SEP-2025,Y,JAGUAR,I-PACE,2024,ADS,Verified Engaged,Waymo LLC,AUG-2025,12:15,Phoenix,AZ,Street,Pickup Truck,Property Damage. No Injured Reported,Yes,raw/SGO/SGO-2021-01_Incident_Reports_ADS.csv
30270-11612,1,Waymo LLC,5-Day,,,SEP-2025,Y,JAGUAR,I-PACE,2024,ADS,Verified Engaged,Waymo LLC,SEP-2025,18:41,Austin,TX,Intersection,SUV,Property Damage. No Injured Reported,Yes,raw/SGO/SGO-2021-01_Incident_Reports_ADS.csv
30270-11618,1,Waymo LLC,5-Day,,,SEP-2025,Y,JAGUAR,I-PACE,2024,ADS,Verified Engaged,Waymo LLC,SEP-2025,14:52,San Francisco,CA,Intersection,Heavy Truck,Property Damage. No Injured Reported,Yes,raw/SGO/SGO-2021-01_Incident_Reports_ADS.csv
30270-11621,1,Waymo LLC,Monthly,8,2025,SEP-2025,Y,JAGUAR,I-PACE,2024,ADS,Verified Engaged,Waymo LLC,AUG-2025,21:21,Phoenix,AZ,Intersection,Passenger Car,Property Damage. No Injured Reported,Yes,raw/SGO/SGO-2021-01_Incident_Reports_ADS.csv
30270-11622,1,Waymo LLC,Monthly,8,2025,SEP-2025,Y,JAGUAR,I-PACE,2024,ADS,Verified Engaged,Waymo LLC,AUG-2025,21:37,San Francisco,CA,Intersection,Passenger Car,Property Damage. No Injured Reported,Yes,raw/SGO/SGO-2021-01_Incident_Reports_ADS.csv
30270-11623,1,Waymo LLC,5-Day,,,SEP-2025,Y,JAGUAR,I-PACE,2024,ADS,Verified Engaged,Waymo LLC,SEP-2025,17:54,Austin,TX,Street,Pickup Truck,Property Damage. No Injured Reported,Yes,raw/SGO/SGO-2021-01_Incident_Reports_ADS.csv
30270-11625,1,Waymo LLC,5-Day,,,SEP-2025,Y,JAGUAR,I-PACE,2024,ADS,Verified Engaged,Waymo LLC,SEP-2025,23:08,San Francisco,CA,Street,Motorcycle,Property Damage. No Injured Reported,Yes,raw/SGO/SGO-2021-01_Incident_Reports_ADS.csv
30270-11627,1,Waymo LLC,5-Day,,,SEP-2025,Y,JAGUAR,I-PACE,2024,ADS,Verified Engaged,Waymo LLC,SEP-2025,19:58,San Francisco,CA,Street,Van,Property Damage. No Injured Reported,Yes,raw/SGO/SGO-2021-01_Incident_Reports_ADS.csv
30270-11629,1,Waymo LLC,5-Day,,,SEP-2025,Y,JAGUAR,I-PACE,2024,ADS,Verified Engaged,Waymo LLC,SEP-2025,15:13,Santa Monica,CA,Parking Lot,"Other, see Narrative",Property Damage. No Injured Reported,Yes,raw/SGO/SGO-2021-01_Incident_Reports_ADS.csv
30270-11637,1,Waymo LLC,5-Day,,,SEP-2025,Y,JAGUAR,I-PACE,2024,ADS,Verified Engaged,Waymo LLC,SEP-2025,18:59,Los Angeles,CA,Intersection,SUV,Property Damage. No Injured Reported,Yes,raw/SGO/SGO-2021-01_Incident_Reports_ADS.csv
30270-11664,1,Waymo LLC,5-Day,,,SEP-2025,Y,JAGUAR,I-PACE,2024,ADS,Verified Engaged,Waymo LLC,SEP-2025,20:16,San Francisco,CA,Intersection,SUV,Property Damage. No Injured Reported,Yes,raw/SGO/SGO-2021-01_Incident_Reports_ADS.csv
30270-11671,1,Waymo LLC,Monthly,8,2025,SEP-2025,Y,JAGUAR,I-PACE,2024,ADS,Verified Engaged,Waymo LLC,AUG-2025,22:57,Culver City,CA,Street,Pickup Truck,Property Damage. No Injured Reported,Yes,raw/SGO/SGO-2021-01_Incident_Reports_ADS.csv
30270-11672,1,Waymo LLC,5-Day,,,SEP-2025,Y,JAGUAR,I-PACE,2024,ADS,Verified Engaged,Waymo LLC,SEP-2025,00:09,Atlanta,GA,Street,"Other, see Narrative",Property Damage. No Injured Reported,Yes,raw/SGO/SGO-2021-01_Incident_Reports_ADS.csv
30270-11673,1,Waymo LLC,Monthly,8,2025,SEP-2025,Y,JAGUAR,I-PACE,2024,ADS,Verified Engaged,Waymo LLC,AUG-2025,15:05,Scottsdale,AZ,Street,SUV,Property Damage. No Injured Reported,Yes,raw/SGO/SGO-2021-01_Incident_Reports_ADS.csv
30270-11689,1,Waymo LLC,5-Day,,,SEP-2025,Y,ZEEKR,RT,2025,ADS,Verified Engaged,Waymo LLC,SEP-2025,16:32,San Francisco,CA,Parking Lot,Other Fixed Object,Minor W/O Hospitalization,Yes,raw/SGO/SGO-2021-01_Incident_Reports_ADS.csv
30270-11692,1,Waymo LLC,Monthly,9,2025,OCT-2025,Y,JAGUAR,I-PACE,2024,ADS,Verified Engaged,Waymo LLC,SEP-2025,18:11,Austin,TX,Street,Passenger Car,Property Damage. No Injured Reported,Yes,raw/SGO/SGO-2021-01_Incident_Reports_ADS.csv
30270-11695,1,Waymo LLC,Monthly,9,2025,OCT-2025,Y,JAGUAR,I-PACE,2024,ADS,Verified Engaged,Waymo LLC,SEP-2025,20:59,San Francisco,CA,Street,Passenger Car,Property Damage. No Injured Reported,Yes,raw/SGO/SGO-2021-01_Incident_Reports_ADS.csv
30270-11698,1,Waymo LLC,Monthly,9,2025,OCT-2025,Y,JAGUAR,I-PACE,2024,ADS,Verified Engaged,Waymo LLC,SEP-2025,02:45,Austin,TX,Street,Animal,Property Damage. No Injured Reported,Yes,raw/SGO/SGO-2021-01_Incident_Reports_ADS.csv
30270-11701,1,Waymo LLC,Monthly,9,2025,OCT-2025,Y,JAGUAR,I-PACE,2024,ADS,Verified Engaged,Waymo LLC,SEP-2025,17:10,Los Angeles,CA,Intersection,Passenger Car,Property Damage. No Injured Reported,Yes,raw/SGO/SGO-2021-01_Incident_Reports_ADS.csv
30270-11702,1,Waymo LLC,Monthly,9,2025,OCT-2025,Y,JAGUAR,I-PACE,2024,ADS,Verified Engaged,Waymo LLC,SEP-2025,07:37,San Francisco,CA,Intersection,SUV,Property Damage. No Injured Reported,Yes,raw/SGO/SGO-2021-01_Incident_Reports_ADS.csv
30270-11713,1,Waymo LLC,5-Day,,,SEP-2025,Y,JAGUAR,I-PACE,2024,ADS,Verified Engaged,Waymo LLC,SEP-2025,01:21,Tempe,AZ,Street,Motorcycle,Fatality,Yes,raw/SGO/SGO-2021-01_Incident_Reports_ADS.csv
30270-11715,1,Waymo LLC,Monthly,9,2025,OCT-2025,Y,JAGUAR,I-PACE,2021,ADS,Verified Engaged,Waymo LLC,SEP-2025,11:08,Phoenix,AZ,Parking Lot,Heavy Truck,Property Damage. No Injured Reported,Yes,raw/SGO/SGO-2021-01_Incident_Reports_ADS.csv
30270-11716,1,Waymo LLC,Monthly,9,2025,OCT-2025,Y,JAGUAR,I-PACE,2024,ADS,Verified Engaged,Waymo LLC,SEP-2025,08:06,Santa Monica,CA,Street,Pickup Truck,Property Damage. No Injured Reported,Yes,raw/SGO/SGO-2021-01_Incident_Reports_ADS.csv
30270-11717,1,Waymo LLC,Monthly,9,2025,OCT-2025,Y,JAGUAR,I-PACE,2024,ADS,Verified Engaged,Waymo LLC,SEP-2025,2:11,Los Angeles,CA,Intersection,Passenger Car,Property Damage. No Injured Reported,Yes,raw/SGO/SGO-2021-01_Incident_Reports_ADS.csv
30270-11718,1,Waymo LLC,Monthly,9,2025,OCT-2025,Y,JAGUAR,I-PACE,2024,ADS,Verified Engaged,Waymo LLC,SEP-2025,11:22,Los Angeles,CA,Intersection,Passenger Car,Property Damage. No Injured Reported,Yes,raw/SGO/SGO-2021-01_Incident_Reports_ADS.csv
30270-11724,1,Waymo LLC,Monthly,9,2025,OCT-2025,Y,JAGUAR,I-PACE,2024,ADS,Verified Engaged,Waymo LLC,SEP-2025,23:46,Inglewood,CA,Street,Pickup Truck,Property Damage. No Injured Reported,Yes,raw/SGO/SGO-2021-01_Incident_Reports_ADS.csv
30270-11738,1,Waymo LLC,5-Day,,,SEP-2025,Y,JAGUAR,I-PACE,2024,ADS,Verified Engaged,Waymo LLC,SEP-2025,23:48,San Francisco,CA,Street,Motorcycle,Minor W/O Hospitalization,Yes,raw/SGO/SGO-2021-01_Incident_Reports_ADS.csv
30270-11739,1,Waymo LLC,5-Day,,,SEP-2025,Y,JAGUAR,I-PACE,2024,ADS,Verified Engaged,Waymo LLC,SEP-2025,05:54,Los Angeles,CA,Intersection,Passenger Car,Property Damage. No Injured Reported,Yes,raw/SGO/SGO-2021-01_Incident_Reports_ADS.csv
30270-11742,1,Waymo LLC,5-Day,,,SEP-2025,Y,JAGUAR,I-PACE,2024,ADS,Verified Engaged,Waymo LLC,SEP-2025,10:07,San Francisco,CA,Street,SUV,Property Damage. No Injured Reported,Yes,raw/SGO/SGO-2021-01_Incident_Reports_ADS.csv
30270-11753,1,Waymo LLC,5-Day,,,SEP-2025,Y,JAGUAR,I-PACE,2024,ADS,Verified Engaged,Waymo LLC,SEP-2025,00:16,Los Angeles,CA,Street,SUV,Property Damage. No Injured Reported,Yes,raw/SGO/SGO-2021-01_Incident_Reports_ADS.csv
30270-11755,1,Waymo LLC,5-Day,,,SEP-2025,Y,JAGUAR,I-PACE,2024,ADS,Verified Engaged,Waymo LLC,SEP-2025,09:50,Los Angeles,CA,Street,SUV,Property Damage. No Injured Reported,Yes,raw/SGO/SGO-2021-01_Incident_Reports_ADS.csv
30270-11756,1,Waymo LLC,5-Day,,,SEP-2025,Y,JAGUAR,I-PACE,2024,ADS,Verified Engaged,Waymo LLC,SEP-2025,15:18,San Francisco,CA,Intersection,Bus,Property Damage. No Injured Reported,Yes,raw/SGO/SGO-2021-01_Incident_Reports_ADS.csv
30270-11758,1,Waymo LLC,5-Day,,,SEP-2025,Y,JAGUAR,I-PACE,2021,ADS,Verified Engaged,Waymo LLC,SEP-2025,9:55,San Francisco,CA,Street,SUV,Property Damage. No Injured Reported,Yes,raw/SGO/SGO-2021-01_Incident_Reports_ADS.csv
30270-11759,1,Waymo LLC,Monthly,9,2025,OCT-2025,Y,JAGUAR,I-PACE,2024,ADS,Verified Engaged,Waymo LLC,SEP-2025,16:41,Austin,TX,Street,Pickup Truck,Property Damage. No Injured Reported,Yes,raw/SGO/SGO-2021-01_Incident_Reports_ADS.csv
30270-11760,1,Waymo LLC,5-Day,,,SEP-2025,Y,JAGUAR,I-PACE,2024,ADS,Verified Engaged,Waymo LLC,SEP-2025,21:06,Los Angeles,CA,Street,Passenger Car,Property Damage. No Injured Reported,Yes,raw/SGO/SGO-2021-01_Incident_Reports_ADS.csv
30270-11761,1,Waymo LLC,Monthly,9,2025,OCT-2025,Y,JAGUAR,I-PACE,2024,ADS,Verified Engaged,Waymo LLC,SEP-2025,19:14,San Francisco,CA,Street,Bus,Property Damage. No Injured Reported,Yes,raw/SGO/SGO-2021-01_Incident_Reports_ADS.csv
30270-11762,1,Waymo LLC,5-Day,,,SEP-2025,Y,JAGUAR,I-PACE,2024,ADS,Verified Engaged,Waymo LLC,SEP-2025,12:12,Inglewood,CA,Intersection,Passenger Car,Property Damage. No Injured Reported,Yes,raw/SGO/SGO-2021-01_Incident_Reports_ADS.csv
30270-11763,1,Waymo LLC,Monthly,9,2025,OCT-2025,Y,JAGUAR,I-PACE,2024,ADS,Verified Engaged,Waymo LLC,SEP-2025,00:45,San Francisco,CA,Street,SUV,Property Damage. No Injured Reported,Yes,raw/SGO/SGO-2021-01_Incident_Reports_ADS.csv
30270-11765,1,Waymo LLC,Monthly,8,2025,OCT-2025,Y,JAGUAR,I-PACE,2024,ADS,Verified Engaged,Waymo LLC,AUG-2025,23:03,San Francisco,CA,Street,Passenger Car,Property Damage. No Injured Reported,Yes,raw/SGO/SGO-2021-01_Incident_Reports_ADS.csv
30270-11766,1,Waymo LLC,5-Day,,,SEP-2025,Y,JAGUAR,I-PACE,2024,ADS,Verified Engaged,Waymo LLC,SEP-2025,22:56,Austin,TX,Parking Lot,"Other, see Narrative",Property Damage. No Injured Reported,Yes,raw/SGO/SGO-2021-01_Incident_Reports_ADS.csv
30270-11768,1,Waymo LLC,Monthly,9,2025,OCT-2025,Y,JAGUAR,I-PACE,2024,ADS,Verified Engaged,Waymo LLC,SEP-2025,14:09,Santa Monica,CA,Intersection,Passenger Car,Property Damage. No Injured Reported,Yes,raw/SGO/SGO-2021-01_Incident_Reports_ADS.csv
30270-11769,1,Waymo LLC,Monthly,9,2025,OCT-2025,Y,JAGUAR,I-PACE,2024,ADS,Verified Engaged,Waymo LLC,SEP-2025,17:34,West Hollywood,CA,Street,SUV,Property Damage. No Injured Reported,Yes,raw/SGO/SGO-2021-01_Incident_Reports_ADS.csv
30270-11771,1,Waymo LLC,5-Day,,,SEP-2025,Y,JAGUAR,I-PACE,2024,ADS,Verified Engaged,Waymo LLC,SEP-2025,10:57,San Francisco,CA,Street,Heavy Truck,Property Damage. No Injured Reported,Yes,raw/SGO/SGO-2021-01_Incident_Reports_ADS.csv
30270-11789,1,Waymo LLC,5-Day,,,SEP-2025,Y,JAGUAR,I-PACE,2024,ADS,Verified Engaged,Waymo LLC,SEP-2025,10:30,Los Angeles,CA,Street,SUV,Minor W/ Hospitalization,Yes,raw/SGO/SGO-2021-01_Incident_Reports_ADS.csv
30270-11790,1,Waymo LLC,Monthly,9,2025,OCT-2025,Y,JAGUAR,I-PACE,2024,ADS,Verified Engaged,Waymo LLC,SEP-2025,17:00,San Francisco,CA,Street,Passenger Car,Property Damage. No Injured Reported,Yes,raw/SGO/SGO-2021-01_Incident_Reports_ADS.csv
30270-11791,1,Waymo LLC,5-Day,,,OCT-2025,Y,JAGUAR,I-PACE,2024,ADS,Verified Engaged,Waymo LLC,SEP-2025,22:29,Los Angeles,CA,Intersection,Passenger Car,Property Damage. No Injured Reported,Yes,raw/SGO/SGO-2021-01_Incident_Reports_ADS.csv
30270-11791,2,Waymo LLC,Update,,,NOV-2025,Y,JAGUAR,I-PACE,2024,ADS,Verified Engaged,Waymo LLC,SEP-2025,22:29,Los Angeles,CA,Intersection,Passenger Car,Minor W/O Hospitalization,Yes,raw/SGO/SGO-2021-01_Incident_Reports_ADS.csv
30270-11792,1,Waymo LLC,5-Day,,,OCT-2025,Y,JAGUAR,I-PACE,2024,ADS,Verified Engaged,Waymo LLC,SEP-2025,08:01,Atlanta,GA,Intersection,Pickup Truck,Property Damage. No Injured Reported,Yes,raw/SGO/SGO-2021-01_Incident_Reports_ADS.csv
30270-11794,1,Waymo LLC,5-Day,,,OCT-2025,Y,JAGUAR,I-PACE,2024,ADS,Verified Engaged,Waymo LLC,SEP-2025,02:42,Atlanta,GA,Intersection,Pickup Truck,Minor W/ Hospitalization,Yes,raw/SGO/SGO-2021-01_Incident_Reports_ADS.csv
30270-11795,1,Waymo LLC,Monthly,9,2025,OCT-2025,Y,JAGUAR,I-PACE,2024,ADS,Verified Engaged,Waymo LLC,SEP-2025,00:49,Daly City,CA,Intersection,Passenger Car,Property Damage. No Injured Reported,Yes,raw/SGO/SGO-2021-01_Incident_Reports_ADS.csv
30270-11802,1,Waymo LLC,5-Day,,,OCT-2025,Y,JAGUAR,I-PACE,2021,ADS,Verified Engaged,Waymo LLC,SEP-2025,15:05,Phoenix,AZ,Intersection,"Other, see Narrative",Property Damage. No Injured Reported,Yes,raw/SGO/SGO-2021-01_Incident_Reports_ADS.csv
30270-11805,1,Waymo LLC,Monthly,9,2025,OCT-2025,Y,JAGUAR,I-PACE,2024,ADS,Verified Engaged,Waymo LLC,SEP-2025,10:37,Austin,TX,Parking Lot,Other Fixed Object,Property Damage. No Injured Reported,Yes,raw/SGO/SGO-2021-01_Incident_Reports_ADS.csv
30270-11806,1,Waymo LLC,5-Day,,,OCT-2025,Y,JAGUAR,I-PACE,2024,ADS,Verified Engaged,Waymo LLC,SEP-2025,14:56,Atlanta,GA,Street,Non-Motorist: Cyclist,Minor W/ Hospitalization,Yes,raw/SGO/SGO-2021-01_Incident_Reports_ADS.csv
30270-11821,1,Waymo LLC,5-Day,,,OCT-2025,Y,JAGUAR,I-PACE,2024,ADS,Verified Engaged,Waymo LLC,SEP-2025,04:51,Los Angeles,CA,Street,SUV,Property Damage. No Injured Reported,Yes,raw/SGO/SGO-2021-01_Incident_Reports_ADS.csv
30270-11831,1,Waymo LLC,Monthly,9,2025,OCT-2025,Y,JAGUAR,I-PACE,2024,ADS,Verified Engaged,Waymo LLC,SEP-2025,15:48,Tempe,AZ,Street,Passenger Car,Property Damage. No Injured Reported,Yes,raw/SGO/SGO-2021-01_Incident_Reports_ADS.csv
30270-11836,1,Waymo LLC,5-Day,,,OCT-2025,Y,JAGUAR,I-PACE,2024,ADS,Verified Engaged,Waymo LLC,OCT-2025,16:14,Phoenix,AZ,Street,Heavy Truck,Property Damage. No Injured Reported,Yes,raw/SGO/SGO-2021-01_Incident_Reports_ADS.csv
30270-11837,1,Waymo LLC,5-Day,,,OCT-2025,Y,JAGUAR,I-PACE,2024,ADS,Verified Engaged,Waymo LLC,OCT-2025,17:22,Los Angeles,CA,Street,SUV,Property Damage. No Injured Reported,Yes,raw/SGO/SGO-2021-01_Incident_Reports_ADS.csv
30270-11838,1,Waymo LLC,5-Day,,,OCT-2025,Y,JAGUAR,I-PACE,2024,ADS,Verified Engaged,Waymo LLC,OCT-2025,09:37,Phoenix,AZ,Street,Pickup Truck,Property Damage. No Injured Reported,Yes,raw/SGO/SGO-2021-01_Incident_Reports_ADS.csv
30270-11839,1,Waymo LLC,Monthly,9,2025,OCT-2025,Y,JAGUAR,I-PACE,2024,ADS,Verified Engaged,Waymo LLC,SEP-2025,17:41,San Francisco,CA,Intersection,Passenger Car,Property Damage. No Injured Reported,Yes,raw/SGO/SGO-2021-01_Incident_Reports_ADS.csv
30270-11840,1,Waymo LLC,Monthly,9,2025,OCT-2025,Y,JAGUAR,I-PACE,2024,ADS,Verified Engaged,Waymo LLC,SEP-2025,23:34,Austin,TX,Street,Animal,Unknown,Yes,raw/SGO/SGO-2021-01_Incident_Reports_ADS.csv
30270-11841,1,Waymo LLC,5-Day,,,OCT-2025,Y,JAGUAR,I-PACE,2024,ADS,Verified Engaged,Waymo LLC,OCT-2025,09:55,Atlanta,GA,Intersection,Passenger Car,Moderate W/ Hospitalization,Yes,raw/SGO/SGO-2021-01_Incident_Reports_ADS.csv
30270-11842,1,Waymo LLC,5-Day,,,OCT-2025,Y,JAGUAR,I-PACE,2024,ADS,Verified Engaged,Waymo LLC,OCT-2025,18:38,San Francisco,CA,Street,SUV,Property Damage. No Injured Reported,Yes,raw/SGO/SGO-2021-01_Incident_Reports_ADS.csv
30270-11849,1,Waymo LLC,5-Day,,,OCT-2025,Y,JAGUAR,I-PACE,2024,ADS,Verified Engaged,Waymo LLC,OCT-2025,22:16,Los Angeles,CA,Street,SUV,Property Damage. No Injured Reported,Yes,raw/SGO/SGO-2021-01_Incident_Reports_ADS.csv
30270-11849,2,Waymo LLC,Update,,,NOV-2025,Y,JAGUAR,I-PACE,2024,ADS,Verified Engaged,Waymo LLC,OCT-2025,22:16,Los Angeles,CA,Street,SUV,Unknown,Yes,raw/SGO/SGO-2021-01_Incident_Reports_ADS.csv
30270-11850,1,Waymo LLC,Monthly,9,2025,OCT-2025,Y,JAGUAR,I-PACE,2024,ADS,Verified Engaged,Waymo LLC,SEP-2025,08:40,Austin,TX,Intersection,SUV,Property Damage. No Injured Reported,Yes,raw/SGO/SGO-2021-01_Incident_Reports_ADS.csv
30270-11851,1,Waymo LLC,Monthly,9,2025,OCT-2025,Y,JAGUAR,I-PACE,2024,ADS,Verified Engaged,Waymo LLC,SEP-2025,10:35,South San Francisco,CA,Street,Passenger Car,Property Damage. No Injured Reported,Yes,raw/SGO/SGO-2021-01_Incident_Reports_ADS.csv
30270-11852,1,Waymo LLC,Monthly,9,2025,OCT-2025,Y,JAGUAR,I-PACE,2024,ADS,Verified Engaged,Waymo LLC,SEP-2025,14:59,San Francisco,CA,Street,Heavy Truck,Property Damage. No Injured Reported,Yes,raw/SGO/SGO-2021-01_Incident_Reports_ADS.csv
30270-11853,1,Waymo LLC,Monthly,9,2025,OCT-2025,Y,JAGUAR,I-PACE,2024,ADS,Verified Engaged,Waymo LLC,SEP-2025,13:08,San Francisco,CA,Street,Heavy Truck,Property Damage. No Injured Reported,Yes,raw/SGO/SGO-2021-01_Incident_Reports_ADS.csv
30270-11855,1,Waymo LLC,5-Day,,,OCT-2025,Y,JAGUAR,I-PACE,2024,ADS,Verified Engaged,Waymo LLC,OCT-2025,02:55,San Francisco,CA,Street,First Responder Vehicle,Property Damage. No Injured Reported,Yes,raw/SGO/SGO-2021-01_Incident_Reports_ADS.csv
30270-11858,1,Waymo LLC,5-Day,,,OCT-2025,Y,JAGUAR,I-PACE,2024,ADS,Verified Engaged,Waymo LLC,OCT-2025,07:12,San Francisco,CA,Intersection,Passenger Car,Property Damage. No Injured Reported,Yes,raw/SGO/SGO-2021-01_Incident_Reports_ADS.csv
30270-11859,1,Waymo LLC,5-Day,,,OCT-2025,Y,JAGUAR,I-PACE,2024,ADS,Verified Engaged,Waymo LLC,OCT-2025,02:20,Phoenix,AZ,Street,SUV,No Injured Reported,Yes,raw/SGO/SGO-2021-01_Incident_Reports_ADS.csv
30270-11860,1,Waymo LLC,5-Day,,,OCT-2025,Y,JAGUAR,I-PACE,2024,ADS,Verified Engaged,Waymo LLC,OCT-2025,16:48,Los Angeles,CA,Street,Pickup Truck,Property Damage. No Injured Reported,Yes,raw/SGO/SGO-2021-01_Incident_Reports_ADS.csv
30270-11861,1,Waymo LLC,5-Day,,,OCT-2025,Y,JAGUAR,I-PACE,2024,ADS,Verified Engaged,Waymo LLC,OCT-2025,13:27,San Francisco,CA,Street,Passenger Car,Minor W/ Hospitalization,Yes,raw/SGO/SGO-2021-01_Incident_Reports_ADS.csv
30270-11863,1,Waymo LLC,5-Day,,,OCT-2025,Y,JAGUAR,I-PACE,2024,ADS,Verified Engaged,Waymo LLC,OCT-2025,07:10,Scottsdale,AZ,Street,Pickup Truck,Property Damage. No Injured Reported,Yes,raw/SGO/SGO-2021-01_Incident_Reports_ADS.csv
30270-11864,1,Waymo LLC,5-Day,,,OCT-2025,Y,JAGUAR,I-PACE,2024,ADS,Verified Engaged,Waymo LLC,OCT-2025,20:42,Santa Monica,CA,Intersection,SUV,Minor W/O Hospitalization,Yes,raw/SGO/SGO-2021-01_Incident_Reports_ADS.csv
30270-11865,1,Waymo LLC,Monthly,10,2025,NOV-2025,Y,JAGUAR,I-PACE,2024,ADS,Verified Engaged,Waymo LLC,OCT-2025,15:57,Los Angeles,CA,Parking Lot,Heavy Truck,No Injured Reported,Yes,raw/SGO/SGO-2021-01_Incident_Reports_ADS.csv
30270-11868,1,Waymo LLC,5-Day,,,OCT-2025,Y,JAGUAR,I-PACE,2021,ADS,Verified Not Engaged,Waymo LLC,OCT-2025,15:14,San Francisco,CA,Street,SUV,Minor W/O Hospitalization,Yes,raw/SGO/SGO-2021-01_Incident_Reports_ADS.csv
30270-11874,1,Waymo LLC,5-Day,,,OCT-2025,Y,JAGUAR,I-PACE,2024,ADS,Verified Engaged,Waymo LLC,OCT-2025,16:00,Los Angeles,CA,Street,Passenger Car,Property Damage. No Injured Reported,Yes,raw/SGO/SGO-2021-01_Incident_Reports_ADS.csv
30270-11882,1,Waymo LLC,Monthly,10,2025,NOV-2025,Y,JAGUAR,I-PACE,2024,ADS,Verified Engaged,Waymo LLC,OCT-2025,02:25,Los Angeles,CA,Street,SUV,Property Damage. No Injured Reported,Yes,raw/SGO/SGO-2021-01_Incident_Reports_ADS.csv
30270-11883,1,Waymo LLC,5-Day,,,OCT-2025,Y,JAGUAR,I-PACE,2024,ADS,Verified Engaged,Waymo LLC,OCT-2025,18:20,San Francisco,CA,Street,Bus,Property Damage. No Injured Reported,Yes,raw/SGO/SGO-2021-01_Incident_Reports_ADS.csv
30270-11884,1,Waymo LLC,5-Day,,,OCT-2025,Y,JAGUAR,I-PACE,2024,ADS,Verified Engaged,Waymo LLC,OCT-2025,22:11,Los Angeles,CA,Street,Passenger Car,Property Damage. No Injured Reported,Yes,raw/SGO/SGO-2021-01_Incident_Reports_ADS.csv
30270-11886,1,Waymo LLC,5-Day,,,OCT-2025,Y,JAGUAR,I-PACE,2024,ADS,Verified Engaged,Waymo LLC,OCT-2025,16:57,Tempe,AZ,Intersection,Passenger Car,Property Damage. No Injured Reported,Yes,raw/SGO/SGO-2021-01_Incident_Reports_ADS.csv
30270-11887,1,Waymo LLC,Monthly,10,2025,NOV-2025,Y,JAGUAR,I-PACE,2021,ADS,Verified Engaged,Waymo LLC,OCT-2025,23:57,Tempe,AZ,Street,SUV,Property Damage. No Injured Reported,Yes,raw/SGO/SGO-2021-01_Incident_Reports_ADS.csv
30270-11888,1,Waymo LLC,5-Day,,,OCT-2025,Y,JAGUAR,I-PACE,2024,ADS,Verified Engaged,Waymo LLC,OCT-2025,12:07,Redwood City,CA,Parking Lot,Other Fixed Object,Property Damage. No Injured Reported,Yes,raw/SGO/SGO-2021-01_Incident_Reports_ADS.csv
30270-11889,1,Waymo LLC,Monthly,10,2025,NOV-2025,Y,JAGUAR,I-PACE,2024,ADS,Verified Not Engaged,Waymo LLC,OCT-2025,09:15,Phoenix,AZ,Highway / Freeway,"Other, see Narrative",No Injured Reported,Yes,raw/SGO/SGO-2021-01_Incident_Reports_ADS.csv
30270-11892,1,Waymo LLC,5-Day,,,OCT-2025,Y,JAGUAR,I-PACE,2024,ADS,Verified Engaged,Waymo LLC,OCT-2025,14:20,Austin,TX,Street,SUV,Property Damage. No Injured Reported,Yes,raw/SGO/SGO-2021-01_Incident_Reports_ADS.csv
30270-11904,1,Waymo LLC,5-Day,,,OCT-2025,Y,JAGUAR,I-PACE,2024,ADS,Verified Engaged,Waymo LLC,OCT-2025,22:40,San Francisco,CA,Street,SUV,Property Damage. No Injured Reported,Yes,raw/SGO/SGO-2021-01_Incident_Reports_ADS.csv
30270-11905,1,Waymo LLC,5-Day,,,OCT-2025,Y,JAGUAR,I-PACE,2024,ADS,Verified Engaged,Waymo LLC,OCT-2025,18:56,Phoenix,AZ,Parking Lot,Heavy Truck,Property Damage. No Injured Reported,Yes,raw/SGO/SGO-2021-01_Incident_Reports_ADS.csv
30270-11906,1,Waymo LLC,Monthly,10,2025,NOV-2025,Y,JAGUAR,I-PACE,2024,ADS,Verified Engaged,Waymo LLC,OCT-2025,15:51,Mountain View,CA,Intersection,Passenger Car,Property Damage. No Injured Reported,Yes,raw/SGO/SGO-2021-01_Incident_Reports_ADS.csv
30270-11907,1,Waymo LLC,Monthly,10,2025,NOV-2025,Y,JAGUAR,I-PACE,2024,ADS,Verified Engaged,Waymo LLC,OCT-2025,13:20,Santa Monica,CA,Street,SUV,Property Damage. No Injured Reported,Yes,raw/SGO/SGO-2021-01_Incident_Reports_ADS.csv
30270-11908,1,Waymo LLC,5-Day,,,OCT-2025,Y,JAGUAR,I-PACE,2021,ADS,Verified Engaged,Waymo LLC,OCT-2025,09:06,Tempe,AZ,Intersection,SUV,Minor W/O Hospitalization,Yes,raw/SGO/SGO-2021-01_Incident_Reports_ADS.csv
30270-1192,1,Waymo LLC,1-Day,,,SEP-2021,,Chrysler,Pacifica,2017,ADS,,Waymo LLC,SEP-2021,13:54,Tempe,AZ,Street,Pickup Truck,No Injuries Reported,Yes,raw/SGO/SGO-2021-01_Incident_Reports_ADS (1).csv
30270-11924,1,Waymo LLC,5-Day,,,OCT-2025,Y,JAGUAR,I-PACE,2024,ADS,Verified Engaged,Waymo LLC,OCT-2025,09:10,San Francisco,CA,Street,Heavy Truck,Property Damage. No Injured Reported,Yes,raw/SGO/SGO-2021-01_Incident_Reports_ADS.csv
30270-11925,1,Waymo LLC,5-Day,,,OCT-2025,Y,JAGUAR,I-PACE,2024,ADS,Verified Engaged,Waymo LLC,OCT-2025,00:59,Los Angeles,CA,Street,Heavy Truck,Property Damage. No Injured Reported,Yes,raw/SGO/SGO-2021-01_Incident_Reports_ADS.csv
30270-11926,1,Waymo LLC,5-Day,,,OCT-2025,Y,JAGUAR,I-PACE,2021,ADS,Verified Engaged,Waymo LLC,OCT-2025,07:49,South San Francisco,CA,Street,Passenger Car,Property Damage. No Injured Reported,Yes,raw/SGO/SGO-2021-01_Incident_Reports_ADS.csv
30270-11928,1,Waymo LLC,Monthly,10,2025,NOV-2025,Y,JAGUAR,I-PACE,2024,ADS,Verified Engaged,Waymo LLC,OCT-2025,14:50,San Francisco,CA,Street,Passenger Car,Property Damage. No Injured Reported,Yes,raw/SGO/SGO-2021-01_Incident_Reports_ADS.csv
30270-11929,1,Waymo LLC,5-Day,,,OCT-2025,Y,JAGUAR,I-PACE,2024,ADS,Verified Engaged,Waymo LLC,OCT-2025,07:48,Phoenix,AZ,Intersection,Passenger Car,Property Damage. No Injured Reported,Yes,raw/SGO/SGO-2021-01_Incident_Reports_ADS.csv
30270-11930,1,Waymo LLC,5-Day,,,OCT-2025,Y,JAGUAR,I-PACE,2024,ADS,Verified Engaged,Waymo LLC,OCT-2025,17:12,Phoenix,AZ,Street,Pickup Truck,Property Damage. No Injured Reported,Yes,raw/SGO/SGO-2021-01_Incident_Reports_ADS.csv
30270-11931,1,Waymo LLC,5-Day,,,OCT-2025,Y,JAGUAR,I-PACE,2021,ADS,Verified Engaged,Waymo LLC,OCT-2025,16:58,San Francisco,CA,Street,"Other, see Narrative",Property Damage. No Injured Reported,Yes,raw/SGO/SGO-2021-01_Incident_Reports_ADS.csv
30270-11932,1,Waymo LLC,Monthly,10,2025,NOV-2025,Y,JAGUAR,I-PACE,2024,ADS,Verified Engaged,Waymo LLC,OCT-2025,11:09,Austin,TX,Parking Lot,SUV,Property Damage. No Injured Reported,Yes,raw/SGO/SGO-2021-01_Incident_Reports_ADS.csv
30270-11933,1,Waymo LLC,Monthly,10,2025,NOV-2025,Y,JAGUAR,I-PACE,2024,ADS,Verified Engaged,Waymo LLC,OCT-2025,12:52,Phoenix,AZ,Street,SUV,Property Damage. No Injured Reported,Yes,raw/SGO/SGO-2021-01_Incident_Reports_ADS.csv
30270-11936,1,Waymo LLC,5-Day,,,OCT-2025,Y,JAGUAR,I-PACE,2024,ADS,Verified Engaged,Waymo LLC,OCT-2025,22:12,San Mateo,CA,Intersection,Passenger Car,Property Damage. No Injured Reported,Yes,raw/SGO/SGO-2021-01_Incident_Reports_ADS.csv
30270-11940,1,Waymo LLC,5-Day,,,OCT-2025,Y,JAGUAR,I-PACE,2024,ADS,Verified Engaged,Waymo LLC,OCT-2025,12:28,Burlingame,CA,Intersection,Pickup Truck,Property Damage. No Injured Reported,Yes,raw/SGO/SGO-2021-01_Incident_Reports_ADS.csv
30270-11949,1,Waymo LLC,Monthly,10,2025,NOV-2025,Y,JAGUAR,I-PACE,2024,ADS,Verified Engaged,Waymo LLC,OCT-2025,07:25,San Francisco,CA,Street,SUV,Property Damage. No Injured Reported,Yes,raw/SGO/SGO-2021-01_Incident_Reports_ADS.csv
30270-11951,1,Waymo LLC,5-Day,,,OCT-2025,Y,JAGUAR,I-PACE,2024,ADS,Verified Engaged,Waymo LLC,OCT-2025,17:25,Los Angeles,CA,Parking Lot,Other Fixed Object,Property Damage. No Injured Reported,Yes,raw/SGO/SGO-2021-01_Incident_Reports_ADS.csv
30270-11952,1,Waymo LLC,5-Day,,,OCT-2025,Y,ZEEKR,RT,2025,ADS,Verified Not Engaged,Waymo LLC,OCT-2025,23:33,Los Angeles,CA,Street,Passenger Car,Property Damage. No Injured Reported,Yes,raw/SGO/SGO-2021-01_Incident_Reports_ADS.csv
30270-11953,1,Waymo LLC,Monthly,10,2025,NOV-2025,Y,JAGUAR,I-PACE,2024,ADS,Verified Engaged,Waymo LLC,OCT-2025,12:58,Los Angeles,CA,Street,Passenger Car,Property Damage. No Injured Reported,Yes,raw/SGO/SGO-2021-01_Incident_Reports_ADS.csv
30270-11954,1,Waymo LLC,Monthly,10,2025,NOV-2025,Y,JAGUAR,I-PACE,2024,ADS,Verified Engaged,Waymo LLC,OCT-2025,14:45,Austin,TX,Street,Bus,Property Damage. No Injured Reported,Yes,raw/SGO/SGO-2021-01_Incident_Reports_ADS.csv
30270-11955,1,Waymo LLC,Monthly,10,2025,NOV-2025,Y,JAGUAR,I-PACE,2024,ADS,Verified Engaged,Waymo LLC,OCT-2025,09:45,San Francisco,CA,Street,Van,Property Damage. No Injured Reported,Yes,raw/SGO/SGO-2021-01_Incident_Reports_ADS.csv
30270-11956,1,Waymo LLC,Monthly,10,2025,NOV-2025,Y,JAGUAR,I-PACE,2024,ADS,Verified Engaged,Waymo LLC,OCT-2025,13:37,San Francisco,CA,Street,Passenger Car,Property Damage. No Injured Reported,Yes,raw/SGO/SGO-2021-01_Incident_Reports_ADS.csv
30270-11957,1,Waymo LLC,Monthly,10,2025,NOV-2025,Y,JAGUAR,I-PACE,2024,ADS,Verified Engaged,Waymo LLC,OCT-2025,18:00,Austin,TX,Street,Heavy Truck,Property Damage. No Injured Reported,Yes,raw/SGO/SGO-2021-01_Incident_Reports_ADS.csv
30270-11958,1,Waymo LLC,Monthly,10,2025,NOV-2025,Y,JAGUAR,I-PACE,2024,ADS,Verified Engaged,Waymo LLC,OCT-2025,07:33,Austin,TX,Street,Bus,Property Damage. No Injured Reported,Yes,raw/SGO/SGO-2021-01_Incident_Reports_ADS.csv
30270-11960,1,Waymo LLC,Monthly,10,2025,NOV-2025,Y,JAGUAR,I-PACE,2024,ADS,Verified Engaged,Waymo LLC,OCT-2025,17:51,Phoenix,AZ,Parking Lot,Passenger Car,Property Damage. No Injured Reported,Yes,raw/SGO/SGO-2021-01_Incident_Reports_ADS.csv
30270-11962,1,Waymo LLC,5-Day,,,OCT-2025,Y,JAGUAR,I-PACE,2024,ADS,Verified Engaged,Waymo LLC,OCT-2025,08:53,Mountain View,CA,Street,Pickup Truck,Property Damage. No Injured Reported,Yes,raw/SGO/SGO-2021-01_Incident_Reports_ADS.csv
30270-11987,1,Waymo LLC,5-Day,,,OCT-2025,Y,JAGUAR,I-PACE,2024,ADS,Verified Engaged,Waymo LLC,OCT-2025,10:57,Phoenix,AZ,Intersection,Pickup Truck,Property Damage. No Injured Reported,Yes,raw/SGO/SGO-2021-01_Incident_Reports_ADS.csv
30270-11988,1,Waymo LLC,Monthly,10,2025,NOV-2025,Y,JAGUAR,I-PACE,2024,ADS,Verified Engaged,Waymo LLC,OCT-2025,11:58,San Francisco,CA,Street,Heavy Truck,Property Damage. No Injured Reported,Yes,raw/SGO/SGO-2021-01_Incident_Reports_ADS.csv
30270-11991,1,Waymo LLC,5-Day,,,OCT-2025,Y,JAGUAR,I-PACE,2024,ADS,Verified Not Engaged,Waymo LLC,OCT-2025,17:38,Austin,TX,Street,Pickup Truck,Property Damage. No Injured Reported,Yes,raw/SGO/SGO-2021-01_Incident_Reports_ADS.csv
30270-11992,1,Waymo LLC,5-Day,,,OCT-2025,Y,JAGUAR,I-PACE,2024,ADS,Verified Engaged,Waymo LLC,OCT-2025,09:48,Austin,TX,Street,SUV,Property Damage. No Injured Reported,Yes,raw/SGO/SGO-2021-01_Incident_Reports_ADS.csv
30270-11994,1,Waymo LLC,5-Day,,,OCT-2025,Y,JAGUAR,I-PACE,2024,ADS,Verified Engaged,Waymo LLC,OCT-2025,12:17,Phoenix,AZ,Parking Lot,SUV,Property Damage. No Injured Reported,Yes,raw/SGO/SGO-2021-01_Incident_Reports_ADS.csv
30270-11995,1,Waymo LLC,5-Day,,,OCT-2025,Y,JAGUAR,I-PACE,2024,ADS,Verified Engaged,Waymo LLC,OCT-2025,22:26,San Francisco,CA,Intersection,Pickup Truck,Property Damage. No Injured Reported,Yes,raw/SGO/SGO-2021-01_Incident_Reports_ADS.csv
30270-11996,1,Waymo LLC,5-Day,,,OCT-2025,Y,JAGUAR,I-PACE,2024,ADS,Verified Engaged,Waymo LLC,OCT-2025,00:37,Austin,TX,Street,"Other, see Narrative",Property Damage. No Injured Reported,Yes,raw/SGO/SGO-2021-01_Incident_Reports_ADS.csv
30270-11997,1,Waymo LLC,5-Day,,,OCT-2025,Y,JAGUAR,I-PACE,2024,ADS,Verified Engaged,Waymo LLC,OCT-2025,09:11,San Francisco,CA,Highway / Freeway,"Other, see Narrative",Unknown,Yes,raw/SGO/SGO-2021-01_Incident_Reports_ADS.csv
30270-11998,1,Waymo LLC,5-Day,,,OCT-2025,Y,JAGUAR,I-PACE,2024,ADS,Verified Engaged,Waymo LLC,OCT-2025,10:24,San Francisco,CA,Intersection,Passenger Car,Property Damage. No Injured Reported,Yes,raw/SGO/SGO-2021-01_Incident_Reports_ADS.csv
30270-11999,1,Waymo LLC,Monthly,10,2025,NOV-2025,Y,JAGUAR,I-PACE,2024,ADS,Verified Engaged,Waymo LLC,OCT-2025,09:15,San Francisco,CA,Intersection,"Other, see Narrative",Property Damage. No Injured Reported,Yes,raw/SGO/SGO-2021-01_Incident_Reports_ADS.csv
30270-12000,1,Waymo LLC,Monthly,10,2025,NOV-2025,Y,JAGUAR,I-PACE,2024,ADS,Verified Engaged,Waymo LLC,OCT-2025,06:21,Phoenix,AZ,Street,SUV,Property Damage. No Injured Reported,Yes,raw/SGO/SGO-2021-01_Incident_Reports_ADS.csv
30270-12007,1,Waymo LLC,5-Day,,,OCT-2025,Y,JAGUAR,I-PACE,2024,ADS,Verified Engaged,Waymo LLC,OCT-2025,16:00,Los Angeles,CA,Street,Heavy Truck,Property Damage. No Injured Reported,Yes,raw/SGO/SGO-2021-01_Incident_Reports_ADS.csv
30270-12008,1,Waymo LLC,Monthly,10,2025,NOV-2025,Y,JAGUAR,I-PACE,2024,ADS,Verified Engaged,Waymo LLC,OCT-2025,00:09,San Francisco,CA,Street,Passenger Car,Property Damage. No Injured Reported,Yes,raw/SGO/SGO-2021-01_Incident_Reports_ADS.csv
30270-12011,1,Waymo LLC,5-Day,,,OCT-2025,Y,JAGUAR,I-PACE,2024,ADS,Verified Engaged,Waymo LLC,OCT-2025,10:46,Mountain View,CA,Intersection,Passenger Car,Property Damage. No Injured Reported,Yes,raw/SGO/SGO-2021-01_Incident_Reports_ADS.csv
30270-12012,1,Waymo LLC,5-Day,,,NOV-2025,Y,JAGUAR,I-PACE,2024,ADS,Verified Engaged,Waymo LLC,OCT-2025,06:08,Phoenix,AZ,Street,Pickup Truck,Minor W/O Hospitalization,Yes,raw/SGO/SGO-2021-01_Incident_Reports_ADS.csv
30270-12013,1,Waymo LLC,5-Day,,,NOV-2025,Y,JAGUAR,I-PACE,2024,ADS,Verified Engaged,Waymo LLC,OCT-2025,09:28,San Francisco,CA,Street,Heavy Truck,Property Damage. No Injured Reported,Yes,raw/SGO/SGO-2021-01_Incident_Reports_ADS.csv
30270-12018,1,Waymo LLC,5-Day,,,NOV-2025,Y,JAGUAR,I-PACE,2024,ADS,Verified Engaged,Waymo LLC,OCT-2025,13:34,San Francisco,CA,Street,Pickup Truck,Property Damage. No Injured Reported,Yes,raw/SGO/SGO-2021-01_Incident_Reports_ADS.csv
30270-12019,1,Waymo LLC,Monthly,10,2025,NOV-2025,Y,JAGUAR,I-PACE,2024,ADS,Verified Engaged,Waymo LLC,OCT-2025,18:25,Austin,TX,Street,Heavy Truck,Property Damage. No Injured Reported,Yes,raw/SGO/SGO-2021-01_Incident_Reports_ADS.csv
30270-12035,1,Waymo LLC,5-Day,,,NOV-2025,Y,JAGUAR,I-PACE,2024,ADS,Verified Engaged,Waymo LLC,OCT-2025,21:00,Tempe,AZ,Street,Other Fixed Object,Property Damage. No Injured Reported,Yes,raw/SGO/SGO-2021-01_Incident_Reports_ADS.csv
30270-12042,1,Waymo LLC,Monthly,10,2025,NOV-2025,Y,JAGUAR,I-PACE,2024,ADS,Verified Engaged,Waymo LLC,OCT-2025,11:08,San Francisco,CA,Intersection,Heavy Truck,Property Damage. No Injured Reported,Yes,raw/SGO/SGO-2021-01_Incident_Reports_ADS.csv
30270-12044,1,Waymo LLC,5-Day,,,NOV-2025,Y,JAGUAR,I-PACE,2024,ADS,Verified Engaged,Waymo LLC,OCT-2025,15:39,Tempe,AZ,Street,"Other, see Narrative",Property Damage. No Injured Reported,Yes,raw/SGO/SGO-2021-01_Incident_Reports_ADS.csv
30270-12045,1,Waymo LLC,5-Day,,,NOV-2025,Y,JAGUAR,I-PACE,2024,ADS,Verified Engaged,Waymo LLC,OCT-2025,17:22,San Francisco,CA,Street,Passenger Car,Property Damage. No Injured Reported,Yes,raw/SGO/SGO-2021-01_Incident_Reports_ADS.csv
30270-12046,1,Waymo LLC,Monthly,10,2025,NOV-2025,Y,JAGUAR,I-PACE,2024,ADS,Verified Engaged,Waymo LLC,OCT-2025,14:56,Daly City,CA,Parking Lot,"Other, see Narrative",Property Damage. No Injured Reported,Yes,raw/SGO/SGO-2021-01_Incident_Reports_ADS.csv
30270-12047,1,Waymo LLC,5-Day,,,NOV-2025,Y,JAGUAR,I-PACE,2024,ADS,Verified Engaged,Waymo LLC,NOV-2025,03:11,Los Angeles,CA,Intersection,SUV,Property Damage. No Injured Reported,Yes,raw/SGO/SGO-2021-01_Incident_Reports_ADS.csv
30270-12048,1,Waymo LLC,5-Day,,,NOV-2025,Y,JAGUAR,I-PACE,2024,ADS,Verified Engaged,Waymo LLC,NOV-2025,11:43,Austin,TX,Intersection,SUV,Minor W/O Hospitalization,Yes,raw/SGO/SGO-2021-01_Incident_Reports_ADS.csv
30270-12049,1,Waymo LLC,5-Day,,,NOV-2025,Y,JAGUAR,I-PACE,2024,ADS,Verified Engaged,Waymo LLC,NOV-2025,08:08,South San Francisco,CA,Street,Heavy Truck,Property Damage. No Injured Reported,Yes,raw/SGO/SGO-2021-01_Incident_Reports_ADS.csv
30270-12050,1,Waymo LLC,5-Day,,,NOV-2025,Y,JAGUAR,I-PACE,2024,ADS,Verified Engaged,Waymo LLC,OCT-2025,16:05,San Francisco,CA,Street,Non-Motorist: Cyclist,Minor W/ Hospitalization,Yes,raw/SGO/SGO-2021-01_Incident_Reports_ADS.csv
30270-12051,1,Waymo LLC,5-Day,,,NOV-2025,Y,JAGUAR,I-PACE,2024,ADS,Verified Engaged,Waymo LLC,NOV-2025,02:13,Scottsdale,AZ,Street,SUV,Minor W/ Hospitalization,Yes,raw/SGO/SGO-2021-01_Incident_Reports_ADS.csv
30270-12052,1,Waymo LLC,5-Day,,,NOV-2025,Y,JAGUAR,I-PACE,2024,ADS,Verified Engaged,Waymo LLC,OCT-2025,00:37,Scottsdale,AZ,Street,Passenger Car,Property Damage. No Injured Reported,Yes,raw/SGO/SGO-2021-01_Incident_Reports_ADS.csv
30270-12053,1,Waymo LLC,5-Day,,,NOV-2025,Y,JAGUAR,I-PACE,2024,ADS,Verified Engaged,Waymo LLC,OCT-2025,06:42,Phoenix,AZ,Street,Pickup Truck,Property Damage. No Injured Reported,Yes,raw/SGO/SGO-2021-01_Incident_Reports_ADS.csv
30270-12054,1,Waymo LLC,5-Day,,,NOV-2025,Y,JAGUAR,I-PACE,2024,ADS,Verified Engaged,Waymo LLC,NOV-2025,11:32,Los Angeles,CA,Street,Heavy Truck,Property Damage. No Injured Reported,Yes,raw/SGO/SGO-2021-01_Incident_Reports_ADS.csv
30270-12055,1,Waymo LLC,5-Day,,,NOV-2025,Y,JAGUAR,I-PACE,2024,ADS,Verified Engaged,Waymo LLC,NOV-2025,12:39,Los Angeles,CA,Street,SUV,Property Damage. No Injured Reported,Yes,raw/SGO/SGO-2021-01_Incident_Reports_ADS.csv
30270-12056,1,Waymo LLC,5-Day,,,NOV-2025,Y,JAGUAR,I-PACE,2024,ADS,Verified Engaged,Waymo LLC,NOV-2025,15:52,Los Angeles,CA,Street,Motorcycle,Property Damage. No Injured Reported,Yes,raw/SGO/SGO-2021-01_Incident_Reports_ADS.csv
30270-12059,1,Waymo LLC,5-Day,,,NOV-2025,Y,JAGUAR,I-PACE,2024,ADS,Verified Engaged,Waymo LLC,OCT-2025,09:31,Los Angeles,CA,Street,"Other, see Narrative",Property Damage. No Injured Reported,Yes,raw/SGO/SGO-2021-01_Incident_Reports_ADS.csv
30270-12060,1,Waymo LLC,5-Day,,,NOV-2025,Y,JAGUAR,I-PACE,2024,ADS,Verified Engaged,Waymo LLC,NOV-2025,22:05,San Francisco,CA,Street,Passenger Car,Property Damage. No Injured Reported,Yes,raw/SGO/SGO-2021-01_Incident_Reports_ADS.csv
30270-12061,1,Waymo LLC,5-Day,,,NOV-2025,Y,JAGUAR,I-PACE,2024,ADS,Verified Engaged,Waymo LLC,NOV-2025,10:26,San Francisco,CA,Intersection,SUV,Property Damage. No Injured Reported,Yes,raw/SGO/SGO-2021-01_Incident_Reports_ADS.csv
30270-12062,1,Waymo LLC,Monthly,10,2025,NOV-2025,Y,JAGUAR,I-PACE,2024,ADS,Verified Engaged,Waymo LLC,OCT-2025,09:07,San Francisco,CA,Street,Passenger Car,Property Damage. No Injured Reported,Yes,raw/SGO/SGO-2021-01_Incident_Reports_ADS.csv
30270-12063,1,Waymo LLC,Monthly,10,2025,NOV-2025,Y,JAGUAR,I-PACE,2024,ADS,Verified Engaged,Waymo LLC,OCT-2025,16:58,San Francisco,CA,Street,Passenger Car,Property Damage. No Injured Reported,Yes,raw/SGO/SGO-2021-01_Incident_Reports_ADS.csv
30270-12070,1,Waymo LLC,Monthly,10,2025,NOV-2025,Y,JAGUAR,I-PACE,2024,ADS,Verified Engaged,Waymo LLC,OCT-2025,23:40,San Francisco,CA,Street,Animal,No Injured Reported,Yes,raw/SGO/SGO-2021-01_Incident_Reports_ADS.csv
30270-1220,1,Waymo LLC,1-Day,,,SEP-2021,,Jaguar,I-Pace,2021,ADS,,Waymo LLC,AUG-2021,17:41,San Francisco,CA,Street,Passenger Car,No Injuries Reported,Yes,raw/SGO/SGO-2021-01_Incident_Reports_ADS (1).csv
30270-1236,1,Waymo LLC,1-Day,,,SEP-2021,,Chrysler,Pacifica,2017,ADS,,Waymo LLC,SEP-2021,13:54,Tempe,AZ,Street,Pickup Truck,No Injuries Reported,Yes,raw/SGO/SGO-2021-01_Incident_Reports_ADS (1).csv
30270-13023,1,Waymo LLC,5-Day,,,NOV-2025,Y,JAGUAR,I-PACE,2024,ADS,Verified Engaged,Waymo LLC,NOV-2025,10:28,San Francisco,CA,Intersection,Pickup Truck,Property Damage. No Injured Reported,Yes,raw/SGO/SGO-2021-01_Incident_Reports_ADS.csv
30270-13024,1,Waymo LLC,5-Day,,,NOV-2025,Y,JAGUAR,I-PACE,2024,ADS,Verified Engaged,Waymo LLC,NOV-2025,10:01,Phoenix,AZ,Parking Lot,Passenger Car,Property Damage. No Injured Reported,Yes,raw/SGO/SGO-2021-01_Incident_Reports_ADS.csv
30270-13025,1,Waymo LLC,Monthly,10,2025,NOV-2025,Y,JAGUAR,I-PACE,2024,ADS,Verified Engaged,Waymo LLC,OCT-2025,23:29,Los Angeles,CA,Street,Passenger Car,Property Damage. No Injured Reported,Yes,raw/SGO/SGO-2021-01_Incident_Reports_ADS.csv
30270-13026,1,Waymo LLC,Monthly,10,2025,NOV-2025,Y,JAGUAR,I-PACE,2024,ADS,Verified Engaged,Waymo LLC,OCT-2025,13:28,Washington,DC,Street,SUV,Property Damage. No Injured Reported,Yes,raw/SGO/SGO-2021-01_Incident_Reports_ADS.csv
30270-13028,1,Waymo LLC,Monthly,10,2025,NOV-2025,Y,JAGUAR,I-PACE,2024,ADS,Verified Engaged,Waymo LLC,OCT-2025,22:20,Atlanta,GA,Street,Passenger Car,Property Damage. No Injured Reported,Yes,raw/SGO/SGO-2021-01_Incident_Reports_ADS.csv
30270-13053,1,Waymo LLC,Monthly,10,2025,NOV-2025,Y,JAGUAR,I-PACE,2024,ADS,Verified Engaged,Waymo LLC,OCT-2025,15:33,Los Angeles,CA,Parking Lot,Passenger Car,Minor W/O Hospitalization,Yes,raw/SGO/SGO-2021-01_Incident_Reports_ADS.csv
30270-13054,1,Waymo LLC,5-Day,,,NOV-2025,Y,JAGUAR,I-PACE,2024,ADS,Verified Engaged,Waymo LLC,NOV-2025,13:15,San Francisco,CA,Intersection,Pickup Truck,Property Damage. No Injured Reported,Yes,raw/SGO/SGO-2021-01_Incident_Reports_ADS.csv
30270-13055,1,Waymo LLC,5-Day,,,NOV-2025,Y,JAGUAR,I-PACE,2024,ADS,Verified Engaged,Waymo LLC,NOV-2025,10:23,South San Francisco,CA,Intersection,SUV,Property Damage. No Injured Reported,Yes,raw/SGO/SGO-2021-01_Incident_Reports_ADS.csv
30270-13056,1,Waymo LLC,Monthly,10,2025,DEC-2025,Y,JAGUAR,I-PACE,2021,ADS,Verified Engaged,Waymo LLC,OCT-2025,20:17,San Francisco,CA,Street,"Other, see Narrative",Unknown,Yes,raw/SGO/SGO-2021-01_Incident_Reports_ADS.csv
30270-13058,1,Waymo LLC,5-Day,,,NOV-2025,Y,JAGUAR,I-PACE,2024,ADS,Verified Engaged,Waymo LLC,NOV-2025,15:39,Phoenix,AZ,Street,Pickup Truck,Property Damage. No Injured Reported,Yes,raw/SGO/SGO-2021-01_Incident_Reports_ADS.csv
30270-13060,1,Waymo LLC,5-Day,,,NOV-2025,Y,JAGUAR,I-PACE,2024,ADS,Verified Engaged,Waymo LLC,NOV-2025,00:37,Austin,TX,Intersection,Passenger Car,Minor W/ Hospitalization,Yes,raw/SGO/SGO-2021-01_Incident_Reports_ADS.csv
30270-13062,1,Waymo LLC,5-Day,,,NOV-2025,Y,JAGUAR,I-PACE,2024,ADS,Verified Engaged,Waymo LLC,NOV-2025,14:22,San Francisco,CA,Street,Passenger Car,Property Damage. No Injured Reported,Yes,raw/SGO/SGO-2021-01_Incident_Reports_ADS.csv
30270-13063,1,Waymo LLC,5-Day,,,NOV-2025,Y,JAGUAR,I-PACE,2024,ADS,Verified Engaged,Waymo LLC,NOV-2025,06:22,Los Angeles,CA,Intersection,SUV,Minor W/O Hospitalization,Yes,raw/SGO/SGO-2021-01_Incident_Reports_ADS.csv
30270-13064,1,Waymo LLC,5-Day,,,NOV-2025,Y,JAGUAR,I-PACE,2024,ADS,Verified Engaged,Waymo LLC,NOV-2025,19:09,Los Angeles,CA,Intersection,Passenger Car,Property Damage. No Injured Reported,Yes,raw/SGO/SGO-2021-01_Incident_Reports_ADS.csv
30270-13065,1,Waymo LLC,5-Day,,,NOV-2025,Y,JAGUAR,I-PACE,2024,ADS,Verified Engaged,Waymo LLC,NOV-2025,01:03,San Francisco,CA,Street,SUV,Minor W/ Hospitalization,Yes,raw/SGO/SGO-2021-01_Incident_Reports_ADS.csv
30270-13066,1,Waymo LLC,Monthly,11,2025,DEC-2025,Y,JAGUAR,I-PACE,2021,ADS,Verified Engaged,Waymo LLC,NOV-2025,16:40,San Francisco,CA,Street,Bus,Property Damage. No Injured Reported,Yes,raw/SGO/SGO-2021-01_Incident_Reports_ADS.csv
30270-13067,1,Waymo LLC,5-Day,,,NOV-2025,Y,JAGUAR,I-PACE,2024,ADS,Verified Engaged,Waymo LLC,NOV-2025,08:28,Culver City,CA,Street,Pickup Truck,Property Damage. No Injured Reported,Yes,raw/SGO/SGO-2021-01_Incident_Reports_ADS.csv
30270-13068,1,Waymo LLC,5-Day,,,NOV-2025,Y,JAGUAR,I-PACE,2024,ADS,Verified Engaged,Waymo LLC,NOV-2025,17:33,Los Angeles,CA,Street,Bus,Property Damage. No Injured Reported,Yes,raw/SGO/SGO-2021-01_Incident_Reports_ADS.csv
30270-13079,1,Waymo LLC,5-Day,,,NOV-2025,Y,JAGUAR,I-PACE,2024,ADS,Verified Engaged,Waymo LLC,NOV-2025,04:20,Los Angeles,CA,Intersection,Passenger Car,Property Damage. No Injured Reported,Yes,raw/SGO/SGO-2021-01_Incident_Reports_ADS.csv
30270-13080,1,Waymo LLC,5-Day,,,NOV-2025,Y,JAGUAR,I-PACE,2024,ADS,Verified Engaged,Waymo LLC,NOV-2025,17:47,San Francisco,CA,Street,Bus,Property Damage. No Injured Reported,Yes,raw/SGO/SGO-2021-01_Incident_Reports_ADS.csv
30270-13081,1,Waymo LLC,5-Day,,,NOV-2025,Y,JAGUAR,I-PACE,2024,ADS,Verified Engaged,Waymo LLC,NOV-2025,20:59,Austin,TX,Street,Passenger Car,Property Damage. No Injured Reported,Yes,raw/SGO/SGO-2021-01_Incident_Reports_ADS.csv
30270-13082,1,Waymo LLC,Monthly,11,2025,DEC-2025,Y,JAGUAR,I-PACE,2024,ADS,Verified Engaged,Waymo LLC,NOV-2025,16:42,San Francisco,CA,Street,Bus,Property Damage. No Injured Reported,Yes,raw/SGO/SGO-2021-01_Incident_Reports_ADS.csv
30270-13084,1,Waymo LLC,Monthly,11,2025,DEC-2025,Y,JAGUAR,I-PACE,2021,ADS,Verified Engaged,Waymo LLC,NOV-2025,23:20,Phoenix,AZ,Street,SUV,Property Damage. No Injured Reported,Yes,raw/SGO/SGO-2021-01_Incident_Reports_ADS.csv
30270-13085,1,Waymo LLC,Monthly,11,2025,DEC-2025,Y,JAGUAR,I-PACE,2024,ADS,Verified Engaged,Waymo LLC,NOV-2025,08:35,Tempe,AZ,Intersection,Passenger Car,Property Damage. No Injured Reported,Yes,raw/SGO/SGO-2021-01_Incident_Reports_ADS.csv
30270-13088,1,Waymo LLC,Monthly,11,2025,DEC-2025,Y,JAGUAR,I-PACE,2024,ADS,Verified Engaged,Waymo LLC,NOV-2025,19:42,Atlanta,GA,Intersection,SUV,Property Damage. No Injured Reported,Yes,raw/SGO/SGO-2021-01_Incident_Reports_ADS.csv
30270-13089,1,Waymo LLC,5-Day,,,NOV-2025,Y,JAGUAR,I-PACE,2024,ADS,Verified Engaged,Waymo LLC,NOV-2025,11:09,San Francisco,CA,Street,Bus,Property Damage. No Injured Reported,Yes,raw/SGO/SGO-2021-01_Incident_Reports_ADS.csv
30270-13090,1,Waymo LLC,Monthly,11,2025,DEC-2025,Y,JAGUAR,I-PACE,2024,ADS,Verified Engaged,Waymo LLC,NOV-2025,04:14,Atlanta,GA,Street,"Other, see Narrative",Property Damage. No Injured Reported,Yes,raw/SGO/SGO-2021-01_Incident_Reports_ADS.csv
30270-13091,1,Waymo LLC,Monthly,11,2025,DEC-2025,Y,JAGUAR,I-PACE,2024,ADS,Verified Engaged,Waymo LLC,NOV-2025,11:03,San Francisco,CA,Street,"Other, see Narrative",Property Damage. No Injured Reported,Yes,raw/SGO/SGO-2021-01_Incident_Reports_ADS.csv
30270-13092,1,Waymo LLC,5-Day,,,NOV-2025,Y,JAGUAR,I-PACE,2024,ADS,Verified Engaged,Waymo LLC,NOV-2025,21:20,Phoenix,AZ,Street,Passenger Car,Property Damage. No Injured Reported,Yes,raw/SGO/SGO-2021-01_Incident_Reports_ADS.csv
30270-13093,1,Waymo LLC,5-Day,,,NOV-2025,Y,JAGUAR,I-PACE,2024,ADS,Verified Engaged,Waymo LLC,NOV-2025,17:33,Dallas,TX,Street,"Other, see Narrative",Property Damage. No Injured Reported,Yes,raw/SGO/SGO-2021-01_Incident_Reports_ADS.csv
30270-13095,1,Waymo LLC,Monthly,11,2025,DEC-2025,Y,JAGUAR,I-PACE,2024,ADS,Verified Engaged,Waymo LLC,NOV-2025,15:23,Austin,TX,Street,"Other, see Narrative",Property Damage. No Injured Reported,Yes,raw/SGO/SGO-2021-01_Incident_Reports_ADS.csv
30270-13096,1,Waymo LLC,5-Day,,,NOV-2025,Y,JAGUAR,I-PACE,2024,ADS,Verified Engaged,Waymo LLC,NOV-2025,11:32,Los Angeles,CA,Street,"Other, see Narrative",Property Damage. No Injured Reported,Yes,raw/SGO/SGO-2021-01_Incident_Reports_ADS.csv
30270-13099,1,Waymo LLC,Monthly,11,2025,DEC-2025,Y,JAGUAR,I-PACE,2024,ADS,Verified Engaged,Waymo LLC,NOV-2025,03:15,Los Angeles,CA,Intersection,Passenger Car,Property Damage. No Injured Reported,Yes,raw/SGO/SGO-2021-01_Incident_Reports_ADS.csv
30270-1310,1,Waymo LLC,Monthly,8,2021,SEP-2021,,Jaguar,I-Pace,2021,ADS,,Waymo LLC,AUG-2021,08:04,San Francisco,CA,Street,Van,No Injuries Reported,Yes,raw/SGO/SGO-2021-01_Incident_Reports_ADS (1).csv
30270-13100,1,Waymo LLC,5-Day,,,NOV-2025,Y,JAGUAR,I-PACE,2024,ADS,Verified Engaged,Waymo LLC,NOV-2025,10:56,Mountain View,CA,Street,Van,Minor W/O Hospitalization,Yes,raw/SGO/SGO-2021-01_Incident_Reports_ADS.csv
30270-13102,1,Waymo LLC,Monthly,11,2025,DEC-2025,Y,JAGUAR,I-PACE,2024,ADS,Verified Engaged,Waymo LLC,NOV-2025,01:15,Los Angeles,CA,Street,Passenger Car,Property Damage. No Injured Reported,Yes,raw/SGO/SGO-2021-01_Incident_Reports_ADS.csv
30270-1311,1,Waymo LLC,Monthly,8,2021,SEP-2021,,Jaguar,I-Pace,2021,ADS,,Waymo LLC,AUG-2021,16:15,San Francisco,CA,Intersection,Pickup Truck,No Injuries Reported,Yes,raw/SGO/SGO-2021-01_Incident_Reports_ADS (1).csv
30270-1312,1,Waymo LLC,Monthly,8,2021,SEP-2021,,Jaguar,I-Pace,2021,ADS,,Waymo LLC,AUG-2021,07:30,San Francisco,CA,Intersection,Pickup Truck,No Injuries Reported,Yes,raw/SGO/SGO-2021-01_Incident_Reports_ADS (1).csv
30270-13126,1,Waymo LLC,5-Day,,,NOV-2025,Y,JAGUAR,I-PACE,2024,ADS,Verified Engaged,Waymo LLC,NOV-2025,07:34,Los Angeles,CA,Street,Heavy Truck,Property Damage. No Injured Reported,Yes,raw/SGO/SGO-2021-01_Incident_Reports_ADS.csv
30270-13127,1,Waymo LLC,5-Day,,,NOV-2025,Y,JAGUAR,I-PACE,2024,ADS,Verified Engaged,Waymo LLC,NOV-2025,23:12,Phoenix,AZ,Parking Lot,Heavy Truck,Property Damage. No Injured Reported,Yes,raw/SGO/SGO-2021-01_Incident_Reports_ADS.csv
30270-13128,1,Waymo LLC,5-Day,,,NOV-2025,Y,JAGUAR,I-PACE,2024,ADS,Verified Engaged,Waymo LLC,NOV-2025,01:59,San Francisco,CA,Street,Passenger Car,Property Damage. No Injured Reported,Yes,raw/SGO/SGO-2021-01_Incident_Reports_ADS.csv
30270-13129,1,Waymo LLC,Monthly,11,2025,DEC-2025,Y,JAGUAR,I-PACE,2024,ADS,Verified Engaged,Waymo LLC,NOV-2025,01:43,Los Angeles,CA,Intersection,Passenger Car,Property Damage. No Injured Reported,Yes,raw/SGO/SGO-2021-01_Incident_Reports_ADS.csv
30270-13130,1,Waymo LLC,5-Day,,,NOV-2025,Y,JAGUAR,I-PACE,2024,ADS,Verified Engaged,Waymo LLC,NOV-2025,02:51,Los Angeles,CA,Intersection,Passenger Car,Property Damage. No Injured Reported,Yes,raw/SGO/SGO-2021-01_Incident_Reports_ADS.csv
30270-13133,1,Waymo LLC,5-Day,,,NOV-2025,Y,JAGUAR,I-PACE,2024,ADS,Verified Engaged,Waymo LLC,NOV-2025,15:49,San Francisco,CA,Intersection,Heavy Truck,Property Damage. No Injured Reported,Yes,raw/SGO/SGO-2021-01_Incident_Reports_ADS.csv
30270-13135,1,Waymo LLC,Monthly,11,2025,DEC-2025,Y,JAGUAR,I-PACE,2024,ADS,Alleged Engaged,Waymo LLC,NOV-2025,19:36,Phoenix,AZ,Parking Lot,Heavy Truck,Property Damage. No Injured Reported,Yes,raw/SGO/SGO-2021-01_Incident_Reports_ADS.csv
30270-13137,1,Waymo LLC,5-Day,,,NOV-2025,Y,JAGUAR,I-PACE,2024,ADS,Verified Engaged,Waymo LLC,NOV-2025,21:12,San Francisco,CA,Intersection,Passenger Car,Property Damage. No Injured Reported,Yes,raw/SGO/SGO-2021-01_Incident_Reports_ADS.csv
30270-13144,1,Waymo LLC,5-Day,,,NOV-2025,Y,JAGUAR,I-PACE,2024,ADS,Verified Engaged,Waymo LLC,NOV-2025,06:48,Phoenix,AZ,Street,Pickup Truck,Property Damage. No Injured Reported,Yes,raw/SGO/SGO-2021-01_Incident_Reports_ADS.csv
30270-13148,1,Waymo LLC,5-Day,,,NOV-2025,Y,JAGUAR,I-PACE,2024,ADS,Verified Engaged,Waymo LLC,NOV-2025,03:15,Atlanta,GA,Intersection,Passenger Car,Property Damage. No Injured Reported,Yes,raw/SGO/SGO-2021-01_Incident_Reports_ADS.csv
30270-13155,1,Waymo LLC,Monthly,11,2025,DEC-2025,Y,JAGUAR,I-PACE,2024,ADS,Verified Engaged,Waymo LLC,NOV-2025,21:57,San Francisco,CA,Street,Bus,Property Damage. No Injured Reported,Yes,raw/SGO/SGO-2021-01_Incident_Reports_ADS.csv
30270-13159,1,Waymo LLC,5-Day,,,NOV-2025,Y,JAGUAR,I-PACE,2024,ADS,Verified Engaged,Waymo LLC,NOV-2025,07:25,San Francisco,CA,Street,Heavy Truck,Property Damage. No Injured Reported,Yes,raw/SGO/SGO-2021-01_Incident_Reports_ADS.csv
30270-13160,1,Waymo LLC,5-Day,,,NOV-2025,Y,JAGUAR,I-PACE,2024,ADS,Verified Engaged,Waymo LLC,NOV-2025,16:48,Austin,TX,Parking Lot,"Other, see Narrative",Property Damage. No Injured Reported,Yes,raw/SGO/SGO-2021-01_Incident_Reports_ADS.csv
30270-13161,1,Waymo LLC,5-Day,,,NOV-2025,Y,JAGUAR,I-PACE,2024,ADS,Verified Engaged,Waymo LLC,NOV-2025,00:02,Scottsdale,AZ,Street,Non-Motorist: Pedestrian,Moderate W/ Hospitalization,Yes,raw/SGO/SGO-2021-01_Incident_Reports_ADS.csv
30270-13162,1,Waymo LLC,Monthly,11,2025,DEC-2025,Y,JAGUAR,I-PACE,2024,ADS,Verified Engaged,Waymo LLC,NOV-2025,12:49,San Francisco,CA,Street,Heavy Truck,Property Damage. No Injured Reported,Yes,raw/SGO/SGO-2021-01_Incident_Reports_ADS.csv
30270-13163,1,Waymo LLC,Monthly,11,2025,DEC-2025,Y,JAGUAR,I-PACE,2024,ADS,Verified Engaged,Waymo LLC,NOV-2025,17:40,Tempe,AZ,Street,Passenger Car,Property Damage. No Injured Reported,Yes,raw/SGO/SGO-2021-01_Incident_Reports_ADS.csv
30270-13164,1,Waymo LLC,Monthly,11,2025,DEC-2025,Y,JAGUAR,I-PACE,2024,ADS,Verified Engaged,Waymo LLC,NOV-2025,00:27,Austin,TX,Parking Lot,Passenger Car,Property Damage. No Injured Reported,Yes,raw/SGO/SGO-2021-01_Incident_Reports_ADS.csv
30270-13165,1,Waymo LLC,Monthly,11,2025,DEC-2025,Y,JAGUAR,I-PACE,2021,ADS,Verified Engaged,Waymo LLC,NOV-2025,15:27,Phoenix,AZ,Street,Passenger Car,Property Damage. No Injured Reported,Yes,raw/SGO/SGO-2021-01_Incident_Reports_ADS.csv
30270-13167,1,Waymo LLC,5-Day,,,NOV-2025,Y,JAGUAR,I-PACE,2024,ADS,Verified Engaged,Waymo LLC,NOV-2025,16:52,Los Angeles,CA,Street,Passenger Car,Unknown,Yes,raw/SGO/SGO-2021-01_Incident_Reports_ADS.csv
30270-13189,1,Waymo LLC,Monthly,11,2025,DEC-2025,Y,JAGUAR,I-PACE,2024,ADS,Verified Engaged,Waymo LLC,NOV-2025,23:37,San Francisco,CA,Intersection,SUV,Property Damage. No Injured Reported,Yes,raw/SGO/SGO-2021-01_Incident_Reports_ADS.csv
30270-13190,1,Waymo LLC,5-Day,,,NOV-2025,Y,JAGUAR,I-PACE,2024,ADS,Verified Engaged,Waymo LLC,NOV-2025,12:18,Tempe,AZ,Street,Passenger Car,Minor W/O Hospitalization,Yes,raw/SGO/SGO-2021-01_Incident_Reports_ADS.csv
30270-13192,1,Waymo LLC,5-Day,,,NOV-2025,Y,JAGUAR,I-PACE,2024,ADS,Verified Engaged,Waymo LLC,NOV-2025,17:31,Tempe,AZ,Street,Passenger Car,Minor W/ Hospitalization,Yes,raw/SGO/SGO-2021-01_Incident_Reports_ADS.csv
30270-13193,1,Waymo LLC,5-Day,,,NOV-2025,Y,JAGUAR,I-PACE,2024,ADS,Verified Engaged,Waymo LLC,NOV-2025,22:21,Culver City,CA,Street,"Other, see Narrative",Property Damage. No Injured Reported,Yes,raw/SGO/SGO-2021-01_Incident_Reports_ADS.csv
30270-13194,1,Waymo LLC,5-Day,,,NOV-2025,Y,JAGUAR,I-PACE,2024,ADS,Verified Engaged,Waymo LLC,NOV-2025,01:26,Scottsdale,AZ,Street,Passenger Car,Property Damage. No Injured Reported,Yes,raw/SGO/SGO-2021-01_Incident_Reports_ADS.csv
30270-13195,1,Waymo LLC,Monthly,11,2025,DEC-2025,Y,JAGUAR,I-PACE,2024,ADS,Verified Engaged,Waymo LLC,NOV-2025,22:15,Los Angeles,CA,Intersection,SUV,Minor W/O Hospitalization,Yes,raw/SGO/SGO-2021-01_Incident_Reports_ADS.csv
30270-13196,1,Waymo LLC,Monthly,11,2025,DEC-2025,Y,JAGUAR,I-PACE,2024,ADS,Verified Engaged,Waymo LLC,NOV-2025,20:38,San Francisco,CA,Street,Passenger Car,Property Damage. No Injured Reported,Yes,raw/SGO/SGO-2021-01_Incident_Reports_ADS.csv
30270-13197,1,Waymo LLC,5-Day,,,NOV-2025,Y,JAGUAR,I-PACE,2024,ADS,Verified Engaged,Waymo LLC,NOV-2025,00:14,Los Angeles,CA,Street,Passenger Car,Property Damage. No Injured Reported,Yes,raw/SGO/SGO-2021-01_Incident_Reports_ADS.csv
30270-13198,1,Waymo LLC,5-Day,,,NOV-2025,Y,JAGUAR,I-PACE,2021,ADS,Verified Engaged,Waymo LLC,NOV-2025,10:09,San Francisco,CA,Intersection,Passenger Car,Unknown,Yes,raw/SGO/SGO-2021-01_Incident_Reports_ADS.csv
30270-13199,1,Waymo LLC,Monthly,11,2025,DEC-2025,Y,JAGUAR,I-PACE,2024,ADS,Verified Engaged,Waymo LLC,NOV-2025,02:48,West Hollywood,CA,Intersection,Pickup Truck,Property Damage. No Injured Reported,Yes,raw/SGO/SGO-2021-01_Incident_Reports_ADS.csv
30270-13201,1,Waymo LLC,Monthly,11,2025,DEC-2025,Y,JAGUAR,I-PACE,2024,ADS,Verified Engaged,Waymo LLC,NOV-2025,06:08,San Francisco,CA,Street,First Responder Vehicle,Property Damage. No Injured Reported,Yes,raw/SGO/SGO-2021-01_Incident_Reports_ADS.csv
30270-13202,1,Waymo LLC,5-Day,,,NOV-2025,Y,JAGUAR,I-PACE,2024,ADS,Verified Engaged,Waymo LLC,NOV-2025,21:31,Phoenix,AZ,Parking Lot,SUV,Property Damage. No Injured Reported,Yes,raw/SGO/SGO-2021-01_Incident_Reports_ADS.csv
30270-13204,1,Waymo LLC,Monthly,11,2025,DEC-2025,Y,JAGUAR,I-PACE,2024,ADS,Verified Engaged,Waymo LLC,NOV-2025,02:33,Los Angeles,CA,Intersection,SUV,Property Damage. No Injured Reported,Yes,raw/SGO/SGO-2021-01_Incident_Reports_ADS.csv
30270-13205,1,Waymo LLC,Monthly,11,2025,DEC-2025,Y,JAGUAR,I-PACE,2024,ADS,Verified Engaged,Waymo LLC,NOV-2025,21:16,San Francisco,CA,Street,SUV,Property Damage. No Injured Reported,Yes,raw/SGO/SGO-2021-01_Incident_Reports_ADS.csv
30270-13206,1,Waymo LLC,Monthly,11,2025,DEC-2025,Y,JAGUAR,I-PACE,2024,ADS,Verified Engaged,Waymo LLC,NOV-2025,08:32,San Francisco,CA,Street,Heavy Truck,Property Damage. No Injured Reported,Yes,raw/SGO/SGO-2021-01_Incident_Reports_ADS.csv
30270-13235,1,Waymo LLC,Monthly,11,2025,DEC-2025,Y,JAGUAR,I-PACE,2024,ADS,Verified Engaged,Waymo LLC,NOV-2025,10:36,San Francisco,CA,Street,Van,Property Damage. No Injured Reported,Yes,raw/SGO/SGO-2021-01_Incident_Reports_ADS.csv
30270-13236,1,Waymo LLC,Monthly,11,2025,DEC-2025,Y,JAGUAR,I-PACE,2024,ADS,Verified Engaged,Waymo LLC,NOV-2025,00:23,Los Angeles,CA,Street,SUV,Property Damage. No Injured Reported,Yes,raw/SGO/SGO-2021-01_Incident_Reports_ADS.csv
30270-13238,1,Waymo LLC,Monthly,11,2025,DEC-2025,Y,JAGUAR,I-PACE,2024,ADS,Verified Engaged,Waymo LLC,NOV-2025,12:04,San Francisco,CA,Street,Passenger Car,Property Damage. No Injured Reported,Yes,raw/SGO/SGO-2021-01_Incident_Reports_ADS.csv
30270-13239,1,Waymo LLC,5-Day,,,NOV-2025,Y,JAGUAR,I-PACE,2024,ADS,Verified Engaged,Waymo LLC,NOV-2025,20:15,San Francisco,CA,Street,Passenger Car,Property Damage. No Injured Reported,Yes,raw/SGO/SGO-2021-01_Incident_Reports_ADS.csv
30270-13240,1,Waymo LLC,5-Day,,,DEC-2025,Y,JAGUAR,I-PACE,2024,ADS,Verified Engaged,Waymo LLC,NOV-2025,15:03,Los Angeles,CA,Street,Passenger Car,Property Damage. No Injured Reported,Yes,raw/SGO/SGO-2021-01_Incident_Reports_ADS.csv
30270-13241,1,Waymo LLC,5-Day,,,DEC-2025,Y,JAGUAR,I-PACE,2024,ADS,Verified Engaged,Waymo LLC,NOV-2025,16:40,Tempe,AZ,Street,Bus,Property Damage. No Injured Reported,Yes,raw/SGO/SGO-2021-01_Incident_Reports_ADS.csv
30270-13242,1,Waymo LLC,5-Day,,,DEC-2025,Y,JAGUAR,I-PACE,2024,ADS,Verified Engaged,Waymo LLC,NOV-2025,17:40,San Francisco,CA,Street,Bus,Property Damage. No Injured Reported,Yes,raw/SGO/SGO-2021-01_Incident_Reports_ADS.csv
30270-13243,1,Waymo LLC,5-Day,,,DEC-2025,Y,JAGUAR,I-PACE,2024,ADS,Verified Engaged,Waymo LLC,NOV-2025,16:58,West Hollywood,CA,Street,Bus,Property Damage. No Injured Reported,Yes,raw/SGO/SGO-2021-01_Incident_Reports_ADS.csv
30270-13244,1,Waymo LLC,5-Day,,,DEC-2025,Y,JAGUAR,I-PACE,2024,ADS,Verified Engaged,Waymo LLC,NOV-2025,19:31,Los Angeles,CA,Street,Passenger Car,Minor W/O Hospitalization,Yes,raw/SGO/SGO-2021-01_Incident_Reports_ADS.csv
30270-13246,1,Waymo LLC,5-Day,,,DEC-2025,Y,JAGUAR,I-PACE,2024,ADS,Verified Engaged,Waymo LLC,NOV-2025,09:49,Scottsdale,AZ,Parking Lot,Other Fixed Object,Property Damage. No Injured Reported,Yes,raw/SGO/SGO-2021-01_Incident_Reports_ADS.csv
30270-13247,1,Waymo LLC,Monthly,11,2025,DEC-2025,Y,JAGUAR,I-PACE,2024,ADS,Verified Engaged,Waymo LLC,NOV-2025,17:45,Atlanta,GA,Street,Passenger Car,Property Damage. No Injured Reported,Yes,raw/SGO/SGO-2021-01_Incident_Reports_ADS.csv
30270-13250,1,Waymo LLC,Monthly,11,2025,DEC-2025,Y,JAGUAR,I-PACE,2024,ADS,Verified Engaged,Waymo LLC,NOV-2025,15:46,San Francisco,CA,Street,Heavy Truck,Property Damage. No Injured Reported,Yes,raw/SGO/SGO-2021-01_Incident_Reports_ADS.csv
30270-13251,1,Waymo LLC,Monthly,11,2025,DEC-2025,Y,JAGUAR,I-PACE,2024,ADS,Verified Engaged,Waymo LLC,NOV-2025,10:17,San Francisco,CA,Street,Passenger Car,Property Damage. No Injured Reported,Yes,raw/SGO/SGO-2021-01_Incident_Reports_ADS.csv
30270-13252,1,Waymo LLC,5-Day,,,DEC-2025,Y,JAGUAR,I-PACE,2024,ADS,Verified Not Engaged,Waymo LLC,NOV-2025,18:55,Washington,DC,Intersection,Other Fixed Object,Property Damage. No Injured Reported,Yes,raw/SGO/SGO-2021-01_Incident_Reports_ADS.csv
30270-13254,1,Waymo LLC,Monthly,11,2025,DEC-2025,Y,JAGUAR,I-PACE,2024,ADS,Verified Engaged,Waymo LLC,NOV-2025,11:31,Los Angeles,CA,Street,Bus,Property Damage. No Injured Reported,Yes,raw/SGO/SGO-2021-01_Incident_Reports_ADS.csv
30270-13255,1,Waymo LLC,Monthly,11,2025,DEC-2025,Y,JAGUAR,I-PACE,2024,ADS,Verified Engaged,Waymo LLC,NOV-2025,23:29,San Francisco,CA,Intersection,Passenger Car,Property Damage. No Injured Reported,Yes,raw/SGO/SGO-2021-01_Incident_Reports_ADS.csv
30270-13256,1,Waymo LLC,Monthly,11,2025,DEC-2025,Y,JAGUAR,I-PACE,2024,ADS,Verified Engaged,Waymo LLC,NOV-2025,13:18,Atlanta,GA,Street,Other Fixed Object,Property Damage. No Injured Reported,Yes,raw/SGO/SGO-2021-01_Incident_Reports_ADS.csv
30270-13267,1,Waymo LLC,5-Day,,,DEC-2025,Y,JAGUAR,I-PACE,2024,ADS,Verified Engaged,Waymo LLC,DEC-2025,07:58,Austin,TX,Parking Lot,"Other, see Narrative",Property Damage. No Injured Reported,Yes,raw/SGO/SGO-2021-01_Incident_Reports_ADS.csv
30270-13268,1,Waymo LLC,Monthly,11,2025,DEC-2025,Y,JAGUAR,I-PACE,2021,ADS,Verified Engaged,Waymo LLC,NOV-2025,17:59,San Francisco,CA,Street,Passenger Car,Property Damage. No Injured Reported,Yes,raw/SGO/SGO-2021-01_Incident_Reports_ADS.csv
30270-13269,1,Waymo LLC,Monthly,11,2025,DEC-2025,Y,JAGUAR,I-PACE,2024,ADS,Verified Engaged,Waymo LLC,NOV-2025,11:49,Austin,TX,Intersection,Pickup Truck,Property Damage. No Injured Reported,Yes,raw/SGO/SGO-2021-01_Incident_Reports_ADS.csv
30270-13270,1,Waymo LLC,Monthly,11,2025,DEC-2025,Y,JAGUAR,I-PACE,2024,ADS,Verified Engaged,Waymo LLC,NOV-2025,20:17,San Francisco,CA,Street,Animal,Property Damage. No Injured Reported,Yes,raw/SGO/SGO-2021-01_Incident_Reports_ADS.csv
30270-13274,1,Waymo LLC,Monthly,11,2025,DEC-2025,Y,JAGUAR,I-PACE,2024,ADS,Verified Engaged,Waymo LLC,NOV-2025,12:53,San Francisco,CA,Street,SUV,Property Damage. No Injured Reported,Yes,raw/SGO/SGO-2021-01_Incident_Reports_ADS.csv
30270-13275,1,Waymo LLC,Monthly,11,2025,DEC-2025,Y,JAGUAR,I-PACE,2024,ADS,Verified Engaged,Waymo LLC,NOV-2025,23:46,Atlanta,GA,Street,Passenger Car,Property Damage. No Injured Reported,Yes,raw/SGO/SGO-2021-01_Incident_Reports_ADS.csv
30270-13276,1,Waymo LLC,Monthly,11,2025,DEC-2025,Y,JAGUAR,I-PACE,2024,ADS,Verified Engaged,Waymo LLC,NOV-2025,10:24,Atlanta,GA,Street,SUV,Property Damage. No Injured Reported,Yes,raw/SGO/SGO-2021-01_Incident_Reports_ADS.csv
30270-13277,1,Waymo LLC,5-Day,,,DEC-2025,Y,JAGUAR,I-PACE,2024,ADS,Verified Engaged,Waymo LLC,DEC-2025,09:29,Atlanta,GA,Street,"Other, see Narrative",Property Damage. No Injured Reported,Yes,raw/SGO/SGO-2021-01_Incident_Reports_ADS.csv
30270-13278,1,Waymo LLC,5-Day,,,DEC-2025,Y,JAGUAR,I-PACE,2024,ADS,Verified Engaged,Waymo LLC,DEC-2025,09:59,Phoenix,AZ,Street,Heavy Truck,Property Damage. No Injured Reported,Yes,raw/SGO/SGO-2021-01_Incident_Reports_ADS.csv
30270-13279,1,Waymo LLC,5-Day,,,JAN-2026,Y,JAGUAR,I-PACE,2024,ADS,Verified Engaged,Waymo LLC,DEC-2025,12:24,Phoenix,AZ,Street,Passenger Car,Property Damage. No Injured Reported,Yes,raw/SGO/SGO-2021-01_Incident_Reports_ADS.csv
30270-13287,1,Waymo LLC,5-Day,,,DEC-2025,Y,JAGUAR,I-PACE,2024,ADS,Verified Engaged,Waymo LLC,DEC-2025,16:45,Austin,TX,Street,Pickup Truck,Minor W/O Hospitalization,Yes,raw/SGO/SGO-2021-01_Incident_Reports_ADS.csv
30270-13300,1,Waymo LLC,5-Day,,,DEC-2025,Y,JAGUAR,I-PACE,2024,ADS,Verified Engaged,Waymo LLC,DEC-2025,06:38,San Francisco,CA,Street,Heavy Truck,Property Damage. No Injured Reported,Yes,raw/SGO/SGO-2021-01_Incident_Reports_ADS.csv
30270-13301,1,Waymo LLC,5-Day,,,DEC-2025,Y,JAGUAR,I-PACE,2024,ADS,Verified Engaged,Waymo LLC,DEC-2025,00:28,Los Angeles,CA,Street,Passenger Car,Property Damage. No Injured Reported,Yes,raw/SGO/SGO-2021-01_Incident_Reports_ADS.csv
30270-13302,1,Waymo LLC,5-Day,,,DEC-2025,Y,JAGUAR,I-PACE,2024,ADS,Verified Engaged,Waymo LLC,DEC-2025,02:14,Los Angeles,CA,Street,First Responder Vehicle,Property Damage. No Injured Reported,Yes,raw/SGO/SGO-2021-01_Incident_Reports_ADS.csv
30270-13303,1,Waymo LLC,5-Day,,,DEC-2025,Y,JAGUAR,I-PACE,2024,ADS,Verified Engaged,Waymo LLC,DEC-2025,18:32,Tempe,AZ,Street,SUV,Property Damage. No Injured Reported,Yes,raw/SGO/SGO-2021-01_Incident_Reports_ADS.csv
30270-13307,1,Waymo LLC,Monthly,12,2025,JAN-2026,Y,JAGUAR,I-PACE,2024,ADS,Verified Engaged,Waymo LLC,DEC-2025,19:38,Phoenix,AZ,Intersection,Pickup Truck,Property Damage. No Injured Reported,Yes,raw/SGO/SGO-2021-01_Incident_Reports_ADS.csv
30270-13308,1,Waymo LLC,Monthly,12,2025,JAN-2026,Y,JAGUAR,I-PACE,2024,ADS,Verified Engaged,Waymo LLC,DEC-2025,22:54,Atlanta,GA,Street,Pickup Truck,Property Damage. No Injured Reported,Yes,raw/SGO/SGO-2021-01_Incident_Reports_ADS.csv
30270-13309,1,Waymo LLC,Monthly,12,2025,JAN-2026,Y,JAGUAR,I-PACE,2024,ADS,Verified Engaged,Waymo LLC,DEC-2025,02:10,Austin,TX,Street,Passenger Car,Property Damage. No Injured Reported,Yes,raw/SGO/SGO-2021-01_Incident_Reports_ADS.csv
30270-13310,1,Waymo LLC,Monthly,12,2025,DEC-2025,Y,JAGUAR,I-PACE,2024,ADS,Verified Engaged,Waymo LLC,NOV-2025,17:06,Los Angeles,CA,Street,Van,Property Damage. No Injured Reported,Yes,raw/SGO/SGO-2021-01_Incident_Reports_ADS.csv
30270-13311,1,Waymo LLC,Monthly,12,2025,DEC-2025,Y,JAGUAR,I-PACE,2024,ADS,Verified Engaged,Waymo LLC,NOV-2025,15:13,Marina del Rey,CA,Parking Lot,SUV,Property Damage. No Injured Reported,Yes,raw/SGO/SGO-2021-01_Incident_Reports_ADS.csv
30270-13312,1,Waymo LLC,Monthly,11,2025,DEC-2025,Y,JAGUAR,I-PACE,2024,ADS,Verified Engaged,Waymo LLC,NOV-2025,12:55,San Francisco,CA,Street,SUV,Property Damage. No Injured Reported,Yes,raw/SGO/SGO-2021-01_Incident_Reports_ADS.csv
30270-13320,1,Waymo LLC,5-Day,,,DEC-2025,Y,JAGUAR,I-PACE,2024,ADS,Verified Engaged,Waymo LLC,DEC-2025,10:51,San Francisco,CA,Intersection,Passenger Car,Property Damage. No Injured Reported,Yes,raw/SGO/SGO-2021-01_Incident_Reports_ADS.csv
30270-13321,1,Waymo LLC,Monthly,12,2025,JAN-2026,Y,JAGUAR,I-PACE,2024,ADS,Verified Engaged,Waymo LLC,DEC-2025,19:30,San Francisco,CA,Street,Motorcycle,Property Damage. No Injured Reported,Yes,raw/SGO/SGO-2021-01_Incident_Reports_ADS.csv
30270-13322,1,Waymo LLC,Monthly,12,2025,JAN-2026,Y,JAGUAR,I-PACE,2024,ADS,Verified Engaged,Waymo LLC,DEC-2025,16:30,Los Angeles,CA,Intersection,Motorcycle,Property Damage. No Injured Reported,Yes,raw/SGO/SGO-2021-01_Incident_Reports_ADS.csv
30270-13323,1,Waymo LLC,Monthly,12,2025,JAN-2026,Y,JAGUAR,I-PACE,2024,ADS,Verified Engaged,Waymo LLC,DEC-2025,02:12,Austin,TX,Street,SUV,Property Damage. No Injured Reported,Yes,raw/SGO/SGO-2021-01_Incident_Reports_ADS.csv
30270-13324,1,Waymo LLC,5-Day,,,DEC-2025,Y,JAGUAR,I-PACE,2024,ADS,Verified Engaged,Waymo LLC,DEC-2025,12:15,San Francisco,CA,Intersection,Heavy Truck,Property Damage. No Injured Reported,Yes,raw/SGO/SGO-2021-01_Incident_Reports_ADS.csv
30270-13325,1,Waymo LLC,5-Day,,,DEC-2025,Y,JAGUAR,I-PACE,2024,ADS,Verified Engaged,Waymo LLC,DEC-2025,15:58,San Francisco,CA,Street,"Other, see Narrative",Property Damage. No Injured Reported,Yes,raw/SGO/SGO-2021-01_Incident_Reports_ADS.csv
30270-13326,1,Waymo LLC,5-Day,,,DEC-2025,Y,JAGUAR,I-PACE,2024,ADS,Verified Engaged,Waymo LLC,DEC-2025,14:20,Atlanta,GA,Street,Pickup Truck,Property Damage. No Injured Reported,Yes,raw/SGO/SGO-2021-01_Incident_Reports_ADS.csv
30270-13327,1,Waymo LLC,Monthly,12,2025,JAN-2026,Y,JAGUAR,I-PACE,2024,ADS,Verified Engaged,Waymo LLC,DEC-2025,08:27,Phoenix,AZ,Street,Heavy Truck,Property Damage. No Injured Reported,Yes,raw/SGO/SGO-2021-01_Incident_Reports_ADS.csv
30270-13328,1,Waymo LLC,5-Day,,,DEC-2025,Y,JAGUAR,I-PACE,2024,ADS,Verified Engaged,Waymo LLC,DEC-2025,23:31,Venice,CA,Street,SUV,Property Damage. No Injured Reported,Yes,raw/SGO/SGO-2021-01_Incident_Reports_ADS.csv
30270-13331,1,Waymo LLC,Monthly,12,2025,JAN-2026,Y,JAGUAR,I-PACE,2024,ADS,Verified Engaged,Waymo LLC,DEC-2025,00:21,San Francisco,CA,Street,SUV,Property Damage. No Injured Reported,Yes,raw/SGO/SGO-2021-01_Incident_Reports_ADS.csv
30270-13340,1,Waymo LLC,Monthly,12,2025,JAN-2026,Y,JAGUAR,I-PACE,2021,ADS,Verified Engaged,Waymo LLC,DEC-2025,19:49,San Francisco,CA,Street,Pickup Truck,Property Damage. No Injured Reported,Yes,raw/SGO/SGO-2021-01_Incident_Reports_ADS.csv
30270-13361,1,Waymo LLC,Monthly,12,2025,JAN-2026,Y,JAGUAR,I-PACE,2024,ADS,Verified Engaged,Waymo LLC,DEC-2025,15:50,Los Angeles,CA,Intersection,Heavy Truck,Property Damage. No Injured Reported,Yes,raw/SGO/SGO-2021-01_Incident_Reports_ADS.csv
30270-13363,1,Waymo LLC,5-Day,,,DEC-2025,Y,JAGUAR,I-PACE,2024,ADS,Verified Engaged,Waymo LLC,DEC-2025,00:27,Phoenix,AZ,Street,SUV,Property Damage. No Injured Reported,Yes,raw/SGO/SGO-2021-01_Incident_Reports_ADS.csv
30270-13364,1,Waymo LLC,5-Day,,,DEC-2025,Y,JAGUAR,I-PACE,2024,ADS,Verified Engaged,Waymo LLC,DEC-2025,10:20,Austin,TX,Intersection,Passenger Car,Property Damage. No Injured Reported,Yes,raw/SGO/SGO-2021-01_Incident_Reports_ADS.csv
30270-13365,1,Waymo LLC,5-Day,,,DEC-2025,Y,JAGUAR,I-PACE,2024,ADS,Verified Engaged,Waymo LLC,DEC-2025,15:03,San Francisco,CA,Street,Van,Property Damage. No Injured Reported,Yes,raw/SGO/SGO-2021-01_Incident_Reports_ADS.csv
30270-13369,1,Waymo LLC,5-Day,,,DEC-2025,Y,JAGUAR,I-PACE,2024,ADS,Verified Engaged,Waymo LLC,DEC-2025,09:36,Los Angeles,CA,Street,Passenger Car,Property Damage. No Injured Reported,Yes,raw/SGO/SGO-2021-01_Incident_Reports_ADS.csv
30270-13370,1,Waymo LLC,5-Day,,,DEC-2025,Y,JAGUAR,I-PACE,2024,ADS,Verified Engaged,Waymo LLC,DEC-2025,01:35,Los Angeles,CA,Street,Passenger Car,Minor W/O Hospitalization,Yes,raw/SGO/SGO-2021-01_Incident_Reports_ADS.csv
30270-13371,1,Waymo LLC,5-Day,,,DEC-2025,Y,JAGUAR,I-PACE,2024,ADS,Verified Engaged,Waymo LLC,DEC-2025,08:16,Los Angeles,CA,Intersection,Passenger Car,Property Damage. No Injured Reported,Yes,raw/SGO/SGO-2021-01_Incident_Reports_ADS.csv
30270-13372,1,Waymo LLC,5-Day,,,DEC-2025,Y,JAGUAR,I-PACE,2024,ADS,Verified Engaged,Waymo LLC,DEC-2025,13:01,Phoenix,AZ,Street,Passenger Car,Minor W/ Hospitalization,Yes,raw/SGO/SGO-2021-01_Incident_Reports_ADS.csv
30270-13373,1,Waymo LLC,Monthly,11,2025,DEC-2025,Y,JAGUAR,I-PACE,2024,ADS,Verified Engaged,Waymo LLC,NOV-2025,12:14,Los Angeles,CA,Street,Passenger Car,Property Damage. No Injured Reported,Yes,raw/SGO/SGO-2021-01_Incident_Reports_ADS.csv
30270-13378,1,Waymo LLC,5-Day,,,DEC-2025,Y,JAGUAR,I-PACE,2024,ADS,Verified Engaged,Waymo LLC,DEC-2025,08:26,Palo Alto,CA,Intersection,Non-Motorist: Cyclist,Minor W/ Hospitalization,Yes,raw/SGO/SGO-2021-01_Incident_Reports_ADS.csv
30270-13379,1,Waymo LLC,Monthly,12,2025,JAN-2026,Y,JAGUAR,I-PACE,2024,ADS,Verified Engaged,Waymo LLC,DEC-2025,18:25,Washington,DC,Street,SUV,Property Damage. No Injured Reported,Yes,raw/SGO/SGO-2021-01_Incident_Reports_ADS.csv
30270-13384,1,Waymo LLC,5-Day,,,DEC-2025,Y,JAGUAR,I-PACE,2024,ADS,Verified Engaged,Waymo LLC,DEC-2025,02:04,South San Francisco,CA,Intersection,SUV,Property Damage. No Injured Reported,Yes,raw/SGO/SGO-2021-01_Incident_Reports_ADS.csv
30270-13388,1,Waymo LLC,5-Day,,,DEC-2025,Y,JAGUAR,I-PACE,2024,ADS,Verified Engaged,Waymo LLC,DEC-2025,10:50,Los Angeles,CA,Street,Passenger Car,Minor W/O Hospitalization,Yes,raw/SGO/SGO-2021-01_Incident_Reports_ADS.csv
30270-13395,1,Waymo LLC,Monthly,12,2025,JAN-2026,Y,JAGUAR,I-PACE,2024,ADS,Verified Engaged,Waymo LLC,DEC-2025,08:03,Beverly Hills,CA,Street,Passenger Car,Property Damage. No Injured Reported,Yes,raw/SGO/SGO-2021-01_Incident_Reports_ADS.csv
30270-13396,1,Waymo LLC,5-Day,,,DEC-2025,Y,JAGUAR,I-PACE,2024,ADS,Verified Engaged,Waymo LLC,DEC-2025,15:27,Phoenix,AZ,Intersection,SUV,Property Damage. No Injured Reported,Yes,raw/SGO/SGO-2021-01_Incident_Reports_ADS.csv
30270-13397,1,Waymo LLC,5-Day,,,DEC-2025,Y,JAGUAR,I-PACE,2024,ADS,Verified Not Engaged,Waymo LLC,DEC-2025,16:07,Los Angeles,CA,Street,Passenger Car,Property Damage. No Injured Reported,Yes,raw/SGO/SGO-2021-01_Incident_Reports_ADS.csv
30270-13399,1,Waymo LLC,5-Day,,,DEC-2025,Y,JAGUAR,I-PACE,2024,ADS,Verified Engaged,Waymo LLC,DEC-2025,00:56,Austin,TX,Street,Passenger Car,Property Damage. No Injured Reported,Yes,raw/SGO/SGO-2021-01_Incident_Reports_ADS.csv
30270-13400,1,Waymo LLC,Monthly,12,2025,JAN-2026,Y,JAGUAR,I-PACE,2024,ADS,Verified Engaged,Waymo LLC,DEC-2025,18:58,Los Angeles,CA,Street,Passenger Car,Property Damage. No Injured Reported,Yes,raw/SGO/SGO-2021-01_Incident_Reports_ADS.csv
30270-13401,1,Waymo LLC,Monthly,12,2025,JAN-2026,Y,JAGUAR,I-PACE,2024,ADS,Verified Engaged,Waymo LLC,DEC-2025,15:58,San Francisco,CA,Street,Passenger Car,Property Damage. No Injured Reported,Yes,raw/SGO/SGO-2021-01_Incident_Reports_ADS.csv
30270-13402,1,Waymo LLC,5-Day,,,DEC-2025,Y,JAGUAR,I-PACE,2024,ADS,Verified Engaged,Waymo LLC,DEC-2025,21:07,Santa Monica,CA,Intersection,Passenger Car,Property Damage. No Injured Reported,Yes,raw/SGO/SGO-2021-01_Incident_Reports_ADS.csv
30270-13403,1,Waymo LLC,Monthly,12,2025,JAN-2026,Y,JAGUAR,I-PACE,2024,ADS,Verified Engaged,Waymo LLC,DEC-2025,03:43,Tempe,AZ,Intersection,SUV,Property Damage. No Injured Reported,Yes,raw/SGO/SGO-2021-01_Incident_Reports_ADS.csv
30270-13405,1,Waymo LLC,5-Day,,,JAN-2026,Y,JAGUAR,I-PACE,2024,ADS,Verified Engaged,Waymo LLC,DEC-2025,12:15,San Francisco,CA,Intersection,Passenger Car,Property Damage. No Injured Reported,Yes,raw/SGO/SGO-2021-01_Incident_Reports_ADS.csv
30270-13407,1,Waymo LLC,5-Day,,,DEC-2025,Y,JAGUAR,I-PACE,2024,ADS,Verified Engaged,Waymo LLC,DEC-2025,07:48,Los Angeles,CA,Street,Heavy Truck,Property Damage. No Injured Reported,Yes,raw/SGO/SGO-2021-01_Incident_Reports_ADS.csv
30270-13408,1,Waymo LLC,Monthly,12,2025,JAN-2026,Y,JAGUAR,I-PACE,2024,ADS,Verified Engaged,Waymo LLC,DEC-2025,15:09,Tempe,AZ,Street,Passenger Car,Property Damage. No Injured Reported,Yes,raw/SGO/SGO-2021-01_Incident_Reports_ADS.csv
30270-13409,1,Waymo LLC,Monthly,12,2025,JAN-2026,Y,JAGUAR,I-PACE,2024,ADS,Verified Engaged,Waymo LLC,DEC-2025,15:10,Chandler,AZ,Intersection,SUV,Property Damage. No Injured Reported,Yes,raw/SGO/SGO-2021-01_Incident_Reports_ADS.csv
30270-13410,1,Waymo LLC,Monthly,12,2025,JAN-2026,Y,JAGUAR,I-PACE,2024,ADS,Verified Engaged,Waymo LLC,DEC-2025,02:04,Atlanta,GA,Street,Pickup Truck,Property Damage. No Injured Reported,Yes,raw/SGO/SGO-2021-01_Incident_Reports_ADS.csv
30270-13416,1,Waymo LLC,Monthly,12,2025,JAN-2026,Y,JAGUAR,I-PACE,2024,ADS,Verified Engaged,Waymo LLC,DEC-2025,09:43,San Francisco,CA,Street,Passenger Car,Property Damage. No Injured Reported,Yes,raw/SGO/SGO-2021-01_Incident_Reports_ADS.csv
30270-13420,1,Waymo LLC,Monthly,12,2025,JAN-2026,Y,JAGUAR,I-PACE,2024,ADS,Verified Engaged,Waymo LLC,DEC-2025,23:40,Palo Alto,CA,Intersection,SUV,Property Damage. No Injured Reported,Yes,raw/SGO/SGO-2021-01_Incident_Reports_ADS.csv
30270-13442,1,Waymo LLC,5-Day,,,DEC-2025,Y,JAGUAR,I-PACE,2024,ADS,Verified Engaged,Waymo LLC,DEC-2025,23:07,San Francisco,CA,Intersection,Passenger Car,Property Damage. No Injured Reported,Yes,raw/SGO/SGO-2021-01_Incident_Reports_ADS.csv
30270-13443,1,Waymo LLC,5-Day,,,DEC-2025,Y,JAGUAR,I-PACE,2024,ADS,Verified Engaged,Waymo LLC,DEC-2025,08:39,Los Angeles,CA,Street,Other Fixed Object,Property Damage. No Injured Reported,Yes,raw/SGO/SGO-2021-01_Incident_Reports_ADS.csv
30270-13444,1,Waymo LLC,5-Day,,,DEC-2025,Y,JAGUAR,I-PACE,2024,ADS,Verified Engaged,Waymo LLC,DEC-2025,15:41,Los Angeles,CA,Street,Passenger Car,Property Damage. No Injured Reported,Yes,raw/SGO/SGO-2021-01_Incident_Reports_ADS.csv
30270-13445,1,Waymo LLC,Monthly,12,2025,JAN-2026,Y,JAGUAR,I-PACE,2024,ADS,Verified Engaged,Waymo LLC,DEC-2025,18:16,Palo Alto,CA,Street,Passenger Car,Property Damage. No Injured Reported,Yes,raw/SGO/SGO-2021-01_Incident_Reports_ADS.csv
30270-13447,1,Waymo LLC,5-Day,,,DEC-2025,Y,JAGUAR,I-PACE,2024,ADS,Verified Engaged,Waymo LLC,DEC-2025,05:08,Brisbane,CA,Street,"Other, see Narrative",Property Damage. No Injured Reported,Yes,raw/SGO/SGO-2021-01_Incident_Reports_ADS.csv
30270-13448,1,Waymo LLC,Monthly,12,2025,JAN-2026,Y,JAGUAR,I-PACE,2024,ADS,Verified Engaged,Waymo LLC,DEC-2025,12:22,Los Angeles,CA,Street,Van,Property Damage. No Injured Reported,Yes,raw/SGO/SGO-2021-01_Incident_Reports_ADS.csv
30270-13449,1,Waymo LLC,5-Day,,,DEC-2025,Y,JAGUAR,I-PACE,2024,ADS,Verified Engaged,Waymo LLC,DEC-2025,15:17,Austin,TX,Intersection,SUV,Property Damage. No Injured Reported,Yes,raw/SGO/SGO-2021-01_Incident_Reports_ADS.csv
30270-13450,1,Waymo LLC,Monthly,12,2025,JAN-2026,Y,JAGUAR,I-PACE,2024,ADS,Verified Engaged,Waymo LLC,DEC-2025,06:56,San Francisco,CA,Street,SUV,Property Damage. No Injured Reported,Yes,raw/SGO/SGO-2021-01_Incident_Reports_ADS.csv
30270-13451,1,Waymo LLC,Monthly,12,2025,JAN-2026,Y,JAGUAR,I-PACE,2021,ADS,Verified Engaged,Waymo LLC,DEC-2025,15:08,San Francisco,CA,Street,Pickup Truck,Property Damage. No Injured Reported,Yes,raw/SGO/SGO-2021-01_Incident_Reports_ADS.csv
30270-13452,1,Waymo LLC,5-Day,,,DEC-2025,Y,JAGUAR,I-PACE,2024,ADS,Verified Engaged,Waymo LLC,DEC-2025,12:46,Phoenix,AZ,Parking Lot,Heavy Truck,Property Damage. No Injured Reported,Yes,raw/SGO/SGO-2021-01_Incident_Reports_ADS.csv
30270-13453,1,Waymo LLC,Monthly,12,2025,JAN-2026,Y,JAGUAR,I-PACE,2024,ADS,Verified Engaged,Waymo LLC,DEC-2025,15:45,Palo Alto,CA,Street,Bus,Property Damage. No Injured Reported,Yes,raw/SGO/SGO-2021-01_Incident_Reports_ADS.csv
30270-13454,1,Waymo LLC,Monthly,12,2025,JAN-2026,Y,JAGUAR,I-PACE,2024,ADS,Verified Engaged,Waymo LLC,DEC-2025,17:12,San Francisco,CA,Street,"Other, see Narrative",Property Damage. No Injured Reported,Yes,raw/SGO/SGO-2021-01_Incident_Reports_ADS.csv
30270-13467,1,Waymo LLC,5-Day,,,DEC-2025,Y,JAGUAR,I-PACE,2024,ADS,Verified Engaged,Waymo LLC,DEC-2025,13:58,Tempe,AZ,Parking Lot,"Other, see Narrative",Property Damage. No Injured Reported,Yes,raw/SGO/SGO-2021-01_Incident_Reports_ADS.csv
30270-13471,1,Waymo LLC,Monthly,12,2025,JAN-2026,Y,JAGUAR,I-PACE,2024,ADS,Verified Engaged,Waymo LLC,DEC-2025,04:13,Miami,FL,Highway / Freeway,SUV,Property Damage. No Injured Reported,Yes,raw/SGO/SGO-2021-01_Incident_Reports_ADS.csv
30270-13484,1,Waymo LLC,5-Day,,,DEC-2025,Y,JAGUAR,I-PACE,2024,ADS,Verified Engaged,Waymo LLC,DEC-2025,17:22,Inglewood,CA,Intersection,SUV,No Injured Reported,Yes,raw/SGO/SGO-2021-01_Incident_Reports_ADS.csv
30270-13485,1,Waymo LLC,5-Day,,,DEC-2025,Y,JAGUAR,I-PACE,2024,ADS,Verified Engaged,Waymo LLC,DEC-2025,14:50,Austin,TX,Parking Lot,Other Fixed Object,Property Damage. No Injured Reported,Yes,raw/SGO/SGO-2021-01_Incident_Reports_ADS.csv
30270-13486,1,Waymo LLC,5-Day,,,DEC-2025,Y,JAGUAR,I-PACE,2024,ADS,Verified Engaged,Waymo LLC,DEC-2025,14:37,San Francisco,CA,Intersection,Passenger Car,Property Damage. No Injured Reported,Yes,raw/SGO/SGO-2021-01_Incident_Reports_ADS.csv
30270-13487,1,Waymo LLC,5-Day,,,DEC-2025,Y,JAGUAR,I-PACE,2024,ADS,Verified Engaged,Waymo LLC,DEC-2025,15:02,Austin,TX,Parking Lot,Other Fixed Object,Property Damage. No Injured Reported,Yes,raw/SGO/SGO-2021-01_Incident_Reports_ADS.csv
30270-13488,1,Waymo LLC,5-Day,,,DEC-2025,Y,JAGUAR,I-PACE,2024,ADS,Verified Engaged,Waymo LLC,DEC-2025,22:24,Atlanta,GA,Street,Passenger Car,Minor W/ Hospitalization,Yes,raw/SGO/SGO-2021-01_Incident_Reports_ADS.csv
30270-13489,1,Waymo LLC,Monthly,12,2025,JAN-2026,Y,JAGUAR,I-PACE,2024,ADS,Verified Engaged,Waymo LLC,DEC-2025,13:54,Scottsdale,AZ,Parking Lot,Heavy Truck,Property Damage. No Injured Reported,Yes,raw/SGO/SGO-2021-01_Incident_Reports_ADS.csv
30270-13490,1,Waymo LLC,5-Day,,,DEC-2025,Y,JAGUAR,I-PACE,2024,ADS,Verified Engaged,Waymo LLC,DEC-2025,22:17,Los Angeles,CA,Street,SUV,Minor W/O Hospitalization,Yes,raw/SGO/SGO-2021-01_Incident_Reports_ADS.csv
30270-13491,1,Waymo LLC,5-Day,,,JAN-2026,Y,JAGUAR,I-PACE,2024,ADS,Verified Engaged,Waymo LLC,DEC-2025,21:48,Los Angeles,CA,Street,Van,Minor W/ Hospitalization,Yes,raw/SGO/SGO-2021-01_Incident_Reports_ADS.csv
30270-13495,1,Waymo LLC,5-Day,,,JAN-2026,Y,JAGUAR,I-PACE,2024,ADS,Verified Engaged,Waymo LLC,DEC-2025,01:41,San Francisco,CA,Street,SUV,Minor W/ Hospitalization,Yes,raw/SGO/SGO-2021-01_Incident_Reports_ADS.csv
30270-13506,1,Waymo LLC,5-Day,,,DEC-2025,Y,JAGUAR,I-PACE,2024,ADS,Verified Engaged,Waymo LLC,DEC-2025,04:09,Atlanta,GA,Intersection,"Other, see Narrative",Property Damage. No Injured Reported,Yes,raw/SGO/SGO-2021-01_Incident_Reports_ADS.csv
30270-13507,1,Waymo LLC,5-Day,,,JAN-2026,Y,JAGUAR,I-PACE,2021,ADS,Verified Engaged,Waymo LLC,DEC-2025,05:54,Brisbane,CA,Street,Heavy Truck,Property Damage. No Injured Reported,Yes,raw/SGO/SGO-2021-01_Incident_Reports_ADS.csv
30270-13508,1,Waymo LLC,Monthly,12,2025,JAN-2026,Y,JAGUAR,I-PACE,2024,ADS,Verified Not Engaged,Waymo LLC,DEC-2025,02:08,Orlando,FL,Street,Heavy Truck,Property Damage. No Injured Reported,Yes,raw/SGO/SGO-2021-01_Incident_Reports_ADS.csv
30270-13509,1,Waymo LLC,5-Day,,,DEC-2025,Y,JAGUAR,I-PACE,2024,ADS,Verified Engaged,Waymo LLC,DEC-2025,04:08,San Francisco,CA,Street,Other Fixed Object,Property Damage. No Injured Reported,Yes,raw/SGO/SGO-2021-01_Incident_Reports_ADS.csv
30270-13510,1,Waymo LLC,Monthly,12,2025,JAN-2026,Y,JAGUAR,I-PACE,2021,ADS,Verified Engaged,Waymo LLC,DEC-2025,07:20,San Francisco,CA,Street,Passenger Car,Property Damage. No Injured Reported,Yes,raw/SGO/SGO-2021-01_Incident_Reports_ADS.csv
30270-13511,1,Waymo LLC,Monthly,12,2025,JAN-2026,Y,JAGUAR,I-PACE,2024,ADS,Verified Engaged,Waymo LLC,DEC-2025,13:17,Los Angeles,CA,Intersection,Van,Property Damage. No Injured Reported,Yes,raw/SGO/SGO-2021-01_Incident_Reports_ADS.csv
30270-13512,1,Waymo LLC,5-Day,,,JAN-2026,Y,JAGUAR,I-PACE,2024,ADS,Verified Engaged,Waymo LLC,DEC-2025,12:07,Los Angeles,CA,Street,Heavy Truck,Property Damage. No Injured Reported,Yes,raw/SGO/SGO-2021-01_Incident_Reports_ADS.csv
30270-13513,1,Waymo LLC,5-Day,,,JAN-2026,Y,JAGUAR,I-PACE,2024,ADS,Verified Engaged,Waymo LLC,DEC-2025,10:02,Phoenix,AZ,Parking Lot,Heavy Truck,Property Damage. No Injured Reported,Yes,raw/SGO/SGO-2021-01_Incident_Reports_ADS.csv
30270-13514,1,Waymo LLC,5-Day,,,JAN-2026,Y,JAGUAR,I-PACE,2021,ADS,Verified Engaged,Waymo LLC,DEC-2025,08:20,San Francisco,CA,Street,Other Fixed Object,Property Damage. No Injured Reported,Yes,raw/SGO/SGO-2021-01_Incident_Reports_ADS.csv
30270-13515,1,Waymo LLC,Monthly,12,2025,JAN-2026,Y,JAGUAR,I-PACE,2024,ADS,Verified Engaged,Waymo LLC,DEC-2025,00:04,Austin,TX,Street,Passenger Car,Property Damage. No Injured Reported,Yes,raw/SGO/SGO-2021-01_Incident_Reports_ADS.csv
30270-13538,1,Waymo LLC,5-Day,,,JAN-2026,Y,JAGUAR,I-PACE,2024,ADS,Verified Engaged,Waymo LLC,DEC-2025,00:34,West Hollywood,CA,Street,Passenger Car,Property Damage. No Injured Reported,Yes,raw/SGO/SGO-2021-01_Incident_Reports_ADS.csv
30270-13539,1,Waymo LLC,5-Day,,,JAN-2026,Y,JAGUAR,I-PACE,2024,ADS,Verified Engaged,Waymo LLC,DEC-2025,13:21,San Francisco,CA,Intersection,First Responder Vehicle,Property Damage. No Injured Reported,Yes,raw/SGO/SGO-2021-01_Incident_Reports_ADS.csv
30270-13540,1,Waymo LLC,5-Day,,,JAN-2026,Y,JAGUAR,I-PACE,2024,ADS,Verified Engaged,Waymo LLC,DEC-2025,13:23,Los Angeles,CA,Parking Lot,Pickup Truck,Property Damage. No Injured Reported,Yes,raw/SGO/SGO-2021-01_Incident_Reports_ADS.csv
30270-13541,1,Waymo LLC,5-Day,,,JAN-2026,Y,JAGUAR,I-PACE,2024,ADS,Verified Engaged,Waymo LLC,DEC-2025,18:35,San Francisco,CA,Street,Pickup Truck,Property Damage. No Injured Reported,Yes,raw/SGO/SGO-2021-01_Incident_Reports_ADS.csv
30270-13542,1,Waymo LLC,5-Day,,,JAN-2026,Y,JAGUAR,I-PACE,2024,ADS,Verified Engaged,Waymo LLC,DEC-2025,03:45,Phoenix,AZ,Parking Lot,Heavy Truck,Property Damage. No Injured Reported,Yes,raw/SGO/SGO-2021-01_Incident_Reports_ADS.csv
30270-13543,1,Waymo LLC,5-Day,,,JAN-2026,Y,JAGUAR,I-PACE,2024,ADS,Verified Engaged,Waymo LLC,JAN-2026,01:03,San Francisco,CA,Street,Passenger Car,Minor W/O Hospitalization,Yes,raw/SGO/SGO-2021-01_Incident_Reports_ADS.csv
30270-13544,1,Waymo LLC,5-Day,,,JAN-2026,Y,JAGUAR,I-PACE,2024,ADS,Verified Engaged,Waymo LLC,JAN-2026,02:36,Phoenix,AZ,Parking Lot,SUV,Property Damage. No Injured Reported,Yes,raw/SGO/SGO-2021-01_Incident_Reports_ADS.csv
30270-13545,1,Waymo LLC,5-Day,,,JAN-2026,Y,JAGUAR,I-PACE,2024,ADS,Verified Engaged,Waymo LLC,JAN-2026,04:20,Austin,TX,Street,SUV,Minor W/O Hospitalization,Yes,raw/SGO/SGO-2021-01_Incident_Reports_ADS.csv
30270-13546,1,Waymo LLC,5-Day,,,JAN-2026,Y,JAGUAR,I-PACE,2024,ADS,Verified Engaged,Waymo LLC,JAN-2026,16:55,Atlanta,GA,Intersection,Passenger Car,Property Damage. No Injured Reported,Yes,raw/SGO/SGO-2021-01_Incident_Reports_ADS.csv
30270-13547,1,Waymo LLC,5-Day,,,JAN-2026,Y,JAGUAR,I-PACE,2024,ADS,Verified Engaged,Waymo LLC,JAN-2026,02:43,Los Angeles,CA,Intersection,Passenger Car,Property Damage. No Injured Reported,Yes,raw/SGO/SGO-2021-01_Incident_Reports_ADS.csv
30270-13548,1,Waymo LLC,Monthly,12,2025,JAN-2026,Y,JAGUAR,I-PACE,2024,ADS,Verified Engaged,Waymo LLC,DEC-2025,10:49,Phoenix,AZ,Intersection,Heavy Truck,Property Damage. No Injured Reported,Yes,raw/SGO/SGO-2021-01_Incident_Reports_ADS.csv
30270-13549,1,Waymo LLC,Monthly,12,2025,JAN-2026,Y,JAGUAR,I-PACE,2024,ADS,Verified Engaged,Waymo LLC,DEC-2025,17:09,Los Angeles,CA,Intersection,SUV,Property Damage. No Injured Reported,Yes,raw/SGO/SGO-2021-01_Incident_Reports_ADS.csv
30270-13550,1,Waymo LLC,5-Day,,,JAN-2026,Y,JAGUAR,I-PACE,2024,ADS,Verified Engaged,Waymo LLC,JAN-2026,19:38,Los Angeles,CA,Street,SUV,Minor W/O Hospitalization,Yes,raw/SGO/SGO-2021-01_Incident_Reports_ADS.csv
30270-13551,1,Waymo LLC,5-Day,,,JAN-2026,Y,JAGUAR,I-PACE,2024,ADS,Verified Not Engaged,Waymo LLC,JAN-2026,04:48,Tempe,AZ,Intersection,SUV,Property Damage. No Injured Reported,Yes,raw/SGO/SGO-2021-01_Incident_Reports_ADS.csv
30270-13552,1,Waymo LLC,5-Day,,,JAN-2026,Y,JAGUAR,I-PACE,2024,ADS,Verified Engaged,Waymo LLC,JAN-2026,05:23,Austin,TX,Street,"Other, see Narrative",Property Damage. No Injured Reported,Yes,raw/SGO/SGO-2021-01_Incident_Reports_ADS.csv
30270-13554,1,Waymo LLC,Monthly,12,2025,JAN-2026,Y,JAGUAR,I-PACE,2024,ADS,Verified Engaged,Waymo LLC,DEC-2025,11:13,South San Francisco,CA,Street,Heavy Truck,Property Damage. No Injured Reported,Yes,raw/SGO/SGO-2021-01_Incident_Reports_ADS.csv
30270-13556,1,Waymo LLC,5-Day,,,JAN-2026,Y,JAGUAR,I-PACE,2024,ADS,Verified Engaged,Waymo LLC,JAN-2026,16:24,Los Angeles,CA,Street,Pickup Truck,Property Damage. No Injured Reported,Yes,raw/SGO/SGO-2021-01_Incident_Reports_ADS.csv
30270-13557,1,Waymo LLC,Monthly,12,2025,JAN-2026,Y,JAGUAR,I-PACE,2024,ADS,Verified Engaged,Waymo LLC,DEC-2025,16:54,Atlanta,GA,Street,Heavy Truck,Property Damage. No Injured Reported,Yes,raw/SGO/SGO-2021-01_Incident_Reports_ADS.csv
30270-13558,1,Waymo LLC,5-Day,,,JAN-2026,Y,JAGUAR,I-PACE,2024,ADS,Verified Engaged,Waymo LLC,JAN-2026,19:28,San Francisco,CA,Street,Passenger Car,Property Damage. No Injured Reported,Yes,raw/SGO/SGO-2021-01_Incident_Reports_ADS.csv
30270-13559,1,Waymo LLC,5-Day,,,JAN-2026,Y,JAGUAR,I-PACE,2024,ADS,Verified Engaged,Waymo LLC,JAN-2026,00:15,Phoenix,AZ,Parking Lot,Other Fixed Object,Property Damage. No Injured Reported,Yes,raw/SGO/SGO-2021-01_Incident_Reports_ADS.csv
30270-13560,1,Waymo LLC,5-Day,,,JAN-2026,Y,JAGUAR,I-PACE,2024,ADS,Verified Engaged,Waymo LLC,JAN-2026,16:28,Los Angeles,CA,Intersection,Passenger Car,Property Damage. No Injured Reported,Yes,raw/SGO/SGO-2021-01_Incident_Reports_ADS.csv
30270-13561,1,Waymo LLC,Monthly,1,2026,FEB-2026,Y,JAGUAR,I-PACE,2024,ADS,Verified Engaged,Waymo LLC,JAN-2026,00:06,San Francisco,CA,Street,Passenger Car,Property Damage. No Injured Reported,Yes,raw/SGO/SGO-2021-01_Incident_Reports_ADS.csv
30270-13564,1,Waymo LLC,Monthly,12,2025,JAN-2026,Y,JAGUAR,I-PACE,2024,ADS,Verified Engaged,Waymo LLC,DEC-2025,14:30,San Francisco,CA,Intersection,Non-Motorist: Scooter - Skateboard,Property Damage. No Injured Reported,Yes,raw/SGO/SGO-2021-01_Incident_Reports_ADS.csv
30270-13565,1,Waymo LLC,Monthly,1,2026,FEB-2026,Y,JAGUAR,I-PACE,2021,ADS,Verified Engaged,Waymo LLC,JAN-2026,07:07,Mesa,AZ,Highway / Freeway,"Other, see Narrative",Property Damage. No Injured Reported,Yes,raw/SGO/SGO-2021-01_Incident_Reports_ADS.csv
30270-13571,1,Waymo LLC,5-Day,,,JAN-2026,Y,JAGUAR,I-PACE,2024,ADS,Verified Engaged,Waymo LLC,JAN-2026,18:57,San Francisco,CA,Street,Van,Property Damage. No Injured Reported,Yes,raw/SGO/SGO-2021-01_Incident_Reports_ADS.csv
30270-13573,1,Waymo LLC,5-Day,,,JAN-2026,Y,JAGUAR,I-PACE,2024,ADS,Verified Engaged,Waymo LLC,JAN-2026,07:56,Phoenix,AZ,Street,Passenger Car,Property Damage. No Injured Reported,Yes,raw/SGO/SGO-2021-01_Incident_Reports_ADS.csv
30270-13575,1,Waymo LLC,5-Day,,,JAN-2026,Y,JAGUAR,I-PACE,2024,ADS,Verified Engaged,Waymo LLC,JAN-2026,20:33,Los Angeles,CA,Street,Passenger Car,Property Damage. No Injured Reported,Yes,raw/SGO/SGO-2021-01_Incident_Reports_ADS.csv
30270-13578,1,Waymo LLC,Monthly,1,2026,FEB-2026,Y,JAGUAR,I-PACE,2024,ADS,Verified Engaged,Waymo LLC,JAN-2026,14:52,Austin,TX,Street,Pickup Truck,Property Damage. No Injured Reported,Yes,raw/SGO/SGO-2021-01_Incident_Reports_ADS.csv
30270-13581,1,Waymo LLC,5-Day,,,JAN-2026,Y,JAGUAR,I-PACE,2024,ADS,Verified Engaged,Waymo LLC,JAN-2026,13:42,Phoenix,AZ,Street,Heavy Truck,Property Damage. No Injured Reported,Yes,raw/SGO/SGO-2021-01_Incident_Reports_ADS.csv
30270-13582,1,Waymo LLC,5-Day,,,JAN-2026,Y,JAGUAR,I-PACE,2024,ADS,Verified Engaged,Waymo LLC,JAN-2026,18:38,Venice,CA,Intersection,Passenger Car,Property Damage. No Injured Reported,Yes,raw/SGO/SGO-2021-01_Incident_Reports_ADS.csv
30270-13583,1,Waymo LLC,5-Day,,,JAN-2026,Y,JAGUAR,I-PACE,2024,ADS,Verified Engaged,Waymo LLC,JAN-2026,22:04,Los Angeles,CA,Street,Other Fixed Object,Property Damage. No Injured Reported,Yes,raw/SGO/SGO-2021-01_Incident_Reports_ADS.csv
30270-13585,1,Waymo LLC,5-Day,,,JAN-2026,Y,JAGUAR,I-PACE,2024,ADS,Verified Engaged,Waymo LLC,JAN-2026,20:35,Los Angeles,CA,Street,SUV,Minor W/O Hospitalization,Yes,raw/SGO/SGO-2021-01_Incident_Reports_ADS.csv
30270-13586,1,Waymo LLC,5-Day,,,JAN-2026,Y,JAGUAR,I-PACE,2024,ADS,Verified Engaged,Waymo LLC,JAN-2026,01:05,San Francisco,CA,Intersection,Passenger Car,Property Damage. No Injured Reported,Yes,raw/SGO/SGO-2021-01_Incident_Reports_ADS.csv
30270-13587,1,Waymo LLC,Monthly,1,2026,FEB-2026,Y,JAGUAR,I-PACE,2024,ADS,Verified Engaged,Waymo LLC,JAN-2026,00:33,Los Angeles,CA,Street,SUV,Property Damage. No Injured Reported,Yes,raw/SGO/SGO-2021-01_Incident_Reports_ADS.csv
30270-13604,1,Waymo LLC,5-Day,,,JAN-2026,Y,JAGUAR,I-PACE,2024,ADS,Verified Engaged,Waymo LLC,JAN-2026,01:15,Los Angeles,CA,Street,SUV,Minor W/O Hospitalization,Yes,raw/SGO/SGO-2021-01_Incident_Reports_ADS.csv
30270-13605,1,Waymo LLC,5-Day,,,JAN-2026,Y,JAGUAR,I-PACE,2024,ADS,Verified Engaged,Waymo LLC,JAN-2026,16:41,Los Angeles,CA,Street,Passenger Car,Minor W/ Hospitalization,Yes,raw/SGO/SGO-2021-01_Incident_Reports_ADS.csv
30270-13606,1,Waymo LLC,Monthly,1,2026,FEB-2026,Y,JAGUAR,I-PACE,2024,ADS,Verified Engaged,Waymo LLC,JAN-2026,12:36,Santa Monica,CA,Parking Lot,SUV,Property Damage. No Injured Reported,Yes,raw/SGO/SGO-2021-01_Incident_Reports_ADS.csv
30270-13607,1,Waymo LLC,5-Day,,,JAN-2026,Y,JAGUAR,I-PACE,2024,ADS,Verified Engaged,Waymo LLC,JAN-2026,02:58,San Francisco,CA,Street,"Other, see Narrative",Property Damage. No Injured Reported,Yes,raw/SGO/SGO-2021-01_Incident_Reports_ADS.csv
30270-13610,1,Waymo LLC,5-Day,,,JAN-2026,Y,JAGUAR,I-PACE,2024,ADS,Verified Engaged,Waymo LLC,JAN-2026,11:42,Austin,TX,Intersection,Van,Property Damage. No Injured Reported,Yes,raw/SGO/SGO-2021-01_Incident_Reports_ADS.csv
30270-13611,1,Waymo LLC,5-Day,,,JAN-2026,Y,JAGUAR,I-PACE,2024,ADS,Verified Engaged,Waymo LLC,JAN-2026,18:10,San Francisco,CA,Street,SUV,Property Damage. No Injured Reported,Yes,raw/SGO/SGO-2021-01_Incident_Reports_ADS.csv
30270-13623,1,Waymo LLC,Monthly,1,2026,FEB-2026,Y,JAGUAR,I-PACE,2024,ADS,Verified Engaged,Waymo LLC,JAN-2026,10:22,San Francisco,CA,Street,Pickup Truck,Property Damage. No Injured Reported,Yes,raw/SGO/SGO-2021-01_Incident_Reports_ADS.csv
30270-13636,1,Waymo LLC,5-Day,,,JAN-2026,Y,JAGUAR,I-PACE,2024,ADS,Verified Engaged,Waymo LLC,JAN-2026,09:06,Austin,TX,Street,Bus,Property Damage. No Injured Reported,Yes,raw/SGO/SGO-2021-01_Incident_Reports_ADS.csv
30270-13638,1,Waymo LLC,5-Day,,,JAN-2026,Y,JAGUAR,I-PACE,2024,ADS,Verified Engaged,Waymo LLC,JAN-2026,10:06,Austin,TX,Street,SUV,Property Damage. No Injured Reported,Yes,raw/SGO/SGO-2021-01_Incident_Reports_ADS.csv
30270-13639,1,Waymo LLC,5-Day,,,JAN-2026,Y,JAGUAR,I-PACE,2024,ADS,Verified Engaged,Waymo LLC,JAN-2026,23:53,Phoenix,AZ,Street,Passenger Car,Property Damage. No Injured Reported,Yes,raw/SGO/SGO-2021-01_Incident_Reports_ADS.csv
30270-13641,1,Waymo LLC,5-Day,,,JAN-2026,Y,JAGUAR,I-PACE,2021,ADS,Verified Engaged,Waymo LLC,JAN-2026,19:31,San Francisco,CA,Street,Bus,Property Damage. No Injured Reported,Yes,raw/SGO/SGO-2021-01_Incident_Reports_ADS.csv
30270-13642,1,Waymo LLC,Monthly,1,2026,FEB-2026,Y,JAGUAR,I-PACE,2024,ADS,Verified Engaged,Waymo LLC,JAN-2026,15:13,San Francisco,CA,Parking Lot,"Other, see Narrative",Property Damage. No Injured Reported,Yes,raw/SGO/SGO-2021-01_Incident_Reports_ADS.csv
30270-13643,1,Waymo LLC,Monthly,1,2026,FEB-2026,Y,ZEEKR,RT,2025,ADS,Verified Not Engaged,Waymo LLC,JAN-2026,21:29,Los Angeles,CA,Street,Pickup Truck,Property Damage. No Injured Reported,Yes,raw/SGO/SGO-2021-01_Incident_Reports_ADS.csv
30270-13650,1,Waymo LLC,5-Day,,,JAN-2026,Y,JAGUAR,I-PACE,2024,ADS,Verified Engaged,Waymo LLC,JAN-2026,01:53,Los Angeles,CA,Intersection,Motorcycle,Property Damage. No Injured Reported,Yes,raw/SGO/SGO-2021-01_Incident_Reports_ADS.csv
30270-13652,1,Waymo LLC,5-Day,,,JAN-2026,Y,JAGUAR,I-PACE,2021,ADS,Verified Engaged,Waymo LLC,JAN-2026,20:37,Nashville,TN,Intersection,SUV,Property Damage. No Injured Reported,Yes,raw/SGO/SGO-2021-01_Incident_Reports_ADS.csv
30270-13653,1,Waymo LLC,5-Day,,,JAN-2026,Y,JAGUAR,I-PACE,2024,ADS,Verified Engaged,Waymo LLC,JAN-2026,23:39,Phoenix,AZ,Street,SUV,Property Damage. No Injured Reported,Yes,raw/SGO/SGO-2021-01_Incident_Reports_ADS.csv
30270-13654,1,Waymo LLC,5-Day,,,JAN-2026,Y,JAGUAR,I-PACE,2024,ADS,Verified Engaged,Waymo LLC,JAN-2026,09:14,San Francisco,CA,Street,Heavy Truck,Property Damage. No Injured Reported,Yes,raw/SGO/SGO-2021-01_Incident_Reports_ADS.csv
30270-13656,1,Waymo LLC,5-Day,,,JAN-2026,Y,JAGUAR,I-PACE,2024,ADS,Verified Engaged,Waymo LLC,JAN-2026,00:23,Los Angeles,CA,Street,Passenger Car,Minor W/O Hospitalization,Yes,raw/SGO/SGO-2021-01_Incident_Reports_ADS.csv
30270-13657,1,Waymo LLC,Monthly,1,2026,FEB-2026,Y,JAGUAR,I-PACE,2024,ADS,Verified Engaged,Waymo LLC,JAN-2026,05:46,Los Angeles,CA,Street,Passenger Car,Property Damage. No Injured Reported,Yes,raw/SGO/SGO-2021-01_Incident_Reports_ADS.csv
30270-13658,1,Waymo LLC,Monthly,1,2026,FEB-2026,Y,JAGUAR,I-PACE,2024,ADS,Verified Engaged,Waymo LLC,JAN-2026,19:14,Scottsdale,AZ,Intersection,Van,Property Damage. No Injured Reported,Yes,raw/SGO/SGO-2021-01_Incident_Reports_ADS.csv
30270-13663,1,Waymo LLC,5-Day,,,JAN-2026,Y,JAGUAR,I-PACE,2024,ADS,Verified Engaged,Waymo LLC,JAN-2026,03:02,Del Valle,TX,Highway / Freeway,Animal,Property Damage. No Injured Reported,Yes,raw/SGO/SGO-2021-01_Incident_Reports_ADS.csv
30270-13664,1,Waymo LLC,Monthly,1,2026,FEB-2026,Y,JAGUAR,I-PACE,2024,ADS,Verified Engaged,Waymo LLC,JAN-2026,18:54,Los Angeles,CA,Street,SUV,Property Damage. No Injured Reported,Yes,raw/SGO/SGO-2021-01_Incident_Reports_ADS.csv
30270-13665,1,Waymo LLC,Monthly,1,2026,FEB-2026,Y,JAGUAR,I-PACE,2024,ADS,Verified Engaged,Waymo LLC,JAN-2026,17:09,San Francisco,CA,Street,"Other, see Narrative",Property Damage. No Injured Reported,Yes,raw/SGO/SGO-2021-01_Incident_Reports_ADS.csv
30270-13682,1,Waymo LLC,Monthly,1,2026,FEB-2026,Y,JAGUAR,I-PACE,2024,ADS,Verified Engaged,Waymo LLC,JAN-2026,09:03,Phoenix,AZ,Parking Lot,Heavy Truck,Property Damage. No Injured Reported,Yes,raw/SGO/SGO-2021-01_Incident_Reports_ADS.csv
30270-13688,1,Waymo LLC,Monthly,1,2026,FEB-2026,Y,JAGUAR,I-PACE,2024,ADS,Verified Engaged,Waymo LLC,JAN-2026,17:02,Tempe,AZ,Parking Lot,Passenger Car,Property Damage. No Injured Reported,Yes,raw/SGO/SGO-2021-01_Incident_Reports_ADS.csv
30270-1371,1,Waymo LLC,1-Day,,,OCT-2021,,Jaguar,I-Pace,2021,ADS,,Waymo LLC,OCT-2021,15:51,San Francisco,CA,Intersection,SUV,No Injuries Reported,Yes,raw/SGO/SGO-2021-01_Incident_Reports_ADS (1).csv
30270-13762,1,Waymo LLC,5-Day,,,JAN-2026,Y,JAGUAR,I-PACE,2024,ADS,Verified Engaged,Waymo LLC,JAN-2026,07:37,Los Angeles,CA,Street,Passenger Car,Property Damage. No Injured Reported,Yes,raw/SGO/SGO-2021-01_Incident_Reports_ADS.csv
30270-13763,1,Waymo LLC,5-Day,,,JAN-2026,Y,JAGUAR,I-PACE,2024,ADS,Verified Engaged,Waymo LLC,JAN-2026,14:51,Austin,TX,Street,Passenger Car,Property Damage. No Injured Reported,Yes,raw/SGO/SGO-2021-01_Incident_Reports_ADS.csv
30270-13764,1,Waymo LLC,5-Day,,,JAN-2026,Y,JAGUAR,I-PACE,2024,ADS,Verified Engaged,Waymo LLC,JAN-2026,23:22,San Francisco,CA,Street,SUV,Property Damage. No Injured Reported,Yes,raw/SGO/SGO-2021-01_Incident_Reports_ADS.csv
30270-13765,1,Waymo LLC,5-Day,,,JAN-2026,Y,JAGUAR,I-PACE,2024,ADS,Verified Engaged,Waymo LLC,JAN-2026,02:24,Los Angeles,CA,Street,Passenger Car,Property Damage. No Injured Reported,Yes,raw/SGO/SGO-2021-01_Incident_Reports_ADS.csv
30270-13766,1,Waymo LLC,Monthly,1,2026,FEB-2026,Y,JAGUAR,I-PACE,2024,ADS,Verified Engaged,Waymo LLC,JAN-2026,11:31,Venice,CA,Street,SUV,Minor W/O Hospitalization,Yes,raw/SGO/SGO-2021-01_Incident_Reports_ADS.csv
30270-13769,1,Waymo LLC,5-Day,,,JAN-2026,Y,JAGUAR,I-PACE,2024,ADS,Verified Engaged,Waymo LLC,JAN-2026,11:22,Austin,TX,Street,Passenger Car,Property Damage. No Injured Reported,Yes,raw/SGO/SGO-2021-01_Incident_Reports_ADS.csv
30270-13770,1,Waymo LLC,5-Day,,,JAN-2026,Y,JAGUAR,I-PACE,2024,ADS,Verified Engaged,Waymo LLC,JAN-2026,23:11,Beverly Hills,CA,Street,Passenger Car,Property Damage. No Injured Reported,Yes,raw/SGO/SGO-2021-01_Incident_Reports_ADS.csv
30270-13778,1,Waymo LLC,5-Day,,,JAN-2026,Y,JAGUAR,I-PACE,2024,ADS,Verified Engaged,Waymo LLC,JAN-2026,20:24,Phoenix,AZ,Parking Lot,Other Fixed Object,Property Damage. No Injured Reported,Yes,raw/SGO/SGO-2021-01_Incident_Reports_ADS.csv
30270-13783,1,Waymo LLC,Monthly,1,2026,FEB-2026,Y,JAGUAR,I-PACE,2024,ADS,Verified Engaged,Waymo LLC,JAN-2026,00:45,San Francisco,CA,Intersection,Passenger Car,Property Damage. No Injured Reported,Yes,raw/SGO/SGO-2021-01_Incident_Reports_ADS.csv
30270-13785,1,Waymo LLC,5-Day,,,JAN-2026,Y,JAGUAR,I-PACE,2024,ADS,Verified Engaged,Waymo LLC,JAN-2026,18:30,Los Angeles,CA,Street,SUV,Property Damage. No Injured Reported,Yes,raw/SGO/SGO-2021-01_Incident_Reports_ADS.csv
30270-13786,1,Waymo LLC,5-Day,,,JAN-2026,Y,JAGUAR,I-PACE,2024,ADS,Verified Engaged,Waymo LLC,JAN-2026,05:45,Phoenix,AZ,Street,SUV,Property Damage. No Injured Reported,Yes,raw/SGO/SGO-2021-01_Incident_Reports_ADS.csv
30270-13794,1,Waymo LLC,Monthly,1,2026,FEB-2026,Y,JAGUAR,I-PACE,2024,ADS,Verified Engaged,Waymo LLC,JAN-2026,13:11,Los Angeles,CA,Street,"Other, see Narrative",Property Damage. No Injured Reported,Yes,raw/SGO/SGO-2021-01_Incident_Reports_ADS.csv
30270-13795,1,Waymo LLC,Monthly,1,2026,FEB-2026,Y,JAGUAR,I-PACE,2024,ADS,Verified Engaged,Waymo LLC,JAN-2026,17:59,San Francisco,CA,Street,Passenger Car,Property Damage. No Injured Reported,Yes,raw/SGO/SGO-2021-01_Incident_Reports_ADS.csv
30270-13799,1,Waymo LLC,5-Day,,,JAN-2026,Y,JAGUAR,I-PACE,2024,ADS,Verified Engaged,Waymo LLC,JAN-2026,23:29,San Francisco,CA,Street,Heavy Truck,Property Damage. No Injured Reported,Yes,raw/SGO/SGO-2021-01_Incident_Reports_ADS.csv
30270-13807,1,Waymo LLC,5-Day,,,JAN-2026,Y,JAGUAR,I-PACE,2024,ADS,Verified Engaged,Waymo LLC,JAN-2026,05:20,San Francisco,CA,Street,Passenger Car,Property Damage. No Injured Reported,Yes,raw/SGO/SGO-2021-01_Incident_Reports_ADS.csv
30270-13809,1,Waymo LLC,5-Day,,,JAN-2026,Y,JAGUAR,I-PACE,2024,ADS,Verified Engaged,Waymo LLC,JAN-2026,21:24,Los Angeles,CA,Intersection,SUV,Minor W/O Hospitalization,Yes,raw/SGO/SGO-2021-01_Incident_Reports_ADS.csv
30270-13810,1,Waymo LLC,5-Day,,,JAN-2026,Y,JAGUAR,I-PACE,2024,ADS,Verified Engaged,Waymo LLC,JAN-2026,07:07,Sunnyvale,CA,Intersection,Passenger Car,Property Damage. No Injured Reported,Yes,raw/SGO/SGO-2021-01_Incident_Reports_ADS.csv
30270-13811,1,Waymo LLC,Monthly,1,2026,FEB-2026,Y,JAGUAR,I-PACE,2021,ADS,Verified Engaged,Waymo LLC,JAN-2026,16:59,San Francisco,CA,Street,SUV,Property Damage. No Injured Reported,Yes,raw/SGO/SGO-2021-01_Incident_Reports_ADS.csv
30270-13812,1,Waymo LLC,Monthly,1,2026,FEB-2026,Y,JAGUAR,I-PACE,2021,ADS,Verified Not Engaged,Waymo LLC,JAN-2026,14:50,Orlando,FL,Street,Pickup Truck,Property Damage. No Injured Reported,Yes,raw/SGO/SGO-2021-01_Incident_Reports_ADS.csv
30270-13816,1,Waymo LLC,Monthly,1,2026,FEB-2026,Y,ZEEKR,RT,2025,ADS,Verified Not Engaged,Waymo LLC,JAN-2026,13:18,Denver,CO,Street,Pickup Truck,Property Damage. No Injured Reported,Yes,raw/SGO/SGO-2021-01_Incident_Reports_ADS.csv
30270-13817,1,Waymo LLC,5-Day,,,JAN-2026,Y,JAGUAR,I-PACE,2024,ADS,Verified Engaged,Waymo LLC,JAN-2026,03:53,Tempe,AZ,Street,Passenger Car,Unknown,Yes,raw/SGO/SGO-2021-01_Incident_Reports_ADS.csv
30270-13820,1,Waymo LLC,Monthly,1,2026,FEB-2026,Y,JAGUAR,I-PACE,2024,ADS,Verified Engaged,Waymo LLC,JAN-2026,14:49,Los Angeles,CA,Street,SUV,Property Damage. No Injured Reported,Yes,raw/SGO/SGO-2021-01_Incident_Reports_ADS.csv
30270-13840,1,Waymo LLC,Monthly,1,2026,FEB-2026,Y,JAGUAR,I-PACE,2024,ADS,Verified Engaged,Waymo LLC,JAN-2026,21:58,San Francisco,CA,Street,SUV,Property Damage. No Injured Reported,Yes,raw/SGO/SGO-2021-01_Incident_Reports_ADS.csv
30270-13841,1,Waymo LLC,Monthly,1,2026,FEB-2026,Y,JAGUAR,I-PACE,2024,ADS,Verified Engaged,Waymo LLC,JAN-2026,06:28,Austin,TX,Street,Pickup Truck,Property Damage. No Injured Reported,Yes,raw/SGO/SGO-2021-01_Incident_Reports_ADS.csv
30270-13843,1,Waymo LLC,5-Day,,,JAN-2026,Y,JAGUAR,I-PACE,2024,ADS,Verified Engaged,Waymo LLC,JAN-2026,15:24,Tempe,AZ,Parking Lot,"Other, see Narrative",Property Damage. No Injured Reported,Yes,raw/SGO/SGO-2021-01_Incident_Reports_ADS.csv
30270-13844,1,Waymo LLC,5-Day,,,JAN-2026,Y,JAGUAR,I-PACE,2024,ADS,Verified Engaged,Waymo LLC,JAN-2026,07:52,Phoenix,AZ,Intersection,Bus,Property Damage. No Injured Reported,Yes,raw/SGO/SGO-2021-01_Incident_Reports_ADS.csv
30270-13845,1,Waymo LLC,5-Day,,,JAN-2026,Y,JAGUAR,I-PACE,2024,ADS,Verified Engaged,Waymo LLC,JAN-2026,11:30,San Francisco,CA,Street,SUV,Property Damage. No Injured Reported,Yes,raw/SGO/SGO-2021-01_Incident_Reports_ADS.csv
30270-13846,1,Waymo LLC,5-Day,,,JAN-2026,Y,JAGUAR,I-PACE,2024,ADS,Verified Engaged,Waymo LLC,JAN-2026,08:02,Scottsdale,AZ,Street,Passenger Car,Property Damage. No Injured Reported,Yes,raw/SGO/SGO-2021-01_Incident_Reports_ADS.csv
30270-13847,1,Waymo LLC,Monthly,1,2026,FEB-2026,Y,JAGUAR,I-PACE,2024,ADS,Verified Engaged,Waymo LLC,JAN-2026,15:19,San Francisco,CA,Street,Bus,Property Damage. No Injured Reported,Yes,raw/SGO/SGO-2021-01_Incident_Reports_ADS.csv
30270-13848,1,Waymo LLC,Monthly,1,2026,FEB-2026,Y,JAGUAR,I-PACE,2024,ADS,Verified Engaged,Waymo LLC,JAN-2026,18:59,San Francisco,CA,Street,Pickup Truck,Property Damage. No Injured Reported,Yes,raw/SGO/SGO-2021-01_Incident_Reports_ADS.csv
30270-13850,1,Waymo LLC,5-Day,,,JAN-2026,Y,JAGUAR,I-PACE,2024,ADS,Verified Engaged,Waymo LLC,JAN-2026,08:28,Santa Monica,CA,Street,Non-Motorist: Pedestrian,Minor W/O Hospitalization,Yes,raw/SGO/SGO-2021-01_Incident_Reports_ADS.csv
30270-13852,1,Waymo LLC,5-Day,,,JAN-2026,Y,JAGUAR,I-PACE,2024,ADS,Verified Engaged,Waymo LLC,JAN-2026,14:24,San Francisco,CA,Street,Passenger Car,Minor W/O Hospitalization,Yes,raw/SGO/SGO-2021-01_Incident_Reports_ADS.csv
30270-13854,1,Waymo LLC,5-Day,,,JAN-2026,Y,JAGUAR,I-PACE,2021,ADS,Verified Not Engaged,Waymo LLC,JAN-2026,17:28,San Francisco,CA,Street,SUV,Property Damage. No Injured Reported,Yes,raw/SGO/SGO-2021-01_Incident_Reports_ADS.csv
30270-13859,1,Waymo LLC,Monthly,1,2026,FEB-2026,Y,JAGUAR,I-PACE,2024,ADS,Verified Engaged,Waymo LLC,JAN-2026,07:01,San Jose,CA,Street,Heavy Truck,Property Damage. No Injured Reported,Yes,raw/SGO/SGO-2021-01_Incident_Reports_ADS.csv
30270-13860,1,Waymo LLC,5-Day,,,JAN-2026,Y,JAGUAR,I-PACE,2024,ADS,Verified Engaged,Waymo LLC,JAN-2026,19:24,San Francisco,CA,Street,SUV,Property Damage. No Injured Reported,Yes,raw/SGO/SGO-2021-01_Incident_Reports_ADS.csv
30270-13861,1,Waymo LLC,5-Day,,,JAN-2026,Y,ZEEKR,RT,2025,ADS,Verified Not Engaged,Waymo LLC,JAN-2026,11:02,Los Angeles,CA,Street,Passenger Car,Property Damage. No Injured Reported,Yes,raw/SGO/SGO-2021-01_Incident_Reports_ADS.csv
30270-13869,1,Waymo LLC,Monthly,1,2026,FEB-2026,Y,ZEEKR,RT,2025,ADS,Verified Not Engaged,Waymo LLC,JAN-2026,06:10,Sunnyvale,CA,Street,SUV,Property Damage. No Injured Reported,Yes,raw/SGO/SGO-2021-01_Incident_Reports_ADS.csv
30270-13877,1,Waymo LLC,5-Day,,,FEB-2026,Y,JAGUAR,I-PACE,2024,ADS,Verified Engaged,Waymo LLC,JAN-2026,19:54,Phoenix,AZ,Street,Passenger Car,Property Damage. No Injured Reported,Yes,raw/SGO/SGO-2021-01_Incident_Reports_ADS.csv
30270-13881,1,Waymo LLC,5-Day,,,FEB-2026,Y,JAGUAR,I-PACE,2024,ADS,Verified Engaged,Waymo LLC,JAN-2026,22:18,Houston,TX,Street,Passenger Car,Property Damage. No Injured Reported,Yes,raw/SGO/SGO-2021-01_Incident_Reports_ADS.csv
30270-13903,1,Waymo LLC,5-Day,,,FEB-2026,Y,JAGUAR,I-PACE,2024,ADS,Verified Engaged,Waymo LLC,JAN-2026,13:45,Phoenix,AZ,Street,Passenger Car,Property Damage. No Injured Reported,Yes,raw/SGO/SGO-2021-01_Incident_Reports_ADS.csv
30270-13905,1,Waymo LLC,5-Day,,,FEB-2026,Y,JAGUAR,I-PACE,2024,ADS,Verified Engaged,Waymo LLC,JAN-2026,19:09,Los Angeles,CA,Intersection,Passenger Car,Property Damage. No Injured Reported,Yes,raw/SGO/SGO-2021-01_Incident_Reports_ADS.csv
30270-13914,1,Waymo LLC,5-Day,,,FEB-2026,Y,JAGUAR,I-PACE,2024,ADS,Verified Engaged,Waymo LLC,JAN-2026,22:51,Sunnyvale,CA,Street,SUV,Property Damage. No Injured Reported,Yes,raw/SGO/SGO-2021-01_Incident_Reports_ADS.csv
30270-13925,1,Waymo LLC,Monthly,1,2026,FEB-2026,Y,JAGUAR,I-PACE,2024,ADS,Verified Engaged,Waymo LLC,JAN-2026,14:50,San Francisco,CA,Street,Passenger Car,Property Damage. No Injured Reported,Yes,raw/SGO/SGO-2021-01_Incident_Reports_ADS.csv
30270-13927,1,Waymo LLC,Monthly,1,2026,FEB-2026,Y,JAGUAR,I-PACE,2024,ADS,Verified Engaged,Waymo LLC,JAN-2026,10:44,San Francisco,CA,Street,Heavy Truck,Property Damage. No Injured Reported,Yes,raw/SGO/SGO-2021-01_Incident_Reports_ADS.csv
30270-13947,1,Waymo LLC,5-Day,,,FEB-2026,Y,JAGUAR,I-PACE,2024,ADS,Verified Engaged,Waymo LLC,JAN-2026,18:25,Beverly Hills,CA,Street,Passenger Car,Property Damage. No Injured Reported,Yes,raw/SGO/SGO-2021-01_Incident_Reports_ADS.csv
30270-13948,1,Waymo LLC,5-Day,,,FEB-2026,Y,JAGUAR,I-PACE,2024,ADS,Verified Engaged,Waymo LLC,JAN-2026,09:00,Los Angeles,CA,Street,SUV,Property Damage. No Injured Reported,Yes,raw/SGO/SGO-2021-01_Incident_Reports_ADS.csv
30270-13949,1,Waymo LLC,5-Day,,,FEB-2026,Y,JAGUAR,I-PACE,2024,ADS,Verified Engaged,Waymo LLC,FEB-2026,00:05,Daly City,CA,Street,SUV,Property Damage. No Injured Reported,Yes,raw/SGO/SGO-2021-01_Incident_Reports_ADS.csv
30270-13954,1,Waymo LLC,5-Day,,,FEB-2026,Y,JAGUAR,I-PACE,2024,ADS,Verified Engaged,Waymo LLC,JAN-2026,16:30,Los Angeles,CA,Street,Pickup Truck,Property Damage. No Injured Reported,Yes,raw/SGO/SGO-2021-01_Incident_Reports_ADS.csv
30270-13955,1,Waymo LLC,5-Day,,,FEB-2026,Y,JAGUAR,I-PACE,2024,ADS,Verified Engaged,Waymo LLC,FEB-2026,07:09,Scottsdale,AZ,Highway / Freeway,Passenger Car,Unknown,Yes,raw/SGO/SGO-2021-01_Incident_Reports_ADS.csv
30270-13956,1,Waymo LLC,5-Day,,,FEB-2026,Y,JAGUAR,I-PACE,2024,ADS,Verified Engaged,Waymo LLC,FEB-2026,21:24,Los Angeles,CA,Street,SUV,Property Damage. No Injured Reported,Yes,raw/SGO/SGO-2021-01_Incident_Reports_ADS.csv
30270-13957,1,Waymo LLC,5-Day,,,FEB-2026,Y,JAGUAR,I-PACE,2024,ADS,Verified Engaged,Waymo LLC,FEB-2026,15:15,San Francisco,CA,Street,Passenger Car,Minor W/O Hospitalization,Yes,raw/SGO/SGO-2021-01_Incident_Reports_ADS.csv
30270-13958,1,Waymo LLC,Monthly,1,2026,FEB-2026,Y,JAGUAR,I-PACE,2024,ADS,Verified Engaged,Waymo LLC,JAN-2026,11:19,Phoenix,AZ,Highway / Freeway,SUV,Property Damage. No Injured Reported,Yes,raw/SGO/SGO-2021-01_Incident_Reports_ADS.csv
30270-13973,1,Waymo LLC,Monthly,1,2026,FEB-2026,Y,JAGUAR,I-PACE,2024,ADS,Verified Engaged,Waymo LLC,JAN-2026,14:46,Tempe,AZ,Street,Passenger Car,Property Damage. No Injured Reported,Yes,raw/SGO/SGO-2021-01_Incident_Reports_ADS.csv
30270-13975,1,Waymo LLC,5-Day,,,FEB-2026,Y,JAGUAR,I-PACE,2024,ADS,Verified Engaged,Waymo LLC,FEB-2026,17:52,Los Angeles,CA,Street,Pickup Truck,Property Damage. No Injured Reported,Yes,raw/SGO/SGO-2021-01_Incident_Reports_ADS.csv
30270-13976,1,Waymo LLC,5-Day,,,FEB-2026,Y,JAGUAR,I-PACE,2021,ADS,Verified Engaged,Waymo LLC,FEB-2026,07:40,Orlando,FL,Intersection,Passenger Car,Property Damage. No Injured Reported,Yes,raw/SGO/SGO-2021-01_Incident_Reports_ADS.csv
30270-13977,1,Waymo LLC,Monthly,2,2026,MAR-2026,Y,JAGUAR,I-PACE,2024,ADS,Verified Engaged,Waymo LLC,FEB-2026,09:37,Mountain View,CA,Street,SUV,Property Damage. No Injured Reported,Yes,raw/SGO/SGO-2021-01_Incident_Reports_ADS.csv
30270-13978,1,Waymo LLC,Monthly,2,2026,MAR-2026,Y,JAGUAR,I-PACE,2024,ADS,Verified Engaged,Waymo LLC,FEB-2026,07:17,Lennox,CA,Street,Passenger Car,Property Damage. No Injured Reported,Yes,raw/SGO/SGO-2021-01_Incident_Reports_ADS.csv
30270-13979,1,Waymo LLC,Monthly,1,2026,FEB-2026,Y,JAGUAR,I-PACE,2024,ADS,Verified Engaged,Waymo LLC,JAN-2026,21:57,Phoenix,AZ,Street,Passenger Car,Property Damage. No Injured Reported,Yes,raw/SGO/SGO-2021-01_Incident_Reports_ADS.csv
30270-13980,1,Waymo LLC,Monthly,2,2026,MAR-2026,Y,JAGUAR,I-PACE,2024,ADS,Verified Engaged,Waymo LLC,FEB-2026,10:06,San Francisco,CA,Street,Passenger Car,Property Damage. No Injured Reported,Yes,raw/SGO/SGO-2021-01_Incident_Reports_ADS.csv
30270-13981,1,Waymo LLC,Monthly,2,2026,MAR-2026,Y,JAGUAR,I-PACE,2024,ADS,Verified Engaged,Waymo LLC,FEB-2026,11:56,San Francisco,CA,Street,Passenger Car,Property Damage. No Injured Reported,Yes,raw/SGO/SGO-2021-01_Incident_Reports_ADS.csv
30270-13982,1,Waymo LLC,5-Day,,,FEB-2026,Y,JAGUAR,I-PACE,2024,ADS,Verified Engaged,Waymo LLC,FEB-2026,02:19,Austin,TX,Street,"Other, see Narrative",Property Damage. No Injured Reported,Yes,raw/SGO/SGO-2021-01_Incident_Reports_ADS.csv
30270-13983,1,Waymo LLC,5-Day,,,FEB-2026,Y,JAGUAR,I-PACE,2024,ADS,Verified Engaged,Waymo LLC,FEB-2026,00:27,Los Angeles,CA,Street,Passenger Car,Property Damage. No Injured Reported,Yes,raw/SGO/SGO-2021-01_Incident_Reports_ADS.csv
30270-13985,1,Waymo LLC,5-Day,,,FEB-2026,Y,JAGUAR,I-PACE,2021,ADS,Verified Engaged,Waymo LLC,FEB-2026,00:54,San Francisco,CA,Street,Passenger Car,Property Damage. No Injured Reported,Yes,raw/SGO/SGO-2021-01_Incident_Reports_ADS.csv
30270-13998,1,Waymo LLC,Monthly,2,2026,MAR-2026,Y,JAGUAR,I-PACE,2024,ADS,Verified Engaged,Waymo LLC,FEB-2026,14:44,Los Angeles,CA,Street,Pickup Truck,Property Damage. No Injured Reported,Yes,raw/SGO/SGO-2021-01_Incident_Reports_ADS.csv
30270-13999,1,Waymo LLC,5-Day,,,FEB-2026,Y,JAGUAR,I-PACE,2021,ADS,Verified Engaged,Waymo LLC,FEB-2026,07:54,San Francisco,CA,Street,Heavy Truck,Property Damage. No Injured Reported,Yes,raw/SGO/SGO-2021-01_Incident_Reports_ADS.csv
30270-14000,1,Waymo LLC,Monthly,2,2026,MAR-2026,Y,JAGUAR,I-PACE,2024,ADS,Verified Engaged,Waymo LLC,FEB-2026,20:32,Scottsdale,AZ,Street,Passenger Car,Property Damage. No Injured Reported,Yes,raw/SGO/SGO-2021-01_Incident_Reports_ADS.csv
30270-14001,1,Waymo LLC,5-Day,,,FEB-2026,Y,JAGUAR,I-PACE,2024,ADS,Verified Engaged,Waymo LLC,FEB-2026,22:04,Scottsdale,AZ,Street,Passenger Car,Minor W/O Hospitalization,Yes,raw/SGO/SGO-2021-01_Incident_Reports_ADS.csv
30270-14002,1,Waymo LLC,5-Day,,,FEB-2026,Y,JAGUAR,I-PACE,2024,ADS,Verified Engaged,Waymo LLC,FEB-2026,04:00,Los Angeles,CA,Street,Bus,Property Damage. No Injured Reported,Yes,raw/SGO/SGO-2021-01_Incident_Reports_ADS.csv
30270-14003,1,Waymo LLC,5-Day,,,FEB-2026,Y,JAGUAR,I-PACE,2024,ADS,Verified Engaged,Waymo LLC,FEB-2026,23:06,San Francisco,CA,Street,Van,Moderate W/ Hospitalization,Yes,raw/SGO/SGO-2021-01_Incident_Reports_ADS.csv
30270-14004,1,Waymo LLC,5-Day,,,FEB-2026,Y,JAGUAR,I-PACE,2024,ADS,Verified Engaged,Waymo LLC,FEB-2026,10:49,Austin,TX,Street,Pickup Truck,Property Damage. No Injured Reported,Yes,raw/SGO/SGO-2021-01_Incident_Reports_ADS.csv
30270-14005,1,Waymo LLC,5-Day,,,FEB-2026,Y,JAGUAR,I-PACE,2024,ADS,Verified Engaged,Waymo LLC,FEB-2026,10:04,San Francisco,CA,Street,SUV,Property Damage. No Injured Reported,Yes,raw/SGO/SGO-2021-01_Incident_Reports_ADS.csv
30270-14006,1,Waymo LLC,Monthly,2,2026,MAR-2026,Y,JAGUAR,I-PACE,2024,ADS,Verified Engaged,Waymo LLC,FEB-2026,14:28,San Francisco,CA,Street,Heavy Truck,Property Damage. No Injured Reported,Yes,raw/SGO/SGO-2021-01_Incident_Reports_ADS.csv
30270-14007,1,Waymo LLC,5-Day,,,FEB-2026,Y,JAGUAR,I-PACE,2024,ADS,Verified Engaged,Waymo LLC,FEB-2026,22:56,San Francisco,CA,Street,Passenger Car,Property Damage. No Injured Reported,Yes,raw/SGO/SGO-2021-01_Incident_Reports_ADS.csv
30270-14008,1,Waymo LLC,Monthly,2,2026,MAR-2026,Y,JAGUAR,I-PACE,2024,ADS,Verified Engaged,Waymo LLC,FEB-2026,03:19,San Francisco,CA,Street,SUV,Property Damage. No Injured Reported,Yes,raw/SGO/SGO-2021-01_Incident_Reports_ADS.csv
30270-14009,1,Waymo LLC,Monthly,2,2026,MAR-2026,Y,JAGUAR,I-PACE,2024,ADS,Verified Engaged,Waymo LLC,FEB-2026,09:29,Austin,TX,Intersection,SUV,Property Damage. No Injured Reported,Yes,raw/SGO/SGO-2021-01_Incident_Reports_ADS.csv
30270-14011,1,Waymo LLC,5-Day,,,FEB-2026,Y,JAGUAR,I-PACE,2024,ADS,Verified Engaged,Waymo LLC,FEB-2026,21:10,San Francisco,CA,Intersection,SUV,Property Damage. No Injured Reported,Yes,raw/SGO/SGO-2021-01_Incident_Reports_ADS.csv
30270-14012,1,Waymo LLC,Monthly,2,2026,MAR-2026,Y,JAGUAR,I-PACE,2024,ADS,Verified Engaged,Waymo LLC,FEB-2026,01:20,Scottsdale,AZ,Street,SUV,Property Damage. No Injured Reported,Yes,raw/SGO/SGO-2021-01_Incident_Reports_ADS.csv
30270-14024,1,Waymo LLC,5-Day,,,FEB-2026,Y,JAGUAR,I-PACE,2024,ADS,Verified Engaged,Waymo LLC,FEB-2026,18:36,San Francisco,CA,Street,Pole / Tree,Property Damage. No Injured Reported,Yes,raw/SGO/SGO-2021-01_Incident_Reports_ADS.csv
30270-14025,1,Waymo LLC,Monthly,2,2026,FEB-2026,Y,JAGUAR,I-PACE,2024,ADS,Verified Engaged,Waymo LLC,JAN-2026,06:58,Los Angeles,CA,Street,SUV,Property Damage. No Injured Reported,Yes,raw/SGO/SGO-2021-01_Incident_Reports_ADS.csv
30270-14027,1,Waymo LLC,Monthly,2,2026,MAR-2026,Y,JAGUAR,I-PACE,2024,ADS,Verified Engaged,Waymo LLC,FEB-2026,18:27,San Francisco,CA,Street,SUV,Property Damage. No Injured Reported,Yes,raw/SGO/SGO-2021-01_Incident_Reports_ADS.csv
30270-14029,1,Waymo LLC,Monthly,2,2026,MAR-2026,Y,JAGUAR,I-PACE,2024,ADS,Verified Engaged,Waymo LLC,FEB-2026,15:26,Los Angeles,CA,Street,"Other, see Narrative",Property Damage. No Injured Reported,Yes,raw/SGO/SGO-2021-01_Incident_Reports_ADS.csv
30270-14044,1,Waymo LLC,Monthly,2,2026,MAR-2026,Y,JAGUAR,I-PACE,2024,ADS,Verified Engaged,Waymo LLC,FEB-2026,17:44,San Francisco,CA,Street,SUV,Property Damage. No Injured Reported,Yes,raw/SGO/SGO-2021-01_Incident_Reports_ADS.csv
30270-14045,1,Waymo LLC,5-Day,,,FEB-2026,Y,JAGUAR,I-PACE,2024,ADS,Verified Engaged,Waymo LLC,FEB-2026,13:05,San Francisco,CA,Street,Heavy Truck,Property Damage. No Injured Reported,Yes,raw/SGO/SGO-2021-01_Incident_Reports_ADS.csv
30270-14046,1,Waymo LLC,5-Day,,,FEB-2026,Y,ZEEKR,RT,2025,ADS,Verified Engaged,Waymo LLC,FEB-2026,20:05,Philadelphia,PA,Street,Heavy Truck,Property Damage. No Injured Reported,Yes,raw/SGO/SGO-2021-01_Incident_Reports_ADS.csv
30270-14047,1,Waymo LLC,Monthly,2,2026,MAR-2026,Y,JAGUAR,I-PACE,2024,ADS,Verified Engaged,Waymo LLC,FEB-2026,19:12,Los Angeles,CA,Street,"Other, see Narrative",Property Damage. No Injured Reported,Yes,raw/SGO/SGO-2021-01_Incident_Reports_ADS.csv
30270-14048,1,Waymo LLC,5-Day,,,FEB-2026,Y,JAGUAR,I-PACE,2024,ADS,Verified Engaged,Waymo LLC,FEB-2026,00:03,Austin,TX,Street,SUV,Minor W/O Hospitalization,Yes,raw/SGO/SGO-2021-01_Incident_Reports_ADS.csv
30270-14073,1,Waymo LLC,5-Day,,,FEB-2026,Y,JAGUAR,I-PACE,2024,ADS,Verified Engaged,Waymo LLC,FEB-2026,11:08,San Francisco,CA,Street,Heavy Truck,Property Damage. No Injured Reported,Yes,raw/SGO/SGO-2021-01_Incident_Reports_ADS.csv
30270-14074,1,Waymo LLC,5-Day,,,FEB-2026,Y,JAGUAR,I-PACE,2024,ADS,Verified Engaged,Waymo LLC,FEB-2026,20:00,Atlanta,GA,Street,Passenger Car,Property Damage. No Injured Reported,Yes,raw/SGO/SGO-2021-01_Incident_Reports_ADS.csv
30270-14075,1,Waymo LLC,5-Day,,,FEB-2026,Y,JAGUAR,I-PACE,2021,ADS,Verified Engaged,Waymo LLC,FEB-2026,02:12,San Francisco,CA,Intersection,Passenger Car,Minor W/ Hospitalization,Yes,raw/SGO/SGO-2021-01_Incident_Reports_ADS.csv
30270-14076,1,Waymo LLC,5-Day,,,FEB-2026,Y,JAGUAR,I-PACE,2024,ADS,Verified Engaged,Waymo LLC,FEB-2026,12:01,Phoenix,AZ,Street,SUV,Minor W/O Hospitalization,Yes,raw/SGO/SGO-2021-01_Incident_Reports_ADS.csv
30270-14077,1,Waymo LLC,Monthly,2,2026,MAR-2026,Y,JAGUAR,I-PACE,2021,ADS,Verified Engaged,Waymo LLC,FEB-2026,16:51,San Francisco,CA,Street,SUV,Property Damage. No Injured Reported,Yes,raw/SGO/SGO-2021-01_Incident_Reports_ADS.csv
30270-14078,1,Waymo LLC,5-Day,,,FEB-2026,Y,JAGUAR,I-PACE,2024,ADS,Verified Engaged,Waymo LLC,FEB-2026,12:02,Atlanta,GA,Intersection,SUV,Property Damage. No Injured Reported,Yes,raw/SGO/SGO-2021-01_Incident_Reports_ADS.csv
30270-14079,1,Waymo LLC,5-Day,,,FEB-2026,Y,JAGUAR,I-PACE,2024,ADS,Verified Engaged,Waymo LLC,FEB-2026,20:33,San Jose,CA,Street,Passenger Car,Property Damage. No Injured Reported,Yes,raw/SGO/SGO-2021-01_Incident_Reports_ADS.csv
30270-14080,1,Waymo LLC,Monthly,2,2026,MAR-2026,Y,JAGUAR,I-PACE,2024,ADS,Verified Engaged,Waymo LLC,FEB-2026,14:29,Santa Monica,CA,Intersection,SUV,Property Damage. No Injured Reported,Yes,raw/SGO/SGO-2021-01_Incident_Reports_ADS.csv
30270-14081,1,Waymo LLC,Monthly,2,2026,MAR-2026,Y,JAGUAR,I-PACE,2024,ADS,Verified Engaged,Waymo LLC,FEB-2026,23:17,San Francisco,CA,Street,Passenger Car,Property Damage. No Injured Reported,Yes,raw/SGO/SGO-2021-01_Incident_Reports_ADS.csv
30270-14091,1,Waymo LLC,Monthly,2,2026,MAR-2026,Y,JAGUAR,I-PACE,2024,ADS,Verified Engaged,Waymo LLC,FEB-2026,21:43,Palo Alto,CA,Street,SUV,Property Damage. No Injured Reported,Yes,raw/SGO/SGO-2021-01_Incident_Reports_ADS.csv
30270-14093,1,Waymo LLC,5-Day,,,FEB-2026,Y,JAGUAR,I-PACE,2024,ADS,Verified Engaged,Waymo LLC,FEB-2026,21:44,Los Angeles,CA,Street,Van,Minor W/O Hospitalization,Yes,raw/SGO/SGO-2021-01_Incident_Reports_ADS.csv
30270-14096,1,Waymo LLC,Monthly,2,2026,MAR-2026,Y,JAGUAR,I-PACE,2024,ADAS,Verified Engaged,Waymo LLC,FEB-2026,22:34,Austin,TX,Street,Passenger Car,Property Damage. No Injured Reported,Yes,raw/SGO/SGO-2021-01_Incident_Reports_ADS.csv
30270-14096,2,Waymo LLC,Update,,,APR-2026,Y,JAGUAR,I-PACE,2024,ADS,Verified Engaged,Waymo LLC,FEB-2026,22:34,Austin,TX,Street,Passenger Car,Property Damage. No Injured Reported,Yes,raw/SGO/SGO-2021-01_Incident_Reports_ADS.csv
30270-14097,1,Waymo LLC,Monthly,2,2026,MAR-2026,Y,JAGUAR,I-PACE,2024,ADS,Verified Engaged,Waymo LLC,FEB-2026,13:49,Tempe,AZ,Intersection,Passenger Car,Property Damage. No Injured Reported,Yes,raw/SGO/SGO-2021-01_Incident_Reports_ADS.csv
30270-14098,1,Waymo LLC,Monthly,2,2026,MAR-2026,Y,JAGUAR,I-PACE,2024,ADS,Verified Engaged,Waymo LLC,FEB-2026,18:08,Austin,TX,Intersection,SUV,Property Damage. No Injured Reported,Yes,raw/SGO/SGO-2021-01_Incident_Reports_ADS.csv
30270-14099,1,Waymo LLC,5-Day,,,FEB-2026,Y,JAGUAR,I-PACE,2024,ADS,Verified Engaged,Waymo LLC,FEB-2026,13:06,San Francisco,CA,Intersection,SUV,Property Damage. No Injured Reported,Yes,raw/SGO/SGO-2021-01_Incident_Reports_ADS.csv
30270-1410,1,Waymo LLC,1-Day,,,OCT-2021,,Jaguar,I-Pace,2021,ADS,,Waymo LLC,OCT-2021,15:51,San Francisco,CA,Intersection,SUV,Minor,Yes,raw/SGO/SGO-2021-01_Incident_Reports_ADS (1).csv
30270-14118,1,Waymo LLC,5-Day,,,FEB-2026,Y,JAGUAR,I-PACE,2024,ADS,Verified Engaged,Waymo LLC,FEB-2026,14:50,Los Angeles,CA,Street,First Responder Vehicle,Property Damage. No Injured Reported,Yes,raw/SGO/SGO-2021-01_Incident_Reports_ADS.csv
30270-14119,1,Waymo LLC,Monthly,2,2026,MAR-2026,Y,JAGUAR,I-PACE,2024,ADS,Verified Engaged,Waymo LLC,FEB-2026,22:35,Houston,TX,Street,SUV,Property Damage. No Injured Reported,Yes,raw/SGO/SGO-2021-01_Incident_Reports_ADS.csv
30270-14140,1,Waymo LLC,5-Day,,,FEB-2026,Y,JAGUAR,I-PACE,2024,ADS,Verified Engaged,Waymo LLC,FEB-2026,22:53,Los Angeles,CA,Street,SUV,Property Damage. No Injured Reported,Yes,raw/SGO/SGO-2021-01_Incident_Reports_ADS.csv
30270-14141,1,Waymo LLC,Monthly,2,2026,MAR-2026,Y,JAGUAR,I-PACE,2024,ADS,Verified Engaged,Waymo LLC,FEB-2026,18:55,Phoenix,AZ,Street,Pickup Truck,Property Damage. No Injured Reported,Yes,raw/SGO/SGO-2021-01_Incident_Reports_ADS.csv
30270-14143,1,Waymo LLC,Monthly,2,2026,MAR-2026,Y,JAGUAR,I-PACE,2024,ADS,Verified Engaged,Waymo LLC,FEB-2026,19:21,San Francisco,CA,Street,Passenger Car,Property Damage. No Injured Reported,Yes,raw/SGO/SGO-2021-01_Incident_Reports_ADS.csv
30270-14144,1,Waymo LLC,Monthly,2,2026,MAR-2026,Y,JAGUAR,I-PACE,2024,ADS,Verified Engaged,Waymo LLC,FEB-2026,18:45,Austin,TX,Street,Pickup Truck,Property Damage. No Injured Reported,Yes,raw/SGO/SGO-2021-01_Incident_Reports_ADS.csv
30270-14146,1,Waymo LLC,5-Day,,,FEB-2026,Y,JAGUAR,I-PACE,2024,ADS,Verified Engaged,Waymo LLC,FEB-2026,02:17,Los Angeles,CA,Street,Passenger Car,Property Damage. No Injured Reported,Yes,raw/SGO/SGO-2021-01_Incident_Reports_ADS.csv
30270-14149,1,Waymo LLC,5-Day,,,FEB-2026,Y,JAGUAR,I-PACE,2024,ADS,Verified Engaged,Waymo LLC,FEB-2026,08:41,Austin,TX,Intersection,Passenger Car,Property Damage. No Injured Reported,Yes,raw/SGO/SGO-2021-01_Incident_Reports_ADS.csv
30270-14151,1,Waymo LLC,Monthly,2,2026,MAR-2026,Y,JAGUAR,I-PACE,2024,ADS,Verified Engaged,Waymo LLC,FEB-2026,02:01,Nashville,TN,Intersection,SUV,Property Damage. No Injured Reported,Yes,raw/SGO/SGO-2021-01_Incident_Reports_ADS.csv
30270-14153,1,Waymo LLC,Monthly,2,2026,MAR-2026,Y,ZEEKR,RT,2025,ADS,Verified Engaged,Waymo LLC,FEB-2026,02:29,Culver City,CA,Intersection,SUV,Property Damage. No Injured Reported,Yes,raw/SGO/SGO-2021-01_Incident_Reports_ADS.csv
30270-14168,1,Waymo LLC,Monthly,2,2026,MAR-2026,Y,JAGUAR,I-PACE,2024,ADS,Verified Engaged,Waymo LLC,FEB-2026,21:19,San Francisco,CA,Street,Van,Property Damage. No Injured Reported,Yes,raw/SGO/SGO-2021-01_Incident_Reports_ADS.csv
30270-14169,1,Waymo LLC,5-Day,,,MAR-2026,Y,JAGUAR,I-PACE,2024,ADS,Verified Engaged,Waymo LLC,FEB-2026,14:55,San Francisco,CA,Street,SUV,Property Damage. No Injured Reported,Yes,raw/SGO/SGO-2021-01_Incident_Reports_ADS.csv
30270-14171,1,Waymo LLC,5-Day,,,MAR-2026,Y,JAGUAR,I-PACE,2024,ADS,Verified Engaged,Waymo LLC,FEB-2026,12:53,Phoenix,AZ,Street,Pickup Truck,Property Damage. No Injured Reported,Yes,raw/SGO/SGO-2021-01_Incident_Reports_ADS.csv
30270-14172,1,Waymo LLC,Monthly,2,2026,MAR-2026,Y,JAGUAR,I-PACE,2024,ADS,Verified Engaged,Waymo LLC,FEB-2026,21:47,Los Angeles,CA,Parking Lot,Other Fixed Object,Property Damage. No Injured Reported,Yes,raw/SGO/SGO-2021-01_Incident_Reports_ADS.csv
30270-14173,1,Waymo LLC,5-Day,,,MAR-2026,Y,JAGUAR,I-PACE,2024,ADS,Verified Engaged,Waymo LLC,FEB-2026,13:22,Phoenix,AZ,Street,Passenger Car,Property Damage. No Injured Reported,Yes,raw/SGO/SGO-2021-01_Incident_Reports_ADS.csv
30270-14174,1,Waymo LLC,Monthly,2,2026,MAR-2026,Y,JAGUAR,I-PACE,2024,ADS,Verified Engaged,Waymo LLC,FEB-2026,12:24,San Francisco,CA,Street,Passenger Car,Property Damage. No Injured Reported,Yes,raw/SGO/SGO-2021-01_Incident_Reports_ADS.csv
30270-14175,1,Waymo LLC,Monthly,2,2026,MAR-2026,Y,JAGUAR,I-PACE,2024,ADS,Verified Engaged,Waymo LLC,FEB-2026,19:07,Tempe,AZ,Parking Lot,Passenger Car,Property Damage. No Injured Reported,Yes,raw/SGO/SGO-2021-01_Incident_Reports_ADS.csv
30270-14195,1,Waymo LLC,5-Day,,,MAR-2026,Y,JAGUAR,I-PACE,2024,ADS,Verified Engaged,Waymo LLC,FEB-2026,13:14,San Francisco,CA,Street,Pickup Truck,Property Damage. No Injured Reported,Yes,raw/SGO/SGO-2021-01_Incident_Reports_ADS.csv
30270-14196,1,Waymo LLC,5-Day,,,MAR-2026,Y,JAGUAR,I-PACE,2024,ADS,Verified Engaged,Waymo LLC,MAR-2026,23:39,San Antonio,TX,Intersection,Passenger Car,Property Damage. No Injured Reported,Yes,raw/SGO/SGO-2021-01_Incident_Reports_ADS.csv
30270-14197,1,Waymo LLC,5-Day,,,MAR-2026,Y,JAGUAR,I-PACE,2024,ADS,Verified Engaged,Waymo LLC,MAR-2026,02:32,Miami,FL,Street,Van,Property Damage. No Injured Reported,Yes,raw/SGO/SGO-2021-01_Incident_Reports_ADS.csv
30270-14198,1,Waymo LLC,5-Day,,,MAR-2026,Y,JAGUAR,I-PACE,2024,ADS,Verified Engaged,Waymo LLC,FEB-2026,03:19,Los Angeles,CA,Street,Pickup Truck,Property Damage. No Injured Reported,Yes,raw/SGO/SGO-2021-01_Incident_Reports_ADS.csv
30270-14199,1,Waymo LLC,Monthly,2,2026,MAR-2026,Y,JAGUAR,I-PACE,2024,ADS,Verified Engaged,Waymo LLC,FEB-2026,13:46,Mountain View,CA,Intersection,Bus,Property Damage. No Injured Reported,Yes,raw/SGO/SGO-2021-01_Incident_Reports_ADS.csv
30270-14201,1,Waymo LLC,Monthly,2,2026,MAR-2026,Y,JAGUAR,I-PACE,2024,ADS,Verified Engaged,Waymo LLC,FEB-2026,13:48,Orlando,FL,Street,Passenger Car,Property Damage. No Injured Reported,Yes,raw/SGO/SGO-2021-01_Incident_Reports_ADS.csv
30270-14204,1,Waymo LLC,5-Day,,,MAR-2026,Y,JAGUAR,I-PACE,2024,ADS,Verified Engaged,Waymo LLC,MAR-2026,06:57,Los Angeles,CA,Street,Passenger Car,Property Damage. No Injured Reported,Yes,raw/SGO/SGO-2021-01_Incident_Reports_ADS.csv
30270-14220,1,Waymo LLC,5-Day,,,MAR-2026,Y,JAGUAR,I-PACE,2024,ADS,Verified Engaged,Waymo LLC,MAR-2026,19:19,Los Angeles,CA,Street,SUV,No Injured Reported,Yes,raw/SGO/SGO-2021-01_Incident_Reports_ADS.csv
30270-14225,1,Waymo LLC,Monthly,2,2026,MAR-2026,Y,JAGUAR,I-PACE,2024,ADS,Verified Engaged,Waymo LLC,FEB-2026,02:37,Atlanta,GA,Street,Passenger Car,Property Damage. No Injured Reported,Yes,raw/SGO/SGO-2021-01_Incident_Reports_ADS.csv
30270-14227,1,Waymo LLC,5-Day,,,MAR-2026,Y,JAGUAR,I-PACE,2024,ADS,Verified Engaged,Waymo LLC,MAR-2026,13:13,Los Angeles,CA,Street,SUV,Property Damage. No Injured Reported,Yes,raw/SGO/SGO-2021-01_Incident_Reports_ADS.csv
30270-14231,1,Waymo LLC,5-Day,,,MAR-2026,Y,JAGUAR,I-PACE,2024,ADS,Verified Engaged,Waymo LLC,MAR-2026,20:54,Austin,TX,Intersection,SUV,Property Damage. No Injured Reported,Yes,raw/SGO/SGO-2021-01_Incident_Reports_ADS.csv
30270-14232,1,Waymo LLC,Monthly,3,2026,APR-2026,Y,JAGUAR,I-PACE,2024,ADS,Verified Engaged,Waymo LLC,MAR-2026,17:12,San Francisco,CA,Street,Non-Motorist: Cyclist,Minor W/O Hospitalization,Yes,raw/SGO/SGO-2021-01_Incident_Reports_ADS.csv
30270-14233,1,Waymo LLC,Monthly,3,2026,APR-2026,Y,JAGUAR,I-PACE,2024,ADS,Verified Engaged,Waymo LLC,MAR-2026,08:56,Austin,TX,Street,Passenger Car,Property Damage. No Injured Reported,Yes,raw/SGO/SGO-2021-01_Incident_Reports_ADS.csv
30270-14234,1,Waymo LLC,5-Day,,,MAR-2026,Y,JAGUAR,I-PACE,2024,ADS,Verified Engaged,Waymo LLC,MAR-2026,20:36,Los Angeles,CA,Street,Passenger Car,Property Damage. No Injured Reported,Yes,raw/SGO/SGO-2021-01_Incident_Reports_ADS.csv
30270-14237,1,Waymo LLC,5-Day,,,MAR-2026,Y,JAGUAR,I-PACE,2024,ADS,Verified Engaged,Waymo LLC,MAR-2026,08:17,Phoenix,AZ,Street,Heavy Truck,Property Damage. No Injured Reported,Yes,raw/SGO/SGO-2021-01_Incident_Reports_ADS.csv
30270-14239,1,Waymo LLC,5-Day,,,MAR-2026,Y,JAGUAR,I-PACE,2024,ADS,Verified Engaged,Waymo LLC,MAR-2026,09:00,Los Angeles,CA,Street,Passenger Car,Property Damage. No Injured Reported,Yes,raw/SGO/SGO-2021-01_Incident_Reports_ADS.csv
30270-14240,1,Waymo LLC,5-Day,,,MAR-2026,Y,JAGUAR,I-PACE,2024,ADS,Verified Engaged,Waymo LLC,MAR-2026,15:53,Santa Monica,CA,Street,Pickup Truck,Property Damage. No Injured Reported,Yes,raw/SGO/SGO-2021-01_Incident_Reports_ADS.csv
30270-14243,1,Waymo LLC,Monthly,2,2026,MAR-2026,Y,JAGUAR,I-PACE,2024,ADS,Verified Engaged,Waymo LLC,FEB-2026,00:22,Austin,TX,Intersection,Pickup Truck,Property Damage. No Injured Reported,Yes,raw/SGO/SGO-2021-01_Incident_Reports_ADS.csv
30270-14244,1,Waymo LLC,5-Day,,,MAR-2026,Y,JAGUAR,I-PACE,2024,ADS,Verified Engaged,Waymo LLC,MAR-2026,03:51,Phoenix,AZ,Street,Passenger Car,Property Damage. No Injured Reported,Yes,raw/SGO/SGO-2021-01_Incident_Reports_ADS.csv
30270-14246,1,Waymo LLC,5-Day,,,MAR-2026,Y,JAGUAR,I-PACE,2024,ADS,Verified Engaged,Waymo LLC,MAR-2026,05:56,Inglewood,CA,Street,Van,Minor W/O Hospitalization,Yes,raw/SGO/SGO-2021-01_Incident_Reports_ADS.csv
30270-14265,1,Waymo LLC,5-Day,,,MAR-2026,Y,JAGUAR,I-PACE,2024,ADS,Verified Engaged,Waymo LLC,MAR-2026,22:00,Los Angeles,CA,Street,Passenger Car,Minor W/O Hospitalization,Yes,raw/SGO/SGO-2021-01_Incident_Reports_ADS.csv
30270-14266,1,Waymo LLC,5-Day,,,MAR-2026,Y,JAGUAR,I-PACE,2024,ADS,Verified Engaged,Waymo LLC,MAR-2026,09:00,San Francisco,CA,Street,Passenger Car,Property Damage. No Injured Reported,Yes,raw/SGO/SGO-2021-01_Incident_Reports_ADS.csv
30270-14267,1,Waymo LLC,5-Day,,,MAR-2026,Y,JAGUAR,I-PACE,2024,ADS,Verified Engaged,Waymo LLC,MAR-2026,18:10,Los Angeles,CA,Street,SUV,Property Damage. No Injured Reported,Yes,raw/SGO/SGO-2021-01_Incident_Reports_ADS.csv
30270-14268,1,Waymo LLC,5-Day,,,MAR-2026,Y,JAGUAR,I-PACE,2024,ADS,Verified Engaged,Waymo LLC,MAR-2026,11:04,Austin,TX,Street,SUV,Property Damage. No Injured Reported,Yes,raw/SGO/SGO-2021-01_Incident_Reports_ADS.csv
30270-14269,1,Waymo LLC,5-Day,,,MAR-2026,Y,JAGUAR,I-PACE,2024,ADS,Verified Engaged,Waymo LLC,MAR-2026,16:04,San Francisco,CA,Street,Passenger Car,Property Damage. No Injured Reported,Yes,raw/SGO/SGO-2021-01_Incident_Reports_ADS.csv
30270-14270,1,Waymo LLC,5-Day,,,MAR-2026,Y,JAGUAR,I-PACE,2024,ADS,Verified Engaged,Waymo LLC,MAR-2026,13:01,Scottsdale,AZ,Parking Lot,Passenger Car,Property Damage. No Injured Reported,Yes,raw/SGO/SGO-2021-01_Incident_Reports_ADS.csv
30270-14271,1,Waymo LLC,5-Day,,,MAR-2026,Y,JAGUAR,I-PACE,2024,ADS,Verified Engaged,Waymo LLC,MAR-2026,06:23,Tempe,AZ,Street,Pickup Truck,Property Damage. No Injured Reported,Yes,raw/SGO/SGO-2021-01_Incident_Reports_ADS.csv
30270-14272,1,Waymo LLC,5-Day,,,MAR-2026,Y,JAGUAR,I-PACE,2024,ADS,Verified Engaged,Waymo LLC,MAR-2026,15:54,Atlanta,GA,Street,SUV,Property Damage. No Injured Reported,Yes,raw/SGO/SGO-2021-01_Incident_Reports_ADS.csv
30270-14274,1,Waymo LLC,5-Day,,,MAR-2026,Y,JAGUAR,I-PACE,2024,ADS,Verified Engaged,Waymo LLC,MAR-2026,01:26,Dallas,TX,Street,SUV,Property Damage. No Injured Reported,Yes,raw/SGO/SGO-2021-01_Incident_Reports_ADS.csv
30270-14287,1,Waymo LLC,5-Day,,,MAR-2026,Y,JAGUAR,I-PACE,2024,ADS,Verified Engaged,Waymo LLC,MAR-2026,21:06,San Francisco,CA,Street,Passenger Car,Property Damage. No Injured Reported,Yes,raw/SGO/SGO-2021-01_Incident_Reports_ADS.csv
30270-14289,1,Waymo LLC,Monthly,3,2026,APR-2026,Y,JAGUAR,I-PACE,2024,ADS,Verified Engaged,Waymo LLC,MAR-2026,06:51,Redwood City,CA,Street,Passenger Car,No Injured Reported,Yes,raw/SGO/SGO-2021-01_Incident_Reports_ADS.csv
30270-14290,1,Waymo LLC,5-Day,,,MAR-2026,Y,JAGUAR,I-PACE,2024,ADS,Verified Engaged,Waymo LLC,MAR-2026,08:16,Inglewood,CA,Street,Heavy Truck,Property Damage. No Injured Reported,Yes,raw/SGO/SGO-2021-01_Incident_Reports_ADS.csv
30270-14294,1,Waymo LLC,Monthly,3,2026,APR-2026,Y,JAGUAR,I-PACE,2024,ADS,Verified Engaged,Waymo LLC,MAR-2026,16:17,San Francisco,CA,Street,SUV,Property Damage. No Injured Reported,Yes,raw/SGO/SGO-2021-01_Incident_Reports_ADS.csv
30270-14295,1,Waymo LLC,5-Day,,,MAR-2026,Y,JAGUAR,I-PACE,2024,ADS,Verified Engaged,Waymo LLC,MAR-2026,12:20,Phoenix,AZ,Street,Van,Property Damage. No Injured Reported,Yes,raw/SGO/SGO-2021-01_Incident_Reports_ADS.csv
30270-14296,1,Waymo LLC,5-Day,,,MAR-2026,Y,JAGUAR,I-PACE,2024,ADS,Verified Engaged,Waymo LLC,MAR-2026,23:45,Phoenix,AZ,Street,SUV,Minor W/O Hospitalization,Yes,raw/SGO/SGO-2021-01_Incident_Reports_ADS.csv
30270-14297,1,Waymo LLC,Monthly,3,2026,APR-2026,Y,JAGUAR,I-PACE,2024,ADS,Verified Engaged,Waymo LLC,MAR-2026,20:23,Los Angeles,CA,Intersection,Passenger Car,Property Damage. No Injured Reported,Yes,raw/SGO/SGO-2021-01_Incident_Reports_ADS.csv
30270-14298,1,Waymo LLC,5-Day,,,MAR-2026,Y,JAGUAR,I-PACE,2024,ADS,Verified Engaged,Waymo LLC,MAR-2026,02:10,Austin,TX,Street,SUV,Property Damage. No Injured Reported,Yes,raw/SGO/SGO-2021-01_Incident_Reports_ADS.csv
30270-14299,1,Waymo LLC,Monthly,3,2026,APR-2026,Y,JAGUAR,I-PACE,2024,ADS,Verified Engaged,Waymo LLC,MAR-2026,10:37,San Francisco,CA,Street,SUV,Property Damage. No Injured Reported,Yes,raw/SGO/SGO-2021-01_Incident_Reports_ADS.csv
30270-14300,1,Waymo LLC,Monthly,3,2026,APR-2026,Y,JAGUAR,I-PACE,2021,ADS,Verified Engaged,Waymo LLC,MAR-2026,13:50,San Francisco,CA,Street,Bus,Property Damage. No Injured Reported,Yes,raw/SGO/SGO-2021-01_Incident_Reports_ADS.csv
30270-14301,1,Waymo LLC,Monthly,3,2026,APR-2026,Y,JAGUAR,I-PACE,2024,ADS,Verified Engaged,Waymo LLC,MAR-2026,12:02,San Francisco,CA,Street,SUV,Property Damage. No Injured Reported,Yes,raw/SGO/SGO-2021-01_Incident_Reports_ADS.csv
30270-14304,1,Waymo LLC,Monthly,2,2026,MAR-2026,Y,JAGUAR,I-PACE,2024,ADS,Verified Engaged,Waymo LLC,FEB-2026,10:00,San Francisco,CA,Street,SUV,Property Damage. No Injured Reported,Yes,raw/SGO/SGO-2021-01_Incident_Reports_ADS.csv
30270-14305,1,Waymo LLC,Monthly,3,2026,APR-2026,Y,JAGUAR,I-PACE,2024,ADS,Verified Engaged,Waymo LLC,MAR-2026,22:14,San Francisco,CA,Street,Passenger Car,Property Damage. No Injured Reported,Yes,raw/SGO/SGO-2021-01_Incident_Reports_ADS.csv
30270-14310,1,Waymo LLC,Monthly,3,2026,APR-2026,Y,JAGUAR,I-PACE,2024,ADS,Verified Engaged,Waymo LLC,MAR-2026,13:42,Austin,TX,Street,Bus,Property Damage. No Injured Reported,Yes,raw/SGO/SGO-2021-01_Incident_Reports_ADS.csv
30270-14313,1,Waymo LLC,Monthly,3,2026,APR-2026,Y,JAGUAR,I-PACE,2024,ADS,Verified Engaged,Waymo LLC,MAR-2026,09:57,Los Angeles,CA,Street,Passenger Car,Property Damage. No Injured Reported,Yes,raw/SGO/SGO-2021-01_Incident_Reports_ADS.csv
30270-14329,1,Waymo LLC,Monthly,3,2026,APR-2026,Y,JAGUAR,I-PACE,2024,ADS,Verified Engaged,Waymo LLC,MAR-2026,19:36,Los Angeles,CA,Street,Pickup Truck,Property Damage. No Injured Reported,Yes,raw/SGO/SGO-2021-01_Incident_Reports_ADS.csv
30270-14330,1,Waymo LLC,5-Day,,,MAR-2026,Y,JAGUAR,I-PACE,2024,ADS,Verified Engaged,Waymo LLC,MAR-2026,13:51,Phoenix,AZ,Street,Passenger Car,Minor W/O Hospitalization,Yes,raw/SGO/SGO-2021-01_Incident_Reports_ADS.csv
30270-14331,1,Waymo LLC,5-Day,,,MAR-2026,Y,JAGUAR,I-PACE,2024,ADS,Verified Engaged,Waymo LLC,MAR-2026,09:15,Mountain View,CA,Street,Passenger Car,Property Damage. No Injured Reported,Yes,raw/SGO/SGO-2021-01_Incident_Reports_ADS.csv
30270-14332,1,Waymo LLC,5-Day,,,MAR-2026,Y,JAGUAR,I-PACE,2024,ADS,Verified Engaged,Waymo LLC,MAR-2026,18:45,San Francisco,CA,Street,Pickup Truck,Property Damage. No Injured Reported,Yes,raw/SGO/SGO-2021-01_Incident_Reports_ADS.csv
30270-14333,1,Waymo LLC,5-Day,,,MAR-2026,Y,JAGUAR,I-PACE,2024,ADS,Verified Engaged,Waymo LLC,MAR-2026,04:18,Dallas,TX,Street,SUV,Property Damage. No Injured Reported,Yes,raw/SGO/SGO-2021-01_Incident_Reports_ADS.csv
30270-14334,1,Waymo LLC,Monthly,3,2026,APR-2026,Y,JAGUAR,I-PACE,2024,ADS,Verified Engaged,Waymo LLC,MAR-2026,09:16,Mountain View,CA,Parking Lot,SUV,Property Damage. No Injured Reported,Yes,raw/SGO/SGO-2021-01_Incident_Reports_ADS.csv
30270-14335,1,Waymo LLC,5-Day,,,MAR-2026,Y,JAGUAR,I-PACE,2024,ADS,Verified Engaged,Waymo LLC,MAR-2026,06:28,Miami,FL,Street,SUV,Property Damage. No Injured Reported,Yes,raw/SGO/SGO-2021-01_Incident_Reports_ADS.csv
30270-14336,1,Waymo LLC,5-Day,,,MAR-2026,Y,JAGUAR,I-PACE,2024,ADS,Verified Engaged,Waymo LLC,MAR-2026,22:52,San Francisco,CA,Street,Heavy Truck,Property Damage. No Injured Reported,Yes,raw/SGO/SGO-2021-01_Incident_Reports_ADS.csv
30270-14337,1,Waymo LLC,Monthly,3,2026,APR-2026,Y,JAGUAR,I-PACE,2024,ADS,Verified Engaged,Waymo LLC,MAR-2026,17:12,Austin,TX,Street,SUV,Property Damage. No Injured Reported,Yes,raw/SGO/SGO-2021-01_Incident_Reports_ADS.csv
30270-14343,1,Waymo LLC,5-Day,,,MAR-2026,Y,JAGUAR,I-PACE,2021,ADS,Verified Engaged,Waymo LLC,MAR-2026,13:12,San Francisco,CA,Street,Van,Property Damage. No Injured Reported,Yes,raw/SGO/SGO-2021-01_Incident_Reports_ADS.csv
30270-14344,1,Waymo LLC,5-Day,,,MAR-2026,Y,JAGUAR,I-PACE,2024,ADS,Verified Engaged,Waymo LLC,MAR-2026,05:29,Tempe,AZ,Street,Other Fixed Object,Property Damage. No Injured Reported,Yes,raw/SGO/SGO-2021-01_Incident_Reports_ADS.csv
30270-14345,1,Waymo LLC,5-Day,,,MAR-2026,Y,JAGUAR,I-PACE,2024,ADS,Verified Engaged,Waymo LLC,MAR-2026,09:09,Austin,TX,Street,Passenger Car,Property Damage. No Injured Reported,Yes,raw/SGO/SGO-2021-01_Incident_Reports_ADS.csv
30270-14346,1,Waymo LLC,5-Day,,,MAR-2026,Y,JAGUAR,I-PACE,2024,ADS,Verified Engaged,Waymo LLC,MAR-2026,15:18,San Antonio,TX,Street,"Other, see Narrative",Property Damage. No Injured Reported,Yes,raw/SGO/SGO-2021-01_Incident_Reports_ADS.csv
30270-14348,1,Waymo LLC,5-Day,,,MAR-2026,Y,JAGUAR,I-PACE,2024,ADS,Verified Engaged,Waymo LLC,MAR-2026,15:27,Los Angeles,CA,Street,Passenger Car,Property Damage. No Injured Reported,Yes,raw/SGO/SGO-2021-01_Incident_Reports_ADS.csv
30270-14349,1,Waymo LLC,Monthly,3,2026,APR-2026,Y,JAGUAR,I-PACE,2024,ADS,Verified Engaged,Waymo LLC,MAR-2026,08:13,Los Angeles,CA,Street,SUV,Property Damage. No Injured Reported,Yes,raw/SGO/SGO-2021-01_Incident_Reports_ADS.csv
30270-14350,1,Waymo LLC,Monthly,3,2026,APR-2026,Y,JAGUAR,I-PACE,2024,ADS,Verified Engaged,Waymo LLC,MAR-2026,21:05,Atlanta,GA,Street,Bus,Property Damage. No Injured Reported,Yes,raw/SGO/SGO-2021-01_Incident_Reports_ADS.csv
30270-14351,1,Waymo LLC,Monthly,3,2026,APR-2026,Y,JAGUAR,I-PACE,2024,ADS,Verified Engaged,Waymo LLC,MAR-2026,22:31,San Francisco,CA,Street,Van,Property Damage. No Injured Reported,Yes,raw/SGO/SGO-2021-01_Incident_Reports_ADS.csv
30270-14352,1,Waymo LLC,Monthly,3,2026,APR-2026,Y,JAGUAR,I-PACE,2024,ADS,Verified Engaged,Waymo LLC,MAR-2026,13:28,San Francisco,CA,Street,Bus,Property Damage. No Injured Reported,Yes,raw/SGO/SGO-2021-01_Incident_Reports_ADS.csv
30270-14354,1,Waymo LLC,Monthly,3,2026,APR-2026,Y,JAGUAR,I-PACE,2024,ADS,Verified Engaged,Waymo LLC,MAR-2026,23:48,San Francisco,CA,Street,Passenger Car,Property Damage. No Injured Reported,Yes,raw/SGO/SGO-2021-01_Incident_Reports_ADS.csv
30270-14355,1,Waymo LLC,Monthly,3,2026,APR-2026,Y,JAGUAR,I-PACE,2024,ADS,Verified Engaged,Waymo LLC,MAR-2026,12:48,San Francisco,CA,Street,Passenger Car,Property Damage. No Injured Reported,Yes,raw/SGO/SGO-2021-01_Incident_Reports_ADS.csv
30270-14383,1,Waymo LLC,5-Day,,,MAR-2026,Y,JAGUAR,I-PACE,2024,ADS,Verified Engaged,Waymo LLC,MAR-2026,05:45,San Francisco,CA,Street,Passenger Car,Property Damage. No Injured Reported,Yes,raw/SGO/SGO-2021-01_Incident_Reports_ADS.csv
30270-14384,1,Waymo LLC,5-Day,,,MAR-2026,Y,JAGUAR,I-PACE,2024,ADS,Verified Engaged,Waymo LLC,MAR-2026,07:57,Austin,TX,Parking Lot,Other Fixed Object,Property Damage. No Injured Reported,Yes,raw/SGO/SGO-2021-01_Incident_Reports_ADS.csv
30270-14385,1,Waymo LLC,5-Day,,,MAR-2026,Y,JAGUAR,I-PACE,2024,ADS,Verified Engaged,Waymo LLC,MAR-2026,06:47,Austin,TX,Parking Lot,Other Fixed Object,Property Damage. No Injured Reported,Yes,raw/SGO/SGO-2021-01_Incident_Reports_ADS.csv
30270-14387,1,Waymo LLC,5-Day,,,MAR-2026,Y,JAGUAR,I-PACE,2024,ADS,Verified Engaged,Waymo LLC,MAR-2026,13:20,Los Angeles,CA,Street,First Responder Vehicle,Property Damage. No Injured Reported,Yes,raw/SGO/SGO-2021-01_Incident_Reports_ADS.csv
30270-14389,1,Waymo LLC,5-Day,,,MAR-2026,Y,JAGUAR,I-PACE,2024,ADS,Verified Engaged,Waymo LLC,MAR-2026,07:59,Inglewood,CA,Street,SUV,Minor W/ Hospitalization,Yes,raw/SGO/SGO-2021-01_Incident_Reports_ADS.csv
30270-14390,1,Waymo LLC,5-Day,,,MAR-2026,Y,JAGUAR,I-PACE,2024,ADS,Verified Engaged,Waymo LLC,MAR-2026,22:37,Los Angeles,CA,Street,SUV,Property Damage. No Injured Reported,Yes,raw/SGO/SGO-2021-01_Incident_Reports_ADS.csv
30270-14391,1,Waymo LLC,Monthly,3,2026,APR-2026,Y,ZEEKR,RT,2025,ADS,Verified Engaged,Waymo LLC,MAR-2026,11:59,Palo Alto,CA,Street,SUV,Property Damage. No Injured Reported,Yes,raw/SGO/SGO-2021-01_Incident_Reports_ADS.csv
30270-14420,1,Waymo LLC,5-Day,,,MAR-2026,Y,JAGUAR,I-PACE,2024,ADS,Verified Engaged,Waymo LLC,MAR-2026,07:46,Austin,TX,Parking Lot,Heavy Truck,Property Damage. No Injured Reported,Yes,raw/SGO/SGO-2021-01_Incident_Reports_ADS.csv
30270-14421,1,Waymo LLC,5-Day,,,MAR-2026,Y,JAGUAR,I-PACE,2024,ADS,Verified Engaged,Waymo LLC,MAR-2026,14:48,Austin,TX,Street,Pickup Truck,Property Damage. No Injured Reported,Yes,raw/SGO/SGO-2021-01_Incident_Reports_ADS.csv
30270-14422,1,Waymo LLC,Monthly,3,2026,APR-2026,Y,JAGUAR,I-PACE,2024,ADS,Verified Engaged,Waymo LLC,MAR-2026,22:10,Santa Monica,CA,Street,SUV,Property Damage. No Injured Reported,Yes,raw/SGO/SGO-2021-01_Incident_Reports_ADS.csv
30270-14423,1,Waymo LLC,5-Day,,,MAR-2026,Y,JAGUAR,I-PACE,2024,ADS,Verified Engaged,Waymo LLC,MAR-2026,22:58,Dallas,TX,Street,Passenger Car,Property Damage. No Injured Reported,Yes,raw/SGO/SGO-2021-01_Incident_Reports_ADS.csv
30270-14424,1,Waymo LLC,Monthly,3,2026,APR-2026,Y,JAGUAR,I-PACE,2024,ADS,Verified Engaged,Waymo LLC,MAR-2026,03:55,Los Angeles,CA,Intersection,Passenger Car,Property Damage. No Injured Reported,Yes,raw/SGO/SGO-2021-01_Incident_Reports_ADS.csv
30270-14425,1,Waymo LLC,5-Day,,,MAR-2026,Y,JAGUAR,I-PACE,2024,ADS,Verified Engaged,Waymo LLC,MAR-2026,20:56,San Francisco,CA,Street,First Responder Vehicle,Property Damage. No Injured Reported,Yes,raw/SGO/SGO-2021-01_Incident_Reports_ADS.csv
30270-14426,1,Waymo LLC,Monthly,3,2026,APR-2026,Y,JAGUAR,I-PACE,2024,ADS,Verified Engaged,Waymo LLC,MAR-2026,07:29,San Francisco,CA,Street,Heavy Truck,Property Damage. No Injured Reported,Yes,raw/SGO/SGO-2021-01_Incident_Reports_ADS.csv
30270-14438,1,Waymo LLC,5-Day,,,MAR-2026,Y,JAGUAR,I-PACE,2021,ADS,Verified Engaged,Waymo LLC,MAR-2026,10:27,San Francisco,CA,Street,Van,Property Damage. No Injured Reported,Yes,raw/SGO/SGO-2021-01_Incident_Reports_ADS.csv
30270-14439,1,Waymo LLC,5-Day,,,MAR-2026,Y,ZEEKR,RT,2025,ADS,Verified Engaged,Waymo LLC,MAR-2026,07:17,Los Angeles,CA,Street,Heavy Truck,Property Damage. No Injured Reported,Yes,raw/SGO/SGO-2021-01_Incident_Reports_ADS.csv
30270-14440,1,Waymo LLC,Monthly,3,2026,APR-2026,Y,JAGUAR,I-PACE,2024,ADS,Verified Engaged,Waymo LLC,MAR-2026,07:57,San Francisco,CA,Street,Passenger Car,Property Damage. No Injured Reported,Yes,raw/SGO/SGO-2021-01_Incident_Reports_ADS.csv
30270-14441,1,Waymo LLC,5-Day,,,MAR-2026,Y,JAGUAR,I-PACE,2024,ADS,Verified Engaged,Waymo LLC,MAR-2026,21:53,Orlando,FL,Street,"Other, see Narrative",Property Damage. No Injured Reported,Yes,raw/SGO/SGO-2021-01_Incident_Reports_ADS.csv
30270-14449,1,Waymo LLC,5-Day,,,MAR-2026,Y,JAGUAR,I-PACE,2024,ADS,Verified Engaged,Waymo LLC,MAR-2026,12:47,Phoenix,AZ,Street,SUV,Property Damage. No Injured Reported,Yes,raw/SGO/SGO-2021-01_Incident_Reports_ADS.csv
30270-14450,1,Waymo LLC,5-Day,,,MAR-2026,Y,JAGUAR,I-PACE,2024,ADS,Verified Engaged,Waymo LLC,MAR-2026,08:51,Austin,TX,Street,Pickup Truck,Property Damage. No Injured Reported,Yes,raw/SGO/SGO-2021-01_Incident_Reports_ADS.csv
30270-14453,1,Waymo LLC,5-Day,,,MAR-2026,Y,JAGUAR,I-PACE,2024,ADS,Verified Engaged,Waymo LLC,MAR-2026,22:01,Tempe,AZ,Street,Passenger Car,Property Damage. No Injured Reported,Yes,raw/SGO/SGO-2021-01_Incident_Reports_ADS.csv
30270-14454,1,Waymo LLC,Monthly,3,2026,APR-2026,Y,JAGUAR,I-PACE,2024,ADS,Verified Engaged,Waymo LLC,MAR-2026,20:31,Houston,TX,Street,Pickup Truck,Property Damage. No Injured Reported,Yes,raw/SGO/SGO-2021-01_Incident_Reports_ADS.csv
30270-14455,1,Waymo LLC,5-Day,,,MAR-2026,Y,JAGUAR,I-PACE,2024,ADS,Verified Engaged,Waymo LLC,MAR-2026,02:40,Daly City,CA,Intersection,Passenger Car,Property Damage. No Injured Reported,Yes,raw/SGO/SGO-2021-01_Incident_Reports_ADS.csv
30270-14456,1,Waymo LLC,Monthly,3,2026,APR-2026,Y,JAGUAR,I-PACE,2024,ADS,Verified Engaged,Waymo LLC,MAR-2026,20:48,San Francisco,CA,Street,SUV,Property Damage. No Injured Reported,Yes,raw/SGO/SGO-2021-01_Incident_Reports_ADS.csv
30270-14457,1,Waymo LLC,5-Day,,,MAR-2026,Y,JAGUAR,I-PACE,2024,ADS,Verified Engaged,Waymo LLC,MAR-2026,17:36,Houston,TX,Highway / Freeway,Heavy Truck,Property Damage. No Injured Reported,Yes,raw/SGO/SGO-2021-01_Incident_Reports_ADS.csv
30270-14476,1,Waymo LLC,Monthly,3,2026,APR-2026,Y,JAGUAR,I-PACE,2024,ADS,Verified Engaged,Waymo LLC,MAR-2026,17:53,Los Angeles,CA,Street,Passenger Car,Property Damage. No Injured Reported,Yes,raw/SGO/SGO-2021-01_Incident_Reports_ADS.csv
30270-14477,1,Waymo LLC,Monthly,3,2026,APR-2026,Y,JAGUAR,I-PACE,2024,ADS,Verified Engaged,Waymo LLC,MAR-2026,17:41,San Francisco,CA,Intersection,Bus,Property Damage. No Injured Reported,Yes,raw/SGO/SGO-2021-01_Incident_Reports_ADS.csv
30270-14478,1,Waymo LLC,Monthly,3,2026,APR-2026,Y,JAGUAR,I-PACE,2024,ADS,Verified Engaged,Waymo LLC,MAR-2026,07:24,San Francisco,CA,Street,Passenger Car,Property Damage. No Injured Reported,Yes,raw/SGO/SGO-2021-01_Incident_Reports_ADS.csv
30270-14479,1,Waymo LLC,Monthly,3,2026,APR-2026,Y,JAGUAR,I-PACE,2024,ADS,Verified Engaged,Waymo LLC,MAR-2026,09:09,Dallas,TX,Street,"Other, see Narrative",Property Damage. No Injured Reported,Yes,raw/SGO/SGO-2021-01_Incident_Reports_ADS.csv
30270-14480,1,Waymo LLC,Monthly,3,2026,APR-2026,Y,JAGUAR,I-PACE,2024,ADS,Verified Engaged,Waymo LLC,MAR-2026,11:29,Austin,TX,Street,Pickup Truck,Property Damage. No Injured Reported,Yes,raw/SGO/SGO-2021-01_Incident_Reports_ADS.csv
30270-14481,1,Waymo LLC,5-Day,,,MAR-2026,Y,JAGUAR,I-PACE,2024,ADS,Verified Engaged,Waymo LLC,MAR-2026,20:14,Los Angeles,CA,Street,Pickup Truck,Minor W/O Hospitalization,Yes,raw/SGO/SGO-2021-01_Incident_Reports_ADS.csv
30270-14482,1,Waymo LLC,5-Day,,,APR-2026,Y,JAGUAR,I-PACE,2024,ADS,Verified Engaged,Waymo LLC,MAR-2026,14:36,Inglewood,CA,Street,Pickup Truck,Property Damage. No Injured Reported,Yes,raw/SGO/SGO-2021-01_Incident_Reports_ADS.csv
30270-14483,1,Waymo LLC,5-Day,,,APR-2026,Y,JAGUAR,I-PACE,2024,ADS,Verified Engaged,Waymo LLC,MAR-2026,20:35,Austin,TX,Street,Pickup Truck,Minor W/ Hospitalization,Yes,raw/SGO/SGO-2021-01_Incident_Reports_ADS.csv
30270-14484,1,Waymo LLC,5-Day,,,APR-2026,Y,JAGUAR,I-PACE,2024,ADS,Verified Engaged,Waymo LLC,MAR-2026,17:21,Atlanta,GA,Street,Heavy Truck,Property Damage. No Injured Reported,Yes,raw/SGO/SGO-2021-01_Incident_Reports_ADS.csv
30270-14485,1,Waymo LLC,5-Day,,,APR-2026,Y,JAGUAR,I-PACE,2024,ADS,Verified Engaged,Waymo LLC,MAR-2026,20:19,Tempe,AZ,Street,SUV,Property Damage. No Injured Reported,Yes,raw/SGO/SGO-2021-01_Incident_Reports_ADS.csv
30270-14486,1,Waymo LLC,5-Day,,,APR-2026,Y,JAGUAR,I-PACE,2024,ADS,Verified Engaged,Waymo LLC,MAR-2026,22:07,Phoenix,AZ,Street,SUV,Property Damage. No Injured Reported,Yes,raw/SGO/SGO-2021-01_Incident_Reports_ADS.csv
30270-14488,1,Waymo LLC,5-Day,,,APR-2026,Y,JAGUAR,I-PACE,2024,ADS,Verified Engaged,Waymo LLC,MAR-2026,23:52,San Francisco,CA,Street,Passenger Car,Property Damage. No Injured Reported,Yes,raw/SGO/SGO-2021-01_Incident_Reports_ADS.csv
30270-14490,1,Waymo LLC,5-Day,,,APR-2026,Y,JAGUAR,I-PACE,2024,ADS,Verified Engaged,Waymo LLC,MAR-2026,07:32,Austin,TX,Street,"Other, see Narrative",Property Damage. No Injured Reported,Yes,raw/SGO/SGO-2021-01_Incident_Reports_ADS.csv
30270-14491,1,Waymo LLC,Monthly,3,2026,APR-2026,Y,JAGUAR,I-PACE,2021,ADS,Verified Engaged,Waymo LLC,MAR-2026,16:25,San Francisco,CA,Street,SUV,Property Damage. No Injured Reported,Yes,raw/SGO/SGO-2021-01_Incident_Reports_ADS.csv
30270-14492,1,Waymo LLC,5-Day,,,APR-2026,Y,JAGUAR,I-PACE,2024,ADS,Verified Engaged,Waymo LLC,MAR-2026,01:58,Daly City,CA,Highway / Freeway,Passenger Car,Property Damage. No Injured Reported,Yes,raw/SGO/SGO-2021-01_Incident_Reports_ADS.csv
30270-14493,1,Waymo LLC,Monthly,3,2026,APR-2026,Y,JAGUAR,I-PACE,2024,ADS,Verified Engaged,Waymo LLC,MAR-2026,01:00,San Francisco,CA,Street,SUV,Property Damage. No Injured Reported,Yes,raw/SGO/SGO-2021-01_Incident_Reports_ADS.csv
30270-14494,1,Waymo LLC,Monthly,3,2026,APR-2026,Y,JAGUAR,I-PACE,2024,ADS,Verified Engaged,Waymo LLC,MAR-2026,19:16,Los Angeles,CA,Street,Passenger Car,Property Damage. No Injured Reported,Yes,raw/SGO/SGO-2021-01_Incident_Reports_ADS.csv
30270-14495,1,Waymo LLC,5-Day,,,APR-2026,Y,JAGUAR,I-PACE,2024,ADS,Verified Engaged,Waymo LLC,MAR-2026,20:49,Austin,TX,Street,Passenger Car,Minor W/O Hospitalization,Yes,raw/SGO/SGO-2021-01_Incident_Reports_ADS.csv
30270-14496,1,Waymo LLC,5-Day,,,APR-2026,Y,JAGUAR,I-PACE,2024,ADS,Verified Engaged,Waymo LLC,MAR-2026,17:19,Los Angeles,CA,Street,Passenger Car,Property Damage. No Injured Reported,Yes,raw/SGO/SGO-2021-01_Incident_Reports_ADS.csv
30270-14497,1,Waymo LLC,5-Day,,,APR-2026,Y,JAGUAR,I-PACE,2021,ADS,Verified Engaged,Waymo LLC,MAR-2026,12:06,Los Angeles,CA,Street,SUV,Minor W/O Hospitalization,Yes,raw/SGO/SGO-2021-01_Incident_Reports_ADS.csv
30270-14498,1,Waymo LLC,Monthly,3,2026,APR-2026,Y,JAGUAR,I-PACE,2024,ADS,Verified Engaged,Waymo LLC,MAR-2026,18:44,San Francisco,CA,Street,SUV,Property Damage. No Injured Reported,Yes,raw/SGO/SGO-2021-01_Incident_Reports_ADS.csv
30270-14505,1,Waymo LLC,5-Day,,,APR-2026,Y,JAGUAR,I-PACE,2024,ADS,Verified Engaged,Waymo LLC,MAR-2026,07:43,Phoenix,AZ,Street,Passenger Car,Property Damage. No Injured Reported,Yes,raw/SGO/SGO-2021-01_Incident_Reports_ADS.csv
30270-14506,1,Waymo LLC,Monthly,3,2026,APR-2026,Y,JAGUAR,I-PACE,2024,ADS,Verified Engaged,Waymo LLC,MAR-2026,03:17,Austin,TX,Street,SUV,Property Damage. No Injured Reported,Yes,raw/SGO/SGO-2021-01_Incident_Reports_ADS.csv
30270-14507,1,Waymo LLC,Monthly,3,2026,APR-2026,Y,JAGUAR,I-PACE,2024,ADS,Verified Engaged,Waymo LLC,MAR-2026,11:06,Atlanta,GA,Street,Pickup Truck,Property Damage. No Injured Reported,Yes,raw/SGO/SGO-2021-01_Incident_Reports_ADS.csv
30270-14510,1,Waymo LLC,5-Day,,,APR-2026,Y,JAGUAR,I-PACE,2024,ADS,Verified Engaged,Waymo LLC,MAR-2026,16:11,Atlanta,GA,Street,Heavy Truck,Property Damage. No Injured Reported,Yes,raw/SGO/SGO-2021-01_Incident_Reports_ADS.csv
30270-14511,1,Waymo LLC,Monthly,3,2026,APR-2026,Y,JAGUAR,I-PACE,2024,ADS,Verified Engaged,Waymo LLC,MAR-2026,17:04,Los Angeles,CA,Street,Passenger Car,Property Damage. No Injured Reported,Yes,raw/SGO/SGO-2021-01_Incident_Reports_ADS.csv
30270-14512,1,Waymo LLC,Monthly,3,2026,APR-2026,Y,JAGUAR,I-PACE,2024,ADS,Verified Engaged,Waymo LLC,MAR-2026,05:43,Los Angeles,CA,Street,Pickup Truck,Property Damage. No Injured Reported,Yes,raw/SGO/SGO-2021-01_Incident_Reports_ADS.csv
30270-14513,1,Waymo LLC,5-Day,,,APR-2026,Y,JAGUAR,I-PACE,2024,ADS,Verified Engaged,Waymo LLC,APR-2026,16:46,Phoenix,AZ,Street,Heavy Truck,Property Damage. No Injured Reported,Yes,raw/SGO/SGO-2021-01_Incident_Reports_ADS.csv
30270-14514,1,Waymo LLC,Monthly,3,2026,APR-2026,Y,JAGUAR,I-PACE,2024,ADS,Verified Engaged,Waymo LLC,MAR-2026,15:49,Tempe,AZ,Street,Other Fixed Object,Property Damage. No Injured Reported,Yes,raw/SGO/SGO-2021-01_Incident_Reports_ADS.csv
30270-14516,1,Waymo LLC,Monthly,3,2026,APR-2026,Y,JAGUAR,I-PACE,2024,ADS,Verified Engaged,Waymo LLC,APR-2026,06:55,Los Angeles,CA,Street,Van,Property Damage. No Injured Reported,Yes,raw/SGO/SGO-2021-01_Incident_Reports_ADS.csv
30270-14520,1,Waymo LLC,5-Day,,,APR-2026,Y,JAGUAR,I-PACE,2024,ADS,Verified Engaged,Waymo LLC,APR-2026,23:52,San Francisco,CA,Street,Passenger Car,Property Damage. No Injured Reported,Yes,raw/SGO/SGO-2021-01_Incident_Reports_ADS.csv
30270-14537,1,Waymo LLC,5-Day,,,APR-2026,Y,JAGUAR,I-PACE,2024,ADS,Verified Engaged,Waymo LLC,APR-2026,08:02,Phoenix,AZ,Street,Heavy Truck,Property Damage. No Injured Reported,Yes,raw/SGO/SGO-2021-01_Incident_Reports_ADS.csv
30270-14556,1,Waymo LLC,5-Day,,,APR-2026,Y,JAGUAR,I-PACE,2024,ADS,Verified Engaged,Waymo LLC,APR-2026,14:38,Los Angeles,CA,Street,SUV,Property Damage. No Injured Reported,Yes,raw/SGO/SGO-2021-01_Incident_Reports_ADS.csv
30270-14557,1,Waymo LLC,5-Day,,,APR-2026,Y,JAGUAR,I-PACE,2024,ADS,Verified Engaged,Waymo LLC,APR-2026,02:35,Atlanta,GA,Intersection,Passenger Car,Property Damage. No Injured Reported,Yes,raw/SGO/SGO-2021-01_Incident_Reports_ADS.csv
30270-14558,1,Waymo LLC,Monthly,4,2026,APR-2026,Y,JAGUAR,I-PACE,2024,ADS,Verified Engaged,Waymo LLC,MAR-2026,11:34,Santa Monica,CA,Street,Pickup Truck,Property Damage. No Injured Reported,Yes,raw/SGO/SGO-2021-01_Incident_Reports_ADS.csv
30270-14559,1,Waymo LLC,5-Day,,,APR-2026,Y,JAGUAR,I-PACE,2024,ADS,Verified Engaged,Waymo LLC,APR-2026,07:42,Phoenix,AZ,Street,Passenger Car,Property Damage. No Injured Reported,Yes,raw/SGO/SGO-2021-01_Incident_Reports_ADS.csv
30270-14560,1,Waymo LLC,5-Day,,,APR-2026,Y,JAGUAR,I-PACE,2024,ADS,Verified Engaged,Waymo LLC,APR-2026,06:25,San Francisco,CA,Street,Heavy Truck,Property Damage. No Injured Reported,Yes,raw/SGO/SGO-2021-01_Incident_Reports_ADS.csv
30270-14563,1,Waymo LLC,5-Day,,,APR-2026,Y,JAGUAR,I-PACE,2021,ADS,Verified Engaged,Waymo LLC,APR-2026,11:55,San Francisco,CA,Street,Passenger Car,Property Damage. No Injured Reported,Yes,raw/SGO/SGO-2021-01_Incident_Reports_ADS.csv
30270-14565,1,Waymo LLC,5-Day,,,APR-2026,Y,JAGUAR,I-PACE,2024,ADS,Verified Engaged,Waymo LLC,APR-2026,07:57,Austin,TX,Street,Passenger Car,Property Damage. No Injured Reported,Yes,raw/SGO/SGO-2021-01_Incident_Reports_ADS.csv
30270-14566,1,Waymo LLC,Monthly,4,2026,APR-2026,Y,JAGUAR,I-PACE,2024,ADS,Verified Engaged,Waymo LLC,MAR-2026,22:13,San Francisco,CA,Intersection,Passenger Car,Property Damage. No Injured Reported,Yes,raw/SGO/SGO-2021-01_Incident_Reports_ADS.csv
30270-14575,1,Waymo LLC,5-Day,,,APR-2026,Y,JAGUAR,I-PACE,2024,ADS,Verified Engaged,Waymo LLC,APR-2026,08:07,Austin,TX,Street,SUV,Property Damage. No Injured Reported,Yes,raw/SGO/SGO-2021-01_Incident_Reports_ADS.csv
30270-14576,1,Waymo LLC,5-Day,,,APR-2026,Y,JAGUAR,I-PACE,2024,ADS,Verified Engaged,Waymo LLC,APR-2026,16:37,Atlanta,GA,Street,Passenger Car,Property Damage. No Injured Reported,Yes,raw/SGO/SGO-2021-01_Incident_Reports_ADS.csv
30270-14577,1,Waymo LLC,Monthly,3,2026,APR-2026,Y,JAGUAR,I-PACE,2024,ADS,Verified Engaged,Waymo LLC,MAR-2026,19:26,Los Angeles,CA,Street,SUV,Property Damage. No Injured Reported,Yes,raw/SGO/SGO-2021-01_Incident_Reports_ADS.csv
30270-14578,1,Waymo LLC,5-Day,,,APR-2026,Y,JAGUAR,I-PACE,2024,ADS,Verified Engaged,Waymo LLC,APR-2026,12:20,Venice,CA,Street,Pickup Truck,No Injured Reported,Yes,raw/SGO/SGO-2021-01_Incident_Reports_ADS.csv
30270-14579,1,Waymo LLC,Monthly,4,2026,MAY-2026,Y,JAGUAR,I-PACE,2024,ADS,Verified Engaged,Waymo LLC,APR-2026,18:17,Mountain View,CA,Street,Passenger Car,Property Damage. No Injured Reported,Yes,raw/SGO/SGO-2021-01_Incident_Reports_ADS.csv
30270-14580,1,Waymo LLC,Monthly,4,2026,MAY-2026,Y,JAGUAR,I-PACE,2024,ADS,Verified Engaged,Waymo LLC,APR-2026,20:15,Los Angeles,CA,Street,Other Fixed Object,Property Damage. No Injured Reported,Yes,raw/SGO/SGO-2021-01_Incident_Reports_ADS.csv
30270-14581,1,Waymo LLC,Monthly,4,2026,MAY-2026,Y,JAGUAR,I-PACE,2024,ADS,Verified Engaged,Waymo LLC,APR-2026,19:10,Atlanta,GA,Street,Passenger Car,Property Damage. No Injured Reported,Yes,raw/SGO/SGO-2021-01_Incident_Reports_ADS.csv
30270-14582,1,Waymo LLC,Monthly,4,2026,MAY-2026,Y,JAGUAR,I-PACE,2021,ADS,Verified Engaged,Waymo LLC,APR-2026,15:57,Santa Clara,CA,Intersection,Passenger Car,Property Damage. No Injured Reported,Yes,raw/SGO/SGO-2021-01_Incident_Reports_ADS.csv
30270-14583,1,Waymo LLC,Monthly,4,2026,MAY-2026,Y,JAGUAR,I-PACE,2024,ADS,Verified Engaged,Waymo LLC,APR-2026,12:40,San Francisco,CA,Street,"Other, see Narrative",Property Damage. No Injured Reported,Yes,raw/SGO/SGO-2021-01_Incident_Reports_ADS.csv
30270-14583,2,Waymo LLC,Update,,,MAY-2026,Y,JAGUAR,I-PACE,2024,ADS,Verified Engaged,Waymo LLC,APR-2026,12:40,San Francisco,CA,Street,"Other, see Narrative",Property Damage. No Injured Reported,Yes,raw/SGO/SGO-2021-01_Incident_Reports_ADS.csv
30270-14584,1,Waymo LLC,Monthly,4,2026,MAY-2026,Y,JAGUAR,I-PACE,2021,ADS,Verified Engaged,Waymo LLC,APR-2026,02:26,Miami,FL,Intersection,SUV,Property Damage. No Injured Reported,Yes,raw/SGO/SGO-2021-01_Incident_Reports_ADS.csv
30270-14585,1,Waymo LLC,Monthly,4,2026,MAY-2026,Y,JAGUAR,I-PACE,2024,ADS,Verified Engaged,Waymo LLC,APR-2026,12:20,Houston,TX,Street,Pickup Truck,Property Damage. No Injured Reported,Yes,raw/SGO/SGO-2021-01_Incident_Reports_ADS.csv
30270-14586,1,Waymo LLC,5-Day,,,APR-2026,Y,JAGUAR,I-PACE,2024,ADS,Verified Engaged,Waymo LLC,APR-2026,11:36,Los Angeles,CA,Street,Passenger Car,Property Damage. No Injured Reported,Yes,raw/SGO/SGO-2021-01_Incident_Reports_ADS.csv
30270-14587,1,Waymo LLC,5-Day,,,APR-2026,Y,JAGUAR,I-PACE,2024,ADS,Verified Engaged,Waymo LLC,APR-2026,11:25,Austin,TX,Street,SUV,Property Damage. No Injured Reported,Yes,raw/SGO/SGO-2021-01_Incident_Reports_ADS.csv
30270-14617,1,Waymo LLC,5-Day,,,APR-2026,Y,JAGUAR,I-PACE,2024,ADS,Verified Engaged,Waymo LLC,APR-2026,23:01,Orlando,FL,Street,Passenger Car,Property Damage. No Injured Reported,Yes,raw/SGO/SGO-2021-01_Incident_Reports_ADS.csv
30270-14618,1,Waymo LLC,5-Day,,,APR-2026,Y,JAGUAR,I-PACE,2024,ADS,Verified Engaged,Waymo LLC,APR-2026,21:24,San Francisco,CA,Street,SUV,Moderate W/ Hospitalization,Yes,raw/SGO/SGO-2021-01_Incident_Reports_ADS.csv
30270-14619,1,Waymo LLC,5-Day,,,APR-2026,Y,JAGUAR,I-PACE,2024,ADS,Verified Engaged,Waymo LLC,APR-2026,14:30,Phoenix,AZ,Street,Passenger Car,Minor W/O Hospitalization,Yes,raw/SGO/SGO-2021-01_Incident_Reports_ADS.csv
30270-14620,1,Waymo LLC,5-Day,,,APR-2026,Y,JAGUAR,I-PACE,2024,ADS,Verified Engaged,Waymo LLC,APR-2026,10:25,San Francisco,CA,Street,Heavy Truck,Property Damage. No Injured Reported,Yes,raw/SGO/SGO-2021-01_Incident_Reports_ADS.csv
30270-14621,1,Waymo LLC,5-Day,,,APR-2026,Y,JAGUAR,I-PACE,2024,ADS,Verified Engaged,Waymo LLC,APR-2026,21:20,Los Angeles,CA,Intersection,Passenger Car,Property Damage. No Injured Reported,Yes,raw/SGO/SGO-2021-01_Incident_Reports_ADS.csv
30270-14623,1,Waymo LLC,5-Day,,,APR-2026,Y,JAGUAR,I-PACE,2024,ADS,Verified Engaged,Waymo LLC,APR-2026,16:20,Los Angeles,CA,Street,Passenger Car,Property Damage. No Injured Reported,Yes,raw/SGO/SGO-2021-01_Incident_Reports_ADS.csv
30270-14625,1,Waymo LLC,Monthly,3,2026,APR-2026,Y,JAGUAR,I-PACE,2024,ADS,Verified Engaged,Waymo LLC,MAR-2026,19:27,Washington,DC,Street,SUV,Minor W/O Hospitalization,Yes,raw/SGO/SGO-2021-01_Incident_Reports_ADS.csv
30270-14626,1,Waymo LLC,5-Day,,,APR-2026,Y,JAGUAR,I-PACE,2024,ADS,Verified Engaged,Waymo LLC,APR-2026,01:39,Los Angeles,CA,Street,Passenger Car,Minor W/O Hospitalization,Yes,raw/SGO/SGO-2021-01_Incident_Reports_ADS.csv
30270-14627,1,Waymo LLC,5-Day,,,APR-2026,Y,JAGUAR,I-PACE,2024,ADS,Verified Engaged,Waymo LLC,APR-2026,08:58,San Francisco,CA,Street,SUV,Minor W/ Hospitalization,Yes,raw/SGO/SGO-2021-01_Incident_Reports_ADS.csv
30270-14628,1,Waymo LLC,5-Day,,,APR-2026,Y,JAGUAR,I-PACE,2024,ADS,Verified Engaged,Waymo LLC,APR-2026,21:56,San Francisco,CA,Street,SUV,Minor W/O Hospitalization,Yes,raw/SGO/SGO-2021-01_Incident_Reports_ADS.csv
30270-14629,1,Waymo LLC,5-Day,,,APR-2026,Y,JAGUAR,I-PACE,2024,ADS,Verified Engaged,Waymo LLC,APR-2026,18:47,San Mateo,CA,Highway / Freeway,"Other, see Narrative",Property Damage. No Injured Reported,Yes,raw/SGO/SGO-2021-01_Incident_Reports_ADS.csv
30270-14640,1,Waymo LLC,5-Day,,,APR-2026,Y,JAGUAR,I-PACE,2024,ADS,Verified Engaged,Waymo LLC,APR-2026,08:28,Austin,TX,Highway / Freeway,SUV,Property Damage. No Injured Reported,Yes,raw/SGO/SGO-2021-01_Incident_Reports_ADS.csv
30270-14644,1,Waymo LLC,Monthly,4,2026,MAY-2026,Y,JAGUAR,I-PACE,2024,ADS,Verified Engaged,Waymo LLC,APR-2026,03:26,Mesa,AZ,Street,SUV,Property Damage. No Injured Reported,Yes,raw/SGO/SGO-2021-01_Incident_Reports_ADS.csv
30270-14645,1,Waymo LLC,Monthly,4,2026,MAY-2026,Y,JAGUAR,I-PACE,2024,ADS,Verified Engaged,Waymo LLC,APR-2026,15:58,Redwood City,CA,Intersection,SUV,Property Damage. No Injured Reported,Yes,raw/SGO/SGO-2021-01_Incident_Reports_ADS.csv
30270-14660,1,Waymo LLC,5-Day,,,APR-2026,Y,JAGUAR,I-PACE,2024,ADS,Verified Engaged,Waymo LLC,APR-2026,23:38,Los Angeles,CA,Street,SUV,Minor W/ Hospitalization,Yes,raw/SGO/SGO-2021-01_Incident_Reports_ADS.csv
30270-14661,1,Waymo LLC,5-Day,,,APR-2026,Y,JAGUAR,I-PACE,2024,ADS,Verified Engaged,Waymo LLC,APR-2026,10:19,San Francisco,CA,Street,"Other, see Narrative",Property Damage. No Injured Reported,Yes,raw/SGO/SGO-2021-01_Incident_Reports_ADS.csv
30270-14666,1,Waymo LLC,5-Day,,,APR-2026,Y,JAGUAR,I-PACE,2024,ADS,Verified Engaged,Waymo LLC,APR-2026,14:09,Austin,TX,Parking Lot,"Other, see Narrative",Property Damage. No Injured Reported,Yes,raw/SGO/SGO-2021-01_Incident_Reports_ADS.csv
30270-14667,1,Waymo LLC,Monthly,4,2026,MAY-2026,Y,JAGUAR,I-PACE,2024,ADS,Verified Engaged,Waymo LLC,APR-2026,17:30,San Francisco,CA,Street,Passenger Car,Property Damage. No Injured Reported,Yes,raw/SGO/SGO-2021-01_Incident_Reports_ADS.csv
30270-14701,1,Waymo LLC,5-Day,,,APR-2026,Y,JAGUAR,I-PACE,2024,ADS,Verified Engaged,Waymo LLC,APR-2026,11:42,Atlanta,GA,Intersection,Pickup Truck,Minor W/ Hospitalization,Yes,raw/SGO/SGO-2021-01_Incident_Reports_ADS.csv
30270-14702,1,Waymo LLC,5-Day,,,APR-2026,Y,ZEEKR,RT,2025,ADS,Verified Engaged,Waymo LLC,APR-2026,23:22,Philadelphia,PA,Street,SUV,Minor W/O Hospitalization,Yes,raw/SGO/SGO-2021-01_Incident_Reports_ADS.csv
30270-14704,1,Waymo LLC,5-Day,,,APR-2026,Y,JAGUAR,I-PACE,2024,ADS,Verified Engaged,Waymo LLC,APR-2026,02:58,Los Angeles,CA,Street,Passenger Car,Minor W/O Hospitalization,Yes,raw/SGO/SGO-2021-01_Incident_Reports_ADS.csv
30270-14705,1,Waymo LLC,5-Day,,,APR-2026,Y,JAGUAR,I-PACE,2024,ADS,Verified Engaged,Waymo LLC,APR-2026,05:32,Los Angeles,CA,Street,"Other, see Narrative",Property Damage. No Injured Reported,Yes,raw/SGO/SGO-2021-01_Incident_Reports_ADS.csv
30270-14706,1,Waymo LLC,5-Day,,,APR-2026,Y,JAGUAR,I-PACE,2024,ADS,Verified Engaged,Waymo LLC,APR-2026,00:00,Austin,TX,Street,Pickup Truck,Property Damage. No Injured Reported,Yes,raw/SGO/SGO-2021-01_Incident_Reports_ADS.csv
30270-14707,1,Waymo LLC,5-Day,,,APR-2026,Y,ZEEKR,RT,2025,ADS,Verified Not Engaged,Waymo LLC,APR-2026,21:44,Los Angeles,CA,Street,Passenger Car,No Injured Reported,Yes,raw/SGO/SGO-2021-01_Incident_Reports_ADS.csv
30270-14708,1,Waymo LLC,5-Day,,,APR-2026,Y,JAGUAR,I-PACE,2024,ADS,Verified Engaged,Waymo LLC,APR-2026,23:35,Los Angeles,CA,Street,Passenger Car,Property Damage. No Injured Reported,Yes,raw/SGO/SGO-2021-01_Incident_Reports_ADS.csv
30270-14709,1,Waymo LLC,5-Day,,,APR-2026,Y,JAGUAR,I-PACE,2024,ADS,Verified Engaged,Waymo LLC,APR-2026,23:22,Phoenix,AZ,Street,Passenger Car,Property Damage. No Injured Reported,Yes,raw/SGO/SGO-2021-01_Incident_Reports_ADS.csv
30270-14710,1,Waymo LLC,Monthly,4,2026,MAY-2026,Y,JAGUAR,I-PACE,2024,ADS,Verified Engaged,Waymo LLC,APR-2026,11:48,Los Angeles,CA,Street,Van,Property Damage. No Injured Reported,Yes,raw/SGO/SGO-2021-01_Incident_Reports_ADS.csv
30270-14711,1,Waymo LLC,Monthly,4,2026,MAY-2026,Y,JAGUAR,I-PACE,2024,ADS,Verified Engaged,Waymo LLC,APR-2026,10:18,Beverly Hills,CA,Street,SUV,Property Damage. No Injured Reported,Yes,raw/SGO/SGO-2021-01_Incident_Reports_ADS.csv
30270-14712,1,Waymo LLC,5-Day,,,APR-2026,Y,JAGUAR,I-PACE,2024,ADS,Verified Engaged,Waymo LLC,APR-2026,19:29,Austin,TX,Street,Passenger Car,Property Damage. No Injured Reported,Yes,raw/SGO/SGO-2021-01_Incident_Reports_ADS.csv
30270-14713,1,Waymo LLC,Monthly,4,2026,MAY-2026,Y,JAGUAR,I-PACE,2024,ADS,Verified Engaged,Waymo LLC,APR-2026,18:17,San Antonio,TX,Street,Passenger Car,Property Damage. No Injured Reported,Yes,raw/SGO/SGO-2021-01_Incident_Reports_ADS.csv
30270-14714,1,Waymo LLC,Monthly,4,2026,MAY-2026,Y,JAGUAR,I-PACE,2024,ADS,Verified Engaged,Waymo LLC,APR-2026,10:05,San Francisco,CA,Street,Heavy Truck,Property Damage. No Injured Reported,Yes,raw/SGO/SGO-2021-01_Incident_Reports_ADS.csv
30270-14715,1,Waymo LLC,Monthly,4,2026,MAY-2026,Y,JAGUAR,I-PACE,2024,ADS,Verified Engaged,Waymo LLC,APR-2026,13:37,Los Angeles,CA,Street,Pickup Truck,Property Damage. No Injured Reported,Yes,raw/SGO/SGO-2021-01_Incident_Reports_ADS.csv
30270-14716,1,Waymo LLC,Monthly,4,2026,MAY-2026,Y,JAGUAR,I-PACE,2024,ADS,Verified Engaged,Waymo LLC,APR-2026,15:16,Austin,TX,Street,SUV,Property Damage. No Injured Reported,Yes,raw/SGO/SGO-2021-01_Incident_Reports_ADS.csv
30270-14717,1,Waymo LLC,Monthly,4,2026,MAY-2026,Y,JAGUAR,I-PACE,2024,ADS,Verified Engaged,Waymo LLC,APR-2026,22:28,Orlando,FL,Street,Pickup Truck,Property Damage. No Injured Reported,Yes,raw/SGO/SGO-2021-01_Incident_Reports_ADS.csv
30270-14733,1,Waymo LLC,5-Day,,,APR-2026,Y,JAGUAR,I-PACE,2024,ADS,Verified Engaged,Waymo LLC,APR-2026,16:38,Phoenix,AZ,Parking Lot,"Other, see Narrative",Property Damage. No Injured Reported,Yes,raw/SGO/SGO-2021-01_Incident_Reports_ADS.csv
30270-14734,1,Waymo LLC,Monthly,4,2026,MAY-2026,Y,JAGUAR,I-PACE,2024,ADS,Verified Engaged,Waymo LLC,APR-2026,20:11,Austin,TX,Street,Pickup Truck,Property Damage. No Injured Reported,Yes,raw/SGO/SGO-2021-01_Incident_Reports_ADS.csv
30270-14735,1,Waymo LLC,Monthly,4,2026,MAY-2026,Y,JAGUAR,I-PACE,2024,ADS,Verified Engaged,Waymo LLC,APR-2026,19:49,Austin,TX,Parking Lot,Passenger Car,Property Damage. No Injured Reported,Yes,raw/SGO/SGO-2021-01_Incident_Reports_ADS.csv
30270-14736,1,Waymo LLC,Monthly,4,2026,MAY-2026,Y,JAGUAR,I-PACE,2024,ADS,Verified Engaged,Waymo LLC,APR-2026,03:42,Austin,TX,Street,Van,Property Damage. No Injured Reported,Yes,raw/SGO/SGO-2021-01_Incident_Reports_ADS.csv
30270-14737,1,Waymo LLC,5-Day,,,APR-2026,Y,JAGUAR,I-PACE,2024,ADS,Verified Engaged,Waymo LLC,APR-2026,15:55,Los Angeles,CA,Highway / Freeway,Passenger Car,Property Damage. No Injured Reported,Yes,raw/SGO/SGO-2021-01_Incident_Reports_ADS.csv
30270-14738,1,Waymo LLC,Monthly,4,2026,MAY-2026,Y,JAGUAR,I-PACE,2024,ADS,Verified Engaged,Waymo LLC,APR-2026,02:13,Austin,TX,Parking Lot,SUV,Property Damage. No Injured Reported,Yes,raw/SGO/SGO-2021-01_Incident_Reports_ADS.csv
30270-14773,1,Waymo LLC,5-Day,,,APR-2026,Y,JAGUAR,I-PACE,2024,ADS,Verified Engaged,Waymo LLC,APR-2026,21:59,Scottsdale,AZ,Intersection,Passenger Car,Property Damage. No Injured Reported,Yes,raw/SGO/SGO-2021-01_Incident_Reports_ADS.csv
30270-14803,1,Waymo LLC,5-Day,,,APR-2026,Y,JAGUAR,I-PACE,2024,ADS,Verified Engaged,Waymo LLC,APR-2026,20:52,San Francisco,CA,Street,Passenger Car,Property Damage. No Injured Reported,Yes,raw/SGO/SGO-2021-01_Incident_Reports_ADS.csv
30270-14804,1,Waymo LLC,5-Day,,,APR-2026,Y,JAGUAR,I-PACE,2024,ADS,Verified Engaged,Waymo LLC,APR-2026,15:56,Los Angeles,CA,Intersection,Pickup Truck,Property Damage. No Injured Reported,Yes,raw/SGO/SGO-2021-01_Incident_Reports_ADS.csv
30270-14805,1,Waymo LLC,5-Day,,,APR-2026,Y,JAGUAR,I-PACE,2024,ADS,Verified Engaged,Waymo LLC,APR-2026,20:16,Atlanta,GA,Street,Motorcycle,Moderate W/O Hospitalization,Yes,raw/SGO/SGO-2021-01_Incident_Reports_ADS.csv
30270-14806,1,Waymo LLC,5-Day,,,APR-2026,Y,JAGUAR,I-PACE,2024,ADS,Verified Engaged,Waymo LLC,APR-2026,21:28,San Francisco,CA,Street,Passenger Car,Property Damage. No Injured Reported,Yes,raw/SGO/SGO-2021-01_Incident_Reports_ADS.csv
30270-14807,1,Waymo LLC,5-Day,,,APR-2026,Y,JAGUAR,I-PACE,2024,ADS,Verified Engaged,Waymo LLC,APR-2026,12:14,Austin,TX,Parking Lot,"Other, see Narrative",Property Damage. No Injured Reported,Yes,raw/SGO/SGO-2021-01_Incident_Reports_ADS.csv
30270-14809,1,Waymo LLC,5-Day,,,APR-2026,Y,JAGUAR,I-PACE,2024,ADS,Verified Engaged,Waymo LLC,APR-2026,14:36,San Francisco,CA,Street,Bus,Property Damage. No Injured Reported,Yes,raw/SGO/SGO-2021-01_Incident_Reports_ADS.csv
30270-14810,1,Waymo LLC,5-Day,,,MAY-2026,Y,JAGUAR,I-PACE,2024,ADS,Verified Engaged,Waymo LLC,APR-2026,11:52,Austin,TX,Street,Passenger Car,Property Damage. No Injured Reported,Yes,raw/SGO/SGO-2021-01_Incident_Reports_ADS.csv
30270-14811,1,Waymo LLC,Monthly,4,2026,MAY-2026,Y,JAGUAR,I-PACE,2024,ADS,Verified Engaged,Waymo LLC,APR-2026,14:03,San Francisco,CA,Street,Pickup Truck,Property Damage. No Injured Reported,Yes,raw/SGO/SGO-2021-01_Incident_Reports_ADS.csv
30270-14826,1,Waymo LLC,5-Day,,,MAY-2026,Y,JAGUAR,I-PACE,2024,ADS,Verified Engaged,Waymo LLC,APR-2026,05:20,Mesa,AZ,Street,Pickup Truck,Property Damage. No Injured Reported,Yes,raw/SGO/SGO-2021-01_Incident_Reports_ADS.csv
30270-14827,1,Waymo LLC,5-Day,,,MAY-2026,Y,JAGUAR,I-PACE,2024,ADS,Verified Engaged,Waymo LLC,APR-2026,12:54,Miami,FL,Street,Heavy Truck,Property Damage. No Injured Reported,Yes,raw/SGO/SGO-2021-01_Incident_Reports_ADS.csv
30270-14828,1,Waymo LLC,5-Day,,,MAY-2026,Y,JAGUAR,I-PACE,2024,ADS,Verified Engaged,Waymo LLC,APR-2026,12:44,San Francisco,CA,Street,Other Fixed Object,Property Damage. No Injured Reported,Yes,raw/SGO/SGO-2021-01_Incident_Reports_ADS.csv
30270-14829,1,Waymo LLC,5-Day,,,MAY-2026,Y,JAGUAR,I-PACE,2024,ADS,Verified Engaged,Waymo LLC,APR-2026,21:56,Los Angeles,CA,Street,SUV,Minor W/O Hospitalization,Yes,raw/SGO/SGO-2021-01_Incident_Reports_ADS.csv
30270-14829,2,Waymo LLC,Update,,,MAY-2026,Y,JAGUAR,I-PACE,2024,ADS,Verified Engaged,Waymo LLC,APR-2026,21:56,Los Angeles,CA,Street,SUV,Minor W/ Hospitalization,Yes,raw/SGO/SGO-2021-01_Incident_Reports_ADS.csv
30270-14831,1,Waymo LLC,5-Day,,,MAY-2026,Y,JAGUAR,I-PACE,2024,ADS,Verified Engaged,Waymo LLC,APR-2026,21:52,Los Angeles,CA,Street,"Other, see Narrative",Property Damage. No Injured Reported,Yes,raw/SGO/SGO-2021-01_Incident_Reports_ADS.csv
30270-14832,1,Waymo LLC,Monthly,4,2026,MAY-2026,Y,JAGUAR,I-PACE,2024,ADS,Verified Engaged,Waymo LLC,APR-2026,01:45,San Francisco,CA,Intersection,Passenger Car,Property Damage. No Injured Reported,Yes,raw/SGO/SGO-2021-01_Incident_Reports_ADS.csv
30270-14833,1,Waymo LLC,Monthly,4,2026,MAY-2026,Y,JAGUAR,I-PACE,2024,ADS,Verified Engaged,Waymo LLC,APR-2026,00:18,Miami,FL,Street,Passenger Car,Property Damage. No Injured Reported,Yes,raw/SGO/SGO-2021-01_Incident_Reports_ADS.csv
30270-14834,1,Waymo LLC,Monthly,4,2026,MAY-2026,Y,JAGUAR,I-PACE,2024,ADS,Verified Engaged,Waymo LLC,APR-2026,21:27,Atlanta,GA,Street,Passenger Car,Property Damage. No Injured Reported,Yes,raw/SGO/SGO-2021-01_Incident_Reports_ADS.csv
30270-14844,1,Waymo LLC,Monthly,4,2026,MAY-2026,Y,JAGUAR,I-PACE,2024,ADS,Verified Engaged,Waymo LLC,APR-2026,15:11,Los Angeles,CA,Street,Pickup Truck,Property Damage. No Injured Reported,Yes,raw/SGO/SGO-2021-01_Incident_Reports_ADS.csv
30270-14845,1,Waymo LLC,Monthly,4,2026,MAY-2026,Y,JAGUAR,I-PACE,2024,ADS,Verified Engaged,Waymo LLC,APR-2026,15:19,San Francisco,CA,Street,Passenger Car,Property Damage. No Injured Reported,Yes,raw/SGO/SGO-2021-01_Incident_Reports_ADS.csv
30270-14846,1,Waymo LLC,5-Day,,,MAY-2026,Y,JAGUAR,I-PACE,2024,ADS,Verified Engaged,Waymo LLC,APR-2026,10:13,Daly City,CA,Highway / Freeway,Passenger Car,Property Damage. No Injured Reported,Yes,raw/SGO/SGO-2021-01_Incident_Reports_ADS.csv
30270-14847,1,Waymo LLC,5-Day,,,MAY-2026,Y,JAGUAR,I-PACE,2024,ADS,Verified Engaged,Waymo LLC,APR-2026,15:09,San Francisco,CA,Intersection,Pickup Truck,Property Damage. No Injured Reported,Yes,raw/SGO/SGO-2021-01_Incident_Reports_ADS.csv
30270-14848,1,Waymo LLC,5-Day,,,MAY-2026,Y,JAGUAR,I-PACE,2024,ADS,Verified Engaged,Waymo LLC,APR-2026,19:39,Los Angeles,CA,Street,Bus,Property Damage. No Injured Reported,Yes,raw/SGO/SGO-2021-01_Incident_Reports_ADS.csv
30270-14849,1,Waymo LLC,Monthly,4,2026,MAY-2026,Y,JAGUAR,I-PACE,2024,ADS,Verified Engaged,Waymo LLC,APR-2026,03:47,South San Francisco,CA,Street,Heavy Truck,Property Damage. No Injured Reported,Yes,raw/SGO/SGO-2021-01_Incident_Reports_ADS.csv
30270-14850,1,Waymo LLC,5-Day,,,MAY-2026,Y,JAGUAR,I-PACE,2024,ADS,Verified Engaged,Waymo LLC,APR-2026,05:52,Los Angeles,CA,Intersection,Heavy Truck,Property Damage. No Injured Reported,Yes,raw/SGO/SGO-2021-01_Incident_Reports_ADS.csv
30270-14856,1,Waymo LLC,5-Day,,,MAY-2026,Y,JAGUAR,I-PACE,2024,ADS,Verified Engaged,Waymo LLC,APR-2026,18:13,Austin,TX,Street,Heavy Truck,Property Damage. No Injured Reported,Yes,raw/SGO/SGO-2021-01_Incident_Reports_ADS.csv
30270-14882,1,Waymo LLC,Monthly,4,2026,MAY-2026,Y,JAGUAR,I-PACE,2024,ADS,Verified Engaged,Waymo LLC,APR-2026,12:08,San Francisco,CA,Street,Passenger Car,Property Damage. No Injured Reported,Yes,raw/SGO/SGO-2021-01_Incident_Reports_ADS.csv
30270-14887,1,Waymo LLC,Monthly,4,2026,MAY-2026,Y,JAGUAR,I-PACE,2024,ADS,Verified Engaged,Waymo LLC,APR-2026,21:35,San Francisco,CA,Intersection,"Other, see Narrative",Property Damage. No Injured Reported,Yes,raw/SGO/SGO-2021-01_Incident_Reports_ADS.csv
30270-14888,1,Waymo LLC,5-Day,,,MAY-2026,Y,JAGUAR,I-PACE,2024,ADS,Verified Engaged,Waymo LLC,APR-2026,21:13,Los Angeles,CA,Intersection,SUV,Minor W/ Hospitalization,Yes,raw/SGO/SGO-2021-01_Incident_Reports_ADS.csv
30270-14889,1,Waymo LLC,Monthly,4,2026,MAY-2026,Y,JAGUAR,I-PACE,2024,ADS,Verified Engaged,Waymo LLC,APR-2026,16:07,Los Angeles,CA,Street,Passenger Car,Property Damage. No Injured Reported,Yes,raw/SGO/SGO-2021-01_Incident_Reports_ADS.csv
30270-14890,1,Waymo LLC,5-Day,,,MAY-2026,Y,JAGUAR,I-PACE,2024,ADS,Verified Engaged,Waymo LLC,MAY-2026,21:51,Phoenix,AZ,Street,SUV,Property Damage. No Injured Reported,Yes,raw/SGO/SGO-2021-01_Incident_Reports_ADS.csv
30270-14891,1,Waymo LLC,Monthly,4,2026,MAY-2026,Y,JAGUAR,I-PACE,2024,ADS,Verified Engaged,Waymo LLC,APR-2026,02:01,Nashville,TN,Street,Pickup Truck,Property Damage. No Injured Reported,Yes,raw/SGO/SGO-2021-01_Incident_Reports_ADS.csv
30270-14893,1,Waymo LLC,Monthly,4,2026,MAY-2026,Y,JAGUAR,I-PACE,2024,ADS,Verified Engaged,Waymo LLC,APR-2026,15:34,Phoenix,AZ,Intersection,Passenger Car,Property Damage. No Injured Reported,Yes,raw/SGO/SGO-2021-01_Incident_Reports_ADS.csv
30270-14894,1,Waymo LLC,5-Day,,,MAY-2026,Y,JAGUAR,I-PACE,2024,ADS,Verified Engaged,Waymo LLC,MAY-2026,02:10,Los Angeles,CA,Street,Passenger Car,Property Damage. No Injured Reported,Yes,raw/SGO/SGO-2021-01_Incident_Reports_ADS.csv
30270-14895,1,Waymo LLC,Monthly,4,2026,MAY-2026,Y,JAGUAR,I-PACE,2024,ADS,Verified Engaged,Waymo LLC,APR-2026,23:51,Dallas,TX,Street,Passenger Car,Property Damage. No Injured Reported,Yes,raw/SGO/SGO-2021-01_Incident_Reports_ADS.csv
30270-14896,1,Waymo LLC,Monthly,5,2026,MAY-2026,Y,JAGUAR,I-PACE,2024,ADS,Verified Engaged,Waymo LLC,APR-2026,04:01,Austin,TX,Street,SUV,Property Damage. No Injured Reported,Yes,raw/SGO/SGO-2021-01_Incident_Reports_ADS.csv
30270-14897,1,Waymo LLC,Monthly,5,2026,MAY-2026,Y,JAGUAR,I-PACE,2024,ADS,Verified Engaged,Waymo LLC,APR-2026,14:13,Atlanta,GA,Intersection,Passenger Car,Property Damage. No Injured Reported,Yes,raw/SGO/SGO-2021-01_Incident_Reports_ADS.csv
30270-14901,1,Waymo LLC,Monthly,5,2026,MAY-2026,Y,JAGUAR,I-PACE,2024,ADS,Verified Engaged,Waymo LLC,APR-2026,06:40,Tempe,AZ,Traffic Circle,Other Fixed Object,Property Damage. No Injured Reported,Yes,raw/SGO/SGO-2021-01_Incident_Reports_ADS.csv
30270-14903,1,Waymo LLC,Monthly,5,2026,MAY-2026,Y,JAGUAR,I-PACE,2024,ADS,Verified Engaged,Waymo LLC,APR-2026,15:44,Venice,CA,Street,SUV,Property Damage. No Injured Reported,Yes,raw/SGO/SGO-2021-01_Incident_Reports_ADS.csv
30270-14905,1,Waymo LLC,Monthly,5,2026,MAY-2026,Y,JAGUAR,I-PACE,2024,ADS,Verified Engaged,Waymo LLC,APR-2026,08:30,San Francisco,CA,Street,SUV,Property Damage. No Injured Reported,Yes,raw/SGO/SGO-2021-01_Incident_Reports_ADS.csv
30270-14907,1,Waymo LLC,Monthly,5,2026,MAY-2026,Y,JAGUAR,I-PACE,2024,ADS,Verified Engaged,Waymo LLC,APR-2026,16:00,Los Angeles,CA,Street,Passenger Car,Property Damage. No Injured Reported,Yes,raw/SGO/SGO-2021-01_Incident_Reports_ADS.csv
30270-14908,1,Waymo LLC,Monthly,5,2026,JUN-2026,Y,JAGUAR,I-PACE,2024,ADS,Verified Engaged,Waymo LLC,MAY-2026,21:51,San Francisco,CA,Street,SUV,Property Damage. No Injured Reported,Yes,raw/SGO/SGO-2021-01_Incident_Reports_ADS.csv
30270-14927,1,Waymo LLC,5-Day,,,MAY-2026,Y,JAGUAR,I-PACE,2024,ADS,Verified Engaged,Waymo LLC,MAY-2026,14:53,San Francisco,CA,Street,Van,Property Damage. No Injured Reported,Yes,raw/SGO/SGO-2021-01_Incident_Reports_ADS.csv
30270-14928,1,Waymo LLC,Monthly,5,2026,MAY-2026,Y,JAGUAR,I-PACE,2024,ADS,Verified Engaged,Waymo LLC,APR-2026,01:02,Atlanta,GA,Street,SUV,Property Damage. No Injured Reported,Yes,raw/SGO/SGO-2021-01_Incident_Reports_ADS.csv
30270-14929,1,Waymo LLC,Monthly,5,2026,MAY-2026,Y,JAGUAR,I-PACE,2024,ADS,Verified Engaged,Waymo LLC,APR-2026,22:18,Austin,TX,Street,Passenger Car,Property Damage. No Injured Reported,Yes,raw/SGO/SGO-2021-01_Incident_Reports_ADS.csv
30270-14930,1,Waymo LLC,Monthly,5,2026,MAY-2026,Y,JAGUAR,I-PACE,2024,ADS,Verified Engaged,Waymo LLC,APR-2026,17:03,Atlanta,GA,Street,Passenger Car,Property Damage. No Injured Reported,Yes,raw/SGO/SGO-2021-01_Incident_Reports_ADS.csv
30270-14931,1,Waymo LLC,Monthly,5,2026,MAY-2026,Y,JAGUAR,I-PACE,2024,ADS,Verified Engaged,Waymo LLC,APR-2026,20:19,Los Angeles,CA,Street,Van,Property Damage. No Injured Reported,Yes,raw/SGO/SGO-2021-01_Incident_Reports_ADS.csv
30270-14932,1,Waymo LLC,Monthly,5,2026,MAY-2026,Y,JAGUAR,I-PACE,2024,ADS,Verified Engaged,Waymo LLC,APR-2026,15:04,Phoenix,AZ,Street,Passenger Car,Property Damage. No Injured Reported,Yes,raw/SGO/SGO-2021-01_Incident_Reports_ADS.csv
30270-14933,1,Waymo LLC,Monthly,5,2026,MAY-2026,Y,JAGUAR,I-PACE,2024,ADS,Verified Engaged,Waymo LLC,APR-2026,00:39,Paradise Valley,AZ,Intersection,"Other, see Narrative",Property Damage. No Injured Reported,Yes,raw/SGO/SGO-2021-01_Incident_Reports_ADS.csv
30270-14934,1,Waymo LLC,Monthly,4,2026,MAY-2026,Y,JAGUAR,I-PACE,2024,ADS,Verified Engaged,Waymo LLC,APR-2026,00:22,San Antonio,TX,Street,SUV,Property Damage. No Injured Reported,Yes,raw/SGO/SGO-2021-01_Incident_Reports_ADS.csv
30270-14935,1,Waymo LLC,Monthly,5,2026,MAY-2026,Y,JAGUAR,I-PACE,2024,ADS,Verified Engaged,Waymo LLC,APR-2026,08:33,Austin,TX,Street,Passenger Car,Property Damage. No Injured Reported,Yes,raw/SGO/SGO-2021-01_Incident_Reports_ADS.csv
30270-14936,1,Waymo LLC,Monthly,4,2026,MAY-2026,Y,JAGUAR,I-PACE,2024,ADS,Verified Engaged,Waymo LLC,APR-2026,07:54,Los Angeles,CA,Street,Heavy Truck,Property Damage. No Injured Reported,Yes,raw/SGO/SGO-2021-01_Incident_Reports_ADS.csv
30270-14937,1,Waymo LLC,Monthly,5,2026,MAY-2026,Y,JAGUAR,I-PACE,2024,ADS,Verified Engaged,Waymo LLC,APR-2026,00:03,Los Angeles,CA,Street,SUV,Property Damage. No Injured Reported,Yes,raw/SGO/SGO-2021-01_Incident_Reports_ADS.csv
30270-14939,1,Waymo LLC,5-Day,,,MAY-2026,Y,JAGUAR,I-PACE,2024,ADS,Verified Engaged,Waymo LLC,MAY-2026,15:25,Los Angeles,CA,Street,SUV,Property Damage. No Injured Reported,Yes,raw/SGO/SGO-2021-01_Incident_Reports_ADS.csv
30270-1494,1,Waymo LLC,Monthly,9,2021,OCT-2021,,Jaguar,I-Pace,2021,ADS,,Waymo LLC,SEP-2021,01:56,San Francisco,CA,Street,Passenger Car,No Injuries Reported,Yes,raw/SGO/SGO-2021-01_Incident_Reports_ADS (1).csv
30270-14940,1,Waymo LLC,Monthly,5,2026,MAY-2026,Y,JAGUAR,I-PACE,2024,ADS,Alleged Engaged,Waymo LLC,APR-2026,15:55,Houston,TX,Street,Heavy Truck,Property Damage. No Injured Reported,Yes,raw/SGO/SGO-2021-01_Incident_Reports_ADS.csv
30270-14941,1,Waymo LLC,Monthly,4,2026,MAY-2026,Y,ZEEKR,RT,2025,ADS,Verified Not Engaged,Waymo LLC,APR-2026,11:50,Gilbert,AZ,Traffic Circle,Other Fixed Object,Property Damage. No Injured Reported,Yes,raw/SGO/SGO-2021-01_Incident_Reports_ADS.csv
30270-14942,1,Waymo LLC,5-Day,,,MAY-2026,Y,JAGUAR,I-PACE,2024,ADS,Verified Engaged,Waymo LLC,MAY-2026,11:25,Dallas,TX,Parking Lot,"Other, see Narrative",Property Damage. No Injured Reported,Yes,raw/SGO/SGO-2021-01_Incident_Reports_ADS.csv
30270-14943,1,Waymo LLC,Monthly,4,2026,MAY-2026,Y,JAGUAR,I-PACE,2024,ADS,Verified Engaged,Waymo LLC,APR-2026,23:53,Atlanta,GA,Street,"Other, see Narrative",Property Damage. No Injured Reported,Yes,raw/SGO/SGO-2021-01_Incident_Reports_ADS.csv
30270-14944,1,Waymo LLC,Monthly,4,2026,MAY-2026,Y,JAGUAR,I-PACE,2024,ADS,Verified Engaged,Waymo LLC,APR-2026,16:37,Atlanta,GA,Street,Pickup Truck,Property Damage. No Injured Reported,Yes,raw/SGO/SGO-2021-01_Incident_Reports_ADS.csv
30270-14945,1,Waymo LLC,Monthly,5,2026,JUN-2026,Y,JAGUAR,I-PACE,2024,ADS,Verified Engaged,Waymo LLC,MAY-2026,12:08,San Francisco,CA,Street,Heavy Truck,Property Damage. No Injured Reported,Yes,raw/SGO/SGO-2021-01_Incident_Reports_ADS.csv
30270-1495,1,Waymo LLC,Monthly,9,2021,OCT-2021,,Jaguar,I-Pace,2021,ADS,,Waymo LLC,SEP-2021,17:14,San Francisco,CA,Intersection,Passenger Car,No Injuries Reported,Yes,raw/SGO/SGO-2021-01_Incident_Reports_ADS (1).csv
30270-14976,1,Waymo LLC,5-Day,,,MAY-2026,Y,JAGUAR,I-PACE,2024,ADS,Verified Engaged,Waymo LLC,MAY-2026,21:14,San Francisco,CA,Street,Other Fixed Object,Property Damage. No Injured Reported,Yes,raw/SGO/SGO-2021-01_Incident_Reports_ADS.csv
30270-14977,1,Waymo LLC,5-Day,,,MAY-2026,Y,JAGUAR,I-PACE,2024,ADS,Verified Engaged,Waymo LLC,MAY-2026,10:01,Austin,TX,Intersection,Passenger Car,Property Damage. No Injured Reported,Yes,raw/SGO/SGO-2021-01_Incident_Reports_ADS.csv
30270-14978,1,Waymo LLC,5-Day,,,MAY-2026,Y,JAGUAR,I-PACE,2024,ADS,Verified Engaged,Waymo LLC,MAY-2026,14:20,Miami,FL,Street,SUV,Property Damage. No Injured Reported,Yes,raw/SGO/SGO-2021-01_Incident_Reports_ADS.csv
30270-14979,1,Waymo LLC,5-Day,,,MAY-2026,Y,JAGUAR,I-PACE,2021,ADS,Verified Not Engaged,Waymo LLC,MAY-2026,15:16,Houston,TX,Intersection,Passenger Car,Property Damage. No Injured Reported,Yes,raw/SGO/SGO-2021-01_Incident_Reports_ADS.csv
30270-1498,1,Waymo LLC,Monthly,9,2021,OCT-2021,,Jaguar,I-Pace,2021,ADS,,Waymo LLC,SEP-2021,12:33,San Francisco,CA,Intersection,Passenger Car,No Injuries Reported,Yes,raw/SGO/SGO-2021-01_Incident_Reports_ADS (1).csv
30270-1498,2,Waymo LLC,Update,9,2021,OCT-2021,,Jaguar,I-Pace,2021,ADS,,Waymo LLC,SEP-2021,12:33,San Francisco,CA,Intersection,Passenger Car,No Injuries Reported,Yes,raw/SGO/SGO-2021-01_Incident_Reports_ADS (1).csv
30270-14980,1,Waymo LLC,5-Day,,,MAY-2026,Y,JAGUAR,I-PACE,2024,ADS,Verified Engaged,Waymo LLC,MAY-2026,03:08,Los Angeles,CA,Street,Passenger Car,Minor W/O Hospitalization,Yes,raw/SGO/SGO-2021-01_Incident_Reports_ADS.csv
30270-14981,1,Waymo LLC,Monthly,5,2026,JUN-2026,Y,JAGUAR,I-PACE,2024,ADS,Verified Engaged,Waymo LLC,MAY-2026,21:54,Los Angeles,CA,Street,SUV,Property Damage. No Injured Reported,Yes,raw/SGO/SGO-2021-01_Incident_Reports_ADS.csv
30270-14982,1,Waymo LLC,Monthly,5,2026,JUN-2026,Y,JAGUAR,I-PACE,2024,ADS,Verified Engaged,Waymo LLC,MAY-2026,00:07,Austin,TX,Street,Passenger Car,Property Damage. No Injured Reported,Yes,raw/SGO/SGO-2021-01_Incident_Reports_ADS.csv
30270-14984,1,Waymo LLC,Monthly,5,2026,JUN-2026,Y,JAGUAR,I-PACE,2024,ADS,Verified Engaged,Waymo LLC,MAY-2026,12:04,San Francisco,CA,Intersection,SUV,Property Damage. No Injured Reported,Yes,raw/SGO/SGO-2021-01_Incident_Reports_ADS.csv
30270-14986,1,Waymo LLC,5-Day,,,MAY-2026,Y,JAGUAR,I-PACE,2024,ADS,Verified Engaged,Waymo LLC,MAY-2026,20:37,Santa Monica,CA,Street,Passenger Car,Minor W/ Hospitalization,Yes,raw/SGO/SGO-2021-01_Incident_Reports_ADS.csv
30270-14987,1,Waymo LLC,Monthly,5,2026,JUN-2026,Y,JAGUAR,I-PACE,2024,ADS,Verified Engaged,Waymo LLC,MAY-2026,05:54,San Francisco,CA,Street,SUV,Property Damage. No Injured Reported,Yes,raw/SGO/SGO-2021-01_Incident_Reports_ADS.csv
30270-14988,1,Waymo LLC,Monthly,5,2026,JUN-2026,Y,JAGUAR,I-PACE,2024,ADS,Verified Engaged,Waymo LLC,MAY-2026,23:55,Atlanta,GA,Street,Heavy Truck,Property Damage. No Injured Reported,Yes,raw/SGO/SGO-2021-01_Incident_Reports_ADS.csv
30270-14989,1,Waymo LLC,Monthly,5,2026,JUN-2026,Y,JAGUAR,I-PACE,2024,ADS,Verified Engaged,Waymo LLC,MAY-2026,16:39,Los Angeles,CA,Street,SUV,Property Damage. No Injured Reported,Yes,raw/SGO/SGO-2021-01_Incident_Reports_ADS.csv
30270-14992,1,Waymo LLC,Monthly,5,2026,JUN-2026,Y,JAGUAR,I-PACE,2024,ADS,Verified Engaged,Waymo LLC,MAY-2026,07:00,Santa Monica,CA,Street,SUV,Property Damage. No Injured Reported,Yes,raw/SGO/SGO-2021-01_Incident_Reports_ADS.csv
30270-1500,1,Waymo LLC,Monthly,9,2021,OCT-2021,,Jaguar,I-Pace,2021,ADS,,Waymo LLC,SEP-2021,11:39,San Francisco,CA,Street,Passenger Car,No Injuries Reported,Yes,raw/SGO/SGO-2021-01_Incident_Reports_ADS (1).csv
30270-15002,1,Waymo LLC,Monthly,5,2026,JUN-2026,Y,JAGUAR,I-PACE,2024,ADS,Verified Engaged,Waymo LLC,MAY-2026,13:15,Los Angeles,CA,Intersection,Animal,Property Damage. No Injured Reported,Yes,raw/SGO/SGO-2021-01_Incident_Reports_ADS.csv
30270-15009,1,Waymo LLC,5-Day,,,MAY-2026,Y,JAGUAR,I-PACE,2024,ADS,Verified Engaged,Waymo LLC,MAY-2026,22:47,South San Francisco,CA,Street,Passenger Car,Property Damage. No Injured Reported,Yes,raw/SGO/SGO-2021-01_Incident_Reports_ADS.csv
30270-1501,1,Waymo LLC,Monthly,9,2021,OCT-2021,,Chrysler,Pacifica,2017,ADS,,Waymo LLC,SEP-2021,01:58,Tempe,AZ,Parking Lot,Passenger Car,No Injuries Reported,Yes,raw/SGO/SGO-2021-01_Incident_Reports_ADS (1).csv
30270-15011,1,Waymo LLC,5-Day,,,MAY-2026,Y,JAGUAR,I-PACE,2024,ADS,Verified Engaged,Waymo LLC,MAY-2026,09:17,Los Angeles,CA,Street,Heavy Truck,Property Damage. No Injured Reported,Yes,raw/SGO/SGO-2021-01_Incident_Reports_ADS.csv
30270-15012,1,Waymo LLC,5-Day,,,MAY-2026,Y,JAGUAR,I-PACE,2024,ADS,Verified Engaged,Waymo LLC,MAY-2026,19:22,Atlanta,GA,Parking Lot,SUV,Property Damage. No Injured Reported,Yes,raw/SGO/SGO-2021-01_Incident_Reports_ADS.csv
30270-15013,1,Waymo LLC,5-Day,,,MAY-2026,Y,JAGUAR,I-PACE,2024,ADS,Verified Engaged,Waymo LLC,MAY-2026,10:31,Houston,TX,Intersection,Passenger Car,Property Damage. No Injured Reported,Yes,raw/SGO/SGO-2021-01_Incident_Reports_ADS.csv
30270-15014,1,Waymo LLC,Monthly,5,2026,JUN-2026,Y,JAGUAR,I-PACE,2024,ADS,Verified Engaged,Waymo LLC,MAY-2026,22:40,San Jose,CA,Street,Passenger Car,Property Damage. No Injured Reported,Yes,raw/SGO/SGO-2021-01_Incident_Reports_ADS.csv
30270-15015,1,Waymo LLC,Monthly,5,2026,JUN-2026,Y,JAGUAR,I-PACE,2024,ADS,Verified Engaged,Waymo LLC,MAY-2026,19:13,Atlanta,GA,Street,Van,Property Damage. No Injured Reported,Yes,raw/SGO/SGO-2021-01_Incident_Reports_ADS.csv
30270-15020,1,Waymo LLC,5-Day,,,MAY-2026,Y,JAGUAR,I-PACE,2024,ADS,Verified Engaged,Waymo LLC,MAY-2026,18:20,Redwood City,CA,Street,Passenger Car,Property Damage. No Injured Reported,Yes,raw/SGO/SGO-2021-01_Incident_Reports_ADS.csv
30270-15021,1,Waymo LLC,5-Day,,,MAY-2026,Y,JAGUAR,I-PACE,2024,ADS,Verified Engaged,Waymo LLC,MAY-2026,12:02,San Francisco,CA,Street,Bus,Property Damage. No Injured Reported,Yes,raw/SGO/SGO-2021-01_Incident_Reports_ADS.csv
30270-15022,1,Waymo LLC,5-Day,,,MAY-2026,Y,JAGUAR,I-PACE,2024,ADS,Verified Engaged,Waymo LLC,MAY-2026,12:43,Tempe,AZ,Street,Passenger Car,Unknown,Yes,raw/SGO/SGO-2021-01_Incident_Reports_ADS.csv
30270-15023,1,Waymo LLC,5-Day,,,MAY-2026,Y,JAGUAR,I-PACE,2024,ADS,Verified Engaged,Waymo LLC,MAY-2026,18:51,Los Angeles,CA,Intersection,SUV,Property Damage. No Injured Reported,Yes,raw/SGO/SGO-2021-01_Incident_Reports_ADS.csv
30270-15024,1,Waymo LLC,5-Day,,,MAY-2026,Y,JAGUAR,I-PACE,2024,ADS,Verified Engaged,Waymo LLC,MAY-2026,15:20,Los Angeles,CA,Street,Passenger Car,Property Damage. No Injured Reported,Yes,raw/SGO/SGO-2021-01_Incident_Reports_ADS.csv
30270-15025,1,Waymo LLC,5-Day,,,MAY-2026,Y,JAGUAR,I-PACE,2024,ADS,Verified Engaged,Waymo LLC,MAY-2026,20:00,Los Angeles,CA,Intersection,Bus,Property Damage. No Injured Reported,Yes,raw/SGO/SGO-2021-01_Incident_Reports_ADS.csv
30270-15029,1,Waymo LLC,Monthly,5,2026,JUN-2026,Y,JAGUAR,I-PACE,2024,ADS,Verified Engaged,Waymo LLC,MAY-2026,00:22,San Francisco,CA,Street,"Other, see Narrative",Property Damage. No Injured Reported,Yes,raw/SGO/SGO-2021-01_Incident_Reports_ADS.csv
30270-15030,1,Waymo LLC,Monthly,5,2026,JUN-2026,Y,JAGUAR,I-PACE,2024,ADS,Verified Engaged,Waymo LLC,MAY-2026,16:46,Los Angeles,CA,Street,SUV,Property Damage. No Injured Reported,Yes,raw/SGO/SGO-2021-01_Incident_Reports_ADS.csv
30270-15067,1,Waymo LLC,5-Day,,,MAY-2026,Y,JAGUAR,I-PACE,2024,ADS,Verified Engaged,Waymo LLC,MAY-2026,05:53,Atlanta,GA,Street,Pickup Truck,Property Damage. No Injured Reported,Yes,raw/SGO/SGO-2021-01_Incident_Reports_ADS.csv
30270-15068,1,Waymo LLC,5-Day,,,MAY-2026,Y,JAGUAR,I-PACE,2024,ADS,Verified Engaged,Waymo LLC,MAY-2026,02:29,Austin,TX,Parking Lot,Pickup Truck,Property Damage. No Injured Reported,Yes,raw/SGO/SGO-2021-01_Incident_Reports_ADS.csv
30270-15069,1,Waymo LLC,Monthly,5,2026,JUN-2026,Y,JAGUAR,I-PACE,2024,ADS,Verified Engaged,Waymo LLC,MAY-2026,15:11,San Francisco,CA,Street,Motorcycle,Property Damage. No Injured Reported,Yes,raw/SGO/SGO-2021-01_Incident_Reports_ADS.csv
30270-15070,1,Waymo LLC,5-Day,,,MAY-2026,Y,ZEEKR,RT,2025,ADS,Verified Not Engaged,Waymo LLC,MAY-2026,06:44,Los Angeles,CA,Street,Pickup Truck,Moderate W/ Hospitalization,Yes,raw/SGO/SGO-2021-01_Incident_Reports_ADS.csv
30270-15071,1,Waymo LLC,5-Day,,,MAY-2026,Y,JAGUAR,I-PACE,2024,ADS,Verified Engaged,Waymo LLC,MAY-2026,10:15,San Francisco,CA,Street,SUV,Property Damage. No Injured Reported,Yes,raw/SGO/SGO-2021-01_Incident_Reports_ADS.csv
30270-15073,1,Waymo LLC,5-Day,,,MAY-2026,Y,JAGUAR,I-PACE,2024,ADS,Verified Engaged,Waymo LLC,MAY-2026,14:54,Atlanta,GA,Intersection,Pickup Truck,Property Damage. No Injured Reported,Yes,raw/SGO/SGO-2021-01_Incident_Reports_ADS.csv
30270-15075,1,Waymo LLC,5-Day,,,MAY-2026,Y,JAGUAR,I-PACE,2024,ADS,Verified Engaged,Waymo LLC,MAY-2026,18:19,Menlo Park,CA,Street,SUV,Property Damage. No Injured Reported,Yes,raw/SGO/SGO-2021-01_Incident_Reports_ADS.csv
30270-15076,1,Waymo LLC,5-Day,,,MAY-2026,Y,JAGUAR,I-PACE,2024,ADS,Verified Engaged,Waymo LLC,MAY-2026,22:33,Phoenix,AZ,Street,"Other, see Narrative",Property Damage. No Injured Reported,Yes,raw/SGO/SGO-2021-01_Incident_Reports_ADS.csv
30270-15095,1,Waymo LLC,5-Day,,,MAY-2026,Y,JAGUAR,I-PACE,2024,ADS,Verified Engaged,Waymo LLC,MAY-2026,15:49,Austin,TX,Street,Pickup Truck,Property Damage. No Injured Reported,Yes,raw/SGO/SGO-2021-01_Incident_Reports_ADS.csv
30270-15096,1,Waymo LLC,5-Day,,,MAY-2026,Y,JAGUAR,I-PACE,2024,ADS,Verified Engaged,Waymo LLC,MAY-2026,23:59,San Francisco,CA,Street,SUV,Unknown,Yes,raw/SGO/SGO-2021-01_Incident_Reports_ADS.csv
30270-15097,1,Waymo LLC,Monthly,5,2026,JUN-2026,Y,JAGUAR,I-PACE,2024,ADS,Verified Engaged,Waymo LLC,MAY-2026,23:16,Tempe,AZ,Street,SUV,Property Damage. No Injured Reported,Yes,raw/SGO/SGO-2021-01_Incident_Reports_ADS.csv
30270-15098,1,Waymo LLC,Monthly,5,2026,JUN-2026,Y,JAGUAR,I-PACE,2024,ADS,Verified Engaged,Waymo LLC,MAY-2026,16:32,Austin,TX,Street,Passenger Car,Property Damage. No Injured Reported,Yes,raw/SGO/SGO-2021-01_Incident_Reports_ADS.csv
30270-15101,1,Waymo LLC,5-Day,,,MAY-2026,Y,JAGUAR,I-PACE,2024,ADS,Verified Engaged,Waymo LLC,MAY-2026,12:57,Los Angeles,CA,Parking Lot,"Other, see Narrative",Property Damage. No Injured Reported,Yes,raw/SGO/SGO-2021-01_Incident_Reports_ADS.csv
30270-15102,1,Waymo LLC,5-Day,,,MAY-2026,Y,JAGUAR,I-PACE,2024,ADS,Verified Engaged,Waymo LLC,MAY-2026,09:29,Culver City,CA,Street,Passenger Car,Property Damage. No Injured Reported,Yes,raw/SGO/SGO-2021-01_Incident_Reports_ADS.csv
30270-15104,1,Waymo LLC,5-Day,,,MAY-2026,Y,JAGUAR,I-PACE,2024,ADS,Verified Engaged,Waymo LLC,MAY-2026,22:43,Los Angeles,CA,Intersection,Passenger Car,Property Damage. No Injured Reported,Yes,raw/SGO/SGO-2021-01_Incident_Reports_ADS.csv
30270-15105,1,Waymo LLC,5-Day,,,MAY-2026,Y,JAGUAR,I-PACE,2024,ADS,Verified Engaged,Waymo LLC,MAY-2026,23:09,Los Angeles,CA,Street,Pickup Truck,Minor W/O Hospitalization,Yes,raw/SGO/SGO-2021-01_Incident_Reports_ADS.csv
30270-15106,1,Waymo LLC,5-Day,,,JUN-2026,Y,JAGUAR,I-PACE,2024,ADS,Verified Engaged,Waymo LLC,MAY-2026,22:32,San Francisco,CA,Street,Passenger Car,Property Damage. No Injured Reported,Yes,raw/SGO/SGO-2021-01_Incident_Reports_ADS.csv
30270-15157,1,Waymo LLC,5-Day,,,MAY-2026,Y,JAGUAR,I-PACE,2024,ADS,Verified Engaged,Waymo LLC,MAY-2026,2:34,Mesa,AZ,Street,"Other, see Narrative",Property Damage. No Injured Reported,Yes,raw/SGO/SGO-2021-01_Incident_Reports_ADS.csv
30270-15158,1,Waymo LLC,5-Day,,,MAY-2026,Y,JAGUAR,I-PACE,2024,ADS,Verified Engaged,Waymo LLC,MAY-2026,8:48,San Francisco,CA,Street,Pickup Truck,Property Damage. No Injured Reported,Yes,raw/SGO/SGO-2021-01_Incident_Reports_ADS.csv
30270-15159,1,Waymo LLC,5-Day,,,MAY-2026,Y,JAGUAR,I-PACE,2024,ADS,Verified Engaged,Waymo LLC,MAY-2026,7:30,San Francisco,CA,Intersection,Passenger Car,Property Damage. No Injured Reported,Yes,raw/SGO/SGO-2021-01_Incident_Reports_ADS.csv
30270-15160,1,Waymo LLC,5-Day,,,MAY-2026,Y,JAGUAR,I-PACE,2024,ADS,Verified Engaged,Waymo LLC,MAY-2026,7:57,San Francisco,CA,Street,SUV,Property Damage. No Injured Reported,Yes,raw/SGO/SGO-2021-01_Incident_Reports_ADS.csv
30270-15172,1,Waymo LLC,5-Day,,,MAY-2026,Y,JAGUAR,I-PACE,2024,ADS,Verified Engaged,Waymo LLC,MAY-2026,14:43,San Francisco,CA,Street,Bus,Property Damage. No Injured Reported,Yes,raw/SGO/SGO-2021-01_Incident_Reports_ADS.csv
30270-15173,1,Waymo LLC,5-Day,,,MAY-2026,Y,JAGUAR,I-PACE,2024,ADS,Verified Engaged,Waymo LLC,MAY-2026,15:04,Scottsdale,AZ,Street,Passenger Car,Minor W/O Hospitalization,Yes,raw/SGO/SGO-2021-01_Incident_Reports_ADS.csv
30270-15174,1,Waymo LLC,5-Day,,,MAY-2026,Y,JAGUAR,I-PACE,2024,ADS,Verified Engaged,Waymo LLC,MAY-2026,15:59,Phoenix,AZ,Intersection,Pickup Truck,Moderate W/ Hospitalization,Yes,raw/SGO/SGO-2021-01_Incident_Reports_ADS.csv
30270-15175,1,Waymo LLC,5-Day,,,MAY-2026,Y,JAGUAR,I-PACE,2024,ADS,Verified Engaged,Waymo LLC,MAY-2026,02:39,West Hollywood,CA,Street,SUV,Property Damage. No Injured Reported,Yes,raw/SGO/SGO-2021-01_Incident_Reports_ADS.csv
30270-15176,1,Waymo LLC,Monthly,5,2026,JUN-2026,Y,JAGUAR,I-PACE,2024,ADS,Verified Engaged,Waymo LLC,MAY-2026,16:47,Austin,TX,Street,Van,Property Damage. No Injured Reported,Yes,raw/SGO/SGO-2021-01_Incident_Reports_ADS.csv
30270-15177,1,Waymo LLC,Monthly,5,2026,JUN-2026,Y,JAGUAR,I-PACE,2024,ADS,Verified Engaged,Waymo LLC,MAY-2026,14:20,Los Angeles,CA,Street,SUV,Minor W/O Hospitalization,Yes,raw/SGO/SGO-2021-01_Incident_Reports_ADS.csv
30270-15178,1,Waymo LLC,Monthly,5,2026,JUN-2026,Y,JAGUAR,I-PACE,2024,ADS,Verified Engaged,Waymo LLC,MAY-2026,15:33,San Francisco,CA,Street,Pickup Truck,Property Damage. No Injured Reported,Yes,raw/SGO/SGO-2021-01_Incident_Reports_ADS.csv
30270-15179,1,Waymo LLC,Monthly,5,2026,JUN-2026,Y,JAGUAR,I-PACE,2024,ADS,Verified Engaged,Waymo LLC,MAY-2026,16:56,San Francisco,CA,Intersection,Motorcycle,Property Damage. No Injured Reported,Yes,raw/SGO/SGO-2021-01_Incident_Reports_ADS.csv
30270-15190,1,Waymo LLC,Monthly,5,2026,JUN-2026,Y,JAGUAR,I-PACE,2024,ADS,Verified Engaged,Waymo LLC,MAY-2026,19:44,Los Angeles,CA,Street,Pickup Truck,Property Damage. No Injured Reported,Yes,raw/SGO/SGO-2021-01_Incident_Reports_ADS.csv
30270-15191,1,Waymo LLC,Monthly,5,2026,JUN-2026,Y,JAGUAR,I-PACE,2024,ADS,Verified Engaged,Waymo LLC,MAY-2026,21:53,Los Angeles,CA,Street,SUV,Property Damage. No Injured Reported,Yes,raw/SGO/SGO-2021-01_Incident_Reports_ADS.csv
30270-15192,1,Waymo LLC,5-Day,,,MAY-2026,Y,JAGUAR,I-PACE,2024,ADS,Verified Engaged,Waymo LLC,MAY-2026,17:43,Los Angeles,CA,Street,Passenger Car,Moderate W/O Hospitalization,Yes,raw/SGO/SGO-2021-01_Incident_Reports_ADS.csv
30270-15193,1,Waymo LLC,5-Day,,,MAY-2026,Y,JAGUAR,I-PACE,2021,ADS,Verified Engaged,Waymo LLC,MAY-2026,01:46,San Francisco,CA,Street,SUV,Minor W/O Hospitalization,Yes,raw/SGO/SGO-2021-01_Incident_Reports_ADS.csv
30270-15194,1,Waymo LLC,5-Day,,,JUN-2026,Y,JAGUAR,I-PACE,2024,ADS,Verified Engaged,Waymo LLC,MAY-2026,17:07,San Francisco,CA,Street,"Other, see Narrative",Property Damage. No Injured Reported,Yes,raw/SGO/SGO-2021-01_Incident_Reports_ADS.csv
30270-15195,1,Waymo LLC,Monthly,5,2026,JUN-2026,Y,JAGUAR,I-PACE,2024,ADS,Verified Engaged,Waymo LLC,MAY-2026,12:27,Redwood City,CA,Street,Passenger Car,Property Damage. No Injured Reported,Yes,raw/SGO/SGO-2021-01_Incident_Reports_ADS.csv
30270-15238,1,Waymo LLC,Monthly,5,2026,JUN-2026,Y,JAGUAR,I-PACE,2024,ADS,Verified Engaged,Waymo LLC,MAY-2026,21:04,Austin,TX,Street,Passenger Car,Property Damage. No Injured Reported,Yes,raw/SGO/SGO-2021-01_Incident_Reports_ADS.csv
30270-15240,1,Waymo LLC,5-Day,,,JUN-2026,Y,JAGUAR,I-PACE,2024,ADS,Verified Engaged,Waymo LLC,MAY-2026,13:52,Phoenix,AZ,Street,Pickup Truck,Property Damage. No Injured Reported,Yes,raw/SGO/SGO-2021-01_Incident_Reports_ADS.csv
30270-15243,1,Waymo LLC,5-Day,,,JUN-2026,Y,JAGUAR,I-PACE,2024,ADS,Verified Engaged,Waymo LLC,MAY-2026,15:43,Austin,TX,Street,Pickup Truck,Property Damage. No Injured Reported,Yes,raw/SGO/SGO-2021-01_Incident_Reports_ADS.csv
30270-15244,1,Waymo LLC,5-Day,,,JUN-2026,Y,JAGUAR,I-PACE,2024,ADS,Verified Engaged,Waymo LLC,MAY-2026,11:25,Los Angeles,CA,Street,Non-Motorist: Cyclist,Property Damage. No Injured Reported,Yes,raw/SGO/SGO-2021-01_Incident_Reports_ADS.csv
30270-15245,1,Waymo LLC,5-Day,,,JUN-2026,Y,JAGUAR,I-PACE,2024,ADS,Verified Engaged,Waymo LLC,MAY-2026,00:09,Los Angeles,CA,Street,Passenger Car,Property Damage. No Injured Reported,Yes,raw/SGO/SGO-2021-01_Incident_Reports_ADS.csv
30270-15246,1,Waymo LLC,5-Day,,,JUN-2026,Y,JAGUAR,I-PACE,2024,ADS,Verified Engaged,Waymo LLC,MAY-2026,11:42,Inglewood,CA,Street,Passenger Car,Minor W/ Hospitalization,Yes,raw/SGO/SGO-2021-01_Incident_Reports_ADS.csv
30270-15248,1,Waymo LLC,5-Day,,,JUN-2026,Y,JAGUAR,I-PACE,2024,ADS,Verified Engaged,Waymo LLC,MAY-2026,20:49,Houston,TX,Parking Lot,"Other, see Narrative",Property Damage. No Injured Reported,Yes,raw/SGO/SGO-2021-01_Incident_Reports_ADS.csv
30270-15249,1,Waymo LLC,5-Day,,,JUN-2026,Y,JAGUAR,I-PACE,2024,ADS,Verified Engaged,Waymo LLC,MAY-2026,01:03,Burlingame,CA,Street,Animal,Property Damage. No Injured Reported,Yes,raw/SGO/SGO-2021-01_Incident_Reports_ADS.csv
30270-15250,1,Waymo LLC,5-Day,,,JUN-2026,Y,JAGUAR,I-PACE,2024,ADS,Verified Engaged,Waymo LLC,MAY-2026,01:07,San Francisco,CA,Street,First Responder Vehicle,Property Damage. No Injured Reported,Yes,raw/SGO/SGO-2021-01_Incident_Reports_ADS.csv
30270-15251,1,Waymo LLC,5-Day,,,JUN-2026,Y,JAGUAR,I-PACE,2024,ADS,Verified Engaged,Waymo LLC,MAY-2026,09:44,Atlanta,GA,Street,Passenger Car,Property Damage. No Injured Reported,Yes,raw/SGO/SGO-2021-01_Incident_Reports_ADS.csv
30270-15252,1,Waymo LLC,5-Day,,,JUN-2026,Y,JAGUAR,I-PACE,2024,ADS,Verified Engaged,Waymo LLC,MAY-2026,02:21,San Francisco,CA,Street,Passenger Car,Property Damage. No Injured Reported,Yes,raw/SGO/SGO-2021-01_Incident_Reports_ADS.csv
30270-15253,1,Waymo LLC,Monthly,5,2026,JUN-2026,Y,JAGUAR,I-PACE,2024,ADS,Verified Engaged,Waymo LLC,MAY-2026,13:48,Phoenix,AZ,Intersection,Passenger Car,Property Damage. No Injured Reported,Yes,raw/SGO/SGO-2021-01_Incident_Reports_ADS.csv
30270-15254,1,Waymo LLC,5-Day,,,JUN-2026,Y,JAGUAR,I-PACE,2024,ADS,Verified Engaged,Waymo LLC,MAY-2026,12:18,Los Angeles,CA,Parking Lot,"Other, see Narrative",Property Damage. No Injured Reported,Yes,raw/SGO/SGO-2021-01_Incident_Reports_ADS.csv
30270-15255,1,Waymo LLC,Monthly,5,2026,JUN-2026,Y,JAGUAR,I-PACE,2024,ADS,Verified Engaged,Waymo LLC,MAY-2026,00:28,San Francisco,CA,Intersection,Passenger Car,Property Damage. No Injured Reported,Yes,raw/SGO/SGO-2021-01_Incident_Reports_ADS.csv
30270-15256,1,Waymo LLC,Monthly,5,2026,JUN-2026,Y,JAGUAR,I-PACE,2024,ADS,Verified Engaged,Waymo LLC,MAY-2026,21:16,Nashville,TN,Street,Van,Property Damage. No Injured Reported,Yes,raw/SGO/SGO-2021-01_Incident_Reports_ADS.csv
30270-15257,1,Waymo LLC,Monthly,5,2026,JUN-2026,Y,JAGUAR,I-PACE,2024,ADS,Verified Engaged,Waymo LLC,MAY-2026,15:45,Phoenix,AZ,Street,"Other, see Narrative",Property Damage. No Injured Reported,Yes,raw/SGO/SGO-2021-01_Incident_Reports_ADS.csv
30270-15259,1,Waymo LLC,Monthly,5,2026,JUN-2026,Y,JAGUAR,I-PACE,2024,ADS,Verified Engaged,Waymo LLC,MAY-2026,16:58,Austin,TX,Street,SUV,Property Damage. No Injured Reported,Yes,raw/SGO/SGO-2021-01_Incident_Reports_ADS.csv
30270-15260,1,Waymo LLC,Monthly,5,2026,JUN-2026,Y,JAGUAR,I-PACE,2024,ADS,Verified Engaged,Waymo LLC,MAY-2026,23:14,Miami Beach,FL,Street,Passenger Car,Property Damage. No Injured Reported,Yes,raw/SGO/SGO-2021-01_Incident_Reports_ADS.csv
30270-15261,1,Waymo LLC,Monthly,5,2026,JUN-2026,Y,JAGUAR,I-PACE,2024,ADS,Verified Engaged,Waymo LLC,MAY-2026,14:50,Los Angeles,CA,Street,Passenger Car,Property Damage. No Injured Reported,Yes,raw/SGO/SGO-2021-01_Incident_Reports_ADS.csv
30270-15262,1,Waymo LLC,Monthly,5,2026,JUN-2026,Y,JAGUAR,I-PACE,2024,ADS,Verified Engaged,Waymo LLC,MAY-2026,12:10,Phoenix,AZ,Street,Passenger Car,Property Damage. No Injured Reported,Yes,raw/SGO/SGO-2021-01_Incident_Reports_ADS.csv
30270-15263,1,Waymo LLC,Monthly,5,2026,JUN-2026,Y,JAGUAR,I-PACE,2024,ADS,Verified Engaged,Waymo LLC,MAY-2026,15:18,Miami,FL,Street,SUV,Property Damage. No Injured Reported,Yes,raw/SGO/SGO-2021-01_Incident_Reports_ADS.csv
30270-15285,1,Waymo LLC,Monthly,5,2026,JUN-2026,Y,JAGUAR,I-PACE,2024,ADS,Verified Engaged,Waymo LLC,MAY-2026,22:31,Los Angeles,CA,Street,SUV,Property Damage. No Injured Reported,Yes,raw/SGO/SGO-2021-01_Incident_Reports_ADS.csv
30270-15287,1,Waymo LLC,Monthly,5,2026,JUN-2026,Y,JAGUAR,I-PACE,2024,ADS,Verified Engaged,Waymo LLC,MAY-2026,16:47,Los Angeles,CA,Street,Heavy Truck,Property Damage. No Injured Reported,Yes,raw/SGO/SGO-2021-01_Incident_Reports_ADS.csv
30270-15289,1,Waymo LLC,Monthly,5,2026,JUN-2026,Y,JAGUAR,I-PACE,2024,ADS,Verified Engaged,Waymo LLC,MAY-2026,00:57,Culver City,CA,Traffic Circle,Passenger Car,Property Damage. No Injured Reported,Yes,raw/SGO/SGO-2021-01_Incident_Reports_ADS.csv
30270-15290,1,Waymo LLC,Monthly,5,2026,JUN-2026,Y,JAGUAR,I-PACE,2024,ADS,Verified Engaged,Waymo LLC,MAY-2026,19:32,Sunnyvale,CA,Street,"Other, see Narrative",Property Damage. No Injured Reported,Yes,raw/SGO/SGO-2021-01_Incident_Reports_ADS.csv
30270-15291,1,Waymo LLC,5-Day,,,JUN-2026,Y,JAGUAR,I-PACE,2024,ADS,Verified Engaged,Waymo LLC,MAY-2026,12:09,Los Angeles,CA,Street,Passenger Car,Property Damage. No Injured Reported,Yes,raw/SGO/SGO-2021-01_Incident_Reports_ADS.csv
30270-15292,1,Waymo LLC,Monthly,5,2026,JUN-2026,Y,JAGUAR,I-PACE,2024,ADS,Verified Engaged,Waymo LLC,MAY-2026,16:26,Miami,FL,Street,Van,Property Damage. No Injured Reported,Yes,raw/SGO/SGO-2021-01_Incident_Reports_ADS.csv
30270-15296,1,Waymo LLC,5-Day,,,JUN-2026,Y,JAGUAR,I-PACE,2024,ADS,Verified Engaged,Waymo LLC,JUN-2026,17:47,Austin,TX,Parking Lot,Bus,Property Damage. No Injured Reported,Yes,raw/SGO/SGO-2021-01_Incident_Reports_ADS.csv
30270-15298,1,Waymo LLC,Monthly,5,2026,JUN-2026,Y,JAGUAR,I-PACE,2024,ADS,Verified Engaged,Waymo LLC,MAY-2026,12:19,San Francisco,CA,Intersection,Bus,Property Damage. No Injured Reported,Yes,raw/SGO/SGO-2021-01_Incident_Reports_ADS.csv
30270-15299,1,Waymo LLC,Monthly,5,2026,JUN-2026,Y,JAGUAR,I-PACE,2024,ADS,Verified Engaged,Waymo LLC,MAY-2026,9:04,Los Angeles,CA,Street,Heavy Truck,Property Damage. No Injured Reported,Yes,raw/SGO/SGO-2021-01_Incident_Reports_ADS.csv
30270-15300,1,Waymo LLC,Monthly,4,2026,JUN-2026,Y,JAGUAR,I-PACE,2024,ADS,Verified Engaged,Waymo LLC,APR-2026,10:33,Atlanta,GA,Street,Heavy Truck,Property Damage. No Injured Reported,Yes,raw/SGO/SGO-2021-01_Incident_Reports_ADS.csv
30270-15301,1,Waymo LLC,5-Day,,,JUN-2026,Y,JAGUAR,I-PACE,2021,ADS,Verified Engaged,Waymo LLC,JUN-2026,13:07,San Francisco,CA,Street,Motorcycle,Unknown,Yes,raw/SGO/SGO-2021-01_Incident_Reports_ADS.csv
30270-15302,1,Waymo LLC,Monthly,5,2026,JUN-2026,Y,JAGUAR,I-PACE,2021,ADS,Verified Engaged,Waymo LLC,MAY-2026,20:24,Nashville,TN,Highway / Freeway,Heavy Truck,Property Damage. No Injured Reported,Yes,raw/SGO/SGO-2021-01_Incident_Reports_ADS.csv
30270-15307,1,Waymo LLC,Monthly,5,2026,JUN-2026,Y,JAGUAR,I-PACE,2024,ADS,Verified Engaged,Waymo LLC,MAY-2026,12:03,Austin,TX,Parking Lot,SUV,Property Damage. No Injured Reported,Yes,raw/SGO/SGO-2021-01_Incident_Reports_ADS.csv
30270-15344,1,Waymo LLC,5-Day,,,JUN-2026,Y,JAGUAR,I-PACE,2024,ADS,Verified Engaged,Waymo LLC,JUN-2026,14:50,San Francisco,CA,Street,Heavy Truck,Property Damage. No Injured Reported,Yes,raw/SGO/SGO-2021-01_Incident_Reports_ADS.csv
30270-15346,1,Waymo LLC,5-Day,,,JUN-2026,Y,JAGUAR,I-PACE,2024,ADS,Verified Engaged,Waymo LLC,JUN-2026,20:14,San Francisco,CA,Street,SUV,Property Damage. No Injured Reported,Yes,raw/SGO/SGO-2021-01_Incident_Reports_ADS.csv
30270-15347,1,Waymo LLC,5-Day,,,JUN-2026,Y,JAGUAR,I-PACE,2024,ADS,Verified Engaged,Waymo LLC,JUN-2026,13:23,San Francisco,CA,Street,SUV,Property Damage. No Injured Reported,Yes,raw/SGO/SGO-2021-01_Incident_Reports_ADS.csv
30270-15348,1,Waymo LLC,5-Day,,,JUN-2026,Y,JAGUAR,I-PACE,2024,ADS,Verified Engaged,Waymo LLC,JUN-2026,10:34,San Francisco,CA,Street,Heavy Truck,Property Damage. No Injured Reported,Yes,raw/SGO/SGO-2021-01_Incident_Reports_ADS.csv
30270-15349,1,Waymo LLC,5-Day,,,JUN-2026,Y,JAGUAR,I-PACE,2024,ADS,Verified Engaged,Waymo LLC,JUN-2026,08:57,Los Angeles,CA,Parking Lot,SUV,Property Damage. No Injured Reported,Yes,raw/SGO/SGO-2021-01_Incident_Reports_ADS.csv
30270-1535,1,Waymo LLC,1-Day,,,OCT-2021,,Chrysler,Pacifica,2017,ADS,,Waymo LLC,OCT-2021,14:44,Chandler,AZ,Intersection,Passenger Car,No Injuries Reported,Yes,raw/SGO/SGO-2021-01_Incident_Reports_ADS (1).csv
30270-15350,1,Waymo LLC,5-Day,,,JUN-2026,Y,JAGUAR,I-PACE,2024,ADS,Verified Engaged,Waymo LLC,JUN-2026,10:48,San Francisco,CA,Street,SUV,Property Damage. No Injured Reported,Yes,raw/SGO/SGO-2021-01_Incident_Reports_ADS.csv
30270-15352,1,Waymo LLC,5-Day,,,JUN-2026,Y,JAGUAR,I-PACE,2024,ADS,Verified Engaged,Waymo LLC,JUN-2026,04:03,San Francisco,CA,Street,Passenger Car,Property Damage. No Injured Reported,Yes,raw/SGO/SGO-2021-01_Incident_Reports_ADS.csv
30270-15353,1,Waymo LLC,5-Day,,,JUN-2026,Y,JAGUAR,I-PACE,2024,ADS,Verified Engaged,Waymo LLC,JUN-2026,01:45,Los Angeles,CA,Street,Pickup Truck,Property Damage. No Injured Reported,Yes,raw/SGO/SGO-2021-01_Incident_Reports_ADS.csv
30270-15356,1,Waymo LLC,5-Day,,,JUN-2026,Y,JAGUAR,I-PACE,2024,ADS,Verified Engaged,Waymo LLC,JUN-2026,15:12,Chandler,AZ,Street,SUV,Property Damage. No Injured Reported,Yes,raw/SGO/SGO-2021-01_Incident_Reports_ADS.csv
30270-15358,1,Waymo LLC,5-Day,,,JUN-2026,Y,JAGUAR,I-PACE,2024,ADS,Verified Engaged,Waymo LLC,JUN-2026,13:29,Miami,FL,Street,Pickup Truck,Property Damage. No Injured Reported,Yes,raw/SGO/SGO-2021-01_Incident_Reports_ADS.csv
30270-15360,1,Waymo LLC,5-Day,,,JUN-2026,Y,JAGUAR,I-PACE,2024,ADS,Verified Engaged,Waymo LLC,JUN-2026,15:18,Los Angeles,CA,Street,Passenger Car,Property Damage. No Injured Reported,Yes,raw/SGO/SGO-2021-01_Incident_Reports_ADS.csv
30270-15362,1,Waymo LLC,5-Day,,,JUN-2026,Y,JAGUAR,I-PACE,2024,ADS,Verified Engaged,Waymo LLC,JUN-2026,13:31,Atlanta,GA,Street,"Other, see Narrative",Property Damage. No Injured Reported,Yes,raw/SGO/SGO-2021-01_Incident_Reports_ADS.csv
30270-15365,1,Waymo LLC,Monthly,6,2026,JUL-2026,Y,JAGUAR,I-PACE,2024,ADS,Verified Engaged,Waymo LLC,JUN-2026,11:43,San Francisco,CA,Street,Heavy Truck,Property Damage. No Injured Reported,Yes,raw/SGO/SGO-2021-01_Incident_Reports_ADS.csv
30270-15374,1,Waymo LLC,5-Day,,,JUN-2026,Y,JAGUAR,I-PACE,2024,ADS,Verified Engaged,Waymo LLC,JUN-2026,06:55,Los Angeles,CA,Street,Heavy Truck,Property Damage. No Injured Reported,Yes,raw/SGO/SGO-2021-01_Incident_Reports_ADS.csv
30270-15392,1,Waymo LLC,5-Day,,,JUN-2026,Y,JAGUAR,I-PACE,2024,ADS,Verified Engaged,Waymo LLC,JUN-2026,02:55,Nashville,TN,Street,Van,Property Damage. No Injured Reported,Yes,raw/SGO/SGO-2021-01_Incident_Reports_ADS.csv
30270-15393,1,Waymo LLC,Monthly,6,2026,JUL-2026,Y,JAGUAR,I-PACE,2024,ADS,Verified Engaged,Waymo LLC,JUN-2026,16:59,San Francisco,CA,Street,Passenger Car,Property Damage. No Injured Reported,Yes,raw/SGO/SGO-2021-01_Incident_Reports_ADS.csv
30270-15396,1,Waymo LLC,Monthly,6,2026,JUL-2026,Y,JAGUAR,I-PACE,2024,ADS,Verified Engaged,Waymo LLC,JUN-2026,09:33,Los Angeles,CA,Street,SUV,Property Damage. No Injured Reported,Yes,raw/SGO/SGO-2021-01_Incident_Reports_ADS.csv
30270-15397,1,Waymo LLC,Monthly,6,2026,JUL-2026,Y,JAGUAR,I-PACE,2024,ADS,Verified Engaged,Waymo LLC,JUN-2026,20:01,San Francisco,CA,Street,Passenger Car,Property Damage. No Injured Reported,Yes,raw/SGO/SGO-2021-01_Incident_Reports_ADS.csv
30270-15398,1,Waymo LLC,Monthly,6,2026,JUL-2026,Y,JAGUAR,I-PACE,2024,ADS,Verified Engaged,Waymo LLC,JUN-2026,08:44,Phoenix,AZ,Street,SUV,Property Damage. No Injured Reported,Yes,raw/SGO/SGO-2021-01_Incident_Reports_ADS.csv
30270-15401,1,Waymo LLC,Monthly,6,2026,JUL-2026,Y,JAGUAR,I-PACE,2024,ADS,Verified Engaged,Waymo LLC,JUN-2026,12:04,San Francisco,CA,Street,Non-Motorist: Scooter - Skateboard,Property Damage. No Injured Reported,Yes,raw/SGO/SGO-2021-01_Incident_Reports_ADS.csv
30270-15403,1,Waymo LLC,Monthly,6,2026,JUL-2026,Y,JAGUAR,I-PACE,2024,ADS,Verified Engaged,Waymo LLC,JUN-2026,23:18,San Francisco,CA,Street,Animal,Property Damage. No Injured Reported,Yes,raw/SGO/SGO-2021-01_Incident_Reports_ADS.csv
30270-15425,1,Waymo LLC,5-Day,,,JUN-2026,Y,JAGUAR,I-PACE,2024,ADS,Verified Engaged,Waymo LLC,JUN-2026,05:11,Los Angeles,CA,Parking Lot,"Other, see Narrative",Property Damage. No Injured Reported,Yes,raw/SGO/SGO-2021-01_Incident_Reports_ADS.csv
30270-15468,1,Waymo LLC,5-Day,,,JUN-2026,Y,JAGUAR,I-PACE,2024,ADS,Verified Engaged,Waymo LLC,JUN-2026,14:54,Orlando,FL,Street,Van,Unknown,Yes,raw/SGO/SGO-2021-01_Incident_Reports_ADS.csv
30270-15469,1,Waymo LLC,5-Day,,,JUN-2026,Y,JAGUAR,I-PACE,2024,ADS,Verified Engaged,Waymo LLC,JUN-2026,20:19,Austin,TX,Street,Heavy Truck,Property Damage. No Injured Reported,Yes,raw/SGO/SGO-2021-01_Incident_Reports_ADS.csv
30270-15470,1,Waymo LLC,Monthly,6,2026,JUL-2026,Y,JAGUAR,I-PACE,2024,ADS,Verified Engaged,Waymo LLC,JUN-2026,02:30,Austin,TX,Intersection,Passenger Car,Property Damage. No Injured Reported,Yes,raw/SGO/SGO-2021-01_Incident_Reports_ADS.csv
30270-15471,1,Waymo LLC,5-Day,,,JUN-2026,Y,JAGUAR,I-PACE,2024,ADS,Verified Engaged,Waymo LLC,JUN-2026,11:59,Phoenix,AZ,Street,Passenger Car,Minor W/O Hospitalization,Yes,raw/SGO/SGO-2021-01_Incident_Reports_ADS.csv
30270-15472,1,Waymo LLC,5-Day,,,JUN-2026,Y,JAGUAR,I-PACE,2024,ADS,Verified Engaged,Waymo LLC,JUN-2026,17:44,San Francisco,CA,Street,Van,Property Damage. No Injured Reported,Yes,raw/SGO/SGO-2021-01_Incident_Reports_ADS.csv
30270-15473,1,Waymo LLC,Monthly,6,2026,JUL-2026,Y,JAGUAR,I-PACE,2024,ADS,Verified Engaged,Waymo LLC,JUN-2026,09:05,Austin,TX,Parking Lot,SUV,Property Damage. No Injured Reported,Yes,raw/SGO/SGO-2021-01_Incident_Reports_ADS.csv
30270-15474,1,Waymo LLC,Monthly,6,2026,JUL-2026,Y,JAGUAR,I-PACE,2024,ADS,Verified Engaged,Waymo LLC,JUN-2026,14:29,Atlanta,GA,Street,Heavy Truck,Property Damage. No Injured Reported,Yes,raw/SGO/SGO-2021-01_Incident_Reports_ADS.csv
30270-15482,1,Waymo LLC,5-Day,,,JUN-2026,Y,JAGUAR,I-PACE,2024,ADS,Verified Engaged,Waymo LLC,JUN-2026,03:39,San Francisco,CA,Street,SUV,Property Damage. No Injured Reported,Yes,raw/SGO/SGO-2021-01_Incident_Reports_ADS.csv
30270-15483,1,Waymo LLC,5-Day,,,JUN-2026,Y,JAGUAR,I-PACE,2024,ADS,Verified Engaged,Waymo LLC,JUN-2026,06:54,Los Angeles,CA,Street,SUV,Property Damage. No Injured Reported,Yes,raw/SGO/SGO-2021-01_Incident_Reports_ADS.csv
30270-15484,1,Waymo LLC,5-Day,,,JUN-2026,Y,JAGUAR,I-PACE,2024,ADS,Verified Engaged,Waymo LLC,JUN-2026,16:28,San Bruno,CA,Street,Pickup Truck,Property Damage. No Injured Reported,Yes,raw/SGO/SGO-2021-01_Incident_Reports_ADS.csv
30270-15494,1,Waymo LLC,5-Day,,,JUN-2026,Y,JAGUAR,I-PACE,2024,ADS,Verified Engaged,Waymo LLC,JUN-2026,22:05,Miami,FL,Intersection,Passenger Car,Property Damage. No Injured Reported,Yes,raw/SGO/SGO-2021-01_Incident_Reports_ADS.csv
30270-15497,1,Waymo LLC,5-Day,,,JUN-2026,Y,JAGUAR,I-PACE,2024,ADS,Verified Engaged,Waymo LLC,JUN-2026,23:31,Atlanta,GA,Street,SUV,Property Damage. No Injured Reported,Yes,raw/SGO/SGO-2021-01_Incident_Reports_ADS.csv
30270-15498,1,Waymo LLC,5-Day,,,JUN-2026,Y,JAGUAR,I-PACE,2024,ADS,Verified Engaged,Waymo LLC,JUN-2026,11:55,Mesa,AZ,Street,SUV,Property Damage. No Injured Reported,Yes,raw/SGO/SGO-2021-01_Incident_Reports_ADS.csv
30270-15500,1,Waymo LLC,Monthly,6,2026,JUL-2026,Y,JAGUAR,I-PACE,2024,ADS,Verified Engaged,Waymo LLC,JUN-2026,08:31,Los Angeles,CA,Street,Bus,Property Damage. No Injured Reported,Yes,raw/SGO/SGO-2021-01_Incident_Reports_ADS.csv
30270-15502,1,Waymo LLC,5-Day,,,JUN-2026,Y,JAGUAR,I-PACE,2024,ADS,Verified Engaged,Waymo LLC,JUN-2026,09:40,San Francisco,CA,Street,SUV,Property Damage. No Injured Reported,Yes,raw/SGO/SGO-2021-01_Incident_Reports_ADS.csv
30270-15503,1,Waymo LLC,5-Day,,,JUN-2026,Y,JAGUAR,I-PACE,2024,ADS,Verified Engaged,Waymo LLC,JUN-2026,12:17,Mountain View,CA,Street,Pickup Truck,Property Damage. No Injured Reported,Yes,raw/SGO/SGO-2021-01_Incident_Reports_ADS.csv
30270-15504,1,Waymo LLC,5-Day,,,JUN-2026,Y,JAGUAR,I-PACE,2021,ADS,Verified Engaged,Waymo LLC,JUN-2026,19:45,Emeryville,CA,Highway / Freeway,Passenger Car,Minor W/O Hospitalization,Yes,raw/SGO/SGO-2021-01_Incident_Reports_ADS.csv
30270-15505,1,Waymo LLC,Monthly,6,2026,JUL-2026,Y,JAGUAR,I-PACE,2024,ADS,Verified Engaged,Waymo LLC,JUN-2026,09:49,Phoenix,AZ,Parking Lot,Other Fixed Object,Property Damage. No Injured Reported,Yes,raw/SGO/SGO-2021-01_Incident_Reports_ADS.csv
30270-15507,1,Waymo LLC,Monthly,6,2026,JUL-2026,Y,ZEEKR,RT,2025,ADS,Verified Engaged,Waymo LLC,JUN-2026,15:37,Los Angeles,CA,Street,Van,Property Damage. No Injured Reported,Yes,raw/SGO/SGO-2021-01_Incident_Reports_ADS.csv
30270-15508,1,Waymo LLC,Monthly,6,2026,JUL-2026,Y,JAGUAR,I-PACE,2024,ADS,Verified Engaged,Waymo LLC,JUN-2026,19:40,Los Angeles,CA,Street,SUV,Property Damage. No Injured Reported,Yes,raw/SGO/SGO-2021-01_Incident_Reports_ADS.csv
30270-15509,1,Waymo LLC,Monthly,6,2026,JUL-2026,Y,JAGUAR,I-PACE,2024,ADS,Verified Engaged,Waymo LLC,JUN-2026,18:53,Austin,TX,Parking Lot,Passenger Car,Property Damage. No Injured Reported,Yes,raw/SGO/SGO-2021-01_Incident_Reports_ADS.csv
30270-15510,1,Waymo LLC,5-Day,,,JUN-2026,Y,JAGUAR,I-PACE,2024,ADS,Verified Engaged,Waymo LLC,JUN-2026,23:23,Los Angeles,CA,Street,"Other, see Narrative",Property Damage. No Injured Reported,Yes,raw/SGO/SGO-2021-01_Incident_Reports_ADS.csv
30270-15511,1,Waymo LLC,Monthly,6,2026,JUL-2026,Y,JAGUAR,I-PACE,2024,ADS,Verified Engaged,Waymo LLC,JUN-2026,12:46,Los Angeles,CA,Street,Heavy Truck,Property Damage. No Injured Reported,Yes,raw/SGO/SGO-2021-01_Incident_Reports_ADS.csv
30270-15534,1,Waymo LLC,5-Day,,,JUN-2026,Y,JAGUAR,I-PACE,2024,ADS,Verified Engaged,Waymo LLC,JUN-2026,14:25,Austin,TX,Street,SUV,Property Damage. No Injured Reported,Yes,raw/SGO/SGO-2021-01_Incident_Reports_ADS.csv
30270-15535,1,Waymo LLC,Monthly,6,2026,JUL-2026,Y,JAGUAR,I-PACE,2024,ADS,Verified Engaged,Waymo LLC,JUN-2026,02:23,Los Angeles,CA,Street,SUV,Property Damage. No Injured Reported,Yes,raw/SGO/SGO-2021-01_Incident_Reports_ADS.csv
30270-15536,1,Waymo LLC,Monthly,6,2026,JUL-2026,Y,ZEEKR,RT,2025,ADS,Verified Engaged,Waymo LLC,JUN-2026,05:19,Los Angeles,CA,Intersection,Pickup Truck,Property Damage. No Injured Reported,Yes,raw/SGO/SGO-2021-01_Incident_Reports_ADS.csv
30270-15545,1,Waymo LLC,5-Day,,,JUN-2026,Y,JAGUAR,I-PACE,2024,ADS,Verified Engaged,Waymo LLC,JUN-2026,13:41,Austin,TX,Parking Lot,"Other, see Narrative",Property Damage. No Injured Reported,Yes,raw/SGO/SGO-2021-01_Incident_Reports_ADS.csv
30270-15546,1,Waymo LLC,5-Day,,,JUN-2026,Y,JAGUAR,I-PACE,2024,ADS,Verified Engaged,Waymo LLC,JUN-2026,18:30,Culver City,CA,Street,SUV,Property Damage. No Injured Reported,Yes,raw/SGO/SGO-2021-01_Incident_Reports_ADS.csv
30270-15547,1,Waymo LLC,5-Day,,,JUN-2026,Y,JAGUAR,I-PACE,2024,ADS,Verified Engaged,Waymo LLC,JUN-2026,02:53,Scottsdale,AZ,Street,SUV,Serious W/ Hospitalization,Yes,raw/SGO/SGO-2021-01_Incident_Reports_ADS.csv
30270-15549,1,Waymo LLC,5-Day,,,JUN-2026,Y,JAGUAR,I-PACE,2024,ADS,Verified Engaged,Waymo LLC,JUN-2026,21:22,Los Angeles,CA,Intersection,Passenger Car,Property Damage. No Injured Reported,Yes,raw/SGO/SGO-2021-01_Incident_Reports_ADS.csv
30270-15550,1,Waymo LLC,5-Day,,,JUN-2026,Y,JAGUAR,I-PACE,2024,ADS,Verified Engaged,Waymo LLC,JUN-2026,13:17,Phoenix,AZ,Street,Passenger Car,Property Damage. No Injured Reported,Yes,raw/SGO/SGO-2021-01_Incident_Reports_ADS.csv
30270-15551,1,Waymo LLC,5-Day,,,JUN-2026,Y,JAGUAR,I-PACE,2024,ADS,Verified Engaged,Waymo LLC,JUN-2026,17:20,Los Angeles,CA,Street,"Other, see Narrative",Property Damage. No Injured Reported,Yes,raw/SGO/SGO-2021-01_Incident_Reports_ADS.csv
30270-15552,1,Waymo LLC,5-Day,,,JUN-2026,Y,JAGUAR,I-PACE,2024,ADS,Verified Engaged,Waymo LLC,JUN-2026,20:27,Austin,TX,Street,Passenger Car,Property Damage. No Injured Reported,Yes,raw/SGO/SGO-2021-01_Incident_Reports_ADS.csv
30270-15553,1,Waymo LLC,5-Day,,,JUN-2026,Y,JAGUAR,I-PACE,2024,ADS,Verified Engaged,Waymo LLC,JUN-2026,08:34,Houston,TX,Street,"Other, see Narrative",Property Damage. No Injured Reported,Yes,raw/SGO/SGO-2021-01_Incident_Reports_ADS.csv
30270-15557,1,Waymo LLC,5-Day,,,JUN-2026,Y,JAGUAR,I-PACE,2024,ADS,Verified Engaged,Waymo LLC,JUN-2026,21:08,Austin,TX,Street,SUV,Property Damage. No Injured Reported,Yes,raw/SGO/SGO-2021-01_Incident_Reports_ADS.csv
30270-15558,1,Waymo LLC,5-Day,,,JUN-2026,Y,JAGUAR,I-PACE,2024,ADS,Verified Engaged,Waymo LLC,JUN-2026,23:38,Los Angeles,CA,Intersection,SUV,Property Damage. No Injured Reported,Yes,raw/SGO/SGO-2021-01_Incident_Reports_ADS.csv
30270-15559,1,Waymo LLC,5-Day,,,JUN-2026,Y,JAGUAR,I-PACE,2021,ADS,Verified Engaged,Waymo LLC,JUN-2026,12:07,San Francisco,CA,Street,SUV,Property Damage. No Injured Reported,Yes,raw/SGO/SGO-2021-01_Incident_Reports_ADS.csv
30270-15560,1,Waymo LLC,Monthly,6,2026,JUL-2026,Y,JAGUAR,I-PACE,2024,ADS,Verified Engaged,Waymo LLC,JUN-2026,21:16,Tempe,AZ,Parking Lot,Pickup Truck,Property Damage. No Injured Reported,Yes,raw/SGO/SGO-2021-01_Incident_Reports_ADS.csv
30270-15576,1,Waymo LLC,Monthly,6,2026,JUL-2026,Y,JAGUAR,I-PACE,2024,ADS,Verified Engaged,Waymo LLC,JUN-2026,07:56,Phoenix,AZ,Street,Heavy Truck,Property Damage. No Injured Reported,Yes,raw/SGO/SGO-2021-01_Incident_Reports_ADS.csv
30270-15577,1,Waymo LLC,Monthly,6,2026,JUL-2026,Y,JAGUAR,I-PACE,2021,ADS,Verified Engaged,Waymo LLC,JUN-2026,23:04,Houston,TX,Intersection,"Other, see Narrative",Property Damage. No Injured Reported,Yes,raw/SGO/SGO-2021-01_Incident_Reports_ADS.csv
30270-15580,1,Waymo LLC,Monthly,6,2026,JUL-2026,Y,JAGUAR,I-PACE,2024,ADS,Verified Engaged,Waymo LLC,JUN-2026,22:58,Scottsdale,AZ,Street,SUV,Property Damage. No Injured Reported,Yes,raw/SGO/SGO-2021-01_Incident_Reports_ADS.csv
30270-15582,1,Waymo LLC,5-Day,,,JUN-2026,Y,JAGUAR,I-PACE,2024,ADS,Verified Engaged,Waymo LLC,JUN-2026,14:57,Austin,TX,Street,Heavy Truck,Property Damage. No Injured Reported,Yes,raw/SGO/SGO-2021-01_Incident_Reports_ADS.csv
30270-15583,1,Waymo LLC,Monthly,6,2026,JUL-2026,Y,JAGUAR,I-PACE,2024,ADS,Verified Engaged,Waymo LLC,JUN-2026,18:28,San Francisco,CA,Street,Heavy Truck,Property Damage. No Injured Reported,Yes,raw/SGO/SGO-2021-01_Incident_Reports_ADS.csv
30270-15584,1,Waymo LLC,Monthly,6,2026,JUL-2026,Y,JAGUAR,I-PACE,2024,ADS,Verified Engaged,Waymo LLC,JUN-2026,12:49,San Francisco,CA,Intersection,Heavy Truck,Property Damage. No Injured Reported,Yes,raw/SGO/SGO-2021-01_Incident_Reports_ADS.csv
30270-15585,1,Waymo LLC,5-Day,,,JUL-2026,Y,JAGUAR,I-PACE,2024,ADS,Verified Engaged,Waymo LLC,JUN-2026,08:01,San Francisco,CA,Street,Pickup Truck,Property Damage. No Injured Reported,Yes,raw/SGO/SGO-2021-01_Incident_Reports_ADS.csv
30270-15586,1,Waymo LLC,5-Day,,,JUN-2026,Y,JAGUAR,I-PACE,2024,ADS,Verified Engaged,Waymo LLC,JUN-2026,20:06,San Francisco,CA,Street,Passenger Car,Property Damage. No Injured Reported,Yes,raw/SGO/SGO-2021-01_Incident_Reports_ADS.csv
30270-15590,1,Waymo LLC,5-Day,,,JUN-2026,Y,JAGUAR,I-PACE,2024,ADS,Verified Engaged,Waymo LLC,JUN-2026,00:03,San Francisco,CA,Street,Passenger Car,Property Damage. No Injured Reported,Yes,raw/SGO/SGO-2021-01_Incident_Reports_ADS.csv
30270-15592,1,Waymo LLC,5-Day,,,JUN-2026,Y,JAGUAR,I-PACE,2024,ADS,Verified Engaged,Waymo LLC,JUN-2026,13:02,Phoenix,AZ,Street,Passenger Car,Property Damage. No Injured Reported,Yes,raw/SGO/SGO-2021-01_Incident_Reports_ADS.csv
30270-15593,1,Waymo LLC,5-Day,,,JUN-2026,Y,JAGUAR,I-PACE,2024,ADS,Verified Engaged,Waymo LLC,JUN-2026,20:50,Los Angeles,CA,Street,SUV,Minor W/ Hospitalization,Yes,raw/SGO/SGO-2021-01_Incident_Reports_ADS.csv
30270-15594,1,Waymo LLC,5-Day,,,JUN-2026,Y,ZEEKR,RT,2025,ADS,Verified Engaged,Waymo LLC,JUN-2026,22:30,Los Angeles,CA,Street,Non-Motorist: Scooter - Skateboard,Moderate W/O Hospitalization,Yes,raw/SGO/SGO-2021-01_Incident_Reports_ADS.csv
30270-15594,2,Waymo LLC,Update,,,JUN-2026,Y,ZEEKR,RT,2025,ADS,Verified Engaged,Waymo LLC,JUN-2026,22:30,Los Angeles,CA,Street,Non-Motorist: Scooter - Skateboard,Moderate W/O Hospitalization,Yes,raw/SGO/SGO-2021-01_Incident_Reports_ADS.csv
30270-15629,1,Waymo LLC,5-Day,,,JUL-2026,Y,JAGUAR,I-PACE,2024,ADS,Verified Engaged,Waymo LLC,JUN-2026,21:18,Los Angeles,CA,Street,Pickup Truck,Property Damage. No Injured Reported,Yes,raw/SGO/SGO-2021-01_Incident_Reports_ADS.csv
30270-15631,1,Waymo LLC,5-Day,,,JUL-2026,Y,JAGUAR,I-PACE,2024,ADS,Verified Engaged,Waymo LLC,JUN-2026,17:23,Miami,FL,Unknown,Passenger Car,Property Damage. No Injured Reported,Yes,raw/SGO/SGO-2021-01_Incident_Reports_ADS.csv
30270-15633,1,Waymo LLC,5-Day,,,JUL-2026,Y,JAGUAR,I-PACE,2024,ADS,Verified Engaged,Waymo LLC,JUN-2026,04:27,San Francisco,CA,Street,Passenger Car,Property Damage. No Injured Reported,Yes,raw/SGO/SGO-2021-01_Incident_Reports_ADS.csv
30270-15634,1,Waymo LLC,5-Day,,,JUL-2026,Y,JAGUAR,I-PACE,2024,ADS,Verified Engaged,Waymo LLC,JUN-2026,12:14,Austin,TX,Street,SUV,Property Damage. No Injured Reported,Yes,raw/SGO/SGO-2021-01_Incident_Reports_ADS.csv
30270-15635,1,Waymo LLC,Monthly,6,2026,JUL-2026,Y,JAGUAR,I-PACE,2024,ADS,Verified Engaged,Waymo LLC,JUN-2026,11:56,Los Angeles,CA,Street,"Other, see Narrative",Property Damage. No Injured Reported,Yes,raw/SGO/SGO-2021-01_Incident_Reports_ADS.csv
30270-15636,1,Waymo LLC,5-Day,,,JUL-2026,Y,JAGUAR,I-PACE,2024,ADS,Verified Engaged,Waymo LLC,JUN-2026,18:01,San Francisco,CA,Street,Non-Motorist: Pedestrian,Unknown,Yes,raw/SGO/SGO-2021-01_Incident_Reports_ADS.csv
30270-15637,1,Waymo LLC,Monthly,6,2026,JUL-2026,Y,JAGUAR,I-PACE,2024,ADS,Verified Engaged,Waymo LLC,JUN-2026,10:48,Tempe,AZ,Street,Pickup Truck,Property Damage. No Injured Reported,Yes,raw/SGO/SGO-2021-01_Incident_Reports_ADS.csv
30270-15639,1,Waymo LLC,5-Day,,,JUL-2026,Y,JAGUAR,I-PACE,2024,ADS,Verified Engaged,Waymo LLC,JUN-2026,00:13,San Francisco,CA,Street,Passenger Car,Property Damage. No Injured Reported,Yes,raw/SGO/SGO-2021-01_Incident_Reports_ADS.csv
30270-15640,1,Waymo LLC,5-Day,,,JUL-2026,Y,JAGUAR,I-PACE,2024,ADS,Verified Engaged,Waymo LLC,JUN-2026,06:58,Miami,FL,Parking Lot,"Other, see Narrative",Property Damage. No Injured Reported,Yes,raw/SGO/SGO-2021-01_Incident_Reports_ADS.csv
30270-15641,1,Waymo LLC,5-Day,,,JUL-2026,Y,JAGUAR,I-PACE,2024,ADS,Verified Engaged,Waymo LLC,JUN-2026,04:07,Los Angeles,CA,Intersection,Heavy Truck,Property Damage. No Injured Reported,Yes,raw/SGO/SGO-2021-01_Incident_Reports_ADS.csv
30270-15642,1,Waymo LLC,Monthly,6,2026,JUL-2026,Y,JAGUAR,I-PACE,2024,ADS,Verified Engaged,Waymo LLC,JUN-2026,19:15,Beverly Hills,CA,Street,Pickup Truck,Property Damage. No Injured Reported,Yes,raw/SGO/SGO-2021-01_Incident_Reports_ADS.csv
30270-15653,1,Waymo LLC,Monthly,6,2026,JUL-2026,Y,JAGUAR,I-PACE,2024,ADS,Verified Engaged,Waymo LLC,JUN-2026,17:59,Miami,FL,Parking Lot,SUV,Property Damage. No Injured Reported,Yes,raw/SGO/SGO-2021-01_Incident_Reports_ADS.csv
30270-15658,1,Waymo LLC,Monthly,6,2026,JUL-2026,Y,JAGUAR,I-PACE,2024,ADS,Verified Engaged,Waymo LLC,JUN-2026,07:05,Atlanta,GA,Parking Lot,Heavy Truck,Property Damage. No Injured Reported,Yes,raw/SGO/SGO-2021-01_Incident_Reports_ADS.csv
30270-15659,1,Waymo LLC,Monthly,6,2026,JUL-2026,Y,JAGUAR,I-PACE,2024,ADS,Verified Engaged,Waymo LLC,JUN-2026,22:36,Los Angeles,CA,Street,Passenger Car,Property Damage. No Injured Reported,Yes,raw/SGO/SGO-2021-01_Incident_Reports_ADS.csv
30270-15660,1,Waymo LLC,Monthly,6,2026,JUL-2026,Y,JAGUAR,I-PACE,2024,ADS,Verified Engaged,Waymo LLC,JUN-2026,15:08,Tempe,AZ,Parking Lot,SUV,Property Damage. No Injured Reported,Yes,raw/SGO/SGO-2021-01_Incident_Reports_ADS.csv
30270-15661,1,Waymo LLC,Monthly,6,2026,JUL-2026,Y,JAGUAR,I-PACE,2024,ADS,Verified Engaged,Waymo LLC,JUN-2026,12:30,San Francisco,CA,Street,Pickup Truck,Property Damage. No Injured Reported,Yes,raw/SGO/SGO-2021-01_Incident_Reports_ADS.csv
30270-15662,1,Waymo LLC,Monthly,6,2026,JUL-2026,Y,JAGUAR,I-PACE,2024,ADS,Verified Engaged,Waymo LLC,JUN-2026,22:31,Miami,FL,Street,Passenger Car,Property Damage. No Injured Reported,Yes,raw/SGO/SGO-2021-01_Incident_Reports_ADS.csv
30270-15663,1,Waymo LLC,Monthly,6,2026,JUL-2026,Y,JAGUAR,I-PACE,2024,ADS,Verified Engaged,Waymo LLC,JUN-2026,08:43,San Francisco,CA,Street,Heavy Truck,Property Damage. No Injured Reported,Yes,raw/SGO/SGO-2021-01_Incident_Reports_ADS.csv
30270-15664,1,Waymo LLC,Monthly,6,2026,JUL-2026,Y,JAGUAR,I-PACE,2024,ADS,Verified Engaged,Waymo LLC,JUN-2026,15:03,Beverly Hills,CA,Street,SUV,Property Damage. No Injured Reported,Yes,raw/SGO/SGO-2021-01_Incident_Reports_ADS.csv
30270-15665,1,Waymo LLC,Monthly,6,2026,JUL-2026,Y,JAGUAR,I-PACE,2024,ADS,Verified Engaged,Waymo LLC,JUN-2026,21:35,San Francisco,CA,Street,Passenger Car,Property Damage. No Injured Reported,Yes,raw/SGO/SGO-2021-01_Incident_Reports_ADS.csv
30270-15666,1,Waymo LLC,Monthly,6,2026,JUL-2026,Y,ZEEKR,RT,2025,ADS,Verified Not Engaged,Waymo LLC,JUN-2026,22:44,Denver,CO,Street,SUV,Property Damage. No Injured Reported,Yes,raw/SGO/SGO-2021-01_Incident_Reports_ADS.csv
30270-15667,1,Waymo LLC,5-Day,,,JUL-2026,Y,JAGUAR,I-PACE,2024,ADS,Verified Not Engaged,Waymo LLC,JUL-2026,10:51,Washington,DC,Street,SUV,Minor W/ Hospitalization,Yes,raw/SGO/SGO-2021-01_Incident_Reports_ADS.csv
30270-15668,1,Waymo LLC,Monthly,6,2026,JUL-2026,Y,JAGUAR,I-PACE,2024,ADS,Verified Engaged,Waymo LLC,JUN-2026,23:37,Atlanta,GA,Street,Passenger Car,Property Damage. No Injured Reported,Yes,raw/SGO/SGO-2021-01_Incident_Reports_ADS.csv
30270-15669,1,Waymo LLC,5-Day,,,JUL-2026,Y,JAGUAR,I-PACE,2021,ADS,Verified Engaged,Waymo LLC,JUL-2026,01:10,San Francisco,CA,Street,SUV,Unknown,Yes,raw/SGO/SGO-2021-01_Incident_Reports_ADS.csv
30270-15670,1,Waymo LLC,Monthly,6,2026,JUL-2026,Y,JAGUAR,I-PACE,2024,ADS,Verified Engaged,Waymo LLC,JUN-2026,9:43,Phoenix,AZ,Parking Lot,Pole / Tree,Property Damage. No Injured Reported,Yes,raw/SGO/SGO-2021-01_Incident_Reports_ADS.csv
30270-15671,1,Waymo LLC,Monthly,6,2026,JUL-2026,Y,JAGUAR,I-PACE,2024,ADS,Verified Engaged,Waymo LLC,JUN-2026,16:51,Scottsdale,AZ,Parking Lot,Other Fixed Object,Property Damage. No Injured Reported,Yes,raw/SGO/SGO-2021-01_Incident_Reports_ADS.csv
30270-15672,1,Waymo LLC,Monthly,6,2026,JUL-2026,Y,JAGUAR,I-PACE,2024,ADS,Verified Engaged,Waymo LLC,JUN-2026,21:14,Austin,TX,Street,Passenger Car,Property Damage. No Injured Reported,Yes,raw/SGO/SGO-2021-01_Incident_Reports_ADS.csv
30270-15673,1,Waymo LLC,Monthly,6,2026,JUL-2026,Y,JAGUAR,I-PACE,2024,ADS,Verified Engaged,Waymo LLC,JUN-2026,07:32,Los Angeles,CA,Street,Passenger Car,Property Damage. No Injured Reported,Yes,raw/SGO/SGO-2021-01_Incident_Reports_ADS.csv
30270-15674,1,Waymo LLC,Monthly,6,2026,JUL-2026,Y,JAGUAR,I-PACE,2024,ADS,Verified Engaged,Waymo LLC,JUN-2026,00:24,San Francisco,CA,Street,Passenger Car,Minor W/O Hospitalization,Yes,raw/SGO/SGO-2021-01_Incident_Reports_ADS.csv
30270-15675,1,Waymo LLC,Monthly,6,2026,JUL-2026,Y,JAGUAR,I-PACE,2024,ADS,Verified Engaged,Waymo LLC,JUN-2026,21:18,Austin,TX,Street,Passenger Car,Property Damage. No Injured Reported,Yes,raw/SGO/SGO-2021-01_Incident_Reports_ADS.csv
30270-15709,1,Waymo LLC,5-Day,,,JUL-2026,Y,JAGUAR,I-PACE,2024,ADS,Verified Engaged,Waymo LLC,JUL-2026,16:07,San Francisco,CA,Street,Passenger Car,Property Damage. No Injured Reported,Yes,raw/SGO/SGO-2021-01_Incident_Reports_ADS.csv
30270-15710,1,Waymo LLC,Monthly,6,2026,JUL-2026,Y,JAGUAR,I-PACE,2024,ADS,Verified Engaged,Waymo LLC,JUN-2026,19:34,Phoenix,AZ,Parking Lot,Other Fixed Object,Property Damage. No Injured Reported,Yes,raw/SGO/SGO-2021-01_Incident_Reports_ADS.csv
30270-15718,1,Waymo LLC,5-Day,,,JUL-2026,Y,JAGUAR,I-PACE,2024,ADS,Verified Engaged,Waymo LLC,JUL-2026,15:56,San Francisco,CA,Street,Van,Property Damage. No Injured Reported,Yes,raw/SGO/SGO-2021-01_Incident_Reports_ADS.csv
30270-15720,1,Waymo LLC,5-Day,,,JUL-2026,Y,JAGUAR,I-PACE,2024,ADS,Verified Engaged,Waymo LLC,JUL-2026,23:47,Los Angeles,CA,Street,Heavy Truck,Property Damage. No Injured Reported,Yes,raw/SGO/SGO-2021-01_Incident_Reports_ADS.csv
30270-15723,1,Waymo LLC,5-Day,,,JUL-2026,Y,JAGUAR,I-PACE,2024,ADS,Verified Engaged,Waymo LLC,JUL-2026,21:09,San Francisco,CA,Street,Passenger Car,Property Damage. No Injured Reported,Yes,raw/SGO/SGO-2021-01_Incident_Reports_ADS.csv
30270-15725,1,Waymo LLC,5-Day,,,JUL-2026,Y,JAGUAR,I-PACE,2024,ADS,Verified Engaged,Waymo LLC,JUL-2026,04:07,Austin,TX,Street,Pickup Truck,Property Damage. No Injured Reported,Yes,raw/SGO/SGO-2021-01_Incident_Reports_ADS.csv
30270-15726,1,Waymo LLC,5-Day,,,JUL-2026,Y,JAGUAR,I-PACE,2024,ADS,Verified Engaged,Waymo LLC,JUL-2026,17:40,Phoenix,AZ,Street,SUV,Property Damage. No Injured Reported,Yes,raw/SGO/SGO-2021-01_Incident_Reports_ADS.csv
30270-15728,1,Waymo LLC,5-Day,,,JUL-2026,Y,JAGUAR,I-PACE,2024,ADS,Verified Engaged,Waymo LLC,JUL-2026,02:18,Palo Alto,CA,Street,Pickup Truck,Property Damage. No Injured Reported,Yes,raw/SGO/SGO-2021-01_Incident_Reports_ADS.csv
30270-15729,1,Waymo LLC,5-Day,,,JUL-2026,Y,JAGUAR,I-PACE,2024,ADS,Verified Engaged,Waymo LLC,JUL-2026,01:44,West Hollywood,CA,Street,SUV,Property Damage. No Injured Reported,Yes,raw/SGO/SGO-2021-01_Incident_Reports_ADS.csv
30270-15744,1,Waymo LLC,Monthly,6,2026,JUL-2026,Y,JAGUAR,I-PACE,2024,ADS,Verified Engaged,Waymo LLC,JUN-2026,22:19,Beverly Hills,CA,Street,Passenger Car,Property Damage. No Injured Reported,Yes,raw/SGO/SGO-2021-01_Incident_Reports_ADS.csv
30270-15780,1,Waymo LLC,Monthly,7,2026,JUL-2026,Y,JAGUAR,I-PACE,2024,ADS,Verified Engaged,Waymo LLC,JUN-2026,21:24,Atlanta,GA,Street,SUV,Property Damage. No Injured Reported,Yes,raw/SGO/SGO-2021-01_Incident_Reports_ADS.csv
30270-15782,1,Waymo LLC,Monthly,7,2026,JUL-2026,Y,JAGUAR,I-PACE,2024,ADS,Verified Engaged,Waymo LLC,JUN-2026,08:15,San Francisco,CA,Street,Passenger Car,Property Damage. No Injured Reported,Yes,raw/SGO/SGO-2021-01_Incident_Reports_ADS.csv
30270-15785,1,Waymo LLC,5-Day,,,JUL-2026,Y,JAGUAR,I-PACE,2024,ADS,Verified Engaged,Waymo LLC,JUL-2026,02:43,Austin,TX,Intersection,Passenger Car,Property Damage. No Injured Reported,Yes,raw/SGO/SGO-2021-01_Incident_Reports_ADS.csv
30270-15786,1,Waymo LLC,5-Day,,,JUL-2026,Y,JAGUAR,I-PACE,2024,ADS,Verified Engaged,Waymo LLC,JUL-2026,18:24,San Francisco,CA,Street,Heavy Truck,Property Damage. No Injured Reported,Yes,raw/SGO/SGO-2021-01_Incident_Reports_ADS.csv
30270-15788,1,Waymo LLC,5-Day,,,JUL-2026,Y,JAGUAR,I-PACE,2024,ADS,Verified Engaged,Waymo LLC,JUL-2026,23:14,San Francisco,CA,Street,SUV,Property Damage. No Injured Reported,Yes,raw/SGO/SGO-2021-01_Incident_Reports_ADS.csv
30270-15810,1,Waymo LLC,Monthly,7,2026,AUG-2026,Y,ZEEKR,RT,2025,ADS,Verified Engaged,Waymo LLC,JUL-2026,07:55,South San Francisco,CA,Highway / Freeway,Animal,Property Damage. No Injured Reported,Yes,raw/SGO/SGO-2021-01_Incident_Reports_ADS.csv
30270-15812,1,Waymo LLC,5-Day,,,JUL-2026,Y,JAGUAR,I-PACE,2024,ADS,Verified Engaged,Waymo LLC,JUL-2026,08:31,Sunnyvale,CA,Parking Lot,"Other, see Narrative",Property Damage. No Injured Reported,Yes,raw/SGO/SGO-2021-01_Incident_Reports_ADS.csv
30270-15813,1,Waymo LLC,5-Day,,,JUL-2026,Y,JAGUAR,I-PACE,2024,ADS,Verified Engaged,Waymo LLC,JUL-2026,00:57,Austin,TX,Parking Lot,Passenger Car,Property Damage. No Injured Reported,Yes,raw/SGO/SGO-2021-01_Incident_Reports_ADS.csv
30270-15818,1,Waymo LLC,5-Day,,,JUL-2026,Y,JAGUAR,I-PACE,2021,ADS,Verified Engaged,Waymo LLC,JUN-2026,23:41,San Francisco,CA,Intersection,Passenger Car,Property Damage. No Injured Reported,Yes,raw/SGO/SGO-2021-01_Incident_Reports_ADS.csv
30270-15828,1,Waymo LLC,Monthly,7,2026,AUG-2026,Y,JAGUAR,I-PACE,2024,ADS,Verified Engaged,Waymo LLC,JUL-2026,17:15,San Francisco,CA,Street,Passenger Car,Property Damage. No Injured Reported,Yes,raw/SGO/SGO-2021-01_Incident_Reports_ADS.csv
30270-15829,1,Waymo LLC,5-Day,,,JUL-2026,Y,JAGUAR,I-PACE,2024,ADS,Verified Engaged,Waymo LLC,JUL-2026,04:38,Tempe,AZ,Intersection,Pickup Truck,Property Damage. No Injured Reported,Yes,raw/SGO/SGO-2021-01_Incident_Reports_ADS.csv
30270-1583,1,Waymo LLC,1-Day,,,NOV-2021,,Chrysler,Pacifica,2017,ADS,,Waymo LLC,OCT-2021,14:44,Chandler,AZ,Intersection,Passenger Car,No Injuries Reported,Yes,raw/SGO/SGO-2021-01_Incident_Reports_ADS (1).csv
30270-15830,1,Waymo LLC,5-Day,,,JUL-2026,Y,JAGUAR,I-PACE,2024,ADS,Verified Engaged,Waymo LLC,JUL-2026,20:56,Miami Beach,FL,Street,Non-Motorist: Cyclist,Serious W/ Hospitalization,Yes,raw/SGO/SGO-2021-01_Incident_Reports_ADS.csv
30270-15831,1,Waymo LLC,5-Day,,,JUL-2026,Y,JAGUAR,I-PACE,2024,ADS,Verified Engaged,Waymo LLC,JUL-2026,21:30,Los Angeles,CA,Intersection,Passenger Car,Property Damage. No Injured Reported,Yes,raw/SGO/SGO-2021-01_Incident_Reports_ADS.csv
30270-15832,1,Waymo LLC,5-Day,,,JUL-2026,Y,JAGUAR,I-PACE,2024,ADS,Verified Engaged,Waymo LLC,JUL-2026,17:24,Phoenix,AZ,Street,Pickup Truck,Minor W/O Hospitalization,Yes,raw/SGO/SGO-2021-01_Incident_Reports_ADS.csv
30270-15836,1,Waymo LLC,Monthly,7,2026,AUG-2026,Y,JAGUAR,I-PACE,2024,ADS,Verified Engaged,Waymo LLC,JUL-2026,19:41,Redwood City,CA,Street,Passenger Car,Property Damage. No Injured Reported,Yes,raw/SGO/SGO-2021-01_Incident_Reports_ADS.csv
30270-15889,1,Waymo LLC,5-Day,,,JUL-2026,Y,JAGUAR,I-PACE,2024,ADS,Verified Engaged,Waymo LLC,JUL-2026,09:47,Los Angeles,CA,Street,SUV,Property Damage. No Injured Reported,Yes,raw/SGO/SGO-2021-01_Incident_Reports_ADS.csv
30270-15890,1,Waymo LLC,Monthly,7,2026,AUG-2026,Y,JAGUAR,I-PACE,2024,ADS,Verified Engaged,Waymo LLC,JUL-2026,13:20,Tempe,AZ,Street,Passenger Car,Property Damage. No Injured Reported,Yes,raw/SGO/SGO-2021-01_Incident_Reports_ADS.csv
30270-15892,1,Waymo LLC,Monthly,7,2026,AUG-2026,Y,ZEEKR,RT,2025,ADS,Verified Engaged,Waymo LLC,JUL-2026,08:25,Los Angeles,CA,Street,Passenger Car,Property Damage. No Injured Reported,Yes,raw/SGO/SGO-2021-01_Incident_Reports_ADS.csv
30270-15893,1,Waymo LLC,Monthly,7,2026,AUG-2026,Y,JAGUAR,I-PACE,2024,ADS,Verified Engaged,Waymo LLC,JUL-2026,16:27,West Hollywood,CA,Parking Lot,Pickup Truck,Property Damage. No Injured Reported,Yes,raw/SGO/SGO-2021-01_Incident_Reports_ADS.csv
30270-15894,1,Waymo LLC,Monthly,7,2026,AUG-2026,Y,JAGUAR,I-PACE,2024,ADS,Verified Engaged,Waymo LLC,JUL-2026,09:01,Atlanta,GA,Street,Passenger Car,Property Damage. No Injured Reported,Yes,raw/SGO/SGO-2021-01_Incident_Reports_ADS.csv
30270-15895,1,Waymo LLC,5-Day,,,JUL-2026,Y,JAGUAR,I-PACE,2024,ADS,Verified Engaged,Waymo LLC,JUL-2026,11:26,San Francisco,CA,Street,Heavy Truck,Property Damage. No Injured Reported,Yes,raw/SGO/SGO-2021-01_Incident_Reports_ADS.csv
30270-15896,1,Waymo LLC,5-Day,,,JUL-2026,Y,ZEEKR,RT,2025,ADS,Verified Engaged,Waymo LLC,JUL-2026,09:40,Las Vegas,NV,Street,SUV,Serious W/ Hospitalization,Yes,raw/SGO/SGO-2021-01_Incident_Reports_ADS.csv
30270-15897,1,Waymo LLC,5-Day,,,JUL-2026,Y,JAGUAR,I-PACE,2024,ADS,Verified Engaged,Waymo LLC,JUL-2026,21:09,Scottsdale,AZ,Street,Heavy Truck,Property Damage. No Injured Reported,Yes,raw/SGO/SGO-2021-01_Incident_Reports_ADS.csv
30270-15898,1,Waymo LLC,5-Day,,,JUL-2026,Y,JAGUAR,I-PACE,2024,ADS,Verified Engaged,Waymo LLC,JUL-2026,22:55,Austin,TX,Street,SUV,Property Damage. No Injured Reported,Yes,raw/SGO/SGO-2021-01_Incident_Reports_ADS.csv
30270-15899,1,Waymo LLC,5-Day,,,JUL-2026,Y,JAGUAR,I-PACE,2024,ADS,Verified Engaged,Waymo LLC,JUL-2026,17:20,San Francisco,CA,Intersection,SUV,Property Damage. No Injured Reported,Yes,raw/SGO/SGO-2021-01_Incident_Reports_ADS.csv
30270-15900,1,Waymo LLC,Monthly,7,2026,AUG-2026,Y,JAGUAR,I-PACE,2024,ADS,Verified Engaged,Waymo LLC,JUL-2026,09:34,Austin,TX,Street,Heavy Truck,Property Damage. No Injured Reported,Yes,raw/SGO/SGO-2021-01_Incident_Reports_ADS.csv
30270-15901,1,Waymo LLC,Monthly,7,2026,AUG-2026,Y,JAGUAR,I-PACE,2024,ADS,Verified Engaged,Waymo LLC,JUL-2026,16:02,Austin,TX,Intersection,SUV,Property Damage. No Injured Reported,Yes,raw/SGO/SGO-2021-01_Incident_Reports_ADS.csv
30270-15906,1,Waymo LLC,Monthly,7,2026,AUG-2026,Y,JAGUAR,I-PACE,2024,ADS,Verified Engaged,Waymo LLC,JUL-2026,15:40,Austin,TX,Street,SUV,Property Damage. No Injured Reported,Yes,raw/SGO/SGO-2021-01_Incident_Reports_ADS.csv
30270-15909,1,Waymo LLC,Monthly,7,2026,AUG-2026,Y,JAGUAR,I-PACE,2024,ADS,Verified Engaged,Waymo LLC,JUL-2026,01:06,Austin,TX,Intersection,SUV,Property Damage. No Injured Reported,Yes,raw/SGO/SGO-2021-01_Incident_Reports_ADS.csv
30270-15925,1,Waymo LLC,5-Day,,,JUL-2026,Y,JAGUAR,I-PACE,2024,ADS,Verified Engaged,Waymo LLC,JUL-2026,1:49,Los Angeles,CA,Street,Passenger Car,Minor W/O Hospitalization,Yes,raw/SGO/SGO-2021-01_Incident_Reports_ADS.csv
30270-15927,1,Waymo LLC,5-Day,,,JUL-2026,Y,JAGUAR,I-PACE,2024,ADS,Verified Engaged,Waymo LLC,JUL-2026,18:07,San Francisco,CA,Street,SUV,Property Damage. No Injured Reported,Yes,raw/SGO/SGO-2021-01_Incident_Reports_ADS.csv
30270-15930,1,Waymo LLC,5-Day,,,AUG-2026,Y,JAGUAR,I-PACE,2024,ADS,Verified Engaged,Waymo LLC,JUL-2026,07:53,San Francisco,CA,Street,SUV,Property Damage. No Injured Reported,Yes,raw/SGO/SGO-2021-01_Incident_Reports_ADS.csv
30270-15931,1,Waymo LLC,5-Day,,,JUL-2026,Y,JAGUAR,I-PACE,2024,ADS,Verified Engaged,Waymo LLC,JUL-2026,22:59,San Francisco,CA,Street,Heavy Truck,Property Damage. No Injured Reported,Yes,raw/SGO/SGO-2021-01_Incident_Reports_ADS.csv
30270-15932,1,Waymo LLC,5-Day,,,JUL-2026,Y,JAGUAR,I-PACE,2024,ADS,Verified Engaged,Waymo LLC,JUL-2026,09:01,Austin,TX,Street,Bus,Property Damage. No Injured Reported,Yes,raw/SGO/SGO-2021-01_Incident_Reports_ADS.csv
30270-15933,1,Waymo LLC,5-Day,,,JUL-2026,Y,JAGUAR,I-PACE,2024,ADS,Verified Engaged,Waymo LLC,JUL-2026,03:32,Nashville,TN,Street,SUV,Property Damage. No Injured Reported,Yes,raw/SGO/SGO-2021-01_Incident_Reports_ADS.csv
30270-15934,1,Waymo LLC,5-Day,,,JUL-2026,Y,JAGUAR,I-PACE,2024,ADS,Verified Engaged,Waymo LLC,JUL-2026,16:23,Orlando,FL,Parking Lot,Pole / Tree,No Injured Reported,Yes,raw/SGO/SGO-2021-01_Incident_Reports_ADS.csv
30270-15938,1,Waymo LLC,Monthly,7,2026,AUG-2026,Y,JAGUAR,I-PACE,2024,ADS,Verified Engaged,Waymo LLC,JUL-2026,00:06,San Francisco,CA,Intersection,SUV,Property Damage. No Injured Reported,Yes,raw/SGO/SGO-2021-01_Incident_Reports_ADS.csv
30270-15939,1,Waymo LLC,Monthly,7,2026,AUG-2026,Y,JAGUAR,I-PACE,2024,ADS,Verified Engaged,Waymo LLC,JUL-2026,15:03,Nashville,TN,Street,Passenger Car,Property Damage. No Injured Reported,Yes,raw/SGO/SGO-2021-01_Incident_Reports_ADS.csv
30270-15984,1,Waymo LLC,5-Day,,,AUG-2026,Y,JAGUAR,I-PACE,2024,ADS,Verified Engaged,Waymo LLC,JUL-2026,10:39,San Francisco,CA,Street,Heavy Truck,Property Damage. No Injured Reported,Yes,raw/SGO/SGO-2021-01_Incident_Reports_ADS.csv
30270-15985,1,Waymo LLC,5-Day,,,JUL-2026,Y,JAGUAR,I-PACE,2024,ADS,Verified Engaged,Waymo LLC,JUL-2026,18:33,San Francisco,CA,Street,SUV,Property Damage. No Injured Reported,Yes,raw/SGO/SGO-2021-01_Incident_Reports_ADS.csv
30270-15986,1,Waymo LLC,5-Day,,,JUL-2026,Y,JAGUAR,I-PACE,2021,ADS,Verified Engaged,Waymo LLC,JUL-2026,19:23,San Francisco,CA,Street,Bus,Property Damage. No Injured Reported,Yes,raw/SGO/SGO-2021-01_Incident_Reports_ADS.csv
30270-15987,1,Waymo LLC,5-Day,,,JUL-2026,Y,JAGUAR,I-PACE,2024,ADS,Verified Engaged,Waymo LLC,JUL-2026,07:42,Miami,FL,Street,Heavy Truck,Property Damage. No Injured Reported,Yes,raw/SGO/SGO-2021-01_Incident_Reports_ADS.csv
30270-15988,1,Waymo LLC,Monthly,7,2026,AUG-2026,Y,JAGUAR,I-PACE,2024,ADS,Verified Engaged,Waymo LLC,JUL-2026,01:34,Houston,TX,Street,SUV,Property Damage. No Injured Reported,Yes,raw/SGO/SGO-2021-01_Incident_Reports_ADS.csv
30270-15989,1,Waymo LLC,5-Day,,,JUL-2026,Y,ZEEKR,RT,2025,ADS,Verified Engaged,Waymo LLC,JUL-2026,00:53,Phoenix,AZ,Street,Passenger Car,Property Damage. No Injured Reported,Yes,raw/SGO/SGO-2021-01_Incident_Reports_ADS.csv
30270-15990,1,Waymo LLC,5-Day,,,JUL-2026,Y,JAGUAR,I-PACE,2024,ADS,Verified Engaged,Waymo LLC,JUL-2026,17:51,Tempe,AZ,Street,SUV,Property Damage. No Injured Reported,Yes,raw/SGO/SGO-2021-01_Incident_Reports_ADS.csv
30270-15991,1,Waymo LLC,5-Day,,,JUL-2026,Y,JAGUAR,I-PACE,2024,ADS,Verified Engaged,Waymo LLC,JUL-2026,18:17,Nashville,TN,Street,Bus,Property Damage. No Injured Reported,Yes,raw/SGO/SGO-2021-01_Incident_Reports_ADS.csv
30270-15992,1,Waymo LLC,5-Day,,,JUL-2026,Y,JAGUAR,I-PACE,2024,ADS,Verified Engaged,Waymo LLC,JUL-2026,17:35,San Francisco,CA,Street,Bus,Property Damage. No Injured Reported,Yes,raw/SGO/SGO-2021-01_Incident_Reports_ADS.csv
30270-15993,1,Waymo LLC,5-Day,,,JUL-2026,Y,JAGUAR,I-PACE,2024,ADS,Verified Engaged,Waymo LLC,JUL-2026,13:25,Atlanta,GA,Street,"Other, see Narrative",Property Damage. No Injured Reported,Yes,raw/SGO/SGO-2021-01_Incident_Reports_ADS.csv
30270-15994,1,Waymo LLC,Monthly,7,2026,AUG-2026,Y,JAGUAR,I-PACE,2024,ADS,Verified Engaged,Waymo LLC,JUL-2026,12:14,San Francisco,CA,Street,Passenger Car,Property Damage. No Injured Reported,Yes,raw/SGO/SGO-2021-01_Incident_Reports_ADS.csv
30270-15996,1,Waymo LLC,5-Day,,,JUL-2026,Y,JAGUAR,I-PACE,2024,ADS,Verified Engaged,Waymo LLC,JUL-2026,20:55,Atlanta,GA,Street,SUV,Moderate W/ Hospitalization,Yes,raw/SGO/SGO-2021-01_Incident_Reports_ADS.csv
30270-15997,1,Waymo LLC,5-Day,,,JUL-2026,Y,JAGUAR,I-PACE,2024,ADS,Verified Engaged,Waymo LLC,JUL-2026,22:04,Atlanta,GA,Street,Pickup Truck,Property Damage. No Injured Reported,Yes,raw/SGO/SGO-2021-01_Incident_Reports_ADS.csv
30270-16000,1,Waymo LLC,Monthly,7,2026,AUG-2026,Y,JAGUAR,I-PACE,2024,ADS,Verified Engaged,Waymo LLC,JUL-2026,00:52,San Francisco,CA,Intersection,Non-Motorist: Cyclist,Property Damage. No Injured Reported,Yes,raw/SGO/SGO-2021-01_Incident_Reports_ADS.csv
30270-16001,1,Waymo LLC,5-Day,,,JUL-2026,Y,JAGUAR,I-PACE,2021,ADS,Verified Engaged,Waymo LLC,JUL-2026,19:48,San Francisco,CA,Street,Passenger Car,Property Damage. No Injured Reported,Yes,raw/SGO/SGO-2021-01_Incident_Reports_ADS.csv
30270-16020,1,Waymo LLC,5-Day,,,JUL-2026,Y,JAGUAR,I-PACE,2024,ADS,Verified Engaged,Waymo LLC,JUL-2026,15:19,San Francisco,CA,Street,Heavy Truck,Property Damage. No Injured Reported,Yes,raw/SGO/SGO-2021-01_Incident_Reports_ADS.csv
30270-16021,1,Waymo LLC,5-Day,,,JUL-2026,Y,ZEEKR,RT,2025,ADS,Verified Not Engaged,Waymo LLC,JUL-2026,06:21,San Diego,CA,Highway / Freeway,SUV,Minor W/O Hospitalization,Yes,raw/SGO/SGO-2021-01_Incident_Reports_ADS.csv
30270-16022,1,Waymo LLC,Monthly,7,2026,AUG-2026,Y,JAGUAR,I-PACE,2024,ADS,Verified Engaged,Waymo LLC,JUL-2026,19:33,San Francisco,CA,Street,Passenger Car,Property Damage. No Injured Reported,Yes,raw/SGO/SGO-2021-01_Incident_Reports_ADS.csv
30270-16023,1,Waymo LLC,5-Day,,,JUL-2026,Y,JAGUAR,I-PACE,2024,ADS,Verified Engaged,Waymo LLC,JUL-2026,12:20,San Francisco,CA,Street,Bus,Moderate W/ Hospitalization,Yes,raw/SGO/SGO-2021-01_Incident_Reports_ADS.csv
30270-16024,1,Waymo LLC,5-Day,,,JUL-2026,Y,JAGUAR,I-PACE,2024,ADS,Verified Engaged,Waymo LLC,JUL-2026,14:27,San Francisco,CA,Parking Lot,Bus,Property Damage. No Injured Reported,Yes,raw/SGO/SGO-2021-01_Incident_Reports_ADS.csv
30270-16025,1,Waymo LLC,Monthly,7,2026,AUG-2026,Y,JAGUAR,I-PACE,2024,ADS,Verified Engaged,Waymo LLC,JUL-2026,11:52,Dallas,TX,Street,Heavy Truck,Property Damage. No Injured Reported,Yes,raw/SGO/SGO-2021-01_Incident_Reports_ADS.csv
30270-16028,1,Waymo LLC,5-Day,,,JUL-2026,Y,JAGUAR,I-PACE,2024,ADS,Verified Engaged,Waymo LLC,JUL-2026,5:41,Los Angeles,CA,Street,Passenger Car,Serious W/ Hospitalization,Yes,raw/SGO/SGO-2021-01_Incident_Reports_ADS.csv
30270-16032,1,Waymo LLC,5-Day,,,AUG-2026,Y,JAGUAR,I-PACE,2021,ADS,Verified Engaged,Waymo LLC,JUL-2026,13:23,San Francisco,CA,Intersection,Heavy Truck,Property Damage. No Injured Reported,Yes,raw/SGO/SGO-2021-01_Incident_Reports_ADS.csv
30270-16033,1,Waymo LLC,Monthly,7,2026,AUG-2026,Y,JAGUAR,I-PACE,2024,ADS,Verified Engaged,Waymo LLC,JUL-2026,06:32,Los Angeles,CA,Street,SUV,Property Damage. No Injured Reported,Yes,raw/SGO/SGO-2021-01_Incident_Reports_ADS.csv
30270-16034,1,Waymo LLC,5-Day,,,AUG-2026,Y,JAGUAR,I-PACE,2024,ADS,Verified Engaged,Waymo LLC,JUL-2026,16:35,Culver City,CA,Street,Pickup Truck,Property Damage. No Injured Reported,Yes,raw/SGO/SGO-2021-01_Incident_Reports_ADS.csv
30270-16035,1,Waymo LLC,5-Day,,,JUL-2026,Y,JAGUAR,I-PACE,2024,ADS,Verified Engaged,Waymo LLC,JUL-2026,09:46,San Mateo,CA,Parking Lot,Passenger Car,Property Damage. No Injured Reported,Yes,raw/SGO/SGO-2021-01_Incident_Reports_ADS.csv
30270-16036,1,Waymo LLC,Monthly,7,2026,AUG-2026,Y,JAGUAR,I-PACE,2024,ADS,Verified Engaged,Waymo LLC,JUL-2026,12:02,San Francisco,CA,Street,Passenger Car,Property Damage. No Injured Reported,Yes,raw/SGO/SGO-2021-01_Incident_Reports_ADS.csv
30270-16038,1,Waymo LLC,Monthly,7,2026,AUG-2026,Y,ZEEKR,RT,2025,ADS,Verified Engaged,Waymo LLC,JUL-2026,19:55,San Francisco,CA,Street,Passenger Car,Property Damage. No Injured Reported,Yes,raw/SGO/SGO-2021-01_Incident_Reports_ADS.csv
30270-16039,1,Waymo LLC,5-Day,,,AUG-2026,Y,JAGUAR,I-PACE,2024,ADS,Verified Engaged,Waymo LLC,JUL-2026,14:41,Beverly Hills,CA,Street,SUV,Property Damage. No Injured Reported,Yes,raw/SGO/SGO-2021-01_Incident_Reports_ADS.csv
30270-16050,1,Waymo LLC,Monthly,7,2026,AUG-2026,Y,JAGUAR,I-PACE,2024,ADS,Verified Engaged,Waymo LLC,JUL-2026,16:38,Palo Alto,CA,Street,SUV,Property Damage. No Injured Reported,Yes,raw/SGO/SGO-2021-01_Incident_Reports_ADS.csv
30270-16080,1,Waymo LLC,5-Day,,,AUG-2026,Y,JAGUAR,I-PACE,2024,ADS,Verified Engaged,Waymo LLC,JUL-2026,11:05,San Francisco,CA,Street,Passenger Car,Property Damage. No Injured Reported,Yes,raw/SGO/SGO-2021-01_Incident_Reports_ADS.csv
30270-16081,1,Waymo LLC,5-Day,,,AUG-2026,Y,JAGUAR,I-PACE,2024,ADS,Verified Engaged,Waymo LLC,JUL-2026,00:41,Los Angeles,CA,Intersection,Passenger Car,Property Damage. No Injured Reported,Yes,raw/SGO/SGO-2021-01_Incident_Reports_ADS.csv
30270-16082,1,Waymo LLC,5-Day,,,AUG-2026,Y,JAGUAR,I-PACE,2024,ADS,Verified Engaged,Waymo LLC,AUG-2026,04:27,Los Angeles,CA,Intersection,SUV,Property Damage. No Injured Reported,Yes,raw/SGO/SGO-2021-01_Incident_Reports_ADS.csv
30270-16083,1,Waymo LLC,5-Day,,,AUG-2026,Y,JAGUAR,I-PACE,2024,ADS,Verified Engaged,Waymo LLC,JUL-2026,19:19,San Francisco,CA,Street,Passenger Car,Property Damage. No Injured Reported,Yes,raw/SGO/SGO-2021-01_Incident_Reports_ADS.csv
30270-16084,1,Waymo LLC,Monthly,7,2026,AUG-2026,Y,ZEEKR,RT,2026,ADS,Verified Engaged,Waymo LLC,JUL-2026,12:41,Los Angeles,CA,Street,Passenger Car,No Injured Reported,Yes,raw/SGO/SGO-2021-01_Incident_Reports_ADS.csv
30270-16085,1,Waymo LLC,Monthly,7,2026,AUG-2026,Y,JAGUAR,I-PACE,2024,ADS,Verified Engaged,Waymo LLC,JUL-2026,16:11,Atlanta,GA,Street,SUV,No Injured Reported,Yes,raw/SGO/SGO-2021-01_Incident_Reports_ADS.csv
30270-16090,1,Waymo LLC,5-Day,,,AUG-2026,Y,JAGUAR,I-PACE,2024,ADS,Verified Engaged,Waymo LLC,JUL-2026,21:26,Austin,TX,Parking Lot,Other Fixed Object,Property Damage. No Injured Reported,Yes,raw/SGO/SGO-2021-01_Incident_Reports_ADS.csv
30270-16091,1,Waymo LLC,Monthly,7,2026,AUG-2026,Y,JAGUAR,I-PACE,2024,ADS,Verified Engaged,Waymo LLC,JUL-2026,09:10,Dallas,TX,Street,Heavy Truck,Property Damage. No Injured Reported,Yes,raw/SGO/SGO-2021-01_Incident_Reports_ADS.csv
30270-16093,1,Waymo LLC,5-Day,,,AUG-2026,Y,JAGUAR,I-PACE,2024,ADS,Verified Engaged,Waymo LLC,AUG-2026,20:19,Los Angeles,CA,Street,Passenger Car,Minor W/O Hospitalization,Yes,raw/SGO/SGO-2021-01_Incident_Reports_ADS.csv
30270-16097,1,Waymo LLC,5-Day,,,AUG-2026,Y,JAGUAR,I-PACE,2021,ADS,Verified Not Engaged,Waymo LLC,AUG-2026,00:34,Houston,TX,Street,Other Fixed Object,Property Damage. No Injured Reported,Yes,raw/SGO/SGO-2021-01_Incident_Reports_ADS.csv
30270-16110,1,Waymo LLC,Monthly,7,2026,AUG-2026,Y,JAGUAR,I-PACE,2024,ADS,Verified Engaged,Waymo LLC,JUL-2026,01:53,Redwood City,CA,Street,SUV,Property Damage. No Injured Reported,Yes,raw/SGO/SGO-2021-01_Incident_Reports_ADS.csv
30270-16111,1,Waymo LLC,Monthly,7,2026,AUG-2026,Y,ZEEKR,RT,2025,ADS,Verified Engaged,Waymo LLC,JUL-2026,15:16,Carson,CA,Street,Other Fixed Object,Property Damage. No Injured Reported,Yes,raw/SGO/SGO-2021-01_Incident_Reports_ADS.csv
30270-16112,1,Waymo LLC,Monthly,7,2026,AUG-2026,Y,JAGUAR,I-PACE,2024,ADS,Verified Engaged,Waymo LLC,JUL-2026,18:40,Scottsdale,AZ,Street,"Other, see Narrative",Property Damage. No Injured Reported,Yes,raw/SGO/SGO-2021-01_Incident_Reports_ADS.csv
30270-16114,1,Waymo LLC,Monthly,7,2026,AUG-2026,Y,ZEEKR,RT,2025,ADS,Verified Not Engaged,Waymo LLC,JUL-2026,21:09,Los Angeles,CA,Street,Other Fixed Object,Property Damage. No Injured Reported,Yes,raw/SGO/SGO-2021-01_Incident_Reports_ADS.csv
30270-16115,1,Waymo LLC,Monthly,7,2026,AUG-2026,Y,ZEEKR,RT,2025,ADS,Verified Not Engaged,Waymo LLC,JUL-2026,13:55,Philadelphia,PA,Street,SUV,Property Damage. No Injured Reported,Yes,raw/SGO/SGO-2021-01_Incident_Reports_ADS.csv
30270-16123,1,Waymo LLC,5-Day,,,AUG-2026,Y,JAGUAR,I-PACE,2024,ADS,Verified Engaged,Waymo LLC,AUG-2026,09:16,San Francisco,CA,Street,SUV,Property Damage. No Injured Reported,Yes,raw/SGO/SGO-2021-01_Incident_Reports_ADS.csv
30270-1613,1,Waymo LLC,1-Day,,,NOV-2021,,Jaguar,I-Pace,2021,ADS,,Waymo LLC,NOV-2021,16:28,San Francisco,CA,Intersection,Passenger Car,No Injuries Reported,Yes,raw/SGO/SGO-2021-01_Incident_Reports_ADS (1).csv
30270-16162,1,Waymo LLC,Monthly,7,2026,AUG-2026,Y,ZEEKR,RT,2025,ADS,Verified Not Engaged,Waymo LLC,JUL-2026,11:04,Denver,CO,Intersection,SUV,Property Damage. No Injured Reported,Yes,raw/SGO/SGO-2021-01_Incident_Reports_ADS.csv
30270-16164,1,Waymo LLC,Monthly,7,2026,AUG-2026,Y,JAGUAR,I-PACE,2024,ADS,Verified Engaged,Waymo LLC,JUL-2026,12:02,Phoenix,AZ,Street,Pickup Truck,Property Damage. No Injured Reported,Yes,raw/SGO/SGO-2021-01_Incident_Reports_ADS.csv
30270-16165,1,Waymo LLC,Monthly,7,2026,AUG-2026,Y,JAGUAR,I-PACE,2024,ADS,Verified Engaged,Waymo LLC,JUL-2026,11:41,Dallas,TX,Street,SUV,Property Damage. No Injured Reported,Yes,raw/SGO/SGO-2021-01_Incident_Reports_ADS.csv
30270-16166,1,Waymo LLC,5-Day,,,AUG-2026,Y,JAGUAR,I-PACE,2024,ADS,Verified Engaged,Waymo LLC,JUL-2026,00:00,San Francisco,CA,Street,Pickup Truck,Property Damage. No Injured Reported,Yes,raw/SGO/SGO-2021-01_Incident_Reports_ADS.csv
30270-16167,1,Waymo LLC,Monthly,7,2026,AUG-2026,Y,JAGUAR,I-PACE,2024,ADS,Verified Engaged,Waymo LLC,JUL-2026,19:12,Dallas,TX,Street,Pickup Truck,No Injured Reported,Yes,raw/SGO/SGO-2021-01_Incident_Reports_ADS.csv
30270-16168,1,Waymo LLC,Monthly,7,2026,AUG-2026,Y,JAGUAR,I-PACE,2024,ADS,Verified Engaged,Waymo LLC,JUL-2026,09:27,San Francisco,CA,Street,Van,No Injured Reported,Yes,raw/SGO/SGO-2021-01_Incident_Reports_ADS.csv
30270-16171,1,Waymo LLC,5-Day,,,AUG-2026,Y,JAGUAR,I-PACE,2024,ADS,Verified Engaged,Waymo LLC,AUG-2026,16:32,Tempe,AZ,Parking Lot,Other Fixed Object,Property Damage. No Injured Reported,Yes,raw/SGO/SGO-2021-01_Incident_Reports_ADS.csv
30270-16172,1,Waymo LLC,5-Day,,,AUG-2026,Y,JAGUAR,I-PACE,2024,ADS,Verified Engaged,Waymo LLC,AUG-2026,14:34,Atlanta,GA,Street,Passenger Car,Property Damage. No Injured Reported,Yes,raw/SGO/SGO-2021-01_Incident_Reports_ADS.csv
30270-16174,1,Waymo LLC,5-Day,,,AUG-2026,Y,JAGUAR,I-PACE,2024,ADS,Verified Engaged,Waymo LLC,AUG-2026,13:52,Atlanta,GA,Street,Passenger Car,Property Damage. No Injured Reported,Yes,raw/SGO/SGO-2021-01_Incident_Reports_ADS.csv
30270-16196,1,Waymo LLC,5-Day,,,AUG-2026,Y,JAGUAR,I-PACE,2024,ADS,Verified Engaged,Waymo LLC,AUG-2026,23:31,Dallas,TX,Street,Non-Motorist: Pedestrian,Fatality,Yes,raw/SGO/SGO-2021-01_Incident_Reports_ADS.csv
30270-16201,1,Waymo LLC,Monthly,7,2026,AUG-2026,Y,ZEEKR,RT,2025,ADS,Verified Not Engaged,Waymo LLC,JUL-2026,9:00,Harbor City,CA,Unpaved Road,"Other, see Narrative",Property Damage. No Injured Reported,Yes,raw/SGO/SGO-2021-01_Incident_Reports_ADS.csv
30270-16205,1,Waymo LLC,Monthly,7,2026,AUG-2026,Y,JAGUAR,I-PACE,2024,ADS,Verified Engaged,Waymo LLC,JUL-2026,01:18,Los Angeles,CA,Street,Passenger Car,Minor W/O Hospitalization,Yes,raw/SGO/SGO-2021-01_Incident_Reports_ADS.csv
30270-16207,1,Waymo LLC,5-Day,,,AUG-2026,Y,JAGUAR,I-PACE,2024,ADS,Verified Engaged,Waymo LLC,AUG-2026,13:52,Atlanta,GA,Street,SUV,Property Damage. No Injured Reported,Yes,raw/SGO/SGO-2021-01_Incident_Reports_ADS.csv
30270-16208,1,Waymo LLC,5-Day,,,AUG-2026,Y,JAGUAR,I-PACE,2024,ADS,Verified Engaged,Waymo LLC,AUG-2026,10:11,Phoenix,AZ,Street,Heavy Truck,Property Damage. No Injured Reported,Yes,raw/SGO/SGO-2021-01_Incident_Reports_ADS.csv
30270-16210,1,Waymo LLC,5-Day,,,AUG-2026,Y,JAGUAR,I-PACE,2024,ADS,Verified Engaged,Waymo LLC,AUG-2026,17:26,San Francisco,CA,Street,Passenger Car,Property Damage. No Injured Reported,Yes,raw/SGO/SGO-2021-01_Incident_Reports_ADS.csv
30270-1727,1,Waymo LLC,Monthly,10,2021,NOV-2021,,Jaguar,I-Pace,2021,ADS,,Waymo LLC,OCT-2021,18:39,San Francisco,CA,Street,Passenger Car,No Injuries Reported,Yes,raw/SGO/SGO-2021-01_Incident_Reports_ADS (1).csv
30270-1728,1,Waymo LLC,Monthly,10,2021,NOV-2021,,Jaguar,I-Pace,2021,ADS,,Waymo LLC,OCT-2021,12:33,San Francisco,CA,Intersection,Passenger Car,No Injuries Reported,Yes,raw/SGO/SGO-2021-01_Incident_Reports_ADS (1).csv
30270-1729,1,Waymo LLC,Monthly,10,2021,NOV-2021,,Jaguar,I-Pace,2021,ADS,,Waymo LLC,OCT-2021,21:35,San Francisco,CA,Intersection,Van,No Injuries Reported,Yes,raw/SGO/SGO-2021-01_Incident_Reports_ADS (1).csv
30270-1730,1,Waymo LLC,Monthly,10,2021,NOV-2021,,Chrysler,Pacifica,2017,ADS,,Waymo LLC,OCT-2021,13:48,Mesa,AZ,Street,SUV,No Injuries Reported,Yes,raw/SGO/SGO-2021-01_Incident_Reports_ADS (1).csv
30270-1731,1,Waymo LLC,Monthly,10,2021,NOV-2021,,Jaguar,I-Pace,2021,ADS,,Waymo LLC,OCT-2021,12:57,San Francisco,CA,Intersection,SUV,No Injuries Reported,Yes,raw/SGO/SGO-2021-01_Incident_Reports_ADS (1).csv
30270-1747,1,Waymo LLC,1-Day,,,NOV-2021,,Jaguar,I-Pace,2021,ADS,,Waymo LLC,NOV-2021,16:28,San Francisco,CA,Intersection,Passenger Car,No Injuries Reported,Yes,raw/SGO/SGO-2021-01_Incident_Reports_ADS (1).csv
30270-1748,1,Waymo LLC,1-Day,,,NOV-2021,,Jaguar,I-Pace,2021,ADS,,Waymo LLC,NOV-2021,02:20,San Francisco,CA,Intersection,Passenger Car,No Injuries Reported,Yes,raw/SGO/SGO-2021-01_Incident_Reports_ADS (1).csv
30270-1778,1,Waymo LLC,1-Day,,,NOV-2021,,Jaguar,I-Pace,2021,ADS,,Waymo LLC,NOV-2021,00:39,Phoenix,AZ,Intersection,Passenger Car,Unknown,Yes,raw/SGO/SGO-2021-01_Incident_Reports_ADS (1).csv
30270-1779,1,Waymo LLC,1-Day,,,NOV-2021,,Jaguar,I-Pace,2021,ADS,,5th Generation ADS,NOV-2021,02:20,San Francisco,CA,Intersection,Passenger Car,No Injuries Reported,Yes,raw/SGO/SGO-2021-01_Incident_Reports_ADS (1).csv
30270-1786,1,Waymo LLC,1-Day,,,NOV-2021,,Jaguar,I-Pace,2021,ADS,,Waymo LLC,NOV-2021,18:08,San Francisco,CA,Intersection,Passenger Car,No Injuries Reported,Yes,raw/SGO/SGO-2021-01_Incident_Reports_ADS (1).csv
30270-1787,1,Waymo LLC,1-Day,,,NOV-2021,,Jaguar,I-Pace,2021,ADS,,Waymo LLC,NOV-2021,20:02,San Francisco,CA,Intersection,Passenger Car,Unknown,Yes,raw/SGO/SGO-2021-01_Incident_Reports_ADS (1).csv
30270-1813,1,Waymo LLC,1-Day,,,DEC-2021,,Jaguar,I-Pace,2021,ADS,,Waymo LLC,NOV-2021,00:39,Phoenix,AZ,Intersection,Passenger Car,Unknown,Yes,raw/SGO/SGO-2021-01_Incident_Reports_ADS (1).csv
30270-1815,1,Waymo LLC,1-Day,,,DEC-2021,,Jaguar,I-Pace,2021,ADS,,Waymo LLC,DEC-2021,16:30,San Francisco,CA,Street,SUV,No Injuries Reported,Yes,raw/SGO/SGO-2021-01_Incident_Reports_ADS (1).csv
30270-1824,1,Waymo LLC,1-Day,,,DEC-2021,,Jaguar,I-Pace,2021,ADS,,Waymo LLC,NOV-2021,20:02,San Francisco,CA,Intersection,Passenger Car,Unknown,Yes,raw/SGO/SGO-2021-01_Incident_Reports_ADS (1).csv
30270-1831,1,Waymo LLC,1-Day,,,DEC-2021,,Jaguar,I-Pace,2021,ADS,,Waymo LLC,NOV-2021,18:08,San Francisco,CA,Intersection,Passenger Car,No Injuries Reported,Yes,raw/SGO/SGO-2021-01_Incident_Reports_ADS (1).csv
30270-1872,1,Waymo LLC,1-Day,,,DEC-2021,,Jaguar,I-Pace,2021,ADS,,Waymo LLC,DEC-2021,16:30,San Francisco,CA,Street,SUV,No Injuries Reported,Yes,raw/SGO/SGO-2021-01_Incident_Reports_ADS (1).csv
30270-1920,1,Waymo LLC,Monthly,11,2021,DEC-2021,,Jaguar,I-Pace,2021,ADS,,Waymo LLC,NOV-2021,01:50,San Francisco,CA,Intersection,Passenger Car,No Injuries Reported,Yes,raw/SGO/SGO-2021-01_Incident_Reports_ADS (1).csv
30270-1921,1,Waymo LLC,Monthly,11,2021,DEC-2021,,Jaguar,I-Pace,2021,ADS,,Waymo LLC,NOV-2021,13:23,San Francisco,CA,Intersection,Passenger Car,No Injuries Reported,Yes,raw/SGO/SGO-2021-01_Incident_Reports_ADS (1).csv
30270-1922,1,Waymo LLC,Monthly,11,2021,DEC-2021,,Jaguar,I-Pace,2021,ADS,,Waymo LLC,NOV-2021,11:11,San Francisco,CA,Street,SUV,No Injuries Reported,Yes,raw/SGO/SGO-2021-01_Incident_Reports_ADS (1).csv
30270-1923,1,Waymo LLC,Monthly,11,2021,DEC-2021,,Chrysler,Pacifica,2017,ADS,,Waymo LLC,NOV-2021,18:47,Chandler,AZ,Intersection,Passenger Car,No Injuries Reported,Yes,raw/SGO/SGO-2021-01_Incident_Reports_ADS (1).csv
30270-1949,1,Waymo LLC,1-Day,,,DEC-2021,,Jaguar,I-Pace,2021,ADS,,Waymo LLC,DEC-2021,10:30,San Francisco,CA,Intersection,Passenger Car,No Injuries Reported,Yes,raw/SGO/SGO-2021-01_Incident_Reports_ADS (1).csv
30270-1983,1,Waymo LLC,1-Day,,,DEC-2021,,Jaguar,I-Pace,2021,ADS,,Waymo LLC,DEC-2021,10:30,San Francisco,CA,Intersection,Passenger Car,No Injuries Reported,Yes,raw/SGO/SGO-2021-01_Incident_Reports_ADS (1).csv
30270-2149,1,Waymo LLC,Monthly,12,2021,JAN-2022,,Jaguar,I-Pace,2021,ADS,,Waymo LLC,DEC-2021,12:23,San Francisco,CA,Intersection,Passenger Car,No Injuries Reported,Yes,raw/SGO/SGO-2021-01_Incident_Reports_ADS (1).csv
30270-2150,1,Waymo LLC,Monthly,12,2021,JAN-2022,,Jaguar,I-Pace,2021,ADS,,Waymo LLC,DEC-2021,10:47,San Francisco,CA,Intersection,SUV,No Injuries Reported,Yes,raw/SGO/SGO-2021-01_Incident_Reports_ADS (1).csv
30270-2160,1,Waymo LLC,1-Day,,,JAN-2022,,Jaguar,I-Pace,2021,ADS,,Waymo LLC,JAN-2022,17:20,San Francisco,CA,Intersection,Passenger Car,No Injuries Reported,Yes,raw/SGO/SGO-2021-01_Incident_Reports_ADS (1).csv
30270-2168,1,Waymo LLC,1-Day,,,JAN-2022,,Jaguar,I-Pace,2021,ADS,,Waymo LLC,JAN-2022,02:11,San Francisco,CA,Intersection,Motorcycle,No Injuries Reported,Yes,raw/SGO/SGO-2021-01_Incident_Reports_ADS (1).csv
30270-2197,1,Waymo LLC,1-Day,,,JAN-2022,,Jaguar,I-Pace,2021,ADS,,Waymo LLC,JAN-2022,17:20,San Francisco,CA,Intersection,Passenger Car,No Injuries Reported,Yes,raw/SGO/SGO-2021-01_Incident_Reports_ADS (1).csv
30270-2198,1,Waymo LLC,1-Day,,,JAN-2022,,Jaguar,I-Pace,2021,ADS,,Waymo LLC,JAN-2022,20:40,San Francisco,CA,Intersection,SUV,No Injuries Reported,Yes,raw/SGO/SGO-2021-01_Incident_Reports_ADS (1).csv
30270-2206,1,Waymo LLC,1-Day,,,FEB-2022,,Jaguar,I-Pace,2021,ADS,,Waymo LLC,JAN-2022,02:11,San Francisco,CA,Intersection,Motorcycle,No Injuries Reported,Yes,raw/SGO/SGO-2021-01_Incident_Reports_ADS (1).csv
30270-2226,1,Waymo LLC,1-Day,,,FEB-2022,,Jaguar,I-Pace,2021,ADS,,Waymo LLC,JAN-2022,20:40,San Francisco,CA,Intersection,SUV,No Injuries Reported,Yes,raw/SGO/SGO-2021-01_Incident_Reports_ADS (1).csv
30270-2248,1,Waymo LLC,1-Day,,,FEB-2022,,Jaguar,I-Pace,2021,ADS,,Waymo LLC,FEB-2022,17:46,San Francisco,CA,Intersection,Non-Motorist: Cyclist,No Injuries Reported,Yes,raw/SGO/SGO-2021-01_Incident_Reports_ADS (1).csv
30270-2258,1,Waymo LLC,1-Day,,,FEB-2022,,Peterbilt,579 Epiq,2022,ADS,,Waymo LLC,FEB-2022,10:30,Sacaton,AZ,Highway / Freeway,Heavy Truck,No Injuries Reported,Yes,raw/SGO/SGO-2021-01_Incident_Reports_ADS (1).csv
30270-2323,1,Waymo LLC,Monthly,1,2022,FEB-2022,,Jaguar,I-Pace,2021,ADS,,Waymo LLC,JAN-2022,02:04,San Francisco,CA,Intersection,SUV,No Injuries Reported,Yes,raw/SGO/SGO-2021-01_Incident_Reports_ADS (1).csv
30270-2327,1,Waymo LLC,Monthly,1,2022,FEB-2022,,Jaguar,I-Pace,2021,ADS,,Waymo LLC,JAN-2022,09:00,San Francisco,CA,Intersection,Heavy Truck,No Injuries Reported,Yes,raw/SGO/SGO-2021-01_Incident_Reports_ADS (1).csv
30270-2328,1,Waymo LLC,Monthly,1,2022,FEB-2022,,Jaguar,I-Pace,2021,ADS,,Waymo LLC,JAN-2022,14:24,San Francisco,CA,Intersection,SUV,No Injuries Reported,Yes,raw/SGO/SGO-2021-01_Incident_Reports_ADS (1).csv
30270-2329,1,Waymo LLC,Monthly,1,2022,FEB-2022,,Jaguar,I-Pace,2021,ADS,,Waymo LLC,JAN-2022,06:30,San Francisco,CA,Intersection,Passenger Car,No Injuries Reported,Yes,raw/SGO/SGO-2021-01_Incident_Reports_ADS (1).csv
30270-2358,1,Waymo LLC,1-Day,,,FEB-2022,,Jaguar,I-Pace,2021,ADS,,Waymo LLC,FEB-2022,17:46,San Francisco,CA,Intersection,Non-Motorist: Cyclist,No Injuries Reported,Yes,raw/SGO/SGO-2021-01_Incident_Reports_ADS (1).csv
30270-2358,2,Waymo LLC,10-Day Update,,,FEB-2022,,Jaguar,I-Pace,2021,ADS,,Waymo LLC,FEB-2022,17:46,San Francisco,CA,Intersection,Non-Motorist: Cyclist,No Injuries Reported,Yes,raw/SGO/SGO-2021-01_Incident_Reports_ADS (1).csv
30270-2359,1,Waymo LLC,1-Day,,,FEB-2022,,Peterbilt,579 Epiq,2022,ADS,,Waymo LLC,FEB-2022,10:30,Sacaton,AZ,Highway / Freeway,Heavy Truck,No Injuries Reported,Yes,raw/SGO/SGO-2021-01_Incident_Reports_ADS (1).csv
30270-2359,2,Waymo LLC,10-Day Update,,,FEB-2022,,Peterbilt,579 Epiq,2022,ADS,,Waymo LLC,FEB-2022,10:30,Sacaton,AZ,Highway / Freeway,Heavy Truck,No Injuries Reported,Yes,raw/SGO/SGO-2021-01_Incident_Reports_ADS (1).csv
30270-2465,1,Waymo LLC,1-Day,,,MAR-2022,,Jaguar,I-Pace,2021,ADS,,Waymo LLC,MAR-2022,21:39,Phoenix,AZ,Intersection,Van,No Injuries Reported,Yes,raw/SGO/SGO-2021-01_Incident_Reports_ADS (1).csv
30270-2465,2,Waymo LLC,10-Day Update,,,MAR-2022,,Jaguar,I-Pace,2021,ADS,,Waymo LLC,MAR-2022,21:39,Phoenix,AZ,Intersection,Van,No Injuries Reported,Yes,raw/SGO/SGO-2021-01_Incident_Reports_ADS (1).csv
30270-2551,1,Waymo LLC,Monthly,2,2022,MAR-2022,,Jaguar,I-Pace,2021,ADS,,Waymo LLC,FEB-2022,08:44,San Francisco,CA,Intersection,SUV,No Injuries Reported,Yes,raw/SGO/SGO-2021-01_Incident_Reports_ADS (1).csv
30270-2552,1,Waymo LLC,Monthly,2,2022,MAR-2022,,Jaguar,I-Pace,2021,ADS,,Waymo LLC,FEB-2022,15:05,San Francisco,CA,Street,Pickup Truck,No Injuries Reported,Yes,raw/SGO/SGO-2021-01_Incident_Reports_ADS (1).csv
30270-2553,1,Waymo LLC,Monthly,2,2022,MAR-2022,,Jaguar,I-Pace,2021,ADS,,Waymo LLC,FEB-2022,15:02,San Francisco,CA,Intersection,Passenger Car,No Injuries Reported,Yes,raw/SGO/SGO-2021-01_Incident_Reports_ADS (1).csv
30270-2554,1,Waymo LLC,Monthly,2,2022,MAR-2022,,Jaguar,I-Pace,2021,ADS,,Waymo LLC,FEB-2022,19:45,San Francisco,CA,Intersection,Passenger Car,No Injuries Reported,Yes,raw/SGO/SGO-2021-01_Incident_Reports_ADS (1).csv
30270-2555,1,Waymo LLC,Monthly,2,2022,MAR-2022,,Jaguar,I-Pace,2021,ADS,,Waymo LLC,FEB-2022,00:49,San Francisco,CA,Intersection,Passenger Car,No Injuries Reported,Yes,raw/SGO/SGO-2021-01_Incident_Reports_ADS (1).csv
30270-2556,1,Waymo LLC,Monthly,2,2022,MAR-2022,,Jaguar,I-Pace,2021,ADS,,Waymo LLC,FEB-2022,13:00,San Francisco,CA,Intersection,Passenger Car,No Injuries Reported,Yes,raw/SGO/SGO-2021-01_Incident_Reports_ADS (1).csv
30270-2591,1,Waymo LLC,1-Day,,,MAR-2022,,Jaguar,I-Pace,2021,ADS,,WAYMO LLC,MAR-2022,14:57,Phoenix,AZ,Intersection,Passenger Car,Unknown,Yes,raw/SGO/SGO-2021-01_Incident_Reports_ADS (1).csv
30270-2591,2,Waymo LLC,10-Day Update,,,APR-2022,,Jaguar,I-Pace,2021,ADS,,WAYMO LLC,MAR-2022,14:57,Phoenix,AZ,Intersection,Passenger Car,Unknown,Yes,raw/SGO/SGO-2021-01_Incident_Reports_ADS (1).csv
30270-2605,1,Waymo LLC,1-Day,,,MAR-2022,,Jaguar,I-Pace,2021,ADS,,Waymo LLC,MAR-2022,01:16,San Francisco,CA,Intersection,SUV,No Injuries Reported,Yes,raw/SGO/SGO-2021-01_Incident_Reports_ADS (1).csv
30270-2605,2,Waymo LLC,10-Day Update,,,APR-2022,,Jaguar,I-Pace,2021,ADS,,Waymo LLC,MAR-2022,01:16,San Francisco,CA,Intersection,SUV,No Injuries Reported,Yes,raw/SGO/SGO-2021-01_Incident_Reports_ADS (1).csv
30270-2609,1,Waymo LLC,1-Day,,,APR-2022,,Jaguar,I-Pace,2021,ADS,,Waymo LLC,MAR-2022,11:07,San Francisco,CA,Intersection,SUV,No Injuries Reported,Yes,raw/SGO/SGO-2021-01_Incident_Reports_ADS (1).csv
30270-2609,2,Waymo LLC,10-Day Update,,,APR-2022,,Jaguar,I-Pace,2021,ADS,,Waymo LLC,MAR-2022,11:07,San Francisco,CA,Intersection,SUV,No Injuries Reported,Yes,raw/SGO/SGO-2021-01_Incident_Reports_ADS (1).csv
30270-2610,1,Waymo LLC,1-Day,,,APR-2022,,Jaguar,I-Pace,2021,ADS,,Waymo LLC,APR-2022,02:27,San Francisco,CA,Intersection,Passenger Car,No Injuries Reported,Yes,raw/SGO/SGO-2021-01_Incident_Reports_ADS (1).csv
30270-2610,2,Waymo LLC,10-Day Update,,,APR-2022,,Jaguar,I-Pace,2021,ADS,,Waymo LLC,APR-2022,02:27,San Francisco,CA,Intersection,Passenger Car,No Injuries Reported,Yes,raw/SGO/SGO-2021-01_Incident_Reports_ADS (1).csv
30270-2646,1,Waymo LLC,1-Day,,,APR-2022,,Jaguar,I-Pace,2021,ADS,,Waymo LLC,APR-2022,19:55,San Francisco,CA,Intersection,Passenger Car,No Injuries Reported,Yes,raw/SGO/SGO-2021-01_Incident_Reports_ADS (1).csv
30270-2646,2,Waymo LLC,10-Day Update,,,APR-2022,,Jaguar,I-Pace,2021,ADS,,Waymo LLC,APR-2022,19:55,San Francisco,CA,Intersection,Passenger Car,No Injuries Reported,Yes,raw/SGO/SGO-2021-01_Incident_Reports_ADS (1).csv
30270-2657,1,Waymo LLC,1-Day,,,APR-2022,,Jaguar,I-Pace,2021,ADS,,Waymo LLC,APR-2022,18:29,Phoenix,AZ,Intersection,Motorcycle,No Injuries Reported,Yes,raw/SGO/SGO-2021-01_Incident_Reports_ADS (1).csv
30270-2657,2,Waymo LLC,10-Day Update,,,APR-2022,,Jaguar,I-Pace,2021,ADS,,Waymo LLC,APR-2022,18:29,Phoenix,AZ,Intersection,Motorcycle,No Injuries Reported,Yes,raw/SGO/SGO-2021-01_Incident_Reports_ADS (1).csv
30270-2743,1,Waymo LLC,1-Day,,,APR-2022,,Jaguar,I-Pace,2021,ADS,,Waymo LLC,APR-2022,14:53,San Francisco,CA,Intersection,Pickup Truck,Minor,Yes,raw/SGO/SGO-2021-01_Incident_Reports_ADS (1).csv
30270-2743,2,Waymo LLC,10-Day Update,,,APR-2022,,Jaguar,I-Pace,2021,ADS,,Waymo LLC,APR-2022,14:53,San Francisco,CA,Intersection,Pickup Truck,Minor,Yes,raw/SGO/SGO-2021-01_Incident_Reports_ADS (1).csv
30270-2773,1,Waymo LLC,Monthly,3,2022,APR-2022,,Jaguar,I-Pace,2021,ADS,,Waymo LLC,MAR-2022,07:35,San Francisco,CA,Intersection,SUV,No Injuries Reported,Yes,raw/SGO/SGO-2021-01_Incident_Reports_ADS (1).csv
30270-2774,1,Waymo LLC,Monthly,3,2022,APR-2022,,Jaguar,I-Pace,2021,ADS,,Waymo LLC,MAR-2022,18:14,Phoenix,AZ,Intersection,SUV,No Injuries Reported,Yes,raw/SGO/SGO-2021-01_Incident_Reports_ADS (1).csv
30270-2775,1,Waymo LLC,Monthly,3,2022,APR-2022,,Jaguar,I-Pace,2021,ADS,,Waymo LLC,MAR-2022,12:22,San Francisco,CA,Intersection,Passenger Car,No Injuries Reported,Yes,raw/SGO/SGO-2021-01_Incident_Reports_ADS (1).csv
30270-2793,1,Waymo LLC,1-Day,,,APR-2022,,Jaguar,I-Pace,2021,ADS,,Waymo LLC,APR-2022,02:31,San Francisco,CA,Parking Lot,"Other, see Narrative",No Injuries Reported,Yes,raw/SGO/SGO-2021-01_Incident_Reports_ADS (1).csv
30270-2793,2,Waymo LLC,10-Day Update,,,APR-2022,,Jaguar,I-Pace,2021,ADS,,Waymo LLC,APR-2022,02:31,San Francisco,CA,Parking Lot,"Other, see Narrative",No Injuries Reported,Yes,raw/SGO/SGO-2021-01_Incident_Reports_ADS (1).csv
30270-2818,1,Waymo LLC,1-Day,,,APR-2022,,Jaguar,I-Pace,2021,ADS,,Waymo LLC,APR-2022,16:36,San Francisco,CA,Street,SUV,No Injuries Reported,Yes,raw/SGO/SGO-2021-01_Incident_Reports_ADS (1).csv
30270-2818,2,Waymo LLC,10-Day Update,,,MAY-2022,,Jaguar,I-Pace,2021,ADS,,Waymo LLC,APR-2022,16:36,San Francisco,CA,Street,SUV,No Injuries Reported,Yes,raw/SGO/SGO-2021-01_Incident_Reports_ADS (1).csv
30270-2895,1,Waymo LLC,1-Day,,,MAY-2022,,Peterbilt,579 Epiq,2022,ADS,,Waymo LLC,MAY-2022,15:11,Ennis,TX,Highway / Freeway,Heavy Truck,Moderate,Yes,raw/SGO/SGO-2021-01_Incident_Reports_ADS (1).csv
30270-2895,2,Waymo LLC,10-Day Update,,,MAY-2022,,Peterbilt,579 Epiq,2022,ADS,,Waymo LLC,MAY-2022,15:11,Ennis,TX,Highway / Freeway,Heavy Truck,Moderate,Yes,raw/SGO/SGO-2021-01_Incident_Reports_ADS (1).csv
30270-3009,1,Waymo LLC,Monthly,4,2022,MAY-2022,,Jaguar,I-Pace,2021,ADS,,Waymo LLC,APR-2022,8:14,San Francisco,CA,Intersection,Passenger Car,No Injuries Reported,Yes,raw/SGO/SGO-2021-01_Incident_Reports_ADS (1).csv
30270-3010,1,Waymo LLC,Monthly,4,2022,MAY-2022,,Jaguar,I-Pace,2021,ADS,,Waymo LLC,APR-2022,23:30,Phoenix,AZ,Street,Animal,No Injuries Reported,Yes,raw/SGO/SGO-2021-01_Incident_Reports_ADS (1).csv
30270-3011,1,Waymo LLC,Monthly,4,2022,MAY-2022,,Jaguar,I-Pace,2021,ADS,,Waymo LLC,APR-2022,06:37,San Francisco,CA,Street,Pickup Truck,No Injuries Reported,Yes,raw/SGO/SGO-2021-01_Incident_Reports_ADS (1).csv
30270-3055,1,Waymo LLC,1-Day,,,MAY-2022,,Jaguar,I-PACE,2021,ADS,,Waymo LLC,MAY-2022,01:16,San Francisco,CA,Intersection,Motorcycle,No Injuries Reported,Yes,raw/SGO/SGO-2021-01_Incident_Reports_ADS (1).csv
30270-3055,2,Waymo LLC,10-Day Update,,,JUN-2022,,Jaguar,I-PACE,2021,ADS,,Waymo LLC,MAY-2022,01:16,San Francisco,CA,Intersection,Motorcycle,No Injuries Reported,Yes,raw/SGO/SGO-2021-01_Incident_Reports_ADS (1).csv
30270-3056,1,Waymo LLC,1-Day,,,MAY-2022,,Jaguar,I-Pace,2021,ADS,,Waymo LLC,MAY-2022,01:43,Phoenix,AZ,Parking Lot,"Other, see Narrative",No Injuries Reported,Yes,raw/SGO/SGO-2021-01_Incident_Reports_ADS (1).csv
30270-3056,2,Waymo LLC,10-Day Update,,,JUN-2022,,Jaguar,I-Pace,2021,ADS,,Waymo LLC,MAY-2022,01:43,Phoenix,AZ,Parking Lot,"Other, see Narrative",No Injuries Reported,Yes,raw/SGO/SGO-2021-01_Incident_Reports_ADS (1).csv
30270-3057,1,Waymo LLC,1-Day,,,MAY-2022,,Jaguar,I-Pace,2021,ADS,,Waymo LLC,MAY-2022,02:30,Phoenix,AZ,Intersection,Passenger Car,Unknown,Yes,raw/SGO/SGO-2021-01_Incident_Reports_ADS (1).csv
30270-3057,2,Waymo LLC,10-Day Update,,,JUN-2022,,Jaguar,I-Pace,2021,ADS,,Waymo LLC,MAY-2022,02:30,Phoenix,AZ,Intersection,Passenger Car,Unknown,Yes,raw/SGO/SGO-2021-01_Incident_Reports_ADS (1).csv
30270-31,1,Waymo LLC,1-Day,,,AUG-2021,,Jaguar,I-Pace,2021,ADS,,Waymo LLC,AUG-2021,16:48,San Francisco,CA,Intersection,Non-Motorist: Cyclist,No Injuries Reported,Yes,raw/SGO/SGO-2021-01_Incident_Reports_ADS (1).csv
30270-3219,1,Waymo LLC,Monthly,5,2022,JUN-2022,,Jaguar,I-Pace,2021,ADS,,Waymo LLC,MAY-2022,13:26,San Francisco,CA,Intersection,Pickup Truck,No Injuries Reported,Yes,raw/SGO/SGO-2021-01_Incident_Reports_ADS (1).csv
30270-3220,1,Waymo LLC,Monthly,5,2022,JUN-2022,,Jaguar,I-Pace,2021,ADS,,Waymo LLC,MAY-2022,09:19,San Francisco,CA,Intersection,SUV,No Injuries Reported,Yes,raw/SGO/SGO-2021-01_Incident_Reports_ADS (1).csv
30270-3221,1,Waymo LLC,Monthly,5,2022,JUN-2022,,Jaguar,I-Pace,2021,ADS,,Waymo LLC,MAY-2022,13:26,San Francisco,CA,Intersection,Passenger Car,No Injuries Reported,Yes,raw/SGO/SGO-2021-01_Incident_Reports_ADS (1).csv
30270-3255,1,Waymo LLC,1-Day,,,JUN-2022,,Jaguar,I-Pace,2021,ADS,,Waymo LLC,JUN-2022,,San Francisco,CA,Parking Lot,"Other, see Narrative",No Injuries Reported,Yes,raw/SGO/SGO-2021-01_Incident_Reports_ADS (1).csv
30270-3255,2,Waymo LLC,10-Day Update,,,JUL-2022,,Jaguar,I-Pace,2021,ADS,,Waymo LLC,JUN-2022,12:50,San Francisco,CA,Parking Lot,"Other, see Narrative",No Injuries Reported,Yes,raw/SGO/SGO-2021-01_Incident_Reports_ADS (1).csv
30270-3323,1,Waymo LLC,1-Day,,,JUL-2022,,Jaguar,I-Pace,2021,ADS,,Waymo LLC,JUL-2022,15:26,San Francisco,CA,Intersection,Passenger Car,No Injuries Reported,Yes,raw/SGO/SGO-2021-01_Incident_Reports_ADS (1).csv
30270-3323,2,Waymo LLC,10-Day Update,,,JUL-2022,,Jaguar,I-Pace,2021,ADS,,Waymo LLC,JUL-2022,15:26,San Francisco,CA,Intersection,Passenger Car,No Injuries Reported,Yes,raw/SGO/SGO-2021-01_Incident_Reports_ADS (1).csv
30270-3324,1,Waymo LLC,1-Day,,,JUL-2022,,Jaguar,I-Pace,2021,ADS,,Waymo LLC,JUL-2022,00:57,Tempe,AZ,Street,"Other, see Narrative",Unknown,Yes,raw/SGO/SGO-2021-01_Incident_Reports_ADS (1).csv
30270-3324,2,Waymo LLC,10-Day Update,,,JUL-2022,,Jaguar,I-Pace,2021,ADS,,Waymo LLC,JUL-2022,00:57,Tempe,AZ,Street,"Other, see Narrative",Unknown,Yes,raw/SGO/SGO-2021-01_Incident_Reports_ADS (1).csv
30270-3338,1,Waymo LLC,1-Day,,,JUL-2022,,Jaguar,I-Pace,2021,ADS,,Waymo LLC,JUL-2022,09:04,Phoenix,AZ,Intersection,Passenger Car,Minor,Yes,raw/SGO/SGO-2021-01_Incident_Reports_ADS (1).csv
30270-3338,2,Waymo LLC,10-Day Update,,,JUL-2022,,Jaguar,I-Pace,2021,ADS,,Waymo LLC,JUL-2022,09:04,Phoenix,AZ,Intersection,Passenger Car,Minor,Yes,raw/SGO/SGO-2021-01_Incident_Reports_ADS (1).csv
30270-3435,1,Waymo LLC,Monthly,6,2022,JUL-2022,,Jaguar,I-Pace,2021,ADS,,Waymo LLC,JUN-2022,07:26,San Francisco,CA,Intersection,Pickup Truck,No Injuries Reported,Yes,raw/SGO/SGO-2021-01_Incident_Reports_ADS (1).csv
30270-3437,1,Waymo LLC,Monthly,6,2022,JUL-2022,,Jaguar,I-Pace,2021,ADS,,Waymo LLC,JUN-2022,10:07,San Francisco,CA,Street,Passenger Car,No Injuries Reported,Yes,raw/SGO/SGO-2021-01_Incident_Reports_ADS (1).csv
30270-3545,1,Waymo LLC,1-Day,,,AUG-2022,,Chrysler,Pacifica,2017,ADS,,Waymo LLC,AUG-2022,10:25,Tempe,AZ,Intersection,Other Fixed Object,No Injuries Reported,Yes,raw/SGO/SGO-2021-01_Incident_Reports_ADS (1).csv
30270-3545,2,Waymo LLC,10-Day Update,,,AUG-2022,,Chrysler,Pacifica,2017,ADS,,Waymo LLC,AUG-2022,10:25,Tempe,AZ,Intersection,Other Fixed Object,No Injuries Reported,Yes,raw/SGO/SGO-2021-01_Incident_Reports_ADS (1).csv
30270-3595,1,Waymo LLC,1-Day,,,AUG-2022,,Jaguar,I-Pace,2021,ADS,,Waymo LLC,AUG-2022,03:09,San Francisco,CA,Intersection,SUV,No Injuries Reported,Yes,raw/SGO/SGO-2021-01_Incident_Reports_ADS (1).csv
30270-3595,2,Waymo LLC,10-Day Update,,,AUG-2022,,Jaguar,I-Pace,2021,ADS,,Waymo LLC,AUG-2022,03:09,San Francisco,CA,Intersection,SUV,No Injuries Reported,Yes,raw/SGO/SGO-2021-01_Incident_Reports_ADS (1).csv
30270-3625,1,Waymo LLC,Monthly,7,2022,AUG-2022,,Jaguar,I-Pace,2021,ADS,,Waymo LLC,JUL-2022,10:08,San Francisco,CA,Parking Lot,Van,No Injuries Reported,Yes,raw/SGO/SGO-2021-01_Incident_Reports_ADS (1).csv
30270-3628,1,Waymo LLC,Monthly,7,2022,AUG-2022,,Jaguar,I-Pace,2021,ADS,,Waymo LLC,JUL-2022,06:54,San Francisco,CA,Intersection,Passenger Car,Minor,Yes,raw/SGO/SGO-2021-01_Incident_Reports_ADS (1).csv
30270-3633,1,Waymo LLC,Monthly,7,2022,AUG-2022,,Jaguar,I-Pace,2021,ADS,,Waymo LLc,JUL-2022,23:23,San Francisco,CA,Street,Passenger Car,No Injuries Reported,Yes,raw/SGO/SGO-2021-01_Incident_Reports_ADS (1).csv
30270-3635,1,Waymo LLC,Monthly,7,2022,AUG-2022,,Jaguar,I-Pace,2021,ADS,,Waymo LLC,JUL-2022,02:50,San Francisco,CA,Intersection,Passenger Car,No Injuries Reported,Yes,raw/SGO/SGO-2021-01_Incident_Reports_ADS (1).csv
30270-3636,1,Waymo LLC,Monthly,7,2022,AUG-2022,,Chrysler,Pacifica,2017,ADS,,Waymo LLC,JUL-2022,02:50,Tempe,AZ,Parking Lot,Passenger Car,No Injuries Reported,Yes,raw/SGO/SGO-2021-01_Incident_Reports_ADS (1).csv
30270-3655,1,Waymo LLC,Monthly,7,2022,AUG-2022,,Jaguar,I-Pace,2021,ADS,,Waymo LLC,JUN-2022,16:50,San Francisco,CA,Intersection,"Other, see Narrative",Minor,Yes,raw/SGO/SGO-2021-01_Incident_Reports_ADS (1).csv
30270-3786,1,Waymo LLC,1-Day,,,SEP-2022,,Jaguar,I-Pace,2021,ADS,,Waymo LLC,SEP-2022,13:13,Phoenix,AZ,Intersection,Passenger Car,Unknown,Yes,raw/SGO/SGO-2021-01_Incident_Reports_ADS (1).csv
30270-3786,2,Waymo LLC,10-Day Update,,,SEP-2022,,Jaguar,I-Pace,2021,ADS,,Waymo LLC,SEP-2022,13:13,Phoenix,AZ,Intersection,Passenger Car,Unknown,Yes,raw/SGO/SGO-2021-01_Incident_Reports_ADS (1).csv
30270-3837,1,Waymo LLC,Monthly,8,2022,SEP-2022,,Jaguar,I-Pace,2021,ADS,,Waymo LLC,AUG-2022,11:03,Tempe,AZ,Street,Passenger Car,No Injuries Reported,Yes,raw/SGO/SGO-2021-01_Incident_Reports_ADS (1).csv
30270-3838,1,Waymo LLC,Monthly,8,2022,SEP-2022,,Chrysler,Pacifica,2017,ADS,,Waymo LLC,AUG-2022,12:23,Chandler,AZ,Parking Lot,Pickup Truck,No Injuries Reported,Yes,raw/SGO/SGO-2021-01_Incident_Reports_ADS (1).csv
30270-3841,1,Waymo LLC,Monthly,8,2022,SEP-2022,,Jaguar,I-Pace,2021,ADS,,Waymo LLC,AUG-2022,23:30,Phoenix,AZ,Street,Animal,No Injuries Reported,Yes,raw/SGO/SGO-2021-01_Incident_Reports_ADS (1).csv
30270-3842,1,Waymo LLC,Monthly,8,2022,SEP-2022,,Jaguar,I-Pace,2021,ADS,,Waymo LLC,AUG-2022,17:05,San Francisco,CA,Intersection,SUV,No Injuries Reported,Yes,raw/SGO/SGO-2021-01_Incident_Reports_ADS (1).csv
30270-3843,1,Waymo LLC,Monthly,8,2022,SEP-2022,,Jaguar,I-Pace,2021,ADS,,Waymo LLC,AUG-2022,18:08,San Francisco,CA,Street,Passenger Car,No Injuries Reported,Yes,raw/SGO/SGO-2021-01_Incident_Reports_ADS (1).csv
30270-3844,1,Waymo LLC,Monthly,8,2022,SEP-2022,,Jaguar,I-Pace,2021,ADS,,Waymo LLC,AUG-2022,03:52,San Francisco,CA,Intersection,SUV,No Injuries Reported,Yes,raw/SGO/SGO-2021-01_Incident_Reports_ADS (1).csv
30270-3848,1,Waymo LLC,Monthly,8,2022,SEP-2022,,Peterbilt,579 Epiq,2021,ADS,,Waymo LLC,AUG-2022,18:33,Ennis,TX,Highway / Freeway,Heavy Truck,No Injuries Reported,Yes,raw/SGO/SGO-2021-01_Incident_Reports_ADS (1).csv
30270-3851,1,Waymo LLC,Monthly,8,2022,SEP-2022,,Jaguar,I-Pace,2021,ADS,,Waymo LLC,AUG-2022,00:06,Tempe,AZ,Street,Passenger Car,No Injuries Reported,Yes,raw/SGO/SGO-2021-01_Incident_Reports_ADS (1).csv
30270-3852,1,Waymo LLC,Monthly,8,2022,SEP-2022,,Jaguar,I-Pace,2021,ADS,,Waymo LLC,AUG-2022,18:15,San Francisco,CA,Intersection,Van,No Injuries Reported,Yes,raw/SGO/SGO-2021-01_Incident_Reports_ADS (1).csv
30270-4,1,Waymo LLC,1-Day,,,JUL-2021,,Jaguar,I-Pace,2021,ADS,,Waymo LLC,JUL-2021,16:47,San Francisco,CA,Street,Passenger Car,No Injuries Reported,Yes,raw/SGO/SGO-2021-01_Incident_Reports_ADS (1).csv
30270-4,2,Waymo LLC,10-Day Update,,,JUL-2021,,Jaguar,I-Pace,2021,ADS,,Waymo LLC,JUL-2021,16:47,San Francisco,CA,Street,Passenger Car,No Injuries Reported,Yes,raw/SGO/SGO-2021-01_Incident_Reports_ADS (1).csv
30270-4051,1,Waymo LLC,Monthly,9,2022,OCT-2022,,Jaguar,I-Pace,2021,ADS,,Waymo LLC,SEP-2022,12:57,San Francisco,CA,Intersection,Pickup Truck,No Injuries Reported,Yes,raw/SGO/SGO-2021-01_Incident_Reports_ADS (1).csv
30270-4072,1,Waymo LLC,Monthly,9,2022,OCT-2022,,Jaguar,I-Pace,2021,ADS,,Waymo LLC,SEP-2022,09:42,San Francisco,CA,Intersection,Passenger Car,No Injuries Reported,Yes,raw/SGO/SGO-2021-01_Incident_Reports_ADS (1).csv
30270-4073,1,Waymo LLC,Monthly,9,2022,OCT-2022,,Jaguar,I-Pace,2021,ADS,,Waymo LLC,SEP-2022,06:38,San Francisco,CA,Intersection,SUV,No Injuries Reported,Yes,raw/SGO/SGO-2021-01_Incident_Reports_ADS (1).csv
30270-4074,1,Waymo LLC,Monthly,9,2022,OCT-2022,,Peterbilt,579 Epiq,2022,ADS,,Waymo LLC,SEP-2022,04:03,Huntsville,TX,Highway / Freeway,"Other, see Narrative",No Injuries Reported,Yes,raw/SGO/SGO-2021-01_Incident_Reports_ADS (1).csv
30270-4104,1,Waymo LLC,1-Day,,,OCT-2022,,Peterbilt,579 Epiq,2022,ADS,,Waymo LLC,OCT-2022,13:35,Tempe,AZ,Highway / Freeway,Passenger Car,No Injuries Reported,Yes,raw/SGO/SGO-2021-01_Incident_Reports_ADS (1).csv
30270-4104,2,Waymo LLC,10-Day Update,,,NOV-2022,,Peterbilt,579 Epiq,2022,ADS,,Waymo LLC,OCT-2022,13:35,Tempe,AZ,Highway / Freeway,Passenger Car,No Injuries Reported,Yes,raw/SGO/SGO-2021-01_Incident_Reports_ADS (1).csv
30270-4274,1,Waymo LLC,Monthly,10,2022,NOV-2022,,Jaguar,I-Pace,2021,ADS,,Waymo LLC,OCT-2022,08:27,San Francisco,CA,Intersection,"Other, see Narrative",No Injuries Reported,Yes,raw/SGO/SGO-2021-01_Incident_Reports_ADS (1).csv
30270-4363,1,Waymo LLC,1-Day,,,DEC-2022,,Jaguar,I-Pace,2021,ADS,,Waymo LLC,DEC-2022,21:05,Phoenix,AZ,Parking Lot,Other Fixed Object,No Injuries Reported,Yes,raw/SGO/SGO-2021-01_Incident_Reports_ADS (1).csv
30270-4363,2,Waymo LLC,10-Day Update,,,DEC-2022,,Jaguar,I-Pace,2021,ADS,,Waymo LLC,DEC-2022,21:05,Phoenix,AZ,Parking Lot,Other Fixed Object,No Injuries Reported,Yes,raw/SGO/SGO-2021-01_Incident_Reports_ADS (1).csv
30270-4482,1,Waymo LLC,Monthly,11,2022,DEC-2022,,Jaguar,I-Pace,2021,ADS,,Waymo LLC,NOV-2022,16:30,San Francisco,CA,Street,SUV,No Injuries Reported,Yes,raw/SGO/SGO-2021-01_Incident_Reports_ADS (1).csv
30270-4484,1,Waymo LLC,Monthly,11,2022,DEC-2022,,Jaguar,I-Pace,2021,ADS,,Waymo LLC,NOV-2022,08:48,Phoenix,AZ,Street,Heavy Truck,No Injuries Reported,Yes,raw/SGO/SGO-2021-01_Incident_Reports_ADS (1).csv
30270-4485,1,Waymo LLC,Monthly,11,2022,DEC-2022,,Jaguar,I-Pace,2021,ADS,,Waymo LLC,NOV-2022,09:34,San Francisco,CA,Intersection,Passenger Car,No Injuries Reported,Yes,raw/SGO/SGO-2021-01_Incident_Reports_ADS (1).csv
30270-4505,1,Waymo LLC,1-Day,,,DEC-2022,,Jaguar,I-Pace,2021,ADS,,Waymo LLC,DEC-2022,13:50,San Francisco,CA,Street,Passenger Car,No Injuries Reported,Yes,raw/SGO/SGO-2021-01_Incident_Reports_ADS (1).csv
30270-4505,2,Waymo LLC,10-Day Update,,,DEC-2022,,Jaguar,I-Pace,2021,ADS,,Waymo LLC,DEC-2022,13:50,San Francisco,CA,Street,Passenger Car,No Injuries Reported,Yes,raw/SGO/SGO-2021-01_Incident_Reports_ADS (1).csv
30270-4706,1,Waymo LLC,Monthly,12,2022,JAN-2023,,Jaguar,I-Pace,2021,ADS,,Waymo LLC,DEC-2022,16:54,San Francisco,CA,Intersection,SUV,No Injuries Reported,Yes,raw/SGO/SGO-2021-01_Incident_Reports_ADS (1).csv
30270-4707,1,Waymo LLC,Monthly,12,2022,JAN-2023,,Jaguar,I-Pace,2021,ADS,,Waymo LLC,DEC-2022,12:35,San Francisco,CA,Intersection,Passenger Car,No Injuries Reported,Yes,raw/SGO/SGO-2021-01_Incident_Reports_ADS (1).csv
30270-4708,1,Waymo LLC,Monthly,12,2022,JAN-2023,,Peterbilt,579 Epiq,2021,ADS,,Waymo LLC,DEC-2022,5:18,Sacaton,AZ,Highway / Freeway,"Other, see Narrative",No Injuries Reported,Yes,raw/SGO/SGO-2021-01_Incident_Reports_ADS (1).csv
30270-4710,1,Waymo LLC,Monthly,12,2022,JAN-2023,,Jaguar,I-Pace,2021,ADS,,Waymo LLC,DEC-2022,03:15,San Francisco,CA,Intersection,Passenger Car,No Injuries Reported,Yes,raw/SGO/SGO-2021-01_Incident_Reports_ADS (1).csv
30270-4768,1,Waymo LLC,1-Day,,,JAN-2023,,Jaguar,I-Pace,2021,ADS,,Waymo LLC,JAN-2023,13:38,Phoenix,AZ,Intersection,Motorcycle,No Injuries Reported,Yes,raw/SGO/SGO-2021-01_Incident_Reports_ADS (1).csv
30270-4768,2,Waymo LLC,10-Day Update,,,JAN-2023,,Jaguar,I-Pace,2021,ADS,,Waymo LLC,JAN-2023,13:38,Phoenix,AZ,Intersection,Motorcycle,No Injuries Reported,Yes,raw/SGO/SGO-2021-01_Incident_Reports_ADS (1).csv
30270-4880,1,Waymo LLC,Monthly,1,2023,FEB-2023,,Jaguar,I-Pace,2021,ADS,,Waymo LLC,JAN-2023,17:36,Phoenix,AZ,Parking Lot,First Responder Vehicle,No Injuries Reported,Yes,raw/SGO/SGO-2021-01_Incident_Reports_ADS (1).csv
30270-4881,1,Waymo LLC,Monthly,1,2023,FEB-2023,,Jaguar,I-Pace,2021,ADS,,Waymo LLC,JAN-2023,17:08,San Francisco,CA,Intersection,Passenger Car,No Injuries Reported,Yes,raw/SGO/SGO-2021-01_Incident_Reports_ADS (1).csv
30270-4882,1,Waymo LLC,Monthly,1,2023,FEB-2023,,Chrysler,Pacifica,2017,ADS,,Waymo LLC,JAN-2023,13:53,Chandler,AZ,Intersection,Pickup Truck,No Injuries Reported,Yes,raw/SGO/SGO-2021-01_Incident_Reports_ADS (1).csv
30270-4906,1,Waymo LLC,1-Day,,,FEB-2023,,Jaguar,I-Pace,2021,ADS,,Waymo LLC,FEB-2023,13:08,Tempe,AZ,Highway / Freeway,Passenger Car,No Injuries Reported,Yes,raw/SGO/SGO-2021-01_Incident_Reports_ADS (1).csv
30270-4906,2,Waymo LLC,10-Day Update,,,FEB-2023,,Jaguar,I-Pace,2021,ADS,,Waymo LLC,FEB-2023,13:08,Tempe,AZ,Highway / Freeway,Passenger Car,No Injuries Reported,Yes,raw/SGO/SGO-2021-01_Incident_Reports_ADS (1).csv
30270-5081,1,Waymo LLC,Monthly,2,2023,MAR-2023,,Jaguar,I-Pace,2021,ADS,,Waymo LLC,FEB-2023,05:44,San Francisco,CA,Intersection,Other Fixed Object,No Injuries Reported,Yes,raw/SGO/SGO-2021-01_Incident_Reports_ADS (1).csv
30270-5082,1,Waymo LLC,Monthly,2,2023,MAR-2023,,Jaguar,I-Pace,2021,ADS,,Waymo LLC,FEB-2023,17:27,Tempe,AZ,Street,SUV,No Injuries Reported,Yes,raw/SGO/SGO-2021-01_Incident_Reports_ADS (1).csv
30270-5083,1,Waymo LLC,Monthly,2,2023,MAR-2023,,Jaguar,I-Pace,2021,ADS,,Waymo LLC,FEB-2023,00:15,San Francisco,CA,Intersection,Passenger Car,No Injuries Reported,Yes,raw/SGO/SGO-2021-01_Incident_Reports_ADS (1).csv
30270-5085,1,Waymo LLC,Monthly,2,2023,MAR-2023,,Jaguar,I-Pace,2021,ADS,,Waymo LLC,FEB-2023,07:23,San Francisco,CA,Intersection,Heavy Truck,No Injuries Reported,Yes,raw/SGO/SGO-2021-01_Incident_Reports_ADS (1).csv
30270-5085,2,Waymo LLC,Update,,,MAR-2023,,Jaguar,I-Pace,2021,ADS,,Waymo LLC,FEB-2023,07:23,San Francisco,CA,Intersection,Heavy Truck,No Injuries Reported,Yes,raw/SGO/SGO-2021-01_Incident_Reports_ADS (1).csv
30270-5114,1,Waymo LLC,1-Day,,,MAR-2023,,Jaguar,I-Pace,2021,ADS,,Waymo LLC,MAR-2023,20:04,San Francisco,CA,Street,"Other, see Narrative",No Injuries Reported,Yes,raw/SGO/SGO-2021-01_Incident_Reports_ADS (1).csv
30270-5114,2,Waymo LLC,10-Day Update,,,MAR-2023,,Jaguar,I-Pace,2021,ADS,,Waymo LLC,MAR-2023,20:04,San Francisco,CA,Street,"Other, see Narrative",No Injuries Reported,Yes,raw/SGO/SGO-2021-01_Incident_Reports_ADS (1).csv
30270-5202,1,Waymo LLC,1-Day,,,APR-2023,,Jaguar,I-Pace,2021,ADS,,Waymo LLC,APR-2023,10:46,San Francisco,CA,Intersection,Passenger Car,No Injuries Reported,Yes,raw/SGO/SGO-2021-01_Incident_Reports_ADS (1).csv
30270-5202,2,Waymo LLC,10-Day Update,,,APR-2023,,Jaguar,I-Pace,2021,ADS,,Waymo LLC,APR-2023,10:46,San Francisco,CA,Intersection,Passenger Car,No Injuries Reported,Yes,raw/SGO/SGO-2021-01_Incident_Reports_ADS (1).csv
30270-5208,1,Waymo LLC,1-Day,,,APR-2023,,Jaguar,I-Pace,2021,ADS,,Waymo LLC,APR-2023,10:48,San Francisco,CA,Street,Heavy Truck,No Injuries Reported,Yes,raw/SGO/SGO-2021-01_Incident_Reports_ADS (1).csv
30270-5208,2,Waymo LLC,10-Day Update,,,APR-2023,,Jaguar,I-Pace,2021,ADS,,Waymo LLC,APR-2023,10:48,San Francisco,CA,Street,Heavy Truck,No Injuries Reported,Yes,raw/SGO/SGO-2021-01_Incident_Reports_ADS (1).csv
30270-5318,1,Waymo LLC,Monthly,3,2023,APR-2023,,Jaguar,I-Pace,2021,ADS,,Waymo LLC,MAR-2023,20:26,San Francisco,CA,Parking Lot,Other Fixed Object,No Injuries Reported,Yes,raw/SGO/SGO-2021-01_Incident_Reports_ADS (1).csv
30270-5319,1,Waymo LLC,Monthly,3,2023,APR-2023,,Jaguar,I-Pace,2021,ADS,,Waymo LLC,MAR-2023,12:03,Phoenix,AZ,Street,Heavy Truck,No Injuries Reported,Yes,raw/SGO/SGO-2021-01_Incident_Reports_ADS (1).csv
30270-5320,1,Waymo LLC,Monthly,3,2023,APR-2023,,Jaguar,I-Pace,2021,ADS,,Waymo LLC,MAR-2023,21:28,San Francisco,CA,Intersection,Passenger Car,No Injuries Reported,Yes,raw/SGO/SGO-2021-01_Incident_Reports_ADS (1).csv
30270-5322,1,Waymo LLC,Monthly,3,2023,APR-2023,,Jaguar,I-Pace,2021,ADS,,Waymo LLC,MAR-2023,2:19,San Bruno,CA,Highway / Freeway,"Other, see Narrative",No Injuries Reported,Yes,raw/SGO/SGO-2021-01_Incident_Reports_ADS (1).csv
30270-5323,1,Waymo LLC,Monthly,3,2023,APR-2023,,Jaguar,I-Pace,2021,ADS,,Waymo LLC,MAR-2023,17:10,San Francisco,CA,Intersection,Passenger Car,No Injuries Reported,Yes,raw/SGO/SGO-2021-01_Incident_Reports_ADS (1).csv
30270-5324,1,Waymo LLC,Monthly,3,2023,APR-2023,,Jaguar,I-Pace,2021,ADS,,Waymo LLC,MAR-2023,19:00,Tempe,AZ,Street,Passenger Car,Minor,Yes,raw/SGO/SGO-2021-01_Incident_Reports_ADS (1).csv
30270-5325,1,Waymo LLC,Monthly,3,2023,APR-2023,,Jaguar,I-Pace,2021,ADS,,Waymo LLC,MAR-2023,10:43,Los Angeles,CA,Intersection,SUV,No Injuries Reported,Yes,raw/SGO/SGO-2021-01_Incident_Reports_ADS (1).csv
30270-5326,1,Waymo LLC,Monthly,3,2023,APR-2023,,Jaguar,I-Pace,2021,ADS,,Waymo LLC,MAR-2023,13:35,Tempe,AZ,Intersection,Passenger Car,No Injuries Reported,Yes,raw/SGO/SGO-2021-01_Incident_Reports_ADS (1).csv
30270-5429,1,Waymo LLC,1-Day,,,MAY-2023,,Jaguar,I-Pace,2021,ADS,,Waymo LLC,MAY-2023,10:32,San Francisco,CA,Street,SUV,No Injuries Reported,Yes,raw/SGO/SGO-2021-01_Incident_Reports_ADS (1).csv
30270-5429,2,Waymo LLC,10-Day Update,,,MAY-2023,,Jaguar,I-Pace,2021,ADS,,Waymo LLC,MAY-2023,10:32,San Francisco,CA,Street,SUV,No Injuries Reported,Yes,raw/SGO/SGO-2021-01_Incident_Reports_ADS (1).csv
30270-5456,1,Waymo LLC,1-Day,,,MAY-2023,,Jaguar,I-Pace,2021,ADS,,Waymo LLC,MAY-2023,15:27,San Francisco,CA,Street,Non-Motorist: Cyclist,No Injuries Reported,Yes,raw/SGO/SGO-2021-01_Incident_Reports_ADS (1).csv
30270-5456,2,Waymo LLC,10-Day Update,,,MAY-2023,,Jaguar,I-Pace,2021,ADS,,Waymo LLC,MAY-2023,15:27,San Francisco,CA,Street,Non-Motorist: Cyclist,No Injuries Reported,Yes,raw/SGO/SGO-2021-01_Incident_Reports_ADS (1).csv
30270-5584,1,Waymo LLC,Monthly,4,2023,MAY-2023,,Jaguar,I-PACE,2021,ADS,,Waymo LLC,APR-2023,22:56,San Francisco,CA,Intersection,SUV,No Injuries Reported,Yes,raw/SGO/SGO-2021-01_Incident_Reports_ADS (1).csv
30270-5586,1,Waymo LLC,Monthly,4,2023,MAY-2023,,Jaguar,I-PACE,2021,ADS,,Waymo LLC,APR-2023,17:29,Santa Monica,CA,Intersection,SUV,No Injuries Reported,Yes,raw/SGO/SGO-2021-01_Incident_Reports_ADS (1).csv
30270-5588,1,Waymo LLC,Monthly,4,2023,MAY-2023,,Chrysler,Pacifica,2017,ADS,,Waymo LLC,APR-2023,15:43,Tempe,AZ,Intersection,Passenger Car,No Injuries Reported,Yes,raw/SGO/SGO-2021-01_Incident_Reports_ADS (1).csv
30270-5591,1,Waymo LLC,Monthly,4,2023,MAY-2023,,Jaguar,I-PACE,2021,ADS,,Waymo LLC,APR-2023,8:02,Phoenix,AZ,Intersection,Van,No Injuries Reported,Yes,raw/SGO/SGO-2021-01_Incident_Reports_ADS (1).csv
30270-5592,1,Waymo LLC,Monthly,4,2023,MAY-2023,,Jaguar,I-PACE,2021,ADS,,Waymo LLC,APR-2023,17:29,San Francisco,CA,Street,SUV,No Injuries Reported,Yes,raw/SGO/SGO-2021-01_Incident_Reports_ADS (1).csv
30270-5593,1,Waymo LLC,Monthly,4,2023,MAY-2023,,Jaguar,I-PACE,2021,ADS,,Waymo LLC,APR-2023,13:53,San Francisco,CA,Intersection,SUV,No Injuries Reported,Yes,raw/SGO/SGO-2021-01_Incident_Reports_ADS (1).csv
30270-5611,1,Waymo LLC,5-Day,,,MAY-2023,,Jaguar,I-Pace,2021,ADS,,Waymo LLC,MAY-2023,17:54,Phoenix,AZ,Parking Lot,"Other, see Narrative",No Injuries Reported,Yes,raw/SGO/SGO-2021-01_Incident_Reports_ADS (1).csv
30270-5612,1,Waymo LLC,5-Day,,,MAY-2023,,Jaguar,I-Pace,2021,ADS,,Waymo LLC,MAY-2023,17:34,Phoenix,AZ,Parking Lot,"Other, see Narrative",No Injuries Reported,Yes,raw/SGO/SGO-2021-01_Incident_Reports_ADS (1).csv
30270-5650,1,Waymo LLC,1-Day,,,JUN-2023,,Jaguar,I-PACE,2021,ADS,,Waymo LLC,JUN-2023,13:17,Phoenix,AZ,Highway / Freeway,Passenger Car,Unknown,Yes,raw/SGO/SGO-2021-01_Incident_Reports_ADS (1).csv
30270-5650,2,Waymo LLC,10-Day Update,,,JUN-2023,,Jaguar,I-PACE,2021,ADS,,Waymo LLC,JUN-2023,13:17,Phoenix,AZ,Highway / Freeway,Passenger Car,Moderate,Yes,raw/SGO/SGO-2021-01_Incident_Reports_ADS (1).csv
30270-5756,1,Waymo LLC,Monthly,5,2023,JUN-2023,,Jaguar,I-Pace,2021,ADS,,Waymo LLC,MAY-2023,13:37,Phoenix,AZ,Street,Passenger Car,No Injuries Reported,Yes,raw/SGO/SGO-2021-01_Incident_Reports_ADS (1).csv
30270-5757,1,Waymo LLC,Monthly,5,2023,JUN-2023,,Jaguar,I-Pace,2021,ADS,,Waymo LLC,MAY-2023,21:29,Mesa,AZ,Highway / Freeway,"Other, see Narrative",No Injuries Reported,Yes,raw/SGO/SGO-2021-01_Incident_Reports_ADS (1).csv
30270-5758,1,Waymo LLC,Monthly,5,2023,JUN-2023,,Jaguar,I-Pace,2021,ADS,,Waymo LLC,MAY-2023,20:48,San Francisco,CA,Street,Passenger Car,No Injuries Reported,Yes,raw/SGO/SGO-2021-01_Incident_Reports_ADS (1).csv
30270-5759,1,Waymo LLC,Monthly,5,2023,JUN-2023,,Jaguar,I-Pace,2021,ADS,,Waymo LLC,MAY-2023,23:30,Tempe,AZ,Intersection,Passenger Car,No Injuries Reported,Yes,raw/SGO/SGO-2021-01_Incident_Reports_ADS (1).csv
30270-5760,1,Waymo LLC,Monthly,5,2023,JUN-2023,,Jaguar,I-Pace,2021,ADS,,Waymo LLC,MAY-2023,09:42,Phoenix,AZ,Street,Heavy Truck,No Injuries Reported,Yes,raw/SGO/SGO-2021-01_Incident_Reports_ADS (1).csv
30270-5762,1,Waymo LLC,Monthly,5,2023,JUN-2023,,Jaguar,I-Pace,2021,ADS,,Waymo LLC,MAY-2023,10:56,San Francisco,CA,Street,Animal,No Injuries Reported,Yes,raw/SGO/SGO-2021-01_Incident_Reports_ADS (1).csv
30270-5813,1,Waymo LLC,5-Day,,,JUL-2023,,Jaguar,I-Pace,2021,ADS,,Waymo LLC,JUN-2023,20:58,Phoenix,AZ,Street,"Other, see Narrative",No Injuries Reported,Yes,raw/SGO/SGO-2021-01_Incident_Reports_ADS (1).csv
30270-5817,1,Waymo LLC,5-Day,,,JUL-2023,,Jaguar,I-Pace,2021,ADS,,Waymo LLC,JUN-2023,23:18,Los Angeles,CA,Intersection,Pickup Truck,Minor,Yes,raw/SGO/SGO-2021-01_Incident_Reports_ADS (1).csv
30270-5817,2,Waymo LLC,Update,,,JUL-2023,,Jaguar,I-Pace,2021,ADS,,Waymo LLC,JUN-2023,23:18,Los Angeles,CA,Intersection,Pickup Truck,Minor,Yes,raw/SGO/SGO-2021-01_Incident_Reports_ADS (1).csv
30270-5855,1,Waymo LLC,1-Day,,,JUL-2023,,Jaguar,I-Pace,2021,ADS,,Waymo LLC,JUL-2023,15:08,Los Angeles,CA,Intersection,Non-Motorist: Cyclist,No Injuries Reported,Yes,raw/SGO/SGO-2021-01_Incident_Reports_ADS (1).csv
30270-5855,2,Waymo LLC,10-Day Update,,,JUL-2023,,Jaguar,I-Pace,2021,ADS,,Waymo LLC,JUL-2023,15:08,Los Angeles,CA,Intersection,Non-Motorist: Cyclist,No Injuries Reported,Yes,raw/SGO/SGO-2021-01_Incident_Reports_ADS (1).csv
30270-5896,1,Waymo LLC,5-Day,,,JUL-2023,,Jaguar,I-Pace,2021,ADS,,Waymo LLC,JUL-2023,18:13,Chandler,AZ,Intersection,Passenger Car,No Injuries Reported,Yes,raw/SGO/SGO-2021-01_Incident_Reports_ADS (1).csv
30270-5957,1,Waymo LLC,Monthly,6,2023,JUL-2023,,Jaguar,I-Pace,2021,ADS,,Waymo LLC,JUN-2023,12:35,San Francisco,CA,Parking Lot,Van,No Injuries Reported,Yes,raw/SGO/SGO-2021-01_Incident_Reports_ADS (1).csv
30270-5958,1,Waymo LLC,Monthly,6,2023,JUL-2023,,Jaguar,I-Pace,2021,ADS,,Waymo LLC,JUN-2023,15:44,San Francisco,CA,Street,Passenger Car,No Injuries Reported,Yes,raw/SGO/SGO-2021-01_Incident_Reports_ADS (1).csv
30270-5959,1,Waymo LLC,Monthly,6,2023,JUL-2023,,Jaguar,I-Pace,2021,ADS,,Waymo LLC,JUN-2023,17:06,San Francisco,CA,Intersection,Passenger Car,No Injuries Reported,Yes,raw/SGO/SGO-2021-01_Incident_Reports_ADS (1).csv
30270-5960,1,Waymo LLC,Monthly,6,2023,JUL-2023,,Jaguar,I-Pace,2021,ADS,,Waymo LLC,JUN-2023,21:19,San Francisco,CA,Street,Pickup Truck,No Injuries Reported,Yes,raw/SGO/SGO-2021-01_Incident_Reports_ADS (1).csv
30270-5961,1,Waymo LLC,Monthly,6,2023,JUL-2023,,Jaguar,I-Pace,2021,ADS,,Waymo LLC,JUN-2023,07:50,San Francisco,CA,Intersection,Pickup Truck,No Injuries Reported,Yes,raw/SGO/SGO-2021-01_Incident_Reports_ADS (1).csv
30270-5962,1,Waymo LLC,Monthly,6,2023,JUL-2023,,Jaguar,I-Pace,2021,ADS,,Waymo LLC,JUN-2023,21:39,Tempe,AZ,Highway / Freeway,"Other, see Narrative",No Injuries Reported,Yes,raw/SGO/SGO-2021-01_Incident_Reports_ADS (1).csv
30270-5997,1,Waymo LLC,5-Day,,,AUG-2023,,Jaguar,I-Pace,2021,ADS,,Waymo LLC,JUL-2023,15:34,Tempe,AZ,Street,Passenger Car,Minor,Yes,raw/SGO/SGO-2021-01_Incident_Reports_ADS (1).csv
30270-5998,1,Waymo LLC,5-Day,,,JUL-2023,,Jaguar,I-Pace,2021,ADS,,Waymo LLC,JUL-2023,15:04,San Francisco,CA,Intersection,Pickup Truck,No Injuries Reported,Yes,raw/SGO/SGO-2021-01_Incident_Reports_ADS (1).csv
30270-6129,1,Waymo LLC,Monthly,7,2023,AUG-2023,,Jaguar,I-Pace,2021,ADS,,Waymo LLC,JUL-2023,13:13,San Francisco,CA,Street,Passenger Car,No Injuries Reported,Yes,raw/SGO/SGO-2021-01_Incident_Reports_ADS (1).csv
30270-6130,1,Waymo LLC,Monthly,7,2023,AUG-2023,,Jaguar,I-Pace,2021,ADS,,Waymo LLC,JUL-2023,10:13,San Francisco,CA,Intersection,SUV,No Injuries Reported,Yes,raw/SGO/SGO-2021-01_Incident_Reports_ADS (1).csv
30270-6131,1,Waymo LLC,Monthly,7,2023,AUG-2023,,Jaguar,I-Pace,2021,ADS,,Waymo LLC,JUL-2023,9:02,Phoenix,AZ,Street,Passenger Car,No Injuries Reported,Yes,raw/SGO/SGO-2021-01_Incident_Reports_ADS (1).csv
30270-6132,1,Waymo LLC,Monthly,7,2023,AUG-2023,,Jaguar,I-Pace,2021,ADS,,Waymo LLC,JUL-2023,9:51,San Francisco,CA,Intersection,Passenger Car,No Injuries Reported,Yes,raw/SGO/SGO-2021-01_Incident_Reports_ADS (1).csv
30270-6133,1,Waymo LLC,Monthly,7,2023,AUG-2023,,Jaguar,I-Pace,2021,ADS,,Waymo LLC,JUL-2023,11:11,San Francisco,CA,Street,SUV,No Injuries Reported,Yes,raw/SGO/SGO-2021-01_Incident_Reports_ADS (1).csv
30270-6134,1,Waymo LLC,Monthly,7,2023,AUG-2023,,Jaguar,I-Pace,2021,ADS,,Waymo LLC,JUL-2023,14:57,Santa Monica,CA,Street,Non-Motorist: Cyclist,No Injuries Reported,Yes,raw/SGO/SGO-2021-01_Incident_Reports_ADS (1).csv
30270-6149,1,Waymo LLC,1-Day,,,AUG-2023,,Jaguar,I-Pace,2021,ADS,,Waymo LLC,AUG-2023,21:37,Tempe,AZ,Intersection,Passenger Car,Unknown,Yes,raw/SGO/SGO-2021-01_Incident_Reports_ADS (1).csv
30270-6149,2,Waymo LLC,10-Day Update,,,AUG-2023,,Jaguar,I-Pace,2021,ADS,,Waymo LLC,AUG-2023,21:37,Tempe,AZ,Intersection,Passenger Car,Unknown,Yes,raw/SGO/SGO-2021-01_Incident_Reports_ADS (1).csv
30270-6150,1,Waymo LLC,5-Day,,,AUG-2023,,Jaguar,I-Pace,2021,ADS,,Waymo LLC,AUG-2023,18:38,Phoenix,AZ,Intersection,Pickup Truck,No Injuries Reported,Yes,raw/SGO/SGO-2021-01_Incident_Reports_ADS (1).csv
30270-6198,1,Waymo LLC,5-Day,,,SEP-2023,,Jaguar,I-Pace,2021,ADS,,Waymo LLC,AUG-2023,20:56,Phoenix,AZ,Intersection,Passenger Car,No Injuries Reported,Yes,raw/SGO/SGO-2021-01_Incident_Reports_ADS (1).csv
30270-6335,1,Waymo LLC,Monthly,8,2023,SEP-2023,,Jaguar,I-Pace,2021,ADS,,Waymo LLC,AUG-2023,19:12,Phoenix,AZ,Street,Passenger Car,No Injuries Reported,Yes,raw/SGO/SGO-2021-01_Incident_Reports_ADS (1).csv
30270-6336,1,Waymo LLC,Monthly,8,2023,SEP-2023,,Jaguar,I-Pace,2021,ADS,,Waymo LLC,AUG-2023,22:10,San Francisco,CA,Street,SUV,Minor,Yes,raw/SGO/SGO-2021-01_Incident_Reports_ADS (1).csv
30270-6337,1,Waymo LLC,Monthly,8,2023,SEP-2023,,Jaguar,I-Pace,2021,ADS,,Waymo LLC,AUG-2023,15:36,Mesa,AZ,Street,Pickup Truck,No Injuries Reported,Yes,raw/SGO/SGO-2021-01_Incident_Reports_ADS (1).csv
30270-6338,1,Waymo LLC,Monthly,8,2023,SEP-2023,,Jaguar,I-Pace,2021,ADS,,Waymo LLC,AUG-2023,19:23,Phoenix,AZ,Intersection,SUV,No Injuries Reported,Yes,raw/SGO/SGO-2021-01_Incident_Reports_ADS (1).csv
30270-6339,1,Waymo LLC,Monthly,8,2023,SEP-2023,,Jaguar,I-Pace,2021,ADS,,Waymo LLC,AUG-2023,19:38,Los Angeles,CA,Street,"Other, see Narrative",No Injuries Reported,Yes,raw/SGO/SGO-2021-01_Incident_Reports_ADS (1).csv
30270-6340,1,Waymo LLC,Monthly,8,2023,SEP-2023,,Jaguar,I-Pace,2021,ADS,,Waymo LLC,AUG-2023,21:01,San Francisco,CA,Intersection,Passenger Car,No Injuries Reported,Yes,raw/SGO/SGO-2021-01_Incident_Reports_ADS (1).csv
30270-6341,1,Waymo LLC,Monthly,8,2023,SEP-2023,,Jaguar,I-Pace,2021,ADS,,Waymo LLC,AUG-2023,18:11,San Francisco,CA,Street,"Other, see Narrative",No Injuries Reported,Yes,raw/SGO/SGO-2021-01_Incident_Reports_ADS (1).csv
30270-6342,1,Waymo LLC,Monthly,8,2023,SEP-2023,,Jaguar,I-Pace,2021,ADS,,Waymo LLC,AUG-2023,13:05,San Francisco,CA,Street,SUV,No Injuries Reported,Yes,raw/SGO/SGO-2021-01_Incident_Reports_ADS (1).csv
30270-6343,1,Waymo LLC,Monthly,8,2023,SEP-2023,,Jaguar,I-Pace,2021,ADS,,Waymo LLC,AUG-2023,16:45,San Francisco,CA,Street,Passenger Car,No Injuries Reported,Yes,raw/SGO/SGO-2021-01_Incident_Reports_ADS (1).csv
30270-6344,1,Waymo LLC,Monthly,8,2023,SEP-2023,,Jaguar,I-Pace,2021,ADS,,Waymo LLC,AUG-2023,17:48,San Francisco,CA,Street,Non-Motorist: Cyclist,No Injuries Reported,Yes,raw/SGO/SGO-2021-01_Incident_Reports_ADS (1).csv
30270-6346,1,Waymo LLC,Monthly,8,2023,SEP-2023,,Jaguar,I-Pace,2021,ADS,,Waymo LLC,AUG-2023,21:55,San Francisco,CA,Street,Heavy Truck,No Injuries Reported,Yes,raw/SGO/SGO-2021-01_Incident_Reports_ADS (1).csv
30270-6347,1,Waymo LLC,Monthly,8,2023,SEP-2023,,Jaguar,I-Pace,2021,ADS,,Waymo LLC,AUG-2023,16:38,Santa Monica,CA,Traffic Circle,Passenger Car,No Injuries Reported,Yes,raw/SGO/SGO-2021-01_Incident_Reports_ADS (1).csv
30270-6351,1,Waymo LLC,5-Day,,,SEP-2023,,Jaguar,I-Pace,2021,ADS,,Waymo LLC,SEP-2023,20:34,San Francisco,CA,Street,SUV,No Injuries Reported,Yes,raw/SGO/SGO-2021-01_Incident_Reports_ADS (1).csv
30270-6352,1,Waymo LLC,5-Day,,,SEP-2023,,Jaguar,I-Pace,2021,ADS,,Waymo LLC,SEP-2023,18:26,San Francisco,CA,Intersection,Passenger Car,No Injuries Reported,Yes,raw/SGO/SGO-2021-01_Incident_Reports_ADS (1).csv
30270-6368,1,Waymo LLC,5-Day,,,SEP-2023,,Jaguar,I-Pace,2021,ADS,,Waymo LLC,SEP-2023,17:02,Tempe,AZ,Street,Pickup Truck,No Injuries Reported,Yes,raw/SGO/SGO-2021-01_Incident_Reports_ADS (1).csv
30270-6385,1,Waymo LLC,1-Day,,,OCT-2023,,Jaguar,I-Pace,2021,ADS,,Waymo LLC,OCT-2023,17:47,San Francisco,CA,Street,Passenger Car,No Injuries Reported,Yes,raw/SGO/SGO-2021-01_Incident_Reports_ADS (1).csv
30270-6385,2,Waymo LLC,10-Day Update,,,OCT-2023,,Jaguar,I-Pace,2021,ADS,,Waymo LLC,OCT-2023,17:47,San Francisco,CA,Street,Passenger Car,No Injuries Reported,Yes,raw/SGO/SGO-2021-01_Incident_Reports_ADS (1).csv
30270-6405,1,Waymo LLC,5-Day,,,OCT-2023,,Jaguar,I-Pace,2021,ADS,,Waymo LLC,SEP-2023,19:12,San Francisco,CA,Intersection,Passenger Car,No Injuries Reported,Yes,raw/SGO/SGO-2021-01_Incident_Reports_ADS (1).csv
30270-6514,1,Waymo LLC,Monthly,9,2023,OCT-2023,,Jaguar,I-Pace,2021,ADS,,Waymo LLC,SEP-2023,22:48,San Francisco,CA,Street,Bus,No Injuries Reported,Yes,raw/SGO/SGO-2021-01_Incident_Reports_ADS (1).csv
30270-6515,1,Waymo LLC,Monthly,9,2023,OCT-2023,,Jaguar,I-Pace,2021,ADS,,Waymo LLC,SEP-2023,19:41,San Francisco,CA,Street,Passenger Car,No Injuries Reported,Yes,raw/SGO/SGO-2021-01_Incident_Reports_ADS (1).csv
30270-6516,1,Waymo LLC,Monthly,9,2023,OCT-2023,,Jaguar,I-Pace,2021,ADS,,Waymo LLC,SEP-2023,15:07,Tempe,AZ,Street,Passenger Car,No Injuries Reported,Yes,raw/SGO/SGO-2021-01_Incident_Reports_ADS (1).csv
30270-6517,1,Waymo LLC,Monthly,9,2023,OCT-2023,,Jaguar,I-Pace,2021,ADS,,Waymo LLC,SEP-2023,09:24,San Francisco,CA,Street,Heavy Truck,No Injuries Reported,Yes,raw/SGO/SGO-2021-01_Incident_Reports_ADS (1).csv
30270-6518,1,Waymo LLC,Monthly,9,2023,OCT-2023,,Jaguar,I-Pace,2021,ADS,,Waymo LLC,SEP-2023,20:20,San Francisco,CA,Street,Passenger Car,No Injuries Reported,Yes,raw/SGO/SGO-2021-01_Incident_Reports_ADS (1).csv
30270-6519,1,Waymo LLC,Monthly,9,2023,OCT-2023,,Jaguar,I-Pace,2021,ADS,,Waymo LLC,SEP-2023,19:49,Phoenix,AZ,Street,"Other, see Narrative",No Injuries Reported,Yes,raw/SGO/SGO-2021-01_Incident_Reports_ADS (1).csv
30270-6520,1,Waymo LLC,Monthly,9,2023,OCT-2023,,Jaguar,I-Pace,2021,ADS,,Waymo LLC,SEP-2023,01:40,Scottsdale,AZ,Parking Lot,Passenger Car,No Injuries Reported,Yes,raw/SGO/SGO-2021-01_Incident_Reports_ADS (1).csv
30270-6521,1,Waymo LLC,Monthly,9,2023,OCT-2023,,Jaguar,I-Pace,2021,ADS,,Waymo LLC,SEP-2023,10:25,Phoenix,AZ,Street,"Other, see Narrative",No Injuries Reported,Yes,raw/SGO/SGO-2021-01_Incident_Reports_ADS (1).csv
30270-6522,1,Waymo LLC,Monthly,9,2023,OCT-2023,,Jaguar,I-Pace,2021,ADS,,Waymo LLC,SEP-2023,21:00,San Francisco,CA,Intersection,Passenger Car,No Injuries Reported,Yes,raw/SGO/SGO-2021-01_Incident_Reports_ADS (1).csv
30270-6522,2,Waymo LLC,Update,,,OCT-2023,,Jaguar,I-Pace,2021,ADS,,Waymo LLC,SEP-2023,21:00,San Francisco,CA,Intersection,Passenger Car,No Injuries Reported,Yes,raw/SGO/SGO-2021-01_Incident_Reports_ADS (1).csv
30270-6529,1,Waymo LLC,1-Day,,,OCT-2023,,Jaguar,I-Pace,2021,ADS,,Waymo LLC,OCT-2023,9:24,San Francisco,CA,Intersection,Non-Motorist: Cyclist,No Injuries Reported,Yes,raw/SGO/SGO-2021-01_Incident_Reports_ADS (1).csv
30270-6529,2,Waymo LLC,10-Day Update,,,OCT-2023,,Jaguar,I-Pace,2021,ADS,,Waymo LLC,OCT-2023,9:24,San Francisco,CA,Intersection,Non-Motorist: Cyclist,No Injuries Reported,Yes,raw/SGO/SGO-2021-01_Incident_Reports_ADS (1).csv
30270-6542,1,Waymo LLC,5-Day,,,OCT-2023,,Jaguar,I-Pace,2023,ADS,,Waymo LLC,OCT-2023,08:59,Scottsdale,AZ,Street,"Other, see Narrative",Unknown,Yes,raw/SGO/SGO-2021-01_Incident_Reports_ADS (1).csv
30270-6548,1,Waymo LLC,5-Day,,,OCT-2023,,Jaguar,I-Pace,2021,ADS,,Waymo LLC,OCT-2023,18:53,Phoenix,AZ,Street,"Other, see Narrative",No Injuries Reported,Yes,raw/SGO/SGO-2021-01_Incident_Reports_ADS (1).csv
30270-6561,1,Waymo LLC,5-Day,,,OCT-2023,,Jaguar,I-Pace,2021,ADS,,Waymo LLC,OCT-2023,13:29,Phoenix,AZ,Street,"Other, see Narrative",No Injuries Reported,Yes,raw/SGO/SGO-2021-01_Incident_Reports_ADS (1).csv
30270-6566,1,Waymo LLC,5-Day,,,NOV-2023,,Jaguar,I-Pace,2021,ADS,,Waymo LLC,OCT-2023,19:18,Chandler,AZ,Street,Passenger Car,Minor,Yes,raw/SGO/SGO-2021-01_Incident_Reports_ADS (1).csv
30270-6579,1,Waymo LLC,1-Day,,,NOV-2023,,Jaguar,I-Pace,2021,ADS,,Waymo LLC,NOV-2023,22:43,San Francisco,CA,Intersection,Passenger Car,Serious,Yes,raw/SGO/SGO-2021-01_Incident_Reports_ADS (1).csv
30270-6579,2,Waymo LLC,10-Day Update,,,NOV-2023,,Jaguar,I-Pace,2021,ADS,,Waymo LLC,NOV-2023,22:43,San Francisco,CA,Intersection,Passenger Car,Serious,Yes,raw/SGO/SGO-2021-01_Incident_Reports_ADS (1).csv
30270-6661,1,Waymo LLC,Monthly,10,2023,NOV-2023,,Jaguar,I-Pace,2021,ADS,,Waymo LLC,OCT-2023,08:03,San Francisco,CA,Intersection,Pickup Truck,No Injuries Reported,Yes,raw/SGO/SGO-2021-01_Incident_Reports_ADS (1).csv
30270-6662,1,Waymo LLC,Monthly,10,2023,NOV-2023,,Jaguar,I-Pace,2021,ADS,,Waymo LLC,OCT-2023,17:42,San Francisco,CA,Street,Passenger Car,No Injuries Reported,Yes,raw/SGO/SGO-2021-01_Incident_Reports_ADS (1).csv
30270-6663,1,Waymo LLC,Monthly,10,2023,NOV-2023,,Jaguar,I-Pace,2021,ADS,,Waymo LLC,OCT-2023,16:10,San Francisco,CA,Street,Passenger Car,No Injuries Reported,Yes,raw/SGO/SGO-2021-01_Incident_Reports_ADS (1).csv
30270-6664,1,Waymo LLC,Monthly,10,2023,NOV-2023,,Jaguar,I-Pace,2021,ADS,,Waymo LLC,OCT-2023,18:02,Phoenix,AZ,Parking Lot,Van,No Injuries Reported,Yes,raw/SGO/SGO-2021-01_Incident_Reports_ADS (1).csv
30270-6665,1,Waymo LLC,Monthly,10,2023,NOV-2023,,Jaguar,I-Pace,2021,ADS,,Waymo LLC,OCT-2023,07:48,San Francisco,CA,Intersection,SUV,No Injuries Reported,Yes,raw/SGO/SGO-2021-01_Incident_Reports_ADS (1).csv
30270-6666,1,Waymo LLC,Monthly,10,2023,NOV-2023,,Jaguar,I-Pace,2021,ADS,,Waymo LLC,OCT-2023,17:14,San Francisco,CA,Street,Van,No Injuries Reported,Yes,raw/SGO/SGO-2021-01_Incident_Reports_ADS (1).csv
30270-6667,1,Waymo LLC,Monthly,10,2023,NOV-2023,,Jaguar,I-Pace,2023,ADS,,Waymo LLC,OCT-2023,03:11,San Francisco,CA,Street,Passenger Car,No Injuries Reported,Yes,raw/SGO/SGO-2021-01_Incident_Reports_ADS (1).csv
30270-6668,1,Waymo LLC,Monthly,10,2023,NOV-2023,,Jaguar,I-Pace,2023,ADS,,Waymo LLC,OCT-2023,11:04,Tempe,AZ,Intersection,Passenger Car,No Injuries Reported,Yes,raw/SGO/SGO-2021-01_Incident_Reports_ADS (1).csv
30270-6765,1,Waymo LLC,5-Day,,,DEC-2023,,Jaguar,I-Pace,2021,ADS,,Waymo LLC,NOV-2023,17:40,Scottsdale,AZ,Intersection,Passenger Car,No Injuries Reported,Yes,raw/SGO/SGO-2021-01_Incident_Reports_ADS (1).csv
30270-6838,1,Waymo LLC,Monthly,11,2023,DEC-2023,,Jaguar,I-Pace,2021,ADS,,Waymo LLC,NOV-2023,10:09,Tempe,AZ,Parking Lot,"Other, see Narrative",No Injuries Reported,Yes,raw/SGO/SGO-2021-01_Incident_Reports_ADS (1).csv
30270-6839,1,Waymo LLC,Monthly,11,2023,DEC-2023,,Jaguar,I-Pace,2021,ADS,,Waymo LLC,NOV-2023,15:44,San Francisco,CA,Intersection,Passenger Car,No Injuries Reported,Yes,raw/SGO/SGO-2021-01_Incident_Reports_ADS (1).csv
30270-6853,1,Waymo LLC,Monthly,11,2023,DEC-2023,,Jaguar,I-Pace,2021,ADS,,Waymo LLC,NOV-2023,04:06,Austin,TX,Intersection,Pickup Truck,No Injuries Reported,Yes,raw/SGO/SGO-2021-01_Incident_Reports_ADS (1).csv
30270-6854,1,Waymo LLC,Monthly,11,2023,DEC-2023,,Jaguar,I-Pace,2021,ADS,,Waymo LLC,NOV-2023,21:36,Tempe,AZ,Parking Lot,"Other, see Narrative",No Injuries Reported,Yes,raw/SGO/SGO-2021-01_Incident_Reports_ADS (1).csv
30270-6855,1,Waymo LLC,Monthly,11,2023,DEC-2023,,Jaguar,I-Pace,2021,ADS,,Waymo LLC,NOV-2023,15:46,San Francisco,CA,Street,Van,No Injuries Reported,Yes,raw/SGO/SGO-2021-01_Incident_Reports_ADS (1).csv
30270-6857,1,Waymo LLC,Monthly,11,2023,DEC-2023,,Jaguar,I-Pace,2021,ADS,,Waymo LLC,NOV-2023,19:59,Los Angeles,CA,Intersection,Passenger Car,No Injuries Reported,Yes,raw/SGO/SGO-2021-01_Incident_Reports_ADS (1).csv
30270-6878,1,Waymo LLC,5-Day,,,DEC-2023,,Jaguar,I-Pace,2021,ADS,,Waymo LLC,DEC-2023,10:27,Phoenix,AZ,Intersection,Pickup Truck,No Injuries Reported,Yes,raw/SGO/SGO-2021-01_Incident_Reports_ADS (1).csv
30270-6879,1,Waymo LLC,5-Day,,,DEC-2023,,Jaguar,I-Pace,2021,ADS,,Waymo LLC,DEC-2023,09:42,San Francisco,CA,Intersection,Passenger Car,Minor,Yes,raw/SGO/SGO-2021-01_Incident_Reports_ADS (1).csv
30270-6883,1,Waymo LLC,5-Day,,,DEC-2023,,Jaguar,I-Pace,2021,ADS,,Waymo LLC,DEC-2023,16:51,Scottsdale,AZ,Intersection,Van,Minor,Yes,raw/SGO/SGO-2021-01_Incident_Reports_ADS (1).csv
30270-6901,1,Waymo LLC,5-Day,,,DEC-2023,,Jaguar,I-Pace,2021,ADS,,Waymo LLC,DEC-2023,15:38,Phoenix,AZ,Intersection,Passenger Car,No Injuries Reported,Yes,raw/SGO/SGO-2021-01_Incident_Reports_ADS (1).csv
30270-6906,1,Waymo LLC,5-Day,,,DEC-2023,,Jaguar,I-Pace,2021,ADS,,Waymo LLC,DEC-2023,06:44,Phoenix,AZ,Intersection,Passenger Car,Minor,Yes,raw/SGO/SGO-2021-01_Incident_Reports_ADS (1).csv
30270-6907,1,Waymo LLC,5-Day,,,DEC-2023,,Jaguar,I-Pace,2021,ADS,,Waymo LLC,DEC-2023,00:16,Scottsdale,AZ,Street,Pickup Truck,No Injuries Reported,Yes,raw/SGO/SGO-2021-01_Incident_Reports_ADS (1).csv
30270-6932,1,Waymo LLC,5-Day,,,JAN-2024,,Jaguar,I-Pace,2021,ADS,,Waymo LLC,JAN-2024,03:19,Phoenix,AZ,Intersection,SUV,Unknown,Yes,raw/SGO/SGO-2021-01_Incident_Reports_ADS (1).csv
30270-6932,2,Waymo LLC,Update,,,FEB-2024,,Jaguar,I-Pace,2021,ADS,,Waymo LLC,JAN-2024,03:19,Phoenix,AZ,Intersection,SUV,Unknown,Yes,raw/SGO/SGO-2021-01_Incident_Reports_ADS (1).csv
30270-6981,1,Waymo LLC,1-Day,,,JAN-2024,,Jaguar,I-PACE,2021,ADS,,Waymo LLC,JAN-2024,10:52,San Francisco,CA,Intersection,Motorcycle,No Injuries Reported,Yes,raw/SGO/SGO-2021-01_Incident_Reports_ADS (1).csv
30270-6981,2,Waymo LLC,10-Day Update,,,JAN-2024,,Jaguar,I-PACE,2021,ADS,,Waymo LLC,JAN-2024,10:52,San Francisco,CA,Intersection,Motorcycle,No Injuries Reported,Yes,raw/SGO/SGO-2021-01_Incident_Reports_ADS (1).csv
30270-7006,1,Waymo LLC,Monthly,12,2023,JAN-2024,,Jaguar,I-Pace,2021,ADS,,Waymo LLC,DEC-2023,15:23,San Francisco,CA,Street,Motorcycle,No Injuries Reported,Yes,raw/SGO/SGO-2021-01_Incident_Reports_ADS (1).csv
30270-7007,1,Waymo LLC,Monthly,12,2023,JAN-2024,,Jaguar,I-Pace,2021,ADS,,Waymo LLC,DEC-2023,15:23,San Francisco,CA,Street,Heavy Truck,No Injuries Reported,Yes,raw/SGO/SGO-2021-01_Incident_Reports_ADS (1).csv
30270-7010,1,Waymo LLC,Monthly,12,2023,JAN-2024,,Jaguar,I-Pace,2021,ADS,,Waymo LLC,DEC-2023,22:23,Tempe,AZ,Intersection,SUV,No Injuries Reported,Yes,raw/SGO/SGO-2021-01_Incident_Reports_ADS (1).csv
30270-7012,1,Waymo LLC,Monthly,12,2023,JAN-2024,,Jaguar,I-Pace,2021,ADS,,Waymo LLC,DEC-2023,19:02,Tempe,AZ,Intersection,Passenger Car,No Injuries Reported,Yes,raw/SGO/SGO-2021-01_Incident_Reports_ADS (1).csv
30270-7013,1,Waymo LLC,Monthly,12,2023,JAN-2024,,Jaguar,I-Pace,2021,ADS,,Waymo LLC,DEC-2023,10:25,Phoenix,AZ,Street,Pickup Truck,No Injuries Reported,Yes,raw/SGO/SGO-2021-01_Incident_Reports_ADS (1).csv
30270-7014,1,Waymo LLC,Monthly,12,2023,JAN-2024,,Jaguar,I-Pace,2021,ADS,,Waymo LLC,DEC-2023,13:46,San Francisco,CA,Street,Passenger Car,No Injuries Reported,Yes,raw/SGO/SGO-2021-01_Incident_Reports_ADS (1).csv
30270-7015,1,Waymo LLC,Monthly,12,2023,JAN-2024,,Jaguar,I-Pace,2021,ADS,,Waymo LLC,DEC-2023,12:18,San Francisco,CA,Intersection,Heavy Truck,No Injuries Reported,Yes,raw/SGO/SGO-2021-01_Incident_Reports_ADS (1).csv
30270-7017,1,Waymo LLC,Monthly,12,2023,JAN-2024,,Jaguar,I-Pace,2021,ADS,,Waymo LLC,DEC-2023,22:48,Phoenix,AZ,Intersection,Passenger Car,No Injuries Reported,Yes,raw/SGO/SGO-2021-01_Incident_Reports_ADS (1).csv
30270-7018,1,Waymo LLC,Monthly,12,2023,JAN-2024,,Jaguar,I-Pace,2021,ADS,,Waymo LLC,DEC-2023,14:00,Phoenix,AZ,Street,Pickup Truck,No Injuries Reported,Yes,raw/SGO/SGO-2021-01_Incident_Reports_ADS (1).csv
30270-7019,1,Waymo LLC,Monthly,12,2023,JAN-2024,,Jaguar,I-Pace,2021,ADS,,Waymo LLC,DEC-2023,17:09,San Francisco,CA,Street,Passenger Car,No Injuries Reported,Yes,raw/SGO/SGO-2021-01_Incident_Reports_ADS (1).csv
30270-7020,1,Waymo LLC,Monthly,12,2023,JAN-2024,,Jaguar,I-Pace,2021,ADS,,Waymo LLC,DEC-2023,16:32,Tempe,AZ,Parking Lot,SUV,No Injuries Reported,Yes,raw/SGO/SGO-2021-01_Incident_Reports_ADS (1).csv
30270-7021,1,Waymo LLC,Monthly,12,2023,JAN-2024,,Jaguar,I-Pace,2021,ADS,,Waymo LLC,DEC-2023,23:48,San Francisco,CA,Street,SUV,No Injuries Reported,Yes,raw/SGO/SGO-2021-01_Incident_Reports_ADS (1).csv
30270-7034,1,Waymo LLC,Monthly,1,2024,FEB-2024,,Jaguar,I-Pace,2021,ADS,,Waymo LLC,JAN-2024,3:07,Chandler,AZ,Intersection,SUV,No Injuries Reported,Yes,raw/SGO/SGO-2021-01_Incident_Reports_ADS (1).csv
30270-7048,1,Waymo LLC,5-Day,,,JAN-2024,,Jaguar,I-Pace,2021,ADS,,Waymo LLC,JAN-2024,12:35,Gilbert,AZ,Parking Lot,"Other, see Narrative",No Injuries Reported,Yes,raw/SGO/SGO-2021-01_Incident_Reports_ADS (1).csv
30270-7054,1,Waymo LLC,5-Day,,,JAN-2024,,Jaguar,I-Pace,2021,ADS,,Waymo LLC,JAN-2024,17:50,Phoenix,CA,Street,"Other, see Narrative",No Injuries Reported,Yes,raw/SGO/SGO-2021-01_Incident_Reports_ADS (1).csv
30270-7058,1,Waymo LLC,5-Day,,,FEB-2024,,Jaguar,I-Pace,2021,ADS,,Waymo LLC,JAN-2024,09:03,Scottsdale,AZ,Parking Lot,"Other, see Narrative",No Injuries Reported,Yes,raw/SGO/SGO-2021-01_Incident_Reports_ADS (1).csv
30270-7071,1,Waymo LLC,5-Day,,,FEB-2024,,Jaguar,I-Pace,2021,ADS,,Waymo LLC,JAN-2024,17:15,San Francisco,CA,Street,Passenger Car,No Injuries Reported,Yes,raw/SGO/SGO-2021-01_Incident_Reports_ADS (1).csv
30270-7075,1,Waymo LLC,1-Day,,,FEB-2024,,Jaguar,I-Pace,2021,ADS,,Waymo LLC,FEB-2024,14:34,San Francisco,CA,Intersection,Non-Motorist: Cyclist,Minor,Yes,raw/SGO/SGO-2021-01_Incident_Reports_ADS (1).csv
30270-7075,2,Waymo LLC,10-Day Update,,,FEB-2024,,Jaguar,I-Pace,2021,ADS,,Waymo LLC,FEB-2024,14:34,San Francisco,CA,Intersection,Non-Motorist: Cyclist,Minor,Yes,raw/SGO/SGO-2021-01_Incident_Reports_ADS (1).csv
30270-7156,1,Waymo LLC,Monthly,1,2024,FEB-2024,,Jaguar,I-Pace,2021,ADS,,Waymo LLC,JAN-2024,8:24,Phoenix,AZ,Intersection,Heavy Truck,No Injuries Reported,Yes,raw/SGO/SGO-2021-01_Incident_Reports_ADS (1).csv
30270-7157,1,Waymo LLC,Monthly,1,2024,FEB-2024,,Jaguar,I-Pace,2021,ADS,,Waymo LLC,FEB-2024,12:04,Los Angeles,CA,Street,SUV,No Injuries Reported,Yes,raw/SGO/SGO-2021-01_Incident_Reports_ADS (1).csv
30270-7157,2,Waymo LLC,Update,,,APR-2024,,Jaguar,I-Pace,2021,ADS,,Waymo LLC,JAN-2024,12:04,Los Angeles,CA,Street,SUV,No Injuries Reported,Yes,raw/SGO/SGO-2021-01_Incident_Reports_ADS (1).csv
30270-7157,3,Waymo LLC,Update,,,AUG-2024,,Jaguar,I-Pace,2021,ADS,,Waymo LLC,JAN-2024,12:04,Los Angeles,CA,Street,SUV,Unknown,Yes,raw/SGO/SGO-2021-01_Incident_Reports_ADS (1).csv
30270-7158,1,Waymo LLC,Monthly,1,2024,FEB-2024,,Jaguar,I-Pace,2021,ADS,,Waymo LLC,JAN-2024,08:57,Phoenix,AZ,Intersection,SUV,No Injuries Reported,Yes,raw/SGO/SGO-2021-01_Incident_Reports_ADS (1).csv
30270-7159,1,Waymo LLC,Monthly,1,2024,FEB-2024,,Jaguar,I-Pace,2021,ADAS,,Waymo LLC,JAN-2024,7:41,Tempe,AZ,Intersection,SUV,No Injuries Reported,Yes,raw/SGO/SGO-2021-01_Incident_Reports_ADS (1).csv
30270-7160,1,Waymo LLC,Monthly,1,2024,FEB-2024,,Jaguar,I-Pace,2021,ADS,,Waymo LLC,JAN-2024,15:51,Scottsdale,AZ,Intersection,"Other, see Narrative",Unknown,Yes,raw/SGO/SGO-2021-01_Incident_Reports_ADS (1).csv
30270-7161,1,Waymo LLC,Monthly,1,2024,FEB-2024,,Jaguar,I-Pace,2021,ADS,,Waymo LLC,JAN-2024,20:11,San Francisco,CA,Intersection,Bus,No Injuries Reported,Yes,raw/SGO/SGO-2021-01_Incident_Reports_ADS (1).csv
30270-7162,1,Waymo LLC,Monthly,1,2024,FEB-2024,,Jaguar,I-Pace,2021,ADS,,Waymo LLC,JAN-2024,00:41,San Francisco,CA,Intersection,Passenger Car,No Injuries Reported,Yes,raw/SGO/SGO-2021-01_Incident_Reports_ADS (1).csv
30270-7164,1,Waymo LLC,5-Day,,,FEB-2024,,Jaguar,I-Pace,2024,ADS,,Waymo LLC,FEB-2024,17:01,Austin,TX,Intersection,Passenger Car,No Injuries Reported,Yes,raw/SGO/SGO-2021-01_Incident_Reports_ADS (1).csv
30270-7164,2,Waymo LLC,Update,,,FEB-2024,,Jaguar,I-Pace,2024,ADS,,Waymo LLC,FEB-2024,17:01,Austin,TX,Intersection,Passenger Car,No Injuries Reported,Yes,raw/SGO/SGO-2021-01_Incident_Reports_ADS (1).csv
30270-7190,1,Waymo LLC,1-Day,,,FEB-2024,,Jaguar,I-Pace,2021,ADS,,Waymo LLC,FEB-2024,13:35,San Francisco,CA,Intersection,Motorcycle,No Injuries Reported,Yes,raw/SGO/SGO-2021-01_Incident_Reports_ADS (1).csv
30270-7190,2,Waymo LLC,10-Day Update,,,FEB-2024,,Jaguar,I-Pace,2021,ADS,,Waymo LLC,FEB-2024,13:35,San Francisco,CA,Intersection,Motorcycle,No Injuries Reported,Yes,raw/SGO/SGO-2021-01_Incident_Reports_ADS (1).csv
30270-7237,1,Waymo LLC,5-Day,,,MAR-2024,,Jaguar,I-Pace,2021,ADS,,Waymo LLC,FEB-2024,20:08,Tempe,AZ,Highway / Freeway,Passenger Car,Minor,Yes,raw/SGO/SGO-2021-01_Incident_Reports_ADS (1).csv
30270-7257,1,Waymo LLC,5-Day,,,MAR-2024,,Jaguar,I-Pace,2021,ADS,,Waymo LLC,FEB-2024,06:43,Tempe,AZ,Street,Passenger Car,Minor,Yes,raw/SGO/SGO-2021-01_Incident_Reports_ADS (1).csv
30270-7257,2,Waymo LLC,Update,,,APR-2024,,Jaguar,I-Pace,2021,ADS,,Waymo LLC,FEB-2024,06:43,Tempe,AZ,Street,Passenger Car,Minor,Yes,raw/SGO/SGO-2021-01_Incident_Reports_ADS (1).csv
30270-7306,1,Waymo LLC,5-Day,,,MAR-2024,,Jaguar,I-Pace,2021,ADS,,Waymo LLC,MAR-2024,04:35,San Francisco,CA,Intersection,Passenger Car,No Injuries Reported,Yes,raw/SGO/SGO-2021-01_Incident_Reports_ADS (1).csv
30270-7308,1,Waymo LLC,Monthly,2,2024,MAR-2024,,Jaguar,I-Pace,2021,ADS,,Waymo LLC,FEB-2024,22:01,Los Angeles,CA,Street,Other Fixed Object,No Injuries Reported,Yes,raw/SGO/SGO-2021-01_Incident_Reports_ADS (1).csv
30270-7309,1,Waymo LLC,Monthly,2,2024,MAR-2024,,Jaguar,I-Pace,2021,ADS,,Waymo LLC,FEB-2024,20:55,Tempe,AZ,Intersection,SUV,No Injuries Reported,Yes,raw/SGO/SGO-2021-01_Incident_Reports_ADS (1).csv
30270-7310,1,Waymo LLC,Monthly,2,2024,MAR-2024,,Jaguar,I-Pace,2021,ADS,,Waymo LLC,FEB-2024,1:03,San Francisco,CA,Street,Passenger Car,No Injuries Reported,Yes,raw/SGO/SGO-2021-01_Incident_Reports_ADS (1).csv
30270-7311,1,Waymo LLC,Monthly,2,2024,MAR-2024,,Jaguar,I-Pace,2021,ADS,,Waymo LLC,FEB-2024,18:41,Phoenix,AZ,Street,SUV,No Injuries Reported,Yes,raw/SGO/SGO-2021-01_Incident_Reports_ADS (1).csv
30270-7312,1,Waymo LLC,Monthly,2,2024,MAR-2024,,Jaguar,I-Pace,2021,ADS,,Waymo LLC,FEB-2024,1:42,Phoenix,AZ,Street,"Other, see Narrative",No Injuries Reported,Yes,raw/SGO/SGO-2021-01_Incident_Reports_ADS (1).csv
30270-7313,1,Waymo LLC,Monthly,2,2024,MAR-2024,,Jaguar,I-Pace,2021,ADS,,Waymo LLC,FEB-2024,9:30,Phoenix,AZ,Street,Heavy Truck,No Injuries Reported,Yes,raw/SGO/SGO-2021-01_Incident_Reports_ADS (1).csv
30270-7315,1,Waymo LLC,Monthly,2,2024,MAR-2024,,Jaguar,I-Pace,2021,ADS,,Waymo LLC,FEB-2024,13:23,San Francisco,CA,Street,Heavy Truck,No Injuries Reported,Yes,raw/SGO/SGO-2021-01_Incident_Reports_ADS (1).csv
30270-7316,1,Waymo LLC,Monthly,2,2024,MAR-2024,,Jaguar,I-Pace,2021,ADS,,Waymo LLC,FEB-2024,21:18,Chandler,AZ,Intersection,Passenger Car,Unknown,Yes,raw/SGO/SGO-2021-01_Incident_Reports_ADS (1).csv
30270-7316,2,Waymo LLC,Update,,,OCT-2024,,Jaguar,I-Pace,2021,ADS,,Waymo LLC,FEB-2024,21:18,Chandler,AZ,Intersection,Passenger Car,Unknown,Yes,raw/SGO/SGO-2021-01_Incident_Reports_ADS (1).csv
30270-7318,1,Waymo LLC,1-Day,,,MAR-2024,,Jaguar,I-Pace,2021,ADS,,Waymo LLC,FEB-2024,16:58,Phoenix,AZ,Street,Passenger Car,No Injuries Reported,Yes,raw/SGO/SGO-2021-01_Incident_Reports_ADS (1).csv
30270-7318,2,Waymo LLC,10-Day Update,,,MAR-2024,,Jaguar,I-Pace,2021,ADS,,Waymo LLC,FEB-2024,16:58,Phoenix,AZ,Street,Passenger Car,No Injuries Reported,Yes,raw/SGO/SGO-2021-01_Incident_Reports_ADS (1).csv
30270-7318,3,Waymo LLC,Update,,,MAR-2024,,Jaguar,I-Pace,2021,ADS,,Waymo LLC,FEB-2024,16:58,Phoenix,AZ,Street,Passenger Car,No Injuries Reported,Yes,raw/SGO/SGO-2021-01_Incident_Reports_ADS (1).csv
30270-7380,1,Waymo LLC,5-Day,,,MAR-2024,,Jaguar,I-Pace,2024,ADS,,Waymo LLC,MAR-2024,07:38,San Francisco,CA,Street,Passenger Car,Minor,Yes,raw/SGO/SGO-2021-01_Incident_Reports_ADS (1).csv
30270-7380,2,Waymo LLC,Update,,,MAY-2024,,Jaguar,I-Pace,2024,ADS,,Waymo LLC,MAR-2024,07:18,San Francisco,CA,Street,Passenger Car,Minor,Yes,raw/SGO/SGO-2021-01_Incident_Reports_ADS (1).csv
30270-7421,1,Waymo LLC,5-Day,,,APR-2024,,Jaguar,I-Pace,2021,ADS,,Waymo LLC,MAR-2024,16:25,Phoenix,AZ,Intersection,Passenger Car,Minor,Yes,raw/SGO/SGO-2021-01_Incident_Reports_ADS (1).csv
30270-7423,1,Waymo LLC,5-Day,,,APR-2024,,Jaguar,I-Pace,2021,ADS,,Waymo LLC,MAR-2024,01:33,San Francisco,CA,Street,SUV,No Injuries Reported,Yes,raw/SGO/SGO-2021-01_Incident_Reports_ADS (1).csv
30270-7424,1,Waymo LLC,5-Day,,,APR-2024,,Jaguar,I-Pace,2021,ADS,,Waymo LLC,MAR-2024,15:07,Scottsdale,AZ,Street,Passenger Car,No Injuries Reported,Yes,raw/SGO/SGO-2021-01_Incident_Reports_ADS (1).csv
30270-7425,1,Waymo LLC,5-Day,,,APR-2024,,Jaguar,I-Pace,2024,ADS,,Waymo LLC,APR-2024,06:59,San Francisco,CA,Intersection,Heavy Truck,No Injuries Reported,Yes,raw/SGO/SGO-2021-01_Incident_Reports_ADS (1).csv
30270-7515,1,Waymo LLC,Monthly,3,2024,APR-2024,,Jaguar,I-Pace,2021,ADS,,Waymo LLC,MAR-2024,20:58,Mesa,AZ,Intersection,"Other, see Narrative",No Injuries Reported,Yes,raw/SGO/SGO-2021-01_Incident_Reports_ADS (1).csv
30270-7522,1,Waymo LLC,Monthly,3,2024,APR-2024,,Jaguar,I-Pace,2021,ADS,,Waymo LLC,MAR-2024,19:45,Phoenix,AZ,Intersection,Passenger Car,No Injuries Reported,Yes,raw/SGO/SGO-2021-01_Incident_Reports_ADS (1).csv
30270-7523,1,Waymo LLC,Monthly,3,2024,APR-2024,,Jaguar,I-Pace,2024,ADS,,Waymo LLC,MAR-2024,15:12,San Francisco,CA,Street,Pickup Truck,No Injuries Reported,Yes,raw/SGO/SGO-2021-01_Incident_Reports_ADS (1).csv
30270-7525,1,Waymo LLC,Monthly,3,2024,APR-2024,,Jaguar,I-Pace,2021,ADS,,Waymo LLC,MAR-2024,21:16,San Francisco,CA,Street,Passenger Car,No Injuries Reported,Yes,raw/SGO/SGO-2021-01_Incident_Reports_ADS (1).csv
30270-7527,1,Waymo LLC,Monthly,3,2024,APR-2024,,Jaguar,I-Pace,2021,ADS,,Waymo LLC,MAR-2024,23:15,Chandler,AZ,Intersection,Passenger Car,No Injuries Reported,Yes,raw/SGO/SGO-2021-01_Incident_Reports_ADS (1).csv
30270-7528,1,Waymo LLC,Monthly,3,2024,APR-2024,,Jaguar,I-Pace,2024,ADS,,Waymo LLC,MAR-2024,13:13,Tempe,AZ,Intersection,Passenger Car,No Injuries Reported,Yes,raw/SGO/SGO-2021-01_Incident_Reports_ADS (1).csv
30270-7529,1,Waymo LLC,Monthly,3,2024,APR-2024,,Jaguar,I-Pace,2024,ADS,,Waymo LLC,MAR-2024,20:00,San Francisco,CA,Intersection,SUV,No Injuries Reported,Yes,raw/SGO/SGO-2021-01_Incident_Reports_ADS (1).csv
30270-7530,1,Waymo LLC,Monthly,3,2024,APR-2024,,Jaguar,I-Pace,2021,ADS,,Waymo LLC,MAR-2024,02:08,Tempe,AZ,Street,SUV,No Injuries Reported,Yes,raw/SGO/SGO-2021-01_Incident_Reports_ADS (1).csv
30270-7531,1,Waymo LLC,Monthly,3,2024,APR-2024,,Jaguar,I-Pace,2021,ADS,,Waymo LLC,MAR-2024,15:32,Phoenix,AZ,Intersection,Pickup Truck,Minor,Yes,raw/SGO/SGO-2021-01_Incident_Reports_ADS (1).csv
30270-7532,1,Waymo LLC,Monthly,3,2024,APR-2024,,Jaguar,I-Pace,2024,ADS,,Waymo LLC,MAR-2024,21:42,Chandler,AZ,Street,"Other, see Narrative",No Injuries Reported,Yes,raw/SGO/SGO-2021-01_Incident_Reports_ADS (1).csv
30270-7533,1,Waymo LLC,Monthly,3,2024,APR-2024,,Jaguar,I-Pace,2021,ADS,,Waymo LLC,MAR-2024,21:49,Tempe,AZ,Street,Other Fixed Object,No Injuries Reported,Yes,raw/SGO/SGO-2021-01_Incident_Reports_ADS (1).csv
30270-7534,1,Waymo LLC,Monthly,3,2024,APR-2024,,Jaguar,I-Pace,2021,ADS,,Waymo LLC,MAR-2024,07:30,Los Angeles,CA,Intersection,Passenger Car,No Injuries Reported,Yes,raw/SGO/SGO-2021-01_Incident_Reports_ADS (1).csv
30270-7536,1,Waymo LLC,Monthly,3,2024,APR-2024,,Jaguar,I-Pace,2024,ADS,,Waymo LLC,MAR-2024,00:40,San Francisco,CA,Street,SUV,No Injuries Reported,Yes,raw/SGO/SGO-2021-01_Incident_Reports_ADS (1).csv
30270-7538,1,Waymo LLC,Monthly,3,2024,APR-2024,,Jaguar,I-Pace,2024,ADS,,Waymo LLC,MAR-2024,16:52,San Francisco,CA,Street,SUV,No Injuries Reported,Yes,raw/SGO/SGO-2021-01_Incident_Reports_ADS (1).csv
30270-7540,1,Waymo LLC,Monthly,3,2024,APR-2024,,Jaguar,I-Pace,2021,ADS,,Waymo LLC,MAR-2024,12:06,Los Angeles,CA,Street,SUV,No Injuries Reported,Yes,raw/SGO/SGO-2021-01_Incident_Reports_ADS (1).csv
30270-7541,1,Waymo LLC,Monthly,3,2024,APR-2024,,Jaguar,I-Pace,2024,ADS,,Waymo LLC,MAR-2024,10:03,Austin,TX,Intersection,Heavy Truck,No Injuries Reported,Yes,raw/SGO/SGO-2021-01_Incident_Reports_ADS (1).csv
30270-7542,1,Waymo LLC,Monthly,3,2024,APR-2024,,Jaguar,I-Pace,2021,ADS,,Waymo LLC,MAR-2024,14:42,Los Angeles,CA,Intersection,Passenger Car,No Injuries Reported,Yes,raw/SGO/SGO-2021-01_Incident_Reports_ADS (1).csv
30270-7543,1,Waymo LLC,Monthly,3,2024,APR-2024,,Jaguar,I-Pace,2021,ADS,,Waymo LLC,MAR-2024,18:01,San Francisco,CA,Street,"Other, see Narrative",No Injuries Reported,Yes,raw/SGO/SGO-2021-01_Incident_Reports_ADS (1).csv
30270-7551,1,Waymo LLC,5-Day,,,APR-2024,,Jaguar,I-Pace,2021,ADS,,Waymo LLC,APR-2024,15:35,San Francisco,CA,Street,Pickup Truck,No Injuries Reported,Yes,raw/SGO/SGO-2021-01_Incident_Reports_ADS (1).csv
30270-7573,1,Waymo LLC,5-Day,,,APR-2024,,Jaguar,I-Pace,2021,ADS,,Waymo LLC,APR-2024,01:43,San Francisco,CA,Intersection,Passenger Car,No Injuries Reported,Yes,raw/SGO/SGO-2021-01_Incident_Reports_ADS (1).csv
30270-7598,1,Waymo LLC,Monthly,1,2023,APR-2024,,Jaguar,I-Pace,2021,ADS,,Waymo LLC,JAN-2023,17:08,San Francisco,CA,Intersection,Passenger Car,No Injuries Reported,Yes,raw/SGO/SGO-2021-01_Incident_Reports_ADS (1).csv
30270-7631,1,Waymo LLC,5-Day,,,MAY-2024,,Jaguar,I-Pace,2024,ADS,,Waymo LLC,MAY-2024,19:44,San Francisco,CA,Intersection,Passenger Car,No Injuries Reported,Yes,raw/SGO/SGO-2021-01_Incident_Reports_ADS (1).csv
30270-7637,1,Waymo LLC,5-Day,,,MAY-2024,,Jaguar,I-Pace,2021,ADS,,Waymo LLC,MAY-2024,14:56,Phoenix,AZ,Intersection,SUV,No Injuries Reported,Yes,raw/SGO/SGO-2021-01_Incident_Reports_ADS (1).csv
30270-7637,2,Waymo LLC,Update,,,JUN-2024,,Jaguar,I-Pace,2021,ADS,,Waymo LLC,MAY-2024,14:56,Phoenix,AZ,Intersection,SUV,Unknown,Yes,raw/SGO/SGO-2021-01_Incident_Reports_ADS (1).csv
30270-7639,1,Waymo LLC,1-Day,,,MAY-2024,,Jaguar,I-Pace,2024,ADS,,Waymo LLC,MAY-2024,16:12,San Francisco,CA,Intersection,Motorcycle,No Injuries Reported,Yes,raw/SGO/SGO-2021-01_Incident_Reports_ADS (1).csv
30270-7639,2,Waymo LLC,10-Day Update,,,MAY-2024,,Jaguar,I-Pace,2024,ADS,,Waymo LLC,MAY-2024,16:12,San Francisco,CA,Intersection,Motorcycle,No Injuries Reported,Yes,raw/SGO/SGO-2021-01_Incident_Reports_ADS (1).csv
30270-7647,1,Waymo LLC,5-Day,,,MAY-2024,,Jaguar,I-Pace,2021,ADS,,Waymo LLC,MAY-2024,09:06,San Francisco,CA,Street,Heavy Truck,No Injuries Reported,Yes,raw/SGO/SGO-2021-01_Incident_Reports_ADS (1).csv
30270-7681,1,Waymo LLC,1-Day,,,MAY-2024,,Jaguar,I-Pace,2021,ADS,,Waymo LLC,MAY-2024,00:58,Los Angeles,CA,Highway / Freeway,Passenger Car,Unknown,Yes,raw/SGO/SGO-2021-01_Incident_Reports_ADS (1).csv
30270-7681,2,Waymo LLC,10-Day Update,,,MAY-2024,,Jaguar,I-Pace,2021,ADS,,Waymo LLC,MAY-2024,00:58,Los Angeles,CA,Highway / Freeway,Passenger Car,Serious,Yes,raw/SGO/SGO-2021-01_Incident_Reports_ADS (1).csv
30270-7718,1,Waymo LLC,5-Day,,,MAY-2024,,Jaguar,I-Pace,2024,ADS,,Waymo LLC,MAY-2024,06:42,San Francisco,CA,Street,Heavy Truck,No Injuries Reported,Yes,raw/SGO/SGO-2021-01_Incident_Reports_ADS (1).csv
30270-7719,1,Waymo LLC,Monthly,4,2024,MAY-2024,,Jaguar,I-Pace,2021,ADS,,Waymo LLC,MAY-2024,12:26,San Francisco,CA,Intersection,Passenger Car,No Injuries Reported,Yes,raw/SGO/SGO-2021-01_Incident_Reports_ADS (1).csv
30270-7719,2,Waymo LLC,Update,,,MAY-2024,,Jaguar,I-Pace,2021,ADS,,Waymo LLC,APR-2024,12:26,San Francisco,CA,Intersection,Passenger Car,No Injuries Reported,Yes,raw/SGO/SGO-2021-01_Incident_Reports_ADS (1).csv
30270-7720,1,Waymo LLC,Monthly,4,2024,MAY-2024,,Jaguar,I-Pace,2024,ADS,,Waymo LLC,APR-2024,06:49,Phoenix,AZ,Intersection,Pickup Truck,No Injuries Reported,Yes,raw/SGO/SGO-2021-01_Incident_Reports_ADS (1).csv
30270-7721,1,Waymo LLC,Monthly,4,2024,MAY-2024,,Jaguar,I-Pace,2021,ADS,,Waymo LLC,APR-2024,15:05,Chandler,AZ,Parking Lot,Passenger Car,No Injuries Reported,Yes,raw/SGO/SGO-2021-01_Incident_Reports_ADS (1).csv
30270-7722,1,Waymo LLC,Monthly,4,2024,MAY-2024,,Jaguar,I-Pace,2021,ADS,,Waymo LLC,APR-2024,14:11,San Francisco,CA,Street,Passenger Car,Minor,Yes,raw/SGO/SGO-2021-01_Incident_Reports_ADS (1).csv
30270-7724,1,Waymo LLC,Monthly,4,2024,MAY-2024,,Jaguar,I-Pace,2021,ADS,,Waymo LLC,APR-2024,20:35,San Francisco,CA,Street,Pickup Truck,No Injuries Reported,Yes,raw/SGO/SGO-2021-01_Incident_Reports_ADS (1).csv
30270-7725,1,Waymo LLC,Monthly,4,2024,MAY-2024,,Jaguar,I-Pace,2021,ADS,,Waymo LLC,APR-2024,10:14,San Francisco,CA,Street,Heavy Truck,No Injuries Reported,Yes,raw/SGO/SGO-2021-01_Incident_Reports_ADS (1).csv
30270-7726,1,Waymo LLC,Monthly,4,2024,MAY-2024,,Jaguar,I-Pace,2024,ADS,,Waymo LLC,APR-2024,19:08,San Francisco,CA,Intersection,Passenger Car,No Injuries Reported,Yes,raw/SGO/SGO-2021-01_Incident_Reports_ADS (1).csv
30270-7727,1,Waymo LLC,Monthly,4,2024,MAY-2024,,Jaguar,I-Pace,2024,ADS,,Waymo LLC,APR-2024,18:01,San Francisco,CA,Intersection,Passenger Car,No Injuries Reported,Yes,raw/SGO/SGO-2021-01_Incident_Reports_ADS (1).csv
30270-7728,1,Waymo LLC,Monthly,4,2024,MAY-2024,,Jaguar,I-Pace,2024,ADS,,Waymo LLC,APR-2024,13:59,San Francisco,CA,Parking Lot,SUV,No Injuries Reported,Yes,raw/SGO/SGO-2021-01_Incident_Reports_ADS (1).csv
30270-7729,1,Waymo LLC,Monthly,4,2024,MAY-2024,,Jaguar,I-Pace,2021,ADS,,Waymo LLC,APR-2024,23:07,Santa Monica,CA,Parking Lot,"Other, see Narrative",No Injuries Reported,Yes,raw/SGO/SGO-2021-01_Incident_Reports_ADS (1).csv
30270-7730,1,Waymo LLC,1-Day,,,MAY-2024,,Jaguar,I-Pace,2021,ADS,,Waymo LLC,MAY-2024,12:47,Scottsdale,AZ,Parking Lot,Passenger Car,No Injuries Reported,Yes,raw/SGO/SGO-2021-01_Incident_Reports_ADS (1).csv
30270-7730,2,Waymo LLC,10-Day Update,,,MAY-2024,,Jaguar,I-Pace,2021,ADS,,Waymo LLC,MAY-2024,12:47,Scottsdale,AZ,Parking Lot,Passenger Car,No Injuries Reported,Yes,raw/SGO/SGO-2021-01_Incident_Reports_ADS (1).csv
30270-7733,1,Waymo LLC,5-Day,,,MAY-2024,,Jaguar,I-Pace,2021,ADS,,Waymo LLC,MAY-2024,11:02,Tempe,AZ,Intersection,SUV,No Injuries Reported,Yes,raw/SGO/SGO-2021-01_Incident_Reports_ADS (1).csv
30270-7733,2,Waymo LLC,Update,,,JUN-2024,,Jaguar,I-Pace,2021,ADS,,Waymo LLC,MAY-2024,11:02,Tempe,AZ,Intersection,SUV,Moderate,Yes,raw/SGO/SGO-2021-01_Incident_Reports_ADS (1).csv
30270-7734,1,Waymo LLC,5-Day,,,MAY-2024,,Jaguar,I-Pace,2021,ADS,,Waymo LLC,MAY-2024,21:34,Phoenix,AZ,Intersection,Passenger Car,Minor,Yes,raw/SGO/SGO-2021-01_Incident_Reports_ADS (1).csv
30270-7793,1,Waymo LLC,5-Day,,,MAY-2024,,Jaguar,I-Pace,2021,ADS,,Waymo LLC,MAY-2024,03:02,San Francisco,CA,Intersection,Passenger Car,No Injuries Reported,Yes,raw/SGO/SGO-2021-01_Incident_Reports_ADS (1).csv
30270-7794,1,Waymo LLC,5-Day,,,MAY-2024,,Jaguar,I-Pace,2024,ADS,,Waymo LLC,MAY-2024,11:47,Phoenix,AZ,Street,Pole / Tree,No Injuries Reported,Yes,raw/SGO/SGO-2021-01_Incident_Reports_ADS (1).csv
30270-7795,1,Waymo LLC,1-Day,,,MAY-2024,,Jaguar,I-Pace,2024,ADS,,Waymo LLC,MAY-2024,14:13,San Francisco,CA,Parking Lot,"Other, see Narrative",No Injuries Reported,Yes,raw/SGO/SGO-2021-01_Incident_Reports_ADS (1).csv
30270-7795,2,Waymo LLC,10-Day Update,,,JUN-2024,,Jaguar,I-Pace,2024,ADS,,Waymo LLC,MAY-2024,14:13,San Francisco,CA,Parking Lot,"Other, see Narrative",No Injuries Reported,Yes,raw/SGO/SGO-2021-01_Incident_Reports_ADS (1).csv
30270-7813,1,Waymo LLC,5-Day,,,MAY-2024,,Jaguar,I-Pace,2021,ADS,,Waymo LLC,MAY-2024,22:37,San Francisco,CA,Street,Pickup Truck,Minor,Yes,raw/SGO/SGO-2021-01_Incident_Reports_ADS (1).csv
30270-7839,1,Waymo LLC,5-Day,,,JUN-2024,,Jaguar,I-Pace,2021,ADS,,Waymo LLC,JUN-2024,18:26,San Francisco,CA,Intersection,SUV,No Injuries Reported,Yes,raw/SGO/SGO-2021-01_Incident_Reports_ADS (1).csv
30270-7842,1,Waymo LLC,1-Day,,,JUN-2024,,Jaguar,I-Pace,2024,ADS,,Waymo LLC,JUN-2024,12:58,Scottsdale,AZ,Intersection,Motorcycle,No Injuries Reported,Yes,raw/SGO/SGO-2021-01_Incident_Reports_ADS (1).csv
30270-7842,2,Waymo LLC,10-Day Update,,,JUN-2024,,Jaguar,I-Pace,2024,ADS,,Waymo LLC,JUN-2024,12:58,Scottsdale,AZ,Intersection,Motorcycle,No Injuries Reported,Yes,raw/SGO/SGO-2021-01_Incident_Reports_ADS (1).csv
30270-7855,1,Waymo LLC,1-Day,,,JUN-2024,,Jaguar,I-Pace,2024,ADS,,Waymo LLC,JUN-2024,01:21,San Francisco,CA,Street,Passenger Car,No Injuries Reported,Yes,raw/SGO/SGO-2021-01_Incident_Reports_ADS (1).csv
30270-7855,2,Waymo LLC,10-Day Update,,,JUN-2024,,Jaguar,I-Pace,2024,ADS,,Waymo LLC,JUN-2024,01:21,San Francisco,CA,Street,Passenger Car,No Injuries Reported,Yes,raw/SGO/SGO-2021-01_Incident_Reports_ADS (1).csv
30270-7877,1,Waymo LLC,5-Day,,,JUN-2024,,Jaguar,I-Pace,2021,ADS,,Waymo LLC,MAY-2024,15:34,Phoenix,AZ,Parking Lot,Other Fixed Object,No Injuries Reported,Yes,raw/SGO/SGO-2021-01_Incident_Reports_ADS (1).csv
30270-7882,1,Waymo LLC,5-Day,,,JUN-2024,,Jaguar,I-Pace,2021,ADS,,Waymo LLC,JUN-2024,12:41,San Francisco,CA,Intersection,Heavy Truck,No Injuries Reported,Yes,raw/SGO/SGO-2021-01_Incident_Reports_ADS (1).csv
30270-7883,1,Waymo LLC,5-Day,,,JUN-2024,,Jaguar,I-Pace,2021,ADS,,Waymo LLC,JUN-2024,18:00,Phoenix,AZ,Parking Lot,SUV,No Injuries Reported,Yes,raw/SGO/SGO-2021-01_Incident_Reports_ADS (1).csv
30270-7934,1,Waymo LLC,Monthly,5,2024,JUN-2024,,Jaguar,I-Pace,2024,ADS,,Waymo LLC,MAY-2024,18:23,San Francisco,CA,Street,SUV,No Injuries Reported,Yes,raw/SGO/SGO-2021-01_Incident_Reports_ADS (1).csv
30270-7935,1,Waymo LLC,Monthly,5,2024,JUN-2024,,Jaguar,I-Pace,2021,ADS,,Waymo LLC,MAY-2024,22:36,San Francisco,CA,Street,Van,No Injuries Reported,Yes,raw/SGO/SGO-2021-01_Incident_Reports_ADS (1).csv
30270-7936,1,Waymo LLC,Monthly,5,2024,JUN-2024,,Jaguar,I-Pace,2024,ADS,,Waymo LLC,MAY-2024,08:25,Tempe,AZ,Parking Lot,"Other, see Narrative",No Injuries Reported,Yes,raw/SGO/SGO-2021-01_Incident_Reports_ADS (1).csv
30270-7938,1,Waymo LLC,Monthly,5,2024,JUN-2024,,Jaguar,I-Pace,2021,ADS,,Waymo LLC,MAY-2024,18:11,San Francisco,CA,Street,"Other, see Narrative",No Injuries Reported,Yes,raw/SGO/SGO-2021-01_Incident_Reports_ADS (1).csv
30270-7939,1,Waymo LLC,Monthly,5,2024,JUN-2024,,Jaguar,I-Pace,2024,ADS,,Waymo LLC,MAY-2024,21:08,San Francisco,CA,Street,Van,No Injuries Reported,Yes,raw/SGO/SGO-2021-01_Incident_Reports_ADS (1).csv
30270-7940,1,Waymo LLC,Monthly,5,2024,JUN-2024,,Jaguar,I-Pace,2024,ADS,,Waymo LLC,MAY-2024,22:54,Los Angeles,CA,Intersection,SUV,No Injuries Reported,Yes,raw/SGO/SGO-2021-01_Incident_Reports_ADS (1).csv
30270-7941,1,Waymo LLC,Monthly,5,2024,JUN-2024,,Jaguar,I-Pace,2021,ADS,,Waymo LLC,MAY-2024,11:02,Tempe,AZ,Parking Lot,Passenger Car,No Injuries Reported,Yes,raw/SGO/SGO-2021-01_Incident_Reports_ADS (1).csv
30270-7942,1,Waymo LLC,Monthly,5,2024,JUN-2024,,Jaguar,I-Pace,2024,ADS,,Waymo LLC,MAY-2024,23:09,San Francisco,CA,Intersection,Pickup Truck,No Injuries Reported,Yes,raw/SGO/SGO-2021-01_Incident_Reports_ADS (1).csv
30270-7943,1,Waymo LLC,Monthly,5,2024,JUN-2024,,Jaguar,I-Pace,2021,ADS,,Waymo LLC,MAY-2024,10:41,Tempe,AZ,Street,Passenger Car,No Injuries Reported,Yes,raw/SGO/SGO-2021-01_Incident_Reports_ADS (1).csv
30270-7944,1,Waymo LLC,Monthly,5,2024,JUN-2024,,Jaguar,I-Pace,2021,ADS,,Waymo LLC,MAY-2024,08:33,Phoenix,AZ,Parking Lot,Passenger Car,No Injuries Reported,Yes,raw/SGO/SGO-2021-01_Incident_Reports_ADS (1).csv
30270-7945,1,Waymo LLC,Monthly,5,2024,JUN-2024,,Jaguar,I-Pace,2021,ADS,,Waymo LLC,MAY-2024,11:18,Tempe,AZ,Intersection,Passenger Car,No Injuries Reported,Yes,raw/SGO/SGO-2021-01_Incident_Reports_ADS (1).csv
30270-7945,2,Waymo LLC,Update,,,JUL-2024,,Jaguar,I-Pace,2021,ADS,,Waymo LLC,MAY-2024,11:18,Tempe,AZ,Intersection,Passenger Car,Unknown,Yes,raw/SGO/SGO-2021-01_Incident_Reports_ADS (1).csv
30270-7946,1,Waymo LLC,Monthly,5,2024,JUN-2024,,Jaguar,I-Pace,2024,ADS,,Waymo LLC,MAY-2024,14:49,Phoenix,AZ,Parking Lot,Heavy Truck,No Injuries Reported,Yes,raw/SGO/SGO-2021-01_Incident_Reports_ADS (1).csv
30270-7947,1,Waymo LLC,Monthly,5,2024,JUN-2024,,Jaguar,I-Pace,2021,ADS,,Waymo LLC,MAY-2024,21:13,Phoenix,AZ,Parking Lot,"Other, see Narrative",No Injuries Reported,Yes,raw/SGO/SGO-2021-01_Incident_Reports_ADS (1).csv
30270-7948,1,Waymo LLC,Monthly,5,2024,JUN-2024,,Jaguar,I-Pace,2024,ADS,,Waymo LLC,MAY-2024,11:45,San Francisco,CA,Highway / Freeway,Passenger Car,No Injuries Reported,Yes,raw/SGO/SGO-2021-01_Incident_Reports_ADS (1).csv
30270-7948,2,Waymo LLC,Update,,,JUL-2024,,Jaguar,I-Pace,2024,ADS,,Waymo LLC,MAY-2024,11:45,San Francisco,CA,Highway / Freeway,Passenger Car,Minor,Yes,raw/SGO/SGO-2021-01_Incident_Reports_ADS (1).csv
30270-7949,1,Waymo LLC,Monthly,5,2024,JUN-2024,,Jaguar,I-Pace,2024,ADS,,Waymo LLC,MAY-2024,21:11,Los Angeles,CA,Street,SUV,No Injuries Reported,Yes,raw/SGO/SGO-2021-01_Incident_Reports_ADS (1).csv
30270-7949,2,Waymo LLC,Update,,,JUN-2024,,Jaguar,I-Pace,2024,ADS,,Waymo LLC,MAY-2024,21:11,Los Angeles,CA,Street,SUV,No Injuries Reported,Yes,raw/SGO/SGO-2021-01_Incident_Reports_ADS (1).csv
30270-7950,1,Waymo LLC,Monthly,5,2024,JUN-2024,,Jaguar,I-Pace,2021,ADS,,Waymo LLC,MAY-2024,13:09,San Francisco,CA,Street,SUV,No Injuries Reported,Yes,raw/SGO/SGO-2021-01_Incident_Reports_ADS (1).csv
30270-7952,1,Waymo LLC,Monthly,5,2024,JUN-2024,,Jaguar,I-Pace,2021,ADS,,Waymo LLC,MAY-2024,21:04,Tempe,AZ,Street,Pickup Truck,No Injuries Reported,Yes,raw/SGO/SGO-2021-01_Incident_Reports_ADS (1).csv
30270-7953,1,Waymo LLC,Monthly,5,2024,JUN-2024,,Jaguar,I-Pace,2024,ADS,,Waymo LLC,MAY-2024,00:23,Los Angeles,CA,Street,SUV,No Injuries Reported,Yes,raw/SGO/SGO-2021-01_Incident_Reports_ADS (1).csv
30270-7954,1,Waymo LLC,Monthly,5,2024,JUN-2024,,Jaguar,I-Pace,2024,ADS,,Waymo LLC,MAY-2024,23:16,San Francisco,CA,Highway / Freeway,Animal,No Injuries Reported,Yes,raw/SGO/SGO-2021-01_Incident_Reports_ADS (1).csv
30270-7959,1,Waymo LLC,5-Day,,,JUN-2024,,Jaguar,I-Pace,2024,ADS,,Waymo LLC,JUN-2024,23:31,San Francisco,CA,Intersection,Passenger Car,Moderate,Yes,raw/SGO/SGO-2021-01_Incident_Reports_ADS (1).csv
30270-7969,1,Waymo LLC,5-Day,,,JUN-2024,,Jaguar,I-Pace,2021,ADS,,Waymo LLC,JUN-2024,18:34,Tempe,AZ,Intersection,"Other, see Narrative",No Injuries Reported,Yes,raw/SGO/SGO-2021-01_Incident_Reports_ADS (1).csv
30270-7998,1,Waymo LLC,5-Day,,,JUN-2024,,Jaguar,I-Pace,2024,ADS,,Waymo LLC,JUN-2024,00:33,San Francisco,CA,Street,Passenger Car,No Injuries Reported,Yes,raw/SGO/SGO-2021-01_Incident_Reports_ADS (1).csv
30270-8020,1,Waymo LLC,5-Day,,,JUL-2024,,Jaguar,I-Pace,2021,ADS,,Waymo LLC,JUN-2024,7:12,Phoenix,AZ,Street,Passenger Car,No Injuries Reported,Yes,raw/SGO/SGO-2021-01_Incident_Reports_ADS (1).csv
30270-8021,1,Waymo LLC,1-Day,,,JUL-2024,,Jaguar,I-Pace,2024,ADS,,Waymo LLC,JUN-2024,21:24,San Francisco,CA,Intersection,Passenger Car,No Injuries Reported,Yes,raw/SGO/SGO-2021-01_Incident_Reports_ADS (1).csv
30270-8021,2,Waymo LLC,10-Day Update,,,JUL-2024,,Jaguar,I-Pace,2024,ADS,,Waymo LLC,JUN-2024,21:24,San Francisco,CA,Intersection,Passenger Car,No Injuries Reported,Yes,raw/SGO/SGO-2021-01_Incident_Reports_ADS (1).csv
30270-8027,1,Waymo LLC,5-Day,,,JUL-2024,,Jaguar,I-Pace,2021,ADS,,Waymo LLC,JUN-2024,00:21,Phoenix,AZ,Intersection,Passenger Car,No Injuries Reported,Yes,raw/SGO/SGO-2021-01_Incident_Reports_ADS (1).csv
30270-8039,1,Waymo LLC,1-Day,,,JUL-2024,,Jaguar,I-Pace,2021,ADS,,Waymo LLC,JUL-2024,12:59,San Francisco,CA,Parking Lot,Non-Motorist: Cyclist,Unknown,Yes,raw/SGO/SGO-2021-01_Incident_Reports_ADS (1).csv
30270-8039,2,Waymo LLC,10-Day Update,,,JUL-2024,,Jaguar,I-Pace,2021,ADS,,Waymo LLC,JUL-2024,12:59,San Francisco,CA,Parking Lot,Non-Motorist: Cyclist,Unknown,Yes,raw/SGO/SGO-2021-01_Incident_Reports_ADS (1).csv
30270-8061,1,Waymo LLC,5-Day,,,JUL-2024,,Jaguar,I-Pace,2024,ADS,,Waymo LLC,JUL-2024,20:43,San Francisco,CA,Intersection,Passenger Car,No Injuries Reported,Yes,raw/SGO/SGO-2021-01_Incident_Reports_ADS (1).csv
30270-8088,1,Waymo LLC,1-Day,,,JUL-2024,,Jaguar,I-Pace,2021,ADS,,Waymo LLC,JUL-2024,20:48,San Francisco,CA,Intersection,SUV,No Injuries Reported,Yes,raw/SGO/SGO-2021-01_Incident_Reports_ADS (1).csv
30270-8088,2,Waymo LLC,10-Day Update,,,JUL-2024,,Jaguar,I-Pace,2021,ADS,,Waymo LLC,JUL-2024,20:48,San Francisco,CA,Intersection,SUV,No Injuries Reported,Yes,raw/SGO/SGO-2021-01_Incident_Reports_ADS (1).csv
30270-8120,1,Waymo LLC,Monthly,6,2024,JUL-2024,,Jaguar,I-Pace,2021,ADS,,Waymo LLC,JUN-2024,04:37,Phoenix,AZ,Street,Animal,No Injuries Reported,Yes,raw/SGO/SGO-2021-01_Incident_Reports_ADS (1).csv
30270-8121,1,Waymo LLC,Monthly,6,2024,JUL-2024,,Jaguar,I-Pace,2024,ADS,,Waymo LLC,JUN-2024,22:52,Los Angeles,CA,Intersection,Passenger Car,No Injuries Reported,Yes,raw/SGO/SGO-2021-01_Incident_Reports_ADS (1).csv
30270-8124,1,Waymo LLC,Monthly,6,2024,JUL-2024,,Jaguar,I-Pace,2021,ADS,,Waymo LLC,JUN-2024,10:38,Phoenix,AZ,Street,Heavy Truck,No Injuries Reported,Yes,raw/SGO/SGO-2021-01_Incident_Reports_ADS (1).csv
30270-8125,1,Waymo LLC,Monthly,6,2024,JUL-2024,,Jaguar,I-Pace,2021,ADS,,Waymo LLC,JUN-2024,16:54,Marina Del Rey,CA,Intersection,Passenger Car,No Injuries Reported,Yes,raw/SGO/SGO-2021-01_Incident_Reports_ADS (1).csv
30270-8127,1,Waymo LLC,Monthly,6,2024,JUL-2024,,Jaguar,I-Pace,2021,ADS,,Waymo LLC,JUN-2024,13:12,San Francisco,CA,Street,Passenger Car,No Injuries Reported,Yes,raw/SGO/SGO-2021-01_Incident_Reports_ADS (1).csv
30270-8128,1,Waymo LLC,Monthly,6,2024,JUL-2024,,Jaguar,I-Pace,2021,ADS,,Waymo LLC,JUN-2024,23:49,Phoenix,AZ,Street,SUV,No Injuries Reported,Yes,raw/SGO/SGO-2021-01_Incident_Reports_ADS (1).csv
30270-8130,1,Waymo LLC,Monthly,6,2024,JUL-2024,,Jaguar,I-Pace,2024,ADS,,Waymo LLC,JUN-2024,13:33,San Francisco,CA,Street,Passenger Car,No Injuries Reported,Yes,raw/SGO/SGO-2021-01_Incident_Reports_ADS (1).csv
30270-8131,1,Waymo LLC,Monthly,6,2024,JUL-2024,,Jaguar,I-Pace,2021,ADS,,Waymo LLC,JUN-2024,12:52,San Francisco,CA,Street,Passenger Car,No Injuries Reported,Yes,raw/SGO/SGO-2021-01_Incident_Reports_ADS (1).csv
30270-8134,1,Waymo LLC,Monthly,6,2024,JUL-2024,,Jaguar,I-Pace,2024,ADS,,Waymo LLC,JUN-2024,15:25,San Francisco,CA,Street,First Responder Vehicle,No Injuries Reported,Yes,raw/SGO/SGO-2021-01_Incident_Reports_ADS (1).csv
30270-8137,1,Waymo LLC,Monthly,6,2024,JUL-2024,,Jaguar,I-Pace,2021,ADS,,Waymo LLC,JUN-2024,16:49,Tempe,AZ,Street,SUV,No Injuries Reported,Yes,raw/SGO/SGO-2021-01_Incident_Reports_ADS (1).csv
30270-8139,1,Waymo LLC,Monthly,6,2024,JUL-2024,,Jaguar,I-Pace,2021,ADS,,Waymo LLC,JUN-2024,12:28,San Francisco,CA,Intersection,Passenger Car,No Injuries Reported,Yes,raw/SGO/SGO-2021-01_Incident_Reports_ADS (1).csv
30270-8141,1,Waymo LLC,Monthly,6,2024,JUL-2024,,Jaguar,I-Pace,2021,ADS,,Waymo LLC,JUN-2024,18:05,San Francisco,CA,Street,Pickup Truck,No Injuries Reported,Yes,raw/SGO/SGO-2021-01_Incident_Reports_ADS (1).csv
30270-8144,1,Waymo LLC,Monthly,6,2024,JUL-2024,,Jaguar,I-Pace,2021,ADS,,Waymo LLC,JUN-2024,21:20,Los Angeles,CA,Intersection,SUV,No Injuries Reported,Yes,raw/SGO/SGO-2021-01_Incident_Reports_ADS (1).csv
30270-8145,1,Waymo LLC,Monthly,6,2024,JUL-2024,,Jaguar,I-Pace,2024,ADS,,Waymo LLC,JUN-2024,08:47,San Francisco,CA,Parking Lot,Other Fixed Object,No Injuries Reported,Yes,raw/SGO/SGO-2021-01_Incident_Reports_ADS (1).csv
30270-8146,1,Waymo LLC,Monthly,6,2024,JUL-2024,,Jaguar,I-Pace,2021,ADS,,Waymo LLC,JUN-2024,22:53,Chandler,AZ,Street,"Other, see Narrative",No Injuries Reported,Yes,raw/SGO/SGO-2021-01_Incident_Reports_ADS (1).csv
30270-8150,1,Waymo LLC,Monthly,6,2024,JUL-2024,,Jaguar,I-Pace,2024,ADS,,Waymo LLC,JUN-2024,11:39,San Francisco,CA,Street,SUV,No Injuries Reported,Yes,raw/SGO/SGO-2021-01_Incident_Reports_ADS (1).csv
30270-8151,1,Waymo LLC,Monthly,6,2024,JUL-2024,,Jaguar,I-Pace,2024,ADS,,Waymo LLC,JUN-2024,16:37,San Francisco,CA,Street,SUV,No Injuries Reported,Yes,raw/SGO/SGO-2021-01_Incident_Reports_ADS (1).csv
30270-8152,1,Waymo LLC,Monthly,6,2024,JUL-2024,,Jaguar,I-Pace,2024,ADS,,Waymo LLC,JUN-2024,20:15,San Francisco,CA,Intersection,"Other, see Narrative",No Injuries Reported,Yes,raw/SGO/SGO-2021-01_Incident_Reports_ADS (1).csv
30270-8156,1,Waymo LLC,Monthly,6,2024,JUL-2024,,Jaguar,I-Pace,2024,ADS,,Waymo LLC,JUN-2024,00:07,Santa Monica,CA,Street,SUV,No Injuries Reported,Yes,raw/SGO/SGO-2021-01_Incident_Reports_ADS (1).csv
30270-8157,1,Waymo LLC,Monthly,6,2024,JUL-2024,,Jaguar,I-Pace,2024,ADS,,Waymo LLC,JUN-2024,13:24,Phoenix,AZ,Parking Lot,Passenger Car,No Injuries Reported,Yes,raw/SGO/SGO-2021-01_Incident_Reports_ADS (1).csv
30270-8158,1,Waymo LLC,Monthly,6,2024,JUL-2024,,Jaguar,I-Pace,2024,ADS,,Waymo LLC,JUN-2024,11:54,Los Angeles,CA,Intersection,Passenger Car,Minor,Yes,raw/SGO/SGO-2021-01_Incident_Reports_ADS (1).csv
30270-8180,1,Waymo LLC,5-Day,,,JUL-2024,,Jaguar,I-Pace,2021,ADS,,Waymo LLC,JUL-2024,02:35,Scottsdale,AZ,Intersection,SUV,No Injuries Reported,Yes,raw/SGO/SGO-2021-01_Incident_Reports_ADS (1).csv
30270-8182,1,Waymo LLC,1-Day,,,JUL-2024,,Jaguar,I-Pace,2021,ADS,,Waymo LLC,JUL-2024,15:49,San Francisco,CA,Intersection,Motorcycle,No Injuries Reported,Yes,raw/SGO/SGO-2021-01_Incident_Reports_ADS (1).csv
30270-8182,2,Waymo LLC,10-Day Update,,,JUL-2024,,Jaguar,I-Pace,2021,ADS,,Waymo LLC,JUL-2024,15:49,San Francisco,CA,Intersection,Motorcycle,No Injuries Reported,Yes,raw/SGO/SGO-2021-01_Incident_Reports_ADS (1).csv
30270-8199,1,Waymo LLC,5-Day,,,JUL-2024,,Jaguar,I-Pace,2021,ADS,,Waymo LLC,JUL-2024,00:16,Scottsdale,AZ,Street,Passenger Car,Minor,Yes,raw/SGO/SGO-2021-01_Incident_Reports_ADS (1).csv
30270-8200,1,Waymo LLC,1-Day,,,JUL-2024,,Jaguar,I-Pace,2024,ADS,,Waymo LLC,JUL-2024,17:41,San Francisco,CA,Intersection,SUV,No Injuries Reported,Yes,raw/SGO/SGO-2021-01_Incident_Reports_ADS (1).csv
30270-8200,2,Waymo LLC,10-Day Update,,,JUL-2024,,Jaguar,I-Pace,2024,ADS,,Waymo LLC,JUL-2024,17:41,San Francisco,CA,Intersection,SUV,No Injuries Reported,Yes,raw/SGO/SGO-2021-01_Incident_Reports_ADS (1).csv
30270-8217,1,Waymo LLC,1-Day,,,JUL-2024,,Jaguar,I-Pace,2024,ADS,,Waymo LLC,JUL-2024,22:53,Phoenix,AZ,Street,Pickup Truck,Unknown,Yes,raw/SGO/SGO-2021-01_Incident_Reports_ADS (1).csv
30270-8217,2,Waymo LLC,10-Day Update,,,AUG-2024,,Jaguar,I-Pace,2024,ADS,,Waymo LLC,JUL-2024,22:53,Phoenix,AZ,Street,Pickup Truck,Unknown,Yes,raw/SGO/SGO-2021-01_Incident_Reports_ADS (1).csv
30270-8219,1,Waymo LLC,5-Day,,,JUL-2024,,Jaguar,I-Pace,2021,ADS,,Waymo LLC,JUL-2024,13:26,Mountain View,CA,Parking Lot,"Other, see Narrative",No Injuries Reported,Yes,raw/SGO/SGO-2021-01_Incident_Reports_ADS (1).csv
30270-8243,1,Waymo LLC,1-Day,,,JUL-2024,,Jaguar,I-Pace,2021,ADS,,Waymo LLC,JUL-2024,03:07,Scottsdale,AZ,Intersection,Passenger Car,Unknown,Yes,raw/SGO/SGO-2021-01_Incident_Reports_ADS (1).csv
30270-8243,2,Waymo LLC,10-Day Update,,,AUG-2024,,Jaguar,I-Pace,2021,ADS,,Waymo LLC,JUL-2024,03:07,Scottsdale,AZ,Intersection,Passenger Car,Unknown,Yes,raw/SGO/SGO-2021-01_Incident_Reports_ADS (1).csv
30270-8266,1,Waymo LLC,5-Day,,,AUG-2024,,Jaguar,I-Pace,2024,ADS,,Waymo LLC,JUL-2024,04:28,San Francisco,CA,Street,Passenger Car,No Injuries Reported,Yes,raw/SGO/SGO-2021-01_Incident_Reports_ADS (1).csv
30270-8273,1,Waymo LLC,5-Day,,,AUG-2024,,Jaguar,I-Pace,2021,ADS,,Waymo LLC,JUL-2024,18:25,San Francisco,CA,Intersection,Bus,No Injuries Reported,Yes,raw/SGO/SGO-2021-01_Incident_Reports_ADS (1).csv
30270-8278,1,Waymo LLC,5-Day,,,AUG-2024,,Jaguar,I-Pace,2021,ADS,,Waymo LLC,JUL-2024,16:43,San Francisco,CA,Intersection,Passenger Car,No Injuries Reported,Yes,raw/SGO/SGO-2021-01_Incident_Reports_ADS (1).csv
30270-8316,1,Waymo LLC,5-Day,,,AUG-2024,,Jaguar,I-Pace,2021,ADS,,Waymo LLC,AUG-2024,13:58,San Francisco,CA,Intersection,Passenger Car,No Injuries Reported,Yes,raw/SGO/SGO-2021-01_Incident_Reports_ADS (1).csv
30270-8316,2,Waymo LLC,Update,,,OCT-2024,,Jaguar,I-Pace,2021,ADS,,Waymo LLC,AUG-2024,13:58,San Francisco,CA,Intersection,Passenger Car,No Injuries Reported,Yes,raw/SGO/SGO-2021-01_Incident_Reports_ADS (1).csv
30270-8317,1,Waymo LLC,5-Day,,,AUG-2024,,Jaguar,I-Pace,2024,ADS,,Waymo LLC,AUG-2024,14:21,Phoenix,AZ,Parking Lot,SUV,No Injuries Reported,Yes,raw/SGO/SGO-2021-01_Incident_Reports_ADS (1).csv
30270-8343,1,Waymo LLC,1-Day,,,AUG-2024,,Jaguar,I-Pace,2021,ADS,,Waymo LLC,AUG-2024,10:03,Scottsdale,AZ,Street,SUV,Moderate,Yes,raw/SGO/SGO-2021-01_Incident_Reports_ADS (1).csv
30270-8343,2,Waymo LLC,10-Day Update,,,AUG-2024,,Jaguar,I-Pace,2021,ADS,,Waymo LLC,AUG-2024,10:03,Scottsdale,AZ,Street,SUV,Moderate,Yes,raw/SGO/SGO-2021-01_Incident_Reports_ADS (1).csv
30270-8344,1,Waymo LLC,5-Day,,,AUG-2024,,Jaguar,I-Pace,2021,ADS,,Waymo LLC,AUG-2024,12:24,Scottsdale,AZ,Street,"Other, see Narrative",No Injuries Reported,Yes,raw/SGO/SGO-2021-01_Incident_Reports_ADS (1).csv
30270-8356,1,Waymo LLC,5-Day,,,AUG-2024,,Jaguar,I-Pace,2021,ADS,,Waymo LLC,AUG-2024,00:08,San Francisco,CA,Parking Lot,Other Fixed Object,No Injuries Reported,Yes,raw/SGO/SGO-2021-01_Incident_Reports_ADS (1).csv
30270-8357,1,Waymo LLC,5-Day,,,AUG-2024,,Jaguar,I-Pace,2021,ADS,,Waymo LLC,AUG-2024,18:25,Scottsdale,AZ,Parking Lot,Other Fixed Object,No Injuries Reported,Yes,raw/SGO/SGO-2021-01_Incident_Reports_ADS (1).csv
30270-8378,1,Waymo LLC,Monthly,7,2024,AUG-2024,,Jaguar,I-Pace,2021,ADS,,Waymo LLC,JUL-2024,20:27,Phoenix,AZ,Parking Lot,Passenger Car,Minor,Yes,raw/SGO/SGO-2021-01_Incident_Reports_ADS (1).csv
30270-8383,1,Waymo LLC,Monthly,7,2024,AUG-2024,,Jaguar,I-Pace,2024,ADS,,Waymo LLC,JUL-2024,08:18,Phoenix,AZ,Street,Passenger Car,No Injuries Reported,Yes,raw/SGO/SGO-2021-01_Incident_Reports_ADS (1).csv
30270-8384,1,Waymo LLC,Monthly,7,2024,AUG-2024,,Jaguar,I-Pace,2024,ADS,,Waymo LLC,JUL-2024,15:09,Los Angeles,CA,Street,Pickup Truck,No Injuries Reported,Yes,raw/SGO/SGO-2021-01_Incident_Reports_ADS (1).csv
30270-8385,1,Waymo LLC,Monthly,7,2024,AUG-2024,,Jaguar,I-Pace,2021,ADS,,Waymo LLC,JUL-2024,18:53,San Francisco,CA,Intersection,Passenger Car,No Injuries Reported,Yes,raw/SGO/SGO-2021-01_Incident_Reports_ADS (1).csv
30270-8386,1,Waymo LLC,Monthly,7,2024,AUG-2024,,Jaguar,I-Pace,2024,ADS,,Waymo LLC,JUL-2024,16:27,San Francisco,CA,Intersection,SUV,No Injuries Reported,Yes,raw/SGO/SGO-2021-01_Incident_Reports_ADS (1).csv
30270-8387,1,Waymo LLC,Monthly,7,2024,AUG-2024,,Jaguar,I-Pace,2024,ADS,,Waymo LLC,JUL-2024,14:21,San Francisco,CA,Street,Passenger Car,No Injuries Reported,Yes,raw/SGO/SGO-2021-01_Incident_Reports_ADS (1).csv
30270-8388,1,Waymo LLC,Monthly,7,2024,AUG-2024,,Jaguar,I-Pace,2024,ADS,,Waymo LLC,JUL-2024,15:40,San Francisco,CA,Street,Passenger Car,No Injuries Reported,Yes,raw/SGO/SGO-2021-01_Incident_Reports_ADS (1).csv
30270-8389,1,Waymo LLC,Monthly,7,2024,AUG-2024,,Jaguar,I-Pace,2024,ADS,,Waymo LLC,JUL-2024,20:58,San Francisco,CA,Street,SUV,No Injuries Reported,Yes,raw/SGO/SGO-2021-01_Incident_Reports_ADS (1).csv
30270-8390,1,Waymo LLC,Monthly,7,2024,AUG-2024,,Jaguar,I-Pace,2024,ADS,,Waymo LLC,JUL-2024,09:45,San Francisco,CA,Street,Passenger Car,No Injuries Reported,Yes,raw/SGO/SGO-2021-01_Incident_Reports_ADS (1).csv
30270-8392,1,Waymo LLC,Monthly,7,2024,AUG-2024,,Jaguar,I-Pace,2024,ADS,,Waymo LLC,JUL-2024,09:21,San Francisco,CA,Street,Passenger Car,No Injuries Reported,Yes,raw/SGO/SGO-2021-01_Incident_Reports_ADS (1).csv
30270-8393,1,Waymo LLC,Monthly,7,2024,AUG-2024,,Jaguar,I-Pace,2024,ADS,,Waymo LLC,JUL-2024,16:13,San Francisco,CA,Street,SUV,No Injuries Reported,Yes,raw/SGO/SGO-2021-01_Incident_Reports_ADS (1).csv
30270-8394,1,Waymo LLC,Monthly,7,2024,AUG-2024,,Jaguar,I-Pace,2024,ADS,,Waymo LLC,JUL-2024,12:18,Los Angeles,CA,Street,Heavy Truck,No Injuries Reported,Yes,raw/SGO/SGO-2021-01_Incident_Reports_ADS (1).csv
30270-8397,1,Waymo LLC,Monthly,7,2024,AUG-2024,,Jaguar,I-Pace,2021,ADS,,Waymo LLC,JUL-2024,16:00,Chandler,AZ,Parking Lot,"Other, see Narrative",No Injuries Reported,Yes,raw/SGO/SGO-2021-01_Incident_Reports_ADS (1).csv
30270-8398,1,Waymo LLC,Monthly,7,2024,AUG-2024,,Jaguar,I-Pace,2024,ADS,,Waymo LLC,JUL-2024,11:36,Tempe,AZ,Parking Lot,Passenger Car,No Injuries Reported,Yes,raw/SGO/SGO-2021-01_Incident_Reports_ADS (1).csv
30270-8398,2,Waymo LLC,Update,,,OCT-2024,,Jaguar,I-Pace,2024,ADS,,Waymo LLC,JUL-2024,11:36,Tempe,AZ,Parking Lot,Passenger Car,No Injuries Reported,Yes,raw/SGO/SGO-2021-01_Incident_Reports_ADS (1).csv
30270-8401,1,Waymo LLC,Monthly,7,2024,AUG-2024,,Jaguar,I-Pace,2024,ADS,,Waymo LLC,JUL-2024,23:59,San Francisco,CA,Street,SUV,No Injuries Reported,Yes,raw/SGO/SGO-2021-01_Incident_Reports_ADS (1).csv
30270-8402,1,Waymo LLC,Monthly,7,2024,AUG-2024,,Jaguar,I-Pace,2024,ADS,,Waymo LLC,JUL-2024,16:35,San Francisco,CA,Street,SUV,No Injuries Reported,Yes,raw/SGO/SGO-2021-01_Incident_Reports_ADS (1).csv
30270-8403,1,Waymo LLC,Monthly,7,2024,AUG-2024,,Jaguar,I-Pace,2024,ADS,,Waymo LLC,JUL-2024,11:06,Austin,TX,Street,SUV,No Injuries Reported,Yes,raw/SGO/SGO-2021-01_Incident_Reports_ADS (1).csv
30270-8403,2,Waymo LLC,Update,,,SEP-2024,,Jaguar,I-Pace,2024,ADS,,Waymo LLC,JUL-2024,11:06,Austin,TX,Street,SUV,No Injuries Reported,Yes,raw/SGO/SGO-2021-01_Incident_Reports_ADS (1).csv
30270-8404,1,Waymo LLC,Monthly,7,2024,AUG-2024,,Jaguar,I-Pace,2024,ADS,,Waymo LLC,JUL-2024,18:16,San Francisco,CA,Street,Passenger Car,No Injuries Reported,Yes,raw/SGO/SGO-2021-01_Incident_Reports_ADS (1).csv
30270-8405,1,Waymo LLC,Monthly,7,2024,AUG-2024,,Jaguar,I-Pace,2024,ADS,,Waymo LLC,JUL-2024,11:29,Phoenix,AZ,Parking Lot,Passenger Car,No Injuries Reported,Yes,raw/SGO/SGO-2021-01_Incident_Reports_ADS (1).csv
30270-8406,1,Waymo LLC,Monthly,7,2024,AUG-2024,,Jaguar,I-Pace,2024,ADS,,Waymo LLC,JUL-2024,04:58,San Francisco,CA,Street,SUV,No Injuries Reported,Yes,raw/SGO/SGO-2021-01_Incident_Reports_ADS (1).csv
30270-8417,1,Waymo LLC,5-Day,,,AUG-2024,,Jaguar,I-Pace,2021,ADS,,Waymo LLC,AUG-2024,03:08,San Francisco,CA,Intersection,Passenger Car,No Injuries Reported,Yes,raw/SGO/SGO-2021-01_Incident_Reports_ADS (1).csv
30270-8443,1,Waymo LLC,5-Day,,,AUG-2024,,Jaguar,I-Pace,2024,ADS,,Waymo LLC,AUG-2024,07:15,Atlanta,GA,Street,"Other, see Narrative",No Injuries Reported,Yes,raw/SGO/SGO-2021-01_Incident_Reports_ADS (1).csv
30270-8444,1,Waymo LLC,5-Day,,,AUG-2024,,Jaguar,I-Pace,2024,ADS,,Waymo LLC,AUG-2024,17:49,San Francisco,CA,Street,Non-Motorist: Cyclist,Minor,Yes,raw/SGO/SGO-2021-01_Incident_Reports_ADS (1).csv
30270-8444,2,Waymo LLC,Update,,,AUG-2024,,Jaguar,I-Pace,2024,ADS,,Waymo LLC,AUG-2024,17:49,San Francisco,CA,Street,Non-Motorist: Cyclist,Minor,Yes,raw/SGO/SGO-2021-01_Incident_Reports_ADS (1).csv
30270-8444,3,Waymo LLC,10-Day Update,,,AUG-2024,,Jaguar,I-Pace,2024,ADS,,Waymo LLC,AUG-2024,17:49,San Francisco,CA,Street,Non-Motorist: Cyclist,Minor,Yes,raw/SGO/SGO-2021-01_Incident_Reports_ADS (1).csv
30270-8469,1,Waymo LLC,1-Day,,,AUG-2024,,Jaguar,I-Pace,2024,ADS,,Waymo LLC,AUG-2024,16:45,San Francisco,CA,Intersection,Passenger Car,No Injuries Reported,Yes,raw/SGO/SGO-2021-01_Incident_Reports_ADS (1).csv
30270-8469,2,Waymo LLC,10-Day Update,,,SEP-2024,,Jaguar,I-Pace,2024,ADS,,Waymo LLC,AUG-2024,16:45,San Francisco,CA,Intersection,Passenger Car,No Injuries Reported,Yes,raw/SGO/SGO-2021-01_Incident_Reports_ADS (1).csv
30270-8471,1,Waymo LLC,5-Day,,,AUG-2024,,Jaguar,I-Pace,2024,ADS,,Waymo LLC,AUG-2024,23:19,San Francisco,CA,Street,Passenger Car,No Injuries Reported,Yes,raw/SGO/SGO-2021-01_Incident_Reports_ADS (1).csv
30270-8483,1,Waymo LLC,5-Day,,,AUG-2024,,Jaguar,I-Pace,2021,ADS,,Waymo LLC,AUG-2024,18:29,Paradise Valley,AZ,Street,Other Fixed Object,No Injuries Reported,Yes,raw/SGO/SGO-2021-01_Incident_Reports_ADS (1).csv
30270-8512,1,Waymo LLC,5-Day,,,SEP-2024,,Jaguar,I-Pace,2024,ADS,,Waymo LLC,SEP-2024,02:54,Los Angeles,CA,Street,Pickup Truck,No Injuries Reported,Yes,raw/SGO/SGO-2021-01_Incident_Reports_ADS (1).csv
30270-8513,1,Waymo LLC,5-Day,,,SEP-2024,,Jaguar,I-Pace,2024,ADS,,Waymo LLC,SEP-2024,14:42,San Francisco,CA,Street,"Other, see Narrative",No Injuries Reported,Yes,raw/SGO/SGO-2021-01_Incident_Reports_ADS (1).csv
30270-8514,1,Waymo LLC,1-Day,,,SEP-2024,,Jaguar,I-Pace,2024,ADS,,Waymo LLC,SEP-2024,20:46,San Francisco,CA,Street,Non-Motorist: Cyclist,No Injuries Reported,Yes,raw/SGO/SGO-2021-01_Incident_Reports_ADS (1).csv
30270-8514,2,Waymo LLC,10-Day Update,,,SEP-2024,,Jaguar,I-Pace,2024,ADS,,Waymo LLC,SEP-2024,20:46,San Francisco,CA,Street,Non-Motorist: Cyclist,No Injuries Reported,Yes,raw/SGO/SGO-2021-01_Incident_Reports_ADS (1).csv
30270-8526,1,Waymo LLC,1-Day,,,SEP-2024,,Jaguar,I-Pace,2024,ADS,,Waymo LLC,SEP-2024,11:08,Los Angeles,CA,Street,"Other, see Narrative",No Injuries Reported,Yes,raw/SGO/SGO-2021-01_Incident_Reports_ADS (1).csv
30270-8526,2,Waymo LLC,10-Day Update,,,SEP-2024,,Jaguar,I-Pace,2024,ADS,,Waymo LLC,SEP-2024,11:08,Los Angeles,CA,Street,"Other, see Narrative",No Injuries Reported,Yes,raw/SGO/SGO-2021-01_Incident_Reports_ADS (1).csv
30270-8541,1,Waymo LLC,5-Day,,,SEP-2024,,Jaguar,I-Pace,2024,ADS,,Waymo LLC,SEP-2024,12:37,San Francisco,CA,Street,SUV,No Injuries Reported,Yes,raw/SGO/SGO-2021-01_Incident_Reports_ADS (1).csv
30270-8581,1,Waymo LLC,5-Day,,,SEP-2024,,Jaguar,I-Pace,2024,ADS,,Waymo LLC,SEP-2024,04:40,San Francisco,CA,Street,SUV,No Injuries Reported,Yes,raw/SGO/SGO-2021-01_Incident_Reports_ADS (1).csv
30270-8599,1,Waymo LLC,Monthly,8,2024,SEP-2024,,Jaguar,I-Pace,2024,ADS,,Waymo LLC,AUG-2024,10:05,Los Angeles,CA,Street,SUV,No Injuries Reported,Yes,raw/SGO/SGO-2021-01_Incident_Reports_ADS (1).csv
30270-8600,1,Waymo LLC,Monthly,8,2024,SEP-2024,,Jaguar,I-Pace,2024,ADS,,Waymo LLC,AUG-2024,20:25,San Francisco,CA,Street,SUV,No Injuries Reported,Yes,raw/SGO/SGO-2021-01_Incident_Reports_ADS (1).csv
30270-8601,1,Waymo LLC,Monthly,8,2024,SEP-2024,,Jaguar,I-Pace,2024,ADS,,Waymo LLC,AUG-2024,11:51,San Francisco,CA,Street,Passenger Car,No Injuries Reported,Yes,raw/SGO/SGO-2021-01_Incident_Reports_ADS (1).csv
30270-8602,1,Waymo LLC,Monthly,8,2024,SEP-2024,,Jaguar,I-Pace,2021,ADS,,Waymo LLC,AUG-2024,22:25,Scottsdale,AZ,Street,Other Fixed Object,No Injuries Reported,Yes,raw/SGO/SGO-2021-01_Incident_Reports_ADS (1).csv
30270-8603,1,Waymo LLC,Monthly,8,2024,SEP-2024,,Jaguar,I-Pace,2024,ADS,,Waymo LLC,AUG-2024,11:35,Santa Monica,CA,Street,SUV,No Injuries Reported,Yes,raw/SGO/SGO-2021-01_Incident_Reports_ADS (1).csv
30270-8605,1,Waymo LLC,Monthly,8,2024,SEP-2024,,Jaguar,I-Pace,2021,ADS,,Waymo LLC,AUG-2024,10:12,San Francisco,CA,Street,SUV,No Injuries Reported,Yes,raw/SGO/SGO-2021-01_Incident_Reports_ADS (1).csv
30270-8606,1,Waymo LLC,Monthly,8,2024,SEP-2024,,Jaguar,I-Pace,2021,ADS,,Waymo LLC,AUG-2024,23:42,Phoenix,AZ,Intersection,Passenger Car,No Injuries Reported,Yes,raw/SGO/SGO-2021-01_Incident_Reports_ADS (1).csv
30270-8607,1,Waymo LLC,Monthly,8,2024,SEP-2024,,Jaguar,I-Pace,2024,ADS,,Waymo LLC,AUG-2024,01:51,Daly City,CA,Street,Passenger Car,No Injuries Reported,Yes,raw/SGO/SGO-2021-01_Incident_Reports_ADS (1).csv
30270-8608,1,Waymo LLC,Monthly,8,2024,SEP-2024,,Jaguar,I-Pace,2024,ADS,,Waymo LLC,AUG-2024,14:35,Tempe,AZ,Parking Lot,SUV,No Injuries Reported,Yes,raw/SGO/SGO-2021-01_Incident_Reports_ADS (1).csv
30270-8610,1,Waymo LLC,Monthly,8,2024,SEP-2024,,Jaguar,I-Pace,2021,ADS,,Waymo LLC,AUG-2024,17:10,San Francisco,CA,Street,SUV,No Injuries Reported,Yes,raw/SGO/SGO-2021-01_Incident_Reports_ADS (1).csv
30270-8612,1,Waymo LLC,Monthly,8,2024,SEP-2024,,Jaguar,I-Pace,2021,ADS,,Waymo LLC,AUG-2024,20:23,Phoenix,AZ,Street,"Other, see Narrative",No Injuries Reported,Yes,raw/SGO/SGO-2021-01_Incident_Reports_ADS (1).csv
30270-8614,1,Waymo LLC,Monthly,8,2024,SEP-2024,,Jaguar,I-Pace,2021,ADS,,Waymo LLC,AUG-2024,14:01,Scottsdale,AZ,Street,SUV,No Injuries Reported,Yes,raw/SGO/SGO-2021-01_Incident_Reports_ADS (1).csv
30270-8615,1,Waymo LLC,Monthly,8,2024,SEP-2024,,Jaguar,I-Pace,2024,ADS,,Waymo LLC,AUG-2024,13:21,San Francisco,CA,Street,Passenger Car,No Injuries Reported,Yes,raw/SGO/SGO-2021-01_Incident_Reports_ADS (1).csv
30270-8616,1,Waymo LLC,Monthly,8,2024,SEP-2024,,Jaguar,I-Pace,2024,ADS,,Waymo LLC,AUG-2024,17:32,San Francisco,CA,Street,Passenger Car,No Injuries Reported,Yes,raw/SGO/SGO-2021-01_Incident_Reports_ADS (1).csv
30270-8617,1,Waymo LLC,Monthly,8,2024,SEP-2024,,Jaguar,I-Pace,2024,ADS,,Waymo LLC,AUG-2024,06:59,Phoenix,AZ,Intersection,Passenger Car,No Injuries Reported,Yes,raw/SGO/SGO-2021-01_Incident_Reports_ADS (1).csv
30270-8618,1,Waymo LLC,Monthly,8,2024,SEP-2024,,Jaguar,I-Pace,2021,ADS,,Waymo LLC,AUG-2024,10:06,San Francisco,CA,Street,SUV,No Injuries Reported,Yes,raw/SGO/SGO-2021-01_Incident_Reports_ADS (1).csv
30270-8619,1,Waymo LLC,Monthly,8,2024,SEP-2024,,Jaguar,I-Pace,2021,ADS,,Waymo LLC,AUG-2024,10:05,Phoenix,AZ,Street,Heavy Truck,No Injuries Reported,Yes,raw/SGO/SGO-2021-01_Incident_Reports_ADS (1).csv
30270-8620,1,Waymo LLC,Monthly,8,2024,SEP-2024,,Jaguar,I-Pace,2021,ADS,,Waymo LLC,AUG-2024,13:33,Phoenix,AZ,Street,SUV,No Injuries Reported,Yes,raw/SGO/SGO-2021-01_Incident_Reports_ADS (1).csv
30270-8621,1,Waymo LLC,Monthly,8,2024,SEP-2024,,Jaguar,I-Pace,2024,ADS,,Waymo LLC,AUG-2024,21:57,San Francisco,CA,Intersection,Heavy Truck,No Injuries Reported,Yes,raw/SGO/SGO-2021-01_Incident_Reports_ADS (1).csv
30270-8622,1,Waymo LLC,Monthly,8,2024,SEP-2024,,Jaguar,I-Pace,2024,ADS,,Waymo LLC,AUG-2024,15:57,Los Angeles,CA,Parking Lot,SUV,No Injuries Reported,Yes,raw/SGO/SGO-2021-01_Incident_Reports_ADS (1).csv
30270-8623,1,Waymo LLC,Monthly,8,2024,SEP-2024,,Jaguar,I-Pace,2024,ADS,,Waymo LLC,AUG-2024,13:47,San Francisco,CA,Street,Passenger Car,No Injuries Reported,Yes,raw/SGO/SGO-2021-01_Incident_Reports_ADS (1).csv
30270-8624,1,Waymo LLC,Monthly,8,2024,SEP-2024,,Jaguar,I-Pace,2024,ADS,,Waymo LLC,AUG-2024,11:38,Los Angeles,CA,Parking Lot,Other Fixed Object,No Injuries Reported,Yes,raw/SGO/SGO-2021-01_Incident_Reports_ADS (1).csv
30270-8625,1,Waymo LLC,Monthly,8,2024,SEP-2024,,Jaguar,I-Pace,2024,ADS,,Waymo LLC,AUG-2024,00:14,San Francisco,CA,Intersection,SUV,No Injuries Reported,Yes,raw/SGO/SGO-2021-01_Incident_Reports_ADS (1).csv
30270-8626,1,Waymo LLC,Monthly,8,2024,SEP-2024,,Jaguar,I-Pace,2021,ADS,,Waymo LLC,AUG-2024,10:57,Los Angeles,CA,Street,SUV,No Injuries Reported,Yes,raw/SGO/SGO-2021-01_Incident_Reports_ADS (1).csv
30270-8627,1,Waymo LLC,Monthly,8,2024,SEP-2024,,Jaguar,I-Pace,2021,ADS,,Waymo LLC,AUG-2024,17:27,Tempe,AZ,Street,SUV,No Injuries Reported,Yes,raw/SGO/SGO-2021-01_Incident_Reports_ADS (1).csv
30270-8629,1,Waymo LLC,Monthly,8,2024,SEP-2024,,Jaguar,I-Pace,2024,ADS,,Waymo LLC,AUG-2024,11:52,San Francisco,CA,Street,Heavy Truck,No Injuries Reported,Yes,raw/SGO/SGO-2021-01_Incident_Reports_ADS (1).csv
30270-8630,1,Waymo LLC,Monthly,8,2024,SEP-2024,,Jaguar,I-Pace,2024,ADS,,Waymo LLC,AUG-2024,12:43,Los Angeles,CA,Street,Passenger Car,No Injuries Reported,Yes,raw/SGO/SGO-2021-01_Incident_Reports_ADS (1).csv
30270-8631,1,Waymo LLC,Monthly,8,2024,SEP-2024,,Jaguar,I-Pace,2024,ADS,,Waymo LLC,AUG-2024,22:59,Tempe,AZ,Street,Passenger Car,No Injuries Reported,Yes,raw/SGO/SGO-2021-01_Incident_Reports_ADS (1).csv
30270-8632,1,Waymo LLC,Monthly,8,2024,SEP-2024,,Jaguar,I-Pace,2024,ADS,,Waymo LLC,AUG-2024,22:36,San Francisco,CA,Street,"Other, see Narrative",No Injuries Reported,Yes,raw/SGO/SGO-2021-01_Incident_Reports_ADS (1).csv
30270-8632,2,Waymo LLC,Update,,,SEP-2024,,Jaguar,I-Pace,2024,ADS,,Waymo LLC,AUG-2024,22:36,San Francisco,CA,Street,Animal,No Injuries Reported,Yes,raw/SGO/SGO-2021-01_Incident_Reports_ADS (1).csv
30270-8633,1,Waymo LLC,Monthly,8,2024,SEP-2024,,Jaguar,I-Pace,2024,ADS,,Waymo LLC,AUG-2024,00:19,San Francisco,CA,Street,Passenger Car,No Injuries Reported,Yes,raw/SGO/SGO-2021-01_Incident_Reports_ADS (1).csv
30270-8634,1,Waymo LLC,Monthly,8,2024,SEP-2024,,Jaguar,I-Pace,2021,ADS,,Waymo LLC,JUN-2024,08:09,Phoenix,AZ,Street,"Other, see Narrative",No Injuries Reported,Yes,raw/SGO/SGO-2021-01_Incident_Reports_ADS (1).csv
30270-8639,1,Waymo LLC,5-Day,,,SEP-2024,,Jaguar,I-Pace,2021,ADS,,Waymo LLC,SEP-2024,21:22,San Francisco,CA,Intersection,Passenger Car,No Injuries Reported,Yes,raw/SGO/SGO-2021-01_Incident_Reports_ADS (1).csv
30270-8661,1,Waymo LLC,5-Day,,,SEP-2024,,Jaguar,I-Pace,2021,ADS,,Waymo LLC,SEP-2024,07:14,Tempe,AZ,Parking Lot,"Other, see Narrative",No Injuries Reported,Yes,raw/SGO/SGO-2021-01_Incident_Reports_ADS (1).csv
30270-8673,1,Waymo LLC,1-Day,,,SEP-2024,,Jaguar,I-Pace,2021,ADS,,Waymo LLC,SEP-2024,01:34,Phoenix,AZ,Intersection,Passenger Car,No Injuries Reported,Yes,raw/SGO/SGO-2021-01_Incident_Reports_ADS (1).csv
30270-8673,2,Waymo LLC,10-Day Update,,,OCT-2024,,Jaguar,I-Pace,2021,ADS,,Waymo LLC,SEP-2024,01:34,Phoenix,AZ,Intersection,Passenger Car,No Injuries Reported,Yes,raw/SGO/SGO-2021-01_Incident_Reports_ADS (1).csv
30270-8685,1,Waymo LLC,1-Day,,,SEP-2024,,Jaguar,I-Pace,2024,ADS,,Waymo LLC,SEP-2024,21:14,San Francisco,CA,Street,Non-Motorist: Cyclist,Unknown,Yes,raw/SGO/SGO-2021-01_Incident_Reports_ADS (1).csv
30270-8685,2,Waymo LLC,10-Day Update,,,OCT-2024,,Jaguar,I-Pace,2024,ADS,,Waymo LLC,SEP-2024,21:14,San Francisco,CA,Street,Non-Motorist: Cyclist,Unknown,Yes,raw/SGO/SGO-2021-01_Incident_Reports_ADS (1).csv
30270-8687,1,Waymo LLC,5-Day,,,SEP-2024,,Jaguar,I-Pace,2021,ADS,,Waymo LLC,SEP-2024,08:16,San Francisco,CA,Street,Heavy Truck,No Injuries Reported,Yes,raw/SGO/SGO-2021-01_Incident_Reports_ADS (1).csv
30270-8750,1,Waymo LLC,5-Day,,,OCT-2024,,Jaguar,I-Pace,2024,ADS,,Waymo LLC,SEP-2024,10:00,Tempe,AZ,Street,Passenger Car,No Injuries Reported,Yes,raw/SGO/SGO-2021-01_Incident_Reports_ADS (1).csv
30270-8760,1,Waymo LLC,5-Day,,,OCT-2024,,Jaguar,I-Pace,2021,ADS,,Waymo LLC,SEP-2024,22:50,Tempe,AZ,Intersection,Passenger Car,No Injuries Reported,Yes,raw/SGO/SGO-2021-01_Incident_Reports_ADS (1).csv
30270-8769,1,Waymo LLC,5-Day,,,OCT-2024,,Jaguar,I-Pace,2024,ADS,,Waymo LLC,OCT-2024,02:20,San Francisco,CA,Intersection,Heavy Truck,No Injuries Reported,Yes,raw/SGO/SGO-2021-01_Incident_Reports_ADS (1).csv
30270-8781,1,Waymo LLC,5-Day,,,OCT-2024,,Jaguar,I-Pace,2024,ADS,,Waymo LLC,OCT-2024,05:33,San Francisco,CA,Street,Passenger Car,No Injuries Reported,Yes,raw/SGO/SGO-2021-01_Incident_Reports_ADS (1).csv
30270-8793,1,Waymo LLC,5-Day,,,OCT-2024,,Jaguar,I-Pace,2021,ADS,,Waymo LLC,OCT-2024,17:20,Tempe,AZ,Street,Heavy Truck,No Injuries Reported,Yes,raw/SGO/SGO-2021-01_Incident_Reports_ADS (1).csv
30270-8794,1,Waymo LLC,5-Day,,,OCT-2024,,Jaguar,I-Pace,2024,ADS,,Waymo LLC,OCT-2024,17:27,Austin,TX,Street,Passenger Car,No Injuries Reported,Yes,raw/SGO/SGO-2021-01_Incident_Reports_ADS (1).csv
30270-8809,1,Waymo LLC,Monthly,9,2024,OCT-2024,,Jaguar,I-Pace,2021,ADS,,Waymo LLC,SEP-2024,22:02,Scottsdale,AZ,Street,Other Fixed Object,No Injuries Reported,Yes,raw/SGO/SGO-2021-01_Incident_Reports_ADS (1).csv
30270-8822,1,Waymo LLC,Monthly,9,2024,OCT-2024,,Jaguar,I-Pace,2021,ADS,,Waymo LLC,SEP-2024,12:22,San Francisco,CA,Street,Passenger Car,Minor,Yes,raw/SGO/SGO-2021-01_Incident_Reports_ADS (1).csv
30270-8823,1,Waymo LLC,Monthly,9,2024,OCT-2024,,Jaguar,I-Pace,2024,ADS,,Waymo LLC,SEP-2024,16:26,Austin,TX,Street,Passenger Car,Minor,Yes,raw/SGO/SGO-2021-01_Incident_Reports_ADS (1).csv
30270-8823,2,Waymo LLC,Update,,,OCT-2024,,Jaguar,I-Pace,2024,ADS,,Waymo LLC,SEP-2024,16:26,Austin,TX,Street,Passenger Car,Minor,Yes,raw/SGO/SGO-2021-01_Incident_Reports_ADS (1).csv
30270-8826,1,Waymo LLC,Monthly,9,2024,OCT-2024,,Jaguar,I-Pace,2021,ADS,,Waymo LLC,SEP-2024,05:41,Phoenix,AZ,Intersection,Passenger Car,No Injuries Reported,Yes,raw/SGO/SGO-2021-01_Incident_Reports_ADS (1).csv
30270-8827,1,Waymo LLC,Monthly,9,2024,OCT-2024,,Jaguar,I-Pace,2024,ADS,,Waymo LLC,SEP-2024,18:27,San Francisco,CA,Street,Van,No Injuries Reported,Yes,raw/SGO/SGO-2021-01_Incident_Reports_ADS (1).csv
30270-8827,2,Waymo LLC,Update,,,OCT-2024,,Jaguar,I-Pace,2024,ADS,,Waymo LLC,SEP-2024,18:27,San Francisco,CA,Street,Van,No Injuries Reported,Yes,raw/SGO/SGO-2021-01_Incident_Reports_ADS (1).csv
30270-8828,1,Waymo LLC,Monthly,9,2024,OCT-2024,,Jaguar,I-Pace,2024,ADS,,Waymo LLC,SEP-2024,20:51,San Francisco,CA,Intersection,Passenger Car,No Injuries Reported,Yes,raw/SGO/SGO-2021-01_Incident_Reports_ADS (1).csv
30270-8828,2,Waymo LLC,Update,,,OCT-2024,,Jaguar,I-Pace,2024,ADS,,Waymo LLC,SEP-2024,20:51,San Francisco,CA,Intersection,Passenger Car,No Injuries Reported,Yes,raw/SGO/SGO-2021-01_Incident_Reports_ADS (1).csv
30270-8832,1,Waymo LLC,Monthly,9,2024,OCT-2024,,Jaguar,I-Pace,2024,ADS,,Waymo LLC,SEP-2024,06:52,Austin,TX,Intersection,"Other, see Narrative",No Injuries Reported,Yes,raw/SGO/SGO-2021-01_Incident_Reports_ADS (1).csv
30270-8832,2,Waymo LLC,Update,,,OCT-2024,,Jaguar,I-Pace,2024,ADS,,Waymo LLC,SEP-2024,06:52,Austin,TX,Intersection,"Other, see Narrative",No Injuries Reported,Yes,raw/SGO/SGO-2021-01_Incident_Reports_ADS (1).csv
30270-8833,1,Waymo LLC,Monthly,9,2024,OCT-2024,,Jaguar,I-Pace,2021,ADS,,Waymo LLC,SEP-2024,23:10,Phoenix,AZ,Street,"Other, see Narrative",No Injuries Reported,Yes,raw/SGO/SGO-2021-01_Incident_Reports_ADS (1).csv
30270-8835,1,Waymo LLC,Monthly,9,2024,OCT-2024,,Jaguar,I-Pace,2024,ADS,,Waymo LLC,SEP-2024,18:51,Mesa,AZ,Intersection,SUV,No Injuries Reported,Yes,raw/SGO/SGO-2021-01_Incident_Reports_ADS (1).csv
30270-8842,1,Waymo LLC,Monthly,9,2024,OCT-2024,,Jaguar,I-Pace,2024,ADS,,Waymo LLC,SEP-2024,20:12,San Francisco,CA,Street,SUV,No Injuries Reported,Yes,raw/SGO/SGO-2021-01_Incident_Reports_ADS (1).csv
30270-8842,2,Waymo LLC,Update,,,OCT-2024,,Jaguar,I-Pace,2024,ADS,,Waymo LLC,SEP-2024,20:12,San Francisco,CA,Street,SUV,No Injuries Reported,Yes,raw/SGO/SGO-2021-01_Incident_Reports_ADS (1).csv
30270-8844,1,Waymo LLC,Monthly,9,2024,OCT-2024,,Jaguar,I-Pace,2024,ADS,,Waymo LLC,SEP-2024,11:27,San Francisco,CA,Intersection,Passenger Car,No Injuries Reported,Yes,raw/SGO/SGO-2021-01_Incident_Reports_ADS (1).csv
30270-8849,1,Waymo LLC,Monthly,9,2024,OCT-2024,,Jaguar,I-Pace,2021,ADS,,Waymo LLC,SEP-2024,18:22,Phoenix,AZ,Street,Pickup Truck,No Injuries Reported,Yes,raw/SGO/SGO-2021-01_Incident_Reports_ADS (1).csv
30270-8851,1,Waymo LLC,Monthly,9,2024,OCT-2024,,Jaguar,I-Pace,2024,ADS,,Waymo LLC,SEP-2024,23:27,San Francisco,CA,Intersection,Passenger Car,No Injuries Reported,Yes,raw/SGO/SGO-2021-01_Incident_Reports_ADS (1).csv
30270-8851,2,Waymo LLC,Update,,,FEB-2025,,Jaguar,I-Pace,2024,ADS,,Waymo LLC,SEP-2024,23:27,San Francisco,CA,Intersection,Passenger Car,No Injuries Reported,Yes,raw/SGO/SGO-2021-01_Incident_Reports_ADS (1).csv
30270-8856,1,Waymo LLC,Monthly,9,2024,OCT-2024,,Jaguar,I-Pace,2024,ADS,,Waymo LLC,SEP-2024,07:20,Los Angeles,CA,Street,Passenger Car,No Injuries Reported,Yes,raw/SGO/SGO-2021-01_Incident_Reports_ADS (1).csv
30270-8857,1,Waymo LLC,Monthly,9,2024,OCT-2024,,Jaguar,I-Pace,2024,ADS,,Waymo LLC,SEP-2024,18:01,Los Angeles,CA,Street,SUV,No Injuries Reported,Yes,raw/SGO/SGO-2021-01_Incident_Reports_ADS (1).csv
30270-8858,1,Waymo LLC,Monthly,9,2024,OCT-2024,,Jaguar,I-Pace,2021,ADS,,Waymo LLC,SEP-2024,06:17,Phoenix,AZ,Street,SUV,No Injuries Reported,Yes,raw/SGO/SGO-2021-01_Incident_Reports_ADS (1).csv
30270-8859,1,Waymo LLC,Monthly,9,2024,OCT-2024,,Jaguar,I-Pace,2021,ADS,,Waymo LLC,SEP-2024,10:05,Phoenix,AZ,Street,SUV,No Injuries Reported,Yes,raw/SGO/SGO-2021-01_Incident_Reports_ADS (1).csv
30270-8863,1,Waymo LLC,Monthly,9,2024,OCT-2024,,Jaguar,I-Pace,2021,ADS,,Waymo LLC,SEP-2024,21:15,San Francisco,CA,Street,Passenger Car,No Injuries Reported,Yes,raw/SGO/SGO-2021-01_Incident_Reports_ADS (1).csv
30270-8868,1,Waymo LLC,Monthly,9,2024,OCT-2024,,Jaguar,I-Pace,2021,ADS,,Waymo LLC,SEP-2024,18:48,San Francisco,CA,Street,SUV,No Injuries Reported,Yes,raw/SGO/SGO-2021-01_Incident_Reports_ADS (1).csv
30270-8869,1,Waymo LLC,Monthly,9,2024,OCT-2024,,Jaguar,I-Pace,2024,ADS,,Waymo LLC,SEP-2024,02:24,San Francisco,CA,Street,Passenger Car,No Injuries Reported,Yes,raw/SGO/SGO-2021-01_Incident_Reports_ADS (1).csv
30270-8870,1,Waymo LLC,Monthly,9,2024,OCT-2024,,Jaguar,I-Pace,2024,ADS,,Waymo LLC,SEP-2024,17:03,San Francisco,CA,Street,Passenger Car,No Injuries Reported,Yes,raw/SGO/SGO-2021-01_Incident_Reports_ADS (1).csv
30270-8870,2,Waymo LLC,Update,,,OCT-2024,,Jaguar,I-Pace,2024,ADS,,Waymo LLC,SEP-2024,17:03,San Francisco,CA,Street,Passenger Car,No Injuries Reported,Yes,raw/SGO/SGO-2021-01_Incident_Reports_ADS (1).csv
30270-8871,1,Waymo LLC,Monthly,9,2024,OCT-2024,,Jaguar,I-Pace,2024,ADS,,Waymo LLC,SEP-2024,07:46,San Francisco,CA,Street,SUV,No Injuries Reported,Yes,raw/SGO/SGO-2021-01_Incident_Reports_ADS (1).csv
30270-8871,2,Waymo LLC,Update,,,OCT-2024,,Jaguar,I-Pace,2024,ADS,,Waymo LLC,SEP-2024,07:46,San Francisco,CA,Street,SUV,No Injuries Reported,Yes,raw/SGO/SGO-2021-01_Incident_Reports_ADS (1).csv
30270-8873,1,Waymo LLC,Monthly,9,2024,OCT-2024,,Jaguar,I-Pace,2024,ADS,,Waymo LLC,SEP-2024,15:08,San Francisco,CA,Street,SUV,No Injuries Reported,Yes,raw/SGO/SGO-2021-01_Incident_Reports_ADS (1).csv
30270-8873,2,Waymo LLC,Update,,,OCT-2024,,Jaguar,I-Pace,2024,ADS,,Waymo LLC,SEP-2024,15:08,San Francisco,CA,Street,SUV,No Injuries Reported,Yes,raw/SGO/SGO-2021-01_Incident_Reports_ADS (1).csv
30270-8875,1,Waymo LLC,Monthly,9,2024,OCT-2024,,Jaguar,I-Pace,2024,ADS,,Waymo LLC,SEP-2024,18:17,San Francisco,CA,Street,Van,No Injuries Reported,Yes,raw/SGO/SGO-2021-01_Incident_Reports_ADS (1).csv
30270-8876,1,Waymo LLC,Monthly,9,2024,OCT-2024,,Jaguar,I-Pace,2024,ADS,,Waymo LLC,SEP-2024,18:08,San Francisco,CA,Street,Passenger Car,No Injuries Reported,Yes,raw/SGO/SGO-2021-01_Incident_Reports_ADS (1).csv
30270-8877,1,Waymo LLC,Monthly,9,2024,OCT-2024,,Jaguar,I-Pace,2021,ADS,,Waymo LLC,SEP-2024,17:50,San Francisco,CA,Street,SUV,No Injuries Reported,Yes,raw/SGO/SGO-2021-01_Incident_Reports_ADS (1).csv
30270-8878,1,Waymo LLC,Monthly,9,2024,OCT-2024,,Jaguar,I-Pace,2021,ADS,,Waymo LLC,SEP-2024,09:17,San Francisco,CA,Intersection,SUV,No Injuries Reported,Yes,raw/SGO/SGO-2021-01_Incident_Reports_ADS (1).csv
30270-8880,1,Waymo LLC,Monthly,9,2024,OCT-2024,,Jaguar,I-Pace,2021,ADS,,Waymo LLC,SEP-2024,20:44,San Francisco,CA,Street,Van,No Injuries Reported,Yes,raw/SGO/SGO-2021-01_Incident_Reports_ADS (1).csv
30270-8881,1,Waymo LLC,Monthly,9,2024,OCT-2024,,Jaguar,I-Pace,2024,ADS,,Waymo LLC,SEP-2024,22:33,Tempe,AZ,Street,Passenger Car,No Injuries Reported,Yes,raw/SGO/SGO-2021-01_Incident_Reports_ADS (1).csv
30270-8882,1,Waymo LLC,Monthly,9,2024,OCT-2024,,Jaguar,I-Pace,2024,ADS,,Waymo LLC,SEP-2024,01:33,San Francisco,CA,Street,SUV,No Injuries Reported,Yes,raw/SGO/SGO-2021-01_Incident_Reports_ADS (1).csv
30270-8883,1,Waymo LLC,Monthly,9,2024,OCT-2024,,Jaguar,I-Pace,2024,ADS,,Waymo LLC,SEP-2024,16:09,Austin,TX,Street,Pickup Truck,No Injuries Reported,Yes,raw/SGO/SGO-2021-01_Incident_Reports_ADS (1).csv
30270-8884,1,Waymo LLC,Monthly,9,2024,OCT-2024,,Jaguar,I-Pace,2024,ADS,,Waymo LLC,SEP-2024,01:21,San Francisco,CA,Intersection,Bus,No Injuries Reported,Yes,raw/SGO/SGO-2021-01_Incident_Reports_ADS (1).csv
30270-8885,1,Waymo LLC,Monthly,9,2024,OCT-2024,,Jaguar,I-Pace,2021,ADS,,Waymo LLC,SEP-2024,14:20,San Francisco,CA,Street,SUV,No Injuries Reported,Yes,raw/SGO/SGO-2021-01_Incident_Reports_ADS (1).csv
30270-8886,1,Waymo LLC,Monthly,9,2024,OCT-2024,,Jaguar,I-Pace,2024,ADS,,Waymo LLC,SEP-2024,14:52,Los Angeles,CA,Intersection,Passenger Car,No Injuries Reported,Yes,raw/SGO/SGO-2021-01_Incident_Reports_ADS (1).csv
30270-8887,1,Waymo LLC,Monthly,9,2024,OCT-2024,,Jaguar,I-Pace,2021,ADS,,Waymo LLC,SEP-2024,07:55,Phoenix,AZ,Street,Pickup Truck,No Injuries Reported,Yes,raw/SGO/SGO-2021-01_Incident_Reports_ADS (1).csv
30270-8888,1,Waymo LLC,Monthly,9,2024,OCT-2024,,Jaguar,I-Pace,2021,ADS,,Waymo LLC,SEP-2024,10:55,San Francisco,CA,Intersection,Passenger Car,No Injuries Reported,Yes,raw/SGO/SGO-2021-01_Incident_Reports_ADS (1).csv
30270-8889,1,Waymo LLC,Monthly,9,2024,OCT-2024,,Jaguar,I-Pace,2021,ADS,,Waymo LLC,SEP-2024,13:35,San Francisco,CA,Street,Passenger Car,No Injuries Reported,Yes,raw/SGO/SGO-2021-01_Incident_Reports_ADS (1).csv
30270-8890,1,Waymo LLC,Monthly,9,2024,OCT-2024,,Jaguar,I-Pace,2024,ADS,,Waymo LLC,SEP-2024,05:44,Tempe,AZ,Street,Passenger Car,No Injuries Reported,Yes,raw/SGO/SGO-2021-01_Incident_Reports_ADS (1).csv
30270-8891,1,Waymo LLC,Monthly,9,2024,OCT-2024,,Jaguar,I-Pace,2024,ADS,,Waymo LLC,SEP-2024,06:53,San Francisco,CA,Street,Heavy Truck,No Injuries Reported,Yes,raw/SGO/SGO-2021-01_Incident_Reports_ADS (1).csv
30270-8892,1,Waymo LLC,Monthly,9,2024,OCT-2024,,Jaguar,I-Pace,2024,ADS,,Waymo LLC,SEP-2024,18:33,San Francisco,CA,Street,SUV,No Injuries Reported,Yes,raw/SGO/SGO-2021-01_Incident_Reports_ADS (1).csv
30270-8908,1,Waymo LLC,5-Day,,,OCT-2024,,Jaguar,I-Pace,2021,ADS,,Waymo LLC,OCT-2024,13:29,San Francisco,CA,Street,Heavy Truck,No Injuries Reported,Yes,raw/SGO/SGO-2021-01_Incident_Reports_ADS (1).csv
30270-8915,1,Waymo LLC,5-Day,,,OCT-2024,,Jaguar,I-Pace,2021,ADS,,Waymo LLC,OCT-2024,09:21,Phoenix,AZ,Street,Van,No Injuries Reported,Yes,raw/SGO/SGO-2021-01_Incident_Reports_ADS (1).csv
30270-8919,1,Waymo LLC,5-Day,,,OCT-2024,,Jaguar,I-Pace,2021,ADS,,Waymo LLC,OCT-2024,16:49,Phoenix,AZ,Intersection,Pickup Truck,No Injuries Reported,Yes,raw/SGO/SGO-2021-01_Incident_Reports_ADS (1).csv
30270-8927,1,Waymo LLC,5-Day,,,OCT-2024,,Jaguar,I-Pace,2024,ADS,,Waymo LLC,OCT-2024,17:04,South San Francisco,CA,Street,Pickup Truck,No Injuries Reported,Yes,raw/SGO/SGO-2021-01_Incident_Reports_ADS (1).csv
30270-8929,1,Waymo LLC,5-Day,,,OCT-2024,,Jaguar,I-Pace,2021,ADS,,Waymo LLC,OCT-2024,09:59,Phoenix,AZ,Parking Lot,Heavy Truck,No Injuries Reported,Yes,raw/SGO/SGO-2021-01_Incident_Reports_ADS (1).csv
30270-8933,1,Waymo LLC,5-Day,,,OCT-2024,,Jaguar,I-Pace,2024,ADS,,Waymo LLC,OCT-2024,05:27,San Francisco,CA,Parking Lot,Van,No Injuries Reported,Yes,raw/SGO/SGO-2021-01_Incident_Reports_ADS (1).csv
30270-8940,1,Waymo LLC,1-Day,,,OCT-2024,,Jaguar,I-Pace,2024,ADS,,Waymo LLC,OCT-2024,15:58,San Francisco,CA,Intersection,SUV,No Injuries Reported,Yes,raw/SGO/SGO-2021-01_Incident_Reports_ADS (1).csv
30270-8940,2,Waymo LLC,Update,,,OCT-2024,,Jaguar,I-Pace,2024,ADS,,Waymo LLC,OCT-2024,15:58,San Francisco,CA,Intersection,Passenger Car,No Injuries Reported,Yes,raw/SGO/SGO-2021-01_Incident_Reports_ADS (1).csv
30270-8940,3,Waymo LLC,10-Day Update,,,OCT-2024,,Jaguar,I-Pace,2024,ADS,,Waymo LLC,OCT-2024,15:58,San Francisco,CA,Intersection,Passenger Car,No Injuries Reported,Yes,raw/SGO/SGO-2021-01_Incident_Reports_ADS (1).csv
30270-8941,1,Waymo LLC,5-Day,,,OCT-2024,,Jaguar,I-Pace,2024,ADS,,Waymo LLC,OCT-2024,19:43,Scottsdale,AZ,Street,Passenger Car,No Injuries Reported,Yes,raw/SGO/SGO-2021-01_Incident_Reports_ADS (1).csv
30270-8943,1,Waymo LLC,5-Day,,,OCT-2024,,Jaguar,I-Pace,2024,ADS,,Waymo LLC,OCT-2024,21:59,San Francisco,CA,Intersection,Passenger Car,No Injuries Reported,Yes,raw/SGO/SGO-2021-01_Incident_Reports_ADS (1).csv
30270-8947,1,Waymo LLC,5-Day,,,OCT-2024,,Jaguar,I-Pace,2024,ADS,,Waymo LLC,OCT-2024,06:57,Los Angeles,CA,Street,SUV,No Injuries Reported,Yes,raw/SGO/SGO-2021-01_Incident_Reports_ADS (1).csv
30270-8966,1,Waymo LLC,5-Day,,,OCT-2024,,Jaguar,I-Pace,2024,ADS,,Waymo LLC,OCT-2024,23:10,San Francisco,CA,Street,Passenger Car,No Injuries Reported,Yes,raw/SGO/SGO-2021-01_Incident_Reports_ADS (1).csv
30270-8968,1,Waymo LLC,1-Day,,,OCT-2024,,Jaguar,I-Pace,2024,ADS,,Waymo LLC,OCT-2024,08:58,San Francisco,CA,Street,SUV,Serious,Yes,raw/SGO/SGO-2021-01_Incident_Reports_ADS (1).csv
30270-8968,2,Waymo LLC,10-Day Update,,,NOV-2024,,Jaguar,I-Pace,2024,ADS,,Waymo LLC,OCT-2024,08:58,San Francisco,CA,Street,SUV,Serious,Yes,raw/SGO/SGO-2021-01_Incident_Reports_ADS (1).csv
30270-8979,1,Waymo LLC,1-Day,,,OCT-2024,,Jaguar,I-Pace,2024,ADS,,Waymo LLC,OCT-2024,1:57,San Francisco,CA,Street,Passenger Car,No Injuries Reported,Yes,raw/SGO/SGO-2021-01_Incident_Reports_ADS (1).csv
30270-8979,2,Waymo LLC,Update,,,OCT-2024,,Jaguar,I-Pace,2024,ADS,,Waymo LLC,OCT-2024,13:57,San Francisco,CA,Street,Passenger Car,No Injuries Reported,Yes,raw/SGO/SGO-2021-01_Incident_Reports_ADS (1).csv
30270-8979,3,Waymo LLC,10-Day Update,,,NOV-2024,,Jaguar,I-Pace,2024,ADS,,Waymo LLC,OCT-2024,13:57,San Francisco,CA,Street,Passenger Car,No Injuries Reported,Yes,raw/SGO/SGO-2021-01_Incident_Reports_ADS (1).csv
30270-8982,1,Waymo LLC,1-Day,,,OCT-2024,,Jaguar,I-Pace,2024,ADS,,Waymo LLC,OCT-2024,09:04,San Francisco,CA,Street,Passenger Car,No Injuries Reported,Yes,raw/SGO/SGO-2021-01_Incident_Reports_ADS (1).csv
30270-8982,2,Waymo LLC,10-Day Update,,,NOV-2024,,Jaguar,I-Pace,2024,ADS,,Waymo LLC,OCT-2024,09:04,San Francisco,CA,Street,Passenger Car,No Injuries Reported,Yes,raw/SGO/SGO-2021-01_Incident_Reports_ADS (1).csv
30270-9004,1,Waymo LLC,5-Day,,,NOV-2024,,Jaguar,I-Pace,2024,ADS,,Waymo LLC,OCT-2024,17:24,San Francisco,CA,Street,SUV,No Injuries Reported,Yes,raw/SGO/SGO-2021-01_Incident_Reports_ADS (1).csv
30270-9013,1,Waymo LLC,5-Day,,,NOV-2024,,Jaguar,I-Pace,2024,ADS,,Waymo LLC,OCT-2024,12:21,Los Angeles,CA,Intersection,Bus,No Injuries Reported,Yes,raw/SGO/SGO-2021-01_Incident_Reports_ADS (1).csv
30270-9014,1,Waymo LLC,5-Day,,,NOV-2024,,Jaguar,I-Pace,2024,ADS,,Waymo LLC,OCT-2024,17:21,San Francisco,CA,Street,Passenger Car,No Injuries Reported,Yes,raw/SGO/SGO-2021-01_Incident_Reports_ADS (1).csv
30270-9014,2,Waymo LLC,Update,,,JAN-2025,,Jaguar,I-Pace,2024,ADS,,Waymo LLC,OCT-2024,17:21,San Francisco,CA,Street,Passenger Car,Minor,Yes,raw/SGO/SGO-2021-01_Incident_Reports_ADS (1).csv
30270-9015,1,Waymo LLC,1-Day,,,NOV-2024,,Jaguar,I-Pace,2024,ADS,,Waymo LLC,NOV-2024,00:02,Los Angeles,CA,Street,Non-Motorist: Cyclist,Minor,Yes,raw/SGO/SGO-2021-01_Incident_Reports_ADS (1).csv
30270-9015,2,Waymo LLC,10-Day Update,,,NOV-2024,,Jaguar,I-Pace,2024,ADS,,Waymo LLC,NOV-2024,00:02,Los Angeles,CA,Street,Non-Motorist: Cyclist,Minor,Yes,raw/SGO/SGO-2021-01_Incident_Reports_ADS (1).csv
30270-9039,1,Waymo LLC,1-Day,,,NOV-2024,,Jaguar,I-Pace,2021,ADS,,Waymo LLC,NOV-2024,09:00,San Francisco,CA,Intersection,Pickup Truck,No Injuries Reported,Yes,raw/SGO/SGO-2021-01_Incident_Reports_ADS (1).csv
30270-9039,2,Waymo LLC,10-Day Update,,,NOV-2024,,Jaguar,I-Pace,2021,ADS,,Waymo LLC,NOV-2024,09:00,San Francisco,CA,Intersection,Pickup Truck,No Injuries Reported,Yes,raw/SGO/SGO-2021-01_Incident_Reports_ADS (1).csv
30270-9059,1,Waymo LLC,1-Day,,,NOV-2024,,Jaguar,I-Pace,2024,ADS,,Waymo LLC,NOV-2024,11:17,Los Angeles,CA,Street,"Other, see Narrative",No Injuries Reported,Yes,raw/SGO/SGO-2021-01_Incident_Reports_ADS (1).csv
30270-9059,2,Waymo LLC,10-Day Update,,,NOV-2024,,Jaguar,I-Pace,2024,ADS,,Waymo LLC,NOV-2024,11:17,Los Angeles,CA,Street,"Other, see Narrative",No Injuries Reported,Yes,raw/SGO/SGO-2021-01_Incident_Reports_ADS (1).csv
30270-9060,1,Waymo LLC,5-Day,,,NOV-2024,,Jaguar,I-Pace,2024,ADS,,Waymo LLC,NOV-2024,18:28,Culver City,CA,Street,SUV,No Injuries Reported,Yes,raw/SGO/SGO-2021-01_Incident_Reports_ADS (1).csv
30270-9061,1,Waymo LLC,5-Day,,,NOV-2024,,Jaguar,I-Pace,2024,ADS,,Waymo LLC,NOV-2024,19:36,San Francisco,CA,Street,SUV,No Injuries Reported,Yes,raw/SGO/SGO-2021-01_Incident_Reports_ADS (1).csv
30270-9081,1,Waymo LLC,5-Day,,,NOV-2024,,Jaguar,I-Pace,2024,ADS,,Waymo LLC,NOV-2024,08:50,Phoenix,AZ,Intersection,Pickup Truck,No Injuries Reported,Yes,raw/SGO/SGO-2021-01_Incident_Reports_ADS (1).csv
30270-9081,2,Waymo LLC,Update,,,JAN-2025,,Jaguar,I-Pace,2024,ADS,,Waymo LLC,NOV-2024,08:50,Phoenix,AZ,Intersection,Pickup Truck,Moderate,Yes,raw/SGO/SGO-2021-01_Incident_Reports_ADS (1).csv
30270-9082,1,Waymo LLC,5-Day,,,NOV-2024,,Jaguar,I-Pace,2024,ADS,,Waymo LLC,NOV-2024,20:54,Tempe,AZ,Street,"Other, see Narrative",No Injuries Reported,Yes,raw/SGO/SGO-2021-01_Incident_Reports_ADS (1).csv
30270-9097,1,Waymo LLC,Monthly,10,2024,NOV-2024,,Jaguar,I-Pace,2024,ADS,,Waymo LLC,OCT-2024,09:22,San Francisco,CA,Street,Heavy Truck,No Injuries Reported,Yes,raw/SGO/SGO-2021-01_Incident_Reports_ADS (1).csv
30270-9098,1,Waymo LLC,Monthly,10,2024,NOV-2024,,Jaguar,I-Pace,2024,ADS,,Waymo LLC,OCT-2024,12:23,San Francisco,CA,Street,Passenger Car,No Injuries Reported,Yes,raw/SGO/SGO-2021-01_Incident_Reports_ADS (1).csv
30270-9099,1,Waymo LLC,Monthly,10,2024,NOV-2024,,Jaguar,I-Pace,2024,ADS,,Waymo LLC,OCT-2024,13:29,San Francisco,CA,Street,Passenger Car,No Injuries Reported,Yes,raw/SGO/SGO-2021-01_Incident_Reports_ADS (1).csv
30270-9100,1,Waymo LLC,Monthly,10,2024,NOV-2024,,Jaguar,I-Pace,2024,ADS,,Waymo LLC,OCT-2024,07:57,San Francisco,CA,Street,SUV,No Injuries Reported,Yes,raw/SGO/SGO-2021-01_Incident_Reports_ADS (1).csv
30270-9103,1,Waymo LLC,Monthly,10,2024,NOV-2024,,Jaguar,I-Pace,2024,ADS,,Waymo LLC,OCT-2024,23:41,Austin,TX,Street,Passenger Car,No Injuries Reported,Yes,raw/SGO/SGO-2021-01_Incident_Reports_ADS (1).csv
30270-9107,1,Waymo LLC,Monthly,10,2024,NOV-2024,,Jaguar,I-Pace,2021,ADS,,Waymo LLC,NOV-2024,02:27,Phoenix,AZ,Parking Lot,Pickup Truck,No Injuries Reported,Yes,raw/SGO/SGO-2021-01_Incident_Reports_ADS (1).csv
30270-9107,2,Waymo LLC,Update,,,NOV-2024,,Jaguar,I-Pace,2021,ADS,,Waymo LLC,OCT-2024,02:27,Phoenix,AZ,Parking Lot,Pickup Truck,No Injuries Reported,Yes,raw/SGO/SGO-2021-01_Incident_Reports_ADS (1).csv
30270-9110,1,Waymo LLC,Monthly,10,2024,NOV-2024,,Jaguar,I-Pace,2024,ADS,,Waymo LLC,NOV-2024,09:17,San Francisco,CA,Intersection,Passenger Car,No Injuries Reported,Yes,raw/SGO/SGO-2021-01_Incident_Reports_ADS (1).csv
30270-9110,2,Waymo LLC,Update,,,NOV-2024,,Jaguar,I-Pace,2024,ADS,,Waymo LLC,OCT-2024,09:17,San Francisco,CA,Intersection,Passenger Car,No Injuries Reported,Yes,raw/SGO/SGO-2021-01_Incident_Reports_ADS (1).csv
30270-9111,1,Waymo LLC,Monthly,10,2024,NOV-2024,,Jaguar,I-Pace,2021,ADS,,Waymo LLC,OCT-2024,00:54,Scottsdale,AZ,Street,SUV,No Injuries Reported,Yes,raw/SGO/SGO-2021-01_Incident_Reports_ADS (1).csv
30270-9112,1,Waymo LLC,Monthly,10,2024,NOV-2024,,Jaguar,I-Pace,2024,ADS,,Waymo LLC,OCT-2024,12:32,San Francisco,CA,Street,SUV,No Injuries Reported,Yes,raw/SGO/SGO-2021-01_Incident_Reports_ADS (1).csv
30270-9115,1,Waymo LLC,Monthly,10,2024,NOV-2024,,Jaguar,I-Pace,2021,ADS,,Waymo LLC,OCT-2024,12:08,Mesa,AZ,Parking Lot,Pickup Truck,No Injuries Reported,Yes,raw/SGO/SGO-2021-01_Incident_Reports_ADS (1).csv
30270-9116,1,Waymo LLC,Monthly,10,2024,NOV-2024,,Jaguar,I-Pace,2021,ADS,,Waymo LLC,OCT-2024,02:27,Tempe,AZ,Street,SUV,No Injuries Reported,Yes,raw/SGO/SGO-2021-01_Incident_Reports_ADS (1).csv
30270-9123,1,Waymo LLC,Monthly,10,2024,NOV-2024,,Jaguar,I-Pace,2021,ADS,,Waymo LLC,OCT-2024,16:55,Phoenix,AZ,Intersection,Pickup Truck,No Injuries Reported,Yes,raw/SGO/SGO-2021-01_Incident_Reports_ADS (1).csv
30270-9125,1,Waymo LLC,Monthly,10,2024,NOV-2024,,Jaguar,I-Pace,2024,ADS,,Waymo LLC,OCT-2024,15:59,San Francisco,CA,Street,Passenger Car,No Injuries Reported,Yes,raw/SGO/SGO-2021-01_Incident_Reports_ADS (1).csv
30270-9126,1,Waymo LLC,Monthly,10,2024,NOV-2024,,Jaguar,I-Pace,2024,ADS,,Waymo LLC,OCT-2024,09:27,Los Angeles,CA,Street,"Other, see Narrative",No Injuries Reported,Yes,raw/SGO/SGO-2021-01_Incident_Reports_ADS (1).csv
30270-9127,1,Waymo LLC,Monthly,10,2024,NOV-2024,,Jaguar,I-Pace,2024,ADS,,Waymo LLC,OCT-2024,19:20,San Francisco,CA,Street,Pickup Truck,No Injuries Reported,Yes,raw/SGO/SGO-2021-01_Incident_Reports_ADS (1).csv
30270-9140,1,Waymo LLC,Monthly,10,2024,NOV-2024,,Jaguar,I-Pace,2024,ADS,,Waymo LLC,OCT-2024,09:55,San Francisco,CA,Intersection,SUV,No Injuries Reported,Yes,raw/SGO/SGO-2021-01_Incident_Reports_ADS (1).csv
30270-9141,1,Waymo LLC,Monthly,10,2024,NOV-2024,,Jaguar,I-Pace,2024,ADS,,Waymo LLC,OCT-2024,12:35,Phoenix,AZ,Street,SUV,No Injuries Reported,Yes,raw/SGO/SGO-2021-01_Incident_Reports_ADS (1).csv
30270-9156,1,Waymo LLC,5-Day,,,NOV-2024,,Jaguar,I-Pace,2024,ADS,,Waymo LLC,NOV-2024,02:06,San Francisco,CA,Intersection,Passenger Car,No Injuries Reported,Yes,raw/SGO/SGO-2021-01_Incident_Reports_ADS (1).csv
30270-9167,1,Waymo LLC,5-Day,,,NOV-2024,,Jaguar,I-Pace,2024,ADS,,Waymo LLC,NOV-2024,11:31,San Francisco,CA,Street,"Other, see Narrative",No Injuries Reported,Yes,raw/SGO/SGO-2021-01_Incident_Reports_ADS (1).csv
30270-9169,1,Waymo LLC,Monthly,10,2024,NOV-2024,,Jaguar,I-Pace,2021,ADS,,Waymo LLC,FEB-2024,16:36,Tempe,AZ,Street,Other Fixed Object,No Injuries Reported,Yes,raw/SGO/SGO-2021-01_Incident_Reports_ADS (1).csv
30270-9170,1,Waymo LLC,5-Day,,,NOV-2024,,Jaguar,I-Pace,2024,ADS,,Waymo LLC,NOV-2024,18:51,San Francisco,CA,Street,Passenger Car,No Injuries Reported,Yes,raw/SGO/SGO-2021-01_Incident_Reports_ADS (1).csv
30270-9171,1,Waymo LLC,Monthly,10,2024,NOV-2024,,Jaguar,I-Pace,2021,ADS,,Waymo LLC,OCT-2024,17:08,San Francisco,CA,Street,SUV,No Injuries Reported,Yes,raw/SGO/SGO-2021-01_Incident_Reports_ADS (1).csv
30270-9172,1,Waymo LLC,Monthly,10,2024,NOV-2024,,Jaguar,I-Pace,2021,ADS,,Waymo LLC,OCT-2024,20:07,San Francisco,CA,Intersection,Passenger Car,No Injuries Reported,Yes,raw/SGO/SGO-2021-01_Incident_Reports_ADS (1).csv
30270-9173,1,Waymo LLC,Monthly,10,2024,NOV-2024,,Jaguar,I-Pace,2024,ADS,,Waymo LLC,OCT-2024,00:42,Los Angeles,CA,Intersection,Passenger Car,No Injuries Reported,Yes,raw/SGO/SGO-2021-01_Incident_Reports_ADS (1).csv
30270-9175,1,Waymo LLC,Monthly,10,2024,NOV-2024,,Jaguar,I-Pace,2021,ADS,,Waymo LLC,OCT-2024,10:40,San Francisco,CA,Street,Pickup Truck,No Injuries Reported,Yes,raw/SGO/SGO-2021-01_Incident_Reports_ADS (1).csv
30270-9176,1,Waymo LLC,Monthly,10,2024,NOV-2024,,Jaguar,I-Pace,2021,ADS,,Waymo LLC,OCT-2024,18:57,San Francisco,CA,Street,SUV,No Injuries Reported,Yes,raw/SGO/SGO-2021-01_Incident_Reports_ADS (1).csv
30270-9177,1,Waymo LLC,Monthly,10,2024,NOV-2024,,Jaguar,I-Pace,2021,ADS,,Waymo LLC,OCT-2024,10:12,San Francisco,CA,Street,Animal,No Injuries Reported,Yes,raw/SGO/SGO-2021-01_Incident_Reports_ADS (1).csv
30270-9178,1,Waymo LLC,Monthly,10,2024,NOV-2024,,Jaguar,I-Pace,2024,ADS,,Waymo LLC,OCT-2024,13:24,Los Angeles,CA,Street,Passenger Car,No Injuries Reported,Yes,raw/SGO/SGO-2021-01_Incident_Reports_ADS (1).csv
30270-9179,1,Waymo LLC,Monthly,10,2024,NOV-2024,,Jaguar,I-Pace,2024,ADS,,Waymo LLC,OCT-2024,13:18,San Francisco,CA,Street,SUV,No Injuries Reported,Yes,raw/SGO/SGO-2021-01_Incident_Reports_ADS (1).csv
30270-9180,1,Waymo LLC,Monthly,10,2024,NOV-2024,,Jaguar,I-Pace,2024,ADS,,Waymo LLC,OCT-2024,09:49,Austin,TX,Intersection,SUV,No Injuries Reported,Yes,raw/SGO/SGO-2021-01_Incident_Reports_ADS (1).csv
30270-9181,1,Waymo LLC,Monthly,10,2024,NOV-2024,,Jaguar,I-Pace,2024,ADS,,Waymo LLC,OCT-2024,06:58,Guadalupe,AZ,Street,Passenger Car,No Injuries Reported,Yes,raw/SGO/SGO-2021-01_Incident_Reports_ADS (1).csv
30270-9182,1,Waymo LLC,Monthly,10,2024,NOV-2024,,Jaguar,I-Pace,2021,ADS,,Waymo LLC,OCT-2024,15:54,Phoenix,AZ,Street,Passenger Car,No Injuries Reported,Yes,raw/SGO/SGO-2021-01_Incident_Reports_ADS (1).csv
30270-9183,1,Waymo LLC,Monthly,10,2024,NOV-2024,,Jaguar,I-Pace,2021,ADS,,Waymo LLC,OCT-2024,20:45,San Francisco,CA,Street,Passenger Car,No Injuries Reported,Yes,raw/SGO/SGO-2021-01_Incident_Reports_ADS (1).csv
30270-9184,1,Waymo LLC,Monthly,10,2024,NOV-2024,,Jaguar,I-Pace,2024,ADS,,Waymo LLC,OCT-2024,07:23,Culver City,CA,Street,Passenger Car,No Injuries Reported,Yes,raw/SGO/SGO-2021-01_Incident_Reports_ADS (1).csv
30270-9185,1,Waymo LLC,Monthly,10,2024,NOV-2024,,Jaguar,I-Pace,2024,ADS,,Waymo LLC,OCT-2024,09:03,Austin,TX,Street,Passenger Car,No Injuries Reported,Yes,raw/SGO/SGO-2021-01_Incident_Reports_ADS (1).csv
30270-9186,1,Waymo LLC,Monthly,10,2024,NOV-2024,,Jaguar,I-Pace,2024,ADS,,Waymo LLC,OCT-2024,20:04,San Francisco,CA,Street,SUV,No Injuries Reported,Yes,raw/SGO/SGO-2021-01_Incident_Reports_ADS (1).csv
30270-9187,1,Waymo LLC,Monthly,10,2024,NOV-2024,,Jaguar,I-Pace,2024,ADS,,Waymo LLC,OCT-2024,09:09,San Francisco,CA,Street,Van,No Injuries Reported,Yes,raw/SGO/SGO-2021-01_Incident_Reports_ADS (1).csv
30270-9188,1,Waymo LLC,Monthly,10,2024,NOV-2024,,Jaguar,I-Pace,2024,ADS,,Waymo LLC,OCT-2024,16:08,San Francisco,CA,Street,SUV,No Injuries Reported,Yes,raw/SGO/SGO-2021-01_Incident_Reports_ADS (1).csv
30270-9189,1,Waymo LLC,Monthly,10,2024,NOV-2024,,Jaguar,I-Pace,2024,ADS,,Waymo LLC,OCT-2024,18:47,San Francisco,CA,Street,Passenger Car,No Injuries Reported,Yes,raw/SGO/SGO-2021-01_Incident_Reports_ADS (1).csv
30270-9190,1,Waymo LLC,Monthly,10,2024,NOV-2024,,Jaguar,I-Pace,2021,ADS,,Waymo LLC,OCT-2024,17:20,Phoenix,AZ,Street,Van,No Injuries Reported,Yes,raw/SGO/SGO-2021-01_Incident_Reports_ADS (1).csv
30270-9191,1,Waymo LLC,Monthly,10,2024,NOV-2024,,Jaguar,I-Pace,2024,ADS,,Waymo LLC,OCT-2024,20:02,Tempe,AZ,Street,Passenger Car,No Injuries Reported,Yes,raw/SGO/SGO-2021-01_Incident_Reports_ADS (1).csv
30270-9192,1,Waymo LLC,Monthly,10,2024,NOV-2024,,Jaguar,I-Pace,2021,ADS,,Waymo LLC,APR-2024,18:53,Paradise Valley,AZ,Parking Lot,Other Fixed Object,No Injuries Reported,Yes,raw/SGO/SGO-2021-01_Incident_Reports_ADS (1).csv
30270-9194,1,Waymo LLC,1-Day,,,NOV-2024,,Jaguar,I-Pace,2024,ADS,,Waymo LLC,NOV-2024,18:10,Tempe,AZ,Street,Passenger Car,No Injuries Reported,Yes,raw/SGO/SGO-2021-01_Incident_Reports_ADS (1).csv
30270-9194,2,Waymo LLC,10-Day Update,,,NOV-2024,,Jaguar,I-Pace,2024,ADS,,Waymo LLC,NOV-2024,18:10,Tempe,AZ,Street,Passenger Car,No Injuries Reported,Yes,raw/SGO/SGO-2021-01_Incident_Reports_ADS (1).csv
30270-9203,1,Waymo LLC,5-Day,,,NOV-2024,,Jaguar,I-Pace,2024,ADS,,Waymo LLC,NOV-2024,12:01,Phoenix,AZ,Street,SUV,No Injuries Reported,Yes,raw/SGO/SGO-2021-01_Incident_Reports_ADS (1).csv
30270-9212,1,Waymo LLC,5-Day,,,NOV-2024,,Jaguar,I-Pace,2024,ADS,,Waymo LLC,NOV-2024,06:46,Austin,TX,Street,"Other, see Narrative",No Injuries Reported,Yes,raw/SGO/SGO-2021-01_Incident_Reports_ADS (1).csv
30270-9214,1,Waymo LLC,5-Day,,,NOV-2024,,Jaguar,I-Pace,2024,ADS,,Waymo LLC,NOV-2024,01:35,Daly City,CA,Street,Passenger Car,No Injuries Reported,Yes,raw/SGO/SGO-2021-01_Incident_Reports_ADS (1).csv
30270-9229,1,Waymo LLC,5-Day,,,NOV-2024,,Jaguar,I-Pace,2024,ADS,,Waymo LLC,NOV-2024,07:21,San Francisco,CA,Street,Passenger Car,No Injuries Reported,Yes,raw/SGO/SGO-2021-01_Incident_Reports_ADS (1).csv
30270-9230,1,Waymo LLC,5-Day,,,NOV-2024,,Jaguar,I-Pace,2024,ADS,,Waymo LLC,NOV-2024,08:39,San Francisco,CA,Intersection,Heavy Truck,No Injuries Reported,Yes,raw/SGO/SGO-2021-01_Incident_Reports_ADS (1).csv
30270-9231,1,Waymo LLC,5-Day,,,NOV-2024,,Jaguar,I-Pace,2024,ADS,,Waymo LLC,NOV-2024,00:07,Austin,TX,Street,Passenger Car,No Injuries Reported,Yes,raw/SGO/SGO-2021-01_Incident_Reports_ADS (1).csv
30270-9232,1,Waymo LLC,5-Day,,,NOV-2024,,Jaguar,I-Pace,2021,ADS,,Waymo LLC,NOV-2024,23:04,Austin,TX,Parking Lot,Other Fixed Object,No Injuries Reported,Yes,raw/SGO/SGO-2021-01_Incident_Reports_ADS (1).csv
30270-9234,1,Waymo LLC,1-Day,,,NOV-2024,,Jaguar,I-Pace,2024,ADS,,Waymo LLC,NOV-2024,04:04,Los Angeles,CA,Street,Non-Motorist: Pedestrian,Minor,Yes,raw/SGO/SGO-2021-01_Incident_Reports_ADS (1).csv
30270-9234,2,Waymo LLC,10-Day Update,,,DEC-2024,,Jaguar,I-Pace,2024,ADS,,Waymo LLC,NOV-2024,04:04,Los Angeles,CA,Street,Non-Motorist: Pedestrian,Minor,Yes,raw/SGO/SGO-2021-01_Incident_Reports_ADS (1).csv
30270-9259,1,Waymo LLC,5-Day,,,DEC-2024,,Jaguar,I-PACE,2024,ADS,,Waymo LLC,NOV-2024,17:57,Los Angeles,CA,Intersection,Passenger Car,Minor,Yes,raw/SGO/SGO-2021-01_Incident_Reports_ADS (1).csv
30270-9260,1,Waymo LLC,5-Day,,,DEC-2024,,Jaguar,I-PACE,2021,ADS,,Waymo LLC,NOV-2024,21:37,Tempe,AZ,Intersection,Passenger Car,No Injuries Reported,Yes,raw/SGO/SGO-2021-01_Incident_Reports_ADS (1).csv
30270-9269,1,Waymo LLC,5-Day,,,DEC-2024,,Jaguar,I-Pace,2024,ADS,,Waymo LLC,NOV-2024,18:21,San Francisco,CA,Intersection,Passenger Car,No Injuries Reported,Yes,raw/SGO/SGO-2021-01_Incident_Reports_ADS (1).csv
30270-9276,1,Waymo LLC,5-Day,,,DEC-2024,,Jaguar,I-Pace,2024,ADS,,Waymo LLC,NOV-2024,21:45,West Hollywood,CA,Street,SUV,No Injuries Reported,Yes,raw/SGO/SGO-2021-01_Incident_Reports_ADS (1).csv
30270-9276,2,Waymo LLC,Update,,,DEC-2024,,Jaguar,I-Pace,2024,ADS,,Waymo LLC,NOV-2024,21:45,West Hollywood,CA,Street,SUV,Minor,Yes,raw/SGO/SGO-2021-01_Incident_Reports_ADS (1).csv
30270-9282,1,Waymo LLC,5-Day,,,DEC-2024,,Jaguar,I-Pace,2021,ADS,,Waymo LLC,DEC-2024,07:58,Los Angeles,CA,Street,Passenger Car,No Injuries Reported,Yes,raw/SGO/SGO-2021-01_Incident_Reports_ADS (1).csv
30270-9285,1,Waymo LLC,1-Day,,,DEC-2024,,Jaguar,I-Pace,2024,ADS,,Waymo LLC,DEC-2024,10:29,San Francisco,CA,Street,"Other, see Narrative",No Injuries Reported,Yes,raw/SGO/SGO-2021-01_Incident_Reports_ADS (1).csv
30270-9285,2,Waymo LLC,10-Day Update,,,DEC-2024,,Jaguar,I-Pace,2024,ADS,,Waymo LLC,DEC-2024,10:29,San Francisco,CA,Street,"Other, see Narrative",No Injuries Reported,Yes,raw/SGO/SGO-2021-01_Incident_Reports_ADS (1).csv
30270-9286,1,Waymo LLC,1-Day,,,DEC-2024,,Jaguar,I-Pace,2021,ADS,,Waymo LLC,DEC-2024,17:00,Chandler,AZ,Street,"Other, see Narrative",No Injuries Reported,Yes,raw/SGO/SGO-2021-01_Incident_Reports_ADS (1).csv
30270-9286,2,Waymo LLC,10-Day Update,,,DEC-2024,,Jaguar,I-Pace,2021,ADS,,Waymo LLC,DEC-2024,17:00,Chandler,AZ,Street,"Other, see Narrative",No Injuries Reported,Yes,raw/SGO/SGO-2021-01_Incident_Reports_ADS (1).csv
30270-9287,1,Waymo LLC,1-Day,,,DEC-2024,,Jaguar,I-Pace,2024,ADS,,Waymo LLC,DEC-2024,10:54,Los Angeles,CA,Intersection,"Other, see Narrative",Unknown,Yes,raw/SGO/SGO-2021-01_Incident_Reports_ADS (1).csv
30270-9287,2,Waymo LLC,10-Day Update,,,DEC-2024,,Jaguar,I-Pace,2024,ADS,,Waymo LLC,DEC-2024,10:54,Los Angeles,CA,Intersection,"Other, see Narrative",Unknown,Yes,raw/SGO/SGO-2021-01_Incident_Reports_ADS (1).csv
30270-9295,1,Waymo LLC,1-Day,,,DEC-2024,,Jaguar,I-Pace,2024,ADS,,Waymo LLC,DEC-2024,15:13,San Francisco,CA,Street,Non-Motorist: Cyclist,No Injuries Reported,Yes,raw/SGO/SGO-2021-01_Incident_Reports_ADS (1).csv
30270-9295,2,Waymo LLC,10-Day Update,,,DEC-2024,,Jaguar,I-Pace,2024,ADS,,Waymo LLC,DEC-2024,15:13,San Francisco,CA,Street,Non-Motorist: Cyclist,No Injuries Reported,Yes,raw/SGO/SGO-2021-01_Incident_Reports_ADS (1).csv
30270-9312,1,Waymo LLC,1-Day,,,DEC-2024,,Jaguar,I-Pace,2024,ADS,,Waymo LLC,DEC-2024,17:14,San Francisco,CA,Intersection,Non-Motorist: Other,No Injuries Reported,Yes,raw/SGO/SGO-2021-01_Incident_Reports_ADS (1).csv
30270-9312,2,Waymo LLC,10-Day Update,,,DEC-2024,,Jaguar,I-Pace,2024,ADS,,Waymo LLC,DEC-2024,17:14,San Francisco,CA,Intersection,Non-Motorist: Other,No Injuries Reported,Yes,raw/SGO/SGO-2021-01_Incident_Reports_ADS (1).csv
30270-9326,1,Waymo LLC,1-Day,,,DEC-2024,,Jaguar,I-Pace,2024,ADS,,Waymo LLC,DEC-2024,11:35,San Francisco,CA,Street,Van,No Injuries Reported,Yes,raw/SGO/SGO-2021-01_Incident_Reports_ADS (1).csv
30270-9326,2,Waymo LLC,10-Day Update,,,DEC-2024,,Jaguar,I-Pace,2024,ADS,,Waymo LLC,DEC-2024,11:35,San Francisco,CA,Street,Van,No Injuries Reported,Yes,raw/SGO/SGO-2021-01_Incident_Reports_ADS (1).csv
30270-9329,1,Waymo LLC,5-Day,,,DEC-2024,,Jaguar,I-Pace,2021,ADS,,Waymo LLC,DEC-2024,10:43,Phoenix,AZ,Street,Passenger Car,No Injuries Reported,Yes,raw/SGO/SGO-2021-01_Incident_Reports_ADS (1).csv
30270-9330,1,Waymo LLC,5-Day,,,DEC-2024,,Jaguar,I-Pace,2024,ADS,,Waymo LLC,DEC-2024,19:47,Los Angeles,CA,Intersection,Passenger Car,No Injuries Reported,Yes,raw/SGO/SGO-2021-01_Incident_Reports_ADS (1).csv
30270-9333,1,Waymo LLC,5-Day,,,DEC-2024,,Jaguar,I-Pace,2024,ADS,,Waymo LLC,DEC-2024,22:19,San Francisco,CA,Street,Bus,No Injuries Reported,Yes,raw/SGO/SGO-2021-01_Incident_Reports_ADS (1).csv
30270-9334,1,Waymo LLC,1-Day,,,DEC-2024,,Jaguar,I-Pace,2024,ADS,,Waymo LLC,DEC-2024,14:21,San Francisco,CA,Intersection,Passenger Car,No Injuries Reported,Yes,raw/SGO/SGO-2021-01_Incident_Reports_ADS (1).csv
30270-9334,2,Waymo LLC,10-Day Update,,,DEC-2024,,Jaguar,I-Pace,2024,ADS,,Waymo LLC,DEC-2024,14:21,San Francisco,CA,Intersection,Passenger Car,No Injuries Reported,Yes,raw/SGO/SGO-2021-01_Incident_Reports_ADS (1).csv
30270-9341,1,Waymo LLC,Monthly,11,2024,DEC-2024,,Jaguar,I-Pace,2021,ADS,,Waymo LLC,NOV-2024,12:01,San Francisco,CA,Street,SUV,No Injuries Reported,Yes,raw/SGO/SGO-2021-01_Incident_Reports_ADS (1).csv
30270-9343,1,Waymo LLC,Monthly,11,2024,DEC-2024,,Jaguar,I-Pace,2024,ADS,,Waymo LLC,NOV-2024,01:55,San Francisco,CA,Street,Passenger Car,No Injuries Reported,Yes,raw/SGO/SGO-2021-01_Incident_Reports_ADS (1).csv
30270-9347,1,Waymo LLC,Monthly,11,2024,DEC-2024,,Jaguar,I-Pace,2024,ADS,,Waymo LLC,NOV-2024,03:29,Los Angeles,CA,Intersection,Passenger Car,No Injuries Reported,Yes,raw/SGO/SGO-2021-01_Incident_Reports_ADS (1).csv
30270-9350,1,Waymo LLC,Monthly,11,2024,DEC-2024,,Jaguar,I-Pace,2024,ADS,,Waymo LLC,NOV-2024,08:03,San Francisco,CA,Street,SUV,No Injuries Reported,Yes,raw/SGO/SGO-2021-01_Incident_Reports_ADS (1).csv
30270-9355,1,Waymo LLC,Monthly,11,2024,DEC-2024,,Jaguar,I-Pace,2021,ADS,,Waymo LLC,NOV-2024,00:57,Tempe,AZ,Street,"Other, see Narrative",No Injuries Reported,Yes,raw/SGO/SGO-2021-01_Incident_Reports_ADS (1).csv
30270-9363,1,Waymo LLC,Monthly,11,2024,DEC-2024,,Jaguar,I-Pace,2024,ADS,,Waymo LLC,NOV-2024,01:30,Los Angeles,CA,Intersection,Passenger Car,No Injuries Reported,Yes,raw/SGO/SGO-2021-01_Incident_Reports_ADS (1).csv
30270-9371,1,Waymo LLC,Monthly,11,2024,DEC-2024,,Jaguar,I-Pace,2024,ADS,,Waymo LLC,NOV-2024,02:33,Los Angeles,CA,Intersection,Passenger Car,No Injuries Reported,Yes,raw/SGO/SGO-2021-01_Incident_Reports_ADS (1).csv
30270-9372,1,Waymo LLC,Monthly,11,2024,DEC-2024,,Jaguar,I-Pace,2021,ADS,,Waymo LLC,NOV-2024,13:26,Phoenix,AZ,Intersection,"Other, see Narrative",No Injuries Reported,Yes,raw/SGO/SGO-2021-01_Incident_Reports_ADS (1).csv
30270-9373,1,Waymo LLC,Monthly,11,2024,DEC-2024,,Jaguar,I-Pace,2024,ADS,,Waymo LLC,NOV-2024,16:20,San Francisco,CA,Street,Bus,No Injuries Reported,Yes,raw/SGO/SGO-2021-01_Incident_Reports_ADS (1).csv
30270-9374,1,Waymo LLC,Monthly,11,2024,DEC-2024,,Jaguar,I-Pace,2024,ADS,,Waymo LLC,NOV-2024,00:44,San Francisco,CA,Street,SUV,No Injuries Reported,Yes,raw/SGO/SGO-2021-01_Incident_Reports_ADS (1).csv
30270-9376,1,Waymo LLC,Monthly,11,2024,DEC-2024,,Jaguar,I-Pace,2024,ADS,,Waymo LLC,NOV-2024,10:36,San Francisco,CA,Street,"Other, see Narrative",Minor,Yes,raw/SGO/SGO-2021-01_Incident_Reports_ADS (1).csv
30270-9388,1,Waymo LLC,5-Day,,,DEC-2024,,Jaguar,I-Pace,2024,ADS,,Waymo LLC,DEC-2024,07:44,San Francisco,CA,Street,Passenger Car,No Injuries Reported,Yes,raw/SGO/SGO-2021-01_Incident_Reports_ADS (1).csv
30270-9389,1,Waymo LLC,5-Day,,,DEC-2024,,Jaguar,I-Pace,2024,ADS,,Waymo LLC,DEC-2024,21:28,San Francisco,CA,Street,Passenger Car,No Injuries Reported,Yes,raw/SGO/SGO-2021-01_Incident_Reports_ADS (1).csv
30270-9391,1,Waymo LLC,1-Day,,,DEC-2024,,Jaguar,I-Pace,2024,ADS,,Waymo LLC,DEC-2024,21:32,San Francisco,CA,Street,Passenger Car,No Injuries Reported,Yes,raw/SGO/SGO-2021-01_Incident_Reports_ADS (1).csv
30270-9391,2,Waymo LLC,10-Day Update,,,DEC-2024,,Jaguar,I-Pace,2024,ADS,,Waymo LLC,DEC-2024,21:32,San Francisco,CA,Street,Passenger Car,No Injuries Reported,Yes,raw/SGO/SGO-2021-01_Incident_Reports_ADS (1).csv
30270-9400,1,Waymo LLC,Monthly,11,2024,DEC-2024,,Jaguar,I-Pace,2021,ADS,,Waymo LLC,NOV-2024,16:45,Phoenix,AZ,Street,Pickup Truck,No Injuries Reported,Yes,raw/SGO/SGO-2021-01_Incident_Reports_ADS (1).csv
30270-9401,1,Waymo LLC,Monthly,11,2024,DEC-2024,,Jaguar,I-Pace,2024,ADS,,Waymo LLC,NOV-2024,09:27,San Francisco,CA,Street,Passenger Car,No Injuries Reported,Yes,raw/SGO/SGO-2021-01_Incident_Reports_ADS (1).csv
30270-9402,1,Waymo LLC,Monthly,11,2024,DEC-2024,,Jaguar,I-Pace,2024,ADS,,Waymo LLC,NOV-2024,22:04,San Francisco,CA,Intersection,Passenger Car,No Injuries Reported,Yes,raw/SGO/SGO-2021-01_Incident_Reports_ADS (1).csv
30270-9403,1,Waymo LLC,Monthly,11,2024,DEC-2024,,Jaguar,I-Pace,2024,ADS,,Waymo LLC,NOV-2024,21:31,San Francisco,CA,Street,Van,No Injuries Reported,Yes,raw/SGO/SGO-2021-01_Incident_Reports_ADS (1).csv
30270-9404,1,Waymo LLC,Monthly,11,2024,DEC-2024,,Jaguar,I-Pace,2024,ADS,,Waymo LLC,NOV-2024,18:32,Los Angeles,CA,Street,SUV,No Injuries Reported,Yes,raw/SGO/SGO-2021-01_Incident_Reports_ADS (1).csv
30270-9405,1,Waymo LLC,Monthly,11,2024,DEC-2024,,Jaguar,I-Pace,2024,ADS,,Waymo LLC,NOV-2024,20:08,West Hollywood,CA,Parking Lot,First Responder Vehicle,No Injuries Reported,Yes,raw/SGO/SGO-2021-01_Incident_Reports_ADS (1).csv
30270-9406,1,Waymo LLC,Monthly,11,2024,DEC-2024,,Jaguar,I-Pace,2024,ADS,,Waymo LLC,NOV-2024,21:17,Inglewood,CA,Street,Animal,No Injuries Reported,Yes,raw/SGO/SGO-2021-01_Incident_Reports_ADS (1).csv
30270-9407,1,Waymo LLC,Monthly,11,2024,DEC-2024,,Jaguar,I-Pace,2024,ADS,,Waymo LLC,NOV-2024,17:19,San Francisco,CA,Street,Bus,No Injuries Reported,Yes,raw/SGO/SGO-2021-01_Incident_Reports_ADS (1).csv
30270-9408,1,Waymo LLC,Monthly,11,2024,DEC-2024,,Jaguar,I-Pace,2021,ADS,,Waymo LLC,NOV-2024,13:54,San Francisco,CA,Street,Passenger Car,No Injuries Reported,Yes,raw/SGO/SGO-2021-01_Incident_Reports_ADS (1).csv
30270-9409,1,Waymo LLC,Monthly,11,2024,DEC-2024,,Jaguar,I-Pace,2021,ADS,,Waymo LLC,NOV-2024,01:27,Scottsdale,AZ,Street,Passenger Car,No Injuries Reported,Yes,raw/SGO/SGO-2021-01_Incident_Reports_ADS (1).csv
30270-9410,1,Waymo LLC,Monthly,11,2024,DEC-2024,,Jaguar,I-Pace,2021,ADS,,Waymo LLC,NOV-2024,04:25,Chandler,AZ,Street,"Other, see Narrative",No Injuries Reported,Yes,raw/SGO/SGO-2021-01_Incident_Reports_ADS (1).csv
30270-9411,1,Waymo LLC,Monthly,11,2024,DEC-2024,,Jaguar,I-Pace,2021,ADS,,Waymo LLC,NOV-2024,18:44,Tempe,AZ,Street,Van,Minor,Yes,raw/SGO/SGO-2021-01_Incident_Reports_ADS (1).csv
30270-9412,1,Waymo LLC,Monthly,11,2024,DEC-2024,,Jaguar,I-Pace,2024,ADS,,Waymo LLC,NOV-2024,14:59,San Francisco,CA,Street,Passenger Car,No Injuries Reported,Yes,raw/SGO/SGO-2021-01_Incident_Reports_ADS (1).csv
30270-9413,1,Waymo LLC,Monthly,11,2024,DEC-2024,,Jaguar,I-Pace,2021,ADS,,Waymo LLC,NOV-2024,17:42,San Francisco,CA,Intersection,SUV,No Injuries Reported,Yes,raw/SGO/SGO-2021-01_Incident_Reports_ADS (1).csv
30270-9414,1,Waymo LLC,Monthly,11,2024,DEC-2024,,Jaguar,I-Pace,2024,ADS,,Waymo LLC,NOV-2024,11:07,San Francisco,CA,Street,Pickup Truck,No Injuries Reported,Yes,raw/SGO/SGO-2021-01_Incident_Reports_ADS (1).csv
30270-9417,1,Waymo LLC,Monthly,11,2024,DEC-2024,,Jaguar,I-Pace,2021,ADS,,Waymo LLC,NOV-2024,00:03,Scottsdale,AZ,Street,Van,No Injuries Reported,Yes,raw/SGO/SGO-2021-01_Incident_Reports_ADS (1).csv
30270-9418,1,Waymo LLC,Monthly,11,2024,DEC-2024,,Jaguar,I-Pace,2024,ADS,,Waymo LLC,NOV-2024,01:29,San Francisco,CA,Intersection,SUV,No Injuries Reported,Yes,raw/SGO/SGO-2021-01_Incident_Reports_ADS (1).csv
30270-9419,1,Waymo LLC,Monthly,11,2024,DEC-2024,,Jaguar,I-Pace,2024,ADS,,Waymo LLC,NOV-2024,13:18,San Francisco,CA,Street,First Responder Vehicle,No Injuries Reported,Yes,raw/SGO/SGO-2021-01_Incident_Reports_ADS (1).csv
30270-9420,1,Waymo LLC,Monthly,11,2024,DEC-2024,,Jaguar,I-Pace,2021,ADS,,Waymo LLC,NOV-2024,14:33,San Francisco,CA,Unknown,Passenger Car,No Injuries Reported,Yes,raw/SGO/SGO-2021-01_Incident_Reports_ADS (1).csv
30270-9421,1,Waymo LLC,Monthly,11,2024,DEC-2024,,Jaguar,I-Pace,2021,ADS,,Waymo LLC,NOV-2024,08:56,San Francisco,CA,Street,"Other, see Narrative",No Injuries Reported,Yes,raw/SGO/SGO-2021-01_Incident_Reports_ADS (1).csv
30270-9426,1,Waymo LLC,Monthly,11,2024,DEC-2024,,Jaguar,I-Pace,2021,ADS,,Waymo LLC,NOV-2024,19:25,San Francisco,CA,Intersection,Passenger Car,No Injuries Reported,Yes,raw/SGO/SGO-2021-01_Incident_Reports_ADS (1).csv
30270-9427,1,Waymo LLC,Monthly,11,2024,DEC-2024,,Jaguar,I-Pace,2024,ADS,,Waymo LLC,NOV-2024,17:24,Los Angeles,CA,Street,SUV,No Injuries Reported,Yes,raw/SGO/SGO-2021-01_Incident_Reports_ADS (1).csv
30270-9428,1,Waymo LLC,Monthly,11,2024,DEC-2024,,Jaguar,I-Pace,2021,ADS,,Waymo LLC,NOV-2024,20:39,San Francisco,CA,Street,"Other, see Narrative",No Injuries Reported,Yes,raw/SGO/SGO-2021-01_Incident_Reports_ADS (1).csv
30270-9429,1,Waymo LLC,Monthly,11,2024,DEC-2024,,Jaguar,I-Pace,2024,ADS,,Waymo LLC,NOV-2024,01:57,San Francisco,CA,Street,Passenger Car,No Injuries Reported,Yes,raw/SGO/SGO-2021-01_Incident_Reports_ADS (1).csv
30270-9430,1,Waymo LLC,Monthly,11,2024,DEC-2024,,Jaguar,I-Pace,2021,ADS,,Waymo LLC,NOV-2024,16:52,Phoenix,AZ,Intersection,Passenger Car,No Injuries Reported,Yes,raw/SGO/SGO-2021-01_Incident_Reports_ADS (1).csv
30270-9431,1,Waymo LLC,Monthly,11,2024,DEC-2024,,Jaguar,I-Pace,2024,ADS,,Waymo LLC,NOV-2024,14:21,Los Angeles,CA,Street,Pickup Truck,No Injuries Reported,Yes,raw/SGO/SGO-2021-01_Incident_Reports_ADS (1).csv
30270-9433,1,Waymo LLC,Monthly,11,2024,DEC-2024,,Jaguar,I-Pace,2024,ADS,,Waymo LLC,NOV-2024,18:16,San Francisco,CA,Street,SUV,No Injuries Reported,Yes,raw/SGO/SGO-2021-01_Incident_Reports_ADS (1).csv
30270-9434,1,Waymo LLC,Monthly,11,2024,DEC-2024,,Jaguar,I-Pace,2024,ADS,,Waymo LLC,NOV-2024,15:48,Culver City,CA,Parking Lot,Van,No Injuries Reported,Yes,raw/SGO/SGO-2021-01_Incident_Reports_ADS (1).csv
30270-9435,1,Waymo LLC,Monthly,11,2024,DEC-2024,,Jaguar,I-Pace,2024,ADS,,Waymo LLC,NOV-2024,10:29,Los Angeles,CA,Street,SUV,No Injuries Reported,Yes,raw/SGO/SGO-2021-01_Incident_Reports_ADS (1).csv
30270-9436,1,Waymo LLC,Monthly,11,2024,DEC-2024,,Jaguar,I-Pace,2024,ADS,,Waymo LLC,NOV-2024,12:56,Beverly Hills,CA,Street,SUV,No Injuries Reported,Yes,raw/SGO/SGO-2021-01_Incident_Reports_ADS (1).csv
30270-9437,1,Waymo LLC,Monthly,11,2024,DEC-2024,,Jaguar,I-Pace,2021,ADS,,Waymo LLC,NOV-2024,16:22,San Francisco,CA,Street,SUV,No Injuries Reported,Yes,raw/SGO/SGO-2021-01_Incident_Reports_ADS (1).csv
30270-9442,1,Waymo LLC,Monthly,11,2024,DEC-2024,,Jaguar,I-Pace,2021,ADS,,Waymo LLC,NOV-2024,22:36,Chandler,AZ,Street,"Other, see Narrative",No Injuries Reported,Yes,raw/SGO/SGO-2021-01_Incident_Reports_ADS (1).csv
30270-9454,1,Waymo LLC,1-Day,,,DEC-2024,,Jaguar,I-Pace,2021,ADS,,Waymo LLC,DEC-2024,13:08,San Francisco,CA,Intersection,Heavy Truck,No Injuries Reported,Yes,raw/SGO/SGO-2021-01_Incident_Reports_ADS (1).csv
30270-9454,2,Waymo LLC,10-Day Update,,,DEC-2024,,Jaguar,I-Pace,2021,ADS,,Waymo LLC,DEC-2024,13:08,San Francisco,CA,Intersection,Heavy Truck,No Injuries Reported,Yes,raw/SGO/SGO-2021-01_Incident_Reports_ADS (1).csv
30270-9459,1,Waymo LLC,1-Day,,,DEC-2024,,Jaguar,I-Pace,2024,ADS,,Waymo LLC,DEC-2024,10:28,San Francisco,CA,Intersection,Non-Motorist: Other,Minor,Yes,raw/SGO/SGO-2021-01_Incident_Reports_ADS (1).csv
30270-9459,2,Waymo LLC,10-Day Update,,,DEC-2024,,Jaguar,I-Pace,2024,ADS,,Waymo LLC,DEC-2024,10:28,San Francisco,CA,Intersection,Non-Motorist: Other,Minor,Yes,raw/SGO/SGO-2021-01_Incident_Reports_ADS (1).csv
30270-9476,1,Waymo LLC,1-Day,,,DEC-2024,,Jaguar,I-PACE,2021,ADS,,Waymo LLC,DEC-2024,20:28,Los Angeles,CA,Intersection,Passenger Car,Moderate,Yes,raw/SGO/SGO-2021-01_Incident_Reports_ADS (1).csv
30270-9476,2,Waymo LLC,10-Day Update,,,DEC-2024,,Jaguar,I-PACE,2021,ADS,,Waymo LLC,DEC-2024,20:28,Los Angeles,CA,Intersection,SUV,Moderate,Yes,raw/SGO/SGO-2021-01_Incident_Reports_ADS (1).csv
30270-9486,1,Waymo LLC,5-Day,,,DEC-2024,,JLR,I-PACE,2024,ADS,,Waymo LLC,DEC-2024,12:28,San Francisco,CA,Street,Passenger Car,No Injuries Reported,Yes,raw/SGO/SGO-2021-01_Incident_Reports_ADS (1).csv
30270-9507,1,Waymo LLC,5-Day,,,DEC-2024,,JLR,I-PACE,2024,ADS,,Waymo LLC,DEC-2024,16:07,San Francisco,CA,Street,Pickup Truck,No Injuries Reported,Yes,raw/SGO/SGO-2021-01_Incident_Reports_ADS (1).csv
30270-9508,1,Waymo LLC,5-Day,,,DEC-2024,,JLR,I-PACE,2024,ADS,,Waymo LLC,DEC-2024,07:43,Scottsdale,AZ,Street,SUV,No Injuries Reported,Yes,raw/SGO/SGO-2021-01_Incident_Reports_ADS (1).csv
30270-9517,1,Waymo LLC,5-Day,,,DEC-2024,,Jaguar,I-Pace,2024,ADS,,Waymo LLC,DEC-2024,19:12,Culver City,CA,Street,"Other, see Narrative",No Injuries Reported,Yes,raw/SGO/SGO-2021-01_Incident_Reports_ADS (1).csv
30270-9534,1,Waymo LLC,1-Day,,,JAN-2025,,Jaguar,I-Pace,2024,ADS,,Waymo LLC,DEC-2024,07:24,San Francisco,CA,Street,Passenger Car,No Injuries Reported,Yes,raw/SGO/SGO-2021-01_Incident_Reports_ADS (1).csv
30270-9534,2,Waymo LLC,10-Day Update,,,JAN-2025,,Jaguar,I-Pace,2024,ADS,,Waymo LLC,DEC-2024,07:24,San Francisco,CA,Street,Passenger Car,No Injuries Reported,Yes,raw/SGO/SGO-2021-01_Incident_Reports_ADS (1).csv
30270-9537,1,Waymo LLC,5-Day,,,JAN-2025,,Jaguar,I-Pace,2024,ADS,,Waymo LLC,JAN-2025,22:48,San Francisco,CA,Street,Passenger Car,No Injuries Reported,Yes,raw/SGO/SGO-2021-01_Incident_Reports_ADS (1).csv
30270-9539,1,Waymo LLC,Monthly,12,2024,JAN-2025,,JLR,I-PACE,2024,ADS,,Waymo LLC,DEC-2024,15:32,San Francisco,CA,Street,"Other, see Narrative",No Injuries Reported,Yes,raw/SGO/SGO-2021-01_Incident_Reports_ADS (1).csv
30270-9540,1,Waymo LLC,Monthly,12,2024,JAN-2025,,JLR,I-PACE,2024,ADS,,Waymo LLC,DEC-2024,08:21,San Francisco,CA,Street,Passenger Car,No Injuries Reported,Yes,raw/SGO/SGO-2021-01_Incident_Reports_ADS (1).csv
30270-9541,1,Waymo LLC,Monthly,12,2024,JAN-2025,,JLR,I-PACE,2024,ADS,,Waymo LLC,DEC-2024,15:32,Phoenix,AZ,Street,SUV,Minor,Yes,raw/SGO/SGO-2021-01_Incident_Reports_ADS (1).csv
30270-9544,1,Waymo LLC,Monthly,12,2024,JAN-2025,,JLR,I-PACE,2021,ADS,,Waymo LLC,DEC-2024,18:09,Phoenix,AZ,Street,SUV,No Injuries Reported,Yes,raw/SGO/SGO-2021-01_Incident_Reports_ADS (1).csv
30270-9545,1,Waymo LLC,Monthly,12,2024,JAN-2025,,JLR,I-PACE,2024,ADS,,Waymo LLC,DEC-2024,18:27,San Francisco,CA,Intersection,Passenger Car,No Injuries Reported,Yes,raw/SGO/SGO-2021-01_Incident_Reports_ADS (1).csv
30270-9546,1,Waymo LLC,Monthly,12,2024,JAN-2025,,JLR,I-PACE,2024,ADS,,Waymo LLC,DEC-2024,16:16,San Francisco,CA,Street,Passenger Car,No Injuries Reported,Yes,raw/SGO/SGO-2021-01_Incident_Reports_ADS (1).csv
30270-9552,1,Waymo LLC,5-Day,,,JAN-2025,,Jaguar,I-Pace,2024,ADS,,Waymo LLC,JAN-2025,20:34,Austin,TX,Street,Passenger Car,No Injuries Reported,Yes,raw/SGO/SGO-2021-01_Incident_Reports_ADS (1).csv
30270-9553,1,Waymo LLC,Monthly,12,2024,JAN-2025,,JLR,I-PACE,2021,ADS,,Waymo LLC,DEC-2024,16:56,San Francisco,CA,Street,SUV,No Injuries Reported,Yes,raw/SGO/SGO-2021-01_Incident_Reports_ADS (1).csv
30270-9554,1,Waymo LLC,Monthly,12,2024,JAN-2025,,JLR,I-PACE,2024,ADS,,Waymo LLC,DEC-2024,8:00,Mesa,AZ,Street,SUV,No Injuries Reported,Yes,raw/SGO/SGO-2021-01_Incident_Reports_ADS (1).csv
30270-9555,1,Waymo LLC,Monthly,12,2024,JAN-2025,,JLR,I-PACE,2024,ADS,,Waymo LLC,DEC-2024,09:02,Phoenix,AZ,Street,Passenger Car,No Injuries Reported,Yes,raw/SGO/SGO-2021-01_Incident_Reports_ADS (1).csv
30270-9556,1,Waymo LLC,Monthly,12,2024,JAN-2025,,JLR,I-PACE,2024,ADS,,Waymo LLC,DEC-2024,09:59,Los Angeles,CA,Street,SUV,No Injuries Reported,Yes,raw/SGO/SGO-2021-01_Incident_Reports_ADS (1).csv
30270-9557,1,Waymo LLC,Monthly,12,2024,JAN-2025,,JLR,I-PACE,2024,ADS,,Waymo LLC,DEC-2024,22:28,Los Angeles,CA,Street,Pickup Truck,No Injuries Reported,Yes,raw/SGO/SGO-2021-01_Incident_Reports_ADS (1).csv
30270-9558,1,Waymo LLC,Monthly,12,2024,JAN-2025,,JLR,I-PACE,2021,ADS,,Waymo LLC,DEC-2024,22:16,San Francisco,CA,Street,Passenger Car,No Injuries Reported,Yes,raw/SGO/SGO-2021-01_Incident_Reports_ADS (1).csv
30270-9559,1,Waymo LLC,Monthly,12,2024,JAN-2025,,JLR,I-PACE,2021,ADS,,Waymo LLC,DEC-2024,12:26,Scottsdale,AZ,Parking Lot,Pickup Truck,No Injuries Reported,Yes,raw/SGO/SGO-2021-01_Incident_Reports_ADS (1).csv
30270-9560,1,Waymo LLC,Monthly,12,2024,JAN-2025,,JLR,I-PACE,2024,ADS,,Waymo LLC,DEC-2024,18:59,Los Angeles,CA,Intersection,"Other, see Narrative",No Injuries Reported,Yes,raw/SGO/SGO-2021-01_Incident_Reports_ADS (1).csv
30270-9561,1,Waymo LLC,Monthly,12,2024,JAN-2025,,JLR,I-PACE,2024,ADS,,Waymo LLC,DEC-2024,12:58,Los Angeles,CA,Parking Lot,Other Fixed Object,No Injuries Reported,Yes,raw/SGO/SGO-2021-01_Incident_Reports_ADS (1).csv
30270-9563,1,Waymo LLC,Monthly,12,2024,JAN-2025,,JLR,I-PACE,2024,ADS,,Waymo LLC,DEC-2024,12:07,Los Angeles,CA,Street,SUV,No Injuries Reported,Yes,raw/SGO/SGO-2021-01_Incident_Reports_ADS (1).csv
30270-9564,1,Waymo LLC,Monthly,12,2024,JAN-2025,,JLR,I-PACE,2024,ADS,,Waymo LLC,DEC-2024,13:18,San Francisco,CA,Street,SUV,No Injuries Reported,Yes,raw/SGO/SGO-2021-01_Incident_Reports_ADS (1).csv
30270-9565,1,Waymo LLC,5-Day,,,JAN-2025,,JLR,I-PACE,2024,ADS,,Waymo LLC,JAN-2025,08:09,Culver City,CA,Street,Heavy Truck,No Injuries Reported,Yes,raw/SGO/SGO-2021-01_Incident_Reports_ADS (1).csv
30270-9566,1,Waymo LLC,Monthly,12,2024,JAN-2025,,JLR,I-PACE,2024,ADS,,Waymo LLC,DEC-2024,00:56,San Francisco,CA,Street,Other Fixed Object,No Injuries Reported,Yes,raw/SGO/SGO-2021-01_Incident_Reports_ADS (1).csv
30270-9567,1,Waymo LLC,Monthly,12,2024,JAN-2025,,JLR,I-PACE,2021,ADS,,Waymo LLC,DEC-2024,00:29,Phoenix,AZ,Street,Passenger Car,No Injuries Reported,Yes,raw/SGO/SGO-2021-01_Incident_Reports_ADS (1).csv
30270-9568,1,Waymo LLC,Monthly,12,2024,JAN-2025,,JLR,I-PACE,2024,ADS,,Waymo LLC,DEC-2024,16:04,San Francisco,CA,Street,Passenger Car,No Injuries Reported,Yes,raw/SGO/SGO-2021-01_Incident_Reports_ADS (1).csv
30270-9569,1,Waymo LLC,Monthly,12,2024,JAN-2025,,JLR,I-PACE,2024,ADS,,Waymo LLC,DEC-2024,21:50,Phoenix,AZ,Street,Animal,No Injuries Reported,Yes,raw/SGO/SGO-2021-01_Incident_Reports_ADS (1).csv
30270-9570,1,Waymo LLC,Monthly,12,2024,JAN-2025,,JLR,I-PACE,2024,ADS,,Waymo LLC,DEC-2024,07:53,San Francisco,CA,Street,SUV,No Injuries Reported,Yes,raw/SGO/SGO-2021-01_Incident_Reports_ADS (1).csv
30270-9571,1,Waymo LLC,Monthly,12,2024,JAN-2025,,JLR,I-PACE,2021,ADS,,Waymo LLC,DEC-2024,22:22,Phoenix,AZ,Street,Passenger Car,No Injuries Reported,Yes,raw/SGO/SGO-2021-01_Incident_Reports_ADS (1).csv
30270-9572,1,Waymo LLC,Monthly,12,2024,JAN-2025,,JLR,I-PACE,2024,ADS,,Waymo LLC,DEC-2024,20:44,San Francisco,CA,Street,Passenger Car,No Injuries Reported,Yes,raw/SGO/SGO-2021-01_Incident_Reports_ADS (1).csv
30270-9573,1,Waymo LLC,Monthly,12,2024,JAN-2025,,JLR,I-PACE,2024,ADS,,Waymo LLC,DEC-2024,11:11,Austin,TX,Street,Van,No Injuries Reported,Yes,raw/SGO/SGO-2021-01_Incident_Reports_ADS (1).csv
30270-9574,1,Waymo LLC,Monthly,12,2024,JAN-2025,,JLR,I-PACE,2024,ADS,,Waymo LLC,DEC-2024,09:39,Santa Monica,CA,Street,SUV,No Injuries Reported,Yes,raw/SGO/SGO-2021-01_Incident_Reports_ADS (1).csv
30270-9575,1,Waymo LLC,Monthly,12,2024,JAN-2025,,JLR,I-PACE,2021,ADS,,Waymo LLC,DEC-2024,09:53,San Francisco,CA,Intersection,Heavy Truck,No Injuries Reported,Yes,raw/SGO/SGO-2021-01_Incident_Reports_ADS (1).csv
30270-9579,1,Waymo LLC,Monthly,12,2024,JAN-2025,,JLR,I-PACE,2021,ADS,,Waymo LLC,DEC-2024,12:03,San Francisco,CA,Street,Bus,No Injuries Reported,Yes,raw/SGO/SGO-2021-01_Incident_Reports_ADS (1).csv
30270-9580,1,Waymo LLC,Monthly,12,2024,JAN-2025,,JLR,I-PACE,2021,ADS,,Waymo LLC,DEC-2024,01:58,San Francisco,CA,Intersection,Heavy Truck,No Injuries Reported,Yes,raw/SGO/SGO-2021-01_Incident_Reports_ADS (1).csv
30270-9582,1,Waymo LLC,Monthly,12,2024,JAN-2025,,JLR,I-PACE,2021,ADS,,Waymo LLC,DEC-2024,13:06,San Francisco,CA,Street,Heavy Truck,No Injuries Reported,Yes,raw/SGO/SGO-2021-01_Incident_Reports_ADS (1).csv
30270-9583,1,Waymo LLC,Monthly,12,2024,JAN-2025,,JLR,I-PACE,2024,ADS,,Waymo LLC,DEC-2024,08:19,San Francisco,CA,Street,Passenger Car,Minor,Yes,raw/SGO/SGO-2021-01_Incident_Reports_ADS (1).csv
30270-9584,1,Waymo LLC,Monthly,12,2024,JAN-2025,,JLR,I-PACE,2024,ADS,,Waymo LLC,DEC-2024,08:32,Los Angeles,CA,Street,Pickup Truck,No Injuries Reported,Yes,raw/SGO/SGO-2021-01_Incident_Reports_ADS (1).csv
30270-9585,1,Waymo LLC,Monthly,12,2024,JAN-2025,,JLR,I-PACE,2024,ADS,,Waymo LLC,DEC-2024,12:59,Austin,TX,Parking Lot,Heavy Truck,No Injuries Reported,Yes,raw/SGO/SGO-2021-01_Incident_Reports_ADS (1).csv
30270-9586,1,Waymo LLC,Monthly,12,2024,JAN-2025,,JLR,I-PACE,2024,ADS,,Waymo LLC,DEC-2024,07:10,San Francisco,CA,Street,Heavy Truck,No Injuries Reported,Yes,raw/SGO/SGO-2021-01_Incident_Reports_ADS (1).csv
30270-9587,1,Waymo LLC,Monthly,12,2024,JAN-2025,,JLR,I-PACE,2021,ADS,,Waymo LLC,DEC-2024,17:19,San Francisco,CA,Street,Pickup Truck,No Injuries Reported,Yes,raw/SGO/SGO-2021-01_Incident_Reports_ADS (1).csv
30270-9588,1,Waymo LLC,Monthly,12,2024,JAN-2025,,JLR,I-PACE,2024,ADS,,Waymo LLC,DEC-2024,16:42,Los Angeles,CA,Street,SUV,No Injuries Reported,Yes,raw/SGO/SGO-2021-01_Incident_Reports_ADS (1).csv
30270-9589,1,Waymo LLC,Monthly,12,2024,JAN-2025,,JLR,I-PACE,2024,ADS,,Waymo LLC,DEC-2024,02:30,Los Angeles,CA,Intersection,SUV,No Injuries Reported,Yes,raw/SGO/SGO-2021-01_Incident_Reports_ADS (1).csv
30270-9590,1,Waymo LLC,Monthly,12,2024,JAN-2025,,JLR,I-PACE,2024,ADS,,Waymo LLC,DEC-2024,01:31,San Francisco,CA,Intersection,SUV,No Injuries Reported,Yes,raw/SGO/SGO-2021-01_Incident_Reports_ADS (1).csv
30270-9591,1,Waymo LLC,Monthly,12,2024,JAN-2025,,JLR,I-PACE,2021,ADS,,Waymo LLC,DEC-2024,23:25,Phoenix,AZ,Street,SUV,No Injuries Reported,Yes,raw/SGO/SGO-2021-01_Incident_Reports_ADS (1).csv
30270-9592,1,Waymo LLC,Monthly,12,2024,JAN-2025,,JLR,I-PACE,2024,ADS,,Waymo LLC,DEC-2024,16:02,San Francisco,CA,Street,Passenger Car,No Injuries Reported,Yes,raw/SGO/SGO-2021-01_Incident_Reports_ADS (1).csv
30270-9593,1,Waymo LLC,Monthly,12,2024,JAN-2025,,JLR,I-PACE,2024,ADS,,Waymo LLC,DEC-2024,15:31,Austin,TX,Street,SUV,No Injuries Reported,Yes,raw/SGO/SGO-2021-01_Incident_Reports_ADS (1).csv
30270-9594,1,Waymo LLC,Monthly,12,2024,JAN-2025,,JLR,I-PACE,2024,ADS,,Waymo LLC,DEC-2024,00:53,Los Angeles,CA,Street,SUV,No Injuries Reported,Yes,raw/SGO/SGO-2021-01_Incident_Reports_ADS (1).csv
30270-9595,1,Waymo LLC,Monthly,12,2024,JAN-2025,,JLR,I-PACE,2024,ADS,,Waymo LLC,DEC-2024,09:11,San Francisco,CA,Street,Pickup Truck,No Injuries Reported,Yes,raw/SGO/SGO-2021-01_Incident_Reports_ADS (1).csv
30270-9596,1,Waymo LLC,Monthly,12,2024,JAN-2025,,JLR,I-PACE,2024,ADS,,Waymo LLC,DEC-2024,11:37,Phoenix,AZ,Parking Lot,Passenger Car,No Injuries Reported,Yes,raw/SGO/SGO-2021-01_Incident_Reports_ADS (1).csv
30270-9597,1,Waymo LLC,Monthly,12,2024,JAN-2025,,JLR,I-PACE,2024,ADS,,Waymo LLC,DEC-2024,17:48,Atlanta,GA,Street,"Other, see Narrative",Moderate,Yes,raw/SGO/SGO-2021-01_Incident_Reports_ADS (1).csv
30270-9598,1,Waymo LLC,Monthly,12,2024,JAN-2025,,JLR,I-PACE,2024,ADS,,Waymo LLC,DEC-2024,12:28,Phoenix,AZ,Intersection,"Other, see Narrative",No Injuries Reported,Yes,raw/SGO/SGO-2021-01_Incident_Reports_ADS (1).csv
30270-9599,1,Waymo LLC,Monthly,12,2024,JAN-2025,,JLR,I-PACE,2024,ADS,,Waymo LLC,DEC-2024,22:09,Tempe,AZ,Parking Lot,Pickup Truck,No Injuries Reported,Yes,raw/SGO/SGO-2021-01_Incident_Reports_ADS (1).csv
30270-9600,1,Waymo LLC,Monthly,12,2024,JAN-2025,,JLR,I-PACE,2024,ADS,,Waymo LLC,DEC-2024,13:44,Beverly Hills,CA,Street,SUV,No Injuries Reported,Yes,raw/SGO/SGO-2021-01_Incident_Reports_ADS (1).csv
30270-9601,1,Waymo LLC,Monthly,12,2024,JAN-2025,,JLR,I-PACE,2024,ADS,,Waymo LLC,DEC-2024,11:51,San Francisco,CA,Intersection,Passenger Car,No Injuries Reported,Yes,raw/SGO/SGO-2021-01_Incident_Reports_ADS (1).csv
30270-9602,1,Waymo LLC,Monthly,12,2024,JAN-2025,,JLR,I-PACE,2024,ADS,,Waymo LLC,DEC-2024,18:58,San Francisco,CA,Street,Passenger Car,No Injuries Reported,Yes,raw/SGO/SGO-2021-01_Incident_Reports_ADS (1).csv
30270-9603,1,Waymo LLC,Monthly,12,2024,JAN-2025,,JLR,I-PACE,2024,ADS,,Waymo LLC,DEC-2024,12:16,Los Angeles,CA,Intersection,Passenger Car,No Injuries Reported,Yes,raw/SGO/SGO-2021-01_Incident_Reports_ADS (1).csv
30270-9604,1,Waymo LLC,Monthly,12,2024,JAN-2025,,JLR,I-PACE,2024,ADS,,Waymo LLC,DEC-2024,03:55,Los Angeles,CA,Parking Lot,"Other, see Narrative",No Injuries Reported,Yes,raw/SGO/SGO-2021-01_Incident_Reports_ADS (1).csv
30270-9606,1,Waymo LLC,5-Day,,,JAN-2025,,JLR,I-PACE,2024,ADS,,Waymo LLC,JAN-2025,09:21,San Francisco,CA,Street,Heavy Truck,No Injuries Reported,Yes,raw/SGO/SGO-2021-01_Incident_Reports_ADS (1).csv
30270-9609,1,Waymo LLC,Monthly,12,2024,JAN-2025,,JLR,I-PACE,2024,ADS,,Waymo LLC,DEC-2024,21:14,Tempe,AZ,Parking Lot,SUV,No Injuries Reported,Yes,raw/SGO/SGO-2021-01_Incident_Reports_ADS (1).csv
30270-9631,1,Waymo LLC,1-Day,,,JAN-2025,,Jaguar,I-Pace,2024,ADS,,Waymo LLC,JAN-2025,14:55,Phoenix,AZ,Intersection,Passenger Car,Minor,Yes,raw/SGO/SGO-2021-01_Incident_Reports_ADS (1).csv
30270-9631,2,Waymo LLC,10-Day Update,,,JAN-2025,,Jaguar,I-Pace,2024,ADS,,Waymo LLC,JAN-2025,14:55,Phoenix,AZ,Intersection,Passenger Car,Minor,Yes,raw/SGO/SGO-2021-01_Incident_Reports_ADS (1).csv
30270-9634,1,Waymo LLC,5-Day,,,JAN-2025,,JLR,I-PACE,2024,ADS,,Waymo LLC,JAN-2025,16:04,Phoenix,AZ,Intersection,Passenger Car,Moderate,Yes,raw/SGO/SGO-2021-01_Incident_Reports_ADS (1).csv
30270-9635,1,Waymo LLC,5-Day,,,JAN-2025,,Jaguar,I-PACE,2024,ADS,,Waymo LLC,JAN-2025,08:17,San Francisco,CA,Street,Passenger Car,No Injuries Reported,Yes,raw/SGO/SGO-2021-01_Incident_Reports_ADS (1).csv
30270-9654,1,Waymo LLC,1-Day,,,JAN-2025,,Jaguar,I-Pace,2021,ADS,,Waymo LLC,JAN-2025,15:32,San Francisco,CA,Intersection,Non-Motorist: Cyclist,No Injuries Reported,Yes,raw/SGO/SGO-2021-01_Incident_Reports_ADS (1).csv
30270-9654,2,Waymo LLC,10-Day Update,,,JAN-2025,,Jaguar,I-Pace,2021,ADS,,Waymo LLC,JAN-2025,15:32,San Francisco,CA,Intersection,Non-Motorist: Cyclist,No Injuries Reported,Yes,raw/SGO/SGO-2021-01_Incident_Reports_ADS (1).csv
30270-9682,1,Waymo LLC,1-Day,,,JAN-2025,,Jaguar,I-Pace,2024,ADS,,Waymo LLC,DEC-2024,16:40,San Francisco,CA,Street,Passenger Car,No Injuries Reported,Yes,raw/SGO/SGO-2021-01_Incident_Reports_ADS (1).csv
30270-9682,2,Waymo LLC,10-Day Update,,,JAN-2025,,Jaguar,I-Pace,2024,ADS,,Waymo LLC,DEC-2024,16:40,San Francisco,CA,Street,Passenger Car,No Injuries Reported,Yes,raw/SGO/SGO-2021-01_Incident_Reports_ADS (1).csv
30270-9684,1,Waymo LLC,Monthly,12,2024,JAN-2025,,Jaguar,I-Pace,2024,ADS,,Waymo LLC,NOV-2024,01:27,Scottsdale,AZ,Street,SUV,No Injuries Reported,Yes,raw/SGO/SGO-2021-01_Incident_Reports_ADS (1).csv
30270-9721,1,Waymo LLC,5-Day,,,JAN-2025,,Jaguar,I-Pace,2024,ADS,,Waymo LLC,JAN-2025,13:12,San Francisco,CA,Intersection,SUV,No Injuries Reported,Yes,raw/SGO/SGO-2021-01_Incident_Reports_ADS (1).csv
30270-9724,1,Waymo LLC,1-Day,,,JAN-2025,,Jaguar,I-Pace,2024,ADS,,Waymo LLC,JAN-2025,18:07,San Francisco,CA,Street,Passenger Car,Fatality,Yes,raw/SGO/SGO-2021-01_Incident_Reports_ADS (1).csv
30270-9724,2,Waymo LLC,10-Day Update,,,JAN-2025,,Jaguar,I-Pace,2024,ADS,,Waymo LLC,JAN-2025,18:07,San Francisco,CA,Street,Passenger Car,Fatality,Yes,raw/SGO/SGO-2021-01_Incident_Reports_ADS (1).csv
30270-9735,1,Waymo LLC,5-Day,,,JAN-2025,,Jaguar,I-Pace,2021,ADS,,Waymo LLC,JAN-2025,06:42,San Francisco,CA,Street,Passenger Car,No Injuries Reported,Yes,raw/SGO/SGO-2021-01_Incident_Reports_ADS (1).csv
30270-9736,1,Waymo LLC,5-Day,,,JAN-2025,,Jaguar,I-Pace,2024,ADS,,Waymo LLC,JAN-2025,22:39,Scottsdale,AZ,Intersection,Passenger Car,No Injuries Reported,Yes,raw/SGO/SGO-2021-01_Incident_Reports_ADS (1).csv
30270-9737,1,Waymo LLC,5-Day,,,JAN-2025,,Jaguar,I-Pace,2024,ADS,,Waymo LLC,JAN-2025,03:59,Los Angeles,CA,Street,Passenger Car,No Injuries Reported,Yes,raw/SGO/SGO-2021-01_Incident_Reports_ADS (1).csv
30270-9738,1,Waymo LLC,5-Day,,,JAN-2025,,Jaguar,I-Pace,2024,ADS,,Waymo LLC,JAN-2025,02:12,San Francisco,CA,Street,Passenger Car,No Injuries Reported,Yes,raw/SGO/SGO-2021-01_Incident_Reports_ADS (1).csv
30270-9761,1,Waymo LLC,1-Day,,,JAN-2025,,Jaguar,I-Pace,2024,ADS,,Waymo LLC,JAN-2025,14:02,Mesa,AZ,Intersection,Motorcycle,Minor,Yes,raw/SGO/SGO-2021-01_Incident_Reports_ADS (1).csv
30270-9761,2,Waymo LLC,10-Day Update,,,FEB-2025,,Jaguar,I-Pace,2024,ADS,,Waymo LLC,JAN-2025,14:02,Mesa,AZ,Intersection,Motorcycle,Minor,Yes,raw/SGO/SGO-2021-01_Incident_Reports_ADS (1).csv
30270-9763,1,Waymo LLC,5-Day,,,JAN-2025,,Jaguar,I-PACE,2024,ADS,,Waymo LLC,JAN-2025,22:48,Los Angeles,CA,Parking Lot,"Other, see Narrative",No Injuries Reported,Yes,raw/SGO/SGO-2021-01_Incident_Reports_ADS (1).csv
30270-9764,1,Waymo LLC,5-Day,,,JAN-2025,,Jaguar,I-PACE,2021,ADS,,Waymo LLC,JAN-2025,02:22,San Francisco,CA,Street,SUV,No Injuries Reported,Yes,raw/SGO/SGO-2021-01_Incident_Reports_ADS (1).csv
30270-9765,1,Waymo LLC,5-Day,,,JAN-2025,,Jaguar,I-PACE,2024,ADS,,Waymo LLC,JAN-2025,18:53,Los Angeles,CA,Street,Passenger Car,No Injuries Reported,Yes,raw/SGO/SGO-2021-01_Incident_Reports_ADS (1).csv
30270-9767,1,Waymo LLC,5-Day,,,JAN-2025,,Jaguar,I-PACE,2024,ADS,,Waymo LLC,JAN-2025,23:28,Los Angeles,CA,Street,Passenger Car,No Injuries Reported,Yes,raw/SGO/SGO-2021-01_Incident_Reports_ADS (1).csv
30270-9789,1,Waymo LLC,1-Day,,,FEB-2025,,Jaguar,I-PACE,2024,ADS,,Waymo LLC,FEB-2025,13:25,San Francisco,CA,Intersection,Passenger Car,Minor,Yes,raw/SGO/SGO-2021-01_Incident_Reports_ADS (1).csv
30270-9789,2,Waymo LLC,10-Day Update,,,FEB-2025,,Jaguar,I-PACE,2024,ADS,,Waymo LLC,FEB-2025,13:25,San Francisco,CA,Intersection,Passenger Car,Minor,Yes,raw/SGO/SGO-2021-01_Incident_Reports_ADS (1).csv
30270-9791,1,Waymo LLC,5-Day,,,FEB-2025,,Jaguar,I-PACE,2024,ADS,,Waymo LLC,JAN-2025,09:53,San Francisco,CA,Street,Passenger Car,No Injuries Reported,Yes,raw/SGO/SGO-2021-01_Incident_Reports_ADS (1).csv
30270-9806,1,Waymo LLC,5-Day,,,FEB-2025,,Jaquar,I-PACE,2024,ADS,,Waymo LLC,JAN-2025,18:42,San Francisco,CA,Street,"Other, see Narrative",No Injuries Reported,Yes,raw/SGO/SGO-2021-01_Incident_Reports_ADS (1).csv
30270-9807,1,Waymo LLC,5-Day,,,FEB-2025,,Jaguar,I-PACE,2021,ADS,,Waymo LLC,JAN-2025,14:48,San Francisco,CA,Street,Passenger Car,No Injuries Reported,Yes,raw/SGO/SGO-2021-01_Incident_Reports_ADS (1).csv
30270-9807,2,Waymo LLC,Update,,,FEB-2025,,Jaguar,I-PACE,2021,ADS,,Waymo LLC,JAN-2025,14:48,San Francisco,CA,Street,Passenger Car,Minor,Yes,raw/SGO/SGO-2021-01_Incident_Reports_ADS (1).csv
30270-9808,1,Waymo LLC,5-Day,,,FEB-2025,,Jaguar,I-PACE,2024,ADS,,Waymo LLC,JAN-2025,15:22,San Francisco,CA,Intersection,"Other, see Narrative",No Injuries Reported,Yes,raw/SGO/SGO-2021-01_Incident_Reports_ADS (1).csv
30270-9809,1,Waymo LLC,5-Day,,,FEB-2025,,Jaguar,I-Pace,2021,ADS,,Waymo LLC,FEB-2025,02:32,Scottsdale,AZ,Street,Passenger Car,No Injuries Reported,Yes,raw/SGO/SGO-2021-01_Incident_Reports_ADS (1).csv
30270-9821,1,Waymo LLC,Monthly,1,2025,FEB-2025,,Jaguar,I-PACE,2024,ADS,,Waymo LLC,JAN-2025,10:03,San Francisco,CA,Street,SUV,No Injuries Reported,Yes,raw/SGO/SGO-2021-01_Incident_Reports_ADS (1).csv
30270-9822,1,Waymo LLC,Monthly,1,2025,FEB-2025,,Jaguar,I-PACE,2024,ADS,,Waymo LLC,JAN-2025,16:53,Tempe,AZ,Street,Animal,No Injuries Reported,Yes,raw/SGO/SGO-2021-01_Incident_Reports_ADS (1).csv
30270-9823,1,Waymo LLC,Monthly,1,2025,FEB-2025,,Jaguar,I-PACE,2024,ADS,,Waymo LLC,JAN-2025,12:38,Tempe,AZ,Intersection,"Other, see Narrative",No Injuries Reported,Yes,raw/SGO/SGO-2021-01_Incident_Reports_ADS (1).csv
30270-9824,1,Waymo LLC,Monthly,1,2025,FEB-2025,,Jaguar,I-PACE,2024,ADS,,Waymo LLC,JAN-2025,17:21,San Francisco,CA,Street,SUV,No Injuries Reported,Yes,raw/SGO/SGO-2021-01_Incident_Reports_ADS (1).csv
30270-9826,1,Waymo LLC,5-Day,,,FEB-2025,,Jaguar,I-Pace,2024,ADS,,Waymo LLC,FEB-2025,21:17,Los Angeles,CA,Street,SUV,No Injuries Reported,Yes,raw/SGO/SGO-2021-01_Incident_Reports_ADS (1).csv
30270-9828,1,Waymo LLC,5-Day,,,FEB-2025,,Jaguar,I-Pace,2024,ADS,,Waymo LLC,FEB-2025,01:32,Brisbane,CA,Street,"Other, see Narrative",No Injuries Reported,Yes,raw/SGO/SGO-2021-01_Incident_Reports_ADS (1).csv
30270-9843,1,Waymo LLC,Monthly,1,2025,FEB-2025,,Jaguar,I-PACE,2024,ADS,,Waymo LLC,JAN-2025,02:20,Austin,TX,Intersection,SUV,No Injuries Reported,Yes,raw/SGO/SGO-2021-01_Incident_Reports_ADS (1).csv
30270-9845,1,Waymo LLC,Monthly,1,2025,FEB-2025,,Jaguar,I-PACE,2024,ADS,,Waymo LLC,JAN-2025,09:01,Scottsdale,AZ,Street,Passenger Car,No Injuries Reported,Yes,raw/SGO/SGO-2021-01_Incident_Reports_ADS (1).csv
30270-9848,1,Waymo LLC,Monthly,1,2025,FEB-2025,,Jaguar,I-PACE,2024,ADS,,Waymo LLC,JAN-2025,15:47,Phoenix,AZ,Street,"Other, see Narrative",No Injuries Reported,Yes,raw/SGO/SGO-2021-01_Incident_Reports_ADS (1).csv
30270-9850,1,Waymo LLC,Monthly,1,2025,FEB-2025,,Jaguar,I-PACE,2024,ADS,,Waymo LLC,JAN-2025,13:53,San Francisco,CA,Street,Van,No Injuries Reported,Yes,raw/SGO/SGO-2021-01_Incident_Reports_ADS (1).csv
30270-9851,1,Waymo LLC,Monthly,1,2025,FEB-2025,,Jaguar,I-PACE,2024,ADS,,Waymo LLC,JAN-2025,01:51,Los Angeles,CA,Intersection,Passenger Car,No Injuries Reported,Yes,raw/SGO/SGO-2021-01_Incident_Reports_ADS (1).csv
30270-9852,1,Waymo LLC,Monthly,1,2025,FEB-2025,,Jaguar,I-PACE,2024,ADS,,Waymo LLC,JAN-2025,17:57,Los Angeles,CA,Street,Passenger Car,Minor,Yes,raw/SGO/SGO-2021-01_Incident_Reports_ADS (1).csv
30270-9853,1,Waymo LLC,Monthly,1,2025,FEB-2025,,Jaguar,I-PACE,2024,ADS,,Waymo LLC,JAN-2025,19:10,San Francisco,CA,Street,Passenger Car,No Injuries Reported,Yes,raw/SGO/SGO-2021-01_Incident_Reports_ADS (1).csv
30270-9854,1,Waymo LLC,Monthly,1,2025,FEB-2025,,Jaguar,I-PACE,2024,ADS,,Waymo LLC,JAN-2025,18:21,San Francisco,CA,Street,Passenger Car,No Injuries Reported,Yes,raw/SGO/SGO-2021-01_Incident_Reports_ADS (1).csv
30270-9855,1,Waymo LLC,Monthly,1,2025,FEB-2025,,Jaguar,I-PACE,2024,ADS,,Waymo LLC,JAN-2025,02:21,Scottsdale,AZ,Traffic Circle,SUV,No Injuries Reported,Yes,raw/SGO/SGO-2021-01_Incident_Reports_ADS (1).csv
30270-9860,1,Waymo LLC,1-Day,,,FEB-2025,,Jaguar,I-Pace,2024,ADS,,Waymo LLC,FEB-2025,21:56,Los Angeles,CA,Street,SUV,Unknown,Yes,raw/SGO/SGO-2021-01_Incident_Reports_ADS (1).csv
30270-9860,2,Waymo LLC,10-Day Update,,,FEB-2025,,Jaguar,I-Pace,2024,ADS,,Waymo LLC,FEB-2025,21:56,Los Angeles,CA,Street,SUV,Moderate,Yes,raw/SGO/SGO-2021-01_Incident_Reports_ADS (1).csv
30270-9867,1,Waymo LLC,Monthly,1,2025,FEB-2025,,Jaguar,I-PACE,2021,ADS,,Waymo LLC,JAN-2025,13:17,Phoenix,AZ,Parking Lot,Pickup Truck,No Injuries Reported,Yes,raw/SGO/SGO-2021-01_Incident_Reports_ADS (1).csv
30270-9868,1,Waymo LLC,Monthly,1,2025,FEB-2025,,Jaguar,I-PACE,2024,ADS,,Waymo LLC,JAN-2025,13:51,Austin,TX,Parking Lot,Heavy Truck,No Injuries Reported,Yes,raw/SGO/SGO-2021-01_Incident_Reports_ADS (1).csv
30270-9872,1,Waymo LLC,Monthly,1,2025,FEB-2025,,Jaguar,I-PACE,2024,ADS,,Waymo LLC,JAN-2025,08:45,San Francisco,CA,Street,Passenger Car,No Injuries Reported,Yes,raw/SGO/SGO-2021-01_Incident_Reports_ADS (1).csv
30270-9873,1,Waymo LLC,Monthly,1,2025,FEB-2025,,Jaguar,I-PACE,2021,ADS,,Waymo LLC,JAN-2025,15:46,San Francisco,CA,Street,Other Fixed Object,No Injuries Reported,Yes,raw/SGO/SGO-2021-01_Incident_Reports_ADS (1).csv
30270-9874,1,Waymo LLC,Monthly,1,2025,FEB-2025,,Jaguar,I-PACE,2024,ADS,,Waymo LLC,JAN-2025,17:08,San Francisco,CA,Street,Pickup Truck,No Injuries Reported,Yes,raw/SGO/SGO-2021-01_Incident_Reports_ADS (1).csv
30270-9875,1,Waymo LLC,Monthly,1,2025,FEB-2025,,Jaguar,I-PACE,2024,ADS,,Waymo LLC,JAN-2025,15:26,San Francisco,CA,Intersection,SUV,No Injuries Reported,Yes,raw/SGO/SGO-2021-01_Incident_Reports_ADS (1).csv
30270-9876,1,Waymo LLC,5-Day,,,FEB-2025,,Jaguar,I-PACE,2024,ADS,,Waymo LLC,FEB-2025,00:13,San Francisco,CA,Street,SUV,Minor,Yes,raw/SGO/SGO-2021-01_Incident_Reports_ADS (1).csv
30270-9876,2,Waymo LLC,Update,,,FEB-2025,,Jaguar,I-PACE,2024,ADS,,Waymo LLC,FEB-2025,00:13,San Francisco,CA,Street,SUV,Minor,Yes,raw/SGO/SGO-2021-01_Incident_Reports_ADS (1).csv
30270-9878,1,Waymo LLC,Monthly,1,2025,FEB-2025,,Jaguar,I-PACE,2024,ADS,,Waymo LLC,JAN-2025,08:00,San Francisco,CA,Street,Pickup Truck,No Injuries Reported,Yes,raw/SGO/SGO-2021-01_Incident_Reports_ADS (1).csv
30270-9879,1,Waymo LLC,Monthly,1,2025,FEB-2025,,Jaguar,I-PACE,2024,ADS,,Waymo LLC,JAN-2025,13:43,Mesa,AZ,Street,Passenger Car,No Injuries Reported,Yes,raw/SGO/SGO-2021-01_Incident_Reports_ADS (1).csv
30270-9880,1,Waymo LLC,Monthly,1,2025,FEB-2025,,Jaguar,I-PACE,2024,ADS,,Waymo LLC,JAN-2025,15:57,San Francisco,CA,Intersection,Pickup Truck,No Injuries Reported,Yes,raw/SGO/SGO-2021-01_Incident_Reports_ADS (1).csv
30270-9881,1,Waymo LLC,Monthly,1,2025,FEB-2025,,Jaguar,I-PACE,2021,ADS,,Waymo LLC,JAN-2025,18:41,Phoenix,AZ,Street,Pickup Truck,No Injuries Reported,Yes,raw/SGO/SGO-2021-01_Incident_Reports_ADS (1).csv
30270-9883,1,Waymo LLC,Monthly,1,2025,FEB-2025,,Jaguar,I-PACE,2024,ADS,,Waymo LLC,JAN-2025,07:56,Phoenix,AZ,Intersection,Passenger Car,No Injuries Reported,Yes,raw/SGO/SGO-2021-01_Incident_Reports_ADS (1).csv
30270-9884,1,Waymo LLC,Monthly,1,2025,FEB-2025,,Jaguar,I-PACE,2024,ADS,,Waymo LLC,JAN-2025,17:57,San Francisco,CA,Street,Passenger Car,No Injuries Reported,Yes,raw/SGO/SGO-2021-01_Incident_Reports_ADS (1).csv
30270-9885,1,Waymo LLC,Monthly,1,2025,FEB-2025,,Jaguar,I-PACE,2024,ADS,,Waymo LLC,JAN-2025,11:36,San Francisco,CA,Intersection,SUV,No Injuries Reported,Yes,raw/SGO/SGO-2021-01_Incident_Reports_ADS (1).csv
30270-9886,1,Waymo LLC,Monthly,1,2025,FEB-2025,,Jaguar,I-PACE,2021,ADS,,Waymo LLC,JAN-2025,21:33,Los Angeles,CA,Street,"Other, see Narrative",No Injuries Reported,Yes,raw/SGO/SGO-2021-01_Incident_Reports_ADS (1).csv
30270-9887,1,Waymo LLC,Monthly,1,2025,FEB-2025,,Jaguar,I-PACE,2024,ADS,,Waymo LLC,JAN-2025,12:37,San Francisco,CA,Intersection,Pickup Truck,No Injuries Reported,Yes,raw/SGO/SGO-2021-01_Incident_Reports_ADS (1).csv
30270-9893,1,Waymo LLC,Monthly,1,2025,FEB-2025,,Jaguar,I-PACE,2021,ADS,,Waymo LLC,JAN-2025,04:37,Tempe,AZ,Highway / Freeway,"Other, see Narrative",No Injuries Reported,Yes,raw/SGO/SGO-2021-01_Incident_Reports_ADS (1).csv
30270-9894,1,Waymo LLC,Monthly,1,2025,FEB-2025,,Jaguar,I-PACE,2024,ADS,,Waymo LLC,JAN-2025,19:05,Phoenix,AZ,Street,Passenger Car,No Injuries Reported,Yes,raw/SGO/SGO-2021-01_Incident_Reports_ADS (1).csv
30270-9895,1,Waymo LLC,Monthly,1,2025,FEB-2025,,Jaguar,I-PACE,2024,ADS,,Waymo LLC,JAN-2025,11:20,San Francisco,CA,Street,Heavy Truck,No Injuries Reported,Yes,raw/SGO/SGO-2021-01_Incident_Reports_ADS (1).csv
30270-9897,1,Waymo LLC,Monthly,1,2025,FEB-2025,,Jaguar,I-PACE,2024,ADS,,Waymo LLC,JAN-2025,09:17,San Francisco,CA,Street,Passenger Car,No Injuries Reported,Yes,raw/SGO/SGO-2021-01_Incident_Reports_ADS (1).csv
30270-9898,1,Waymo LLC,Monthly,1,2025,FEB-2025,,Jaguar,I-PACE,2024,ADS,,Waymo LLC,JAN-2025,13:15,San Francisco,CA,Street,SUV,No Injuries Reported,Yes,raw/SGO/SGO-2021-01_Incident_Reports_ADS (1).csv
30270-9900,1,Waymo LLC,Monthly,1,2025,FEB-2025,,Jaguar,I-PACE,2024,ADS,,Waymo LLC,JAN-2025,16:52,San Francisco,CA,Intersection,SUV,No Injuries Reported,Yes,raw/SGO/SGO-2021-01_Incident_Reports_ADS (1).csv
30270-9904,1,Waymo LLC,Monthly,1,2025,FEB-2025,,Jaguar,I-PACE,2021,ADS,,Waymo LLC,JAN-2025,22:16,Phoenix,AZ,Parking Lot,Passenger Car,No Injuries Reported,Yes,raw/SGO/SGO-2021-01_Incident_Reports_ADS (1).csv
30270-9905,1,Waymo LLC,Monthly,1,2025,FEB-2025,,Jaguar,I-PACE,2024,ADS,,Waymo LLC,JAN-2025,07:24,Phoenix,AZ,Street,Passenger Car,No Injuries Reported,Yes,raw/SGO/SGO-2021-01_Incident_Reports_ADS (1).csv
30270-9906,1,Waymo LLC,Monthly,1,2025,FEB-2025,,Jaguar,I-PACE,2024,ADS,,Waymo LLC,JAN-2025,10:31,San Francisco,CA,Parking Lot,Passenger Car,No Injuries Reported,Yes,raw/SGO/SGO-2021-01_Incident_Reports_ADS (1).csv
30270-9907,1,Waymo LLC,Monthly,1,2025,FEB-2025,,Jaguar,I-PACE,2021,ADS,,Waymo LLC,JAN-2025,19:44,San Francisco,CA,Street,"Other, see Narrative",No Injuries Reported,Yes,raw/SGO/SGO-2021-01_Incident_Reports_ADS (1).csv
30270-9908,1,Waymo LLC,Monthly,1,2025,FEB-2025,,Jaguar,I-PACE,2024,ADS,,Waymo LLC,JAN-2025,15:03,Los Angeles,CA,Street,SUV,No Injuries Reported,Yes,raw/SGO/SGO-2021-01_Incident_Reports_ADS (1).csv
30270-9909,1,Waymo LLC,Monthly,1,2025,FEB-2025,,Jaguar,I-PACE,2021,ADS,,Waymo LLC,JAN-2025,13:09,San Francisco,CA,Street,Passenger Car,No Injuries Reported,Yes,raw/SGO/SGO-2021-01_Incident_Reports_ADS (1).csv
30270-9910,1,Waymo LLC,Monthly,1,2025,FEB-2025,,Jaguar,I-PACE,2024,ADS,,Waymo LLC,JAN-2025,01:23,San Francisco,CA,Street,SUV,No Injuries Reported,Yes,raw/SGO/SGO-2021-01_Incident_Reports_ADS (1).csv
30270-9911,1,Waymo LLC,Monthly,1,2025,FEB-2025,,Jaguar,I-PACE,2021,ADS,,Waymo LLC,JAN-2025,16:41,Los Angeles,CA,Street,SUV,No Injuries Reported,Yes,raw/SGO/SGO-2021-01_Incident_Reports_ADS (1).csv
30270-9912,1,Waymo LLC,5-Day,,,FEB-2025,,Jaguar,I-PACE,2024,ADS,,Waymo LLC,FEB-2025,09:56,San Francisco,CA,Street,Pickup Truck,No Injuries Reported,Yes,raw/SGO/SGO-2021-01_Incident_Reports_ADS (1).csv
30270-9926,1,Waymo LLC,1-Day,,,FEB-2025,,Jaguar,I-Pace,2024,ADS,,Waymo LLC,FEB-2025,14:00,San Francisco,CA,Intersection,SUV,Minor,Yes,raw/SGO/SGO-2021-01_Incident_Reports_ADS (1).csv
30270-9926,2,Waymo LLC,10-Day Update,,,FEB-2025,,Jaguar,I-Pace,2024,ADS,,Waymo LLC,FEB-2025,14:00,San Francisco,CA,Intersection,SUV,Minor,Yes,raw/SGO/SGO-2021-01_Incident_Reports_ADS (1).csv
30270-9931,1,Waymo LLC,1-Day,,,FEB-2025,,Jaguar,I-PACE,2024,ADS,,Waymo LLC,FEB-2025,08:55,San Francisco,CA,Intersection,Passenger Car,No Injuries Reported,Yes,raw/SGO/SGO-2021-01_Incident_Reports_ADS (1).csv
30270-9931,2,Waymo LLC,10-Day Update,,,FEB-2025,,Jaguar,I-PACE,2024,ADS,,Waymo LLC,FEB-2025,08:55,San Francisco,CA,Intersection,Passenger Car,No Injuries Reported,Yes,raw/SGO/SGO-2021-01_Incident_Reports_ADS (1).csv
30270-9978,1,Waymo LLC,1-Day,,,FEB-2025,,Jaguar,I-PACE,2025,ADS,,Waymo LLC,FEB-2025,22:49,San Francisco,CA,Intersection,SUV,No Injuries Reported,Yes,raw/SGO/SGO-2021-01_Incident_Reports_ADS (1).csv
30270-9978,2,Waymo LLC,10-Day Update,,,FEB-2025,,Jaguar,I-PACE,2025,ADS,,Waymo LLC,FEB-2025,22:49,San Francisco,CA,Intersection,SUV,No Injuries Reported,Yes,raw/SGO/SGO-2021-01_Incident_Reports_ADS (1).csv
30270-9987,1,Waymo LLC,1-Day,,,FEB-2025,,Jaguar,I-PACE,2021,ADS,,Waymo LLC,FEB-2025,12:10,San Francisco,CA,Street,Non-Motorist: Cyclist,Minor,Yes,raw/SGO/SGO-2021-01_Incident_Reports_ADS (1).csv
30270-9987,2,Waymo LLC,10-Day Update,,,FEB-2025,,Jaguar,I-PACE,2021,ADS,,Waymo LLC,FEB-2025,12:10,San Francisco,CA,Street,Non-Motorist: Cyclist,Moderate,Yes,raw/SGO/SGO-2021-01_Incident_Reports_ADS (1).csv
30270-9988,1,Waymo LLC,5-Day,,,FEB-2025,,Jaguar,I-PACE,2024,ADS,,Waymo LLC,FEB-2025,16:25,Daly City,CA,Intersection,Passenger Car,No Injuries Reported,Yes,raw/SGO/SGO-2021-01_Incident_Reports_ADS (1).csv
30270-9988,2,Waymo LLC,Update,,,MAY-2025,,Jaguar,I-PACE,2024,ADS,,Waymo LLC,FEB-2025,16:25,Daly City,CA,Intersection,Passenger Car,Minor,Yes,raw/SGO/SGO-2021-01_Incident_Reports_ADS (1).csv
30270-9992,1,Waymo LLC,1-Day,,,FEB-2025,,Jaquar,I-PACE,2024,ADS,,Waymo LLC,FEB-2025,13:39,Phoenix,AZ,Intersection,Passenger Car,Moderate,Yes,raw/SGO/SGO-2021-01_Incident_Reports_ADS (1).csv
30270-9992,2,Waymo LLC,10-Day Update,,,FEB-2025,,Jaquar,I-PACE,2024,ADS,,Waymo LLC,FEB-2025,13:39,Phoenix,AZ,Intersection,Passenger Car,Moderate,Yes,raw/SGO/SGO-2021-01_Incident_Reports_ADS (1).csv
30290-1071,1,Argo AI,Monthly,8,2021,AUG-2021,,Ford,Fusion,2019,ADS,,Argo AI,JUL-2021,16:33,Austin,TX,Intersection,"Other, see Narrative",No Injuries Reported,"[REDACTED, MAY CONTAIN CONFIDENTIAL BUSINESS INFORMATION]",raw/SGO/SGO-2021-01_Incident_Reports_ADS (1).csv
30290-1072,1,Argo AI,Monthly,8,2021,AUG-2021,,Ford,Fusion,2019,ADS,,Argo AI,JUL-2021,09:50,Miami,FL,Street,Passenger Car,No Injuries Reported,"[REDACTED, MAY CONTAIN CONFIDENTIAL BUSINESS INFORMATION]",raw/SGO/SGO-2021-01_Incident_Reports_ADS (1).csv
30290-1161,1,Argo AI,1-Day,,,SEP-2021,,Ford,Fusion,2019,ADS,,Argo AI,SEP-2021,13:18,Miami Beach,FL,Street,Passenger Car,No Injuries Reported,"[REDACTED, MAY CONTAIN CONFIDENTIAL BUSINESS INFORMATION]",raw/SGO/SGO-2021-01_Incident_Reports_ADS (1).csv
30290-1161,2,Argo AI,10-Day Update,,,SEP-2021,,Ford,Fusion,2019,ADS,,Argo AI,SEP-2021,13:18,Miami Beach,FL,Street,Passenger Car,No Injuries Reported,"[REDACTED, MAY CONTAIN CONFIDENTIAL BUSINESS INFORMATION]",raw/SGO/SGO-2021-01_Incident_Reports_ADS (1).csv
30290-1279,1,Argo AI,Monthly,9,2021,SEP-2021,,Ford,Fusion,2019,ADS,,Argo AI,AUG-2021,08:10,Miami,FL,Street,SUV,No Injuries Reported,"[REDACTED, MAY CONTAIN CONFIDENTIAL BUSINESS INFORMATION]",raw/SGO/SGO-2021-01_Incident_Reports_ADS (1).csv
30290-15,1,Argo AI,1-Day,,,JUL-2021,,Ford,Fusion,2019,ADS,,Argo AI,JUL-2021,09:26,Washington DC,DC,Street,Pickup Truck,Minor,"[REDACTED, MAY CONTAIN CONFIDENTIAL BUSINESS INFORMATION]",raw/SGO/SGO-2021-01_Incident_Reports_ADS (1).csv
30290-15,2,Argo AI,10-Day Update,,,AUG-2021,,Ford,Fusion,2019,ADS,,Argo AI,JUL-2021,09:26,Washington DC,DC,Street,Pickup Truck,Minor,"[REDACTED, MAY CONTAIN CONFIDENTIAL BUSINESS INFORMATION]",raw/SGO/SGO-2021-01_Incident_Reports_ADS (1).csv
30290-1642,1,Argo AI,Monthly,11,2021,NOV-2021,,Ford,Escape,2020,ADS,,Argo AI,OCT-2021,14:25,Palo Alto,CA,Intersection,SUV,No Injuries Reported,"[REDACTED, MAY CONTAIN CONFIDENTIAL BUSINESS INFORMATION]",raw/SGO/SGO-2021-01_Incident_Reports_ADS (1).csv
30290-2180,1,Argo AI,1-Day,,,JAN-2022,,Ford,Escape,2020,ADS,,Argo AI,JAN-2022,12:22,Miami,FL,Street,SUV,Minor,"[REDACTED, MAY CONTAIN CONFIDENTIAL BUSINESS INFORMATION]",raw/SGO/SGO-2021-01_Incident_Reports_ADS (1).csv
30290-2180,2,Argo AI,10-Day Update,,,FEB-2022,,Ford,Escape,2020,ADS,,Argo AI,JAN-2022,12:22,Miami,FL,Street,SUV,Minor,"[REDACTED, MAY CONTAIN CONFIDENTIAL BUSINESS INFORMATION]",raw/SGO/SGO-2021-01_Incident_Reports_ADS (1).csv
30290-2471,1,Argo AI,Monthly,3,2022,MAR-2022,,Ford,Fusion,2019,ADS,,Argo AI,FEB-2022,8:51,Washington DC,DC,Street,Passenger Car,No Injuries Reported,"[REDACTED, MAY CONTAIN CONFIDENTIAL BUSINESS INFORMATION]",raw/SGO/SGO-2021-01_Incident_Reports_ADS (1).csv
30290-2481,1,Argo AI,1-Day,,,MAR-2022,,Ford,Escape,2020,ADS,,Argo AI,MAR-2022,12:39,Coral Gables,FL,Traffic Circle,SUV,Moderate,"[REDACTED, MAY CONTAIN CONFIDENTIAL BUSINESS INFORMATION]",raw/SGO/SGO-2021-01_Incident_Reports_ADS (1).csv
30290-2481,2,Argo AI,10-Day Update,,,MAR-2022,,Ford,Escape,2020,ADS,,Argo AI,MAR-2022,12:39,Coral Gables,FL,Traffic Circle,SUV,Moderate,"[REDACTED, MAY CONTAIN CONFIDENTIAL BUSINESS INFORMATION]",raw/SGO/SGO-2021-01_Incident_Reports_ADS (1).csv
30290-2696,1,Argo AI,Monthly,4,2022,APR-2022,,Ford,Fusion,2019,ADS,,Argo AI,MAR-2022,12:50,Miami,FL,Intersection,Passenger Car,No Injuries Reported,"[REDACTED, MAY CONTAIN CONFIDENTIAL BUSINESS INFORMATION]",raw/SGO/SGO-2021-01_Incident_Reports_ADS (1).csv
30290-3119,1,Argo AI,Monthly,5,2022,JUN-2022,,Ford,Escape,2020,ADS,,Argo AI,MAY-2022,08:11,WDC,DC,Intersection,Heavy Truck,No Injuries Reported,"[REDACTED, MAY CONTAIN CONFIDENTIAL BUSINESS INFORMATION]",raw/SGO/SGO-2021-01_Incident_Reports_ADS (1).csv
30290-3135,1,Argo AI,1-Day,,,JUN-2022,,Ford,Escape,2020,ADS,,Argo AI,JUN-2022,16:35,Austin,TX,Street,Non-Motorist: Cyclist,No Injuries Reported,"[REDACTED, MAY CONTAIN CONFIDENTIAL BUSINESS INFORMATION]",raw/SGO/SGO-2021-01_Incident_Reports_ADS (1).csv
30290-3135,2,Argo AI,10-Day Update,,,JUN-2022,,Ford,Escape,2020,ADS,,Argo AI,JUN-2022,16:35,Austin,TX,Street,Non-Motorist: Cyclist,No Injuries Reported,"[REDACTED, MAY CONTAIN CONFIDENTIAL BUSINESS INFORMATION]",raw/SGO/SGO-2021-01_Incident_Reports_ADS (1).csv
30290-3346,1,Argo AI,Monthly,6,2022,JUL-2022,,Ford,Escape,2020,ADS,,Argo AI,JUN-2022,14:48,Miami,FL,Street,Passenger Car,No Injuries Reported,"[REDACTED, MAY CONTAIN CONFIDENTIAL BUSINESS INFORMATION]",raw/SGO/SGO-2021-01_Incident_Reports_ADS (1).csv
30290-3347,1,Argo AI,Monthly,6,2022,JUL-2022,,Ford,Escape,2020,ADS,,Argo AI,JUN-2022,13:30,Pittsburgh,PA,Intersection,SUV,No Injuries Reported,"[REDACTED, MAY CONTAIN CONFIDENTIAL BUSINESS INFORMATION]",raw/SGO/SGO-2021-01_Incident_Reports_ADS (1).csv
30290-3797,1,Argo AI,Monthly,8,2022,SEP-2022,,Ford,Escape,2020,ADS,,Argo AI,AUG-2022,17:55,Miami Beach,FL,Street,Pickup Truck,No Injuries Reported,"[REDACTED, MAY CONTAIN CONFIDENTIAL BUSINESS INFORMATION]",raw/SGO/SGO-2021-01_Incident_Reports_ADS (1).csv
30290-3800,1,Argo AI,Monthly,8,2022,SEP-2022,,Ford,Escape,2020,ADS,,Argo AI,AUG-2022,12:31,Miami,FL,Street,Passenger Car,No Injuries Reported,"[REDACTED, MAY CONTAIN CONFIDENTIAL BUSINESS INFORMATION]",raw/SGO/SGO-2021-01_Incident_Reports_ADS (1).csv
30290-3913,1,Argo AI,1-Day,,,SEP-2022,,Ford,Escape,2020,ADS,,Argo AI,SEP-2022,17:24,Palo Alto,CA,Street,Non-Motorist: Cyclist,No Injuries Reported,"[REDACTED, MAY CONTAIN CONFIDENTIAL BUSINESS INFORMATION]",raw/SGO/SGO-2021-01_Incident_Reports_ADS (1).csv
30290-3913,2,Argo AI,10-Day Update,,,OCT-2022,,Ford,Escape,2020,ADS,,Argo AI,SEP-2022,17:24,Palo Alto,CA,Street,Non-Motorist: Cyclist,No Injuries Reported,"[REDACTED, MAY CONTAIN CONFIDENTIAL BUSINESS INFORMATION]",raw/SGO/SGO-2021-01_Incident_Reports_ADS (1).csv
30290-3985,1,Argo AI,Monthly,9,2022,OCT-2022,,Ford,Escape,2020,ADS,,Argo AI,SEP-2022,10:23,Miami,FL,Street,Heavy Truck,No Injuries Reported,"[REDACTED, MAY CONTAIN CONFIDENTIAL BUSINESS INFORMATION]",raw/SGO/SGO-2021-01_Incident_Reports_ADS (1).csv
30290-4127,1,Argo AI,Monthly,10,2022,OCT-2022,,Ford,Escape,2020,ADS,,Argo AI,OCT-2022,13:14,Austin,TX,Street,Passenger Car,No Injuries Reported,"[REDACTED, MAY CONTAIN CONFIDENTIAL BUSINESS INFORMATION]",raw/SGO/SGO-2021-01_Incident_Reports_ADS (1).csv
30290-4128,1,Argo AI,Monthly,10,2022,OCT-2022,,Ford,Escape,2020,ADS,,Argo AI,OCT-2022,08:00,Austin,TX,Street,Passenger Car,No Injuries Reported,"[REDACTED, MAY CONTAIN CONFIDENTIAL BUSINESS INFORMATION]",raw/SGO/SGO-2021-01_Incident_Reports_ADS (1).csv
30291-11324,1,Nuro,Monthly,6,2025,JUL-2025,Y,TOYOTA,Prius,2022,ADS,Verified Engaged,Nuro,JUN-2025,12:38,Santa Clara,CA,Street,"Other, see Narrative",No Injured Reported,"[REDACTED, MAY CONTAIN CONFIDENTIAL BUSINESS INFORMATION]",raw/SGO/SGO-2021-01_Incident_Reports_ADS.csv
30291-11458,1,Nuro,Monthly,7,2025,AUG-2025,Y,TOYOTA,Prius,2022,ADS,Verified Engaged,Nuro,JUL-2025,18:00,Mountain View,CA,Intersection,Passenger Car,No Injured Reported,"[REDACTED, MAY CONTAIN CONFIDENTIAL BUSINESS INFORMATION]",raw/SGO/SGO-2021-01_Incident_Reports_ADS.csv
30291-11595,1,Nuro,Monthly,8,2025,SEP-2025,Y,TOYOTA,Prius,2022,ADS,Verified Not Engaged,Nuro,AUG-2025,10:45,Houston,TX,Intersection,Passenger Car,Property Damage. No Injured Reported,"[REDACTED, MAY CONTAIN CONFIDENTIAL BUSINESS INFORMATION]",raw/SGO/SGO-2021-01_Incident_Reports_ADS.csv
30291-13950,1,Nuro,Monthly,1,2026,FEB-2026,Y,TOYOTA,Prius,2022,ADS,Verified Not Engaged,Nuro,JAN-2026,19:33,Houston,TX,Intersection,SUV,Property Damage. No Injured Reported,"[REDACTED, MAY CONTAIN CONFIDENTIAL BUSINESS INFORMATION]",raw/SGO/SGO-2021-01_Incident_Reports_ADS.csv
30291-14538,1,Nuro,5-Day,,,APR-2026,Y,TOYOTA,Prius,2022,ADS,Verified Engaged,Nuro,APR-2026,11:50,Santa Clara,CA,Street,Motorcycle,No Injured Reported,"[REDACTED, MAY CONTAIN CONFIDENTIAL BUSINESS INFORMATION]",raw/SGO/SGO-2021-01_Incident_Reports_ADS.csv
30291-16241,1,Nuro,Monthly,7,2026,AUG-2026,Y,TOYOTA,Prius,2022,ADS,Verified Not Engaged,"Nuro, Inc.",JUL-2026,13:40,Houston,TX,Street,Passenger Car,Property Damage. No Injured Reported,"[REDACTED, MAY CONTAIN CONFIDENTIAL BUSINESS INFORMATION]",raw/SGO/SGO-2021-01_Incident_Reports_ADS.csv
30291-16243,1,Nuro,Monthly,7,2026,AUG-2026,Y,TOYOTA,Prius,2022,ADS,Verified Engaged,"Nuro, Inc.",JUL-2026,09:40,Houston,TX,Street,Passenger Car,Property Damage. No Injured Reported,"[REDACTED, MAY CONTAIN CONFIDENTIAL BUSINESS INFORMATION]",raw/SGO/SGO-2021-01_Incident_Reports_ADS.csv
30291-7039,1,Nuro,5-Day,,,JAN-2024,,Toyota,Prius,2022,ADS,,Nuro,JAN-2024,10:49,Houston,TX,Street,Passenger Car,No Injuries Reported,Yes,raw/SGO/SGO-2021-01_Incident_Reports_ADS (1).csv
30291-7106,1,Nuro,Monthly,1,2024,FEB-2024,,Toyota,Prius,2022,ADS,,Nuro Inc,JAN-2024,14:30,Mountain View,CA,Intersection,Passenger Car,No Injuries Reported,Yes,raw/SGO/SGO-2021-01_Incident_Reports_ADS (1).csv
30291-7107,1,Nuro,Monthly,1,2024,FEB-2024,,Toyota,Prius,2022,ADS,,Nuro Inc,JAN-2024,19:24,Palo Alto,CA,Intersection,Passenger Car,No Injuries Reported,Yes,raw/SGO/SGO-2021-01_Incident_Reports_ADS (1).csv
30291-7361,1,Nuro,Monthly,3,2024,APR-2024,,Toyota,Prius,2022,ADS,,Nuro Inc,MAR-2024,20:20,Mountain View,CA,Street,Other Fixed Object,No Injuries Reported,Yes,raw/SGO/SGO-2021-01_Incident_Reports_ADS (1).csv
30291-7677,1,Nuro,Monthly,5,2024,JUN-2024,,Toyota,Prius,2022,ADS,,"Nuro, Inc.",MAY-2024,12:04,Houston,TX,Intersection,Passenger Car,No Injuries Reported,Yes,raw/SGO/SGO-2021-01_Incident_Reports_ADS (1).csv
30291-7765,1,Nuro,1-Day,,,MAY-2024,,Toyota,Prius,2022,ADS,,"Nuro, Inc.",MAY-2024,15:45,Palo Alto,CA,Intersection,Non-Motorist: Pedestrian,No Injuries Reported,Yes,raw/SGO/SGO-2021-01_Incident_Reports_ADS (1).csv
30291-7981,1,Nuro,5-Day,,,JUN-2024,,Toyota,Prius,2022,ADS,,"Nuro, Inc.",JUN-2024,17:10,Houston,TX,Intersection,Passenger Car,No Injuries Reported,Yes,raw/SGO/SGO-2021-01_Incident_Reports_ADS (1).csv
30291-9651,1,Nuro,Monthly,12,2024,JAN-2025,,Toyota,Prius,2021,ADS,,Nuro Inc.,DEC-2024,13:05,Houston,TX,Street,Other Fixed Object,Minor,Yes,raw/SGO/SGO-2021-01_Incident_Reports_ADS (1).csv
30310-3698,1,First Transit,Monthly,8,2022,AUG-2022,,Ligier Group,EZ10 Gen 3,2019,ADS,,"First Transit, Inc.",AUG-2022,16:23,Rochester,MN,Intersection,SUV,No Injuries Reported,Yes,raw/SGO/SGO-2021-01_Incident_Reports_ADS (1).csv
30330-3482,1,"TORC Robotics, Inc.",1-Day,,,JUL-2022,,FREIGHTLINER,CASCADIA,2021,ADS,,"TORC ROBOTICS, INC",JUL-2022,16:33,ALBUQUERQUE,NM,Highway / Freeway,"Other, see Narrative",No Injuries Reported,Yes,raw/SGO/SGO-2021-01_Incident_Reports_ADS (1).csv
30330-3482,2,"TORC Robotics, Inc.",10-Day Update,,,JUL-2022,,FREIGHTLINER,CASCADIA,2021,ADS,,"TORC ROBOTICS, INC",JUL-2022,16:33,ALBUQUERQUE,NM,Highway / Freeway,"Other, see Narrative",No Injuries Reported,Yes,raw/SGO/SGO-2021-01_Incident_Reports_ADS (1).csv
30330-3561,1,"TORC Robotics, Inc.",Monthly,8,2022,AUG-2022,,FREIGHTLINER,CASCADIA,2021,ADS,,"TORC ROBOTICS, INC",JUL-2022,12:39,Santa Rosa,NM,Highway / Freeway,"Other, see Narrative",No Injuries Reported,Yes,raw/SGO/SGO-2021-01_Incident_Reports_ADS (1).csv
30330-6882,1,"TORC Robotics, Inc.",Monthly,12,2023,JAN-2024,,Freightliner,Cascadia,2023,ADS,,"Torc Robotics, Inc",DEC-2023,14:35,Vega,TX,Highway / Freeway,Animal,No Injuries Reported,Yes,raw/SGO/SGO-2021-01_Incident_Reports_ADS (1).csv
30370-2949,1,TuSimple,Monthly,4,2022,MAY-2022,,INTERNATIONAL,LT 625,2021,"Unknown, see Narrative",,TuSimple,APR-2022,15:52,Tucson,AZ,Highway / Freeway,Other Fixed Object,No Injuries Reported,Yes,raw/SGO/SGO-2021-01_Incident_Reports_ADS (1).csv
30391-10111,1,Kodiak Robotics,Monthly,2,2025,MAR-2025,,Kenworth,T680,2020,ADS,,"Kodiak Robotics, Inc",FEB-2025,19:08,Thackerville,OK,Highway / Freeway,Heavy Truck,No Injuries Reported,Yes,raw/SGO/SGO-2021-01_Incident_Reports_ADS (1).csv
30391-10295,1,Kodiak Robotics,Monthly,3,2025,MAR-2025,,Kenworth,T680,2023,ADS,,"Kodiak Robotics, Inc.",MAR-2025,14:20,Odessa,TX,Highway / Freeway,Pickup Truck,No Injuries Reported,Yes,raw/SGO/SGO-2021-01_Incident_Reports_ADS (1).csv
30391-3678,1,Kodiak Robotics,1-Day,,,AUG-2022,,Kenworth Motor Truck Co,T680,2022,ADS,,"Kodiak Robotics, Inc.",AUG-2022,18:00,Palmer,TX,Highway / Freeway,Pickup Truck,No Injuries Reported,Yes,raw/SGO/SGO-2021-01_Incident_Reports_ADS (1).csv
30391-3678,2,Kodiak Robotics,10-Day Update,,,AUG-2022,,Kenworth Motor Truck Co,T680,2022,ADS,,"Kodiak Robotics, Inc.",AUG-2022,18:00,Palmer,TX,Highway / Freeway,Pickup Truck,No Injuries Reported,Yes,raw/SGO/SGO-2021-01_Incident_Reports_ADS (1).csv
30391-3808,1,Kodiak Robotics,Monthly,8,2022,SEP-2022,,Kenworth Motor Truck Co,T680,2022,ADS,,"Kodiak Robotics, Inc",AUG-2022,18:00,Palmer,TX,Highway / Freeway,Pickup Truck,No Injuries Reported,Yes,raw/SGO/SGO-2021-01_Incident_Reports_ADS (1).csv
30391-4811,1,Kodiak Robotics,1-Day,,,FEB-2023,,Kenworth Motor Truck Co,T680,2023,ADS,,"Kodiak Robotics, Inc.",FEB-2023,10:15,Waxahachie,TX,Highway / Freeway,SUV,No Injuries Reported,Yes,raw/SGO/SGO-2021-01_Incident_Reports_ADS (1).csv
30391-4811,2,Kodiak Robotics,10-Day Update,,,FEB-2023,,Kenworth Motor Truck Co,T680,2023,ADS,,"Kodiak Robotics, Inc.",FEB-2023,10:15,Waxahachie,TX,Highway / Freeway,SUV,No Injuries Reported,Yes,raw/SGO/SGO-2021-01_Incident_Reports_ADS (1).csv
30391-5009,1,Kodiak Robotics,Monthly,2,2023,MAR-2023,,Kenworth Motor Truck Co,T680,2023,ADS,,"Kodiak Robotics, Inc.",FEB-2023,10:15,Waxahachie,TX,Highway / Freeway,SUV,No Injuries Reported,Yes,raw/SGO/SGO-2021-01_Incident_Reports_ADS (1).csv
30391-6563,1,Kodiak Robotics,Monthly,10,2023,NOV-2023,,Kenworth Motor Truck Co,T680,2019,ADS,,"Kodiak Robotics, Inc.",OCT-2023,15:08,Fort Worth,TX,Highway / Freeway,Heavy Truck,No Injuries Reported,Yes,raw/SGO/SGO-2021-01_Incident_Reports_ADS (1).csv
30391-8984,1,Kodiak Robotics,Monthly,10,2024,NOV-2024,,Kenworth,T680,2022,ADS,,"Kodiak Robotics, Inc.",OCT-2024,12:38,Gainesville,TX,Highway / Freeway,Other Fixed Object,No Injuries Reported,Yes,raw/SGO/SGO-2021-01_Incident_Reports_ADS (1).csv
30410-10072,1,Motional,Monthly,2,2025,MAR-2025,,Hyundai,Ioniq 5,2024,ADS,,Motional,FEB-2025,15:00,Las Vegas,NV,Intersection,SUV,No Injuries Reported,Yes,raw/SGO/SGO-2021-01_Incident_Reports_ADS (1).csv
30410-10855,1,Motional,1-Day,,,MAY-2025,,Hyundai,Ioniq 5,2024,ADS,,Motional,MAY-2025,20:23,Las Vegas,NV,Intersection,Non-Motorist: Cyclist,No Injuries Reported,Yes,raw/SGO/SGO-2021-01_Incident_Reports_ADS (1).csv
30410-10855,2,Motional,10-Day Update,,,MAY-2025,,Hyundai,Ioniq 5,2024,ADS,,Motional,MAY-2025,20:23,Las Vegas,NV,Intersection,Non-Motorist: Cyclist,No Injuries Reported,Yes,raw/SGO/SGO-2021-01_Incident_Reports_ADS (1).csv
30410-11101,1,Motional,Monthly,6,2025,JUL-2025,Y,HYUNDAI,Ioniq 5,2024,ADS,Verified Engaged,Motional AD Inc.,JUN-2025,17:06,,,Intersection,SUV,No Injured Reported,"[REDACTED, MAY CONTAIN CONFIDENTIAL BUSINESS INFORMATION]",raw/SGO/SGO-2021-01_Incident_Reports_ADS.csv
30410-11770,1,Motional,Monthly,9,2025,OCT-2025,Y,HYUNDAI,Ioniq 5,2024,ADS,Verified Engaged,Motional,SEP-2025,15:30,Las Vegas,NV,Intersection,Van,Property Damage. No Injured Reported,Yes,raw/SGO/SGO-2021-01_Incident_Reports_ADS.csv
30410-11857,1,Motional,Monthly,10,2025,OCT-2025,Y,HYUNDAI,Ioniq 5,2024,ADS,Verified Not Engaged,Motional,OCT-2025,14:37,Las Vegas,NV,Intersection,Passenger Car,Property Damage. No Injured Reported,Yes,raw/SGO/SGO-2021-01_Incident_Reports_ADS.csv
30410-12017,1,Motional,Monthly,10,2025,NOV-2025,Y,HYUNDAI,Ioniq 5,2024,ADS,Verified Engaged,Motional,OCT-2025,14:30,Las Vegas,NV,Intersection,"Other, see Narrative",No Injured Reported,"[REDACTED, MAY CONTAIN CONFIDENTIAL BUSINESS INFORMATION]",raw/SGO/SGO-2021-01_Incident_Reports_ADS.csv
30410-13069,1,Motional,Monthly,11,2025,DEC-2025,Y,HYUNDAI,Ioniq 5,2024,ADS,Verified Engaged,Motional,NOV-2025,14:30,Pittsburgh,PA,Intersection,Passenger Car,No Injured Reported,Yes,raw/SGO/SGO-2021-01_Incident_Reports_ADS.csv
30410-14092,1,Motional,5-Day,,,FEB-2026,Y,HYUNDAI,Ioniq 5,2024,ADS,Verified Engaged,Motional,FEB-2026,09:55,Las Vegas,NV,Intersection,Passenger Car,No Injured Reported,Yes,raw/SGO/SGO-2021-01_Incident_Reports_ADS.csv
30410-14170,1,Motional,Monthly,2,2026,MAR-2026,Y,HYUNDAI,Ioniq 5,2024,ADS,Verified Engaged,Motional,FEB-2026,3:16,Las Vegas,NV,Street,"Other, see Narrative",No Injured Reported,Yes,raw/SGO/SGO-2021-01_Incident_Reports_ADS.csv
30410-14238,1,Motional,Monthly,2,2026,MAR-2026,Y,HYUNDAI,Ioniq 5,2024,ADS,Verified Engaged,Motional,FEB-2026,23:55,Las Vegas,NV,Street,Passenger Car,No Injured Reported,Yes,raw/SGO/SGO-2021-01_Incident_Reports_ADS.csv
30410-14562,1,Motional,Monthly,4,2026,APR-2026,Y,HYUNDAI,Ioniq 5,2025,ADS,Verified Engaged,Motional,APR-2026,16:42,Las Vegas,NV,Street,Other Fixed Object,No Injured Reported,Yes,raw/SGO/SGO-2021-01_Incident_Reports_ADS.csv
30410-15247,1,Motional,Monthly,5,2026,JUN-2026,Y,HYUNDAI,Ioniq 5,2024,ADS,Verified Engaged,Motional,MAY-2026,15:05,Las Vegas,NV,Street,Passenger Car,No Injured Reported,Yes,raw/SGO/SGO-2021-01_Incident_Reports_ADS.csv
30410-15591,1,Motional,Monthly,6,2026,JUL-2026,Y,HYUNDAI,Ioniq 5,2024,ADS,Verified Engaged,Motional,JUN-2026,14:27,Las Vegas,NV,Street,Passenger Car,No Injured Reported,Yes,raw/SGO/SGO-2021-01_Incident_Reports_ADS.csv
30410-15730,1,Motional,Monthly,7,2026,JUL-2026,Y,HYUNDAI,Ioniq 5,2024,ADS,Verified Engaged,Motional,JUL-2026,19:32,Las Vegas,NV,Street,Heavy Truck,No Injured Reported,Yes,raw/SGO/SGO-2021-01_Incident_Reports_ADS.csv
30410-3043,1,Motional,Monthly,5,2022,JUN-2022,,Hyundai,Ioniq 5,2022,ADS,,Motional,MAY-2022,12:58,Las Vegas,NV,Street,"Other, see Narrative",No Injuries Reported,"[REDACTED, MAY CONTAIN CONFIDENTIAL BUSINESS INFORMATION]",raw/SGO/SGO-2021-01_Incident_Reports_ADS (1).csv
30410-4799,1,Motional,Monthly,1,2023,FEB-2023,,Hyundai,Ioniq 5,2021,ADS,,Motional,JAN-2023,13:17,Las Vegas,NV,Street,Passenger Car,No Injuries Reported,Yes,raw/SGO/SGO-2021-01_Incident_Reports_ADS (1).csv
30410-5003,1,Motional,Monthly,2,2023,MAR-2023,,Hyundai,Ioniq 5,2021,ADAS,,Motional,FEB-2023,14:18,Las Vegas,NV,Street,Passenger Car,No Injuries Reported,Yes,raw/SGO/SGO-2021-01_Incident_Reports_ADS (1).csv
30410-5786,1,Motional,Monthly,6,2023,JUL-2023,,Hyundai,Ioniq 5,2020,ADS,,Motional,JUN-2023,21:42,Las Vegas,NV,Intersection,Passenger Car,Minor,"[REDACTED, MAY CONTAIN CONFIDENTIAL BUSINESS INFORMATION]",raw/SGO/SGO-2021-01_Incident_Reports_ADS (1).csv
30410-5786,2,Motional,Update,,,JUL-2023,,Hyundai,Ioniq 5,2021,ADS,,Motional,JUN-2023,21:42,Las Vegas,NV,Intersection,Passenger Car,Minor,"[REDACTED, MAY CONTAIN CONFIDENTIAL BUSINESS INFORMATION]",raw/SGO/SGO-2021-01_Incident_Reports_ADS (1).csv
30410-6792,1,Motional,1-Day,,,DEC-2023,,Hyundai,Ioniq 5,2022,ADS,,Motional,DEC-2023,13:24,Las Vegas,NV,Intersection,SUV,No Injuries Reported,"[REDACTED, MAY CONTAIN CONFIDENTIAL BUSINESS INFORMATION]",raw/SGO/SGO-2021-01_Incident_Reports_ADS (1).csv
30410-7276,1,Motional,Monthly,2,2024,MAR-2024,,Hyundai,Ioniq 5,2024,ADS,,Motional,FEB-2024,14:30,Las Vegas,NV,Street,Other Fixed Object,No Injuries Reported,"[REDACTED, MAY CONTAIN CONFIDENTIAL BUSINESS INFORMATION]",raw/SGO/SGO-2021-01_Incident_Reports_ADS (1).csv
30410-7276,2,Motional,Update,,,MAR-2024,,Hyundai,Ioniq 5,2024,ADS,,Motional,FEB-2024,14:30,Las Vegas,NV,Street,Other Fixed Object,No Injuries Reported,"[REDACTED, MAY CONTAIN CONFIDENTIAL BUSINESS INFORMATION]",raw/SGO/SGO-2021-01_Incident_Reports_ADS (1).csv
30410-8366,1,Motional,Monthly,8,2024,SEP-2024,,Hyundai,Ioniq 5,2024,ADS,,Motional,AUG-2024,10:38,Las Vegas,NV,Street,Other Fixed Object,No Injuries Reported,Yes,raw/SGO/SGO-2021-01_Incident_Reports_ADS (1).csv
30410-8493,1,Motional,1-Day,,,SEP-2024,,Hyundai,Ioniq 5,2024,ADS,,Motional,SEP-2024,13:00,Las Vegas,NV,Intersection,Passenger Car,Moderate,Yes,raw/SGO/SGO-2021-01_Incident_Reports_ADS (1).csv
30410-8493,2,Motional,10-Day Update,,,SEP-2024,,Hyundai,Ioniq 5,2024,ADS,,Motional,SEP-2024,13:00,Las Vegas,NV,Intersection,Passenger Car,Moderate,Yes,raw/SGO/SGO-2021-01_Incident_Reports_ADS (1).csv
30410-9752,1,Motional,Monthly,1,2025,FEB-2025,,Hyundai,Ioniq 5,2024,ADS,,Motional,JAN-2025,08:12,Las Vegas,NV,Intersection,Passenger Car,No Injuries Reported,Yes,raw/SGO/SGO-2021-01_Incident_Reports_ADS (1).csv
30410-9804,1,Motional,Monthly,2,2025,MAR-2025,,Hyundai,Ioniq 5,2024,ADS,,Motional,FEB-2025,21:50,Las Vegas,NV,Intersection,Van,No Injuries Reported,Yes,raw/SGO/SGO-2021-01_Incident_Reports_ADS (1).csv
30410-9857,1,Motional,Monthly,2,2025,MAR-2025,,Hyundai,Ioniq 5,2024,ADS,,Motional,FEB-2025,14:44,Las Vegas,NV,Intersection,Pickup Truck,No Injuries Reported,Yes,raw/SGO/SGO-2021-01_Incident_Reports_ADS (1).csv
30410-9946,1,Motional,Monthly,2,2025,MAR-2025,,Hyundai,Ioniq 5,2024,ADS,,Motional,FEB-2025,15:38,Las Vegas,NV,Intersection,Passenger Car,No Injuries Reported,Yes,raw/SGO/SGO-2021-01_Incident_Reports_ADS (1).csv
30412-1089,1,Cruise LLC,Monthly,7,2021,AUG-2021,,Chevrolet,Bolt,2020,ADS,,CRUISE,JUL-2021,21:38,San Francisco,CA,Street,Passenger Car,No Injuries Reported,"[REDACTED, MAY CONTAIN CONFIDENTIAL BUSINESS INFORMATION]",raw/SGO/SGO-2021-01_Incident_Reports_ADS (1).csv
30412-1138,1,Cruise LLC,1-Day,,,AUG-2021,,Chevrolet,Bolt,2020,ADS,,Cruise,AUG-2021,23:05,San Francisco,CA,Street,Non-Motorist: Cyclist,Unknown,"[REDACTED, MAY CONTAIN CONFIDENTIAL BUSINESS INFORMATION]",raw/SGO/SGO-2021-01_Incident_Reports_ADS (1).csv
30412-1138,2,Cruise LLC,10-Day Update,,,SEP-2021,,Chevrolet,Bolt,2020,ADS,,Cruise,AUG-2021,23:05,San Francisco,CA,Street,Non-Motorist: Cyclist,Unknown,"[REDACTED, MAY CONTAIN CONFIDENTIAL BUSINESS INFORMATION]",raw/SGO/SGO-2021-01_Incident_Reports_ADS (1).csv
30412-1293,1,Cruise LLC,Monthly,8,2021,SEP-2021,,Chevrolet,Bolt,2020,ADS,,Cruise,AUG-2021,12:58,San Francisco,CA,Intersection,Pickup Truck,No Injuries Reported,"[REDACTED, MAY CONTAIN CONFIDENTIAL BUSINESS INFORMATION]",raw/SGO/SGO-2021-01_Incident_Reports_ADS (1).csv
30412-1293,2,Cruise LLC,Update,,,JUL-2024,,Chevrolet,Bolt,2020,ADS,,Cruise,AUG-2021,12:58,San Francisco,CA,Intersection,Pickup Truck,No Injuries Reported,"[REDACTED, MAY CONTAIN CONFIDENTIAL BUSINESS INFORMATION]",raw/SGO/SGO-2021-01_Incident_Reports_ADS (1).csv
30412-1389,1,Cruise LLC,Monthly,10,2021,NOV-2021,,Chevrolet,Bolt,2020,ADS,,Cruise,OCT-2021,01:56,San Francisco,CA,Street,SUV,No Injuries Reported,"[REDACTED, MAY CONTAIN CONFIDENTIAL BUSINESS INFORMATION]",raw/SGO/SGO-2021-01_Incident_Reports_ADS (1).csv
30412-16,1,Cruise LLC,1-Day,,,JUL-2021,,Cruise,AV,2020,ADS,,Cruise,JUL-2021,13:15,San Francisco,CA,Street,Non-Motorist: Other,Minor,"[REDACTED, MAY CONTAIN CONFIDENTIAL BUSINESS INFORMATION]",raw/SGO/SGO-2021-01_Incident_Reports_ADS (1).csv
30412-16,2,Cruise LLC,10-Day Update,,,JUL-2021,,Cruise,AV,2020,ADS,,Cruise,JUL-2021,13:15,San Francisco,CA,Street,Non-Motorist: Other,Minor,"[REDACTED, MAY CONTAIN CONFIDENTIAL BUSINESS INFORMATION]",raw/SGO/SGO-2021-01_Incident_Reports_ADS (1).csv
30412-1674,1,Cruise LLC,1-Day,,,NOV-2021,,Chevrolet,Bolt,2020,ADS,,Cruise,NOV-2021,16:49,San Francisco,CA,Intersection,Passenger Car,No Injuries Reported,"[REDACTED, MAY CONTAIN CONFIDENTIAL BUSINESS INFORMATION]",raw/SGO/SGO-2021-01_Incident_Reports_ADS (1).csv
30412-1674,2,Cruise LLC,10-Day Update,,,NOV-2021,,Chevrolet,Bolt,2020,ADS,,Cruise,NOV-2021,16:49,San Francisco,CA,Intersection,Passenger Car,No Injuries Reported,"[REDACTED, MAY CONTAIN CONFIDENTIAL BUSINESS INFORMATION]",raw/SGO/SGO-2021-01_Incident_Reports_ADS (1).csv
30412-1870,1,Cruise LLC,Monthly,11,2021,DEC-2021,,Chevrolet,Bolt,2020,ADS,,Cruise,NOV-2021,15:05,San Francisco,CA,Intersection,Passenger Car,No Injuries Reported,"[REDACTED, MAY CONTAIN CONFIDENTIAL BUSINESS INFORMATION]",raw/SGO/SGO-2021-01_Incident_Reports_ADS (1).csv
30412-2017,1,Cruise LLC,Monthly,12,2021,JAN-2022,,Cruise,AV,2020,ADS,,Cruise LLC,DEC-2021,18:41,San Francisco,CA,Street,Passenger Car,No Injuries Reported,"[REDACTED, MAY CONTAIN CONFIDENTIAL BUSINESS INFORMATION]",raw/SGO/SGO-2021-01_Incident_Reports_ADS (1).csv
30412-2018,1,Cruise LLC,Monthly,12,2021,JAN-2022,,Cruise,AV,2020,ADS,,Cruise LLC,DEC-2021,16:47,San Francisco,CA,Street,Pickup Truck,No Injuries Reported,"[REDACTED, MAY CONTAIN CONFIDENTIAL BUSINESS INFORMATION]",raw/SGO/SGO-2021-01_Incident_Reports_ADS (1).csv
30412-2019,1,Cruise LLC,Monthly,12,2021,JAN-2022,,Cruise,AV,2020,ADS,,Cruise LLC,DEC-2021,17:22,San Francisco,CA,Street,Passenger Car,No Injuries Reported,"[REDACTED, MAY CONTAIN CONFIDENTIAL BUSINESS INFORMATION]",raw/SGO/SGO-2021-01_Incident_Reports_ADS (1).csv
30412-2020,1,Cruise LLC,Monthly,12,2021,JAN-2022,,Cruise,AV,2020,ADS,,Cruise LLC,NOV-2021,7:44,San Francisco,CA,Street,Passenger Car,Minor,"[REDACTED, MAY CONTAIN CONFIDENTIAL BUSINESS INFORMATION]",raw/SGO/SGO-2021-01_Incident_Reports_ADS (1).csv
30412-2173,1,Cruise LLC,1-Day,,,JAN-2022,,Cruise,AV,2020,ADAS,,Cruise LLC,JAN-2022,03:56,San Francisco,CA,Intersection,SUV,No Injuries Reported,"[REDACTED, MAY CONTAIN CONFIDENTIAL BUSINESS INFORMATION]",raw/SGO/SGO-2021-01_Incident_Reports_ADS (1).csv
30412-2173,2,Cruise LLC,Update,,,JAN-2022,,Cruise,AV,2020,ADS,,Cruise LLC,JAN-2022,03:56,San Francisco,CA,Intersection,SUV,No Injuries Reported,"[REDACTED, MAY CONTAIN CONFIDENTIAL BUSINESS INFORMATION]",raw/SGO/SGO-2021-01_Incident_Reports_ADS (1).csv
30412-2173,3,Cruise LLC,10-Day Update,,,FEB-2022,,Cruise,AV,2020,ADS,,Cruise LLC,JAN-2022,03:56,San Francisco,CA,Intersection,SUV,No Injuries Reported,"[REDACTED, MAY CONTAIN CONFIDENTIAL BUSINESS INFORMATION]",raw/SGO/SGO-2021-01_Incident_Reports_ADS (1).csv
30412-2216,1,Cruise LLC,1-Day,,,FEB-2022,,Cruise,AV,2020,ADS,,Cruise LLC,JAN-2022,13:10,San Francisco,CA,Street,Non-Motorist: Cyclist,Minor,"[REDACTED, MAY CONTAIN CONFIDENTIAL BUSINESS INFORMATION]",raw/SGO/SGO-2021-01_Incident_Reports_ADS (1).csv
30412-2216,2,Cruise LLC,10-Day Update,,,FEB-2022,,Cruise,AV,2020,ADS,,Cruise LLC,JAN-2022,13:10,San Francisco,CA,Street,Non-Motorist: Cyclist,Minor,"[REDACTED, MAY CONTAIN CONFIDENTIAL BUSINESS INFORMATION]",raw/SGO/SGO-2021-01_Incident_Reports_ADS (1).csv
30412-2476,1,Cruise LLC,Monthly,2,2022,MAR-2022,,Cruise,AV,2020,ADS,,Cruise LLC,FEB-2022,00:48,San Francisco,CA,Intersection,Passenger Car,No Injuries Reported,"[REDACTED, MAY CONTAIN CONFIDENTIAL BUSINESS INFORMATION]",raw/SGO/SGO-2021-01_Incident_Reports_ADS (1).csv
30412-2476,2,Cruise LLC,Update,5,2022,JUN-2022,,Cruise,AV,2020,ADS,,Cruise LLC,FEB-2022,00:48,San Francisco,CA,Intersection,Passenger Car,No Injuries Reported,"[REDACTED, MAY CONTAIN CONFIDENTIAL BUSINESS INFORMATION]",raw/SGO/SGO-2021-01_Incident_Reports_ADS (1).csv
30412-2588,1,Cruise LLC,1-Day,,,MAR-2022,,Cruise,AV,2022,ADS,,Cruise LLC,MAR-2022,13:24,San Francisco,CA,Street,Non-Motorist: Cyclist,Serious,"[REDACTED, MAY CONTAIN CONFIDENTIAL BUSINESS INFORMATION]",raw/SGO/SGO-2021-01_Incident_Reports_ADS (1).csv
30412-2588,2,Cruise LLC,10-Day Update,,,APR-2022,,Cruise,AV,2022,ADS,,Cruise LLC,MAR-2022,13:24,San Francisco,CA,Street,Non-Motorist: Cyclist,Serious,"[REDACTED, MAY CONTAIN CONFIDENTIAL BUSINESS INFORMATION]",raw/SGO/SGO-2021-01_Incident_Reports_ADS (1).csv
30412-2593,1,Cruise LLC,1-Day,,,MAR-2022,,Cruise,AV,2020,ADS,,Cruise LLC,MAR-2022,02:07,San Francisco,CA,Street,Pickup Truck,No Injuries Reported,"[REDACTED, MAY CONTAIN CONFIDENTIAL BUSINESS INFORMATION]",raw/SGO/SGO-2021-01_Incident_Reports_ADS (1).csv
30412-2593,2,Cruise LLC,10-Day Update,,,APR-2022,,Cruise,AV,2020,ADS,,Cruise LLC,MAR-2022,02:07,San Francisco,CA,Street,Pickup Truck,No Injuries Reported,"[REDACTED, MAY CONTAIN CONFIDENTIAL BUSINESS INFORMATION]",raw/SGO/SGO-2021-01_Incident_Reports_ADS (1).csv
30412-2654,1,Cruise LLC,Monthly,3,2022,APR-2022,,Cruise,AV,2020,ADS,,Cruise LLC,MAR-2022,12:26,San Francisco,CA,Street,Passenger Car,Moderate,"[REDACTED, MAY CONTAIN CONFIDENTIAL BUSINESS INFORMATION]",raw/SGO/SGO-2021-01_Incident_Reports_ADS (1).csv
30412-2654,2,Cruise LLC,Update,,,APR-2022,,Cruise,AV,2020,ADS,,Cruise LLC,MAR-2022,12:26,San Francisco,CA,Street,Passenger Car,Moderate,"[REDACTED, MAY CONTAIN CONFIDENTIAL BUSINESS INFORMATION]",raw/SGO/SGO-2021-01_Incident_Reports_ADS (1).csv
30412-2823,1,Cruise LLC,1-Day,,,APR-2022,,Cruise,AV,2020,ADS,,Cruise LLC,APR-2022,23:21,San Francisco,CA,Intersection,Passenger Car,No Injuries Reported,"[REDACTED, MAY CONTAIN CONFIDENTIAL BUSINESS INFORMATION]",raw/SGO/SGO-2021-01_Incident_Reports_ADS (1).csv
30412-2823,2,Cruise LLC,10-Day Update,,,MAY-2022,,Cruise,AV,2020,ADS,,Cruise LLC,APR-2022,23:21,San Francisco,CA,Intersection,Passenger Car,No Injuries Reported,"[REDACTED, MAY CONTAIN CONFIDENTIAL BUSINESS INFORMATION]",raw/SGO/SGO-2021-01_Incident_Reports_ADS (1).csv
30412-2884,1,Cruise LLC,Monthly,4,2022,MAY-2022,,Cruise,AV,2020,ADS,,Cruise LLC,APR-2022,00:43,San Francisco,CA,Intersection,SUV,No Injuries Reported,"[REDACTED, MAY CONTAIN CONFIDENTIAL BUSINESS INFORMATION]",raw/SGO/SGO-2021-01_Incident_Reports_ADS (1).csv
30412-2885,1,Cruise LLC,Monthly,4,2022,MAY-2022,,Cruise,AV,2020,ADS,,Cruise LLC,APR-2022,01:55,San Francisco,CA,Intersection,Passenger Car,No Injuries Reported,"[REDACTED, MAY CONTAIN CONFIDENTIAL BUSINESS INFORMATION]",raw/SGO/SGO-2021-01_Incident_Reports_ADS (1).csv
30412-2886,1,Cruise LLC,Monthly,4,2022,MAY-2022,,Cruise,AV,2020,ADS,,Cruise LLC,APR-2022,23:21,San Francisco,CA,Street,Passenger Car,No Injuries Reported,"[REDACTED, MAY CONTAIN CONFIDENTIAL BUSINESS INFORMATION]",raw/SGO/SGO-2021-01_Incident_Reports_ADS (1).csv
30412-2887,1,Cruise LLC,Monthly,4,2022,MAY-2022,,Cruise,AV,2022,ADS,,Cruise LLC,APR-2022,00:13,San Francisco,CA,Street,Passenger Car,No Injuries Reported,"[REDACTED, MAY CONTAIN CONFIDENTIAL BUSINESS INFORMATION]",raw/SGO/SGO-2021-01_Incident_Reports_ADS (1).csv
30412-2888,1,Cruise LLC,Monthly,4,2022,MAY-2022,,Cruise,AV,2020,ADS,,Cruise LLC,APR-2022,03:35,San Francisco,CA,Street,Passenger Car,No Injuries Reported,"[REDACTED, MAY CONTAIN CONFIDENTIAL BUSINESS INFORMATION]",raw/SGO/SGO-2021-01_Incident_Reports_ADS (1).csv
30412-3073,1,Cruise LLC,Monthly,5,2022,JUN-2022,,Cruise,AV,2020,ADS,,Cruise LLC,MAY-2022,4:37,San Francisco,CA,Intersection,Passenger Car,Minor,"[REDACTED, MAY CONTAIN CONFIDENTIAL BUSINESS INFORMATION]",raw/SGO/SGO-2021-01_Incident_Reports_ADS (1).csv
30412-3080,1,Cruise LLC,1-Day,,,JUN-2022,,Cruise,AV,2020,ADS,,Cruise LLC,JUN-2022,1:54,San Francisco,CA,Street,Non-Motorist: Pedestrian,Unknown,"[REDACTED, MAY CONTAIN CONFIDENTIAL BUSINESS INFORMATION]",raw/SGO/SGO-2021-01_Incident_Reports_ADS (1).csv
30412-3080,2,Cruise LLC,10-Day Update,,,JUN-2022,,Cruise,AV,2020,ADS,,Cruise LLC,JUN-2022,1:54,San Francisco,CA,Street,Non-Motorist: Pedestrian,Unknown,"[REDACTED, MAY CONTAIN CONFIDENTIAL BUSINESS INFORMATION]",raw/SGO/SGO-2021-01_Incident_Reports_ADS (1).csv
30412-3084,1,Cruise LLC,1-Day,,,JUN-2022,,Cruise,AV,2022,ADS,,Cruise LLC,JUN-2022,23:00,San Francisco,CA,Intersection,Passenger Car,Minor,"[REDACTED, MAY CONTAIN CONFIDENTIAL BUSINESS INFORMATION]",raw/SGO/SGO-2021-01_Incident_Reports_ADS (1).csv
30412-3084,2,Cruise LLC,10-Day Update,,,JUN-2022,,Cruise,AV,2022,ADS,,Cruise LLC,JUN-2022,23:00,San Francisco,CA,Intersection,Passenger Car,Minor,"[REDACTED, MAY CONTAIN CONFIDENTIAL BUSINESS INFORMATION]",raw/SGO/SGO-2021-01_Incident_Reports_ADS (1).csv
30412-3281,1,Cruise LLC,1-Day,,,JUN-2022,,Cruise,AV,2020,ADS,,Cruise LLC,JUN-2022,10:49,San Francisco,CA,Street,Non-Motorist: Cyclist,Minor,"[REDACTED, MAY CONTAIN CONFIDENTIAL BUSINESS INFORMATION]",raw/SGO/SGO-2021-01_Incident_Reports_ADS (1).csv
30412-3281,2,Cruise LLC,10-Day Update,,,JUL-2022,,Cruise,AV,2020,ADS,,Cruise LLC,JUN-2022,10:49,San Francisco,CA,Street,Non-Motorist: Cyclist,Minor,"[REDACTED, MAY CONTAIN CONFIDENTIAL BUSINESS INFORMATION]",raw/SGO/SGO-2021-01_Incident_Reports_ADS (1).csv
30412-3580,1,Cruise LLC,Monthly,7,2022,AUG-2022,,Cruise,AV,2022,ADS,,Cruise LLC,JUL-2022,2:57,San Francisco,CA,Street,Passenger Car,No Injuries Reported,"[REDACTED, MAY CONTAIN CONFIDENTIAL BUSINESS INFORMATION]",raw/SGO/SGO-2021-01_Incident_Reports_ADS (1).csv
30412-3581,1,Cruise LLC,Monthly,7,2022,AUG-2022,,Cruise,AV,2020,ADS,,Cruise LLC,JUL-2022,22:46,San Francisco,CA,Intersection,SUV,No Injuries Reported,"[REDACTED, MAY CONTAIN CONFIDENTIAL BUSINESS INFORMATION]",raw/SGO/SGO-2021-01_Incident_Reports_ADS (1).csv
30412-3582,1,Cruise LLC,Monthly,7,2022,AUG-2022,,Cruise,AV,2020,ADS,,Cruise LLC,JUL-2022,1:39,San Francisco,CA,Street,Passenger Car,No Injuries Reported,"[REDACTED, MAY CONTAIN CONFIDENTIAL BUSINESS INFORMATION]",raw/SGO/SGO-2021-01_Incident_Reports_ADS (1).csv
30412-3584,1,Cruise LLC,Monthly,7,2022,AUG-2022,,Cruise,AV,2020,ADS,,Cruise LLC,JUL-2022,00:27,San Francisco,CA,Street,"Other, see Narrative",No Injuries Reported,"[REDACTED, MAY CONTAIN CONFIDENTIAL BUSINESS INFORMATION]",raw/SGO/SGO-2021-01_Incident_Reports_ADS (1).csv
30412-3748,1,Cruise LLC,1-Day,,,SEP-2022,,Cruise,AV,2022,ADS,,Cruise LLC,SEP-2022,18:46,San Francisco,CA,Street,Motorcycle,Minor,"[REDACTED, MAY CONTAIN CONFIDENTIAL BUSINESS INFORMATION]",raw/SGO/SGO-2021-01_Incident_Reports_ADS (1).csv
30412-3748,2,Cruise LLC,10-Day Update,,,SEP-2022,,Cruise,AV,2022,ADS,,Cruise LLC,SEP-2022,18:46,San Francisco,CA,Street,Motorcycle,Minor,"[REDACTED, MAY CONTAIN CONFIDENTIAL BUSINESS INFORMATION]",raw/SGO/SGO-2021-01_Incident_Reports_ADS (1).csv
30412-3748,3,Cruise LLC,Update,,,SEP-2024,,Cruise,AV,2022,ADS,,Cruise LLC,SEP-2022,18:46,San Francisco,CA,Street,Motorcycle,Minor,"[REDACTED, MAY CONTAIN CONFIDENTIAL BUSINESS INFORMATION]",raw/SGO/SGO-2021-01_Incident_Reports_ADS (1).csv
30412-3801,1,Cruise LLC,Monthly,8,2022,SEP-2022,,Cruise,AV,2020,ADS,,Cruise LLC,AUG-2022,07:04,San Francisco,CA,Street,Passenger Car,No Injuries Reported,"[REDACTED, MAY CONTAIN CONFIDENTIAL BUSINESS INFORMATION]",raw/SGO/SGO-2021-01_Incident_Reports_ADS (1).csv
30412-3806,1,Cruise LLC,Monthly,8,2022,SEP-2022,,Cruise,AV,2020,ADS,,Cruise LLC,AUG-2022,03:53,San Francisco,CA,Street,Passenger Car,Minor,"[REDACTED, MAY CONTAIN CONFIDENTIAL BUSINESS INFORMATION]",raw/SGO/SGO-2021-01_Incident_Reports_ADS (1).csv
30412-3978,1,Cruise LLC,Monthly,9,2022,OCT-2022,,Cruise,AV,2022,ADS,,Cruise LLC,SEP-2022,05:18,San Francisco,CA,Street,Passenger Car,No Injuries Reported,"[REDACTED, MAY CONTAIN CONFIDENTIAL BUSINESS INFORMATION]",raw/SGO/SGO-2021-01_Incident_Reports_ADS (1).csv
30412-3978,2,Cruise LLC,Update,,,OCT-2022,,Cruise,AV,2022,ADS,,Cruise LLC,SEP-2022,05:14,San Francisco,CA,Street,Passenger Car,No Injuries Reported,"[REDACTED, MAY CONTAIN CONFIDENTIAL BUSINESS INFORMATION]",raw/SGO/SGO-2021-01_Incident_Reports_ADS (1).csv
30412-3978,3,Cruise LLC,Update,,,SEP-2024,,Cruise,AV,2022,ADS,,Cruise LLC,SEP-2022,05:14,San Francisco,CA,Street,Passenger Car,No Injuries Reported,"[REDACTED, MAY CONTAIN CONFIDENTIAL BUSINESS INFORMATION]",raw/SGO/SGO-2021-01_Incident_Reports_ADS (1).csv
30412-4511,1,Cruise LLC,1-Day,,,DEC-2022,,Cruise,AV,2023,ADS,,Cruise LLC,DEC-2022,23:23,San Francisco,CA,Street,Passenger Car,No Injuries Reported,"[REDACTED, MAY CONTAIN CONFIDENTIAL BUSINESS INFORMATION]",raw/SGO/SGO-2021-01_Incident_Reports_ADS (1).csv
30412-4511,2,Cruise LLC,10-Day Update,,,DEC-2022,,Cruise,AV,2023,ADS,,Cruise LLC,DEC-2022,23:23,San Francisco,CA,Street,Passenger Car,No Injuries Reported,"[REDACTED, MAY CONTAIN CONFIDENTIAL BUSINESS INFORMATION]",raw/SGO/SGO-2021-01_Incident_Reports_ADS (1).csv
30412-4540,1,Cruise LLC,1-Day,,,DEC-2022,,Cruise,AV,2023,ADS,,Cruise LLC,DEC-2022,08:50,San Francisco,CA,Street,Passenger Car,Unknown,"[REDACTED, MAY CONTAIN CONFIDENTIAL BUSINESS INFORMATION]",raw/SGO/SGO-2021-01_Incident_Reports_ADS (1).csv
30412-4540,2,Cruise LLC,10-Day Update,,,DEC-2022,,Cruise,AV,2023,ADS,,Cruise LLC,DEC-2022,08:50,San Francisco,CA,Street,Passenger Car,Unknown,"[REDACTED, MAY CONTAIN CONFIDENTIAL BUSINESS INFORMATION]",raw/SGO/SGO-2021-01_Incident_Reports_ADS (1).csv
30412-4640,1,Cruise LLC,Monthly,12,2022,JAN-2023,,Cruise,AV,2023,ADS,,Cruise LLC,DEC-2022,23:51,San Francisco,CA,Street,Passenger Car,No Injuries Reported,"[REDACTED, MAY CONTAIN CONFIDENTIAL BUSINESS INFORMATION]",raw/SGO/SGO-2021-01_Incident_Reports_ADS (1).csv
30412-4642,1,Cruise LLC,Monthly,12,2022,JAN-2023,,Cruise,AV,2022,ADS,,Cruise LLC,DEC-2022,23:59,San Francisco,CA,Street,Passenger Car,No Injuries Reported,"[REDACTED, MAY CONTAIN CONFIDENTIAL BUSINESS INFORMATION]",raw/SGO/SGO-2021-01_Incident_Reports_ADS (1).csv
30412-4829,1,Cruise LLC,1-Day,,,FEB-2023,,Cruise,AV,2023,ADS,,Cruise LLC,FEB-2023,00:39,San Francisco,CA,Intersection,Van,No Injuries Reported,"[REDACTED, MAY CONTAIN CONFIDENTIAL BUSINESS INFORMATION]",raw/SGO/SGO-2021-01_Incident_Reports_ADS (1).csv
30412-4829,2,Cruise LLC,10-Day Update,,,FEB-2023,,Cruise,AV,2023,ADS,,Cruise LLC,FEB-2023,00:39,San Francisco,CA,Intersection,Van,No Injuries Reported,"[REDACTED, MAY CONTAIN CONFIDENTIAL BUSINESS INFORMATION]",raw/SGO/SGO-2021-01_Incident_Reports_ADS (1).csv
30412-4960,1,Cruise LLC,1-Day,,,MAR-2023,,Cruise,AV,2022,ADS,,Cruise LLC,MAR-2023,01:06,San Francisco,CA,Intersection,Passenger Car,No Injuries Reported,"[REDACTED, MAY CONTAIN CONFIDENTIAL BUSINESS INFORMATION]",raw/SGO/SGO-2021-01_Incident_Reports_ADS (1).csv
30412-4960,2,Cruise LLC,10-Day Update,,,MAR-2023,,Cruise,AV,2022,ADS,,Cruise LLC,MAR-2023,01:06,San Francisco,CA,Intersection,Passenger Car,No Injuries Reported,"[REDACTED, MAY CONTAIN CONFIDENTIAL BUSINESS INFORMATION]",raw/SGO/SGO-2021-01_Incident_Reports_ADS (1).csv
30412-4996,1,Cruise LLC,1-Day,,,MAR-2023,,Cruise,AV,2023,ADS,,Cruise LLC,MAR-2023,13:01,Tempe,AZ,Intersection,Passenger Car,Minor,"[REDACTED, MAY CONTAIN CONFIDENTIAL BUSINESS INFORMATION]",raw/SGO/SGO-2021-01_Incident_Reports_ADS (1).csv
30412-4996,2,Cruise LLC,10-Day Update,,,MAR-2023,,Cruise,AV,2023,ADS,,Cruise LLC,MAR-2023,13:01,Tempe,AZ,Intersection,Passenger Car,Minor,"[REDACTED, MAY CONTAIN CONFIDENTIAL BUSINESS INFORMATION]",raw/SGO/SGO-2021-01_Incident_Reports_ADS (1).csv
30412-5035,1,Cruise LLC,Monthly,2,2023,MAR-2023,,Cruise,AV,2022,ADS,,Cruise LLC,FEB-2023,02:05,San Francisco,CA,Street,Heavy Truck,No Injuries Reported,"[REDACTED, MAY CONTAIN CONFIDENTIAL BUSINESS INFORMATION]",raw/SGO/SGO-2021-01_Incident_Reports_ADS (1).csv
30412-5036,1,Cruise LLC,Monthly,2,2023,MAR-2023,,Cruise,AV,2023,ADS,,Cruise LLC,FEB-2023,00:29,San Francisco,CA,Street,Van,No Injuries Reported,"[REDACTED, MAY CONTAIN CONFIDENTIAL BUSINESS INFORMATION]",raw/SGO/SGO-2021-01_Incident_Reports_ADS (1).csv
30412-5101,1,Cruise LLC,1-Day,,,MAR-2023,,Cruise,AV,2023,ADS,,Cruise LLC,MAR-2023,3:26,San Francisco,CA,Intersection,Passenger Car,Minor,"[REDACTED, MAY CONTAIN CONFIDENTIAL BUSINESS INFORMATION]",raw/SGO/SGO-2021-01_Incident_Reports_ADS (1).csv
30412-5101,2,Cruise LLC,10-Day Update,,,MAR-2023,,Cruise,AV,2023,ADS,,Cruise LLC,MAR-2023,3:26,San Francisco,CA,Intersection,Passenger Car,No Injuries Reported,"[REDACTED, MAY CONTAIN CONFIDENTIAL BUSINESS INFORMATION]",raw/SGO/SGO-2021-01_Incident_Reports_ADS (1).csv
30412-5136,1,Cruise LLC,1-Day,,,MAR-2023,,Cruise,AV,2022,ADS,,Cruise LLC,MAR-2023,04:29,San Francisco,CA,Street,"Other, see Narrative",No Injuries Reported,"[REDACTED, MAY CONTAIN CONFIDENTIAL BUSINESS INFORMATION]",raw/SGO/SGO-2021-01_Incident_Reports_ADS (1).csv
30412-5136,2,Cruise LLC,10-Day Update,,,MAR-2023,,Cruise,AV,2022,ADS,,Cruise LLC,MAR-2023,04:29,San Francisco,CA,Street,"Other, see Narrative",No Injuries Reported,"[REDACTED, MAY CONTAIN CONFIDENTIAL BUSINESS INFORMATION]",raw/SGO/SGO-2021-01_Incident_Reports_ADS (1).csv
30412-5140,1,Cruise LLC,1-Day,,,MAR-2023,,Cruise,AV,2023,ADS,,Cruise LLC,MAR-2023,14:46,San Francisco,CA,Street,Bus,No Injuries Reported,"[REDACTED, MAY CONTAIN CONFIDENTIAL BUSINESS INFORMATION]",raw/SGO/SGO-2021-01_Incident_Reports_ADS (1).csv
30412-5140,2,Cruise LLC,10-Day Update,,,MAR-2023,,Cruise,AV,2023,ADS,,Cruise LLC,MAR-2023,14:46,San Francisco,CA,Street,Bus,No Injuries Reported,"[REDACTED, MAY CONTAIN CONFIDENTIAL BUSINESS INFORMATION]",raw/SGO/SGO-2021-01_Incident_Reports_ADS (1).csv
30412-5220,1,Cruise LLC,1-Day,,,APR-2023,,Cruise,AV,2023,ADS,,Cruise LLC,APR-2023,4:45,San Francisco,CA,Intersection,Passenger Car,No Injuries Reported,"[REDACTED, MAY CONTAIN CONFIDENTIAL BUSINESS INFORMATION]",raw/SGO/SGO-2021-01_Incident_Reports_ADS (1).csv
30412-5220,2,Cruise LLC,10-Day Update,,,APR-2023,,Cruise,AV,2023,ADS,,Cruise LLC,APR-2023,4:45,San Francisco,CA,Intersection,Passenger Car,No Injuries Reported,"[REDACTED, MAY CONTAIN CONFIDENTIAL BUSINESS INFORMATION]",raw/SGO/SGO-2021-01_Incident_Reports_ADS (1).csv
30412-5229,1,Cruise LLC,Monthly,3,2023,APR-2023,,Cruise,AV,2023,ADS,,Cruise LLC,MAR-2023,04:23,San Francisco,CA,Intersection,Heavy Truck,No Injuries Reported,"[REDACTED, MAY CONTAIN CONFIDENTIAL BUSINESS INFORMATION]",raw/SGO/SGO-2021-01_Incident_Reports_ADS (1).csv
30412-5240,1,Cruise LLC,Monthly,3,2023,APR-2023,,Cruise,AV,2023,ADS,,Cruise LLC,MAR-2023,23:51,San Francisco,CA,Street,Heavy Truck,No Injuries Reported,"[REDACTED, MAY CONTAIN CONFIDENTIAL BUSINESS INFORMATION]",raw/SGO/SGO-2021-01_Incident_Reports_ADS (1).csv
30412-5241,1,Cruise LLC,Monthly,3,2023,APR-2023,,Cruise,AV,2023,ADS,,Cruise LLC,MAR-2023,21:49,San Francisco,CA,Street,"Other, see Narrative",No Injuries Reported,"[REDACTED, MAY CONTAIN CONFIDENTIAL BUSINESS INFORMATION]",raw/SGO/SGO-2021-01_Incident_Reports_ADS (1).csv
30412-5242,1,Cruise LLC,Monthly,3,2023,APR-2023,,Cruise,AV,2023,ADS,,Cruise LLC,MAR-2023,03:20,San Francisco,CA,Street,"Other, see Narrative",No Injuries Reported,"[REDACTED, MAY CONTAIN CONFIDENTIAL BUSINESS INFORMATION]",raw/SGO/SGO-2021-01_Incident_Reports_ADS (1).csv
30412-5243,1,Cruise LLC,Monthly,3,2023,APR-2023,,Cruise,AV,2023,ADS,,Cruise LLC,MAR-2023,23:30,San Francisco,CA,Street,Passenger Car,No Injuries Reported,"[REDACTED, MAY CONTAIN CONFIDENTIAL BUSINESS INFORMATION]",raw/SGO/SGO-2021-01_Incident_Reports_ADS (1).csv
30412-5287,1,Cruise LLC,1-Day,,,APR-2023,,Cruise,AV,2022,ADS,,Cruise LLC,APR-2023,03:15,Austin,TX,Street,Passenger Car,No Injuries Reported,"[REDACTED, MAY CONTAIN CONFIDENTIAL BUSINESS INFORMATION]",raw/SGO/SGO-2021-01_Incident_Reports_ADS (1).csv
30412-5287,2,Cruise LLC,10-Day Update,,,APR-2023,,Cruise,AV,2022,ADS,,Cruise LLC,APR-2023,03:15,Austin,TX,Street,Passenger Car,No Injuries Reported,"[REDACTED, MAY CONTAIN CONFIDENTIAL BUSINESS INFORMATION]",raw/SGO/SGO-2021-01_Incident_Reports_ADS (1).csv
30412-5288,1,Cruise LLC,1-Day,,,APR-2023,,Cruise,AV,2023,ADS,,Cruise LLC,APR-2023,03:15,Austin,TX,Street,Passenger Car,No Injuries Reported,"[REDACTED, MAY CONTAIN CONFIDENTIAL BUSINESS INFORMATION]",raw/SGO/SGO-2021-01_Incident_Reports_ADS (1).csv
30412-5288,2,Cruise LLC,10-Day Update,,,APR-2023,,Cruise,AV,2023,ADS,,Cruise LLC,APR-2023,03:15,Austin,TX,Street,Passenger Car,No Injuries Reported,"[REDACTED, MAY CONTAIN CONFIDENTIAL BUSINESS INFORMATION]",raw/SGO/SGO-2021-01_Incident_Reports_ADS (1).csv
30412-5422,1,Cruise LLC,1-Day,,,MAY-2023,,Cruise,AV,2022,ADS,,Cruise LLC,MAY-2023,02:44,San Francisco,CA,Intersection,Other Fixed Object,Minor,"[REDACTED, MAY CONTAIN CONFIDENTIAL BUSINESS INFORMATION]",raw/SGO/SGO-2021-01_Incident_Reports_ADS (1).csv
30412-5422,2,Cruise LLC,10-Day Update,,,MAY-2023,,Cruise,AV,2022,ADS,,Cruise LLC,MAY-2023,02:44,San Francisco,CA,Intersection,Other Fixed Object,Minor,"[REDACTED, MAY CONTAIN CONFIDENTIAL BUSINESS INFORMATION]",raw/SGO/SGO-2021-01_Incident_Reports_ADS (1).csv
30412-5422,3,Cruise LLC,Update,,,MAY-2023,,Cruise,AV,2022,ADS,,Cruise LLC,MAY-2023,02:44,San Francisco,CA,Intersection,Other Fixed Object,Minor,"[REDACTED, MAY CONTAIN CONFIDENTIAL BUSINESS INFORMATION]",raw/SGO/SGO-2021-01_Incident_Reports_ADS (1).csv
30412-5430,1,Cruise LLC,1-Day,,,MAY-2023,,Cruise,AV,2023,ADS,,Cruise LLC,MAY-2023,09:32,San Francisco,CA,Intersection,"Other, see Narrative",No Injuries Reported,"[REDACTED, MAY CONTAIN CONFIDENTIAL BUSINESS INFORMATION]",raw/SGO/SGO-2021-01_Incident_Reports_ADS (1).csv
30412-5430,2,Cruise LLC,10-Day Update,,,MAY-2023,,Cruise,AV,2023,ADS,,Cruise LLC,MAY-2023,09:32,San Francisco,CA,Intersection,"Other, see Narrative",Minor,"[REDACTED, MAY CONTAIN CONFIDENTIAL BUSINESS INFORMATION]",raw/SGO/SGO-2021-01_Incident_Reports_ADS (1).csv
30412-5458,1,Cruise LLC,Monthly,4,2023,MAY-2023,,Cruise,AV,2023,ADS,,Cruise LLC,APR-2023,00:35,San Francisco,CA,Street,SUV,No Injuries Reported,"[REDACTED, MAY CONTAIN CONFIDENTIAL BUSINESS INFORMATION]",raw/SGO/SGO-2021-01_Incident_Reports_ADS (1).csv
30412-5459,1,Cruise LLC,Monthly,4,2023,MAY-2023,,Cruise,AV,2023,ADS,,Cruise LLC,APR-2023,23:35,San Francisco,CA,Intersection,"Other, see Narrative",No Injuries Reported,"[REDACTED, MAY CONTAIN CONFIDENTIAL BUSINESS INFORMATION]",raw/SGO/SGO-2021-01_Incident_Reports_ADS (1).csv
30412-5460,1,Cruise LLC,Monthly,4,2023,MAY-2023,,Cruise,AV,2023,ADS,,Cruise LLC,APR-2023,20:13,San Francisco,CA,Street,Passenger Car,No Injuries Reported,"[REDACTED, MAY CONTAIN CONFIDENTIAL BUSINESS INFORMATION]",raw/SGO/SGO-2021-01_Incident_Reports_ADS (1).csv
30412-5461,1,Cruise LLC,Monthly,4,2023,MAY-2023,,Cruise,AV,2022,ADS,,Cruise LLC,APR-2023,21:59,San Francisco,CA,Intersection,Passenger Car,No Injuries Reported,"[REDACTED, MAY CONTAIN CONFIDENTIAL BUSINESS INFORMATION]",raw/SGO/SGO-2021-01_Incident_Reports_ADS (1).csv
30412-5462,1,Cruise LLC,Monthly,4,2023,MAY-2023,,Cruise,AV,2020,ADS,,Cruise LLC,APR-2023,14:58,Mesa,AZ,Street,"Other, see Narrative",No Injuries Reported,"[REDACTED, MAY CONTAIN CONFIDENTIAL BUSINESS INFORMATION]",raw/SGO/SGO-2021-01_Incident_Reports_ADS (1).csv
30412-5624,1,Cruise LLC,5-Day,,,MAY-2023,,Cruise,AV,2022,ADS,,Cruise LLC,MAY-2023,21:24,San Francisco,CA,Street,Passenger Car,Minor,"[REDACTED, MAY CONTAIN CONFIDENTIAL BUSINESS INFORMATION]",raw/SGO/SGO-2021-01_Incident_Reports_ADS (1).csv
30412-5661,1,Cruise LLC,5-Day,,,JUN-2023,,Cruise,AV,2020,ADS,,Cruise LLC,JUN-2023,04:31,Chandler,AZ,Intersection,Heavy Truck,No Injuries Reported,"[REDACTED, MAY CONTAIN CONFIDENTIAL BUSINESS INFORMATION]",raw/SGO/SGO-2021-01_Incident_Reports_ADS (1).csv
30412-5687,1,Cruise LLC,1-Day,,,JUN-2023,,Cruise,AV,2022,ADS,,Cruise LLC,JUN-2023,22:22,San Francisco,CA,Intersection,Van,Unknown,"[REDACTED, MAY CONTAIN CONFIDENTIAL BUSINESS INFORMATION]",raw/SGO/SGO-2021-01_Incident_Reports_ADS (1).csv
30412-5687,2,Cruise LLC,10-Day Update,,,JUN-2023,,Cruise,AV,2022,ADS,,Cruise LLC,JUN-2023,22:22,San Francisco,CA,Intersection,Van,Unknown,"[REDACTED, MAY CONTAIN CONFIDENTIAL BUSINESS INFORMATION]",raw/SGO/SGO-2021-01_Incident_Reports_ADS (1).csv
30412-5697,1,Cruise LLC,Monthly,5,2023,JUN-2023,,Cruise,AV,2023,ADS,,Cruise LLC,MAY-2023,03:34,San Francisco,CA,Street,Passenger Car,No Injuries Reported,"[REDACTED, MAY CONTAIN CONFIDENTIAL BUSINESS INFORMATION]",raw/SGO/SGO-2021-01_Incident_Reports_ADS (1).csv
30412-5708,1,Cruise LLC,Monthly,5,2023,JUN-2023,,Cruise,AV,2023,ADS,,Cruise LLC,MAY-2023,00:35,Austin,TX,Street,Passenger Car,No Injuries Reported,"[REDACTED, MAY CONTAIN CONFIDENTIAL BUSINESS INFORMATION]",raw/SGO/SGO-2021-01_Incident_Reports_ADS (1).csv
30412-5709,1,Cruise LLC,Monthly,5,2023,JUN-2023,,Cruise,AV,2023,ADS,,Cruise LLC,MAY-2023,00:35,Austin,TX,Street,Passenger Car,No Injuries Reported,"[REDACTED, MAY CONTAIN CONFIDENTIAL BUSINESS INFORMATION]",raw/SGO/SGO-2021-01_Incident_Reports_ADS (1).csv
30412-5710,1,Cruise LLC,Monthly,5,2023,JUN-2023,,Cruise,AV,2022,ADS,,Cruise LLC,MAY-2023,23:12,Austin,TX,Street,Passenger Car,No Injuries Reported,"[REDACTED, MAY CONTAIN CONFIDENTIAL BUSINESS INFORMATION]",raw/SGO/SGO-2021-01_Incident_Reports_ADS (1).csv
30412-5711,1,Cruise LLC,Monthly,5,2023,JUN-2023,,Cruise,AV,2023,ADS,,Cruise LLC,MAY-2023,00:14,Austin,TX,Street,SUV,No Injuries Reported,"[REDACTED, MAY CONTAIN CONFIDENTIAL BUSINESS INFORMATION]",raw/SGO/SGO-2021-01_Incident_Reports_ADS (1).csv
30412-5782,1,Cruise LLC,Monthly,6,2023,JUL-2023,,Cruise,AV,2022,ADS,,Cruise LLC,JUN-2023,09:36,San Francisco,CA,Street,"Other, see Narrative",No Injuries Reported,"[REDACTED, MAY CONTAIN CONFIDENTIAL BUSINESS INFORMATION]",raw/SGO/SGO-2021-01_Incident_Reports_ADS (1).csv
30412-5799,1,Cruise LLC,5-Day,,,JUN-2023,,Cruise,AV,2023,ADS,,Cruise LLC,JUN-2023,22:37,San Francisco,CA,Street,"Other, see Narrative",No Injuries Reported,"[REDACTED, MAY CONTAIN CONFIDENTIAL BUSINESS INFORMATION]",raw/SGO/SGO-2021-01_Incident_Reports_ADS (1).csv
30412-5828,1,Cruise LLC,Monthly,6,2023,JUL-2023,,Cruise,AV,2022,ADS,,Cruise LLC,JUN-2023,22:37,San Francisco,CA,Street,SUV,No Injuries Reported,"[REDACTED, MAY CONTAIN CONFIDENTIAL BUSINESS INFORMATION]",raw/SGO/SGO-2021-01_Incident_Reports_ADS (1).csv
30412-5831,1,Cruise LLC,Monthly,6,2022,JUL-2023,,Cruise,AV,2023,ADS,,Cruise LLC,JUN-2023,23:30,San Francisco,CA,Street,"Other, see Narrative",No Injuries Reported,"[REDACTED, MAY CONTAIN CONFIDENTIAL BUSINESS INFORMATION]",raw/SGO/SGO-2021-01_Incident_Reports_ADS (1).csv
30412-5832,1,Cruise LLC,Monthly,6,2023,JUL-2023,,Cruise,AV,2023,ADS,,Cruise LLC,JUN-2023,00:50,San Francisco,CA,Street,Passenger Car,No Injuries Reported,"[REDACTED, MAY CONTAIN CONFIDENTIAL BUSINESS INFORMATION]",raw/SGO/SGO-2021-01_Incident_Reports_ADS (1).csv
30412-5833,1,Cruise LLC,Monthly,6,2023,JUL-2023,,Cruise,AV,2023,ADS,,Cruise LLC,JUN-2023,23:08,San Francisco,CA,Street,Passenger Car,No Injuries Reported,"[REDACTED, MAY CONTAIN CONFIDENTIAL BUSINESS INFORMATION]",raw/SGO/SGO-2021-01_Incident_Reports_ADS (1).csv
30412-5836,1,Cruise LLC,Monthly,6,2023,JUL-2023,,Cruise,AV,2023,ADS,,Cruise LLC,JUN-2023,21:04,Austin,TX,Street,Heavy Truck,No Injuries Reported,"[REDACTED, MAY CONTAIN CONFIDENTIAL BUSINESS INFORMATION]",raw/SGO/SGO-2021-01_Incident_Reports_ADS (1).csv
30412-5848,1,Cruise LLC,5-Day,,,JUL-2023,,Cruise,AV,2023,ADS,,Cruise LLC,JUL-2023,22:47,San Francisco,CA,Street,Pickup Truck,No Injuries Reported,"[REDACTED, MAY CONTAIN CONFIDENTIAL BUSINESS INFORMATION]",raw/SGO/SGO-2021-01_Incident_Reports_ADS (1).csv
30412-5968,1,Cruise LLC,5-Day,,,JUL-2023,,Cruise,AV,2023,ADS,,Cruise LLC,JUL-2023,23:08,San Francisco,CA,Intersection,SUV,Minor,"[REDACTED, MAY CONTAIN CONFIDENTIAL BUSINESS INFORMATION]",raw/SGO/SGO-2021-01_Incident_Reports_ADS (1).csv
30412-5980,1,Cruise LLC,5-Day,,,JUL-2023,,Cruise,AV,2023,ADS,,Cruise LLC,JUL-2023,19:50,Austin,TX,Intersection,SUV,No Injuries Reported,"[REDACTED, MAY CONTAIN CONFIDENTIAL BUSINESS INFORMATION]",raw/SGO/SGO-2021-01_Incident_Reports_ADS (1).csv
30412-5981,1,Cruise LLC,5-Day,,,JUL-2023,,Cruise,AV,2022,ADS,,Cruise LLC,JUL-2023,01:56,San Francisco,CA,Intersection,Passenger Car,No Injuries Reported,"[REDACTED, MAY CONTAIN CONFIDENTIAL BUSINESS INFORMATION]",raw/SGO/SGO-2021-01_Incident_Reports_ADS (1).csv
30412-5982,1,Cruise LLC,1-Day,,,JUL-2023,,Cruise,AV,2023,ADS,,Cruise LLC,JUL-2023,06:41,San Francisco,CA,Intersection,Passenger Car,Unknown,"[REDACTED, MAY CONTAIN CONFIDENTIAL BUSINESS INFORMATION]",raw/SGO/SGO-2021-01_Incident_Reports_ADS (1).csv
30412-5982,2,Cruise LLC,10-Day Update,,,AUG-2023,,Cruise,AV,2023,ADS,,Cruise LLC,JUL-2023,06:41,San Francisco,CA,Intersection,Passenger Car,Unknown,"[REDACTED, MAY CONTAIN CONFIDENTIAL BUSINESS INFORMATION]",raw/SGO/SGO-2021-01_Incident_Reports_ADS (1).csv
30412-5989,1,Cruise LLC,5-Day,,,JUL-2023,,Cruise,AV,2022,ADS,,Cruise LLC,JUL-2023,20:38,Tempe,AZ,Street,Passenger Car,Minor,"[REDACTED, MAY CONTAIN CONFIDENTIAL BUSINESS INFORMATION]",raw/SGO/SGO-2021-01_Incident_Reports_ADS (1).csv
30412-5992,1,Cruise LLC,5-Day,,,JUL-2023,,Cruise,AV,2023,ADS,,Cruise LLC,JUL-2023,05:35,Austin,TX,Intersection,SUV,No Injuries Reported,"[REDACTED, MAY CONTAIN CONFIDENTIAL BUSINESS INFORMATION]",raw/SGO/SGO-2021-01_Incident_Reports_ADS (1).csv
30412-5993,1,Cruise LLC,5-Day,,,JUL-2023,,Cruise,AV,2023,ADS,,Cruise LLC,JUL-2023,14:45,San Francisco,CA,Intersection,SUV,No Injuries Reported,"[REDACTED, MAY CONTAIN CONFIDENTIAL BUSINESS INFORMATION]",raw/SGO/SGO-2021-01_Incident_Reports_ADS (1).csv
30412-6006,1,Cruise LLC,5-Day,,,AUG-2023,,Cruise,AV,2022,ADS,,Cruise LLC,JUL-2023,23:51,San Francisco,CA,Intersection,Pickup Truck,No Injuries Reported,"[REDACTED, MAY CONTAIN CONFIDENTIAL BUSINESS INFORMATION]",raw/SGO/SGO-2021-01_Incident_Reports_ADS (1).csv
30412-6020,1,Cruise LLC,5-Day,,,AUG-2023,,Cruise,AV,2023,ADS,,Cruise LLC,AUG-2023,09:48,San Francisco,CA,Street,SUV,No Injuries Reported,"[REDACTED, MAY CONTAIN CONFIDENTIAL BUSINESS INFORMATION]",raw/SGO/SGO-2021-01_Incident_Reports_ADS (1).csv
30412-6037,1,Cruise LLC,Monthly,7,2023,AUG-2023,,Cruise,AV,2023,ADS,,Cruise LLC,JUL-2023,01:52,San Francisco,CA,Street,Passenger Car,No Injuries Reported,"[REDACTED, MAY CONTAIN CONFIDENTIAL BUSINESS INFORMATION]",raw/SGO/SGO-2021-01_Incident_Reports_ADS (1).csv
30412-6038,1,Cruise LLC,Monthly,7,2023,AUG-2023,,Cruise,AV,2023,ADS,,Cruise LLC,JUL-2023,20:56,San Francisco,CA,Street,Heavy Truck,No Injuries Reported,"[REDACTED, MAY CONTAIN CONFIDENTIAL BUSINESS INFORMATION]",raw/SGO/SGO-2021-01_Incident_Reports_ADS (1).csv
30412-6039,1,Cruise LLC,Monthly,7,2023,AUG-2023,,Cruise,AV,2023,ADS,,Cruise LLC,JUL-2023,22:34,San Francisco,CA,Street,SUV,No Injuries Reported,"[REDACTED, MAY CONTAIN CONFIDENTIAL BUSINESS INFORMATION]",raw/SGO/SGO-2021-01_Incident_Reports_ADS (1).csv
30412-6039,2,Cruise LLC,Update,,,SEP-2024,,Cruise,AV,2023,ADS,,Cruise LLC,JUL-2023,22:34,San Francisco,CA,Street,SUV,No Injuries Reported,"[REDACTED, MAY CONTAIN CONFIDENTIAL BUSINESS INFORMATION]",raw/SGO/SGO-2021-01_Incident_Reports_ADS (1).csv
30412-6040,1,Cruise LLC,Monthly,7,2023,AUG-2023,,Cruise,AV,2023,ADS,,Cruise LLC,JUL-2023,00:07,San Francisco,CA,Street,Passenger Car,No Injuries Reported,"[REDACTED, MAY CONTAIN CONFIDENTIAL BUSINESS INFORMATION]",raw/SGO/SGO-2021-01_Incident_Reports_ADS (1).csv
30412-6041,1,Cruise LLC,Monthly,7,2023,AUG-2023,,Cruise,AV,2023,ADS,,Cruise LLC,JUL-2023,10:47,San Francisco,CA,Street,"Other, see Narrative",No Injuries Reported,"[REDACTED, MAY CONTAIN CONFIDENTIAL BUSINESS INFORMATION]",raw/SGO/SGO-2021-01_Incident_Reports_ADS (1).csv
30412-6042,1,Cruise LLC,Monthly,7,2023,AUG-2023,,Cruise,AV,2023,ADS,,Cruise LLC,JUL-2023,16:16,San Francisco,CA,Intersection,Passenger Car,No Injuries Reported,"[REDACTED, MAY CONTAIN CONFIDENTIAL BUSINESS INFORMATION]",raw/SGO/SGO-2021-01_Incident_Reports_ADS (1).csv
30412-6043,1,Cruise LLC,Monthly,7,2023,AUG-2023,,Cruise,AV,2023,ADS,,Cruise LLC,JUL-2023,02:29,Austin,TX,Intersection,Pickup Truck,No Injuries Reported,"[REDACTED, MAY CONTAIN CONFIDENTIAL BUSINESS INFORMATION]",raw/SGO/SGO-2021-01_Incident_Reports_ADS (1).csv
30412-6044,1,Cruise LLC,Monthly,7,2023,AUG-2023,,Cruise,AV,2023,ADS,,Cruise LLC,JUL-2023,22:41,San Francisco,CA,Intersection,Passenger Car,No Injuries Reported,"[REDACTED, MAY CONTAIN CONFIDENTIAL BUSINESS INFORMATION]",raw/SGO/SGO-2021-01_Incident_Reports_ADS (1).csv
30412-6051,1,Cruise LLC,5-Day,,,AUG-2023,,Cruise,AV,2023,ADS,,Cruise LLC,AUG-2023,11:03,San Francisco,CA,Intersection,Heavy Truck,No Injuries Reported,"[REDACTED, MAY CONTAIN CONFIDENTIAL BUSINESS INFORMATION]",raw/SGO/SGO-2021-01_Incident_Reports_ADS (1).csv
30412-6052,1,Cruise LLC,5-Day,,,AUG-2023,,Cruise,AV,2023,ADS,,Cruise LLC,AUG-2023,11:41,San Francisco,CA,Street,Heavy Truck,No Injuries Reported,"[REDACTED, MAY CONTAIN CONFIDENTIAL BUSINESS INFORMATION]",raw/SGO/SGO-2021-01_Incident_Reports_ADS (1).csv
30412-6139,1,Cruise LLC,5-Day,,,AUG-2023,,Cruise,AV,2023,ADS,,Cruise LLC,AUG-2023,07:51,San Francisco,CA,Street,Pickup Truck,No Injuries Reported,"[REDACTED, MAY CONTAIN CONFIDENTIAL BUSINESS INFORMATION]",raw/SGO/SGO-2021-01_Incident_Reports_ADS (1).csv
30412-6144,1,Cruise LLC,1-Day,,,AUG-2023,,Cruise,AV,2023,ADS,,Cruise LLC,AUG-2023,22:22,San Francisco,CA,Intersection,First Responder Vehicle,Serious,"[REDACTED, MAY CONTAIN CONFIDENTIAL BUSINESS INFORMATION]",raw/SGO/SGO-2021-01_Incident_Reports_ADS (1).csv
30412-6144,2,Cruise LLC,10-Day Update,,,AUG-2023,,Cruise,AV,2023,ADS,,Cruise LLC,AUG-2023,22:22,San Francisco,CA,Intersection,First Responder Vehicle,Serious,"[REDACTED, MAY CONTAIN CONFIDENTIAL BUSINESS INFORMATION]",raw/SGO/SGO-2021-01_Incident_Reports_ADS (1).csv
30412-6144,3,Cruise LLC,Update,,,SEP-2023,,Cruise,AV,2023,ADS,,Cruise LLC,AUG-2023,22:22,San Francisco,CA,Intersection,First Responder Vehicle,Serious,"[REDACTED, MAY CONTAIN CONFIDENTIAL BUSINESS INFORMATION]",raw/SGO/SGO-2021-01_Incident_Reports_ADS (1).csv
30412-6145,1,Cruise LLC,1-Day,,,AUG-2023,,Cruise,AV,2023,ADS,,Cruise LLC,AUG-2023,08:45,San Francisco,CA,Intersection,Non-Motorist: Cyclist,Minor,"[REDACTED, MAY CONTAIN CONFIDENTIAL BUSINESS INFORMATION]",raw/SGO/SGO-2021-01_Incident_Reports_ADS (1).csv
30412-6145,2,Cruise LLC,10-Day Update,,,AUG-2023,,Cruise,AV,2023,ADS,,Cruise LLC,AUG-2023,08:45,San Francisco,CA,Intersection,Non-Motorist: Cyclist,Minor,"[REDACTED, MAY CONTAIN CONFIDENTIAL BUSINESS INFORMATION]",raw/SGO/SGO-2021-01_Incident_Reports_ADS (1).csv
30412-6158,1,Cruise LLC,5-Day,,,AUG-2023,,Cruise,AV,2023,ADS,,Cruise LLC,AUG-2023,00:12,San Francisco,CA,Intersection,Van,No Injuries Reported,"[REDACTED, MAY CONTAIN CONFIDENTIAL BUSINESS INFORMATION]",raw/SGO/SGO-2021-01_Incident_Reports_ADS (1).csv
30412-6159,1,Cruise LLC,5-Day,,,AUG-2023,,Cruise,AV,2023,ADS,,Cruise LLC,AUG-2023,00:19,San Francisco,CA,Intersection,Passenger Car,Moderate,"[REDACTED, MAY CONTAIN CONFIDENTIAL BUSINESS INFORMATION]",raw/SGO/SGO-2021-01_Incident_Reports_ADS (1).csv
30412-6159,2,Cruise LLC,Update,,,SEP-2023,,Cruise,AV,2023,ADS,,Cruise LLC,AUG-2023,00:19,San Francisco,CA,Intersection,Passenger Car,Moderate,"[REDACTED, MAY CONTAIN CONFIDENTIAL BUSINESS INFORMATION]",raw/SGO/SGO-2021-01_Incident_Reports_ADS (1).csv
30412-6160,1,Cruise LLC,5-Day,,,AUG-2023,,Cruise,AV,2023,ADS,,Cruise LLC,AUG-2023,00:56,San Francisco,CA,Intersection,Passenger Car,No Injuries Reported,"[REDACTED, MAY CONTAIN CONFIDENTIAL BUSINESS INFORMATION]",raw/SGO/SGO-2021-01_Incident_Reports_ADS (1).csv
30412-6160,2,Cruise LLC,Update,,,SEP-2023,,Cruise,AV,2023,ADS,,Cruise LLC,AUG-2023,00:56,San Francisco,CA,Intersection,Passenger Car,No Injuries Reported,"[REDACTED, MAY CONTAIN CONFIDENTIAL BUSINESS INFORMATION]",raw/SGO/SGO-2021-01_Incident_Reports_ADS (1).csv
30412-6167,1,Cruise LLC,Monthly,8,2023,SEP-2023,,Cruise,AV,2023,ADS,,Cruise LLC,AUG-2023,09:05,San Francisco,CA,Street,Passenger Car,Minor,"[REDACTED, MAY CONTAIN CONFIDENTIAL BUSINESS INFORMATION]",raw/SGO/SGO-2021-01_Incident_Reports_ADS (1).csv
30412-6167,2,Cruise LLC,Update,,,OCT-2023,,Cruise,AV,2023,ADS,,Cruise LLC,AUG-2023,09:05,San Francisco,CA,Street,Passenger Car,Minor,"[REDACTED, MAY CONTAIN CONFIDENTIAL BUSINESS INFORMATION]",raw/SGO/SGO-2021-01_Incident_Reports_ADS (1).csv
30412-6175,1,Cruise LLC,1-Day,,,AUG-2023,,Cruise,AV,2022,ADS,,Cruise LLC,AUG-2023,01:42,San Francisco,CA,Intersection,Non-Motorist: Pedestrian,Moderate,"[REDACTED, MAY CONTAIN CONFIDENTIAL BUSINESS INFORMATION]",raw/SGO/SGO-2021-01_Incident_Reports_ADS (1).csv
30412-6175,2,Cruise LLC,10-Day Update,,,SEP-2023,,Cruise,AV,2022,ADS,,Cruise LLC,AUG-2023,01:42,San Francisco,CA,Intersection,Non-Motorist: Pedestrian,Moderate,"[REDACTED, MAY CONTAIN CONFIDENTIAL BUSINESS INFORMATION]",raw/SGO/SGO-2021-01_Incident_Reports_ADS (1).csv
30412-6179,1,Cruise LLC,5-Day,,,AUG-2023,,Cruise,Origin,2024,ADS,,Cruise LLC,AUG-2023,00:36,Austin,TX,Street,Other Fixed Object,No Injuries Reported,"[REDACTED, MAY CONTAIN CONFIDENTIAL BUSINESS INFORMATION]",raw/SGO/SGO-2021-01_Incident_Reports_ADS (1).csv
30412-6180,1,Cruise LLC,5-Day,,,AUG-2023,,Cruise,AV,2023,ADS,,Cruise LLC,AUG-2023,21:22,San Francisco,CA,Intersection,Heavy Truck,No Injuries Reported,"[REDACTED, MAY CONTAIN CONFIDENTIAL BUSINESS INFORMATION]",raw/SGO/SGO-2021-01_Incident_Reports_ADS (1).csv
30412-6180,2,Cruise LLC,Update,,,SEP-2024,,Cruise,AV,2023,ADS,,Cruise LLC,AUG-2023,21:22,San Francisco,CA,Intersection,Heavy Truck,No Injuries Reported,"[REDACTED, MAY CONTAIN CONFIDENTIAL BUSINESS INFORMATION]",raw/SGO/SGO-2021-01_Incident_Reports_ADS (1).csv
30412-6181,1,Cruise LLC,5-Day,,,AUG-2023,,Cruise,AV,2023,ADS,,Cruise LLC,AUG-2023,01:39,San Francisco,CA,Intersection,SUV,No Injuries Reported,"[REDACTED, MAY CONTAIN CONFIDENTIAL BUSINESS INFORMATION]",raw/SGO/SGO-2021-01_Incident_Reports_ADS (1).csv
30412-6191,1,Cruise LLC,5-Day,,,SEP-2023,,Cruise,AV,2023,ADS,,Cruise LLC,AUG-2023,00:39,Austin,TX,Street,Passenger Car,No Injuries Reported,"[REDACTED, MAY CONTAIN CONFIDENTIAL BUSINESS INFORMATION]",raw/SGO/SGO-2021-01_Incident_Reports_ADS (1).csv
30412-6242,1,Cruise LLC,5-Day,,,SEP-2023,,Cruise,AV,2023,ADS,,Cruise LLC,SEP-2023,21:42,Houston,TX,Street,Passenger Car,No Injuries Reported,"[REDACTED, MAY CONTAIN CONFIDENTIAL BUSINESS INFORMATION]",raw/SGO/SGO-2021-01_Incident_Reports_ADS (1).csv
30412-6262,1,Cruise LLC,5-Day,,,SEP-2023,,Cruise,AV,2023,ADS,,Cruise LLC,SEP-2023,02:35,Austin,TX,Intersection,SUV,No Injuries Reported,"[REDACTED, MAY CONTAIN CONFIDENTIAL BUSINESS INFORMATION]",raw/SGO/SGO-2021-01_Incident_Reports_ADS (1).csv
30412-6268,1,Cruise LLC,Monthly,8,2023,SEP-2023,,Cruise,AV,2023,ADS,,Cruise LLC,AUG-2023,20:33,San Francisco,CA,Intersection,Passenger Car,No Injuries Reported,"[REDACTED, MAY CONTAIN CONFIDENTIAL BUSINESS INFORMATION]",raw/SGO/SGO-2021-01_Incident_Reports_ADS (1).csv
30412-6269,1,Cruise LLC,Monthly,8,2023,SEP-2023,,Cruise,AV,2023,ADS,,Cruise LLC,AUG-2023,13:47,San Francisco,CA,Intersection,Passenger Car,No Injuries Reported,"[REDACTED, MAY CONTAIN CONFIDENTIAL BUSINESS INFORMATION]",raw/SGO/SGO-2021-01_Incident_Reports_ADS (1).csv
30412-6270,1,Cruise LLC,Monthly,8,2023,SEP-2023,,Cruise,AV,2023,ADS,,Cruise LLC,AUG-2023,16:06,San Francisco,CA,Intersection,Passenger Car,Minor,"[REDACTED, MAY CONTAIN CONFIDENTIAL BUSINESS INFORMATION]",raw/SGO/SGO-2021-01_Incident_Reports_ADS (1).csv
30412-6271,1,Cruise LLC,Monthly,8,2023,SEP-2023,,Cruise,AV,2023,ADS,,Cruise LLC,AUG-2023,14:53,San Francisco,CA,Intersection,Pickup Truck,No Injuries Reported,"[REDACTED, MAY CONTAIN CONFIDENTIAL BUSINESS INFORMATION]",raw/SGO/SGO-2021-01_Incident_Reports_ADS (1).csv
30412-6272,1,Cruise LLC,Monthly,8,2023,SEP-2023,,Cruise,AV,2023,ADS,,Cruise LLC,AUG-2023,23:34,San Francisco,CA,Intersection,SUV,No Injuries Reported,"[REDACTED, MAY CONTAIN CONFIDENTIAL BUSINESS INFORMATION]",raw/SGO/SGO-2021-01_Incident_Reports_ADS (1).csv
30412-6273,1,Cruise LLC,Monthly,8,2023,SEP-2023,,Cruise,AV,2023,ADS,,Cruise LLC,AUG-2023,23:36,Austin,TX,Street,SUV,No Injuries Reported,"[REDACTED, MAY CONTAIN CONFIDENTIAL BUSINESS INFORMATION]",raw/SGO/SGO-2021-01_Incident_Reports_ADS (1).csv
30412-6274,1,Cruise LLC,Monthly,8,2023,SEP-2023,,Cruise,AV,2023,ADS,,Cruise LLC,AUG-2023,00:21,Austin,TX,Intersection,Pickup Truck,No Injuries Reported,"[REDACTED, MAY CONTAIN CONFIDENTIAL BUSINESS INFORMATION]",raw/SGO/SGO-2021-01_Incident_Reports_ADS (1).csv
30412-6275,1,Cruise LLC,Monthly,8,2023,SEP-2023,,Cruise,AV,2023,ADS,,Cruise LLC,AUG-2023,22:32,San Francisco,CA,Street,Heavy Truck,No Injuries Reported,"[REDACTED, MAY CONTAIN CONFIDENTIAL BUSINESS INFORMATION]",raw/SGO/SGO-2021-01_Incident_Reports_ADS (1).csv
30412-6276,1,Cruise LLC,Monthly,8,2023,SEP-2023,,Cruise,AV,2023,ADS,,Cruise LLC,AUG-2023,10:37,San Francisco,CA,Intersection,Heavy Truck,No Injuries Reported,"[REDACTED, MAY CONTAIN CONFIDENTIAL BUSINESS INFORMATION]",raw/SGO/SGO-2021-01_Incident_Reports_ADS (1).csv
30412-6277,1,Cruise LLC,Monthly,8,2023,SEP-2023,,Cruise,AV,2023,ADS,,Cruise LLC,AUG-2023,08:37,San Francisco,CA,Street,Heavy Truck,No Injuries Reported,"[REDACTED, MAY CONTAIN CONFIDENTIAL BUSINESS INFORMATION]",raw/SGO/SGO-2021-01_Incident_Reports_ADS (1).csv
30412-6278,1,Cruise LLC,Monthly,8,2023,SEP-2023,,Cruise,AV,2023,ADS,,Cruise LLC,AUG-2023,16:45,San Francisco,CA,Street,Pickup Truck,No Injuries Reported,"[REDACTED, MAY CONTAIN CONFIDENTIAL BUSINESS INFORMATION]",raw/SGO/SGO-2021-01_Incident_Reports_ADS (1).csv
30412-6279,1,Cruise LLC,Monthly,8,2023,SEP-2023,,Cruise,AV,2023,ADS,,Cruise LLC,AUG-2023,11:59,San Francisco,CA,Intersection,Passenger Car,No Injuries Reported,"[REDACTED, MAY CONTAIN CONFIDENTIAL BUSINESS INFORMATION]",raw/SGO/SGO-2021-01_Incident_Reports_ADS (1).csv
30412-6280,1,Cruise LLC,Monthly,8,2023,SEP-2023,,Cruise,AV,2023,ADS,,Cruise LLC,AUG-2023,22:55,San Francisco,CA,Intersection,Heavy Truck,No Injuries Reported,"[REDACTED, MAY CONTAIN CONFIDENTIAL BUSINESS INFORMATION]",raw/SGO/SGO-2021-01_Incident_Reports_ADS (1).csv
30412-6281,1,Cruise LLC,Monthly,8,2023,SEP-2023,,Cruise,AV,2022,ADS,,Cruise LLC,AUG-2023,16:31,San Francisco,CA,Street,Pickup Truck,No Injuries Reported,"[REDACTED, MAY CONTAIN CONFIDENTIAL BUSINESS INFORMATION]",raw/SGO/SGO-2021-01_Incident_Reports_ADS (1).csv
30412-6282,1,Cruise LLC,Monthly,8,2023,SEP-2023,,Cruise,AV,2023,ADS,,Cruise LLC,AUG-2023,04:53,San Francisco,CA,Intersection,SUV,No Injuries Reported,"[REDACTED, MAY CONTAIN CONFIDENTIAL BUSINESS INFORMATION]",raw/SGO/SGO-2021-01_Incident_Reports_ADS (1).csv
30412-6363,1,Cruise LLC,5-Day,,,SEP-2023,,Cruise,AV,2023,ADS,,Cruise LLC,SEP-2023,03:49,Austin,TX,Intersection,SUV,No Injuries Reported,"[REDACTED, MAY CONTAIN CONFIDENTIAL BUSINESS INFORMATION]",raw/SGO/SGO-2021-01_Incident_Reports_ADS (1).csv
30412-6371,1,Cruise LLC,5-Day,,,SEP-2023,,Cruise,AV,2023,ADS,,Cruise LLC,SEP-2023,20:14,Houston,TX,Intersection,SUV,No Injuries Reported,"[REDACTED, MAY CONTAIN CONFIDENTIAL BUSINESS INFORMATION]",raw/SGO/SGO-2021-01_Incident_Reports_ADS (1).csv
30412-6384,1,Cruise LLC,5-Day,,,OCT-2023,,Cruise,AV,2023,ADS,,Cruise LLC,SEP-2023,09:20,Houston,TX,Intersection,SUV,No Injuries Reported,"[REDACTED, MAY CONTAIN CONFIDENTIAL BUSINESS INFORMATION]",raw/SGO/SGO-2021-01_Incident_Reports_ADS (1).csv
30412-6395,1,Cruise LLC,1-Day,,,OCT-2023,,Cruise,AV,2023,ADS,,Cruise LLC,OCT-2023,21:29,San Francisco,CA,Intersection,Non-Motorist: Pedestrian,Serious,"[REDACTED, MAY CONTAIN CONFIDENTIAL BUSINESS INFORMATION]",raw/SGO/SGO-2021-01_Incident_Reports_ADS (1).csv
30412-6395,2,Cruise LLC,10-Day Update,,,OCT-2023,,Cruise,AV,2023,ADS,,Cruise LLC,OCT-2023,21:29,San Francisco,CA,Intersection,Non-Motorist: Pedestrian,Serious,"[REDACTED, MAY CONTAIN CONFIDENTIAL BUSINESS INFORMATION]",raw/SGO/SGO-2021-01_Incident_Reports_ADS (1).csv
30412-6395,3,Cruise LLC,Update,,,NOV-2023,,Cruise,AV,2023,ADS,,Cruise LLC,OCT-2023,21:29,San Francisco,CA,Intersection,Non-Motorist: Pedestrian,Serious,"[REDACTED, MAY CONTAIN CONFIDENTIAL BUSINESS INFORMATION]",raw/SGO/SGO-2021-01_Incident_Reports_ADS (1).csv
30412-6395,4,Cruise LLC,Update,,,DEC-2023,,Cruise,AV,2023,ADS,,Cruise LLC,OCT-2023,21:29,San Francisco,CA,Intersection,Non-Motorist: Pedestrian,Serious,"[REDACTED, MAY CONTAIN CONFIDENTIAL BUSINESS INFORMATION]",raw/SGO/SGO-2021-01_Incident_Reports_ADS (1).csv
30412-6436,1,Cruise LLC,Monthly,9,2023,OCT-2023,,Cruise,AV,2023,ADS,,Cruise LLC,SEP-2023,22:16,San Francisco,CA,Street,Passenger Car,No Injuries Reported,"[REDACTED, MAY CONTAIN CONFIDENTIAL BUSINESS INFORMATION]",raw/SGO/SGO-2021-01_Incident_Reports_ADS (1).csv
30412-6437,1,Cruise LLC,Monthly,9,2023,OCT-2023,,Cruise,AV,2023,ADS,,Cruise LLC,SEP-2023,23:02,Austin,TX,Street,Passenger Car,No Injuries Reported,"[REDACTED, MAY CONTAIN CONFIDENTIAL BUSINESS INFORMATION]",raw/SGO/SGO-2021-01_Incident_Reports_ADS (1).csv
30412-6438,1,Cruise LLC,Monthly,9,2023,OCT-2023,,Cruise,AV,2022,ADS,,Cruise LLC,SEP-2023,17:32,San Francisco,CA,Street,Heavy Truck,No Injuries Reported,"[REDACTED, MAY CONTAIN CONFIDENTIAL BUSINESS INFORMATION]",raw/SGO/SGO-2021-01_Incident_Reports_ADS (1).csv
30412-6439,1,Cruise LLC,Monthly,9,2023,OCT-2023,,Cruise,AV,2022,ADS,,Cruise LLC,SEP-2023,00:05,Tempe,AZ,Street,Animal,Fatality,"[REDACTED, MAY CONTAIN CONFIDENTIAL BUSINESS INFORMATION]",raw/SGO/SGO-2021-01_Incident_Reports_ADS (1).csv
30412-6439,2,Cruise LLC,Update,,,OCT-2023,,Cruise,AV,2022,ADS,,Cruise LLC,SEP-2023,00:05,Tempe,AZ,Street,Animal,No Injuries Reported,"[REDACTED, MAY CONTAIN CONFIDENTIAL BUSINESS INFORMATION]",raw/SGO/SGO-2021-01_Incident_Reports_ADS (1).csv
30412-6440,1,Cruise LLC,Monthly,9,2023,OCT-2023,,Cruise,AV,2023,ADS,,Cruise LLC,SEP-2023,04:59,Austin,TX,Street,Heavy Truck,No Injuries Reported,"[REDACTED, MAY CONTAIN CONFIDENTIAL BUSINESS INFORMATION]",raw/SGO/SGO-2021-01_Incident_Reports_ADS (1).csv
30412-6441,1,Cruise LLC,Monthly,9,2023,OCT-2023,,Cruise,AV,2023,ADS,,Cruise LLC,SEP-2023,10:54,Austin,TX,Street,Heavy Truck,No Injuries Reported,"[REDACTED, MAY CONTAIN CONFIDENTIAL BUSINESS INFORMATION]",raw/SGO/SGO-2021-01_Incident_Reports_ADS (1).csv
30412-6442,1,Cruise LLC,Monthly,9,2023,OCT-2023,,Cruise,AV,2023,ADS,,Cruise LLC,SEP-2023,23:56,San Francisco,CA,Intersection,Heavy Truck,No Injuries Reported,"[REDACTED, MAY CONTAIN CONFIDENTIAL BUSINESS INFORMATION]",raw/SGO/SGO-2021-01_Incident_Reports_ADS (1).csv
30412-6444,1,Cruise LLC,Monthly,9,2023,OCT-2023,,Cruise,AV,2023,ADS,,Cruise LLC,SEP-2023,23:44,Austin,TX,Intersection,SUV,No Injuries Reported,"[REDACTED, MAY CONTAIN CONFIDENTIAL BUSINESS INFORMATION]",raw/SGO/SGO-2021-01_Incident_Reports_ADS (1).csv
30412-6445,1,Cruise LLC,Monthly,9,2023,OCT-2023,,Cruise,AV,2023,ADS,,Cruise LLC,SEP-2023,22:36,Austin,TX,Intersection,SUV,No Injuries Reported,"[REDACTED, MAY CONTAIN CONFIDENTIAL BUSINESS INFORMATION]",raw/SGO/SGO-2021-01_Incident_Reports_ADS (1).csv
30412-6445,2,Cruise LLC,Update,,,NOV-2023,,Cruise,AV,2023,ADS,,Cruise LLC,SEP-2023,22:36,Austin,TX,Intersection,SUV,No Injuries Reported,"[REDACTED, MAY CONTAIN CONFIDENTIAL BUSINESS INFORMATION]",raw/SGO/SGO-2021-01_Incident_Reports_ADS (1).csv
30412-6446,1,Cruise LLC,Monthly,9,2023,OCT-2023,,Cruise,AV,2020,ADS,,Cruise LLC,SEP-2023,09:37,San Francisco,CA,Street,Van,No Injuries Reported,"[REDACTED, MAY CONTAIN CONFIDENTIAL BUSINESS INFORMATION]",raw/SGO/SGO-2021-01_Incident_Reports_ADS (1).csv
30412-6447,1,Cruise LLC,Monthly,9,2023,OCT-2023,,Cruise,AV,2023,ADS,,Cruise LLC,SEP-2023,08:42,San Francisco,CA,Intersection,Passenger Car,No Injuries Reported,"[REDACTED, MAY CONTAIN CONFIDENTIAL BUSINESS INFORMATION]",raw/SGO/SGO-2021-01_Incident_Reports_ADS (1).csv
30412-6525,1,Cruise LLC,5-Day,,,OCT-2023,,Cruise,AV,2023,ADS,,Cruise LLC,OCT-2023,16:31,San Francisco,CA,Street,Heavy Truck,No Injuries Reported,"[REDACTED, MAY CONTAIN CONFIDENTIAL BUSINESS INFORMATION]",raw/SGO/SGO-2021-01_Incident_Reports_ADS (1).csv
30412-6528,1,Cruise LLC,1-Day,,,OCT-2023,,Cruise,AV,2023,ADS,,Cruise LLC,OCT-2023,19:32,San Francisco,CA,Street,Motorcycle,Moderate,"[REDACTED, MAY CONTAIN CONFIDENTIAL BUSINESS INFORMATION]",raw/SGO/SGO-2021-01_Incident_Reports_ADS (1).csv
30412-6528,2,Cruise LLC,10-Day Update,,,OCT-2023,,Cruise,AV,2023,ADS,,Cruise LLC,OCT-2023,19:32,San Francisco,CA,Street,Motorcycle,Moderate,"[REDACTED, MAY CONTAIN CONFIDENTIAL BUSINESS INFORMATION]",raw/SGO/SGO-2021-01_Incident_Reports_ADS (1).csv
30412-6596,1,Cruise LLC,Monthly,10,2023,NOV-2023,,Cruise,AV,2023,ADS,,Cruise LLC,OCT-2023,05:01,Austin,TX,Intersection,Pickup Truck,No Injuries Reported,"[REDACTED, MAY CONTAIN CONFIDENTIAL BUSINESS INFORMATION]",raw/SGO/SGO-2021-01_Incident_Reports_ADS (1).csv
30412-6597,1,Cruise LLC,Monthly,10,2023,NOV-2023,,Cruise,AV,2023,ADS,,Cruise LLC,OCT-2023,02:24,Houston,TX,Street,Passenger Car,No Injuries Reported,"[REDACTED, MAY CONTAIN CONFIDENTIAL BUSINESS INFORMATION]",raw/SGO/SGO-2021-01_Incident_Reports_ADS (1).csv
30412-6598,1,Cruise LLC,Monthly,10,2023,NOV-2023,,Cruise,AV,2023,ADS,,Cruise LLC,OCT-2023,11:37,San Francisco,CA,Street,Van,No Injuries Reported,"[REDACTED, MAY CONTAIN CONFIDENTIAL BUSINESS INFORMATION]",raw/SGO/SGO-2021-01_Incident_Reports_ADS (1).csv
30412-6613,1,Cruise LLC,Monthly,10,2023,NOV-2023,,Cruise,AV,2023,ADS,,Cruise LLC,OCT-2023,22:19,San Francisco,CA,Intersection,Passenger Car,No Injuries Reported,"[REDACTED, MAY CONTAIN CONFIDENTIAL BUSINESS INFORMATION]",raw/SGO/SGO-2021-01_Incident_Reports_ADS (1).csv
30412-6614,1,Cruise LLC,Monthly,10,2023,NOV-2023,,Cruise,AV,2023,ADS,,Cruise LLC,OCT-2023,01:51,Austin,TX,Intersection,Pickup Truck,No Injuries Reported,"[REDACTED, MAY CONTAIN CONFIDENTIAL BUSINESS INFORMATION]",raw/SGO/SGO-2021-01_Incident_Reports_ADS (1).csv
30412-6616,1,Cruise LLC,Monthly,10,2023,NOV-2023,,Cruise,AV,2023,ADS,,Cruise LLC,OCT-2023,08:23,San Francisco,CA,Street,Heavy Truck,No Injuries Reported,"[REDACTED, MAY CONTAIN CONFIDENTIAL BUSINESS INFORMATION]",raw/SGO/SGO-2021-01_Incident_Reports_ADS (1).csv
30412-6617,1,Cruise LLC,Monthly,10,2023,NOV-2023,,Cruise,AV,2023,ADS,,Cruise LLC,OCT-2023,23:40,San Francisco,CA,Intersection,Passenger Car,No Injuries Reported,"[REDACTED, MAY CONTAIN CONFIDENTIAL BUSINESS INFORMATION]",raw/SGO/SGO-2021-01_Incident_Reports_ADS (1).csv
30412-6618,1,Cruise LLC,Monthly,10,2023,NOV-2023,,Cruise,AV,2022,ADS,,Cruise LLC,OCT-2023,01:29,Santa Monica,CA,Intersection,SUV,No Injuries Reported,"[REDACTED, MAY CONTAIN CONFIDENTIAL BUSINESS INFORMATION]",raw/SGO/SGO-2021-01_Incident_Reports_ADS (1).csv
30412-7840,1,Cruise LLC,5-Day,,,JUN-2024,,Cruise,AV,2023,ADS,,Cruise LLC,JUN-2024,04:55,Phoenix,AZ,Street,Passenger Car,Moderate,"[REDACTED, MAY CONTAIN CONFIDENTIAL BUSINESS INFORMATION]",raw/SGO/SGO-2021-01_Incident_Reports_ADS (1).csv
30412-7840,2,Cruise LLC,Update,,,JUL-2024,,Cruise,AV,2023,ADS,,Cruise LLC,JUN-2024,04:55,Phoenix,AZ,Street,Passenger Car,Moderate,"[REDACTED, MAY CONTAIN CONFIDENTIAL BUSINESS INFORMATION]",raw/SGO/SGO-2021-01_Incident_Reports_ADS (1).csv
30412-8748,1,Cruise LLC,5-Day,,,OCT-2024,,Cruise,AV,2023,ADS,,Cruise LLC,OCT-2024,11:49,Houston,TX,Intersection,Other Fixed Object,No Injuries Reported,"[REDACTED, MAY CONTAIN CONFIDENTIAL BUSINESS INFORMATION]",raw/SGO/SGO-2021-01_Incident_Reports_ADS (1).csv
30412-9204,1,Cruise LLC,1-Day,,,NOV-2024,,Cruise,AV,2023,ADS,,Cruise LLC,NOV-2024,19:23,Houston,TX,Street,Non-Motorist: Cyclist,No Injuries Reported,"[REDACTED, MAY CONTAIN CONFIDENTIAL BUSINESS INFORMATION]",raw/SGO/SGO-2021-01_Incident_Reports_ADS (1).csv
30412-9204,2,Cruise LLC,10-Day Update,,,NOV-2024,,Cruise,AV,2023,ADS,,Cruise LLC,NOV-2024,19:23,Houston,TX,Street,Non-Motorist: Cyclist,No Injuries Reported,"[REDACTED, MAY CONTAIN CONFIDENTIAL BUSINESS INFORMATION]",raw/SGO/SGO-2021-01_Incident_Reports_ADS (1).csv
30412-9268,1,Cruise LLC,Monthly,11,2024,DEC-2024,,Cruise,AV,2023,ADS,,Cruise LLC,NOV-2024,09:10,Houston,TX,Intersection,Heavy Truck,Moderate,"[REDACTED, MAY CONTAIN CONFIDENTIAL BUSINESS INFORMATION]",raw/SGO/SGO-2021-01_Incident_Reports_ADS (1).csv
30413-10762,1,May Mobility,Monthly,4,2025,MAY-2025,,Toyota,Sienna,2023,ADS,,May Mobility,APR-2025,11:28,Detroit,MI,Intersection,Passenger Car,No Injuries Reported,Yes,raw/SGO/SGO-2021-01_Incident_Reports_ADS (1).csv
30413-10763,1,May Mobility,Monthly,4,2025,MAY-2025,,Toyota,Sienna,2024,ADS,,May Mobility,APR-2025,8:55,Atlanta,GA,Street,Passenger Car,No Injuries Reported,Yes,raw/SGO/SGO-2021-01_Incident_Reports_ADS (1).csv
30413-10764,1,May Mobility,Monthly,4,2025,MAY-2025,,Toyota,Sienna,2024,ADS,,May Mobility,APR-2025,8:33,Ann Arbor,MI,Intersection,Passenger Car,No Injuries Reported,Yes,raw/SGO/SGO-2021-01_Incident_Reports_ADS (1).csv
30413-1130,1,May Mobility,Monthly,7,2021,AUG-2021,,Lexus,RX450H,2020,ADS,,May Mobility,JUL-2021,16:15,Indianapolis,IN,Street,SUV,No Injuries Reported,Yes,raw/SGO/SGO-2021-01_Incident_Reports_ADS (1).csv
30413-11487,1,May Mobility,Monthly,7,2025,AUG-2025,Y,TOYOTA,Sienna,2024,ADS,Verified Engaged,May Mobility Inc,JUL-2025,14:30,Peachtree Corners,GA,Intersection,Passenger Car,No Injured Reported,Yes,raw/SGO/SGO-2021-01_Incident_Reports_ADS.csv
30413-11489,1,May Mobility,Monthly,7,2025,AUG-2025,Y,TOYOTA,Sienna,2024,ADS,Verified Engaged,May Mobility Inc,JUL-2025,09:02,Atlanta,GA,Street,Other Fixed Object,No Injured Reported,Yes,raw/SGO/SGO-2021-01_Incident_Reports_ADS.csv
30413-11593,1,May Mobility,Monthly,8,2025,SEP-2025,Y,TOYOTA,Sienna,2024,ADS,Verified Engaged,May Mobility Inc.,AUG-2025,11:35,Peachtree Corners,GA,Intersection,Passenger Car,No Injured Reported,Yes,raw/SGO/SGO-2021-01_Incident_Reports_ADS.csv
30413-11593,2,May Mobility,Update,,,DEC-2025,Y,TOYOTA,Sienna,2024,ADS,Verified Engaged,May Mobility Inc.,AUG-2025,11:35,Peachtree Corners,GA,Intersection,Passenger Car,Minor W/O Hospitalization,Yes,raw/SGO/SGO-2021-01_Incident_Reports_ADS.csv
30413-11669,1,May Mobility,Monthly,8,2025,SEP-2025,Y,TOYOTA,Sienna,2023,ADS,Verified Engaged,May Mobility Inc.,AUG-2025,18:08,Eden Prairie,MN,Intersection,Pickup Truck,No Injured Reported,Yes,raw/SGO/SGO-2021-01_Incident_Reports_ADS.csv
30413-1206,1,May Mobility,Monthly,8,2021,SEP-2021,,Lexus,RX450H,2020,ADS,,May Mobility,AUG-2021,11:16,Indianapolis,IN,Street,"Other, see Narrative",No Injuries Reported,Yes,raw/SGO/SGO-2021-01_Incident_Reports_ADS (1).csv
30413-1207,1,May Mobility,Monthly,8,2021,SEP-2021,,Lexus,RX450H,2020,ADS,,May Mobility,AUG-2021,11:30,Ann Arbor,MI,Street,"Other, see Narrative",No Injuries Reported,Yes,raw/SGO/SGO-2021-01_Incident_Reports_ADS (1).csv
30413-13083,1,May Mobility,Monthly,11,2025,DEC-2025,Y,TOYOTA,Sienna,2023,ADS,Verified Engaged,May Mobility Inc.,NOV-2025,11:40,Grand Rapids,MN,Street,Other Fixed Object,No Injured Reported,Yes,raw/SGO/SGO-2021-01_Incident_Reports_ADS.csv
30413-13248,1,May Mobility,Monthly,11,2025,DEC-2025,Y,TOYOTA,Sienna,2024,ADS,Verified Engaged,May Mobility Inc.,NOV-2025,15:06,Atlanta,GA,Intersection,Passenger Car,No Injured Reported,Yes,raw/SGO/SGO-2021-01_Incident_Reports_ADS.csv
30413-13249,1,May Mobility,Monthly,11,2025,DEC-2025,Y,TOYOTA,Sienna,2023,ADS,Verified Engaged,May Mobility Inc.,NOV-2025,11:38,Atlanta,GA,Parking Lot,Other Fixed Object,No Injured Reported,Yes,raw/SGO/SGO-2021-01_Incident_Reports_ADS.csv
30413-13468,1,May Mobility,Monthly,12,2025,JAN-2026,Y,TOYOTA,Sienna,2024,ADS,Verified Engaged,May Mobility Inc,DEC-2025,11:29,Arlington,TX,Intersection,Passenger Car,No Injured Reported,Yes,raw/SGO/SGO-2021-01_Incident_Reports_ADS.csv
30413-13469,1,May Mobility,Monthly,12,2025,JAN-2026,Y,TOYOTA,Sienna,2023,ADS,Verified Engaged,May Mobility Inc,DEC-2025,19:37,Arlington,TX,Intersection,Passenger Car,No Injured Reported,Yes,raw/SGO/SGO-2021-01_Incident_Reports_ADS.csv
30413-13470,1,May Mobility,Monthly,12,2025,JAN-2026,Y,TOYOTA,Sienna,2024,ADS,Verified Engaged,May Mobility Inc,DEC-2025,11:01,Atlanta,GA,Street,SUV,No Injured Reported,Yes,raw/SGO/SGO-2021-01_Incident_Reports_ADS.csv
30413-13853,1,May Mobility,5-Day,,,JAN-2026,Y,TOYOTA,Sienna,2024,ADS,Verified Engaged,May Mobility Inc.,JAN-2026,07:48,Atlanta,GA,Street,Other Fixed Object,Minor W/ Hospitalization,Yes,raw/SGO/SGO-2021-01_Incident_Reports_ADS.csv
30413-14624,1,May Mobility,Monthly,3,2026,APR-2026,Y,TOYOTA,Sienna,2023,ADS,Verified Engaged,May Mobility Inc,MAR-2026,10:18,Arlington,TX,Intersection,SUV,No Injured Reported,Yes,raw/SGO/SGO-2021-01_Incident_Reports_ADS.csv
30413-14938,1,May Mobility,5-Day,,,MAY-2026,Y,TOYOTA,Sienna,2024,ADS,Verified Engaged,May Mobility Inc.,APR-2026,13:59,Atlanta,GA,Intersection,"Other, see Narrative",Minor W/ Hospitalization,Yes,raw/SGO/SGO-2021-01_Incident_Reports_ADS.csv
30413-15019,1,May Mobility,Monthly,4,2026,MAY-2026,Y,TOYOTA,Sienna,2024,ADS,Verified Engaged,May Mobility Inc.,APR-2026,18:28,Atlanta,GA,Street,Passenger Car,No Injured Reported,Yes,raw/SGO/SGO-2021-01_Incident_Reports_ADS.csv
30413-15463,1,May Mobility,Monthly,5,2026,JUN-2026,Y,TOYOTA,Sienna,2024,ADS,Verified Engaged,May Mobility Inc.,MAY-2026,16:11,Arlington,TX,Street,"Other, see Narrative",No Injured Reported,Yes,raw/SGO/SGO-2021-01_Incident_Reports_ADS.csv
30413-15464,1,May Mobility,Monthly,5,2026,JUN-2026,Y,TOYOTA,Sienna,2023,ADS,Verified Engaged,May Mobility Inc.,MAY-2026,16:38,Arlington,TX,Street,"Other, see Narrative",No Injured Reported,Yes,raw/SGO/SGO-2021-01_Incident_Reports_ADS.csv
30413-16218,1,May Mobility,Monthly,8,2026,AUG-2026,Y,TOYOTA,Sienna,2024,ADS,Verified Engaged,May Mobility Inc,JUL-2026,14:33,Atlanta,GA,Street,Van,No Injured Reported,Yes,raw/SGO/SGO-2021-01_Incident_Reports_ADS.csv
30413-16238,1,May Mobility,Monthly,8,2026,AUG-2026,Y,TOYOTA,Sienna,2023,ADS,Verified Engaged,May Mobility Inc.,JUL-2026,13:04,Arlington,TX,Street,SUV,No Injured Reported,Yes,raw/SGO/SGO-2021-01_Incident_Reports_ADS.csv
30413-3138,1,May Mobility,Monthly,5,2022,JUN-2022,,Lexus,RX450H,2020,ADS,,May Mobility,MAY-2022,16:11,Arlington,TX,Street,Pickup Truck,No Injuries Reported,Yes,raw/SGO/SGO-2021-01_Incident_Reports_ADS (1).csv
30413-3764,1,May Mobility,Monthly,8,2022,SEP-2022,,LExus,RX450H,2020,ADS,,May Mobility,AUG-2022,16:15,Arlington,TX,Intersection,Pickup Truck,No Injuries Reported,Yes,raw/SGO/SGO-2021-01_Incident_Reports_ADS (1).csv
30413-3943,1,May Mobility,Monthly,9,2022,OCT-2022,,Toyota,Sienna,2021,ADS,,May Mobility,SEP-2022,09:02,Sun City,AZ,Parking Lot,Passenger Car,No Injuries Reported,Yes,raw/SGO/SGO-2021-01_Incident_Reports_ADS (1).csv
30413-4170,1,May Mobility,1-Day,,,NOV-2022,,Lexus,RX450H,2020,"Unknown, see Narrative",,May Mobility,NOV-2022,15:43,Ann Arbor,MI,Intersection,Non-Motorist: Cyclist,No Injuries Reported,"No, see Narrative",raw/SGO/SGO-2021-01_Incident_Reports_ADS (1).csv
30413-4352,1,May Mobility,1-Day,,,DEC-2022,,Lexus,RX450h,2020,ADS,,May Mobility,DEC-2022,18:38,Ann Arbor,MI,Street,SUV,No Injuries Reported,Yes,raw/SGO/SGO-2021-01_Incident_Reports_ADS (1).csv
30413-4378,1,May Mobility,1-Day,,,DEC-2022,,Toyota,Sienna,2021,ADS,,May Mobility,DEC-2022,09:02,Sun City,AZ,Street,Motorcycle,No Injuries Reported,Yes,raw/SGO/SGO-2021-01_Incident_Reports_ADS (1).csv
30413-5396,1,May Mobility,Monthly,4,2023,APR-2023,,Lexus,RX450h,2020,ADS,,May Mobility,APR-2023,16:16,Ann Arbor,MI,Street,Passenger Car,No Injuries Reported,Yes,raw/SGO/SGO-2021-01_Incident_Reports_ADS (1).csv
30413-5633,1,May Mobility,5-Day,,,MAY-2023,,Toyota,Sienna,2021,ADS,,May Mobility,MAY-2023,16:40,Grand Rapids,MN,Intersection,Non-Motorist: Other,No Injuries Reported,Yes,raw/SGO/SGO-2021-01_Incident_Reports_ADS (1).csv
30413-6032,1,May Mobility,Monthly,7,2023,AUG-2023,,Toyota,Sienna,2021,ADS,,May Mobility,JUL-2023,17:25,Grand Rapids,MN,Street,Pickup Truck,No Injuries Reported,Yes,raw/SGO/SGO-2021-01_Incident_Reports_ADS (1).csv
30413-6257,1,May Mobility,Monthly,8,2023,SEP-2023,,Toyota,Sienna,2021,"Unknown, see Narrative",,May Mobility,AUG-2023,10:10,Arlington,TX,Street,Passenger Car,No Injuries Reported,"No, see Narrative",raw/SGO/SGO-2021-01_Incident_Reports_ADS (1).csv
30413-6684,1,May Mobility,Monthly,10,2023,NOV-2023,,Toyota,Sienna,2021,ADS,,May Mobility,OCT-2023,10:03,Grand Rapids,MN,Street,Other Fixed Object,No Injuries Reported,Yes,raw/SGO/SGO-2021-01_Incident_Reports_ADS (1).csv
30413-7307,1,May Mobility,Monthly,2,2024,MAR-2024,,Toyota,Sienna,2022,ADS,,May Mobility,FEB-2024,11:40,Ann Arbor,MI,Street,SUV,No Injuries Reported,"Unknown, see Narrative",raw/SGO/SGO-2021-01_Incident_Reports_ADS (1).csv
30413-7704,1,May Mobility,Monthly,4,2024,MAY-2024,,Toyota,Sienna,2022,ADS,,May Mobility,APR-2024,11:35,Miami,FL,Intersection,Van,No Injuries Reported,Yes,raw/SGO/SGO-2021-01_Incident_Reports_ADS (1).csv
30413-7880,1,May Mobility,Monthly,5,2024,JUN-2024,,Toyota,Sienna,2022,ADS,,May Mobility,MAY-2024,17:05,Miami,FL,Street,Motorcycle,No Injuries Reported,Yes,raw/SGO/SGO-2021-01_Incident_Reports_ADS (1).csv
30413-8218,1,May Mobility,1-Day,,,JUL-2024,,Toyota,Sienna,2022,ADS,,May Mobility,JUL-2024,13:57,Miami,FL,Street,Non-Motorist: Cyclist,No Injuries Reported,Yes,raw/SGO/SGO-2021-01_Incident_Reports_ADS (1).csv
30413-8305,1,May Mobility,Monthly,7,2024,AUG-2024,,Toyota,Siennaa,2022,ADS,,May Mobility,JUL-2024,08:40,Miami,FL,Street,Van,No Injuries Reported,Yes,raw/SGO/SGO-2021-01_Incident_Reports_ADS (1).csv
30413-8306,1,May Mobility,Monthly,7,2024,AUG-2024,,Toyota,Sienna,2022,ADS,,May Mobility,JUL-2024,12:57,Miami,FL,Street,SUV,No Injuries Reported,Yes,raw/SGO/SGO-2021-01_Incident_Reports_ADS (1).csv
30413-8861,1,May Mobility,Monthly,9,2024,OCT-2024,,Toyota,Sienna,2022,ADS,,May Mobility,SEP-2024,09:06,Peachtree Corners,GA,Street,Other Fixed Object,No Injuries Reported,Yes,raw/SGO/SGO-2021-01_Incident_Reports_ADS (1).csv
30413-9109,1,May Mobility,Monthly,10,2024,NOV-2024,,Toyota,Sienna,2022,ADS,,May Mobility,OCT-2024,13:07,Arlington,TX,Street,Passenger Car,No Injuries Reported,Yes,raw/SGO/SGO-2021-01_Incident_Reports_ADS (1).csv
30413-9723,1,May Mobility,5-Day,,,JAN-2025,,Toyota,Sienna,2023,ADS,,May Mobility,JAN-2025,17:04,Martinez,CA,Street,Passenger Car,No Injuries Reported,Yes,raw/SGO/SGO-2021-01_Incident_Reports_ADS (1).csv
30413-9723,2,May Mobility,Update,,,FEB-2025,,Toyota,Sienna,2023,ADS,,May Mobility,JAN-2025,17:04,Martinez,CA,Street,Passenger Car,No Injuries Reported,Yes,raw/SGO/SGO-2021-01_Incident_Reports_ADS (1).csv
30413-9949,1,May Mobility,Monthly,1,2025,FEB-2025,,Toyota,Sienna,2024,ADS,,May Mobility,JAN-2025,12:34,Ann Arbor,MI,Street,Passenger Car,No Injuries Reported,Yes,raw/SGO/SGO-2021-01_Incident_Reports_ADS (1).csv
30413-9958,1,May Mobility,Monthly,1,2025,FEB-2025,,Toyota,Sienna,2024,ADS,,May Mobility,JAN-2025,09:28,Peachtree Corners,GA,Parking Lot,Other Fixed Object,No Injuries Reported,Yes,raw/SGO/SGO-2021-01_Incident_Reports_ADS (1).csv
30414-1391,1,Easymile Inc.,1-Day,,,OCT-2021,,EZ10,GEN2,2018,ADS,,Colorado School of Mines,OCT-2021,08:23,Golden,CO,Street,Passenger Car,No Injuries Reported,"[REDACTED, MAY CONTAIN CONFIDENTIAL BUSINESS INFORMATION]",raw/SGO/SGO-2021-01_Incident_Reports_ADS (1).csv
30414-1391,2,Easymile Inc.,10-Day Update,,,NOV-2021,,EZ10,GEN2,2018,ADS,,Colorado School of Mines,OCT-2021,08:23,Golden,CO,Street,Passenger Car,No Injuries Reported,"[REDACTED, MAY CONTAIN CONFIDENTIAL BUSINESS INFORMATION]",raw/SGO/SGO-2021-01_Incident_Reports_ADS (1).csv
30414-1540,1,Easymile Inc.,1-Day,,,OCT-2021,,EZ10,GEN2,2018,ADS,,Colorado School of Mines,OCT-2021,15:15,Golden,CO,Street,Non-Motorist: Cyclist,No Injuries Reported,"[REDACTED, MAY CONTAIN CONFIDENTIAL BUSINESS INFORMATION]",raw/SGO/SGO-2021-01_Incident_Reports_ADS (1).csv
30414-1540,2,Easymile Inc.,10-Day Update,,,NOV-2021,,EZ10,GEN2,2018,ADS,,Colorado School of Mines,OCT-2021,15:15,Golden,CO,Street,Non-Motorist: Cyclist,No Injuries Reported,"[REDACTED, MAY CONTAIN CONFIDENTIAL BUSINESS INFORMATION]",raw/SGO/SGO-2021-01_Incident_Reports_ADS (1).csv
30414-1718,1,Easymile Inc.,Monthly,10,2021,NOV-2021,,EZ10,GEN2,2018,ADS,,Colorado School of Mines,OCT-2021,15:15,Golden,CO,Street,Non-Motorist: Cyclist,No Injuries Reported,"[REDACTED, MAY CONTAIN CONFIDENTIAL BUSINESS INFORMATION]",raw/SGO/SGO-2021-01_Incident_Reports_ADS (1).csv
30414-1719,1,Easymile Inc.,Monthly,10,2021,NOV-2021,,EZ10,GEN2,2018,ADS,,Colorado School of Mines,OCT-2021,08:23,Golden,CO,Street,Passenger Car,No Injuries Reported,"[REDACTED, MAY CONTAIN CONFIDENTIAL BUSINESS INFORMATION]",raw/SGO/SGO-2021-01_Incident_Reports_ADS (1).csv
30414-3650,2,Easymile Inc.,Update,,,AUG-2022,,Ligier,EZ10 Gen 3,2019,ADS,,"First Transit, Inc.",AUG-2022,16:23,Rochester,MN,Intersection,SUV,No Injuries Reported,Yes,raw/SGO/SGO-2021-01_Incident_Reports_ADS (1).csv
30414-3903,1,Easymile Inc.,Monthly,8,2022,SEP-2022,,Ligier,EZ10 Gen 3,2019,ADS,,"First Transit, Inc.",AUG-2022,16:23,Rochester,MN,Intersection,SUV,No Injuries Reported,Yes,raw/SGO/SGO-2021-01_Incident_Reports_ADS (1).csv
30415-1317,1,NAVYA Inc.,1-Day,,,SEP-2021,,NAVYA,Arma,2016,ADS,,,SEP-2021,16:43,Orlando,FL,Street,"Other, see Narrative",No Injuries Reported,Yes,raw/SGO/SGO-2021-01_Incident_Reports_ADS (1).csv
30450-6116,1,Ghost Autonomy Inc.,Monthly,8,2023,AUG-2023,,Toyota,Camry,2017,"Unknown, see Narrative",,Ghost Autonomy Inc.,AUG-2023,14:20,Sunol,CA,Highway / Freeway,"Other, see Narrative",No Injuries Reported,Yes,raw/SGO/SGO-2021-01_Incident_Reports_ADS (1).csv
30450-6958,1,Ghost Autonomy Inc.,Monthly,1,2024,JAN-2024,,Toyota,Camry,2017,ADS,,Ghost Autonomy Inc.,JAN-2024,16:48,San Jose,CA,Highway / Freeway,Passenger Car,No Injuries Reported,Yes,raw/SGO/SGO-2021-01_Incident_Reports_ADS (1).csv
30451-15790,1,Gatik AI Inc.,Monthly,7,2026,JUL-2026,Y,ISUZU,FVR,2025,ADS,Verified Engaged,Gatik AI Inc.,JUN-2026,22:00,Lowell,AR,Street,Heavy Truck,Property Damage. No Injured Reported,Yes,raw/SGO/SGO-2021-01_Incident_Reports_ADS.csv
30490-11294,1,"Beep, Inc.",Monthly,6,2025,JUL-2025,Y,FORD,Transit,2024,ADS,Verified Engaged,BEEP Inc,JUN-2025,07:57,Jacksonville,FL,Intersection,Passenger Car,Property Damage. No Injured Reported,Yes,raw/SGO/SGO-2021-01_Incident_Reports_ADS.csv
30490-11693,1,"Beep, Inc.",Monthly,9,2025,SEP-2025,Y,FORD,Transit,2022,ADS,Verified Not Engaged,"Beep, Inc.",AUG-2025,12:10,Jacksonville,FL,Street,Pole / Tree,Property Damage. No Injured Reported,Yes,raw/SGO/SGO-2021-01_Incident_Reports_ADS.csv
30490-13120,1,"Beep, Inc.",Monthly,11,2025,NOV-2025,Y,FORD,Transit,2024,ADS,Verified Engaged,"Beep, Inc.",NOV-2025,15:49,Jacksonville,FL,Street,Passenger Car,Property Damage. No Injured Reported,Yes,raw/SGO/SGO-2021-01_Incident_Reports_ADS.csv
30490-1314,1,"Beep, Inc.",Monthly,9,2021,SEP-2021,,Local Motors,Olli 1.0,2019,ADS,,"Beep, Inc.",AUG-2021,17:00,Mammoth,WY,Parking Lot,Passenger Car,No Injuries Reported,"No, see Narrative",raw/SGO/SGO-2021-01_Incident_Reports_ADS (1).csv
30490-14064,1,"Beep, Inc.",Monthly,1,2026,FEB-2026,Y,KARSAN,"Jest Electric, Jest EV, e-JEST",2025,ADS,Verified Engaged,"Beep, Inc.",JAN-2026,10:27,Washington,DC,Street,Passenger Car,Property Damage. No Injured Reported,Yes,raw/SGO/SGO-2021-01_Incident_Reports_ADS.csv
30490-3168,1,"Beep, Inc.",Monthly,5,2022,JUN-2022,,Navya,,,ADS,,Beep,MAY-2022,12:30,Dunedin,FL,Intersection,Bus,No Injuries Reported,Yes,raw/SGO/SGO-2021-01_Incident_Reports_ADS (1).csv
30490-4473,1,"Beep, Inc.",Monthly,12,2022,DEC-2022,,Navya,ARMA,2018,"Unknown, see Narrative",,Beep,DEC-2022,17:53,Port Saint Lucie,FL,Street,Passenger Car,No Injuries Reported,Yes,raw/SGO/SGO-2021-01_Incident_Reports_ADS (1).csv
30490-6165,1,"Beep, Inc.",1-Day,,,AUG-2023,,Navya,ARMA Autonom DL,,ADS,,"Beep, Inc.",AUG-2023,12:54,Orlando,FL,Street,Bus,No Injuries Reported,Yes,raw/SGO/SGO-2021-01_Incident_Reports_ADS (1).csv
30490-6165,2,"Beep, Inc.",Update,,,AUG-2023,,Navya,ARMA Autonom DL,,ADS,,"Beep, Inc.",AUG-2023,12:54,Orlando,FL,Street,Bus,No Injuries Reported,Yes,raw/SGO/SGO-2021-01_Incident_Reports_ADS (1).csv
30490-6359,1,"Beep, Inc.",Monthly,8,2023,SEP-2023,,Navya,Arma Autonom DL,,ADS,,"Beep, Inc.",AUG-2023,17:54,San Francisco,CA,Intersection,Passenger Car,No Injuries Reported,Yes,raw/SGO/SGO-2021-01_Incident_Reports_ADS (1).csv
30490-6360,1,"Beep, Inc.",Monthly,8,2023,SEP-2023,,Navya,Arma Autonom DL,,ADS,,"Beep, Inc.",AUG-2023,13:54,Orlando,FL,Street,Bus,No Injuries Reported,Yes,raw/SGO/SGO-2021-01_Incident_Reports_ADS (1).csv
30490-6590,1,"Beep, Inc.",5-Day,,,NOV-2023,,Navya,ARMA Autonom,,ADS,,"Beep, Inc.",NOV-2023,11:02,Orlando,FL,Intersection,Bus,No Injuries Reported,Yes,raw/SGO/SGO-2021-01_Incident_Reports_ADS (1).csv
30490-6821,1,"Beep, Inc.",Monthly,11,2023,DEC-2023,,Navya,ARMA,2020,ADS,,Beep Inc.,NOV-2023,11:02,Orlando,FL,Intersection,Bus,No Injuries Reported,Yes,raw/SGO/SGO-2021-01_Incident_Reports_ADS (1).csv
30490-8091,1,"Beep, Inc.",Monthly,6,2024,JUL-2024,,Local Motors (LOCM),Olli 2.0 Shuttle,2020,ADS,,"Beep, Inc",JUN-2024,13:57,Jacksonville,FL,Parking Lot,Van,No Injuries Reported,"[REDACTED, MAY CONTAIN CONFIDENTIAL BUSINESS INFORMATION]",raw/SGO/SGO-2021-01_Incident_Reports_ADS (1).csv
30490-9077,1,"Beep, Inc.",Monthly,10,2024,NOV-2024,,Navya,ARMA,2020,ADS,,Beep Inc.,OCT-2024,12:42,Starkville,MS,Intersection,Passenger Car,No Injuries Reported,Yes,raw/SGO/SGO-2021-01_Incident_Reports_ADS (1).csv
30530-10791,1,"Aurora Operations, Inc.",Monthly,5,2025,MAY-2025,,Peterbilt,579,2024,ADS,,"Aurora Operations, Inc.",APR-2025,15:57,Centerville,TX,Highway / Freeway,"Other, see Narrative",No Injuries Reported,Yes,raw/SGO/SGO-2021-01_Incident_Reports_ADS (1).csv
30530-11597,1,"Aurora Operations, Inc.",Monthly,9,2025,SEP-2025,Y,PETERBILT,579,2024,ADS,Verified Not Engaged,"Aurora Operations, Inc.",AUG-2025,10:55,Strawn,TX,Highway / Freeway,Heavy Truck,Property Damage. No Injured Reported,Yes,raw/SGO/SGO-2021-01_Incident_Reports_ADS.csv
30530-11895,1,"Aurora Operations, Inc.",Monthly,10,2025,OCT-2025,Y,PETERBILT,579,2024,ADS,Verified Engaged,"Aurora Operations, Inc.",SEP-2025,12:03,Kingwood,TX,Highway / Freeway,"Other, see Narrative",Property Damage. No Injured Reported,Yes,raw/SGO/SGO-2021-01_Incident_Reports_ADS.csv
30530-13119,1,"Aurora Operations, Inc.",Monthly,11,2025,NOV-2025,Y,PETERBILT,579,2024,ADS,Verified Engaged,"Aurora Operations, Inc.",OCT-2025,13:54,Aledo,TX,Street,Other Fixed Object,Property Damage. No Injured Reported,"No, see Narrative",raw/SGO/SGO-2021-01_Incident_Reports_ADS.csv
30530-14071,1,"Aurora Operations, Inc.",Monthly,2,2026,FEB-2026,Y,PETERBILT,579,2024,ADS,Verified Engaged,"Aurora Operations, Inc.",JAN-2026,17:30,El Paso,TX,Highway / Freeway,"Other, see Narrative",No Injured Reported,Yes,raw/SGO/SGO-2021-01_Incident_Reports_ADS.csv
30530-15027,1,"Aurora Operations, Inc.",Monthly,5,2026,MAY-2026,Y,PETERBILT,579,2024,ADS,Verified Engaged,"Aurora Operations, Inc.",APR-2026,14:08,Sheffield,TX,Highway / Freeway,"Other, see Narrative",Property Damage. No Injured Reported,Yes,raw/SGO/SGO-2021-01_Incident_Reports_ADS.csv
30530-15781,1,"Aurora Operations, Inc.",5-Day,,,JUL-2026,Y,INTERNATIONAL,LT62F,2026,ADS,Verified Engaged,"Aurora Operations, Inc.",JUL-2026,5:59,Aledo,TX,Intersection,Pickup Truck,Property Damage. No Injured Reported,Yes,raw/SGO/SGO-2021-01_Incident_Reports_ADS.csv
30530-16220,1,"Aurora Operations, Inc.",Monthly,8,2026,AUG-2026,Y,PETERBILT,579,2023,ADS,Verified Engaged,"Aurora Operations, Inc.",JUL-2026,23:32,Deming,NM,Highway / Freeway,"Other, see Narrative",Property Damage. No Injured Reported,Yes,raw/SGO/SGO-2021-01_Incident_Reports_ADS.csv
30530-4264,1,"Aurora Operations, Inc.",Monthly,11,2022,NOV-2022,,Peterbilt,579,2022,ADAS,,"Aurora Operations, Inc.",OCT-2022,10:55,Shenandoah,TX,Highway / Freeway,"Other, see Narrative",No Injuries Reported,Yes,raw/SGO/SGO-2021-01_Incident_Reports_ADS (1).csv
30530-5289,1,"Aurora Operations, Inc.",Monthly,4,2023,APR-2023,,Peterbilt,579m,2022,ADS,,"Aurora Operations, Inc.",MAR-2023,08:01,Weatherford,TX,Highway / Freeway,Passenger Car,No Injuries Reported,Yes,raw/SGO/SGO-2021-01_Incident_Reports_ADS (1).csv
30530-6125,1,"Aurora Operations, Inc.",Monthly,8,2023,AUG-2023,,Peterbilt,579m,2022,ADS,,"Aurora Operations, Inc.",JUL-2023,09:35,BUFFALO,TX,Highway / Freeway,"Other, see Narrative",No Injuries Reported,Yes,raw/SGO/SGO-2021-01_Incident_Reports_ADS (1).csv
30530-6818,1,"Aurora Operations, Inc.",Monthly,12,2023,DEC-2023,,Peterbilt,579,2023,ADS,,"Aurora Operations, Inc.",NOV-2023,09:56,Ranger,TX,Highway / Freeway,Pickup Truck,No Injuries Reported,Yes,raw/SGO/SGO-2021-01_Incident_Reports_ADS (1).csv
30530-7141,1,"Aurora Operations, Inc.",Monthly,2,2024,FEB-2024,,Peterbilt,579,2023,ADS,,"Aurora Operations, Inc.",FEB-2024,14:03,Streetman,TX,Highway / Freeway,Heavy Truck,No Injuries Reported,Yes,raw/SGO/SGO-2021-01_Incident_Reports_ADS (1).csv
30530-7475,1,"Aurora Operations, Inc.",Monthly,4,2024,APR-2024,,Peterbilt,579,2023,ADS,,"Aurora Operations, Inc.",MAR-2024,13:52,Barstow,TX,Highway / Freeway,Passenger Car,No Injuries Reported,Yes,raw/SGO/SGO-2021-01_Incident_Reports_ADS (1).csv
30530-7680,1,"Aurora Operations, Inc.",Monthly,5,2024,MAY-2024,,Peterbilt,Peterbilt 579,2024,ADS,,"Aurora Operations, Inc.",APR-2024,10:56,Conroe,TX,Highway / Freeway,"Other, see Narrative",No Injuries Reported,Yes,raw/SGO/SGO-2021-01_Incident_Reports_ADS (1).csv
30530-7891,1,"Aurora Operations, Inc.",Monthly,6,2024,JUN-2024,,Peterbilt,579,2024,ADS,,"Aurora Operations, Inc.",JUN-2024,13:19,SPRING,TX,Highway / Freeway,"Other, see Narrative",No Injuries Reported,Yes,raw/SGO/SGO-2021-01_Incident_Reports_ADS (1).csv
30530-7892,1,"Aurora Operations, Inc.",Monthly,6,2024,JUN-2024,,Peterbilt,579,2024,ADS,,"Aurora Operations, Inc.",MAY-2024,03:09,RICE,TX,Highway / Freeway,Animal,No Injuries Reported,Yes,raw/SGO/SGO-2021-01_Incident_Reports_ADS (1).csv
30530-8087,1,"Aurora Operations, Inc.",Monthly,7,2024,JUL-2024,,Peterbilt,579,2024,ADS,,"Aurora Operations, Inc.",JUN-2024,23:14,Huntsville,TX,Highway / Freeway,"Other, see Narrative",No Injuries Reported,Yes,raw/SGO/SGO-2021-01_Incident_Reports_ADS (1).csv
30530-8577,1,"Aurora Operations, Inc.",Monthly,9,2024,SEP-2024,,Peterbilt,579,2024,ADS,,"Aurora Operations, Inc.",AUG-2024,09:10,Centerville,TX,Highway / Freeway,"Other, see Narrative",No Injuries Reported,Yes,raw/SGO/SGO-2021-01_Incident_Reports_ADS (1).csv
30530-8579,1,"Aurora Operations, Inc.",Monthly,9,2024,SEP-2024,,Peterbilt,579,2023,ADS,,"Aurora Operations, Inc.",SEP-2024,13:59,Ennis,TX,Highway / Freeway,"Other, see Narrative",No Injuries Reported,Yes,raw/SGO/SGO-2021-01_Incident_Reports_ADS (1).csv
30530-8580,1,"Aurora Operations, Inc.",Monthly,9,2024,SEP-2024,,Peterbilt,579,2024,ADS,,"Aurora Operations, Inc.",SEP-2024,09:27,Buffalo,TX,Highway / Freeway,"Other, see Narrative",No Injuries Reported,Yes,raw/SGO/SGO-2021-01_Incident_Reports_ADS (1).csv
30530-8670,1,"Aurora Operations, Inc.",Monthly,9,2024,SEP-2024,,Peterbilt,579,2023,ADS,,"Aurora Operations, Inc.",SEP-2024,22:34,Huntsville,TX,Highway / Freeway,"Other, see Narrative",No Injuries Reported,Yes,raw/SGO/SGO-2021-01_Incident_Reports_ADS (1).csv
30530-9093,1,"Aurora Operations, Inc.",Monthly,11,2024,NOV-2024,,Peterbilt,579,2023,ADS,,"Aurora Operations, Inc.",OCT-2024,03:29,Streetman,TX,Highway / Freeway,Animal,No Injuries Reported,Yes,raw/SGO/SGO-2021-01_Incident_Reports_ADS (1).csv
30530-9960,1,"Aurora Operations, Inc.",Monthly,2,2025,FEB-2025,,Peterbilt,579,2024,ADS,,"Aurora Operations, Inc.",JAN-2025,08:18,Spring,TX,Highway / Freeway,"Other, see Narrative",No Injuries Reported,Yes,raw/SGO/SGO-2021-01_Incident_Reports_ADS (1).csv
30531-10009,1,Transdev Alternative Services,Monthly,1,2025,FEB-2025,,Jaguar,I-PACE,2021,ADS,,Waymo LLC,JAN-2025,16:41,Los Angeles,CA,Street,SUV,No Injuries Reported,Yes,raw/SGO/SGO-2021-01_Incident_Reports_ADS (1).csv
30531-10010,1,Transdev Alternative Services,Monthly,1,2025,FEB-2025,,Jaguar,I-PACE,2021,ADS,,Waymo LLC,JAN-2025,04:37,Tempe,AZ,Highway / Freeway,"Other, see Narrative",No Injuries Reported,Yes,raw/SGO/SGO-2021-01_Incident_Reports_ADS (1).csv
30531-10011,1,Transdev Alternative Services,Monthly,1,2025,FEB-2025,,Jaguar,I-PACE,2021,ADS,,Waymo LLC,JAN-2025,21:33,Los Angeles,CA,Street,"Other, see Narrative",No Injuries Reported,Yes,raw/SGO/SGO-2021-01_Incident_Reports_ADS (1).csv
30531-10293,1,Transdev Alternative Services,Monthly,2,2025,MAR-2025,,Jaguar,I-PACE,2024,ADS,,Waymo LLC,FEB-2025,16:13,Atlanta,GA,Street,SUV,No Injuries Reported,Yes,raw/SGO/SGO-2021-01_Incident_Reports_ADS (1).csv
30531-10633,1,Transdev Alternative Services,5-Day,,,MAY-2025,,Zeekr,CM1e,2024,ADS,,Waymo LLC,APR-2025,12:54,Los Angeles,CA,Parking Lot,Passenger Car,No Injuries Reported,"[REDACTED, MAY CONTAIN CONFIDENTIAL BUSINESS INFORMATION]",raw/SGO/SGO-2021-01_Incident_Reports_ADS (1).csv
30531-10650,1,Transdev Alternative Services,1-Day,,,MAY-2025,,Jaguar,I-Pace,2024,ADS,,Waymo LLC,MAY-2025,15:20,Austin,TX,Street,SUV,No Injuries Reported,Yes,raw/SGO/SGO-2021-01_Incident_Reports_ADS (1).csv
30531-1191,1,Transdev Alternative Services,1-Day,,,SEP-2021,,Jaguar,I-Pace,2021,ADS,,"Waymo, LLC.",AUG-2021,17:41,San Francisco,CA,Street,Passenger Car,No Injuries Reported,Yes,raw/SGO/SGO-2021-01_Incident_Reports_ADS (1).csv
30531-1191,2,Transdev Alternative Services,10-Day Update,,,SEP-2021,,Jaguar,I-Pace,2021,ADS,,"Waymo, LLC.",AUG-2021,17:41,San Francisco,CA,Street,Passenger Car,No Injuries Reported,Yes,raw/SGO/SGO-2021-01_Incident_Reports_ADS (1).csv
30531-1191,3,Transdev Alternative Services,Update,9,2021,SEP-2021,,Jaguar,I-Pace,2021,ADS,,"Waymo, LLC.",AUG-2021,17:41,San Francisco,CA,Street,Passenger Car,No Injuries Reported,Yes,raw/SGO/SGO-2021-01_Incident_Reports_ADS (1).csv
30531-1200,1,Transdev Alternative Services,1-Day,,,SEP-2021,,Chrysler,Pacifica,2017,ADS,,"Waymo, LLC.",SEP-2021,13:54,Tempe,AZ,Street,Pickup Truck,No Injuries Reported,Yes,raw/SGO/SGO-2021-01_Incident_Reports_ADS (1).csv
30531-1200,2,Transdev Alternative Services,10-Day Update,,,SEP-2021,,Chrysler,Pacifica,2017,ADS,,"Waymo, LLC.",SEP-2021,13:54,Tempe,AZ,Street,Pickup Truck,No Injuries Reported,Yes,raw/SGO/SGO-2021-01_Incident_Reports_ADS (1).csv
30531-1200,3,Transdev Alternative Services,Update,9,2021,OCT-2021,,Chrysler,Pacifica,2017,ADS,,"Waymo, LLC.",SEP-2021,13:54,Tempe,AZ,Street,Pickup Truck,No Injuries Reported,Yes,raw/SGO/SGO-2021-01_Incident_Reports_ADS (1).csv
30531-1326,1,Transdev Alternative Services,Monthly,8,2021,SEP-2021,,Jaguar,I-Pace,2021,ADS,,"Waymo, LLC.",AUG-2021,08:04,San Francisco,CA,Street,Van,No Injuries Reported,Yes,raw/SGO/SGO-2021-01_Incident_Reports_ADS (1).csv
30531-1327,1,Transdev Alternative Services,Monthly,8,2021,SEP-2021,,Jaguar,I-Pace,2021,ADS,,"Waymo, LLC.",AUG-2021,16:15,San Francisco,CA,Intersection,Pickup Truck,No Injuries Reported,Yes,raw/SGO/SGO-2021-01_Incident_Reports_ADS (1).csv
30531-1328,1,Transdev Alternative Services,Monthly,8,2021,SEP-2021,,Jaguar,I-Pace,2021,ADS,,"Waymo, LLC.",AUG-2021,07:30,San Francisco,CA,Intersection,Pickup Truck,No Injuries Reported,Yes,raw/SGO/SGO-2021-01_Incident_Reports_ADS (1).csv
30531-1382,1,Transdev Alternative Services,1-Day,,,OCT-2021,,Jaguar,I-Pace,2021,ADS,,Waymo LLC,OCT-2021,15:51,San Francisco,CA,Intersection,SUV,No Injuries Reported,Yes,raw/SGO/SGO-2021-01_Incident_Reports_ADS (1).csv
30531-1382,2,Transdev Alternative Services,10-Day Update,,,OCT-2021,,Jaguar,I-Pace,2021,ADS,,Waymo LLC,OCT-2021,15:51,San Francisco,CA,Intersection,SUV,No Injuries Reported,Yes,raw/SGO/SGO-2021-01_Incident_Reports_ADS (1).csv
30531-1503,1,Transdev Alternative Services,Monthly,9,2021,OCT-2021,,Jaguar,I-Pace,2021,ADS,,Waymo LLC.,SEP-2021,01:56,San Francisco,CA,Street,Passenger Car,No Injuries Reported,Yes,raw/SGO/SGO-2021-01_Incident_Reports_ADS (1).csv
30531-1504,1,Transdev Alternative Services,Monthly,9,2021,OCT-2021,,Jaguar,I-Pace,2021,ADS,,Waymo LLC.,SEP-2021,17:14,Sann Francisco,CA,Intersection,Passenger Car,No Injuries Reported,Yes,raw/SGO/SGO-2021-01_Incident_Reports_ADS (1).csv
30531-1505,1,Transdev Alternative Services,Monthly,9,2021,OCT-2021,,Jaguar,I-Pace,2021,ADS,,Waymo LLC.,SEP-2021,12:33,San Francisco,CA,Intersection,Passenger Car,No Injuries Reported,Yes,raw/SGO/SGO-2021-01_Incident_Reports_ADS (1).csv
30531-1506,1,Transdev Alternative Services,Monthly,9,2021,OCT-2021,,Chrysler,Pacifica,2017,ADS,,Waymo LLC.,SEP-2021,01:58,Tempe,AZ,Parking Lot,Passenger Car,No Injuries Reported,Yes,raw/SGO/SGO-2021-01_Incident_Reports_ADS (1).csv
30531-1507,1,Transdev Alternative Services,Monthly,9,2021,OCT-2021,,Jaguar,I-Pace,2021,ADS,,Waymo LLC.,SEP-2021,11:39,San Francisco,CA,Street,Passenger Car,No Injuries Reported,Yes,raw/SGO/SGO-2021-01_Incident_Reports_ADS (1).csv
30531-1618,1,Transdev Alternative Services,1-Day,,,NOV-2021,,Jaguar,I-Pace,2021,ADS,,Waymo LLC.,NOV-2021,16:28,San Francisco,CA,Intersection,Passenger Car,No Injuries Reported,Yes,raw/SGO/SGO-2021-01_Incident_Reports_ADS (1).csv
30531-1618,2,Transdev Alternative Services,10-Day Update,,,NOV-2021,,Jaguar,I-Pace,2021,ADS,,Waymo LLC.,NOV-2021,16:28,San Francisco,CA,Intersection,Passenger Car,No Injuries Reported,Yes,raw/SGO/SGO-2021-01_Incident_Reports_ADS (1).csv
30531-1742,1,Transdev Alternative Services,Monthly,10,2021,NOV-2021,,Jaguar,I-Pace,2021,ADS,,Waymo LLC,OCT-2021,18:39,San Francisco,CA,Street,Passenger Car,No Injuries Reported,Yes,raw/SGO/SGO-2021-01_Incident_Reports_ADS (1).csv
30531-1743,1,Transdev Alternative Services,Monthly,10,2021,NOV-2021,,Jaguar,I-Pace,2021,ADS,,Waymo LLC,OCT-2021,12:57,San Francisco,CA,Intersection,SUV,No Injuries Reported,Yes,raw/SGO/SGO-2021-01_Incident_Reports_ADS (1).csv
30531-1744,1,Transdev Alternative Services,Monthly,10,2021,NOV-2021,,Jaguar,I-Pace,2021,ADS,,Waymo LLC,OCT-2021,12:33,San Francisco,CA,Intersection,Passenger Car,No Injuries Reported,Yes,raw/SGO/SGO-2021-01_Incident_Reports_ADS (1).csv
30531-1745,1,Transdev Alternative Services,Monthly,10,2021,NOV-2021,,Jaguar,I-Pace,2021,ADS,,Waymo LLC,OCT-2021,21:35,San Francisco,CA,Intersection,Van,No Injuries Reported,Yes,raw/SGO/SGO-2021-01_Incident_Reports_ADS (1).csv
30531-1761,1,Transdev Alternative Services,1-Day,,,NOV-2021,,Jaguar,I-Pace,2021,ADS,,Waymo LLC,NOV-2021,02:20,San Francisco,CA,Intersection,Passenger Car,No Injuries Reported,Yes,raw/SGO/SGO-2021-01_Incident_Reports_ADS (1).csv
30531-1761,2,Transdev Alternative Services,10-Day Update,,,NOV-2021,,Jaguar,I-Pace,2021,ADS,,Waymo LLC,NOV-2021,02:20,San Francisco,CA,Intersection,Passenger Car,No Injuries Reported,Yes,raw/SGO/SGO-2021-01_Incident_Reports_ADS (1).csv
30531-1782,1,Transdev Alternative Services,1-Day,,,NOV-2021,,Jaguar,I-Pace,2021,ADS,,Waymo LLC.,NOV-2021,00:39,Phoenix,AZ,Intersection,Passenger Car,Unknown,Yes,raw/SGO/SGO-2021-01_Incident_Reports_ADS (1).csv
30531-1782,2,Transdev Alternative Services,10-Day Update,,,DEC-2021,,Jaguar,I-Pace,2021,ADS,,Waymo LLC.,NOV-2021,00:39,Phoenix,AZ,Intersection,Passenger Car,Unknown,Yes,raw/SGO/SGO-2021-01_Incident_Reports_ADS (1).csv
30531-1795,1,Transdev Alternative Services,1-Day,,,NOV-2021,,Jaguar,I-Pace,2021,ADS,,Waymo LLC.,NOV-2021,20:02,San Francisco,CA,Intersection,Passenger Car,Unknown,Yes,raw/SGO/SGO-2021-01_Incident_Reports_ADS (1).csv
30531-1796,1,Transdev Alternative Services,1-Day,,,NOV-2021,,Jaguar,I-Pace,2021,ADS,,Waymo LLC.,NOV-2021,18:08,San Francisco,CA,Intersection,Passenger Car,No Injuries Reported,Yes,raw/SGO/SGO-2021-01_Incident_Reports_ADS (1).csv
30531-1796,2,Transdev Alternative Services,10-Day Update,,,DEC-2021,,Jaguar,I-Pace,2021,ADS,,Waymo LLC.,NOV-2021,18:08,San Francisco,CA,Intersection,Passenger Car,No Injuries Reported,Yes,raw/SGO/SGO-2021-01_Incident_Reports_ADS (1).csv
30531-1821,1,Transdev Alternative Services,1-Day,,,DEC-2021,,Jaguar,I-Pace,2021,ADS,,Waymo LLC.,DEC-2021,16:30,San Francisco,CA,Street,SUV,No Injuries Reported,Yes,raw/SGO/SGO-2021-01_Incident_Reports_ADS (1).csv
30531-1821,2,Transdev Alternative Services,10-Day Update,,,DEC-2021,,Jaguar,I-Pace,2021,ADS,,Waymo LLC.,DEC-2021,16:30,San Francisco,CA,Street,SUV,No Injuries Reported,Yes,raw/SGO/SGO-2021-01_Incident_Reports_ADS (1).csv
30531-1940,1,Transdev Alternative Services,Monthly,11,2021,DEC-2021,,Chrysler,Pacifica,2017,ADS,,Waymo LLC.,NOV-2021,18:47,Chandler,AZ,Intersection,Passenger Car,No Injuries Reported,Yes,raw/SGO/SGO-2021-01_Incident_Reports_ADS (1).csv
30531-1941,1,Transdev Alternative Services,Monthly,11,2021,DEC-2021,,Jaguar,I-Pace,2021,ADS,,Waymo LLC.,NOV-2021,11:11,San Francisco,CA,Street,SUV,No Injuries Reported,Yes,raw/SGO/SGO-2021-01_Incident_Reports_ADS (1).csv
30531-1942,1,Transdev Alternative Services,Monthly,11,2021,DEC-2021,,Jaguar,I-Pace,2021,ADS,,Waymo LLC.,NOV-2021,13:23,San Francisco,CA,Intersection,Passenger Car,No Injuries Reported,Yes,raw/SGO/SGO-2021-01_Incident_Reports_ADS (1).csv
30531-1943,1,Transdev Alternative Services,Monthly,11,2021,DEC-2021,,Jaguar,I-Pace,2021,ADS,,Waymo LLC.,NOV-2021,01:50,San Francisco,CA,Intersection,Passenger Car,No Injuries Reported,Yes,raw/SGO/SGO-2021-01_Incident_Reports_ADS (1).csv
30531-1984,1,Transdev Alternative Services,1-Day,,,DEC-2021,,Jaguar,I-Pace,2021,ADAS,,Waymo LLC.,DEC-2021,10:30,San Francisco,CA,Intersection,Passenger Car,No Injuries Reported,Yes,raw/SGO/SGO-2021-01_Incident_Reports_ADS (1).csv
30531-1984,2,Transdev Alternative Services,10-Day Update,,,DEC-2021,,Jaguar,I-Pace,2021,ADAS,,Waymo LLC.,DEC-2021,10:30,San Francisco,CA,Intersection,Passenger Car,No Injuries Reported,Yes,raw/SGO/SGO-2021-01_Incident_Reports_ADS (1).csv
30531-2,1,Transdev Alternative Services,1-Day,,,JUL-2021,,Chrysler,Pacifica,2017,ADS,,Waymo LLC,JUL-2021,15:10,San Francisco,CA,Intersection,Van,No Injuries Reported,Yes,raw/SGO/SGO-2021-01_Incident_Reports_ADS (1).csv
30531-2,2,Transdev Alternative Services,10-Day Update,,,JUL-2021,,Chrysler,Pacifica,2017,ADS,,Waymo LLC,JUL-2021,15:10,San Francisco,CA,Intersection,Van,No Injuries Reported,Yes,raw/SGO/SGO-2021-01_Incident_Reports_ADS (1).csv
30531-2,3,Transdev Alternative Services,Update,8,2021,AUG-2021,,Chrysler,Pacifica,2017,ADS,,Waymo LLC,JUL-2021,15:10,San Francisco,CA,Intersection,Van,No Injuries Reported,Yes,raw/SGO/SGO-2021-01_Incident_Reports_ADS (1).csv
30531-2155,1,Transdev Alternative Services,Monthly,12,2021,JAN-2022,,Jaguar,I-Pace,2021,"Unknown, see Narrative",,Waymo LLC.,DEC-2021,10:47,San Francisco,CA,Intersection,SUV,No Injuries Reported,Yes,raw/SGO/SGO-2021-01_Incident_Reports_ADS (1).csv
30531-2156,1,Transdev Alternative Services,Monthly,12,2021,JAN-2022,,Jaguar,I-Pace,2021,"Unknown, see Narrative",,Waymo LLC.,DEC-2021,12:23,San Francisco,CA,Intersection,Passenger Car,No Injuries Reported,Yes,raw/SGO/SGO-2021-01_Incident_Reports_ADS (1).csv
30531-2161,1,Transdev Alternative Services,1-Day,,,JAN-2022,,Jaguar,I-Pace,2021,"Unknown, see Narrative",,Waymo LLC.,JAN-2022,17:20,San Francisco,CA,Intersection,Passenger Car,No Injuries Reported,Yes,raw/SGO/SGO-2021-01_Incident_Reports_ADS (1).csv
30531-2161,2,Transdev Alternative Services,10-Day Update,,,JAN-2022,,Jaguar,I-Pace,2021,"Unknown, see Narrative",,Waymo LLC.,JAN-2022,17:20,San Francisco,CA,Intersection,Passenger Car,No Injuries Reported,Yes,raw/SGO/SGO-2021-01_Incident_Reports_ADS (1).csv
30531-2822,1,Transdev Alternative Services,1-Day,,,APR-2022,,Jaguar,I-Pace,2021,ADS,,Waymo LLC,APR-2022,16:36,San Francisco,CA,Street,SUV,No Injuries Reported,Yes,raw/SGO/SGO-2021-01_Incident_Reports_ADS (1).csv
30531-2822,2,Transdev Alternative Services,10-Day Update,,,MAY-2022,,Jaguar,I-Pace,2021,ADS,,Waymo LLC,APR-2022,16:36,San Francisco,CA,Street,SUV,No Injuries Reported,Yes,raw/SGO/SGO-2021-01_Incident_Reports_ADS (1).csv
30531-2902,1,Transdev Alternative Services,1-Day,,,MAY-2022,,Peterbilt,579 Epiq,2022,ADS,,Waymo LLC,MAY-2022,15:11,Ennis,TX,Highway / Freeway,Heavy Truck,Moderate,"Unknown, see Narrative",raw/SGO/SGO-2021-01_Incident_Reports_ADS (1).csv
30531-2902,2,Transdev Alternative Services,10-Day Update,,,MAY-2022,,Peterbilt,579 Epiq,2022,ADS,,Waymo LLC,MAY-2022,15:11,Ennis,TX,Highway / Freeway,Heavy Truck,Moderate,"Unknown, see Narrative",raw/SGO/SGO-2021-01_Incident_Reports_ADS (1).csv
30531-3064,1,Transdev Alternative Services,1-Day,,,MAY-2022,,Jaguar,I-Pace,2021,"Unknown, see Narrative",,Waymo LLC,MAY-2022,01:16,San Francisco,CA,Intersection,Motorcycle,No Injuries Reported,Yes,raw/SGO/SGO-2021-01_Incident_Reports_ADS (1).csv
30531-3064,2,Transdev Alternative Services,10-Day Update,,,JUN-2022,,Jaguar,I-Pace,2021,"Unknown, see Narrative",,Waymo LLC,MAY-2022,01:16,San Francisco,CA,Intersection,Motorcycle,No Injuries Reported,Yes,raw/SGO/SGO-2021-01_Incident_Reports_ADS (1).csv
30531-3065,1,Transdev Alternative Services,1-Day,,,MAY-2022,,Jaguar,I-Pace,2021,"Unknown, see Narrative",,Waymo LLC,MAY-2022,01:43,Phoenix,AZ,Parking Lot,"Other, see Narrative",No Injuries Reported,Yes,raw/SGO/SGO-2021-01_Incident_Reports_ADS (1).csv
30531-3065,2,Transdev Alternative Services,10-Day Update,,,JUN-2022,,Jaguar,I-Pace,2021,"Unknown, see Narrative",,Waymo LLC,MAY-2022,01:43,Phoenix,AZ,Parking Lot,"Other, see Narrative",No Injuries Reported,Yes,raw/SGO/SGO-2021-01_Incident_Reports_ADS (1).csv
30531-3225,1,Transdev Alternative Services,Monthly,5,2022,JUN-2022,,Jaguar,I-Pace,2021,ADS,,Waymo LLC,MAY-2022,13:26,San Francisco,CA,Intersection,Pickup Truck,No Injuries Reported,Yes,raw/SGO/SGO-2021-01_Incident_Reports_ADS (1).csv
30531-3226,1,Transdev Alternative Services,Monthly,5,2022,JUN-2022,,Jaguar,I-Pace,2021,ADS,,Waymo LLC,MAY-2022,09:19,San Francisco,CA,Intersection,SUV,No Injuries Reported,Yes,raw/SGO/SGO-2021-01_Incident_Reports_ADS (1).csv
30531-3227,1,Transdev Alternative Services,Monthly,5,2021,JUN-2022,,Jaguar,I-Pace,2021,ADS,,Waymo LLC,MAY-2022,13:26,San Francisco,CA,Intersection,Passenger Car,No Injuries Reported,Yes,raw/SGO/SGO-2021-01_Incident_Reports_ADS (1).csv
30531-3256,1,Transdev Alternative Services,1-Day,,,JUN-2022,,Jaguar,I-Pace,2021,ADS,,Waymo LLC,JUN-2022,,San Francisco,CA,Parking Lot,"Other, see Narrative",No Injuries Reported,Yes,raw/SGO/SGO-2021-01_Incident_Reports_ADS (1).csv
30531-3256,2,Transdev Alternative Services,10-Day Update,,,JUL-2022,,Jaguar,I-Pace,2021,ADS,,Waymo LLC,JUN-2022,12:50,San Francisco,CA,Parking Lot,"Other, see Narrative",No Injuries Reported,Yes,raw/SGO/SGO-2021-01_Incident_Reports_ADS (1).csv
30531-33,1,Transdev Alternative Services,1-Day,,,AUG-2021,,Jaguar,I-Pace,2021,ADS,,Waymo LLC.,AUG-2021,16:48,San Francisco,CA,Intersection,Non-Motorist: Cyclist,No Injuries Reported,Yes,raw/SGO/SGO-2021-01_Incident_Reports_ADS (1).csv
30531-33,2,Transdev Alternative Services,10-Day Update,,,AUG-2021,,Jaguar,I-Pace,2021,ADS,,Waymo LLC.,AUG-2021,16:48,San Francisco,CA,Intersection,Non-Motorist: Cyclist,No Injuries Reported,Yes,raw/SGO/SGO-2021-01_Incident_Reports_ADS (1).csv
30531-33,3,Transdev Alternative Services,Update,9,2021,SEP-2021,,Jaguar,I-Pace,2021,ADS,,Waymo LLC.,AUG-2021,16:48,San Francisco,CA,Intersection,Non-Motorist: Cyclist,No Injuries Reported,Yes,raw/SGO/SGO-2021-01_Incident_Reports_ADS (1).csv
30531-3342,1,Transdev Alternative Services,1-Day,,,JUL-2022,,Jaguar,I-Pace,2021,ADS,,Waymo LLC,JUL-2022,9:04,Phoenix,AZ,Intersection,Passenger Car,Minor,Yes,raw/SGO/SGO-2021-01_Incident_Reports_ADS (1).csv
30531-3342,2,Transdev Alternative Services,10-Day Update,,,JUL-2022,,Jaguar,I-Pace,2021,ADS,,Waymo LLC,JUL-2022,9:04,Phoenix,AZ,Intersection,Passenger Car,Minor,Yes,raw/SGO/SGO-2021-01_Incident_Reports_ADS (1).csv
30531-3445,1,Transdev Alternative Services,Monthly,6,2022,JUL-2022,,Jaguar,I-Pace,2021,ADS,,Waymo LLC,JUN-2022,7:26,San Francisco,CA,Intersection,Pickup Truck,No Injuries Reported,Yes,raw/SGO/SGO-2021-01_Incident_Reports_ADS (1).csv
30531-3446,1,Transdev Alternative Services,Monthly,6,2022,JUL-2022,,Jaguar,I-Pace,2021,ADS,,Waymo LLC,JUN-2022,10:07,San Francisco,CA,Street,Passenger Car,No Injuries Reported,Yes,raw/SGO/SGO-2021-01_Incident_Reports_ADS (1).csv
30531-3546,1,Transdev Alternative Services,1-Day,,,AUG-2022,,Chrysler,Pacifica,2017,ADS,,Waymo LLC,AUG-2022,10:25,Tempe,AZ,Intersection,Other Fixed Object,No Injuries Reported,Yes,raw/SGO/SGO-2021-01_Incident_Reports_ADS (1).csv
30531-3546,2,Transdev Alternative Services,10-Day Update,,,AUG-2022,,Chrysler,Pacifica,2017,ADS,,Waymo LLC,AUG-2022,10:25,Tempe,AZ,Intersection,Other Fixed Object,No Injuries Reported,Yes,raw/SGO/SGO-2021-01_Incident_Reports_ADS (1).csv
30531-3626,1,Transdev Alternative Services,1-Day,,,AUG-2022,,Jaguar,I-Pace,2021,ADS,,Waymo LLC,AUG-2022,3:09,San Francisco,CA,Intersection,SUV,No Injuries Reported,Yes,raw/SGO/SGO-2021-01_Incident_Reports_ADS (1).csv
30531-3626,2,Transdev Alternative Services,10-Day Update,,,AUG-2022,,Jaguar,I-Pace,2021,ADS,,Waymo LLC,AUG-2022,3:09,San Francisco,CA,Intersection,SUV,No Injuries Reported,Yes,raw/SGO/SGO-2021-01_Incident_Reports_ADS (1).csv
30531-3660,1,Transdev Alternative Services,Monthly,7,2022,AUG-2022,,Jaguar,I-Pace,2021,ADS,,Waymo LLC,JUN-2022,16:50,San Francisco,CA,Intersection,"Other, see Narrative",Minor,Yes,raw/SGO/SGO-2021-01_Incident_Reports_ADS (1).csv
30531-3661,1,Transdev Alternative Services,Monthly,7,2022,AUG-2022,,Chrysler,Pacifica,2017,ADS,,Waymo LLC,JUL-2022,02:50,Tempe,AZ,Parking Lot,Passenger Car,No Injuries Reported,Yes,raw/SGO/SGO-2021-01_Incident_Reports_ADS (1).csv
30531-3662,1,Transdev Alternative Services,Monthly,7,2022,AUG-2022,,Jaguar,I-Pace,2021,ADS,,Waymo LLC,JUL-2022,02:50,San Francisco,CA,Intersection,Passenger Car,No Injuries Reported,Yes,raw/SGO/SGO-2021-01_Incident_Reports_ADS (1).csv
30531-3663,1,Transdev Alternative Services,Monthly,7,2022,AUG-2022,,Jaguar,I-Pace,2021,ADS,,Waymo LLC,JUL-2022,23:23,San Francisco,CA,Street,Passenger Car,No Injuries Reported,Yes,raw/SGO/SGO-2021-01_Incident_Reports_ADS (1).csv
30531-3664,1,Transdev Alternative Services,Monthly,7,2022,AUG-2022,,Jaguar,I-Pace,2021,ADS,,Waymo LLC,JUL-2022,06:54,San Francisco,CA,Intersection,Passenger Car,Minor,Yes,raw/SGO/SGO-2021-01_Incident_Reports_ADS (1).csv
30531-3665,1,Transdev Alternative Services,Monthly,7,2022,AUG-2022,,Jaguar,I-Pace,2021,ADS,,Waymo LLC,JUL-2022,10:08,San Francisco,CA,Parking Lot,Van,No Injuries Reported,Yes,raw/SGO/SGO-2021-01_Incident_Reports_ADS (1).csv
30531-3809,1,Transdev Alternative Services,1-Day,,,SEP-2022,,Jaguar,I-Pace,2021,ADS,,Waymo LLC,SEP-2022,13:13,Phoenix,AZ,Intersection,Passenger Car,Unknown,Yes,raw/SGO/SGO-2021-01_Incident_Reports_ADS (1).csv
30531-3809,2,Transdev Alternative Services,10-Day Update,,,SEP-2022,,Jaguar,I-Pace,2021,ADS,,Waymo LLC,SEP-2022,13:13,Phoenix,AZ,Intersection,Passenger Car,Unknown,Yes,raw/SGO/SGO-2021-01_Incident_Reports_ADS (1).csv
30531-3877,1,Transdev Alternative Services,Monthly,8,2022,SEP-2022,,Jaguar,I-Pace,2021,ADS,,Waymo LLC,AUG-2022,11:03,Tempe,AZ,Street,Passenger Car,No Injuries Reported,Yes,raw/SGO/SGO-2021-01_Incident_Reports_ADS (1).csv
30531-3879,1,Transdev Alternative Services,Monthly,8,2022,SEP-2022,,Jaguar,I-Pace,2021,ADS,,Waymo LLC,AUG-2022,23:30,Phoenix,AZ,Street,Animal,No Injuries Reported,Yes,raw/SGO/SGO-2021-01_Incident_Reports_ADS (1).csv
30531-3880,1,Transdev Alternative Services,Monthly,8,2022,SEP-2022,,Jaguar,I-Pace,2021,ADS,,Waymo LLC,AUG-2022,18:08,San Francisco,CA,Street,Passenger Car,No Injuries Reported,Yes,raw/SGO/SGO-2021-01_Incident_Reports_ADS (1).csv
30531-3881,1,Transdev Alternative Services,Monthly,8,2022,SEP-2022,,Jaguar,I-Pace,2021,ADS,,Waymo LLC,AUG-2022,3:52,San Francisco,CA,Intersection,SUV,No Injuries Reported,Yes,raw/SGO/SGO-2021-01_Incident_Reports_ADS (1).csv
30531-3882,1,Transdev Alternative Services,Monthly,8,2022,SEP-2022,,Peterbilt,579 Epiq,2021,ADS,,Waymo LLC,AUG-2022,18:33,Ennis,TX,Highway / Freeway,Heavy Truck,No Injuries Reported,Yes,raw/SGO/SGO-2021-01_Incident_Reports_ADS (1).csv
30531-3883,1,Transdev Alternative Services,Monthly,8,2022,SEP-2022,,Jaguar,I-Pace,2021,ADS,,Waymo LLC,AUG-2022,00:06,Tempe,AZ,Street,Passenger Car,No Injuries Reported,Yes,raw/SGO/SGO-2021-01_Incident_Reports_ADS (1).csv
30531-3884,1,Transdev Alternative Services,Monthly,8,2022,SEP-2022,,Jaguar,I-Pace,2021,ADS,,Waymo LLC,AUG-2022,18:15,San Francisco,CA,Intersection,Van,No Injuries Reported,Yes,raw/SGO/SGO-2021-01_Incident_Reports_ADS (1).csv
30531-4077,1,Transdev Alternative Services,Monthly,9,2022,OCT-2022,,Peterbilt,579 Epiq,2022,ADS,,Waymo LLC,SEP-2022,04:03,Huntsville,TX,Highway / Freeway,"Other, see Narrative",No Injuries Reported,Yes,raw/SGO/SGO-2021-01_Incident_Reports_ADS (1).csv
30531-4079,1,Transdev Alternative Services,Monthly,9,2022,OCT-2022,,Jaguar,I-Pace,2021,ADS,,Waymo LLC,SEP-2022,12:57,San Francisco,CA,Intersection,Pickup Truck,No Injuries Reported,Yes,raw/SGO/SGO-2021-01_Incident_Reports_ADS (1).csv
30531-4080,1,Transdev Alternative Services,Monthly,9,2022,OCT-2022,,Jaguar,I-Pace,2021,ADS,,Waymo LLC,SEP-2022,09:42,San Francisco,CA,Intersection,Passenger Car,No Injuries Reported,Yes,raw/SGO/SGO-2021-01_Incident_Reports_ADS (1).csv
30531-4081,1,Transdev Alternative Services,Monthly,9,2022,OCT-2022,,Jaguar,I-Pace,2021,ADS,,Waymo LLC,SEP-2022,06:38,San Francisco,CA,Intersection,SUV,No Injuries Reported,Yes,raw/SGO/SGO-2021-01_Incident_Reports_ADS (1).csv
30531-4108,1,Transdev Alternative Services,1-Day,,,OCT-2022,,Peterbilt,579 Epiq,2022,ADS,,Waymo LLC,OCT-2022,13:35,Tempe,AZ,Highway / Freeway,Passenger Car,No Injuries Reported,Yes,raw/SGO/SGO-2021-01_Incident_Reports_ADS (1).csv
30531-4108,2,Transdev Alternative Services,10-Day Update,,,NOV-2022,,Peterbilt,579 Epiq,2022,ADS,,Waymo LLC,OCT-2022,13:35,Tempe,AZ,Highway / Freeway,Passenger Car,No Injuries Reported,Yes,raw/SGO/SGO-2021-01_Incident_Reports_ADS (1).csv
30531-4278,1,Transdev Alternative Services,Monthly,10,2022,NOV-2022,,Jaguar,I-Pace,2021,ADS,,Waymo LLC,OCT-2022,08:27,San Francisco,CA,Intersection,"Other, see Narrative",No Injuries Reported,Yes,raw/SGO/SGO-2021-01_Incident_Reports_ADS (1).csv
30531-4492,1,Transdev Alternative Services,Monthly,11,2022,DEC-2022,,Jaguar,I-Pace,2021,ADS,,Waymo LLC,NOV-2022,16:30,San Francisco,CA,Street,SUV,No Injuries Reported,Yes,raw/SGO/SGO-2021-01_Incident_Reports_ADS (1).csv
30531-4492,2,Transdev Alternative Services,Update,11,2022,DEC-2022,,Jaguar,I-Pace,2021,ADS,,Waymo LLC,NOV-2022,16:30,San Francisco,CA,Street,SUV,No Injuries Reported,Yes,raw/SGO/SGO-2021-01_Incident_Reports_ADS (1).csv
30531-4494,1,Transdev Alternative Services,Monthly,11,2022,DEC-2022,,Jaguar,I-Pace,2021,ADS,,Waymo LLC,NOV-2022,9:34,San Francisco,CA,Intersection,Passenger Car,No Injuries Reported,Yes,raw/SGO/SGO-2021-01_Incident_Reports_ADS (1).csv
30531-4506,1,Transdev Alternative Services,1-Day,,,DEC-2022,,Jaguar,I-Pace,2021,ADS,,Waymo LLC,DEC-2022,13:50,San Francisco,CA,Street,Passenger Car,No Injuries Reported,Yes,raw/SGO/SGO-2021-01_Incident_Reports_ADS (1).csv
30531-4506,2,Transdev Alternative Services,10-Day Update,,,DEC-2022,,Jaguar,I-Pace,2021,ADS,,Waymo LLC,DEC-2022,13:50,San Francisco,CA,Street,Passenger Car,No Injuries Reported,Yes,raw/SGO/SGO-2021-01_Incident_Reports_ADS (1).csv
30531-4719,1,Transdev Alternative Services,Monthly,12,2022,JAN-2023,,Jaguar,I- Pace,2021,ADS,,Waymo LLC,DEC-2022,16:54,San Francisco,CA,Intersection,SUV,No Injuries Reported,Yes,raw/SGO/SGO-2021-01_Incident_Reports_ADS (1).csv
30531-4719,2,Transdev Alternative Services,Update,12,2022,JAN-2023,,Jaguar,I- Pace,2021,ADS,,Waymo LLC,DEC-2022,16:54,San Francisco,CA,Intersection,SUV,No Injuries Reported,Yes,raw/SGO/SGO-2021-01_Incident_Reports_ADS (1).csv
30531-4719,3,Transdev Alternative Services,Update,12,2022,JAN-2023,,Jaguar,I- Pace,2021,ADS,,Waymo LLC,DEC-2022,16:54,San Francisco,CA,Intersection,SUV,No Injuries Reported,Yes,raw/SGO/SGO-2021-01_Incident_Reports_ADS (1).csv
30531-4719,4,Transdev Alternative Services,Update,12,2022,JAN-2023,,Jaguar,I- Pace,2021,ADS,,Waymo LLC,DEC-2022,16:54,San Francisco,CA,Intersection,SUV,No Injuries Reported,Yes,raw/SGO/SGO-2021-01_Incident_Reports_ADS (1).csv
30531-4720,1,Transdev Alternative Services,Monthly,12,2022,JAN-2023,,Jaguar,I-Pace,2021,ADS,,Waymo LLC,DEC-2022,12:35,San Francisco,CA,Intersection,Passenger Car,No Injuries Reported,Yes,raw/SGO/SGO-2021-01_Incident_Reports_ADS (1).csv
30531-4720,2,Transdev Alternative Services,Update,12,2022,JAN-2023,,Jaguar,I-Pace,2021,ADS,,Waymo LLC,DEC-2022,12:35,San Francisco,CA,Intersection,Passenger Car,No Injuries Reported,Yes,raw/SGO/SGO-2021-01_Incident_Reports_ADS (1).csv
30531-4721,1,Transdev Alternative Services,Monthly,12,2022,JAN-2023,,Peterbilt,579 Epiq,2021,ADS,,Waymo LLC,DEC-2022,05:18,Sacaton,AZ,Highway / Freeway,Heavy Truck,No Injuries Reported,Yes,raw/SGO/SGO-2021-01_Incident_Reports_ADS (1).csv
30531-4721,2,Transdev Alternative Services,Update,12,2022,JAN-2023,,Peterbilt,579 Epiq,2021,ADS,,Waymo LLC,DEC-2022,05:18,Sacaton,AZ,Highway / Freeway,Heavy Truck,No Injuries Reported,Yes,raw/SGO/SGO-2021-01_Incident_Reports_ADS (1).csv
30531-4721,3,Transdev Alternative Services,Update,12,2022,JAN-2023,,Peterbilt,579 Epiq,2021,ADS,,Waymo LLC,DEC-2022,05:18,Sacaton,AZ,Highway / Freeway,Heavy Truck,No Injuries Reported,Yes,raw/SGO/SGO-2021-01_Incident_Reports_ADS (1).csv
30531-4726,1,Transdev Alternative Services,Monthly,12,2022,JAN-2023,,Jaguar,I-Pace,2021,ADS,,Waymo LLC,DEC-2022,03:15,San Francisco,CA,Intersection,Passenger Car,No Injuries Reported,Yes,raw/SGO/SGO-2021-01_Incident_Reports_ADS (1).csv
30531-4726,2,Transdev Alternative Services,Update,12,2022,JAN-2023,,Jaguar,I-Pace,2021,ADS,,Waymo LLC,DEC-2022,03:15,San Francisco,CA,Intersection,Passenger Car,No Injuries Reported,Yes,raw/SGO/SGO-2021-01_Incident_Reports_ADS (1).csv
30531-4883,1,Transdev Alternative Services,Monthly,1,2023,FEB-2023,,Jaguar,I-Pace,2021,ADS,,Waymo LLC,JAN-2023,17:08,San Francisco,CA,Intersection,Passenger Car,No Injuries Reported,Yes,raw/SGO/SGO-2021-01_Incident_Reports_ADS (1).csv
30531-4907,1,Transdev Alternative Services,1-Day,,,FEB-2023,,Jaguar,I-Pace,2021,ADS,,Waymo LLC,FEB-2023,13:08,Tempe,AZ,Highway / Freeway,Passenger Car,No Injuries Reported,Yes,raw/SGO/SGO-2021-01_Incident_Reports_ADS (1).csv
30531-4907,2,Transdev Alternative Services,10-Day Update,,,MAR-2023,,Jaguar,I-Pace,2021,ADS,,Waymo LLC,FEB-2023,13:08,Tempe,AZ,Highway / Freeway,Passenger Car,No Injuries Reported,Yes,raw/SGO/SGO-2021-01_Incident_Reports_ADS (1).csv
30531-5088,1,Transdev Alternative Services,Monthly,2,2023,MAR-2023,,Jaguar,I-Pace,2021,ADS,,Waymo LLC,FEB-2023,17:27,Tempe,AZ,Street,SUV,No Injuries Reported,Yes,raw/SGO/SGO-2021-01_Incident_Reports_ADS (1).csv
30531-5205,1,Transdev Alternative Services,1-Day,,,APR-2023,,Jaguar,I-Pace,2021,ADS,,Waymo LLC,APR-2023,10:46,San Francisco,CA,Intersection,Passenger Car,No Injuries Reported,Yes,raw/SGO/SGO-2021-01_Incident_Reports_ADS (1).csv
30531-5205,2,Transdev Alternative Services,10-Day Update,,,APR-2023,,Jaguar,I-Pace,2021,ADS,,Waymo LLC,APR-2023,10:46,San Francisco,CA,Intersection,Passenger Car,No Injuries Reported,Yes,raw/SGO/SGO-2021-01_Incident_Reports_ADS (1).csv
30531-5328,1,Transdev Alternative Services,Monthly,3,2023,APR-2023,,Jaguar,I-Pace,2021,ADS,,Waymo LLC,MAR-2023,21:28,San Francisco,CA,Intersection,Passenger Car,No Injuries Reported,Yes,raw/SGO/SGO-2021-01_Incident_Reports_ADS (1).csv
30531-5328,2,Transdev Alternative Services,Update,3,2023,APR-2023,,Jaguar,I-Pace,2021,ADS,,Waymo LLC,MAR-2023,21:28,San Francisco,CA,Intersection,Passenger Car,No Injuries Reported,Yes,raw/SGO/SGO-2021-01_Incident_Reports_ADS (1).csv
30531-5329,1,Transdev Alternative Services,Monthly,3,2023,APR-2023,,Jaguar,I-Pace,2021,ADS,,Waymo LLC,MAR-2023,2:19,San Bruno,CA,Highway / Freeway,"Other, see Narrative",No Injuries Reported,Yes,raw/SGO/SGO-2021-01_Incident_Reports_ADS (1).csv
30531-5329,2,Transdev Alternative Services,Update,3,2023,APR-2023,,Jaguar,I-Pace,2021,ADS,,Waymo LLC,MAR-2023,2:19,San Bruno,CA,Highway / Freeway,"Other, see Narrative",No Injuries Reported,Yes,raw/SGO/SGO-2021-01_Incident_Reports_ADS (1).csv
30531-5330,1,Transdev Alternative Services,Monthly,3,2023,APR-2023,,Jaguar,I-Pace,2021,ADS,,Waymo LLC,MAR-2023,17:10,San Francisco,CA,Intersection,Passenger Car,No Injuries Reported,Yes,raw/SGO/SGO-2021-01_Incident_Reports_ADS (1).csv
30531-5330,2,Transdev Alternative Services,Update,3,2023,APR-2023,,Jaguar,I-Pace,2021,ADS,,Waymo LLC,MAR-2023,17:10,San Francisco,CA,Intersection,Passenger Car,No Injuries Reported,Yes,raw/SGO/SGO-2021-01_Incident_Reports_ADS (1).csv
30531-5331,1,Transdev Alternative Services,Monthly,3,2023,APR-2023,,Jaguar,I-Pace,2021,ADS,,Waymo LLC,MAR-2023,19:00,Tempe,AZ,Street,Passenger Car,Minor,Yes,raw/SGO/SGO-2021-01_Incident_Reports_ADS (1).csv
30531-5335,1,Transdev Alternative Services,Monthly,3,2023,APR-2023,,Jaguar,I-Pace,2021,ADS,,Waymo LLC,MAR-2023,10:43,Los Angeles,CA,Intersection,SUV,No Injuries Reported,Yes,raw/SGO/SGO-2021-01_Incident_Reports_ADS (1).csv
30531-5336,1,Transdev Alternative Services,Monthly,3,2023,APR-2023,,Jaguar,I-Pace,2021,ADS,,Waymo LLC,MAR-2023,13:35,Tempe,AZ,Intersection,Passenger Car,No Injuries Reported,Yes,raw/SGO/SGO-2021-01_Incident_Reports_ADS (1).csv
30531-5440,1,Transdev Alternative Services,1-Day,,,MAY-2023,,Jaguar,I-Pace,2021,ADS,,Waymo LLC,MAY-2023,10:32,San Francisco,CA,Street,SUV,No Injuries Reported,Yes,raw/SGO/SGO-2021-01_Incident_Reports_ADS (1).csv
30531-5440,2,Transdev Alternative Services,10-Day Update,,,MAY-2023,,Jaguar,I-Pace,2021,ADS,,Waymo LLC,MAY-2023,10:32,San Francisco,CA,Street,SUV,No Injuries Reported,Yes,raw/SGO/SGO-2021-01_Incident_Reports_ADS (1).csv
30531-5604,1,Transdev Alternative Services,Monthly,4,2023,MAY-2023,,Jaguar,I-PACE,2021,ADS,,Waymo LLC,APR-2023,17:29,Santa Monica,CA,Intersection,SUV,No Injuries Reported,Yes,raw/SGO/SGO-2021-01_Incident_Reports_ADS (1).csv
30531-5605,1,Transdev Alternative Services,Monthly,4,2023,MAY-2023,,Jaguar,I-PACE,2021,ADS,,Waymo LLC,APR-2023,22:56,San Francisco,CA,Intersection,SUV,No Injuries Reported,Yes,raw/SGO/SGO-2021-01_Incident_Reports_ADS (1).csv
30531-5669,1,Transdev Alternative Services,5-Day,,,JUN-2023,,Jaguar,I-PACE,2021,ADS,,Waymo LLC,JUN-2023,13:17,Phoenix,AZ,Highway / Freeway,Passenger Car,Unknown,Yes,raw/SGO/SGO-2021-01_Incident_Reports_ADS (1).csv
30531-5768,1,Transdev Alternative Services,Monthly,5,2023,JUN-2023,,Jaguar,I-Pace,2021,ADS,,Waymo LLC,MAY-2023,21:29,Mesa,AZ,Highway / Freeway,"Other, see Narrative",No Injuries Reported,Yes,raw/SGO/SGO-2021-01_Incident_Reports_ADS (1).csv
30531-5769,1,Transdev Alternative Services,Monthly,5,2023,JUN-2023,,Jaguar,I-Pace,2021,ADS,,Waymo LLC,MAY-2023,23:30,Tempe,AZ,Intersection,Passenger Car,No Injuries Reported,Yes,raw/SGO/SGO-2021-01_Incident_Reports_ADS (1).csv
30531-5770,1,Transdev Alternative Services,Monthly,5,2023,JUN-2023,,Jaguar,I-Pace,2021,ADS,,Waymo LLC,MAY-2023,10:56,San Francisco,CA,Street,Animal,No Injuries Reported,Yes,raw/SGO/SGO-2021-01_Incident_Reports_ADS (1).csv
30531-5814,1,Transdev Alternative Services,5-Day,,,JUL-2023,,Jaguar,I-Pace,2021,ADS,,Waymo LLC,JUN-2023,20:58,Phoenix,AZ,Street,"Other, see Narrative",No Injuries Reported,Yes,raw/SGO/SGO-2021-01_Incident_Reports_ADS (1).csv
30531-5818,1,Transdev Alternative Services,5-Day,,,JUL-2023,,Jaguar,I-Pace,2021,ADS,,Waymo LLC,JUN-2023,23:18,Los Angeles,CA,Intersection,Pickup Truck,Minor,Yes,raw/SGO/SGO-2021-01_Incident_Reports_ADS (1).csv
30531-5871,1,Transdev Alternative Services,1-Day,,,JUL-2023,,Jaguar,I-Pace,2021,ADS,,Waymo LLC,JUL-2023,15:08,Los Angeles,CA,Intersection,Non-Motorist: Cyclist,No Injuries Reported,Yes,raw/SGO/SGO-2021-01_Incident_Reports_ADS (1).csv
30531-5871,2,Transdev Alternative Services,10-Day Update,,,JUL-2023,,Jaguar,I-Pace,2021,ADS,,Waymo LLC,JUL-2023,15:08,Los Angeles,CA,Intersection,Non-Motorist: Cyclist,No Injuries Reported,Yes,raw/SGO/SGO-2021-01_Incident_Reports_ADS (1).csv
30531-5966,1,Transdev Alternative Services,Monthly,6,2023,JUL-2023,,Jaguar,I-Pace,2021,ADS,,Waymo LLC,JUN-2023,21:39,Tempe,AZ,Highway / Freeway,"Other, see Narrative",No Injuries Reported,Yes,raw/SGO/SGO-2021-01_Incident_Reports_ADS (1).csv
30531-5999,1,Transdev Alternative Services,5-Day,,,JUL-2023,,Jaguar,I-Pace,2021,ADS,,Waymo LLC,JUL-2023,15:04,San Francisco,CA,Intersection,Pickup Truck,No Injuries Reported,Yes,raw/SGO/SGO-2021-01_Incident_Reports_ADS (1).csv
30531-6,1,Transdev Alternative Services,1-Day,,,JUL-2021,,Jaguar,I-Pace,2021,ADS,,Waymo LLC,JUL-2021,16:47,San Francisco,CA,Street,Passenger Car,No Injuries Reported,Yes,raw/SGO/SGO-2021-01_Incident_Reports_ADS (1).csv
30531-6,2,Transdev Alternative Services,10-Day Update,,,JUL-2021,,Jaguar,I-Pace,2021,ADS,,"Waymo, LLC",JUL-2021,16:47,San Francisco,CA,Street,Passenger Car,No Injuries Reported,Yes,raw/SGO/SGO-2021-01_Incident_Reports_ADS (1).csv
30531-6,3,Transdev Alternative Services,Update,8,2021,AUG-2021,,Jaguar,I-Pace,2021,ADS,,"Waymo, LLC",JUL-2021,16:47,San Francisco,CA,Street,Passenger Car,No Injuries Reported,Yes,raw/SGO/SGO-2021-01_Incident_Reports_ADS (1).csv
30531-6136,1,Transdev Alternative Services,Monthly,7,2023,AUG-2023,,Jaguar,I-Pace,2021,ADS,,Waymo LLC,JUL-2023,14:57,Santa Monica,CA,Street,Non-Motorist: Cyclist,No Injuries Reported,Yes,raw/SGO/SGO-2021-01_Incident_Reports_ADS (1).csv
30531-6137,1,Transdev Alternative Services,Monthly,7,2023,AUG-2023,,Jaguar,I-Pace,2021,ADS,,Waymo LLC,JUL-2023,10:13,San Francisco,CA,Intersection,SUV,No Injuries Reported,Yes,raw/SGO/SGO-2021-01_Incident_Reports_ADS (1).csv
30531-6138,1,Transdev Alternative Services,Monthly,7,2023,AUG-2023,,Jaguar,I-Pace,2021,ADS,,Waymo LLC,JUL-2023,13:13,San Francisco,CA,Street,Passenger Car,No Injuries Reported,Yes,raw/SGO/SGO-2021-01_Incident_Reports_ADS (1).csv
30531-6354,1,Transdev Alternative Services,5-Day,,,SEP-2023,,Jaguar,I-Pace,2021,ADS,,Waymo LLC,SEP-2023,20:34,San Francisco,CA,Street,SUV,No Injuries Reported,Yes,raw/SGO/SGO-2021-01_Incident_Reports_ADS (1).csv
30531-6532,1,Transdev Alternative Services,1-Day,,,OCT-2023,,Jaguar,I-Pace,2021,ADS,,Waymo LLC,OCT-2023,9:24,San Francisco,CA,Intersection,Non-Motorist: Cyclist,No Injuries Reported,Yes,raw/SGO/SGO-2021-01_Incident_Reports_ADS (1).csv
30531-6532,2,Transdev Alternative Services,10-Day Update,,,OCT-2023,,Jaguar,I-Pace,2021,ADS,,Waymo LLC,OCT-2023,9:24,San Francisco,CA,Intersection,Non-Motorist: Cyclist,No Injuries Reported,Yes,raw/SGO/SGO-2021-01_Incident_Reports_ADS (1).csv
30531-6533,1,Transdev Alternative Services,Monthly,9,2023,OCT-2023,,Jaguar,I-Pace,2021,ADS,,Waymo LLC,SEP-2023,21:00,San Francisco,CA,Intersection,Passenger Car,No Injuries Reported,Yes,raw/SGO/SGO-2021-01_Incident_Reports_ADS (1).csv
30531-6691,1,Transdev Alternative Services,Monthly,10,2023,NOV-2023,,Jaguar,I-Pace,2021,ADS,,Waymo LLC,OCT-2023,07:48,San Francisco,CA,Intersection,SUV,No Injuries Reported,Yes,raw/SGO/SGO-2021-01_Incident_Reports_ADS (1).csv
30531-6862,1,Transdev Alternative Services,Monthly,11,2023,DEC-2023,,Jaguar,I-Pace,2021,ADS,,Waymo LLC,NOV-2023,15:44,San Francisco,CA,Intersection,Passenger Car,No Injuries Reported,Yes,raw/SGO/SGO-2021-01_Incident_Reports_ADS (1).csv
30531-6863,1,Transdev Alternative Services,Monthly,11,2023,DEC-2023,,Jaguar,I-Pace,2021,ADS,,Waymo LLC,NOV-2023,04:06,Austin,TX,Intersection,Pickup Truck,No Injuries Reported,Yes,raw/SGO/SGO-2021-01_Incident_Reports_ADS (1).csv
30531-6864,1,Transdev Alternative Services,Monthly,11,2023,DEC-2023,,Jaguar,I-Pace,2021,ADS,,Waymo LLC,NOV-2023,19:59,Los Angeles,CA,Intersection,Passenger Car,No Injuries Reported,Yes,raw/SGO/SGO-2021-01_Incident_Reports_ADS (1).csv
30531-7022,1,Transdev Alternative Services,Monthly,12,2023,JAN-2024,,Jaguar,I-Pace,2021,ADS,,Waymo LLC,DEC-2023,22:23,Tempe,AZ,Intersection,SUV,No Injuries Reported,Yes,raw/SGO/SGO-2021-01_Incident_Reports_ADS (1).csv
30531-7176,1,Transdev Alternative Services,Monthly,1,2024,FEB-2024,,Jaguar,I-Pace,2021,ADS,,Waymo LLC,JAN-2024,3:07,Chandler,AZ,Intersection,SUV,No Injuries Reported,Yes,raw/SGO/SGO-2021-01_Incident_Reports_ADS (1).csv
30531-7177,1,Transdev Alternative Services,5-Day,,,FEB-2024,,Jaguar,I-Pace,2024,ADS,,Waymo LLC,FEB-2024,17:01,Austin,TX,Intersection,Passenger Car,No Injuries Reported,Yes,raw/SGO/SGO-2021-01_Incident_Reports_ADS (1).csv
30531-7239,1,Transdev Alternative Services,5-Day,,,MAR-2024,,Jaguar,I-Pace,2021,ADS,,Waymo LLC,FEB-2024,20:08,Tempe,AZ,Highway / Freeway,Passenger Car,Minor,Yes,raw/SGO/SGO-2021-01_Incident_Reports_ADS (1).csv
30531-7368,1,Transdev Alternative Services,Monthly,2,2024,MAR-2024,,Jaguar,I-Pace,2021,ADS,,Waymo LLC,MAR-2024,1:03,San Francisco,CA,Street,Passenger Car,No Injuries Reported,Yes,raw/SGO/SGO-2021-01_Incident_Reports_ADS (1).csv
30531-7545,1,Transdev Alternative Services,Monthly,3,2024,APR-2024,,Jaguar,I-Pace,2021,ADS,,Waymo LLC,MAR-2024,07:30,Los Angeles,CA,Intersection,Passenger Car,No Injuries Reported,Yes,raw/SGO/SGO-2021-01_Incident_Reports_ADS (1).csv
30531-7546,1,Transdev Alternative Services,Monthly,3,2024,APR-2024,,Jaguar,I-Pace,2024,ADS,,Waymo LLC,MAR-2024,15:12,San Francisco,CA,Street,Pickup Truck,No Injuries Reported,Yes,raw/SGO/SGO-2021-01_Incident_Reports_ADS (1).csv
30531-7548,1,Transdev Alternative Services,Monthly,3,2023,APR-2024,,Jaguar,I-Pace,2024,ADS,,Waymo LLC,MAR-2024,10:03,Austin,TX,Intersection,Heavy Truck,No Injuries Reported,Yes,raw/SGO/SGO-2021-01_Incident_Reports_ADS (1).csv
30531-7696,1,Transdev Alternative Services,1-Day,,,MAY-2024,,Jaguar,I-Pace,2021,ADS,,Waymo LLC,MAY-2024,00:58,Los Angeles,CA,Highway / Freeway,Passenger Car,Unknown,Yes,raw/SGO/SGO-2021-01_Incident_Reports_ADS (1).csv
30531-7732,1,Transdev Alternative Services,Monthly,4,2024,MAY-2024,,Jaguar,I-Pace,2021,ADS,,Waymo LLC,APR-2024,10:14,San Francisco,CA,Street,Heavy Truck,No Injuries Reported,Yes,raw/SGO/SGO-2021-01_Incident_Reports_ADS (1).csv
30531-7965,1,Transdev Alternative Services,Monthly,5,2024,JUN-2024,,Jaguar,I-Pace,2024,ADS,,Waymo LLC,MAY-2024,11:45,San Francisco,CA,Highway / Freeway,Passenger Car,No Injuries Reported,Yes,raw/SGO/SGO-2021-01_Incident_Reports_ADS (1).csv
30531-7965,2,Transdev Alternative Services,Update,,,JUL-2024,,Jaguar,I-Pace,2024,ADS,,Waymo LLC,MAY-2024,11:45,San Francisco,CA,Highway / Freeway,Passenger Car,Minor,Yes,raw/SGO/SGO-2021-01_Incident_Reports_ADS (1).csv
30531-7966,1,Transdev Alternative Services,Monthly,5,2024,JUN-2024,,Jaguar,I-Pace,2024,ADS,,Waymo LLC,MAY-2024,23:16,San Francisco,CA,Highway / Freeway,Animal,No Injuries Reported,Yes,raw/SGO/SGO-2021-01_Incident_Reports_ADS (1).csv
30531-8162,1,Transdev Alternative Services,Monthly,6,2024,JUL-2024,,Jaguar,I-Pace,2021,ADS,,Waymo LLC,JUN-2024,16:54,Marina Del Rey,CA,Intersection,Passenger Car,No Injuries Reported,Yes,raw/SGO/SGO-2021-01_Incident_Reports_ADS (1).csv
30531-8220,1,Transdev Alternative Services,5-Day,,,JUL-2024,,Jaguar,I-Pace,2021,ADS,,Waymo LLC,JUL-2024,13:26,Mountain View,CA,Parking Lot,"Other, see Narrative",No Injuries Reported,Yes,raw/SGO/SGO-2021-01_Incident_Reports_ADS (1).csv
30531-8345,1,Transdev Alternative Services,1-Day,,,AUG-2024,,Jaguar,I-Pace,2021,ADS,,Waymo LLC,AUG-2024,10:03,Scottsdale,AZ,Street,SUV,Moderate,Yes,raw/SGO/SGO-2021-01_Incident_Reports_ADS (1).csv
30531-8345,2,Transdev Alternative Services,10-Day Update,,,AUG-2024,,Jaguar,I-Pace,2021,ADS,,Waymo LLC,AUG-2024,10:03,Scottsdale,AZ,Street,SUV,Moderate,Yes,raw/SGO/SGO-2021-01_Incident_Reports_ADS (1).csv
30531-8448,1,Transdev Alternative Services,5-Day,,,AUG-2024,,Jaguar,I-Pace,2024,ADS,,Waymo LLC,AUG-2024,07:15,Atlanta,GA,Street,"Other, see Narrative",No Injuries Reported,Yes,raw/SGO/SGO-2021-01_Incident_Reports_ADS (1).csv
30531-8648,1,Transdev Alternative Services,Monthly,8,2024,SEP-2024,,Jaguar,I-Pace,2021,ADS,,Waymo LLC,AUG-2024,10:57,Los Angeles,CA,Street,SUV,No Injuries Reported,Yes,raw/SGO/SGO-2021-01_Incident_Reports_ADS (1).csv
30531-8798,1,Transdev Alternative Services,5-Day,,,OCT-2024,,Jaguar,I-Pace,2021,ADS,,Waymo LLC,SEP-2024,22:50,Tempe,AZ,Intersection,Passenger Car,No Injuries Reported,Yes,raw/SGO/SGO-2021-01_Incident_Reports_ADS (1).csv
30531-8902,1,Transdev Alternative Services,Monthly,9,2024,OCT-2024,,Jaguar,I-Pace,2024,ADS,,Waymo LLC,SEP-2024,16:26,Austin,TX,Street,Passenger Car,Minor,Yes,raw/SGO/SGO-2021-01_Incident_Reports_ADS (1).csv
30531-8903,1,Transdev Alternative Services,Monthly,9,2024,OCT-2024,,Jaguar,I-Pace,2021,ADS,,Waymo LLC,SEP-2024,21:15,San Francisco,CA,Street,Passenger Car,No Injuries Reported,Yes,raw/SGO/SGO-2021-01_Incident_Reports_ADS (1).csv
30531-8904,1,Transdev Alternative Services,Monthly,9,2024,OCT-2024,,Jaguar,I-Pace,2021,ADS,,Waymo LLC,SEP-2024,20:44,San Francisco,CA,Street,Van,No Injuries Reported,Yes,raw/SGO/SGO-2021-01_Incident_Reports_ADS (1).csv
30531-8905,1,Transdev Alternative Services,Monthly,9,2024,OCT-2024,,Jaguar,I-Pace,2021,ADS,,Waymo LLC,SEP-2024,13:35,San Francisco,CA,Street,Passenger Car,No Injuries Reported,Yes,raw/SGO/SGO-2021-01_Incident_Reports_ADS (1).csv
30531-9244,1,Transdev Alternative Services,5-Day,,,NOV-2024,,Jaguar,I-Pace,2021,ADS,,Waymo LLC,NOV-2024,23:04,Austin,TX,Parking Lot,Other Fixed Object,No Injuries Reported,Yes,raw/SGO/SGO-2021-01_Incident_Reports_ADS (1).csv
30531-9283,1,Transdev Alternative Services,5-Day,,,DEC-2024,,Jaguar,I-Pace,2021,ADS,,Waymo LLC,DEC-2024,07:58,Los Angeles,CA,Street,Passenger Car,No Injuries Reported,Yes,raw/SGO/SGO-2021-01_Incident_Reports_ADS (1).csv
30531-9440,1,Transdev Alternative Services,Monthly,11,2024,DEC-2024,,Jaguar,I-Pace,2021,ADS,,Waymo LLC,NOV-2024,08:56,San Francisco,CA,Street,"Other, see Narrative",No Injuries Reported,Yes,raw/SGO/SGO-2021-01_Incident_Reports_ADS (1).csv
30531-9456,1,Transdev Alternative Services,1-Day,,,DEC-2024,,Jaguar,I-Pace,2021,ADS,,Waymo LLC,DEC-2024,13:08,San Francisco,CA,Intersection,Heavy Truck,No Injuries Reported,Yes,raw/SGO/SGO-2021-01_Incident_Reports_ADS (1).csv
30531-9456,2,Transdev Alternative Services,10-Day Update,,,DEC-2024,,Jaguar,I-Pace,2021,ADS,,Waymo LLC,DEC-2024,13:08,San Francisco,CA,Intersection,Heavy Truck,No Injuries Reported,Yes,raw/SGO/SGO-2021-01_Incident_Reports_ADS (1).csv
30531-9520,1,Transdev Alternative Services,1-Day,,,DEC-2024,,Jaguar,I-Pace,2021,ADS,,Waymo LLC,DEC-2024,20:28,Los Angeles,CA,Intersection,SUV,Moderate,Yes,raw/SGO/SGO-2021-01_Incident_Reports_ADS (1).csv
30531-9697,1,Transdev Alternative Services,Monthly,12,2024,JAN-2025,,JLR,I-PACE,2024,ADS,,Waymo LLC,DEC-2024,17:48,Atlanta,GA,Street,"Other, see Narrative",Moderate,Yes,raw/SGO/SGO-2021-01_Incident_Reports_ADS (1).csv
30531-9698,1,Transdev Alternative Services,Monthly,12,2024,JAN-2025,,JLR,I-Pace,2024,ADS,,Waymo LLC,DEC-2024,15:31,Austin,TX,Street,SUV,No Injuries Reported,Yes,raw/SGO/SGO-2021-01_Incident_Reports_ADS (1).csv
30531-9699,1,Transdev Alternative Services,Monthly,12,2024,JAN-2025,,JLR,I-Pace,2021,ADS,,Waymo LLC,DEC-2024,22:16,San Francisco,CA,Street,Passenger Car,No Injuries Reported,Yes,raw/SGO/SGO-2021-01_Incident_Reports_ADS (1).csv
30571-10171,1,NVIDIA CORP,Monthly,3,2025,MAR-2025,,Mercedes-Benz,S580 4M,2023,"Unknown, see Narrative",,NVIDIA Corporation,FEB-2025,14:17,Santa Clara,CA,Parking Lot,Passenger Car,No Injuries Reported,"[REDACTED, MAY CONTAIN CONFIDENTIAL BUSINESS INFORMATION]",raw/SGO/SGO-2021-01_Incident_Reports_ADS (1).csv
30571-4399,1,NVIDIA CORP,Monthly,12,2022,DEC-2022,,Mercedes-Benz,S450,2021,ADS,,NVIDIA Corporation,NOV-2022,17:20,San Jose,CA,Highway / Freeway,Pickup Truck,No Injuries Reported,"[REDACTED, MAY CONTAIN CONFIDENTIAL BUSINESS INFORMATION]",raw/SGO/SGO-2021-01_Incident_Reports_ADS (1).csv
30571-4399,2,NVIDIA CORP,Update,12,2022,DEC-2022,,Mercedes-Benz,S450,2021,ADS,,NVIDIA Corporation,NOV-2022,17:20,San Jose,CA,Highway / Freeway,Pickup Truck,No Injuries Reported,Yes,raw/SGO/SGO-2021-01_Incident_Reports_ADS (1).csv
30590-1482,1,Apple Inc.,Monthly,9,2021,OCT-2021,,Lexus,RX 450h,2017,ADS,,Apple Inc.,SEP-2021,10:53,Sunnyvale,CA,Intersection,Other Fixed Object,No Injuries Reported,Yes,raw/SGO/SGO-2021-01_Incident_Reports_ADS (1).csv
30590-3431,1,Apple Inc.,Monthly,6,2022,JUL-2022,,Lexus,RX 450h,2016,ADS,,Apple Inc.,JUN-2022,15:15,Mountain View,CA,Intersection,Passenger Car,No Injuries Reported,Yes,raw/SGO/SGO-2021-01_Incident_Reports_ADS (1).csv
30590-6382,1,Apple Inc.,5-Day,,,SEP-2023,,Lexus,RX 450h,2017,ADS,,Apple Inc.,SEP-2023,11:33,Emeryville,CA,Highway / Freeway,Pickup Truck,No Injuries Reported,Yes,raw/SGO/SGO-2021-01_Incident_Reports_ADS (1).csv
30610-10018,1,"Zoox, Inc.",1-Day,,,FEB-2025,,Toyota,Highlander,2019,ADS,,Zoox,FEB-2025,15:37,Las Vegas,NV,Street,Passenger Car,Unknown,Yes,raw/SGO/SGO-2021-01_Incident_Reports_ADS (1).csv
30610-10018,2,"Zoox, Inc.",10-Day Update,,,FEB-2025,,Toyota,Highlander,2019,ADS,,Zoox,FEB-2025,15:37,Las Vegas,NV,Street,Passenger Car,Unknown,Yes,raw/SGO/SGO-2021-01_Incident_Reports_ADS (1).csv
30610-10055,1,"Zoox, Inc.",5-Day,,,FEB-2025,,Toyota,Highlander,2017,ADS,,Zoox,FEB-2025,01:00,Las Vegas,NV,Intersection,SUV,Minor,Yes,raw/SGO/SGO-2021-01_Incident_Reports_ADS (1).csv
30610-10246,1,"Zoox, Inc.",Monthly,2,2025,MAR-2025,,Zoox,sedan,2024,ADS,,Zoox,FEB-2025,21:31,San Francisco,CA,Street,Passenger Car,No Injuries Reported,Yes,raw/SGO/SGO-2021-01_Incident_Reports_ADS (1).csv
30610-10251,1,"Zoox, Inc.",Monthly,2,2025,MAR-2025,,Toyota,Highlander,2017,ADS,,Zoox,FEB-2025,17:34,San Francisco,CA,Street,Passenger Car,No Injuries Reported,Yes,raw/SGO/SGO-2021-01_Incident_Reports_ADS (1).csv
30610-10294,1,"Zoox, Inc.",5-Day,,,MAR-2025,,Toyota,Highlander,2017,ADS,,Zoox,MAR-2025,8:44,Las Vegas,NV,Intersection,SUV,No Injuries Reported,Yes,raw/SGO/SGO-2021-01_Incident_Reports_ADS (1).csv
30610-10294,2,"Zoox, Inc.",Update,,,JUN-2025,,Toyota,Highlander,2017,ADS,,Zoox,MAR-2025,8:44,Las Vegas,NV,Intersection,SUV,No Injuries Reported,Yes,raw/SGO/SGO-2021-01_Incident_Reports_ADS (1).csv
30610-10399,1,"Zoox, Inc.",1-Day,,,APR-2025,,Zoox,sedan,2024,ADS,,Zoox,APR-2025,09:33,San Francisco,CA,Intersection,Non-Motorist: Cyclist,No Injuries Reported,Yes,raw/SGO/SGO-2021-01_Incident_Reports_ADS (1).csv
30610-10399,2,"Zoox, Inc.",10-Day Update,,,APR-2025,,Zoox,sedan,2024,ADS,,Zoox,APR-2025,09:33,San Francisco,CA,Intersection,Non-Motorist: Cyclist,No Injuries Reported,Yes,raw/SGO/SGO-2021-01_Incident_Reports_ADS (1).csv
30610-10473,1,"Zoox, Inc.",5-Day,,,APR-2025,,Zoox,sedan,2024,ADS,,Zoox,APR-2025,16:24,Las Vegas,NV,Street,Passenger Car,No Injuries Reported,Yes,raw/SGO/SGO-2021-01_Incident_Reports_ADS (1).csv
30610-10473,2,"Zoox, Inc.",Update,,,JUN-2025,,Zoox,sedan,2024,ADS,,Zoox,APR-2025,16:24,Las Vegas,NV,Street,Passenger Car,No Injuries Reported,Yes,raw/SGO/SGO-2021-01_Incident_Reports_ADS (1).csv
30610-10508,1,"Zoox, Inc.",Monthly,3,2025,APR-2025,,Toyota,Highlander,2017,ADS,,Zoox,MAR-2025,16:20,Las Vegas,NV,Street,"Other, see Narrative",No Injuries Reported,Yes,raw/SGO/SGO-2021-01_Incident_Reports_ADS (1).csv
30610-10511,1,"Zoox, Inc.",Monthly,3,2025,APR-2025,,Toyota,Highlander,2019,ADS,,Zoox,MAR-2025,12:22,Las Vegas,NV,Intersection,Passenger Car,No Injuries Reported,Yes,raw/SGO/SGO-2021-01_Incident_Reports_ADS (1).csv
30610-10516,1,"Zoox, Inc.",Monthly,3,2025,APR-2025,,Toyota,Highlander,2017,ADS,,Zoox,MAR-2025,21:31,Las Vegas,NV,Street,Passenger Car,No Injuries Reported,Yes,raw/SGO/SGO-2021-01_Incident_Reports_ADS (1).csv
30610-10711,1,"Zoox, Inc.",1-Day,,,MAY-2025,,Zoox,sedan,2024,ADS,,Zoox,MAY-2025,19:53,San Francisco,CA,Street,"Other, see Narrative",Minor,Yes,raw/SGO/SGO-2021-01_Incident_Reports_ADS (1).csv
30610-10711,2,"Zoox, Inc.",10-Day Update,,,MAY-2025,,Zoox,sedan,2024,ADS,,Zoox,MAY-2025,19:53,San Francisco,CA,Street,"Other, see Narrative",Minor,Yes,raw/SGO/SGO-2021-01_Incident_Reports_ADS (1).csv
30610-1080,1,"Zoox, Inc.",Monthly,8,2021,AUG-2021,,Toyota,Highlander,2016,ADS,,Zoox,JUL-2021,08:44,Las Vegas,NV,Street,Passenger Car,No Injuries Reported,Yes,raw/SGO/SGO-2021-01_Incident_Reports_ADS (1).csv
30610-10823,1,"Zoox, Inc.",Monthly,4,2025,MAY-2025,,Toyota,Highlander,2019,ADS,,Zoox,APR-2025,10:37,San Francisco,CA,Intersection,Passenger Car,Minor,Yes,raw/SGO/SGO-2021-01_Incident_Reports_ADS (1).csv
30610-10824,1,"Zoox, Inc.",Monthly,4,2025,MAY-2025,,Toyota,Highlander,2017,ADS,,Zoox,APR-2025,23:00,San Francisco,CA,Street,Passenger Car,Minor,Yes,raw/SGO/SGO-2021-01_Incident_Reports_ADS (1).csv
30610-1083,1,"Zoox, Inc.",Monthly,8,2021,AUG-2021,,Toyota,Highlander,2016,ADS,,Zoox,JUL-2021,23:34,Las Vegas,NV,Street,Passenger Car,No Injuries Reported,Yes,raw/SGO/SGO-2021-01_Incident_Reports_ADS (1).csv
30610-1091,1,"Zoox, Inc.",Monthly,8,2021,AUG-2021,,Toyota,Highlander,2016,ADS,,Zoox,AUG-2021,22:18,Las Vegas,NV,Street,Passenger Car,No Injuries Reported,"No, see Narrative",raw/SGO/SGO-2021-01_Incident_Reports_ADS (1).csv
30610-10999,1,"Zoox, Inc.",1-Day,,,JUN-2025,,Toyota,Highlander,2019,ADS,,Zoox,JUN-2025,14:12,San Francisco,CA,Street,"Other, see Narrative",No Injuries Reported,Yes,raw/SGO/SGO-2021-01_Incident_Reports_ADS (1).csv
30610-10999,2,"Zoox, Inc.",10-Day Update,,,JUN-2025,,Toyota,Highlander,2019,ADS,,Zoox,JUN-2025,14:12,San Francisco,CA,Street,"Other, see Narrative",No Injuries Reported,Yes,raw/SGO/SGO-2021-01_Incident_Reports_ADS (1).csv
30610-11096,1,"Zoox, Inc.",5-Day,,,JUN-2025,,Zoox,sedan,2024,ADS,,Zoox,JUN-2025,12:19,Las Vegas,NV,Street,SUV,No Injuries Reported,Yes,raw/SGO/SGO-2021-01_Incident_Reports_ADS (1).csv
30610-11097,1,"Zoox, Inc.",Monthly,5,2025,JUN-2025,,Toyota,Highlander,2017,ADS,,Zoox,MAY-2025,17:27,Las Vegas,NV,Intersection,Passenger Car,Minor,Yes,raw/SGO/SGO-2021-01_Incident_Reports_ADS (1).csv
30610-11098,1,"Zoox, Inc.",Monthly,5,2025,JUN-2025,,Toyota,Highlander,2019,ADS,,Zoox,MAY-2025,08:30,San Francisco,CA,Street,Passenger Car,No Injuries Reported,Yes,raw/SGO/SGO-2021-01_Incident_Reports_ADS (1).csv
30610-11099,1,"Zoox, Inc.",Monthly,5,2025,JUN-2025,,Toyota,Highlander,2017,ADS,,Zoox,MAY-2025,22:41,San Francisco,CA,Street,"Other, see Narrative",No Injuries Reported,Yes,raw/SGO/SGO-2021-01_Incident_Reports_ADS (1).csv
30610-11100,1,"Zoox, Inc.",Monthly,5,2025,JUN-2025,,Toyota,Highlander,2019,ADS,,Zoox,MAY-2025,19:17,San Francisco,CA,Street,Passenger Car,Minor,Yes,raw/SGO/SGO-2021-01_Incident_Reports_ADS (1).csv
30610-11103,1,"Zoox, Inc.",Monthly,5,2025,JUN-2025,,Toyota,Highlander,2017,ADS,,Zoox,MAY-2025,21:24,San Francisco,CA,Street,Passenger Car,No Injuries Reported,Yes,raw/SGO/SGO-2021-01_Incident_Reports_ADS (1).csv
30610-11166,1,"Zoox, Inc.",5-Day,,,JUN-2025,Y,TOYOTA,Highlander,2019,ADS,Verified Not Engaged,Zoox,JUN-2025,15:29,Paradise,NV,Street,Pickup Truck,Property Damage. No Injured Reported,Yes,raw/SGO/SGO-2021-01_Incident_Reports_ADS.csv
30610-11331,1,"Zoox, Inc.",Monthly,6,2025,JUL-2025,Y,TOYOTA,Highlander,2019,ADS,Verified Engaged,Zoox,JUN-2025,23:17,San Francisco,CA,Street,Passenger Car,No Injured Reported,Yes,raw/SGO/SGO-2021-01_Incident_Reports_ADS.csv
30610-11405,1,"Zoox, Inc.",5-Day,,,JUL-2025,Y,TOYOTA,Highlander,2019,ADS,Verified Engaged,Zoox,JUL-2025,23:15,Spring Valley,NV,Intersection,Passenger Car,Minor W/ Hospitalization,Yes,raw/SGO/SGO-2021-01_Incident_Reports_ADS.csv
30610-11497,1,"Zoox, Inc.",5-Day,,,AUG-2025,Y,ZOOX,Zoox,2026,ADS,Verified Engaged,Zoox,AUG-2025,18:16,San Francisco,CA,Street,SUV,Property Damage. No Injured Reported,Yes,raw/SGO/SGO-2021-01_Incident_Reports_ADS.csv
30610-11513,1,"Zoox, Inc.",Monthly,7,2025,AUG-2025,Y,ZOOX,Zoox,2024,ADS,Verified Engaged,Zoox,JUL-2025,15:32,Winchester,NV,Intersection,Non-Motorist: Cyclist,No Injured Reported,Yes,raw/SGO/SGO-2021-01_Incident_Reports_ADS.csv
30610-11514,1,"Zoox, Inc.",Monthly,7,2025,AUG-2025,Y,TOYOTA,Highlander,2019,ADS,Verified Engaged,Zoox,JUL-2025,18:43,San Francisco,CA,Street,Animal,Unknown,Yes,raw/SGO/SGO-2021-01_Incident_Reports_ADS.csv
30610-11515,1,"Zoox, Inc.",Monthly,7,2025,AUG-2025,Y,TOYOTA,Highlander,2017,ADS,Verified Engaged,Zoox,JUL-2025,17:23,Paradise,NV,Street,Pickup Truck,Minor W/O Hospitalization,Yes,raw/SGO/SGO-2021-01_Incident_Reports_ADS.csv
30610-11563,1,"Zoox, Inc.",5-Day,,,AUG-2025,Y,ZOOX,Zoox,2026,ADS,Verified Engaged,Zoox,AUG-2025,15:11,San Francisco,CA,Street,Pickup Truck,Property Damage. No Injured Reported,Yes,raw/SGO/SGO-2021-01_Incident_Reports_ADS.csv
30610-11587,1,"Zoox, Inc.",5-Day,,,AUG-2025,Y,ZOOX,Zoox,2024,ADS,Verified Engaged,Zoox,AUG-2025,16:47,Spring Valley,NV,Street,Heavy Truck,Property Damage. No Injured Reported,Yes,raw/SGO/SGO-2021-01_Incident_Reports_ADS.csv
30610-11696,1,"Zoox, Inc.",Monthly,8,2025,SEP-2025,Y,TOYOTA,Highlander,2019,ADS,Verified Engaged,Zoox,AUG-2025,09:11,Santa Monica,CA,Street,SUV,Property Damage. No Injured Reported,Yes,raw/SGO/SGO-2021-01_Incident_Reports_ADS.csv
30610-11752,1,"Zoox, Inc.",5-Day,,,SEP-2025,Y,ZOOX,Zoox,2024,ADS,Verified Engaged,Zoox,SEP-2025,22:50,Las Vegas,NV,Street,Passenger Car,Property Damage. No Injured Reported,Yes,raw/SGO/SGO-2021-01_Incident_Reports_ADS.csv
30610-11847,1,"Zoox, Inc.",5-Day,,,OCT-2025,Y,ZOOX,Zoox,2024,ADS,Verified Engaged,Zoox,OCT-2025,23:07,Las Vegas,NV,Street,SUV,Property Damage. No Injured Reported,Yes,raw/SGO/SGO-2021-01_Incident_Reports_ADS.csv
30610-11847,2,"Zoox, Inc.",Update,,,OCT-2025,Y,ZOOX,Zoox,2024,ADS,Verified Engaged,Zoox,OCT-2025,23:07,Las Vegas,NV,Street,SUV,Property Damage. No Injured Reported,Yes,raw/SGO/SGO-2021-01_Incident_Reports_ADS.csv
30610-11856,1,"Zoox, Inc.",5-Day,,,OCT-2025,Y,ZOOX,Zoox,2024,ADS,Verified Engaged,Zoox,OCT-2025,12:59,Las Vegas,NV,Street,Heavy Truck,Property Damage. No Injured Reported,Yes,raw/SGO/SGO-2021-01_Incident_Reports_ADS.csv
30610-11902,1,"Zoox, Inc.",Monthly,9,2025,OCT-2025,Y,ZOOX,Zoox,2026,ADS,Verified Engaged,Zoox,SEP-2025,10:29,San Francisco,CA,Intersection,Heavy Truck,Property Damage. No Injured Reported,Yes,raw/SGO/SGO-2021-01_Incident_Reports_ADS.csv
30610-11903,1,"Zoox, Inc.",Monthly,9,2025,OCT-2025,Y,TOYOTA,Highlander,2017,ADS,Verified Engaged,Zoox,SEP-2025,14:25,Miami,FL,Intersection,Non-Motorist: Other,Minor W/O Hospitalization,Yes,raw/SGO/SGO-2021-01_Incident_Reports_ADS.csv
30610-11990,1,"Zoox, Inc.",5-Day,,,OCT-2025,Y,TOYOTA,Highlander,2019,ADS,Verified Engaged,Zoox,OCT-2025,8:18,Las Vegas,NV,Street,SUV,Property Damage. No Injured Reported,Yes,raw/SGO/SGO-2021-01_Incident_Reports_ADS.csv
30610-1281,1,"Zoox, Inc.",Monthly,9,2021,SEP-2021,,Toyota,Highlander,2019,ADS,,Zoox,SEP-2021,08:02,San Francisco,CA,Intersection,SUV,No Injuries Reported,"No, see Narrative",raw/SGO/SGO-2021-01_Incident_Reports_ADS (1).csv
30610-13121,1,"Zoox, Inc.",Monthly,10,2025,NOV-2025,Y,TOYOTA,Highlander,2019,ADS,Verified Engaged,Zoox,OCT-2025,08:41,San Francisco,CA,Intersection,Passenger Car,Minor W/O Hospitalization,Yes,raw/SGO/SGO-2021-01_Incident_Reports_ADS.csv
30610-13122,1,"Zoox, Inc.",Monthly,10,2025,NOV-2025,Y,TOYOTA,Highlander,2019,ADS,Verified Engaged,Zoox,OCT-2025,15:05,San Francisco,CA,Street,Passenger Car,Property Damage. No Injured Reported,Yes,raw/SGO/SGO-2021-01_Incident_Reports_ADS.csv
30610-13123,1,"Zoox, Inc.",Monthly,10,2025,NOV-2025,Y,ZOOX,Zoox,2026,ADS,Verified Engaged,Zoox,OCT-2025,17:04,Las Vegas,NV,Street,Pickup Truck,Property Damage. No Injured Reported,Yes,raw/SGO/SGO-2021-01_Incident_Reports_ADS.csv
30610-13376,1,"Zoox, Inc.",Monthly,11,2025,DEC-2025,Y,ZOOX,Zoox,2026,ADS,Verified Engaged,Zoox,NOV-2025,13:40,Las Vegas,NV,Street,SUV,Property Damage. No Injured Reported,Yes,raw/SGO/SGO-2021-01_Incident_Reports_ADS.csv
30610-13377,1,"Zoox, Inc.",Monthly,11,2025,DEC-2025,Y,TOYOTA,Highlander,2019,ADS,Verified Engaged,Zoox,NOV-2025,13:32,Miami,FL,Intersection,Motorcycle,Unknown,Yes,raw/SGO/SGO-2021-01_Incident_Reports_ADS.csv
30610-13660,1,"Zoox, Inc.",Monthly,12,2025,JAN-2026,Y,ZOOX,Zoox,2026,ADS,Verified Engaged,Zoox,DEC-2025,16:08,San Francisco,CA,Intersection,Passenger Car,Property Damage. No Injured Reported,Yes,raw/SGO/SGO-2021-01_Incident_Reports_ADS.csv
30610-13661,1,"Zoox, Inc.",Monthly,12,2025,JAN-2026,Y,ZOOX,Zoox,2026,ADS,Verified Engaged,Zoox,DEC-2025,17:56,San Francisco,CA,Street,Pickup Truck,Property Damage. No Injured Reported,Yes,raw/SGO/SGO-2021-01_Incident_Reports_ADS.csv
30610-13662,1,"Zoox, Inc.",5-Day,,,JAN-2026,Y,ZOOX,Zoox,2026,ADS,Verified Engaged,Zoox,JAN-2026,13:51,San Francisco,CA,Street,Heavy Truck,Property Damage. No Injured Reported,Yes,raw/SGO/SGO-2021-01_Incident_Reports_ADS.csv
30610-13818,1,"Zoox, Inc.",5-Day,,,JAN-2026,Y,ZOOX,Zoox,2026,ADS,Verified Engaged,Zoox,JAN-2026,13:55,San Francisco,CA,Street,Passenger Car,Unknown,Yes,raw/SGO/SGO-2021-01_Incident_Reports_ADS.csv
30610-14026,1,"Zoox, Inc.",5-Day,,,FEB-2026,Y,ZOOX,Zoox,2026,ADS,Verified Engaged,Zoox,FEB-2026,13:55,San Francisco,CA,Street,SUV,Property Damage. No Injured Reported,Yes,raw/SGO/SGO-2021-01_Incident_Reports_ADS.csv
30610-14090,1,"Zoox, Inc.",Monthly,1,2026,FEB-2026,Y,TOYOTA,Highlander,2019,ADS,Verified Engaged,Zoox,JAN-2026,9:28,San Francisco,CA,Street,SUV,Minor W/O Hospitalization,Yes,raw/SGO/SGO-2021-01_Incident_Reports_ADS.csv
30610-14152,1,"Zoox, Inc.",5-Day,,,FEB-2026,Y,TOYOTA,Highlander,2019,ADS,Verified Engaged,Zoox,FEB-2026,10:14,San Francisco,CA,Street,Passenger Car,Property Damage. No Injured Reported,Yes,raw/SGO/SGO-2021-01_Incident_Reports_ADS.csv
30610-14167,1,"Zoox, Inc.",5-Day,,,FEB-2026,Y,TOYOTA,Highlander,2019,ADS,Verified Engaged,Zoox,FEB-2026,21:28,Santa Monica,CA,Street,SUV,Minor W/O Hospitalization,Yes,raw/SGO/SGO-2021-01_Incident_Reports_ADS.csv
30610-14263,1,"Zoox, Inc.",5-Day,,,MAR-2026,Y,ZOOX,Zoox,2024,ADS,Verified Engaged,Zoox,MAR-2026,00:55,Las Vegas,NV,Street,Heavy Truck,Property Damage. No Injured Reported,Yes,raw/SGO/SGO-2021-01_Incident_Reports_ADS.csv
30610-14264,1,"Zoox, Inc.",5-Day,,,MAR-2026,Y,TOYOTA,Highlander,2019,ADS,Verified Engaged,Zoox,MAR-2026,06:57,Austin,TX,Street,Heavy Truck,Property Damage. No Injured Reported,Yes,raw/SGO/SGO-2021-01_Incident_Reports_ADS.csv
30610-14339,1,"Zoox, Inc.",Monthly,2,2026,MAR-2026,Y,ZOOX,Zoox,2026,ADS,Verified Engaged,Zoox,FEB-2026,14:10,San Francisco,CA,Intersection,Non-Motorist: Cyclist,Property Damage. No Injured Reported,Yes,raw/SGO/SGO-2021-01_Incident_Reports_ADS.csv
30610-14340,1,"Zoox, Inc.",Monthly,2,2026,MAR-2026,Y,ZOOX,Zoox,2026,ADS,Verified Engaged,Zoox,FEB-2026,23:01,Las Vegas,NV,Street,Pickup Truck,No Injured Reported,Yes,raw/SGO/SGO-2021-01_Incident_Reports_ADS.csv
30610-14341,1,"Zoox, Inc.",Monthly,2,2026,MAR-2026,Y,ZOOX,Zoox,2024,ADS,Verified Engaged,Zoox,FEB-2026,21:06,Las Vegas,NV,Intersection,SUV,Unknown,Yes,raw/SGO/SGO-2021-01_Incident_Reports_ADS.csv
30610-14342,1,"Zoox, Inc.",5-Day,,,MAR-2026,Y,ZOOX,Zoox,2026,ADS,Verified Engaged,Zoox,MAR-2026,10:57,Las Vegas,NV,Street,Passenger Car,Property Damage. No Injured Reported,Yes,raw/SGO/SGO-2021-01_Incident_Reports_ADS.csv
30610-14366,1,"Zoox, Inc.",5-Day,,,MAR-2026,Y,ZOOX,Zoox,2026,ADS,Verified Engaged,Zoox,MAR-2026,15:03,Las Vegas,NV,Parking Lot,SUV,Property Damage. No Injured Reported,Yes,raw/SGO/SGO-2021-01_Incident_Reports_ADS.csv
30610-14388,1,"Zoox, Inc.",5-Day,,,MAR-2026,Y,ZOOX,Zoox,2026,ADS,Verified Engaged,Zoox,MAR-2026,14:12,San Francisco,CA,Street,Passenger Car,Property Damage. No Injured Reported,Yes,raw/SGO/SGO-2021-01_Incident_Reports_ADS.csv
30610-1441,1,"Zoox, Inc.",Monthly,10,2021,OCT-2021,,Toyota,Highlander,2016,ADS,,Zoox Inc.,SEP-2021,15:15,San Francisco,CA,Intersection,Passenger Car,No Injuries Reported,Yes,raw/SGO/SGO-2021-01_Incident_Reports_ADS (1).csv
30610-14419,1,"Zoox, Inc.",5-Day,,,MAR-2026,Y,ZOOX,Zoox,2026,ADS,Verified Engaged,Zoox,MAR-2026,19:27,San Francisco,CA,Street,Passenger Car,Property Damage. No Injured Reported,Yes,raw/SGO/SGO-2021-01_Incident_Reports_ADS.csv
30610-14519,1,"Zoox, Inc.",5-Day,,,APR-2026,Y,ZOOX,Zoox,2026,ADS,Verified Engaged,Zoox,MAR-2026,15:30,Las Vegas,NV,Intersection,SUV,Property Damage. No Injured Reported,Yes,raw/SGO/SGO-2021-01_Incident_Reports_ADS.csv
30610-14554,1,"Zoox, Inc.",5-Day,,,APR-2026,Y,TOYOTA,Highlander,2019,ADS,Verified Engaged,Zoox,MAR-2026,11:24,Miami,FL,Street,Heavy Truck,Unknown,Yes,raw/SGO/SGO-2021-01_Incident_Reports_ADS.csv
30610-14656,1,"Zoox, Inc.",5-Day,,,APR-2026,Y,ZOOX,Zoox,2026,ADS,Verified Engaged,Zoox,APR-2026,21:02,Las Vegas,NV,Street,Passenger Car,Property Damage. No Injured Reported,Yes,raw/SGO/SGO-2021-01_Incident_Reports_ADS.csv
30610-14662,1,"Zoox, Inc.",Monthly,3,2026,APR-2026,Y,ZOOX,Zoox,2026,ADS,Verified Engaged,Zoox,MAR-2026,22:23,Las Vegas,NV,Street,SUV,Property Damage. No Injured Reported,Yes,raw/SGO/SGO-2021-01_Incident_Reports_ADS.csv
30610-14663,1,"Zoox, Inc.",Monthly,3,2026,APR-2026,Y,TOYOTA,Highlander,2019,ADS,Verified Engaged,Zoox,MAR-2026,21:14,San Francisco,CA,Street,Passenger Car,Property Damage. No Injured Reported,Yes,raw/SGO/SGO-2021-01_Incident_Reports_ADS.csv
30610-14664,1,"Zoox, Inc.",Monthly,3,2026,APR-2026,Y,ZOOX,Zoox,2026,ADS,Verified Engaged,Zoox,MAR-2026,18:13,San Francisco,CA,Street,Passenger Car,Property Damage. No Injured Reported,Yes,raw/SGO/SGO-2021-01_Incident_Reports_ADS.csv
30610-14665,1,"Zoox, Inc.",Monthly,3,2026,APR-2026,Y,TOYOTA,Highlander,2017,ADS,Verified Engaged,Zoox,MAR-2026,21:18,San Francisco,CA,Street,Passenger Car,Property Damage. No Injured Reported,Yes,raw/SGO/SGO-2021-01_Incident_Reports_ADS.csv
30610-14732,1,"Zoox, Inc.",5-Day,,,APR-2026,Y,ZOOX,Zoox,2026,ADS,Verified Engaged,Zoox,APR-2026,14:12,Las Vegas,NV,Street,Heavy Truck,Property Damage. No Injured Reported,Yes,raw/SGO/SGO-2021-01_Incident_Reports_ADS.csv
30610-15018,1,"Zoox, Inc.",5-Day,,,MAY-2026,Y,ZOOX,Zoox,2026,ADS,Verified Engaged,Zoox,MAY-2026,23:04,San Francisco,CA,Intersection,Pickup Truck,Property Damage. No Injured Reported,Yes,raw/SGO/SGO-2021-01_Incident_Reports_ADS.csv
30610-15062,1,"Zoox, Inc.",Monthly,4,2026,MAY-2026,Y,ZOOX,Zoox,2026,ADS,Verified Engaged,Zoox,APR-2026,18:44,San Francisco,CA,Street,Passenger Car,Minor W/O Hospitalization,Yes,raw/SGO/SGO-2021-01_Incident_Reports_ADS.csv
30610-15063,1,"Zoox, Inc.",Monthly,4,2026,MAY-2026,Y,TOYOTA,Highlander,2019,ADS,Verified Engaged,Zoox,APR-2026,18:38,San Francisco,CA,Street,Passenger Car,Property Damage. No Injured Reported,Yes,raw/SGO/SGO-2021-01_Incident_Reports_ADS.csv
30610-15064,1,"Zoox, Inc.",Monthly,4,2026,MAY-2026,Y,ZOOX,Zoox,2024,ADS,Verified Engaged,Zoox,APR-2026,00:30,Las Vegas,NV,Street,Passenger Car,Minor W/O Hospitalization,Yes,raw/SGO/SGO-2021-01_Incident_Reports_ADS.csv
30610-15065,1,"Zoox, Inc.",Monthly,4,2026,MAY-2026,Y,ZOOX,Zoox,2026,ADS,Verified Engaged,Zoox,APR-2026,01:13,Las Vegas,NV,Street,Pickup Truck,Property Damage. No Injured Reported,Yes,raw/SGO/SGO-2021-01_Incident_Reports_ADS.csv
30610-15295,1,"Zoox, Inc.",5-Day,,,JUN-2026,Y,ZOOX,Zoox,2026,ADS,Verified Engaged,Zoox,MAY-2026,14:26,Las Vegas,NV,Street,Passenger Car,Unknown,Yes,raw/SGO/SGO-2021-01_Incident_Reports_ADS.csv
30610-15465,1,"Zoox, Inc.",5-Day,,,JUN-2026,Y,TOYOTA,Highlander,2019,ADS,Verified Engaged,Zoox,JUN-2026,11:42,Austin,TX,Intersection,Pickup Truck,Property Damage. No Injured Reported,Yes,raw/SGO/SGO-2021-01_Incident_Reports_ADS.csv
30610-15480,1,"Zoox, Inc.",Monthly,5,2026,JUN-2026,Y,TOYOTA,Highlander,2019,ADS,Verified Engaged,Zoox,MAY-2026,13:38,Miami,FL,Street,Pickup Truck,Property Damage. No Injured Reported,Yes,raw/SGO/SGO-2021-01_Incident_Reports_ADS.csv
30610-15481,1,"Zoox, Inc.",Monthly,5,2026,JUN-2026,Y,TOYOTA,Highlander,2019,ADS,Verified Engaged,Zoox,MAY-2026,19:01,San Francisco,CA,Street,Passenger Car,Property Damage. No Injured Reported,Yes,raw/SGO/SGO-2021-01_Incident_Reports_ADS.csv
30610-15540,1,"Zoox, Inc.",5-Day,,,JUN-2026,Y,ZOOX,Zoox,2026,ADS,Verified Engaged,Zoox,JUN-2026,21:56,Las Vegas,NV,Street,Passenger Car,Property Damage. No Injured Reported,Yes,raw/SGO/SGO-2021-01_Incident_Reports_ADS.csv
30610-15541,1,"Zoox, Inc.",5-Day,,,JUN-2026,Y,ZOOX,Zoox,2024,ADS,Verified Engaged,Zoox,JUN-2026,11:14,Las Vegas,NV,Intersection,Pickup Truck,Minor W/ Hospitalization,Yes,raw/SGO/SGO-2021-01_Incident_Reports_ADS.csv
30610-15628,1,"Zoox, Inc.",5-Day,,,JUN-2026,Y,ZOOX,Zoox,2026,ADS,Verified Engaged,Zoox,JUN-2026,13:54,Las Vegas,NV,Street,SUV,Property Damage. No Injured Reported,Yes,raw/SGO/SGO-2021-01_Incident_Reports_ADS.csv
30610-15638,1,"Zoox, Inc.",5-Day,,,JUN-2026,Y,TOYOTA,Highlander,2017,ADS,Verified Engaged,Zoox,JUN-2026,08:56,Las Vegas,NV,Street,Passenger Car,Property Damage. No Injured Reported,Yes,raw/SGO/SGO-2021-01_Incident_Reports_ADS.csv
30610-15707,1,"Zoox, Inc.",5-Day,,,JUL-2026,Y,ZOOX,Zoox,2026,ADS,Verified Engaged,Zoox,JUN-2026,09:03,San Francisco,CA,Intersection,Non-Motorist: Cyclist,Unknown,Yes,raw/SGO/SGO-2021-01_Incident_Reports_ADS.csv
30610-15722,1,"Zoox, Inc.",5-Day,,,JUL-2026,Y,ZOOX,Zoox,2024,ADS,Verified Engaged,Zoox,JUL-2026,09:50,Austin,TX,Street,Passenger Car,Property Damage. No Injured Reported,Yes,raw/SGO/SGO-2021-01_Incident_Reports_ADS.csv
30610-15822,1,"Zoox, Inc.",Monthly,6,2026,JUL-2026,Y,ZOOX,Zoox,2024,ADS,Verified Engaged,zoox,JUN-2026,00:24,Las Vegas,NV,Street,Non-Motorist: Other,Property Damage. No Injured Reported,Yes,raw/SGO/SGO-2021-01_Incident_Reports_ADS.csv
30610-15826,1,"Zoox, Inc.",Monthly,6,2026,JUL-2026,Y,ZOOX,Zoox,2026,ADS,Verified Engaged,Zoox,JUN-2026,22:23,San Francisco,CA,Street,Passenger Car,Property Damage. No Injured Reported,Yes,raw/SGO/SGO-2021-01_Incident_Reports_ADS.csv
30610-15827,1,"Zoox, Inc.",Monthly,6,2026,JUL-2026,Y,TOYOTA,Highlander,2019,ADS,Verified Engaged,Zoox,JUN-2026,11:30,Austin,TX,Street,Pickup Truck,Property Damage. No Injured Reported,Yes,raw/SGO/SGO-2021-01_Incident_Reports_ADS.csv
30610-1732,1,"Zoox, Inc.",Monthly,10,2021,NOV-2021,,Toyota,Highlander,2016,ADS,,Zoox,OCT-2021,15:05,San Francisco,CA,Intersection,Pickup Truck,No Injuries Reported,Yes,raw/SGO/SGO-2021-01_Incident_Reports_ADS (1).csv
30610-2151,1,"Zoox, Inc.",Monthly,12,2021,JAN-2022,,Toyota,Highlander,2016,ADAS,,Zoox Inc.,DEC-2021,22:15,Las Vegas,NV,Traffic Circle,SUV,No Injuries Reported,Yes,raw/SGO/SGO-2021-01_Incident_Reports_ADS (1).csv
30610-2227,1,"Zoox, Inc.",1-Day,,,FEB-2022,,Toyota,Highlander,2016,ADAS,,Zoox,FEB-2022,08:40,San Francisco,CA,Street,Non-Motorist: Cyclist,Unknown,Yes,raw/SGO/SGO-2021-01_Incident_Reports_ADS (1).csv
30610-2227,2,"Zoox, Inc.",Update,,,APR-2023,,Toyota,Highlander,2016,ADAS,,Zoox,FEB-2022,08:40,San Francisco,CA,Street,Non-Motorist: Cyclist,No Injuries Reported,Yes,raw/SGO/SGO-2021-01_Incident_Reports_ADS (1).csv
30610-2245,1,"Zoox, Inc.",Monthly,1,2022,FEB-2022,,Toyota,Highlander,2016,ADS,,Zoox Inc.,JAN-2022,08:55,San Francisco,CA,Street,Passenger Car,No Injuries Reported,Yes,raw/SGO/SGO-2021-01_Incident_Reports_ADS (1).csv
30610-2482,1,"Zoox, Inc.",Monthly,2,2022,MAR-2022,,Toyota,Highlander,2016,ADS,,Zoox,FEB-2022,20:55,San Francisco,CA,Street,Passenger Car,No Injuries Reported,Yes,raw/SGO/SGO-2021-01_Incident_Reports_ADS (1).csv
30610-2584,1,"Zoox, Inc.",1-Day,,,MAR-2022,,Toyota,Highlander,2016,ADS,,Zoox,MAR-2022,15:00,San Francisco,CA,Intersection,Non-Motorist: Other,Minor,Yes,raw/SGO/SGO-2021-01_Incident_Reports_ADS (1).csv
30610-2584,2,"Zoox, Inc.",10-Day Update,,,APR-2022,,Toyota,Highlander,2016,ADS,,Zoox,MAR-2022,15:00,San Francisco,CA,Intersection,Non-Motorist: Other,Minor,Yes,raw/SGO/SGO-2021-01_Incident_Reports_ADS (1).csv
30610-2651,1,"Zoox, Inc.",Monthly,4,2022,APR-2022,,Toyota,Highlander,2016,ADS,,Zoox,MAR-2022,08:20,San Francisco,CA,Intersection,Passenger Car,Minor,Yes,raw/SGO/SGO-2021-01_Incident_Reports_ADS (1).csv
30610-2913,1,"Zoox, Inc.",Monthly,4,2022,MAY-2022,,Toyota,Highlander,2016,ADS,,Zoox,APR-2022,05:55,San Francisco,CA,Intersection,Passenger Car,No Injuries Reported,Yes,raw/SGO/SGO-2021-01_Incident_Reports_ADS (1).csv
30610-3072,1,"Zoox, Inc.",1-Day,,,JUN-2022,,Toyota,Highlander,2016,ADS,,Zoox,JUN-2022,13:15,San Francisco,CA,Intersection,Non-Motorist: Other,Unknown,Yes,raw/SGO/SGO-2021-01_Incident_Reports_ADS (1).csv
30610-3072,2,"Zoox, Inc.",Update,,,APR-2023,,Toyota,Highlander,2016,ADS,,Zoox,JUN-2022,13:15,San Francisco,CA,Intersection,Non-Motorist: Other,Moderate,Yes,raw/SGO/SGO-2021-01_Incident_Reports_ADS (1).csv
30610-3158,1,"Zoox, Inc.",Monthly,5,2022,JUN-2022,,Toyota,Highlander,2016,ADS,,Zoox,MAY-2022,13:30,San Francisco,CA,Street,Passenger Car,Unknown,Yes,raw/SGO/SGO-2021-01_Incident_Reports_ADS (1).csv
30610-3158,2,"Zoox, Inc.",Update,,,APR-2023,,Toyota,Highlander,2016,ADS,,Zoox,MAY-2022,13:30,San Francisco,CA,Street,Passenger Car,No Injuries Reported,Yes,raw/SGO/SGO-2021-01_Incident_Reports_ADS (1).csv
30610-3215,1,"Zoox, Inc.",Monthly,7,2022,JUL-2022,,Toyota,Highlander,2016,ADS,,Zoox,JUN-2022,10:45,San Mateo,CA,Street,SUV,Unknown,Yes,raw/SGO/SGO-2021-01_Incident_Reports_ADS (1).csv
30610-3215,2,"Zoox, Inc.",Update,,,APR-2023,,Toyota,Highlander,2016,ADS,,Zoox,JUN-2022,10:45,San Mateo,CA,Street,SUV,No Injuries Reported,Yes,raw/SGO/SGO-2021-01_Incident_Reports_ADS (1).csv
30610-3320,1,"Zoox, Inc.",Monthly,7,2022,JUL-2022,,Toyota,Highlander,2016,ADS,,Zoox Inc.,JUN-2022,14:36,San Francisco,CA,Street,Passenger Car,No Injuries Reported,Yes,raw/SGO/SGO-2021-01_Incident_Reports_ADS (1).csv
30610-3508,1,"Zoox, Inc.",Monthly,7,2022,AUG-2022,,Toyota,Highlander,2016,ADS,,Zoox,JUL-2022,14:30,San Francisco,CA,Intersection,Passenger Car,Unknown,Yes,raw/SGO/SGO-2021-01_Incident_Reports_ADS (1).csv
30610-3508,2,"Zoox, Inc.",Update,,,APR-2023,,Toyota,Highlander,2016,ADS,,Zoox,JUL-2022,14:30,San Francisco,CA,Intersection,Passenger Car,No Injuries Reported,Yes,raw/SGO/SGO-2021-01_Incident_Reports_ADS (1).csv
30610-3703,1,"Zoox, Inc.",1-Day,,,AUG-2022,,Toyota,Highlander,2019,ADS,,Zoox Inc.,AUG-2022,17:21,Menlo Park,CA,Street,Passenger Car,Unknown,Yes,raw/SGO/SGO-2021-01_Incident_Reports_ADS (1).csv
30610-3703,2,"Zoox, Inc.",10-Day Update,,,SEP-2022,,Toyota,Highlander,2019,ADS,,Zoox Inc.,AUG-2022,17:21,Menlo Park,CA,Street,Passenger Car,Unknown,Yes,raw/SGO/SGO-2021-01_Incident_Reports_ADS (1).csv
30610-3703,3,"Zoox, Inc.",Update,,,APR-2023,,Toyota,Highlander,2019,ADS,,Zoox Inc.,AUG-2022,17:21,Menlo Park,CA,Street,Passenger Car,Minor,Yes,raw/SGO/SGO-2021-01_Incident_Reports_ADS (1).csv
30610-3719,1,"Zoox, Inc.",1-Day,,,AUG-2022,,Toyota,Highlander,2016,ADS,,Zoox Inc.,AUG-2022,21:20,Las Vegas,CA,Parking Lot,Non-Motorist: Pedestrian,No Injuries Reported,Yes,raw/SGO/SGO-2021-01_Incident_Reports_ADS (1).csv
30610-3719,2,"Zoox, Inc.",10-Day Update,,,SEP-2022,,Toyota,Highlander,2016,ADS,,Zoox Inc.,AUG-2022,21:20,Las Vegas,CA,Parking Lot,Non-Motorist: Pedestrian,No Injuries Reported,Yes,raw/SGO/SGO-2021-01_Incident_Reports_ADS (1).csv
30610-3751,1,"Zoox, Inc.",Monthly,8,2022,SEP-2022,,Toyota,Highlander,2016,ADS,,Zoox Inc.,AUG-2022,21:01,San Francisco,CA,Street,Van,No Injuries Reported,Yes,raw/SGO/SGO-2021-01_Incident_Reports_ADS (1).csv
30610-3752,1,"Zoox, Inc.",1-Day,,,SEP-2022,,Toyota,Highlander,2016,ADS,,Zoox,SEP-2022,11:30,San Francisco,CA,Street,Non-Motorist: Cyclist,Unknown,Yes,raw/SGO/SGO-2021-01_Incident_Reports_ADS (1).csv
30610-3752,2,"Zoox, Inc.",10-Day Update,,,SEP-2022,,Toyota,Highlander,2016,ADS,,Zoox,SEP-2022,11:30,San Francisco,CA,Street,Non-Motorist: Cyclist,No Injuries Reported,Yes,raw/SGO/SGO-2021-01_Incident_Reports_ADS (1).csv
30610-4215,1,"Zoox, Inc.",Monthly,11,2022,NOV-2022,,Toyota,Highlander,2016,ADS,,Zoox,OCT-2022,14:02,San Francisco,CA,Street,Van,No Injuries Reported,Yes,raw/SGO/SGO-2021-01_Incident_Reports_ADS (1).csv
30610-4217,1,"Zoox, Inc.",Monthly,11,2022,NOV-2022,,Toyota,Highlander,2016,ADS,,Zoox,OCT-2022,13:52,San Francisco,CA,Intersection,Passenger Car,No Injuries Reported,Yes,raw/SGO/SGO-2021-01_Incident_Reports_ADS (1).csv
30610-4362,1,"Zoox, Inc.",Monthly,12,2022,DEC-2022,,Toyota,Highlander,2016,ADS,,Zoox Inc.,NOV-2022,22:18,San Francisco,CA,Intersection,Passenger Car,No Injuries Reported,Yes,raw/SGO/SGO-2021-01_Incident_Reports_ADS (1).csv
30610-4383,1,"Zoox, Inc.",Monthly,12,2022,DEC-2022,,Toyota,Highlander,2016,ADS,,Zoox Inc.,NOV-2022,13:24,San Francisco,CA,Street,Van,No Injuries Reported,Yes,raw/SGO/SGO-2021-01_Incident_Reports_ADS (1).csv
30610-4384,1,"Zoox, Inc.",Monthly,12,2022,DEC-2022,,Toyota,Highlander,2016,ADS,,Zoox Inc.,NOV-2022,18:06,Las Vegas,NV,Street,Passenger Car,No Injuries Reported,Yes,raw/SGO/SGO-2021-01_Incident_Reports_ADS (1).csv
30610-4385,1,"Zoox, Inc.",Monthly,12,2022,DEC-2022,,Toyota,Highlander,2016,ADS,,Zoox Inc.,NOV-2022,20:22,San Francisco,CA,Street,Passenger Car,No Injuries Reported,Yes,raw/SGO/SGO-2021-01_Incident_Reports_ADS (1).csv
30610-4810,1,"Zoox, Inc.",1-Day,,,FEB-2023,,Toyota,Highlander,2016,ADS,,Zoox,FEB-2023,13:50,Paradise,NV,Intersection,Non-Motorist: Cyclist,Minor,Yes,raw/SGO/SGO-2021-01_Incident_Reports_ADS (1).csv
30610-4810,2,"Zoox, Inc.",10-Day Update,,,FEB-2023,,Toyota,Highlander,2016,ADS,,Zoox,FEB-2023,13:50,Paradise,NV,Intersection,Non-Motorist: Cyclist,Minor,Yes,raw/SGO/SGO-2021-01_Incident_Reports_ADS (1).csv
30610-4814,1,"Zoox, Inc.",Monthly,1,2023,FEB-2023,,Toyota,Highlander,2016,ADS,,Zoox,JAN-2023,15:00,Las Vegas,NV,Street,Passenger Car,No Injuries Reported,Yes,raw/SGO/SGO-2021-01_Incident_Reports_ADS (1).csv
30610-4814,2,"Zoox, Inc.",Update,,,JUN-2023,,Toyota,Highlander,2016,ADS,,Zoox,JAN-2023,15:00,Las Vegas,NV,Street,Passenger Car,No Injuries Reported,Yes,raw/SGO/SGO-2021-01_Incident_Reports_ADS (1).csv
30610-4815,1,"Zoox, Inc.",Monthly,2,2023,MAR-2023,,Toyota,Highlander,2016,ADS,,Zoox,JAN-2023,18:40,San Francisco,CA,Street,Passenger Car,No Injuries Reported,Yes,raw/SGO/SGO-2021-01_Incident_Reports_ADS (1).csv
30610-4993,1,"Zoox, Inc.",Monthly,3,2023,MAR-2023,,Toyota,Highlander,2016,ADS,,Zoox,FEB-2023,14:28,San Francisco,CA,Intersection,Passenger Car,Minor,Yes,raw/SGO/SGO-2021-01_Incident_Reports_ADS (1).csv
30610-4993,2,"Zoox, Inc.",Update,,,APR-2023,,Toyota,Highlander,2016,ADS,,Zoox,FEB-2023,14:28,San Francisco,CA,Intersection,Passenger Car,No Injuries Reported,Yes,raw/SGO/SGO-2021-01_Incident_Reports_ADS (1).csv
30610-4994,1,"Zoox, Inc.",Monthly,3,2023,MAR-2023,,Toyota,Highlander,2016,ADS,,Zoox,FEB-2023,13:27,San Francisco,CA,Street,Passenger Car,Minor,Yes,raw/SGO/SGO-2021-01_Incident_Reports_ADS (1).csv
30610-4994,2,"Zoox, Inc.",Update,,,APR-2023,,Toyota,Highlander,2016,ADS,,Zoox,FEB-2023,13:27,San Francisco,CA,Street,Passenger Car,No Injuries Reported,Yes,raw/SGO/SGO-2021-01_Incident_Reports_ADS (1).csv
30610-4995,1,"Zoox, Inc.",Monthly,3,2023,MAR-2023,,Toyota,Highlander,2016,ADS,,Zoox,FEB-2023,18:06,San Francisco,CA,Street,Passenger Car,Minor,Yes,raw/SGO/SGO-2021-01_Incident_Reports_ADS (1).csv
30610-4995,2,"Zoox, Inc.",Update,,,APR-2023,,Toyota,Highlander,2016,ADS,,Zoox,FEB-2023,18:06,San Francisco,CA,Street,Passenger Car,No Injuries Reported,Yes,raw/SGO/SGO-2021-01_Incident_Reports_ADS (1).csv
30610-5224,1,"Zoox, Inc.",Monthly,4,2023,APR-2023,,Toyota,Highlander,2016,ADS,,Zoox,MAR-2023,22:45,Paradise,NV,Street,Other Fixed Object,No Injuries Reported,Yes,raw/SGO/SGO-2021-01_Incident_Reports_ADS (1).csv
30610-5225,1,"Zoox, Inc.",Monthly,4,2023,APR-2023,,Toyota,111324,2016,ADS,,Zoox,MAR-2023,14:40,Paradise,NV,Intersection,Pickup Truck,No Injuries Reported,Yes,raw/SGO/SGO-2021-01_Incident_Reports_ADS (1).csv
30610-5225,2,"Zoox, Inc.",Update,,,APR-2023,,Toyota,Highlander,2016,ADS,,Zoox,MAR-2023,14:40,Paradise,NV,Intersection,Pickup Truck,No Injuries Reported,Yes,raw/SGO/SGO-2021-01_Incident_Reports_ADS (1).csv
30610-5232,1,"Zoox, Inc.",1-Day,,,APR-2023,,Toyota,Highlander,2017,ADS,,Zoox,APR-2023,11:19,San Francisco,CA,Intersection,"Other, see Narrative",No Injuries Reported,Yes,raw/SGO/SGO-2021-01_Incident_Reports_ADS (1).csv
30610-5232,2,"Zoox, Inc.",10-Day Update,,,APR-2023,,Toyota,Highlander,2017,ADS,,Zoox,APR-2023,11:19,San Francisco,CA,Intersection,"Other, see Narrative",No Injuries Reported,Yes,raw/SGO/SGO-2021-01_Incident_Reports_ADS (1).csv
30610-5714,1,"Zoox, Inc.",Monthly,6,2023,JUN-2023,,Toyota,Highlander,2016,ADS,,"Zoox, Inc",MAY-2023,10:52,Paradise,NV,Street,Passenger Car,Minor,Yes,raw/SGO/SGO-2021-01_Incident_Reports_ADS (1).csv
30610-5716,1,"Zoox, Inc.",Monthly,6,2023,JUN-2023,,Toyota,Highlander,2017,ADS,,"Zoox, Inc",MAY-2023,11:40,San Francisco,CA,Street,SUV,Minor,Yes,raw/SGO/SGO-2021-01_Incident_Reports_ADS (1).csv
30610-6373,1,"Zoox, Inc.",Monthly,9,2023,OCT-2023,,Toyota,Highlander,2017,ADS,,Zoox,SEP-2023,15:20,San Francisco,CA,Street,Van,No Injuries Reported,Yes,raw/SGO/SGO-2021-01_Incident_Reports_ADS (1).csv
30610-6592,1,"Zoox, Inc.",1-Day,,,NOV-2023,,Toyota,Highlander,2017,ADS,,Zoox,NOV-2023,22:16,Seattle,WA,Street,"Other, see Narrative",Minor,Yes,raw/SGO/SGO-2021-01_Incident_Reports_ADS (1).csv
30610-6592,2,"Zoox, Inc.",10-Day Update,,,NOV-2023,,Toyota,Highlander,2017,ADS,,Zoox,NOV-2023,22:16,Seattle,WA,Street,"Other, see Narrative",Minor,Yes,raw/SGO/SGO-2021-01_Incident_Reports_ADS (1).csv
30610-6635,1,"Zoox, Inc.",Monthly,10,2023,NOV-2023,,Toyota,Highlander,2017,ADS,,Zoox,OCT-2023,09:53,Seattle,WA,Street,Passenger Car,No Injuries Reported,Yes,raw/SGO/SGO-2021-01_Incident_Reports_ADS (1).csv
30610-6638,1,"Zoox, Inc.",Monthly,10,2023,NOV-2023,,Toyota,Highlander,2017,ADS,,Zoox,OCT-2023,20:12,San Francisco,CA,Street,SUV,No Injuries Reported,Yes,raw/SGO/SGO-2021-01_Incident_Reports_ADS (1).csv
30610-6950,1,"Zoox, Inc.",Monthly,1,2024,FEB-2024,,Toyota,Highlander,2017,ADS,,Zoox,JAN-2024,21:13,San Francisco,CA,Intersection,SUV,No Injuries Reported,Yes,raw/SGO/SGO-2021-01_Incident_Reports_ADS (1).csv
30610-7110,1,"Zoox, Inc.",Monthly,1,2024,FEB-2024,,Toyota,Highlander,2017,ADS,,Zoox,JAN-2024,14:12,San Francisco,CA,Street,Passenger Car,No Injuries Reported,Yes,raw/SGO/SGO-2021-01_Incident_Reports_ADS (1).csv
30610-7111,1,"Zoox, Inc.",Monthly,1,2024,FEB-2024,,Toyota,Highlander,2017,ADS,,Zoox,JAN-2024,14:19,Paradise,NV,Intersection,Passenger Car,No Injuries Reported,Yes,raw/SGO/SGO-2021-01_Incident_Reports_ADS (1).csv
30610-7291,1,"Zoox, Inc.",Monthly,2,2024,MAR-2024,,Toyota,Highlander,2017,ADS,,Zoox,FEB-2024,16:29,Spring Valley,NV,Intersection,Pickup Truck,Minor,Yes,raw/SGO/SGO-2021-01_Incident_Reports_ADS (1).csv
30610-7292,1,"Zoox, Inc.",Monthly,2,2024,MAR-2024,,Toyota,Highlander,2019,ADS,,Zoox,FEB-2024,13:52,San Francisco,CA,Intersection,Passenger Car,No Injuries Reported,Yes,raw/SGO/SGO-2021-01_Incident_Reports_ADS (1).csv
30610-7293,1,"Zoox, Inc.",Monthly,2,2024,MAR-2024,,Toyota,Highlander,2019,ADS,,Zoox,FEB-2024,11:00,San Francisco,CA,Street,Bus,No Injuries Reported,Yes,raw/SGO/SGO-2021-01_Incident_Reports_ADS (1).csv
30610-7464,1,"Zoox, Inc.",Monthly,3,2024,APR-2024,,Toyota,Highlander,2017,ADS,,Zoox,MAR-2024,14:45,Paradise,NV,Street,SUV,No Injuries Reported,Yes,raw/SGO/SGO-2021-01_Incident_Reports_ADS (1).csv
30610-7465,1,"Zoox, Inc.",Monthly,3,2024,APR-2024,,Toyota,Highlander,2019,ADS,,Zoox,MAR-2024,9:44,Las Vegas,NV,Street,Pickup Truck,Minor,Yes,raw/SGO/SGO-2021-01_Incident_Reports_ADS (1).csv
30610-7578,1,"Zoox, Inc.",1-Day,,,APR-2024,,Toyota,Highlander,2019,ADS,,Zoox,APR-2024,16:54,Spring Valley,NV,Street,Motorcycle,Minor,Yes,raw/SGO/SGO-2021-01_Incident_Reports_ADS (1).csv
30610-7578,2,"Zoox, Inc.",10-Day Update,,,MAY-2024,,Toyota,Highlander,2019,ADS,,Zoox,APR-2024,16:54,Spring Valley,NV,Street,Motorcycle,Minor,Yes,raw/SGO/SGO-2021-01_Incident_Reports_ADS (1).csv
30610-7589,1,"Zoox, Inc.",1-Day,,,APR-2024,,Toyota,Highlander,2019,ADS,,Zoox,APR-2024,12:51,San Francisco,CA,Intersection,Motorcycle,Minor,Yes,raw/SGO/SGO-2021-01_Incident_Reports_ADS (1).csv
30610-7589,2,"Zoox, Inc.",10-Day Update,,,MAY-2024,,Toyota,Highlander,2019,ADS,,Zoox,APR-2024,12:51,San Francisco,CA,Intersection,Motorcycle,Minor,Yes,raw/SGO/SGO-2021-01_Incident_Reports_ADS (1).csv
30610-7674,1,"Zoox, Inc.",Monthly,4,2024,MAY-2024,,Toyota,Highlander,2017,ADS,,Zoox,APR-2024,13:49,Las Vegas,NV,Intersection,Passenger Car,No Injuries Reported,Yes,raw/SGO/SGO-2021-01_Incident_Reports_ADS (1).csv
30610-7819,1,"Zoox, Inc.",5-Day,,,JUN-2024,,Zoox,sedan,2023,ADS,,Zoox,MAY-2024,16:02,Foster City,CA,Street,Passenger Car,No Injuries Reported,Yes,raw/SGO/SGO-2021-01_Incident_Reports_ADS (1).csv
30610-7819,2,"Zoox, Inc.",Update,,,DEC-2024,,Zoox,sedan,2023,ADS,,Zoox,MAY-2024,16:02,Foster City,CA,Street,Passenger Car,Minor,Yes,raw/SGO/SGO-2021-01_Incident_Reports_ADS (1).csv
30610-8201,1,"Zoox, Inc.",1-Day,,,JUL-2024,,Toyota,Highlander,2019,ADS,,Zoox,JUL-2024,11:07,San Francisco,CA,Street,Non-Motorist: Cyclist,Minor,Yes,raw/SGO/SGO-2021-01_Incident_Reports_ADS (1).csv
30610-8201,2,"Zoox, Inc.",10-Day Update,,,JUL-2024,,Toyota,Highlander,2019,ADS,,Zoox,JUL-2024,11:07,San Francisco,CA,Street,Non-Motorist: Cyclist,Minor,Yes,raw/SGO/SGO-2021-01_Incident_Reports_ADS (1).csv
30610-8290,1,"Zoox, Inc.",1-Day,,,AUG-2024,,Toyota,Highlander,2017,ADS,,Zoox,AUG-2024,17:53,Spring Valley,NV,Street,Motorcycle,Unknown,Yes,raw/SGO/SGO-2021-01_Incident_Reports_ADS (1).csv
30610-8290,2,"Zoox, Inc.",10-Day Update,,,AUG-2024,,Toyota,Highlander,2017,ADS,,Zoox,AUG-2024,17:53,Spring Valley,NV,Street,Motorcycle,Unknown,Yes,raw/SGO/SGO-2021-01_Incident_Reports_ADS (1).csv
30610-8373,1,"Zoox, Inc.",Monthly,7,2024,AUG-2024,,Toyota,Highlander,2019,ADS,,Zoox,JUL-2024,17:29,San Francisco,CA,Street,Passenger Car,No Injuries Reported,Yes,raw/SGO/SGO-2021-01_Incident_Reports_ADS (1).csv
30610-8374,1,"Zoox, Inc.",Monthly,7,2024,AUG-2024,,Toyota,Highlander,2019,ADS,,Zoox,JUL-2024,15:25,San Francisco,CA,Street,Passenger Car,No Injuries Reported,Yes,raw/SGO/SGO-2021-01_Incident_Reports_ADS (1).csv
30610-8377,1,"Zoox, Inc.",Monthly,7,2024,AUG-2024,,Toyota,Highlander,2019,ADS,,Zoox,JUL-2024,18:43,San Francisco,CA,Street,Passenger Car,No Injuries Reported,Yes,raw/SGO/SGO-2021-01_Incident_Reports_ADS (1).csv
30610-8467,1,"Zoox, Inc.",5-Day,,,AUG-2024,,Toyota,Highlander,2017,ADS,,Zoox,AUG-2024,20:23,Spring Valley,NV,Street,SUV,No Injuries Reported,Yes,raw/SGO/SGO-2021-01_Incident_Reports_ADS (1).csv
30610-8956,1,"Zoox, Inc.",1-Day,,,OCT-2024,,Toyota,Highlander,2017,ADS,,Zoox,OCT-2024,10:00,San Francisco,CA,Intersection,Non-Motorist: Other,Minor,Yes,raw/SGO/SGO-2021-01_Incident_Reports_ADS (1).csv
30610-8956,2,"Zoox, Inc.",10-Day Update,,,NOV-2024,,Toyota,Highlander,2017,ADS,,Zoox,OCT-2024,10:00,San Francisco,CA,Intersection,Non-Motorist: Other,Minor,Yes,raw/SGO/SGO-2021-01_Incident_Reports_ADS (1).csv
30610-9120,1,"Zoox, Inc.",Monthly,10,2024,NOV-2024,,Toyota,Highlander,2017,ADS,,Zoox,OCT-2024,21:38,Paradise,NV,Street,SUV,No Injuries Reported,Yes,raw/SGO/SGO-2021-01_Incident_Reports_ADS (1).csv
30610-9137,1,"Zoox, Inc.",Monthly,10,2024,NOV-2024,,Toyota,Highlander,2019,ADS,,Zoox,OCT-2024,19:03,Paradise,NV,Street,SUV,No Injuries Reported,Yes,raw/SGO/SGO-2021-01_Incident_Reports_ADS (1).csv
30610-9138,1,"Zoox, Inc.",Monthly,10,2024,NOV-2024,,Toyota,Highlander,2017,ADS,,Zoox,OCT-2024,9:20,San Francisco,CA,Street,Passenger Car,No Injuries Reported,Yes,raw/SGO/SGO-2021-01_Incident_Reports_ADS (1).csv
30610-9577,1,"Zoox, Inc.",Monthly,12,2024,JAN-2025,,Toyota,Highlander,2019,ADS,,Zoox,DEC-2024,08:37,Spring Valley,CA,Street,Passenger Car,Minor,Yes,raw/SGO/SGO-2021-01_Incident_Reports_ADS (1).csv
30610-9578,1,"Zoox, Inc.",Monthly,12,2024,JAN-2025,,Zoox,sedan,2024,ADS,,Zoox,DEC-2024,21:33,San Francisco,CA,Intersection,SUV,No Injuries Reported,Yes,raw/SGO/SGO-2021-01_Incident_Reports_ADS (1).csv
30610-9722,1,"Zoox, Inc.",5-Day,,,JAN-2025,,Toyota,Highlander,2019,ADS,,Zoox,JAN-2025,08:57,Paradise,NV,Street,Other Fixed Object,No Injuries Reported,Yes,raw/SGO/SGO-2021-01_Incident_Reports_ADS (1).csv
30610-9726,1,"Zoox, Inc.",5-Day,,,JAN-2025,,Toyota,Highlander,2017,ADS,,Zoox,JAN-2025,10:16,Paradise,NV,Street,SUV,No Injuries Reported,Yes,raw/SGO/SGO-2021-01_Incident_Reports_ADS (1).csv
30610-9759,1,"Zoox, Inc.",5-Day,,,JAN-2025,,Toyota,Highlander,2017,ADS,,Zoox,JAN-2025,22:57,San Francisco,CA,Street,Passenger Car,No Injuries Reported,Yes,raw/SGO/SGO-2021-01_Incident_Reports_ADS (1).csv
30610-9768,1,"Zoox, Inc.",5-Day,,,JAN-2025,,Toyota,Highlander,2019,ADS,,Zoox,JAN-2025,21:16,San Francisco,CA,Intersection,Passenger Car,No Injuries Reported,Yes,raw/SGO/SGO-2021-01_Incident_Reports_ADS (1).csv
30610-9963,1,"Zoox, Inc.",Monthly,1,2025,FEB-2025,,Zoox,sedan,2024,ADS,,Zoox,JAN-2025,20:46,San Francisco,CA,Street,Passenger Car,No Injuries Reported,Yes,raw/SGO/SGO-2021-01_Incident_Reports_ADS (1).csv
30610-9965,1,"Zoox, Inc.",Monthly,1,2025,FEB-2025,,Toyota,Highlander,2019,ADS,,Zoox,JAN-2025,18:12,San Francisco,CA,Street,Passenger Car,Minor,Yes,raw/SGO/SGO-2021-01_Incident_Reports_ADS (1).csv
30610-9967,1,"Zoox, Inc.",Monthly,1,2025,FEB-2025,,Toyota,Highlander,2019,ADS,,Zoox,JAN-2025,08:30,Las Vegas,NV,Street,Passenger Car,Minor,Yes,raw/SGO/SGO-2021-01_Incident_Reports_ADS (1).csv
30630-6900,1,Ambarella,5-Day,,,DEC-2023,,Lexus,RX450H,2020,ADS,,"VisLab, SRL (subsidiary of Ambarella, Inc.)",DEC-2023,16:00,Las Vegas,NV,Street,SUV,No Injuries Reported,Yes,raw/SGO/SGO-2021-01_Incident_Reports_ADS (1).csv
30634-10693,1,PlusAI Inc,5-Day,,,MAY-2025,,KENWORTH,T680,2020,ADS,,"PLUSAI, INC",MAY-2025,11:47,Oak Ridge North,TX,Highway / Freeway,"Other, see Narrative",No Injuries Reported,"[REDACTED, MAY CONTAIN CONFIDENTIAL BUSINESS INFORMATION]",raw/SGO/SGO-2021-01_Incident_Reports_ADS (1).csv
30634-14991,1,PlusAI Inc,Monthly,5,2026,MAY-2026,Y,KENWORTH,T680,2020,ADS,Unknown - see Narrative,"PlusAI, Inc.",APR-2026,03:59,,TX,Highway / Freeway,"Other, see Narrative",Unknown,"[REDACTED, MAY CONTAIN CONFIDENTIAL BUSINESS INFORMATION]",raw/SGO/SGO-2021-01_Incident_Reports_ADS.csv
30690-1286,1,Robotic Research,Monthly,9,2021,SEP-2021,,Local Motors,Olli,2019,ADS,,Beep,AUG-2021,20:00,Yellowstone National Park,WY,Parking Lot,Passenger Car,No Injuries Reported,Yes,raw/SGO/SGO-2021-01_Incident_Reports_ADS (1).csv
30690-4793,1,Robotic Research,Monthly,1,2023,FEB-2023,,Local Motors,2.0,2018,ADS,,,JAN-2023,11:01,Peachtree Corners,GA,Street,Other Fixed Object,No Injuries Reported,Yes,raw/SGO/SGO-2021-01_Incident_Reports_ADS (1).csv
30711-1624,1,Pony.ai,Monthly,11,2021,NOV-2021,,Hyundai,Kona/EV,2021,ADS,,Pony.ai,OCT-2021,10:50,Fremont,CA,Street,Other Fixed Object,No Injuries Reported,Yes,raw/SGO/SGO-2021-01_Incident_Reports_ADS (1).csv
30711-1759,1,Pony.ai,1-Day,,,NOV-2021,,Hyundai,Kona EV,2021,ADS,,Pony.ai,OCT-2021,10:50,Fremont,CA,Street,Other Fixed Object,No Injuries Reported,Yes,raw/SGO/SGO-2021-01_Incident_Reports_ADS (1).csv
30711-1759,2,Pony.ai,10-Day Update,,,NOV-2021,,Hyundai,Kona EV,2021,ADS,,Pony.ai,OCT-2021,10:50,Fremont,CA,Street,Other Fixed Object,No Injuries Reported,Yes,raw/SGO/SGO-2021-01_Incident_Reports_ADS (1).csv
30711-1759,3,Pony.ai,Update,,,DEC-2021,,Hyundai,Kona EV,2021,ADS,,Pony.ai,OCT-2021,10:50,Fremont,CA,Street,Other Fixed Object,No Injuries Reported,Yes,raw/SGO/SGO-2021-01_Incident_Reports_ADS (1).csv
30711-2666,1,Pony.ai,Monthly,4,2022,APR-2022,,Hyundai,Kona EV,2019,ADS,,Pony.ai,MAR-2022,11:30,Tustin,CA,Street,"Other, see Narrative",No Injuries Reported,Yes,raw/SGO/SGO-2021-01_Incident_Reports_ADS (1).csv
30711-2862,1,Pony.ai,Monthly,5,2022,MAY-2022,,Hyundai,Kona EV,2020,ADS,,Pony.ai,APR-2022,9:00,Miliptas,CA,Parking Lot,Passenger Car,No Injuries Reported,Yes,raw/SGO/SGO-2021-01_Incident_Reports_ADS (1).csv
30711-3157,1,Pony.ai,Monthly,6,2022,JUN-2022,,Hyundai,Kona EV,2021,ADS,,Pony.ai,MAY-2022,15:00,Irvine,CA,Street,Passenger Car,No Injuries Reported,Yes,raw/SGO/SGO-2021-01_Incident_Reports_ADS (1).csv
30711-5675,1,Pony.ai,Monthly,6,2023,JUN-2023,,Hyundai,Kona EV,2021,ADS,,"Pony.ai, Inc",JUN-2023,11:39,Fremont,CA,Street,Passenger Car,No Injuries Reported,Yes,raw/SGO/SGO-2021-01_Incident_Reports_ADS (1).csv
30711-6431,1,Pony.ai,Monthly,10,2023,OCT-2023,,Lincoln,MKZ,2019,ADS,,Pony.ai,SEP-2023,17:02,Milpitas,CA,Highway / Freeway,"Other, see Narrative",No Injuries Reported,Yes,raw/SGO/SGO-2021-01_Incident_Reports_ADS (1).csv
30711-7848,1,Pony.ai,Monthly,6,2024,JUN-2024,,Lincoln,MKZ,2019,ADAS,,"Pony.ai, Inc.",MAY-2024,15:25,Fremont,CA,Street,Other Fixed Object,No Injuries Reported,Yes,raw/SGO/SGO-2021-01_Incident_Reports_ADS (1).csv
30791-10003,1,AutoX Technologies Inc,Monthly,2,2025,MAR-2025,,Chrysler,Pacifica,2020,ADS,,"AutoX Technologies, Inc.",FEB-2025,18:31,Santa Clara,CA,Street,Passenger Car,No Injuries Reported,Yes,raw/SGO/SGO-2021-01_Incident_Reports_ADS (1).csv
30792-1031,1,WeRide Corp,Monthly,8,2021,AUG-2021,,Lincoln,MKZ,2017,ADS,,Weride Corp,JUL-2021,11:35,San Jose,CA,Street,SUV,No Injuries Reported,Yes,raw/SGO/SGO-2021-01_Incident_Reports_ADS (1).csv
30792-10691,1,WeRide Corp,5-Day,,,MAY-2025,,Nissan,Leaf,2023,ADS,,WeRide,MAY-2025,14:23,Santa Clara,CA,Highway / Freeway,SUV,No Injuries Reported,Yes,raw/SGO/SGO-2021-01_Incident_Reports_ADS (1).csv
30792-14655,1,WeRide Corp,Monthly,4,2026,APR-2026,Y,NISSAN,Ariya Hatchback,2024,ADS,Verified Engaged,WeRide,MAR-2026,11:46,San Jose,CA,Street,Pickup Truck,No Injured Reported,Yes,raw/SGO/SGO-2021-01_Incident_Reports_ADS.csv
30792-1699,1,WeRide Corp,Monthly,11,2021,NOV-2021,,Nissan,Leaf SL,2019,ADS,,Weride Corp,NOV-2021,15:27,San Jose,CA,Highway / Freeway,Passenger Car,No Injuries Reported,Yes,raw/SGO/SGO-2021-01_Incident_Reports_ADS (1).csv
30792-4714,1,WeRide Corp,Monthly,1,2023,APR-2023,,Nissan,Leaf SV Plus,2023,ADS,,WeRide Corp,DEC-2022,16:31,Las Vegas,NV,Intersection,SUV,No Injuries Reported,Yes,raw/SGO/SGO-2021-01_Incident_Reports_ADS (1).csv
30792-5565,1,WeRide Corp,Monthly,5,2023,MAY-2023,,Nissan,Leaf,2023,ADS,,WeRide,MAY-2023,11:41,San Francisco,CA,Street,Non-Motorist: Cyclist,No Injuries Reported,Yes,raw/SGO/SGO-2021-01_Incident_Reports_ADS (1).csv
30792-5747,1,WeRide Corp,Monthly,6,2023,JUN-2023,,NISSAN,LEAF,2019,ADS,,WeRide,JUN-2023,14:06,san jose,CA,Street,Heavy Truck,Moderate,Yes,raw/SGO/SGO-2021-01_Incident_Reports_ADS (1).csv
30792-6114,1,WeRide Corp,Monthly,8,2023,AUG-2023,,Nissan,LEAF,2023,"Unknown, see Narrative",,WeRide,AUG-2023,13:45,San Francisco,CA,Street,Pickup Truck,No Injuries Reported,Yes,raw/SGO/SGO-2021-01_Incident_Reports_ADS (1).csv
30792-6492,1,WeRide Corp,Monthly,10,2023,OCT-2023,,Nissan,Leaf,2023,ADS,,WeRide,SEP-2023,13:54,San Francisco,CA,Street,SUV,No Injuries Reported,Yes,raw/SGO/SGO-2021-01_Incident_Reports_ADS (1).csv
30792-7147,1,WeRide Corp,Monthly,1,2024,FEB-2024,,Nissan,LEAF,2023,ADS,,WeRide,JAN-2024,12:56,San Jose,CA,Street,Passenger Car,No Injuries Reported,Yes,raw/SGO/SGO-2021-01_Incident_Reports_ADS (1).csv
30792-7917,1,WeRide Corp,Monthly,6,2024,JUN-2024,,Nissan,Leaf,2023,ADS,,WeRide,JUN-2024,10:33,San Jose,CA,Street,Passenger Car,No Injuries Reported,Yes,raw/SGO/SGO-2021-01_Incident_Reports_ADS (1).csv
30792-8115,1,WeRide Corp,Monthly,7,2024,JUL-2024,,Nissan,Leaf,2019,"Unknown, see Narrative",,WeRide,JUN-2024,15:51,Santa Clara,CA,Street,Passenger Car,No Injuries Reported,Yes,raw/SGO/SGO-2021-01_Incident_Reports_ADS (1).csv
30792-9317,1,WeRide Corp,Monthly,12,2024,DEC-2024,,Nissan,Leaf,2023,ADS,,WeRide,NOV-2024,13:27,San Jose,CA,Intersection,Pickup Truck,No Injuries Reported,Yes,raw/SGO/SGO-2021-01_Incident_Reports_ADS (1).csv
30830-1297,1,Local Motors Industries,Monthly,9,2021,SEP-2021,,OLLI,1.0,2019,ADS,,BEEP,AUG-2021,,,WY,Parking Lot,Passenger Car,No Injuries Reported,Yes,raw/SGO/SGO-2021-01_Incident_Reports_ADS (1).csv
31101-10433,1,Avride Inc.,Monthly,3,2025,APR-2025,,Hyundai,Ioniq 5,2023,"Unknown, see Narrative",,Avride INC,MAR-2025,11:56,Austin,TX,Street,Passenger Car,No Injuries Reported,Yes,raw/SGO/SGO-2021-01_Incident_Reports_ADS (1).csv
31101-11278,1,Avride Inc.,Monthly,6,2025,JUL-2025,Y,HYUNDAI,Ioniq 5,2023,ADS,Verified Engaged,Avride INC.,JUN-2025,09:39,Austin,TX,Intersection,Passenger Car,Property Damage. No Injured Reported,Yes,raw/SGO/SGO-2021-01_Incident_Reports_ADS.csv
31101-13139,1,Avride Inc.,Monthly,9,2025,NOV-2025,Y,HYUNDAI,Ioniq 5,2025,ADS,Verified Engaged,Avride INC.,SEP-2025,08:33,Dallas,TX,Street,SUV,Property Damage. No Injured Reported,Yes,raw/SGO/SGO-2021-01_Incident_Reports_ADS.csv
31101-13154,1,Avride Inc.,Monthly,10,2025,NOV-2025,Y,HYUNDAI,Ioniq 5,2025,ADS,Verified Engaged,Avride INC.,OCT-2025,09:56,Austin,TX,Intersection,SUV,Property Damage. No Injured Reported,Exiting ODD,raw/SGO/SGO-2021-01_Incident_Reports_ADS.csv
31101-13438,1,Avride Inc.,Monthly,11,2025,DEC-2025,Y,HYUNDAI,Ioniq 5,2023,ADS,Verified Engaged,Avride,NOV-2025,21:21,Austin,TX,Street,Passenger Car,No Injured Reported,Yes,raw/SGO/SGO-2021-01_Incident_Reports_ADS.csv
31101-13439,1,Avride Inc.,Monthly,11,2025,DEC-2025,Y,HYUNDAI,Ioniq 5,2025,ADS,Verified Engaged,Avride,NOV-2025,21:57,Austin,TX,Street,Passenger Car,No Injured Reported,Yes,raw/SGO/SGO-2021-01_Incident_Reports_ADS.csv
31101-13440,1,Avride Inc.,Monthly,11,2025,DEC-2025,Y,HYUNDAI,Ioniq 5,2025,ADS,Verified Engaged,Avride,NOV-2025,18:11,Austin,TX,Intersection,Passenger Car,No Injured Reported,Yes,raw/SGO/SGO-2021-01_Incident_Reports_ADS.csv
31101-13441,1,Avride Inc.,Monthly,11,2025,DEC-2025,Y,HYUNDAI,Ioniq 5,2022,ADS,Verified Engaged,Avride,NOV-2025,15:07,Austin,TX,Intersection,Passenger Car,No Injured Reported,Yes,raw/SGO/SGO-2021-01_Incident_Reports_ADS.csv
31101-13612,1,Avride Inc.,Monthly,12,2025,JAN-2026,Y,HYUNDAI,Ioniq 5,2025,ADS,Verified Engaged,Avride Inc.,DEC-2025,17:11,Dallas,TX,Street,Pickup Truck,No Injured Reported,Yes,raw/SGO/SGO-2021-01_Incident_Reports_ADS.csv
31101-13612,2,Avride Inc.,Update,,,JAN-2026,Y,HYUNDAI,Ioniq 5,2025,ADS,Verified Engaged,Avride Inc.,DEC-2025,17:11,Dallas,TX,Street,Pickup Truck,Property Damage. No Injured Reported,Yes,raw/SGO/SGO-2021-01_Incident_Reports_ADS.csv
31101-13612,3,Avride Inc.,Update,,,JAN-2026,Y,HYUNDAI,Ioniq 5,2025,ADS,Verified Engaged,Avride Inc.,DEC-2025,17:11,Dallas,TX,Street,Pickup Truck,Minor W/O Hospitalization,Yes,raw/SGO/SGO-2021-01_Incident_Reports_ADS.csv
31101-13612,4,Avride Inc.,Update,,,MAY-2026,Y,HYUNDAI,Ioniq 5,2025,ADS,Verified Engaged,Avride Inc.,DEC-2025,17:11,Dallas,TX,Street,Pickup Truck,Property Damage. No Injured Reported,Yes,raw/SGO/SGO-2021-01_Incident_Reports_ADS.csv
31101-13612,5,Avride Inc.,Update,,,MAY-2026,Y,HYUNDAI,Ioniq 5,2025,ADS,Verified Engaged,Avride Inc.,DEC-2025,17:11,Dallas,TX,Street,Pickup Truck,Property Damage. No Injured Reported,Yes,raw/SGO/SGO-2021-01_Incident_Reports_ADS.csv
31101-13615,1,Avride Inc.,Monthly,12,2025,JAN-2026,Y,HYUNDAI,Ioniq 5,2025,ADS,Verified Engaged,Avride Inc.,DEC-2025,19:23,Austin,TX,Street,Passenger Car,No Injured Reported,Yes,raw/SGO/SGO-2021-01_Incident_Reports_ADS.csv
31101-13615,2,Avride Inc.,Update,,,JAN-2026,Y,HYUNDAI,Ioniq 5,2025,ADS,Verified Engaged,Avride Inc.,DEC-2025,19:23,Austin,TX,Street,Passenger Car,Property Damage. No Injured Reported,Yes,raw/SGO/SGO-2021-01_Incident_Reports_ADS.csv
31101-13616,1,Avride Inc.,Monthly,12,2025,JAN-2026,Y,HYUNDAI,Ioniq 5,2025,ADS,Verified Engaged,Avride Inc.,DEC-2025,11:27,Dallas,TX,Street,Van,Property Damage. No Injured Reported,Yes,raw/SGO/SGO-2021-01_Incident_Reports_ADS.csv
31101-13619,1,Avride Inc.,Monthly,12,2025,JAN-2026,Y,HYUNDAI,Ioniq 5,2023,ADS,Verified Engaged,Avride Inc.,DEC-2025,07:35,Austin,TX,Street,SUV,Property Damage. No Injured Reported,Yes,raw/SGO/SGO-2021-01_Incident_Reports_ADS.csv
31101-13620,1,Avride Inc.,Monthly,12,2025,JAN-2026,Y,HYUNDAI,Ioniq 5,2025,ADS,Verified Engaged,Avride Inc.,DEC-2025,19:35,Dallas,TX,Street,Pickup Truck,No Injured Reported,Yes,raw/SGO/SGO-2021-01_Incident_Reports_ADS.csv
31101-13620,2,Avride Inc.,Update,,,JAN-2026,Y,HYUNDAI,Ioniq 5,2025,ADS,Verified Engaged,Avride Inc.,DEC-2025,19:35,Dallas,TX,Street,Pickup Truck,No Injured Reported,Yes,raw/SGO/SGO-2021-01_Incident_Reports_ADS.csv
31101-13621,1,Avride Inc.,Monthly,12,2025,JAN-2026,Y,HYUNDAI,Ioniq 5,2025,ADS,Verified Engaged,Avride Inc.,DEC-2025,11:47,Dallas,TX,Street,Other Fixed Object,Property Damage. No Injured Reported,Yes,raw/SGO/SGO-2021-01_Incident_Reports_ADS.csv
31101-13624,1,Avride Inc.,Monthly,12,2025,JAN-2026,Y,HYUNDAI,Ioniq 5,2025,ADS,Verified Engaged,Avride Inc.,DEC-2025,11:11,Dallas,TX,Street,Heavy Truck,Property Damage. No Injured Reported,Yes,raw/SGO/SGO-2021-01_Incident_Reports_ADS.csv
31101-13625,1,Avride Inc.,Monthly,12,2025,JAN-2026,Y,HYUNDAI,Ioniq 5,2023,ADS,Verified Engaged,Avride Inc.,DEC-2025,07:54,Austin,TX,Street,Heavy Truck,Property Damage. No Injured Reported,Yes,raw/SGO/SGO-2021-01_Incident_Reports_ADS.csv
31101-13626,1,Avride Inc.,Monthly,12,2025,JAN-2026,Y,HYUNDAI,Ioniq 5,2025,ADS,Verified Engaged,Avride Inc.,DEC-2025,10:04,Dallas,TX,Street,Passenger Car,No Injured Reported,Yes,raw/SGO/SGO-2021-01_Incident_Reports_ADS.csv
31101-13627,1,Avride Inc.,Monthly,12,2025,JAN-2026,Y,HYUNDAI,Ioniq 5,2023,ADS,Verified Engaged,Avride Inc.,DEC-2025,06:41,Austin,TX,Highway / Freeway,SUV,Property Damage. No Injured Reported,Yes,raw/SGO/SGO-2021-01_Incident_Reports_ADS.csv
31101-13761,1,Avride Inc.,5-Day,,,JAN-2026,Y,HYUNDAI,Ioniq 5,2025,ADS,Verified Engaged,Avride Inc.,JAN-2026,14:15,Dallas,TX,Street,Pickup Truck,No Injured Reported,Yes,raw/SGO/SGO-2021-01_Incident_Reports_ADS.csv
31101-13952,1,Avride Inc.,5-Day,,,FEB-2026,Y,HYUNDAI,Ioniq 5,2025,ADS,Verified Engaged,Avride Inc.,JAN-2026,16:30,Dallas,TX,Street,Passenger Car,Minor W/ Hospitalization,Yes,raw/SGO/SGO-2021-01_Incident_Reports_ADS.csv
31101-14065,1,Avride Inc.,5-Day,,,FEB-2026,Y,HYUNDAI,Ioniq 5,2025,ADS,Verified Engaged,Avride Inc,FEB-2026,21:06,Dallas,TX,Street,Pickup Truck,No Injured Reported,Yes,raw/SGO/SGO-2021-01_Incident_Reports_ADS.csv
31101-14065,2,Avride Inc.,Update,,,FEB-2026,Y,HYUNDAI,Ioniq 5,2025,ADS,Verified Engaged,Avride Inc,FEB-2026,21:06,Dallas,TX,Street,Pickup Truck,Property Damage. No Injured Reported,Yes,raw/SGO/SGO-2021-01_Incident_Reports_ADS.csv
31101-14066,1,Avride Inc.,Monthly,1,2026,FEB-2026,Y,HYUNDAI,Ioniq 5,2025,ADS,Verified Engaged,Avride Inc.,JAN-2026,18:25,Austin,TX,Street,Pickup Truck,Property Damage. No Injured Reported,Yes,raw/SGO/SGO-2021-01_Incident_Reports_ADS.csv
31101-14068,1,Avride Inc.,Monthly,1,2026,FEB-2026,Y,HYUNDAI,Ioniq 5,2025,ADS,Verified Engaged,Avride Inc.,JAN-2026,11:34,Dallas,TX,Street,Other Fixed Object,No Injured Reported,Yes,raw/SGO/SGO-2021-01_Incident_Reports_ADS.csv
31101-14069,1,Avride Inc.,Monthly,1,2026,FEB-2026,Y,HYUNDAI,Ioniq 5,2025,ADS,Verified Engaged,Avride Inc,JAN-2026,14:34,Dallas,TX,Street,Passenger Car,Property Damage. No Injured Reported,Yes,raw/SGO/SGO-2021-01_Incident_Reports_ADS.csv
31101-14070,1,Avride Inc.,Monthly,1,2026,FEB-2026,Y,HYUNDAI,Ioniq 5,2025,ADS,Verified Engaged,Avride Inc.,JAN-2026,08:14,Austin,TX,Street,Pickup Truck,Property Damage. No Injured Reported,Yes,raw/SGO/SGO-2021-01_Incident_Reports_ADS.csv
31101-14142,1,Avride Inc.,Monthly,2,2026,FEB-2026,Y,HYUNDAI,Ioniq 5,2025,ADS,Verified Engaged,Avride Inc.,FEB-2026,21:27,Austin,TX,Street,Passenger Car,Property Damage. No Injured Reported,Yes,raw/SGO/SGO-2021-01_Incident_Reports_ADS.csv
31101-14147,1,Avride Inc.,Monthly,2,2026,FEB-2026,Y,HYUNDAI,Ioniq 5,2025,ADS,Verified Engaged,Avride Inc.,FEB-2026,07:59,Dallas,TX,Street,Passenger Car,Property Damage. No Injured Reported,Yes,raw/SGO/SGO-2021-01_Incident_Reports_ADS.csv
31101-14148,1,Avride Inc.,Monthly,2,2026,FEB-2026,Y,HYUNDAI,Ioniq 5,2025,ADS,Verified Engaged,Avride Inc,FEB-2026,09:23,Dallas,TX,Street,SUV,Property Damage. No Injured Reported,Yes,raw/SGO/SGO-2021-01_Incident_Reports_ADS.csv
31101-14150,1,Avride Inc.,Monthly,2,2026,FEB-2026,Y,HYUNDAI,Ioniq 5,2025,ADS,Verified Engaged,Avride Inc.,FEB-2026,16:50,Dallas,TX,Street,Pickup Truck,Property Damage. No Injured Reported,Yes,raw/SGO/SGO-2021-01_Incident_Reports_ADS.csv
31101-14166,1,Avride Inc.,Monthly,2,2026,FEB-2026,Y,HYUNDAI,Ioniq 5,2025,ADS,Verified Engaged,Avride Inc.,FEB-2026,07:31,Dallas,TX,Street,SUV,Property Damage. No Injured Reported,Yes,raw/SGO/SGO-2021-01_Incident_Reports_ADS.csv
31101-14200,1,Avride Inc.,5-Day,,,MAR-2026,Y,HYUNDAI,Ioniq 5,2025,ADS,Verified Engaged,Avride Inc.,MAR-2026,12:33,Dallas,TX,Street,SUV,Property Damage. No Injured Reported,Yes,raw/SGO/SGO-2021-01_Incident_Reports_ADS.csv
31101-14202,1,Avride Inc.,5-Day,,,MAR-2026,Y,HYUNDAI,Ioniq 5,2025,ADS,Verified Engaged,Avride Inc.,FEB-2026,18:01,Austin,TX,Street,Pickup Truck,Property Damage. No Injured Reported,Yes,raw/SGO/SGO-2021-01_Incident_Reports_ADS.csv
31101-14203,1,Avride Inc.,Monthly,3,2026,MAR-2026,Y,HYUNDAI,Ioniq 5,2025,ADS,Verified Engaged,Avride Inc.,MAR-2026,08:08,Dallas,TX,Street,SUV,Property Damage. No Injured Reported,Yes,raw/SGO/SGO-2021-01_Incident_Reports_ADS.csv
31101-14235,1,Avride Inc.,Monthly,2,2026,MAR-2026,Y,HYUNDAI,Ioniq 5,2025,ADS,Verified Engaged,Avride Inc.,FEB-2026,10:39,Austin,TX,Street,SUV,Property Damage. No Injured Reported,Yes,raw/SGO/SGO-2021-01_Incident_Reports_ADS.csv
31101-14236,1,Avride Inc.,Monthly,2,2026,MAR-2026,Y,HYUNDAI,Ioniq 5,2025,ADS,Verified Engaged,Avride Inc.,FEB-2026,15:40,Dallas,TX,Intersection,SUV,Property Damage. No Injured Reported,Yes,raw/SGO/SGO-2021-01_Incident_Reports_ADS.csv
31101-14286,1,Avride Inc.,5-Day,,,MAR-2026,Y,HYUNDAI,Ioniq 5,2026,ADS,Verified Engaged,Avride Inc.,MAR-2026,08:04,Austin,TX,Street,SUV,Property Damage. No Injured Reported,Yes,raw/SGO/SGO-2021-01_Incident_Reports_ADS.csv
31101-14328,1,Avride Inc.,5-Day,,,MAR-2026,Y,HYUNDAI,Ioniq 5,2025,ADS,Verified Engaged,Avride Inc.,MAR-2026,13:48,Dallas,TX,Street,SUV,Property Damage. No Injured Reported,Yes,raw/SGO/SGO-2021-01_Incident_Reports_ADS.csv
31101-14418,1,Avride Inc.,5-Day,,,MAR-2026,Y,HYUNDAI,Ioniq 5,2025,ADS,Verified Engaged,Avride Inc.,MAR-2026,14:03,Austin,TX,Intersection,SUV,Property Damage. No Injured Reported,Yes,raw/SGO/SGO-2021-01_Incident_Reports_ADS.csv
31101-14509,1,Avride Inc.,5-Day,,,MAR-2026,Y,HYUNDAI,Ioniq 5,2025,ADS,Verified Engaged,Avride Inc.,MAR-2026,12:52,Dallas,TX,Street,SUV,Property Damage. No Injured Reported,Yes,raw/SGO/SGO-2021-01_Incident_Reports_ADS.csv
31101-14518,1,Avride Inc.,5-Day,,,APR-2026,Y,HYUNDAI,Ioniq 5,2025,ADS,Verified Engaged,Avride Inc.,MAR-2026,17:30,Austin,TX,Intersection,Pickup Truck,Property Damage. No Injured Reported,Yes,raw/SGO/SGO-2021-01_Incident_Reports_ADS.csv
31101-14647,1,Avride Inc.,Monthly,3,2026,APR-2026,Y,HYUNDAI,Ioniq 5,2025,ADS,Verified Engaged,Avride Inc.,APR-2026,15:54,Dallas,TX,Street,"Other, see Narrative",No Injured Reported,Yes,raw/SGO/SGO-2021-01_Incident_Reports_ADS.csv
31101-14647,2,Avride Inc.,Update,,,APR-2026,Y,HYUNDAI,Ioniq 5,2025,ADS,Verified Engaged,Avride Inc.,MAR-2026,15:54,Dallas,TX,Street,"Other, see Narrative",No Injured Reported,Yes,raw/SGO/SGO-2021-01_Incident_Reports_ADS.csv
31101-14649,1,Avride Inc.,Monthly,3,2026,APR-2026,Y,HYUNDAI,Ioniq 5,2026,ADS,Verified Engaged,Avride Inc.,MAR-2026,13:26,Austin,TX,Street,Van,No Injured Reported,Yes,raw/SGO/SGO-2021-01_Incident_Reports_ADS.csv
31101-14650,1,Avride Inc.,Monthly,3,2026,APR-2026,Y,HYUNDAI,Ioniq 5,2025,ADS,Verified Engaged,Avride Inc.,MAR-2026,15:41,Dallas,TX,Street,"Other, see Narrative",No Injured Reported,Yes,raw/SGO/SGO-2021-01_Incident_Reports_ADS.csv
31101-14651,1,Avride Inc.,Monthly,3,2026,APR-2026,Y,HYUNDAI,Ioniq 5,2025,ADS,Verified Engaged,Avride Inc.,MAR-2026,22:12,Dallas,TX,Intersection,Passenger Car,Property Damage. No Injured Reported,Yes,raw/SGO/SGO-2021-01_Incident_Reports_ADS.csv
31101-14652,1,Avride Inc.,Monthly,3,2026,APR-2026,Y,HYUNDAI,Ioniq 5,2025,ADS,Verified Engaged,Avride Inc.,MAR-2026,10:23,Dallas,TX,Intersection,"Other, see Narrative",No Injured Reported,Yes,raw/SGO/SGO-2021-01_Incident_Reports_ADS.csv
31101-14653,1,Avride Inc.,Monthly,3,2026,APR-2026,Y,HYUNDAI,Ioniq 5,2025,ADS,Verified Engaged,Avride Inc.,MAR-2026,13:44,Dallas,TX,Street,Passenger Car,Property Damage. No Injured Reported,Yes,raw/SGO/SGO-2021-01_Incident_Reports_ADS.csv
31101-14654,1,Avride Inc.,Monthly,3,2026,APR-2026,Y,HYUNDAI,Ioniq 5,2026,ADS,Verified Engaged,Avride Inc.,MAR-2026,08:07,Austin,TX,Street,Animal,Property Damage. No Injured Reported,Yes,raw/SGO/SGO-2021-01_Incident_Reports_ADS.csv
31101-14813,1,Avride Inc.,5-Day,,,APR-2026,Y,HYUNDAI,Ioniq 5,2025,ADS,Verified Engaged,Avride Inc.,APR-2026,22:39,Dallas,TX,Street,Passenger Car,Minor W/O Hospitalization,Yes,raw/SGO/SGO-2021-01_Incident_Reports_ADS.csv
31101-14813,2,Avride Inc.,Update,,,MAY-2026,Y,HYUNDAI,Ioniq 5,2025,ADS,Verified Engaged,Avride Inc.,APR-2026,22:39,Dallas,TX,Street,Passenger Car,Property Damage. No Injured Reported,Yes,raw/SGO/SGO-2021-01_Incident_Reports_ADS.csv
31101-14815,1,Avride Inc.,5-Day,,,APR-2026,Y,HYUNDAI,Ioniq 5,2025,ADS,Verified Engaged,Avride Inc,APR-2026,23:47,Dallas,TX,Street,Passenger Car,Property Damage. No Injured Reported,Yes,raw/SGO/SGO-2021-01_Incident_Reports_ADS.csv
31101-14818,1,Avride Inc.,Monthly,4,2026,MAY-2026,Y,HYUNDAI,Ioniq 5,2026,ADS,Verified Engaged,Avride Inc.,APR-2026,13:44,Austin,TX,Street,Pickup Truck,Property Damage. No Injured Reported,Yes,raw/SGO/SGO-2021-01_Incident_Reports_ADS.csv
31101-14871,1,Avride Inc.,Monthly,4,2026,MAY-2026,Y,HYUNDAI,Ioniq 5,2025,ADS,Verified Engaged,Avride Inc.,APR-2026,15:27,Austin,TX,Street,Pickup Truck,Property Damage. No Injured Reported,Yes,raw/SGO/SGO-2021-01_Incident_Reports_ADS.csv
31101-14898,1,Avride Inc.,Monthly,5,2026,JUN-2026,Y,HYUNDAI,Ioniq 5,2025,ADS,Verified Engaged,Avride Inc,MAY-2026,08:46,Dallas,TX,Street,Pickup Truck,Property Damage. No Injured Reported,Yes,raw/SGO/SGO-2021-01_Incident_Reports_ADS.csv
31101-14899,1,Avride Inc.,Monthly,4,2026,MAY-2026,Y,HYUNDAI,Ioniq 5,2025,ADS,Verified Engaged,Avride Inc,APR-2026,08:01,Austin,TX,Highway / Freeway,Passenger Car,Property Damage. No Injured Reported,Yes,raw/SGO/SGO-2021-01_Incident_Reports_ADS.csv
31101-14909,1,Avride Inc.,Monthly,4,2026,MAY-2026,Y,HYUNDAI,Ioniq 5,2026,ADS,Verified Engaged,Avride Inc.,APR-2026,17:47,Dallas,TX,Parking Lot,SUV,Property Damage. No Injured Reported,Yes,raw/SGO/SGO-2021-01_Incident_Reports_ADS.csv
31101-14923,1,Avride Inc.,Monthly,4,2026,MAY-2026,Y,HYUNDAI,Ioniq 5,2025,ADS,Verified Engaged,Avride Inc.,APR-2026,12:16,Dallas,TX,Parking Lot,SUV,Property Damage. No Injured Reported,Yes,raw/SGO/SGO-2021-01_Incident_Reports_ADS.csv
31101-14924,1,Avride Inc.,Monthly,4,2026,MAY-2026,Y,HYUNDAI,Ioniq 5,2025,ADS,Verified Engaged,Avride Inc.,APR-2026,14:53,Dallas,TX,Intersection,Non-Motorist: Cyclist,Property Damage. No Injured Reported,Yes,raw/SGO/SGO-2021-01_Incident_Reports_ADS.csv
31101-14925,1,Avride Inc.,Monthly,4,2026,MAY-2026,Y,HYUNDAI,Ioniq 5,2025,ADS,Verified Engaged,Avride Inc.,APR-2026,12:21,Dallas,TX,Street,Pickup Truck,Property Damage. No Injured Reported,Yes,raw/SGO/SGO-2021-01_Incident_Reports_ADS.csv
31101-14926,1,Avride Inc.,Monthly,4,2026,MAY-2026,Y,HYUNDAI,Ioniq 5,2025,ADS,Verified Engaged,Avride Inc.,APR-2026,07:37,Dallas,TX,Street,Passenger Car,Property Damage. No Injured Reported,Yes,raw/SGO/SGO-2021-01_Incident_Reports_ADS.csv
31101-14974,1,Avride Inc.,Monthly,5,2026,JUN-2026,Y,HYUNDAI,Ioniq 5,2026,ADS,Verified Engaged,Avride Inc,MAY-2026,17:51,Dallas,TX,Street,Passenger Car,Property Damage. No Injured Reported,Yes,raw/SGO/SGO-2021-01_Incident_Reports_ADS.csv
31101-15016,1,Avride Inc.,Monthly,4,2026,MAY-2026,Y,HYUNDAI,Ioniq 5,2025,ADS,Verified Engaged,Avride Inc,APR-2026,21:29,Dallas,TX,Street,SUV,Property Damage. No Injured Reported,Yes,raw/SGO/SGO-2021-01_Incident_Reports_ADS.csv
31101-15093,1,Avride Inc.,Monthly,5,2026,JUN-2026,Y,HYUNDAI,Ioniq 5,2025,ADS,Verified Engaged,Avride Inc,MAY-2026,14:10,Dallas,TX,Intersection,Other Fixed Object,No Injured Reported,Yes,raw/SGO/SGO-2021-01_Incident_Reports_ADS.csv
31101-15099,1,Avride Inc.,Monthly,5,2026,JUN-2026,Y,HYUNDAI,Ioniq 5,2026,ADS,Verified Engaged,Avride Inc,MAY-2026,15:42,Dallas,TX,Street,Passenger Car,Property Damage. No Injured Reported,Yes,raw/SGO/SGO-2021-01_Incident_Reports_ADS.csv
31101-15100,1,Avride Inc.,Monthly,5,2026,JUN-2026,Y,HYUNDAI,Ioniq 5,2025,ADS,Verified Engaged,Avride Inc,MAY-2026,12:43,Dallas,TX,Street,Passenger Car,Property Damage. No Injured Reported,Yes,raw/SGO/SGO-2021-01_Incident_Reports_ADS.csv
31101-15148,1,Avride Inc.,5-Day,,,MAY-2026,Y,HYUNDAI,Ioniq 5,2025,ADS,Verified Engaged,Avride Inc,MAY-2026,21:05,Austin,TX,Intersection,SUV,Property Damage. No Injured Reported,Yes,raw/SGO/SGO-2021-01_Incident_Reports_ADS.csv
31101-15189,1,Avride Inc.,5-Day,,,MAY-2026,Y,HYUNDAI,Ioniq 5,2025,ADS,Verified Engaged,Avride Inc,MAY-2026,14:43,Dallas,TX,Intersection,SUV,Property Damage. No Injured Reported,Yes,raw/SGO/SGO-2021-01_Incident_Reports_ADS.csv
31101-15391,1,Avride Inc.,Monthly,6,2026,JUL-2026,Y,HYUNDAI,Ioniq 5,2026,ADS,Verified Engaged,Avride Inc,JUN-2026,14:23,Dallas,TX,Street,SUV,Property Damage. No Injured Reported,Yes,raw/SGO/SGO-2021-01_Incident_Reports_ADS.csv
31101-15475,1,Avride Inc.,Monthly,6,2026,JUL-2026,Y,HYUNDAI,Ioniq 5,2026,ADS,Verified Engaged,Avride Inc,JUN-2026,10:35,Dallas,TX,Intersection,SUV,Property Damage. No Injured Reported,Yes,raw/SGO/SGO-2021-01_Incident_Reports_ADS.csv
31101-15477,1,Avride Inc.,Monthly,6,2026,JUL-2026,Y,HYUNDAI,Ioniq 5,2026,ADS,Verified Engaged,Avride Inc,JUN-2026,14:54,Dallas,TX,Street,Passenger Car,No Injured Reported,Yes,raw/SGO/SGO-2021-01_Incident_Reports_ADS.csv
31101-15501,1,Avride Inc.,Monthly,6,2026,JUL-2026,Y,HYUNDAI,Ioniq 5,2025,ADS,Verified Engaged,Avride Inc,JUN-2026,15:16,Austin,TX,Intersection,SUV,Property Damage. No Injured Reported,Yes,raw/SGO/SGO-2021-01_Incident_Reports_ADS.csv
31101-15554,1,Avride Inc.,Monthly,6,2026,JUL-2026,Y,HYUNDAI,Ioniq 5,2026,ADS,Verified Engaged,Avride Inc,JUN-2026,14:13,Dallas,TX,Intersection,Pickup Truck,Property Damage. No Injured Reported,Yes,raw/SGO/SGO-2021-01_Incident_Reports_ADS.csv
31101-15555,1,Avride Inc.,Monthly,6,2026,JUL-2026,Y,HYUNDAI,Ioniq 5,2026,ADS,Verified Engaged,Avride Inc,JUN-2026,07:40,Dallas,TX,Intersection,Pickup Truck,Property Damage. No Injured Reported,Yes,raw/SGO/SGO-2021-01_Incident_Reports_ADS.csv
31101-15578,1,Avride Inc.,Monthly,6,2026,JUL-2026,Y,HYUNDAI,Ioniq 5,2026,ADS,Verified Engaged,Avride Inc,JUN-2026,22:06,Dallas,TX,Parking Lot,SUV,Property Damage. No Injured Reported,Yes,raw/SGO/SGO-2021-01_Incident_Reports_ADS.csv
31101-15578,2,Avride Inc.,Update,,,JUL-2026,Y,HYUNDAI,Ioniq 5,2026,ADS,Verified Engaged,Avride Inc,JUN-2026,22:06,Dallas,TX,Parking Lot,SUV,Property Damage. No Injured Reported,Yes,raw/SGO/SGO-2021-01_Incident_Reports_ADS.csv
31101-15587,1,Avride Inc.,Monthly,6,2026,JUL-2026,Y,HYUNDAI,Ioniq 5,2026,ADS,Verified Engaged,Avride Inc,JUN-2026,07:49,Dallas,TX,Intersection,SUV,No Injured Reported,Yes,raw/SGO/SGO-2021-01_Incident_Reports_ADS.csv
31101-15850,1,Avride Inc.,5-Day,,,JUL-2026,Y,HYUNDAI,Ioniq 5,2026,ADS,Verified Engaged,Avride Inc,JUL-2026,11:24,Austin,TX,Intersection,Non-Motorist: Scooter - Skateboard,Minor W/O Hospitalization,Yes,raw/SGO/SGO-2021-01_Incident_Reports_ADS.csv
31101-16016,1,Avride Inc.,5-Day,,,JUL-2026,Y,HYUNDAI,Ioniq 5,2026,ADS,Verified Engaged,Avride Inc,JUL-2026,22:54,Dallas,TX,Street,Passenger Car,Property Damage. No Injured Reported,Yes,raw/SGO/SGO-2021-01_Incident_Reports_ADS.csv
31101-16018,1,Avride Inc.,Monthly,7,2026,AUG-2026,Y,HYUNDAI,Ioniq 5,2026,ADS,Verified Engaged,Avride Inc,JUL-2026,21:16,Dallas,TX,Parking Lot,Passenger Car,Property Damage. No Injured Reported,Yes,raw/SGO/SGO-2021-01_Incident_Reports_ADS.csv
31101-16037,1,Avride Inc.,5-Day,,,AUG-2026,Y,HYUNDAI,Ioniq 5,2025,ADS,Verified Engaged,Avride Inc,JUL-2026,11:54,Austin,TX,Street,Non-Motorist: Cyclist,Minor W/O Hospitalization,Yes,raw/SGO/SGO-2021-01_Incident_Reports_ADS.csv
31101-16194,1,Avride Inc.,Monthly,7,2026,AUG-2026,Y,HYUNDAI,Ioniq 5,2026,ADS,Verified Engaged,Avride Inc,JUL-2026,13:24,Dallas,TX,Intersection,Pickup Truck,Property Damage. No Injured Reported,Yes,raw/SGO/SGO-2021-01_Incident_Reports_ADS.csv
31101-16195,1,Avride Inc.,Monthly,7,2026,AUG-2026,Y,HYUNDAI,Ioniq 5,2026,ADS,Verified Engaged,Avride Inc,JUL-2026,9:28,Dallas,TX,Street,Van,Property Damage. No Injured Reported,Yes,raw/SGO/SGO-2021-01_Incident_Reports_ADS.csv
31101-16197,1,Avride Inc.,Monthly,7,2026,AUG-2026,Y,HYUNDAI,Ioniq 5,2026,ADS,Verified Engaged,Avride Inc.,JUL-2026,12:20,Dallas,TX,Street,Passenger Car,Property Damage. No Injured Reported,Yes,raw/SGO/SGO-2021-01_Incident_Reports_ADS.csv
31101-7044,1,Avride Inc.,No New or Updated Incident Reports,10,2023,JAN-2024,,,,,,,,,,,,,,,,raw/SGO/SGO-2021-01_Incident_Reports_ADS (1).csv
31101-7044,2,Avride Inc.,Update,,,JAN-2024,,Hyundai,Sonata,2020,ADS,,Avride Inc.,OCT-2023,12:50,Austin,TX,Street,Passenger Car,No Injuries Reported,Yes,raw/SGO/SGO-2021-01_Incident_Reports_ADS (1).csv
31101-9685,1,Avride Inc.,Monthly,12,2024,JAN-2025,,Huyndai,Ioniq 5,2022,"Unknown, see Narrative",,Avride,DEC-2024,14:52,Austin,TX,Intersection,Passenger Car,No Injuries Reported,Yes,raw/SGO/SGO-2021-01_Incident_Reports_ADS (1).csv
33175-9303,1,Mobileye Vision Technologies,Monthly,11,2024,DEC-2024,,Volkswagen,ID.Buzz,2023,ADS,,VWGoA- ADMT,JUN-2024,12:54,Austin,TX,Street,SUV,No Injuries Reported,"Unknown, see Narrative",raw/SGO/SGO-2021-01_Incident_Reports_ADS (1).csv
33175-9304,1,Mobileye Vision Technologies,Monthly,11,2024,DEC-2024,,Volkswagen,ID.Buzz,2023,ADS,,ADMT - VWGoA,MAY-2024,14:23,Austin,TX,Parking Lot,Passenger Car,No Injuries Reported,"Unknown, see Narrative",raw/SGO/SGO-2021-01_Incident_Reports_ADS (1).csv
33175-9305,1,Mobileye Vision Technologies,Monthly,11,2024,DEC-2024,,Volkswagen,ID.Buzz,2023,ADS,,ADMT- VWGoA,APR-2024,10:20,Austin,TX,Street,Passenger Car,No Injuries Reported,"Unknown, see Narrative",raw/SGO/SGO-2021-01_Incident_Reports_ADS (1).csv
33175-9306,1,Mobileye Vision Technologies,Monthly,11,2024,DEC-2024,,Volkswagen,ID.Buzz,2023,ADS,,ADMT- VWGoA,FEB-2024,11:20,Austin,TX,Intersection,Passenger Car,No Injuries Reported,"Unknown, see Narrative",raw/SGO/SGO-2021-01_Incident_Reports_ADS (1).csv
33175-9307,1,Mobileye Vision Technologies,Monthly,11,2024,DEC-2024,,Volkswagen,ID.Buzz,2023,ADS,,ADMT- VWGoA,JAN-2024,09:00,Austin,TX,Intersection,Passenger Car,No Injuries Reported,"Unknown, see Narrative",raw/SGO/SGO-2021-01_Incident_Reports_ADS (1).csv
33257-8085,1,"VinFast Auto, LLC",Monthly,7,2024,JUL-2024,,Vinfast,VF8,2024,ADAS,,Internal employee,,,Valencia,CA,Intersection,"Other, see Narrative",No Injuries Reported,Yes,raw/SGO/SGO-2021-01_Incident_Reports_ADS (1).csv
33257-8638,1,"VinFast Auto, LLC",Monthly,9,2024,OCT-2024,,Vinfast,VF8,,ADAS,,,SEP-2024,12:00,between Hayward and Union City,CA,Highway / Freeway,Passenger Car,No Injuries Reported,Yes,raw/SGO/SGO-2021-01_Incident_Reports_ADS (1).csv
33257-8867,1,"VinFast Auto, LLC",Monthly,10,2024,OCT-2024,,Vinfast,VF8,2023,ADAS,,,SEP-2024,,Poulsbo,WA,Rural Road,Other Fixed Object,No Injuries Reported,Yes,raw/SGO/SGO-2021-01_Incident_Reports_ADS (1).csv
33475-11343,1,Oxbotica,Monthly,6,2025,JUL-2025,Y,FORD,Transit,2024,ADS,Verified Engaged,"Beep, Inc.",JUN-2025,07:58,Jacksonville,FL,Intersection,SUV,Property Damage. No Injured Reported,Yes,raw/SGO/SGO-2021-01_Incident_Reports_ADS.csv
33475-8060,1,Oxbotica,Monthly,6,2024,JUL-2024,,Local Motors,Olli 2.0,,ADS,,"Beep, Inc.",JUN-2024,13:51,Jacksonville,FL,Parking Lot,Van,No Injuries Reported,"[REDACTED, MAY CONTAIN CONFIDENTIAL BUSINESS INFORMATION]",raw/SGO/SGO-2021-01_Incident_Reports_ADS (1).csv
33495-6720,1,Apollo Autonomous Driving USA,1-Day,,,NOV-2023,,Chrysler,Pacifica,2020,ADS,,Apollo Autonomous Driving USA,JUN-2023,15:39,San Francisco,CA,Intersection,Non-Motorist: Other,No Injuries Reported,Yes,raw/SGO/SGO-2021-01_Incident_Reports_ADS (1).csv
33495-6725,1,Apollo Autonomous Driving USA,5-Day,,,NOV-2023,,Lincoln,MKZ Hybrid,2017,"Unknown, see Narrative",,Apollo Autonomous Driving USA,SEP-2023,12:25,San Francisco,CA,Street,SUV,No Injuries Reported,Yes,raw/SGO/SGO-2021-01_Incident_Reports_ADS (1).csv
33495-6726,1,Apollo Autonomous Driving USA,Monthly,10,2023,NOV-2023,,Lincoln,MKZ Hybrid,2016,"Unknown, see Narrative",,Apollo Autonomous Driving USA,OCT-2023,12:01,San Francisco,CA,Intersection,"Other, see Narrative",No Injuries Reported,Yes,raw/SGO/SGO-2021-01_Incident_Reports_ADS (1).csv
34952-11803,1,Stack AV,Monthly,9,2025,OCT-2025,Y,PETERBILT,579,2025,ADS,Verified Engaged,Stack AV Co.,SEP-2025,7:47,Mount Pleasant,PA,Highway / Freeway,Heavy Truck,No Injured Reported,"[REDACTED, MAY CONTAIN CONFIDENTIAL BUSINESS INFORMATION]",raw/SGO/SGO-2021-01_Incident_Reports_ADS.csv
34952-14990,1,Stack AV,Monthly,5,2026,MAY-2026,Y,PETERBILT,579,2025,ADS,Verified Not Engaged,Stack AV Co.,APR-2026,14:46,Edgewood,NM,Highway / Freeway,Heavy Truck,No Injured Reported,"[REDACTED, MAY CONTAIN CONFIDENTIAL BUSINESS INFORMATION]",raw/SGO/SGO-2021-01_Incident_Reports_ADS.csv
34970-11835,1,"Ohmio, Inc.",Monthly,8,2025,OCT-2025,N,Ohmio,LIFT,2024,ADS,Unknown - see Narrative,Ohmio,AUG-2025,12:41,Riverside,CA,Street,SUV,Minor W/O Hospitalization,Yes,raw/SGO/SGO-2021-01_Incident_Reports_ADS.csv
35021-16268,1,MOIA America LLC,Monthly,8,2026,AUG-2026,N,Volkswagen,ID. Buzz,2023,ADS,Verified Engaged,MOIA America LLC,JUL-2026,10:54,Beverly Hills,CA,Street,Passenger Car,Property Damage. No Injured Reported,Yes,raw/SGO/SGO-2021-01_Incident_Reports_ADS.csv
502-1163,1,Ford Motor Company,1-Day,,,SEP-2021,,Ford,Fusion,2019,ADS,,Argo AI,SEP-2021,13:18,Miami Beach,FL,Street,Passenger Car,No Injuries Reported,"[REDACTED, MAY CONTAIN CONFIDENTIAL BUSINESS INFORMATION]",raw/SGO/SGO-2021-01_Incident_Reports_ADS (1).csv
502-1163,2,Ford Motor Company,Update,,,SEP-2021,,Ford,Fusion,2019,ADS,,Argo AI,SEP-2021,13:18,Miami Beach,FL,Street,Passenger Car,No Injuries Reported,"[REDACTED, MAY CONTAIN CONFIDENTIAL BUSINESS INFORMATION]",raw/SGO/SGO-2021-01_Incident_Reports_ADS (1).csv
502-1163,3,Ford Motor Company,10-Day Update,,,SEP-2021,,Ford,Fusion,2019,ADS,,Argo AI,SEP-2021,13:18,Miami Beach,FL,Street,Passenger Car,No Injuries Reported,"[REDACTED, MAY CONTAIN CONFIDENTIAL BUSINESS INFORMATION]",raw/SGO/SGO-2021-01_Incident_Reports_ADS (1).csv
502-1697,1,Ford Motor Company,No New or Updated Incident Reports,11,2021,NOV-2021,,,,,,,,,,,,,,,,raw/SGO/SGO-2021-01_Incident_Reports_ADS (1).csv
502-1697,2,Ford Motor Company,Update,11,2021,NOV-2021,,Ford,Escape,2020,ADS,,Argo AI,OCT-2021,14:25,Palo Alto,CA,Intersection,SUV,No Injuries Reported,"[REDACTED, MAY CONTAIN CONFIDENTIAL BUSINESS INFORMATION]",raw/SGO/SGO-2021-01_Incident_Reports_ADS (1).csv
502-18,1,Ford Motor Company,1-Day,,,JUL-2021,,Ford,Fusion,2019,ADS,,Argo AI,JUL-2021,09:26,Washington DC,DC,Street,Pickup Truck,Minor,"[REDACTED, MAY CONTAIN CONFIDENTIAL BUSINESS INFORMATION]",raw/SGO/SGO-2021-01_Incident_Reports_ADS (1).csv
502-18,2,Ford Motor Company,10-Day Update,,,JUL-2022,,Ford,Fusion,2019,ADS,,Argo AI,JUL-2021,09:26,Washington DC,DC,Street,Pickup Truck,Minor,"[REDACTED, MAY CONTAIN CONFIDENTIAL BUSINESS INFORMATION]",raw/SGO/SGO-2021-01_Incident_Reports_ADS (1).csv
502-2178,1,Ford Motor Company,1-Day,,,JAN-2022,,Ford,Escape,2020,ADS,,Argo AI,JAN-2022,12:22,Miami,FL,Street,SUV,Minor,"[REDACTED, MAY CONTAIN CONFIDENTIAL BUSINESS INFORMATION]",raw/SGO/SGO-2021-01_Incident_Reports_ADS (1).csv
502-2178,2,Ford Motor Company,10-Day Update,,,FEB-2022,,Ford,Escape,2020,ADS,,Argo AI,JAN-2022,12:22,Miami,FL,Street,SUV,Minor,"[REDACTED, MAY CONTAIN CONFIDENTIAL BUSINESS INFORMATION]",raw/SGO/SGO-2021-01_Incident_Reports_ADS (1).csv
502-2479,1,Ford Motor Company,1-Day,,,MAR-2022,,Ford,Escape,2020,ADS,,Argo AI,MAR-2022,12:39,Coral Gables,FL,Traffic Circle,SUV,Moderate,"[REDACTED, MAY CONTAIN CONFIDENTIAL BUSINESS INFORMATION]",raw/SGO/SGO-2021-01_Incident_Reports_ADS (1).csv
502-2479,2,Ford Motor Company,10-Day Update,,,MAR-2022,,Ford,Escape,2020,ADS,,Argo AI,MAR-2022,12:39,Coral Gables,FL,Traffic Circle,SUV,Moderate,"[REDACTED, MAY CONTAIN CONFIDENTIAL BUSINESS INFORMATION]",raw/SGO/SGO-2021-01_Incident_Reports_ADS (1).csv
502-2525,1,Ford Motor Company,Monthly,3,2022,MAR-2022,,Ford,Fusion,2019,ADS,,Argo AI,FEB-2022,8:51,Washington DC,DC,Street,Passenger Car,No Injuries Reported,"[REDACTED, MAY CONTAIN CONFIDENTIAL BUSINESS INFORMATION]",raw/SGO/SGO-2021-01_Incident_Reports_ADS (1).csv
502-2751,1,Ford Motor Company,Monthly,4,2022,APR-2022,,Ford,Fusion,2019,ADS,,Argo AI,MAR-2022,12:50,Miami,FL,Intersection,Passenger Car,No Injuries Reported,"[REDACTED, MAY CONTAIN CONFIDENTIAL BUSINESS INFORMATION]",raw/SGO/SGO-2021-01_Incident_Reports_ADS (1).csv
502-2973,1,Ford Motor Company,No New or Updated Incident Reports,5,2022,MAY-2022,,,,,,,,,,,,,,,,raw/SGO/SGO-2021-01_Incident_Reports_ADS (1).csv
502-2973,2,Ford Motor Company,Update,5,2022,JUN-2022,,Ford,Escape,2020,ADS,,Argo AI,MAY-2022,08:11,WDC,DC,Intersection,Heavy Truck,No Injuries Reported,"[REDACTED, MAY CONTAIN CONFIDENTIAL BUSINESS INFORMATION]",raw/SGO/SGO-2021-01_Incident_Reports_ADS (1).csv
502-3140,1,Ford Motor Company,1-Day,,,JUN-2022,,Ford,Escape,2020,ADS,,Argo AI,JUN-2022,16:35,Austin,TX,Street,Non-Motorist: Cyclist,No Injuries Reported,"[REDACTED, MAY CONTAIN CONFIDENTIAL BUSINESS INFORMATION]",raw/SGO/SGO-2021-01_Incident_Reports_ADS (1).csv
502-3140,2,Ford Motor Company,10-Day Update,,,JUN-2022,,Ford,Escape,2020,ADS,,Argo AI,JUN-2022,16:35,Austin,TX,Street,Non-Motorist: Cyclist,No Injuries Reported,"[REDACTED, MAY CONTAIN CONFIDENTIAL BUSINESS INFORMATION]",raw/SGO/SGO-2021-01_Incident_Reports_ADS (1).csv
502-3413,1,Ford Motor Company,Monthly,6,2022,JUL-2022,,Ford,Escape,2020,ADS,,Argo AI,JUN-2022,14:48,Miami,FL,Street,Passenger Car,No Injuries Reported,"[REDACTED, MAY CONTAIN CONFIDENTIAL BUSINESS INFORMATION]",raw/SGO/SGO-2021-01_Incident_Reports_ADS (1).csv
502-3416,1,Ford Motor Company,Monthly,6,2022,JUL-2022,,Ford,Escape,2020,ADS,,Argo AI,JUN-2022,13:30,Pittsburgh,PA,Intersection,SUV,No Injuries Reported,"[REDACTED, MAY CONTAIN CONFIDENTIAL BUSINESS INFORMATION]",raw/SGO/SGO-2021-01_Incident_Reports_ADS (1).csv
502-3864,1,Ford Motor Company,Monthly,8,2022,SEP-2022,,Ford,Escape,2020,ADS,,Argo AI,AUG-2022,17:55,Miami Beach,FL,Street,Pickup Truck,No Injuries Reported,"[REDACTED, MAY CONTAIN CONFIDENTIAL BUSINESS INFORMATION]",raw/SGO/SGO-2021-01_Incident_Reports_ADS (1).csv
502-3866,1,Ford Motor Company,Monthly,8,2022,SEP-2022,,Ford,Escape,2020,ADS,,Argo AI,AUG-2022,12:31,Miami,FL,Street,Passenger Car,No Injuries Reported,"[REDACTED, MAY CONTAIN CONFIDENTIAL BUSINESS INFORMATION]",raw/SGO/SGO-2021-01_Incident_Reports_ADS (1).csv
502-3914,1,Ford Motor Company,1-Day,,,SEP-2022,,Ford,Escape,2020,ADS,,Argo AI,SEP-2022,17:24,Palo Alto,CA,Street,Non-Motorist: Cyclist,No Injuries Reported,"[REDACTED, MAY CONTAIN CONFIDENTIAL BUSINESS INFORMATION]",raw/SGO/SGO-2021-01_Incident_Reports_ADS (1).csv
502-3914,2,Ford Motor Company,10-Day Update,,,OCT-2022,,Ford,Escape,2020,ADS,,Argo AI,SEP-2022,17:24,Palo Alto,CA,Street,Non-Motorist: Cyclist,No Injuries Reported,"[REDACTED, MAY CONTAIN CONFIDENTIAL BUSINESS INFORMATION]",raw/SGO/SGO-2021-01_Incident_Reports_ADS (1).csv
502-4026,1,Ford Motor Company,Monthly,9,2022,OCT-2022,,Ford,Escape,2020,ADS,,Argo AI,SEP-2022,10:23,Miami,FL,Street,Heavy Truck,No Injuries Reported,"[REDACTED, MAY CONTAIN CONFIDENTIAL BUSINESS INFORMATION]",raw/SGO/SGO-2021-01_Incident_Reports_ADS (1).csv
502-4131,1,Ford Motor Company,Monthly,10,2022,NOV-2022,,Ford,Escape,2020,ADS,,Argo AI,OCT-2022,13:14,Austin,TX,Street,Passenger Car,No Injuries Reported,"[REDACTED, MAY CONTAIN CONFIDENTIAL BUSINESS INFORMATION]",raw/SGO/SGO-2021-01_Incident_Reports_ADS (1).csv
502-4132,1,Ford Motor Company,Monthly,10,2022,NOV-2022,,Ford,Escape,2020,ADS,,Argo AI,OCT-2022,08:00,Austin,TX,Street,Passenger Car,No Injuries Reported,"[REDACTED, MAY CONTAIN CONFIDENTIAL BUSINESS INFORMATION]",raw/SGO/SGO-2021-01_Incident_Reports_ADS (1).csv
540-1517,1,"General Motors, LLC",Monthly,10,2021,OCT-2021,,Chevrolet,Bolt,2020,,,Cruise,AUG-2021,12:58,San Francisco,CA,Intersection,Pickup Truck,No Injuries Reported,,raw/SGO/SGO-2021-01_Incident_Reports_ADS (1).csv
540-1517,2,"General Motors, LLC",Update,,,JUL-2024,,Chevrolet,Bolt,2020,ADS,,Cruise,AUG-2021,12:58,San Francisco,CA,Intersection,Pickup Truck,No Injuries Reported,"Unknown, see Narrative",raw/SGO/SGO-2021-01_Incident_Reports_ADS (1).csv
540-2078,1,"General Motors, LLC",Monthly,12,2021,JAN-2022,,Cruise,AV,2020,ADS,,Cruise LLC,DEC-2021,18:41,San Francisco,CA,Street,Passenger Car,No Injuries Reported,"Unknown, see Narrative",raw/SGO/SGO-2021-01_Incident_Reports_ADS (1).csv
540-2100,1,"General Motors, LLC",Monthly,12,2021,JAN-2022,,Cruise,AV,2020,ADS,,Cruise LLC,DEC-2021,16:47,San Francisco,CA,Street,Pickup Truck,No Injuries Reported,"Unknown, see Narrative",raw/SGO/SGO-2021-01_Incident_Reports_ADS (1).csv
540-2101,1,"General Motors, LLC",Monthly,12,2021,JAN-2022,,Cruise,AV,2020,ADS,,Cruise LLC,DEC-2021,17:22,San Francisco,CA,Street,Passenger Car,No Injuries Reported,"Unknown, see Narrative",raw/SGO/SGO-2021-01_Incident_Reports_ADS (1).csv
540-2103,1,"General Motors, LLC",Monthly,12,2021,JAN-2022,,Cruise,AV,2020,ADS,,Cruise LLC,NOV-2021,7:44,San Francisco,CA,Street,Passenger Car,Minor,"Unknown, see Narrative",raw/SGO/SGO-2021-01_Incident_Reports_ADS (1).csv
540-2177,1,"General Motors, LLC",1-Day,,,JAN-2022,,Cruise,AV,2020,ADS,,Cruise LLC,JAN-2022,03:56,San Francisco,CA,Intersection,SUV,No Injuries Reported,"Unknown, see Narrative",raw/SGO/SGO-2021-01_Incident_Reports_ADS (1).csv
540-2177,2,"General Motors, LLC",10-Day Update,,,FEB-2022,,Cruise,AV,2020,ADS,,Cruise LLC,JAN-2022,03:56,San Francisco,CA,Intersection,SUV,No Injuries Reported,"Unknown, see Narrative",raw/SGO/SGO-2021-01_Incident_Reports_ADS (1).csv
540-2220,1,"General Motors, LLC",1-Day,,,FEB-2022,,Cruise,AV,2020,ADS,,Cruise LLC,JAN-2022,13:10,San Francisco,CA,Street,Non-Motorist: Cyclist,Minor,"Unknown, see Narrative",raw/SGO/SGO-2021-01_Incident_Reports_ADS (1).csv
540-2220,2,"General Motors, LLC",10-Day Update,,,FEB-2022,,Cruise,AV,2020,ADS,,Cruise LLC,JAN-2022,13:10,San Francisco,CA,Street,Non-Motorist: Cyclist,Minor,"Unknown, see Narrative",raw/SGO/SGO-2021-01_Incident_Reports_ADS (1).csv
540-2512,1,"General Motors, LLC",Monthly,2,2022,MAR-2022,,Cruise,AV,2020,ADS,,Cruise LLC,FEB-2022,00:48,San Francisco,CA,Intersection,Passenger Car,No Injuries Reported,"Unknown, see Narrative",raw/SGO/SGO-2021-01_Incident_Reports_ADS (1).csv
540-2512,2,"General Motors, LLC",Update,2,2022,JUN-2022,,Cruise,AV,2020,ADS,,Cruise LLC,FEB-2022,00:48,San Francisco,CA,Intersection,Passenger Car,No Injuries Reported,"Unknown, see Narrative",raw/SGO/SGO-2021-01_Incident_Reports_ADS (1).csv
540-2590,1,"General Motors, LLC",1-Day,,,MAR-2022,,Cruise,AV,2022,ADS,,Cruise LLC,MAR-2022,13:24,San Francisco,CA,Street,Non-Motorist: Cyclist,Serious,"Unknown, see Narrative",raw/SGO/SGO-2021-01_Incident_Reports_ADS (1).csv
540-2590,2,"General Motors, LLC",10-Day Update,,,APR-2022,,Cruise,AV,2022,ADS,,Cruise LLC,MAR-2022,13:24,San Francisco,CA,Street,Non-Motorist: Cyclist,Serious,"Unknown, see Narrative",raw/SGO/SGO-2021-01_Incident_Reports_ADS (1).csv
540-2594,1,"General Motors, LLC",1-Day,,,MAR-2022,,Cruise,AV,2020,ADS,,Cruise LLC,MAR-2022,02:07,San Francisco,CA,Street,Pickup Truck,No Injuries Reported,"Unknown, see Narrative",raw/SGO/SGO-2021-01_Incident_Reports_ADS (1).csv
540-2594,2,"General Motors, LLC",10-Day Update,,,APR-2022,,Cruise,AV,2020,ADS,,Cruise LLC,MAR-2022,02:07,San Francisco,CA,Street,Pickup Truck,No Injuries Reported,"Unknown, see Narrative",raw/SGO/SGO-2021-01_Incident_Reports_ADS (1).csv
540-2706,1,"General Motors, LLC",Monthly,3,2022,APR-2022,,Cruise,AV,2020,ADS,,Cruise LLC,MAR-2022,12:26,San Francisco,CA,Street,Passenger Car,Moderate,"Unknown, see Narrative",raw/SGO/SGO-2021-01_Incident_Reports_ADS (1).csv
540-2706,2,"General Motors, LLC",Update,,,APR-2022,,Cruise,AV,2020,ADS,,Cruise LLC,MAR-2022,12:26,San Francisco,CA,Street,Passenger Car,Moderate,"Unknown, see Narrative",raw/SGO/SGO-2021-01_Incident_Reports_ADS (1).csv
540-2827,1,"General Motors, LLC",1-Day,,,APR-2022,,Cruise,AV,2020,ADS,,Cruise LLC,APR-2022,23:21,San Francisco,CA,Intersection,Passenger Car,No Injuries Reported,"Unknown, see Narrative",raw/SGO/SGO-2021-01_Incident_Reports_ADS (1).csv
540-2827,2,"General Motors, LLC",10-Day Update,,,MAY-2022,,Cruise,AV,2020,ADS,,Cruise LLC,APR-2022,23:21,San Francisco,CA,Intersection,Passenger Car,No Injuries Reported,"Unknown, see Narrative",raw/SGO/SGO-2021-01_Incident_Reports_ADS (1).csv
540-2907,1,"General Motors, LLC",Monthly,4,2022,MAY-2022,,Cruise,AV,2020,ADS,,Cruise LLC,APR-2022,00:43,San Francisco,CA,Intersection,SUV,No Injuries Reported,"Unknown, see Narrative",raw/SGO/SGO-2021-01_Incident_Reports_ADS (1).csv
540-2925,1,"General Motors, LLC",Monthly,4,2022,MAY-2022,,Cruise,AV,2020,ADS,,Cruise LLC,APR-2022,01:55,San Francisco,CA,Intersection,Passenger Car,No Injuries Reported,"Unknown, see Narrative",raw/SGO/SGO-2021-01_Incident_Reports_ADS (1).csv
540-2926,1,"General Motors, LLC",Monthly,4,2022,MAY-2022,,Cruise,AV,2020,ADS,,Cruise LLC,APR-2022,23:21,San Francisco,CA,Street,Passenger Car,No Injuries Reported,"Unknown, see Narrative",raw/SGO/SGO-2021-01_Incident_Reports_ADS (1).csv
540-2927,1,"General Motors, LLC",Monthly,4,2022,MAY-2022,,Cruise,AV,2022,ADS,,Cruise LLC,APR-2022,00:13,San Francisco,CA,Street,Passenger Car,No Injuries Reported,"Unknown, see Narrative",raw/SGO/SGO-2021-01_Incident_Reports_ADS (1).csv
540-2928,1,"General Motors, LLC",Monthly,4,2022,MAY-2022,,Cruise,AV,2020,ADS,,Cruise LLC,APR-2022,03:35,San Francisco,CA,Street,Passenger Car,Unknown,"Unknown, see Narrative",raw/SGO/SGO-2021-01_Incident_Reports_ADS (1).csv
540-3083,1,"General Motors, LLC",1-Day,,,JUN-2022,,Cruise,AV,2020,ADS,,Cruise LLC,JUN-2022,1:54,San Francisco,CA,Street,Non-Motorist: Pedestrian,Unknown,"Unknown, see Narrative",raw/SGO/SGO-2021-01_Incident_Reports_ADS (1).csv
540-3083,2,"General Motors, LLC",10-Day Update,,,JUN-2022,,Cruise,AV,2020,ADS,,Cruise LLC,JUN-2022,1:54,San Francisco,CA,Street,Non-Motorist: Pedestrian,Unknown,"Unknown, see Narrative",raw/SGO/SGO-2021-01_Incident_Reports_ADS (1).csv
540-3085,1,"General Motors, LLC",1-Day,,,JUN-2022,,Cruise,AV,2022,ADS,,Cruise LLC,JUN-2022,23:00,San Francisco,CA,Intersection,Passenger Car,Minor,Yes,raw/SGO/SGO-2021-01_Incident_Reports_ADS (1).csv
540-3085,2,"General Motors, LLC",10-Day Update,,,JUN-2022,,Cruise,AV,2022,ADS,,Cruise LLC,JUN-2022,23:00,San Francisco,CA,Intersection,Passenger Car,Minor,Yes,raw/SGO/SGO-2021-01_Incident_Reports_ADS (1).csv
540-3123,1,"General Motors, LLC",Monthly,5,2022,JUN-2022,,Cruise,AV,2020,ADS,,Cruise LLC,MAY-2022,4:37,San Francisco,CA,Intersection,Passenger Car,Minor,"Unknown, see Narrative",raw/SGO/SGO-2021-01_Incident_Reports_ADS (1).csv
540-3283,1,"General Motors, LLC",1-Day,,,JUL-2022,,Cruise,AV,2020,ADS,,Cruise LLC,JUN-2022,10:49,San Francisco,CA,Street,Non-Motorist: Cyclist,Minor,"Unknown, see Narrative",raw/SGO/SGO-2021-01_Incident_Reports_ADS (1).csv
540-3283,2,"General Motors, LLC",10-Day Update,,,JUL-2022,,Cruise,AV,2020,ADS,,Cruise LLC,JUN-2022,10:49,San Francisco,CA,Street,Non-Motorist: Cyclist,Minor,"Unknown, see Narrative",raw/SGO/SGO-2021-01_Incident_Reports_ADS (1).csv
540-3643,1,"General Motors, LLC",Monthly,7,2022,AUG-2022,,Cruise,AV,2022,ADS,,Cruise LLC,JUL-2022,2:57,San Francisco,CA,Street,Passenger Car,No Injuries Reported,"Unknown, see Narrative",raw/SGO/SGO-2021-01_Incident_Reports_ADS (1).csv
540-3644,1,"General Motors, LLC",Monthly,7,2022,AUG-2022,,Cruise,AV,2020,ADS,,Cruise LLC,JUL-2022,22:46,San Francisco,CA,Intersection,SUV,No Injuries Reported,"Unknown, see Narrative",raw/SGO/SGO-2021-01_Incident_Reports_ADS (1).csv
540-3645,1,"General Motors, LLC",Monthly,7,2022,AUG-2022,,Cruise,AV,2020,ADS,,Cruise LLC,JUL-2022,1:39,San Francisco,CA,Street,Passenger Car,No Injuries Reported,"Unknown, see Narrative",raw/SGO/SGO-2021-01_Incident_Reports_ADS (1).csv
540-3647,1,"General Motors, LLC",Monthly,7,2022,AUG-2022,,Cruise,AV,2020,ADS,,Cruise LLC,JUL-2022,00:27,San Francisco,CA,Street,"Other, see Narrative",No Injuries Reported,"Unknown, see Narrative",raw/SGO/SGO-2021-01_Incident_Reports_ADS (1).csv
540-3753,1,"General Motors, LLC",1-Day,,,SEP-2022,,Cruise,AV,2022,"Unknown, see Narrative",,Cruise LLC,SEP-2022,18:46,San Francisco,CA,Street,Motorcycle,Minor,"Unknown, see Narrative",raw/SGO/SGO-2021-01_Incident_Reports_ADS (1).csv
540-3753,2,"General Motors, LLC",10-Day Update,,,SEP-2022,,Cruise,AV,2022,"Unknown, see Narrative",,Cruise LLC,SEP-2022,18:46,San Francisco,CA,Street,Motorcycle,Minor,"Unknown, see Narrative",raw/SGO/SGO-2021-01_Incident_Reports_ADS (1).csv
540-3753,3,"General Motors, LLC",Update,,,SEP-2024,,Cruise,AV,2022,ADS,,Cruise LLC,SEP-2022,18:46,San Francisco,CA,Street,Motorcycle,Minor,"Unknown, see Narrative",raw/SGO/SGO-2021-01_Incident_Reports_ADS (1).csv
540-3819,1,"General Motors, LLC",Monthly,8,2022,SEP-2022,,Cruise,AV,2020,ADS,,Cruise LLC,AUG-2022,07:04,San Francisco,CA,Street,Passenger Car,No Injuries Reported,"Unknown, see Narrative",raw/SGO/SGO-2021-01_Incident_Reports_ADS (1).csv
540-3820,1,"General Motors, LLC",Monthly,8,2022,SEP-2022,,Cruise,AV,2020,ADS,,Cruise LLC,AUG-2022,03:53,San Francisco,CA,Street,Passenger Car,Minor,"Unknown, see Narrative",raw/SGO/SGO-2021-01_Incident_Reports_ADS (1).csv
540-4019,1,"General Motors, LLC",Monthly,9,2022,OCT-2022,,Cruise,AV,2022,ADS,,Cruise LLC,SEP-2022,05:18,San Francisco,CA,Street,Passenger Car,No Injuries Reported,"Unknown, see Narrative",raw/SGO/SGO-2021-01_Incident_Reports_ADS (1).csv
540-4019,2,"General Motors, LLC",Update,,,OCT-2022,,Cruise,AV,2022,ADS,,Cruise LLC,SEP-2022,05:14,San Francisco,CA,Street,Passenger Car,No Injuries Reported,"Unknown, see Narrative",raw/SGO/SGO-2021-01_Incident_Reports_ADS (1).csv
540-4019,3,"General Motors, LLC",Update,,,SEP-2024,,Cruise,AV,2022,ADS,,Cruise LLC,SEP-2022,05:14,San Francisco,CA,Street,Passenger Car,No Injuries Reported,"Unknown, see Narrative",raw/SGO/SGO-2021-01_Incident_Reports_ADS (1).csv
540-4524,1,"General Motors, LLC",1-Day,,,DEC-2022,,Cruise,AV,2023,ADS,,Cruise LLC,DEC-2022,23:23,San Francisco,CA,Street,Passenger Car,No Injuries Reported,"Unknown, see Narrative",raw/SGO/SGO-2021-01_Incident_Reports_ADS (1).csv
540-4524,2,"General Motors, LLC",10-Day Update,,,DEC-2022,,Cruise,AV,2023,ADS,,Cruise LLC,DEC-2022,23:23,San Francisco,CA,Street,Passenger Car,No Injuries Reported,"Unknown, see Narrative",raw/SGO/SGO-2021-01_Incident_Reports_ADS (1).csv
540-4541,1,"General Motors, LLC",1-Day,,,DEC-2022,,Cruise,AV,2023,ADS,,Cruise LLC,DEC-2022,08:50,San Francisco,CA,Street,Passenger Car,Unknown,"Unknown, see Narrative",raw/SGO/SGO-2021-01_Incident_Reports_ADS (1).csv
540-4541,2,"General Motors, LLC",10-Day Update,,,DEC-2022,,Cruise,AV,2023,ADS,,Cruise LLC,DEC-2022,08:50,San Francisco,CA,Street,Passenger Car,Unknown,"Unknown, see Narrative",raw/SGO/SGO-2021-01_Incident_Reports_ADS (1).csv
540-4541,3,"General Motors, LLC",10-Day Update,,,DEC-2022,,Cruise,AV,2023,ADS,,Cruise LLC,DEC-2022,08:50,San Francisco,CA,Street,Passenger Car,Unknown,"Unknown, see Narrative",raw/SGO/SGO-2021-01_Incident_Reports_ADS (1).csv
540-4670,1,"General Motors, LLC",Monthly,12,2022,JAN-2023,,Cruise,AV,2023,ADS,,Cruise LLC,DEC-2022,23:51,San Francisco,CA,Street,Passenger Car,No Injuries Reported,"Unknown, see Narrative",raw/SGO/SGO-2021-01_Incident_Reports_ADS (1).csv
540-4671,1,"General Motors, LLC",Monthly,12,2022,JAN-2023,,Cruise,AV,2022,ADS,,Cruise LLC,DEC-2022,23:59,San Francisco,CA,Street,Passenger Car,No Injuries Reported,"Unknown, see Narrative",raw/SGO/SGO-2021-01_Incident_Reports_ADS (1).csv
540-4832,1,"General Motors, LLC",1-Day,,,FEB-2023,,Cruise,AV,2023,ADS,,Cruise LLC,FEB-2023,00:39,San Francisco,CA,Intersection,Van,No Injuries Reported,"Unknown, see Narrative",raw/SGO/SGO-2021-01_Incident_Reports_ADS (1).csv
540-4832,2,"General Motors, LLC",10-Day Update,,,FEB-2023,,Cruise,AV,2023,ADS,,Cruise LLC,FEB-2023,00:39,San Francisco,CA,Intersection,Van,No Injuries Reported,"Unknown, see Narrative",raw/SGO/SGO-2021-01_Incident_Reports_ADS (1).csv
540-4965,1,"General Motors, LLC",1-Day,,,MAR-2023,,Cruise,AV,2022,ADS,,Cruise LLC,MAR-2023,01:06,San Francisco,CA,Intersection,Passenger Car,No Injuries Reported,"Unknown, see Narrative",raw/SGO/SGO-2021-01_Incident_Reports_ADS (1).csv
540-4965,2,"General Motors, LLC",10-Day Update,,,MAR-2023,,Cruise,AV,2022,ADS,,Cruise LLC,MAR-2023,01:06,San Francisco,CA,Intersection,Passenger Car,No Injuries Reported,"Unknown, see Narrative",raw/SGO/SGO-2021-01_Incident_Reports_ADS (1).csv
540-5000,1,"General Motors, LLC",1-Day,,,MAR-2023,,Cruise,AV,2023,ADS,,Cruise LLC,MAR-2023,13:01,Tempe,AZ,Intersection,Passenger Car,Minor,"Unknown, see Narrative",raw/SGO/SGO-2021-01_Incident_Reports_ADS (1).csv
540-5000,2,"General Motors, LLC",10-Day Update,,,MAR-2023,,Cruise,AV,2023,ADS,,Cruise LLC,MAR-2023,13:01,Tempe,AZ,Intersection,Passenger Car,Minor,"Unknown, see Narrative",raw/SGO/SGO-2021-01_Incident_Reports_ADS (1).csv
540-5060,1,"General Motors, LLC",Monthly,2,2023,MAR-2023,,Cruise,AV,2022,ADS,,Cruise LLC,FEB-2023,02:05,San Fancisco,CA,Street,Heavy Truck,No Injuries Reported,"Unknown, see Narrative",raw/SGO/SGO-2021-01_Incident_Reports_ADS (1).csv
540-5061,1,"General Motors, LLC",Monthly,2,2023,MAR-2023,,Cruise,AV,2023,ADS,,Cruise LLC,FEB-2023,00:29,San Francisco,CA,Street,Van,No Injuries Reported,"Unknown, see Narrative",raw/SGO/SGO-2021-01_Incident_Reports_ADS (1).csv
540-5102,1,"General Motors, LLC",1-Day,,,MAR-2023,,Cruise,AV,2023,ADS,,Cruise LLC,MAR-2023,3:26,San Francisco,CA,Intersection,Passenger Car,Minor,"Unknown, see Narrative",raw/SGO/SGO-2021-01_Incident_Reports_ADS (1).csv
540-5102,2,"General Motors, LLC",10-Day Update,,,MAR-2023,,Cruise,AV,2023,ADS,,Cruise LLC,MAR-2023,3:26,San Francisco,CA,Intersection,Passenger Car,Minor,"Unknown, see Narrative",raw/SGO/SGO-2021-01_Incident_Reports_ADS (1).csv
540-5102,3,"General Motors, LLC",10-Day Update,,,MAR-2023,,Cruise,AV,2023,ADS,,Cruise LLC,MAR-2023,3:26,San Francisco,CA,Intersection,Passenger Car,No Injuries Reported,"Unknown, see Narrative",raw/SGO/SGO-2021-01_Incident_Reports_ADS (1).csv
540-5137,1,"General Motors, LLC",1-Day,,,MAR-2023,,Cruise,AV,2022,ADS,,Cruise LLC,MAR-2023,04:29,San Francisco,CA,Street,"Other, see Narrative",No Injuries Reported,"Unknown, see Narrative",raw/SGO/SGO-2021-01_Incident_Reports_ADS (1).csv
540-5137,2,"General Motors, LLC",10-Day Update,,,MAR-2023,,Cruise,AV,2022,ADS,,Cruise LLC,MAR-2023,04:29,San Francisco,CA,Street,"Other, see Narrative",No Injuries Reported,"Unknown, see Narrative",raw/SGO/SGO-2021-01_Incident_Reports_ADS (1).csv
540-5141,1,"General Motors, LLC",1-Day,,,MAR-2023,,Cruise,AV,2023,ADS,,Cruise LLC,MAR-2023,14:46,San Francisco,CA,Street,Bus,No Injuries Reported,"Unknown, see Narrative",raw/SGO/SGO-2021-01_Incident_Reports_ADS (1).csv
540-5141,2,"General Motors, LLC",10-Day Update,,,MAR-2023,,Cruise,AV,2023,ADS,,Cruise LLC,MAR-2023,14:46,San Francisco,CA,Street,Bus,No Injuries Reported,"Unknown, see Narrative",raw/SGO/SGO-2021-01_Incident_Reports_ADS (1).csv
540-5227,1,"General Motors, LLC",1-Day,,,APR-2023,,Cruise,AV,2023,ADS,,Cruise LLC,APR-2023,4:45,San Francisco,CA,Intersection,Passenger Car,No Injuries Reported,"Unknown, see Narrative",raw/SGO/SGO-2021-01_Incident_Reports_ADS (1).csv
540-5227,2,"General Motors, LLC",10-Day Update,,,APR-2023,,Cruise,AV,2023,ADS,,Cruise LLC,APR-2023,4:45,San Francisco,CA,Intersection,Passenger Car,No Injuries Reported,"Unknown, see Narrative",raw/SGO/SGO-2021-01_Incident_Reports_ADS (1).csv
540-5261,1,"General Motors, LLC",Monthly,3,2023,APR-2023,,Cruise,AV,2023,ADS,,Cruise LLC,MAR-2023,04:23,San Francisco,CA,Intersection,Heavy Truck,No Injuries Reported,"Unknown, see Narrative",raw/SGO/SGO-2021-01_Incident_Reports_ADS (1).csv
540-5262,1,"General Motors, LLC",Monthly,3,2023,APR-2023,,Cruise,AV,2023,ADS,,Cruise LLC,MAR-2023,23:51,San Francisco,CA,Street,Heavy Truck,No Injuries Reported,"Unknown, see Narrative",raw/SGO/SGO-2021-01_Incident_Reports_ADS (1).csv
540-5263,1,"General Motors, LLC",Monthly,3,2023,APR-2023,,Cruise,AV,2023,ADS,,Cruise LLC,MAR-2023,21:49,San Francisco,CA,Street,"Other, see Narrative",No Injuries Reported,"Unknown, see Narrative",raw/SGO/SGO-2021-01_Incident_Reports_ADS (1).csv
540-5264,1,"General Motors, LLC",Monthly,3,2023,APR-2023,,Cruise,AV,2023,ADS,,Cruise LLC,MAR-2023,03:20,San Francisco,CA,Street,"Other, see Narrative",No Injuries Reported,"Unknown, see Narrative",raw/SGO/SGO-2021-01_Incident_Reports_ADS (1).csv
540-5265,1,"General Motors, LLC",Monthly,3,2023,APR-2023,,Cruise,AV,2023,ADS,,Cruise LLC,MAR-2023,23:30,San Francisco,CA,Street,Passenger Car,No Injuries Reported,"Unknown, see Narrative",raw/SGO/SGO-2021-01_Incident_Reports_ADS (1).csv
540-5296,1,"General Motors, LLC",1-Day,,,APR-2023,,Cruise,AV,2022,ADS,,Cruise LLC,APR-2023,03:15,Austin,TX,Street,Passenger Car,No Injuries Reported,"Unknown, see Narrative",raw/SGO/SGO-2021-01_Incident_Reports_ADS (1).csv
540-5296,2,"General Motors, LLC",10-Day Update,,,APR-2023,,Cruise,AV,2022,ADS,,Cruise LLC,APR-2023,03:15,Austin,TX,Street,Passenger Car,No Injuries Reported,"Unknown, see Narrative",raw/SGO/SGO-2021-01_Incident_Reports_ADS (1).csv
540-5297,1,"General Motors, LLC",1-Day,,,APR-2023,,Cruise,AV,2023,ADS,,Cruise LLC,APR-2023,03:15,Austin,TX,Street,Passenger Car,No Injuries Reported,"Unknown, see Narrative",raw/SGO/SGO-2021-01_Incident_Reports_ADS (1).csv
540-5297,2,"General Motors, LLC",10-Day Update,,,APR-2023,,Cruise,AV,2023,ADS,,Cruise LLC,APR-2023,03:15,Austin,TX,Street,Passenger Car,No Injuries Reported,"Unknown, see Narrative",raw/SGO/SGO-2021-01_Incident_Reports_ADS (1).csv
540-5425,1,"General Motors, LLC",1-Day,,,MAY-2023,,Cruise,AV,2022,ADS,,Cruise LLC,MAY-2023,02:44,San Francisco,CA,Intersection,Other Fixed Object,Minor,"Unknown, see Narrative",raw/SGO/SGO-2021-01_Incident_Reports_ADS (1).csv
540-5425,2,"General Motors, LLC",10-Day Update,,,MAY-2023,,Cruise,AV,2022,ADS,,Cruise LLC,MAY-2023,02:44,San Francisco,CA,Intersection,Other Fixed Object,Minor,"Unknown, see Narrative",raw/SGO/SGO-2021-01_Incident_Reports_ADS (1).csv
540-5425,3,"General Motors, LLC",Update,,,MAY-2023,,Cruise,AV,2022,ADS,,Cruise LLC,MAY-2023,02:44,San Francisco,CA,Intersection,Other Fixed Object,Minor,"Unknown, see Narrative",raw/SGO/SGO-2021-01_Incident_Reports_ADS (1).csv
540-5445,1,"General Motors, LLC",1-Day,,,MAY-2023,,Cruise,AV,2023,ADS,,Cruise LLC,MAY-2023,09:32,San Francisco,CA,Intersection,"Other, see Narrative",No Injuries Reported,"Unknown, see Narrative",raw/SGO/SGO-2021-01_Incident_Reports_ADS (1).csv
540-5445,2,"General Motors, LLC",10-Day Update,,,MAY-2023,,Cruise,AV,2023,ADS,,Cruise LLC,MAY-2023,09:32,San Francisco,CA,Intersection,"Other, see Narrative",Minor,"Unknown, see Narrative",raw/SGO/SGO-2021-01_Incident_Reports_ADS (1).csv
540-5488,1,"General Motors, LLC",Monthly,4,2023,MAY-2023,,Cruise,AV,2023,ADS,,Cruise LLC,APR-2023,00:35,San Francisco,CA,Street,SUV,No Injuries Reported,"Unknown, see Narrative",raw/SGO/SGO-2021-01_Incident_Reports_ADS (1).csv
540-5489,1,"General Motors, LLC",Monthly,4,2023,MAY-2023,,Cruise,AV,2023,ADS,,Cruise LLC,APR-2023,23:35,San Francisco,CA,Intersection,"Other, see Narrative",No Injuries Reported,"Unknown, see Narrative",raw/SGO/SGO-2021-01_Incident_Reports_ADS (1).csv
540-5490,1,"General Motors, LLC",Monthly,4,2023,MAY-2023,,Cruise,AV,2023,ADS,,Cruise LLC,APR-2023,20:13,San Francisco,CA,Street,Passenger Car,No Injuries Reported,"Unknown, see Narrative",raw/SGO/SGO-2021-01_Incident_Reports_ADS (1).csv
540-5491,1,"General Motors, LLC",Monthly,4,2023,MAY-2023,,Cruise,AV,2022,ADS,,Cruise LLC,APR-2023,21:59,San Francisco,CA,Intersection,Passenger Car,No Injuries Reported,"Unknown, see Narrative",raw/SGO/SGO-2021-01_Incident_Reports_ADS (1).csv
540-5492,1,"General Motors, LLC",Monthly,4,2023,MAY-2023,,Cruise,AV,2020,ADS,,Cruise LLC,APR-2023,14:58,Mesa,AZ,Street,"Other, see Narrative",No Injuries Reported,"Unknown, see Narrative",raw/SGO/SGO-2021-01_Incident_Reports_ADS (1).csv
540-5639,1,"General Motors, LLC",5-Day,,,MAY-2023,,Cruise,AV,2022,ADS,,Cruise LLC,MAY-2023,21:24,San Drancisco,CA,Street,Passenger Car,Minor,"Unknown, see Narrative",raw/SGO/SGO-2021-01_Incident_Reports_ADS (1).csv
540-5667,1,"General Motors, LLC",5-Day,,,JUN-2023,,Cruise,AV,2020,ADS,,Cruise LLC,JUN-2023,04:31,Chandler,AZ,Intersection,Heavy Truck,No Injuries Reported,"Unknown, see Narrative",raw/SGO/SGO-2021-01_Incident_Reports_ADS (1).csv
540-5688,1,"General Motors, LLC",1-Day,,,JUN-2023,,Cruise,AV,2022,ADS,,Cruise LLC,JUN-2023,22:22,San Francisco,CA,Intersection,Van,Unknown,"Unknown, see Narrative",raw/SGO/SGO-2021-01_Incident_Reports_ADS (1).csv
540-5688,2,"General Motors, LLC",10-Day Update,,,JUN-2023,,Cruise,AV,2022,ADS,,Cruise LLC,JUN-2023,22:22,San Francisco,CA,Intersection,Van,Unknown,"Unknown, see Narrative",raw/SGO/SGO-2021-01_Incident_Reports_ADS (1).csv
540-5726,1,"General Motors, LLC",Monthly,5,2023,JUN-2023,,Cruise,AV,2023,ADS,,Cruise LLC,MAY-2023,03:34,San Francisco,CA,Street,Passenger Car,No Injuries Reported,"Unknown, see Narrative",raw/SGO/SGO-2021-01_Incident_Reports_ADS (1).csv
540-5729,1,"General Motors, LLC",Monthly,5,2023,JUN-2023,,Cruise,AV,2023,ADS,,Cruise LLC,MAY-2023,00:35,Austin,TX,Street,Passenger Car,No Injuries Reported,"Unknown, see Narrative",raw/SGO/SGO-2021-01_Incident_Reports_ADS (1).csv
540-5730,1,"General Motors, LLC",Monthly,5,2023,JUN-2023,,Cruise,AV,2023,ADS,,Cruise LLC,MAY-2023,00:35,Austin,TX,Street,Passenger Car,No Injuries Reported,"Unknown, see Narrative",raw/SGO/SGO-2021-01_Incident_Reports_ADS (1).csv
540-5731,1,"General Motors, LLC",Monthly,5,2023,JUN-2023,,Cruise,AV,2022,ADS,,Cruise LLC,MAY-2023,23:12,Austin,TX,Street,Passenger Car,No Injuries Reported,"Unknown, see Narrative",raw/SGO/SGO-2021-01_Incident_Reports_ADS (1).csv
540-5735,1,"General Motors, LLC",Monthly,5,2023,JUN-2023,,Cruise,AV,2023,ADS,,Cruise LLC,MAY-2023,00:14,Austin,TX,Street,SUV,No Injuries Reported,"Unknown, see Narrative",raw/SGO/SGO-2021-01_Incident_Reports_ADS (1).csv
540-5805,1,"General Motors, LLC",5-Day,,,JUN-2023,,Cruise,AV,2023,ADS,,Cruise LLC,JUN-2023,22:37,San Francisco,CA,Street,"Other, see Narrative",No Injuries Reported,"No, see Narrative",raw/SGO/SGO-2021-01_Incident_Reports_ADS (1).csv
540-5875,1,"General Motors, LLC",5-Day,,,JUL-2023,,Cruise,AV,2023,ADS,,Cruise LLC,JUL-2023,22:47,San Francisco,CA,Street,Pickup Truck,No Injuries Reported,"No, see Narrative",raw/SGO/SGO-2021-01_Incident_Reports_ADS (1).csv
540-5940,1,"General Motors, LLC",Monthly,6,2023,JUL-2023,,Cruise,AV,2022,ADS,,Cruise LLC,JUN-2023,09:36,San Francisco,CA,Street,"Other, see Narrative",Unknown,"Unknown, see Narrative",raw/SGO/SGO-2021-01_Incident_Reports_ADS (1).csv
540-5941,1,"General Motors, LLC",Monthly,6,2023,JUL-2023,,Cruise,AV,2022,ADS,,Cruise LLC,JUN-2023,22:37,San Francisco,CA,Street,SUV,No Injuries Reported,"No, see Narrative",raw/SGO/SGO-2021-01_Incident_Reports_ADS (1).csv
540-5942,1,"General Motors, LLC",Monthly,6,2023,JUL-2023,,Cruise,AV,2023,ADS,,Cruise LLC,JUN-2023,23:30,San Francisco,CA,Street,"Other, see Narrative",No Injuries Reported,"Unknown, see Narrative",raw/SGO/SGO-2021-01_Incident_Reports_ADS (1).csv
540-5948,1,"General Motors, LLC",Monthly,6,2023,JUL-2023,,Cruise,AV,2023,ADS,,Cruise LLC,JUN-2023,00:50,San Francisco,CA,Street,Passenger Car,No Injuries Reported,"Unknown, see Narrative",raw/SGO/SGO-2021-01_Incident_Reports_ADS (1).csv
540-5950,1,"General Motors, LLC",Monthly,6,2023,JUL-2023,,Cruise,AV,2023,ADS,,Cruise LLC,JUN-2023,23:08,San Francisco,CA,Street,Passenger Car,No Injuries Reported,"Unknown, see Narrative",raw/SGO/SGO-2021-01_Incident_Reports_ADS (1).csv
540-5951,1,"General Motors, LLC",Monthly,6,2023,JUL-2023,,Cruise,AV,2023,ADS,,Cruise LLC,JUN-2023,21:04,Austin,TX,Street,Heavy Truck,No Injuries Reported,"Unknown, see Narrative",raw/SGO/SGO-2021-01_Incident_Reports_ADS (1).csv
540-5971,1,"General Motors, LLC",5-Day,,,JUL-2023,,Cruise,AV,2023,ADS,,Cruise LLC,JUL-2023,23:08,San Francisco,CA,Intersection,SUV,Minor,"Unknown, see Narrative",raw/SGO/SGO-2021-01_Incident_Reports_ADS (1).csv
540-5987,1,"General Motors, LLC",1-Day,,,JUL-2023,,Cruise,AV,2023,ADS,,Cruise LLC,JUL-2023,06:41,San Francisco,CA,Intersection,Passenger Car,Unknown,"Unknown, see Narrative",raw/SGO/SGO-2021-01_Incident_Reports_ADS (1).csv
540-5987,2,"General Motors, LLC",10-Day Update,,,AUG-2023,,Cruise,AV,2023,ADS,,Cruise LLC,JUL-2023,06:41,San Francisco,CA,Intersection,Passenger Car,Unknown,"Unknown, see Narrative",raw/SGO/SGO-2021-01_Incident_Reports_ADS (1).csv
540-5988,1,"General Motors, LLC",5-Day,,,JUL-2023,,Cruise,AV,2023,ADS,,Cruise LLC,JUL-2023,19:50,Austin,TX,Intersection,SUV,No Injuries Reported,"Unknown, see Narrative",raw/SGO/SGO-2021-01_Incident_Reports_ADS (1).csv
540-5990,1,"General Motors, LLC",5-Day,,,JUL-2023,,Cruise,AV,2022,ADS,,Cruise LLC,JUL-2023,01:56,San Francisco,CA,Intersection,Passenger Car,No Injuries Reported,"Unknown, see Narrative",raw/SGO/SGO-2021-01_Incident_Reports_ADS (1).csv
540-5991,1,"General Motors, LLC",5-Day,,,JUL-2023,,Cruise,AV,2022,ADS,,Cruise LLC,JUL-2023,20:38,Tempe,AZ,Street,Passenger Car,Minor,"Unknown, see Narrative",raw/SGO/SGO-2021-01_Incident_Reports_ADS (1).csv
540-6002,1,"General Motors, LLC",5-Day,,,JUL-2023,,Cruise,AV,2023,ADS,,Cruise LLC,JUL-2023,05:35,Austin,TX,Intersection,SUV,No Injuries Reported,"Unknown, see Narrative",raw/SGO/SGO-2021-01_Incident_Reports_ADS (1).csv
540-6003,1,"General Motors, LLC",5-Day,,,JUL-2023,,Cruise,AV,2023,ADS,,Cruise LLC,JUL-2023,14:45,San Francisco,CA,Intersection,SUV,No Injuries Reported,"Unknown, see Narrative",raw/SGO/SGO-2021-01_Incident_Reports_ADS (1).csv
540-6011,1,"General Motors, LLC",5-Day,,,AUG-2023,,Cruise,AV,2022,ADS,,Cruise LLC,JUL-2023,23:51,San Francisco,CA,Intersection,Pickup Truck,No Injuries Reported,"Unknown, see Narrative",raw/SGO/SGO-2021-01_Incident_Reports_ADS (1).csv
540-6036,1,"General Motors, LLC",5-Day,,,AUG-2023,,Cruise,AV,2023,ADS,,Cruise LLC,AUG-2023,09:48,San Francisco,CA,Street,SUV,No Injuries Reported,"Unknown, see Narrative",raw/SGO/SGO-2021-01_Incident_Reports_ADS (1).csv
540-6056,1,"General Motors, LLC",5-Day,,,AUG-2023,,Cruise,AV,2023,ADS,,Cruise LLC,AUG-2023,11:41,San Francisco,CA,Street,Heavy Truck,No Injuries Reported,"Unknown, see Narrative",raw/SGO/SGO-2021-01_Incident_Reports_ADS (1).csv
540-6057,1,"General Motors, LLC",5-Day,,,AUG-2023,,Cruise,AV,2023,ADS,,Cruise LLC,AUG-2023,11:03,San Francisco,CA,Intersection,Heavy Truck,No Injuries Reported,"Unknown, see Narrative",raw/SGO/SGO-2021-01_Incident_Reports_ADS (1).csv
540-6058,1,"General Motors, LLC",Monthly,7,2023,AUG-2023,,Cruise,AV,2023,ADS,,Cruise LLC,JUL-2023,01:52,San Francisco,CA,Street,Passenger Car,No Injuries Reported,"Unknown, see Narrative",raw/SGO/SGO-2021-01_Incident_Reports_ADS (1).csv
540-6069,1,"General Motors, LLC",Monthly,7,2023,AUG-2023,,Cruise,AV,2023,ADS,,Cruise LLC,JUL-2023,20:56,San Francisco,CA,Street,Heavy Truck,No Injuries Reported,"Unknown, see Narrative",raw/SGO/SGO-2021-01_Incident_Reports_ADS (1).csv
540-6070,1,"General Motors, LLC",Monthly,7,2023,AUG-2023,,Cruise,AV,2023,ADS,,Cruise LLC,JUL-2023,22:34,San Francisco,CA,Street,SUV,No Injuries Reported,"Unknown, see Narrative",raw/SGO/SGO-2021-01_Incident_Reports_ADS (1).csv
540-6070,2,"General Motors, LLC",Update,,,SEP-2024,,Cruise,AV,2023,ADS,,Cruise LLC,JUL-2023,22:34,San Francisco,CA,Street,SUV,No Injuries Reported,"Unknown, see Narrative",raw/SGO/SGO-2021-01_Incident_Reports_ADS (1).csv
540-6072,1,"General Motors, LLC",Monthly,7,2023,AUG-2023,,Cruise,AV,2023,ADS,,Cruise LLC,JUL-2023,00:07,San Francisco,CA,Street,Passenger Car,No Injuries Reported,"Unknown, see Narrative",raw/SGO/SGO-2021-01_Incident_Reports_ADS (1).csv
540-6073,1,"General Motors, LLC",Monthly,7,2023,AUG-2023,,Cruise,AV,2023,ADS,,Cruise LLC,JUL-2023,10:47,San Francisco,CA,Street,"Other, see Narrative",No Injuries Reported,"Unknown, see Narrative",raw/SGO/SGO-2021-01_Incident_Reports_ADS (1).csv
540-6074,1,"General Motors, LLC",Monthly,7,2023,AUG-2023,,Cruise,AV,2023,ADS,,Cruise LLC,JUL-2023,16:16,San Francisco,CA,Intersection,Passenger Car,No Injuries Reported,"Unknown, see Narrative",raw/SGO/SGO-2021-01_Incident_Reports_ADS (1).csv
540-6076,1,"General Motors, LLC",Monthly,7,2023,AUG-2023,,Cruise,AV,2023,ADS,,Cruise LLC,JUL-2023,02:29,Austin,TX,Intersection,Pickup Truck,No Injuries Reported,"Unknown, see Narrative",raw/SGO/SGO-2021-01_Incident_Reports_ADS (1).csv
540-6079,1,"General Motors, LLC",Monthly,7,2023,AUG-2023,,Cruise,AV,2023,ADS,,Cruise LLC,JUL-2023,22:41,San Francisco,CA,Intersection,Passenger Car,No Injuries Reported,"Unknown, see Narrative",raw/SGO/SGO-2021-01_Incident_Reports_ADS (1).csv
540-6148,1,"General Motors, LLC",1-Day,,,AUG-2023,,Cruise,AV,2023,ADS,,Cruise LLC,AUG-2023,22:22,San Francisco,CA,Intersection,First Responder Vehicle,Serious,"Unknown, see Narrative",raw/SGO/SGO-2021-01_Incident_Reports_ADS (1).csv
540-6148,2,"General Motors, LLC",10-Day Update,,,AUG-2023,,Cruise,AV,2023,ADS,,Cruise LLC,AUG-2023,22:22,San Francisco,CA,Intersection,First Responder Vehicle,Serious,"Unknown, see Narrative",raw/SGO/SGO-2021-01_Incident_Reports_ADS (1).csv
540-6148,3,"General Motors, LLC",Update,,,SEP-2023,,Cruise,AV,2023,ADS,,Cruise LLC,AUG-2023,22:22,San Francisco,CA,Intersection,First Responder Vehicle,Serious,"Unknown, see Narrative",raw/SGO/SGO-2021-01_Incident_Reports_ADS (1).csv
540-6151,1,"General Motors, LLC",1-Day,,,AUG-2023,,Cruise,AV,2023,ADS,,Cruise LLC,AUG-2023,08:45,San Frabcisco,CA,Intersection,Non-Motorist: Cyclist,Minor,"Unknown, see Narrative",raw/SGO/SGO-2021-01_Incident_Reports_ADS (1).csv
540-6151,2,"General Motors, LLC",10-Day Update,,,AUG-2023,,Cruise,AV,2023,ADS,,Cruise LLC,AUG-2023,08:45,San Frabcisco,CA,Intersection,Non-Motorist: Cyclist,Minor,"Unknown, see Narrative",raw/SGO/SGO-2021-01_Incident_Reports_ADS (1).csv
540-6152,1,"General Motors, LLC",5-Day,,,AUG-2023,,Cruise,AV,2023,ADS,,Cruise LLC,AUG-2023,07:51,San Francisco,CA,Street,Pickup Truck,No Injuries Reported,"Unknown, see Narrative",raw/SGO/SGO-2021-01_Incident_Reports_ADS (1).csv
540-6161,1,"General Motors, LLC",5-Day,,,AUG-2023,,Cruise,AV,2023,ADS,,Cruise LLC,AUG-2023,00:12,San Francisco,CA,Intersection,Van,No Injuries Reported,"Unknown, see Narrative",raw/SGO/SGO-2021-01_Incident_Reports_ADS (1).csv
540-6162,1,"General Motors, LLC",5-Day,,,AUG-2023,,Cruise,AV,2023,ADS,,Cruise LLC,AUG-2023,00:19,San Francisco,CA,Intersection,Passenger Car,Moderate,"Unknown, see Narrative",raw/SGO/SGO-2021-01_Incident_Reports_ADS (1).csv
540-6162,2,"General Motors, LLC",Update,,,SEP-2023,,Cruise,AV,2023,ADS,,Cruise LLC,AUG-2023,00:19,San Francisco,CA,Intersection,Passenger Car,Moderate,"Unknown, see Narrative",raw/SGO/SGO-2021-01_Incident_Reports_ADS (1).csv
540-6163,1,"General Motors, LLC",5-Day,,,AUG-2023,,Cruise,AV,2023,ADS,,Cruise LLC,AUG-2023,00:56,San Francisco,CA,Intersection,Passenger Car,No Injuries Reported,"Unknown, see Narrative",raw/SGO/SGO-2021-01_Incident_Reports_ADS (1).csv
540-6163,2,"General Motors, LLC",Update,,,SEP-2023,,Cruise,AV,2023,ADS,,Cruise LLC,AUG-2023,00:56,San Francisco,CA,Intersection,Passenger Car,No Injuries Reported,"Unknown, see Narrative",raw/SGO/SGO-2021-01_Incident_Reports_ADS (1).csv
540-6178,1,"General Motors, LLC",1-Day,,,AUG-2023,,Cruise,AV,2022,ADS,,Cruise LLC,AUG-2023,01:42,San Francisco,CA,Intersection,Non-Motorist: Pedestrian,Moderate,"Unknown, see Narrative",raw/SGO/SGO-2021-01_Incident_Reports_ADS (1).csv
540-6178,2,"General Motors, LLC",10-Day Update,,,SEP-2023,,Cruise,AV,2022,ADS,,Cruise LLC,AUG-2023,01:42,San Francisco,CA,Intersection,Non-Motorist: Pedestrian,Moderate,"Unknown, see Narrative",raw/SGO/SGO-2021-01_Incident_Reports_ADS (1).csv
540-6188,1,"General Motors, LLC",5-Day,,,AUG-2023,,Cruise,Origin,2024,ADS,,Cruise LLC,AUG-2023,00:36,Austin,TX,Street,Other Fixed Object,No Injuries Reported,"Unknown, see Narrative",raw/SGO/SGO-2021-01_Incident_Reports_ADS (1).csv
540-6189,1,"General Motors, LLC",5-Day,,,AUG-2023,,Cruise,AV,2023,ADS,,Cruise LLC,AUG-2023,21:22,San Francisco,CA,Intersection,Heavy Truck,No Injuries Reported,"Unknown, see Narrative",raw/SGO/SGO-2021-01_Incident_Reports_ADS (1).csv
540-6189,2,"General Motors, LLC",Update,,,SEP-2024,,Cruise,AV,2023,ADS,,Cruise LLC,AUG-2023,21:22,San Francisco,CA,Intersection,Heavy Truck,No Injuries Reported,"Unknown, see Narrative",raw/SGO/SGO-2021-01_Incident_Reports_ADS (1).csv
540-6190,1,"General Motors, LLC",5-Day,,,AUG-2023,,Cruise,AV,2023,ADS,,Cruise LLC,AUG-2023,01:39,San Francisco,CA,Intersection,SUV,No Injuries Reported,"Unknown, see Narrative",raw/SGO/SGO-2021-01_Incident_Reports_ADS (1).csv
540-6199,1,"General Motors, LLC",5-Day,,,SEP-2023,,Cruise,AV,2023,ADS,,Cruise LLC,AUG-2023,00:39,Austin,TX,Street,Passenger Car,No Injuries Reported,"Unknown, see Narrative",raw/SGO/SGO-2021-01_Incident_Reports_ADS (1).csv
540-6244,1,"General Motors, LLC",5-Day,,,SEP-2023,,Cruise,AV,2023,ADS,,Cruise LLC,SEP-2023,21:42,Houston,TX,Street,Passenger Car,No Injuries Reported,"Unknown, see Narrative",raw/SGO/SGO-2021-01_Incident_Reports_ADS (1).csv
540-6290,1,"General Motors, LLC",5-Day,,,SEP-2023,,Cruise,AV,2023,ADS,,Cruise LLC,SEP-2023,02:35,Austin,TX,Intersection,SUV,No Injuries Reported,"Unknown, see Narrative",raw/SGO/SGO-2021-01_Incident_Reports_ADS (1).csv
540-6293,1,"General Motors, LLC",Monthly,8,2023,SEP-2023,,Cruise,AV,2023,ADS,,Cruise LLC,AUG-2023,14:53,San Francisco,CA,Intersection,Pickup Truck,No Injuries Reported,"Unknown, see Narrative",raw/SGO/SGO-2021-01_Incident_Reports_ADS (1).csv
540-6293,2,"General Motors, LLC",Update,,,SEP-2023,,Cruise,AV,2023,ADS,,Cruise LLC,AUG-2023,14:53,San Francisco,CA,Intersection,Pickup Truck,No Injuries Reported,"Unknown, see Narrative",raw/SGO/SGO-2021-01_Incident_Reports_ADS (1).csv
540-6294,1,"General Motors, LLC",Monthly,8,2023,SEP-2023,,Cruise,AV,2023,ADS,,Cruise LLC,AUG-2023,16:06,San Francisco,CA,Intersection,Passenger Car,Minor,"Unknown, see Narrative",raw/SGO/SGO-2021-01_Incident_Reports_ADS (1).csv
540-6294,2,"General Motors, LLC",Update,,,SEP-2023,,Cruise,AV,2023,ADS,,Cruise LLC,AUG-2023,16:06,San Francisco,CA,Intersection,Passenger Car,Minor,"Unknown, see Narrative",raw/SGO/SGO-2021-01_Incident_Reports_ADS (1).csv
540-6295,1,"General Motors, LLC",Monthly,8,2023,SEP-2023,,Cruise,AV,2023,ADS,,Cruise LLC,AUG-2023,20:33,San Francisco,CA,Intersection,Passenger Car,No Injuries Reported,"Unknown, see Narrative",raw/SGO/SGO-2021-01_Incident_Reports_ADS (1).csv
540-6302,1,"General Motors, LLC",Monthly,8,2023,SEP-2023,,Cruise,AV,2023,ADS,,Cruise LLC,AUG-2023,13:47,San Francisco,CA,Intersection,Passenger Car,No Injuries Reported,"Unknown, see Narrative",raw/SGO/SGO-2021-01_Incident_Reports_ADS (1).csv
540-6304,1,"General Motors, LLC",Monthly,8,2023,SEP-2023,,Cruise,AV,2023,ADS,,Cruise LLC,AUG-2023,09:05,San Francisco,CA,Street,Passenger Car,Minor,"Unknown, see Narrative",raw/SGO/SGO-2021-01_Incident_Reports_ADS (1).csv
540-6304,2,"General Motors, LLC",Update,,,OCT-2023,,Cruise,AV,2023,ADS,,Cruise LLC,AUG-2023,09:05,San Francisco,CA,Street,Passenger Car,Minor,"Unknown, see Narrative",raw/SGO/SGO-2021-01_Incident_Reports_ADS (1).csv
540-6305,1,"General Motors, LLC",Monthly,8,2023,SEP-2023,,Cruise,AV,2023,ADS,,Cruise LLC,AUG-2023,23:36,Austin,TX,Street,SUV,No Injuries Reported,"Unknown, see Narrative",raw/SGO/SGO-2021-01_Incident_Reports_ADS (1).csv
540-6306,1,"General Motors, LLC",Monthly,8,2023,SEP-2023,,Cruise,AV,2023,ADS,,Cruise LLC,AUG-2023,22:32,San Francisco,CA,Street,Heavy Truck,No Injuries Reported,"Unknown, see Narrative",raw/SGO/SGO-2021-01_Incident_Reports_ADS (1).csv
540-6307,1,"General Motors, LLC",Monthly,8,2023,SEP-2023,,Cruise,AV,2023,ADS,,Cruise LLC,AUG-2023,23:34,San Francisco,CA,Intersection,SUV,No Injuries Reported,"Unknown, see Narrative",raw/SGO/SGO-2021-01_Incident_Reports_ADS (1).csv
540-6308,1,"General Motors, LLC",Monthly,8,2023,SEP-2023,,Cruise,AV,2023,ADS,,Cruise LLC,AUG-2023,10:37,San Francisco,CA,Intersection,Heavy Truck,No Injuries Reported,"Unknown, see Narrative",raw/SGO/SGO-2021-01_Incident_Reports_ADS (1).csv
540-6310,1,"General Motors, LLC",Monthly,8,2023,SEP-2023,,Cruise,AV,2023,ADS,,Cruise LLC,AUG-2023,00:21,Austin,TX,Intersection,Pickup Truck,No Injuries Reported,"Unknown, see Narrative",raw/SGO/SGO-2021-01_Incident_Reports_ADS (1).csv
540-6311,1,"General Motors, LLC",Monthly,8,2023,SEP-2023,,Cruise,AV,2023,ADS,,Cruise LLC,AUG-2023,11:59,San Francisco,CA,Intersection,Passenger Car,No Injuries Reported,"Unknown, see Narrative",raw/SGO/SGO-2021-01_Incident_Reports_ADS (1).csv
540-6313,1,"General Motors, LLC",Monthly,8,2023,SEP-2023,,Cruise,AV,2023,ADS,,Cruise LLC,AUG-2023,16:45,San Francisco,CA,Street,Pickup Truck,No Injuries Reported,"Unknown, see Narrative",raw/SGO/SGO-2021-01_Incident_Reports_ADS (1).csv
540-6315,1,"General Motors, LLC",Monthly,8,2023,SEP-2023,,Cruise,AV,2023,ADS,,Cruise LLC,AUG-2023,22:55,San Francisco,CA,Intersection,Heavy Truck,No Injuries Reported,"Unknown, see Narrative",raw/SGO/SGO-2021-01_Incident_Reports_ADS (1).csv
540-6316,1,"General Motors, LLC",Monthly,8,2023,SEP-2023,,Cruise,AV,2022,ADS,,Cruise LLC,AUG-2023,16:31,San Francisco,CA,Street,Pickup Truck,No Injuries Reported,"Unknown, see Narrative",raw/SGO/SGO-2021-01_Incident_Reports_ADS (1).csv
540-6317,1,"General Motors, LLC",Monthly,8,2023,SEP-2023,,Cruise,AV,2023,ADS,,Cruise LLC,AUG-2023,08:37,San Francisco,CA,Street,Heavy Truck,No Injuries Reported,"Unknown, see Narrative",raw/SGO/SGO-2021-01_Incident_Reports_ADS (1).csv
540-6318,1,"General Motors, LLC",Monthly,8,2023,SEP-2023,,Cruise,AV,2023,ADS,,Cruise LLC,AUG-2023,04:53,San Francisco,CA,Intersection,SUV,No Injuries Reported,"Unknown, see Narrative",raw/SGO/SGO-2021-01_Incident_Reports_ADS (1).csv
540-6369,1,"General Motors, LLC",5-Day,,,SEP-2023,,Cruise,AV,2023,ADS,,Cruise LLC,SEP-2023,03:49,Austin,TX,Intersection,SUV,No Injuries Reported,"Unknown, see Narrative",raw/SGO/SGO-2021-01_Incident_Reports_ADS (1).csv
540-6372,1,"General Motors, LLC",5-Day,,,SEP-2023,,Cruise,AV,2023,ADS,,Cruise LLC,SEP-2023,20:14,Houston,TX,Intersection,SUV,No Injuries Reported,"Unknown, see Narrative",raw/SGO/SGO-2021-01_Incident_Reports_ADS (1).csv
540-6393,1,"General Motors, LLC",5-Day,,,OCT-2023,,Cruise,AV,2023,ADS,,Cruise LLC,SEP-2023,09:20,Houston,TX,Intersection,SUV,No Injuries Reported,"Unknown, see Narrative",raw/SGO/SGO-2021-01_Incident_Reports_ADS (1).csv
540-6400,1,"General Motors, LLC",1-Day,,,OCT-2023,,Cruise,AV,2023,ADS,,Cruise LLC,OCT-2023,21:29,San Francisco,CA,Intersection,Non-Motorist: Pedestrian,Serious,"Unknown, see Narrative",raw/SGO/SGO-2021-01_Incident_Reports_ADS (1).csv
540-6400,2,"General Motors, LLC",10-Day Update,,,OCT-2023,,Cruise,AV,2023,ADS,,Cruise LLC,OCT-2023,21:29,San Francisco,CA,Intersection,Non-Motorist: Pedestrian,Serious,"Unknown, see Narrative",raw/SGO/SGO-2021-01_Incident_Reports_ADS (1).csv
540-6400,3,"General Motors, LLC",Update,,,NOV-2023,,Cruise,AV,2023,ADS,,Cruise LLC,OCT-2023,21:29,San Francisco,CA,Intersection,Non-Motorist: Pedestrian,Serious,"Unknown, see Narrative",raw/SGO/SGO-2021-01_Incident_Reports_ADS (1).csv
540-6400,4,"General Motors, LLC",Update,,,DEC-2023,,Cruise,AV,2023,ADS,,Cruise LLC,OCT-2023,21:29,San Francisco,CA,Intersection,Non-Motorist: Pedestrian,Serious,"Unknown, see Narrative",raw/SGO/SGO-2021-01_Incident_Reports_ADS (1).csv
540-6451,1,"General Motors, LLC",Monthly,9,2023,OCT-2023,,Cruise,AV,2023,ADS,,Cruise LLC,SEP-2023,22:16,San Francisco,CA,Street,Passenger Car,No Injuries Reported,"Unknown, see Narrative",raw/SGO/SGO-2021-01_Incident_Reports_ADS (1).csv
540-6452,1,"General Motors, LLC",Monthly,9,2023,OCT-2023,,Cruise,AV,2023,ADS,,Cruise LLC,SEP-2023,23:02,Austin,TX,Street,Passenger Car,No Injuries Reported,"Unknown, see Narrative",raw/SGO/SGO-2021-01_Incident_Reports_ADS (1).csv
540-6453,1,"General Motors, LLC",Monthly,9,2023,OCT-2023,,Cruise,AV,2022,ADS,,Cruise LLC,SEP-2023,17:32,San Francisco,CA,Street,Heavy Truck,No Injuries Reported,"Unknown, see Narrative",raw/SGO/SGO-2021-01_Incident_Reports_ADS (1).csv
540-6454,1,"General Motors, LLC",Monthly,9,2023,OCT-2023,,Cruise,AV,2022,ADS,,Cruise LLC,SEP-2023,00:05,Tempe,AZ,Street,Animal,Fatality,"Unknown, see Narrative",raw/SGO/SGO-2021-01_Incident_Reports_ADS (1).csv
540-6454,2,"General Motors, LLC",Update,,,OCT-2023,,Cruise,AV,2022,ADS,,Cruise LLC,SEP-2023,00:05,Tempe,AZ,Street,Animal,No Injuries Reported,"Unknown, see Narrative",raw/SGO/SGO-2021-01_Incident_Reports_ADS (1).csv
540-6455,1,"General Motors, LLC",Monthly,9,2023,OCT-2023,,Cruise,AV,2023,ADS,,Cruise LLC,SEP-2023,04:59,Austin,TX,Street,Heavy Truck,No Injuries Reported,"Unknown, see Narrative",raw/SGO/SGO-2021-01_Incident_Reports_ADS (1).csv
540-6461,1,"General Motors, LLC",Monthly,9,2023,OCT-2023,,Cruise,AV,2023,ADS,,Cruise LLC,SEP-2023,10:54,Austin,TX,Street,Heavy Truck,No Injuries Reported,"Unknown, see Narrative",raw/SGO/SGO-2021-01_Incident_Reports_ADS (1).csv
540-6462,1,"General Motors, LLC",Monthly,9,2023,OCT-2023,,Cruise,AV,2023,ADS,,Cruise LLC,SEP-2023,23:56,San Francisco,CA,Intersection,Heavy Truck,No Injuries Reported,"Unknown, see Narrative",raw/SGO/SGO-2021-01_Incident_Reports_ADS (1).csv
540-6467,1,"General Motors, LLC",Monthly,9,2023,OCT-2023,,Cruise,AV,2023,ADS,,Cruise LLC,SEP-2023,23:44,Austin,TX,Intersection,SUV,No Injuries Reported,"Unknown, see Narrative",raw/SGO/SGO-2021-01_Incident_Reports_ADS (1).csv
540-6468,1,"General Motors, LLC",Monthly,9,2023,OCT-2023,,Cruise,AV,2023,ADS,,Cruise LLC,SEP-2023,22:36,Austin,TX,Intersection,SUV,No Injuries Reported,"Unknown, see Narrative",raw/SGO/SGO-2021-01_Incident_Reports_ADS (1).csv
540-6468,2,"General Motors, LLC",Update,,,NOV-2023,,Cruise,AV,2023,ADS,,Cruise LLC,SEP-2023,22:36,Austin,TX,Intersection,SUV,No Injuries Reported,"Unknown, see Narrative",raw/SGO/SGO-2021-01_Incident_Reports_ADS (1).csv
540-6470,1,"General Motors, LLC",Monthly,9,2023,OCT-2023,,Cruise,8AV,2020,ADS,,Cruise LLC,SEP-2023,09:37,San Francisco,CA,Street,Van,No Injuries Reported,"Unknown, see Narrative",raw/SGO/SGO-2021-01_Incident_Reports_ADS (1).csv
540-6472,1,"General Motors, LLC",Monthly,9,2023,OCT-2023,,Cruise,AV,2023,ADS,,Cruise LLC,SEP-2023,08:42,San Francisco,CA,Intersection,Passenger Car,No Injuries Reported,"Unknown, see Narrative",raw/SGO/SGO-2021-01_Incident_Reports_ADS (1).csv
540-6530,1,"General Motors, LLC",1-Day,,,OCT-2023,,Cruise,AV,2023,ADS,,Cruise LLC,OCT-2023,19:32,San Francisco,CA,Street,Motorcycle,Moderate,"Unknown, see Narrative",raw/SGO/SGO-2021-01_Incident_Reports_ADS (1).csv
540-6530,2,"General Motors, LLC",10-Day Update,,,OCT-2023,,Cruise,AV,2023,ADS,,Cruise LLC,OCT-2023,19:32,San Francisco,CA,Street,Motorcycle,Moderate,"Unknown, see Narrative",raw/SGO/SGO-2021-01_Incident_Reports_ADS (1).csv
540-6531,1,"General Motors, LLC",5-Day,,,OCT-2023,,Cruise,AV,2023,ADS,,Cruise LLC,OCT-2023,16:31,San Francisco,CA,Street,Heavy Truck,No Injuries Reported,"Unknown, see Narrative",raw/SGO/SGO-2021-01_Incident_Reports_ADS (1).csv
540-6629,1,"General Motors, LLC",Monthly,10,2023,NOV-2023,,Cruise,AV,2023,ADS,,Cruise LLC,OCT-2023,01:51,Austin,TX,Intersection,Pickup Truck,No Injuries Reported,"Unknown, see Narrative",raw/SGO/SGO-2021-01_Incident_Reports_ADS (1).csv
540-6630,1,"General Motors, LLC",Monthly,10,2023,NOV-2023,,Cruise,AV,2023,ADS,,Cruise LLC,OCT-2023,08:23,San Francisco,CA,Street,Heavy Truck,No Injuries Reported,"Unknown, see Narrative",raw/SGO/SGO-2021-01_Incident_Reports_ADS (1).csv
540-6632,1,"General Motors, LLC",Monthly,10,2023,NOV-2023,,Cruise,AV,2023,ADS,,Cruise LLC,OCT-2023,23:40,San Francisco,CA,Intersection,Passenger Car,No Injuries Reported,"Unknown, see Narrative",raw/SGO/SGO-2021-01_Incident_Reports_ADS (1).csv
540-6633,1,"General Motors, LLC",Monthly,10,2023,NOV-2023,,Crui9se,AV,2022,ADS,,Cruise LLC,OCT-2023,01:29,Santa Monica,CA,Intersection,SUV,No Injuries Reported,"Unknown, see Narrative",raw/SGO/SGO-2021-01_Incident_Reports_ADS (1).csv
540-6642,1,"General Motors, LLC",Monthly,10,2023,NOV-2023,,Cruise,AV,2023,ADS,,Cruise LLC,OCT-2023,05:01,Austin,TX,Intersection,Pickup Truck,No Injuries Reported,"Unknown, see Narrative",raw/SGO/SGO-2021-01_Incident_Reports_ADS (1).csv
540-6644,1,"General Motors, LLC",Monthly,10,2023,NOV-2023,,Cruise,AV,2023,ADS,,Cruise LLC,OCT-2023,02:24,Houston,TX,Street,Passenger Car,No Injuries Reported,"Unknown, see Narrative",raw/SGO/SGO-2021-01_Incident_Reports_ADS (1).csv
540-6645,1,"General Motors, LLC",Monthly,10,2023,NOV-2023,,Cruise,AV,2023,ADS,,Cruise LLC,OCT-2023,11:37,San Francisco,CA,Street,Van,No Injuries Reported,"Unknown, see Narrative",raw/SGO/SGO-2021-01_Incident_Reports_ADS (1).csv
540-6646,1,"General Motors, LLC",Monthly,10,2023,NOV-2023,,Cruise,AV,2023,ADS,,Cruise LLC,OCT-2023,22:19,San Francisco,CA,Intersection,Passenger Car,No Injuries Reported,"Unknown, see Narrative",raw/SGO/SGO-2021-01_Incident_Reports_ADS (1).csv
540-7876,1,"General Motors, LLC",5-Day,,,JUN-2024,,Cruise,AV,2023,ADS,,Cruise LLC,JUN-2024,04:55,Phoenix,AZ,Street,Passenger Car,Moderate,"Unknown, see Narrative",raw/SGO/SGO-2021-01_Incident_Reports_ADS (1).csv
540-7876,2,"General Motors, LLC",Update,,,JUL-2024,,Cruise,AV,2023,ADS,,Cruise LLC,JUN-2024,04:55,Phoenix,AZ,Street,Passenger Car,Moderate,"Unknown, see Narrative",raw/SGO/SGO-2021-01_Incident_Reports_ADS (1).csv
540-8762,1,"General Motors, LLC",5-Day,,,OCT-2024,,Cruise,AV,2023,ADS,,Cruise LLC,OCT-2024,11:49,Houston,TX,Intersection,Other Fixed Object,No Injuries Reported,"Unknown, see Narrative",raw/SGO/SGO-2021-01_Incident_Reports_ADS (1).csv
540-9211,1,"General Motors, LLC",1-Day,,,NOV-2024,,Cruise,AV,2023,ADS,,Cruise LLC,NOV-2024,19:23,Houston,TX,Street,Non-Motorist: Cyclist,No Injuries Reported,"Unknown, see Narrative",raw/SGO/SGO-2021-01_Incident_Reports_ADS (1).csv
540-9211,2,"General Motors, LLC",10-Day Update,,,NOV-2024,,Cruise,AV,2023,ADS,,Cruise LLC,NOV-2024,19:23,Houston,TX,Street,Non-Motorist: Cyclist,No Injuries Reported,"Unknown, see Narrative",raw/SGO/SGO-2021-01_Incident_Reports_ADS (1).csv
540-9365,1,"General Motors, LLC",Monthly,11,2024,DEC-2024,,Cruise,AV,2023,ADS,,Cruise LLC,NOV-2024,09:10,Houston,TX,Intersection,Heavy Truck,Moderate,"Unknown, see Narrative",raw/SGO/SGO-2021-01_Incident_Reports_ADS (1).csv
669-10257,1,Hyundai Motor America,Monthly,2,2025,MAR-2025,,Hyundai,IONIQ 5,2024,ADS,,Motional,FEB-2025,21:50,Las Vegas,NV,Intersection,Van,No Injuries Reported,Yes,raw/SGO/SGO-2021-01_Incident_Reports_ADS (1).csv
669-10258,1,Hyundai Motor America,Monthly,2,2025,MAR-2025,,Hyundai,IONIQ 5,2024,ADS,,Motional,FEB-2025,14:44,Las Vegas,NV,Intersection,Pickup Truck,No Injuries Reported,Yes,raw/SGO/SGO-2021-01_Incident_Reports_ADS (1).csv
669-10259,1,Hyundai Motor America,Monthly,2,2025,MAR-2025,,Hyundai,IONIQ 5,2024,ADS,,Motional,FEB-2025,15:38,Las Vegas,NV,Intersection,Passenger Car,No Injuries Reported,Yes,raw/SGO/SGO-2021-01_Incident_Reports_ADS (1).csv
669-10260,1,Hyundai Motor America,Monthly,2,2025,MAR-2025,,Hyundai,IONIQ 5,2024,ADS,,Motional,FEB-2025,15:00,Las Vegas,NV,Intersection,SUV,No Injuries Reported,Yes,raw/SGO/SGO-2021-01_Incident_Reports_ADS (1).csv
669-10862,1,Hyundai Motor America,1-Day,,,MAY-2025,,Hyundai,IONIQ 5,2024,ADS,,Motional,MAY-2025,08:23,Las Vegas,NV,Intersection,Non-Motorist: Cyclist,No Injuries Reported,Yes,raw/SGO/SGO-2021-01_Incident_Reports_ADS (1).csv
669-11335,1,Hyundai Motor America,Monthly,6,2025,JUL-2025,Y,HYUNDAI,Ioniq 5,2024,ADS,Verified Engaged,Motional,JUN-2025,17:06,Paradise,NV,Intersection,SUV,No Injured Reported,"[REDACTED, MAY CONTAIN CONFIDENTIAL BUSINESS INFORMATION]",raw/SGO/SGO-2021-01_Incident_Reports_ADS.csv
669-11335,2,Hyundai Motor America,Update,,,JUL-2025,Y,HYUNDAI,Ioniq 5,2024,ADS,Verified Engaged,Motional,JUN-2025,17:06,Paradise,NV,Intersection,SUV,No Injured Reported,"[REDACTED, MAY CONTAIN CONFIDENTIAL BUSINESS INFORMATION]",raw/SGO/SGO-2021-01_Incident_Reports_ADS.csv
669-1762,1,Hyundai Motor America,1-Day,,,NOV-2021,,Hyundai,Kona EV,2021,ADS,,Pony.ai,OCT-2021,,Fremont,CA,Unknown,Pole / Tree,No Injuries Reported,"No, see Narrative",raw/SGO/SGO-2021-01_Incident_Reports_ADS (1).csv
669-1762,2,Hyundai Motor America,10-Day Update,,,NOV-2021,,Hyundai,Kona EV,2021,ADS,,Pony.ai,OCT-2021,,Fremont,CA,Unknown,Pole / Tree,No Injuries Reported,"No, see Narrative",raw/SGO/SGO-2021-01_Incident_Reports_ADS (1).csv
669-1762,3,Hyundai Motor America,Update,12,2021,DEC-2021,,Hyundai,Kona EV,2021,ADS,,Pony.ai,OCT-2021,,Fremont,CA,Unknown,Pole / Tree,No Injuries Reported,"No, see Narrative",raw/SGO/SGO-2021-01_Incident_Reports_ADS (1).csv
669-5206,1,Hyundai Motor America,1-Day,,,APR-2023,,Hyundai,Santa Fe,2023,ADAS,,Hyundai Motor America,APR-2023,15:45,Gahanna,OH,Highway / Freeway,SUV,No Injuries Reported,"Unknown, see Narrative",raw/SGO/SGO-2021-01_Incident_Reports_ADS (1).csv
669-5206,2,Hyundai Motor America,10-Day Update,,,APR-2023,,Hyundai,Santa Fe,2023,ADAS,,Hyundai Motor America,APR-2023,15:45,Gahanna,OH,Highway / Freeway,SUV,No Injuries Reported,"Unknown, see Narrative",raw/SGO/SGO-2021-01_Incident_Reports_ADS (1).csv
669-5206,3,Hyundai Motor America,Update,,,MAY-2023,,Hyundai,Santa Fe,2023,ADAS,,Hyundai Motor America,APR-2023,15:45,Gahanna,OH,Highway / Freeway,SUV,No Injuries Reported,"Unknown, see Narrative",raw/SGO/SGO-2021-01_Incident_Reports_ADS (1).csv
669-5837,1,Hyundai Motor America,Monthly,7,2023,JUL-2023,,Hyundai,IONIQ 5,2021,ADS,,Motional,JUN-2023,21:42,Las Vegas,NV,Intersection,Passenger Car,Minor,"[REDACTED, MAY CONTAIN CONFIDENTIAL BUSINESS INFORMATION]",raw/SGO/SGO-2021-01_Incident_Reports_ADS (1).csv
669-6808,1,Hyundai Motor America,5-Day,,,DEC-2023,,Hyundai,IONIQ 5,2022,ADS,,Motional,DEC-2023,13:24,Las Vegas,NV,Intersection,SUV,No Injuries Reported,"[REDACTED, MAY CONTAIN CONFIDENTIAL BUSINESS INFORMATION]",raw/SGO/SGO-2021-01_Incident_Reports_ADS (1).csv
669-7320,1,Hyundai Motor America,Monthly,3,2024,MAR-2024,,Hyundai,IONIQ 5,2024,ADS,,Motional,FEB-2024,14:30,Las Vegas,NV,Street,Other Fixed Object,No Injuries Reported,"[REDACTED, MAY CONTAIN CONFIDENTIAL BUSINESS INFORMATION]",raw/SGO/SGO-2021-01_Incident_Reports_ADS (1).csv
669-8495,1,Hyundai Motor America,Monthly,9,2024,SEP-2024,,Hyundai,IONIQ 5,2024,ADS,,Motional,AUG-2024,10:38,Las Vegas,NV,Street,Other Fixed Object,No Injuries Reported,Yes,raw/SGO/SGO-2021-01_Incident_Reports_ADS (1).csv
669-8496,1,Hyundai Motor America,5-Day,,,SEP-2024,,Hyundai,IONIQ 5,2024,ADS,,Motional,SEP-2024,13:00,Las Vegas,NV,Intersection,Passenger Car,Moderate,Yes,raw/SGO/SGO-2021-01_Incident_Reports_ADS (1).csv
669-8496,2,Hyundai Motor America,10-Day Update,,,SEP-2024,,Hyundai,IONIQ 5,2024,ADS,,Motional,SEP-2024,13:00,Las Vegas,NV,Intersection,Passenger Car,Moderate,Yes,raw/SGO/SGO-2021-01_Incident_Reports_ADS (1).csv
669-9871,1,Hyundai Motor America,Monthly,1,2025,FEB-2025,,Hyundai,IONIQ 5,2024,ADS,,Motional,JAN-2025,08:12,Las Vegas,NV,Intersection,Passenger Car,No Injuries Reported,Yes,raw/SGO/SGO-2021-01_Incident_Reports_ADS (1).csv
753-7780,1,"Kia America, Inc.",1-Day,,,MAY-2024,,KIA,SPORTAGE,2023,ADAS,,,APR-2024,02:50,ST. CLAIR TOWNSHIP,MI,Street,Passenger Car,Moderate,"Unknown, see Narrative",raw/SGO/SGO-2021-01_Incident_Reports_ADS (1).csv
753-7780,2,"Kia America, Inc.",10-Day Update,,,JUN-2024,,KIA,SPORTAGE,2023,ADAS,,,APR-2024,02:50,ST. CLAIR TOWNSHIP,MI,Street,Passenger Car,Moderate,"Unknown, see Narrative",raw/SGO/SGO-2021-01_Incident_Reports_ADS (1).csv
855-10223,1,"Mercedes-Benz USA, LLC",Monthly,3,2025,MAR-2025,,Mercedes-Benz,S 580 4MATIC,2022,"Unknown, see Narrative",,NVIDIA,FEB-2025,14:17,Santa Clara,CA,Parking Lot,Passenger Car,No Injuries Reported,"[REDACTED, MAY CONTAIN CONFIDENTIAL BUSINESS INFORMATION]",raw/SGO/SGO-2021-01_Incident_Reports_ADS (1).csv
855-2464,1,"Mercedes-Benz USA, LLC",1-Day,,,MAR-2022,,Mercedes-Benz,EQS 450 4Matic,,ADS,,Mercedes-Benz,MAR-2022,08:50,Los Angeles,CA,Parking Lot,"Other, see Narrative",Minor,"[REDACTED, MAY CONTAIN CONFIDENTIAL BUSINESS INFORMATION]",raw/SGO/SGO-2021-01_Incident_Reports_ADS (1).csv
855-2464,2,"Mercedes-Benz USA, LLC",10-Day Update,,,MAR-2022,,Mercedes-Benz,EQS 450 4Matic,,ADS,,Mercedes-Benz,MAR-2022,08:50,Los Angeles,CA,Parking Lot,"Other, see Narrative",Minor,"[REDACTED, MAY CONTAIN CONFIDENTIAL BUSINESS INFORMATION]",raw/SGO/SGO-2021-01_Incident_Reports_ADS (1).csv
855-3183,1,"Mercedes-Benz USA, LLC",Monthly,6,2022,JUN-2022,,Mercedes-Benz,S350D,2022,ADS,,Mercedes-Benz Research and Development NA,MAY-2022,15:05,Commerce,CA,Highway / Freeway,Heavy Truck,No Injuries Reported,"[REDACTED, MAY CONTAIN CONFIDENTIAL BUSINESS INFORMATION]",raw/SGO/SGO-2021-01_Incident_Reports_ADS (1).csv
855-3183,2,"Mercedes-Benz USA, LLC",Update,,,JUN-2022,,Mercedes-Benz,S350D,2022,ADS,,Mercedes-Benz Research and Development NA,MAY-2022,15:05,Commerce,CA,Highway / Freeway,Heavy Truck,No Injuries Reported,"[REDACTED, MAY CONTAIN CONFIDENTIAL BUSINESS INFORMATION]",raw/SGO/SGO-2021-01_Incident_Reports_ADS (1).csv
855-4460,1,"Mercedes-Benz USA, LLC",Monthly,12,2022,DEC-2022,,Mercedes-Benz,S450,2021,"Unknown, see Narrative",,NVIDIA,NOV-2022,17:20,San Jose,CA,Highway / Freeway,Pickup Truck,No Injuries Reported,"No, see Narrative",raw/SGO/SGO-2021-01_Incident_Reports_ADS (1).csv
855-5055,1,"Mercedes-Benz USA, LLC",Monthly,3,2023,MAR-2023,,Mercedes-Benz,S580,2021,ADS,,Mercedes-Benz Research and Development North America,FEB-2023,08:25,Downey,CA,Highway / Freeway,Heavy Truck,No Injuries Reported,Yes,raw/SGO/SGO-2021-01_Incident_Reports_ADS (1).csv
855-5058,1,"Mercedes-Benz USA, LLC",Monthly,3,2023,MAR-2023,,Mercedes-Benz,S580,2022,"Unknown, see Narrative",,Mercedes-Benz Research and Development North America,FEB-2023,15:10,Gardena,CA,Highway / Freeway,SUV,No Injuries Reported,"No, see Narrative",raw/SGO/SGO-2021-01_Incident_Reports_ADS (1).csv
855-6288,1,"Mercedes-Benz USA, LLC",Monthly,9,2023,SEP-2023,,Mercedes-Benz,S 580 4Matic,2021,ADS,,Mercedes-Benz RD NA,AUG-2023,13:40,Los Angeles,CA,Highway / Freeway,Van,Minor,"[REDACTED, MAY CONTAIN CONFIDENTIAL BUSINESS INFORMATION]",raw/SGO/SGO-2021-01_Incident_Reports_ADS (1).csv
988-10265,1,PACCAR Incorporated,Monthly,3,2025,MAR-2025,,Kenworth,T680,2023,ADS,,"Kodiak Robotics, Inc.",MAR-2025,14:20,Odessa,TX,Highway / Freeway,Heavy Truck,No Injuries Reported,Yes,raw/SGO/SGO-2021-01_Incident_Reports_ADS (1).csv
988-10802,1,PACCAR Incorporated,Monthly,5,2025,MAY-2025,,Peterbilt,579,2024,ADS,,"Aurora Operations, Inc.",APR-2025,15:57,Centerville,TX,Highway / Freeway,"Other, see Narrative",No Injuries Reported,Yes,raw/SGO/SGO-2021-01_Incident_Reports_ADS (1).csv
988-3684,1,PACCAR Incorporated,Monthly,8,2022,AUG-2022,,Kenworth,T680,2022,ADS,,"Kodiak Robotics, Inc.",AUG-2022,18:00,Palmer,TX,Highway / Freeway,Pickup Truck,No Injuries Reported,Yes,raw/SGO/SGO-2021-01_Incident_Reports_ADS (1).csv
988-3684,2,PACCAR Incorporated,Update,8,2022,SEP-2022,,Kenworth,T680,2022,ADS,,"Kodiak Robotics, Inc.",AUG-2022,18:00,Palmer,TX,Highway / Freeway,Pickup Truck,No Injuries Reported,Yes,raw/SGO/SGO-2021-01_Incident_Reports_ADS (1).csv
988-4816,1,PACCAR Incorporated,Monthly,2,2023,MAR-2023,,Kenworth Motor Truck Co,T680,2023,ADS,,"Kodiak Robotics, Inc.",FEB-2023,10:15,Waxahachie,TX,Highway / Freeway,SUV,No Injuries Reported,Yes,raw/SGO/SGO-2021-01_Incident_Reports_ADS (1).csv
988-5310,1,PACCAR Incorporated,Monthly,4,2023,APR-2023,,Peterbilt,579,2022,"Unknown, see Narrative",,"Aurora Operations, Inc.",MAR-2023,8:01,Weatherford,TX,Highway / Freeway,Passenger Car,No Injuries Reported,Yes,raw/SGO/SGO-2021-01_Incident_Reports_ADS (1).csv
988-6565,1,PACCAR Incorporated,Monthly,10,2023,NOV-2023,,KENWORTH,T680,2019,ADS,,"Kodiak Robotics, Inc.",OCT-2023,15:08,Fort Worth,TX,Highway / Freeway,Heavy Truck,No Injuries Reported,Yes,raw/SGO/SGO-2021-01_Incident_Reports_ADS (1).csv
988-6859,1,PACCAR Incorporated,Monthly,12,2023,DEC-2023,,Peterbilt,579,2023,ADS,,"Aurora Operations, Inc.",NOV-2023,09:56,Ranger,TX,Highway / Freeway,Pickup Truck,No Injuries Reported,Yes,raw/SGO/SGO-2021-01_Incident_Reports_ADS (1).csv
988-7317,1,PACCAR Incorporated,Monthly,3,2024,MAR-2024,,Peterbilt,579,2023,ADS,,"Aurora Operations, Inc.",FEB-2024,14:03,Streetman,TX,Highway / Freeway,Heavy Truck,No Injuries Reported,Yes,raw/SGO/SGO-2021-01_Incident_Reports_ADS (1).csv
988-7550,1,PACCAR Incorporated,Monthly,4,2024,APR-2024,,Peterbilt,579,2023,ADS,,"Aurora Operations, Inc.",MAR-2024,13:52,Barstow,TX,Highway / Freeway,Passenger Car,No Injuries Reported,Yes,raw/SGO/SGO-2021-01_Incident_Reports_ADS (1).csv
988-7703,1,PACCAR Incorporated,Monthly,5,2024,MAY-2024,,Peterbilt,579,2024,ADS,,"Aurora Operations, Inc.",APR-2024,10:56,Conroe,TX,Highway / Freeway,"Other, see Narrative",No Injuries Reported,Yes,raw/SGO/SGO-2021-01_Incident_Reports_ADS (1).csv
988-7915,1,PACCAR Incorporated,Monthly,6,2024,JUN-2024,,Peterbilt,579,2024,ADS,,"Aurora Operations, Inc.",JUN-2024,13:19,SPRING,TX,Highway / Freeway,"Other, see Narrative",No Injuries Reported,Yes,raw/SGO/SGO-2021-01_Incident_Reports_ADS (1).csv
988-7916,1,PACCAR Incorporated,Monthly,6,2024,JUN-2024,,Peterbilt,579,2024,ADS,,"Aurora Operations, Inc.",MAY-2024,03:09,Rice,TX,Highway / Freeway,Animal,No Injuries Reported,Yes,raw/SGO/SGO-2021-01_Incident_Reports_ADS (1).csv
988-8119,1,PACCAR Incorporated,Monthly,7,2024,JUL-2024,,Peterbilt,579,2024,ADS,,"Aurora Operations, Inc.",JUN-2024,23:14,Huntsville,TX,Highway / Freeway,"Other, see Narrative",No Injuries Reported,Yes,raw/SGO/SGO-2021-01_Incident_Reports_ADS (1).csv
988-8590,1,PACCAR Incorporated,Monthly,9,2024,SEP-2024,,Peterbilt,579,2023,ADS,,"Aurora Operations, Inc.",SEP-2024,13:59,Ennis,TX,Highway / Freeway,"Other, see Narrative",No Injuries Reported,Yes,raw/SGO/SGO-2021-01_Incident_Reports_ADS (1).csv
988-8592,1,PACCAR Incorporated,Monthly,9,2024,SEP-2024,,Peterbilt,579,2024,ADS,,"Aurora Operations, Inc.",SEP-2024,09:27,Buffalo,TX,Highway / Freeway,"Other, see Narrative",No Injuries Reported,Yes,raw/SGO/SGO-2021-01_Incident_Reports_ADS (1).csv
988-8593,1,PACCAR Incorporated,Monthly,9,2024,SEP-2024,,Peterbilt,579,2024,ADS,,"Aurora Operations, Inc.",AUG-2024,09:10,Centerville,TX,Highway / Freeway,"Other, see Narrative",No Injuries Reported,Yes,raw/SGO/SGO-2021-01_Incident_Reports_ADS (1).csv
988-8810,1,PACCAR Incorporated,Monthly,10,2024,OCT-2024,,Peterbilt,579,2023,ADS,,"Aurora Operations, Inc.",SEP-2024,22:34,Huntsville,TX,Highway / Freeway,"Other, see Narrative",No Injuries Reported,Yes,raw/SGO/SGO-2021-01_Incident_Reports_ADS (1).csv
988-9101,1,PACCAR Incorporated,Monthly,11,2024,NOV-2024,,Kenworth,T680,2022,ADS,,"Kodiak-Robotics, Inc.",OCT-2024,12:38,Gainesville,TX,Highway / Freeway,Other Fixed Object,No Injuries Reported,Yes,raw/SGO/SGO-2021-01_Incident_Reports_ADS (1).csv
988-9119,1,PACCAR Incorporated,Monthly,11,2024,NOV-2024,,Peterbilt,579,2023,ADS,,"Aurora Operations, Inc",OCT-2024,3:29,Streetman,TX,Highway / Freeway,Animal,No Injuries Reported,Yes,raw/SGO/SGO-2021-01_Incident_Reports_ADS (1).csv
988-9972,1,PACCAR Incorporated,Monthly,2,2025,FEB-2025,,Peterbilt,579,2024,ADS,,"Aurora Operations, Inc.",JAN-2025,08:18,Spring,TX,Highway / Freeway,"Other, see Narrative",No Injuries Reported,Yes,raw/SGO/SGO-2021-01_Incident_Reports_ADS (1).csv
988-9975,1,PACCAR Incorporated,Monthly,2,2025,FEB-2025,,Kenworth,T680,2020,ADS,,"Kodiak Robotics,Inc.",FEB-2025,19:08,Thackerville,OK,Highway / Freeway,Heavy Truck,No Injuries Reported,Yes,raw/SGO/SGO-2021-01_Incident_Reports_ADS (1).csv
