incident_id,incident_id_source,incident_date,city,state,reporting_entities,report_ids,same_vehicle_ids,severity,make,model,crash_with,roadway_type,automation_system_engaged,within_odd,report_count
REPORT:33257-8085,Report ID fallback,,Valencia,CA,"VinFast Auto, LLC",33257-8085,9b63a2674f06654,No Injuries Reported,Vinfast,VF8,"Other, see Narrative",Intersection,ADAS,Yes,1
005df94ebd26d4e,NHTSA Same Incident ID,APR-2022,San Francisco,CA,Waymo LLC,30270-2793,fcd7d30508e9fce,No Injuries Reported,Jaguar,I-Pace,"Other, see Narrative",Parking Lot,ADS,Yes,1
0154ad8a3896f31,NHTSA Same Incident ID,APR-2022,San Francisco,CA,Waymo LLC,30270-3011,778fffc33261129,No Injuries Reported,Jaguar,I-Pace,Pickup Truck,Street,ADS,Yes,1
059363eb92eeb8d,NHTSA Same Incident ID,APR-2022,San Francisco,CA,"Cruise LLC;General Motors, LLC",30412-2885;540-2925,32757d7928fd658,No Injuries Reported,Cruise,AV,Passenger Car,Intersection,ADS,"[REDACTED, MAY CONTAIN CONFIDENTIAL BUSINESS INFORMATION]",2
2d91b0082b762ab,NHTSA Same Incident ID,APR-2022,San Francisco,CA,"Cruise LLC;General Motors, LLC",30412-2888;540-2928,4ede896caa0dd6e,No Injuries Reported,Cruise,AV,Passenger Car,Street,ADS,"[REDACTED, MAY CONTAIN CONFIDENTIAL BUSINESS INFORMATION]",2
59d489f93e681d4,NHTSA Same Incident ID,APR-2022,Tucson,AZ,"Navistar, Inc.;TuSimple",10003-3210;30370-2949,19fed228241ac11,No Injuries Reported,International,LT625,Other Fixed Object,Highway / Freeway,"Unknown, see Narrative",Yes,2
5eaff10802702c1,NHTSA Same Incident ID,APR-2022,Phoenix,AZ,Waymo LLC,30270-3010,abe8cab2679e248,No Injuries Reported,Jaguar,I-Pace,Animal,Street,ADS,Yes,1
71ebd2790c0a3b9,NHTSA Same Incident ID,APR-2022,San Francisco,CA,Transdev Alternative Services;Waymo LLC,30270-2818;30531-2822,f5166bf634e8c45,No Injuries Reported,Jaguar,I-Pace,SUV,Street,ADS,Yes,2
7b3835d9afdf5e9,NHTSA Same Incident ID,APR-2022,San Francisco,CA,"Cruise LLC;General Motors, LLC",30412-2887;540-2927,e380a71d5a2e209,No Injuries Reported,Cruise,AV,Passenger Car,Street,ADS,"[REDACTED, MAY CONTAIN CONFIDENTIAL BUSINESS INFORMATION]",2
8776dfb913c3859,NHTSA Same Incident ID,APR-2022,San Francisco,CA,"Cruise LLC;General Motors, LLC",30412-2823;540-2827,a801d32780dfb7f,No Injuries Reported,Cruise,AV,Passenger Car,Intersection,ADS,"[REDACTED, MAY CONTAIN CONFIDENTIAL BUSINESS INFORMATION]",2
96436de08bdb31e,NHTSA Same Incident ID,APR-2022,San Francisco,CA,"Zoox, Inc.",30610-2913,b945b25a6ee0e06,No Injuries Reported,Toyota,Highlander,Passenger Car,Intersection,ADS,Yes,1
9f21c8535dd6f30,NHTSA Same Incident ID,APR-2022,Saint Clair,MI,"Chrysler (FCA US, LLC)",273-2632,ab99e94b2b40e97,No Injuries Reported,Jeep,Grand Cherokee,Other Fixed Object,Unknown,ADAS,"Unknown, see Narrative",1
a64835cbf9811d8,NHTSA Same Incident ID,APR-2022,San Francisco,CA,Waymo LLC,30270-2610,d486f6b56e17cbc,No Injuries Reported,Jaguar,I-Pace,Passenger Car,Intersection,ADS,Yes,1
a773c7629437fd1,NHTSA Same Incident ID,APR-2022,San Francisco,CA,"Cruise LLC;General Motors, LLC",30412-2884;540-2907,4306ea5c865ff73,No Injuries Reported,Cruise,AV,SUV,Intersection,ADS,"[REDACTED, MAY CONTAIN CONFIDENTIAL BUSINESS INFORMATION]",2
b35fd97d24c2500,NHTSA Same Incident ID,APR-2022,Phoenix,AZ,Waymo LLC,30270-2657,806445927154e05,No Injuries Reported,Jaguar,I-Pace,Motorcycle,Intersection,ADS,Yes,1
bfe1f6e953a7063,NHTSA Same Incident ID,APR-2022,San Francisco,CA,"Cruise LLC;General Motors, LLC",30412-2886;540-2926,80d271b9f0d3d5c,No Injuries Reported,Cruise,AV,Passenger Car,Street,ADS,"[REDACTED, MAY CONTAIN CONFIDENTIAL BUSINESS INFORMATION]",2
de2cefe32ddb0ed,NHTSA Same Incident ID,APR-2022,San Francisco,CA,Waymo LLC,30270-2743,fc507050d262298,Minor,Jaguar,I-Pace,Pickup Truck,Intersection,ADS,Yes,1
e02ac2db7471ebc,NHTSA Same Incident ID,APR-2022,Miliptas,CA,Pony.ai,30711-2862,47e9d5989e5a912,No Injuries Reported,Hyundai,Kona EV,Passenger Car,Parking Lot,ADS,Yes,1
fd2808a42e30ceb,NHTSA Same Incident ID,APR-2022,San Francisco,CA,Waymo LLC,30270-3009,2a870b4e4109a7b,No Injuries Reported,Jaguar,I-Pace,Passenger Car,Intersection,ADS,Yes,1
fe401a0077fd15d,NHTSA Same Incident ID,APR-2022,San Francisco,CA,Waymo LLC,30270-2646,e99629229709aa3,No Injuries Reported,Jaguar,I-Pace,Passenger Car,Intersection,ADS,Yes,1
010fdfbd6af2798,NHTSA Same Incident ID,APR-2023,Mesa,AZ,"Cruise LLC;General Motors, LLC",30412-5462;540-5492,32757d7928fd658,No Injuries Reported,Cruise,AV,"Other, see Narrative",Street,ADS,"[REDACTED, MAY CONTAIN CONFIDENTIAL BUSINESS INFORMATION]",2
07bb2ce18fb1861,NHTSA Same Incident ID,APR-2023,San Francisco,CA,"Cruise LLC;General Motors, LLC",30412-5459;540-5489,bea6c77e2f53859,No Injuries Reported,Cruise,AV,"Other, see Narrative",Intersection,ADS,"[REDACTED, MAY CONTAIN CONFIDENTIAL BUSINESS INFORMATION]",2
157c3bf1bb69649,NHTSA Same Incident ID,APR-2023,Austin,TX,"Cruise LLC;General Motors, LLC",30412-5287;540-5296,8aae92901672e74,No Injuries Reported,Cruise,AV,Passenger Car,Street,ADS,"[REDACTED, MAY CONTAIN CONFIDENTIAL BUSINESS INFORMATION]",2
16261e64b50feb6,NHTSA Same Incident ID,APR-2023,San Francisco,CA,Transdev Alternative Services;Waymo LLC,30270-5584;30531-5605,415510c86f8a0cf,No Injuries Reported,Jaguar,I-PACE,SUV,Intersection,ADS,Yes,2
182efd0e7948c2d,NHTSA Same Incident ID,APR-2023,Phoenix,AZ,Waymo LLC,30270-5591,751464043310771,No Injuries Reported,Jaguar,I-PACE,Van,Intersection,ADS,Yes,1
1d245f18d9df615,NHTSA Same Incident ID,APR-2023,Ann Arbor,MI,May Mobility,30413-5396,cb6e38b363be262,No Injuries Reported,Lexus,RX450h,Passenger Car,Street,ADS,Yes,1
42bfe841ab28024,NHTSA Same Incident ID,APR-2023,Gahanna,OH,Hyundai Motor America,669-5206,d57542136543b5c,No Injuries Reported,Hyundai,Santa Fe,SUV,Highway / Freeway,ADAS,"Unknown, see Narrative",1
4878736008532f6,NHTSA Same Incident ID,APR-2023,San Francisco,CA,"Cruise LLC;General Motors, LLC",30412-5458;540-5488,f7acc9b8893549e,No Injuries Reported,Cruise,AV,SUV,Street,ADS,"[REDACTED, MAY CONTAIN CONFIDENTIAL BUSINESS INFORMATION]",2
5b9c3b0562e5b31,NHTSA Same Incident ID,APR-2023,San Francisco,CA,"Cruise LLC;General Motors, LLC",30412-5461;540-5491,86ea5dc268d8537,No Injuries Reported,Cruise,AV,Passenger Car,Intersection,ADS,"[REDACTED, MAY CONTAIN CONFIDENTIAL BUSINESS INFORMATION]",2
6fdb3294838ba48,NHTSA Same Incident ID,APR-2023,San Francisco,CA,Waymo LLC,30270-5593,39cc9faced8effe,No Injuries Reported,Jaguar,I-PACE,SUV,Intersection,ADS,Yes,1
7855eea3f17e0f0,NHTSA Same Incident ID,APR-2023,San Francisco,CA,Waymo LLC,30270-5208,85a9f39d9ae609d,No Injuries Reported,Jaguar,I-Pace,Heavy Truck,Street,ADS,Yes,1
90144b3b43ae60a,NHTSA Same Incident ID,APR-2023,San Francisco,CA,Transdev Alternative Services;Waymo LLC,30270-5202;30531-5205,7c9debf78e8ce32,No Injuries Reported,Jaguar,I-Pace,Passenger Car,Intersection,ADS,Yes,2
9d6541528d1b103,NHTSA Same Incident ID,APR-2023,Tempe,AZ,Waymo LLC,30270-5588,4173e3f94e6d2cd,No Injuries Reported,Chrysler,Pacifica,Passenger Car,Intersection,ADS,Yes,1
d4c09da0782938d,NHTSA Same Incident ID,APR-2023,Santa Monica,CA,Transdev Alternative Services;Waymo LLC,30270-5586;30531-5604,076a0682d278cf7,No Injuries Reported,Jaguar,I-PACE,SUV,Intersection,ADS,Yes,2
e856cba9a39d8d1,NHTSA Same Incident ID,APR-2023,San Francisco,CA,"Cruise LLC;General Motors, LLC",30412-5220;540-5227,7ac71fdeaba0467,No Injuries Reported,Cruise,AV,Passenger Car,Intersection,ADS,"[REDACTED, MAY CONTAIN CONFIDENTIAL BUSINESS INFORMATION]",2
e8e2e51ebce016a,NHTSA Same Incident ID,APR-2023,San Francisco,CA,"Zoox, Inc.",30610-5232,3a51469eb6f2491,No Injuries Reported,Toyota,Highlander,"Other, see Narrative",Intersection,ADS,Yes,1
f33492b4c98bb33,NHTSA Same Incident ID,APR-2023,Austin,TX,"Cruise LLC;General Motors, LLC",30412-5288;540-5297,66456c29dc6d465,No Injuries Reported,Cruise,AV,Passenger Car,Street,ADS,"[REDACTED, MAY CONTAIN CONFIDENTIAL BUSINESS INFORMATION]",2
fdf7cea0641af7a,NHTSA Same Incident ID,APR-2023,San Francisco,CA,"Cruise LLC;General Motors, LLC",30412-5460;540-5490,4d8656e492fae29,No Injuries Reported,Cruise,AV,Passenger Car,Street,ADS,"[REDACTED, MAY CONTAIN CONFIDENTIAL BUSINESS INFORMATION]",2
fe051bc946e7741,NHTSA Same Incident ID,APR-2023,San Francisco,CA,Waymo LLC,30270-5592,4fb647281cb3ccc,No Injuries Reported,Jaguar,I-PACE,SUV,Street,ADS,Yes,1
1bcec164d80d77e,NHTSA Same Incident ID,APR-2024,San Francisco,CA,Waymo LLC,30270-7425,5a236eb76dca3f5,No Injuries Reported,Jaguar,I-Pace,Heavy Truck,Intersection,ADS,Yes,1
1fd8c583c2ad222,NHTSA Same Incident ID,APR-2024,Santa Monica,CA,Waymo LLC,30270-7729,f5bb635090c4b1a,No Injuries Reported,Jaguar,I-Pace,"Other, see Narrative",Parking Lot,ADS,Yes,1
23d6f58677eeb78,NHTSA Same Incident ID,APR-2024,Chandler,AZ,Waymo LLC,30270-7721,539ccc1f53d0028,No Injuries Reported,Jaguar,I-Pace,Passenger Car,Parking Lot,ADS,Yes,1
31362e0be491cc1,NHTSA Same Incident ID,APR-2024,ST. CLAIR TOWNSHIP,MI,"Kia America, Inc.",753-7780,8887cd63fa4dab6,Moderate,KIA,SPORTAGE,Passenger Car,Street,ADAS,"Unknown, see Narrative",1
39987aac7f64fd3,NHTSA Same Incident ID,APR-2024,Conroe,TX,"Aurora Operations, Inc.;PACCAR Incorporated",30530-7680;988-7703,ee340784e6b5cdb,No Injuries Reported,Peterbilt,Peterbilt 579,"Other, see Narrative",Highway / Freeway,ADS,Yes,2
3d0d3a054e0997a,NHTSA Same Incident ID,APR-2024,San Francisco,CA,Waymo LLC,30270-7727,a8c40b8662504c0,No Injuries Reported,Jaguar,I-Pace,Passenger Car,Intersection,ADS,Yes,1
40a190672b5a3d9,NHTSA Same Incident ID,APR-2024,Paradise Valley,AZ,Waymo LLC,30270-9192,942fcba2afe02af,No Injuries Reported,Jaguar,I-Pace,Other Fixed Object,Parking Lot,ADS,Yes,1
4da91e509f90137,NHTSA Same Incident ID,APR-2024,San Francisco,CA,Transdev Alternative Services;Waymo LLC,30270-7725;30531-7732,b7b40f70f5e3f4f,No Injuries Reported,Jaguar,I-Pace,Heavy Truck,Street,ADS,Yes,2
534bef0e0babf42,NHTSA Same Incident ID,APR-2024,Phoenix,AZ,Waymo LLC,30270-7720,9df799516bace2a,No Injuries Reported,Jaguar,I-Pace,Pickup Truck,Intersection,ADS,Yes,1
6cc2c65c334671d,NHTSA Same Incident ID,APR-2024,Miami,FL,May Mobility,30413-7704,edae6220ea28192,No Injuries Reported,Toyota,Sienna,Van,Intersection,ADS,Yes,1
6e2942581c16d45,NHTSA Same Incident ID,APR-2024,San Francisco,CA,Waymo LLC,30270-7728,374eec2914ce79c,No Injuries Reported,Jaguar,I-Pace,SUV,Parking Lot,ADS,Yes,1
747a10541edff5d,NHTSA Same Incident ID,APR-2024,Austin,TX,"Volkswagen Group of America, Inc.",1420-7671,fe576f7e0cb214e,No Injuries Reported,Volkswagen,ID.Buzz,Passenger Car,Street,ADS,Yes,1
82ecf2521cd5c8e,NHTSA Same Incident ID,APR-2024,San Francisco,CA,"Zoox, Inc.",30610-7589,31d0b50db6b4597,Minor,Toyota,Highlander,Motorcycle,Intersection,ADS,Yes,1
8894cbcbca3e974,NHTSA Same Incident ID,APR-2024,San Francisco,CA,Waymo LLC,30270-7726,658c7c13f13b1e7,No Injuries Reported,Jaguar,I-Pace,Passenger Car,Intersection,ADS,Yes,1
REPORT:33175-9305,Report ID fallback,APR-2024,Austin,TX,Mobileye Vision Technologies,33175-9305,,No Injuries Reported,Volkswagen,ID.Buzz,Passenger Car,Street,ADS,"Unknown, see Narrative",1
a673fcc54f6f312,NHTSA Same Incident ID,APR-2024,San Francisco,CA,Waymo LLC,30270-7722,8d2c8e1b95ad195,Minor,Jaguar,I-Pace,Passenger Car,Street,ADS,Yes,1
a94ca9b253c5105,NHTSA Same Incident ID,APR-2024,San Francisco,CA,Waymo LLC,30270-7573,778fffc33261129,No Injuries Reported,Jaguar,I-Pace,Passenger Car,Intersection,ADS,Yes,1
bbc64d97c10bd0b,NHTSA Same Incident ID,APR-2024,San Francisco,CA,Waymo LLC,30270-7724,d4e22689b56b6e4,No Injuries Reported,Jaguar,I-Pace,Pickup Truck,Street,ADS,Yes,1
d877dc9952ead25,NHTSA Same Incident ID,APR-2024,Spring Valley,NV,"Zoox, Inc.",30610-7578,2011e07aac8b837,Minor,Toyota,Highlander,Motorcycle,Street,ADS,Yes,1
ea0749fade5c167,NHTSA Same Incident ID,APR-2024,San Francisco,CA,Waymo LLC,30270-7719,3f5fcc5eb933007,No Injuries Reported,Jaguar,I-Pace,Passenger Car,Intersection,ADS,Yes,1
eb41f5ed6435ed8,NHTSA Same Incident ID,APR-2024,San Francisco,CA,Waymo LLC,30270-7551,0b5928ebbbcf89a,No Injuries Reported,Jaguar,I-Pace,Pickup Truck,Street,ADS,Yes,1
f1ec18cb75ea63a,NHTSA Same Incident ID,APR-2024,Las Vegas,NV,"Zoox, Inc.",30610-7674,b95e440cb6696d4,No Injuries Reported,Toyota,Highlander,Passenger Car,Intersection,ADS,Yes,1
00c66c34c4474a1,NHTSA Same Incident ID,APR-2025,Los Angeles,CA,Waymo LLC,30270-10648,e80cd9fc5ca240e,No Injuries Reported,Jaguar,I-Pace,Passenger Car,Street,ADS,Yes,1
056a942c8c8d3c9,NHTSA Same Incident ID,APR-2025,Los Angeles,CA,Waymo LLC,30270-10685,2be1b9a39636830,No Injuries Reported,Jaguar,I-PACE,SUV,Street,ADS,Yes,1
09e260ff04fde7e,NHTSA Same Incident ID,APR-2025,San Francisco,CA,Waymo LLC,30270-10754,356f5c95bf804e5,No Injuries Reported,Jaguar,I-PACE,Bus,Intersection,ADS,Yes,1
0df7386b2e121f4,NHTSA Same Incident ID,APR-2025,San Francisco,CA,Waymo LLC,30270-10755,514b6838e6ddc6e,No Injuries Reported,Jaguar,I-PACE,SUV,Parking Lot,ADS,Yes,1
11907705768898a,NHTSA Same Incident ID,APR-2025,Austin,TX,Waymo LLC,30270-10800,5fe5a739dad0e4a,No Injuries Reported,Jaguar,I-Pace,Passenger Car,Street,ADS,Yes,1
19b3e103282a660,NHTSA Same Incident ID,APR-2025,Atlanta,GA,Waymo LLC,30270-10561,a73af3aabb5cf29,No Injuries Reported,Jaguar,I-PACE,Other Fixed Object,Street,ADS,Yes,1
1e50d4eb4d0bbd7,NHTSA Same Incident ID,APR-2025,San Francisco,CA,Waymo LLC,30270-10638,4428f871e71092a,No Injuries Reported,Jaguar,I-Pace,Motorcycle,Street,ADS,Yes,1
1f374cfdfc4a97e,NHTSA Same Incident ID,APR-2025,San Francisco,CA,Waymo LLC,30270-10600,ebda0b5465bb521,No Injuries Reported,Jaguar,I-PACE,Passenger Car,Street,ADS,Yes,1
2793db955371f40,NHTSA Same Incident ID,APR-2025,San Francisco,CA,Waymo LLC,30270-10680,356f5c95bf804e5,No Injuries Reported,Jaguar,I-Pace,SUV,Intersection,ADS,Yes,1
285179add9a2301,NHTSA Same Incident ID,APR-2025,Los Angeles,CA,Waymo LLC,30270-10576,e8a14d65bfa0fc4,No Injuries Reported,Jaguar,I-Pace,Pickup Truck,Street,ADS,Yes,1
2af6f9baf72782b,NHTSA Same Incident ID,APR-2025,San Francisco,CA,Waymo LLC,30270-10792,f1fbcd0fc9ffdd2,No Injuries Reported,Jaguar,I-Pace,Van,Street,ADS,Yes,1
2b08326e556afc7,NHTSA Same Incident ID,APR-2025,San Francisco,CA,Waymo LLC,30270-10678,006ffe23c5da72b,No Injuries Reported,Jaguar,I-Pace,SUV,Street,ADS,Yes,1
2ea8a855b7379fa,NHTSA Same Incident ID,APR-2025,San Francisco,CA,Waymo LLC,30270-10649,2c2f75d23c37307,No Injuries Reported,Jaguar,I-Pace,Passenger Car,Street,ADS,Yes,1
301c535041d56a9,NHTSA Same Incident ID,APR-2025,San Francisco,CA,Waymo LLC,30270-10419,acbc4e0db69cef8,No Injuries Reported,Jaguar,I-PACE,Passenger Car,Street,ADS,Yes,1
3250f12d8808f2a,NHTSA Same Incident ID,APR-2025,Venice,CA,Waymo LLC,30270-10615,7ee7c4e46749510,No Injuries Reported,Jaguar,I-PACE,Passenger Car,Parking Lot,ADS,Yes,1
338a4cb5b1c8f1c,NHTSA Same Incident ID,APR-2025,Austin,TX,Waymo LLC,30270-10557,a4a290ec3edccd1,No Injuries Reported,Jaguar,I-Pace,Passenger Car,Intersection,ADS,Yes,1
3444f2a4b6c46e8,NHTSA Same Incident ID,APR-2025,Tempe,AZ,Waymo LLC,30270-10631,97d63549c1b4f56,No Injuries Reported,Jaguar,I-PACE,"Other, see Narrative",Parking Lot,ADS,Yes,1
36299db7911dfd0,NHTSA Same Incident ID,APR-2025,San Francisco,CA,Waymo LLC,30270-10497,b6ab54ad1accaba,No Injuries Reported,Jaguar,I-Pace,Other Fixed Object,Street,ADS,Yes,1
37801826060a9bf,NHTSA Same Incident ID,APR-2025,Phoenix,AZ,Waymo LLC,30270-10589,3f1e3d345cb4788,No Injuries Reported,Jaguar,I-PACE,SUV,Parking Lot,ADS,Yes,1
37d2c7db4e66423,NHTSA Same Incident ID,APR-2025,San Francisco,CA,Waymo LLC,30270-10472,a408dead6df7aab,No Injuries Reported,Jaguar,I-PACE,Passenger Car,Intersection,ADS,Yes,1
37db47ec7473bdb,NHTSA Same Incident ID,APR-2025,San Francisco,CA,"Zoox, Inc.",30610-10823,f08f39cae35f65c,Minor,Toyota,Highlander,Passenger Car,Intersection,ADS,Yes,1
3cb4ac44e082069,NHTSA Same Incident ID,APR-2025,San Francisco,CA,Waymo LLC,30270-10750,af787839fce7dcd,No Injuries Reported,Jaguar,I-PACE,Passenger Car,Street,ADS,Yes,1
3d1197234733445,NHTSA Same Incident ID,APR-2025,San Francisco,CA,Waymo LLC,30270-10717,652e9973dc88545,No Injuries Reported,Jaguar,I-Pace,Passenger Car,Intersection,ADS,Yes,1
3e20827af0b4001,NHTSA Same Incident ID,APR-2025,Phoenix,AZ,Waymo LLC,30270-10556,3fa13431ff0349d,No Injuries Reported,Jaguar,I-Pace,Heavy Truck,Parking Lot,ADS,Yes,1
3e5d99121245470,NHTSA Same Incident ID,APR-2025,San Francisco,CA,Waymo LLC,30270-10602,de56029a676ce2f,No Injuries Reported,Jaguar,I-PACE,"Other, see Narrative",Street,ADS,Yes,1
3f3bf8d93dbfe14,NHTSA Same Incident ID,APR-2025,San Francisco,CA,Waymo LLC,30270-10671,fd0e441f48cee0d,No Injuries Reported,Jaguar,I-Pace,SUV,Street,ADS,Yes,1
4078857f3f1549d,NHTSA Same Incident ID,APR-2025,Los Angeles,CA,Waymo LLC,30270-10559,914f5e1aba32b51,No Injuries Reported,2024,I-PACE,SUV,Street,ADS,Yes,1
40db72302f3550d,NHTSA Same Incident ID,APR-2025,Phoenix,AZ,Waymo LLC,30270-10527,b19cc252a27de4e,No Injuries Reported,Jaguar,I-Pace,Pickup Truck,Street,ADS,Yes,1
414f456d7c90e56,NHTSA Same Incident ID,APR-2025,Tempe,AZ,Waymo LLC,30270-10471,900c3ace8a371fa,No Injuries Reported,Jaguar,I-PACE,"Other, see Narrative",Intersection,ADS,Yes,1
44aa78f82f08885,NHTSA Same Incident ID,APR-2025,Los Angeles,CA,Waymo LLC,30270-10690,09106b9119c28ba,Minor,Jaguar,I-PACE,Pickup Truck,Intersection,ADS,Yes,1
4b2292b18043e9e,NHTSA Same Incident ID,APR-2025,Austin,TX,Waymo LLC,30270-10760,58de7f4311cc07b,No Injuries Reported,Jaguar,I-PACE,Passenger Car,Street,ADS,Yes,1
4c39a0ef2652ee3,NHTSA Same Incident ID,APR-2025,San Francisco,CA,Waymo LLC,30270-10793,4edfc9e61ed6660,No Injuries Reported,Jaguar,I-PACE,Passenger Car,Street,ADS,Yes,1
541af028674029f,NHTSA Same Incident ID,APR-2025,San Francisco,CA,Waymo LLC,30270-10790,ee6ac5b4cf51a16,No Injuries Reported,Jaguar,I-PACE,SUV,Street,ADS,Yes,1
587f0e68b273edd,NHTSA Same Incident ID,APR-2025,Phoenix,AZ,Waymo LLC,30270-10594,a75d60c7abf421a,No Injuries Reported,Jaguar,I-PACE,Passenger Car,Intersection,ADS,Yes,1
5bfa8081ac63312,NHTSA Same Incident ID,APR-2025,San Francisco,CA,Waymo LLC,30270-10714,aca840db6563bbb,No Injuries Reported,Jaguar,I-Pace,Passenger Car,Street,ADS,Yes,1
5fbc5372ff3cbb0,NHTSA Same Incident ID,APR-2025,Scottsdale,AZ,Waymo LLC,30270-10558,788a4eb8ba61f72,No Injuries Reported,Jaguar,I-Pace,"Other, see Narrative",Highway / Freeway,ADS,Yes,1
66d1c511765f08f,NHTSA Same Incident ID,APR-2025,Beverly Hills,CA,Waymo LLC,30270-10684,f92efbd5b0ee84b,No Injuries Reported,Jaguar,I-Pace,Pickup Truck,Street,ADS,Yes,1
6788b2ddc444d5b,NHTSA Same Incident ID,APR-2025,Ann Arbor,MI,May Mobility,30413-10764,9c5785705dc5d3c,No Injuries Reported,Toyota,Sienna,Passenger Car,Intersection,ADS,Yes,1
6a37da9018a1580,NHTSA Same Incident ID,APR-2025,Phoenix,AZ,Waymo LLC,30270-11297,4ad5ae69bab291a,Property Damage. No Injured Reported,JAGUAR,I-PACE,"Other, see Narrative",Parking Lot,ADS,Yes,1
6d1ed008786c526,NHTSA Same Incident ID,APR-2025,Phoenix,AZ,Waymo LLC,30270-10640,7af0c529e6e4096,No Injuries Reported,Jaguar,I-Pace,SUV,Parking Lot,ADS,Yes,1
6ee77227e1964a8,NHTSA Same Incident ID,APR-2025,San Francisco,CA,Waymo LLC,30270-10758,3f44b4e54bd227a,No Injuries Reported,Jaguar,I-Pace,SUV,Street,ADS,Yes,1
6f14fafb6b8706a,NHTSA Same Incident ID,APR-2025,Atlanta,GA,May Mobility,30413-10763,c61027d6b726b73,No Injuries Reported,Toyota,Sienna,Passenger Car,Street,ADS,Yes,1
7308e86f6c4f636,NHTSA Same Incident ID,APR-2025,Los Angeles,CA,Waymo LLC,30270-10748,0be782898c8fe76,No Injuries Reported,Jaguar,I-PACE,SUV,Street,ADS,Yes,1
7a97ede1f489ead,NHTSA Same Incident ID,APR-2025,Austin,TX,Waymo LLC,30270-10718,52d57c1e31c422d,No Injuries Reported,Jaguar,I-Pace,Passenger Car,Street,ADS,Yes,1
7d1d8c6fbe521ce,NHTSA Same Incident ID,APR-2025,Tempe,AZ,Waymo LLC,30270-10595,d045d1be19ca968,No Injuries Reported,Jaguar,I-PACE,Passenger Car,Street,ADS,Yes,1
7d57ae266c261bc,NHTSA Same Incident ID,APR-2025,San Francisco,CA,Waymo LLC,30270-10573,5018c6c30df5a7f,No Injuries Reported,Jaguar,I-PACE,Passenger Car,Intersection,ADS,Yes,1
85694e67f3f1083,NHTSA Same Incident ID,APR-2025,San Francisco,CA,Waymo LLC,30270-10757,3da11dc7b261f13,No Injuries Reported,Jaguar,I-PACE,SUV,Street,ADS,Yes,1
86838265677b16b,NHTSA Same Incident ID,APR-2025,Austin,TX,Waymo LLC,30270-10725,ca62eeaf8438407,No Injuries Reported,Jaguar,I-Pace,Pickup Truck,Parking Lot,ADS,Yes,1
8932666da33677f,NHTSA Same Incident ID,APR-2025,San Francisco,CA,Waymo LLC,30270-10630,d532e82c07faf0b,No Injuries Reported,Jaguar,I-PACE,Passenger Car,Street,ADS,Yes,1
894062e6b5b6b77,NHTSA Same Incident ID,APR-2025,Los Angeles,CA,Waymo LLC,30270-10672,b9e96b138ab8e57,No Injuries Reported,Jaguar,I-Pace,SUV,Street,ADS,Yes,1
8b9ce97c9287d1e,NHTSA Same Incident ID,APR-2025,San Francisco,CA,Waymo LLC,30270-10761,271b9c634174ea8,No Injuries Reported,Jaguar,I-Pace,SUV,Intersection,ADS,Yes,1
8ce026066e22e1f,NHTSA Same Incident ID,APR-2025,Phoenix,AZ,Waymo LLC,30270-10749,99b39c0fae9a593,No Injuries Reported,Jaguar,I-PACE,Pickup Truck,Intersection,ADS,Yes,1
8d21cd6f8c174d6,NHTSA Same Incident ID,APR-2025,Phoenix,AZ,Waymo LLC,30270-10728,c773c65a2099d35,Minor,Jaguar,I-Pace,Pickup Truck,Intersection,ADS,Yes,1
8e7e78cafabfc2e,NHTSA Same Incident ID,APR-2025,Los Angeles,CA,Transdev Alternative Services;Waymo LLC,30270-10596;30531-10633,9ad5fce3469754b,No Injuries Reported,Zeekr,CM1e,Passenger Car,Parking Lot,ADS,Yes,2
8f4b14673f656c2,NHTSA Same Incident ID,APR-2025,San Francisco,CA,Waymo LLC,30270-10742,549dc088263cd26,No Injuries Reported,Jaguar,I-Pace,Pickup Truck,Street,ADS,Yes,1
9341d4360bf129b,NHTSA Same Incident ID,APR-2025,Los Angeles,CA,Waymo LLC,30270-10592,c19f62a289b1bf6,No Injuries Reported,Jaguar,I-PACE,Heavy Truck,Street,ADS,Yes,1
9463f912a3b86f9,NHTSA Same Incident ID,APR-2025,San Francisco,CA,Waymo LLC,30270-10756,55cc95b72bf834d,No Injuries Reported,Jaguar,I-PACE,SUV,Street,ADS,Yes,1
96656e088802e2e,NHTSA Same Incident ID,APR-2025,Culver City,CA,Waymo LLC,30270-10560,5d424419b264432,No Injuries Reported,Jaguar,I-PACE,SUV,Street,ADS,Yes,1
9960338dcb57750,NHTSA Same Incident ID,APR-2025,San Francisco,CA,Waymo LLC,30270-10408,439be6701a145ab,No Injuries Reported,Jaguar,I-PACE,Bus,Street,ADS,Yes,1
9f11231e2068dc2,NHTSA Same Incident ID,APR-2025,Austin,TX,Waymo LLC,30270-10598,da69575f49afa36,No Injuries Reported,Jaguar,I-PACE,Passenger Car,Intersection,ADS,Yes,1
9f24abe73cfc948,NHTSA Same Incident ID,APR-2025,San Francisco,CA,Waymo LLC,30270-10753,e1e1265b959c710,No Injuries Reported,Jaguar,I-PACE,SUV,Intersection,ADS,Yes,1
aa6cc345c62be58,NHTSA Same Incident ID,APR-2025,San Francisco,CA,Waymo LLC,30270-10470,16fe32d5f7a7853,No Injuries Reported,Jaguar,I-PACE,Passenger Car,Street,ADS,Yes,1
aef5f220ddcfff1,NHTSA Same Incident ID,APR-2025,San Francisco,CA,Waymo LLC,30270-10752,4fda5a69ad1163d,No Injuries Reported,Jaguar,I-PACE,SUV,Street,ADS,Yes,1
af131997df17829,NHTSA Same Incident ID,APR-2025,Venice,CA,Waymo LLC,30270-10599,0ef20cdc65d797c,No Injuries Reported,Jaguar,I-PACE,Van,Street,ADS,Yes,1
b6f8c5a9a4cdd22,NHTSA Same Incident ID,APR-2025,Centerville,TX,"Aurora Operations, Inc.;PACCAR Incorporated",30530-10791;988-10802,1029b2a7d8c28c9,No Injuries Reported,Peterbilt,579,"Other, see Narrative",Highway / Freeway,ADS,Yes,2
b9dd6d9b3dc26fd,NHTSA Same Incident ID,APR-2025,Phoenix,AZ,Waymo LLC,30270-10601,d707cc85570e9d9,No Injuries Reported,Jaguar,I-PACE,Passenger Car,Intersection,ADS,Yes,1
bd1ce4d304e6e1c,NHTSA Same Incident ID,APR-2025,San Francisco,CA,Waymo LLC,30270-10528,e46f47b5aae4a42,No Injuries Reported,Jaguar,I-Pace,SUV,Street,ADS,Yes,1
bed27662740a5e4,NHTSA Same Incident ID,APR-2025,San Francisco,CA,Waymo LLC,30270-10610,bab8eae754e6ce2,No Injuries Reported,Jaguar,I-PACE,SUV,Intersection,ADS,Yes,1
c08d233638f4698,NHTSA Same Incident ID,APR-2025,Scottsdale,AZ,Waymo LLC,30270-10422,8ea0174dd0121de,No Injuries Reported,Jaguar,I-PACE,SUV,Street,ADS,Yes,1
c0ab826dd6f7a39,NHTSA Same Incident ID,APR-2025,Los Angeles,CA,Waymo LLC,30270-10715,f07aedd654e601f,No Injuries Reported,Jaguar,I-Pace,Passenger Car,Street,ADS,Yes,1
c11ef1833b15d5e,NHTSA Same Incident ID,APR-2025,Scottsdale,AZ,Waymo LLC,30270-10570,ef666322b8a5cee,No Injuries Reported,Jaguar,I-Pace,SUV,Street,ADS,Yes,1
c167556cb883b32,NHTSA Same Incident ID,APR-2025,San Francisco,CA,Waymo LLC,30270-10396,1529671f5525447,No Injuries Reported,Jaguar,I-PACE,Motorcycle,Street,ADS,Yes,1
c1c73648661eb2b,NHTSA Same Incident ID,APR-2025,Santa Monica,CA,Waymo LLC,30270-10689,c05baf37966067f,No Injuries Reported,Jaguar,I-PACE,Heavy Truck,Street,ADS,Yes,1
c49c24770dd5ae0,NHTSA Same Incident ID,APR-2025,Detroit,MI,May Mobility,30413-10762,ceebe6bc6835051,No Injuries Reported,Toyota,Sienna,Passenger Car,Intersection,ADS,Yes,1
c78626dd832e68d,NHTSA Same Incident ID,APR-2025,San Francisco,CA,"Zoox, Inc.",30610-10824,3b8ca627dbcef01,Minor,Toyota,Highlander,Passenger Car,Street,ADS,Yes,1
c81082eafda6733,NHTSA Same Incident ID,APR-2025,San Francisco,CA,Waymo LLC,30270-10759,ebda0b5465bb521,No Injuries Reported,Jaguar,I-Pace,Pickup Truck,Intersection,ADS,Yes,1
d49861da8e9590f,NHTSA Same Incident ID,APR-2025,Austin,TX,Waymo LLC,30270-10618,c3bd85a61fc7e3e,No Injuries Reported,Jaguar,I-PACE,Passenger Car,Street,ADS,Yes,1
d91d586ead95b16,NHTSA Same Incident ID,APR-2025,San Francisco,CA,Waymo LLC,30270-10555,e1fd8590ddc22f7,No Injuries Reported,Jaguar,I-PACE,Bus,Street,ADS,Yes,1
d94e225a5cfd76e,NHTSA Same Incident ID,APR-2025,Austin,TX,Waymo LLC,30270-10418,2596eed63060ca8,No Injuries Reported,Jaguar,I-PACE,Bus,Intersection,ADS,Yes,1
da37ed084b7182d,NHTSA Same Incident ID,APR-2025,Los Angeles,CA,Waymo LLC,30270-10713,a80825dd01400ad,No Injuries Reported,Jaguar,I-Pace,SUV,Street,ADS,Yes,1
db8a31384ad0ae7,NHTSA Same Incident ID,APR-2025,San Francisco,CA,Waymo LLC,30270-10743,c4c32d33e663e59,No Injuries Reported,Jaguar,I-Pace,Passenger Car,Intersection,ADS,Yes,1
dd9bdf3842a1996,NHTSA Same Incident ID,APR-2025,Tempe,AZ,Waymo LLC,30270-10670,ede216a844eb9d3,No Injuries Reported,Jaguar,I-Pace,Passenger Car,Parking Lot,ADS,Yes,1
de693def5440138,NHTSA Same Incident ID,APR-2025,San Francisco,CA,Waymo LLC,30270-10613,e99629229709aa3,No Injuries Reported,Jaguar,I-PACE,Heavy Truck,Street,ADS,Yes,1
df951538661dc8e,NHTSA Same Incident ID,APR-2025,Venice,CA,Waymo LLC,30270-10571,7b5e705adeea7e8,No Injuries Reported,Jaguar,I-Pace,Motorcycle,Intersection,ADS,Yes,1
e2d92dee1c5155b,NHTSA Same Incident ID,APR-2025,Los Angeles,CA,Waymo LLC,30270-10726,d52323ff12423c1,No Injuries Reported,Jaguar,I-Pace,SUV,Intersection,ADS,Yes,1
e3f948feabc1ec0,NHTSA Same Incident ID,APR-2025,San Francisco,CA,Waymo LLC,30270-10666,2d4215722bfaccc,No Injuries Reported,Jaguar,I-Pace,Passenger Car,Street,ADS,Yes,1
e5968e6ffdbb083,NHTSA Same Incident ID,APR-2025,San Francisco,CA,Waymo LLC,30270-10679,34dcbe78146118f,No Injuries Reported,Jaguar,I-Pace,SUV,Street,ADS,Yes,1
e9d6934d6023298,NHTSA Same Incident ID,APR-2025,San Francisco,CA,Waymo LLC,30270-10683,b7977f542e4f716,No Injuries Reported,Jaguar,I-Pace,Pickup Truck,Street,ADS,Yes,1
ea64f82e23169bd,NHTSA Same Incident ID,APR-2025,Scottsdale,AZ,Waymo LLC,30270-10667,cd9f9f3d73ea6d7,No Injuries Reported,Jaguar,I-Pace,SUV,Street,ADS,Yes,1
ed38cb58ec4a1f5,NHTSA Same Incident ID,APR-2025,San Francisco,CA,"Zoox, Inc.",30610-10399,f69c1d9a952c50a,No Injuries Reported,Zoox,sedan,Non-Motorist: Cyclist,Intersection,ADS,Yes,1
f0252c0264b68ef,NHTSA Same Incident ID,APR-2025,Las Vegas,NV,"Zoox, Inc.",30610-10473,5c7e51304f13f60,No Injuries Reported,Zoox,sedan,Passenger Car,Street,ADS,Yes,1
f1aff313f9385a8,NHTSA Same Incident ID,APR-2025,Scottsdale,AZ,Waymo LLC,30270-10384,81f7e30bd97ce7d,No Injuries Reported,Jaguar,I-PACE,Passenger Car,Intersection,ADS,Yes,1
f83f7c37e14f52b,NHTSA Same Incident ID,APR-2025,San Francisco,CA,Waymo LLC,30270-10668,52020cdc469756a,No Injuries Reported,Jaguar,I-Pace,Pickup Truck,Intersection,ADS,Yes,1
f976fa0a6769f43,NHTSA Same Incident ID,APR-2025,Scottsdale,AZ,Waymo LLC,30270-10669,2690be51e94a667,No Injuries Reported,Jaguar,I-Pace,Passenger Car,Parking Lot,ADS,Yes,1
fa8eb0357a82255,NHTSA Same Incident ID,APR-2025,Tempe,AZ,Waymo LLC,30270-10639,04f736aacb7513d,No Injuries Reported,Jaguar,I-Pace,Passenger Car,Intersection,ADS,Yes,1
fd63b45b89e60d1,NHTSA Same Incident ID,APR-2025,San Francisco,CA,Waymo LLC,30270-10747,90f750a3e08168b,No Injuries Reported,Jaguar,I-PACE,SUV,Street,ADS,Yes,1
04b1b064a76b942,NHTSA Same Incident ID,APR-2026,San Francisco,CA,Waymo LLC,30270-14628,19ae6070d5729a5,Minor W/O Hospitalization,JAGUAR,I-PACE,SUV,Street,ADS,Yes,1
0a931eff5e7e3b7,NHTSA Same Incident ID,APR-2026,Atlanta,GA,May Mobility,30413-15019,2dbc86b2f26bc05,No Injured Reported,TOYOTA,Sienna,Passenger Car,Street,ADS,Yes,1
0d97ebf41e4d993,NHTSA Same Incident ID,APR-2026,San Francisco,CA,Waymo LLC,30270-14811,4428f871e71092a,Property Damage. No Injured Reported,JAGUAR,I-PACE,Pickup Truck,Street,ADS,Yes,1
1011fffcf09d58e,NHTSA Same Incident ID,APR-2026,Atlanta,GA,May Mobility,30413-14938,f82159fe840dc40,Minor W/ Hospitalization,TOYOTA,Sienna,"Other, see Narrative",Intersection,ADS,Yes,1
1024682219a18ca,NHTSA Same Incident ID,APR-2026,Los Angeles,CA,Waymo LLC,30270-14708,8bca46fb742822f,Property Damage. No Injured Reported,JAGUAR,I-PACE,Passenger Car,Street,ADS,Yes,1
19f8a69abde655f,NHTSA Same Incident ID,APR-2026,Las Vegas,NV,"Zoox, Inc.",30610-14732,c2b798d04075fcd,Property Damage. No Injured Reported,ZOOX,Zoox,Heavy Truck,Street,ADS,Yes,1
1b3259ff41bd2dd,NHTSA Same Incident ID,APR-2026,Los Angeles,CA,Waymo LLC,30270-14660,e7c475b9abc9838,Minor W/ Hospitalization,JAGUAR,I-PACE,SUV,Street,ADS,Yes,1
1c765c0d4ebc46b,NHTSA Same Incident ID,APR-2026,Dallas,TX,Waymo LLC,30270-14895,07289e51eb57b17,Property Damage. No Injured Reported,JAGUAR,I-PACE,Passenger Car,Street,ADS,Yes,1
1ca4b228ad523e6,NHTSA Same Incident ID,APR-2026,Austin,TX,Waymo LLC,30270-14716,8842a1f0a42ec07,Property Damage. No Injured Reported,JAGUAR,I-PACE,SUV,Street,ADS,Yes,1
1e00cff247e0087,NHTSA Same Incident ID,APR-2026,San Francisco,CA,Waymo LLC,30270-14806,7c3f1de66ea3713,Property Damage. No Injured Reported,JAGUAR,I-PACE,Passenger Car,Street,ADS,Yes,1
1f4180af6b053ce,NHTSA Same Incident ID,APR-2026,Dallas,TX,Avride Inc.,31101-14813,e53d2f85db6da01,Property Damage. No Injured Reported,HYUNDAI,Ioniq 5,Passenger Car,Street,ADS,Yes,1
1f4a8ee6abacd25,NHTSA Same Incident ID,APR-2026,Los Angeles,CA,Waymo LLC,30270-14888,f92efbd5b0ee84b,Minor W/ Hospitalization,JAGUAR,I-PACE,SUV,Intersection,ADS,Yes,1
206217a4cc1cfa4,NHTSA Same Incident ID,APR-2026,Los Angeles,CA,Waymo LLC,30270-14844,c4c8eaeb74fd38e,Property Damage. No Injured Reported,JAGUAR,I-PACE,Pickup Truck,Street,ADS,Yes,1
20f1f92cfd1feac,NHTSA Same Incident ID,APR-2026,Phoenix,AZ,Waymo LLC,30270-14559,f81738b2f2618a9,Property Damage. No Injured Reported,JAGUAR,I-PACE,Passenger Car,Street,ADS,Yes,1
2396a12544c059e,NHTSA Same Incident ID,APR-2026,Orlando,FL,Waymo LLC,30270-14717,21b0bd6156231bf,Property Damage. No Injured Reported,JAGUAR,I-PACE,Pickup Truck,Street,ADS,Yes,1
24c659c273dda76,NHTSA Same Incident ID,APR-2026,Los Angeles,CA,Waymo LLC,30270-14907,09a9755835b507c,Property Damage. No Injured Reported,JAGUAR,I-PACE,Passenger Car,Street,ADS,Yes,1
2723c102bcae75c,NHTSA Same Incident ID,APR-2026,San Francisco,CA,Waymo LLC,30270-14887,c366ba7df129464,Property Damage. No Injured Reported,JAGUAR,I-PACE,"Other, see Narrative",Intersection,ADS,Yes,1
291725a17aa4030,NHTSA Same Incident ID,APR-2026,Los Angeles,CA,Waymo LLC,30270-14848,6b18bb111ce851d,Property Damage. No Injured Reported,JAGUAR,I-PACE,Bus,Street,ADS,Yes,1
2977844890af9a7,NHTSA Same Incident ID,APR-2026,Los Angeles,CA,Waymo LLC,30270-14931,56fb89dc145237f,Property Damage. No Injured Reported,JAGUAR,I-PACE,Van,Street,ADS,Yes,1
2a42102a95dd944,NHTSA Same Incident ID,APR-2026,Las Vegas,NV,"Zoox, Inc.",30610-15065,8147258a8889735,Property Damage. No Injured Reported,ZOOX,Zoox,Pickup Truck,Street,ADS,Yes,1
2b60ce4ad3039b9,NHTSA Same Incident ID,APR-2026,Phoenix,AZ,Waymo LLC,30270-14619,4eef57abadd73b2,Minor W/O Hospitalization,JAGUAR,I-PACE,Passenger Car,Street,ADS,Yes,1
2c31b61e2a1484a,NHTSA Same Incident ID,APR-2026,San Antonio,TX,Waymo LLC,30270-14934,3bb9e8ecffca5b5,Property Damage. No Injured Reported,JAGUAR,I-PACE,SUV,Street,ADS,Yes,1
3178b1958caad7f,NHTSA Same Incident ID,APR-2026,Dallas,TX,Avride Inc.,31101-14925,23de987df9d1c5e,Property Damage. No Injured Reported,HYUNDAI,Ioniq 5,Pickup Truck,Street,ADS,Yes,1
319eb0dc9f09a4d,NHTSA Same Incident ID,APR-2026,San Francisco,CA,Waymo LLC,30270-14809,44e937d6f707822,Property Damage. No Injured Reported,JAGUAR,I-PACE,Bus,Street,ADS,Yes,1
31b153f9cce89b8,NHTSA Same Incident ID,APR-2026,San Francisco,CA,Waymo LLC,30270-14905,ddfca1fa270c3fd,Property Damage. No Injured Reported,JAGUAR,I-PACE,SUV,Street,ADS,Yes,1
36122e0aac9266e,NHTSA Same Incident ID,APR-2026,Dallas,TX,Avride Inc.,31101-14923,72fa64888b07024,Property Damage. No Injured Reported,HYUNDAI,Ioniq 5,SUV,Parking Lot,ADS,Yes,1
367269c0661b161,NHTSA Same Incident ID,APR-2026,Los Angeles,CA,Waymo LLC,30270-14556,2fe9f60cfad2caa,Property Damage. No Injured Reported,JAGUAR,I-PACE,SUV,Street,ADS,Yes,1
39c942ea47522f8,NHTSA Same Incident ID,APR-2026,Austin,TX,Waymo LLC,30270-14706,4c0ec55d3ebf91b,Property Damage. No Injured Reported,JAGUAR,I-PACE,Pickup Truck,Street,ADS,Yes,1
39d2636ec10e813,NHTSA Same Incident ID,APR-2026,Los Angeles,CA,Waymo LLC,30270-14889,cc45bd074443153,Property Damage. No Injured Reported,JAGUAR,I-PACE,Passenger Car,Street,ADS,Yes,1
3bf481890ce907d,NHTSA Same Incident ID,APR-2026,San Francisco,CA,Waymo LLC,30270-14520,90f750a3e08168b,Property Damage. No Injured Reported,JAGUAR,I-PACE,Passenger Car,Street,ADS,Yes,1
3cab2dc34503b45,NHTSA Same Incident ID,APR-2026,San Francisco,CA,"Zoox, Inc.",30610-15063,883d9735633039a,Property Damage. No Injured Reported,TOYOTA,Highlander,Passenger Car,Street,ADS,Yes,1
44b0158626395a9,NHTSA Same Incident ID,APR-2026,Santa Clara,CA,Waymo LLC,30270-14582,9b28f09d57d26ed,Property Damage. No Injured Reported,JAGUAR,I-PACE,Passenger Car,Intersection,ADS,Yes,1
455477de59c8444,NHTSA Same Incident ID,APR-2026,Atlanta,GA,Waymo LLC,30270-14576,1eabf8ecfa2129c,Property Damage. No Injured Reported,JAGUAR,I-PACE,Passenger Car,Street,ADS,Yes,1
4833ce94c159460,NHTSA Same Incident ID,APR-2026,San Francisco,CA,Waymo LLC,30270-14845,745d468449e269c,Property Damage. No Injured Reported,JAGUAR,I-PACE,Passenger Car,Street,ADS,Yes,1
4b2c3c3efc148b4,NHTSA Same Incident ID,APR-2026,Miami,FL,Waymo LLC,30270-14833,bd39b7ca1af083b,Property Damage. No Injured Reported,JAGUAR,I-PACE,Passenger Car,Street,ADS,Yes,1
56e3589b3502570,NHTSA Same Incident ID,APR-2026,Dallas,TX,Avride Inc.,31101-14924,c5ebc6575869fb9,Property Damage. No Injured Reported,HYUNDAI,Ioniq 5,Non-Motorist: Cyclist,Intersection,ADS,Yes,1
58615caf6d4336d,NHTSA Same Incident ID,APR-2026,Austin,TX,Waymo LLC,30270-14565,c57aa811709427f,Property Damage. No Injured Reported,JAGUAR,I-PACE,Passenger Car,Street,ADS,Yes,1
5949ade35ee4e36,NHTSA Same Incident ID,APR-2026,San Francisco,CA,Waymo LLC,30270-14560,8728edfe6c7deed,Property Damage. No Injured Reported,JAGUAR,I-PACE,Heavy Truck,Street,ADS,Yes,1
5a3b8879bc684e9,NHTSA Same Incident ID,APR-2026,Austin,TX,Waymo LLC,30270-14734,261b0f1389380f4,Property Damage. No Injured Reported,JAGUAR,I-PACE,Pickup Truck,Street,ADS,Yes,1
63062a109838ba2,NHTSA Same Incident ID,APR-2026,Austin,TX,"Tesla, Inc.",13781-15017,c8828ce2a3a7e59,Property Damage. No Injured Reported,TESLA,Model Y,Pickup Truck,Street,ADS,Yes,1
65fe89814e7cb0e,NHTSA Same Incident ID,APR-2026,Miami,FL,Waymo LLC,30270-14827,5b94b4468f9bfd0,Property Damage. No Injured Reported,JAGUAR,I-PACE,Heavy Truck,Street,ADS,Yes,1
6aaaedccb67388c,NHTSA Same Incident ID,APR-2026,Austin,TX,Avride Inc.,31101-14899,7f88b10c11d8c3d,Property Damage. No Injured Reported,HYUNDAI,Ioniq 5,Passenger Car,Highway / Freeway,ADS,Yes,1
6cb0adf6053cd04,NHTSA Same Incident ID,APR-2026,San Mateo,CA,Waymo LLC,30270-14629,9bff71aa694a0dd,Property Damage. No Injured Reported,JAGUAR,I-PACE,"Other, see Narrative",Highway / Freeway,ADS,Yes,1
6d42834870aabc3,NHTSA Same Incident ID,APR-2026,Phoenix,AZ,Waymo LLC,30270-14709,54be8536917e808,Property Damage. No Injured Reported,JAGUAR,I-PACE,Passenger Car,Street,ADS,Yes,1
708196cc1d998c7,NHTSA Same Incident ID,APR-2026,Atlanta,GA,Waymo LLC,30270-14834,82c9d66df9067a2,Property Damage. No Injured Reported,JAGUAR,I-PACE,Passenger Car,Street,ADS,Yes,1
7372955dc2e63a2,NHTSA Same Incident ID,APR-2026,Austin,TX,Waymo LLC,30270-14896,2f014456b7b3b3c,Property Damage. No Injured Reported,JAGUAR,I-PACE,SUV,Street,ADS,Yes,1
7378c4912f63d32,NHTSA Same Incident ID,APR-2026,San Francisco,CA,Waymo LLC,30270-14583,7625ec85951a6b0,Property Damage. No Injured Reported,JAGUAR,I-PACE,"Other, see Narrative",Street,ADS,Yes,1
76b7aa6595f4278,NHTSA Same Incident ID,APR-2026,Austin,TX,Waymo LLC,30270-14810,4566a144540e13c,Property Damage. No Injured Reported,JAGUAR,I-PACE,Passenger Car,Street,ADS,Yes,1
7c3c57cd270297f,NHTSA Same Incident ID,APR-2026,San Francisco,CA,Waymo LLC,30270-14828,ff9ebda6b8eb408,Property Damage. No Injured Reported,JAGUAR,I-PACE,Other Fixed Object,Street,ADS,Yes,1
7d130771a8e4484,NHTSA Same Incident ID,APR-2026,Mesa,AZ,Waymo LLC,30270-14826,a4b1eea99ec5df5,Property Damage. No Injured Reported,JAGUAR,I-PACE,Pickup Truck,Street,ADS,Yes,1
7fa85ef74cc5f6d,NHTSA Same Incident ID,APR-2026,Venice,CA,Waymo LLC,30270-14578,32b0d5d3a430ba7,No Injured Reported,JAGUAR,I-PACE,Pickup Truck,Street,ADS,Yes,1
7fe6c5cf891cf91,NHTSA Same Incident ID,APR-2026,Las Vegas,NV,"Zoox, Inc.",30610-14656,a17f0da58f09ba0,Property Damage. No Injured Reported,ZOOX,Zoox,Passenger Car,Street,ADS,Yes,1
833e94560071794,NHTSA Same Incident ID,APR-2026,Los Angeles,CA,Waymo LLC,30270-14626,c064f848a19be81,Minor W/O Hospitalization,JAGUAR,I-PACE,Passenger Car,Street,ADS,Yes,1
84758f346083fd7,NHTSA Same Incident ID,APR-2026,Austin,TX,Waymo LLC,30270-14666,672edf9c3432ffb,Property Damage. No Injured Reported,JAGUAR,I-PACE,"Other, see Narrative",Parking Lot,ADS,Yes,1
84e5e644c0c0f93,NHTSA Same Incident ID,APR-2026,San Francisco,CA,Waymo LLC,30270-14661,ad97621d56d33a8,Property Damage. No Injured Reported,JAGUAR,I-PACE,"Other, see Narrative",Street,ADS,Yes,1
858a902efbd00c1,NHTSA Same Incident ID,APR-2026,Tempe,AZ,Waymo LLC,30270-14901,a40c39f8ee853a6,Property Damage. No Injured Reported,JAGUAR,I-PACE,Other Fixed Object,Traffic Circle,ADS,Yes,1
8aae416f00dfc31,NHTSA Same Incident ID,APR-2026,Austin,TX,Waymo LLC,30270-14712,d70bb9b650aa2f2,Property Damage. No Injured Reported,JAGUAR,I-PACE,Passenger Car,Street,ADS,Yes,1
8b3ce2dedbec440,NHTSA Same Incident ID,APR-2026,San Francisco,CA,Waymo LLC,30270-14667,d4876034184e889,Property Damage. No Injured Reported,JAGUAR,I-PACE,Passenger Car,Street,ADS,Yes,1
8b8f359781d6cb7,NHTSA Same Incident ID,APR-2026,Los Angeles,CA,Waymo LLC,30270-14516,8959265c08ef295,Property Damage. No Injured Reported,JAGUAR,I-PACE,Van,Street,ADS,Yes,1
8c5f002b0d6d360,NHTSA Same Incident ID,APR-2026,Austin,TX,Waymo LLC,30270-14929,db9d6a3441a3e8c,Property Damage. No Injured Reported,JAGUAR,I-PACE,Passenger Car,Street,ADS,Yes,1
8d097df63e2554f,NHTSA Same Incident ID,APR-2026,Daly City,CA,Waymo LLC,30270-14846,6cf0c0971509a11,Property Damage. No Injured Reported,JAGUAR,I-PACE,Passenger Car,Highway / Freeway,ADS,Yes,1
8f16f091b638bcf,NHTSA Same Incident ID,APR-2026,Atlanta,GA,Waymo LLC,30270-14557,df47c5c6120c6d5,Property Damage. No Injured Reported,JAGUAR,I-PACE,Passenger Car,Intersection,ADS,Yes,1
91558d71db1fc9d,NHTSA Same Incident ID,APR-2026,Mesa,AZ,Waymo LLC,30270-14644,737f12882828651,Property Damage. No Injured Reported,JAGUAR,I-PACE,SUV,Street,ADS,Yes,1
91a170b2eebc71e,NHTSA Same Incident ID,APR-2026,Los Angeles,CA,Waymo LLC,30270-14710,a681a5e0376a686,Property Damage. No Injured Reported,JAGUAR,I-PACE,Van,Street,ADS,Yes,1
91cfb958f2b3cfb,NHTSA Same Incident ID,APR-2026,Los Angeles,CA,Waymo LLC,30270-14580,e4a4f9bd74cdd68,Property Damage. No Injured Reported,JAGUAR,I-PACE,Other Fixed Object,Street,ADS,Yes,1
93245db5f697aa2,NHTSA Same Incident ID,APR-2026,Phoenix,AZ,Waymo LLC,30270-14893,63a54fcb1134474,Property Damage. No Injured Reported,JAGUAR,I-PACE,Passenger Car,Intersection,ADS,Yes,1
96381961cb700c1,NHTSA Same Incident ID,APR-2026,Philadelphia,PA,Waymo LLC,30270-14702,fab348789d41386,Minor W/O Hospitalization,ZEEKR,RT,SUV,Street,ADS,Yes,1
966ec4b54287e21,NHTSA Same Incident ID,APR-2026,Austin,TX,Waymo LLC,30270-14807,90ea31b18f9d621,Property Damage. No Injured Reported,JAGUAR,I-PACE,"Other, see Narrative",Parking Lot,ADS,Yes,1
97a27b014f6575f,NHTSA Same Incident ID,APR-2026,Dallas,TX,Avride Inc.,31101-14815,ed6eb12bedaeddf,Property Damage. No Injured Reported,HYUNDAI,Ioniq 5,Passenger Car,Street,ADS,Yes,1
9ac03615081c068,NHTSA Same Incident ID,APR-2026,San Francisco,CA,Waymo LLC,30270-14803,36aef9323466d1e,Property Damage. No Injured Reported,JAGUAR,I-PACE,Passenger Car,Street,ADS,Yes,1
9afe22f2ea11529,NHTSA Same Incident ID,APR-2026,Phoenix,AZ,Waymo LLC,30270-14932,aac70e93c30fd83,Property Damage. No Injured Reported,JAGUAR,I-PACE,Passenger Car,Street,ADS,Yes,1
9b4ca07f87a2d06,NHTSA Same Incident ID,APR-2026,San Francisco,CA,Waymo LLC,30270-14714,55e4c80fbb42940,Property Damage. No Injured Reported,JAGUAR,I-PACE,Heavy Truck,Street,ADS,Yes,1
9f89b2726694260,NHTSA Same Incident ID,APR-2026,Austin,TX,Waymo LLC,30270-14587,2590223100ead39,Property Damage. No Injured Reported,JAGUAR,I-PACE,SUV,Street,ADS,Yes,1
a026953be239155,NHTSA Same Incident ID,APR-2026,Los Angeles,CA,Waymo LLC,30270-14831,df47ba1e679e096,Property Damage. No Injured Reported,JAGUAR,I-PACE,"Other, see Narrative",Street,ADS,Yes,1
a3b8990a21e7bfa,NHTSA Same Incident ID,APR-2026,Edgewood,NM,Stack AV,34952-14990,c4e3949275ffa01,No Injured Reported,PETERBILT,579,Heavy Truck,Highway / Freeway,ADS,"[REDACTED, MAY CONTAIN CONFIDENTIAL BUSINESS INFORMATION]",1
a67935c163b04b7,NHTSA Same Incident ID,APR-2026,Los Angeles,CA,Waymo LLC,30270-14850,141daf9178a667e,Property Damage. No Injured Reported,JAGUAR,I-PACE,Heavy Truck,Intersection,ADS,Yes,1
a6ede4eb521e9a6,NHTSA Same Incident ID,APR-2026,South San Francisco,CA,Waymo LLC,30270-14849,989fab72a7cf73e,Property Damage. No Injured Reported,JAGUAR,I-PACE,Heavy Truck,Street,ADS,Yes,1
a845f2ff7589f36,NHTSA Same Incident ID,APR-2026,San Francisco,CA,Waymo LLC,30270-14620,ed6426a60b1e595,Property Damage. No Injured Reported,JAGUAR,I-PACE,Heavy Truck,Street,ADS,Yes,1
ae87c732ad0ea3c,NHTSA Same Incident ID,APR-2026,Beverly Hills,CA,Waymo LLC,30270-14711,9052e7ce2ea69f0,Property Damage. No Injured Reported,JAGUAR,I-PACE,SUV,Street,ADS,Yes,1
afa7cfa2ef60e08,NHTSA Same Incident ID,APR-2026,Atlanta,GA,Waymo LLC,30270-14943,2837f3a57cb20bb,Property Damage. No Injured Reported,JAGUAR,I-PACE,"Other, see Narrative",Street,ADS,Yes,1
b101f0e902db537,NHTSA Same Incident ID,APR-2026,Atlanta,GA,Waymo LLC,30270-15300,db45492bd20c752,Property Damage. No Injured Reported,JAGUAR,I-PACE,Heavy Truck,Street,ADS,Yes,1
b26eba4b4034171,NHTSA Same Incident ID,APR-2026,Houston,TX,Waymo LLC,30270-14940,cefb73ea2196803,Property Damage. No Injured Reported,JAGUAR,I-PACE,Heavy Truck,Street,ADS,Yes,1
b7ba0224c536c40,NHTSA Same Incident ID,APR-2026,Austin,TX,Waymo LLC,30270-14640,6efa412148af6e9,Property Damage. No Injured Reported,JAGUAR,I-PACE,SUV,Highway / Freeway,ADS,Yes,1
b80931ec56802d1,NHTSA Same Incident ID,APR-2026,Gilbert,AZ,Waymo LLC,30270-14941,1c1db3327f497c7,Property Damage. No Injured Reported,ZEEKR,RT,Other Fixed Object,Traffic Circle,ADS,Yes,1
bae2cf6c304a1ed,NHTSA Same Incident ID,APR-2026,Los Angeles,CA,Waymo LLC,30270-14804,4eac2ea7846f880,Property Damage. No Injured Reported,JAGUAR,I-PACE,Pickup Truck,Intersection,ADS,Yes,1
bc1a5781fc55ea3,NHTSA Same Incident ID,APR-2026,Austin,TX,Waymo LLC,30270-14738,5f9803e3b999903,Property Damage. No Injured Reported,JAGUAR,I-PACE,SUV,Parking Lot,ADS,Yes,1
bd38fd2088c4694,NHTSA Same Incident ID,APR-2026,Atlanta,GA,Waymo LLC,30270-14930,ac8679d83b7f93a,Property Damage. No Injured Reported,JAGUAR,I-PACE,Passenger Car,Street,ADS,Yes,1
c1bd19bcf8deb30,NHTSA Same Incident ID,APR-2026,Atlanta,GA,Waymo LLC,30270-14805,1813374e92db56b,Moderate W/O Hospitalization,JAGUAR,I-PACE,Motorcycle,Street,ADS,Yes,1
c22e207e0cf06b3,NHTSA Same Incident ID,APR-2026,San Francisco,CA,Waymo LLC,30270-14847,679ab22f94962ce,Property Damage. No Injured Reported,JAGUAR,I-PACE,Pickup Truck,Intersection,ADS,Yes,1
c2e8747368f98df,NHTSA Same Incident ID,APR-2026,San Francisco,CA,Waymo LLC,30270-14832,9d45df6bdff67fa,Property Damage. No Injured Reported,JAGUAR,I-PACE,Passenger Car,Intersection,ADS,Yes,1
c4fcb17008eaae1,NHTSA Same Incident ID,APR-2026,Miami,FL,Waymo LLC,30270-14584,71d729512aa2a47,Property Damage. No Injured Reported,JAGUAR,I-PACE,SUV,Intersection,ADS,Yes,1
c57f081c3de37e1,NHTSA Same Incident ID,APR-2026,Los Angeles,CA,Waymo LLC,30270-14936,1b18b4ceb8b8a78,Property Damage. No Injured Reported,JAGUAR,I-PACE,Heavy Truck,Street,ADS,Yes,1
c6649ebe493dbad,NHTSA Same Incident ID,APR-2026,Phoenix,AZ,Waymo LLC,30270-14733,86ebcd25fb576c4,Property Damage. No Injured Reported,JAGUAR,I-PACE,"Other, see Narrative",Parking Lot,ADS,Yes,1
c754f3128a47aab,NHTSA Same Incident ID,APR-2026,Los Angeles,CA,Waymo LLC,30270-14623,9e788c3abbed183,Property Damage. No Injured Reported,JAGUAR,I-PACE,Passenger Car,Street,ADS,Yes,1
c84a1490ad56060,NHTSA Same Incident ID,APR-2026,Las Vegas,NV,"Zoox, Inc.",30610-15064,d3a0da48f99f882,Minor W/O Hospitalization,ZOOX,Zoox,Passenger Car,Street,ADS,Yes,1
c939cffe917d5cd,NHTSA Same Incident ID,APR-2026,Austin,TX,Waymo LLC,30270-14575,d69ebbf728a0aaa,Property Damage. No Injured Reported,JAGUAR,I-PACE,SUV,Street,ADS,Yes,1
cd37a53750d3267,NHTSA Same Incident ID,APR-2026,Dallas,TX,Avride Inc.,31101-14926,afc0682c3dfea84,Property Damage. No Injured Reported,HYUNDAI,Ioniq 5,Passenger Car,Street,ADS,Yes,1
cd9be8d9ed22144,NHTSA Same Incident ID,APR-2026,Austin,TX,Avride Inc.,31101-14818,7bd0a3ad5af43dc,Property Damage. No Injured Reported,HYUNDAI,Ioniq 5,Pickup Truck,Street,ADS,Yes,1
ce4ef1372ceba46,NHTSA Same Incident ID,APR-2026,San Francisco,CA,Waymo LLC,30270-14618,e74690add55a695,Moderate W/ Hospitalization,JAGUAR,I-PACE,SUV,Street,ADS,Yes,1
ce63bac06303466,NHTSA Same Incident ID,APR-2026,Sheffield,TX,"Aurora Operations, Inc.",30530-15027,6c85830dc88dfc5,Property Damage. No Injured Reported,PETERBILT,579,"Other, see Narrative",Highway / Freeway,ADS,Yes,1
ceb46ee4e182cc4,NHTSA Same Incident ID,APR-2026,Santa Clara,CA,Nuro,30291-14538,d220772dca6d0cc,No Injured Reported,TOYOTA,Prius,Motorcycle,Street,ADS,"[REDACTED, MAY CONTAIN CONFIDENTIAL BUSINESS INFORMATION]",1
d0d2b956a14a299,NHTSA Same Incident ID,APR-2026,Las Vegas,NV,Motional,30410-14562,857796491c37851,No Injured Reported,HYUNDAI,Ioniq 5,Other Fixed Object,Street,ADS,Yes,1
d1238fc3bc8c783,NHTSA Same Incident ID,APR-2026,Austin,TX,Waymo LLC,30270-14735,9680a7ecf07e2ae,Property Damage. No Injured Reported,JAGUAR,I-PACE,Passenger Car,Parking Lot,ADS,Yes,1
d28468799264f21,NHTSA Same Incident ID,APR-2026,Dallas,TX,Avride Inc.,31101-15016,9a0b4c68723a176,Property Damage. No Injured Reported,HYUNDAI,Ioniq 5,SUV,Street,ADS,Yes,1
d2e15ec06f0ec14,NHTSA Same Incident ID,APR-2026,Los Angeles,CA,Waymo LLC,30270-14704,7ca026ecc354c1e,Minor W/O Hospitalization,JAGUAR,I-PACE,Passenger Car,Street,ADS,Yes,1
d5de757e0e3708a,NHTSA Same Incident ID,APR-2026,Atlanta,GA,Waymo LLC,30270-14944,ac4715cabc43b50,Property Damage. No Injured Reported,JAGUAR,I-PACE,Pickup Truck,Street,ADS,Yes,1
d858d2bd41f6b79,NHTSA Same Incident ID,APR-2026,Houston,TX,Waymo LLC,30270-14585,3bda3f734be3f81,Property Damage. No Injured Reported,JAGUAR,I-PACE,Pickup Truck,Street,ADS,Yes,1
d99fc76c8221de7,NHTSA Same Incident ID,APR-2026,Los Angeles,CA,Waymo LLC,30270-14705,63acf0d49cd4809,Property Damage. No Injured Reported,JAGUAR,I-PACE,"Other, see Narrative",Street,ADS,Yes,1
dcd6e5e8a4c7825,NHTSA Same Incident ID,APR-2026,Scottsdale,AZ,Waymo LLC,30270-14773,e865afd61bd28eb,Property Damage. No Injured Reported,JAGUAR,I-PACE,Passenger Car,Intersection,ADS,Yes,1
df8eb0aa198a17b,NHTSA Same Incident ID,APR-2026,Atlanta,GA,Waymo LLC,30270-14897,20fd957053cba03,Property Damage. No Injured Reported,JAGUAR,I-PACE,Passenger Car,Intersection,ADS,Yes,1
dfa9ee66109b0f4,NHTSA Same Incident ID,APR-2026,Austin,TX,Waymo LLC,30270-14935,70ccf678daf0fbe,Property Damage. No Injured Reported,JAGUAR,I-PACE,Passenger Car,Street,ADS,Yes,1
e030f01d2992e85,NHTSA Same Incident ID,APR-2026,,TX,PlusAI Inc,30634-14991,c85cbc0da3b99a9,Unknown,KENWORTH,T680,"Other, see Narrative",Highway / Freeway,ADS,"[REDACTED, MAY CONTAIN CONFIDENTIAL BUSINESS INFORMATION]",1
e1626f172093ae6,NHTSA Same Incident ID,APR-2026,Austin,TX,Waymo LLC,30270-14856,14f66ec2f88f4de,Property Damage. No Injured Reported,JAGUAR,I-PACE,Heavy Truck,Street,ADS,Yes,1
e3ec3402e35a4b5,NHTSA Same Incident ID,APR-2026,Orlando,FL,Waymo LLC,30270-14617,709371a0b198e1a,Property Damage. No Injured Reported,JAGUAR,I-PACE,Passenger Car,Street,ADS,Yes,1
e3fe2a3ce31a3bb,NHTSA Same Incident ID,APR-2026,San Francisco,CA,Waymo LLC,30270-14563,d13ac18a7edf332,Property Damage. No Injured Reported,JAGUAR,I-PACE,Passenger Car,Street,ADS,Yes,1
e4b445eb9f5fa17,NHTSA Same Incident ID,APR-2026,Nashville,TN,Waymo LLC,30270-14891,2b70ac3cb5109b3,Property Damage. No Injured Reported,JAGUAR,I-PACE,Pickup Truck,Street,ADS,Yes,1
e57194c05a5f9d1,NHTSA Same Incident ID,APR-2026,Los Angeles,CA,Waymo LLC,30270-14737,2b55e4aa062086e,Property Damage. No Injured Reported,JAGUAR,I-PACE,Passenger Car,Highway / Freeway,ADS,Yes,1
e5dfd665c6253d5,NHTSA Same Incident ID,APR-2026,Los Angeles,CA,Waymo LLC,30270-14621,58b0418f620205e,Property Damage. No Injured Reported,JAGUAR,I-PACE,Passenger Car,Intersection,ADS,Yes,1
e739bf5b0d4e4e2,NHTSA Same Incident ID,APR-2026,Los Angeles,CA,Waymo LLC,30270-14715,e0bc74a9ca3168d,Property Damage. No Injured Reported,JAGUAR,I-PACE,Pickup Truck,Street,ADS,Yes,1
e76a6ccf14c0f2f,NHTSA Same Incident ID,APR-2026,Redwood City,CA,Waymo LLC,30270-14645,ea3f7a88aa32f80,Property Damage. No Injured Reported,JAGUAR,I-PACE,SUV,Intersection,ADS,Yes,1
ecdd616fa14eec7,NHTSA Same Incident ID,APR-2026,Mountain View,CA,Waymo LLC,30270-14579,8532dedf081c3c2,Property Damage. No Injured Reported,JAGUAR,I-PACE,Passenger Car,Street,ADS,Yes,1
ed5b9f20e21dd22,NHTSA Same Incident ID,APR-2026,Venice,CA,Waymo LLC,30270-14903,a66b494aa0a3d4c,Property Damage. No Injured Reported,JAGUAR,I-PACE,SUV,Street,ADS,Yes,1
edbea3cd567eced,NHTSA Same Incident ID,APR-2026,Phoenix,AZ,Waymo LLC,30270-14537,5723140000956a2,Property Damage. No Injured Reported,JAGUAR,I-PACE,Heavy Truck,Street,ADS,Yes,1
edd657a44fd6a11,NHTSA Same Incident ID,APR-2026,Austin,TX,Avride Inc.,31101-14871,2f5fa6a9a0d227d,Property Damage. No Injured Reported,HYUNDAI,Ioniq 5,Pickup Truck,Street,ADS,Yes,1
ee7e8b35b4c6eda,NHTSA Same Incident ID,APR-2026,San Francisco,CA,Waymo LLC,30270-14882,c366ba7df129464,Property Damage. No Injured Reported,JAGUAR,I-PACE,Passenger Car,Street,ADS,Yes,1
efe397e7cb77f46,NHTSA Same Incident ID,APR-2026,Los Angeles,CA,Waymo LLC,30270-14937,87e063e17697306,Property Damage. No Injured Reported,JAGUAR,I-PACE,SUV,Street,ADS,Yes,1
eff0bf444343922,NHTSA Same Incident ID,APR-2026,San Antonio,TX,Waymo LLC,30270-14713,88e479cc926d89d,Property Damage. No Injured Reported,JAGUAR,I-PACE,Passenger Car,Street,ADS,Yes,1
f1b3d813ec0e522,NHTSA Same Incident ID,APR-2026,San Francisco,CA,"Zoox, Inc.",30610-15062,237e61fc7b50caf,Minor W/O Hospitalization,ZOOX,Zoox,Passenger Car,Street,ADS,Yes,1
f4967b3d4bd46fb,NHTSA Same Incident ID,APR-2026,Atlanta,GA,Waymo LLC,30270-14581,1813374e92db56b,Property Damage. No Injured Reported,JAGUAR,I-PACE,Passenger Car,Street,ADS,Yes,1
f54d2ae1d1e57a8,NHTSA Same Incident ID,APR-2026,San Francisco,CA,Waymo LLC,30270-14627,997b7ef6cfcc5ec,Minor W/ Hospitalization,JAGUAR,I-PACE,SUV,Street,ADS,Yes,1
f6968aed4573613,NHTSA Same Incident ID,APR-2026,Los Angeles,CA,Waymo LLC,30270-14707,7c4c1c148068c17,No Injured Reported,ZEEKR,RT,Passenger Car,Street,ADS,Yes,1
f714f368c260da3,NHTSA Same Incident ID,APR-2026,Los Angeles,CA,Waymo LLC,30270-14586,06a88a3b0e83b00,Property Damage. No Injured Reported,JAGUAR,I-PACE,Passenger Car,Street,ADS,Yes,1
f7214a9a0cc2932,NHTSA Same Incident ID,APR-2026,Austin,TX,Waymo LLC,30270-14736,014beab80f8630b,Property Damage. No Injured Reported,JAGUAR,I-PACE,Van,Street,ADS,Yes,1
f7a2230e1fd70dc,NHTSA Same Incident ID,APR-2026,Paradise Valley,AZ,Waymo LLC,30270-14933,4dca0aa96847c48,Property Damage. No Injured Reported,JAGUAR,I-PACE,"Other, see Narrative",Intersection,ADS,Yes,1
f9bd88388728d62,NHTSA Same Incident ID,APR-2026,Atlanta,GA,Waymo LLC,30270-14928,fc505c2bb142772,Property Damage. No Injured Reported,JAGUAR,I-PACE,SUV,Street,ADS,Yes,1
f9e1502e537f5c0,NHTSA Same Incident ID,APR-2026,Los Angeles,CA,Waymo LLC,30270-14829,2066f6f4cd25ba4,Minor W/ Hospitalization,JAGUAR,I-PACE,SUV,Street,ADS,Yes,1
fb1ea9a15260093,NHTSA Same Incident ID,APR-2026,Phoenix,AZ,Waymo LLC,30270-14513,254a214ca149ba0,Property Damage. No Injured Reported,JAGUAR,I-PACE,Heavy Truck,Street,ADS,Yes,1
fb7c263b79e7492,NHTSA Same Incident ID,APR-2026,Atlanta,GA,Waymo LLC,30270-14701,b5ccd6b1bd6ac15,Minor W/ Hospitalization,JAGUAR,I-PACE,Pickup Truck,Intersection,ADS,Yes,1
fc0d791f4d809b9,NHTSA Same Incident ID,APR-2026,Dallas,TX,Avride Inc.,31101-14909,d81457472f46e83,Property Damage. No Injured Reported,HYUNDAI,Ioniq 5,SUV,Parking Lot,ADS,Yes,1
558988ec035939d,NHTSA Same Incident ID,AUG-2021,Indianapolis,IN,May Mobility;Toyota Motor Engineering & Manufacturing,1306-1247;30413-1206,0eecc7fa6ddc4ad,No Injuries Reported,Lexus,RX450H,"Other, see Narrative",Street,ADS,Yes,2
67a8aed333e7a9d,NHTSA Same Incident ID,AUG-2021,San Francisco,CA,Transdev Alternative Services;Waymo LLC,30270-31;30531-33,09f6e9bd642f040,No Injuries Reported,Jaguar,I-Pace,Non-Motorist: Cyclist,Intersection,ADS,Yes,2
75b4756180a9b45,NHTSA Same Incident ID,AUG-2021,San Francisco,CA,"Cruise LLC;General Motors, LLC",30412-1293;540-1517,dc64b32fa4888fb,No Injuries Reported,Chevrolet,Bolt,Pickup Truck,Intersection,ADS,"[REDACTED, MAY CONTAIN CONFIDENTIAL BUSINESS INFORMATION]",2
930d0910bc2916c,NHTSA Same Incident ID,AUG-2021,San Francisco,CA,Transdev Alternative Services;Waymo LLC,30270-1160;30270-1220;30531-1191,68397cbf53d7d3b,No Injuries Reported,Jaguar,I-Pace,Passenger Car,Street,ADS,Yes,3
93ff2213b39d943,NHTSA Same Incident ID,AUG-2021,San Francisco,CA,Transdev Alternative Services;Waymo LLC,30270-1311;30531-1327,f6ce80fd458f116,No Injuries Reported,Jaguar,I-Pace,Pickup Truck,Intersection,ADS,Yes,2
REPORT:30690-1286,Report ID fallback,AUG-2021,Yellowstone National Park,WY,Robotic Research,30690-1286,,No Injuries Reported,Local Motors,Olli,Passenger Car,Parking Lot,ADS,Yes,1
ab78822ba620852,NHTSA Same Incident ID,AUG-2021,Miami,FL,Argo AI,30290-1279,6d525d9e8ed29e1,No Injuries Reported,Ford,Fusion,SUV,Street,ADS,"[REDACTED, MAY CONTAIN CONFIDENTIAL BUSINESS INFORMATION]",1
aed9b05ea58c626,NHTSA Same Incident ID,AUG-2021,San Francisco,CA,Cruise LLC,30412-1138,0756666678e7ccc,Unknown,Chevrolet,Bolt,Non-Motorist: Cyclist,Street,ADS,"[REDACTED, MAY CONTAIN CONFIDENTIAL BUSINESS INFORMATION]",1
b70d99b06a1d334,NHTSA Same Incident ID,AUG-2021,Ann Arbor,MI,May Mobility,30413-1207,cb6e38b363be262,No Injuries Reported,Lexus,RX450H,"Other, see Narrative",Street,ADS,Yes,1
baeffc44f80381e,NHTSA Same Incident ID,AUG-2021,Mammoth,WY,"Beep, Inc.;Local Motors Industries",30490-1314;30830-1297,89f8993ae749784,No Injuries Reported,Local Motors,Olli 1.0,Passenger Car,Parking Lot,ADS,"No, see Narrative",2
c882936e5c7827a,NHTSA Same Incident ID,AUG-2021,San Francisco,CA,Transdev Alternative Services;Waymo LLC,30270-1310;30531-1326,016d002b046c9c8,No Injuries Reported,Jaguar,I-Pace,Van,Street,ADS,Yes,2
d5901cab90a4303,NHTSA Same Incident ID,AUG-2021,San Francisco,CA,Transdev Alternative Services;Waymo LLC,30270-1312;30531-1328,80e3ad40ec485bc,No Injuries Reported,Jaguar,I-Pace,Pickup Truck,Intersection,ADS,Yes,2
f72001a87258c7e,NHTSA Same Incident ID,AUG-2021,Las Vegas,NV,"Zoox, Inc.",30610-1091,68d677c40b0c371,No Injuries Reported,Toyota,Highlander,Passenger Car,Street,ADS,"No, see Narrative",1
1ddae575afe5d5a,NHTSA Same Incident ID,AUG-2022,Rochester,MN,Easymile Inc.;First Transit,30310-3698;30414-3650;30414-3903,da2b2192cb706f3,No Injuries Reported,Ligier,EZ10 Gen 3,SUV,Intersection,ADS,Yes,3
21a6afd753cdcd5,NHTSA Same Incident ID,AUG-2022,Miami,FL,Argo AI;Ford Motor Company,30290-3800;502-3866,c54df74e3c62f9e,No Injuries Reported,Ford,Escape,Passenger Car,Street,ADS,"[REDACTED, MAY CONTAIN CONFIDENTIAL BUSINESS INFORMATION]",2
2ef7294be596ddb,NHTSA Same Incident ID,AUG-2022,Palmer,TX,Kodiak Robotics;PACCAR Incorporated,30391-3678;30391-3808;988-3684,f8d0946bbb70e83,No Injuries Reported,Kenworth Motor Truck Co,T680,Pickup Truck,Highway / Freeway,ADS,Yes,3
346b753bc1fc685,NHTSA Same Incident ID,AUG-2022,Miami Beach,FL,Argo AI;Ford Motor Company,30290-3797;502-3864,ffc5e4357bf2326,No Injuries Reported,Ford,Escape,Pickup Truck,Street,ADS,"[REDACTED, MAY CONTAIN CONFIDENTIAL BUSINESS INFORMATION]",2
35e10a085af7d4b,NHTSA Same Incident ID,AUG-2022,San Francisco,CA,"Cruise LLC;General Motors, LLC",30412-3801;540-3819,c560f83c137675c,No Injuries Reported,Cruise,AV,Passenger Car,Street,ADS,"[REDACTED, MAY CONTAIN CONFIDENTIAL BUSINESS INFORMATION]",2
44f19f59a48c98c,NHTSA Same Incident ID,AUG-2022,Chandler,AZ,Waymo LLC,30270-3838,be729ced367406a,No Injuries Reported,Chrysler,Pacifica,Pickup Truck,Parking Lot,ADS,Yes,1
46e037718707dda,NHTSA Same Incident ID,AUG-2022,Tempe,AZ,Transdev Alternative Services;Waymo LLC,30270-3851;30531-3883,03a8719f5e6a313,No Injuries Reported,Jaguar,I-Pace,Passenger Car,Street,ADS,Yes,2
6c37f91fda20d45,NHTSA Same Incident ID,AUG-2022,Tempe,AZ,Transdev Alternative Services;Waymo LLC,30270-3837;30531-3877,9d4d73bafd748f5,No Injuries Reported,Jaguar,I-Pace,Passenger Car,Street,ADS,Yes,2
72c8ad256e6283a,NHTSA Same Incident ID,AUG-2022,San Francisco,CA,Waymo LLC,30270-3842,39cc9faced8effe,No Injuries Reported,Jaguar,I-Pace,SUV,Intersection,ADS,Yes,1
7fb8af01e45e543,NHTSA Same Incident ID,AUG-2022,Arlington,TX,May Mobility;Toyota Motor Engineering & Manufacturing,1306-4010;30413-3764,2d0f63a50d3fd79,No Injuries Reported,Lexus,RX450H,Pickup Truck,Intersection,ADS,Yes,2
86aa35bdd11ea77,NHTSA Same Incident ID,AUG-2022,Las Vegas,CA,"Zoox, Inc.",30610-3719,2401d351bdc80d9,No Injuries Reported,Toyota,Highlander,Non-Motorist: Pedestrian,Parking Lot,ADS,Yes,1
9be5431de5dfbd1,NHTSA Same Incident ID,AUG-2022,San Francisco,CA,Transdev Alternative Services;Waymo LLC,30270-3595;30531-3626,3d7a03e316ec104,No Injuries Reported,Jaguar,I-Pace,SUV,Intersection,ADS,Yes,2
a2d260068d10cc9,NHTSA Same Incident ID,AUG-2022,Ennis,TX,Transdev Alternative Services;Waymo LLC,30270-3848;30531-3882,3c9d14cc7392a38,No Injuries Reported,Peterbilt,579 Epiq,Heavy Truck,Highway / Freeway,ADS,Yes,2
a3037ba8b0702a4,NHTSA Same Incident ID,AUG-2022,San Francisco,CA,"Zoox, Inc.",30610-3751,9bdb2d878b5484e,No Injuries Reported,Toyota,Highlander,Van,Street,ADS,Yes,1
c0aefb7adffb8c7,NHTSA Same Incident ID,AUG-2022,Tempe,AZ,Transdev Alternative Services;Waymo LLC,30270-3545;30531-3546,27c58a6d27dde97,No Injuries Reported,Chrysler,Pacifica,Other Fixed Object,Intersection,ADS,Yes,2
ca8c63af9d4185b,NHTSA Same Incident ID,AUG-2022,San Francisco,CA,Transdev Alternative Services;Waymo LLC,30270-3844;30531-3881,1d779bc3c6588a4,No Injuries Reported,Jaguar,I-Pace,SUV,Intersection,ADS,Yes,2
d54f3de7649b381,NHTSA Same Incident ID,AUG-2022,Phoenix,AZ,Transdev Alternative Services;Waymo LLC,30270-3841;30531-3879,c5a24e4de70b2d6,No Injuries Reported,Jaguar,I-Pace,Animal,Street,ADS,Yes,2
d827a618d04f24a,NHTSA Same Incident ID,AUG-2022,San Francisco,CA,"Cruise LLC;General Motors, LLC",30412-3806;540-3820,a89c78cfdf2ef47,Minor,Cruise,AV,Passenger Car,Street,ADS,"[REDACTED, MAY CONTAIN CONFIDENTIAL BUSINESS INFORMATION]",2
e0563b63e1a8347,NHTSA Same Incident ID,AUG-2022,San Francisco,CA,Transdev Alternative Services;Waymo LLC,30270-3843;30531-3880,d486f6b56e17cbc,No Injuries Reported,Jaguar,I-Pace,Passenger Car,Street,ADS,Yes,2
e5bfa5112083dd7,NHTSA Same Incident ID,AUG-2022,Menlo Park,CA,"Zoox, Inc.",30610-3703,7791e0ea337eaf9,Minor,Toyota,Highlander,Passenger Car,Street,ADS,Yes,1
f4d487ba374fe26,NHTSA Same Incident ID,AUG-2022,San Francisco,CA,Transdev Alternative Services;Waymo LLC,30270-3852;30531-3884,006bac2ce63f1bf,No Injuries Reported,Jaguar,I-Pace,Van,Intersection,ADS,Yes,2
04bce80be566c1b,NHTSA Same Incident ID,AUG-2023,Tempe,AZ,Waymo LLC,30270-6149,33d60213f3005c0,Unknown,Jaguar,I-Pace,Passenger Car,Intersection,ADS,Yes,1
1760af8f89bba3e,NHTSA Same Incident ID,AUG-2023,San Francisco,CA,Waymo LLC,30270-6344,71efe539834c36e,No Injuries Reported,Jaguar,I-Pace,Non-Motorist: Cyclist,Street,ADS,Yes,1
1a3b3cd2f637988,NHTSA Same Incident ID,AUG-2023,San Francisco,CA,Waymo LLC,30270-6343,778fffc33261129,No Injuries Reported,Jaguar,I-Pace,Passenger Car,Street,ADS,Yes,1
1e597bea8a8f186,NHTSA Same Incident ID,AUG-2023,San Francisco,CA,"Cruise LLC;General Motors, LLC",30412-6280;540-6315,e8b1d7c6034b84e,No Injuries Reported,Cruise,AV,Heavy Truck,Intersection,ADS,"[REDACTED, MAY CONTAIN CONFIDENTIAL BUSINESS INFORMATION]",2
250a095dea0e0fd,NHTSA Same Incident ID,AUG-2023,San Francisco,CA,Cruise LLC,30412-6145,51ea6e175307551,Minor,Cruise,AV,Non-Motorist: Cyclist,Intersection,ADS,"[REDACTED, MAY CONTAIN CONFIDENTIAL BUSINESS INFORMATION]",1
27afc2a81db4aa8,NHTSA Same Incident ID,AUG-2023,Phoenix,AZ,Waymo LLC,30270-6335,dd9c07aaa0d58c4,No Injuries Reported,Jaguar,I-Pace,Passenger Car,Street,ADS,Yes,1
299b672f88b96f3,NHTSA Same Incident ID,AUG-2023,Austin,TX,"Cruise LLC;General Motors, LLC",30412-6274;540-6310,ae17dc3a94b6763,No Injuries Reported,Cruise,AV,Pickup Truck,Intersection,ADS,"[REDACTED, MAY CONTAIN CONFIDENTIAL BUSINESS INFORMATION]",2
34a2a91e7ebe7b8,NHTSA Same Incident ID,AUG-2023,San Francisco,CA,"Cruise LLC;General Motors, LLC",30412-6052;540-6056,0a5adc25309be27,No Injuries Reported,Cruise,AV,Heavy Truck,Street,ADS,"[REDACTED, MAY CONTAIN CONFIDENTIAL BUSINESS INFORMATION]",2
350127996a9c99d,NHTSA Same Incident ID,AUG-2023,San Francisco,CA,"Cruise LLC;General Motors, LLC",30412-6160;540-6163,bdffe07c469b491,No Injuries Reported,Cruise,AV,Passenger Car,Intersection,ADS,"[REDACTED, MAY CONTAIN CONFIDENTIAL BUSINESS INFORMATION]",2
355de6e32e411be,NHTSA Same Incident ID,AUG-2023,Mesa,AZ,Waymo LLC,30270-6337,f6ce80fd458f116,No Injuries Reported,Jaguar,I-Pace,Pickup Truck,Street,ADS,Yes,1
36eaf89cd2651b4,NHTSA Same Incident ID,AUG-2023,San Francisco,CA,"Cruise LLC;General Motors, LLC",30412-6275;540-6306,d8c54ca75c4ad96,No Injuries Reported,Cruise,AV,Heavy Truck,Street,ADS,"[REDACTED, MAY CONTAIN CONFIDENTIAL BUSINESS INFORMATION]",2
3cad4d71a6699b8,NHTSA Same Incident ID,AUG-2023,San Francisco,CA,Waymo LLC,30270-6340,a96a4dfc1ceef90,No Injuries Reported,Jaguar,I-Pace,Passenger Car,Intersection,ADS,Yes,1
41ac060def1a649,NHTSA Same Incident ID,AUG-2023,Phoenix,AZ,Waymo LLC,30270-6150,31e7abc989c46e4,No Injuries Reported,Jaguar,I-Pace,Pickup Truck,Intersection,ADS,Yes,1
467edb2f2766c58,NHTSA Same Incident ID,AUG-2023,Los Angeles,CA,Waymo LLC,30270-6339,d1bf148fd6c821c,No Injuries Reported,Jaguar,I-Pace,"Other, see Narrative",Street,ADS,Yes,1
47d9acb9a1f666d,NHTSA Same Incident ID,AUG-2023,San Francisco,CA,"Cruise LLC;General Motors, LLC",30412-6278;540-6313,c4da4bc8f25fc58,No Injuries Reported,Cruise,AV,Pickup Truck,Street,ADS,"[REDACTED, MAY CONTAIN CONFIDENTIAL BUSINESS INFORMATION]",2
4a83312a10c2a30,NHTSA Same Incident ID,AUG-2023,San Frabcisco,CA,"General Motors, LLC",540-6151,51ea6e175307551,Minor,Cruise,AV,Non-Motorist: Cyclist,Intersection,ADS,"Unknown, see Narrative",1
4cfdaf92efc44d4,NHTSA Same Incident ID,AUG-2023,San Francisco,CA,"Cruise LLC;General Motors, LLC",30412-6276;540-6308,4f77fc9ca442498,No Injuries Reported,Cruise,AV,Heavy Truck,Intersection,ADS,"[REDACTED, MAY CONTAIN CONFIDENTIAL BUSINESS INFORMATION]",2
558b2f6cb423a8b,NHTSA Same Incident ID,AUG-2023,San Francisco,CA,"Cruise LLC;General Motors, LLC",30412-6175;540-6178,4f6dffba14768a2,Moderate,Cruise,AV,Non-Motorist: Pedestrian,Intersection,ADS,"[REDACTED, MAY CONTAIN CONFIDENTIAL BUSINESS INFORMATION]",2
5b390c5a66d9694,NHTSA Same Incident ID,AUG-2023,San Francisco,CA,"Cruise LLC;General Motors, LLC",30412-6279;540-6311,009eccb2ce49c6d,No Injuries Reported,Cruise,AV,Passenger Car,Intersection,ADS,"[REDACTED, MAY CONTAIN CONFIDENTIAL BUSINESS INFORMATION]",2
5e644a30ee794ee,NHTSA Same Incident ID,AUG-2023,San Francisco,CA,Waymo LLC,30270-6341,4695a335f999808,No Injuries Reported,Jaguar,I-Pace,"Other, see Narrative",Street,ADS,Yes,1
6518984c44dae43,NHTSA Same Incident ID,AUG-2023,San Francisco,CA,"Cruise LLC;General Motors, LLC",30412-6051;540-6057,ab05ddf0323cbe2,No Injuries Reported,Cruise,AV,Heavy Truck,Intersection,ADS,"[REDACTED, MAY CONTAIN CONFIDENTIAL BUSINESS INFORMATION]",2
6bc882127d0d3d9,NHTSA Same Incident ID,AUG-2023,Austin,TX,"Cruise LLC;General Motors, LLC",30412-6191;540-6199,18bb11a2be47074,No Injuries Reported,Cruise,AV,Passenger Car,Street,ADS,"[REDACTED, MAY CONTAIN CONFIDENTIAL BUSINESS INFORMATION]",2
6fe6f968f40e80b,NHTSA Same Incident ID,AUG-2023,San Francisco,CA,"Cruise LLC;General Motors, LLC",30412-6272;540-6307,0ffcaf320d0257f,No Injuries Reported,Cruise,AV,SUV,Intersection,ADS,"[REDACTED, MAY CONTAIN CONFIDENTIAL BUSINESS INFORMATION]",2
72e0aa76f6bd9ef,NHTSA Same Incident ID,AUG-2023,San Francisco,CA,Waymo LLC,30270-6336,8ea0174dd0121de,Minor,Jaguar,I-Pace,SUV,Street,ADS,Yes,1
8769ad7314aa0a5,NHTSA Same Incident ID,AUG-2023,San Francisco,CA,"Cruise LLC;General Motors, LLC",30412-6020;540-6036,fd9caa334f9fbc8,No Injuries Reported,Cruise,AV,SUV,Street,ADS,"[REDACTED, MAY CONTAIN CONFIDENTIAL BUSINESS INFORMATION]",2
8910341f6eceb78,NHTSA Same Incident ID,AUG-2023,Orlando,FL,"Beep, Inc.",30490-6165;30490-6360,a7eb56f196c0118,No Injuries Reported,Navya,ARMA Autonom DL,Bus,Street,ADS,Yes,2
8e7f82326ba47e0,NHTSA Same Incident ID,AUG-2023,San Francisco,CA,"Cruise LLC;General Motors, LLC",30412-6139;540-6152,ba7367055695bf8,No Injuries Reported,Cruise,AV,Pickup Truck,Street,ADS,"[REDACTED, MAY CONTAIN CONFIDENTIAL BUSINESS INFORMATION]",2
991a08adc8d27c7,NHTSA Same Incident ID,AUG-2023,Austin,TX,"Cruise LLC;General Motors, LLC",30412-6179;540-6188,659244d6651ee47,No Injuries Reported,Cruise,Origin,Other Fixed Object,Street,ADS,"[REDACTED, MAY CONTAIN CONFIDENTIAL BUSINESS INFORMATION]",2
9bbcc8e37f34850,NHTSA Same Incident ID,AUG-2023,San Francisco,CA,"Cruise LLC;General Motors, LLC",30412-6269;540-6302,060a42f327f5862,No Injuries Reported,Cruise,AV,Passenger Car,Intersection,ADS,"[REDACTED, MAY CONTAIN CONFIDENTIAL BUSINESS INFORMATION]",2
REPORT:30490-6359,Report ID fallback,AUG-2023,San Francisco,CA,"Beep, Inc.",30490-6359,,No Injuries Reported,Navya,Arma Autonom DL,Passenger Car,Intersection,ADS,Yes,1
a031f7256578809,NHTSA Same Incident ID,AUG-2023,San Francisco,CA,"Cruise LLC;General Motors, LLC",30412-6167;540-6304,e701c498a606d33,Minor,Cruise,AV,Passenger Car,Street,ADS,"[REDACTED, MAY CONTAIN CONFIDENTIAL BUSINESS INFORMATION]",2
a1a3b76299c95c4,NHTSA Same Incident ID,AUG-2023,San Francisco,CA,"Cruise LLC;General Motors, LLC",30412-6271;540-6293,855beb2ad4ea0c6,No Injuries Reported,Cruise,AV,Pickup Truck,Intersection,ADS,"Unknown, see Narrative",2
a3b36081dcdb405,NHTSA Same Incident ID,AUG-2023,San Francisco,CA,"Cruise LLC;General Motors, LLC",30412-6181;540-6190,d1555c584628ca6,No Injuries Reported,Cruise,AV,SUV,Intersection,ADS,"[REDACTED, MAY CONTAIN CONFIDENTIAL BUSINESS INFORMATION]",2
a4139547e5e749b,NHTSA Same Incident ID,AUG-2023,San Francisco,CA,WeRide Corp,30792-6114,caa76225bb77e79,No Injuries Reported,Nissan,LEAF,Pickup Truck,Street,"Unknown, see Narrative",Yes,1
aae6306629016ce,NHTSA Same Incident ID,AUG-2023,San Francisco,CA,"Cruise LLC;General Motors, LLC",30412-6158;540-6161,8d8f4e03185c26a,No Injuries Reported,Cruise,AV,Van,Intersection,ADS,"[REDACTED, MAY CONTAIN CONFIDENTIAL BUSINESS INFORMATION]",2
abaaba07ac5d811,NHTSA Same Incident ID,AUG-2023,San Francisco,CA,Waymo LLC,30270-6346,f0f7a440e0d08c2,No Injuries Reported,Jaguar,I-Pace,Heavy Truck,Street,ADS,Yes,1
aeab14bf24ea3b8,NHTSA Same Incident ID,AUG-2023,Sunol,CA,Ghost Autonomy Inc.,30450-6116,654f893a817f30a,No Injuries Reported,Toyota,Camry,"Other, see Narrative",Highway / Freeway,"Unknown, see Narrative",Yes,1
b77f65c9bc8eab0,NHTSA Same Incident ID,AUG-2023,Austin,TX,"Cruise LLC;General Motors, LLC",30412-6273;540-6305,969075f5d5d82c1,No Injuries Reported,Cruise,AV,SUV,Street,ADS,"[REDACTED, MAY CONTAIN CONFIDENTIAL BUSINESS INFORMATION]",2
bdbef5fb68c771f,NHTSA Same Incident ID,AUG-2023,San Francisco,CA,"Cruise LLC;General Motors, LLC",30412-6159;540-6162,83ae19e86bb60d2,Moderate,Cruise,AV,Passenger Car,Intersection,ADS,"[REDACTED, MAY CONTAIN CONFIDENTIAL BUSINESS INFORMATION]",2
c2bef3d02082eb1,NHTSA Same Incident ID,AUG-2023,Arlington,TX,May Mobility,30413-6257,022d62e8448e32b,No Injuries Reported,Toyota,Sienna,Passenger Car,Street,"Unknown, see Narrative","No, see Narrative",1
cf34b270bacafa4,NHTSA Same Incident ID,AUG-2023,Los Angeles,CA,"Mercedes-Benz USA, LLC",855-6288,a944740a4963a5e,Minor,Mercedes-Benz,S 580 4Matic,Van,Highway / Freeway,ADS,"[REDACTED, MAY CONTAIN CONFIDENTIAL BUSINESS INFORMATION]",1
d01df3691917979,NHTSA Same Incident ID,AUG-2023,San Francisco,CA,"Cruise LLC;General Motors, LLC",30412-6281;540-6316,cad73f6c6d87ae2,No Injuries Reported,Cruise,AV,Pickup Truck,Street,ADS,"[REDACTED, MAY CONTAIN CONFIDENTIAL BUSINESS INFORMATION]",2
d1a6990388a8f75,NHTSA Same Incident ID,AUG-2023,Phoenix,AZ,Waymo LLC,30270-6198,ed590c651fc2b4e,No Injuries Reported,Jaguar,I-Pace,Passenger Car,Intersection,ADS,Yes,1
d52496957ff39de,NHTSA Same Incident ID,AUG-2023,San Francisco,CA,"Cruise LLC;General Motors, LLC",30412-6277;540-6317,ad0c866add9c24e,No Injuries Reported,Cruise,AV,Heavy Truck,Street,ADS,"[REDACTED, MAY CONTAIN CONFIDENTIAL BUSINESS INFORMATION]",2
d8658d11ce22465,NHTSA Same Incident ID,AUG-2023,San Francisco,CA,"Cruise LLC;General Motors, LLC",30412-6144;540-6148,cf9688d9a496319,Serious,Cruise,AV,First Responder Vehicle,Intersection,ADS,"[REDACTED, MAY CONTAIN CONFIDENTIAL BUSINESS INFORMATION]",2
dddd801cc7734cb,NHTSA Same Incident ID,AUG-2023,San Francisco,CA,"Cruise LLC;General Motors, LLC",30412-6268;540-6295,bd9f3f0db6c5776,No Injuries Reported,Cruise,AV,Passenger Car,Intersection,ADS,"[REDACTED, MAY CONTAIN CONFIDENTIAL BUSINESS INFORMATION]",2
e44896eb7f3d084,NHTSA Same Incident ID,AUG-2023,Santa Monica,CA,Waymo LLC,30270-6347,ee70d1945e4b3b0,No Injuries Reported,Jaguar,I-Pace,Passenger Car,Traffic Circle,ADS,Yes,1
e55e0dbe712106f,NHTSA Same Incident ID,AUG-2023,San Francisco,CA,"Cruise LLC;General Motors, LLC",30412-6180;540-6189,d199febbdcd6725,No Injuries Reported,Cruise,AV,Heavy Truck,Intersection,ADS,"[REDACTED, MAY CONTAIN CONFIDENTIAL BUSINESS INFORMATION]",2
e96092613d9dd35,NHTSA Same Incident ID,AUG-2023,San Francisco,CA,"Cruise LLC;General Motors, LLC",30412-6270;540-6294,076842eb87a311d,Minor,Cruise,AV,Passenger Car,Intersection,ADS,"Unknown, see Narrative",2
f42a0de8300f52e,NHTSA Same Incident ID,AUG-2023,San Francisco,CA,"Cruise LLC;General Motors, LLC",30412-6282;540-6318,b1e924fbcdaf437,No Injuries Reported,Cruise,AV,SUV,Intersection,ADS,"[REDACTED, MAY CONTAIN CONFIDENTIAL BUSINESS INFORMATION]",2
f90c1db7893a4db,NHTSA Same Incident ID,AUG-2023,Phoenix,AZ,Waymo LLC,30270-6338,9d9fb23eadb6334,No Injuries Reported,Jaguar,I-Pace,SUV,Intersection,ADS,Yes,1
f95b4d1b403e689,NHTSA Same Incident ID,AUG-2023,San Francisco,CA,Waymo LLC,30270-6342,0b5307ab029c107,No Injuries Reported,Jaguar,I-Pace,SUV,Street,ADS,Yes,1
05400f054639ab4,NHTSA Same Incident ID,AUG-2024,Phoenix,AZ,Waymo LLC,30270-8606,3fa13431ff0349d,No Injuries Reported,Jaguar,I-Pace,Passenger Car,Intersection,ADS,Yes,1
0c5c84a13b2a281,NHTSA Same Incident ID,AUG-2024,San Francisco,CA,Waymo LLC,30270-8469,12a244b6faf503d,No Injuries Reported,Jaguar,I-Pace,Passenger Car,Intersection,ADS,Yes,1
0df23a575e9e4fc,NHTSA Same Incident ID,AUG-2024,Phoenix,AZ,Waymo LLC,30270-8612,e801f0c281cadd6,No Injuries Reported,Jaguar,I-Pace,"Other, see Narrative",Street,ADS,Yes,1
0e857f04e0ad004,NHTSA Same Incident ID,AUG-2024,Santa Monica,CA,Waymo LLC,30270-8603,2030dc3f9cdb82c,No Injuries Reported,Jaguar,I-Pace,SUV,Street,ADS,Yes,1
1a4cbd1d95b3d30,NHTSA Same Incident ID,AUG-2024,San Francisco,CA,Waymo LLC,30270-8316,4fb647281cb3ccc,No Injuries Reported,Jaguar,I-Pace,Passenger Car,Intersection,ADS,Yes,1
2c0ce558c1d4917,NHTSA Same Incident ID,AUG-2024,Spring Valley,NV,"Zoox, Inc.",30610-8467,149afc762790a30,No Injuries Reported,Toyota,Highlander,SUV,Street,ADS,Yes,1
2c64f8b5a7ca81d,NHTSA Same Incident ID,AUG-2024,San Francisco,CA,Waymo LLC,30270-8629,edab022a2c975fe,No Injuries Reported,Jaguar,I-Pace,Heavy Truck,Street,ADS,Yes,1
315d56d8e94a952,NHTSA Same Incident ID,AUG-2024,San Francisco,CA,Waymo LLC,30270-8623,d0ebac371478862,No Injuries Reported,Jaguar,I-Pace,Passenger Car,Street,ADS,Yes,1
3351cd9a8406d4b,NHTSA Same Incident ID,AUG-2024,Tempe,AZ,Waymo LLC,30270-8631,9c5230044402de2,No Injuries Reported,Jaguar,I-Pace,Passenger Car,Street,ADS,Yes,1
33ab63487102c6a,NHTSA Same Incident ID,AUG-2024,San Francisco,CA,Waymo LLC,30270-8621,c29b4c11225a765,No Injuries Reported,Jaguar,I-Pace,Heavy Truck,Intersection,ADS,Yes,1
61933601d199eeb,NHTSA Same Incident ID,AUG-2024,Los Angeles,CA,Transdev Alternative Services;Waymo LLC,30270-8626;30531-8648,99b9ecada3831d4,No Injuries Reported,Jaguar,I-Pace,SUV,Street,ADS,Yes,2
62ef06dc892e5a3,NHTSA Same Incident ID,AUG-2024,San Francisco,CA,Waymo LLC,30270-8615,88217f623d4d6fb,No Injuries Reported,Jaguar,I-Pace,Passenger Car,Street,ADS,Yes,1
6b6d4cd8eee344d,NHTSA Same Incident ID,AUG-2024,Los Angeles,CA,Waymo LLC,30270-8624,db37943255ba1e2,No Injuries Reported,Jaguar,I-Pace,Other Fixed Object,Parking Lot,ADS,Yes,1
705af0c07826a64,NHTSA Same Incident ID,AUG-2024,Phoenix,AZ,Waymo LLC,30270-8620,85a9f39d9ae609d,No Injuries Reported,Jaguar,I-Pace,SUV,Street,ADS,Yes,1
70693d87dae34e4,NHTSA Same Incident ID,AUG-2024,Spring Valley,NV,"Zoox, Inc.",30610-8290,45a6810a3343425,Unknown,Toyota,Highlander,Motorcycle,Street,ADS,Yes,1
73d301e8b716511,NHTSA Same Incident ID,AUG-2024,Phoenix,AZ,Waymo LLC,30270-8317,39f0ea8290e0976,No Injuries Reported,Jaguar,I-Pace,SUV,Parking Lot,ADS,Yes,1
743a6c677a3a6f2,NHTSA Same Incident ID,AUG-2024,San Francisco,CA,Waymo LLC,30270-8618,0021ba1f541d01b,No Injuries Reported,Jaguar,I-Pace,SUV,Street,ADS,Yes,1
8889dbfa87b1a25,NHTSA Same Incident ID,AUG-2024,Las Vegas,NV,Hyundai Motor America;Motional,30410-8366;669-8495,df01372cca14fc6,No Injuries Reported,Hyundai,Ioniq 5,Other Fixed Object,Street,ADS,Yes,2
8b14fdebdb542b9,NHTSA Same Incident ID,AUG-2024,San Francisco,CA,Waymo LLC,30270-8632,1792591cf154260,No Injuries Reported,Jaguar,I-Pace,Animal,Street,ADS,Yes,1
8d5de51bc775cac,NHTSA Same Incident ID,AUG-2024,Atlanta,GA,Transdev Alternative Services;Waymo LLC,30270-8443;30531-8448,a17640abc7498b1,No Injuries Reported,Jaguar,I-Pace,"Other, see Narrative",Street,ADS,Yes,2
92e6a0c70eadf8b,NHTSA Same Incident ID,AUG-2024,Phoenix,AZ,Waymo LLC,30270-8617,60b46384090eadf,No Injuries Reported,Jaguar,I-Pace,Passenger Car,Intersection,ADS,Yes,1
954714c0ef93c9b,NHTSA Same Incident ID,AUG-2024,San Francisco,CA,Waymo LLC,30270-8600,46b3799ef969057,No Injuries Reported,Jaguar,I-Pace,SUV,Street,ADS,Yes,1
9dfb44fc01a3f64,NHTSA Same Incident ID,AUG-2024,San Francisco,CA,Waymo LLC,30270-8633,5dc1439eb5644a6,No Injuries Reported,Jaguar,I-Pace,Passenger Car,Street,ADS,Yes,1
a386703bc6498b9,NHTSA Same Incident ID,AUG-2024,Scottsdale,AZ,Transdev Alternative Services;Waymo LLC,30270-8343;30531-8345,4b1805e90895d48,Moderate,Jaguar,I-Pace,SUV,Street,ADS,Yes,2
a57674ca04113a9,NHTSA Same Incident ID,AUG-2024,Los Angeles,CA,Waymo LLC,30270-8630,87e063e17697306,No Injuries Reported,Jaguar,I-Pace,Passenger Car,Street,ADS,Yes,1
a6c3d816cc7ab78,NHTSA Same Incident ID,AUG-2024,San Francisco,CA,Waymo LLC,30270-8471,2fe1f915f92ebbd,No Injuries Reported,Jaguar,I-Pace,Passenger Car,Street,ADS,Yes,1
a8e4923d669f9b8,NHTSA Same Incident ID,AUG-2024,Scottsdale,AZ,Waymo LLC,30270-8344,a716fa442f09994,No Injuries Reported,Jaguar,I-Pace,"Other, see Narrative",Street,ADS,Yes,1
a95fa4a5e326ae5,NHTSA Same Incident ID,AUG-2024,San Francisco,CA,Waymo LLC,30270-8610,778fffc33261129,No Injuries Reported,Jaguar,I-Pace,SUV,Street,ADS,Yes,1
a9dbd0eec01db66,NHTSA Same Incident ID,AUG-2024,Scottsdale,AZ,Waymo LLC,30270-8357,380f141e3688fe0,No Injuries Reported,Jaguar,I-Pace,Other Fixed Object,Parking Lot,ADS,Yes,1
aa353310a33298a,NHTSA Same Incident ID,AUG-2024,Scottsdale,AZ,Waymo LLC,30270-8614,3f9e2496d4bf081,No Injuries Reported,Jaguar,I-Pace,SUV,Street,ADS,Yes,1
b49f2ebdba44267,NHTSA Same Incident ID,AUG-2024,San Francisco,CA,Waymo LLC,30270-8605,269b2953f5264a1,No Injuries Reported,Jaguar,I-Pace,SUV,Street,ADS,Yes,1
c39af8f27983bc6,NHTSA Same Incident ID,AUG-2024,Paradise Valley,AZ,Waymo LLC,30270-8483,3da2202cd33026f,No Injuries Reported,Jaguar,I-Pace,Other Fixed Object,Street,ADS,Yes,1
c82737ce9140d5e,NHTSA Same Incident ID,AUG-2024,Los Angeles,CA,Waymo LLC,30270-8622,fb4b507fa0fd555,No Injuries Reported,Jaguar,I-Pace,SUV,Parking Lot,ADS,Yes,1
cf999e76768d191,NHTSA Same Incident ID,AUG-2024,San Francisco,CA,Waymo LLC,30270-8616,ffae69de9f868ce,No Injuries Reported,Jaguar,I-Pace,Passenger Car,Street,ADS,Yes,1
d67503382bbf356,NHTSA Same Incident ID,AUG-2024,Centerville,TX,"Aurora Operations, Inc.;PACCAR Incorporated",30530-8577;988-8593,84e7fa598f3e83e,No Injuries Reported,Peterbilt,579,"Other, see Narrative",Highway / Freeway,ADS,Yes,2
d9055ac7ecd8320,NHTSA Same Incident ID,AUG-2024,Daly City,CA,Waymo LLC,30270-8607,0e239a9b1c0a234,No Injuries Reported,Jaguar,I-Pace,Passenger Car,Street,ADS,Yes,1
da95260e755d3de,NHTSA Same Incident ID,AUG-2024,Scottsdale,AZ,Waymo LLC,30270-8602,376c8139f54419f,No Injuries Reported,Jaguar,I-Pace,Other Fixed Object,Street,ADS,Yes,1
dc54b81a445d6d0,NHTSA Same Incident ID,AUG-2024,San Francisco,CA,Waymo LLC,30270-8356,457ba4addbb8953,No Injuries Reported,Jaguar,I-Pace,Other Fixed Object,Parking Lot,ADS,Yes,1
dcbe1bea0b66e11,NHTSA Same Incident ID,AUG-2024,Tempe,AZ,Waymo LLC,30270-8627,eaec6693557395b,No Injuries Reported,Jaguar,I-Pace,SUV,Street,ADS,Yes,1
de46b02d08252ae,NHTSA Same Incident ID,AUG-2024,Tempe,AZ,Waymo LLC,30270-8608,d4ef0db0ec3a2df,No Injuries Reported,Jaguar,I-Pace,SUV,Parking Lot,ADS,Yes,1
e0c5c77ad2a2c50,NHTSA Same Incident ID,AUG-2024,Phoenix,AZ,Waymo LLC,30270-8619,2e36ef5640679ec,No Injuries Reported,Jaguar,I-Pace,Heavy Truck,Street,ADS,Yes,1
e60b1911a5ec847,NHTSA Same Incident ID,AUG-2024,Los Angeles,CA,Waymo LLC,30270-8599,63253074c9e64f2,No Injuries Reported,Jaguar,I-Pace,SUV,Street,ADS,Yes,1
ec16e97ff7ff78c,NHTSA Same Incident ID,AUG-2024,San Francisco,CA,Waymo LLC,30270-8601,8f9dc65fec0ac57,No Injuries Reported,Jaguar,I-Pace,Passenger Car,Street,ADS,Yes,1
ed90a2780572f50,NHTSA Same Incident ID,AUG-2024,San Francisco,CA,Waymo LLC,30270-8625,932252289f3d948,No Injuries Reported,Jaguar,I-Pace,SUV,Intersection,ADS,Yes,1
f0565ea7fcd398a,NHTSA Same Incident ID,AUG-2024,San Francisco,CA,Waymo LLC,30270-8444,f48ff35eafa2b0b,Minor,Jaguar,I-Pace,Non-Motorist: Cyclist,Street,ADS,Yes,1
fea7e0ad7519a39,NHTSA Same Incident ID,AUG-2024,San Francisco,CA,Waymo LLC,30270-8417,e0571a62a1ccccb,No Injuries Reported,Jaguar,I-Pace,Passenger Car,Intersection,ADS,Yes,1
01fcea472941290,NHTSA Same Incident ID,AUG-2025,Inglewood,CA,Waymo LLC,30270-11548,88c94121ad1d443,Property Damage. No Injured Reported,JAGUAR,I-PACE,Other Fixed Object,Street,ADS,Yes,1
03781d2c09e781b,NHTSA Same Incident ID,AUG-2025,Santa Monica,CA,"Zoox, Inc.",30610-11696,a50870901188e49,Property Damage. No Injured Reported,TOYOTA,Highlander,SUV,Street,ADS,Yes,1
0444203bbe1ac87,NHTSA Same Incident ID,AUG-2025,Houston,TX,Waymo LLC,30270-11499,c4c1d30bed93b05,Property Damage. No Injured Reported,JAGUAR,I-PACE,Other Fixed Object,Intersection,ADS,Yes,1
075ba3c0b6ebb2a,NHTSA Same Incident ID,AUG-2025,Santa Monica,CA,Waymo LLC,30270-11564,4e8f87313401b9c,Property Damage. No Injured Reported,JAGUAR,I-PACE,Passenger Car,Intersection,ADS,Yes,1
09531ba31a1bd07,NHTSA Same Incident ID,AUG-2025,Los Angeles,CA,Waymo LLC,30270-11508,7b8954cd5cbc3bf,Property Damage. No Injured Reported,JAGUAR,I-PACE,Pickup Truck,Street,ADS,Yes,1
0a13e468fe82e15,NHTSA Same Incident ID,AUG-2025,San Francisco,CA,Waymo LLC,30270-11550,d486f6b56e17cbc,Property Damage. No Injured Reported,JAGUAR,I-PACE,Passenger Car,Street,ADS,Yes,1
0e6365006633bea,NHTSA Same Incident ID,AUG-2025,Phoenix,AZ,Waymo LLC,30270-11545,5071b1e30878c2e,Property Damage. No Injured Reported,JAGUAR,I-PACE,Passenger Car,Intersection,ADS,Yes,1
0f07710b9ce3333,NHTSA Same Incident ID,AUG-2025,San Francisco,CA,Waymo LLC,30270-11523,ce99baa19485fe5,Property Damage. No Injured Reported,JAGUAR,I-PACE,Van,Street,ADS,Yes,1
16f2f65d89f0064,NHTSA Same Incident ID,AUG-2025,Houston,TX,Nuro,30291-11595,73283a96f09b874,Property Damage. No Injured Reported,TOYOTA,Prius,Passenger Car,Intersection,ADS,"[REDACTED, MAY CONTAIN CONFIDENTIAL BUSINESS INFORMATION]",1
18e86baf086661c,NHTSA Same Incident ID,AUG-2025,San Francisco,CA,Waymo LLC,30270-11522,b579d7c1c520a35,Property Damage. No Injured Reported,JAGUAR,I-PACE,Passenger Car,Street,ADS,Yes,1
1cf4d28bc876306,NHTSA Same Incident ID,AUG-2025,Los Angeles,CA,Waymo LLC,30270-11544,9e40c2babfb79c8,Property Damage. No Injured Reported,JAGUAR,I-PACE,Passenger Car,Intersection,ADS,Yes,1
1f6a25a981ec43b,NHTSA Same Incident ID,AUG-2025,Phoenix,AZ,Waymo LLC,30270-11611,00913b2756064ea,Property Damage. No Injured Reported,JAGUAR,I-PACE,Pickup Truck,Street,ADS,Yes,1
27f5ade8b2a100c,NHTSA Same Incident ID,AUG-2025,San Francisco,CA,"Zoox, Inc.",30610-11497,c78e6704cc97575,Property Damage. No Injured Reported,ZOOX,Zoox,SUV,Street,ADS,Yes,1
2c3503d25df6e2d,NHTSA Same Incident ID,AUG-2025,Riverside,CA,"Ohmio, Inc.",34970-11835,a7a13499d17e767,Minor W/O Hospitalization,Ohmio,LIFT,SUV,Street,ADS,Yes,1
2cbb435ba089c85,NHTSA Same Incident ID,AUG-2025,San Francisco,CA,"Zoox, Inc.",30610-11563,4a66a1e26d7fd52,Property Damage. No Injured Reported,ZOOX,Zoox,Pickup Truck,Street,ADS,Yes,1
30e47111d000eb5,NHTSA Same Incident ID,AUG-2025,Paradise Valley,AZ,Waymo LLC,30270-11594,1cfded7638df02b,Property Damage. No Injured Reported,JAGUAR,I-PACE,Other Fixed Object,Street,ADS,Yes,1
44a3e9735d95629,NHTSA Same Incident ID,AUG-2025,West Hollywood,CA,Waymo LLC,30270-11474,b0bffaff0b2b514,Property Damage. No Injured Reported,JAGUAR,I-PACE,SUV,Intersection,ADS,Yes,1
4bab2ed9f78c99e,NHTSA Same Incident ID,AUG-2025,San Francisco,CA,Waymo LLC,30270-11607,9c09dbdd3e4f548,Property Damage. No Injured Reported,JAGUAR,I-PACE,Passenger Car,Street,ADS,Yes,1
550378e84cbe32d,NHTSA Same Incident ID,AUG-2025,San Francisco,CA,Waymo LLC,30270-11596,d0ebac371478862,Property Damage. No Injured Reported,JAGUAR,I-PACE,Passenger Car,Street,ADS,Yes,1
563dda883ac7ccc,NHTSA Same Incident ID,AUG-2025,Phoenix,AZ,Waymo LLC,30270-11500,feeb9235b719c75,Property Damage. No Injured Reported,JAGUAR,I-PACE,"Other, see Narrative",Street,ADS,Yes,1
59c8f0ea2de9faa,NHTSA Same Incident ID,AUG-2025,Palo Alto,CA,Waymo LLC,30270-11588,cd223ee0c0d774c,Property Damage. No Injured Reported,JAGUAR,I-PACE,SUV,Intersection,ADS,Yes,1
642b9d8879d269b,NHTSA Same Incident ID,AUG-2025,San Francisco,CA,Waymo LLC,30270-11605,aca840db6563bbb,No Injured Reported,JAGUAR,I-PACE,SUV,Street,ADS,Yes,1
648613db05d6eb9,NHTSA Same Incident ID,AUG-2025,Culver City,CA,Waymo LLC,30270-11547,043a0641d7f833c,Property Damage. No Injured Reported,JAGUAR,I-PACE,Heavy Truck,Street,ADS,Yes,1
6ae265d3178bbd8,NHTSA Same Incident ID,AUG-2025,San Francisco,CA,Waymo LLC,30270-11567,2a10e9b27c25a9d,Property Damage. No Injured Reported,JAGUAR,I-PACE,SUV,Street,ADS,Yes,1
6c35c4687ba2a7e,NHTSA Same Incident ID,AUG-2025,Daly City,CA,Waymo LLC,30270-11589,60e3bf6248e7a0e,Property Damage. No Injured Reported,JAGUAR,I-PACE,Passenger Car,Intersection,ADS,Yes,1
6cae2a7397f4f92,NHTSA Same Incident ID,AUG-2025,Phoenix,AZ,Waymo LLC,30270-11621,4344243e551758a,Property Damage. No Injured Reported,JAGUAR,I-PACE,Passenger Car,Intersection,ADS,Yes,1
6d9546c51f40167,NHTSA Same Incident ID,AUG-2025,Eden Prairie,MN,May Mobility,30413-11669,4cc51a7027174be,No Injured Reported,TOYOTA,Sienna,Pickup Truck,Intersection,ADS,Yes,1
6fef0bd4d38ff9c,NHTSA Same Incident ID,AUG-2025,Los Angeles,CA,Waymo LLC,30270-11543,414a581fb3c2819,Property Damage. No Injured Reported,JAGUAR,I-PACE,SUV,Street,ADS,Yes,1
738d6f870cfbec8,NHTSA Same Incident ID,AUG-2025,San Francisco,CA,Waymo LLC,30270-11501,3d7a03e316ec104,Property Damage. No Injured Reported,JAGUAR,I-PACE,Pickup Truck,Street,ADS,Yes,1
748efca603e1263,NHTSA Same Incident ID,AUG-2025,Los Angeles,CA,Waymo LLC,30270-11591,000c2c3f72f5b09,Property Damage. No Injured Reported,JAGUAR,I-PACE,"Other, see Narrative",Street,ADS,Yes,1
79e867ebe3bea1c,NHTSA Same Incident ID,AUG-2025,San Francisco,CA,Waymo LLC,30270-11590,99792a5987d8ed0,Property Damage. No Injured Reported,JAGUAR,I-PACE,SUV,Street,ADS,Yes,1
7c278f76569dcff,NHTSA Same Incident ID,AUG-2025,San Francisco,CA,Waymo LLC,30270-11573,1bb413623483473,Minor W/O Hospitalization,JAGUAR,I-PACE,SUV,Street,ADS,Yes,1
7c2d69cdefccc23,NHTSA Same Incident ID,AUG-2025,Los Angeles,CA,Waymo LLC,30270-11561,20685eae2b03d12,Property Damage. No Injured Reported,JAGUAR,I-PACE,"Other, see Narrative",Street,ADS,Yes,1
842912869025dbe,NHTSA Same Incident ID,AUG-2025,Miami,FL,Waymo LLC,30270-11518,0c1e9551cc957f9,Property Damage. No Injured Reported,JAGUAR,I-PACE,Other Fixed Object,Parking Lot,ADS,Yes,1
866839b247a16d6,NHTSA Same Incident ID,AUG-2025,Los Angeles,CA,Waymo LLC,30270-11476,f1a941b14721f78,Minor W/O Hospitalization,JAGUAR,I-PACE,Passenger Car,Street,ADS,Yes,1
88bcb808d90373f,NHTSA Same Incident ID,AUG-2025,San Francisco,CA,Waymo LLC,30270-11488,9bb28c83869f0d5,Minor W/O Hospitalization,JAGUAR,I-PACE,Passenger Car,Street,ADS,Yes,1
90ec722a319e433,NHTSA Same Incident ID,AUG-2025,San Francisco,CA,Waymo LLC,30270-11542,cd2823db49350b9,Property Damage. No Injured Reported,JAGUAR,I-PACE,Pickup Truck,Street,ADS,Yes,1
95004cd5904030e,NHTSA Same Incident ID,AUG-2025,San Francisco,CA,Waymo LLC,30270-11450,f4f776649f9d71e,Moderate W/O Hospitalization,JAGUAR,I-PACE,SUV,Street,ADS,Yes,1
95250f9715252ce,NHTSA Same Incident ID,AUG-2025,Los Angeles,CA,Waymo LLC,30270-11475,f66e77e52939f05,Minor W/O Hospitalization,JAGUAR,I-PACE,Van,Intersection,ADS,Yes,1
955f70191f829db,NHTSA Same Incident ID,AUG-2025,Culver City,CA,Waymo LLC,30270-11671,4e651e73a30d84b,Property Damage. No Injured Reported,JAGUAR,I-PACE,Pickup Truck,Street,ADS,Yes,1
966cc9f416e8092,NHTSA Same Incident ID,AUG-2025,San Francisco,CA,Waymo LLC,30270-11433,40eadc5af7b8d6a,Minor W/ Hospitalization,JAGUAR,I-PACE,Heavy Truck,Intersection,ADS,Yes,1
9a5142ef6a080a0,NHTSA Same Incident ID,AUG-2025,Phoenix,AZ,Waymo LLC,30270-11525,c07483f5a991e23,Property Damage. No Injured Reported,JAGUAR,I-PACE,Heavy Truck,Street,ADS,Yes,1
9cfac09fd9d9164,NHTSA Same Incident ID,AUG-2025,Jacksonville,FL,"Beep, Inc.",30490-11693,329196ba4571752,Property Damage. No Injured Reported,FORD,Transit,Pole / Tree,Street,ADS,Yes,1
a18be595695791f,NHTSA Same Incident ID,AUG-2025,Scottsdale,AZ,Waymo LLC,30270-11673,3a591fe755ab2be,Property Damage. No Injured Reported,JAGUAR,I-PACE,SUV,Street,ADS,Yes,1
ab57365228d9299,NHTSA Same Incident ID,AUG-2025,Phoenix,AZ,Waymo LLC,30270-11571,850b9cf3b01cf8d,Property Damage. No Injured Reported,JAGUAR,I-PACE,"Other, see Narrative",Street,ADS,Yes,1
ac18c88cf467919,NHTSA Same Incident ID,AUG-2025,Strawn,TX,"Aurora Operations, Inc.",30530-11597,30868eabdc60bf3,Property Damage. No Injured Reported,PETERBILT,579,Heavy Truck,Highway / Freeway,ADS,Yes,1
ace9343897148f7,NHTSA Same Incident ID,AUG-2025,Phoenix,AZ,Waymo LLC,30270-11502,8d461142a6059de,Property Damage. No Injured Reported,JAGUAR,I-PACE,Passenger Car,Parking Lot,ADS,Yes,1
b615a24ab23cdb1,NHTSA Same Incident ID,AUG-2025,Phoenix,AZ,Waymo LLC,30270-11546,9b08fa2a330786b,Property Damage. No Injured Reported,JAGUAR,I-PACE,Other Fixed Object,Street,ADS,Yes,1
b8b298169bdd694,NHTSA Same Incident ID,AUG-2025,San Francisco,CA,Waymo LLC,30270-11622,7e9b05bde083073,Property Damage. No Injured Reported,JAGUAR,I-PACE,Passenger Car,Intersection,ADS,Yes,1
bdb04d1fc17d560,NHTSA Same Incident ID,AUG-2025,Phoenix,AZ,Waymo LLC,30270-11565,99b39c0fae9a593,Property Damage. No Injured Reported,JAGUAR,I-PACE,"Other, see Narrative",Intersection,ADS,Yes,1
c8fc5852e372cc1,NHTSA Same Incident ID,AUG-2025,San Francisco,CA,Waymo LLC,30270-11456,f1ee4f3524445ac,Property Damage. No Injured Reported,JAGUAR,I-PACE,Motorcycle,Street,ADS,Yes,1
cb31f26832c6c32,NHTSA Same Incident ID,AUG-2025,Spring Valley,NV,"Zoox, Inc.",30610-11587,c91287d3011bdde,Property Damage. No Injured Reported,ZOOX,Zoox,Heavy Truck,Street,ADS,Yes,1
d977b50f4d37e80,NHTSA Same Incident ID,AUG-2025,Los Angeles,CA,Waymo LLC,30270-11495,5f8c7c157411267,Property Damage. No Injured Reported,JAGUAR,I-PACE,Bus,Street,ADS,Yes,1
dffa2f99e3df433,NHTSA Same Incident ID,AUG-2025,San Francisco,CA,Waymo LLC,30270-11516,29957f8439e963f,Property Damage. No Injured Reported,JAGUAR,I-PACE,Heavy Truck,Intersection,ADS,Yes,1
e50c2bf2e2ca222,NHTSA Same Incident ID,AUG-2025,San Francisco,CA,Waymo LLC,30270-11469,605f7e26bb1b5e5,Property Damage. No Injured Reported,JAGUAR,I-PACE,Bus,Intersection,ADS,Yes,1
e5ece9ed52c6255,NHTSA Same Incident ID,AUG-2025,San Francisco,CA,Waymo LLC,30270-11496,ee788936a3a0791,Minor W/O Hospitalization,JAGUAR,I-PACE,Motorcycle,Street,ADS,Yes,1
e8787d98d3f284c,NHTSA Same Incident ID,AUG-2025,Atlanta,GA,Waymo LLC,30270-11569,5a6fef52a42e563,Property Damage. No Injured Reported,JAGUAR,I-PACE,Passenger Car,Parking Lot,ADS,Yes,1
e8aa41fded38ec7,NHTSA Same Incident ID,AUG-2025,Mesa,AZ,Waymo LLC,30270-11498,c71544630634005,Property Damage. No Injured Reported,JAGUAR,I-PACE,Passenger Car,Parking Lot,ADS,Yes,1
ec7b46b5097bc64,NHTSA Same Incident ID,AUG-2025,Peachtree Corners,GA,May Mobility,30413-11593,12b7d35729a047b,Minor W/O Hospitalization,TOYOTA,Sienna,Passenger Car,Intersection,ADS,Yes,1
f6de4eae2f1319d,NHTSA Same Incident ID,AUG-2025,San Francisco,CA,Waymo LLC,30270-11765,d3d11a83f01da9b,Property Damage. No Injured Reported,JAGUAR,I-PACE,Passenger Car,Street,ADS,Yes,1
f954a67865eecaa,NHTSA Same Incident ID,AUG-2025,San Francisco,CA,Waymo LLC,30270-11490,69f9ac55561d6ff,Property Damage. No Injured Reported,JAGUAR,I-PACE,Passenger Car,Street,ADS,Yes,1
003a9a4a34d20d8,NHTSA Same Incident ID,AUG-2026,Atlanta,GA,Waymo LLC,30270-16172,25756d3842c30ca,Property Damage. No Injured Reported,JAGUAR,I-PACE,Passenger Car,Street,ADS,Yes,1
2ca40dc3f6ff2d2,NHTSA Same Incident ID,AUG-2026,Los Angeles,CA,Waymo LLC,30270-16082,6b0ed357a43e9ed,Property Damage. No Injured Reported,JAGUAR,I-PACE,SUV,Intersection,ADS,Yes,1
2d4180877e9867b,NHTSA Same Incident ID,AUG-2026,Phoenix,AZ,Waymo LLC,30270-16208,f41c0fec780150a,Property Damage. No Injured Reported,JAGUAR,I-PACE,Heavy Truck,Street,ADS,Yes,1
32720b6b155d24d,NHTSA Same Incident ID,AUG-2026,Atlanta,GA,Waymo LLC,30270-16207,45e98b772cf8695,Property Damage. No Injured Reported,JAGUAR,I-PACE,SUV,Street,ADS,Yes,1
4c6d6b79d0d8974,NHTSA Same Incident ID,AUG-2026,Dallas,TX,Waymo LLC,30270-16196,c48d212e3f9c294,Fatality,JAGUAR,I-PACE,Non-Motorist: Pedestrian,Street,ADS,Yes,1
571711cd8769c72,NHTSA Same Incident ID,AUG-2026,Los Angeles,CA,Waymo LLC,30270-16093,7108922e6a861c0,Minor W/O Hospitalization,JAGUAR,I-PACE,Passenger Car,Street,ADS,Yes,1
9e32f97063cd034,NHTSA Same Incident ID,AUG-2026,Atlanta,GA,Waymo LLC,30270-16174,565e8e60efecf5b,Property Damage. No Injured Reported,JAGUAR,I-PACE,Passenger Car,Street,ADS,Yes,1
c0adb95d5980d1e,NHTSA Same Incident ID,AUG-2026,San Francisco,CA,Waymo LLC,30270-16123,5e319d706392e3e,Property Damage. No Injured Reported,JAGUAR,I-PACE,SUV,Street,ADS,Yes,1
cee4c694ffc6293,NHTSA Same Incident ID,AUG-2026,San Francisco,CA,Waymo LLC,30270-16210,fe2acf578a864c8,Property Damage. No Injured Reported,JAGUAR,I-PACE,Passenger Car,Street,ADS,Yes,1
de9600c1f5d999f,NHTSA Same Incident ID,AUG-2026,Tempe,AZ,Waymo LLC,30270-16171,4dced4e69c4d9ba,Property Damage. No Injured Reported,JAGUAR,I-PACE,Other Fixed Object,Parking Lot,ADS,Yes,1
e7ae4d502d7a9dc,NHTSA Same Incident ID,AUG-2026,Houston,TX,Waymo LLC,30270-16097,c076b8ec8eaf73f,Property Damage. No Injured Reported,JAGUAR,I-PACE,Other Fixed Object,Street,ADS,Yes,1
01a0825772194e1,NHTSA Same Incident ID,DEC-2021,San Francisco,CA,Transdev Alternative Services;Waymo LLC,30270-2150;30531-2155,afa8e157cfb1282,No Injuries Reported,Jaguar,I-Pace,SUV,Intersection,ADS,Yes,2
0785569a15960a6,NHTSA Same Incident ID,DEC-2021,San Francisco,CA,"Cruise LLC;General Motors, LLC",30412-2019;540-2101,a41dcc6c4454525,No Injuries Reported,Cruise,AV,Passenger Car,Street,ADS,"[REDACTED, MAY CONTAIN CONFIDENTIAL BUSINESS INFORMATION]",2
59513ab6ced8ed3,NHTSA Same Incident ID,DEC-2021,San Francisco,CA,Transdev Alternative Services;Waymo LLC,30270-1949;30270-1983;30531-1984,c076b8ec8eaf73f,No Injuries Reported,Jaguar,I-Pace,Passenger Car,Intersection,ADAS,Yes,3
7f147216f2506e2,NHTSA Same Incident ID,DEC-2021,San Francisco,CA,"Cruise LLC;General Motors, LLC",30412-2018;540-2100,004849ab20ec14e,No Injuries Reported,Cruise,AV,Pickup Truck,Street,ADS,"[REDACTED, MAY CONTAIN CONFIDENTIAL BUSINESS INFORMATION]",2
92abe0be65a945a,NHTSA Same Incident ID,DEC-2021,San Francisco,CA,Transdev Alternative Services;Waymo LLC,30270-1815;30270-1872;30531-1821,07333aef835ef03,No Injuries Reported,Jaguar,I-Pace,SUV,Street,ADS,Yes,3
a0c5ba77c698760,NHTSA Same Incident ID,DEC-2021,San Francisco,CA,Transdev Alternative Services;Waymo LLC,30270-2149;30531-2156,5b2fd709cf91a79,No Injuries Reported,Jaguar,I-Pace,Passenger Car,Intersection,ADS,Yes,2
b2e81debd54d53f,NHTSA Same Incident ID,DEC-2021,Las Vegas,NV,"Zoox, Inc.",30610-2151,c45eb5dab0befec,No Injuries Reported,Toyota,Highlander,SUV,Traffic Circle,ADAS,Yes,1
c7b2b7547ace394,NHTSA Same Incident ID,DEC-2021,San Francisco,CA,"Cruise LLC;General Motors, LLC",30412-2017;540-2078,54ce296ece6c13b,No Injuries Reported,Cruise,AV,Passenger Car,Street,ADS,"[REDACTED, MAY CONTAIN CONFIDENTIAL BUSINESS INFORMATION]",2
1d1efbae9103870,NHTSA Same Incident ID,DEC-2022,Port Saint Lucie,FL,"Beep, Inc.",30490-4473,8ecf1f29e92e6f2,No Injuries Reported,Navya,ARMA,Passenger Car,Street,"Unknown, see Narrative",Yes,1
384e51a74ec101e,NHTSA Same Incident ID,DEC-2022,San Francisco,CA,Transdev Alternative Services;Waymo LLC,30270-4505;30531-4506,3992c1b3baeaf38,No Injuries Reported,Jaguar,I-Pace,Passenger Car,Street,ADS,Yes,2
38b526747d0f6d0,NHTSA Same Incident ID,DEC-2022,Sacaton,AZ,Transdev Alternative Services;Waymo LLC,30270-4708;30531-4721,e3f4abc806213fd,No Injuries Reported,Peterbilt,579 Epiq,Heavy Truck,Highway / Freeway,ADS,Yes,2
3b559d83bff3844,NHTSA Same Incident ID,DEC-2022,San Francisco,CA,"Cruise LLC;General Motors, LLC",30412-4511;540-4524,7f0cd20edfcc133,No Injuries Reported,Cruise,AV,Passenger Car,Street,ADS,"[REDACTED, MAY CONTAIN CONFIDENTIAL BUSINESS INFORMATION]",2
72519d84cb48f6e,NHTSA Same Incident ID,DEC-2022,Las Vegas,NV,WeRide Corp,30792-4714,caa76225bb77e79,No Injuries Reported,Nissan,Leaf SV Plus,SUV,Intersection,ADS,Yes,1
8bfa1a0f855252b,NHTSA Same Incident ID,DEC-2022,San Francisco,CA,"Cruise LLC;General Motors, LLC",30412-4642;540-4671,5766dae9b40247d,No Injuries Reported,Cruise,AV,Passenger Car,Street,ADS,"[REDACTED, MAY CONTAIN CONFIDENTIAL BUSINESS INFORMATION]",2
99108ea3e1b8746,NHTSA Same Incident ID,DEC-2022,San Francisco,CA,"Cruise LLC;General Motors, LLC",30412-4540;540-4541,1ac4f435ad3b2dc,Unknown,Cruise,AV,Passenger Car,Street,ADS,"Unknown, see Narrative",2
9d43f7feeb9350e,NHTSA Same Incident ID,DEC-2022,San Francisco,CA,Transdev Alternative Services;Waymo LLC,30270-4707;30531-4720,ecc86902e84d762,No Injuries Reported,Jaguar,I-Pace,Passenger Car,Intersection,ADS,Yes,2
bd4f1d59062450f,NHTSA Same Incident ID,DEC-2022,San Francisco,CA,Transdev Alternative Services;Waymo LLC,30270-4706;30531-4719,3c6f579b1a334dc,No Injuries Reported,Jaguar,I- Pace,SUV,Intersection,ADS,Yes,2
c540122a7151606,NHTSA Same Incident ID,DEC-2022,Phoenix,AZ,Waymo LLC,30270-4363,c076b8ec8eaf73f,No Injuries Reported,Jaguar,I-Pace,Other Fixed Object,Parking Lot,ADS,Yes,1
c65deb7d73ffd40,NHTSA Same Incident ID,DEC-2022,San Francisco,CA,"Cruise LLC;General Motors, LLC",30412-4640;540-4670,c96c3a11a1d752c,No Injuries Reported,Cruise,AV,Passenger Car,Street,ADS,"[REDACTED, MAY CONTAIN CONFIDENTIAL BUSINESS INFORMATION]",2
efaea9d26730376,NHTSA Same Incident ID,DEC-2022,Sun City,AZ,May Mobility;Toyota Motor Engineering & Manufacturing,1306-4390;30413-4378,bfc192427eab6ea,No Injuries Reported,Toyota,Sienna,Motorcycle,Street,ADS,Yes,2
f055ebc4395a187,NHTSA Same Incident ID,DEC-2022,San Francisco,CA,Transdev Alternative Services;Waymo LLC,30270-4710;30531-4726,0e6a53c810d6e3f,No Injuries Reported,Jaguar,I-Pace,Passenger Car,Intersection,ADS,Yes,2
f7cf904127f755d,NHTSA Same Incident ID,DEC-2022,Ann Arbor,MI,May Mobility,30413-4352,1c26f99cf0c3b77,No Injuries Reported,Lexus,RX450h,SUV,Street,ADS,Yes,1
1133293c787a8f2,NHTSA Same Incident ID,DEC-2023,Phoenix,AZ,Waymo LLC,30270-7018,9b58c96904cb338,No Injuries Reported,Jaguar,I-Pace,Pickup Truck,Street,ADS,Yes,1
122fc199988253b,NHTSA Same Incident ID,DEC-2023,Scottsdale,AZ,Waymo LLC,30270-6907,b66605416c3fa71,No Injuries Reported,Jaguar,I-Pace,Pickup Truck,Street,ADS,Yes,1
26fbd8338d4072c,NHTSA Same Incident ID,DEC-2023,San Francisco,CA,Waymo LLC,30270-7015,470966f7d4acb58,No Injuries Reported,Jaguar,I-Pace,Heavy Truck,Intersection,ADS,Yes,1
3f6bf1a67e188d4,NHTSA Same Incident ID,DEC-2023,San Francisco,CA,Waymo LLC,30270-7019,c8454da57daa01c,No Injuries Reported,Jaguar,I-Pace,Passenger Car,Street,ADS,Yes,1
47e8e6fb8ea2c83,NHTSA Same Incident ID,DEC-2023,Tempe,AZ,Waymo LLC,30270-7012,0f967d0ef305434,No Injuries Reported,Jaguar,I-Pace,Passenger Car,Intersection,ADS,Yes,1
50317ad9488bb18,NHTSA Same Incident ID,DEC-2023,San Francisco,CA,Waymo LLC,30270-7006,012f736814921d2,No Injuries Reported,Jaguar,I-Pace,Motorcycle,Street,ADS,Yes,1
50cd58141874683,NHTSA Same Incident ID,DEC-2023,Las Vegas,NV,Ambarella,30630-6900,36780e8f27d818e,No Injuries Reported,Lexus,RX450H,SUV,Street,ADS,Yes,1
54f6fdc5f9697d5,NHTSA Same Incident ID,DEC-2023,San Francisco,CA,Waymo LLC,30270-7014,6827f44b572e4b2,No Injuries Reported,Jaguar,I-Pace,Passenger Car,Street,ADS,Yes,1
670484ffbbaf0e4,NHTSA Same Incident ID,DEC-2023,Las Vegas,NV,Hyundai Motor America;Motional,30410-6792;669-6808,e3e4516cdf04334,No Injuries Reported,Hyundai,Ioniq 5,SUV,Intersection,ADS,"[REDACTED, MAY CONTAIN CONFIDENTIAL BUSINESS INFORMATION]",2
6f39daec78014c8,NHTSA Same Incident ID,DEC-2023,San Francisco,CA,Waymo LLC,30270-7007,0e27c117ddc79c5,No Injuries Reported,Jaguar,I-Pace,Heavy Truck,Street,ADS,Yes,1
842ae816e7999c5,NHTSA Same Incident ID,DEC-2023,Tempe,AZ,Transdev Alternative Services;Waymo LLC,30270-7010;30531-7022,68397cbf53d7d3b,No Injuries Reported,Jaguar,I-Pace,SUV,Intersection,ADS,Yes,2
84b52164fe6e8ab,NHTSA Same Incident ID,DEC-2023,Phoenix,AZ,Waymo LLC,30270-7013,2c7a9a00277e615,No Injuries Reported,Jaguar,I-Pace,Pickup Truck,Street,ADS,Yes,1
a205e2551852d31,NHTSA Same Incident ID,DEC-2023,San Francisco,CA,Waymo LLC,30270-6879,1599ac052bcdb57,Minor,Jaguar,I-Pace,Passenger Car,Intersection,ADS,Yes,1
b06da15f7810658,NHTSA Same Incident ID,DEC-2023,Scottsdale,AZ,Waymo LLC,30270-6883,539ccc1f53d0028,Minor,Jaguar,I-Pace,Van,Intersection,ADS,Yes,1
ba7282020c2e5be,NHTSA Same Incident ID,DEC-2023,Tempe,AZ,Waymo LLC,30270-7020,91d45c9bac07dec,No Injuries Reported,Jaguar,I-Pace,SUV,Parking Lot,ADS,Yes,1
bb9a30cf149ffe9,NHTSA Same Incident ID,DEC-2023,Phoenix,AZ,Waymo LLC,30270-7017,71998e873ad6c5e,No Injuries Reported,Jaguar,I-Pace,Passenger Car,Intersection,ADS,Yes,1
ccb2e26d0e2b199,NHTSA Same Incident ID,DEC-2023,Phoenix,AZ,Waymo LLC,30270-6901,c076b8ec8eaf73f,No Injuries Reported,Jaguar,I-Pace,Passenger Car,Intersection,ADS,Yes,1
d00fab0f8ffb207,NHTSA Same Incident ID,DEC-2023,Phoenix,AZ,Waymo LLC,30270-6878,2bc386425b4790d,No Injuries Reported,Jaguar,I-Pace,Pickup Truck,Intersection,ADS,Yes,1
df4cd7fa084bc3e,NHTSA Same Incident ID,DEC-2023,Vega,TX,"Daimler Trucks North America, LLC;TORC Robotics, Inc.",12381-6889;30330-6882,00141332d0a512b,No Injuries Reported,Freightliner,Cascadia,Animal,Highway / Freeway,ADS,Yes,2
e5600c859fc110c,NHTSA Same Incident ID,DEC-2023,Phoenix,AZ,Waymo LLC,30270-6906,eb8a0c2bd48a564,Minor,Jaguar,I-Pace,Passenger Car,Intersection,ADS,Yes,1
e9fffa5a3e1bdde,NHTSA Same Incident ID,DEC-2023,San Francisco,CA,Waymo LLC,30270-7021,ada18c60b810838,No Injuries Reported,Jaguar,I-Pace,SUV,Street,ADS,Yes,1
0171d33e85df5db,NHTSA Same Incident ID,DEC-2024,Austin,TX,Waymo LLC,30270-9585,54a02e94e0a19eb,No Injuries Reported,JLR,I-PACE,Heavy Truck,Parking Lot,ADS,Yes,1
0d8a47563f9f20d,NHTSA Same Incident ID,DEC-2024,Phoenix,AZ,Waymo LLC,30270-9569,da0d43d8dd863dc,No Injuries Reported,JLR,I-PACE,Animal,Street,ADS,Yes,1
0f204a37a664e35,NHTSA Same Incident ID,DEC-2024,Spring Valley,CA,"Zoox, Inc.",30610-9577,d0d9d68cb7719b1,Minor,Toyota,Highlander,Passenger Car,Street,ADS,Yes,1
0fa98029f8f1cef,NHTSA Same Incident ID,DEC-2024,Los Angeles,CA,Waymo LLC,30270-9287,77dcefb2295481e,Unknown,Jaguar,I-Pace,"Other, see Narrative",Intersection,ADS,Yes,1
17f7075fd502f19,NHTSA Same Incident ID,DEC-2024,San Francisco,CA,Waymo LLC,30270-9568,e62f02eee1aa5a9,No Injuries Reported,JLR,I-PACE,Passenger Car,Street,ADS,Yes,1
191bbc2d74c32d0,NHTSA Same Incident ID,DEC-2024,San Francisco,CA,Waymo LLC,30270-9580,3e0086bcdc26374,No Injuries Reported,JLR,I-PACE,Heavy Truck,Intersection,ADS,Yes,1
194ef6a5b3c3a9d,NHTSA Same Incident ID,DEC-2024,San Francisco,CA,Waymo LLC,30270-9572,1bd2f825939cb13,No Injuries Reported,JLR,I-PACE,Passenger Car,Street,ADS,Yes,1
1988e25397f633d,NHTSA Same Incident ID,DEC-2024,Los Angeles,CA,Transdev Alternative Services;Waymo LLC,30270-9476;30531-9520,50847c2836d5087,Moderate,Jaguar,I-PACE,SUV,Intersection,ADS,Yes,2
19a51639e962c66,NHTSA Same Incident ID,DEC-2024,Phoenix,AZ,Waymo LLC,30270-9329,2fa7c86551a0876,No Injuries Reported,Jaguar,I-Pace,Passenger Car,Street,ADS,Yes,1
21b81cebac44141,NHTSA Same Incident ID,DEC-2024,San Francisco,CA,Transdev Alternative Services;Waymo LLC,30270-9558;30531-9699,65b399b874ada44,No Injuries Reported,JLR,I-PACE,Passenger Car,Street,ADS,Yes,2
2480c0e06ee89ea,NHTSA Same Incident ID,DEC-2024,San Francisco,CA,Waymo LLC,30270-9285,4b66a9a41155b16,No Injuries Reported,Jaguar,I-Pace,"Other, see Narrative",Street,ADS,Yes,1
257f64f842f7db7,NHTSA Same Incident ID,DEC-2024,Mesa,AZ,Waymo LLC,30270-9554,c728cffeb0c6f38,No Injuries Reported,JLR,I-PACE,SUV,Street,ADS,Yes,1
2e0f431011fd2cd,NHTSA Same Incident ID,DEC-2024,San Francisco,CA,Waymo LLC,30270-9582,7bd1c7316381db5,No Injuries Reported,JLR,I-PACE,Heavy Truck,Street,ADS,Yes,1
2e5f85bf9158ce0,NHTSA Same Incident ID,DEC-2024,Los Angeles,CA,Waymo LLC,30270-9557,000c2c3f72f5b09,No Injuries Reported,JLR,I-PACE,Pickup Truck,Street,ADS,Yes,1
2e89fe082d7ab74,NHTSA Same Incident ID,DEC-2024,San Francisco,CA,Waymo LLC,30270-9575,839ae0ee3c11b7d,No Injuries Reported,JLR,I-PACE,Heavy Truck,Intersection,ADS,Yes,1
30a9b677a07aa9d,NHTSA Same Incident ID,DEC-2024,Phoenix,AZ,Waymo LLC,30270-9567,09f6e9bd642f040,No Injuries Reported,JLR,I-PACE,Passenger Car,Street,ADS,Yes,1
31ac0a533520455,NHTSA Same Incident ID,DEC-2024,San Francisco,CA,Waymo LLC,30270-9486,df8722be6f54146,No Injuries Reported,JLR,I-PACE,Passenger Car,Street,ADS,Yes,1
3da96f8886d3136,NHTSA Same Incident ID,DEC-2024,San Francisco,CA,Waymo LLC,30270-9570,3f44b4e54bd227a,No Injuries Reported,JLR,I-PACE,SUV,Street,ADS,Yes,1
3f744fa7d50a96f,NHTSA Same Incident ID,DEC-2024,Beverly Hills,CA,Waymo LLC,30270-9600,d084163b40c52c4,No Injuries Reported,JLR,I-PACE,SUV,Street,ADS,Yes,1
41320a9363bd12f,NHTSA Same Incident ID,DEC-2024,San Francisco,CA,Waymo LLC,30270-10004,1529671f5525447,No Injuries Reported,Jaguar,I-Pace,Passenger Car,Street,ADS,Yes,1
426f8c49d412f95,NHTSA Same Incident ID,DEC-2024,Scottsdale,AZ,Waymo LLC,30270-9508,173bb7fc06f4670,No Injuries Reported,JLR,I-PACE,SUV,Street,ADS,Yes,1
44ad2cb21ceeeb6,NHTSA Same Incident ID,DEC-2024,San Francisco,CA,Waymo LLC,30270-9602,d532e82c07faf0b,No Injuries Reported,JLR,I-PACE,Passenger Car,Street,ADS,Yes,1
48ce017448022c9,NHTSA Same Incident ID,DEC-2024,Los Angeles,CA,Waymo LLC,30270-9584,490e1479c1112cf,No Injuries Reported,JLR,I-PACE,Pickup Truck,Street,ADS,Yes,1
4db12d984f0a923,NHTSA Same Incident ID,DEC-2024,San Francisco,CA,Waymo LLC,30270-9587,1f94d9b474c8b7b,No Injuries Reported,JLR,I-PACE,Pickup Truck,Street,ADS,Yes,1
4ed140efb7c8341,NHTSA Same Incident ID,DEC-2024,San Francisco,CA,"Zoox, Inc.",30610-9578,3ee052214d7f4e1,No Injuries Reported,Zoox,sedan,SUV,Intersection,ADS,Yes,1
51fddeccedd918b,NHTSA Same Incident ID,DEC-2024,San Francisco,CA,Waymo LLC,30270-9391,1bb413623483473,No Injuries Reported,Jaguar,I-Pace,Passenger Car,Street,ADS,Yes,1
5573d5c651733e4,NHTSA Same Incident ID,DEC-2024,San Francisco,CA,Waymo LLC,30270-9583,c83d79f88ad4fbc,Minor,JLR,I-PACE,Passenger Car,Street,ADS,Yes,1
55b71dab7ddc4a8,NHTSA Same Incident ID,DEC-2024,Los Angeles,CA,Waymo LLC,30270-9563,84b2584c7982ff6,No Injuries Reported,JLR,I-PACE,SUV,Street,ADS,Yes,1
56694f085766eda,NHTSA Same Incident ID,DEC-2024,Los Angeles,CA,Waymo LLC,30270-9330,40e938bac6de702,No Injuries Reported,Jaguar,I-Pace,Passenger Car,Intersection,ADS,Yes,1
58c062c6cb6bb5a,NHTSA Same Incident ID,DEC-2024,San Francisco,CA,Waymo LLC,30270-9539,5a236eb76dca3f5,No Injuries Reported,JLR,I-PACE,"Other, see Narrative",Street,ADS,Yes,1
593c74a00dde78e,NHTSA Same Incident ID,DEC-2024,Los Angeles,CA,Transdev Alternative Services;Waymo LLC,30270-9282;30531-9283,39cc9faced8effe,No Injuries Reported,Jaguar,I-Pace,Passenger Car,Street,ADS,Yes,2
59d825b3a1c8604,NHTSA Same Incident ID,DEC-2024,San Francisco,CA,Waymo LLC,30270-9553,c01ea2068860b0f,No Injuries Reported,JLR,I-PACE,SUV,Street,ADS,Yes,1
5d7f8c8f205bfdb,NHTSA Same Incident ID,DEC-2024,Tempe,AZ,Waymo LLC,30270-9599,97d63549c1b4f56,No Injuries Reported,JLR,I-PACE,Pickup Truck,Parking Lot,ADS,Yes,1
62f0dc7503b9379,NHTSA Same Incident ID,DEC-2024,San Francisco,CA,Waymo LLC,30270-9590,7d4ae6f422b2b48,No Injuries Reported,JLR,I-PACE,SUV,Intersection,ADS,Yes,1
62f5ffb1da321a9,NHTSA Same Incident ID,DEC-2024,San Francisco,CA,Waymo LLC,30270-9459,58d901559d96b10,Minor,Jaguar,I-Pace,Non-Motorist: Other,Intersection,ADS,Yes,1
631e6e051bb302a,NHTSA Same Incident ID,DEC-2024,San Francisco,CA,Waymo LLC,30270-9682,e0846443b7c6da5,No Injuries Reported,Jaguar,I-Pace,Passenger Car,Street,ADS,Yes,1
6685affb334da4f,NHTSA Same Incident ID,DEC-2024,Phoenix,AZ,Waymo LLC,30270-9571,d85a90fe284d29a,No Injuries Reported,JLR,I-PACE,Passenger Car,Street,ADS,Yes,1
6b2846e5734f96b,NHTSA Same Incident ID,DEC-2024,San Francisco,CA,Waymo LLC,30270-9566,5c27931763d8205,No Injuries Reported,JLR,I-PACE,Other Fixed Object,Street,ADS,Yes,1
6dc120e4f68c6d6,NHTSA Same Incident ID,DEC-2024,San Francisco,CA,Waymo LLC,30270-9546,b9b98e8a69baf68,No Injuries Reported,JLR,I-PACE,Passenger Car,Street,ADS,Yes,1
773db7d86245192,NHTSA Same Incident ID,DEC-2024,Houston,TX,Nuro,30291-9651,4fcba6753fce2bc,Minor,Toyota,Prius,Other Fixed Object,Street,ADS,Yes,1
7aaa5befcfe5542,NHTSA Same Incident ID,DEC-2024,San Francisco,CA,Waymo LLC,30270-9534,9cc0c585a1232c1,No Injuries Reported,Jaguar,I-Pace,Passenger Car,Street,ADS,Yes,1
7f9f0e2e92c94e7,NHTSA Same Incident ID,DEC-2024,Phoenix,AZ,Waymo LLC,30270-9544,ad80e645239c6c6,No Injuries Reported,JLR,I-PACE,SUV,Street,ADS,Yes,1
82ad7fd77089739,NHTSA Same Incident ID,DEC-2024,Tempe,AZ,Waymo LLC,30270-9609,c482121c8a6faa8,No Injuries Reported,JLR,I-PACE,SUV,Parking Lot,ADS,Yes,1
8784abc6f18b453,NHTSA Same Incident ID,DEC-2024,Los Angeles,CA,Waymo LLC,30270-9589,f03986dd311b615,No Injuries Reported,JLR,I-PACE,SUV,Intersection,ADS,Yes,1
88117eda2bc6d2d,NHTSA Same Incident ID,DEC-2024,San Francisco,CA,Waymo LLC,30270-9586,9ac05f7c953af63,No Injuries Reported,JLR,I-PACE,Heavy Truck,Street,ADS,Yes,1
8997d2c23b85254,NHTSA Same Incident ID,DEC-2024,Los Angeles,CA,Waymo LLC,30270-9604,6b11d4088fb9e69,No Injuries Reported,JLR,I-PACE,"Other, see Narrative",Parking Lot,ADS,Yes,1
8eab3135244b7da,NHTSA Same Incident ID,DEC-2024,San Francisco,CA,Waymo LLC,30270-9579,ecc86902e84d762,No Injuries Reported,JLR,I-PACE,Bus,Street,ADS,Yes,1
902679e9b0927cd,NHTSA Same Incident ID,DEC-2024,San Francisco,CA,Waymo LLC,30270-9312,9c5038897dc8056,No Injuries Reported,Jaguar,I-Pace,Non-Motorist: Other,Intersection,ADS,Yes,1
964c14e41d84e5a,NHTSA Same Incident ID,DEC-2024,San Francisco,CA,Waymo LLC,30270-9389,30d416716606fc7,No Injuries Reported,Jaguar,I-Pace,Passenger Car,Street,ADS,Yes,1
9a8f592adfbc95a,NHTSA Same Incident ID,DEC-2024,Los Angeles,CA,Waymo LLC,30270-9588,1b18b4ceb8b8a78,No Injuries Reported,JLR,I-PACE,SUV,Street,ADS,Yes,1
9c7c76d68622f2c,NHTSA Same Incident ID,DEC-2024,San Francisco,CA,Waymo LLC,30270-9592,8a54935b6151919,No Injuries Reported,JLR,I-PACE,Passenger Car,Street,ADS,Yes,1
9e782aa378c2cf8,NHTSA Same Incident ID,DEC-2024,Phoenix,AZ,Waymo LLC,30270-9596,baa4f8e1d9ca86a,No Injuries Reported,JLR,I-PACE,Passenger Car,Parking Lot,ADS,Yes,1
9ea9103079881a1,NHTSA Same Incident ID,DEC-2024,Austin,TX,Transdev Alternative Services;Waymo LLC,30270-9593;30531-9698,daba9e03ebb8a2d,No Injuries Reported,JLR,I-PACE,SUV,Street,ADS,Yes,2
a014d99d4ca7397,NHTSA Same Incident ID,DEC-2024,Los Angeles,CA,Waymo LLC,30270-9594,610e2d16de1af29,No Injuries Reported,JLR,I-PACE,SUV,Street,ADS,Yes,1
a089bf89fc01c3d,NHTSA Same Incident ID,DEC-2024,Phoenix,AZ,Waymo LLC,30270-9541,5483e8ac9a9c077,Minor,JLR,I-PACE,SUV,Street,ADS,Yes,1
a14083800a8a655,NHTSA Same Incident ID,DEC-2024,San Francisco,CA,Waymo LLC,30270-9601,f34dfcb15dd4eff,No Injuries Reported,JLR,I-PACE,Passenger Car,Intersection,ADS,Yes,1
a39c4350c3a87c8,NHTSA Same Incident ID,DEC-2024,San Francisco,CA,Waymo LLC,30270-9333,1a5459638549d49,No Injuries Reported,Jaguar,I-Pace,Bus,Street,ADS,Yes,1
a4770372ceb27d6,NHTSA Same Incident ID,DEC-2024,San Francisco,CA,Waymo LLC,30270-9295,285acda21cb9800,No Injuries Reported,Jaguar,I-Pace,Non-Motorist: Cyclist,Street,ADS,Yes,1
a5e8792bde37720,NHTSA Same Incident ID,DEC-2024,Los Angeles,CA,Waymo LLC,30270-9561,c8ac17680c44a98,No Injuries Reported,JLR,I-PACE,Other Fixed Object,Parking Lot,ADS,Yes,1
ac3019be0839ada,NHTSA Same Incident ID,DEC-2024,Phoenix,AZ,Waymo LLC,30270-9555,08dad0c4fb2f8a7,No Injuries Reported,JLR,I-PACE,Passenger Car,Street,ADS,Yes,1
b25aab026ca32bd,NHTSA Same Incident ID,DEC-2024,San Francisco,CA,Waymo LLC,30270-9507,6128170f11b5f5d,No Injuries Reported,JLR,I-PACE,Pickup Truck,Street,ADS,Yes,1
b56210ab6ab3225,NHTSA Same Incident ID,DEC-2024,Phoenix,AZ,Waymo LLC,30270-9598,fb48f6f7011c9a9,No Injuries Reported,JLR,I-PACE,"Other, see Narrative",Intersection,ADS,Yes,1
bd466c870547afe,NHTSA Same Incident ID,DEC-2024,San Francisco,CA,Waymo LLC,30270-9334,7d25bf1eda31032,No Injuries Reported,Jaguar,I-Pace,Passenger Car,Intersection,ADS,Yes,1
bf412edd8c909c1,NHTSA Same Incident ID,DEC-2024,San Francisco,CA,Waymo LLC,30270-9388,4fda5a69ad1163d,No Injuries Reported,Jaguar,I-Pace,Passenger Car,Street,ADS,Yes,1
c3096366f7bac04,NHTSA Same Incident ID,DEC-2024,Scottsdale,AZ,Waymo LLC,30270-9559,e736a273624743b,No Injuries Reported,JLR,I-PACE,Pickup Truck,Parking Lot,ADS,Yes,1
c36f348e47b1a50,NHTSA Same Incident ID,DEC-2024,Atlanta,GA,Transdev Alternative Services;Waymo LLC,30270-9597;30531-9697,0380b55f7b6e3f4,Moderate,JLR,I-PACE,"Other, see Narrative",Street,ADS,Yes,2
c48c470762385d9,NHTSA Same Incident ID,DEC-2024,Chandler,AZ,Waymo LLC,30270-9286,85a9f39d9ae609d,No Injuries Reported,Jaguar,I-Pace,"Other, see Narrative",Street,ADS,Yes,1
cc641826176439e,NHTSA Same Incident ID,DEC-2024,Austin,TX,Avride Inc.,31101-9685,86b345faf7012a2,No Injuries Reported,Huyndai,Ioniq 5,Passenger Car,Intersection,"Unknown, see Narrative",Yes,1
d30b891a050e077,NHTSA Same Incident ID,DEC-2024,Los Angeles,CA,Waymo LLC,30270-9560,922a650cd4fb541,No Injuries Reported,JLR,I-PACE,"Other, see Narrative",Intersection,ADS,Yes,1
d504caa3104fdd6,NHTSA Same Incident ID,DEC-2024,San Francisco,CA,Waymo LLC,30270-9540,d674426385f0fc8,No Injuries Reported,JLR,I-PACE,Passenger Car,Street,ADS,Yes,1
dc36c40a6be7a25,NHTSA Same Incident ID,DEC-2024,Austin,TX,Waymo LLC,30270-9573,916379bf05eaf32,No Injuries Reported,JLR,I-PACE,Van,Street,ADS,Yes,1
e2b6c219520915c,NHTSA Same Incident ID,DEC-2024,San Francisco,CA,Waymo LLC,30270-9564,ae5f429df0dc85d,No Injuries Reported,JLR,I-PACE,SUV,Street,ADS,Yes,1
e3310f3c3380475,NHTSA Same Incident ID,DEC-2024,Culver City,CA,Waymo LLC,30270-9517,f03986dd311b615,No Injuries Reported,Jaguar,I-Pace,"Other, see Narrative",Street,ADS,Yes,1
e5598fc11cedbd3,NHTSA Same Incident ID,DEC-2024,Santa Monica,CA,Waymo LLC,30270-9574,bdb4a338e7977cc,No Injuries Reported,JLR,I-PACE,SUV,Street,ADS,Yes,1
e5989c0c5a1aece,NHTSA Same Incident ID,DEC-2024,San Francisco,CA,Waymo LLC,30270-9595,0e239a9b1c0a234,No Injuries Reported,JLR,I-PACE,Pickup Truck,Street,ADS,Yes,1
ee163e4d9226a93,NHTSA Same Incident ID,DEC-2024,Los Angeles,CA,Waymo LLC,30270-9556,aeb6b97a5d0b762,No Injuries Reported,JLR,I-PACE,SUV,Street,ADS,Yes,1
ef022148e6892b5,NHTSA Same Incident ID,DEC-2024,San Francisco,CA,Waymo LLC,30270-9545,83fe31f470731f0,No Injuries Reported,JLR,I-PACE,Passenger Car,Intersection,ADS,Yes,1
f3f7d49a496c366,NHTSA Same Incident ID,DEC-2024,San Francisco,CA,Transdev Alternative Services;Waymo LLC,30270-9454;30531-9456,0b5928ebbbcf89a,No Injuries Reported,Jaguar,I-Pace,Heavy Truck,Intersection,ADS,Yes,2
f5a328bf18fba9b,NHTSA Same Incident ID,DEC-2024,Phoenix,AZ,Waymo LLC,30270-9591,415510c86f8a0cf,No Injuries Reported,JLR,I-PACE,SUV,Street,ADS,Yes,1
f8e33ead61bd6c0,NHTSA Same Incident ID,DEC-2024,Los Angeles,CA,Waymo LLC,30270-9603,2c6cb507a6366c8,No Injuries Reported,JLR,I-PACE,Passenger Car,Intersection,ADS,Yes,1
fc07e1236c3e5d3,NHTSA Same Incident ID,DEC-2024,San Francisco,CA,Waymo LLC,30270-9326,787d8e13705ed24,No Injuries Reported,Jaguar,I-Pace,Van,Street,ADS,Yes,1
024e0e877f8e0b4,NHTSA Same Incident ID,DEC-2025,Austin,TX,"Tesla, Inc.",13781-13647,1f548835dd34bf7,Property Damage. No Injured Reported,TESLA,Model Y,Other Fixed Object,Street,ADS,Yes,1
0276a086a35ee20,NHTSA Same Incident ID,DEC-2025,Atlanta,GA,May Mobility,30413-13470,c61027d6b726b73,No Injured Reported,TOYOTA,Sienna,SUV,Street,ADS,Yes,1
09904a03b2631e9,NHTSA Same Incident ID,DEC-2025,San Francisco,CA,Waymo LLC,30270-13365,811501f21ba41ae,Property Damage. No Injured Reported,JAGUAR,I-PACE,Van,Street,ADS,Yes,1
0ab0e26462d346b,NHTSA Same Incident ID,DEC-2025,San Francisco,CA,Waymo LLC,30270-13539,5d8931f5e09598f,Property Damage. No Injured Reported,JAGUAR,I-PACE,First Responder Vehicle,Intersection,ADS,Yes,1
0d2954a0b45051c,NHTSA Same Incident ID,DEC-2025,Los Angeles,CA,Waymo LLC,30270-13369,901ac6c47f6f733,Property Damage. No Injured Reported,JAGUAR,I-PACE,Passenger Car,Street,ADS,Yes,1
0e0a5572bcb3b2d,NHTSA Same Incident ID,DEC-2025,Los Angeles,CA,Waymo LLC,30270-13388,37a4ba23679a881,Minor W/O Hospitalization,JAGUAR,I-PACE,Passenger Car,Street,ADS,Yes,1
103b9579e6c4a19,NHTSA Same Incident ID,DEC-2025,Dallas,TX,Avride Inc.,31101-13626,66777850da94681,No Injured Reported,HYUNDAI,Ioniq 5,Passenger Car,Street,ADS,Yes,1
114be9ea321662b,NHTSA Same Incident ID,DEC-2025,Palo Alto,CA,Waymo LLC,30270-13453,df8722be6f54146,Property Damage. No Injured Reported,JAGUAR,I-PACE,Bus,Street,ADS,Yes,1
12bf01da57630d0,NHTSA Same Incident ID,DEC-2025,San Francisco,CA,Waymo LLC,30270-13510,145d2b0423aff0c,Property Damage. No Injured Reported,JAGUAR,I-PACE,Passenger Car,Street,ADS,Yes,1
165bac987eed623,NHTSA Same Incident ID,DEC-2025,Arlington,TX,May Mobility,30413-13468,80b4d01fd8c773d,No Injured Reported,TOYOTA,Sienna,Passenger Car,Intersection,ADS,Yes,1
16727ae80e39d98,NHTSA Same Incident ID,DEC-2025,Brisbane,CA,Waymo LLC,30270-13447,e922e2c8d565ac4,Property Damage. No Injured Reported,JAGUAR,I-PACE,"Other, see Narrative",Street,ADS,Yes,1
185c2e8c15d0722,NHTSA Same Incident ID,DEC-2025,Miami,FL,Waymo LLC,30270-13471,c94ee5d0a5ec2da,Property Damage. No Injured Reported,JAGUAR,I-PACE,SUV,Highway / Freeway,ADS,Yes,1
19a716eeeeaa926,NHTSA Same Incident ID,DEC-2025,Austin,TX,Waymo LLC,30270-13399,ff6bd25af6b906c,Property Damage. No Injured Reported,JAGUAR,I-PACE,Passenger Car,Street,ADS,Yes,1
1b34daff9fc7fdc,NHTSA Same Incident ID,DEC-2025,Santa Monica,CA,Waymo LLC,30270-13402,a77007ff26ff23c,Property Damage. No Injured Reported,JAGUAR,I-PACE,Passenger Car,Intersection,ADS,Yes,1
1d624bfdf4fffa4,NHTSA Same Incident ID,DEC-2025,Phoenix,AZ,Waymo LLC,30270-13396,5dfc67f0ba73f41,Property Damage. No Injured Reported,JAGUAR,I-PACE,SUV,Intersection,ADS,Yes,1
2234317073e09fd,NHTSA Same Incident ID,DEC-2025,San Francisco,CA,Waymo LLC,30270-13324,1070c2b8ab10432,Property Damage. No Injured Reported,JAGUAR,I-PACE,Heavy Truck,Intersection,ADS,Yes,1
29280726fd13302,NHTSA Same Incident ID,DEC-2025,Los Angeles,CA,Waymo LLC,30270-13490,a88fd3ac5a8e5d9,Minor W/O Hospitalization,JAGUAR,I-PACE,SUV,Street,ADS,Yes,1
2b5ac9b27d63da8,NHTSA Same Incident ID,DEC-2025,San Francisco,CA,"Zoox, Inc.",30610-13660,de1f06076d050a5,Property Damage. No Injured Reported,ZOOX,Zoox,Passenger Car,Intersection,ADS,Yes,1
2b5ae9c7ac01ab8,NHTSA Same Incident ID,DEC-2025,Washington,DC,Waymo LLC,30270-13379,8cafbe4370bc49e,Property Damage. No Injured Reported,JAGUAR,I-PACE,SUV,Street,ADS,Yes,1
2bfbf573864f0aa,NHTSA Same Incident ID,DEC-2025,Los Angeles,CA,Waymo LLC,30270-13511,f89ceaa0e284524,Property Damage. No Injured Reported,JAGUAR,I-PACE,Van,Intersection,ADS,Yes,1
2ce5611540d2e6c,NHTSA Same Incident ID,DEC-2025,Dallas,TX,Avride Inc.,31101-13621,5c83a9cd512db86,Property Damage. No Injured Reported,HYUNDAI,Ioniq 5,Other Fixed Object,Street,ADS,Yes,1
2ce68a6cea99c1d,NHTSA Same Incident ID,DEC-2025,Phoenix,AZ,Waymo LLC,30270-13548,896b19a9ab1692a,Property Damage. No Injured Reported,JAGUAR,I-PACE,Heavy Truck,Intersection,ADS,Yes,1
2e193f1562b2fe7,NHTSA Same Incident ID,DEC-2025,Austin,TX,Waymo LLC,30270-13287,40a5972f951c80f,Minor W/O Hospitalization,JAGUAR,I-PACE,Pickup Truck,Street,ADS,Yes,1
2f23e4e3267584e,NHTSA Same Incident ID,DEC-2025,Phoenix,AZ,Waymo LLC,30270-13452,7a8c1b86d860f1c,Property Damage. No Injured Reported,JAGUAR,I-PACE,Heavy Truck,Parking Lot,ADS,Yes,1
2fc73932cae4c23,NHTSA Same Incident ID,DEC-2025,San Francisco,CA,Waymo LLC,30270-13340,db8a36ca55b42c2,Property Damage. No Injured Reported,JAGUAR,I-PACE,Pickup Truck,Street,ADS,Yes,1
328185ce1d42d02,NHTSA Same Incident ID,DEC-2025,Phoenix,AZ,Waymo LLC,30270-13513,0af8bbad7eb23a6,Property Damage. No Injured Reported,JAGUAR,I-PACE,Heavy Truck,Parking Lot,ADS,Yes,1
361d6211870d1b9,NHTSA Same Incident ID,DEC-2025,Los Angeles,CA,Waymo LLC,30270-13322,26ba68f347a358a,Property Damage. No Injured Reported,JAGUAR,I-PACE,Motorcycle,Intersection,ADS,Yes,1
36ac9271b3567b1,NHTSA Same Incident ID,DEC-2025,Scottsdale,AZ,Waymo LLC,30270-13489,cdca041c61ab556,Property Damage. No Injured Reported,JAGUAR,I-PACE,Heavy Truck,Parking Lot,ADS,Yes,1
36c1cde68385968,NHTSA Same Incident ID,DEC-2025,Dallas,TX,Avride Inc.,31101-13612,66777850da94681,Property Damage. No Injured Reported,HYUNDAI,Ioniq 5,Pickup Truck,Street,ADS,Yes,1
36ceff91d464563,NHTSA Same Incident ID,DEC-2025,Austin,TX,Avride Inc.,31101-13619,66a16bf385e7efa,Property Damage. No Injured Reported,HYUNDAI,Ioniq 5,SUV,Street,ADS,Yes,1
3e4c7e40d09d74d,NHTSA Same Incident ID,DEC-2025,Austin,TX,Waymo LLC,30270-13364,da69575f49afa36,Property Damage. No Injured Reported,JAGUAR,I-PACE,Passenger Car,Intersection,ADS,Yes,1
43b2318763bedde,NHTSA Same Incident ID,DEC-2025,Los Angeles,CA,Waymo LLC,30270-13540,3b5fa59d6e9fe55,Property Damage. No Injured Reported,JAGUAR,I-PACE,Pickup Truck,Parking Lot,ADS,Yes,1
4662f57cf70d6cc,NHTSA Same Incident ID,DEC-2025,Austin,TX,Waymo LLC,30270-13323,390044f737879e8,Property Damage. No Injured Reported,JAGUAR,I-PACE,SUV,Street,ADS,Yes,1
46bdc47552510d5,NHTSA Same Incident ID,DEC-2025,Austin,TX,Avride Inc.,31101-13625,cc944d0bc550f8d,Property Damage. No Injured Reported,HYUNDAI,Ioniq 5,Heavy Truck,Street,ADS,Yes,1
4883424a68be80b,NHTSA Same Incident ID,DEC-2025,South San Francisco,CA,Waymo LLC,30270-13384,ef2a8b56a677197,Property Damage. No Injured Reported,JAGUAR,I-PACE,SUV,Intersection,ADS,Yes,1
4b18be216990941,NHTSA Same Incident ID,DEC-2025,South San Francisco,CA,Waymo LLC,30270-13554,0b2d39b1f3d88bd,Property Damage. No Injured Reported,JAGUAR,I-PACE,Heavy Truck,Street,ADS,Yes,1
4d21152023adbf1,NHTSA Same Incident ID,DEC-2025,Tempe,AZ,Waymo LLC,30270-13408,c18d5e36047827b,Property Damage. No Injured Reported,JAGUAR,I-PACE,Passenger Car,Street,ADS,Yes,1
4dbab81ac5cc067,NHTSA Same Incident ID,DEC-2025,Austin,TX,Waymo LLC,30270-13309,8186857f1e296ab,Property Damage. No Injured Reported,JAGUAR,I-PACE,Passenger Car,Street,ADS,Yes,1
4e22e1ef93a7511,NHTSA Same Incident ID,DEC-2025,Dallas,TX,Avride Inc.,31101-13620,bb5a65bab24dcf7,No Injured Reported,HYUNDAI,Ioniq 5,Pickup Truck,Street,ADS,Yes,1
4e746021b472ab5,NHTSA Same Incident ID,DEC-2025,Atlanta,GA,Waymo LLC,30270-13277,450b288c5c8a114,Property Damage. No Injured Reported,JAGUAR,I-PACE,"Other, see Narrative",Street,ADS,Yes,1
51551c86ba6b923,NHTSA Same Incident ID,DEC-2025,San Francisco,CA,Waymo LLC,30270-13454,a273525df17f993,Property Damage. No Injured Reported,JAGUAR,I-PACE,"Other, see Narrative",Street,ADS,Yes,1
53ed516aacbba68,NHTSA Same Incident ID,DEC-2025,San Francisco,CA,Waymo LLC,30270-13450,7426e08c7627edc,Property Damage. No Injured Reported,JAGUAR,I-PACE,SUV,Street,ADS,Yes,1
572eda94d5649db,NHTSA Same Incident ID,DEC-2025,Los Angeles,CA,Waymo LLC,30270-13444,d63bb65fa259846,Property Damage. No Injured Reported,JAGUAR,I-PACE,Passenger Car,Street,ADS,Yes,1
58707dc792e3686,NHTSA Same Incident ID,DEC-2025,Austin,TX,Waymo LLC,30270-13515,404a3788a846695,Property Damage. No Injured Reported,JAGUAR,I-PACE,Passenger Car,Street,ADS,Yes,1
58c9b97e060f21a,NHTSA Same Incident ID,DEC-2025,Palo Alto,CA,Waymo LLC,30270-13420,21e65646a3a5d17,Property Damage. No Injured Reported,JAGUAR,I-PACE,SUV,Intersection,ADS,Yes,1
59f1938f3e901e0,NHTSA Same Incident ID,DEC-2025,Inglewood,CA,Waymo LLC,30270-13484,f07aedd654e601f,No Injured Reported,JAGUAR,I-PACE,SUV,Intersection,ADS,Yes,1
5a2acaec2656834,NHTSA Same Incident ID,DEC-2025,San Francisco,CA,Waymo LLC,30270-13401,b2d5a6b55702ba9,Property Damage. No Injured Reported,JAGUAR,I-PACE,Passenger Car,Street,ADS,Yes,1
5c20154740676df,NHTSA Same Incident ID,DEC-2025,Venice,CA,Waymo LLC,30270-13328,3420c672857f1de,Property Damage. No Injured Reported,JAGUAR,I-PACE,SUV,Street,ADS,Yes,1
5c611728d7fbd04,NHTSA Same Incident ID,DEC-2025,Los Angeles,CA,Waymo LLC,30270-13370,f7c884a4ace1a1c,Minor W/O Hospitalization,JAGUAR,I-PACE,Passenger Car,Street,ADS,Yes,1
603fb5140a1d8dd,NHTSA Same Incident ID,DEC-2025,Los Angeles,CA,Waymo LLC,30270-13448,20ade02bce67d43,Property Damage. No Injured Reported,JAGUAR,I-PACE,Van,Street,ADS,Yes,1
616f675a2e2ccb7,NHTSA Same Incident ID,DEC-2025,Austin,TX,Waymo LLC,30270-13449,309e7e541d5b57b,Property Damage. No Injured Reported,JAGUAR,I-PACE,SUV,Intersection,ADS,Yes,1
617413a35322fb6,NHTSA Same Incident ID,DEC-2025,Brisbane,CA,Waymo LLC,30270-13507,e9b9f799cbe72bd,Property Damage. No Injured Reported,JAGUAR,I-PACE,Heavy Truck,Street,ADS,Yes,1
62a7c3abeceb5f3,NHTSA Same Incident ID,DEC-2025,San Francisco,CA,Waymo LLC,30270-13331,39e8ae2aa66de7e,Property Damage. No Injured Reported,JAGUAR,I-PACE,SUV,Street,ADS,Yes,1
64f79f6cea38760,NHTSA Same Incident ID,DEC-2025,Tempe,AZ,Waymo LLC,30270-13303,c066490829bccdd,Property Damage. No Injured Reported,JAGUAR,I-PACE,SUV,Street,ADS,Yes,1
650c5e57c48a79b,NHTSA Same Incident ID,DEC-2025,Dallas,TX,Avride Inc.,31101-13624,e76315c307f0aff,Property Damage. No Injured Reported,HYUNDAI,Ioniq 5,Heavy Truck,Street,ADS,Yes,1
655c60b0b9f9de6,NHTSA Same Incident ID,DEC-2025,Austin,TX,Waymo LLC,30270-13487,ffc2886fcab2b22,Property Damage. No Injured Reported,JAGUAR,I-PACE,Other Fixed Object,Parking Lot,ADS,Yes,1
66e337eaecb611a,NHTSA Same Incident ID,DEC-2025,Atlanta,GA,Waymo LLC,30270-13557,b746a8648b378e5,Property Damage. No Injured Reported,JAGUAR,I-PACE,Heavy Truck,Street,ADS,Yes,1
6f28fc409d36924,NHTSA Same Incident ID,DEC-2025,San Francisco,CA,Waymo LLC,30270-13321,c031160bff0ae54,Property Damage. No Injured Reported,JAGUAR,I-PACE,Motorcycle,Street,ADS,Yes,1
6fc8ce048c26c1d,NHTSA Same Incident ID,DEC-2025,Phoenix,AZ,Waymo LLC,30270-13307,e6cb042e7b5d447,Property Damage. No Injured Reported,JAGUAR,I-PACE,Pickup Truck,Intersection,ADS,Yes,1
70d9fab5c60551f,NHTSA Same Incident ID,DEC-2025,San Francisco,CA,Waymo LLC,30270-13405,fe9f4f76bcd38e5,Property Damage. No Injured Reported,JAGUAR,I-PACE,Passenger Car,Intersection,ADS,Yes,1
726438b36fdd328,NHTSA Same Incident ID,DEC-2025,San Francisco,CA,Waymo LLC,30270-13442,b2d5a6b55702ba9,Property Damage. No Injured Reported,JAGUAR,I-PACE,Passenger Car,Intersection,ADS,Yes,1
76a67f30bc7dbec,NHTSA Same Incident ID,DEC-2025,San Francisco,CA,Waymo LLC,30270-13541,61dbac51021989e,Property Damage. No Injured Reported,JAGUAR,I-PACE,Pickup Truck,Street,ADS,Yes,1
78df1cae450fa33,NHTSA Same Incident ID,DEC-2025,San Francisco,CA,"Zoox, Inc.",30610-13661,05761a25ee8fec9,Property Damage. No Injured Reported,ZOOX,Zoox,Pickup Truck,Street,ADS,Yes,1
7a2a9089c020f6c,NHTSA Same Incident ID,DEC-2025,Tempe,AZ,Waymo LLC,30270-13403,7e56cbe51085e9c,Property Damage. No Injured Reported,JAGUAR,I-PACE,SUV,Intersection,ADS,Yes,1
7f03f4b35d36842,NHTSA Same Incident ID,DEC-2025,Atlanta,GA,Waymo LLC,30270-13308,1ff69f13f6312e5,Property Damage. No Injured Reported,JAGUAR,I-PACE,Pickup Truck,Street,ADS,Yes,1
80e05db036d7ddb,NHTSA Same Incident ID,DEC-2025,San Francisco,CA,Waymo LLC,30270-13451,e1d17d1b67dae98,Property Damage. No Injured Reported,JAGUAR,I-PACE,Pickup Truck,Street,ADS,Yes,1
82ae70e17b0d2ec,NHTSA Same Incident ID,DEC-2025,Austin,TX,Waymo LLC,30270-13267,d90f7c16f675005,Property Damage. No Injured Reported,JAGUAR,I-PACE,"Other, see Narrative",Parking Lot,ADS,Yes,1
83944815ca12307,NHTSA Same Incident ID,DEC-2025,Phoenix,AZ,Waymo LLC,30270-13278,632c1ca9ae71a37,Property Damage. No Injured Reported,JAGUAR,I-PACE,Heavy Truck,Street,ADS,Yes,1
8ad2398b05d30a4,NHTSA Same Incident ID,DEC-2025,San Francisco,CA,Waymo LLC,30270-13486,58d901559d96b10,Property Damage. No Injured Reported,JAGUAR,I-PACE,Passenger Car,Intersection,ADS,Yes,1
9141bee29f12599,NHTSA Same Incident ID,DEC-2025,Phoenix,AZ,Waymo LLC,30270-13279,8d187b96cb78e60,Property Damage. No Injured Reported,JAGUAR,I-PACE,Passenger Car,Street,ADS,Yes,1
9dd973452a78df1,NHTSA Same Incident ID,DEC-2025,Tempe,AZ,Waymo LLC,30270-13467,1a775515c7d2801,Property Damage. No Injured Reported,JAGUAR,I-PACE,"Other, see Narrative",Parking Lot,ADS,Yes,1
9e214c49cbfb0e9,NHTSA Same Incident ID,DEC-2025,San Francisco,CA,Waymo LLC,30270-13495,1ec1e1fbdc53e3e,Minor W/ Hospitalization,JAGUAR,I-PACE,SUV,Street,ADS,Yes,1
a09154619b800d7,NHTSA Same Incident ID,DEC-2025,Atlanta,GA,Waymo LLC,30270-13506,4205f9b963a07dc,Property Damage. No Injured Reported,JAGUAR,I-PACE,"Other, see Narrative",Intersection,ADS,Yes,1
a21125c585cc188,NHTSA Same Incident ID,DEC-2025,Palo Alto,CA,Waymo LLC,30270-13445,ca1a44323b5b673,Property Damage. No Injured Reported,JAGUAR,I-PACE,Passenger Car,Street,ADS,Yes,1
a7d9250aa69b874,NHTSA Same Incident ID,DEC-2025,San Francisco,CA,Waymo LLC,30270-13509,8e517baefc043c1,Property Damage. No Injured Reported,JAGUAR,I-PACE,Other Fixed Object,Street,ADS,Yes,1
ac181687dac1918,NHTSA Same Incident ID,DEC-2025,Los Angeles,CA,Waymo LLC,30270-13397,167aa6f5dc594f9,Property Damage. No Injured Reported,JAGUAR,I-PACE,Passenger Car,Street,ADS,Yes,1
ac64bde20c3ffee,NHTSA Same Incident ID,DEC-2025,Los Angeles,CA,Waymo LLC,30270-13491,7d546377e77850f,Minor W/ Hospitalization,JAGUAR,I-PACE,Van,Street,ADS,Yes,1
ace913e621d7d1a,NHTSA Same Incident ID,DEC-2025,Los Angeles,CA,Waymo LLC,30270-13371,bd087b9be58a532,Property Damage. No Injured Reported,JAGUAR,I-PACE,Passenger Car,Intersection,ADS,Yes,1
b0a00c95c064158,NHTSA Same Incident ID,DEC-2025,Beverly Hills,CA,Waymo LLC,30270-13395,1f794f183cab935,Property Damage. No Injured Reported,JAGUAR,I-PACE,Passenger Car,Street,ADS,Yes,1
b1206b74c116caf,NHTSA Same Incident ID,DEC-2025,San Francisco,CA,Waymo LLC,30270-13325,7ae1e7e1f5844a9,Property Damage. No Injured Reported,JAGUAR,I-PACE,"Other, see Narrative",Street,ADS,Yes,1
b455899947f4ff9,NHTSA Same Incident ID,DEC-2025,San Francisco,CA,Waymo LLC,30270-13564,e67e34f0cbbb520,Property Damage. No Injured Reported,JAGUAR,I-PACE,Non-Motorist: Scooter - Skateboard,Intersection,ADS,Yes,1
b5ddbc18be4bf6e,NHTSA Same Incident ID,DEC-2025,Austin,TX,Avride Inc.,31101-13627,fda534917253b30,Property Damage. No Injured Reported,HYUNDAI,Ioniq 5,SUV,Highway / Freeway,ADS,Yes,1
ba6ff2626e5b676,NHTSA Same Incident ID,DEC-2025,West Hollywood,CA,Waymo LLC,30270-13538,460fc9cea965237,Property Damage. No Injured Reported,JAGUAR,I-PACE,Passenger Car,Street,ADS,Yes,1
be040e4724f444b,NHTSA Same Incident ID,DEC-2025,San Francisco,CA,Waymo LLC,30270-13514,54438cbdb57334f,Property Damage. No Injured Reported,JAGUAR,I-PACE,Other Fixed Object,Street,ADS,Yes,1
c24e10927c4b9cc,NHTSA Same Incident ID,DEC-2025,Phoenix,AZ,Waymo LLC,30270-13542,9f161d03b3576d3,Property Damage. No Injured Reported,JAGUAR,I-PACE,Heavy Truck,Parking Lot,ADS,Yes,1
c6ae52e1a1ebf88,NHTSA Same Incident ID,DEC-2025,Los Angeles,CA,Waymo LLC,30270-13400,240ea39fdec46e7,Property Damage. No Injured Reported,JAGUAR,I-PACE,Passenger Car,Street,ADS,Yes,1
c8e72f1dc00071e,NHTSA Same Incident ID,DEC-2025,Arlington,TX,May Mobility,30413-13469,2f0ca3019035ccc,No Injured Reported,TOYOTA,Sienna,Passenger Car,Intersection,ADS,Yes,1
d55ed8e4cc6558b,NHTSA Same Incident ID,DEC-2025,Phoenix,AZ,Waymo LLC,30270-13327,0b856ff64dfb9e2,Property Damage. No Injured Reported,JAGUAR,I-PACE,Heavy Truck,Street,ADS,Yes,1
d5ace6c48f831a4,NHTSA Same Incident ID,DEC-2025,San Francisco,CA,Waymo LLC,30270-13320,ed38e2ed75f2082,Property Damage. No Injured Reported,JAGUAR,I-PACE,Passenger Car,Intersection,ADS,Yes,1
d742f9536e7d155,NHTSA Same Incident ID,DEC-2025,Phoenix,AZ,Waymo LLC,30270-13363,836e74ee88fb46a,Property Damage. No Injured Reported,JAGUAR,I-PACE,SUV,Street,ADS,Yes,1
d95454d92c5037c,NHTSA Same Incident ID,DEC-2025,Phoenix,AZ,Waymo LLC,30270-13372,73dc67e7eb7a62e,Minor W/ Hospitalization,JAGUAR,I-PACE,Passenger Car,Street,ADS,Yes,1
ddd36e3c35a0cb8,NHTSA Same Incident ID,DEC-2025,Atlanta,GA,Waymo LLC,30270-13410,78d5e90ee76e327,Property Damage. No Injured Reported,JAGUAR,I-PACE,Pickup Truck,Street,ADS,Yes,1
df2bf3c9c85e2ef,NHTSA Same Incident ID,DEC-2025,Chandler,AZ,Waymo LLC,30270-13409,dcce56a2195922d,Property Damage. No Injured Reported,JAGUAR,I-PACE,SUV,Intersection,ADS,Yes,1
dfdd19231c02d44,NHTSA Same Incident ID,DEC-2025,Atlanta,GA,Waymo LLC,30270-13326,68257e5bd9a8932,Property Damage. No Injured Reported,JAGUAR,I-PACE,Pickup Truck,Street,ADS,Yes,1
e1f3e7fe553b30b,NHTSA Same Incident ID,DEC-2025,Austin,TX,Waymo LLC,30270-13485,c1a27180882445c,Property Damage. No Injured Reported,JAGUAR,I-PACE,Other Fixed Object,Parking Lot,ADS,Yes,1
e551068a5df5221,NHTSA Same Incident ID,DEC-2025,San Francisco,CA,Waymo LLC,30270-13416,7ae15f3cdf994c3,Property Damage. No Injured Reported,JAGUAR,I-PACE,Passenger Car,Street,ADS,Yes,1
e62997987f4883e,NHTSA Same Incident ID,DEC-2025,Los Angeles,CA,Waymo LLC,30270-13361,2cd543030c80f4c,Property Damage. No Injured Reported,JAGUAR,I-PACE,Heavy Truck,Intersection,ADS,Yes,1
e97daa6b4275a56,NHTSA Same Incident ID,DEC-2025,Los Angeles,CA,Waymo LLC,30270-13549,60afe0d5f4341ae,Property Damage. No Injured Reported,JAGUAR,I-PACE,SUV,Intersection,ADS,Yes,1
e9cfb8ca0bc6a3a,NHTSA Same Incident ID,DEC-2025,Dallas,TX,Avride Inc.,31101-13616,91a0cd958ea0455,Property Damage. No Injured Reported,HYUNDAI,Ioniq 5,Van,Street,ADS,Yes,1
edcc53966f2dc75,NHTSA Same Incident ID,DEC-2025,Los Angeles,CA,Waymo LLC,30270-13301,50bbe94a2ce380c,Property Damage. No Injured Reported,JAGUAR,I-PACE,Passenger Car,Street,ADS,Yes,1
f423f59614d8fee,NHTSA Same Incident ID,DEC-2025,Los Angeles,CA,Waymo LLC,30270-13407,fb9197179f4171e,Property Damage. No Injured Reported,JAGUAR,I-PACE,Heavy Truck,Street,ADS,Yes,1
f6223253045ded5,NHTSA Same Incident ID,DEC-2025,Los Angeles,CA,Waymo LLC,30270-13512,6028033716b9247,Property Damage. No Injured Reported,JAGUAR,I-PACE,Heavy Truck,Street,ADS,Yes,1
f8b63962464df67,NHTSA Same Incident ID,DEC-2025,Palo Alto,CA,Waymo LLC,30270-13378,e1fd8590ddc22f7,Minor W/ Hospitalization,JAGUAR,I-PACE,Non-Motorist: Cyclist,Intersection,ADS,Yes,1
f91f501cceb2bff,NHTSA Same Incident ID,DEC-2025,Los Angeles,CA,Waymo LLC,30270-13302,effac9fa5c4915b,Property Damage. No Injured Reported,JAGUAR,I-PACE,First Responder Vehicle,Street,ADS,Yes,1
f97dd2677bb2b60,NHTSA Same Incident ID,DEC-2025,Austin,TX,Avride Inc.,31101-13615,951666db1fe0e79,Property Damage. No Injured Reported,HYUNDAI,Ioniq 5,Passenger Car,Street,ADS,Yes,1
fa3e81cf4dec04e,NHTSA Same Incident ID,DEC-2025,Orlando,FL,Waymo LLC,30270-13508,709371a0b198e1a,Property Damage. No Injured Reported,JAGUAR,I-PACE,Heavy Truck,Street,ADS,Yes,1
fc7eec2d8b4d9a8,NHTSA Same Incident ID,DEC-2025,Los Angeles,CA,Waymo LLC,30270-13443,b457904576cc173,Property Damage. No Injured Reported,JAGUAR,I-PACE,Other Fixed Object,Street,ADS,Yes,1
fe2407fd3ee875d,NHTSA Same Incident ID,DEC-2025,San Francisco,CA,Waymo LLC,30270-13300,fd959912b62761c,Property Damage. No Injured Reported,JAGUAR,I-PACE,Heavy Truck,Street,ADS,Yes,1
fea63b8a53ec793,NHTSA Same Incident ID,DEC-2025,Atlanta,GA,Waymo LLC,30270-13488,5f284195450f5d1,Minor W/ Hospitalization,JAGUAR,I-PACE,Passenger Car,Street,ADS,Yes,1
027edaee5964dad,NHTSA Same Incident ID,FEB-2022,San Francisco,CA,"Cruise LLC;General Motors, LLC",30412-2476;540-2512,4ede896caa0dd6e,No Injuries Reported,Cruise,AV,Passenger Car,Intersection,ADS,"[REDACTED, MAY CONTAIN CONFIDENTIAL BUSINESS INFORMATION]",2
2aa124cfd4ca325,NHTSA Same Incident ID,FEB-2022,San Francisco,CA,"Zoox, Inc.",30610-2482,825a589bfc9c427,No Injuries Reported,Toyota,Highlander,Passenger Car,Street,ADS,Yes,1
330b02ca7bf113d,NHTSA Same Incident ID,FEB-2022,San Francisco,CA,Waymo LLC,30270-2554,3e2c94c7b8660e0,No Injuries Reported,Jaguar,I-Pace,Passenger Car,Intersection,ADS,Yes,1
4aa11f8103e3b99,NHTSA Same Incident ID,FEB-2022,San Francisco,CA,Waymo LLC,30270-2556,6928114ae21e747,No Injuries Reported,Jaguar,I-Pace,Passenger Car,Intersection,ADS,Yes,1
5c272086feb4f9f,NHTSA Same Incident ID,FEB-2022,San Francisco,CA,Waymo LLC,30270-2555,ed590c651fc2b4e,No Injuries Reported,Jaguar,I-Pace,Passenger Car,Intersection,ADS,Yes,1
60fe7e3c889b2c0,NHTSA Same Incident ID,FEB-2022,San Francisco,CA,"Zoox, Inc.",30610-2227,01df4e5181a9e89,No Injuries Reported,Toyota,Highlander,Non-Motorist: Cyclist,Street,ADAS,Yes,1
6760a5723220425,NHTSA Same Incident ID,FEB-2022,San Francisco,CA,Waymo LLC,30270-2552,4c109ee6f767a49,No Injuries Reported,Jaguar,I-Pace,Pickup Truck,Street,ADS,Yes,1
82533cc71dbe287,NHTSA Same Incident ID,FEB-2022,San Francisco,CA,Waymo LLC,30270-2553,fc507050d262298,No Injuries Reported,Jaguar,I-Pace,Passenger Car,Intersection,ADS,Yes,1
8db2e10c839c6b3,NHTSA Same Incident ID,FEB-2022,Sacaton,AZ,Waymo LLC,30270-2258;30270-2359,e900e303012f4e3,No Injuries Reported,Peterbilt,579 Epiq,Heavy Truck,Highway / Freeway,ADS,Yes,2
9e854367221d966,NHTSA Same Incident ID,FEB-2022,Washington DC,DC,Argo AI;Ford Motor Company,30290-2471;502-2525,f4ed5e3d6f6498b,No Injuries Reported,Ford,Fusion,Passenger Car,Street,ADS,"[REDACTED, MAY CONTAIN CONFIDENTIAL BUSINESS INFORMATION]",2
a85a7c4da377987,NHTSA Same Incident ID,FEB-2022,San Francisco,CA,Waymo LLC,30270-2551,e0571a62a1ccccb,No Injuries Reported,Jaguar,I-Pace,SUV,Intersection,ADS,Yes,1
ca46961b61f690a,NHTSA Same Incident ID,FEB-2022,San Francisco,CA,Waymo LLC,30270-2248;30270-2358,6bc8160eed3f36f,No Injuries Reported,Jaguar,I-Pace,Non-Motorist: Cyclist,Intersection,ADS,Yes,2
0d228d5bcb790d2,NHTSA Same Incident ID,FEB-2023,San Francisco,CA,Waymo LLC,30270-5085,a13402fe44e7310,No Injuries Reported,Jaguar,I-Pace,Heavy Truck,Intersection,ADS,Yes,1
1348f20bffe6753,NHTSA Same Incident ID,FEB-2023,San Francisco,CA,"Cruise LLC;General Motors, LLC",30412-4829;540-4832,3b9b2aa115ee9b6,No Injuries Reported,Cruise,AV,Van,Intersection,ADS,"[REDACTED, MAY CONTAIN CONFIDENTIAL BUSINESS INFORMATION]",2
1554418482f70b1,NHTSA Same Incident ID,FEB-2023,San Francisco,CA,"Cruise LLC;General Motors, LLC",30412-5035;540-5060,1321c26de5aba76,No Injuries Reported,Cruise,AV,Heavy Truck,Street,ADS,"[REDACTED, MAY CONTAIN CONFIDENTIAL BUSINESS INFORMATION]",2
28aee38d1d3ed89,NHTSA Same Incident ID,FEB-2023,Paradise,NV,"Zoox, Inc.",30610-4810,5e28e7f4219df90,Minor,Toyota,Highlander,Non-Motorist: Cyclist,Intersection,ADS,Yes,1
2cf58371e227f1a,NHTSA Same Incident ID,FEB-2023,San Francisco,CA,Waymo LLC,30270-5081,e1d17d1b67dae98,No Injuries Reported,Jaguar,I-Pace,Other Fixed Object,Intersection,ADS,Yes,1
37bce9ebe5f477f,NHTSA Same Incident ID,FEB-2023,Las Vegas,NV,Motional,30410-5003,3ef3620dd07f0df,No Injuries Reported,Hyundai,Ioniq 5,Passenger Car,Street,ADAS,Yes,1
387fb65aeb5202f,NHTSA Same Incident ID,FEB-2023,Downey,CA,"Mercedes-Benz USA, LLC",855-5055,19247ac4efdcbaf,No Injuries Reported,Mercedes-Benz,S580,Heavy Truck,Highway / Freeway,ADS,Yes,1
444d16299c00b0b,NHTSA Same Incident ID,FEB-2023,San Francisco,CA,Waymo LLC,30270-5083,474b4059a9adf93,No Injuries Reported,Jaguar,I-Pace,Passenger Car,Intersection,ADS,Yes,1
5ab71fb3ca70aad,NHTSA Same Incident ID,FEB-2023,Tempe,AZ,Transdev Alternative Services;Waymo LLC,30270-4906;30531-4907,539ccc1f53d0028,No Injuries Reported,Jaguar,I-Pace,Passenger Car,Highway / Freeway,ADS,Yes,2
5d69e01333fae90,NHTSA Same Incident ID,FEB-2023,Gardena,CA,"Mercedes-Benz USA, LLC",855-5058,89c23e414562529,No Injuries Reported,Mercedes-Benz,S580,SUV,Highway / Freeway,"Unknown, see Narrative","No, see Narrative",1
756c45604ba8bbd,NHTSA Same Incident ID,FEB-2023,San Francisco,CA,"Zoox, Inc.",30610-4993,726e5fac588ffe8,No Injuries Reported,Toyota,Highlander,Passenger Car,Intersection,ADS,Yes,1
7c0c1b1cf93259f,NHTSA Same Incident ID,FEB-2023,Tempe,AZ,Transdev Alternative Services;Waymo LLC,30270-5082;30531-5088,4dd9f0bc3236236,No Injuries Reported,Jaguar,I-Pace,SUV,Street,ADS,Yes,2
c2fb3fca34e403b,NHTSA Same Incident ID,FEB-2023,San Francisco,CA,"Zoox, Inc.",30610-4994,15ece5ddb6032f8,No Injuries Reported,Toyota,Highlander,Passenger Car,Street,ADS,Yes,1
d1097c7706589a9,NHTSA Same Incident ID,FEB-2023,Waxahachie,TX,Kodiak Robotics;PACCAR Incorporated,30391-4811;30391-5009;988-4816,2309d0a572da37c,No Injuries Reported,Kenworth Motor Truck Co,T680,SUV,Highway / Freeway,ADS,Yes,3
e67b7f9cd19c53f,NHTSA Same Incident ID,FEB-2023,San Francisco,CA,"Cruise LLC;General Motors, LLC",30412-5036;540-5061,a48d7d37bb1de6c,No Injuries Reported,Cruise,AV,Van,Street,ADS,"[REDACTED, MAY CONTAIN CONFIDENTIAL BUSINESS INFORMATION]",2
f3593eb7f389b3f,NHTSA Same Incident ID,FEB-2023,San Francisco,CA,"Zoox, Inc.",30610-4995,15ece5ddb6032f8,No Injuries Reported,Toyota,Highlander,Passenger Car,Street,ADS,Yes,1
06b540225fae953,NHTSA Same Incident ID,FEB-2024,Spring Valley,NV,"Zoox, Inc.",30610-7291,18e0636c317f80e,Minor,Toyota,Highlander,Pickup Truck,Intersection,ADS,Yes,1
1178b9180aca868,NHTSA Same Incident ID,FEB-2024,Phoenix,AZ,Waymo LLC,30270-7312,09f6e9bd642f040,No Injuries Reported,Jaguar,I-Pace,"Other, see Narrative",Street,ADS,Yes,1
26bc72f31433ff8,NHTSA Same Incident ID,FEB-2024,Phoenix,AZ,Waymo LLC,30270-7311,c5a24e4de70b2d6,No Injuries Reported,Jaguar,I-Pace,SUV,Street,ADS,Yes,1
35b627077003d07,NHTSA Same Incident ID,FEB-2024,San Francisco,CA,Waymo LLC,30270-7075,85fbc85393c7d1d,Minor,Jaguar,I-Pace,Non-Motorist: Cyclist,Intersection,ADS,Yes,1
3ba6e26d74e6f93,NHTSA Same Incident ID,FEB-2024,Las Vegas,NV,Hyundai Motor America;Motional,30410-7276;669-7320,f1f9bc844488e5d,No Injuries Reported,Hyundai,Ioniq 5,Other Fixed Object,Street,ADS,"[REDACTED, MAY CONTAIN CONFIDENTIAL BUSINESS INFORMATION]",2
40a6c193304ddb4,NHTSA Same Incident ID,FEB-2024,Streetman,TX,"Aurora Operations, Inc.;PACCAR Incorporated",30530-7141;988-7317,6a9cdbc8a8c9586,No Injuries Reported,Peterbilt,579,Heavy Truck,Highway / Freeway,ADS,Yes,2
5435df14596cad3,NHTSA Same Incident ID,FEB-2024,Phoenix,AZ,Waymo LLC,30270-7313,c6b9fb3009b44fc,No Injuries Reported,Jaguar,I-Pace,Heavy Truck,Street,ADS,Yes,1
55bb803a6b7193a,NHTSA Same Incident ID,FEB-2024,San Francisco,CA,"Zoox, Inc.",30610-7293,c8c8e2008bc71a8,No Injuries Reported,Toyota,Highlander,Bus,Street,ADS,Yes,1
736ce3700f7c463,NHTSA Same Incident ID,FEB-2024,Ann Arbor,MI,May Mobility,30413-7307,4bf81c68fc33bdb,No Injuries Reported,Toyota,Sienna,SUV,Street,ADS,"Unknown, see Narrative",1
7cc5701d8d54ecb,NHTSA Same Incident ID,FEB-2024,San Francisco,CA,Waymo LLC,30270-7310,abe8cab2679e248,No Injuries Reported,Jaguar,I-Pace,Passenger Car,Street,ADS,Yes,1
89ceac0c6db3833,NHTSA Same Incident ID,FEB-2024,San Francisco,CA,"Zoox, Inc.",30610-7292,980061bcc82fcbc,No Injuries Reported,Toyota,Highlander,Passenger Car,Intersection,ADS,Yes,1
8fc225c9f30de07,NHTSA Same Incident ID,FEB-2024,Tempe,AZ,Waymo LLC,30270-7257,af3c4fdcb398df9,Minor,Jaguar,I-Pace,Passenger Car,Street,ADS,Yes,1
9256227b26b1d3e,NHTSA Same Incident ID,FEB-2024,San Francisco,CA,Waymo LLC,30270-7315,e99629229709aa3,No Injuries Reported,Jaguar,I-Pace,Heavy Truck,Street,ADS,Yes,1
9c0c60f2cb1f322,NHTSA Same Incident ID,FEB-2024,Austin,TX,Transdev Alternative Services;Waymo LLC,30270-7164;30531-7177,9a0d14f335c1aa1,No Injuries Reported,Jaguar,I-Pace,Passenger Car,Intersection,ADS,Yes,2
9efe939f0ad5856,NHTSA Same Incident ID,FEB-2024,San Francisco,CA,Waymo LLC,30270-7190,0f48fa1f53d41b1,No Injuries Reported,Jaguar,I-Pace,Motorcycle,Intersection,ADS,Yes,1
REPORT:33175-9306,Report ID fallback,FEB-2024,Austin,TX,Mobileye Vision Technologies,33175-9306,,No Injuries Reported,Volkswagen,ID.Buzz,Passenger Car,Intersection,ADS,"Unknown, see Narrative",1
a055db2eae8befa,NHTSA Same Incident ID,FEB-2024,Tempe,AZ,Waymo LLC,30270-7309,8d461142a6059de,No Injuries Reported,Jaguar,I-Pace,SUV,Intersection,ADS,Yes,1
a0818b37309e9c3,NHTSA Same Incident ID,FEB-2024,Tempe,AZ,Waymo LLC,30270-9169,2bea63531bd865d,No Injuries Reported,Jaguar,I-Pace,Other Fixed Object,Street,ADS,Yes,1
ab7ab6695e48c80,NHTSA Same Incident ID,FEB-2024,Austin,TX,"Volkswagen Group of America, Inc.",1420-7244,c12327ee8569aa1,No Injuries Reported,Volkswagen,ID.Buzz,Passenger Car,Intersection,ADS,Yes,1
b25e800c82afada,NHTSA Same Incident ID,FEB-2024,Los Angeles,CA,Waymo LLC,30270-7308,92a927b3f78eb22,No Injuries Reported,Jaguar,I-Pace,Other Fixed Object,Street,ADS,Yes,1
bcd03512755eab2,NHTSA Same Incident ID,FEB-2024,Chandler,AZ,Waymo LLC,30270-7316,03a8719f5e6a313,Unknown,Jaguar,I-Pace,Passenger Car,Intersection,ADS,Yes,1
e41b32d53ecba3c,NHTSA Same Incident ID,FEB-2024,Phoenix,AZ,Waymo LLC,30270-7318,91d45c9bac07dec,No Injuries Reported,Jaguar,I-Pace,Passenger Car,Street,ADS,Yes,1
f6229ea9faa4204,NHTSA Same Incident ID,FEB-2024,Tempe,AZ,Transdev Alternative Services;Waymo LLC,30270-7237;30531-7239,992cd0f994a0437,Minor,Jaguar,I-Pace,Passenger Car,Highway / Freeway,ADS,Yes,2
00cf76dca3bcbce,NHTSA Same Incident ID,FEB-2025,Santa Monica,CA,Waymo LLC,30270-10046,87e063e17697306,No Injuries Reported,Jaguar,I-PACE,Passenger Car,Intersection,ADS,Yes,1
011b230dd3f2ae9,NHTSA Same Incident ID,FEB-2025,Daly City,CA,Waymo LLC,30270-9988,1a5459638549d49,Minor,Jaguar,I-PACE,Passenger Car,Intersection,ADS,Yes,1
0189935a3c5671c,NHTSA Same Incident ID,FEB-2025,Inglewood,CA,Waymo LLC,30270-10086,11b75b430c54645,No Injuries Reported,Jaguar,I-PACE,Passenger Car,Street,ADS,Yes,1
07949a4fab0d337,NHTSA Same Incident ID,FEB-2025,Phoenix,AZ,Waymo LLC,30270-10087,3bef8ad28561c33,No Injuries Reported,Jaguar,I-PACE,"Other, see Narrative",Street,ADS,Yes,1
0854cad253fe51e,NHTSA Same Incident ID,FEB-2025,San Francisco,CA,Waymo LLC,30270-9876,afd870afb3c8bde,Minor,Jaguar,I-PACE,SUV,Street,ADS,Yes,1
0baa19c3c4de7ed,NHTSA Same Incident ID,FEB-2025,San Francisco,CA,Waymo LLC,30270-10078,07448791ab013d2,No Injuries Reported,Jaguar,I-PACE,SUV,Intersection,ADS,Yes,1
0dc79525eecc923,NHTSA Same Incident ID,FEB-2025,Los Angeles,CA,Waymo LLC,30270-9860,5badab237b7563f,Moderate,Jaguar,I-Pace,SUV,Street,ADS,Yes,1
0dfac0be21c8da4,NHTSA Same Incident ID,FEB-2025,Los Angeles,CA,Waymo LLC,30270-10081,2e4fc64e3534cb6,No Injuries Reported,Jaguar,I-PACE,Bus,Traffic Circle,ADS,Yes,1
120162186b3f822,NHTSA Same Incident ID,FEB-2025,San Francisco,CA,Waymo LLC,30270-10047,f4f776649f9d71e,No Injuries Reported,Jaguar,I-PACE,SUV,Street,ADS,Yes,1
17c86d48468d307,NHTSA Same Incident ID,FEB-2025,San Francisco,CA,Waymo LLC,30270-10216,4146078966d52fb,No Injuries Reported,Jaguar,I-PACE,Passenger Car,Intersection,ADS,Yes,1
198ede2a0f0bc8c,NHTSA Same Incident ID,FEB-2025,San Francisco,CA,Waymo LLC,30270-10007,7f139073e4159f7,No Injuries Reported,Jaguar,I-PACE,"Other, see Narrative",Street,ADS,Yes,1
245fcf475614f10,NHTSA Same Incident ID,FEB-2025,Los Angeles,CA,Waymo LLC,30270-10054,62060b6190797d9,No Injuries Reported,Jaguar,I-PACE,Non-Motorist: Other,Street,ADS,Yes,1
276c44175c4e6fa,NHTSA Same Incident ID,FEB-2025,Las Vegas,NV,Hyundai Motor America;Motional,30410-10072;669-10260,cbf168dd2910c18,No Injuries Reported,Hyundai,Ioniq 5,SUV,Intersection,ADS,Yes,2
2892d7d255db2c7,NHTSA Same Incident ID,FEB-2025,Phoenix,AZ,Waymo LLC,30270-10141,3da2202cd33026f,No Injuries Reported,Jaguar,I-PACE,SUV,Parking Lot,ADS,Yes,1
2cb2aade63ee8f6,NHTSA Same Incident ID,FEB-2025,Phoenix,AZ,Waymo LLC,30270-10091,e70a7f8b565506c,No Injuries Reported,Jaguar,I-PACE,SUV,Intersection,ADS,Yes,1
2e6dcc2b1707998,NHTSA Same Incident ID,FEB-2025,Las Vegas,NV,"Zoox, Inc.",30610-10018,b690a9fa3781c6c,Unknown,Toyota,Highlander,Passenger Car,Street,ADS,Yes,1
2fa56e3fae57fff,NHTSA Same Incident ID,FEB-2025,Las Vegas,NV,Hyundai Motor America;Motional,30410-9857;669-10258,ea1383b24e0401b,No Injuries Reported,Hyundai,Ioniq 5,Pickup Truck,Intersection,ADS,Yes,2
32eecff3f616ac8,NHTSA Same Incident ID,FEB-2025,Tempe,AZ,Waymo LLC,30270-10048,24b1d71af8bf09c,No Injuries Reported,Jaguar,I-PACE,Passenger Car,Intersection,ADS,Yes,1
33742456a151d72,NHTSA Same Incident ID,FEB-2025,Austin,TX,Waymo LLC,30270-10139,90ea31b18f9d621,No Injuries Reported,Jaguar,I-PACE,Pickup Truck,Street,ADS,Yes,1
346cd4b6bf87e06,NHTSA Same Incident ID,FEB-2025,San Francisco,CA,Waymo LLC,30270-9931,c78603b93164de4,No Injuries Reported,Jaguar,I-PACE,Passenger Car,Intersection,ADS,Yes,1
3b435f5d69bb89b,NHTSA Same Incident ID,FEB-2025,Phoenix,AZ,Waymo LLC,30270-10059,3ce0e4d09f01ed3,No Injuries Reported,Jaguar,I-PACE,SUV,Street,ADS,Yes,1
3b8990bdb26fdf0,NHTSA Same Incident ID,FEB-2025,San Francisco,CA,Waymo LLC,30270-9926,c78603b93164de4,Minor,Jaguar,I-Pace,SUV,Intersection,ADS,Yes,1
3d4bf64a0b9921a,NHTSA Same Incident ID,FEB-2025,San Francisco,CA,Waymo LLC,30270-10053,aaf86a387139363,No Injuries Reported,Jaguar,I-PACE,Passenger Car,Street,ADS,Yes,1
45b81f06862d85c,NHTSA Same Incident ID,FEB-2025,San Francisco,CA,Waymo LLC,30270-9987,9b58c96904cb338,Moderate,Jaguar,I-PACE,Non-Motorist: Cyclist,Street,ADS,Yes,1
49187973fd18d64,NHTSA Same Incident ID,FEB-2025,Los Angeles,CA,Waymo LLC,30270-10077,c8ac17680c44a98,No Injuries Reported,Jaguar,I-PACE,SUV,Street,ADS,Yes,1
4ae0f7763f7a1cb,NHTSA Same Incident ID,FEB-2025,San Francisco,CA,Waymo LLC,30270-10135,1e9e5d983fe05bf,No Injuries Reported,Jaguar,I-PACE,Van,Street,ADS,Yes,1
4ce5e32b26da9ff,NHTSA Same Incident ID,FEB-2025,Las Vegas,NV,Hyundai Motor America;Motional,30410-9946;669-10259,2d388d4948c1138,No Injuries Reported,Hyundai,Ioniq 5,Passenger Car,Intersection,ADS,Yes,2
4df5e75df4f4fe9,NHTSA Same Incident ID,FEB-2025,Mountain View,CA,Waymo LLC,30270-10052,64e2731246da764,No Injuries Reported,Jaguar,I-PACE,Passenger Car,Intersection,ADS,Yes,1
5313d36258c04e8,NHTSA Same Incident ID,FEB-2025,Phoenix,AZ,Waymo LLC,30270-10138,376c8139f54419f,No Injuries Reported,Jaguar,I-PACE,Passenger Car,Street,ADS,Yes,1
5665cd0476afae7,NHTSA Same Incident ID,FEB-2025,Los Angeles,CA,Waymo LLC,30270-10083,99dc6c8a043c39a,Minor,Jaguar,I-PACE,Passenger Car,Intersection,ADS,Yes,1
58cbcdb4881d80a,NHTSA Same Incident ID,FEB-2025,Scottsdale,AZ,Waymo LLC,30270-9809,89663f04ab829e5,No Injuries Reported,Jaguar,I-Pace,Passenger Car,Street,ADS,Yes,1
58ed5a4d4e93504,NHTSA Same Incident ID,FEB-2025,Thackerville,OK,Kodiak Robotics;PACCAR Incorporated,30391-10111;988-9975,fbd7a440e34169b,No Injuries Reported,Kenworth,T680,Heavy Truck,Highway / Freeway,ADS,Yes,2
5a49d5ea4fd4679,NHTSA Same Incident ID,FEB-2025,San Francisco,CA,Waymo LLC,30270-9912,a862c8051fbc12b,No Injuries Reported,Jaguar,I-PACE,Pickup Truck,Street,ADS,Yes,1
5da4eca366e56f7,NHTSA Same Incident ID,FEB-2025,San Francisco,CA,Waymo LLC,30270-10050,94d4295956bd0c0,No Injuries Reported,Jaguar,I-PACE,Passenger Car,Street,ADS,Yes,1
6210d13877c359b,NHTSA Same Incident ID,FEB-2025,Phoenix,AZ,Waymo LLC,30270-10123,5ec98e6aa830c7c,No Injuries Reported,Jaguar,I-PACE,Passenger Car,Street,ADS,Yes,1
63cb63ad512c4e3,NHTSA Same Incident ID,FEB-2025,San Francisco,CA,Waymo LLC,30270-9978,22f4a9434bb99b4,No Injuries Reported,Jaguar,I-PACE,SUV,Intersection,ADS,Yes,1
6c8a70e4e1a1bc2,NHTSA Same Incident ID,FEB-2025,Los Angeles,CA,Waymo LLC,30270-10090,69d394c6f4b45ea,No Injuries Reported,Jaguar,I-PACE,Passenger Car,Street,ADS,Yes,1
6e8436d7b93f635,NHTSA Same Incident ID,FEB-2025,San Francisco,CA,Waymo LLC,30270-10130,3c8b4e930e85379,No Injuries Reported,Jaguar,I-PACE,Van,Street,ADS,Yes,1
7021e4061ead5bc,NHTSA Same Incident ID,FEB-2025,San Francisco,CA,Waymo LLC,30270-10075,da1c07fbe9f0399,No Injuries Reported,Jaguar,I-PACE,Non-Motorist: Cyclist,Street,ADS,Yes,1
762125c31d18c18,NHTSA Same Incident ID,FEB-2025,Tempe,AZ,Waymo LLC,30270-10215,37fd568d1ac909e,No Injuries Reported,Jaguar,I-PACE,Heavy Truck,Intersection,ADS,Yes,1
783ffed947694fd,NHTSA Same Incident ID,FEB-2025,San Francisco,CA,Waymo LLC,30270-10049,00fa24afe50168b,No Injuries Reported,Jaguar,I-PACE,Heavy Truck,Street,ADS,Yes,1
7a56583de2b512b,NHTSA Same Incident ID,FEB-2025,Scottsdale,AZ,Waymo LLC,30270-10082,1a775515c7d2801,No Injuries Reported,Jaguar,I-PACE,SUV,Street,ADS,Yes,1
7fd090dc5def1cb,NHTSA Same Incident ID,FEB-2025,San Francisco,CA,Waymo LLC,30270-10143,9c5038897dc8056,No Injuries Reported,Jaguar,I-PACE,Passenger Car,Street,ADS,Yes,1
8a061a85e0fac84,NHTSA Same Incident ID,FEB-2025,Austin,TX,Waymo LLC,30270-10142,ec264f9db2fcc0f,No Injuries Reported,Jaguar,I-PACE,SUV,Intersection,ADS,Yes,1
9346e697083ade8,NHTSA Same Incident ID,FEB-2025,Los Angeles,CA,Waymo LLC,30270-9826,6249a2ffe518606,No Injuries Reported,Jaguar,I-Pace,SUV,Street,ADS,Yes,1
9590144d946c2fa,NHTSA Same Incident ID,FEB-2025,San Francisco,CA,Waymo LLC,30270-10436,c5314f385719a72,No Injuries Reported,Jaguar,I-Pace,Passenger Car,Street,ADS,Yes,1
9612a9723e060e4,NHTSA Same Incident ID,FEB-2025,San Francisco,CA,Waymo LLC,30270-10067,21abb73f00f3a18,No Injuries Reported,Jaguar,I-PACE,Passenger Car,Street,ADS,Yes,1
9633af41c73e4ab,NHTSA Same Incident ID,FEB-2025,San Francisco,CA,Waymo LLC,30270-10137,bb7a95e3244d782,No Injuries Reported,Jaguar,I-PACE,Passenger Car,Street,ADS,Yes,1
9b6c6e6504c9cd9,NHTSA Same Incident ID,FEB-2025,San Francisco,CA,Waymo LLC,30270-10076,54438cbdb57334f,No Injuries Reported,Jaguar,I-PACE,"Other, see Narrative",Street,ADS,Yes,1
9d71e2ee82fc64f,NHTSA Same Incident ID,FEB-2025,San Francisco,CA,Waymo LLC,30270-10080,2c2f75d23c37307,No Injuries Reported,Jaguar,I-PACE,Heavy Truck,Street,ADS,Yes,1
a23645e9ae97899,NHTSA Same Incident ID,FEB-2025,San Francisco,CA,Waymo LLC,30270-10058,545879f6fb2ad86,No Injuries Reported,Jaguar,I-PACE,Passenger Car,Intersection,ADS,Yes,1
a44c6cf951c17dc,NHTSA Same Incident ID,FEB-2025,Phoenix,AZ,Waymo LLC,30270-9992,99694462520af1f,Moderate,Jaquar,I-PACE,Passenger Car,Intersection,ADS,Yes,1
a505bba3817c9e2,NHTSA Same Incident ID,FEB-2025,Phoenix,AZ,Waymo LLC,30270-10042,e3afde838dca9cf,No Injuries Reported,Jaguar,I-PACE,"Other, see Narrative",Parking Lot,ADS,Yes,1
aa791e99f358c62,NHTSA Same Incident ID,FEB-2025,Phoenix,AZ,Waymo LLC,30270-10109,8769d6c86a168c3,No Injuries Reported,Jaguar,I-PACE,SUV,Street,ADS,Yes,1
b0b55b44c85ec9b,NHTSA Same Incident ID,FEB-2025,Phoenix,AZ,Waymo LLC,30270-10134,a405fd2ef57cdd9,No Injuries Reported,Jaguar,I-PACE,Pickup Truck,Parking Lot,ADS,Yes,1
b0f8952fe931b48,NHTSA Same Incident ID,FEB-2025,Phoenix,AZ,Waymo LLC,30270-10006,9052d837901c491,No Injuries Reported,Jaguar,I-PACE,"Other, see Narrative",Street,ADS,Yes,1
b0fe191adb9a766,NHTSA Same Incident ID,FEB-2025,San Francisco,CA,"Zoox, Inc.",30610-10251,3b8ca627dbcef01,No Injuries Reported,Toyota,Highlander,Passenger Car,Street,ADS,Yes,1
b42deb39142d807,NHTSA Same Incident ID,FEB-2025,Las Vegas,NV,Hyundai Motor America;Motional,30410-9804;669-10257,48d0706c1e92595,No Injuries Reported,Hyundai,Ioniq 5,Van,Intersection,ADS,Yes,2
b630d01707812ae,NHTSA Same Incident ID,FEB-2025,Phoenix,AZ,Waymo LLC,30270-10140,6396e4f8e325a37,No Injuries Reported,Jaguar,I-PACE,SUV,Street,ADS,Yes,1
b69365f21d47b9c,NHTSA Same Incident ID,FEB-2025,Santa Monica,CA,Waymo LLC,30270-10129,ec7344470bfa45d,No Injuries Reported,Jaguar,I-PACE,SUV,Street,ADS,Yes,1
babc286c22f1f7d,NHTSA Same Incident ID,FEB-2025,San Francisco,CA,Waymo LLC,30270-10276,d15358998623a2a,No Injuries Reported,Jaguar,I-Pace,Passenger Car,Street,ADS,Yes,1
be3d629bd7d432c,NHTSA Same Incident ID,FEB-2025,Phoenix,AZ,Waymo LLC,30270-10085,eb8a0c2bd48a564,No Injuries Reported,Jaguar,I-PACE,Passenger Car,Street,ADS,Yes,1
c0f34afded1bc4d,NHTSA Same Incident ID,FEB-2025,San Francisco,CA,Waymo LLC,30270-10079,1d48c86b532faa3,No Injuries Reported,Jaguar,I-PACE,Passenger Car,Street,ADS,Yes,1
c68689fc617a685,NHTSA Same Incident ID,FEB-2025,San Francisco,CA,"Zoox, Inc.",30610-10246,e6ddf1532d70886,No Injuries Reported,Zoox,sedan,Passenger Car,Street,ADS,Yes,1
c7ca79c67fa49fe,NHTSA Same Incident ID,FEB-2025,Las Vegas,NV,"Zoox, Inc.",30610-10055,20c78fc9cfced02,Minor,Toyota,Highlander,SUV,Intersection,ADS,Yes,1
c9071aa23149df4,NHTSA Same Incident ID,FEB-2025,Los Angeles,CA,Waymo LLC,30270-10117,61fd77a56acc72d,No Injuries Reported,Jaguar,I-PACE,Passenger Car,Street,ADS,Yes,1
cd0f4c4a7e6f2e0,NHTSA Same Incident ID,FEB-2025,Austin,TX,Waymo LLC,30270-10136,58de7f4311cc07b,No Injuries Reported,Jaguar,I-PACE,SUV,Street,ADS,Yes,1
ce972fc6332dca6,NHTSA Same Incident ID,FEB-2025,Brisbane,CA,Waymo LLC,30270-9828,367be9171186d48,No Injuries Reported,Jaguar,I-Pace,"Other, see Narrative",Street,ADS,Yes,1
d18a0a297f90dc8,NHTSA Same Incident ID,FEB-2025,San Francisco,CA,Waymo LLC,30270-10131,6fa34366492a742,No Injuries Reported,Jaguar,I-PACE,SUV,Parking Lot,ADS,Yes,1
d60f0a7874550b0,NHTSA Same Incident ID,FEB-2025,San Francisco,CA,Waymo LLC,30270-10727,58fc028660eda5f,No Injuries Reported,Jaguar,I-Pace,"Other, see Narrative",Street,ADS,Yes,1
ddd7ca810af9fd2,NHTSA Same Incident ID,FEB-2025,San Francisco,CA,Waymo LLC,30270-9789,4665753b0fb29b8,Minor,Jaguar,I-PACE,Passenger Car,Intersection,ADS,Yes,1
eb89a7c26f836d3,NHTSA Same Incident ID,FEB-2025,Atlanta,GA,Transdev Alternative Services;Waymo LLC,30270-10148;30531-10293,9df799516bace2a,No Injuries Reported,Jaguar,I-PACE,SUV,Street,ADS,Yes,2
ec207689881d11a,NHTSA Same Incident ID,FEB-2025,Santa Clara,CA,AutoX Technologies Inc,30791-10003,1602a5ac42c1fa5,No Injuries Reported,Chrysler,Pacifica,Passenger Car,Street,ADS,Yes,1
ec25755718a0c9f,NHTSA Same Incident ID,FEB-2025,Beverly Hills,CA,Waymo LLC,30270-10060,e1600decf466846,No Injuries Reported,Jaguar,I-PACE,SUV,Street,ADS,Yes,1
ede37373b4ba5e5,NHTSA Same Incident ID,FEB-2025,San Francisco,CA,Waymo LLC,30270-10274,2fb352addc409a1,No Injuries Reported,Jaguar,I-Pace,"Other, see Narrative",Street,ADS,Yes,1
ee8bc049ffeaa52,NHTSA Same Incident ID,FEB-2025,Phoenix,AZ,Waymo LLC,30270-10112,9f7823b716ff621,Serious,Jaguar,I-PACE,Passenger Car,Street,ADS,Yes,1
fbe6478d5c0c171,NHTSA Same Incident ID,FEB-2025,San Francisco,CA,Waymo LLC,30270-10057,7429c8f0a22ec71,Minor,Jaguar,I-PACE,Passenger Car,Street,ADS,Yes,1
fcbf7f3b607c02b,NHTSA Same Incident ID,FEB-2025,Santa Clara,CA,"Mercedes-Benz USA, LLC;NVIDIA CORP",30571-10171;855-10223,a5430bee35debbe,No Injuries Reported,Mercedes-Benz,S580 4M,Passenger Car,Parking Lot,"Unknown, see Narrative","[REDACTED, MAY CONTAIN CONFIDENTIAL BUSINESS INFORMATION]",2
004d7dbb4b2cc0c,NHTSA Same Incident ID,FEB-2026,Austin,TX,Waymo LLC,30270-14144,4bf5a6ff4bd1310,Property Damage. No Injured Reported,JAGUAR,I-PACE,Pickup Truck,Street,ADS,Yes,1
049771a96b8d2b8,NHTSA Same Incident ID,FEB-2026,San Francisco,CA,Waymo LLC,30270-14024,6b7bbc3b6dc943e,Property Damage. No Injured Reported,JAGUAR,I-PACE,Pole / Tree,Street,ADS,Yes,1
07ee2d3563b1c77,NHTSA Same Incident ID,FEB-2026,San Francisco,CA,Waymo LLC,30270-14044,3c8b4e930e85379,Property Damage. No Injured Reported,JAGUAR,I-PACE,SUV,Street,ADS,Yes,1
096822672b0c267,NHTSA Same Incident ID,FEB-2026,Scottsdale,AZ,Waymo LLC,30270-14012,cf7e547c2c333e2,Property Damage. No Injured Reported,JAGUAR,I-PACE,SUV,Street,ADS,Yes,1
0a59dd6aec30ad4,NHTSA Same Incident ID,FEB-2026,Santa Monica,CA,"Zoox, Inc.",30610-14167,050e1b68ee761ef,Minor W/O Hospitalization,TOYOTA,Highlander,SUV,Street,ADS,Yes,1
11917cfd2b3d583,NHTSA Same Incident ID,FEB-2026,San Francisco,CA,Waymo LLC,30270-13957,b1b28082dddd9a3,Minor W/O Hospitalization,JAGUAR,I-PACE,Passenger Car,Street,ADS,Yes,1
1246893c05db32a,NHTSA Same Incident ID,FEB-2026,San Francisco,CA,Waymo LLC,30270-14099,a97e90018f89699,Property Damage. No Injured Reported,JAGUAR,I-PACE,SUV,Intersection,ADS,Yes,1
13048a864ddb23a,NHTSA Same Incident ID,FEB-2026,San Francisco,CA,"Zoox, Inc.",30610-14152,1cee30e7becde9b,Property Damage. No Injured Reported,TOYOTA,Highlander,Passenger Car,Street,ADS,Yes,1
19027290a9ece77,NHTSA Same Incident ID,FEB-2026,Los Angeles,CA,Waymo LLC,30270-13983,76a62fe3bd3d308,Property Damage. No Injured Reported,JAGUAR,I-PACE,Passenger Car,Street,ADS,Yes,1
19326d282d5fa14,NHTSA Same Incident ID,FEB-2026,Scottsdale,AZ,Waymo LLC,30270-14001,35f21dc24f3f317,Minor W/O Hospitalization,JAGUAR,I-PACE,Passenger Car,Street,ADS,Yes,1
1c26a5864a71ec1,NHTSA Same Incident ID,FEB-2026,Los Angeles,CA,Waymo LLC,30270-13975,66d221ed59df96f,Property Damage. No Injured Reported,JAGUAR,I-PACE,Pickup Truck,Street,ADS,Yes,1
1f3b28dc7a86591,NHTSA Same Incident ID,FEB-2026,Los Angeles,CA,Waymo LLC,30270-13956,a1622129a5a9075,Property Damage. No Injured Reported,JAGUAR,I-PACE,SUV,Street,ADS,Yes,1
1f8f457021a4b7a,NHTSA Same Incident ID,FEB-2026,Dallas,TX,Avride Inc.,31101-14150,ed6eb12bedaeddf,Property Damage. No Injured Reported,HYUNDAI,Ioniq 5,Pickup Truck,Street,ADS,Yes,1
1fa562685e928aa,NHTSA Same Incident ID,FEB-2026,Daly City,CA,Waymo LLC,30270-13949,1529671f5525447,Property Damage. No Injured Reported,JAGUAR,I-PACE,SUV,Street,ADS,Yes,1
20d6da83946bc6a,NHTSA Same Incident ID,FEB-2026,Scottsdale,AZ,Waymo LLC,30270-13955,48b97014860ecac,Unknown,JAGUAR,I-PACE,Passenger Car,Highway / Freeway,ADS,Yes,1
233e9f2817ad109,NHTSA Same Incident ID,FEB-2026,Santa Monica,CA,Waymo LLC,30270-14080,66d221ed59df96f,Property Damage. No Injured Reported,JAGUAR,I-PACE,SUV,Intersection,ADS,Yes,1
26389caa3154007,NHTSA Same Incident ID,FEB-2026,Culver City,CA,Waymo LLC,30270-14153,a591fa3c95e4999,Property Damage. No Injured Reported,ZEEKR,RT,SUV,Intersection,ADS,Yes,1
28ca813e6678fae,NHTSA Same Incident ID,FEB-2026,Phoenix,AZ,Waymo LLC,30270-14076,6dea25a1dd337d3,Minor W/O Hospitalization,JAGUAR,I-PACE,SUV,Street,ADS,Yes,1
2934264745d4e3e,NHTSA Same Incident ID,FEB-2026,Mountain View,CA,Waymo LLC,30270-14199,8e517baefc043c1,Property Damage. No Injured Reported,JAGUAR,I-PACE,Bus,Intersection,ADS,Yes,1
2bb150cec15c1e9,NHTSA Same Incident ID,FEB-2026,Austin,TX,Avride Inc.,31101-14142,346723ff497c938,Property Damage. No Injured Reported,HYUNDAI,Ioniq 5,Passenger Car,Street,ADS,Yes,1
2be71e3bcf7407f,NHTSA Same Incident ID,FEB-2026,Philadelphia,PA,Waymo LLC,30270-14046,72f7c1cb9612287,Property Damage. No Injured Reported,ZEEKR,RT,Heavy Truck,Street,ADS,Yes,1
2d117cb5cb544ec,NHTSA Same Incident ID,FEB-2026,San Francisco,CA,Waymo LLC,30270-13980,0db4ff1c9b3c58d,Property Damage. No Injured Reported,JAGUAR,I-PACE,Passenger Car,Street,ADS,Yes,1
2da625af19199e1,NHTSA Same Incident ID,FEB-2026,Mountain View,CA,Waymo LLC,30270-13977,fdaaf3ab15a18cf,Property Damage. No Injured Reported,JAGUAR,I-PACE,SUV,Street,ADS,Yes,1
2e9b6b2e5c02442,NHTSA Same Incident ID,FEB-2026,San Francisco,CA,Waymo LLC,30270-14075,ec627d2e0ee0c24,Minor W/ Hospitalization,JAGUAR,I-PACE,Passenger Car,Intersection,ADS,Yes,1
30f0810d0962fb8,NHTSA Same Incident ID,FEB-2026,Tempe,AZ,Waymo LLC,30270-14097,99e391b9b158fb0,Property Damage. No Injured Reported,JAGUAR,I-PACE,Passenger Car,Intersection,ADS,Yes,1
36ca2d92bdde553,NHTSA Same Incident ID,FEB-2026,Atlanta,GA,Waymo LLC,30270-14074,fb2a05753a8e627,Property Damage. No Injured Reported,JAGUAR,I-PACE,Passenger Car,Street,ADS,Yes,1
3c33745e4e0fa8b,NHTSA Same Incident ID,FEB-2026,San Francisco,CA,Waymo LLC,30270-14008,edf20f187cc9965,Property Damage. No Injured Reported,JAGUAR,I-PACE,SUV,Street,ADS,Yes,1
3db73b95cac1387,NHTSA Same Incident ID,FEB-2026,Los Angeles,CA,Waymo LLC,30270-13998,0c3439a1d8f53ac,Property Damage. No Injured Reported,JAGUAR,I-PACE,Pickup Truck,Street,ADS,Yes,1
3f5abecf5cbccbb,NHTSA Same Incident ID,FEB-2026,Austin,TX,Waymo LLC,30270-14004,457e64a129c0647,Property Damage. No Injured Reported,JAGUAR,I-PACE,Pickup Truck,Street,ADS,Yes,1
41d9f5254cb7890,NHTSA Same Incident ID,FEB-2026,Los Angeles,CA,Waymo LLC,30270-14029,95425327ef90cb1,Property Damage. No Injured Reported,JAGUAR,I-PACE,"Other, see Narrative",Street,ADS,Yes,1
42a58fcdd6e5ed4,NHTSA Same Incident ID,FEB-2026,Austin,TX,Avride Inc.,31101-14202,4ca389e95987c13,Property Damage. No Injured Reported,HYUNDAI,Ioniq 5,Pickup Truck,Street,ADS,Yes,1
4afaa8a0dbd9090,NHTSA Same Incident ID,FEB-2026,Tempe,AZ,Waymo LLC,30270-14175,452ee9bf759e38e,Property Damage. No Injured Reported,JAGUAR,I-PACE,Passenger Car,Parking Lot,ADS,Yes,1
4db3ce10be8a21f,NHTSA Same Incident ID,FEB-2026,San Francisco,CA,Waymo LLC,30270-14027,3b078cf9265ec91,Property Damage. No Injured Reported,JAGUAR,I-PACE,SUV,Street,ADS,Yes,1
4edf286c1255600,NHTSA Same Incident ID,FEB-2026,Los Angeles,CA,Waymo LLC,30270-14093,2d5a794353235c6,Minor W/O Hospitalization,JAGUAR,I-PACE,Van,Street,ADS,Yes,1
5064731c129ab49,NHTSA Same Incident ID,FEB-2026,San Francisco,CA,Waymo LLC,30270-14006,9cf3cceb9add0e9,Property Damage. No Injured Reported,JAGUAR,I-PACE,Heavy Truck,Street,ADS,Yes,1
513eed66dc3a1bd,NHTSA Same Incident ID,FEB-2026,San Jose,CA,Waymo LLC,30270-14079,157eded1d606553,Property Damage. No Injured Reported,JAGUAR,I-PACE,Passenger Car,Street,ADS,Yes,1
56fd238339d188a,NHTSA Same Incident ID,FEB-2026,Atlanta,GA,Waymo LLC,30270-14225,fbf64b682343582,Property Damage. No Injured Reported,JAGUAR,I-PACE,Passenger Car,Street,ADS,Yes,1
5dbec3b2d99c250,NHTSA Same Incident ID,FEB-2026,Orlando,FL,Waymo LLC,30270-14201,9ec9266b7640f4f,Property Damage. No Injured Reported,JAGUAR,I-PACE,Passenger Car,Street,ADS,Yes,1
5e7b56c7be423bf,NHTSA Same Incident ID,FEB-2026,Los Angeles,CA,Waymo LLC,30270-14198,17ec88643bc5a9e,Property Damage. No Injured Reported,JAGUAR,I-PACE,Pickup Truck,Street,ADS,Yes,1
602dfa7c61d8f2a,NHTSA Same Incident ID,FEB-2026,San Francisco,CA,Waymo LLC,30270-14174,7f139073e4159f7,Property Damage. No Injured Reported,JAGUAR,I-PACE,Passenger Car,Street,ADS,Yes,1
626e75f5017109e,NHTSA Same Incident ID,FEB-2026,Dallas,TX,Avride Inc.,31101-14166,ec7207d9ecddf3a,Property Damage. No Injured Reported,HYUNDAI,Ioniq 5,SUV,Street,ADS,Yes,1
6469108b0336c82,NHTSA Same Incident ID,FEB-2026,San Francisco,CA,Waymo LLC,30270-14169,9fab4fc9d581481,Property Damage. No Injured Reported,JAGUAR,I-PACE,SUV,Street,ADS,Yes,1
6a97654b83af506,NHTSA Same Incident ID,FEB-2026,San Francisco,CA,Waymo LLC,30270-14011,080c9d31a6e9386,Property Damage. No Injured Reported,JAGUAR,I-PACE,SUV,Intersection,ADS,Yes,1
6afa6259701a9c9,NHTSA Same Incident ID,FEB-2026,San Francisco,CA,Waymo LLC,30270-13999,cc4cb8a51705cf4,Property Damage. No Injured Reported,JAGUAR,I-PACE,Heavy Truck,Street,ADS,Yes,1
6ce748c3edc18e6,NHTSA Same Incident ID,FEB-2026,San Francisco,CA,Waymo LLC,30270-14007,84abb19645061b5,Property Damage. No Injured Reported,JAGUAR,I-PACE,Passenger Car,Street,ADS,Yes,1
794cf07eb37b090,NHTSA Same Incident ID,FEB-2026,Palo Alto,CA,Waymo LLC,30270-14091,259f4099e2afd1c,Property Damage. No Injured Reported,JAGUAR,I-PACE,SUV,Street,ADS,Yes,1
7bb5e5a6b3d3dec,NHTSA Same Incident ID,FEB-2026,Los Angeles,CA,Waymo LLC,30270-14140,68bfb7473cb1e9f,Property Damage. No Injured Reported,JAGUAR,I-PACE,SUV,Street,ADS,Yes,1
7da6ca30982b45f,NHTSA Same Incident ID,FEB-2026,Austin,TX,Waymo LLC,30270-13982,7d95b657af596c2,Property Damage. No Injured Reported,JAGUAR,I-PACE,"Other, see Narrative",Street,ADS,Yes,1
7efeae2f836247e,NHTSA Same Incident ID,FEB-2026,Houston,TX,Waymo LLC,30270-14119,3af59acb53da4e9,Property Damage. No Injured Reported,JAGUAR,I-PACE,SUV,Street,ADS,Yes,1
89a19245aaaea91,NHTSA Same Incident ID,FEB-2026,Nashville,TN,Waymo LLC,30270-14151,ce5ac74a450f399,Property Damage. No Injured Reported,JAGUAR,I-PACE,SUV,Intersection,ADS,Yes,1
8ff1bf6ed911ce0,NHTSA Same Incident ID,FEB-2026,San Francisco,CA,Waymo LLC,30270-14195,7e9b05bde083073,Property Damage. No Injured Reported,JAGUAR,I-PACE,Pickup Truck,Street,ADS,Yes,1
94a54c1adb3bcb1,NHTSA Same Incident ID,FEB-2026,San Francisco,CA,Waymo LLC,30270-13985,3e0df0d9509ae6b,Property Damage. No Injured Reported,JAGUAR,I-PACE,Passenger Car,Street,ADS,Yes,1
99c84793d4ec40d,NHTSA Same Incident ID,FEB-2026,Orlando,FL,Waymo LLC,30270-13976,a716fa442f09994,Property Damage. No Injured Reported,JAGUAR,I-PACE,Passenger Car,Intersection,ADS,Yes,1
9a51158d6217ea8,NHTSA Same Incident ID,FEB-2026,Scottsdale,AZ,Waymo LLC,30270-14000,f1de33ef5df863f,Property Damage. No Injured Reported,JAGUAR,I-PACE,Passenger Car,Street,ADS,Yes,1
9b830b9ca982f32,NHTSA Same Incident ID,FEB-2026,Los Angeles,CA,Waymo LLC,30270-14047,0abbd03e006425f,Property Damage. No Injured Reported,JAGUAR,I-PACE,"Other, see Narrative",Street,ADS,Yes,1
9bffa21b6fcc8be,NHTSA Same Incident ID,FEB-2026,San Francisco,CA,Waymo LLC,30270-14077,839ae0ee3c11b7d,Property Damage. No Injured Reported,JAGUAR,I-PACE,SUV,Street,ADS,Yes,1
9ea9c1f0935a249,NHTSA Same Incident ID,FEB-2026,Dallas,TX,Avride Inc.,31101-14147,72fa64888b07024,Property Damage. No Injured Reported,HYUNDAI,Ioniq 5,Passenger Car,Street,ADS,Yes,1
a22e09a9f4e16a3,NHTSA Same Incident ID,FEB-2026,San Francisco,CA,Waymo LLC,30270-13981,b2b63777a9cd796,Property Damage. No Injured Reported,JAGUAR,I-PACE,Passenger Car,Street,ADS,Yes,1
a30c6d954b234e1,NHTSA Same Incident ID,FEB-2026,San Francisco,CA,Waymo LLC,30270-14005,26627bc2d72341b,Property Damage. No Injured Reported,JAGUAR,I-PACE,SUV,Street,ADS,Yes,1
a3c629f28118882,NHTSA Same Incident ID,FEB-2026,San Francisco,CA,"Zoox, Inc.",30610-14026,2826ed2b65bafa6,Property Damage. No Injured Reported,ZOOX,Zoox,SUV,Street,ADS,Yes,1
a5e4933ee6cd45c,NHTSA Same Incident ID,FEB-2026,Los Angeles,CA,Waymo LLC,30270-14146,0e0c362f73db6fe,Property Damage. No Injured Reported,JAGUAR,I-PACE,Passenger Car,Street,ADS,Yes,1
a83acacdc66ae50,NHTSA Same Incident ID,FEB-2026,Austin,TX,Waymo LLC,30270-14243,9a0d14f335c1aa1,Property Damage. No Injured Reported,JAGUAR,I-PACE,Pickup Truck,Intersection,ADS,Yes,1
ab19d2204a652cf,NHTSA Same Incident ID,FEB-2026,Los Angeles,CA,Waymo LLC,30270-14118,6b304d10f428fc6,Property Damage. No Injured Reported,JAGUAR,I-PACE,First Responder Vehicle,Street,ADS,Yes,1
ae96f1add1e01a3,NHTSA Same Incident ID,FEB-2026,Dallas,TX,Avride Inc.,31101-14236,0fd166fc9e1488e,Property Damage. No Injured Reported,HYUNDAI,Ioniq 5,SUV,Intersection,ADS,Yes,1
b04b7116a5fd5c7,NHTSA Same Incident ID,FEB-2026,Dallas,TX,Avride Inc.,31101-14065,d004cd7af5ce11f,Property Damage. No Injured Reported,HYUNDAI,Ioniq 5,Pickup Truck,Street,ADS,Yes,1
b0ff58d02f40edc,NHTSA Same Incident ID,FEB-2026,Phoenix,AZ,Waymo LLC,30270-14171,d38d16cb79f9173,Property Damage. No Injured Reported,JAGUAR,I-PACE,Pickup Truck,Street,ADS,Yes,1
b17f68626678ca5,NHTSA Same Incident ID,FEB-2026,Las Vegas,NV,Motional,30410-14170,9b655410a6a32ba,No Injured Reported,HYUNDAI,Ioniq 5,"Other, see Narrative",Street,ADS,Yes,1
b57194198433dd3,NHTSA Same Incident ID,FEB-2026,Las Vegas,NV,"Zoox, Inc.",30610-14340,774164d04a7e6ce,No Injured Reported,ZOOX,Zoox,Pickup Truck,Street,ADS,Yes,1
b5c5bcbc744b458,NHTSA Same Incident ID,FEB-2026,Las Vegas,NV,"Zoox, Inc.",30610-14341,c91287d3011bdde,Unknown,ZOOX,Zoox,SUV,Intersection,ADS,Yes,1
b5fb8628e71ee33,NHTSA Same Incident ID,FEB-2026,San Francisco,CA,Waymo LLC,30270-14003,0fef056719a9e6e,Moderate W/ Hospitalization,JAGUAR,I-PACE,Van,Street,ADS,Yes,1
b7f7947d55bf4ba,NHTSA Same Incident ID,FEB-2026,Austin,TX,Waymo LLC,30270-14096,d809f090f988fd5,Property Damage. No Injured Reported,JAGUAR,I-PACE,Passenger Car,Street,ADS,Yes,1
be725dd4cd06bde,NHTSA Same Incident ID,FEB-2026,Austin,TX,Waymo LLC,30270-14048,b0beb04e61a4332,Minor W/O Hospitalization,JAGUAR,I-PACE,SUV,Street,ADS,Yes,1
c76a783b430e36d,NHTSA Same Incident ID,FEB-2026,Austin,TX,Waymo LLC,30270-14009,7f6a9c1a5281ae6,Property Damage. No Injured Reported,JAGUAR,I-PACE,SUV,Intersection,ADS,Yes,1
c7caa38bc6d090b,NHTSA Same Incident ID,FEB-2026,Los Angeles,CA,Waymo LLC,30270-14002,bc89caa4231d96c,Property Damage. No Injured Reported,JAGUAR,I-PACE,Bus,Street,ADS,Yes,1
c8a145a102b1d0c,NHTSA Same Incident ID,FEB-2026,Las Vegas,NV,Motional,30410-14092,5d3cfc1ba29ecc0,No Injured Reported,HYUNDAI,Ioniq 5,Passenger Car,Intersection,ADS,Yes,1
cabb08d695498fe,NHTSA Same Incident ID,FEB-2026,Austin,TX,Waymo LLC,30270-14098,e3b9c3598a3dd3b,Property Damage. No Injured Reported,JAGUAR,I-PACE,SUV,Intersection,ADS,Yes,1
cc68f4a88be3d1c,NHTSA Same Incident ID,FEB-2026,Dallas,TX,Avride Inc.,31101-14148,8e6824feadf85d3,Property Damage. No Injured Reported,HYUNDAI,Ioniq 5,SUV,Street,ADS,Yes,1
d060d42675f80b0,NHTSA Same Incident ID,FEB-2026,San Francisco,CA,Waymo LLC,30270-14045,d04150974feba9d,Property Damage. No Injured Reported,JAGUAR,I-PACE,Heavy Truck,Street,ADS,Yes,1
d14518a784ebf3b,NHTSA Same Incident ID,FEB-2026,San Francisco,CA,"Zoox, Inc.",30610-14339,dd8493ad5cc8f78,Property Damage. No Injured Reported,ZOOX,Zoox,Non-Motorist: Cyclist,Intersection,ADS,Yes,1
d1c0358e595cd70,NHTSA Same Incident ID,FEB-2026,Phoenix,AZ,Waymo LLC,30270-14141,9b08fa2a330786b,Property Damage. No Injured Reported,JAGUAR,I-PACE,Pickup Truck,Street,ADS,Yes,1
d3c12c475dbb4ef,NHTSA Same Incident ID,FEB-2026,San Francisco,CA,Waymo LLC,30270-14073,e2a0c41161b7e26,Property Damage. No Injured Reported,JAGUAR,I-PACE,Heavy Truck,Street,ADS,Yes,1
debe4f3f3881687,NHTSA Same Incident ID,FEB-2026,Las Vegas,NV,Motional,30410-14238,b7c3558eea0c32c,No Injured Reported,HYUNDAI,Ioniq 5,Passenger Car,Street,ADS,Yes,1
e8284826ea8862f,NHTSA Same Incident ID,FEB-2026,Lennox,CA,Waymo LLC,30270-13978,df082a0b71543d1,Property Damage. No Injured Reported,JAGUAR,I-PACE,Passenger Car,Street,ADS,Yes,1
e9e7c33ae088f7e,NHTSA Same Incident ID,FEB-2026,Austin,TX,Avride Inc.,31101-14235,fda2d147b1e7ab0,Property Damage. No Injured Reported,HYUNDAI,Ioniq 5,SUV,Street,ADS,Yes,1
ecdeda3fec4d35b,NHTSA Same Incident ID,FEB-2026,San Francisco,CA,Waymo LLC,30270-14081,b6ca4978c1fdc38,Property Damage. No Injured Reported,JAGUAR,I-PACE,Passenger Car,Street,ADS,Yes,1
ef7dd4a8ba75112,NHTSA Same Incident ID,FEB-2026,San Francisco,CA,Waymo LLC,30270-14304,fdb0ae1c6f797a2,Property Damage. No Injured Reported,JAGUAR,I-PACE,SUV,Street,ADS,Yes,1
f0e6d8e682e6d81,NHTSA Same Incident ID,FEB-2026,San Francisco,CA,Waymo LLC,30270-14143,3da11dc7b261f13,Property Damage. No Injured Reported,JAGUAR,I-PACE,Passenger Car,Street,ADS,Yes,1
f710b0a8e20245f,NHTSA Same Incident ID,FEB-2026,Phoenix,AZ,Waymo LLC,30270-14173,ed055c93160a677,Property Damage. No Injured Reported,JAGUAR,I-PACE,Passenger Car,Street,ADS,Yes,1
fb7b212688f57ff,NHTSA Same Incident ID,FEB-2026,San Francisco,CA,Waymo LLC,30270-14168,e1e1265b959c710,Property Damage. No Injured Reported,JAGUAR,I-PACE,Van,Street,ADS,Yes,1
fbf817b20470f75,NHTSA Same Incident ID,FEB-2026,Austin,TX,Waymo LLC,30270-14149,a220cb51b78dbed,Property Damage. No Injured Reported,JAGUAR,I-PACE,Passenger Car,Intersection,ADS,Yes,1
fd0eb653edfb782,NHTSA Same Incident ID,FEB-2026,Atlanta,GA,Waymo LLC,30270-14078,8354ac5ac46d898,Property Damage. No Injured Reported,JAGUAR,I-PACE,SUV,Intersection,ADS,Yes,1
fd77b30ef5484f6,NHTSA Same Incident ID,FEB-2026,Los Angeles,CA,Waymo LLC,30270-14172,6c426265cd6b7e1,Property Damage. No Injured Reported,JAGUAR,I-PACE,Other Fixed Object,Parking Lot,ADS,Yes,1
0348df51e94570a,NHTSA Same Incident ID,JAN-2022,San Francisco,CA,Waymo LLC,30270-2198;30270-2226,6e7c9396161664d,No Injuries Reported,Jaguar,I-Pace,SUV,Intersection,ADS,Yes,2
0731be2bcb8ffde,NHTSA Same Incident ID,JAN-2022,Miami,FL,Argo AI;Ford Motor Company,30290-2180;502-2178,1a89dae466c3bdd,Minor,Ford,Escape,SUV,Street,ADS,"[REDACTED, MAY CONTAIN CONFIDENTIAL BUSINESS INFORMATION]",2
2bbc30ea7de3b1b,NHTSA Same Incident ID,JAN-2022,San Francisco,CA,Waymo LLC,30270-2328,82ca7b5717c14e4,No Injuries Reported,Jaguar,I-Pace,SUV,Intersection,ADS,Yes,1
4b0988fa9b7493b,NHTSA Same Incident ID,JAN-2022,San Francisco,CA,"Cruise LLC;General Motors, LLC",30412-2173;540-2177,7c5cce40a8c4c2d,No Injuries Reported,Cruise,AV,SUV,Intersection,ADS,"[REDACTED, MAY CONTAIN CONFIDENTIAL BUSINESS INFORMATION]",2
7caf349415e0dd6,NHTSA Same Incident ID,JAN-2022,San Francisco,CA,"Zoox, Inc.",30610-2245,39dfd67295f44eb,No Injuries Reported,Toyota,Highlander,Passenger Car,Street,ADS,Yes,1
7e9b9cd2a74e8fc,NHTSA Same Incident ID,JAN-2022,San Francisco,CA,Transdev Alternative Services;Waymo LLC,30270-2160;30270-2197;30531-2161,86b92a23b213253,No Injuries Reported,Jaguar,I-Pace,Passenger Car,Intersection,"Unknown, see Narrative",Yes,3
803359be848aa10,NHTSA Same Incident ID,JAN-2022,San Francisco,CA,Waymo LLC,30270-2168;30270-2206,f604b97275349cf,No Injuries Reported,Jaguar,I-Pace,Motorcycle,Intersection,ADS,Yes,2
c1366ff879b2e05,NHTSA Same Incident ID,JAN-2022,San Francisco,CA,Waymo LLC,30270-2323,ee70d1945e4b3b0,No Injuries Reported,Jaguar,I-Pace,SUV,Intersection,ADS,Yes,1
c961e0fa66063ae,NHTSA Same Incident ID,JAN-2022,San Francisco,CA,Waymo LLC,30270-2327,3fa13431ff0349d,No Injuries Reported,Jaguar,I-Pace,Heavy Truck,Intersection,ADS,Yes,1
db822920fda66b7,NHTSA Same Incident ID,JAN-2022,San Francisco,CA,"Cruise LLC;General Motors, LLC",30412-2216;540-2220,d273b956f145a16,Minor,Cruise,AV,Non-Motorist: Cyclist,Street,ADS,"[REDACTED, MAY CONTAIN CONFIDENTIAL BUSINESS INFORMATION]",2
fb21c8dbc9a660d,NHTSA Same Incident ID,JAN-2022,San Francisco,CA,Waymo LLC,30270-2329,415510c86f8a0cf,No Injuries Reported,Jaguar,I-Pace,Passenger Car,Intersection,ADS,Yes,1
1016e5c64e50462,NHTSA Same Incident ID,JAN-2023,Las Vegas,NV,Motional,30410-4799,ed2dae19cdf8cb4,No Injuries Reported,Hyundai,Ioniq 5,Passenger Car,Street,ADS,Yes,1
34eb0b5b2852fc9,NHTSA Same Incident ID,JAN-2023,Chandler,AZ,Waymo LLC,30270-4882,27c58a6d27dde97,No Injuries Reported,Chrysler,Pacifica,Pickup Truck,Intersection,ADS,Yes,1
5bb5073dab94bae,NHTSA Same Incident ID,JAN-2023,San Francisco,CA,Transdev Alternative Services;Waymo LLC,30270-4881;30270-7598;30531-4883,c01ea2068860b0f,No Injuries Reported,Jaguar,I-Pace,Passenger Car,Intersection,ADS,Yes,3
b60e02de2f46f8f,NHTSA Same Incident ID,JAN-2023,Peachtree Corners,GA,Robotic Research,30690-4793,a58d95ed6f929ea,No Injuries Reported,Local Motors,2.0,Other Fixed Object,Street,ADS,Yes,1
c945bf9a7866541,NHTSA Same Incident ID,JAN-2023,Phoenix,AZ,Waymo LLC,30270-4880,f5166bf634e8c45,No Injuries Reported,Jaguar,I-Pace,First Responder Vehicle,Parking Lot,ADS,Yes,1
d9f1dce22a59e61,NHTSA Same Incident ID,JAN-2023,Phoenix,AZ,Waymo LLC,30270-4768,6f605e952015487,No Injuries Reported,Jaguar,I-Pace,Motorcycle,Intersection,ADS,Yes,1
e3735a4436407e9,NHTSA Same Incident ID,JAN-2023,San Francisco,CA,"Zoox, Inc.",30610-4815,0def0400dbda986,No Injuries Reported,Toyota,Highlander,Passenger Car,Street,ADS,Yes,1
fa6f0b9dcf1eda3,NHTSA Same Incident ID,JAN-2023,Las Vegas,NV,"Zoox, Inc.",30610-4814,7e7d2e10d098731,No Injuries Reported,Toyota,Highlander,Passenger Car,Street,ADS,Yes,1
0440e1b9933a311,NHTSA Same Incident ID,JAN-2024,Phoenix,AZ,Waymo LLC,30270-7156,a716fa442f09994,No Injuries Reported,Jaguar,I-Pace,Heavy Truck,Intersection,ADS,Yes,1
1856b0e9c61d103,NHTSA Same Incident ID,JAN-2024,Los Angeles,CA,Waymo LLC,30270-7157,9d2f60156197a6a,Unknown,Jaguar,I-Pace,SUV,Street,ADS,Yes,1
1b11511eb3f2646,NHTSA Same Incident ID,JAN-2024,Paradise,NV,"Zoox, Inc.",30610-7111,473ebdf4b3aedda,No Injuries Reported,Toyota,Highlander,Passenger Car,Intersection,ADS,Yes,1
28fac8141e63339,NHTSA Same Incident ID,JAN-2024,San Francisco,CA,Waymo LLC,30270-7071,d954beb5defd2fa,No Injuries Reported,Jaguar,I-Pace,Passenger Car,Street,ADS,Yes,1
338d76138bfc037,NHTSA Same Incident ID,JAN-2024,San Jose,CA,WeRide Corp,30792-7147,caa76225bb77e79,No Injuries Reported,Nissan,LEAF,Passenger Car,Street,ADS,Yes,1
41439f705214d5b,NHTSA Same Incident ID,JAN-2024,Phoenix,AZ,Waymo LLC,30270-7158,f68ec82537e85e7,No Injuries Reported,Jaguar,I-Pace,SUV,Intersection,ADS,Yes,1
4433538a5ab5fe9,NHTSA Same Incident ID,JAN-2024,San Francisco,CA,Waymo LLC,30270-7162,2c2f75d23c37307,No Injuries Reported,Jaguar,I-Pace,Passenger Car,Intersection,ADS,Yes,1
4c457674d24ef64,NHTSA Same Incident ID,JAN-2024,San Jose,CA,Ghost Autonomy Inc.,30450-6958,fa0c528fc9bec29,No Injuries Reported,Toyota,Camry,Passenger Car,Highway / Freeway,ADS,Yes,1
566bb10e6506178,NHTSA Same Incident ID,JAN-2024,Phoenix,AZ,Waymo LLC,30270-6932,2a870b4e4109a7b,Unknown,Jaguar,I-Pace,SUV,Intersection,ADS,Yes,1
59079bb2dd3325d,NHTSA Same Incident ID,JAN-2024,San Francisco,CA,Waymo LLC,30270-7161,8be4a6c4c8332cc,No Injuries Reported,Jaguar,I-Pace,Bus,Intersection,ADS,Yes,1
5b397bdb94b6ab2,NHTSA Same Incident ID,JAN-2024,Houston,TX,Nuro,30291-7039,4ff43aee6ffcf26,No Injuries Reported,Toyota,Prius,Passenger Car,Street,ADS,Yes,1
69fffbcf0147ff7,NHTSA Same Incident ID,JAN-2024,Chandler,AZ,Transdev Alternative Services;Waymo LLC,30270-7034;30531-7176,b93816a5e99f9bb,No Injuries Reported,Jaguar,I-Pace,SUV,Intersection,ADS,Yes,2
7135acd28a61330,NHTSA Same Incident ID,JAN-2024,Palo Alto,CA,Nuro,30291-7107,c191401622c519b,No Injuries Reported,Toyota,Prius,Passenger Car,Intersection,ADS,Yes,1
824979b8339ba57,NHTSA Same Incident ID,JAN-2024,Tempe,AZ,Waymo LLC,30270-7159,198cbd52b165ea7,No Injuries Reported,Jaguar,I-Pace,SUV,Intersection,ADAS,Yes,1
8288654b083d6f8,NHTSA Same Incident ID,JAN-2024,Scottsdale,AZ,Waymo LLC,30270-7160,2bea63531bd865d,Unknown,Jaguar,I-Pace,"Other, see Narrative",Intersection,ADS,Yes,1
85bb308f7801ee8,NHTSA Same Incident ID,JAN-2024,San Francisco,CA,Waymo LLC,30270-6981,b0a4fbd86419a15,No Injuries Reported,Jaguar,I-PACE,Motorcycle,Intersection,ADS,Yes,1
REPORT:33175-9307,Report ID fallback,JAN-2024,Austin,TX,Mobileye Vision Technologies,33175-9307,,No Injuries Reported,Volkswagen,ID.Buzz,Passenger Car,Intersection,ADS,"Unknown, see Narrative",1
a05277be2462827,NHTSA Same Incident ID,JAN-2024,Austin,TX,"Volkswagen Group of America, Inc.",1420-7081,356ed66f2e167f3,No Injuries Reported,Volkswagen,ID.Buzz,Passenger Car,Intersection,ADS,Yes,1
a0a1657627490ce,NHTSA Same Incident ID,JAN-2024,San Francisco,CA,"Zoox, Inc.",30610-7110,b1784ffeed4c799,No Injuries Reported,Toyota,Highlander,Passenger Car,Street,ADS,Yes,1
e57b604ec513988,NHTSA Same Incident ID,JAN-2024,Mountain View,CA,Nuro,30291-7106,00d4592400ec7eb,No Injuries Reported,Toyota,Prius,Passenger Car,Intersection,ADS,Yes,1
e5834db4d946bfa,NHTSA Same Incident ID,JAN-2024,Gilbert,AZ,Waymo LLC,30270-7048,c5c7ecbcc216f2e,No Injuries Reported,Jaguar,I-Pace,"Other, see Narrative",Parking Lot,ADS,Yes,1
f23a6e25a67b19d,NHTSA Same Incident ID,JAN-2024,San Francisco,CA,"Zoox, Inc.",30610-6950,a6a1c689894241a,No Injuries Reported,Toyota,Highlander,SUV,Intersection,ADS,Yes,1
f4e66fc9d21a5b9,NHTSA Same Incident ID,JAN-2024,Phoenix,CA,Waymo LLC,30270-7054,c0bc3685a7d18ca,No Injuries Reported,Jaguar,I-Pace,"Other, see Narrative",Street,ADS,Yes,1
fdf5dff21c3b9d1,NHTSA Same Incident ID,JAN-2024,Scottsdale,AZ,Waymo LLC,30270-7058,09f6e9bd642f040,No Injuries Reported,Jaguar,I-Pace,"Other, see Narrative",Parking Lot,ADS,Yes,1
046e04aaeb646d1,NHTSA Same Incident ID,JAN-2025,Los Angeles,CA,Waymo LLC,30270-9851,4f8d0c1691f7096,No Injuries Reported,Jaguar,I-PACE,Passenger Car,Intersection,ADS,Yes,1
073f741bd17fb92,NHTSA Same Incident ID,JAN-2025,Phoenix,AZ,Waymo LLC,30270-9881,eb3acceeeb7f6eb,No Injuries Reported,Jaguar,I-PACE,Pickup Truck,Street,ADS,Yes,1
093aec1cc60c75d,NHTSA Same Incident ID,JAN-2025,San Francisco,CA,Waymo LLC,30270-9874,e1e1265b959c710,No Injuries Reported,Jaguar,I-PACE,Pickup Truck,Street,ADS,Yes,1
0b3397956e35406,NHTSA Same Incident ID,JAN-2025,Phoenix,AZ,Waymo LLC,30270-9634,e6cb042e7b5d447,Moderate,JLR,I-PACE,Passenger Car,Intersection,ADS,Yes,1
197d44fcead254c,NHTSA Same Incident ID,JAN-2025,Los Angeles,CA,Waymo LLC,30270-9908,615bc6291c257f2,No Injuries Reported,Jaguar,I-PACE,SUV,Street,ADS,Yes,1
1bfb56a11a24d34,NHTSA Same Incident ID,JAN-2025,San Francisco,CA,"Zoox, Inc.",30610-9768,592789b65942921,No Injuries Reported,Toyota,Highlander,Passenger Car,Intersection,ADS,Yes,1
1cd34fac1795878,NHTSA Same Incident ID,JAN-2025,San Francisco,CA,Waymo LLC,30270-9887,52c110861ee5465,No Injuries Reported,Jaguar,I-PACE,Pickup Truck,Intersection,ADS,Yes,1
214d903572ad811,NHTSA Same Incident ID,JAN-2025,Phoenix,AZ,Waymo LLC,30270-9631,018ea5add201d72,Minor,Jaguar,I-Pace,Passenger Car,Intersection,ADS,Yes,1
242678102337149,NHTSA Same Incident ID,JAN-2025,Spring,TX,"Aurora Operations, Inc.;PACCAR Incorporated",30530-9960;988-9972,ee340784e6b5cdb,No Injuries Reported,Peterbilt,579,"Other, see Narrative",Highway / Freeway,ADS,Yes,2
262550d6cc1bc14,NHTSA Same Incident ID,JAN-2025,Phoenix,AZ,Waymo LLC,30270-9894,e85214d27e4fea9,No Injuries Reported,Jaguar,I-PACE,Passenger Car,Street,ADS,Yes,1
2b2a8d3b3e4fd71,NHTSA Same Incident ID,JAN-2025,San Francisco,CA,Waymo LLC,30270-9738,db45adb80ffcf22,No Injuries Reported,Jaguar,I-Pace,Passenger Car,Street,ADS,Yes,1
2c361192b50837f,NHTSA Same Incident ID,JAN-2025,San Francisco,CA,Waymo LLC,30270-9897,c29b4c11225a765,No Injuries Reported,Jaguar,I-PACE,Passenger Car,Street,ADS,Yes,1
2e10aa5924c3a69,NHTSA Same Incident ID,JAN-2025,Las Vegas,NV,Hyundai Motor America;Motional,30410-9752;669-9871,7809e9bbbfa8286,No Injuries Reported,Hyundai,Ioniq 5,Passenger Car,Intersection,ADS,Yes,2
30ea25a102ed6d6,NHTSA Same Incident ID,JAN-2025,Paradise,NV,"Zoox, Inc.",30610-9722,394fe1d76abad46,No Injuries Reported,Toyota,Highlander,Other Fixed Object,Street,ADS,Yes,1
34d9149dca40ce7,NHTSA Same Incident ID,JAN-2025,San Francisco,CA,Waymo LLC,30270-9885,874470673dd522d,No Injuries Reported,Jaguar,I-PACE,SUV,Intersection,ADS,Yes,1
3aff500e735b66d,NHTSA Same Incident ID,JAN-2025,Phoenix,AZ,Waymo LLC,30270-9883,128c2b0c3d8ddd8,No Injuries Reported,Jaguar,I-PACE,Passenger Car,Intersection,ADS,Yes,1
3fa95d09e7002f4,NHTSA Same Incident ID,JAN-2025,San Francisco,CA,Waymo LLC,30270-9895,63d5996f05e3f54,No Injuries Reported,Jaguar,I-PACE,Heavy Truck,Street,ADS,Yes,1
4409b059e33b146,NHTSA Same Incident ID,JAN-2025,San Francisco,CA,Waymo LLC,30270-9724,1a4975ebab0a45e,Fatality,Jaguar,I-Pace,Passenger Car,Street,ADS,Yes,1
4496e31201f3e12,NHTSA Same Incident ID,JAN-2025,San Francisco,CA,Waymo LLC,30270-9850,5c94bfbcaa51d6a,No Injuries Reported,Jaguar,I-PACE,Van,Street,ADS,Yes,1
4ccbd17516d5a82,NHTSA Same Incident ID,JAN-2025,San Francisco,CA,Waymo LLC,30270-9807,cc4cb8a51705cf4,Minor,Jaguar,I-PACE,Passenger Car,Street,ADS,Yes,1
4d12ce78f9cceeb,NHTSA Same Incident ID,JAN-2025,Los Angeles,CA,Waymo LLC,30270-9763,d642b99fb76068b,No Injuries Reported,Jaguar,I-PACE,"Other, see Narrative",Parking Lot,ADS,Yes,1
4f5c629dd98f12c,NHTSA Same Incident ID,JAN-2025,San Francisco,CA,Waymo LLC,30270-9635,597501ee2911576,No Injuries Reported,Jaguar,I-PACE,Passenger Car,Street,ADS,Yes,1
50b8e1c5db49055,NHTSA Same Incident ID,JAN-2025,Ann Arbor,MI,May Mobility,30413-9949,4c85884484f99f3,No Injuries Reported,Toyota,Sienna,Passenger Car,Street,ADS,Yes,1
5850cea579bf584,NHTSA Same Incident ID,JAN-2025,San Francisco,CA,Waymo LLC,30270-9824,610f63562f6f82f,No Injuries Reported,Jaguar,I-PACE,SUV,Street,ADS,Yes,1
5aface9ce63be5a,NHTSA Same Incident ID,JAN-2025,San Francisco,CA,Waymo LLC,30270-9872,e61c32395715a3f,No Injuries Reported,Jaguar,I-PACE,Passenger Car,Street,ADS,Yes,1
5bc1b9d65a04bdb,NHTSA Same Incident ID,JAN-2025,San Francisco,CA,"Zoox, Inc.",30610-9965,f22a81759914ade,Minor,Toyota,Highlander,Passenger Car,Street,ADS,Yes,1
5bcd2120010868a,NHTSA Same Incident ID,JAN-2025,Tempe,AZ,Waymo LLC,30270-9823,f54ae3007c3f10e,No Injuries Reported,Jaguar,I-PACE,"Other, see Narrative",Intersection,ADS,Yes,1
6038d41a0e9de1c,NHTSA Same Incident ID,JAN-2025,San Francisco,CA,Waymo LLC,30270-9853,e74690add55a695,No Injuries Reported,Jaguar,I-PACE,Passenger Car,Street,ADS,Yes,1
61e8006bcb4c98c,NHTSA Same Incident ID,JAN-2025,Phoenix,AZ,Waymo LLC,30270-9905,321cd9aa76b9384,No Injuries Reported,Jaguar,I-PACE,Passenger Car,Street,ADS,Yes,1
63022700e5986e3,NHTSA Same Incident ID,JAN-2025,San Francisco,CA,Waymo LLC,30270-9907,9b58c96904cb338,No Injuries Reported,Jaguar,I-PACE,"Other, see Narrative",Street,ADS,Yes,1
63ce5ba7a04314f,NHTSA Same Incident ID,JAN-2025,San Francisco,CA,Waymo LLC,30270-9878,1c0570a2f418be6,No Injuries Reported,Jaguar,I-PACE,Pickup Truck,Street,ADS,Yes,1
65c2a7bec0738d5,NHTSA Same Incident ID,JAN-2025,Tempe,AZ,Waymo LLC,30270-9822,da3d17f048c33a1,No Injuries Reported,Jaguar,I-PACE,Animal,Street,ADS,Yes,1
69dbcb440688427,NHTSA Same Incident ID,JAN-2025,Paradise,NV,"Zoox, Inc.",30610-9726,4ad6c03e42653ff,No Injuries Reported,Toyota,Highlander,SUV,Street,ADS,Yes,1
6ca231027bcb3eb,NHTSA Same Incident ID,JAN-2025,San Francisco,CA,Waymo LLC,30270-9854,822cb25808b89f8,No Injuries Reported,Jaguar,I-PACE,Passenger Car,Street,ADS,Yes,1
7039609476ade85,NHTSA Same Incident ID,JAN-2025,San Francisco,CA,Waymo LLC,30270-9873,0e27c117ddc79c5,No Injuries Reported,Jaguar,I-PACE,Other Fixed Object,Street,ADS,Yes,1
7080d83da856b8c,NHTSA Same Incident ID,JAN-2025,San Francisco,CA,Waymo LLC,30270-9875,4428f871e71092a,No Injuries Reported,Jaguar,I-PACE,SUV,Intersection,ADS,Yes,1
75b9ed7c42a9a4c,NHTSA Same Incident ID,JAN-2025,San Francisco,CA,Waymo LLC,30270-9735,3cf7c25f2209456,No Injuries Reported,Jaguar,I-Pace,Passenger Car,Street,ADS,Yes,1
78fb68a2eb3b39e,NHTSA Same Incident ID,JAN-2025,San Francisco,CA,Waymo LLC,30270-9880,52714e323ed4658,No Injuries Reported,Jaguar,I-PACE,Pickup Truck,Intersection,ADS,Yes,1
7c362b5823f86a4,NHTSA Same Incident ID,JAN-2025,San Francisco,CA,Waymo LLC,30270-9606,da9870749cbf827,No Injuries Reported,JLR,I-PACE,Heavy Truck,Street,ADS,Yes,1
81725dfd46ae367,NHTSA Same Incident ID,JAN-2025,Austin,TX,Waymo LLC,30270-9552,2596eed63060ca8,No Injuries Reported,Jaguar,I-Pace,Passenger Car,Street,ADS,Yes,1
88bf41530cd4895,NHTSA Same Incident ID,JAN-2025,San Francisco,CA,Waymo LLC,30270-9764,a5875815d60f218,No Injuries Reported,Jaguar,I-PACE,SUV,Street,ADS,Yes,1
9298debc89380bf,NHTSA Same Incident ID,JAN-2025,Phoenix,AZ,Waymo LLC,30270-9848,98deb204146ceda,No Injuries Reported,Jaguar,I-PACE,"Other, see Narrative",Street,ADS,Yes,1
98c716bb1e4b79b,NHTSA Same Incident ID,JAN-2025,Los Angeles,CA,Transdev Alternative Services;Waymo LLC,30270-9886;30531-10011,134676bfb4c7ba4,No Injuries Reported,Jaguar,I-PACE,"Other, see Narrative",Street,ADS,Yes,2
999711d1c739b82,NHTSA Same Incident ID,JAN-2025,San Francisco,CA,"Zoox, Inc.",30610-9963,e6ddf1532d70886,No Injuries Reported,Zoox,sedan,Passenger Car,Street,ADS,Yes,1
99e19d155838197,NHTSA Same Incident ID,JAN-2025,Austin,TX,Waymo LLC,30270-9868,ca62eeaf8438407,No Injuries Reported,Jaguar,I-PACE,Heavy Truck,Parking Lot,ADS,Yes,1
9b7f61d57ff4037,NHTSA Same Incident ID,JAN-2025,Phoenix,AZ,Waymo LLC,30270-9904,9d9fb23eadb6334,No Injuries Reported,Jaguar,I-PACE,Passenger Car,Parking Lot,ADS,Yes,1
a71893002843d10,NHTSA Same Incident ID,JAN-2025,Los Angeles,CA,Transdev Alternative Services;Waymo LLC,30270-9911;30531-10009,0576c6b8903f5b8,No Injuries Reported,Jaguar,I-PACE,SUV,Street,ADS,Yes,2
aeddf9a5808923f,NHTSA Same Incident ID,JAN-2025,Los Angeles,CA,Waymo LLC,30270-10089,a6d787df6b6267f,Minor,Jaguar,I-PACE,SUV,Street,ADS,Yes,1
af6e18815ae9663,NHTSA Same Incident ID,JAN-2025,Los Angeles,CA,Waymo LLC,30270-9852,f07aedd654e601f,Minor,Jaguar,I-PACE,Passenger Car,Street,ADS,Yes,1
b80af11c02f6289,NHTSA Same Incident ID,JAN-2025,San Francisco,CA,Waymo LLC,30270-9806,ea55277e652175a,No Injuries Reported,Jaquar,I-PACE,"Other, see Narrative",Street,ADS,Yes,1
b8b9b40e3623ba4,NHTSA Same Incident ID,JAN-2025,San Francisco,CA,Waymo LLC,30270-9909,457ba4addbb8953,No Injuries Reported,Jaguar,I-PACE,Passenger Car,Street,ADS,Yes,1
b9596f2ff2d628c,NHTSA Same Incident ID,JAN-2025,San Francisco,CA,Waymo LLC,30270-9906,3caa16ede38ed4a,No Injuries Reported,Jaguar,I-PACE,Passenger Car,Parking Lot,ADS,Yes,1
be9a4261e1e8663,NHTSA Same Incident ID,JAN-2025,San Francisco,CA,Waymo LLC,30270-9654,e9264da131c0540,No Injuries Reported,Jaguar,I-Pace,Non-Motorist: Cyclist,Intersection,ADS,Yes,1
c1757800e8b542e,NHTSA Same Incident ID,JAN-2025,Scottsdale,AZ,Waymo LLC,30270-9736,f6d0af49d79043b,No Injuries Reported,Jaguar,I-Pace,Passenger Car,Intersection,ADS,Yes,1
c4d5edfdb26fd2a,NHTSA Same Incident ID,JAN-2025,San Francisco,CA,Waymo LLC,30270-9537,30d416716606fc7,No Injuries Reported,Jaguar,I-Pace,Passenger Car,Street,ADS,Yes,1
ce835234a7e3939,NHTSA Same Incident ID,JAN-2025,San Francisco,CA,Waymo LLC,30270-9721,0df8cfd5d5e20fd,No Injuries Reported,Jaguar,I-Pace,SUV,Intersection,ADS,Yes,1
cf8abe11383c4be,NHTSA Same Incident ID,JAN-2025,Los Angeles,CA,Waymo LLC,30270-9765,167aa6f5dc594f9,No Injuries Reported,Jaguar,I-PACE,Passenger Car,Street,ADS,Yes,1
d12c87d1e1ad132,NHTSA Same Incident ID,JAN-2025,Las Vegas,NV,"Zoox, Inc.",30610-9967,b03bb4f36cd75a0,Minor,Toyota,Highlander,Passenger Car,Street,ADS,Yes,1
d3b411fa6beef41,NHTSA Same Incident ID,JAN-2025,San Francisco,CA,Waymo LLC,30270-9884,136a716399961c3,No Injuries Reported,Jaguar,I-PACE,Passenger Car,Street,ADS,Yes,1
d617550cd42287d,NHTSA Same Incident ID,JAN-2025,Los Angeles,CA,Waymo LLC,30270-9737,8db10595e276d34,No Injuries Reported,Jaguar,I-Pace,Passenger Car,Street,ADS,Yes,1
da3505d533e20a5,NHTSA Same Incident ID,JAN-2025,San Francisco,CA,"Zoox, Inc.",30610-9759,6fa428fb2b42886,No Injuries Reported,Toyota,Highlander,Passenger Car,Street,ADS,Yes,1
daa10713b34a31e,NHTSA Same Incident ID,JAN-2025,San Francisco,CA,Waymo LLC,30270-9791,23e79fe73d97bf9,No Injuries Reported,Jaguar,I-PACE,Passenger Car,Street,ADS,Yes,1
db8ad4a77a26bd8,NHTSA Same Incident ID,JAN-2025,Tempe,AZ,Transdev Alternative Services;Waymo LLC,30270-9893;30531-10010,cdf78379297f7ce,No Injuries Reported,Jaguar,I-PACE,"Other, see Narrative",Highway / Freeway,ADS,Yes,2
dcbd8c394fe1c63,NHTSA Same Incident ID,JAN-2025,Austin,TX,Waymo LLC,30270-9843,6f793b42104fb80,No Injuries Reported,Jaguar,I-PACE,SUV,Intersection,ADS,Yes,1
deb21057d4770b8,NHTSA Same Incident ID,JAN-2025,Scottsdale,AZ,Waymo LLC,30270-9855,c42b2ec7c38e971,No Injuries Reported,Jaguar,I-PACE,SUV,Traffic Circle,ADS,Yes,1
dfeb383872cc1e3,NHTSA Same Incident ID,JAN-2025,Phoenix,AZ,Waymo LLC,30270-9867,8fd95704fb8a140,No Injuries Reported,Jaguar,I-PACE,Pickup Truck,Parking Lot,ADS,Yes,1
e1522db7f4400ac,NHTSA Same Incident ID,JAN-2025,Culver City,CA,Waymo LLC,30270-9565,a6ee1cf7d3fb6b5,No Injuries Reported,JLR,I-PACE,Heavy Truck,Street,ADS,Yes,1
e4b7e3a121c5e7b,NHTSA Same Incident ID,JAN-2025,San Francisco,CA,Waymo LLC,30270-9808,f4f150416a0a862,No Injuries Reported,Jaguar,I-PACE,"Other, see Narrative",Intersection,ADS,Yes,1
e6be4528538ba28,NHTSA Same Incident ID,JAN-2025,San Francisco,CA,Waymo LLC,30270-9898,0ac38e425725ce6,No Injuries Reported,Jaguar,I-PACE,SUV,Street,ADS,Yes,1
e718ccce31ac7b2,NHTSA Same Incident ID,JAN-2025,Mesa,AZ,Waymo LLC,30270-9879,83302bab0136aa7,No Injuries Reported,Jaguar,I-PACE,Passenger Car,Street,ADS,Yes,1
ef4290890970796,NHTSA Same Incident ID,JAN-2025,San Francisco,CA,Waymo LLC,30270-9900,d532e82c07faf0b,No Injuries Reported,Jaguar,I-PACE,SUV,Intersection,ADS,Yes,1
ef4ee437cff079c,NHTSA Same Incident ID,JAN-2025,Martinez,CA,May Mobility,30413-9723,4f60d90fd1b82bc,No Injuries Reported,Toyota,Sienna,Passenger Car,Street,ADS,Yes,1
f3e5d2d35b79a77,NHTSA Same Incident ID,JAN-2025,Mesa,AZ,Waymo LLC,30270-9761,b9b183845d7d34d,Minor,Jaguar,I-Pace,Motorcycle,Intersection,ADS,Yes,1
f4f27c5638aca9e,NHTSA Same Incident ID,JAN-2025,Scottsdale,AZ,Waymo LLC,30270-9845,def39b3dbf61bae,No Injuries Reported,Jaguar,I-PACE,Passenger Car,Street,ADS,Yes,1
f53d5bab3d70bf4,NHTSA Same Incident ID,JAN-2025,Los Angeles,CA,Waymo LLC,30270-9767,2030dc3f9cdb82c,No Injuries Reported,Jaguar,I-PACE,Passenger Car,Street,ADS,Yes,1
f645212ba14f9bf,NHTSA Same Incident ID,JAN-2025,San Francisco,CA,Waymo LLC,30270-9910,93f1132d3a11ecc,No Injuries Reported,Jaguar,I-PACE,SUV,Street,ADS,Yes,1
f73e7dccf40f38d,NHTSA Same Incident ID,JAN-2025,Peachtree Corners,GA,May Mobility,30413-9958,c61027d6b726b73,No Injuries Reported,Toyota,Sienna,Other Fixed Object,Parking Lot,ADS,Yes,1
f846a6ef8254ef7,NHTSA Same Incident ID,JAN-2025,San Francisco,CA,Waymo LLC,30270-9821,7ae1e7e1f5844a9,No Injuries Reported,Jaguar,I-PACE,SUV,Street,ADS,Yes,1
05c222c7ff8c0b6,NHTSA Same Incident ID,JAN-2026,San Francisco,CA,Waymo LLC,30270-13847,1070c2b8ab10432,Property Damage. No Injured Reported,JAGUAR,I-PACE,Bus,Street,ADS,Yes,1
0603ed25fbb4fd4,NHTSA Same Incident ID,JAN-2026,Sunnyvale,CA,Waymo LLC,30270-13810,4fda5a69ad1163d,Property Damage. No Injured Reported,JAGUAR,I-PACE,Passenger Car,Intersection,ADS,Yes,1
090cb98f8f58358,NHTSA Same Incident ID,JAN-2026,Phoenix,AZ,Waymo LLC,30270-13573,3a591fe755ab2be,Property Damage. No Injured Reported,JAGUAR,I-PACE,Passenger Car,Street,ADS,Yes,1
0e9db08c75385b7,NHTSA Same Incident ID,JAN-2026,El Paso,TX,"Aurora Operations, Inc.",30530-14071,925cee4a9959f3f,No Injured Reported,PETERBILT,579,"Other, see Narrative",Highway / Freeway,ADS,Yes,1
0fc18218a8e7468,NHTSA Same Incident ID,JAN-2026,Los Angeles,CA,Waymo LLC,30270-13604,b0bffaff0b2b514,Minor W/O Hospitalization,JAGUAR,I-PACE,SUV,Street,ADS,Yes,1
139599d468b2d56,NHTSA Same Incident ID,JAN-2026,Del Valle,TX,Waymo LLC,30270-13663,13b765a6e7c86a7,Property Damage. No Injured Reported,JAGUAR,I-PACE,Animal,Highway / Freeway,ADS,Yes,1
16cc718ce136328,NHTSA Same Incident ID,JAN-2026,San Francisco,CA,Waymo LLC,30270-13852,13496f9f6ef4262,Minor W/O Hospitalization,JAGUAR,I-PACE,Passenger Car,Street,ADS,Yes,1
187755c0b9af5fe,NHTSA Same Incident ID,JAN-2026,Orlando,FL,Waymo LLC,30270-13812,71998e873ad6c5e,Property Damage. No Injured Reported,JAGUAR,I-PACE,Pickup Truck,Street,ADS,Yes,1
1c7233a19c90db9,NHTSA Same Incident ID,JAN-2026,Los Angeles,CA,Waymo LLC,30270-13560,e04894ed76f3b20,Property Damage. No Injured Reported,JAGUAR,I-PACE,Passenger Car,Intersection,ADS,Yes,1
1fb450e398d24ed,NHTSA Same Incident ID,JAN-2026,Los Angeles,CA,Waymo LLC,30270-13820,1fe2bf55c6bf382,Property Damage. No Injured Reported,JAGUAR,I-PACE,SUV,Street,ADS,Yes,1
227f9f80b0644bd,NHTSA Same Incident ID,JAN-2026,San Francisco,CA,Waymo LLC,30270-13848,281c0ecf60a9295,Property Damage. No Injured Reported,JAGUAR,I-PACE,Pickup Truck,Street,ADS,Yes,1
2665ef07ffd72ba,NHTSA Same Incident ID,JAN-2026,Washington,DC,"Beep, Inc.",30490-14064,e17fcb438fa89a9,Property Damage. No Injured Reported,KARSAN,"Jest Electric, Jest EV, e-JEST",Passenger Car,Street,ADS,Yes,1
2ccb263604110b2,NHTSA Same Incident ID,JAN-2026,Tempe,AZ,Waymo LLC,30270-13973,d6dc78fccc7de72,Property Damage. No Injured Reported,JAGUAR,I-PACE,Passenger Car,Street,ADS,Yes,1
320556479411209,NHTSA Same Incident ID,JAN-2026,San Francisco,CA,Waymo LLC,30270-13860,79a61c1775c2efd,Property Damage. No Injured Reported,JAGUAR,I-PACE,SUV,Street,ADS,Yes,1
37eec80f6812b0a,NHTSA Same Incident ID,JAN-2026,Los Angeles,CA,Waymo LLC,30270-13765,2234c98574f93d0,Property Damage. No Injured Reported,JAGUAR,I-PACE,Passenger Car,Street,ADS,Yes,1
3c6b00b1ac88169,NHTSA Same Incident ID,JAN-2026,Austin,TX,Waymo LLC,30270-13763,44cb17345e7f334,Property Damage. No Injured Reported,JAGUAR,I-PACE,Passenger Car,Street,ADS,Yes,1
3ea4da90fdfbcbb,NHTSA Same Incident ID,JAN-2026,Dallas,TX,Avride Inc.,31101-14068,bb5a65bab24dcf7,No Injured Reported,HYUNDAI,Ioniq 5,Other Fixed Object,Street,ADS,Yes,1
3f40494138fe83f,NHTSA Same Incident ID,JAN-2026,Tempe,AZ,Waymo LLC,30270-13817,41dc5a7adb61626,Unknown,JAGUAR,I-PACE,Passenger Car,Street,ADS,Yes,1
3fffe57e4e7abf9,NHTSA Same Incident ID,JAN-2026,Phoenix,AZ,Waymo LLC,30270-13786,9f161d03b3576d3,Property Damage. No Injured Reported,JAGUAR,I-PACE,SUV,Street,ADS,Yes,1
42d85f1edb13106,NHTSA Same Incident ID,JAN-2026,Phoenix,AZ,Waymo LLC,30270-13844,2ea226e8c266fc7,Property Damage. No Injured Reported,JAGUAR,I-PACE,Bus,Intersection,ADS,Yes,1
433fe63e6e3e1ed,NHTSA Same Incident ID,JAN-2026,Los Angeles,CA,Waymo LLC,30270-13643,76ce892e2d967d2,Property Damage. No Injured Reported,ZEEKR,RT,Pickup Truck,Street,ADS,Yes,1
4361d68caf6c72a,NHTSA Same Incident ID,JAN-2026,San Jose,CA,Waymo LLC,30270-13859,12edd6c97be331b,Property Damage. No Injured Reported,JAGUAR,I-PACE,Heavy Truck,Street,ADS,Yes,1
455ee6bfa539476,NHTSA Same Incident ID,JAN-2026,Los Angeles,CA,Waymo LLC,30270-13556,2b55e4aa062086e,Property Damage. No Injured Reported,JAGUAR,I-PACE,Pickup Truck,Street,ADS,Yes,1
4afbcf6efad473e,NHTSA Same Incident ID,JAN-2026,Austin,TX,Waymo LLC,30270-13636,6efa412148af6e9,Property Damage. No Injured Reported,JAGUAR,I-PACE,Bus,Street,ADS,Yes,1
4ecbd4fd3ccf5a8,NHTSA Same Incident ID,JAN-2026,San Francisco,CA,Waymo LLC,30270-13927,9be254445ee828e,Property Damage. No Injured Reported,JAGUAR,I-PACE,Heavy Truck,Street,ADS,Yes,1
4efc9981e611aef,NHTSA Same Incident ID,JAN-2026,Phoenix,AZ,Waymo LLC,30270-13877,3399cc2e8670f70,Property Damage. No Injured Reported,JAGUAR,I-PACE,Passenger Car,Street,ADS,Yes,1
4f385f0d61d0eae,NHTSA Same Incident ID,JAN-2026,San Francisco,CA,Waymo LLC,30270-13665,f456fe57a66d696,Property Damage. No Injured Reported,JAGUAR,I-PACE,"Other, see Narrative",Street,ADS,Yes,1
509801eaf63ad3c,NHTSA Same Incident ID,JAN-2026,Sunnyvale,CA,Waymo LLC,30270-13869,f78e03445058b7e,Property Damage. No Injured Reported,ZEEKR,RT,SUV,Street,ADS,Yes,1
50ee93e087a787d,NHTSA Same Incident ID,JAN-2026,Phoenix,AZ,Waymo LLC,30270-13559,c05f5429a926f80,Property Damage. No Injured Reported,JAGUAR,I-PACE,Other Fixed Object,Parking Lot,ADS,Yes,1
523840e3e4c859f,NHTSA Same Incident ID,JAN-2026,Scottsdale,AZ,Waymo LLC,30270-13658,a7f49a1aeddff3c,Property Damage. No Injured Reported,JAGUAR,I-PACE,Van,Intersection,ADS,Yes,1
5324faae959a1a5,NHTSA Same Incident ID,JAN-2026,Los Angeles,CA,Waymo LLC,30270-14025,8e9bdee39b601a9,Property Damage. No Injured Reported,JAGUAR,I-PACE,SUV,Street,ADS,Yes,1
572d061decfdca8,NHTSA Same Incident ID,JAN-2026,Atlanta,GA,Waymo LLC,30270-13546,d908397c783a4b0,Property Damage. No Injured Reported,JAGUAR,I-PACE,Passenger Car,Intersection,ADS,Yes,1
5775424de1e4cb2,NHTSA Same Incident ID,JAN-2026,Phoenix,AZ,Waymo LLC,30270-13544,be3c2d2b252838f,Property Damage. No Injured Reported,JAGUAR,I-PACE,SUV,Parking Lot,ADS,Yes,1
5846bd08bc1c0c5,NHTSA Same Incident ID,JAN-2026,Tempe,AZ,Waymo LLC,30270-13843,125d75ba406b26e,Property Damage. No Injured Reported,JAGUAR,I-PACE,"Other, see Narrative",Parking Lot,ADS,Yes,1
58f1c98130b4905,NHTSA Same Incident ID,JAN-2026,Los Angeles,CA,Waymo LLC,30270-13905,121065d061521a2,Property Damage. No Injured Reported,JAGUAR,I-PACE,Passenger Car,Intersection,ADS,Yes,1
59cab39b06ed883,NHTSA Same Incident ID,JAN-2026,Sunnyvale,CA,Waymo LLC,30270-13914,7d4ae6f422b2b48,Property Damage. No Injured Reported,JAGUAR,I-PACE,SUV,Street,ADS,Yes,1
5ac08e3ca8701eb,NHTSA Same Incident ID,JAN-2026,San Francisco,CA,Waymo LLC,30270-13925,bccf0a73a3e0944,Property Damage. No Injured Reported,JAGUAR,I-PACE,Passenger Car,Street,ADS,Yes,1
5b47a544152b12e,NHTSA Same Incident ID,JAN-2026,Houston,TX,Waymo LLC,30270-13881,7be0b58f2adf46c,Property Damage. No Injured Reported,JAGUAR,I-PACE,Passenger Car,Street,ADS,Yes,1
5c44d0a835f6e52,NHTSA Same Incident ID,JAN-2026,Austin,TX,"Tesla, Inc.",13781-13646,8fef20ab77f2dbb,Property Damage. No Injured Reported,TESLA,Model Y,Other Fixed Object,Parking Lot,ADS,Yes,1
5e30feb83bbdbf0,NHTSA Same Incident ID,JAN-2026,San Francisco,CA,Waymo LLC,30270-13854,5521c114882beae,Property Damage. No Injured Reported,JAGUAR,I-PACE,SUV,Street,ADS,Yes,1
5f08f808e95827b,NHTSA Same Incident ID,JAN-2026,Los Angeles,CA,Waymo LLC,30270-13656,36f0229028ff3bd,Minor W/O Hospitalization,JAGUAR,I-PACE,Passenger Car,Street,ADS,Yes,1
6148b6bacbe478c,NHTSA Same Incident ID,JAN-2026,San Francisco,CA,Waymo LLC,30270-13654,ecea7d7ca7a3d6d,Property Damage. No Injured Reported,JAGUAR,I-PACE,Heavy Truck,Street,ADS,Yes,1
6195eac6d664ead,NHTSA Same Incident ID,JAN-2026,Austin,TX,"Tesla, Inc.",13781-14043,f6664db32ecb9cb,Property Damage. No Injured Reported,TESLA,Model Y,Other Fixed Object,Street,ADS,Yes,1
61c7dd865006246,NHTSA Same Incident ID,JAN-2026,Santa Monica,CA,Waymo LLC,30270-13606,60bcc9558c8f389,Property Damage. No Injured Reported,JAGUAR,I-PACE,SUV,Parking Lot,ADS,Yes,1
623901f9f7d705f,NHTSA Same Incident ID,JAN-2026,Austin,TX,"Tesla, Inc.",13781-13648,9f1d4f436fee96c,Property Damage. No Injured Reported,TESLA,Model Y,Bus,Street,ADS,Yes,1
63c4aa594622616,NHTSA Same Incident ID,JAN-2026,Los Angeles,CA,Waymo LLC,30270-13550,7a90c8d783166f4,Minor W/O Hospitalization,JAGUAR,I-PACE,SUV,Street,ADS,Yes,1
652d330830b2782,NHTSA Same Incident ID,JAN-2026,Austin,TX,Avride Inc.,31101-14070,ceb80c343a29d6d,Property Damage. No Injured Reported,HYUNDAI,Ioniq 5,Pickup Truck,Street,ADS,Yes,1
660518e401e4ddd,NHTSA Same Incident ID,JAN-2026,Austin,TX,"Tesla, Inc.",13781-13645,5f57e20a6455c37,Property Damage. No Injured Reported,TESLA,Model Y,Pole / Tree,Parking Lot,ADS,Yes,1
6b975e2168f2bbd,NHTSA Same Incident ID,JAN-2026,Los Angeles,CA,Waymo LLC,30270-13664,3c1bfbe644b88e9,Property Damage. No Injured Reported,JAGUAR,I-PACE,SUV,Street,ADS,Yes,1
6bc1b790d08d5af,NHTSA Same Incident ID,JAN-2026,Los Angeles,CA,Waymo LLC,30270-13809,d3dbb10b697d9fc,Minor W/O Hospitalization,JAGUAR,I-PACE,SUV,Intersection,ADS,Yes,1
6bd8cf12dce1062,NHTSA Same Incident ID,JAN-2026,Los Angeles,CA,Waymo LLC,30270-13954,7e531b3acd85799,Property Damage. No Injured Reported,JAGUAR,I-PACE,Pickup Truck,Street,ADS,Yes,1
6f1d0e4b2adb563,NHTSA Same Incident ID,JAN-2026,Austin,TX,Waymo LLC,30270-13841,c449460250ce6db,Property Damage. No Injured Reported,JAGUAR,I-PACE,Pickup Truck,Street,ADS,Yes,1
70f3b0a3f9f0759,NHTSA Same Incident ID,JAN-2026,Austin,TX,Waymo LLC,30270-13638,105423dedd0a22f,Property Damage. No Injured Reported,JAGUAR,I-PACE,SUV,Street,ADS,Yes,1
74e9c9d57cd24ea,NHTSA Same Incident ID,JAN-2026,San Francisco,CA,Waymo LLC,30270-13543,d674426385f0fc8,Minor W/O Hospitalization,JAGUAR,I-PACE,Passenger Car,Street,ADS,Yes,1
7822af0f06ebe31,NHTSA Same Incident ID,JAN-2026,San Francisco,CA,Waymo LLC,30270-13642,87a47e483e75f8e,Property Damage. No Injured Reported,JAGUAR,I-PACE,"Other, see Narrative",Parking Lot,ADS,Yes,1
788f2b358042cdf,NHTSA Same Incident ID,JAN-2026,Austin,TX,Waymo LLC,30270-13545,d18ec86b6a9db0c,Minor W/O Hospitalization,JAGUAR,I-PACE,SUV,Street,ADS,Yes,1
7af3a25ac7096bd,NHTSA Same Incident ID,JAN-2026,Los Angeles,CA,Waymo LLC,30270-13794,7ac00f3a65b7184,Property Damage. No Injured Reported,JAGUAR,I-PACE,"Other, see Narrative",Street,ADS,Yes,1
7b5d8197c4cbce3,NHTSA Same Incident ID,JAN-2026,Venice,CA,Waymo LLC,30270-13766,0e241735734fb8e,Minor W/O Hospitalization,JAGUAR,I-PACE,SUV,Street,ADS,Yes,1
7c76c5fe1e66f1c,NHTSA Same Incident ID,JAN-2026,Los Angeles,CA,Waymo LLC,30270-13650,07e7965de0797ef,Property Damage. No Injured Reported,JAGUAR,I-PACE,Motorcycle,Intersection,ADS,Yes,1
7f8898a91bd9394,NHTSA Same Incident ID,JAN-2026,San Francisco,CA,Waymo LLC,30270-13571,249853de8413d2a,Property Damage. No Injured Reported,JAGUAR,I-PACE,Van,Street,ADS,Yes,1
8304b13e00692a8,NHTSA Same Incident ID,JAN-2026,Los Angeles,CA,Waymo LLC,30270-13585,f08dfad26261469,Minor W/O Hospitalization,JAGUAR,I-PACE,SUV,Street,ADS,Yes,1
845b0a91e8bf4af,NHTSA Same Incident ID,JAN-2026,Denver,CO,Waymo LLC,30270-13816,ab265bb310130c9,Property Damage. No Injured Reported,ZEEKR,RT,Pickup Truck,Street,ADS,Yes,1
8cf402e5af4ea00,NHTSA Same Incident ID,JAN-2026,Phoenix,AZ,Waymo LLC,30270-13903,3d1f6ea797ef666,Property Damage. No Injured Reported,JAGUAR,I-PACE,Passenger Car,Street,ADS,Yes,1
8e55636acd93eef,NHTSA Same Incident ID,JAN-2026,Los Angeles,CA,Waymo LLC,30270-13861,596830ce4696a3b,Property Damage. No Injured Reported,ZEEKR,RT,Passenger Car,Street,ADS,Yes,1
8ec5e956dfe4eeb,NHTSA Same Incident ID,JAN-2026,Beverly Hills,CA,Waymo LLC,30270-13770,23fcbd1a5aecedd,Property Damage. No Injured Reported,JAGUAR,I-PACE,Passenger Car,Street,ADS,Yes,1
8fd89dbe9a81dff,NHTSA Same Incident ID,JAN-2026,San Francisco,CA,Waymo LLC,30270-13641,457ba4addbb8953,Property Damage. No Injured Reported,JAGUAR,I-PACE,Bus,Street,ADS,Yes,1
90d92a2dd51a144,NHTSA Same Incident ID,JAN-2026,Beverly Hills,CA,Waymo LLC,30270-13947,ddd60fa3d0840f0,Property Damage. No Injured Reported,JAGUAR,I-PACE,Passenger Car,Street,ADS,Yes,1
91b3ec45389293c,NHTSA Same Incident ID,JAN-2026,Phoenix,AZ,Waymo LLC,30270-13778,a13e2e3c4186e3c,Property Damage. No Injured Reported,JAGUAR,I-PACE,Other Fixed Object,Parking Lot,ADS,Yes,1
967e246ed22cc8a,NHTSA Same Incident ID,JAN-2026,Phoenix,AZ,Waymo LLC,30270-13958,002b706f74217f8,Property Damage. No Injured Reported,JAGUAR,I-PACE,SUV,Highway / Freeway,ADS,Yes,1
9c948a2c8983a42,NHTSA Same Incident ID,JAN-2026,Austin,TX,Waymo LLC,30270-13552,d839170fc8b2e10,Property Damage. No Injured Reported,JAGUAR,I-PACE,"Other, see Narrative",Street,ADS,Yes,1
9f0396f93efcdbf,NHTSA Same Incident ID,JAN-2026,San Francisco,CA,Waymo LLC,30270-13840,7d356142bca7ae2,Property Damage. No Injured Reported,JAGUAR,I-PACE,SUV,Street,ADS,Yes,1
9fcafa091357604,NHTSA Same Incident ID,JAN-2026,Austin,TX,Waymo LLC,30270-13610,d18ec86b6a9db0c,Property Damage. No Injured Reported,JAGUAR,I-PACE,Van,Intersection,ADS,Yes,1
a15c4298c796428,NHTSA Same Incident ID,JAN-2026,San Francisco,CA,"Zoox, Inc.",30610-13818,de1f06076d050a5,Unknown,ZOOX,Zoox,Passenger Car,Street,ADS,Yes,1
a1cd0a4872be7b0,NHTSA Same Incident ID,JAN-2026,Tempe,AZ,Waymo LLC,30270-13688,d045d1be19ca968,Property Damage. No Injured Reported,JAGUAR,I-PACE,Passenger Car,Parking Lot,ADS,Yes,1
a2a08006d8a0067,NHTSA Same Incident ID,JAN-2026,San Francisco,CA,Waymo LLC,30270-13807,64e2731246da764,Property Damage. No Injured Reported,JAGUAR,I-PACE,Passenger Car,Street,ADS,Yes,1
a5780f3f293d633,NHTSA Same Incident ID,JAN-2026,Mesa,AZ,Waymo LLC,30270-13565,1a63e69efb9e972,Property Damage. No Injured Reported,JAGUAR,I-PACE,"Other, see Narrative",Highway / Freeway,ADS,Yes,1
a65e8754cc93925,NHTSA Same Incident ID,JAN-2026,Nashville,TN,Waymo LLC,30270-13652,0b5928ebbbcf89a,Property Damage. No Injured Reported,JAGUAR,I-PACE,SUV,Intersection,ADS,Yes,1
a9b16cb791cd38b,NHTSA Same Incident ID,JAN-2026,San Francisco,CA,Waymo LLC,30270-13586,16fe32d5f7a7853,Property Damage. No Injured Reported,JAGUAR,I-PACE,Passenger Car,Intersection,ADS,Yes,1
aa14e3edde73fa3,NHTSA Same Incident ID,JAN-2026,San Francisco,CA,"Zoox, Inc.",30610-14090,592789b65942921,Minor W/O Hospitalization,TOYOTA,Highlander,SUV,Street,ADS,Yes,1
ab9f3c305e7f11c,NHTSA Same Incident ID,JAN-2026,San Francisco,CA,Waymo LLC,30270-13623,b6ca4978c1fdc38,Property Damage. No Injured Reported,JAGUAR,I-PACE,Pickup Truck,Street,ADS,Yes,1
b2b3e3eca58bddb,NHTSA Same Incident ID,JAN-2026,San Francisco,CA,Waymo LLC,30270-13561,c3e7831f0bb2775,Property Damage. No Injured Reported,JAGUAR,I-PACE,Passenger Car,Street,ADS,Yes,1
b47ce778ade026d,NHTSA Same Incident ID,JAN-2026,Phoenix,AZ,Waymo LLC,30270-13682,5dfc67f0ba73f41,Property Damage. No Injured Reported,JAGUAR,I-PACE,Heavy Truck,Parking Lot,ADS,Yes,1
b715fa84e72e68e,NHTSA Same Incident ID,JAN-2026,Phoenix,AZ,Waymo LLC,30270-13639,a9642bb3964048d,Property Damage. No Injured Reported,JAGUAR,I-PACE,Passenger Car,Street,ADS,Yes,1
b760e13a26a57ea,NHTSA Same Incident ID,JAN-2026,Los Angeles,CA,Waymo LLC,30270-13762,64ddf696e274fbb,Property Damage. No Injured Reported,JAGUAR,I-PACE,Passenger Car,Street,ADS,Yes,1
b8354b89bc8ed96,NHTSA Same Incident ID,JAN-2026,San Francisco,CA,Waymo LLC,30270-13558,996630af565b105,Property Damage. No Injured Reported,JAGUAR,I-PACE,Passenger Car,Street,ADS,Yes,1
bae33a18d41e9c1,NHTSA Same Incident ID,JAN-2026,Los Angeles,CA,Waymo LLC,30270-13657,c064f848a19be81,Property Damage. No Injured Reported,JAGUAR,I-PACE,Passenger Car,Street,ADS,Yes,1
bd14d8f56591057,NHTSA Same Incident ID,JAN-2026,San Francisco,CA,Waymo LLC,30270-13607,45b76341c455685,Property Damage. No Injured Reported,JAGUAR,I-PACE,"Other, see Narrative",Street,ADS,Yes,1
bdce5fc66f1168e,NHTSA Same Incident ID,JAN-2026,Los Angeles,CA,Waymo LLC,30270-13605,c4fc77e83c66a79,Minor W/ Hospitalization,JAGUAR,I-PACE,Passenger Car,Street,ADS,Yes,1
c0a3bf56cacd0a0,NHTSA Same Incident ID,JAN-2026,Phoenix,AZ,Waymo LLC,30270-13581,e41cc10a322ec51,Property Damage. No Injured Reported,JAGUAR,I-PACE,Heavy Truck,Street,ADS,Yes,1
c2d81542f33f14e,NHTSA Same Incident ID,JAN-2026,San Francisco,CA,Waymo LLC,30270-13611,f5bad8f25c54711,Property Damage. No Injured Reported,JAGUAR,I-PACE,SUV,Street,ADS,Yes,1
c3b19262bad7d45,NHTSA Same Incident ID,JAN-2026,Austin,TX,"Tesla, Inc.",13781-13644,8aa86dcba1191f1,Property Damage. No Injured Reported,TESLA,Model Y,Heavy Truck,Street,ADS,Yes,1
c3e5ef53645eb99,NHTSA Same Incident ID,JAN-2026,Houston,TX,Nuro,30291-13950,79461b03be23f02,Property Damage. No Injured Reported,TOYOTA,Prius,SUV,Intersection,ADS,"[REDACTED, MAY CONTAIN CONFIDENTIAL BUSINESS INFORMATION]",1
c928ff1b3cc3e00,NHTSA Same Incident ID,JAN-2026,Dallas,TX,Avride Inc.,31101-14069,abcf3c3e000e9ec,Property Damage. No Injured Reported,HYUNDAI,Ioniq 5,Passenger Car,Street,ADS,Yes,1
cb12e77624194b9,NHTSA Same Incident ID,JAN-2026,Los Angeles,CA,Waymo LLC,30270-13547,ce19b11de61a00a,Property Damage. No Injured Reported,JAGUAR,I-PACE,Passenger Car,Intersection,ADS,Yes,1
cc8564a5cd8dfe4,NHTSA Same Incident ID,JAN-2026,Scottsdale,AZ,Waymo LLC,30270-13846,8528135a68f68aa,Property Damage. No Injured Reported,JAGUAR,I-PACE,Passenger Car,Street,ADS,Yes,1
d5040a96ea567bd,NHTSA Same Incident ID,JAN-2026,San Francisco,CA,Waymo LLC,30270-13783,5c94bfbcaa51d6a,Property Damage. No Injured Reported,JAGUAR,I-PACE,Passenger Car,Intersection,ADS,Yes,1
d7f133f804b00f9,NHTSA Same Incident ID,JAN-2026,Phoenix,AZ,Waymo LLC,30270-13979,45f651f699c0a44,Property Damage. No Injured Reported,JAGUAR,I-PACE,Passenger Car,Street,ADS,Yes,1
db675be419f1759,NHTSA Same Incident ID,JAN-2026,San Francisco,CA,Waymo LLC,30270-13795,a55bc0c379107d7,Property Damage. No Injured Reported,JAGUAR,I-PACE,Passenger Car,Street,ADS,Yes,1
df88a1d1ec5f634,NHTSA Same Incident ID,JAN-2026,San Francisco,CA,Waymo LLC,30270-13799,ec81a32f2f4368c,Property Damage. No Injured Reported,JAGUAR,I-PACE,Heavy Truck,Street,ADS,Yes,1
df8b95ac4152a51,NHTSA Same Incident ID,JAN-2026,Venice,CA,Waymo LLC,30270-13582,c2305b3bea08a46,Property Damage. No Injured Reported,JAGUAR,I-PACE,Passenger Car,Intersection,ADS,Yes,1
dfb7e098cd17312,NHTSA Same Incident ID,JAN-2026,Dallas,TX,Avride Inc.,31101-13761,091c3f133bcad07,No Injured Reported,HYUNDAI,Ioniq 5,Pickup Truck,Street,ADS,Yes,1
dfc3628b216077c,NHTSA Same Incident ID,JAN-2026,Los Angeles,CA,Waymo LLC,30270-13583,d9d5dc741b88875,Property Damage. No Injured Reported,JAGUAR,I-PACE,Other Fixed Object,Street,ADS,Yes,1
e2e56321b0ccfb8,NHTSA Same Incident ID,JAN-2026,Los Angeles,CA,Waymo LLC,30270-13785,84ff1dd0d5a50a8,Property Damage. No Injured Reported,JAGUAR,I-PACE,SUV,Street,ADS,Yes,1
e32d43782dfa8de,NHTSA Same Incident ID,JAN-2026,Phoenix,AZ,Waymo LLC,30270-13653,f3fc7fe17be7842,Property Damage. No Injured Reported,JAGUAR,I-PACE,SUV,Street,ADS,Yes,1
e42070f58e9d454,NHTSA Same Incident ID,JAN-2026,Tempe,AZ,Waymo LLC,30270-13551,0b5a6220debf8c9,Property Damage. No Injured Reported,JAGUAR,I-PACE,SUV,Intersection,ADS,Yes,1
e712999db1e85ff,NHTSA Same Incident ID,JAN-2026,Santa Monica,CA,Waymo LLC,30270-13850,022f715c2ec73ad,Minor W/O Hospitalization,JAGUAR,I-PACE,Non-Motorist: Pedestrian,Street,ADS,Yes,1
e786c2bcd0c88eb,NHTSA Same Incident ID,JAN-2026,Austin,TX,Waymo LLC,30270-13769,90ea31b18f9d621,Property Damage. No Injured Reported,JAGUAR,I-PACE,Passenger Car,Street,ADS,Yes,1
e832a18db99662e,NHTSA Same Incident ID,JAN-2026,Los Angeles,CA,Waymo LLC,30270-13587,51b88e0efeeed48,Property Damage. No Injured Reported,JAGUAR,I-PACE,SUV,Street,ADS,Yes,1
e9306c098e1bcca,NHTSA Same Incident ID,JAN-2026,Austin,TX,Waymo LLC,30270-13578,70b7329396047d6,Property Damage. No Injured Reported,JAGUAR,I-PACE,Pickup Truck,Street,ADS,Yes,1
ed0832266d3ba11,NHTSA Same Incident ID,JAN-2026,Austin,TX,Avride Inc.,31101-14066,5c83a9cd512db86,Property Damage. No Injured Reported,HYUNDAI,Ioniq 5,Pickup Truck,Street,ADS,Yes,1
eed2d0c3cb358a3,NHTSA Same Incident ID,JAN-2026,Atlanta,GA,May Mobility,30413-13853,645a510ee62aa7a,Minor W/ Hospitalization,TOYOTA,Sienna,Other Fixed Object,Street,ADS,Yes,1
f31739496f87d42,NHTSA Same Incident ID,JAN-2026,Dallas,TX,Avride Inc.,31101-13952,e9f42bd0c09967a,Minor W/ Hospitalization,HYUNDAI,Ioniq 5,Passenger Car,Street,ADS,Yes,1
f5fd54d443a806a,NHTSA Same Incident ID,JAN-2026,Los Angeles,CA,Waymo LLC,30270-13575,29ea0e202d4806e,Property Damage. No Injured Reported,JAGUAR,I-PACE,Passenger Car,Street,ADS,Yes,1
f61aff9459b4d5a,NHTSA Same Incident ID,JAN-2026,San Francisco,CA,Waymo LLC,30270-13811,3f5fcc5eb933007,Property Damage. No Injured Reported,JAGUAR,I-PACE,SUV,Street,ADS,Yes,1
f9ec26af00ffab8,NHTSA Same Incident ID,JAN-2026,Los Angeles,CA,Waymo LLC,30270-13948,7da345decfc676a,Property Damage. No Injured Reported,JAGUAR,I-PACE,SUV,Street,ADS,Yes,1
f9f0f4a578f95c0,NHTSA Same Incident ID,JAN-2026,San Francisco,CA,Waymo LLC,30270-13845,72101d1c77b6754,Property Damage. No Injured Reported,JAGUAR,I-PACE,SUV,Street,ADS,Yes,1
fc6ff844b94f122,NHTSA Same Incident ID,JAN-2026,San Francisco,CA,"Zoox, Inc.",30610-13662,4e79e773a751fc2,Property Damage. No Injured Reported,ZOOX,Zoox,Heavy Truck,Street,ADS,Yes,1
feeed20edf67b7d,NHTSA Same Incident ID,JAN-2026,San Francisco,CA,Waymo LLC,30270-13764,e2a25b8d3fd6d00,Property Damage. No Injured Reported,JAGUAR,I-PACE,SUV,Street,ADS,Yes,1
149e02a12464f84,NHTSA Same Incident ID,JUL-2021,Austin,TX,Argo AI,30290-1071,85841ac8ed73351,No Injuries Reported,Ford,Fusion,"Other, see Narrative",Intersection,ADS,"[REDACTED, MAY CONTAIN CONFIDENTIAL BUSINESS INFORMATION]",1
271d12d94b19ecc,NHTSA Same Incident ID,JUL-2021,San Francisco,CA,Transdev Alternative Services;Waymo LLC,30270-4;30531-6,fcbda73e579f03e,No Injuries Reported,Jaguar,I-Pace,Passenger Car,Street,ADS,Yes,2
3759781d335193e,NHTSA Same Incident ID,JUL-2021,San Francisco,CA,Cruise LLC,30412-16,c25b8fa9390e19b,Minor,Cruise,AV,Non-Motorist: Other,Street,ADS,"[REDACTED, MAY CONTAIN CONFIDENTIAL BUSINESS INFORMATION]",1
3bcb829bf72a6f6,NHTSA Same Incident ID,JUL-2021,Las Vegas,NV,"Zoox, Inc.",30610-1080,a473192087e29b3,No Injuries Reported,Toyota,Highlander,Passenger Car,Street,ADS,Yes,1
7e6339198926ba7,NHTSA Same Incident ID,JUL-2021,San Jose,CA,WeRide Corp,30792-1031,1e795dcf422a758,No Injuries Reported,Lincoln,MKZ,SUV,Street,ADS,Yes,1
9b9546584c36817,NHTSA Same Incident ID,JUL-2021,Las Vegas,NV,"Zoox, Inc.",30610-1083,1db0801a222a5aa,No Injuries Reported,Toyota,Highlander,Passenger Car,Street,ADS,Yes,1
REPORT:30531-2,Report ID fallback,JUL-2021,San Francisco,CA,Transdev Alternative Services,30531-2,,No Injuries Reported,Chrysler,Pacifica,Van,Intersection,ADS,Yes,1
c26d492ac568c12,NHTSA Same Incident ID,JUL-2021,San Francisco,CA,Waymo LLC,30270-1,27a8308e4525a57,No Injuries Reported,Chrysler,Pacifica,Van,Intersection,ADS,Yes,1
d0d33333ba895d5,NHTSA Same Incident ID,JUL-2021,Indianapolis,IN,May Mobility;Toyota Motor Engineering & Manufacturing,1306-1065;30413-1130,0eecc7fa6ddc4ad,No Injuries Reported,Lexus,RX450H,SUV,Street,ADS,Yes,2
dfa7cebb30de052,NHTSA Same Incident ID,JUL-2021,San Francisco,CA,Cruise LLC,30412-1089,0e07360d9d38851,No Injuries Reported,Chevrolet,Bolt,Passenger Car,Street,ADS,"[REDACTED, MAY CONTAIN CONFIDENTIAL BUSINESS INFORMATION]",1
f700288ccb3ad35,NHTSA Same Incident ID,JUL-2021,Washington DC,DC,Argo AI;Ford Motor Company,30290-15;502-18,2ad07e63259f51d,Minor,Ford,Fusion,Pickup Truck,Street,ADS,"[REDACTED, MAY CONTAIN CONFIDENTIAL BUSINESS INFORMATION]",2
f8f8385729a3819,NHTSA Same Incident ID,JUL-2021,Miami,FL,Argo AI,30290-1072,e021a860c193fa3,No Injuries Reported,Ford,Fusion,Passenger Car,Street,ADS,"[REDACTED, MAY CONTAIN CONFIDENTIAL BUSINESS INFORMATION]",1
0585384b4e974df,NHTSA Same Incident ID,JUL-2022,San Francisco,CA,"Cruise LLC;General Motors, LLC",30412-3580;540-3643,12a4d02d0edc3a9,No Injuries Reported,Cruise,AV,Passenger Car,Street,ADS,"[REDACTED, MAY CONTAIN CONFIDENTIAL BUSINESS INFORMATION]",2
0899b0a38f084ba,NHTSA Same Incident ID,JUL-2022,San Francisco,CA,Waymo LLC,30270-3323,e801f0c281cadd6,No Injuries Reported,Jaguar,I-Pace,Passenger Car,Intersection,ADS,Yes,1
192521d01c49ce2,NHTSA Same Incident ID,JUL-2022,San Francisco,CA,Transdev Alternative Services;Waymo LLC,30270-3635;30531-3662,a4da19aa3243c05,No Injuries Reported,Jaguar,I-Pace,Passenger Car,Intersection,ADS,Yes,2
3e2bdafd3d96829,NHTSA Same Incident ID,JUL-2022,ALBUQUERQUE,NM,"Daimler Trucks North America, LLC;TORC Robotics, Inc.",12381-3438;30330-3482,333b3dc2fdd5341,No Injuries Reported,FREIGHTLINER,Cascadia,"Other, see Narrative",Highway / Freeway,ADS,Yes,2
66ee1d58acd3680,NHTSA Same Incident ID,JUL-2022,Santa Rosa,NM,"Daimler Trucks North America, LLC;TORC Robotics, Inc.",12381-3557;30330-3561,5310696cce8fa26,No Injuries Reported,Freightliner,Cascadia,"Other, see Narrative",Highway / Freeway,ADS,Yes,2
6cbdeb64bd4bc64,NHTSA Same Incident ID,JUL-2022,San Francisco,CA,"Zoox, Inc.",30610-3508,39dfd67295f44eb,No Injuries Reported,Toyota,Highlander,Passenger Car,Intersection,ADS,Yes,1
77b0e0470ca0a8a,NHTSA Same Incident ID,JUL-2022,San Francisco,CA,Transdev Alternative Services;Waymo LLC,30270-3628;30531-3664,b5c25ec17ea8588,Minor,Jaguar,I-Pace,Passenger Car,Intersection,ADS,Yes,2
7f5142da0d24ab5,NHTSA Same Incident ID,JUL-2022,San Francisco,CA,Transdev Alternative Services;Waymo LLC,30270-3633;30531-3663,778fffc33261129,No Injuries Reported,Jaguar,I-Pace,Passenger Car,Street,ADS,Yes,2
80f5e3334587177,NHTSA Same Incident ID,JUL-2022,San Francisco,CA,"Cruise LLC;General Motors, LLC",30412-3581;540-3644,80d271b9f0d3d5c,No Injuries Reported,Cruise,AV,SUV,Intersection,ADS,"[REDACTED, MAY CONTAIN CONFIDENTIAL BUSINESS INFORMATION]",2
840c1edd23883ed,NHTSA Same Incident ID,JUL-2022,San Francisco,CA,"Cruise LLC;General Motors, LLC",30412-3584;540-3647,5fa6469be776c73,No Injuries Reported,Cruise,AV,"Other, see Narrative",Street,ADS,"[REDACTED, MAY CONTAIN CONFIDENTIAL BUSINESS INFORMATION]",2
8e4843d23827b9b,NHTSA Same Incident ID,JUL-2022,Tempe,AZ,Waymo LLC,30270-3324,cc4cb8a51705cf4,Unknown,Jaguar,I-Pace,"Other, see Narrative",Street,ADS,Yes,1
b9b7ee2401f7557,NHTSA Same Incident ID,JUL-2022,Phoenix,AZ,Transdev Alternative Services;Waymo LLC,30270-3338;30531-3342,61c27e449091005,Minor,Jaguar,I-Pace,Passenger Car,Intersection,ADS,Yes,2
c548615e4cd4ee2,NHTSA Same Incident ID,JUL-2022,Tempe,AZ,Transdev Alternative Services;Waymo LLC,30270-3636;30531-3661,c9e543e540c6f4d,No Injuries Reported,Chrysler,Pacifica,Passenger Car,Parking Lot,ADS,Yes,2
de1e4b6864f40ef,NHTSA Same Incident ID,JUL-2022,San Francisco,CA,"Cruise LLC;General Motors, LLC",30412-3582;540-3645,c91a9cfc9714292,No Injuries Reported,Cruise,AV,Passenger Car,Street,ADS,"[REDACTED, MAY CONTAIN CONFIDENTIAL BUSINESS INFORMATION]",2
f9f2c224be8a261,NHTSA Same Incident ID,JUL-2022,San Francisco,CA,Transdev Alternative Services;Waymo LLC,30270-3625;30531-3665,8110795f6daf529,No Injuries Reported,Jaguar,I-Pace,Van,Parking Lot,ADS,Yes,2
0c8da6d17337ae5,NHTSA Same Incident ID,JUL-2023,San Francisco,CA,"Cruise LLC;General Motors, LLC",30412-6039;540-6070,d1555c584628ca6,No Injuries Reported,Cruise,AV,SUV,Street,ADS,"[REDACTED, MAY CONTAIN CONFIDENTIAL BUSINESS INFORMATION]",2
0cc9d9a746d8ae5,NHTSA Same Incident ID,JUL-2023,San Francisco,CA,"Cruise LLC;General Motors, LLC",30412-5982;540-5987,0af0cbfd9f52fc7,Unknown,Cruise,AV,Passenger Car,Intersection,ADS,"[REDACTED, MAY CONTAIN CONFIDENTIAL BUSINESS INFORMATION]",2
112c82a378bbe3f,NHTSA Same Incident ID,JUL-2023,San Francisco,CA,Transdev Alternative Services;Waymo LLC,30270-5998;30531-5999,4edb4192b29d35b,No Injuries Reported,Jaguar,I-Pace,Pickup Truck,Intersection,ADS,Yes,2
11b1d6ea16682dc,NHTSA Same Incident ID,JUL-2023,San Francisco,CA,"Cruise LLC;General Motors, LLC",30412-6044;540-6079,e2e92344a0e024c,No Injuries Reported,Cruise,AV,Passenger Car,Intersection,ADS,"[REDACTED, MAY CONTAIN CONFIDENTIAL BUSINESS INFORMATION]",2
1255ba62145d6e6,NHTSA Same Incident ID,JUL-2023,Los Angeles,CA,Transdev Alternative Services;Waymo LLC,30270-5855;30531-5871,0f967d0ef305434,No Injuries Reported,Jaguar,I-Pace,Non-Motorist: Cyclist,Intersection,ADS,Yes,2
2b45b757c05a1e4,NHTSA Same Incident ID,JUL-2023,San Francisco,CA,"Cruise LLC;General Motors, LLC",30412-6037;540-6058,388f56b7b973d30,No Injuries Reported,Cruise,AV,Passenger Car,Street,ADS,"[REDACTED, MAY CONTAIN CONFIDENTIAL BUSINESS INFORMATION]",2
3577e4ade5fce24,NHTSA Same Incident ID,JUL-2023,Austin,TX,"Cruise LLC;General Motors, LLC",30412-5980;540-5988,f9ad565040b41ff,No Injuries Reported,Cruise,AV,SUV,Intersection,ADS,"[REDACTED, MAY CONTAIN CONFIDENTIAL BUSINESS INFORMATION]",2
38c4b32541f4122,NHTSA Same Incident ID,JUL-2023,San Francisco,CA,"Cruise LLC;General Motors, LLC",30412-6040;540-6072,09cff9e5f1f1e9f,No Injuries Reported,Cruise,AV,Passenger Car,Street,ADS,"[REDACTED, MAY CONTAIN CONFIDENTIAL BUSINESS INFORMATION]",2
445549ec1774083,NHTSA Same Incident ID,JUL-2023,Grand Rapids,MN,May Mobility,30413-6032,285ccaeedd1a80e,No Injuries Reported,Toyota,Sienna,Pickup Truck,Street,ADS,Yes,1
53f90b378293caf,NHTSA Same Incident ID,JUL-2023,San Francisco,CA,Waymo LLC,30270-6133,012f736814921d2,No Injuries Reported,Jaguar,I-Pace,SUV,Street,ADS,Yes,1
62a06417fd0e440,NHTSA Same Incident ID,JUL-2023,Tempe,AZ,Waymo LLC,30270-5997,720a2c8a04ccf0d,Minor,Jaguar,I-Pace,Passenger Car,Street,ADS,Yes,1
71e072b12612549,NHTSA Same Incident ID,JUL-2023,Tempe,AZ,"Cruise LLC;General Motors, LLC",30412-5989;540-5991,d2d0a875e91a8e0,Minor,Cruise,AV,Passenger Car,Street,ADS,"[REDACTED, MAY CONTAIN CONFIDENTIAL BUSINESS INFORMATION]",2
71e0dfa7bd9967b,NHTSA Same Incident ID,JUL-2023,San Francisco,CA,"Cruise LLC;General Motors, LLC",30412-6041;540-6073,2cedb48a4023a1b,No Injuries Reported,Cruise,AV,"Other, see Narrative",Street,ADS,"[REDACTED, MAY CONTAIN CONFIDENTIAL BUSINESS INFORMATION]",2
76e9788e6cbf5dc,NHTSA Same Incident ID,JUL-2023,San Francisco,CA,"Cruise LLC;General Motors, LLC",30412-6038;540-6069,6178a0ade570ced,No Injuries Reported,Cruise,AV,Heavy Truck,Street,ADS,"[REDACTED, MAY CONTAIN CONFIDENTIAL BUSINESS INFORMATION]",2
7af239ffdf71359,NHTSA Same Incident ID,JUL-2023,Chandler,AZ,Waymo LLC,30270-5896,674ecd091eec275,No Injuries Reported,Jaguar,I-Pace,Passenger Car,Intersection,ADS,Yes,1
811ca85e59b1678,NHTSA Same Incident ID,JUL-2023,Santa Monica,CA,Transdev Alternative Services;Waymo LLC,30270-6134;30531-6136,145d2b0423aff0c,No Injuries Reported,Jaguar,I-Pace,Non-Motorist: Cyclist,Street,ADS,Yes,2
853930efe63ba70,NHTSA Same Incident ID,JUL-2023,Austin,TX,"Cruise LLC;General Motors, LLC",30412-5992;540-6002,c38a8b546fc9775,No Injuries Reported,Cruise,AV,SUV,Intersection,ADS,"[REDACTED, MAY CONTAIN CONFIDENTIAL BUSINESS INFORMATION]",2
86b4543603ad8af,NHTSA Same Incident ID,JUL-2023,San Francisco,CA,"Cruise LLC;General Motors, LLC",30412-6042;540-6074,36e8ffc6b55a39c,No Injuries Reported,Cruise,AV,Passenger Car,Intersection,ADS,"[REDACTED, MAY CONTAIN CONFIDENTIAL BUSINESS INFORMATION]",2
8a177e450e8774c,NHTSA Same Incident ID,JUL-2023,San Francisco,CA,"Cruise LLC;General Motors, LLC",30412-6006;540-6011,1dd7f97fc9a7470,No Injuries Reported,Cruise,AV,Pickup Truck,Intersection,ADS,"[REDACTED, MAY CONTAIN CONFIDENTIAL BUSINESS INFORMATION]",2
919102c28fff2ca,NHTSA Same Incident ID,JUL-2023,San Francisco,CA,"Cruise LLC;General Motors, LLC",30412-5993;540-6003,90ac4f6be799da6,No Injuries Reported,Cruise,AV,SUV,Intersection,ADS,"[REDACTED, MAY CONTAIN CONFIDENTIAL BUSINESS INFORMATION]",2
9e74529d3141c94,NHTSA Same Incident ID,JUL-2023,San Francisco,CA,Transdev Alternative Services;Waymo LLC,30270-6130;30531-6137,e15345238f6f0e6,No Injuries Reported,Jaguar,I-Pace,SUV,Intersection,ADS,Yes,2
b0278a04c4af33b,NHTSA Same Incident ID,JUL-2023,Phoenix,AZ,Waymo LLC,30270-6131,03a8719f5e6a313,No Injuries Reported,Jaguar,I-Pace,Passenger Car,Street,ADS,Yes,1
b371438c0da79a5,NHTSA Same Incident ID,JUL-2023,San Francisco,CA,"Cruise LLC;General Motors, LLC",30412-5968;540-5971,32df733dabfb852,Minor,Cruise,AV,SUV,Intersection,ADS,"[REDACTED, MAY CONTAIN CONFIDENTIAL BUSINESS INFORMATION]",2
b4a57672f637bda,NHTSA Same Incident ID,JUL-2023,BUFFALO,TX,"Aurora Operations, Inc.",30530-6125,de0dd48a84018f4,No Injuries Reported,Peterbilt,579m,"Other, see Narrative",Highway / Freeway,ADS,Yes,1
c4edae09c5eac62,NHTSA Same Incident ID,JUL-2023,San Francisco,CA,"Cruise LLC;General Motors, LLC",30412-5848;540-5875,79066740bd916eb,No Injuries Reported,Cruise,AV,Pickup Truck,Street,ADS,"[REDACTED, MAY CONTAIN CONFIDENTIAL BUSINESS INFORMATION]",2
ca841a9f6911534,NHTSA Same Incident ID,JUL-2023,San Francisco,CA,Transdev Alternative Services;Waymo LLC,30270-6129;30531-6138,d15358998623a2a,No Injuries Reported,Jaguar,I-Pace,Passenger Car,Street,ADS,Yes,2
d48b8655a2a347a,NHTSA Same Incident ID,JUL-2023,Austin,TX,"Cruise LLC;General Motors, LLC",30412-6043;540-6076,1dbaf0db06851fc,No Injuries Reported,Cruise,AV,Pickup Truck,Intersection,ADS,"[REDACTED, MAY CONTAIN CONFIDENTIAL BUSINESS INFORMATION]",2
d882789ee7a4ca1,NHTSA Same Incident ID,JUL-2023,San Francisco,CA,"Cruise LLC;General Motors, LLC",30412-5981;540-5990,9821f437fc2ef8c,No Injuries Reported,Cruise,AV,Passenger Car,Intersection,ADS,"[REDACTED, MAY CONTAIN CONFIDENTIAL BUSINESS INFORMATION]",2
f9e9b87d440f746,NHTSA Same Incident ID,JUL-2023,San Francisco,CA,Waymo LLC,30270-6132,18759114accd4fb,No Injuries Reported,Jaguar,I-Pace,Passenger Car,Intersection,ADS,Yes,1
036be89379840a4,NHTSA Same Incident ID,JUL-2024,Mountain View,CA,Transdev Alternative Services;Waymo LLC,30270-8219;30531-8220,f97408305266b85,No Injuries Reported,Jaguar,I-Pace,"Other, see Narrative",Parking Lot,ADS,Yes,2
0647db76b221377,NHTSA Same Incident ID,JUL-2024,Phoenix,AZ,Waymo LLC,30270-8378,d85a90fe284d29a,Minor,Jaguar,I-Pace,Passenger Car,Parking Lot,ADS,Yes,1
0d1a06493f0a3fa,NHTSA Same Incident ID,JUL-2024,San Francisco,CA,Waymo LLC,30270-8278,a441b0846fe8fa2,No Injuries Reported,Jaguar,I-Pace,Passenger Car,Intersection,ADS,Yes,1
174b383724b7dbb,NHTSA Same Incident ID,JUL-2024,Scottsdale,AZ,Waymo LLC,30270-8180,c5a24e4de70b2d6,No Injuries Reported,Jaguar,I-Pace,SUV,Intersection,ADS,Yes,1
1c4aa40a2a04b1a,NHTSA Same Incident ID,JUL-2024,San Francisco,CA,Waymo LLC,30270-8200,1dddf6d386e6446,No Injuries Reported,Jaguar,I-Pace,SUV,Intersection,ADS,Yes,1
21c0dd086884a6c,NHTSA Same Incident ID,JUL-2024,Miami,FL,May Mobility,30413-8305,02898e6342da9fa,No Injuries Reported,Toyota,Siennaa,Van,Street,ADS,Yes,1
2290df8540c1deb,NHTSA Same Incident ID,JUL-2024,San Francisco,CA,"Zoox, Inc.",30610-8373,592789b65942921,No Injuries Reported,Toyota,Highlander,Passenger Car,Street,ADS,Yes,1
30cdda3761c6785,NHTSA Same Incident ID,JUL-2024,San Francisco,CA,Waymo LLC,30270-8402,31dc848274f8f1f,No Injuries Reported,Jaguar,I-Pace,SUV,Street,ADS,Yes,1
31a94fb68dac7e0,NHTSA Same Incident ID,JUL-2024,San Francisco,CA,Waymo LLC,30270-8385,8110795f6daf529,No Injuries Reported,Jaguar,I-Pace,Passenger Car,Intersection,ADS,Yes,1
32e6f43c1ede135,NHTSA Same Incident ID,JUL-2024,San Francisco,CA,Waymo LLC,30270-8406,26e4520dfdbdbb5,No Injuries Reported,Jaguar,I-Pace,SUV,Street,ADS,Yes,1
3478d8925ecd2fe,NHTSA Same Incident ID,JUL-2024,Phoenix,AZ,Waymo LLC,30270-8405,1012efd894423fa,No Injuries Reported,Jaguar,I-Pace,Passenger Car,Parking Lot,ADS,Yes,1
3f05768790632b1,NHTSA Same Incident ID,JUL-2024,San Francisco,CA,Waymo LLC,30270-8390,c3bc6f5e6328425,No Injuries Reported,Jaguar,I-Pace,Passenger Car,Street,ADS,Yes,1
42fcf7b6efdfcc2,NHTSA Same Incident ID,JUL-2024,San Francisco,CA,Waymo LLC,30270-8393,2b20be3a4efd743,No Injuries Reported,Jaguar,I-Pace,SUV,Street,ADS,Yes,1
45c8cddbfd6f959,NHTSA Same Incident ID,JUL-2024,Scottsdale,AZ,Waymo LLC,30270-8243,53fef4f331be529,Unknown,Jaguar,I-Pace,Passenger Car,Intersection,ADS,Yes,1
46313087c8e64f4,NHTSA Same Incident ID,JUL-2024,San Francisco,CA,Waymo LLC,30270-8039,66e5f5ca1d65aee,Unknown,Jaguar,I-Pace,Non-Motorist: Cyclist,Parking Lot,ADS,Yes,1
507ca034d6ef5a6,NHTSA Same Incident ID,JUL-2024,San Francisco,CA,Waymo LLC,30270-8386,81cdf8cb9dc16f6,No Injuries Reported,Jaguar,I-Pace,SUV,Intersection,ADS,Yes,1
52013c1519577f5,NHTSA Same Incident ID,JUL-2024,San Francisco,CA,Waymo LLC,30270-8182,1f94d9b474c8b7b,No Injuries Reported,Jaguar,I-Pace,Motorcycle,Intersection,ADS,Yes,1
53150c4d8157ecd,NHTSA Same Incident ID,JUL-2024,Los Angeles,CA,Waymo LLC,30270-8384,2c6cb507a6366c8,No Injuries Reported,Jaguar,I-Pace,Pickup Truck,Street,ADS,Yes,1
569e9de402e0e26,NHTSA Same Incident ID,JUL-2024,San Francisco,CA,Waymo LLC,30270-8388,87a47e483e75f8e,No Injuries Reported,Jaguar,I-Pace,Passenger Car,Street,ADS,Yes,1
5c8348bcf998c8b,NHTSA Same Incident ID,JUL-2024,San Francisco,CA,Waymo LLC,30270-8266,7764ec909f37fb8,No Injuries Reported,Jaguar,I-Pace,Passenger Car,Street,ADS,Yes,1
6e41aaf90713a44,NHTSA Same Incident ID,JUL-2024,San Francisco,CA,Waymo LLC,30270-8404,63d5996f05e3f54,No Injuries Reported,Jaguar,I-Pace,Passenger Car,Street,ADS,Yes,1
6f3f2cc44536bfa,NHTSA Same Incident ID,JUL-2024,Miami,FL,May Mobility,30413-8306,edae6220ea28192,No Injuries Reported,Toyota,Sienna,SUV,Street,ADS,Yes,1
7077c9c68260af9,NHTSA Same Incident ID,JUL-2024,Miami,FL,May Mobility,30413-8218,9f25406284e8751,No Injuries Reported,Toyota,Sienna,Non-Motorist: Cyclist,Street,ADS,Yes,1
79f75b387eb2c41,NHTSA Same Incident ID,JUL-2024,Los Angeles,CA,Waymo LLC,30270-8394,2030dc3f9cdb82c,No Injuries Reported,Jaguar,I-Pace,Heavy Truck,Street,ADS,Yes,1
83b9060efce12eb,NHTSA Same Incident ID,JUL-2024,San Francisco,CA,Waymo LLC,30270-8392,514b6838e6ddc6e,No Injuries Reported,Jaguar,I-Pace,Passenger Car,Street,ADS,Yes,1
8cafb1314704254,NHTSA Same Incident ID,JUL-2024,San Francisco,CA,Waymo LLC,30270-8088,90049d8b3034d29,No Injuries Reported,Jaguar,I-Pace,SUV,Intersection,ADS,Yes,1
8f942ab937115c7,NHTSA Same Incident ID,JUL-2024,Chandler,AZ,Waymo LLC,30270-8397,365203c6f0f00aa,No Injuries Reported,Jaguar,I-Pace,"Other, see Narrative",Parking Lot,ADS,Yes,1
91bbdc8e89308e3,NHTSA Same Incident ID,JUL-2024,San Francisco,CA,Waymo LLC,30270-8273,ada18c60b810838,No Injuries Reported,Jaguar,I-Pace,Bus,Intersection,ADS,Yes,1
9c9d2411ca10891,NHTSA Same Incident ID,JUL-2024,Phoenix,AZ,Waymo LLC,30270-8217,2376a04b6b04f4c,Unknown,Jaguar,I-Pace,Pickup Truck,Street,ADS,Yes,1
a0ba721d51c0207,NHTSA Same Incident ID,JUL-2024,Tempe,AZ,Waymo LLC,30270-8398,4a932994e4ed580,No Injuries Reported,Jaguar,I-Pace,Passenger Car,Parking Lot,ADS,Yes,1
a8d01f2a05f21f7,NHTSA Same Incident ID,JUL-2024,San Francisco,CA,Waymo LLC,30270-8401,227d560ccb53053,No Injuries Reported,Jaguar,I-Pace,SUV,Street,ADS,Yes,1
ad0dcca9b823fd2,NHTSA Same Incident ID,JUL-2024,San Francisco,CA,"Zoox, Inc.",30610-8201,f2429255e0858ca,Minor,Toyota,Highlander,Non-Motorist: Cyclist,Street,ADS,Yes,1
c1f6f34ad0dfe4b,NHTSA Same Incident ID,JUL-2024,San Francisco,CA,Waymo LLC,30270-8387,b6ca4978c1fdc38,No Injuries Reported,Jaguar,I-Pace,Passenger Car,Street,ADS,Yes,1
d822c663bab3dd9,NHTSA Same Incident ID,JUL-2024,Phoenix,AZ,Waymo LLC,30270-8383,9c5230044402de2,No Injuries Reported,Jaguar,I-Pace,Passenger Car,Street,ADS,Yes,1
e2bc89b5e8b7784,NHTSA Same Incident ID,JUL-2024,San Francisco,CA,"Zoox, Inc.",30610-8377,57bcf49fc2dc14e,No Injuries Reported,Toyota,Highlander,Passenger Car,Street,ADS,Yes,1
e6ab23dde26e260,NHTSA Same Incident ID,JUL-2024,San Francisco,CA,Waymo LLC,30270-8389,5e2e75bef42b5a4,No Injuries Reported,Jaguar,I-Pace,SUV,Street,ADS,Yes,1
e7bd1ea6542b009,NHTSA Same Incident ID,JUL-2024,San Francisco,CA,Waymo LLC,30270-8061,bba221bd494dda8,No Injuries Reported,Jaguar,I-Pace,Passenger Car,Intersection,ADS,Yes,1
e8f9632ff89eabc,NHTSA Same Incident ID,JUL-2024,Scottsdale,AZ,Waymo LLC,30270-8199,a716fa442f09994,Minor,Jaguar,I-Pace,Passenger Car,Street,ADS,Yes,1
f5572d3137450d7,NHTSA Same Incident ID,JUL-2024,Austin,TX,Waymo LLC,30270-8403,404a3788a846695,No Injuries Reported,Jaguar,I-Pace,SUV,Street,ADS,Yes,1
fa872bc0a5be40f,NHTSA Same Incident ID,JUL-2024,San Francisco,CA,"Zoox, Inc.",30610-8374,b49f0b6ed06eb12,No Injuries Reported,Toyota,Highlander,Passenger Car,Street,ADS,Yes,1
0b18a507fa15dc4,NHTSA Same Incident ID,JUL-2025,Atlanta,GA,Waymo LLC,30270-11383,862fc71b43699a6,Property Damage. No Injured Reported,JAGUAR,I-PACE,Passenger Car,Street,ADS,Yes,1
0bdabfb53025c8a,NHTSA Same Incident ID,JUL-2025,San Francisco,CA,Waymo LLC,30270-11428,9dfadc4748614b2,Property Damage. No Injured Reported,JAGUAR,I-PACE,SUV,Intersection,ADS,Yes,1
0f38605821106e8,NHTSA Same Incident ID,JUL-2025,Tempe,AZ,Waymo LLC,30270-11426,3d21ad706a5bd24,Property Damage. No Injured Reported,JAGUAR,I-PACE,"Other, see Narrative",Parking Lot,ADS,Yes,1
0f920297cd173cf,NHTSA Same Incident ID,JUL-2025,San Francisco,CA,Waymo LLC,30270-11329,adda378cb00a43e,Property Damage. No Injured Reported,JAGUAR,I-PACE,Bus,Street,ADS,Yes,1
14642a8ccaa2293,NHTSA Same Incident ID,JUL-2025,Peachtree Corners,GA,May Mobility,30413-11487,12b7d35729a047b,No Injured Reported,TOYOTA,Sienna,Passenger Car,Intersection,ADS,Yes,1
18072fb0213f2ae,NHTSA Same Incident ID,JUL-2025,San Francisco,CA,Waymo LLC,30270-11362,8aa8c53bfbf4a75,Property Damage. No Injured Reported,JAGUAR,I-PACE,Passenger Car,Intersection,ADS,Yes,1
20f2a1906a9c5fe,NHTSA Same Incident ID,JUL-2025,Tempe,AZ,Waymo LLC,30270-11323,c0243dee26386a3,Minor W/O Hospitalization,JAGUAR,I-PACE,Passenger Car,Street,ADS,Yes,1
227230f1de818d3,NHTSA Same Incident ID,JUL-2025,San Francisco,CA,Waymo LLC,30270-11279,006ffe23c5da72b,Property Damage. No Injured Reported,JAGUAR,I-PACE,Passenger Car,Street,ADS,Yes,1
235421019095c7a,NHTSA Same Incident ID,JUL-2025,Atlanta,GA,May Mobility,30413-11489,c61027d6b726b73,No Injured Reported,TOYOTA,Sienna,Other Fixed Object,Street,ADS,Yes,1
264c703043ce526,NHTSA Same Incident ID,JUL-2025,San Francisco,CA,Waymo LLC,30270-11455,c3868a60524aabc,Property Damage. No Injured Reported,JAGUAR,I-PACE,SUV,Intersection,ADS,Yes,1
2b65fb57cedb2be,NHTSA Same Incident ID,JUL-2025,Los Angeles,CA,Waymo LLC,30270-11284,11b75b430c54645,Property Damage. No Injured Reported,JAGUAR,I-PACE,SUV,Intersection,ADS,Yes,1
2e8f930bd064930,NHTSA Same Incident ID,JUL-2025,Spring Valley,NV,"Zoox, Inc.",30610-11405,c2cb8d5160fcb31,Minor W/ Hospitalization,TOYOTA,Highlander,Passenger Car,Intersection,ADS,Yes,1
2f75c49fec63a68,NHTSA Same Incident ID,JUL-2025,San Francisco,CA,Waymo LLC,30270-11333,6060f6e3fa3dfaf,Property Damage. No Injured Reported,JAGUAR,I-PACE,Bus,Street,ADS,Yes,1
3035734d10bd2c9,NHTSA Same Incident ID,JUL-2025,San Mateo,CA,Waymo LLC,30270-11415,27b63f2ddf7d696,Property Damage. No Injured Reported,JAGUAR,I-PACE,Pickup Truck,Intersection,ADS,Yes,1
30dc6085adb052c,NHTSA Same Incident ID,JUL-2025,Tempe,AZ,Waymo LLC,30270-11412,86ebcd25fb576c4,Property Damage. No Injured Reported,JAGUAR,I-PACE,Passenger Car,Street,ADS,Yes,1
3104047ca823dd2,NHTSA Same Incident ID,JUL-2025,Los Angeles,CA,Waymo LLC,30270-11401,4a488c01f3b9188,Property Damage. No Injured Reported,JAGUAR,I-PACE,SUV,Street,ADS,Yes,1
346e79b6abcc2ca,NHTSA Same Incident ID,JUL-2025,Austin,TX,"Tesla, Inc.",13781-11507,76e14d6c887dc39,Property Damage. No Injured Reported,TESLA,Model Y,SUV,Street,ADS,Yes,1
3551e837b0c6d97,NHTSA Same Incident ID,JUL-2025,Inglewood,CA,Waymo LLC,30270-11273,a6d787df6b6267f,Minor W/O Hospitalization,JAGUAR,I-PACE,Heavy Truck,Street,ADS,Yes,1
37480c303aa9916,NHTSA Same Incident ID,JUL-2025,Austin,TX,Waymo LLC,30270-11451,9c232066e8bf4bf,Property Damage. No Injured Reported,JAGUAR,I-PACE,Heavy Truck,Street,ADS,Yes,1
3aaa6f68cd36c6a,NHTSA Same Incident ID,JUL-2025,Mesa,AZ,Waymo LLC,30270-11361,275f73fb6f3996f,Unknown,JAGUAR,I-PACE,"Other, see Narrative",Street,ADS,Yes,1
465231c70c23f76,NHTSA Same Incident ID,JUL-2025,San Francisco,CA,Waymo LLC,30270-11400,5d4bcf07ec14385,Property Damage. No Injured Reported,JAGUAR,I-PACE,Passenger Car,Street,ADS,Yes,1
48d2d114d2ccebf,NHTSA Same Incident ID,JUL-2025,Scottsdale,AZ,Waymo LLC,30270-11370,8ce5535f8a34a72,Property Damage. No Injured Reported,JAGUAR,I-PACE,Passenger Car,Street,ADS,Yes,1
49592ecd1caefcf,NHTSA Same Incident ID,JUL-2025,Los Angeles,CA,Waymo LLC,30270-11327,b5adad53fe0fb70,Minor W/O Hospitalization,JAGUAR,I-PACE,Passenger Car,Intersection,ADS,Yes,1
4efbce3f9aada78,NHTSA Same Incident ID,JUL-2025,San Francisco,CA,Waymo LLC,30270-11452,90f750a3e08168b,Minor W/O Hospitalization,JAGUAR,I-PACE,Non-Motorist: Scooter - Skateboard,Intersection,ADS,Yes,1
5ace8e70579d484,NHTSA Same Incident ID,JUL-2025,Mountain View,CA,Nuro,30291-11458,eceadb0fa118037,No Injured Reported,TOYOTA,Prius,Passenger Car,Intersection,ADS,"[REDACTED, MAY CONTAIN CONFIDENTIAL BUSINESS INFORMATION]",1
5ae11ed429c3054,NHTSA Same Incident ID,JUL-2025,San Francisco,CA,Waymo LLC,30270-11420,a97e90018f89699,Property Damage. No Injured Reported,JAGUAR,I-PACE,Bus,Street,ADS,Yes,1
5ea054a03072b23,NHTSA Same Incident ID,JUL-2025,Inglewood,CA,Waymo LLC,30270-11374,15f901629190a97,Property Damage. No Injured Reported,JAGUAR,I-PACE,Passenger Car,Intersection,ADS,Yes,1
5f502707c16ba16,NHTSA Same Incident ID,JUL-2025,Phoenix,AZ,Waymo LLC,30270-11424,62b4cc3ccf82b8e,Property Damage. No Injured Reported,JAGUAR,I-PACE,SUV,Parking Lot,ADS,Yes,1
62cf95bc8586ee7,NHTSA Same Incident ID,JUL-2025,San Francisco,CA,"Zoox, Inc.",30610-11514,57bcf49fc2dc14e,Unknown,TOYOTA,Highlander,Animal,Street,ADS,Yes,1
65f46e4ce0abf66,NHTSA Same Incident ID,JUL-2025,Austin,TX,Waymo LLC,30270-11419,df813095ba967dd,Property Damage. No Injured Reported,JAGUAR,I-PACE,Other Fixed Object,Parking Lot,ADS,Yes,1
69aa25a07f80696,NHTSA Same Incident ID,JUL-2025,Inglewood,CA,Waymo LLC,30270-11430,9e40989f06c0576,Property Damage. No Injured Reported,JAGUAR,I-PACE,Passenger Car,Street,ADS,Yes,1
6b59e700b92699f,NHTSA Same Incident ID,JUL-2025,San Francisco,CA,Waymo LLC,30270-11365,5dc1439eb5644a6,Property Damage. No Injured Reported,JAGUAR,I-PACE,Passenger Car,Intersection,ADS,Yes,1
6ce1e94a8b179ea,NHTSA Same Incident ID,JUL-2025,Austin,TX,Waymo LLC,30270-11328,64885a8e21861bf,Minor W/O Hospitalization,JAGUAR,I-PACE,Heavy Truck,Intersection,ADS,Yes,1
7420c3cf426bdfb,NHTSA Same Incident ID,JUL-2025,Miami Beach,FL,Waymo LLC,30270-11472,706b41e5720d667,Property Damage. No Injured Reported,JAGUAR,I-PACE,Passenger Car,Intersection,ADS,Yes,1
771247c1ce646c6,NHTSA Same Incident ID,JUL-2025,West Hollywood,CA,Waymo LLC,30270-11344,18c3eea97dff714,Property Damage. No Injured Reported,JAGUAR,I-PACE,Bus,Street,ADS,Yes,1
790af34ef6ca18a,NHTSA Same Incident ID,JUL-2025,Santa Monica,CA,Waymo LLC,30270-11418,3a02959f3237d4c,Property Damage. No Injured Reported,JAGUAR,I-PACE,SUV,Street,ADS,Yes,1
82084d87a4c6155,NHTSA Same Incident ID,JUL-2025,Los Angeles,CA,Waymo LLC,30270-11384,2de23bf6a6e8bf4,Property Damage. No Injured Reported,JAGUAR,I-PACE,SUV,Intersection,ADS,Yes,1
84821e0a3d13b1d,NHTSA Same Incident ID,JUL-2025,San Francisco,CA,Waymo LLC,30270-11373,21404cf3b27ca30,Property Damage. No Injured Reported,JAGUAR,I-PACE,Heavy Truck,Street,ADS,Yes,1
8578fbc6ef74c60,NHTSA Same Incident ID,JUL-2025,Austin,TX,"Tesla, Inc.",13781-11459,1e90c6523159ead,Minor W/O Hospitalization,TESLA,Model Y,Other Fixed Object,Street,ADS,Yes,1
85d987a89324cae,NHTSA Same Incident ID,JUL-2025,Phoenix,AZ,Waymo LLC,30270-11432,faeadd65924ac65,Property Damage. No Injured Reported,JAGUAR,I-PACE,Heavy Truck,Parking Lot,ADS,Yes,1
878454aa879cc48,NHTSA Same Incident ID,JUL-2025,Beverly Hills,CA,Waymo LLC,30270-11404,2e4fc64e3534cb6,Property Damage. No Injured Reported,JAGUAR,I-PACE,Passenger Car,Street,ADS,Yes,1
8c9eb6fcf48d32c,NHTSA Same Incident ID,JUL-2025,Tempe,AZ,Waymo LLC,30270-11379,a716fa442f09994,Property Damage. No Injured Reported,JAGUAR,I-PACE,Other Fixed Object,Parking Lot,ADS,Yes,1
8f705450b9147b1,NHTSA Same Incident ID,JUL-2025,San Francisco,CA,Waymo LLC,30270-11422,da1c07fbe9f0399,Property Damage. No Injured Reported,JAGUAR,I-PACE,"Other, see Narrative",Street,ADS,Yes,1
8ffca881a715613,NHTSA Same Incident ID,JUL-2025,San Francisco,CA,Waymo LLC,30270-11421,2a10e9b27c25a9d,Property Damage. No Injured Reported,JAGUAR,I-PACE,Passenger Car,Intersection,ADS,Yes,1
90b259cb9879f1a,NHTSA Same Incident ID,JUL-2025,Santa Clara,CA,Waymo LLC,30270-11403,b7b40f70f5e3f4f,Moderate W/ Hospitalization,JAGUAR,I-PACE,SUV,Street,ADS,Yes,1
92261685790d7b9,NHTSA Same Incident ID,JUL-2025,Scottsdale,AZ,Waymo LLC,30270-11381,4acbf8aad5f8aa1,Property Damage. No Injured Reported,JAGUAR,I-PACE,Passenger Car,Intersection,ADS,Yes,1
9616ae79138526d,NHTSA Same Incident ID,JUL-2025,Phoenix,AZ,Waymo LLC,30270-11417,4fae7ee0ca48ec4,Property Damage. No Injured Reported,JAGUAR,I-PACE,Passenger Car,Street,ADS,Yes,1
9d871ee2ff7dfbb,NHTSA Same Incident ID,JUL-2025,San Francisco,CA,Waymo LLC,30270-11281,3f4f24f896a024a,Property Damage. No Injured Reported,JAGUAR,I-PACE,Bus,Street,ADS,Yes,1
a1fb39677f6ca68,NHTSA Same Incident ID,JUL-2025,Paradise,NV,"Zoox, Inc.",30610-11515,0018ace233f8adf,Minor W/O Hospitalization,TOYOTA,Highlander,Pickup Truck,Street,ADS,Yes,1
b073d9500f2a829,NHTSA Same Incident ID,JUL-2025,San Francisco,CA,Waymo LLC,30270-11280,c01ea2068860b0f,Minor W/O Hospitalization,JAGUAR,I-PACE,Passenger Car,Intersection,ADS,Yes,1
b5d3e7bb23a3388,NHTSA Same Incident ID,JUL-2025,Austin,TX,"Tesla, Inc.",13781-11375,6686ed7925bcb94,Minor W/ Hospitalization,TESLA,Model Y,SUV,Intersection,ADS,Yes,1
c56a405e1e55dd9,NHTSA Same Incident ID,JUL-2025,San Francisco,CA,Waymo LLC,30270-11413,c42ee51ae3db3a1,Property Damage. No Injured Reported,JAGUAR,I-PACE,Heavy Truck,Street,ADS,Yes,1
c6e76cfadfdf63a,NHTSA Same Incident ID,JUL-2025,Los Angeles,CA,Waymo LLC,30270-11414,4d7948766225873,Property Damage. No Injured Reported,JAGUAR,I-PACE,Passenger Car,Street,ADS,Yes,1
c80d863997ae201,NHTSA Same Incident ID,JUL-2025,Inglewood,CA,Waymo LLC,30270-11372,eb483eb47ed4590,Property Damage. No Injured Reported,JAGUAR,I-PACE,Passenger Car,Street,ADS,Yes,1
c8bb4c6e5bf4622,NHTSA Same Incident ID,JUL-2025,Austin,TX,Waymo LLC,30270-11330,6783f8800de6b51,Property Damage. No Injured Reported,JAGUAR,I-PACE,Pickup Truck,Street,ADS,Yes,1
d00b320794bb6ab,NHTSA Same Incident ID,JUL-2025,West Hollywood,CA,Waymo LLC,30270-11360,490e1479c1112cf,Property Damage. No Injured Reported,JAGUAR,I-PACE,Passenger Car,Street,ADS,Yes,1
d294fc7bca2c459,NHTSA Same Incident ID,JUL-2025,Winchester,NV,"Zoox, Inc.",30610-11513,dd3309500df77a6,No Injured Reported,ZOOX,Zoox,Non-Motorist: Cyclist,Intersection,ADS,Yes,1
d5b83b180b8e66e,NHTSA Same Incident ID,JUL-2025,San Francisco,CA,Waymo LLC,30270-11468,2e33b64d457ec29,Property Damage. No Injured Reported,JAGUAR,I-PACE,SUV,Intersection,ADS,Yes,1
dc282220b0999f2,NHTSA Same Incident ID,JUL-2025,San Francisco,CA,Waymo LLC,30270-11378,88407506ae95fd0,Property Damage. No Injured Reported,JAGUAR,I-PACE,Pickup Truck,Street,ADS,Yes,1
dc7fb5b0ec6313a,NHTSA Same Incident ID,JUL-2025,Austin,TX,Waymo LLC,30270-11371,bc77946c8b91c85,Property Damage. No Injured Reported,JAGUAR,I-PACE,Passenger Car,Intersection,ADS,Yes,1
e1e1bd78dd82e10,NHTSA Same Incident ID,JUL-2025,Los Angeles,CA,Waymo LLC,30270-11467,2c6cb507a6366c8,Property Damage. No Injured Reported,JAGUAR,I-PACE,Other Fixed Object,Parking Lot,ADS,Yes,1
e45068dd539185e,NHTSA Same Incident ID,JUL-2025,San Francisco,CA,Waymo LLC,30270-11402,afd870afb3c8bde,Property Damage. No Injured Reported,JAGUAR,I-PACE,Passenger Car,Intersection,ADS,Yes,1
ee2c2f62011d1fd,NHTSA Same Incident ID,JUL-2025,Los Angeles,CA,Waymo LLC,30270-11282,f30223017135b27,Property Damage. No Injured Reported,JAGUAR,I-PACE,Bus,Intersection,ADS,Yes,1
f58d325bece78b3,NHTSA Same Incident ID,JUL-2025,San Francisco,CA,Waymo LLC,30270-11358,d33ef5fa3f77bd4,Property Damage. No Injured Reported,JAGUAR,I-PACE,First Responder Vehicle,Street,ADS,Yes,1
f7c0fa588971e0d,NHTSA Same Incident ID,JUL-2025,Mesa,AZ,Waymo LLC,30270-11334,4b383048a5459f9,Property Damage. No Injured Reported,JAGUAR,I-PACE,Other Fixed Object,Street,ADS,Yes,1
fe1703e2c778a2a,NHTSA Same Incident ID,JUL-2025,,,Waymo LLC,30270-11302,cc45bd074443153,Property Damage. No Injured Reported,JAGUAR,I-PACE,Passenger Car,Intersection,ADS,Yes,1
00a69353fc91d7a,NHTSA Same Incident ID,JUL-2026,Atlanta,GA,Waymo LLC,30270-15997,e753019f5c7e2e3,Property Damage. No Injured Reported,JAGUAR,I-PACE,Pickup Truck,Street,ADS,Yes,1
030d1a97f183bf5,NHTSA Same Incident ID,JUL-2026,Dallas,TX,Waymo LLC,30270-16165,31424364cfd2691,Property Damage. No Injured Reported,JAGUAR,I-PACE,SUV,Street,ADS,Yes,1
06912cee723697b,NHTSA Same Incident ID,JUL-2026,Palo Alto,CA,Waymo LLC,30270-15728,73a71fbce9aa58b,Property Damage. No Injured Reported,JAGUAR,I-PACE,Pickup Truck,Street,ADS,Yes,1
0802ab119abd037,NHTSA Same Incident ID,JUL-2026,Los Angeles,CA,Waymo LLC,30270-16084,87556a287178c0b,No Injured Reported,ZEEKR,RT,Passenger Car,Street,ADS,Yes,1
0a9a1b52889f5f9,NHTSA Same Incident ID,JUL-2026,San Francisco,CA,Waymo LLC,30270-15930,28d8dde033599c7,Property Damage. No Injured Reported,JAGUAR,I-PACE,SUV,Street,ADS,Yes,1
110b5992610ba09,NHTSA Same Incident ID,JUL-2026,San Francisco,CA,Waymo LLC,30270-15899,d6c23bcb7afe72e,Property Damage. No Injured Reported,JAGUAR,I-PACE,SUV,Intersection,ADS,Yes,1
115c701a830774b,NHTSA Same Incident ID,JUL-2026,Austin,TX,"Zoox, Inc.",30610-15722,0c73c4fc3c11efd,Property Damage. No Injured Reported,ZOOX,Zoox,Passenger Car,Street,ADS,Yes,1
11a1a3543a7bff5,NHTSA Same Incident ID,JUL-2026,Culver City,CA,Waymo LLC,30270-16034,a5019c93ab1d320,Property Damage. No Injured Reported,JAGUAR,I-PACE,Pickup Truck,Street,ADS,Yes,1
11c53a3790e4476,NHTSA Same Incident ID,JUL-2026,Orlando,FL,Waymo LLC,30270-15934,d6914e143fa53bc,No Injured Reported,JAGUAR,I-PACE,Pole / Tree,Parking Lot,ADS,Yes,1
13cbdf59b0b754c,NHTSA Same Incident ID,JUL-2026,San Francisco,CA,Waymo LLC,30270-15895,92a35bf70b163c7,Property Damage. No Injured Reported,JAGUAR,I-PACE,Heavy Truck,Street,ADS,Yes,1
196dc696dcf04ac,NHTSA Same Incident ID,JUL-2026,San Francisco,CA,Waymo LLC,30270-16083,b6e31bec9d67330,Property Damage. No Injured Reported,JAGUAR,I-PACE,Passenger Car,Street,ADS,Yes,1
1c47c1a630c8942,NHTSA Same Incident ID,JUL-2026,Los Angeles,CA,Waymo LLC,30270-15925,6b304d10f428fc6,Minor W/O Hospitalization,JAGUAR,I-PACE,Passenger Car,Street,ADS,Yes,1
1cac591a8072dbf,NHTSA Same Incident ID,JUL-2026,Carson,CA,Waymo LLC,30270-16111,a2a0dd17e17e8fd,Property Damage. No Injured Reported,ZEEKR,RT,Other Fixed Object,Street,ADS,Yes,1
2234a28c4e8fb96,NHTSA Same Incident ID,JUL-2026,Los Angeles,CA,Waymo LLC,30270-16114,ed7aa73d8581527,Property Damage. No Injured Reported,ZEEKR,RT,Other Fixed Object,Street,ADS,Yes,1
22dcbf2fd98fe0d,NHTSA Same Incident ID,JUL-2026,Austin,TX,Waymo LLC,30270-15932,f145eaefea54873,Property Damage. No Injured Reported,JAGUAR,I-PACE,Bus,Street,ADS,Yes,1
2313e0a5276fa7c,NHTSA Same Incident ID,JUL-2026,Los Angeles,CA,Waymo LLC,30270-16205,2234c98574f93d0,Minor W/O Hospitalization,JAGUAR,I-PACE,Passenger Car,Street,ADS,Yes,1
241c23d8aa12f63,NHTSA Same Incident ID,JUL-2026,Austin,TX,Waymo LLC,30270-15909,457e64a129c0647,Property Damage. No Injured Reported,JAGUAR,I-PACE,SUV,Intersection,ADS,Yes,1
26950c4c180c27b,NHTSA Same Incident ID,JUL-2026,Beverly Hills,CA,Waymo LLC,30270-16039,63253074c9e64f2,Property Damage. No Injured Reported,JAGUAR,I-PACE,SUV,Street,ADS,Yes,1
27eb3ba87b70c32,NHTSA Same Incident ID,JUL-2026,Dallas,TX,Waymo LLC,30270-16167,c47de3d847d469f,No Injured Reported,JAGUAR,I-PACE,Pickup Truck,Street,ADS,Yes,1
280d46d0692575e,NHTSA Same Incident ID,JUL-2026,San Francisco,CA,Waymo LLC,30270-15828,4590b39aea11b46,Property Damage. No Injured Reported,JAGUAR,I-PACE,Passenger Car,Street,ADS,Yes,1
28b1c784d93a162,NHTSA Same Incident ID,JUL-2026,Las Vegas,NV,Motional,30410-15730,207b881ea445a8e,No Injured Reported,HYUNDAI,Ioniq 5,Heavy Truck,Street,ADS,Yes,1
2bb222591cc8318,NHTSA Same Incident ID,JUL-2026,Palo Alto,CA,Waymo LLC,30270-16050,da6f30567739773,Property Damage. No Injured Reported,JAGUAR,I-PACE,SUV,Street,ADS,Yes,1
300ed18a11bbca0,NHTSA Same Incident ID,JUL-2026,Austin,TX,Waymo LLC,30270-15900,2bd16a42a6110a2,Property Damage. No Injured Reported,JAGUAR,I-PACE,Heavy Truck,Street,ADS,Yes,1
304a39ba3f7d0e4,NHTSA Same Incident ID,JUL-2026,San Francisco,CA,Waymo LLC,30270-15938,6fa34366492a742,Property Damage. No Injured Reported,JAGUAR,I-PACE,SUV,Intersection,ADS,Yes,1
3338e23081c8551,NHTSA Same Incident ID,JUL-2026,Austin,TX,Waymo LLC,30270-15898,9244b172b2937e3,Property Damage. No Injured Reported,JAGUAR,I-PACE,SUV,Street,ADS,Yes,1
339bff8c25c90c8,NHTSA Same Incident ID,JUL-2026,San Francisco,CA,Waymo LLC,30270-15723,6d2f3188827d859,Property Damage. No Injured Reported,JAGUAR,I-PACE,Passenger Car,Street,ADS,Yes,1
38eca3b94fe533c,NHTSA Same Incident ID,JUL-2026,San Francisco,CA,Waymo LLC,30270-15788,91bc2125465d4ab,Property Damage. No Injured Reported,JAGUAR,I-PACE,SUV,Street,ADS,Yes,1
38f1727a6756069,NHTSA Same Incident ID,JUL-2026,Las Vegas,NV,Waymo LLC,30270-15896,9fd63fa7dc0605a,Serious W/ Hospitalization,ZEEKR,RT,SUV,Street,ADS,Yes,1
407828e694dfa66,NHTSA Same Incident ID,JUL-2026,Austin,TX,Waymo LLC,30270-15785,8042c9858265b5d,Property Damage. No Injured Reported,JAGUAR,I-PACE,Passenger Car,Intersection,ADS,Yes,1
4555d0a5062ef12,NHTSA Same Incident ID,JUL-2026,San Francisco,CA,Waymo LLC,30270-15992,768374373b1ad88,Property Damage. No Injured Reported,JAGUAR,I-PACE,Bus,Street,ADS,Yes,1
45c84ee98d206a8,NHTSA Same Incident ID,JUL-2026,Harbor City,CA,Waymo LLC,30270-16201,03de575436fdd40,Property Damage. No Injured Reported,ZEEKR,RT,"Other, see Narrative",Unpaved Road,ADS,Yes,1
47633ec5ca46ace,NHTSA Same Incident ID,JUL-2026,Austin,TX,Avride Inc.,31101-15850,3d0d436b40de8e1,Minor W/O Hospitalization,HYUNDAI,Ioniq 5,Non-Motorist: Scooter - Skateboard,Intersection,ADS,Yes,1
47905da3dadbe58,NHTSA Same Incident ID,JUL-2026,Aledo,TX,"Aurora Operations, Inc.",30530-15781,65b8bc1689fceeb,Property Damage. No Injured Reported,INTERNATIONAL,LT62F,Pickup Truck,Intersection,ADS,Yes,1
48d5d8136805068,NHTSA Same Incident ID,JUL-2026,Atlanta,GA,Waymo LLC,30270-15996,867be7d02de97dd,Moderate W/ Hospitalization,JAGUAR,I-PACE,SUV,Street,ADS,Yes,1
4b366cb7dffe394,NHTSA Same Incident ID,JUL-2026,Sunnyvale,CA,Waymo LLC,30270-15812,514b6838e6ddc6e,Property Damage. No Injured Reported,JAGUAR,I-PACE,"Other, see Narrative",Parking Lot,ADS,Yes,1
4bf66bb3a8f2c04,NHTSA Same Incident ID,JUL-2026,San Francisco,CA,Waymo LLC,30270-15985,d2ce62bfb531b34,Property Damage. No Injured Reported,JAGUAR,I-PACE,SUV,Street,ADS,Yes,1
4e7333a927567a5,NHTSA Same Incident ID,JUL-2026,San Francisco,CA,Waymo LLC,30270-15931,514b6838e6ddc6e,Property Damage. No Injured Reported,JAGUAR,I-PACE,Heavy Truck,Street,ADS,Yes,1
4ee911a729687c4,NHTSA Same Incident ID,JUL-2026,San Francisco,CA,Waymo LLC,30270-16024,af787839fce7dcd,Property Damage. No Injured Reported,JAGUAR,I-PACE,Bus,Parking Lot,ADS,Yes,1
4f210463b6dbf56,NHTSA Same Incident ID,JUL-2026,San Francisco,CA,Waymo LLC,30270-16080,a4b13b893d8aab1,Property Damage. No Injured Reported,JAGUAR,I-PACE,Passenger Car,Street,ADS,Yes,1
5129d7a8bb470c8,NHTSA Same Incident ID,JUL-2026,Atlanta,GA,May Mobility,30413-16218,2dbc86b2f26bc05,No Injured Reported,TOYOTA,Sienna,Van,Street,ADS,Yes,1
5b946c0f9ebd71a,NHTSA Same Incident ID,JUL-2026,Washington,DC,Waymo LLC,30270-15667,0e5eb7d502422c0,Minor W/ Hospitalization,JAGUAR,I-PACE,SUV,Street,ADS,Yes,1
5d9d9abf8d58b16,NHTSA Same Incident ID,JUL-2026,Philadelphia,PA,Waymo LLC,30270-16115,ba56ac5794a61a6,Property Damage. No Injured Reported,ZEEKR,RT,SUV,Street,ADS,Yes,1
6030e429f5dee26,NHTSA Same Incident ID,JUL-2026,West Hollywood,CA,Waymo LLC,30270-15729,4c0649bc733e250,Property Damage. No Injured Reported,JAGUAR,I-PACE,SUV,Street,ADS,Yes,1
62c29a4ff523e85,NHTSA Same Incident ID,JUL-2026,San Francisco,CA,Waymo LLC,30270-15986,1599ac052bcdb57,Property Damage. No Injured Reported,JAGUAR,I-PACE,Bus,Street,ADS,Yes,1
63268669c3dc113,NHTSA Same Incident ID,JUL-2026,Dallas,TX,Avride Inc.,31101-16195,9ee40691de4087a,Property Damage. No Injured Reported,HYUNDAI,Ioniq 5,Van,Street,ADS,Yes,1
6636966804ac538,NHTSA Same Incident ID,JUL-2026,Austin,TX,"Tesla, Inc.",13781-16255,d3cec3ffdeefeb1,Property Damage. No Injured Reported,TESLA,Model Y,Other Fixed Object,Parking Lot,ADS,Yes,1
66675446d80c8c9,NHTSA Same Incident ID,JUL-2026,Phoenix,AZ,Waymo LLC,30270-15989,f29ac5ed4b472b0,Property Damage. No Injured Reported,ZEEKR,RT,Passenger Car,Street,ADS,Yes,1
678002aafc1f05c,NHTSA Same Incident ID,JUL-2026,Austin,TX,Waymo LLC,30270-15906,8d422826cd1618d,Property Damage. No Injured Reported,JAGUAR,I-PACE,SUV,Street,ADS,Yes,1
6921816d4ea4ecc,NHTSA Same Incident ID,JUL-2026,Los Angeles,CA,Waymo LLC,30270-15720,b3ed4a7cd298412,Property Damage. No Injured Reported,JAGUAR,I-PACE,Heavy Truck,Street,ADS,Yes,1
6ab669533f2c1df,NHTSA Same Incident ID,JUL-2026,Dallas,TX,Avride Inc.,31101-16018,2f278583ec01334,Property Damage. No Injured Reported,HYUNDAI,Ioniq 5,Passenger Car,Parking Lot,ADS,Yes,1
6bdc7cb4799729b,NHTSA Same Incident ID,JUL-2026,San Francisco,CA,Waymo LLC,30270-15709,5b5797229c65e8e,Property Damage. No Injured Reported,JAGUAR,I-PACE,Passenger Car,Street,ADS,Yes,1
6c1a08f1e98ac53,NHTSA Same Incident ID,JUL-2026,Scottsdale,AZ,Waymo LLC,30270-16112,bbf3cb5e91846fb,Property Damage. No Injured Reported,JAGUAR,I-PACE,"Other, see Narrative",Street,ADS,Yes,1
6fbd453146dc2d4,NHTSA Same Incident ID,JUL-2026,South San Francisco,CA,Waymo LLC,30270-15810,5732abf2e67577c,Property Damage. No Injured Reported,ZEEKR,RT,Animal,Highway / Freeway,ADS,Yes,1
716fbf742f27a58,NHTSA Same Incident ID,JUL-2026,Los Angeles,CA,Waymo LLC,30270-16081,90f355d372ddfe2,Property Damage. No Injured Reported,JAGUAR,I-PACE,Passenger Car,Intersection,ADS,Yes,1
71cf32745142916,NHTSA Same Incident ID,JUL-2026,Redwood City,CA,Waymo LLC,30270-16110,15d11bc4962861f,Property Damage. No Injured Reported,JAGUAR,I-PACE,SUV,Street,ADS,Yes,1
71e217f012b5b0d,NHTSA Same Incident ID,JUL-2026,Austin,TX,Waymo LLC,30270-15901,87497fb7c9cc8bf,Property Damage. No Injured Reported,JAGUAR,I-PACE,SUV,Intersection,ADS,Yes,1
7420ebc8c51d9ec,NHTSA Same Incident ID,JUL-2026,Austin,TX,"Tesla, Inc.",13781-16256,9dfcd9d5e0f1538,Property Damage. No Injured Reported,TESLA,Model Y,Other Fixed Object,Parking Lot,ADS,Yes,1
76bca586de9a547,NHTSA Same Incident ID,JUL-2026,San Francisco,CA,Waymo LLC,30270-15994,78b0ac87498dbdf,Property Damage. No Injured Reported,JAGUAR,I-PACE,Passenger Car,Street,ADS,Yes,1
79da0353c9601f3,NHTSA Same Incident ID,JUL-2026,San Francisco,CA,Waymo LLC,30270-16000,7674f4638011d57,Property Damage. No Injured Reported,JAGUAR,I-PACE,Non-Motorist: Cyclist,Intersection,ADS,Yes,1
7b6cae38fea58d6,NHTSA Same Incident ID,JUL-2026,West Hollywood,CA,Waymo LLC,30270-15893,031ac5f21bb992a,Property Damage. No Injured Reported,JAGUAR,I-PACE,Pickup Truck,Parking Lot,ADS,Yes,1
7dbf6a4d096c5f6,NHTSA Same Incident ID,JUL-2026,Redwood City,CA,Waymo LLC,30270-15836,4eb2e6f1d8cb241,Property Damage. No Injured Reported,JAGUAR,I-PACE,Passenger Car,Street,ADS,Yes,1
7dcf9031a798627,NHTSA Same Incident ID,JUL-2026,Atlanta,GA,Waymo LLC,30270-16085,7288eed9585db24,No Injured Reported,JAGUAR,I-PACE,SUV,Street,ADS,Yes,1
7fbd577071e9c78,NHTSA Same Incident ID,JUL-2026,Austin,TX,Waymo LLC,30270-16090,13b765a6e7c86a7,Property Damage. No Injured Reported,JAGUAR,I-PACE,Other Fixed Object,Parking Lot,ADS,Yes,1
821101a5f0eddfc,NHTSA Same Incident ID,JUL-2026,San Francisco,CA,Waymo LLC,30270-16020,88cd8db6d8498e6,Property Damage. No Injured Reported,JAGUAR,I-PACE,Heavy Truck,Street,ADS,Yes,1
82c44a2db2d1b57,NHTSA Same Incident ID,JUL-2026,Houston,TX,Nuro,30291-16243,ec2f4bf4750a712,Property Damage. No Injured Reported,TOYOTA,Prius,Passenger Car,Street,ADS,"[REDACTED, MAY CONTAIN CONFIDENTIAL BUSINESS INFORMATION]",1
867e7e8f2b81486,NHTSA Same Incident ID,JUL-2026,Beverly Hills,CA,MOIA America LLC,35021-16268,cd5c48f8ba24207,Property Damage. No Injured Reported,Volkswagen,ID. Buzz,Passenger Car,Street,ADS,Yes,1
8df2402ebdd460f,NHTSA Same Incident ID,JUL-2026,San Diego,CA,Waymo LLC,30270-16021,2184b8052800f6c,Minor W/O Hospitalization,ZEEKR,RT,SUV,Highway / Freeway,ADS,Yes,1
8e6acf29ac6f987,NHTSA Same Incident ID,JUL-2026,Tempe,AZ,Waymo LLC,30270-15890,9f161d03b3576d3,Property Damage. No Injured Reported,JAGUAR,I-PACE,Passenger Car,Street,ADS,Yes,1
9369392adf543ea,NHTSA Same Incident ID,JUL-2026,Denver,CO,Waymo LLC,30270-16162,68f78c702aae3e2,Property Damage. No Injured Reported,ZEEKR,RT,SUV,Intersection,ADS,Yes,1
93d0bca88ebaf07,NHTSA Same Incident ID,JUL-2026,San Francisco,CA,Waymo LLC,30270-15984,6960d469d6a5c3e,Property Damage. No Injured Reported,JAGUAR,I-PACE,Heavy Truck,Street,ADS,Yes,1
949157d817cf093,NHTSA Same Incident ID,JUL-2026,Los Angeles,CA,Waymo LLC,30270-15889,0fa0c83ec507b99,Property Damage. No Injured Reported,JAGUAR,I-PACE,SUV,Street,ADS,Yes,1
951720855af03c3,NHTSA Same Incident ID,JUL-2026,San Francisco,CA,Waymo LLC,30270-16036,34dcbe78146118f,Property Damage. No Injured Reported,JAGUAR,I-PACE,Passenger Car,Street,ADS,Yes,1
97fe20b144e8c53,NHTSA Same Incident ID,JUL-2026,San Mateo,CA,Waymo LLC,30270-16035,23dca52bf69aa98,Property Damage. No Injured Reported,JAGUAR,I-PACE,Passenger Car,Parking Lot,ADS,Yes,1
9a66ef3e7c03c51,NHTSA Same Incident ID,JUL-2026,Los Angeles,CA,Waymo LLC,30270-15892,81ea6c534e1951e,Property Damage. No Injured Reported,ZEEKR,RT,Passenger Car,Street,ADS,Yes,1
9ccce7c35186720,NHTSA Same Incident ID,JUL-2026,Dallas,TX,Avride Inc.,31101-16016,78cd8789912b84e,Property Damage. No Injured Reported,HYUNDAI,Ioniq 5,Passenger Car,Street,ADS,Yes,1
9f514a8dd3e9d62,NHTSA Same Incident ID,JUL-2026,Houston,TX,Nuro,30291-16241,71e2c1df34b974c,Property Damage. No Injured Reported,TOYOTA,Prius,Passenger Car,Street,ADS,"[REDACTED, MAY CONTAIN CONFIDENTIAL BUSINESS INFORMATION]",1
a1d19a87db5c73b,NHTSA Same Incident ID,JUL-2026,Miami,FL,Waymo LLC,30270-15987,b3176c85ec1a347,Property Damage. No Injured Reported,JAGUAR,I-PACE,Heavy Truck,Street,ADS,Yes,1
a2079c100dfd177,NHTSA Same Incident ID,JUL-2026,Arlington,TX,May Mobility,30413-16238,e28d55682f241e8,No Injured Reported,TOYOTA,Sienna,SUV,Street,ADS,Yes,1
a618b643e544cd6,NHTSA Same Incident ID,JUL-2026,Austin,TX,Waymo LLC,30270-15725,4a5bc3848bebc6d,Property Damage. No Injured Reported,JAGUAR,I-PACE,Pickup Truck,Street,ADS,Yes,1
aaa95f76209de4d,NHTSA Same Incident ID,JUL-2026,Nashville,TN,Waymo LLC,30270-15991,a1b2fd4f0d3edfe,Property Damage. No Injured Reported,JAGUAR,I-PACE,Bus,Street,ADS,Yes,1
abe0d6079ae7e0e,NHTSA Same Incident ID,JUL-2026,Tempe,AZ,Waymo LLC,30270-15990,c73e5cd30a0ec0d,Property Damage. No Injured Reported,JAGUAR,I-PACE,SUV,Street,ADS,Yes,1
b153840e2689853,NHTSA Same Incident ID,JUL-2026,San Francisco,CA,Waymo LLC,30270-16168,e1e10d0f520eae0,No Injured Reported,JAGUAR,I-PACE,Van,Street,ADS,Yes,1
b3a3eb5a373c59d,NHTSA Same Incident ID,JUL-2026,Dallas,TX,Waymo LLC,30270-16091,eb59e9671c7a03e,Property Damage. No Injured Reported,JAGUAR,I-PACE,Heavy Truck,Street,ADS,Yes,1
b9666839a689d51,NHTSA Same Incident ID,JUL-2026,San Francisco,CA,Waymo LLC,30270-15927,38ff0b7e962940b,Property Damage. No Injured Reported,JAGUAR,I-PACE,SUV,Street,ADS,Yes,1
b9b769d0743c592,NHTSA Same Incident ID,JUL-2026,Los Angeles,CA,Waymo LLC,30270-15831,d798ddafdb6af38,Property Damage. No Injured Reported,JAGUAR,I-PACE,Passenger Car,Intersection,ADS,Yes,1
ba688015f45ad22,NHTSA Same Incident ID,JUL-2026,Phoenix,AZ,Waymo LLC,30270-16164,a20388c0ace0c78,Property Damage. No Injured Reported,JAGUAR,I-PACE,Pickup Truck,Street,ADS,Yes,1
bc62ea83356d5fd,NHTSA Same Incident ID,JUL-2026,San Francisco,CA,Waymo LLC,30270-16023,cab21758c7b4a25,Moderate W/ Hospitalization,JAGUAR,I-PACE,Bus,Street,ADS,Yes,1
be6ed683f1837df,NHTSA Same Incident ID,JUL-2026,San Francisco,CA,Waymo LLC,30270-16038,ba30c7f8ca76782,Property Damage. No Injured Reported,ZEEKR,RT,Passenger Car,Street,ADS,Yes,1
bed04cd78f8ec77,NHTSA Same Incident ID,JUL-2026,Deming,NM,"Aurora Operations, Inc.",30530-16220,9c79dca9f5bfa7e,Property Damage. No Injured Reported,PETERBILT,579,"Other, see Narrative",Highway / Freeway,ADS,Yes,1
beee66377373c78,NHTSA Same Incident ID,JUL-2026,Miami Beach,FL,Waymo LLC,30270-15830,9619882630b6e8e,Serious W/ Hospitalization,JAGUAR,I-PACE,Non-Motorist: Cyclist,Street,ADS,Yes,1
bff8b6bf656d374,NHTSA Same Incident ID,JUL-2026,San Francisco,CA,Waymo LLC,30270-16022,07ef63da89df93e,Property Damage. No Injured Reported,JAGUAR,I-PACE,Passenger Car,Street,ADS,Yes,1
c1f1ddfe9f834d5,NHTSA Same Incident ID,JUL-2026,San Francisco,CA,Waymo LLC,30270-16032,0248bb53d9ff007,Property Damage. No Injured Reported,JAGUAR,I-PACE,Heavy Truck,Intersection,ADS,Yes,1
c4ff07cf6c66df2,NHTSA Same Incident ID,JUL-2026,San Francisco,CA,Waymo LLC,30270-16166,0533b00ac0324a3,Property Damage. No Injured Reported,JAGUAR,I-PACE,Pickup Truck,Street,ADS,Yes,1
c7d141d1faa4536,NHTSA Same Incident ID,JUL-2026,San Francisco,CA,Waymo LLC,30270-15718,75293fa770b6d5c,Property Damage. No Injured Reported,JAGUAR,I-PACE,Van,Street,ADS,Yes,1
c9f32dc908db60f,NHTSA Same Incident ID,JUL-2026,Scottsdale,AZ,Waymo LLC,30270-15897,1ad6bda2b4d3633,Property Damage. No Injured Reported,JAGUAR,I-PACE,Heavy Truck,Street,ADS,Yes,1
c9f37eb39f93fbc,NHTSA Same Incident ID,JUL-2026,Austin,TX,Avride Inc.,31101-16037,e54df41a3ead576,Minor W/O Hospitalization,HYUNDAI,Ioniq 5,Non-Motorist: Cyclist,Street,ADS,Yes,1
cb5b672d0cb1d38,NHTSA Same Incident ID,JUL-2026,Phoenix,AZ,Waymo LLC,30270-15726,a3bbb939dc7b17f,Property Damage. No Injured Reported,JAGUAR,I-PACE,SUV,Street,ADS,Yes,1
cf206ae97facd1d,NHTSA Same Incident ID,JUL-2026,Dallas,TX,Avride Inc.,31101-16194,e9380653930af17,Property Damage. No Injured Reported,HYUNDAI,Ioniq 5,Pickup Truck,Intersection,ADS,Yes,1
d1e0d1bca3cb28a,NHTSA Same Incident ID,JUL-2026,Los Angeles,CA,Waymo LLC,30270-16033,9b034707a9211a1,Property Damage. No Injured Reported,JAGUAR,I-PACE,SUV,Street,ADS,Yes,1
d3cd658ba6b6c73,NHTSA Same Incident ID,JUL-2026,Tempe,AZ,Waymo LLC,30270-15829,17d89a3abb4bd64,Property Damage. No Injured Reported,JAGUAR,I-PACE,Pickup Truck,Intersection,ADS,Yes,1
d48b0b6c524940e,NHTSA Same Incident ID,JUL-2026,Phoenix,AZ,Waymo LLC,30270-15832,836e74ee88fb46a,Minor W/O Hospitalization,JAGUAR,I-PACE,Pickup Truck,Street,ADS,Yes,1
d9df96b8188b1ce,NHTSA Same Incident ID,JUL-2026,Atlanta,GA,Waymo LLC,30270-15993,56c2ca2d042fd07,Property Damage. No Injured Reported,JAGUAR,I-PACE,"Other, see Narrative",Street,ADS,Yes,1
da46ed3a1124c94,NHTSA Same Incident ID,JUL-2026,San Francisco,CA,Waymo LLC,30270-15786,4e3337ffd13d65a,Property Damage. No Injured Reported,JAGUAR,I-PACE,Heavy Truck,Street,ADS,Yes,1
dae7289f9d63b84,NHTSA Same Incident ID,JUL-2026,Nashville,TN,Waymo LLC,30270-15939,b4632f9fcb5e8f5,Property Damage. No Injured Reported,JAGUAR,I-PACE,Passenger Car,Street,ADS,Yes,1
dc366ba8a98f709,NHTSA Same Incident ID,JUL-2026,Austin,TX,Waymo LLC,30270-15813,d69ebbf728a0aaa,Property Damage. No Injured Reported,JAGUAR,I-PACE,Passenger Car,Parking Lot,ADS,Yes,1
ddae70cc61e2e0b,NHTSA Same Incident ID,JUL-2026,Houston,TX,Waymo LLC,30270-15988,b0ab349cda37313,Property Damage. No Injured Reported,JAGUAR,I-PACE,SUV,Street,ADS,Yes,1
e1bccc94686b59d,NHTSA Same Incident ID,JUL-2026,Los Angeles,CA,Waymo LLC,30270-16028,992613295064edd,Serious W/ Hospitalization,JAGUAR,I-PACE,Passenger Car,Street,ADS,Yes,1
e3869c4ce666143,NHTSA Same Incident ID,JUL-2026,Nashville,TN,Waymo LLC,30270-15933,ca5f0251f872887,Property Damage. No Injured Reported,JAGUAR,I-PACE,SUV,Street,ADS,Yes,1
e460dd80fb8f063,NHTSA Same Incident ID,JUL-2026,Dallas,TX,Avride Inc.,31101-16197,787027df7e7a251,Property Damage. No Injured Reported,HYUNDAI,Ioniq 5,Passenger Car,Street,ADS,Yes,1
eeafa92b2068aa7,NHTSA Same Incident ID,JUL-2026,San Francisco,CA,Waymo LLC,30270-15669,db8a36ca55b42c2,Unknown,JAGUAR,I-PACE,SUV,Street,ADS,Yes,1
f0d6da4927b1ac1,NHTSA Same Incident ID,JUL-2026,San Francisco,CA,Waymo LLC,30270-16001,d319491d208a25b,Property Damage. No Injured Reported,JAGUAR,I-PACE,Passenger Car,Street,ADS,Yes,1
f25565913a8b964,NHTSA Same Incident ID,JUL-2026,Dallas,TX,Waymo LLC,30270-16025,237b870ef3a2d9c,Property Damage. No Injured Reported,JAGUAR,I-PACE,Heavy Truck,Street,ADS,Yes,1
f30b84f40ec6527,NHTSA Same Incident ID,JUL-2026,Atlanta,GA,Waymo LLC,30270-15894,9c738e908d3e0a4,Property Damage. No Injured Reported,JAGUAR,I-PACE,Passenger Car,Street,ADS,Yes,1
07df46993d3d218,NHTSA Same Incident ID,JUN-2022,San Francisco,CA,"Cruise LLC;General Motors, LLC",30412-3084;540-3085,67055320714abc5,Minor,Cruise,AV,Passenger Car,Intersection,ADS,"[REDACTED, MAY CONTAIN CONFIDENTIAL BUSINESS INFORMATION]",2
1a8f11b1e58e6e7,NHTSA Same Incident ID,JUN-2022,San Francisco,CA,"Cruise LLC;General Motors, LLC",30412-3281;540-3283,7c5cce40a8c4c2d,Minor,Cruise,AV,Non-Motorist: Cyclist,Street,ADS,"[REDACTED, MAY CONTAIN CONFIDENTIAL BUSINESS INFORMATION]",2
38c8a93b3f13949,NHTSA Same Incident ID,JUN-2022,Austin,TX,Argo AI;Ford Motor Company,30290-3135;502-3140,5135f43efb33b58,No Injuries Reported,Ford,Escape,Non-Motorist: Cyclist,Street,ADS,"[REDACTED, MAY CONTAIN CONFIDENTIAL BUSINESS INFORMATION]",2
3c16270cbee19db,NHTSA Same Incident ID,JUN-2022,Mountain View,CA,Apple Inc.,30590-3431,f2b11b05513e165,No Injuries Reported,Lexus,RX 450h,Passenger Car,Intersection,ADS,Yes,1
57e9040c5de3c46,NHTSA Same Incident ID,JUN-2022,San Francisco,CA,"Zoox, Inc.",30610-3072,08a1b2756b024f9,Moderate,Toyota,Highlander,Non-Motorist: Other,Intersection,ADS,Yes,1
729291cbc185f73,NHTSA Same Incident ID,JUN-2022,San Francisco,CA,Transdev Alternative Services;Waymo LLC,30270-3255;30531-3256,ef101729afc1d68,No Injuries Reported,Jaguar,I-Pace,"Other, see Narrative",Parking Lot,ADS,Yes,2
80fa8ac15954395,NHTSA Same Incident ID,JUN-2022,Pittsburgh,PA,Argo AI;Ford Motor Company,30290-3347;502-3416,6e5207a28036baf,No Injuries Reported,Ford,Escape,SUV,Intersection,ADS,"[REDACTED, MAY CONTAIN CONFIDENTIAL BUSINESS INFORMATION]",2
898ecff58636c86,NHTSA Same Incident ID,JUN-2022,San Francisco,CA,"Zoox, Inc.",30610-3320,01adc56fe1fe783,No Injuries Reported,Toyota,Highlander,Passenger Car,Street,ADS,Yes,1
8c56b788577d262,NHTSA Same Incident ID,JUN-2022,San Francisco,CA,Transdev Alternative Services;Waymo LLC,30270-3655;30531-3660,ec3bbd986bcba9a,Minor,Jaguar,I-Pace,"Other, see Narrative",Intersection,ADS,Yes,2
9c542b98eb35e88,NHTSA Same Incident ID,JUN-2022,San Francisco,CA,Transdev Alternative Services;Waymo LLC,30270-3435;30531-3445,400295965fa177c,No Injuries Reported,Jaguar,I-Pace,Pickup Truck,Intersection,ADS,Yes,2
9d481ed6b4babd7,NHTSA Same Incident ID,JUN-2022,San Francisco,CA,"Cruise LLC;General Motors, LLC",30412-3080;540-3083,da2115ee1029a21,Unknown,Cruise,AV,Non-Motorist: Pedestrian,Street,ADS,"[REDACTED, MAY CONTAIN CONFIDENTIAL BUSINESS INFORMATION]",2
b26a8024c824bb2,NHTSA Same Incident ID,JUN-2022,San Mateo,CA,"Zoox, Inc.",30610-3215,31b1818df0c9fce,No Injuries Reported,Toyota,Highlander,SUV,Street,ADS,Yes,1
e4608ed0f7e2519,NHTSA Same Incident ID,JUN-2022,Miami,FL,Argo AI;Ford Motor Company,30290-3346;502-3413,d9867f090c65889,No Injuries Reported,Ford,Escape,Passenger Car,Street,ADS,"[REDACTED, MAY CONTAIN CONFIDENTIAL BUSINESS INFORMATION]",2
e6e94b9e10d5c39,NHTSA Same Incident ID,JUN-2022,San Francisco,CA,Transdev Alternative Services;Waymo LLC,30270-3437;30531-3446,1f1e378b74b2187,No Injuries Reported,Jaguar,I-Pace,Passenger Car,Street,ADS,Yes,2
0b01b063261158e,NHTSA Same Incident ID,JUN-2023,San Francisco,CA,"Cruise LLC;General Motors, LLC",30412-5831;540-5942,6be5a19a89a0646,No Injuries Reported,Cruise,AV,"Other, see Narrative",Street,ADS,"[REDACTED, MAY CONTAIN CONFIDENTIAL BUSINESS INFORMATION]",2
18a2469ec1e6c36,NHTSA Same Incident ID,JUN-2023,San Francisco,CA,Waymo LLC,30270-5958,3cf7c25f2209456,No Injuries Reported,Jaguar,I-Pace,Passenger Car,Street,ADS,Yes,1
59e155e20ed427f,NHTSA Same Incident ID,JUN-2023,Foster,RI,"Lucid USA, Inc.",28349-5694,32bda21cdfb3b83,Unknown,Lucid,Air Touring,Pickup Truck,Highway / Freeway,ADAS,Yes,1
6362e91ed386c55,NHTSA Same Incident ID,JUN-2023,Phoenix,AZ,Transdev Alternative Services;Waymo LLC,30270-5650;30531-5669,365203c6f0f00aa,Moderate,Jaguar,I-PACE,Passenger Car,Highway / Freeway,ADS,Yes,2
6487347c1ac4a6b,NHTSA Same Incident ID,JUN-2023,Chandler,AZ,"Cruise LLC;General Motors, LLC",30412-5661;540-5667,4306ea5c865ff73,No Injuries Reported,Cruise,AV,Heavy Truck,Intersection,ADS,"[REDACTED, MAY CONTAIN CONFIDENTIAL BUSINESS INFORMATION]",2
6640153aa3063d5,NHTSA Same Incident ID,JUN-2023,San Francisco,CA,"Cruise LLC;General Motors, LLC",30412-5832;540-5948,f52ae4d3c8c5c7c,No Injuries Reported,Cruise,AV,Passenger Car,Street,ADS,"[REDACTED, MAY CONTAIN CONFIDENTIAL BUSINESS INFORMATION]",2
68f0abf9661245e,NHTSA Same Incident ID,JUN-2023,Fremont,CA,Pony.ai,30711-5675,cc01aa0f16280f2,No Injuries Reported,Hyundai,Kona EV,Passenger Car,Street,ADS,Yes,1
6eeaaac3e6f1d5d,NHTSA Same Incident ID,JUN-2023,san jose,CA,WeRide Corp,30792-5747,5884b56691acb6c,Moderate,NISSAN,LEAF,Heavy Truck,Street,ADS,Yes,1
7014e194a75b369,NHTSA Same Incident ID,JUN-2023,Phoenix,AZ,Transdev Alternative Services;Waymo LLC,30270-5813;30531-5814,4e6dc7156efb5a6,No Injuries Reported,Jaguar,I-Pace,"Other, see Narrative",Street,ADS,Yes,2
90198f7d6c26cf7,NHTSA Same Incident ID,JUN-2023,San Francisco,CA,Waymo LLC,30270-5961,2c2f75d23c37307,No Injuries Reported,Jaguar,I-Pace,Pickup Truck,Intersection,ADS,Yes,1
92014d3d08a5b38,NHTSA Same Incident ID,JUN-2023,San Francisco,CA,Waymo LLC,30270-5960,9052d837901c491,No Injuries Reported,Jaguar,I-Pace,Pickup Truck,Street,ADS,Yes,1
92adaa2cfbab458,NHTSA Same Incident ID,JUN-2023,Tempe,AZ,Transdev Alternative Services;Waymo LLC,30270-5962;30531-5966,b7b40f70f5e3f4f,No Injuries Reported,Jaguar,I-Pace,"Other, see Narrative",Highway / Freeway,ADS,Yes,2
a077d6a8e677ac0,NHTSA Same Incident ID,JUN-2023,San Francisco,CA,"Cruise LLC;General Motors, LLC",30412-5799;540-5805,034a21117b3b8ef,No Injuries Reported,Cruise,AV,"Other, see Narrative",Street,ADS,"[REDACTED, MAY CONTAIN CONFIDENTIAL BUSINESS INFORMATION]",2
a497d4cb2c09cee,NHTSA Same Incident ID,JUN-2023,San Francisco,CA,Apollo Autonomous Driving USA,33495-6720,f9582dac8974093,No Injuries Reported,Chrysler,Pacifica,Non-Motorist: Other,Intersection,ADS,Yes,1
afac5d277fdfeb9,NHTSA Same Incident ID,JUN-2023,Los Angeles,CA,Transdev Alternative Services;Waymo LLC,30270-5817;30531-5818,9f856ec3c68a0d1,Minor,Jaguar,I-Pace,Pickup Truck,Intersection,ADS,Yes,2
bd417176f48c034,NHTSA Same Incident ID,JUN-2023,Austin,TX,"Cruise LLC;General Motors, LLC",30412-5836;540-5951,e3c57b52e69c059,No Injuries Reported,Cruise,AV,Heavy Truck,Street,ADS,"[REDACTED, MAY CONTAIN CONFIDENTIAL BUSINESS INFORMATION]",2
d9ef2eb5a3957bb,NHTSA Same Incident ID,JUN-2023,San Francisco,CA,"Cruise LLC;General Motors, LLC",30412-5782;540-5940,e47a71c34845269,No Injuries Reported,Cruise,AV,"Other, see Narrative",Street,ADS,"[REDACTED, MAY CONTAIN CONFIDENTIAL BUSINESS INFORMATION]",2
dd2b2de3e21074d,NHTSA Same Incident ID,JUN-2023,San Francisco,CA,"Cruise LLC;General Motors, LLC",30412-5687;540-5688,415099cefc1fecf,Unknown,Cruise,AV,Van,Intersection,ADS,"[REDACTED, MAY CONTAIN CONFIDENTIAL BUSINESS INFORMATION]",2
e0191bd1f8c9e7e,NHTSA Same Incident ID,JUN-2023,San Francisco,CA,"Cruise LLC;General Motors, LLC",30412-5828;540-5941,96d9d3e8ebe9dde,No Injuries Reported,Cruise,AV,SUV,Street,ADS,"[REDACTED, MAY CONTAIN CONFIDENTIAL BUSINESS INFORMATION]",2
e25dd6e0c11c934,NHTSA Same Incident ID,JUN-2023,San Francisco,CA,Waymo LLC,30270-5957,85a9f39d9ae609d,No Injuries Reported,Jaguar,I-Pace,Van,Parking Lot,ADS,Yes,1
e77696cb7c077c5,NHTSA Same Incident ID,JUN-2023,San Francisco,CA,"Cruise LLC;General Motors, LLC",30412-5833;540-5950,c620f3994e1de14,No Injuries Reported,Cruise,AV,Passenger Car,Street,ADS,"[REDACTED, MAY CONTAIN CONFIDENTIAL BUSINESS INFORMATION]",2
ed409718b1d4e24,NHTSA Same Incident ID,JUN-2023,San Francisco,CA,Waymo LLC,30270-5959,0b5307ab029c107,No Injuries Reported,Jaguar,I-Pace,Passenger Car,Intersection,ADS,Yes,1
fdceba88754ba36,NHTSA Same Incident ID,JUN-2023,Las Vegas,NV,Hyundai Motor America;Motional,30410-5786;669-5837,6dbef6b4d4ef3c4,Minor,Hyundai,Ioniq 5,Passenger Car,Intersection,ADS,"[REDACTED, MAY CONTAIN CONFIDENTIAL BUSINESS INFORMATION]",2
0d3092a8f49cdcf,NHTSA Same Incident ID,JUN-2024,Phoenix,AZ,Waymo LLC,30270-8027,2c7a9a00277e615,No Injuries Reported,Jaguar,I-Pace,Passenger Car,Intersection,ADS,Yes,1
1116f21b046f906,NHTSA Same Incident ID,JUN-2024,Phoenix,AZ,"Cruise LLC;General Motors, LLC",30412-7840;540-7876,613ee5da9760d2d,Moderate,Cruise,AV,Passenger Car,Street,ADS,"[REDACTED, MAY CONTAIN CONFIDENTIAL BUSINESS INFORMATION]",2
19284fe3327827b,NHTSA Same Incident ID,JUN-2024,San Francisco,CA,Waymo LLC,30270-8145,d674426385f0fc8,No Injuries Reported,Jaguar,I-Pace,Other Fixed Object,Parking Lot,ADS,Yes,1
1c677f3bfb5eb28,NHTSA Same Incident ID,JUN-2024,San Francisco,CA,Waymo LLC,30270-7882,1599ac052bcdb57,No Injuries Reported,Jaguar,I-Pace,Heavy Truck,Intersection,ADS,Yes,1
1fbb1b06277fa39,NHTSA Same Incident ID,JUN-2024,Huntsville,TX,"Aurora Operations, Inc.;PACCAR Incorporated",30530-8087;988-8119,e1dfebf626e3ebd,No Injuries Reported,Peterbilt,579,"Other, see Narrative",Highway / Freeway,ADS,Yes,2
29ac37a011bd876,NHTSA Same Incident ID,JUN-2024,Phoenix,AZ,Waymo LLC,30270-8634,09f6e9bd642f040,No Injuries Reported,Jaguar,I-Pace,"Other, see Narrative",Street,ADS,Yes,1
2fae476084aa8d2,NHTSA Same Incident ID,JUN-2024,Tempe,AZ,Waymo LLC,30270-7969,b19cc252a27de4e,No Injuries Reported,Jaguar,I-Pace,"Other, see Narrative",Intersection,ADS,Yes,1
378c0e67de82ea5,NHTSA Same Incident ID,JUN-2024,Phoenix,AZ,Waymo LLC,30270-8020,b8ff4ec3e3740b8,No Injuries Reported,Jaguar,I-Pace,Passenger Car,Street,ADS,Yes,1
395270ce46157ae,NHTSA Same Incident ID,JUN-2024,San Francisco,CA,Waymo LLC,30270-8152,a408dead6df7aab,No Injuries Reported,Jaguar,I-Pace,"Other, see Narrative",Intersection,ADS,Yes,1
4d0e5e2a7e91285,NHTSA Same Incident ID,JUN-2024,San Francisco,CA,Waymo LLC,30270-7959,5f975470bb11f2c,Moderate,Jaguar,I-Pace,Passenger Car,Intersection,ADS,Yes,1
5371a715b4855ae,NHTSA Same Incident ID,JUN-2024,San Francisco,CA,Waymo LLC,30270-8131,55e1877612b3fc4,No Injuries Reported,Jaguar,I-Pace,Passenger Car,Street,ADS,Yes,1
614b6690f9da766,NHTSA Same Incident ID,JUN-2024,San Francisco,CA,Waymo LLC,30270-8150,d76983afd11c0bc,No Injuries Reported,Jaguar,I-Pace,SUV,Street,ADS,Yes,1
64ff58c25e10084,NHTSA Same Incident ID,JUN-2024,Houston,TX,Nuro,30291-7981,2cd83f9a657e9cc,No Injuries Reported,Toyota,Prius,Passenger Car,Intersection,ADS,Yes,1
6631b7a8dd06504,NHTSA Same Incident ID,JUN-2024,Los Angeles,CA,Waymo LLC,30270-8158,8b01c33676034f7,Minor,Jaguar,I-Pace,Passenger Car,Intersection,ADS,Yes,1
6b3c02f4aa88803,NHTSA Same Incident ID,JUN-2024,Chandler,AZ,Waymo LLC,30270-8146,60cb1d8004eced0,No Injuries Reported,Jaguar,I-Pace,"Other, see Narrative",Street,ADS,Yes,1
6eb8a5394a4b5cc,NHTSA Same Incident ID,JUN-2024,SPRING,TX,"Aurora Operations, Inc.;PACCAR Incorporated",30530-7891;988-7915,c17a0b0dda7bae8,No Injuries Reported,Peterbilt,579,"Other, see Narrative",Highway / Freeway,ADS,Yes,2
7efef5aa622ea74,NHTSA Same Incident ID,JUN-2024,Marina Del Rey,CA,Transdev Alternative Services;Waymo LLC,30270-8125;30531-8162,240b17854c3702c,No Injuries Reported,Jaguar,I-Pace,Passenger Car,Intersection,ADS,Yes,2
84419d4c22f3fd7,NHTSA Same Incident ID,JUN-2024,San Francisco,CA,Waymo LLC,30270-8134,1792591cf154260,No Injuries Reported,Jaguar,I-Pace,First Responder Vehicle,Street,ADS,Yes,1
856b17069da7478,NHTSA Same Incident ID,JUN-2024,San Francisco,CA,Waymo LLC,30270-7839,d954beb5defd2fa,No Injuries Reported,Jaguar,I-Pace,SUV,Intersection,ADS,Yes,1
88cda6faf7e7791,NHTSA Same Incident ID,JUN-2024,San Francisco,CA,Waymo LLC,30270-8021,e0846443b7c6da5,No Injuries Reported,Jaguar,I-Pace,Passenger Car,Intersection,ADS,Yes,1
88ebc78ffa54a7c,NHTSA Same Incident ID,JUN-2024,San Francisco,CA,Waymo LLC,30270-7998,2fbc0f5aa555048,No Injuries Reported,Jaguar,I-Pace,Passenger Car,Street,ADS,Yes,1
8fe153dbccf449c,NHTSA Same Incident ID,JUN-2024,Phoenix,AZ,Waymo LLC,30270-8128,376c8139f54419f,No Injuries Reported,Jaguar,I-Pace,SUV,Street,ADS,Yes,1
911b3590883cc0b,NHTSA Same Incident ID,JUN-2024,Tempe,AZ,Waymo LLC,30270-8137,a4d6957f197d1df,No Injuries Reported,Jaguar,I-Pace,SUV,Street,ADS,Yes,1
92b7354aa48b3bd,NHTSA Same Incident ID,JUN-2024,Jacksonville,FL,"Beep, Inc.;Oxbotica",30490-8091;33475-8060,3233ad5b9942f58,No Injuries Reported,Local Motors (LOCM),Olli 2.0 Shuttle,Van,Parking Lot,ADS,"[REDACTED, MAY CONTAIN CONFIDENTIAL BUSINESS INFORMATION]",2
937b4d4b37c47c1,NHTSA Same Incident ID,JUN-2024,San Francisco,CA,Waymo LLC,30270-7855,d6215a1693f2a48,No Injuries Reported,Jaguar,I-Pace,Passenger Car,Street,ADS,Yes,1
953c721f42601fc,NHTSA Same Incident ID,JUN-2024,San Francisco,CA,Waymo LLC,30270-8127,54438cbdb57334f,No Injuries Reported,Jaguar,I-Pace,Passenger Car,Street,ADS,Yes,1
95bda79c9ba41b5,NHTSA Same Incident ID,JUN-2024,Scottsdale,AZ,Waymo LLC,30270-7842,e94c3b2fa53af4e,No Injuries Reported,Jaguar,I-Pace,Motorcycle,Intersection,ADS,Yes,1
98395fc467339a6,NHTSA Same Incident ID,JUN-2024,Austin,TX,"Volkswagen Group of America, Inc.",1420-7995,356ed66f2e167f3,No Injuries Reported,Volkswagen,ID.Buzz,SUV,Street,ADS,Yes,1
REPORT:33175-9303,Report ID fallback,JUN-2024,Austin,TX,Mobileye Vision Technologies,33175-9303,,No Injuries Reported,Volkswagen,ID.Buzz,SUV,Street,ADS,"Unknown, see Narrative",1
a44514c80a6c2d2,NHTSA Same Incident ID,JUN-2024,San Francisco,CA,Waymo LLC,30270-8139,c01ea2068860b0f,No Injuries Reported,Jaguar,I-Pace,Passenger Car,Intersection,ADS,Yes,1
a95a53d3d5c107d,NHTSA Same Incident ID,JUN-2024,San Francisco,CA,Waymo LLC,30270-8141,cf47330bf588a9a,No Injuries Reported,Jaguar,I-Pace,Pickup Truck,Street,ADS,Yes,1
ab92f55b1bd5c9b,NHTSA Same Incident ID,JUN-2024,Los Angeles,CA,Waymo LLC,30270-8144,f5bb635090c4b1a,No Injuries Reported,Jaguar,I-Pace,SUV,Intersection,ADS,Yes,1
ac315e948c2c082,NHTSA Same Incident ID,JUN-2024,Santa Monica,CA,Waymo LLC,30270-8156,d642b99fb76068b,No Injuries Reported,Jaguar,I-Pace,SUV,Street,ADS,Yes,1
b0a31cdcac361e5,NHTSA Same Incident ID,JUN-2024,Los Angeles,CA,Waymo LLC,30270-8121,54dcf0b0f8114d9,No Injuries Reported,Jaguar,I-Pace,Passenger Car,Intersection,ADS,Yes,1
b212103e6d14d86,NHTSA Same Incident ID,JUN-2024,San Francisco,CA,Waymo LLC,30270-8130,5a236eb76dca3f5,No Injuries Reported,Jaguar,I-Pace,Passenger Car,Street,ADS,Yes,1
b675fcd1cb0dea3,NHTSA Same Incident ID,JUN-2024,San Jose,CA,WeRide Corp,30792-7917,ceb63bb34dc2166,No Injuries Reported,Nissan,Leaf,Passenger Car,Street,ADS,Yes,1
ca755a883e7d54b,NHTSA Same Incident ID,JUN-2024,San Francisco,CA,Waymo LLC,30270-8151,2b22fa78d5fa181,No Injuries Reported,Jaguar,I-Pace,SUV,Street,ADS,Yes,1
d5de86f17304363,NHTSA Same Incident ID,JUN-2024,Phoenix,AZ,Waymo LLC,30270-7883,c4c1d30bed93b05,No Injuries Reported,Jaguar,I-Pace,SUV,Parking Lot,ADS,Yes,1
d6ff7c26c42f9f3,NHTSA Same Incident ID,JUN-2024,Phoenix,AZ,Waymo LLC,30270-8124,a6b642eb78b0b79,No Injuries Reported,Jaguar,I-Pace,Heavy Truck,Street,ADS,Yes,1
edd7e50363a5b35,NHTSA Same Incident ID,JUN-2024,Phoenix,AZ,Waymo LLC,30270-8157,1a775515c7d2801,No Injuries Reported,Jaguar,I-Pace,Passenger Car,Parking Lot,ADS,Yes,1
f4620abf7e65afd,NHTSA Same Incident ID,JUN-2024,Santa Clara,CA,WeRide Corp,30792-8115,daf1774a01604d5,No Injuries Reported,Nissan,Leaf,Passenger Car,Street,"Unknown, see Narrative",Yes,1
f76f598e5f5f3af,NHTSA Same Incident ID,JUN-2024,Phoenix,AZ,Waymo LLC,30270-8120,3da2202cd33026f,No Injuries Reported,Jaguar,I-Pace,Animal,Street,ADS,Yes,1
0229e852164543d,NHTSA Same Incident ID,JUN-2025,Paradise,NV,Hyundai Motor America;Motional,30410-11101;669-11335,e16c87bc75c52e6,No Injured Reported,HYUNDAI,Ioniq 5,SUV,Intersection,ADS,"[REDACTED, MAY CONTAIN CONFIDENTIAL BUSINESS INFORMATION]",2
0b0b5b73819d9eb,NHTSA Same Incident ID,JUN-2025,Phoenix,AZ,Waymo LLC,30270-11013,198cbd52b165ea7,No Injuries Reported,Jaguar,I-Pace,Passenger Car,Street,ADS,Yes,1
100be7e36c21998,NHTSA Same Incident ID,JUN-2025,Guadalupe,AZ,Waymo LLC,30270-11214,011b3519bb36005,Property Damage. No Injured Reported,JAGUAR,I-PACE,Passenger Car,Street,ADS,Yes,1
1436cd07e601213,NHTSA Same Incident ID,JUN-2025,Los Angeles,CA,Waymo LLC,30270-11221,4db8a2c3757e481,Property Damage. No Injured Reported,JAGUAR,I-PACE,Pickup Truck,Street,ADS,Yes,1
14d3b0e6909827c,NHTSA Same Incident ID,JUN-2025,Chandler,AZ,Waymo LLC,30270-11174,5071b1e30878c2e,No Injured Reported,JAGUAR,I-PACE,Other Fixed Object,Parking Lot,ADS,Yes,1
1ebe907985a68ed,NHTSA Same Incident ID,JUN-2025,San Francisco,CA,Waymo LLC,30270-11162,6960d469d6a5c3e,Property Damage. No Injured Reported,JAGUAR,I-PACE,SUV,Street,ADS,Yes,1
24241fa3b4af301,NHTSA Same Incident ID,JUN-2025,Phoenix,AZ,Waymo LLC,30270-11087,92a927b3f78eb22,No Injuries Reported,Jaguar,I-Pace,Passenger Car,Street,ADS,Yes,1
243a5cc53e4d04a,NHTSA Same Incident ID,JUN-2025,Austin,TX,Waymo LLC,30270-11217,7748c1f8d3f6fe7,Property Damage. No Injured Reported,JAGUAR,I-PACE,Passenger Car,Street,ADS,Yes,1
27c3c22629eaab4,NHTSA Same Incident ID,JUN-2025,San Francisco,CA,Waymo LLC,30270-11298,4a5aa2740a4b9f2,Property Damage. No Injured Reported,JAGUAR,I-PACE,Heavy Truck,Street,ADS,Yes,1
2b573385de2630e,NHTSA Same Incident ID,JUN-2025,Austin,TX,Waymo LLC,30270-11085,3447c06688ab8ec,No Injuries Reported,Jaguar,I-Pace,SUV,Street,ADS,Yes,1
307f4bfc3e3f219,NHTSA Same Incident ID,JUN-2025,Austin,TX,Avride Inc.,31101-11278,66a16bf385e7efa,Property Damage. No Injured Reported,HYUNDAI,Ioniq 5,Passenger Car,Intersection,ADS,Yes,1
35e1d72cfe04d8a,NHTSA Same Incident ID,JUN-2025,San Francisco,CA,Waymo LLC,30270-11016,b90eacc91cb4466,Moderate,Jaguar,I-Pace,Non-Motorist: Other,Street,ADS,Yes,1
37a20226020034f,NHTSA Same Incident ID,JUN-2025,Scottsdale,AZ,Waymo LLC,30270-11275,02e5cad27058cb7,Property Damage. No Injured Reported,JAGUAR,I-PACE,"Other, see Narrative",Street,ADS,Yes,1
3e4bdc3fd6cfce4,NHTSA Same Incident ID,JUN-2025,Phoenix,AZ,Waymo LLC,30270-11160,e85214d27e4fea9,Property Damage. No Injured Reported,JAGUAR,I-PACE,Passenger Car,Intersection,ADS,Yes,1
3ef33e040b7b3dc,NHTSA Same Incident ID,JUN-2025,San Francisco,CA,Waymo LLC,30270-11046,787d8e13705ed24,No Injuries Reported,Jaguar,I-Pace,Passenger Car,Street,ADS,Yes,1
4092827daacbd54,NHTSA Same Incident ID,JUN-2025,San Francisco,CA,Waymo LLC,30270-11163,07ef63da89df93e,Property Damage. No Injured Reported,JAGUAR,I-PACE,Van,Street,ADS,Yes,1
4104ed1258e00d3,NHTSA Same Incident ID,JUN-2025,Los Angeles,CA,Waymo LLC,30270-11250,a3e592910d251ff,Property Damage. No Injured Reported,JAGUAR,I-PACE,Van,Street,ADS,Yes,1
42878cba1145d4c,NHTSA Same Incident ID,JUN-2025,Scottsdale,AZ,Waymo LLC,30270-11167,2fa7c86551a0876,Property Damage. No Injured Reported,JAGUAR,I-PACE,Passenger Car,Street,ADS,Yes,1
4304f70c342cd2e,NHTSA Same Incident ID,JUN-2025,Los Angeles,CA,Waymo LLC,30270-11249,c2c720898dc1a92,Property Damage. No Injured Reported,JAGUAR,I-PACE,Pickup Truck,Street,ADS,Yes,1
45b0caba122b97f,NHTSA Same Incident ID,JUN-2025,Austin,TX,Waymo LLC,30270-11146,8f344f838cfd700,Property Damage. No Injured Reported,JAGUAR,I-PACE,"Other, see Narrative",Street,ADS,Yes,1
47713b36db6b69b,NHTSA Same Incident ID,JUN-2025,San Francisco,CA,"Zoox, Inc.",30610-11331,69e6868ac2b0e76,No Injured Reported,TOYOTA,Highlander,Passenger Car,Street,ADS,Yes,1
48a69df2a6c3a88,NHTSA Same Incident ID,JUN-2025,Phoenix,AZ,Waymo LLC,30270-11204,df84fa8aece7066,No Injured Reported,JAGUAR,I-PACE,Van,Parking Lot,ADS,Yes,1
4b9386726e6715e,NHTSA Same Incident ID,JUN-2025,Austin,TX,Waymo LLC,30270-11208,105423dedd0a22f,Property Damage. No Injured Reported,JAGUAR,I-PACE,SUV,Intersection,ADS,Yes,1
4e9b36dcecf6185,NHTSA Same Incident ID,JUN-2025,Mesa,AZ,Waymo LLC,30270-11224,101ca9eb2e2c6ed,Property Damage. No Injured Reported,JAGUAR,I-PACE,SUV,Street,ADS,Yes,1
52f4d4273b22dfc,NHTSA Same Incident ID,JUN-2025,Austin,TX,Waymo LLC,30270-11212,7ebedc3d7f56e9b,Minor W/O Hospitalization,JAGUAR,I-PACE,SUV,Street,ADS,Yes,1
54ca405cf28eaf0,NHTSA Same Incident ID,JUN-2025,Atlanta,GA,Waymo LLC,30270-11276,79055fc7011c55b,Property Damage. No Injured Reported,JAGUAR,I-PACE,SUV,Street,ADS,Yes,1
563b9b640f3a007,NHTSA Same Incident ID,JUN-2025,Austin,TX,Waymo LLC,30270-11291,34cafac569b5647,Property Damage. No Injured Reported,JAGUAR,I-PACE,Heavy Truck,Intersection,ADS,Yes,1
56830e4872a9456,NHTSA Same Incident ID,JUN-2025,Santa Monica,CA,Waymo LLC,30270-11207,9ff684673df8aff,Property Damage. No Injured Reported,JAGUAR,I-PACE,Passenger Car,Street,ADS,Yes,1
5e09559e538f126,NHTSA Same Incident ID,JUN-2025,Phoenix,AZ,Waymo LLC,30270-11206,e801f0c281cadd6,Property Damage. No Injured Reported,JAGUAR,I-PACE,"Other, see Narrative",Intersection,ADS,Yes,1
5f13ffff6407733,NHTSA Same Incident ID,JUN-2025,Santa Clara,CA,Nuro,30291-11324,ebdb81033b796a2,No Injured Reported,TOYOTA,Prius,"Other, see Narrative",Street,ADS,"[REDACTED, MAY CONTAIN CONFIDENTIAL BUSINESS INFORMATION]",1
62c8177e09ec066,NHTSA Same Incident ID,JUN-2025,Los Angeles,CA,Waymo LLC,30270-11239,a89a25389d6b2e3,Property Damage. No Injured Reported,JAGUAR,I-PACE,"Other, see Narrative",Parking Lot,ADS,Yes,1
65b5f28a5b980bc,NHTSA Same Incident ID,JUN-2025,Austin,TX,Waymo LLC,30270-11173,f865ba97155e173,Property Damage. No Injured Reported,JAGUAR,I-PACE,Pickup Truck,Street,ADS,Yes,1
713a6738192af30,NHTSA Same Incident ID,JUN-2025,San Francisco,CA,Waymo LLC,30270-11044,3e0df0d9509ae6b,No Injuries Reported,Jaguar,I-Pace,Non-Motorist: Cyclist,Street,ADS,Yes,1
7412ebe4198c6d2,NHTSA Same Incident ID,JUN-2025,Los Angeles,CA,Waymo LLC,30270-11295,c4c8eaeb74fd38e,Property Damage. No Injured Reported,JAGUAR,I-PACE,Other Fixed Object,Parking Lot,ADS,Yes,1
75cce9e520f8dfa,NHTSA Same Incident ID,JUN-2025,Los Angeles,CA,Waymo LLC,30270-11193,7211e4fe80d04f9,Property Damage. No Injured Reported,JAGUAR,I-PACE,Other Fixed Object,Parking Lot,ADS,Yes,1
798ecf194f8aecb,NHTSA Same Incident ID,JUN-2025,Phoenix,AZ,Waymo LLC,30270-11190,5dfc67f0ba73f41,Property Damage. No Injured Reported,JAGUAR,I-PACE,Passenger Car,Intersection,ADS,Yes,1
7bbd2078dd35271,NHTSA Same Incident ID,JUN-2025,San Francisco,CA,Waymo LLC,30270-11210,de4cf277a5397e4,Property Damage. No Injured Reported,JAGUAR,I-PACE,Passenger Car,Street,ADS,Yes,1
7c41add3714a781,NHTSA Same Incident ID,JUN-2025,San Francisco,CA,Waymo LLC,30270-11014,b5b1925d35a914d,No Injuries Reported,Jaguar,I-Pace,Non-Motorist: Other,Street,ADS,Yes,1
7c50c5417863464,NHTSA Same Incident ID,JUN-2025,Austin,TX,Waymo LLC,30270-11088,ca62eeaf8438407,No Injuries Reported,Jaguar,I-Pace,Other Fixed Object,Parking Lot,ADS,Yes,1
828969da7ea904a,NHTSA Same Incident ID,JUN-2025,San Francisco,CA,Waymo LLC,30270-11194,285acda21cb9800,Property Damage. No Injured Reported,JAGUAR,I-PACE,SUV,Intersection,ADS,Yes,1
85c4a2c33c09848,NHTSA Same Incident ID,JUN-2025,Austin,TX,Waymo LLC,30270-11246,54a02e94e0a19eb,Property Damage. No Injured Reported,JAGUAR,I-PACE,Pickup Truck,Intersection,ADS,Yes,1
8756a4e64fc7a92,NHTSA Same Incident ID,JUN-2025,Los Angeles,CA,Waymo LLC,30270-11245,a2e2480e89f9781,Minor W/O Hospitalization,JAGUAR,I-PACE,SUV,Intersection,ADS,Yes,1
8ba574a9859120e,NHTSA Same Incident ID,JUN-2025,San Francisco,CA,Waymo LLC,30270-11171,abc389400e38684,Property Damage. No Injured Reported,JAGUAR,I-PACE,Van,Street,ADS,Yes,1
8d5cc926e03a30b,NHTSA Same Incident ID,JUN-2025,San Bruno,CA,Waymo LLC,30270-11195,5ea534fc5d6467f,Property Damage. No Injured Reported,JAGUAR,I-PACE,"Other, see Narrative",Street,ADS,Yes,1
8ddd6577855a5ad,NHTSA Same Incident ID,JUN-2025,Jacksonville,FL,"Beep, Inc.",30490-11294,1c46cfb87d83a4b,Property Damage. No Injured Reported,FORD,Transit,Passenger Car,Intersection,ADS,Yes,1
8f74f933df02374,NHTSA Same Incident ID,JUN-2025,Los Angeles,CA,Waymo LLC,30270-11172,52835348def3547,Property Damage. No Injured Reported,JAGUAR,I-PACE,SUV,Street,ADS,Yes,1
910fc9a34852241,NHTSA Same Incident ID,JUN-2025,San Francisco,CA,Waymo LLC,30270-11189,1b7dc32c40bb9b6,Property Damage. No Injured Reported,JAGUAR,I-PACE,Heavy Truck,Street,ADS,Yes,1
9230a22bfd4a593,NHTSA Same Incident ID,JUN-2025,San Francisco,CA,Waymo LLC,30270-10977,e61c32395715a3f,No Injuries Reported,Jaguar,I-Pace,Non-Motorist: Other,Street,ADS,Yes,1
92df21aac24163e,NHTSA Same Incident ID,JUN-2025,San Francisco,CA,Waymo LLC,30270-11192,c2a64ed47c0c99c,Minor W/ Hospitalization,JAGUAR,I-PACE,Passenger Car,Street,ADS,Yes,1
9d7ddaa65663896,NHTSA Same Incident ID,JUN-2025,Atlanta,GA,Waymo LLC,30270-11219,3484caaa1de941e,Minor W/O Hospitalization,JAGUAR,I-PACE,Heavy Truck,Street,ADS,Yes,1
a2efe3284b1523e,NHTSA Same Incident ID,JUN-2025,Phoenix,AZ,Waymo LLC,30270-11216,cbd3f1f6c9a8cb6,Property Damage. No Injured Reported,JAGUAR,I-PACE,Passenger Car,Street,ADS,Yes,1
a8e572e7851e54b,NHTSA Same Incident ID,JUN-2025,Scottsdale,AZ,Waymo LLC,30270-11015,da5e9f4ad5d7a66,No Injuries Reported,Jaguar,I-Pace,Pickup Truck,Street,ADS,Yes,1
aa0c42b0656126e,NHTSA Same Incident ID,JUN-2025,Tempe,AZ,Waymo LLC,30270-11161,f74b36a5b393b98,Property Damage. No Injured Reported,JAGUAR,I-PACE,"Other, see Narrative",Parking Lot,ADS,Yes,1
b0269ca273ce3a0,NHTSA Same Incident ID,JUN-2025,Austin,TX,Waymo LLC,30270-11247,9244b172b2937e3,Property Damage. No Injured Reported,JAGUAR,I-PACE,Heavy Truck,Street,ADS,Yes,1
b35c9f7b09a4ce1,NHTSA Same Incident ID,JUN-2025,Las Vegas,NV,"Zoox, Inc.",30610-11096,3f0dc145777f442,No Injuries Reported,Zoox,sedan,SUV,Street,ADS,Yes,1
c0ee7d51a32a7da,NHTSA Same Incident ID,JUN-2025,Jacksonville,FL,Oxbotica,33475-11343,1c46cfb87d83a4b,Property Damage. No Injured Reported,FORD,Transit,SUV,Intersection,ADS,Yes,1
c1816d4e297b197,NHTSA Same Incident ID,JUN-2025,Chandler,AZ,Waymo LLC,30270-11209,f48582523327e68,No Injured Reported,JAGUAR,I-PACE,Other Fixed Object,Parking Lot,ADS,Yes,1
c5dde17f2aed8f4,NHTSA Same Incident ID,JUN-2025,San Francisco,CA,Waymo LLC,30270-11244,c074f592f8aaed7,Property Damage. No Injured Reported,JAGUAR,I-PACE,SUV,Intersection,ADS,Yes,1
c68e8513eb8aa59,NHTSA Same Incident ID,JUN-2025,San Francisco,CA,"Zoox, Inc.",30610-10999,3eb00c0937ddc01,No Injuries Reported,Toyota,Highlander,"Other, see Narrative",Street,ADS,Yes,1
d255c89929a41d5,NHTSA Same Incident ID,JUN-2025,San Francisco,CA,Waymo LLC,30270-11218,4a2482e004c0ef7,Property Damage. No Injured Reported,JAGUAR,I-PACE,Bus,Intersection,ADS,Yes,1
d470944e83ae37e,NHTSA Same Incident ID,JUN-2025,San Francisco,CA,Waymo LLC,30270-11196,3d7a03e316ec104,Property Damage. No Injured Reported,JAGUAR,I-PACE,Pickup Truck,Street,ADS,Yes,1
d63b77ecc314557,NHTSA Same Incident ID,JUN-2025,Miami,FL,Waymo LLC,30270-11215,0c1e9551cc957f9,Property Damage. No Injured Reported,JAGUAR,I-PACE,Passenger Car,Street,ADS,Yes,1
d6a987c7a05b960,NHTSA Same Incident ID,JUN-2025,San Francisco,CA,Waymo LLC,30270-11213,78b0ac87498dbdf,Property Damage. No Injured Reported,JAGUAR,I-PACE,Bus,Street,ADS,Yes,1
d92b1cca4d554fc,NHTSA Same Incident ID,JUN-2025,Venice,CA,Waymo LLC,30270-10998,fd03fbabacd53ce,No Injuries Reported,Jaguar,I-Pace,Pickup Truck,Street,ADS,Yes,1
dadd18ab4cc4fcb,NHTSA Same Incident ID,JUN-2025,San Francisco,CA,Waymo LLC,30270-11205,8532dedf081c3c2,Minor W/ Hospitalization,JAGUAR,I-PACE,Non-Motorist: Cyclist,Intersection,ADS,Yes,1
e00539d9dd3e204,NHTSA Same Incident ID,JUN-2025,San Francisco,CA,Waymo LLC,30270-11170,46b3799ef969057,Property Damage. No Injured Reported,JAGUAR,I-PACE,Passenger Car,Street,ADS,Yes,1
e2bb33f022e4ab9,NHTSA Same Incident ID,JUN-2025,Paradise,NV,"Zoox, Inc.",30610-11166,0068afb8e0f4652,Property Damage. No Injured Reported,TOYOTA,Highlander,Pickup Truck,Street,ADS,Yes,1
e6591dfdcc2f4ce,NHTSA Same Incident ID,JUN-2025,San Francisco,CA,Waymo LLC,30270-11225,f26490b3ea780c2,Property Damage. No Injured Reported,JAGUAR,I-PACE,Passenger Car,Street,ADS,Yes,1
ea11ad2f69fa240,NHTSA Same Incident ID,JUN-2025,Scottsdale,AZ,Waymo LLC,30270-11220,b5be96ad288a508,Property Damage. No Injured Reported,JAGUAR,I-PACE,"Other, see Narrative",Street,ADS,Yes,1
fb4ea910520b2d9,NHTSA Same Incident ID,JUN-2025,Austin,TX,Waymo LLC,30270-11238,fc430eff53d2ba1,Property Damage. No Injured Reported,JAGUAR,I-PACE,Passenger Car,Intersection,ADS,Yes,1
fbb0b4e7ac9e1d9,NHTSA Same Incident ID,JUN-2025,Phoenix,AZ,Waymo LLC,30270-11177,fcda46c5029adeb,Property Damage. No Injured Reported,JAGUAR,I-PACE,SUV,Intersection,ADS,Yes,1
fe63eedaba9ae4b,NHTSA Same Incident ID,JUN-2025,San Francisco,CA,Waymo LLC,30270-11175,d319491d208a25b,Property Damage. No Injured Reported,JAGUAR,I-PACE,SUV,Street,ADS,Yes,1
00b490148a8132f,NHTSA Same Incident ID,JUN-2026,Beverly Hills,CA,Waymo LLC,30270-15744,cff3f006dc1084d,Property Damage. No Injured Reported,JAGUAR,I-PACE,Passenger Car,Street,ADS,Yes,1
00bf04137c6fe51,NHTSA Same Incident ID,JUN-2026,Dallas,TX,Avride Inc.,31101-15555,a995aba8aed5a03,Property Damage. No Injured Reported,HYUNDAI,Ioniq 5,Pickup Truck,Intersection,ADS,Yes,1
025397c44a5648d,NHTSA Same Incident ID,JUN-2026,San Francisco,CA,Waymo LLC,30270-15393,93a9398b4b87a51,Property Damage. No Injured Reported,JAGUAR,I-PACE,Passenger Car,Street,ADS,Yes,1
03304001d6f328a,NHTSA Same Incident ID,JUN-2026,Atlanta,GA,Waymo LLC,30270-15658,45e98b772cf8695,Property Damage. No Injured Reported,JAGUAR,I-PACE,Heavy Truck,Parking Lot,ADS,Yes,1
0407051edee148a,NHTSA Same Incident ID,JUN-2026,San Francisco,CA,Waymo LLC,30270-15401,ebc1e9e1f5caa66,Property Damage. No Injured Reported,JAGUAR,I-PACE,Non-Motorist: Scooter - Skateboard,Street,ADS,Yes,1
04975f9cbbbb0e2,NHTSA Same Incident ID,JUN-2026,San Francisco,CA,Waymo LLC,30270-15301,db8ad4169cf7e4c,Unknown,JAGUAR,I-PACE,Motorcycle,Street,ADS,Yes,1
05d79864bf40427,NHTSA Same Incident ID,JUN-2026,Atlanta,GA,Waymo LLC,30270-15362,450b288c5c8a114,Property Damage. No Injured Reported,JAGUAR,I-PACE,"Other, see Narrative",Street,ADS,Yes,1
06da8374e99eb68,NHTSA Same Incident ID,JUN-2026,San Francisco,CA,Waymo LLC,30270-15346,81dd10bee130a88,Property Damage. No Injured Reported,JAGUAR,I-PACE,SUV,Street,ADS,Yes,1
0979687e38f8f78,NHTSA Same Incident ID,JUN-2026,San Bruno,CA,Waymo LLC,30270-15484,54619800d29806c,Property Damage. No Injured Reported,JAGUAR,I-PACE,Pickup Truck,Street,ADS,Yes,1
09b5a4e89f27448,NHTSA Same Incident ID,JUN-2026,San Francisco,CA,Waymo LLC,30270-15403,374eec2914ce79c,Property Damage. No Injured Reported,JAGUAR,I-PACE,Animal,Street,ADS,Yes,1
0a63600257475a2,NHTSA Same Incident ID,JUN-2026,Scottsdale,AZ,Waymo LLC,30270-15671,dec0f7f91c21b6f,Property Damage. No Injured Reported,JAGUAR,I-PACE,Other Fixed Object,Parking Lot,ADS,Yes,1
1358e3b8e968ed0,NHTSA Same Incident ID,JUN-2026,Los Angeles,CA,Waymo LLC,30270-15374,d1cae4380110219,Property Damage. No Injured Reported,JAGUAR,I-PACE,Heavy Truck,Street,ADS,Yes,1
136c91e7f6d7ad8,NHTSA Same Incident ID,JUN-2026,Los Angeles,CA,Waymo LLC,30270-15641,a500fec8573581f,Property Damage. No Injured Reported,JAGUAR,I-PACE,Heavy Truck,Intersection,ADS,Yes,1
1b47718a1437a9f,NHTSA Same Incident ID,JUN-2026,Dallas,TX,Avride Inc.,31101-15477,8f788cf274c93b3,No Injured Reported,HYUNDAI,Ioniq 5,Passenger Car,Street,ADS,Yes,1
1d06b188ebcc8fd,NHTSA Same Incident ID,JUN-2026,Austin,TX,Waymo LLC,30270-15672,340e632750d36a5,Property Damage. No Injured Reported,JAGUAR,I-PACE,Passenger Car,Street,ADS,Yes,1
1e1e7b463e80871,NHTSA Same Incident ID,JUN-2026,Phoenix,AZ,Waymo LLC,30270-15398,093580f6b9aba6a,Property Damage. No Injured Reported,JAGUAR,I-PACE,SUV,Street,ADS,Yes,1
221c35a064eb9f9,NHTSA Same Incident ID,JUN-2026,Los Angeles,CA,Waymo LLC,30270-15353,6656f6c60fb6d7d,Property Damage. No Injured Reported,JAGUAR,I-PACE,Pickup Truck,Street,ADS,Yes,1
23e5092fb203585,NHTSA Same Incident ID,JUN-2026,San Francisco,CA,Waymo LLC,30270-15818,4edb4192b29d35b,Property Damage. No Injured Reported,JAGUAR,I-PACE,Passenger Car,Intersection,ADS,Yes,1
242bac300a49be8,NHTSA Same Incident ID,JUN-2026,Los Angeles,CA,Waymo LLC,30270-15629,a83fa3b17285385,Property Damage. No Injured Reported,JAGUAR,I-PACE,Pickup Truck,Street,ADS,Yes,1
28af066410d3d0a,NHTSA Same Incident ID,JUN-2026,Lowell,AR,Gatik AI Inc.,30451-15790,adc80eddc65343b,Property Damage. No Injured Reported,ISUZU,FVR,Heavy Truck,Street,ADS,Yes,1
2af27f27be5cdd0,NHTSA Same Incident ID,JUN-2026,Austin,TX,Waymo LLC,30270-15473,fbc392705616c62,Property Damage. No Injured Reported,JAGUAR,I-PACE,SUV,Parking Lot,ADS,Yes,1
2bd875cf276dd75,NHTSA Same Incident ID,JUN-2026,Los Angeles,CA,Waymo LLC,30270-15396,a79ed30947ab088,Property Damage. No Injured Reported,JAGUAR,I-PACE,SUV,Street,ADS,Yes,1
2e533ecc396fce2,NHTSA Same Incident ID,JUN-2026,Los Angeles,CA,Waymo LLC,30270-15549,db8826c7faa707a,Property Damage. No Injured Reported,JAGUAR,I-PACE,Passenger Car,Intersection,ADS,Yes,1
2eb2750db4f2ab9,NHTSA Same Incident ID,JUN-2026,Austin,TX,Waymo LLC,30270-15534,0f445a2c5539057,Property Damage. No Injured Reported,JAGUAR,I-PACE,SUV,Street,ADS,Yes,1
2fb6b17ec9d5bae,NHTSA Same Incident ID,JUN-2026,Houston,TX,Waymo LLC,30270-15577,37fd568d1ac909e,Property Damage. No Injured Reported,JAGUAR,I-PACE,"Other, see Narrative",Intersection,ADS,Yes,1
2ff0376b50ebae5,NHTSA Same Incident ID,JUN-2026,Los Angeles,CA,Waymo LLC,30270-15535,4bd709141951011,Property Damage. No Injured Reported,JAGUAR,I-PACE,SUV,Street,ADS,Yes,1
305e752c6430d93,NHTSA Same Incident ID,JUN-2026,Dallas,TX,Avride Inc.,31101-15475,b827169bf9ca26c,Property Damage. No Injured Reported,HYUNDAI,Ioniq 5,SUV,Intersection,ADS,Yes,1
33f9c198495abc8,NHTSA Same Incident ID,JUN-2026,Tempe,AZ,Waymo LLC,30270-15560,aeedf1304b7bfd5,Property Damage. No Injured Reported,JAGUAR,I-PACE,Pickup Truck,Parking Lot,ADS,Yes,1
375730eabf1796c,NHTSA Same Incident ID,JUN-2026,Beverly Hills,CA,Waymo LLC,30270-15664,c831ff48525db87,Property Damage. No Injured Reported,JAGUAR,I-PACE,SUV,Street,ADS,Yes,1
3b55ed352210cdf,NHTSA Same Incident ID,JUN-2026,Miami,FL,Waymo LLC,30270-15631,f1bec21b91c6b64,Property Damage. No Injured Reported,JAGUAR,I-PACE,Passenger Car,Unknown,ADS,Yes,1
3bb9c11e44dfe40,NHTSA Same Incident ID,JUN-2026,Las Vegas,NV,"Zoox, Inc.",30610-15541,5d6d6346af3aeaf,Minor W/ Hospitalization,ZOOX,Zoox,Pickup Truck,Intersection,ADS,Yes,1
3deea923dd70ef2,NHTSA Same Incident ID,JUN-2026,Austin,TX,Waymo LLC,30270-15470,3d25415c2630126,Property Damage. No Injured Reported,JAGUAR,I-PACE,Passenger Car,Intersection,ADS,Yes,1
3f049fd1f212039,NHTSA Same Incident ID,JUN-2026,Dallas,TX,Avride Inc.,31101-15391,ad80ff4deb77ab6,Property Damage. No Injured Reported,HYUNDAI,Ioniq 5,SUV,Street,ADS,Yes,1
4093fefb16c25f5,NHTSA Same Incident ID,JUN-2026,Dallas,TX,"Tesla, Inc.",13781-15808,033f34b3302a077,Property Damage. No Injured Reported,TESLA,Model Y,Passenger Car,Street,ADS,Yes,1
41ba6e02ad144d9,NHTSA Same Incident ID,JUN-2026,Los Angeles,CA,Waymo LLC,30270-15558,4acd146b81a9fd0,Property Damage. No Injured Reported,JAGUAR,I-PACE,SUV,Intersection,ADS,Yes,1
4366476607eca89,NHTSA Same Incident ID,JUN-2026,San Francisco,CA,"Zoox, Inc.",30610-15707,05761a25ee8fec9,Unknown,ZOOX,Zoox,Non-Motorist: Cyclist,Intersection,ADS,Yes,1
45640610b43a542,NHTSA Same Incident ID,JUN-2026,Los Angeles,CA,Waymo LLC,30270-15511,965bcf3ea94aad2,Property Damage. No Injured Reported,JAGUAR,I-PACE,Heavy Truck,Street,ADS,Yes,1
45c43ec2a3f4270,NHTSA Same Incident ID,JUN-2026,San Francisco,CA,Waymo LLC,30270-15661,b1e466934117815,Property Damage. No Injured Reported,JAGUAR,I-PACE,Pickup Truck,Street,ADS,Yes,1
47b2c684d32f1af,NHTSA Same Incident ID,JUN-2026,San Francisco,CA,Waymo LLC,30270-15347,786a6ef5fb045ed,Property Damage. No Injured Reported,JAGUAR,I-PACE,SUV,Street,ADS,Yes,1
47cf5170cf83841,NHTSA Same Incident ID,JUN-2026,Dallas,TX,Avride Inc.,31101-15578,e9380653930af17,Property Damage. No Injured Reported,HYUNDAI,Ioniq 5,SUV,Parking Lot,ADS,Yes,1
4974e1412309a92,NHTSA Same Incident ID,JUN-2026,Dallas,TX,Avride Inc.,31101-15554,28d0fe6e9b1a720,Property Damage. No Injured Reported,HYUNDAI,Ioniq 5,Pickup Truck,Intersection,ADS,Yes,1
49a1e71ee029b0c,NHTSA Same Incident ID,JUN-2026,Atlanta,GA,Waymo LLC,30270-15668,bf257737a03c3b5,Property Damage. No Injured Reported,JAGUAR,I-PACE,Passenger Car,Street,ADS,Yes,1
4a126f360629b70,NHTSA Same Incident ID,JUN-2026,Los Angeles,CA,Waymo LLC,30270-15593,7e72a6dd54a17e3,Minor W/ Hospitalization,JAGUAR,I-PACE,SUV,Street,ADS,Yes,1
4a4070e3cadc67a,NHTSA Same Incident ID,JUN-2026,Los Angeles,CA,Waymo LLC,30270-15425,340682fc4e29fc4,Property Damage. No Injured Reported,JAGUAR,I-PACE,"Other, see Narrative",Parking Lot,ADS,Yes,1
4ed3828343b5b98,NHTSA Same Incident ID,JUN-2026,Los Angeles,CA,Waymo LLC,30270-15594,ec86f28d40c46a5,Moderate W/O Hospitalization,ZEEKR,RT,Non-Motorist: Scooter - Skateboard,Street,ADS,Yes,1
5586a2747f69b63,NHTSA Same Incident ID,JUN-2026,Austin,TX,"Tesla, Inc.",13781-15342,ee5f459956b5174,Property Damage. No Injured Reported,TESLA,Model Y,SUV,Parking Lot,ADS,Yes,1
55c115acd2ea4d3,NHTSA Same Incident ID,JUN-2026,Miami,FL,Waymo LLC,30270-15662,a912f9a8e1f646d,Property Damage. No Injured Reported,JAGUAR,I-PACE,Passenger Car,Street,ADS,Yes,1
5af7f197a2189c1,NHTSA Same Incident ID,JUN-2026,Los Angeles,CA,Waymo LLC,30270-15500,04a02c9dbf68260,Property Damage. No Injured Reported,JAGUAR,I-PACE,Bus,Street,ADS,Yes,1
5b07ab8e3987e65,NHTSA Same Incident ID,JUN-2026,Phoenix,AZ,Waymo LLC,30270-15505,e4eadb78f24f1ec,Property Damage. No Injured Reported,JAGUAR,I-PACE,Other Fixed Object,Parking Lot,ADS,Yes,1
5c60ca37c26b42c,NHTSA Same Incident ID,JUN-2026,San Francisco,CA,Waymo LLC,30270-15665,6060f6e3fa3dfaf,Property Damage. No Injured Reported,JAGUAR,I-PACE,Passenger Car,Street,ADS,Yes,1
609f2323c3f015b,NHTSA Same Incident ID,JUN-2026,Miami,FL,Waymo LLC,30270-15494,200991a90e8ade6,Property Damage. No Injured Reported,JAGUAR,I-PACE,Passenger Car,Intersection,ADS,Yes,1
61eac6ee6bd0367,NHTSA Same Incident ID,JUN-2026,San Francisco,CA,Waymo LLC,30270-15482,8edf1fa23a73fb3,Property Damage. No Injured Reported,JAGUAR,I-PACE,SUV,Street,ADS,Yes,1
6426eefe9a84263,NHTSA Same Incident ID,JUN-2026,Las Vegas,NV,"Zoox, Inc.",30610-15822,3f0dc145777f442,Property Damage. No Injured Reported,ZOOX,Zoox,Non-Motorist: Other,Street,ADS,Yes,1
6634e84c69c18dd,NHTSA Same Incident ID,JUN-2026,Las Vegas,NV,"Zoox, Inc.",30610-15540,e6b23e3adc60b09,Property Damage. No Injured Reported,ZOOX,Zoox,Passenger Car,Street,ADS,Yes,1
69a76d4ab4c428a,NHTSA Same Incident ID,JUN-2026,Los Angeles,CA,Waymo LLC,30270-15635,5094cd2685f000c,Property Damage. No Injured Reported,JAGUAR,I-PACE,"Other, see Narrative",Street,ADS,Yes,1
69b4bfb94458b5c,NHTSA Same Incident ID,JUN-2026,Phoenix,AZ,Waymo LLC,30270-15710,c600320169a18cd,Property Damage. No Injured Reported,JAGUAR,I-PACE,Other Fixed Object,Parking Lot,ADS,Yes,1
6a20d07f9bbfd90,NHTSA Same Incident ID,JUN-2026,San Francisco,CA,Waymo LLC,30270-15352,94e8b47ece14f25,Property Damage. No Injured Reported,JAGUAR,I-PACE,Passenger Car,Street,ADS,Yes,1
6dd15b832c8ed48,NHTSA Same Incident ID,JUN-2026,Scottsdale,AZ,Waymo LLC,30270-15547,9b1c2b407c22e12,Serious W/ Hospitalization,JAGUAR,I-PACE,SUV,Street,ADS,Yes,1
6dd5489a060aecd,NHTSA Same Incident ID,JUN-2026,San Francisco,CA,Waymo LLC,30270-15674,5f115f715767ebe,Minor W/O Hospitalization,JAGUAR,I-PACE,Passenger Car,Street,ADS,Yes,1
6eb0013826abd0b,NHTSA Same Incident ID,JUN-2026,San Francisco,CA,Waymo LLC,30270-15344,ca1a44323b5b673,Property Damage. No Injured Reported,JAGUAR,I-PACE,Heavy Truck,Street,ADS,Yes,1
6f1e53fb8c87cd4,NHTSA Same Incident ID,JUN-2026,San Francisco,CA,Waymo LLC,30270-15350,24fa48cd19dee5d,Property Damage. No Injured Reported,JAGUAR,I-PACE,SUV,Street,ADS,Yes,1
6f1e8cc59e2ea27,NHTSA Same Incident ID,JUN-2026,Orlando,FL,Waymo LLC,30270-15468,6c2c2545355676f,Unknown,JAGUAR,I-PACE,Van,Street,ADS,Yes,1
6fe30e73d1bb8d1,NHTSA Same Incident ID,JUN-2026,Phoenix,AZ,Waymo LLC,30270-15576,4dced4e69c4d9ba,Property Damage. No Injured Reported,JAGUAR,I-PACE,Heavy Truck,Street,ADS,Yes,1
7137fbbc153b2bd,NHTSA Same Incident ID,JUN-2026,Mesa,AZ,Waymo LLC,30270-15498,4cbc1e9cf6b653e,Property Damage. No Injured Reported,JAGUAR,I-PACE,SUV,Street,ADS,Yes,1
7372116fd2a26e6,NHTSA Same Incident ID,JUN-2026,Los Angeles,CA,Waymo LLC,30270-15673,f483edd57e0b341,Property Damage. No Injured Reported,JAGUAR,I-PACE,Passenger Car,Street,ADS,Yes,1
755bbd9bfeb9e1a,NHTSA Same Incident ID,JUN-2026,San Francisco,CA,"Zoox, Inc.",30610-15826,05761a25ee8fec9,Property Damage. No Injured Reported,ZOOX,Zoox,Passenger Car,Street,ADS,Yes,1
76fe972e834cdb5,NHTSA Same Incident ID,JUN-2026,Austin,TX,"Zoox, Inc.",30610-15465,cf74640305f8524,Property Damage. No Injured Reported,TOYOTA,Highlander,Pickup Truck,Intersection,ADS,Yes,1
771be681329d854,NHTSA Same Incident ID,JUN-2026,Scottsdale,AZ,Waymo LLC,30270-15580,1ad6bda2b4d3633,Property Damage. No Injured Reported,JAGUAR,I-PACE,SUV,Street,ADS,Yes,1
785d7fc5acc5a61,NHTSA Same Incident ID,JUN-2026,Atlanta,GA,Waymo LLC,30270-15780,bd914ceec31704d,Property Damage. No Injured Reported,JAGUAR,I-PACE,SUV,Street,ADS,Yes,1
7aa09a38e51d178,NHTSA Same Incident ID,JUN-2026,Austin,TX,Waymo LLC,30270-15582,20071e540221b75,Property Damage. No Injured Reported,JAGUAR,I-PACE,Heavy Truck,Street,ADS,Yes,1
7aad2f639d9ebaa,NHTSA Same Incident ID,JUN-2026,Austin,TX,Waymo LLC,30270-15545,4a5bc3848bebc6d,Property Damage. No Injured Reported,JAGUAR,I-PACE,"Other, see Narrative",Parking Lot,ADS,Yes,1
7cf407372ae7b93,NHTSA Same Incident ID,JUN-2026,Los Angeles,CA,Waymo LLC,30270-15349,2aadd02d2317833,Property Damage. No Injured Reported,JAGUAR,I-PACE,SUV,Parking Lot,ADS,Yes,1
7dd2f1111b60db0,NHTSA Same Incident ID,JUN-2026,San Francisco,CA,Waymo LLC,30270-15583,123acc41ea129c1,Property Damage. No Injured Reported,JAGUAR,I-PACE,Heavy Truck,Street,ADS,Yes,1
7f3905efe57d2a6,NHTSA Same Incident ID,JUN-2026,San Francisco,CA,Waymo LLC,30270-15472,92f69ad8fda3751,Property Damage. No Injured Reported,JAGUAR,I-PACE,Van,Street,ADS,Yes,1
7f831d730349c04,NHTSA Same Incident ID,JUN-2026,San Francisco,CA,Waymo LLC,30270-15663,afd8fd71b8fc958,Property Damage. No Injured Reported,JAGUAR,I-PACE,Heavy Truck,Street,ADS,Yes,1
802c80ebf879b99,NHTSA Same Incident ID,JUN-2026,Tempe,AZ,Waymo LLC,30270-15660,7a96b958ba81549,Property Damage. No Injured Reported,JAGUAR,I-PACE,SUV,Parking Lot,ADS,Yes,1
86151cfd3ed71bb,NHTSA Same Incident ID,JUN-2026,Atlanta,GA,Waymo LLC,30270-15474,1b7f241a141e48f,Property Damage. No Injured Reported,JAGUAR,I-PACE,Heavy Truck,Street,ADS,Yes,1
8ab79bfd2d5b7eb,NHTSA Same Incident ID,JUN-2026,Las Vegas,NV,"Zoox, Inc.",30610-15638,d633ab4334419cf,Property Damage. No Injured Reported,TOYOTA,Highlander,Passenger Car,Street,ADS,Yes,1
8b578b5c3be9177,NHTSA Same Incident ID,JUN-2026,Los Angeles,CA,Waymo LLC,30270-15508,11b928653bc2015,Property Damage. No Injured Reported,JAGUAR,I-PACE,SUV,Street,ADS,Yes,1
8da785eec3187c9,NHTSA Same Incident ID,JUN-2026,San Francisco,CA,Waymo LLC,30270-15559,96a7a18181487b7,Property Damage. No Injured Reported,JAGUAR,I-PACE,SUV,Street,ADS,Yes,1
8f666d5db1507b9,NHTSA Same Incident ID,JUN-2026,San Francisco,CA,Waymo LLC,30270-15502,ee6ac5b4cf51a16,Property Damage. No Injured Reported,JAGUAR,I-PACE,SUV,Street,ADS,Yes,1
8ff98a0b5787033,NHTSA Same Incident ID,JUN-2026,San Francisco,CA,Waymo LLC,30270-15639,7674f4638011d57,Property Damage. No Injured Reported,JAGUAR,I-PACE,Passenger Car,Street,ADS,Yes,1
927962389e0220f,NHTSA Same Incident ID,JUN-2026,Nashville,TN,Waymo LLC,30270-15392,cb8bad41bdca594,Property Damage. No Injured Reported,JAGUAR,I-PACE,Van,Street,ADS,Yes,1
960f84364036c6d,NHTSA Same Incident ID,JUN-2026,Los Angeles,CA,Waymo LLC,30270-15360,4bd709141951011,Property Damage. No Injured Reported,JAGUAR,I-PACE,Passenger Car,Street,ADS,Yes,1
9e04d0a103ba209,NHTSA Same Incident ID,JUN-2026,Phoenix,AZ,Waymo LLC,30270-15592,f3eb22efb756435,Property Damage. No Injured Reported,JAGUAR,I-PACE,Passenger Car,Street,ADS,Yes,1
9fc806cd1d491d5,NHTSA Same Incident ID,JUN-2026,San Francisco,CA,Waymo LLC,30270-15636,9fab96bcca3005a,Unknown,JAGUAR,I-PACE,Non-Motorist: Pedestrian,Street,ADS,Yes,1
a1777d40f83a37a,NHTSA Same Incident ID,JUN-2026,Mountain View,CA,Waymo LLC,30270-15503,c25b449bcd7cdfa,Property Damage. No Injured Reported,JAGUAR,I-PACE,Pickup Truck,Street,ADS,Yes,1
a2dd94ce934265a,NHTSA Same Incident ID,JUN-2026,San Francisco,CA,Waymo LLC,30270-15586,61f9c84e4ff318f,Property Damage. No Injured Reported,JAGUAR,I-PACE,Passenger Car,Street,ADS,Yes,1
a5997e446eed08d,NHTSA Same Incident ID,JUN-2026,Austin,TX,Waymo LLC,30270-15634,7cf098b4ea2511f,Property Damage. No Injured Reported,JAGUAR,I-PACE,SUV,Street,ADS,Yes,1
a5c97133cf2d665,NHTSA Same Incident ID,JUN-2026,San Francisco,CA,Waymo LLC,30270-15348,a0d1b0499a39de5,Property Damage. No Injured Reported,JAGUAR,I-PACE,Heavy Truck,Street,ADS,Yes,1
a793375b9d6884d,NHTSA Same Incident ID,JUN-2026,Houston,TX,Waymo LLC,30270-15553,3ff00ccf6e53761,Property Damage. No Injured Reported,JAGUAR,I-PACE,"Other, see Narrative",Street,ADS,Yes,1
a86a98b59ceb46c,NHTSA Same Incident ID,JUN-2026,Tempe,AZ,Waymo LLC,30270-15637,632c1ca9ae71a37,Property Damage. No Injured Reported,JAGUAR,I-PACE,Pickup Truck,Street,ADS,Yes,1
aa1eefdd3021328,NHTSA Same Incident ID,JUN-2026,Los Angeles,CA,Waymo LLC,30270-15536,2db38f813b3bb15,Property Damage. No Injured Reported,ZEEKR,RT,Pickup Truck,Intersection,ADS,Yes,1
aa3db3d3553a05e,NHTSA Same Incident ID,JUN-2026,Austin,TX,Waymo LLC,30270-15557,9b116dab8f2f8dd,Property Damage. No Injured Reported,JAGUAR,I-PACE,SUV,Street,ADS,Yes,1
aedcdbfcb94c218,NHTSA Same Incident ID,JUN-2026,Los Angeles,CA,Waymo LLC,30270-15510,fdbf96d5e03fc50,Property Damage. No Injured Reported,JAGUAR,I-PACE,"Other, see Narrative",Street,ADS,Yes,1
b679b73ef4c034b,NHTSA Same Incident ID,JUN-2026,Chandler,AZ,Waymo LLC,30270-15356,a20388c0ace0c78,Property Damage. No Injured Reported,JAGUAR,I-PACE,SUV,Street,ADS,Yes,1
b83282f32aa9b0c,NHTSA Same Incident ID,JUN-2026,San Francisco,CA,Waymo LLC,30270-15590,a407013201be958,Property Damage. No Injured Reported,JAGUAR,I-PACE,Passenger Car,Street,ADS,Yes,1
bb192e5187082b6,NHTSA Same Incident ID,JUN-2026,San Francisco,CA,Waymo LLC,30270-15782,c73c0b1e1cfee64,Property Damage. No Injured Reported,JAGUAR,I-PACE,Passenger Car,Street,ADS,Yes,1
c38a03b491ef145,NHTSA Same Incident ID,JUN-2026,Austin,TX,Waymo LLC,30270-15469,fa1453c91a6a53d,Property Damage. No Injured Reported,JAGUAR,I-PACE,Heavy Truck,Street,ADS,Yes,1
c75f8248f8d2dce,NHTSA Same Incident ID,JUN-2026,Emeryville,CA,Waymo LLC,30270-15504,a75d799b23edd78,Minor W/O Hospitalization,JAGUAR,I-PACE,Passenger Car,Highway / Freeway,ADS,Yes,1
c831e8b26ab843b,NHTSA Same Incident ID,JUN-2026,Phoenix,AZ,Waymo LLC,30270-15670,f41c0fec780150a,Property Damage. No Injured Reported,JAGUAR,I-PACE,Pole / Tree,Parking Lot,ADS,Yes,1
cf3296ffcc7bdf9,NHTSA Same Incident ID,JUN-2026,San Francisco,CA,Waymo LLC,30270-15397,faff5b63bec4766,Property Damage. No Injured Reported,JAGUAR,I-PACE,Passenger Car,Street,ADS,Yes,1
cf887eff11bfdc9,NHTSA Same Incident ID,JUN-2026,San Francisco,CA,Waymo LLC,30270-15585,2e2ea000251f35c,Property Damage. No Injured Reported,JAGUAR,I-PACE,Pickup Truck,Street,ADS,Yes,1
d379326751d30fa,NHTSA Same Incident ID,JUN-2026,Los Angeles,CA,Waymo LLC,30270-15483,9ce87e9f64b38aa,Property Damage. No Injured Reported,JAGUAR,I-PACE,SUV,Street,ADS,Yes,1
da9f78dd9efbc3a,NHTSA Same Incident ID,JUN-2026,Austin,TX,Waymo LLC,30270-15675,76b8a0a96546904,Property Damage. No Injured Reported,JAGUAR,I-PACE,Passenger Car,Street,ADS,Yes,1
dae1536e7424c5e,NHTSA Same Incident ID,JUN-2026,Austin,TX,Waymo LLC,30270-15509,d70bb9b650aa2f2,Property Damage. No Injured Reported,JAGUAR,I-PACE,Passenger Car,Parking Lot,ADS,Yes,1
e099fb4bfb559ef,NHTSA Same Incident ID,JUN-2026,Miami,FL,Waymo LLC,30270-15640,d569978327dbf16,Property Damage. No Injured Reported,JAGUAR,I-PACE,"Other, see Narrative",Parking Lot,ADS,Yes,1
e173544d5302aa3,NHTSA Same Incident ID,JUN-2026,Denver,CO,Waymo LLC,30270-15666,eaa31d6895a7e4a,Property Damage. No Injured Reported,ZEEKR,RT,SUV,Street,ADS,Yes,1
e18652b03d3c35c,NHTSA Same Incident ID,JUN-2026,Beverly Hills,CA,Waymo LLC,30270-15642,1fc36c5073992f4,Property Damage. No Injured Reported,JAGUAR,I-PACE,Pickup Truck,Street,ADS,Yes,1
e3d40a36f727b1e,NHTSA Same Incident ID,JUN-2026,San Francisco,CA,Waymo LLC,30270-15584,5b17610c6bb8c35,Property Damage. No Injured Reported,JAGUAR,I-PACE,Heavy Truck,Intersection,ADS,Yes,1
e71e53e28d8c94e,NHTSA Same Incident ID,JUN-2026,Austin,TX,"Zoox, Inc.",30610-15827,174ff02744a62c5,Property Damage. No Injured Reported,TOYOTA,Highlander,Pickup Truck,Street,ADS,Yes,1
e87db228f241a04,NHTSA Same Incident ID,JUN-2026,Phoenix,AZ,Waymo LLC,30270-15471,e2729938b4be9e8,Minor W/O Hospitalization,JAGUAR,I-PACE,Passenger Car,Street,ADS,Yes,1
e99b4f1d99d1a64,NHTSA Same Incident ID,JUN-2026,Dallas,TX,Avride Inc.,31101-15587,0a9a935d6f85311,No Injured Reported,HYUNDAI,Ioniq 5,SUV,Intersection,ADS,Yes,1
ea9fc31791fb9b9,NHTSA Same Incident ID,JUN-2026,Atlanta,GA,Waymo LLC,30270-15497,d37abaa241b5311,Property Damage. No Injured Reported,JAGUAR,I-PACE,SUV,Street,ADS,Yes,1
eab08d64f46b023,NHTSA Same Incident ID,JUN-2026,Los Angeles,CA,Waymo LLC,30270-15551,a4d0f0ad1e6ba44,Property Damage. No Injured Reported,JAGUAR,I-PACE,"Other, see Narrative",Street,ADS,Yes,1
ebaaeeee8d9924a,NHTSA Same Incident ID,JUN-2026,Austin,TX,Waymo LLC,30270-15296,41a358e75cc2123,Property Damage. No Injured Reported,JAGUAR,I-PACE,Bus,Parking Lot,ADS,Yes,1
ebda2c940572e10,NHTSA Same Incident ID,JUN-2026,Austin,TX,"Tesla, Inc.",13781-15809,a98126405088cb3,Property Damage. No Injured Reported,TESLA,Model Y,SUV,Intersection,ADS,Yes,1
ed7a29287f4cbc0,NHTSA Same Incident ID,JUN-2026,Culver City,CA,Waymo LLC,30270-15546,e8442454dfc98c9,Property Damage. No Injured Reported,JAGUAR,I-PACE,SUV,Street,ADS,Yes,1
eeef4c3b6adf84c,NHTSA Same Incident ID,JUN-2026,Austin,TX,Avride Inc.,31101-15501,a917bd6c84e9d23,Property Damage. No Injured Reported,HYUNDAI,Ioniq 5,SUV,Intersection,ADS,Yes,1
f157ffe36415dcc,NHTSA Same Incident ID,JUN-2026,San Francisco,CA,Waymo LLC,30270-15633,0cf8420aa4bc01b,Property Damage. No Injured Reported,JAGUAR,I-PACE,Passenger Car,Street,ADS,Yes,1
f16394ad5598be9,NHTSA Same Incident ID,JUN-2026,Los Angeles,CA,Waymo LLC,30270-15659,67f4c36f368a0ce,Property Damage. No Injured Reported,JAGUAR,I-PACE,Passenger Car,Street,ADS,Yes,1
f4135e9bffae404,NHTSA Same Incident ID,JUN-2026,Austin,TX,Waymo LLC,30270-15552,7c21b9066f02ca5,Property Damage. No Injured Reported,JAGUAR,I-PACE,Passenger Car,Street,ADS,Yes,1
f4ac9d2f9da4aca,NHTSA Same Incident ID,JUN-2026,Miami,FL,Waymo LLC,30270-15653,464575e17d0888d,Property Damage. No Injured Reported,JAGUAR,I-PACE,SUV,Parking Lot,ADS,Yes,1
f89bed9069d7689,NHTSA Same Incident ID,JUN-2026,Las Vegas,NV,Motional,30410-15591,c583c2ccfbae783,No Injured Reported,HYUNDAI,Ioniq 5,Passenger Car,Street,ADS,Yes,1
fa5f1c553df1af6,NHTSA Same Incident ID,JUN-2026,Los Angeles,CA,Waymo LLC,30270-15507,93d5a97546851e5,Property Damage. No Injured Reported,ZEEKR,RT,Van,Street,ADS,Yes,1
fa6740d83180bda,NHTSA Same Incident ID,JUN-2026,San Francisco,CA,Waymo LLC,30270-15365,5ea9895f6706b95,Property Damage. No Injured Reported,JAGUAR,I-PACE,Heavy Truck,Street,ADS,Yes,1
fb5e907b5b28395,NHTSA Same Incident ID,JUN-2026,Las Vegas,NV,"Zoox, Inc.",30610-15628,e8b5cded940c5d2,Property Damage. No Injured Reported,ZOOX,Zoox,SUV,Street,ADS,Yes,1
fdf7787813c220d,NHTSA Same Incident ID,JUN-2026,Miami,FL,Waymo LLC,30270-15358,0fc188abf0be63f,Property Damage. No Injured Reported,JAGUAR,I-PACE,Pickup Truck,Street,ADS,Yes,1
febf5d971d9f01f,NHTSA Same Incident ID,JUN-2026,Phoenix,AZ,Waymo LLC,30270-15550,6db9967ca88c8eb,Property Damage. No Injured Reported,JAGUAR,I-PACE,Passenger Car,Street,ADS,Yes,1
078bbba609474d8,NHTSA Same Incident ID,MAR-2022,Phoenix,AZ,Waymo LLC,30270-2591,720a2c8a04ccf0d,Unknown,Jaguar,I-Pace,Passenger Car,Intersection,ADS,Yes,1
1d63fe48b844c16,NHTSA Same Incident ID,MAR-2022,Coral Gables,FL,Argo AI;Ford Motor Company,30290-2481;502-2479,1a89dae466c3bdd,Moderate,Ford,Escape,SUV,Traffic Circle,ADS,"[REDACTED, MAY CONTAIN CONFIDENTIAL BUSINESS INFORMATION]",2
3cb771235b0bfdc,NHTSA Same Incident ID,MAR-2022,San Francisco,CA,"Cruise LLC;General Motors, LLC",30412-2654;540-2706,d273b956f145a16,Moderate,Cruise,AV,Passenger Car,Street,ADS,"[REDACTED, MAY CONTAIN CONFIDENTIAL BUSINESS INFORMATION]",2
4b9badd8c2314e0,NHTSA Same Incident ID,MAR-2022,Tustin,CA,Pony.ai,30711-2666,3c0a1911f17aec1,No Injuries Reported,Hyundai,Kona EV,"Other, see Narrative",Street,ADS,Yes,1
50de63f80743bbd,NHTSA Same Incident ID,MAR-2022,San Francisco,CA,"Zoox, Inc.",30610-2584,1ccf97db22289e8,Minor,Toyota,Highlander,Non-Motorist: Other,Intersection,ADS,Yes,1
57cf0d88fbb5190,NHTSA Same Incident ID,MAR-2022,Phoenix,AZ,Waymo LLC,30270-2774,0c7d2b6074c7190,No Injuries Reported,Jaguar,I-Pace,SUV,Intersection,ADS,Yes,1
59e45d877dc8e66,NHTSA Same Incident ID,MAR-2022,San Francisco,CA,Waymo LLC,30270-2775,5a468e179f46349,No Injuries Reported,Jaguar,I-Pace,Passenger Car,Intersection,ADS,Yes,1
71233f2d25b765e,NHTSA Same Incident ID,MAR-2022,San Francisco,CA,"Cruise LLC;General Motors, LLC",30412-2588;540-2590,a3dbf2235f1daf1,Serious,Cruise,AV,Non-Motorist: Cyclist,Street,ADS,"[REDACTED, MAY CONTAIN CONFIDENTIAL BUSINESS INFORMATION]",2
803ff4d1cb60b2e,NHTSA Same Incident ID,MAR-2022,San Francisco,CA,"Zoox, Inc.",30610-2651,97156a6f45ace72,Minor,Toyota,Highlander,Passenger Car,Intersection,ADS,Yes,1
810ff5231ba3d6d,NHTSA Same Incident ID,MAR-2022,Phoenix,AZ,Waymo LLC,30270-2465,04f736aacb7513d,No Injuries Reported,Jaguar,I-Pace,Van,Intersection,ADS,Yes,1
8e5bfe2fb940434,NHTSA Same Incident ID,MAR-2022,San Francisco,CA,Waymo LLC,30270-2773,6cfe3de46d13cce,No Injuries Reported,Jaguar,I-Pace,SUV,Intersection,ADS,Yes,1
b6c5a51fe02a6c7,NHTSA Same Incident ID,MAR-2022,San Francisco,CA,"Cruise LLC;General Motors, LLC",30412-2593;540-2594,cb78e142f7d9e1d,No Injuries Reported,Cruise,AV,Pickup Truck,Street,ADS,"[REDACTED, MAY CONTAIN CONFIDENTIAL BUSINESS INFORMATION]",2
b87c3d684c9934c,NHTSA Same Incident ID,MAR-2022,San Francisco,CA,Waymo LLC,30270-2609,2c7a9a00277e615,No Injuries Reported,Jaguar,I-Pace,SUV,Intersection,ADS,Yes,1
d35bd0a494facfa,NHTSA Same Incident ID,MAR-2022,Miami,FL,Argo AI;Ford Motor Company,30290-2696;502-2751,238ab9f4a902425,No Injuries Reported,Ford,Fusion,Passenger Car,Intersection,ADS,"[REDACTED, MAY CONTAIN CONFIDENTIAL BUSINESS INFORMATION]",2
e0cdab99aaf1a1f,NHTSA Same Incident ID,MAR-2022,Los Angeles,CA,"Mercedes-Benz USA, LLC;Robert Bosch, LLC",1712-2474;855-2464,23b85ceefeb0e4d,Minor,EQS,450 4matic,Unknown,Parking Lot,ADS,"Unknown, see Narrative",2
ef4200310e24064,NHTSA Same Incident ID,MAR-2022,San Francisco,CA,Waymo LLC,30270-2605,3f5f631b7210b62,No Injuries Reported,Jaguar,I-Pace,SUV,Intersection,ADS,Yes,1
01fe1096ad10e2c,NHTSA Same Incident ID,MAR-2023,Paradise,NV,"Zoox, Inc.",30610-5224,95e36aed306c214,No Injuries Reported,Toyota,Highlander,Other Fixed Object,Street,ADS,Yes,1
0bdcd0947a69992,NHTSA Same Incident ID,MAR-2023,San Francisco,CA,"Cruise LLC;General Motors, LLC",30412-5242;540-5264,08f69614e937c8f,No Injuries Reported,Cruise,AV,"Other, see Narrative",Street,ADS,"[REDACTED, MAY CONTAIN CONFIDENTIAL BUSINESS INFORMATION]",2
188a9149e534fe8,NHTSA Same Incident ID,MAR-2023,San Francisco,CA,Transdev Alternative Services;Waymo LLC,30270-5320;30531-5328,e736a273624743b,No Injuries Reported,Jaguar,I-Pace,Passenger Car,Intersection,ADS,Yes,2
2b877b899692cdd,NHTSA Same Incident ID,MAR-2023,Phoenix,AZ,Waymo LLC,30270-5319,dd9c07aaa0d58c4,No Injuries Reported,Jaguar,I-Pace,Heavy Truck,Street,ADS,Yes,1
2d4a3a2b53be493,NHTSA Same Incident ID,MAR-2023,Tempe,AZ,Transdev Alternative Services;Waymo LLC,30270-5324;30531-5331,11bc4fb24b37091,Minor,Jaguar,I-Pace,Passenger Car,Street,ADS,Yes,2
3349adfc6b67eb6,NHTSA Same Incident ID,MAR-2023,San Francisco,CA,"Cruise LLC;General Motors, LLC",30412-5140;540-5141,fb03f78da2058ae,No Injuries Reported,Cruise,AV,Bus,Street,ADS,"[REDACTED, MAY CONTAIN CONFIDENTIAL BUSINESS INFORMATION]",2
382e76b026b6400,NHTSA Same Incident ID,MAR-2023,Los Angeles,CA,Transdev Alternative Services;Waymo LLC,30270-5325;30531-5335,9f856ec3c68a0d1,No Injuries Reported,Jaguar,I-Pace,SUV,Intersection,ADS,Yes,2
3858314d6e8eea8,NHTSA Same Incident ID,MAR-2023,Tempe,AZ,"Cruise LLC;General Motors, LLC",30412-4996;540-5000,c81bcb055117b58,Minor,Cruise,AV,Passenger Car,Intersection,ADS,"[REDACTED, MAY CONTAIN CONFIDENTIAL BUSINESS INFORMATION]",2
4c753d1707263d0,NHTSA Same Incident ID,MAR-2023,San Francisco,CA,"Cruise LLC;General Motors, LLC",30412-5136;540-5137,76a3f9b4fc1ff65,No Injuries Reported,Cruise,AV,"Other, see Narrative",Street,ADS,"[REDACTED, MAY CONTAIN CONFIDENTIAL BUSINESS INFORMATION]",2
5e8ac7239468e4d,NHTSA Same Incident ID,MAR-2023,Weatherford,TX,"Aurora Operations, Inc.;PACCAR Incorporated",30530-5289;988-5310,266606b641b9c42,No Injuries Reported,Peterbilt,579m,Passenger Car,Highway / Freeway,ADS,Yes,2
5f84ecec46032ea,NHTSA Same Incident ID,MAR-2023,San Francisco,CA,"Cruise LLC;General Motors, LLC",30412-5241;540-5263,ae1df9d4513164c,No Injuries Reported,Cruise,AV,"Other, see Narrative",Street,ADS,"[REDACTED, MAY CONTAIN CONFIDENTIAL BUSINESS INFORMATION]",2
623cbe4cd511622,NHTSA Same Incident ID,MAR-2023,San Francisco,CA,"Cruise LLC;General Motors, LLC",30412-4960;540-4965,cca48370ec39081,No Injuries Reported,Cruise,AV,Passenger Car,Intersection,ADS,"[REDACTED, MAY CONTAIN CONFIDENTIAL BUSINESS INFORMATION]",2
78d780d1f36e0c3,NHTSA Same Incident ID,MAR-2023,San Francisco,CA,Waymo LLC,30270-5318,efd736cb25da3bf,No Injuries Reported,Jaguar,I-Pace,Other Fixed Object,Parking Lot,ADS,Yes,1
88ecabe6fd44430,NHTSA Same Incident ID,MAR-2023,San Francisco,CA,"Cruise LLC;General Motors, LLC",30412-5229;540-5261,945ed534eba58b1,No Injuries Reported,Cruise,AV,Heavy Truck,Intersection,ADS,"[REDACTED, MAY CONTAIN CONFIDENTIAL BUSINESS INFORMATION]",2
91bc2053ec7b4b5,NHTSA Same Incident ID,MAR-2023,Tempe,AZ,Transdev Alternative Services;Waymo LLC,30270-5326;30531-5336,4d3dc5f194fb109,No Injuries Reported,Jaguar,I-Pace,Passenger Car,Intersection,ADS,Yes,2
a1cffff2c58a4a7,NHTSA Same Incident ID,MAR-2023,San Francisco,CA,Waymo LLC,30270-5114,5ea534fc5d6467f,No Injuries Reported,Jaguar,I-Pace,"Other, see Narrative",Street,ADS,Yes,1
a9b321d03f6693c,NHTSA Same Incident ID,MAR-2023,San Bruno,CA,Transdev Alternative Services;Waymo LLC,30270-5322;30531-5329,7ab5922ee64ed2d,No Injuries Reported,Jaguar,I-Pace,"Other, see Narrative",Highway / Freeway,ADS,Yes,2
bdb5ec9360c174d,NHTSA Same Incident ID,MAR-2023,San Francisco,CA,"Cruise LLC;General Motors, LLC",30412-5240;540-5262,6cabc2aab43387d,No Injuries Reported,Cruise,AV,Heavy Truck,Street,ADS,"[REDACTED, MAY CONTAIN CONFIDENTIAL BUSINESS INFORMATION]",2
ce612b3607697d1,NHTSA Same Incident ID,MAR-2023,San Francisco,CA,"Cruise LLC;General Motors, LLC",30412-5101;540-5102,69a0605270dcfea,No Injuries Reported,Cruise,AV,Passenger Car,Intersection,ADS,"Unknown, see Narrative",2
e994365318af0a9,NHTSA Same Incident ID,MAR-2023,San Francisco,CA,Transdev Alternative Services;Waymo LLC,30270-5323;30531-5330,a25ef0ac6ad29f4,No Injuries Reported,Jaguar,I-Pace,Passenger Car,Intersection,ADS,Yes,2
ee4ac7ef4aac9d9,NHTSA Same Incident ID,MAR-2023,San Francisco,CA,"Cruise LLC;General Motors, LLC",30412-5243;540-5265,6d0328a702d6455,No Injuries Reported,Cruise,AV,Passenger Car,Street,ADS,"[REDACTED, MAY CONTAIN CONFIDENTIAL BUSINESS INFORMATION]",2
ee7b4bbad8b4c29,NHTSA Same Incident ID,MAR-2023,Paradise,NV,"Zoox, Inc.",30610-5225,0d9547747a03581,No Injuries Reported,Toyota,Highlander,Pickup Truck,Intersection,ADS,Yes,1
00f3a9cace075f7,NHTSA Same Incident ID,MAR-2024,San Francisco,CA,Waymo LLC,30270-7423,54438cbdb57334f,No Injuries Reported,Jaguar,I-Pace,SUV,Street,ADS,Yes,1
07a39da372f5123,NHTSA Same Incident ID,MAR-2024,Phoenix,AZ,Waymo LLC,30270-7522,09f6e9bd642f040,No Injuries Reported,Jaguar,I-Pace,Passenger Car,Intersection,ADS,Yes,1
0e9f6e352bb1255,NHTSA Same Incident ID,MAR-2024,Tempe,AZ,Waymo LLC,30270-7530,89663f04ab829e5,No Injuries Reported,Jaguar,I-Pace,SUV,Street,ADS,Yes,1
0f177736731c7b2,NHTSA Same Incident ID,MAR-2024,San Francisco,CA,Transdev Alternative Services,30531-7368,abe8cab2679e248,No Injuries Reported,Jaguar,I-Pace,Passenger Car,Street,ADS,Yes,1
10f72ba4931873e,NHTSA Same Incident ID,MAR-2024,San Francisco,CA,Waymo LLC,30270-7306,d03d2b0c17de739,No Injuries Reported,Jaguar,I-Pace,Passenger Car,Intersection,ADS,Yes,1
1c44bd01b784a13,NHTSA Same Incident ID,MAR-2024,Los Angeles,CA,Waymo LLC,30270-7540,0dd888bb6f6c22d,No Injuries Reported,Jaguar,I-Pace,SUV,Street,ADS,Yes,1
2282a5d9e915876,NHTSA Same Incident ID,MAR-2024,Tempe,AZ,Waymo LLC,30270-7533,8421b5ab003ef6c,No Injuries Reported,Jaguar,I-Pace,Other Fixed Object,Street,ADS,Yes,1
30095ee7921bf41,NHTSA Same Incident ID,MAR-2024,Las Vegas,NV,"Zoox, Inc.",30610-7465,c1decd69a709a61,Minor,Toyota,Highlander,Pickup Truck,Street,ADS,Yes,1
3325b810acc75a3,NHTSA Same Incident ID,MAR-2024,Los Angeles,CA,Transdev Alternative Services;Waymo LLC,30270-7534;30531-7545,250836aa358d628,No Injuries Reported,Jaguar,I-Pace,Passenger Car,Intersection,ADS,Yes,2
3ef8a06dc504e92,NHTSA Same Incident ID,MAR-2024,San Francisco,CA,Waymo LLC,30270-7380,8728edfe6c7deed,Minor,Jaguar,I-Pace,Passenger Car,Street,ADS,Yes,1
460fab6d7160fd9,NHTSA Same Incident ID,MAR-2024,Paradise,NV,"Zoox, Inc.",30610-7464,46f9bd4d632bca8,No Injuries Reported,Toyota,Highlander,SUV,Street,ADS,Yes,1
60a42c20ba1d33e,NHTSA Same Incident ID,MAR-2024,San Francisco,CA,Waymo LLC,30270-7538,d787be300f2fdd7,No Injuries Reported,Jaguar,I-Pace,SUV,Street,ADS,Yes,1
6ca7e353b455b9f,NHTSA Same Incident ID,MAR-2024,Tempe,AZ,Waymo LLC,30270-7528,312cee7e826305d,No Injuries Reported,Jaguar,I-Pace,Passenger Car,Intersection,ADS,Yes,1
6eefb6c4b33df9d,NHTSA Same Incident ID,MAR-2024,San Francisco,CA,Transdev Alternative Services;Waymo LLC,30270-7523;30531-7546,374eec2914ce79c,No Injuries Reported,Jaguar,I-Pace,Pickup Truck,Street,ADS,Yes,2
6f824fc70e86827,NHTSA Same Incident ID,MAR-2024,Mesa,AZ,Waymo LLC,30270-7515,f6ce80fd458f116,No Injuries Reported,Jaguar,I-Pace,"Other, see Narrative",Intersection,ADS,Yes,1
72e764bd20c685a,NHTSA Same Incident ID,MAR-2024,San Francisco,CA,Waymo LLC,30270-7536,bdbc6e1e4284a36,No Injuries Reported,Jaguar,I-Pace,SUV,Street,ADS,Yes,1
870f825aa69bb61,NHTSA Same Incident ID,MAR-2024,Scottsdale,AZ,Waymo LLC,30270-7424,4466b328d9cf589,No Injuries Reported,Jaguar,I-Pace,Passenger Car,Street,ADS,Yes,1
907bc37d2fe6e31,NHTSA Same Incident ID,MAR-2024,San Francisco,CA,Waymo LLC,30270-7529,d1ad9f6bf4db571,No Injuries Reported,Jaguar,I-Pace,SUV,Intersection,ADS,Yes,1
92b9116e211750e,NHTSA Same Incident ID,MAR-2024,San Francisco,CA,Waymo LLC,30270-7543,8d2c8e1b95ad195,No Injuries Reported,Jaguar,I-Pace,"Other, see Narrative",Street,ADS,Yes,1
a2cf0c9aeb22dc5,NHTSA Same Incident ID,MAR-2024,Chandler,AZ,Waymo LLC,30270-7532,312cee7e826305d,No Injuries Reported,Jaguar,I-Pace,"Other, see Narrative",Street,ADS,Yes,1
b59f1d74abd787a,NHTSA Same Incident ID,MAR-2024,Chandler,AZ,Waymo LLC,30270-7527,bd18f7afbfb6bd0,No Injuries Reported,Jaguar,I-Pace,Passenger Car,Intersection,ADS,Yes,1
ba1fb00fc105f57,NHTSA Same Incident ID,MAR-2024,Phoenix,AZ,Waymo LLC,30270-7421,8f0d1a58cef152b,Minor,Jaguar,I-Pace,Passenger Car,Intersection,ADS,Yes,1
ba294ab6068621d,NHTSA Same Incident ID,MAR-2024,San Francisco,CA,Waymo LLC,30270-7525,1599ac052bcdb57,No Injuries Reported,Jaguar,I-Pace,Passenger Car,Street,ADS,Yes,1
ca49a6b2d74e2c0,NHTSA Same Incident ID,MAR-2024,Mountain View,CA,Nuro,30291-7361,445a40a6795ac4f,No Injuries Reported,Toyota,Prius,Other Fixed Object,Street,ADS,Yes,1
d5770d65e2e965b,NHTSA Same Incident ID,MAR-2024,Austin,TX,Transdev Alternative Services;Waymo LLC,30270-7541;30531-7548,be94d70cddb6506,No Injuries Reported,Jaguar,I-Pace,Heavy Truck,Intersection,ADS,Yes,2
ea43ae9eed8d13b,NHTSA Same Incident ID,MAR-2024,Barstow,TX,"Aurora Operations, Inc.;PACCAR Incorporated",30530-7475;988-7550,eef7ddcb9ef4832,No Injuries Reported,Peterbilt,579,Passenger Car,Highway / Freeway,ADS,Yes,2
ecde7079815be99,NHTSA Same Incident ID,MAR-2024,Phoenix,AZ,Waymo LLC,30270-7531,16e0623c0edc3e1,Minor,Jaguar,I-Pace,Pickup Truck,Intersection,ADS,Yes,1
edd0dfe2ad6011c,NHTSA Same Incident ID,MAR-2024,Los Angeles,CA,Waymo LLC,30270-7542,ee70d1945e4b3b0,No Injuries Reported,Jaguar,I-Pace,Passenger Car,Intersection,ADS,Yes,1
012fba9b1f4c28c,NHTSA Same Incident ID,MAR-2025,San Francisco,CA,Waymo LLC,30270-10443,5ca36a806c0d507,No Injuries Reported,Jaguar,I-Pace,Passenger Car,Street,ADS,Yes,1
034925e7c1a3566,NHTSA Same Incident ID,MAR-2025,Scottsdale,AZ,Waymo LLC,30270-10196,275f73fb6f3996f,No Injuries Reported,Jaguar,I-PACE,Passenger Car,Street,ADS,Yes,1
04571dd36a8589e,NHTSA Same Incident ID,MAR-2025,San Francisco,CA,Waymo LLC,30270-10347,5abf64e21df2b08,No Injuries Reported,Jaguar,I-Pace,Passenger Car,Street,ADS,Yes,1
05fabfc423de978,NHTSA Same Incident ID,MAR-2025,Las Vegas,NV,"Zoox, Inc.",30610-10294,2170c7f992d6d81,No Injuries Reported,Toyota,Highlander,SUV,Intersection,ADS,Yes,1
063193d08c16979,NHTSA Same Incident ID,MAR-2025,Los Angeles,CA,Waymo LLC,30270-10324,9e40c2babfb79c8,No Injuries Reported,Jaguar,I-Pace,Van,Street,ADS,Yes,1
068ce526db856cc,NHTSA Same Incident ID,MAR-2025,Los Angeles,CA,Waymo LLC,30270-10428,2be1b9a39636830,No Injuries Reported,Jaguar,I-PACE,Passenger Car,Street,ADS,Yes,1
0e46cead36f5a85,NHTSA Same Incident ID,MAR-2025,Phoenix,AZ,Waymo LLC,30270-10145,c2718181ee32573,No Injuries Reported,Jaguar,I-PACE,Passenger Car,Street,ADS,Yes,1
11e9a791b2b6ea6,NHTSA Same Incident ID,MAR-2025,Los Angeles,CA,Waymo LLC,30270-10360,ffa7f9ea6625ecf,No Injuries Reported,Jaguar,I-PACE,Passenger Car,Intersection,ADS,Yes,1
1303e3593d13604,NHTSA Same Incident ID,MAR-2025,Phoenix,AZ,Waymo LLC,30270-10318,eda7c5073ef1a6c,No Injuries Reported,Jaguar,I-Pace,SUV,Street,ADS,Yes,1
1938b649ef9a66a,NHTSA Same Incident ID,MAR-2025,Los Angeles,CA,Waymo LLC,30270-10364,d38a9c8870c899e,No Injuries Reported,Jaguar,I-PACE,SUV,Street,ADS,Yes,1
1da574bf86e86e6,NHTSA Same Incident ID,MAR-2025,San Francisco,CA,Waymo LLC,30270-10332,3a41fdf19a1379a,No Injuries Reported,Jaguar,I-PACE,Pickup Truck,Intersection,ADS,Yes,1
2b4ae7e6e7a0b7e,NHTSA Same Incident ID,MAR-2025,Los Angeles,CA,Waymo LLC,30270-10335,b5ce786e1bf0900,No Injuries Reported,Jaguar,I-Pace,SUV,Intersection,ADS,Yes,1
2f360dacf644b0d,NHTSA Same Incident ID,MAR-2025,San Francisco,CA,Waymo LLC,30270-10453,c25b449bcd7cdfa,No Injuries Reported,Jaguar,I-Pace,Pickup Truck,Street,ADS,Yes,1
3196dae38a5f098,NHTSA Same Incident ID,MAR-2025,Phoenix,AZ,Waymo LLC,30270-10427,1022c75a9f37dda,No Injuries Reported,Jaguar,I-PACE,Passenger Car,Intersection,ADS,Yes,1
3b84b8c3a920423,NHTSA Same Incident ID,MAR-2025,San Francisco,CA,Waymo LLC,30270-10349,c3868a60524aabc,No Injuries Reported,Jaguar,I-Pace,Motorcycle,Intersection,ADS,Yes,1
3c044b3ecff8e82,NHTSA Same Incident ID,MAR-2025,Austin,TX,Waymo LLC,30270-10329,6f16b913378434a,No Injuries Reported,Jaguar,I-Pace,SUV,Street,ADS,Yes,1
3c2713a1f402941,NHTSA Same Incident ID,MAR-2025,Austin,TX,Waymo LLC,30270-10328,f90c81fac5a1f26,No Injuries Reported,Jaguar,I-Pace,Passenger Car,Parking Lot,ADS,Yes,1
3f64f6051e66deb,NHTSA Same Incident ID,MAR-2025,Tempe,AZ,Waymo LLC,30270-10184,9c1e8659033f681,No Injuries Reported,Jaguar,I-Pace,Passenger Car,Parking Lot,ADS,Yes,1
41e60e15cc0ccfa,NHTSA Same Incident ID,MAR-2025,West Hollywood,CA,Waymo LLC,30270-10336,31e7a222dd92db2,No Injuries Reported,Jaguar,I-Pace,Passenger Car,Street,ADS,Yes,1
458edfd849fa8d3,NHTSA Same Incident ID,MAR-2025,Phoenix,AZ,Waymo LLC,30270-10330,69e81170d7f51a7,No Injuries Reported,Jaguar,I-Pace,SUV,Street,ADS,Yes,1
46521fc040435f1,NHTSA Same Incident ID,MAR-2025,Los Angeles,CA,Waymo LLC,30270-10221,cc12726ac69a233,No Injuries Reported,Jaguar,I-Pace,Passenger Car,Street,ADS,Yes,1
47a35c91f2ba98c,NHTSA Same Incident ID,MAR-2025,Austin,TX,Waymo LLC,30270-10346,967571892b1ac98,Minor,Jaguar,I-Pace,Pickup Truck,Street,ADS,Yes,1
513a4876d6f7df2,NHTSA Same Incident ID,MAR-2025,San Francisco,CA,Waymo LLC,30270-10344,6054018587d3c45,No Injuries Reported,Jaguar,I-Pace,Passenger Car,Street,ADS,Yes,1
52d204b4a4df1c5,NHTSA Same Incident ID,MAR-2025,Los Angeles,CA,Waymo LLC,30270-10337,abc756b53640e95,Minor,Jaguar,I-PACE,SUV,Street,ADS,Yes,1
542a8f6e1876cf2,NHTSA Same Incident ID,MAR-2025,San Francisco,CA,Waymo LLC,30270-10362,fc5dec8c098f30e,No Injuries Reported,Jaguar,I-PACE,Passenger Car,Street,ADS,Yes,1
58d4d4d7eae563a,NHTSA Same Incident ID,MAR-2025,Phoenix,AZ,Waymo LLC,30270-10175,f164822d88f8f48,No Injuries Reported,Jaguar,I-PACE,SUV,Street,ADS,Yes,1
5be32b07aabfb0a,NHTSA Same Incident ID,MAR-2025,Phoenix,AZ,Waymo LLC,30270-10381,8d1fad62a288528,Minor,Jaguar,I-PACE,SUV,Intersection,ADS,Yes,1
5caf4743543d731,NHTSA Same Incident ID,MAR-2025,San Francisco,CA,Waymo LLC,30270-10425,705d1bd1776b1ad,No Injuries Reported,Jaguar,I-PACE,Passenger Car,Street,ADS,Yes,1
5cd19a835b8ee72,NHTSA Same Incident ID,MAR-2025,San Francisco,CA,Waymo LLC,30270-10292,54bdbd8533c72f1,No Injuries Reported,Jaguar,I-Pace,Passenger Car,Street,ADS,Yes,1
622ea0e82c437fd,NHTSA Same Incident ID,MAR-2025,Los Angeles,CA,Waymo LLC,30270-10563,5ee26dfcd048807,No Injuries Reported,Jaguar,I-Pace,"Other, see Narrative",Street,ADS,Yes,1
6749366fff5ee51,NHTSA Same Incident ID,MAR-2025,San Francisco,CA,Waymo LLC,30270-10367,15f97c34d4c692d,No Injuries Reported,Jaguar,I-Pace,Heavy Truck,Intersection,ADS,Yes,1
68fe277ed2ee205,NHTSA Same Incident ID,MAR-2025,Los Angeles,CA,Waymo LLC,30270-10118,74c0f789e07e92e,No Injuries Reported,Jaguar,I-PACE,Heavy Truck,Street,ADS,Yes,1
6f8e41395fab5e8,NHTSA Same Incident ID,MAR-2025,Los Angeles,CA,Waymo LLC,30270-10323,31c9cef6355228c,No Injuries Reported,Jaguar,I-Pace,Animal,Street,ADS,Yes,1
700b400d685d07b,NHTSA Same Incident ID,MAR-2025,Austin,TX,Waymo LLC,30270-10450,fbc392705616c62,No Injuries Reported,Jaguar,I-Pace,Van,Street,ADS,Yes,1
7387be18790a2af,NHTSA Same Incident ID,MAR-2025,Beverly Hills,CA,Waymo LLC,30270-10327,9ce87e9f64b38aa,No Injuries Reported,Jaguar,I-Pace,SUV,Street,ADS,Yes,1
752528bbe983cc5,NHTSA Same Incident ID,MAR-2025,Austin,TX,Waymo LLC,30270-10361,d679437f7bf0305,No Injuries Reported,Jaguar,I-PACE,"Other, see Narrative",Street,ADS,Yes,1
75e7a29d5560dfe,NHTSA Same Incident ID,MAR-2025,San Francisco,CA,Waymo LLC,30270-10319,cd223ee0c0d774c,No Injuries Reported,Jaguar,I-Pace,Passenger Car,Street,ADS,Yes,1
77ba86fa433a2c4,NHTSA Same Incident ID,MAR-2025,Los Angeles,CA,Waymo LLC,30270-10320;30270-10321,ce2a69333b0f094,No Injuries Reported,Jaguar,I-Pace,Passenger Car,Street,ADS,Yes,2
7bfe9ff1d4dc189,NHTSA Same Incident ID,MAR-2025,Austin,TX,Waymo LLC,30270-10147,ee341e8288f94f8,No Injuries Reported,Jaguar,I-PACE,Pickup Truck,Street,ADS,Yes,1
7ed1cf3a8400c87,NHTSA Same Incident ID,MAR-2025,Los Angeles,CA,Waymo LLC,30270-10455,40e938bac6de702,No Injuries Reported,Jaguar,I-Pace,SUV,Street,ADS,Yes,1
82ab32ab92788c5,NHTSA Same Incident ID,MAR-2025,Las Vegas,NV,"Zoox, Inc.",30610-10516,18e0636c317f80e,No Injuries Reported,Toyota,Highlander,Passenger Car,Street,ADS,Yes,1
870bb81b8b87f76,NHTSA Same Incident ID,MAR-2025,Venice,CA,Waymo LLC,30270-10439,ae984a34c3207c6,No Injuries Reported,Jaguar,I-Pace,SUV,Street,ADS,Yes,1
8cadeeb4404ec67,NHTSA Same Incident ID,MAR-2025,Phoenix,AZ,Waymo LLC,30270-10435,98deb204146ceda,No Injuries Reported,Jaguar,I-Pace,Passenger Car,Street,ADS,Yes,1
8d93aa03f99ce3a,NHTSA Same Incident ID,MAR-2025,San Francisco,CA,Waymo LLC,30270-10317,3e0df0d9509ae6b,No Injuries Reported,Jaguar,I-Pace,Passenger Car,Street,ADS,Yes,1
915965fdc13a740,NHTSA Same Incident ID,MAR-2025,San Francisco,CA,Waymo LLC,30270-10449,a64814bf1ec68ee,No Injuries Reported,Jaguar,I-Pace,First Responder Vehicle,Street,ADS,Yes,1
92953b8c28a4f6c,NHTSA Same Incident ID,MAR-2025,Phoenix,AZ,Waymo LLC,30270-10174,71998e873ad6c5e,Minor,Jaguar,I-PACE,SUV,Street,ADS,Yes,1
9f7dced891ca3f9,NHTSA Same Incident ID,MAR-2025,Austin,TX,Avride Inc.,31101-10433,fda534917253b30,No Injuries Reported,Hyundai,Ioniq 5,Passenger Car,Street,"Unknown, see Narrative",Yes,1
9fc2807aedfa970,NHTSA Same Incident ID,MAR-2025,Odessa,TX,Kodiak Robotics;PACCAR Incorporated,30391-10295;988-10265,c287a5f63edf401,No Injuries Reported,Kenworth,T680,Pickup Truck,Highway / Freeway,ADS,Yes,2
a1a9f216f0b940f,NHTSA Same Incident ID,MAR-2025,San Francisco,CA,Waymo LLC,30270-10447,39edc3a2b668bd4,Minor,Jaguar,I-PACE,SUV,Street,ADS,Yes,1
a2fc403c2ef36ee,NHTSA Same Incident ID,MAR-2025,Los Angeles,CA,Waymo LLC,30270-10438,e7c7d499b6f8f51,No Injuries Reported,Jaguar,I-Pace,Pickup Truck,Intersection,ADS,Yes,1
a67d18fe1fddf3d,NHTSA Same Incident ID,MAR-2025,Inglewood,CA,Waymo LLC,30270-10488,901ac6c47f6f733,No Injuries Reported,Jaguar,I-Pace,Passenger Car,Street,ADS,Yes,1
a930be0f965eab9,NHTSA Same Incident ID,MAR-2025,Las Vegas,NV,"Zoox, Inc.",30610-10511,11cf7f140115c4a,No Injuries Reported,Toyota,Highlander,Passenger Car,Intersection,ADS,Yes,1
b014b9fd6ea6308,NHTSA Same Incident ID,MAR-2025,San Francisco,CA,Waymo LLC,30270-10451,d0ebac371478862,No Injuries Reported,Jaguar,I-Pace,SUV,Street,ADS,Yes,1
b839f9b509c626f,NHTSA Same Incident ID,MAR-2025,Los Angeles,CA,Waymo LLC,30270-10334,7b5e705adeea7e8,No Injuries Reported,Jaguar,I-PACE,Pickup Truck,Intersection,ADS,Yes,1
b9a25629aeaea8a,NHTSA Same Incident ID,MAR-2025,Mountain View,CA,Waymo LLC,30270-10338,c5314f385719a72,No Injuries Reported,Jaguar,I-Pace,Bus,Street,ADS,Yes,1
bb7242ab0c21676,NHTSA Same Incident ID,MAR-2025,San Francisco,CA,Waymo LLC,30270-10454,67fce9a33f73773,No Injuries Reported,Jaguar,I-PACE,Passenger Car,Street,ADS,Yes,1
bc3ae4369651c8d,NHTSA Same Incident ID,MAR-2025,Los Angeles,CA,Waymo LLC,30270-10421,63253074c9e64f2,No Injuries Reported,Jaguar,I-PACE,"Other, see Narrative",Street,ADS,Yes,1
bdc3fa454ba067e,NHTSA Same Incident ID,MAR-2025,San Francisco,CA,Waymo LLC,30270-10322,f5bad8f25c54711,No Injuries Reported,Jaguar,I-Pace,Passenger Car,Intersection,ADS,Yes,1
c38a1c64c446c4d,NHTSA Same Incident ID,MAR-2025,Los Angeles,CA,Waymo LLC,30270-10289,23b0138d7f69a3a,Minor,Jaguar,I-Pace,Passenger Car,Intersection,ADS,Yes,1
cd66eb3a1b6a758,NHTSA Same Incident ID,MAR-2025,San Francisco,CA,Waymo LLC,30270-10363,6054018587d3c45,No Injuries Reported,Jaguar,I-PACE,Passenger Car,Parking Lot,ADS,Yes,1
d40963f83336275,NHTSA Same Incident ID,MAR-2025,San Francisco,CA,Waymo LLC,30270-10446,9dfadc4748614b2,No Injuries Reported,Jaguar,I-PACE,Pickup Truck,Street,ADS,Yes,1
d6961ff52ac2e77,NHTSA Same Incident ID,MAR-2025,San Bernardino,CA,Waymo LLC,30270-10288,39cc9faced8effe,No Injuries Reported,Jaguar,I-Pace,"Other, see Narrative",Parking Lot,ADS,Yes,1
d8172af2d0c0f96,NHTSA Same Incident ID,MAR-2025,West Hollywood,CA,Waymo LLC,30270-10426,1dfd8c59429b499,No Injuries Reported,Jaguar,I-PACE,Passenger Car,Street,ADS,Yes,1
d8217fb75609518,NHTSA Same Incident ID,MAR-2025,Austin,TX,Waymo LLC,30270-10448,58de7f4311cc07b,No Injuries Reported,Jaguar,I-PACE,Heavy Truck,Street,ADS,Yes,1
da8340cc27778be,NHTSA Same Incident ID,MAR-2025,Los Angeles,CA,Waymo LLC,30270-10420,6028033716b9247,No Injuries Reported,Jaguar,I-PACE,Passenger Car,Intersection,ADS,Yes,1
ddfddee93e67fc1,NHTSA Same Incident ID,MAR-2025,Los Angeles,CA,Waymo LLC,30270-10380,50bbe94a2ce380c,Minor,Jaguar,I-PACE,Pickup Truck,Street,ADS,Yes,1
e33f02ba21bbc82,NHTSA Same Incident ID,MAR-2025,San Francisco,CA,Waymo LLC,30270-10182,e61c32395715a3f,No Injuries Reported,Jaguar,I-PACE,SUV,Intersection,ADS,Yes,1
e4b3555b35a51cb,NHTSA Same Incident ID,MAR-2025,Los Angeles,CA,Waymo LLC,30270-10343,462f0f802d34060,No Injuries Reported,Jaguar,I-Pace,Passenger Car,Intersection,ADS,Yes,1
e65533d2253e434,NHTSA Same Incident ID,MAR-2025,Los Angeles,CA,Waymo LLC,30270-10452,a3a67ca935f8b01,No Injuries Reported,Jaguar,I-Pace,SUV,Street,ADS,Yes,1
e890366425f92f4,NHTSA Same Incident ID,MAR-2025,San Francisco,CA,Waymo LLC,30270-10442,5dc1439eb5644a6,No Injuries Reported,Jaguar,I-Pace,Passenger Car,Street,ADS,Yes,1
e8db4ff944a1cc3,NHTSA Same Incident ID,MAR-2025,San Francisco,CA,Waymo LLC,30270-10444,7fd83066237e3fa,No Injuries Reported,Jaguar,I-Pace,Passenger Car,Street,ADS,Yes,1
e9322b299bac2dc,NHTSA Same Incident ID,MAR-2025,San Francisco,CA,Waymo LLC,30270-10359,e93f9538f643ca4,No Injuries Reported,Jaguar,I-PACE,Passenger Car,Street,ADS,Yes,1
ec72f29fe65a97f,NHTSA Same Incident ID,MAR-2025,Las Vegas,NV,"Zoox, Inc.",30610-10508,be60d93b8e54402,No Injuries Reported,Toyota,Highlander,"Other, see Narrative",Street,ADS,Yes,1
efd2f737fa169f8,NHTSA Same Incident ID,MAR-2025,Phoenix,AZ,Waymo LLC,30270-10340,71d729512aa2a47,No Injuries Reported,Jaguar,I-Pace,Passenger Car,Street,ADS,Yes,1
f285742e6381c0f,NHTSA Same Incident ID,MAR-2025,San Francisco,CA,Waymo LLC,30270-10487,5ce6300cb8b203c,No Injuries Reported,Jaguar,I-Pace,SUV,Street,ADS,Yes,1
f4c74c5f46b77e2,NHTSA Same Incident ID,MAR-2025,San Francisco,CA,Waymo LLC,30270-10326,4397efdcc60adba,No Injuries Reported,Jaguar,I-Pace,Heavy Truck,Street,ADS,Yes,1
f5343b2a2c58c2b,NHTSA Same Incident ID,MAR-2025,San Francisco,CA,Waymo LLC,30270-10127,581936751104aa3,No Injuries Reported,Jaguar,I-PACE,Passenger Car,Street,ADS,Yes,1
02e2eb992db7ae3,NHTSA Same Incident ID,MAR-2026,Austin,TX,Waymo LLC,30270-14298,ff4118968961aaf,Property Damage. No Injured Reported,JAGUAR,I-PACE,SUV,Street,ADS,Yes,1
035c4218b500be4,NHTSA Same Incident ID,MAR-2026,Dallas,TX,Waymo LLC,30270-14423,bb5e5cb020b83b4,Property Damage. No Injured Reported,JAGUAR,I-PACE,Passenger Car,Street,ADS,Yes,1
03744d24bf2c357,NHTSA Same Incident ID,MAR-2026,Los Angeles,CA,Waymo LLC,30270-14313,a9fec433b2d32d4,Property Damage. No Injured Reported,JAGUAR,I-PACE,Passenger Car,Street,ADS,Yes,1
03f4b228d05cc74,NHTSA Same Incident ID,MAR-2026,Los Angeles,CA,Waymo LLC,30270-14387,7f8c92f31a540f1,Property Damage. No Injured Reported,JAGUAR,I-PACE,First Responder Vehicle,Street,ADS,Yes,1
045dd4daaa9782d,NHTSA Same Incident ID,MAR-2026,San Francisco,CA,Waymo LLC,30270-14438,a441b0846fe8fa2,Property Damage. No Injured Reported,JAGUAR,I-PACE,Van,Street,ADS,Yes,1
0525c4ea802d184,NHTSA Same Incident ID,MAR-2026,Los Angeles,CA,Waymo LLC,30270-14348,bbdc7a343cb455e,Property Damage. No Injured Reported,JAGUAR,I-PACE,Passenger Car,Street,ADS,Yes,1
057fc6f571080a2,NHTSA Same Incident ID,MAR-2026,Scottsdale,AZ,Waymo LLC,30270-14270,fff03bd97b23d51,Property Damage. No Injured Reported,JAGUAR,I-PACE,Passenger Car,Parking Lot,ADS,Yes,1
05c97f6f106059b,NHTSA Same Incident ID,MAR-2026,San Jose,CA,WeRide Corp,30792-14655,fcedce8268c18e7,No Injured Reported,NISSAN,Ariya Hatchback,Pickup Truck,Street,ADS,Yes,1
06f409a5bdd2761,NHTSA Same Incident ID,MAR-2026,San Francisco,CA,Waymo LLC,30270-14266,532b9b7eea10bef,Property Damage. No Injured Reported,JAGUAR,I-PACE,Passenger Car,Street,ADS,Yes,1
0731399564887d7,NHTSA Same Incident ID,MAR-2026,Las Vegas,NV,"Zoox, Inc.",30610-14263,64c23d87f1524d7,Property Damage. No Injured Reported,ZOOX,Zoox,Heavy Truck,Street,ADS,Yes,1
0798cc6ce386b44,NHTSA Same Incident ID,MAR-2026,San Francisco,CA,Waymo LLC,30270-14426,8b78c61a1d74969,Property Damage. No Injured Reported,JAGUAR,I-PACE,Heavy Truck,Street,ADS,Yes,1
0a5ce28ee3fb168,NHTSA Same Incident ID,MAR-2026,Palo Alto,CA,Waymo LLC,30270-14391,2494790f021ed9a,Property Damage. No Injured Reported,ZEEKR,RT,SUV,Street,ADS,Yes,1
0a7bf295780127a,NHTSA Same Incident ID,MAR-2026,Phoenix,AZ,Waymo LLC,30270-14486,bce7839166346b4,Property Damage. No Injured Reported,JAGUAR,I-PACE,SUV,Street,ADS,Yes,1
0dcc52388be3efc,NHTSA Same Incident ID,MAR-2026,Inglewood,CA,Waymo LLC,30270-14290,e306d3b3437f8a0,Property Damage. No Injured Reported,JAGUAR,I-PACE,Heavy Truck,Street,ADS,Yes,1
109ccd802db67dd,NHTSA Same Incident ID,MAR-2026,Austin,TX,Waymo LLC,30270-14490,2f014456b7b3b3c,Property Damage. No Injured Reported,JAGUAR,I-PACE,"Other, see Narrative",Street,ADS,Yes,1
1431aa571fee5ff,NHTSA Same Incident ID,MAR-2026,San Francisco,CA,"Zoox, Inc.",30610-14419,49b22f59659690d,Property Damage. No Injured Reported,ZOOX,Zoox,Passenger Car,Street,ADS,Yes,1
148308c29dce42f,NHTSA Same Incident ID,MAR-2026,Austin,TX,Avride Inc.,31101-14654,3d0d436b40de8e1,Property Damage. No Injured Reported,HYUNDAI,Ioniq 5,Animal,Street,ADS,Yes,1
14856ceb426da87,NHTSA Same Incident ID,MAR-2026,Miami,FL,"Zoox, Inc.",30610-14554,780a8acc21b1c1f,Unknown,TOYOTA,Highlander,Heavy Truck,Street,ADS,Yes,1
1594a977cafac0a,NHTSA Same Incident ID,MAR-2026,Atlanta,GA,Waymo LLC,30270-14272,c439add64040bfc,Property Damage. No Injured Reported,JAGUAR,I-PACE,SUV,Street,ADS,Yes,1
15d51f9feeb5bff,NHTSA Same Incident ID,MAR-2026,Arlington,TX,May Mobility,30413-14624,ff68f303dbff90d,No Injured Reported,TOYOTA,Sienna,SUV,Intersection,ADS,Yes,1
164c083f7ae73e8,NHTSA Same Incident ID,MAR-2026,Austin,TX,Waymo LLC,30270-14495,ba23c32f8d9ebd5,Minor W/O Hospitalization,JAGUAR,I-PACE,Passenger Car,Street,ADS,Yes,1
16ba7a94a6ac210,NHTSA Same Incident ID,MAR-2026,Los Angeles,CA,Waymo LLC,30270-14349,09a9755835b507c,Property Damage. No Injured Reported,JAGUAR,I-PACE,SUV,Street,ADS,Yes,1
18ddc703dc1ef13,NHTSA Same Incident ID,MAR-2026,Las Vegas,NV,"Zoox, Inc.",30610-14366,dc7dcac8cf6103f,Property Damage. No Injured Reported,ZOOX,Zoox,SUV,Parking Lot,ADS,Yes,1
1a4869776079d82,NHTSA Same Incident ID,MAR-2026,Santa Monica,CA,Waymo LLC,30270-14240,355fffe523496f6,Property Damage. No Injured Reported,JAGUAR,I-PACE,Pickup Truck,Street,ADS,Yes,1
1f2c52e71168712,NHTSA Same Incident ID,MAR-2026,Los Angeles,CA,Waymo LLC,30270-14512,02f94e429e1b6ee,Property Damage. No Injured Reported,JAGUAR,I-PACE,Pickup Truck,Street,ADS,Yes,1
204441c4917fed1,NHTSA Same Incident ID,MAR-2026,Los Angeles,CA,Waymo LLC,30270-14424,459e183f59d447e,Property Damage. No Injured Reported,JAGUAR,I-PACE,Passenger Car,Intersection,ADS,Yes,1
22425ea87f007ab,NHTSA Same Incident ID,MAR-2026,Austin,TX,Avride Inc.,31101-14518,9123c580d73cb8b,Property Damage. No Injured Reported,HYUNDAI,Ioniq 5,Pickup Truck,Intersection,ADS,Yes,1
22fc01d8faaa62a,NHTSA Same Incident ID,MAR-2026,San Francisco,CA,Waymo LLC,30270-14287,4027d0034aa3dfc,Property Damage. No Injured Reported,JAGUAR,I-PACE,Passenger Car,Street,ADS,Yes,1
239e75e81c5fdea,NHTSA Same Incident ID,MAR-2026,Austin,TX,"Tesla, Inc.",13781-14631,359c13dedcfee16,Property Damage. No Injured Reported,TESLA,Model Y,Passenger Car,Street,ADS,Yes,1
244aef1feaeb7ff,NHTSA Same Incident ID,MAR-2026,Miami,FL,Waymo LLC,30270-14335,0fc188abf0be63f,Property Damage. No Injured Reported,JAGUAR,I-PACE,SUV,Street,ADS,Yes,1
24ed482284315c0,NHTSA Same Incident ID,MAR-2026,San Antonio,TX,Waymo LLC,30270-14196,53272776c5e8fb7,Property Damage. No Injured Reported,JAGUAR,I-PACE,Passenger Car,Intersection,ADS,Yes,1
25e15464b06aff1,NHTSA Same Incident ID,MAR-2026,Austin,TX,Waymo LLC,30270-14480,28225ca34178e49,Property Damage. No Injured Reported,JAGUAR,I-PACE,Pickup Truck,Street,ADS,Yes,1
286b1c7eac74118,NHTSA Same Incident ID,MAR-2026,Phoenix,AZ,Waymo LLC,30270-14237,f5351f65954dc5e,Property Damage. No Injured Reported,JAGUAR,I-PACE,Heavy Truck,Street,ADS,Yes,1
290906cf17f1e63,NHTSA Same Incident ID,MAR-2026,Phoenix,AZ,Waymo LLC,30270-14295,4b0759084c16efd,Property Damage. No Injured Reported,JAGUAR,I-PACE,Van,Street,ADS,Yes,1
29eb306cac5f2b8,NHTSA Same Incident ID,MAR-2026,San Francisco,CA,Waymo LLC,30270-14488,23dca52bf69aa98,Property Damage. No Injured Reported,JAGUAR,I-PACE,Passenger Car,Street,ADS,Yes,1
2a666c3f264006f,NHTSA Same Incident ID,MAR-2026,Los Angeles,CA,Waymo LLC,30270-14239,0e241735734fb8e,Property Damage. No Injured Reported,JAGUAR,I-PACE,Passenger Car,Street,ADS,Yes,1
2adaf9f17cf3f6f,NHTSA Same Incident ID,MAR-2026,Tempe,AZ,Waymo LLC,30270-14514,92111bf15d6cf6d,Property Damage. No Injured Reported,JAGUAR,I-PACE,Other Fixed Object,Street,ADS,Yes,1
2c89a2beb96ae22,NHTSA Same Incident ID,MAR-2026,Inglewood,CA,Waymo LLC,30270-14482,b144d517b077746,Property Damage. No Injured Reported,JAGUAR,I-PACE,Pickup Truck,Street,ADS,Yes,1
2cd11c2a1a8f63a,NHTSA Same Incident ID,MAR-2026,Mountain View,CA,Waymo LLC,30270-14331,5f115f715767ebe,Property Damage. No Injured Reported,JAGUAR,I-PACE,Passenger Car,Street,ADS,Yes,1
31fa2bf86be2a86,NHTSA Same Incident ID,MAR-2026,San Antonio,TX,Waymo LLC,30270-14346,adbefe2c8cb5b90,Property Damage. No Injured Reported,JAGUAR,I-PACE,"Other, see Narrative",Street,ADS,Yes,1
33c3928e76fcabc,NHTSA Same Incident ID,MAR-2026,Austin,TX,Waymo LLC,30270-14483,314b6a281453745,Minor W/ Hospitalization,JAGUAR,I-PACE,Pickup Truck,Street,ADS,Yes,1
3588be168736e9b,NHTSA Same Incident ID,MAR-2026,Los Angeles,CA,Waymo LLC,30270-14297,68c3b5d8bbc4501,Property Damage. No Injured Reported,JAGUAR,I-PACE,Passenger Car,Intersection,ADS,Yes,1
3dadbcf335da06a,NHTSA Same Incident ID,MAR-2026,San Francisco,CA,Waymo LLC,30270-14383,35fafbe3464b744,Property Damage. No Injured Reported,JAGUAR,I-PACE,Passenger Car,Street,ADS,Yes,1
3e593a600cd68be,NHTSA Same Incident ID,MAR-2026,Los Angeles,CA,Waymo LLC,30270-14511,639f7f8f4e60a26,Property Damage. No Injured Reported,JAGUAR,I-PACE,Passenger Car,Street,ADS,Yes,1
3eb2c833ea30210,NHTSA Same Incident ID,MAR-2026,Austin,TX,Waymo LLC,30270-14268,3b9a5f0d0cfd7f7,Property Damage. No Injured Reported,JAGUAR,I-PACE,SUV,Street,ADS,Yes,1
3ef810aa0805c42,NHTSA Same Incident ID,MAR-2026,San Francisco,CA,Waymo LLC,30270-14355,d2159642fbf377c,Property Damage. No Injured Reported,JAGUAR,I-PACE,Passenger Car,Street,ADS,Yes,1
41bfa537013a245,NHTSA Same Incident ID,MAR-2026,San Francisco,CA,Waymo LLC,30270-14498,1fa68f1bbdf03e9,Property Damage. No Injured Reported,JAGUAR,I-PACE,SUV,Street,ADS,Yes,1
41f71a7d791c68d,NHTSA Same Incident ID,MAR-2026,Los Angeles,CA,Waymo LLC,30270-14439,cae4517da558f70,Property Damage. No Injured Reported,ZEEKR,RT,Heavy Truck,Street,ADS,Yes,1
458e6d35a6b7210,NHTSA Same Incident ID,MAR-2026,Austin,TX,Avride Inc.,31101-14286,0913523d48659ed,Property Damage. No Injured Reported,HYUNDAI,Ioniq 5,SUV,Street,ADS,Yes,1
46ade3c0cd750e5,NHTSA Same Incident ID,MAR-2026,San Francisco,CA,Waymo LLC,30270-14354,db45adb80ffcf22,Property Damage. No Injured Reported,JAGUAR,I-PACE,Passenger Car,Street,ADS,Yes,1
47a130cc4054fac,NHTSA Same Incident ID,MAR-2026,Los Angeles,CA,Waymo LLC,30270-14267,bdfe3441974c19a,Property Damage. No Injured Reported,JAGUAR,I-PACE,SUV,Street,ADS,Yes,1
48c873300755248,NHTSA Same Incident ID,MAR-2026,Austin,TX,Waymo LLC,30270-14231,08952dd2d40cbec,Property Damage. No Injured Reported,JAGUAR,I-PACE,SUV,Intersection,ADS,Yes,1
49af5b61c59f419,NHTSA Same Incident ID,MAR-2026,Los Angeles,CA,Waymo LLC,30270-14329,178fced3ef7c482,Property Damage. No Injured Reported,JAGUAR,I-PACE,Pickup Truck,Street,ADS,Yes,1
4be7669b5d81c61,NHTSA Same Incident ID,MAR-2026,Dallas,TX,Avride Inc.,31101-14509,e76315c307f0aff,Property Damage. No Injured Reported,HYUNDAI,Ioniq 5,SUV,Street,ADS,Yes,1
4e935ade74224ee,NHTSA Same Incident ID,MAR-2026,Houston,TX,Waymo LLC,30270-14454,1cdd850c3aa5f9c,Property Damage. No Injured Reported,JAGUAR,I-PACE,Pickup Truck,Street,ADS,Yes,1
4f64051c1e8a9df,NHTSA Same Incident ID,MAR-2026,Dallas,TX,Avride Inc.,31101-14328,c04e3e8ffab99ab,Property Damage. No Injured Reported,HYUNDAI,Ioniq 5,SUV,Street,ADS,Yes,1
50f638e3758da85,NHTSA Same Incident ID,MAR-2026,Orlando,FL,Waymo LLC,30270-14441,f6acf49ff36c4c6,Property Damage. No Injured Reported,JAGUAR,I-PACE,"Other, see Narrative",Street,ADS,Yes,1
541b9c26a9582a4,NHTSA Same Incident ID,MAR-2026,Los Angeles,CA,Waymo LLC,30270-14476,6abac334789cab2,Property Damage. No Injured Reported,JAGUAR,I-PACE,Passenger Car,Street,ADS,Yes,1
57525ca8a3e832e,NHTSA Same Incident ID,MAR-2026,Santa Monica,CA,Waymo LLC,30270-14422,a75d868697f2e75,Property Damage. No Injured Reported,JAGUAR,I-PACE,SUV,Street,ADS,Yes,1
576998eca6fd115,NHTSA Same Incident ID,MAR-2026,Phoenix,AZ,Waymo LLC,30270-14330,f12ec0bd351e535,Minor W/O Hospitalization,JAGUAR,I-PACE,Passenger Car,Street,ADS,Yes,1
58996615eb38037,NHTSA Same Incident ID,MAR-2026,Austin,TX,Waymo LLC,30270-14345,85ba3f0cc098156,Property Damage. No Injured Reported,JAGUAR,I-PACE,Passenger Car,Street,ADS,Yes,1
593d316a6ee0028,NHTSA Same Incident ID,MAR-2026,San Francisco,CA,Waymo LLC,30270-14478,b266c65079ff1a9,Property Damage. No Injured Reported,JAGUAR,I-PACE,Passenger Car,Street,ADS,Yes,1
59437c9969373cf,NHTSA Same Incident ID,MAR-2026,Tempe,AZ,Waymo LLC,30270-14344,fd0963ddc53ac02,Property Damage. No Injured Reported,JAGUAR,I-PACE,Other Fixed Object,Street,ADS,Yes,1
5a81f380d8c927a,NHTSA Same Incident ID,MAR-2026,Los Angeles,CA,Waymo LLC,30270-14577,0e0c362f73db6fe,Property Damage. No Injured Reported,JAGUAR,I-PACE,SUV,Street,ADS,Yes,1
5b538a74d6bc359,NHTSA Same Incident ID,MAR-2026,Santa Monica,CA,Waymo LLC,30270-14558,2ada7401bdbff12,Property Damage. No Injured Reported,JAGUAR,I-PACE,Pickup Truck,Street,ADS,Yes,1
5d96462d6f8194c,NHTSA Same Incident ID,MAR-2026,Las Vegas,NV,"Zoox, Inc.",30610-14342,5f6b2f87cd4c05f,Property Damage. No Injured Reported,ZOOX,Zoox,Passenger Car,Street,ADS,Yes,1
5e333c2d18f1d87,NHTSA Same Incident ID,MAR-2026,Washington,DC,Waymo LLC,30270-14625,77d6d53bf2f20e3,Minor W/O Hospitalization,JAGUAR,I-PACE,SUV,Street,ADS,Yes,1
5f7cc2afb3a6bc9,NHTSA Same Incident ID,MAR-2026,Tempe,AZ,Waymo LLC,30270-14485,9da740e7f868651,Property Damage. No Injured Reported,JAGUAR,I-PACE,SUV,Street,ADS,Yes,1
650435cb3542b6b,NHTSA Same Incident ID,MAR-2026,Austin,TX,Waymo LLC,30270-14384,c1ea1e679500eb2,Property Damage. No Injured Reported,JAGUAR,I-PACE,Other Fixed Object,Parking Lot,ADS,Yes,1
67660d0d14c6f18,NHTSA Same Incident ID,MAR-2026,Redwood City,CA,Waymo LLC,30270-14289,787d8e13705ed24,No Injured Reported,JAGUAR,I-PACE,Passenger Car,Street,ADS,Yes,1
6a475a025f227de,NHTSA Same Incident ID,MAR-2026,Los Angeles,CA,Waymo LLC,30270-14390,e3ba84a36946df9,Property Damage. No Injured Reported,JAGUAR,I-PACE,SUV,Street,ADS,Yes,1
6ae0fa474e6fd3a,NHTSA Same Incident ID,MAR-2026,Atlanta,GA,Waymo LLC,30270-14484,d753ef992db3aac,Property Damage. No Injured Reported,JAGUAR,I-PACE,Heavy Truck,Street,ADS,Yes,1
6c68da9f1c8feb9,NHTSA Same Incident ID,MAR-2026,Los Angeles,CA,Waymo LLC,30270-14234,66d221ed59df96f,Property Damage. No Injured Reported,JAGUAR,I-PACE,Passenger Car,Street,ADS,Yes,1
6ed4ec06551d417,NHTSA Same Incident ID,MAR-2026,Tempe,AZ,Waymo LLC,30270-14271,d4ef0db0ec3a2df,Property Damage. No Injured Reported,JAGUAR,I-PACE,Pickup Truck,Street,ADS,Yes,1
6fd35369a882182,NHTSA Same Incident ID,MAR-2026,San Francisco,CA,Waymo LLC,30270-14456,f31ecb66a323dce,Property Damage. No Injured Reported,JAGUAR,I-PACE,SUV,Street,ADS,Yes,1
716b42c49e42c6c,NHTSA Same Incident ID,MAR-2026,Los Angeles,CA,Waymo LLC,30270-14227,bcb8cc437d691e7,Property Damage. No Injured Reported,JAGUAR,I-PACE,SUV,Street,ADS,Yes,1
716b5a05aea85f9,NHTSA Same Incident ID,MAR-2026,Inglewood,CA,Waymo LLC,30270-14246,83208f328bac8df,Minor W/O Hospitalization,JAGUAR,I-PACE,Van,Street,ADS,Yes,1
7205b1213fa15ab,NHTSA Same Incident ID,MAR-2026,San Francisco,CA,Waymo LLC,30270-14301,f8bfc37ca539ee3,Property Damage. No Injured Reported,JAGUAR,I-PACE,SUV,Street,ADS,Yes,1
736b1aaa5abb8a0,NHTSA Same Incident ID,MAR-2026,Atlanta,GA,Waymo LLC,30270-14507,1e0dec9a65be85d,Property Damage. No Injured Reported,JAGUAR,I-PACE,Pickup Truck,Street,ADS,Yes,1
7518eaeda41cc38,NHTSA Same Incident ID,MAR-2026,Austin,TX,Avride Inc.,31101-14418,de1f522878c431e,Property Damage. No Injured Reported,HYUNDAI,Ioniq 5,SUV,Intersection,ADS,Yes,1
7555ea7eda604d3,NHTSA Same Incident ID,MAR-2026,San Francisco,CA,"Zoox, Inc.",30610-14664,3ee34b13609e80d,Property Damage. No Injured Reported,ZOOX,Zoox,Passenger Car,Street,ADS,Yes,1
774afa65375ec67,NHTSA Same Incident ID,MAR-2026,Dallas,TX,Avride Inc.,31101-14647,ec968d1abeece97,No Injured Reported,HYUNDAI,Ioniq 5,"Other, see Narrative",Street,ADS,Yes,1
784609f1c56edfe,NHTSA Same Incident ID,MAR-2026,Daly City,CA,Waymo LLC,30270-14492,5df2f0cfc8c7d19,Property Damage. No Injured Reported,JAGUAR,I-PACE,Passenger Car,Highway / Freeway,ADS,Yes,1
7a5c01e6f2871dd,NHTSA Same Incident ID,MAR-2026,Phoenix,AZ,Waymo LLC,30270-14296,bd881358da1e0c8,Minor W/O Hospitalization,JAGUAR,I-PACE,SUV,Street,ADS,Yes,1
7ccb13efbc3c748,NHTSA Same Incident ID,MAR-2026,San Francisco,CA,Waymo LLC,30270-14300,e9264da131c0540,Property Damage. No Injured Reported,JAGUAR,I-PACE,Bus,Street,ADS,Yes,1
7d97266737502d0,NHTSA Same Incident ID,MAR-2026,San Francisco,CA,"Zoox, Inc.",30610-14663,69e6868ac2b0e76,Property Damage. No Injured Reported,TOYOTA,Highlander,Passenger Car,Street,ADS,Yes,1
7eb66f179675290,NHTSA Same Incident ID,MAR-2026,Dallas,TX,Avride Inc.,31101-14203,ec7207d9ecddf3a,Property Damage. No Injured Reported,HYUNDAI,Ioniq 5,SUV,Street,ADS,Yes,1
82f590ee86b84c1,NHTSA Same Incident ID,MAR-2026,San Francisco,CA,Waymo LLC,30270-14294,783f4781203055e,Property Damage. No Injured Reported,JAGUAR,I-PACE,SUV,Street,ADS,Yes,1
84ac5e05729c795,NHTSA Same Incident ID,MAR-2026,San Francisco,CA,Waymo LLC,30270-14440,91bc2125465d4ab,Property Damage. No Injured Reported,JAGUAR,I-PACE,Passenger Car,Street,ADS,Yes,1
87959e4d5093ad9,NHTSA Same Incident ID,MAR-2026,Los Angeles,CA,Waymo LLC,30270-14481,09106b9119c28ba,Minor W/O Hospitalization,JAGUAR,I-PACE,Pickup Truck,Street,ADS,Yes,1
89012b214b0da06,NHTSA Same Incident ID,MAR-2026,Los Angeles,CA,Waymo LLC,30270-14494,000c2c3f72f5b09,Property Damage. No Injured Reported,JAGUAR,I-PACE,Passenger Car,Street,ADS,Yes,1
8b16759d2560e08,NHTSA Same Incident ID,MAR-2026,Austin,TX,Waymo LLC,30270-14233,a922abc30861b3f,Property Damage. No Injured Reported,JAGUAR,I-PACE,Passenger Car,Street,ADS,Yes,1
8d2c164d501a618,NHTSA Same Incident ID,MAR-2026,Daly City,CA,Waymo LLC,30270-14455,79ead5ae4979295,Property Damage. No Injured Reported,JAGUAR,I-PACE,Passenger Car,Intersection,ADS,Yes,1
9010a391b35cc59,NHTSA Same Incident ID,MAR-2026,Miami,FL,Waymo LLC,30270-14197,a349aea47980885,Property Damage. No Injured Reported,JAGUAR,I-PACE,Van,Street,ADS,Yes,1
91f421583a078a1,NHTSA Same Incident ID,MAR-2026,Austin,TX,Waymo LLC,30270-14420,e3b9c3598a3dd3b,Property Damage. No Injured Reported,JAGUAR,I-PACE,Heavy Truck,Parking Lot,ADS,Yes,1
94f95095ba15e48,NHTSA Same Incident ID,MAR-2026,San Francisco,CA,Waymo LLC,30270-14352,e941618fc1b057a,Property Damage. No Injured Reported,JAGUAR,I-PACE,Bus,Street,ADS,Yes,1
96b9196e81e8723,NHTSA Same Incident ID,MAR-2026,Los Angeles,CA,Waymo LLC,30270-14220,b3036c41ebed34e,No Injured Reported,JAGUAR,I-PACE,SUV,Street,ADS,Yes,1
983ed57bc7bc7ca,NHTSA Same Incident ID,MAR-2026,Los Angeles,CA,Waymo LLC,30270-14496,b9259cd372253df,Property Damage. No Injured Reported,JAGUAR,I-PACE,Passenger Car,Street,ADS,Yes,1
9f0e10836b54876,NHTSA Same Incident ID,MAR-2026,San Francisco,CA,Waymo LLC,30270-14332,4c60a7051965106,Property Damage. No Injured Reported,JAGUAR,I-PACE,Pickup Truck,Street,ADS,Yes,1
a1b9ed8b645badb,NHTSA Same Incident ID,MAR-2026,San Francisco,CA,Waymo LLC,30270-14493,5610d84df589a17,Property Damage. No Injured Reported,JAGUAR,I-PACE,SUV,Street,ADS,Yes,1
a2976c17a7afbf0,NHTSA Same Incident ID,MAR-2026,San Francisco,CA,Waymo LLC,30270-14351,7d7f04225dc26de,Property Damage. No Injured Reported,JAGUAR,I-PACE,Van,Street,ADS,Yes,1
a63d950dcfd350d,NHTSA Same Incident ID,MAR-2026,Los Angeles,CA,Waymo LLC,30270-14497,39cc9faced8effe,Minor W/O Hospitalization,JAGUAR,I-PACE,SUV,Street,ADS,Yes,1
a8863dac1fb54a4,NHTSA Same Incident ID,MAR-2026,Las Vegas,NV,"Zoox, Inc.",30610-14519,8414b72c979c42f,Property Damage. No Injured Reported,ZOOX,Zoox,SUV,Intersection,ADS,Yes,1
a8e1fc4f8d1fff9,NHTSA Same Incident ID,MAR-2026,San Francisco,CA,Waymo LLC,30270-14269,196348c71797ca3,Property Damage. No Injured Reported,JAGUAR,I-PACE,Passenger Car,Street,ADS,Yes,1
ab718884f66d6d0,NHTSA Same Incident ID,MAR-2026,Austin,TX,Waymo LLC,30270-14506,81da1bac3ae4368,Property Damage. No Injured Reported,JAGUAR,I-PACE,SUV,Street,ADS,Yes,1
b0bc9730ab173f2,NHTSA Same Incident ID,MAR-2026,San Francisco,CA,"Zoox, Inc.",30610-14388,758646c33fd2f3e,Property Damage. No Injured Reported,ZOOX,Zoox,Passenger Car,Street,ADS,Yes,1
b22b8f0e957a702,NHTSA Same Incident ID,MAR-2026,San Francisco,CA,Waymo LLC,30270-14491,2af2943e39c8909,Property Damage. No Injured Reported,JAGUAR,I-PACE,SUV,Street,ADS,Yes,1
b31d37c64239f4d,NHTSA Same Incident ID,MAR-2026,Dallas,TX,Waymo LLC,30270-14333,7ec02172ab3b00c,Property Damage. No Injured Reported,JAGUAR,I-PACE,SUV,Street,ADS,Yes,1
b4116e8774b7cd6,NHTSA Same Incident ID,MAR-2026,San Francisco,CA,Waymo LLC,30270-14566,67ebc4050d000ef,Property Damage. No Injured Reported,JAGUAR,I-PACE,Passenger Car,Intersection,ADS,Yes,1
b60a96fa298f010,NHTSA Same Incident ID,MAR-2026,Atlanta,GA,Waymo LLC,30270-14510,25756d3842c30ca,Property Damage. No Injured Reported,JAGUAR,I-PACE,Heavy Truck,Street,ADS,Yes,1
b6758b1728d148a,NHTSA Same Incident ID,MAR-2026,Austin,TX,Waymo LLC,30270-14310,f865ba97155e173,Property Damage. No Injured Reported,JAGUAR,I-PACE,Bus,Street,ADS,Yes,1
bb70f7d3f326666,NHTSA Same Incident ID,MAR-2026,San Francisco,CA,Waymo LLC,30270-14305,5ce6300cb8b203c,Property Damage. No Injured Reported,JAGUAR,I-PACE,Passenger Car,Street,ADS,Yes,1
bbd6af02bf08a16,NHTSA Same Incident ID,MAR-2026,Austin,TX,"Zoox, Inc.",30610-14264,e0b7e0dafd38714,Property Damage. No Injured Reported,TOYOTA,Highlander,Heavy Truck,Street,ADS,Yes,1
bf9de2111e05561,NHTSA Same Incident ID,MAR-2026,Austin,TX,Waymo LLC,30270-14337,87cde781f073c7d,Property Damage. No Injured Reported,JAGUAR,I-PACE,SUV,Street,ADS,Yes,1
c41f3d39a1b3e9a,NHTSA Same Incident ID,MAR-2026,Phoenix,AZ,Waymo LLC,30270-14244,c0f57d5e23f3e3d,Property Damage. No Injured Reported,JAGUAR,I-PACE,Passenger Car,Street,ADS,Yes,1
c606c01910cc633,NHTSA Same Incident ID,MAR-2026,Austin,TX,Avride Inc.,31101-14649,7ea0a2e0169f4b8,No Injured Reported,HYUNDAI,Ioniq 5,Van,Street,ADS,Yes,1
c87e258b33c06d8,NHTSA Same Incident ID,MAR-2026,Dallas,TX,Avride Inc.,31101-14651,23de987df9d1c5e,Property Damage. No Injured Reported,HYUNDAI,Ioniq 5,Passenger Car,Intersection,ADS,Yes,1
ca71be640fd6548,NHTSA Same Incident ID,MAR-2026,Phoenix,AZ,Waymo LLC,30270-14449,f81738b2f2618a9,Property Damage. No Injured Reported,JAGUAR,I-PACE,SUV,Street,ADS,Yes,1
caf5adbcbebdafc,NHTSA Same Incident ID,MAR-2026,Dallas,TX,Waymo LLC,30270-14274,73a9e04f2e91d60,Property Damage. No Injured Reported,JAGUAR,I-PACE,SUV,Street,ADS,Yes,1
cba4474f90f4aaf,NHTSA Same Incident ID,MAR-2026,Tempe,AZ,Waymo LLC,30270-14453,227368be9000f25,Property Damage. No Injured Reported,JAGUAR,I-PACE,Passenger Car,Street,ADS,Yes,1
cbea5023d86487b,NHTSA Same Incident ID,MAR-2026,Austin,TX,"Tesla, Inc.",13781-14630,f6094b98a2365ee,Property Damage. No Injured Reported,TESLA,Model Y,Pickup Truck,Street,ADS,Yes,1
cbf8a25b20d9ec3,NHTSA Same Incident ID,MAR-2026,Austin,TX,Waymo LLC,30270-14385,aad7a1b55a1cc66,Property Damage. No Injured Reported,JAGUAR,I-PACE,Other Fixed Object,Parking Lot,ADS,Yes,1
cc840502f04ecb4,NHTSA Same Incident ID,MAR-2026,Las Vegas,NV,"Zoox, Inc.",30610-14662,495199a28eb9f51,Property Damage. No Injured Reported,ZOOX,Zoox,SUV,Street,ADS,Yes,1
cc94e3a9ea66857,NHTSA Same Incident ID,MAR-2026,San Francisco,CA,Waymo LLC,30270-14477,db133fc56099091,Property Damage. No Injured Reported,JAGUAR,I-PACE,Bus,Intersection,ADS,Yes,1
d09cef8bb6bafd4,NHTSA Same Incident ID,MAR-2026,Austin,TX,Waymo LLC,30270-14450,bce3ea2ba34e0d5,Property Damage. No Injured Reported,JAGUAR,I-PACE,Pickup Truck,Street,ADS,Yes,1
d44acdf6402e21d,NHTSA Same Incident ID,MAR-2026,San Francisco,CA,Waymo LLC,30270-14336,933a20c00b4df4b,Property Damage. No Injured Reported,JAGUAR,I-PACE,Heavy Truck,Street,ADS,Yes,1
d7636709eeea740,NHTSA Same Incident ID,MAR-2026,Atlanta,GA,Waymo LLC,30270-14350,360bf854a2cab86,Property Damage. No Injured Reported,JAGUAR,I-PACE,Bus,Street,ADS,Yes,1
daef551f11f4d4c,NHTSA Same Incident ID,MAR-2026,Mountain View,CA,Waymo LLC,30270-14334,f107e16bbd3d30a,Property Damage. No Injured Reported,JAGUAR,I-PACE,SUV,Parking Lot,ADS,Yes,1
df33185c7d52cc3,NHTSA Same Incident ID,MAR-2026,Los Angeles,CA,Waymo LLC,30270-14204,b422e26e01477a2,Property Damage. No Injured Reported,JAGUAR,I-PACE,Passenger Car,Street,ADS,Yes,1
df499995c587bfd,NHTSA Same Incident ID,MAR-2026,San Francisco,CA,Waymo LLC,30270-14299,b1c0b5e46dd5a88,Property Damage. No Injured Reported,JAGUAR,I-PACE,SUV,Street,ADS,Yes,1
e2501b4dc575569,NHTSA Same Incident ID,MAR-2026,Austin,TX,Waymo LLC,30270-14421,0ade336fa07ff3b,Property Damage. No Injured Reported,JAGUAR,I-PACE,Pickup Truck,Street,ADS,Yes,1
e3362ce3213a8bd,NHTSA Same Incident ID,MAR-2026,Phoenix,AZ,Waymo LLC,30270-14505,6db9967ca88c8eb,Property Damage. No Injured Reported,JAGUAR,I-PACE,Passenger Car,Street,ADS,Yes,1
e378580e8bcffe2,NHTSA Same Incident ID,MAR-2026,Dallas,TX,Avride Inc.,31101-14650,e76315c307f0aff,No Injured Reported,HYUNDAI,Ioniq 5,"Other, see Narrative",Street,ADS,Yes,1
e6bd1c3e117dd7b,NHTSA Same Incident ID,MAR-2026,Houston,TX,Waymo LLC,30270-14457,ef666322b8a5cee,Property Damage. No Injured Reported,JAGUAR,I-PACE,Heavy Truck,Highway / Freeway,ADS,Yes,1
e7f8147f4058e80,NHTSA Same Incident ID,MAR-2026,Dallas,TX,Avride Inc.,31101-14652,e53d2f85db6da01,No Injured Reported,HYUNDAI,Ioniq 5,"Other, see Narrative",Intersection,ADS,Yes,1
eb09283750d5156,NHTSA Same Incident ID,MAR-2026,San Francisco,CA,Waymo LLC,30270-14425,c78603b93164de4,Property Damage. No Injured Reported,JAGUAR,I-PACE,First Responder Vehicle,Street,ADS,Yes,1
ec45c246b737e08,NHTSA Same Incident ID,MAR-2026,Dallas,TX,Avride Inc.,31101-14653,86a506cfb41afe5,Property Damage. No Injured Reported,HYUNDAI,Ioniq 5,Passenger Car,Street,ADS,Yes,1
f69ed49b28c17bb,NHTSA Same Incident ID,MAR-2026,Inglewood,CA,Waymo LLC,30270-14389,1f794f183cab935,Minor W/ Hospitalization,JAGUAR,I-PACE,SUV,Street,ADS,Yes,1
fa4569805b2287b,NHTSA Same Incident ID,MAR-2026,San Francisco,CA,"Zoox, Inc.",30610-14665,9c8cf765a91f70e,Property Damage. No Injured Reported,TOYOTA,Highlander,Passenger Car,Street,ADS,Yes,1
fac34b3e0ebdc34,NHTSA Same Incident ID,MAR-2026,San Francisco,CA,Waymo LLC,30270-14232,f8d43bba80744e6,Minor W/O Hospitalization,JAGUAR,I-PACE,Non-Motorist: Cyclist,Street,ADS,Yes,1
fe4c6c25b9d8ea1,NHTSA Same Incident ID,MAR-2026,Dallas,TX,Avride Inc.,31101-14200,42ae8ac7d79c14f,Property Damage. No Injured Reported,HYUNDAI,Ioniq 5,SUV,Street,ADS,Yes,1
fe84d99021ee17a,NHTSA Same Incident ID,MAR-2026,Dallas,TX,Waymo LLC,30270-14479,3a1ff89cc2d1243,Property Damage. No Injured Reported,JAGUAR,I-PACE,"Other, see Narrative",Street,ADS,Yes,1
fec61c976d97548,NHTSA Same Incident ID,MAR-2026,San Francisco,CA,Waymo LLC,30270-14343,0248bb53d9ff007,Property Damage. No Injured Reported,JAGUAR,I-PACE,Van,Street,ADS,Yes,1
ff7cbbd8a71abe7,NHTSA Same Incident ID,MAR-2026,Los Angeles,CA,Waymo LLC,30270-14265,1c780eff676e8f8,Minor W/O Hospitalization,JAGUAR,I-PACE,Passenger Car,Street,ADS,Yes,1
237da70b740eca7,NHTSA Same Incident ID,MAY-2022,San Francisco,CA,Transdev Alternative Services;Waymo LLC,30270-3055;30531-3064,783ba56d2d747d1,No Injuries Reported,Jaguar,I-PACE,Motorcycle,Intersection,ADS,Yes,2
33e8d4e5afdbbd8,NHTSA Same Incident ID,MAY-2022,San Francisco,CA,"Zoox, Inc.",30610-3158,faa7fd344bfdae8,No Injuries Reported,Toyota,Highlander,Passenger Car,Street,ADS,Yes,1
387240601466c07,NHTSA Same Incident ID,MAY-2022,Phoenix,AZ,Waymo LLC,30270-3057,c690f79b5f85c4b,Unknown,Jaguar,I-Pace,Passenger Car,Intersection,ADS,Yes,1
3b95fade2333295,NHTSA Same Incident ID,MAY-2022,Arlington,TX,May Mobility;Toyota Motor Engineering & Manufacturing,1306-3355;30413-3138,3b9ab2e732bb69f,No Injuries Reported,Lexus,RX450H,Pickup Truck,Street,ADS,Yes,2
469cd8d228115fc,NHTSA Same Incident ID,MAY-2022,Ennis,TX,Transdev Alternative Services;Waymo LLC,30270-2895;30531-2902,c59cc1317356bf4,Moderate,Peterbilt,579 Epiq,Heavy Truck,Highway / Freeway,ADS,Yes,2
6b298fec78911d4,NHTSA Same Incident ID,MAY-2022,San Francisco,CA,"Cruise LLC;General Motors, LLC",30412-3073;540-3123,c8b988b72ff1d9f,Minor,Cruise,AV,Passenger Car,Intersection,ADS,"[REDACTED, MAY CONTAIN CONFIDENTIAL BUSINESS INFORMATION]",2
6b64e02431595a7,NHTSA Same Incident ID,MAY-2022,Commerce,CA,"Mercedes-Benz USA, LLC",855-3183,2921d71c8e43ff9,No Injuries Reported,Mercedes-Benz,S350D,Heavy Truck,Highway / Freeway,ADS,"[REDACTED, MAY CONTAIN CONFIDENTIAL BUSINESS INFORMATION]",1
8dbb58bde502b36,NHTSA Same Incident ID,MAY-2022,WDC,DC,Argo AI;Ford Motor Company,30290-3119;502-2973,27e565631721655,No Injuries Reported,Ford,Escape,Heavy Truck,Intersection,ADS,"[REDACTED, MAY CONTAIN CONFIDENTIAL BUSINESS INFORMATION]",2
922887c7b03509c,NHTSA Same Incident ID,MAY-2022,San Francisco,CA,Transdev Alternative Services;Waymo LLC,30270-3221;30531-3227,4c109ee6f767a49,No Injuries Reported,Jaguar,I-Pace,Passenger Car,Intersection,ADS,Yes,2
REPORT:30410-3043,Report ID fallback,MAY-2022,Las Vegas,NV,Motional,30410-3043,,No Injuries Reported,Hyundai,Ioniq 5,"Other, see Narrative",Street,ADS,"[REDACTED, MAY CONTAIN CONFIDENTIAL BUSINESS INFORMATION]",1
REPORT:30490-3168,Report ID fallback,MAY-2022,Dunedin,FL,"Beep, Inc.",30490-3168,,No Injuries Reported,Navya,,Bus,Intersection,ADS,Yes,1
a4f3fd3c322db7a,NHTSA Same Incident ID,MAY-2022,Phoenix,AZ,Transdev Alternative Services;Waymo LLC,30270-3056;30531-3065,4d3dc5f194fb109,No Injuries Reported,Jaguar,I-Pace,"Other, see Narrative",Parking Lot,ADS,Yes,2
ae16b7a8038ba70,NHTSA Same Incident ID,MAY-2022,Irvine,CA,Pony.ai,30711-3157,c27390a5d6cc6fa,No Injuries Reported,Hyundai,Kona EV,Passenger Car,Street,ADS,Yes,1
d3012e172ec954c,NHTSA Same Incident ID,MAY-2022,San Francisco,CA,Transdev Alternative Services;Waymo LLC,30270-3220;30531-3226,ff8de7fa92c0d5e,No Injuries Reported,Jaguar,I-Pace,SUV,Intersection,ADS,Yes,2
d91c576aa55da63,NHTSA Same Incident ID,MAY-2022,San Francisco,CA,Transdev Alternative Services;Waymo LLC,30270-3219;30531-3225,8d1fad62a288528,No Injuries Reported,Jaguar,I-Pace,Pickup Truck,Intersection,ADS,Yes,2
0ea292ae35cf3cd,NHTSA Same Incident ID,MAY-2023,San Francisco,CA,WeRide Corp,30792-5565,ceb63bb34dc2166,No Injuries Reported,Nissan,Leaf,Non-Motorist: Cyclist,Street,ADS,Yes,1
18b6569f303f7e1,NHTSA Same Incident ID,MAY-2023,Mesa,AZ,Transdev Alternative Services;Waymo LLC,30270-5757;30531-5768,a96a4dfc1ceef90,No Injuries Reported,Jaguar,I-Pace,"Other, see Narrative",Highway / Freeway,ADS,Yes,2
1ddcd8547f32de0,NHTSA Same Incident ID,MAY-2023,Paradise,NV,"Zoox, Inc.",30610-5714,2401d351bdc80d9,Minor,Toyota,Highlander,Passenger Car,Street,ADS,Yes,1
20699d65c5c18d0,NHTSA Same Incident ID,MAY-2023,San Francisco,CA,"Cruise LLC;General Motors, LLC",30412-5422;540-5425,10949bf40e461ed,Minor,Cruise,AV,Other Fixed Object,Intersection,ADS,"[REDACTED, MAY CONTAIN CONFIDENTIAL BUSINESS INFORMATION]",2
34e9268c40d9f69,NHTSA Same Incident ID,MAY-2023,San Francisco,CA,"Cruise LLC;General Motors, LLC",30412-5624;540-5639,9378265a4fb8fef,Minor,Cruise,AV,Passenger Car,Street,ADS,"[REDACTED, MAY CONTAIN CONFIDENTIAL BUSINESS INFORMATION]",2
374f676fee2c3db,NHTSA Same Incident ID,MAY-2023,Phoenix,AZ,Waymo LLC,30270-5611,3fa13431ff0349d,No Injuries Reported,Jaguar,I-Pace,"Other, see Narrative",Parking Lot,ADS,Yes,1
421b580a5088b18,NHTSA Same Incident ID,MAY-2023,Austin,TX,"Cruise LLC;General Motors, LLC",30412-5708;540-5729,6b91ce8b8021f2c,No Injuries Reported,Cruise,AV,Passenger Car,Street,ADS,"[REDACTED, MAY CONTAIN CONFIDENTIAL BUSINESS INFORMATION]",2
61aad41dac56bc1,NHTSA Same Incident ID,MAY-2023,Tempe,AZ,Transdev Alternative Services;Waymo LLC,30270-5759;30531-5769,2e422d7be58682f,No Injuries Reported,Jaguar,I-Pace,Passenger Car,Intersection,ADS,Yes,2
6da6905b2ae0d06,NHTSA Same Incident ID,MAY-2023,San Francisco,CA,"Cruise LLC;General Motors, LLC",30412-5697;540-5726,6eea3cc55df3f29,No Injuries Reported,Cruise,AV,Passenger Car,Street,ADS,"[REDACTED, MAY CONTAIN CONFIDENTIAL BUSINESS INFORMATION]",2
6ec340eafed8851,NHTSA Same Incident ID,MAY-2023,Austin,TX,"Cruise LLC;General Motors, LLC",30412-5710;540-5731,20fd2beae76defe,No Injuries Reported,Cruise,AV,Passenger Car,Street,ADS,"[REDACTED, MAY CONTAIN CONFIDENTIAL BUSINESS INFORMATION]",2
7734824b07cf454,NHTSA Same Incident ID,MAY-2023,Phoenix,AZ,Waymo LLC,30270-5756,fcd7d30508e9fce,No Injuries Reported,Jaguar,I-Pace,Passenger Car,Street,ADS,Yes,1
820ae1b8f89c22d,NHTSA Same Incident ID,MAY-2023,San Francisco,CA,"Zoox, Inc.",30610-5716,9c8cf765a91f70e,Minor,Toyota,Highlander,SUV,Street,ADS,Yes,1
82fb19eb82e5406,NHTSA Same Incident ID,MAY-2023,San Francisco,CA,Waymo LLC,30270-5456,2d76a0324d178ec,No Injuries Reported,Jaguar,I-Pace,Non-Motorist: Cyclist,Street,ADS,Yes,1
84e175a3c826442,NHTSA Same Incident ID,MAY-2023,San Francisco,CA,Transdev Alternative Services;Waymo LLC,30270-5429;30531-5440,fa0f9ad09fc1094,No Injuries Reported,Jaguar,I-Pace,SUV,Street,ADS,Yes,2
85bf4a37bd6ec26,NHTSA Same Incident ID,MAY-2023,Austin,TX,"Cruise LLC;General Motors, LLC",30412-5711;540-5735,68c0a206981a597,No Injuries Reported,Cruise,AV,SUV,Street,ADS,"[REDACTED, MAY CONTAIN CONFIDENTIAL BUSINESS INFORMATION]",2
aaac9035f83c66f,NHTSA Same Incident ID,MAY-2023,Grand Rapids,MN,May Mobility,30413-5633,3bc0e9a23a18e40,No Injuries Reported,Toyota,Sienna,Non-Motorist: Other,Intersection,ADS,Yes,1
affa9f367578445,NHTSA Same Incident ID,MAY-2023,Phoenix,AZ,Waymo LLC,30270-5612,900c3ace8a371fa,No Injuries Reported,Jaguar,I-Pace,"Other, see Narrative",Parking Lot,ADS,Yes,1
b4a4e4318698eb8,NHTSA Same Incident ID,MAY-2023,San Francisco,CA,Waymo LLC,30270-5758,920c27ddec5b896,No Injuries Reported,Jaguar,I-Pace,Passenger Car,Street,ADS,Yes,1
bed9a1515830ae3,NHTSA Same Incident ID,MAY-2023,Phoenix,AZ,Waymo LLC,30270-5760,09f6e9bd642f040,No Injuries Reported,Jaguar,I-Pace,Heavy Truck,Street,ADS,Yes,1
c849a0142da5979,NHTSA Same Incident ID,MAY-2023,Austin,TX,"Cruise LLC;General Motors, LLC",30412-5709;540-5730,8fe1001f7c3bfc0,No Injuries Reported,Cruise,AV,Passenger Car,Street,ADS,"[REDACTED, MAY CONTAIN CONFIDENTIAL BUSINESS INFORMATION]",2
e7bf60f9e5a76ca,NHTSA Same Incident ID,MAY-2023,San Francisco,CA,Transdev Alternative Services;Waymo LLC,30270-5762;30531-5770,470966f7d4acb58,No Injuries Reported,Jaguar,I-Pace,Animal,Street,ADS,Yes,2
eba897229a84611,NHTSA Same Incident ID,MAY-2023,San Francisco,CA,"Cruise LLC;General Motors, LLC",30412-5430;540-5445,2f2e0e1e0d6ee91,Minor,Cruise,AV,"Other, see Narrative",Intersection,ADS,"[REDACTED, MAY CONTAIN CONFIDENTIAL BUSINESS INFORMATION]",2
06f87c34e2fe4c0,NHTSA Same Incident ID,MAY-2024,Phoenix,AZ,Waymo LLC,30270-7947,60cb1d8004eced0,No Injuries Reported,Jaguar,I-Pace,"Other, see Narrative",Parking Lot,ADS,Yes,1
07e810793e23a5b,NHTSA Same Incident ID,MAY-2024,San Francisco,CA,Waymo LLC,30270-7935,a862c8051fbc12b,No Injuries Reported,Jaguar,I-Pace,Van,Street,ADS,Yes,1
0b53c07a7e98af2,NHTSA Same Incident ID,MAY-2024,San Francisco,CA,Waymo LLC,30270-7939,8079d1ff0101ee3,No Injuries Reported,Jaguar,I-Pace,Van,Street,ADS,Yes,1
16eb59076e0f085,NHTSA Same Incident ID,MAY-2024,Miami,FL,May Mobility,30413-7880,ab0fa81ec7387bb,No Injuries Reported,Toyota,Sienna,Motorcycle,Street,ADS,Yes,1
1bf0008f0ae5e02,NHTSA Same Incident ID,MAY-2024,Tempe,AZ,Waymo LLC,30270-7941,380f141e3688fe0,No Injuries Reported,Jaguar,I-Pace,Passenger Car,Parking Lot,ADS,Yes,1
291b94613158d04,NHTSA Same Incident ID,MAY-2024,Austin,TX,"Volkswagen Group of America, Inc.",1420-7914,fe576f7e0cb214e,No Injuries Reported,Volkswagen,ID.Buzz,Passenger Car,Parking Lot,ADS,Yes,1
293f1c3457530d0,NHTSA Same Incident ID,MAY-2024,Tempe,AZ,Waymo LLC,30270-7943,82ca7b5717c14e4,No Injuries Reported,Jaguar,I-Pace,Passenger Car,Street,ADS,Yes,1
2f3e786bc04b92b,NHTSA Same Incident ID,MAY-2024,Tempe,AZ,Waymo LLC,30270-7952,16e0623c0edc3e1,No Injuries Reported,Jaguar,I-Pace,Pickup Truck,Street,ADS,Yes,1
312e30a55809d67,NHTSA Same Incident ID,MAY-2024,San Francisco,CA,Waymo LLC,30270-7647,9dfadc4748614b2,No Injuries Reported,Jaguar,I-Pace,Heavy Truck,Street,ADS,Yes,1
38814d25460b4e9,NHTSA Same Incident ID,MAY-2024,San Francisco,CA,Waymo LLC,30270-7934,1946a6ab8590ee1,No Injuries Reported,Jaguar,I-Pace,SUV,Street,ADS,Yes,1
3979ce2cb9bbf11,NHTSA Same Incident ID,MAY-2024,Foster City,CA,"Zoox, Inc.",30610-7819,54348dab214fc94,Minor,Zoox,sedan,Passenger Car,Street,ADS,Yes,1
44dd2cadd0daadd,NHTSA Same Incident ID,MAY-2024,Phoenix,AZ,Waymo LLC,30270-7794,e995b23f44e713b,No Injuries Reported,Jaguar,I-Pace,Pole / Tree,Street,ADS,Yes,1
489ede4ac25d24c,NHTSA Same Incident ID,MAY-2024,Phoenix,AZ,Waymo LLC,30270-7946,35f21dc24f3f317,No Injuries Reported,Jaguar,I-Pace,Heavy Truck,Parking Lot,ADS,Yes,1
48d8ef946e000b8,NHTSA Same Incident ID,MAY-2024,Palo Alto,CA,Nuro,30291-7765,19dfbab6b1b9153,No Injuries Reported,Toyota,Prius,Non-Motorist: Pedestrian,Intersection,ADS,Yes,1
50c30db70309820,NHTSA Same Incident ID,MAY-2024,RICE,TX,"Aurora Operations, Inc.;PACCAR Incorporated",30530-7892;988-7916,34e8ed3ada04f36,No Injuries Reported,Peterbilt,579,Animal,Highway / Freeway,ADS,Yes,2
5a4b64087c340c3,NHTSA Same Incident ID,MAY-2024,Phoenix,AZ,Waymo LLC,30270-7877,376c8139f54419f,No Injuries Reported,Jaguar,I-Pace,Other Fixed Object,Parking Lot,ADS,Yes,1
5aa3127c025c596,NHTSA Same Incident ID,MAY-2024,Phoenix,AZ,Waymo LLC,30270-7734,4a17d6b39e90898,Minor,Jaguar,I-Pace,Passenger Car,Intersection,ADS,Yes,1
64fa0bf7109a79d,NHTSA Same Incident ID,MAY-2024,Houston,TX,Nuro,30291-7677,8b991dd7079a8b7,No Injuries Reported,Toyota,Prius,Passenger Car,Intersection,ADS,Yes,1
67c67c5cdfab8f9,NHTSA Same Incident ID,MAY-2024,San Francisco,CA,Waymo LLC,30270-7938,6928114ae21e747,No Injuries Reported,Jaguar,I-Pace,"Other, see Narrative",Street,ADS,Yes,1
762f5c8deeb0103,NHTSA Same Incident ID,MAY-2024,Los Angeles,CA,Waymo LLC,30270-7953,54dcf0b0f8114d9,No Injuries Reported,Jaguar,I-Pace,SUV,Street,ADS,Yes,1
7b74a49eb5027b6,NHTSA Same Incident ID,MAY-2024,Los Angeles,CA,Transdev Alternative Services;Waymo LLC,30270-7681;30531-7696,960102d7f165699,Serious,Jaguar,I-Pace,Passenger Car,Highway / Freeway,ADS,Yes,2
84a566f93ceec88,NHTSA Same Incident ID,MAY-2024,San Francisco,CA,Waymo LLC,30270-7795,da9870749cbf827,No Injuries Reported,Jaguar,I-Pace,"Other, see Narrative",Parking Lot,ADS,Yes,1
84ff2f9ead1afe1,NHTSA Same Incident ID,MAY-2024,Phoenix,AZ,Waymo LLC,30270-7637,a89e2161ea6f7ac,Unknown,Jaguar,I-Pace,SUV,Intersection,ADS,Yes,1
862890b0bf9fd67,NHTSA Same Incident ID,MAY-2024,San Francisco,CA,Waymo LLC,30270-7639,a8e79896790a202,No Injuries Reported,Jaguar,I-Pace,Motorcycle,Intersection,ADS,Yes,1
8b532df27c59137,NHTSA Same Incident ID,MAY-2024,Los Angeles,CA,Waymo LLC,30270-7940,940ed1aa8fba15a,No Injuries Reported,Jaguar,I-Pace,SUV,Intersection,ADS,Yes,1
8bf3b8dd754b4f8,NHTSA Same Incident ID,MAY-2024,San Francisco,CA,Waymo LLC,30270-7718,27b63f2ddf7d696,No Injuries Reported,Jaguar,I-Pace,Heavy Truck,Street,ADS,Yes,1
8e186003f23c2b5,NHTSA Same Incident ID,MAY-2024,Tempe,AZ,Waymo LLC,30270-7936,2376a04b6b04f4c,No Injuries Reported,Jaguar,I-Pace,"Other, see Narrative",Parking Lot,ADS,Yes,1
8e246bfad5628fa,NHTSA Same Incident ID,MAY-2024,Scottsdale,AZ,Waymo LLC,30270-7730,db8ad4169cf7e4c,No Injuries Reported,Jaguar,I-Pace,Passenger Car,Parking Lot,ADS,Yes,1
8ef453320969f45,NHTSA Same Incident ID,MAY-2024,San Francisco,CA,Waymo LLC,30270-7631,5f975470bb11f2c,No Injuries Reported,Jaguar,I-Pace,Passenger Car,Intersection,ADS,Yes,1
95a8632c506fca0,NHTSA Same Incident ID,MAY-2024,San Francisco,CA,Waymo LLC,30270-7942,5e2e75bef42b5a4,No Injuries Reported,Jaguar,I-Pace,Pickup Truck,Intersection,ADS,Yes,1
REPORT:33175-9304,Report ID fallback,MAY-2024,Austin,TX,Mobileye Vision Technologies,33175-9304,,No Injuries Reported,Volkswagen,ID.Buzz,Passenger Car,Parking Lot,ADS,"Unknown, see Narrative",1
acc8936090bcd7f,NHTSA Same Incident ID,MAY-2024,Tempe,AZ,Waymo LLC,30270-7945,0c7b648d5dfb9f3,Unknown,Jaguar,I-Pace,Passenger Car,Intersection,ADS,Yes,1
afaee27656544e4,NHTSA Same Incident ID,MAY-2024,Tempe,AZ,Waymo LLC,30270-7733,2c7a9a00277e615,Moderate,Jaguar,I-Pace,SUV,Intersection,ADS,Yes,1
b113cc9f72a966e,NHTSA Same Incident ID,MAY-2024,Fremont,CA,Pony.ai,30711-7848,a91a58bb751afbb,No Injuries Reported,Lincoln,MKZ,Other Fixed Object,Street,ADAS,Yes,1
b223e677151596a,NHTSA Same Incident ID,MAY-2024,San Francisco,CA,Transdev Alternative Services;Waymo LLC,30270-7954;30531-7966,c29b4c11225a765,No Injuries Reported,Jaguar,I-Pace,Animal,Highway / Freeway,ADS,Yes,2
bfa704d30ec76ce,NHTSA Same Incident ID,MAY-2024,San Francisco,CA,Waymo LLC,30270-7793,dde7e36bb156c72,No Injuries Reported,Jaguar,I-Pace,Passenger Car,Intersection,ADS,Yes,1
bfdc6bed2775421,NHTSA Same Incident ID,MAY-2024,San Francisco,CA,Waymo LLC,30270-7813,6928114ae21e747,Minor,Jaguar,I-Pace,Pickup Truck,Street,ADS,Yes,1
c92893635f8a32b,NHTSA Same Incident ID,MAY-2024,Los Angeles,CA,Waymo LLC,30270-7949,e306d3b3437f8a0,No Injuries Reported,Jaguar,I-Pace,SUV,Street,ADS,Yes,1
ccf5df807abe76c,NHTSA Same Incident ID,MAY-2024,San Francisco,CA,Waymo LLC,30270-7950,e1d17d1b67dae98,No Injuries Reported,Jaguar,I-Pace,SUV,Street,ADS,Yes,1
f55fb6e48522863,NHTSA Same Incident ID,MAY-2024,Phoenix,AZ,Waymo LLC,30270-7944,9052d837901c491,No Injuries Reported,Jaguar,I-Pace,Passenger Car,Parking Lot,ADS,Yes,1
fb946bdabf49687,NHTSA Same Incident ID,MAY-2024,San Francisco,CA,Transdev Alternative Services;Waymo LLC,30270-7948;30531-7965,d502a98b8f0cfcf,Minor,Jaguar,I-Pace,Passenger Car,Highway / Freeway,ADS,Yes,2
0004c97b78f8dcb,NHTSA Same Incident ID,MAY-2025,Los Angeles,CA,Waymo LLC,30270-10958,e306d3b3437f8a0,No Injuries Reported,Jaguar,I-Pace,SUV,Street,ADS,Yes,1
02f03480ef1d448,NHTSA Same Incident ID,MAY-2025,San Francisco,CA,Waymo LLC,30270-11035,3c6f579b1a334dc,No Injuries Reported,Jaguar,I-Pace,Passenger Car,Street,ADS,Yes,1
0a39c04c0350356,NHTSA Same Incident ID,MAY-2025,San Francisco,CA,Waymo LLC,30270-10885,67ebc4050d000ef,No Injuries Reported,Jaguar,I-PACE,Pickup Truck,Street,ADS,Yes,1
0c9a90bc73ade6f,NHTSA Same Incident ID,MAY-2025,San Francisco,CA,Waymo LLC,30270-11067,adca7777fe00060,No Injuries Reported,Jaguar,I-Pace,Passenger Car,Street,ADS,Yes,1
125ee94589347cf,NHTSA Same Incident ID,MAY-2025,San Francisco,CA,Waymo LLC,30270-10968,ebc1e9e1f5caa66,No Injuries Reported,Jaguar,I-PACE,Van,Street,ADS,Yes,1
137fb699430913c,NHTSA Same Incident ID,MAY-2025,Austin,TX,Waymo LLC,30270-10946,056bf0722360f10,No Injuries Reported,Jaguar,I-PACE,Heavy Truck,Street,ADS,Yes,1
1582044c0ac6e04,NHTSA Same Incident ID,MAY-2025,San Francisco,CA,Waymo LLC,30270-10860,9c2dfc0a39ffaa3,No Injuries Reported,Jaguar,I-Pace,SUV,Street,ADS,Yes,1
1b04ac3821b9568,NHTSA Same Incident ID,MAY-2025,San Francisco,CA,Waymo LLC,30270-10928,57225f078b74141,No Injuries Reported,Jaguar,I-PACE,Passenger Car,Street,ADS,Yes,1
20d16ce5b6513ce,NHTSA Same Incident ID,MAY-2025,Phoenix,AZ,Waymo LLC,30270-11063,a405fd2ef57cdd9,No Injuries Reported,Jaguar,I-Pace,Passenger Car,Parking Lot,ADS,Yes,1
21e573eb1486b06,NHTSA Same Incident ID,MAY-2025,Phoenix,AZ,Waymo LLC,30270-10836,8bde2442583b079,No Injuries Reported,JLR,I-PACE,Non-Motorist: Other,Intersection,ADS,Yes,1
2467ac3f476695d,NHTSA Same Incident ID,MAY-2025,San Francisco,CA,Waymo LLC,30270-10991,ebda0b5465bb521,No Injuries Reported,Jaguar,I-Pace,Passenger Car,Intersection,ADS,Yes,1
25685a1a4167c35,NHTSA Same Incident ID,MAY-2025,Los Angeles,CA,Waymo LLC,30270-11019,b3ed4a7cd298412,No Injuries Reported,Jaguar,I-Pace,Passenger Car,Street,ADS,Yes,1
264fa83376a7ecd,NHTSA Same Incident ID,MAY-2025,San Francisco,CA,Waymo LLC,30270-10976,cab21758c7b4a25,No Injuries Reported,Jaguar,I-Pace,Passenger Car,Street,ADS,Yes,1
26fc6d4a23d798b,NHTSA Same Incident ID,MAY-2025,Culver City,CA,Waymo LLC,30270-10897,36f0229028ff3bd,No Injuries Reported,Jaguar,I-Pace,SUV,Street,ADS,Yes,1
29c8ff1d5aa6c30,NHTSA Same Incident ID,MAY-2025,San Francisco,CA,Waymo LLC,30270-10900,d319491d208a25b,No Injuries Reported,Jaguar,I-Pace,Passenger Car,Intersection,ADS,Yes,1
2fd75d44c245ee1,NHTSA Same Incident ID,MAY-2025,Phoenix,AZ,Waymo LLC,30270-10923,890a843becef5c9,No Injuries Reported,Jaguar,I-PACE,Pickup Truck,Intersection,ADS,Yes,1
336103e51c1853b,NHTSA Same Incident ID,MAY-2025,Austin,TX,Waymo LLC,30270-11003,58de7f4311cc07b,Minor,Jaguar,I-Pace,"Other, see Narrative",Intersection,ADS,Yes,1
33d0ef234f7fc85,NHTSA Same Incident ID,MAY-2025,Atlanta,GA,Waymo LLC,30270-11010,5a6fef52a42e563,No Injuries Reported,Jaguar,I-Pace,"Other, see Narrative",Street,ADS,Yes,1
350b7ff1d9a3d40,NHTSA Same Incident ID,MAY-2025,Los Angeles,CA,Waymo LLC,30270-10975,e3ba84a36946df9,No Injuries Reported,Jaguar,I-Pace,SUV,Street,ADS,Yes,1
375e3fe90e57fff,NHTSA Same Incident ID,MAY-2025,Los Angeles,CA,Waymo LLC,30270-10890,9436196da9eee95,No Injuries Reported,Jaguar,I-Pace,Passenger Car,Intersection,ADS,Yes,1
3865c8210728aa2,NHTSA Same Incident ID,MAY-2025,Culver City,CA,Waymo LLC,30270-10972,6b11d4088fb9e69,No Injuries Reported,Jaguar,I-Pace,SUV,Street,ADS,Yes,1
3a38766eb45c01c,NHTSA Same Incident ID,MAY-2025,Atlanta,GA,Waymo LLC,30270-10954,a73af3aabb5cf29,No Injuries Reported,Jaguar,I-PACE,SUV,Street,ADS,Yes,1
3bed82ec870ce9c,NHTSA Same Incident ID,MAY-2025,Los Angeles,CA,Waymo LLC,30270-10768,9ff684673df8aff,Minor,Jaguar,I-Pace,Non-Motorist: Cyclist,Intersection,ADS,Yes,1
3f78497ddd69a49,NHTSA Same Incident ID,MAY-2025,San Francisco,CA,Waymo LLC,30270-10865,0abdc3e3d684a4f,No Injuries Reported,Jaguar,I-Pace,"Other, see Narrative",Street,ADS,Yes,1
435d9c04a6a3a39,NHTSA Same Incident ID,MAY-2025,Los Angeles,CA,Waymo LLC,30270-10894,2bf595a08da97da,No Injuries Reported,Jaguar,I-Pace,SUV,Intersection,ADS,Yes,1
4468efe647fd81a,NHTSA Same Incident ID,MAY-2025,Los Angeles,CA,Waymo LLC,30270-10664,d95a931fbcfbce4,No Injuries Reported,Jaguar,I-PACE,Heavy Truck,Street,ADS,Yes,1
46ade24152b145f,NHTSA Same Incident ID,MAY-2025,Tempe,AZ,Waymo LLC,30270-10916,720a2c8a04ccf0d,No Injuries Reported,Jaguar,I-Pace,Passenger Car,Intersection,ADS,Yes,1
4bc8fd3b1c7fa4c,NHTSA Same Incident ID,MAY-2025,San Francisco,CA,Waymo LLC,30270-10899,26e4520dfdbdbb5,No Injuries Reported,Jaguar,I-Pace,Pickup Truck,Street,ADS,Yes,1
4bcbd23c87c921a,NHTSA Same Incident ID,MAY-2025,Venice,CA,Waymo LLC,30270-10955,0f0e3980c242033,No Injuries Reported,Jaguar,I-Pace,Passenger Car,Street,ADS,Yes,1
4e15b4d932979b5,NHTSA Same Incident ID,MAY-2025,San Francisco,CA,Waymo LLC,30270-10858,da1c07fbe9f0399,No Injuries Reported,Jaguar,I-Pace,Passenger Car,Street,ADS,Yes,1
535a3d4be962938,NHTSA Same Incident ID,MAY-2025,San Francisco,CA,"Zoox, Inc.",30610-11103,9ce29755988d0d6,No Injuries Reported,Toyota,Highlander,Passenger Car,Street,ADS,Yes,1
54d130a878bc341,NHTSA Same Incident ID,MAY-2025,San Francisco,CA,Waymo LLC,30270-10854,a64814bf1ec68ee,No Injuries Reported,Jaguar,I-PACE,SUV,Street,ADS,Yes,1
57992d8bb01c719,NHTSA Same Incident ID,MAY-2025,San Francisco,CA,"Zoox, Inc.",30610-11098,e63e1f53a69108a,No Injuries Reported,Toyota,Highlander,Passenger Car,Street,ADS,Yes,1
5890c0fce2d43c9,NHTSA Same Incident ID,MAY-2025,San Francisco,CA,Waymo LLC,30270-10886,1529671f5525447,No Injuries Reported,Jaguar,I-PACE,Pickup Truck,Intersection,ADS,Yes,1
594c914927316a8,NHTSA Same Incident ID,MAY-2025,Portola Valley,CA,Waymo LLC,30270-10660,f97408305266b85,No Injuries Reported,Jaguar,I-PACE,"Other, see Narrative",Highway / Freeway,ADS,Yes,1
59f13545e1948d1,NHTSA Same Incident ID,MAY-2025,Daly City,CA,Waymo LLC,30270-10868,e1d17d1b67dae98,No Injuries Reported,Jaguar,I-Pace,Passenger Car,Intersection,ADS,Yes,1
5a1bd34a2ad2bc5,NHTSA Same Incident ID,MAY-2025,Los Angeles,CA,Waymo LLC,30270-10956,7bf41be031891ae,No Injuries Reported,Jaguar,I-Pace,SUV,Street,ADS,Yes,1
6883b070cc5e15d,NHTSA Same Incident ID,MAY-2025,San Francisco,CA,Waymo LLC,30270-10857,2fbc0f5aa555048,No Injuries Reported,Jaguar,I-Pace,SUV,Street,ADS,Yes,1
6ad7e9caaead385,NHTSA Same Incident ID,MAY-2025,Tempe,AZ,Waymo LLC,30270-10891,448979eef1f85fc,No Injuries Reported,Jaguar,I-Pace,Other Fixed Object,Parking Lot,ADS,Yes,1
6cc5f0671f888bd,NHTSA Same Incident ID,MAY-2025,San Francisco,CA,Waymo LLC,30270-10951,bf7fa06b59c7ec8,No Injuries Reported,Jaguar,I-PACE,Passenger Car,Intersection,ADS,Yes,1
72018a3ed847e4a,NHTSA Same Incident ID,MAY-2025,Los Angeles,CA,Waymo LLC,30270-10837,667985e3549b9f4,No Injuries Reported,Jaguar,I-Pace,Passenger Car,Street,ADS,Yes,1
7826d98d4bd1275,NHTSA Same Incident ID,MAY-2025,San Francisco,CA,Waymo LLC,30270-10927,86a8e0bdf8e2f38,No Injuries Reported,Jaguar,I-Pace,Heavy Truck,Street,ADS,Yes,1
79df0042efd5698,NHTSA Same Incident ID,MAY-2025,Phoenix,AZ,Waymo LLC,30270-10675,fc507050d262298,No Injuries Reported,Jaguar,I-PACE,Passenger Car,Street,ADS,Yes,1
7a7b2577ac47f2f,NHTSA Same Incident ID,MAY-2025,Phoenix,AZ,Waymo LLC,30270-10674,497e6e5cfab8d6c,No Injuries Reported,Jaguar,I-PACE,"Other, see Narrative",Street,ADS,Yes,1
7b1ca0c7691ad7d,NHTSA Same Incident ID,MAY-2025,Austin,TX,Waymo LLC,30270-10884,fbc392705616c62,No Injuries Reported,Jaguar,I-PACE,SUV,Intersection,ADS,Yes,1
7bf2bd79eaff634,NHTSA Same Incident ID,MAY-2025,Paradise Valley,AZ,Waymo LLC,30270-10695,16240a7a0c2eb78,No Injuries Reported,Jaguar,I-Pace,SUV,Street,ADS,Yes,1
7f937c99a600db3,NHTSA Same Incident ID,MAY-2025,San Francisco,CA,Waymo LLC,30270-10888,21abb73f00f3a18,No Injuries Reported,Jaguar,I-Pace,SUV,Street,ADS,Yes,1
837457b0986d726,NHTSA Same Incident ID,MAY-2025,Los Angeles,CA,Waymo LLC,30270-10925,a43e67616b1e45c,No Injuries Reported,Jaguar,I-PACE,Pickup Truck,Street,ADS,Yes,1
850eff4a4c154b4,NHTSA Same Incident ID,MAY-2025,San Francisco,CA,Waymo LLC,30270-10961,ddfca1fa270c3fd,No Injuries Reported,Jaguar,I-Pace,Passenger Car,Street,ADS,Yes,1
8a1786924262b79,NHTSA Same Incident ID,MAY-2025,Austin,TX,Transdev Alternative Services;Waymo LLC,30270-10642;30531-10650,e5b7eeb0f172bcb,No Injuries Reported,Jaguar,I-Pace,SUV,Street,ADS,Yes,2
8b80fcf366fb159,NHTSA Same Incident ID,MAY-2025,Los Angeles,CA,Waymo LLC,30270-10963,5112208df64a515,No Injuries Reported,Jaguar,I-Pace,SUV,Parking Lot,ADS,Yes,1
912fe10da529c31,NHTSA Same Incident ID,MAY-2025,San Francisco,CA,Waymo LLC,30270-10746,8aa8c53bfbf4a75,No Injuries Reported,Jaguar,I-PACE,Pickup Truck,Street,ADS,Yes,1
91dc44a6aa3f5e2,NHTSA Same Incident ID,MAY-2025,San Francisco,CA,Waymo LLC,30270-10921,30d416716606fc7,No Injuries Reported,Jaguar,I-Pace,SUV,Street,ADS,Yes,1
9323cdd86d936cc,NHTSA Same Incident ID,MAY-2025,San Francisco,CA,Waymo LLC,30270-10924,44e937d6f707822,No Injuries Reported,Jaguar,I-PACE,SUV,Street,ADS,Yes,1
94af66ac74791b3,NHTSA Same Incident ID,MAY-2025,Tempe,AZ,Waymo LLC,30270-10965,400295965fa177c,No Injuries Reported,Jaguar,I-Pace,Passenger Car,Intersection,ADS,Yes,1
95a921627d947c5,NHTSA Same Incident ID,MAY-2025,San Francisco,CA,"Zoox, Inc.",30610-11100,5e75c300752833a,Minor,Toyota,Highlander,Passenger Car,Street,ADS,Yes,1
972f0d5649cad92,NHTSA Same Incident ID,MAY-2025,Los Angeles,CA,Waymo LLC,30270-10953,09a9755835b507c,No Injuries Reported,Jaguar,I-PACE,Passenger Car,Street,ADS,Yes,1
9a3d65b9c5f0f26,NHTSA Same Incident ID,MAY-2025,Austin,TX,Waymo LLC,30270-10912,54a02e94e0a19eb,No Injuries Reported,Jaguar,I-Pace,Pickup Truck,Street,ADS,Yes,1
9ecb58bd6ee3519,NHTSA Same Incident ID,MAY-2025,Los Angeles,CA,Waymo LLC,30270-10859,228b0057ae12b8a,No Injuries Reported,Jaguar,I-Pace,Heavy Truck,Street,ADS,Yes,1
9ed92f4565a42d7,NHTSA Same Incident ID,MAY-2025,Los Angeles,CA,Waymo LLC,30270-10919,fb4b507fa0fd555,No Injuries Reported,Jaguar,I-Pace,Passenger Car,Street,ADS,Yes,1
a206de7f11fc179,NHTSA Same Incident ID,MAY-2025,San Francisco,CA,Waymo LLC,30270-11002,c366ba7df129464,No Injuries Reported,Jaguar,I-Pace,Pickup Truck,Street,ADS,Yes,1
a2ed9f0f8198649,NHTSA Same Incident ID,MAY-2025,Santa Monica,CA,Waymo LLC,30270-10892,922a650cd4fb541,Minor,Jaguar,I-Pace,Passenger Car,Street,ADS,Yes,1
a4221254ea9e123,NHTSA Same Incident ID,MAY-2025,San Francisco,CA,Waymo LLC,30270-10775,99792a5987d8ed0,No Injuries Reported,Jaguar,I-PACE,Passenger Car,Street,ADS,Yes,1
a4a1c8a58c35ae2,NHTSA Same Incident ID,MAY-2025,Atlanta,GA,Waymo LLC,30270-11058,575cf796fe8c397,No Injuries Reported,Jaguar,I-Pace,"Other, see Narrative",Street,ADS,Yes,1
a5494cc58505ab8,NHTSA Same Incident ID,MAY-2025,Las Vegas,NV,"Zoox, Inc.",30610-11097,345db5f91fcf133,Minor,Toyota,Highlander,Passenger Car,Intersection,ADS,Yes,1
a55b19c4d8134d2,NHTSA Same Incident ID,MAY-2025,San Francisco,CA,Waymo LLC,30270-10866,d8b37d0763f2362,No Injuries Reported,Jaguar,I-Pace,Passenger Car,Intersection,ADS,Yes,1
aa2bae513094cf7,NHTSA Same Incident ID,MAY-2025,Chandler,AZ,Waymo LLC,30270-10869,a9c5edef0ceff01,No Injuries Reported,Jaguar,I-Pace,SUV,Intersection,ADS,Yes,1
aa443743268825d,NHTSA Same Incident ID,MAY-2025,San Francisco,CA,Waymo LLC,30270-11005,b548f8e8e2f805d,No Injuries Reported,Jaguar,I-PACE,SUV,Street,ADS,Yes,1
aa8cc04d9bd00c9,NHTSA Same Incident ID,MAY-2025,San Francisco,CA,Waymo LLC,30270-10909,356f5c95bf804e5,No Injuries Reported,Jaguar,I-Pace,"Other, see Narrative",Street,ADS,Yes,1
ae53ba9420d628d,NHTSA Same Incident ID,MAY-2025,San Francisco,CA,Waymo LLC,30270-10917,5c94bfbcaa51d6a,No Injuries Reported,Jaguar,I-Pace,SUV,Street,ADS,Yes,1
b7ad401221e8988,NHTSA Same Incident ID,MAY-2025,San Francisco,CA,"Zoox, Inc.",30610-10711,0c73c4fc3c11efd,Minor,Zoox,sedan,"Other, see Narrative",Street,ADS,Yes,1
b7f23b1bc1fe8e7,NHTSA Same Incident ID,MAY-2025,San Francisco,CA,Waymo LLC,30270-10926,d13ac18a7edf332,No Injuries Reported,Jaguar,I-Pace,Bus,Street,ADS,Yes,1
bc86c2d88543f19,NHTSA Same Incident ID,MAY-2025,San Francisco,CA,Waymo LLC,30270-10960,07bf5e498a7e5e7,No Injuries Reported,Jaguar,I-Pace,SUV,Street,ADS,Yes,1
bd5d57b4a81664d,NHTSA Same Incident ID,MAY-2025,San Francisco,CA,Waymo LLC,30270-10969,23dca52bf69aa98,Minor,Jaguar,I-Pace,Van,Street,ADS,Yes,1
c0116c0a104d5d3,NHTSA Same Incident ID,MAY-2025,Washington,DC,Waymo LLC,30270-10971,c47347e2a1b42ed,No Injuries Reported,Jaguar,I-Pace,Bus,Street,ADS,Yes,1
c13b47e892af43d,NHTSA Same Incident ID,MAY-2025,San Francisco,CA,Waymo LLC,30270-10887,64e2731246da764,No Injuries Reported,Jaguar,I-PACE,SUV,Street,ADS,Yes,1
c2cceca3c7e755a,NHTSA Same Incident ID,MAY-2025,Santa Clara,CA,WeRide Corp,30792-10691,caa76225bb77e79,No Injuries Reported,Nissan,Leaf,SUV,Highway / Freeway,ADS,Yes,1
c397f44794adc7e,NHTSA Same Incident ID,MAY-2025,Las Vegas,NV,Hyundai Motor America;Motional,30410-10855;669-10862,d6e153c4454ec88,No Injuries Reported,Hyundai,Ioniq 5,Non-Motorist: Cyclist,Intersection,ADS,Yes,2
c526dfdcc262071,NHTSA Same Incident ID,MAY-2025,Austin,TX,Waymo LLC,30270-10920,5fe5a739dad0e4a,No Injuries Reported,Jaguar,I-Pace,Passenger Car,Parking Lot,ADS,Yes,1
c567f6216700e57,NHTSA Same Incident ID,MAY-2025,San Francisco,CA,Waymo LLC,30270-10973,6060f6e3fa3dfaf,No Injuries Reported,Jaguar,I-Pace,"Other, see Narrative",Street,ADS,Yes,1
cc65e1264726157,NHTSA Same Incident ID,MAY-2025,Los Angeles,CA,Waymo LLC,30270-10974,2c5baac76ee95ab,No Injuries Reported,Jaguar,I-Pace,SUV,Street,ADS,Yes,1
cc79f550f5c99e2,NHTSA Same Incident ID,MAY-2025,Austin,TX,Waymo LLC,30270-11007,3447c06688ab8ec,No Injuries Reported,Jaguar,I-Pace,Other Fixed Object,Street,ADS,Yes,1
ce790f1a393e1af,NHTSA Same Incident ID,MAY-2025,Los Angeles,CA,Waymo LLC,30270-10966,d9d5dc741b88875,No Injuries Reported,Jaguar,I-Pace,SUV,Street,ADS,Yes,1
cff0eb3cf70a23a,NHTSA Same Incident ID,MAY-2025,Los Angeles,CA,Waymo LLC,30270-10893,756b6782e9aa439,No Injuries Reported,Jaguar,I-Pace,Passenger Car,Street,ADS,Yes,1
d4f95ba33497578,NHTSA Same Incident ID,MAY-2025,Venice,CA,Waymo LLC,30270-10915,76c6b63295cd67f,No Injuries Reported,Jaguar,I-Pace,SUV,Street,ADS,Yes,1
d582818dfc3c40d,NHTSA Same Incident ID,MAY-2025,San Francisco,CA,Waymo LLC,30270-10970,15838fb78bcd782,No Injuries Reported,Jaguar,I-PACE,Heavy Truck,Street,ADS,Yes,1
d62b1a61bfcc776,NHTSA Same Incident ID,MAY-2025,San Francisco,CA,Waymo LLC,30270-10898,d5aa0d54c32a6e9,No Injuries Reported,Jaguar,I-Pace,SUV,Street,ADS,Yes,1
d6f40a1ebd09055,NHTSA Same Incident ID,MAY-2025,San Francisco,CA,Waymo LLC,30270-11066,1529671f5525447,No Injuries Reported,Jaguar,I-Pace,SUV,Street,ADS,Yes,1
d79d6f7be18d89f,NHTSA Same Incident ID,MAY-2025,San Francisco,CA,Waymo LLC,30270-10838,597501ee2911576,No Injuries Reported,Jaguar,I-Pace,Heavy Truck,Intersection,ADS,Yes,1
d856285c0e6e371,NHTSA Same Incident ID,MAY-2025,Atlanta,GA,Waymo LLC,30270-11001,7203560c273c6fc,No Injuries Reported,Jaguar,I-Pace,"Other, see Narrative",Street,ADS,Yes,1
d8bf17e48204af3,NHTSA Same Incident ID,MAY-2025,San Francisco,CA,Waymo LLC,30270-10952,5e305338da01303,No Injuries Reported,Jaguar,I-PACE,Van,Street,ADS,Yes,1
dcdc0f9cfeb8580,NHTSA Same Incident ID,MAY-2025,San Francisco,CA,Waymo LLC,30270-10663,e0846443b7c6da5,No Injuries Reported,Jaguar,I-PACE,Heavy Truck,Street,ADS,Yes,1
dd7979d22b5c160,NHTSA Same Incident ID,MAY-2025,San Francisco,CA,Waymo LLC,30270-10776,4397efdcc60adba,No Injuries Reported,Jaguar,I-PACE,Heavy Truck,Street,ADS,Yes,1
ddb20e9658b9e8c,NHTSA Same Incident ID,MAY-2025,Tempe,AZ,Waymo LLC,30270-10980,b27d27e72de0d32,No Injuries Reported,Jaguar,I-Pace,Bus,Street,ADS,Yes,1
ded401a445ecb83,NHTSA Same Incident ID,MAY-2025,Phoenix,AZ,Waymo LLC,30270-10852,e01ebdec587ae9c,No Injuries Reported,Jaguar,I-Pace,SUV,Parking Lot,ADS,Yes,1
dfcbfef586a2761,NHTSA Same Incident ID,MAY-2025,Phoenix,AZ,Waymo LLC,30270-10967,0a9fd7966e07ea2,No Injuries Reported,Jaguar,I-Pace,Passenger Car,Parking Lot,ADS,Yes,1
e5297d66f8ee1f3,NHTSA Same Incident ID,MAY-2025,Beverly Hills,CA,Waymo LLC,30270-10918,135ea8015706e50,No Injuries Reported,Jaguar,I-Pace,SUV,Street,ADS,Yes,1
e8ea7e3d7fa6522,NHTSA Same Incident ID,MAY-2025,Phoenix,AZ,Waymo LLC,30270-10889,125d75ba406b26e,No Injuries Reported,Jaguar,I-Pace,Passenger Car,Intersection,ADS,Yes,1
ec072be87c1b410,NHTSA Same Incident ID,MAY-2025,Los Angeles,CA,Waymo LLC,30270-10673,d38a9c8870c899e,No Injuries Reported,Jaguar,I-Pace,Heavy Truck,Intersection,ADS,Yes,1
ed65f29970c4f80,NHTSA Same Incident ID,MAY-2025,Phoenix,AZ,Waymo LLC,30270-10957,1248824bfe1ef5c,No Injuries Reported,Jaguar,I-Pace,Animal,Street,ADS,Yes,1
f051ff34dee722a,NHTSA Same Incident ID,MAY-2025,San Francisco,CA,Waymo LLC,30270-10964,008595536df2d92,No Injuries Reported,Jaguar,I-Pace,Pickup Truck,Intersection,ADS,Yes,1
f094c379022a57b,NHTSA Same Incident ID,MAY-2025,San Francisco,CA,"Zoox, Inc.",30610-11099,3a51469eb6f2491,No Injuries Reported,Toyota,Highlander,"Other, see Narrative",Street,ADS,Yes,1
f0ae0f1d67d9a27,NHTSA Same Incident ID,MAY-2025,Oak Ridge North,TX,PlusAI Inc,30634-10693,c85cbc0da3b99a9,No Injuries Reported,KENWORTH,T680,"Other, see Narrative",Highway / Freeway,ADS,"[REDACTED, MAY CONTAIN CONFIDENTIAL BUSINESS INFORMATION]",1
f110e2392e5e442,NHTSA Same Incident ID,MAY-2025,Phoenix,AZ,Waymo LLC,30270-10751,8d461142a6059de,No Injuries Reported,Jaguar,I-Pace,Pickup Truck,Intersection,ADS,Yes,1
f2792c77e77c962,NHTSA Same Incident ID,MAY-2025,Tempe,AZ,Waymo LLC,30270-10833,4ad5ae69bab291a,No Injuries Reported,Jaguar,I-PACE,Passenger Car,Intersection,ADS,Yes,1
f28c3fe08136617,NHTSA Same Incident ID,MAY-2025,Chandler,AZ,Waymo LLC,30270-10863,8e26baf28251fab,No Injuries Reported,Jaguar,I-PACE,"Other, see Narrative",Parking Lot,ADS,Yes,1
f5ae0620dc7354f,NHTSA Same Incident ID,MAY-2025,Austin,TX,Waymo LLC,30270-11062,0dbd4138c7a62ef,No Injuries Reported,Jaguar,I-Pace,"Other, see Narrative",Street,ADS,Yes,1
f6717c777b1d250,NHTSA Same Incident ID,MAY-2025,San Francisco,CA,Waymo LLC,30270-10962,16a44d106902a4f,No Injuries Reported,Jaguar,I-Pace,Van,Street,ADS,Yes,1
f9aa6814a8a22df,NHTSA Same Incident ID,MAY-2025,San Francisco,CA,Waymo LLC,30270-10861,88de18aafbf11eb,No Injuries Reported,Jaguar,I-PACE,Van,Street,ADS,Yes,1
f9ce00c7d13ada9,NHTSA Same Incident ID,MAY-2025,San Francisco,CA,Waymo LLC,30270-10959,e1fd8590ddc22f7,No Injuries Reported,Jaguar,I-Pace,SUV,Intersection,ADS,Yes,1
0714d81c98729b4,NHTSA Same Incident ID,MAY-2026,Los Angeles,CA,Waymo LLC,30270-15030,f89ceaa0e284524,Property Damage. No Injured Reported,JAGUAR,I-PACE,SUV,Street,ADS,Yes,1
08ec8b688c6da5f,NHTSA Same Incident ID,MAY-2026,Arlington,TX,May Mobility,30413-15464,2f0ca3019035ccc,No Injured Reported,TOYOTA,Sienna,"Other, see Narrative",Street,ADS,Yes,1
0b18be2cc314801,NHTSA Same Incident ID,MAY-2026,Dallas,TX,Avride Inc.,31101-15099,0797e1c08b4d730,Property Damage. No Injured Reported,HYUNDAI,Ioniq 5,Passenger Car,Street,ADS,Yes,1
0c49fb4d0ffa565,NHTSA Same Incident ID,MAY-2026,Los Angeles,CA,Waymo LLC,30270-15101,c8f1d538a69f045,Property Damage. No Injured Reported,JAGUAR,I-PACE,"Other, see Narrative",Parking Lot,ADS,Yes,1
0ffe81feb04236f,NHTSA Same Incident ID,MAY-2026,San Francisco,CA,Waymo LLC,30270-15298,327b6c91f6794d7,Property Damage. No Injured Reported,JAGUAR,I-PACE,Bus,Intersection,ADS,Yes,1
1124d490953b219,NHTSA Same Incident ID,MAY-2026,Santa Monica,CA,Waymo LLC,30270-14992,20ade02bce67d43,Property Damage. No Injured Reported,JAGUAR,I-PACE,SUV,Street,ADS,Yes,1
1130e10f709f619,NHTSA Same Incident ID,MAY-2026,San Francisco,CA,Waymo LLC,30270-15178,b2460aa4d9958ba,Property Damage. No Injured Reported,JAGUAR,I-PACE,Pickup Truck,Street,ADS,Yes,1
11ee822371429c8,NHTSA Same Incident ID,MAY-2026,San Francisco,CA,Waymo LLC,30270-15069,549dc088263cd26,Property Damage. No Injured Reported,JAGUAR,I-PACE,Motorcycle,Street,ADS,Yes,1
1549113738cf5fd,NHTSA Same Incident ID,MAY-2026,San Francisco,CA,"Zoox, Inc.",30610-15481,d94d0871201702d,Property Damage. No Injured Reported,TOYOTA,Highlander,Passenger Car,Street,ADS,Yes,1
16052bf593662d8,NHTSA Same Incident ID,MAY-2026,Los Angeles,CA,Waymo LLC,30270-15025,88ad4c896233ef9,Property Damage. No Injured Reported,JAGUAR,I-PACE,Bus,Intersection,ADS,Yes,1
1b2dba4b216c736,NHTSA Same Incident ID,MAY-2026,Dallas,TX,Avride Inc.,31101-14974,b827169bf9ca26c,Property Damage. No Injured Reported,HYUNDAI,Ioniq 5,Passenger Car,Street,ADS,Yes,1
1e3f01c71a58f19,NHTSA Same Incident ID,MAY-2026,Dallas,TX,Waymo LLC,30270-14942,1d5f2d359f195a6,Property Damage. No Injured Reported,JAGUAR,I-PACE,"Other, see Narrative",Parking Lot,ADS,Yes,1
1f49cee006a3ed0,NHTSA Same Incident ID,MAY-2026,South San Francisco,CA,Waymo LLC,30270-15009,51dcaf626c25d03,Property Damage. No Injured Reported,JAGUAR,I-PACE,Passenger Car,Street,ADS,Yes,1
25b07ecc49e3cbf,NHTSA Same Incident ID,MAY-2026,Miami,FL,Waymo LLC,30270-14978,bd39b7ca1af083b,Property Damage. No Injured Reported,JAGUAR,I-PACE,SUV,Street,ADS,Yes,1
2b85919ed5b74d5,NHTSA Same Incident ID,MAY-2026,Houston,TX,Waymo LLC,30270-14979,127631507705ca2,Property Damage. No Injured Reported,JAGUAR,I-PACE,Passenger Car,Intersection,ADS,Yes,1
2d1a745de459b33,NHTSA Same Incident ID,MAY-2026,Miami,FL,Waymo LLC,30270-15292,beb69e7c38d7ae3,Property Damage. No Injured Reported,JAGUAR,I-PACE,Van,Street,ADS,Yes,1
320367e19dd75d9,NHTSA Same Incident ID,MAY-2026,Dallas,TX,"Tesla, Inc.",13781-15399,04f9010277fec7a,Property Damage. No Injured Reported,TESLA,Model Y,Other Fixed Object,Parking Lot,ADS,Yes,1
35b5ed8b3ad4843,NHTSA Same Incident ID,MAY-2026,Los Angeles,CA,Waymo LLC,30270-15104,13a3b5cbdc83fb8,Property Damage. No Injured Reported,JAGUAR,I-PACE,Passenger Car,Intersection,ADS,Yes,1
36021331c11e7bb,NHTSA Same Incident ID,MAY-2026,Austin,TX,Waymo LLC,30270-15259,380e494e72548e4,Property Damage. No Injured Reported,JAGUAR,I-PACE,SUV,Street,ADS,Yes,1
36d96f9b2661bd3,NHTSA Same Incident ID,MAY-2026,Los Angeles,CA,Waymo LLC,30270-15177,7108922e6a861c0,Minor W/O Hospitalization,JAGUAR,I-PACE,SUV,Street,ADS,Yes,1
3882252d5641b7a,NHTSA Same Incident ID,MAY-2026,Redwood City,CA,Waymo LLC,30270-15195,860d8b0a5cbf7c0,Property Damage. No Injured Reported,JAGUAR,I-PACE,Passenger Car,Street,ADS,Yes,1
3aa771b54ce5693,NHTSA Same Incident ID,MAY-2026,Atlanta,GA,Waymo LLC,30270-15251,fa160766978a856,Property Damage. No Injured Reported,JAGUAR,I-PACE,Passenger Car,Street,ADS,Yes,1
3d8644dfd8c835e,NHTSA Same Incident ID,MAY-2026,Los Angeles,CA,Waymo LLC,30270-15070,68faac3546b97a8,Moderate W/ Hospitalization,ZEEKR,RT,Pickup Truck,Street,ADS,Yes,1
3ef344e926bf933,NHTSA Same Incident ID,MAY-2026,San Francisco,CA,Waymo LLC,30270-15158,e67e34f0cbbb520,Property Damage. No Injured Reported,JAGUAR,I-PACE,Pickup Truck,Street,ADS,Yes,1
3f95cea5fcf8776,NHTSA Same Incident ID,MAY-2026,West Hollywood,CA,Waymo LLC,30270-15175,bf9421a91cfcdbc,Property Damage. No Injured Reported,JAGUAR,I-PACE,SUV,Street,ADS,Yes,1
4155f4389a6aca0,NHTSA Same Incident ID,MAY-2026,Austin,TX,Waymo LLC,30270-15307,cef4ff01559177e,Property Damage. No Injured Reported,JAGUAR,I-PACE,SUV,Parking Lot,ADS,Yes,1
438363c55b5eb24,NHTSA Same Incident ID,MAY-2026,San Francisco,CA,Waymo LLC,30270-15250,18376a50523796f,Property Damage. No Injured Reported,JAGUAR,I-PACE,First Responder Vehicle,Street,ADS,Yes,1
45ed3d57421171c,NHTSA Same Incident ID,MAY-2026,San Francisco,CA,Waymo LLC,30270-14984,f5bad8f25c54711,Property Damage. No Injured Reported,JAGUAR,I-PACE,SUV,Intersection,ADS,Yes,1
48109f45be02ae0,NHTSA Same Incident ID,MAY-2026,Dallas,TX,Avride Inc.,31101-15189,66777850da94681,Property Damage. No Injured Reported,HYUNDAI,Ioniq 5,SUV,Intersection,ADS,Yes,1
4928b95109f3309,NHTSA Same Incident ID,MAY-2026,Las Vegas,NV,"Zoox, Inc.",30610-15295,8414b72c979c42f,Unknown,ZOOX,Zoox,Passenger Car,Street,ADS,Yes,1
4a6b7e3f7b3d162,NHTSA Same Incident ID,MAY-2026,Los Angeles,CA,Waymo LLC,30270-15002,d8b8ce0b95cec87,Property Damage. No Injured Reported,JAGUAR,I-PACE,Animal,Intersection,ADS,Yes,1
4d772dbc1a8fa25,NHTSA Same Incident ID,MAY-2026,Phoenix,AZ,Waymo LLC,30270-15076,78816b7b923b357,Property Damage. No Injured Reported,JAGUAR,I-PACE,"Other, see Narrative",Street,ADS,Yes,1
501f3b7ddfa7aa6,NHTSA Same Incident ID,MAY-2026,Los Angeles,CA,Waymo LLC,30270-15254,4d8db757a04a594,Property Damage. No Injured Reported,JAGUAR,I-PACE,"Other, see Narrative",Parking Lot,ADS,Yes,1
523216e6e8979bf,NHTSA Same Incident ID,MAY-2026,San Francisco,CA,Waymo LLC,30270-15252,35533e11f1c1d60,Property Damage. No Injured Reported,JAGUAR,I-PACE,Passenger Car,Street,ADS,Yes,1
53742358e772844,NHTSA Same Incident ID,MAY-2026,San Jose,CA,Waymo LLC,30270-15014,3a728f1f82dd35b,Property Damage. No Injured Reported,JAGUAR,I-PACE,Passenger Car,Street,ADS,Yes,1
56ac17ee8f3d57b,NHTSA Same Incident ID,MAY-2026,Los Angeles,CA,Waymo LLC,30270-14939,a213d3839a98968,Property Damage. No Injured Reported,JAGUAR,I-PACE,SUV,Street,ADS,Yes,1
588c6d255f424b8,NHTSA Same Incident ID,MAY-2026,Culver City,CA,Waymo LLC,30270-15289,2c6cb507a6366c8,Property Damage. No Injured Reported,JAGUAR,I-PACE,Passenger Car,Traffic Circle,ADS,Yes,1
59a2273fb5694d1,NHTSA Same Incident ID,MAY-2026,San Francisco,CA,Waymo LLC,30270-15159,20ec015a22aa9fe,Property Damage. No Injured Reported,JAGUAR,I-PACE,Passenger Car,Intersection,ADS,Yes,1
5ab9302c7c5e9c6,NHTSA Same Incident ID,MAY-2026,Tempe,AZ,Waymo LLC,30270-15097,40a4ad4f6d6f753,Property Damage. No Injured Reported,JAGUAR,I-PACE,SUV,Street,ADS,Yes,1
5cd518cd4add61f,NHTSA Same Incident ID,MAY-2026,Miami,FL,Waymo LLC,30270-15263,266db6faa66db78,Property Damage. No Injured Reported,JAGUAR,I-PACE,SUV,Street,ADS,Yes,1
6109fd210931b16,NHTSA Same Incident ID,MAY-2026,Phoenix,AZ,Waymo LLC,30270-15257,1c183760c9e65e8,Property Damage. No Injured Reported,JAGUAR,I-PACE,"Other, see Narrative",Street,ADS,Yes,1
62662c13b50031b,NHTSA Same Incident ID,MAY-2026,Los Angeles,CA,Waymo LLC,30270-15291,a6ee1cf7d3fb6b5,Property Damage. No Injured Reported,JAGUAR,I-PACE,Passenger Car,Street,ADS,Yes,1
631c1b685c0f62f,NHTSA Same Incident ID,MAY-2026,Austin,TX,Waymo LLC,30270-15068,9680a7ecf07e2ae,Property Damage. No Injured Reported,JAGUAR,I-PACE,Pickup Truck,Parking Lot,ADS,Yes,1
64e8c04b131f3b8,NHTSA Same Incident ID,MAY-2026,Phoenix,AZ,Waymo LLC,30270-15174,54be8536917e808,Moderate W/ Hospitalization,JAGUAR,I-PACE,Pickup Truck,Intersection,ADS,Yes,1
6c562c5ecd705a5,NHTSA Same Incident ID,MAY-2026,Los Angeles,CA,Waymo LLC,30270-14894,224dd51cdc4c2c8,Property Damage. No Injured Reported,JAGUAR,I-PACE,Passenger Car,Street,ADS,Yes,1
6c59fc757b5cd6f,NHTSA Same Incident ID,MAY-2026,San Francisco,CA,Waymo LLC,30270-14987,e3132dbbe830dd9,Property Damage. No Injured Reported,JAGUAR,I-PACE,SUV,Street,ADS,Yes,1
6e5234c59081cf5,NHTSA Same Incident ID,MAY-2026,Phoenix,AZ,Waymo LLC,30270-14890,f26afd148f655e1,Property Damage. No Injured Reported,JAGUAR,I-PACE,SUV,Street,ADS,Yes,1
6f683f0f37f5e27,NHTSA Same Incident ID,MAY-2026,Austin,TX,Waymo LLC,30270-15098,78cf58b9c184536,Property Damage. No Injured Reported,JAGUAR,I-PACE,Passenger Car,Street,ADS,Yes,1
6fae4f5dac9537c,NHTSA Same Incident ID,MAY-2026,San Francisco,CA,Waymo LLC,30270-15193,4fb647281cb3ccc,Minor W/O Hospitalization,JAGUAR,I-PACE,SUV,Street,ADS,Yes,1
736fb36f9e489e1,NHTSA Same Incident ID,MAY-2026,San Francisco,CA,Waymo LLC,30270-15021,46b3799ef969057,Property Damage. No Injured Reported,JAGUAR,I-PACE,Bus,Street,ADS,Yes,1
743e17db5aaae34,NHTSA Same Incident ID,MAY-2026,Atlanta,GA,Waymo LLC,30270-15015,3484caaa1de941e,Property Damage. No Injured Reported,JAGUAR,I-PACE,Van,Street,ADS,Yes,1
76885c23bb1c231,NHTSA Same Incident ID,MAY-2026,Miami,FL,"Zoox, Inc.",30610-15480,22687e5ae41cf22,Property Damage. No Injured Reported,TOYOTA,Highlander,Pickup Truck,Street,ADS,Yes,1
7739219297660ac,NHTSA Same Incident ID,MAY-2026,Austin,TX,Waymo LLC,30270-14977,15a063658f65388,Property Damage. No Injured Reported,JAGUAR,I-PACE,Passenger Car,Intersection,ADS,Yes,1
78d4173a18eaa52,NHTSA Same Incident ID,MAY-2026,San Francisco,CA,Waymo LLC,30270-15029,94e8b47ece14f25,Property Damage. No Injured Reported,JAGUAR,I-PACE,"Other, see Narrative",Street,ADS,Yes,1
7a0b89fd9379a33,NHTSA Same Incident ID,MAY-2026,Houston,TX,Waymo LLC,30270-15013,d8b8a7bba5ac3f3,Property Damage. No Injured Reported,JAGUAR,I-PACE,Passenger Car,Intersection,ADS,Yes,1
7bd5b3076128d15,NHTSA Same Incident ID,MAY-2026,Dallas,TX,Avride Inc.,31101-14898,ec7207d9ecddf3a,Property Damage. No Injured Reported,HYUNDAI,Ioniq 5,Pickup Truck,Street,ADS,Yes,1
7d6d4942edb67c8,NHTSA Same Incident ID,MAY-2026,San Francisco,CA,Waymo LLC,30270-15106,22f4a9434bb99b4,Property Damage. No Injured Reported,JAGUAR,I-PACE,Passenger Car,Street,ADS,Yes,1
8212332da3212c5,NHTSA Same Incident ID,MAY-2026,Culver City,CA,Waymo LLC,30270-15102,7ac00f3a65b7184,Property Damage. No Injured Reported,JAGUAR,I-PACE,Passenger Car,Street,ADS,Yes,1
8457fb412081c72,NHTSA Same Incident ID,MAY-2026,San Francisco,CA,Waymo LLC,30270-15179,94d4295956bd0c0,Property Damage. No Injured Reported,JAGUAR,I-PACE,Motorcycle,Intersection,ADS,Yes,1
876f3b0429a5e17,NHTSA Same Incident ID,MAY-2026,San Francisco,CA,Waymo LLC,30270-15172,20ec015a22aa9fe,Property Damage. No Injured Reported,JAGUAR,I-PACE,Bus,Street,ADS,Yes,1
8bd7b17fadf6f82,NHTSA Same Incident ID,MAY-2026,San Francisco,CA,Waymo LLC,30270-15160,d46b5295a05b526,Property Damage. No Injured Reported,JAGUAR,I-PACE,SUV,Street,ADS,Yes,1
8c15b7696dc3cad,NHTSA Same Incident ID,MAY-2026,Nashville,TN,Waymo LLC,30270-15302,ef101729afc1d68,Property Damage. No Injured Reported,JAGUAR,I-PACE,Heavy Truck,Highway / Freeway,ADS,Yes,1
8c47e2c871cfdd5,NHTSA Same Incident ID,MAY-2026,Los Angeles,CA,Waymo LLC,30270-15105,ba23d6201ce340c,Minor W/O Hospitalization,JAGUAR,I-PACE,Pickup Truck,Street,ADS,Yes,1
8ea2ffb45b31ccc,NHTSA Same Incident ID,MAY-2026,Miami Beach,FL,Waymo LLC,30270-15260,4e3f5d9f96263ef,Property Damage. No Injured Reported,JAGUAR,I-PACE,Passenger Car,Street,ADS,Yes,1
9041a50955c6506,NHTSA Same Incident ID,MAY-2026,Los Angeles,CA,Waymo LLC,30270-14980,542d46a69792e50,Minor W/O Hospitalization,JAGUAR,I-PACE,Passenger Car,Street,ADS,Yes,1
90fe93bead0ad8c,NHTSA Same Incident ID,MAY-2026,Atlanta,GA,Waymo LLC,30270-15067,21b21fb5b234494,Property Damage. No Injured Reported,JAGUAR,I-PACE,Pickup Truck,Street,ADS,Yes,1
96b7cee8621bc70,NHTSA Same Incident ID,MAY-2026,Los Angeles,CA,Waymo LLC,30270-14989,c7ad2d06498a590,Property Damage. No Injured Reported,JAGUAR,I-PACE,SUV,Street,ADS,Yes,1
991c8e09082b56f,NHTSA Same Incident ID,MAY-2026,Los Angeles,CA,Waymo LLC,30270-15024,48e99f4fdcd4620,Property Damage. No Injured Reported,JAGUAR,I-PACE,Passenger Car,Street,ADS,Yes,1
99b0d97f618df12,NHTSA Same Incident ID,MAY-2026,Mesa,AZ,Waymo LLC,30270-15157,a22c1c38eb314a1,Property Damage. No Injured Reported,JAGUAR,I-PACE,"Other, see Narrative",Street,ADS,Yes,1
9c06615257de0f4,NHTSA Same Incident ID,MAY-2026,Arlington,TX,May Mobility,30413-15463,ea9cdb298595089,No Injured Reported,TOYOTA,Sienna,"Other, see Narrative",Street,ADS,Yes,1
9e6517cb4be86b4,NHTSA Same Incident ID,MAY-2026,Los Angeles,CA,Waymo LLC,30270-15190,7d546377e77850f,Property Damage. No Injured Reported,JAGUAR,I-PACE,Pickup Truck,Street,ADS,Yes,1
a4855381bcacb33,NHTSA Same Incident ID,MAY-2026,Los Angeles,CA,Waymo LLC,30270-14981,0e0c362f73db6fe,Property Damage. No Injured Reported,JAGUAR,I-PACE,SUV,Street,ADS,Yes,1
a4b1d8f5658680c,NHTSA Same Incident ID,MAY-2026,Los Angeles,CA,Waymo LLC,30270-15191,914f5e1aba32b51,Property Damage. No Injured Reported,JAGUAR,I-PACE,SUV,Street,ADS,Yes,1
a84b653066e3b68,NHTSA Same Incident ID,MAY-2026,Las Vegas,NV,Motional,30410-15247,1ab87a9c00167b4,No Injured Reported,HYUNDAI,Ioniq 5,Passenger Car,Street,ADS,Yes,1
a8f5d9f02f27967,NHTSA Same Incident ID,MAY-2026,Menlo Park,CA,Waymo LLC,30270-15075,07ef63da89df93e,Property Damage. No Injured Reported,JAGUAR,I-PACE,SUV,Street,ADS,Yes,1
ac5b68479162724,NHTSA Same Incident ID,MAY-2026,Los Angeles,CA,Waymo LLC,30270-15261,9e818370f447fcc,Property Damage. No Injured Reported,JAGUAR,I-PACE,Passenger Car,Street,ADS,Yes,1
ac76f9ac339d71d,NHTSA Same Incident ID,MAY-2026,Los Angeles,CA,Waymo LLC,30270-15245,ec084e46d679b65,Property Damage. No Injured Reported,JAGUAR,I-PACE,Passenger Car,Street,ADS,Yes,1
af97157909b3291,NHTSA Same Incident ID,MAY-2026,Atlanta,GA,Waymo LLC,30270-14988,65cfaa5865e1333,Property Damage. No Injured Reported,JAGUAR,I-PACE,Heavy Truck,Street,ADS,Yes,1
b94eef835627fe8,NHTSA Same Incident ID,MAY-2026,San Francisco,CA,Waymo LLC,30270-14976,605f7e26bb1b5e5,Property Damage. No Injured Reported,JAGUAR,I-PACE,Other Fixed Object,Street,ADS,Yes,1
bb6b3b9fab2debe,NHTSA Same Incident ID,MAY-2026,Austin,TX,Avride Inc.,31101-15148,0d7df69fdc0525e,Property Damage. No Injured Reported,HYUNDAI,Ioniq 5,SUV,Intersection,ADS,Yes,1
bbdfce11db6913a,NHTSA Same Incident ID,MAY-2026,Phoenix,AZ,Waymo LLC,30270-15253,609b8a5c8762ac4,Property Damage. No Injured Reported,JAGUAR,I-PACE,Passenger Car,Intersection,ADS,Yes,1
bc19b427e3a246f,NHTSA Same Incident ID,MAY-2026,Los Angeles,CA,Waymo LLC,30270-15287,4118145645eb61d,Property Damage. No Injured Reported,JAGUAR,I-PACE,Heavy Truck,Street,ADS,Yes,1
bd65f28675814b1,NHTSA Same Incident ID,MAY-2026,Dallas,TX,Avride Inc.,31101-15093,91a0cd958ea0455,No Injured Reported,HYUNDAI,Ioniq 5,Other Fixed Object,Intersection,ADS,Yes,1
c02f6672ec1a420,NHTSA Same Incident ID,MAY-2026,San Francisco,CA,Waymo LLC,30270-15096,9be254445ee828e,Unknown,JAGUAR,I-PACE,SUV,Street,ADS,Yes,1
c0746bba88135cc,NHTSA Same Incident ID,MAY-2026,Los Angeles,CA,Waymo LLC,30270-15192,1fa1cc55d70d6b1,Moderate W/O Hospitalization,JAGUAR,I-PACE,Passenger Car,Street,ADS,Yes,1
c20a375501ff8b5,NHTSA Same Incident ID,MAY-2026,Houston,TX,"Tesla, Inc.",13781-15395,0f42040356df48b,Property Damage. No Injured Reported,TESLA,Model Y,Pole / Tree,Street,ADS,Yes,1
c4355bf2266f7b5,NHTSA Same Incident ID,MAY-2026,Austin,TX,Waymo LLC,30270-15176,1a26ef0d2fc9d43,Property Damage. No Injured Reported,JAGUAR,I-PACE,Van,Street,ADS,Yes,1
c5f49850f96e468,NHTSA Same Incident ID,MAY-2026,San Francisco,CA,Waymo LLC,30270-15194,f07fb3102034bd9,Property Damage. No Injured Reported,JAGUAR,I-PACE,"Other, see Narrative",Street,ADS,Yes,1
cab44a303787960,NHTSA Same Incident ID,MAY-2026,San Francisco,CA,Waymo LLC,30270-14927,bd5b6c8b90ba9cc,Property Damage. No Injured Reported,JAGUAR,I-PACE,Van,Street,ADS,Yes,1
cfc4982214190f9,NHTSA Same Incident ID,MAY-2026,Austin,TX,Waymo LLC,30270-15243,a0ccf11d4156229,Property Damage. No Injured Reported,JAGUAR,I-PACE,Pickup Truck,Street,ADS,Yes,1
d0a54fc1c39a1f7,NHTSA Same Incident ID,MAY-2026,Atlanta,GA,Waymo LLC,30270-15073,044f06c425c2f57,Property Damage. No Injured Reported,JAGUAR,I-PACE,Pickup Truck,Intersection,ADS,Yes,1
d16d87bb0fb2415,NHTSA Same Incident ID,MAY-2026,Atlanta,GA,Waymo LLC,30270-15012,21d32c645ed1205,Property Damage. No Injured Reported,JAGUAR,I-PACE,SUV,Parking Lot,ADS,Yes,1
d1a5d22fd4b06f6,NHTSA Same Incident ID,MAY-2026,Los Angeles,CA,Waymo LLC,30270-15244,e306d3b3437f8a0,Property Damage. No Injured Reported,JAGUAR,I-PACE,Non-Motorist: Cyclist,Street,ADS,Yes,1
d1da10f4bebadec,NHTSA Same Incident ID,MAY-2026,Los Angeles,CA,Waymo LLC,30270-15285,06f399bc4aebe73,Property Damage. No Injured Reported,JAGUAR,I-PACE,SUV,Street,ADS,Yes,1
d29f5a4b9ddf9ef,NHTSA Same Incident ID,MAY-2026,San Francisco,CA,Waymo LLC,30270-15255,cffbac9cb61bacd,Property Damage. No Injured Reported,JAGUAR,I-PACE,Passenger Car,Intersection,ADS,Yes,1
d4fd501e561b718,NHTSA Same Incident ID,MAY-2026,Austin,TX,Waymo LLC,30270-15095,d21a12038f1a5b3,Property Damage. No Injured Reported,JAGUAR,I-PACE,Pickup Truck,Street,ADS,Yes,1
d689d09746da864,NHTSA Same Incident ID,MAY-2026,Redwood City,CA,Waymo LLC,30270-15020,e941618fc1b057a,Property Damage. No Injured Reported,JAGUAR,I-PACE,Passenger Car,Street,ADS,Yes,1
d9ab087a84f0cd4,NHTSA Same Incident ID,MAY-2026,Santa Monica,CA,Waymo LLC,30270-14986,449a29145271312,Minor W/ Hospitalization,JAGUAR,I-PACE,Passenger Car,Street,ADS,Yes,1
db844ff55e8712b,NHTSA Same Incident ID,MAY-2026,Nashville,TN,Waymo LLC,30270-15256,78c3eb58b6c763b,Property Damage. No Injured Reported,JAGUAR,I-PACE,Van,Street,ADS,Yes,1
dc7747d10f2aee0,NHTSA Same Incident ID,MAY-2026,Phoenix,AZ,Waymo LLC,30270-15262,56867701efef6af,Property Damage. No Injured Reported,JAGUAR,I-PACE,Passenger Car,Street,ADS,Yes,1
dd01fd65edccaf7,NHTSA Same Incident ID,MAY-2026,Tempe,AZ,Waymo LLC,30270-15022,7c3b25c7558fd0d,Unknown,JAGUAR,I-PACE,Passenger Car,Street,ADS,Yes,1
ddb8d6f6705d53f,NHTSA Same Incident ID,MAY-2026,San Francisco,CA,Waymo LLC,30270-14945,5df2f0cfc8c7d19,Property Damage. No Injured Reported,JAGUAR,I-PACE,Heavy Truck,Street,ADS,Yes,1
de8efc3f6f49e9b,NHTSA Same Incident ID,MAY-2026,Scottsdale,AZ,Waymo LLC,30270-15173,6b7f5039f5a704e,Minor W/O Hospitalization,JAGUAR,I-PACE,Passenger Car,Street,ADS,Yes,1
df4f2168746b1c0,NHTSA Same Incident ID,MAY-2026,Burlingame,CA,Waymo LLC,30270-15249,51811b9254fc2f9,Property Damage. No Injured Reported,JAGUAR,I-PACE,Animal,Street,ADS,Yes,1
e01fe777bc7cebc,NHTSA Same Incident ID,MAY-2026,Austin,TX,Waymo LLC,30270-15238,ff6bd25af6b906c,Property Damage. No Injured Reported,JAGUAR,I-PACE,Passenger Car,Street,ADS,Yes,1
e197e3bfafa4d4e,NHTSA Same Incident ID,MAY-2026,Austin,TX,"Tesla, Inc.",13781-15400,77be60fb9ea44a5,Property Damage. No Injured Reported,TESLA,Model Y,Heavy Truck,Street,ADS,Yes,1
e432bab45b87b36,NHTSA Same Incident ID,MAY-2026,Dallas,TX,Avride Inc.,31101-15100,00c9712ad8e7658,Property Damage. No Injured Reported,HYUNDAI,Ioniq 5,Passenger Car,Street,ADS,Yes,1
e532f51ac1aa8aa,NHTSA Same Incident ID,MAY-2026,Los Angeles,CA,Waymo LLC,30270-15299,61fd77a56acc72d,Property Damage. No Injured Reported,JAGUAR,I-PACE,Heavy Truck,Street,ADS,Yes,1
e9140bf2011fe2d,NHTSA Same Incident ID,MAY-2026,Austin,TX,Waymo LLC,30270-14982,283268df14cadd4,Property Damage. No Injured Reported,JAGUAR,I-PACE,Passenger Car,Street,ADS,Yes,1
eabf7708a56cc45,NHTSA Same Incident ID,MAY-2026,Sunnyvale,CA,Waymo LLC,30270-15290,76b2baa658b3904,Property Damage. No Injured Reported,JAGUAR,I-PACE,"Other, see Narrative",Street,ADS,Yes,1
ed9fe1a7cb56205,NHTSA Same Incident ID,MAY-2026,San Francisco,CA,"Zoox, Inc.",30610-15018,c78e6704cc97575,Property Damage. No Injured Reported,ZOOX,Zoox,Pickup Truck,Intersection,ADS,Yes,1
ef6425970681a10,NHTSA Same Incident ID,MAY-2026,San Francisco,CA,Waymo LLC,30270-14908,9be254445ee828e,Property Damage. No Injured Reported,JAGUAR,I-PACE,SUV,Street,ADS,Yes,1
ef7b401fdbadc47,NHTSA Same Incident ID,MAY-2026,Los Angeles,CA,Waymo LLC,30270-15023,e1600decf466846,Property Damage. No Injured Reported,JAGUAR,I-PACE,SUV,Intersection,ADS,Yes,1
f1cd9b403368bc1,NHTSA Same Incident ID,MAY-2026,Phoenix,AZ,Waymo LLC,30270-15240,da5e9f4ad5d7a66,Property Damage. No Injured Reported,JAGUAR,I-PACE,Pickup Truck,Street,ADS,Yes,1
fb27be646522e31,NHTSA Same Incident ID,MAY-2026,San Francisco,CA,Waymo LLC,30270-15071,7b5cb92a2cdb6ac,Property Damage. No Injured Reported,JAGUAR,I-PACE,SUV,Street,ADS,Yes,1
fc8edb9a7204402,NHTSA Same Incident ID,MAY-2026,Inglewood,CA,Waymo LLC,30270-15246,e032afe7837d4a0,Minor W/ Hospitalization,JAGUAR,I-PACE,Passenger Car,Street,ADS,Yes,1
ff4e77294034af9,NHTSA Same Incident ID,MAY-2026,Houston,TX,Waymo LLC,30270-15248,5444294dfd3ee58,Property Damage. No Injured Reported,JAGUAR,I-PACE,"Other, see Narrative",Parking Lot,ADS,Yes,1
ff549e7641cb967,NHTSA Same Incident ID,MAY-2026,Los Angeles,CA,Waymo LLC,30270-15011,a3a67ca935f8b01,Property Damage. No Injured Reported,JAGUAR,I-PACE,Heavy Truck,Street,ADS,Yes,1
03d5dd9340f2d40,NHTSA Same Incident ID,NOV-2021,San Francisco,CA,Transdev Alternative Services;Waymo LLC,30270-1920;30531-1943,0f2b5c50f367aad,No Injuries Reported,Jaguar,I-Pace,Passenger Car,Intersection,ADS,Yes,2
2926e5994b7c3a5,NHTSA Same Incident ID,NOV-2021,San Jose,CA,WeRide Corp,30792-1699,efc5d61366657a2,No Injuries Reported,Nissan,Leaf SL,Passenger Car,Highway / Freeway,ADS,Yes,1
45f715e92eb4757,NHTSA Same Incident ID,NOV-2021,San Francisco,CA,Transdev Alternative Services;Waymo LLC,30270-1922;30531-1941,c0bc3685a7d18ca,No Injuries Reported,Jaguar,I-Pace,SUV,Street,ADS,Yes,2
462947832bd2caa,NHTSA Same Incident ID,NOV-2021,San Francisco,CA,Transdev Alternative Services;Waymo LLC,30270-1786;30270-1831;30531-1796,f97408305266b85,No Injuries Reported,Jaguar,I-Pace,Passenger Car,Intersection,ADS,Yes,3
4e4a38ea028e125,NHTSA Same Incident ID,NOV-2021,Chandler,AZ,Transdev Alternative Services;Waymo LLC,30270-1923;30531-1940,6809bca2e95dc4f,No Injuries Reported,Chrysler,Pacifica,Passenger Car,Intersection,ADS,Yes,2
62c34a263ca5455,NHTSA Same Incident ID,NOV-2021,San Francisco,CA,Cruise LLC,30412-1674,6e2c6e07710c76b,No Injuries Reported,Chevrolet,Bolt,Passenger Car,Intersection,ADS,"[REDACTED, MAY CONTAIN CONFIDENTIAL BUSINESS INFORMATION]",1
837ba2955e69b46,NHTSA Same Incident ID,NOV-2021,San Francisco,CA,Transdev Alternative Services;Waymo LLC,30270-1921;30531-1942,4edb4192b29d35b,No Injuries Reported,Jaguar,I-Pace,Passenger Car,Intersection,ADS,Yes,2
8f5dc21a34007ed,NHTSA Same Incident ID,NOV-2021,Phoenix,AZ,Transdev Alternative Services;Waymo LLC,30270-1778;30270-1813;30531-1782,cf331f383ea5d94,Unknown,Jaguar,I-Pace,Passenger Car,Intersection,ADS,Yes,3
b4618f349040cbb,NHTSA Same Incident ID,NOV-2021,San Francisco,CA,Transdev Alternative Services;Waymo LLC,30270-1613;30270-1747;30531-1618,c7cd0871d60a651,No Injuries Reported,Jaguar,I-Pace,Passenger Car,Intersection,ADS,Yes,3
b90c9dd7320e24f,NHTSA Same Incident ID,NOV-2021,San Francisco,CA,Transdev Alternative Services;Waymo LLC,30270-1748;30270-1779;30531-1761,8d2c8e1b95ad195,No Injuries Reported,Jaguar,I-Pace,Passenger Car,Intersection,ADS,Yes,3
bcd5c7d623b0294,NHTSA Same Incident ID,NOV-2021,San Francisco,CA,"Cruise LLC;General Motors, LLC",30412-2020;540-2103,6b5824d035605b2,Minor,Cruise,AV,Passenger Car,Street,ADS,"[REDACTED, MAY CONTAIN CONFIDENTIAL BUSINESS INFORMATION]",2
d7397a577eefe45,NHTSA Same Incident ID,NOV-2021,Maxatawny Township,PA,"Navistar, Inc.",10003-2932,6b21a70177dcc64,Unknown,International,LT,Other Fixed Object,Street,"Unknown, see Narrative","Unknown, see Narrative",1
e6fdd97cb301d10,NHTSA Same Incident ID,NOV-2021,San Francisco,CA,Transdev Alternative Services;Waymo LLC,30270-1787;30270-1824;30531-1795,3fa13431ff0349d,Unknown,Jaguar,I-Pace,Passenger Car,Intersection,ADS,Yes,3
f569d4f9a3d9b18,NHTSA Same Incident ID,NOV-2021,San Francisco,CA,Cruise LLC,30412-1870,b43e9bbd3c760e2,No Injuries Reported,Chevrolet,Bolt,Passenger Car,Intersection,ADS,"[REDACTED, MAY CONTAIN CONFIDENTIAL BUSINESS INFORMATION]",1
03ad388e6676c05,NHTSA Same Incident ID,NOV-2022,Ann Arbor,MI,May Mobility;Toyota Motor Engineering & Manufacturing,1306-4389;30413-4170,cb6e38b363be262,No Injuries Reported,Lexus,RX450H,Non-Motorist: Cyclist,Intersection,"Unknown, see Narrative","No, see Narrative",2
197ec69939516db,NHTSA Same Incident ID,NOV-2022,Las Vegas,NV,"Zoox, Inc.",30610-4384,1db0801a222a5aa,No Injuries Reported,Toyota,Highlander,Passenger Car,Street,ADS,Yes,1
3af30c276bb69b3,NHTSA Same Incident ID,NOV-2022,San Francisco,CA,"Zoox, Inc.",30610-4385,31b1818df0c9fce,No Injuries Reported,Toyota,Highlander,Passenger Car,Street,ADS,Yes,1
420fb566c542133,NHTSA Same Incident ID,NOV-2022,Phoenix,AZ,Waymo LLC,30270-4484,751464043310771,No Injuries Reported,Jaguar,I-Pace,Heavy Truck,Street,ADS,Yes,1
439627d9d2569d4,NHTSA Same Incident ID,NOV-2022,San Francisco,CA,Transdev Alternative Services;Waymo LLC,30270-4482;30531-4492,5ea534fc5d6467f,No Injuries Reported,Jaguar,I-Pace,SUV,Street,ADS,Yes,2
5628c7d47cd45e9,NHTSA Same Incident ID,NOV-2022,San Francisco,CA,Transdev Alternative Services;Waymo LLC,30270-4485;30531-4494,3ec8539482cc8b0,No Injuries Reported,Jaguar,I-Pace,Passenger Car,Intersection,ADS,Yes,2
7f8f08e31baa51a,NHTSA Same Incident ID,NOV-2022,San Francisco,CA,"Zoox, Inc.",30610-4383,e3ca3db6c055516,No Injuries Reported,Toyota,Highlander,Van,Street,ADS,Yes,1
84d4fa517d86789,NHTSA Same Incident ID,NOV-2022,San Jose,CA,"Mercedes-Benz USA, LLC;NVIDIA CORP",30571-4399;855-4460,d376a488244efc4,No Injuries Reported,Mercedes-Benz,S450,Pickup Truck,Highway / Freeway,ADS,Yes,2
cd46839f7e32cc9,NHTSA Same Incident ID,NOV-2022,San Francisco,CA,"Zoox, Inc.",30610-4362,31b1818df0c9fce,No Injuries Reported,Toyota,Highlander,Passenger Car,Intersection,ADS,Yes,1
2c723ba2d4b98e0,NHTSA Same Incident ID,NOV-2023,San Francisco,CA,Waymo LLC,30270-6579,4495e3161c6736c,Serious,Jaguar,I-Pace,Passenger Car,Intersection,ADS,Yes,1
42a6ee3cc17dddb,NHTSA Same Incident ID,NOV-2023,Seattle,WA,"Zoox, Inc.",30610-6592,1ad5c4088dedf55,Minor,Toyota,Highlander,"Other, see Narrative",Street,ADS,Yes,1
460289782aa5d13,NHTSA Same Incident ID,NOV-2023,Ranger,TX,"Aurora Operations, Inc.;PACCAR Incorporated",30530-6818;988-6859,eef7ddcb9ef4832,No Injuries Reported,Peterbilt,579,Pickup Truck,Highway / Freeway,ADS,Yes,2
528bba0c1e9460a,NHTSA Same Incident ID,NOV-2023,Orlando,FL,"Beep, Inc.",30490-6590;30490-6821,166df047b432dec,No Injuries Reported,Navya,ARMA Autonom,Bus,Intersection,ADS,Yes,2
72fb4226e3fbbf1,NHTSA Same Incident ID,NOV-2023,Los Angeles,CA,Transdev Alternative Services;Waymo LLC,30270-6857;30531-6864,87fe10d7d5a1914,No Injuries Reported,Jaguar,I-Pace,Passenger Car,Intersection,ADS,Yes,2
8298ed805404448,NHTSA Same Incident ID,NOV-2023,Austin,TX,Transdev Alternative Services;Waymo LLC,30270-6853;30531-6863,0d3e2d7733ecaee,No Injuries Reported,Jaguar,I-Pace,Pickup Truck,Intersection,ADS,Yes,2
94b0ffeeebb0686,NHTSA Same Incident ID,NOV-2023,Scottsdale,AZ,Waymo LLC,30270-6765,babd9e394701cba,No Injuries Reported,Jaguar,I-Pace,Passenger Car,Intersection,ADS,Yes,1
e338e867dca2386,NHTSA Same Incident ID,NOV-2023,Tempe,AZ,Waymo LLC,30270-6854,81a0d3e9200c69c,No Injuries Reported,Jaguar,I-Pace,"Other, see Narrative",Parking Lot,ADS,Yes,1
ee3530ef1c1d0eb,NHTSA Same Incident ID,NOV-2023,San Francisco,CA,Transdev Alternative Services;Waymo LLC,30270-6839;30531-6862,b1a598663322901,No Injuries Reported,Jaguar,I-Pace,Passenger Car,Intersection,ADS,Yes,2
eecbe9408b95fe9,NHTSA Same Incident ID,NOV-2023,San Francisco,CA,Waymo LLC,30270-6855,0126c8d65d54d9f,No Injuries Reported,Jaguar,I-Pace,Van,Street,ADS,Yes,1
fbd3aaf3ba0e312,NHTSA Same Incident ID,NOV-2023,Tempe,AZ,Waymo LLC,30270-6838,fcda46c5029adeb,No Injuries Reported,Jaguar,I-Pace,"Other, see Narrative",Parking Lot,ADS,Yes,1
04f0625614ddc1f,NHTSA Same Incident ID,NOV-2024,San Francisco,CA,Waymo LLC,30270-9230,18cdb02acc361c0,No Injuries Reported,Jaguar,I-Pace,Heavy Truck,Intersection,ADS,Yes,1
05eea377fd3577c,NHTSA Same Incident ID,NOV-2024,San Francisco,CA,Waymo LLC,30270-9341,995b366040a0963,No Injuries Reported,Jaguar,I-Pace,SUV,Street,ADS,Yes,1
0785e3e49e6df60,NHTSA Same Incident ID,NOV-2024,Scottsdale,AZ,Waymo LLC,30270-9417,da56693df88b7ca,No Injuries Reported,Jaguar,I-Pace,Van,Street,ADS,Yes,1
0cc12230f0d8e74,NHTSA Same Incident ID,NOV-2024,San Francisco,CA,Waymo LLC,30270-9170,7764ec909f37fb8,No Injuries Reported,Jaguar,I-Pace,Passenger Car,Street,ADS,Yes,1
0d5ca89e842c2f1,NHTSA Same Incident ID,NOV-2024,San Jose,CA,WeRide Corp,30792-9317,19fb8b9d72e2ce2,No Injuries Reported,Nissan,Leaf,Pickup Truck,Intersection,ADS,Yes,1
1b0b9c7c0f0fd3e,NHTSA Same Incident ID,NOV-2024,San Francisco,CA,Waymo LLC,30270-9433,3f44b4e54bd227a,No Injuries Reported,Jaguar,I-Pace,SUV,Street,ADS,Yes,1
1e65d32d7f5c338,NHTSA Same Incident ID,NOV-2024,San Francisco,CA,Waymo LLC,30270-9420,db8a36ca55b42c2,No Injuries Reported,Jaguar,I-Pace,Passenger Car,Unknown,ADS,Yes,1
200749add13473e,NHTSA Same Incident ID,NOV-2024,Los Angeles,CA,Waymo LLC,30270-9347,c4f6132cfc5d95f,No Injuries Reported,Jaguar,I-Pace,Passenger Car,Intersection,ADS,Yes,1
2086d3156e7d817,NHTSA Same Incident ID,NOV-2024,Tempe,AZ,Waymo LLC,30270-9411,cd201ac4bbd4c98,Minor,Jaguar,I-Pace,Van,Street,ADS,Yes,1
245053e3a6a403b,NHTSA Same Incident ID,NOV-2024,Los Angeles,CA,Waymo LLC,30270-9234,31c9cef6355228c,Minor,Jaguar,I-Pace,Non-Motorist: Pedestrian,Street,ADS,Yes,1
2caa209d0035cbf,NHTSA Same Incident ID,NOV-2024,San Francisco,CA,Waymo LLC,30270-9419,df8722be6f54146,No Injuries Reported,Jaguar,I-Pace,First Responder Vehicle,Street,ADS,Yes,1
312e08a5035ca97,NHTSA Same Incident ID,NOV-2024,Phoenix,AZ,Waymo LLC,30270-9203,cd79b6532185799,No Injuries Reported,Jaguar,I-Pace,SUV,Street,ADS,Yes,1
326c05decff6b90,NHTSA Same Incident ID,NOV-2024,Phoenix,AZ,Waymo LLC,30270-9430,18759114accd4fb,No Injuries Reported,Jaguar,I-Pace,Passenger Car,Intersection,ADS,Yes,1
3331a0e83bf5d6b,NHTSA Same Incident ID,NOV-2024,San Francisco,CA,Waymo LLC,30270-9413,e99629229709aa3,No Injuries Reported,Jaguar,I-Pace,SUV,Intersection,ADS,Yes,1
33a41d7fe8cb103,NHTSA Same Incident ID,NOV-2024,Austin,TX,Waymo LLC,30270-9231,6f793b42104fb80,No Injuries Reported,Jaguar,I-Pace,Passenger Car,Street,ADS,Yes,1
374a5d196baa2b0,NHTSA Same Incident ID,NOV-2024,San Francisco,CA,Waymo LLC,30270-9426,3d7a03e316ec104,No Injuries Reported,Jaguar,I-Pace,Passenger Car,Intersection,ADS,Yes,1
393c43eeb38e330,NHTSA Same Incident ID,NOV-2024,Los Angeles,CA,Waymo LLC,30270-9435,52835348def3547,No Injuries Reported,Jaguar,I-Pace,SUV,Street,ADS,Yes,1
39a93421ace6d3a,NHTSA Same Incident ID,NOV-2024,San Francisco,CA,Waymo LLC,30270-9403,822cb25808b89f8,No Injuries Reported,Jaguar,I-Pace,Van,Street,ADS,Yes,1
3aa44bb00362edf,NHTSA Same Incident ID,NOV-2024,Los Angeles,CA,Waymo LLC,30270-9259,e7c7d499b6f8f51,Minor,Jaguar,I-PACE,Passenger Car,Intersection,ADS,Yes,1
3c898937838a65b,NHTSA Same Incident ID,NOV-2024,San Francisco,CA,Waymo LLC,30270-9061,26e4520dfdbdbb5,No Injuries Reported,Jaguar,I-Pace,SUV,Street,ADS,Yes,1
42bd8857d12bc86,NHTSA Same Incident ID,NOV-2024,San Francisco,CA,Waymo LLC,30270-9412,1bf41702bb7c122,No Injuries Reported,Jaguar,I-Pace,Passenger Car,Street,ADS,Yes,1
4eaed770154b229,NHTSA Same Incident ID,NOV-2024,Culver City,CA,Waymo LLC,30270-9434,0dc6fbd994679fe,No Injuries Reported,Jaguar,I-Pace,Van,Parking Lot,ADS,Yes,1
504836ad1f3cbe3,NHTSA Same Incident ID,NOV-2024,San Francisco,CA,Waymo LLC,30270-9428,3e2c94c7b8660e0,No Injuries Reported,Jaguar,I-Pace,"Other, see Narrative",Street,ADS,Yes,1
5a181df177ae967,NHTSA Same Incident ID,NOV-2024,Phoenix,AZ,Waymo LLC,30270-9081,a4b1eea99ec5df5,Moderate,Jaguar,I-Pace,Pickup Truck,Intersection,ADS,Yes,1
5bfbec57cba2964,NHTSA Same Incident ID,NOV-2024,Chandler,AZ,Waymo LLC,30270-9442,3fa13431ff0349d,No Injuries Reported,Jaguar,I-Pace,"Other, see Narrative",Street,ADS,Yes,1
5f48e9152ed0078,NHTSA Same Incident ID,NOV-2024,Scottsdale,AZ,Waymo LLC,30270-9409,18759114accd4fb,No Injuries Reported,Jaguar,I-Pace,Passenger Car,Street,ADS,Yes,1
629e0e574d3f7de,NHTSA Same Incident ID,NOV-2024,Los Angeles,CA,Waymo LLC,30270-9427,d084163b40c52c4,No Injuries Reported,Jaguar,I-Pace,SUV,Street,ADS,Yes,1
63c7bf55f1e5a60,NHTSA Same Incident ID,NOV-2024,San Francisco,CA,Waymo LLC,30270-9401,64e2731246da764,No Injuries Reported,Jaguar,I-Pace,Passenger Car,Street,ADS,Yes,1
6518cc1ad079041,NHTSA Same Incident ID,NOV-2024,Tempe,AZ,Waymo LLC,30270-9260,ec3bbd986bcba9a,No Injuries Reported,Jaguar,I-PACE,Passenger Car,Intersection,ADS,Yes,1
6b6f37d42353ac0,NHTSA Same Incident ID,NOV-2024,Scottsdale,AZ,Waymo LLC,30270-9684,610c7c0d5fc0231,No Injuries Reported,Jaguar,I-Pace,SUV,Street,ADS,Yes,1
6bb53c674700234,NHTSA Same Incident ID,NOV-2024,Los Angeles,CA,Waymo LLC,30270-9404,610e2d16de1af29,No Injuries Reported,Jaguar,I-Pace,SUV,Street,ADS,Yes,1
71f056b0e3d848a,NHTSA Same Incident ID,NOV-2024,San Francisco,CA,Transdev Alternative Services;Waymo LLC,30270-9421;30531-9440,5b2fd709cf91a79,No Injuries Reported,Jaguar,I-Pace,"Other, see Narrative",Street,ADS,Yes,2
741b347496c3d7a,NHTSA Same Incident ID,NOV-2024,San Francisco,CA,Waymo LLC,30270-9402,fbfd16b6b170e0f,No Injuries Reported,Jaguar,I-Pace,Passenger Car,Intersection,ADS,Yes,1
76ce49ec3a7e78b,NHTSA Same Incident ID,NOV-2024,San Francisco,CA,Waymo LLC,30270-9408,2af2943e39c8909,No Injuries Reported,Jaguar,I-Pace,Passenger Car,Street,ADS,Yes,1
7b23fd753461e68,NHTSA Same Incident ID,NOV-2024,San Francisco,CA,Waymo LLC,30270-9414,cd5a9c91134574e,No Injuries Reported,Jaguar,I-Pace,Pickup Truck,Street,ADS,Yes,1
7ba50d95e189af8,NHTSA Same Incident ID,NOV-2024,Los Angeles,CA,Waymo LLC,30270-9015,d642b99fb76068b,Minor,Jaguar,I-Pace,Non-Motorist: Cyclist,Street,ADS,Yes,1
7e4946ffe5ce559,NHTSA Same Incident ID,NOV-2024,Austin,TX,Transdev Alternative Services;Waymo LLC,30270-9232;30531-9244,3939a6251560c3b,No Injuries Reported,Jaguar,I-Pace,Other Fixed Object,Parking Lot,ADS,Yes,2
88e684e941be85e,NHTSA Same Incident ID,NOV-2024,Houston,TX,"Cruise LLC;General Motors, LLC",30412-9268;540-9365,14e70e87c081675,Moderate,Cruise,AV,Heavy Truck,Intersection,ADS,"[REDACTED, MAY CONTAIN CONFIDENTIAL BUSINESS INFORMATION]",2
88fee3da7cf9b45,NHTSA Same Incident ID,NOV-2024,San Francisco,CA,Waymo LLC,30270-9374,67ebc4050d000ef,No Injuries Reported,Jaguar,I-Pace,SUV,Street,ADS,Yes,1
92e33cb7fac29c6,NHTSA Same Incident ID,NOV-2024,Houston,TX,"Cruise LLC;General Motors, LLC",30412-9204;540-9211,5965993ae229e16,No Injuries Reported,Cruise,AV,Non-Motorist: Cyclist,Street,ADS,"[REDACTED, MAY CONTAIN CONFIDENTIAL BUSINESS INFORMATION]",2
96fbb17f3aadb29,NHTSA Same Incident ID,NOV-2024,Tempe,AZ,Waymo LLC,30270-9355,d7ce0e8fc68d450,No Injuries Reported,Jaguar,I-Pace,"Other, see Narrative",Street,ADS,Yes,1
98de3a7d413af67,NHTSA Same Incident ID,NOV-2024,San Francisco,CA,Waymo LLC,30270-9269,e1f2bebd32f409e,No Injuries Reported,Jaguar,I-Pace,Passenger Car,Intersection,ADS,Yes,1
9985b6b9b21343b,NHTSA Same Incident ID,NOV-2024,Beverly Hills,CA,Waymo LLC,30270-9436,eb199467f439f19,No Injuries Reported,Jaguar,I-Pace,SUV,Street,ADS,Yes,1
99b93d3b166fa30,NHTSA Same Incident ID,NOV-2024,San Francisco,CA,Waymo LLC,30270-9167,03e3b08a4b1688a,No Injuries Reported,Jaguar,I-Pace,"Other, see Narrative",Street,ADS,Yes,1
9d4d9db5fcf01ef,NHTSA Same Incident ID,NOV-2024,San Francisco,CA,Waymo LLC,30270-9156,1792591cf154260,No Injuries Reported,Jaguar,I-Pace,Passenger Car,Intersection,ADS,Yes,1
9f977db3b261187,NHTSA Same Incident ID,NOV-2024,San Francisco,CA,Waymo LLC,30270-9343,b548f8e8e2f805d,No Injuries Reported,Jaguar,I-Pace,Passenger Car,Street,ADS,Yes,1
a2d78cc6aaf202c,NHTSA Same Incident ID,NOV-2024,Los Angeles,CA,Waymo LLC,30270-9363,5badab237b7563f,No Injuries Reported,Jaguar,I-Pace,Passenger Car,Intersection,ADS,Yes,1
a9a6be32fcd2e72,NHTSA Same Incident ID,NOV-2024,San Francisco,CA,Waymo LLC,30270-9373,e1e1265b959c710,No Injuries Reported,Jaguar,I-Pace,Bus,Street,ADS,Yes,1
ab56dca77138316,NHTSA Same Incident ID,NOV-2024,Phoenix,AZ,Waymo LLC,30270-9372,e801f0c281cadd6,No Injuries Reported,Jaguar,I-Pace,"Other, see Narrative",Intersection,ADS,Yes,1
aeec48f6c0c7d94,NHTSA Same Incident ID,NOV-2024,Tempe,AZ,Waymo LLC,30270-9194,58951b29275ffaa,No Injuries Reported,Jaguar,I-Pace,Passenger Car,Street,ADS,Yes,1
af07bd240dfd82d,NHTSA Same Incident ID,NOV-2024,West Hollywood,CA,Waymo LLC,30270-9405,e306d3b3437f8a0,No Injuries Reported,Jaguar,I-Pace,First Responder Vehicle,Parking Lot,ADS,Yes,1
af33da497d070af,NHTSA Same Incident ID,NOV-2024,San Francisco,CA,Waymo LLC,30270-9350,0e239a9b1c0a234,No Injuries Reported,Jaguar,I-Pace,SUV,Street,ADS,Yes,1
b0e34dbc907b2c4,NHTSA Same Incident ID,NOV-2024,Los Angeles,CA,Waymo LLC,30270-9371,2e4fc64e3534cb6,No Injuries Reported,Jaguar,I-Pace,Passenger Car,Intersection,ADS,Yes,1
b18bcaba77a754d,NHTSA Same Incident ID,NOV-2024,Culver City,CA,Waymo LLC,30270-9060,66d221ed59df96f,No Injuries Reported,Jaguar,I-Pace,SUV,Street,ADS,Yes,1
bbb0e2252e1f4dc,NHTSA Same Incident ID,NOV-2024,Daly City,CA,Waymo LLC,30270-9214,af27b1e040a4a30,No Injuries Reported,Jaguar,I-Pace,Passenger Car,Street,ADS,Yes,1
c131c5804d2499c,NHTSA Same Incident ID,NOV-2024,Phoenix,AZ,Waymo LLC,30270-9400,a4da19aa3243c05,No Injuries Reported,Jaguar,I-Pace,Pickup Truck,Street,ADS,Yes,1
c225db226c2ea4a,NHTSA Same Incident ID,NOV-2024,West Hollywood,CA,Waymo LLC,30270-9276,a75d868697f2e75,Minor,Jaguar,I-Pace,SUV,Street,ADS,Yes,1
cab2fa2cbb583cf,NHTSA Same Incident ID,NOV-2024,San Francisco,CA,Waymo LLC,30270-9229,1736a51f807f3e6,No Injuries Reported,Jaguar,I-Pace,Passenger Car,Street,ADS,Yes,1
cfa9cbb0323fac7,NHTSA Same Incident ID,NOV-2024,Los Angeles,CA,Waymo LLC,30270-9059,144531f119ed590,No Injuries Reported,Jaguar,I-Pace,"Other, see Narrative",Street,ADS,Yes,1
d0a96ec36eb04a6,NHTSA Same Incident ID,NOV-2024,Tempe,AZ,Waymo LLC,30270-9082,39f0ea8290e0976,No Injuries Reported,Jaguar,I-Pace,"Other, see Narrative",Street,ADS,Yes,1
d52a6807444d3bf,NHTSA Same Incident ID,NOV-2024,Los Angeles,CA,Waymo LLC,30270-9431,76c6b63295cd67f,No Injuries Reported,Jaguar,I-Pace,Pickup Truck,Street,ADS,Yes,1
d5467fe65a028e3,NHTSA Same Incident ID,NOV-2024,San Francisco,CA,Waymo LLC,30270-9429,874470673dd522d,No Injuries Reported,Jaguar,I-Pace,Passenger Car,Street,ADS,Yes,1
dbc8e046f3d8ada,NHTSA Same Incident ID,NOV-2024,Inglewood,CA,Waymo LLC,30270-9406,a57764cde730315,No Injuries Reported,Jaguar,I-Pace,Animal,Street,ADS,Yes,1
e5a2e417751e7a9,NHTSA Same Incident ID,NOV-2024,San Francisco,CA,Waymo LLC,30270-9376,2195a177a88a812,Minor,Jaguar,I-Pace,"Other, see Narrative",Street,ADS,Yes,1
eba6b0accc8693e,NHTSA Same Incident ID,NOV-2024,Austin,TX,Waymo LLC,30270-9212,13b765a6e7c86a7,No Injuries Reported,Jaguar,I-Pace,"Other, see Narrative",Street,ADS,Yes,1
ed5d298f9a73ee7,NHTSA Same Incident ID,NOV-2024,San Francisco,CA,Waymo LLC,30270-9418,8b50b4f7ebfbf96,No Injuries Reported,Jaguar,I-Pace,SUV,Intersection,ADS,Yes,1
ee7e9be4e651ad9,NHTSA Same Incident ID,NOV-2024,San Francisco,CA,Waymo LLC,30270-9437,b375cb4cf728db9,No Injuries Reported,Jaguar,I-Pace,SUV,Street,ADS,Yes,1
f53c6133138c165,NHTSA Same Incident ID,NOV-2024,San Francisco,CA,Waymo LLC,30270-9407,ba6a6b25e5d4b8d,No Injuries Reported,Jaguar,I-Pace,Bus,Street,ADS,Yes,1
f54df4d20d34fd6,NHTSA Same Incident ID,NOV-2024,San Francisco,CA,Waymo LLC,30270-9039,d13ac18a7edf332,No Injuries Reported,Jaguar,I-Pace,Pickup Truck,Intersection,ADS,Yes,1
f7a0ddbfdeb6188,NHTSA Same Incident ID,NOV-2024,Chandler,AZ,Waymo LLC,30270-9410,ad80e645239c6c6,No Injuries Reported,Jaguar,I-Pace,"Other, see Narrative",Street,ADS,Yes,1
015a78523465889,NHTSA Same Incident ID,NOV-2025,Los Angeles,CA,Waymo LLC,30270-13079,4eac2ea7846f880,Property Damage. No Injured Reported,JAGUAR,I-PACE,Passenger Car,Intersection,ADS,Yes,1
0341997aa580828,NHTSA Same Incident ID,NOV-2025,Atlanta,GA,Waymo LLC,30270-13090,be8abcb0993e6f1,Property Damage. No Injured Reported,JAGUAR,I-PACE,"Other, see Narrative",Street,ADS,Yes,1
0368ea25cf26444,NHTSA Same Incident ID,NOV-2025,San Francisco,CA,Waymo LLC,30270-12060,924d835e7fa4380,Property Damage. No Injured Reported,JAGUAR,I-PACE,Passenger Car,Street,ADS,Yes,1
06d315f5d5b5e61,NHTSA Same Incident ID,NOV-2025,Phoenix,AZ,Waymo LLC,30270-13092,f54ae3007c3f10e,Property Damage. No Injured Reported,JAGUAR,I-PACE,Passenger Car,Street,ADS,Yes,1
08f2facfc20c80b,NHTSA Same Incident ID,NOV-2025,San Francisco,CA,Waymo LLC,30270-13255,d3d11a83f01da9b,Property Damage. No Injured Reported,JAGUAR,I-PACE,Passenger Car,Intersection,ADS,Yes,1
090f9ef63da3e2b,NHTSA Same Incident ID,NOV-2025,Tempe,AZ,Waymo LLC,30270-13190,da5e9f4ad5d7a66,Minor W/O Hospitalization,JAGUAR,I-PACE,Passenger Car,Street,ADS,Yes,1
091301476ab8ada,NHTSA Same Incident ID,NOV-2025,Los Angeles,CA,Waymo LLC,30270-13102,155e3eb9d3e6a97,Property Damage. No Injured Reported,JAGUAR,I-PACE,Passenger Car,Street,ADS,Yes,1
0beda96ff956725,NHTSA Same Incident ID,NOV-2025,Phoenix,AZ,Waymo LLC,30270-13165,5029f28c707f0ca,Property Damage. No Injured Reported,JAGUAR,I-PACE,Passenger Car,Street,ADS,Yes,1
0de678124c2f3b5,NHTSA Same Incident ID,NOV-2025,Los Angeles,CA,Waymo LLC,30270-13126,c44ff41bddd0e5d,Property Damage. No Injured Reported,JAGUAR,I-PACE,Heavy Truck,Street,ADS,Yes,1
0f4b2c30b2b9d2a,NHTSA Same Incident ID,NOV-2025,Austin,TX,Waymo LLC,30270-13269,6783f8800de6b51,Property Damage. No Injured Reported,JAGUAR,I-PACE,Pickup Truck,Intersection,ADS,Yes,1
139935829f21dda,NHTSA Same Incident ID,NOV-2025,San Francisco,CA,Waymo LLC,30270-13239,7c3f1de66ea3713,Property Damage. No Injured Reported,JAGUAR,I-PACE,Passenger Car,Street,ADS,Yes,1
1459efa140d66de,NHTSA Same Incident ID,NOV-2025,Phoenix,AZ,Waymo LLC,30270-13202,71d6941f688d0f0,Property Damage. No Injured Reported,JAGUAR,I-PACE,SUV,Parking Lot,ADS,Yes,1
15cb5b781820fcc,NHTSA Same Incident ID,NOV-2025,Los Angeles,CA,Waymo LLC,30270-13236,15a27e37627e8f0,Property Damage. No Injured Reported,JAGUAR,I-PACE,SUV,Street,ADS,Yes,1
1a4cda5c4cd78fd,NHTSA Same Incident ID,NOV-2025,Atlanta,GA,May Mobility,30413-13248,645a510ee62aa7a,No Injured Reported,TOYOTA,Sienna,Passenger Car,Intersection,ADS,Yes,1
1dfe493f4f85e40,NHTSA Same Incident ID,NOV-2025,San Francisco,CA,Waymo LLC,30270-13062,6128170f11b5f5d,Property Damage. No Injured Reported,JAGUAR,I-PACE,Passenger Car,Street,ADS,Yes,1
260ce8366bd8421,NHTSA Same Incident ID,NOV-2025,San Francisco,CA,Waymo LLC,30270-13274,a2266df1e621912,Property Damage. No Injured Reported,JAGUAR,I-PACE,SUV,Street,ADS,Yes,1
26de6e7410cd8c2,NHTSA Same Incident ID,NOV-2025,San Francisco,CA,Waymo LLC,30270-13155,79d05e1e02f84e1,Property Damage. No Injured Reported,JAGUAR,I-PACE,Bus,Street,ADS,Yes,1
2908275d904dec6,NHTSA Same Incident ID,NOV-2025,San Francisco,CA,Waymo LLC,30270-13198,3f5f631b7210b62,Unknown,JAGUAR,I-PACE,Passenger Car,Intersection,ADS,Yes,1
296a10c4ae23dcc,NHTSA Same Incident ID,NOV-2025,Phoenix,AZ,Waymo LLC,30270-13127,d7ddc7d55ccde2a,Property Damage. No Injured Reported,JAGUAR,I-PACE,Heavy Truck,Parking Lot,ADS,Yes,1
2a1910c31a9964b,NHTSA Same Incident ID,NOV-2025,San Francisco,CA,Waymo LLC,30270-13080,e74690add55a695,Property Damage. No Injured Reported,JAGUAR,I-PACE,Bus,Street,ADS,Yes,1
2ee112e9c507b51,NHTSA Same Incident ID,NOV-2025,Dallas,TX,Waymo LLC,30270-13093,1e6275bd41b7bc0,Property Damage. No Injured Reported,JAGUAR,I-PACE,"Other, see Narrative",Street,ADS,Yes,1
32c00f0d6c5ba03,NHTSA Same Incident ID,NOV-2025,South San Francisco,CA,Waymo LLC,30270-12049,4eb2e6f1d8cb241,Property Damage. No Injured Reported,JAGUAR,I-PACE,Heavy Truck,Street,ADS,Yes,1
32cbce6fd63f148,NHTSA Same Incident ID,NOV-2025,Jacksonville,FL,"Beep, Inc.",30490-13120,f7aedb872a31d96,Property Damage. No Injured Reported,FORD,Transit,Passenger Car,Street,ADS,Yes,1
331e58653eefc19,NHTSA Same Incident ID,NOV-2025,San Francisco,CA,Waymo LLC,30270-13089,ede3c2a152c3379,Property Damage. No Injured Reported,JAGUAR,I-PACE,Bus,Street,ADS,Yes,1
3341b2a34ec9273,NHTSA Same Incident ID,NOV-2025,Scottsdale,AZ,Waymo LLC,30270-13194,9c1e8659033f681,Property Damage. No Injured Reported,JAGUAR,I-PACE,Passenger Car,Street,ADS,Yes,1
34255619c1b3a52,NHTSA Same Incident ID,NOV-2025,West Hollywood,CA,Waymo LLC,30270-13243,68c3b5d8bbc4501,Property Damage. No Injured Reported,JAGUAR,I-PACE,Bus,Street,ADS,Yes,1
3868794c4d4b3e8,NHTSA Same Incident ID,NOV-2025,San Francisco,CA,Waymo LLC,30270-13065,080c9d31a6e9386,Minor W/ Hospitalization,JAGUAR,I-PACE,SUV,Street,ADS,Yes,1
396c5cc69de6d20,NHTSA Same Incident ID,NOV-2025,Phoenix,AZ,Waymo LLC,30270-13135,af2ee8a332b0424,Property Damage. No Injured Reported,JAGUAR,I-PACE,Heavy Truck,Parking Lot,ADS,Yes,1
39921144de0d421,NHTSA Same Incident ID,NOV-2025,Los Angeles,CA,Waymo LLC,30270-12047,ebb5b1fdc239147,Property Damage. No Injured Reported,JAGUAR,I-PACE,SUV,Intersection,ADS,Yes,1
39e914432c9731f,NHTSA Same Incident ID,NOV-2025,Los Angeles,CA,Waymo LLC,30270-13064,9be4aef4dcd7251,Property Damage. No Injured Reported,JAGUAR,I-PACE,Passenger Car,Intersection,ADS,Yes,1
3c3b5bdd25e239a,NHTSA Same Incident ID,NOV-2025,Tempe,AZ,Waymo LLC,30270-13163,7915114defe2e2e,Property Damage. No Injured Reported,JAGUAR,I-PACE,Passenger Car,Street,ADS,Yes,1
3cae49a5f1c9b2a,NHTSA Same Incident ID,NOV-2025,Los Angeles,CA,Waymo LLC,30270-12055,7da345decfc676a,Property Damage. No Injured Reported,JAGUAR,I-PACE,SUV,Street,ADS,Yes,1
3dec32a59a22b69,NHTSA Same Incident ID,NOV-2025,Los Angeles,CA,Waymo LLC,30270-13254,ffc74d25377329c,Property Damage. No Injured Reported,JAGUAR,I-PACE,Bus,Street,ADS,Yes,1
3e398b2b7ba7092,NHTSA Same Incident ID,NOV-2025,San Francisco,CA,Waymo LLC,30270-13159,51d56ca05c97adb,Property Damage. No Injured Reported,JAGUAR,I-PACE,Heavy Truck,Street,ADS,Yes,1
3eca389fa864457,NHTSA Same Incident ID,NOV-2025,Culver City,CA,Waymo LLC,30270-13193,8bca46fb742822f,Property Damage. No Injured Reported,JAGUAR,I-PACE,"Other, see Narrative",Street,ADS,Yes,1
403c5fc83552c95,NHTSA Same Incident ID,NOV-2025,San Francisco,CA,Waymo LLC,30270-13082,997b7ef6cfcc5ec,Property Damage. No Injured Reported,JAGUAR,I-PACE,Bus,Street,ADS,Yes,1
444abc7401432e7,NHTSA Same Incident ID,NOV-2025,Pittsburgh,PA,Motional,30410-13069,de1bded2fb04543,No Injured Reported,HYUNDAI,Ioniq 5,Passenger Car,Intersection,ADS,Yes,1
4854612b6fd614b,NHTSA Same Incident ID,NOV-2025,San Francisco,CA,Waymo LLC,30270-13251,bb2eab344cefc5c,Property Damage. No Injured Reported,JAGUAR,I-PACE,Passenger Car,Street,ADS,Yes,1
49f1db49f8cd147,NHTSA Same Incident ID,NOV-2025,Austin,TX,Waymo LLC,30270-13060,ca62eeaf8438407,Minor W/ Hospitalization,JAGUAR,I-PACE,Passenger Car,Intersection,ADS,Yes,1
4a4270ce39bd820,NHTSA Same Incident ID,NOV-2025,Los Angeles,CA,Waymo LLC,30270-12054,cc19d5fa0abfd73,Property Damage. No Injured Reported,JAGUAR,I-PACE,Heavy Truck,Street,ADS,Yes,1
4e6bd638c28f802,NHTSA Same Incident ID,NOV-2025,Atlanta,GA,Waymo LLC,30270-13275,867be7d02de97dd,Property Damage. No Injured Reported,JAGUAR,I-PACE,Passenger Car,Street,ADS,Yes,1
4e7a4a189feb7da,NHTSA Same Incident ID,NOV-2025,Los Angeles,CA,Waymo LLC,30270-13373,355fffe523496f6,Property Damage. No Injured Reported,JAGUAR,I-PACE,Passenger Car,Street,ADS,Yes,1
4e9d9e1d256bbb4,NHTSA Same Incident ID,NOV-2025,Austin,TX,Avride Inc.,31101-13438,e1efa9d86c7bc48,No Injured Reported,HYUNDAI,Ioniq 5,Passenger Car,Street,ADS,Yes,1
50423c969f57fbe,NHTSA Same Incident ID,NOV-2025,San Francisco,CA,Waymo LLC,30270-13128,b6e31bec9d67330,Property Damage. No Injured Reported,JAGUAR,I-PACE,Passenger Car,Street,ADS,Yes,1
534cbfd41219280,NHTSA Same Incident ID,NOV-2025,Los Angeles,CA,Waymo LLC,30270-13068,13965860762147e,Property Damage. No Injured Reported,JAGUAR,I-PACE,Bus,Street,ADS,Yes,1
57077729fff8e86,NHTSA Same Incident ID,NOV-2025,Tempe,AZ,Waymo LLC,30270-13192,6396e4f8e325a37,Minor W/ Hospitalization,JAGUAR,I-PACE,Passenger Car,Street,ADS,Yes,1
5a2e2ce28378bff,NHTSA Same Incident ID,NOV-2025,San Francisco,CA,Waymo LLC,30270-13023,00fa24afe50168b,Property Damage. No Injured Reported,JAGUAR,I-PACE,Pickup Truck,Intersection,ADS,Yes,1
5c4495476e1b810,NHTSA Same Incident ID,NOV-2025,Las Vegas,NV,"Zoox, Inc.",30610-13376,8147258a8889735,Property Damage. No Injured Reported,ZOOX,Zoox,SUV,Street,ADS,Yes,1
5e05dd39035930e,NHTSA Same Incident ID,NOV-2025,Los Angeles,CA,Waymo LLC,30270-13195,fca02512b868cef,Minor W/O Hospitalization,JAGUAR,I-PACE,SUV,Intersection,ADS,Yes,1
5fef8206b21413e,NHTSA Same Incident ID,NOV-2025,Grand Rapids,MN,May Mobility,30413-13083,fd42bc2772c867d,No Injured Reported,TOYOTA,Sienna,Other Fixed Object,Street,ADS,Yes,1
600e5d97e4280fc,NHTSA Same Incident ID,NOV-2025,San Francisco,CA,Waymo LLC,30270-13189,f465dbb2ddb5bab,Property Damage. No Injured Reported,JAGUAR,I-PACE,SUV,Intersection,ADS,Yes,1
65ade2f4391bf55,NHTSA Same Incident ID,NOV-2025,Austin,TX,Waymo LLC,30270-13081,2f014456b7b3b3c,Property Damage. No Injured Reported,JAGUAR,I-PACE,Passenger Car,Street,ADS,Yes,1
69636cc1600b313,NHTSA Same Incident ID,NOV-2025,Scottsdale,AZ,Waymo LLC,30270-12051,6754a0a7ed022ae,Minor W/ Hospitalization,JAGUAR,I-PACE,SUV,Street,ADS,Yes,1
6bfeaaceecba2e3,NHTSA Same Incident ID,NOV-2025,Marina del Rey,CA,Waymo LLC,30270-13311,6d6e21704eb9cab,Property Damage. No Injured Reported,JAGUAR,I-PACE,SUV,Parking Lot,ADS,Yes,1
6c0b324ca409978,NHTSA Same Incident ID,NOV-2025,San Francisco,CA,Waymo LLC,30270-13206,a862c8051fbc12b,Property Damage. No Injured Reported,JAGUAR,I-PACE,Heavy Truck,Street,ADS,Yes,1
6cc4f6696fe5774,NHTSA Same Incident ID,NOV-2025,Atlanta,GA,Waymo LLC,30270-13247,f6dbabf606343b0,Property Damage. No Injured Reported,JAGUAR,I-PACE,Passenger Car,Street,ADS,Yes,1
6e3494d3d89ef30,NHTSA Same Incident ID,NOV-2025,Austin,TX,Avride Inc.,31101-13439,24f4d2431482443,No Injured Reported,HYUNDAI,Ioniq 5,Passenger Car,Street,ADS,Yes,1
741c5bf006b3e9d,NHTSA Same Incident ID,NOV-2025,Los Angeles,CA,Waymo LLC,30270-13240,951d311f0c41142,Property Damage. No Injured Reported,JAGUAR,I-PACE,Passenger Car,Street,ADS,Yes,1
7454cf9f599bad4,NHTSA Same Incident ID,NOV-2025,Los Angeles,CA,Waymo LLC,30270-13096,8bd85bd5523157a,Property Damage. No Injured Reported,JAGUAR,I-PACE,"Other, see Narrative",Street,ADS,Yes,1
76d67222293b2a7,NHTSA Same Incident ID,NOV-2025,San Francisco,CA,Waymo LLC,30270-13137,1c25739d06e15fb,Property Damage. No Injured Reported,JAGUAR,I-PACE,Passenger Car,Intersection,ADS,Yes,1
78395c1007ca02d,NHTSA Same Incident ID,NOV-2025,San Francisco,CA,Waymo LLC,30270-13091,84abb19645061b5,Property Damage. No Injured Reported,JAGUAR,I-PACE,"Other, see Narrative",Street,ADS,Yes,1
78c1cd4769f96d4,NHTSA Same Incident ID,NOV-2025,Los Angeles,CA,Waymo LLC,30270-13204,ebb5b1fdc239147,Property Damage. No Injured Reported,JAGUAR,I-PACE,SUV,Intersection,ADS,Yes,1
7de80c3d901a4ae,NHTSA Same Incident ID,NOV-2025,San Francisco,CA,Waymo LLC,30270-13250,d62ec20de337df3,Property Damage. No Injured Reported,JAGUAR,I-PACE,Heavy Truck,Street,ADS,Yes,1
7f31ad68b7a066e,NHTSA Same Incident ID,NOV-2025,Tempe,AZ,Waymo LLC,30270-13241,01fb1e74bb7fe38,Property Damage. No Injured Reported,JAGUAR,I-PACE,Bus,Street,ADS,Yes,1
84283eb6b42b54b,NHTSA Same Incident ID,NOV-2025,Scottsdale,AZ,Waymo LLC,30270-13246,9e37c50a3c841f9,Property Damage. No Injured Reported,JAGUAR,I-PACE,Other Fixed Object,Parking Lot,ADS,Yes,1
85b8b6408eea2a0,NHTSA Same Incident ID,NOV-2025,San Francisco,CA,Waymo LLC,30270-13242,18006b05dea18c1,Property Damage. No Injured Reported,JAGUAR,I-PACE,Bus,Street,ADS,Yes,1
88a86c91ffa1cc2,NHTSA Same Incident ID,NOV-2025,San Francisco,CA,Waymo LLC,30270-13133,4e033cceec1fff0,Property Damage. No Injured Reported,JAGUAR,I-PACE,Heavy Truck,Intersection,ADS,Yes,1
893ec9b89be0d16,NHTSA Same Incident ID,NOV-2025,Phoenix,AZ,Waymo LLC,30270-13024,393fb4f6248d68d,Property Damage. No Injured Reported,JAGUAR,I-PACE,Passenger Car,Parking Lot,ADS,Yes,1
8f3a886d8e8dd95,NHTSA Same Incident ID,NOV-2025,Washington,DC,Waymo LLC,30270-13252,4052955e6b85b89,Property Damage. No Injured Reported,JAGUAR,I-PACE,Other Fixed Object,Intersection,ADS,Yes,1
8fe386c2f10accc,NHTSA Same Incident ID,NOV-2025,Phoenix,AZ,Waymo LLC,30270-13058,dc20957aabc6402,Property Damage. No Injured Reported,JAGUAR,I-PACE,Pickup Truck,Street,ADS,Yes,1
9272efdb850fed3,NHTSA Same Incident ID,NOV-2025,San Francisco,CA,Waymo LLC,30270-12061,2b28a9bcb04302b,Property Damage. No Injured Reported,JAGUAR,I-PACE,SUV,Intersection,ADS,Yes,1
94afab31e9d3916,NHTSA Same Incident ID,NOV-2025,Phoenix,AZ,Waymo LLC,30270-13084,5029f28c707f0ca,Property Damage. No Injured Reported,JAGUAR,I-PACE,SUV,Street,ADS,Yes,1
9b6219cb373795e,NHTSA Same Incident ID,NOV-2025,Scottsdale,AZ,Waymo LLC,30270-13161,7e56cbe51085e9c,Moderate W/ Hospitalization,JAGUAR,I-PACE,Non-Motorist: Pedestrian,Street,ADS,Yes,1
9f0d1fe0d47387b,NHTSA Same Incident ID,NOV-2025,San Francisco,CA,Waymo LLC,30270-13066,afa8e157cfb1282,Property Damage. No Injured Reported,JAGUAR,I-PACE,Bus,Street,ADS,Yes,1
a30779c2f50647e,NHTSA Same Incident ID,NOV-2025,San Francisco,CA,Waymo LLC,30270-13205,6d2318ba0a5406d,Property Damage. No Injured Reported,JAGUAR,I-PACE,SUV,Street,ADS,Yes,1
a5ba9c361d5c1b2,NHTSA Same Incident ID,NOV-2025,Atlanta,GA,Waymo LLC,30270-13276,5dbb5f59cee23d3,Property Damage. No Injured Reported,JAGUAR,I-PACE,SUV,Street,ADS,Yes,1
a741512b0811bdc,NHTSA Same Incident ID,NOV-2025,Atlanta,GA,Waymo LLC,30270-13088,6f9395ec533e0cd,Property Damage. No Injured Reported,JAGUAR,I-PACE,SUV,Intersection,ADS,Yes,1
aaa9e98ebc40792,NHTSA Same Incident ID,NOV-2025,Miami,FL,"Zoox, Inc.",30610-13377,505cbd2f4060853,Unknown,TOYOTA,Highlander,Motorcycle,Intersection,ADS,Yes,1
ae193270314f8d6,NHTSA Same Incident ID,NOV-2025,Austin,TX,Avride Inc.,31101-13441,f2a92181c037d01,No Injured Reported,HYUNDAI,Ioniq 5,Passenger Car,Intersection,ADS,Yes,1
b1e228f313db6c5,NHTSA Same Incident ID,NOV-2025,Los Angeles,CA,Waymo LLC,30270-13129,0ba11a1b60dcc37,Property Damage. No Injured Reported,JAGUAR,I-PACE,Passenger Car,Intersection,ADS,Yes,1
bb1ec8d2c85745a,NHTSA Same Incident ID,NOV-2025,Los Angeles,CA,Waymo LLC,30270-13167,325813006f5b1c1,Unknown,JAGUAR,I-PACE,Passenger Car,Street,ADS,Yes,1
bde66b9c66c03b6,NHTSA Same Incident ID,NOV-2025,Los Angeles,CA,Waymo LLC,30270-12056,5536bd254ad47c9,Property Damage. No Injured Reported,JAGUAR,I-PACE,Motorcycle,Street,ADS,Yes,1
be7eac3aa1b0084,NHTSA Same Incident ID,NOV-2025,Los Angeles,CA,Waymo LLC,30270-13244,bdb4a338e7977cc,Minor W/O Hospitalization,JAGUAR,I-PACE,Passenger Car,Street,ADS,Yes,1
cb29a083da839a5,NHTSA Same Incident ID,NOV-2025,South San Francisco,CA,Waymo LLC,30270-13055,c42ee51ae3db3a1,Property Damage. No Injured Reported,JAGUAR,I-PACE,SUV,Intersection,ADS,Yes,1
ce7cc3f092cf1bf,NHTSA Same Incident ID,NOV-2025,San Francisco,CA,Waymo LLC,30270-13054,ae33401c44a202c,Property Damage. No Injured Reported,JAGUAR,I-PACE,Pickup Truck,Intersection,ADS,Yes,1
cf7fad3cdabde9d,NHTSA Same Incident ID,NOV-2025,West Hollywood,CA,Waymo LLC,30270-13199,a1622129a5a9075,Property Damage. No Injured Reported,JAGUAR,I-PACE,Pickup Truck,Intersection,ADS,Yes,1
d0fc94d6374ada4,NHTSA Same Incident ID,NOV-2025,San Francisco,CA,Waymo LLC,30270-13235,8728edfe6c7deed,Property Damage. No Injured Reported,JAGUAR,I-PACE,Van,Street,ADS,Yes,1
d112b9f733d7830,NHTSA Same Incident ID,NOV-2025,Austin,TX,Waymo LLC,30270-13095,e280666895d0a40,Property Damage. No Injured Reported,JAGUAR,I-PACE,"Other, see Narrative",Street,ADS,Yes,1
d26cb4aeeb8c44b,NHTSA Same Incident ID,NOV-2025,Austin,TX,Avride Inc.,31101-13440,d004cd7af5ce11f,No Injured Reported,HYUNDAI,Ioniq 5,Passenger Car,Intersection,ADS,Yes,1
d42f320f6f44668,NHTSA Same Incident ID,NOV-2025,Atlanta,GA,Waymo LLC,30270-13256,c333793295acf1b,Property Damage. No Injured Reported,JAGUAR,I-PACE,Other Fixed Object,Street,ADS,Yes,1
d60f282760e4cfc,NHTSA Same Incident ID,NOV-2025,San Francisco,CA,Waymo LLC,30270-13270,e93f9538f643ca4,Property Damage. No Injured Reported,JAGUAR,I-PACE,Animal,Street,ADS,Yes,1
d624ad27f53c2c6,NHTSA Same Incident ID,NOV-2025,San Francisco,CA,Waymo LLC,30270-13162,21e65646a3a5d17,Property Damage. No Injured Reported,JAGUAR,I-PACE,Heavy Truck,Street,ADS,Yes,1
d67766755374650,NHTSA Same Incident ID,NOV-2025,Mountain View,CA,Waymo LLC,30270-13100,1070c2b8ab10432,Minor W/O Hospitalization,JAGUAR,I-PACE,Van,Street,ADS,Yes,1
d7d97ff4b2b411a,NHTSA Same Incident ID,NOV-2025,Los Angeles,CA,Waymo LLC,30270-13130,1fc36c5073992f4,Property Damage. No Injured Reported,JAGUAR,I-PACE,Passenger Car,Intersection,ADS,Yes,1
d9550aa70b90958,NHTSA Same Incident ID,NOV-2025,Los Angeles,CA,Waymo LLC,30270-13099,4f8d0c1691f7096,Property Damage. No Injured Reported,JAGUAR,I-PACE,Passenger Car,Intersection,ADS,Yes,1
df94ef1fab818f4,NHTSA Same Incident ID,NOV-2025,Phoenix,AZ,Waymo LLC,30270-13144,17e585bbca9a446,Property Damage. No Injured Reported,JAGUAR,I-PACE,Pickup Truck,Street,ADS,Yes,1
e58f9c1ddfb6571,NHTSA Same Incident ID,NOV-2025,Austin,TX,Waymo LLC,30270-13160,390044f737879e8,Property Damage. No Injured Reported,JAGUAR,I-PACE,"Other, see Narrative",Parking Lot,ADS,Yes,1
e60b29907e64039,NHTSA Same Incident ID,NOV-2025,Tempe,AZ,Waymo LLC,30270-13085,d873964734d4e83,Property Damage. No Injured Reported,JAGUAR,I-PACE,Passenger Car,Intersection,ADS,Yes,1
e7860f4e249fa50,NHTSA Same Incident ID,NOV-2025,Culver City,CA,Waymo LLC,30270-13067,ce2a69333b0f094,Property Damage. No Injured Reported,JAGUAR,I-PACE,Pickup Truck,Street,ADS,Yes,1
ea62cd0a21f6a7a,NHTSA Same Incident ID,NOV-2025,San Francisco,CA,Waymo LLC,30270-13238,88de18aafbf11eb,Property Damage. No Injured Reported,JAGUAR,I-PACE,Passenger Car,Street,ADS,Yes,1
ea640166d0e943a,NHTSA Same Incident ID,NOV-2025,San Francisco,CA,Waymo LLC,30270-13196,d25da391509bc81,Property Damage. No Injured Reported,JAGUAR,I-PACE,Passenger Car,Street,ADS,Yes,1
ec68eb1eab1b37e,NHTSA Same Incident ID,NOV-2025,San Francisco,CA,Waymo LLC,30270-13268,0248bb53d9ff007,Property Damage. No Injured Reported,JAGUAR,I-PACE,Passenger Car,Street,ADS,Yes,1
edec9e54071c6ad,NHTSA Same Incident ID,NOV-2025,San Francisco,CA,Waymo LLC,30270-13312,e10051ac79c1a41,Property Damage. No Injured Reported,JAGUAR,I-PACE,SUV,Street,ADS,Yes,1
f1cfe336ab9946d,NHTSA Same Incident ID,NOV-2025,Atlanta,GA,Waymo LLC,30270-13148,acb50447ab56fda,Property Damage. No Injured Reported,JAGUAR,I-PACE,Passenger Car,Intersection,ADS,Yes,1
f5ef8226f63632b,NHTSA Same Incident ID,NOV-2025,Los Angeles,CA,Waymo LLC,30270-13063,d9d5dc741b88875,Minor W/O Hospitalization,JAGUAR,I-PACE,SUV,Intersection,ADS,Yes,1
f67979c4cdb10d7,NHTSA Same Incident ID,NOV-2025,Atlanta,GA,May Mobility,30413-13249,621090cc3236fca,No Injured Reported,TOYOTA,Sienna,Other Fixed Object,Parking Lot,ADS,Yes,1
f6891896f3deeb6,NHTSA Same Incident ID,NOV-2025,Austin,TX,Waymo LLC,30270-12048,a97d4b2b01ce2b2,Minor W/O Hospitalization,JAGUAR,I-PACE,SUV,Intersection,ADS,Yes,1
f6c34d57b306684,NHTSA Same Incident ID,NOV-2025,San Francisco,CA,Waymo LLC,30270-13201,273136d68399ed3,Property Damage. No Injured Reported,JAGUAR,I-PACE,First Responder Vehicle,Street,ADS,Yes,1
f948905f2385492,NHTSA Same Incident ID,NOV-2025,Austin,TX,"Tesla, Inc.",13781-13237,ab5f2d6a96a3efc,No Injured Reported,TESLA,Model Y,"Other, see Narrative",Street,ADS,Yes,1
fd462c604311b17,NHTSA Same Incident ID,NOV-2025,Austin,TX,Waymo LLC,30270-13164,5f8e37936d1fa86,Property Damage. No Injured Reported,JAGUAR,I-PACE,Passenger Car,Parking Lot,ADS,Yes,1
fd92b0f3985c4b4,NHTSA Same Incident ID,NOV-2025,Los Angeles,CA,Waymo LLC,30270-13197,ffa7f9ea6625ecf,Property Damage. No Injured Reported,JAGUAR,I-PACE,Passenger Car,Street,ADS,Yes,1
ffd4525ad4b2419,NHTSA Same Incident ID,NOV-2025,Los Angeles,CA,Waymo LLC,30270-13310,f283fd35d508288,Property Damage. No Injured Reported,JAGUAR,I-PACE,Van,Street,ADS,Yes,1
15e150e3f8f22d0,NHTSA Same Incident ID,OCT-2021,Palo Alto,CA,Argo AI;Ford Motor Company,30290-1642;502-1697,a5b2a19801a72a3,No Injuries Reported,Ford,Escape,SUV,Intersection,ADS,"[REDACTED, MAY CONTAIN CONFIDENTIAL BUSINESS INFORMATION]",2
2be0d6e1e9a8d23,NHTSA Same Incident ID,OCT-2021,San Francisco,CA,Transdev Alternative Services;Waymo LLC,30270-1371;30270-1410;30531-1382,db1aad21cae0c5d,Minor,Jaguar,I-Pace,SUV,Intersection,ADS,Yes,3
31698dec0f30d7d,NHTSA Same Incident ID,OCT-2021,San Francisco,CA,Transdev Alternative Services;Waymo LLC,30270-1728;30531-1744,3f5f631b7210b62,No Injuries Reported,Jaguar,I-Pace,Passenger Car,Intersection,ADS,Yes,2
3f31d9494b5ff0b,NHTSA Same Incident ID,OCT-2021,San Francisco,CA,"Zoox, Inc.",30610-1732,8cb71719e87c23f,No Injuries Reported,Toyota,Highlander,Pickup Truck,Intersection,ADS,Yes,1
488a8ae4eedfb82,NHTSA Same Incident ID,OCT-2021,San Francisco,CA,Transdev Alternative Services;Waymo LLC,30270-1727;30531-1742,4e6dc7156efb5a6,No Injuries Reported,Jaguar,I-Pace,Passenger Car,Street,ADS,Yes,2
69902b4f9484463,NHTSA Same Incident ID,OCT-2021,San Francisco,CA,Cruise LLC,30412-1389,a4af7fc813effcd,No Injuries Reported,Chevrolet,Bolt,SUV,Street,ADS,"[REDACTED, MAY CONTAIN CONFIDENTIAL BUSINESS INFORMATION]",1
6f2cffa37c36b66,NHTSA Same Incident ID,OCT-2021,Chandler,AZ,Waymo LLC,30270-1535;30270-1583,142fc9bec7dfe3e,No Injuries Reported,Chrysler,Pacifica,Passenger Car,Intersection,ADS,Yes,2
73fa3c3b60dbdec,NHTSA Same Incident ID,OCT-2021,Golden,CO,Easymile Inc.,30414-1540;30414-1718,55e7d3bb07f1df3,No Injuries Reported,EZ10,GEN2,Non-Motorist: Cyclist,Street,ADS,"[REDACTED, MAY CONTAIN CONFIDENTIAL BUSINESS INFORMATION]",2
765d2c91289bd7f,NHTSA Same Incident ID,OCT-2021,San Francisco,CA,Transdev Alternative Services;Waymo LLC,30270-1731;30531-1743,076a0682d278cf7,No Injuries Reported,Jaguar,I-Pace,SUV,Intersection,ADS,Yes,2
9988693979353b9,NHTSA Same Incident ID,OCT-2021,San Francisco,CA,Transdev Alternative Services;Waymo LLC,30270-1729;30531-1745,fe5fa579f66e981,No Injuries Reported,Jaguar,I-Pace,Van,Intersection,ADS,Yes,2
aeb0ef282584e35,NHTSA Same Incident ID,OCT-2021,Fremont,CA,Hyundai Motor America;Pony.ai,30711-1624;30711-1759;669-1762,39f3358183a2dbc;68822f2575e302d,No Injuries Reported,Hyundai,Kona EV,Other Fixed Object,Street,ADS,Yes,3
d13b625868eb7b9,NHTSA Same Incident ID,OCT-2021,Golden,CO,Easymile Inc.,30414-1391;30414-1719,4e9cb8fb52e18e3,No Injuries Reported,EZ10,GEN2,Passenger Car,Street,ADS,"[REDACTED, MAY CONTAIN CONFIDENTIAL BUSINESS INFORMATION]",2
f9d5189db0a4978,NHTSA Same Incident ID,OCT-2021,Mesa,AZ,Waymo LLC,30270-1730,6d49baca1da8d0f,No Injuries Reported,Chrysler,Pacifica,SUV,Street,ADS,Yes,1
04f2cedde6aabb4,NHTSA Same Incident ID,OCT-2022,Austin,TX,Argo AI;Ford Motor Company,30290-4128;502-4132,44e401161509e26,No Injuries Reported,Ford,Escape,Passenger Car,Street,ADS,"[REDACTED, MAY CONTAIN CONFIDENTIAL BUSINESS INFORMATION]",2
17c618d238f493f,NHTSA Same Incident ID,OCT-2022,Tempe,AZ,Transdev Alternative Services;Waymo LLC,30270-4104;30531-4108,ecbf8e4637f763d,No Injuries Reported,Peterbilt,579 Epiq,Passenger Car,Highway / Freeway,ADS,Yes,2
27528ff2c99e583,NHTSA Same Incident ID,OCT-2022,San Francisco,CA,Transdev Alternative Services;Waymo LLC,30270-4274;30531-4278,4a17d6b39e90898,No Injuries Reported,Jaguar,I-Pace,"Other, see Narrative",Intersection,ADS,Yes,2
49cddd631fa898b,NHTSA Same Incident ID,OCT-2022,,FL,"Volvo Car USA, LLC",1422-4087,0c2f1d8b59e2117,No Injuries Reported,Polestar,Polestar 2,Other Fixed Object,Highway / Freeway,ADAS,"Unknown, see Narrative",1
b393cfe0f714730,NHTSA Same Incident ID,OCT-2022,Shenandoah,TX,"Aurora Operations, Inc.",30530-4264,f05623756b7ce73,No Injuries Reported,Peterbilt,579,"Other, see Narrative",Highway / Freeway,ADAS,Yes,1
ee7410fb0a17f2e,NHTSA Same Incident ID,OCT-2022,San Francisco,CA,"Zoox, Inc.",30610-4215,9e82491db35e19c,No Injuries Reported,Toyota,Highlander,Van,Street,ADS,Yes,1
f96aa95fcd96be5,NHTSA Same Incident ID,OCT-2022,Austin,TX,Argo AI;Ford Motor Company,30290-4127;502-4131,44e401161509e26,No Injuries Reported,Ford,Escape,Passenger Car,Street,ADS,"[REDACTED, MAY CONTAIN CONFIDENTIAL BUSINESS INFORMATION]",2
ff1fb0799a4f9e8,NHTSA Same Incident ID,OCT-2022,San Francisco,CA,"Zoox, Inc.",30610-4217,c163af6fd5e1e60,No Injuries Reported,Toyota,Highlander,Passenger Car,Intersection,ADS,Yes,1
0094d46307334a0,NHTSA Same Incident ID,OCT-2023,Austin,TX,"Cruise LLC;General Motors, LLC",30412-6614;540-6629,04d7711d5ebebe0,No Injuries Reported,Cruise,AV,Pickup Truck,Intersection,ADS,"[REDACTED, MAY CONTAIN CONFIDENTIAL BUSINESS INFORMATION]",2
03f712880e4d552,NHTSA Same Incident ID,OCT-2023,San Francisco,CA,"Cruise LLC;General Motors, LLC",30412-6617;540-6632,ba7367055695bf8,No Injuries Reported,Cruise,AV,Passenger Car,Intersection,ADS,"[REDACTED, MAY CONTAIN CONFIDENTIAL BUSINESS INFORMATION]",2
0bb88b017273830,NHTSA Same Incident ID,OCT-2023,Grand Rapids,MN,May Mobility,30413-6684,1d51bed7f4387da,No Injuries Reported,Toyota,Sienna,Other Fixed Object,Street,ADS,Yes,1
1247cf7e78f61f6,NHTSA Same Incident ID,OCT-2023,Fort Worth,TX,Kodiak Robotics;PACCAR Incorporated,30391-6563;988-6565,c95b3ff7fcd3ee1,No Injuries Reported,Kenworth Motor Truck Co,T680,Heavy Truck,Highway / Freeway,ADS,Yes,2
167c0e19aa7af30,NHTSA Same Incident ID,OCT-2023,Houston,TX,"Cruise LLC;General Motors, LLC",30412-6597;540-6644,5110d23f90cc3a5,No Injuries Reported,Cruise,AV,Passenger Car,Street,ADS,"[REDACTED, MAY CONTAIN CONFIDENTIAL BUSINESS INFORMATION]",2
1cfed656d5eee11,NHTSA Same Incident ID,OCT-2023,San Francisco,CA,Waymo LLC,30270-6667,4d7c75a7683ed1a,No Injuries Reported,Jaguar,I-Pace,Passenger Car,Street,ADS,Yes,1
289362c589bd4da,NHTSA Same Incident ID,OCT-2023,Austin,TX,"Cruise LLC;General Motors, LLC",30412-6596;540-6642,438c22f3ff264b2,No Injuries Reported,Cruise,AV,Pickup Truck,Intersection,ADS,"[REDACTED, MAY CONTAIN CONFIDENTIAL BUSINESS INFORMATION]",2
2e94dccbdb96501,NHTSA Same Incident ID,OCT-2023,Scottsdale,AZ,Waymo LLC,30270-6542,006bac2ce63f1bf,Unknown,Jaguar,I-Pace,"Other, see Narrative",Street,ADS,Yes,1
394bad4fc5ff01d,NHTSA Same Incident ID,OCT-2023,San Francisco,CA,Waymo LLC,30270-6663,fa8d7f93679b1df,No Injuries Reported,Jaguar,I-Pace,Passenger Car,Street,ADS,Yes,1
434911b9ab45ec9,NHTSA Same Incident ID,OCT-2023,Chandler,AZ,Waymo LLC,30270-6566,e736a273624743b,Minor,Jaguar,I-Pace,Passenger Car,Street,ADS,Yes,1
472852271e2724f,NHTSA Same Incident ID,OCT-2023,San Francisco,CA,Waymo LLC,30270-6385,4695a335f999808,No Injuries Reported,Jaguar,I-Pace,Passenger Car,Street,ADS,Yes,1
4848631652e9672,NHTSA Same Incident ID,OCT-2023,San Francisco,CA,"Cruise LLC;General Motors, LLC",30412-6528;540-6530,3c845ca0f22b4b3,Moderate,Cruise,AV,Motorcycle,Street,ADS,"[REDACTED, MAY CONTAIN CONFIDENTIAL BUSINESS INFORMATION]",2
57c001739109f42,NHTSA Same Incident ID,OCT-2023,San Francisco,CA,"Cruise LLC;General Motors, LLC",30412-6616;540-6630,4c9d10afb646c6f,No Injuries Reported,Cruise,AV,Heavy Truck,Street,ADS,"[REDACTED, MAY CONTAIN CONFIDENTIAL BUSINESS INFORMATION]",2
6724ba0b1aa4554,NHTSA Same Incident ID,OCT-2023,San Francisco,CA,Apollo Autonomous Driving USA,33495-6726,c43d4aa180e4f98,No Injuries Reported,Lincoln,MKZ Hybrid,"Other, see Narrative",Intersection,"Unknown, see Narrative",Yes,1
6c7bc599068a0e0,NHTSA Same Incident ID,OCT-2023,San Francisco,CA,Waymo LLC,30270-6661,036f698e741faac,No Injuries Reported,Jaguar,I-Pace,Pickup Truck,Intersection,ADS,Yes,1
6e5f7e8fa9a1fcb,NHTSA Same Incident ID,OCT-2023,San Francisco,CA,"Zoox, Inc.",30610-6638,3d94e3931f6113d,No Injuries Reported,Toyota,Highlander,SUV,Street,ADS,Yes,1
77012ffc07d558c,NHTSA Same Incident ID,OCT-2023,Phoenix,AZ,Waymo LLC,30270-6664,09f6e9bd642f040,No Injuries Reported,Jaguar,I-Pace,Van,Parking Lot,ADS,Yes,1
7ef3f121cdc8180,NHTSA Same Incident ID,OCT-2023,Santa Monica,CA,"Cruise LLC;General Motors, LLC",30412-6618;540-6633,e8d5fcd1034a8c0,No Injuries Reported,Cruise,AV,SUV,Intersection,ADS,"[REDACTED, MAY CONTAIN CONFIDENTIAL BUSINESS INFORMATION]",2
84adcad61710498,NHTSA Same Incident ID,OCT-2023,San Francisco,CA,"Cruise LLC;General Motors, LLC",30412-6598;540-6645,e397e2a81df4ea8,No Injuries Reported,Cruise,AV,Van,Street,ADS,"[REDACTED, MAY CONTAIN CONFIDENTIAL BUSINESS INFORMATION]",2
8cb088f47f347b4,NHTSA Same Incident ID,OCT-2023,San Francisco,CA,"Cruise LLC;General Motors, LLC",30412-6395;540-6400,244abee15187c37,Serious,Cruise,AV,Non-Motorist: Pedestrian,Intersection,ADS,"[REDACTED, MAY CONTAIN CONFIDENTIAL BUSINESS INFORMATION]",2
951dadb865d98c2,NHTSA Same Incident ID,OCT-2023,San Francisco,CA,Transdev Alternative Services;Waymo LLC,30270-6665;30531-6691,d10dd4f4cedd8bd,No Injuries Reported,Jaguar,I-Pace,SUV,Intersection,ADS,Yes,2
a106bab6fdac541,NHTSA Same Incident ID,OCT-2023,San Francisco,CA,"Cruise LLC;General Motors, LLC",30412-6613;540-6646,c4cd7054251e8c2,No Injuries Reported,Cruise,AV,Passenger Car,Intersection,ADS,"[REDACTED, MAY CONTAIN CONFIDENTIAL BUSINESS INFORMATION]",2
a642239e4ca5b63,NHTSA Same Incident ID,OCT-2023,Austin,TX,Avride Inc.,31101-7044,a8e3f4717415d2c,No Injuries Reported,Hyundai,Sonata,Passenger Car,Street,ADS,Yes,1
b05fd9ea974ddb2,NHTSA Same Incident ID,OCT-2023,San Francisco,CA,Waymo LLC,30270-6666,1c75c3f3119d73c,No Injuries Reported,Jaguar,I-Pace,Van,Street,ADS,Yes,1
c68bf3df2aa3e5a,NHTSA Same Incident ID,OCT-2023,Seattle,WA,"Zoox, Inc.",30610-6635,51988d6db1dbf10,No Injuries Reported,Toyota,Highlander,Passenger Car,Street,ADS,Yes,1
d088b81d0aea602,NHTSA Same Incident ID,OCT-2023,San Francisco,CA,Transdev Alternative Services;Waymo LLC,30270-6529;30531-6532,1d6132bddbe10e4,No Injuries Reported,Jaguar,I-Pace,Non-Motorist: Cyclist,Intersection,ADS,Yes,2
dc0129a4cfa3733,NHTSA Same Incident ID,OCT-2023,San Francisco,CA,"Cruise LLC;General Motors, LLC",30412-6525;540-6531,b70d29f571a8091,No Injuries Reported,Cruise,AV,Heavy Truck,Street,ADS,"[REDACTED, MAY CONTAIN CONFIDENTIAL BUSINESS INFORMATION]",2
e1a078add1d307e,NHTSA Same Incident ID,OCT-2023,Tempe,AZ,Waymo LLC,30270-6668,fb102df46e11179,No Injuries Reported,Jaguar,I-Pace,Passenger Car,Intersection,ADS,Yes,1
e3bd842f3d0ff71,NHTSA Same Incident ID,OCT-2023,Phoenix,AZ,Waymo LLC,30270-6561,269b2953f5264a1,No Injuries Reported,Jaguar,I-Pace,"Other, see Narrative",Street,ADS,Yes,1
f23075bf3ae4c1d,NHTSA Same Incident ID,OCT-2023,Phoenix,AZ,Waymo LLC,30270-6548,c076b8ec8eaf73f,No Injuries Reported,Jaguar,I-Pace,"Other, see Narrative",Street,ADS,Yes,1
f5399b04ffda41f,NHTSA Same Incident ID,OCT-2023,San Francisco,CA,Waymo LLC,30270-6662,d4e22689b56b6e4,No Injuries Reported,Jaguar,I-Pace,Passenger Car,Street,ADS,Yes,1
03b95c1cf4c1985,NHTSA Same Incident ID,OCT-2024,Scottsdale,AZ,Waymo LLC,30270-8941,6a246dfae8a60c0,No Injuries Reported,Jaguar,I-Pace,Passenger Car,Street,ADS,Yes,1
083988c1ea33958,NHTSA Same Incident ID,OCT-2024,San Francisco,CA,Waymo LLC,30270-8933,81dd10bee130a88,No Injuries Reported,Jaguar,I-Pace,Van,Parking Lot,ADS,Yes,1
0afbe0209c6ceb2,NHTSA Same Incident ID,OCT-2024,San Francisco,CA,Waymo LLC,30270-9004,4a5aa2740a4b9f2,No Injuries Reported,Jaguar,I-Pace,SUV,Street,ADS,Yes,1
0b3ca1927d60743,NHTSA Same Incident ID,OCT-2024,Tempe,AZ,Waymo LLC,30270-9116,d8267d92453af19,No Injuries Reported,Jaguar,I-Pace,SUV,Street,ADS,Yes,1
0b7b3ff1a94bace,NHTSA Same Incident ID,OCT-2024,Starkville,MS,"Beep, Inc.",30490-9077,166df047b432dec,No Injuries Reported,Navya,ARMA,Passenger Car,Intersection,ADS,Yes,1
12cf8b6660b49bc,NHTSA Same Incident ID,OCT-2024,San Francisco,CA,Waymo LLC,30270-9110,ffae69de9f868ce,No Injuries Reported,Jaguar,I-Pace,Passenger Car,Intersection,ADS,Yes,1
144c52c5ef2a2ee,NHTSA Same Incident ID,OCT-2024,San Francisco,CA,Waymo LLC,30270-8943,14aa9e06c039169,No Injuries Reported,Jaguar,I-Pace,Passenger Car,Intersection,ADS,Yes,1
1943991c8c4e1e9,NHTSA Same Incident ID,OCT-2024,San Francisco,CA,Waymo LLC,30270-9097,de057153443fc62,No Injuries Reported,Jaguar,I-Pace,Heavy Truck,Street,ADS,Yes,1
1e1418541038c4a,NHTSA Same Incident ID,OCT-2024,San Francisco,CA,"Zoox, Inc.",30610-8956,b1784ffeed4c799,Minor,Toyota,Highlander,Non-Motorist: Other,Intersection,ADS,Yes,1
1f2bee64088ae54,NHTSA Same Incident ID,OCT-2024,San Francisco,CA,Waymo LLC,30270-8982,63d5996f05e3f54,No Injuries Reported,Jaguar,I-Pace,Passenger Car,Street,ADS,Yes,1
240a151c45d4bda,NHTSA Same Incident ID,OCT-2024,San Francisco,CA,Waymo LLC,30270-9177,ada18c60b810838,No Injuries Reported,Jaguar,I-Pace,Animal,Street,ADS,Yes,1
2540f0ae9da3f1a,NHTSA Same Incident ID,OCT-2024,Tempe,AZ,Waymo LLC,30270-9191,62b9bbc2ac90e94,No Injuries Reported,Jaguar,I-Pace,Passenger Car,Street,ADS,Yes,1
28d75280cb0cda6,NHTSA Same Incident ID,OCT-2024,Guadalupe,AZ,Waymo LLC,30270-9181,5071b1e30878c2e,No Injuries Reported,Jaguar,I-Pace,Passenger Car,Street,ADS,Yes,1
29c24607230435e,NHTSA Same Incident ID,OCT-2024,Arlington,TX,May Mobility,30413-9109,d16e0ebfe3b6490,No Injuries Reported,Toyota,Sienna,Passenger Car,Street,ADS,Yes,1
2a34f66d2a51ccb,NHTSA Same Incident ID,OCT-2024,Austin,TX,Waymo LLC,30270-9103,c2e2e017617dee6,No Injuries Reported,Jaguar,I-Pace,Passenger Car,Street,ADS,Yes,1
2abc9b4faef00d9,NHTSA Same Incident ID,OCT-2024,San Francisco,CA,Waymo LLC,30270-8968,82faed3679e4f36,Serious,Jaguar,I-Pace,SUV,Street,ADS,Yes,1
312ced3d6dc57f8,NHTSA Same Incident ID,OCT-2024,San Francisco,CA,Waymo LLC,30270-8979,8728edfe6c7deed,No Injuries Reported,Jaguar,I-Pace,Passenger Car,Street,ADS,Yes,1
3404f70013700b9,NHTSA Same Incident ID,OCT-2024,Scottsdale,AZ,Waymo LLC,30270-9111,0c7b648d5dfb9f3,No Injuries Reported,Jaguar,I-Pace,SUV,Street,ADS,Yes,1
3d916b63bbc2e6d,NHTSA Same Incident ID,OCT-2024,San Francisco,CA,Waymo LLC,30270-9098,d0ebac371478862,No Injuries Reported,Jaguar,I-Pace,Passenger Car,Street,ADS,Yes,1
43b4f86310fe930,NHTSA Same Incident ID,OCT-2024,Paradise,NV,"Zoox, Inc.",30610-9120,b190e74ca690dea,No Injuries Reported,Toyota,Highlander,SUV,Street,ADS,Yes,1
45ffa3dbfb91527,NHTSA Same Incident ID,OCT-2024,Paradise,NV,"Zoox, Inc.",30610-9137,b4ec7c2d74c9bab,No Injuries Reported,Toyota,Highlander,SUV,Street,ADS,Yes,1
498f8f9667fb6da,NHTSA Same Incident ID,OCT-2024,San Francisco,CA,Waymo LLC,30270-9112,4146078966d52fb,No Injuries Reported,Jaguar,I-Pace,SUV,Street,ADS,Yes,1
49ac33f9d2672e8,NHTSA Same Incident ID,OCT-2024,Phoenix,AZ,Waymo LLC,30270-9107,e736a273624743b,No Injuries Reported,Jaguar,I-Pace,Pickup Truck,Parking Lot,ADS,Yes,1
4ec23dc5a89933c,NHTSA Same Incident ID,OCT-2024,Houston,TX,"Cruise LLC;General Motors, LLC",30412-8748;540-8762,e6375b74db10baf,No Injuries Reported,Cruise,AV,Other Fixed Object,Intersection,ADS,"[REDACTED, MAY CONTAIN CONFIDENTIAL BUSINESS INFORMATION]",2
5495e0dccac8dca,NHTSA Same Incident ID,OCT-2024,San Francisco,CA,Waymo LLC,30270-8940,a64814bf1ec68ee,No Injuries Reported,Jaguar,I-Pace,Passenger Car,Intersection,ADS,Yes,1
7360347cc3d1693,NHTSA Same Incident ID,OCT-2024,Phoenix,AZ,Waymo LLC,30270-8929,3945f0146606314,No Injuries Reported,Jaguar,I-Pace,Heavy Truck,Parking Lot,ADS,Yes,1
76e5d31295af2c3,NHTSA Same Incident ID,OCT-2024,Streetman,TX,"Aurora Operations, Inc.;PACCAR Incorporated",30530-9093;988-9119,9c79dca9f5bfa7e,No Injuries Reported,Peterbilt,579,Animal,Highway / Freeway,ADS,Yes,2
7759f3dd1772fd8,NHTSA Same Incident ID,OCT-2024,Phoenix,AZ,Waymo LLC,30270-8915,0126c8d65d54d9f,No Injuries Reported,Jaguar,I-Pace,Van,Street,ADS,Yes,1
7862f7345d6ed3e,NHTSA Same Incident ID,OCT-2024,Mesa,AZ,Waymo LLC,30270-9115,a25ef0ac6ad29f4,No Injuries Reported,Jaguar,I-Pace,Pickup Truck,Parking Lot,ADS,Yes,1
78937cb7eee0b77,NHTSA Same Incident ID,OCT-2024,Austin,TX,Waymo LLC,30270-8794,47f52a90423d10d,No Injuries Reported,Jaguar,I-Pace,Passenger Car,Street,ADS,Yes,1
7a84cfa4ce4d3a5,NHTSA Same Incident ID,OCT-2024,Culver City,CA,Waymo LLC,30270-9184,fd03fbabacd53ce,No Injuries Reported,Jaguar,I-Pace,Passenger Car,Street,ADS,Yes,1
7c2668762eb5efa,NHTSA Same Incident ID,OCT-2024,San Francisco,CA,Waymo LLC,30270-9189,bdbc6e1e4284a36,No Injuries Reported,Jaguar,I-Pace,Passenger Car,Street,ADS,Yes,1
82df85a5a4a3bef,NHTSA Same Incident ID,OCT-2024,Austin,TX,Waymo LLC,30270-9185,916379bf05eaf32,No Injuries Reported,Jaguar,I-Pace,Passenger Car,Street,ADS,Yes,1
83f223e7f8775af,NHTSA Same Incident ID,OCT-2024,San Francisco,CA,Waymo LLC,30270-9183,d486f6b56e17cbc,No Injuries Reported,Jaguar,I-Pace,Passenger Car,Street,ADS,Yes,1
8563d4571c2a4f2,NHTSA Same Incident ID,OCT-2024,Gainesville,TX,Kodiak Robotics;PACCAR Incorporated,30391-8984;988-9101,de1d6e7b03175e6,No Injuries Reported,Kenworth,T680,Other Fixed Object,Highway / Freeway,ADS,Yes,2
8783e36771c184b,NHTSA Same Incident ID,OCT-2024,Phoenix,AZ,Waymo LLC,30270-9190,720a2c8a04ccf0d,No Injuries Reported,Jaguar,I-Pace,Van,Street,ADS,Yes,1
8cee75711cb9227,NHTSA Same Incident ID,OCT-2024,San Francisco,CA,Waymo LLC,30270-8781,bb7a95e3244d782,No Injuries Reported,Jaguar,I-Pace,Passenger Car,Street,ADS,Yes,1
917c2fcaf5fec83,NHTSA Same Incident ID,OCT-2024,Phoenix,AZ,Waymo LLC,30270-9123,198cbd52b165ea7,No Injuries Reported,Jaguar,I-Pace,Pickup Truck,Intersection,ADS,Yes,1
93e8f390b0af7bc,NHTSA Same Incident ID,OCT-2024,Phoenix,AZ,Waymo LLC,30270-9141,2f140523d843fba,No Injuries Reported,Jaguar,I-Pace,SUV,Street,ADS,Yes,1
9600255bf152048,NHTSA Same Incident ID,OCT-2024,San Francisco,CA,Waymo LLC,30270-9175,1599ac052bcdb57,No Injuries Reported,Jaguar,I-Pace,Pickup Truck,Street,ADS,Yes,1
965e0e83c0b1517,NHTSA Same Incident ID,OCT-2024,Los Angeles,CA,Waymo LLC,30270-9173,f92fafff2a08303,No Injuries Reported,Jaguar,I-Pace,Passenger Car,Intersection,ADS,Yes,1
970d86ec5425b21,NHTSA Same Incident ID,OCT-2024,San Francisco,CA,Waymo LLC,30270-9176,9b58c96904cb338,No Injuries Reported,Jaguar,I-Pace,SUV,Street,ADS,Yes,1
98652889cf9795e,NHTSA Same Incident ID,OCT-2024,San Francisco,CA,"Zoox, Inc.",30610-9138,473ebdf4b3aedda,No Injuries Reported,Toyota,Highlander,Passenger Car,Street,ADS,Yes,1
98ebb610c5d4696,NHTSA Same Incident ID,OCT-2024,San Francisco,CA,Waymo LLC,30270-9140,d674426385f0fc8,No Injuries Reported,Jaguar,I-Pace,SUV,Intersection,ADS,Yes,1
9a38526528986a1,NHTSA Same Incident ID,OCT-2024,Tempe,AZ,Waymo LLC,30270-8793,cdf78379297f7ce,No Injuries Reported,Jaguar,I-Pace,Heavy Truck,Street,ADS,Yes,1
9c8f0e8f37ada10,NHTSA Same Incident ID,OCT-2024,San Francisco,CA,Waymo LLC,30270-9186,c3868a60524aabc,No Injuries Reported,Jaguar,I-Pace,SUV,Street,ADS,Yes,1
a85bce110d12bb8,NHTSA Same Incident ID,OCT-2024,San Francisco,CA,Waymo LLC,30270-9187,30d416716606fc7,No Injuries Reported,Jaguar,I-Pace,Van,Street,ADS,Yes,1
acfaefbc0abe2a9,NHTSA Same Incident ID,OCT-2024,San Francisco,CA,Waymo LLC,30270-8966,19f3ad6d393de82,No Injuries Reported,Jaguar,I-Pace,Passenger Car,Street,ADS,Yes,1
b04a870b2f0c106,NHTSA Same Incident ID,OCT-2024,San Francisco,CA,Waymo LLC,30270-9188,abc389400e38684,No Injuries Reported,Jaguar,I-Pace,SUV,Street,ADS,Yes,1
b4d5ad3588b0d05,NHTSA Same Incident ID,OCT-2024,Los Angeles,CA,Waymo LLC,30270-9178,50bbe94a2ce380c,No Injuries Reported,Jaguar,I-Pace,Passenger Car,Street,ADS,Yes,1
b705a460b540023,NHTSA Same Incident ID,OCT-2024,San Francisco,CA,Waymo LLC,30270-9171,839ae0ee3c11b7d,No Injuries Reported,Jaguar,I-Pace,SUV,Street,ADS,Yes,1
bc48a1958207dc5,NHTSA Same Incident ID,OCT-2024,Los Angeles,CA,Waymo LLC,30270-9013,30487ce0543c3e4,No Injuries Reported,Jaguar,I-Pace,Bus,Intersection,ADS,Yes,1
c24139a7601a604,NHTSA Same Incident ID,OCT-2024,San Francisco,CA,Waymo LLC,30270-9179,34dcbe78146118f,No Injuries Reported,Jaguar,I-Pace,SUV,Street,ADS,Yes,1
c26aa8dbe1df084,NHTSA Same Incident ID,OCT-2024,San Francisco,CA,Waymo LLC,30270-9099,7ae1e7e1f5844a9,No Injuries Reported,Jaguar,I-Pace,Passenger Car,Street,ADS,Yes,1
c362e6f27301e05,NHTSA Same Incident ID,OCT-2024,San Francisco,CA,Waymo LLC,30270-9172,bad888d23ba1aac,No Injuries Reported,Jaguar,I-Pace,Passenger Car,Intersection,ADS,Yes,1
d501e7edc4b411b,NHTSA Same Incident ID,OCT-2024,San Francisco,CA,Waymo LLC,30270-9127,d1ad9f6bf4db571,No Injuries Reported,Jaguar,I-Pace,Pickup Truck,Street,ADS,Yes,1
d84a74415abe495,NHTSA Same Incident ID,OCT-2024,San Francisco,CA,Waymo LLC,30270-9125,2d4215722bfaccc,No Injuries Reported,Jaguar,I-Pace,Passenger Car,Street,ADS,Yes,1
d86b5e4edebab1b,NHTSA Same Incident ID,OCT-2024,San Francisco,CA,Waymo LLC,30270-9014,1ecbf2a39309445,Minor,Jaguar,I-Pace,Passenger Car,Street,ADS,Yes,1
d985331ad732285,NHTSA Same Incident ID,OCT-2024,Los Angeles,CA,Waymo LLC,30270-8947,6d9ec34f82b6f27,No Injuries Reported,Jaguar,I-Pace,SUV,Street,ADS,Yes,1
e54992c01abf95d,NHTSA Same Incident ID,OCT-2024,Los Angeles,CA,Waymo LLC,30270-9126,f92fafff2a08303,No Injuries Reported,Jaguar,I-Pace,"Other, see Narrative",Street,ADS,Yes,1
ecc8371e01450b8,NHTSA Same Incident ID,OCT-2024,Phoenix,AZ,Waymo LLC,30270-8919,82ca7b5717c14e4,No Injuries Reported,Jaguar,I-Pace,Pickup Truck,Intersection,ADS,Yes,1
f5e9cbd9caedfc5,NHTSA Same Incident ID,OCT-2024,San Francisco,CA,Waymo LLC,30270-9100,38ff0b7e962940b,No Injuries Reported,Jaguar,I-Pace,SUV,Street,ADS,Yes,1
f615c017d4c3424,NHTSA Same Incident ID,OCT-2024,South San Francisco,CA,Waymo LLC,30270-8927,54003ed86083398,No Injuries Reported,Jaguar,I-Pace,Pickup Truck,Street,ADS,Yes,1
f868890e4cda7fe,NHTSA Same Incident ID,OCT-2024,San Francisco,CA,Waymo LLC,30270-8908,d4e22689b56b6e4,No Injuries Reported,Jaguar,I-Pace,Heavy Truck,Street,ADS,Yes,1
fd33b37b7e1cb0f,NHTSA Same Incident ID,OCT-2024,San Francisco,CA,Waymo LLC,30270-8769,6540a15ef008b27,No Injuries Reported,Jaguar,I-Pace,Heavy Truck,Intersection,ADS,Yes,1
fde7a6f2f67092e,NHTSA Same Incident ID,OCT-2024,Phoenix,AZ,Waymo LLC,30270-9182,a4da19aa3243c05,No Injuries Reported,Jaguar,I-Pace,Passenger Car,Street,ADS,Yes,1
fee5201a113cebe,NHTSA Same Incident ID,OCT-2024,Austin,TX,Waymo LLC,30270-9180,ee341e8288f94f8,No Injuries Reported,Jaguar,I-Pace,SUV,Intersection,ADS,Yes,1
0744f69d86405c7,NHTSA Same Incident ID,OCT-2025,Austin,TX,Waymo LLC,30270-11957,8842a1f0a42ec07,Property Damage. No Injured Reported,JAGUAR,I-PACE,Heavy Truck,Street,ADS,Yes,1
07dd31c59257efb,NHTSA Same Incident ID,OCT-2025,Austin,TX,Waymo LLC,30270-11954,be1f3912f0bc859,Property Damage. No Injured Reported,JAGUAR,I-PACE,Bus,Street,ADS,Yes,1
0af5ed944abe6b7,NHTSA Same Incident ID,OCT-2025,Los Angeles,CA,Waymo LLC,30270-13053,121065d061521a2,Minor W/O Hospitalization,JAGUAR,I-PACE,Passenger Car,Parking Lot,ADS,Yes,1
0b9e6fdfdb3821e,NHTSA Same Incident ID,OCT-2025,Los Angeles,CA,Waymo LLC,30270-11951,fc50fa8e69efc2e,Property Damage. No Injured Reported,JAGUAR,I-PACE,Other Fixed Object,Parking Lot,ADS,Yes,1
11a005287474baf,NHTSA Same Incident ID,OCT-2025,Los Angeles,CA,Waymo LLC,30270-11953,f07aedd654e601f,Property Damage. No Injured Reported,JAGUAR,I-PACE,Passenger Car,Street,ADS,Yes,1
1253e75e616baae,NHTSA Same Incident ID,OCT-2025,Phoenix,AZ,Waymo LLC,30270-11994,7c37f89af1b8b96,Property Damage. No Injured Reported,JAGUAR,I-PACE,SUV,Parking Lot,ADS,Yes,1
16835e3fd4b2213,NHTSA Same Incident ID,OCT-2025,Austin,TX,Waymo LLC,30270-11932,9c232066e8bf4bf,Property Damage. No Injured Reported,JAGUAR,I-PACE,SUV,Parking Lot,ADS,Yes,1
16bc5d008489b40,NHTSA Same Incident ID,OCT-2025,Burlingame,CA,Waymo LLC,30270-11940,26e4520dfdbdbb5,Property Damage. No Injured Reported,JAGUAR,I-PACE,Pickup Truck,Intersection,ADS,Yes,1
1db3847d4bf1127,NHTSA Same Incident ID,OCT-2025,Mountain View,CA,Waymo LLC,30270-12011,18006b05dea18c1,Property Damage. No Injured Reported,JAGUAR,I-PACE,Passenger Car,Intersection,ADS,Yes,1
21069cdd3025f5a,NHTSA Same Incident ID,OCT-2025,Daly City,CA,Waymo LLC,30270-12046,e3132dbbe830dd9,Property Damage. No Injured Reported,JAGUAR,I-PACE,"Other, see Narrative",Parking Lot,ADS,Yes,1
211c0979b29b3ef,NHTSA Same Incident ID,OCT-2025,Phoenix,AZ,Waymo LLC,30270-12053,26315ce12f70421,Property Damage. No Injured Reported,JAGUAR,I-PACE,Pickup Truck,Street,ADS,Yes,1
2276b346289ba9c,NHTSA Same Incident ID,OCT-2025,Las Vegas,NV,Motional,30410-12017,d0130ca62bfead7,No Injured Reported,HYUNDAI,Ioniq 5,"Other, see Narrative",Intersection,ADS,"[REDACTED, MAY CONTAIN CONFIDENTIAL BUSINESS INFORMATION]",1
27d6570e40d2bf3,NHTSA Same Incident ID,OCT-2025,Austin,TX,Waymo LLC,30270-11996,d809f090f988fd5,Property Damage. No Injured Reported,JAGUAR,I-PACE,"Other, see Narrative",Street,ADS,Yes,1
2a20b0200d6dd5d,NHTSA Same Incident ID,OCT-2025,Scottsdale,AZ,Waymo LLC,30270-11863,3636e171cbf3cce,Property Damage. No Injured Reported,JAGUAR,I-PACE,Pickup Truck,Street,ADS,Yes,1
2c3148db1b0381d,NHTSA Same Incident ID,OCT-2025,Los Angeles,CA,Waymo LLC,30270-11860,d38a9c8870c899e,Property Damage. No Injured Reported,JAGUAR,I-PACE,Pickup Truck,Street,ADS,Yes,1
2c4ef061d231dcf,NHTSA Same Incident ID,OCT-2025,San Francisco,CA,"Zoox, Inc.",30610-13122,0e8d7f197056ed8,Property Damage. No Injured Reported,TOYOTA,Highlander,Passenger Car,Street,ADS,Yes,1
2d38ff113274d20,NHTSA Same Incident ID,OCT-2025,Los Angeles,CA,Waymo LLC,30270-13025,6ed438caf6bf398,Property Damage. No Injured Reported,JAGUAR,I-PACE,Passenger Car,Street,ADS,Yes,1
305dbd71a578ade,NHTSA Same Incident ID,OCT-2025,Santa Monica,CA,Waymo LLC,30270-11907,fd6207c55ca1b6d,Property Damage. No Injured Reported,JAGUAR,I-PACE,SUV,Street,ADS,Yes,1
30d0a676f0644a8,NHTSA Same Incident ID,OCT-2025,San Francisco,CA,Waymo LLC,30270-11868,66e5f5ca1d65aee,Minor W/O Hospitalization,JAGUAR,I-PACE,SUV,Street,ADS,Yes,1
32f2ada59815439,NHTSA Same Incident ID,OCT-2025,San Francisco,CA,Waymo LLC,30270-11955,6060f6e3fa3dfaf,Property Damage. No Injured Reported,JAGUAR,I-PACE,Van,Street,ADS,Yes,1
338c89efb1b5863,NHTSA Same Incident ID,OCT-2025,Phoenix,AZ,Waymo LLC,30270-11929,5137be5e956e985,Property Damage. No Injured Reported,JAGUAR,I-PACE,Passenger Car,Intersection,ADS,Yes,1
394b02ea537b623,NHTSA Same Incident ID,OCT-2025,Austin,TX,Waymo LLC,30270-11992,a1a77b6ab9d5559,Property Damage. No Injured Reported,JAGUAR,I-PACE,SUV,Street,ADS,Yes,1
3af663c87eac5ea,NHTSA Same Incident ID,OCT-2025,Tempe,AZ,Waymo LLC,30270-12035,bc3d0068e6fa58e,Property Damage. No Injured Reported,JAGUAR,I-PACE,Other Fixed Object,Street,ADS,Yes,1
3bfb14dae270f00,NHTSA Same Incident ID,OCT-2025,Phoenix,AZ,Waymo LLC,30270-11889,eb8b996a36032ba,No Injured Reported,JAGUAR,I-PACE,"Other, see Narrative",Highway / Freeway,ADS,Yes,1
3eab1850cebeefe,NHTSA Same Incident ID,OCT-2025,Aledo,TX,"Aurora Operations, Inc.",30530-13119,1b8cd04d8a35c04,Property Damage. No Injured Reported,PETERBILT,579,Other Fixed Object,Street,ADS,"No, see Narrative",1
3f169a09f1a1430,NHTSA Same Incident ID,OCT-2025,San Francisco,CA,Waymo LLC,30270-11883,0d1be91d5f1c684,Property Damage. No Injured Reported,JAGUAR,I-PACE,Bus,Street,ADS,Yes,1
45e88d54187c94f,NHTSA Same Incident ID,OCT-2025,Los Angeles,CA,Waymo LLC,30270-12007,ddec96410df0c7c,Property Damage. No Injured Reported,JAGUAR,I-PACE,Heavy Truck,Street,ADS,Yes,1
4dba4909c267c16,NHTSA Same Incident ID,OCT-2025,San Mateo,CA,Waymo LLC,30270-11936,40d4b09e1a7b48f,Property Damage. No Injured Reported,JAGUAR,I-PACE,Passenger Car,Intersection,ADS,Yes,1
4ef86957b945a92,NHTSA Same Incident ID,OCT-2025,Los Angeles,CA,Waymo LLC,30270-11849,f8a19e7e07f0a4f,Unknown,JAGUAR,I-PACE,SUV,Street,ADS,Yes,1
52b720a94612208,NHTSA Same Incident ID,OCT-2025,Los Angeles,CA,Waymo LLC,30270-11925,644430fcc38b0d9,Property Damage. No Injured Reported,JAGUAR,I-PACE,Heavy Truck,Street,ADS,Yes,1
57e4cb7d01bf5d8,NHTSA Same Incident ID,OCT-2025,Phoenix,AZ,Waymo LLC,30270-12012,86ebcd25fb576c4,Minor W/O Hospitalization,JAGUAR,I-PACE,Pickup Truck,Street,ADS,Yes,1
58879cba1755aad,NHTSA Same Incident ID,OCT-2025,Los Angeles,CA,Waymo LLC,30270-11837,ad459da60bd740d,Property Damage. No Injured Reported,JAGUAR,I-PACE,SUV,Street,ADS,Yes,1
5a3c442be71fcfe,NHTSA Same Incident ID,OCT-2025,San Francisco,CA,Waymo LLC,30270-12045,3bd6f15920c9303,Property Damage. No Injured Reported,JAGUAR,I-PACE,Passenger Car,Street,ADS,Yes,1
5d70d645aa6212e,NHTSA Same Incident ID,OCT-2025,Austin,TX,Avride Inc.,31101-13154,24f4d2431482443,Property Damage. No Injured Reported,HYUNDAI,Ioniq 5,SUV,Intersection,ADS,Exiting ODD,1
5dd7038d2ace4ed,NHTSA Same Incident ID,OCT-2025,San Francisco,CA,Waymo LLC,30270-11995,51811b9254fc2f9,Property Damage. No Injured Reported,JAGUAR,I-PACE,Pickup Truck,Intersection,ADS,Yes,1
647a1bcbb07bd1d,NHTSA Same Incident ID,OCT-2025,Las Vegas,NV,Motional,30410-11857,bb76e5d40679575,Property Damage. No Injured Reported,HYUNDAI,Ioniq 5,Passenger Car,Intersection,ADS,Yes,1
6fc6e04c8d8c904,NHTSA Same Incident ID,OCT-2025,Austin,TX,"Tesla, Inc.",13781-11986,5436637777b3ba8,Property Damage. No Injured Reported,TESLA,Model Y,"Other, see Narrative",Street,ADS,Yes,1
707d7e7f6f3224f,NHTSA Same Incident ID,OCT-2025,San Francisco,CA,Waymo LLC,30270-11956,0df8cfd5d5e20fd,Property Damage. No Injured Reported,JAGUAR,I-PACE,Passenger Car,Street,ADS,Yes,1
738ba1de6b64e78,NHTSA Same Incident ID,OCT-2025,Phoenix,AZ,Waymo LLC,30270-11960,9b1c2b407c22e12,Property Damage. No Injured Reported,JAGUAR,I-PACE,Passenger Car,Parking Lot,ADS,Yes,1
76e2cf9103d86dc,NHTSA Same Incident ID,OCT-2025,San Francisco,CA,Waymo LLC,30270-11949,5ce6300cb8b203c,Property Damage. No Injured Reported,JAGUAR,I-PACE,SUV,Street,ADS,Yes,1
78662ee4e9dd46b,NHTSA Same Incident ID,OCT-2025,San Francisco,CA,Waymo LLC,30270-11855,09463113f49653c,Property Damage. No Injured Reported,JAGUAR,I-PACE,First Responder Vehicle,Street,ADS,Yes,1
7aa05063c1e8fab,NHTSA Same Incident ID,OCT-2025,San Francisco,CA,Waymo LLC,30270-11931,1d6132bddbe10e4,Property Damage. No Injured Reported,JAGUAR,I-PACE,"Other, see Narrative",Street,ADS,Yes,1
7ed218ffbe82b26,NHTSA Same Incident ID,OCT-2025,Los Angeles,CA,Waymo LLC,30270-11874,d7b3679103bf394,Property Damage. No Injured Reported,JAGUAR,I-PACE,Passenger Car,Street,ADS,Yes,1
7ef0a8cc1427085,NHTSA Same Incident ID,OCT-2025,San Francisco,CA,Waymo LLC,30270-13056,a441b0846fe8fa2,Unknown,JAGUAR,I-PACE,"Other, see Narrative",Street,ADS,Yes,1
8182bf3ee7005af,NHTSA Same Incident ID,OCT-2025,Washington,DC,Waymo LLC,30270-13026,77d6d53bf2f20e3,Property Damage. No Injured Reported,JAGUAR,I-PACE,SUV,Street,ADS,Yes,1
81936f2041c0cfa,NHTSA Same Incident ID,OCT-2025,Los Angeles,CA,Waymo LLC,30270-12059,3ea61b389aef32a,Property Damage. No Injured Reported,JAGUAR,I-PACE,"Other, see Narrative",Street,ADS,Yes,1
8323c3f4e4a2b38,NHTSA Same Incident ID,OCT-2025,Los Angeles,CA,Waymo LLC,30270-11882,21292cd005776a3,Property Damage. No Injured Reported,JAGUAR,I-PACE,SUV,Street,ADS,Yes,1
8b66840412da94b,NHTSA Same Incident ID,OCT-2025,San Francisco,CA,Waymo LLC,30270-11988,ff7429741cdfc6a,Property Damage. No Injured Reported,JAGUAR,I-PACE,Heavy Truck,Street,ADS,Yes,1
8c29f7beadd4b77,NHTSA Same Incident ID,OCT-2025,Austin,TX,Waymo LLC,30270-11892,a16d9f705417782,Property Damage. No Injured Reported,JAGUAR,I-PACE,SUV,Street,ADS,Yes,1
8c2cc8c1d4b3c72,NHTSA Same Incident ID,OCT-2025,San Francisco,CA,Waymo LLC,30270-11928,d25da391509bc81,Property Damage. No Injured Reported,JAGUAR,I-PACE,Passenger Car,Street,ADS,Yes,1
8e6be32923cbefc,NHTSA Same Incident ID,OCT-2025,Phoenix,AZ,Waymo LLC,30270-11859,9fd84f162c600d0,No Injured Reported,JAGUAR,I-PACE,SUV,Street,ADS,Yes,1
958f8512e398c60,NHTSA Same Incident ID,OCT-2025,San Francisco,CA,Waymo LLC,30270-12063,f107e16bbd3d30a,Property Damage. No Injured Reported,JAGUAR,I-PACE,Passenger Car,Street,ADS,Yes,1
9ad4bcde541a63c,NHTSA Same Incident ID,OCT-2025,Phoenix,AZ,Waymo LLC,30270-11933,34456c5a47af658,Property Damage. No Injured Reported,JAGUAR,I-PACE,SUV,Street,ADS,Yes,1
9dd54dcd7afd557,NHTSA Same Incident ID,OCT-2025,San Francisco,CA,Waymo LLC,30270-11997,e93f9538f643ca4,Unknown,JAGUAR,I-PACE,"Other, see Narrative",Highway / Freeway,ADS,Yes,1
a2201a001fcc54d,NHTSA Same Incident ID,OCT-2025,Phoenix,AZ,Waymo LLC,30270-11905,3ce0e4d09f01ed3,Property Damage. No Injured Reported,JAGUAR,I-PACE,Heavy Truck,Parking Lot,ADS,Yes,1
a26386f6cfbf517,NHTSA Same Incident ID,OCT-2025,Mountain View,CA,Waymo LLC,30270-11906,c6198d23dac9f0d,Property Damage. No Injured Reported,JAGUAR,I-PACE,Passenger Car,Intersection,ADS,Yes,1
a8b9b6b3fc669de,NHTSA Same Incident ID,OCT-2025,San Francisco,CA,"Zoox, Inc.",30610-13121,3aec8409cf33e18,Minor W/O Hospitalization,TOYOTA,Highlander,Passenger Car,Intersection,ADS,Yes,1
a9bac9237d264b6,NHTSA Same Incident ID,OCT-2025,Las Vegas,NV,"Zoox, Inc.",30610-11856,fba2e351666c5ef,Property Damage. No Injured Reported,ZOOX,Zoox,Heavy Truck,Street,ADS,Yes,1
aa35430cd9d3cba,NHTSA Same Incident ID,OCT-2025,Las Vegas,NV,"Zoox, Inc.",30610-11990,9389a1e18a9a30d,Property Damage. No Injured Reported,TOYOTA,Highlander,SUV,Street,ADS,Yes,1
aab26e79fd9b574,NHTSA Same Incident ID,OCT-2025,Los Angeles,CA,Waymo LLC,30270-11952,596830ce4696a3b,Property Damage. No Injured Reported,ZEEKR,RT,Passenger Car,Street,ADS,Yes,1
aae416a964f693a,NHTSA Same Incident ID,OCT-2025,San Francisco,CA,Waymo LLC,30270-12013,5b17610c6bb8c35,Property Damage. No Injured Reported,JAGUAR,I-PACE,Heavy Truck,Street,ADS,Yes,1
ae9a3bf3156b681,NHTSA Same Incident ID,OCT-2025,Las Vegas,NV,"Zoox, Inc.",30610-11847,d74ee9902edd1e5,Property Damage. No Injured Reported,ZOOX,Zoox,SUV,Street,ADS,Yes,1
af51331ccae3fad,NHTSA Same Incident ID,OCT-2025,San Francisco,CA,Waymo LLC,30270-12042,70b9e5874a1ba07,Property Damage. No Injured Reported,JAGUAR,I-PACE,Heavy Truck,Intersection,ADS,Yes,1
b11280355566761,NHTSA Same Incident ID,OCT-2025,Austin,TX,Waymo LLC,30270-12019,f865ba97155e173,Property Damage. No Injured Reported,JAGUAR,I-PACE,Heavy Truck,Street,ADS,Yes,1
b25a04701162c4a,NHTSA Same Incident ID,OCT-2025,San Francisco,CA,Waymo LLC,30270-12062,0ac38e425725ce6,Property Damage. No Injured Reported,JAGUAR,I-PACE,Passenger Car,Street,ADS,Yes,1
b306c8f759ea3de,NHTSA Same Incident ID,OCT-2025,Austin,TX,Waymo LLC,30270-11991,e460e2082dd0af4,Property Damage. No Injured Reported,JAGUAR,I-PACE,Pickup Truck,Street,ADS,Yes,1
b33311e46ea3535,NHTSA Same Incident ID,OCT-2025,San Francisco,CA,Waymo LLC,30270-11998,7625ec85951a6b0,Property Damage. No Injured Reported,JAGUAR,I-PACE,Passenger Car,Intersection,ADS,Yes,1
b51c9610ccc8b05,NHTSA Same Incident ID,OCT-2025,San Francisco,CA,Waymo LLC,30270-11861,c6befe6f780cb8a,Minor W/ Hospitalization,JAGUAR,I-PACE,Passenger Car,Street,ADS,Yes,1
bab70714966d661,NHTSA Same Incident ID,OCT-2025,San Francisco,CA,Waymo LLC,30270-12070,4eaee7586add6a2,No Injured Reported,JAGUAR,I-PACE,Animal,Street,ADS,Yes,1
bfc23b58aba27de,NHTSA Same Incident ID,OCT-2025,Phoenix,AZ,Waymo LLC,30270-11836,bc680d592472f72,Property Damage. No Injured Reported,JAGUAR,I-PACE,Heavy Truck,Street,ADS,Yes,1
c29240f2dbc64e7,NHTSA Same Incident ID,OCT-2025,Atlanta,GA,Waymo LLC,30270-13028,28048860fd50fc5,Property Damage. No Injured Reported,JAGUAR,I-PACE,Passenger Car,Street,ADS,Yes,1
c5d0bde1a4f83ed,NHTSA Same Incident ID,OCT-2025,Los Angeles,CA,Waymo LLC,30270-11884,18c3eea97dff714,Property Damage. No Injured Reported,JAGUAR,I-PACE,Passenger Car,Street,ADS,Yes,1
c64589b500c4428,NHTSA Same Incident ID,OCT-2025,Phoenix,AZ,Waymo LLC,30270-11838,d485ed61f897924,Property Damage. No Injured Reported,JAGUAR,I-PACE,Pickup Truck,Street,ADS,Yes,1
c6b8e69937446c8,NHTSA Same Incident ID,OCT-2025,San Francisco,CA,Waymo LLC,30270-11858,545879f6fb2ad86,Property Damage. No Injured Reported,JAGUAR,I-PACE,Passenger Car,Intersection,ADS,Yes,1
c7e36d5fe485dd7,NHTSA Same Incident ID,OCT-2025,Los Angeles,CA,Waymo LLC,30270-11865,23b0138d7f69a3a,No Injured Reported,JAGUAR,I-PACE,Heavy Truck,Parking Lot,ADS,Yes,1
d06de901f3c18cb,NHTSA Same Incident ID,OCT-2025,Atlanta,GA,Waymo LLC,30270-11841,5a6fef52a42e563,Moderate W/ Hospitalization,JAGUAR,I-PACE,Passenger Car,Intersection,ADS,Yes,1
d22f3c0f546b64e,NHTSA Same Incident ID,OCT-2025,Scottsdale,AZ,Waymo LLC,30270-12052,0507c8ddad77a9c,Property Damage. No Injured Reported,JAGUAR,I-PACE,Passenger Car,Street,ADS,Yes,1
d3dfc77224865c3,NHTSA Same Incident ID,OCT-2025,Phoenix,AZ,Waymo LLC,30270-11930,bcec9a9a78bd8e4,Property Damage. No Injured Reported,JAGUAR,I-PACE,Pickup Truck,Street,ADS,Yes,1
d467f1a99590b12,NHTSA Same Incident ID,OCT-2025,South San Francisco,CA,Waymo LLC,30270-11926,96175a696e60941,Property Damage. No Injured Reported,JAGUAR,I-PACE,Passenger Car,Street,ADS,Yes,1
d47748c82ed906a,NHTSA Same Incident ID,OCT-2025,Tempe,AZ,Waymo LLC,30270-11908,036f698e741faac,Minor W/O Hospitalization,JAGUAR,I-PACE,SUV,Intersection,ADS,Yes,1
dc57e0dc1c2928f,NHTSA Same Incident ID,OCT-2025,San Francisco,CA,Waymo LLC,30270-12018,d169222ce9d6e00,Property Damage. No Injured Reported,JAGUAR,I-PACE,Pickup Truck,Street,ADS,Yes,1
dd60301d1790d57,NHTSA Same Incident ID,OCT-2025,San Francisco,CA,Waymo LLC,30270-12008,f1ee4f3524445ac,Property Damage. No Injured Reported,JAGUAR,I-PACE,Passenger Car,Street,ADS,Yes,1
de6893d4278e92f,NHTSA Same Incident ID,OCT-2025,Tempe,AZ,Waymo LLC,30270-11886,d96eceff2af56e0,Property Damage. No Injured Reported,JAGUAR,I-PACE,Passenger Car,Intersection,ADS,Yes,1
e2d1fb0db303f75,NHTSA Same Incident ID,OCT-2025,Phoenix,AZ,Waymo LLC,30270-11987,e4eadb78f24f1ec,Property Damage. No Injured Reported,JAGUAR,I-PACE,Pickup Truck,Intersection,ADS,Yes,1
e492ceaa28f9a3b,NHTSA Same Incident ID,OCT-2025,Tempe,AZ,Waymo LLC,30270-12044,bbbfab6ed0fa88e,Property Damage. No Injured Reported,JAGUAR,I-PACE,"Other, see Narrative",Street,ADS,Yes,1
e546747f8848f04,NHTSA Same Incident ID,OCT-2025,San Francisco,CA,Waymo LLC,30270-11924,3caa16ede38ed4a,Property Damage. No Injured Reported,JAGUAR,I-PACE,Heavy Truck,Street,ADS,Yes,1
e5e7fbb48fed3ea,NHTSA Same Incident ID,OCT-2025,Tempe,AZ,Waymo LLC,30270-11887,82a413f84a9cd60,Property Damage. No Injured Reported,JAGUAR,I-PACE,SUV,Street,ADS,Yes,1
eacd38d082d8a4d,NHTSA Same Incident ID,OCT-2025,Phoenix,AZ,Waymo LLC,30270-12000,497e6e5cfab8d6c,Property Damage. No Injured Reported,JAGUAR,I-PACE,SUV,Street,ADS,Yes,1
ebfb454aa0fde34,NHTSA Same Incident ID,OCT-2025,Mountain View,CA,Waymo LLC,30270-11962,9ac05f7c953af63,Property Damage. No Injured Reported,JAGUAR,I-PACE,Pickup Truck,Street,ADS,Yes,1
ef0962cc3b93fcf,NHTSA Same Incident ID,OCT-2025,San Francisco,CA,Waymo LLC,30270-12050,2a5a106a11a29bc,Minor W/ Hospitalization,JAGUAR,I-PACE,Non-Motorist: Cyclist,Street,ADS,Yes,1
ef50e523c1ceea9,NHTSA Same Incident ID,OCT-2025,San Francisco,CA,Waymo LLC,30270-11842,658c7c13f13b1e7,Property Damage. No Injured Reported,JAGUAR,I-PACE,SUV,Street,ADS,Yes,1
f22b28a692883a0,NHTSA Same Incident ID,OCT-2025,Las Vegas,NV,"Zoox, Inc.",30610-13123,774164d04a7e6ce,Property Damage. No Injured Reported,ZOOX,Zoox,Pickup Truck,Street,ADS,Yes,1
f2e0606b20a817f,NHTSA Same Incident ID,OCT-2025,Santa Monica,CA,Waymo LLC,30270-11864,40e28007c7aa3e7,Minor W/O Hospitalization,JAGUAR,I-PACE,SUV,Intersection,ADS,Yes,1
f41f1630738f1f1,NHTSA Same Incident ID,OCT-2025,San Francisco,CA,Waymo LLC,30270-11999,51ae6d3ea18e62e,Property Damage. No Injured Reported,JAGUAR,I-PACE,"Other, see Narrative",Intersection,ADS,Yes,1
f52b37f18c501f5,NHTSA Same Incident ID,OCT-2025,San Francisco,CA,Waymo LLC,30270-11904,15f97c34d4c692d,Property Damage. No Injured Reported,JAGUAR,I-PACE,SUV,Street,ADS,Yes,1
f68620b65cc51a1,NHTSA Same Incident ID,OCT-2025,Austin,TX,Waymo LLC,30270-11958,0f445a2c5539057,Property Damage. No Injured Reported,JAGUAR,I-PACE,Bus,Street,ADS,Yes,1
fd409bce4522b88,NHTSA Same Incident ID,OCT-2025,Redwood City,CA,Waymo LLC,30270-11888,81434ec56940a2a,Property Damage. No Injured Reported,JAGUAR,I-PACE,Other Fixed Object,Parking Lot,ADS,Yes,1
0cb307e3099fa7e,NHTSA Same Incident ID,SEP-2021,San Francisco,CA,Transdev Alternative Services;Waymo LLC,30270-1498;30531-1505,69f9ac55561d6ff,No Injuries Reported,Jaguar,I-Pace,Passenger Car,Intersection,ADS,Yes,2
0d0ae62c0bf671d,NHTSA Same Incident ID,SEP-2021,San Francisco,CA,Transdev Alternative Services;Waymo LLC,30270-1500;30531-1507,127631507705ca2;6e2a7f46ce25f9a,No Injuries Reported,Jaguar,I-Pace,Passenger Car,Street,ADS,Yes,2
0d793f16e8354d9,NHTSA Same Incident ID,SEP-2021,San Francisco,CA,"Zoox, Inc.",30610-1441,92c53b3ee15a475,No Injuries Reported,Toyota,Highlander,Passenger Car,Intersection,ADS,Yes,1
19817d09a00fa8f,NHTSA Same Incident ID,SEP-2021,San Francisco,CA,"Zoox, Inc.",30610-1281,cd789207da93b65,No Injuries Reported,Toyota,Highlander,SUV,Intersection,ADS,"No, see Narrative",1
1dacdcc3d3d698e,NHTSA Same Incident ID,SEP-2021,San Francisco,CA,Transdev Alternative Services;Waymo LLC,30270-1494;30531-1503,93f83a6c71b9de2,No Injuries Reported,Jaguar,I-Pace,Passenger Car,Street,ADS,Yes,2
857232881f1c3c0,NHTSA Same Incident ID,SEP-2021,Tempe,AZ,Transdev Alternative Services;Waymo LLC,30270-1192;30270-1236;30531-1200,885ecf217c72a7b,No Injuries Reported,Chrysler,Pacifica,Pickup Truck,Street,ADS,Yes,3
8f3b21803d476fa,NHTSA Same Incident ID,SEP-2021,Tempe,AZ,Transdev Alternative Services;Waymo LLC,30270-1501;30531-1506,142fc9bec7dfe3e,No Injuries Reported,Chrysler,Pacifica,Passenger Car,Parking Lot,ADS,Yes,2
9b9e8318ed96db6,NHTSA Same Incident ID,SEP-2021,Sunnyvale,CA,Apple Inc.,30590-1482,259ff2c24c048a1,No Injuries Reported,Lexus,RX 450h,Other Fixed Object,Intersection,ADS,Yes,1
REPORT:30415-1317,Report ID fallback,SEP-2021,Orlando,FL,NAVYA Inc.,30415-1317,,No Injuries Reported,NAVYA,Arma,"Other, see Narrative",Street,ADS,Yes,1
a2f72a0435b1c3e,NHTSA Same Incident ID,SEP-2021,San Francisco,CA,Transdev Alternative Services;Waymo LLC,30270-1495;30531-1504,d5bf40bdf0b1c10,No Injuries Reported,Jaguar,I-Pace,Passenger Car,Intersection,ADS,Yes,2
ac03faca000d50b,NHTSA Same Incident ID,SEP-2021,Miami Beach,FL,Argo AI;Ford Motor Company,30290-1161;502-1163,ac9a026c8544e16,No Injuries Reported,Ford,Fusion,Passenger Car,Street,ADS,"[REDACTED, MAY CONTAIN CONFIDENTIAL BUSINESS INFORMATION]",2
0bbd9f4a21e80a6,NHTSA Same Incident ID,SEP-2022,Palo Alto,CA,Argo AI;Ford Motor Company,30290-3913;502-3914,9a0d2b6602a2ffb,No Injuries Reported,Ford,Escape,Non-Motorist: Cyclist,Street,ADS,"[REDACTED, MAY CONTAIN CONFIDENTIAL BUSINESS INFORMATION]",2
19bef0b9be25744,NHTSA Same Incident ID,SEP-2022,Miami,FL,Argo AI;Ford Motor Company,30290-3985;502-4026,27e565631721655,No Injuries Reported,Ford,Escape,Heavy Truck,Street,ADS,"[REDACTED, MAY CONTAIN CONFIDENTIAL BUSINESS INFORMATION]",2
1e802a0a2cb0266,NHTSA Same Incident ID,SEP-2022,San Francisco,CA,"Zoox, Inc.",30610-3752,2bb8d67435b9951,No Injuries Reported,Toyota,Highlander,Non-Motorist: Cyclist,Street,ADS,Yes,1
379fa369488a397,NHTSA Same Incident ID,SEP-2022,Sun City,AZ,May Mobility;Toyota Motor Engineering & Manufacturing,1306-4235;30413-3943,1b8e1ba43ca8f0b,No Injuries Reported,Toyota,Sienna,Passenger Car,Parking Lot,ADS,Yes,2
5ecd17ff9881950,NHTSA Same Incident ID,SEP-2022,Phoenix,AZ,Transdev Alternative Services;Waymo LLC,30270-3786;30531-3809,2e36ef5640679ec,Unknown,Jaguar,I-Pace,Passenger Car,Intersection,ADS,Yes,2
608483a735c3efb,NHTSA Same Incident ID,SEP-2022,San Francisco,CA,Transdev Alternative Services;Waymo LLC,30270-4073;30531-4081,c6b9fb3009b44fc,No Injuries Reported,Jaguar,I-Pace,SUV,Intersection,ADS,Yes,2
62c1ea636449cfd,NHTSA Same Incident ID,SEP-2022,San Francisco,CA,"Cruise LLC;General Motors, LLC",30412-3978;540-4019,20fd2beae76defe,No Injuries Reported,Cruise,AV,Passenger Car,Street,ADS,"[REDACTED, MAY CONTAIN CONFIDENTIAL BUSINESS INFORMATION]",2
7dc63f84ed3a0fb,NHTSA Same Incident ID,SEP-2022,San Francisco,CA,"Cruise LLC;General Motors, LLC",30412-3748;540-3753,afb12fabd0488b0,Minor,Cruise,AV,Motorcycle,Street,ADS,"[REDACTED, MAY CONTAIN CONFIDENTIAL BUSINESS INFORMATION]",2
eaaa32d19d1c43f,NHTSA Same Incident ID,SEP-2022,Huntsville,TX,Transdev Alternative Services;Waymo LLC,30270-4074;30531-4077,5fdcce1b9f02689,No Injuries Reported,Peterbilt,579 Epiq,"Other, see Narrative",Highway / Freeway,ADS,Yes,2
ef640dbe91eb562,NHTSA Same Incident ID,SEP-2022,San Francisco,CA,Transdev Alternative Services;Waymo LLC,30270-4051;30531-4079,3f1e3d345cb4788,No Injuries Reported,Jaguar,I-Pace,Pickup Truck,Intersection,ADS,Yes,2
fa194d70fbd9972,NHTSA Same Incident ID,SEP-2022,San Francisco,CA,Transdev Alternative Services;Waymo LLC,30270-4072;30531-4080,2c7a9a00277e615,No Injuries Reported,Jaguar,I-Pace,Passenger Car,Intersection,ADS,Yes,2
04a87b91cfbf9c0,NHTSA Same Incident ID,SEP-2023,San Francisco,CA,Waymo LLC,30270-6515,036f698e741faac,No Injuries Reported,Jaguar,I-Pace,Passenger Car,Street,ADS,Yes,1
04eeb18cf84cda0,NHTSA Same Incident ID,SEP-2023,Emeryville,CA,Apple Inc.,30590-6382,b55f1a264bcdd2a,No Injuries Reported,Lexus,RX 450h,Pickup Truck,Highway / Freeway,ADS,Yes,1
09d67cf970a314a,NHTSA Same Incident ID,SEP-2023,Scottsdale,AZ,Waymo LLC,30270-6520,4093bb4879ece03,No Injuries Reported,Jaguar,I-Pace,Passenger Car,Parking Lot,ADS,Yes,1
263ede6c29926f3,NHTSA Same Incident ID,SEP-2023,San Francisco,CA,Waymo LLC,30270-6518,a13402fe44e7310,No Injuries Reported,Jaguar,I-Pace,Passenger Car,Street,ADS,Yes,1
276f98fc839116e,NHTSA Same Incident ID,SEP-2023,San Francisco,CA,"Cruise LLC;General Motors, LLC",30412-6436;540-6451,28c22c2aacc6ca6,No Injuries Reported,Cruise,AV,Passenger Car,Street,ADS,"[REDACTED, MAY CONTAIN CONFIDENTIAL BUSINESS INFORMATION]",2
28a50d58f41e81d,NHTSA Same Incident ID,SEP-2023,San Francisco,CA,WeRide Corp,30792-6492,ceb63bb34dc2166,No Injuries Reported,Nissan,Leaf,SUV,Street,ADS,Yes,1
2b3039c25836235,NHTSA Same Incident ID,SEP-2023,San Francisco,CA,Apollo Autonomous Driving USA,33495-6725,a2ff017c0debd5d,No Injuries Reported,Lincoln,MKZ Hybrid,SUV,Street,"Unknown, see Narrative",Yes,1
3141a22a23dc07b,NHTSA Same Incident ID,SEP-2023,Austin,TX,"Cruise LLC;General Motors, LLC",30412-6441;540-6461,a61d22beafb2ba5,No Injuries Reported,Cruise,AV,Heavy Truck,Street,ADS,"[REDACTED, MAY CONTAIN CONFIDENTIAL BUSINESS INFORMATION]",2
3bc34604bd403d1,NHTSA Same Incident ID,SEP-2023,Austin,TX,"Cruise LLC;General Motors, LLC",30412-6445;540-6468,d1dc1e37d4e7591,No Injuries Reported,Cruise,AV,SUV,Intersection,ADS,"[REDACTED, MAY CONTAIN CONFIDENTIAL BUSINESS INFORMATION]",2
3ff142802a5fce9,NHTSA Same Incident ID,SEP-2023,San Francisco,CA,Transdev Alternative Services;Waymo LLC,30270-6522;30531-6533,6e7c9396161664d,No Injuries Reported,Jaguar,I-Pace,Passenger Car,Intersection,ADS,Yes,2
51bfbb4becf2e95,NHTSA Same Incident ID,SEP-2023,Austin,TX,"Cruise LLC;General Motors, LLC",30412-6440;540-6455,d5b14d5f29ad075,No Injuries Reported,Cruise,AV,Heavy Truck,Street,ADS,"[REDACTED, MAY CONTAIN CONFIDENTIAL BUSINESS INFORMATION]",2
5a3e624e03f04e5,NHTSA Same Incident ID,SEP-2023,Austin,TX,"Cruise LLC;General Motors, LLC",30412-6437;540-6452,73175f4f70a81a7,No Injuries Reported,Cruise,AV,Passenger Car,Street,ADS,"[REDACTED, MAY CONTAIN CONFIDENTIAL BUSINESS INFORMATION]",2
5b891004a3bea04,NHTSA Same Incident ID,SEP-2023,Houston,TX,"Cruise LLC;General Motors, LLC",30412-6384;540-6393,16abfee0c78f678,No Injuries Reported,Cruise,AV,SUV,Intersection,ADS,"[REDACTED, MAY CONTAIN CONFIDENTIAL BUSINESS INFORMATION]",2
64acbf293223f56,NHTSA Same Incident ID,SEP-2023,Phoenix,AZ,Waymo LLC,30270-6519,006bac2ce63f1bf,No Injuries Reported,Jaguar,I-Pace,"Other, see Narrative",Street,ADS,Yes,1
67dc226c776f696,NHTSA Same Incident ID,SEP-2023,San Francisco,CA,Waymo LLC,30270-6352,3cf7c25f2209456,No Injuries Reported,Jaguar,I-Pace,Passenger Car,Intersection,ADS,Yes,1
6fcf838ccdcebce,NHTSA Same Incident ID,SEP-2023,Austin,TX,"Cruise LLC;General Motors, LLC",30412-6363;540-6369,66456c29dc6d465,No Injuries Reported,Cruise,AV,SUV,Intersection,ADS,"[REDACTED, MAY CONTAIN CONFIDENTIAL BUSINESS INFORMATION]",2
79e07c25fc05857,NHTSA Same Incident ID,SEP-2023,Tempe,AZ,Waymo LLC,30270-6516,907f5c8b126647b,No Injuries Reported,Jaguar,I-Pace,Passenger Car,Street,ADS,Yes,1
7b7bc1d6bb1b4e4,NHTSA Same Incident ID,SEP-2023,Milpitas,CA,Pony.ai,30711-6431,a91a58bb751afbb,No Injuries Reported,Lincoln,MKZ,"Other, see Narrative",Highway / Freeway,ADS,Yes,1
869da998fba268c,NHTSA Same Incident ID,SEP-2023,Houston,TX,"Cruise LLC;General Motors, LLC",30412-6371;540-6372,7f1dc8a1ad3ab8d,No Injuries Reported,Cruise,AV,SUV,Intersection,ADS,"[REDACTED, MAY CONTAIN CONFIDENTIAL BUSINESS INFORMATION]",2
90c6a1024fa3128,NHTSA Same Incident ID,SEP-2023,Tempe,AZ,"Cruise LLC;General Motors, LLC",30412-6439;540-6454,7e019f96f1e1220,No Injuries Reported,Cruise,AV,Animal,Street,ADS,"[REDACTED, MAY CONTAIN CONFIDENTIAL BUSINESS INFORMATION]",2
a41db12eb07f4d9,NHTSA Same Incident ID,SEP-2023,Austin,TX,"Cruise LLC;General Motors, LLC",30412-6444;540-6467,8d76c27e317dd45,No Injuries Reported,Cruise,AV,SUV,Intersection,ADS,"[REDACTED, MAY CONTAIN CONFIDENTIAL BUSINESS INFORMATION]",2
a8c95cceeb75eda,NHTSA Same Incident ID,SEP-2023,Houston,TX,"Cruise LLC;General Motors, LLC",30412-6242;540-6244,b5376354c2df3b6,No Injuries Reported,Cruise,AV,Passenger Car,Street,ADS,"[REDACTED, MAY CONTAIN CONFIDENTIAL BUSINESS INFORMATION]",2
ad9e847d40148e0,NHTSA Same Incident ID,SEP-2023,San Francisco,CA,"Cruise LLC;General Motors, LLC",30412-6446;540-6470,516f1cd905f39f5,No Injuries Reported,Cruise,AV,Van,Street,ADS,"[REDACTED, MAY CONTAIN CONFIDENTIAL BUSINESS INFORMATION]",2
bc3cf43a88e0c67,NHTSA Same Incident ID,SEP-2023,San Francisco,CA,Transdev Alternative Services;Waymo LLC,30270-6351;30531-6354,8d2c8e1b95ad195,No Injuries Reported,Jaguar,I-Pace,SUV,Street,ADS,Yes,2
bf6c4ac7c86369b,NHTSA Same Incident ID,SEP-2023,Austin,TX,"Cruise LLC;General Motors, LLC",30412-6262;540-6290,eb7f07c4713eac4,No Injuries Reported,Cruise,AV,SUV,Intersection,ADS,"[REDACTED, MAY CONTAIN CONFIDENTIAL BUSINESS INFORMATION]",2
c311790f7d74673,NHTSA Same Incident ID,SEP-2023,San Francisco,CA,"Cruise LLC;General Motors, LLC",30412-6442;540-6462,df3f7ffd70e93cd,No Injuries Reported,Cruise,AV,Heavy Truck,Intersection,ADS,"[REDACTED, MAY CONTAIN CONFIDENTIAL BUSINESS INFORMATION]",2
c40fe2d89b827ec,NHTSA Same Incident ID,SEP-2023,San Francisco,CA,Waymo LLC,30270-6514,90049d8b3034d29,No Injuries Reported,Jaguar,I-Pace,Bus,Street,ADS,Yes,1
c50a0a0ffe92c13,NHTSA Same Incident ID,SEP-2023,San Francisco,CA,"Zoox, Inc.",30610-6373,4a82710b2f82662,No Injuries Reported,Toyota,Highlander,Van,Street,ADS,Yes,1
e002b64f0353456,NHTSA Same Incident ID,SEP-2023,San Francisco,CA,Waymo LLC,30270-6405,cc4cdc0c186dec2,No Injuries Reported,Jaguar,I-Pace,Passenger Car,Intersection,ADS,Yes,1
e262251c73e8b66,NHTSA Same Incident ID,SEP-2023,San Francisco,CA,Waymo LLC,30270-6517,4d7c75a7683ed1a,No Injuries Reported,Jaguar,I-Pace,Heavy Truck,Street,ADS,Yes,1
f64123facf1cd4d,NHTSA Same Incident ID,SEP-2023,San Francisco,CA,"Cruise LLC;General Motors, LLC",30412-6447;540-6472,573866dc3315443,No Injuries Reported,Cruise,AV,Passenger Car,Intersection,ADS,"[REDACTED, MAY CONTAIN CONFIDENTIAL BUSINESS INFORMATION]",2
f868e3683212511,NHTSA Same Incident ID,SEP-2023,San Francisco,CA,"Cruise LLC;General Motors, LLC",30412-6438;540-6453,938b8120f396850,No Injuries Reported,Cruise,AV,Heavy Truck,Street,ADS,"[REDACTED, MAY CONTAIN CONFIDENTIAL BUSINESS INFORMATION]",2
fa32834b311d779,NHTSA Same Incident ID,SEP-2023,Phoenix,AZ,Waymo LLC,30270-6521,a716fa442f09994,No Injuries Reported,Jaguar,I-Pace,"Other, see Narrative",Street,ADS,Yes,1
fe9c3f8e42bc643,NHTSA Same Incident ID,SEP-2023,Tempe,AZ,Waymo LLC,30270-6368,a0f5051446d307a,No Injuries Reported,Jaguar,I-Pace,Pickup Truck,Street,ADS,Yes,1
0840f6bd96c46ca,NHTSA Same Incident ID,SEP-2024,Austin,TX,Transdev Alternative Services;Waymo LLC,30270-8823;30531-8902,df813095ba967dd,Minor,Jaguar,I-Pace,Passenger Car,Street,ADS,Yes,2
0c7e3f0ce19fb32,NHTSA Same Incident ID,SEP-2024,Las Vegas,NV,Hyundai Motor America;Motional,30410-8493;669-8496,8baac7f59ef4f0c,Moderate,Hyundai,Ioniq 5,Passenger Car,Intersection,ADS,Yes,2
0d76f1116bc1065,NHTSA Same Incident ID,SEP-2024,San Francisco,CA,Waymo LLC,30270-8882,cd5a9c91134574e,No Injuries Reported,Jaguar,I-Pace,SUV,Street,ADS,Yes,1
15a0aa27e76139f,NHTSA Same Incident ID,SEP-2024,San Francisco,CA,Waymo LLC,30270-8877,659d05101bd816a,No Injuries Reported,Jaguar,I-Pace,SUV,Street,ADS,Yes,1
17a0138cad77b88,NHTSA Same Incident ID,SEP-2024,San Francisco,CA,Waymo LLC,30270-8828,e3132dbbe830dd9,No Injuries Reported,Jaguar,I-Pace,Passenger Car,Intersection,ADS,Yes,1
18a593a7df9dace,NHTSA Same Incident ID,SEP-2024,San Francisco,CA,Waymo LLC,30270-8868,3f5fcc5eb933007,No Injuries Reported,Jaguar,I-Pace,SUV,Street,ADS,Yes,1
19ab715fdd203b2,NHTSA Same Incident ID,SEP-2024,Phoenix,AZ,Waymo LLC,30270-8833,3f68632116d9f03,No Injuries Reported,Jaguar,I-Pace,"Other, see Narrative",Street,ADS,Yes,1
1a87dbc84bf780c,NHTSA Same Incident ID,SEP-2024,Tempe,AZ,Waymo LLC,30270-8890,0b22b7fd6cdc053,No Injuries Reported,Jaguar,I-Pace,Passenger Car,Street,ADS,Yes,1
1ab108e2dabaab4,NHTSA Same Incident ID,SEP-2024,San Francisco,CA,Transdev Alternative Services;Waymo LLC,30270-8889;30531-8905,0c7d2b6074c7190,No Injuries Reported,Jaguar,I-Pace,Passenger Car,Street,ADS,Yes,2
1b7cf4c624c3405,NHTSA Same Incident ID,SEP-2024,Los Angeles,CA,Waymo LLC,30270-8857,e7c7d499b6f8f51,No Injuries Reported,Jaguar,I-Pace,SUV,Street,ADS,Yes,1
1c682da2746b2c4,NHTSA Same Incident ID,SEP-2024,Austin,TX,Waymo LLC,30270-8883,47f52a90423d10d,No Injuries Reported,Jaguar,I-Pace,Pickup Truck,Street,ADS,Yes,1
1d5d2a8518e3fca,NHTSA Same Incident ID,SEP-2024,Peachtree Corners,GA,May Mobility,30413-8861,12b7d35729a047b,No Injuries Reported,Toyota,Sienna,Other Fixed Object,Street,ADS,Yes,1
23dc208978b7787,NHTSA Same Incident ID,SEP-2024,San Francisco,CA,Waymo LLC,30270-8513,f48ff35eafa2b0b,No Injuries Reported,Jaguar,I-Pace,"Other, see Narrative",Street,ADS,Yes,1
293ddf14bace8f9,NHTSA Same Incident ID,SEP-2024,San Francisco,CA,Waymo LLC,30270-8871,6877d0cf2cb0e26,No Injuries Reported,Jaguar,I-Pace,SUV,Street,ADS,Yes,1
2c55dc79d01a218,NHTSA Same Incident ID,SEP-2024,San Francisco,CA,Waymo LLC,30270-8876,5f975470bb11f2c,No Injuries Reported,Jaguar,I-Pace,Passenger Car,Street,ADS,Yes,1
30c2487fa6ae1cb,NHTSA Same Incident ID,SEP-2024,Los Angeles,CA,Waymo LLC,30270-8886,7e2a46cbd75e3c2,No Injuries Reported,Jaguar,I-Pace,Passenger Car,Intersection,ADS,Yes,1
3144060ca1e6ad5,NHTSA Same Incident ID,SEP-2024,San Francisco,CA,Waymo LLC,30270-8581,bb7a95e3244d782,No Injuries Reported,Jaguar,I-Pace,SUV,Street,ADS,Yes,1
365f94d24227920,NHTSA Same Incident ID,SEP-2024,San Francisco,CA,Waymo LLC,30270-8884,105ed513d5a8292,No Injuries Reported,Jaguar,I-Pace,Bus,Intersection,ADS,Yes,1
38f537fd57ac865,NHTSA Same Incident ID,SEP-2024,Tempe,AZ,Waymo LLC,30270-8661,e8248fb0137dbe2,No Injuries Reported,Jaguar,I-Pace,"Other, see Narrative",Parking Lot,ADS,Yes,1
3959ce860893cce,NHTSA Same Incident ID,SEP-2024,Ennis,TX,"Aurora Operations, Inc.;PACCAR Incorporated",30530-8579;988-8590,e22c01c254942a3,No Injuries Reported,Peterbilt,579,"Other, see Narrative",Highway / Freeway,ADS,Yes,2
3b07164f997b49e,NHTSA Same Incident ID,SEP-2024,Phoenix,AZ,Waymo LLC,30270-8859,b27d27e72de0d32,No Injuries Reported,Jaguar,I-Pace,SUV,Street,ADS,Yes,1
3c8331623772513,NHTSA Same Incident ID,SEP-2024,San Francisco,CA,Waymo LLC,30270-8878,a5875815d60f218,No Injuries Reported,Jaguar,I-Pace,SUV,Intersection,ADS,Yes,1
406e173fd8a7b3b,NHTSA Same Incident ID,SEP-2024,Phoenix,AZ,Waymo LLC,30270-8887,9f856ec3c68a0d1,No Injuries Reported,Jaguar,I-Pace,Pickup Truck,Street,ADS,Yes,1
40b38f5b0665ba7,NHTSA Same Incident ID,SEP-2024,San Francisco,CA,Waymo LLC,30270-8869,85da1a9c1ddf0cd,No Injuries Reported,Jaguar,I-Pace,Passenger Car,Street,ADS,Yes,1
4690361713b03eb,NHTSA Same Incident ID,SEP-2024,San Francisco,CA,Waymo LLC,30270-8891,0d7492ecc1867b1,No Injuries Reported,Jaguar,I-Pace,Heavy Truck,Street,ADS,Yes,1
4a353641b80a151,NHTSA Same Incident ID,SEP-2024,San Francisco,CA,Waymo LLC,30270-8541,73a71fbce9aa58b,No Injuries Reported,Jaguar,I-Pace,SUV,Street,ADS,Yes,1
550765aae519cfb,NHTSA Same Incident ID,SEP-2024,Phoenix,AZ,Waymo LLC,30270-8826,d22d0764299c7ca,No Injuries Reported,Jaguar,I-Pace,Passenger Car,Intersection,ADS,Yes,1
5ddb21b77d7eb02,NHTSA Same Incident ID,SEP-2024,Tempe,AZ,Waymo LLC,30270-8881,35c4c3c49dbd114,No Injuries Reported,Jaguar,I-Pace,Passenger Car,Street,ADS,Yes,1
607fae3e1f8ca19,NHTSA Same Incident ID,SEP-2024,Phoenix,AZ,Waymo LLC,30270-8673,91d45c9bac07dec,No Injuries Reported,Jaguar,I-Pace,Passenger Car,Intersection,ADS,Yes,1
67c32c9afb85965,NHTSA Same Incident ID,SEP-2024,San Francisco,CA,Waymo LLC,30270-8844,d674426385f0fc8,No Injuries Reported,Jaguar,I-Pace,Passenger Car,Intersection,ADS,Yes,1
68e0af637b798df,NHTSA Same Incident ID,SEP-2024,San Francisco,CA,Waymo LLC,30270-8892,39edc3a2b668bd4,No Injuries Reported,Jaguar,I-Pace,SUV,Street,ADS,Yes,1
6bca1820c411748,NHTSA Same Incident ID,SEP-2024,between Hayward and Union City,CA,"VinFast Auto, LLC",33257-8638,ad7e6b3a98d08d4,No Injuries Reported,Vinfast,VF8,Passenger Car,Highway / Freeway,ADAS,Yes,1
7b4715420d002e8,NHTSA Same Incident ID,SEP-2024,Austin,TX,Waymo LLC,30270-8832,7f6a9c1a5281ae6,No Injuries Reported,Jaguar,I-Pace,"Other, see Narrative",Intersection,ADS,Yes,1
7d74fdd0779d0af,NHTSA Same Incident ID,SEP-2024,Los Angeles,CA,Waymo LLC,30270-8856,63253074c9e64f2,No Injuries Reported,Jaguar,I-Pace,Passenger Car,Street,ADS,Yes,1
7fc8fab318eae00,NHTSA Same Incident ID,SEP-2024,San Francisco,CA,Waymo LLC,30270-8514,de56029a676ce2f,No Injuries Reported,Jaguar,I-Pace,Non-Motorist: Cyclist,Street,ADS,Yes,1
8228f96f31cd43d,NHTSA Same Incident ID,SEP-2024,Mesa,AZ,Waymo LLC,30270-8835,d3f98cd30ee4b8c,No Injuries Reported,Jaguar,I-Pace,SUV,Intersection,ADS,Yes,1
8437c7bbecbfd81,NHTSA Same Incident ID,SEP-2024,Phoenix,AZ,Waymo LLC,30270-8858,1d9015d1dc4238d,No Injuries Reported,Jaguar,I-Pace,SUV,Street,ADS,Yes,1
85b2ac7e4bcaa36,NHTSA Same Incident ID,SEP-2024,Los Angeles,CA,Waymo LLC,30270-8526,2066f6f4cd25ba4,No Injuries Reported,Jaguar,I-Pace,"Other, see Narrative",Street,ADS,Yes,1
893ca66fc11a25c,NHTSA Same Incident ID,SEP-2024,Los Angeles,CA,Waymo LLC,30270-8512,80d31b5144a91e5,No Injuries Reported,Jaguar,I-Pace,Pickup Truck,Street,ADS,Yes,1
91efef66b8dc417,NHTSA Same Incident ID,SEP-2024,Scottsdale,AZ,Waymo LLC,30270-8809,1e05d1db16a76d7,No Injuries Reported,Jaguar,I-Pace,Other Fixed Object,Street,ADS,Yes,1
9661d6d11d94734,NHTSA Same Incident ID,SEP-2024,San Francisco,CA,Waymo LLC,30270-8870,d6215a1693f2a48,No Injuries Reported,Jaguar,I-Pace,Passenger Car,Street,ADS,Yes,1
9f1b4a155b58211,NHTSA Same Incident ID,SEP-2024,Tempe,AZ,Waymo LLC,30270-8750,60b46384090eadf,No Injuries Reported,Jaguar,I-Pace,Passenger Car,Street,ADS,Yes,1
a8f47357de2a17a,NHTSA Same Incident ID,SEP-2024,Poulsbo,WA,"VinFast Auto, LLC",33257-8867,be604973e95bd27,No Injuries Reported,Vinfast,VF8,Other Fixed Object,Rural Road,ADAS,Yes,1
b44d737d8566e73,NHTSA Same Incident ID,SEP-2024,San Francisco,CA,Waymo LLC,30270-8822,e99629229709aa3,Minor,Jaguar,I-Pace,Passenger Car,Street,ADS,Yes,1
b8ecd318f0d79b8,NHTSA Same Incident ID,SEP-2024,San Francisco,CA,Waymo LLC,30270-8639,012f736814921d2,No Injuries Reported,Jaguar,I-Pace,Passenger Car,Intersection,ADS,Yes,1
b9c4ac3757b3fa1,NHTSA Same Incident ID,SEP-2024,San Francisco,CA,Waymo LLC,30270-8873,58d2a1dbd994d0d,No Injuries Reported,Jaguar,I-Pace,SUV,Street,ADS,Yes,1
bfc20629d54eae2,NHTSA Same Incident ID,SEP-2024,San Francisco,CA,Waymo LLC,30270-8827,f24e782f4b6ff54,No Injuries Reported,Jaguar,I-Pace,Van,Street,ADS,Yes,1
c91c64b514e62f5,NHTSA Same Incident ID,SEP-2024,San Francisco,CA,Transdev Alternative Services;Waymo LLC,30270-8863;30531-8903,33d60213f3005c0,No Injuries Reported,Jaguar,I-Pace,Passenger Car,Street,ADS,Yes,2
c989ea2a212f067,NHTSA Same Incident ID,SEP-2024,Buffalo,TX,"Aurora Operations, Inc.;PACCAR Incorporated",30530-8580;988-8592,ee340784e6b5cdb,No Injuries Reported,Peterbilt,579,"Other, see Narrative",Highway / Freeway,ADS,Yes,2
d03b4dcbf3cd3bd,NHTSA Same Incident ID,SEP-2024,San Francisco,CA,Transdev Alternative Services;Waymo LLC,30270-8880;30531-8904,600ffbfd70e9dc1,No Injuries Reported,Jaguar,I-Pace,Van,Street,ADS,Yes,2
d19af670c688241,NHTSA Same Incident ID,SEP-2024,Tempe,AZ,Transdev Alternative Services;Waymo LLC,30270-8760;30531-8798,8381bb48f668380,No Injuries Reported,Jaguar,I-Pace,Passenger Car,Intersection,ADS,Yes,2
d81c6a7d3c2f7e9,NHTSA Same Incident ID,SEP-2024,San Francisco,CA,Waymo LLC,30270-8842,f8bfc37ca539ee3,No Injuries Reported,Jaguar,I-Pace,SUV,Street,ADS,Yes,1
dcae9422f8bb3d2,NHTSA Same Incident ID,SEP-2024,San Francisco,CA,Waymo LLC,30270-8851,4665753b0fb29b8,No Injuries Reported,Jaguar,I-Pace,Passenger Car,Intersection,ADS,Yes,1
de321c956ec5a61,NHTSA Same Incident ID,SEP-2024,San Francisco,CA,Waymo LLC,30270-8875,22f4a9434bb99b4,No Injuries Reported,Jaguar,I-Pace,Van,Street,ADS,Yes,1
df322c129346f66,NHTSA Same Incident ID,SEP-2024,San Francisco,CA,Waymo LLC,30270-8685,787d8e13705ed24,Unknown,Jaguar,I-Pace,Non-Motorist: Cyclist,Street,ADS,Yes,1
e1f17288c6c20ca,NHTSA Same Incident ID,SEP-2024,San Francisco,CA,Waymo LLC,30270-8885,ec2b91023257d90,No Injuries Reported,Jaguar,I-Pace,SUV,Street,ADS,Yes,1
e4a702ec9aac629,NHTSA Same Incident ID,SEP-2024,Huntsville,TX,"Aurora Operations, Inc.;PACCAR Incorporated",30530-8670;988-8810,9c79dca9f5bfa7e,No Injuries Reported,Peterbilt,579,"Other, see Narrative",Highway / Freeway,ADS,Yes,2
ed1e98a150df5af,NHTSA Same Incident ID,SEP-2024,San Francisco,CA,Waymo LLC,30270-8687,e99629229709aa3,No Injuries Reported,Jaguar,I-Pace,Heavy Truck,Street,ADS,Yes,1
f1f769709b16a09,NHTSA Same Incident ID,SEP-2024,San Francisco,CA,Waymo LLC,30270-8888,d15358998623a2a,No Injuries Reported,Jaguar,I-Pace,Passenger Car,Intersection,ADS,Yes,1
fb2544818a66537,NHTSA Same Incident ID,SEP-2024,Phoenix,AZ,Waymo LLC,30270-8849,8d461142a6059de,No Injuries Reported,Jaguar,I-Pace,Pickup Truck,Street,ADS,Yes,1
0d7985898055083,NHTSA Same Incident ID,SEP-2025,Los Angeles,CA,Waymo LLC,30270-11717,4e8f87313401b9c,Property Damage. No Injured Reported,JAGUAR,I-PACE,Passenger Car,Intersection,ADS,Yes,1
1aa3e885879649c,NHTSA Same Incident ID,SEP-2025,Miami,FL,"Zoox, Inc.",30610-11903,92eb36ad6eefc03,Minor W/O Hospitalization,TOYOTA,Highlander,Non-Motorist: Other,Intersection,ADS,Yes,1
1e3b951cf45ca7b,NHTSA Same Incident ID,SEP-2025,Tempe,AZ,Waymo LLC,30270-11831,1a775515c7d2801,Property Damage. No Injured Reported,JAGUAR,I-PACE,Passenger Car,Street,ADS,Yes,1
1ea9c52770a39f9,NHTSA Same Incident ID,SEP-2025,Atlanta,GA,Waymo LLC,30270-11794,99b5b54ea2d4630,Minor W/ Hospitalization,JAGUAR,I-PACE,Pickup Truck,Intersection,ADS,Yes,1
1f5485dfe2b8f8a,NHTSA Same Incident ID,SEP-2025,Los Angeles,CA,Waymo LLC,30270-11755,d642b99fb76068b,Property Damage. No Injured Reported,JAGUAR,I-PACE,SUV,Street,ADS,Yes,1
27673b8954d27c0,NHTSA Same Incident ID,SEP-2025,San Francisco,CA,Waymo LLC,30270-11618,4f4fd5c6484e8d2,Property Damage. No Injured Reported,JAGUAR,I-PACE,Heavy Truck,Intersection,ADS,Yes,1
2c10d9b1d71541e,NHTSA Same Incident ID,SEP-2025,San Francisco,CA,Waymo LLC,30270-11758,1d779bc3c6588a4,Property Damage. No Injured Reported,JAGUAR,I-PACE,SUV,Street,ADS,Yes,1
2f735ba978a44ff,NHTSA Same Incident ID,SEP-2025,Los Angeles,CA,Waymo LLC,30270-11637,395a0197ee6a0ad,Property Damage. No Injured Reported,JAGUAR,I-PACE,SUV,Intersection,ADS,Yes,1
327e47a53931e77,NHTSA Same Incident ID,SEP-2025,Los Angeles,CA,Waymo LLC,30270-11718,68c3b5d8bbc4501,Property Damage. No Injured Reported,JAGUAR,I-PACE,Passenger Car,Intersection,ADS,Yes,1
3382458076101ad,NHTSA Same Incident ID,SEP-2025,San Francisco,CA,Waymo LLC,30270-11763,faa56dbdd8cd9ee,Property Damage. No Injured Reported,JAGUAR,I-PACE,SUV,Street,ADS,Yes,1
388c947105d0bb7,NHTSA Same Incident ID,SEP-2025,San Francisco,CA,Waymo LLC,30270-11689,f1bc3c0203b65ef,Minor W/O Hospitalization,ZEEKR,RT,Other Fixed Object,Parking Lot,ADS,Yes,1
39c3b2df5355da8,NHTSA Same Incident ID,SEP-2025,West Hollywood,CA,Waymo LLC,30270-11769,a619f52988be27b,Property Damage. No Injured Reported,JAGUAR,I-PACE,SUV,Street,ADS,Yes,1
472bd4e88959a10,NHTSA Same Incident ID,SEP-2025,Phoenix,AZ,Waymo LLC,30270-11802,69e81170d7f51a7,Property Damage. No Injured Reported,JAGUAR,I-PACE,"Other, see Narrative",Intersection,ADS,Yes,1
492b74881a12e6e,NHTSA Same Incident ID,SEP-2025,Los Angeles,CA,Waymo LLC,30270-11739,2be0285d40281eb,Property Damage. No Injured Reported,JAGUAR,I-PACE,Passenger Car,Intersection,ADS,Yes,1
4b5b13895842c1b,NHTSA Same Incident ID,SEP-2025,San Francisco,CA,Waymo LLC,30270-11609,01d7bab987ddc02,Property Damage. No Injured Reported,JAGUAR,I-PACE,Bus,Street,ADS,Yes,1
4b65528edef2a8b,NHTSA Same Incident ID,SEP-2025,Austin,TX,"Tesla, Inc.",13781-11784,596d2b70a37cdb1,Property Damage. No Injured Reported,TESLA,Model Y,Passenger Car,Intersection,ADS,Yes,1
4d83937ba1de317,NHTSA Same Incident ID,SEP-2025,San Francisco,CA,Waymo LLC,30270-11627,d3d11a83f01da9b,Property Damage. No Injured Reported,JAGUAR,I-PACE,Van,Street,ADS,Yes,1
4ff19a5f7f16d32,NHTSA Same Incident ID,SEP-2025,Austin,TX,Waymo LLC,30270-11840,d839170fc8b2e10,Unknown,JAGUAR,I-PACE,Animal,Street,ADS,Yes,1
52fc174527f8223,NHTSA Same Incident ID,SEP-2025,Austin,TX,Waymo LLC,30270-11759,135449affc5341c,Property Damage. No Injured Reported,JAGUAR,I-PACE,Pickup Truck,Street,ADS,Yes,1
53b2c239e2ff616,NHTSA Same Incident ID,SEP-2025,San Francisco,CA,Waymo LLC,30270-11742,290fca443f38770,Property Damage. No Injured Reported,JAGUAR,I-PACE,SUV,Street,ADS,Yes,1
5f024177734a30d,NHTSA Same Incident ID,SEP-2025,Austin,TX,"Tesla, Inc.",13781-11787,a47c892acf13e00,No Injured Reported,TESLA,Model Y,Animal,Intersection,ADS,Yes,1
5f7ba65a97e90d7,NHTSA Same Incident ID,SEP-2025,South San Francisco,CA,Waymo LLC,30270-11851,d8b37d0763f2362,Property Damage. No Injured Reported,JAGUAR,I-PACE,Passenger Car,Street,ADS,Yes,1
6586da4de372b9e,NHTSA Same Incident ID,SEP-2025,San Francisco,CA,Waymo LLC,30270-11625,e1804ae27c0a305,Property Damage. No Injured Reported,JAGUAR,I-PACE,Motorcycle,Street,ADS,Yes,1
6903df3243c21a0,NHTSA Same Incident ID,SEP-2025,Austin,TX,Waymo LLC,30270-11766,4a5bc3848bebc6d,Property Damage. No Injured Reported,JAGUAR,I-PACE,"Other, see Narrative",Parking Lot,ADS,Yes,1
69851629c401c31,NHTSA Same Incident ID,SEP-2025,San Francisco,CA,Waymo LLC,30270-11761,a97c5b4354bc049,Property Damage. No Injured Reported,JAGUAR,I-PACE,Bus,Street,ADS,Yes,1
6cf741e9149e67a,NHTSA Same Incident ID,SEP-2025,Los Angeles,CA,Waymo LLC,30270-11701,d9cdd86af06e8f6,Property Damage. No Injured Reported,JAGUAR,I-PACE,Passenger Car,Intersection,ADS,Yes,1
6d2da685ce2e08f,NHTSA Same Incident ID,SEP-2025,Austin,TX,Waymo LLC,30270-11805,fbc392705616c62,Property Damage. No Injured Reported,JAGUAR,I-PACE,Other Fixed Object,Parking Lot,ADS,Yes,1
71db0433e9fe6dd,NHTSA Same Incident ID,SEP-2025,Austin,TX,Waymo LLC,30270-11612,075e604001abb0b,Property Damage. No Injured Reported,JAGUAR,I-PACE,SUV,Intersection,ADS,Yes,1
7509c0f51e161bd,NHTSA Same Incident ID,SEP-2025,Atlanta,GA,Waymo LLC,30270-11792,eb7924677ad1d9e,Property Damage. No Injured Reported,JAGUAR,I-PACE,Pickup Truck,Intersection,ADS,Yes,1
7b542085705b355,NHTSA Same Incident ID,SEP-2025,San Francisco,CA,Waymo LLC,30270-11756,12d3a1a35e1a982,Property Damage. No Injured Reported,JAGUAR,I-PACE,Bus,Intersection,ADS,Yes,1
7cc1c63fa251fd7,NHTSA Same Incident ID,SEP-2025,Austin,TX,Waymo LLC,30270-11698,687940d09c15ecf,Property Damage. No Injured Reported,JAGUAR,I-PACE,Animal,Street,ADS,Yes,1
7d9661d6d9464e2,NHTSA Same Incident ID,SEP-2025,San Francisco,CA,Waymo LLC,30270-11853,4e3337ffd13d65a,Property Damage. No Injured Reported,JAGUAR,I-PACE,Heavy Truck,Street,ADS,Yes,1
85bc53247dde956,NHTSA Same Incident ID,SEP-2025,Austin,TX,Waymo LLC,30270-11692,6783f8800de6b51,Property Damage. No Injured Reported,JAGUAR,I-PACE,Passenger Car,Street,ADS,Yes,1
877df876ab59edb,NHTSA Same Incident ID,SEP-2025,Atlanta,GA,Waymo LLC,30270-11806,f5b3c33807d2ff8,Minor W/ Hospitalization,JAGUAR,I-PACE,Non-Motorist: Cyclist,Street,ADS,Yes,1
8b9aea2036d8f50,NHTSA Same Incident ID,SEP-2025,Austin,TX,"Tesla, Inc.",13781-11786,86537e2e507e32e,Property Damage. No Injured Reported,TESLA,Model Y,Non-Motorist: Cyclist,Street,ADS,Yes,1
91301375cf54a0a,NHTSA Same Incident ID,SEP-2025,San Francisco,CA,Waymo LLC,30270-11771,9978a474e19f305,Property Damage. No Injured Reported,JAGUAR,I-PACE,Heavy Truck,Street,ADS,Yes,1
9d0e4e083bc2745,NHTSA Same Incident ID,SEP-2025,Inglewood,CA,Waymo LLC,30270-11762,914f5e1aba32b51,Property Damage. No Injured Reported,JAGUAR,I-PACE,Passenger Car,Intersection,ADS,Yes,1
9d9ea44aee989b1,NHTSA Same Incident ID,SEP-2025,Santa Monica,CA,Waymo LLC,30270-11768,2eaee176a45e587,Property Damage. No Injured Reported,JAGUAR,I-PACE,Passenger Car,Intersection,ADS,Yes,1
a2882bceb064a6a,NHTSA Same Incident ID,SEP-2025,Culver City,CA,Waymo LLC,30270-11608,c4fc77e83c66a79,Property Damage. No Injured Reported,JAGUAR,I-PACE,Pickup Truck,Street,ADS,Yes,1
ab730b8852be08c,NHTSA Same Incident ID,SEP-2025,San Francisco,CA,Waymo LLC,30270-11790,bb2eab344cefc5c,Property Damage. No Injured Reported,JAGUAR,I-PACE,Passenger Car,Street,ADS,Yes,1
b005e037a7920b1,NHTSA Same Incident ID,SEP-2025,San Francisco,CA,Waymo LLC,30270-11852,eaf2a9c7f9d559c,Property Damage. No Injured Reported,JAGUAR,I-PACE,Heavy Truck,Street,ADS,Yes,1
b0245a0ab94b3b5,NHTSA Same Incident ID,SEP-2025,Santa Monica,CA,Waymo LLC,30270-11629,e52d4a05880b9d6,Property Damage. No Injured Reported,JAGUAR,I-PACE,"Other, see Narrative",Parking Lot,ADS,Yes,1
b0fa162bedc9a52,NHTSA Same Incident ID,SEP-2025,Austin,TX,"Tesla, Inc.",13781-11687,d974eae1982eb8e,Property Damage. No Injured Reported,TESLA,Model Y,Other Fixed Object,Parking Lot,ADS,Yes,1
b1238fa7e70adb3,NHTSA Same Incident ID,SEP-2025,Mount Pleasant,PA,Stack AV,34952-11803,6e743beba07055f,No Injured Reported,PETERBILT,579,Heavy Truck,Highway / Freeway,ADS,"[REDACTED, MAY CONTAIN CONFIDENTIAL BUSINESS INFORMATION]",1
b34a36ed3a89a10,NHTSA Same Incident ID,SEP-2025,Daly City,CA,Waymo LLC,30270-11795,e93f9538f643ca4,Property Damage. No Injured Reported,JAGUAR,I-PACE,Passenger Car,Intersection,ADS,Yes,1
b668056967dc92c,NHTSA Same Incident ID,SEP-2025,Las Vegas,NV,"Zoox, Inc.",30610-11752,64c23d87f1524d7,Property Damage. No Injured Reported,ZOOX,Zoox,Passenger Car,Street,ADS,Yes,1
bf0af7f5d4c8d2a,NHTSA Same Incident ID,SEP-2025,San Francisco,CA,Waymo LLC,30270-11702,88cd8db6d8498e6,Property Damage. No Injured Reported,JAGUAR,I-PACE,SUV,Intersection,ADS,Yes,1
c1480c70fc2c870,NHTSA Same Incident ID,SEP-2025,Dallas,TX,Avride Inc.,31101-13139,0f96b9e51236b25,Property Damage. No Injured Reported,HYUNDAI,Ioniq 5,SUV,Street,ADS,Yes,1
c16a7bfefae2ea5,NHTSA Same Incident ID,SEP-2025,Phoenix,AZ,Waymo LLC,30270-11715,2e36ef5640679ec,Property Damage. No Injured Reported,JAGUAR,I-PACE,Heavy Truck,Parking Lot,ADS,Yes,1
c9b668922c6913c,NHTSA Same Incident ID,SEP-2025,Austin,TX,Waymo LLC,30270-11623,056bf0722360f10,Property Damage. No Injured Reported,JAGUAR,I-PACE,Pickup Truck,Street,ADS,Yes,1
cce97df1005f101,NHTSA Same Incident ID,SEP-2025,San Francisco,CA,Waymo LLC,30270-11738,06b70f95d1f3933,Minor W/O Hospitalization,JAGUAR,I-PACE,Motorcycle,Street,ADS,Yes,1
cecddedec7fe69a,NHTSA Same Incident ID,SEP-2025,Inglewood,CA,Waymo LLC,30270-11724,09106b9119c28ba,Property Damage. No Injured Reported,JAGUAR,I-PACE,Pickup Truck,Street,ADS,Yes,1
ceeab43629938c3,NHTSA Same Incident ID,SEP-2025,Las Vegas,NV,Motional,30410-11770,bef379c5d6e3a3d,Property Damage. No Injured Reported,HYUNDAI,Ioniq 5,Van,Intersection,ADS,Yes,1
ceedaf1e659d839,NHTSA Same Incident ID,SEP-2025,Los Angeles,CA,Waymo LLC,30270-11791,15f901629190a97,Minor W/O Hospitalization,JAGUAR,I-PACE,Passenger Car,Intersection,ADS,Yes,1
d03b66d1142a2bf,NHTSA Same Incident ID,SEP-2025,Santa Monica,CA,Waymo LLC,30270-11716,0ee864a034b9d76,Property Damage. No Injured Reported,JAGUAR,I-PACE,Pickup Truck,Street,ADS,Yes,1
d23ce59f22e299f,NHTSA Same Incident ID,SEP-2025,Los Angeles,CA,Waymo LLC,30270-11821,15a27e37627e8f0,Property Damage. No Injured Reported,JAGUAR,I-PACE,SUV,Street,ADS,Yes,1
d6ba83005d45c1c,NHTSA Same Incident ID,SEP-2025,San Francisco,CA,Waymo LLC,30270-11664,cb1072ac0fd50b0,Property Damage. No Injured Reported,JAGUAR,I-PACE,SUV,Intersection,ADS,Yes,1
d8b6f7f5b4b77bf,NHTSA Same Incident ID,SEP-2025,San Francisco,CA,Waymo LLC,30270-11839,f48ff35eafa2b0b,Property Damage. No Injured Reported,JAGUAR,I-PACE,Passenger Car,Intersection,ADS,Yes,1
daa0c6e71de2c87,NHTSA Same Incident ID,SEP-2025,Los Angeles,CA,Waymo LLC,30270-11753,1bf9c9b80410c95,Property Damage. No Injured Reported,JAGUAR,I-PACE,SUV,Street,ADS,Yes,1
dc166aecd5b4265,NHTSA Same Incident ID,SEP-2025,Tempe,AZ,Waymo LLC,30270-11713,9eebe23c15459e8,Fatality,JAGUAR,I-PACE,Motorcycle,Street,ADS,Yes,1
de9adc7835033c6,NHTSA Same Incident ID,SEP-2025,Kingwood,TX,"Aurora Operations, Inc.",30530-11895,efb1c0c474bb474,Property Damage. No Injured Reported,PETERBILT,579,"Other, see Narrative",Highway / Freeway,ADS,Yes,1
e31618acd1737c2,NHTSA Same Incident ID,SEP-2025,Atlanta,GA,Waymo LLC,30270-11672,1ff69f13f6312e5,Property Damage. No Injured Reported,JAGUAR,I-PACE,"Other, see Narrative",Street,ADS,Yes,1
e65e983024a6b24,NHTSA Same Incident ID,SEP-2025,Los Angeles,CA,Waymo LLC,30270-11760,5bc86c57dcb4547,Property Damage. No Injured Reported,JAGUAR,I-PACE,Passenger Car,Street,ADS,Yes,1
e7773de4d188cd2,NHTSA Same Incident ID,SEP-2025,Austin,TX,Waymo LLC,30270-11850,09ec4e314f6343e,Property Damage. No Injured Reported,JAGUAR,I-PACE,SUV,Intersection,ADS,Yes,1
fafbadbfaa69a69,NHTSA Same Incident ID,SEP-2025,San Francisco,CA,Waymo LLC,30270-11695,fe2acf578a864c8,Property Damage. No Injured Reported,JAGUAR,I-PACE,Passenger Car,Street,ADS,Yes,1
fe0fd9933f671b3,NHTSA Same Incident ID,SEP-2025,Los Angeles,CA,Waymo LLC,30270-11789,de24f92f75b28ea,Minor W/ Hospitalization,JAGUAR,I-PACE,SUV,Street,ADS,Yes,1
ffa7fe31f8c8d1a,NHTSA Same Incident ID,SEP-2025,San Francisco,CA,"Zoox, Inc.",30610-11902,4e79e773a751fc2,Property Damage. No Injured Reported,ZOOX,Zoox,Heavy Truck,Intersection,ADS,Yes,1
