report_id,report_version,same_incident_id,incident_date,air_bag_deployment,subject_air_bag,crash_partner_air_bag,source_url,narrative_available
10003-2932,1,d7397a577eefe45,NOV-2021,Unknown,No,,https://static.nhtsa.gov/odi/ffdd/sgo-2021-01/Archive-2021-2025/SGO-2021-01_Incident_Reports_ADS.csv,Yes
10003-3210,1,59d489f93e681d4,APR-2022,Unknown,No,,https://static.nhtsa.gov/odi/ffdd/sgo-2021-01/Archive-2021-2025/SGO-2021-01_Incident_Reports_ADS.csv,Yes
12381-3438,2,3e2bdafd3d96829,JUL-2022,No Deployment Reported,No,Not Applicable,https://static.nhtsa.gov/odi/ffdd/sgo-2021-01/Archive-2021-2025/SGO-2021-01_Incident_Reports_ADS.csv,Yes
12381-3557,1,66ee1d58acd3680,JUL-2022,No Deployment Reported,No,Not Applicable,https://static.nhtsa.gov/odi/ffdd/sgo-2021-01/Archive-2021-2025/SGO-2021-01_Incident_Reports_ADS.csv,Yes
12381-6889,1,df4cd7fa084bc3e,DEC-2023,Unknown,No,,https://static.nhtsa.gov/odi/ffdd/sgo-2021-01/Archive-2021-2025/SGO-2021-01_Incident_Reports_ADS.csv,Yes
1306-1065,1,d0d33333ba895d5,JUL-2021,No Deployment Reported,No,No,https://static.nhtsa.gov/odi/ffdd/sgo-2021-01/Archive-2021-2025/SGO-2021-01_Incident_Reports_ADS.csv,Yes
1306-1247,1,558988ec035939d,AUG-2021,No Deployment Reported,No,Not Applicable,https://static.nhtsa.gov/odi/ffdd/sgo-2021-01/Archive-2021-2025/SGO-2021-01_Incident_Reports_ADS.csv,Yes
1306-3355,1,3b95fade2333295,MAY-2022,No Deployment Reported,No,No,https://static.nhtsa.gov/odi/ffdd/sgo-2021-01/Archive-2021-2025/SGO-2021-01_Incident_Reports_ADS.csv,Yes
1306-4010,1,7fb8af01e45e543,AUG-2022,No Deployment Reported,No,No,https://static.nhtsa.gov/odi/ffdd/sgo-2021-01/Archive-2021-2025/SGO-2021-01_Incident_Reports_ADS.csv,Yes
1306-4235,1,379fa369488a397,SEP-2022,No Deployment Reported,No,No,https://static.nhtsa.gov/odi/ffdd/sgo-2021-01/Archive-2021-2025/SGO-2021-01_Incident_Reports_ADS.csv,Yes
1306-4389,2,03ad388e6676c05,NOV-2022,Unknown,No,,https://static.nhtsa.gov/odi/ffdd/sgo-2021-01/Archive-2021-2025/SGO-2021-01_Incident_Reports_ADS.csv,Yes
1306-4390,2,efaea9d26730376,DEC-2022,No Deployment Reported,No,Not Applicable,https://static.nhtsa.gov/odi/ffdd/sgo-2021-01/Archive-2021-2025/SGO-2021-01_Incident_Reports_ADS.csv,Yes
13781-11375,4,b5d3e7bb23a3388,JUL-2025,No Deployment Reported,,,https://static.nhtsa.gov/odi/ffdd/sgo-2021-01/SGO-2021-01_Incident_Reports_ADS.csv,Yes
13781-11459,3,8578fbc6ef74c60,JUL-2025,No Deployment Reported,,,https://static.nhtsa.gov/odi/ffdd/sgo-2021-01/SGO-2021-01_Incident_Reports_ADS.csv,Yes
13781-11507,2,346e79b6abcc2ca,JUL-2025,Unknown,,,https://static.nhtsa.gov/odi/ffdd/sgo-2021-01/SGO-2021-01_Incident_Reports_ADS.csv,Yes
13781-11687,3,b0fa162bedc9a52,SEP-2025,No Deployment Reported,,,https://static.nhtsa.gov/odi/ffdd/sgo-2021-01/SGO-2021-01_Incident_Reports_ADS.csv,Yes
13781-11784,2,4b65528edef2a8b,SEP-2025,No Deployment Reported,,,https://static.nhtsa.gov/odi/ffdd/sgo-2021-01/SGO-2021-01_Incident_Reports_ADS.csv,Yes
13781-11786,2,8b9aea2036d8f50,SEP-2025,No Deployment Reported,,,https://static.nhtsa.gov/odi/ffdd/sgo-2021-01/SGO-2021-01_Incident_Reports_ADS.csv,Yes
13781-11787,2,5f024177734a30d,SEP-2025,No Deployment Reported,,,https://static.nhtsa.gov/odi/ffdd/sgo-2021-01/SGO-2021-01_Incident_Reports_ADS.csv,Yes
13781-11986,3,6fc6e04c8d8c904,OCT-2025,No Deployment Reported,,,https://static.nhtsa.gov/odi/ffdd/sgo-2021-01/SGO-2021-01_Incident_Reports_ADS.csv,Yes
13781-13237,2,f948905f2385492,NOV-2025,No Deployment Reported,,,https://static.nhtsa.gov/odi/ffdd/sgo-2021-01/SGO-2021-01_Incident_Reports_ADS.csv,Yes
13781-13644,2,c3b19262bad7d45,JAN-2026,No Deployment Reported,,,https://static.nhtsa.gov/odi/ffdd/sgo-2021-01/SGO-2021-01_Incident_Reports_ADS.csv,Yes
13781-13645,2,660518e401e4ddd,JAN-2026,No Deployment Reported,,,https://static.nhtsa.gov/odi/ffdd/sgo-2021-01/SGO-2021-01_Incident_Reports_ADS.csv,Yes
13781-13646,2,5c44d0a835f6e52,JAN-2026,No Deployment Reported,,,https://static.nhtsa.gov/odi/ffdd/sgo-2021-01/SGO-2021-01_Incident_Reports_ADS.csv,Yes
13781-13647,2,024e0e877f8e0b4,DEC-2025,No Deployment Reported,,,https://static.nhtsa.gov/odi/ffdd/sgo-2021-01/SGO-2021-01_Incident_Reports_ADS.csv,Yes
13781-13648,2,623901f9f7d705f,JAN-2026,No Deployment Reported,,,https://static.nhtsa.gov/odi/ffdd/sgo-2021-01/SGO-2021-01_Incident_Reports_ADS.csv,Yes
13781-14043,2,6195eac6d664ead,JAN-2026,No Deployment Reported,,,https://static.nhtsa.gov/odi/ffdd/sgo-2021-01/SGO-2021-01_Incident_Reports_ADS.csv,Yes
13781-14630,1,cbea5023d86487b,MAR-2026,No Deployment Reported,,,https://static.nhtsa.gov/odi/ffdd/sgo-2021-01/SGO-2021-01_Incident_Reports_ADS.csv,Yes
13781-14631,1,239e75e81c5fdea,MAR-2026,No Deployment Reported,,,https://static.nhtsa.gov/odi/ffdd/sgo-2021-01/SGO-2021-01_Incident_Reports_ADS.csv,Yes
13781-15017,1,63062a109838ba2,APR-2026,No Deployment Reported,,,https://static.nhtsa.gov/odi/ffdd/sgo-2021-01/SGO-2021-01_Incident_Reports_ADS.csv,Yes
13781-15342,1,5586a2747f69b63,JUN-2026,No Deployment Reported,,,https://static.nhtsa.gov/odi/ffdd/sgo-2021-01/SGO-2021-01_Incident_Reports_ADS.csv,Yes
13781-15395,1,c20a375501ff8b5,MAY-2026,No Deployment Reported,,,https://static.nhtsa.gov/odi/ffdd/sgo-2021-01/SGO-2021-01_Incident_Reports_ADS.csv,Yes
13781-15399,1,320367e19dd75d9,MAY-2026,No Deployment Reported,,,https://static.nhtsa.gov/odi/ffdd/sgo-2021-01/SGO-2021-01_Incident_Reports_ADS.csv,Yes
13781-15400,1,e197e3bfafa4d4e,MAY-2026,No Deployment Reported,,,https://static.nhtsa.gov/odi/ffdd/sgo-2021-01/SGO-2021-01_Incident_Reports_ADS.csv,Yes
13781-15808,1,4093fefb16c25f5,JUN-2026,No Deployment Reported,,,https://static.nhtsa.gov/odi/ffdd/sgo-2021-01/SGO-2021-01_Incident_Reports_ADS.csv,Yes
13781-15809,1,ebda2c940572e10,JUN-2026,No Deployment Reported,,,https://static.nhtsa.gov/odi/ffdd/sgo-2021-01/SGO-2021-01_Incident_Reports_ADS.csv,Yes
13781-16255,1,6636966804ac538,JUL-2026,No Deployment Reported,,,https://static.nhtsa.gov/odi/ffdd/sgo-2021-01/SGO-2021-01_Incident_Reports_ADS.csv,Yes
13781-16256,1,7420ebc8c51d9ec,JUL-2026,No Deployment Reported,,,https://static.nhtsa.gov/odi/ffdd/sgo-2021-01/SGO-2021-01_Incident_Reports_ADS.csv,Yes
1420-7081,1,a05277be2462827,JAN-2024,Unknown,No,Unknown,https://static.nhtsa.gov/odi/ffdd/sgo-2021-01/Archive-2021-2025/SGO-2021-01_Incident_Reports_ADS.csv,Yes
1420-7244,1,ab7ab6695e48c80,FEB-2024,Unknown,No,Unknown,https://static.nhtsa.gov/odi/ffdd/sgo-2021-01/Archive-2021-2025/SGO-2021-01_Incident_Reports_ADS.csv,Yes
1420-7671,1,747a10541edff5d,APR-2024,No Deployment Reported,No,No,https://static.nhtsa.gov/odi/ffdd/sgo-2021-01/Archive-2021-2025/SGO-2021-01_Incident_Reports_ADS.csv,Yes
1420-7914,1,291b94613158d04,MAY-2024,No Deployment Reported,No,No,https://static.nhtsa.gov/odi/ffdd/sgo-2021-01/Archive-2021-2025/SGO-2021-01_Incident_Reports_ADS.csv,Yes
1420-7995,1,98395fc467339a6,JUN-2024,No Deployment Reported,No,No,https://static.nhtsa.gov/odi/ffdd/sgo-2021-01/Archive-2021-2025/SGO-2021-01_Incident_Reports_ADS.csv,Yes
1422-4087,2,49cddd631fa898b,OCT-2022,Unknown,No,,https://static.nhtsa.gov/odi/ffdd/sgo-2021-01/Archive-2021-2025/SGO-2021-01_Incident_Reports_ADS.csv,Yes
1712-2474,2,e0cdab99aaf1a1f,MAR-2022,No Deployment Reported,No,No,https://static.nhtsa.gov/odi/ffdd/sgo-2021-01/Archive-2021-2025/SGO-2021-01_Incident_Reports_ADS.csv,Yes
273-2632,2,9f21c8535dd6f30,APR-2022,Unknown,No,,https://static.nhtsa.gov/odi/ffdd/sgo-2021-01/Archive-2021-2025/SGO-2021-01_Incident_Reports_ADS.csv,Yes
28349-5694,5,59e155e20ed427f,JUN-2023,Deployed,Yes,Unknown,https://static.nhtsa.gov/odi/ffdd/sgo-2021-01/Archive-2021-2025/SGO-2021-01_Incident_Reports_ADS.csv,Yes
30270-1,2,c26d492ac568c12,JUL-2021,No Deployment Reported,No,No,https://static.nhtsa.gov/odi/ffdd/sgo-2021-01/Archive-2021-2025/SGO-2021-01_Incident_Reports_ADS.csv,Yes
30270-10004,1,41320a9363bd12f,DEC-2024,No Deployment Reported,No,No,https://static.nhtsa.gov/odi/ffdd/sgo-2021-01/Archive-2021-2025/SGO-2021-01_Incident_Reports_ADS.csv,Yes
30270-10006,1,b0f8952fe931b48,FEB-2025,No Deployment Reported,No,Not Applicable,https://static.nhtsa.gov/odi/ffdd/sgo-2021-01/Archive-2021-2025/SGO-2021-01_Incident_Reports_ADS.csv,Yes
30270-10007,1,198ede2a0f0bc8c,FEB-2025,No Deployment Reported,No,No,https://static.nhtsa.gov/odi/ffdd/sgo-2021-01/Archive-2021-2025/SGO-2021-01_Incident_Reports_ADS.csv,Yes
30270-10042,2,a505bba3817c9e2,FEB-2025,No Deployment Reported,No,Not Applicable,https://static.nhtsa.gov/odi/ffdd/sgo-2021-01/Archive-2021-2025/SGO-2021-01_Incident_Reports_ADS.csv,Yes
30270-10046,1,00cf76dca3bcbce,FEB-2025,No Deployment Reported,No,No,https://static.nhtsa.gov/odi/ffdd/sgo-2021-01/Archive-2021-2025/SGO-2021-01_Incident_Reports_ADS.csv,Yes
30270-10047,1,120162186b3f822,FEB-2025,No Deployment Reported,No,No,https://static.nhtsa.gov/odi/ffdd/sgo-2021-01/Archive-2021-2025/SGO-2021-01_Incident_Reports_ADS.csv,Yes
30270-10048,1,32eecff3f616ac8,FEB-2025,No Deployment Reported,No,No,https://static.nhtsa.gov/odi/ffdd/sgo-2021-01/Archive-2021-2025/SGO-2021-01_Incident_Reports_ADS.csv,Yes
30270-10049,1,783ffed947694fd,FEB-2025,No Deployment Reported,No,No,https://static.nhtsa.gov/odi/ffdd/sgo-2021-01/Archive-2021-2025/SGO-2021-01_Incident_Reports_ADS.csv,Yes
30270-10050,1,5da4eca366e56f7,FEB-2025,No Deployment Reported,No,No,https://static.nhtsa.gov/odi/ffdd/sgo-2021-01/Archive-2021-2025/SGO-2021-01_Incident_Reports_ADS.csv,Yes
30270-10052,1,4df5e75df4f4fe9,FEB-2025,No Deployment Reported,No,No,https://static.nhtsa.gov/odi/ffdd/sgo-2021-01/Archive-2021-2025/SGO-2021-01_Incident_Reports_ADS.csv,Yes
30270-10053,1,3d4bf64a0b9921a,FEB-2025,No Deployment Reported,No,No,https://static.nhtsa.gov/odi/ffdd/sgo-2021-01/Archive-2021-2025/SGO-2021-01_Incident_Reports_ADS.csv,Yes
30270-10054,2,245fcf475614f10,FEB-2025,Unknown,No,,https://static.nhtsa.gov/odi/ffdd/sgo-2021-01/Archive-2021-2025/SGO-2021-01_Incident_Reports_ADS.csv,Yes
30270-10057,1,fbe6478d5c0c171,FEB-2025,No Deployment Reported,No,No,https://static.nhtsa.gov/odi/ffdd/sgo-2021-01/Archive-2021-2025/SGO-2021-01_Incident_Reports_ADS.csv,Yes
30270-10058,1,a23645e9ae97899,FEB-2025,No Deployment Reported,No,No,https://static.nhtsa.gov/odi/ffdd/sgo-2021-01/Archive-2021-2025/SGO-2021-01_Incident_Reports_ADS.csv,Yes
30270-10059,1,3b435f5d69bb89b,FEB-2025,No Deployment Reported,No,No,https://static.nhtsa.gov/odi/ffdd/sgo-2021-01/Archive-2021-2025/SGO-2021-01_Incident_Reports_ADS.csv,Yes
30270-10060,1,ec25755718a0c9f,FEB-2025,No Deployment Reported,No,No,https://static.nhtsa.gov/odi/ffdd/sgo-2021-01/Archive-2021-2025/SGO-2021-01_Incident_Reports_ADS.csv,Yes
30270-10067,1,9612a9723e060e4,FEB-2025,No Deployment Reported,No,No,https://static.nhtsa.gov/odi/ffdd/sgo-2021-01/Archive-2021-2025/SGO-2021-01_Incident_Reports_ADS.csv,Yes
30270-10075,2,7021e4061ead5bc,FEB-2025,Unknown,No,,https://static.nhtsa.gov/odi/ffdd/sgo-2021-01/Archive-2021-2025/SGO-2021-01_Incident_Reports_ADS.csv,Yes
30270-10076,1,9b6c6e6504c9cd9,FEB-2025,No Deployment Reported,No,Not Applicable,https://static.nhtsa.gov/odi/ffdd/sgo-2021-01/Archive-2021-2025/SGO-2021-01_Incident_Reports_ADS.csv,Yes
30270-10077,1,49187973fd18d64,FEB-2025,No Deployment Reported,No,No,https://static.nhtsa.gov/odi/ffdd/sgo-2021-01/Archive-2021-2025/SGO-2021-01_Incident_Reports_ADS.csv,Yes
30270-10078,1,0baa19c3c4de7ed,FEB-2025,No Deployment Reported,No,No,https://static.nhtsa.gov/odi/ffdd/sgo-2021-01/Archive-2021-2025/SGO-2021-01_Incident_Reports_ADS.csv,Yes
30270-10079,1,c0f34afded1bc4d,FEB-2025,No Deployment Reported,No,No,https://static.nhtsa.gov/odi/ffdd/sgo-2021-01/Archive-2021-2025/SGO-2021-01_Incident_Reports_ADS.csv,Yes
30270-10080,1,9d71e2ee82fc64f,FEB-2025,No Deployment Reported,No,No,https://static.nhtsa.gov/odi/ffdd/sgo-2021-01/Archive-2021-2025/SGO-2021-01_Incident_Reports_ADS.csv,Yes
30270-10081,1,0dfac0be21c8da4,FEB-2025,No Deployment Reported,No,No,https://static.nhtsa.gov/odi/ffdd/sgo-2021-01/Archive-2021-2025/SGO-2021-01_Incident_Reports_ADS.csv,Yes
30270-10082,1,7a56583de2b512b,FEB-2025,No Deployment Reported,No,No,https://static.nhtsa.gov/odi/ffdd/sgo-2021-01/Archive-2021-2025/SGO-2021-01_Incident_Reports_ADS.csv,Yes
30270-10083,1,5665cd0476afae7,FEB-2025,No Deployment Reported,No,No,https://static.nhtsa.gov/odi/ffdd/sgo-2021-01/Archive-2021-2025/SGO-2021-01_Incident_Reports_ADS.csv,Yes
30270-10085,1,be3d629bd7d432c,FEB-2025,No Deployment Reported,No,No,https://static.nhtsa.gov/odi/ffdd/sgo-2021-01/Archive-2021-2025/SGO-2021-01_Incident_Reports_ADS.csv,Yes
30270-10086,1,0189935a3c5671c,FEB-2025,No Deployment Reported,No,No,https://static.nhtsa.gov/odi/ffdd/sgo-2021-01/Archive-2021-2025/SGO-2021-01_Incident_Reports_ADS.csv,Yes
30270-10087,1,07949a4fab0d337,FEB-2025,No Deployment Reported,No,Not Applicable,https://static.nhtsa.gov/odi/ffdd/sgo-2021-01/Archive-2021-2025/SGO-2021-01_Incident_Reports_ADS.csv,Yes
30270-10089,1,aeddf9a5808923f,JAN-2025,No Deployment Reported,No,No,https://static.nhtsa.gov/odi/ffdd/sgo-2021-01/Archive-2021-2025/SGO-2021-01_Incident_Reports_ADS.csv,Yes
30270-10090,1,6c8a70e4e1a1bc2,FEB-2025,No Deployment Reported,No,No,https://static.nhtsa.gov/odi/ffdd/sgo-2021-01/Archive-2021-2025/SGO-2021-01_Incident_Reports_ADS.csv,Yes
30270-10091,1,2cb2aade63ee8f6,FEB-2025,No Deployment Reported,No,No,https://static.nhtsa.gov/odi/ffdd/sgo-2021-01/Archive-2021-2025/SGO-2021-01_Incident_Reports_ADS.csv,Yes
30270-10109,1,aa791e99f358c62,FEB-2025,No Deployment Reported,No,No,https://static.nhtsa.gov/odi/ffdd/sgo-2021-01/Archive-2021-2025/SGO-2021-01_Incident_Reports_ADS.csv,Yes
30270-10112,2,ee8bc049ffeaa52,FEB-2025,Deployed,Yes,Yes,https://static.nhtsa.gov/odi/ffdd/sgo-2021-01/Archive-2021-2025/SGO-2021-01_Incident_Reports_ADS.csv,Yes
30270-10117,1,c9071aa23149df4,FEB-2025,Deployed,No,Yes,https://static.nhtsa.gov/odi/ffdd/sgo-2021-01/Archive-2021-2025/SGO-2021-01_Incident_Reports_ADS.csv,Yes
30270-10118,1,68fe277ed2ee205,MAR-2025,No Deployment Reported,No,No,https://static.nhtsa.gov/odi/ffdd/sgo-2021-01/Archive-2021-2025/SGO-2021-01_Incident_Reports_ADS.csv,Yes
30270-10123,1,6210d13877c359b,FEB-2025,No Deployment Reported,No,No,https://static.nhtsa.gov/odi/ffdd/sgo-2021-01/Archive-2021-2025/SGO-2021-01_Incident_Reports_ADS.csv,Yes
30270-10127,1,f5343b2a2c58c2b,MAR-2025,No Deployment Reported,No,No,https://static.nhtsa.gov/odi/ffdd/sgo-2021-01/Archive-2021-2025/SGO-2021-01_Incident_Reports_ADS.csv,Yes
30270-10129,1,b69365f21d47b9c,FEB-2025,No Deployment Reported,No,No,https://static.nhtsa.gov/odi/ffdd/sgo-2021-01/Archive-2021-2025/SGO-2021-01_Incident_Reports_ADS.csv,Yes
30270-10130,1,6e8436d7b93f635,FEB-2025,No Deployment Reported,No,No,https://static.nhtsa.gov/odi/ffdd/sgo-2021-01/Archive-2021-2025/SGO-2021-01_Incident_Reports_ADS.csv,Yes
30270-10131,1,d18a0a297f90dc8,FEB-2025,No Deployment Reported,No,No,https://static.nhtsa.gov/odi/ffdd/sgo-2021-01/Archive-2021-2025/SGO-2021-01_Incident_Reports_ADS.csv,Yes
30270-10134,1,b0b55b44c85ec9b,FEB-2025,No Deployment Reported,No,No,https://static.nhtsa.gov/odi/ffdd/sgo-2021-01/Archive-2021-2025/SGO-2021-01_Incident_Reports_ADS.csv,Yes
30270-10135,1,4ae0f7763f7a1cb,FEB-2025,No Deployment Reported,No,No,https://static.nhtsa.gov/odi/ffdd/sgo-2021-01/Archive-2021-2025/SGO-2021-01_Incident_Reports_ADS.csv,Yes
30270-10136,1,cd0f4c4a7e6f2e0,FEB-2025,No Deployment Reported,No,No,https://static.nhtsa.gov/odi/ffdd/sgo-2021-01/Archive-2021-2025/SGO-2021-01_Incident_Reports_ADS.csv,Yes
30270-10137,1,9633af41c73e4ab,FEB-2025,No Deployment Reported,No,No,https://static.nhtsa.gov/odi/ffdd/sgo-2021-01/Archive-2021-2025/SGO-2021-01_Incident_Reports_ADS.csv,Yes
30270-10138,1,5313d36258c04e8,FEB-2025,No Deployment Reported,No,No,https://static.nhtsa.gov/odi/ffdd/sgo-2021-01/Archive-2021-2025/SGO-2021-01_Incident_Reports_ADS.csv,Yes
30270-10139,1,33742456a151d72,FEB-2025,No Deployment Reported,No,No,https://static.nhtsa.gov/odi/ffdd/sgo-2021-01/Archive-2021-2025/SGO-2021-01_Incident_Reports_ADS.csv,Yes
30270-10140,1,b630d01707812ae,FEB-2025,No Deployment Reported,No,No,https://static.nhtsa.gov/odi/ffdd/sgo-2021-01/Archive-2021-2025/SGO-2021-01_Incident_Reports_ADS.csv,Yes
30270-10141,1,2892d7d255db2c7,FEB-2025,No Deployment Reported,No,No,https://static.nhtsa.gov/odi/ffdd/sgo-2021-01/Archive-2021-2025/SGO-2021-01_Incident_Reports_ADS.csv,Yes
30270-10142,1,8a061a85e0fac84,FEB-2025,No Deployment Reported,No,No,https://static.nhtsa.gov/odi/ffdd/sgo-2021-01/Archive-2021-2025/SGO-2021-01_Incident_Reports_ADS.csv,Yes
30270-10143,1,7fd090dc5def1cb,FEB-2025,No Deployment Reported,No,No,https://static.nhtsa.gov/odi/ffdd/sgo-2021-01/Archive-2021-2025/SGO-2021-01_Incident_Reports_ADS.csv,Yes
30270-10145,1,0e46cead36f5a85,MAR-2025,No Deployment Reported,No,No,https://static.nhtsa.gov/odi/ffdd/sgo-2021-01/Archive-2021-2025/SGO-2021-01_Incident_Reports_ADS.csv,Yes
30270-10147,1,7bfe9ff1d4dc189,MAR-2025,No Deployment Reported,No,No,https://static.nhtsa.gov/odi/ffdd/sgo-2021-01/Archive-2021-2025/SGO-2021-01_Incident_Reports_ADS.csv,Yes
30270-10148,1,eb89a7c26f836d3,FEB-2025,No Deployment Reported,No,No,https://static.nhtsa.gov/odi/ffdd/sgo-2021-01/Archive-2021-2025/SGO-2021-01_Incident_Reports_ADS.csv,Yes
30270-10174,2,92953b8c28a4f6c,MAR-2025,No Deployment Reported,No,No,https://static.nhtsa.gov/odi/ffdd/sgo-2021-01/Archive-2021-2025/SGO-2021-01_Incident_Reports_ADS.csv,Yes
30270-10175,1,58d4d4d7eae563a,MAR-2025,No Deployment Reported,No,No,https://static.nhtsa.gov/odi/ffdd/sgo-2021-01/Archive-2021-2025/SGO-2021-01_Incident_Reports_ADS.csv,Yes
30270-10182,2,e33f02ba21bbc82,MAR-2025,No Deployment Reported,No,No,https://static.nhtsa.gov/odi/ffdd/sgo-2021-01/Archive-2021-2025/SGO-2021-01_Incident_Reports_ADS.csv,Yes
30270-10184,2,3f64f6051e66deb,MAR-2025,No Deployment Reported,No,No,https://static.nhtsa.gov/odi/ffdd/sgo-2021-01/Archive-2021-2025/SGO-2021-01_Incident_Reports_ADS.csv,Yes
30270-10196,1,034925e7c1a3566,MAR-2025,No Deployment Reported,No,No,https://static.nhtsa.gov/odi/ffdd/sgo-2021-01/Archive-2021-2025/SGO-2021-01_Incident_Reports_ADS.csv,Yes
30270-10215,1,762125c31d18c18,FEB-2025,No Deployment Reported,No,No,https://static.nhtsa.gov/odi/ffdd/sgo-2021-01/Archive-2021-2025/SGO-2021-01_Incident_Reports_ADS.csv,Yes
30270-10216,1,17c86d48468d307,FEB-2025,No Deployment Reported,No,No,https://static.nhtsa.gov/odi/ffdd/sgo-2021-01/Archive-2021-2025/SGO-2021-01_Incident_Reports_ADS.csv,Yes
30270-10221,1,46521fc040435f1,MAR-2025,No Deployment Reported,No,No,https://static.nhtsa.gov/odi/ffdd/sgo-2021-01/Archive-2021-2025/SGO-2021-01_Incident_Reports_ADS.csv,Yes
30270-10274,1,ede37373b4ba5e5,FEB-2025,No Deployment Reported,No,No,https://static.nhtsa.gov/odi/ffdd/sgo-2021-01/Archive-2021-2025/SGO-2021-01_Incident_Reports_ADS.csv,Yes
30270-10276,1,babc286c22f1f7d,FEB-2025,No Deployment Reported,No,No,https://static.nhtsa.gov/odi/ffdd/sgo-2021-01/Archive-2021-2025/SGO-2021-01_Incident_Reports_ADS.csv,Yes
30270-10288,1,d6961ff52ac2e77,MAR-2025,No Deployment Reported,No,Not Applicable,https://static.nhtsa.gov/odi/ffdd/sgo-2021-01/Archive-2021-2025/SGO-2021-01_Incident_Reports_ADS.csv,Yes
30270-10289,1,c38a1c64c446c4d,MAR-2025,No Deployment Reported,No,No,https://static.nhtsa.gov/odi/ffdd/sgo-2021-01/Archive-2021-2025/SGO-2021-01_Incident_Reports_ADS.csv,Yes
30270-10292,1,5cd19a835b8ee72,MAR-2025,No Deployment Reported,No,No,https://static.nhtsa.gov/odi/ffdd/sgo-2021-01/Archive-2021-2025/SGO-2021-01_Incident_Reports_ADS.csv,Yes
30270-10317,1,8d93aa03f99ce3a,MAR-2025,No Deployment Reported,No,No,https://static.nhtsa.gov/odi/ffdd/sgo-2021-01/Archive-2021-2025/SGO-2021-01_Incident_Reports_ADS.csv,Yes
30270-10318,1,1303e3593d13604,MAR-2025,No Deployment Reported,No,No,https://static.nhtsa.gov/odi/ffdd/sgo-2021-01/Archive-2021-2025/SGO-2021-01_Incident_Reports_ADS.csv,Yes
30270-10319,1,75e7a29d5560dfe,MAR-2025,No Deployment Reported,No,No,https://static.nhtsa.gov/odi/ffdd/sgo-2021-01/Archive-2021-2025/SGO-2021-01_Incident_Reports_ADS.csv,Yes
30270-10320,1,77ba86fa433a2c4,MAR-2025,No Deployment Reported,No,No,https://static.nhtsa.gov/odi/ffdd/sgo-2021-01/Archive-2021-2025/SGO-2021-01_Incident_Reports_ADS.csv,Yes
30270-10321,1,77ba86fa433a2c4,MAR-2025,No Deployment Reported,No,No,https://static.nhtsa.gov/odi/ffdd/sgo-2021-01/Archive-2021-2025/SGO-2021-01_Incident_Reports_ADS.csv,Yes
30270-10322,1,bdc3fa454ba067e,MAR-2025,No Deployment Reported,No,No,https://static.nhtsa.gov/odi/ffdd/sgo-2021-01/Archive-2021-2025/SGO-2021-01_Incident_Reports_ADS.csv,Yes
30270-10323,1,6f8e41395fab5e8,MAR-2025,Unknown,No,,https://static.nhtsa.gov/odi/ffdd/sgo-2021-01/Archive-2021-2025/SGO-2021-01_Incident_Reports_ADS.csv,Yes
30270-10324,1,063193d08c16979,MAR-2025,No Deployment Reported,No,No,https://static.nhtsa.gov/odi/ffdd/sgo-2021-01/Archive-2021-2025/SGO-2021-01_Incident_Reports_ADS.csv,Yes
30270-10326,1,f4c74c5f46b77e2,MAR-2025,No Deployment Reported,No,No,https://static.nhtsa.gov/odi/ffdd/sgo-2021-01/Archive-2021-2025/SGO-2021-01_Incident_Reports_ADS.csv,Yes
30270-10327,1,7387be18790a2af,MAR-2025,No Deployment Reported,No,No,https://static.nhtsa.gov/odi/ffdd/sgo-2021-01/Archive-2021-2025/SGO-2021-01_Incident_Reports_ADS.csv,Yes
30270-10328,1,3c2713a1f402941,MAR-2025,No Deployment Reported,No,No,https://static.nhtsa.gov/odi/ffdd/sgo-2021-01/Archive-2021-2025/SGO-2021-01_Incident_Reports_ADS.csv,Yes
30270-10329,1,3c044b3ecff8e82,MAR-2025,No Deployment Reported,No,No,https://static.nhtsa.gov/odi/ffdd/sgo-2021-01/Archive-2021-2025/SGO-2021-01_Incident_Reports_ADS.csv,Yes
30270-10330,1,458edfd849fa8d3,MAR-2025,No Deployment Reported,No,No,https://static.nhtsa.gov/odi/ffdd/sgo-2021-01/Archive-2021-2025/SGO-2021-01_Incident_Reports_ADS.csv,Yes
30270-10332,1,1da574bf86e86e6,MAR-2025,No Deployment Reported,No,No,https://static.nhtsa.gov/odi/ffdd/sgo-2021-01/Archive-2021-2025/SGO-2021-01_Incident_Reports_ADS.csv,Yes
30270-10334,1,b839f9b509c626f,MAR-2025,No Deployment Reported,No,No,https://static.nhtsa.gov/odi/ffdd/sgo-2021-01/Archive-2021-2025/SGO-2021-01_Incident_Reports_ADS.csv,Yes
30270-10335,1,2b4ae7e6e7a0b7e,MAR-2025,No Deployment Reported,No,No,https://static.nhtsa.gov/odi/ffdd/sgo-2021-01/Archive-2021-2025/SGO-2021-01_Incident_Reports_ADS.csv,Yes
30270-10336,1,41e60e15cc0ccfa,MAR-2025,No Deployment Reported,No,No,https://static.nhtsa.gov/odi/ffdd/sgo-2021-01/Archive-2021-2025/SGO-2021-01_Incident_Reports_ADS.csv,Yes
30270-10337,2,52d204b4a4df1c5,MAR-2025,No Deployment Reported,No,No,https://static.nhtsa.gov/odi/ffdd/sgo-2021-01/Archive-2021-2025/SGO-2021-01_Incident_Reports_ADS.csv,Yes
30270-10338,1,b9a25629aeaea8a,MAR-2025,No Deployment Reported,No,No,https://static.nhtsa.gov/odi/ffdd/sgo-2021-01/Archive-2021-2025/SGO-2021-01_Incident_Reports_ADS.csv,Yes
30270-10340,1,efd2f737fa169f8,MAR-2025,No Deployment Reported,No,No,https://static.nhtsa.gov/odi/ffdd/sgo-2021-01/Archive-2021-2025/SGO-2021-01_Incident_Reports_ADS.csv,Yes
30270-10343,1,e4b3555b35a51cb,MAR-2025,No Deployment Reported,No,No,https://static.nhtsa.gov/odi/ffdd/sgo-2021-01/Archive-2021-2025/SGO-2021-01_Incident_Reports_ADS.csv,Yes
30270-10344,1,513a4876d6f7df2,MAR-2025,No Deployment Reported,No,No,https://static.nhtsa.gov/odi/ffdd/sgo-2021-01/Archive-2021-2025/SGO-2021-01_Incident_Reports_ADS.csv,Yes
30270-10346,2,47a35c91f2ba98c,MAR-2025,No Deployment Reported,No,No,https://static.nhtsa.gov/odi/ffdd/sgo-2021-01/Archive-2021-2025/SGO-2021-01_Incident_Reports_ADS.csv,Yes
30270-10347,1,04571dd36a8589e,MAR-2025,No Deployment Reported,No,No,https://static.nhtsa.gov/odi/ffdd/sgo-2021-01/Archive-2021-2025/SGO-2021-01_Incident_Reports_ADS.csv,Yes
30270-10349,2,3b84b8c3a920423,MAR-2025,No Deployment Reported,No,No,https://static.nhtsa.gov/odi/ffdd/sgo-2021-01/Archive-2021-2025/SGO-2021-01_Incident_Reports_ADS.csv,Yes
30270-10359,1,e9322b299bac2dc,MAR-2025,No Deployment Reported,No,No,https://static.nhtsa.gov/odi/ffdd/sgo-2021-01/Archive-2021-2025/SGO-2021-01_Incident_Reports_ADS.csv,Yes
30270-10360,1,11e9a791b2b6ea6,MAR-2025,No Deployment Reported,No,No,https://static.nhtsa.gov/odi/ffdd/sgo-2021-01/Archive-2021-2025/SGO-2021-01_Incident_Reports_ADS.csv,Yes
30270-10361,1,752528bbe983cc5,MAR-2025,No Deployment Reported,No,Not Applicable,https://static.nhtsa.gov/odi/ffdd/sgo-2021-01/Archive-2021-2025/SGO-2021-01_Incident_Reports_ADS.csv,Yes
30270-10362,1,542a8f6e1876cf2,MAR-2025,No Deployment Reported,No,No,https://static.nhtsa.gov/odi/ffdd/sgo-2021-01/Archive-2021-2025/SGO-2021-01_Incident_Reports_ADS.csv,Yes
30270-10363,1,cd66eb3a1b6a758,MAR-2025,No Deployment Reported,No,No,https://static.nhtsa.gov/odi/ffdd/sgo-2021-01/Archive-2021-2025/SGO-2021-01_Incident_Reports_ADS.csv,Yes
30270-10364,2,1938b649ef9a66a,MAR-2025,No Deployment Reported,No,No,https://static.nhtsa.gov/odi/ffdd/sgo-2021-01/Archive-2021-2025/SGO-2021-01_Incident_Reports_ADS.csv,Yes
30270-10367,1,6749366fff5ee51,MAR-2025,No Deployment Reported,No,No,https://static.nhtsa.gov/odi/ffdd/sgo-2021-01/Archive-2021-2025/SGO-2021-01_Incident_Reports_ADS.csv,Yes
30270-10380,1,ddfddee93e67fc1,MAR-2025,No Deployment Reported,No,No,https://static.nhtsa.gov/odi/ffdd/sgo-2021-01/Archive-2021-2025/SGO-2021-01_Incident_Reports_ADS.csv,Yes
30270-10381,1,5be32b07aabfb0a,MAR-2025,No Deployment Reported,No,No,https://static.nhtsa.gov/odi/ffdd/sgo-2021-01/Archive-2021-2025/SGO-2021-01_Incident_Reports_ADS.csv,Yes
30270-10384,1,f1aff313f9385a8,APR-2025,No Deployment Reported,No,No,https://static.nhtsa.gov/odi/ffdd/sgo-2021-01/Archive-2021-2025/SGO-2021-01_Incident_Reports_ADS.csv,Yes
30270-10396,2,c167556cb883b32,APR-2025,No Deployment Reported,No,No,https://static.nhtsa.gov/odi/ffdd/sgo-2021-01/Archive-2021-2025/SGO-2021-01_Incident_Reports_ADS.csv,Yes
30270-10408,1,9960338dcb57750,APR-2025,No Deployment Reported,No,No,https://static.nhtsa.gov/odi/ffdd/sgo-2021-01/Archive-2021-2025/SGO-2021-01_Incident_Reports_ADS.csv,Yes
30270-10418,1,d94e225a5cfd76e,APR-2025,No Deployment Reported,No,No,https://static.nhtsa.gov/odi/ffdd/sgo-2021-01/Archive-2021-2025/SGO-2021-01_Incident_Reports_ADS.csv,Yes
30270-10419,1,301c535041d56a9,APR-2025,No Deployment Reported,No,No,https://static.nhtsa.gov/odi/ffdd/sgo-2021-01/Archive-2021-2025/SGO-2021-01_Incident_Reports_ADS.csv,Yes
30270-10420,1,da8340cc27778be,MAR-2025,No Deployment Reported,No,No,https://static.nhtsa.gov/odi/ffdd/sgo-2021-01/Archive-2021-2025/SGO-2021-01_Incident_Reports_ADS.csv,Yes
30270-10421,1,bc3ae4369651c8d,MAR-2025,No Deployment Reported,No,Not Applicable,https://static.nhtsa.gov/odi/ffdd/sgo-2021-01/Archive-2021-2025/SGO-2021-01_Incident_Reports_ADS.csv,Yes
30270-10422,2,c08d233638f4698,APR-2025,No Deployment Reported,No,No,https://static.nhtsa.gov/odi/ffdd/sgo-2021-01/Archive-2021-2025/SGO-2021-01_Incident_Reports_ADS.csv,Yes
30270-10425,1,5caf4743543d731,MAR-2025,No Deployment Reported,No,No,https://static.nhtsa.gov/odi/ffdd/sgo-2021-01/Archive-2021-2025/SGO-2021-01_Incident_Reports_ADS.csv,Yes
30270-10426,1,d8172af2d0c0f96,MAR-2025,No Deployment Reported,No,No,https://static.nhtsa.gov/odi/ffdd/sgo-2021-01/Archive-2021-2025/SGO-2021-01_Incident_Reports_ADS.csv,Yes
30270-10427,1,3196dae38a5f098,MAR-2025,No Deployment Reported,No,No,https://static.nhtsa.gov/odi/ffdd/sgo-2021-01/Archive-2021-2025/SGO-2021-01_Incident_Reports_ADS.csv,Yes
30270-10428,1,068ce526db856cc,MAR-2025,No Deployment Reported,No,No,https://static.nhtsa.gov/odi/ffdd/sgo-2021-01/Archive-2021-2025/SGO-2021-01_Incident_Reports_ADS.csv,Yes
30270-10435,1,8cadeeb4404ec67,MAR-2025,No Deployment Reported,No,No,https://static.nhtsa.gov/odi/ffdd/sgo-2021-01/Archive-2021-2025/SGO-2021-01_Incident_Reports_ADS.csv,Yes
30270-10436,1,9590144d946c2fa,FEB-2025,No Deployment Reported,No,No,https://static.nhtsa.gov/odi/ffdd/sgo-2021-01/Archive-2021-2025/SGO-2021-01_Incident_Reports_ADS.csv,Yes
30270-10438,1,a2fc403c2ef36ee,MAR-2025,No Deployment Reported,No,No,https://static.nhtsa.gov/odi/ffdd/sgo-2021-01/Archive-2021-2025/SGO-2021-01_Incident_Reports_ADS.csv,Yes
30270-10439,1,870bb81b8b87f76,MAR-2025,No Deployment Reported,No,No,https://static.nhtsa.gov/odi/ffdd/sgo-2021-01/Archive-2021-2025/SGO-2021-01_Incident_Reports_ADS.csv,Yes
30270-10442,1,e890366425f92f4,MAR-2025,No Deployment Reported,No,No,https://static.nhtsa.gov/odi/ffdd/sgo-2021-01/Archive-2021-2025/SGO-2021-01_Incident_Reports_ADS.csv,Yes
30270-10443,1,012fba9b1f4c28c,MAR-2025,No Deployment Reported,No,No,https://static.nhtsa.gov/odi/ffdd/sgo-2021-01/Archive-2021-2025/SGO-2021-01_Incident_Reports_ADS.csv,Yes
30270-10444,1,e8db4ff944a1cc3,MAR-2025,No Deployment Reported,No,No,https://static.nhtsa.gov/odi/ffdd/sgo-2021-01/Archive-2021-2025/SGO-2021-01_Incident_Reports_ADS.csv,Yes
30270-10446,1,d40963f83336275,MAR-2025,No Deployment Reported,No,No,https://static.nhtsa.gov/odi/ffdd/sgo-2021-01/Archive-2021-2025/SGO-2021-01_Incident_Reports_ADS.csv,Yes
30270-10447,1,a1a9f216f0b940f,MAR-2025,No Deployment Reported,No,No,https://static.nhtsa.gov/odi/ffdd/sgo-2021-01/Archive-2021-2025/SGO-2021-01_Incident_Reports_ADS.csv,Yes
30270-10448,1,d8217fb75609518,MAR-2025,No Deployment Reported,No,No,https://static.nhtsa.gov/odi/ffdd/sgo-2021-01/Archive-2021-2025/SGO-2021-01_Incident_Reports_ADS.csv,Yes
30270-10449,1,915965fdc13a740,MAR-2025,No Deployment Reported,No,No,https://static.nhtsa.gov/odi/ffdd/sgo-2021-01/Archive-2021-2025/SGO-2021-01_Incident_Reports_ADS.csv,Yes
30270-10450,1,700b400d685d07b,MAR-2025,No Deployment Reported,No,No,https://static.nhtsa.gov/odi/ffdd/sgo-2021-01/Archive-2021-2025/SGO-2021-01_Incident_Reports_ADS.csv,Yes
30270-10451,1,b014b9fd6ea6308,MAR-2025,No Deployment Reported,No,No,https://static.nhtsa.gov/odi/ffdd/sgo-2021-01/Archive-2021-2025/SGO-2021-01_Incident_Reports_ADS.csv,Yes
30270-10452,1,e65533d2253e434,MAR-2025,No Deployment Reported,No,No,https://static.nhtsa.gov/odi/ffdd/sgo-2021-01/Archive-2021-2025/SGO-2021-01_Incident_Reports_ADS.csv,Yes
30270-10453,1,2f360dacf644b0d,MAR-2025,No Deployment Reported,No,No,https://static.nhtsa.gov/odi/ffdd/sgo-2021-01/Archive-2021-2025/SGO-2021-01_Incident_Reports_ADS.csv,Yes
30270-10454,1,bb7242ab0c21676,MAR-2025,No Deployment Reported,No,No,https://static.nhtsa.gov/odi/ffdd/sgo-2021-01/Archive-2021-2025/SGO-2021-01_Incident_Reports_ADS.csv,Yes
30270-10455,1,7ed1cf3a8400c87,MAR-2025,No Deployment Reported,No,No,https://static.nhtsa.gov/odi/ffdd/sgo-2021-01/Archive-2021-2025/SGO-2021-01_Incident_Reports_ADS.csv,Yes
30270-10470,1,aa6cc345c62be58,APR-2025,No Deployment Reported,No,No,https://static.nhtsa.gov/odi/ffdd/sgo-2021-01/Archive-2021-2025/SGO-2021-01_Incident_Reports_ADS.csv,Yes
30270-10471,1,414f456d7c90e56,APR-2025,No Deployment Reported,No,Not Applicable,https://static.nhtsa.gov/odi/ffdd/sgo-2021-01/Archive-2021-2025/SGO-2021-01_Incident_Reports_ADS.csv,Yes
30270-10472,1,37d2c7db4e66423,APR-2025,Deployed,No,Yes,https://static.nhtsa.gov/odi/ffdd/sgo-2021-01/Archive-2021-2025/SGO-2021-01_Incident_Reports_ADS.csv,Yes
30270-10487,1,f285742e6381c0f,MAR-2025,No Deployment Reported,No,No,https://static.nhtsa.gov/odi/ffdd/sgo-2021-01/Archive-2021-2025/SGO-2021-01_Incident_Reports_ADS.csv,Yes
30270-10488,1,a67d18fe1fddf3d,MAR-2025,No Deployment Reported,No,No,https://static.nhtsa.gov/odi/ffdd/sgo-2021-01/Archive-2021-2025/SGO-2021-01_Incident_Reports_ADS.csv,Yes
30270-10497,1,36299db7911dfd0,APR-2025,Unknown,No,,https://static.nhtsa.gov/odi/ffdd/sgo-2021-01/Archive-2021-2025/SGO-2021-01_Incident_Reports_ADS.csv,Yes
30270-10527,1,40db72302f3550d,APR-2025,No Deployment Reported,No,No,https://static.nhtsa.gov/odi/ffdd/sgo-2021-01/Archive-2021-2025/SGO-2021-01_Incident_Reports_ADS.csv,Yes
30270-10528,1,bd1ce4d304e6e1c,APR-2025,No Deployment Reported,No,No,https://static.nhtsa.gov/odi/ffdd/sgo-2021-01/Archive-2021-2025/SGO-2021-01_Incident_Reports_ADS.csv,Yes
30270-10555,1,d91d586ead95b16,APR-2025,No Deployment Reported,No,No,https://static.nhtsa.gov/odi/ffdd/sgo-2021-01/Archive-2021-2025/SGO-2021-01_Incident_Reports_ADS.csv,Yes
30270-10556,1,3e20827af0b4001,APR-2025,No Deployment Reported,No,No,https://static.nhtsa.gov/odi/ffdd/sgo-2021-01/Archive-2021-2025/SGO-2021-01_Incident_Reports_ADS.csv,Yes
30270-10557,1,338a4cb5b1c8f1c,APR-2025,No Deployment Reported,No,No,https://static.nhtsa.gov/odi/ffdd/sgo-2021-01/Archive-2021-2025/SGO-2021-01_Incident_Reports_ADS.csv,Yes
30270-10558,1,5fbc5372ff3cbb0,APR-2025,No Deployment Reported,No,Not Applicable,https://static.nhtsa.gov/odi/ffdd/sgo-2021-01/Archive-2021-2025/SGO-2021-01_Incident_Reports_ADS.csv,Yes
30270-10559,1,4078857f3f1549d,APR-2025,No Deployment Reported,No,No,https://static.nhtsa.gov/odi/ffdd/sgo-2021-01/Archive-2021-2025/SGO-2021-01_Incident_Reports_ADS.csv,Yes
30270-10560,1,96656e088802e2e,APR-2025,No Deployment Reported,No,No,https://static.nhtsa.gov/odi/ffdd/sgo-2021-01/Archive-2021-2025/SGO-2021-01_Incident_Reports_ADS.csv,Yes
30270-10561,1,19b3e103282a660,APR-2025,Unknown,No,,https://static.nhtsa.gov/odi/ffdd/sgo-2021-01/Archive-2021-2025/SGO-2021-01_Incident_Reports_ADS.csv,Yes
30270-10563,1,622ea0e82c437fd,MAR-2025,No Deployment Reported,No,Not Applicable,https://static.nhtsa.gov/odi/ffdd/sgo-2021-01/Archive-2021-2025/SGO-2021-01_Incident_Reports_ADS.csv,Yes
30270-10570,1,c11ef1833b15d5e,APR-2025,No Deployment Reported,No,No,https://static.nhtsa.gov/odi/ffdd/sgo-2021-01/Archive-2021-2025/SGO-2021-01_Incident_Reports_ADS.csv,Yes
30270-10571,2,df951538661dc8e,APR-2025,No Deployment Reported,No,No,https://static.nhtsa.gov/odi/ffdd/sgo-2021-01/Archive-2021-2025/SGO-2021-01_Incident_Reports_ADS.csv,Yes
30270-10573,1,7d57ae266c261bc,APR-2025,No Deployment Reported,No,No,https://static.nhtsa.gov/odi/ffdd/sgo-2021-01/Archive-2021-2025/SGO-2021-01_Incident_Reports_ADS.csv,Yes
30270-10576,1,285179add9a2301,APR-2025,No Deployment Reported,No,No,https://static.nhtsa.gov/odi/ffdd/sgo-2021-01/Archive-2021-2025/SGO-2021-01_Incident_Reports_ADS.csv,Yes
30270-10589,2,37801826060a9bf,APR-2025,No Deployment Reported,No,No,https://static.nhtsa.gov/odi/ffdd/sgo-2021-01/Archive-2021-2025/SGO-2021-01_Incident_Reports_ADS.csv,Yes
30270-10592,1,9341d4360bf129b,APR-2025,No Deployment Reported,No,No,https://static.nhtsa.gov/odi/ffdd/sgo-2021-01/Archive-2021-2025/SGO-2021-01_Incident_Reports_ADS.csv,Yes
30270-10594,1,587f0e68b273edd,APR-2025,No Deployment Reported,No,No,https://static.nhtsa.gov/odi/ffdd/sgo-2021-01/Archive-2021-2025/SGO-2021-01_Incident_Reports_ADS.csv,Yes
30270-10595,1,7d1d8c6fbe521ce,APR-2025,No Deployment Reported,No,No,https://static.nhtsa.gov/odi/ffdd/sgo-2021-01/Archive-2021-2025/SGO-2021-01_Incident_Reports_ADS.csv,Yes
30270-10596,2,8e7e78cafabfc2e,APR-2025,No Deployment Reported,No,No,https://static.nhtsa.gov/odi/ffdd/sgo-2021-01/Archive-2021-2025/SGO-2021-01_Incident_Reports_ADS.csv,Yes
30270-10598,1,9f11231e2068dc2,APR-2025,No Deployment Reported,No,No,https://static.nhtsa.gov/odi/ffdd/sgo-2021-01/Archive-2021-2025/SGO-2021-01_Incident_Reports_ADS.csv,Yes
30270-10599,1,af131997df17829,APR-2025,No Deployment Reported,No,No,https://static.nhtsa.gov/odi/ffdd/sgo-2021-01/Archive-2021-2025/SGO-2021-01_Incident_Reports_ADS.csv,Yes
30270-10600,1,1f374cfdfc4a97e,APR-2025,No Deployment Reported,No,No,https://static.nhtsa.gov/odi/ffdd/sgo-2021-01/Archive-2021-2025/SGO-2021-01_Incident_Reports_ADS.csv,Yes
30270-10601,1,b9dd6d9b3dc26fd,APR-2025,No Deployment Reported,No,No,https://static.nhtsa.gov/odi/ffdd/sgo-2021-01/Archive-2021-2025/SGO-2021-01_Incident_Reports_ADS.csv,Yes
30270-10602,1,3e5d99121245470,APR-2025,No Deployment Reported,No,Not Applicable,https://static.nhtsa.gov/odi/ffdd/sgo-2021-01/Archive-2021-2025/SGO-2021-01_Incident_Reports_ADS.csv,Yes
30270-10610,1,bed27662740a5e4,APR-2025,No Deployment Reported,No,No,https://static.nhtsa.gov/odi/ffdd/sgo-2021-01/Archive-2021-2025/SGO-2021-01_Incident_Reports_ADS.csv,Yes
30270-10613,1,de693def5440138,APR-2025,No Deployment Reported,No,No,https://static.nhtsa.gov/odi/ffdd/sgo-2021-01/Archive-2021-2025/SGO-2021-01_Incident_Reports_ADS.csv,Yes
30270-10615,1,3250f12d8808f2a,APR-2025,No Deployment Reported,No,No,https://static.nhtsa.gov/odi/ffdd/sgo-2021-01/Archive-2021-2025/SGO-2021-01_Incident_Reports_ADS.csv,Yes
30270-10618,1,d49861da8e9590f,APR-2025,No Deployment Reported,No,No,https://static.nhtsa.gov/odi/ffdd/sgo-2021-01/Archive-2021-2025/SGO-2021-01_Incident_Reports_ADS.csv,Yes
30270-10630,1,8932666da33677f,APR-2025,No Deployment Reported,No,No,https://static.nhtsa.gov/odi/ffdd/sgo-2021-01/Archive-2021-2025/SGO-2021-01_Incident_Reports_ADS.csv,Yes
30270-10631,1,3444f2a4b6c46e8,APR-2025,No Deployment Reported,No,Not Applicable,https://static.nhtsa.gov/odi/ffdd/sgo-2021-01/Archive-2021-2025/SGO-2021-01_Incident_Reports_ADS.csv,Yes
30270-10638,2,1e50d4eb4d0bbd7,APR-2025,No Deployment Reported,No,No,https://static.nhtsa.gov/odi/ffdd/sgo-2021-01/Archive-2021-2025/SGO-2021-01_Incident_Reports_ADS.csv,Yes
30270-10639,1,fa8eb0357a82255,APR-2025,No Deployment Reported,No,No,https://static.nhtsa.gov/odi/ffdd/sgo-2021-01/Archive-2021-2025/SGO-2021-01_Incident_Reports_ADS.csv,Yes
30270-10640,1,6d1ed008786c526,APR-2025,No Deployment Reported,No,No,https://static.nhtsa.gov/odi/ffdd/sgo-2021-01/Archive-2021-2025/SGO-2021-01_Incident_Reports_ADS.csv,Yes
30270-10642,2,8a1786924262b79,MAY-2025,No Deployment Reported,No,No,https://static.nhtsa.gov/odi/ffdd/sgo-2021-01/Archive-2021-2025/SGO-2021-01_Incident_Reports_ADS.csv,Yes
30270-10648,1,00c66c34c4474a1,APR-2025,No Deployment Reported,No,No,https://static.nhtsa.gov/odi/ffdd/sgo-2021-01/Archive-2021-2025/SGO-2021-01_Incident_Reports_ADS.csv,Yes
30270-10649,1,2ea8a855b7379fa,APR-2025,No Deployment Reported,No,No,https://static.nhtsa.gov/odi/ffdd/sgo-2021-01/Archive-2021-2025/SGO-2021-01_Incident_Reports_ADS.csv,Yes
30270-10660,1,594c914927316a8,MAY-2025,No Deployment Reported,No,Not Applicable,https://static.nhtsa.gov/odi/ffdd/sgo-2021-01/Archive-2021-2025/SGO-2021-01_Incident_Reports_ADS.csv,Yes
30270-10663,1,dcdc0f9cfeb8580,MAY-2025,No Deployment Reported,No,No,https://static.nhtsa.gov/odi/ffdd/sgo-2021-01/Archive-2021-2025/SGO-2021-01_Incident_Reports_ADS.csv,Yes
30270-10664,1,4468efe647fd81a,MAY-2025,No Deployment Reported,No,No,https://static.nhtsa.gov/odi/ffdd/sgo-2021-01/Archive-2021-2025/SGO-2021-01_Incident_Reports_ADS.csv,Yes
30270-10666,1,e3f948feabc1ec0,APR-2025,No Deployment Reported,No,No,https://static.nhtsa.gov/odi/ffdd/sgo-2021-01/Archive-2021-2025/SGO-2021-01_Incident_Reports_ADS.csv,Yes
30270-10667,1,ea64f82e23169bd,APR-2025,No Deployment Reported,No,No,https://static.nhtsa.gov/odi/ffdd/sgo-2021-01/Archive-2021-2025/SGO-2021-01_Incident_Reports_ADS.csv,Yes
30270-10668,1,f83f7c37e14f52b,APR-2025,No Deployment Reported,No,No,https://static.nhtsa.gov/odi/ffdd/sgo-2021-01/Archive-2021-2025/SGO-2021-01_Incident_Reports_ADS.csv,Yes
30270-10669,1,f976fa0a6769f43,APR-2025,No Deployment Reported,No,No,https://static.nhtsa.gov/odi/ffdd/sgo-2021-01/Archive-2021-2025/SGO-2021-01_Incident_Reports_ADS.csv,Yes
30270-10670,1,dd9bdf3842a1996,APR-2025,No Deployment Reported,No,No,https://static.nhtsa.gov/odi/ffdd/sgo-2021-01/Archive-2021-2025/SGO-2021-01_Incident_Reports_ADS.csv,Yes
30270-10671,1,3f3bf8d93dbfe14,APR-2025,No Deployment Reported,No,No,https://static.nhtsa.gov/odi/ffdd/sgo-2021-01/Archive-2021-2025/SGO-2021-01_Incident_Reports_ADS.csv,Yes
30270-10672,1,894062e6b5b6b77,APR-2025,No Deployment Reported,No,No,https://static.nhtsa.gov/odi/ffdd/sgo-2021-01/Archive-2021-2025/SGO-2021-01_Incident_Reports_ADS.csv,Yes
30270-10673,1,ec072be87c1b410,MAY-2025,No Deployment Reported,No,No,https://static.nhtsa.gov/odi/ffdd/sgo-2021-01/Archive-2021-2025/SGO-2021-01_Incident_Reports_ADS.csv,Yes
30270-10674,1,7a7b2577ac47f2f,MAY-2025,No Deployment Reported,No,Not Applicable,https://static.nhtsa.gov/odi/ffdd/sgo-2021-01/Archive-2021-2025/SGO-2021-01_Incident_Reports_ADS.csv,Yes
30270-10675,1,79df0042efd5698,MAY-2025,No Deployment Reported,No,No,https://static.nhtsa.gov/odi/ffdd/sgo-2021-01/Archive-2021-2025/SGO-2021-01_Incident_Reports_ADS.csv,Yes
30270-10678,1,2b08326e556afc7,APR-2025,No Deployment Reported,No,No,https://static.nhtsa.gov/odi/ffdd/sgo-2021-01/Archive-2021-2025/SGO-2021-01_Incident_Reports_ADS.csv,Yes
30270-10679,1,e5968e6ffdbb083,APR-2025,No Deployment Reported,No,No,https://static.nhtsa.gov/odi/ffdd/sgo-2021-01/Archive-2021-2025/SGO-2021-01_Incident_Reports_ADS.csv,Yes
30270-10680,1,2793db955371f40,APR-2025,No Deployment Reported,No,No,https://static.nhtsa.gov/odi/ffdd/sgo-2021-01/Archive-2021-2025/SGO-2021-01_Incident_Reports_ADS.csv,Yes
30270-10683,1,e9d6934d6023298,APR-2025,No Deployment Reported,No,No,https://static.nhtsa.gov/odi/ffdd/sgo-2021-01/Archive-2021-2025/SGO-2021-01_Incident_Reports_ADS.csv,Yes
30270-10684,1,66d1c511765f08f,APR-2025,No Deployment Reported,No,No,https://static.nhtsa.gov/odi/ffdd/sgo-2021-01/Archive-2021-2025/SGO-2021-01_Incident_Reports_ADS.csv,Yes
30270-10685,1,056a942c8c8d3c9,APR-2025,No Deployment Reported,No,No,https://static.nhtsa.gov/odi/ffdd/sgo-2021-01/Archive-2021-2025/SGO-2021-01_Incident_Reports_ADS.csv,Yes
30270-10689,1,c1c73648661eb2b,APR-2025,No Deployment Reported,No,No,https://static.nhtsa.gov/odi/ffdd/sgo-2021-01/Archive-2021-2025/SGO-2021-01_Incident_Reports_ADS.csv,Yes
30270-10690,1,44aa78f82f08885,APR-2025,No Deployment Reported,No,No,https://static.nhtsa.gov/odi/ffdd/sgo-2021-01/Archive-2021-2025/SGO-2021-01_Incident_Reports_ADS.csv,Yes
30270-10695,1,7bf2bd79eaff634,MAY-2025,Deployed,No,Yes,https://static.nhtsa.gov/odi/ffdd/sgo-2021-01/Archive-2021-2025/SGO-2021-01_Incident_Reports_ADS.csv,Yes
30270-10713,1,da37ed084b7182d,APR-2025,No Deployment Reported,No,No,https://static.nhtsa.gov/odi/ffdd/sgo-2021-01/Archive-2021-2025/SGO-2021-01_Incident_Reports_ADS.csv,Yes
30270-10714,1,5bfa8081ac63312,APR-2025,No Deployment Reported,No,No,https://static.nhtsa.gov/odi/ffdd/sgo-2021-01/Archive-2021-2025/SGO-2021-01_Incident_Reports_ADS.csv,Yes
30270-10715,1,c0ab826dd6f7a39,APR-2025,No Deployment Reported,No,No,https://static.nhtsa.gov/odi/ffdd/sgo-2021-01/Archive-2021-2025/SGO-2021-01_Incident_Reports_ADS.csv,Yes
30270-10717,1,3d1197234733445,APR-2025,No Deployment Reported,No,No,https://static.nhtsa.gov/odi/ffdd/sgo-2021-01/Archive-2021-2025/SGO-2021-01_Incident_Reports_ADS.csv,Yes
30270-10718,1,7a97ede1f489ead,APR-2025,No Deployment Reported,No,No,https://static.nhtsa.gov/odi/ffdd/sgo-2021-01/Archive-2021-2025/SGO-2021-01_Incident_Reports_ADS.csv,Yes
30270-10725,1,86838265677b16b,APR-2025,No Deployment Reported,No,No,https://static.nhtsa.gov/odi/ffdd/sgo-2021-01/Archive-2021-2025/SGO-2021-01_Incident_Reports_ADS.csv,Yes
30270-10726,1,e2d92dee1c5155b,APR-2025,No Deployment Reported,No,No,https://static.nhtsa.gov/odi/ffdd/sgo-2021-01/Archive-2021-2025/SGO-2021-01_Incident_Reports_ADS.csv,Yes
30270-10727,1,d60f0a7874550b0,FEB-2025,No Deployment Reported,No,Not Applicable,https://static.nhtsa.gov/odi/ffdd/sgo-2021-01/Archive-2021-2025/SGO-2021-01_Incident_Reports_ADS.csv,Yes
30270-10728,1,8d21cd6f8c174d6,APR-2025,No Deployment Reported,No,No,https://static.nhtsa.gov/odi/ffdd/sgo-2021-01/Archive-2021-2025/SGO-2021-01_Incident_Reports_ADS.csv,Yes
30270-10742,1,8f4b14673f656c2,APR-2025,No Deployment Reported,No,No,https://static.nhtsa.gov/odi/ffdd/sgo-2021-01/Archive-2021-2025/SGO-2021-01_Incident_Reports_ADS.csv,Yes
30270-10743,1,db8a31384ad0ae7,APR-2025,No Deployment Reported,No,No,https://static.nhtsa.gov/odi/ffdd/sgo-2021-01/Archive-2021-2025/SGO-2021-01_Incident_Reports_ADS.csv,Yes
30270-10746,1,912fe10da529c31,MAY-2025,No Deployment Reported,No,No,https://static.nhtsa.gov/odi/ffdd/sgo-2021-01/Archive-2021-2025/SGO-2021-01_Incident_Reports_ADS.csv,Yes
30270-10747,1,fd63b45b89e60d1,APR-2025,No Deployment Reported,No,No,https://static.nhtsa.gov/odi/ffdd/sgo-2021-01/Archive-2021-2025/SGO-2021-01_Incident_Reports_ADS.csv,Yes
30270-10748,1,7308e86f6c4f636,APR-2025,No Deployment Reported,No,No,https://static.nhtsa.gov/odi/ffdd/sgo-2021-01/Archive-2021-2025/SGO-2021-01_Incident_Reports_ADS.csv,Yes
30270-10749,1,8ce026066e22e1f,APR-2025,No Deployment Reported,No,No,https://static.nhtsa.gov/odi/ffdd/sgo-2021-01/Archive-2021-2025/SGO-2021-01_Incident_Reports_ADS.csv,Yes
30270-10750,1,3cb4ac44e082069,APR-2025,No Deployment Reported,No,No,https://static.nhtsa.gov/odi/ffdd/sgo-2021-01/Archive-2021-2025/SGO-2021-01_Incident_Reports_ADS.csv,Yes
30270-10751,1,f110e2392e5e442,MAY-2025,No Deployment Reported,No,No,https://static.nhtsa.gov/odi/ffdd/sgo-2021-01/Archive-2021-2025/SGO-2021-01_Incident_Reports_ADS.csv,Yes
30270-10752,1,aef5f220ddcfff1,APR-2025,No Deployment Reported,No,No,https://static.nhtsa.gov/odi/ffdd/sgo-2021-01/Archive-2021-2025/SGO-2021-01_Incident_Reports_ADS.csv,Yes
30270-10753,1,9f24abe73cfc948,APR-2025,No Deployment Reported,No,No,https://static.nhtsa.gov/odi/ffdd/sgo-2021-01/Archive-2021-2025/SGO-2021-01_Incident_Reports_ADS.csv,Yes
30270-10754,1,09e260ff04fde7e,APR-2025,No Deployment Reported,No,No,https://static.nhtsa.gov/odi/ffdd/sgo-2021-01/Archive-2021-2025/SGO-2021-01_Incident_Reports_ADS.csv,Yes
30270-10755,1,0df7386b2e121f4,APR-2025,No Deployment Reported,No,No,https://static.nhtsa.gov/odi/ffdd/sgo-2021-01/Archive-2021-2025/SGO-2021-01_Incident_Reports_ADS.csv,Yes
30270-10756,1,9463f912a3b86f9,APR-2025,No Deployment Reported,No,No,https://static.nhtsa.gov/odi/ffdd/sgo-2021-01/Archive-2021-2025/SGO-2021-01_Incident_Reports_ADS.csv,Yes
30270-10757,1,85694e67f3f1083,APR-2025,No Deployment Reported,No,No,https://static.nhtsa.gov/odi/ffdd/sgo-2021-01/Archive-2021-2025/SGO-2021-01_Incident_Reports_ADS.csv,Yes
30270-10758,1,6ee77227e1964a8,APR-2025,No Deployment Reported,No,No,https://static.nhtsa.gov/odi/ffdd/sgo-2021-01/Archive-2021-2025/SGO-2021-01_Incident_Reports_ADS.csv,Yes
30270-10759,1,c81082eafda6733,APR-2025,No Deployment Reported,No,No,https://static.nhtsa.gov/odi/ffdd/sgo-2021-01/Archive-2021-2025/SGO-2021-01_Incident_Reports_ADS.csv,Yes
30270-10760,1,4b2292b18043e9e,APR-2025,No Deployment Reported,No,No,https://static.nhtsa.gov/odi/ffdd/sgo-2021-01/Archive-2021-2025/SGO-2021-01_Incident_Reports_ADS.csv,Yes
30270-10761,1,8b9ce97c9287d1e,APR-2025,No Deployment Reported,No,No,https://static.nhtsa.gov/odi/ffdd/sgo-2021-01/Archive-2021-2025/SGO-2021-01_Incident_Reports_ADS.csv,Yes
30270-10768,2,3bed82ec870ce9c,MAY-2025,Unknown,No,,https://static.nhtsa.gov/odi/ffdd/sgo-2021-01/Archive-2021-2025/SGO-2021-01_Incident_Reports_ADS.csv,Yes
30270-10775,1,a4221254ea9e123,MAY-2025,No Deployment Reported,No,No,https://static.nhtsa.gov/odi/ffdd/sgo-2021-01/Archive-2021-2025/SGO-2021-01_Incident_Reports_ADS.csv,Yes
30270-10776,1,dd7979d22b5c160,MAY-2025,No Deployment Reported,No,No,https://static.nhtsa.gov/odi/ffdd/sgo-2021-01/Archive-2021-2025/SGO-2021-01_Incident_Reports_ADS.csv,Yes
30270-10790,1,541af028674029f,APR-2025,No Deployment Reported,No,No,https://static.nhtsa.gov/odi/ffdd/sgo-2021-01/Archive-2021-2025/SGO-2021-01_Incident_Reports_ADS.csv,Yes
30270-10792,1,2af6f9baf72782b,APR-2025,No Deployment Reported,No,No,https://static.nhtsa.gov/odi/ffdd/sgo-2021-01/Archive-2021-2025/SGO-2021-01_Incident_Reports_ADS.csv,Yes
30270-10793,1,4c39a0ef2652ee3,APR-2025,No Deployment Reported,No,No,https://static.nhtsa.gov/odi/ffdd/sgo-2021-01/Archive-2021-2025/SGO-2021-01_Incident_Reports_ADS.csv,Yes
30270-10800,1,11907705768898a,APR-2025,No Deployment Reported,No,No,https://static.nhtsa.gov/odi/ffdd/sgo-2021-01/Archive-2021-2025/SGO-2021-01_Incident_Reports_ADS.csv,Yes
30270-10833,1,f2792c77e77c962,MAY-2025,No Deployment Reported,No,No,https://static.nhtsa.gov/odi/ffdd/sgo-2021-01/Archive-2021-2025/SGO-2021-01_Incident_Reports_ADS.csv,Yes
30270-10836,2,21e573eb1486b06,MAY-2025,Unknown,No,,https://static.nhtsa.gov/odi/ffdd/sgo-2021-01/Archive-2021-2025/SGO-2021-01_Incident_Reports_ADS.csv,Yes
30270-10837,1,72018a3ed847e4a,MAY-2025,No Deployment Reported,No,No,https://static.nhtsa.gov/odi/ffdd/sgo-2021-01/Archive-2021-2025/SGO-2021-01_Incident_Reports_ADS.csv,Yes
30270-10838,1,d79d6f7be18d89f,MAY-2025,No Deployment Reported,No,No,https://static.nhtsa.gov/odi/ffdd/sgo-2021-01/Archive-2021-2025/SGO-2021-01_Incident_Reports_ADS.csv,Yes
30270-10852,1,ded401a445ecb83,MAY-2025,No Deployment Reported,No,No,https://static.nhtsa.gov/odi/ffdd/sgo-2021-01/Archive-2021-2025/SGO-2021-01_Incident_Reports_ADS.csv,Yes
30270-10854,1,54d130a878bc341,MAY-2025,No Deployment Reported,No,No,https://static.nhtsa.gov/odi/ffdd/sgo-2021-01/Archive-2021-2025/SGO-2021-01_Incident_Reports_ADS.csv,Yes
30270-10857,1,6883b070cc5e15d,MAY-2025,Deployed,No,Yes,https://static.nhtsa.gov/odi/ffdd/sgo-2021-01/Archive-2021-2025/SGO-2021-01_Incident_Reports_ADS.csv,Yes
30270-10858,1,4e15b4d932979b5,MAY-2025,No Deployment Reported,No,No,https://static.nhtsa.gov/odi/ffdd/sgo-2021-01/Archive-2021-2025/SGO-2021-01_Incident_Reports_ADS.csv,Yes
30270-10859,1,9ecb58bd6ee3519,MAY-2025,No Deployment Reported,No,No,https://static.nhtsa.gov/odi/ffdd/sgo-2021-01/Archive-2021-2025/SGO-2021-01_Incident_Reports_ADS.csv,Yes
30270-10860,1,1582044c0ac6e04,MAY-2025,No Deployment Reported,No,No,https://static.nhtsa.gov/odi/ffdd/sgo-2021-01/Archive-2021-2025/SGO-2021-01_Incident_Reports_ADS.csv,Yes
30270-10861,1,f9aa6814a8a22df,MAY-2025,No Deployment Reported,No,No,https://static.nhtsa.gov/odi/ffdd/sgo-2021-01/Archive-2021-2025/SGO-2021-01_Incident_Reports_ADS.csv,Yes
30270-10863,1,f28c3fe08136617,MAY-2025,No Deployment Reported,No,Not Applicable,https://static.nhtsa.gov/odi/ffdd/sgo-2021-01/Archive-2021-2025/SGO-2021-01_Incident_Reports_ADS.csv,Yes
30270-10865,1,3f78497ddd69a49,MAY-2025,No Deployment Reported,No,Not Applicable,https://static.nhtsa.gov/odi/ffdd/sgo-2021-01/Archive-2021-2025/SGO-2021-01_Incident_Reports_ADS.csv,Yes
30270-10866,1,a55b19c4d8134d2,MAY-2025,No Deployment Reported,No,No,https://static.nhtsa.gov/odi/ffdd/sgo-2021-01/Archive-2021-2025/SGO-2021-01_Incident_Reports_ADS.csv,Yes
30270-10868,2,59f13545e1948d1,MAY-2025,No Deployment Reported,No,No,https://static.nhtsa.gov/odi/ffdd/sgo-2021-01/Archive-2021-2025/SGO-2021-01_Incident_Reports_ADS.csv,Yes
30270-10869,1,aa2bae513094cf7,MAY-2025,No Deployment Reported,No,No,https://static.nhtsa.gov/odi/ffdd/sgo-2021-01/Archive-2021-2025/SGO-2021-01_Incident_Reports_ADS.csv,Yes
30270-10884,1,7b1ca0c7691ad7d,MAY-2025,No Deployment Reported,No,No,https://static.nhtsa.gov/odi/ffdd/sgo-2021-01/Archive-2021-2025/SGO-2021-01_Incident_Reports_ADS.csv,Yes
30270-10885,1,0a39c04c0350356,MAY-2025,No Deployment Reported,No,No,https://static.nhtsa.gov/odi/ffdd/sgo-2021-01/Archive-2021-2025/SGO-2021-01_Incident_Reports_ADS.csv,Yes
30270-10886,1,5890c0fce2d43c9,MAY-2025,No Deployment Reported,No,No,https://static.nhtsa.gov/odi/ffdd/sgo-2021-01/Archive-2021-2025/SGO-2021-01_Incident_Reports_ADS.csv,Yes
30270-10887,1,c13b47e892af43d,MAY-2025,No Deployment Reported,No,No,https://static.nhtsa.gov/odi/ffdd/sgo-2021-01/Archive-2021-2025/SGO-2021-01_Incident_Reports_ADS.csv,Yes
30270-10888,1,7f937c99a600db3,MAY-2025,No Deployment Reported,No,No,https://static.nhtsa.gov/odi/ffdd/sgo-2021-01/Archive-2021-2025/SGO-2021-01_Incident_Reports_ADS.csv,Yes
30270-10889,1,e8ea7e3d7fa6522,MAY-2025,No Deployment Reported,No,No,https://static.nhtsa.gov/odi/ffdd/sgo-2021-01/Archive-2021-2025/SGO-2021-01_Incident_Reports_ADS.csv,Yes
30270-10890,1,375e3fe90e57fff,MAY-2025,No Deployment Reported,No,No,https://static.nhtsa.gov/odi/ffdd/sgo-2021-01/Archive-2021-2025/SGO-2021-01_Incident_Reports_ADS.csv,Yes
30270-10891,1,6ad7e9caaead385,MAY-2025,Unknown,No,,https://static.nhtsa.gov/odi/ffdd/sgo-2021-01/Archive-2021-2025/SGO-2021-01_Incident_Reports_ADS.csv,Yes
30270-10892,2,a2ed9f0f8198649,MAY-2025,No Deployment Reported,No,No,https://static.nhtsa.gov/odi/ffdd/sgo-2021-01/Archive-2021-2025/SGO-2021-01_Incident_Reports_ADS.csv,Yes
30270-10893,1,cff0eb3cf70a23a,MAY-2025,No Deployment Reported,No,No,https://static.nhtsa.gov/odi/ffdd/sgo-2021-01/Archive-2021-2025/SGO-2021-01_Incident_Reports_ADS.csv,Yes
30270-10894,1,435d9c04a6a3a39,MAY-2025,No Deployment Reported,No,No,https://static.nhtsa.gov/odi/ffdd/sgo-2021-01/Archive-2021-2025/SGO-2021-01_Incident_Reports_ADS.csv,Yes
30270-10897,1,26fc6d4a23d798b,MAY-2025,No Deployment Reported,No,No,https://static.nhtsa.gov/odi/ffdd/sgo-2021-01/Archive-2021-2025/SGO-2021-01_Incident_Reports_ADS.csv,Yes
30270-10898,1,d62b1a61bfcc776,MAY-2025,No Deployment Reported,No,No,https://static.nhtsa.gov/odi/ffdd/sgo-2021-01/Archive-2021-2025/SGO-2021-01_Incident_Reports_ADS.csv,Yes
30270-10899,1,4bc8fd3b1c7fa4c,MAY-2025,No Deployment Reported,No,No,https://static.nhtsa.gov/odi/ffdd/sgo-2021-01/Archive-2021-2025/SGO-2021-01_Incident_Reports_ADS.csv,Yes
30270-10900,1,29c8ff1d5aa6c30,MAY-2025,Deployed,No,Yes,https://static.nhtsa.gov/odi/ffdd/sgo-2021-01/Archive-2021-2025/SGO-2021-01_Incident_Reports_ADS.csv,Yes
30270-10909,1,aa8cc04d9bd00c9,MAY-2025,No Deployment Reported,No,Not Applicable,https://static.nhtsa.gov/odi/ffdd/sgo-2021-01/Archive-2021-2025/SGO-2021-01_Incident_Reports_ADS.csv,Yes
30270-10912,1,9a3d65b9c5f0f26,MAY-2025,No Deployment Reported,No,No,https://static.nhtsa.gov/odi/ffdd/sgo-2021-01/Archive-2021-2025/SGO-2021-01_Incident_Reports_ADS.csv,Yes
30270-10915,1,d4f95ba33497578,MAY-2025,No Deployment Reported,No,No,https://static.nhtsa.gov/odi/ffdd/sgo-2021-01/Archive-2021-2025/SGO-2021-01_Incident_Reports_ADS.csv,Yes
30270-10916,1,46ade24152b145f,MAY-2025,No Deployment Reported,No,No,https://static.nhtsa.gov/odi/ffdd/sgo-2021-01/Archive-2021-2025/SGO-2021-01_Incident_Reports_ADS.csv,Yes
30270-10917,1,ae53ba9420d628d,MAY-2025,No Deployment Reported,No,No,https://static.nhtsa.gov/odi/ffdd/sgo-2021-01/Archive-2021-2025/SGO-2021-01_Incident_Reports_ADS.csv,Yes
30270-10918,1,e5297d66f8ee1f3,MAY-2025,No Deployment Reported,No,No,https://static.nhtsa.gov/odi/ffdd/sgo-2021-01/Archive-2021-2025/SGO-2021-01_Incident_Reports_ADS.csv,Yes
30270-10919,1,9ed92f4565a42d7,MAY-2025,No Deployment Reported,No,No,https://static.nhtsa.gov/odi/ffdd/sgo-2021-01/Archive-2021-2025/SGO-2021-01_Incident_Reports_ADS.csv,Yes
30270-10920,1,c526dfdcc262071,MAY-2025,No Deployment Reported,No,No,https://static.nhtsa.gov/odi/ffdd/sgo-2021-01/Archive-2021-2025/SGO-2021-01_Incident_Reports_ADS.csv,Yes
30270-10921,1,91dc44a6aa3f5e2,MAY-2025,No Deployment Reported,No,No,https://static.nhtsa.gov/odi/ffdd/sgo-2021-01/Archive-2021-2025/SGO-2021-01_Incident_Reports_ADS.csv,Yes
30270-10923,1,2fd75d44c245ee1,MAY-2025,No Deployment Reported,No,No,https://static.nhtsa.gov/odi/ffdd/sgo-2021-01/Archive-2021-2025/SGO-2021-01_Incident_Reports_ADS.csv,Yes
30270-10924,1,9323cdd86d936cc,MAY-2025,No Deployment Reported,No,No,https://static.nhtsa.gov/odi/ffdd/sgo-2021-01/Archive-2021-2025/SGO-2021-01_Incident_Reports_ADS.csv,Yes
30270-10925,1,837457b0986d726,MAY-2025,No Deployment Reported,No,No,https://static.nhtsa.gov/odi/ffdd/sgo-2021-01/Archive-2021-2025/SGO-2021-01_Incident_Reports_ADS.csv,Yes
30270-10926,1,b7f23b1bc1fe8e7,MAY-2025,No Deployment Reported,No,No,https://static.nhtsa.gov/odi/ffdd/sgo-2021-01/Archive-2021-2025/SGO-2021-01_Incident_Reports_ADS.csv,Yes
30270-10927,1,7826d98d4bd1275,MAY-2025,No Deployment Reported,No,No,https://static.nhtsa.gov/odi/ffdd/sgo-2021-01/Archive-2021-2025/SGO-2021-01_Incident_Reports_ADS.csv,Yes
30270-10928,1,1b04ac3821b9568,MAY-2025,No Deployment Reported,No,No,https://static.nhtsa.gov/odi/ffdd/sgo-2021-01/Archive-2021-2025/SGO-2021-01_Incident_Reports_ADS.csv,Yes
30270-10946,1,137fb699430913c,MAY-2025,No Deployment Reported,No,No,https://static.nhtsa.gov/odi/ffdd/sgo-2021-01/Archive-2021-2025/SGO-2021-01_Incident_Reports_ADS.csv,Yes
30270-10951,1,6cc5f0671f888bd,MAY-2025,No Deployment Reported,No,No,https://static.nhtsa.gov/odi/ffdd/sgo-2021-01/Archive-2021-2025/SGO-2021-01_Incident_Reports_ADS.csv,Yes
30270-10952,1,d8bf17e48204af3,MAY-2025,No Deployment Reported,No,No,https://static.nhtsa.gov/odi/ffdd/sgo-2021-01/Archive-2021-2025/SGO-2021-01_Incident_Reports_ADS.csv,Yes
30270-10953,1,972f0d5649cad92,MAY-2025,No Deployment Reported,No,No,https://static.nhtsa.gov/odi/ffdd/sgo-2021-01/Archive-2021-2025/SGO-2021-01_Incident_Reports_ADS.csv,Yes
30270-10954,1,3a38766eb45c01c,MAY-2025,No Deployment Reported,No,No,https://static.nhtsa.gov/odi/ffdd/sgo-2021-01/Archive-2021-2025/SGO-2021-01_Incident_Reports_ADS.csv,Yes
30270-10955,1,4bcbd23c87c921a,MAY-2025,No Deployment Reported,No,No,https://static.nhtsa.gov/odi/ffdd/sgo-2021-01/Archive-2021-2025/SGO-2021-01_Incident_Reports_ADS.csv,Yes
30270-10956,1,5a1bd34a2ad2bc5,MAY-2025,No Deployment Reported,No,No,https://static.nhtsa.gov/odi/ffdd/sgo-2021-01/Archive-2021-2025/SGO-2021-01_Incident_Reports_ADS.csv,Yes
30270-10957,1,ed65f29970c4f80,MAY-2025,Unknown,No,,https://static.nhtsa.gov/odi/ffdd/sgo-2021-01/Archive-2021-2025/SGO-2021-01_Incident_Reports_ADS.csv,Yes
30270-10958,1,0004c97b78f8dcb,MAY-2025,No Deployment Reported,No,No,https://static.nhtsa.gov/odi/ffdd/sgo-2021-01/Archive-2021-2025/SGO-2021-01_Incident_Reports_ADS.csv,Yes
30270-10959,1,f9ce00c7d13ada9,MAY-2025,No Deployment Reported,No,No,https://static.nhtsa.gov/odi/ffdd/sgo-2021-01/Archive-2021-2025/SGO-2021-01_Incident_Reports_ADS.csv,Yes
30270-10960,1,bc86c2d88543f19,MAY-2025,No Deployment Reported,No,No,https://static.nhtsa.gov/odi/ffdd/sgo-2021-01/Archive-2021-2025/SGO-2021-01_Incident_Reports_ADS.csv,Yes
30270-10961,1,850eff4a4c154b4,MAY-2025,No Deployment Reported,No,No,https://static.nhtsa.gov/odi/ffdd/sgo-2021-01/Archive-2021-2025/SGO-2021-01_Incident_Reports_ADS.csv,Yes
30270-10962,1,f6717c777b1d250,MAY-2025,No Deployment Reported,No,No,https://static.nhtsa.gov/odi/ffdd/sgo-2021-01/Archive-2021-2025/SGO-2021-01_Incident_Reports_ADS.csv,Yes
30270-10963,1,8b80fcf366fb159,MAY-2025,No Deployment Reported,No,No,https://static.nhtsa.gov/odi/ffdd/sgo-2021-01/Archive-2021-2025/SGO-2021-01_Incident_Reports_ADS.csv,Yes
30270-10964,1,f051ff34dee722a,MAY-2025,No Deployment Reported,No,No,https://static.nhtsa.gov/odi/ffdd/sgo-2021-01/Archive-2021-2025/SGO-2021-01_Incident_Reports_ADS.csv,Yes
30270-10965,1,94af66ac74791b3,MAY-2025,No Deployment Reported,No,No,https://static.nhtsa.gov/odi/ffdd/sgo-2021-01/Archive-2021-2025/SGO-2021-01_Incident_Reports_ADS.csv,Yes
30270-10966,1,ce790f1a393e1af,MAY-2025,No Deployment Reported,No,No,https://static.nhtsa.gov/odi/ffdd/sgo-2021-01/Archive-2021-2025/SGO-2021-01_Incident_Reports_ADS.csv,Yes
30270-10967,1,dfcbfef586a2761,MAY-2025,No Deployment Reported,No,No,https://static.nhtsa.gov/odi/ffdd/sgo-2021-01/Archive-2021-2025/SGO-2021-01_Incident_Reports_ADS.csv,Yes
30270-10968,1,125ee94589347cf,MAY-2025,No Deployment Reported,No,No,https://static.nhtsa.gov/odi/ffdd/sgo-2021-01/Archive-2021-2025/SGO-2021-01_Incident_Reports_ADS.csv,Yes
30270-10969,1,bd5d57b4a81664d,MAY-2025,No Deployment Reported,No,No,https://static.nhtsa.gov/odi/ffdd/sgo-2021-01/Archive-2021-2025/SGO-2021-01_Incident_Reports_ADS.csv,Yes
30270-10970,1,d582818dfc3c40d,MAY-2025,No Deployment Reported,No,No,https://static.nhtsa.gov/odi/ffdd/sgo-2021-01/Archive-2021-2025/SGO-2021-01_Incident_Reports_ADS.csv,Yes
30270-10971,1,c0116c0a104d5d3,MAY-2025,No Deployment Reported,No,No,https://static.nhtsa.gov/odi/ffdd/sgo-2021-01/Archive-2021-2025/SGO-2021-01_Incident_Reports_ADS.csv,Yes
30270-10972,1,3865c8210728aa2,MAY-2025,No Deployment Reported,No,No,https://static.nhtsa.gov/odi/ffdd/sgo-2021-01/Archive-2021-2025/SGO-2021-01_Incident_Reports_ADS.csv,Yes
30270-10973,1,c567f6216700e57,MAY-2025,No Deployment Reported,No,Not Applicable,https://static.nhtsa.gov/odi/ffdd/sgo-2021-01/Archive-2021-2025/SGO-2021-01_Incident_Reports_ADS.csv,Yes
30270-10974,1,cc65e1264726157,MAY-2025,No Deployment Reported,No,No,https://static.nhtsa.gov/odi/ffdd/sgo-2021-01/Archive-2021-2025/SGO-2021-01_Incident_Reports_ADS.csv,Yes
30270-10975,1,350b7ff1d9a3d40,MAY-2025,No Deployment Reported,No,No,https://static.nhtsa.gov/odi/ffdd/sgo-2021-01/Archive-2021-2025/SGO-2021-01_Incident_Reports_ADS.csv,Yes
30270-10976,1,264fa83376a7ecd,MAY-2025,No Deployment Reported,No,No,https://static.nhtsa.gov/odi/ffdd/sgo-2021-01/Archive-2021-2025/SGO-2021-01_Incident_Reports_ADS.csv,Yes
30270-10977,2,9230a22bfd4a593,JUN-2025,Unknown,No,,https://static.nhtsa.gov/odi/ffdd/sgo-2021-01/Archive-2021-2025/SGO-2021-01_Incident_Reports_ADS.csv,Yes
30270-10980,1,ddb20e9658b9e8c,MAY-2025,No Deployment Reported,No,No,https://static.nhtsa.gov/odi/ffdd/sgo-2021-01/Archive-2021-2025/SGO-2021-01_Incident_Reports_ADS.csv,Yes
30270-10991,1,2467ac3f476695d,MAY-2025,No Deployment Reported,No,No,https://static.nhtsa.gov/odi/ffdd/sgo-2021-01/Archive-2021-2025/SGO-2021-01_Incident_Reports_ADS.csv,Yes
30270-10998,1,d92b1cca4d554fc,JUN-2025,No Deployment Reported,No,No,https://static.nhtsa.gov/odi/ffdd/sgo-2021-01/Archive-2021-2025/SGO-2021-01_Incident_Reports_ADS.csv,Yes
30270-11001,1,d856285c0e6e371,MAY-2025,No Deployment Reported,No,Not Applicable,https://static.nhtsa.gov/odi/ffdd/sgo-2021-01/Archive-2021-2025/SGO-2021-01_Incident_Reports_ADS.csv,Yes
30270-11002,1,a206de7f11fc179,MAY-2025,No Deployment Reported,No,No,https://static.nhtsa.gov/odi/ffdd/sgo-2021-01/Archive-2021-2025/SGO-2021-01_Incident_Reports_ADS.csv,Yes
30270-11003,1,336103e51c1853b,MAY-2025,No Deployment Reported,No,Not Applicable,https://static.nhtsa.gov/odi/ffdd/sgo-2021-01/Archive-2021-2025/SGO-2021-01_Incident_Reports_ADS.csv,Yes
30270-11005,1,aa443743268825d,MAY-2025,No Deployment Reported,No,No,https://static.nhtsa.gov/odi/ffdd/sgo-2021-01/Archive-2021-2025/SGO-2021-01_Incident_Reports_ADS.csv,Yes
30270-11007,1,cc79f550f5c99e2,MAY-2025,Unknown,No,,https://static.nhtsa.gov/odi/ffdd/sgo-2021-01/Archive-2021-2025/SGO-2021-01_Incident_Reports_ADS.csv,Yes
30270-11010,1,33d0ef234f7fc85,MAY-2025,No Deployment Reported,No,Not Applicable,https://static.nhtsa.gov/odi/ffdd/sgo-2021-01/Archive-2021-2025/SGO-2021-01_Incident_Reports_ADS.csv,Yes
30270-11013,1,0b0b5b73819d9eb,JUN-2025,Deployed,No,Yes,https://static.nhtsa.gov/odi/ffdd/sgo-2021-01/Archive-2021-2025/SGO-2021-01_Incident_Reports_ADS.csv,Yes
30270-11014,2,7c41add3714a781,JUN-2025,Unknown,No,,https://static.nhtsa.gov/odi/ffdd/sgo-2021-01/Archive-2021-2025/SGO-2021-01_Incident_Reports_ADS.csv,Yes
30270-11015,1,a8e572e7851e54b,JUN-2025,No Deployment Reported,No,No,https://static.nhtsa.gov/odi/ffdd/sgo-2021-01/Archive-2021-2025/SGO-2021-01_Incident_Reports_ADS.csv,Yes
30270-11016,2,35e1d72cfe04d8a,JUN-2025,Unknown,No,,https://static.nhtsa.gov/odi/ffdd/sgo-2021-01/Archive-2021-2025/SGO-2021-01_Incident_Reports_ADS.csv,Yes
30270-11019,1,25685a1a4167c35,MAY-2025,No Deployment Reported,No,No,https://static.nhtsa.gov/odi/ffdd/sgo-2021-01/Archive-2021-2025/SGO-2021-01_Incident_Reports_ADS.csv,Yes
30270-11035,1,02f03480ef1d448,MAY-2025,No Deployment Reported,No,No,https://static.nhtsa.gov/odi/ffdd/sgo-2021-01/Archive-2021-2025/SGO-2021-01_Incident_Reports_ADS.csv,Yes
30270-11044,1,713a6738192af30,JUN-2025,Unknown,No,,https://static.nhtsa.gov/odi/ffdd/sgo-2021-01/Archive-2021-2025/SGO-2021-01_Incident_Reports_ADS.csv,Yes
30270-11046,1,3ef33e040b7b3dc,JUN-2025,No Deployment Reported,No,No,https://static.nhtsa.gov/odi/ffdd/sgo-2021-01/Archive-2021-2025/SGO-2021-01_Incident_Reports_ADS.csv,Yes
30270-11058,1,a4a1c8a58c35ae2,MAY-2025,No Deployment Reported,No,Not Applicable,https://static.nhtsa.gov/odi/ffdd/sgo-2021-01/Archive-2021-2025/SGO-2021-01_Incident_Reports_ADS.csv,Yes
30270-11062,1,f5ae0620dc7354f,MAY-2025,No Deployment Reported,No,Not Applicable,https://static.nhtsa.gov/odi/ffdd/sgo-2021-01/Archive-2021-2025/SGO-2021-01_Incident_Reports_ADS.csv,Yes
30270-11063,1,20d16ce5b6513ce,MAY-2025,No Deployment Reported,No,No,https://static.nhtsa.gov/odi/ffdd/sgo-2021-01/Archive-2021-2025/SGO-2021-01_Incident_Reports_ADS.csv,Yes
30270-11066,1,d6f40a1ebd09055,MAY-2025,No Deployment Reported,No,No,https://static.nhtsa.gov/odi/ffdd/sgo-2021-01/Archive-2021-2025/SGO-2021-01_Incident_Reports_ADS.csv,Yes
30270-11067,1,0c9a90bc73ade6f,MAY-2025,No Deployment Reported,No,No,https://static.nhtsa.gov/odi/ffdd/sgo-2021-01/Archive-2021-2025/SGO-2021-01_Incident_Reports_ADS.csv,Yes
30270-11085,1,2b573385de2630e,JUN-2025,No Deployment Reported,No,No,https://static.nhtsa.gov/odi/ffdd/sgo-2021-01/Archive-2021-2025/SGO-2021-01_Incident_Reports_ADS.csv,Yes
30270-11087,1,24241fa3b4af301,JUN-2025,No Deployment Reported,No,No,https://static.nhtsa.gov/odi/ffdd/sgo-2021-01/Archive-2021-2025/SGO-2021-01_Incident_Reports_ADS.csv,Yes
30270-11088,1,7c50c5417863464,JUN-2025,Unknown,No,,https://static.nhtsa.gov/odi/ffdd/sgo-2021-01/Archive-2021-2025/SGO-2021-01_Incident_Reports_ADS.csv,Yes
30270-11146,1,45b0caba122b97f,JUN-2025,No Deployment Reported,,,https://static.nhtsa.gov/odi/ffdd/sgo-2021-01/SGO-2021-01_Incident_Reports_ADS.csv,Yes
30270-11160,1,3e4bdc3fd6cfce4,JUN-2025,No Deployment Reported,,,https://static.nhtsa.gov/odi/ffdd/sgo-2021-01/SGO-2021-01_Incident_Reports_ADS.csv,Yes
30270-11161,1,aa0c42b0656126e,JUN-2025,No Deployment Reported,,,https://static.nhtsa.gov/odi/ffdd/sgo-2021-01/SGO-2021-01_Incident_Reports_ADS.csv,Yes
30270-11162,1,1ebe907985a68ed,JUN-2025,No Deployment Reported,,,https://static.nhtsa.gov/odi/ffdd/sgo-2021-01/SGO-2021-01_Incident_Reports_ADS.csv,Yes
30270-11163,1,4092827daacbd54,JUN-2025,No Deployment Reported,,,https://static.nhtsa.gov/odi/ffdd/sgo-2021-01/SGO-2021-01_Incident_Reports_ADS.csv,Yes
30270-11167,1,42878cba1145d4c,JUN-2025,No Deployment Reported,,,https://static.nhtsa.gov/odi/ffdd/sgo-2021-01/SGO-2021-01_Incident_Reports_ADS.csv,Yes
30270-11170,1,e00539d9dd3e204,JUN-2025,No Deployment Reported,,,https://static.nhtsa.gov/odi/ffdd/sgo-2021-01/SGO-2021-01_Incident_Reports_ADS.csv,Yes
30270-11171,1,8ba574a9859120e,JUN-2025,No Deployment Reported,,,https://static.nhtsa.gov/odi/ffdd/sgo-2021-01/SGO-2021-01_Incident_Reports_ADS.csv,Yes
30270-11172,1,8f74f933df02374,JUN-2025,No Deployment Reported,,,https://static.nhtsa.gov/odi/ffdd/sgo-2021-01/SGO-2021-01_Incident_Reports_ADS.csv,Yes
30270-11173,1,65b5f28a5b980bc,JUN-2025,No Deployment Reported,,,https://static.nhtsa.gov/odi/ffdd/sgo-2021-01/SGO-2021-01_Incident_Reports_ADS.csv,Yes
30270-11174,1,14d3b0e6909827c,JUN-2025,No Deployment Reported,,,https://static.nhtsa.gov/odi/ffdd/sgo-2021-01/SGO-2021-01_Incident_Reports_ADS.csv,Yes
30270-11175,1,fe63eedaba9ae4b,JUN-2025,No Deployment Reported,,,https://static.nhtsa.gov/odi/ffdd/sgo-2021-01/SGO-2021-01_Incident_Reports_ADS.csv,Yes
30270-11177,1,fbb0b4e7ac9e1d9,JUN-2025,No Deployment Reported,,,https://static.nhtsa.gov/odi/ffdd/sgo-2021-01/SGO-2021-01_Incident_Reports_ADS.csv,Yes
30270-11189,1,910fc9a34852241,JUN-2025,No Deployment Reported,,,https://static.nhtsa.gov/odi/ffdd/sgo-2021-01/SGO-2021-01_Incident_Reports_ADS.csv,Yes
30270-11190,1,798ecf194f8aecb,JUN-2025,Deployed,,,https://static.nhtsa.gov/odi/ffdd/sgo-2021-01/SGO-2021-01_Incident_Reports_ADS.csv,Yes
30270-11192,1,92df21aac24163e,JUN-2025,No Deployment Reported,,,https://static.nhtsa.gov/odi/ffdd/sgo-2021-01/SGO-2021-01_Incident_Reports_ADS.csv,Yes
30270-11193,1,75cce9e520f8dfa,JUN-2025,No Deployment Reported,,,https://static.nhtsa.gov/odi/ffdd/sgo-2021-01/SGO-2021-01_Incident_Reports_ADS.csv,Yes
30270-11194,1,828969da7ea904a,JUN-2025,No Deployment Reported,,,https://static.nhtsa.gov/odi/ffdd/sgo-2021-01/SGO-2021-01_Incident_Reports_ADS.csv,Yes
30270-11195,1,8d5cc926e03a30b,JUN-2025,No Deployment Reported,,,https://static.nhtsa.gov/odi/ffdd/sgo-2021-01/SGO-2021-01_Incident_Reports_ADS.csv,Yes
30270-11196,1,d470944e83ae37e,JUN-2025,No Deployment Reported,,,https://static.nhtsa.gov/odi/ffdd/sgo-2021-01/SGO-2021-01_Incident_Reports_ADS.csv,Yes
30270-11204,1,48a69df2a6c3a88,JUN-2025,No Deployment Reported,,,https://static.nhtsa.gov/odi/ffdd/sgo-2021-01/SGO-2021-01_Incident_Reports_ADS.csv,Yes
30270-11205,1,dadd18ab4cc4fcb,JUN-2025,No Deployment Reported,,,https://static.nhtsa.gov/odi/ffdd/sgo-2021-01/SGO-2021-01_Incident_Reports_ADS.csv,Yes
30270-11206,1,5e09559e538f126,JUN-2025,No Deployment Reported,,,https://static.nhtsa.gov/odi/ffdd/sgo-2021-01/SGO-2021-01_Incident_Reports_ADS.csv,Yes
30270-11207,1,56830e4872a9456,JUN-2025,No Deployment Reported,,,https://static.nhtsa.gov/odi/ffdd/sgo-2021-01/SGO-2021-01_Incident_Reports_ADS.csv,Yes
30270-11208,1,4b9386726e6715e,JUN-2025,No Deployment Reported,,,https://static.nhtsa.gov/odi/ffdd/sgo-2021-01/SGO-2021-01_Incident_Reports_ADS.csv,Yes
30270-11209,1,c1816d4e297b197,JUN-2025,No Deployment Reported,,,https://static.nhtsa.gov/odi/ffdd/sgo-2021-01/SGO-2021-01_Incident_Reports_ADS.csv,Yes
30270-11210,1,7bbd2078dd35271,JUN-2025,No Deployment Reported,,,https://static.nhtsa.gov/odi/ffdd/sgo-2021-01/SGO-2021-01_Incident_Reports_ADS.csv,Yes
30270-11212,1,52f4d4273b22dfc,JUN-2025,No Deployment Reported,,,https://static.nhtsa.gov/odi/ffdd/sgo-2021-01/SGO-2021-01_Incident_Reports_ADS.csv,Yes
30270-11213,1,d6a987c7a05b960,JUN-2025,No Deployment Reported,,,https://static.nhtsa.gov/odi/ffdd/sgo-2021-01/SGO-2021-01_Incident_Reports_ADS.csv,Yes
30270-11214,1,100be7e36c21998,JUN-2025,No Deployment Reported,,,https://static.nhtsa.gov/odi/ffdd/sgo-2021-01/SGO-2021-01_Incident_Reports_ADS.csv,Yes
30270-11215,1,d63b77ecc314557,JUN-2025,No Deployment Reported,,,https://static.nhtsa.gov/odi/ffdd/sgo-2021-01/SGO-2021-01_Incident_Reports_ADS.csv,Yes
30270-11216,1,a2efe3284b1523e,JUN-2025,No Deployment Reported,,,https://static.nhtsa.gov/odi/ffdd/sgo-2021-01/SGO-2021-01_Incident_Reports_ADS.csv,Yes
30270-11217,1,243a5cc53e4d04a,JUN-2025,No Deployment Reported,,,https://static.nhtsa.gov/odi/ffdd/sgo-2021-01/SGO-2021-01_Incident_Reports_ADS.csv,Yes
30270-11218,1,d255c89929a41d5,JUN-2025,No Deployment Reported,,,https://static.nhtsa.gov/odi/ffdd/sgo-2021-01/SGO-2021-01_Incident_Reports_ADS.csv,Yes
30270-11219,1,9d7ddaa65663896,JUN-2025,No Deployment Reported,,,https://static.nhtsa.gov/odi/ffdd/sgo-2021-01/SGO-2021-01_Incident_Reports_ADS.csv,Yes
30270-11220,1,ea11ad2f69fa240,JUN-2025,Unknown,,,https://static.nhtsa.gov/odi/ffdd/sgo-2021-01/SGO-2021-01_Incident_Reports_ADS.csv,Yes
30270-11221,1,1436cd07e601213,JUN-2025,No Deployment Reported,,,https://static.nhtsa.gov/odi/ffdd/sgo-2021-01/SGO-2021-01_Incident_Reports_ADS.csv,Yes
30270-11224,1,4e9b36dcecf6185,JUN-2025,No Deployment Reported,,,https://static.nhtsa.gov/odi/ffdd/sgo-2021-01/SGO-2021-01_Incident_Reports_ADS.csv,Yes
30270-11225,1,e6591dfdcc2f4ce,JUN-2025,No Deployment Reported,,,https://static.nhtsa.gov/odi/ffdd/sgo-2021-01/SGO-2021-01_Incident_Reports_ADS.csv,Yes
30270-11238,1,fb4ea910520b2d9,JUN-2025,No Deployment Reported,,,https://static.nhtsa.gov/odi/ffdd/sgo-2021-01/SGO-2021-01_Incident_Reports_ADS.csv,Yes
30270-11239,1,62c8177e09ec066,JUN-2025,Unknown,,,https://static.nhtsa.gov/odi/ffdd/sgo-2021-01/SGO-2021-01_Incident_Reports_ADS.csv,Yes
30270-11244,1,c5dde17f2aed8f4,JUN-2025,Deployed,,,https://static.nhtsa.gov/odi/ffdd/sgo-2021-01/SGO-2021-01_Incident_Reports_ADS.csv,Yes
30270-11245,1,8756a4e64fc7a92,JUN-2025,No Deployment Reported,,,https://static.nhtsa.gov/odi/ffdd/sgo-2021-01/SGO-2021-01_Incident_Reports_ADS.csv,Yes
30270-11246,1,85c4a2c33c09848,JUN-2025,No Deployment Reported,,,https://static.nhtsa.gov/odi/ffdd/sgo-2021-01/SGO-2021-01_Incident_Reports_ADS.csv,Yes
30270-11247,1,b0269ca273ce3a0,JUN-2025,No Deployment Reported,,,https://static.nhtsa.gov/odi/ffdd/sgo-2021-01/SGO-2021-01_Incident_Reports_ADS.csv,Yes
30270-11249,1,4304f70c342cd2e,JUN-2025,No Deployment Reported,,,https://static.nhtsa.gov/odi/ffdd/sgo-2021-01/SGO-2021-01_Incident_Reports_ADS.csv,Yes
30270-11250,1,4104ed1258e00d3,JUN-2025,No Deployment Reported,,,https://static.nhtsa.gov/odi/ffdd/sgo-2021-01/SGO-2021-01_Incident_Reports_ADS.csv,Yes
30270-11273,1,3551e837b0c6d97,JUL-2025,No Deployment Reported,,,https://static.nhtsa.gov/odi/ffdd/sgo-2021-01/SGO-2021-01_Incident_Reports_ADS.csv,Yes
30270-11275,1,37a20226020034f,JUN-2025,No Deployment Reported,,,https://static.nhtsa.gov/odi/ffdd/sgo-2021-01/SGO-2021-01_Incident_Reports_ADS.csv,Yes
30270-11276,1,54ca405cf28eaf0,JUN-2025,No Deployment Reported,,,https://static.nhtsa.gov/odi/ffdd/sgo-2021-01/SGO-2021-01_Incident_Reports_ADS.csv,Yes
30270-11279,1,227230f1de818d3,JUL-2025,No Deployment Reported,,,https://static.nhtsa.gov/odi/ffdd/sgo-2021-01/SGO-2021-01_Incident_Reports_ADS.csv,Yes
30270-11280,1,b073d9500f2a829,JUL-2025,No Deployment Reported,,,https://static.nhtsa.gov/odi/ffdd/sgo-2021-01/SGO-2021-01_Incident_Reports_ADS.csv,Yes
30270-11281,1,9d871ee2ff7dfbb,JUL-2025,No Deployment Reported,,,https://static.nhtsa.gov/odi/ffdd/sgo-2021-01/SGO-2021-01_Incident_Reports_ADS.csv,Yes
30270-11282,1,ee2c2f62011d1fd,JUL-2025,No Deployment Reported,,,https://static.nhtsa.gov/odi/ffdd/sgo-2021-01/SGO-2021-01_Incident_Reports_ADS.csv,Yes
30270-11284,1,2b65fb57cedb2be,JUL-2025,No Deployment Reported,,,https://static.nhtsa.gov/odi/ffdd/sgo-2021-01/SGO-2021-01_Incident_Reports_ADS.csv,Yes
30270-11291,1,563b9b640f3a007,JUN-2025,No Deployment Reported,,,https://static.nhtsa.gov/odi/ffdd/sgo-2021-01/SGO-2021-01_Incident_Reports_ADS.csv,Yes
30270-11295,1,7412ebe4198c6d2,JUN-2025,No Deployment Reported,,,https://static.nhtsa.gov/odi/ffdd/sgo-2021-01/SGO-2021-01_Incident_Reports_ADS.csv,Yes
30270-11297,1,6a37da9018a1580,APR-2025,No Deployment Reported,,,https://static.nhtsa.gov/odi/ffdd/sgo-2021-01/SGO-2021-01_Incident_Reports_ADS.csv,Yes
30270-11298,1,27c3c22629eaab4,JUN-2025,No Deployment Reported,,,https://static.nhtsa.gov/odi/ffdd/sgo-2021-01/SGO-2021-01_Incident_Reports_ADS.csv,Yes
30270-11302,1,fe1703e2c778a2a,JUL-2025,No Deployment Reported,,,https://static.nhtsa.gov/odi/ffdd/sgo-2021-01/SGO-2021-01_Incident_Reports_ADS.csv,Yes
30270-11323,1,20f2a1906a9c5fe,JUL-2025,No Deployment Reported,,,https://static.nhtsa.gov/odi/ffdd/sgo-2021-01/SGO-2021-01_Incident_Reports_ADS.csv,Yes
30270-11327,2,49592ecd1caefcf,JUL-2025,Deployed,,,https://static.nhtsa.gov/odi/ffdd/sgo-2021-01/SGO-2021-01_Incident_Reports_ADS.csv,Yes
30270-11328,1,6ce1e94a8b179ea,JUL-2025,No Deployment Reported,,,https://static.nhtsa.gov/odi/ffdd/sgo-2021-01/SGO-2021-01_Incident_Reports_ADS.csv,Yes
30270-11329,1,0f920297cd173cf,JUL-2025,No Deployment Reported,,,https://static.nhtsa.gov/odi/ffdd/sgo-2021-01/SGO-2021-01_Incident_Reports_ADS.csv,Yes
30270-11330,1,c8bb4c6e5bf4622,JUL-2025,No Deployment Reported,,,https://static.nhtsa.gov/odi/ffdd/sgo-2021-01/SGO-2021-01_Incident_Reports_ADS.csv,Yes
30270-11333,1,2f75c49fec63a68,JUL-2025,No Deployment Reported,,,https://static.nhtsa.gov/odi/ffdd/sgo-2021-01/SGO-2021-01_Incident_Reports_ADS.csv,Yes
30270-11334,1,f7c0fa588971e0d,JUL-2025,No Deployment Reported,,,https://static.nhtsa.gov/odi/ffdd/sgo-2021-01/SGO-2021-01_Incident_Reports_ADS.csv,Yes
30270-11344,1,771247c1ce646c6,JUL-2025,No Deployment Reported,,,https://static.nhtsa.gov/odi/ffdd/sgo-2021-01/SGO-2021-01_Incident_Reports_ADS.csv,Yes
30270-11358,1,f58d325bece78b3,JUL-2025,No Deployment Reported,,,https://static.nhtsa.gov/odi/ffdd/sgo-2021-01/SGO-2021-01_Incident_Reports_ADS.csv,Yes
30270-11360,1,d00b320794bb6ab,JUL-2025,No Deployment Reported,,,https://static.nhtsa.gov/odi/ffdd/sgo-2021-01/SGO-2021-01_Incident_Reports_ADS.csv,Yes
30270-11361,1,3aaa6f68cd36c6a,JUL-2025,No Deployment Reported,,,https://static.nhtsa.gov/odi/ffdd/sgo-2021-01/SGO-2021-01_Incident_Reports_ADS.csv,Yes
30270-11362,1,18072fb0213f2ae,JUL-2025,No Deployment Reported,,,https://static.nhtsa.gov/odi/ffdd/sgo-2021-01/SGO-2021-01_Incident_Reports_ADS.csv,Yes
30270-11365,1,6b59e700b92699f,JUL-2025,No Deployment Reported,,,https://static.nhtsa.gov/odi/ffdd/sgo-2021-01/SGO-2021-01_Incident_Reports_ADS.csv,Yes
30270-11370,1,48d2d114d2ccebf,JUL-2025,Deployed,,,https://static.nhtsa.gov/odi/ffdd/sgo-2021-01/SGO-2021-01_Incident_Reports_ADS.csv,Yes
30270-11371,1,dc7fb5b0ec6313a,JUL-2025,No Deployment Reported,,,https://static.nhtsa.gov/odi/ffdd/sgo-2021-01/SGO-2021-01_Incident_Reports_ADS.csv,Yes
30270-11372,1,c80d863997ae201,JUL-2025,No Deployment Reported,,,https://static.nhtsa.gov/odi/ffdd/sgo-2021-01/SGO-2021-01_Incident_Reports_ADS.csv,Yes
30270-11373,1,84821e0a3d13b1d,JUL-2025,No Deployment Reported,,,https://static.nhtsa.gov/odi/ffdd/sgo-2021-01/SGO-2021-01_Incident_Reports_ADS.csv,Yes
30270-11374,1,5ea054a03072b23,JUL-2025,No Deployment Reported,,,https://static.nhtsa.gov/odi/ffdd/sgo-2021-01/SGO-2021-01_Incident_Reports_ADS.csv,Yes
30270-11378,1,dc282220b0999f2,JUL-2025,No Deployment Reported,,,https://static.nhtsa.gov/odi/ffdd/sgo-2021-01/SGO-2021-01_Incident_Reports_ADS.csv,Yes
30270-11379,1,8c9eb6fcf48d32c,JUL-2025,No Deployment Reported,,,https://static.nhtsa.gov/odi/ffdd/sgo-2021-01/SGO-2021-01_Incident_Reports_ADS.csv,Yes
30270-11381,1,92261685790d7b9,JUL-2025,No Deployment Reported,,,https://static.nhtsa.gov/odi/ffdd/sgo-2021-01/SGO-2021-01_Incident_Reports_ADS.csv,Yes
30270-11383,1,0b18a507fa15dc4,JUL-2025,No Deployment Reported,,,https://static.nhtsa.gov/odi/ffdd/sgo-2021-01/SGO-2021-01_Incident_Reports_ADS.csv,Yes
30270-11384,1,82084d87a4c6155,JUL-2025,No Deployment Reported,,,https://static.nhtsa.gov/odi/ffdd/sgo-2021-01/SGO-2021-01_Incident_Reports_ADS.csv,Yes
30270-11400,1,465231c70c23f76,JUL-2025,No Deployment Reported,,,https://static.nhtsa.gov/odi/ffdd/sgo-2021-01/SGO-2021-01_Incident_Reports_ADS.csv,Yes
30270-11401,1,3104047ca823dd2,JUL-2025,No Deployment Reported,,,https://static.nhtsa.gov/odi/ffdd/sgo-2021-01/SGO-2021-01_Incident_Reports_ADS.csv,Yes
30270-11402,1,e45068dd539185e,JUL-2025,No Deployment Reported,,,https://static.nhtsa.gov/odi/ffdd/sgo-2021-01/SGO-2021-01_Incident_Reports_ADS.csv,Yes
30270-11403,1,90b259cb9879f1a,JUL-2025,Deployed,,,https://static.nhtsa.gov/odi/ffdd/sgo-2021-01/SGO-2021-01_Incident_Reports_ADS.csv,Yes
30270-11404,1,878454aa879cc48,JUL-2025,No Deployment Reported,,,https://static.nhtsa.gov/odi/ffdd/sgo-2021-01/SGO-2021-01_Incident_Reports_ADS.csv,Yes
30270-11412,1,30dc6085adb052c,JUL-2025,No Deployment Reported,,,https://static.nhtsa.gov/odi/ffdd/sgo-2021-01/SGO-2021-01_Incident_Reports_ADS.csv,Yes
30270-11413,1,c56a405e1e55dd9,JUL-2025,No Deployment Reported,,,https://static.nhtsa.gov/odi/ffdd/sgo-2021-01/SGO-2021-01_Incident_Reports_ADS.csv,Yes
30270-11414,1,c6e76cfadfdf63a,JUL-2025,No Deployment Reported,,,https://static.nhtsa.gov/odi/ffdd/sgo-2021-01/SGO-2021-01_Incident_Reports_ADS.csv,Yes
30270-11415,1,3035734d10bd2c9,JUL-2025,No Deployment Reported,,,https://static.nhtsa.gov/odi/ffdd/sgo-2021-01/SGO-2021-01_Incident_Reports_ADS.csv,Yes
30270-11417,1,9616ae79138526d,JUL-2025,No Deployment Reported,,,https://static.nhtsa.gov/odi/ffdd/sgo-2021-01/SGO-2021-01_Incident_Reports_ADS.csv,Yes
30270-11418,1,790af34ef6ca18a,JUL-2025,No Deployment Reported,,,https://static.nhtsa.gov/odi/ffdd/sgo-2021-01/SGO-2021-01_Incident_Reports_ADS.csv,Yes
30270-11419,1,65f46e4ce0abf66,JUL-2025,No Deployment Reported,,,https://static.nhtsa.gov/odi/ffdd/sgo-2021-01/SGO-2021-01_Incident_Reports_ADS.csv,Yes
30270-11420,1,5ae11ed429c3054,JUL-2025,No Deployment Reported,,,https://static.nhtsa.gov/odi/ffdd/sgo-2021-01/SGO-2021-01_Incident_Reports_ADS.csv,Yes
30270-11421,1,8ffca881a715613,JUL-2025,No Deployment Reported,,,https://static.nhtsa.gov/odi/ffdd/sgo-2021-01/SGO-2021-01_Incident_Reports_ADS.csv,Yes
30270-11422,1,8f705450b9147b1,JUL-2025,No Deployment Reported,,,https://static.nhtsa.gov/odi/ffdd/sgo-2021-01/SGO-2021-01_Incident_Reports_ADS.csv,Yes
30270-11424,1,5f502707c16ba16,JUL-2025,No Deployment Reported,,,https://static.nhtsa.gov/odi/ffdd/sgo-2021-01/SGO-2021-01_Incident_Reports_ADS.csv,Yes
30270-11426,1,0f38605821106e8,JUL-2025,No Deployment Reported,,,https://static.nhtsa.gov/odi/ffdd/sgo-2021-01/SGO-2021-01_Incident_Reports_ADS.csv,Yes
30270-11428,1,0bdabfb53025c8a,JUL-2025,No Deployment Reported,,,https://static.nhtsa.gov/odi/ffdd/sgo-2021-01/SGO-2021-01_Incident_Reports_ADS.csv,Yes
30270-11430,1,69aa25a07f80696,JUL-2025,No Deployment Reported,,,https://static.nhtsa.gov/odi/ffdd/sgo-2021-01/SGO-2021-01_Incident_Reports_ADS.csv,Yes
30270-11432,1,85d987a89324cae,JUL-2025,No Deployment Reported,,,https://static.nhtsa.gov/odi/ffdd/sgo-2021-01/SGO-2021-01_Incident_Reports_ADS.csv,Yes
30270-11433,1,966cc9f416e8092,AUG-2025,No Deployment Reported,,,https://static.nhtsa.gov/odi/ffdd/sgo-2021-01/SGO-2021-01_Incident_Reports_ADS.csv,Yes
30270-11450,1,95004cd5904030e,AUG-2025,Deployed,,,https://static.nhtsa.gov/odi/ffdd/sgo-2021-01/SGO-2021-01_Incident_Reports_ADS.csv,Yes
30270-11451,1,37480c303aa9916,JUL-2025,No Deployment Reported,,,https://static.nhtsa.gov/odi/ffdd/sgo-2021-01/SGO-2021-01_Incident_Reports_ADS.csv,Yes
30270-11452,1,4efbce3f9aada78,JUL-2025,No Deployment Reported,,,https://static.nhtsa.gov/odi/ffdd/sgo-2021-01/SGO-2021-01_Incident_Reports_ADS.csv,Yes
30270-11455,1,264c703043ce526,JUL-2025,No Deployment Reported,,,https://static.nhtsa.gov/odi/ffdd/sgo-2021-01/SGO-2021-01_Incident_Reports_ADS.csv,Yes
30270-11456,1,c8fc5852e372cc1,AUG-2025,No Deployment Reported,,,https://static.nhtsa.gov/odi/ffdd/sgo-2021-01/SGO-2021-01_Incident_Reports_ADS.csv,Yes
30270-11467,1,e1e1bd78dd82e10,JUL-2025,No Deployment Reported,,,https://static.nhtsa.gov/odi/ffdd/sgo-2021-01/SGO-2021-01_Incident_Reports_ADS.csv,Yes
30270-11468,1,d5b83b180b8e66e,JUL-2025,No Deployment Reported,,,https://static.nhtsa.gov/odi/ffdd/sgo-2021-01/SGO-2021-01_Incident_Reports_ADS.csv,Yes
30270-11469,1,e50c2bf2e2ca222,AUG-2025,No Deployment Reported,,,https://static.nhtsa.gov/odi/ffdd/sgo-2021-01/SGO-2021-01_Incident_Reports_ADS.csv,Yes
30270-11472,1,7420c3cf426bdfb,JUL-2025,No Deployment Reported,,,https://static.nhtsa.gov/odi/ffdd/sgo-2021-01/SGO-2021-01_Incident_Reports_ADS.csv,Yes
30270-11474,1,44a3e9735d95629,AUG-2025,No Deployment Reported,,,https://static.nhtsa.gov/odi/ffdd/sgo-2021-01/SGO-2021-01_Incident_Reports_ADS.csv,Yes
30270-11475,1,95250f9715252ce,AUG-2025,No Deployment Reported,,,https://static.nhtsa.gov/odi/ffdd/sgo-2021-01/SGO-2021-01_Incident_Reports_ADS.csv,Yes
30270-11476,1,866839b247a16d6,AUG-2025,No Deployment Reported,,,https://static.nhtsa.gov/odi/ffdd/sgo-2021-01/SGO-2021-01_Incident_Reports_ADS.csv,Yes
30270-11488,2,88bcb808d90373f,AUG-2025,No Deployment Reported,,,https://static.nhtsa.gov/odi/ffdd/sgo-2021-01/SGO-2021-01_Incident_Reports_ADS.csv,Yes
30270-11490,1,f954a67865eecaa,AUG-2025,No Deployment Reported,,,https://static.nhtsa.gov/odi/ffdd/sgo-2021-01/SGO-2021-01_Incident_Reports_ADS.csv,Yes
30270-11495,1,d977b50f4d37e80,AUG-2025,No Deployment Reported,,,https://static.nhtsa.gov/odi/ffdd/sgo-2021-01/SGO-2021-01_Incident_Reports_ADS.csv,Yes
30270-11496,1,e5ece9ed52c6255,AUG-2025,No Deployment Reported,,,https://static.nhtsa.gov/odi/ffdd/sgo-2021-01/SGO-2021-01_Incident_Reports_ADS.csv,Yes
30270-11498,1,e8aa41fded38ec7,AUG-2025,No Deployment Reported,,,https://static.nhtsa.gov/odi/ffdd/sgo-2021-01/SGO-2021-01_Incident_Reports_ADS.csv,Yes
30270-11499,1,0444203bbe1ac87,AUG-2025,No Deployment Reported,,,https://static.nhtsa.gov/odi/ffdd/sgo-2021-01/SGO-2021-01_Incident_Reports_ADS.csv,Yes
30270-11500,1,563dda883ac7ccc,AUG-2025,No Deployment Reported,,,https://static.nhtsa.gov/odi/ffdd/sgo-2021-01/SGO-2021-01_Incident_Reports_ADS.csv,Yes
30270-11501,1,738d6f870cfbec8,AUG-2025,No Deployment Reported,,,https://static.nhtsa.gov/odi/ffdd/sgo-2021-01/SGO-2021-01_Incident_Reports_ADS.csv,Yes
30270-11502,1,ace9343897148f7,AUG-2025,No Deployment Reported,,,https://static.nhtsa.gov/odi/ffdd/sgo-2021-01/SGO-2021-01_Incident_Reports_ADS.csv,Yes
30270-11508,1,09531ba31a1bd07,AUG-2025,No Deployment Reported,,,https://static.nhtsa.gov/odi/ffdd/sgo-2021-01/SGO-2021-01_Incident_Reports_ADS.csv,Yes
30270-11516,1,dffa2f99e3df433,AUG-2025,No Deployment Reported,,,https://static.nhtsa.gov/odi/ffdd/sgo-2021-01/SGO-2021-01_Incident_Reports_ADS.csv,Yes
30270-11518,1,842912869025dbe,AUG-2025,No Deployment Reported,,,https://static.nhtsa.gov/odi/ffdd/sgo-2021-01/SGO-2021-01_Incident_Reports_ADS.csv,Yes
30270-11522,1,18e86baf086661c,AUG-2025,No Deployment Reported,,,https://static.nhtsa.gov/odi/ffdd/sgo-2021-01/SGO-2021-01_Incident_Reports_ADS.csv,Yes
30270-11523,1,0f07710b9ce3333,AUG-2025,No Deployment Reported,,,https://static.nhtsa.gov/odi/ffdd/sgo-2021-01/SGO-2021-01_Incident_Reports_ADS.csv,Yes
30270-11525,1,9a5142ef6a080a0,AUG-2025,No Deployment Reported,,,https://static.nhtsa.gov/odi/ffdd/sgo-2021-01/SGO-2021-01_Incident_Reports_ADS.csv,Yes
30270-11542,1,90ec722a319e433,AUG-2025,No Deployment Reported,,,https://static.nhtsa.gov/odi/ffdd/sgo-2021-01/SGO-2021-01_Incident_Reports_ADS.csv,Yes
30270-11543,1,6fef0bd4d38ff9c,AUG-2025,No Deployment Reported,,,https://static.nhtsa.gov/odi/ffdd/sgo-2021-01/SGO-2021-01_Incident_Reports_ADS.csv,Yes
30270-11544,1,1cf4d28bc876306,AUG-2025,No Deployment Reported,,,https://static.nhtsa.gov/odi/ffdd/sgo-2021-01/SGO-2021-01_Incident_Reports_ADS.csv,Yes
30270-11545,1,0e6365006633bea,AUG-2025,No Deployment Reported,,,https://static.nhtsa.gov/odi/ffdd/sgo-2021-01/SGO-2021-01_Incident_Reports_ADS.csv,Yes
30270-11546,1,b615a24ab23cdb1,AUG-2025,No Deployment Reported,,,https://static.nhtsa.gov/odi/ffdd/sgo-2021-01/SGO-2021-01_Incident_Reports_ADS.csv,Yes
30270-11547,1,648613db05d6eb9,AUG-2025,No Deployment Reported,,,https://static.nhtsa.gov/odi/ffdd/sgo-2021-01/SGO-2021-01_Incident_Reports_ADS.csv,Yes
30270-11548,1,01fcea472941290,AUG-2025,No Deployment Reported,,,https://static.nhtsa.gov/odi/ffdd/sgo-2021-01/SGO-2021-01_Incident_Reports_ADS.csv,Yes
30270-11550,1,0a13e468fe82e15,AUG-2025,No Deployment Reported,,,https://static.nhtsa.gov/odi/ffdd/sgo-2021-01/SGO-2021-01_Incident_Reports_ADS.csv,Yes
30270-11561,1,7c2d69cdefccc23,AUG-2025,No Deployment Reported,,,https://static.nhtsa.gov/odi/ffdd/sgo-2021-01/SGO-2021-01_Incident_Reports_ADS.csv,Yes
30270-11564,1,075ba3c0b6ebb2a,AUG-2025,No Deployment Reported,,,https://static.nhtsa.gov/odi/ffdd/sgo-2021-01/SGO-2021-01_Incident_Reports_ADS.csv,Yes
30270-11565,1,bdb04d1fc17d560,AUG-2025,No Deployment Reported,,,https://static.nhtsa.gov/odi/ffdd/sgo-2021-01/SGO-2021-01_Incident_Reports_ADS.csv,Yes
30270-11567,1,6ae265d3178bbd8,AUG-2025,No Deployment Reported,,,https://static.nhtsa.gov/odi/ffdd/sgo-2021-01/SGO-2021-01_Incident_Reports_ADS.csv,Yes
30270-11569,1,e8787d98d3f284c,AUG-2025,No Deployment Reported,,,https://static.nhtsa.gov/odi/ffdd/sgo-2021-01/SGO-2021-01_Incident_Reports_ADS.csv,Yes
30270-11571,1,ab57365228d9299,AUG-2025,No Deployment Reported,,,https://static.nhtsa.gov/odi/ffdd/sgo-2021-01/SGO-2021-01_Incident_Reports_ADS.csv,Yes
30270-11573,1,7c278f76569dcff,AUG-2025,No Deployment Reported,,,https://static.nhtsa.gov/odi/ffdd/sgo-2021-01/SGO-2021-01_Incident_Reports_ADS.csv,Yes
30270-11588,1,59c8f0ea2de9faa,AUG-2025,No Deployment Reported,,,https://static.nhtsa.gov/odi/ffdd/sgo-2021-01/SGO-2021-01_Incident_Reports_ADS.csv,Yes
30270-11589,1,6c35c4687ba2a7e,AUG-2025,Deployed,,,https://static.nhtsa.gov/odi/ffdd/sgo-2021-01/SGO-2021-01_Incident_Reports_ADS.csv,Yes
30270-11590,1,79e867ebe3bea1c,AUG-2025,No Deployment Reported,,,https://static.nhtsa.gov/odi/ffdd/sgo-2021-01/SGO-2021-01_Incident_Reports_ADS.csv,Yes
30270-11591,1,748efca603e1263,AUG-2025,No Deployment Reported,,,https://static.nhtsa.gov/odi/ffdd/sgo-2021-01/SGO-2021-01_Incident_Reports_ADS.csv,Yes
30270-11594,1,30e47111d000eb5,AUG-2025,No Deployment Reported,,,https://static.nhtsa.gov/odi/ffdd/sgo-2021-01/SGO-2021-01_Incident_Reports_ADS.csv,Yes
30270-11596,1,550378e84cbe32d,AUG-2025,No Deployment Reported,,,https://static.nhtsa.gov/odi/ffdd/sgo-2021-01/SGO-2021-01_Incident_Reports_ADS.csv,Yes
30270-1160,1,930d0910bc2916c,AUG-2021,No Deployment Reported,No,No,https://static.nhtsa.gov/odi/ffdd/sgo-2021-01/Archive-2021-2025/SGO-2021-01_Incident_Reports_ADS.csv,Yes
30270-11605,1,642b9d8879d269b,AUG-2025,No Deployment Reported,,,https://static.nhtsa.gov/odi/ffdd/sgo-2021-01/SGO-2021-01_Incident_Reports_ADS.csv,Yes
30270-11607,1,4bab2ed9f78c99e,AUG-2025,No Deployment Reported,,,https://static.nhtsa.gov/odi/ffdd/sgo-2021-01/SGO-2021-01_Incident_Reports_ADS.csv,Yes
30270-11608,1,a2882bceb064a6a,SEP-2025,No Deployment Reported,,,https://static.nhtsa.gov/odi/ffdd/sgo-2021-01/SGO-2021-01_Incident_Reports_ADS.csv,Yes
30270-11609,1,4b5b13895842c1b,SEP-2025,No Deployment Reported,,,https://static.nhtsa.gov/odi/ffdd/sgo-2021-01/SGO-2021-01_Incident_Reports_ADS.csv,Yes
30270-11611,1,1f6a25a981ec43b,AUG-2025,No Deployment Reported,,,https://static.nhtsa.gov/odi/ffdd/sgo-2021-01/SGO-2021-01_Incident_Reports_ADS.csv,Yes
30270-11612,1,71db0433e9fe6dd,SEP-2025,No Deployment Reported,,,https://static.nhtsa.gov/odi/ffdd/sgo-2021-01/SGO-2021-01_Incident_Reports_ADS.csv,Yes
30270-11618,1,27673b8954d27c0,SEP-2025,No Deployment Reported,,,https://static.nhtsa.gov/odi/ffdd/sgo-2021-01/SGO-2021-01_Incident_Reports_ADS.csv,Yes
30270-11621,1,6cae2a7397f4f92,AUG-2025,No Deployment Reported,,,https://static.nhtsa.gov/odi/ffdd/sgo-2021-01/SGO-2021-01_Incident_Reports_ADS.csv,Yes
30270-11622,1,b8b298169bdd694,AUG-2025,No Deployment Reported,,,https://static.nhtsa.gov/odi/ffdd/sgo-2021-01/SGO-2021-01_Incident_Reports_ADS.csv,Yes
30270-11623,1,c9b668922c6913c,SEP-2025,No Deployment Reported,,,https://static.nhtsa.gov/odi/ffdd/sgo-2021-01/SGO-2021-01_Incident_Reports_ADS.csv,Yes
30270-11625,1,6586da4de372b9e,SEP-2025,No Deployment Reported,,,https://static.nhtsa.gov/odi/ffdd/sgo-2021-01/SGO-2021-01_Incident_Reports_ADS.csv,Yes
30270-11627,1,4d83937ba1de317,SEP-2025,No Deployment Reported,,,https://static.nhtsa.gov/odi/ffdd/sgo-2021-01/SGO-2021-01_Incident_Reports_ADS.csv,Yes
30270-11629,1,b0245a0ab94b3b5,SEP-2025,No Deployment Reported,,,https://static.nhtsa.gov/odi/ffdd/sgo-2021-01/SGO-2021-01_Incident_Reports_ADS.csv,Yes
30270-11637,1,2f735ba978a44ff,SEP-2025,No Deployment Reported,,,https://static.nhtsa.gov/odi/ffdd/sgo-2021-01/SGO-2021-01_Incident_Reports_ADS.csv,Yes
30270-11664,1,d6ba83005d45c1c,SEP-2025,No Deployment Reported,,,https://static.nhtsa.gov/odi/ffdd/sgo-2021-01/SGO-2021-01_Incident_Reports_ADS.csv,Yes
30270-11671,1,955f70191f829db,AUG-2025,No Deployment Reported,,,https://static.nhtsa.gov/odi/ffdd/sgo-2021-01/SGO-2021-01_Incident_Reports_ADS.csv,Yes
30270-11672,1,e31618acd1737c2,SEP-2025,No Deployment Reported,,,https://static.nhtsa.gov/odi/ffdd/sgo-2021-01/SGO-2021-01_Incident_Reports_ADS.csv,Yes
30270-11673,1,a18be595695791f,AUG-2025,No Deployment Reported,,,https://static.nhtsa.gov/odi/ffdd/sgo-2021-01/SGO-2021-01_Incident_Reports_ADS.csv,Yes
30270-11689,1,388c947105d0bb7,SEP-2025,No Deployment Reported,,,https://static.nhtsa.gov/odi/ffdd/sgo-2021-01/SGO-2021-01_Incident_Reports_ADS.csv,Yes
30270-11692,1,85bc53247dde956,SEP-2025,No Deployment Reported,,,https://static.nhtsa.gov/odi/ffdd/sgo-2021-01/SGO-2021-01_Incident_Reports_ADS.csv,Yes
30270-11695,1,fafbadbfaa69a69,SEP-2025,No Deployment Reported,,,https://static.nhtsa.gov/odi/ffdd/sgo-2021-01/SGO-2021-01_Incident_Reports_ADS.csv,Yes
30270-11698,1,7cc1c63fa251fd7,SEP-2025,No Deployment Reported,,,https://static.nhtsa.gov/odi/ffdd/sgo-2021-01/SGO-2021-01_Incident_Reports_ADS.csv,Yes
30270-11701,1,6cf741e9149e67a,SEP-2025,No Deployment Reported,,,https://static.nhtsa.gov/odi/ffdd/sgo-2021-01/SGO-2021-01_Incident_Reports_ADS.csv,Yes
30270-11702,1,bf0af7f5d4c8d2a,SEP-2025,No Deployment Reported,,,https://static.nhtsa.gov/odi/ffdd/sgo-2021-01/SGO-2021-01_Incident_Reports_ADS.csv,Yes
30270-11713,1,dc166aecd5b4265,SEP-2025,No Deployment Reported,,,https://static.nhtsa.gov/odi/ffdd/sgo-2021-01/SGO-2021-01_Incident_Reports_ADS.csv,Yes
30270-11715,1,c16a7bfefae2ea5,SEP-2025,No Deployment Reported,,,https://static.nhtsa.gov/odi/ffdd/sgo-2021-01/SGO-2021-01_Incident_Reports_ADS.csv,Yes
30270-11716,1,d03b66d1142a2bf,SEP-2025,No Deployment Reported,,,https://static.nhtsa.gov/odi/ffdd/sgo-2021-01/SGO-2021-01_Incident_Reports_ADS.csv,Yes
30270-11717,1,0d7985898055083,SEP-2025,No Deployment Reported,,,https://static.nhtsa.gov/odi/ffdd/sgo-2021-01/SGO-2021-01_Incident_Reports_ADS.csv,Yes
30270-11718,1,327e47a53931e77,SEP-2025,No Deployment Reported,,,https://static.nhtsa.gov/odi/ffdd/sgo-2021-01/SGO-2021-01_Incident_Reports_ADS.csv,Yes
30270-11724,1,cecddedec7fe69a,SEP-2025,No Deployment Reported,,,https://static.nhtsa.gov/odi/ffdd/sgo-2021-01/SGO-2021-01_Incident_Reports_ADS.csv,Yes
30270-11738,1,cce97df1005f101,SEP-2025,No Deployment Reported,,,https://static.nhtsa.gov/odi/ffdd/sgo-2021-01/SGO-2021-01_Incident_Reports_ADS.csv,Yes
30270-11739,1,492b74881a12e6e,SEP-2025,Deployed,,,https://static.nhtsa.gov/odi/ffdd/sgo-2021-01/SGO-2021-01_Incident_Reports_ADS.csv,Yes
30270-11742,1,53b2c239e2ff616,SEP-2025,No Deployment Reported,,,https://static.nhtsa.gov/odi/ffdd/sgo-2021-01/SGO-2021-01_Incident_Reports_ADS.csv,Yes
30270-11753,1,daa0c6e71de2c87,SEP-2025,No Deployment Reported,,,https://static.nhtsa.gov/odi/ffdd/sgo-2021-01/SGO-2021-01_Incident_Reports_ADS.csv,Yes
30270-11755,1,1f5485dfe2b8f8a,SEP-2025,No Deployment Reported,,,https://static.nhtsa.gov/odi/ffdd/sgo-2021-01/SGO-2021-01_Incident_Reports_ADS.csv,Yes
30270-11756,1,7b542085705b355,SEP-2025,No Deployment Reported,,,https://static.nhtsa.gov/odi/ffdd/sgo-2021-01/SGO-2021-01_Incident_Reports_ADS.csv,Yes
30270-11758,1,2c10d9b1d71541e,SEP-2025,No Deployment Reported,,,https://static.nhtsa.gov/odi/ffdd/sgo-2021-01/SGO-2021-01_Incident_Reports_ADS.csv,Yes
30270-11759,1,52fc174527f8223,SEP-2025,No Deployment Reported,,,https://static.nhtsa.gov/odi/ffdd/sgo-2021-01/SGO-2021-01_Incident_Reports_ADS.csv,Yes
30270-11760,1,e65e983024a6b24,SEP-2025,No Deployment Reported,,,https://static.nhtsa.gov/odi/ffdd/sgo-2021-01/SGO-2021-01_Incident_Reports_ADS.csv,Yes
30270-11761,1,69851629c401c31,SEP-2025,No Deployment Reported,,,https://static.nhtsa.gov/odi/ffdd/sgo-2021-01/SGO-2021-01_Incident_Reports_ADS.csv,Yes
30270-11762,1,9d0e4e083bc2745,SEP-2025,No Deployment Reported,,,https://static.nhtsa.gov/odi/ffdd/sgo-2021-01/SGO-2021-01_Incident_Reports_ADS.csv,Yes
30270-11763,1,3382458076101ad,SEP-2025,No Deployment Reported,,,https://static.nhtsa.gov/odi/ffdd/sgo-2021-01/SGO-2021-01_Incident_Reports_ADS.csv,Yes
30270-11765,1,f6de4eae2f1319d,AUG-2025,No Deployment Reported,,,https://static.nhtsa.gov/odi/ffdd/sgo-2021-01/SGO-2021-01_Incident_Reports_ADS.csv,Yes
30270-11766,1,6903df3243c21a0,SEP-2025,No Deployment Reported,,,https://static.nhtsa.gov/odi/ffdd/sgo-2021-01/SGO-2021-01_Incident_Reports_ADS.csv,Yes
30270-11768,1,9d9ea44aee989b1,SEP-2025,No Deployment Reported,,,https://static.nhtsa.gov/odi/ffdd/sgo-2021-01/SGO-2021-01_Incident_Reports_ADS.csv,Yes
30270-11769,1,39c3b2df5355da8,SEP-2025,No Deployment Reported,,,https://static.nhtsa.gov/odi/ffdd/sgo-2021-01/SGO-2021-01_Incident_Reports_ADS.csv,Yes
30270-11771,1,91301375cf54a0a,SEP-2025,No Deployment Reported,,,https://static.nhtsa.gov/odi/ffdd/sgo-2021-01/SGO-2021-01_Incident_Reports_ADS.csv,Yes
30270-11789,1,fe0fd9933f671b3,SEP-2025,No Deployment Reported,,,https://static.nhtsa.gov/odi/ffdd/sgo-2021-01/SGO-2021-01_Incident_Reports_ADS.csv,Yes
30270-11790,1,ab730b8852be08c,SEP-2025,No Deployment Reported,,,https://static.nhtsa.gov/odi/ffdd/sgo-2021-01/SGO-2021-01_Incident_Reports_ADS.csv,Yes
30270-11791,2,ceedaf1e659d839,SEP-2025,Deployed,,,https://static.nhtsa.gov/odi/ffdd/sgo-2021-01/SGO-2021-01_Incident_Reports_ADS.csv,Yes
30270-11792,1,7509c0f51e161bd,SEP-2025,No Deployment Reported,,,https://static.nhtsa.gov/odi/ffdd/sgo-2021-01/SGO-2021-01_Incident_Reports_ADS.csv,Yes
30270-11794,1,1ea9c52770a39f9,SEP-2025,Deployed,,,https://static.nhtsa.gov/odi/ffdd/sgo-2021-01/SGO-2021-01_Incident_Reports_ADS.csv,Yes
30270-11795,1,b34a36ed3a89a10,SEP-2025,No Deployment Reported,,,https://static.nhtsa.gov/odi/ffdd/sgo-2021-01/SGO-2021-01_Incident_Reports_ADS.csv,Yes
30270-11802,1,472bd4e88959a10,SEP-2025,No Deployment Reported,,,https://static.nhtsa.gov/odi/ffdd/sgo-2021-01/SGO-2021-01_Incident_Reports_ADS.csv,Yes
30270-11805,1,6d2da685ce2e08f,SEP-2025,No Deployment Reported,,,https://static.nhtsa.gov/odi/ffdd/sgo-2021-01/SGO-2021-01_Incident_Reports_ADS.csv,Yes
30270-11806,1,877df876ab59edb,SEP-2025,No Deployment Reported,,,https://static.nhtsa.gov/odi/ffdd/sgo-2021-01/SGO-2021-01_Incident_Reports_ADS.csv,Yes
30270-11821,1,d23ce59f22e299f,SEP-2025,No Deployment Reported,,,https://static.nhtsa.gov/odi/ffdd/sgo-2021-01/SGO-2021-01_Incident_Reports_ADS.csv,Yes
30270-11831,1,1e3b951cf45ca7b,SEP-2025,No Deployment Reported,,,https://static.nhtsa.gov/odi/ffdd/sgo-2021-01/SGO-2021-01_Incident_Reports_ADS.csv,Yes
30270-11836,1,bfc23b58aba27de,OCT-2025,No Deployment Reported,,,https://static.nhtsa.gov/odi/ffdd/sgo-2021-01/SGO-2021-01_Incident_Reports_ADS.csv,Yes
30270-11837,1,58879cba1755aad,OCT-2025,No Deployment Reported,,,https://static.nhtsa.gov/odi/ffdd/sgo-2021-01/SGO-2021-01_Incident_Reports_ADS.csv,Yes
30270-11838,1,c64589b500c4428,OCT-2025,No Deployment Reported,,,https://static.nhtsa.gov/odi/ffdd/sgo-2021-01/SGO-2021-01_Incident_Reports_ADS.csv,Yes
30270-11839,1,d8b6f7f5b4b77bf,SEP-2025,No Deployment Reported,,,https://static.nhtsa.gov/odi/ffdd/sgo-2021-01/SGO-2021-01_Incident_Reports_ADS.csv,Yes
30270-11840,1,4ff19a5f7f16d32,SEP-2025,No Deployment Reported,,,https://static.nhtsa.gov/odi/ffdd/sgo-2021-01/SGO-2021-01_Incident_Reports_ADS.csv,Yes
30270-11841,1,d06de901f3c18cb,OCT-2025,No Deployment Reported,,,https://static.nhtsa.gov/odi/ffdd/sgo-2021-01/SGO-2021-01_Incident_Reports_ADS.csv,Yes
30270-11842,1,ef50e523c1ceea9,OCT-2025,No Deployment Reported,,,https://static.nhtsa.gov/odi/ffdd/sgo-2021-01/SGO-2021-01_Incident_Reports_ADS.csv,Yes
30270-11849,2,4ef86957b945a92,OCT-2025,No Deployment Reported,,,https://static.nhtsa.gov/odi/ffdd/sgo-2021-01/SGO-2021-01_Incident_Reports_ADS.csv,Yes
30270-11850,1,e7773de4d188cd2,SEP-2025,No Deployment Reported,,,https://static.nhtsa.gov/odi/ffdd/sgo-2021-01/SGO-2021-01_Incident_Reports_ADS.csv,Yes
30270-11851,1,5f7ba65a97e90d7,SEP-2025,No Deployment Reported,,,https://static.nhtsa.gov/odi/ffdd/sgo-2021-01/SGO-2021-01_Incident_Reports_ADS.csv,Yes
30270-11852,1,b005e037a7920b1,SEP-2025,No Deployment Reported,,,https://static.nhtsa.gov/odi/ffdd/sgo-2021-01/SGO-2021-01_Incident_Reports_ADS.csv,Yes
30270-11853,1,7d9661d6d9464e2,SEP-2025,No Deployment Reported,,,https://static.nhtsa.gov/odi/ffdd/sgo-2021-01/SGO-2021-01_Incident_Reports_ADS.csv,Yes
30270-11855,1,78662ee4e9dd46b,OCT-2025,No Deployment Reported,,,https://static.nhtsa.gov/odi/ffdd/sgo-2021-01/SGO-2021-01_Incident_Reports_ADS.csv,Yes
30270-11858,1,c6b8e69937446c8,OCT-2025,No Deployment Reported,,,https://static.nhtsa.gov/odi/ffdd/sgo-2021-01/SGO-2021-01_Incident_Reports_ADS.csv,Yes
30270-11859,1,8e6be32923cbefc,OCT-2025,No Deployment Reported,,,https://static.nhtsa.gov/odi/ffdd/sgo-2021-01/SGO-2021-01_Incident_Reports_ADS.csv,Yes
30270-11860,1,2c3148db1b0381d,OCT-2025,No Deployment Reported,,,https://static.nhtsa.gov/odi/ffdd/sgo-2021-01/SGO-2021-01_Incident_Reports_ADS.csv,Yes
30270-11861,1,b51c9610ccc8b05,OCT-2025,No Deployment Reported,,,https://static.nhtsa.gov/odi/ffdd/sgo-2021-01/SGO-2021-01_Incident_Reports_ADS.csv,Yes
30270-11863,1,2a20b0200d6dd5d,OCT-2025,No Deployment Reported,,,https://static.nhtsa.gov/odi/ffdd/sgo-2021-01/SGO-2021-01_Incident_Reports_ADS.csv,Yes
30270-11864,1,f2e0606b20a817f,OCT-2025,No Deployment Reported,,,https://static.nhtsa.gov/odi/ffdd/sgo-2021-01/SGO-2021-01_Incident_Reports_ADS.csv,Yes
30270-11865,1,c7e36d5fe485dd7,OCT-2025,No Deployment Reported,,,https://static.nhtsa.gov/odi/ffdd/sgo-2021-01/SGO-2021-01_Incident_Reports_ADS.csv,Yes
30270-11868,1,30d0a676f0644a8,OCT-2025,No Deployment Reported,,,https://static.nhtsa.gov/odi/ffdd/sgo-2021-01/SGO-2021-01_Incident_Reports_ADS.csv,Yes
30270-11874,1,7ed218ffbe82b26,OCT-2025,No Deployment Reported,,,https://static.nhtsa.gov/odi/ffdd/sgo-2021-01/SGO-2021-01_Incident_Reports_ADS.csv,Yes
30270-11882,1,8323c3f4e4a2b38,OCT-2025,No Deployment Reported,,,https://static.nhtsa.gov/odi/ffdd/sgo-2021-01/SGO-2021-01_Incident_Reports_ADS.csv,Yes
30270-11883,1,3f169a09f1a1430,OCT-2025,No Deployment Reported,,,https://static.nhtsa.gov/odi/ffdd/sgo-2021-01/SGO-2021-01_Incident_Reports_ADS.csv,Yes
30270-11884,1,c5d0bde1a4f83ed,OCT-2025,No Deployment Reported,,,https://static.nhtsa.gov/odi/ffdd/sgo-2021-01/SGO-2021-01_Incident_Reports_ADS.csv,Yes
30270-11886,1,de6893d4278e92f,OCT-2025,No Deployment Reported,,,https://static.nhtsa.gov/odi/ffdd/sgo-2021-01/SGO-2021-01_Incident_Reports_ADS.csv,Yes
30270-11887,1,e5e7fbb48fed3ea,OCT-2025,No Deployment Reported,,,https://static.nhtsa.gov/odi/ffdd/sgo-2021-01/SGO-2021-01_Incident_Reports_ADS.csv,Yes
30270-11888,1,fd409bce4522b88,OCT-2025,No Deployment Reported,,,https://static.nhtsa.gov/odi/ffdd/sgo-2021-01/SGO-2021-01_Incident_Reports_ADS.csv,Yes
30270-11889,1,3bfb14dae270f00,OCT-2025,No Deployment Reported,,,https://static.nhtsa.gov/odi/ffdd/sgo-2021-01/SGO-2021-01_Incident_Reports_ADS.csv,Yes
30270-11892,1,8c29f7beadd4b77,OCT-2025,No Deployment Reported,,,https://static.nhtsa.gov/odi/ffdd/sgo-2021-01/SGO-2021-01_Incident_Reports_ADS.csv,Yes
30270-11904,1,f52b37f18c501f5,OCT-2025,No Deployment Reported,,,https://static.nhtsa.gov/odi/ffdd/sgo-2021-01/SGO-2021-01_Incident_Reports_ADS.csv,Yes
30270-11905,1,a2201a001fcc54d,OCT-2025,No Deployment Reported,,,https://static.nhtsa.gov/odi/ffdd/sgo-2021-01/SGO-2021-01_Incident_Reports_ADS.csv,Yes
30270-11906,1,a26386f6cfbf517,OCT-2025,No Deployment Reported,,,https://static.nhtsa.gov/odi/ffdd/sgo-2021-01/SGO-2021-01_Incident_Reports_ADS.csv,Yes
30270-11907,1,305dbd71a578ade,OCT-2025,No Deployment Reported,,,https://static.nhtsa.gov/odi/ffdd/sgo-2021-01/SGO-2021-01_Incident_Reports_ADS.csv,Yes
30270-11908,1,d47748c82ed906a,OCT-2025,No Deployment Reported,,,https://static.nhtsa.gov/odi/ffdd/sgo-2021-01/SGO-2021-01_Incident_Reports_ADS.csv,Yes
30270-1192,1,857232881f1c3c0,SEP-2021,Unknown,No,Unknown,https://static.nhtsa.gov/odi/ffdd/sgo-2021-01/Archive-2021-2025/SGO-2021-01_Incident_Reports_ADS.csv,Yes
30270-11924,1,e546747f8848f04,OCT-2025,No Deployment Reported,,,https://static.nhtsa.gov/odi/ffdd/sgo-2021-01/SGO-2021-01_Incident_Reports_ADS.csv,Yes
30270-11925,1,52b720a94612208,OCT-2025,No Deployment Reported,,,https://static.nhtsa.gov/odi/ffdd/sgo-2021-01/SGO-2021-01_Incident_Reports_ADS.csv,Yes
30270-11926,1,d467f1a99590b12,OCT-2025,Deployed,,,https://static.nhtsa.gov/odi/ffdd/sgo-2021-01/SGO-2021-01_Incident_Reports_ADS.csv,Yes
30270-11928,1,8c2cc8c1d4b3c72,OCT-2025,No Deployment Reported,,,https://static.nhtsa.gov/odi/ffdd/sgo-2021-01/SGO-2021-01_Incident_Reports_ADS.csv,Yes
30270-11929,1,338c89efb1b5863,OCT-2025,No Deployment Reported,,,https://static.nhtsa.gov/odi/ffdd/sgo-2021-01/SGO-2021-01_Incident_Reports_ADS.csv,Yes
30270-11930,1,d3dfc77224865c3,OCT-2025,No Deployment Reported,,,https://static.nhtsa.gov/odi/ffdd/sgo-2021-01/SGO-2021-01_Incident_Reports_ADS.csv,Yes
30270-11931,1,7aa05063c1e8fab,OCT-2025,No Deployment Reported,,,https://static.nhtsa.gov/odi/ffdd/sgo-2021-01/SGO-2021-01_Incident_Reports_ADS.csv,Yes
30270-11932,1,16835e3fd4b2213,OCT-2025,No Deployment Reported,,,https://static.nhtsa.gov/odi/ffdd/sgo-2021-01/SGO-2021-01_Incident_Reports_ADS.csv,Yes
30270-11933,1,9ad4bcde541a63c,OCT-2025,No Deployment Reported,,,https://static.nhtsa.gov/odi/ffdd/sgo-2021-01/SGO-2021-01_Incident_Reports_ADS.csv,Yes
30270-11936,1,4dba4909c267c16,OCT-2025,No Deployment Reported,,,https://static.nhtsa.gov/odi/ffdd/sgo-2021-01/SGO-2021-01_Incident_Reports_ADS.csv,Yes
30270-11940,1,16bc5d008489b40,OCT-2025,No Deployment Reported,,,https://static.nhtsa.gov/odi/ffdd/sgo-2021-01/SGO-2021-01_Incident_Reports_ADS.csv,Yes
30270-11949,1,76e2cf9103d86dc,OCT-2025,No Deployment Reported,,,https://static.nhtsa.gov/odi/ffdd/sgo-2021-01/SGO-2021-01_Incident_Reports_ADS.csv,Yes
30270-11951,1,0b9e6fdfdb3821e,OCT-2025,No Deployment Reported,,,https://static.nhtsa.gov/odi/ffdd/sgo-2021-01/SGO-2021-01_Incident_Reports_ADS.csv,Yes
30270-11952,1,aab26e79fd9b574,OCT-2025,No Deployment Reported,,,https://static.nhtsa.gov/odi/ffdd/sgo-2021-01/SGO-2021-01_Incident_Reports_ADS.csv,Yes
30270-11953,1,11a005287474baf,OCT-2025,No Deployment Reported,,,https://static.nhtsa.gov/odi/ffdd/sgo-2021-01/SGO-2021-01_Incident_Reports_ADS.csv,Yes
30270-11954,1,07dd31c59257efb,OCT-2025,No Deployment Reported,,,https://static.nhtsa.gov/odi/ffdd/sgo-2021-01/SGO-2021-01_Incident_Reports_ADS.csv,Yes
30270-11955,1,32f2ada59815439,OCT-2025,No Deployment Reported,,,https://static.nhtsa.gov/odi/ffdd/sgo-2021-01/SGO-2021-01_Incident_Reports_ADS.csv,Yes
30270-11956,1,707d7e7f6f3224f,OCT-2025,No Deployment Reported,,,https://static.nhtsa.gov/odi/ffdd/sgo-2021-01/SGO-2021-01_Incident_Reports_ADS.csv,Yes
30270-11957,1,0744f69d86405c7,OCT-2025,No Deployment Reported,,,https://static.nhtsa.gov/odi/ffdd/sgo-2021-01/SGO-2021-01_Incident_Reports_ADS.csv,Yes
30270-11958,1,f68620b65cc51a1,OCT-2025,No Deployment Reported,,,https://static.nhtsa.gov/odi/ffdd/sgo-2021-01/SGO-2021-01_Incident_Reports_ADS.csv,Yes
30270-11960,1,738ba1de6b64e78,OCT-2025,No Deployment Reported,,,https://static.nhtsa.gov/odi/ffdd/sgo-2021-01/SGO-2021-01_Incident_Reports_ADS.csv,Yes
30270-11962,1,ebfb454aa0fde34,OCT-2025,No Deployment Reported,,,https://static.nhtsa.gov/odi/ffdd/sgo-2021-01/SGO-2021-01_Incident_Reports_ADS.csv,Yes
30270-11987,1,e2d1fb0db303f75,OCT-2025,No Deployment Reported,,,https://static.nhtsa.gov/odi/ffdd/sgo-2021-01/SGO-2021-01_Incident_Reports_ADS.csv,Yes
30270-11988,1,8b66840412da94b,OCT-2025,No Deployment Reported,,,https://static.nhtsa.gov/odi/ffdd/sgo-2021-01/SGO-2021-01_Incident_Reports_ADS.csv,Yes
30270-11991,1,b306c8f759ea3de,OCT-2025,No Deployment Reported,,,https://static.nhtsa.gov/odi/ffdd/sgo-2021-01/SGO-2021-01_Incident_Reports_ADS.csv,Yes
30270-11992,1,394b02ea537b623,OCT-2025,No Deployment Reported,,,https://static.nhtsa.gov/odi/ffdd/sgo-2021-01/SGO-2021-01_Incident_Reports_ADS.csv,Yes
30270-11994,1,1253e75e616baae,OCT-2025,No Deployment Reported,,,https://static.nhtsa.gov/odi/ffdd/sgo-2021-01/SGO-2021-01_Incident_Reports_ADS.csv,Yes
30270-11995,1,5dd7038d2ace4ed,OCT-2025,No Deployment Reported,,,https://static.nhtsa.gov/odi/ffdd/sgo-2021-01/SGO-2021-01_Incident_Reports_ADS.csv,Yes
30270-11996,1,27d6570e40d2bf3,OCT-2025,No Deployment Reported,,,https://static.nhtsa.gov/odi/ffdd/sgo-2021-01/SGO-2021-01_Incident_Reports_ADS.csv,Yes
30270-11997,1,9dd54dcd7afd557,OCT-2025,Unknown,,,https://static.nhtsa.gov/odi/ffdd/sgo-2021-01/SGO-2021-01_Incident_Reports_ADS.csv,Yes
30270-11998,1,b33311e46ea3535,OCT-2025,No Deployment Reported,,,https://static.nhtsa.gov/odi/ffdd/sgo-2021-01/SGO-2021-01_Incident_Reports_ADS.csv,Yes
30270-11999,1,f41f1630738f1f1,OCT-2025,Unknown,,,https://static.nhtsa.gov/odi/ffdd/sgo-2021-01/SGO-2021-01_Incident_Reports_ADS.csv,Yes
30270-12000,1,eacd38d082d8a4d,OCT-2025,No Deployment Reported,,,https://static.nhtsa.gov/odi/ffdd/sgo-2021-01/SGO-2021-01_Incident_Reports_ADS.csv,Yes
30270-12007,1,45e88d54187c94f,OCT-2025,No Deployment Reported,,,https://static.nhtsa.gov/odi/ffdd/sgo-2021-01/SGO-2021-01_Incident_Reports_ADS.csv,Yes
30270-12008,1,dd60301d1790d57,OCT-2025,No Deployment Reported,,,https://static.nhtsa.gov/odi/ffdd/sgo-2021-01/SGO-2021-01_Incident_Reports_ADS.csv,Yes
30270-12011,1,1db3847d4bf1127,OCT-2025,No Deployment Reported,,,https://static.nhtsa.gov/odi/ffdd/sgo-2021-01/SGO-2021-01_Incident_Reports_ADS.csv,Yes
30270-12012,1,57e4cb7d01bf5d8,OCT-2025,No Deployment Reported,,,https://static.nhtsa.gov/odi/ffdd/sgo-2021-01/SGO-2021-01_Incident_Reports_ADS.csv,Yes
30270-12013,1,aae416a964f693a,OCT-2025,No Deployment Reported,,,https://static.nhtsa.gov/odi/ffdd/sgo-2021-01/SGO-2021-01_Incident_Reports_ADS.csv,Yes
30270-12018,1,dc57e0dc1c2928f,OCT-2025,No Deployment Reported,,,https://static.nhtsa.gov/odi/ffdd/sgo-2021-01/SGO-2021-01_Incident_Reports_ADS.csv,Yes
30270-12019,1,b11280355566761,OCT-2025,No Deployment Reported,,,https://static.nhtsa.gov/odi/ffdd/sgo-2021-01/SGO-2021-01_Incident_Reports_ADS.csv,Yes
30270-12035,1,3af663c87eac5ea,OCT-2025,No Deployment Reported,,,https://static.nhtsa.gov/odi/ffdd/sgo-2021-01/SGO-2021-01_Incident_Reports_ADS.csv,Yes
30270-12042,1,af51331ccae3fad,OCT-2025,No Deployment Reported,,,https://static.nhtsa.gov/odi/ffdd/sgo-2021-01/SGO-2021-01_Incident_Reports_ADS.csv,Yes
30270-12044,1,e492ceaa28f9a3b,OCT-2025,Unknown,,,https://static.nhtsa.gov/odi/ffdd/sgo-2021-01/SGO-2021-01_Incident_Reports_ADS.csv,Yes
30270-12045,1,5a3c442be71fcfe,OCT-2025,No Deployment Reported,,,https://static.nhtsa.gov/odi/ffdd/sgo-2021-01/SGO-2021-01_Incident_Reports_ADS.csv,Yes
30270-12046,1,21069cdd3025f5a,OCT-2025,No Deployment Reported,,,https://static.nhtsa.gov/odi/ffdd/sgo-2021-01/SGO-2021-01_Incident_Reports_ADS.csv,Yes
30270-12047,1,39921144de0d421,NOV-2025,No Deployment Reported,,,https://static.nhtsa.gov/odi/ffdd/sgo-2021-01/SGO-2021-01_Incident_Reports_ADS.csv,Yes
30270-12048,1,f6891896f3deeb6,NOV-2025,No Deployment Reported,,,https://static.nhtsa.gov/odi/ffdd/sgo-2021-01/SGO-2021-01_Incident_Reports_ADS.csv,Yes
30270-12049,1,32c00f0d6c5ba03,NOV-2025,No Deployment Reported,,,https://static.nhtsa.gov/odi/ffdd/sgo-2021-01/SGO-2021-01_Incident_Reports_ADS.csv,Yes
30270-12050,1,ef0962cc3b93fcf,OCT-2025,No Deployment Reported,,,https://static.nhtsa.gov/odi/ffdd/sgo-2021-01/SGO-2021-01_Incident_Reports_ADS.csv,Yes
30270-12051,1,69636cc1600b313,NOV-2025,Deployed,,,https://static.nhtsa.gov/odi/ffdd/sgo-2021-01/SGO-2021-01_Incident_Reports_ADS.csv,Yes
30270-12052,1,d22f3c0f546b64e,OCT-2025,No Deployment Reported,,,https://static.nhtsa.gov/odi/ffdd/sgo-2021-01/SGO-2021-01_Incident_Reports_ADS.csv,Yes
30270-12053,1,211c0979b29b3ef,OCT-2025,No Deployment Reported,,,https://static.nhtsa.gov/odi/ffdd/sgo-2021-01/SGO-2021-01_Incident_Reports_ADS.csv,Yes
30270-12054,1,4a4270ce39bd820,NOV-2025,No Deployment Reported,,,https://static.nhtsa.gov/odi/ffdd/sgo-2021-01/SGO-2021-01_Incident_Reports_ADS.csv,Yes
30270-12055,1,3cae49a5f1c9b2a,NOV-2025,No Deployment Reported,,,https://static.nhtsa.gov/odi/ffdd/sgo-2021-01/SGO-2021-01_Incident_Reports_ADS.csv,Yes
30270-12056,1,bde66b9c66c03b6,NOV-2025,No Deployment Reported,,,https://static.nhtsa.gov/odi/ffdd/sgo-2021-01/SGO-2021-01_Incident_Reports_ADS.csv,Yes
30270-12059,1,81936f2041c0cfa,OCT-2025,No Deployment Reported,,,https://static.nhtsa.gov/odi/ffdd/sgo-2021-01/SGO-2021-01_Incident_Reports_ADS.csv,Yes
30270-12060,1,0368ea25cf26444,NOV-2025,No Deployment Reported,,,https://static.nhtsa.gov/odi/ffdd/sgo-2021-01/SGO-2021-01_Incident_Reports_ADS.csv,Yes
30270-12061,1,9272efdb850fed3,NOV-2025,No Deployment Reported,,,https://static.nhtsa.gov/odi/ffdd/sgo-2021-01/SGO-2021-01_Incident_Reports_ADS.csv,Yes
30270-12062,1,b25a04701162c4a,OCT-2025,No Deployment Reported,,,https://static.nhtsa.gov/odi/ffdd/sgo-2021-01/SGO-2021-01_Incident_Reports_ADS.csv,Yes
30270-12063,1,958f8512e398c60,OCT-2025,No Deployment Reported,,,https://static.nhtsa.gov/odi/ffdd/sgo-2021-01/SGO-2021-01_Incident_Reports_ADS.csv,Yes
30270-12070,1,bab70714966d661,OCT-2025,No Deployment Reported,,,https://static.nhtsa.gov/odi/ffdd/sgo-2021-01/SGO-2021-01_Incident_Reports_ADS.csv,Yes
30270-1220,1,930d0910bc2916c,AUG-2021,No Deployment Reported,No,No,https://static.nhtsa.gov/odi/ffdd/sgo-2021-01/Archive-2021-2025/SGO-2021-01_Incident_Reports_ADS.csv,Yes
30270-1236,1,857232881f1c3c0,SEP-2021,Unknown,No,Unknown,https://static.nhtsa.gov/odi/ffdd/sgo-2021-01/Archive-2021-2025/SGO-2021-01_Incident_Reports_ADS.csv,Yes
30270-13023,1,5a2e2ce28378bff,NOV-2025,No Deployment Reported,,,https://static.nhtsa.gov/odi/ffdd/sgo-2021-01/SGO-2021-01_Incident_Reports_ADS.csv,Yes
30270-13024,1,893ec9b89be0d16,NOV-2025,No Deployment Reported,,,https://static.nhtsa.gov/odi/ffdd/sgo-2021-01/SGO-2021-01_Incident_Reports_ADS.csv,Yes
30270-13025,1,2d38ff113274d20,OCT-2025,No Deployment Reported,,,https://static.nhtsa.gov/odi/ffdd/sgo-2021-01/SGO-2021-01_Incident_Reports_ADS.csv,Yes
30270-13026,1,8182bf3ee7005af,OCT-2025,No Deployment Reported,,,https://static.nhtsa.gov/odi/ffdd/sgo-2021-01/SGO-2021-01_Incident_Reports_ADS.csv,Yes
30270-13028,1,c29240f2dbc64e7,OCT-2025,No Deployment Reported,,,https://static.nhtsa.gov/odi/ffdd/sgo-2021-01/SGO-2021-01_Incident_Reports_ADS.csv,Yes
30270-13053,1,0af5ed944abe6b7,OCT-2025,No Deployment Reported,,,https://static.nhtsa.gov/odi/ffdd/sgo-2021-01/SGO-2021-01_Incident_Reports_ADS.csv,Yes
30270-13054,1,ce7cc3f092cf1bf,NOV-2025,No Deployment Reported,,,https://static.nhtsa.gov/odi/ffdd/sgo-2021-01/SGO-2021-01_Incident_Reports_ADS.csv,Yes
30270-13055,1,cb29a083da839a5,NOV-2025,No Deployment Reported,,,https://static.nhtsa.gov/odi/ffdd/sgo-2021-01/SGO-2021-01_Incident_Reports_ADS.csv,Yes
30270-13056,1,7ef0a8cc1427085,OCT-2025,Unknown,,,https://static.nhtsa.gov/odi/ffdd/sgo-2021-01/SGO-2021-01_Incident_Reports_ADS.csv,Yes
30270-13058,1,8fe386c2f10accc,NOV-2025,No Deployment Reported,,,https://static.nhtsa.gov/odi/ffdd/sgo-2021-01/SGO-2021-01_Incident_Reports_ADS.csv,Yes
30270-13060,1,49f1db49f8cd147,NOV-2025,Deployed,,,https://static.nhtsa.gov/odi/ffdd/sgo-2021-01/SGO-2021-01_Incident_Reports_ADS.csv,Yes
30270-13062,1,1dfe493f4f85e40,NOV-2025,No Deployment Reported,,,https://static.nhtsa.gov/odi/ffdd/sgo-2021-01/SGO-2021-01_Incident_Reports_ADS.csv,Yes
30270-13063,1,f5ef8226f63632b,NOV-2025,No Deployment Reported,,,https://static.nhtsa.gov/odi/ffdd/sgo-2021-01/SGO-2021-01_Incident_Reports_ADS.csv,Yes
30270-13064,1,39e914432c9731f,NOV-2025,No Deployment Reported,,,https://static.nhtsa.gov/odi/ffdd/sgo-2021-01/SGO-2021-01_Incident_Reports_ADS.csv,Yes
30270-13065,1,3868794c4d4b3e8,NOV-2025,No Deployment Reported,,,https://static.nhtsa.gov/odi/ffdd/sgo-2021-01/SGO-2021-01_Incident_Reports_ADS.csv,Yes
30270-13066,1,9f0d1fe0d47387b,NOV-2025,No Deployment Reported,,,https://static.nhtsa.gov/odi/ffdd/sgo-2021-01/SGO-2021-01_Incident_Reports_ADS.csv,Yes
30270-13067,1,e7860f4e249fa50,NOV-2025,No Deployment Reported,,,https://static.nhtsa.gov/odi/ffdd/sgo-2021-01/SGO-2021-01_Incident_Reports_ADS.csv,Yes
30270-13068,1,534cbfd41219280,NOV-2025,No Deployment Reported,,,https://static.nhtsa.gov/odi/ffdd/sgo-2021-01/SGO-2021-01_Incident_Reports_ADS.csv,Yes
30270-13079,1,015a78523465889,NOV-2025,No Deployment Reported,,,https://static.nhtsa.gov/odi/ffdd/sgo-2021-01/SGO-2021-01_Incident_Reports_ADS.csv,Yes
30270-13080,1,2a1910c31a9964b,NOV-2025,No Deployment Reported,,,https://static.nhtsa.gov/odi/ffdd/sgo-2021-01/SGO-2021-01_Incident_Reports_ADS.csv,Yes
30270-13081,1,65ade2f4391bf55,NOV-2025,No Deployment Reported,,,https://static.nhtsa.gov/odi/ffdd/sgo-2021-01/SGO-2021-01_Incident_Reports_ADS.csv,Yes
30270-13082,1,403c5fc83552c95,NOV-2025,No Deployment Reported,,,https://static.nhtsa.gov/odi/ffdd/sgo-2021-01/SGO-2021-01_Incident_Reports_ADS.csv,Yes
30270-13084,1,94afab31e9d3916,NOV-2025,No Deployment Reported,,,https://static.nhtsa.gov/odi/ffdd/sgo-2021-01/SGO-2021-01_Incident_Reports_ADS.csv,Yes
30270-13085,1,e60b29907e64039,NOV-2025,No Deployment Reported,,,https://static.nhtsa.gov/odi/ffdd/sgo-2021-01/SGO-2021-01_Incident_Reports_ADS.csv,Yes
30270-13088,1,a741512b0811bdc,NOV-2025,No Deployment Reported,,,https://static.nhtsa.gov/odi/ffdd/sgo-2021-01/SGO-2021-01_Incident_Reports_ADS.csv,Yes
30270-13089,1,331e58653eefc19,NOV-2025,No Deployment Reported,,,https://static.nhtsa.gov/odi/ffdd/sgo-2021-01/SGO-2021-01_Incident_Reports_ADS.csv,Yes
30270-13090,1,0341997aa580828,NOV-2025,Unknown,,,https://static.nhtsa.gov/odi/ffdd/sgo-2021-01/SGO-2021-01_Incident_Reports_ADS.csv,Yes
30270-13091,1,78395c1007ca02d,NOV-2025,No Deployment Reported,,,https://static.nhtsa.gov/odi/ffdd/sgo-2021-01/SGO-2021-01_Incident_Reports_ADS.csv,Yes
30270-13092,1,06d315f5d5b5e61,NOV-2025,No Deployment Reported,,,https://static.nhtsa.gov/odi/ffdd/sgo-2021-01/SGO-2021-01_Incident_Reports_ADS.csv,Yes
30270-13093,1,2ee112e9c507b51,NOV-2025,No Deployment Reported,,,https://static.nhtsa.gov/odi/ffdd/sgo-2021-01/SGO-2021-01_Incident_Reports_ADS.csv,Yes
30270-13095,1,d112b9f733d7830,NOV-2025,No Deployment Reported,,,https://static.nhtsa.gov/odi/ffdd/sgo-2021-01/SGO-2021-01_Incident_Reports_ADS.csv,Yes
30270-13096,1,7454cf9f599bad4,NOV-2025,No Deployment Reported,,,https://static.nhtsa.gov/odi/ffdd/sgo-2021-01/SGO-2021-01_Incident_Reports_ADS.csv,Yes
30270-13099,1,d9550aa70b90958,NOV-2025,No Deployment Reported,,,https://static.nhtsa.gov/odi/ffdd/sgo-2021-01/SGO-2021-01_Incident_Reports_ADS.csv,Yes
30270-1310,1,c882936e5c7827a,AUG-2021,Unknown,No,Unknown,https://static.nhtsa.gov/odi/ffdd/sgo-2021-01/Archive-2021-2025/SGO-2021-01_Incident_Reports_ADS.csv,Yes
30270-13100,1,d67766755374650,NOV-2025,No Deployment Reported,,,https://static.nhtsa.gov/odi/ffdd/sgo-2021-01/SGO-2021-01_Incident_Reports_ADS.csv,Yes
30270-13102,1,091301476ab8ada,NOV-2025,No Deployment Reported,,,https://static.nhtsa.gov/odi/ffdd/sgo-2021-01/SGO-2021-01_Incident_Reports_ADS.csv,Yes
30270-1311,1,93ff2213b39d943,AUG-2021,Unknown,No,Unknown,https://static.nhtsa.gov/odi/ffdd/sgo-2021-01/Archive-2021-2025/SGO-2021-01_Incident_Reports_ADS.csv,Yes
30270-1312,1,d5901cab90a4303,AUG-2021,Unknown,No,Unknown,https://static.nhtsa.gov/odi/ffdd/sgo-2021-01/Archive-2021-2025/SGO-2021-01_Incident_Reports_ADS.csv,Yes
30270-13126,1,0de678124c2f3b5,NOV-2025,No Deployment Reported,,,https://static.nhtsa.gov/odi/ffdd/sgo-2021-01/SGO-2021-01_Incident_Reports_ADS.csv,Yes
30270-13127,1,296a10c4ae23dcc,NOV-2025,No Deployment Reported,,,https://static.nhtsa.gov/odi/ffdd/sgo-2021-01/SGO-2021-01_Incident_Reports_ADS.csv,Yes
30270-13128,1,50423c969f57fbe,NOV-2025,No Deployment Reported,,,https://static.nhtsa.gov/odi/ffdd/sgo-2021-01/SGO-2021-01_Incident_Reports_ADS.csv,Yes
30270-13129,1,b1e228f313db6c5,NOV-2025,No Deployment Reported,,,https://static.nhtsa.gov/odi/ffdd/sgo-2021-01/SGO-2021-01_Incident_Reports_ADS.csv,Yes
30270-13130,1,d7d97ff4b2b411a,NOV-2025,No Deployment Reported,,,https://static.nhtsa.gov/odi/ffdd/sgo-2021-01/SGO-2021-01_Incident_Reports_ADS.csv,Yes
30270-13133,1,88a86c91ffa1cc2,NOV-2025,No Deployment Reported,,,https://static.nhtsa.gov/odi/ffdd/sgo-2021-01/SGO-2021-01_Incident_Reports_ADS.csv,Yes
30270-13135,1,396c5cc69de6d20,NOV-2025,No Deployment Reported,,,https://static.nhtsa.gov/odi/ffdd/sgo-2021-01/SGO-2021-01_Incident_Reports_ADS.csv,Yes
30270-13137,1,76d67222293b2a7,NOV-2025,No Deployment Reported,,,https://static.nhtsa.gov/odi/ffdd/sgo-2021-01/SGO-2021-01_Incident_Reports_ADS.csv,Yes
30270-13144,1,df94ef1fab818f4,NOV-2025,No Deployment Reported,,,https://static.nhtsa.gov/odi/ffdd/sgo-2021-01/SGO-2021-01_Incident_Reports_ADS.csv,Yes
30270-13148,1,f1cfe336ab9946d,NOV-2025,No Deployment Reported,,,https://static.nhtsa.gov/odi/ffdd/sgo-2021-01/SGO-2021-01_Incident_Reports_ADS.csv,Yes
30270-13155,1,26de6e7410cd8c2,NOV-2025,No Deployment Reported,,,https://static.nhtsa.gov/odi/ffdd/sgo-2021-01/SGO-2021-01_Incident_Reports_ADS.csv,Yes
30270-13159,1,3e398b2b7ba7092,NOV-2025,No Deployment Reported,,,https://static.nhtsa.gov/odi/ffdd/sgo-2021-01/SGO-2021-01_Incident_Reports_ADS.csv,Yes
30270-13160,1,e58f9c1ddfb6571,NOV-2025,No Deployment Reported,,,https://static.nhtsa.gov/odi/ffdd/sgo-2021-01/SGO-2021-01_Incident_Reports_ADS.csv,Yes
30270-13161,1,9b6219cb373795e,NOV-2025,No Deployment Reported,,,https://static.nhtsa.gov/odi/ffdd/sgo-2021-01/SGO-2021-01_Incident_Reports_ADS.csv,Yes
30270-13162,1,d624ad27f53c2c6,NOV-2025,No Deployment Reported,,,https://static.nhtsa.gov/odi/ffdd/sgo-2021-01/SGO-2021-01_Incident_Reports_ADS.csv,Yes
30270-13163,1,3c3b5bdd25e239a,NOV-2025,No Deployment Reported,,,https://static.nhtsa.gov/odi/ffdd/sgo-2021-01/SGO-2021-01_Incident_Reports_ADS.csv,Yes
30270-13164,1,fd462c604311b17,NOV-2025,No Deployment Reported,,,https://static.nhtsa.gov/odi/ffdd/sgo-2021-01/SGO-2021-01_Incident_Reports_ADS.csv,Yes
30270-13165,1,0beda96ff956725,NOV-2025,No Deployment Reported,,,https://static.nhtsa.gov/odi/ffdd/sgo-2021-01/SGO-2021-01_Incident_Reports_ADS.csv,Yes
30270-13167,1,bb1ec8d2c85745a,NOV-2025,No Deployment Reported,,,https://static.nhtsa.gov/odi/ffdd/sgo-2021-01/SGO-2021-01_Incident_Reports_ADS.csv,Yes
30270-13189,1,600e5d97e4280fc,NOV-2025,No Deployment Reported,,,https://static.nhtsa.gov/odi/ffdd/sgo-2021-01/SGO-2021-01_Incident_Reports_ADS.csv,Yes
30270-13190,1,090f9ef63da3e2b,NOV-2025,No Deployment Reported,,,https://static.nhtsa.gov/odi/ffdd/sgo-2021-01/SGO-2021-01_Incident_Reports_ADS.csv,Yes
30270-13192,1,57077729fff8e86,NOV-2025,No Deployment Reported,,,https://static.nhtsa.gov/odi/ffdd/sgo-2021-01/SGO-2021-01_Incident_Reports_ADS.csv,Yes
30270-13193,1,3eca389fa864457,NOV-2025,No Deployment Reported,,,https://static.nhtsa.gov/odi/ffdd/sgo-2021-01/SGO-2021-01_Incident_Reports_ADS.csv,Yes
30270-13194,1,3341b2a34ec9273,NOV-2025,No Deployment Reported,,,https://static.nhtsa.gov/odi/ffdd/sgo-2021-01/SGO-2021-01_Incident_Reports_ADS.csv,Yes
30270-13195,1,5e05dd39035930e,NOV-2025,No Deployment Reported,,,https://static.nhtsa.gov/odi/ffdd/sgo-2021-01/SGO-2021-01_Incident_Reports_ADS.csv,Yes
30270-13196,1,ea640166d0e943a,NOV-2025,No Deployment Reported,,,https://static.nhtsa.gov/odi/ffdd/sgo-2021-01/SGO-2021-01_Incident_Reports_ADS.csv,Yes
30270-13197,1,fd92b0f3985c4b4,NOV-2025,No Deployment Reported,,,https://static.nhtsa.gov/odi/ffdd/sgo-2021-01/SGO-2021-01_Incident_Reports_ADS.csv,Yes
30270-13198,1,2908275d904dec6,NOV-2025,No Deployment Reported,,,https://static.nhtsa.gov/odi/ffdd/sgo-2021-01/SGO-2021-01_Incident_Reports_ADS.csv,Yes
30270-13199,1,cf7fad3cdabde9d,NOV-2025,No Deployment Reported,,,https://static.nhtsa.gov/odi/ffdd/sgo-2021-01/SGO-2021-01_Incident_Reports_ADS.csv,Yes
30270-13201,1,f6c34d57b306684,NOV-2025,No Deployment Reported,,,https://static.nhtsa.gov/odi/ffdd/sgo-2021-01/SGO-2021-01_Incident_Reports_ADS.csv,Yes
30270-13202,1,1459efa140d66de,NOV-2025,No Deployment Reported,,,https://static.nhtsa.gov/odi/ffdd/sgo-2021-01/SGO-2021-01_Incident_Reports_ADS.csv,Yes
30270-13204,1,78c1cd4769f96d4,NOV-2025,No Deployment Reported,,,https://static.nhtsa.gov/odi/ffdd/sgo-2021-01/SGO-2021-01_Incident_Reports_ADS.csv,Yes
30270-13205,1,a30779c2f50647e,NOV-2025,No Deployment Reported,,,https://static.nhtsa.gov/odi/ffdd/sgo-2021-01/SGO-2021-01_Incident_Reports_ADS.csv,Yes
30270-13206,1,6c0b324ca409978,NOV-2025,No Deployment Reported,,,https://static.nhtsa.gov/odi/ffdd/sgo-2021-01/SGO-2021-01_Incident_Reports_ADS.csv,Yes
30270-13235,1,d0fc94d6374ada4,NOV-2025,No Deployment Reported,,,https://static.nhtsa.gov/odi/ffdd/sgo-2021-01/SGO-2021-01_Incident_Reports_ADS.csv,Yes
30270-13236,1,15cb5b781820fcc,NOV-2025,No Deployment Reported,,,https://static.nhtsa.gov/odi/ffdd/sgo-2021-01/SGO-2021-01_Incident_Reports_ADS.csv,Yes
30270-13238,1,ea62cd0a21f6a7a,NOV-2025,No Deployment Reported,,,https://static.nhtsa.gov/odi/ffdd/sgo-2021-01/SGO-2021-01_Incident_Reports_ADS.csv,Yes
30270-13239,1,139935829f21dda,NOV-2025,No Deployment Reported,,,https://static.nhtsa.gov/odi/ffdd/sgo-2021-01/SGO-2021-01_Incident_Reports_ADS.csv,Yes
30270-13240,1,741c5bf006b3e9d,NOV-2025,No Deployment Reported,,,https://static.nhtsa.gov/odi/ffdd/sgo-2021-01/SGO-2021-01_Incident_Reports_ADS.csv,Yes
30270-13241,1,7f31ad68b7a066e,NOV-2025,No Deployment Reported,,,https://static.nhtsa.gov/odi/ffdd/sgo-2021-01/SGO-2021-01_Incident_Reports_ADS.csv,Yes
30270-13242,1,85b8b6408eea2a0,NOV-2025,No Deployment Reported,,,https://static.nhtsa.gov/odi/ffdd/sgo-2021-01/SGO-2021-01_Incident_Reports_ADS.csv,Yes
30270-13243,1,34255619c1b3a52,NOV-2025,No Deployment Reported,,,https://static.nhtsa.gov/odi/ffdd/sgo-2021-01/SGO-2021-01_Incident_Reports_ADS.csv,Yes
30270-13244,1,be7eac3aa1b0084,NOV-2025,No Deployment Reported,,,https://static.nhtsa.gov/odi/ffdd/sgo-2021-01/SGO-2021-01_Incident_Reports_ADS.csv,Yes
30270-13246,1,84283eb6b42b54b,NOV-2025,Unknown,,,https://static.nhtsa.gov/odi/ffdd/sgo-2021-01/SGO-2021-01_Incident_Reports_ADS.csv,Yes
30270-13247,1,6cc4f6696fe5774,NOV-2025,No Deployment Reported,,,https://static.nhtsa.gov/odi/ffdd/sgo-2021-01/SGO-2021-01_Incident_Reports_ADS.csv,Yes
30270-13250,1,7de80c3d901a4ae,NOV-2025,No Deployment Reported,,,https://static.nhtsa.gov/odi/ffdd/sgo-2021-01/SGO-2021-01_Incident_Reports_ADS.csv,Yes
30270-13251,1,4854612b6fd614b,NOV-2025,No Deployment Reported,,,https://static.nhtsa.gov/odi/ffdd/sgo-2021-01/SGO-2021-01_Incident_Reports_ADS.csv,Yes
30270-13252,1,8f3a886d8e8dd95,NOV-2025,No Deployment Reported,,,https://static.nhtsa.gov/odi/ffdd/sgo-2021-01/SGO-2021-01_Incident_Reports_ADS.csv,Yes
30270-13254,1,3dec32a59a22b69,NOV-2025,No Deployment Reported,,,https://static.nhtsa.gov/odi/ffdd/sgo-2021-01/SGO-2021-01_Incident_Reports_ADS.csv,Yes
30270-13255,1,08f2facfc20c80b,NOV-2025,No Deployment Reported,,,https://static.nhtsa.gov/odi/ffdd/sgo-2021-01/SGO-2021-01_Incident_Reports_ADS.csv,Yes
30270-13256,1,d42f320f6f44668,NOV-2025,No Deployment Reported,,,https://static.nhtsa.gov/odi/ffdd/sgo-2021-01/SGO-2021-01_Incident_Reports_ADS.csv,Yes
30270-13267,1,82ae70e17b0d2ec,DEC-2025,No Deployment Reported,,,https://static.nhtsa.gov/odi/ffdd/sgo-2021-01/SGO-2021-01_Incident_Reports_ADS.csv,Yes
30270-13268,1,ec68eb1eab1b37e,NOV-2025,No Deployment Reported,,,https://static.nhtsa.gov/odi/ffdd/sgo-2021-01/SGO-2021-01_Incident_Reports_ADS.csv,Yes
30270-13269,1,0f4b2c30b2b9d2a,NOV-2025,No Deployment Reported,,,https://static.nhtsa.gov/odi/ffdd/sgo-2021-01/SGO-2021-01_Incident_Reports_ADS.csv,Yes
30270-13270,1,d60f282760e4cfc,NOV-2025,No Deployment Reported,,,https://static.nhtsa.gov/odi/ffdd/sgo-2021-01/SGO-2021-01_Incident_Reports_ADS.csv,Yes
30270-13274,1,260ce8366bd8421,NOV-2025,No Deployment Reported,,,https://static.nhtsa.gov/odi/ffdd/sgo-2021-01/SGO-2021-01_Incident_Reports_ADS.csv,Yes
30270-13275,1,4e6bd638c28f802,NOV-2025,No Deployment Reported,,,https://static.nhtsa.gov/odi/ffdd/sgo-2021-01/SGO-2021-01_Incident_Reports_ADS.csv,Yes
30270-13276,1,a5ba9c361d5c1b2,NOV-2025,No Deployment Reported,,,https://static.nhtsa.gov/odi/ffdd/sgo-2021-01/SGO-2021-01_Incident_Reports_ADS.csv,Yes
30270-13277,1,4e746021b472ab5,DEC-2025,No Deployment Reported,,,https://static.nhtsa.gov/odi/ffdd/sgo-2021-01/SGO-2021-01_Incident_Reports_ADS.csv,Yes
30270-13278,1,83944815ca12307,DEC-2025,No Deployment Reported,,,https://static.nhtsa.gov/odi/ffdd/sgo-2021-01/SGO-2021-01_Incident_Reports_ADS.csv,Yes
30270-13279,1,9141bee29f12599,DEC-2025,No Deployment Reported,,,https://static.nhtsa.gov/odi/ffdd/sgo-2021-01/SGO-2021-01_Incident_Reports_ADS.csv,Yes
30270-13287,1,2e193f1562b2fe7,DEC-2025,No Deployment Reported,,,https://static.nhtsa.gov/odi/ffdd/sgo-2021-01/SGO-2021-01_Incident_Reports_ADS.csv,Yes
30270-13300,1,fe2407fd3ee875d,DEC-2025,No Deployment Reported,,,https://static.nhtsa.gov/odi/ffdd/sgo-2021-01/SGO-2021-01_Incident_Reports_ADS.csv,Yes
30270-13301,1,edcc53966f2dc75,DEC-2025,No Deployment Reported,,,https://static.nhtsa.gov/odi/ffdd/sgo-2021-01/SGO-2021-01_Incident_Reports_ADS.csv,Yes
30270-13302,1,f91f501cceb2bff,DEC-2025,No Deployment Reported,,,https://static.nhtsa.gov/odi/ffdd/sgo-2021-01/SGO-2021-01_Incident_Reports_ADS.csv,Yes
30270-13303,1,64f79f6cea38760,DEC-2025,No Deployment Reported,,,https://static.nhtsa.gov/odi/ffdd/sgo-2021-01/SGO-2021-01_Incident_Reports_ADS.csv,Yes
30270-13307,1,6fc8ce048c26c1d,DEC-2025,No Deployment Reported,,,https://static.nhtsa.gov/odi/ffdd/sgo-2021-01/SGO-2021-01_Incident_Reports_ADS.csv,Yes
30270-13308,1,7f03f4b35d36842,DEC-2025,No Deployment Reported,,,https://static.nhtsa.gov/odi/ffdd/sgo-2021-01/SGO-2021-01_Incident_Reports_ADS.csv,Yes
30270-13309,1,4dbab81ac5cc067,DEC-2025,No Deployment Reported,,,https://static.nhtsa.gov/odi/ffdd/sgo-2021-01/SGO-2021-01_Incident_Reports_ADS.csv,Yes
30270-13310,1,ffd4525ad4b2419,NOV-2025,No Deployment Reported,,,https://static.nhtsa.gov/odi/ffdd/sgo-2021-01/SGO-2021-01_Incident_Reports_ADS.csv,Yes
30270-13311,1,6bfeaaceecba2e3,NOV-2025,No Deployment Reported,,,https://static.nhtsa.gov/odi/ffdd/sgo-2021-01/SGO-2021-01_Incident_Reports_ADS.csv,Yes
30270-13312,1,edec9e54071c6ad,NOV-2025,No Deployment Reported,,,https://static.nhtsa.gov/odi/ffdd/sgo-2021-01/SGO-2021-01_Incident_Reports_ADS.csv,Yes
30270-13320,1,d5ace6c48f831a4,DEC-2025,No Deployment Reported,,,https://static.nhtsa.gov/odi/ffdd/sgo-2021-01/SGO-2021-01_Incident_Reports_ADS.csv,Yes
30270-13321,1,6f28fc409d36924,DEC-2025,No Deployment Reported,,,https://static.nhtsa.gov/odi/ffdd/sgo-2021-01/SGO-2021-01_Incident_Reports_ADS.csv,Yes
30270-13322,1,361d6211870d1b9,DEC-2025,No Deployment Reported,,,https://static.nhtsa.gov/odi/ffdd/sgo-2021-01/SGO-2021-01_Incident_Reports_ADS.csv,Yes
30270-13323,1,4662f57cf70d6cc,DEC-2025,No Deployment Reported,,,https://static.nhtsa.gov/odi/ffdd/sgo-2021-01/SGO-2021-01_Incident_Reports_ADS.csv,Yes
30270-13324,1,2234317073e09fd,DEC-2025,No Deployment Reported,,,https://static.nhtsa.gov/odi/ffdd/sgo-2021-01/SGO-2021-01_Incident_Reports_ADS.csv,Yes
30270-13325,1,b1206b74c116caf,DEC-2025,No Deployment Reported,,,https://static.nhtsa.gov/odi/ffdd/sgo-2021-01/SGO-2021-01_Incident_Reports_ADS.csv,Yes
30270-13326,1,dfdd19231c02d44,DEC-2025,No Deployment Reported,,,https://static.nhtsa.gov/odi/ffdd/sgo-2021-01/SGO-2021-01_Incident_Reports_ADS.csv,Yes
30270-13327,1,d55ed8e4cc6558b,DEC-2025,No Deployment Reported,,,https://static.nhtsa.gov/odi/ffdd/sgo-2021-01/SGO-2021-01_Incident_Reports_ADS.csv,Yes
30270-13328,1,5c20154740676df,DEC-2025,No Deployment Reported,,,https://static.nhtsa.gov/odi/ffdd/sgo-2021-01/SGO-2021-01_Incident_Reports_ADS.csv,Yes
30270-13331,1,62a7c3abeceb5f3,DEC-2025,No Deployment Reported,,,https://static.nhtsa.gov/odi/ffdd/sgo-2021-01/SGO-2021-01_Incident_Reports_ADS.csv,Yes
30270-13340,1,2fc73932cae4c23,DEC-2025,No Deployment Reported,,,https://static.nhtsa.gov/odi/ffdd/sgo-2021-01/SGO-2021-01_Incident_Reports_ADS.csv,Yes
30270-13361,1,e62997987f4883e,DEC-2025,No Deployment Reported,,,https://static.nhtsa.gov/odi/ffdd/sgo-2021-01/SGO-2021-01_Incident_Reports_ADS.csv,Yes
30270-13363,1,d742f9536e7d155,DEC-2025,Deployed,,,https://static.nhtsa.gov/odi/ffdd/sgo-2021-01/SGO-2021-01_Incident_Reports_ADS.csv,Yes
30270-13364,1,3e4c7e40d09d74d,DEC-2025,No Deployment Reported,,,https://static.nhtsa.gov/odi/ffdd/sgo-2021-01/SGO-2021-01_Incident_Reports_ADS.csv,Yes
30270-13365,1,09904a03b2631e9,DEC-2025,No Deployment Reported,,,https://static.nhtsa.gov/odi/ffdd/sgo-2021-01/SGO-2021-01_Incident_Reports_ADS.csv,Yes
30270-13369,1,0d2954a0b45051c,DEC-2025,No Deployment Reported,,,https://static.nhtsa.gov/odi/ffdd/sgo-2021-01/SGO-2021-01_Incident_Reports_ADS.csv,Yes
30270-13370,1,5c611728d7fbd04,DEC-2025,No Deployment Reported,,,https://static.nhtsa.gov/odi/ffdd/sgo-2021-01/SGO-2021-01_Incident_Reports_ADS.csv,Yes
30270-13371,1,ace913e621d7d1a,DEC-2025,No Deployment Reported,,,https://static.nhtsa.gov/odi/ffdd/sgo-2021-01/SGO-2021-01_Incident_Reports_ADS.csv,Yes
30270-13372,1,d95454d92c5037c,DEC-2025,No Deployment Reported,,,https://static.nhtsa.gov/odi/ffdd/sgo-2021-01/SGO-2021-01_Incident_Reports_ADS.csv,Yes
30270-13373,1,4e7a4a189feb7da,NOV-2025,No Deployment Reported,,,https://static.nhtsa.gov/odi/ffdd/sgo-2021-01/SGO-2021-01_Incident_Reports_ADS.csv,Yes
30270-13378,1,f8b63962464df67,DEC-2025,Unknown,,,https://static.nhtsa.gov/odi/ffdd/sgo-2021-01/SGO-2021-01_Incident_Reports_ADS.csv,Yes
30270-13379,1,2b5ae9c7ac01ab8,DEC-2025,No Deployment Reported,,,https://static.nhtsa.gov/odi/ffdd/sgo-2021-01/SGO-2021-01_Incident_Reports_ADS.csv,Yes
30270-13384,1,4883424a68be80b,DEC-2025,Deployed,,,https://static.nhtsa.gov/odi/ffdd/sgo-2021-01/SGO-2021-01_Incident_Reports_ADS.csv,Yes
30270-13388,1,0e0a5572bcb3b2d,DEC-2025,No Deployment Reported,,,https://static.nhtsa.gov/odi/ffdd/sgo-2021-01/SGO-2021-01_Incident_Reports_ADS.csv,Yes
30270-13395,1,b0a00c95c064158,DEC-2025,No Deployment Reported,,,https://static.nhtsa.gov/odi/ffdd/sgo-2021-01/SGO-2021-01_Incident_Reports_ADS.csv,Yes
30270-13396,1,1d624bfdf4fffa4,DEC-2025,No Deployment Reported,,,https://static.nhtsa.gov/odi/ffdd/sgo-2021-01/SGO-2021-01_Incident_Reports_ADS.csv,Yes
30270-13397,1,ac181687dac1918,DEC-2025,No Deployment Reported,,,https://static.nhtsa.gov/odi/ffdd/sgo-2021-01/SGO-2021-01_Incident_Reports_ADS.csv,Yes
30270-13399,1,19a716eeeeaa926,DEC-2025,Deployed,,,https://static.nhtsa.gov/odi/ffdd/sgo-2021-01/SGO-2021-01_Incident_Reports_ADS.csv,Yes
30270-13400,1,c6ae52e1a1ebf88,DEC-2025,No Deployment Reported,,,https://static.nhtsa.gov/odi/ffdd/sgo-2021-01/SGO-2021-01_Incident_Reports_ADS.csv,Yes
30270-13401,1,5a2acaec2656834,DEC-2025,No Deployment Reported,,,https://static.nhtsa.gov/odi/ffdd/sgo-2021-01/SGO-2021-01_Incident_Reports_ADS.csv,Yes
30270-13402,1,1b34daff9fc7fdc,DEC-2025,No Deployment Reported,,,https://static.nhtsa.gov/odi/ffdd/sgo-2021-01/SGO-2021-01_Incident_Reports_ADS.csv,Yes
30270-13403,1,7a2a9089c020f6c,DEC-2025,No Deployment Reported,,,https://static.nhtsa.gov/odi/ffdd/sgo-2021-01/SGO-2021-01_Incident_Reports_ADS.csv,Yes
30270-13405,1,70d9fab5c60551f,DEC-2025,No Deployment Reported,,,https://static.nhtsa.gov/odi/ffdd/sgo-2021-01/SGO-2021-01_Incident_Reports_ADS.csv,Yes
30270-13407,1,f423f59614d8fee,DEC-2025,No Deployment Reported,,,https://static.nhtsa.gov/odi/ffdd/sgo-2021-01/SGO-2021-01_Incident_Reports_ADS.csv,Yes
30270-13408,1,4d21152023adbf1,DEC-2025,No Deployment Reported,,,https://static.nhtsa.gov/odi/ffdd/sgo-2021-01/SGO-2021-01_Incident_Reports_ADS.csv,Yes
30270-13409,1,df2bf3c9c85e2ef,DEC-2025,No Deployment Reported,,,https://static.nhtsa.gov/odi/ffdd/sgo-2021-01/SGO-2021-01_Incident_Reports_ADS.csv,Yes
30270-13410,1,ddd36e3c35a0cb8,DEC-2025,No Deployment Reported,,,https://static.nhtsa.gov/odi/ffdd/sgo-2021-01/SGO-2021-01_Incident_Reports_ADS.csv,Yes
30270-13416,1,e551068a5df5221,DEC-2025,No Deployment Reported,,,https://static.nhtsa.gov/odi/ffdd/sgo-2021-01/SGO-2021-01_Incident_Reports_ADS.csv,Yes
30270-13420,1,58c9b97e060f21a,DEC-2025,No Deployment Reported,,,https://static.nhtsa.gov/odi/ffdd/sgo-2021-01/SGO-2021-01_Incident_Reports_ADS.csv,Yes
30270-13442,1,726438b36fdd328,DEC-2025,No Deployment Reported,,,https://static.nhtsa.gov/odi/ffdd/sgo-2021-01/SGO-2021-01_Incident_Reports_ADS.csv,Yes
30270-13443,1,fc7eec2d8b4d9a8,DEC-2025,No Deployment Reported,,,https://static.nhtsa.gov/odi/ffdd/sgo-2021-01/SGO-2021-01_Incident_Reports_ADS.csv,Yes
30270-13444,1,572eda94d5649db,DEC-2025,No Deployment Reported,,,https://static.nhtsa.gov/odi/ffdd/sgo-2021-01/SGO-2021-01_Incident_Reports_ADS.csv,Yes
30270-13445,1,a21125c585cc188,DEC-2025,No Deployment Reported,,,https://static.nhtsa.gov/odi/ffdd/sgo-2021-01/SGO-2021-01_Incident_Reports_ADS.csv,Yes
30270-13447,1,16727ae80e39d98,DEC-2025,No Deployment Reported,,,https://static.nhtsa.gov/odi/ffdd/sgo-2021-01/SGO-2021-01_Incident_Reports_ADS.csv,Yes
30270-13448,1,603fb5140a1d8dd,DEC-2025,No Deployment Reported,,,https://static.nhtsa.gov/odi/ffdd/sgo-2021-01/SGO-2021-01_Incident_Reports_ADS.csv,Yes
30270-13449,1,616f675a2e2ccb7,DEC-2025,Deployed,,,https://static.nhtsa.gov/odi/ffdd/sgo-2021-01/SGO-2021-01_Incident_Reports_ADS.csv,Yes
30270-13450,1,53ed516aacbba68,DEC-2025,No Deployment Reported,,,https://static.nhtsa.gov/odi/ffdd/sgo-2021-01/SGO-2021-01_Incident_Reports_ADS.csv,Yes
30270-13451,1,80e05db036d7ddb,DEC-2025,No Deployment Reported,,,https://static.nhtsa.gov/odi/ffdd/sgo-2021-01/SGO-2021-01_Incident_Reports_ADS.csv,Yes
30270-13452,1,2f23e4e3267584e,DEC-2025,No Deployment Reported,,,https://static.nhtsa.gov/odi/ffdd/sgo-2021-01/SGO-2021-01_Incident_Reports_ADS.csv,Yes
30270-13453,1,114be9ea321662b,DEC-2025,No Deployment Reported,,,https://static.nhtsa.gov/odi/ffdd/sgo-2021-01/SGO-2021-01_Incident_Reports_ADS.csv,Yes
30270-13454,1,51551c86ba6b923,DEC-2025,No Deployment Reported,,,https://static.nhtsa.gov/odi/ffdd/sgo-2021-01/SGO-2021-01_Incident_Reports_ADS.csv,Yes
30270-13467,1,9dd973452a78df1,DEC-2025,No Deployment Reported,,,https://static.nhtsa.gov/odi/ffdd/sgo-2021-01/SGO-2021-01_Incident_Reports_ADS.csv,Yes
30270-13471,1,185c2e8c15d0722,DEC-2025,No Deployment Reported,,,https://static.nhtsa.gov/odi/ffdd/sgo-2021-01/SGO-2021-01_Incident_Reports_ADS.csv,Yes
30270-13484,1,59f1938f3e901e0,DEC-2025,No Deployment Reported,,,https://static.nhtsa.gov/odi/ffdd/sgo-2021-01/SGO-2021-01_Incident_Reports_ADS.csv,Yes
30270-13485,1,e1f3e7fe553b30b,DEC-2025,No Deployment Reported,,,https://static.nhtsa.gov/odi/ffdd/sgo-2021-01/SGO-2021-01_Incident_Reports_ADS.csv,Yes
30270-13486,1,8ad2398b05d30a4,DEC-2025,No Deployment Reported,,,https://static.nhtsa.gov/odi/ffdd/sgo-2021-01/SGO-2021-01_Incident_Reports_ADS.csv,Yes
30270-13487,1,655c60b0b9f9de6,DEC-2025,No Deployment Reported,,,https://static.nhtsa.gov/odi/ffdd/sgo-2021-01/SGO-2021-01_Incident_Reports_ADS.csv,Yes
30270-13488,1,fea63b8a53ec793,DEC-2025,No Deployment Reported,,,https://static.nhtsa.gov/odi/ffdd/sgo-2021-01/SGO-2021-01_Incident_Reports_ADS.csv,Yes
30270-13489,1,36ac9271b3567b1,DEC-2025,No Deployment Reported,,,https://static.nhtsa.gov/odi/ffdd/sgo-2021-01/SGO-2021-01_Incident_Reports_ADS.csv,Yes
30270-13490,1,29280726fd13302,DEC-2025,Deployed,,,https://static.nhtsa.gov/odi/ffdd/sgo-2021-01/SGO-2021-01_Incident_Reports_ADS.csv,Yes
30270-13491,1,ac64bde20c3ffee,DEC-2025,No Deployment Reported,,,https://static.nhtsa.gov/odi/ffdd/sgo-2021-01/SGO-2021-01_Incident_Reports_ADS.csv,Yes
30270-13495,1,9e214c49cbfb0e9,DEC-2025,No Deployment Reported,,,https://static.nhtsa.gov/odi/ffdd/sgo-2021-01/SGO-2021-01_Incident_Reports_ADS.csv,Yes
30270-13506,1,a09154619b800d7,DEC-2025,No Deployment Reported,,,https://static.nhtsa.gov/odi/ffdd/sgo-2021-01/SGO-2021-01_Incident_Reports_ADS.csv,Yes
30270-13507,1,617413a35322fb6,DEC-2025,No Deployment Reported,,,https://static.nhtsa.gov/odi/ffdd/sgo-2021-01/SGO-2021-01_Incident_Reports_ADS.csv,Yes
30270-13508,1,fa3e81cf4dec04e,DEC-2025,No Deployment Reported,,,https://static.nhtsa.gov/odi/ffdd/sgo-2021-01/SGO-2021-01_Incident_Reports_ADS.csv,Yes
30270-13509,1,a7d9250aa69b874,DEC-2025,Unknown,,,https://static.nhtsa.gov/odi/ffdd/sgo-2021-01/SGO-2021-01_Incident_Reports_ADS.csv,Yes
30270-13510,1,12bf01da57630d0,DEC-2025,No Deployment Reported,,,https://static.nhtsa.gov/odi/ffdd/sgo-2021-01/SGO-2021-01_Incident_Reports_ADS.csv,Yes
30270-13511,1,2bfbf573864f0aa,DEC-2025,No Deployment Reported,,,https://static.nhtsa.gov/odi/ffdd/sgo-2021-01/SGO-2021-01_Incident_Reports_ADS.csv,Yes
30270-13512,1,f6223253045ded5,DEC-2025,No Deployment Reported,,,https://static.nhtsa.gov/odi/ffdd/sgo-2021-01/SGO-2021-01_Incident_Reports_ADS.csv,Yes
30270-13513,1,328185ce1d42d02,DEC-2025,No Deployment Reported,,,https://static.nhtsa.gov/odi/ffdd/sgo-2021-01/SGO-2021-01_Incident_Reports_ADS.csv,Yes
30270-13514,1,be040e4724f444b,DEC-2025,Unknown,,,https://static.nhtsa.gov/odi/ffdd/sgo-2021-01/SGO-2021-01_Incident_Reports_ADS.csv,Yes
30270-13515,1,58707dc792e3686,DEC-2025,No Deployment Reported,,,https://static.nhtsa.gov/odi/ffdd/sgo-2021-01/SGO-2021-01_Incident_Reports_ADS.csv,Yes
30270-13538,1,ba6ff2626e5b676,DEC-2025,No Deployment Reported,,,https://static.nhtsa.gov/odi/ffdd/sgo-2021-01/SGO-2021-01_Incident_Reports_ADS.csv,Yes
30270-13539,1,0ab0e26462d346b,DEC-2025,No Deployment Reported,,,https://static.nhtsa.gov/odi/ffdd/sgo-2021-01/SGO-2021-01_Incident_Reports_ADS.csv,Yes
30270-13540,1,43b2318763bedde,DEC-2025,No Deployment Reported,,,https://static.nhtsa.gov/odi/ffdd/sgo-2021-01/SGO-2021-01_Incident_Reports_ADS.csv,Yes
30270-13541,1,76a67f30bc7dbec,DEC-2025,No Deployment Reported,,,https://static.nhtsa.gov/odi/ffdd/sgo-2021-01/SGO-2021-01_Incident_Reports_ADS.csv,Yes
30270-13542,1,c24e10927c4b9cc,DEC-2025,No Deployment Reported,,,https://static.nhtsa.gov/odi/ffdd/sgo-2021-01/SGO-2021-01_Incident_Reports_ADS.csv,Yes
30270-13543,1,74e9c9d57cd24ea,JAN-2026,Deployed,,,https://static.nhtsa.gov/odi/ffdd/sgo-2021-01/SGO-2021-01_Incident_Reports_ADS.csv,Yes
30270-13544,1,5775424de1e4cb2,JAN-2026,No Deployment Reported,,,https://static.nhtsa.gov/odi/ffdd/sgo-2021-01/SGO-2021-01_Incident_Reports_ADS.csv,Yes
30270-13545,1,788f2b358042cdf,JAN-2026,No Deployment Reported,,,https://static.nhtsa.gov/odi/ffdd/sgo-2021-01/SGO-2021-01_Incident_Reports_ADS.csv,Yes
30270-13546,1,572d061decfdca8,JAN-2026,No Deployment Reported,,,https://static.nhtsa.gov/odi/ffdd/sgo-2021-01/SGO-2021-01_Incident_Reports_ADS.csv,Yes
30270-13547,1,cb12e77624194b9,JAN-2026,No Deployment Reported,,,https://static.nhtsa.gov/odi/ffdd/sgo-2021-01/SGO-2021-01_Incident_Reports_ADS.csv,Yes
30270-13548,1,2ce68a6cea99c1d,DEC-2025,No Deployment Reported,,,https://static.nhtsa.gov/odi/ffdd/sgo-2021-01/SGO-2021-01_Incident_Reports_ADS.csv,Yes
30270-13549,1,e97daa6b4275a56,DEC-2025,No Deployment Reported,,,https://static.nhtsa.gov/odi/ffdd/sgo-2021-01/SGO-2021-01_Incident_Reports_ADS.csv,Yes
30270-13550,1,63c4aa594622616,JAN-2026,Deployed,,,https://static.nhtsa.gov/odi/ffdd/sgo-2021-01/SGO-2021-01_Incident_Reports_ADS.csv,Yes
30270-13551,1,e42070f58e9d454,JAN-2026,No Deployment Reported,,,https://static.nhtsa.gov/odi/ffdd/sgo-2021-01/SGO-2021-01_Incident_Reports_ADS.csv,Yes
30270-13552,1,9c948a2c8983a42,JAN-2026,No Deployment Reported,,,https://static.nhtsa.gov/odi/ffdd/sgo-2021-01/SGO-2021-01_Incident_Reports_ADS.csv,Yes
30270-13554,1,4b18be216990941,DEC-2025,No Deployment Reported,,,https://static.nhtsa.gov/odi/ffdd/sgo-2021-01/SGO-2021-01_Incident_Reports_ADS.csv,Yes
30270-13556,1,455ee6bfa539476,JAN-2026,No Deployment Reported,,,https://static.nhtsa.gov/odi/ffdd/sgo-2021-01/SGO-2021-01_Incident_Reports_ADS.csv,Yes
30270-13557,1,66e337eaecb611a,DEC-2025,No Deployment Reported,,,https://static.nhtsa.gov/odi/ffdd/sgo-2021-01/SGO-2021-01_Incident_Reports_ADS.csv,Yes
30270-13558,1,b8354b89bc8ed96,JAN-2026,No Deployment Reported,,,https://static.nhtsa.gov/odi/ffdd/sgo-2021-01/SGO-2021-01_Incident_Reports_ADS.csv,Yes
30270-13559,1,50ee93e087a787d,JAN-2026,Unknown,,,https://static.nhtsa.gov/odi/ffdd/sgo-2021-01/SGO-2021-01_Incident_Reports_ADS.csv,Yes
30270-13560,1,1c7233a19c90db9,JAN-2026,No Deployment Reported,,,https://static.nhtsa.gov/odi/ffdd/sgo-2021-01/SGO-2021-01_Incident_Reports_ADS.csv,Yes
30270-13561,1,b2b3e3eca58bddb,JAN-2026,No Deployment Reported,,,https://static.nhtsa.gov/odi/ffdd/sgo-2021-01/SGO-2021-01_Incident_Reports_ADS.csv,Yes
30270-13564,1,b455899947f4ff9,DEC-2025,No Deployment Reported,,,https://static.nhtsa.gov/odi/ffdd/sgo-2021-01/SGO-2021-01_Incident_Reports_ADS.csv,Yes
30270-13565,1,a5780f3f293d633,JAN-2026,Unknown,,,https://static.nhtsa.gov/odi/ffdd/sgo-2021-01/SGO-2021-01_Incident_Reports_ADS.csv,Yes
30270-13571,1,7f8898a91bd9394,JAN-2026,No Deployment Reported,,,https://static.nhtsa.gov/odi/ffdd/sgo-2021-01/SGO-2021-01_Incident_Reports_ADS.csv,Yes
30270-13573,1,090cb98f8f58358,JAN-2026,Deployed,,,https://static.nhtsa.gov/odi/ffdd/sgo-2021-01/SGO-2021-01_Incident_Reports_ADS.csv,Yes
30270-13575,1,f5fd54d443a806a,JAN-2026,No Deployment Reported,,,https://static.nhtsa.gov/odi/ffdd/sgo-2021-01/SGO-2021-01_Incident_Reports_ADS.csv,Yes
30270-13578,1,e9306c098e1bcca,JAN-2026,No Deployment Reported,,,https://static.nhtsa.gov/odi/ffdd/sgo-2021-01/SGO-2021-01_Incident_Reports_ADS.csv,Yes
30270-13581,1,c0a3bf56cacd0a0,JAN-2026,No Deployment Reported,,,https://static.nhtsa.gov/odi/ffdd/sgo-2021-01/SGO-2021-01_Incident_Reports_ADS.csv,Yes
30270-13582,1,df8b95ac4152a51,JAN-2026,No Deployment Reported,,,https://static.nhtsa.gov/odi/ffdd/sgo-2021-01/SGO-2021-01_Incident_Reports_ADS.csv,Yes
30270-13583,1,dfc3628b216077c,JAN-2026,Unknown,,,https://static.nhtsa.gov/odi/ffdd/sgo-2021-01/SGO-2021-01_Incident_Reports_ADS.csv,Yes
30270-13585,1,8304b13e00692a8,JAN-2026,No Deployment Reported,,,https://static.nhtsa.gov/odi/ffdd/sgo-2021-01/SGO-2021-01_Incident_Reports_ADS.csv,Yes
30270-13586,1,a9b16cb791cd38b,JAN-2026,Deployed,,,https://static.nhtsa.gov/odi/ffdd/sgo-2021-01/SGO-2021-01_Incident_Reports_ADS.csv,Yes
30270-13587,1,e832a18db99662e,JAN-2026,No Deployment Reported,,,https://static.nhtsa.gov/odi/ffdd/sgo-2021-01/SGO-2021-01_Incident_Reports_ADS.csv,Yes
30270-13604,1,0fc18218a8e7468,JAN-2026,No Deployment Reported,,,https://static.nhtsa.gov/odi/ffdd/sgo-2021-01/SGO-2021-01_Incident_Reports_ADS.csv,Yes
30270-13605,1,bdce5fc66f1168e,JAN-2026,Deployed,,,https://static.nhtsa.gov/odi/ffdd/sgo-2021-01/SGO-2021-01_Incident_Reports_ADS.csv,Yes
30270-13606,1,61c7dd865006246,JAN-2026,No Deployment Reported,,,https://static.nhtsa.gov/odi/ffdd/sgo-2021-01/SGO-2021-01_Incident_Reports_ADS.csv,Yes
30270-13607,1,bd14d8f56591057,JAN-2026,No Deployment Reported,,,https://static.nhtsa.gov/odi/ffdd/sgo-2021-01/SGO-2021-01_Incident_Reports_ADS.csv,Yes
30270-13610,1,9fcafa091357604,JAN-2026,No Deployment Reported,,,https://static.nhtsa.gov/odi/ffdd/sgo-2021-01/SGO-2021-01_Incident_Reports_ADS.csv,Yes
30270-13611,1,c2d81542f33f14e,JAN-2026,No Deployment Reported,,,https://static.nhtsa.gov/odi/ffdd/sgo-2021-01/SGO-2021-01_Incident_Reports_ADS.csv,Yes
30270-13623,1,ab9f3c305e7f11c,JAN-2026,No Deployment Reported,,,https://static.nhtsa.gov/odi/ffdd/sgo-2021-01/SGO-2021-01_Incident_Reports_ADS.csv,Yes
30270-13636,1,4afbcf6efad473e,JAN-2026,No Deployment Reported,,,https://static.nhtsa.gov/odi/ffdd/sgo-2021-01/SGO-2021-01_Incident_Reports_ADS.csv,Yes
30270-13638,1,70f3b0a3f9f0759,JAN-2026,No Deployment Reported,,,https://static.nhtsa.gov/odi/ffdd/sgo-2021-01/SGO-2021-01_Incident_Reports_ADS.csv,Yes
30270-13639,1,b715fa84e72e68e,JAN-2026,Deployed,,,https://static.nhtsa.gov/odi/ffdd/sgo-2021-01/SGO-2021-01_Incident_Reports_ADS.csv,Yes
30270-13641,1,8fd89dbe9a81dff,JAN-2026,No Deployment Reported,,,https://static.nhtsa.gov/odi/ffdd/sgo-2021-01/SGO-2021-01_Incident_Reports_ADS.csv,Yes
30270-13642,1,7822af0f06ebe31,JAN-2026,No Deployment Reported,,,https://static.nhtsa.gov/odi/ffdd/sgo-2021-01/SGO-2021-01_Incident_Reports_ADS.csv,Yes
30270-13643,1,433fe63e6e3e1ed,JAN-2026,No Deployment Reported,,,https://static.nhtsa.gov/odi/ffdd/sgo-2021-01/SGO-2021-01_Incident_Reports_ADS.csv,Yes
30270-13650,1,7c76c5fe1e66f1c,JAN-2026,No Deployment Reported,,,https://static.nhtsa.gov/odi/ffdd/sgo-2021-01/SGO-2021-01_Incident_Reports_ADS.csv,Yes
30270-13652,1,a65e8754cc93925,JAN-2026,Deployed,,,https://static.nhtsa.gov/odi/ffdd/sgo-2021-01/SGO-2021-01_Incident_Reports_ADS.csv,Yes
30270-13653,1,e32d43782dfa8de,JAN-2026,No Deployment Reported,,,https://static.nhtsa.gov/odi/ffdd/sgo-2021-01/SGO-2021-01_Incident_Reports_ADS.csv,Yes
30270-13654,1,6148b6bacbe478c,JAN-2026,No Deployment Reported,,,https://static.nhtsa.gov/odi/ffdd/sgo-2021-01/SGO-2021-01_Incident_Reports_ADS.csv,Yes
30270-13656,1,5f08f808e95827b,JAN-2026,No Deployment Reported,,,https://static.nhtsa.gov/odi/ffdd/sgo-2021-01/SGO-2021-01_Incident_Reports_ADS.csv,Yes
30270-13657,1,bae33a18d41e9c1,JAN-2026,No Deployment Reported,,,https://static.nhtsa.gov/odi/ffdd/sgo-2021-01/SGO-2021-01_Incident_Reports_ADS.csv,Yes
30270-13658,1,523840e3e4c859f,JAN-2026,No Deployment Reported,,,https://static.nhtsa.gov/odi/ffdd/sgo-2021-01/SGO-2021-01_Incident_Reports_ADS.csv,Yes
30270-13663,1,139599d468b2d56,JAN-2026,Unknown,,,https://static.nhtsa.gov/odi/ffdd/sgo-2021-01/SGO-2021-01_Incident_Reports_ADS.csv,Yes
30270-13664,1,6b975e2168f2bbd,JAN-2026,No Deployment Reported,,,https://static.nhtsa.gov/odi/ffdd/sgo-2021-01/SGO-2021-01_Incident_Reports_ADS.csv,Yes
30270-13665,1,4f385f0d61d0eae,JAN-2026,Unknown,,,https://static.nhtsa.gov/odi/ffdd/sgo-2021-01/SGO-2021-01_Incident_Reports_ADS.csv,Yes
30270-13682,1,b47ce778ade026d,JAN-2026,No Deployment Reported,,,https://static.nhtsa.gov/odi/ffdd/sgo-2021-01/SGO-2021-01_Incident_Reports_ADS.csv,Yes
30270-13688,1,a1cd0a4872be7b0,JAN-2026,No Deployment Reported,,,https://static.nhtsa.gov/odi/ffdd/sgo-2021-01/SGO-2021-01_Incident_Reports_ADS.csv,Yes
30270-1371,1,2be0d6e1e9a8d23,OCT-2021,No Deployment Reported,No,No,https://static.nhtsa.gov/odi/ffdd/sgo-2021-01/Archive-2021-2025/SGO-2021-01_Incident_Reports_ADS.csv,Yes
30270-13762,1,b760e13a26a57ea,JAN-2026,No Deployment Reported,,,https://static.nhtsa.gov/odi/ffdd/sgo-2021-01/SGO-2021-01_Incident_Reports_ADS.csv,Yes
30270-13763,1,3c6b00b1ac88169,JAN-2026,No Deployment Reported,,,https://static.nhtsa.gov/odi/ffdd/sgo-2021-01/SGO-2021-01_Incident_Reports_ADS.csv,Yes
30270-13764,1,feeed20edf67b7d,JAN-2026,No Deployment Reported,,,https://static.nhtsa.gov/odi/ffdd/sgo-2021-01/SGO-2021-01_Incident_Reports_ADS.csv,Yes
30270-13765,1,37eec80f6812b0a,JAN-2026,No Deployment Reported,,,https://static.nhtsa.gov/odi/ffdd/sgo-2021-01/SGO-2021-01_Incident_Reports_ADS.csv,Yes
30270-13766,1,7b5d8197c4cbce3,JAN-2026,No Deployment Reported,,,https://static.nhtsa.gov/odi/ffdd/sgo-2021-01/SGO-2021-01_Incident_Reports_ADS.csv,Yes
30270-13769,1,e786c2bcd0c88eb,JAN-2026,No Deployment Reported,,,https://static.nhtsa.gov/odi/ffdd/sgo-2021-01/SGO-2021-01_Incident_Reports_ADS.csv,Yes
30270-13770,1,8ec5e956dfe4eeb,JAN-2026,No Deployment Reported,,,https://static.nhtsa.gov/odi/ffdd/sgo-2021-01/SGO-2021-01_Incident_Reports_ADS.csv,Yes
30270-13778,1,91b3ec45389293c,JAN-2026,No Deployment Reported,,,https://static.nhtsa.gov/odi/ffdd/sgo-2021-01/SGO-2021-01_Incident_Reports_ADS.csv,Yes
30270-13783,1,d5040a96ea567bd,JAN-2026,No Deployment Reported,,,https://static.nhtsa.gov/odi/ffdd/sgo-2021-01/SGO-2021-01_Incident_Reports_ADS.csv,Yes
30270-13785,1,e2e56321b0ccfb8,JAN-2026,No Deployment Reported,,,https://static.nhtsa.gov/odi/ffdd/sgo-2021-01/SGO-2021-01_Incident_Reports_ADS.csv,Yes
30270-13786,1,3fffe57e4e7abf9,JAN-2026,No Deployment Reported,,,https://static.nhtsa.gov/odi/ffdd/sgo-2021-01/SGO-2021-01_Incident_Reports_ADS.csv,Yes
30270-13794,1,7af3a25ac7096bd,JAN-2026,No Deployment Reported,,,https://static.nhtsa.gov/odi/ffdd/sgo-2021-01/SGO-2021-01_Incident_Reports_ADS.csv,Yes
30270-13795,1,db675be419f1759,JAN-2026,No Deployment Reported,,,https://static.nhtsa.gov/odi/ffdd/sgo-2021-01/SGO-2021-01_Incident_Reports_ADS.csv,Yes
30270-13799,1,df88a1d1ec5f634,JAN-2026,No Deployment Reported,,,https://static.nhtsa.gov/odi/ffdd/sgo-2021-01/SGO-2021-01_Incident_Reports_ADS.csv,Yes
30270-13807,1,a2a08006d8a0067,JAN-2026,No Deployment Reported,,,https://static.nhtsa.gov/odi/ffdd/sgo-2021-01/SGO-2021-01_Incident_Reports_ADS.csv,Yes
30270-13809,1,6bc1b790d08d5af,JAN-2026,Deployed,,,https://static.nhtsa.gov/odi/ffdd/sgo-2021-01/SGO-2021-01_Incident_Reports_ADS.csv,Yes
30270-13810,1,0603ed25fbb4fd4,JAN-2026,No Deployment Reported,,,https://static.nhtsa.gov/odi/ffdd/sgo-2021-01/SGO-2021-01_Incident_Reports_ADS.csv,Yes
30270-13811,1,f61aff9459b4d5a,JAN-2026,No Deployment Reported,,,https://static.nhtsa.gov/odi/ffdd/sgo-2021-01/SGO-2021-01_Incident_Reports_ADS.csv,Yes
30270-13812,1,187755c0b9af5fe,JAN-2026,No Deployment Reported,,,https://static.nhtsa.gov/odi/ffdd/sgo-2021-01/SGO-2021-01_Incident_Reports_ADS.csv,Yes
30270-13816,1,845b0a91e8bf4af,JAN-2026,No Deployment Reported,,,https://static.nhtsa.gov/odi/ffdd/sgo-2021-01/SGO-2021-01_Incident_Reports_ADS.csv,Yes
30270-13817,1,3f40494138fe83f,JAN-2026,Deployed,,,https://static.nhtsa.gov/odi/ffdd/sgo-2021-01/SGO-2021-01_Incident_Reports_ADS.csv,Yes
30270-13820,1,1fb450e398d24ed,JAN-2026,No Deployment Reported,,,https://static.nhtsa.gov/odi/ffdd/sgo-2021-01/SGO-2021-01_Incident_Reports_ADS.csv,Yes
30270-13840,1,9f0396f93efcdbf,JAN-2026,No Deployment Reported,,,https://static.nhtsa.gov/odi/ffdd/sgo-2021-01/SGO-2021-01_Incident_Reports_ADS.csv,Yes
30270-13841,1,6f1d0e4b2adb563,JAN-2026,No Deployment Reported,,,https://static.nhtsa.gov/odi/ffdd/sgo-2021-01/SGO-2021-01_Incident_Reports_ADS.csv,Yes
30270-13843,1,5846bd08bc1c0c5,JAN-2026,No Deployment Reported,,,https://static.nhtsa.gov/odi/ffdd/sgo-2021-01/SGO-2021-01_Incident_Reports_ADS.csv,Yes
30270-13844,1,42d85f1edb13106,JAN-2026,No Deployment Reported,,,https://static.nhtsa.gov/odi/ffdd/sgo-2021-01/SGO-2021-01_Incident_Reports_ADS.csv,Yes
30270-13845,1,f9f0f4a578f95c0,JAN-2026,No Deployment Reported,,,https://static.nhtsa.gov/odi/ffdd/sgo-2021-01/SGO-2021-01_Incident_Reports_ADS.csv,Yes
30270-13846,1,cc8564a5cd8dfe4,JAN-2026,No Deployment Reported,,,https://static.nhtsa.gov/odi/ffdd/sgo-2021-01/SGO-2021-01_Incident_Reports_ADS.csv,Yes
30270-13847,1,05c222c7ff8c0b6,JAN-2026,No Deployment Reported,,,https://static.nhtsa.gov/odi/ffdd/sgo-2021-01/SGO-2021-01_Incident_Reports_ADS.csv,Yes
30270-13848,1,227f9f80b0644bd,JAN-2026,No Deployment Reported,,,https://static.nhtsa.gov/odi/ffdd/sgo-2021-01/SGO-2021-01_Incident_Reports_ADS.csv,Yes
30270-13850,1,e712999db1e85ff,JAN-2026,No Deployment Reported,,,https://static.nhtsa.gov/odi/ffdd/sgo-2021-01/SGO-2021-01_Incident_Reports_ADS.csv,Yes
30270-13852,1,16cc718ce136328,JAN-2026,No Deployment Reported,,,https://static.nhtsa.gov/odi/ffdd/sgo-2021-01/SGO-2021-01_Incident_Reports_ADS.csv,Yes
30270-13854,1,5e30feb83bbdbf0,JAN-2026,No Deployment Reported,,,https://static.nhtsa.gov/odi/ffdd/sgo-2021-01/SGO-2021-01_Incident_Reports_ADS.csv,Yes
30270-13859,1,4361d68caf6c72a,JAN-2026,No Deployment Reported,,,https://static.nhtsa.gov/odi/ffdd/sgo-2021-01/SGO-2021-01_Incident_Reports_ADS.csv,Yes
30270-13860,1,320556479411209,JAN-2026,No Deployment Reported,,,https://static.nhtsa.gov/odi/ffdd/sgo-2021-01/SGO-2021-01_Incident_Reports_ADS.csv,Yes
30270-13861,1,8e55636acd93eef,JAN-2026,Deployed,,,https://static.nhtsa.gov/odi/ffdd/sgo-2021-01/SGO-2021-01_Incident_Reports_ADS.csv,Yes
30270-13869,1,509801eaf63ad3c,JAN-2026,No Deployment Reported,,,https://static.nhtsa.gov/odi/ffdd/sgo-2021-01/SGO-2021-01_Incident_Reports_ADS.csv,Yes
30270-13877,1,4efc9981e611aef,JAN-2026,No Deployment Reported,,,https://static.nhtsa.gov/odi/ffdd/sgo-2021-01/SGO-2021-01_Incident_Reports_ADS.csv,Yes
30270-13881,1,5b47a544152b12e,JAN-2026,No Deployment Reported,,,https://static.nhtsa.gov/odi/ffdd/sgo-2021-01/SGO-2021-01_Incident_Reports_ADS.csv,Yes
30270-13903,1,8cf402e5af4ea00,JAN-2026,No Deployment Reported,,,https://static.nhtsa.gov/odi/ffdd/sgo-2021-01/SGO-2021-01_Incident_Reports_ADS.csv,Yes
30270-13905,1,58f1c98130b4905,JAN-2026,No Deployment Reported,,,https://static.nhtsa.gov/odi/ffdd/sgo-2021-01/SGO-2021-01_Incident_Reports_ADS.csv,Yes
30270-13914,1,59cab39b06ed883,JAN-2026,No Deployment Reported,,,https://static.nhtsa.gov/odi/ffdd/sgo-2021-01/SGO-2021-01_Incident_Reports_ADS.csv,Yes
30270-13925,1,5ac08e3ca8701eb,JAN-2026,No Deployment Reported,,,https://static.nhtsa.gov/odi/ffdd/sgo-2021-01/SGO-2021-01_Incident_Reports_ADS.csv,Yes
30270-13927,1,4ecbd4fd3ccf5a8,JAN-2026,Deployed,,,https://static.nhtsa.gov/odi/ffdd/sgo-2021-01/SGO-2021-01_Incident_Reports_ADS.csv,Yes
30270-13947,1,90d92a2dd51a144,JAN-2026,No Deployment Reported,,,https://static.nhtsa.gov/odi/ffdd/sgo-2021-01/SGO-2021-01_Incident_Reports_ADS.csv,Yes
30270-13948,1,f9ec26af00ffab8,JAN-2026,No Deployment Reported,,,https://static.nhtsa.gov/odi/ffdd/sgo-2021-01/SGO-2021-01_Incident_Reports_ADS.csv,Yes
30270-13949,1,1fa562685e928aa,FEB-2026,No Deployment Reported,,,https://static.nhtsa.gov/odi/ffdd/sgo-2021-01/SGO-2021-01_Incident_Reports_ADS.csv,Yes
30270-13954,1,6bd8cf12dce1062,JAN-2026,No Deployment Reported,,,https://static.nhtsa.gov/odi/ffdd/sgo-2021-01/SGO-2021-01_Incident_Reports_ADS.csv,Yes
30270-13955,1,20d6da83946bc6a,FEB-2026,No Deployment Reported,,,https://static.nhtsa.gov/odi/ffdd/sgo-2021-01/SGO-2021-01_Incident_Reports_ADS.csv,Yes
30270-13956,1,1f3b28dc7a86591,FEB-2026,No Deployment Reported,,,https://static.nhtsa.gov/odi/ffdd/sgo-2021-01/SGO-2021-01_Incident_Reports_ADS.csv,Yes
30270-13957,1,11917cfd2b3d583,FEB-2026,No Deployment Reported,,,https://static.nhtsa.gov/odi/ffdd/sgo-2021-01/SGO-2021-01_Incident_Reports_ADS.csv,Yes
30270-13958,1,967e246ed22cc8a,JAN-2026,No Deployment Reported,,,https://static.nhtsa.gov/odi/ffdd/sgo-2021-01/SGO-2021-01_Incident_Reports_ADS.csv,Yes
30270-13973,1,2ccb263604110b2,JAN-2026,No Deployment Reported,,,https://static.nhtsa.gov/odi/ffdd/sgo-2021-01/SGO-2021-01_Incident_Reports_ADS.csv,Yes
30270-13975,1,1c26a5864a71ec1,FEB-2026,No Deployment Reported,,,https://static.nhtsa.gov/odi/ffdd/sgo-2021-01/SGO-2021-01_Incident_Reports_ADS.csv,Yes
30270-13976,1,99c84793d4ec40d,FEB-2026,No Deployment Reported,,,https://static.nhtsa.gov/odi/ffdd/sgo-2021-01/SGO-2021-01_Incident_Reports_ADS.csv,Yes
30270-13977,1,2da625af19199e1,FEB-2026,No Deployment Reported,,,https://static.nhtsa.gov/odi/ffdd/sgo-2021-01/SGO-2021-01_Incident_Reports_ADS.csv,Yes
30270-13978,1,e8284826ea8862f,FEB-2026,No Deployment Reported,,,https://static.nhtsa.gov/odi/ffdd/sgo-2021-01/SGO-2021-01_Incident_Reports_ADS.csv,Yes
30270-13979,1,d7f133f804b00f9,JAN-2026,No Deployment Reported,,,https://static.nhtsa.gov/odi/ffdd/sgo-2021-01/SGO-2021-01_Incident_Reports_ADS.csv,Yes
30270-13980,1,2d117cb5cb544ec,FEB-2026,No Deployment Reported,,,https://static.nhtsa.gov/odi/ffdd/sgo-2021-01/SGO-2021-01_Incident_Reports_ADS.csv,Yes
30270-13981,1,a22e09a9f4e16a3,FEB-2026,No Deployment Reported,,,https://static.nhtsa.gov/odi/ffdd/sgo-2021-01/SGO-2021-01_Incident_Reports_ADS.csv,Yes
30270-13982,1,7da6ca30982b45f,FEB-2026,No Deployment Reported,,,https://static.nhtsa.gov/odi/ffdd/sgo-2021-01/SGO-2021-01_Incident_Reports_ADS.csv,Yes
30270-13983,1,19027290a9ece77,FEB-2026,No Deployment Reported,,,https://static.nhtsa.gov/odi/ffdd/sgo-2021-01/SGO-2021-01_Incident_Reports_ADS.csv,Yes
30270-13985,1,94a54c1adb3bcb1,FEB-2026,No Deployment Reported,,,https://static.nhtsa.gov/odi/ffdd/sgo-2021-01/SGO-2021-01_Incident_Reports_ADS.csv,Yes
30270-13998,1,3db73b95cac1387,FEB-2026,No Deployment Reported,,,https://static.nhtsa.gov/odi/ffdd/sgo-2021-01/SGO-2021-01_Incident_Reports_ADS.csv,Yes
30270-13999,1,6afa6259701a9c9,FEB-2026,No Deployment Reported,,,https://static.nhtsa.gov/odi/ffdd/sgo-2021-01/SGO-2021-01_Incident_Reports_ADS.csv,Yes
30270-14000,1,9a51158d6217ea8,FEB-2026,No Deployment Reported,,,https://static.nhtsa.gov/odi/ffdd/sgo-2021-01/SGO-2021-01_Incident_Reports_ADS.csv,Yes
30270-14001,1,19326d282d5fa14,FEB-2026,No Deployment Reported,,,https://static.nhtsa.gov/odi/ffdd/sgo-2021-01/SGO-2021-01_Incident_Reports_ADS.csv,Yes
30270-14002,1,c7caa38bc6d090b,FEB-2026,No Deployment Reported,,,https://static.nhtsa.gov/odi/ffdd/sgo-2021-01/SGO-2021-01_Incident_Reports_ADS.csv,Yes
30270-14003,1,b5fb8628e71ee33,FEB-2026,Deployed,,,https://static.nhtsa.gov/odi/ffdd/sgo-2021-01/SGO-2021-01_Incident_Reports_ADS.csv,Yes
30270-14004,1,3f5abecf5cbccbb,FEB-2026,No Deployment Reported,,,https://static.nhtsa.gov/odi/ffdd/sgo-2021-01/SGO-2021-01_Incident_Reports_ADS.csv,Yes
30270-14005,1,a30c6d954b234e1,FEB-2026,No Deployment Reported,,,https://static.nhtsa.gov/odi/ffdd/sgo-2021-01/SGO-2021-01_Incident_Reports_ADS.csv,Yes
30270-14006,1,5064731c129ab49,FEB-2026,No Deployment Reported,,,https://static.nhtsa.gov/odi/ffdd/sgo-2021-01/SGO-2021-01_Incident_Reports_ADS.csv,Yes
30270-14007,1,6ce748c3edc18e6,FEB-2026,No Deployment Reported,,,https://static.nhtsa.gov/odi/ffdd/sgo-2021-01/SGO-2021-01_Incident_Reports_ADS.csv,Yes
30270-14008,1,3c33745e4e0fa8b,FEB-2026,No Deployment Reported,,,https://static.nhtsa.gov/odi/ffdd/sgo-2021-01/SGO-2021-01_Incident_Reports_ADS.csv,Yes
30270-14009,1,c76a783b430e36d,FEB-2026,No Deployment Reported,,,https://static.nhtsa.gov/odi/ffdd/sgo-2021-01/SGO-2021-01_Incident_Reports_ADS.csv,Yes
30270-14011,1,6a97654b83af506,FEB-2026,No Deployment Reported,,,https://static.nhtsa.gov/odi/ffdd/sgo-2021-01/SGO-2021-01_Incident_Reports_ADS.csv,Yes
30270-14012,1,096822672b0c267,FEB-2026,No Deployment Reported,,,https://static.nhtsa.gov/odi/ffdd/sgo-2021-01/SGO-2021-01_Incident_Reports_ADS.csv,Yes
30270-14024,1,049771a96b8d2b8,FEB-2026,Unknown,,,https://static.nhtsa.gov/odi/ffdd/sgo-2021-01/SGO-2021-01_Incident_Reports_ADS.csv,Yes
30270-14025,1,5324faae959a1a5,JAN-2026,No Deployment Reported,,,https://static.nhtsa.gov/odi/ffdd/sgo-2021-01/SGO-2021-01_Incident_Reports_ADS.csv,Yes
30270-14027,1,4db3ce10be8a21f,FEB-2026,No Deployment Reported,,,https://static.nhtsa.gov/odi/ffdd/sgo-2021-01/SGO-2021-01_Incident_Reports_ADS.csv,Yes
30270-14029,1,41d9f5254cb7890,FEB-2026,No Deployment Reported,,,https://static.nhtsa.gov/odi/ffdd/sgo-2021-01/SGO-2021-01_Incident_Reports_ADS.csv,Yes
30270-14044,1,07ee2d3563b1c77,FEB-2026,No Deployment Reported,,,https://static.nhtsa.gov/odi/ffdd/sgo-2021-01/SGO-2021-01_Incident_Reports_ADS.csv,Yes
30270-14045,1,d060d42675f80b0,FEB-2026,No Deployment Reported,,,https://static.nhtsa.gov/odi/ffdd/sgo-2021-01/SGO-2021-01_Incident_Reports_ADS.csv,Yes
30270-14046,1,2be71e3bcf7407f,FEB-2026,No Deployment Reported,,,https://static.nhtsa.gov/odi/ffdd/sgo-2021-01/SGO-2021-01_Incident_Reports_ADS.csv,Yes
30270-14047,1,9b830b9ca982f32,FEB-2026,No Deployment Reported,,,https://static.nhtsa.gov/odi/ffdd/sgo-2021-01/SGO-2021-01_Incident_Reports_ADS.csv,Yes
30270-14048,1,be725dd4cd06bde,FEB-2026,No Deployment Reported,,,https://static.nhtsa.gov/odi/ffdd/sgo-2021-01/SGO-2021-01_Incident_Reports_ADS.csv,Yes
30270-14073,1,d3c12c475dbb4ef,FEB-2026,No Deployment Reported,,,https://static.nhtsa.gov/odi/ffdd/sgo-2021-01/SGO-2021-01_Incident_Reports_ADS.csv,Yes
30270-14074,1,36ca2d92bdde553,FEB-2026,No Deployment Reported,,,https://static.nhtsa.gov/odi/ffdd/sgo-2021-01/SGO-2021-01_Incident_Reports_ADS.csv,Yes
30270-14075,1,2e9b6b2e5c02442,FEB-2026,No Deployment Reported,,,https://static.nhtsa.gov/odi/ffdd/sgo-2021-01/SGO-2021-01_Incident_Reports_ADS.csv,Yes
30270-14076,1,28ca813e6678fae,FEB-2026,No Deployment Reported,,,https://static.nhtsa.gov/odi/ffdd/sgo-2021-01/SGO-2021-01_Incident_Reports_ADS.csv,Yes
30270-14077,1,9bffa21b6fcc8be,FEB-2026,No Deployment Reported,,,https://static.nhtsa.gov/odi/ffdd/sgo-2021-01/SGO-2021-01_Incident_Reports_ADS.csv,Yes
30270-14078,1,fd0eb653edfb782,FEB-2026,No Deployment Reported,,,https://static.nhtsa.gov/odi/ffdd/sgo-2021-01/SGO-2021-01_Incident_Reports_ADS.csv,Yes
30270-14079,1,513eed66dc3a1bd,FEB-2026,No Deployment Reported,,,https://static.nhtsa.gov/odi/ffdd/sgo-2021-01/SGO-2021-01_Incident_Reports_ADS.csv,Yes
30270-14080,1,233e9f2817ad109,FEB-2026,No Deployment Reported,,,https://static.nhtsa.gov/odi/ffdd/sgo-2021-01/SGO-2021-01_Incident_Reports_ADS.csv,Yes
30270-14081,1,ecdeda3fec4d35b,FEB-2026,No Deployment Reported,,,https://static.nhtsa.gov/odi/ffdd/sgo-2021-01/SGO-2021-01_Incident_Reports_ADS.csv,Yes
30270-14091,1,794cf07eb37b090,FEB-2026,No Deployment Reported,,,https://static.nhtsa.gov/odi/ffdd/sgo-2021-01/SGO-2021-01_Incident_Reports_ADS.csv,Yes
30270-14093,1,4edf286c1255600,FEB-2026,No Deployment Reported,,,https://static.nhtsa.gov/odi/ffdd/sgo-2021-01/SGO-2021-01_Incident_Reports_ADS.csv,Yes
30270-14096,2,b7f7947d55bf4ba,FEB-2026,No Deployment Reported,,,https://static.nhtsa.gov/odi/ffdd/sgo-2021-01/SGO-2021-01_Incident_Reports_ADS.csv,Yes
30270-14097,1,30f0810d0962fb8,FEB-2026,No Deployment Reported,,,https://static.nhtsa.gov/odi/ffdd/sgo-2021-01/SGO-2021-01_Incident_Reports_ADS.csv,Yes
30270-14098,1,cabb08d695498fe,FEB-2026,No Deployment Reported,,,https://static.nhtsa.gov/odi/ffdd/sgo-2021-01/SGO-2021-01_Incident_Reports_ADS.csv,Yes
30270-14099,1,1246893c05db32a,FEB-2026,No Deployment Reported,,,https://static.nhtsa.gov/odi/ffdd/sgo-2021-01/SGO-2021-01_Incident_Reports_ADS.csv,Yes
30270-1410,1,2be0d6e1e9a8d23,OCT-2021,No Deployment Reported,No,No,https://static.nhtsa.gov/odi/ffdd/sgo-2021-01/Archive-2021-2025/SGO-2021-01_Incident_Reports_ADS.csv,Yes
30270-14118,1,ab19d2204a652cf,FEB-2026,No Deployment Reported,,,https://static.nhtsa.gov/odi/ffdd/sgo-2021-01/SGO-2021-01_Incident_Reports_ADS.csv,Yes
30270-14119,1,7efeae2f836247e,FEB-2026,No Deployment Reported,,,https://static.nhtsa.gov/odi/ffdd/sgo-2021-01/SGO-2021-01_Incident_Reports_ADS.csv,Yes
30270-14140,1,7bb5e5a6b3d3dec,FEB-2026,Unknown,,,https://static.nhtsa.gov/odi/ffdd/sgo-2021-01/SGO-2021-01_Incident_Reports_ADS.csv,Yes
30270-14141,1,d1c0358e595cd70,FEB-2026,No Deployment Reported,,,https://static.nhtsa.gov/odi/ffdd/sgo-2021-01/SGO-2021-01_Incident_Reports_ADS.csv,Yes
30270-14143,1,f0e6d8e682e6d81,FEB-2026,No Deployment Reported,,,https://static.nhtsa.gov/odi/ffdd/sgo-2021-01/SGO-2021-01_Incident_Reports_ADS.csv,Yes
30270-14144,1,004d7dbb4b2cc0c,FEB-2026,No Deployment Reported,,,https://static.nhtsa.gov/odi/ffdd/sgo-2021-01/SGO-2021-01_Incident_Reports_ADS.csv,Yes
30270-14146,1,a5e4933ee6cd45c,FEB-2026,No Deployment Reported,,,https://static.nhtsa.gov/odi/ffdd/sgo-2021-01/SGO-2021-01_Incident_Reports_ADS.csv,Yes
30270-14149,1,fbf817b20470f75,FEB-2026,No Deployment Reported,,,https://static.nhtsa.gov/odi/ffdd/sgo-2021-01/SGO-2021-01_Incident_Reports_ADS.csv,Yes
30270-14151,1,89a19245aaaea91,FEB-2026,No Deployment Reported,,,https://static.nhtsa.gov/odi/ffdd/sgo-2021-01/SGO-2021-01_Incident_Reports_ADS.csv,Yes
30270-14153,1,26389caa3154007,FEB-2026,No Deployment Reported,,,https://static.nhtsa.gov/odi/ffdd/sgo-2021-01/SGO-2021-01_Incident_Reports_ADS.csv,Yes
30270-14168,1,fb7b212688f57ff,FEB-2026,No Deployment Reported,,,https://static.nhtsa.gov/odi/ffdd/sgo-2021-01/SGO-2021-01_Incident_Reports_ADS.csv,Yes
30270-14169,1,6469108b0336c82,FEB-2026,No Deployment Reported,,,https://static.nhtsa.gov/odi/ffdd/sgo-2021-01/SGO-2021-01_Incident_Reports_ADS.csv,Yes
30270-14171,1,b0ff58d02f40edc,FEB-2026,No Deployment Reported,,,https://static.nhtsa.gov/odi/ffdd/sgo-2021-01/SGO-2021-01_Incident_Reports_ADS.csv,Yes
30270-14172,1,fd77b30ef5484f6,FEB-2026,No Deployment Reported,,,https://static.nhtsa.gov/odi/ffdd/sgo-2021-01/SGO-2021-01_Incident_Reports_ADS.csv,Yes
30270-14173,1,f710b0a8e20245f,FEB-2026,No Deployment Reported,,,https://static.nhtsa.gov/odi/ffdd/sgo-2021-01/SGO-2021-01_Incident_Reports_ADS.csv,Yes
30270-14174,1,602dfa7c61d8f2a,FEB-2026,No Deployment Reported,,,https://static.nhtsa.gov/odi/ffdd/sgo-2021-01/SGO-2021-01_Incident_Reports_ADS.csv,Yes
30270-14175,1,4afaa8a0dbd9090,FEB-2026,No Deployment Reported,,,https://static.nhtsa.gov/odi/ffdd/sgo-2021-01/SGO-2021-01_Incident_Reports_ADS.csv,Yes
30270-14195,1,8ff1bf6ed911ce0,FEB-2026,No Deployment Reported,,,https://static.nhtsa.gov/odi/ffdd/sgo-2021-01/SGO-2021-01_Incident_Reports_ADS.csv,Yes
30270-14196,1,24ed482284315c0,MAR-2026,No Deployment Reported,,,https://static.nhtsa.gov/odi/ffdd/sgo-2021-01/SGO-2021-01_Incident_Reports_ADS.csv,Yes
30270-14197,1,9010a391b35cc59,MAR-2026,No Deployment Reported,,,https://static.nhtsa.gov/odi/ffdd/sgo-2021-01/SGO-2021-01_Incident_Reports_ADS.csv,Yes
30270-14198,1,5e7b56c7be423bf,FEB-2026,No Deployment Reported,,,https://static.nhtsa.gov/odi/ffdd/sgo-2021-01/SGO-2021-01_Incident_Reports_ADS.csv,Yes
30270-14199,1,2934264745d4e3e,FEB-2026,No Deployment Reported,,,https://static.nhtsa.gov/odi/ffdd/sgo-2021-01/SGO-2021-01_Incident_Reports_ADS.csv,Yes
30270-14201,1,5dbec3b2d99c250,FEB-2026,No Deployment Reported,,,https://static.nhtsa.gov/odi/ffdd/sgo-2021-01/SGO-2021-01_Incident_Reports_ADS.csv,Yes
30270-14204,1,df33185c7d52cc3,MAR-2026,Deployed,,,https://static.nhtsa.gov/odi/ffdd/sgo-2021-01/SGO-2021-01_Incident_Reports_ADS.csv,Yes
30270-14220,1,96b9196e81e8723,MAR-2026,No Deployment Reported,,,https://static.nhtsa.gov/odi/ffdd/sgo-2021-01/SGO-2021-01_Incident_Reports_ADS.csv,Yes
30270-14225,1,56fd238339d188a,FEB-2026,No Deployment Reported,,,https://static.nhtsa.gov/odi/ffdd/sgo-2021-01/SGO-2021-01_Incident_Reports_ADS.csv,Yes
30270-14227,1,716b42c49e42c6c,MAR-2026,No Deployment Reported,,,https://static.nhtsa.gov/odi/ffdd/sgo-2021-01/SGO-2021-01_Incident_Reports_ADS.csv,Yes
30270-14231,1,48c873300755248,MAR-2026,No Deployment Reported,,,https://static.nhtsa.gov/odi/ffdd/sgo-2021-01/SGO-2021-01_Incident_Reports_ADS.csv,Yes
30270-14232,1,fac34b3e0ebdc34,MAR-2026,Unknown,,,https://static.nhtsa.gov/odi/ffdd/sgo-2021-01/SGO-2021-01_Incident_Reports_ADS.csv,Yes
30270-14233,1,8b16759d2560e08,MAR-2026,No Deployment Reported,,,https://static.nhtsa.gov/odi/ffdd/sgo-2021-01/SGO-2021-01_Incident_Reports_ADS.csv,Yes
30270-14234,1,6c68da9f1c8feb9,MAR-2026,No Deployment Reported,,,https://static.nhtsa.gov/odi/ffdd/sgo-2021-01/SGO-2021-01_Incident_Reports_ADS.csv,Yes
30270-14237,1,286b1c7eac74118,MAR-2026,No Deployment Reported,,,https://static.nhtsa.gov/odi/ffdd/sgo-2021-01/SGO-2021-01_Incident_Reports_ADS.csv,Yes
30270-14239,1,2a666c3f264006f,MAR-2026,Deployed,,,https://static.nhtsa.gov/odi/ffdd/sgo-2021-01/SGO-2021-01_Incident_Reports_ADS.csv,Yes
30270-14240,1,1a4869776079d82,MAR-2026,No Deployment Reported,,,https://static.nhtsa.gov/odi/ffdd/sgo-2021-01/SGO-2021-01_Incident_Reports_ADS.csv,Yes
30270-14243,1,a83acacdc66ae50,FEB-2026,No Deployment Reported,,,https://static.nhtsa.gov/odi/ffdd/sgo-2021-01/SGO-2021-01_Incident_Reports_ADS.csv,Yes
30270-14244,1,c41f3d39a1b3e9a,MAR-2026,Deployed,,,https://static.nhtsa.gov/odi/ffdd/sgo-2021-01/SGO-2021-01_Incident_Reports_ADS.csv,Yes
30270-14246,1,716b5a05aea85f9,MAR-2026,No Deployment Reported,,,https://static.nhtsa.gov/odi/ffdd/sgo-2021-01/SGO-2021-01_Incident_Reports_ADS.csv,Yes
30270-14265,1,ff7cbbd8a71abe7,MAR-2026,No Deployment Reported,,,https://static.nhtsa.gov/odi/ffdd/sgo-2021-01/SGO-2021-01_Incident_Reports_ADS.csv,Yes
30270-14266,1,06f409a5bdd2761,MAR-2026,No Deployment Reported,,,https://static.nhtsa.gov/odi/ffdd/sgo-2021-01/SGO-2021-01_Incident_Reports_ADS.csv,Yes
30270-14267,1,47a130cc4054fac,MAR-2026,No Deployment Reported,,,https://static.nhtsa.gov/odi/ffdd/sgo-2021-01/SGO-2021-01_Incident_Reports_ADS.csv,Yes
30270-14268,1,3eb2c833ea30210,MAR-2026,No Deployment Reported,,,https://static.nhtsa.gov/odi/ffdd/sgo-2021-01/SGO-2021-01_Incident_Reports_ADS.csv,Yes
30270-14269,1,a8e1fc4f8d1fff9,MAR-2026,No Deployment Reported,,,https://static.nhtsa.gov/odi/ffdd/sgo-2021-01/SGO-2021-01_Incident_Reports_ADS.csv,Yes
30270-14270,1,057fc6f571080a2,MAR-2026,No Deployment Reported,,,https://static.nhtsa.gov/odi/ffdd/sgo-2021-01/SGO-2021-01_Incident_Reports_ADS.csv,Yes
30270-14271,1,6ed4ec06551d417,MAR-2026,No Deployment Reported,,,https://static.nhtsa.gov/odi/ffdd/sgo-2021-01/SGO-2021-01_Incident_Reports_ADS.csv,Yes
30270-14272,1,1594a977cafac0a,MAR-2026,No Deployment Reported,,,https://static.nhtsa.gov/odi/ffdd/sgo-2021-01/SGO-2021-01_Incident_Reports_ADS.csv,Yes
30270-14274,1,caf5adbcbebdafc,MAR-2026,Deployed,,,https://static.nhtsa.gov/odi/ffdd/sgo-2021-01/SGO-2021-01_Incident_Reports_ADS.csv,Yes
30270-14287,1,22fc01d8faaa62a,MAR-2026,No Deployment Reported,,,https://static.nhtsa.gov/odi/ffdd/sgo-2021-01/SGO-2021-01_Incident_Reports_ADS.csv,Yes
30270-14289,1,67660d0d14c6f18,MAR-2026,No Deployment Reported,,,https://static.nhtsa.gov/odi/ffdd/sgo-2021-01/SGO-2021-01_Incident_Reports_ADS.csv,Yes
30270-14290,1,0dcc52388be3efc,MAR-2026,No Deployment Reported,,,https://static.nhtsa.gov/odi/ffdd/sgo-2021-01/SGO-2021-01_Incident_Reports_ADS.csv,Yes
30270-14294,1,82f590ee86b84c1,MAR-2026,No Deployment Reported,,,https://static.nhtsa.gov/odi/ffdd/sgo-2021-01/SGO-2021-01_Incident_Reports_ADS.csv,Yes
30270-14295,1,290906cf17f1e63,MAR-2026,No Deployment Reported,,,https://static.nhtsa.gov/odi/ffdd/sgo-2021-01/SGO-2021-01_Incident_Reports_ADS.csv,Yes
30270-14296,1,7a5c01e6f2871dd,MAR-2026,Deployed,,,https://static.nhtsa.gov/odi/ffdd/sgo-2021-01/SGO-2021-01_Incident_Reports_ADS.csv,Yes
30270-14297,1,3588be168736e9b,MAR-2026,No Deployment Reported,,,https://static.nhtsa.gov/odi/ffdd/sgo-2021-01/SGO-2021-01_Incident_Reports_ADS.csv,Yes
30270-14298,1,02e2eb992db7ae3,MAR-2026,No Deployment Reported,,,https://static.nhtsa.gov/odi/ffdd/sgo-2021-01/SGO-2021-01_Incident_Reports_ADS.csv,Yes
30270-14299,1,df499995c587bfd,MAR-2026,No Deployment Reported,,,https://static.nhtsa.gov/odi/ffdd/sgo-2021-01/SGO-2021-01_Incident_Reports_ADS.csv,Yes
30270-14300,1,7ccb13efbc3c748,MAR-2026,No Deployment Reported,,,https://static.nhtsa.gov/odi/ffdd/sgo-2021-01/SGO-2021-01_Incident_Reports_ADS.csv,Yes
30270-14301,1,7205b1213fa15ab,MAR-2026,No Deployment Reported,,,https://static.nhtsa.gov/odi/ffdd/sgo-2021-01/SGO-2021-01_Incident_Reports_ADS.csv,Yes
30270-14304,1,ef7dd4a8ba75112,FEB-2026,No Deployment Reported,,,https://static.nhtsa.gov/odi/ffdd/sgo-2021-01/SGO-2021-01_Incident_Reports_ADS.csv,Yes
30270-14305,1,bb70f7d3f326666,MAR-2026,No Deployment Reported,,,https://static.nhtsa.gov/odi/ffdd/sgo-2021-01/SGO-2021-01_Incident_Reports_ADS.csv,Yes
30270-14310,1,b6758b1728d148a,MAR-2026,No Deployment Reported,,,https://static.nhtsa.gov/odi/ffdd/sgo-2021-01/SGO-2021-01_Incident_Reports_ADS.csv,Yes
30270-14313,1,03744d24bf2c357,MAR-2026,No Deployment Reported,,,https://static.nhtsa.gov/odi/ffdd/sgo-2021-01/SGO-2021-01_Incident_Reports_ADS.csv,Yes
30270-14329,1,49af5b61c59f419,MAR-2026,No Deployment Reported,,,https://static.nhtsa.gov/odi/ffdd/sgo-2021-01/SGO-2021-01_Incident_Reports_ADS.csv,Yes
30270-14330,1,576998eca6fd115,MAR-2026,Deployed,,,https://static.nhtsa.gov/odi/ffdd/sgo-2021-01/SGO-2021-01_Incident_Reports_ADS.csv,Yes
30270-14331,1,2cd11c2a1a8f63a,MAR-2026,No Deployment Reported,,,https://static.nhtsa.gov/odi/ffdd/sgo-2021-01/SGO-2021-01_Incident_Reports_ADS.csv,Yes
30270-14332,1,9f0e10836b54876,MAR-2026,No Deployment Reported,,,https://static.nhtsa.gov/odi/ffdd/sgo-2021-01/SGO-2021-01_Incident_Reports_ADS.csv,Yes
30270-14333,1,b31d37c64239f4d,MAR-2026,No Deployment Reported,,,https://static.nhtsa.gov/odi/ffdd/sgo-2021-01/SGO-2021-01_Incident_Reports_ADS.csv,Yes
30270-14334,1,daef551f11f4d4c,MAR-2026,No Deployment Reported,,,https://static.nhtsa.gov/odi/ffdd/sgo-2021-01/SGO-2021-01_Incident_Reports_ADS.csv,Yes
30270-14335,1,244aef1feaeb7ff,MAR-2026,No Deployment Reported,,,https://static.nhtsa.gov/odi/ffdd/sgo-2021-01/SGO-2021-01_Incident_Reports_ADS.csv,Yes
30270-14336,1,d44acdf6402e21d,MAR-2026,No Deployment Reported,,,https://static.nhtsa.gov/odi/ffdd/sgo-2021-01/SGO-2021-01_Incident_Reports_ADS.csv,Yes
30270-14337,1,bf9de2111e05561,MAR-2026,No Deployment Reported,,,https://static.nhtsa.gov/odi/ffdd/sgo-2021-01/SGO-2021-01_Incident_Reports_ADS.csv,Yes
30270-14343,1,fec61c976d97548,MAR-2026,No Deployment Reported,,,https://static.nhtsa.gov/odi/ffdd/sgo-2021-01/SGO-2021-01_Incident_Reports_ADS.csv,Yes
30270-14344,1,59437c9969373cf,MAR-2026,Unknown,,,https://static.nhtsa.gov/odi/ffdd/sgo-2021-01/SGO-2021-01_Incident_Reports_ADS.csv,Yes
30270-14345,1,58996615eb38037,MAR-2026,No Deployment Reported,,,https://static.nhtsa.gov/odi/ffdd/sgo-2021-01/SGO-2021-01_Incident_Reports_ADS.csv,Yes
30270-14346,1,31fa2bf86be2a86,MAR-2026,No Deployment Reported,,,https://static.nhtsa.gov/odi/ffdd/sgo-2021-01/SGO-2021-01_Incident_Reports_ADS.csv,Yes
30270-14348,1,0525c4ea802d184,MAR-2026,No Deployment Reported,,,https://static.nhtsa.gov/odi/ffdd/sgo-2021-01/SGO-2021-01_Incident_Reports_ADS.csv,Yes
30270-14349,1,16ba7a94a6ac210,MAR-2026,No Deployment Reported,,,https://static.nhtsa.gov/odi/ffdd/sgo-2021-01/SGO-2021-01_Incident_Reports_ADS.csv,Yes
30270-14350,1,d7636709eeea740,MAR-2026,No Deployment Reported,,,https://static.nhtsa.gov/odi/ffdd/sgo-2021-01/SGO-2021-01_Incident_Reports_ADS.csv,Yes
30270-14351,1,a2976c17a7afbf0,MAR-2026,No Deployment Reported,,,https://static.nhtsa.gov/odi/ffdd/sgo-2021-01/SGO-2021-01_Incident_Reports_ADS.csv,Yes
30270-14352,1,94f95095ba15e48,MAR-2026,No Deployment Reported,,,https://static.nhtsa.gov/odi/ffdd/sgo-2021-01/SGO-2021-01_Incident_Reports_ADS.csv,Yes
30270-14354,1,46ade3c0cd750e5,MAR-2026,No Deployment Reported,,,https://static.nhtsa.gov/odi/ffdd/sgo-2021-01/SGO-2021-01_Incident_Reports_ADS.csv,Yes
30270-14355,1,3ef810aa0805c42,MAR-2026,No Deployment Reported,,,https://static.nhtsa.gov/odi/ffdd/sgo-2021-01/SGO-2021-01_Incident_Reports_ADS.csv,Yes
30270-14383,1,3dadbcf335da06a,MAR-2026,No Deployment Reported,,,https://static.nhtsa.gov/odi/ffdd/sgo-2021-01/SGO-2021-01_Incident_Reports_ADS.csv,Yes
30270-14384,1,650435cb3542b6b,MAR-2026,No Deployment Reported,,,https://static.nhtsa.gov/odi/ffdd/sgo-2021-01/SGO-2021-01_Incident_Reports_ADS.csv,Yes
30270-14385,1,cbf8a25b20d9ec3,MAR-2026,Unknown,,,https://static.nhtsa.gov/odi/ffdd/sgo-2021-01/SGO-2021-01_Incident_Reports_ADS.csv,Yes
30270-14387,1,03f4b228d05cc74,MAR-2026,No Deployment Reported,,,https://static.nhtsa.gov/odi/ffdd/sgo-2021-01/SGO-2021-01_Incident_Reports_ADS.csv,Yes
30270-14389,1,f69ed49b28c17bb,MAR-2026,No Deployment Reported,,,https://static.nhtsa.gov/odi/ffdd/sgo-2021-01/SGO-2021-01_Incident_Reports_ADS.csv,Yes
30270-14390,1,6a475a025f227de,MAR-2026,No Deployment Reported,,,https://static.nhtsa.gov/odi/ffdd/sgo-2021-01/SGO-2021-01_Incident_Reports_ADS.csv,Yes
30270-14391,1,0a5ce28ee3fb168,MAR-2026,No Deployment Reported,,,https://static.nhtsa.gov/odi/ffdd/sgo-2021-01/SGO-2021-01_Incident_Reports_ADS.csv,Yes
30270-14420,1,91f421583a078a1,MAR-2026,No Deployment Reported,,,https://static.nhtsa.gov/odi/ffdd/sgo-2021-01/SGO-2021-01_Incident_Reports_ADS.csv,Yes
30270-14421,1,e2501b4dc575569,MAR-2026,No Deployment Reported,,,https://static.nhtsa.gov/odi/ffdd/sgo-2021-01/SGO-2021-01_Incident_Reports_ADS.csv,Yes
30270-14422,1,57525ca8a3e832e,MAR-2026,No Deployment Reported,,,https://static.nhtsa.gov/odi/ffdd/sgo-2021-01/SGO-2021-01_Incident_Reports_ADS.csv,Yes
30270-14423,1,035c4218b500be4,MAR-2026,No Deployment Reported,,,https://static.nhtsa.gov/odi/ffdd/sgo-2021-01/SGO-2021-01_Incident_Reports_ADS.csv,Yes
30270-14424,1,204441c4917fed1,MAR-2026,No Deployment Reported,,,https://static.nhtsa.gov/odi/ffdd/sgo-2021-01/SGO-2021-01_Incident_Reports_ADS.csv,Yes
30270-14425,1,eb09283750d5156,MAR-2026,No Deployment Reported,,,https://static.nhtsa.gov/odi/ffdd/sgo-2021-01/SGO-2021-01_Incident_Reports_ADS.csv,Yes
30270-14426,1,0798cc6ce386b44,MAR-2026,No Deployment Reported,,,https://static.nhtsa.gov/odi/ffdd/sgo-2021-01/SGO-2021-01_Incident_Reports_ADS.csv,Yes
30270-14438,1,045dd4daaa9782d,MAR-2026,No Deployment Reported,,,https://static.nhtsa.gov/odi/ffdd/sgo-2021-01/SGO-2021-01_Incident_Reports_ADS.csv,Yes
30270-14439,1,41f71a7d791c68d,MAR-2026,No Deployment Reported,,,https://static.nhtsa.gov/odi/ffdd/sgo-2021-01/SGO-2021-01_Incident_Reports_ADS.csv,Yes
30270-14440,1,84ac5e05729c795,MAR-2026,No Deployment Reported,,,https://static.nhtsa.gov/odi/ffdd/sgo-2021-01/SGO-2021-01_Incident_Reports_ADS.csv,Yes
30270-14441,1,50f638e3758da85,MAR-2026,No Deployment Reported,,,https://static.nhtsa.gov/odi/ffdd/sgo-2021-01/SGO-2021-01_Incident_Reports_ADS.csv,Yes
30270-14449,1,ca71be640fd6548,MAR-2026,No Deployment Reported,,,https://static.nhtsa.gov/odi/ffdd/sgo-2021-01/SGO-2021-01_Incident_Reports_ADS.csv,Yes
30270-14450,1,d09cef8bb6bafd4,MAR-2026,No Deployment Reported,,,https://static.nhtsa.gov/odi/ffdd/sgo-2021-01/SGO-2021-01_Incident_Reports_ADS.csv,Yes
30270-14453,1,cba4474f90f4aaf,MAR-2026,No Deployment Reported,,,https://static.nhtsa.gov/odi/ffdd/sgo-2021-01/SGO-2021-01_Incident_Reports_ADS.csv,Yes
30270-14454,1,4e935ade74224ee,MAR-2026,No Deployment Reported,,,https://static.nhtsa.gov/odi/ffdd/sgo-2021-01/SGO-2021-01_Incident_Reports_ADS.csv,Yes
30270-14455,1,8d2c164d501a618,MAR-2026,No Deployment Reported,,,https://static.nhtsa.gov/odi/ffdd/sgo-2021-01/SGO-2021-01_Incident_Reports_ADS.csv,Yes
30270-14456,1,6fd35369a882182,MAR-2026,No Deployment Reported,,,https://static.nhtsa.gov/odi/ffdd/sgo-2021-01/SGO-2021-01_Incident_Reports_ADS.csv,Yes
30270-14457,1,e6bd1c3e117dd7b,MAR-2026,No Deployment Reported,,,https://static.nhtsa.gov/odi/ffdd/sgo-2021-01/SGO-2021-01_Incident_Reports_ADS.csv,Yes
30270-14476,1,541b9c26a9582a4,MAR-2026,No Deployment Reported,,,https://static.nhtsa.gov/odi/ffdd/sgo-2021-01/SGO-2021-01_Incident_Reports_ADS.csv,Yes
30270-14477,1,cc94e3a9ea66857,MAR-2026,No Deployment Reported,,,https://static.nhtsa.gov/odi/ffdd/sgo-2021-01/SGO-2021-01_Incident_Reports_ADS.csv,Yes
30270-14478,1,593d316a6ee0028,MAR-2026,No Deployment Reported,,,https://static.nhtsa.gov/odi/ffdd/sgo-2021-01/SGO-2021-01_Incident_Reports_ADS.csv,Yes
30270-14479,1,fe84d99021ee17a,MAR-2026,Unknown,,,https://static.nhtsa.gov/odi/ffdd/sgo-2021-01/SGO-2021-01_Incident_Reports_ADS.csv,Yes
30270-14480,1,25e15464b06aff1,MAR-2026,No Deployment Reported,,,https://static.nhtsa.gov/odi/ffdd/sgo-2021-01/SGO-2021-01_Incident_Reports_ADS.csv,Yes
30270-14481,1,87959e4d5093ad9,MAR-2026,No Deployment Reported,,,https://static.nhtsa.gov/odi/ffdd/sgo-2021-01/SGO-2021-01_Incident_Reports_ADS.csv,Yes
30270-14482,1,2c89a2beb96ae22,MAR-2026,No Deployment Reported,,,https://static.nhtsa.gov/odi/ffdd/sgo-2021-01/SGO-2021-01_Incident_Reports_ADS.csv,Yes
30270-14483,1,33c3928e76fcabc,MAR-2026,No Deployment Reported,,,https://static.nhtsa.gov/odi/ffdd/sgo-2021-01/SGO-2021-01_Incident_Reports_ADS.csv,Yes
30270-14484,1,6ae0fa474e6fd3a,MAR-2026,No Deployment Reported,,,https://static.nhtsa.gov/odi/ffdd/sgo-2021-01/SGO-2021-01_Incident_Reports_ADS.csv,Yes
30270-14485,1,5f7cc2afb3a6bc9,MAR-2026,No Deployment Reported,,,https://static.nhtsa.gov/odi/ffdd/sgo-2021-01/SGO-2021-01_Incident_Reports_ADS.csv,Yes
30270-14486,1,0a7bf295780127a,MAR-2026,No Deployment Reported,,,https://static.nhtsa.gov/odi/ffdd/sgo-2021-01/SGO-2021-01_Incident_Reports_ADS.csv,Yes
30270-14488,1,29eb306cac5f2b8,MAR-2026,No Deployment Reported,,,https://static.nhtsa.gov/odi/ffdd/sgo-2021-01/SGO-2021-01_Incident_Reports_ADS.csv,Yes
30270-14490,1,109ccd802db67dd,MAR-2026,No Deployment Reported,,,https://static.nhtsa.gov/odi/ffdd/sgo-2021-01/SGO-2021-01_Incident_Reports_ADS.csv,Yes
30270-14491,1,b22b8f0e957a702,MAR-2026,No Deployment Reported,,,https://static.nhtsa.gov/odi/ffdd/sgo-2021-01/SGO-2021-01_Incident_Reports_ADS.csv,Yes
30270-14492,1,784609f1c56edfe,MAR-2026,No Deployment Reported,,,https://static.nhtsa.gov/odi/ffdd/sgo-2021-01/SGO-2021-01_Incident_Reports_ADS.csv,Yes
30270-14493,1,a1b9ed8b645badb,MAR-2026,No Deployment Reported,,,https://static.nhtsa.gov/odi/ffdd/sgo-2021-01/SGO-2021-01_Incident_Reports_ADS.csv,Yes
30270-14494,1,89012b214b0da06,MAR-2026,No Deployment Reported,,,https://static.nhtsa.gov/odi/ffdd/sgo-2021-01/SGO-2021-01_Incident_Reports_ADS.csv,Yes
30270-14495,1,164c083f7ae73e8,MAR-2026,No Deployment Reported,,,https://static.nhtsa.gov/odi/ffdd/sgo-2021-01/SGO-2021-01_Incident_Reports_ADS.csv,Yes
30270-14496,1,983ed57bc7bc7ca,MAR-2026,No Deployment Reported,,,https://static.nhtsa.gov/odi/ffdd/sgo-2021-01/SGO-2021-01_Incident_Reports_ADS.csv,Yes
30270-14497,1,a63d950dcfd350d,MAR-2026,No Deployment Reported,,,https://static.nhtsa.gov/odi/ffdd/sgo-2021-01/SGO-2021-01_Incident_Reports_ADS.csv,Yes
30270-14498,1,41bfa537013a245,MAR-2026,No Deployment Reported,,,https://static.nhtsa.gov/odi/ffdd/sgo-2021-01/SGO-2021-01_Incident_Reports_ADS.csv,Yes
30270-14505,1,e3362ce3213a8bd,MAR-2026,No Deployment Reported,,,https://static.nhtsa.gov/odi/ffdd/sgo-2021-01/SGO-2021-01_Incident_Reports_ADS.csv,Yes
30270-14506,1,ab718884f66d6d0,MAR-2026,No Deployment Reported,,,https://static.nhtsa.gov/odi/ffdd/sgo-2021-01/SGO-2021-01_Incident_Reports_ADS.csv,Yes
30270-14507,1,736b1aaa5abb8a0,MAR-2026,No Deployment Reported,,,https://static.nhtsa.gov/odi/ffdd/sgo-2021-01/SGO-2021-01_Incident_Reports_ADS.csv,Yes
30270-14510,1,b60a96fa298f010,MAR-2026,No Deployment Reported,,,https://static.nhtsa.gov/odi/ffdd/sgo-2021-01/SGO-2021-01_Incident_Reports_ADS.csv,Yes
30270-14511,1,3e593a600cd68be,MAR-2026,No Deployment Reported,,,https://static.nhtsa.gov/odi/ffdd/sgo-2021-01/SGO-2021-01_Incident_Reports_ADS.csv,Yes
30270-14512,1,1f2c52e71168712,MAR-2026,No Deployment Reported,,,https://static.nhtsa.gov/odi/ffdd/sgo-2021-01/SGO-2021-01_Incident_Reports_ADS.csv,Yes
30270-14513,1,fb1ea9a15260093,APR-2026,No Deployment Reported,,,https://static.nhtsa.gov/odi/ffdd/sgo-2021-01/SGO-2021-01_Incident_Reports_ADS.csv,Yes
30270-14514,1,2adaf9f17cf3f6f,MAR-2026,No Deployment Reported,,,https://static.nhtsa.gov/odi/ffdd/sgo-2021-01/SGO-2021-01_Incident_Reports_ADS.csv,Yes
30270-14516,1,8b8f359781d6cb7,APR-2026,No Deployment Reported,,,https://static.nhtsa.gov/odi/ffdd/sgo-2021-01/SGO-2021-01_Incident_Reports_ADS.csv,Yes
30270-14520,1,3bf481890ce907d,APR-2026,No Deployment Reported,,,https://static.nhtsa.gov/odi/ffdd/sgo-2021-01/SGO-2021-01_Incident_Reports_ADS.csv,Yes
30270-14537,1,edbea3cd567eced,APR-2026,No Deployment Reported,,,https://static.nhtsa.gov/odi/ffdd/sgo-2021-01/SGO-2021-01_Incident_Reports_ADS.csv,Yes
30270-14556,1,367269c0661b161,APR-2026,No Deployment Reported,,,https://static.nhtsa.gov/odi/ffdd/sgo-2021-01/SGO-2021-01_Incident_Reports_ADS.csv,Yes
30270-14557,1,8f16f091b638bcf,APR-2026,No Deployment Reported,,,https://static.nhtsa.gov/odi/ffdd/sgo-2021-01/SGO-2021-01_Incident_Reports_ADS.csv,Yes
30270-14558,1,5b538a74d6bc359,MAR-2026,No Deployment Reported,,,https://static.nhtsa.gov/odi/ffdd/sgo-2021-01/SGO-2021-01_Incident_Reports_ADS.csv,Yes
30270-14559,1,20f1f92cfd1feac,APR-2026,No Deployment Reported,,,https://static.nhtsa.gov/odi/ffdd/sgo-2021-01/SGO-2021-01_Incident_Reports_ADS.csv,Yes
30270-14560,1,5949ade35ee4e36,APR-2026,No Deployment Reported,,,https://static.nhtsa.gov/odi/ffdd/sgo-2021-01/SGO-2021-01_Incident_Reports_ADS.csv,Yes
30270-14563,1,e3fe2a3ce31a3bb,APR-2026,No Deployment Reported,,,https://static.nhtsa.gov/odi/ffdd/sgo-2021-01/SGO-2021-01_Incident_Reports_ADS.csv,Yes
30270-14565,1,58615caf6d4336d,APR-2026,No Deployment Reported,,,https://static.nhtsa.gov/odi/ffdd/sgo-2021-01/SGO-2021-01_Incident_Reports_ADS.csv,Yes
30270-14566,1,b4116e8774b7cd6,MAR-2026,No Deployment Reported,,,https://static.nhtsa.gov/odi/ffdd/sgo-2021-01/SGO-2021-01_Incident_Reports_ADS.csv,Yes
30270-14575,1,c939cffe917d5cd,APR-2026,No Deployment Reported,,,https://static.nhtsa.gov/odi/ffdd/sgo-2021-01/SGO-2021-01_Incident_Reports_ADS.csv,Yes
30270-14576,1,455477de59c8444,APR-2026,No Deployment Reported,,,https://static.nhtsa.gov/odi/ffdd/sgo-2021-01/SGO-2021-01_Incident_Reports_ADS.csv,Yes
30270-14577,1,5a81f380d8c927a,MAR-2026,No Deployment Reported,,,https://static.nhtsa.gov/odi/ffdd/sgo-2021-01/SGO-2021-01_Incident_Reports_ADS.csv,Yes
30270-14578,1,7fa85ef74cc5f6d,APR-2026,No Deployment Reported,,,https://static.nhtsa.gov/odi/ffdd/sgo-2021-01/SGO-2021-01_Incident_Reports_ADS.csv,Yes
30270-14579,1,ecdd616fa14eec7,APR-2026,No Deployment Reported,,,https://static.nhtsa.gov/odi/ffdd/sgo-2021-01/SGO-2021-01_Incident_Reports_ADS.csv,Yes
30270-14580,1,91cfb958f2b3cfb,APR-2026,Unknown,,,https://static.nhtsa.gov/odi/ffdd/sgo-2021-01/SGO-2021-01_Incident_Reports_ADS.csv,Yes
30270-14581,1,f4967b3d4bd46fb,APR-2026,No Deployment Reported,,,https://static.nhtsa.gov/odi/ffdd/sgo-2021-01/SGO-2021-01_Incident_Reports_ADS.csv,Yes
30270-14582,1,44b0158626395a9,APR-2026,No Deployment Reported,,,https://static.nhtsa.gov/odi/ffdd/sgo-2021-01/SGO-2021-01_Incident_Reports_ADS.csv,Yes
30270-14583,2,7378c4912f63d32,APR-2026,Unknown,,,https://static.nhtsa.gov/odi/ffdd/sgo-2021-01/SGO-2021-01_Incident_Reports_ADS.csv,Yes
30270-14584,1,c4fcb17008eaae1,APR-2026,No Deployment Reported,,,https://static.nhtsa.gov/odi/ffdd/sgo-2021-01/SGO-2021-01_Incident_Reports_ADS.csv,Yes
30270-14585,1,d858d2bd41f6b79,APR-2026,No Deployment Reported,,,https://static.nhtsa.gov/odi/ffdd/sgo-2021-01/SGO-2021-01_Incident_Reports_ADS.csv,Yes
30270-14586,1,f714f368c260da3,APR-2026,No Deployment Reported,,,https://static.nhtsa.gov/odi/ffdd/sgo-2021-01/SGO-2021-01_Incident_Reports_ADS.csv,Yes
30270-14587,1,9f89b2726694260,APR-2026,No Deployment Reported,,,https://static.nhtsa.gov/odi/ffdd/sgo-2021-01/SGO-2021-01_Incident_Reports_ADS.csv,Yes
30270-14617,1,e3ec3402e35a4b5,APR-2026,No Deployment Reported,,,https://static.nhtsa.gov/odi/ffdd/sgo-2021-01/SGO-2021-01_Incident_Reports_ADS.csv,Yes
30270-14618,1,ce4ef1372ceba46,APR-2026,No Deployment Reported,,,https://static.nhtsa.gov/odi/ffdd/sgo-2021-01/SGO-2021-01_Incident_Reports_ADS.csv,Yes
30270-14619,1,2b60ce4ad3039b9,APR-2026,No Deployment Reported,,,https://static.nhtsa.gov/odi/ffdd/sgo-2021-01/SGO-2021-01_Incident_Reports_ADS.csv,Yes
30270-14620,1,a845f2ff7589f36,APR-2026,No Deployment Reported,,,https://static.nhtsa.gov/odi/ffdd/sgo-2021-01/SGO-2021-01_Incident_Reports_ADS.csv,Yes
30270-14621,1,e5dfd665c6253d5,APR-2026,No Deployment Reported,,,https://static.nhtsa.gov/odi/ffdd/sgo-2021-01/SGO-2021-01_Incident_Reports_ADS.csv,Yes
30270-14623,1,c754f3128a47aab,APR-2026,No Deployment Reported,,,https://static.nhtsa.gov/odi/ffdd/sgo-2021-01/SGO-2021-01_Incident_Reports_ADS.csv,Yes
30270-14625,1,5e333c2d18f1d87,MAR-2026,No Deployment Reported,,,https://static.nhtsa.gov/odi/ffdd/sgo-2021-01/SGO-2021-01_Incident_Reports_ADS.csv,Yes
30270-14626,1,833e94560071794,APR-2026,No Deployment Reported,,,https://static.nhtsa.gov/odi/ffdd/sgo-2021-01/SGO-2021-01_Incident_Reports_ADS.csv,Yes
30270-14627,1,f54d2ae1d1e57a8,APR-2026,Deployed,,,https://static.nhtsa.gov/odi/ffdd/sgo-2021-01/SGO-2021-01_Incident_Reports_ADS.csv,Yes
30270-14628,1,04b1b064a76b942,APR-2026,No Deployment Reported,,,https://static.nhtsa.gov/odi/ffdd/sgo-2021-01/SGO-2021-01_Incident_Reports_ADS.csv,Yes
30270-14629,1,6cb0adf6053cd04,APR-2026,No Deployment Reported,,,https://static.nhtsa.gov/odi/ffdd/sgo-2021-01/SGO-2021-01_Incident_Reports_ADS.csv,Yes
30270-14640,1,b7ba0224c536c40,APR-2026,No Deployment Reported,,,https://static.nhtsa.gov/odi/ffdd/sgo-2021-01/SGO-2021-01_Incident_Reports_ADS.csv,Yes
30270-14644,1,91558d71db1fc9d,APR-2026,No Deployment Reported,,,https://static.nhtsa.gov/odi/ffdd/sgo-2021-01/SGO-2021-01_Incident_Reports_ADS.csv,Yes
30270-14645,1,e76a6ccf14c0f2f,APR-2026,No Deployment Reported,,,https://static.nhtsa.gov/odi/ffdd/sgo-2021-01/SGO-2021-01_Incident_Reports_ADS.csv,Yes
30270-14660,1,1b3259ff41bd2dd,APR-2026,No Deployment Reported,,,https://static.nhtsa.gov/odi/ffdd/sgo-2021-01/SGO-2021-01_Incident_Reports_ADS.csv,Yes
30270-14661,1,84e5e644c0c0f93,APR-2026,No Deployment Reported,,,https://static.nhtsa.gov/odi/ffdd/sgo-2021-01/SGO-2021-01_Incident_Reports_ADS.csv,Yes
30270-14666,1,84758f346083fd7,APR-2026,No Deployment Reported,,,https://static.nhtsa.gov/odi/ffdd/sgo-2021-01/SGO-2021-01_Incident_Reports_ADS.csv,Yes
30270-14667,1,8b3ce2dedbec440,APR-2026,No Deployment Reported,,,https://static.nhtsa.gov/odi/ffdd/sgo-2021-01/SGO-2021-01_Incident_Reports_ADS.csv,Yes
30270-14701,1,fb7c263b79e7492,APR-2026,No Deployment Reported,,,https://static.nhtsa.gov/odi/ffdd/sgo-2021-01/SGO-2021-01_Incident_Reports_ADS.csv,Yes
30270-14702,1,96381961cb700c1,APR-2026,No Deployment Reported,,,https://static.nhtsa.gov/odi/ffdd/sgo-2021-01/SGO-2021-01_Incident_Reports_ADS.csv,Yes
30270-14704,1,d2e15ec06f0ec14,APR-2026,Deployed,,,https://static.nhtsa.gov/odi/ffdd/sgo-2021-01/SGO-2021-01_Incident_Reports_ADS.csv,Yes
30270-14705,1,d99fc76c8221de7,APR-2026,No Deployment Reported,,,https://static.nhtsa.gov/odi/ffdd/sgo-2021-01/SGO-2021-01_Incident_Reports_ADS.csv,Yes
30270-14706,1,39c942ea47522f8,APR-2026,No Deployment Reported,,,https://static.nhtsa.gov/odi/ffdd/sgo-2021-01/SGO-2021-01_Incident_Reports_ADS.csv,Yes
30270-14707,1,f6968aed4573613,APR-2026,No Deployment Reported,,,https://static.nhtsa.gov/odi/ffdd/sgo-2021-01/SGO-2021-01_Incident_Reports_ADS.csv,Yes
30270-14708,1,1024682219a18ca,APR-2026,Deployed,,,https://static.nhtsa.gov/odi/ffdd/sgo-2021-01/SGO-2021-01_Incident_Reports_ADS.csv,Yes
30270-14709,1,6d42834870aabc3,APR-2026,No Deployment Reported,,,https://static.nhtsa.gov/odi/ffdd/sgo-2021-01/SGO-2021-01_Incident_Reports_ADS.csv,Yes
30270-14710,1,91a170b2eebc71e,APR-2026,No Deployment Reported,,,https://static.nhtsa.gov/odi/ffdd/sgo-2021-01/SGO-2021-01_Incident_Reports_ADS.csv,Yes
30270-14711,1,ae87c732ad0ea3c,APR-2026,No Deployment Reported,,,https://static.nhtsa.gov/odi/ffdd/sgo-2021-01/SGO-2021-01_Incident_Reports_ADS.csv,Yes
30270-14712,1,8aae416f00dfc31,APR-2026,No Deployment Reported,,,https://static.nhtsa.gov/odi/ffdd/sgo-2021-01/SGO-2021-01_Incident_Reports_ADS.csv,Yes
30270-14713,1,eff0bf444343922,APR-2026,No Deployment Reported,,,https://static.nhtsa.gov/odi/ffdd/sgo-2021-01/SGO-2021-01_Incident_Reports_ADS.csv,Yes
30270-14714,1,9b4ca07f87a2d06,APR-2026,No Deployment Reported,,,https://static.nhtsa.gov/odi/ffdd/sgo-2021-01/SGO-2021-01_Incident_Reports_ADS.csv,Yes
30270-14715,1,e739bf5b0d4e4e2,APR-2026,No Deployment Reported,,,https://static.nhtsa.gov/odi/ffdd/sgo-2021-01/SGO-2021-01_Incident_Reports_ADS.csv,Yes
30270-14716,1,1ca4b228ad523e6,APR-2026,No Deployment Reported,,,https://static.nhtsa.gov/odi/ffdd/sgo-2021-01/SGO-2021-01_Incident_Reports_ADS.csv,Yes
30270-14717,1,2396a12544c059e,APR-2026,No Deployment Reported,,,https://static.nhtsa.gov/odi/ffdd/sgo-2021-01/SGO-2021-01_Incident_Reports_ADS.csv,Yes
30270-14733,1,c6649ebe493dbad,APR-2026,No Deployment Reported,,,https://static.nhtsa.gov/odi/ffdd/sgo-2021-01/SGO-2021-01_Incident_Reports_ADS.csv,Yes
30270-14734,1,5a3b8879bc684e9,APR-2026,No Deployment Reported,,,https://static.nhtsa.gov/odi/ffdd/sgo-2021-01/SGO-2021-01_Incident_Reports_ADS.csv,Yes
30270-14735,1,d1238fc3bc8c783,APR-2026,No Deployment Reported,,,https://static.nhtsa.gov/odi/ffdd/sgo-2021-01/SGO-2021-01_Incident_Reports_ADS.csv,Yes
30270-14736,1,f7214a9a0cc2932,APR-2026,No Deployment Reported,,,https://static.nhtsa.gov/odi/ffdd/sgo-2021-01/SGO-2021-01_Incident_Reports_ADS.csv,Yes
30270-14737,1,e57194c05a5f9d1,APR-2026,No Deployment Reported,,,https://static.nhtsa.gov/odi/ffdd/sgo-2021-01/SGO-2021-01_Incident_Reports_ADS.csv,Yes
30270-14738,1,bc1a5781fc55ea3,APR-2026,No Deployment Reported,,,https://static.nhtsa.gov/odi/ffdd/sgo-2021-01/SGO-2021-01_Incident_Reports_ADS.csv,Yes
30270-14773,1,dcd6e5e8a4c7825,APR-2026,No Deployment Reported,,,https://static.nhtsa.gov/odi/ffdd/sgo-2021-01/SGO-2021-01_Incident_Reports_ADS.csv,Yes
30270-14803,1,9ac03615081c068,APR-2026,No Deployment Reported,,,https://static.nhtsa.gov/odi/ffdd/sgo-2021-01/SGO-2021-01_Incident_Reports_ADS.csv,Yes
30270-14804,1,bae2cf6c304a1ed,APR-2026,No Deployment Reported,,,https://static.nhtsa.gov/odi/ffdd/sgo-2021-01/SGO-2021-01_Incident_Reports_ADS.csv,Yes
30270-14805,1,c1bd19bcf8deb30,APR-2026,No Deployment Reported,,,https://static.nhtsa.gov/odi/ffdd/sgo-2021-01/SGO-2021-01_Incident_Reports_ADS.csv,Yes
30270-14806,1,1e00cff247e0087,APR-2026,No Deployment Reported,,,https://static.nhtsa.gov/odi/ffdd/sgo-2021-01/SGO-2021-01_Incident_Reports_ADS.csv,Yes
30270-14807,1,966ec4b54287e21,APR-2026,No Deployment Reported,,,https://static.nhtsa.gov/odi/ffdd/sgo-2021-01/SGO-2021-01_Incident_Reports_ADS.csv,Yes
30270-14809,1,319eb0dc9f09a4d,APR-2026,No Deployment Reported,,,https://static.nhtsa.gov/odi/ffdd/sgo-2021-01/SGO-2021-01_Incident_Reports_ADS.csv,Yes
30270-14810,1,76b7aa6595f4278,APR-2026,No Deployment Reported,,,https://static.nhtsa.gov/odi/ffdd/sgo-2021-01/SGO-2021-01_Incident_Reports_ADS.csv,Yes
30270-14811,1,0d97ebf41e4d993,APR-2026,No Deployment Reported,,,https://static.nhtsa.gov/odi/ffdd/sgo-2021-01/SGO-2021-01_Incident_Reports_ADS.csv,Yes
30270-14826,1,7d130771a8e4484,APR-2026,No Deployment Reported,,,https://static.nhtsa.gov/odi/ffdd/sgo-2021-01/SGO-2021-01_Incident_Reports_ADS.csv,Yes
30270-14827,1,65fe89814e7cb0e,APR-2026,No Deployment Reported,,,https://static.nhtsa.gov/odi/ffdd/sgo-2021-01/SGO-2021-01_Incident_Reports_ADS.csv,Yes
30270-14828,1,7c3c57cd270297f,APR-2026,Unknown,,,https://static.nhtsa.gov/odi/ffdd/sgo-2021-01/SGO-2021-01_Incident_Reports_ADS.csv,Yes
30270-14829,2,f9e1502e537f5c0,APR-2026,No Deployment Reported,,,https://static.nhtsa.gov/odi/ffdd/sgo-2021-01/SGO-2021-01_Incident_Reports_ADS.csv,Yes
30270-14831,1,a026953be239155,APR-2026,No Deployment Reported,,,https://static.nhtsa.gov/odi/ffdd/sgo-2021-01/SGO-2021-01_Incident_Reports_ADS.csv,Yes
30270-14832,1,c2e8747368f98df,APR-2026,No Deployment Reported,,,https://static.nhtsa.gov/odi/ffdd/sgo-2021-01/SGO-2021-01_Incident_Reports_ADS.csv,Yes
30270-14833,1,4b2c3c3efc148b4,APR-2026,No Deployment Reported,,,https://static.nhtsa.gov/odi/ffdd/sgo-2021-01/SGO-2021-01_Incident_Reports_ADS.csv,Yes
30270-14834,1,708196cc1d998c7,APR-2026,No Deployment Reported,,,https://static.nhtsa.gov/odi/ffdd/sgo-2021-01/SGO-2021-01_Incident_Reports_ADS.csv,Yes
30270-14844,1,206217a4cc1cfa4,APR-2026,No Deployment Reported,,,https://static.nhtsa.gov/odi/ffdd/sgo-2021-01/SGO-2021-01_Incident_Reports_ADS.csv,Yes
30270-14845,1,4833ce94c159460,APR-2026,No Deployment Reported,,,https://static.nhtsa.gov/odi/ffdd/sgo-2021-01/SGO-2021-01_Incident_Reports_ADS.csv,Yes
30270-14846,1,8d097df63e2554f,APR-2026,No Deployment Reported,,,https://static.nhtsa.gov/odi/ffdd/sgo-2021-01/SGO-2021-01_Incident_Reports_ADS.csv,Yes
30270-14847,1,c22e207e0cf06b3,APR-2026,No Deployment Reported,,,https://static.nhtsa.gov/odi/ffdd/sgo-2021-01/SGO-2021-01_Incident_Reports_ADS.csv,Yes
30270-14848,1,291725a17aa4030,APR-2026,No Deployment Reported,,,https://static.nhtsa.gov/odi/ffdd/sgo-2021-01/SGO-2021-01_Incident_Reports_ADS.csv,Yes
30270-14849,1,a6ede4eb521e9a6,APR-2026,No Deployment Reported,,,https://static.nhtsa.gov/odi/ffdd/sgo-2021-01/SGO-2021-01_Incident_Reports_ADS.csv,Yes
30270-14850,1,a67935c163b04b7,APR-2026,No Deployment Reported,,,https://static.nhtsa.gov/odi/ffdd/sgo-2021-01/SGO-2021-01_Incident_Reports_ADS.csv,Yes
30270-14856,1,e1626f172093ae6,APR-2026,No Deployment Reported,,,https://static.nhtsa.gov/odi/ffdd/sgo-2021-01/SGO-2021-01_Incident_Reports_ADS.csv,Yes
30270-14882,1,ee7e8b35b4c6eda,APR-2026,No Deployment Reported,,,https://static.nhtsa.gov/odi/ffdd/sgo-2021-01/SGO-2021-01_Incident_Reports_ADS.csv,Yes
30270-14887,1,2723c102bcae75c,APR-2026,No Deployment Reported,,,https://static.nhtsa.gov/odi/ffdd/sgo-2021-01/SGO-2021-01_Incident_Reports_ADS.csv,Yes
30270-14888,1,1f4a8ee6abacd25,APR-2026,No Deployment Reported,,,https://static.nhtsa.gov/odi/ffdd/sgo-2021-01/SGO-2021-01_Incident_Reports_ADS.csv,Yes
30270-14889,1,39d2636ec10e813,APR-2026,No Deployment Reported,,,https://static.nhtsa.gov/odi/ffdd/sgo-2021-01/SGO-2021-01_Incident_Reports_ADS.csv,Yes
30270-14890,1,6e5234c59081cf5,MAY-2026,No Deployment Reported,,,https://static.nhtsa.gov/odi/ffdd/sgo-2021-01/SGO-2021-01_Incident_Reports_ADS.csv,Yes
30270-14891,1,e4b445eb9f5fa17,APR-2026,No Deployment Reported,,,https://static.nhtsa.gov/odi/ffdd/sgo-2021-01/SGO-2021-01_Incident_Reports_ADS.csv,Yes
30270-14893,1,93245db5f697aa2,APR-2026,No Deployment Reported,,,https://static.nhtsa.gov/odi/ffdd/sgo-2021-01/SGO-2021-01_Incident_Reports_ADS.csv,Yes
30270-14894,1,6c562c5ecd705a5,MAY-2026,Unknown,,,https://static.nhtsa.gov/odi/ffdd/sgo-2021-01/SGO-2021-01_Incident_Reports_ADS.csv,Yes
30270-14895,1,1c765c0d4ebc46b,APR-2026,No Deployment Reported,,,https://static.nhtsa.gov/odi/ffdd/sgo-2021-01/SGO-2021-01_Incident_Reports_ADS.csv,Yes
30270-14896,1,7372955dc2e63a2,APR-2026,No Deployment Reported,,,https://static.nhtsa.gov/odi/ffdd/sgo-2021-01/SGO-2021-01_Incident_Reports_ADS.csv,Yes
30270-14897,1,df8eb0aa198a17b,APR-2026,No Deployment Reported,,,https://static.nhtsa.gov/odi/ffdd/sgo-2021-01/SGO-2021-01_Incident_Reports_ADS.csv,Yes
30270-14901,1,858a902efbd00c1,APR-2026,Unknown,,,https://static.nhtsa.gov/odi/ffdd/sgo-2021-01/SGO-2021-01_Incident_Reports_ADS.csv,Yes
30270-14903,1,ed5b9f20e21dd22,APR-2026,No Deployment Reported,,,https://static.nhtsa.gov/odi/ffdd/sgo-2021-01/SGO-2021-01_Incident_Reports_ADS.csv,Yes
30270-14905,1,31b153f9cce89b8,APR-2026,No Deployment Reported,,,https://static.nhtsa.gov/odi/ffdd/sgo-2021-01/SGO-2021-01_Incident_Reports_ADS.csv,Yes
30270-14907,1,24c659c273dda76,APR-2026,No Deployment Reported,,,https://static.nhtsa.gov/odi/ffdd/sgo-2021-01/SGO-2021-01_Incident_Reports_ADS.csv,Yes
30270-14908,1,ef6425970681a10,MAY-2026,No Deployment Reported,,,https://static.nhtsa.gov/odi/ffdd/sgo-2021-01/SGO-2021-01_Incident_Reports_ADS.csv,Yes
30270-14927,1,cab44a303787960,MAY-2026,No Deployment Reported,,,https://static.nhtsa.gov/odi/ffdd/sgo-2021-01/SGO-2021-01_Incident_Reports_ADS.csv,Yes
30270-14928,1,f9bd88388728d62,APR-2026,No Deployment Reported,,,https://static.nhtsa.gov/odi/ffdd/sgo-2021-01/SGO-2021-01_Incident_Reports_ADS.csv,Yes
30270-14929,1,8c5f002b0d6d360,APR-2026,No Deployment Reported,,,https://static.nhtsa.gov/odi/ffdd/sgo-2021-01/SGO-2021-01_Incident_Reports_ADS.csv,Yes
30270-14930,1,bd38fd2088c4694,APR-2026,No Deployment Reported,,,https://static.nhtsa.gov/odi/ffdd/sgo-2021-01/SGO-2021-01_Incident_Reports_ADS.csv,Yes
30270-14931,1,2977844890af9a7,APR-2026,No Deployment Reported,,,https://static.nhtsa.gov/odi/ffdd/sgo-2021-01/SGO-2021-01_Incident_Reports_ADS.csv,Yes
30270-14932,1,9afe22f2ea11529,APR-2026,No Deployment Reported,,,https://static.nhtsa.gov/odi/ffdd/sgo-2021-01/SGO-2021-01_Incident_Reports_ADS.csv,Yes
30270-14933,1,f7a2230e1fd70dc,APR-2026,No Deployment Reported,,,https://static.nhtsa.gov/odi/ffdd/sgo-2021-01/SGO-2021-01_Incident_Reports_ADS.csv,Yes
30270-14934,1,2c31b61e2a1484a,APR-2026,No Deployment Reported,,,https://static.nhtsa.gov/odi/ffdd/sgo-2021-01/SGO-2021-01_Incident_Reports_ADS.csv,Yes
30270-14935,1,dfa9ee66109b0f4,APR-2026,No Deployment Reported,,,https://static.nhtsa.gov/odi/ffdd/sgo-2021-01/SGO-2021-01_Incident_Reports_ADS.csv,Yes
30270-14936,1,c57f081c3de37e1,APR-2026,No Deployment Reported,,,https://static.nhtsa.gov/odi/ffdd/sgo-2021-01/SGO-2021-01_Incident_Reports_ADS.csv,Yes
30270-14937,1,efe397e7cb77f46,APR-2026,No Deployment Reported,,,https://static.nhtsa.gov/odi/ffdd/sgo-2021-01/SGO-2021-01_Incident_Reports_ADS.csv,Yes
30270-14939,1,56ac17ee8f3d57b,MAY-2026,No Deployment Reported,,,https://static.nhtsa.gov/odi/ffdd/sgo-2021-01/SGO-2021-01_Incident_Reports_ADS.csv,Yes
30270-1494,1,1dacdcc3d3d698e,SEP-2021,No Deployment Reported,No,No,https://static.nhtsa.gov/odi/ffdd/sgo-2021-01/Archive-2021-2025/SGO-2021-01_Incident_Reports_ADS.csv,Yes
30270-14940,1,b26eba4b4034171,APR-2026,No Deployment Reported,,,https://static.nhtsa.gov/odi/ffdd/sgo-2021-01/SGO-2021-01_Incident_Reports_ADS.csv,Yes
30270-14941,1,b80931ec56802d1,APR-2026,No Deployment Reported,,,https://static.nhtsa.gov/odi/ffdd/sgo-2021-01/SGO-2021-01_Incident_Reports_ADS.csv,Yes
30270-14942,1,1e3f01c71a58f19,MAY-2026,No Deployment Reported,,,https://static.nhtsa.gov/odi/ffdd/sgo-2021-01/SGO-2021-01_Incident_Reports_ADS.csv,Yes
30270-14943,1,afa7cfa2ef60e08,APR-2026,No Deployment Reported,,,https://static.nhtsa.gov/odi/ffdd/sgo-2021-01/SGO-2021-01_Incident_Reports_ADS.csv,Yes
30270-14944,1,d5de757e0e3708a,APR-2026,No Deployment Reported,,,https://static.nhtsa.gov/odi/ffdd/sgo-2021-01/SGO-2021-01_Incident_Reports_ADS.csv,Yes
30270-14945,1,ddb8d6f6705d53f,MAY-2026,No Deployment Reported,,,https://static.nhtsa.gov/odi/ffdd/sgo-2021-01/SGO-2021-01_Incident_Reports_ADS.csv,Yes
30270-1495,1,a2f72a0435b1c3e,SEP-2021,Unknown,No,Unknown,https://static.nhtsa.gov/odi/ffdd/sgo-2021-01/Archive-2021-2025/SGO-2021-01_Incident_Reports_ADS.csv,Yes
30270-14976,1,b94eef835627fe8,MAY-2026,No Deployment Reported,,,https://static.nhtsa.gov/odi/ffdd/sgo-2021-01/SGO-2021-01_Incident_Reports_ADS.csv,Yes
30270-14977,1,7739219297660ac,MAY-2026,No Deployment Reported,,,https://static.nhtsa.gov/odi/ffdd/sgo-2021-01/SGO-2021-01_Incident_Reports_ADS.csv,Yes
30270-14978,1,25b07ecc49e3cbf,MAY-2026,No Deployment Reported,,,https://static.nhtsa.gov/odi/ffdd/sgo-2021-01/SGO-2021-01_Incident_Reports_ADS.csv,Yes
30270-14979,1,2b85919ed5b74d5,MAY-2026,No Deployment Reported,,,https://static.nhtsa.gov/odi/ffdd/sgo-2021-01/SGO-2021-01_Incident_Reports_ADS.csv,Yes
30270-1498,2,0cb307e3099fa7e,SEP-2021,Unknown,No,Unknown,https://static.nhtsa.gov/odi/ffdd/sgo-2021-01/Archive-2021-2025/SGO-2021-01_Incident_Reports_ADS.csv,Yes
30270-14980,1,9041a50955c6506,MAY-2026,Deployed,,,https://static.nhtsa.gov/odi/ffdd/sgo-2021-01/SGO-2021-01_Incident_Reports_ADS.csv,Yes
30270-14981,1,a4855381bcacb33,MAY-2026,No Deployment Reported,,,https://static.nhtsa.gov/odi/ffdd/sgo-2021-01/SGO-2021-01_Incident_Reports_ADS.csv,Yes
30270-14982,1,e9140bf2011fe2d,MAY-2026,No Deployment Reported,,,https://static.nhtsa.gov/odi/ffdd/sgo-2021-01/SGO-2021-01_Incident_Reports_ADS.csv,Yes
30270-14984,1,45ed3d57421171c,MAY-2026,No Deployment Reported,,,https://static.nhtsa.gov/odi/ffdd/sgo-2021-01/SGO-2021-01_Incident_Reports_ADS.csv,Yes
30270-14986,1,d9ab087a84f0cd4,MAY-2026,No Deployment Reported,,,https://static.nhtsa.gov/odi/ffdd/sgo-2021-01/SGO-2021-01_Incident_Reports_ADS.csv,Yes
30270-14987,1,6c59fc757b5cd6f,MAY-2026,No Deployment Reported,,,https://static.nhtsa.gov/odi/ffdd/sgo-2021-01/SGO-2021-01_Incident_Reports_ADS.csv,Yes
30270-14988,1,af97157909b3291,MAY-2026,No Deployment Reported,,,https://static.nhtsa.gov/odi/ffdd/sgo-2021-01/SGO-2021-01_Incident_Reports_ADS.csv,Yes
30270-14989,1,96b7cee8621bc70,MAY-2026,No Deployment Reported,,,https://static.nhtsa.gov/odi/ffdd/sgo-2021-01/SGO-2021-01_Incident_Reports_ADS.csv,Yes
30270-14992,1,1124d490953b219,MAY-2026,No Deployment Reported,,,https://static.nhtsa.gov/odi/ffdd/sgo-2021-01/SGO-2021-01_Incident_Reports_ADS.csv,Yes
30270-1500,1,0d0ae62c0bf671d,SEP-2021,No Deployment Reported,No,No,https://static.nhtsa.gov/odi/ffdd/sgo-2021-01/Archive-2021-2025/SGO-2021-01_Incident_Reports_ADS.csv,Yes
30270-15002,1,4a6b7e3f7b3d162,MAY-2026,No Deployment Reported,,,https://static.nhtsa.gov/odi/ffdd/sgo-2021-01/SGO-2021-01_Incident_Reports_ADS.csv,Yes
30270-15009,1,1f49cee006a3ed0,MAY-2026,No Deployment Reported,,,https://static.nhtsa.gov/odi/ffdd/sgo-2021-01/SGO-2021-01_Incident_Reports_ADS.csv,Yes
30270-1501,1,8f3b21803d476fa,SEP-2021,No Deployment Reported,No,No,https://static.nhtsa.gov/odi/ffdd/sgo-2021-01/Archive-2021-2025/SGO-2021-01_Incident_Reports_ADS.csv,Yes
30270-15011,1,ff549e7641cb967,MAY-2026,No Deployment Reported,,,https://static.nhtsa.gov/odi/ffdd/sgo-2021-01/SGO-2021-01_Incident_Reports_ADS.csv,Yes
30270-15012,1,d16d87bb0fb2415,MAY-2026,No Deployment Reported,,,https://static.nhtsa.gov/odi/ffdd/sgo-2021-01/SGO-2021-01_Incident_Reports_ADS.csv,Yes
30270-15013,1,7a0b89fd9379a33,MAY-2026,No Deployment Reported,,,https://static.nhtsa.gov/odi/ffdd/sgo-2021-01/SGO-2021-01_Incident_Reports_ADS.csv,Yes
30270-15014,1,53742358e772844,MAY-2026,No Deployment Reported,,,https://static.nhtsa.gov/odi/ffdd/sgo-2021-01/SGO-2021-01_Incident_Reports_ADS.csv,Yes
30270-15015,1,743e17db5aaae34,MAY-2026,Deployed,,,https://static.nhtsa.gov/odi/ffdd/sgo-2021-01/SGO-2021-01_Incident_Reports_ADS.csv,Yes
30270-15020,1,d689d09746da864,MAY-2026,No Deployment Reported,,,https://static.nhtsa.gov/odi/ffdd/sgo-2021-01/SGO-2021-01_Incident_Reports_ADS.csv,Yes
30270-15021,1,736fb36f9e489e1,MAY-2026,No Deployment Reported,,,https://static.nhtsa.gov/odi/ffdd/sgo-2021-01/SGO-2021-01_Incident_Reports_ADS.csv,Yes
30270-15022,1,dd01fd65edccaf7,MAY-2026,Deployed,,,https://static.nhtsa.gov/odi/ffdd/sgo-2021-01/SGO-2021-01_Incident_Reports_ADS.csv,Yes
30270-15023,1,ef7b401fdbadc47,MAY-2026,No Deployment Reported,,,https://static.nhtsa.gov/odi/ffdd/sgo-2021-01/SGO-2021-01_Incident_Reports_ADS.csv,Yes
30270-15024,1,991c8e09082b56f,MAY-2026,No Deployment Reported,,,https://static.nhtsa.gov/odi/ffdd/sgo-2021-01/SGO-2021-01_Incident_Reports_ADS.csv,Yes
30270-15025,1,16052bf593662d8,MAY-2026,No Deployment Reported,,,https://static.nhtsa.gov/odi/ffdd/sgo-2021-01/SGO-2021-01_Incident_Reports_ADS.csv,Yes
30270-15029,1,78d4173a18eaa52,MAY-2026,No Deployment Reported,,,https://static.nhtsa.gov/odi/ffdd/sgo-2021-01/SGO-2021-01_Incident_Reports_ADS.csv,Yes
30270-15030,1,0714d81c98729b4,MAY-2026,No Deployment Reported,,,https://static.nhtsa.gov/odi/ffdd/sgo-2021-01/SGO-2021-01_Incident_Reports_ADS.csv,Yes
30270-15067,1,90fe93bead0ad8c,MAY-2026,No Deployment Reported,,,https://static.nhtsa.gov/odi/ffdd/sgo-2021-01/SGO-2021-01_Incident_Reports_ADS.csv,Yes
30270-15068,1,631c1b685c0f62f,MAY-2026,No Deployment Reported,,,https://static.nhtsa.gov/odi/ffdd/sgo-2021-01/SGO-2021-01_Incident_Reports_ADS.csv,Yes
30270-15069,1,11ee822371429c8,MAY-2026,No Deployment Reported,,,https://static.nhtsa.gov/odi/ffdd/sgo-2021-01/SGO-2021-01_Incident_Reports_ADS.csv,Yes
30270-15070,1,3d8644dfd8c835e,MAY-2026,Deployed,,,https://static.nhtsa.gov/odi/ffdd/sgo-2021-01/SGO-2021-01_Incident_Reports_ADS.csv,Yes
30270-15071,1,fb27be646522e31,MAY-2026,No Deployment Reported,,,https://static.nhtsa.gov/odi/ffdd/sgo-2021-01/SGO-2021-01_Incident_Reports_ADS.csv,Yes
30270-15073,1,d0a54fc1c39a1f7,MAY-2026,No Deployment Reported,,,https://static.nhtsa.gov/odi/ffdd/sgo-2021-01/SGO-2021-01_Incident_Reports_ADS.csv,Yes
30270-15075,1,a8f5d9f02f27967,MAY-2026,No Deployment Reported,,,https://static.nhtsa.gov/odi/ffdd/sgo-2021-01/SGO-2021-01_Incident_Reports_ADS.csv,Yes
30270-15076,1,4d772dbc1a8fa25,MAY-2026,No Deployment Reported,,,https://static.nhtsa.gov/odi/ffdd/sgo-2021-01/SGO-2021-01_Incident_Reports_ADS.csv,Yes
30270-15095,1,d4fd501e561b718,MAY-2026,No Deployment Reported,,,https://static.nhtsa.gov/odi/ffdd/sgo-2021-01/SGO-2021-01_Incident_Reports_ADS.csv,Yes
30270-15096,1,c02f6672ec1a420,MAY-2026,Deployed,,,https://static.nhtsa.gov/odi/ffdd/sgo-2021-01/SGO-2021-01_Incident_Reports_ADS.csv,Yes
30270-15097,1,5ab9302c7c5e9c6,MAY-2026,No Deployment Reported,,,https://static.nhtsa.gov/odi/ffdd/sgo-2021-01/SGO-2021-01_Incident_Reports_ADS.csv,Yes
30270-15098,1,6f683f0f37f5e27,MAY-2026,No Deployment Reported,,,https://static.nhtsa.gov/odi/ffdd/sgo-2021-01/SGO-2021-01_Incident_Reports_ADS.csv,Yes
30270-15101,1,0c49fb4d0ffa565,MAY-2026,No Deployment Reported,,,https://static.nhtsa.gov/odi/ffdd/sgo-2021-01/SGO-2021-01_Incident_Reports_ADS.csv,Yes
30270-15102,1,8212332da3212c5,MAY-2026,No Deployment Reported,,,https://static.nhtsa.gov/odi/ffdd/sgo-2021-01/SGO-2021-01_Incident_Reports_ADS.csv,Yes
30270-15104,1,35b5ed8b3ad4843,MAY-2026,No Deployment Reported,,,https://static.nhtsa.gov/odi/ffdd/sgo-2021-01/SGO-2021-01_Incident_Reports_ADS.csv,Yes
30270-15105,1,8c47e2c871cfdd5,MAY-2026,No Deployment Reported,,,https://static.nhtsa.gov/odi/ffdd/sgo-2021-01/SGO-2021-01_Incident_Reports_ADS.csv,Yes
30270-15106,1,7d6d4942edb67c8,MAY-2026,No Deployment Reported,,,https://static.nhtsa.gov/odi/ffdd/sgo-2021-01/SGO-2021-01_Incident_Reports_ADS.csv,Yes
30270-15157,1,99b0d97f618df12,MAY-2026,No Deployment Reported,,,https://static.nhtsa.gov/odi/ffdd/sgo-2021-01/SGO-2021-01_Incident_Reports_ADS.csv,Yes
30270-15158,1,3ef344e926bf933,MAY-2026,No Deployment Reported,,,https://static.nhtsa.gov/odi/ffdd/sgo-2021-01/SGO-2021-01_Incident_Reports_ADS.csv,Yes
30270-15159,1,59a2273fb5694d1,MAY-2026,No Deployment Reported,,,https://static.nhtsa.gov/odi/ffdd/sgo-2021-01/SGO-2021-01_Incident_Reports_ADS.csv,Yes
30270-15160,1,8bd7b17fadf6f82,MAY-2026,No Deployment Reported,,,https://static.nhtsa.gov/odi/ffdd/sgo-2021-01/SGO-2021-01_Incident_Reports_ADS.csv,Yes
30270-15172,1,876f3b0429a5e17,MAY-2026,No Deployment Reported,,,https://static.nhtsa.gov/odi/ffdd/sgo-2021-01/SGO-2021-01_Incident_Reports_ADS.csv,Yes
30270-15173,1,de8efc3f6f49e9b,MAY-2026,No Deployment Reported,,,https://static.nhtsa.gov/odi/ffdd/sgo-2021-01/SGO-2021-01_Incident_Reports_ADS.csv,Yes
30270-15174,1,64e8c04b131f3b8,MAY-2026,No Deployment Reported,,,https://static.nhtsa.gov/odi/ffdd/sgo-2021-01/SGO-2021-01_Incident_Reports_ADS.csv,Yes
30270-15175,1,3f95cea5fcf8776,MAY-2026,No Deployment Reported,,,https://static.nhtsa.gov/odi/ffdd/sgo-2021-01/SGO-2021-01_Incident_Reports_ADS.csv,Yes
30270-15176,1,c4355bf2266f7b5,MAY-2026,No Deployment Reported,,,https://static.nhtsa.gov/odi/ffdd/sgo-2021-01/SGO-2021-01_Incident_Reports_ADS.csv,Yes
30270-15177,1,36d96f9b2661bd3,MAY-2026,No Deployment Reported,,,https://static.nhtsa.gov/odi/ffdd/sgo-2021-01/SGO-2021-01_Incident_Reports_ADS.csv,Yes
30270-15178,1,1130e10f709f619,MAY-2026,No Deployment Reported,,,https://static.nhtsa.gov/odi/ffdd/sgo-2021-01/SGO-2021-01_Incident_Reports_ADS.csv,Yes
30270-15179,1,8457fb412081c72,MAY-2026,No Deployment Reported,,,https://static.nhtsa.gov/odi/ffdd/sgo-2021-01/SGO-2021-01_Incident_Reports_ADS.csv,Yes
30270-15190,1,9e6517cb4be86b4,MAY-2026,No Deployment Reported,,,https://static.nhtsa.gov/odi/ffdd/sgo-2021-01/SGO-2021-01_Incident_Reports_ADS.csv,Yes
30270-15191,1,a4b1d8f5658680c,MAY-2026,No Deployment Reported,,,https://static.nhtsa.gov/odi/ffdd/sgo-2021-01/SGO-2021-01_Incident_Reports_ADS.csv,Yes
30270-15192,1,c0746bba88135cc,MAY-2026,Deployed,,,https://static.nhtsa.gov/odi/ffdd/sgo-2021-01/SGO-2021-01_Incident_Reports_ADS.csv,Yes
30270-15193,1,6fae4f5dac9537c,MAY-2026,No Deployment Reported,,,https://static.nhtsa.gov/odi/ffdd/sgo-2021-01/SGO-2021-01_Incident_Reports_ADS.csv,Yes
30270-15194,1,c5f49850f96e468,MAY-2026,No Deployment Reported,,,https://static.nhtsa.gov/odi/ffdd/sgo-2021-01/SGO-2021-01_Incident_Reports_ADS.csv,Yes
30270-15195,1,3882252d5641b7a,MAY-2026,No Deployment Reported,,,https://static.nhtsa.gov/odi/ffdd/sgo-2021-01/SGO-2021-01_Incident_Reports_ADS.csv,Yes
30270-15238,1,e01fe777bc7cebc,MAY-2026,No Deployment Reported,,,https://static.nhtsa.gov/odi/ffdd/sgo-2021-01/SGO-2021-01_Incident_Reports_ADS.csv,Yes
30270-15240,1,f1cd9b403368bc1,MAY-2026,No Deployment Reported,,,https://static.nhtsa.gov/odi/ffdd/sgo-2021-01/SGO-2021-01_Incident_Reports_ADS.csv,Yes
30270-15243,1,cfc4982214190f9,MAY-2026,No Deployment Reported,,,https://static.nhtsa.gov/odi/ffdd/sgo-2021-01/SGO-2021-01_Incident_Reports_ADS.csv,Yes
30270-15244,1,d1a5d22fd4b06f6,MAY-2026,No Deployment Reported,,,https://static.nhtsa.gov/odi/ffdd/sgo-2021-01/SGO-2021-01_Incident_Reports_ADS.csv,Yes
30270-15245,1,ac76f9ac339d71d,MAY-2026,No Deployment Reported,,,https://static.nhtsa.gov/odi/ffdd/sgo-2021-01/SGO-2021-01_Incident_Reports_ADS.csv,Yes
30270-15246,1,fc8edb9a7204402,MAY-2026,No Deployment Reported,,,https://static.nhtsa.gov/odi/ffdd/sgo-2021-01/SGO-2021-01_Incident_Reports_ADS.csv,Yes
30270-15248,1,ff4e77294034af9,MAY-2026,No Deployment Reported,,,https://static.nhtsa.gov/odi/ffdd/sgo-2021-01/SGO-2021-01_Incident_Reports_ADS.csv,Yes
30270-15249,1,df4f2168746b1c0,MAY-2026,No Deployment Reported,,,https://static.nhtsa.gov/odi/ffdd/sgo-2021-01/SGO-2021-01_Incident_Reports_ADS.csv,Yes
30270-15250,1,438363c55b5eb24,MAY-2026,No Deployment Reported,,,https://static.nhtsa.gov/odi/ffdd/sgo-2021-01/SGO-2021-01_Incident_Reports_ADS.csv,Yes
30270-15251,1,3aa771b54ce5693,MAY-2026,No Deployment Reported,,,https://static.nhtsa.gov/odi/ffdd/sgo-2021-01/SGO-2021-01_Incident_Reports_ADS.csv,Yes
30270-15252,1,523216e6e8979bf,MAY-2026,Deployed,,,https://static.nhtsa.gov/odi/ffdd/sgo-2021-01/SGO-2021-01_Incident_Reports_ADS.csv,Yes
30270-15253,1,bbdfce11db6913a,MAY-2026,No Deployment Reported,,,https://static.nhtsa.gov/odi/ffdd/sgo-2021-01/SGO-2021-01_Incident_Reports_ADS.csv,Yes
30270-15254,1,501f3b7ddfa7aa6,MAY-2026,No Deployment Reported,,,https://static.nhtsa.gov/odi/ffdd/sgo-2021-01/SGO-2021-01_Incident_Reports_ADS.csv,Yes
30270-15255,1,d29f5a4b9ddf9ef,MAY-2026,No Deployment Reported,,,https://static.nhtsa.gov/odi/ffdd/sgo-2021-01/SGO-2021-01_Incident_Reports_ADS.csv,Yes
30270-15256,1,db844ff55e8712b,MAY-2026,No Deployment Reported,,,https://static.nhtsa.gov/odi/ffdd/sgo-2021-01/SGO-2021-01_Incident_Reports_ADS.csv,Yes
30270-15257,1,6109fd210931b16,MAY-2026,No Deployment Reported,,,https://static.nhtsa.gov/odi/ffdd/sgo-2021-01/SGO-2021-01_Incident_Reports_ADS.csv,Yes
30270-15259,1,36021331c11e7bb,MAY-2026,No Deployment Reported,,,https://static.nhtsa.gov/odi/ffdd/sgo-2021-01/SGO-2021-01_Incident_Reports_ADS.csv,Yes
30270-15260,1,8ea2ffb45b31ccc,MAY-2026,No Deployment Reported,,,https://static.nhtsa.gov/odi/ffdd/sgo-2021-01/SGO-2021-01_Incident_Reports_ADS.csv,Yes
30270-15261,1,ac5b68479162724,MAY-2026,No Deployment Reported,,,https://static.nhtsa.gov/odi/ffdd/sgo-2021-01/SGO-2021-01_Incident_Reports_ADS.csv,Yes
30270-15262,1,dc7747d10f2aee0,MAY-2026,No Deployment Reported,,,https://static.nhtsa.gov/odi/ffdd/sgo-2021-01/SGO-2021-01_Incident_Reports_ADS.csv,Yes
30270-15263,1,5cd518cd4add61f,MAY-2026,No Deployment Reported,,,https://static.nhtsa.gov/odi/ffdd/sgo-2021-01/SGO-2021-01_Incident_Reports_ADS.csv,Yes
30270-15285,1,d1da10f4bebadec,MAY-2026,No Deployment Reported,,,https://static.nhtsa.gov/odi/ffdd/sgo-2021-01/SGO-2021-01_Incident_Reports_ADS.csv,Yes
30270-15287,1,bc19b427e3a246f,MAY-2026,No Deployment Reported,,,https://static.nhtsa.gov/odi/ffdd/sgo-2021-01/SGO-2021-01_Incident_Reports_ADS.csv,Yes
30270-15289,1,588c6d255f424b8,MAY-2026,Deployed,,,https://static.nhtsa.gov/odi/ffdd/sgo-2021-01/SGO-2021-01_Incident_Reports_ADS.csv,Yes
30270-15290,1,eabf7708a56cc45,MAY-2026,No Deployment Reported,,,https://static.nhtsa.gov/odi/ffdd/sgo-2021-01/SGO-2021-01_Incident_Reports_ADS.csv,Yes
30270-15291,1,62662c13b50031b,MAY-2026,No Deployment Reported,,,https://static.nhtsa.gov/odi/ffdd/sgo-2021-01/SGO-2021-01_Incident_Reports_ADS.csv,Yes
30270-15292,1,2d1a745de459b33,MAY-2026,No Deployment Reported,,,https://static.nhtsa.gov/odi/ffdd/sgo-2021-01/SGO-2021-01_Incident_Reports_ADS.csv,Yes
30270-15296,1,ebaaeeee8d9924a,JUN-2026,No Deployment Reported,,,https://static.nhtsa.gov/odi/ffdd/sgo-2021-01/SGO-2021-01_Incident_Reports_ADS.csv,Yes
30270-15298,1,0ffe81feb04236f,MAY-2026,No Deployment Reported,,,https://static.nhtsa.gov/odi/ffdd/sgo-2021-01/SGO-2021-01_Incident_Reports_ADS.csv,Yes
30270-15299,1,e532f51ac1aa8aa,MAY-2026,No Deployment Reported,,,https://static.nhtsa.gov/odi/ffdd/sgo-2021-01/SGO-2021-01_Incident_Reports_ADS.csv,Yes
30270-15300,1,b101f0e902db537,APR-2026,No Deployment Reported,,,https://static.nhtsa.gov/odi/ffdd/sgo-2021-01/SGO-2021-01_Incident_Reports_ADS.csv,Yes
30270-15301,1,04975f9cbbbb0e2,JUN-2026,No Deployment Reported,,,https://static.nhtsa.gov/odi/ffdd/sgo-2021-01/SGO-2021-01_Incident_Reports_ADS.csv,Yes
30270-15302,1,8c15b7696dc3cad,MAY-2026,No Deployment Reported,,,https://static.nhtsa.gov/odi/ffdd/sgo-2021-01/SGO-2021-01_Incident_Reports_ADS.csv,Yes
30270-15307,1,4155f4389a6aca0,MAY-2026,No Deployment Reported,,,https://static.nhtsa.gov/odi/ffdd/sgo-2021-01/SGO-2021-01_Incident_Reports_ADS.csv,Yes
30270-15344,1,6eb0013826abd0b,JUN-2026,No Deployment Reported,,,https://static.nhtsa.gov/odi/ffdd/sgo-2021-01/SGO-2021-01_Incident_Reports_ADS.csv,Yes
30270-15346,1,06da8374e99eb68,JUN-2026,No Deployment Reported,,,https://static.nhtsa.gov/odi/ffdd/sgo-2021-01/SGO-2021-01_Incident_Reports_ADS.csv,Yes
30270-15347,1,47b2c684d32f1af,JUN-2026,No Deployment Reported,,,https://static.nhtsa.gov/odi/ffdd/sgo-2021-01/SGO-2021-01_Incident_Reports_ADS.csv,Yes
30270-15348,1,a5c97133cf2d665,JUN-2026,No Deployment Reported,,,https://static.nhtsa.gov/odi/ffdd/sgo-2021-01/SGO-2021-01_Incident_Reports_ADS.csv,Yes
30270-15349,1,7cf407372ae7b93,JUN-2026,No Deployment Reported,,,https://static.nhtsa.gov/odi/ffdd/sgo-2021-01/SGO-2021-01_Incident_Reports_ADS.csv,Yes
30270-1535,1,6f2cffa37c36b66,OCT-2021,No Deployment Reported,No,No,https://static.nhtsa.gov/odi/ffdd/sgo-2021-01/Archive-2021-2025/SGO-2021-01_Incident_Reports_ADS.csv,Yes
30270-15350,1,6f1e53fb8c87cd4,JUN-2026,No Deployment Reported,,,https://static.nhtsa.gov/odi/ffdd/sgo-2021-01/SGO-2021-01_Incident_Reports_ADS.csv,Yes
30270-15352,1,6a20d07f9bbfd90,JUN-2026,No Deployment Reported,,,https://static.nhtsa.gov/odi/ffdd/sgo-2021-01/SGO-2021-01_Incident_Reports_ADS.csv,Yes
30270-15353,1,221c35a064eb9f9,JUN-2026,No Deployment Reported,,,https://static.nhtsa.gov/odi/ffdd/sgo-2021-01/SGO-2021-01_Incident_Reports_ADS.csv,Yes
30270-15356,1,b679b73ef4c034b,JUN-2026,No Deployment Reported,,,https://static.nhtsa.gov/odi/ffdd/sgo-2021-01/SGO-2021-01_Incident_Reports_ADS.csv,Yes
30270-15358,1,fdf7787813c220d,JUN-2026,No Deployment Reported,,,https://static.nhtsa.gov/odi/ffdd/sgo-2021-01/SGO-2021-01_Incident_Reports_ADS.csv,Yes
30270-15360,1,960f84364036c6d,JUN-2026,No Deployment Reported,,,https://static.nhtsa.gov/odi/ffdd/sgo-2021-01/SGO-2021-01_Incident_Reports_ADS.csv,Yes
30270-15362,1,05d79864bf40427,JUN-2026,No Deployment Reported,,,https://static.nhtsa.gov/odi/ffdd/sgo-2021-01/SGO-2021-01_Incident_Reports_ADS.csv,Yes
30270-15365,1,fa6740d83180bda,JUN-2026,No Deployment Reported,,,https://static.nhtsa.gov/odi/ffdd/sgo-2021-01/SGO-2021-01_Incident_Reports_ADS.csv,Yes
30270-15374,1,1358e3b8e968ed0,JUN-2026,No Deployment Reported,,,https://static.nhtsa.gov/odi/ffdd/sgo-2021-01/SGO-2021-01_Incident_Reports_ADS.csv,Yes
30270-15392,1,927962389e0220f,JUN-2026,No Deployment Reported,,,https://static.nhtsa.gov/odi/ffdd/sgo-2021-01/SGO-2021-01_Incident_Reports_ADS.csv,Yes
30270-15393,1,025397c44a5648d,JUN-2026,No Deployment Reported,,,https://static.nhtsa.gov/odi/ffdd/sgo-2021-01/SGO-2021-01_Incident_Reports_ADS.csv,Yes
30270-15396,1,2bd875cf276dd75,JUN-2026,No Deployment Reported,,,https://static.nhtsa.gov/odi/ffdd/sgo-2021-01/SGO-2021-01_Incident_Reports_ADS.csv,Yes
30270-15397,1,cf3296ffcc7bdf9,JUN-2026,No Deployment Reported,,,https://static.nhtsa.gov/odi/ffdd/sgo-2021-01/SGO-2021-01_Incident_Reports_ADS.csv,Yes
30270-15398,1,1e1e7b463e80871,JUN-2026,No Deployment Reported,,,https://static.nhtsa.gov/odi/ffdd/sgo-2021-01/SGO-2021-01_Incident_Reports_ADS.csv,Yes
30270-15401,1,0407051edee148a,JUN-2026,No Deployment Reported,,,https://static.nhtsa.gov/odi/ffdd/sgo-2021-01/SGO-2021-01_Incident_Reports_ADS.csv,Yes
30270-15403,1,09b5a4e89f27448,JUN-2026,Unknown,,,https://static.nhtsa.gov/odi/ffdd/sgo-2021-01/SGO-2021-01_Incident_Reports_ADS.csv,Yes
30270-15425,1,4a4070e3cadc67a,JUN-2026,No Deployment Reported,,,https://static.nhtsa.gov/odi/ffdd/sgo-2021-01/SGO-2021-01_Incident_Reports_ADS.csv,Yes
30270-15468,1,6f1e8cc59e2ea27,JUN-2026,No Deployment Reported,,,https://static.nhtsa.gov/odi/ffdd/sgo-2021-01/SGO-2021-01_Incident_Reports_ADS.csv,Yes
30270-15469,1,c38a03b491ef145,JUN-2026,No Deployment Reported,,,https://static.nhtsa.gov/odi/ffdd/sgo-2021-01/SGO-2021-01_Incident_Reports_ADS.csv,Yes
30270-15470,1,3deea923dd70ef2,JUN-2026,No Deployment Reported,,,https://static.nhtsa.gov/odi/ffdd/sgo-2021-01/SGO-2021-01_Incident_Reports_ADS.csv,Yes
30270-15471,1,e87db228f241a04,JUN-2026,No Deployment Reported,,,https://static.nhtsa.gov/odi/ffdd/sgo-2021-01/SGO-2021-01_Incident_Reports_ADS.csv,Yes
30270-15472,1,7f3905efe57d2a6,JUN-2026,No Deployment Reported,,,https://static.nhtsa.gov/odi/ffdd/sgo-2021-01/SGO-2021-01_Incident_Reports_ADS.csv,Yes
30270-15473,1,2af27f27be5cdd0,JUN-2026,No Deployment Reported,,,https://static.nhtsa.gov/odi/ffdd/sgo-2021-01/SGO-2021-01_Incident_Reports_ADS.csv,Yes
30270-15474,1,86151cfd3ed71bb,JUN-2026,No Deployment Reported,,,https://static.nhtsa.gov/odi/ffdd/sgo-2021-01/SGO-2021-01_Incident_Reports_ADS.csv,Yes
30270-15482,1,61eac6ee6bd0367,JUN-2026,Deployed,,,https://static.nhtsa.gov/odi/ffdd/sgo-2021-01/SGO-2021-01_Incident_Reports_ADS.csv,Yes
30270-15483,1,d379326751d30fa,JUN-2026,No Deployment Reported,,,https://static.nhtsa.gov/odi/ffdd/sgo-2021-01/SGO-2021-01_Incident_Reports_ADS.csv,Yes
30270-15484,1,0979687e38f8f78,JUN-2026,No Deployment Reported,,,https://static.nhtsa.gov/odi/ffdd/sgo-2021-01/SGO-2021-01_Incident_Reports_ADS.csv,Yes
30270-15494,1,609f2323c3f015b,JUN-2026,Deployed,,,https://static.nhtsa.gov/odi/ffdd/sgo-2021-01/SGO-2021-01_Incident_Reports_ADS.csv,Yes
30270-15497,1,ea9fc31791fb9b9,JUN-2026,No Deployment Reported,,,https://static.nhtsa.gov/odi/ffdd/sgo-2021-01/SGO-2021-01_Incident_Reports_ADS.csv,Yes
30270-15498,1,7137fbbc153b2bd,JUN-2026,No Deployment Reported,,,https://static.nhtsa.gov/odi/ffdd/sgo-2021-01/SGO-2021-01_Incident_Reports_ADS.csv,Yes
30270-15500,1,5af7f197a2189c1,JUN-2026,No Deployment Reported,,,https://static.nhtsa.gov/odi/ffdd/sgo-2021-01/SGO-2021-01_Incident_Reports_ADS.csv,Yes
30270-15502,1,8f666d5db1507b9,JUN-2026,No Deployment Reported,,,https://static.nhtsa.gov/odi/ffdd/sgo-2021-01/SGO-2021-01_Incident_Reports_ADS.csv,Yes
30270-15503,1,a1777d40f83a37a,JUN-2026,No Deployment Reported,,,https://static.nhtsa.gov/odi/ffdd/sgo-2021-01/SGO-2021-01_Incident_Reports_ADS.csv,Yes
30270-15504,1,c75f8248f8d2dce,JUN-2026,No Deployment Reported,,,https://static.nhtsa.gov/odi/ffdd/sgo-2021-01/SGO-2021-01_Incident_Reports_ADS.csv,Yes
30270-15505,1,5b07ab8e3987e65,JUN-2026,No Deployment Reported,,,https://static.nhtsa.gov/odi/ffdd/sgo-2021-01/SGO-2021-01_Incident_Reports_ADS.csv,Yes
30270-15507,1,fa5f1c553df1af6,JUN-2026,No Deployment Reported,,,https://static.nhtsa.gov/odi/ffdd/sgo-2021-01/SGO-2021-01_Incident_Reports_ADS.csv,Yes
30270-15508,1,8b578b5c3be9177,JUN-2026,No Deployment Reported,,,https://static.nhtsa.gov/odi/ffdd/sgo-2021-01/SGO-2021-01_Incident_Reports_ADS.csv,Yes
30270-15509,1,dae1536e7424c5e,JUN-2026,No Deployment Reported,,,https://static.nhtsa.gov/odi/ffdd/sgo-2021-01/SGO-2021-01_Incident_Reports_ADS.csv,Yes
30270-15510,1,aedcdbfcb94c218,JUN-2026,No Deployment Reported,,,https://static.nhtsa.gov/odi/ffdd/sgo-2021-01/SGO-2021-01_Incident_Reports_ADS.csv,Yes
30270-15511,1,45640610b43a542,JUN-2026,No Deployment Reported,,,https://static.nhtsa.gov/odi/ffdd/sgo-2021-01/SGO-2021-01_Incident_Reports_ADS.csv,Yes
30270-15534,1,2eb2750db4f2ab9,JUN-2026,No Deployment Reported,,,https://static.nhtsa.gov/odi/ffdd/sgo-2021-01/SGO-2021-01_Incident_Reports_ADS.csv,Yes
30270-15535,1,2ff0376b50ebae5,JUN-2026,No Deployment Reported,,,https://static.nhtsa.gov/odi/ffdd/sgo-2021-01/SGO-2021-01_Incident_Reports_ADS.csv,Yes
30270-15536,1,aa1eefdd3021328,JUN-2026,No Deployment Reported,,,https://static.nhtsa.gov/odi/ffdd/sgo-2021-01/SGO-2021-01_Incident_Reports_ADS.csv,Yes
30270-15545,1,7aad2f639d9ebaa,JUN-2026,No Deployment Reported,,,https://static.nhtsa.gov/odi/ffdd/sgo-2021-01/SGO-2021-01_Incident_Reports_ADS.csv,Yes
30270-15546,1,ed7a29287f4cbc0,JUN-2026,No Deployment Reported,,,https://static.nhtsa.gov/odi/ffdd/sgo-2021-01/SGO-2021-01_Incident_Reports_ADS.csv,Yes
30270-15547,1,6dd15b832c8ed48,JUN-2026,Deployed,,,https://static.nhtsa.gov/odi/ffdd/sgo-2021-01/SGO-2021-01_Incident_Reports_ADS.csv,Yes
30270-15549,1,2e533ecc396fce2,JUN-2026,No Deployment Reported,,,https://static.nhtsa.gov/odi/ffdd/sgo-2021-01/SGO-2021-01_Incident_Reports_ADS.csv,Yes
30270-15550,1,febf5d971d9f01f,JUN-2026,No Deployment Reported,,,https://static.nhtsa.gov/odi/ffdd/sgo-2021-01/SGO-2021-01_Incident_Reports_ADS.csv,Yes
30270-15551,1,eab08d64f46b023,JUN-2026,No Deployment Reported,,,https://static.nhtsa.gov/odi/ffdd/sgo-2021-01/SGO-2021-01_Incident_Reports_ADS.csv,Yes
30270-15552,1,f4135e9bffae404,JUN-2026,No Deployment Reported,,,https://static.nhtsa.gov/odi/ffdd/sgo-2021-01/SGO-2021-01_Incident_Reports_ADS.csv,Yes
30270-15553,1,a793375b9d6884d,JUN-2026,No Deployment Reported,,,https://static.nhtsa.gov/odi/ffdd/sgo-2021-01/SGO-2021-01_Incident_Reports_ADS.csv,Yes
30270-15557,1,aa3db3d3553a05e,JUN-2026,No Deployment Reported,,,https://static.nhtsa.gov/odi/ffdd/sgo-2021-01/SGO-2021-01_Incident_Reports_ADS.csv,Yes
30270-15558,1,41ba6e02ad144d9,JUN-2026,No Deployment Reported,,,https://static.nhtsa.gov/odi/ffdd/sgo-2021-01/SGO-2021-01_Incident_Reports_ADS.csv,Yes
30270-15559,1,8da785eec3187c9,JUN-2026,No Deployment Reported,,,https://static.nhtsa.gov/odi/ffdd/sgo-2021-01/SGO-2021-01_Incident_Reports_ADS.csv,Yes
30270-15560,1,33f9c198495abc8,JUN-2026,No Deployment Reported,,,https://static.nhtsa.gov/odi/ffdd/sgo-2021-01/SGO-2021-01_Incident_Reports_ADS.csv,Yes
30270-15576,1,6fe30e73d1bb8d1,JUN-2026,No Deployment Reported,,,https://static.nhtsa.gov/odi/ffdd/sgo-2021-01/SGO-2021-01_Incident_Reports_ADS.csv,Yes
30270-15577,1,2fb6b17ec9d5bae,JUN-2026,No Deployment Reported,,,https://static.nhtsa.gov/odi/ffdd/sgo-2021-01/SGO-2021-01_Incident_Reports_ADS.csv,Yes
30270-15580,1,771be681329d854,JUN-2026,No Deployment Reported,,,https://static.nhtsa.gov/odi/ffdd/sgo-2021-01/SGO-2021-01_Incident_Reports_ADS.csv,Yes
30270-15582,1,7aa09a38e51d178,JUN-2026,No Deployment Reported,,,https://static.nhtsa.gov/odi/ffdd/sgo-2021-01/SGO-2021-01_Incident_Reports_ADS.csv,Yes
30270-15583,1,7dd2f1111b60db0,JUN-2026,No Deployment Reported,,,https://static.nhtsa.gov/odi/ffdd/sgo-2021-01/SGO-2021-01_Incident_Reports_ADS.csv,Yes
30270-15584,1,e3d40a36f727b1e,JUN-2026,No Deployment Reported,,,https://static.nhtsa.gov/odi/ffdd/sgo-2021-01/SGO-2021-01_Incident_Reports_ADS.csv,Yes
30270-15585,1,cf887eff11bfdc9,JUN-2026,No Deployment Reported,,,https://static.nhtsa.gov/odi/ffdd/sgo-2021-01/SGO-2021-01_Incident_Reports_ADS.csv,Yes
30270-15586,1,a2dd94ce934265a,JUN-2026,No Deployment Reported,,,https://static.nhtsa.gov/odi/ffdd/sgo-2021-01/SGO-2021-01_Incident_Reports_ADS.csv,Yes
30270-15590,1,b83282f32aa9b0c,JUN-2026,Deployed,,,https://static.nhtsa.gov/odi/ffdd/sgo-2021-01/SGO-2021-01_Incident_Reports_ADS.csv,Yes
30270-15592,1,9e04d0a103ba209,JUN-2026,No Deployment Reported,,,https://static.nhtsa.gov/odi/ffdd/sgo-2021-01/SGO-2021-01_Incident_Reports_ADS.csv,Yes
30270-15593,1,4a126f360629b70,JUN-2026,No Deployment Reported,,,https://static.nhtsa.gov/odi/ffdd/sgo-2021-01/SGO-2021-01_Incident_Reports_ADS.csv,Yes
30270-15594,2,4ed3828343b5b98,JUN-2026,No Deployment Reported,,,https://static.nhtsa.gov/odi/ffdd/sgo-2021-01/SGO-2021-01_Incident_Reports_ADS.csv,Yes
30270-15629,1,242bac300a49be8,JUN-2026,No Deployment Reported,,,https://static.nhtsa.gov/odi/ffdd/sgo-2021-01/SGO-2021-01_Incident_Reports_ADS.csv,Yes
30270-15631,1,3b55ed352210cdf,JUN-2026,No Deployment Reported,,,https://static.nhtsa.gov/odi/ffdd/sgo-2021-01/SGO-2021-01_Incident_Reports_ADS.csv,Yes
30270-15633,1,f157ffe36415dcc,JUN-2026,No Deployment Reported,,,https://static.nhtsa.gov/odi/ffdd/sgo-2021-01/SGO-2021-01_Incident_Reports_ADS.csv,Yes
30270-15634,1,a5997e446eed08d,JUN-2026,No Deployment Reported,,,https://static.nhtsa.gov/odi/ffdd/sgo-2021-01/SGO-2021-01_Incident_Reports_ADS.csv,Yes
30270-15635,1,69a76d4ab4c428a,JUN-2026,No Deployment Reported,,,https://static.nhtsa.gov/odi/ffdd/sgo-2021-01/SGO-2021-01_Incident_Reports_ADS.csv,Yes
30270-15636,1,9fc806cd1d491d5,JUN-2026,No Deployment Reported,,,https://static.nhtsa.gov/odi/ffdd/sgo-2021-01/SGO-2021-01_Incident_Reports_ADS.csv,Yes
30270-15637,1,a86a98b59ceb46c,JUN-2026,No Deployment Reported,,,https://static.nhtsa.gov/odi/ffdd/sgo-2021-01/SGO-2021-01_Incident_Reports_ADS.csv,Yes
30270-15639,1,8ff98a0b5787033,JUN-2026,No Deployment Reported,,,https://static.nhtsa.gov/odi/ffdd/sgo-2021-01/SGO-2021-01_Incident_Reports_ADS.csv,Yes
30270-15640,1,e099fb4bfb559ef,JUN-2026,No Deployment Reported,,,https://static.nhtsa.gov/odi/ffdd/sgo-2021-01/SGO-2021-01_Incident_Reports_ADS.csv,Yes
30270-15641,1,136c91e7f6d7ad8,JUN-2026,No Deployment Reported,,,https://static.nhtsa.gov/odi/ffdd/sgo-2021-01/SGO-2021-01_Incident_Reports_ADS.csv,Yes
30270-15642,1,e18652b03d3c35c,JUN-2026,No Deployment Reported,,,https://static.nhtsa.gov/odi/ffdd/sgo-2021-01/SGO-2021-01_Incident_Reports_ADS.csv,Yes
30270-15653,1,f4ac9d2f9da4aca,JUN-2026,No Deployment Reported,,,https://static.nhtsa.gov/odi/ffdd/sgo-2021-01/SGO-2021-01_Incident_Reports_ADS.csv,Yes
30270-15658,1,03304001d6f328a,JUN-2026,No Deployment Reported,,,https://static.nhtsa.gov/odi/ffdd/sgo-2021-01/SGO-2021-01_Incident_Reports_ADS.csv,Yes
30270-15659,1,f16394ad5598be9,JUN-2026,No Deployment Reported,,,https://static.nhtsa.gov/odi/ffdd/sgo-2021-01/SGO-2021-01_Incident_Reports_ADS.csv,Yes
30270-15660,1,802c80ebf879b99,JUN-2026,No Deployment Reported,,,https://static.nhtsa.gov/odi/ffdd/sgo-2021-01/SGO-2021-01_Incident_Reports_ADS.csv,Yes
30270-15661,1,45c43ec2a3f4270,JUN-2026,No Deployment Reported,,,https://static.nhtsa.gov/odi/ffdd/sgo-2021-01/SGO-2021-01_Incident_Reports_ADS.csv,Yes
30270-15662,1,55c115acd2ea4d3,JUN-2026,No Deployment Reported,,,https://static.nhtsa.gov/odi/ffdd/sgo-2021-01/SGO-2021-01_Incident_Reports_ADS.csv,Yes
30270-15663,1,7f831d730349c04,JUN-2026,No Deployment Reported,,,https://static.nhtsa.gov/odi/ffdd/sgo-2021-01/SGO-2021-01_Incident_Reports_ADS.csv,Yes
30270-15664,1,375730eabf1796c,JUN-2026,No Deployment Reported,,,https://static.nhtsa.gov/odi/ffdd/sgo-2021-01/SGO-2021-01_Incident_Reports_ADS.csv,Yes
30270-15665,1,5c60ca37c26b42c,JUN-2026,No Deployment Reported,,,https://static.nhtsa.gov/odi/ffdd/sgo-2021-01/SGO-2021-01_Incident_Reports_ADS.csv,Yes
30270-15666,1,e173544d5302aa3,JUN-2026,No Deployment Reported,,,https://static.nhtsa.gov/odi/ffdd/sgo-2021-01/SGO-2021-01_Incident_Reports_ADS.csv,Yes
30270-15667,1,5b946c0f9ebd71a,JUL-2026,Deployed,,,https://static.nhtsa.gov/odi/ffdd/sgo-2021-01/SGO-2021-01_Incident_Reports_ADS.csv,Yes
30270-15668,1,49a1e71ee029b0c,JUN-2026,No Deployment Reported,,,https://static.nhtsa.gov/odi/ffdd/sgo-2021-01/SGO-2021-01_Incident_Reports_ADS.csv,Yes
30270-15669,1,eeafa92b2068aa7,JUL-2026,No Deployment Reported,,,https://static.nhtsa.gov/odi/ffdd/sgo-2021-01/SGO-2021-01_Incident_Reports_ADS.csv,Yes
30270-15670,1,c831e8b26ab843b,JUN-2026,No Deployment Reported,,,https://static.nhtsa.gov/odi/ffdd/sgo-2021-01/SGO-2021-01_Incident_Reports_ADS.csv,Yes
30270-15671,1,0a63600257475a2,JUN-2026,No Deployment Reported,,,https://static.nhtsa.gov/odi/ffdd/sgo-2021-01/SGO-2021-01_Incident_Reports_ADS.csv,Yes
30270-15672,1,1d06b188ebcc8fd,JUN-2026,No Deployment Reported,,,https://static.nhtsa.gov/odi/ffdd/sgo-2021-01/SGO-2021-01_Incident_Reports_ADS.csv,Yes
30270-15673,1,7372116fd2a26e6,JUN-2026,No Deployment Reported,,,https://static.nhtsa.gov/odi/ffdd/sgo-2021-01/SGO-2021-01_Incident_Reports_ADS.csv,Yes
30270-15674,1,6dd5489a060aecd,JUN-2026,No Deployment Reported,,,https://static.nhtsa.gov/odi/ffdd/sgo-2021-01/SGO-2021-01_Incident_Reports_ADS.csv,Yes
30270-15675,1,da9f78dd9efbc3a,JUN-2026,No Deployment Reported,,,https://static.nhtsa.gov/odi/ffdd/sgo-2021-01/SGO-2021-01_Incident_Reports_ADS.csv,Yes
30270-15709,1,6bdc7cb4799729b,JUL-2026,No Deployment Reported,,,https://static.nhtsa.gov/odi/ffdd/sgo-2021-01/SGO-2021-01_Incident_Reports_ADS.csv,Yes
30270-15710,1,69b4bfb94458b5c,JUN-2026,No Deployment Reported,,,https://static.nhtsa.gov/odi/ffdd/sgo-2021-01/SGO-2021-01_Incident_Reports_ADS.csv,Yes
30270-15718,1,c7d141d1faa4536,JUL-2026,No Deployment Reported,,,https://static.nhtsa.gov/odi/ffdd/sgo-2021-01/SGO-2021-01_Incident_Reports_ADS.csv,Yes
30270-15720,1,6921816d4ea4ecc,JUL-2026,No Deployment Reported,,,https://static.nhtsa.gov/odi/ffdd/sgo-2021-01/SGO-2021-01_Incident_Reports_ADS.csv,Yes
30270-15723,1,339bff8c25c90c8,JUL-2026,No Deployment Reported,,,https://static.nhtsa.gov/odi/ffdd/sgo-2021-01/SGO-2021-01_Incident_Reports_ADS.csv,Yes
30270-15725,1,a618b643e544cd6,JUL-2026,No Deployment Reported,,,https://static.nhtsa.gov/odi/ffdd/sgo-2021-01/SGO-2021-01_Incident_Reports_ADS.csv,Yes
30270-15726,1,cb5b672d0cb1d38,JUL-2026,No Deployment Reported,,,https://static.nhtsa.gov/odi/ffdd/sgo-2021-01/SGO-2021-01_Incident_Reports_ADS.csv,Yes
30270-15728,1,06912cee723697b,JUL-2026,No Deployment Reported,,,https://static.nhtsa.gov/odi/ffdd/sgo-2021-01/SGO-2021-01_Incident_Reports_ADS.csv,Yes
30270-15729,1,6030e429f5dee26,JUL-2026,No Deployment Reported,,,https://static.nhtsa.gov/odi/ffdd/sgo-2021-01/SGO-2021-01_Incident_Reports_ADS.csv,Yes
30270-15744,1,00b490148a8132f,JUN-2026,No Deployment Reported,,,https://static.nhtsa.gov/odi/ffdd/sgo-2021-01/SGO-2021-01_Incident_Reports_ADS.csv,Yes
30270-15780,1,785d7fc5acc5a61,JUN-2026,No Deployment Reported,,,https://static.nhtsa.gov/odi/ffdd/sgo-2021-01/SGO-2021-01_Incident_Reports_ADS.csv,Yes
30270-15782,1,bb192e5187082b6,JUN-2026,No Deployment Reported,,,https://static.nhtsa.gov/odi/ffdd/sgo-2021-01/SGO-2021-01_Incident_Reports_ADS.csv,Yes
30270-15785,1,407828e694dfa66,JUL-2026,No Deployment Reported,,,https://static.nhtsa.gov/odi/ffdd/sgo-2021-01/SGO-2021-01_Incident_Reports_ADS.csv,Yes
30270-15786,1,da46ed3a1124c94,JUL-2026,No Deployment Reported,,,https://static.nhtsa.gov/odi/ffdd/sgo-2021-01/SGO-2021-01_Incident_Reports_ADS.csv,Yes
30270-15788,1,38eca3b94fe533c,JUL-2026,No Deployment Reported,,,https://static.nhtsa.gov/odi/ffdd/sgo-2021-01/SGO-2021-01_Incident_Reports_ADS.csv,Yes
30270-15810,1,6fbd453146dc2d4,JUL-2026,No Deployment Reported,,,https://static.nhtsa.gov/odi/ffdd/sgo-2021-01/SGO-2021-01_Incident_Reports_ADS.csv,Yes
30270-15812,1,4b366cb7dffe394,JUL-2026,No Deployment Reported,,,https://static.nhtsa.gov/odi/ffdd/sgo-2021-01/SGO-2021-01_Incident_Reports_ADS.csv,Yes
30270-15813,1,dc366ba8a98f709,JUL-2026,No Deployment Reported,,,https://static.nhtsa.gov/odi/ffdd/sgo-2021-01/SGO-2021-01_Incident_Reports_ADS.csv,Yes
30270-15818,1,23e5092fb203585,JUN-2026,No Deployment Reported,,,https://static.nhtsa.gov/odi/ffdd/sgo-2021-01/SGO-2021-01_Incident_Reports_ADS.csv,Yes
30270-15828,1,280d46d0692575e,JUL-2026,No Deployment Reported,,,https://static.nhtsa.gov/odi/ffdd/sgo-2021-01/SGO-2021-01_Incident_Reports_ADS.csv,Yes
30270-15829,1,d3cd658ba6b6c73,JUL-2026,No Deployment Reported,,,https://static.nhtsa.gov/odi/ffdd/sgo-2021-01/SGO-2021-01_Incident_Reports_ADS.csv,Yes
30270-1583,1,6f2cffa37c36b66,OCT-2021,No Deployment Reported,No,No,https://static.nhtsa.gov/odi/ffdd/sgo-2021-01/Archive-2021-2025/SGO-2021-01_Incident_Reports_ADS.csv,Yes
30270-15830,1,beee66377373c78,JUL-2026,No Deployment Reported,,,https://static.nhtsa.gov/odi/ffdd/sgo-2021-01/SGO-2021-01_Incident_Reports_ADS.csv,Yes
30270-15831,1,b9b769d0743c592,JUL-2026,Deployed,,,https://static.nhtsa.gov/odi/ffdd/sgo-2021-01/SGO-2021-01_Incident_Reports_ADS.csv,Yes
30270-15832,1,d48b0b6c524940e,JUL-2026,Deployed,,,https://static.nhtsa.gov/odi/ffdd/sgo-2021-01/SGO-2021-01_Incident_Reports_ADS.csv,Yes
30270-15836,1,7dbf6a4d096c5f6,JUL-2026,No Deployment Reported,,,https://static.nhtsa.gov/odi/ffdd/sgo-2021-01/SGO-2021-01_Incident_Reports_ADS.csv,Yes
30270-15889,1,949157d817cf093,JUL-2026,No Deployment Reported,,,https://static.nhtsa.gov/odi/ffdd/sgo-2021-01/SGO-2021-01_Incident_Reports_ADS.csv,Yes
30270-15890,1,8e6acf29ac6f987,JUL-2026,No Deployment Reported,,,https://static.nhtsa.gov/odi/ffdd/sgo-2021-01/SGO-2021-01_Incident_Reports_ADS.csv,Yes
30270-15892,1,9a66ef3e7c03c51,JUL-2026,No Deployment Reported,,,https://static.nhtsa.gov/odi/ffdd/sgo-2021-01/SGO-2021-01_Incident_Reports_ADS.csv,Yes
30270-15893,1,7b6cae38fea58d6,JUL-2026,No Deployment Reported,,,https://static.nhtsa.gov/odi/ffdd/sgo-2021-01/SGO-2021-01_Incident_Reports_ADS.csv,Yes
30270-15894,1,f30b84f40ec6527,JUL-2026,No Deployment Reported,,,https://static.nhtsa.gov/odi/ffdd/sgo-2021-01/SGO-2021-01_Incident_Reports_ADS.csv,Yes
30270-15895,1,13cbdf59b0b754c,JUL-2026,No Deployment Reported,,,https://static.nhtsa.gov/odi/ffdd/sgo-2021-01/SGO-2021-01_Incident_Reports_ADS.csv,Yes
30270-15896,1,38f1727a6756069,JUL-2026,Deployed,,,https://static.nhtsa.gov/odi/ffdd/sgo-2021-01/SGO-2021-01_Incident_Reports_ADS.csv,Yes
30270-15897,1,c9f32dc908db60f,JUL-2026,No Deployment Reported,,,https://static.nhtsa.gov/odi/ffdd/sgo-2021-01/SGO-2021-01_Incident_Reports_ADS.csv,Yes
30270-15898,1,3338e23081c8551,JUL-2026,No Deployment Reported,,,https://static.nhtsa.gov/odi/ffdd/sgo-2021-01/SGO-2021-01_Incident_Reports_ADS.csv,Yes
30270-15899,1,110b5992610ba09,JUL-2026,No Deployment Reported,,,https://static.nhtsa.gov/odi/ffdd/sgo-2021-01/SGO-2021-01_Incident_Reports_ADS.csv,Yes
30270-15900,1,300ed18a11bbca0,JUL-2026,No Deployment Reported,,,https://static.nhtsa.gov/odi/ffdd/sgo-2021-01/SGO-2021-01_Incident_Reports_ADS.csv,Yes
30270-15901,1,71e217f012b5b0d,JUL-2026,No Deployment Reported,,,https://static.nhtsa.gov/odi/ffdd/sgo-2021-01/SGO-2021-01_Incident_Reports_ADS.csv,Yes
30270-15906,1,678002aafc1f05c,JUL-2026,No Deployment Reported,,,https://static.nhtsa.gov/odi/ffdd/sgo-2021-01/SGO-2021-01_Incident_Reports_ADS.csv,Yes
30270-15909,1,241c23d8aa12f63,JUL-2026,No Deployment Reported,,,https://static.nhtsa.gov/odi/ffdd/sgo-2021-01/SGO-2021-01_Incident_Reports_ADS.csv,Yes
30270-15925,1,1c47c1a630c8942,JUL-2026,No Deployment Reported,,,https://static.nhtsa.gov/odi/ffdd/sgo-2021-01/SGO-2021-01_Incident_Reports_ADS.csv,Yes
30270-15927,1,b9666839a689d51,JUL-2026,No Deployment Reported,,,https://static.nhtsa.gov/odi/ffdd/sgo-2021-01/SGO-2021-01_Incident_Reports_ADS.csv,Yes
30270-15930,1,0a9a1b52889f5f9,JUL-2026,No Deployment Reported,,,https://static.nhtsa.gov/odi/ffdd/sgo-2021-01/SGO-2021-01_Incident_Reports_ADS.csv,Yes
30270-15931,1,4e7333a927567a5,JUL-2026,No Deployment Reported,,,https://static.nhtsa.gov/odi/ffdd/sgo-2021-01/SGO-2021-01_Incident_Reports_ADS.csv,Yes
30270-15932,1,22dcbf2fd98fe0d,JUL-2026,No Deployment Reported,,,https://static.nhtsa.gov/odi/ffdd/sgo-2021-01/SGO-2021-01_Incident_Reports_ADS.csv,Yes
30270-15933,1,e3869c4ce666143,JUL-2026,No Deployment Reported,,,https://static.nhtsa.gov/odi/ffdd/sgo-2021-01/SGO-2021-01_Incident_Reports_ADS.csv,Yes
30270-15934,1,11c53a3790e4476,JUL-2026,No Deployment Reported,,,https://static.nhtsa.gov/odi/ffdd/sgo-2021-01/SGO-2021-01_Incident_Reports_ADS.csv,Yes
30270-15938,1,304a39ba3f7d0e4,JUL-2026,No Deployment Reported,,,https://static.nhtsa.gov/odi/ffdd/sgo-2021-01/SGO-2021-01_Incident_Reports_ADS.csv,Yes
30270-15939,1,dae7289f9d63b84,JUL-2026,No Deployment Reported,,,https://static.nhtsa.gov/odi/ffdd/sgo-2021-01/SGO-2021-01_Incident_Reports_ADS.csv,Yes
30270-15984,1,93d0bca88ebaf07,JUL-2026,No Deployment Reported,,,https://static.nhtsa.gov/odi/ffdd/sgo-2021-01/SGO-2021-01_Incident_Reports_ADS.csv,Yes
30270-15985,1,4bf66bb3a8f2c04,JUL-2026,No Deployment Reported,,,https://static.nhtsa.gov/odi/ffdd/sgo-2021-01/SGO-2021-01_Incident_Reports_ADS.csv,Yes
30270-15986,1,62c29a4ff523e85,JUL-2026,No Deployment Reported,,,https://static.nhtsa.gov/odi/ffdd/sgo-2021-01/SGO-2021-01_Incident_Reports_ADS.csv,Yes
30270-15987,1,a1d19a87db5c73b,JUL-2026,No Deployment Reported,,,https://static.nhtsa.gov/odi/ffdd/sgo-2021-01/SGO-2021-01_Incident_Reports_ADS.csv,Yes
30270-15988,1,ddae70cc61e2e0b,JUL-2026,No Deployment Reported,,,https://static.nhtsa.gov/odi/ffdd/sgo-2021-01/SGO-2021-01_Incident_Reports_ADS.csv,Yes
30270-15989,1,66675446d80c8c9,JUL-2026,Deployed,,,https://static.nhtsa.gov/odi/ffdd/sgo-2021-01/SGO-2021-01_Incident_Reports_ADS.csv,Yes
30270-15990,1,abe0d6079ae7e0e,JUL-2026,No Deployment Reported,,,https://static.nhtsa.gov/odi/ffdd/sgo-2021-01/SGO-2021-01_Incident_Reports_ADS.csv,Yes
30270-15991,1,aaa95f76209de4d,JUL-2026,No Deployment Reported,,,https://static.nhtsa.gov/odi/ffdd/sgo-2021-01/SGO-2021-01_Incident_Reports_ADS.csv,Yes
30270-15992,1,4555d0a5062ef12,JUL-2026,No Deployment Reported,,,https://static.nhtsa.gov/odi/ffdd/sgo-2021-01/SGO-2021-01_Incident_Reports_ADS.csv,Yes
30270-15993,1,d9df96b8188b1ce,JUL-2026,No Deployment Reported,,,https://static.nhtsa.gov/odi/ffdd/sgo-2021-01/SGO-2021-01_Incident_Reports_ADS.csv,Yes
30270-15994,1,76bca586de9a547,JUL-2026,No Deployment Reported,,,https://static.nhtsa.gov/odi/ffdd/sgo-2021-01/SGO-2021-01_Incident_Reports_ADS.csv,Yes
30270-15996,1,48d5d8136805068,JUL-2026,Deployed,,,https://static.nhtsa.gov/odi/ffdd/sgo-2021-01/SGO-2021-01_Incident_Reports_ADS.csv,Yes
30270-15997,1,00a69353fc91d7a,JUL-2026,No Deployment Reported,,,https://static.nhtsa.gov/odi/ffdd/sgo-2021-01/SGO-2021-01_Incident_Reports_ADS.csv,Yes
30270-16000,1,79da0353c9601f3,JUL-2026,No Deployment Reported,,,https://static.nhtsa.gov/odi/ffdd/sgo-2021-01/SGO-2021-01_Incident_Reports_ADS.csv,Yes
30270-16001,1,f0d6da4927b1ac1,JUL-2026,No Deployment Reported,,,https://static.nhtsa.gov/odi/ffdd/sgo-2021-01/SGO-2021-01_Incident_Reports_ADS.csv,Yes
30270-16020,1,821101a5f0eddfc,JUL-2026,No Deployment Reported,,,https://static.nhtsa.gov/odi/ffdd/sgo-2021-01/SGO-2021-01_Incident_Reports_ADS.csv,Yes
30270-16021,1,8df2402ebdd460f,JUL-2026,Deployed,,,https://static.nhtsa.gov/odi/ffdd/sgo-2021-01/SGO-2021-01_Incident_Reports_ADS.csv,Yes
30270-16022,1,bff8b6bf656d374,JUL-2026,No Deployment Reported,,,https://static.nhtsa.gov/odi/ffdd/sgo-2021-01/SGO-2021-01_Incident_Reports_ADS.csv,Yes
30270-16023,1,bc62ea83356d5fd,JUL-2026,No Deployment Reported,,,https://static.nhtsa.gov/odi/ffdd/sgo-2021-01/SGO-2021-01_Incident_Reports_ADS.csv,Yes
30270-16024,1,4ee911a729687c4,JUL-2026,No Deployment Reported,,,https://static.nhtsa.gov/odi/ffdd/sgo-2021-01/SGO-2021-01_Incident_Reports_ADS.csv,Yes
30270-16025,1,f25565913a8b964,JUL-2026,No Deployment Reported,,,https://static.nhtsa.gov/odi/ffdd/sgo-2021-01/SGO-2021-01_Incident_Reports_ADS.csv,Yes
30270-16028,1,e1bccc94686b59d,JUL-2026,Deployed,,,https://static.nhtsa.gov/odi/ffdd/sgo-2021-01/SGO-2021-01_Incident_Reports_ADS.csv,Yes
30270-16032,1,c1f1ddfe9f834d5,JUL-2026,No Deployment Reported,,,https://static.nhtsa.gov/odi/ffdd/sgo-2021-01/SGO-2021-01_Incident_Reports_ADS.csv,Yes
30270-16033,1,d1e0d1bca3cb28a,JUL-2026,No Deployment Reported,,,https://static.nhtsa.gov/odi/ffdd/sgo-2021-01/SGO-2021-01_Incident_Reports_ADS.csv,Yes
30270-16034,1,11a1a3543a7bff5,JUL-2026,No Deployment Reported,,,https://static.nhtsa.gov/odi/ffdd/sgo-2021-01/SGO-2021-01_Incident_Reports_ADS.csv,Yes
30270-16035,1,97fe20b144e8c53,JUL-2026,No Deployment Reported,,,https://static.nhtsa.gov/odi/ffdd/sgo-2021-01/SGO-2021-01_Incident_Reports_ADS.csv,Yes
30270-16036,1,951720855af03c3,JUL-2026,Deployed,,,https://static.nhtsa.gov/odi/ffdd/sgo-2021-01/SGO-2021-01_Incident_Reports_ADS.csv,Yes
30270-16038,1,be6ed683f1837df,JUL-2026,No Deployment Reported,,,https://static.nhtsa.gov/odi/ffdd/sgo-2021-01/SGO-2021-01_Incident_Reports_ADS.csv,Yes
30270-16039,1,26950c4c180c27b,JUL-2026,No Deployment Reported,,,https://static.nhtsa.gov/odi/ffdd/sgo-2021-01/SGO-2021-01_Incident_Reports_ADS.csv,Yes
30270-16050,1,2bb222591cc8318,JUL-2026,No Deployment Reported,,,https://static.nhtsa.gov/odi/ffdd/sgo-2021-01/SGO-2021-01_Incident_Reports_ADS.csv,Yes
30270-16080,1,4f210463b6dbf56,JUL-2026,No Deployment Reported,,,https://static.nhtsa.gov/odi/ffdd/sgo-2021-01/SGO-2021-01_Incident_Reports_ADS.csv,Yes
30270-16081,1,716fbf742f27a58,JUL-2026,No Deployment Reported,,,https://static.nhtsa.gov/odi/ffdd/sgo-2021-01/SGO-2021-01_Incident_Reports_ADS.csv,Yes
30270-16082,1,2ca40dc3f6ff2d2,AUG-2026,No Deployment Reported,,,https://static.nhtsa.gov/odi/ffdd/sgo-2021-01/SGO-2021-01_Incident_Reports_ADS.csv,Yes
30270-16083,1,196dc696dcf04ac,JUL-2026,No Deployment Reported,,,https://static.nhtsa.gov/odi/ffdd/sgo-2021-01/SGO-2021-01_Incident_Reports_ADS.csv,Yes
30270-16084,1,0802ab119abd037,JUL-2026,No Deployment Reported,,,https://static.nhtsa.gov/odi/ffdd/sgo-2021-01/SGO-2021-01_Incident_Reports_ADS.csv,Yes
30270-16085,1,7dcf9031a798627,JUL-2026,No Deployment Reported,,,https://static.nhtsa.gov/odi/ffdd/sgo-2021-01/SGO-2021-01_Incident_Reports_ADS.csv,Yes
30270-16090,1,7fbd577071e9c78,JUL-2026,No Deployment Reported,,,https://static.nhtsa.gov/odi/ffdd/sgo-2021-01/SGO-2021-01_Incident_Reports_ADS.csv,Yes
30270-16091,1,b3a3eb5a373c59d,JUL-2026,No Deployment Reported,,,https://static.nhtsa.gov/odi/ffdd/sgo-2021-01/SGO-2021-01_Incident_Reports_ADS.csv,Yes
30270-16093,1,571711cd8769c72,AUG-2026,No Deployment Reported,,,https://static.nhtsa.gov/odi/ffdd/sgo-2021-01/SGO-2021-01_Incident_Reports_ADS.csv,Yes
30270-16097,1,e7ae4d502d7a9dc,AUG-2026,No Deployment Reported,,,https://static.nhtsa.gov/odi/ffdd/sgo-2021-01/SGO-2021-01_Incident_Reports_ADS.csv,Yes
30270-16110,1,71cf32745142916,JUL-2026,No Deployment Reported,,,https://static.nhtsa.gov/odi/ffdd/sgo-2021-01/SGO-2021-01_Incident_Reports_ADS.csv,Yes
30270-16111,1,1cac591a8072dbf,JUL-2026,No Deployment Reported,,,https://static.nhtsa.gov/odi/ffdd/sgo-2021-01/SGO-2021-01_Incident_Reports_ADS.csv,Yes
30270-16112,1,6c1a08f1e98ac53,JUL-2026,No Deployment Reported,,,https://static.nhtsa.gov/odi/ffdd/sgo-2021-01/SGO-2021-01_Incident_Reports_ADS.csv,Yes
30270-16114,1,2234a28c4e8fb96,JUL-2026,No Deployment Reported,,,https://static.nhtsa.gov/odi/ffdd/sgo-2021-01/SGO-2021-01_Incident_Reports_ADS.csv,Yes
30270-16115,1,5d9d9abf8d58b16,JUL-2026,No Deployment Reported,,,https://static.nhtsa.gov/odi/ffdd/sgo-2021-01/SGO-2021-01_Incident_Reports_ADS.csv,Yes
30270-16123,1,c0adb95d5980d1e,AUG-2026,No Deployment Reported,,,https://static.nhtsa.gov/odi/ffdd/sgo-2021-01/SGO-2021-01_Incident_Reports_ADS.csv,Yes
30270-1613,1,b4618f349040cbb,NOV-2021,No Deployment Reported,No,No,https://static.nhtsa.gov/odi/ffdd/sgo-2021-01/Archive-2021-2025/SGO-2021-01_Incident_Reports_ADS.csv,Yes
30270-16162,1,9369392adf543ea,JUL-2026,No Deployment Reported,,,https://static.nhtsa.gov/odi/ffdd/sgo-2021-01/SGO-2021-01_Incident_Reports_ADS.csv,Yes
30270-16164,1,ba688015f45ad22,JUL-2026,No Deployment Reported,,,https://static.nhtsa.gov/odi/ffdd/sgo-2021-01/SGO-2021-01_Incident_Reports_ADS.csv,Yes
30270-16165,1,030d1a97f183bf5,JUL-2026,No Deployment Reported,,,https://static.nhtsa.gov/odi/ffdd/sgo-2021-01/SGO-2021-01_Incident_Reports_ADS.csv,Yes
30270-16166,1,c4ff07cf6c66df2,JUL-2026,No Deployment Reported,,,https://static.nhtsa.gov/odi/ffdd/sgo-2021-01/SGO-2021-01_Incident_Reports_ADS.csv,Yes
30270-16167,1,27eb3ba87b70c32,JUL-2026,No Deployment Reported,,,https://static.nhtsa.gov/odi/ffdd/sgo-2021-01/SGO-2021-01_Incident_Reports_ADS.csv,Yes
30270-16168,1,b153840e2689853,JUL-2026,No Deployment Reported,,,https://static.nhtsa.gov/odi/ffdd/sgo-2021-01/SGO-2021-01_Incident_Reports_ADS.csv,Yes
30270-16171,1,de9600c1f5d999f,AUG-2026,No Deployment Reported,,,https://static.nhtsa.gov/odi/ffdd/sgo-2021-01/SGO-2021-01_Incident_Reports_ADS.csv,Yes
30270-16172,1,003a9a4a34d20d8,AUG-2026,No Deployment Reported,,,https://static.nhtsa.gov/odi/ffdd/sgo-2021-01/SGO-2021-01_Incident_Reports_ADS.csv,Yes
30270-16174,1,9e32f97063cd034,AUG-2026,No Deployment Reported,,,https://static.nhtsa.gov/odi/ffdd/sgo-2021-01/SGO-2021-01_Incident_Reports_ADS.csv,Yes
30270-16196,1,4c6d6b79d0d8974,AUG-2026,No Deployment Reported,,,https://static.nhtsa.gov/odi/ffdd/sgo-2021-01/SGO-2021-01_Incident_Reports_ADS.csv,Yes
30270-16201,1,45c84ee98d206a8,JUL-2026,No Deployment Reported,,,https://static.nhtsa.gov/odi/ffdd/sgo-2021-01/SGO-2021-01_Incident_Reports_ADS.csv,Yes
30270-16205,1,2313e0a5276fa7c,JUL-2026,No Deployment Reported,,,https://static.nhtsa.gov/odi/ffdd/sgo-2021-01/SGO-2021-01_Incident_Reports_ADS.csv,Yes
30270-16207,1,32720b6b155d24d,AUG-2026,No Deployment Reported,,,https://static.nhtsa.gov/odi/ffdd/sgo-2021-01/SGO-2021-01_Incident_Reports_ADS.csv,Yes
30270-16208,1,2d4180877e9867b,AUG-2026,No Deployment Reported,,,https://static.nhtsa.gov/odi/ffdd/sgo-2021-01/SGO-2021-01_Incident_Reports_ADS.csv,Yes
30270-16210,1,cee4c694ffc6293,AUG-2026,Unknown,,,https://static.nhtsa.gov/odi/ffdd/sgo-2021-01/SGO-2021-01_Incident_Reports_ADS.csv,Yes
30270-1727,1,488a8ae4eedfb82,OCT-2021,No Deployment Reported,No,No,https://static.nhtsa.gov/odi/ffdd/sgo-2021-01/Archive-2021-2025/SGO-2021-01_Incident_Reports_ADS.csv,Yes
30270-1728,1,31698dec0f30d7d,OCT-2021,No Deployment Reported,No,No,https://static.nhtsa.gov/odi/ffdd/sgo-2021-01/Archive-2021-2025/SGO-2021-01_Incident_Reports_ADS.csv,Yes
30270-1729,1,9988693979353b9,OCT-2021,No Deployment Reported,No,No,https://static.nhtsa.gov/odi/ffdd/sgo-2021-01/Archive-2021-2025/SGO-2021-01_Incident_Reports_ADS.csv,Yes
30270-1730,1,f9d5189db0a4978,OCT-2021,No Deployment Reported,No,No,https://static.nhtsa.gov/odi/ffdd/sgo-2021-01/Archive-2021-2025/SGO-2021-01_Incident_Reports_ADS.csv,Yes
30270-1731,1,765d2c91289bd7f,OCT-2021,No Deployment Reported,No,No,https://static.nhtsa.gov/odi/ffdd/sgo-2021-01/Archive-2021-2025/SGO-2021-01_Incident_Reports_ADS.csv,Yes
30270-1747,1,b4618f349040cbb,NOV-2021,No Deployment Reported,No,No,https://static.nhtsa.gov/odi/ffdd/sgo-2021-01/Archive-2021-2025/SGO-2021-01_Incident_Reports_ADS.csv,Yes
30270-1748,1,b90c9dd7320e24f,NOV-2021,Unknown,No,Unknown,https://static.nhtsa.gov/odi/ffdd/sgo-2021-01/Archive-2021-2025/SGO-2021-01_Incident_Reports_ADS.csv,Yes
30270-1778,1,8f5dc21a34007ed,NOV-2021,Deployed,No,Yes,https://static.nhtsa.gov/odi/ffdd/sgo-2021-01/Archive-2021-2025/SGO-2021-01_Incident_Reports_ADS.csv,Yes
30270-1779,1,b90c9dd7320e24f,NOV-2021,No Deployment Reported,No,No,https://static.nhtsa.gov/odi/ffdd/sgo-2021-01/Archive-2021-2025/SGO-2021-01_Incident_Reports_ADS.csv,Yes
30270-1786,1,462947832bd2caa,NOV-2021,No Deployment Reported,No,No,https://static.nhtsa.gov/odi/ffdd/sgo-2021-01/Archive-2021-2025/SGO-2021-01_Incident_Reports_ADS.csv,Yes
30270-1787,1,e6fdd97cb301d10,NOV-2021,Unknown,No,Unknown,https://static.nhtsa.gov/odi/ffdd/sgo-2021-01/Archive-2021-2025/SGO-2021-01_Incident_Reports_ADS.csv,Yes
30270-1813,1,8f5dc21a34007ed,NOV-2021,Deployed,No,Yes,https://static.nhtsa.gov/odi/ffdd/sgo-2021-01/Archive-2021-2025/SGO-2021-01_Incident_Reports_ADS.csv,Yes
30270-1815,1,92abe0be65a945a,DEC-2021,No Deployment Reported,No,No,https://static.nhtsa.gov/odi/ffdd/sgo-2021-01/Archive-2021-2025/SGO-2021-01_Incident_Reports_ADS.csv,Yes
30270-1824,1,e6fdd97cb301d10,NOV-2021,Unknown,No,Unknown,https://static.nhtsa.gov/odi/ffdd/sgo-2021-01/Archive-2021-2025/SGO-2021-01_Incident_Reports_ADS.csv,Yes
30270-1831,1,462947832bd2caa,NOV-2021,No Deployment Reported,No,No,https://static.nhtsa.gov/odi/ffdd/sgo-2021-01/Archive-2021-2025/SGO-2021-01_Incident_Reports_ADS.csv,Yes
30270-1872,1,92abe0be65a945a,DEC-2021,No Deployment Reported,No,No,https://static.nhtsa.gov/odi/ffdd/sgo-2021-01/Archive-2021-2025/SGO-2021-01_Incident_Reports_ADS.csv,Yes
30270-1920,1,03d5dd9340f2d40,NOV-2021,No Deployment Reported,No,No,https://static.nhtsa.gov/odi/ffdd/sgo-2021-01/Archive-2021-2025/SGO-2021-01_Incident_Reports_ADS.csv,Yes
30270-1921,1,837ba2955e69b46,NOV-2021,No Deployment Reported,No,No,https://static.nhtsa.gov/odi/ffdd/sgo-2021-01/Archive-2021-2025/SGO-2021-01_Incident_Reports_ADS.csv,Yes
30270-1922,1,45f715e92eb4757,NOV-2021,No Deployment Reported,No,No,https://static.nhtsa.gov/odi/ffdd/sgo-2021-01/Archive-2021-2025/SGO-2021-01_Incident_Reports_ADS.csv,Yes
30270-1923,1,4e4a38ea028e125,NOV-2021,No Deployment Reported,No,No,https://static.nhtsa.gov/odi/ffdd/sgo-2021-01/Archive-2021-2025/SGO-2021-01_Incident_Reports_ADS.csv,Yes
30270-1949,1,59513ab6ced8ed3,DEC-2021,No Deployment Reported,No,No,https://static.nhtsa.gov/odi/ffdd/sgo-2021-01/Archive-2021-2025/SGO-2021-01_Incident_Reports_ADS.csv,Yes
30270-1983,1,59513ab6ced8ed3,DEC-2021,No Deployment Reported,No,No,https://static.nhtsa.gov/odi/ffdd/sgo-2021-01/Archive-2021-2025/SGO-2021-01_Incident_Reports_ADS.csv,Yes
30270-2149,1,a0c5ba77c698760,DEC-2021,No Deployment Reported,No,No,https://static.nhtsa.gov/odi/ffdd/sgo-2021-01/Archive-2021-2025/SGO-2021-01_Incident_Reports_ADS.csv,Yes
30270-2150,1,01a0825772194e1,DEC-2021,No Deployment Reported,No,No,https://static.nhtsa.gov/odi/ffdd/sgo-2021-01/Archive-2021-2025/SGO-2021-01_Incident_Reports_ADS.csv,Yes
30270-2160,1,7e9b9cd2a74e8fc,JAN-2022,Deployed,No,Yes,https://static.nhtsa.gov/odi/ffdd/sgo-2021-01/Archive-2021-2025/SGO-2021-01_Incident_Reports_ADS.csv,Yes
30270-2168,1,803359be848aa10,JAN-2022,No Deployment Reported,No,No,https://static.nhtsa.gov/odi/ffdd/sgo-2021-01/Archive-2021-2025/SGO-2021-01_Incident_Reports_ADS.csv,Yes
30270-2197,1,7e9b9cd2a74e8fc,JAN-2022,Deployed,No,Yes,https://static.nhtsa.gov/odi/ffdd/sgo-2021-01/Archive-2021-2025/SGO-2021-01_Incident_Reports_ADS.csv,Yes
30270-2198,1,0348df51e94570a,JAN-2022,No Deployment Reported,No,No,https://static.nhtsa.gov/odi/ffdd/sgo-2021-01/Archive-2021-2025/SGO-2021-01_Incident_Reports_ADS.csv,Yes
30270-2206,1,803359be848aa10,JAN-2022,No Deployment Reported,No,No,https://static.nhtsa.gov/odi/ffdd/sgo-2021-01/Archive-2021-2025/SGO-2021-01_Incident_Reports_ADS.csv,Yes
30270-2226,1,0348df51e94570a,JAN-2022,No Deployment Reported,No,No,https://static.nhtsa.gov/odi/ffdd/sgo-2021-01/Archive-2021-2025/SGO-2021-01_Incident_Reports_ADS.csv,Yes
30270-2248,1,ca46961b61f690a,FEB-2022,Unknown,No,,https://static.nhtsa.gov/odi/ffdd/sgo-2021-01/Archive-2021-2025/SGO-2021-01_Incident_Reports_ADS.csv,Yes
30270-2258,1,8db2e10c839c6b3,FEB-2022,Unknown,No,Unknown,https://static.nhtsa.gov/odi/ffdd/sgo-2021-01/Archive-2021-2025/SGO-2021-01_Incident_Reports_ADS.csv,Yes
30270-2323,1,c1366ff879b2e05,JAN-2022,Unknown,No,Unknown,https://static.nhtsa.gov/odi/ffdd/sgo-2021-01/Archive-2021-2025/SGO-2021-01_Incident_Reports_ADS.csv,Yes
30270-2327,1,c961e0fa66063ae,JAN-2022,No Deployment Reported,No,No,https://static.nhtsa.gov/odi/ffdd/sgo-2021-01/Archive-2021-2025/SGO-2021-01_Incident_Reports_ADS.csv,Yes
30270-2328,1,2bbc30ea7de3b1b,JAN-2022,No Deployment Reported,No,No,https://static.nhtsa.gov/odi/ffdd/sgo-2021-01/Archive-2021-2025/SGO-2021-01_Incident_Reports_ADS.csv,Yes
30270-2329,1,fb21c8dbc9a660d,JAN-2022,No Deployment Reported,No,No,https://static.nhtsa.gov/odi/ffdd/sgo-2021-01/Archive-2021-2025/SGO-2021-01_Incident_Reports_ADS.csv,Yes
30270-2358,2,ca46961b61f690a,FEB-2022,Unknown,No,,https://static.nhtsa.gov/odi/ffdd/sgo-2021-01/Archive-2021-2025/SGO-2021-01_Incident_Reports_ADS.csv,Yes
30270-2359,2,8db2e10c839c6b3,FEB-2022,Unknown,No,Unknown,https://static.nhtsa.gov/odi/ffdd/sgo-2021-01/Archive-2021-2025/SGO-2021-01_Incident_Reports_ADS.csv,Yes
30270-2465,2,810ff5231ba3d6d,MAR-2022,Deployed,No,Yes,https://static.nhtsa.gov/odi/ffdd/sgo-2021-01/Archive-2021-2025/SGO-2021-01_Incident_Reports_ADS.csv,Yes
30270-2551,1,a85a7c4da377987,FEB-2022,No Deployment Reported,No,No,https://static.nhtsa.gov/odi/ffdd/sgo-2021-01/Archive-2021-2025/SGO-2021-01_Incident_Reports_ADS.csv,Yes
30270-2552,1,6760a5723220425,FEB-2022,No Deployment Reported,No,No,https://static.nhtsa.gov/odi/ffdd/sgo-2021-01/Archive-2021-2025/SGO-2021-01_Incident_Reports_ADS.csv,Yes
30270-2553,1,82533cc71dbe287,FEB-2022,No Deployment Reported,No,No,https://static.nhtsa.gov/odi/ffdd/sgo-2021-01/Archive-2021-2025/SGO-2021-01_Incident_Reports_ADS.csv,Yes
30270-2554,1,330b02ca7bf113d,FEB-2022,No Deployment Reported,No,No,https://static.nhtsa.gov/odi/ffdd/sgo-2021-01/Archive-2021-2025/SGO-2021-01_Incident_Reports_ADS.csv,Yes
30270-2555,1,5c272086feb4f9f,FEB-2022,No Deployment Reported,No,No,https://static.nhtsa.gov/odi/ffdd/sgo-2021-01/Archive-2021-2025/SGO-2021-01_Incident_Reports_ADS.csv,Yes
30270-2556,1,4aa11f8103e3b99,FEB-2022,No Deployment Reported,No,No,https://static.nhtsa.gov/odi/ffdd/sgo-2021-01/Archive-2021-2025/SGO-2021-01_Incident_Reports_ADS.csv,Yes
30270-2591,2,078bbba609474d8,MAR-2022,Deployed,No,Yes,https://static.nhtsa.gov/odi/ffdd/sgo-2021-01/Archive-2021-2025/SGO-2021-01_Incident_Reports_ADS.csv,Yes
30270-2605,2,ef4200310e24064,MAR-2022,Unknown,No,Unknown,https://static.nhtsa.gov/odi/ffdd/sgo-2021-01/Archive-2021-2025/SGO-2021-01_Incident_Reports_ADS.csv,Yes
30270-2609,2,b87c3d684c9934c,MAR-2022,No Deployment Reported,No,No,https://static.nhtsa.gov/odi/ffdd/sgo-2021-01/Archive-2021-2025/SGO-2021-01_Incident_Reports_ADS.csv,Yes
30270-2610,2,a64835cbf9811d8,APR-2022,No Deployment Reported,No,No,https://static.nhtsa.gov/odi/ffdd/sgo-2021-01/Archive-2021-2025/SGO-2021-01_Incident_Reports_ADS.csv,Yes
30270-2646,2,fe401a0077fd15d,APR-2022,No Deployment Reported,No,No,https://static.nhtsa.gov/odi/ffdd/sgo-2021-01/Archive-2021-2025/SGO-2021-01_Incident_Reports_ADS.csv,Yes
30270-2657,2,b35fd97d24c2500,APR-2022,No Deployment Reported,No,No,https://static.nhtsa.gov/odi/ffdd/sgo-2021-01/Archive-2021-2025/SGO-2021-01_Incident_Reports_ADS.csv,Yes
30270-2743,2,de2cefe32ddb0ed,APR-2022,No Deployment Reported,No,No,https://static.nhtsa.gov/odi/ffdd/sgo-2021-01/Archive-2021-2025/SGO-2021-01_Incident_Reports_ADS.csv,Yes
30270-2773,1,8e5bfe2fb940434,MAR-2022,No Deployment Reported,No,No,https://static.nhtsa.gov/odi/ffdd/sgo-2021-01/Archive-2021-2025/SGO-2021-01_Incident_Reports_ADS.csv,Yes
30270-2774,1,57cf0d88fbb5190,MAR-2022,No Deployment Reported,No,No,https://static.nhtsa.gov/odi/ffdd/sgo-2021-01/Archive-2021-2025/SGO-2021-01_Incident_Reports_ADS.csv,Yes
30270-2775,1,59e45d877dc8e66,MAR-2022,No Deployment Reported,No,No,https://static.nhtsa.gov/odi/ffdd/sgo-2021-01/Archive-2021-2025/SGO-2021-01_Incident_Reports_ADS.csv,Yes
30270-2793,2,005df94ebd26d4e,APR-2022,No Deployment Reported,No,Not Applicable,https://static.nhtsa.gov/odi/ffdd/sgo-2021-01/Archive-2021-2025/SGO-2021-01_Incident_Reports_ADS.csv,Yes
30270-2818,2,71ebd2790c0a3b9,APR-2022,No Deployment Reported,No,No,https://static.nhtsa.gov/odi/ffdd/sgo-2021-01/Archive-2021-2025/SGO-2021-01_Incident_Reports_ADS.csv,Yes
30270-2895,2,469cd8d228115fc,MAY-2022,No Deployment Reported,No,No,https://static.nhtsa.gov/odi/ffdd/sgo-2021-01/Archive-2021-2025/SGO-2021-01_Incident_Reports_ADS.csv,Yes
30270-3009,1,fd2808a42e30ceb,APR-2022,No Deployment Reported,No,No,https://static.nhtsa.gov/odi/ffdd/sgo-2021-01/Archive-2021-2025/SGO-2021-01_Incident_Reports_ADS.csv,Yes
30270-3010,1,5eaff10802702c1,APR-2022,Unknown,No,,https://static.nhtsa.gov/odi/ffdd/sgo-2021-01/Archive-2021-2025/SGO-2021-01_Incident_Reports_ADS.csv,Yes
30270-3011,1,0154ad8a3896f31,APR-2022,No Deployment Reported,No,No,https://static.nhtsa.gov/odi/ffdd/sgo-2021-01/Archive-2021-2025/SGO-2021-01_Incident_Reports_ADS.csv,Yes
30270-3055,2,237da70b740eca7,MAY-2022,No Deployment Reported,No,No,https://static.nhtsa.gov/odi/ffdd/sgo-2021-01/Archive-2021-2025/SGO-2021-01_Incident_Reports_ADS.csv,Yes
30270-3056,2,a4f3fd3c322db7a,MAY-2022,No Deployment Reported,No,Not Applicable,https://static.nhtsa.gov/odi/ffdd/sgo-2021-01/Archive-2021-2025/SGO-2021-01_Incident_Reports_ADS.csv,Yes
30270-3057,2,387240601466c07,MAY-2022,Deployed,No,Yes,https://static.nhtsa.gov/odi/ffdd/sgo-2021-01/Archive-2021-2025/SGO-2021-01_Incident_Reports_ADS.csv,Yes
30270-31,1,67a8aed333e7a9d,AUG-2021,No Deployment Reported,No,Not Applicable,https://static.nhtsa.gov/odi/ffdd/sgo-2021-01/Archive-2021-2025/SGO-2021-01_Incident_Reports_ADS.csv,Yes
30270-3219,1,d91c576aa55da63,MAY-2022,No Deployment Reported,No,No,https://static.nhtsa.gov/odi/ffdd/sgo-2021-01/Archive-2021-2025/SGO-2021-01_Incident_Reports_ADS.csv,Yes
30270-3220,1,d3012e172ec954c,MAY-2022,No Deployment Reported,No,No,https://static.nhtsa.gov/odi/ffdd/sgo-2021-01/Archive-2021-2025/SGO-2021-01_Incident_Reports_ADS.csv,Yes
30270-3221,1,922887c7b03509c,MAY-2022,No Deployment Reported,No,No,https://static.nhtsa.gov/odi/ffdd/sgo-2021-01/Archive-2021-2025/SGO-2021-01_Incident_Reports_ADS.csv,Yes
30270-3255,2,729291cbc185f73,JUN-2022,No Deployment Reported,No,Not Applicable,https://static.nhtsa.gov/odi/ffdd/sgo-2021-01/Archive-2021-2025/SGO-2021-01_Incident_Reports_ADS.csv,Yes
30270-3323,2,0899b0a38f084ba,JUL-2022,No Deployment Reported,No,No,https://static.nhtsa.gov/odi/ffdd/sgo-2021-01/Archive-2021-2025/SGO-2021-01_Incident_Reports_ADS.csv,Yes
30270-3324,2,8e4843d23827b9b,JUL-2022,No Deployment Reported,No,Not Applicable,https://static.nhtsa.gov/odi/ffdd/sgo-2021-01/Archive-2021-2025/SGO-2021-01_Incident_Reports_ADS.csv,Yes
30270-3338,2,b9b7ee2401f7557,JUL-2022,Unknown,No,Unknown,https://static.nhtsa.gov/odi/ffdd/sgo-2021-01/Archive-2021-2025/SGO-2021-01_Incident_Reports_ADS.csv,Yes
30270-3435,1,9c542b98eb35e88,JUN-2022,No Deployment Reported,No,No,https://static.nhtsa.gov/odi/ffdd/sgo-2021-01/Archive-2021-2025/SGO-2021-01_Incident_Reports_ADS.csv,Yes
30270-3437,1,e6e94b9e10d5c39,JUN-2022,No Deployment Reported,No,No,https://static.nhtsa.gov/odi/ffdd/sgo-2021-01/Archive-2021-2025/SGO-2021-01_Incident_Reports_ADS.csv,Yes
30270-3545,2,c0aefb7adffb8c7,AUG-2022,Unknown,No,,https://static.nhtsa.gov/odi/ffdd/sgo-2021-01/Archive-2021-2025/SGO-2021-01_Incident_Reports_ADS.csv,Yes
30270-3595,2,9be5431de5dfbd1,AUG-2022,No Deployment Reported,No,No,https://static.nhtsa.gov/odi/ffdd/sgo-2021-01/Archive-2021-2025/SGO-2021-01_Incident_Reports_ADS.csv,Yes
30270-3625,1,f9f2c224be8a261,JUL-2022,No Deployment Reported,No,No,https://static.nhtsa.gov/odi/ffdd/sgo-2021-01/Archive-2021-2025/SGO-2021-01_Incident_Reports_ADS.csv,Yes
30270-3628,1,77b0e0470ca0a8a,JUL-2022,No Deployment Reported,No,No,https://static.nhtsa.gov/odi/ffdd/sgo-2021-01/Archive-2021-2025/SGO-2021-01_Incident_Reports_ADS.csv,Yes
30270-3633,1,7f5142da0d24ab5,JUL-2022,No Deployment Reported,No,No,https://static.nhtsa.gov/odi/ffdd/sgo-2021-01/Archive-2021-2025/SGO-2021-01_Incident_Reports_ADS.csv,Yes
30270-3635,1,192521d01c49ce2,JUL-2022,No Deployment Reported,No,No,https://static.nhtsa.gov/odi/ffdd/sgo-2021-01/Archive-2021-2025/SGO-2021-01_Incident_Reports_ADS.csv,Yes
30270-3636,1,c548615e4cd4ee2,JUL-2022,No Deployment Reported,No,No,https://static.nhtsa.gov/odi/ffdd/sgo-2021-01/Archive-2021-2025/SGO-2021-01_Incident_Reports_ADS.csv,Yes
30270-3655,1,8c56b788577d262,JUN-2022,No Deployment Reported,No,No,https://static.nhtsa.gov/odi/ffdd/sgo-2021-01/Archive-2021-2025/SGO-2021-01_Incident_Reports_ADS.csv,Yes
30270-3786,2,5ecd17ff9881950,SEP-2022,No Deployment Reported,No,No,https://static.nhtsa.gov/odi/ffdd/sgo-2021-01/Archive-2021-2025/SGO-2021-01_Incident_Reports_ADS.csv,Yes
30270-3837,1,6c37f91fda20d45,AUG-2022,No Deployment Reported,No,No,https://static.nhtsa.gov/odi/ffdd/sgo-2021-01/Archive-2021-2025/SGO-2021-01_Incident_Reports_ADS.csv,Yes
30270-3838,1,44f19f59a48c98c,AUG-2022,No Deployment Reported,No,No,https://static.nhtsa.gov/odi/ffdd/sgo-2021-01/Archive-2021-2025/SGO-2021-01_Incident_Reports_ADS.csv,Yes
30270-3841,1,d54f3de7649b381,AUG-2022,Unknown,No,,https://static.nhtsa.gov/odi/ffdd/sgo-2021-01/Archive-2021-2025/SGO-2021-01_Incident_Reports_ADS.csv,Yes
30270-3842,1,72c8ad256e6283a,AUG-2022,No Deployment Reported,No,No,https://static.nhtsa.gov/odi/ffdd/sgo-2021-01/Archive-2021-2025/SGO-2021-01_Incident_Reports_ADS.csv,Yes
30270-3843,1,e0563b63e1a8347,AUG-2022,No Deployment Reported,No,No,https://static.nhtsa.gov/odi/ffdd/sgo-2021-01/Archive-2021-2025/SGO-2021-01_Incident_Reports_ADS.csv,Yes
30270-3844,1,ca8c63af9d4185b,AUG-2022,No Deployment Reported,No,No,https://static.nhtsa.gov/odi/ffdd/sgo-2021-01/Archive-2021-2025/SGO-2021-01_Incident_Reports_ADS.csv,Yes
30270-3848,1,a2d260068d10cc9,AUG-2022,No Deployment Reported,No,No,https://static.nhtsa.gov/odi/ffdd/sgo-2021-01/Archive-2021-2025/SGO-2021-01_Incident_Reports_ADS.csv,Yes
30270-3851,1,46e037718707dda,AUG-2022,No Deployment Reported,No,No,https://static.nhtsa.gov/odi/ffdd/sgo-2021-01/Archive-2021-2025/SGO-2021-01_Incident_Reports_ADS.csv,Yes
30270-3852,1,f4d487ba374fe26,AUG-2022,No Deployment Reported,No,No,https://static.nhtsa.gov/odi/ffdd/sgo-2021-01/Archive-2021-2025/SGO-2021-01_Incident_Reports_ADS.csv,Yes
30270-4,2,271d12d94b19ecc,JUL-2021,Unknown,No,Unknown,https://static.nhtsa.gov/odi/ffdd/sgo-2021-01/Archive-2021-2025/SGO-2021-01_Incident_Reports_ADS.csv,Yes
30270-4051,1,ef640dbe91eb562,SEP-2022,No Deployment Reported,No,No,https://static.nhtsa.gov/odi/ffdd/sgo-2021-01/Archive-2021-2025/SGO-2021-01_Incident_Reports_ADS.csv,Yes
30270-4072,1,fa194d70fbd9972,SEP-2022,No Deployment Reported,No,No,https://static.nhtsa.gov/odi/ffdd/sgo-2021-01/Archive-2021-2025/SGO-2021-01_Incident_Reports_ADS.csv,Yes
30270-4073,1,608483a735c3efb,SEP-2022,No Deployment Reported,No,No,https://static.nhtsa.gov/odi/ffdd/sgo-2021-01/Archive-2021-2025/SGO-2021-01_Incident_Reports_ADS.csv,Yes
30270-4074,1,eaaa32d19d1c43f,SEP-2022,No Deployment Reported,No,Not Applicable,https://static.nhtsa.gov/odi/ffdd/sgo-2021-01/Archive-2021-2025/SGO-2021-01_Incident_Reports_ADS.csv,Yes
30270-4104,2,17c618d238f493f,OCT-2022,Deployed,No,Yes,https://static.nhtsa.gov/odi/ffdd/sgo-2021-01/Archive-2021-2025/SGO-2021-01_Incident_Reports_ADS.csv,Yes
30270-4274,1,27528ff2c99e583,OCT-2022,No Deployment Reported,No,Not Applicable,https://static.nhtsa.gov/odi/ffdd/sgo-2021-01/Archive-2021-2025/SGO-2021-01_Incident_Reports_ADS.csv,Yes
30270-4363,2,c540122a7151606,DEC-2022,Unknown,No,,https://static.nhtsa.gov/odi/ffdd/sgo-2021-01/Archive-2021-2025/SGO-2021-01_Incident_Reports_ADS.csv,Yes
30270-4482,1,439627d9d2569d4,NOV-2022,No Deployment Reported,No,No,https://static.nhtsa.gov/odi/ffdd/sgo-2021-01/Archive-2021-2025/SGO-2021-01_Incident_Reports_ADS.csv,Yes
30270-4484,1,420fb566c542133,NOV-2022,No Deployment Reported,No,No,https://static.nhtsa.gov/odi/ffdd/sgo-2021-01/Archive-2021-2025/SGO-2021-01_Incident_Reports_ADS.csv,Yes
30270-4485,1,5628c7d47cd45e9,NOV-2022,Unknown,No,Unknown,https://static.nhtsa.gov/odi/ffdd/sgo-2021-01/Archive-2021-2025/SGO-2021-01_Incident_Reports_ADS.csv,Yes
30270-4505,2,384e51a74ec101e,DEC-2022,No Deployment Reported,No,No,https://static.nhtsa.gov/odi/ffdd/sgo-2021-01/Archive-2021-2025/SGO-2021-01_Incident_Reports_ADS.csv,Yes
30270-4706,1,bd4f1d59062450f,DEC-2022,No Deployment Reported,No,No,https://static.nhtsa.gov/odi/ffdd/sgo-2021-01/Archive-2021-2025/SGO-2021-01_Incident_Reports_ADS.csv,Yes
30270-4707,1,9d43f7feeb9350e,DEC-2022,No Deployment Reported,No,No,https://static.nhtsa.gov/odi/ffdd/sgo-2021-01/Archive-2021-2025/SGO-2021-01_Incident_Reports_ADS.csv,Yes
30270-4708,1,38b526747d0f6d0,DEC-2022,No Deployment Reported,No,No,https://static.nhtsa.gov/odi/ffdd/sgo-2021-01/Archive-2021-2025/SGO-2021-01_Incident_Reports_ADS.csv,Yes
30270-4710,1,f055ebc4395a187,DEC-2022,No Deployment Reported,No,No,https://static.nhtsa.gov/odi/ffdd/sgo-2021-01/Archive-2021-2025/SGO-2021-01_Incident_Reports_ADS.csv,Yes
30270-4768,2,d9f1dce22a59e61,JAN-2023,No Deployment Reported,No,Not Applicable,https://static.nhtsa.gov/odi/ffdd/sgo-2021-01/Archive-2021-2025/SGO-2021-01_Incident_Reports_ADS.csv,Yes
30270-4880,1,c945bf9a7866541,JAN-2023,No Deployment Reported,No,No,https://static.nhtsa.gov/odi/ffdd/sgo-2021-01/Archive-2021-2025/SGO-2021-01_Incident_Reports_ADS.csv,Yes
30270-4881,1,5bb5073dab94bae,JAN-2023,No Deployment Reported,No,No,https://static.nhtsa.gov/odi/ffdd/sgo-2021-01/Archive-2021-2025/SGO-2021-01_Incident_Reports_ADS.csv,Yes
30270-4882,1,34eb0b5b2852fc9,JAN-2023,No Deployment Reported,No,No,https://static.nhtsa.gov/odi/ffdd/sgo-2021-01/Archive-2021-2025/SGO-2021-01_Incident_Reports_ADS.csv,Yes
30270-4906,2,5ab71fb3ca70aad,FEB-2023,No Deployment Reported,No,No,https://static.nhtsa.gov/odi/ffdd/sgo-2021-01/Archive-2021-2025/SGO-2021-01_Incident_Reports_ADS.csv,Yes
30270-5081,1,2cf58371e227f1a,FEB-2023,Unknown,No,,https://static.nhtsa.gov/odi/ffdd/sgo-2021-01/Archive-2021-2025/SGO-2021-01_Incident_Reports_ADS.csv,Yes
30270-5082,1,7c0c1b1cf93259f,FEB-2023,No Deployment Reported,No,No,https://static.nhtsa.gov/odi/ffdd/sgo-2021-01/Archive-2021-2025/SGO-2021-01_Incident_Reports_ADS.csv,Yes
30270-5083,1,444d16299c00b0b,FEB-2023,No Deployment Reported,No,No,https://static.nhtsa.gov/odi/ffdd/sgo-2021-01/Archive-2021-2025/SGO-2021-01_Incident_Reports_ADS.csv,Yes
30270-5085,2,0d228d5bcb790d2,FEB-2023,No Deployment Reported,No,No,https://static.nhtsa.gov/odi/ffdd/sgo-2021-01/Archive-2021-2025/SGO-2021-01_Incident_Reports_ADS.csv,Yes
30270-5114,2,a1cffff2c58a4a7,MAR-2023,No Deployment Reported,No,Not Applicable,https://static.nhtsa.gov/odi/ffdd/sgo-2021-01/Archive-2021-2025/SGO-2021-01_Incident_Reports_ADS.csv,Yes
30270-5202,2,90144b3b43ae60a,APR-2023,No Deployment Reported,No,No,https://static.nhtsa.gov/odi/ffdd/sgo-2021-01/Archive-2021-2025/SGO-2021-01_Incident_Reports_ADS.csv,Yes
30270-5208,2,7855eea3f17e0f0,APR-2023,No Deployment Reported,No,No,https://static.nhtsa.gov/odi/ffdd/sgo-2021-01/Archive-2021-2025/SGO-2021-01_Incident_Reports_ADS.csv,Yes
30270-5318,1,78d780d1f36e0c3,MAR-2023,Unknown,No,,https://static.nhtsa.gov/odi/ffdd/sgo-2021-01/Archive-2021-2025/SGO-2021-01_Incident_Reports_ADS.csv,Yes
30270-5319,1,2b877b899692cdd,MAR-2023,No Deployment Reported,No,No,https://static.nhtsa.gov/odi/ffdd/sgo-2021-01/Archive-2021-2025/SGO-2021-01_Incident_Reports_ADS.csv,Yes
30270-5320,1,188a9149e534fe8,MAR-2023,No Deployment Reported,No,No,https://static.nhtsa.gov/odi/ffdd/sgo-2021-01/Archive-2021-2025/SGO-2021-01_Incident_Reports_ADS.csv,Yes
30270-5322,1,a9b321d03f6693c,MAR-2023,No Deployment Reported,No,Not Applicable,https://static.nhtsa.gov/odi/ffdd/sgo-2021-01/Archive-2021-2025/SGO-2021-01_Incident_Reports_ADS.csv,Yes
30270-5323,1,e994365318af0a9,MAR-2023,No Deployment Reported,No,No,https://static.nhtsa.gov/odi/ffdd/sgo-2021-01/Archive-2021-2025/SGO-2021-01_Incident_Reports_ADS.csv,Yes
30270-5324,1,2d4a3a2b53be493,MAR-2023,No Deployment Reported,No,No,https://static.nhtsa.gov/odi/ffdd/sgo-2021-01/Archive-2021-2025/SGO-2021-01_Incident_Reports_ADS.csv,Yes
30270-5325,1,382e76b026b6400,MAR-2023,No Deployment Reported,No,No,https://static.nhtsa.gov/odi/ffdd/sgo-2021-01/Archive-2021-2025/SGO-2021-01_Incident_Reports_ADS.csv,Yes
30270-5326,1,91bc2053ec7b4b5,MAR-2023,No Deployment Reported,No,No,https://static.nhtsa.gov/odi/ffdd/sgo-2021-01/Archive-2021-2025/SGO-2021-01_Incident_Reports_ADS.csv,Yes
30270-5429,2,84e175a3c826442,MAY-2023,Deployed,No,Yes,https://static.nhtsa.gov/odi/ffdd/sgo-2021-01/Archive-2021-2025/SGO-2021-01_Incident_Reports_ADS.csv,Yes
30270-5456,2,82fb19eb82e5406,MAY-2023,Unknown,No,,https://static.nhtsa.gov/odi/ffdd/sgo-2021-01/Archive-2021-2025/SGO-2021-01_Incident_Reports_ADS.csv,Yes
30270-5584,1,16261e64b50feb6,APR-2023,No Deployment Reported,No,No,https://static.nhtsa.gov/odi/ffdd/sgo-2021-01/Archive-2021-2025/SGO-2021-01_Incident_Reports_ADS.csv,Yes
30270-5586,1,d4c09da0782938d,APR-2023,No Deployment Reported,No,No,https://static.nhtsa.gov/odi/ffdd/sgo-2021-01/Archive-2021-2025/SGO-2021-01_Incident_Reports_ADS.csv,Yes
30270-5588,1,9d6541528d1b103,APR-2023,No Deployment Reported,No,No,https://static.nhtsa.gov/odi/ffdd/sgo-2021-01/Archive-2021-2025/SGO-2021-01_Incident_Reports_ADS.csv,Yes
30270-5591,1,182efd0e7948c2d,APR-2023,No Deployment Reported,No,No,https://static.nhtsa.gov/odi/ffdd/sgo-2021-01/Archive-2021-2025/SGO-2021-01_Incident_Reports_ADS.csv,Yes
30270-5592,1,fe051bc946e7741,APR-2023,No Deployment Reported,No,No,https://static.nhtsa.gov/odi/ffdd/sgo-2021-01/Archive-2021-2025/SGO-2021-01_Incident_Reports_ADS.csv,Yes
30270-5593,1,6fdb3294838ba48,APR-2023,No Deployment Reported,No,No,https://static.nhtsa.gov/odi/ffdd/sgo-2021-01/Archive-2021-2025/SGO-2021-01_Incident_Reports_ADS.csv,Yes
30270-5611,1,374f676fee2c3db,MAY-2023,No Deployment Reported,No,Not Applicable,https://static.nhtsa.gov/odi/ffdd/sgo-2021-01/Archive-2021-2025/SGO-2021-01_Incident_Reports_ADS.csv,Yes
30270-5612,1,affa9f367578445,MAY-2023,No Deployment Reported,No,Not Applicable,https://static.nhtsa.gov/odi/ffdd/sgo-2021-01/Archive-2021-2025/SGO-2021-01_Incident_Reports_ADS.csv,Yes
30270-5650,2,6362e91ed386c55,JUN-2023,No Deployment Reported,No,No,https://static.nhtsa.gov/odi/ffdd/sgo-2021-01/Archive-2021-2025/SGO-2021-01_Incident_Reports_ADS.csv,Yes
30270-5756,1,7734824b07cf454,MAY-2023,No Deployment Reported,No,No,https://static.nhtsa.gov/odi/ffdd/sgo-2021-01/Archive-2021-2025/SGO-2021-01_Incident_Reports_ADS.csv,Yes
30270-5757,1,18b6569f303f7e1,MAY-2023,No Deployment Reported,No,Not Applicable,https://static.nhtsa.gov/odi/ffdd/sgo-2021-01/Archive-2021-2025/SGO-2021-01_Incident_Reports_ADS.csv,Yes
30270-5758,1,b4a4e4318698eb8,MAY-2023,No Deployment Reported,No,No,https://static.nhtsa.gov/odi/ffdd/sgo-2021-01/Archive-2021-2025/SGO-2021-01_Incident_Reports_ADS.csv,Yes
30270-5759,1,61aad41dac56bc1,MAY-2023,No Deployment Reported,No,No,https://static.nhtsa.gov/odi/ffdd/sgo-2021-01/Archive-2021-2025/SGO-2021-01_Incident_Reports_ADS.csv,Yes
30270-5760,1,bed9a1515830ae3,MAY-2023,No Deployment Reported,No,No,https://static.nhtsa.gov/odi/ffdd/sgo-2021-01/Archive-2021-2025/SGO-2021-01_Incident_Reports_ADS.csv,Yes
30270-5762,1,e7bf60f9e5a76ca,MAY-2023,Unknown,No,,https://static.nhtsa.gov/odi/ffdd/sgo-2021-01/Archive-2021-2025/SGO-2021-01_Incident_Reports_ADS.csv,Yes
30270-5813,1,7014e194a75b369,JUN-2023,No Deployment Reported,No,Not Applicable,https://static.nhtsa.gov/odi/ffdd/sgo-2021-01/Archive-2021-2025/SGO-2021-01_Incident_Reports_ADS.csv,Yes
30270-5817,2,afac5d277fdfeb9,JUN-2023,No Deployment Reported,No,No,https://static.nhtsa.gov/odi/ffdd/sgo-2021-01/Archive-2021-2025/SGO-2021-01_Incident_Reports_ADS.csv,Yes
30270-5855,2,1255ba62145d6e6,JUL-2023,Unknown,No,,https://static.nhtsa.gov/odi/ffdd/sgo-2021-01/Archive-2021-2025/SGO-2021-01_Incident_Reports_ADS.csv,Yes
30270-5896,1,7af239ffdf71359,JUL-2023,No Deployment Reported,No,No,https://static.nhtsa.gov/odi/ffdd/sgo-2021-01/Archive-2021-2025/SGO-2021-01_Incident_Reports_ADS.csv,Yes
30270-5957,1,e25dd6e0c11c934,JUN-2023,No Deployment Reported,No,No,https://static.nhtsa.gov/odi/ffdd/sgo-2021-01/Archive-2021-2025/SGO-2021-01_Incident_Reports_ADS.csv,Yes
30270-5958,1,18a2469ec1e6c36,JUN-2023,No Deployment Reported,No,No,https://static.nhtsa.gov/odi/ffdd/sgo-2021-01/Archive-2021-2025/SGO-2021-01_Incident_Reports_ADS.csv,Yes
30270-5959,1,ed409718b1d4e24,JUN-2023,No Deployment Reported,No,No,https://static.nhtsa.gov/odi/ffdd/sgo-2021-01/Archive-2021-2025/SGO-2021-01_Incident_Reports_ADS.csv,Yes
30270-5960,1,92014d3d08a5b38,JUN-2023,No Deployment Reported,No,No,https://static.nhtsa.gov/odi/ffdd/sgo-2021-01/Archive-2021-2025/SGO-2021-01_Incident_Reports_ADS.csv,Yes
30270-5961,1,90198f7d6c26cf7,JUN-2023,No Deployment Reported,No,No,https://static.nhtsa.gov/odi/ffdd/sgo-2021-01/Archive-2021-2025/SGO-2021-01_Incident_Reports_ADS.csv,Yes
30270-5962,1,92adaa2cfbab458,JUN-2023,No Deployment Reported,No,Not Applicable,https://static.nhtsa.gov/odi/ffdd/sgo-2021-01/Archive-2021-2025/SGO-2021-01_Incident_Reports_ADS.csv,Yes
30270-5997,1,62a06417fd0e440,JUL-2023,No Deployment Reported,No,No,https://static.nhtsa.gov/odi/ffdd/sgo-2021-01/Archive-2021-2025/SGO-2021-01_Incident_Reports_ADS.csv,Yes
30270-5998,1,112c82a378bbe3f,JUL-2023,Unknown,No,Unknown,https://static.nhtsa.gov/odi/ffdd/sgo-2021-01/Archive-2021-2025/SGO-2021-01_Incident_Reports_ADS.csv,Yes
30270-6129,1,ca841a9f6911534,JUL-2023,No Deployment Reported,No,No,https://static.nhtsa.gov/odi/ffdd/sgo-2021-01/Archive-2021-2025/SGO-2021-01_Incident_Reports_ADS.csv,Yes
30270-6130,1,9e74529d3141c94,JUL-2023,No Deployment Reported,No,No,https://static.nhtsa.gov/odi/ffdd/sgo-2021-01/Archive-2021-2025/SGO-2021-01_Incident_Reports_ADS.csv,Yes
30270-6131,1,b0278a04c4af33b,JUL-2023,No Deployment Reported,No,No,https://static.nhtsa.gov/odi/ffdd/sgo-2021-01/Archive-2021-2025/SGO-2021-01_Incident_Reports_ADS.csv,Yes
30270-6132,1,f9e9b87d440f746,JUL-2023,No Deployment Reported,No,No,https://static.nhtsa.gov/odi/ffdd/sgo-2021-01/Archive-2021-2025/SGO-2021-01_Incident_Reports_ADS.csv,Yes
30270-6133,1,53f90b378293caf,JUL-2023,No Deployment Reported,No,No,https://static.nhtsa.gov/odi/ffdd/sgo-2021-01/Archive-2021-2025/SGO-2021-01_Incident_Reports_ADS.csv,Yes
30270-6134,1,811ca85e59b1678,JUL-2023,Unknown,No,,https://static.nhtsa.gov/odi/ffdd/sgo-2021-01/Archive-2021-2025/SGO-2021-01_Incident_Reports_ADS.csv,Yes
30270-6149,2,04bce80be566c1b,AUG-2023,Deployed,No,Yes,https://static.nhtsa.gov/odi/ffdd/sgo-2021-01/Archive-2021-2025/SGO-2021-01_Incident_Reports_ADS.csv,Yes
30270-6150,1,41ac060def1a649,AUG-2023,No Deployment Reported,No,No,https://static.nhtsa.gov/odi/ffdd/sgo-2021-01/Archive-2021-2025/SGO-2021-01_Incident_Reports_ADS.csv,Yes
30270-6198,1,d1a6990388a8f75,AUG-2023,No Deployment Reported,No,No,https://static.nhtsa.gov/odi/ffdd/sgo-2021-01/Archive-2021-2025/SGO-2021-01_Incident_Reports_ADS.csv,Yes
30270-6335,1,27afc2a81db4aa8,AUG-2023,No Deployment Reported,No,No,https://static.nhtsa.gov/odi/ffdd/sgo-2021-01/Archive-2021-2025/SGO-2021-01_Incident_Reports_ADS.csv,Yes
30270-6336,1,72e0aa76f6bd9ef,AUG-2023,No Deployment Reported,No,No,https://static.nhtsa.gov/odi/ffdd/sgo-2021-01/Archive-2021-2025/SGO-2021-01_Incident_Reports_ADS.csv,Yes
30270-6337,1,355de6e32e411be,AUG-2023,No Deployment Reported,No,No,https://static.nhtsa.gov/odi/ffdd/sgo-2021-01/Archive-2021-2025/SGO-2021-01_Incident_Reports_ADS.csv,Yes
30270-6338,1,f90c1db7893a4db,AUG-2023,No Deployment Reported,No,No,https://static.nhtsa.gov/odi/ffdd/sgo-2021-01/Archive-2021-2025/SGO-2021-01_Incident_Reports_ADS.csv,Yes
30270-6339,1,467edb2f2766c58,AUG-2023,No Deployment Reported,No,Not Applicable,https://static.nhtsa.gov/odi/ffdd/sgo-2021-01/Archive-2021-2025/SGO-2021-01_Incident_Reports_ADS.csv,Yes
30270-6340,1,3cad4d71a6699b8,AUG-2023,No Deployment Reported,No,No,https://static.nhtsa.gov/odi/ffdd/sgo-2021-01/Archive-2021-2025/SGO-2021-01_Incident_Reports_ADS.csv,Yes
30270-6341,1,5e644a30ee794ee,AUG-2023,No Deployment Reported,No,No,https://static.nhtsa.gov/odi/ffdd/sgo-2021-01/Archive-2021-2025/SGO-2021-01_Incident_Reports_ADS.csv,Yes
30270-6342,1,f95b4d1b403e689,AUG-2023,No Deployment Reported,No,No,https://static.nhtsa.gov/odi/ffdd/sgo-2021-01/Archive-2021-2025/SGO-2021-01_Incident_Reports_ADS.csv,Yes
30270-6343,1,1a3b3cd2f637988,AUG-2023,No Deployment Reported,No,No,https://static.nhtsa.gov/odi/ffdd/sgo-2021-01/Archive-2021-2025/SGO-2021-01_Incident_Reports_ADS.csv,Yes
30270-6344,1,1760af8f89bba3e,AUG-2023,Unknown,No,,https://static.nhtsa.gov/odi/ffdd/sgo-2021-01/Archive-2021-2025/SGO-2021-01_Incident_Reports_ADS.csv,Yes
30270-6346,1,abaaba07ac5d811,AUG-2023,No Deployment Reported,No,No,https://static.nhtsa.gov/odi/ffdd/sgo-2021-01/Archive-2021-2025/SGO-2021-01_Incident_Reports_ADS.csv,Yes
30270-6347,1,e44896eb7f3d084,AUG-2023,No Deployment Reported,No,No,https://static.nhtsa.gov/odi/ffdd/sgo-2021-01/Archive-2021-2025/SGO-2021-01_Incident_Reports_ADS.csv,Yes
30270-6351,1,bc3cf43a88e0c67,SEP-2023,No Deployment Reported,No,No,https://static.nhtsa.gov/odi/ffdd/sgo-2021-01/Archive-2021-2025/SGO-2021-01_Incident_Reports_ADS.csv,Yes
30270-6352,1,67dc226c776f696,SEP-2023,Unknown,No,Unknown,https://static.nhtsa.gov/odi/ffdd/sgo-2021-01/Archive-2021-2025/SGO-2021-01_Incident_Reports_ADS.csv,Yes
30270-6368,1,fe9c3f8e42bc643,SEP-2023,No Deployment Reported,No,No,https://static.nhtsa.gov/odi/ffdd/sgo-2021-01/Archive-2021-2025/SGO-2021-01_Incident_Reports_ADS.csv,Yes
30270-6385,2,472852271e2724f,OCT-2023,No Deployment Reported,No,No,https://static.nhtsa.gov/odi/ffdd/sgo-2021-01/Archive-2021-2025/SGO-2021-01_Incident_Reports_ADS.csv,Yes
30270-6405,1,e002b64f0353456,SEP-2023,Unknown,No,Unknown,https://static.nhtsa.gov/odi/ffdd/sgo-2021-01/Archive-2021-2025/SGO-2021-01_Incident_Reports_ADS.csv,Yes
30270-6514,1,c40fe2d89b827ec,SEP-2023,No Deployment Reported,No,No,https://static.nhtsa.gov/odi/ffdd/sgo-2021-01/Archive-2021-2025/SGO-2021-01_Incident_Reports_ADS.csv,Yes
30270-6515,1,04a87b91cfbf9c0,SEP-2023,No Deployment Reported,No,No,https://static.nhtsa.gov/odi/ffdd/sgo-2021-01/Archive-2021-2025/SGO-2021-01_Incident_Reports_ADS.csv,Yes
30270-6516,1,79e07c25fc05857,SEP-2023,No Deployment Reported,No,No,https://static.nhtsa.gov/odi/ffdd/sgo-2021-01/Archive-2021-2025/SGO-2021-01_Incident_Reports_ADS.csv,Yes
30270-6517,1,e262251c73e8b66,SEP-2023,No Deployment Reported,No,No,https://static.nhtsa.gov/odi/ffdd/sgo-2021-01/Archive-2021-2025/SGO-2021-01_Incident_Reports_ADS.csv,Yes
30270-6518,1,263ede6c29926f3,SEP-2023,No Deployment Reported,No,No,https://static.nhtsa.gov/odi/ffdd/sgo-2021-01/Archive-2021-2025/SGO-2021-01_Incident_Reports_ADS.csv,Yes
30270-6519,1,64acbf293223f56,SEP-2023,No Deployment Reported,No,No,https://static.nhtsa.gov/odi/ffdd/sgo-2021-01/Archive-2021-2025/SGO-2021-01_Incident_Reports_ADS.csv,Yes
30270-6520,1,09d67cf970a314a,SEP-2023,No Deployment Reported,No,No,https://static.nhtsa.gov/odi/ffdd/sgo-2021-01/Archive-2021-2025/SGO-2021-01_Incident_Reports_ADS.csv,Yes
30270-6521,1,fa32834b311d779,SEP-2023,No Deployment Reported,No,No,https://static.nhtsa.gov/odi/ffdd/sgo-2021-01/Archive-2021-2025/SGO-2021-01_Incident_Reports_ADS.csv,Yes
30270-6522,2,3ff142802a5fce9,SEP-2023,No Deployment Reported,No,No,https://static.nhtsa.gov/odi/ffdd/sgo-2021-01/Archive-2021-2025/SGO-2021-01_Incident_Reports_ADS.csv,Yes
30270-6529,2,d088b81d0aea602,OCT-2023,Unknown,No,,https://static.nhtsa.gov/odi/ffdd/sgo-2021-01/Archive-2021-2025/SGO-2021-01_Incident_Reports_ADS.csv,Yes
30270-6542,1,2e94dccbdb96501,OCT-2023,Unknown,No,Unknown,https://static.nhtsa.gov/odi/ffdd/sgo-2021-01/Archive-2021-2025/SGO-2021-01_Incident_Reports_ADS.csv,Yes
30270-6548,1,f23075bf3ae4c1d,OCT-2023,No Deployment Reported,No,Not Applicable,https://static.nhtsa.gov/odi/ffdd/sgo-2021-01/Archive-2021-2025/SGO-2021-01_Incident_Reports_ADS.csv,Yes
30270-6561,1,e3bd842f3d0ff71,OCT-2023,No Deployment Reported,No,Not Applicable,https://static.nhtsa.gov/odi/ffdd/sgo-2021-01/Archive-2021-2025/SGO-2021-01_Incident_Reports_ADS.csv,Yes
30270-6566,1,434911b9ab45ec9,OCT-2023,No Deployment Reported,No,No,https://static.nhtsa.gov/odi/ffdd/sgo-2021-01/Archive-2021-2025/SGO-2021-01_Incident_Reports_ADS.csv,Yes
30270-6579,2,2c723ba2d4b98e0,NOV-2023,No Deployment Reported,No,No,https://static.nhtsa.gov/odi/ffdd/sgo-2021-01/Archive-2021-2025/SGO-2021-01_Incident_Reports_ADS.csv,Yes
30270-6661,1,6c7bc599068a0e0,OCT-2023,No Deployment Reported,No,No,https://static.nhtsa.gov/odi/ffdd/sgo-2021-01/Archive-2021-2025/SGO-2021-01_Incident_Reports_ADS.csv,Yes
30270-6662,1,f5399b04ffda41f,OCT-2023,No Deployment Reported,No,No,https://static.nhtsa.gov/odi/ffdd/sgo-2021-01/Archive-2021-2025/SGO-2021-01_Incident_Reports_ADS.csv,Yes
30270-6663,1,394bad4fc5ff01d,OCT-2023,No Deployment Reported,No,No,https://static.nhtsa.gov/odi/ffdd/sgo-2021-01/Archive-2021-2025/SGO-2021-01_Incident_Reports_ADS.csv,Yes
30270-6664,1,77012ffc07d558c,OCT-2023,No Deployment Reported,No,No,https://static.nhtsa.gov/odi/ffdd/sgo-2021-01/Archive-2021-2025/SGO-2021-01_Incident_Reports_ADS.csv,Yes
30270-6665,1,951dadb865d98c2,OCT-2023,No Deployment Reported,No,No,https://static.nhtsa.gov/odi/ffdd/sgo-2021-01/Archive-2021-2025/SGO-2021-01_Incident_Reports_ADS.csv,Yes
30270-6666,1,b05fd9ea974ddb2,OCT-2023,No Deployment Reported,No,No,https://static.nhtsa.gov/odi/ffdd/sgo-2021-01/Archive-2021-2025/SGO-2021-01_Incident_Reports_ADS.csv,Yes
30270-6667,1,1cfed656d5eee11,OCT-2023,No Deployment Reported,No,No,https://static.nhtsa.gov/odi/ffdd/sgo-2021-01/Archive-2021-2025/SGO-2021-01_Incident_Reports_ADS.csv,Yes
30270-6668,1,e1a078add1d307e,OCT-2023,No Deployment Reported,No,No,https://static.nhtsa.gov/odi/ffdd/sgo-2021-01/Archive-2021-2025/SGO-2021-01_Incident_Reports_ADS.csv,Yes
30270-6765,1,94b0ffeeebb0686,NOV-2023,No Deployment Reported,No,No,https://static.nhtsa.gov/odi/ffdd/sgo-2021-01/Archive-2021-2025/SGO-2021-01_Incident_Reports_ADS.csv,Yes
30270-6838,1,fbd3aaf3ba0e312,NOV-2023,No Deployment Reported,No,Not Applicable,https://static.nhtsa.gov/odi/ffdd/sgo-2021-01/Archive-2021-2025/SGO-2021-01_Incident_Reports_ADS.csv,Yes
30270-6839,1,ee3530ef1c1d0eb,NOV-2023,No Deployment Reported,No,No,https://static.nhtsa.gov/odi/ffdd/sgo-2021-01/Archive-2021-2025/SGO-2021-01_Incident_Reports_ADS.csv,Yes
30270-6853,1,8298ed805404448,NOV-2023,No Deployment Reported,No,No,https://static.nhtsa.gov/odi/ffdd/sgo-2021-01/Archive-2021-2025/SGO-2021-01_Incident_Reports_ADS.csv,Yes
30270-6854,1,e338e867dca2386,NOV-2023,No Deployment Reported,No,Not Applicable,https://static.nhtsa.gov/odi/ffdd/sgo-2021-01/Archive-2021-2025/SGO-2021-01_Incident_Reports_ADS.csv,Yes
30270-6855,1,eecbe9408b95fe9,NOV-2023,No Deployment Reported,No,No,https://static.nhtsa.gov/odi/ffdd/sgo-2021-01/Archive-2021-2025/SGO-2021-01_Incident_Reports_ADS.csv,Yes
30270-6857,1,72fb4226e3fbbf1,NOV-2023,No Deployment Reported,No,No,https://static.nhtsa.gov/odi/ffdd/sgo-2021-01/Archive-2021-2025/SGO-2021-01_Incident_Reports_ADS.csv,Yes
30270-6878,1,d00fab0f8ffb207,DEC-2023,No Deployment Reported,No,No,https://static.nhtsa.gov/odi/ffdd/sgo-2021-01/Archive-2021-2025/SGO-2021-01_Incident_Reports_ADS.csv,Yes
30270-6879,1,a205e2551852d31,DEC-2023,No Deployment Reported,No,No,https://static.nhtsa.gov/odi/ffdd/sgo-2021-01/Archive-2021-2025/SGO-2021-01_Incident_Reports_ADS.csv,Yes
30270-6883,1,b06da15f7810658,DEC-2023,No Deployment Reported,No,No,https://static.nhtsa.gov/odi/ffdd/sgo-2021-01/Archive-2021-2025/SGO-2021-01_Incident_Reports_ADS.csv,Yes
30270-6901,1,ccb2e26d0e2b199,DEC-2023,No Deployment Reported,No,No,https://static.nhtsa.gov/odi/ffdd/sgo-2021-01/Archive-2021-2025/SGO-2021-01_Incident_Reports_ADS.csv,Yes
30270-6906,1,e5600c859fc110c,DEC-2023,Unknown,No,Unknown,https://static.nhtsa.gov/odi/ffdd/sgo-2021-01/Archive-2021-2025/SGO-2021-01_Incident_Reports_ADS.csv,Yes
30270-6907,1,122fc199988253b,DEC-2023,No Deployment Reported,No,No,https://static.nhtsa.gov/odi/ffdd/sgo-2021-01/Archive-2021-2025/SGO-2021-01_Incident_Reports_ADS.csv,Yes
30270-6932,2,566bb10e6506178,JAN-2024,Unknown,No,Unknown,https://static.nhtsa.gov/odi/ffdd/sgo-2021-01/Archive-2021-2025/SGO-2021-01_Incident_Reports_ADS.csv,Yes
30270-6981,2,85bb308f7801ee8,JAN-2024,No Deployment Reported,No,Not Applicable,https://static.nhtsa.gov/odi/ffdd/sgo-2021-01/Archive-2021-2025/SGO-2021-01_Incident_Reports_ADS.csv,Yes
30270-7006,1,50317ad9488bb18,DEC-2023,No Deployment Reported,No,No,https://static.nhtsa.gov/odi/ffdd/sgo-2021-01/Archive-2021-2025/SGO-2021-01_Incident_Reports_ADS.csv,Yes
30270-7007,1,6f39daec78014c8,DEC-2023,No Deployment Reported,No,No,https://static.nhtsa.gov/odi/ffdd/sgo-2021-01/Archive-2021-2025/SGO-2021-01_Incident_Reports_ADS.csv,Yes
30270-7010,1,842ae816e7999c5,DEC-2023,No Deployment Reported,No,No,https://static.nhtsa.gov/odi/ffdd/sgo-2021-01/Archive-2021-2025/SGO-2021-01_Incident_Reports_ADS.csv,Yes
30270-7012,1,47e8e6fb8ea2c83,DEC-2023,No Deployment Reported,No,No,https://static.nhtsa.gov/odi/ffdd/sgo-2021-01/Archive-2021-2025/SGO-2021-01_Incident_Reports_ADS.csv,Yes
30270-7013,1,84b52164fe6e8ab,DEC-2023,No Deployment Reported,No,No,https://static.nhtsa.gov/odi/ffdd/sgo-2021-01/Archive-2021-2025/SGO-2021-01_Incident_Reports_ADS.csv,Yes
30270-7014,1,54f6fdc5f9697d5,DEC-2023,No Deployment Reported,No,No,https://static.nhtsa.gov/odi/ffdd/sgo-2021-01/Archive-2021-2025/SGO-2021-01_Incident_Reports_ADS.csv,Yes
30270-7015,1,26fbd8338d4072c,DEC-2023,No Deployment Reported,No,No,https://static.nhtsa.gov/odi/ffdd/sgo-2021-01/Archive-2021-2025/SGO-2021-01_Incident_Reports_ADS.csv,Yes
30270-7017,1,bb9a30cf149ffe9,DEC-2023,No Deployment Reported,No,No,https://static.nhtsa.gov/odi/ffdd/sgo-2021-01/Archive-2021-2025/SGO-2021-01_Incident_Reports_ADS.csv,Yes
30270-7018,1,1133293c787a8f2,DEC-2023,No Deployment Reported,No,No,https://static.nhtsa.gov/odi/ffdd/sgo-2021-01/Archive-2021-2025/SGO-2021-01_Incident_Reports_ADS.csv,Yes
30270-7019,1,3f6bf1a67e188d4,DEC-2023,No Deployment Reported,No,No,https://static.nhtsa.gov/odi/ffdd/sgo-2021-01/Archive-2021-2025/SGO-2021-01_Incident_Reports_ADS.csv,Yes
30270-7020,1,ba7282020c2e5be,DEC-2023,No Deployment Reported,No,No,https://static.nhtsa.gov/odi/ffdd/sgo-2021-01/Archive-2021-2025/SGO-2021-01_Incident_Reports_ADS.csv,Yes
30270-7021,1,e9fffa5a3e1bdde,DEC-2023,No Deployment Reported,No,No,https://static.nhtsa.gov/odi/ffdd/sgo-2021-01/Archive-2021-2025/SGO-2021-01_Incident_Reports_ADS.csv,Yes
30270-7034,1,69fffbcf0147ff7,JAN-2024,No Deployment Reported,No,No,https://static.nhtsa.gov/odi/ffdd/sgo-2021-01/Archive-2021-2025/SGO-2021-01_Incident_Reports_ADS.csv,Yes
30270-7048,1,e5834db4d946bfa,JAN-2024,No Deployment Reported,No,Not Applicable,https://static.nhtsa.gov/odi/ffdd/sgo-2021-01/Archive-2021-2025/SGO-2021-01_Incident_Reports_ADS.csv,Yes
30270-7054,1,f4e66fc9d21a5b9,JAN-2024,No Deployment Reported,No,Not Applicable,https://static.nhtsa.gov/odi/ffdd/sgo-2021-01/Archive-2021-2025/SGO-2021-01_Incident_Reports_ADS.csv,Yes
30270-7058,1,fdf5dff21c3b9d1,JAN-2024,No Deployment Reported,No,Not Applicable,https://static.nhtsa.gov/odi/ffdd/sgo-2021-01/Archive-2021-2025/SGO-2021-01_Incident_Reports_ADS.csv,Yes
30270-7071,1,28fac8141e63339,JAN-2024,No Deployment Reported,No,No,https://static.nhtsa.gov/odi/ffdd/sgo-2021-01/Archive-2021-2025/SGO-2021-01_Incident_Reports_ADS.csv,Yes
30270-7075,2,35b627077003d07,FEB-2024,Unknown,No,,https://static.nhtsa.gov/odi/ffdd/sgo-2021-01/Archive-2021-2025/SGO-2021-01_Incident_Reports_ADS.csv,Yes
30270-7156,1,0440e1b9933a311,JAN-2024,No Deployment Reported,No,No,https://static.nhtsa.gov/odi/ffdd/sgo-2021-01/Archive-2021-2025/SGO-2021-01_Incident_Reports_ADS.csv,Yes
30270-7157,3,1856b0e9c61d103,JAN-2024,No Deployment Reported,No,No,https://static.nhtsa.gov/odi/ffdd/sgo-2021-01/Archive-2021-2025/SGO-2021-01_Incident_Reports_ADS.csv,Yes
30270-7158,1,41439f705214d5b,JAN-2024,Unknown,No,Unknown,https://static.nhtsa.gov/odi/ffdd/sgo-2021-01/Archive-2021-2025/SGO-2021-01_Incident_Reports_ADS.csv,Yes
30270-7159,1,824979b8339ba57,JAN-2024,No Deployment Reported,No,No,https://static.nhtsa.gov/odi/ffdd/sgo-2021-01/Archive-2021-2025/SGO-2021-01_Incident_Reports_ADS.csv,Yes
30270-7160,1,8288654b083d6f8,JAN-2024,Unknown,No,Unknown,https://static.nhtsa.gov/odi/ffdd/sgo-2021-01/Archive-2021-2025/SGO-2021-01_Incident_Reports_ADS.csv,Yes
30270-7161,1,59079bb2dd3325d,JAN-2024,No Deployment Reported,No,No,https://static.nhtsa.gov/odi/ffdd/sgo-2021-01/Archive-2021-2025/SGO-2021-01_Incident_Reports_ADS.csv,Yes
30270-7162,1,4433538a5ab5fe9,JAN-2024,No Deployment Reported,No,No,https://static.nhtsa.gov/odi/ffdd/sgo-2021-01/Archive-2021-2025/SGO-2021-01_Incident_Reports_ADS.csv,Yes
30270-7164,2,9c0c60f2cb1f322,FEB-2024,No Deployment Reported,No,No,https://static.nhtsa.gov/odi/ffdd/sgo-2021-01/Archive-2021-2025/SGO-2021-01_Incident_Reports_ADS.csv,Yes
30270-7190,2,9efe939f0ad5856,FEB-2024,No Deployment Reported,No,Not Applicable,https://static.nhtsa.gov/odi/ffdd/sgo-2021-01/Archive-2021-2025/SGO-2021-01_Incident_Reports_ADS.csv,Yes
30270-7237,1,f6229ea9faa4204,FEB-2024,No Deployment Reported,No,No,https://static.nhtsa.gov/odi/ffdd/sgo-2021-01/Archive-2021-2025/SGO-2021-01_Incident_Reports_ADS.csv,Yes
30270-7257,2,8fc225c9f30de07,FEB-2024,No Deployment Reported,No,No,https://static.nhtsa.gov/odi/ffdd/sgo-2021-01/Archive-2021-2025/SGO-2021-01_Incident_Reports_ADS.csv,Yes
30270-7306,1,10f72ba4931873e,MAR-2024,No Deployment Reported,No,No,https://static.nhtsa.gov/odi/ffdd/sgo-2021-01/Archive-2021-2025/SGO-2021-01_Incident_Reports_ADS.csv,Yes
30270-7308,1,b25e800c82afada,FEB-2024,Unknown,No,,https://static.nhtsa.gov/odi/ffdd/sgo-2021-01/Archive-2021-2025/SGO-2021-01_Incident_Reports_ADS.csv,Yes
30270-7309,1,a055db2eae8befa,FEB-2024,No Deployment Reported,No,No,https://static.nhtsa.gov/odi/ffdd/sgo-2021-01/Archive-2021-2025/SGO-2021-01_Incident_Reports_ADS.csv,Yes
30270-7310,1,7cc5701d8d54ecb,FEB-2024,No Deployment Reported,No,No,https://static.nhtsa.gov/odi/ffdd/sgo-2021-01/Archive-2021-2025/SGO-2021-01_Incident_Reports_ADS.csv,Yes
30270-7311,1,26bc72f31433ff8,FEB-2024,No Deployment Reported,No,No,https://static.nhtsa.gov/odi/ffdd/sgo-2021-01/Archive-2021-2025/SGO-2021-01_Incident_Reports_ADS.csv,Yes
30270-7312,1,1178b9180aca868,FEB-2024,No Deployment Reported,No,Not Applicable,https://static.nhtsa.gov/odi/ffdd/sgo-2021-01/Archive-2021-2025/SGO-2021-01_Incident_Reports_ADS.csv,Yes
30270-7313,1,5435df14596cad3,FEB-2024,No Deployment Reported,No,No,https://static.nhtsa.gov/odi/ffdd/sgo-2021-01/Archive-2021-2025/SGO-2021-01_Incident_Reports_ADS.csv,Yes
30270-7315,1,9256227b26b1d3e,FEB-2024,No Deployment Reported,No,No,https://static.nhtsa.gov/odi/ffdd/sgo-2021-01/Archive-2021-2025/SGO-2021-01_Incident_Reports_ADS.csv,Yes
30270-7316,2,bcd03512755eab2,FEB-2024,No Deployment Reported,No,No,https://static.nhtsa.gov/odi/ffdd/sgo-2021-01/Archive-2021-2025/SGO-2021-01_Incident_Reports_ADS.csv,Yes
30270-7318,3,e41b32d53ecba3c,FEB-2024,No Deployment Reported,No,No,https://static.nhtsa.gov/odi/ffdd/sgo-2021-01/Archive-2021-2025/SGO-2021-01_Incident_Reports_ADS.csv,Yes
30270-7380,2,3ef8a06dc504e92,MAR-2024,No Deployment Reported,No,No,https://static.nhtsa.gov/odi/ffdd/sgo-2021-01/Archive-2021-2025/SGO-2021-01_Incident_Reports_ADS.csv,Yes
30270-7421,1,ba1fb00fc105f57,MAR-2024,Deployed,No,Yes,https://static.nhtsa.gov/odi/ffdd/sgo-2021-01/Archive-2021-2025/SGO-2021-01_Incident_Reports_ADS.csv,Yes
30270-7423,1,00f3a9cace075f7,MAR-2024,No Deployment Reported,No,No,https://static.nhtsa.gov/odi/ffdd/sgo-2021-01/Archive-2021-2025/SGO-2021-01_Incident_Reports_ADS.csv,Yes
30270-7424,1,870f825aa69bb61,MAR-2024,No Deployment Reported,No,No,https://static.nhtsa.gov/odi/ffdd/sgo-2021-01/Archive-2021-2025/SGO-2021-01_Incident_Reports_ADS.csv,Yes
30270-7425,1,1bcec164d80d77e,APR-2024,No Deployment Reported,No,No,https://static.nhtsa.gov/odi/ffdd/sgo-2021-01/Archive-2021-2025/SGO-2021-01_Incident_Reports_ADS.csv,Yes
30270-7515,1,6f824fc70e86827,MAR-2024,No Deployment Reported,No,Not Applicable,https://static.nhtsa.gov/odi/ffdd/sgo-2021-01/Archive-2021-2025/SGO-2021-01_Incident_Reports_ADS.csv,Yes
30270-7522,1,07a39da372f5123,MAR-2024,No Deployment Reported,No,No,https://static.nhtsa.gov/odi/ffdd/sgo-2021-01/Archive-2021-2025/SGO-2021-01_Incident_Reports_ADS.csv,Yes
30270-7523,1,6eefb6c4b33df9d,MAR-2024,No Deployment Reported,No,No,https://static.nhtsa.gov/odi/ffdd/sgo-2021-01/Archive-2021-2025/SGO-2021-01_Incident_Reports_ADS.csv,Yes
30270-7525,1,ba294ab6068621d,MAR-2024,No Deployment Reported,No,No,https://static.nhtsa.gov/odi/ffdd/sgo-2021-01/Archive-2021-2025/SGO-2021-01_Incident_Reports_ADS.csv,Yes
30270-7527,1,b59f1d74abd787a,MAR-2024,No Deployment Reported,No,No,https://static.nhtsa.gov/odi/ffdd/sgo-2021-01/Archive-2021-2025/SGO-2021-01_Incident_Reports_ADS.csv,Yes
30270-7528,1,6ca7e353b455b9f,MAR-2024,No Deployment Reported,No,No,https://static.nhtsa.gov/odi/ffdd/sgo-2021-01/Archive-2021-2025/SGO-2021-01_Incident_Reports_ADS.csv,Yes
30270-7529,1,907bc37d2fe6e31,MAR-2024,No Deployment Reported,No,No,https://static.nhtsa.gov/odi/ffdd/sgo-2021-01/Archive-2021-2025/SGO-2021-01_Incident_Reports_ADS.csv,Yes
30270-7530,1,0e9f6e352bb1255,MAR-2024,No Deployment Reported,No,No,https://static.nhtsa.gov/odi/ffdd/sgo-2021-01/Archive-2021-2025/SGO-2021-01_Incident_Reports_ADS.csv,Yes
30270-7531,1,ecde7079815be99,MAR-2024,No Deployment Reported,No,No,https://static.nhtsa.gov/odi/ffdd/sgo-2021-01/Archive-2021-2025/SGO-2021-01_Incident_Reports_ADS.csv,Yes
30270-7532,1,a2cf0c9aeb22dc5,MAR-2024,No Deployment Reported,No,Not Applicable,https://static.nhtsa.gov/odi/ffdd/sgo-2021-01/Archive-2021-2025/SGO-2021-01_Incident_Reports_ADS.csv,Yes
30270-7533,1,2282a5d9e915876,MAR-2024,Unknown,No,,https://static.nhtsa.gov/odi/ffdd/sgo-2021-01/Archive-2021-2025/SGO-2021-01_Incident_Reports_ADS.csv,Yes
30270-7534,1,3325b810acc75a3,MAR-2024,No Deployment Reported,No,No,https://static.nhtsa.gov/odi/ffdd/sgo-2021-01/Archive-2021-2025/SGO-2021-01_Incident_Reports_ADS.csv,Yes
30270-7536,1,72e764bd20c685a,MAR-2024,No Deployment Reported,No,No,https://static.nhtsa.gov/odi/ffdd/sgo-2021-01/Archive-2021-2025/SGO-2021-01_Incident_Reports_ADS.csv,Yes
30270-7538,1,60a42c20ba1d33e,MAR-2024,No Deployment Reported,No,No,https://static.nhtsa.gov/odi/ffdd/sgo-2021-01/Archive-2021-2025/SGO-2021-01_Incident_Reports_ADS.csv,Yes
30270-7540,1,1c44bd01b784a13,MAR-2024,No Deployment Reported,No,No,https://static.nhtsa.gov/odi/ffdd/sgo-2021-01/Archive-2021-2025/SGO-2021-01_Incident_Reports_ADS.csv,Yes
30270-7541,1,d5770d65e2e965b,MAR-2024,No Deployment Reported,No,No,https://static.nhtsa.gov/odi/ffdd/sgo-2021-01/Archive-2021-2025/SGO-2021-01_Incident_Reports_ADS.csv,Yes
30270-7542,1,edd0dfe2ad6011c,MAR-2024,No Deployment Reported,No,No,https://static.nhtsa.gov/odi/ffdd/sgo-2021-01/Archive-2021-2025/SGO-2021-01_Incident_Reports_ADS.csv,Yes
30270-7543,1,92b9116e211750e,MAR-2024,Unknown,No,Unknown,https://static.nhtsa.gov/odi/ffdd/sgo-2021-01/Archive-2021-2025/SGO-2021-01_Incident_Reports_ADS.csv,Yes
30270-7551,1,eb41f5ed6435ed8,APR-2024,No Deployment Reported,No,No,https://static.nhtsa.gov/odi/ffdd/sgo-2021-01/Archive-2021-2025/SGO-2021-01_Incident_Reports_ADS.csv,Yes
30270-7573,1,a94ca9b253c5105,APR-2024,No Deployment Reported,No,No,https://static.nhtsa.gov/odi/ffdd/sgo-2021-01/Archive-2021-2025/SGO-2021-01_Incident_Reports_ADS.csv,Yes
30270-7598,1,5bb5073dab94bae,JAN-2023,No Deployment Reported,No,No,https://static.nhtsa.gov/odi/ffdd/sgo-2021-01/Archive-2021-2025/SGO-2021-01_Incident_Reports_ADS.csv,Yes
30270-7631,1,8ef453320969f45,MAY-2024,No Deployment Reported,No,No,https://static.nhtsa.gov/odi/ffdd/sgo-2021-01/Archive-2021-2025/SGO-2021-01_Incident_Reports_ADS.csv,Yes
30270-7637,2,84ff2f9ead1afe1,MAY-2024,No Deployment Reported,No,No,https://static.nhtsa.gov/odi/ffdd/sgo-2021-01/Archive-2021-2025/SGO-2021-01_Incident_Reports_ADS.csv,Yes
30270-7639,2,862890b0bf9fd67,MAY-2024,No Deployment Reported,No,No,https://static.nhtsa.gov/odi/ffdd/sgo-2021-01/Archive-2021-2025/SGO-2021-01_Incident_Reports_ADS.csv,Yes
30270-7647,1,312e30a55809d67,MAY-2024,No Deployment Reported,No,No,https://static.nhtsa.gov/odi/ffdd/sgo-2021-01/Archive-2021-2025/SGO-2021-01_Incident_Reports_ADS.csv,Yes
30270-7681,2,7b74a49eb5027b6,MAY-2024,Deployed,No,Yes,https://static.nhtsa.gov/odi/ffdd/sgo-2021-01/Archive-2021-2025/SGO-2021-01_Incident_Reports_ADS.csv,Yes
30270-7718,1,8bf3b8dd754b4f8,MAY-2024,No Deployment Reported,No,No,https://static.nhtsa.gov/odi/ffdd/sgo-2021-01/Archive-2021-2025/SGO-2021-01_Incident_Reports_ADS.csv,Yes
30270-7719,2,ea0749fade5c167,APR-2024,No Deployment Reported,No,No,https://static.nhtsa.gov/odi/ffdd/sgo-2021-01/Archive-2021-2025/SGO-2021-01_Incident_Reports_ADS.csv,Yes
30270-7720,1,534bef0e0babf42,APR-2024,No Deployment Reported,No,No,https://static.nhtsa.gov/odi/ffdd/sgo-2021-01/Archive-2021-2025/SGO-2021-01_Incident_Reports_ADS.csv,Yes
30270-7721,1,23d6f58677eeb78,APR-2024,No Deployment Reported,No,No,https://static.nhtsa.gov/odi/ffdd/sgo-2021-01/Archive-2021-2025/SGO-2021-01_Incident_Reports_ADS.csv,Yes
30270-7722,1,a673fcc54f6f312,APR-2024,No Deployment Reported,No,No,https://static.nhtsa.gov/odi/ffdd/sgo-2021-01/Archive-2021-2025/SGO-2021-01_Incident_Reports_ADS.csv,Yes
30270-7724,1,bbc64d97c10bd0b,APR-2024,No Deployment Reported,No,No,https://static.nhtsa.gov/odi/ffdd/sgo-2021-01/Archive-2021-2025/SGO-2021-01_Incident_Reports_ADS.csv,Yes
30270-7725,1,4da91e509f90137,APR-2024,No Deployment Reported,No,No,https://static.nhtsa.gov/odi/ffdd/sgo-2021-01/Archive-2021-2025/SGO-2021-01_Incident_Reports_ADS.csv,Yes
30270-7726,1,8894cbcbca3e974,APR-2024,No Deployment Reported,No,No,https://static.nhtsa.gov/odi/ffdd/sgo-2021-01/Archive-2021-2025/SGO-2021-01_Incident_Reports_ADS.csv,Yes
30270-7727,1,3d0d3a054e0997a,APR-2024,No Deployment Reported,No,No,https://static.nhtsa.gov/odi/ffdd/sgo-2021-01/Archive-2021-2025/SGO-2021-01_Incident_Reports_ADS.csv,Yes
30270-7728,1,6e2942581c16d45,APR-2024,No Deployment Reported,No,No,https://static.nhtsa.gov/odi/ffdd/sgo-2021-01/Archive-2021-2025/SGO-2021-01_Incident_Reports_ADS.csv,Yes
30270-7729,1,1fd8c583c2ad222,APR-2024,No Deployment Reported,No,Not Applicable,https://static.nhtsa.gov/odi/ffdd/sgo-2021-01/Archive-2021-2025/SGO-2021-01_Incident_Reports_ADS.csv,Yes
30270-7730,2,8e246bfad5628fa,MAY-2024,No Deployment Reported,No,No,https://static.nhtsa.gov/odi/ffdd/sgo-2021-01/Archive-2021-2025/SGO-2021-01_Incident_Reports_ADS.csv,Yes
30270-7733,2,afaee27656544e4,MAY-2024,No Deployment Reported,No,No,https://static.nhtsa.gov/odi/ffdd/sgo-2021-01/Archive-2021-2025/SGO-2021-01_Incident_Reports_ADS.csv,Yes
30270-7734,1,5aa3127c025c596,MAY-2024,No Deployment Reported,No,No,https://static.nhtsa.gov/odi/ffdd/sgo-2021-01/Archive-2021-2025/SGO-2021-01_Incident_Reports_ADS.csv,Yes
30270-7793,1,bfa704d30ec76ce,MAY-2024,Deployed,No,Yes,https://static.nhtsa.gov/odi/ffdd/sgo-2021-01/Archive-2021-2025/SGO-2021-01_Incident_Reports_ADS.csv,Yes
30270-7794,1,44dd2cadd0daadd,MAY-2024,Unknown,No,,https://static.nhtsa.gov/odi/ffdd/sgo-2021-01/Archive-2021-2025/SGO-2021-01_Incident_Reports_ADS.csv,Yes
30270-7795,2,84a566f93ceec88,MAY-2024,No Deployment Reported,No,No,https://static.nhtsa.gov/odi/ffdd/sgo-2021-01/Archive-2021-2025/SGO-2021-01_Incident_Reports_ADS.csv,Yes
30270-7813,1,bfdc6bed2775421,MAY-2024,No Deployment Reported,No,No,https://static.nhtsa.gov/odi/ffdd/sgo-2021-01/Archive-2021-2025/SGO-2021-01_Incident_Reports_ADS.csv,Yes
30270-7839,1,856b17069da7478,JUN-2024,No Deployment Reported,No,No,https://static.nhtsa.gov/odi/ffdd/sgo-2021-01/Archive-2021-2025/SGO-2021-01_Incident_Reports_ADS.csv,Yes
30270-7842,2,95bda79c9ba41b5,JUN-2024,No Deployment Reported,No,Not Applicable,https://static.nhtsa.gov/odi/ffdd/sgo-2021-01/Archive-2021-2025/SGO-2021-01_Incident_Reports_ADS.csv,Yes
30270-7855,2,937b4d4b37c47c1,JUN-2024,No Deployment Reported,No,No,https://static.nhtsa.gov/odi/ffdd/sgo-2021-01/Archive-2021-2025/SGO-2021-01_Incident_Reports_ADS.csv,Yes
30270-7877,1,5a4b64087c340c3,MAY-2024,Unknown,No,,https://static.nhtsa.gov/odi/ffdd/sgo-2021-01/Archive-2021-2025/SGO-2021-01_Incident_Reports_ADS.csv,Yes
30270-7882,1,1c677f3bfb5eb28,JUN-2024,No Deployment Reported,No,No,https://static.nhtsa.gov/odi/ffdd/sgo-2021-01/Archive-2021-2025/SGO-2021-01_Incident_Reports_ADS.csv,Yes
30270-7883,1,d5de86f17304363,JUN-2024,No Deployment Reported,No,No,https://static.nhtsa.gov/odi/ffdd/sgo-2021-01/Archive-2021-2025/SGO-2021-01_Incident_Reports_ADS.csv,Yes
30270-7934,1,38814d25460b4e9,MAY-2024,No Deployment Reported,No,No,https://static.nhtsa.gov/odi/ffdd/sgo-2021-01/Archive-2021-2025/SGO-2021-01_Incident_Reports_ADS.csv,Yes
30270-7935,1,07e810793e23a5b,MAY-2024,No Deployment Reported,No,No,https://static.nhtsa.gov/odi/ffdd/sgo-2021-01/Archive-2021-2025/SGO-2021-01_Incident_Reports_ADS.csv,Yes
30270-7936,1,8e186003f23c2b5,MAY-2024,No Deployment Reported,No,Not Applicable,https://static.nhtsa.gov/odi/ffdd/sgo-2021-01/Archive-2021-2025/SGO-2021-01_Incident_Reports_ADS.csv,Yes
30270-7938,1,67c67c5cdfab8f9,MAY-2024,No Deployment Reported,No,Not Applicable,https://static.nhtsa.gov/odi/ffdd/sgo-2021-01/Archive-2021-2025/SGO-2021-01_Incident_Reports_ADS.csv,Yes
30270-7939,1,0b53c07a7e98af2,MAY-2024,No Deployment Reported,No,No,https://static.nhtsa.gov/odi/ffdd/sgo-2021-01/Archive-2021-2025/SGO-2021-01_Incident_Reports_ADS.csv,Yes
30270-7940,1,8b532df27c59137,MAY-2024,No Deployment Reported,No,No,https://static.nhtsa.gov/odi/ffdd/sgo-2021-01/Archive-2021-2025/SGO-2021-01_Incident_Reports_ADS.csv,Yes
30270-7941,1,1bf0008f0ae5e02,MAY-2024,No Deployment Reported,No,No,https://static.nhtsa.gov/odi/ffdd/sgo-2021-01/Archive-2021-2025/SGO-2021-01_Incident_Reports_ADS.csv,Yes
30270-7942,1,95a8632c506fca0,MAY-2024,No Deployment Reported,No,No,https://static.nhtsa.gov/odi/ffdd/sgo-2021-01/Archive-2021-2025/SGO-2021-01_Incident_Reports_ADS.csv,Yes
30270-7943,1,293f1c3457530d0,MAY-2024,No Deployment Reported,No,No,https://static.nhtsa.gov/odi/ffdd/sgo-2021-01/Archive-2021-2025/SGO-2021-01_Incident_Reports_ADS.csv,Yes
30270-7944,1,f55fb6e48522863,MAY-2024,No Deployment Reported,No,No,https://static.nhtsa.gov/odi/ffdd/sgo-2021-01/Archive-2021-2025/SGO-2021-01_Incident_Reports_ADS.csv,Yes
30270-7945,2,acc8936090bcd7f,MAY-2024,No Deployment Reported,No,No,https://static.nhtsa.gov/odi/ffdd/sgo-2021-01/Archive-2021-2025/SGO-2021-01_Incident_Reports_ADS.csv,Yes
30270-7946,1,489ede4ac25d24c,MAY-2024,No Deployment Reported,No,No,https://static.nhtsa.gov/odi/ffdd/sgo-2021-01/Archive-2021-2025/SGO-2021-01_Incident_Reports_ADS.csv,Yes
30270-7947,1,06f87c34e2fe4c0,MAY-2024,No Deployment Reported,No,Not Applicable,https://static.nhtsa.gov/odi/ffdd/sgo-2021-01/Archive-2021-2025/SGO-2021-01_Incident_Reports_ADS.csv,Yes
30270-7948,2,fb946bdabf49687,MAY-2024,No Deployment Reported,No,No,https://static.nhtsa.gov/odi/ffdd/sgo-2021-01/Archive-2021-2025/SGO-2021-01_Incident_Reports_ADS.csv,Yes
30270-7949,2,c92893635f8a32b,MAY-2024,No Deployment Reported,No,No,https://static.nhtsa.gov/odi/ffdd/sgo-2021-01/Archive-2021-2025/SGO-2021-01_Incident_Reports_ADS.csv,Yes
30270-7950,1,ccf5df807abe76c,MAY-2024,No Deployment Reported,No,No,https://static.nhtsa.gov/odi/ffdd/sgo-2021-01/Archive-2021-2025/SGO-2021-01_Incident_Reports_ADS.csv,Yes
30270-7952,1,2f3e786bc04b92b,MAY-2024,No Deployment Reported,No,No,https://static.nhtsa.gov/odi/ffdd/sgo-2021-01/Archive-2021-2025/SGO-2021-01_Incident_Reports_ADS.csv,Yes
30270-7953,1,762f5c8deeb0103,MAY-2024,No Deployment Reported,No,No,https://static.nhtsa.gov/odi/ffdd/sgo-2021-01/Archive-2021-2025/SGO-2021-01_Incident_Reports_ADS.csv,Yes
30270-7954,1,b223e677151596a,MAY-2024,Unknown,No,,https://static.nhtsa.gov/odi/ffdd/sgo-2021-01/Archive-2021-2025/SGO-2021-01_Incident_Reports_ADS.csv,Yes
30270-7959,1,4d0e5e2a7e91285,JUN-2024,No Deployment Reported,No,No,https://static.nhtsa.gov/odi/ffdd/sgo-2021-01/Archive-2021-2025/SGO-2021-01_Incident_Reports_ADS.csv,Yes
30270-7969,1,2fae476084aa8d2,JUN-2024,No Deployment Reported,No,Not Applicable,https://static.nhtsa.gov/odi/ffdd/sgo-2021-01/Archive-2021-2025/SGO-2021-01_Incident_Reports_ADS.csv,Yes
30270-7998,1,88ebc78ffa54a7c,JUN-2024,No Deployment Reported,No,No,https://static.nhtsa.gov/odi/ffdd/sgo-2021-01/Archive-2021-2025/SGO-2021-01_Incident_Reports_ADS.csv,Yes
30270-8020,1,378c0e67de82ea5,JUN-2024,No Deployment Reported,No,No,https://static.nhtsa.gov/odi/ffdd/sgo-2021-01/Archive-2021-2025/SGO-2021-01_Incident_Reports_ADS.csv,Yes
30270-8021,2,88cda6faf7e7791,JUN-2024,No Deployment Reported,No,No,https://static.nhtsa.gov/odi/ffdd/sgo-2021-01/Archive-2021-2025/SGO-2021-01_Incident_Reports_ADS.csv,Yes
30270-8027,1,0d3092a8f49cdcf,JUN-2024,Deployed,No,Yes,https://static.nhtsa.gov/odi/ffdd/sgo-2021-01/Archive-2021-2025/SGO-2021-01_Incident_Reports_ADS.csv,Yes
30270-8039,2,46313087c8e64f4,JUL-2024,Unknown,No,,https://static.nhtsa.gov/odi/ffdd/sgo-2021-01/Archive-2021-2025/SGO-2021-01_Incident_Reports_ADS.csv,Yes
30270-8061,1,e7bd1ea6542b009,JUL-2024,Deployed,Yes,Yes,https://static.nhtsa.gov/odi/ffdd/sgo-2021-01/Archive-2021-2025/SGO-2021-01_Incident_Reports_ADS.csv,Yes
30270-8088,2,8cafb1314704254,JUL-2024,No Deployment Reported,No,No,https://static.nhtsa.gov/odi/ffdd/sgo-2021-01/Archive-2021-2025/SGO-2021-01_Incident_Reports_ADS.csv,Yes
30270-8120,1,f76f598e5f5f3af,JUN-2024,Unknown,No,,https://static.nhtsa.gov/odi/ffdd/sgo-2021-01/Archive-2021-2025/SGO-2021-01_Incident_Reports_ADS.csv,Yes
30270-8121,1,b0a31cdcac361e5,JUN-2024,No Deployment Reported,No,No,https://static.nhtsa.gov/odi/ffdd/sgo-2021-01/Archive-2021-2025/SGO-2021-01_Incident_Reports_ADS.csv,Yes
30270-8124,1,d6ff7c26c42f9f3,JUN-2024,No Deployment Reported,No,No,https://static.nhtsa.gov/odi/ffdd/sgo-2021-01/Archive-2021-2025/SGO-2021-01_Incident_Reports_ADS.csv,Yes
30270-8125,1,7efef5aa622ea74,JUN-2024,No Deployment Reported,No,No,https://static.nhtsa.gov/odi/ffdd/sgo-2021-01/Archive-2021-2025/SGO-2021-01_Incident_Reports_ADS.csv,Yes
30270-8127,1,953c721f42601fc,JUN-2024,No Deployment Reported,No,No,https://static.nhtsa.gov/odi/ffdd/sgo-2021-01/Archive-2021-2025/SGO-2021-01_Incident_Reports_ADS.csv,Yes
30270-8128,1,8fe153dbccf449c,JUN-2024,No Deployment Reported,No,No,https://static.nhtsa.gov/odi/ffdd/sgo-2021-01/Archive-2021-2025/SGO-2021-01_Incident_Reports_ADS.csv,Yes
30270-8130,1,b212103e6d14d86,JUN-2024,No Deployment Reported,No,No,https://static.nhtsa.gov/odi/ffdd/sgo-2021-01/Archive-2021-2025/SGO-2021-01_Incident_Reports_ADS.csv,Yes
30270-8131,1,5371a715b4855ae,JUN-2024,No Deployment Reported,No,No,https://static.nhtsa.gov/odi/ffdd/sgo-2021-01/Archive-2021-2025/SGO-2021-01_Incident_Reports_ADS.csv,Yes
30270-8134,1,84419d4c22f3fd7,JUN-2024,No Deployment Reported,No,No,https://static.nhtsa.gov/odi/ffdd/sgo-2021-01/Archive-2021-2025/SGO-2021-01_Incident_Reports_ADS.csv,Yes
30270-8137,1,911b3590883cc0b,JUN-2024,No Deployment Reported,No,No,https://static.nhtsa.gov/odi/ffdd/sgo-2021-01/Archive-2021-2025/SGO-2021-01_Incident_Reports_ADS.csv,Yes
30270-8139,1,a44514c80a6c2d2,JUN-2024,No Deployment Reported,No,No,https://static.nhtsa.gov/odi/ffdd/sgo-2021-01/Archive-2021-2025/SGO-2021-01_Incident_Reports_ADS.csv,Yes
30270-8141,1,a95a53d3d5c107d,JUN-2024,No Deployment Reported,No,No,https://static.nhtsa.gov/odi/ffdd/sgo-2021-01/Archive-2021-2025/SGO-2021-01_Incident_Reports_ADS.csv,Yes
30270-8144,1,ab92f55b1bd5c9b,JUN-2024,No Deployment Reported,No,No,https://static.nhtsa.gov/odi/ffdd/sgo-2021-01/Archive-2021-2025/SGO-2021-01_Incident_Reports_ADS.csv,Yes
30270-8145,1,19284fe3327827b,JUN-2024,Unknown,No,,https://static.nhtsa.gov/odi/ffdd/sgo-2021-01/Archive-2021-2025/SGO-2021-01_Incident_Reports_ADS.csv,Yes
30270-8146,1,6b3c02f4aa88803,JUN-2024,No Deployment Reported,No,Not Applicable,https://static.nhtsa.gov/odi/ffdd/sgo-2021-01/Archive-2021-2025/SGO-2021-01_Incident_Reports_ADS.csv,Yes
30270-8150,1,614b6690f9da766,JUN-2024,No Deployment Reported,No,No,https://static.nhtsa.gov/odi/ffdd/sgo-2021-01/Archive-2021-2025/SGO-2021-01_Incident_Reports_ADS.csv,Yes
30270-8151,1,ca755a883e7d54b,JUN-2024,No Deployment Reported,No,No,https://static.nhtsa.gov/odi/ffdd/sgo-2021-01/Archive-2021-2025/SGO-2021-01_Incident_Reports_ADS.csv,Yes
30270-8152,1,395270ce46157ae,JUN-2024,No Deployment Reported,No,Not Applicable,https://static.nhtsa.gov/odi/ffdd/sgo-2021-01/Archive-2021-2025/SGO-2021-01_Incident_Reports_ADS.csv,Yes
30270-8156,1,ac315e948c2c082,JUN-2024,No Deployment Reported,No,No,https://static.nhtsa.gov/odi/ffdd/sgo-2021-01/Archive-2021-2025/SGO-2021-01_Incident_Reports_ADS.csv,Yes
30270-8157,1,edd7e50363a5b35,JUN-2024,No Deployment Reported,No,No,https://static.nhtsa.gov/odi/ffdd/sgo-2021-01/Archive-2021-2025/SGO-2021-01_Incident_Reports_ADS.csv,Yes
30270-8158,1,6631b7a8dd06504,JUN-2024,No Deployment Reported,No,No,https://static.nhtsa.gov/odi/ffdd/sgo-2021-01/Archive-2021-2025/SGO-2021-01_Incident_Reports_ADS.csv,Yes
30270-8180,1,174b383724b7dbb,JUL-2024,No Deployment Reported,No,No,https://static.nhtsa.gov/odi/ffdd/sgo-2021-01/Archive-2021-2025/SGO-2021-01_Incident_Reports_ADS.csv,Yes
30270-8182,2,52013c1519577f5,JUL-2024,No Deployment Reported,No,No,https://static.nhtsa.gov/odi/ffdd/sgo-2021-01/Archive-2021-2025/SGO-2021-01_Incident_Reports_ADS.csv,Yes
30270-8199,1,e8f9632ff89eabc,JUL-2024,No Deployment Reported,No,No,https://static.nhtsa.gov/odi/ffdd/sgo-2021-01/Archive-2021-2025/SGO-2021-01_Incident_Reports_ADS.csv,Yes
30270-8200,2,1c4aa40a2a04b1a,JUL-2024,No Deployment Reported,No,No,https://static.nhtsa.gov/odi/ffdd/sgo-2021-01/Archive-2021-2025/SGO-2021-01_Incident_Reports_ADS.csv,Yes
30270-8217,2,9c9d2411ca10891,JUL-2024,Deployed,Yes,Yes,https://static.nhtsa.gov/odi/ffdd/sgo-2021-01/Archive-2021-2025/SGO-2021-01_Incident_Reports_ADS.csv,Yes
30270-8219,1,036be89379840a4,JUL-2024,No Deployment Reported,No,Not Applicable,https://static.nhtsa.gov/odi/ffdd/sgo-2021-01/Archive-2021-2025/SGO-2021-01_Incident_Reports_ADS.csv,Yes
30270-8243,2,45c8cddbfd6f959,JUL-2024,Deployed,No,Yes,https://static.nhtsa.gov/odi/ffdd/sgo-2021-01/Archive-2021-2025/SGO-2021-01_Incident_Reports_ADS.csv,Yes
30270-8266,1,5c8348bcf998c8b,JUL-2024,No Deployment Reported,No,No,https://static.nhtsa.gov/odi/ffdd/sgo-2021-01/Archive-2021-2025/SGO-2021-01_Incident_Reports_ADS.csv,Yes
30270-8273,1,91bbdc8e89308e3,JUL-2024,No Deployment Reported,No,No,https://static.nhtsa.gov/odi/ffdd/sgo-2021-01/Archive-2021-2025/SGO-2021-01_Incident_Reports_ADS.csv,Yes
30270-8278,1,0d1a06493f0a3fa,JUL-2024,No Deployment Reported,No,No,https://static.nhtsa.gov/odi/ffdd/sgo-2021-01/Archive-2021-2025/SGO-2021-01_Incident_Reports_ADS.csv,Yes
30270-8316,2,1a4cbd1d95b3d30,AUG-2024,No Deployment Reported,No,No,https://static.nhtsa.gov/odi/ffdd/sgo-2021-01/Archive-2021-2025/SGO-2021-01_Incident_Reports_ADS.csv,Yes
30270-8317,1,73d301e8b716511,AUG-2024,No Deployment Reported,No,No,https://static.nhtsa.gov/odi/ffdd/sgo-2021-01/Archive-2021-2025/SGO-2021-01_Incident_Reports_ADS.csv,Yes
30270-8343,2,a386703bc6498b9,AUG-2024,No Deployment Reported,No,No,https://static.nhtsa.gov/odi/ffdd/sgo-2021-01/Archive-2021-2025/SGO-2021-01_Incident_Reports_ADS.csv,Yes
30270-8344,1,a8e4923d669f9b8,AUG-2024,No Deployment Reported,No,Not Applicable,https://static.nhtsa.gov/odi/ffdd/sgo-2021-01/Archive-2021-2025/SGO-2021-01_Incident_Reports_ADS.csv,Yes
30270-8356,1,dc54b81a445d6d0,AUG-2024,Unknown,No,,https://static.nhtsa.gov/odi/ffdd/sgo-2021-01/Archive-2021-2025/SGO-2021-01_Incident_Reports_ADS.csv,Yes
30270-8357,1,a9dbd0eec01db66,AUG-2024,Unknown,No,,https://static.nhtsa.gov/odi/ffdd/sgo-2021-01/Archive-2021-2025/SGO-2021-01_Incident_Reports_ADS.csv,Yes
30270-8378,1,0647db76b221377,JUL-2024,No Deployment Reported,No,No,https://static.nhtsa.gov/odi/ffdd/sgo-2021-01/Archive-2021-2025/SGO-2021-01_Incident_Reports_ADS.csv,Yes
30270-8383,1,d822c663bab3dd9,JUL-2024,No Deployment Reported,No,No,https://static.nhtsa.gov/odi/ffdd/sgo-2021-01/Archive-2021-2025/SGO-2021-01_Incident_Reports_ADS.csv,Yes
30270-8384,1,53150c4d8157ecd,JUL-2024,No Deployment Reported,No,No,https://static.nhtsa.gov/odi/ffdd/sgo-2021-01/Archive-2021-2025/SGO-2021-01_Incident_Reports_ADS.csv,Yes
30270-8385,1,31a94fb68dac7e0,JUL-2024,No Deployment Reported,No,No,https://static.nhtsa.gov/odi/ffdd/sgo-2021-01/Archive-2021-2025/SGO-2021-01_Incident_Reports_ADS.csv,Yes
30270-8386,1,507ca034d6ef5a6,JUL-2024,No Deployment Reported,No,No,https://static.nhtsa.gov/odi/ffdd/sgo-2021-01/Archive-2021-2025/SGO-2021-01_Incident_Reports_ADS.csv,Yes
30270-8387,1,c1f6f34ad0dfe4b,JUL-2024,No Deployment Reported,No,No,https://static.nhtsa.gov/odi/ffdd/sgo-2021-01/Archive-2021-2025/SGO-2021-01_Incident_Reports_ADS.csv,Yes
30270-8388,1,569e9de402e0e26,JUL-2024,No Deployment Reported,No,No,https://static.nhtsa.gov/odi/ffdd/sgo-2021-01/Archive-2021-2025/SGO-2021-01_Incident_Reports_ADS.csv,Yes
30270-8389,1,e6ab23dde26e260,JUL-2024,No Deployment Reported,No,No,https://static.nhtsa.gov/odi/ffdd/sgo-2021-01/Archive-2021-2025/SGO-2021-01_Incident_Reports_ADS.csv,Yes
30270-8390,1,3f05768790632b1,JUL-2024,No Deployment Reported,No,No,https://static.nhtsa.gov/odi/ffdd/sgo-2021-01/Archive-2021-2025/SGO-2021-01_Incident_Reports_ADS.csv,Yes
30270-8392,1,83b9060efce12eb,JUL-2024,No Deployment Reported,No,No,https://static.nhtsa.gov/odi/ffdd/sgo-2021-01/Archive-2021-2025/SGO-2021-01_Incident_Reports_ADS.csv,Yes
30270-8393,1,42fcf7b6efdfcc2,JUL-2024,No Deployment Reported,No,No,https://static.nhtsa.gov/odi/ffdd/sgo-2021-01/Archive-2021-2025/SGO-2021-01_Incident_Reports_ADS.csv,Yes
30270-8394,1,79f75b387eb2c41,JUL-2024,No Deployment Reported,No,No,https://static.nhtsa.gov/odi/ffdd/sgo-2021-01/Archive-2021-2025/SGO-2021-01_Incident_Reports_ADS.csv,Yes
30270-8397,1,8f942ab937115c7,JUL-2024,No Deployment Reported,No,Not Applicable,https://static.nhtsa.gov/odi/ffdd/sgo-2021-01/Archive-2021-2025/SGO-2021-01_Incident_Reports_ADS.csv,Yes
30270-8398,2,a0ba721d51c0207,JUL-2024,No Deployment Reported,No,No,https://static.nhtsa.gov/odi/ffdd/sgo-2021-01/Archive-2021-2025/SGO-2021-01_Incident_Reports_ADS.csv,Yes
30270-8401,1,a8d01f2a05f21f7,JUL-2024,No Deployment Reported,No,No,https://static.nhtsa.gov/odi/ffdd/sgo-2021-01/Archive-2021-2025/SGO-2021-01_Incident_Reports_ADS.csv,Yes
30270-8402,1,30cdda3761c6785,JUL-2024,No Deployment Reported,No,No,https://static.nhtsa.gov/odi/ffdd/sgo-2021-01/Archive-2021-2025/SGO-2021-01_Incident_Reports_ADS.csv,Yes
30270-8403,2,f5572d3137450d7,JUL-2024,No Deployment Reported,No,No,https://static.nhtsa.gov/odi/ffdd/sgo-2021-01/Archive-2021-2025/SGO-2021-01_Incident_Reports_ADS.csv,Yes
30270-8404,1,6e41aaf90713a44,JUL-2024,No Deployment Reported,No,No,https://static.nhtsa.gov/odi/ffdd/sgo-2021-01/Archive-2021-2025/SGO-2021-01_Incident_Reports_ADS.csv,Yes
30270-8405,1,3478d8925ecd2fe,JUL-2024,No Deployment Reported,No,No,https://static.nhtsa.gov/odi/ffdd/sgo-2021-01/Archive-2021-2025/SGO-2021-01_Incident_Reports_ADS.csv,Yes
30270-8406,1,32e6f43c1ede135,JUL-2024,No Deployment Reported,No,No,https://static.nhtsa.gov/odi/ffdd/sgo-2021-01/Archive-2021-2025/SGO-2021-01_Incident_Reports_ADS.csv,Yes
30270-8417,1,fea7e0ad7519a39,AUG-2024,Deployed,Yes,Yes,https://static.nhtsa.gov/odi/ffdd/sgo-2021-01/Archive-2021-2025/SGO-2021-01_Incident_Reports_ADS.csv,Yes
30270-8443,1,8d5de51bc775cac,AUG-2024,No Deployment Reported,No,Not Applicable,https://static.nhtsa.gov/odi/ffdd/sgo-2021-01/Archive-2021-2025/SGO-2021-01_Incident_Reports_ADS.csv,Yes
30270-8444,3,f0565ea7fcd398a,AUG-2024,Unknown,No,,https://static.nhtsa.gov/odi/ffdd/sgo-2021-01/Archive-2021-2025/SGO-2021-01_Incident_Reports_ADS.csv,Yes
30270-8469,2,0c5c84a13b2a281,AUG-2024,No Deployment Reported,No,No,https://static.nhtsa.gov/odi/ffdd/sgo-2021-01/Archive-2021-2025/SGO-2021-01_Incident_Reports_ADS.csv,Yes
30270-8471,1,a6c3d816cc7ab78,AUG-2024,No Deployment Reported,No,No,https://static.nhtsa.gov/odi/ffdd/sgo-2021-01/Archive-2021-2025/SGO-2021-01_Incident_Reports_ADS.csv,Yes
30270-8483,1,c39af8f27983bc6,AUG-2024,Unknown,No,,https://static.nhtsa.gov/odi/ffdd/sgo-2021-01/Archive-2021-2025/SGO-2021-01_Incident_Reports_ADS.csv,Yes
30270-8512,1,893ca66fc11a25c,SEP-2024,No Deployment Reported,No,No,https://static.nhtsa.gov/odi/ffdd/sgo-2021-01/Archive-2021-2025/SGO-2021-01_Incident_Reports_ADS.csv,Yes
30270-8513,1,23dc208978b7787,SEP-2024,No Deployment Reported,No,Not Applicable,https://static.nhtsa.gov/odi/ffdd/sgo-2021-01/Archive-2021-2025/SGO-2021-01_Incident_Reports_ADS.csv,Yes
30270-8514,2,7fc8fab318eae00,SEP-2024,Unknown,No,,https://static.nhtsa.gov/odi/ffdd/sgo-2021-01/Archive-2021-2025/SGO-2021-01_Incident_Reports_ADS.csv,Yes
30270-8526,2,85b2ac7e4bcaa36,SEP-2024,No Deployment Reported,No,Not Applicable,https://static.nhtsa.gov/odi/ffdd/sgo-2021-01/Archive-2021-2025/SGO-2021-01_Incident_Reports_ADS.csv,Yes
30270-8541,1,4a353641b80a151,SEP-2024,No Deployment Reported,No,No,https://static.nhtsa.gov/odi/ffdd/sgo-2021-01/Archive-2021-2025/SGO-2021-01_Incident_Reports_ADS.csv,Yes
30270-8581,1,3144060ca1e6ad5,SEP-2024,No Deployment Reported,No,No,https://static.nhtsa.gov/odi/ffdd/sgo-2021-01/Archive-2021-2025/SGO-2021-01_Incident_Reports_ADS.csv,Yes
30270-8599,1,e60b1911a5ec847,AUG-2024,No Deployment Reported,No,No,https://static.nhtsa.gov/odi/ffdd/sgo-2021-01/Archive-2021-2025/SGO-2021-01_Incident_Reports_ADS.csv,Yes
30270-8600,1,954714c0ef93c9b,AUG-2024,No Deployment Reported,No,No,https://static.nhtsa.gov/odi/ffdd/sgo-2021-01/Archive-2021-2025/SGO-2021-01_Incident_Reports_ADS.csv,Yes
30270-8601,1,ec16e97ff7ff78c,AUG-2024,No Deployment Reported,No,No,https://static.nhtsa.gov/odi/ffdd/sgo-2021-01/Archive-2021-2025/SGO-2021-01_Incident_Reports_ADS.csv,Yes
30270-8602,1,da95260e755d3de,AUG-2024,Unknown,No,,https://static.nhtsa.gov/odi/ffdd/sgo-2021-01/Archive-2021-2025/SGO-2021-01_Incident_Reports_ADS.csv,Yes
30270-8603,1,0e857f04e0ad004,AUG-2024,No Deployment Reported,No,No,https://static.nhtsa.gov/odi/ffdd/sgo-2021-01/Archive-2021-2025/SGO-2021-01_Incident_Reports_ADS.csv,Yes
30270-8605,1,b49f2ebdba44267,AUG-2024,No Deployment Reported,No,No,https://static.nhtsa.gov/odi/ffdd/sgo-2021-01/Archive-2021-2025/SGO-2021-01_Incident_Reports_ADS.csv,Yes
30270-8606,1,05400f054639ab4,AUG-2024,No Deployment Reported,No,No,https://static.nhtsa.gov/odi/ffdd/sgo-2021-01/Archive-2021-2025/SGO-2021-01_Incident_Reports_ADS.csv,Yes
30270-8607,1,d9055ac7ecd8320,AUG-2024,No Deployment Reported,No,No,https://static.nhtsa.gov/odi/ffdd/sgo-2021-01/Archive-2021-2025/SGO-2021-01_Incident_Reports_ADS.csv,Yes
30270-8608,1,de46b02d08252ae,AUG-2024,No Deployment Reported,No,No,https://static.nhtsa.gov/odi/ffdd/sgo-2021-01/Archive-2021-2025/SGO-2021-01_Incident_Reports_ADS.csv,Yes
30270-8610,1,a95fa4a5e326ae5,AUG-2024,No Deployment Reported,No,No,https://static.nhtsa.gov/odi/ffdd/sgo-2021-01/Archive-2021-2025/SGO-2021-01_Incident_Reports_ADS.csv,Yes
30270-8612,1,0df23a575e9e4fc,AUG-2024,No Deployment Reported,No,Not Applicable,https://static.nhtsa.gov/odi/ffdd/sgo-2021-01/Archive-2021-2025/SGO-2021-01_Incident_Reports_ADS.csv,Yes
30270-8614,1,aa353310a33298a,AUG-2024,No Deployment Reported,No,No,https://static.nhtsa.gov/odi/ffdd/sgo-2021-01/Archive-2021-2025/SGO-2021-01_Incident_Reports_ADS.csv,Yes
30270-8615,1,62ef06dc892e5a3,AUG-2024,No Deployment Reported,No,No,https://static.nhtsa.gov/odi/ffdd/sgo-2021-01/Archive-2021-2025/SGO-2021-01_Incident_Reports_ADS.csv,Yes
30270-8616,1,cf999e76768d191,AUG-2024,No Deployment Reported,No,No,https://static.nhtsa.gov/odi/ffdd/sgo-2021-01/Archive-2021-2025/SGO-2021-01_Incident_Reports_ADS.csv,Yes
30270-8617,1,92e6a0c70eadf8b,AUG-2024,No Deployment Reported,No,No,https://static.nhtsa.gov/odi/ffdd/sgo-2021-01/Archive-2021-2025/SGO-2021-01_Incident_Reports_ADS.csv,Yes
30270-8618,1,743a6c677a3a6f2,AUG-2024,No Deployment Reported,No,No,https://static.nhtsa.gov/odi/ffdd/sgo-2021-01/Archive-2021-2025/SGO-2021-01_Incident_Reports_ADS.csv,Yes
30270-8619,1,e0c5c77ad2a2c50,AUG-2024,No Deployment Reported,No,No,https://static.nhtsa.gov/odi/ffdd/sgo-2021-01/Archive-2021-2025/SGO-2021-01_Incident_Reports_ADS.csv,Yes
30270-8620,1,705af0c07826a64,AUG-2024,No Deployment Reported,No,No,https://static.nhtsa.gov/odi/ffdd/sgo-2021-01/Archive-2021-2025/SGO-2021-01_Incident_Reports_ADS.csv,Yes
30270-8621,1,33ab63487102c6a,AUG-2024,No Deployment Reported,No,No,https://static.nhtsa.gov/odi/ffdd/sgo-2021-01/Archive-2021-2025/SGO-2021-01_Incident_Reports_ADS.csv,Yes
30270-8622,1,c82737ce9140d5e,AUG-2024,No Deployment Reported,No,No,https://static.nhtsa.gov/odi/ffdd/sgo-2021-01/Archive-2021-2025/SGO-2021-01_Incident_Reports_ADS.csv,Yes
30270-8623,1,315d56d8e94a952,AUG-2024,No Deployment Reported,No,No,https://static.nhtsa.gov/odi/ffdd/sgo-2021-01/Archive-2021-2025/SGO-2021-01_Incident_Reports_ADS.csv,Yes
30270-8624,1,6b6d4cd8eee344d,AUG-2024,Unknown,No,,https://static.nhtsa.gov/odi/ffdd/sgo-2021-01/Archive-2021-2025/SGO-2021-01_Incident_Reports_ADS.csv,Yes
30270-8625,1,ed90a2780572f50,AUG-2024,No Deployment Reported,No,No,https://static.nhtsa.gov/odi/ffdd/sgo-2021-01/Archive-2021-2025/SGO-2021-01_Incident_Reports_ADS.csv,Yes
30270-8626,1,61933601d199eeb,AUG-2024,No Deployment Reported,No,No,https://static.nhtsa.gov/odi/ffdd/sgo-2021-01/Archive-2021-2025/SGO-2021-01_Incident_Reports_ADS.csv,Yes
30270-8627,1,dcbe1bea0b66e11,AUG-2024,No Deployment Reported,No,No,https://static.nhtsa.gov/odi/ffdd/sgo-2021-01/Archive-2021-2025/SGO-2021-01_Incident_Reports_ADS.csv,Yes
30270-8629,1,2c64f8b5a7ca81d,AUG-2024,No Deployment Reported,No,No,https://static.nhtsa.gov/odi/ffdd/sgo-2021-01/Archive-2021-2025/SGO-2021-01_Incident_Reports_ADS.csv,Yes
30270-8630,1,a57674ca04113a9,AUG-2024,No Deployment Reported,No,No,https://static.nhtsa.gov/odi/ffdd/sgo-2021-01/Archive-2021-2025/SGO-2021-01_Incident_Reports_ADS.csv,Yes
30270-8631,1,3351cd9a8406d4b,AUG-2024,No Deployment Reported,No,No,https://static.nhtsa.gov/odi/ffdd/sgo-2021-01/Archive-2021-2025/SGO-2021-01_Incident_Reports_ADS.csv,Yes
30270-8632,2,8b14fdebdb542b9,AUG-2024,Unknown,No,,https://static.nhtsa.gov/odi/ffdd/sgo-2021-01/Archive-2021-2025/SGO-2021-01_Incident_Reports_ADS.csv,Yes
30270-8633,1,9dfb44fc01a3f64,AUG-2024,No Deployment Reported,No,No,https://static.nhtsa.gov/odi/ffdd/sgo-2021-01/Archive-2021-2025/SGO-2021-01_Incident_Reports_ADS.csv,Yes
30270-8634,1,29ac37a011bd876,JUN-2024,No Deployment Reported,No,Not Applicable,https://static.nhtsa.gov/odi/ffdd/sgo-2021-01/Archive-2021-2025/SGO-2021-01_Incident_Reports_ADS.csv,Yes
30270-8639,1,b8ecd318f0d79b8,SEP-2024,No Deployment Reported,No,No,https://static.nhtsa.gov/odi/ffdd/sgo-2021-01/Archive-2021-2025/SGO-2021-01_Incident_Reports_ADS.csv,Yes
30270-8661,1,38f537fd57ac865,SEP-2024,No Deployment Reported,No,Not Applicable,https://static.nhtsa.gov/odi/ffdd/sgo-2021-01/Archive-2021-2025/SGO-2021-01_Incident_Reports_ADS.csv,Yes
30270-8673,2,607fae3e1f8ca19,SEP-2024,No Deployment Reported,No,No,https://static.nhtsa.gov/odi/ffdd/sgo-2021-01/Archive-2021-2025/SGO-2021-01_Incident_Reports_ADS.csv,Yes
30270-8685,2,df322c129346f66,SEP-2024,Unknown,No,,https://static.nhtsa.gov/odi/ffdd/sgo-2021-01/Archive-2021-2025/SGO-2021-01_Incident_Reports_ADS.csv,Yes
30270-8687,1,ed1e98a150df5af,SEP-2024,No Deployment Reported,No,No,https://static.nhtsa.gov/odi/ffdd/sgo-2021-01/Archive-2021-2025/SGO-2021-01_Incident_Reports_ADS.csv,Yes
30270-8750,1,9f1b4a155b58211,SEP-2024,Deployed,Yes,Yes,https://static.nhtsa.gov/odi/ffdd/sgo-2021-01/Archive-2021-2025/SGO-2021-01_Incident_Reports_ADS.csv,Yes
30270-8760,1,d19af670c688241,SEP-2024,No Deployment Reported,No,No,https://static.nhtsa.gov/odi/ffdd/sgo-2021-01/Archive-2021-2025/SGO-2021-01_Incident_Reports_ADS.csv,Yes
30270-8769,1,fd33b37b7e1cb0f,OCT-2024,No Deployment Reported,No,No,https://static.nhtsa.gov/odi/ffdd/sgo-2021-01/Archive-2021-2025/SGO-2021-01_Incident_Reports_ADS.csv,Yes
30270-8781,1,8cee75711cb9227,OCT-2024,No Deployment Reported,No,No,https://static.nhtsa.gov/odi/ffdd/sgo-2021-01/Archive-2021-2025/SGO-2021-01_Incident_Reports_ADS.csv,Yes
30270-8793,1,9a38526528986a1,OCT-2024,No Deployment Reported,No,No,https://static.nhtsa.gov/odi/ffdd/sgo-2021-01/Archive-2021-2025/SGO-2021-01_Incident_Reports_ADS.csv,Yes
30270-8794,1,78937cb7eee0b77,OCT-2024,Deployed,No,Yes,https://static.nhtsa.gov/odi/ffdd/sgo-2021-01/Archive-2021-2025/SGO-2021-01_Incident_Reports_ADS.csv,Yes
30270-8809,1,91efef66b8dc417,SEP-2024,Unknown,No,,https://static.nhtsa.gov/odi/ffdd/sgo-2021-01/Archive-2021-2025/SGO-2021-01_Incident_Reports_ADS.csv,Yes
30270-8822,1,b44d737d8566e73,SEP-2024,No Deployment Reported,No,No,https://static.nhtsa.gov/odi/ffdd/sgo-2021-01/Archive-2021-2025/SGO-2021-01_Incident_Reports_ADS.csv,Yes
30270-8823,2,0840f6bd96c46ca,SEP-2024,No Deployment Reported,No,No,https://static.nhtsa.gov/odi/ffdd/sgo-2021-01/Archive-2021-2025/SGO-2021-01_Incident_Reports_ADS.csv,Yes
30270-8826,1,550765aae519cfb,SEP-2024,No Deployment Reported,No,No,https://static.nhtsa.gov/odi/ffdd/sgo-2021-01/Archive-2021-2025/SGO-2021-01_Incident_Reports_ADS.csv,Yes
30270-8827,2,bfc20629d54eae2,SEP-2024,No Deployment Reported,No,No,https://static.nhtsa.gov/odi/ffdd/sgo-2021-01/Archive-2021-2025/SGO-2021-01_Incident_Reports_ADS.csv,Yes
30270-8828,2,17a0138cad77b88,SEP-2024,No Deployment Reported,No,No,https://static.nhtsa.gov/odi/ffdd/sgo-2021-01/Archive-2021-2025/SGO-2021-01_Incident_Reports_ADS.csv,Yes
30270-8832,2,7b4715420d002e8,SEP-2024,No Deployment Reported,No,Not Applicable,https://static.nhtsa.gov/odi/ffdd/sgo-2021-01/Archive-2021-2025/SGO-2021-01_Incident_Reports_ADS.csv,Yes
30270-8833,1,19ab715fdd203b2,SEP-2024,No Deployment Reported,No,No,https://static.nhtsa.gov/odi/ffdd/sgo-2021-01/Archive-2021-2025/SGO-2021-01_Incident_Reports_ADS.csv,Yes
30270-8835,1,8228f96f31cd43d,SEP-2024,No Deployment Reported,No,No,https://static.nhtsa.gov/odi/ffdd/sgo-2021-01/Archive-2021-2025/SGO-2021-01_Incident_Reports_ADS.csv,Yes
30270-8842,2,d81c6a7d3c2f7e9,SEP-2024,No Deployment Reported,No,No,https://static.nhtsa.gov/odi/ffdd/sgo-2021-01/Archive-2021-2025/SGO-2021-01_Incident_Reports_ADS.csv,Yes
30270-8844,1,67c32c9afb85965,SEP-2024,No Deployment Reported,No,No,https://static.nhtsa.gov/odi/ffdd/sgo-2021-01/Archive-2021-2025/SGO-2021-01_Incident_Reports_ADS.csv,Yes
30270-8849,1,fb2544818a66537,SEP-2024,No Deployment Reported,No,No,https://static.nhtsa.gov/odi/ffdd/sgo-2021-01/Archive-2021-2025/SGO-2021-01_Incident_Reports_ADS.csv,Yes
30270-8851,2,dcae9422f8bb3d2,SEP-2024,No Deployment Reported,No,No,https://static.nhtsa.gov/odi/ffdd/sgo-2021-01/Archive-2021-2025/SGO-2021-01_Incident_Reports_ADS.csv,Yes
30270-8856,1,7d74fdd0779d0af,SEP-2024,No Deployment Reported,No,No,https://static.nhtsa.gov/odi/ffdd/sgo-2021-01/Archive-2021-2025/SGO-2021-01_Incident_Reports_ADS.csv,Yes
30270-8857,1,1b7cf4c624c3405,SEP-2024,No Deployment Reported,No,No,https://static.nhtsa.gov/odi/ffdd/sgo-2021-01/Archive-2021-2025/SGO-2021-01_Incident_Reports_ADS.csv,Yes
30270-8858,1,8437c7bbecbfd81,SEP-2024,No Deployment Reported,No,No,https://static.nhtsa.gov/odi/ffdd/sgo-2021-01/Archive-2021-2025/SGO-2021-01_Incident_Reports_ADS.csv,Yes
30270-8859,1,3b07164f997b49e,SEP-2024,No Deployment Reported,No,No,https://static.nhtsa.gov/odi/ffdd/sgo-2021-01/Archive-2021-2025/SGO-2021-01_Incident_Reports_ADS.csv,Yes
30270-8863,1,c91c64b514e62f5,SEP-2024,No Deployment Reported,No,No,https://static.nhtsa.gov/odi/ffdd/sgo-2021-01/Archive-2021-2025/SGO-2021-01_Incident_Reports_ADS.csv,Yes
30270-8868,1,18a593a7df9dace,SEP-2024,No Deployment Reported,No,No,https://static.nhtsa.gov/odi/ffdd/sgo-2021-01/Archive-2021-2025/SGO-2021-01_Incident_Reports_ADS.csv,Yes
30270-8869,1,40b38f5b0665ba7,SEP-2024,No Deployment Reported,No,No,https://static.nhtsa.gov/odi/ffdd/sgo-2021-01/Archive-2021-2025/SGO-2021-01_Incident_Reports_ADS.csv,Yes
30270-8870,2,9661d6d11d94734,SEP-2024,No Deployment Reported,No,No,https://static.nhtsa.gov/odi/ffdd/sgo-2021-01/Archive-2021-2025/SGO-2021-01_Incident_Reports_ADS.csv,Yes
30270-8871,2,293ddf14bace8f9,SEP-2024,No Deployment Reported,No,No,https://static.nhtsa.gov/odi/ffdd/sgo-2021-01/Archive-2021-2025/SGO-2021-01_Incident_Reports_ADS.csv,Yes
30270-8873,2,b9c4ac3757b3fa1,SEP-2024,No Deployment Reported,No,No,https://static.nhtsa.gov/odi/ffdd/sgo-2021-01/Archive-2021-2025/SGO-2021-01_Incident_Reports_ADS.csv,Yes
30270-8875,1,de321c956ec5a61,SEP-2024,No Deployment Reported,No,No,https://static.nhtsa.gov/odi/ffdd/sgo-2021-01/Archive-2021-2025/SGO-2021-01_Incident_Reports_ADS.csv,Yes
30270-8876,1,2c55dc79d01a218,SEP-2024,No Deployment Reported,No,No,https://static.nhtsa.gov/odi/ffdd/sgo-2021-01/Archive-2021-2025/SGO-2021-01_Incident_Reports_ADS.csv,Yes
30270-8877,1,15a0aa27e76139f,SEP-2024,No Deployment Reported,No,No,https://static.nhtsa.gov/odi/ffdd/sgo-2021-01/Archive-2021-2025/SGO-2021-01_Incident_Reports_ADS.csv,Yes
30270-8878,1,3c8331623772513,SEP-2024,No Deployment Reported,No,No,https://static.nhtsa.gov/odi/ffdd/sgo-2021-01/Archive-2021-2025/SGO-2021-01_Incident_Reports_ADS.csv,Yes
30270-8880,1,d03b4dcbf3cd3bd,SEP-2024,No Deployment Reported,No,No,https://static.nhtsa.gov/odi/ffdd/sgo-2021-01/Archive-2021-2025/SGO-2021-01_Incident_Reports_ADS.csv,Yes
30270-8881,1,5ddb21b77d7eb02,SEP-2024,No Deployment Reported,No,No,https://static.nhtsa.gov/odi/ffdd/sgo-2021-01/Archive-2021-2025/SGO-2021-01_Incident_Reports_ADS.csv,Yes
30270-8882,1,0d76f1116bc1065,SEP-2024,No Deployment Reported,No,No,https://static.nhtsa.gov/odi/ffdd/sgo-2021-01/Archive-2021-2025/SGO-2021-01_Incident_Reports_ADS.csv,Yes
30270-8883,1,1c682da2746b2c4,SEP-2024,No Deployment Reported,No,No,https://static.nhtsa.gov/odi/ffdd/sgo-2021-01/Archive-2021-2025/SGO-2021-01_Incident_Reports_ADS.csv,Yes
30270-8884,1,365f94d24227920,SEP-2024,No Deployment Reported,No,No,https://static.nhtsa.gov/odi/ffdd/sgo-2021-01/Archive-2021-2025/SGO-2021-01_Incident_Reports_ADS.csv,Yes
30270-8885,1,e1f17288c6c20ca,SEP-2024,No Deployment Reported,No,No,https://static.nhtsa.gov/odi/ffdd/sgo-2021-01/Archive-2021-2025/SGO-2021-01_Incident_Reports_ADS.csv,Yes
30270-8886,1,30c2487fa6ae1cb,SEP-2024,No Deployment Reported,No,No,https://static.nhtsa.gov/odi/ffdd/sgo-2021-01/Archive-2021-2025/SGO-2021-01_Incident_Reports_ADS.csv,Yes
30270-8887,1,406e173fd8a7b3b,SEP-2024,No Deployment Reported,No,No,https://static.nhtsa.gov/odi/ffdd/sgo-2021-01/Archive-2021-2025/SGO-2021-01_Incident_Reports_ADS.csv,Yes
30270-8888,1,f1f769709b16a09,SEP-2024,No Deployment Reported,No,No,https://static.nhtsa.gov/odi/ffdd/sgo-2021-01/Archive-2021-2025/SGO-2021-01_Incident_Reports_ADS.csv,Yes
30270-8889,1,1ab108e2dabaab4,SEP-2024,No Deployment Reported,No,No,https://static.nhtsa.gov/odi/ffdd/sgo-2021-01/Archive-2021-2025/SGO-2021-01_Incident_Reports_ADS.csv,Yes
30270-8890,1,1a87dbc84bf780c,SEP-2024,No Deployment Reported,No,No,https://static.nhtsa.gov/odi/ffdd/sgo-2021-01/Archive-2021-2025/SGO-2021-01_Incident_Reports_ADS.csv,Yes
30270-8891,1,4690361713b03eb,SEP-2024,No Deployment Reported,No,No,https://static.nhtsa.gov/odi/ffdd/sgo-2021-01/Archive-2021-2025/SGO-2021-01_Incident_Reports_ADS.csv,Yes
30270-8892,1,68e0af637b798df,SEP-2024,No Deployment Reported,No,No,https://static.nhtsa.gov/odi/ffdd/sgo-2021-01/Archive-2021-2025/SGO-2021-01_Incident_Reports_ADS.csv,Yes
30270-8908,1,f868890e4cda7fe,OCT-2024,No Deployment Reported,No,No,https://static.nhtsa.gov/odi/ffdd/sgo-2021-01/Archive-2021-2025/SGO-2021-01_Incident_Reports_ADS.csv,Yes
30270-8915,1,7759f3dd1772fd8,OCT-2024,No Deployment Reported,No,No,https://static.nhtsa.gov/odi/ffdd/sgo-2021-01/Archive-2021-2025/SGO-2021-01_Incident_Reports_ADS.csv,Yes
30270-8919,1,ecc8371e01450b8,OCT-2024,No Deployment Reported,No,No,https://static.nhtsa.gov/odi/ffdd/sgo-2021-01/Archive-2021-2025/SGO-2021-01_Incident_Reports_ADS.csv,Yes
30270-8927,1,f615c017d4c3424,OCT-2024,No Deployment Reported,No,No,https://static.nhtsa.gov/odi/ffdd/sgo-2021-01/Archive-2021-2025/SGO-2021-01_Incident_Reports_ADS.csv,Yes
30270-8929,1,7360347cc3d1693,OCT-2024,No Deployment Reported,No,No,https://static.nhtsa.gov/odi/ffdd/sgo-2021-01/Archive-2021-2025/SGO-2021-01_Incident_Reports_ADS.csv,Yes
30270-8933,1,083988c1ea33958,OCT-2024,No Deployment Reported,No,No,https://static.nhtsa.gov/odi/ffdd/sgo-2021-01/Archive-2021-2025/SGO-2021-01_Incident_Reports_ADS.csv,Yes
30270-8940,3,5495e0dccac8dca,OCT-2024,No Deployment Reported,No,No,https://static.nhtsa.gov/odi/ffdd/sgo-2021-01/Archive-2021-2025/SGO-2021-01_Incident_Reports_ADS.csv,Yes
30270-8941,1,03b95c1cf4c1985,OCT-2024,No Deployment Reported,No,No,https://static.nhtsa.gov/odi/ffdd/sgo-2021-01/Archive-2021-2025/SGO-2021-01_Incident_Reports_ADS.csv,Yes
30270-8943,1,144c52c5ef2a2ee,OCT-2024,No Deployment Reported,No,No,https://static.nhtsa.gov/odi/ffdd/sgo-2021-01/Archive-2021-2025/SGO-2021-01_Incident_Reports_ADS.csv,Yes
30270-8947,1,d985331ad732285,OCT-2024,No Deployment Reported,No,No,https://static.nhtsa.gov/odi/ffdd/sgo-2021-01/Archive-2021-2025/SGO-2021-01_Incident_Reports_ADS.csv,Yes
30270-8966,1,acfaefbc0abe2a9,OCT-2024,No Deployment Reported,No,No,https://static.nhtsa.gov/odi/ffdd/sgo-2021-01/Archive-2021-2025/SGO-2021-01_Incident_Reports_ADS.csv,Yes
30270-8968,2,2abc9b4faef00d9,OCT-2024,No Deployment Reported,No,No,https://static.nhtsa.gov/odi/ffdd/sgo-2021-01/Archive-2021-2025/SGO-2021-01_Incident_Reports_ADS.csv,Yes
30270-8979,3,312ced3d6dc57f8,OCT-2024,No Deployment Reported,No,No,https://static.nhtsa.gov/odi/ffdd/sgo-2021-01/Archive-2021-2025/SGO-2021-01_Incident_Reports_ADS.csv,Yes
30270-8982,2,1f2bee64088ae54,OCT-2024,No Deployment Reported,No,No,https://static.nhtsa.gov/odi/ffdd/sgo-2021-01/Archive-2021-2025/SGO-2021-01_Incident_Reports_ADS.csv,Yes
30270-9004,1,0afbe0209c6ceb2,OCT-2024,No Deployment Reported,No,No,https://static.nhtsa.gov/odi/ffdd/sgo-2021-01/Archive-2021-2025/SGO-2021-01_Incident_Reports_ADS.csv,Yes
30270-9013,1,bc48a1958207dc5,OCT-2024,No Deployment Reported,No,No,https://static.nhtsa.gov/odi/ffdd/sgo-2021-01/Archive-2021-2025/SGO-2021-01_Incident_Reports_ADS.csv,Yes
30270-9014,2,d86b5e4edebab1b,OCT-2024,No Deployment Reported,No,No,https://static.nhtsa.gov/odi/ffdd/sgo-2021-01/Archive-2021-2025/SGO-2021-01_Incident_Reports_ADS.csv,Yes
30270-9015,2,7ba50d95e189af8,NOV-2024,Unknown,No,,https://static.nhtsa.gov/odi/ffdd/sgo-2021-01/Archive-2021-2025/SGO-2021-01_Incident_Reports_ADS.csv,Yes
30270-9039,2,f54df4d20d34fd6,NOV-2024,No Deployment Reported,No,No,https://static.nhtsa.gov/odi/ffdd/sgo-2021-01/Archive-2021-2025/SGO-2021-01_Incident_Reports_ADS.csv,Yes
30270-9059,2,cfa9cbb0323fac7,NOV-2024,No Deployment Reported,No,No,https://static.nhtsa.gov/odi/ffdd/sgo-2021-01/Archive-2021-2025/SGO-2021-01_Incident_Reports_ADS.csv,Yes
30270-9060,1,b18bcaba77a754d,NOV-2024,Deployed,No,Yes,https://static.nhtsa.gov/odi/ffdd/sgo-2021-01/Archive-2021-2025/SGO-2021-01_Incident_Reports_ADS.csv,Yes
30270-9061,1,3c898937838a65b,NOV-2024,No Deployment Reported,No,No,https://static.nhtsa.gov/odi/ffdd/sgo-2021-01/Archive-2021-2025/SGO-2021-01_Incident_Reports_ADS.csv,Yes
30270-9081,2,5a181df177ae967,NOV-2024,No Deployment Reported,No,No,https://static.nhtsa.gov/odi/ffdd/sgo-2021-01/Archive-2021-2025/SGO-2021-01_Incident_Reports_ADS.csv,Yes
30270-9082,1,d0a96ec36eb04a6,NOV-2024,No Deployment Reported,No,Not Applicable,https://static.nhtsa.gov/odi/ffdd/sgo-2021-01/Archive-2021-2025/SGO-2021-01_Incident_Reports_ADS.csv,Yes
30270-9097,1,1943991c8c4e1e9,OCT-2024,No Deployment Reported,No,No,https://static.nhtsa.gov/odi/ffdd/sgo-2021-01/Archive-2021-2025/SGO-2021-01_Incident_Reports_ADS.csv,Yes
30270-9098,1,3d916b63bbc2e6d,OCT-2024,No Deployment Reported,No,No,https://static.nhtsa.gov/odi/ffdd/sgo-2021-01/Archive-2021-2025/SGO-2021-01_Incident_Reports_ADS.csv,Yes
30270-9099,1,c26aa8dbe1df084,OCT-2024,No Deployment Reported,No,No,https://static.nhtsa.gov/odi/ffdd/sgo-2021-01/Archive-2021-2025/SGO-2021-01_Incident_Reports_ADS.csv,Yes
30270-9100,1,f5e9cbd9caedfc5,OCT-2024,No Deployment Reported,No,No,https://static.nhtsa.gov/odi/ffdd/sgo-2021-01/Archive-2021-2025/SGO-2021-01_Incident_Reports_ADS.csv,Yes
30270-9103,1,2a34f66d2a51ccb,OCT-2024,No Deployment Reported,No,No,https://static.nhtsa.gov/odi/ffdd/sgo-2021-01/Archive-2021-2025/SGO-2021-01_Incident_Reports_ADS.csv,Yes
30270-9107,2,49ac33f9d2672e8,OCT-2024,No Deployment Reported,No,No,https://static.nhtsa.gov/odi/ffdd/sgo-2021-01/Archive-2021-2025/SGO-2021-01_Incident_Reports_ADS.csv,Yes
30270-9110,2,12cf8b6660b49bc,OCT-2024,No Deployment Reported,No,No,https://static.nhtsa.gov/odi/ffdd/sgo-2021-01/Archive-2021-2025/SGO-2021-01_Incident_Reports_ADS.csv,Yes
30270-9111,1,3404f70013700b9,OCT-2024,No Deployment Reported,No,No,https://static.nhtsa.gov/odi/ffdd/sgo-2021-01/Archive-2021-2025/SGO-2021-01_Incident_Reports_ADS.csv,Yes
30270-9112,1,498f8f9667fb6da,OCT-2024,No Deployment Reported,No,No,https://static.nhtsa.gov/odi/ffdd/sgo-2021-01/Archive-2021-2025/SGO-2021-01_Incident_Reports_ADS.csv,Yes
30270-9115,1,7862f7345d6ed3e,OCT-2024,No Deployment Reported,No,No,https://static.nhtsa.gov/odi/ffdd/sgo-2021-01/Archive-2021-2025/SGO-2021-01_Incident_Reports_ADS.csv,Yes
30270-9116,1,0b3ca1927d60743,OCT-2024,No Deployment Reported,No,No,https://static.nhtsa.gov/odi/ffdd/sgo-2021-01/Archive-2021-2025/SGO-2021-01_Incident_Reports_ADS.csv,Yes
30270-9123,1,917c2fcaf5fec83,OCT-2024,No Deployment Reported,No,No,https://static.nhtsa.gov/odi/ffdd/sgo-2021-01/Archive-2021-2025/SGO-2021-01_Incident_Reports_ADS.csv,Yes
30270-9125,1,d84a74415abe495,OCT-2024,No Deployment Reported,No,No,https://static.nhtsa.gov/odi/ffdd/sgo-2021-01/Archive-2021-2025/SGO-2021-01_Incident_Reports_ADS.csv,Yes
30270-9126,1,e54992c01abf95d,OCT-2024,No Deployment Reported,No,Not Applicable,https://static.nhtsa.gov/odi/ffdd/sgo-2021-01/Archive-2021-2025/SGO-2021-01_Incident_Reports_ADS.csv,Yes
30270-9127,1,d501e7edc4b411b,OCT-2024,No Deployment Reported,No,No,https://static.nhtsa.gov/odi/ffdd/sgo-2021-01/Archive-2021-2025/SGO-2021-01_Incident_Reports_ADS.csv,Yes
30270-9140,1,98ebb610c5d4696,OCT-2024,No Deployment Reported,No,No,https://static.nhtsa.gov/odi/ffdd/sgo-2021-01/Archive-2021-2025/SGO-2021-01_Incident_Reports_ADS.csv,Yes
30270-9141,1,93e8f390b0af7bc,OCT-2024,No Deployment Reported,No,No,https://static.nhtsa.gov/odi/ffdd/sgo-2021-01/Archive-2021-2025/SGO-2021-01_Incident_Reports_ADS.csv,Yes
30270-9156,1,9d4d9db5fcf01ef,NOV-2024,Deployed,No,Yes,https://static.nhtsa.gov/odi/ffdd/sgo-2021-01/Archive-2021-2025/SGO-2021-01_Incident_Reports_ADS.csv,Yes
30270-9167,1,99b93d3b166fa30,NOV-2024,No Deployment Reported,No,No,https://static.nhtsa.gov/odi/ffdd/sgo-2021-01/Archive-2021-2025/SGO-2021-01_Incident_Reports_ADS.csv,Yes
30270-9169,1,a0818b37309e9c3,FEB-2024,Unknown,No,,https://static.nhtsa.gov/odi/ffdd/sgo-2021-01/Archive-2021-2025/SGO-2021-01_Incident_Reports_ADS.csv,Yes
30270-9170,1,0cc12230f0d8e74,NOV-2024,No Deployment Reported,No,No,https://static.nhtsa.gov/odi/ffdd/sgo-2021-01/Archive-2021-2025/SGO-2021-01_Incident_Reports_ADS.csv,Yes
30270-9171,1,b705a460b540023,OCT-2024,No Deployment Reported,No,No,https://static.nhtsa.gov/odi/ffdd/sgo-2021-01/Archive-2021-2025/SGO-2021-01_Incident_Reports_ADS.csv,Yes
30270-9172,1,c362e6f27301e05,OCT-2024,No Deployment Reported,No,No,https://static.nhtsa.gov/odi/ffdd/sgo-2021-01/Archive-2021-2025/SGO-2021-01_Incident_Reports_ADS.csv,Yes
30270-9173,1,965e0e83c0b1517,OCT-2024,No Deployment Reported,No,No,https://static.nhtsa.gov/odi/ffdd/sgo-2021-01/Archive-2021-2025/SGO-2021-01_Incident_Reports_ADS.csv,Yes
30270-9175,1,9600255bf152048,OCT-2024,No Deployment Reported,No,No,https://static.nhtsa.gov/odi/ffdd/sgo-2021-01/Archive-2021-2025/SGO-2021-01_Incident_Reports_ADS.csv,Yes
30270-9176,1,970d86ec5425b21,OCT-2024,No Deployment Reported,No,No,https://static.nhtsa.gov/odi/ffdd/sgo-2021-01/Archive-2021-2025/SGO-2021-01_Incident_Reports_ADS.csv,Yes
30270-9177,1,240a151c45d4bda,OCT-2024,Unknown,No,,https://static.nhtsa.gov/odi/ffdd/sgo-2021-01/Archive-2021-2025/SGO-2021-01_Incident_Reports_ADS.csv,Yes
30270-9178,1,b4d5ad3588b0d05,OCT-2024,No Deployment Reported,No,No,https://static.nhtsa.gov/odi/ffdd/sgo-2021-01/Archive-2021-2025/SGO-2021-01_Incident_Reports_ADS.csv,Yes
30270-9179,1,c24139a7601a604,OCT-2024,No Deployment Reported,No,No,https://static.nhtsa.gov/odi/ffdd/sgo-2021-01/Archive-2021-2025/SGO-2021-01_Incident_Reports_ADS.csv,Yes
30270-9180,1,fee5201a113cebe,OCT-2024,No Deployment Reported,No,No,https://static.nhtsa.gov/odi/ffdd/sgo-2021-01/Archive-2021-2025/SGO-2021-01_Incident_Reports_ADS.csv,Yes
30270-9181,1,28d75280cb0cda6,OCT-2024,No Deployment Reported,No,No,https://static.nhtsa.gov/odi/ffdd/sgo-2021-01/Archive-2021-2025/SGO-2021-01_Incident_Reports_ADS.csv,Yes
30270-9182,1,fde7a6f2f67092e,OCT-2024,No Deployment Reported,No,No,https://static.nhtsa.gov/odi/ffdd/sgo-2021-01/Archive-2021-2025/SGO-2021-01_Incident_Reports_ADS.csv,Yes
30270-9183,1,83f223e7f8775af,OCT-2024,No Deployment Reported,No,No,https://static.nhtsa.gov/odi/ffdd/sgo-2021-01/Archive-2021-2025/SGO-2021-01_Incident_Reports_ADS.csv,Yes
30270-9184,1,7a84cfa4ce4d3a5,OCT-2024,No Deployment Reported,No,No,https://static.nhtsa.gov/odi/ffdd/sgo-2021-01/Archive-2021-2025/SGO-2021-01_Incident_Reports_ADS.csv,Yes
30270-9185,1,82df85a5a4a3bef,OCT-2024,No Deployment Reported,No,No,https://static.nhtsa.gov/odi/ffdd/sgo-2021-01/Archive-2021-2025/SGO-2021-01_Incident_Reports_ADS.csv,Yes
30270-9186,1,9c8f0e8f37ada10,OCT-2024,No Deployment Reported,No,No,https://static.nhtsa.gov/odi/ffdd/sgo-2021-01/Archive-2021-2025/SGO-2021-01_Incident_Reports_ADS.csv,Yes
30270-9187,1,a85bce110d12bb8,OCT-2024,No Deployment Reported,No,No,https://static.nhtsa.gov/odi/ffdd/sgo-2021-01/Archive-2021-2025/SGO-2021-01_Incident_Reports_ADS.csv,Yes
30270-9188,1,b04a870b2f0c106,OCT-2024,No Deployment Reported,No,No,https://static.nhtsa.gov/odi/ffdd/sgo-2021-01/Archive-2021-2025/SGO-2021-01_Incident_Reports_ADS.csv,Yes
30270-9189,1,7c2668762eb5efa,OCT-2024,No Deployment Reported,No,No,https://static.nhtsa.gov/odi/ffdd/sgo-2021-01/Archive-2021-2025/SGO-2021-01_Incident_Reports_ADS.csv,Yes
30270-9190,1,8783e36771c184b,OCT-2024,No Deployment Reported,No,No,https://static.nhtsa.gov/odi/ffdd/sgo-2021-01/Archive-2021-2025/SGO-2021-01_Incident_Reports_ADS.csv,Yes
30270-9191,1,2540f0ae9da3f1a,OCT-2024,No Deployment Reported,No,No,https://static.nhtsa.gov/odi/ffdd/sgo-2021-01/Archive-2021-2025/SGO-2021-01_Incident_Reports_ADS.csv,Yes
30270-9192,1,40a190672b5a3d9,APR-2024,Unknown,No,,https://static.nhtsa.gov/odi/ffdd/sgo-2021-01/Archive-2021-2025/SGO-2021-01_Incident_Reports_ADS.csv,Yes
30270-9194,2,aeec48f6c0c7d94,NOV-2024,No Deployment Reported,No,No,https://static.nhtsa.gov/odi/ffdd/sgo-2021-01/Archive-2021-2025/SGO-2021-01_Incident_Reports_ADS.csv,Yes
30270-9203,1,312e08a5035ca97,NOV-2024,No Deployment Reported,No,No,https://static.nhtsa.gov/odi/ffdd/sgo-2021-01/Archive-2021-2025/SGO-2021-01_Incident_Reports_ADS.csv,Yes
30270-9212,1,eba6b0accc8693e,NOV-2024,No Deployment Reported,No,Not Applicable,https://static.nhtsa.gov/odi/ffdd/sgo-2021-01/Archive-2021-2025/SGO-2021-01_Incident_Reports_ADS.csv,Yes
30270-9214,1,bbb0e2252e1f4dc,NOV-2024,No Deployment Reported,No,No,https://static.nhtsa.gov/odi/ffdd/sgo-2021-01/Archive-2021-2025/SGO-2021-01_Incident_Reports_ADS.csv,Yes
30270-9229,1,cab2fa2cbb583cf,NOV-2024,No Deployment Reported,No,No,https://static.nhtsa.gov/odi/ffdd/sgo-2021-01/Archive-2021-2025/SGO-2021-01_Incident_Reports_ADS.csv,Yes
30270-9230,1,04f0625614ddc1f,NOV-2024,No Deployment Reported,No,No,https://static.nhtsa.gov/odi/ffdd/sgo-2021-01/Archive-2021-2025/SGO-2021-01_Incident_Reports_ADS.csv,Yes
30270-9231,1,33a41d7fe8cb103,NOV-2024,No Deployment Reported,No,No,https://static.nhtsa.gov/odi/ffdd/sgo-2021-01/Archive-2021-2025/SGO-2021-01_Incident_Reports_ADS.csv,Yes
30270-9232,1,7e4946ffe5ce559,NOV-2024,Unknown,No,,https://static.nhtsa.gov/odi/ffdd/sgo-2021-01/Archive-2021-2025/SGO-2021-01_Incident_Reports_ADS.csv,Yes
30270-9234,2,245053e3a6a403b,NOV-2024,Unknown,No,,https://static.nhtsa.gov/odi/ffdd/sgo-2021-01/Archive-2021-2025/SGO-2021-01_Incident_Reports_ADS.csv,Yes
30270-9259,1,3aa44bb00362edf,NOV-2024,No Deployment Reported,No,No,https://static.nhtsa.gov/odi/ffdd/sgo-2021-01/Archive-2021-2025/SGO-2021-01_Incident_Reports_ADS.csv,Yes
30270-9260,1,6518cc1ad079041,NOV-2024,No Deployment Reported,No,No,https://static.nhtsa.gov/odi/ffdd/sgo-2021-01/Archive-2021-2025/SGO-2021-01_Incident_Reports_ADS.csv,Yes
30270-9269,1,98de3a7d413af67,NOV-2024,No Deployment Reported,No,No,https://static.nhtsa.gov/odi/ffdd/sgo-2021-01/Archive-2021-2025/SGO-2021-01_Incident_Reports_ADS.csv,Yes
30270-9276,2,c225db226c2ea4a,NOV-2024,No Deployment Reported,No,No,https://static.nhtsa.gov/odi/ffdd/sgo-2021-01/Archive-2021-2025/SGO-2021-01_Incident_Reports_ADS.csv,Yes
30270-9282,1,593c74a00dde78e,DEC-2024,No Deployment Reported,No,No,https://static.nhtsa.gov/odi/ffdd/sgo-2021-01/Archive-2021-2025/SGO-2021-01_Incident_Reports_ADS.csv,Yes
30270-9285,2,2480c0e06ee89ea,DEC-2024,No Deployment Reported,No,No,https://static.nhtsa.gov/odi/ffdd/sgo-2021-01/Archive-2021-2025/SGO-2021-01_Incident_Reports_ADS.csv,Yes
30270-9286,2,c48c470762385d9,DEC-2024,No Deployment Reported,No,No,https://static.nhtsa.gov/odi/ffdd/sgo-2021-01/Archive-2021-2025/SGO-2021-01_Incident_Reports_ADS.csv,Yes
30270-9287,2,0fa98029f8f1cef,DEC-2024,No Deployment Reported,No,Not Applicable,https://static.nhtsa.gov/odi/ffdd/sgo-2021-01/Archive-2021-2025/SGO-2021-01_Incident_Reports_ADS.csv,Yes
30270-9295,2,a4770372ceb27d6,DEC-2024,Unknown,No,,https://static.nhtsa.gov/odi/ffdd/sgo-2021-01/Archive-2021-2025/SGO-2021-01_Incident_Reports_ADS.csv,Yes
30270-9312,2,902679e9b0927cd,DEC-2024,Unknown,No,,https://static.nhtsa.gov/odi/ffdd/sgo-2021-01/Archive-2021-2025/SGO-2021-01_Incident_Reports_ADS.csv,Yes
30270-9326,2,fc07e1236c3e5d3,DEC-2024,No Deployment Reported,No,No,https://static.nhtsa.gov/odi/ffdd/sgo-2021-01/Archive-2021-2025/SGO-2021-01_Incident_Reports_ADS.csv,Yes
30270-9329,1,19a51639e962c66,DEC-2024,No Deployment Reported,No,No,https://static.nhtsa.gov/odi/ffdd/sgo-2021-01/Archive-2021-2025/SGO-2021-01_Incident_Reports_ADS.csv,Yes
30270-9330,1,56694f085766eda,DEC-2024,No Deployment Reported,No,No,https://static.nhtsa.gov/odi/ffdd/sgo-2021-01/Archive-2021-2025/SGO-2021-01_Incident_Reports_ADS.csv,Yes
30270-9333,1,a39c4350c3a87c8,DEC-2024,No Deployment Reported,No,No,https://static.nhtsa.gov/odi/ffdd/sgo-2021-01/Archive-2021-2025/SGO-2021-01_Incident_Reports_ADS.csv,Yes
30270-9334,2,bd466c870547afe,DEC-2024,No Deployment Reported,No,No,https://static.nhtsa.gov/odi/ffdd/sgo-2021-01/Archive-2021-2025/SGO-2021-01_Incident_Reports_ADS.csv,Yes
30270-9341,1,05eea377fd3577c,NOV-2024,No Deployment Reported,No,No,https://static.nhtsa.gov/odi/ffdd/sgo-2021-01/Archive-2021-2025/SGO-2021-01_Incident_Reports_ADS.csv,Yes
30270-9343,1,9f977db3b261187,NOV-2024,No Deployment Reported,No,No,https://static.nhtsa.gov/odi/ffdd/sgo-2021-01/Archive-2021-2025/SGO-2021-01_Incident_Reports_ADS.csv,Yes
30270-9347,1,200749add13473e,NOV-2024,No Deployment Reported,No,No,https://static.nhtsa.gov/odi/ffdd/sgo-2021-01/Archive-2021-2025/SGO-2021-01_Incident_Reports_ADS.csv,Yes
30270-9350,1,af33da497d070af,NOV-2024,No Deployment Reported,No,No,https://static.nhtsa.gov/odi/ffdd/sgo-2021-01/Archive-2021-2025/SGO-2021-01_Incident_Reports_ADS.csv,Yes
30270-9355,1,96fbb17f3aadb29,NOV-2024,No Deployment Reported,No,Not Applicable,https://static.nhtsa.gov/odi/ffdd/sgo-2021-01/Archive-2021-2025/SGO-2021-01_Incident_Reports_ADS.csv,Yes
30270-9363,1,a2d78cc6aaf202c,NOV-2024,No Deployment Reported,No,No,https://static.nhtsa.gov/odi/ffdd/sgo-2021-01/Archive-2021-2025/SGO-2021-01_Incident_Reports_ADS.csv,Yes
30270-9371,1,b0e34dbc907b2c4,NOV-2024,No Deployment Reported,No,No,https://static.nhtsa.gov/odi/ffdd/sgo-2021-01/Archive-2021-2025/SGO-2021-01_Incident_Reports_ADS.csv,Yes
30270-9372,1,ab56dca77138316,NOV-2024,No Deployment Reported,No,Not Applicable,https://static.nhtsa.gov/odi/ffdd/sgo-2021-01/Archive-2021-2025/SGO-2021-01_Incident_Reports_ADS.csv,Yes
30270-9373,1,a9a6be32fcd2e72,NOV-2024,No Deployment Reported,No,No,https://static.nhtsa.gov/odi/ffdd/sgo-2021-01/Archive-2021-2025/SGO-2021-01_Incident_Reports_ADS.csv,Yes
30270-9374,1,88fee3da7cf9b45,NOV-2024,No Deployment Reported,No,No,https://static.nhtsa.gov/odi/ffdd/sgo-2021-01/Archive-2021-2025/SGO-2021-01_Incident_Reports_ADS.csv,Yes
30270-9376,1,e5a2e417751e7a9,NOV-2024,No Deployment Reported,No,No,https://static.nhtsa.gov/odi/ffdd/sgo-2021-01/Archive-2021-2025/SGO-2021-01_Incident_Reports_ADS.csv,Yes
30270-9388,1,bf412edd8c909c1,DEC-2024,No Deployment Reported,No,No,https://static.nhtsa.gov/odi/ffdd/sgo-2021-01/Archive-2021-2025/SGO-2021-01_Incident_Reports_ADS.csv,Yes
30270-9389,1,964c14e41d84e5a,DEC-2024,No Deployment Reported,No,No,https://static.nhtsa.gov/odi/ffdd/sgo-2021-01/Archive-2021-2025/SGO-2021-01_Incident_Reports_ADS.csv,Yes
30270-9391,2,51fddeccedd918b,DEC-2024,No Deployment Reported,No,No,https://static.nhtsa.gov/odi/ffdd/sgo-2021-01/Archive-2021-2025/SGO-2021-01_Incident_Reports_ADS.csv,Yes
30270-9400,1,c131c5804d2499c,NOV-2024,No Deployment Reported,No,No,https://static.nhtsa.gov/odi/ffdd/sgo-2021-01/Archive-2021-2025/SGO-2021-01_Incident_Reports_ADS.csv,Yes
30270-9401,1,63c7bf55f1e5a60,NOV-2024,No Deployment Reported,No,No,https://static.nhtsa.gov/odi/ffdd/sgo-2021-01/Archive-2021-2025/SGO-2021-01_Incident_Reports_ADS.csv,Yes
30270-9402,1,741b347496c3d7a,NOV-2024,No Deployment Reported,No,No,https://static.nhtsa.gov/odi/ffdd/sgo-2021-01/Archive-2021-2025/SGO-2021-01_Incident_Reports_ADS.csv,Yes
30270-9403,1,39a93421ace6d3a,NOV-2024,No Deployment Reported,No,No,https://static.nhtsa.gov/odi/ffdd/sgo-2021-01/Archive-2021-2025/SGO-2021-01_Incident_Reports_ADS.csv,Yes
30270-9404,1,6bb53c674700234,NOV-2024,No Deployment Reported,No,No,https://static.nhtsa.gov/odi/ffdd/sgo-2021-01/Archive-2021-2025/SGO-2021-01_Incident_Reports_ADS.csv,Yes
30270-9405,1,af07bd240dfd82d,NOV-2024,No Deployment Reported,No,No,https://static.nhtsa.gov/odi/ffdd/sgo-2021-01/Archive-2021-2025/SGO-2021-01_Incident_Reports_ADS.csv,Yes
30270-9406,1,dbc8e046f3d8ada,NOV-2024,Unknown,No,,https://static.nhtsa.gov/odi/ffdd/sgo-2021-01/Archive-2021-2025/SGO-2021-01_Incident_Reports_ADS.csv,Yes
30270-9407,1,f53c6133138c165,NOV-2024,Deployed,Yes,Yes,https://static.nhtsa.gov/odi/ffdd/sgo-2021-01/Archive-2021-2025/SGO-2021-01_Incident_Reports_ADS.csv,Yes
30270-9408,1,76ce49ec3a7e78b,NOV-2024,No Deployment Reported,No,No,https://static.nhtsa.gov/odi/ffdd/sgo-2021-01/Archive-2021-2025/SGO-2021-01_Incident_Reports_ADS.csv,Yes
30270-9409,1,5f48e9152ed0078,NOV-2024,No Deployment Reported,No,No,https://static.nhtsa.gov/odi/ffdd/sgo-2021-01/Archive-2021-2025/SGO-2021-01_Incident_Reports_ADS.csv,Yes
30270-9410,1,f7a0ddbfdeb6188,NOV-2024,No Deployment Reported,No,Not Applicable,https://static.nhtsa.gov/odi/ffdd/sgo-2021-01/Archive-2021-2025/SGO-2021-01_Incident_Reports_ADS.csv,Yes
30270-9411,1,2086d3156e7d817,NOV-2024,No Deployment Reported,No,No,https://static.nhtsa.gov/odi/ffdd/sgo-2021-01/Archive-2021-2025/SGO-2021-01_Incident_Reports_ADS.csv,Yes
30270-9412,1,42bd8857d12bc86,NOV-2024,No Deployment Reported,No,No,https://static.nhtsa.gov/odi/ffdd/sgo-2021-01/Archive-2021-2025/SGO-2021-01_Incident_Reports_ADS.csv,Yes
30270-9413,1,3331a0e83bf5d6b,NOV-2024,No Deployment Reported,No,No,https://static.nhtsa.gov/odi/ffdd/sgo-2021-01/Archive-2021-2025/SGO-2021-01_Incident_Reports_ADS.csv,Yes
30270-9414,1,7b23fd753461e68,NOV-2024,No Deployment Reported,No,No,https://static.nhtsa.gov/odi/ffdd/sgo-2021-01/Archive-2021-2025/SGO-2021-01_Incident_Reports_ADS.csv,Yes
30270-9417,1,0785e3e49e6df60,NOV-2024,No Deployment Reported,No,No,https://static.nhtsa.gov/odi/ffdd/sgo-2021-01/Archive-2021-2025/SGO-2021-01_Incident_Reports_ADS.csv,Yes
30270-9418,1,ed5d298f9a73ee7,NOV-2024,No Deployment Reported,No,No,https://static.nhtsa.gov/odi/ffdd/sgo-2021-01/Archive-2021-2025/SGO-2021-01_Incident_Reports_ADS.csv,Yes
30270-9419,1,2caa209d0035cbf,NOV-2024,No Deployment Reported,No,No,https://static.nhtsa.gov/odi/ffdd/sgo-2021-01/Archive-2021-2025/SGO-2021-01_Incident_Reports_ADS.csv,Yes
30270-9420,1,1e65d32d7f5c338,NOV-2024,No Deployment Reported,No,No,https://static.nhtsa.gov/odi/ffdd/sgo-2021-01/Archive-2021-2025/SGO-2021-01_Incident_Reports_ADS.csv,Yes
30270-9421,1,71f056b0e3d848a,NOV-2024,No Deployment Reported,No,No,https://static.nhtsa.gov/odi/ffdd/sgo-2021-01/Archive-2021-2025/SGO-2021-01_Incident_Reports_ADS.csv,Yes
30270-9426,1,374a5d196baa2b0,NOV-2024,No Deployment Reported,No,No,https://static.nhtsa.gov/odi/ffdd/sgo-2021-01/Archive-2021-2025/SGO-2021-01_Incident_Reports_ADS.csv,Yes
30270-9427,1,629e0e574d3f7de,NOV-2024,No Deployment Reported,No,No,https://static.nhtsa.gov/odi/ffdd/sgo-2021-01/Archive-2021-2025/SGO-2021-01_Incident_Reports_ADS.csv,Yes
30270-9428,1,504836ad1f3cbe3,NOV-2024,No Deployment Reported,No,No,https://static.nhtsa.gov/odi/ffdd/sgo-2021-01/Archive-2021-2025/SGO-2021-01_Incident_Reports_ADS.csv,Yes
30270-9429,1,d5467fe65a028e3,NOV-2024,No Deployment Reported,No,No,https://static.nhtsa.gov/odi/ffdd/sgo-2021-01/Archive-2021-2025/SGO-2021-01_Incident_Reports_ADS.csv,Yes
30270-9430,1,326c05decff6b90,NOV-2024,No Deployment Reported,No,No,https://static.nhtsa.gov/odi/ffdd/sgo-2021-01/Archive-2021-2025/SGO-2021-01_Incident_Reports_ADS.csv,Yes
30270-9431,1,d52a6807444d3bf,NOV-2024,No Deployment Reported,No,No,https://static.nhtsa.gov/odi/ffdd/sgo-2021-01/Archive-2021-2025/SGO-2021-01_Incident_Reports_ADS.csv,Yes
30270-9433,1,1b0b9c7c0f0fd3e,NOV-2024,No Deployment Reported,No,No,https://static.nhtsa.gov/odi/ffdd/sgo-2021-01/Archive-2021-2025/SGO-2021-01_Incident_Reports_ADS.csv,Yes
30270-9434,1,4eaed770154b229,NOV-2024,No Deployment Reported,No,No,https://static.nhtsa.gov/odi/ffdd/sgo-2021-01/Archive-2021-2025/SGO-2021-01_Incident_Reports_ADS.csv,Yes
30270-9435,1,393c43eeb38e330,NOV-2024,No Deployment Reported,No,No,https://static.nhtsa.gov/odi/ffdd/sgo-2021-01/Archive-2021-2025/SGO-2021-01_Incident_Reports_ADS.csv,Yes
30270-9436,1,9985b6b9b21343b,NOV-2024,No Deployment Reported,No,No,https://static.nhtsa.gov/odi/ffdd/sgo-2021-01/Archive-2021-2025/SGO-2021-01_Incident_Reports_ADS.csv,Yes
30270-9437,1,ee7e9be4e651ad9,NOV-2024,No Deployment Reported,No,No,https://static.nhtsa.gov/odi/ffdd/sgo-2021-01/Archive-2021-2025/SGO-2021-01_Incident_Reports_ADS.csv,Yes
30270-9442,1,5bfbec57cba2964,NOV-2024,No Deployment Reported,No,Not Applicable,https://static.nhtsa.gov/odi/ffdd/sgo-2021-01/Archive-2021-2025/SGO-2021-01_Incident_Reports_ADS.csv,Yes
30270-9454,2,f3f7d49a496c366,DEC-2024,No Deployment Reported,No,No,https://static.nhtsa.gov/odi/ffdd/sgo-2021-01/Archive-2021-2025/SGO-2021-01_Incident_Reports_ADS.csv,Yes
30270-9459,2,62f5ffb1da321a9,DEC-2024,Unknown,No,,https://static.nhtsa.gov/odi/ffdd/sgo-2021-01/Archive-2021-2025/SGO-2021-01_Incident_Reports_ADS.csv,Yes
30270-9476,2,1988e25397f633d,DEC-2024,Deployed,No,Yes,https://static.nhtsa.gov/odi/ffdd/sgo-2021-01/Archive-2021-2025/SGO-2021-01_Incident_Reports_ADS.csv,Yes
30270-9486,1,31ac0a533520455,DEC-2024,No Deployment Reported,No,No,https://static.nhtsa.gov/odi/ffdd/sgo-2021-01/Archive-2021-2025/SGO-2021-01_Incident_Reports_ADS.csv,Yes
30270-9507,1,b25aab026ca32bd,DEC-2024,No Deployment Reported,No,No,https://static.nhtsa.gov/odi/ffdd/sgo-2021-01/Archive-2021-2025/SGO-2021-01_Incident_Reports_ADS.csv,Yes
30270-9508,1,426f8c49d412f95,DEC-2024,Deployed,No,Yes,https://static.nhtsa.gov/odi/ffdd/sgo-2021-01/Archive-2021-2025/SGO-2021-01_Incident_Reports_ADS.csv,Yes
30270-9517,1,e3310f3c3380475,DEC-2024,No Deployment Reported,No,Not Applicable,https://static.nhtsa.gov/odi/ffdd/sgo-2021-01/Archive-2021-2025/SGO-2021-01_Incident_Reports_ADS.csv,Yes
30270-9534,2,7aaa5befcfe5542,DEC-2024,No Deployment Reported,No,No,https://static.nhtsa.gov/odi/ffdd/sgo-2021-01/Archive-2021-2025/SGO-2021-01_Incident_Reports_ADS.csv,Yes
30270-9537,1,c4d5edfdb26fd2a,JAN-2025,No Deployment Reported,No,No,https://static.nhtsa.gov/odi/ffdd/sgo-2021-01/Archive-2021-2025/SGO-2021-01_Incident_Reports_ADS.csv,Yes
30270-9539,1,58c062c6cb6bb5a,DEC-2024,No Deployment Reported,No,Not Applicable,https://static.nhtsa.gov/odi/ffdd/sgo-2021-01/Archive-2021-2025/SGO-2021-01_Incident_Reports_ADS.csv,Yes
30270-9540,1,d504caa3104fdd6,DEC-2024,No Deployment Reported,No,No,https://static.nhtsa.gov/odi/ffdd/sgo-2021-01/Archive-2021-2025/SGO-2021-01_Incident_Reports_ADS.csv,Yes
30270-9541,1,a089bf89fc01c3d,DEC-2024,No Deployment Reported,No,No,https://static.nhtsa.gov/odi/ffdd/sgo-2021-01/Archive-2021-2025/SGO-2021-01_Incident_Reports_ADS.csv,Yes
30270-9544,1,7f9f0e2e92c94e7,DEC-2024,No Deployment Reported,No,No,https://static.nhtsa.gov/odi/ffdd/sgo-2021-01/Archive-2021-2025/SGO-2021-01_Incident_Reports_ADS.csv,Yes
30270-9545,1,ef022148e6892b5,DEC-2024,No Deployment Reported,No,No,https://static.nhtsa.gov/odi/ffdd/sgo-2021-01/Archive-2021-2025/SGO-2021-01_Incident_Reports_ADS.csv,Yes
30270-9546,1,6dc120e4f68c6d6,DEC-2024,No Deployment Reported,No,No,https://static.nhtsa.gov/odi/ffdd/sgo-2021-01/Archive-2021-2025/SGO-2021-01_Incident_Reports_ADS.csv,Yes
30270-9552,1,81725dfd46ae367,JAN-2025,No Deployment Reported,No,No,https://static.nhtsa.gov/odi/ffdd/sgo-2021-01/Archive-2021-2025/SGO-2021-01_Incident_Reports_ADS.csv,Yes
30270-9553,1,59d825b3a1c8604,DEC-2024,No Deployment Reported,No,No,https://static.nhtsa.gov/odi/ffdd/sgo-2021-01/Archive-2021-2025/SGO-2021-01_Incident_Reports_ADS.csv,Yes
30270-9554,1,257f64f842f7db7,DEC-2024,No Deployment Reported,No,No,https://static.nhtsa.gov/odi/ffdd/sgo-2021-01/Archive-2021-2025/SGO-2021-01_Incident_Reports_ADS.csv,Yes
30270-9555,1,ac3019be0839ada,DEC-2024,No Deployment Reported,No,No,https://static.nhtsa.gov/odi/ffdd/sgo-2021-01/Archive-2021-2025/SGO-2021-01_Incident_Reports_ADS.csv,Yes
30270-9556,1,ee163e4d9226a93,DEC-2024,No Deployment Reported,No,No,https://static.nhtsa.gov/odi/ffdd/sgo-2021-01/Archive-2021-2025/SGO-2021-01_Incident_Reports_ADS.csv,Yes
30270-9557,1,2e5f85bf9158ce0,DEC-2024,No Deployment Reported,No,No,https://static.nhtsa.gov/odi/ffdd/sgo-2021-01/Archive-2021-2025/SGO-2021-01_Incident_Reports_ADS.csv,Yes
30270-9558,1,21b81cebac44141,DEC-2024,No Deployment Reported,No,No,https://static.nhtsa.gov/odi/ffdd/sgo-2021-01/Archive-2021-2025/SGO-2021-01_Incident_Reports_ADS.csv,Yes
30270-9559,1,c3096366f7bac04,DEC-2024,No Deployment Reported,No,No,https://static.nhtsa.gov/odi/ffdd/sgo-2021-01/Archive-2021-2025/SGO-2021-01_Incident_Reports_ADS.csv,Yes
30270-9560,1,d30b891a050e077,DEC-2024,No Deployment Reported,No,Not Applicable,https://static.nhtsa.gov/odi/ffdd/sgo-2021-01/Archive-2021-2025/SGO-2021-01_Incident_Reports_ADS.csv,Yes
30270-9561,1,a5e8792bde37720,DEC-2024,Unknown,No,,https://static.nhtsa.gov/odi/ffdd/sgo-2021-01/Archive-2021-2025/SGO-2021-01_Incident_Reports_ADS.csv,Yes
30270-9563,1,55b71dab7ddc4a8,DEC-2024,No Deployment Reported,No,No,https://static.nhtsa.gov/odi/ffdd/sgo-2021-01/Archive-2021-2025/SGO-2021-01_Incident_Reports_ADS.csv,Yes
30270-9564,1,e2b6c219520915c,DEC-2024,No Deployment Reported,No,No,https://static.nhtsa.gov/odi/ffdd/sgo-2021-01/Archive-2021-2025/SGO-2021-01_Incident_Reports_ADS.csv,Yes
30270-9565,1,e1522db7f4400ac,JAN-2025,No Deployment Reported,No,No,https://static.nhtsa.gov/odi/ffdd/sgo-2021-01/Archive-2021-2025/SGO-2021-01_Incident_Reports_ADS.csv,Yes
30270-9566,1,6b2846e5734f96b,DEC-2024,Unknown,No,,https://static.nhtsa.gov/odi/ffdd/sgo-2021-01/Archive-2021-2025/SGO-2021-01_Incident_Reports_ADS.csv,Yes
30270-9567,1,30a9b677a07aa9d,DEC-2024,No Deployment Reported,No,No,https://static.nhtsa.gov/odi/ffdd/sgo-2021-01/Archive-2021-2025/SGO-2021-01_Incident_Reports_ADS.csv,Yes
30270-9568,1,17f7075fd502f19,DEC-2024,No Deployment Reported,No,No,https://static.nhtsa.gov/odi/ffdd/sgo-2021-01/Archive-2021-2025/SGO-2021-01_Incident_Reports_ADS.csv,Yes
30270-9569,1,0d8a47563f9f20d,DEC-2024,Unknown,No,,https://static.nhtsa.gov/odi/ffdd/sgo-2021-01/Archive-2021-2025/SGO-2021-01_Incident_Reports_ADS.csv,Yes
30270-9570,1,3da96f8886d3136,DEC-2024,No Deployment Reported,No,No,https://static.nhtsa.gov/odi/ffdd/sgo-2021-01/Archive-2021-2025/SGO-2021-01_Incident_Reports_ADS.csv,Yes
30270-9571,1,6685affb334da4f,DEC-2024,No Deployment Reported,No,No,https://static.nhtsa.gov/odi/ffdd/sgo-2021-01/Archive-2021-2025/SGO-2021-01_Incident_Reports_ADS.csv,Yes
30270-9572,1,194ef6a5b3c3a9d,DEC-2024,No Deployment Reported,No,No,https://static.nhtsa.gov/odi/ffdd/sgo-2021-01/Archive-2021-2025/SGO-2021-01_Incident_Reports_ADS.csv,Yes
30270-9573,1,dc36c40a6be7a25,DEC-2024,No Deployment Reported,No,No,https://static.nhtsa.gov/odi/ffdd/sgo-2021-01/Archive-2021-2025/SGO-2021-01_Incident_Reports_ADS.csv,Yes
30270-9574,1,e5598fc11cedbd3,DEC-2024,No Deployment Reported,No,No,https://static.nhtsa.gov/odi/ffdd/sgo-2021-01/Archive-2021-2025/SGO-2021-01_Incident_Reports_ADS.csv,Yes
30270-9575,1,2e89fe082d7ab74,DEC-2024,No Deployment Reported,No,No,https://static.nhtsa.gov/odi/ffdd/sgo-2021-01/Archive-2021-2025/SGO-2021-01_Incident_Reports_ADS.csv,Yes
30270-9579,1,8eab3135244b7da,DEC-2024,No Deployment Reported,No,No,https://static.nhtsa.gov/odi/ffdd/sgo-2021-01/Archive-2021-2025/SGO-2021-01_Incident_Reports_ADS.csv,Yes
30270-9580,1,191bbc2d74c32d0,DEC-2024,No Deployment Reported,No,No,https://static.nhtsa.gov/odi/ffdd/sgo-2021-01/Archive-2021-2025/SGO-2021-01_Incident_Reports_ADS.csv,Yes
30270-9582,1,2e0f431011fd2cd,DEC-2024,No Deployment Reported,No,No,https://static.nhtsa.gov/odi/ffdd/sgo-2021-01/Archive-2021-2025/SGO-2021-01_Incident_Reports_ADS.csv,Yes
30270-9583,1,5573d5c651733e4,DEC-2024,No Deployment Reported,No,No,https://static.nhtsa.gov/odi/ffdd/sgo-2021-01/Archive-2021-2025/SGO-2021-01_Incident_Reports_ADS.csv,Yes
30270-9584,1,48ce017448022c9,DEC-2024,No Deployment Reported,No,No,https://static.nhtsa.gov/odi/ffdd/sgo-2021-01/Archive-2021-2025/SGO-2021-01_Incident_Reports_ADS.csv,Yes
30270-9585,1,0171d33e85df5db,DEC-2024,No Deployment Reported,No,No,https://static.nhtsa.gov/odi/ffdd/sgo-2021-01/Archive-2021-2025/SGO-2021-01_Incident_Reports_ADS.csv,Yes
30270-9586,1,88117eda2bc6d2d,DEC-2024,No Deployment Reported,No,No,https://static.nhtsa.gov/odi/ffdd/sgo-2021-01/Archive-2021-2025/SGO-2021-01_Incident_Reports_ADS.csv,Yes
30270-9587,1,4db12d984f0a923,DEC-2024,No Deployment Reported,No,No,https://static.nhtsa.gov/odi/ffdd/sgo-2021-01/Archive-2021-2025/SGO-2021-01_Incident_Reports_ADS.csv,Yes
30270-9588,1,9a8f592adfbc95a,DEC-2024,No Deployment Reported,No,No,https://static.nhtsa.gov/odi/ffdd/sgo-2021-01/Archive-2021-2025/SGO-2021-01_Incident_Reports_ADS.csv,Yes
30270-9589,1,8784abc6f18b453,DEC-2024,No Deployment Reported,No,No,https://static.nhtsa.gov/odi/ffdd/sgo-2021-01/Archive-2021-2025/SGO-2021-01_Incident_Reports_ADS.csv,Yes
30270-9590,1,62f0dc7503b9379,DEC-2024,No Deployment Reported,No,No,https://static.nhtsa.gov/odi/ffdd/sgo-2021-01/Archive-2021-2025/SGO-2021-01_Incident_Reports_ADS.csv,Yes
30270-9591,1,f5a328bf18fba9b,DEC-2024,No Deployment Reported,No,No,https://static.nhtsa.gov/odi/ffdd/sgo-2021-01/Archive-2021-2025/SGO-2021-01_Incident_Reports_ADS.csv,Yes
30270-9592,1,9c7c76d68622f2c,DEC-2024,No Deployment Reported,No,No,https://static.nhtsa.gov/odi/ffdd/sgo-2021-01/Archive-2021-2025/SGO-2021-01_Incident_Reports_ADS.csv,Yes
30270-9593,1,9ea9103079881a1,DEC-2024,No Deployment Reported,No,No,https://static.nhtsa.gov/odi/ffdd/sgo-2021-01/Archive-2021-2025/SGO-2021-01_Incident_Reports_ADS.csv,Yes
30270-9594,1,a014d99d4ca7397,DEC-2024,No Deployment Reported,No,No,https://static.nhtsa.gov/odi/ffdd/sgo-2021-01/Archive-2021-2025/SGO-2021-01_Incident_Reports_ADS.csv,Yes
30270-9595,1,e5989c0c5a1aece,DEC-2024,No Deployment Reported,No,No,https://static.nhtsa.gov/odi/ffdd/sgo-2021-01/Archive-2021-2025/SGO-2021-01_Incident_Reports_ADS.csv,Yes
30270-9596,1,9e782aa378c2cf8,DEC-2024,No Deployment Reported,No,No,https://static.nhtsa.gov/odi/ffdd/sgo-2021-01/Archive-2021-2025/SGO-2021-01_Incident_Reports_ADS.csv,Yes
30270-9597,1,c36f348e47b1a50,DEC-2024,No Deployment Reported,No,Not Applicable,https://static.nhtsa.gov/odi/ffdd/sgo-2021-01/Archive-2021-2025/SGO-2021-01_Incident_Reports_ADS.csv,Yes
30270-9598,1,b56210ab6ab3225,DEC-2024,No Deployment Reported,No,Not Applicable,https://static.nhtsa.gov/odi/ffdd/sgo-2021-01/Archive-2021-2025/SGO-2021-01_Incident_Reports_ADS.csv,Yes
30270-9599,1,5d7f8c8f205bfdb,DEC-2024,No Deployment Reported,No,No,https://static.nhtsa.gov/odi/ffdd/sgo-2021-01/Archive-2021-2025/SGO-2021-01_Incident_Reports_ADS.csv,Yes
30270-9600,1,3f744fa7d50a96f,DEC-2024,No Deployment Reported,No,No,https://static.nhtsa.gov/odi/ffdd/sgo-2021-01/Archive-2021-2025/SGO-2021-01_Incident_Reports_ADS.csv,Yes
30270-9601,1,a14083800a8a655,DEC-2024,No Deployment Reported,No,No,https://static.nhtsa.gov/odi/ffdd/sgo-2021-01/Archive-2021-2025/SGO-2021-01_Incident_Reports_ADS.csv,Yes
30270-9602,1,44ad2cb21ceeeb6,DEC-2024,No Deployment Reported,No,No,https://static.nhtsa.gov/odi/ffdd/sgo-2021-01/Archive-2021-2025/SGO-2021-01_Incident_Reports_ADS.csv,Yes
30270-9603,1,f8e33ead61bd6c0,DEC-2024,No Deployment Reported,No,No,https://static.nhtsa.gov/odi/ffdd/sgo-2021-01/Archive-2021-2025/SGO-2021-01_Incident_Reports_ADS.csv,Yes
30270-9604,1,8997d2c23b85254,DEC-2024,No Deployment Reported,No,Not Applicable,https://static.nhtsa.gov/odi/ffdd/sgo-2021-01/Archive-2021-2025/SGO-2021-01_Incident_Reports_ADS.csv,Yes
30270-9606,1,7c362b5823f86a4,JAN-2025,No Deployment Reported,No,No,https://static.nhtsa.gov/odi/ffdd/sgo-2021-01/Archive-2021-2025/SGO-2021-01_Incident_Reports_ADS.csv,Yes
30270-9609,1,82ad7fd77089739,DEC-2024,No Deployment Reported,No,No,https://static.nhtsa.gov/odi/ffdd/sgo-2021-01/Archive-2021-2025/SGO-2021-01_Incident_Reports_ADS.csv,Yes
30270-9631,2,214d903572ad811,JAN-2025,No Deployment Reported,No,No,https://static.nhtsa.gov/odi/ffdd/sgo-2021-01/Archive-2021-2025/SGO-2021-01_Incident_Reports_ADS.csv,Yes
30270-9634,1,0b3397956e35406,JAN-2025,No Deployment Reported,No,No,https://static.nhtsa.gov/odi/ffdd/sgo-2021-01/Archive-2021-2025/SGO-2021-01_Incident_Reports_ADS.csv,Yes
30270-9635,1,4f5c629dd98f12c,JAN-2025,No Deployment Reported,No,No,https://static.nhtsa.gov/odi/ffdd/sgo-2021-01/Archive-2021-2025/SGO-2021-01_Incident_Reports_ADS.csv,Yes
30270-9654,2,be9a4261e1e8663,JAN-2025,Unknown,No,,https://static.nhtsa.gov/odi/ffdd/sgo-2021-01/Archive-2021-2025/SGO-2021-01_Incident_Reports_ADS.csv,Yes
30270-9682,2,631e6e051bb302a,DEC-2024,No Deployment Reported,No,No,https://static.nhtsa.gov/odi/ffdd/sgo-2021-01/Archive-2021-2025/SGO-2021-01_Incident_Reports_ADS.csv,Yes
30270-9684,1,6b6f37d42353ac0,NOV-2024,No Deployment Reported,No,No,https://static.nhtsa.gov/odi/ffdd/sgo-2021-01/Archive-2021-2025/SGO-2021-01_Incident_Reports_ADS.csv,Yes
30270-9721,1,ce835234a7e3939,JAN-2025,No Deployment Reported,No,No,https://static.nhtsa.gov/odi/ffdd/sgo-2021-01/Archive-2021-2025/SGO-2021-01_Incident_Reports_ADS.csv,Yes
30270-9724,2,4409b059e33b146,JAN-2025,Deployed,No,Yes,https://static.nhtsa.gov/odi/ffdd/sgo-2021-01/Archive-2021-2025/SGO-2021-01_Incident_Reports_ADS.csv,Yes
30270-9735,1,75b9ed7c42a9a4c,JAN-2025,No Deployment Reported,No,No,https://static.nhtsa.gov/odi/ffdd/sgo-2021-01/Archive-2021-2025/SGO-2021-01_Incident_Reports_ADS.csv,Yes
30270-9736,1,c1757800e8b542e,JAN-2025,No Deployment Reported,No,No,https://static.nhtsa.gov/odi/ffdd/sgo-2021-01/Archive-2021-2025/SGO-2021-01_Incident_Reports_ADS.csv,Yes
30270-9737,1,d617550cd42287d,JAN-2025,Deployed,No,Yes,https://static.nhtsa.gov/odi/ffdd/sgo-2021-01/Archive-2021-2025/SGO-2021-01_Incident_Reports_ADS.csv,Yes
30270-9738,1,2b2a8d3b3e4fd71,JAN-2025,Deployed,No,Yes,https://static.nhtsa.gov/odi/ffdd/sgo-2021-01/Archive-2021-2025/SGO-2021-01_Incident_Reports_ADS.csv,Yes
30270-9761,2,f3e5d2d35b79a77,JAN-2025,No Deployment Reported,No,Not Applicable,https://static.nhtsa.gov/odi/ffdd/sgo-2021-01/Archive-2021-2025/SGO-2021-01_Incident_Reports_ADS.csv,Yes
30270-9763,1,4d12ce78f9cceeb,JAN-2025,No Deployment Reported,No,Not Applicable,https://static.nhtsa.gov/odi/ffdd/sgo-2021-01/Archive-2021-2025/SGO-2021-01_Incident_Reports_ADS.csv,Yes
30270-9764,1,88bf41530cd4895,JAN-2025,No Deployment Reported,No,No,https://static.nhtsa.gov/odi/ffdd/sgo-2021-01/Archive-2021-2025/SGO-2021-01_Incident_Reports_ADS.csv,Yes
30270-9765,1,cf8abe11383c4be,JAN-2025,No Deployment Reported,No,No,https://static.nhtsa.gov/odi/ffdd/sgo-2021-01/Archive-2021-2025/SGO-2021-01_Incident_Reports_ADS.csv,Yes
30270-9767,1,f53d5bab3d70bf4,JAN-2025,No Deployment Reported,No,No,https://static.nhtsa.gov/odi/ffdd/sgo-2021-01/Archive-2021-2025/SGO-2021-01_Incident_Reports_ADS.csv,Yes
30270-9789,2,ddd7ca810af9fd2,FEB-2025,Deployed,Yes,No,https://static.nhtsa.gov/odi/ffdd/sgo-2021-01/Archive-2021-2025/SGO-2021-01_Incident_Reports_ADS.csv,Yes
30270-9791,1,daa10713b34a31e,JAN-2025,No Deployment Reported,No,No,https://static.nhtsa.gov/odi/ffdd/sgo-2021-01/Archive-2021-2025/SGO-2021-01_Incident_Reports_ADS.csv,Yes
30270-9806,1,b80af11c02f6289,JAN-2025,No Deployment Reported,No,No,https://static.nhtsa.gov/odi/ffdd/sgo-2021-01/Archive-2021-2025/SGO-2021-01_Incident_Reports_ADS.csv,Yes
30270-9807,2,4ccbd17516d5a82,JAN-2025,No Deployment Reported,No,No,https://static.nhtsa.gov/odi/ffdd/sgo-2021-01/Archive-2021-2025/SGO-2021-01_Incident_Reports_ADS.csv,Yes
30270-9808,1,e4b7e3a121c5e7b,JAN-2025,No Deployment Reported,No,Not Applicable,https://static.nhtsa.gov/odi/ffdd/sgo-2021-01/Archive-2021-2025/SGO-2021-01_Incident_Reports_ADS.csv,Yes
30270-9809,1,58cbcdb4881d80a,FEB-2025,No Deployment Reported,No,No,https://static.nhtsa.gov/odi/ffdd/sgo-2021-01/Archive-2021-2025/SGO-2021-01_Incident_Reports_ADS.csv,Yes
30270-9821,1,f846a6ef8254ef7,JAN-2025,No Deployment Reported,No,No,https://static.nhtsa.gov/odi/ffdd/sgo-2021-01/Archive-2021-2025/SGO-2021-01_Incident_Reports_ADS.csv,Yes
30270-9822,1,65c2a7bec0738d5,JAN-2025,Unknown,No,,https://static.nhtsa.gov/odi/ffdd/sgo-2021-01/Archive-2021-2025/SGO-2021-01_Incident_Reports_ADS.csv,Yes
30270-9823,1,5bcd2120010868a,JAN-2025,No Deployment Reported,No,Not Applicable,https://static.nhtsa.gov/odi/ffdd/sgo-2021-01/Archive-2021-2025/SGO-2021-01_Incident_Reports_ADS.csv,Yes
30270-9824,1,5850cea579bf584,JAN-2025,No Deployment Reported,No,No,https://static.nhtsa.gov/odi/ffdd/sgo-2021-01/Archive-2021-2025/SGO-2021-01_Incident_Reports_ADS.csv,Yes
30270-9826,1,9346e697083ade8,FEB-2025,No Deployment Reported,No,No,https://static.nhtsa.gov/odi/ffdd/sgo-2021-01/Archive-2021-2025/SGO-2021-01_Incident_Reports_ADS.csv,Yes
30270-9828,1,ce972fc6332dca6,FEB-2025,No Deployment Reported,No,Not Applicable,https://static.nhtsa.gov/odi/ffdd/sgo-2021-01/Archive-2021-2025/SGO-2021-01_Incident_Reports_ADS.csv,Yes
30270-9843,1,dcbd8c394fe1c63,JAN-2025,No Deployment Reported,No,No,https://static.nhtsa.gov/odi/ffdd/sgo-2021-01/Archive-2021-2025/SGO-2021-01_Incident_Reports_ADS.csv,Yes
30270-9845,1,f4f27c5638aca9e,JAN-2025,No Deployment Reported,No,No,https://static.nhtsa.gov/odi/ffdd/sgo-2021-01/Archive-2021-2025/SGO-2021-01_Incident_Reports_ADS.csv,Yes
30270-9848,1,9298debc89380bf,JAN-2025,No Deployment Reported,No,Not Applicable,https://static.nhtsa.gov/odi/ffdd/sgo-2021-01/Archive-2021-2025/SGO-2021-01_Incident_Reports_ADS.csv,Yes
30270-9850,1,4496e31201f3e12,JAN-2025,No Deployment Reported,No,No,https://static.nhtsa.gov/odi/ffdd/sgo-2021-01/Archive-2021-2025/SGO-2021-01_Incident_Reports_ADS.csv,Yes
30270-9851,1,046e04aaeb646d1,JAN-2025,No Deployment Reported,No,No,https://static.nhtsa.gov/odi/ffdd/sgo-2021-01/Archive-2021-2025/SGO-2021-01_Incident_Reports_ADS.csv,Yes
30270-9852,1,af6e18815ae9663,JAN-2025,No Deployment Reported,No,No,https://static.nhtsa.gov/odi/ffdd/sgo-2021-01/Archive-2021-2025/SGO-2021-01_Incident_Reports_ADS.csv,Yes
30270-9853,1,6038d41a0e9de1c,JAN-2025,No Deployment Reported,No,No,https://static.nhtsa.gov/odi/ffdd/sgo-2021-01/Archive-2021-2025/SGO-2021-01_Incident_Reports_ADS.csv,Yes
30270-9854,1,6ca231027bcb3eb,JAN-2025,No Deployment Reported,No,No,https://static.nhtsa.gov/odi/ffdd/sgo-2021-01/Archive-2021-2025/SGO-2021-01_Incident_Reports_ADS.csv,Yes
30270-9855,1,deb21057d4770b8,JAN-2025,No Deployment Reported,No,No,https://static.nhtsa.gov/odi/ffdd/sgo-2021-01/Archive-2021-2025/SGO-2021-01_Incident_Reports_ADS.csv,Yes
30270-9860,2,0dc79525eecc923,FEB-2025,Unknown,No,Unknown,https://static.nhtsa.gov/odi/ffdd/sgo-2021-01/Archive-2021-2025/SGO-2021-01_Incident_Reports_ADS.csv,Yes
30270-9867,1,dfeb383872cc1e3,JAN-2025,No Deployment Reported,No,No,https://static.nhtsa.gov/odi/ffdd/sgo-2021-01/Archive-2021-2025/SGO-2021-01_Incident_Reports_ADS.csv,Yes
30270-9868,1,99e19d155838197,JAN-2025,No Deployment Reported,No,No,https://static.nhtsa.gov/odi/ffdd/sgo-2021-01/Archive-2021-2025/SGO-2021-01_Incident_Reports_ADS.csv,Yes
30270-9872,1,5aface9ce63be5a,JAN-2025,No Deployment Reported,No,No,https://static.nhtsa.gov/odi/ffdd/sgo-2021-01/Archive-2021-2025/SGO-2021-01_Incident_Reports_ADS.csv,Yes
30270-9873,1,7039609476ade85,JAN-2025,Unknown,No,,https://static.nhtsa.gov/odi/ffdd/sgo-2021-01/Archive-2021-2025/SGO-2021-01_Incident_Reports_ADS.csv,Yes
30270-9874,1,093aec1cc60c75d,JAN-2025,No Deployment Reported,No,No,https://static.nhtsa.gov/odi/ffdd/sgo-2021-01/Archive-2021-2025/SGO-2021-01_Incident_Reports_ADS.csv,Yes
30270-9875,1,7080d83da856b8c,JAN-2025,No Deployment Reported,No,No,https://static.nhtsa.gov/odi/ffdd/sgo-2021-01/Archive-2021-2025/SGO-2021-01_Incident_Reports_ADS.csv,Yes
30270-9876,2,0854cad253fe51e,FEB-2025,No Deployment Reported,No,No,https://static.nhtsa.gov/odi/ffdd/sgo-2021-01/Archive-2021-2025/SGO-2021-01_Incident_Reports_ADS.csv,Yes
30270-9878,1,63ce5ba7a04314f,JAN-2025,No Deployment Reported,No,No,https://static.nhtsa.gov/odi/ffdd/sgo-2021-01/Archive-2021-2025/SGO-2021-01_Incident_Reports_ADS.csv,Yes
30270-9879,1,e718ccce31ac7b2,JAN-2025,No Deployment Reported,No,No,https://static.nhtsa.gov/odi/ffdd/sgo-2021-01/Archive-2021-2025/SGO-2021-01_Incident_Reports_ADS.csv,Yes
30270-9880,1,78fb68a2eb3b39e,JAN-2025,No Deployment Reported,No,No,https://static.nhtsa.gov/odi/ffdd/sgo-2021-01/Archive-2021-2025/SGO-2021-01_Incident_Reports_ADS.csv,Yes
30270-9881,1,073f741bd17fb92,JAN-2025,No Deployment Reported,No,No,https://static.nhtsa.gov/odi/ffdd/sgo-2021-01/Archive-2021-2025/SGO-2021-01_Incident_Reports_ADS.csv,Yes
30270-9883,1,3aff500e735b66d,JAN-2025,No Deployment Reported,No,No,https://static.nhtsa.gov/odi/ffdd/sgo-2021-01/Archive-2021-2025/SGO-2021-01_Incident_Reports_ADS.csv,Yes
30270-9884,1,d3b411fa6beef41,JAN-2025,No Deployment Reported,No,No,https://static.nhtsa.gov/odi/ffdd/sgo-2021-01/Archive-2021-2025/SGO-2021-01_Incident_Reports_ADS.csv,Yes
30270-9885,1,34d9149dca40ce7,JAN-2025,No Deployment Reported,No,No,https://static.nhtsa.gov/odi/ffdd/sgo-2021-01/Archive-2021-2025/SGO-2021-01_Incident_Reports_ADS.csv,Yes
30270-9886,1,98c716bb1e4b79b,JAN-2025,No Deployment Reported,No,Not Applicable,https://static.nhtsa.gov/odi/ffdd/sgo-2021-01/Archive-2021-2025/SGO-2021-01_Incident_Reports_ADS.csv,Yes
30270-9887,1,1cd34fac1795878,JAN-2025,No Deployment Reported,No,No,https://static.nhtsa.gov/odi/ffdd/sgo-2021-01/Archive-2021-2025/SGO-2021-01_Incident_Reports_ADS.csv,Yes
30270-9893,1,db8ad4a77a26bd8,JAN-2025,No Deployment Reported,No,Not Applicable,https://static.nhtsa.gov/odi/ffdd/sgo-2021-01/Archive-2021-2025/SGO-2021-01_Incident_Reports_ADS.csv,Yes
30270-9894,1,262550d6cc1bc14,JAN-2025,No Deployment Reported,No,No,https://static.nhtsa.gov/odi/ffdd/sgo-2021-01/Archive-2021-2025/SGO-2021-01_Incident_Reports_ADS.csv,Yes
30270-9895,1,3fa95d09e7002f4,JAN-2025,No Deployment Reported,No,No,https://static.nhtsa.gov/odi/ffdd/sgo-2021-01/Archive-2021-2025/SGO-2021-01_Incident_Reports_ADS.csv,Yes
30270-9897,1,2c361192b50837f,JAN-2025,No Deployment Reported,No,No,https://static.nhtsa.gov/odi/ffdd/sgo-2021-01/Archive-2021-2025/SGO-2021-01_Incident_Reports_ADS.csv,Yes
30270-9898,1,e6be4528538ba28,JAN-2025,No Deployment Reported,No,No,https://static.nhtsa.gov/odi/ffdd/sgo-2021-01/Archive-2021-2025/SGO-2021-01_Incident_Reports_ADS.csv,Yes
30270-9900,1,ef4290890970796,JAN-2025,No Deployment Reported,No,No,https://static.nhtsa.gov/odi/ffdd/sgo-2021-01/Archive-2021-2025/SGO-2021-01_Incident_Reports_ADS.csv,Yes
30270-9904,1,9b7f61d57ff4037,JAN-2025,No Deployment Reported,No,No,https://static.nhtsa.gov/odi/ffdd/sgo-2021-01/Archive-2021-2025/SGO-2021-01_Incident_Reports_ADS.csv,Yes
30270-9905,1,61e8006bcb4c98c,JAN-2025,No Deployment Reported,No,No,https://static.nhtsa.gov/odi/ffdd/sgo-2021-01/Archive-2021-2025/SGO-2021-01_Incident_Reports_ADS.csv,Yes
30270-9906,1,b9596f2ff2d628c,JAN-2025,No Deployment Reported,No,No,https://static.nhtsa.gov/odi/ffdd/sgo-2021-01/Archive-2021-2025/SGO-2021-01_Incident_Reports_ADS.csv,Yes
30270-9907,1,63022700e5986e3,JAN-2025,No Deployment Reported,No,Not Applicable,https://static.nhtsa.gov/odi/ffdd/sgo-2021-01/Archive-2021-2025/SGO-2021-01_Incident_Reports_ADS.csv,Yes
30270-9908,1,197d44fcead254c,JAN-2025,No Deployment Reported,No,No,https://static.nhtsa.gov/odi/ffdd/sgo-2021-01/Archive-2021-2025/SGO-2021-01_Incident_Reports_ADS.csv,Yes
30270-9909,1,b8b9b40e3623ba4,JAN-2025,No Deployment Reported,No,No,https://static.nhtsa.gov/odi/ffdd/sgo-2021-01/Archive-2021-2025/SGO-2021-01_Incident_Reports_ADS.csv,Yes
30270-9910,1,f645212ba14f9bf,JAN-2025,No Deployment Reported,No,No,https://static.nhtsa.gov/odi/ffdd/sgo-2021-01/Archive-2021-2025/SGO-2021-01_Incident_Reports_ADS.csv,Yes
30270-9911,1,a71893002843d10,JAN-2025,No Deployment Reported,No,No,https://static.nhtsa.gov/odi/ffdd/sgo-2021-01/Archive-2021-2025/SGO-2021-01_Incident_Reports_ADS.csv,Yes
30270-9912,1,5a49d5ea4fd4679,FEB-2025,No Deployment Reported,No,No,https://static.nhtsa.gov/odi/ffdd/sgo-2021-01/Archive-2021-2025/SGO-2021-01_Incident_Reports_ADS.csv,Yes
30270-9926,2,3b8990bdb26fdf0,FEB-2025,No Deployment Reported,No,No,https://static.nhtsa.gov/odi/ffdd/sgo-2021-01/Archive-2021-2025/SGO-2021-01_Incident_Reports_ADS.csv,Yes
30270-9931,2,346cd4b6bf87e06,FEB-2025,No Deployment Reported,No,No,https://static.nhtsa.gov/odi/ffdd/sgo-2021-01/Archive-2021-2025/SGO-2021-01_Incident_Reports_ADS.csv,Yes
30270-9978,2,63cb63ad512c4e3,FEB-2025,No Deployment Reported,No,No,https://static.nhtsa.gov/odi/ffdd/sgo-2021-01/Archive-2021-2025/SGO-2021-01_Incident_Reports_ADS.csv,Yes
30270-9987,2,45b81f06862d85c,FEB-2025,Unknown,No,,https://static.nhtsa.gov/odi/ffdd/sgo-2021-01/Archive-2021-2025/SGO-2021-01_Incident_Reports_ADS.csv,Yes
30270-9988,2,011b230dd3f2ae9,FEB-2025,Deployed,Yes,Yes,https://static.nhtsa.gov/odi/ffdd/sgo-2021-01/Archive-2021-2025/SGO-2021-01_Incident_Reports_ADS.csv,Yes
30270-9992,2,a44c6cf951c17dc,FEB-2025,Deployed,No,Yes,https://static.nhtsa.gov/odi/ffdd/sgo-2021-01/Archive-2021-2025/SGO-2021-01_Incident_Reports_ADS.csv,Yes
30290-1071,1,149e02a12464f84,JUL-2021,No Deployment Reported,No,No,https://static.nhtsa.gov/odi/ffdd/sgo-2021-01/Archive-2021-2025/SGO-2021-01_Incident_Reports_ADS.csv,Yes
30290-1072,1,f8f8385729a3819,JUL-2021,No Deployment Reported,No,No,https://static.nhtsa.gov/odi/ffdd/sgo-2021-01/Archive-2021-2025/SGO-2021-01_Incident_Reports_ADS.csv,Yes
30290-1161,2,ac03faca000d50b,SEP-2021,No Deployment Reported,No,No,https://static.nhtsa.gov/odi/ffdd/sgo-2021-01/Archive-2021-2025/SGO-2021-01_Incident_Reports_ADS.csv,Yes
30290-1279,1,ab78822ba620852,AUG-2021,No Deployment Reported,No,No,https://static.nhtsa.gov/odi/ffdd/sgo-2021-01/Archive-2021-2025/SGO-2021-01_Incident_Reports_ADS.csv,Yes
30290-15,2,f700288ccb3ad35,JUL-2021,No Deployment Reported,No,No,https://static.nhtsa.gov/odi/ffdd/sgo-2021-01/Archive-2021-2025/SGO-2021-01_Incident_Reports_ADS.csv,Yes
30290-1642,1,15e150e3f8f22d0,OCT-2021,No Deployment Reported,No,No,https://static.nhtsa.gov/odi/ffdd/sgo-2021-01/Archive-2021-2025/SGO-2021-01_Incident_Reports_ADS.csv,Yes
30290-2180,2,0731be2bcb8ffde,JAN-2022,No Deployment Reported,No,No,https://static.nhtsa.gov/odi/ffdd/sgo-2021-01/Archive-2021-2025/SGO-2021-01_Incident_Reports_ADS.csv,Yes
30290-2471,1,9e854367221d966,FEB-2022,No Deployment Reported,No,No,https://static.nhtsa.gov/odi/ffdd/sgo-2021-01/Archive-2021-2025/SGO-2021-01_Incident_Reports_ADS.csv,Yes
30290-2481,2,1d63fe48b844c16,MAR-2022,No Deployment Reported,No,No,https://static.nhtsa.gov/odi/ffdd/sgo-2021-01/Archive-2021-2025/SGO-2021-01_Incident_Reports_ADS.csv,Yes
30290-2696,1,d35bd0a494facfa,MAR-2022,No Deployment Reported,No,No,https://static.nhtsa.gov/odi/ffdd/sgo-2021-01/Archive-2021-2025/SGO-2021-01_Incident_Reports_ADS.csv,Yes
30290-3119,1,8dbb58bde502b36,MAY-2022,No Deployment Reported,No,No,https://static.nhtsa.gov/odi/ffdd/sgo-2021-01/Archive-2021-2025/SGO-2021-01_Incident_Reports_ADS.csv,Yes
30290-3135,2,38c8a93b3f13949,JUN-2022,Unknown,No,,https://static.nhtsa.gov/odi/ffdd/sgo-2021-01/Archive-2021-2025/SGO-2021-01_Incident_Reports_ADS.csv,Yes
30290-3346,1,e4608ed0f7e2519,JUN-2022,No Deployment Reported,No,No,https://static.nhtsa.gov/odi/ffdd/sgo-2021-01/Archive-2021-2025/SGO-2021-01_Incident_Reports_ADS.csv,Yes
30290-3347,1,80fa8ac15954395,JUN-2022,No Deployment Reported,No,No,https://static.nhtsa.gov/odi/ffdd/sgo-2021-01/Archive-2021-2025/SGO-2021-01_Incident_Reports_ADS.csv,Yes
30290-3797,1,346b753bc1fc685,AUG-2022,No Deployment Reported,No,No,https://static.nhtsa.gov/odi/ffdd/sgo-2021-01/Archive-2021-2025/SGO-2021-01_Incident_Reports_ADS.csv,Yes
30290-3800,1,21a6afd753cdcd5,AUG-2022,No Deployment Reported,No,No,https://static.nhtsa.gov/odi/ffdd/sgo-2021-01/Archive-2021-2025/SGO-2021-01_Incident_Reports_ADS.csv,Yes
30290-3913,2,0bbd9f4a21e80a6,SEP-2022,Unknown,No,,https://static.nhtsa.gov/odi/ffdd/sgo-2021-01/Archive-2021-2025/SGO-2021-01_Incident_Reports_ADS.csv,Yes
30290-3985,1,19bef0b9be25744,SEP-2022,No Deployment Reported,No,No,https://static.nhtsa.gov/odi/ffdd/sgo-2021-01/Archive-2021-2025/SGO-2021-01_Incident_Reports_ADS.csv,Yes
30290-4127,1,f96aa95fcd96be5,OCT-2022,No Deployment Reported,No,No,https://static.nhtsa.gov/odi/ffdd/sgo-2021-01/Archive-2021-2025/SGO-2021-01_Incident_Reports_ADS.csv,Yes
30290-4128,1,04f2cedde6aabb4,OCT-2022,No Deployment Reported,No,No,https://static.nhtsa.gov/odi/ffdd/sgo-2021-01/Archive-2021-2025/SGO-2021-01_Incident_Reports_ADS.csv,Yes
30291-11324,1,5f13ffff6407733,JUN-2025,No Deployment Reported,,,https://static.nhtsa.gov/odi/ffdd/sgo-2021-01/SGO-2021-01_Incident_Reports_ADS.csv,Yes
30291-11458,1,5ace8e70579d484,JUL-2025,No Deployment Reported,,,https://static.nhtsa.gov/odi/ffdd/sgo-2021-01/SGO-2021-01_Incident_Reports_ADS.csv,Yes
30291-11595,1,16f2f65d89f0064,AUG-2025,No Deployment Reported,,,https://static.nhtsa.gov/odi/ffdd/sgo-2021-01/SGO-2021-01_Incident_Reports_ADS.csv,Yes
30291-13950,1,c3e5ef53645eb99,JAN-2026,No Deployment Reported,,,https://static.nhtsa.gov/odi/ffdd/sgo-2021-01/SGO-2021-01_Incident_Reports_ADS.csv,Yes
30291-14538,1,ceb46ee4e182cc4,APR-2026,No Deployment Reported,,,https://static.nhtsa.gov/odi/ffdd/sgo-2021-01/SGO-2021-01_Incident_Reports_ADS.csv,Yes
30291-16241,1,9f514a8dd3e9d62,JUL-2026,No Deployment Reported,,,https://static.nhtsa.gov/odi/ffdd/sgo-2021-01/SGO-2021-01_Incident_Reports_ADS.csv,Yes
30291-16243,1,82c44a2db2d1b57,JUL-2026,No Deployment Reported,,,https://static.nhtsa.gov/odi/ffdd/sgo-2021-01/SGO-2021-01_Incident_Reports_ADS.csv,Yes
30291-7039,1,5b397bdb94b6ab2,JAN-2024,No Deployment Reported,No,No,https://static.nhtsa.gov/odi/ffdd/sgo-2021-01/Archive-2021-2025/SGO-2021-01_Incident_Reports_ADS.csv,Yes
30291-7106,1,e57b604ec513988,JAN-2024,No Deployment Reported,No,No,https://static.nhtsa.gov/odi/ffdd/sgo-2021-01/Archive-2021-2025/SGO-2021-01_Incident_Reports_ADS.csv,Yes
30291-7107,1,7135acd28a61330,JAN-2024,No Deployment Reported,No,No,https://static.nhtsa.gov/odi/ffdd/sgo-2021-01/Archive-2021-2025/SGO-2021-01_Incident_Reports_ADS.csv,Yes
30291-7361,1,ca49a6b2d74e2c0,MAR-2024,Unknown,No,,https://static.nhtsa.gov/odi/ffdd/sgo-2021-01/Archive-2021-2025/SGO-2021-01_Incident_Reports_ADS.csv,Yes
30291-7677,1,64fa0bf7109a79d,MAY-2024,No Deployment Reported,No,No,https://static.nhtsa.gov/odi/ffdd/sgo-2021-01/Archive-2021-2025/SGO-2021-01_Incident_Reports_ADS.csv,Yes
30291-7765,1,48d8ef946e000b8,MAY-2024,Unknown,No,,https://static.nhtsa.gov/odi/ffdd/sgo-2021-01/Archive-2021-2025/SGO-2021-01_Incident_Reports_ADS.csv,Yes
30291-7981,1,64ff58c25e10084,JUN-2024,No Deployment Reported,No,No,https://static.nhtsa.gov/odi/ffdd/sgo-2021-01/Archive-2021-2025/SGO-2021-01_Incident_Reports_ADS.csv,Yes
30291-9651,1,773db7d86245192,DEC-2024,Unknown,No,,https://static.nhtsa.gov/odi/ffdd/sgo-2021-01/Archive-2021-2025/SGO-2021-01_Incident_Reports_ADS.csv,Yes
30310-3698,1,1ddae575afe5d5a,AUG-2022,No Deployment Reported,No,No,https://static.nhtsa.gov/odi/ffdd/sgo-2021-01/Archive-2021-2025/SGO-2021-01_Incident_Reports_ADS.csv,Yes
30330-3482,2,3e2bdafd3d96829,JUL-2022,No Deployment Reported,No,Not Applicable,https://static.nhtsa.gov/odi/ffdd/sgo-2021-01/Archive-2021-2025/SGO-2021-01_Incident_Reports_ADS.csv,Yes
30330-3561,1,66ee1d58acd3680,JUL-2022,No Deployment Reported,No,Not Applicable,https://static.nhtsa.gov/odi/ffdd/sgo-2021-01/Archive-2021-2025/SGO-2021-01_Incident_Reports_ADS.csv,Yes
30330-6882,1,df4cd7fa084bc3e,DEC-2023,Unknown,No,,https://static.nhtsa.gov/odi/ffdd/sgo-2021-01/Archive-2021-2025/SGO-2021-01_Incident_Reports_ADS.csv,Yes
30370-2949,1,59d489f93e681d4,APR-2022,Unknown,No,,https://static.nhtsa.gov/odi/ffdd/sgo-2021-01/Archive-2021-2025/SGO-2021-01_Incident_Reports_ADS.csv,Yes
30391-10111,1,58ed5a4d4e93504,FEB-2025,No Deployment Reported,No,No,https://static.nhtsa.gov/odi/ffdd/sgo-2021-01/Archive-2021-2025/SGO-2021-01_Incident_Reports_ADS.csv,Yes
30391-10295,1,9fc2807aedfa970,MAR-2025,No Deployment Reported,No,No,https://static.nhtsa.gov/odi/ffdd/sgo-2021-01/Archive-2021-2025/SGO-2021-01_Incident_Reports_ADS.csv,Yes
30391-3678,2,2ef7294be596ddb,AUG-2022,No Deployment Reported,No,No,https://static.nhtsa.gov/odi/ffdd/sgo-2021-01/Archive-2021-2025/SGO-2021-01_Incident_Reports_ADS.csv,Yes
30391-3808,1,2ef7294be596ddb,AUG-2022,No Deployment Reported,No,No,https://static.nhtsa.gov/odi/ffdd/sgo-2021-01/Archive-2021-2025/SGO-2021-01_Incident_Reports_ADS.csv,Yes
30391-4811,2,d1097c7706589a9,FEB-2023,Unknown,No,Unknown,https://static.nhtsa.gov/odi/ffdd/sgo-2021-01/Archive-2021-2025/SGO-2021-01_Incident_Reports_ADS.csv,Yes
30391-5009,1,d1097c7706589a9,FEB-2023,Unknown,No,Unknown,https://static.nhtsa.gov/odi/ffdd/sgo-2021-01/Archive-2021-2025/SGO-2021-01_Incident_Reports_ADS.csv,Yes
30391-6563,1,1247cf7e78f61f6,OCT-2023,No Deployment Reported,No,No,https://static.nhtsa.gov/odi/ffdd/sgo-2021-01/Archive-2021-2025/SGO-2021-01_Incident_Reports_ADS.csv,Yes
30391-8984,1,8563d4571c2a4f2,OCT-2024,Unknown,No,,https://static.nhtsa.gov/odi/ffdd/sgo-2021-01/Archive-2021-2025/SGO-2021-01_Incident_Reports_ADS.csv,Yes
30410-10072,1,276c44175c4e6fa,FEB-2025,No Deployment Reported,No,No,https://static.nhtsa.gov/odi/ffdd/sgo-2021-01/Archive-2021-2025/SGO-2021-01_Incident_Reports_ADS.csv,Yes
30410-10855,2,c397f44794adc7e,MAY-2025,Unknown,No,,https://static.nhtsa.gov/odi/ffdd/sgo-2021-01/Archive-2021-2025/SGO-2021-01_Incident_Reports_ADS.csv,Yes
30410-11101,1,0229e852164543d,JUN-2025,No Deployment Reported,,,https://static.nhtsa.gov/odi/ffdd/sgo-2021-01/SGO-2021-01_Incident_Reports_ADS.csv,Yes
30410-11770,1,ceeab43629938c3,SEP-2025,No Deployment Reported,,,https://static.nhtsa.gov/odi/ffdd/sgo-2021-01/SGO-2021-01_Incident_Reports_ADS.csv,Yes
30410-11857,1,647a1bcbb07bd1d,OCT-2025,No Deployment Reported,,,https://static.nhtsa.gov/odi/ffdd/sgo-2021-01/SGO-2021-01_Incident_Reports_ADS.csv,Yes
30410-12017,1,2276b346289ba9c,OCT-2025,Unknown,,,https://static.nhtsa.gov/odi/ffdd/sgo-2021-01/SGO-2021-01_Incident_Reports_ADS.csv,Yes
30410-13069,1,444abc7401432e7,NOV-2025,No Deployment Reported,,,https://static.nhtsa.gov/odi/ffdd/sgo-2021-01/SGO-2021-01_Incident_Reports_ADS.csv,Yes
30410-14092,1,c8a145a102b1d0c,FEB-2026,No Deployment Reported,,,https://static.nhtsa.gov/odi/ffdd/sgo-2021-01/SGO-2021-01_Incident_Reports_ADS.csv,Yes
30410-14170,1,b17f68626678ca5,FEB-2026,Unknown,,,https://static.nhtsa.gov/odi/ffdd/sgo-2021-01/SGO-2021-01_Incident_Reports_ADS.csv,Yes
30410-14238,1,debe4f3f3881687,FEB-2026,No Deployment Reported,,,https://static.nhtsa.gov/odi/ffdd/sgo-2021-01/SGO-2021-01_Incident_Reports_ADS.csv,Yes
30410-14562,1,d0d2b956a14a299,APR-2026,No Deployment Reported,,,https://static.nhtsa.gov/odi/ffdd/sgo-2021-01/SGO-2021-01_Incident_Reports_ADS.csv,Yes
30410-15247,1,a84b653066e3b68,MAY-2026,No Deployment Reported,,,https://static.nhtsa.gov/odi/ffdd/sgo-2021-01/SGO-2021-01_Incident_Reports_ADS.csv,Yes
30410-15591,1,f89bed9069d7689,JUN-2026,No Deployment Reported,,,https://static.nhtsa.gov/odi/ffdd/sgo-2021-01/SGO-2021-01_Incident_Reports_ADS.csv,Yes
30410-15730,1,28b1c784d93a162,JUL-2026,No Deployment Reported,,,https://static.nhtsa.gov/odi/ffdd/sgo-2021-01/SGO-2021-01_Incident_Reports_ADS.csv,Yes
30410-3043,1,,MAY-2022,No Deployment Reported,No,Not Applicable,https://static.nhtsa.gov/odi/ffdd/sgo-2021-01/Archive-2021-2025/SGO-2021-01_Incident_Reports_ADS.csv,Yes
30410-4799,1,1016e5c64e50462,JAN-2023,No Deployment Reported,No,No,https://static.nhtsa.gov/odi/ffdd/sgo-2021-01/Archive-2021-2025/SGO-2021-01_Incident_Reports_ADS.csv,Yes
30410-5003,1,37bce9ebe5f477f,FEB-2023,No Deployment Reported,No,No,https://static.nhtsa.gov/odi/ffdd/sgo-2021-01/Archive-2021-2025/SGO-2021-01_Incident_Reports_ADS.csv,Yes
30410-5786,2,fdceba88754ba36,JUN-2023,No Deployment Reported,No,No,https://static.nhtsa.gov/odi/ffdd/sgo-2021-01/Archive-2021-2025/SGO-2021-01_Incident_Reports_ADS.csv,Yes
30410-6792,1,670484ffbbaf0e4,DEC-2023,No Deployment Reported,No,No,https://static.nhtsa.gov/odi/ffdd/sgo-2021-01/Archive-2021-2025/SGO-2021-01_Incident_Reports_ADS.csv,Yes
30410-7276,2,3ba6e26d74e6f93,FEB-2024,Unknown,No,,https://static.nhtsa.gov/odi/ffdd/sgo-2021-01/Archive-2021-2025/SGO-2021-01_Incident_Reports_ADS.csv,Yes
30410-8366,1,8889dbfa87b1a25,AUG-2024,Unknown,No,,https://static.nhtsa.gov/odi/ffdd/sgo-2021-01/Archive-2021-2025/SGO-2021-01_Incident_Reports_ADS.csv,Yes
30410-8493,2,0c7e3f0ce19fb32,SEP-2024,No Deployment Reported,No,No,https://static.nhtsa.gov/odi/ffdd/sgo-2021-01/Archive-2021-2025/SGO-2021-01_Incident_Reports_ADS.csv,Yes
30410-9752,1,2e10aa5924c3a69,JAN-2025,No Deployment Reported,No,No,https://static.nhtsa.gov/odi/ffdd/sgo-2021-01/Archive-2021-2025/SGO-2021-01_Incident_Reports_ADS.csv,Yes
30410-9804,1,b42deb39142d807,FEB-2025,No Deployment Reported,No,No,https://static.nhtsa.gov/odi/ffdd/sgo-2021-01/Archive-2021-2025/SGO-2021-01_Incident_Reports_ADS.csv,Yes
30410-9857,1,2fa56e3fae57fff,FEB-2025,No Deployment Reported,No,No,https://static.nhtsa.gov/odi/ffdd/sgo-2021-01/Archive-2021-2025/SGO-2021-01_Incident_Reports_ADS.csv,Yes
30410-9946,1,4ce5e32b26da9ff,FEB-2025,No Deployment Reported,No,No,https://static.nhtsa.gov/odi/ffdd/sgo-2021-01/Archive-2021-2025/SGO-2021-01_Incident_Reports_ADS.csv,Yes
30412-1089,1,dfa7cebb30de052,JUL-2021,Unknown,No,Unknown,https://static.nhtsa.gov/odi/ffdd/sgo-2021-01/Archive-2021-2025/SGO-2021-01_Incident_Reports_ADS.csv,Yes
30412-1138,2,aed9b05ea58c626,AUG-2021,Unknown,No,,https://static.nhtsa.gov/odi/ffdd/sgo-2021-01/Archive-2021-2025/SGO-2021-01_Incident_Reports_ADS.csv,Yes
30412-1293,2,75b4756180a9b45,AUG-2021,No Deployment Reported,No,No,https://static.nhtsa.gov/odi/ffdd/sgo-2021-01/Archive-2021-2025/SGO-2021-01_Incident_Reports_ADS.csv,Yes
30412-1389,1,69902b4f9484463,OCT-2021,No Deployment Reported,No,No,https://static.nhtsa.gov/odi/ffdd/sgo-2021-01/Archive-2021-2025/SGO-2021-01_Incident_Reports_ADS.csv,Yes
30412-16,2,3759781d335193e,JUL-2021,No Deployment Reported,No,Not Applicable,https://static.nhtsa.gov/odi/ffdd/sgo-2021-01/Archive-2021-2025/SGO-2021-01_Incident_Reports_ADS.csv,Yes
30412-1674,2,62c34a263ca5455,NOV-2021,No Deployment Reported,No,No,https://static.nhtsa.gov/odi/ffdd/sgo-2021-01/Archive-2021-2025/SGO-2021-01_Incident_Reports_ADS.csv,Yes
30412-1870,1,f569d4f9a3d9b18,NOV-2021,No Deployment Reported,No,No,https://static.nhtsa.gov/odi/ffdd/sgo-2021-01/Archive-2021-2025/SGO-2021-01_Incident_Reports_ADS.csv,Yes
30412-2017,1,c7b2b7547ace394,DEC-2021,No Deployment Reported,No,No,https://static.nhtsa.gov/odi/ffdd/sgo-2021-01/Archive-2021-2025/SGO-2021-01_Incident_Reports_ADS.csv,Yes
30412-2018,1,7f147216f2506e2,DEC-2021,No Deployment Reported,No,No,https://static.nhtsa.gov/odi/ffdd/sgo-2021-01/Archive-2021-2025/SGO-2021-01_Incident_Reports_ADS.csv,Yes
30412-2019,1,0785569a15960a6,DEC-2021,No Deployment Reported,No,No,https://static.nhtsa.gov/odi/ffdd/sgo-2021-01/Archive-2021-2025/SGO-2021-01_Incident_Reports_ADS.csv,Yes
30412-2020,1,bcd5c7d623b0294,NOV-2021,No Deployment Reported,No,No,https://static.nhtsa.gov/odi/ffdd/sgo-2021-01/Archive-2021-2025/SGO-2021-01_Incident_Reports_ADS.csv,Yes
30412-2173,3,4b0988fa9b7493b,JAN-2022,No Deployment Reported,No,No,https://static.nhtsa.gov/odi/ffdd/sgo-2021-01/Archive-2021-2025/SGO-2021-01_Incident_Reports_ADS.csv,Yes
30412-2216,2,db822920fda66b7,JAN-2022,Unknown,No,,https://static.nhtsa.gov/odi/ffdd/sgo-2021-01/Archive-2021-2025/SGO-2021-01_Incident_Reports_ADS.csv,Yes
30412-2476,2,027edaee5964dad,FEB-2022,No Deployment Reported,No,No,https://static.nhtsa.gov/odi/ffdd/sgo-2021-01/Archive-2021-2025/SGO-2021-01_Incident_Reports_ADS.csv,Yes
30412-2588,2,71233f2d25b765e,MAR-2022,Unknown,No,,https://static.nhtsa.gov/odi/ffdd/sgo-2021-01/Archive-2021-2025/SGO-2021-01_Incident_Reports_ADS.csv,Yes
30412-2593,2,b6c5a51fe02a6c7,MAR-2022,No Deployment Reported,No,No,https://static.nhtsa.gov/odi/ffdd/sgo-2021-01/Archive-2021-2025/SGO-2021-01_Incident_Reports_ADS.csv,Yes
30412-2654,2,3cb771235b0bfdc,MAR-2022,Unknown,No,Unknown,https://static.nhtsa.gov/odi/ffdd/sgo-2021-01/Archive-2021-2025/SGO-2021-01_Incident_Reports_ADS.csv,Yes
30412-2823,2,8776dfb913c3859,APR-2022,Unknown,No,Unknown,https://static.nhtsa.gov/odi/ffdd/sgo-2021-01/Archive-2021-2025/SGO-2021-01_Incident_Reports_ADS.csv,Yes
30412-2884,1,a773c7629437fd1,APR-2022,No Deployment Reported,No,No,https://static.nhtsa.gov/odi/ffdd/sgo-2021-01/Archive-2021-2025/SGO-2021-01_Incident_Reports_ADS.csv,Yes
30412-2885,1,059363eb92eeb8d,APR-2022,No Deployment Reported,No,No,https://static.nhtsa.gov/odi/ffdd/sgo-2021-01/Archive-2021-2025/SGO-2021-01_Incident_Reports_ADS.csv,Yes
30412-2886,1,bfe1f6e953a7063,APR-2022,No Deployment Reported,No,No,https://static.nhtsa.gov/odi/ffdd/sgo-2021-01/Archive-2021-2025/SGO-2021-01_Incident_Reports_ADS.csv,Yes
30412-2887,1,7b3835d9afdf5e9,APR-2022,No Deployment Reported,No,No,https://static.nhtsa.gov/odi/ffdd/sgo-2021-01/Archive-2021-2025/SGO-2021-01_Incident_Reports_ADS.csv,Yes
30412-2888,1,2d91b0082b762ab,APR-2022,No Deployment Reported,No,No,https://static.nhtsa.gov/odi/ffdd/sgo-2021-01/Archive-2021-2025/SGO-2021-01_Incident_Reports_ADS.csv,Yes
30412-3073,1,6b298fec78911d4,MAY-2022,No Deployment Reported,No,No,https://static.nhtsa.gov/odi/ffdd/sgo-2021-01/Archive-2021-2025/SGO-2021-01_Incident_Reports_ADS.csv,Yes
30412-3080,2,9d481ed6b4babd7,JUN-2022,Unknown,No,,https://static.nhtsa.gov/odi/ffdd/sgo-2021-01/Archive-2021-2025/SGO-2021-01_Incident_Reports_ADS.csv,Yes
30412-3084,2,07df46993d3d218,JUN-2022,Deployed,No,Yes,https://static.nhtsa.gov/odi/ffdd/sgo-2021-01/Archive-2021-2025/SGO-2021-01_Incident_Reports_ADS.csv,Yes
30412-3281,2,1a8f11b1e58e6e7,JUN-2022,Unknown,No,,https://static.nhtsa.gov/odi/ffdd/sgo-2021-01/Archive-2021-2025/SGO-2021-01_Incident_Reports_ADS.csv,Yes
30412-3580,1,0585384b4e974df,JUL-2022,No Deployment Reported,No,No,https://static.nhtsa.gov/odi/ffdd/sgo-2021-01/Archive-2021-2025/SGO-2021-01_Incident_Reports_ADS.csv,Yes
30412-3581,1,80f5e3334587177,JUL-2022,No Deployment Reported,No,No,https://static.nhtsa.gov/odi/ffdd/sgo-2021-01/Archive-2021-2025/SGO-2021-01_Incident_Reports_ADS.csv,Yes
30412-3582,1,de1e4b6864f40ef,JUL-2022,No Deployment Reported,No,No,https://static.nhtsa.gov/odi/ffdd/sgo-2021-01/Archive-2021-2025/SGO-2021-01_Incident_Reports_ADS.csv,Yes
30412-3584,1,840c1edd23883ed,JUL-2022,No Deployment Reported,No,No,https://static.nhtsa.gov/odi/ffdd/sgo-2021-01/Archive-2021-2025/SGO-2021-01_Incident_Reports_ADS.csv,Yes
30412-3748,3,7dc63f84ed3a0fb,SEP-2022,No Deployment Reported,No,Not Applicable,https://static.nhtsa.gov/odi/ffdd/sgo-2021-01/Archive-2021-2025/SGO-2021-01_Incident_Reports_ADS.csv,Yes
30412-3801,1,35e10a085af7d4b,AUG-2022,No Deployment Reported,No,No,https://static.nhtsa.gov/odi/ffdd/sgo-2021-01/Archive-2021-2025/SGO-2021-01_Incident_Reports_ADS.csv,Yes
30412-3806,1,d827a618d04f24a,AUG-2022,No Deployment Reported,No,No,https://static.nhtsa.gov/odi/ffdd/sgo-2021-01/Archive-2021-2025/SGO-2021-01_Incident_Reports_ADS.csv,Yes
30412-3978,3,62c1ea636449cfd,SEP-2022,No Deployment Reported,No,No,https://static.nhtsa.gov/odi/ffdd/sgo-2021-01/Archive-2021-2025/SGO-2021-01_Incident_Reports_ADS.csv,Yes
30412-4511,2,3b559d83bff3844,DEC-2022,Unknown,No,Unknown,https://static.nhtsa.gov/odi/ffdd/sgo-2021-01/Archive-2021-2025/SGO-2021-01_Incident_Reports_ADS.csv,Yes
30412-4540,2,99108ea3e1b8746,DEC-2022,Unknown,No,Unknown,https://static.nhtsa.gov/odi/ffdd/sgo-2021-01/Archive-2021-2025/SGO-2021-01_Incident_Reports_ADS.csv,Yes
30412-4640,1,c65deb7d73ffd40,DEC-2022,Unknown,No,Unknown,https://static.nhtsa.gov/odi/ffdd/sgo-2021-01/Archive-2021-2025/SGO-2021-01_Incident_Reports_ADS.csv,Yes
30412-4642,1,8bfa1a0f855252b,DEC-2022,No Deployment Reported,No,No,https://static.nhtsa.gov/odi/ffdd/sgo-2021-01/Archive-2021-2025/SGO-2021-01_Incident_Reports_ADS.csv,Yes
30412-4829,2,1348f20bffe6753,FEB-2023,No Deployment Reported,No,No,https://static.nhtsa.gov/odi/ffdd/sgo-2021-01/Archive-2021-2025/SGO-2021-01_Incident_Reports_ADS.csv,Yes
30412-4960,2,623cbe4cd511622,MAR-2023,No Deployment Reported,No,No,https://static.nhtsa.gov/odi/ffdd/sgo-2021-01/Archive-2021-2025/SGO-2021-01_Incident_Reports_ADS.csv,Yes
30412-4996,2,3858314d6e8eea8,MAR-2023,Deployed,No,Yes,https://static.nhtsa.gov/odi/ffdd/sgo-2021-01/Archive-2021-2025/SGO-2021-01_Incident_Reports_ADS.csv,Yes
30412-5035,1,1554418482f70b1,FEB-2023,No Deployment Reported,No,No,https://static.nhtsa.gov/odi/ffdd/sgo-2021-01/Archive-2021-2025/SGO-2021-01_Incident_Reports_ADS.csv,Yes
30412-5036,1,e67b7f9cd19c53f,FEB-2023,No Deployment Reported,No,No,https://static.nhtsa.gov/odi/ffdd/sgo-2021-01/Archive-2021-2025/SGO-2021-01_Incident_Reports_ADS.csv,Yes
30412-5101,2,ce612b3607697d1,MAR-2023,Deployed,Yes,Yes,https://static.nhtsa.gov/odi/ffdd/sgo-2021-01/Archive-2021-2025/SGO-2021-01_Incident_Reports_ADS.csv,Yes
30412-5136,2,4c753d1707263d0,MAR-2023,No Deployment Reported,No,Not Applicable,https://static.nhtsa.gov/odi/ffdd/sgo-2021-01/Archive-2021-2025/SGO-2021-01_Incident_Reports_ADS.csv,Yes
30412-5140,2,3349adfc6b67eb6,MAR-2023,No Deployment Reported,No,No,https://static.nhtsa.gov/odi/ffdd/sgo-2021-01/Archive-2021-2025/SGO-2021-01_Incident_Reports_ADS.csv,Yes
30412-5220,2,e856cba9a39d8d1,APR-2023,Deployed,Yes,No,https://static.nhtsa.gov/odi/ffdd/sgo-2021-01/Archive-2021-2025/SGO-2021-01_Incident_Reports_ADS.csv,Yes
30412-5229,1,88ecabe6fd44430,MAR-2023,No Deployment Reported,No,No,https://static.nhtsa.gov/odi/ffdd/sgo-2021-01/Archive-2021-2025/SGO-2021-01_Incident_Reports_ADS.csv,Yes
30412-5240,1,bdb5ec9360c174d,MAR-2023,No Deployment Reported,No,No,https://static.nhtsa.gov/odi/ffdd/sgo-2021-01/Archive-2021-2025/SGO-2021-01_Incident_Reports_ADS.csv,Yes
30412-5241,1,5f84ecec46032ea,MAR-2023,No Deployment Reported,No,Not Applicable,https://static.nhtsa.gov/odi/ffdd/sgo-2021-01/Archive-2021-2025/SGO-2021-01_Incident_Reports_ADS.csv,Yes
30412-5242,1,0bdcd0947a69992,MAR-2023,No Deployment Reported,No,Not Applicable,https://static.nhtsa.gov/odi/ffdd/sgo-2021-01/Archive-2021-2025/SGO-2021-01_Incident_Reports_ADS.csv,Yes
30412-5243,1,ee4ac7ef4aac9d9,MAR-2023,No Deployment Reported,No,No,https://static.nhtsa.gov/odi/ffdd/sgo-2021-01/Archive-2021-2025/SGO-2021-01_Incident_Reports_ADS.csv,Yes
30412-5287,2,157c3bf1bb69649,APR-2023,No Deployment Reported,No,No,https://static.nhtsa.gov/odi/ffdd/sgo-2021-01/Archive-2021-2025/SGO-2021-01_Incident_Reports_ADS.csv,Yes
30412-5288,2,f33492b4c98bb33,APR-2023,No Deployment Reported,No,No,https://static.nhtsa.gov/odi/ffdd/sgo-2021-01/Archive-2021-2025/SGO-2021-01_Incident_Reports_ADS.csv,Yes
30412-5422,3,20699d65c5c18d0,MAY-2023,Unknown,No,,https://static.nhtsa.gov/odi/ffdd/sgo-2021-01/Archive-2021-2025/SGO-2021-01_Incident_Reports_ADS.csv,Yes
30412-5430,2,eba897229a84611,MAY-2023,No Deployment Reported,No,No,https://static.nhtsa.gov/odi/ffdd/sgo-2021-01/Archive-2021-2025/SGO-2021-01_Incident_Reports_ADS.csv,Yes
30412-5458,1,4878736008532f6,APR-2023,No Deployment Reported,No,No,https://static.nhtsa.gov/odi/ffdd/sgo-2021-01/Archive-2021-2025/SGO-2021-01_Incident_Reports_ADS.csv,Yes
30412-5459,1,07bb2ce18fb1861,APR-2023,No Deployment Reported,No,Not Applicable,https://static.nhtsa.gov/odi/ffdd/sgo-2021-01/Archive-2021-2025/SGO-2021-01_Incident_Reports_ADS.csv,Yes
30412-5460,1,fdf7cea0641af7a,APR-2023,Unknown,No,Unknown,https://static.nhtsa.gov/odi/ffdd/sgo-2021-01/Archive-2021-2025/SGO-2021-01_Incident_Reports_ADS.csv,Yes
30412-5461,1,5b9c3b0562e5b31,APR-2023,Unknown,No,Unknown,https://static.nhtsa.gov/odi/ffdd/sgo-2021-01/Archive-2021-2025/SGO-2021-01_Incident_Reports_ADS.csv,Yes
30412-5462,1,010fdfbd6af2798,APR-2023,No Deployment Reported,No,Not Applicable,https://static.nhtsa.gov/odi/ffdd/sgo-2021-01/Archive-2021-2025/SGO-2021-01_Incident_Reports_ADS.csv,Yes
30412-5624,1,34e9268c40d9f69,MAY-2023,No Deployment Reported,No,No,https://static.nhtsa.gov/odi/ffdd/sgo-2021-01/Archive-2021-2025/SGO-2021-01_Incident_Reports_ADS.csv,Yes
30412-5661,1,6487347c1ac4a6b,JUN-2023,No Deployment Reported,No,No,https://static.nhtsa.gov/odi/ffdd/sgo-2021-01/Archive-2021-2025/SGO-2021-01_Incident_Reports_ADS.csv,Yes
30412-5687,2,dd2b2de3e21074d,JUN-2023,No Deployment Reported,No,No,https://static.nhtsa.gov/odi/ffdd/sgo-2021-01/Archive-2021-2025/SGO-2021-01_Incident_Reports_ADS.csv,Yes
30412-5697,1,6da6905b2ae0d06,MAY-2023,No Deployment Reported,No,No,https://static.nhtsa.gov/odi/ffdd/sgo-2021-01/Archive-2021-2025/SGO-2021-01_Incident_Reports_ADS.csv,Yes
30412-5708,1,421b580a5088b18,MAY-2023,No Deployment Reported,No,No,https://static.nhtsa.gov/odi/ffdd/sgo-2021-01/Archive-2021-2025/SGO-2021-01_Incident_Reports_ADS.csv,Yes
30412-5709,1,c849a0142da5979,MAY-2023,No Deployment Reported,No,No,https://static.nhtsa.gov/odi/ffdd/sgo-2021-01/Archive-2021-2025/SGO-2021-01_Incident_Reports_ADS.csv,Yes
30412-5710,1,6ec340eafed8851,MAY-2023,No Deployment Reported,No,No,https://static.nhtsa.gov/odi/ffdd/sgo-2021-01/Archive-2021-2025/SGO-2021-01_Incident_Reports_ADS.csv,Yes
30412-5711,1,85bf4a37bd6ec26,MAY-2023,No Deployment Reported,No,No,https://static.nhtsa.gov/odi/ffdd/sgo-2021-01/Archive-2021-2025/SGO-2021-01_Incident_Reports_ADS.csv,Yes
30412-5782,1,d9ef2eb5a3957bb,JUN-2023,No Deployment Reported,No,Not Applicable,https://static.nhtsa.gov/odi/ffdd/sgo-2021-01/Archive-2021-2025/SGO-2021-01_Incident_Reports_ADS.csv,Yes
30412-5799,1,a077d6a8e677ac0,JUN-2023,No Deployment Reported,No,Not Applicable,https://static.nhtsa.gov/odi/ffdd/sgo-2021-01/Archive-2021-2025/SGO-2021-01_Incident_Reports_ADS.csv,Yes
30412-5828,1,e0191bd1f8c9e7e,JUN-2023,No Deployment Reported,No,No,https://static.nhtsa.gov/odi/ffdd/sgo-2021-01/Archive-2021-2025/SGO-2021-01_Incident_Reports_ADS.csv,Yes
30412-5831,1,0b01b063261158e,JUN-2023,No Deployment Reported,No,Not Applicable,https://static.nhtsa.gov/odi/ffdd/sgo-2021-01/Archive-2021-2025/SGO-2021-01_Incident_Reports_ADS.csv,Yes
30412-5832,1,6640153aa3063d5,JUN-2023,No Deployment Reported,No,No,https://static.nhtsa.gov/odi/ffdd/sgo-2021-01/Archive-2021-2025/SGO-2021-01_Incident_Reports_ADS.csv,Yes
30412-5833,1,e77696cb7c077c5,JUN-2023,No Deployment Reported,No,No,https://static.nhtsa.gov/odi/ffdd/sgo-2021-01/Archive-2021-2025/SGO-2021-01_Incident_Reports_ADS.csv,Yes
30412-5836,1,bd417176f48c034,JUN-2023,No Deployment Reported,No,No,https://static.nhtsa.gov/odi/ffdd/sgo-2021-01/Archive-2021-2025/SGO-2021-01_Incident_Reports_ADS.csv,Yes
30412-5848,1,c4edae09c5eac62,JUL-2023,No Deployment Reported,No,No,https://static.nhtsa.gov/odi/ffdd/sgo-2021-01/Archive-2021-2025/SGO-2021-01_Incident_Reports_ADS.csv,Yes
30412-5968,1,b371438c0da79a5,JUL-2023,No Deployment Reported,No,No,https://static.nhtsa.gov/odi/ffdd/sgo-2021-01/Archive-2021-2025/SGO-2021-01_Incident_Reports_ADS.csv,Yes
30412-5980,1,3577e4ade5fce24,JUL-2023,Deployed,Yes,Yes,https://static.nhtsa.gov/odi/ffdd/sgo-2021-01/Archive-2021-2025/SGO-2021-01_Incident_Reports_ADS.csv,Yes
30412-5981,1,d882789ee7a4ca1,JUL-2023,Deployed,No,Yes,https://static.nhtsa.gov/odi/ffdd/sgo-2021-01/Archive-2021-2025/SGO-2021-01_Incident_Reports_ADS.csv,Yes
30412-5982,2,0cc9d9a746d8ae5,JUL-2023,No Deployment Reported,No,No,https://static.nhtsa.gov/odi/ffdd/sgo-2021-01/Archive-2021-2025/SGO-2021-01_Incident_Reports_ADS.csv,Yes
30412-5989,1,71e072b12612549,JUL-2023,No Deployment Reported,No,No,https://static.nhtsa.gov/odi/ffdd/sgo-2021-01/Archive-2021-2025/SGO-2021-01_Incident_Reports_ADS.csv,Yes
30412-5992,1,853930efe63ba70,JUL-2023,No Deployment Reported,No,No,https://static.nhtsa.gov/odi/ffdd/sgo-2021-01/Archive-2021-2025/SGO-2021-01_Incident_Reports_ADS.csv,Yes
30412-5993,1,919102c28fff2ca,JUL-2023,No Deployment Reported,No,No,https://static.nhtsa.gov/odi/ffdd/sgo-2021-01/Archive-2021-2025/SGO-2021-01_Incident_Reports_ADS.csv,Yes
30412-6006,1,8a177e450e8774c,JUL-2023,No Deployment Reported,No,No,https://static.nhtsa.gov/odi/ffdd/sgo-2021-01/Archive-2021-2025/SGO-2021-01_Incident_Reports_ADS.csv,Yes
30412-6020,1,8769ad7314aa0a5,AUG-2023,No Deployment Reported,No,No,https://static.nhtsa.gov/odi/ffdd/sgo-2021-01/Archive-2021-2025/SGO-2021-01_Incident_Reports_ADS.csv,Yes
30412-6037,1,2b45b757c05a1e4,JUL-2023,No Deployment Reported,No,No,https://static.nhtsa.gov/odi/ffdd/sgo-2021-01/Archive-2021-2025/SGO-2021-01_Incident_Reports_ADS.csv,Yes
30412-6038,1,76e9788e6cbf5dc,JUL-2023,No Deployment Reported,No,No,https://static.nhtsa.gov/odi/ffdd/sgo-2021-01/Archive-2021-2025/SGO-2021-01_Incident_Reports_ADS.csv,Yes
30412-6039,2,0c8da6d17337ae5,JUL-2023,No Deployment Reported,No,No,https://static.nhtsa.gov/odi/ffdd/sgo-2021-01/Archive-2021-2025/SGO-2021-01_Incident_Reports_ADS.csv,Yes
30412-6040,1,38c4b32541f4122,JUL-2023,No Deployment Reported,No,No,https://static.nhtsa.gov/odi/ffdd/sgo-2021-01/Archive-2021-2025/SGO-2021-01_Incident_Reports_ADS.csv,Yes
30412-6041,1,71e0dfa7bd9967b,JUL-2023,No Deployment Reported,No,Not Applicable,https://static.nhtsa.gov/odi/ffdd/sgo-2021-01/Archive-2021-2025/SGO-2021-01_Incident_Reports_ADS.csv,Yes
30412-6042,1,86b4543603ad8af,JUL-2023,No Deployment Reported,No,No,https://static.nhtsa.gov/odi/ffdd/sgo-2021-01/Archive-2021-2025/SGO-2021-01_Incident_Reports_ADS.csv,Yes
30412-6043,1,d48b8655a2a347a,JUL-2023,No Deployment Reported,No,No,https://static.nhtsa.gov/odi/ffdd/sgo-2021-01/Archive-2021-2025/SGO-2021-01_Incident_Reports_ADS.csv,Yes
30412-6044,1,11b1d6ea16682dc,JUL-2023,No Deployment Reported,No,No,https://static.nhtsa.gov/odi/ffdd/sgo-2021-01/Archive-2021-2025/SGO-2021-01_Incident_Reports_ADS.csv,Yes
30412-6051,1,6518984c44dae43,AUG-2023,No Deployment Reported,No,No,https://static.nhtsa.gov/odi/ffdd/sgo-2021-01/Archive-2021-2025/SGO-2021-01_Incident_Reports_ADS.csv,Yes
30412-6052,1,34a2a91e7ebe7b8,AUG-2023,No Deployment Reported,No,No,https://static.nhtsa.gov/odi/ffdd/sgo-2021-01/Archive-2021-2025/SGO-2021-01_Incident_Reports_ADS.csv,Yes
30412-6139,1,8e7f82326ba47e0,AUG-2023,No Deployment Reported,No,No,https://static.nhtsa.gov/odi/ffdd/sgo-2021-01/Archive-2021-2025/SGO-2021-01_Incident_Reports_ADS.csv,Yes
30412-6144,3,d8658d11ce22465,AUG-2023,Deployed,Yes,No,https://static.nhtsa.gov/odi/ffdd/sgo-2021-01/Archive-2021-2025/SGO-2021-01_Incident_Reports_ADS.csv,Yes
30412-6145,2,250a095dea0e0fd,AUG-2023,Unknown,No,,https://static.nhtsa.gov/odi/ffdd/sgo-2021-01/Archive-2021-2025/SGO-2021-01_Incident_Reports_ADS.csv,Yes
30412-6158,1,aae6306629016ce,AUG-2023,No Deployment Reported,No,No,https://static.nhtsa.gov/odi/ffdd/sgo-2021-01/Archive-2021-2025/SGO-2021-01_Incident_Reports_ADS.csv,Yes
30412-6159,2,bdbef5fb68c771f,AUG-2023,Deployed,Yes,Yes,https://static.nhtsa.gov/odi/ffdd/sgo-2021-01/Archive-2021-2025/SGO-2021-01_Incident_Reports_ADS.csv,Yes
30412-6160,2,350127996a9c99d,AUG-2023,Deployed,Yes,Unknown,https://static.nhtsa.gov/odi/ffdd/sgo-2021-01/Archive-2021-2025/SGO-2021-01_Incident_Reports_ADS.csv,Yes
30412-6167,2,a031f7256578809,AUG-2023,No Deployment Reported,No,No,https://static.nhtsa.gov/odi/ffdd/sgo-2021-01/Archive-2021-2025/SGO-2021-01_Incident_Reports_ADS.csv,Yes
30412-6175,2,558b2f6cb423a8b,AUG-2023,Unknown,No,,https://static.nhtsa.gov/odi/ffdd/sgo-2021-01/Archive-2021-2025/SGO-2021-01_Incident_Reports_ADS.csv,Yes
30412-6179,1,991a08adc8d27c7,AUG-2023,Unknown,No,,https://static.nhtsa.gov/odi/ffdd/sgo-2021-01/Archive-2021-2025/SGO-2021-01_Incident_Reports_ADS.csv,Yes
30412-6180,2,e55e0dbe712106f,AUG-2023,No Deployment Reported,No,Not Applicable,https://static.nhtsa.gov/odi/ffdd/sgo-2021-01/Archive-2021-2025/SGO-2021-01_Incident_Reports_ADS.csv,Yes
30412-6181,1,a3b36081dcdb405,AUG-2023,No Deployment Reported,No,No,https://static.nhtsa.gov/odi/ffdd/sgo-2021-01/Archive-2021-2025/SGO-2021-01_Incident_Reports_ADS.csv,Yes
30412-6191,1,6bc882127d0d3d9,AUG-2023,No Deployment Reported,No,No,https://static.nhtsa.gov/odi/ffdd/sgo-2021-01/Archive-2021-2025/SGO-2021-01_Incident_Reports_ADS.csv,Yes
30412-6242,1,a8c95cceeb75eda,SEP-2023,Deployed,No,Yes,https://static.nhtsa.gov/odi/ffdd/sgo-2021-01/Archive-2021-2025/SGO-2021-01_Incident_Reports_ADS.csv,Yes
30412-6262,1,bf6c4ac7c86369b,SEP-2023,Deployed,Yes,No,https://static.nhtsa.gov/odi/ffdd/sgo-2021-01/Archive-2021-2025/SGO-2021-01_Incident_Reports_ADS.csv,Yes
30412-6268,1,dddd801cc7734cb,AUG-2023,No Deployment Reported,No,No,https://static.nhtsa.gov/odi/ffdd/sgo-2021-01/Archive-2021-2025/SGO-2021-01_Incident_Reports_ADS.csv,Yes
30412-6269,1,9bbcc8e37f34850,AUG-2023,No Deployment Reported,No,No,https://static.nhtsa.gov/odi/ffdd/sgo-2021-01/Archive-2021-2025/SGO-2021-01_Incident_Reports_ADS.csv,Yes
30412-6270,1,e96092613d9dd35,AUG-2023,No Deployment Reported,No,No,https://static.nhtsa.gov/odi/ffdd/sgo-2021-01/Archive-2021-2025/SGO-2021-01_Incident_Reports_ADS.csv,Yes
30412-6271,1,a1a3b76299c95c4,AUG-2023,No Deployment Reported,No,No,https://static.nhtsa.gov/odi/ffdd/sgo-2021-01/Archive-2021-2025/SGO-2021-01_Incident_Reports_ADS.csv,Yes
30412-6272,1,6fe6f968f40e80b,AUG-2023,No Deployment Reported,No,No,https://static.nhtsa.gov/odi/ffdd/sgo-2021-01/Archive-2021-2025/SGO-2021-01_Incident_Reports_ADS.csv,Yes
30412-6273,1,b77f65c9bc8eab0,AUG-2023,No Deployment Reported,No,No,https://static.nhtsa.gov/odi/ffdd/sgo-2021-01/Archive-2021-2025/SGO-2021-01_Incident_Reports_ADS.csv,Yes
30412-6274,1,299b672f88b96f3,AUG-2023,No Deployment Reported,No,No,https://static.nhtsa.gov/odi/ffdd/sgo-2021-01/Archive-2021-2025/SGO-2021-01_Incident_Reports_ADS.csv,Yes
30412-6275,1,36eaf89cd2651b4,AUG-2023,No Deployment Reported,No,No,https://static.nhtsa.gov/odi/ffdd/sgo-2021-01/Archive-2021-2025/SGO-2021-01_Incident_Reports_ADS.csv,Yes
30412-6276,1,4cfdaf92efc44d4,AUG-2023,No Deployment Reported,No,No,https://static.nhtsa.gov/odi/ffdd/sgo-2021-01/Archive-2021-2025/SGO-2021-01_Incident_Reports_ADS.csv,Yes
30412-6277,1,d52496957ff39de,AUG-2023,No Deployment Reported,No,No,https://static.nhtsa.gov/odi/ffdd/sgo-2021-01/Archive-2021-2025/SGO-2021-01_Incident_Reports_ADS.csv,Yes
30412-6278,1,47d9acb9a1f666d,AUG-2023,No Deployment Reported,No,No,https://static.nhtsa.gov/odi/ffdd/sgo-2021-01/Archive-2021-2025/SGO-2021-01_Incident_Reports_ADS.csv,Yes
30412-6279,1,5b390c5a66d9694,AUG-2023,No Deployment Reported,No,No,https://static.nhtsa.gov/odi/ffdd/sgo-2021-01/Archive-2021-2025/SGO-2021-01_Incident_Reports_ADS.csv,Yes
30412-6280,1,1e597bea8a8f186,AUG-2023,No Deployment Reported,No,No,https://static.nhtsa.gov/odi/ffdd/sgo-2021-01/Archive-2021-2025/SGO-2021-01_Incident_Reports_ADS.csv,Yes
30412-6281,1,d01df3691917979,AUG-2023,No Deployment Reported,No,No,https://static.nhtsa.gov/odi/ffdd/sgo-2021-01/Archive-2021-2025/SGO-2021-01_Incident_Reports_ADS.csv,Yes
30412-6282,1,f42a0de8300f52e,AUG-2023,No Deployment Reported,No,No,https://static.nhtsa.gov/odi/ffdd/sgo-2021-01/Archive-2021-2025/SGO-2021-01_Incident_Reports_ADS.csv,Yes
30412-6363,1,6fcf838ccdcebce,SEP-2023,Deployed,No,Yes,https://static.nhtsa.gov/odi/ffdd/sgo-2021-01/Archive-2021-2025/SGO-2021-01_Incident_Reports_ADS.csv,Yes
30412-6371,1,869da998fba268c,SEP-2023,No Deployment Reported,No,No,https://static.nhtsa.gov/odi/ffdd/sgo-2021-01/Archive-2021-2025/SGO-2021-01_Incident_Reports_ADS.csv,Yes
30412-6384,1,5b891004a3bea04,SEP-2023,No Deployment Reported,No,No,https://static.nhtsa.gov/odi/ffdd/sgo-2021-01/Archive-2021-2025/SGO-2021-01_Incident_Reports_ADS.csv,Yes
30412-6395,4,8cb088f47f347b4,OCT-2023,Unknown,No,,https://static.nhtsa.gov/odi/ffdd/sgo-2021-01/Archive-2021-2025/SGO-2021-01_Incident_Reports_ADS.csv,Yes
30412-6436,1,276f98fc839116e,SEP-2023,No Deployment Reported,No,No,https://static.nhtsa.gov/odi/ffdd/sgo-2021-01/Archive-2021-2025/SGO-2021-01_Incident_Reports_ADS.csv,Yes
30412-6437,1,5a3e624e03f04e5,SEP-2023,No Deployment Reported,No,No,https://static.nhtsa.gov/odi/ffdd/sgo-2021-01/Archive-2021-2025/SGO-2021-01_Incident_Reports_ADS.csv,Yes
30412-6438,1,f868e3683212511,SEP-2023,No Deployment Reported,No,No,https://static.nhtsa.gov/odi/ffdd/sgo-2021-01/Archive-2021-2025/SGO-2021-01_Incident_Reports_ADS.csv,Yes
30412-6439,2,90c6a1024fa3128,SEP-2023,Unknown,No,,https://static.nhtsa.gov/odi/ffdd/sgo-2021-01/Archive-2021-2025/SGO-2021-01_Incident_Reports_ADS.csv,Yes
30412-6440,1,51bfbb4becf2e95,SEP-2023,No Deployment Reported,No,No,https://static.nhtsa.gov/odi/ffdd/sgo-2021-01/Archive-2021-2025/SGO-2021-01_Incident_Reports_ADS.csv,Yes
30412-6441,1,3141a22a23dc07b,SEP-2023,No Deployment Reported,No,No,https://static.nhtsa.gov/odi/ffdd/sgo-2021-01/Archive-2021-2025/SGO-2021-01_Incident_Reports_ADS.csv,Yes
30412-6442,1,c311790f7d74673,SEP-2023,No Deployment Reported,No,No,https://static.nhtsa.gov/odi/ffdd/sgo-2021-01/Archive-2021-2025/SGO-2021-01_Incident_Reports_ADS.csv,Yes
30412-6444,1,a41db12eb07f4d9,SEP-2023,No Deployment Reported,No,No,https://static.nhtsa.gov/odi/ffdd/sgo-2021-01/Archive-2021-2025/SGO-2021-01_Incident_Reports_ADS.csv,Yes
30412-6445,2,3bc34604bd403d1,SEP-2023,No Deployment Reported,No,No,https://static.nhtsa.gov/odi/ffdd/sgo-2021-01/Archive-2021-2025/SGO-2021-01_Incident_Reports_ADS.csv,Yes
30412-6446,1,ad9e847d40148e0,SEP-2023,No Deployment Reported,No,No,https://static.nhtsa.gov/odi/ffdd/sgo-2021-01/Archive-2021-2025/SGO-2021-01_Incident_Reports_ADS.csv,Yes
30412-6447,1,f64123facf1cd4d,SEP-2023,No Deployment Reported,No,No,https://static.nhtsa.gov/odi/ffdd/sgo-2021-01/Archive-2021-2025/SGO-2021-01_Incident_Reports_ADS.csv,Yes
30412-6525,1,dc0129a4cfa3733,OCT-2023,No Deployment Reported,No,No,https://static.nhtsa.gov/odi/ffdd/sgo-2021-01/Archive-2021-2025/SGO-2021-01_Incident_Reports_ADS.csv,Yes
30412-6528,2,4848631652e9672,OCT-2023,No Deployment Reported,No,No,https://static.nhtsa.gov/odi/ffdd/sgo-2021-01/Archive-2021-2025/SGO-2021-01_Incident_Reports_ADS.csv,Yes
30412-6596,1,289362c589bd4da,OCT-2023,No Deployment Reported,No,No,https://static.nhtsa.gov/odi/ffdd/sgo-2021-01/Archive-2021-2025/SGO-2021-01_Incident_Reports_ADS.csv,Yes
30412-6597,1,167c0e19aa7af30,OCT-2023,No Deployment Reported,No,No,https://static.nhtsa.gov/odi/ffdd/sgo-2021-01/Archive-2021-2025/SGO-2021-01_Incident_Reports_ADS.csv,Yes
30412-6598,1,84adcad61710498,OCT-2023,No Deployment Reported,No,No,https://static.nhtsa.gov/odi/ffdd/sgo-2021-01/Archive-2021-2025/SGO-2021-01_Incident_Reports_ADS.csv,Yes
30412-6613,1,a106bab6fdac541,OCT-2023,No Deployment Reported,No,No,https://static.nhtsa.gov/odi/ffdd/sgo-2021-01/Archive-2021-2025/SGO-2021-01_Incident_Reports_ADS.csv,Yes
30412-6614,1,0094d46307334a0,OCT-2023,No Deployment Reported,No,No,https://static.nhtsa.gov/odi/ffdd/sgo-2021-01/Archive-2021-2025/SGO-2021-01_Incident_Reports_ADS.csv,Yes
30412-6616,1,57c001739109f42,OCT-2023,No Deployment Reported,No,No,https://static.nhtsa.gov/odi/ffdd/sgo-2021-01/Archive-2021-2025/SGO-2021-01_Incident_Reports_ADS.csv,Yes
30412-6617,1,03f712880e4d552,OCT-2023,No Deployment Reported,No,No,https://static.nhtsa.gov/odi/ffdd/sgo-2021-01/Archive-2021-2025/SGO-2021-01_Incident_Reports_ADS.csv,Yes
30412-6618,1,7ef3f121cdc8180,OCT-2023,No Deployment Reported,No,No,https://static.nhtsa.gov/odi/ffdd/sgo-2021-01/Archive-2021-2025/SGO-2021-01_Incident_Reports_ADS.csv,Yes
30412-7840,2,1116f21b046f906,JUN-2024,Unknown,No,Unknown,https://static.nhtsa.gov/odi/ffdd/sgo-2021-01/Archive-2021-2025/SGO-2021-01_Incident_Reports_ADS.csv,Yes
30412-8748,1,4ec23dc5a89933c,OCT-2024,Unknown,No,,https://static.nhtsa.gov/odi/ffdd/sgo-2021-01/Archive-2021-2025/SGO-2021-01_Incident_Reports_ADS.csv,Yes
30412-9204,2,92e33cb7fac29c6,NOV-2024,Unknown,No,,https://static.nhtsa.gov/odi/ffdd/sgo-2021-01/Archive-2021-2025/SGO-2021-01_Incident_Reports_ADS.csv,Yes
30412-9268,1,88e684e941be85e,NOV-2024,Unknown,No,Unknown,https://static.nhtsa.gov/odi/ffdd/sgo-2021-01/Archive-2021-2025/SGO-2021-01_Incident_Reports_ADS.csv,Yes
30413-10762,1,c49c24770dd5ae0,APR-2025,No Deployment Reported,No,No,https://static.nhtsa.gov/odi/ffdd/sgo-2021-01/Archive-2021-2025/SGO-2021-01_Incident_Reports_ADS.csv,Yes
30413-10763,1,6f14fafb6b8706a,APR-2025,No Deployment Reported,No,No,https://static.nhtsa.gov/odi/ffdd/sgo-2021-01/Archive-2021-2025/SGO-2021-01_Incident_Reports_ADS.csv,Yes
30413-10764,1,6788b2ddc444d5b,APR-2025,No Deployment Reported,No,No,https://static.nhtsa.gov/odi/ffdd/sgo-2021-01/Archive-2021-2025/SGO-2021-01_Incident_Reports_ADS.csv,Yes
30413-1130,1,d0d33333ba895d5,JUL-2021,No Deployment Reported,No,No,https://static.nhtsa.gov/odi/ffdd/sgo-2021-01/Archive-2021-2025/SGO-2021-01_Incident_Reports_ADS.csv,Yes
30413-11487,1,14642a8ccaa2293,JUL-2025,No Deployment Reported,,,https://static.nhtsa.gov/odi/ffdd/sgo-2021-01/SGO-2021-01_Incident_Reports_ADS.csv,Yes
30413-11489,1,235421019095c7a,JUL-2025,Unknown,,,https://static.nhtsa.gov/odi/ffdd/sgo-2021-01/SGO-2021-01_Incident_Reports_ADS.csv,Yes
30413-11593,2,ec7b46b5097bc64,AUG-2025,No Deployment Reported,,,https://static.nhtsa.gov/odi/ffdd/sgo-2021-01/SGO-2021-01_Incident_Reports_ADS.csv,Yes
30413-11669,1,6d9546c51f40167,AUG-2025,No Deployment Reported,,,https://static.nhtsa.gov/odi/ffdd/sgo-2021-01/SGO-2021-01_Incident_Reports_ADS.csv,Yes
30413-1206,1,558988ec035939d,AUG-2021,No Deployment Reported,No,Not Applicable,https://static.nhtsa.gov/odi/ffdd/sgo-2021-01/Archive-2021-2025/SGO-2021-01_Incident_Reports_ADS.csv,Yes
30413-1207,1,b70d99b06a1d334,AUG-2021,No Deployment Reported,No,Not Applicable,https://static.nhtsa.gov/odi/ffdd/sgo-2021-01/Archive-2021-2025/SGO-2021-01_Incident_Reports_ADS.csv,Yes
30413-13083,1,5fef8206b21413e,NOV-2025,No Deployment Reported,,,https://static.nhtsa.gov/odi/ffdd/sgo-2021-01/SGO-2021-01_Incident_Reports_ADS.csv,Yes
30413-13248,1,1a4cda5c4cd78fd,NOV-2025,No Deployment Reported,,,https://static.nhtsa.gov/odi/ffdd/sgo-2021-01/SGO-2021-01_Incident_Reports_ADS.csv,Yes
30413-13249,1,f67979c4cdb10d7,NOV-2025,No Deployment Reported,,,https://static.nhtsa.gov/odi/ffdd/sgo-2021-01/SGO-2021-01_Incident_Reports_ADS.csv,Yes
30413-13468,1,165bac987eed623,DEC-2025,No Deployment Reported,,,https://static.nhtsa.gov/odi/ffdd/sgo-2021-01/SGO-2021-01_Incident_Reports_ADS.csv,Yes
30413-13469,1,c8e72f1dc00071e,DEC-2025,No Deployment Reported,,,https://static.nhtsa.gov/odi/ffdd/sgo-2021-01/SGO-2021-01_Incident_Reports_ADS.csv,Yes
30413-13470,1,0276a086a35ee20,DEC-2025,No Deployment Reported,,,https://static.nhtsa.gov/odi/ffdd/sgo-2021-01/SGO-2021-01_Incident_Reports_ADS.csv,Yes
30413-13853,1,eed2d0c3cb358a3,JAN-2026,Deployed,,,https://static.nhtsa.gov/odi/ffdd/sgo-2021-01/SGO-2021-01_Incident_Reports_ADS.csv,Yes
30413-14624,1,15d51f9feeb5bff,MAR-2026,No Deployment Reported,,,https://static.nhtsa.gov/odi/ffdd/sgo-2021-01/SGO-2021-01_Incident_Reports_ADS.csv,Yes
30413-14938,1,1011fffcf09d58e,APR-2026,No Deployment Reported,,,https://static.nhtsa.gov/odi/ffdd/sgo-2021-01/SGO-2021-01_Incident_Reports_ADS.csv,Yes
30413-15019,1,0a931eff5e7e3b7,APR-2026,No Deployment Reported,,,https://static.nhtsa.gov/odi/ffdd/sgo-2021-01/SGO-2021-01_Incident_Reports_ADS.csv,Yes
30413-15463,1,9c06615257de0f4,MAY-2026,No Deployment Reported,,,https://static.nhtsa.gov/odi/ffdd/sgo-2021-01/SGO-2021-01_Incident_Reports_ADS.csv,Yes
30413-15464,1,08ec8b688c6da5f,MAY-2026,No Deployment Reported,,,https://static.nhtsa.gov/odi/ffdd/sgo-2021-01/SGO-2021-01_Incident_Reports_ADS.csv,Yes
30413-16218,1,5129d7a8bb470c8,JUL-2026,No Deployment Reported,,,https://static.nhtsa.gov/odi/ffdd/sgo-2021-01/SGO-2021-01_Incident_Reports_ADS.csv,Yes
30413-16238,1,a2079c100dfd177,JUL-2026,No Deployment Reported,,,https://static.nhtsa.gov/odi/ffdd/sgo-2021-01/SGO-2021-01_Incident_Reports_ADS.csv,Yes
30413-3138,1,3b95fade2333295,MAY-2022,No Deployment Reported,No,No,https://static.nhtsa.gov/odi/ffdd/sgo-2021-01/Archive-2021-2025/SGO-2021-01_Incident_Reports_ADS.csv,Yes
30413-3764,1,7fb8af01e45e543,AUG-2022,No Deployment Reported,No,No,https://static.nhtsa.gov/odi/ffdd/sgo-2021-01/Archive-2021-2025/SGO-2021-01_Incident_Reports_ADS.csv,Yes
30413-3943,1,379fa369488a397,SEP-2022,No Deployment Reported,No,No,https://static.nhtsa.gov/odi/ffdd/sgo-2021-01/Archive-2021-2025/SGO-2021-01_Incident_Reports_ADS.csv,Yes
30413-4170,1,03ad388e6676c05,NOV-2022,Unknown,No,,https://static.nhtsa.gov/odi/ffdd/sgo-2021-01/Archive-2021-2025/SGO-2021-01_Incident_Reports_ADS.csv,Yes
30413-4352,1,f7cf904127f755d,DEC-2022,No Deployment Reported,No,No,https://static.nhtsa.gov/odi/ffdd/sgo-2021-01/Archive-2021-2025/SGO-2021-01_Incident_Reports_ADS.csv,Yes
30413-4378,1,efaea9d26730376,DEC-2022,No Deployment Reported,No,Not Applicable,https://static.nhtsa.gov/odi/ffdd/sgo-2021-01/Archive-2021-2025/SGO-2021-01_Incident_Reports_ADS.csv,Yes
30413-5396,1,1d245f18d9df615,APR-2023,No Deployment Reported,No,No,https://static.nhtsa.gov/odi/ffdd/sgo-2021-01/Archive-2021-2025/SGO-2021-01_Incident_Reports_ADS.csv,Yes
30413-5633,1,aaac9035f83c66f,MAY-2023,Unknown,No,,https://static.nhtsa.gov/odi/ffdd/sgo-2021-01/Archive-2021-2025/SGO-2021-01_Incident_Reports_ADS.csv,Yes
30413-6032,1,445549ec1774083,JUL-2023,No Deployment Reported,No,No,https://static.nhtsa.gov/odi/ffdd/sgo-2021-01/Archive-2021-2025/SGO-2021-01_Incident_Reports_ADS.csv,Yes
30413-6257,1,c2bef3d02082eb1,AUG-2023,No Deployment Reported,No,No,https://static.nhtsa.gov/odi/ffdd/sgo-2021-01/Archive-2021-2025/SGO-2021-01_Incident_Reports_ADS.csv,Yes
30413-6684,1,0bb88b017273830,OCT-2023,Unknown,No,,https://static.nhtsa.gov/odi/ffdd/sgo-2021-01/Archive-2021-2025/SGO-2021-01_Incident_Reports_ADS.csv,Yes
30413-7307,1,736ce3700f7c463,FEB-2024,No Deployment Reported,No,No,https://static.nhtsa.gov/odi/ffdd/sgo-2021-01/Archive-2021-2025/SGO-2021-01_Incident_Reports_ADS.csv,Yes
30413-7704,1,6cc2c65c334671d,APR-2024,No Deployment Reported,No,No,https://static.nhtsa.gov/odi/ffdd/sgo-2021-01/Archive-2021-2025/SGO-2021-01_Incident_Reports_ADS.csv,Yes
30413-7880,1,16eb59076e0f085,MAY-2024,No Deployment Reported,No,No,https://static.nhtsa.gov/odi/ffdd/sgo-2021-01/Archive-2021-2025/SGO-2021-01_Incident_Reports_ADS.csv,Yes
30413-8218,1,7077c9c68260af9,JUL-2024,Unknown,No,,https://static.nhtsa.gov/odi/ffdd/sgo-2021-01/Archive-2021-2025/SGO-2021-01_Incident_Reports_ADS.csv,Yes
30413-8305,1,21c0dd086884a6c,JUL-2024,No Deployment Reported,No,No,https://static.nhtsa.gov/odi/ffdd/sgo-2021-01/Archive-2021-2025/SGO-2021-01_Incident_Reports_ADS.csv,Yes
30413-8306,1,6f3f2cc44536bfa,JUL-2024,No Deployment Reported,No,No,https://static.nhtsa.gov/odi/ffdd/sgo-2021-01/Archive-2021-2025/SGO-2021-01_Incident_Reports_ADS.csv,Yes
30413-8861,1,1d5d2a8518e3fca,SEP-2024,Unknown,No,,https://static.nhtsa.gov/odi/ffdd/sgo-2021-01/Archive-2021-2025/SGO-2021-01_Incident_Reports_ADS.csv,Yes
30413-9109,1,29c24607230435e,OCT-2024,No Deployment Reported,No,No,https://static.nhtsa.gov/odi/ffdd/sgo-2021-01/Archive-2021-2025/SGO-2021-01_Incident_Reports_ADS.csv,Yes
30413-9723,2,ef4ee437cff079c,JAN-2025,No Deployment Reported,No,No,https://static.nhtsa.gov/odi/ffdd/sgo-2021-01/Archive-2021-2025/SGO-2021-01_Incident_Reports_ADS.csv,Yes
30413-9949,1,50b8e1c5db49055,JAN-2025,No Deployment Reported,No,No,https://static.nhtsa.gov/odi/ffdd/sgo-2021-01/Archive-2021-2025/SGO-2021-01_Incident_Reports_ADS.csv,Yes
30413-9958,1,f73e7dccf40f38d,JAN-2025,Unknown,No,,https://static.nhtsa.gov/odi/ffdd/sgo-2021-01/Archive-2021-2025/SGO-2021-01_Incident_Reports_ADS.csv,Yes
30414-1391,2,d13b625868eb7b9,OCT-2021,No Deployment Reported,No,No,https://static.nhtsa.gov/odi/ffdd/sgo-2021-01/Archive-2021-2025/SGO-2021-01_Incident_Reports_ADS.csv,Yes
30414-1540,2,73fa3c3b60dbdec,OCT-2021,Unknown,No,,https://static.nhtsa.gov/odi/ffdd/sgo-2021-01/Archive-2021-2025/SGO-2021-01_Incident_Reports_ADS.csv,Yes
30414-1718,1,73fa3c3b60dbdec,OCT-2021,Unknown,No,,https://static.nhtsa.gov/odi/ffdd/sgo-2021-01/Archive-2021-2025/SGO-2021-01_Incident_Reports_ADS.csv,Yes
30414-1719,1,d13b625868eb7b9,OCT-2021,No Deployment Reported,No,No,https://static.nhtsa.gov/odi/ffdd/sgo-2021-01/Archive-2021-2025/SGO-2021-01_Incident_Reports_ADS.csv,Yes
30414-3650,2,1ddae575afe5d5a,AUG-2022,No Deployment Reported,No,No,https://static.nhtsa.gov/odi/ffdd/sgo-2021-01/Archive-2021-2025/SGO-2021-01_Incident_Reports_ADS.csv,Yes
30414-3903,1,1ddae575afe5d5a,AUG-2022,No Deployment Reported,No,No,https://static.nhtsa.gov/odi/ffdd/sgo-2021-01/Archive-2021-2025/SGO-2021-01_Incident_Reports_ADS.csv,Yes
30415-1317,1,,SEP-2021,No Deployment Reported,No,No,https://static.nhtsa.gov/odi/ffdd/sgo-2021-01/Archive-2021-2025/SGO-2021-01_Incident_Reports_ADS.csv,Yes
30450-6116,1,aeab14bf24ea3b8,AUG-2023,Unknown,No,Unknown,https://static.nhtsa.gov/odi/ffdd/sgo-2021-01/Archive-2021-2025/SGO-2021-01_Incident_Reports_ADS.csv,Yes
30450-6958,1,4c457674d24ef64,JAN-2024,No Deployment Reported,No,No,https://static.nhtsa.gov/odi/ffdd/sgo-2021-01/Archive-2021-2025/SGO-2021-01_Incident_Reports_ADS.csv,Yes
30451-15790,1,28af066410d3d0a,JUN-2026,No Deployment Reported,,,https://static.nhtsa.gov/odi/ffdd/sgo-2021-01/SGO-2021-01_Incident_Reports_ADS.csv,Yes
30490-11294,1,8ddd6577855a5ad,JUN-2025,No Deployment Reported,,,https://static.nhtsa.gov/odi/ffdd/sgo-2021-01/SGO-2021-01_Incident_Reports_ADS.csv,Yes
30490-11693,1,9cfac09fd9d9164,AUG-2025,No Deployment Reported,,,https://static.nhtsa.gov/odi/ffdd/sgo-2021-01/SGO-2021-01_Incident_Reports_ADS.csv,Yes
30490-13120,1,32cbce6fd63f148,NOV-2025,No Deployment Reported,,,https://static.nhtsa.gov/odi/ffdd/sgo-2021-01/SGO-2021-01_Incident_Reports_ADS.csv,Yes
30490-1314,1,baeffc44f80381e,AUG-2021,No Deployment Reported,No,No,https://static.nhtsa.gov/odi/ffdd/sgo-2021-01/Archive-2021-2025/SGO-2021-01_Incident_Reports_ADS.csv,Yes
30490-14064,1,2665ef07ffd72ba,JAN-2026,No Deployment Reported,,,https://static.nhtsa.gov/odi/ffdd/sgo-2021-01/SGO-2021-01_Incident_Reports_ADS.csv,Yes
30490-3168,1,,MAY-2022,No Deployment Reported,No,No,https://static.nhtsa.gov/odi/ffdd/sgo-2021-01/Archive-2021-2025/SGO-2021-01_Incident_Reports_ADS.csv,Yes
30490-4473,1,1d1efbae9103870,DEC-2022,No Deployment Reported,No,No,https://static.nhtsa.gov/odi/ffdd/sgo-2021-01/Archive-2021-2025/SGO-2021-01_Incident_Reports_ADS.csv,Yes
30490-6165,2,8910341f6eceb78,AUG-2023,Unknown,No,Unknown,https://static.nhtsa.gov/odi/ffdd/sgo-2021-01/Archive-2021-2025/SGO-2021-01_Incident_Reports_ADS.csv,Yes
30490-6359,1,,AUG-2023,Unknown,No,Unknown,https://static.nhtsa.gov/odi/ffdd/sgo-2021-01/Archive-2021-2025/SGO-2021-01_Incident_Reports_ADS.csv,Yes
30490-6360,1,8910341f6eceb78,AUG-2023,Unknown,No,Unknown,https://static.nhtsa.gov/odi/ffdd/sgo-2021-01/Archive-2021-2025/SGO-2021-01_Incident_Reports_ADS.csv,Yes
30490-6590,1,528bba0c1e9460a,NOV-2023,No Deployment Reported,No,No,https://static.nhtsa.gov/odi/ffdd/sgo-2021-01/Archive-2021-2025/SGO-2021-01_Incident_Reports_ADS.csv,Yes
30490-6821,1,528bba0c1e9460a,NOV-2023,No Deployment Reported,No,No,https://static.nhtsa.gov/odi/ffdd/sgo-2021-01/Archive-2021-2025/SGO-2021-01_Incident_Reports_ADS.csv,Yes
30490-8091,1,92b7354aa48b3bd,JUN-2024,No Deployment Reported,No,No,https://static.nhtsa.gov/odi/ffdd/sgo-2021-01/Archive-2021-2025/SGO-2021-01_Incident_Reports_ADS.csv,Yes
30490-9077,1,0b7b3ff1a94bace,OCT-2024,No Deployment Reported,No,No,https://static.nhtsa.gov/odi/ffdd/sgo-2021-01/Archive-2021-2025/SGO-2021-01_Incident_Reports_ADS.csv,Yes
30530-10791,1,b6f8c5a9a4cdd22,APR-2025,No Deployment Reported,No,Not Applicable,https://static.nhtsa.gov/odi/ffdd/sgo-2021-01/Archive-2021-2025/SGO-2021-01_Incident_Reports_ADS.csv,Yes
30530-11597,1,ac18c88cf467919,AUG-2025,No Deployment Reported,,,https://static.nhtsa.gov/odi/ffdd/sgo-2021-01/SGO-2021-01_Incident_Reports_ADS.csv,Yes
30530-11895,1,de9adc7835033c6,SEP-2025,No Deployment Reported,,,https://static.nhtsa.gov/odi/ffdd/sgo-2021-01/SGO-2021-01_Incident_Reports_ADS.csv,Yes
30530-13119,1,3eab1850cebeefe,OCT-2025,No Deployment Reported,,,https://static.nhtsa.gov/odi/ffdd/sgo-2021-01/SGO-2021-01_Incident_Reports_ADS.csv,Yes
30530-14071,1,0e9db08c75385b7,JAN-2026,No Deployment Reported,,,https://static.nhtsa.gov/odi/ffdd/sgo-2021-01/SGO-2021-01_Incident_Reports_ADS.csv,Yes
30530-15027,1,ce63bac06303466,APR-2026,No Deployment Reported,,,https://static.nhtsa.gov/odi/ffdd/sgo-2021-01/SGO-2021-01_Incident_Reports_ADS.csv,Yes
30530-15781,1,47905da3dadbe58,JUL-2026,Deployed,,,https://static.nhtsa.gov/odi/ffdd/sgo-2021-01/SGO-2021-01_Incident_Reports_ADS.csv,Yes
30530-16220,1,bed04cd78f8ec77,JUL-2026,Unknown,,,https://static.nhtsa.gov/odi/ffdd/sgo-2021-01/SGO-2021-01_Incident_Reports_ADS.csv,Yes
30530-4264,1,b393cfe0f714730,OCT-2022,No Deployment Reported,No,Not Applicable,https://static.nhtsa.gov/odi/ffdd/sgo-2021-01/Archive-2021-2025/SGO-2021-01_Incident_Reports_ADS.csv,Yes
30530-5289,1,5e8ac7239468e4d,MAR-2023,No Deployment Reported,No,No,https://static.nhtsa.gov/odi/ffdd/sgo-2021-01/Archive-2021-2025/SGO-2021-01_Incident_Reports_ADS.csv,Yes
30530-6125,1,b4a57672f637bda,JUL-2023,No Deployment Reported,No,Not Applicable,https://static.nhtsa.gov/odi/ffdd/sgo-2021-01/Archive-2021-2025/SGO-2021-01_Incident_Reports_ADS.csv,Yes
30530-6818,1,460289782aa5d13,NOV-2023,Unknown,No,Unknown,https://static.nhtsa.gov/odi/ffdd/sgo-2021-01/Archive-2021-2025/SGO-2021-01_Incident_Reports_ADS.csv,Yes
30530-7141,1,40a6c193304ddb4,FEB-2024,No Deployment Reported,No,No,https://static.nhtsa.gov/odi/ffdd/sgo-2021-01/Archive-2021-2025/SGO-2021-01_Incident_Reports_ADS.csv,Yes
30530-7475,1,ea43ae9eed8d13b,MAR-2024,No Deployment Reported,No,No,https://static.nhtsa.gov/odi/ffdd/sgo-2021-01/Archive-2021-2025/SGO-2021-01_Incident_Reports_ADS.csv,Yes
30530-7680,1,39987aac7f64fd3,APR-2024,No Deployment Reported,No,Not Applicable,https://static.nhtsa.gov/odi/ffdd/sgo-2021-01/Archive-2021-2025/SGO-2021-01_Incident_Reports_ADS.csv,Yes
30530-7891,1,6eb8a5394a4b5cc,JUN-2024,No Deployment Reported,No,Not Applicable,https://static.nhtsa.gov/odi/ffdd/sgo-2021-01/Archive-2021-2025/SGO-2021-01_Incident_Reports_ADS.csv,Yes
30530-7892,1,50c30db70309820,MAY-2024,Unknown,No,,https://static.nhtsa.gov/odi/ffdd/sgo-2021-01/Archive-2021-2025/SGO-2021-01_Incident_Reports_ADS.csv,Yes
30530-8087,1,1fbb1b06277fa39,JUN-2024,No Deployment Reported,No,Not Applicable,https://static.nhtsa.gov/odi/ffdd/sgo-2021-01/Archive-2021-2025/SGO-2021-01_Incident_Reports_ADS.csv,Yes
30530-8577,1,d67503382bbf356,AUG-2024,No Deployment Reported,No,Not Applicable,https://static.nhtsa.gov/odi/ffdd/sgo-2021-01/Archive-2021-2025/SGO-2021-01_Incident_Reports_ADS.csv,Yes
30530-8579,1,3959ce860893cce,SEP-2024,No Deployment Reported,No,Not Applicable,https://static.nhtsa.gov/odi/ffdd/sgo-2021-01/Archive-2021-2025/SGO-2021-01_Incident_Reports_ADS.csv,Yes
30530-8580,1,c989ea2a212f067,SEP-2024,No Deployment Reported,No,Not Applicable,https://static.nhtsa.gov/odi/ffdd/sgo-2021-01/Archive-2021-2025/SGO-2021-01_Incident_Reports_ADS.csv,Yes
30530-8670,1,e4a702ec9aac629,SEP-2024,No Deployment Reported,No,Not Applicable,https://static.nhtsa.gov/odi/ffdd/sgo-2021-01/Archive-2021-2025/SGO-2021-01_Incident_Reports_ADS.csv,Yes
30530-9093,1,76e5d31295af2c3,OCT-2024,Unknown,No,,https://static.nhtsa.gov/odi/ffdd/sgo-2021-01/Archive-2021-2025/SGO-2021-01_Incident_Reports_ADS.csv,Yes
30530-9960,1,242678102337149,JAN-2025,No Deployment Reported,No,Not Applicable,https://static.nhtsa.gov/odi/ffdd/sgo-2021-01/Archive-2021-2025/SGO-2021-01_Incident_Reports_ADS.csv,Yes
30531-10009,1,a71893002843d10,JAN-2025,No Deployment Reported,No,No,https://static.nhtsa.gov/odi/ffdd/sgo-2021-01/Archive-2021-2025/SGO-2021-01_Incident_Reports_ADS.csv,Yes
30531-10010,1,db8ad4a77a26bd8,JAN-2025,No Deployment Reported,No,Not Applicable,https://static.nhtsa.gov/odi/ffdd/sgo-2021-01/Archive-2021-2025/SGO-2021-01_Incident_Reports_ADS.csv,Yes
30531-10011,1,98c716bb1e4b79b,JAN-2025,No Deployment Reported,No,Not Applicable,https://static.nhtsa.gov/odi/ffdd/sgo-2021-01/Archive-2021-2025/SGO-2021-01_Incident_Reports_ADS.csv,Yes
30531-10293,1,eb89a7c26f836d3,FEB-2025,No Deployment Reported,No,No,https://static.nhtsa.gov/odi/ffdd/sgo-2021-01/Archive-2021-2025/SGO-2021-01_Incident_Reports_ADS.csv,Yes
30531-10633,1,8e7e78cafabfc2e,APR-2025,No Deployment Reported,No,No,https://static.nhtsa.gov/odi/ffdd/sgo-2021-01/Archive-2021-2025/SGO-2021-01_Incident_Reports_ADS.csv,Yes
30531-10650,1,8a1786924262b79,MAY-2025,No Deployment Reported,No,No,https://static.nhtsa.gov/odi/ffdd/sgo-2021-01/Archive-2021-2025/SGO-2021-01_Incident_Reports_ADS.csv,Yes
30531-1191,3,930d0910bc2916c,AUG-2021,No Deployment Reported,No,No,https://static.nhtsa.gov/odi/ffdd/sgo-2021-01/Archive-2021-2025/SGO-2021-01_Incident_Reports_ADS.csv,Yes
30531-1200,3,857232881f1c3c0,SEP-2021,Unknown,No,Unknown,https://static.nhtsa.gov/odi/ffdd/sgo-2021-01/Archive-2021-2025/SGO-2021-01_Incident_Reports_ADS.csv,Yes
30531-1326,1,c882936e5c7827a,AUG-2021,Unknown,No,Unknown,https://static.nhtsa.gov/odi/ffdd/sgo-2021-01/Archive-2021-2025/SGO-2021-01_Incident_Reports_ADS.csv,Yes
30531-1327,1,93ff2213b39d943,AUG-2021,Unknown,No,Unknown,https://static.nhtsa.gov/odi/ffdd/sgo-2021-01/Archive-2021-2025/SGO-2021-01_Incident_Reports_ADS.csv,Yes
30531-1328,1,d5901cab90a4303,AUG-2021,Unknown,No,Unknown,https://static.nhtsa.gov/odi/ffdd/sgo-2021-01/Archive-2021-2025/SGO-2021-01_Incident_Reports_ADS.csv,Yes
30531-1382,2,2be0d6e1e9a8d23,OCT-2021,No Deployment Reported,No,No,https://static.nhtsa.gov/odi/ffdd/sgo-2021-01/Archive-2021-2025/SGO-2021-01_Incident_Reports_ADS.csv,Yes
30531-1503,1,1dacdcc3d3d698e,SEP-2021,No Deployment Reported,No,No,https://static.nhtsa.gov/odi/ffdd/sgo-2021-01/Archive-2021-2025/SGO-2021-01_Incident_Reports_ADS.csv,Yes
30531-1504,1,a2f72a0435b1c3e,SEP-2021,Unknown,No,Unknown,https://static.nhtsa.gov/odi/ffdd/sgo-2021-01/Archive-2021-2025/SGO-2021-01_Incident_Reports_ADS.csv,Yes
30531-1505,1,0cb307e3099fa7e,SEP-2021,Unknown,No,Unknown,https://static.nhtsa.gov/odi/ffdd/sgo-2021-01/Archive-2021-2025/SGO-2021-01_Incident_Reports_ADS.csv,Yes
30531-1506,1,8f3b21803d476fa,SEP-2021,No Deployment Reported,No,No,https://static.nhtsa.gov/odi/ffdd/sgo-2021-01/Archive-2021-2025/SGO-2021-01_Incident_Reports_ADS.csv,Yes
30531-1507,1,0d0ae62c0bf671d,SEP-2021,No Deployment Reported,No,No,https://static.nhtsa.gov/odi/ffdd/sgo-2021-01/Archive-2021-2025/SGO-2021-01_Incident_Reports_ADS.csv,Yes
30531-1618,2,b4618f349040cbb,NOV-2021,No Deployment Reported,No,No,https://static.nhtsa.gov/odi/ffdd/sgo-2021-01/Archive-2021-2025/SGO-2021-01_Incident_Reports_ADS.csv,Yes
30531-1742,1,488a8ae4eedfb82,OCT-2021,No Deployment Reported,No,No,https://static.nhtsa.gov/odi/ffdd/sgo-2021-01/Archive-2021-2025/SGO-2021-01_Incident_Reports_ADS.csv,Yes
30531-1743,1,765d2c91289bd7f,OCT-2021,No Deployment Reported,No,No,https://static.nhtsa.gov/odi/ffdd/sgo-2021-01/Archive-2021-2025/SGO-2021-01_Incident_Reports_ADS.csv,Yes
30531-1744,1,31698dec0f30d7d,OCT-2021,No Deployment Reported,No,No,https://static.nhtsa.gov/odi/ffdd/sgo-2021-01/Archive-2021-2025/SGO-2021-01_Incident_Reports_ADS.csv,Yes
30531-1745,1,9988693979353b9,OCT-2021,No Deployment Reported,No,No,https://static.nhtsa.gov/odi/ffdd/sgo-2021-01/Archive-2021-2025/SGO-2021-01_Incident_Reports_ADS.csv,Yes
30531-1761,2,b90c9dd7320e24f,NOV-2021,Unknown,No,Unknown,https://static.nhtsa.gov/odi/ffdd/sgo-2021-01/Archive-2021-2025/SGO-2021-01_Incident_Reports_ADS.csv,Yes
30531-1782,2,8f5dc21a34007ed,NOV-2021,Deployed,No,Yes,https://static.nhtsa.gov/odi/ffdd/sgo-2021-01/Archive-2021-2025/SGO-2021-01_Incident_Reports_ADS.csv,Yes
30531-1795,1,e6fdd97cb301d10,NOV-2021,Unknown,No,Unknown,https://static.nhtsa.gov/odi/ffdd/sgo-2021-01/Archive-2021-2025/SGO-2021-01_Incident_Reports_ADS.csv,Yes
30531-1796,2,462947832bd2caa,NOV-2021,No Deployment Reported,No,No,https://static.nhtsa.gov/odi/ffdd/sgo-2021-01/Archive-2021-2025/SGO-2021-01_Incident_Reports_ADS.csv,Yes
30531-1821,2,92abe0be65a945a,DEC-2021,No Deployment Reported,No,No,https://static.nhtsa.gov/odi/ffdd/sgo-2021-01/Archive-2021-2025/SGO-2021-01_Incident_Reports_ADS.csv,Yes
30531-1940,1,4e4a38ea028e125,NOV-2021,No Deployment Reported,No,No,https://static.nhtsa.gov/odi/ffdd/sgo-2021-01/Archive-2021-2025/SGO-2021-01_Incident_Reports_ADS.csv,Yes
30531-1941,1,45f715e92eb4757,NOV-2021,No Deployment Reported,No,No,https://static.nhtsa.gov/odi/ffdd/sgo-2021-01/Archive-2021-2025/SGO-2021-01_Incident_Reports_ADS.csv,Yes
30531-1942,1,837ba2955e69b46,NOV-2021,No Deployment Reported,No,No,https://static.nhtsa.gov/odi/ffdd/sgo-2021-01/Archive-2021-2025/SGO-2021-01_Incident_Reports_ADS.csv,Yes
30531-1943,1,03d5dd9340f2d40,NOV-2021,No Deployment Reported,No,No,https://static.nhtsa.gov/odi/ffdd/sgo-2021-01/Archive-2021-2025/SGO-2021-01_Incident_Reports_ADS.csv,Yes
30531-1984,2,59513ab6ced8ed3,DEC-2021,No Deployment Reported,No,No,https://static.nhtsa.gov/odi/ffdd/sgo-2021-01/Archive-2021-2025/SGO-2021-01_Incident_Reports_ADS.csv,Yes
30531-2,3,,JUL-2021,No Deployment Reported,No,No,https://static.nhtsa.gov/odi/ffdd/sgo-2021-01/Archive-2021-2025/SGO-2021-01_Incident_Reports_ADS.csv,Yes
30531-2155,1,01a0825772194e1,DEC-2021,No Deployment Reported,No,No,https://static.nhtsa.gov/odi/ffdd/sgo-2021-01/Archive-2021-2025/SGO-2021-01_Incident_Reports_ADS.csv,Yes
30531-2156,1,a0c5ba77c698760,DEC-2021,No Deployment Reported,No,No,https://static.nhtsa.gov/odi/ffdd/sgo-2021-01/Archive-2021-2025/SGO-2021-01_Incident_Reports_ADS.csv,Yes
30531-2161,2,7e9b9cd2a74e8fc,JAN-2022,No Deployment Reported,No,No,https://static.nhtsa.gov/odi/ffdd/sgo-2021-01/Archive-2021-2025/SGO-2021-01_Incident_Reports_ADS.csv,Yes
30531-2822,2,71ebd2790c0a3b9,APR-2022,No Deployment Reported,No,No,https://static.nhtsa.gov/odi/ffdd/sgo-2021-01/Archive-2021-2025/SGO-2021-01_Incident_Reports_ADS.csv,Yes
30531-2902,2,469cd8d228115fc,MAY-2022,No Deployment Reported,No,No,https://static.nhtsa.gov/odi/ffdd/sgo-2021-01/Archive-2021-2025/SGO-2021-01_Incident_Reports_ADS.csv,Yes
30531-3064,2,237da70b740eca7,MAY-2022,No Deployment Reported,No,No,https://static.nhtsa.gov/odi/ffdd/sgo-2021-01/Archive-2021-2025/SGO-2021-01_Incident_Reports_ADS.csv,Yes
30531-3065,2,a4f3fd3c322db7a,MAY-2022,No Deployment Reported,No,Not Applicable,https://static.nhtsa.gov/odi/ffdd/sgo-2021-01/Archive-2021-2025/SGO-2021-01_Incident_Reports_ADS.csv,Yes
30531-3225,1,d91c576aa55da63,MAY-2022,No Deployment Reported,No,No,https://static.nhtsa.gov/odi/ffdd/sgo-2021-01/Archive-2021-2025/SGO-2021-01_Incident_Reports_ADS.csv,Yes
30531-3226,1,d3012e172ec954c,MAY-2022,No Deployment Reported,No,No,https://static.nhtsa.gov/odi/ffdd/sgo-2021-01/Archive-2021-2025/SGO-2021-01_Incident_Reports_ADS.csv,Yes
30531-3227,1,922887c7b03509c,MAY-2022,No Deployment Reported,No,No,https://static.nhtsa.gov/odi/ffdd/sgo-2021-01/Archive-2021-2025/SGO-2021-01_Incident_Reports_ADS.csv,Yes
30531-3256,2,729291cbc185f73,JUN-2022,No Deployment Reported,No,Not Applicable,https://static.nhtsa.gov/odi/ffdd/sgo-2021-01/Archive-2021-2025/SGO-2021-01_Incident_Reports_ADS.csv,Yes
30531-33,3,67a8aed333e7a9d,AUG-2021,Unknown,No,,https://static.nhtsa.gov/odi/ffdd/sgo-2021-01/Archive-2021-2025/SGO-2021-01_Incident_Reports_ADS.csv,Yes
30531-3342,2,b9b7ee2401f7557,JUL-2022,Unknown,No,Unknown,https://static.nhtsa.gov/odi/ffdd/sgo-2021-01/Archive-2021-2025/SGO-2021-01_Incident_Reports_ADS.csv,Yes
30531-3445,1,9c542b98eb35e88,JUN-2022,No Deployment Reported,No,No,https://static.nhtsa.gov/odi/ffdd/sgo-2021-01/Archive-2021-2025/SGO-2021-01_Incident_Reports_ADS.csv,Yes
30531-3446,1,e6e94b9e10d5c39,JUN-2022,No Deployment Reported,No,No,https://static.nhtsa.gov/odi/ffdd/sgo-2021-01/Archive-2021-2025/SGO-2021-01_Incident_Reports_ADS.csv,Yes
30531-3546,2,c0aefb7adffb8c7,AUG-2022,Unknown,No,,https://static.nhtsa.gov/odi/ffdd/sgo-2021-01/Archive-2021-2025/SGO-2021-01_Incident_Reports_ADS.csv,Yes
30531-3626,2,9be5431de5dfbd1,AUG-2022,No Deployment Reported,No,No,https://static.nhtsa.gov/odi/ffdd/sgo-2021-01/Archive-2021-2025/SGO-2021-01_Incident_Reports_ADS.csv,Yes
30531-3660,1,8c56b788577d262,JUN-2022,No Deployment Reported,No,No,https://static.nhtsa.gov/odi/ffdd/sgo-2021-01/Archive-2021-2025/SGO-2021-01_Incident_Reports_ADS.csv,Yes
30531-3661,1,c548615e4cd4ee2,JUL-2022,No Deployment Reported,No,No,https://static.nhtsa.gov/odi/ffdd/sgo-2021-01/Archive-2021-2025/SGO-2021-01_Incident_Reports_ADS.csv,Yes
30531-3662,1,192521d01c49ce2,JUL-2022,No Deployment Reported,No,No,https://static.nhtsa.gov/odi/ffdd/sgo-2021-01/Archive-2021-2025/SGO-2021-01_Incident_Reports_ADS.csv,Yes
30531-3663,1,7f5142da0d24ab5,JUL-2022,No Deployment Reported,No,No,https://static.nhtsa.gov/odi/ffdd/sgo-2021-01/Archive-2021-2025/SGO-2021-01_Incident_Reports_ADS.csv,Yes
30531-3664,1,77b0e0470ca0a8a,JUL-2022,No Deployment Reported,No,No,https://static.nhtsa.gov/odi/ffdd/sgo-2021-01/Archive-2021-2025/SGO-2021-01_Incident_Reports_ADS.csv,Yes
30531-3665,1,f9f2c224be8a261,JUL-2022,No Deployment Reported,No,No,https://static.nhtsa.gov/odi/ffdd/sgo-2021-01/Archive-2021-2025/SGO-2021-01_Incident_Reports_ADS.csv,Yes
30531-3809,2,5ecd17ff9881950,SEP-2022,No Deployment Reported,No,No,https://static.nhtsa.gov/odi/ffdd/sgo-2021-01/Archive-2021-2025/SGO-2021-01_Incident_Reports_ADS.csv,Yes
30531-3877,1,6c37f91fda20d45,AUG-2022,No Deployment Reported,No,No,https://static.nhtsa.gov/odi/ffdd/sgo-2021-01/Archive-2021-2025/SGO-2021-01_Incident_Reports_ADS.csv,Yes
30531-3879,1,d54f3de7649b381,AUG-2022,Unknown,No,,https://static.nhtsa.gov/odi/ffdd/sgo-2021-01/Archive-2021-2025/SGO-2021-01_Incident_Reports_ADS.csv,Yes
30531-3880,1,e0563b63e1a8347,AUG-2022,No Deployment Reported,No,No,https://static.nhtsa.gov/odi/ffdd/sgo-2021-01/Archive-2021-2025/SGO-2021-01_Incident_Reports_ADS.csv,Yes
30531-3881,1,ca8c63af9d4185b,AUG-2022,No Deployment Reported,No,No,https://static.nhtsa.gov/odi/ffdd/sgo-2021-01/Archive-2021-2025/SGO-2021-01_Incident_Reports_ADS.csv,Yes
30531-3882,1,a2d260068d10cc9,AUG-2022,No Deployment Reported,No,No,https://static.nhtsa.gov/odi/ffdd/sgo-2021-01/Archive-2021-2025/SGO-2021-01_Incident_Reports_ADS.csv,Yes
30531-3883,1,46e037718707dda,AUG-2022,No Deployment Reported,No,No,https://static.nhtsa.gov/odi/ffdd/sgo-2021-01/Archive-2021-2025/SGO-2021-01_Incident_Reports_ADS.csv,Yes
30531-3884,1,f4d487ba374fe26,AUG-2022,No Deployment Reported,No,No,https://static.nhtsa.gov/odi/ffdd/sgo-2021-01/Archive-2021-2025/SGO-2021-01_Incident_Reports_ADS.csv,Yes
30531-4077,1,eaaa32d19d1c43f,SEP-2022,No Deployment Reported,No,Not Applicable,https://static.nhtsa.gov/odi/ffdd/sgo-2021-01/Archive-2021-2025/SGO-2021-01_Incident_Reports_ADS.csv,Yes
30531-4079,1,ef640dbe91eb562,SEP-2022,No Deployment Reported,No,No,https://static.nhtsa.gov/odi/ffdd/sgo-2021-01/Archive-2021-2025/SGO-2021-01_Incident_Reports_ADS.csv,Yes
30531-4080,1,fa194d70fbd9972,SEP-2022,No Deployment Reported,No,No,https://static.nhtsa.gov/odi/ffdd/sgo-2021-01/Archive-2021-2025/SGO-2021-01_Incident_Reports_ADS.csv,Yes
30531-4081,1,608483a735c3efb,SEP-2022,No Deployment Reported,No,No,https://static.nhtsa.gov/odi/ffdd/sgo-2021-01/Archive-2021-2025/SGO-2021-01_Incident_Reports_ADS.csv,Yes
30531-4108,2,17c618d238f493f,OCT-2022,Deployed,No,Yes,https://static.nhtsa.gov/odi/ffdd/sgo-2021-01/Archive-2021-2025/SGO-2021-01_Incident_Reports_ADS.csv,Yes
30531-4278,1,27528ff2c99e583,OCT-2022,No Deployment Reported,No,Not Applicable,https://static.nhtsa.gov/odi/ffdd/sgo-2021-01/Archive-2021-2025/SGO-2021-01_Incident_Reports_ADS.csv,Yes
30531-4492,2,439627d9d2569d4,NOV-2022,No Deployment Reported,No,No,https://static.nhtsa.gov/odi/ffdd/sgo-2021-01/Archive-2021-2025/SGO-2021-01_Incident_Reports_ADS.csv,Yes
30531-4494,1,5628c7d47cd45e9,NOV-2022,Unknown,No,Unknown,https://static.nhtsa.gov/odi/ffdd/sgo-2021-01/Archive-2021-2025/SGO-2021-01_Incident_Reports_ADS.csv,Yes
30531-4506,2,384e51a74ec101e,DEC-2022,No Deployment Reported,No,No,https://static.nhtsa.gov/odi/ffdd/sgo-2021-01/Archive-2021-2025/SGO-2021-01_Incident_Reports_ADS.csv,Yes
30531-4719,4,bd4f1d59062450f,DEC-2022,No Deployment Reported,No,No,https://static.nhtsa.gov/odi/ffdd/sgo-2021-01/Archive-2021-2025/SGO-2021-01_Incident_Reports_ADS.csv,Yes
30531-4720,2,9d43f7feeb9350e,DEC-2022,No Deployment Reported,No,No,https://static.nhtsa.gov/odi/ffdd/sgo-2021-01/Archive-2021-2025/SGO-2021-01_Incident_Reports_ADS.csv,Yes
30531-4721,3,38b526747d0f6d0,DEC-2022,No Deployment Reported,No,No,https://static.nhtsa.gov/odi/ffdd/sgo-2021-01/Archive-2021-2025/SGO-2021-01_Incident_Reports_ADS.csv,Yes
30531-4726,2,f055ebc4395a187,DEC-2022,No Deployment Reported,No,No,https://static.nhtsa.gov/odi/ffdd/sgo-2021-01/Archive-2021-2025/SGO-2021-01_Incident_Reports_ADS.csv,Yes
30531-4883,1,5bb5073dab94bae,JAN-2023,No Deployment Reported,No,No,https://static.nhtsa.gov/odi/ffdd/sgo-2021-01/Archive-2021-2025/SGO-2021-01_Incident_Reports_ADS.csv,Yes
30531-4907,2,5ab71fb3ca70aad,FEB-2023,No Deployment Reported,No,No,https://static.nhtsa.gov/odi/ffdd/sgo-2021-01/Archive-2021-2025/SGO-2021-01_Incident_Reports_ADS.csv,Yes
30531-5088,1,7c0c1b1cf93259f,FEB-2023,No Deployment Reported,No,No,https://static.nhtsa.gov/odi/ffdd/sgo-2021-01/Archive-2021-2025/SGO-2021-01_Incident_Reports_ADS.csv,Yes
30531-5205,2,90144b3b43ae60a,APR-2023,No Deployment Reported,No,No,https://static.nhtsa.gov/odi/ffdd/sgo-2021-01/Archive-2021-2025/SGO-2021-01_Incident_Reports_ADS.csv,Yes
30531-5328,2,188a9149e534fe8,MAR-2023,No Deployment Reported,No,No,https://static.nhtsa.gov/odi/ffdd/sgo-2021-01/Archive-2021-2025/SGO-2021-01_Incident_Reports_ADS.csv,Yes
30531-5329,2,a9b321d03f6693c,MAR-2023,No Deployment Reported,No,Not Applicable,https://static.nhtsa.gov/odi/ffdd/sgo-2021-01/Archive-2021-2025/SGO-2021-01_Incident_Reports_ADS.csv,Yes
30531-5330,2,e994365318af0a9,MAR-2023,No Deployment Reported,No,No,https://static.nhtsa.gov/odi/ffdd/sgo-2021-01/Archive-2021-2025/SGO-2021-01_Incident_Reports_ADS.csv,Yes
30531-5331,1,2d4a3a2b53be493,MAR-2023,No Deployment Reported,No,No,https://static.nhtsa.gov/odi/ffdd/sgo-2021-01/Archive-2021-2025/SGO-2021-01_Incident_Reports_ADS.csv,Yes
30531-5335,1,382e76b026b6400,MAR-2023,No Deployment Reported,No,No,https://static.nhtsa.gov/odi/ffdd/sgo-2021-01/Archive-2021-2025/SGO-2021-01_Incident_Reports_ADS.csv,Yes
30531-5336,1,91bc2053ec7b4b5,MAR-2023,No Deployment Reported,No,No,https://static.nhtsa.gov/odi/ffdd/sgo-2021-01/Archive-2021-2025/SGO-2021-01_Incident_Reports_ADS.csv,Yes
30531-5440,2,84e175a3c826442,MAY-2023,Deployed,No,Yes,https://static.nhtsa.gov/odi/ffdd/sgo-2021-01/Archive-2021-2025/SGO-2021-01_Incident_Reports_ADS.csv,Yes
30531-5604,1,d4c09da0782938d,APR-2023,No Deployment Reported,No,No,https://static.nhtsa.gov/odi/ffdd/sgo-2021-01/Archive-2021-2025/SGO-2021-01_Incident_Reports_ADS.csv,Yes
30531-5605,1,16261e64b50feb6,APR-2023,No Deployment Reported,No,No,https://static.nhtsa.gov/odi/ffdd/sgo-2021-01/Archive-2021-2025/SGO-2021-01_Incident_Reports_ADS.csv,Yes
30531-5669,1,6362e91ed386c55,JUN-2023,No Deployment Reported,No,No,https://static.nhtsa.gov/odi/ffdd/sgo-2021-01/Archive-2021-2025/SGO-2021-01_Incident_Reports_ADS.csv,Yes
30531-5768,1,18b6569f303f7e1,MAY-2023,No Deployment Reported,No,Not Applicable,https://static.nhtsa.gov/odi/ffdd/sgo-2021-01/Archive-2021-2025/SGO-2021-01_Incident_Reports_ADS.csv,Yes
30531-5769,1,61aad41dac56bc1,MAY-2023,No Deployment Reported,No,No,https://static.nhtsa.gov/odi/ffdd/sgo-2021-01/Archive-2021-2025/SGO-2021-01_Incident_Reports_ADS.csv,Yes
30531-5770,1,e7bf60f9e5a76ca,MAY-2023,Unknown,No,,https://static.nhtsa.gov/odi/ffdd/sgo-2021-01/Archive-2021-2025/SGO-2021-01_Incident_Reports_ADS.csv,Yes
30531-5814,1,7014e194a75b369,JUN-2023,No Deployment Reported,No,Not Applicable,https://static.nhtsa.gov/odi/ffdd/sgo-2021-01/Archive-2021-2025/SGO-2021-01_Incident_Reports_ADS.csv,Yes
30531-5818,1,afac5d277fdfeb9,JUN-2023,No Deployment Reported,No,No,https://static.nhtsa.gov/odi/ffdd/sgo-2021-01/Archive-2021-2025/SGO-2021-01_Incident_Reports_ADS.csv,Yes
30531-5871,2,1255ba62145d6e6,JUL-2023,Unknown,No,,https://static.nhtsa.gov/odi/ffdd/sgo-2021-01/Archive-2021-2025/SGO-2021-01_Incident_Reports_ADS.csv,Yes
30531-5966,1,92adaa2cfbab458,JUN-2023,No Deployment Reported,No,Not Applicable,https://static.nhtsa.gov/odi/ffdd/sgo-2021-01/Archive-2021-2025/SGO-2021-01_Incident_Reports_ADS.csv,Yes
30531-5999,1,112c82a378bbe3f,JUL-2023,Unknown,No,Unknown,https://static.nhtsa.gov/odi/ffdd/sgo-2021-01/Archive-2021-2025/SGO-2021-01_Incident_Reports_ADS.csv,Yes
30531-6,3,271d12d94b19ecc,JUL-2021,Unknown,No,Unknown,https://static.nhtsa.gov/odi/ffdd/sgo-2021-01/Archive-2021-2025/SGO-2021-01_Incident_Reports_ADS.csv,Yes
30531-6136,1,811ca85e59b1678,JUL-2023,Unknown,No,,https://static.nhtsa.gov/odi/ffdd/sgo-2021-01/Archive-2021-2025/SGO-2021-01_Incident_Reports_ADS.csv,Yes
30531-6137,1,9e74529d3141c94,JUL-2023,No Deployment Reported,No,No,https://static.nhtsa.gov/odi/ffdd/sgo-2021-01/Archive-2021-2025/SGO-2021-01_Incident_Reports_ADS.csv,Yes
30531-6138,1,ca841a9f6911534,JUL-2023,No Deployment Reported,No,No,https://static.nhtsa.gov/odi/ffdd/sgo-2021-01/Archive-2021-2025/SGO-2021-01_Incident_Reports_ADS.csv,Yes
30531-6354,1,bc3cf43a88e0c67,SEP-2023,No Deployment Reported,No,No,https://static.nhtsa.gov/odi/ffdd/sgo-2021-01/Archive-2021-2025/SGO-2021-01_Incident_Reports_ADS.csv,Yes
30531-6532,2,d088b81d0aea602,OCT-2023,Unknown,No,,https://static.nhtsa.gov/odi/ffdd/sgo-2021-01/Archive-2021-2025/SGO-2021-01_Incident_Reports_ADS.csv,Yes
30531-6533,1,3ff142802a5fce9,SEP-2023,No Deployment Reported,No,No,https://static.nhtsa.gov/odi/ffdd/sgo-2021-01/Archive-2021-2025/SGO-2021-01_Incident_Reports_ADS.csv,Yes
30531-6691,1,951dadb865d98c2,OCT-2023,No Deployment Reported,No,No,https://static.nhtsa.gov/odi/ffdd/sgo-2021-01/Archive-2021-2025/SGO-2021-01_Incident_Reports_ADS.csv,Yes
30531-6862,1,ee3530ef1c1d0eb,NOV-2023,No Deployment Reported,No,No,https://static.nhtsa.gov/odi/ffdd/sgo-2021-01/Archive-2021-2025/SGO-2021-01_Incident_Reports_ADS.csv,Yes
30531-6863,1,8298ed805404448,NOV-2023,No Deployment Reported,No,No,https://static.nhtsa.gov/odi/ffdd/sgo-2021-01/Archive-2021-2025/SGO-2021-01_Incident_Reports_ADS.csv,Yes
30531-6864,1,72fb4226e3fbbf1,NOV-2023,No Deployment Reported,No,No,https://static.nhtsa.gov/odi/ffdd/sgo-2021-01/Archive-2021-2025/SGO-2021-01_Incident_Reports_ADS.csv,Yes
30531-7022,1,842ae816e7999c5,DEC-2023,No Deployment Reported,No,No,https://static.nhtsa.gov/odi/ffdd/sgo-2021-01/Archive-2021-2025/SGO-2021-01_Incident_Reports_ADS.csv,Yes
30531-7176,1,69fffbcf0147ff7,JAN-2024,No Deployment Reported,No,No,https://static.nhtsa.gov/odi/ffdd/sgo-2021-01/Archive-2021-2025/SGO-2021-01_Incident_Reports_ADS.csv,Yes
30531-7177,1,9c0c60f2cb1f322,FEB-2024,No Deployment Reported,No,No,https://static.nhtsa.gov/odi/ffdd/sgo-2021-01/Archive-2021-2025/SGO-2021-01_Incident_Reports_ADS.csv,Yes
30531-7239,1,f6229ea9faa4204,FEB-2024,No Deployment Reported,No,No,https://static.nhtsa.gov/odi/ffdd/sgo-2021-01/Archive-2021-2025/SGO-2021-01_Incident_Reports_ADS.csv,Yes
30531-7368,1,0f177736731c7b2,MAR-2024,No Deployment Reported,No,No,https://static.nhtsa.gov/odi/ffdd/sgo-2021-01/Archive-2021-2025/SGO-2021-01_Incident_Reports_ADS.csv,Yes
30531-7545,1,3325b810acc75a3,MAR-2024,No Deployment Reported,No,No,https://static.nhtsa.gov/odi/ffdd/sgo-2021-01/Archive-2021-2025/SGO-2021-01_Incident_Reports_ADS.csv,Yes
30531-7546,1,6eefb6c4b33df9d,MAR-2024,No Deployment Reported,No,No,https://static.nhtsa.gov/odi/ffdd/sgo-2021-01/Archive-2021-2025/SGO-2021-01_Incident_Reports_ADS.csv,Yes
30531-7548,1,d5770d65e2e965b,MAR-2024,No Deployment Reported,No,No,https://static.nhtsa.gov/odi/ffdd/sgo-2021-01/Archive-2021-2025/SGO-2021-01_Incident_Reports_ADS.csv,Yes
30531-7696,1,7b74a49eb5027b6,MAY-2024,Deployed,No,Yes,https://static.nhtsa.gov/odi/ffdd/sgo-2021-01/Archive-2021-2025/SGO-2021-01_Incident_Reports_ADS.csv,Yes
30531-7732,1,4da91e509f90137,APR-2024,No Deployment Reported,No,No,https://static.nhtsa.gov/odi/ffdd/sgo-2021-01/Archive-2021-2025/SGO-2021-01_Incident_Reports_ADS.csv,Yes
30531-7965,2,fb946bdabf49687,MAY-2024,No Deployment Reported,No,No,https://static.nhtsa.gov/odi/ffdd/sgo-2021-01/Archive-2021-2025/SGO-2021-01_Incident_Reports_ADS.csv,Yes
30531-7966,1,b223e677151596a,MAY-2024,Unknown,No,,https://static.nhtsa.gov/odi/ffdd/sgo-2021-01/Archive-2021-2025/SGO-2021-01_Incident_Reports_ADS.csv,Yes
30531-8162,1,7efef5aa622ea74,JUN-2024,No Deployment Reported,No,No,https://static.nhtsa.gov/odi/ffdd/sgo-2021-01/Archive-2021-2025/SGO-2021-01_Incident_Reports_ADS.csv,Yes
30531-8220,1,036be89379840a4,JUL-2024,No Deployment Reported,No,Not Applicable,https://static.nhtsa.gov/odi/ffdd/sgo-2021-01/Archive-2021-2025/SGO-2021-01_Incident_Reports_ADS.csv,Yes
30531-8345,2,a386703bc6498b9,AUG-2024,No Deployment Reported,No,No,https://static.nhtsa.gov/odi/ffdd/sgo-2021-01/Archive-2021-2025/SGO-2021-01_Incident_Reports_ADS.csv,Yes
30531-8448,1,8d5de51bc775cac,AUG-2024,No Deployment Reported,No,Not Applicable,https://static.nhtsa.gov/odi/ffdd/sgo-2021-01/Archive-2021-2025/SGO-2021-01_Incident_Reports_ADS.csv,Yes
30531-8648,1,61933601d199eeb,AUG-2024,No Deployment Reported,No,No,https://static.nhtsa.gov/odi/ffdd/sgo-2021-01/Archive-2021-2025/SGO-2021-01_Incident_Reports_ADS.csv,Yes
30531-8798,1,d19af670c688241,SEP-2024,No Deployment Reported,No,No,https://static.nhtsa.gov/odi/ffdd/sgo-2021-01/Archive-2021-2025/SGO-2021-01_Incident_Reports_ADS.csv,Yes
30531-8902,1,0840f6bd96c46ca,SEP-2024,No Deployment Reported,No,No,https://static.nhtsa.gov/odi/ffdd/sgo-2021-01/Archive-2021-2025/SGO-2021-01_Incident_Reports_ADS.csv,Yes
30531-8903,1,c91c64b514e62f5,SEP-2024,No Deployment Reported,No,No,https://static.nhtsa.gov/odi/ffdd/sgo-2021-01/Archive-2021-2025/SGO-2021-01_Incident_Reports_ADS.csv,Yes
30531-8904,1,d03b4dcbf3cd3bd,SEP-2024,No Deployment Reported,No,No,https://static.nhtsa.gov/odi/ffdd/sgo-2021-01/Archive-2021-2025/SGO-2021-01_Incident_Reports_ADS.csv,Yes
30531-8905,1,1ab108e2dabaab4,SEP-2024,No Deployment Reported,No,No,https://static.nhtsa.gov/odi/ffdd/sgo-2021-01/Archive-2021-2025/SGO-2021-01_Incident_Reports_ADS.csv,Yes
30531-9244,1,7e4946ffe5ce559,NOV-2024,Unknown,No,,https://static.nhtsa.gov/odi/ffdd/sgo-2021-01/Archive-2021-2025/SGO-2021-01_Incident_Reports_ADS.csv,Yes
30531-9283,1,593c74a00dde78e,DEC-2024,No Deployment Reported,No,No,https://static.nhtsa.gov/odi/ffdd/sgo-2021-01/Archive-2021-2025/SGO-2021-01_Incident_Reports_ADS.csv,Yes
30531-9440,1,71f056b0e3d848a,NOV-2024,No Deployment Reported,No,No,https://static.nhtsa.gov/odi/ffdd/sgo-2021-01/Archive-2021-2025/SGO-2021-01_Incident_Reports_ADS.csv,Yes
30531-9456,2,f3f7d49a496c366,DEC-2024,No Deployment Reported,No,No,https://static.nhtsa.gov/odi/ffdd/sgo-2021-01/Archive-2021-2025/SGO-2021-01_Incident_Reports_ADS.csv,Yes
30531-9520,1,1988e25397f633d,DEC-2024,Deployed,No,Yes,https://static.nhtsa.gov/odi/ffdd/sgo-2021-01/Archive-2021-2025/SGO-2021-01_Incident_Reports_ADS.csv,Yes
30531-9697,1,c36f348e47b1a50,DEC-2024,No Deployment Reported,No,Not Applicable,https://static.nhtsa.gov/odi/ffdd/sgo-2021-01/Archive-2021-2025/SGO-2021-01_Incident_Reports_ADS.csv,Yes
30531-9698,1,9ea9103079881a1,DEC-2024,No Deployment Reported,No,No,https://static.nhtsa.gov/odi/ffdd/sgo-2021-01/Archive-2021-2025/SGO-2021-01_Incident_Reports_ADS.csv,Yes
30531-9699,1,21b81cebac44141,DEC-2024,No Deployment Reported,No,No,https://static.nhtsa.gov/odi/ffdd/sgo-2021-01/Archive-2021-2025/SGO-2021-01_Incident_Reports_ADS.csv,Yes
30571-10171,1,fcbf7f3b607c02b,FEB-2025,No Deployment Reported,No,No,https://static.nhtsa.gov/odi/ffdd/sgo-2021-01/Archive-2021-2025/SGO-2021-01_Incident_Reports_ADS.csv,Yes
30571-4399,2,84d4fa517d86789,NOV-2022,No Deployment Reported,No,No,https://static.nhtsa.gov/odi/ffdd/sgo-2021-01/Archive-2021-2025/SGO-2021-01_Incident_Reports_ADS.csv,Yes
30590-1482,1,9b9e8318ed96db6,SEP-2021,Unknown,No,,https://static.nhtsa.gov/odi/ffdd/sgo-2021-01/Archive-2021-2025/SGO-2021-01_Incident_Reports_ADS.csv,Yes
30590-3431,1,3c16270cbee19db,JUN-2022,No Deployment Reported,No,No,https://static.nhtsa.gov/odi/ffdd/sgo-2021-01/Archive-2021-2025/SGO-2021-01_Incident_Reports_ADS.csv,Yes
30590-6382,1,04eeb18cf84cda0,SEP-2023,No Deployment Reported,No,No,https://static.nhtsa.gov/odi/ffdd/sgo-2021-01/Archive-2021-2025/SGO-2021-01_Incident_Reports_ADS.csv,Yes
30610-10018,2,2e6dcc2b1707998,FEB-2025,Deployed,No,Yes,https://static.nhtsa.gov/odi/ffdd/sgo-2021-01/Archive-2021-2025/SGO-2021-01_Incident_Reports_ADS.csv,Yes
30610-10055,1,c7ca79c67fa49fe,FEB-2025,Deployed,No,Yes,https://static.nhtsa.gov/odi/ffdd/sgo-2021-01/Archive-2021-2025/SGO-2021-01_Incident_Reports_ADS.csv,Yes
30610-10246,1,c68689fc617a685,FEB-2025,No Deployment Reported,No,No,https://static.nhtsa.gov/odi/ffdd/sgo-2021-01/Archive-2021-2025/SGO-2021-01_Incident_Reports_ADS.csv,Yes
30610-10251,1,b0fe191adb9a766,FEB-2025,No Deployment Reported,No,No,https://static.nhtsa.gov/odi/ffdd/sgo-2021-01/Archive-2021-2025/SGO-2021-01_Incident_Reports_ADS.csv,Yes
30610-10294,2,05fabfc423de978,MAR-2025,No Deployment Reported,No,No,https://static.nhtsa.gov/odi/ffdd/sgo-2021-01/Archive-2021-2025/SGO-2021-01_Incident_Reports_ADS.csv,Yes
30610-10399,2,ed38cb58ec4a1f5,APR-2025,Unknown,No,,https://static.nhtsa.gov/odi/ffdd/sgo-2021-01/Archive-2021-2025/SGO-2021-01_Incident_Reports_ADS.csv,Yes
30610-10473,2,f0252c0264b68ef,APR-2025,No Deployment Reported,No,No,https://static.nhtsa.gov/odi/ffdd/sgo-2021-01/Archive-2021-2025/SGO-2021-01_Incident_Reports_ADS.csv,Yes
30610-10508,1,ec72f29fe65a97f,MAR-2025,No Deployment Reported,No,No,https://static.nhtsa.gov/odi/ffdd/sgo-2021-01/Archive-2021-2025/SGO-2021-01_Incident_Reports_ADS.csv,Yes
30610-10511,1,a930be0f965eab9,MAR-2025,No Deployment Reported,No,No,https://static.nhtsa.gov/odi/ffdd/sgo-2021-01/Archive-2021-2025/SGO-2021-01_Incident_Reports_ADS.csv,Yes
30610-10516,1,82ab32ab92788c5,MAR-2025,No Deployment Reported,No,No,https://static.nhtsa.gov/odi/ffdd/sgo-2021-01/Archive-2021-2025/SGO-2021-01_Incident_Reports_ADS.csv,Yes
30610-10711,2,b7ad401221e8988,MAY-2025,No Deployment Reported,No,Not Applicable,https://static.nhtsa.gov/odi/ffdd/sgo-2021-01/Archive-2021-2025/SGO-2021-01_Incident_Reports_ADS.csv,Yes
30610-1080,1,3bcb829bf72a6f6,JUL-2021,No Deployment Reported,No,No,https://static.nhtsa.gov/odi/ffdd/sgo-2021-01/Archive-2021-2025/SGO-2021-01_Incident_Reports_ADS.csv,Yes
30610-10823,1,37db47ec7473bdb,APR-2025,No Deployment Reported,No,No,https://static.nhtsa.gov/odi/ffdd/sgo-2021-01/Archive-2021-2025/SGO-2021-01_Incident_Reports_ADS.csv,Yes
30610-10824,1,c78626dd832e68d,APR-2025,No Deployment Reported,No,No,https://static.nhtsa.gov/odi/ffdd/sgo-2021-01/Archive-2021-2025/SGO-2021-01_Incident_Reports_ADS.csv,Yes
30610-1083,1,9b9546584c36817,JUL-2021,No Deployment Reported,No,No,https://static.nhtsa.gov/odi/ffdd/sgo-2021-01/Archive-2021-2025/SGO-2021-01_Incident_Reports_ADS.csv,Yes
30610-1091,1,f72001a87258c7e,AUG-2021,No Deployment Reported,No,No,https://static.nhtsa.gov/odi/ffdd/sgo-2021-01/Archive-2021-2025/SGO-2021-01_Incident_Reports_ADS.csv,Yes
30610-10999,2,c68e8513eb8aa59,JUN-2025,No Deployment Reported,No,Not Applicable,https://static.nhtsa.gov/odi/ffdd/sgo-2021-01/Archive-2021-2025/SGO-2021-01_Incident_Reports_ADS.csv,Yes
30610-11096,1,b35c9f7b09a4ce1,JUN-2025,No Deployment Reported,No,No,https://static.nhtsa.gov/odi/ffdd/sgo-2021-01/Archive-2021-2025/SGO-2021-01_Incident_Reports_ADS.csv,Yes
30610-11097,1,a5494cc58505ab8,MAY-2025,No Deployment Reported,No,No,https://static.nhtsa.gov/odi/ffdd/sgo-2021-01/Archive-2021-2025/SGO-2021-01_Incident_Reports_ADS.csv,Yes
30610-11098,1,57992d8bb01c719,MAY-2025,No Deployment Reported,No,No,https://static.nhtsa.gov/odi/ffdd/sgo-2021-01/Archive-2021-2025/SGO-2021-01_Incident_Reports_ADS.csv,Yes
30610-11099,1,f094c379022a57b,MAY-2025,No Deployment Reported,No,No,https://static.nhtsa.gov/odi/ffdd/sgo-2021-01/Archive-2021-2025/SGO-2021-01_Incident_Reports_ADS.csv,Yes
30610-11100,1,95a921627d947c5,MAY-2025,No Deployment Reported,No,No,https://static.nhtsa.gov/odi/ffdd/sgo-2021-01/Archive-2021-2025/SGO-2021-01_Incident_Reports_ADS.csv,Yes
30610-11103,1,535a3d4be962938,MAY-2025,No Deployment Reported,No,No,https://static.nhtsa.gov/odi/ffdd/sgo-2021-01/Archive-2021-2025/SGO-2021-01_Incident_Reports_ADS.csv,Yes
30610-11166,1,e2bb33f022e4ab9,JUN-2025,No Deployment Reported,,,https://static.nhtsa.gov/odi/ffdd/sgo-2021-01/SGO-2021-01_Incident_Reports_ADS.csv,Yes
30610-11331,1,47713b36db6b69b,JUN-2025,No Deployment Reported,,,https://static.nhtsa.gov/odi/ffdd/sgo-2021-01/SGO-2021-01_Incident_Reports_ADS.csv,Yes
30610-11405,1,2e8f930bd064930,JUL-2025,Deployed,,,https://static.nhtsa.gov/odi/ffdd/sgo-2021-01/SGO-2021-01_Incident_Reports_ADS.csv,Yes
30610-11497,1,27f5ade8b2a100c,AUG-2025,No Deployment Reported,,,https://static.nhtsa.gov/odi/ffdd/sgo-2021-01/SGO-2021-01_Incident_Reports_ADS.csv,Yes
30610-11513,1,d294fc7bca2c459,JUL-2025,No Deployment Reported,,,https://static.nhtsa.gov/odi/ffdd/sgo-2021-01/SGO-2021-01_Incident_Reports_ADS.csv,Yes
30610-11514,1,62cf95bc8586ee7,JUL-2025,No Deployment Reported,,,https://static.nhtsa.gov/odi/ffdd/sgo-2021-01/SGO-2021-01_Incident_Reports_ADS.csv,Yes
30610-11515,1,a1fb39677f6ca68,JUL-2025,No Deployment Reported,,,https://static.nhtsa.gov/odi/ffdd/sgo-2021-01/SGO-2021-01_Incident_Reports_ADS.csv,Yes
30610-11563,1,2cbb435ba089c85,AUG-2025,No Deployment Reported,,,https://static.nhtsa.gov/odi/ffdd/sgo-2021-01/SGO-2021-01_Incident_Reports_ADS.csv,Yes
30610-11587,1,cb31f26832c6c32,AUG-2025,No Deployment Reported,,,https://static.nhtsa.gov/odi/ffdd/sgo-2021-01/SGO-2021-01_Incident_Reports_ADS.csv,Yes
30610-11696,1,03781d2c09e781b,AUG-2025,No Deployment Reported,,,https://static.nhtsa.gov/odi/ffdd/sgo-2021-01/SGO-2021-01_Incident_Reports_ADS.csv,Yes
30610-11752,1,b668056967dc92c,SEP-2025,No Deployment Reported,,,https://static.nhtsa.gov/odi/ffdd/sgo-2021-01/SGO-2021-01_Incident_Reports_ADS.csv,Yes
30610-11847,2,ae9a3bf3156b681,OCT-2025,No Deployment Reported,,,https://static.nhtsa.gov/odi/ffdd/sgo-2021-01/SGO-2021-01_Incident_Reports_ADS.csv,Yes
30610-11856,1,a9bac9237d264b6,OCT-2025,No Deployment Reported,,,https://static.nhtsa.gov/odi/ffdd/sgo-2021-01/SGO-2021-01_Incident_Reports_ADS.csv,Yes
30610-11902,1,ffa7fe31f8c8d1a,SEP-2025,No Deployment Reported,,,https://static.nhtsa.gov/odi/ffdd/sgo-2021-01/SGO-2021-01_Incident_Reports_ADS.csv,Yes
30610-11903,1,1aa3e885879649c,SEP-2025,No Deployment Reported,,,https://static.nhtsa.gov/odi/ffdd/sgo-2021-01/SGO-2021-01_Incident_Reports_ADS.csv,Yes
30610-11990,1,aa35430cd9d3cba,OCT-2025,No Deployment Reported,,,https://static.nhtsa.gov/odi/ffdd/sgo-2021-01/SGO-2021-01_Incident_Reports_ADS.csv,Yes
30610-1281,1,19817d09a00fa8f,SEP-2021,No Deployment Reported,No,No,https://static.nhtsa.gov/odi/ffdd/sgo-2021-01/Archive-2021-2025/SGO-2021-01_Incident_Reports_ADS.csv,Yes
30610-13121,1,a8b9b6b3fc669de,OCT-2025,No Deployment Reported,,,https://static.nhtsa.gov/odi/ffdd/sgo-2021-01/SGO-2021-01_Incident_Reports_ADS.csv,Yes
30610-13122,1,2c4ef061d231dcf,OCT-2025,No Deployment Reported,,,https://static.nhtsa.gov/odi/ffdd/sgo-2021-01/SGO-2021-01_Incident_Reports_ADS.csv,Yes
30610-13123,1,f22b28a692883a0,OCT-2025,No Deployment Reported,,,https://static.nhtsa.gov/odi/ffdd/sgo-2021-01/SGO-2021-01_Incident_Reports_ADS.csv,Yes
30610-13376,1,5c4495476e1b810,NOV-2025,No Deployment Reported,,,https://static.nhtsa.gov/odi/ffdd/sgo-2021-01/SGO-2021-01_Incident_Reports_ADS.csv,Yes
30610-13377,1,aaa9e98ebc40792,NOV-2025,No Deployment Reported,,,https://static.nhtsa.gov/odi/ffdd/sgo-2021-01/SGO-2021-01_Incident_Reports_ADS.csv,Yes
30610-13660,1,2b5ac9b27d63da8,DEC-2025,No Deployment Reported,,,https://static.nhtsa.gov/odi/ffdd/sgo-2021-01/SGO-2021-01_Incident_Reports_ADS.csv,Yes
30610-13661,1,78df1cae450fa33,DEC-2025,No Deployment Reported,,,https://static.nhtsa.gov/odi/ffdd/sgo-2021-01/SGO-2021-01_Incident_Reports_ADS.csv,Yes
30610-13662,1,fc6ff844b94f122,JAN-2026,No Deployment Reported,,,https://static.nhtsa.gov/odi/ffdd/sgo-2021-01/SGO-2021-01_Incident_Reports_ADS.csv,Yes
30610-13818,1,a15c4298c796428,JAN-2026,No Deployment Reported,,,https://static.nhtsa.gov/odi/ffdd/sgo-2021-01/SGO-2021-01_Incident_Reports_ADS.csv,Yes
30610-14026,1,a3c629f28118882,FEB-2026,No Deployment Reported,,,https://static.nhtsa.gov/odi/ffdd/sgo-2021-01/SGO-2021-01_Incident_Reports_ADS.csv,Yes
30610-14090,1,aa14e3edde73fa3,JAN-2026,No Deployment Reported,,,https://static.nhtsa.gov/odi/ffdd/sgo-2021-01/SGO-2021-01_Incident_Reports_ADS.csv,Yes
30610-14152,1,13048a864ddb23a,FEB-2026,No Deployment Reported,,,https://static.nhtsa.gov/odi/ffdd/sgo-2021-01/SGO-2021-01_Incident_Reports_ADS.csv,Yes
30610-14167,1,0a59dd6aec30ad4,FEB-2026,Deployed,,,https://static.nhtsa.gov/odi/ffdd/sgo-2021-01/SGO-2021-01_Incident_Reports_ADS.csv,Yes
30610-14263,1,0731399564887d7,MAR-2026,No Deployment Reported,,,https://static.nhtsa.gov/odi/ffdd/sgo-2021-01/SGO-2021-01_Incident_Reports_ADS.csv,Yes
30610-14264,1,bbd6af02bf08a16,MAR-2026,No Deployment Reported,,,https://static.nhtsa.gov/odi/ffdd/sgo-2021-01/SGO-2021-01_Incident_Reports_ADS.csv,Yes
30610-14339,1,d14518a784ebf3b,FEB-2026,No Deployment Reported,,,https://static.nhtsa.gov/odi/ffdd/sgo-2021-01/SGO-2021-01_Incident_Reports_ADS.csv,Yes
30610-14340,1,b57194198433dd3,FEB-2026,No Deployment Reported,,,https://static.nhtsa.gov/odi/ffdd/sgo-2021-01/SGO-2021-01_Incident_Reports_ADS.csv,Yes
30610-14341,1,b5c5bcbc744b458,FEB-2026,No Deployment Reported,,,https://static.nhtsa.gov/odi/ffdd/sgo-2021-01/SGO-2021-01_Incident_Reports_ADS.csv,Yes
30610-14342,1,5d96462d6f8194c,MAR-2026,No Deployment Reported,,,https://static.nhtsa.gov/odi/ffdd/sgo-2021-01/SGO-2021-01_Incident_Reports_ADS.csv,Yes
30610-14366,1,18ddc703dc1ef13,MAR-2026,No Deployment Reported,,,https://static.nhtsa.gov/odi/ffdd/sgo-2021-01/SGO-2021-01_Incident_Reports_ADS.csv,Yes
30610-14388,1,b0bc9730ab173f2,MAR-2026,No Deployment Reported,,,https://static.nhtsa.gov/odi/ffdd/sgo-2021-01/SGO-2021-01_Incident_Reports_ADS.csv,Yes
30610-1441,1,0d793f16e8354d9,SEP-2021,Unknown,No,Unknown,https://static.nhtsa.gov/odi/ffdd/sgo-2021-01/Archive-2021-2025/SGO-2021-01_Incident_Reports_ADS.csv,Yes
30610-14419,1,1431aa571fee5ff,MAR-2026,No Deployment Reported,,,https://static.nhtsa.gov/odi/ffdd/sgo-2021-01/SGO-2021-01_Incident_Reports_ADS.csv,Yes
30610-14519,1,a8863dac1fb54a4,MAR-2026,No Deployment Reported,,,https://static.nhtsa.gov/odi/ffdd/sgo-2021-01/SGO-2021-01_Incident_Reports_ADS.csv,Yes
30610-14554,1,14856ceb426da87,MAR-2026,No Deployment Reported,,,https://static.nhtsa.gov/odi/ffdd/sgo-2021-01/SGO-2021-01_Incident_Reports_ADS.csv,Yes
30610-14656,1,7fe6c5cf891cf91,APR-2026,No Deployment Reported,,,https://static.nhtsa.gov/odi/ffdd/sgo-2021-01/SGO-2021-01_Incident_Reports_ADS.csv,Yes
30610-14662,1,cc840502f04ecb4,MAR-2026,No Deployment Reported,,,https://static.nhtsa.gov/odi/ffdd/sgo-2021-01/SGO-2021-01_Incident_Reports_ADS.csv,Yes
30610-14663,1,7d97266737502d0,MAR-2026,No Deployment Reported,,,https://static.nhtsa.gov/odi/ffdd/sgo-2021-01/SGO-2021-01_Incident_Reports_ADS.csv,Yes
30610-14664,1,7555ea7eda604d3,MAR-2026,No Deployment Reported,,,https://static.nhtsa.gov/odi/ffdd/sgo-2021-01/SGO-2021-01_Incident_Reports_ADS.csv,Yes
30610-14665,1,fa4569805b2287b,MAR-2026,No Deployment Reported,,,https://static.nhtsa.gov/odi/ffdd/sgo-2021-01/SGO-2021-01_Incident_Reports_ADS.csv,Yes
30610-14732,1,19f8a69abde655f,APR-2026,No Deployment Reported,,,https://static.nhtsa.gov/odi/ffdd/sgo-2021-01/SGO-2021-01_Incident_Reports_ADS.csv,Yes
30610-15018,1,ed9fe1a7cb56205,MAY-2026,No Deployment Reported,,,https://static.nhtsa.gov/odi/ffdd/sgo-2021-01/SGO-2021-01_Incident_Reports_ADS.csv,Yes
30610-15062,1,f1b3d813ec0e522,APR-2026,No Deployment Reported,,,https://static.nhtsa.gov/odi/ffdd/sgo-2021-01/SGO-2021-01_Incident_Reports_ADS.csv,Yes
30610-15063,1,3cab2dc34503b45,APR-2026,No Deployment Reported,,,https://static.nhtsa.gov/odi/ffdd/sgo-2021-01/SGO-2021-01_Incident_Reports_ADS.csv,Yes
30610-15064,1,c84a1490ad56060,APR-2026,No Deployment Reported,,,https://static.nhtsa.gov/odi/ffdd/sgo-2021-01/SGO-2021-01_Incident_Reports_ADS.csv,Yes
30610-15065,1,2a42102a95dd944,APR-2026,No Deployment Reported,,,https://static.nhtsa.gov/odi/ffdd/sgo-2021-01/SGO-2021-01_Incident_Reports_ADS.csv,Yes
30610-15295,1,4928b95109f3309,MAY-2026,Deployed,,,https://static.nhtsa.gov/odi/ffdd/sgo-2021-01/SGO-2021-01_Incident_Reports_ADS.csv,Yes
30610-15465,1,76fe972e834cdb5,JUN-2026,No Deployment Reported,,,https://static.nhtsa.gov/odi/ffdd/sgo-2021-01/SGO-2021-01_Incident_Reports_ADS.csv,Yes
30610-15480,1,76885c23bb1c231,MAY-2026,No Deployment Reported,,,https://static.nhtsa.gov/odi/ffdd/sgo-2021-01/SGO-2021-01_Incident_Reports_ADS.csv,Yes
30610-15481,1,1549113738cf5fd,MAY-2026,No Deployment Reported,,,https://static.nhtsa.gov/odi/ffdd/sgo-2021-01/SGO-2021-01_Incident_Reports_ADS.csv,Yes
30610-15540,1,6634e84c69c18dd,JUN-2026,No Deployment Reported,,,https://static.nhtsa.gov/odi/ffdd/sgo-2021-01/SGO-2021-01_Incident_Reports_ADS.csv,Yes
30610-15541,1,3bb9c11e44dfe40,JUN-2026,No Deployment Reported,,,https://static.nhtsa.gov/odi/ffdd/sgo-2021-01/SGO-2021-01_Incident_Reports_ADS.csv,Yes
30610-15628,1,fb5e907b5b28395,JUN-2026,No Deployment Reported,,,https://static.nhtsa.gov/odi/ffdd/sgo-2021-01/SGO-2021-01_Incident_Reports_ADS.csv,Yes
30610-15638,1,8ab79bfd2d5b7eb,JUN-2026,Deployed,,,https://static.nhtsa.gov/odi/ffdd/sgo-2021-01/SGO-2021-01_Incident_Reports_ADS.csv,Yes
30610-15707,1,4366476607eca89,JUN-2026,No Deployment Reported,,,https://static.nhtsa.gov/odi/ffdd/sgo-2021-01/SGO-2021-01_Incident_Reports_ADS.csv,Yes
30610-15722,1,115c701a830774b,JUL-2026,No Deployment Reported,,,https://static.nhtsa.gov/odi/ffdd/sgo-2021-01/SGO-2021-01_Incident_Reports_ADS.csv,Yes
30610-15822,1,6426eefe9a84263,JUN-2026,Unknown,,,https://static.nhtsa.gov/odi/ffdd/sgo-2021-01/SGO-2021-01_Incident_Reports_ADS.csv,Yes
30610-15826,1,755bbd9bfeb9e1a,JUN-2026,No Deployment Reported,,,https://static.nhtsa.gov/odi/ffdd/sgo-2021-01/SGO-2021-01_Incident_Reports_ADS.csv,Yes
30610-15827,1,e71e53e28d8c94e,JUN-2026,No Deployment Reported,,,https://static.nhtsa.gov/odi/ffdd/sgo-2021-01/SGO-2021-01_Incident_Reports_ADS.csv,Yes
30610-1732,1,3f31d9494b5ff0b,OCT-2021,No Deployment Reported,No,No,https://static.nhtsa.gov/odi/ffdd/sgo-2021-01/Archive-2021-2025/SGO-2021-01_Incident_Reports_ADS.csv,Yes
30610-2151,1,b2e81debd54d53f,DEC-2021,No Deployment Reported,No,No,https://static.nhtsa.gov/odi/ffdd/sgo-2021-01/Archive-2021-2025/SGO-2021-01_Incident_Reports_ADS.csv,Yes
30610-2227,2,60fe7e3c889b2c0,FEB-2022,Unknown,No,,https://static.nhtsa.gov/odi/ffdd/sgo-2021-01/Archive-2021-2025/SGO-2021-01_Incident_Reports_ADS.csv,Yes
30610-2245,1,7caf349415e0dd6,JAN-2022,Unknown,No,Unknown,https://static.nhtsa.gov/odi/ffdd/sgo-2021-01/Archive-2021-2025/SGO-2021-01_Incident_Reports_ADS.csv,Yes
30610-2482,1,2aa124cfd4ca325,FEB-2022,Unknown,No,Unknown,https://static.nhtsa.gov/odi/ffdd/sgo-2021-01/Archive-2021-2025/SGO-2021-01_Incident_Reports_ADS.csv,Yes
30610-2584,2,50de63f80743bbd,MAR-2022,Unknown,No,,https://static.nhtsa.gov/odi/ffdd/sgo-2021-01/Archive-2021-2025/SGO-2021-01_Incident_Reports_ADS.csv,Yes
30610-2651,1,803ff4d1cb60b2e,MAR-2022,Unknown,No,Unknown,https://static.nhtsa.gov/odi/ffdd/sgo-2021-01/Archive-2021-2025/SGO-2021-01_Incident_Reports_ADS.csv,Yes
30610-2913,1,96436de08bdb31e,APR-2022,Unknown,No,Unknown,https://static.nhtsa.gov/odi/ffdd/sgo-2021-01/Archive-2021-2025/SGO-2021-01_Incident_Reports_ADS.csv,Yes
30610-3072,2,57e9040c5de3c46,JUN-2022,Unknown,No,,https://static.nhtsa.gov/odi/ffdd/sgo-2021-01/Archive-2021-2025/SGO-2021-01_Incident_Reports_ADS.csv,Yes
30610-3158,2,33e8d4e5afdbbd8,MAY-2022,Unknown,No,Unknown,https://static.nhtsa.gov/odi/ffdd/sgo-2021-01/Archive-2021-2025/SGO-2021-01_Incident_Reports_ADS.csv,Yes
30610-3215,2,b26a8024c824bb2,JUN-2022,Unknown,No,Unknown,https://static.nhtsa.gov/odi/ffdd/sgo-2021-01/Archive-2021-2025/SGO-2021-01_Incident_Reports_ADS.csv,Yes
30610-3320,1,898ecff58636c86,JUN-2022,No Deployment Reported,No,No,https://static.nhtsa.gov/odi/ffdd/sgo-2021-01/Archive-2021-2025/SGO-2021-01_Incident_Reports_ADS.csv,Yes
30610-3508,2,6cbdeb64bd4bc64,JUL-2022,Unknown,No,Unknown,https://static.nhtsa.gov/odi/ffdd/sgo-2021-01/Archive-2021-2025/SGO-2021-01_Incident_Reports_ADS.csv,Yes
30610-3703,3,e5bfa5112083dd7,AUG-2022,Deployed,No,Yes,https://static.nhtsa.gov/odi/ffdd/sgo-2021-01/Archive-2021-2025/SGO-2021-01_Incident_Reports_ADS.csv,Yes
30610-3719,2,86aa35bdd11ea77,AUG-2022,Unknown,No,,https://static.nhtsa.gov/odi/ffdd/sgo-2021-01/Archive-2021-2025/SGO-2021-01_Incident_Reports_ADS.csv,Yes
30610-3751,1,a3037ba8b0702a4,AUG-2022,No Deployment Reported,No,No,https://static.nhtsa.gov/odi/ffdd/sgo-2021-01/Archive-2021-2025/SGO-2021-01_Incident_Reports_ADS.csv,Yes
30610-3752,2,1e802a0a2cb0266,SEP-2022,Unknown,No,,https://static.nhtsa.gov/odi/ffdd/sgo-2021-01/Archive-2021-2025/SGO-2021-01_Incident_Reports_ADS.csv,Yes
30610-4215,1,ee7410fb0a17f2e,OCT-2022,No Deployment Reported,No,No,https://static.nhtsa.gov/odi/ffdd/sgo-2021-01/Archive-2021-2025/SGO-2021-01_Incident_Reports_ADS.csv,Yes
30610-4217,1,ff1fb0799a4f9e8,OCT-2022,No Deployment Reported,No,No,https://static.nhtsa.gov/odi/ffdd/sgo-2021-01/Archive-2021-2025/SGO-2021-01_Incident_Reports_ADS.csv,Yes
30610-4362,1,cd46839f7e32cc9,NOV-2022,No Deployment Reported,No,No,https://static.nhtsa.gov/odi/ffdd/sgo-2021-01/Archive-2021-2025/SGO-2021-01_Incident_Reports_ADS.csv,Yes
30610-4383,1,7f8f08e31baa51a,NOV-2022,No Deployment Reported,No,No,https://static.nhtsa.gov/odi/ffdd/sgo-2021-01/Archive-2021-2025/SGO-2021-01_Incident_Reports_ADS.csv,Yes
30610-4384,1,197ec69939516db,NOV-2022,No Deployment Reported,No,No,https://static.nhtsa.gov/odi/ffdd/sgo-2021-01/Archive-2021-2025/SGO-2021-01_Incident_Reports_ADS.csv,Yes
30610-4385,1,3af30c276bb69b3,NOV-2022,No Deployment Reported,No,No,https://static.nhtsa.gov/odi/ffdd/sgo-2021-01/Archive-2021-2025/SGO-2021-01_Incident_Reports_ADS.csv,Yes
30610-4810,2,28aee38d1d3ed89,FEB-2023,Unknown,No,,https://static.nhtsa.gov/odi/ffdd/sgo-2021-01/Archive-2021-2025/SGO-2021-01_Incident_Reports_ADS.csv,Yes
30610-4814,2,fa6f0b9dcf1eda3,JAN-2023,No Deployment Reported,No,No,https://static.nhtsa.gov/odi/ffdd/sgo-2021-01/Archive-2021-2025/SGO-2021-01_Incident_Reports_ADS.csv,Yes
30610-4815,1,e3735a4436407e9,JAN-2023,No Deployment Reported,No,No,https://static.nhtsa.gov/odi/ffdd/sgo-2021-01/Archive-2021-2025/SGO-2021-01_Incident_Reports_ADS.csv,Yes
30610-4993,2,756c45604ba8bbd,FEB-2023,No Deployment Reported,No,No,https://static.nhtsa.gov/odi/ffdd/sgo-2021-01/Archive-2021-2025/SGO-2021-01_Incident_Reports_ADS.csv,Yes
30610-4994,2,c2fb3fca34e403b,FEB-2023,No Deployment Reported,No,No,https://static.nhtsa.gov/odi/ffdd/sgo-2021-01/Archive-2021-2025/SGO-2021-01_Incident_Reports_ADS.csv,Yes
30610-4995,2,f3593eb7f389b3f,FEB-2023,No Deployment Reported,No,No,https://static.nhtsa.gov/odi/ffdd/sgo-2021-01/Archive-2021-2025/SGO-2021-01_Incident_Reports_ADS.csv,Yes
30610-5224,1,01fe1096ad10e2c,MAR-2023,Unknown,No,,https://static.nhtsa.gov/odi/ffdd/sgo-2021-01/Archive-2021-2025/SGO-2021-01_Incident_Reports_ADS.csv,Yes
30610-5225,2,ee7b4bbad8b4c29,MAR-2023,No Deployment Reported,No,No,https://static.nhtsa.gov/odi/ffdd/sgo-2021-01/Archive-2021-2025/SGO-2021-01_Incident_Reports_ADS.csv,Yes
30610-5232,2,e8e2e51ebce016a,APR-2023,No Deployment Reported,No,No,https://static.nhtsa.gov/odi/ffdd/sgo-2021-01/Archive-2021-2025/SGO-2021-01_Incident_Reports_ADS.csv,Yes
30610-5714,1,1ddcd8547f32de0,MAY-2023,No Deployment Reported,No,No,https://static.nhtsa.gov/odi/ffdd/sgo-2021-01/Archive-2021-2025/SGO-2021-01_Incident_Reports_ADS.csv,Yes
30610-5716,1,820ae1b8f89c22d,MAY-2023,No Deployment Reported,No,No,https://static.nhtsa.gov/odi/ffdd/sgo-2021-01/Archive-2021-2025/SGO-2021-01_Incident_Reports_ADS.csv,Yes
30610-6373,1,c50a0a0ffe92c13,SEP-2023,No Deployment Reported,No,No,https://static.nhtsa.gov/odi/ffdd/sgo-2021-01/Archive-2021-2025/SGO-2021-01_Incident_Reports_ADS.csv,Yes
30610-6592,2,42a6ee3cc17dddb,NOV-2023,No Deployment Reported,No,Not Applicable,https://static.nhtsa.gov/odi/ffdd/sgo-2021-01/Archive-2021-2025/SGO-2021-01_Incident_Reports_ADS.csv,Yes
30610-6635,1,c68bf3df2aa3e5a,OCT-2023,No Deployment Reported,No,No,https://static.nhtsa.gov/odi/ffdd/sgo-2021-01/Archive-2021-2025/SGO-2021-01_Incident_Reports_ADS.csv,Yes
30610-6638,1,6e5f7e8fa9a1fcb,OCT-2023,No Deployment Reported,No,No,https://static.nhtsa.gov/odi/ffdd/sgo-2021-01/Archive-2021-2025/SGO-2021-01_Incident_Reports_ADS.csv,Yes
30610-6950,1,f23a6e25a67b19d,JAN-2024,No Deployment Reported,No,No,https://static.nhtsa.gov/odi/ffdd/sgo-2021-01/Archive-2021-2025/SGO-2021-01_Incident_Reports_ADS.csv,Yes
30610-7110,1,a0a1657627490ce,JAN-2024,No Deployment Reported,No,No,https://static.nhtsa.gov/odi/ffdd/sgo-2021-01/Archive-2021-2025/SGO-2021-01_Incident_Reports_ADS.csv,Yes
30610-7111,1,1b11511eb3f2646,JAN-2024,No Deployment Reported,No,No,https://static.nhtsa.gov/odi/ffdd/sgo-2021-01/Archive-2021-2025/SGO-2021-01_Incident_Reports_ADS.csv,Yes
30610-7291,1,06b540225fae953,FEB-2024,No Deployment Reported,No,No,https://static.nhtsa.gov/odi/ffdd/sgo-2021-01/Archive-2021-2025/SGO-2021-01_Incident_Reports_ADS.csv,Yes
30610-7292,1,89ceac0c6db3833,FEB-2024,No Deployment Reported,No,No,https://static.nhtsa.gov/odi/ffdd/sgo-2021-01/Archive-2021-2025/SGO-2021-01_Incident_Reports_ADS.csv,Yes
30610-7293,1,55bb803a6b7193a,FEB-2024,No Deployment Reported,No,No,https://static.nhtsa.gov/odi/ffdd/sgo-2021-01/Archive-2021-2025/SGO-2021-01_Incident_Reports_ADS.csv,Yes
30610-7464,1,460fab6d7160fd9,MAR-2024,No Deployment Reported,No,No,https://static.nhtsa.gov/odi/ffdd/sgo-2021-01/Archive-2021-2025/SGO-2021-01_Incident_Reports_ADS.csv,Yes
30610-7465,1,30095ee7921bf41,MAR-2024,No Deployment Reported,No,No,https://static.nhtsa.gov/odi/ffdd/sgo-2021-01/Archive-2021-2025/SGO-2021-01_Incident_Reports_ADS.csv,Yes
30610-7578,2,d877dc9952ead25,APR-2024,No Deployment Reported,No,Not Applicable,https://static.nhtsa.gov/odi/ffdd/sgo-2021-01/Archive-2021-2025/SGO-2021-01_Incident_Reports_ADS.csv,Yes
30610-7589,2,82ecf2521cd5c8e,APR-2024,No Deployment Reported,No,Not Applicable,https://static.nhtsa.gov/odi/ffdd/sgo-2021-01/Archive-2021-2025/SGO-2021-01_Incident_Reports_ADS.csv,Yes
30610-7674,1,f1ec18cb75ea63a,APR-2024,No Deployment Reported,No,No,https://static.nhtsa.gov/odi/ffdd/sgo-2021-01/Archive-2021-2025/SGO-2021-01_Incident_Reports_ADS.csv,Yes
30610-7819,2,3979ce2cb9bbf11,MAY-2024,No Deployment Reported,No,No,https://static.nhtsa.gov/odi/ffdd/sgo-2021-01/Archive-2021-2025/SGO-2021-01_Incident_Reports_ADS.csv,Yes
30610-8201,2,ad0dcca9b823fd2,JUL-2024,Unknown,No,,https://static.nhtsa.gov/odi/ffdd/sgo-2021-01/Archive-2021-2025/SGO-2021-01_Incident_Reports_ADS.csv,Yes
30610-8290,2,70693d87dae34e4,AUG-2024,No Deployment Reported,No,Not Applicable,https://static.nhtsa.gov/odi/ffdd/sgo-2021-01/Archive-2021-2025/SGO-2021-01_Incident_Reports_ADS.csv,Yes
30610-8373,1,2290df8540c1deb,JUL-2024,No Deployment Reported,No,No,https://static.nhtsa.gov/odi/ffdd/sgo-2021-01/Archive-2021-2025/SGO-2021-01_Incident_Reports_ADS.csv,Yes
30610-8374,1,fa872bc0a5be40f,JUL-2024,No Deployment Reported,No,No,https://static.nhtsa.gov/odi/ffdd/sgo-2021-01/Archive-2021-2025/SGO-2021-01_Incident_Reports_ADS.csv,Yes
30610-8377,1,e2bc89b5e8b7784,JUL-2024,No Deployment Reported,No,No,https://static.nhtsa.gov/odi/ffdd/sgo-2021-01/Archive-2021-2025/SGO-2021-01_Incident_Reports_ADS.csv,Yes
30610-8467,1,2c0ce558c1d4917,AUG-2024,No Deployment Reported,No,No,https://static.nhtsa.gov/odi/ffdd/sgo-2021-01/Archive-2021-2025/SGO-2021-01_Incident_Reports_ADS.csv,Yes
30610-8956,2,1e1418541038c4a,OCT-2024,Unknown,No,,https://static.nhtsa.gov/odi/ffdd/sgo-2021-01/Archive-2021-2025/SGO-2021-01_Incident_Reports_ADS.csv,Yes
30610-9120,1,43b4f86310fe930,OCT-2024,No Deployment Reported,No,No,https://static.nhtsa.gov/odi/ffdd/sgo-2021-01/Archive-2021-2025/SGO-2021-01_Incident_Reports_ADS.csv,Yes
30610-9137,1,45ffa3dbfb91527,OCT-2024,No Deployment Reported,No,No,https://static.nhtsa.gov/odi/ffdd/sgo-2021-01/Archive-2021-2025/SGO-2021-01_Incident_Reports_ADS.csv,Yes
30610-9138,1,98652889cf9795e,OCT-2024,No Deployment Reported,No,No,https://static.nhtsa.gov/odi/ffdd/sgo-2021-01/Archive-2021-2025/SGO-2021-01_Incident_Reports_ADS.csv,Yes
30610-9577,1,0f204a37a664e35,DEC-2024,No Deployment Reported,No,No,https://static.nhtsa.gov/odi/ffdd/sgo-2021-01/Archive-2021-2025/SGO-2021-01_Incident_Reports_ADS.csv,Yes
30610-9578,1,4ed140efb7c8341,DEC-2024,No Deployment Reported,No,No,https://static.nhtsa.gov/odi/ffdd/sgo-2021-01/Archive-2021-2025/SGO-2021-01_Incident_Reports_ADS.csv,Yes
30610-9722,1,30ea25a102ed6d6,JAN-2025,Unknown,No,,https://static.nhtsa.gov/odi/ffdd/sgo-2021-01/Archive-2021-2025/SGO-2021-01_Incident_Reports_ADS.csv,Yes
30610-9726,1,69dbcb440688427,JAN-2025,No Deployment Reported,No,No,https://static.nhtsa.gov/odi/ffdd/sgo-2021-01/Archive-2021-2025/SGO-2021-01_Incident_Reports_ADS.csv,Yes
30610-9759,1,da3505d533e20a5,JAN-2025,Deployed,No,Yes,https://static.nhtsa.gov/odi/ffdd/sgo-2021-01/Archive-2021-2025/SGO-2021-01_Incident_Reports_ADS.csv,Yes
30610-9768,1,1bfb56a11a24d34,JAN-2025,No Deployment Reported,No,No,https://static.nhtsa.gov/odi/ffdd/sgo-2021-01/Archive-2021-2025/SGO-2021-01_Incident_Reports_ADS.csv,Yes
30610-9963,1,999711d1c739b82,JAN-2025,No Deployment Reported,No,No,https://static.nhtsa.gov/odi/ffdd/sgo-2021-01/Archive-2021-2025/SGO-2021-01_Incident_Reports_ADS.csv,Yes
30610-9965,1,5bc1b9d65a04bdb,JAN-2025,No Deployment Reported,No,No,https://static.nhtsa.gov/odi/ffdd/sgo-2021-01/Archive-2021-2025/SGO-2021-01_Incident_Reports_ADS.csv,Yes
30610-9967,1,d12c87d1e1ad132,JAN-2025,No Deployment Reported,No,No,https://static.nhtsa.gov/odi/ffdd/sgo-2021-01/Archive-2021-2025/SGO-2021-01_Incident_Reports_ADS.csv,Yes
30630-6900,1,50cd58141874683,DEC-2023,No Deployment Reported,No,No,https://static.nhtsa.gov/odi/ffdd/sgo-2021-01/Archive-2021-2025/SGO-2021-01_Incident_Reports_ADS.csv,Yes
30634-10693,1,f0ae0f1d67d9a27,MAY-2025,No Deployment Reported,No,No,https://static.nhtsa.gov/odi/ffdd/sgo-2021-01/Archive-2021-2025/SGO-2021-01_Incident_Reports_ADS.csv,Yes
30634-14991,1,e030f01d2992e85,APR-2026,Unknown,,,https://static.nhtsa.gov/odi/ffdd/sgo-2021-01/SGO-2021-01_Incident_Reports_ADS.csv,Yes
30690-1286,1,,AUG-2021,No Deployment Reported,No,No,https://static.nhtsa.gov/odi/ffdd/sgo-2021-01/Archive-2021-2025/SGO-2021-01_Incident_Reports_ADS.csv,Yes
30690-4793,1,b60e02de2f46f8f,JAN-2023,Unknown,No,,https://static.nhtsa.gov/odi/ffdd/sgo-2021-01/Archive-2021-2025/SGO-2021-01_Incident_Reports_ADS.csv,Yes
30711-1624,1,aeb0ef282584e35,OCT-2021,Unknown,No,,https://static.nhtsa.gov/odi/ffdd/sgo-2021-01/Archive-2021-2025/SGO-2021-01_Incident_Reports_ADS.csv,Yes
30711-1759,3,aeb0ef282584e35,OCT-2021,Unknown,No,,https://static.nhtsa.gov/odi/ffdd/sgo-2021-01/Archive-2021-2025/SGO-2021-01_Incident_Reports_ADS.csv,Yes
30711-2666,1,4b9badd8c2314e0,MAR-2022,No Deployment Reported,No,Not Applicable,https://static.nhtsa.gov/odi/ffdd/sgo-2021-01/Archive-2021-2025/SGO-2021-01_Incident_Reports_ADS.csv,Yes
30711-2862,1,e02ac2db7471ebc,APR-2022,No Deployment Reported,No,No,https://static.nhtsa.gov/odi/ffdd/sgo-2021-01/Archive-2021-2025/SGO-2021-01_Incident_Reports_ADS.csv,Yes
30711-3157,1,ae16b7a8038ba70,MAY-2022,No Deployment Reported,No,No,https://static.nhtsa.gov/odi/ffdd/sgo-2021-01/Archive-2021-2025/SGO-2021-01_Incident_Reports_ADS.csv,Yes
30711-5675,1,68f0abf9661245e,JUN-2023,No Deployment Reported,No,No,https://static.nhtsa.gov/odi/ffdd/sgo-2021-01/Archive-2021-2025/SGO-2021-01_Incident_Reports_ADS.csv,Yes
30711-6431,1,7b7bc1d6bb1b4e4,SEP-2023,No Deployment Reported,No,Not Applicable,https://static.nhtsa.gov/odi/ffdd/sgo-2021-01/Archive-2021-2025/SGO-2021-01_Incident_Reports_ADS.csv,Yes
30711-7848,1,b113cc9f72a966e,MAY-2024,Unknown,No,,https://static.nhtsa.gov/odi/ffdd/sgo-2021-01/Archive-2021-2025/SGO-2021-01_Incident_Reports_ADS.csv,Yes
30791-10003,1,ec207689881d11a,FEB-2025,No Deployment Reported,No,No,https://static.nhtsa.gov/odi/ffdd/sgo-2021-01/Archive-2021-2025/SGO-2021-01_Incident_Reports_ADS.csv,Yes
30792-1031,1,7e6339198926ba7,JUL-2021,No Deployment Reported,No,No,https://static.nhtsa.gov/odi/ffdd/sgo-2021-01/Archive-2021-2025/SGO-2021-01_Incident_Reports_ADS.csv,Yes
30792-10691,1,c2cceca3c7e755a,MAY-2025,No Deployment Reported,No,No,https://static.nhtsa.gov/odi/ffdd/sgo-2021-01/Archive-2021-2025/SGO-2021-01_Incident_Reports_ADS.csv,Yes
30792-14655,1,05c97f6f106059b,MAR-2026,No Deployment Reported,,,https://static.nhtsa.gov/odi/ffdd/sgo-2021-01/SGO-2021-01_Incident_Reports_ADS.csv,Yes
30792-1699,1,2926e5994b7c3a5,NOV-2021,No Deployment Reported,No,No,https://static.nhtsa.gov/odi/ffdd/sgo-2021-01/Archive-2021-2025/SGO-2021-01_Incident_Reports_ADS.csv,Yes
30792-4714,1,72519d84cb48f6e,DEC-2022,No Deployment Reported,No,No,https://static.nhtsa.gov/odi/ffdd/sgo-2021-01/Archive-2021-2025/SGO-2021-01_Incident_Reports_ADS.csv,Yes
30792-5565,1,0ea292ae35cf3cd,MAY-2023,Unknown,No,,https://static.nhtsa.gov/odi/ffdd/sgo-2021-01/Archive-2021-2025/SGO-2021-01_Incident_Reports_ADS.csv,Yes
30792-5747,1,6eeaaac3e6f1d5d,JUN-2023,No Deployment Reported,No,No,https://static.nhtsa.gov/odi/ffdd/sgo-2021-01/Archive-2021-2025/SGO-2021-01_Incident_Reports_ADS.csv,Yes
30792-6114,1,a4139547e5e749b,AUG-2023,No Deployment Reported,No,No,https://static.nhtsa.gov/odi/ffdd/sgo-2021-01/Archive-2021-2025/SGO-2021-01_Incident_Reports_ADS.csv,Yes
30792-6492,1,28a50d58f41e81d,SEP-2023,No Deployment Reported,No,No,https://static.nhtsa.gov/odi/ffdd/sgo-2021-01/Archive-2021-2025/SGO-2021-01_Incident_Reports_ADS.csv,Yes
30792-7147,1,338d76138bfc037,JAN-2024,No Deployment Reported,No,No,https://static.nhtsa.gov/odi/ffdd/sgo-2021-01/Archive-2021-2025/SGO-2021-01_Incident_Reports_ADS.csv,Yes
30792-7917,1,b675fcd1cb0dea3,JUN-2024,No Deployment Reported,No,No,https://static.nhtsa.gov/odi/ffdd/sgo-2021-01/Archive-2021-2025/SGO-2021-01_Incident_Reports_ADS.csv,Yes
30792-8115,1,f4620abf7e65afd,JUN-2024,No Deployment Reported,No,No,https://static.nhtsa.gov/odi/ffdd/sgo-2021-01/Archive-2021-2025/SGO-2021-01_Incident_Reports_ADS.csv,Yes
30792-9317,1,0d5ca89e842c2f1,NOV-2024,No Deployment Reported,No,No,https://static.nhtsa.gov/odi/ffdd/sgo-2021-01/Archive-2021-2025/SGO-2021-01_Incident_Reports_ADS.csv,Yes
30830-1297,1,baeffc44f80381e,AUG-2021,No Deployment Reported,No,No,https://static.nhtsa.gov/odi/ffdd/sgo-2021-01/Archive-2021-2025/SGO-2021-01_Incident_Reports_ADS.csv,Yes
31101-10433,1,9f7dced891ca3f9,MAR-2025,No Deployment Reported,No,No,https://static.nhtsa.gov/odi/ffdd/sgo-2021-01/Archive-2021-2025/SGO-2021-01_Incident_Reports_ADS.csv,Yes
31101-11278,1,307f4bfc3e3f219,JUN-2025,No Deployment Reported,,,https://static.nhtsa.gov/odi/ffdd/sgo-2021-01/SGO-2021-01_Incident_Reports_ADS.csv,Yes
31101-13139,1,c1480c70fc2c870,SEP-2025,No Deployment Reported,,,https://static.nhtsa.gov/odi/ffdd/sgo-2021-01/SGO-2021-01_Incident_Reports_ADS.csv,Yes
31101-13154,1,5d70d645aa6212e,OCT-2025,Deployed,,,https://static.nhtsa.gov/odi/ffdd/sgo-2021-01/SGO-2021-01_Incident_Reports_ADS.csv,Yes
31101-13438,1,4e9d9e1d256bbb4,NOV-2025,No Deployment Reported,,,https://static.nhtsa.gov/odi/ffdd/sgo-2021-01/SGO-2021-01_Incident_Reports_ADS.csv,Yes
31101-13439,1,6e3494d3d89ef30,NOV-2025,No Deployment Reported,,,https://static.nhtsa.gov/odi/ffdd/sgo-2021-01/SGO-2021-01_Incident_Reports_ADS.csv,Yes
31101-13440,1,d26cb4aeeb8c44b,NOV-2025,No Deployment Reported,,,https://static.nhtsa.gov/odi/ffdd/sgo-2021-01/SGO-2021-01_Incident_Reports_ADS.csv,Yes
31101-13441,1,ae193270314f8d6,NOV-2025,No Deployment Reported,,,https://static.nhtsa.gov/odi/ffdd/sgo-2021-01/SGO-2021-01_Incident_Reports_ADS.csv,Yes
31101-13612,5,36c1cde68385968,DEC-2025,No Deployment Reported,,,https://static.nhtsa.gov/odi/ffdd/sgo-2021-01/SGO-2021-01_Incident_Reports_ADS.csv,Yes
31101-13615,2,f97dd2677bb2b60,DEC-2025,No Deployment Reported,,,https://static.nhtsa.gov/odi/ffdd/sgo-2021-01/SGO-2021-01_Incident_Reports_ADS.csv,Yes
31101-13616,1,e9cfb8ca0bc6a3a,DEC-2025,No Deployment Reported,,,https://static.nhtsa.gov/odi/ffdd/sgo-2021-01/SGO-2021-01_Incident_Reports_ADS.csv,Yes
31101-13619,1,36ceff91d464563,DEC-2025,No Deployment Reported,,,https://static.nhtsa.gov/odi/ffdd/sgo-2021-01/SGO-2021-01_Incident_Reports_ADS.csv,Yes
31101-13620,2,4e22e1ef93a7511,DEC-2025,No Deployment Reported,,,https://static.nhtsa.gov/odi/ffdd/sgo-2021-01/SGO-2021-01_Incident_Reports_ADS.csv,Yes
31101-13621,1,2ce5611540d2e6c,DEC-2025,No Deployment Reported,,,https://static.nhtsa.gov/odi/ffdd/sgo-2021-01/SGO-2021-01_Incident_Reports_ADS.csv,Yes
31101-13624,1,650c5e57c48a79b,DEC-2025,No Deployment Reported,,,https://static.nhtsa.gov/odi/ffdd/sgo-2021-01/SGO-2021-01_Incident_Reports_ADS.csv,Yes
31101-13625,1,46bdc47552510d5,DEC-2025,No Deployment Reported,,,https://static.nhtsa.gov/odi/ffdd/sgo-2021-01/SGO-2021-01_Incident_Reports_ADS.csv,Yes
31101-13626,1,103b9579e6c4a19,DEC-2025,No Deployment Reported,,,https://static.nhtsa.gov/odi/ffdd/sgo-2021-01/SGO-2021-01_Incident_Reports_ADS.csv,Yes
31101-13627,1,b5ddbc18be4bf6e,DEC-2025,No Deployment Reported,,,https://static.nhtsa.gov/odi/ffdd/sgo-2021-01/SGO-2021-01_Incident_Reports_ADS.csv,Yes
31101-13761,1,dfb7e098cd17312,JAN-2026,Deployed,,,https://static.nhtsa.gov/odi/ffdd/sgo-2021-01/SGO-2021-01_Incident_Reports_ADS.csv,Yes
31101-13952,1,f31739496f87d42,JAN-2026,Deployed,,,https://static.nhtsa.gov/odi/ffdd/sgo-2021-01/SGO-2021-01_Incident_Reports_ADS.csv,Yes
31101-14065,2,b04b7116a5fd5c7,FEB-2026,Deployed,,,https://static.nhtsa.gov/odi/ffdd/sgo-2021-01/SGO-2021-01_Incident_Reports_ADS.csv,Yes
31101-14066,1,ed0832266d3ba11,JAN-2026,No Deployment Reported,,,https://static.nhtsa.gov/odi/ffdd/sgo-2021-01/SGO-2021-01_Incident_Reports_ADS.csv,Yes
31101-14068,1,3ea4da90fdfbcbb,JAN-2026,No Deployment Reported,,,https://static.nhtsa.gov/odi/ffdd/sgo-2021-01/SGO-2021-01_Incident_Reports_ADS.csv,Yes
31101-14069,1,c928ff1b3cc3e00,JAN-2026,No Deployment Reported,,,https://static.nhtsa.gov/odi/ffdd/sgo-2021-01/SGO-2021-01_Incident_Reports_ADS.csv,Yes
31101-14070,1,652d330830b2782,JAN-2026,No Deployment Reported,,,https://static.nhtsa.gov/odi/ffdd/sgo-2021-01/SGO-2021-01_Incident_Reports_ADS.csv,Yes
31101-14142,1,2bb150cec15c1e9,FEB-2026,Deployed,,,https://static.nhtsa.gov/odi/ffdd/sgo-2021-01/SGO-2021-01_Incident_Reports_ADS.csv,Yes
31101-14147,1,9ea9c1f0935a249,FEB-2026,No Deployment Reported,,,https://static.nhtsa.gov/odi/ffdd/sgo-2021-01/SGO-2021-01_Incident_Reports_ADS.csv,Yes
31101-14148,1,cc68f4a88be3d1c,FEB-2026,No Deployment Reported,,,https://static.nhtsa.gov/odi/ffdd/sgo-2021-01/SGO-2021-01_Incident_Reports_ADS.csv,Yes
31101-14150,1,1f8f457021a4b7a,FEB-2026,No Deployment Reported,,,https://static.nhtsa.gov/odi/ffdd/sgo-2021-01/SGO-2021-01_Incident_Reports_ADS.csv,Yes
31101-14166,1,626e75f5017109e,FEB-2026,No Deployment Reported,,,https://static.nhtsa.gov/odi/ffdd/sgo-2021-01/SGO-2021-01_Incident_Reports_ADS.csv,Yes
31101-14200,1,fe4c6c25b9d8ea1,MAR-2026,No Deployment Reported,,,https://static.nhtsa.gov/odi/ffdd/sgo-2021-01/SGO-2021-01_Incident_Reports_ADS.csv,Yes
31101-14202,1,42a58fcdd6e5ed4,FEB-2026,No Deployment Reported,,,https://static.nhtsa.gov/odi/ffdd/sgo-2021-01/SGO-2021-01_Incident_Reports_ADS.csv,Yes
31101-14203,1,7eb66f179675290,MAR-2026,No Deployment Reported,,,https://static.nhtsa.gov/odi/ffdd/sgo-2021-01/SGO-2021-01_Incident_Reports_ADS.csv,Yes
31101-14235,1,e9e7c33ae088f7e,FEB-2026,No Deployment Reported,,,https://static.nhtsa.gov/odi/ffdd/sgo-2021-01/SGO-2021-01_Incident_Reports_ADS.csv,Yes
31101-14236,1,ae96f1add1e01a3,FEB-2026,No Deployment Reported,,,https://static.nhtsa.gov/odi/ffdd/sgo-2021-01/SGO-2021-01_Incident_Reports_ADS.csv,Yes
31101-14286,1,458e6d35a6b7210,MAR-2026,No Deployment Reported,,,https://static.nhtsa.gov/odi/ffdd/sgo-2021-01/SGO-2021-01_Incident_Reports_ADS.csv,Yes
31101-14328,1,4f64051c1e8a9df,MAR-2026,No Deployment Reported,,,https://static.nhtsa.gov/odi/ffdd/sgo-2021-01/SGO-2021-01_Incident_Reports_ADS.csv,Yes
31101-14418,1,7518eaeda41cc38,MAR-2026,Deployed,,,https://static.nhtsa.gov/odi/ffdd/sgo-2021-01/SGO-2021-01_Incident_Reports_ADS.csv,Yes
31101-14509,1,4be7669b5d81c61,MAR-2026,No Deployment Reported,,,https://static.nhtsa.gov/odi/ffdd/sgo-2021-01/SGO-2021-01_Incident_Reports_ADS.csv,Yes
31101-14518,1,22425ea87f007ab,MAR-2026,No Deployment Reported,,,https://static.nhtsa.gov/odi/ffdd/sgo-2021-01/SGO-2021-01_Incident_Reports_ADS.csv,Yes
31101-14647,2,774afa65375ec67,MAR-2026,No Deployment Reported,,,https://static.nhtsa.gov/odi/ffdd/sgo-2021-01/SGO-2021-01_Incident_Reports_ADS.csv,Yes
31101-14649,1,c606c01910cc633,MAR-2026,No Deployment Reported,,,https://static.nhtsa.gov/odi/ffdd/sgo-2021-01/SGO-2021-01_Incident_Reports_ADS.csv,Yes
31101-14650,1,e378580e8bcffe2,MAR-2026,No Deployment Reported,,,https://static.nhtsa.gov/odi/ffdd/sgo-2021-01/SGO-2021-01_Incident_Reports_ADS.csv,Yes
31101-14651,1,c87e258b33c06d8,MAR-2026,No Deployment Reported,,,https://static.nhtsa.gov/odi/ffdd/sgo-2021-01/SGO-2021-01_Incident_Reports_ADS.csv,Yes
31101-14652,1,e7f8147f4058e80,MAR-2026,No Deployment Reported,,,https://static.nhtsa.gov/odi/ffdd/sgo-2021-01/SGO-2021-01_Incident_Reports_ADS.csv,Yes
31101-14653,1,ec45c246b737e08,MAR-2026,No Deployment Reported,,,https://static.nhtsa.gov/odi/ffdd/sgo-2021-01/SGO-2021-01_Incident_Reports_ADS.csv,Yes
31101-14654,1,148308c29dce42f,MAR-2026,No Deployment Reported,,,https://static.nhtsa.gov/odi/ffdd/sgo-2021-01/SGO-2021-01_Incident_Reports_ADS.csv,Yes
31101-14813,2,1f4180af6b053ce,APR-2026,Deployed,,,https://static.nhtsa.gov/odi/ffdd/sgo-2021-01/SGO-2021-01_Incident_Reports_ADS.csv,Yes
31101-14815,1,97a27b014f6575f,APR-2026,No Deployment Reported,,,https://static.nhtsa.gov/odi/ffdd/sgo-2021-01/SGO-2021-01_Incident_Reports_ADS.csv,Yes
31101-14818,1,cd9be8d9ed22144,APR-2026,No Deployment Reported,,,https://static.nhtsa.gov/odi/ffdd/sgo-2021-01/SGO-2021-01_Incident_Reports_ADS.csv,Yes
31101-14871,1,edd657a44fd6a11,APR-2026,No Deployment Reported,,,https://static.nhtsa.gov/odi/ffdd/sgo-2021-01/SGO-2021-01_Incident_Reports_ADS.csv,Yes
31101-14898,1,7bd5b3076128d15,MAY-2026,No Deployment Reported,,,https://static.nhtsa.gov/odi/ffdd/sgo-2021-01/SGO-2021-01_Incident_Reports_ADS.csv,Yes
31101-14899,1,6aaaedccb67388c,APR-2026,No Deployment Reported,,,https://static.nhtsa.gov/odi/ffdd/sgo-2021-01/SGO-2021-01_Incident_Reports_ADS.csv,Yes
31101-14909,1,fc0d791f4d809b9,APR-2026,No Deployment Reported,,,https://static.nhtsa.gov/odi/ffdd/sgo-2021-01/SGO-2021-01_Incident_Reports_ADS.csv,Yes
31101-14923,1,36122e0aac9266e,APR-2026,No Deployment Reported,,,https://static.nhtsa.gov/odi/ffdd/sgo-2021-01/SGO-2021-01_Incident_Reports_ADS.csv,Yes
31101-14924,1,56e3589b3502570,APR-2026,No Deployment Reported,,,https://static.nhtsa.gov/odi/ffdd/sgo-2021-01/SGO-2021-01_Incident_Reports_ADS.csv,Yes
31101-14925,1,3178b1958caad7f,APR-2026,No Deployment Reported,,,https://static.nhtsa.gov/odi/ffdd/sgo-2021-01/SGO-2021-01_Incident_Reports_ADS.csv,Yes
31101-14926,1,cd37a53750d3267,APR-2026,No Deployment Reported,,,https://static.nhtsa.gov/odi/ffdd/sgo-2021-01/SGO-2021-01_Incident_Reports_ADS.csv,Yes
31101-14974,1,1b2dba4b216c736,MAY-2026,No Deployment Reported,,,https://static.nhtsa.gov/odi/ffdd/sgo-2021-01/SGO-2021-01_Incident_Reports_ADS.csv,Yes
31101-15016,1,d28468799264f21,APR-2026,No Deployment Reported,,,https://static.nhtsa.gov/odi/ffdd/sgo-2021-01/SGO-2021-01_Incident_Reports_ADS.csv,Yes
31101-15093,1,bd65f28675814b1,MAY-2026,No Deployment Reported,,,https://static.nhtsa.gov/odi/ffdd/sgo-2021-01/SGO-2021-01_Incident_Reports_ADS.csv,Yes
31101-15099,1,0b18be2cc314801,MAY-2026,No Deployment Reported,,,https://static.nhtsa.gov/odi/ffdd/sgo-2021-01/SGO-2021-01_Incident_Reports_ADS.csv,Yes
31101-15100,1,e432bab45b87b36,MAY-2026,No Deployment Reported,,,https://static.nhtsa.gov/odi/ffdd/sgo-2021-01/SGO-2021-01_Incident_Reports_ADS.csv,Yes
31101-15148,1,bb6b3b9fab2debe,MAY-2026,No Deployment Reported,,,https://static.nhtsa.gov/odi/ffdd/sgo-2021-01/SGO-2021-01_Incident_Reports_ADS.csv,Yes
31101-15189,1,48109f45be02ae0,MAY-2026,No Deployment Reported,,,https://static.nhtsa.gov/odi/ffdd/sgo-2021-01/SGO-2021-01_Incident_Reports_ADS.csv,Yes
31101-15391,1,3f049fd1f212039,JUN-2026,No Deployment Reported,,,https://static.nhtsa.gov/odi/ffdd/sgo-2021-01/SGO-2021-01_Incident_Reports_ADS.csv,Yes
31101-15475,1,305e752c6430d93,JUN-2026,No Deployment Reported,,,https://static.nhtsa.gov/odi/ffdd/sgo-2021-01/SGO-2021-01_Incident_Reports_ADS.csv,Yes
31101-15477,1,1b47718a1437a9f,JUN-2026,No Deployment Reported,,,https://static.nhtsa.gov/odi/ffdd/sgo-2021-01/SGO-2021-01_Incident_Reports_ADS.csv,Yes
31101-15501,1,eeef4c3b6adf84c,JUN-2026,No Deployment Reported,,,https://static.nhtsa.gov/odi/ffdd/sgo-2021-01/SGO-2021-01_Incident_Reports_ADS.csv,Yes
31101-15554,1,4974e1412309a92,JUN-2026,Deployed,,,https://static.nhtsa.gov/odi/ffdd/sgo-2021-01/SGO-2021-01_Incident_Reports_ADS.csv,Yes
31101-15555,1,00bf04137c6fe51,JUN-2026,No Deployment Reported,,,https://static.nhtsa.gov/odi/ffdd/sgo-2021-01/SGO-2021-01_Incident_Reports_ADS.csv,Yes
31101-15578,2,47cf5170cf83841,JUN-2026,No Deployment Reported,,,https://static.nhtsa.gov/odi/ffdd/sgo-2021-01/SGO-2021-01_Incident_Reports_ADS.csv,Yes
31101-15587,1,e99b4f1d99d1a64,JUN-2026,No Deployment Reported,,,https://static.nhtsa.gov/odi/ffdd/sgo-2021-01/SGO-2021-01_Incident_Reports_ADS.csv,Yes
31101-15850,1,47633ec5ca46ace,JUL-2026,No Deployment Reported,,,https://static.nhtsa.gov/odi/ffdd/sgo-2021-01/SGO-2021-01_Incident_Reports_ADS.csv,Yes
31101-16016,1,9ccce7c35186720,JUL-2026,No Deployment Reported,,,https://static.nhtsa.gov/odi/ffdd/sgo-2021-01/SGO-2021-01_Incident_Reports_ADS.csv,Yes
31101-16018,1,6ab669533f2c1df,JUL-2026,No Deployment Reported,,,https://static.nhtsa.gov/odi/ffdd/sgo-2021-01/SGO-2021-01_Incident_Reports_ADS.csv,Yes
31101-16037,1,c9f37eb39f93fbc,JUL-2026,No Deployment Reported,,,https://static.nhtsa.gov/odi/ffdd/sgo-2021-01/SGO-2021-01_Incident_Reports_ADS.csv,Yes
31101-16194,1,cf206ae97facd1d,JUL-2026,No Deployment Reported,,,https://static.nhtsa.gov/odi/ffdd/sgo-2021-01/SGO-2021-01_Incident_Reports_ADS.csv,Yes
31101-16195,1,63268669c3dc113,JUL-2026,No Deployment Reported,,,https://static.nhtsa.gov/odi/ffdd/sgo-2021-01/SGO-2021-01_Incident_Reports_ADS.csv,Yes
31101-16197,1,e460dd80fb8f063,JUL-2026,No Deployment Reported,,,https://static.nhtsa.gov/odi/ffdd/sgo-2021-01/SGO-2021-01_Incident_Reports_ADS.csv,Yes
31101-7044,2,a642239e4ca5b63,OCT-2023,No Deployment Reported,No,No,https://static.nhtsa.gov/odi/ffdd/sgo-2021-01/Archive-2021-2025/SGO-2021-01_Incident_Reports_ADS.csv,Yes
31101-9685,1,cc641826176439e,DEC-2024,Unknown,No,Unknown,https://static.nhtsa.gov/odi/ffdd/sgo-2021-01/Archive-2021-2025/SGO-2021-01_Incident_Reports_ADS.csv,Yes
33175-9303,1,,JUN-2024,No Deployment Reported,No,No,https://static.nhtsa.gov/odi/ffdd/sgo-2021-01/Archive-2021-2025/SGO-2021-01_Incident_Reports_ADS.csv,Yes
33175-9304,1,,MAY-2024,No Deployment Reported,No,No,https://static.nhtsa.gov/odi/ffdd/sgo-2021-01/Archive-2021-2025/SGO-2021-01_Incident_Reports_ADS.csv,Yes
33175-9305,1,,APR-2024,No Deployment Reported,No,No,https://static.nhtsa.gov/odi/ffdd/sgo-2021-01/Archive-2021-2025/SGO-2021-01_Incident_Reports_ADS.csv,Yes
33175-9306,1,,FEB-2024,Unknown,No,Unknown,https://static.nhtsa.gov/odi/ffdd/sgo-2021-01/Archive-2021-2025/SGO-2021-01_Incident_Reports_ADS.csv,Yes
33175-9307,1,,JAN-2024,Unknown,No,Unknown,https://static.nhtsa.gov/odi/ffdd/sgo-2021-01/Archive-2021-2025/SGO-2021-01_Incident_Reports_ADS.csv,Yes
33257-8085,1,,,No Deployment Reported,No,Not Applicable,https://static.nhtsa.gov/odi/ffdd/sgo-2021-01/Archive-2021-2025/SGO-2021-01_Incident_Reports_ADS.csv,Yes
33257-8638,1,6bca1820c411748,SEP-2024,No Deployment Reported,No,No,https://static.nhtsa.gov/odi/ffdd/sgo-2021-01/Archive-2021-2025/SGO-2021-01_Incident_Reports_ADS.csv,Yes
33257-8867,1,a8f47357de2a17a,SEP-2024,Unknown,No,,https://static.nhtsa.gov/odi/ffdd/sgo-2021-01/Archive-2021-2025/SGO-2021-01_Incident_Reports_ADS.csv,Yes
33475-11343,1,c0ee7d51a32a7da,JUN-2025,No Deployment Reported,,,https://static.nhtsa.gov/odi/ffdd/sgo-2021-01/SGO-2021-01_Incident_Reports_ADS.csv,Yes
33475-8060,1,92b7354aa48b3bd,JUN-2024,No Deployment Reported,No,No,https://static.nhtsa.gov/odi/ffdd/sgo-2021-01/Archive-2021-2025/SGO-2021-01_Incident_Reports_ADS.csv,Yes
33495-6720,1,a497d4cb2c09cee,JUN-2023,Unknown,No,,https://static.nhtsa.gov/odi/ffdd/sgo-2021-01/Archive-2021-2025/SGO-2021-01_Incident_Reports_ADS.csv,Yes
33495-6725,1,2b3039c25836235,SEP-2023,No Deployment Reported,No,No,https://static.nhtsa.gov/odi/ffdd/sgo-2021-01/Archive-2021-2025/SGO-2021-01_Incident_Reports_ADS.csv,Yes
33495-6726,1,6724ba0b1aa4554,OCT-2023,No Deployment Reported,No,Not Applicable,https://static.nhtsa.gov/odi/ffdd/sgo-2021-01/Archive-2021-2025/SGO-2021-01_Incident_Reports_ADS.csv,Yes
34952-11803,1,b1238fa7e70adb3,SEP-2025,No Deployment Reported,,,https://static.nhtsa.gov/odi/ffdd/sgo-2021-01/SGO-2021-01_Incident_Reports_ADS.csv,Yes
34952-14990,1,a3b8990a21e7bfa,APR-2026,No Deployment Reported,,,https://static.nhtsa.gov/odi/ffdd/sgo-2021-01/SGO-2021-01_Incident_Reports_ADS.csv,Yes
34970-11835,1,2c3503d25df6e2d,AUG-2025,Unknown,,,https://static.nhtsa.gov/odi/ffdd/sgo-2021-01/SGO-2021-01_Incident_Reports_ADS.csv,Yes
35021-16268,1,867e7e8f2b81486,JUL-2026,No Deployment Reported,,,https://static.nhtsa.gov/odi/ffdd/sgo-2021-01/SGO-2021-01_Incident_Reports_ADS.csv,Yes
502-1163,3,ac03faca000d50b,SEP-2021,No Deployment Reported,No,No,https://static.nhtsa.gov/odi/ffdd/sgo-2021-01/Archive-2021-2025/SGO-2021-01_Incident_Reports_ADS.csv,Yes
502-1697,2,15e150e3f8f22d0,OCT-2021,No Deployment Reported,No,No,https://static.nhtsa.gov/odi/ffdd/sgo-2021-01/Archive-2021-2025/SGO-2021-01_Incident_Reports_ADS.csv,Yes
502-18,2,f700288ccb3ad35,JUL-2021,No Deployment Reported,No,No,https://static.nhtsa.gov/odi/ffdd/sgo-2021-01/Archive-2021-2025/SGO-2021-01_Incident_Reports_ADS.csv,Yes
502-2178,2,0731be2bcb8ffde,JAN-2022,No Deployment Reported,No,No,https://static.nhtsa.gov/odi/ffdd/sgo-2021-01/Archive-2021-2025/SGO-2021-01_Incident_Reports_ADS.csv,Yes
502-2479,2,1d63fe48b844c16,MAR-2022,No Deployment Reported,No,No,https://static.nhtsa.gov/odi/ffdd/sgo-2021-01/Archive-2021-2025/SGO-2021-01_Incident_Reports_ADS.csv,Yes
502-2525,1,9e854367221d966,FEB-2022,No Deployment Reported,No,No,https://static.nhtsa.gov/odi/ffdd/sgo-2021-01/Archive-2021-2025/SGO-2021-01_Incident_Reports_ADS.csv,Yes
502-2751,1,d35bd0a494facfa,MAR-2022,No Deployment Reported,No,No,https://static.nhtsa.gov/odi/ffdd/sgo-2021-01/Archive-2021-2025/SGO-2021-01_Incident_Reports_ADS.csv,Yes
502-2973,2,8dbb58bde502b36,MAY-2022,No Deployment Reported,No,No,https://static.nhtsa.gov/odi/ffdd/sgo-2021-01/Archive-2021-2025/SGO-2021-01_Incident_Reports_ADS.csv,Yes
502-3140,2,38c8a93b3f13949,JUN-2022,Unknown,No,,https://static.nhtsa.gov/odi/ffdd/sgo-2021-01/Archive-2021-2025/SGO-2021-01_Incident_Reports_ADS.csv,Yes
502-3413,1,e4608ed0f7e2519,JUN-2022,No Deployment Reported,No,No,https://static.nhtsa.gov/odi/ffdd/sgo-2021-01/Archive-2021-2025/SGO-2021-01_Incident_Reports_ADS.csv,Yes
502-3416,1,80fa8ac15954395,JUN-2022,No Deployment Reported,No,No,https://static.nhtsa.gov/odi/ffdd/sgo-2021-01/Archive-2021-2025/SGO-2021-01_Incident_Reports_ADS.csv,Yes
502-3864,1,346b753bc1fc685,AUG-2022,No Deployment Reported,No,No,https://static.nhtsa.gov/odi/ffdd/sgo-2021-01/Archive-2021-2025/SGO-2021-01_Incident_Reports_ADS.csv,Yes
502-3866,1,21a6afd753cdcd5,AUG-2022,No Deployment Reported,No,No,https://static.nhtsa.gov/odi/ffdd/sgo-2021-01/Archive-2021-2025/SGO-2021-01_Incident_Reports_ADS.csv,Yes
502-3914,2,0bbd9f4a21e80a6,SEP-2022,Unknown,No,,https://static.nhtsa.gov/odi/ffdd/sgo-2021-01/Archive-2021-2025/SGO-2021-01_Incident_Reports_ADS.csv,Yes
502-4026,1,19bef0b9be25744,SEP-2022,No Deployment Reported,No,No,https://static.nhtsa.gov/odi/ffdd/sgo-2021-01/Archive-2021-2025/SGO-2021-01_Incident_Reports_ADS.csv,Yes
502-4131,1,f96aa95fcd96be5,OCT-2022,No Deployment Reported,No,No,https://static.nhtsa.gov/odi/ffdd/sgo-2021-01/Archive-2021-2025/SGO-2021-01_Incident_Reports_ADS.csv,Yes
502-4132,1,04f2cedde6aabb4,OCT-2022,No Deployment Reported,No,No,https://static.nhtsa.gov/odi/ffdd/sgo-2021-01/Archive-2021-2025/SGO-2021-01_Incident_Reports_ADS.csv,Yes
540-1517,2,75b4756180a9b45,AUG-2021,No Deployment Reported,No,No,https://static.nhtsa.gov/odi/ffdd/sgo-2021-01/Archive-2021-2025/SGO-2021-01_Incident_Reports_ADS.csv,Yes
540-2078,1,c7b2b7547ace394,DEC-2021,No Deployment Reported,No,No,https://static.nhtsa.gov/odi/ffdd/sgo-2021-01/Archive-2021-2025/SGO-2021-01_Incident_Reports_ADS.csv,Yes
540-2100,1,7f147216f2506e2,DEC-2021,No Deployment Reported,No,No,https://static.nhtsa.gov/odi/ffdd/sgo-2021-01/Archive-2021-2025/SGO-2021-01_Incident_Reports_ADS.csv,Yes
540-2101,1,0785569a15960a6,DEC-2021,No Deployment Reported,No,No,https://static.nhtsa.gov/odi/ffdd/sgo-2021-01/Archive-2021-2025/SGO-2021-01_Incident_Reports_ADS.csv,Yes
540-2103,1,bcd5c7d623b0294,NOV-2021,No Deployment Reported,No,No,https://static.nhtsa.gov/odi/ffdd/sgo-2021-01/Archive-2021-2025/SGO-2021-01_Incident_Reports_ADS.csv,Yes
540-2177,2,4b0988fa9b7493b,JAN-2022,No Deployment Reported,No,No,https://static.nhtsa.gov/odi/ffdd/sgo-2021-01/Archive-2021-2025/SGO-2021-01_Incident_Reports_ADS.csv,Yes
540-2220,2,db822920fda66b7,JAN-2022,Unknown,No,,https://static.nhtsa.gov/odi/ffdd/sgo-2021-01/Archive-2021-2025/SGO-2021-01_Incident_Reports_ADS.csv,Yes
540-2512,2,027edaee5964dad,FEB-2022,No Deployment Reported,No,No,https://static.nhtsa.gov/odi/ffdd/sgo-2021-01/Archive-2021-2025/SGO-2021-01_Incident_Reports_ADS.csv,Yes
540-2590,2,71233f2d25b765e,MAR-2022,Unknown,No,,https://static.nhtsa.gov/odi/ffdd/sgo-2021-01/Archive-2021-2025/SGO-2021-01_Incident_Reports_ADS.csv,Yes
540-2594,2,b6c5a51fe02a6c7,MAR-2022,No Deployment Reported,No,No,https://static.nhtsa.gov/odi/ffdd/sgo-2021-01/Archive-2021-2025/SGO-2021-01_Incident_Reports_ADS.csv,Yes
540-2706,2,3cb771235b0bfdc,MAR-2022,Unknown,No,Unknown,https://static.nhtsa.gov/odi/ffdd/sgo-2021-01/Archive-2021-2025/SGO-2021-01_Incident_Reports_ADS.csv,Yes
540-2827,2,8776dfb913c3859,APR-2022,Unknown,No,Unknown,https://static.nhtsa.gov/odi/ffdd/sgo-2021-01/Archive-2021-2025/SGO-2021-01_Incident_Reports_ADS.csv,Yes
540-2907,1,a773c7629437fd1,APR-2022,No Deployment Reported,No,No,https://static.nhtsa.gov/odi/ffdd/sgo-2021-01/Archive-2021-2025/SGO-2021-01_Incident_Reports_ADS.csv,Yes
540-2925,1,059363eb92eeb8d,APR-2022,No Deployment Reported,No,No,https://static.nhtsa.gov/odi/ffdd/sgo-2021-01/Archive-2021-2025/SGO-2021-01_Incident_Reports_ADS.csv,Yes
540-2926,1,bfe1f6e953a7063,APR-2022,No Deployment Reported,No,No,https://static.nhtsa.gov/odi/ffdd/sgo-2021-01/Archive-2021-2025/SGO-2021-01_Incident_Reports_ADS.csv,Yes
540-2927,1,7b3835d9afdf5e9,APR-2022,No Deployment Reported,No,No,https://static.nhtsa.gov/odi/ffdd/sgo-2021-01/Archive-2021-2025/SGO-2021-01_Incident_Reports_ADS.csv,Yes
540-2928,1,2d91b0082b762ab,APR-2022,No Deployment Reported,No,No,https://static.nhtsa.gov/odi/ffdd/sgo-2021-01/Archive-2021-2025/SGO-2021-01_Incident_Reports_ADS.csv,Yes
540-3083,2,9d481ed6b4babd7,JUN-2022,Unknown,No,,https://static.nhtsa.gov/odi/ffdd/sgo-2021-01/Archive-2021-2025/SGO-2021-01_Incident_Reports_ADS.csv,Yes
540-3085,2,07df46993d3d218,JUN-2022,Deployed,No,Yes,https://static.nhtsa.gov/odi/ffdd/sgo-2021-01/Archive-2021-2025/SGO-2021-01_Incident_Reports_ADS.csv,Yes
540-3123,1,6b298fec78911d4,MAY-2022,No Deployment Reported,No,No,https://static.nhtsa.gov/odi/ffdd/sgo-2021-01/Archive-2021-2025/SGO-2021-01_Incident_Reports_ADS.csv,Yes
540-3283,2,1a8f11b1e58e6e7,JUN-2022,Unknown,No,,https://static.nhtsa.gov/odi/ffdd/sgo-2021-01/Archive-2021-2025/SGO-2021-01_Incident_Reports_ADS.csv,Yes
540-3643,1,0585384b4e974df,JUL-2022,No Deployment Reported,No,No,https://static.nhtsa.gov/odi/ffdd/sgo-2021-01/Archive-2021-2025/SGO-2021-01_Incident_Reports_ADS.csv,Yes
540-3644,1,80f5e3334587177,JUL-2022,No Deployment Reported,No,No,https://static.nhtsa.gov/odi/ffdd/sgo-2021-01/Archive-2021-2025/SGO-2021-01_Incident_Reports_ADS.csv,Yes
540-3645,1,de1e4b6864f40ef,JUL-2022,No Deployment Reported,No,No,https://static.nhtsa.gov/odi/ffdd/sgo-2021-01/Archive-2021-2025/SGO-2021-01_Incident_Reports_ADS.csv,Yes
540-3647,1,840c1edd23883ed,JUL-2022,No Deployment Reported,No,No,https://static.nhtsa.gov/odi/ffdd/sgo-2021-01/Archive-2021-2025/SGO-2021-01_Incident_Reports_ADS.csv,Yes
540-3753,3,7dc63f84ed3a0fb,SEP-2022,No Deployment Reported,No,Not Applicable,https://static.nhtsa.gov/odi/ffdd/sgo-2021-01/Archive-2021-2025/SGO-2021-01_Incident_Reports_ADS.csv,Yes
540-3819,1,35e10a085af7d4b,AUG-2022,No Deployment Reported,No,No,https://static.nhtsa.gov/odi/ffdd/sgo-2021-01/Archive-2021-2025/SGO-2021-01_Incident_Reports_ADS.csv,Yes
540-3820,1,d827a618d04f24a,AUG-2022,No Deployment Reported,No,No,https://static.nhtsa.gov/odi/ffdd/sgo-2021-01/Archive-2021-2025/SGO-2021-01_Incident_Reports_ADS.csv,Yes
540-4019,3,62c1ea636449cfd,SEP-2022,No Deployment Reported,No,No,https://static.nhtsa.gov/odi/ffdd/sgo-2021-01/Archive-2021-2025/SGO-2021-01_Incident_Reports_ADS.csv,Yes
540-4524,2,3b559d83bff3844,DEC-2022,Unknown,No,Unknown,https://static.nhtsa.gov/odi/ffdd/sgo-2021-01/Archive-2021-2025/SGO-2021-01_Incident_Reports_ADS.csv,Yes
540-4541,3,99108ea3e1b8746,DEC-2022,Unknown,No,Unknown,https://static.nhtsa.gov/odi/ffdd/sgo-2021-01/Archive-2021-2025/SGO-2021-01_Incident_Reports_ADS.csv,Yes
540-4670,1,c65deb7d73ffd40,DEC-2022,Unknown,No,Unknown,https://static.nhtsa.gov/odi/ffdd/sgo-2021-01/Archive-2021-2025/SGO-2021-01_Incident_Reports_ADS.csv,Yes
540-4671,1,8bfa1a0f855252b,DEC-2022,No Deployment Reported,No,No,https://static.nhtsa.gov/odi/ffdd/sgo-2021-01/Archive-2021-2025/SGO-2021-01_Incident_Reports_ADS.csv,Yes
540-4832,2,1348f20bffe6753,FEB-2023,No Deployment Reported,No,No,https://static.nhtsa.gov/odi/ffdd/sgo-2021-01/Archive-2021-2025/SGO-2021-01_Incident_Reports_ADS.csv,Yes
540-4965,2,623cbe4cd511622,MAR-2023,No Deployment Reported,No,No,https://static.nhtsa.gov/odi/ffdd/sgo-2021-01/Archive-2021-2025/SGO-2021-01_Incident_Reports_ADS.csv,Yes
540-5000,2,3858314d6e8eea8,MAR-2023,Deployed,No,Yes,https://static.nhtsa.gov/odi/ffdd/sgo-2021-01/Archive-2021-2025/SGO-2021-01_Incident_Reports_ADS.csv,Yes
540-5060,1,1554418482f70b1,FEB-2023,No Deployment Reported,No,No,https://static.nhtsa.gov/odi/ffdd/sgo-2021-01/Archive-2021-2025/SGO-2021-01_Incident_Reports_ADS.csv,Yes
540-5061,1,e67b7f9cd19c53f,FEB-2023,No Deployment Reported,No,No,https://static.nhtsa.gov/odi/ffdd/sgo-2021-01/Archive-2021-2025/SGO-2021-01_Incident_Reports_ADS.csv,Yes
540-5102,3,ce612b3607697d1,MAR-2023,Deployed,Yes,Yes,https://static.nhtsa.gov/odi/ffdd/sgo-2021-01/Archive-2021-2025/SGO-2021-01_Incident_Reports_ADS.csv,Yes
540-5137,2,4c753d1707263d0,MAR-2023,No Deployment Reported,No,Not Applicable,https://static.nhtsa.gov/odi/ffdd/sgo-2021-01/Archive-2021-2025/SGO-2021-01_Incident_Reports_ADS.csv,Yes
540-5141,2,3349adfc6b67eb6,MAR-2023,No Deployment Reported,No,No,https://static.nhtsa.gov/odi/ffdd/sgo-2021-01/Archive-2021-2025/SGO-2021-01_Incident_Reports_ADS.csv,Yes
540-5227,2,e856cba9a39d8d1,APR-2023,Deployed,Yes,No,https://static.nhtsa.gov/odi/ffdd/sgo-2021-01/Archive-2021-2025/SGO-2021-01_Incident_Reports_ADS.csv,Yes
540-5261,1,88ecabe6fd44430,MAR-2023,No Deployment Reported,No,No,https://static.nhtsa.gov/odi/ffdd/sgo-2021-01/Archive-2021-2025/SGO-2021-01_Incident_Reports_ADS.csv,Yes
540-5262,1,bdb5ec9360c174d,MAR-2023,No Deployment Reported,No,No,https://static.nhtsa.gov/odi/ffdd/sgo-2021-01/Archive-2021-2025/SGO-2021-01_Incident_Reports_ADS.csv,Yes
540-5263,1,5f84ecec46032ea,MAR-2023,No Deployment Reported,No,Not Applicable,https://static.nhtsa.gov/odi/ffdd/sgo-2021-01/Archive-2021-2025/SGO-2021-01_Incident_Reports_ADS.csv,Yes
540-5264,1,0bdcd0947a69992,MAR-2023,No Deployment Reported,No,Not Applicable,https://static.nhtsa.gov/odi/ffdd/sgo-2021-01/Archive-2021-2025/SGO-2021-01_Incident_Reports_ADS.csv,Yes
540-5265,1,ee4ac7ef4aac9d9,MAR-2023,No Deployment Reported,No,No,https://static.nhtsa.gov/odi/ffdd/sgo-2021-01/Archive-2021-2025/SGO-2021-01_Incident_Reports_ADS.csv,Yes
540-5296,2,157c3bf1bb69649,APR-2023,No Deployment Reported,No,No,https://static.nhtsa.gov/odi/ffdd/sgo-2021-01/Archive-2021-2025/SGO-2021-01_Incident_Reports_ADS.csv,Yes
540-5297,2,f33492b4c98bb33,APR-2023,No Deployment Reported,No,No,https://static.nhtsa.gov/odi/ffdd/sgo-2021-01/Archive-2021-2025/SGO-2021-01_Incident_Reports_ADS.csv,Yes
540-5425,3,20699d65c5c18d0,MAY-2023,Unknown,No,,https://static.nhtsa.gov/odi/ffdd/sgo-2021-01/Archive-2021-2025/SGO-2021-01_Incident_Reports_ADS.csv,Yes
540-5445,2,eba897229a84611,MAY-2023,No Deployment Reported,No,No,https://static.nhtsa.gov/odi/ffdd/sgo-2021-01/Archive-2021-2025/SGO-2021-01_Incident_Reports_ADS.csv,Yes
540-5488,1,4878736008532f6,APR-2023,No Deployment Reported,No,No,https://static.nhtsa.gov/odi/ffdd/sgo-2021-01/Archive-2021-2025/SGO-2021-01_Incident_Reports_ADS.csv,Yes
540-5489,1,07bb2ce18fb1861,APR-2023,No Deployment Reported,No,Not Applicable,https://static.nhtsa.gov/odi/ffdd/sgo-2021-01/Archive-2021-2025/SGO-2021-01_Incident_Reports_ADS.csv,Yes
540-5490,1,fdf7cea0641af7a,APR-2023,Unknown,No,Unknown,https://static.nhtsa.gov/odi/ffdd/sgo-2021-01/Archive-2021-2025/SGO-2021-01_Incident_Reports_ADS.csv,Yes
540-5491,1,5b9c3b0562e5b31,APR-2023,Unknown,No,Unknown,https://static.nhtsa.gov/odi/ffdd/sgo-2021-01/Archive-2021-2025/SGO-2021-01_Incident_Reports_ADS.csv,Yes
540-5492,1,010fdfbd6af2798,APR-2023,No Deployment Reported,No,Not Applicable,https://static.nhtsa.gov/odi/ffdd/sgo-2021-01/Archive-2021-2025/SGO-2021-01_Incident_Reports_ADS.csv,Yes
540-5639,1,34e9268c40d9f69,MAY-2023,No Deployment Reported,No,No,https://static.nhtsa.gov/odi/ffdd/sgo-2021-01/Archive-2021-2025/SGO-2021-01_Incident_Reports_ADS.csv,Yes
540-5667,1,6487347c1ac4a6b,JUN-2023,No Deployment Reported,No,No,https://static.nhtsa.gov/odi/ffdd/sgo-2021-01/Archive-2021-2025/SGO-2021-01_Incident_Reports_ADS.csv,Yes
540-5688,2,dd2b2de3e21074d,JUN-2023,No Deployment Reported,No,No,https://static.nhtsa.gov/odi/ffdd/sgo-2021-01/Archive-2021-2025/SGO-2021-01_Incident_Reports_ADS.csv,Yes
540-5726,1,6da6905b2ae0d06,MAY-2023,No Deployment Reported,No,No,https://static.nhtsa.gov/odi/ffdd/sgo-2021-01/Archive-2021-2025/SGO-2021-01_Incident_Reports_ADS.csv,Yes
540-5729,1,421b580a5088b18,MAY-2023,No Deployment Reported,No,No,https://static.nhtsa.gov/odi/ffdd/sgo-2021-01/Archive-2021-2025/SGO-2021-01_Incident_Reports_ADS.csv,Yes
540-5730,1,c849a0142da5979,MAY-2023,Deployed,Yes,No,https://static.nhtsa.gov/odi/ffdd/sgo-2021-01/Archive-2021-2025/SGO-2021-01_Incident_Reports_ADS.csv,Yes
540-5731,1,6ec340eafed8851,MAY-2023,No Deployment Reported,No,No,https://static.nhtsa.gov/odi/ffdd/sgo-2021-01/Archive-2021-2025/SGO-2021-01_Incident_Reports_ADS.csv,Yes
540-5735,1,85bf4a37bd6ec26,MAY-2023,No Deployment Reported,No,No,https://static.nhtsa.gov/odi/ffdd/sgo-2021-01/Archive-2021-2025/SGO-2021-01_Incident_Reports_ADS.csv,Yes
540-5805,1,a077d6a8e677ac0,JUN-2023,No Deployment Reported,No,Not Applicable,https://static.nhtsa.gov/odi/ffdd/sgo-2021-01/Archive-2021-2025/SGO-2021-01_Incident_Reports_ADS.csv,Yes
540-5875,1,c4edae09c5eac62,JUL-2023,No Deployment Reported,No,No,https://static.nhtsa.gov/odi/ffdd/sgo-2021-01/Archive-2021-2025/SGO-2021-01_Incident_Reports_ADS.csv,Yes
540-5940,1,d9ef2eb5a3957bb,JUN-2023,No Deployment Reported,No,Not Applicable,https://static.nhtsa.gov/odi/ffdd/sgo-2021-01/Archive-2021-2025/SGO-2021-01_Incident_Reports_ADS.csv,Yes
540-5941,1,e0191bd1f8c9e7e,JUN-2023,No Deployment Reported,No,No,https://static.nhtsa.gov/odi/ffdd/sgo-2021-01/Archive-2021-2025/SGO-2021-01_Incident_Reports_ADS.csv,Yes
540-5942,1,0b01b063261158e,JUN-2023,No Deployment Reported,No,Not Applicable,https://static.nhtsa.gov/odi/ffdd/sgo-2021-01/Archive-2021-2025/SGO-2021-01_Incident_Reports_ADS.csv,Yes
540-5948,1,6640153aa3063d5,JUN-2023,No Deployment Reported,No,No,https://static.nhtsa.gov/odi/ffdd/sgo-2021-01/Archive-2021-2025/SGO-2021-01_Incident_Reports_ADS.csv,Yes
540-5950,1,e77696cb7c077c5,JUN-2023,No Deployment Reported,No,No,https://static.nhtsa.gov/odi/ffdd/sgo-2021-01/Archive-2021-2025/SGO-2021-01_Incident_Reports_ADS.csv,Yes
540-5951,1,bd417176f48c034,JUN-2023,No Deployment Reported,No,No,https://static.nhtsa.gov/odi/ffdd/sgo-2021-01/Archive-2021-2025/SGO-2021-01_Incident_Reports_ADS.csv,Yes
540-5971,1,b371438c0da79a5,JUL-2023,No Deployment Reported,No,No,https://static.nhtsa.gov/odi/ffdd/sgo-2021-01/Archive-2021-2025/SGO-2021-01_Incident_Reports_ADS.csv,Yes
540-5987,2,0cc9d9a746d8ae5,JUL-2023,No Deployment Reported,No,No,https://static.nhtsa.gov/odi/ffdd/sgo-2021-01/Archive-2021-2025/SGO-2021-01_Incident_Reports_ADS.csv,Yes
540-5988,1,3577e4ade5fce24,JUL-2023,Deployed,Yes,Yes,https://static.nhtsa.gov/odi/ffdd/sgo-2021-01/Archive-2021-2025/SGO-2021-01_Incident_Reports_ADS.csv,Yes
540-5990,1,d882789ee7a4ca1,JUL-2023,Deployed,No,Yes,https://static.nhtsa.gov/odi/ffdd/sgo-2021-01/Archive-2021-2025/SGO-2021-01_Incident_Reports_ADS.csv,Yes
540-5991,1,71e072b12612549,JUL-2023,No Deployment Reported,No,No,https://static.nhtsa.gov/odi/ffdd/sgo-2021-01/Archive-2021-2025/SGO-2021-01_Incident_Reports_ADS.csv,Yes
540-6002,1,853930efe63ba70,JUL-2023,No Deployment Reported,No,No,https://static.nhtsa.gov/odi/ffdd/sgo-2021-01/Archive-2021-2025/SGO-2021-01_Incident_Reports_ADS.csv,Yes
540-6003,1,919102c28fff2ca,JUL-2023,No Deployment Reported,No,No,https://static.nhtsa.gov/odi/ffdd/sgo-2021-01/Archive-2021-2025/SGO-2021-01_Incident_Reports_ADS.csv,Yes
540-6011,1,8a177e450e8774c,JUL-2023,No Deployment Reported,No,No,https://static.nhtsa.gov/odi/ffdd/sgo-2021-01/Archive-2021-2025/SGO-2021-01_Incident_Reports_ADS.csv,Yes
540-6036,1,8769ad7314aa0a5,AUG-2023,No Deployment Reported,No,No,https://static.nhtsa.gov/odi/ffdd/sgo-2021-01/Archive-2021-2025/SGO-2021-01_Incident_Reports_ADS.csv,Yes
540-6056,1,34a2a91e7ebe7b8,AUG-2023,No Deployment Reported,No,No,https://static.nhtsa.gov/odi/ffdd/sgo-2021-01/Archive-2021-2025/SGO-2021-01_Incident_Reports_ADS.csv,Yes
540-6057,1,6518984c44dae43,AUG-2023,No Deployment Reported,No,No,https://static.nhtsa.gov/odi/ffdd/sgo-2021-01/Archive-2021-2025/SGO-2021-01_Incident_Reports_ADS.csv,Yes
540-6058,1,2b45b757c05a1e4,JUL-2023,No Deployment Reported,No,No,https://static.nhtsa.gov/odi/ffdd/sgo-2021-01/Archive-2021-2025/SGO-2021-01_Incident_Reports_ADS.csv,Yes
540-6069,1,76e9788e6cbf5dc,JUL-2023,No Deployment Reported,No,No,https://static.nhtsa.gov/odi/ffdd/sgo-2021-01/Archive-2021-2025/SGO-2021-01_Incident_Reports_ADS.csv,Yes
540-6070,2,0c8da6d17337ae5,JUL-2023,No Deployment Reported,No,No,https://static.nhtsa.gov/odi/ffdd/sgo-2021-01/Archive-2021-2025/SGO-2021-01_Incident_Reports_ADS.csv,Yes
540-6072,1,38c4b32541f4122,JUL-2023,No Deployment Reported,No,No,https://static.nhtsa.gov/odi/ffdd/sgo-2021-01/Archive-2021-2025/SGO-2021-01_Incident_Reports_ADS.csv,Yes
540-6073,1,71e0dfa7bd9967b,JUL-2023,No Deployment Reported,No,Not Applicable,https://static.nhtsa.gov/odi/ffdd/sgo-2021-01/Archive-2021-2025/SGO-2021-01_Incident_Reports_ADS.csv,Yes
540-6074,1,86b4543603ad8af,JUL-2023,No Deployment Reported,No,No,https://static.nhtsa.gov/odi/ffdd/sgo-2021-01/Archive-2021-2025/SGO-2021-01_Incident_Reports_ADS.csv,Yes
540-6076,1,d48b8655a2a347a,JUL-2023,No Deployment Reported,No,No,https://static.nhtsa.gov/odi/ffdd/sgo-2021-01/Archive-2021-2025/SGO-2021-01_Incident_Reports_ADS.csv,Yes
540-6079,1,11b1d6ea16682dc,JUL-2023,No Deployment Reported,No,No,https://static.nhtsa.gov/odi/ffdd/sgo-2021-01/Archive-2021-2025/SGO-2021-01_Incident_Reports_ADS.csv,Yes
540-6148,3,d8658d11ce22465,AUG-2023,Deployed,Yes,No,https://static.nhtsa.gov/odi/ffdd/sgo-2021-01/Archive-2021-2025/SGO-2021-01_Incident_Reports_ADS.csv,Yes
540-6151,2,4a83312a10c2a30,AUG-2023,Unknown,No,,https://static.nhtsa.gov/odi/ffdd/sgo-2021-01/Archive-2021-2025/SGO-2021-01_Incident_Reports_ADS.csv,Yes
540-6152,1,8e7f82326ba47e0,AUG-2023,No Deployment Reported,No,No,https://static.nhtsa.gov/odi/ffdd/sgo-2021-01/Archive-2021-2025/SGO-2021-01_Incident_Reports_ADS.csv,Yes
540-6161,1,aae6306629016ce,AUG-2023,No Deployment Reported,No,No,https://static.nhtsa.gov/odi/ffdd/sgo-2021-01/Archive-2021-2025/SGO-2021-01_Incident_Reports_ADS.csv,Yes
540-6162,2,bdbef5fb68c771f,AUG-2023,Deployed,Yes,Yes,https://static.nhtsa.gov/odi/ffdd/sgo-2021-01/Archive-2021-2025/SGO-2021-01_Incident_Reports_ADS.csv,Yes
540-6163,2,350127996a9c99d,AUG-2023,Deployed,Yes,Unknown,https://static.nhtsa.gov/odi/ffdd/sgo-2021-01/Archive-2021-2025/SGO-2021-01_Incident_Reports_ADS.csv,Yes
540-6178,2,558b2f6cb423a8b,AUG-2023,Unknown,No,,https://static.nhtsa.gov/odi/ffdd/sgo-2021-01/Archive-2021-2025/SGO-2021-01_Incident_Reports_ADS.csv,Yes
540-6188,1,991a08adc8d27c7,AUG-2023,Unknown,No,,https://static.nhtsa.gov/odi/ffdd/sgo-2021-01/Archive-2021-2025/SGO-2021-01_Incident_Reports_ADS.csv,Yes
540-6189,2,e55e0dbe712106f,AUG-2023,No Deployment Reported,No,Not Applicable,https://static.nhtsa.gov/odi/ffdd/sgo-2021-01/Archive-2021-2025/SGO-2021-01_Incident_Reports_ADS.csv,Yes
540-6190,1,a3b36081dcdb405,AUG-2023,No Deployment Reported,No,No,https://static.nhtsa.gov/odi/ffdd/sgo-2021-01/Archive-2021-2025/SGO-2021-01_Incident_Reports_ADS.csv,Yes
540-6199,1,6bc882127d0d3d9,AUG-2023,No Deployment Reported,No,No,https://static.nhtsa.gov/odi/ffdd/sgo-2021-01/Archive-2021-2025/SGO-2021-01_Incident_Reports_ADS.csv,Yes
540-6244,1,a8c95cceeb75eda,SEP-2023,Deployed,No,Yes,https://static.nhtsa.gov/odi/ffdd/sgo-2021-01/Archive-2021-2025/SGO-2021-01_Incident_Reports_ADS.csv,Yes
540-6290,1,bf6c4ac7c86369b,SEP-2023,Deployed,Yes,No,https://static.nhtsa.gov/odi/ffdd/sgo-2021-01/Archive-2021-2025/SGO-2021-01_Incident_Reports_ADS.csv,Yes
540-6293,2,a1a3b76299c95c4,AUG-2023,No Deployment Reported,No,No,https://static.nhtsa.gov/odi/ffdd/sgo-2021-01/Archive-2021-2025/SGO-2021-01_Incident_Reports_ADS.csv,Yes
540-6294,2,e96092613d9dd35,AUG-2023,No Deployment Reported,No,No,https://static.nhtsa.gov/odi/ffdd/sgo-2021-01/Archive-2021-2025/SGO-2021-01_Incident_Reports_ADS.csv,Yes
540-6295,1,dddd801cc7734cb,AUG-2023,No Deployment Reported,No,No,https://static.nhtsa.gov/odi/ffdd/sgo-2021-01/Archive-2021-2025/SGO-2021-01_Incident_Reports_ADS.csv,Yes
540-6302,1,9bbcc8e37f34850,AUG-2023,No Deployment Reported,No,No,https://static.nhtsa.gov/odi/ffdd/sgo-2021-01/Archive-2021-2025/SGO-2021-01_Incident_Reports_ADS.csv,Yes
540-6304,2,a031f7256578809,AUG-2023,No Deployment Reported,No,No,https://static.nhtsa.gov/odi/ffdd/sgo-2021-01/Archive-2021-2025/SGO-2021-01_Incident_Reports_ADS.csv,Yes
540-6305,1,b77f65c9bc8eab0,AUG-2023,No Deployment Reported,No,No,https://static.nhtsa.gov/odi/ffdd/sgo-2021-01/Archive-2021-2025/SGO-2021-01_Incident_Reports_ADS.csv,Yes
540-6306,1,36eaf89cd2651b4,AUG-2023,No Deployment Reported,No,No,https://static.nhtsa.gov/odi/ffdd/sgo-2021-01/Archive-2021-2025/SGO-2021-01_Incident_Reports_ADS.csv,Yes
540-6307,1,6fe6f968f40e80b,AUG-2023,No Deployment Reported,No,No,https://static.nhtsa.gov/odi/ffdd/sgo-2021-01/Archive-2021-2025/SGO-2021-01_Incident_Reports_ADS.csv,Yes
540-6308,1,4cfdaf92efc44d4,AUG-2023,No Deployment Reported,No,No,https://static.nhtsa.gov/odi/ffdd/sgo-2021-01/Archive-2021-2025/SGO-2021-01_Incident_Reports_ADS.csv,Yes
540-6310,1,299b672f88b96f3,AUG-2023,No Deployment Reported,No,No,https://static.nhtsa.gov/odi/ffdd/sgo-2021-01/Archive-2021-2025/SGO-2021-01_Incident_Reports_ADS.csv,Yes
540-6311,1,5b390c5a66d9694,AUG-2023,No Deployment Reported,No,No,https://static.nhtsa.gov/odi/ffdd/sgo-2021-01/Archive-2021-2025/SGO-2021-01_Incident_Reports_ADS.csv,Yes
540-6313,1,47d9acb9a1f666d,AUG-2023,No Deployment Reported,No,No,https://static.nhtsa.gov/odi/ffdd/sgo-2021-01/Archive-2021-2025/SGO-2021-01_Incident_Reports_ADS.csv,Yes
540-6315,1,1e597bea8a8f186,AUG-2023,No Deployment Reported,No,No,https://static.nhtsa.gov/odi/ffdd/sgo-2021-01/Archive-2021-2025/SGO-2021-01_Incident_Reports_ADS.csv,Yes
540-6316,1,d01df3691917979,AUG-2023,No Deployment Reported,No,No,https://static.nhtsa.gov/odi/ffdd/sgo-2021-01/Archive-2021-2025/SGO-2021-01_Incident_Reports_ADS.csv,Yes
540-6317,1,d52496957ff39de,AUG-2023,No Deployment Reported,No,No,https://static.nhtsa.gov/odi/ffdd/sgo-2021-01/Archive-2021-2025/SGO-2021-01_Incident_Reports_ADS.csv,Yes
540-6318,1,f42a0de8300f52e,AUG-2023,No Deployment Reported,No,No,https://static.nhtsa.gov/odi/ffdd/sgo-2021-01/Archive-2021-2025/SGO-2021-01_Incident_Reports_ADS.csv,Yes
540-6369,1,6fcf838ccdcebce,SEP-2023,Deployed,No,Yes,https://static.nhtsa.gov/odi/ffdd/sgo-2021-01/Archive-2021-2025/SGO-2021-01_Incident_Reports_ADS.csv,Yes
540-6372,1,869da998fba268c,SEP-2023,No Deployment Reported,No,No,https://static.nhtsa.gov/odi/ffdd/sgo-2021-01/Archive-2021-2025/SGO-2021-01_Incident_Reports_ADS.csv,Yes
540-6393,1,5b891004a3bea04,SEP-2023,No Deployment Reported,No,No,https://static.nhtsa.gov/odi/ffdd/sgo-2021-01/Archive-2021-2025/SGO-2021-01_Incident_Reports_ADS.csv,Yes
540-6400,4,8cb088f47f347b4,OCT-2023,Unknown,No,,https://static.nhtsa.gov/odi/ffdd/sgo-2021-01/Archive-2021-2025/SGO-2021-01_Incident_Reports_ADS.csv,Yes
540-6451,1,276f98fc839116e,SEP-2023,No Deployment Reported,No,No,https://static.nhtsa.gov/odi/ffdd/sgo-2021-01/Archive-2021-2025/SGO-2021-01_Incident_Reports_ADS.csv,Yes
540-6452,1,5a3e624e03f04e5,SEP-2023,No Deployment Reported,No,No,https://static.nhtsa.gov/odi/ffdd/sgo-2021-01/Archive-2021-2025/SGO-2021-01_Incident_Reports_ADS.csv,Yes
540-6453,1,f868e3683212511,SEP-2023,No Deployment Reported,No,No,https://static.nhtsa.gov/odi/ffdd/sgo-2021-01/Archive-2021-2025/SGO-2021-01_Incident_Reports_ADS.csv,Yes
540-6454,2,90c6a1024fa3128,SEP-2023,Unknown,No,,https://static.nhtsa.gov/odi/ffdd/sgo-2021-01/Archive-2021-2025/SGO-2021-01_Incident_Reports_ADS.csv,Yes
540-6455,1,51bfbb4becf2e95,SEP-2023,No Deployment Reported,No,No,https://static.nhtsa.gov/odi/ffdd/sgo-2021-01/Archive-2021-2025/SGO-2021-01_Incident_Reports_ADS.csv,Yes
540-6461,1,3141a22a23dc07b,SEP-2023,No Deployment Reported,No,No,https://static.nhtsa.gov/odi/ffdd/sgo-2021-01/Archive-2021-2025/SGO-2021-01_Incident_Reports_ADS.csv,Yes
540-6462,1,c311790f7d74673,SEP-2023,No Deployment Reported,No,No,https://static.nhtsa.gov/odi/ffdd/sgo-2021-01/Archive-2021-2025/SGO-2021-01_Incident_Reports_ADS.csv,Yes
540-6467,1,a41db12eb07f4d9,SEP-2023,No Deployment Reported,No,No,https://static.nhtsa.gov/odi/ffdd/sgo-2021-01/Archive-2021-2025/SGO-2021-01_Incident_Reports_ADS.csv,Yes
540-6468,2,3bc34604bd403d1,SEP-2023,No Deployment Reported,No,No,https://static.nhtsa.gov/odi/ffdd/sgo-2021-01/Archive-2021-2025/SGO-2021-01_Incident_Reports_ADS.csv,Yes
540-6470,1,ad9e847d40148e0,SEP-2023,No Deployment Reported,No,No,https://static.nhtsa.gov/odi/ffdd/sgo-2021-01/Archive-2021-2025/SGO-2021-01_Incident_Reports_ADS.csv,Yes
540-6472,1,f64123facf1cd4d,SEP-2023,No Deployment Reported,No,No,https://static.nhtsa.gov/odi/ffdd/sgo-2021-01/Archive-2021-2025/SGO-2021-01_Incident_Reports_ADS.csv,Yes
540-6530,2,4848631652e9672,OCT-2023,No Deployment Reported,No,No,https://static.nhtsa.gov/odi/ffdd/sgo-2021-01/Archive-2021-2025/SGO-2021-01_Incident_Reports_ADS.csv,Yes
540-6531,1,dc0129a4cfa3733,OCT-2023,No Deployment Reported,No,No,https://static.nhtsa.gov/odi/ffdd/sgo-2021-01/Archive-2021-2025/SGO-2021-01_Incident_Reports_ADS.csv,Yes
540-6629,1,0094d46307334a0,OCT-2023,No Deployment Reported,No,No,https://static.nhtsa.gov/odi/ffdd/sgo-2021-01/Archive-2021-2025/SGO-2021-01_Incident_Reports_ADS.csv,Yes
540-6630,1,57c001739109f42,OCT-2023,No Deployment Reported,No,No,https://static.nhtsa.gov/odi/ffdd/sgo-2021-01/Archive-2021-2025/SGO-2021-01_Incident_Reports_ADS.csv,Yes
540-6632,1,03f712880e4d552,OCT-2023,No Deployment Reported,No,No,https://static.nhtsa.gov/odi/ffdd/sgo-2021-01/Archive-2021-2025/SGO-2021-01_Incident_Reports_ADS.csv,Yes
540-6633,1,7ef3f121cdc8180,OCT-2023,No Deployment Reported,No,No,https://static.nhtsa.gov/odi/ffdd/sgo-2021-01/Archive-2021-2025/SGO-2021-01_Incident_Reports_ADS.csv,Yes
540-6642,1,289362c589bd4da,OCT-2023,No Deployment Reported,No,No,https://static.nhtsa.gov/odi/ffdd/sgo-2021-01/Archive-2021-2025/SGO-2021-01_Incident_Reports_ADS.csv,Yes
540-6644,1,167c0e19aa7af30,OCT-2023,No Deployment Reported,No,No,https://static.nhtsa.gov/odi/ffdd/sgo-2021-01/Archive-2021-2025/SGO-2021-01_Incident_Reports_ADS.csv,Yes
540-6645,1,84adcad61710498,OCT-2023,No Deployment Reported,No,No,https://static.nhtsa.gov/odi/ffdd/sgo-2021-01/Archive-2021-2025/SGO-2021-01_Incident_Reports_ADS.csv,Yes
540-6646,1,a106bab6fdac541,OCT-2023,No Deployment Reported,No,No,https://static.nhtsa.gov/odi/ffdd/sgo-2021-01/Archive-2021-2025/SGO-2021-01_Incident_Reports_ADS.csv,Yes
540-7876,2,1116f21b046f906,JUN-2024,Unknown,No,Unknown,https://static.nhtsa.gov/odi/ffdd/sgo-2021-01/Archive-2021-2025/SGO-2021-01_Incident_Reports_ADS.csv,Yes
540-8762,1,4ec23dc5a89933c,OCT-2024,Unknown,No,,https://static.nhtsa.gov/odi/ffdd/sgo-2021-01/Archive-2021-2025/SGO-2021-01_Incident_Reports_ADS.csv,Yes
540-9211,2,92e33cb7fac29c6,NOV-2024,Unknown,No,,https://static.nhtsa.gov/odi/ffdd/sgo-2021-01/Archive-2021-2025/SGO-2021-01_Incident_Reports_ADS.csv,Yes
540-9365,1,88e684e941be85e,NOV-2024,Unknown,No,Unknown,https://static.nhtsa.gov/odi/ffdd/sgo-2021-01/Archive-2021-2025/SGO-2021-01_Incident_Reports_ADS.csv,Yes
669-10257,1,b42deb39142d807,FEB-2025,No Deployment Reported,No,No,https://static.nhtsa.gov/odi/ffdd/sgo-2021-01/Archive-2021-2025/SGO-2021-01_Incident_Reports_ADS.csv,Yes
669-10258,1,2fa56e3fae57fff,FEB-2025,No Deployment Reported,No,No,https://static.nhtsa.gov/odi/ffdd/sgo-2021-01/Archive-2021-2025/SGO-2021-01_Incident_Reports_ADS.csv,Yes
669-10259,1,4ce5e32b26da9ff,FEB-2025,No Deployment Reported,No,No,https://static.nhtsa.gov/odi/ffdd/sgo-2021-01/Archive-2021-2025/SGO-2021-01_Incident_Reports_ADS.csv,Yes
669-10260,1,276c44175c4e6fa,FEB-2025,No Deployment Reported,No,No,https://static.nhtsa.gov/odi/ffdd/sgo-2021-01/Archive-2021-2025/SGO-2021-01_Incident_Reports_ADS.csv,Yes
669-10862,1,c397f44794adc7e,MAY-2025,Unknown,No,,https://static.nhtsa.gov/odi/ffdd/sgo-2021-01/Archive-2021-2025/SGO-2021-01_Incident_Reports_ADS.csv,Yes
669-11335,2,0229e852164543d,JUN-2025,No Deployment Reported,,,https://static.nhtsa.gov/odi/ffdd/sgo-2021-01/SGO-2021-01_Incident_Reports_ADS.csv,Yes
669-1762,3,aeb0ef282584e35,OCT-2021,Unknown,Unknown,,https://static.nhtsa.gov/odi/ffdd/sgo-2021-01/Archive-2021-2025/SGO-2021-01_Incident_Reports_ADS.csv,Yes
669-5206,3,42bfe841ab28024,APR-2023,No Deployment Reported,No,No,https://static.nhtsa.gov/odi/ffdd/sgo-2021-01/Archive-2021-2025/SGO-2021-01_Incident_Reports_ADS.csv,Yes
669-5837,1,fdceba88754ba36,JUN-2023,No Deployment Reported,No,No,https://static.nhtsa.gov/odi/ffdd/sgo-2021-01/Archive-2021-2025/SGO-2021-01_Incident_Reports_ADS.csv,Yes
669-6808,1,670484ffbbaf0e4,DEC-2023,No Deployment Reported,No,No,https://static.nhtsa.gov/odi/ffdd/sgo-2021-01/Archive-2021-2025/SGO-2021-01_Incident_Reports_ADS.csv,Yes
669-7320,1,3ba6e26d74e6f93,FEB-2024,Unknown,No,,https://static.nhtsa.gov/odi/ffdd/sgo-2021-01/Archive-2021-2025/SGO-2021-01_Incident_Reports_ADS.csv,Yes
669-8495,1,8889dbfa87b1a25,AUG-2024,Unknown,No,,https://static.nhtsa.gov/odi/ffdd/sgo-2021-01/Archive-2021-2025/SGO-2021-01_Incident_Reports_ADS.csv,Yes
669-8496,2,0c7e3f0ce19fb32,SEP-2024,No Deployment Reported,No,No,https://static.nhtsa.gov/odi/ffdd/sgo-2021-01/Archive-2021-2025/SGO-2021-01_Incident_Reports_ADS.csv,Yes
669-9871,1,2e10aa5924c3a69,JAN-2025,No Deployment Reported,No,No,https://static.nhtsa.gov/odi/ffdd/sgo-2021-01/Archive-2021-2025/SGO-2021-01_Incident_Reports_ADS.csv,Yes
753-7780,2,31362e0be491cc1,APR-2024,Deployed,Yes,Yes,https://static.nhtsa.gov/odi/ffdd/sgo-2021-01/Archive-2021-2025/SGO-2021-01_Incident_Reports_ADS.csv,Yes
855-10223,1,fcbf7f3b607c02b,FEB-2025,No Deployment Reported,No,No,https://static.nhtsa.gov/odi/ffdd/sgo-2021-01/Archive-2021-2025/SGO-2021-01_Incident_Reports_ADS.csv,Yes
855-2464,2,e0cdab99aaf1a1f,MAR-2022,No Deployment Reported,No,No,https://static.nhtsa.gov/odi/ffdd/sgo-2021-01/Archive-2021-2025/SGO-2021-01_Incident_Reports_ADS.csv,Yes
855-3183,2,6b64e02431595a7,MAY-2022,Unknown,No,Unknown,https://static.nhtsa.gov/odi/ffdd/sgo-2021-01/Archive-2021-2025/SGO-2021-01_Incident_Reports_ADS.csv,Yes
855-4460,1,84d4fa517d86789,NOV-2022,No Deployment Reported,No,No,https://static.nhtsa.gov/odi/ffdd/sgo-2021-01/Archive-2021-2025/SGO-2021-01_Incident_Reports_ADS.csv,Yes
855-5055,1,387fb65aeb5202f,FEB-2023,No Deployment Reported,No,No,https://static.nhtsa.gov/odi/ffdd/sgo-2021-01/Archive-2021-2025/SGO-2021-01_Incident_Reports_ADS.csv,Yes
855-5058,1,5d69e01333fae90,FEB-2023,No Deployment Reported,No,No,https://static.nhtsa.gov/odi/ffdd/sgo-2021-01/Archive-2021-2025/SGO-2021-01_Incident_Reports_ADS.csv,Yes
855-6288,1,cf34b270bacafa4,AUG-2023,No Deployment Reported,No,No,https://static.nhtsa.gov/odi/ffdd/sgo-2021-01/Archive-2021-2025/SGO-2021-01_Incident_Reports_ADS.csv,Yes
988-10265,1,9fc2807aedfa970,MAR-2025,No Deployment Reported,No,Not Applicable,https://static.nhtsa.gov/odi/ffdd/sgo-2021-01/Archive-2021-2025/SGO-2021-01_Incident_Reports_ADS.csv,Yes
988-10802,1,b6f8c5a9a4cdd22,APR-2025,No Deployment Reported,No,Not Applicable,https://static.nhtsa.gov/odi/ffdd/sgo-2021-01/Archive-2021-2025/SGO-2021-01_Incident_Reports_ADS.csv,Yes
988-3684,2,2ef7294be596ddb,AUG-2022,No Deployment Reported,No,No,https://static.nhtsa.gov/odi/ffdd/sgo-2021-01/Archive-2021-2025/SGO-2021-01_Incident_Reports_ADS.csv,Yes
988-4816,1,d1097c7706589a9,FEB-2023,Unknown,No,Unknown,https://static.nhtsa.gov/odi/ffdd/sgo-2021-01/Archive-2021-2025/SGO-2021-01_Incident_Reports_ADS.csv,Yes
988-5310,1,5e8ac7239468e4d,MAR-2023,No Deployment Reported,No,No,https://static.nhtsa.gov/odi/ffdd/sgo-2021-01/Archive-2021-2025/SGO-2021-01_Incident_Reports_ADS.csv,Yes
988-6565,1,1247cf7e78f61f6,OCT-2023,No Deployment Reported,No,No,https://static.nhtsa.gov/odi/ffdd/sgo-2021-01/Archive-2021-2025/SGO-2021-01_Incident_Reports_ADS.csv,Yes
988-6859,1,460289782aa5d13,NOV-2023,Unknown,No,Unknown,https://static.nhtsa.gov/odi/ffdd/sgo-2021-01/Archive-2021-2025/SGO-2021-01_Incident_Reports_ADS.csv,Yes
988-7317,1,40a6c193304ddb4,FEB-2024,No Deployment Reported,No,No,https://static.nhtsa.gov/odi/ffdd/sgo-2021-01/Archive-2021-2025/SGO-2021-01_Incident_Reports_ADS.csv,Yes
988-7550,1,ea43ae9eed8d13b,MAR-2024,No Deployment Reported,No,No,https://static.nhtsa.gov/odi/ffdd/sgo-2021-01/Archive-2021-2025/SGO-2021-01_Incident_Reports_ADS.csv,Yes
988-7703,1,39987aac7f64fd3,APR-2024,No Deployment Reported,No,Not Applicable,https://static.nhtsa.gov/odi/ffdd/sgo-2021-01/Archive-2021-2025/SGO-2021-01_Incident_Reports_ADS.csv,Yes
988-7915,1,6eb8a5394a4b5cc,JUN-2024,No Deployment Reported,No,Not Applicable,https://static.nhtsa.gov/odi/ffdd/sgo-2021-01/Archive-2021-2025/SGO-2021-01_Incident_Reports_ADS.csv,Yes
988-7916,1,50c30db70309820,MAY-2024,Unknown,No,,https://static.nhtsa.gov/odi/ffdd/sgo-2021-01/Archive-2021-2025/SGO-2021-01_Incident_Reports_ADS.csv,Yes
988-8119,1,1fbb1b06277fa39,JUN-2024,No Deployment Reported,No,Not Applicable,https://static.nhtsa.gov/odi/ffdd/sgo-2021-01/Archive-2021-2025/SGO-2021-01_Incident_Reports_ADS.csv,Yes
988-8590,1,3959ce860893cce,SEP-2024,No Deployment Reported,No,Not Applicable,https://static.nhtsa.gov/odi/ffdd/sgo-2021-01/Archive-2021-2025/SGO-2021-01_Incident_Reports_ADS.csv,Yes
988-8592,1,c989ea2a212f067,SEP-2024,No Deployment Reported,No,Not Applicable,https://static.nhtsa.gov/odi/ffdd/sgo-2021-01/Archive-2021-2025/SGO-2021-01_Incident_Reports_ADS.csv,Yes
988-8593,1,d67503382bbf356,AUG-2024,No Deployment Reported,No,Not Applicable,https://static.nhtsa.gov/odi/ffdd/sgo-2021-01/Archive-2021-2025/SGO-2021-01_Incident_Reports_ADS.csv,Yes
988-8810,1,e4a702ec9aac629,SEP-2024,No Deployment Reported,No,Not Applicable,https://static.nhtsa.gov/odi/ffdd/sgo-2021-01/Archive-2021-2025/SGO-2021-01_Incident_Reports_ADS.csv,Yes
988-9101,1,8563d4571c2a4f2,OCT-2024,Unknown,No,,https://static.nhtsa.gov/odi/ffdd/sgo-2021-01/Archive-2021-2025/SGO-2021-01_Incident_Reports_ADS.csv,Yes
988-9119,1,76e5d31295af2c3,OCT-2024,Unknown,No,,https://static.nhtsa.gov/odi/ffdd/sgo-2021-01/Archive-2021-2025/SGO-2021-01_Incident_Reports_ADS.csv,Yes
988-9972,1,242678102337149,JAN-2025,No Deployment Reported,No,Not Applicable,https://static.nhtsa.gov/odi/ffdd/sgo-2021-01/Archive-2021-2025/SGO-2021-01_Incident_Reports_ADS.csv,Yes
988-9975,1,58ed5a4d4e93504,FEB-2025,No Deployment Reported,No,Not Applicable,https://static.nhtsa.gov/odi/ffdd/sgo-2021-01/Archive-2021-2025/SGO-2021-01_Incident_Reports_ADS.csv,Yes
