s2_cell,market,state,counties,estimated_population,estimated_households,household_weighted_bg_median_income,pct_white_non_hispanic,pct_black_non_hispanic,pct_asian_non_hispanic,pct_aian_non_hispanic,pct_nhpi_non_hispanic,pct_other_non_hispanic,pct_multiracial_non_hispanic,pct_hispanic,contributing_block_groups,census_overlap_share_of_s2_area
9260949341382639616,San Francisco Bay Area,California,San Francisco,1612.5,760.6,109863.0,34.92,0.49,60.65,0.02,0.0,0.03,1.67,2.22,5,1.0
9260949375742377984,San Francisco Bay Area,California,San Francisco,3603.2,2285.9,187138.0,40.08,1.38,45.46,0.0,0.67,0.0,2.95,9.46,12,1.0
9260949410102116352,San Francisco Bay Area,California,San Francisco,420.5,238.2,123692.0,25.3,0.84,61.48,0.0,0.0,0.0,0.22,12.16,3,1.0
9260949444461854720,San Francisco Bay Area,California,San Francisco,3752.3,1963.4,180042.0,32.53,3.95,46.49,0.01,0.01,0.32,11.15,5.54,12,1.0
9260949478821593088,San Francisco Bay Area,California,San Francisco,15078.9,9235.7,190513.0,31.58,3.55,48.52,0.25,0.41,0.49,3.21,11.98,22,1.0
9260949513181331456,San Francisco Bay Area,California,San Francisco,17858.1,9069.4,88191.0,23.83,11.36,39.37,0.64,0.07,0.75,3.41,20.58,28,1.0
9260949547541069824,San Francisco Bay Area,California,San Francisco,14780.8,8439.7,63730.0,28.14,3.41,46.03,0.39,0.12,1.0,5.62,15.29,32,1.0
9260949581900808192,San Francisco Bay Area,California,San Francisco,30385.4,18019.4,84848.0,34.42,6.14,29.5,0.7,0.09,1.41,6.74,20.99,45,1.0
9260949616260546560,San Francisco Bay Area,California,San Francisco,18683.4,10806.4,122415.0,30.74,8.61,29.5,0.18,1.07,1.28,6.01,22.61,27,1.0
9260949650620284928,San Francisco Bay Area,California,San Francisco,16192.7,8055.5,156185.0,50.2,7.24,20.25,0.04,1.48,0.75,5.75,14.3,25,1.0
9260949684980023296,San Francisco Bay Area,California,San Francisco,10894.3,5210.0,188936.0,64.63,2.86,13.92,0.58,0.0,0.51,9.52,7.98,20,1.0
9260949719339761664,San Francisco Bay Area,California,San Francisco,12208.3,5664.5,178513.0,48.48,7.92,18.81,0.28,0.0,4.56,7.61,12.34,18,1.0
9260949753699500032,San Francisco Bay Area,California,San Francisco,15829.7,8037.5,84469.0,35.58,12.51,34.52,0.01,1.16,0.55,5.01,10.66,25,1.0
9260949788059238400,San Francisco Bay Area,California,San Francisco,14079.9,8331.1,187313.0,63.39,3.63,17.22,0.11,0.0,0.06,5.95,9.65,22,1.0
9260949822418976768,San Francisco Bay Area,California,San Francisco,8923.0,4545.4,199864.0,60.8,3.58,19.03,0.07,0.0,0.67,7.11,8.73,19,1.0
9260949856778715136,San Francisco Bay Area,California,San Francisco,8922.4,4681.4,211681.0,71.12,0.64,11.69,0.12,0.17,0.51,4.58,11.18,17,1.0
9260949891138453504,San Francisco Bay Area,California,San Francisco,9123.5,4939.6,210007.0,71.05,0.46,13.58,0.26,1.0,0.64,5.12,7.88,16,1.0
9260949925498191872,San Francisco Bay Area,California,San Francisco,6349.5,3331.2,146237.0,55.99,7.54,18.73,0.75,0.29,0.89,4.98,10.83,10,1.0
9260949959857930240,San Francisco Bay Area,California,San Francisco,19339.1,11169.2,148686.0,53.12,2.32,29.27,0.1,0.0,1.39,4.96,8.83,32,1.0
9260949994217668608,San Francisco Bay Area,California,San Francisco,16847.7,8979.8,93109.0,27.45,2.01,58.0,0.03,0.0,0.55,3.78,8.19,28,1.0
9260950028577406976,San Francisco Bay Area,California,San Francisco,2365.7,1339.6,103098.0,39.03,6.62,32.0,1.06,0.12,1.37,2.6,17.19,7,1.0
9260950234735837184,San Francisco Bay Area,California,San Francisco,2369.9,1188.3,247397.0,86.46,0.27,4.36,0.0,0.0,0.28,7.54,1.09,5,1.0
9260956453848481792,San Francisco Bay Area,California,San Francisco,679.4,313.3,248106.0,87.06,0.01,3.33,0.0,0.0,0.35,7.48,1.77,4,1.0
9260956488208220160,San Francisco Bay Area,California,San Francisco,81.5,24.9,221250.0,61.91,0.05,3.33,0.0,0.0,3.54,14.81,16.36,2,1.0
9260956660006912000,San Francisco Bay Area,California,San Francisco,8472.8,3947.1,139613.0,40.63,3.3,37.47,0.33,0.45,0.23,7.34,10.25,11,1.0
9260956694366650368,San Francisco Bay Area,California,San Francisco,8340.5,3693.7,130496.0,35.49,0.38,46.31,0.01,0.08,0.97,5.75,11.01,11,1.0
9260956728726388736,San Francisco Bay Area,California,San Francisco,10366.1,4536.3,163057.0,36.11,2.05,45.27,0.16,0.0,0.31,7.94,8.15,17,1.0
9260956763086127104,San Francisco Bay Area,California,San Francisco,4213.6,1740.0,194947.0,53.59,0.73,25.63,0.17,0.0,0.11,8.68,11.09,9,1.0
9260956797445865472,San Francisco Bay Area,California,San Francisco,1710.1,707.1,215155.0,57.81,0.4,17.97,0.0,0.0,0.14,8.08,15.61,7,1.0
9260956831805603840,San Francisco Bay Area,California,San Francisco,611.9,278.3,176051.0,72.68,0.65,11.92,0.0,0.2,0.55,4.22,9.77,9,1.0
9260956866165342208,San Francisco Bay Area,California,San Francisco,8023.3,4085.6,176390.0,58.92,1.67,24.52,0.02,0.0,0.38,4.09,10.41,13,1.0
9260956900525080576,San Francisco Bay Area,California,San Francisco,11337.0,4920.0,168618.0,44.67,0.97,36.25,0.05,0.63,0.19,6.99,10.25,19,1.0
9260956934884818944,San Francisco Bay Area,California,San Francisco,5049.4,2129.3,184287.0,52.58,0.56,28.89,0.2,0.01,0.71,7.27,9.79,10,1.0
9260956969244557312,San Francisco Bay Area,California,San Francisco,9491.6,3451.1,156083.0,51.96,3.68,24.41,0.03,0.0,0.52,7.39,12.02,13,1.0
9260957003604295680,San Francisco Bay Area,California,San Francisco,8538.7,4313.3,188529.0,65.05,3.74,12.53,0.09,0.0,0.91,7.81,9.86,15,1.0
9260957037964034048,San Francisco Bay Area,California,San Francisco,8914.4,3882.6,152203.0,42.33,2.39,35.59,0.47,0.11,1.19,9.01,8.91,13,1.0
9260957072323772416,San Francisco Bay Area,California,San Francisco,8486.5,3693.7,134436.0,38.83,2.13,41.75,0.02,0.08,0.64,4.38,12.16,18,1.0
9260957106683510784,San Francisco Bay Area,California,San Francisco,2548.3,1232.8,148592.0,41.87,1.59,33.95,0.0,0.0,2.36,6.06,14.17,9,1.0
9260957141043249152,San Francisco Bay Area,California,San Francisco,4418.8,1767.1,134851.0,23.85,1.4,50.03,0.0,0.0,1.23,8.3,15.19,7,1.0
9260957175402987520,San Francisco Bay Area,California,San Francisco,8018.2,2896.8,151810.0,24.41,1.78,58.1,0.09,0.39,0.61,5.65,8.98,14,1.0
9260957209762725888,San Francisco Bay Area,California,San Francisco,6819.0,2349.0,165794.0,27.64,0.25,60.86,0.02,0.06,0.19,5.46,5.53,19,1.0
9260957244122464256,San Francisco Bay Area,California,San Francisco,2788.5,1061.3,139915.0,33.66,1.19,51.28,0.0,0.0,0.54,8.71,4.62,7,1.0
9260957278482202624,San Francisco Bay Area,California,San Francisco,6052.1,2330.4,123980.0,34.95,1.45,44.27,0.0,0.0,0.38,5.09,13.86,8,1.0
9260957312841940992,San Francisco Bay Area,California,San Francisco,7015.8,2663.4,167035.0,39.18,1.57,44.35,0.01,0.0,0.57,5.7,8.63,17,1.0
9260957347201679360,San Francisco Bay Area,California,San Francisco,4702.8,1920.9,155186.0,40.17,2.48,46.17,0.0,0.0,0.55,3.75,6.88,9,1.0
9260957381561417728,San Francisco Bay Area,California,San Francisco,5919.4,2444.9,123911.0,38.6,0.51,40.99,0.11,0.0,0.15,4.31,15.32,11,1.0
9260957415921156096,San Francisco Bay Area,California,San Francisco,3444.0,1616.9,137735.0,49.08,0.66,32.75,0.0,0.0,0.6,6.24,10.67,6,1.0
9260957450280894464,San Francisco Bay Area,California,San Francisco,844.6,333.6,151263.0,42.36,4.54,45.44,0.0,0.0,0.81,3.79,3.07,7,1.0
9263395892193394688,San Francisco Bay Area,California,Santa Clara,3759.7,1329.7,130611.0,31.02,3.91,17.64,0.38,0.0,0.38,4.85,41.83,8,1.0
9263396682467377152,San Francisco Bay Area,California,Santa Clara,3456.2,1200.4,149310.0,39.13,0.72,32.1,0.09,0.47,0.08,3.4,24.0,7,1.0
9263396785546592256,San Francisco Bay Area,California,Santa Clara,4793.4,1667.7,140062.0,27.92,4.0,35.8,0.0,0.0,0.07,2.59,29.62,7,1.0
9263397300942667776,San Francisco Bay Area,California,Santa Clara,7883.6,1988.8,117918.0,6.55,1.66,36.5,0.09,1.17,0.26,1.6,52.17,11,1.0
9263397335302406144,San Francisco Bay Area,California,Santa Clara,6767.9,1393.1,112043.0,1.77,2.99,22.73,0.61,0.08,1.59,0.88,69.35,12,1.0
9263397369662144512,San Francisco Bay Area,California,Santa Clara,5042.0,1281.1,82042.0,2.25,3.97,34.67,0.79,0.0,0.11,1.42,56.8,10,1.0
9263397404021882880,San Francisco Bay Area,California,Santa Clara,1656.5,561.4,71808.0,4.38,3.22,51.72,0.0,0.0,0.97,3.54,36.17,8,1.0
9263397610180313088,San Francisco Bay Area,California,Santa Clara,3057.7,1101.3,126757.0,21.22,5.56,29.1,0.05,0.0,1.31,4.26,38.49,6,1.0
9263397644540051456,San Francisco Bay Area,California,Santa Clara,2769.4,1043.7,76478.0,14.7,7.89,19.52,0.73,0.0,0.17,1.96,55.05,6,1.0
9263397713259528192,San Francisco Bay Area,California,Santa Clara,832.8,319.1,45423.0,8.18,1.14,56.49,0.0,0.0,4.88,4.61,24.7,3,1.0
9263397747619266560,San Francisco Bay Area,California,Santa Clara,1463.3,541.7,53890.0,10.55,0.32,51.39,0.0,0.0,0.47,2.22,35.04,5,1.0
9263397781979004928,San Francisco Bay Area,California,Santa Clara,3949.0,1371.4,75820.0,12.59,6.92,20.47,0.19,0.0,0.1,2.02,57.7,8,1.0
9263397816338743296,San Francisco Bay Area,California,Santa Clara,3060.2,822.4,94660.0,6.6,3.73,14.1,0.11,0.0,0.26,1.84,73.37,8,1.0
9263397850698481664,San Francisco Bay Area,California,Santa Clara,3610.7,1355.2,140125.0,36.98,2.99,12.49,0.12,0.0,0.13,5.79,41.5,8,1.0
9263397885058220032,San Francisco Bay Area,California,Santa Clara,5752.4,1794.6,110938.0,19.58,1.23,5.48,0.01,0.0,1.53,1.17,71.0,9,1.0
9263397919417958400,San Francisco Bay Area,California,Santa Clara,3672.7,1281.0,193954.0,46.21,0.71,10.12,0.7,0.0,0.28,4.36,37.63,8,1.0
9263397953777696768,San Francisco Bay Area,California,Santa Clara,2837.6,1075.1,231155.0,64.47,0.31,10.22,0.0,0.0,0.01,7.23,17.76,8,1.0
9263397988137435136,San Francisco Bay Area,California,Santa Clara,2617.9,1000.4,219303.0,59.35,1.35,12.68,0.0,0.0,0.0,4.35,22.27,7,1.0
9263398022497173504,San Francisco Bay Area,California,Santa Clara,3650.4,1384.0,173926.0,44.82,3.94,16.96,0.49,0.0,0.04,5.48,28.28,9,1.0
9263398056856911872,San Francisco Bay Area,California,Santa Clara,3253.5,1139.6,157734.0,53.52,2.38,13.28,0.01,0.06,1.71,4.72,24.32,7,1.0
9263398091216650240,San Francisco Bay Area,California,Santa Clara,3275.7,1198.9,162132.0,57.31,0.02,15.78,0.0,0.03,0.25,4.91,21.71,6,1.0
9263398125576388608,San Francisco Bay Area,California,Santa Clara,3261.5,1186.8,190908.0,51.73,0.43,20.78,0.0,0.53,0.4,7.48,18.66,7,1.0
9263398194295865344,San Francisco Bay Area,California,Santa Clara,2677.5,945.5,200979.0,47.45,0.1,28.24,0.0,0.0,0.74,6.12,17.36,3,1.0
9263398228655603712,San Francisco Bay Area,California,Santa Clara,2793.9,980.1,150394.0,44.32,2.42,19.45,0.0,0.39,0.49,5.26,27.67,6,1.0
9263398263015342080,San Francisco Bay Area,California,Santa Clara,5238.0,1737.2,142010.0,25.06,4.92,33.99,0.09,0.03,0.66,2.47,32.78,8,1.0
9263398297375080448,San Francisco Bay Area,California,Santa Clara,2979.8,1201.1,195000.0,16.46,6.16,48.6,0.02,0.01,0.39,6.22,22.15,7,1.0
9263398331734818816,San Francisco Bay Area,California,Santa Clara,3611.3,1442.0,127662.0,31.42,12.96,31.18,0.14,0.07,3.91,4.04,16.27,8,1.0
9263398366094557184,San Francisco Bay Area,California,Santa Clara,3343.8,1032.6,192493.0,31.42,4.61,25.58,0.14,0.07,0.28,6.73,31.18,7,1.0
9263398400454295552,San Francisco Bay Area,California,Santa Clara,3195.4,1206.7,147150.0,39.31,2.01,24.21,0.0,0.0,0.74,6.03,27.71,7,1.0
9263398434814033920,San Francisco Bay Area,California,Santa Clara,3617.7,1180.7,163742.0,44.89,1.6,19.93,0.0,0.0,0.0,4.39,29.19,8,1.0
9263398469173772288,San Francisco Bay Area,California,Santa Clara,3166.7,1201.0,119423.0,37.32,3.67,18.7,0.02,0.05,0.33,5.16,34.75,9,1.0
9263398503533510656,San Francisco Bay Area,California,Santa Clara,2564.4,977.2,96774.0,25.43,1.54,14.41,1.74,0.0,2.07,3.99,50.83,7,1.0
9263398537893249024,San Francisco Bay Area,California,Santa Clara,3431.4,1276.9,148963.0,40.51,0.16,17.63,0.17,0.0,1.43,2.79,37.29,12,1.0
9263398572252987392,San Francisco Bay Area,California,Santa Clara,4007.4,1702.3,112301.0,38.87,1.55,14.69,0.0,0.0,0.91,4.03,39.94,7,1.0
9263398606612725760,San Francisco Bay Area,California,Santa Clara,3661.7,1309.4,179727.0,47.1,1.22,23.33,0.27,2.11,0.54,5.31,20.12,8,1.0
9263398640972464128,San Francisco Bay Area,California,Santa Clara,3092.0,1059.5,141050.0,43.45,4.04,28.0,0.0,0.0,0.0,3.44,21.06,8,1.0
9263398709691940864,San Francisco Bay Area,California,Santa Clara,3272.4,1125.2,163174.0,44.1,0.17,35.55,1.51,1.57,0.5,3.8,12.8,6,1.0
9263398744051679232,San Francisco Bay Area,California,Santa Clara,3524.7,1103.2,213702.0,42.02,0.22,42.12,0.03,0.0,0.01,4.63,10.98,7,1.0
9263398915850371072,San Francisco Bay Area,California,Santa Clara,3518.8,1224.9,209575.0,46.13,0.13,37.75,0.43,0.0,0.0,4.49,11.07,8,1.0
9263398950210109440,San Francisco Bay Area,California,Santa Clara,2243.2,780.6,197791.0,45.2,2.27,28.59,0.23,0.72,0.0,6.37,16.62,7,1.0
9263398984569847808,San Francisco Bay Area,California,Santa Clara,2680.0,965.5,193223.0,36.33,2.0,41.24,0.34,0.15,0.0,11.44,8.51,5,1.0
9263399018929586176,San Francisco Bay Area,California,Santa Clara,3425.0,1204.4,162959.0,38.34,2.94,34.86,0.47,4.59,0.13,5.72,12.95,7,1.0
9263399053289324544,San Francisco Bay Area,California,Santa Clara,3024.5,1112.3,177535.0,47.16,1.87,25.72,0.31,0.32,0.0,6.66,17.97,7,1.0
9263399087649062912,San Francisco Bay Area,California,Santa Clara,3600.2,1227.3,195213.0,51.99,0.29,27.18,0.0,0.0,0.0,3.84,16.7,6,1.0
9263399122008801280,San Francisco Bay Area,California,Santa Clara,3353.2,1141.1,165541.0,38.58,0.44,27.84,0.07,0.17,0.0,7.21,25.69,8,1.0
9263399190728278016,San Francisco Bay Area,California,Santa Clara,3790.0,1348.8,204016.0,48.61,0.49,27.01,0.0,0.0,0.11,6.0,17.79,6,1.0
9263399225088016384,San Francisco Bay Area,California,Santa Clara,2850.5,1013.1,238851.0,62.45,0.1,19.32,0.08,0.0,0.77,5.49,11.78,6,1.0
9263399259447754752,San Francisco Bay Area,California,Santa Clara,3549.8,1096.7,213248.0,68.86,1.05,13.04,0.0,0.0,0.35,5.1,11.59,5,1.0
9263399328167231488,San Francisco Bay Area,California,Santa Clara,2190.5,1014.2,168884.0,56.84,0.19,17.18,0.03,0.0,0.3,10.1,15.37,5,1.0
9263399362526969856,San Francisco Bay Area,California,Santa Clara,2668.3,1004.5,185542.0,56.53,1.66,12.1,0.0,0.0,0.32,3.77,25.63,7,1.0
9263399396886708224,San Francisco Bay Area,California,Santa Clara,4245.9,1834.5,139064.0,38.13,2.25,13.49,0.11,0.0,0.72,5.93,39.37,6,1.0
9263399431246446592,San Francisco Bay Area,California,Santa Clara,6005.4,2541.8,119710.0,31.53,3.69,21.54,0.02,0.02,0.71,7.08,35.4,10,1.0
9263399465606184960,San Francisco Bay Area,California,Santa Clara,2867.6,1157.4,134844.0,48.23,3.44,16.32,0.02,2.51,2.82,4.34,22.32,11,1.0
9263399499965923328,San Francisco Bay Area,California,Santa Clara,3152.2,1445.0,140407.0,46.48,3.33,19.69,0.07,0.64,0.55,7.37,21.88,7,1.0
9263399534325661696,San Francisco Bay Area,California,Santa Clara,4709.8,1767.8,111492.0,30.12,4.72,22.31,0.13,0.1,0.33,4.79,37.51,6,1.0
9263399568685400064,San Francisco Bay Area,California,Santa Clara,3595.7,1420.5,134258.0,42.92,1.87,19.35,0.0,0.04,0.12,7.99,27.71,9,1.0
9263399603045138432,San Francisco Bay Area,California,Santa Clara,2352.1,1163.9,143848.0,62.49,1.56,8.53,0.0,0.0,0.16,3.2,24.07,7,1.0
9263399637404876800,San Francisco Bay Area,California,Santa Clara,2314.3,1232.4,121037.0,49.74,1.99,14.45,0.53,0.0,0.32,10.4,22.57,3,1.0
9263399671764615168,San Francisco Bay Area,California,Santa Clara,3733.1,1444.4,158851.0,49.57,7.62,15.09,0.02,0.09,0.0,6.69,20.93,8,1.0
9263399706124353536,San Francisco Bay Area,California,Santa Clara,3836.6,1437.8,126273.0,42.41,3.75,17.62,0.13,0.07,0.0,5.06,30.97,7,1.0
9263399740484091904,San Francisco Bay Area,California,Santa Clara,3479.1,1361.2,150357.0,36.45,2.01,21.91,0.13,0.37,0.24,7.59,31.3,6,1.0
9263399774843830272,San Francisco Bay Area,California,Santa Clara,1919.3,698.2,166138.0,45.41,4.42,15.54,0.0,0.86,1.23,6.73,25.81,6,1.0
9263399809203568640,San Francisco Bay Area,California,Santa Clara,2725.0,988.3,188968.0,48.12,1.86,26.9,0.0,7.21,0.28,3.42,12.23,7,1.0
9263399843563307008,San Francisco Bay Area,California,Santa Clara,3441.0,1160.0,137138.0,42.57,2.2,30.31,0.0,0.78,1.09,5.83,17.22,4,1.0
9263399877923045376,San Francisco Bay Area,California,Santa Clara,4582.0,1686.5,119924.0,32.82,2.47,16.75,0.0,0.0,3.42,5.27,39.26,5,1.0
9263399912282783744,San Francisco Bay Area,California,Santa Clara,2864.6,1319.0,98860.0,44.14,0.7,28.02,0.0,0.0,2.88,2.22,22.04,6,1.0
9263399946642522112,San Francisco Bay Area,California,Santa Clara,5966.5,2279.0,118642.0,30.24,5.48,18.61,0.25,0.03,0.96,3.24,41.2,10,1.0
9263399981002260480,San Francisco Bay Area,California,Santa Clara,4030.9,1500.5,138285.0,36.69,0.89,35.1,0.0,0.07,0.48,4.77,22.01,7,1.0
9263400015361998848,San Francisco Bay Area,California,Santa Clara,3279.2,1168.8,185301.0,35.32,1.01,39.91,0.0,0.0,0.62,9.18,13.97,8,1.0
9263400049721737216,San Francisco Bay Area,California,Santa Clara,3657.5,1315.9,223702.0,37.48,0.35,39.54,0.01,0.0,0.24,9.51,12.87,9,1.0
9263400084081475584,San Francisco Bay Area,California,Santa Clara,4149.0,1599.0,129803.0,31.12,1.9,30.91,0.09,0.29,0.28,7.45,27.96,9,1.0
9263400118441213952,San Francisco Bay Area,California,Santa Clara,2591.4,970.0,205203.0,35.37,0.69,47.19,0.11,0.0,0.0,3.85,12.79,7,1.0
9263400152800952320,San Francisco Bay Area,California,Santa Clara,3196.1,1081.5,188360.0,32.75,0.23,50.48,0.0,0.0,0.56,4.11,11.87,7,1.0
9263400187160690688,San Francisco Bay Area,California,Santa Clara,2201.9,764.8,228177.0,43.57,0.25,44.94,0.0,0.0,0.23,5.61,5.4,7,1.0
9263400221520429056,San Francisco Bay Area,California,Santa Clara,3018.8,942.8,220335.0,48.17,0.76,38.92,0.0,0.77,0.44,3.22,7.72,8,1.0
9263400255880167424,San Francisco Bay Area,California,Santa Clara,2151.9,850.4,188730.0,54.33,2.82,21.01,0.0,1.35,1.03,3.77,15.7,7,1.0
9263400462038597632,San Francisco Bay Area,California,Santa Clara,1801.7,663.1,187314.0,47.98,0.98,20.21,0.0,0.01,1.36,3.57,25.88,5,1.0
9263400496398336000,San Francisco Bay Area,California,Santa Clara,2313.2,999.2,161600.0,43.74,4.57,29.59,0.05,0.21,0.63,5.29,15.92,8,1.0
9263400530758074368,San Francisco Bay Area,California,Santa Clara,2400.1,834.5,207561.0,40.43,0.89,41.32,0.0,0.0,0.0,6.34,11.03,6,1.0
9263400565117812736,San Francisco Bay Area,California,Santa Clara,1665.0,617.4,216007.0,57.14,0.31,29.94,0.0,0.0,0.05,2.71,9.85,5,1.0
9263423517423042560,San Francisco Bay Area,California,Santa Clara,704.6,288.3,210304.0,49.79,0.0,45.68,0.0,0.0,0.0,3.21,1.33,3,1.0
9263423551782780928,San Francisco Bay Area,California,Santa Clara,1885.6,688.4,233772.0,31.63,0.14,59.55,0.0,0.0,0.12,3.87,4.69,7,1.0
9263423586142519296,San Francisco Bay Area,California,Santa Clara,2045.9,774.1,239831.0,33.43,0.2,55.26,0.0,0.0,0.0,2.97,8.14,5,1.0
9263423620502257664,San Francisco Bay Area,California,Santa Clara,1785.6,674.6,202985.0,36.73,0.26,55.45,0.0,0.0,0.75,4.25,2.56,9,1.0
9263423654861996032,San Francisco Bay Area,California,Santa Clara,1284.8,440.4,230122.0,30.69,0.01,64.48,0.0,0.0,0.16,4.45,0.2,6,1.0
9263424135898333184,San Francisco Bay Area,California,Santa Clara,851.4,269.1,249359.0,25.97,0.0,61.71,0.08,0.0,0.04,5.76,6.44,3,1.0
9263424204617809920,San Francisco Bay Area,California,Santa Clara,598.0,218.7,248328.0,27.6,0.0,65.88,0.88,0.0,0.48,5.15,0.01,3,1.0
9263752168320532480,San Francisco Bay Area,California,San Mateo,289.6,92.4,250001.0,46.65,0.23,37.38,0.0,0.02,0.0,9.37,6.35,3,1.0
9263752202680270848,San Francisco Bay Area,California,San Mateo,379.3,132.8,250001.0,38.65,0.76,46.34,0.0,0.01,0.0,9.44,4.8,2,1.0
9263752580637392896,San Francisco Bay Area,California,San Mateo,559.9,171.4,250001.0,53.1,0.01,25.55,0.17,0.43,6.91,10.28,3.55,4,1.0
9263752614997131264,San Francisco Bay Area,California,San Mateo,131.5,43.2,250001.0,39.14,0.64,41.16,0.01,0.06,0.21,8.99,9.78,4,1.0
9263752649356869632,San Francisco Bay Area,California,San Mateo,639.2,229.7,250001.0,56.66,0.27,30.22,0.0,0.0,0.0,9.43,3.42,4,1.0
9263752683716608000,San Francisco Bay Area,California,San Mateo,561.7,170.8,250001.0,40.92,0.0,43.84,0.01,0.01,0.21,10.51,4.51,4,1.0
9263752718076346368,San Francisco Bay Area,California,San Mateo,684.9,208.0,250001.0,47.26,0.0,36.78,0.05,0.13,2.12,8.32,5.33,3,1.0
9263752752436084736,San Francisco Bay Area,California,San Mateo,699.7,214.3,250001.0,53.08,0.0,25.85,0.17,0.43,6.93,10.36,3.19,2,1.0
9263752786795823104,San Francisco Bay Area,California,San Mateo,796.0,236.5,250001.0,52.59,0.64,25.63,0.15,0.38,6.19,10.08,4.33,2,1.0
9263752821155561472,San Francisco Bay Area,California,San Mateo,1594.7,513.3,198438.0,47.92,1.45,29.67,0.04,0.05,1.02,9.71,10.14,6,1.0
9263752855515299840,San Francisco Bay Area,California,San Mateo,2749.3,1084.3,151566.0,56.09,1.05,24.95,0.25,0.0,1.11,7.06,9.5,8,1.0
9263752889875038208,San Francisco Bay Area,California,San Mateo,508.0,229.0,140809.0,42.59,7.48,27.19,0.09,0.0,2.61,4.94,15.1,3,1.0
9263752924234776576,San Francisco Bay Area,California,San Mateo,2884.9,1128.5,195493.0,50.38,0.69,32.52,0.0,0.0,2.56,5.07,8.77,7,1.0
9263752958594514944,San Francisco Bay Area,California,San Mateo,3314.9,1172.8,197132.0,60.92,0.67,25.67,0.0,0.01,0.29,5.17,7.27,10,1.0
9263752992954253312,San Francisco Bay Area,California,San Mateo,1651.7,523.2,244861.0,62.55,0.51,25.78,0.01,0.02,0.3,4.43,6.4,4,1.0
9263753027313991680,San Francisco Bay Area,California,San Mateo,2868.7,1015.7,186416.0,49.0,1.02,37.67,0.0,0.0,0.43,4.82,7.05,8,1.0
9263753061673730048,San Francisco Bay Area,California,San Mateo,2026.6,724.7,181436.0,25.57,0.16,60.96,0.21,0.0,3.64,3.75,5.71,5,1.0
9263753096033468416,San Francisco Bay Area,California,San Mateo,1100.4,340.2,241313.0,60.35,0.0,32.32,0.0,0.0,0.41,3.53,3.39,4,1.0
9263753130393206784,San Francisco Bay Area,California,San Mateo,197.5,59.1,250001.0,58.23,0.11,27.32,0.05,0.15,1.9,5.0,7.25,3,1.0
9263753164752945152,San Francisco Bay Area,California,San Mateo,715.5,219.1,250001.0,56.16,0.0,24.59,0.16,0.4,6.42,9.06,3.2,3,1.0
9263753199112683520,San Francisco Bay Area,California,San Mateo,253.5,77.3,250001.0,54.08,0.07,22.59,0.18,0.47,7.18,9.79,5.66,2,1.0
9263753783228235776,San Francisco Bay Area,California,San Mateo,532.7,223.8,158065.0,31.95,0.03,40.11,1.25,0.01,13.3,4.37,8.98,4,1.0
9263753817587974144,San Francisco Bay Area,California,San Mateo,2123.7,747.5,191355.0,23.53,0.57,58.07,0.41,0.0,4.63,5.02,7.77,5,1.0
9263753851947712512,San Francisco Bay Area,California,San Mateo,3291.5,1068.5,190017.0,27.99,1.05,52.14,0.0,1.56,0.08,4.35,12.84,5,1.0
9263753886307450880,San Francisco Bay Area,California,San Mateo,1245.0,411.7,212023.0,27.86,0.03,56.41,0.0,0.56,0.13,7.93,7.07,5,1.0
9263754092465881088,San Francisco Bay Area,California,San Mateo,518.7,226.5,124257.0,48.02,0.23,30.13,0.03,3.19,1.34,4.92,12.15,6,1.0
9263754195545096192,San Francisco Bay Area,California,San Mateo,2195.0,882.5,129305.0,39.9,0.77,21.8,0.31,7.36,3.06,7.9,18.9,7,1.0
9263754229904834560,San Francisco Bay Area,California,San Mateo,2458.3,966.0,119389.0,43.79,0.65,25.45,0.0,0.45,1.42,7.04,21.2,9,1.0
9263754264264572928,San Francisco Bay Area,California,San Mateo,1857.1,685.9,173771.0,36.65,0.07,45.97,0.0,0.0,0.54,5.19,11.57,5,1.0
9263754298624311296,San Francisco Bay Area,California,San Mateo,4154.2,1445.9,156731.0,28.74,5.81,30.93,0.0,1.69,0.0,4.84,27.99,6,1.0
9263754332984049664,San Francisco Bay Area,California,San Mateo,5013.0,1579.4,131853.0,21.72,6.99,24.17,0.0,1.23,1.46,2.35,42.08,10,1.0
9263754367343788032,San Francisco Bay Area,California,San Mateo,257.2,70.7,176618.0,18.38,0.0,46.03,0.0,0.56,0.0,1.48,33.55,2,1.0
9263754470423003136,San Francisco Bay Area,California,San Mateo,1899.1,669.7,131891.0,19.11,1.2,36.79,0.0,5.08,0.04,4.62,33.16,7,1.0
9263754504782741504,San Francisco Bay Area,California,San Mateo,4300.3,1469.5,159428.0,31.0,1.65,42.39,0.0,2.54,0.09,3.97,18.34,8,1.0
9263754539142479872,San Francisco Bay Area,California,San Mateo,2740.1,1054.9,144460.0,36.84,0.74,52.63,0.05,0.01,0.62,3.8,5.31,8,1.0
9263754573502218240,San Francisco Bay Area,California,San Mateo,2791.2,1045.0,120887.0,32.86,1.52,44.53,0.0,0.97,0.64,7.51,11.96,8,1.0
9263754607861956608,San Francisco Bay Area,California,San Mateo,541.7,178.3,149337.0,23.58,0.0,43.36,0.0,9.34,0.09,3.51,20.12,3,1.0
9263754642221694976,San Francisco Bay Area,California,San Mateo,105.1,34.1,148968.0,24.47,2.33,39.24,0.0,9.95,0.32,3.96,19.74,3,1.0
9263754676581433344,San Francisco Bay Area,California,San Mateo,437.4,175.6,133618.0,36.74,9.5,27.1,0.0,1.9,1.39,5.26,18.12,3,1.0
9263754710941171712,San Francisco Bay Area,California,San Mateo,350.0,147.1,128984.0,39.33,11.48,24.17,0.0,0.0,1.56,5.53,17.93,2,1.0
9263755088898293760,San Francisco Bay Area,California,San Mateo,21.2,6.7,153163.0,14.54,2.84,37.34,0.0,5.85,0.0,0.51,38.92,2,1.0
9263755123258032128,San Francisco Bay Area,California,San Mateo,205.4,65.4,153163.0,14.54,2.84,37.34,0.0,5.85,0.0,0.51,38.92,2,1.0
9263755191977508864,San Francisco Bay Area,California,San Mateo,208.0,66.2,153163.0,14.54,2.84,37.34,0.0,5.85,0.0,0.51,38.92,1,1.0
9263755226337247232,San Francisco Bay Area,California,San Mateo,208.0,66.2,153163.0,14.54,2.84,37.34,0.0,5.85,0.0,0.51,38.92,1,1.0
9263755260696985600,San Francisco Bay Area,California,San Mateo,214.5,68.8,150340.0,14.64,3.2,37.26,0.0,5.66,0.0,0.5,38.74,2,1.0
9263755295056723968,San Francisco Bay Area,California,San Mateo,207.9,66.2,153163.0,14.54,2.84,37.34,0.0,5.85,0.0,0.51,38.92,1,1.0
9263755363776200704,San Francisco Bay Area,California,San Mateo,136.2,43.4,153163.0,14.54,2.84,37.34,0.0,5.85,0.0,0.51,38.92,2,1.0
9263755844812537856,San Francisco Bay Area,California,San Mateo,429.4,196.6,126217.0,37.58,0.0,35.35,0.0,0.0,0.48,8.69,17.9,3,1.0
9263755879172276224,San Francisco Bay Area,California,San Mateo,1478.5,634.0,158937.0,42.29,0.0,26.76,0.0,0.08,0.05,6.03,24.77,5,1.0
9263755913532014592,San Francisco Bay Area,California,San Mateo,84.6,31.4,218466.0,29.66,0.0,54.51,0.0,0.0,1.57,10.67,3.59,2,1.0
9263755947891752960,San Francisco Bay Area,California,San Mateo,166.9,58.0,192070.0,22.98,1.26,46.93,0.0,2.58,0.88,6.19,19.18,2,1.0
9263755982251491328,San Francisco Bay Area,California,San Mateo,207.8,80.8,120474.0,21.24,4.38,50.46,0.0,1.63,0.04,0.42,21.83,4,1.0
9263756016611229696,San Francisco Bay Area,California,San Mateo,3086.5,978.3,108458.0,13.84,3.33,25.48,0.0,0.04,0.4,1.89,55.01,8,1.0
9263756050970968064,San Francisco Bay Area,California,San Mateo,3845.1,1331.0,142999.0,31.79,0.64,29.15,0.04,0.07,0.0,4.16,34.16,8,1.0
9263756085330706432,San Francisco Bay Area,California,San Mateo,1290.5,410.9,155783.0,17.48,0.0,41.8,0.0,0.21,0.19,2.82,37.51,4,1.0
9263756119690444800,San Francisco Bay Area,California,San Mateo,817.8,324.3,157042.0,45.28,0.01,26.47,0.0,0.79,0.03,6.67,20.74,4,1.0
9263756154050183168,San Francisco Bay Area,California,San Mateo,948.9,378.4,151709.0,47.33,0.01,22.08,0.0,0.81,0.11,8.01,21.66,5,1.0
9263756188409921536,San Francisco Bay Area,California,San Mateo,144.2,53.5,218466.0,29.66,0.0,54.51,0.0,0.0,1.57,10.67,3.59,1,1.0
9263756222769659904,San Francisco Bay Area,California,San Mateo,142.3,54.7,218466.0,29.09,0.02,57.35,0.0,0.0,1.23,8.35,3.95,2,1.0
9263756428928090112,San Francisco Bay Area,California,San Mateo,2682.1,944.4,142532.0,29.35,1.37,37.28,0.02,0.0,0.0,1.4,30.58,9,1.0
9263756463287828480,San Francisco Bay Area,California,San Mateo,2784.9,866.3,126260.0,23.24,1.17,42.68,0.0,0.09,0.1,2.86,29.84,8,1.0
9263756497647566848,San Francisco Bay Area,California,San Mateo,4571.4,1668.5,114939.0,16.02,3.15,50.48,0.1,0.23,0.0,4.12,25.9,11,1.0
9263756532007305216,San Francisco Bay Area,California,San Mateo,3253.4,1203.0,150751.0,23.09,1.24,45.53,0.24,1.94,0.0,5.27,22.69,8,1.0
9263756566367043584,San Francisco Bay Area,California,San Mateo,1819.3,641.4,107587.0,26.22,0.29,53.55,0.04,1.78,0.01,2.03,16.08,6,1.0
9263756600726781952,San Francisco Bay Area,California,San Mateo,2839.7,1005.6,141812.0,26.28,1.29,46.73,0.05,0.8,1.29,3.57,19.99,8,1.0
9263756635086520320,San Francisco Bay Area,California,San Mateo,3847.5,1380.6,133665.0,31.45,1.78,26.2,0.17,0.04,2.88,4.58,32.9,6,1.0
9263756669446258688,San Francisco Bay Area,California,San Mateo,2736.0,1064.3,101800.0,19.66,0.62,31.76,0.0,3.01,0.02,11.44,33.49,7,1.0
9263756703805997056,San Francisco Bay Area,California,San Mateo,4997.0,1682.5,98639.0,14.09,1.39,18.71,0.89,0.22,0.0,2.5,62.2,10,1.0
9263756738165735424,San Francisco Bay Area,California,San Mateo,4201.9,1490.9,93497.0,8.75,1.43,21.65,0.0,0.14,0.76,0.34,66.92,7,1.0
9263756772525473792,San Francisco Bay Area,California,San Mateo,234.8,75.8,145750.0,15.13,2.54,36.25,0.0,5.28,0.0,0.48,40.33,3,1.0
9263756806885212160,San Francisco Bay Area,California,San Mateo,446.9,177.1,114862.0,12.31,2.13,31.78,0.01,2.28,0.16,10.16,41.17,5,1.0
9263756841244950528,San Francisco Bay Area,California,San Mateo,2374.5,896.9,103381.0,22.01,0.97,23.33,0.0,1.51,0.22,4.07,47.88,6,1.0
9263756875604688896,San Francisco Bay Area,California,San Mateo,1012.9,227.5,170107.0,4.49,1.34,19.45,0.0,16.03,0.0,2.02,56.66,5,1.0
9263756909964427264,San Francisco Bay Area,California,San Mateo,3041.4,891.7,159258.0,10.98,0.01,31.81,0.0,7.12,1.17,2.1,46.82,8,1.0
9263756944324165632,San Francisco Bay Area,California,San Mateo,3821.0,1346.9,175374.0,35.12,0.11,22.35,0.0,1.71,0.05,5.3,35.36,9,1.0
9263756978683904000,San Francisco Bay Area,California,San Mateo,4293.8,1934.5,117050.0,33.49,1.5,38.3,1.12,1.86,0.87,4.23,18.64,6,1.0
9263757013043642368,San Francisco Bay Area,California,San Mateo,2176.6,1181.9,106245.0,26.11,1.74,43.83,0.0,0.0,0.36,11.91,16.06,5,1.0
9263757047403380736,San Francisco Bay Area,California,San Mateo,2043.3,767.6,123723.0,35.29,2.01,31.95,0.0,0.0,1.63,6.16,22.95,5,1.0
9263757081763119104,San Francisco Bay Area,California,San Mateo,1210.1,382.8,151489.0,39.63,1.66,24.23,0.0,9.47,2.22,6.55,16.23,3,1.0
9263757219202072576,San Francisco Bay Area,California,San Mateo,1825.7,569.9,210742.0,28.49,2.82,40.99,0.0,0.25,1.14,4.21,22.11,6,1.0
9263757253561810944,San Francisco Bay Area,California,San Mateo,3427.1,1038.3,156734.0,28.75,1.63,44.89,0.02,2.82,0.37,4.75,16.75,8,1.0
9263757287921549312,San Francisco Bay Area,California,San Mateo,4451.5,1445.4,166911.0,17.84,1.83,66.32,0.03,0.85,0.0,2.34,10.8,7,1.0
9263757322281287680,San Francisco Bay Area,California,San Mateo,4117.1,1364.7,165803.0,22.37,1.99,50.73,0.07,0.85,0.37,5.99,17.63,7,1.0
9263757356641026048,San Francisco Bay Area,California,San Mateo,1860.5,541.3,213997.0,26.2,2.46,48.16,0.07,0.74,0.37,4.66,17.34,5,1.0
9263758765390299136,San Francisco Bay Area,California,San Mateo,5326.1,1513.8,143835.0,9.69,4.28,69.49,0.0,0.61,0.8,1.99,13.14,10,1.0
9263758799750037504,San Francisco Bay Area,California,San Mateo,5106.5,1633.3,110205.0,10.35,2.33,62.27,0.18,0.35,0.66,4.77,19.11,8,1.0
9263758834109775872,San Francisco Bay Area,California,San Mateo,4028.2,1543.5,140502.0,12.71,4.73,56.82,0.15,3.03,0.52,3.85,18.2,7,1.0
9263758868469514240,San Francisco Bay Area,California,San Mateo,4386.5,1319.1,170447.0,19.84,0.85,36.55,0.0,3.6,1.39,3.16,34.62,6,1.0
9263758971548729344,San Francisco Bay Area,California,San Mateo,2432.5,798.0,155716.0,27.35,1.41,46.84,0.04,0.02,0.42,10.61,13.3,7,1.0
9263759005908467712,San Francisco Bay Area,California,San Mateo,5266.4,1792.3,149009.0,15.26,2.79,54.58,0.08,0.41,0.17,5.99,20.72,11,1.0
9263759040268206080,San Francisco Bay Area,California,San Mateo,5216.7,1538.7,174382.0,7.6,1.42,71.93,0.0,2.3,0.0,5.75,11.0,8,1.0
9263759074627944448,San Francisco Bay Area,California,San Mateo,6488.1,1894.5,150961.0,10.94,1.98,62.04,0.0,0.17,0.17,3.84,20.85,11,1.0
9263759108987682816,San Francisco Bay Area,California,San Mateo,4257.6,1700.1,155607.0,21.93,0.92,50.58,0.04,0.39,0.09,7.32,18.73,10,1.0
9263759143347421184,San Francisco Bay Area,California,San Mateo,3682.2,1260.0,165967.0,24.05,0.26,47.83,0.0,0.06,0.13,2.51,25.16,8,1.0
9263759177707159552,San Francisco Bay Area,California,San Mateo,1318.7,397.0,139791.0,28.25,1.33,20.24,0.0,0.98,0.01,7.8,41.4,5,1.0
9263759212066897920,San Francisco Bay Area,California,San Mateo,1770.0,674.3,144994.0,15.28,2.18,53.52,0.0,1.25,0.0,4.93,22.82,7,1.0
9263759246426636288,San Francisco Bay Area,California,San Mateo,475.2,177.8,130537.0,18.69,1.66,32.49,0.0,0.0,0.0,4.03,43.13,2,1.0
9263759315146113024,San Francisco Bay Area,California,San Mateo,1936.0,492.4,127905.0,4.7,0.35,65.34,0.0,0.0,0.38,0.78,28.45,7,1.0
9263759349505851392,San Francisco Bay Area,California,San Mateo,7075.3,2237.6,84445.0,5.81,1.08,64.3,0.0,0.01,0.03,2.06,26.71,9,1.0
9263759383865589760,San Francisco Bay Area,California,San Mateo,6628.4,2073.6,107045.0,6.26,0.81,57.84,0.0,0.05,0.05,2.45,32.52,12,1.0
9263759418225328128,San Francisco Bay Area,California,San Mateo,4658.0,1505.2,150194.0,10.7,1.79,44.9,0.0,0.23,2.67,3.58,36.13,10,1.0
9263759452585066496,San Francisco Bay Area,California,San Mateo,9905.6,2715.4,136218.0,7.87,1.3,59.27,0.0,0.15,2.75,0.79,27.87,15,1.0
9263759486944804864,San Francisco Bay Area,California,San Francisco,10364.1,2934.7,151258.0,13.18,7.2,58.12,0.15,0.1,0.0,1.93,19.32,15,1.0
9263759521304543232,San Francisco Bay Area,California,San Francisco,8330.7,2692.9,157455.0,14.89,8.21,57.6,0.02,0.15,0.4,3.39,15.34,14,1.0
9263759555664281600,San Francisco Bay Area,California,San Mateo,8192.9,2614.7,115306.0,12.21,1.94,61.23,0.17,0.49,0.86,2.82,20.28,16,1.0
9263759590024019968,San Francisco Bay Area,California,San Mateo,6419.9,2058.1,121956.0,25.19,1.22,44.45,1.05,0.0,0.0,1.93,26.15,10,1.0
9263759624383758336,San Francisco Bay Area,California,San Francisco,3175.4,1277.6,105886.0,25.16,5.75,49.93,0.26,0.32,1.47,3.99,13.11,8,1.0
9263759658743496704,San Francisco Bay Area,California,San Francisco,1173.2,495.4,120929.0,32.59,1.81,37.9,1.05,0.0,0.32,11.7,14.62,5,1.0
9263759693103235072,San Francisco Bay Area,California,San Mateo,6625.0,2210.4,126344.0,19.61,3.02,42.62,1.35,0.0,0.03,2.96,30.41,10,1.0
9263759727462973440,San Francisco Bay Area,California,San Mateo,5488.9,1598.3,179890.0,18.89,1.42,54.78,0.01,3.98,0.09,4.61,16.23,11,1.0
9263759761822711808,San Francisco Bay Area,California,San Mateo,3588.1,1124.6,141734.0,15.96,3.19,50.51,0.05,0.0,0.03,4.99,25.27,7,1.0
9263759796182450176,San Francisco Bay Area,California,San Mateo,4971.1,1527.0,109722.0,12.81,2.0,61.51,0.0,0.0,3.18,5.26,15.23,11,1.0
9263759830542188544,San Francisco Bay Area,California,San Mateo,6400.0,1741.1,164338.0,5.4,5.2,74.34,0.0,1.83,0.15,3.36,9.74,12,1.0
9263759899261665280,San Francisco Bay Area,California,San Mateo,1534.6,470.6,161254.0,14.31,7.68,58.42,0.0,0.77,5.08,4.25,9.48,6,1.0
9263760345938264064,San Francisco Bay Area,California,San Mateo,1677.3,533.4,189810.0,22.34,0.88,57.88,0.0,0.14,5.04,6.84,6.88,6,1.0
9263760380298002432,San Francisco Bay Area,California,San Mateo,1447.9,570.5,118527.0,25.23,1.35,39.14,0.0,0.02,1.22,13.43,19.6,4,1.0
9263760449017479168,San Francisco Bay Area,California,San Francisco,290.7,126.8,172075.0,28.7,0.37,60.13,0.0,0.29,0.2,7.29,3.03,3,1.0
9263760826974601216,San Francisco Bay Area,California,San Francisco,3379.1,1191.4,163262.0,35.11,1.31,36.12,0.19,0.0,0.0,14.83,12.45,7,1.0
9263760861334339584,San Francisco Bay Area,California,San Francisco,410.5,144.1,158760.0,26.78,0.06,30.55,0.61,0.0,0.0,36.03,5.98,4,1.0
9263760895694077952,San Francisco Bay Area,California,San Francisco,4383.3,1613.4,167738.0,21.14,0.18,56.66,0.12,0.68,3.81,8.68,8.73,9,1.0
9263760930053816320,San Francisco Bay Area,California,San Francisco,7499.4,2726.9,175801.0,27.5,0.95,55.16,0.04,0.82,1.18,6.94,7.41,14,1.0
9263760964413554688,San Francisco Bay Area,California,San Francisco,7628.1,2385.3,151929.0,20.28,2.11,62.06,0.0,2.15,0.0,8.21,5.2,12,1.0
9263760998773293056,San Francisco Bay Area,California,San Francisco,7241.0,2567.9,155123.0,23.66,2.0,60.59,0.1,0.41,1.07,4.03,8.14,12,1.0
9263761033133031424,San Francisco Bay Area,California,San Francisco,5621.1,2161.1,146176.0,34.01,1.2,46.77,0.15,0.0,0.16,7.84,9.87,15,1.0
9263761067492769792,San Francisco Bay Area,California,San Francisco,5314.7,1926.4,177539.0,27.19,0.69,54.94,0.26,0.0,0.9,6.81,9.21,9,1.0
9263761101852508160,San Francisco Bay Area,California,San Francisco,2195.3,636.1,187072.0,26.91,5.6,45.05,0.0,0.26,0.15,6.75,15.29,5,1.0
9263761136212246528,San Francisco Bay Area,California,San Francisco,2996.8,1385.8,58690.0,21.44,11.18,43.33,0.14,0.05,0.51,4.48,18.87,7,1.0
9263761170571984896,San Francisco Bay Area,California,San Francisco,5782.7,2142.6,89028.0,22.35,6.05,38.84,0.07,0.2,0.81,5.42,26.25,12,1.0
9263761204931723264,San Francisco Bay Area,California,San Francisco,3055.4,933.4,204452.0,37.02,3.65,33.96,0.49,0.2,0.0,8.27,16.41,10,1.0
9263761239291461632,San Francisco Bay Area,California,San Francisco,4037.0,1379.9,237037.0,51.38,1.48,22.24,0.47,0.01,2.81,11.34,10.27,11,1.0
9263761273651200000,San Francisco Bay Area,California,San Francisco,6884.8,2372.8,192367.0,30.34,4.88,41.1,0.28,0.0,1.19,9.34,12.86,14,1.0
9263761308010938368,San Francisco Bay Area,California,San Francisco,5092.0,1973.7,176037.0,39.06,4.35,34.31,0.0,0.0,1.66,4.31,16.31,9,1.0
9263761342370676736,San Francisco Bay Area,California,San Francisco,4519.0,1928.9,182265.0,46.08,0.69,36.49,0.03,0.2,2.88,5.17,8.46,6,1.0
9263761376730415104,San Francisco Bay Area,California,San Francisco,4381.7,1577.5,195682.0,47.33,5.36,25.82,0.12,0.0,0.2,6.79,14.38,11,1.0
9263761411090153472,San Francisco Bay Area,California,San Francisco,4511.2,1651.5,218298.0,49.65,1.74,26.32,0.01,0.33,0.15,5.97,15.83,12,1.0
9263761445449891840,San Francisco Bay Area,California,San Francisco,6377.2,2679.9,203005.0,44.94,2.2,33.23,0.0,0.0,0.28,5.21,14.14,11,1.0
9263761479809630208,San Francisco Bay Area,California,San Francisco,3958.7,1650.6,203293.0,54.46,3.85,21.11,0.01,0.0,0.6,8.43,11.54,13,1.0
9263761514169368576,San Francisco Bay Area,California,San Francisco,9941.4,5017.1,211167.0,66.23,2.02,14.52,0.52,0.11,0.53,7.38,8.69,18,1.0
9263761548529106944,San Francisco Bay Area,California,San Francisco,7993.6,4112.5,189261.0,56.88,2.94,15.58,0.09,0.06,0.22,11.72,12.5,15,1.0
9263761582888845312,San Francisco Bay Area,California,San Francisco,10530.1,5300.0,208465.0,65.74,1.14,13.38,0.02,0.0,0.46,8.93,10.32,22,1.0
9263761617248583680,San Francisco Bay Area,California,San Francisco,12552.5,6949.5,185371.0,55.35,3.32,19.63,0.0,0.08,1.22,7.49,12.92,22,1.0
9263761651608322048,San Francisco Bay Area,California,San Francisco,12991.3,5970.6,129932.0,32.94,6.38,21.19,0.42,0.02,0.73,4.67,33.65,19,1.0
9263761685968060416,San Francisco Bay Area,California,San Francisco,4248.4,2041.3,199849.0,28.12,8.16,42.72,0.02,0.3,0.77,3.0,16.9,9,1.0
9263761720327798784,San Francisco Bay Area,California,San Francisco,7586.6,3300.4,208170.0,42.12,8.7,19.34,0.08,0.03,0.86,6.0,22.87,13,1.0
9263761754687537152,San Francisco Bay Area,California,San Francisco,14237.4,5998.8,151453.0,38.44,4.26,15.2,0.2,0.19,1.08,7.12,33.51,21,1.0
9263761789047275520,San Francisco Bay Area,California,San Francisco,12905.9,5234.9,141468.0,33.84,1.34,12.44,0.1,0.0,0.46,6.27,45.55,21,1.0
9263761823407013888,San Francisco Bay Area,California,San Francisco,9922.7,3798.4,181871.0,42.38,3.85,14.77,0.89,0.01,0.77,8.0,29.32,20,1.0
9263761857766752256,San Francisco Bay Area,California,San Francisco,4597.2,1779.8,197965.0,55.09,1.79,19.32,0.29,0.0,0.18,6.8,16.54,10,1.0
9263761892126490624,San Francisco Bay Area,California,San Francisco,10195.1,4030.3,200923.0,49.06,2.87,12.01,0.22,0.0,0.24,12.82,22.79,16,1.0
9263761926486228992,San Francisco Bay Area,California,San Francisco,8265.8,3123.1,209636.0,45.27,2.39,23.03,0.04,0.48,0.67,8.26,19.86,15,1.0
9263761960845967360,San Francisco Bay Area,California,San Francisco,9723.0,4442.7,198251.0,57.58,2.17,19.55,0.02,0.0,0.56,7.1,13.03,16,1.0
9263761995205705728,San Francisco Bay Area,California,San Francisco,3854.6,1838.3,175753.0,48.2,4.27,28.86,0.5,0.24,0.43,7.38,10.12,10,1.0
9263762029565444096,San Francisco Bay Area,California,San Francisco,7142.1,2515.4,181777.0,41.53,2.75,25.76,0.06,0.17,0.26,8.34,21.12,14,1.0
9263762063925182464,San Francisco Bay Area,California,San Francisco,9536.6,2670.8,123215.0,10.16,0.63,47.67,0.12,0.33,2.18,3.67,35.25,12,1.0
9263762098284920832,San Francisco Bay Area,California,San Francisco,12391.3,3620.0,139982.0,17.92,1.67,41.23,0.26,0.14,1.4,2.81,34.57,19,1.0
9263762132644659200,San Francisco Bay Area,California,San Francisco,7331.8,2374.5,112496.0,12.9,2.4,48.95,0.21,0.12,0.25,2.84,32.33,11,1.0
9263762167004397568,San Francisco Bay Area,California,San Francisco,12548.6,3597.9,115893.0,11.03,0.57,59.1,0.16,0.63,0.46,1.55,26.51,16,1.0
9263762201364135936,San Francisco Bay Area,California,San Mateo,3922.2,1328.5,159193.0,14.63,10.03,53.3,0.15,0.0,0.83,2.61,18.44,7,1.0
9263762270083612672,San Francisco Bay Area,California,San Mateo,874.1,314.0,161022.0,20.67,6.01,64.56,0.0,0.0,0.42,1.54,6.79,3,1.0
9263762304443351040,San Francisco Bay Area,California,San Francisco,3164.8,1140.9,123357.0,16.43,4.33,54.11,0.96,0.43,0.33,1.88,21.53,9,1.0
9263762338803089408,San Francisco Bay Area,California,San Mateo,7087.5,2052.4,89036.0,5.15,7.57,54.48,0.18,4.52,0.13,3.32,24.65,11,1.0
9263762373162827776,San Francisco Bay Area,California,San Mateo,2804.0,735.6,152742.0,5.63,1.81,65.9,0.0,4.34,1.1,4.95,16.26,4,1.0
9263762407522566144,San Francisco Bay Area,California,San Mateo,1660.2,473.8,151164.0,5.11,0.78,69.63,0.0,0.0,2.08,7.11,15.29,4,1.0
9263762441882304512,San Francisco Bay Area,California,San Mateo,9847.0,2924.9,119190.0,12.79,4.51,59.63,0.09,1.35,0.04,3.52,18.07,14,1.0
9263762476242042880,San Francisco Bay Area,California,San Francisco,6435.0,2069.1,130925.0,11.22,2.31,64.54,0.02,0.0,0.34,3.72,17.85,11,1.0
9263762510601781248,San Francisco Bay Area,California,San Francisco,824.8,331.7,158913.0,19.73,2.52,59.48,0.0,0.09,0.02,6.32,11.85,3,1.0
9263762544961519616,San Francisco Bay Area,California,San Francisco,7781.3,2494.1,133858.0,17.85,4.64,48.92,0.04,0.5,0.18,4.22,23.65,14,1.0
9263762579321257984,San Francisco Bay Area,California,San Francisco,8706.1,2455.2,139305.0,11.82,2.72,60.93,0.01,0.0,0.57,2.89,21.06,13,1.0
9263762613680996352,San Francisco Bay Area,California,San Francisco,8197.4,2385.1,123907.0,9.39,11.66,50.37,0.17,0.06,0.0,2.29,26.06,11,1.0
9263762648040734720,San Francisco Bay Area,California,San Francisco,2189.4,756.3,76134.0,3.22,44.88,19.38,0.0,0.0,0.0,5.86,26.66,7,1.0
9263762682400473088,San Francisco Bay Area,California,San Francisco,4796.8,1616.2,92371.0,4.83,31.42,19.9,0.01,1.15,0.07,9.91,32.71,11,1.0
9263762716760211456,San Francisco Bay Area,California,San Francisco,6415.1,2086.0,100540.0,10.34,12.45,51.54,0.03,0.42,0.33,6.1,18.79,11,1.0
9263762751119949824,San Francisco Bay Area,California,San Francisco,4327.5,1347.3,95567.0,8.25,16.62,46.07,0.05,0.21,0.23,5.8,22.76,8,1.0
9263762785479688192,San Francisco Bay Area,California,San Francisco,1093.0,370.1,130140.0,11.78,2.16,67.51,0.0,0.0,1.2,1.04,16.32,4,1.0
9263762819839426560,San Francisco Bay Area,California,San Francisco,904.8,366.4,149552.0,16.09,27.97,43.39,0.0,0.0,0.01,4.37,8.18,5,1.0
9263762854199164928,San Francisco Bay Area,California,San Francisco,2385.3,800.8,65065.0,6.36,22.23,30.42,0.01,0.01,0.56,9.14,31.27,6,1.0
9263762888558903296,San Francisco Bay Area,California,San Francisco,381.7,162.8,140869.0,16.08,24.09,32.03,0.0,1.61,1.44,6.58,18.18,3,1.0
9263763060357595136,San Francisco Bay Area,California,San Francisco,2668.1,866.8,33959.0,1.95,41.42,9.6,0.0,12.27,0.03,4.17,30.56,4,1.0
9263763094717333504,San Francisco Bay Area,California,San Francisco,984.0,381.9,29321.0,0.8,58.16,23.44,0.0,1.28,0.0,8.0,8.32,4,1.0
9263763300875763712,San Francisco Bay Area,California,San Francisco,519.4,272.3,232430.0,39.22,4.01,38.55,0.0,0.23,1.0,7.74,9.26,3,1.0
9263763335235502080,San Francisco Bay Area,California,San Francisco,122.8,65.7,176536.0,18.0,13.46,54.99,0.0,0.0,0.0,7.86,5.69,2,1.0
9263763369595240448,San Francisco Bay Area,California,San Francisco,6150.1,2855.7,198842.0,51.36,5.97,20.92,0.0,0.01,1.49,6.46,13.78,11,1.0
9263763403954978816,San Francisco Bay Area,California,San Francisco,2461.0,1244.3,232096.0,43.9,1.67,34.09,0.0,0.47,0.91,8.18,10.79,4,1.0
9263763438314717184,San Francisco Bay Area,California,San Francisco,1820.9,827.5,228256.0,22.18,13.99,44.8,0.0,0.25,0.0,8.89,9.88,4,1.0
9263763472674455552,San Francisco Bay Area,California,San Francisco,6944.0,3106.8,201701.0,29.86,9.65,38.54,0.03,0.03,0.44,8.92,12.54,9,1.0
9263763507034193920,San Francisco Bay Area,California,San Francisco,11081.9,4968.3,193389.0,33.48,7.28,40.57,0.38,1.23,0.45,5.29,11.32,13,1.0
9263763541393932288,San Francisco Bay Area,California,San Francisco,1783.8,905.5,242897.0,17.52,13.6,54.28,0.0,0.0,0.01,6.63,7.97,6,1.0
9263790719946981376,San Francisco Bay Area,California,San Mateo,2269.9,926.2,221923.0,39.85,0.25,51.68,0.0,0.45,0.14,4.66,2.97,7,1.0
9263790788666458112,San Francisco Bay Area,California,San Mateo,608.7,229.4,208608.0,41.08,1.02,44.61,0.0,0.04,0.03,8.32,4.89,4,1.0
9263790823026196480,San Francisco Bay Area,California,San Mateo,578.5,225.7,152439.0,38.15,2.66,34.85,0.0,0.03,0.0,7.64,16.67,4,1.0
9263790857385934848,San Francisco Bay Area,California,San Mateo,1228.3,498.9,193742.0,35.19,0.41,53.83,0.0,2.3,0.0,6.01,2.25,5,1.0
9263790891745673216,San Francisco Bay Area,California,San Mateo,2492.4,962.6,224840.0,43.85,0.02,45.2,0.0,0.8,0.05,6.96,3.13,7,1.0
9263790926105411584,San Francisco Bay Area,California,San Mateo,1170.4,475.4,206932.0,39.12,0.8,43.18,0.0,0.45,2.72,4.14,9.59,5,1.0
9263790994824888320,San Francisco Bay Area,California,San Mateo,4180.9,1615.4,203680.0,36.05,1.16,49.66,0.65,0.0,1.48,5.12,5.88,9,1.0
9263791097904103424,San Francisco Bay Area,California,San Mateo,1934.1,687.0,233043.0,36.02,2.09,44.37,0.0,0.07,2.32,5.2,9.94,4,1.0
9263791338422272000,San Francisco Bay Area,California,San Mateo,2111.1,845.3,198280.0,23.34,1.35,61.79,0.13,0.03,2.4,4.29,6.67,7,1.0
9263791372782010368,San Francisco Bay Area,California,San Mateo,5106.9,2144.9,178017.0,28.62,3.34,51.56,0.04,0.01,2.38,5.4,8.65,10,1.0
9263791407141748736,San Francisco Bay Area,California,San Mateo,2711.4,1027.8,203592.0,29.76,1.64,43.59,0.26,0.61,0.97,10.02,13.16,5,1.0
9263791441501487104,San Francisco Bay Area,California,San Mateo,329.4,125.7,210291.0,20.66,1.3,57.32,0.56,0.76,0.12,9.55,9.72,4,1.0
9263796183145381888,San Francisco Bay Area,California,San Mateo,1349.3,633.1,161143.0,62.33,0.44,24.44,0.33,0.0,2.34,4.31,5.81,4,1.0
9263796217505120256,San Francisco Bay Area,California,San Mateo,914.6,481.0,151704.0,46.06,0.0,34.34,0.32,0.0,3.36,1.77,14.16,5,1.0
9263796423663550464,San Francisco Bay Area,California,San Mateo,2539.3,953.3,127918.0,23.13,2.67,29.37,0.0,0.0,0.33,13.03,31.48,7,1.0
9263796492383027200,San Francisco Bay Area,California,San Mateo,2933.0,860.3,131385.0,20.46,0.81,17.26,0.0,2.2,1.53,3.06,54.67,7,1.0
9263796526742765568,San Francisco Bay Area,California,San Mateo,6946.9,2544.0,99152.0,20.78,1.86,23.97,1.24,0.29,1.95,4.09,45.83,10,1.0
9263796561102503936,San Francisco Bay Area,California,San Mateo,4899.1,1946.7,156804.0,38.2,0.67,21.93,0.72,0.0,0.3,8.16,30.02,9,1.0
9263796595462242304,San Francisco Bay Area,California,San Mateo,4458.5,1718.9,164318.0,49.34,0.14,19.9,0.06,0.45,0.61,3.07,26.43,13,1.0
9263796629821980672,San Francisco Bay Area,California,San Mateo,4404.0,2156.7,129824.0,58.32,0.7,22.69,0.2,1.22,2.35,2.45,12.08,11,1.0
9263796664181719040,San Francisco Bay Area,California,San Mateo,2100.2,779.5,224954.0,56.28,0.15,22.67,0.13,0.0,0.43,4.75,15.59,6,1.0
9263796698541457408,San Francisco Bay Area,California,San Mateo,965.0,357.7,243618.0,68.27,0.0,15.9,0.0,0.0,0.0,7.9,7.93,6,1.0
9263796732901195776,San Francisco Bay Area,California,San Mateo,1326.7,540.6,233494.0,59.54,1.72,21.79,0.04,0.0,0.01,7.83,9.07,6,1.0
9263796767260934144,San Francisco Bay Area,California,San Mateo,1148.8,403.2,231012.0,52.03,0.08,27.2,0.23,0.06,0.0,10.19,10.21,6,1.0
9263796801620672512,San Francisco Bay Area,California,San Mateo,593.4,215.5,250001.0,54.36,0.46,35.59,0.0,0.0,0.0,7.29,2.3,3,1.0
9263796835980410880,San Francisco Bay Area,California,San Mateo,600.5,212.5,250001.0,40.9,0.62,46.14,0.0,0.0,1.29,7.14,3.9,3,1.0
9263796870340149248,San Francisco Bay Area,California,San Mateo,1029.1,342.7,250001.0,48.11,0.11,37.25,0.0,0.0,1.63,8.11,4.79,3,1.0
9263796904699887616,San Francisco Bay Area,California,San Mateo,1095.5,387.0,199143.0,38.7,0.14,41.62,0.0,0.0,1.73,8.35,9.46,4,1.0
9263796939059625984,San Francisco Bay Area,California,San Mateo,609.8,212.2,231798.0,40.19,0.57,47.37,0.15,0.04,0.07,7.46,4.15,4,1.0
9263796973419364352,San Francisco Bay Area,California,San Mateo,2267.0,906.8,183056.0,54.57,1.94,23.97,0.01,0.03,0.0,6.56,12.92,9,1.0
9263797007779102720,San Francisco Bay Area,California,San Mateo,1191.8,440.7,181736.0,42.19,0.89,36.91,0.0,0.0,0.44,8.68,10.89,5,1.0
9263797042138841088,San Francisco Bay Area,California,San Mateo,2457.6,1012.9,195331.0,48.08,0.68,27.57,0.31,1.51,0.23,5.23,16.39,6,1.0
9263797076498579456,San Francisco Bay Area,California,San Mateo,3455.9,1467.0,176285.0,47.6,0.17,33.9,0.29,1.43,0.2,4.44,11.97,9,1.0
9263797110858317824,San Francisco Bay Area,California,San Mateo,4304.6,1872.7,132833.0,49.11,1.03,21.33,0.0,0.68,0.13,7.74,19.98,10,1.0
9263797145218056192,San Francisco Bay Area,California,San Mateo,3534.1,1540.0,195747.0,42.79,0.4,37.5,0.01,0.0,0.09,5.67,13.53,12,1.0
9263797179577794560,San Francisco Bay Area,California,San Mateo,4933.3,2544.2,119128.0,27.59,3.49,27.36,0.0,0.1,4.95,9.82,26.69,11,1.0
9263797213937532928,San Francisco Bay Area,California,San Mateo,5980.7,1983.6,180829.0,20.78,0.82,21.98,0.0,4.01,0.37,5.62,46.43,11,1.0
9263797248297271296,San Francisco Bay Area,California,San Mateo,3183.7,1002.0,142600.0,26.74,1.77,26.62,0.0,5.91,1.24,6.11,31.62,6,1.0
9263797282657009664,San Francisco Bay Area,California,San Mateo,3898.8,1185.1,172013.0,37.16,0.13,20.6,0.0,10.85,1.42,6.08,23.76,10,1.0
9263797317016748032,San Francisco Bay Area,California,San Mateo,2702.2,950.3,181718.0,37.03,2.09,31.21,0.03,5.18,0.9,5.68,17.89,8,1.0
9263797351376486400,San Francisco Bay Area,California,San Mateo,537.7,162.1,131426.0,25.65,0.1,23.91,0.02,7.3,1.59,10.38,31.05,4,1.0
9263797454455701504,San Francisco Bay Area,California,San Mateo,376.6,150.3,249118.0,11.62,0.0,71.15,1.18,0.0,0.0,12.14,3.91,3,1.0
9263797488815439872,San Francisco Bay Area,California,San Mateo,903.9,421.5,201813.0,26.96,3.89,51.34,0.56,0.0,0.77,9.16,7.32,5,1.0
9263797523175178240,San Francisco Bay Area,California,San Mateo,1559.3,841.4,170529.0,41.21,4.48,37.73,0.12,0.0,0.86,6.46,9.15,4,1.0
9263797557534916608,San Francisco Bay Area,California,San Mateo,1454.6,573.8,215558.0,23.93,2.16,53.69,0.43,0.2,1.31,9.63,8.66,6,1.0
9263797591894654976,San Francisco Bay Area,California,San Mateo,3886.6,1656.1,173858.0,30.55,1.43,54.8,0.03,0.36,0.26,4.43,8.13,7,1.0
9263797626254393344,San Francisco Bay Area,California,San Mateo,3739.1,1669.8,186179.0,33.87,1.59,51.06,0.08,0.01,0.66,3.44,9.29,8,1.0
9263797660614131712,San Francisco Bay Area,California,San Mateo,3475.0,1478.0,219380.0,27.04,1.3,47.82,0.0,0.13,0.02,1.79,21.89,4,1.0
9263797694973870080,San Francisco Bay Area,California,San Mateo,2743.9,1005.0,171948.0,37.78,1.13,32.8,0.01,0.06,0.24,4.56,23.42,7,1.0
9263797729333608448,San Francisco Bay Area,California,San Mateo,3795.4,1618.8,121791.0,24.83,2.07,29.29,0.01,0.48,0.1,5.23,37.99,8,1.0
9263797763693346816,San Francisco Bay Area,California,San Mateo,4039.7,1558.4,184826.0,33.52,0.96,31.36,0.07,0.56,0.13,4.38,29.02,7,1.0
9263797798053085184,San Francisco Bay Area,California,San Mateo,4213.4,1332.5,189704.0,36.27,0.39,19.05,0.0,0.03,0.57,3.6,40.1,8,1.0
9263797832412823552,San Francisco Bay Area,California,San Mateo,2441.1,910.5,229801.0,51.95,0.91,27.15,0.0,0.13,0.13,6.87,12.85,7,1.0
9263797866772561920,San Francisco Bay Area,California,San Mateo,3541.5,1513.5,170246.0,41.51,0.67,30.53,0.0,0.9,0.76,4.19,21.45,7,1.0
9263797901132300288,San Francisco Bay Area,California,San Mateo,4255.4,1529.7,173522.0,28.8,0.8,28.76,0.0,0.2,0.06,4.12,37.27,10,1.0
9263797935492038656,San Francisco Bay Area,California,San Mateo,3796.4,1329.1,157931.0,31.39,4.06,25.03,0.12,0.25,2.11,3.69,33.35,7,1.0
9263797969851777024,San Francisco Bay Area,California,San Mateo,3345.1,1211.7,228559.0,29.09,0.16,56.82,0.22,0.16,0.18,4.94,8.44,8,1.0
9263798004211515392,San Francisco Bay Area,California,San Mateo,2674.9,1018.4,197537.0,31.1,2.88,47.64,0.05,0.03,3.53,5.17,9.59,11,1.0
9263798038571253760,San Francisco Bay Area,California,San Mateo,4707.6,1917.3,150369.0,33.58,1.29,38.33,0.02,0.52,1.29,7.3,17.67,14,1.0
9263798072930992128,San Francisco Bay Area,California,San Mateo,3248.6,1427.8,165029.0,44.51,3.11,32.96,0.64,0.01,0.0,8.77,10.0,7,1.0
9263798107290730496,San Francisco Bay Area,California,San Mateo,2300.9,929.0,155500.0,39.36,3.37,35.53,0.0,0.21,0.0,3.61,17.91,8,1.0
9263798141650468864,San Francisco Bay Area,California,San Mateo,1844.2,709.9,177934.0,51.25,1.66,29.21,0.0,0.0,1.62,8.23,8.02,8,1.0
9263798176010207232,San Francisco Bay Area,California,San Mateo,2296.0,727.1,238502.0,45.76,2.5,21.6,0.53,0.0,3.89,10.21,15.52,7,1.0
9263798210369945600,San Francisco Bay Area,California,San Mateo,2788.3,1094.0,167166.0,38.2,2.04,31.59,0.68,0.0,2.24,8.53,16.73,8,1.0
9263798244729683968,San Francisco Bay Area,California,San Mateo,3164.0,1112.4,246069.0,53.61,1.45,28.15,0.23,0.0,0.29,7.85,8.42,6,1.0
9263798279089422336,San Francisco Bay Area,California,San Mateo,2955.4,1024.6,222805.0,49.0,1.59,29.11,0.0,0.0,3.5,6.45,10.35,7,1.0
9263798313449160704,San Francisco Bay Area,California,San Mateo,1302.1,552.5,175417.0,43.34,1.51,25.09,0.0,0.0,2.08,7.26,20.73,3,1.0
9263798382168637440,San Francisco Bay Area,California,San Mateo,154.9,52.8,245412.0,54.36,0.02,40.85,0.0,0.0,0.0,4.12,0.65,2,1.0
9263798416528375808,San Francisco Bay Area,California,San Mateo,677.7,220.9,247738.0,47.66,0.08,35.17,0.0,0.0,0.0,5.64,11.44,5,1.0
9263798450888114176,San Francisco Bay Area,California,San Mateo,1889.9,732.2,195154.0,38.58,0.69,27.79,0.0,0.0,1.31,8.08,23.55,6,1.0
9263798519607590912,San Francisco Bay Area,California,San Mateo,2004.9,753.6,210504.0,43.88,1.32,31.6,0.0,0.0,3.87,8.95,10.39,7,1.0
9263798553967329280,San Francisco Bay Area,California,San Mateo,1820.6,743.8,220002.0,36.74,0.41,37.64,0.0,0.0,5.4,9.65,10.15,6,1.0
9263798588327067648,San Francisco Bay Area,California,San Mateo,1440.9,527.3,220803.0,42.92,0.43,33.02,0.0,0.0,5.69,5.77,12.17,4,1.0
9263798622686806016,San Francisco Bay Area,California,San Mateo,721.6,256.5,188288.0,47.64,1.81,32.27,0.0,0.0,0.3,7.98,10.0,5,1.0
9263798657046544384,San Francisco Bay Area,California,San Mateo,1042.0,367.4,225529.0,45.95,0.39,36.22,0.0,0.0,2.7,7.09,7.65,4,1.0
9263798691406282752,San Francisco Bay Area,California,San Mateo,581.7,200.7,208343.0,51.71,1.88,30.83,0.0,0.0,0.0,7.64,7.95,3,1.0
9263798725766021120,San Francisco Bay Area,California,San Mateo,151.1,53.1,197091.0,52.55,2.39,27.02,0.0,0.02,0.0,6.59,11.42,3,1.0
9263798794485497856,San Francisco Bay Area,California,San Mateo,198.3,69.7,211181.0,53.69,1.64,32.44,0.0,0.0,0.0,5.88,6.35,4,1.0
9263799035003666432,San Francisco Bay Area,California,San Mateo,11.7,4.3,165121.0,80.3,0.3,2.73,0.0,0.0,0.0,3.79,12.88,1,1.0
9263799069363404800,San Francisco Bay Area,California,San Mateo,58.9,20.4,234012.0,72.66,0.05,21.64,0.0,0.0,0.0,2.11,3.53,2,1.0
9263799206802358272,San Francisco Bay Area,California,San Mateo,11.7,4.3,165121.0,80.3,0.3,2.73,0.0,0.0,0.0,3.79,12.88,1,1.0
9263800031436079104,San Francisco Bay Area,California,San Mateo,162.1,55.4,249367.0,76.5,0.04,10.73,0.0,0.0,0.17,3.55,9.01,3,1.0
9263800271954247680,San Francisco Bay Area,California,San Mateo,46.3,15.2,246203.0,86.57,0.0,3.79,0.0,0.0,0.98,3.38,5.29,2,1.0
9263800340673724416,San Francisco Bay Area,California,San Mateo,74.4,24.8,246059.0,83.7,0.0,5.9,0.0,0.0,0.61,4.81,4.97,4,1.0
9263800375033462784,San Francisco Bay Area,California,San Mateo,415.5,148.6,229976.0,64.11,0.01,7.22,0.0,0.0,2.35,10.14,16.18,4,1.0
9263800409393201152,San Francisco Bay Area,California,San Mateo,1383.5,519.0,247567.0,68.0,0.44,11.61,0.0,0.0,0.32,7.41,12.22,4,1.0
9263800443752939520,San Francisco Bay Area,California,San Mateo,376.8,133.9,248133.0,75.83,0.04,11.07,0.0,0.0,0.12,4.5,8.46,3,1.0
9263800512472416256,San Francisco Bay Area,California,San Mateo,720.3,256.6,249974.0,73.09,0.16,12.16,0.0,0.0,0.0,4.67,9.93,3,1.0
9263800546832154624,San Francisco Bay Area,California,San Mateo,829.5,314.7,228144.0,80.99,0.0,6.95,0.2,0.0,0.0,3.62,8.24,4,1.0
9263800581191892992,San Francisco Bay Area,California,San Mateo,1690.9,620.9,240045.0,70.36,1.41,14.91,0.13,0.0,0.0,7.8,5.39,6,1.0
9263800615551631360,San Francisco Bay Area,California,San Mateo,1301.6,453.9,240111.0,58.63,2.09,23.87,0.1,0.0,0.13,7.85,7.34,5,1.0
9263800649911369728,San Francisco Bay Area,California,San Mateo,614.0,215.9,236886.0,62.17,1.18,24.03,0.04,0.0,0.32,3.15,9.11,4,1.0
9263800684271108096,San Francisco Bay Area,California,San Mateo,340.5,109.2,231248.0,41.23,2.83,44.7,0.0,0.0,0.79,3.4,7.05,4,1.0
9263800718630846464,San Francisco Bay Area,California,San Mateo,11.7,4.3,165121.0,80.3,0.3,2.73,0.0,0.0,0.0,3.79,12.88,1,1.0
9263800752990584832,San Francisco Bay Area,California,San Mateo,14.6,5.2,176713.0,71.11,0.92,12.5,0.0,0.0,0.19,3.69,11.59,2,1.0
9263800787350323200,San Francisco Bay Area,California,San Mateo,538.4,170.0,229113.0,35.33,3.31,50.52,0.0,0.0,0.92,3.33,6.59,3,1.0
9263800924789276672,San Francisco Bay Area,California,San Mateo,1605.2,653.0,160276.0,43.53,1.07,35.84,0.81,0.0,0.24,6.8,11.71,4,1.0
9263800959149015040,San Francisco Bay Area,California,San Mateo,2391.8,851.9,242152.0,50.7,0.35,29.01,0.07,0.0,2.17,7.36,10.34,4,1.0
9263800993508753408,San Francisco Bay Area,California,San Mateo,1664.5,588.2,250000.0,54.57,0.42,28.79,0.09,0.0,0.72,6.18,9.23,4,1.0
9263801027868491776,San Francisco Bay Area,California,San Mateo,2201.2,761.1,238781.0,54.66,0.76,24.22,0.04,0.0,1.15,9.16,10.01,8,1.0
9263801062228230144,San Francisco Bay Area,California,San Mateo,3595.2,1287.0,226512.0,55.08,1.4,18.21,0.0,0.0,0.16,9.63,15.53,7,1.0
9263801096587968512,San Francisco Bay Area,California,San Mateo,2287.6,1010.6,185195.0,41.07,1.51,22.31,0.0,0.0,1.25,12.6,21.26,7,1.0
9263801130947706880,San Francisco Bay Area,California,San Mateo,263.6,99.2,241621.0,54.62,0.58,31.44,0.0,0.26,0.51,4.03,8.55,3,1.0
9263801165307445248,San Francisco Bay Area,California,San Mateo,508.4,196.2,225599.0,64.51,0.16,24.86,0.0,0.71,0.29,2.33,7.14,4,1.0
9263801199667183616,San Francisco Bay Area,California,San Mateo,3124.8,1374.2,160080.0,52.37,0.33,20.76,0.0,1.73,1.68,9.24,13.89,6,1.0
9263801234026921984,San Francisco Bay Area,California,San Mateo,3603.8,1261.3,235182.0,63.15,0.09,20.26,0.0,2.31,0.81,6.57,6.81,6,1.0
9263801268386660352,San Francisco Bay Area,California,San Mateo,1884.6,717.5,245008.0,70.67,3.05,14.59,0.04,0.0,0.05,3.82,7.77,8,1.0
9263801302746398720,San Francisco Bay Area,California,San Mateo,2919.0,1072.3,212461.0,53.19,4.55,16.64,0.0,0.0,0.83,7.02,17.77,8,1.0
9263801337106137088,San Francisco Bay Area,California,San Mateo,3115.1,1112.1,229076.0,59.13,0.0,14.31,0.05,2.32,3.46,4.78,15.94,7,1.0
9263801371465875456,San Francisco Bay Area,California,San Mateo,1474.3,587.7,179730.0,44.56,1.64,13.24,0.3,1.23,0.83,6.66,31.54,6,1.0
9263801405825613824,San Francisco Bay Area,California,San Mateo,3493.5,1560.6,153560.0,39.74,2.39,13.59,0.0,1.3,1.03,7.18,34.77,6,1.0
9263801440185352192,San Francisco Bay Area,California,San Mateo,1722.0,830.4,181698.0,37.4,5.14,28.3,0.0,0.44,1.99,5.63,21.11,5,1.0
9263801474545090560,San Francisco Bay Area,California,San Mateo,99.7,49.5,208068.0,34.77,2.34,31.52,0.01,1.5,1.42,5.79,22.65,3,1.0
9263802093020381184,San Francisco Bay Area,California,San Mateo,231.7,55.8,90822.0,17.57,1.77,3.21,0.06,0.4,1.19,0.0,75.79,1,1.0
9263802161739857920,San Francisco Bay Area,California,San Mateo,307.5,99.3,138943.0,24.73,2.91,11.82,0.04,0.44,1.48,2.01,56.56,4,1.0
9263802196099596288,San Francisco Bay Area,California,San Mateo,2194.8,726.7,90131.0,8.53,3.79,6.09,0.04,1.71,0.65,3.24,75.95,8,1.0
9263802230459334656,San Francisco Bay Area,California,San Mateo,6088.9,1639.4,109767.0,7.84,2.94,7.48,0.03,0.75,0.45,1.3,79.21,13,1.0
9263802264819073024,San Francisco Bay Area,California,San Mateo,3634.1,1035.0,108177.0,12.73,1.37,5.99,0.0,0.06,0.08,3.92,75.85,10,1.0
9263802299178811392,San Francisco Bay Area,California,San Mateo,527.1,154.0,93189.0,7.92,1.47,6.35,0.02,1.41,0.39,4.3,78.14,4,1.0
9263802402258026496,San Francisco Bay Area,California,San Mateo,717.9,219.2,131826.0,20.3,1.83,12.55,0.0,2.1,0.37,3.08,59.76,3,1.0
9263802436617764864,San Francisco Bay Area,California,San Mateo,4062.9,1125.4,107283.0,17.0,0.69,6.48,0.0,0.83,0.12,4.29,70.58,8,1.0
9263802470977503232,San Francisco Bay Area,California,San Mateo,2331.9,807.0,209519.0,52.59,0.39,11.74,0.0,0.4,0.06,7.08,27.74,9,1.0
9263802505337241600,San Francisco Bay Area,California,San Mateo,1159.2,380.8,240252.0,46.84,5.02,16.66,0.0,0.2,0.44,8.27,22.57,5,1.0
9263802539696979968,San Francisco Bay Area,California,San Mateo,622.3,220.2,250001.0,68.13,0.0,13.97,0.0,0.0,0.0,1.68,16.22,2,1.0
9263802574056718336,San Francisco Bay Area,California,San Mateo,1106.5,434.9,178172.0,57.06,0.19,23.06,0.0,0.0,6.77,1.57,11.36,5,1.0
9263802608416456704,San Francisco Bay Area,California,San Mateo,758.7,233.2,250001.0,66.93,1.26,15.66,0.0,0.0,0.51,3.63,12.01,3,1.0
9263802642776195072,San Francisco Bay Area,California,San Mateo,3341.8,1023.4,126426.0,22.94,0.32,9.83,0.0,0.0,0.15,2.32,64.45,6,1.0
9263802677135933440,San Francisco Bay Area,California,San Mateo,3767.5,1188.1,141185.0,26.14,0.69,16.04,0.02,0.0,1.79,2.94,52.38,8,1.0
9263802711495671808,San Francisco Bay Area,California,San Mateo,877.4,322.9,244190.0,73.63,0.0,9.78,0.01,0.0,0.0,6.17,10.4,5,1.0
9263802745855410176,San Francisco Bay Area,California,San Mateo,2876.9,1066.1,220760.0,55.32,1.03,15.73,0.08,0.0,0.57,5.61,21.65,8,1.0
9263802780215148544,San Francisco Bay Area,California,San Mateo,1167.0,433.7,244087.0,75.03,0.09,10.2,0.0,0.0,0.14,7.99,6.55,4,1.0
9263802814574886912,San Francisco Bay Area,California,San Mateo,2732.6,996.3,183393.0,57.0,6.27,13.57,0.02,0.0,0.17,7.37,15.61,8,1.0
9263802848934625280,San Francisco Bay Area,California,San Mateo,5619.0,1936.2,153838.0,38.22,3.15,13.93,0.12,0.0,1.04,3.34,40.2,11,1.0
9263802883294363648,San Francisco Bay Area,California,San Mateo,7506.1,2425.0,111430.0,20.41,4.32,11.93,0.14,0.72,0.34,2.71,59.44,11,1.0
9263802917654102016,San Francisco Bay Area,California,San Mateo,6400.6,2570.7,121823.0,16.25,2.86,17.79,0.0,0.55,0.57,2.33,59.63,9,1.0
9263802952013840384,San Francisco Bay Area,California,San Mateo,4824.6,2027.7,158758.0,51.92,0.73,10.69,0.02,0.07,0.16,10.38,26.03,11,1.0
9263802986373578752,San Francisco Bay Area,California,San Mateo,4088.8,1444.5,170969.0,45.94,4.91,9.61,0.29,0.0,0.57,5.99,32.69,12,1.0
9263803020733317120,San Francisco Bay Area,California,San Mateo,2654.2,981.9,195051.0,52.35,3.73,22.5,0.08,0.09,1.63,7.72,11.91,5,1.0
9263803055093055488,San Francisco Bay Area,California,San Mateo,2582.1,950.8,229994.0,66.2,3.8,6.98,0.0,0.02,0.85,5.16,16.99,6,1.0
9263803089452793856,San Francisco Bay Area,California,San Mateo,1365.1,499.0,235043.0,59.8,6.88,11.85,0.0,0.11,0.66,4.74,15.98,5,1.0
9263803123812532224,San Francisco Bay Area,California,San Mateo,1789.0,651.4,229301.0,58.81,1.08,12.76,0.07,0.09,1.4,9.22,16.57,4,1.0
9263803158172270592,San Francisco Bay Area,California,San Mateo,1817.5,588.2,223273.0,46.85,2.59,9.62,0.22,0.0,2.57,12.19,25.95,3,1.0
9263803192532008960,San Francisco Bay Area,California,San Mateo,1791.8,635.0,211472.0,51.63,6.89,12.35,0.42,0.0,0.03,11.43,17.26,5,1.0
9263803226891747328,San Francisco Bay Area,California,San Mateo,305.4,119.8,239917.0,80.73,0.02,7.05,0.0,0.0,0.5,7.89,3.81,3,1.0
9263803261251485696,San Francisco Bay Area,California,San Mateo,416.1,137.9,241456.0,71.17,1.79,9.71,0.15,0.0,0.16,7.87,9.14,5,1.0
9263803329970962432,San Francisco Bay Area,California,San Mateo,332.9,104.4,245961.0,79.97,0.0,8.96,0.0,0.0,0.16,6.14,4.77,2,1.0
9263803364330700800,San Francisco Bay Area,California,San Mateo,275.0,82.4,250001.0,79.86,0.0,9.4,0.0,0.0,0.0,5.64,5.11,2,1.0
9263803398690439168,San Francisco Bay Area,California,San Mateo,133.5,55.7,250001.0,81.35,0.0,7.02,0.0,0.0,0.0,7.21,4.42,2,1.0
9263803604848869376,San Francisco Bay Area,California,San Mateo,170.2,60.9,238578.0,69.74,0.0,5.75,0.0,0.0,0.0,6.51,18.0,2,1.0
9263803639208607744,San Francisco Bay Area,California,San Mateo,186.9,68.0,239757.0,68.47,0.0,7.85,0.0,0.0,0.0,6.5,17.18,2,1.0
9263803673568346112,San Francisco Bay Area,California,San Mateo,317.0,114.5,224926.0,62.32,0.0,15.95,0.1,0.0,0.0,7.85,13.78,4,1.0
9263803707928084480,San Francisco Bay Area,California,San Mateo,341.6,113.3,184596.0,53.09,0.0,15.74,0.26,0.0,0.01,10.13,20.78,3,1.0
9263803776647561216,San Francisco Bay Area,California,San Mateo,450.2,171.6,222016.0,68.87,0.21,7.56,0.0,0.0,1.05,5.84,16.47,4,1.0
9263803811007299584,San Francisco Bay Area,California,San Mateo,1438.7,448.8,212925.0,42.27,2.62,14.31,0.03,0.0,0.83,4.31,35.63,4,1.0
9263803845367037952,San Francisco Bay Area,California,San Mateo,395.9,135.1,200249.0,56.85,0.0,18.49,0.17,0.0,0.01,8.84,15.64,5,1.0
9263803879726776320,San Francisco Bay Area,California,San Mateo,583.4,213.4,213431.0,57.13,0.04,23.72,0.18,0.0,0.0,9.4,9.52,4,1.0
9263803914086514688,San Francisco Bay Area,California,San Mateo,1227.8,423.9,230061.0,64.83,0.09,19.72,0.15,0.0,0.01,9.55,5.64,6,1.0
9263803982805991424,San Francisco Bay Area,California,San Mateo,1344.3,523.9,157521.0,55.0,2.23,21.2,0.0,0.22,5.47,3.28,12.61,6,1.0
9263804017165729792,San Francisco Bay Area,California,San Mateo,1804.7,844.8,155252.0,61.15,0.14,17.92,0.0,0.07,0.19,9.58,10.94,7,1.0
9263804051525468160,San Francisco Bay Area,California,San Mateo,3499.5,1485.2,205422.0,62.22,2.96,15.44,0.0,0.02,0.59,7.67,11.1,7,1.0
9263804085885206528,San Francisco Bay Area,California,San Mateo,1667.6,626.1,232365.0,72.39,0.32,15.38,0.01,0.07,0.06,5.03,6.74,9,1.0
9263804120244944896,San Francisco Bay Area,California,San Mateo,2092.2,682.5,243926.0,75.24,0.26,13.79,0.08,0.0,0.01,7.75,2.87,6,1.0
9263804154604683264,San Francisco Bay Area,California,Santa Clara,2169.9,918.6,184381.0,55.55,1.22,26.19,0.25,0.0,0.16,4.49,12.14,6,1.0
9263804188964421632,San Francisco Bay Area,California,Santa Clara,837.2,253.3,112993.0,39.85,4.33,32.3,0.95,0.15,0.53,5.02,16.88,3,1.0
9263804223324160000,San Francisco Bay Area,California,Santa Clara,1532.5,558.3,227465.0,64.77,0.19,24.13,0.04,0.0,0.02,5.1,5.75,9,1.0
9263804257683898368,San Francisco Bay Area,California,San Mateo,1045.9,386.8,242726.0,64.57,0.68,23.94,0.0,0.0,0.0,4.36,6.45,3,1.0
9263804292043636736,San Francisco Bay Area,California,San Mateo,2816.6,970.4,238101.0,69.08,0.25,17.78,0.09,0.0,0.0,7.22,5.58,6,1.0
9263804326403375104,San Francisco Bay Area,California,San Mateo,1229.9,462.3,238824.0,67.97,0.76,21.52,0.01,0.0,0.0,3.96,5.77,5,1.0
9263804360763113472,San Francisco Bay Area,California,San Mateo,340.9,137.6,246995.0,65.35,0.11,19.1,0.0,0.0,0.0,6.3,9.13,3,1.0
9263804532561805312,San Francisco Bay Area,California,Santa Clara,308.7,122.9,249392.0,63.44,0.22,22.08,0.02,0.0,0.0,6.5,7.73,4,1.0
9263804566921543680,San Francisco Bay Area,California,Santa Clara,1758.1,72.7,155706.0,37.69,7.02,25.74,1.52,0.3,0.87,6.83,20.03,4,1.0
9263804635641020416,San Francisco Bay Area,California,San Mateo,134.5,43.8,244230.0,63.34,0.65,17.67,0.05,0.0,0.06,5.92,12.32,3,1.0
9263804670000758784,San Francisco Bay Area,California,San Mateo,111.6,41.5,246282.0,69.63,0.0,14.88,0.0,0.0,0.44,6.92,8.12,5,1.0
9263804738720235520,San Francisco Bay Area,California,Santa Clara,30.3,10.0,250001.0,64.46,0.74,23.27,0.06,0.0,0.88,4.72,5.88,2,1.0
9263804773079973888,San Francisco Bay Area,California,San Mateo,240.0,84.9,250001.0,67.52,0.0,11.2,0.0,0.0,2.48,4.18,14.62,3,1.0
9263804807439712256,San Francisco Bay Area,California,San Mateo,454.4,159.4,250001.0,67.15,0.0,10.25,0.0,0.0,2.67,3.89,16.04,2,1.0
9263804876159188992,San Francisco Bay Area,California,San Mateo,249.5,92.9,250001.0,68.86,0.0,16.93,0.0,0.0,1.1,6.5,6.6,2,1.0
9263804944878665728,San Francisco Bay Area,California,San Mateo,197.2,79.5,247409.0,74.4,0.13,9.03,0.0,0.0,1.4,3.64,11.4,4,1.0
9263805013598142464,San Francisco Bay Area,California,San Mateo,122.0,54.8,239182.0,81.84,0.26,6.36,0.0,0.0,0.0,2.76,8.79,2,1.0
9263805047957880832,San Francisco Bay Area,California,San Mateo,185.0,70.4,239494.0,71.02,0.01,16.53,0.0,0.0,0.25,6.3,5.89,4,1.0
9263815939994943488,San Francisco Bay Area,California,San Mateo,176.2,73.8,248563.0,76.47,0.18,8.06,0.0,0.0,1.25,3.36,10.68,2,1.0
9263815974354681856,San Francisco Bay Area,California,San Mateo,299.3,109.7,249621.0,69.33,0.04,9.73,0.0,0.0,2.35,3.74,14.81,3,1.0
9263816421031280640,San Francisco Bay Area,California,Santa Clara,46.1,16.5,250001.0,69.04,0.0,11.94,0.0,0.0,2.57,3.73,12.72,2,1.0
9263816489750757376,San Francisco Bay Area,California,Santa Clara,252.8,102.4,250001.0,27.08,0.02,63.67,0.0,0.0,2.56,6.17,0.5,4,1.0
9263816524110495744,San Francisco Bay Area,California,Santa Clara,237.7,84.2,250001.0,46.17,0.48,42.75,0.04,0.0,0.2,5.83,4.53,3,1.0
9263816558470234112,San Francisco Bay Area,California,Santa Clara,312.3,123.2,250001.0,34.93,0.0,56.21,0.0,0.0,0.72,6.08,2.06,3,1.0
9263816764628664320,San Francisco Bay Area,California,Santa Clara,328.2,127.5,250001.0,42.17,0.0,47.42,0.0,0.54,2.04,5.58,2.25,3,1.0
9263816798988402688,San Francisco Bay Area,California,Santa Clara,294.0,114.6,250001.0,38.13,0.0,53.1,0.0,0.03,0.0,6.03,2.71,2,1.0
9263816833348141056,San Francisco Bay Area,California,Santa Clara,445.6,160.2,250001.0,55.23,0.0,29.78,0.0,3.84,0.0,4.99,6.16,2,1.0
9263816867707879424,San Francisco Bay Area,California,Santa Clara,538.7,189.9,250001.0,60.5,0.0,22.53,0.0,4.86,0.8,4.59,6.72,3,1.0
9263816902067617792,San Francisco Bay Area,California,Santa Clara,498.6,155.9,250001.0,59.39,0.0,22.15,0.0,2.71,0.64,5.44,9.67,3,1.0
9263816936427356160,San Francisco Bay Area,California,Santa Clara,349.8,138.9,250001.0,42.85,0.0,46.18,0.0,0.01,5.55,5.19,0.21,3,1.0
9263816970787094528,San Francisco Bay Area,California,Santa Clara,319.9,113.3,250001.0,50.32,0.24,35.91,0.02,0.63,3.36,5.35,4.19,3,1.0
9263817005146832896,San Francisco Bay Area,California,Santa Clara,636.5,194.4,237594.0,56.27,0.03,23.99,0.0,1.81,0.0,8.01,9.9,5,1.0
9263817039506571264,San Francisco Bay Area,California,Santa Clara,1867.0,710.5,212016.0,52.49,0.06,36.72,0.0,0.13,0.05,4.42,6.13,6,1.0
9263817073866309632,San Francisco Bay Area,California,Santa Clara,1454.3,510.3,226412.0,51.51,0.05,38.18,0.0,0.3,0.41,4.86,4.69,3,1.0
9263817108226048000,San Francisco Bay Area,California,Santa Clara,2292.9,828.0,228109.0,42.01,0.0,48.94,0.0,0.0,0.62,3.59,4.83,5,1.0
9263817142585786368,San Francisco Bay Area,California,Santa Clara,5782.1,2978.2,190496.0,41.77,0.37,44.69,0.01,0.0,0.06,6.86,6.25,9,1.0
9263817176945524736,San Francisco Bay Area,California,Santa Clara,4558.4,1988.8,203586.0,35.98,2.38,42.84,0.0,0.0,0.88,4.9,13.02,10,1.0
9263817211305263104,San Francisco Bay Area,California,Santa Clara,4954.9,2003.4,201091.0,38.82,2.76,42.3,0.15,0.0,0.01,4.04,11.91,12,1.0
9263817245665001472,San Francisco Bay Area,California,Santa Clara,5325.1,2528.2,160591.0,31.82,1.95,30.15,0.0,0.0,0.0,4.09,31.98,10,1.0
9263817280024739840,San Francisco Bay Area,California,Santa Clara,6148.1,3099.0,183302.0,32.31,0.33,35.4,0.0,0.0,0.05,6.2,25.72,12,1.0
9263817314384478208,San Francisco Bay Area,California,Santa Clara,2144.0,887.6,189099.0,49.93,0.22,29.0,0.0,0.0,0.67,7.12,13.05,8,1.0
9263817348744216576,San Francisco Bay Area,California,Santa Clara,4686.0,2082.9,184003.0,34.91,1.1,34.83,0.0,0.0,0.1,5.09,23.98,8,1.0
9263817383103954944,San Francisco Bay Area,California,Santa Clara,3262.9,1168.7,212979.0,45.34,0.78,37.76,0.0,0.0,0.18,6.31,9.62,7,1.0
9263817417463693312,San Francisco Bay Area,California,Santa Clara,1922.6,679.7,248362.0,50.28,0.0,42.09,0.0,0.0,0.0,3.21,4.43,6,1.0
9263817451823431680,San Francisco Bay Area,California,Santa Clara,2384.6,875.0,239666.0,48.74,0.0,41.31,0.0,0.0,0.15,3.94,5.86,6,1.0
9263817486183170048,San Francisco Bay Area,California,Santa Clara,1923.2,684.2,249227.0,48.99,0.0,39.51,0.0,0.0,0.63,8.05,2.83,6,1.0
9263817520542908416,San Francisco Bay Area,California,Santa Clara,1172.0,408.5,243756.0,50.64,0.0,37.23,0.0,1.58,0.34,4.6,5.62,5,1.0
9263817554902646784,San Francisco Bay Area,California,Santa Clara,642.8,233.9,238701.0,61.56,0.0,21.36,0.0,4.5,0.0,4.09,8.49,3,1.0
9263817589262385152,San Francisco Bay Area,California,Santa Clara,372.3,132.7,249802.0,51.09,0.0,35.81,0.0,3.24,0.0,3.93,5.93,4,1.0
9263817657981861888,San Francisco Bay Area,California,Santa Clara,419.4,144.5,249007.0,56.71,0.08,28.33,0.0,4.45,0.02,3.41,7.0,4,1.0
9263817692341600256,San Francisco Bay Area,California,Santa Clara,1153.6,394.0,246250.0,62.5,0.0,25.04,0.0,1.32,1.74,5.88,3.53,6,1.0
9263817726701338624,San Francisco Bay Area,California,Santa Clara,1729.4,581.8,249978.0,59.24,0.11,31.3,0.0,0.0,1.76,5.59,2.0,6,1.0
9263817761061076992,San Francisco Bay Area,California,Santa Clara,2432.9,751.3,245921.0,55.52,0.69,30.44,0.0,0.0,2.83,6.9,3.61,5,1.0
9263817795420815360,San Francisco Bay Area,California,Santa Clara,1540.2,499.0,242330.0,58.09,0.57,30.17,0.0,0.0,1.99,2.71,6.46,6,1.0
9263817829780553728,San Francisco Bay Area,California,Santa Clara,1092.8,371.3,249172.0,56.57,0.06,34.17,0.0,0.35,0.63,6.0,2.22,6,1.0
9263817864140292096,San Francisco Bay Area,California,Santa Clara,698.7,240.2,248587.0,53.23,0.12,37.82,0.0,0.46,0.32,5.63,2.42,3,1.0
9263817898500030464,San Francisco Bay Area,California,Santa Clara,1413.9,478.5,247869.0,50.14,0.08,41.2,0.0,0.0,0.23,3.69,4.68,6,1.0
9263817967219507200,San Francisco Bay Area,California,Santa Clara,181.5,65.8,224139.0,46.01,2.25,41.89,0.0,2.23,0.28,2.67,4.68,3,1.0
9263820097523286016,San Francisco Bay Area,California,Santa Clara,13.2,5.0,250001.0,74.33,0.0,16.81,0.0,0.0,2.26,3.34,3.26,1,1.0
9263820131883024384,San Francisco Bay Area,California,Santa Clara,13.2,5.0,250001.0,74.33,0.0,16.81,0.0,0.0,2.26,3.34,3.26,1,1.0
9263820303681716224,San Francisco Bay Area,California,Santa Clara,54.9,14.7,250001.0,38.02,1.02,52.22,0.0,0.0,0.48,5.25,3.0,2,1.0
9263820853437530112,San Francisco Bay Area,California,Santa Clara,137.2,52.9,203289.0,44.07,4.44,43.16,0.0,1.06,0.53,4.19,2.55,2,1.0
9263820887797268480,San Francisco Bay Area,California,Santa Clara,762.7,290.5,246666.0,60.29,0.36,32.52,0.0,0.07,0.04,2.47,4.24,4,1.0
9263820956516745216,San Francisco Bay Area,California,Santa Clara,2643.3,978.4,168589.0,28.01,0.47,63.97,0.01,0.44,0.19,1.92,4.99,5,1.0
9263820990876483584,San Francisco Bay Area,California,Santa Clara,2164.3,806.6,229504.0,41.23,0.93,46.88,0.0,0.0,1.25,3.75,5.96,8,1.0
9263821025236221952,San Francisco Bay Area,California,Santa Clara,2419.6,805.1,236480.0,40.64,1.3,51.73,0.15,0.0,0.95,1.8,3.43,7,1.0
9263821059595960320,San Francisco Bay Area,California,Santa Clara,2943.2,1041.9,213424.0,29.19,1.26,55.42,0.0,0.0,0.62,4.37,9.14,6,1.0
9263821093955698688,San Francisco Bay Area,California,Santa Clara,4149.6,1545.6,184726.0,30.24,1.67,55.19,0.0,0.0,0.0,4.73,8.16,9,1.0
9263821128315437056,San Francisco Bay Area,California,Santa Clara,2088.5,757.2,205952.0,31.6,0.64,57.17,0.1,0.03,0.37,1.76,8.32,9,1.0
9263821162675175424,San Francisco Bay Area,California,Santa Clara,2066.9,698.3,226933.0,18.82,0.01,72.19,0.21,0.0,2.06,1.22,5.49,8,1.0
9263821197034913792,San Francisco Bay Area,California,Santa Clara,3098.2,1173.0,204732.0,14.22,0.91,80.76,0.0,0.0,0.0,2.45,1.68,6,1.0
9263821231394652160,San Francisco Bay Area,California,Santa Clara,1772.6,655.4,200596.0,15.87,0.05,76.5,0.0,0.2,0.07,6.03,1.29,6,1.0
9263821265754390528,San Francisco Bay Area,California,Santa Clara,2473.5,801.3,248447.0,18.33,0.0,77.45,0.0,1.04,1.61,0.94,0.63,6,1.0
9263821300114128896,San Francisco Bay Area,California,Santa Clara,1123.6,432.5,210359.0,20.86,0.06,67.55,0.0,0.0,2.17,3.98,5.38,4,1.0
9263821334473867264,San Francisco Bay Area,California,Santa Clara,1650.2,624.6,186823.0,26.53,0.13,63.09,0.01,0.22,1.26,3.63,5.13,7,1.0
9263821849869942784,San Francisco Bay Area,California,Santa Clara,1495.2,520.1,245639.0,12.06,0.0,84.8,0.0,0.21,0.08,1.69,1.17,6,1.0
9263821918589419520,San Francisco Bay Area,California,Santa Clara,1543.7,541.1,250001.0,22.69,0.0,75.39,0.0,0.3,0.11,1.07,0.45,3,1.0
9263821952949157888,San Francisco Bay Area,California,Santa Clara,3196.5,1049.6,237681.0,13.45,0.01,81.4,0.0,0.78,0.29,2.44,1.63,7,1.0
9263821987308896256,San Francisco Bay Area,California,Santa Clara,3665.6,1225.5,197691.0,22.2,2.36,63.16,0.0,0.0,0.0,2.34,9.95,8,1.0
9263822021668634624,San Francisco Bay Area,California,Santa Clara,3247.2,1239.1,225029.0,21.39,0.26,70.92,0.0,0.18,0.0,3.53,3.72,6,1.0
9263822056028372992,San Francisco Bay Area,California,Santa Clara,3448.6,1088.0,243847.0,15.12,0.01,75.92,0.0,5.53,0.0,0.92,2.49,7,1.0
9263822090388111360,San Francisco Bay Area,California,Santa Clara,4270.1,1394.4,211814.0,14.03,1.34,68.91,0.0,9.58,0.0,1.11,5.03,6,1.0
9263822124747849728,San Francisco Bay Area,California,Santa Clara,2656.6,830.9,230846.0,17.8,0.09,64.81,0.0,14.92,0.0,1.7,0.68,6,1.0
9263822159107588096,San Francisco Bay Area,California,Santa Clara,1128.8,390.7,230421.0,26.38,0.15,65.33,0.0,0.0,0.0,4.28,3.87,7,1.0
9263822193467326464,San Francisco Bay Area,California,Santa Clara,1617.1,520.7,231296.0,25.8,0.98,68.31,0.0,0.0,0.0,3.17,1.74,5,1.0
9263822227827064832,San Francisco Bay Area,California,Santa Clara,3286.5,925.6,235443.0,13.74,0.14,71.61,0.0,10.41,0.0,2.18,1.93,7,1.0
9263822262186803200,San Francisco Bay Area,California,Santa Clara,2571.9,975.9,205085.0,17.88,0.88,76.13,0.0,0.0,0.0,1.74,3.37,8,1.0
9263822296546541568,San Francisco Bay Area,California,Santa Clara,1984.6,655.0,243558.0,22.49,0.28,72.97,0.0,0.0,0.0,2.47,1.79,7,1.0
9263822330906279936,San Francisco Bay Area,California,Santa Clara,2634.1,858.1,217990.0,39.08,2.92,45.89,0.8,0.0,0.0,5.33,5.98,6,1.0
9263822365266018304,San Francisco Bay Area,California,Santa Clara,2690.2,926.3,243257.0,22.53,3.74,64.31,0.07,0.0,0.0,6.38,2.96,5,1.0
9263822399625756672,San Francisco Bay Area,California,Santa Clara,3165.1,1122.1,231842.0,21.39,0.35,64.44,0.0,0.0,0.0,5.08,8.75,7,1.0
9263822433985495040,San Francisco Bay Area,California,Santa Clara,4178.2,1395.7,225263.0,16.92,0.01,80.28,0.0,0.01,0.0,1.14,1.63,7,1.0
9263822468345233408,San Francisco Bay Area,California,Santa Clara,3659.0,1237.8,225056.0,19.45,0.18,71.84,0.48,0.1,0.25,3.5,4.22,6,1.0
9263822502704971776,San Francisco Bay Area,California,Santa Clara,4111.2,1438.5,228795.0,18.95,1.03,67.38,0.15,0.43,0.06,2.63,9.37,9,1.0
9263822537064710144,San Francisco Bay Area,California,Santa Clara,2232.8,748.4,210288.0,26.74,0.01,66.61,0.0,0.0,0.17,1.59,4.88,4,1.0
9263822571424448512,San Francisco Bay Area,California,Santa Clara,3583.4,1266.8,188735.0,23.0,0.84,60.58,0.0,0.0,0.32,5.39,9.86,8,1.0
9263822605784186880,San Francisco Bay Area,California,Santa Clara,2164.9,823.7,211505.0,31.45,1.31,56.17,0.2,0.0,1.21,5.49,4.18,7,1.0
9263822640143925248,San Francisco Bay Area,California,Santa Clara,1355.3,539.5,218614.0,19.69,3.09,65.19,0.21,0.04,0.08,7.24,4.48,6,1.0
9263822674503663616,San Francisco Bay Area,California,Santa Clara,3375.8,1273.5,202467.0,22.58,0.19,68.02,0.28,0.13,0.78,4.25,3.75,6,1.0
9263822708863401984,San Francisco Bay Area,California,Santa Clara,2361.8,940.9,181680.0,20.72,0.37,70.1,0.19,0.0,0.53,3.49,4.59,7,1.0
9263822743223140352,San Francisco Bay Area,California,Santa Clara,2779.9,1040.2,214970.0,16.94,1.3,76.54,0.0,0.0,0.22,1.52,3.48,5,1.0
9263822777582878720,San Francisco Bay Area,California,Santa Clara,2826.4,1038.0,230799.0,26.63,0.18,60.33,0.0,0.0,1.29,3.6,7.97,5,1.0
9263822811942617088,San Francisco Bay Area,California,Santa Clara,4125.5,1361.7,249296.0,28.84,1.17,59.17,0.01,0.0,1.31,2.32,7.19,7,1.0
9263822846302355456,San Francisco Bay Area,California,Santa Clara,6175.5,2226.1,183450.0,20.54,2.97,55.4,0.02,0.0,0.15,3.58,17.33,10,1.0
9263822880662093824,San Francisco Bay Area,California,Santa Clara,3780.7,1417.9,225478.0,32.91,0.27,59.12,0.52,0.0,0.39,4.13,2.66,8,1.0
9263822915021832192,San Francisco Bay Area,California,Santa Clara,4631.3,1736.1,205355.0,29.18,1.6,55.69,1.17,0.0,0.18,1.19,10.99,8,1.0
9263822949381570560,San Francisco Bay Area,California,Santa Clara,4974.2,2101.9,182098.0,24.43,1.86,46.17,0.13,0.0,0.1,9.86,17.46,12,1.0
9263822983741308928,San Francisco Bay Area,California,Santa Clara,2683.3,982.9,208599.0,27.12,0.3,55.75,0.13,0.0,1.22,9.91,5.57,9,1.0
9263823018101047296,San Francisco Bay Area,California,Santa Clara,7526.0,2954.7,199111.0,18.34,0.9,63.65,0.04,0.12,0.16,7.45,9.35,10,1.0
9263823052460785664,San Francisco Bay Area,California,Santa Clara,6898.6,2649.4,179855.0,25.62,0.74,48.29,0.09,0.15,0.44,6.71,17.96,8,1.0
9263823086820524032,San Francisco Bay Area,California,Santa Clara,4951.8,1956.6,218810.0,18.32,2.83,60.95,0.0,0.01,2.96,3.48,11.46,9,1.0
9263823121180262400,San Francisco Bay Area,California,Santa Clara,3904.8,1412.3,211577.0,30.36,0.66,44.19,0.18,0.28,0.58,4.83,18.92,8,1.0
9263823155540000768,San Francisco Bay Area,California,Santa Clara,2740.2,1245.3,225528.0,16.17,1.39,71.22,0.0,0.02,1.09,2.27,7.82,5,1.0
9263823189899739136,San Francisco Bay Area,California,Santa Clara,1467.0,696.4,250001.0,12.18,0.22,75.59,0.0,0.0,0.88,3.62,7.5,1,1.0
9263823224259477504,San Francisco Bay Area,California,Santa Clara,3100.4,1066.0,199803.0,16.63,0.14,53.44,0.0,0.25,0.62,2.73,26.2,5,1.0
9263823258619215872,San Francisco Bay Area,California,Santa Clara,4077.1,1409.9,143539.0,29.7,2.08,33.22,0.0,0.47,1.1,4.74,28.69,9,1.0
9263823292978954240,San Francisco Bay Area,California,Santa Clara,5165.4,2145.5,163736.0,21.42,1.41,43.42,0.09,0.15,0.37,5.38,27.76,11,1.0
9263823327338692608,San Francisco Bay Area,California,Santa Clara,1926.9,831.8,219480.0,12.43,0.26,63.71,0.07,0.0,0.64,4.35,18.54,6,1.0
9263823361698430976,San Francisco Bay Area,California,Santa Clara,4275.6,1465.3,151283.0,13.7,3.02,41.97,0.6,0.16,1.21,2.85,36.48,8,1.0
9263823396058169344,San Francisco Bay Area,California,Santa Clara,5366.1,1947.1,155498.0,17.08,0.65,29.56,0.05,0.26,0.71,4.5,47.2,8,1.0
9263823430417907712,San Francisco Bay Area,California,Santa Clara,2259.3,978.0,191077.0,18.45,1.24,44.69,0.13,1.1,0.89,5.32,28.19,4,1.0
9263823464777646080,San Francisco Bay Area,California,Santa Clara,4415.0,2155.9,159790.0,27.25,1.21,49.62,0.29,0.05,0.22,6.41,14.95,9,1.0
9263823499137384448,San Francisco Bay Area,California,Santa Clara,3536.3,1603.1,167133.0,37.52,1.91,43.54,0.6,0.04,0.89,6.92,8.58,10,1.0
9263823533497122816,San Francisco Bay Area,California,Santa Clara,7313.4,3062.7,195954.0,28.86,2.63,50.96,0.42,3.02,1.94,2.78,9.38,11,1.0
9263823567856861184,San Francisco Bay Area,California,Santa Clara,6202.4,2718.7,160749.0,16.77,1.08,60.67,0.51,2.58,0.11,1.28,17.0,11,1.0
9263823602216599552,San Francisco Bay Area,California,Santa Clara,4155.6,1577.2,186012.0,35.24,0.54,50.5,0.08,0.4,0.56,3.79,8.9,8,1.0
9263823636576337920,San Francisco Bay Area,California,Santa Clara,2812.9,945.5,235348.0,46.02,0.2,40.08,0.0,0.74,0.49,5.48,6.98,7,1.0
9263823670936076288,San Francisco Bay Area,California,Santa Clara,3497.8,1227.8,223980.0,38.67,2.2,49.13,0.0,0.23,1.19,3.55,5.03,7,1.0
9263823705295814656,San Francisco Bay Area,California,Santa Clara,3192.1,967.6,204630.0,33.54,1.17,53.09,0.0,0.0,0.03,6.88,5.29,8,1.0
9263823739655553024,San Francisco Bay Area,California,Santa Clara,2763.0,858.9,212346.0,31.38,3.51,58.39,0.08,0.06,0.42,2.93,3.23,10,1.0
9263823774015291392,San Francisco Bay Area,California,Santa Clara,2396.3,836.2,234588.0,46.22,0.04,40.69,0.0,0.0,0.93,4.85,7.26,8,1.0
9263823808375029760,San Francisco Bay Area,California,Santa Clara,1899.2,644.0,250001.0,48.72,0.29,38.65,0.0,0.0,0.65,5.59,6.11,4,1.0
9263823842734768128,San Francisco Bay Area,California,Santa Clara,1756.4,599.0,250001.0,48.02,0.01,43.63,0.0,0.0,1.27,1.44,5.63,5,1.0
9263823877094506496,San Francisco Bay Area,California,Santa Clara,2366.9,769.8,190591.0,47.8,0.55,33.41,0.0,0.0,0.58,4.69,12.97,7,1.0
9263823911454244864,San Francisco Bay Area,California,Santa Clara,3290.0,1260.5,211831.0,48.62,3.62,34.78,0.0,0.0,1.01,5.46,6.51,9,1.0
9263823945813983232,San Francisco Bay Area,California,Santa Clara,2107.4,701.3,250001.0,55.88,0.63,25.3,0.0,0.0,3.33,5.71,9.15,6,1.0
9263823980173721600,San Francisco Bay Area,California,Santa Clara,2364.0,781.5,209128.0,43.38,5.07,33.9,0.0,0.0,1.33,7.95,8.37,5,1.0
9263824014533459968,San Francisco Bay Area,California,Santa Clara,4153.1,1662.7,160609.0,35.34,3.46,42.35,0.18,0.0,0.16,5.67,12.85,7,1.0
9263824048893198336,San Francisco Bay Area,California,Santa Clara,7568.1,3219.4,163445.0,19.33,3.33,41.65,0.12,0.0,0.11,4.41,31.06,11,1.0
9263824083252936704,San Francisco Bay Area,California,Santa Clara,5019.6,1929.2,187007.0,32.16,1.24,40.21,0.0,0.0,0.18,8.73,17.47,10,1.0
9263824117612675072,San Francisco Bay Area,California,Santa Clara,3246.6,1395.4,187286.0,34.51,0.92,48.0,0.0,0.0,1.39,3.15,12.03,9,1.0
9263824151972413440,San Francisco Bay Area,California,Santa Clara,2636.6,1221.6,212909.0,28.93,0.26,46.87,1.31,0.0,0.46,4.09,18.08,7,1.0
9263824186332151808,San Francisco Bay Area,California,Santa Clara,2215.1,1000.9,221056.0,21.08,3.68,61.39,0.06,0.0,0.6,2.53,10.66,5,1.0
9263824255051628544,San Francisco Bay Area,California,Santa Clara,1466.5,563.2,227481.0,23.47,9.94,43.18,0.08,0.09,0.0,7.62,15.62,6,1.0
9263824289411366912,San Francisco Bay Area,California,Santa Clara,3091.7,1198.9,223405.0,29.89,2.41,45.86,0.01,0.0,0.0,8.88,12.94,6,1.0
9263824323771105280,San Francisco Bay Area,California,Santa Clara,3227.6,1366.9,200697.0,34.37,3.09,38.78,0.17,0.0,0.16,8.6,14.82,7,1.0
9263824358130843648,San Francisco Bay Area,California,Santa Clara,3413.6,1442.5,204070.0,43.2,2.68,32.73,0.0,0.0,1.21,6.85,13.32,8,1.0
9263824392490582016,San Francisco Bay Area,California,Santa Clara,4117.4,1912.6,185058.0,46.09,1.93,27.62,0.0,0.0,0.57,6.6,17.19,10,1.0
9263824426850320384,San Francisco Bay Area,California,Santa Clara,4776.6,2030.3,170483.0,30.25,1.29,27.57,0.34,0.0,0.24,4.55,35.77,11,1.0
9263824461210058752,San Francisco Bay Area,California,Santa Clara,2263.8,909.8,197852.0,23.6,0.98,36.6,0.0,0.18,0.23,7.48,30.93,8,1.0
9263824495569797120,San Francisco Bay Area,California,Santa Clara,3423.2,1529.2,190699.0,43.76,2.35,33.21,0.0,0.0,1.68,3.4,15.59,9,1.0
9263824529929535488,San Francisco Bay Area,California,Santa Clara,958.8,393.0,211890.0,34.28,1.08,50.3,0.0,0.0,0.06,2.85,11.44,4,1.0
9263824564289273856,San Francisco Bay Area,California,Santa Clara,84.6,27.4,141404.0,38.28,2.74,13.26,0.0,9.1,0.76,9.6,26.27,3,1.0
9263824633008750592,San Francisco Bay Area,California,Santa Clara,677.6,252.4,242654.0,27.91,3.54,49.77,0.0,2.43,0.0,6.29,10.06,3,1.0
9263824804807442432,San Francisco Bay Area,California,Santa Clara,25.9,8.8,121953.0,18.22,2.14,18.55,0.0,0.0,0.0,2.72,58.37,1,1.0
9263824839167180800,San Francisco Bay Area,California,Santa Clara,37.4,11.6,145550.0,27.75,2.68,14.16,0.0,5.12,0.0,6.32,43.98,2,1.0
9263824873526919168,San Francisco Bay Area,California,Santa Clara,40.6,13.3,157192.0,26.92,2.43,18.81,0.0,4.21,0.4,5.87,41.37,3,1.0
9263824907886657536,San Francisco Bay Area,California,Santa Clara,1773.1,673.3,178673.0,20.27,1.65,40.59,0.08,0.0,1.83,3.42,32.15,5,1.0
9263824942246395904,San Francisco Bay Area,California,Santa Clara,4329.6,1931.9,181584.0,25.46,0.98,47.05,0.06,0.0,0.35,1.9,24.2,7,1.0
9263824976606134272,San Francisco Bay Area,California,Santa Clara,25.9,8.8,121953.0,18.22,2.14,18.55,0.0,0.0,0.0,2.72,58.37,1,1.0
9263825010965872640,San Francisco Bay Area,California,Santa Clara,25.9,8.8,121953.0,18.22,2.14,18.55,0.0,0.0,0.0,2.72,58.37,1,1.0
9263825045325611008,San Francisco Bay Area,California,Santa Clara,5242.6,2371.8,200056.0,27.1,1.71,53.45,0.0,0.0,0.66,2.15,14.93,6,1.0
9263825079685349376,San Francisco Bay Area,California,Santa Clara,2616.1,1060.0,121644.0,25.29,1.09,46.57,0.0,0.0,0.56,3.21,23.28,4,1.0
9263825114045087744,San Francisco Bay Area,California,Santa Clara,25.9,8.8,121953.0,18.22,2.14,18.55,0.0,0.0,0.0,2.72,58.37,1,1.0
9263827347428081664,San Francisco Bay Area,California,Santa Clara,46.7,20.9,74250.0,27.97,1.07,25.83,0.0,0.0,2.39,4.29,38.45,1,1.0
9263827416147558400,San Francisco Bay Area,California,Santa Clara,46.7,20.9,74250.0,27.97,1.07,25.83,0.0,0.0,2.39,4.29,38.45,1,1.0
9263827450507296768,San Francisco Bay Area,California,Santa Clara,46.7,20.9,74250.0,27.97,1.07,25.83,0.0,0.0,2.39,4.29,38.45,1,1.0
9263827484867035136,San Francisco Bay Area,California,Santa Clara,985.3,356.7,196688.0,32.98,0.24,42.5,0.17,0.0,0.06,3.92,20.14,4,1.0
9263827519226773504,San Francisco Bay Area,California,Santa Clara,2908.2,1024.9,182538.0,35.06,12.16,35.66,0.11,0.0,0.69,3.68,12.64,6,1.0
9263827553586511872,San Francisco Bay Area,California,Santa Clara,1414.1,558.9,204369.0,33.36,0.48,50.85,0.0,0.0,1.61,5.37,8.33,5,1.0
9263827587946250240,San Francisco Bay Area,California,Santa Clara,54.2,23.4,81770.0,27.09,0.92,28.13,0.0,0.0,2.05,4.6,37.21,2,1.0
9263827725385203712,San Francisco Bay Area,California,Santa Clara,267.4,107.1,212112.0,29.53,1.45,53.01,0.0,0.0,0.89,7.39,7.73,4,1.0
9263827828464418816,San Francisco Bay Area,California,Santa Clara,3353.2,1113.6,229323.0,38.15,0.23,46.77,0.0,0.0,0.0,7.0,7.86,8,1.0
9263827862824157184,San Francisco Bay Area,California,Santa Clara,2678.3,1052.6,229718.0,38.89,4.5,42.15,0.0,0.0,0.0,8.85,5.61,7,1.0
9263827897183895552,San Francisco Bay Area,California,Santa Clara,4224.3,1756.7,199785.0,35.72,0.41,48.52,0.0,0.0,0.01,6.82,8.53,8,1.0
9263827931543633920,San Francisco Bay Area,California,Santa Clara,2847.2,1010.9,244343.0,41.13,0.34,47.11,0.02,0.0,1.19,4.74,5.47,7,1.0
9263827965903372288,San Francisco Bay Area,California,Santa Clara,3838.3,1565.2,175822.0,41.67,0.96,34.91,0.16,0.0,1.12,6.38,14.81,9,1.0
9263828000263110656,San Francisco Bay Area,California,Santa Clara,3345.2,1377.5,181017.0,39.58,0.0,49.06,0.0,0.0,0.01,7.1,4.25,8,1.0
9263828034622849024,San Francisco Bay Area,California,Santa Clara,1670.6,526.2,217929.0,41.7,0.07,33.84,0.01,0.0,0.0,11.25,13.13,4,1.0
9263828068982587392,San Francisco Bay Area,California,Santa Clara,3167.5,1175.4,179638.0,35.97,0.47,33.8,1.2,0.0,0.85,4.16,23.54,5,1.0
9263828172061802496,San Francisco Bay Area,California,Santa Clara,183.1,54.8,250001.0,58.14,1.21,27.41,0.09,0.0,0.0,5.59,7.55,1,1.0
9263828275141017600,San Francisco Bay Area,California,Santa Clara,746.0,276.5,250001.0,78.19,0.57,9.05,0.02,0.01,1.9,5.22,5.04,3,1.0
9263828309500755968,San Francisco Bay Area,California,Santa Clara,3347.9,825.2,196209.0,52.39,3.19,24.43,0.25,0.23,0.52,7.05,11.94,6,1.0
9263828343860494336,San Francisco Bay Area,California,Santa Clara,815.4,193.5,250001.0,52.49,2.5,22.72,0.01,0.49,0.89,7.65,13.26,2,1.0
9263828378220232704,San Francisco Bay Area,California,Santa Clara,2166.0,207.2,212954.0,39.14,5.62,27.31,1.26,0.62,0.68,8.58,16.77,6,1.0
9263828412579971072,San Francisco Bay Area,California,Santa Clara,8125.4,1737.6,70817.0,42.41,3.17,30.95,0.15,0.05,0.28,6.96,16.03,8,1.0
9263828446939709440,San Francisco Bay Area,California,Santa Clara,3648.3,1371.3,167012.0,53.2,4.4,31.08,0.0,0.0,0.46,6.43,4.42,9,1.0
9263828481299447808,San Francisco Bay Area,California,Santa Clara,1396.9,562.6,174926.0,52.62,4.74,30.92,0.01,0.0,0.02,6.78,4.9,5,1.0
9263828515659186176,San Francisco Bay Area,California,Santa Clara,2039.5,880.4,202086.0,43.57,0.52,40.08,0.0,0.0,0.0,10.08,5.74,7,1.0
9263828550018924544,San Francisco Bay Area,California,Santa Clara,2884.7,1176.1,189180.0,53.42,0.1,35.13,0.0,0.0,0.07,6.89,4.38,9,1.0
9263828584378662912,San Francisco Bay Area,California,Santa Clara,2569.4,928.0,238686.0,43.87,0.04,42.92,3.77,0.21,0.83,6.33,2.02,8,1.0
9263828618738401280,San Francisco Bay Area,California,Santa Clara,4660.8,1828.6,157546.0,33.8,5.26,18.84,0.0,1.34,0.09,7.08,33.59,11,1.0
9263828653098139648,San Francisco Bay Area,California,Santa Clara,2866.7,1035.3,249017.0,56.6,1.7,25.54,0.0,0.48,0.0,6.54,9.15,6,1.0
9263828687457878016,San Francisco Bay Area,California,Santa Clara,2589.5,932.1,250001.0,52.37,0.32,36.12,0.26,0.01,0.1,6.37,4.45,7,1.0
9263828721817616384,San Francisco Bay Area,California,Santa Clara,2093.8,608.7,216455.0,48.79,2.71,29.59,0.21,0.0,0.1,7.6,11.01,6,1.0
9263828756177354752,San Francisco Bay Area,California,Santa Clara,871.0,183.4,91320.0,36.87,3.55,35.5,0.93,0.61,0.13,8.89,13.52,4,1.0
9263828790537093120,San Francisco Bay Area,California,Santa Clara,2219.1,1086.1,130715.0,47.22,1.48,30.22,0.24,0.0,0.14,4.07,16.63,8,1.0
9263828824896831488,San Francisco Bay Area,California,Santa Clara,3910.6,1781.6,172196.0,51.22,7.26,19.77,0.04,0.09,0.01,13.9,7.72,11,1.0
9263828859256569856,San Francisco Bay Area,California,Santa Clara,2858.2,1201.9,210547.0,61.41,1.02,20.01,0.0,0.02,0.09,6.45,11.0,10,1.0
9263828893616308224,San Francisco Bay Area,California,Santa Clara,2890.5,1044.3,213693.0,46.07,0.33,29.06,0.0,0.0,0.45,4.17,19.92,7,1.0
9263828927976046592,San Francisco Bay Area,California,San Mateo,2271.3,735.6,166403.0,50.97,0.88,16.55,0.21,0.6,0.83,5.73,24.22,4,1.0
9263828962335784960,San Francisco Bay Area,California,San Mateo,2491.8,754.1,202869.0,39.31,2.96,13.69,0.4,4.1,0.18,7.67,31.69,10,1.0
9263828996695523328,San Francisco Bay Area,California,San Mateo,6496.4,1723.8,103481.0,8.86,8.0,4.23,0.06,11.16,2.21,1.53,63.95,9,1.0
9263829031055261696,San Francisco Bay Area,California,Santa Clara,4258.1,1410.5,164378.0,34.51,3.58,11.02,0.0,2.83,3.59,2.24,42.24,8,1.0
9263829065415000064,San Francisco Bay Area,California,San Mateo,4214.6,1424.7,117038.0,18.05,10.63,14.33,0.0,3.55,2.79,4.41,46.23,9,1.0
9263829099774738432,San Francisco Bay Area,California,San Mateo,3883.7,925.4,112825.0,9.84,8.75,10.63,0.04,5.95,1.97,1.17,61.65,7,1.0
9263829237213691904,San Francisco Bay Area,California,San Mateo,1619.5,430.9,99751.0,30.44,5.56,2.42,0.0,12.22,0.01,2.16,47.2,4,1.0
9263829271573430272,San Francisco Bay Area,California,Santa Clara,2537.0,738.7,163872.0,12.06,8.93,5.13,0.0,6.31,0.02,0.6,66.95,6,1.0
9263829305933168640,San Francisco Bay Area,California,Santa Clara,2219.9,826.6,182320.0,42.27,0.06,49.7,0.1,0.01,0.16,2.1,5.6,8,1.0
9263829340292907008,San Francisco Bay Area,California,Santa Clara,47.5,21.1,76242.0,27.88,1.05,26.41,0.0,0.0,2.35,4.26,38.05,2,1.0
9263830233646104576,San Francisco Bay Area,California,San Mateo,566.0,129.5,142237.0,6.09,20.21,8.64,0.9,11.57,0.32,1.41,50.86,2,1.0
9263830302365581312,San Francisco Bay Area,California,San Mateo,136.1,55.1,225519.0,12.67,9.11,40.22,0.42,4.76,0.0,3.45,29.37,2,1.0
9263830336725319680,San Francisco Bay Area,California,San Mateo,1319.5,312.5,134746.0,4.31,11.05,4.93,0.62,11.01,0.89,1.7,65.49,5,1.0
9263830371085058048,San Francisco Bay Area,California,San Mateo,4903.9,1424.4,149027.0,11.51,5.45,13.87,0.12,1.37,0.0,4.98,62.69,8,1.0
9263830405444796416,San Francisco Bay Area,California,San Mateo,1809.5,508.2,244171.0,43.22,2.39,16.2,0.23,0.95,0.01,8.57,28.43,6,1.0
9263830439804534784,San Francisco Bay Area,California,San Mateo,1388.3,373.7,234234.0,20.71,7.21,13.35,0.0,0.03,0.21,5.02,53.47,5,1.0
9263830474164273152,San Francisco Bay Area,California,San Mateo,433.2,126.8,213306.0,7.16,6.68,18.28,0.0,0.0,0.0,2.29,65.59,3,1.0
9263830542883749888,San Francisco Bay Area,California,San Mateo,90.1,47.5,250001.0,16.79,0.0,61.55,0.0,0.0,0.0,4.77,16.89,1,1.0
9263843049828515840,San Francisco Bay Area,California,Santa Clara,656.3,252.5,125261.0,27.92,1.05,46.5,0.0,0.0,0.0,4.24,20.29,3,1.0
9263843084188254208,San Francisco Bay Area,California,Santa Clara,260.2,88.6,174646.0,17.61,6.05,60.93,0.0,0.0,0.0,0.07,15.34,2,1.0
9263843118547992576,San Francisco Bay Area,California,Santa Clara,25.9,8.8,121953.0,18.22,2.14,18.55,0.0,0.0,0.0,2.72,58.37,1,1.0
9263843221627207680,San Francisco Bay Area,California,Santa Clara,732.8,313.1,141859.0,13.29,1.25,44.09,0.0,0.0,0.0,6.75,34.62,4,1.0
9263843977541451776,San Francisco Bay Area,California,Santa Clara,4504.7,1750.1,194871.0,14.33,1.08,56.81,0.0,0.0,0.03,3.16,24.59,7,1.0
9263844011901190144,San Francisco Bay Area,California,Santa Clara,7049.7,3499.6,202667.0,18.08,0.29,64.57,0.0,0.0,0.3,1.9,14.85,12,1.0
9263844183699881984,San Francisco Bay Area,California,Santa Clara,4546.8,1071.5,177532.0,13.64,3.96,56.03,0.24,0.12,0.15,1.65,24.21,9,1.0
9263844218059620352,San Francisco Bay Area,California,Santa Clara,795.4,375.2,246610.0,20.92,1.25,68.99,0.0,0.04,0.01,1.96,6.84,3,1.0
9263844252419358720,San Francisco Bay Area,California,Santa Clara,1918.6,964.8,206402.0,13.06,0.31,81.42,0.0,0.0,0.0,2.58,2.64,4,1.0
9263844286779097088,San Francisco Bay Area,California,Santa Clara,4365.2,1434.2,199149.0,16.91,1.98,64.51,0.0,0.0,0.15,0.96,15.5,8,1.0
9263844321138835456,San Francisco Bay Area,California,Santa Clara,3912.1,967.6,115676.0,9.95,2.78,44.01,0.0,0.0,0.0,0.09,43.17,5,1.0
9263844355498573824,San Francisco Bay Area,California,Santa Clara,275.3,126.1,245210.0,14.71,0.15,80.25,0.0,0.0,0.0,1.34,3.55,2,1.0
9263844389858312192,San Francisco Bay Area,California,Santa Clara,253.4,115.1,243999.0,13.87,0.02,81.43,0.0,0.0,0.0,1.25,3.43,2,1.0
9263844424218050560,San Francisco Bay Area,California,Santa Clara,3846.5,2031.7,192379.0,14.28,0.77,78.66,0.0,0.0,0.0,2.39,3.89,5,1.0
9263844458577788928,San Francisco Bay Area,California,Santa Clara,4157.2,1840.4,227016.0,18.08,2.45,61.49,0.0,0.0,0.52,6.82,10.64,9,1.0
9263844492937527296,San Francisco Bay Area,California,Santa Clara,936.0,234.4,165546.0,21.9,1.9,45.93,0.0,0.0,0.0,1.81,28.45,3,1.0
9263844527297265664,San Francisco Bay Area,California,Santa Clara,1574.6,382.7,169360.0,21.93,3.32,42.67,0.0,0.0,0.0,2.89,29.2,4,1.0
9263844561657004032,San Francisco Bay Area,California,Santa Clara,502.3,227.6,213884.0,22.16,0.74,43.41,0.0,0.0,0.0,2.47,31.22,3,1.0
9263844596016742400,San Francisco Bay Area,California,Santa Clara,676.1,199.2,156485.0,26.21,3.78,44.54,0.0,0.0,0.0,5.89,19.58,5,1.0
9263844630376480768,San Francisco Bay Area,California,Santa Clara,4084.2,1369.5,224923.0,18.93,3.32,57.91,0.0,0.0,0.0,3.1,16.74,8,1.0
9263844664736219136,San Francisco Bay Area,California,Santa Clara,4953.7,2150.7,210362.0,20.19,1.52,60.66,0.0,0.0,0.41,5.38,11.84,9,1.0
9263844699095957504,San Francisco Bay Area,California,Santa Clara,3856.6,1556.0,166410.0,12.49,12.77,51.57,0.0,0.0,0.04,3.21,19.91,7,1.0
9263844733455695872,San Francisco Bay Area,California,Santa Clara,2391.9,962.7,154083.0,15.21,5.71,62.25,0.0,0.0,0.0,3.93,12.89,6,1.0
9263844767815434240,San Francisco Bay Area,California,Santa Clara,3886.3,1416.1,220545.0,12.31,0.91,73.21,0.0,0.0,1.48,3.95,8.15,5,1.0
9263844802175172608,San Francisco Bay Area,California,Santa Clara,347.2,118.3,176094.0,17.59,6.16,62.1,0.0,0.0,0.0,0.0,14.14,1,1.0
9263844836534910976,San Francisco Bay Area,California,Santa Clara,347.1,118.2,176094.0,17.59,6.16,62.1,0.0,0.0,0.0,0.0,14.14,1,1.0
9263844870894649344,San Francisco Bay Area,California,Santa Clara,1255.6,443.2,136910.0,24.0,0.88,50.69,0.0,0.07,0.02,3.66,20.68,4,1.0
9263844905254387712,San Francisco Bay Area,California,Santa Clara,1889.9,739.7,138097.0,19.28,0.9,46.91,0.0,1.11,0.42,5.74,25.63,5,1.0
9263844939614126080,San Francisco Bay Area,California,Santa Clara,996.8,476.7,243989.0,14.21,0.22,67.99,0.0,0.0,0.67,3.23,13.69,3,1.0
9263844973973864448,San Francisco Bay Area,California,Santa Clara,530.8,205.8,197983.0,22.7,2.47,46.2,0.0,0.0,0.0,3.48,25.15,3,1.0
9263845008333602816,San Francisco Bay Area,California,Santa Clara,576.0,269.1,220127.0,20.51,0.0,42.18,0.0,0.0,0.0,1.91,35.4,2,1.0
9263845042693341184,San Francisco Bay Area,California,Santa Clara,2910.9,1241.7,218741.0,15.06,0.68,61.67,0.0,0.0,0.14,3.83,18.61,7,1.0
9263845077053079552,San Francisco Bay Area,California,Santa Clara,3946.0,1408.5,218803.0,31.8,0.23,52.98,0.0,0.0,0.0,2.28,12.71,9,1.0
9263845111412817920,San Francisco Bay Area,California,Santa Clara,4364.1,1802.8,183871.0,19.54,2.65,68.5,0.0,0.0,0.15,1.97,7.19,9,1.0
9263845145772556288,San Francisco Bay Area,California,Santa Clara,3916.9,1335.0,235203.0,26.08,1.4,54.38,0.0,0.29,0.18,5.83,11.83,7,1.0
9263845180132294656,San Francisco Bay Area,California,Santa Clara,3185.0,1049.9,184658.0,30.17,0.54,45.91,0.0,0.99,0.0,2.13,20.26,6,1.0
9263845214492033024,San Francisco Bay Area,California,Santa Clara,968.8,404.7,203886.0,29.1,0.24,46.82,0.0,1.13,0.0,2.43,20.28,3,1.0
9263845248851771392,San Francisco Bay Area,California,Santa Clara,503.7,246.6,225378.0,20.79,0.09,43.74,0.0,0.0,0.0,2.07,33.32,3,1.0
9263845283211509760,San Francisco Bay Area,California,Santa Clara,1256.9,524.2,171607.0,18.68,0.32,39.84,0.0,0.0,0.0,4.6,36.56,3,1.0
9263845317571248128,San Francisco Bay Area,California,Santa Clara,5312.6,1986.0,162647.0,25.0,4.53,44.22,0.0,0.13,0.0,1.13,24.99,8,1.0
9263845351930986496,San Francisco Bay Area,California,Santa Clara,3869.3,1427.0,160034.0,28.46,2.41,38.91,0.0,0.0,0.43,4.55,25.23,10,1.0
9263845386290724864,San Francisco Bay Area,California,Santa Clara,5059.1,2226.4,154722.0,32.7,2.93,40.39,0.0,0.0,0.0,5.35,18.63,8,1.0
9263845420650463232,San Francisco Bay Area,California,Santa Clara,4287.2,1780.6,141729.0,46.88,1.2,24.25,0.04,0.0,0.43,5.29,21.92,9,1.0
9263845455010201600,San Francisco Bay Area,California,Santa Clara,4747.8,1680.9,190759.0,27.25,4.15,35.4,0.02,0.0,1.98,7.28,23.94,9,1.0
9263845489369939968,San Francisco Bay Area,California,Santa Clara,3653.4,1481.2,179478.0,34.43,0.89,44.62,0.07,0.0,0.29,3.79,15.9,6,1.0
9263845523729678336,San Francisco Bay Area,California,Santa Clara,3694.9,1611.2,179089.0,23.41,0.53,54.58,0.0,0.0,0.53,4.81,16.15,5,1.0
9263845558089416704,San Francisco Bay Area,California,Santa Clara,5462.6,2462.7,171643.0,21.88,1.32,57.34,0.0,0.0,0.0,4.79,14.67,7,1.0
9263845592449155072,San Francisco Bay Area,California,Santa Clara,3508.0,1293.7,205074.0,27.93,0.58,51.09,0.0,0.0,0.17,2.01,18.22,7,1.0
9263845626808893440,San Francisco Bay Area,California,Santa Clara,3931.7,1422.5,211376.0,23.87,2.67,53.13,0.23,2.41,0.87,5.26,11.56,9,1.0
9263845661168631808,San Francisco Bay Area,California,Santa Clara,4410.9,1575.1,202108.0,24.91,1.0,54.55,0.87,0.35,2.77,6.22,9.33,6,1.0
9263845695528370176,San Francisco Bay Area,California,Santa Clara,6538.5,2484.9,142401.0,16.15,1.93,55.88,0.36,0.0,1.39,3.7,20.59,9,1.0
9263845729888108544,San Francisco Bay Area,California,Santa Clara,3608.5,1264.8,194535.0,17.79,2.47,63.15,0.15,0.0,0.09,6.28,10.06,6,1.0
9263845764247846912,San Francisco Bay Area,California,Santa Clara,3164.1,1061.6,214466.0,20.99,0.65,60.55,0.0,0.0,0.0,11.65,6.15,6,1.0
9263845798607585280,San Francisco Bay Area,California,Santa Clara,3560.6,1247.1,165915.0,31.61,1.08,47.0,0.0,0.0,0.0,6.69,13.62,7,1.0
9263845832967323648,San Francisco Bay Area,California,Santa Clara,4329.1,1674.4,104551.0,26.65,7.19,33.5,0.0,2.06,3.09,2.22,25.29,8,1.0
9263845867327062016,San Francisco Bay Area,California,Santa Clara,4988.4,1878.3,144395.0,25.5,5.72,34.81,0.0,0.76,2.26,2.85,28.09,10,1.0
9263845901686800384,San Francisco Bay Area,California,Santa Clara,4418.8,1564.6,114252.0,18.17,5.66,39.58,0.0,0.0,1.41,2.97,32.21,8,1.0
9263845936046538752,San Francisco Bay Area,California,Santa Clara,4131.0,1594.2,157841.0,39.49,2.17,29.8,0.0,0.02,1.14,3.51,23.88,8,1.0
9263845970406277120,San Francisco Bay Area,California,Santa Clara,4138.6,1649.2,161942.0,36.97,4.11,27.26,0.0,0.04,0.44,3.78,27.4,10,1.0
9263846004766015488,San Francisco Bay Area,California,Santa Clara,3982.1,1830.5,170776.0,32.59,8.39,34.48,0.0,0.0,1.06,4.14,19.34,9,1.0
9263846039125753856,San Francisco Bay Area,California,Santa Clara,2735.4,1123.8,195766.0,36.19,0.64,43.91,0.0,0.0,0.04,6.16,13.06,8,1.0
9263846073485492224,San Francisco Bay Area,California,Santa Clara,4380.7,1968.9,139521.0,41.86,0.62,34.63,0.0,0.0,0.12,7.49,15.28,10,1.0
9263846107845230592,San Francisco Bay Area,California,Santa Clara,3803.8,1550.6,171363.0,40.12,0.95,38.81,0.0,1.07,1.55,3.37,14.13,9,1.0
9263846142204968960,San Francisco Bay Area,California,Santa Clara,3975.4,1821.9,128012.0,45.01,1.77,28.38,0.0,0.79,0.56,4.0,19.49,9,1.0
9263846176564707328,San Francisco Bay Area,California,Santa Clara,3046.9,1265.4,133304.0,48.13,0.67,26.29,0.01,0.4,2.67,2.7,19.13,6,1.0
9263846210924445696,San Francisco Bay Area,California,Santa Clara,3209.4,1142.5,129216.0,45.42,4.31,21.43,0.37,0.89,0.6,4.8,22.19,9,1.0
9263846245284184064,San Francisco Bay Area,California,Santa Clara,2301.3,959.2,193850.0,61.6,0.59,16.97,2.68,0.0,0.71,5.16,12.29,8,1.0
9263846279643922432,San Francisco Bay Area,California,Santa Clara,2261.2,1009.2,156656.0,46.86,0.67,24.11,0.01,0.0,0.2,4.6,23.56,7,1.0
9263846314003660800,San Francisco Bay Area,California,Santa Clara,3229.0,1376.9,189888.0,39.98,4.02,26.2,0.0,0.07,0.25,7.24,22.25,7,1.0
9263846348363399168,San Francisco Bay Area,California,Santa Clara,2816.3,1239.5,133802.0,35.92,1.97,26.42,0.0,0.3,0.34,8.03,27.02,8,1.0
9263846382723137536,San Francisco Bay Area,California,Santa Clara,3512.6,1381.9,114983.0,27.49,1.43,20.31,0.0,0.38,0.44,4.06,45.88,7,1.0
9263846417082875904,San Francisco Bay Area,California,Santa Clara,4277.0,1561.1,107991.0,25.26,1.42,13.01,0.0,0.02,0.29,11.19,48.81,8,1.0
9263846451442614272,San Francisco Bay Area,California,Santa Clara,4215.3,1681.1,136491.0,35.43,1.67,9.56,0.13,0.0,0.32,3.13,49.76,10,1.0
9263846485802352640,San Francisco Bay Area,California,Santa Clara,5140.7,1932.7,112808.0,22.82,5.23,15.71,0.01,0.0,0.9,3.74,51.59,11,1.0
9263846520162091008,San Francisco Bay Area,California,Santa Clara,4412.0,2239.4,152798.0,27.34,6.48,30.0,0.11,0.04,0.31,4.1,31.63,6,1.0
9263846554521829376,San Francisco Bay Area,California,Santa Clara,4551.8,2165.6,131360.0,35.84,7.54,21.75,0.04,0.02,0.17,4.88,29.77,5,1.0
9263846588881567744,San Francisco Bay Area,California,Santa Clara,2691.0,1100.8,135147.0,18.19,7.93,24.96,0.06,0.0,0.65,6.15,42.06,7,1.0
9263846623241306112,San Francisco Bay Area,California,Santa Clara,2873.4,1105.7,162658.0,36.36,2.5,19.18,0.45,0.0,0.37,5.95,35.2,9,1.0
9263846657601044480,San Francisco Bay Area,California,Santa Clara,1778.6,664.9,157075.0,29.42,10.6,11.77,0.05,0.19,0.55,10.51,36.9,6,1.0
9263846691960782848,San Francisco Bay Area,California,Santa Clara,2237.7,477.2,135052.0,25.11,10.02,8.97,0.77,0.63,1.67,5.44,47.4,4,1.0
9263846726320521216,San Francisco Bay Area,California,Santa Clara,1975.1,924.3,118951.0,22.68,2.54,28.98,0.0,0.0,1.7,4.85,39.25,7,1.0
9263846760680259584,San Francisco Bay Area,California,Santa Clara,1255.5,664.9,94310.0,11.08,1.22,46.2,0.0,0.02,0.0,3.5,37.98,4,1.0
9263846795039997952,San Francisco Bay Area,California,Santa Clara,1015.0,504.8,152847.0,21.35,4.68,38.98,0.0,0.0,0.0,2.33,32.65,5,1.0
9263846829399736320,San Francisco Bay Area,California,Santa Clara,192.7,85.6,166441.0,29.17,3.12,29.24,0.01,0.0,0.08,2.63,35.75,3,1.0
9263846863759474688,San Francisco Bay Area,California,Santa Clara,2061.8,503.0,145686.0,43.08,2.98,33.74,0.33,0.08,0.75,5.09,13.94,3,1.0
9263846898119213056,San Francisco Bay Area,California,Santa Clara,5001.8,1414.9,131906.0,44.13,1.8,35.54,0.27,0.03,1.5,4.79,11.94,8,1.0
9263846932478951424,San Francisco Bay Area,California,Santa Clara,1432.3,570.1,163750.0,40.27,2.46,34.34,0.0,0.0,0.0,3.84,19.09,6,1.0
9263846966838689792,San Francisco Bay Area,California,Santa Clara,75.7,37.4,227092.0,29.89,0.0,38.65,0.0,0.0,0.0,1.83,29.63,2,1.0
9263847001198428160,San Francisco Bay Area,California,Santa Clara,104.5,60.6,190210.0,19.41,8.43,66.99,0.0,0.0,0.0,0.43,4.74,3,1.0
9263847035558166528,San Francisco Bay Area,California,Santa Clara,300.8,148.7,227092.0,21.71,0.0,43.16,0.0,0.0,0.0,2.04,33.09,2,1.0
9263847069917904896,San Francisco Bay Area,California,Santa Clara,236.3,97.0,198552.0,23.4,1.36,51.43,0.0,0.0,0.0,1.82,21.98,4,1.0
9263847104277643264,San Francisco Bay Area,California,Santa Clara,244.3,111.2,244509.0,13.9,0.0,81.57,0.0,0.0,0.0,1.25,3.28,2,1.0
9263847138637381632,San Francisco Bay Area,California,Santa Clara,252.9,115.1,244509.0,13.78,0.0,81.69,0.0,0.0,0.0,1.25,3.28,1,1.0
9263847172997120000,San Francisco Bay Area,California,Santa Clara,428.7,242.4,179015.0,12.09,6.68,70.2,0.0,0.0,0.0,1.06,9.97,4,1.0
9263847207356858368,San Francisco Bay Area,California,Santa Clara,280.0,118.4,230735.0,13.37,0.46,75.91,0.0,1.66,0.16,2.12,6.31,2,1.0
9263847241716596736,San Francisco Bay Area,California,Santa Clara,386.1,139.4,200894.0,12.34,1.23,64.76,0.0,2.66,0.26,2.39,16.36,3,1.0
9263847688393195520,San Francisco Bay Area,California,Santa Clara,1754.7,587.2,142342.0,6.76,5.63,42.75,0.36,1.23,0.92,3.26,39.09,6,1.0
9263847757112672256,San Francisco Bay Area,California,Santa Clara,1677.5,513.3,102175.0,10.26,0.39,78.88,0.01,1.42,0.15,1.65,7.25,4,1.0
9263847791472410624,San Francisco Bay Area,California,Santa Clara,2063.9,616.6,149095.0,5.65,3.57,20.01,0.0,0.48,0.1,12.01,58.19,7,1.0
9263847825832148992,San Francisco Bay Area,California,Santa Clara,5292.4,2467.8,160534.0,23.96,10.27,28.77,0.0,0.0,0.61,5.32,31.08,8,1.0
9263847860191887360,San Francisco Bay Area,California,Santa Clara,4834.7,1557.7,150235.0,13.68,2.35,18.62,0.12,0.0,1.25,2.31,61.68,8,1.0
9263847894551625728,San Francisco Bay Area,California,Santa Clara,5984.4,2496.4,93102.0,28.42,4.67,15.53,0.02,0.0,1.52,3.22,46.62,11,1.0
9263847928911364096,San Francisco Bay Area,California,Santa Clara,5732.5,2753.2,118598.0,24.46,6.41,29.4,0.34,0.0,3.38,7.87,28.15,10,1.0
9263847963271102464,San Francisco Bay Area,California,Santa Clara,2882.7,1573.6,155407.0,32.76,7.01,28.0,1.35,0.1,0.16,6.38,24.24,8,1.0
9263847997630840832,San Francisco Bay Area,California,Santa Clara,2732.5,1130.3,122530.0,23.19,5.17,17.26,0.01,0.04,0.85,3.34,50.12,9,1.0
9263848031990579200,San Francisco Bay Area,California,Santa Clara,5068.9,1891.0,91884.0,14.54,6.3,18.19,0.07,0.17,1.0,3.77,55.95,13,1.0
9263848066350317568,San Francisco Bay Area,California,Santa Clara,6843.0,3042.6,104178.0,30.68,6.95,34.14,0.01,0.32,0.29,4.5,23.12,12,1.0
9263848100710055936,San Francisco Bay Area,California,Santa Clara,7178.1,1702.6,126924.0,34.13,5.18,20.32,0.49,0.45,0.38,4.37,34.7,11,1.0
9263848135069794304,San Francisco Bay Area,California,Santa Clara,6880.3,2244.5,98972.0,27.36,3.59,19.81,0.66,0.27,0.15,5.41,42.75,12,1.0
9263848169429532672,San Francisco Bay Area,California,Santa Clara,2934.8,915.3,116708.0,8.54,0.22,36.22,2.97,0.47,0.14,2.99,48.46,8,1.0
9263848203789271040,San Francisco Bay Area,California,Santa Clara,6601.2,1932.3,101216.0,17.13,1.59,22.06,0.7,0.0,0.13,2.65,55.74,10,1.0
9263848238149009408,San Francisco Bay Area,California,Santa Clara,4377.8,1187.2,91369.0,20.16,0.92,16.18,0.17,0.03,0.52,1.28,60.74,9,1.0
9263848272508747776,San Francisco Bay Area,California,Santa Clara,3711.3,1157.7,106083.0,18.63,2.81,14.66,0.16,0.4,0.55,1.96,60.83,12,1.0
9263848306868486144,San Francisco Bay Area,California,Santa Clara,2922.5,833.5,133952.0,13.1,2.88,15.8,0.26,0.53,2.3,1.99,63.14,7,1.0
9263848513026916352,San Francisco Bay Area,California,Santa Clara,4854.4,1234.2,95994.0,3.3,1.28,33.65,0.0,0.32,0.0,0.88,60.57,9,1.0
9263848547386654720,San Francisco Bay Area,California,Santa Clara,3632.3,923.5,85394.0,2.38,1.82,28.94,2.24,0.0,0.04,0.96,63.62,10,1.0
9278157729149485056,Los Angeles,California,Los Angeles,901.6,308.8,242592.0,87.61,0.34,2.94,0.0,0.0,0.48,5.24,3.39,7,1.0
9278157763509223424,Los Angeles,California,Los Angeles,937.0,361.8,215728.0,86.94,0.06,2.55,0.0,0.0,1.23,5.15,4.07,7,1.0
9278157797868961792,Los Angeles,California,Los Angeles,758.9,285.3,194974.0,84.43,0.44,3.29,0.0,0.0,3.53,2.77,5.54,5,1.0
9278157832228700160,Los Angeles,California,Los Angeles,2416.2,919.8,183366.0,87.34,0.13,5.74,0.0,0.0,0.27,4.62,1.91,8,1.0
9278157900948176896,Los Angeles,California,Los Angeles,1601.2,612.6,238441.0,85.48,0.3,4.77,0.06,0.0,0.71,4.94,3.73,7,1.0
9278157935307915264,Los Angeles,California,Los Angeles,1978.1,749.0,172430.0,82.37,0.0,7.65,0.06,0.0,0.25,6.07,3.59,7,1.0
9278157969667653632,Los Angeles,California,Los Angeles,1647.8,742.9,159533.0,74.7,0.47,5.89,0.2,0.0,0.33,11.42,7.0,5,1.0
9278159069179281408,Los Angeles,California,Los Angeles,1229.4,508.8,143719.0,81.51,0.0,7.52,0.0,0.0,0.32,7.52,3.14,4,1.0
9278159137898758144,Los Angeles,California,Los Angeles,2118.0,1041.0,133299.0,78.89,1.59,4.92,0.09,0.0,0.01,1.68,12.81,6,1.0
9278159172258496512,Los Angeles,California,Los Angeles,1519.6,684.0,165696.0,82.1,0.0,6.16,0.0,0.0,0.44,8.06,3.23,6,1.0
9278159206618234880,Los Angeles,California,Los Angeles,2172.2,879.3,231434.0,69.95,0.02,15.06,0.02,0.0,0.4,6.34,8.22,7,1.0
9278159240977973248,Los Angeles,California,Los Angeles,2560.6,1064.6,173602.0,74.55,0.04,10.77,0.01,0.01,3.23,7.87,3.52,8,1.0
9278159275337711616,Los Angeles,California,Los Angeles,8502.7,4785.6,128875.0,71.7,2.33,10.38,0.01,0.06,1.17,7.26,7.09,16,1.0
9278159309697449984,Los Angeles,California,Los Angeles,5675.0,3023.2,141826.0,69.67,1.33,12.92,1.27,0.33,0.23,3.24,11.02,9,1.0
9278159344057188352,Los Angeles,California,Los Angeles,5019.7,2987.8,100874.0,56.67,1.86,11.32,0.36,0.68,0.75,3.32,25.03,10,1.0
9278159378416926720,Los Angeles,California,Los Angeles,8763.7,5514.8,117879.0,67.58,6.23,10.35,0.04,0.0,0.09,6.57,9.14,12,1.0
9278159412776665088,Los Angeles,California,Los Angeles,2365.7,1372.3,94010.0,56.37,10.38,6.96,0.24,0.0,1.03,11.13,13.89,8,1.0
9278159447136403456,Los Angeles,California,Los Angeles,442.4,221.8,44110.0,43.73,8.2,4.08,0.01,0.0,2.48,21.98,19.52,3,1.0
9278159790733787136,Los Angeles,California,Los Angeles,1761.9,1031.0,106328.0,66.65,6.34,3.85,0.0,0.0,0.02,1.26,21.89,5,1.0
9278172091520122880,Los Angeles,California,Los Angeles,2170.9,1096.7,152118.0,57.02,4.57,13.06,0.04,0.0,0.0,6.37,18.93,7,1.0
9278172125879861248,Los Angeles,California,Los Angeles,1865.5,867.3,178906.0,72.13,1.51,6.13,0.93,0.0,0.05,5.48,13.77,6,1.0
9278172194599337984,Los Angeles,California,Los Angeles,3105.3,1821.1,117833.0,66.65,7.2,5.88,0.0,0.0,0.0,5.5,14.77,5,1.0
9278172228959076352,Los Angeles,California,Los Angeles,1765.9,1168.4,139347.0,65.55,7.16,7.37,0.0,0.0,0.0,10.64,9.29,5,1.0
9278172263318814720,Los Angeles,California,Los Angeles,2059.9,1147.8,166261.0,54.63,8.89,13.4,0.0,0.0,0.26,11.87,10.96,6,1.0
9278172297678553088,Los Angeles,California,Los Angeles,2438.1,1149.7,167752.0,59.76,6.06,9.13,0.25,0.21,0.23,9.34,15.01,9,1.0
9278172332038291456,Los Angeles,California,Los Angeles,6259.9,1840.5,169752.0,52.3,9.03,13.36,0.15,0.0,0.09,9.25,15.81,8,1.0
9278172366398029824,Los Angeles,California,Los Angeles,5055.7,2787.3,142789.0,49.37,9.27,20.29,0.0,0.0,0.39,8.21,12.48,8,1.0
9278172400757768192,Los Angeles,California,Los Angeles,4369.3,2274.5,142127.0,50.74,3.27,23.11,0.0,0.01,0.3,7.96,14.59,8,1.0
9278172435117506560,Los Angeles,California,Los Angeles,2779.5,1238.3,143309.0,43.81,7.27,20.16,0.0,0.41,0.0,7.11,21.24,8,1.0
9278172469477244928,Los Angeles,California,Los Angeles,3059.8,1210.5,174667.0,58.17,3.41,11.21,0.0,0.33,0.0,6.53,20.36,7,1.0
9278172503836983296,Los Angeles,California,Los Angeles,4001.2,1103.5,170954.0,59.63,4.55,13.31,0.15,0.2,0.12,5.26,16.79,10,1.0
9278172538196721664,Los Angeles,California,Los Angeles,3451.0,1255.8,148697.0,59.6,6.92,13.56,0.0,0.4,0.09,5.7,13.71,8,1.0
9278172572556460032,Los Angeles,California,Los Angeles,3123.3,1215.0,144145.0,59.02,2.06,10.94,0.0,0.04,0.02,3.55,24.37,11,1.0
9278172606916198400,Los Angeles,California,Los Angeles,680.7,296.7,77448.0,33.11,7.48,12.23,0.0,0.0,0.33,5.66,41.2,3,1.0
9278172709995413504,Los Angeles,California,Los Angeles,4103.9,1945.4,105542.0,52.81,7.17,16.82,0.1,0.19,0.34,9.92,12.65,8,1.0
9278172744355151872,Los Angeles,California,Los Angeles,5419.3,2971.8,126015.0,59.17,4.62,11.33,0.0,0.37,0.02,3.68,20.8,8,1.0
9278172813074628608,Los Angeles,California,Los Angeles,33.5,16.5,106029.0,55.72,2.34,14.31,0.0,0.0,0.0,6.22,21.4,2,1.0
9278172881794105344,Los Angeles,California,LOS_ANGELES,4503.4,2046.6,150525.0,66.95,2.42,9.13,0.1,0.0,0.0,3.58,17.81,5,1.0
9278172984873320448,Los Angeles,California,Los Angeles,0.0,0.0,,,,,,,,,,1,1.0
9278173019233058816,Los Angeles,California,Los Angeles,1046.2,447.7,160832.0,54.98,0.34,5.65,0.0,0.0,0.07,11.01,27.95,5,1.0
9278173053592797184,Los Angeles,California,LOS_ANGELES,3880.5,1593.3,145964.0,44.05,4.87,15.04,0.0,0.0,0.06,15.23,20.75,8,1.0
9278178379352244224,Los Angeles,California,Los Angeles,5149.5,2020.3,81412.0,2.3,76.57,1.34,0.0,0.0,0.39,5.5,13.91,12,1.0
9278178551150936064,Los Angeles,California,LOS_ANGELES,4003.4,1578.8,93468.0,2.88,66.75,2.0,0.33,0.0,0.21,6.96,20.87,8,1.0
9278178585510674432,Los Angeles,California,Los Angeles,3104.7,1150.6,103935.0,6.16,60.02,1.06,0.45,0.0,0.55,2.84,28.91,5,1.0
9278178619870412800,Los Angeles,California,Los Angeles,3507.9,1693.2,90735.0,4.03,77.09,1.36,0.22,0.0,0.0,4.88,12.42,8,1.0
9278178654230151168,Los Angeles,California,Los Angeles,4138.2,1667.9,84718.0,3.29,64.49,1.8,0.0,0.0,0.34,2.81,27.27,8,1.0
9278178688589889536,Los Angeles,California,Los Angeles,4904.3,1529.6,62329.0,1.19,30.91,0.91,0.0,1.06,0.32,1.38,64.23,8,1.0
9278178722949627904,Los Angeles,California,Los Angeles,7816.2,2295.7,73462.0,2.38,15.82,1.71,0.0,0.08,0.23,0.73,79.05,11,1.0
9278178757309366272,Los Angeles,California,Los Angeles,5435.8,1721.9,75155.0,4.45,31.47,1.33,0.0,0.13,2.15,1.71,58.76,8,1.0
9278178894748319744,Los Angeles,California,Los Angeles,8025.7,2407.5,56794.0,2.48,8.57,4.36,0.0,1.49,0.12,0.75,82.23,13,1.0
9278178929108058112,Los Angeles,California,Los Angeles,5982.6,2079.0,81278.0,8.59,7.49,9.09,0.0,0.0,0.0,4.4,70.44,9,1.0
9278178997827534848,Los Angeles,California,Los Angeles,2174.1,810.1,183246.0,46.28,2.07,22.19,0.0,0.71,0.42,4.3,24.02,6,1.0
9278179066547011584,Los Angeles,California,Los Angeles,0.0,0.0,,,,,,,,,,2,1.0
9278179100906749952,Los Angeles,California,Los Angeles,2522.1,908.8,129721.0,22.1,17.73,24.0,0.0,0.0,0.07,8.08,28.02,6,1.0
9278179135266488320,Los Angeles,California,Los Angeles,137.3,44.5,71985.0,1.74,6.79,8.76,0.0,0.0,0.0,6.66,76.05,4,1.0
9278179169626226688,Los Angeles,California,Los Angeles,0.0,0.0,,,,,,,,,,2,1.0
9278179203985965056,Los Angeles,California,Los Angeles,235.5,123.3,53977.0,35.6,17.62,5.22,0.0,0.0,0.0,3.4,38.15,2,1.0
9278179238345703424,Los Angeles,California,Los Angeles,508.3,176.7,54714.0,20.51,16.04,3.65,0.4,0.0,0.14,3.25,56.01,8,1.0
9278179272705441792,Los Angeles,California,Los Angeles,6438.5,1963.7,75697.0,6.13,4.71,4.71,0.0,0.14,0.29,0.62,83.41,11,1.0
9278179307065180160,Los Angeles,California,Los Angeles,7546.9,2130.2,64519.0,0.9,4.29,3.26,0.0,0.0,0.05,2.73,88.78,10,1.0
9278179341424918528,Los Angeles,California,Los Angeles,8782.9,2534.1,71612.0,1.83,8.67,4.13,0.05,0.77,0.64,0.21,83.72,13,1.0
9278179375784656896,Los Angeles,California,Los Angeles,10244.6,3678.0,63028.0,3.92,33.27,3.36,0.25,0.0,0.23,1.88,57.09,12,1.0
9278179410144395264,Los Angeles,California,Los Angeles,5008.1,2138.5,78775.0,9.26,40.01,4.45,0.0,0.07,0.39,4.45,41.37,10,1.0
9278179444504133632,Los Angeles,California,Los Angeles,8426.4,3193.8,66277.0,4.61,42.7,1.41,0.04,0.0,1.87,8.59,40.77,12,1.0
9278179478863872000,Los Angeles,California,Los Angeles,9321.9,3920.4,62653.0,9.22,51.66,1.9,0.0,0.0,0.19,4.26,32.77,8,1.0
9278179513223610368,Los Angeles,California,Los Angeles,6642.2,2418.3,61275.0,7.05,29.84,2.15,0.39,0.04,3.86,5.65,51.02,11,1.0
9278179547583348736,Los Angeles,California,Los Angeles,2621.5,741.9,89404.0,24.45,24.51,5.44,1.1,0.54,0.35,4.45,39.16,7,1.0
9278179581943087104,Los Angeles,California,Los Angeles,2319.2,1092.8,72663.0,25.0,13.92,20.2,1.03,0.0,0.17,6.35,33.33,6,1.0
9278179616302825472,Los Angeles,California,Los Angeles,3661.9,1507.7,155204.0,54.32,1.27,17.01,0.01,0.0,0.02,6.87,20.49,8,1.0
9278179650662563840,Los Angeles,California,Los Angeles,5393.5,2203.5,125465.0,28.26,22.58,15.33,0.95,0.72,1.59,6.52,24.05,9,1.0
9278179685022302208,Los Angeles,California,Los Angeles,6454.2,3180.6,119996.0,22.52,38.03,10.07,0.03,0.0,0.48,12.08,16.79,11,1.0
9278179719382040576,Los Angeles,California,Los Angeles,4643.1,2263.0,121218.0,40.38,14.18,23.55,0.0,0.0,1.31,7.95,12.62,6,1.0
9278179753741778944,Los Angeles,California,Los Angeles,2938.3,1468.6,110513.0,37.55,18.77,16.03,0.0,0.0,1.27,9.85,16.52,7,1.0
9278179788101517312,Los Angeles,California,Los Angeles,3577.8,1284.2,162691.0,22.15,54.37,3.65,0.31,0.0,0.0,7.48,12.05,7,1.0
9278179822461255680,Los Angeles,California,Los Angeles,1353.2,587.8,148854.0,17.14,59.04,6.36,1.35,0.0,0.0,4.56,11.54,7,1.0
9278179856820994048,Los Angeles,California,Los Angeles,4262.9,1735.7,125939.0,13.53,47.07,2.32,0.58,0.0,0.42,9.21,26.87,9,1.0
9278179891180732416,Los Angeles,California,Los Angeles,4407.6,1941.5,78768.0,9.91,53.54,3.98,0.09,0.0,0.07,8.57,23.84,11,1.0
9278179925540470784,Los Angeles,California,Los Angeles,2741.6,1190.8,176480.0,12.61,73.69,1.24,0.0,0.0,0.83,6.46,5.16,8,1.0
9278179959900209152,Los Angeles,California,Los Angeles,2926.3,1146.8,137843.0,12.36,73.48,2.34,0.72,0.0,0.34,4.87,5.89,9,1.0
9278179994259947520,Los Angeles,California,Los Angeles,4881.2,2084.4,59994.0,7.79,67.24,2.13,0.02,0.0,1.33,3.66,17.84,11,1.0
9278180028619685888,Los Angeles,California,Los Angeles,5408.1,1800.3,76933.0,3.03,53.83,1.62,0.0,0.05,1.32,9.04,31.11,11,1.0
9278180062979424256,Los Angeles,California,Los Angeles,4807.0,1883.2,90103.0,9.9,52.27,3.69,0.39,0.0,1.41,7.5,24.84,10,1.0
9278180097339162624,Los Angeles,California,Los Angeles,5284.0,1805.3,72790.0,7.42,19.69,0.2,0.0,0.0,0.35,3.1,69.23,10,1.0
9278180131698900992,Los Angeles,California,Los Angeles,1301.5,553.6,106869.0,9.17,55.01,4.73,0.0,0.0,0.42,3.01,27.66,7,1.0
9278180166058639360,Los Angeles,California,Los Angeles,4470.9,1729.6,86771.0,6.48,67.11,0.23,0.0,0.26,0.26,7.53,18.13,8,1.0
9278180200418377728,Los Angeles,California,Los Angeles,8398.5,3566.4,44284.0,4.24,45.53,2.55,0.0,0.56,0.45,2.96,43.71,13,1.0
9278180372217069568,Los Angeles,California,Los Angeles,8401.2,2380.1,84086.0,1.89,23.45,0.42,0.0,0.31,0.56,3.88,69.49,15,1.0
9278180440936546304,Los Angeles,California,Los Angeles,6622.2,2167.1,67446.0,3.87,36.68,1.9,0.0,0.21,2.81,2.08,52.45,10,1.0
9278180475296284672,Los Angeles,California,Los Angeles,8283.6,2509.4,80033.0,2.36,23.41,2.14,0.18,0.22,1.46,5.6,64.63,16,1.0
9278180509656023040,Los Angeles,California,Los Angeles,9218.4,2702.4,70106.0,4.52,12.75,2.25,0.16,0.1,1.07,4.4,74.76,16,1.0
9278180544015761408,Los Angeles,California,Los Angeles,8065.1,2605.8,63251.0,5.41,16.87,3.7,0.02,0.0,3.62,2.92,67.47,17,1.0
9278180578375499776,Los Angeles,California,Los Angeles,7763.1,2505.0,86571.0,8.83,20.09,2.38,0.03,0.0,0.45,4.29,63.93,13,1.0
9278180612735238144,Los Angeles,California,Los Angeles,7194.3,2587.3,70883.0,3.67,28.35,1.87,0.0,0.03,1.76,2.36,61.97,11,1.0
9278180647094976512,Los Angeles,California,Los Angeles,4930.4,2447.5,62364.0,7.3,78.97,1.49,0.19,1.24,0.71,3.31,6.79,11,1.0
9278180681454714880,Los Angeles,California,Los Angeles,6000.7,2714.1,79731.0,6.95,70.48,3.72,0.01,0.06,0.22,2.07,16.49,11,1.0
9278180715814453248,Los Angeles,California,Los Angeles,5836.1,2640.3,57660.0,6.26,50.73,10.88,0.06,0.0,2.32,4.62,25.12,13,1.0
9278180750174191616,Los Angeles,California,Los Angeles,5384.6,1892.7,82137.0,7.94,28.68,4.56,0.0,0.0,1.09,3.77,53.97,10,1.0
9278180784533929984,Los Angeles,California,Los Angeles,9242.5,3423.9,64301.0,8.5,27.74,3.41,0.03,0.0,1.73,2.45,56.15,13,1.0
9278180818893668352,Los Angeles,California,Los Angeles,6759.1,2665.1,84120.0,9.56,31.96,2.84,0.2,0.0,0.0,5.64,49.79,14,1.0
9278180853253406720,Los Angeles,California,Los Angeles,7835.4,2821.8,74597.0,14.47,20.31,8.1,0.0,0.0,0.77,4.39,51.96,15,1.0
9278180887613145088,Los Angeles,California,Los Angeles,5729.5,2167.9,59038.0,12.67,24.64,10.92,0.17,0.0,1.64,0.96,49.0,11,1.0
9278180921972883456,Los Angeles,California,Los Angeles,11158.8,3800.3,56344.0,5.5,13.11,17.3,0.06,0.0,1.0,1.09,61.95,14,1.0
9278180956332621824,Los Angeles,California,Los Angeles,7229.4,2609.9,58483.0,8.23,28.83,8.7,0.02,0.0,1.0,5.45,47.76,10,1.0
9278180990692360192,Los Angeles,California,Los Angeles,9590.5,3278.9,50344.0,9.62,14.83,9.05,0.27,0.02,1.12,2.83,62.25,14,1.0
9278181025052098560,Los Angeles,California,Los Angeles,11557.8,4053.9,58925.0,5.46,5.03,26.4,0.83,0.0,0.95,1.09,60.24,15,1.0
9278181059411836928,Los Angeles,California,Los Angeles,19619.7,9096.1,55824.0,9.49,4.45,37.0,0.09,0.3,0.12,3.01,45.54,24,1.0
9278181093771575296,Los Angeles,California,Los Angeles,9599.8,4146.4,60907.0,11.43,8.04,41.77,0.12,0.0,0.33,4.3,34.0,10,1.0
9278181128131313664,Los Angeles,California,Los Angeles,10190.9,5092.7,71781.0,21.07,5.4,50.22,0.18,0.0,0.6,5.05,17.48,14,1.0
9278181162491052032,Los Angeles,California,Los Angeles,19122.7,8712.1,53587.0,11.14,5.55,41.68,0.17,0.22,0.24,2.74,38.28,20,1.0
9278181196850790400,Los Angeles,California,Los Angeles,14262.1,5237.1,67722.0,10.54,3.95,27.99,0.41,0.03,0.28,2.36,54.44,18,1.0
9278181231210528768,Los Angeles,California,Los Angeles,13181.7,5093.6,54453.0,19.27,3.45,14.25,0.12,0.0,0.24,2.68,59.98,16,1.0
9278181265570267136,Los Angeles,California,Los Angeles,7339.9,3213.8,87842.0,24.36,5.77,10.62,0.38,0.0,0.65,4.05,54.17,15,1.0
9278181299930005504,Los Angeles,California,Los Angeles,6034.1,2754.1,127456.0,44.22,3.98,28.96,0.86,0.0,0.71,5.57,15.7,12,1.0
9278181334289743872,Los Angeles,California,Los Angeles,1598.2,689.4,170785.0,59.54,1.88,22.09,0.0,0.0,1.17,1.58,13.74,8,1.0
9278181368649482240,Los Angeles,California,Los Angeles,6377.4,3355.9,95750.0,46.82,7.04,13.35,0.59,0.0,0.28,4.15,27.76,12,1.0
9278181403009220608,Los Angeles,California,Los Angeles,4889.5,2253.5,119074.0,73.0,2.91,6.88,0.11,0.22,0.57,5.83,10.48,9,1.0
9278181437368958976,Los Angeles,California,Los Angeles,5535.9,2781.1,130319.0,62.7,9.63,11.96,0.0,0.13,0.1,4.48,11.0,12,1.0
9278181471728697344,Los Angeles,California,Los Angeles,4859.5,2407.2,130284.0,41.71,15.83,22.96,0.01,0.1,0.3,4.79,14.3,11,1.0
9278181506088435712,Los Angeles,California,Los Angeles,2466.8,966.5,164461.0,32.11,5.97,44.11,0.0,0.0,0.0,5.55,12.26,9,1.0
9278181540448174080,Los Angeles,California,Los Angeles,6934.6,2804.3,79949.0,15.43,8.09,35.75,0.0,0.0,0.26,2.56,37.91,13,1.0
9278181574807912448,Los Angeles,California,Los Angeles,6485.9,2522.9,97453.0,20.02,14.73,8.83,0.04,0.34,1.52,3.76,50.77,13,1.0
9278181609167650816,Los Angeles,California,Los Angeles,6971.2,2854.8,89924.0,18.49,18.05,4.83,0.38,0.0,0.37,2.62,55.25,15,1.0
9278181643527389184,Los Angeles,California,Los Angeles,4471.3,1994.5,109434.0,33.43,26.69,3.42,0.0,0.23,0.69,8.76,26.76,13,1.0
9278181677887127552,Los Angeles,California,Los Angeles,6759.0,3218.2,88641.0,37.77,15.93,6.51,0.18,0.24,1.54,14.86,22.97,14,1.0
9278181712246865920,Los Angeles,California,Los Angeles,6397.8,3591.9,102106.0,41.66,19.48,15.27,0.01,0.0,1.94,5.04,16.6,13,1.0
9278181746606604288,Los Angeles,California,Los Angeles,13287.1,7220.1,102234.0,47.53,5.42,23.78,0.15,0.0,1.84,6.58,14.7,18,1.0
9278181780966342656,Los Angeles,California,Los Angeles,5510.4,2527.1,135964.0,70.51,2.58,12.34,0.25,0.2,0.89,6.25,6.98,10,1.0
9278181815326081024,Los Angeles,California,Los Angeles,5294.7,3003.4,117112.0,61.8,6.3,12.79,0.0,0.13,0.68,7.58,10.71,12,1.0
9278181849685819392,Los Angeles,California,Los Angeles,6167.4,3014.3,101560.0,51.51,4.81,20.47,0.03,0.0,0.44,8.75,14.0,12,1.0
9278181884045557760,Los Angeles,California,Los Angeles,7308.7,3423.9,106781.0,64.4,2.9,8.4,0.03,0.16,1.14,7.26,15.71,15,1.0
9278181918405296128,Los Angeles,California,Los Angeles,6110.6,3203.6,115427.0,67.14,2.96,10.36,0.0,0.0,1.74,9.11,8.68,11,1.0
9278181952765034496,Los Angeles,California,Los Angeles,6958.2,3405.0,113183.0,63.52,1.98,17.29,0.0,0.0,3.05,5.24,8.92,15,1.0
9278181987124772864,Los Angeles,California,Los Angeles,8007.3,3364.3,100705.0,67.18,2.03,11.19,0.0,0.18,3.07,7.16,9.2,14,1.0
9278182021484511232,Los Angeles,California,Los Angeles,5396.3,1974.3,151051.0,57.6,6.14,6.53,0.0,0.13,4.24,6.54,18.82,13,1.0
9278182055844249600,Los Angeles,California,Los Angeles,7053.1,3229.8,102453.0,40.27,16.3,9.39,0.0,0.4,7.98,5.77,19.89,14,1.0
9278182090203987968,Los Angeles,California,Los Angeles,5626.0,2126.8,85375.0,21.86,18.23,7.01,0.14,2.12,2.5,2.97,45.18,10,1.0
9278182124563726336,Los Angeles,California,Los Angeles,6354.4,2341.6,122860.0,39.09,7.64,7.4,0.16,0.48,0.45,8.01,36.77,14,1.0
9278182158923464704,Los Angeles,California,Los Angeles,3390.2,1600.8,136069.0,44.36,7.24,12.49,0.27,0.0,0.05,7.97,27.62,9,1.0
9278182193283203072,Los Angeles,California,Los Angeles,2585.2,1236.1,144969.0,51.06,4.56,18.16,0.0,0.0,0.39,10.04,15.79,9,1.0
9278182227642941440,Los Angeles,California,Los Angeles,2145.7,951.8,123630.0,30.21,25.49,8.89,0.0,1.23,0.37,10.76,23.06,9,1.0
9278182262002679808,Los Angeles,California,Los Angeles,4158.4,1692.2,158989.0,31.64,8.82,20.82,1.48,0.0,0.15,6.49,30.6,10,1.0
9278182296362418176,Los Angeles,California,Los Angeles,7109.7,2604.6,93048.0,12.46,17.23,3.14,0.28,0.0,0.13,4.31,62.43,15,1.0
9278182330722156544,Los Angeles,California,Los Angeles,7342.8,2427.3,89260.0,10.83,16.98,4.73,0.0,0.0,0.2,4.19,63.07,15,1.0
9278182365081894912,Los Angeles,California,Los Angeles,4900.0,1803.1,79009.0,10.75,23.2,2.07,0.0,0.0,0.02,3.6,60.36,10,1.0
9278182399441633280,Los Angeles,California,Los Angeles,4804.4,1996.3,89085.0,15.33,30.65,2.44,0.0,0.97,0.23,7.05,43.33,12,1.0
9278182433801371648,Los Angeles,California,Los Angeles,1411.1,549.6,137260.0,24.73,57.43,8.09,0.0,0.06,0.0,2.73,6.96,4,1.0
9278182468161110016,Los Angeles,California,Los Angeles,12060.9,5004.8,54502.0,3.49,44.93,2.19,0.19,0.0,0.0,3.81,45.39,16,1.0
9278182502520848384,Los Angeles,California,Los Angeles,3624.1,1585.1,122361.0,10.05,64.89,1.98,0.0,0.0,0.69,5.89,16.5,7,1.0
9278182536880586752,Los Angeles,California,Los Angeles,347.3,150.1,137190.0,17.41,57.47,8.48,0.47,0.0,0.0,7.59,8.58,5,1.0
9278182571240325120,Los Angeles,California,Los Angeles,330.6,106.3,181750.0,28.93,40.32,13.22,1.62,0.0,0.0,5.66,10.25,2,1.0
9278182639959801856,Los Angeles,California,Los Angeles,2711.9,1455.7,102762.0,35.04,11.01,30.54,0.0,0.08,0.8,3.56,18.97,7,1.0
9278182708679278592,Los Angeles,California,Los Angeles,3347.0,1324.7,158528.0,57.64,2.68,19.15,0.0,0.15,0.0,9.69,10.69,10,1.0
9278182743039016960,Los Angeles,California,Los Angeles,6992.5,2411.1,74321.0,18.94,3.68,11.26,0.0,0.05,0.01,3.8,62.27,13,1.0
9278182777398755328,Los Angeles,California,Los Angeles,4781.0,2105.8,132419.0,35.52,5.6,17.89,0.06,0.16,0.28,8.13,32.37,13,1.0
9278182811758493696,Los Angeles,California,Los Angeles,3598.9,1541.9,131666.0,53.16,7.39,15.16,0.18,1.1,0.11,10.62,12.28,9,1.0
9278182846118232064,Los Angeles,California,Los Angeles,3734.2,1709.6,144325.0,56.71,0.23,19.3,0.16,0.76,0.59,7.92,14.32,11,1.0
9278182880477970432,Los Angeles,California,Los Angeles,10067.0,5452.1,114953.0,43.96,8.03,26.87,0.0,0.05,0.07,5.3,15.73,16,1.0
9278182914837708800,Los Angeles,California,Los Angeles,12870.2,6693.3,104947.0,38.21,10.15,17.9,0.01,0.29,0.4,6.72,26.32,17,1.0
9278182949197447168,Los Angeles,California,Los Angeles,5495.8,2081.3,89409.0,35.17,1.71,26.04,0.43,0.03,0.01,5.47,31.14,12,1.0
9278182983557185536,Los Angeles,California,Los Angeles,6147.9,2842.1,106417.0,45.07,8.74,10.6,0.0,0.13,1.36,5.39,28.71,15,1.0
9278183017916923904,Los Angeles,California,Los Angeles,8310.0,3563.9,96515.0,38.59,3.62,23.09,0.05,0.29,0.07,5.85,28.44,16,1.0
9278183052276662272,Los Angeles,California,Los Angeles,3883.5,1625.4,147884.0,61.48,1.19,16.34,0.27,0.0,0.36,5.91,14.45,12,1.0
9278183086636400640,Los Angeles,California,Los Angeles,7451.3,3491.5,102303.0,50.82,3.0,7.2,0.37,0.0,0.62,5.96,32.05,14,1.0
9278183120996139008,Los Angeles,California,Los Angeles,6896.1,2969.2,126052.0,46.98,3.06,11.88,0.0,0.0,0.26,8.43,29.39,15,1.0
9278183155355877376,Los Angeles,California,Los Angeles,8313.7,3739.6,106498.0,37.41,5.85,13.92,0.22,0.02,0.26,7.09,35.25,14,1.0
9278183189715615744,Los Angeles,California,Los Angeles,4423.2,2198.3,102979.0,43.34,1.57,19.31,0.07,0.54,2.04,6.97,26.15,10,1.0
9278183224075354112,Los Angeles,California,Los Angeles,4119.0,2031.1,137561.0,58.46,1.25,11.12,0.0,0.0,0.11,8.94,20.12,8,1.0
9278183258435092480,Los Angeles,California,Los Angeles,3894.2,2211.1,173338.0,59.03,10.58,7.83,0.0,0.0,1.57,9.97,11.02,12,1.0
9278183292794830848,Los Angeles,California,Los Angeles,6111.7,3144.0,138051.0,56.03,11.58,13.16,0.0,0.0,0.17,8.52,10.55,12,1.0
9278183327154569216,Los Angeles,California,Los Angeles,4144.0,2185.5,106239.0,71.11,1.57,6.74,0.19,0.0,0.83,3.78,15.77,16,1.0
9278183361514307584,Los Angeles,California,Los Angeles,5712.1,3007.3,140229.0,56.8,8.54,5.0,0.0,0.0,4.53,9.6,15.54,9,1.0
9278183395874045952,Los Angeles,California,Los Angeles,1854.8,1169.9,179585.0,77.96,2.64,2.86,0.0,0.33,0.41,8.49,7.31,9,1.0
9278183464593522688,Los Angeles,California,Los Angeles,507.7,361.2,132113.0,68.03,6.22,2.97,3.2,0.0,1.55,6.85,11.19,4,1.0
9278183498953261056,Los Angeles,California,Los Angeles,4683.8,2780.7,158732.0,71.49,3.97,4.71,0.36,0.4,5.32,4.96,8.79,13,1.0
9278183533312999424,Los Angeles,California,Los Angeles,5583.6,2719.0,139282.0,58.36,8.16,4.59,0.01,0.04,0.84,5.46,22.54,15,1.0
9278183567672737792,Los Angeles,California,Los Angeles,3928.2,2666.5,98160.0,70.35,4.99,7.41,0.11,0.31,0.47,5.35,11.03,11,1.0
9278183602032476160,Los Angeles,California,Los Angeles,7397.8,4395.3,130824.0,64.78,5.43,7.3,0.0,0.0,0.95,8.17,13.37,17,1.0
9278183636392214528,Los Angeles,California,Los Angeles,4803.6,2359.5,166187.0,66.74,1.51,9.26,0.21,0.0,0.31,6.25,15.72,15,1.0
9278183670751952896,Los Angeles,California,Los Angeles,2116.9,906.7,192859.0,67.15,1.09,9.17,0.22,0.0,0.33,6.59,15.46,9,1.0
9278183705111691264,Los Angeles,California,Los Angeles,4529.1,2161.6,156144.0,60.2,1.84,8.38,0.0,0.0,1.28,9.1,19.2,11,1.0
9278183739471429632,Los Angeles,California,Los Angeles,5015.2,2119.5,137398.0,61.74,2.59,8.02,0.0,0.0,2.18,5.44,20.03,12,1.0
9278183773831168000,Los Angeles,California,Los Angeles,3407.7,1450.1,183976.0,64.34,0.14,16.77,0.13,0.0,0.01,9.32,9.29,8,1.0
9278183808190906368,Los Angeles,California,Los Angeles,3943.6,1675.5,112653.0,44.85,3.76,18.85,0.18,0.0,0.3,14.32,17.75,8,1.0
9278183842550644736,Los Angeles,California,Los Angeles,3760.2,1792.5,145371.0,38.63,5.85,22.02,0.05,1.07,1.0,6.77,24.6,12,1.0
9278183876910383104,Los Angeles,California,Los Angeles,3576.2,1645.4,113589.0,40.97,6.85,15.24,1.49,0.36,0.13,3.96,31.0,12,1.0
9278183911270121472,Los Angeles,California,Los Angeles,4042.9,1780.1,155190.0,67.85,2.44,9.04,0.0,0.0,0.52,4.1,16.05,8,1.0
9278183945629859840,Los Angeles,California,Los Angeles,4728.3,2370.4,114629.0,58.5,9.46,9.4,0.12,0.0,0.62,4.81,17.09,11,1.0
9278183979989598208,Los Angeles,California,Los Angeles,5416.4,2740.0,118592.0,58.98,12.57,6.73,0.02,0.0,0.74,5.26,15.72,12,1.0
9278184014349336576,Los Angeles,California,Los Angeles,4287.1,2031.3,107146.0,53.58,9.6,8.21,0.03,0.0,0.36,5.92,22.31,11,1.0
9278184048709074944,Los Angeles,California,Los Angeles,3758.3,1773.3,85495.0,31.94,13.29,15.08,0.2,0.0,0.11,4.96,34.42,8,1.0
9278184083068813312,Los Angeles,California,Los Angeles,9521.4,4788.8,103337.0,54.84,4.01,11.99,0.07,0.0,2.16,7.02,19.91,14,1.0
9278184117428551680,Los Angeles,California,Los Angeles,5984.0,2788.7,154193.0,59.17,4.37,12.7,0.09,2.58,1.55,7.77,11.77,11,1.0
9278184151788290048,Los Angeles,California,Los Angeles,2585.6,1096.2,170505.0,70.26,0.55,8.24,0.37,0.5,1.59,9.93,8.57,6,1.0
9278184186148028416,Los Angeles,California,Los Angeles,9552.3,4813.6,138502.0,63.86,1.8,11.52,0.0,0.0,0.41,6.12,16.29,13,1.0
9278184220507766784,Los Angeles,California,Los Angeles,8173.9,4245.0,101117.0,57.11,6.77,14.96,0.0,0.04,1.62,5.06,14.43,12,1.0
9278184254867505152,Los Angeles,California,Los Angeles,11129.3,5815.4,116304.0,48.2,4.29,20.5,0.0,0.02,0.77,5.65,20.57,14,1.0
9278184289227243520,Los Angeles,California,Los Angeles,7786.7,4207.7,106567.0,44.91,3.47,29.55,0.0,0.0,1.86,7.15,13.06,14,1.0
9278184323586981888,Los Angeles,California,Los Angeles,7112.3,3770.1,97684.0,51.84,3.06,24.98,0.0,0.05,0.34,5.77,13.96,15,1.0
9278184357946720256,Los Angeles,California,Los Angeles,7920.6,4058.0,114901.0,66.08,2.44,15.42,0.0,0.07,1.23,6.47,8.3,14,1.0
9278184392306458624,Los Angeles,California,Los Angeles,3995.0,1941.1,128802.0,60.97,2.21,15.62,0.0,0.0,0.89,9.92,10.4,9,1.0
9278184426666196992,Los Angeles,California,Los Angeles,5047.4,2383.8,162154.0,62.65,2.72,16.78,0.02,0.0,1.7,8.04,8.1,11,1.0
9278184461025935360,Los Angeles,California,Los Angeles,7172.4,3244.6,121236.0,62.81,3.16,19.76,0.0,0.2,2.28,5.13,6.66,13,1.0
9278184495385673728,Los Angeles,California,Los Angeles,4840.7,2320.1,109391.0,41.5,4.3,29.12,0.01,0.06,2.96,4.87,17.18,12,1.0
9278184529745412096,Los Angeles,California,Los Angeles,5539.5,2468.4,126252.0,44.74,5.06,27.18,0.45,0.0,0.22,6.55,15.79,14,1.0
9278184564105150464,Los Angeles,California,Los Angeles,6443.1,2683.6,125245.0,42.89,4.02,32.62,0.09,0.0,1.26,6.85,12.27,14,1.0
9278184598464888832,Los Angeles,California,Los Angeles,2948.1,1080.5,211232.0,68.22,0.37,13.02,0.1,0.0,0.42,11.14,6.73,10,1.0
9278184632824627200,Los Angeles,California,Los Angeles,1640.2,661.8,219367.0,73.81,0.27,5.45,0.0,0.0,3.13,10.98,6.37,7,1.0
9278184667184365568,Los Angeles,California,Los Angeles,6988.7,4021.3,101294.0,42.77,12.8,18.92,0.0,0.14,2.07,7.76,15.53,14,1.0
9278184701544103936,Los Angeles,California,Los Angeles,5665.6,2470.6,134573.0,51.12,6.44,16.43,0.0,0.06,0.32,5.08,20.56,12,1.0
9278184735903842304,Los Angeles,California,Los Angeles,3288.8,1185.1,218269.0,66.49,0.3,9.82,0.0,0.0,4.39,9.69,9.31,8,1.0
9278184770263580672,Los Angeles,California,Los Angeles,5034.9,2179.6,114094.0,74.75,2.22,6.73,0.0,0.0,4.48,3.69,8.14,9,1.0
9278184804623319040,Los Angeles,California,Los Angeles,4411.2,2326.4,209076.0,61.9,7.01,17.52,0.0,0.0,0.16,8.42,4.98,8,1.0
9278184838983057408,Los Angeles,California,Los Angeles,4262.7,2284.3,177047.0,63.3,3.48,14.32,0.0,0.0,0.95,9.78,8.16,8,1.0
9278184873342795776,Los Angeles,California,Los Angeles,4054.2,2325.5,113899.0,67.92,1.97,13.68,0.0,0.0,1.5,6.11,8.81,11,1.0
9278184907702534144,Los Angeles,California,Los Angeles,2427.0,1213.5,119057.0,71.7,5.01,13.4,0.48,0.0,0.33,3.77,5.3,7,1.0
9278184942062272512,Los Angeles,California,Los Angeles,1346.3,503.2,224928.0,75.69,0.68,7.27,0.0,0.0,5.19,7.36,3.81,5,1.0
9278184976422010880,Los Angeles,California,Los Angeles,929.7,332.0,227616.0,83.89,0.01,5.24,0.0,0.0,0.59,7.0,3.27,6,1.0
9278185010781749248,Los Angeles,California,Los Angeles,1096.3,476.1,214435.0,80.95,0.8,6.24,1.4,0.0,0.0,3.76,6.83,7,1.0
9278185285659656192,Los Angeles,California,Los Angeles,349.4,141.1,163902.0,78.31,0.58,8.83,0.0,0.0,0.43,3.18,8.68,5,1.0
9278185320019394560,Los Angeles,California,Los Angeles,1967.8,494.3,93743.0,52.76,5.28,21.88,0.16,0.05,3.25,4.73,11.91,6,1.0
9278185354379132928,Los Angeles,California,Los Angeles,790.4,330.1,200492.0,92.87,0.0,1.05,0.0,0.0,3.02,2.55,0.5,4,1.0
9278185388738871296,Los Angeles,California,Los Angeles,2118.5,1020.5,118167.0,76.69,1.84,3.71,0.0,0.0,3.75,5.61,8.4,7,1.0
9278185423098609664,Los Angeles,California,Los Angeles,6072.6,2763.6,123560.0,74.31,6.49,9.73,0.0,0.0,0.94,2.92,5.61,12,1.0
9278185457458348032,Los Angeles,California,Los Angeles,7772.9,2647.3,49756.0,43.75,6.54,30.71,0.02,0.17,0.62,4.65,13.53,12,1.0
9278185491818086400,Los Angeles,California,Los Angeles,10713.0,348.3,141400.0,28.76,6.12,38.6,0.3,0.08,0.47,4.49,21.17,6,1.0
9278185526177824768,Los Angeles,California,Los Angeles,8920.8,1934.1,88904.0,36.84,5.31,33.24,0.14,0.83,1.04,6.51,16.09,13,1.0
9278185560537563136,Los Angeles,California,Los Angeles,3557.9,1133.2,88522.0,47.54,8.93,24.66,0.01,0.59,0.07,2.52,15.67,8,1.0
9278185594897301504,Los Angeles,California,Los Angeles,6590.1,3676.6,155241.0,67.59,0.95,12.49,0.51,0.59,0.52,5.65,11.7,9,1.0
9278185629257039872,Los Angeles,California,Los Angeles,2246.9,894.4,224599.0,84.2,0.06,4.08,0.01,0.0,0.0,4.02,7.62,9,1.0
9278185663616778240,Los Angeles,California,Los Angeles,1550.6,581.1,206677.0,84.29,1.03,3.54,0.21,0.0,0.0,6.24,4.7,5,1.0
9278185697976516608,Los Angeles,California,Los Angeles,2112.0,906.5,179915.0,73.85,1.5,9.06,0.0,1.02,0.03,7.01,7.52,9,1.0
9278185732336254976,Los Angeles,California,Los Angeles,992.0,434.2,170350.0,68.29,5.28,16.86,0.19,0.21,0.0,7.57,1.6,3,1.0
9278185904134946816,Los Angeles,California,Los Angeles,798.2,315.0,149793.0,57.49,6.55,27.51,0.03,0.02,0.06,6.27,2.07,6,1.0
9278185938494685184,Los Angeles,California,Los Angeles,358.8,137.9,216952.0,88.83,0.0,7.75,0.0,0.0,0.0,2.03,1.39,3,1.0
9278187725201080320,Los Angeles,California,Los Angeles,1723.9,904.0,158033.0,77.65,0.02,9.83,0.0,0.0,1.15,4.79,6.56,4,1.0
9278187759560818688,Los Angeles,California,Los Angeles,1281.6,638.2,244652.0,86.97,0.53,0.81,0.0,0.0,0.61,5.44,5.64,5,1.0
9278187793920557056,Los Angeles,California,Los Angeles,6528.3,4064.0,129525.0,72.75,5.03,5.2,0.27,0.0,3.97,6.04,6.74,13,1.0
9278187828280295424,Los Angeles,California,Los Angeles,5580.6,3466.1,104810.0,76.66,3.35,11.81,0.06,0.0,0.55,3.54,4.03,13,1.0
9278187862640033792,Los Angeles,California,Los Angeles,6199.6,4103.7,117392.0,81.5,2.92,7.39,0.0,0.0,0.8,2.57,4.82,11,1.0
9278187896999772160,Los Angeles,California,Los Angeles,8069.8,5632.7,110414.0,70.4,2.9,8.16,0.0,0.0,0.79,5.68,12.07,10,1.0
9278187931359510528,Los Angeles,California,Los Angeles,9763.1,6323.5,99266.0,64.54,2.87,3.61,0.15,0.0,0.63,5.19,23.02,17,1.0
9278187965719248896,Los Angeles,California,Los Angeles,5995.8,3547.2,93259.0,63.36,4.74,10.63,0.0,0.22,0.79,5.72,14.54,12,1.0
9278188000078987264,Los Angeles,California,Los Angeles,6845.2,4021.6,100861.0,69.02,5.82,7.88,0.39,0.03,0.96,5.64,10.26,12,1.0
9278188034438725632,Los Angeles,California,Los Angeles,13515.8,8612.6,89235.0,59.32,7.39,8.01,0.0,0.0,0.9,5.9,18.47,20,1.0
9278188068798464000,Los Angeles,California,Los Angeles,2167.4,1256.2,103746.0,63.29,4.68,8.24,0.0,0.85,0.6,3.68,18.67,7,1.0
9278188103158202368,Los Angeles,California,Los Angeles,2218.1,1294.2,143602.0,70.39,2.82,9.39,0.52,0.0,0.68,3.2,13.0,7,1.0
9278188274956894208,Los Angeles,California,Los Angeles,3054.9,1644.9,103520.0,67.1,4.62,5.63,0.16,0.04,0.41,5.71,16.34,8,1.0
9278188309316632576,Los Angeles,California,Los Angeles,2330.7,1454.3,93736.0,68.34,10.54,3.19,0.15,0.24,0.5,5.82,11.21,6,1.0
9278188343676370944,Los Angeles,California,Los Angeles,9547.2,6107.6,68244.0,48.17,9.68,11.96,0.33,0.21,1.34,6.72,21.58,20,1.0
9278188378036109312,Los Angeles,California,Los Angeles,6853.3,3992.9,78328.0,55.52,7.62,8.97,0.18,0.23,0.56,7.32,19.61,10,1.0
9278188412395847680,Los Angeles,California,Los Angeles,8388.5,4673.3,80836.0,35.83,11.5,8.61,0.45,0.13,1.17,4.47,37.85,15,1.0
9278188446755586048,Los Angeles,California,Los Angeles,10059.5,5677.7,66751.0,41.83,8.56,11.6,0.28,0.09,1.36,6.96,29.32,15,1.0
9278188481115324416,Los Angeles,California,Los Angeles,8069.7,4710.9,93013.0,54.62,5.5,10.02,0.44,0.0,2.31,8.69,18.42,13,1.0
9278188515475062784,Los Angeles,California,Los Angeles,9993.4,4728.7,64281.0,27.02,6.67,9.97,0.17,0.26,1.09,3.01,51.8,16,1.0
9278188549834801152,Los Angeles,California,Los Angeles,16331.2,6997.4,56010.0,45.3,5.4,10.84,0.16,0.0,0.59,3.58,34.13,19,1.0
9278188584194539520,Los Angeles,California,Los Angeles,4931.0,2478.6,105109.0,53.21,4.36,13.37,0.7,0.0,1.44,6.68,20.23,12,1.0
9278188652914016256,Los Angeles,California,Los Angeles,2605.0,1474.1,120749.0,74.99,7.92,2.41,0.0,0.0,0.63,3.78,10.26,7,1.0
9278189992943812608,Los Angeles,California,Los Angeles,4998.3,2474.3,151080.0,68.82,1.84,11.96,0.16,0.0,0.02,5.53,11.67,9,1.0
9278190027303550976,Los Angeles,California,Los Angeles,9728.4,4360.4,70309.0,55.79,3.43,10.04,0.19,0.0,1.8,3.67,25.08,13,1.0
9278190061663289344,Los Angeles,California,Los Angeles,5400.8,2789.2,124229.0,67.25,2.36,9.14,0.0,0.12,1.63,5.08,14.41,13,1.0
9278190096023027712,Los Angeles,California,Los Angeles,5152.1,2516.0,154467.0,63.79,6.67,13.97,0.03,0.0,0.76,3.68,11.1,10,1.0
9278190130382766080,Los Angeles,California,Los Angeles,2954.0,1370.8,115311.0,47.52,4.34,25.64,0.19,0.0,0.21,7.3,14.81,9,1.0
9278190164742504448,Los Angeles,California,Los Angeles,4109.9,2175.6,135228.0,60.04,2.33,11.37,0.07,0.04,0.28,8.82,17.05,14,1.0
9278190199102242816,Los Angeles,California,Los Angeles,4119.7,1661.4,114773.0,32.3,2.3,18.11,0.05,0.0,0.16,6.04,41.04,9,1.0
9278190233461981184,Los Angeles,California,Los Angeles,5501.2,2131.5,98357.0,51.51,0.83,19.64,0.0,0.1,0.48,2.94,24.49,11,1.0
9278190577059364864,Los Angeles,California,Los Angeles,2753.3,952.3,81117.0,13.03,1.68,23.38,0.0,0.0,0.42,3.83,57.67,8,1.0
9278195971538288640,Los Angeles,California,Los Angeles,6200.9,1964.8,63834.0,3.65,2.85,12.66,0.01,0.0,1.56,0.74,78.52,10,1.0
9278196005898027008,Los Angeles,California,Los Angeles,2336.1,775.9,59652.0,7.15,1.44,5.69,0.47,0.0,0.39,1.01,83.84,7,1.0
9278196040257765376,Los Angeles,California,Los Angeles,904.3,457.1,119238.0,38.52,14.67,10.91,0.0,0.0,1.08,5.55,29.27,4,1.0
9278196074617503744,Los Angeles,California,Los Angeles,791.7,460.6,42548.0,13.53,20.57,9.0,0.0,0.0,0.13,6.19,50.58,4,1.0
9278196108977242112,Los Angeles,California,Los Angeles,8562.1,5032.7,36924.0,23.79,32.28,9.85,0.28,0.43,0.47,7.09,25.81,15,1.0
9278196143336980480,Los Angeles,California,Los Angeles,4073.9,2248.0,93618.0,26.13,9.39,36.42,0.3,0.0,0.43,6.19,21.14,6,1.0
9278196177696718848,Los Angeles,California,Los Angeles,7898.0,1794.9,80788.0,16.38,23.14,22.06,0.16,0.17,1.22,3.51,33.36,7,1.0
9278196212056457216,Los Angeles,California,Los Angeles,12269.7,7766.5,58882.0,24.5,15.39,29.18,0.05,0.26,0.53,7.29,22.8,17,1.0
9278196246416195584,Los Angeles,California,Los Angeles,9793.6,4399.7,72492.0,16.29,9.71,45.74,0.47,0.0,1.17,5.69,20.92,14,1.0
9278196280775933952,Los Angeles,California,Los Angeles,4942.5,2028.5,54143.0,11.43,6.06,45.39,0.02,0.04,0.85,2.46,33.75,7,1.0
9278196315135672320,Los Angeles,California,Los Angeles,3743.5,1469.3,61761.0,11.12,4.45,20.14,0.0,0.7,1.35,3.61,58.63,9,1.0
9278196349495410688,Los Angeles,California,Los Angeles,3099.8,449.6,84337.0,12.36,20.53,7.26,0.06,0.23,1.08,1.73,56.75,7,1.0
9278196486934364160,Los Angeles,California,Los Angeles,2423.1,918.6,65615.0,15.34,0.3,28.57,0.0,0.0,0.03,1.69,54.06,6,1.0
9278196727452532736,Los Angeles,California,Los Angeles,3142.8,1073.2,78758.0,14.89,1.13,27.59,0.7,0.11,0.0,9.82,45.76,10,1.0
9278196796172009472,Los Angeles,California,Los Angeles,3201.5,1252.9,100229.0,29.88,1.6,20.05,0.03,0.0,0.21,5.1,43.13,6,1.0
9278196830531747840,Los Angeles,California,Los Angeles,3295.1,1327.2,107966.0,36.61,1.72,15.11,0.22,0.03,0.0,8.73,37.58,10,1.0
9278196864891486208,Los Angeles,California,Los Angeles,1792.1,861.6,99518.0,48.26,1.15,8.84,0.0,0.01,0.0,10.53,31.21,7,1.0
9278196899251224576,Los Angeles,California,Los Angeles,2113.9,757.8,99070.0,13.66,4.59,43.35,1.63,0.26,0.0,2.63,33.89,5,1.0
9278196933610962944,Los Angeles,California,Los Angeles,925.0,422.6,87546.0,14.34,0.22,43.75,0.0,0.02,0.41,1.51,39.75,3,1.0
9278196967970701312,Los Angeles,California,Los Angeles,4612.8,2205.2,75777.0,22.4,6.66,24.45,0.0,0.0,0.1,4.54,41.85,9,1.0
9278197002330439680,Los Angeles,California,Los Angeles,9090.0,3584.2,81512.0,25.15,1.87,11.67,0.1,0.01,0.71,3.57,56.91,16,1.0
9278197036690178048,Los Angeles,California,Los Angeles,14736.5,5413.6,52463.0,8.04,4.86,22.62,0.12,0.15,0.02,1.26,62.93,23,1.0
9278197071049916416,Los Angeles,California,Los Angeles,9243.0,3681.2,87355.0,26.5,3.51,16.26,0.59,0.0,1.58,3.21,48.36,17,1.0
9278197105409654784,Los Angeles,California,Los Angeles,6454.3,3211.7,98091.0,36.43,3.3,12.05,0.0,0.0,0.28,5.63,42.3,15,1.0
9278197139769393152,Los Angeles,California,Los Angeles,4541.3,2053.7,103494.0,43.46,2.56,14.12,0.0,0.0,1.03,10.92,27.91,11,1.0
9278197174129131520,Los Angeles,California,Los Angeles,3405.9,1522.2,116932.0,55.12,3.57,13.69,0.08,0.0,0.85,7.7,19.0,7,1.0
9278197208488869888,Los Angeles,California,Los Angeles,3814.9,1864.1,199191.0,68.81,1.11,9.88,0.0,0.55,0.09,7.69,11.86,9,1.0
9278197242848608256,Los Angeles,California,Los Angeles,6400.5,3298.8,126228.0,59.68,2.16,8.97,0.0,0.29,0.83,4.15,23.92,13,1.0
9278197277208346624,Los Angeles,California,Los Angeles,8979.7,4188.6,92246.0,37.26,2.3,14.8,0.06,0.07,1.0,6.67,37.83,14,1.0
9278197311568084992,Los Angeles,California,Los Angeles,7035.1,3407.1,92745.0,38.98,3.59,15.98,0.79,1.07,1.69,3.68,34.21,16,1.0
9278197345927823360,Los Angeles,California,Los Angeles,9903.6,4160.1,54832.0,25.37,6.09,17.43,0.09,0.03,0.11,2.29,48.58,12,1.0
9278197380287561728,Los Angeles,California,Los Angeles,12018.3,4564.9,59425.0,16.72,4.32,16.46,0.12,0.02,0.37,2.4,59.59,14,1.0
9278197414647300096,Los Angeles,California,Los Angeles,20289.7,8984.6,57534.0,9.26,7.52,28.03,0.4,0.04,0.9,4.09,49.76,21,1.0
9278197449007038464,Los Angeles,California,Los Angeles,12090.5,4956.4,73262.0,13.02,5.82,30.96,0.46,0.9,0.95,3.39,44.5,18,1.0
9278197483366776832,Los Angeles,California,Los Angeles,22552.9,10095.9,53971.0,6.88,6.33,32.84,0.1,0.07,0.19,2.27,51.32,22,1.0
9278197517726515200,Los Angeles,California,Los Angeles,20482.7,9799.9,50142.0,8.67,6.56,34.82,0.28,0.08,0.56,2.97,46.06,24,1.0
9278197552086253568,Los Angeles,California,Los Angeles,12027.4,4523.5,52988.0,3.34,2.74,20.61,0.15,0.04,0.0,0.95,72.17,18,1.0
9278197586445991936,Los Angeles,California,Los Angeles,8002.8,2319.2,62625.0,3.12,5.4,6.86,0.0,0.29,0.0,0.61,83.72,12,1.0
9278197620805730304,Los Angeles,California,Los Angeles,13389.1,4264.9,50565.0,4.97,2.25,7.15,0.0,0.35,0.06,0.55,84.66,17,1.0
9278197655165468672,Los Angeles,California,Los Angeles,20568.8,7264.7,49438.0,3.62,6.95,14.55,0.13,0.0,0.02,1.82,72.91,23,1.0
9278197689525207040,Los Angeles,California,Los Angeles,26998.2,9395.6,37178.0,3.6,6.2,9.45,0.23,0.0,0.2,1.26,79.07,24,1.0
9278197723884945408,Los Angeles,California,Los Angeles,11118.3,4809.5,65284.0,9.79,9.25,14.22,0.0,0.0,1.3,1.39,64.05,14,1.0
9278197758244683776,Los Angeles,California,Los Angeles,13904.5,9038.2,82643.0,21.63,17.86,35.03,0.67,0.0,0.32,6.14,18.36,16,1.0
9278197792604422144,Los Angeles,California,Los Angeles,10541.1,5131.1,78925.0,9.97,10.72,19.16,0.74,0.0,0.12,2.9,56.38,16,1.0
9278197826964160512,Los Angeles,California,Los Angeles,4919.6,2820.2,46113.0,12.24,13.44,18.43,0.12,0.0,0.74,5.41,49.61,12,1.0
9278197861323898880,Los Angeles,California,Los Angeles,9865.9,6654.4,86538.0,27.69,14.1,30.41,0.09,0.0,0.26,6.27,21.18,10,1.0
9278197895683637248,Los Angeles,California,Los Angeles,5094.9,1530.3,50282.0,2.94,5.93,2.21,0.01,0.0,0.07,1.62,87.22,10,1.0
9278197930043375616,Los Angeles,California,Los Angeles,4534.1,1268.9,42209.0,6.12,9.5,2.97,0.07,0.0,0.35,4.92,76.06,11,1.0
9278197964403113984,Los Angeles,California,Los Angeles,7714.9,1324.6,19261.0,32.34,5.8,34.08,0.26,0.05,0.62,4.89,21.96,8,1.0
9278197998762852352,Los Angeles,California,Los Angeles,9677.0,3098.4,35254.0,21.84,5.9,21.86,0.15,0.1,0.26,3.82,46.08,14,1.0
9278198033122590720,Los Angeles,California,Los Angeles,11304.0,3576.1,45703.0,13.3,9.3,19.58,0.0,0.99,0.2,3.8,52.82,14,1.0
9278198067482329088,Los Angeles,California,Los Angeles,10137.4,2877.3,42552.0,10.92,16.29,19.68,0.66,0.34,0.54,2.6,48.97,9,1.0
9278198101842067456,Los Angeles,California,Los Angeles,9463.4,2724.6,60873.0,2.59,14.04,1.58,0.77,0.47,0.35,2.97,77.22,11,1.0
9278198136201805824,Los Angeles,California,Los Angeles,7601.4,2061.5,46770.0,3.48,12.18,2.71,0.02,0.05,0.11,2.76,78.69,11,1.0
9278198170561544192,Los Angeles,California,Los Angeles,11096.7,3056.6,53494.0,0.99,11.45,0.07,0.0,0.0,0.15,1.34,86.0,16,1.0
9278198204921282560,Los Angeles,California,Los Angeles,10384.1,2614.9,77247.0,1.63,17.85,0.15,0.0,0.0,0.67,3.57,76.13,12,1.0
9278198548518666240,Los Angeles,California,Los Angeles,12320.1,3022.7,57256.0,1.0,11.45,0.1,0.06,0.0,0.0,0.11,87.28,18,1.0
9278198582878404608,Los Angeles,California,Los Angeles,8645.4,2083.6,62532.0,1.37,3.99,0.72,0.0,0.02,0.01,1.08,92.81,13,1.0
9278198617238142976,Los Angeles,California,Los Angeles,11797.1,2842.4,60955.0,0.69,2.34,2.28,0.03,0.0,0.0,0.03,94.63,17,1.0
9278198651597881344,Los Angeles,California,Los Angeles,5384.1,1437.9,49856.0,2.86,5.84,0.59,0.0,0.0,0.0,0.08,90.63,8,1.0
9278198720317358080,Los Angeles,California,Los Angeles,403.8,144.8,94172.0,28.77,2.68,1.32,0.0,0.04,1.38,0.79,65.03,4,1.0
9278198754677096448,Los Angeles,California,Los Angeles,474.8,240.8,95807.0,33.52,9.85,3.47,0.0,0.0,2.76,1.8,48.6,4,1.0
9278198789036834816,Los Angeles,California,Los Angeles,2321.0,719.2,57171.0,6.19,0.99,3.48,0.35,0.0,0.42,1.09,87.48,8,1.0
9278198823396573184,Los Angeles,California,Los Angeles,7009.6,1787.9,68866.0,2.03,0.04,0.24,0.15,0.0,0.56,0.6,96.38,12,1.0
9278206142020845568,Los Angeles,California,Los Angeles,9644.8,2571.8,71284.0,1.89,0.49,1.57,0.0,0.0,0.46,0.14,95.44,13,1.0
9675052255358746624,Austin,Texas,Travis,719.6,95.2,57722.0,30.73,20.01,1.37,0.71,0.0,0.24,2.55,44.39,3,1.0
9675052289718484992,Austin,Texas,Travis,939.7,191.2,103901.0,34.77,15.41,0.43,0.03,0.0,0.18,2.59,46.6,6,1.0
9675052324078223360,Austin,Texas,Travis,482.4,103.7,104495.0,17.75,13.89,0.39,0.01,0.0,0.18,2.92,64.86,4,1.0
9675052358437961728,Austin,Texas,Travis,1309.8,15.0,57722.0,31.81,28.25,0.85,0.07,0.0,0.36,3.78,34.89,3,1.0
9675052392797700096,Austin,Texas,Travis,97.7,34.1,69588.0,19.64,5.2,1.61,1.13,0.0,0.0,0.0,72.42,3,1.0
9675052495876915200,Austin,Texas,Travis,853.3,268.4,84127.0,14.33,7.63,0.49,0.0,0.0,0.0,0.0,77.55,2,1.0
9675052530236653568,Austin,Texas,Travis,176.5,57.5,84523.0,11.59,5.37,1.09,0.0,0.0,0.0,0.0,81.95,3,1.0
9675052564596391936,Austin,Texas,Travis,237.9,81.6,85087.0,7.34,1.85,2.02,0.0,0.0,0.0,0.0,88.79,2,1.0
9675052702035345408,Austin,Texas,Travis,7.7,3.2,,2.92,0.0,0.0,0.0,0.0,0.0,1.91,95.17,2,1.0
9675052805114560512,Austin,Texas,Travis,88.4,36.2,140349.0,33.88,2.23,7.66,0.0,0.0,0.8,1.51,53.91,3,1.0
9675052839474298880,Austin,Texas,Travis,714.7,252.5,114096.0,16.26,5.73,5.12,0.0,0.0,2.06,0.34,70.48,3,1.0
9675052908193775616,Austin,Texas,Travis,684.4,262.3,129340.0,25.84,3.82,6.51,0.0,0.0,1.38,0.98,61.47,2,1.0
9675052942553513984,Austin,Texas,Travis,312.9,134.1,146120.0,39.41,0.66,8.29,0.0,0.0,0.17,1.9,49.57,3,1.0
9675052976913252352,Austin,Texas,Travis,73.2,25.4,89326.0,9.15,1.78,2.37,0.0,0.0,0.01,0.11,86.58,3,1.0
9675053011272990720,Austin,Texas,Travis,343.3,117.7,85087.0,7.34,1.85,2.02,0.0,0.0,0.0,0.0,88.79,2,1.0
9675053698467758080,Austin,Texas,Travis,310.9,135.8,150677.0,42.47,0.54,8.89,0.0,0.0,0.18,2.08,45.84,1,1.0
9675053835906711552,Austin,Texas,Travis,310.8,135.8,150677.0,42.47,0.54,8.89,0.0,0.0,0.18,2.08,45.84,1,1.0
9675053904626188288,Austin,Texas,Travis,327.9,141.1,143082.0,40.81,1.18,8.18,0.0,0.0,0.16,2.27,47.4,2,1.0
9675053938985926656,Austin,Texas,Travis,317.8,140.0,142529.0,40.5,2.96,9.22,0.0,0.0,0.16,3.22,43.94,2,1.0
9675053973345665024,Austin,Texas,Travis,1974.2,756.5,92361.0,26.24,15.53,0.76,0.0,0.54,0.01,1.74,55.2,5,1.0
9675054007705403392,Austin,Texas,Travis,684.4,257.4,63278.0,26.34,7.28,1.6,0.0,0.0,0.0,3.91,60.87,3,1.0
9675054523101478912,Austin,Texas,Travis,1867.3,852.8,87853.0,34.44,5.52,9.58,0.78,0.0,0.0,2.75,46.93,3,1.0
9675054557461217280,Austin,Texas,Travis,1164.8,461.2,95580.0,33.35,3.39,8.42,0.0,0.0,0.0,1.6,53.25,4,1.0
9675054591820955648,Austin,Texas,Travis,620.8,233.0,61599.0,26.83,6.93,1.46,0.0,0.0,0.0,3.55,61.23,2,1.0
9675054626180694016,Austin,Texas,Travis,648.3,244.6,65515.0,25.85,7.29,1.76,0.0,0.0,0.18,3.95,60.98,2,1.0
9675054660540432384,Austin,Texas,Travis,859.3,338.1,67513.0,28.68,8.43,1.18,0.0,0.0,0.0,3.51,58.21,2,1.0
9675054694900170752,Austin,Texas,Travis,1892.5,769.5,81035.0,30.11,12.76,0.3,0.0,0.24,0.0,2.14,54.45,4,1.0
9675054729259909120,Austin,Texas,Travis,481.9,165.8,101835.0,24.44,11.63,0.0,0.0,0.45,0.0,0.29,63.18,4,1.0
9675054763619647488,Austin,Texas,Travis,1487.1,549.5,95629.0,10.5,14.46,8.44,0.0,0.0,0.0,1.3,65.29,8,1.0
9675054797979385856,Austin,Texas,Travis,3232.0,1231.7,90781.0,18.78,14.9,3.35,0.0,0.0,0.03,1.34,61.6,7,1.0
9675054832339124224,Austin,Texas,Travis,621.6,235.4,84295.0,34.83,6.39,0.0,0.0,0.0,0.0,2.2,56.58,4,1.0
9675054866698862592,Austin,Texas,Travis,1839.5,1058.9,79371.0,38.74,12.08,1.56,0.0,0.0,0.04,5.31,42.27,4,1.0
9675054901058600960,Austin,Texas,Travis,2059.2,1185.0,77816.0,37.15,11.06,5.14,0.76,0.0,0.0,5.03,40.85,3,1.0
9675054935418339328,Austin,Texas,Travis,2421.9,1218.7,76513.0,39.67,11.91,5.03,2.27,0.0,0.44,3.34,37.34,4,1.0
9675054969778077696,Austin,Texas,Travis,3084.4,1202.6,80548.0,24.71,14.38,4.99,0.02,0.0,1.39,1.96,52.55,5,1.0
9675055004137816064,Austin,Texas,Travis,4179.8,1765.5,65446.0,16.95,12.69,5.37,0.36,0.0,0.81,1.91,61.92,6,1.0
9675055038497554432,Austin,Texas,Travis,3432.2,1488.3,91278.0,44.06,5.74,4.13,2.27,0.0,0.09,1.13,42.58,6,1.0
9675055072857292800,Austin,Texas,Travis,3574.2,1847.9,77909.0,46.73,1.88,4.98,0.0,0.0,1.12,1.2,44.08,9,1.0
9675055107217031168,Austin,Texas,Travis,2937.4,1743.7,78667.0,41.84,1.75,6.16,0.0,0.0,0.3,1.68,48.27,5,1.0
9675055141576769536,Austin,Texas,Travis,2960.1,1124.6,74836.0,14.91,8.12,0.52,0.0,0.0,0.78,2.44,73.22,8,1.0
9675055175936507904,Austin,Texas,Travis,4471.9,1654.6,77041.0,14.67,3.43,9.19,0.0,0.0,0.05,1.18,71.47,10,1.0
9675055210296246272,Austin,Texas,Travis,3484.0,1139.2,110040.0,11.2,0.9,0.84,0.0,0.0,0.48,1.11,85.47,9,1.0
9675055244655984640,Austin,Texas,Travis,1440.4,553.1,75011.0,22.17,7.18,1.7,0.03,0.0,0.8,0.17,67.94,5,1.0
9675055279015723008,Austin,Texas,Travis,2498.1,843.6,37976.0,12.78,8.58,0.67,0.74,0.0,0.0,3.65,73.58,5,1.0
9675055313375461376,Austin,Texas,Travis,536.2,169.6,112855.0,20.94,15.38,1.11,0.0,0.0,0.0,12.77,49.8,2,1.0
9675055347735199744,Austin,Texas,Travis,619.9,258.3,78782.0,23.09,17.69,7.67,0.0,0.0,0.0,7.95,43.6,3,1.0
9675055382094938112,Austin,Texas,Travis,1411.5,539.9,60281.0,18.21,14.13,4.29,0.15,0.0,0.0,4.36,58.86,6,1.0
9675055450814414848,Austin,Texas,Travis,905.7,346.3,96680.0,22.35,19.1,3.73,0.0,0.63,0.0,4.01,50.18,4,1.0
9675055485174153216,Austin,Texas,Travis,355.0,162.8,106146.0,31.26,14.31,10.79,0.0,0.0,0.05,8.56,35.02,2,1.0
9675055519533891584,Austin,Texas,Travis,370.6,172.4,93742.0,27.94,18.39,11.35,0.0,0.0,0.01,10.49,31.81,2,1.0
9675055553893629952,Austin,Texas,Travis,313.9,137.7,146788.0,41.53,1.69,9.05,0.0,0.0,0.17,2.62,44.94,2,1.0
9675055691332583424,Austin,Texas,Travis,687.9,272.5,111833.0,22.91,8.87,7.45,0.0,0.0,1.23,3.58,55.96,3,1.0
9675055725692321792,Austin,Texas,Travis,366.6,170.0,96674.0,28.74,17.42,11.22,0.0,0.0,0.02,10.03,32.58,2,1.0
9675055760052060160,Austin,Texas,Travis,352.3,149.7,96431.0,23.39,16.87,7.11,0.0,0.0,0.13,9.8,42.69,4,1.0
9675055794411798528,Austin,Texas,Travis,1375.6,495.1,113610.0,16.4,6.09,5.07,0.0,0.0,1.98,0.49,69.97,3,1.0
9675055828771536896,Austin,Texas,Travis,1275.4,506.8,85844.0,22.14,10.75,10.81,0.0,0.0,0.0,1.68,54.62,3,1.0
9675055863131275264,Austin,Texas,Travis,984.8,505.3,73618.0,34.28,8.47,2.28,0.0,0.0,0.0,7.03,47.95,5,1.0
9675055897491013632,Austin,Texas,Travis,2060.9,1250.1,82967.0,45.01,8.09,4.5,0.46,0.0,0.0,4.58,37.35,5,1.0
9675055931850752000,Austin,Texas,Travis,2657.5,1107.5,63309.0,19.52,6.08,3.38,0.0,0.0,0.01,3.43,67.58,7,1.0
9675056000570228736,Austin,Texas,Travis,874.5,488.1,86584.0,45.26,2.29,3.16,1.5,0.0,0.29,4.6,42.9,5,1.0
9675056034929967104,Austin,Texas,Travis,1619.7,1022.0,80261.0,53.18,4.5,4.03,1.61,0.0,0.31,4.94,31.44,7,1.0
9675056069289705472,Austin,Texas,Travis,6735.1,2806.6,61406.0,21.48,5.99,8.49,0.27,0.0,0.79,1.47,61.49,10,1.0
9675056103649443840,Austin,Texas,Travis,6266.9,3291.1,54679.0,27.03,6.64,6.5,0.0,0.0,0.0,2.57,57.26,14,1.0
9675056138009182208,Austin,Texas,Travis,2291.5,1673.3,112086.0,60.39,3.78,6.11,0.0,0.0,0.0,4.48,25.24,9,1.0
9675056172368920576,Austin,Texas,Travis,2324.5,1441.8,126478.0,53.47,7.19,5.9,0.01,0.0,2.33,4.56,26.54,10,1.0
9675056206728658944,Austin,Texas,Travis,4205.7,2498.9,59480.0,32.51,7.22,7.31,0.0,0.0,0.7,8.02,44.23,10,1.0
9675056241088397312,Austin,Texas,Travis,3107.2,1619.6,90792.0,40.62,4.69,5.67,0.0,0.0,0.0,2.27,46.75,8,1.0
9675056275448135680,Austin,Texas,Travis,4983.9,2708.9,66212.0,25.04,7.3,1.09,0.1,0.0,0.0,4.86,61.63,10,1.0
9675056309807874048,Austin,Texas,Travis,1089.2,529.6,66365.0,32.16,7.89,0.65,0.0,0.0,0.0,8.77,50.52,3,1.0
9675056344167612416,Austin,Texas,Travis,1160.5,474.5,89828.0,29.15,8.07,4.1,0.0,0.0,0.0,6.57,52.11,6,1.0
9675056378527350784,Austin,Texas,Travis,887.6,451.1,60329.0,30.19,15.8,3.0,0.0,0.0,0.0,3.71,47.31,5,1.0
9675056412887089152,Austin,Texas,Travis,2413.6,1260.4,64603.0,42.4,10.95,9.46,0.01,0.14,0.0,7.2,29.83,7,1.0
9675056447246827520,Austin,Texas,Travis,2849.8,1642.7,102010.0,46.54,3.93,3.39,0.71,0.04,0.2,5.6,39.57,6,1.0
9675056481606565888,Austin,Texas,Travis,1094.5,577.6,92540.0,57.27,6.36,3.78,0.0,0.0,0.0,0.78,31.8,4,1.0
9675056515966304256,Austin,Texas,Travis,1959.5,1009.7,81751.0,50.11,5.08,2.95,0.0,0.0,0.16,2.21,39.5,5,1.0
9675056550326042624,Austin,Texas,Travis,2465.8,1319.5,83148.0,53.82,2.68,5.04,0.0,0.0,0.43,6.32,31.71,6,1.0
9675056584685780992,Austin,Texas,Travis,2047.8,1043.4,126387.0,59.5,0.79,3.52,0.0,0.17,0.0,1.78,34.24,6,1.0
9675056619045519360,Austin,Texas,Travis,2848.8,1533.3,92349.0,48.63,6.1,3.92,0.0,0.0,0.78,1.84,38.72,6,1.0
9675056653405257728,Austin,Texas,Travis,4213.1,2008.6,101322.0,54.34,0.85,3.91,0.0,0.0,0.27,5.79,34.83,7,1.0
9675056687764996096,Austin,Texas,Travis,3636.0,2173.6,89547.0,57.85,3.02,2.6,0.0,0.0,0.55,5.31,30.66,9,1.0
9675056722124734464,Austin,Texas,Travis,3211.1,1992.5,108224.0,70.21,2.88,4.55,0.0,0.0,1.49,6.94,13.94,9,1.0
9675056756484472832,Austin,Texas,Travis,2854.8,1523.5,141074.0,77.17,3.97,2.51,0.0,0.0,0.0,5.19,11.15,8,1.0
9675056790844211200,Austin,Texas,Travis,3149.2,1591.0,156814.0,65.13,1.88,2.42,0.02,0.0,0.0,8.37,22.19,8,1.0
9675056825203949568,Austin,Texas,Travis,2590.7,1015.0,126760.0,48.79,4.71,8.17,0.01,0.15,0.1,5.7,32.38,10,1.0
9675056859563687936,Austin,Texas,Travis,3304.6,1665.8,93091.0,48.67,4.0,9.36,0.0,0.02,0.18,11.42,26.34,7,1.0
9675056893923426304,Austin,Texas,Travis,2848.4,1538.3,150036.0,71.91,3.92,4.44,0.16,0.0,0.01,10.68,8.88,9,1.0
9675056928283164672,Austin,Texas,Travis,2471.8,1823.4,145201.0,69.57,5.06,6.12,0.94,0.0,0.52,4.85,12.94,8,1.0
9675056962642903040,Austin,Texas,Travis,5621.9,4031.2,178005.0,75.87,0.65,7.87,0.6,0.14,2.85,4.09,7.94,10,1.0
9675056997002641408,Austin,Texas,Travis,4211.0,2935.5,158292.0,75.13,1.51,6.59,0.05,0.0,0.38,4.77,11.57,9,1.0
9675057031362379776,Austin,Texas,Travis,3980.9,2300.3,162135.0,68.03,3.73,5.12,0.09,0.0,0.0,5.16,17.88,7,1.0
9675057065722118144,Austin,Texas,Travis,4618.6,2450.1,129727.0,74.59,1.81,2.03,0.04,0.0,0.1,7.07,14.36,9,1.0
9675057100081856512,Austin,Texas,Travis,2433.3,1369.3,118369.0,67.6,1.49,1.81,0.28,0.0,0.66,5.85,22.3,7,1.0
9675057134441594880,Austin,Texas,Travis,809.1,423.4,114271.0,74.13,0.93,7.97,0.2,0.0,0.19,4.37,12.19,4,1.0
9675057168801333248,Austin,Texas,Travis,1013.2,640.4,109046.0,73.01,0.8,7.38,0.13,0.0,0.28,2.21,16.18,7,1.0
9675057203161071616,Austin,Texas,Travis,2022.3,1037.2,115499.0,68.54,0.66,7.91,0.05,0.0,0.7,4.69,17.46,9,1.0
9675057237520809984,Austin,Texas,Travis,1066.0,430.0,108119.0,51.15,2.88,25.37,0.36,0.0,0.0,3.33,16.92,5,1.0
9675057271880548352,Austin,Texas,Travis,1473.2,657.8,144392.0,62.09,1.47,11.93,0.14,0.0,0.0,1.74,22.64,5,1.0
9675057306240286720,Austin,Texas,Travis,3514.8,1439.5,159694.0,83.44,0.15,7.18,0.0,0.0,0.06,1.74,7.42,7,1.0
9675057340600025088,Austin,Texas,Travis,2564.2,1043.2,205671.0,82.65,0.92,4.24,0.0,0.0,0.23,1.02,10.94,9,1.0
9675057374959763456,Austin,Texas,Travis,3181.5,1926.6,105515.0,78.21,1.26,4.98,0.26,0.0,0.34,6.31,8.63,8,1.0
9675057409319501824,Austin,Texas,Travis,7193.9,2791.5,42497.0,38.61,3.59,25.24,0.02,0.0,0.33,3.81,28.38,10,1.0
9675057443679240192,Austin,Texas,Travis,8960.1,4272.9,60775.0,41.61,5.65,20.59,0.23,0.0,0.93,4.87,26.12,17,1.0
9675057478038978560,Austin,Texas,Travis,7251.2,2402.1,49046.0,49.41,7.43,15.82,0.07,0.0,0.54,5.46,21.26,12,1.0
9675057512398716928,Austin,Texas,Travis,3545.2,2033.0,94459.0,57.42,10.71,11.13,0.11,0.0,0.63,5.69,14.32,8,1.0
9675057546758455296,Austin,Texas,Travis,1661.4,862.2,100658.0,61.39,11.62,3.33,0.4,0.0,0.0,3.54,19.71,6,1.0
9675057581118193664,Austin,Texas,Travis,5974.1,361.6,81450.0,37.62,12.94,15.94,0.1,0.0,0.59,5.23,27.59,5,1.0
9675057615477932032,Austin,Texas,Travis,2205.9,1169.1,128334.0,53.61,12.7,7.16,0.03,0.0,1.32,4.92,20.26,8,1.0
9675057649837670400,Austin,Texas,Travis,3995.5,2676.8,157056.0,63.17,3.0,6.37,0.0,0.0,0.0,2.59,24.88,7,1.0
9675057684197408768,Austin,Texas,Travis,3377.0,2061.8,106388.0,55.5,5.54,4.09,0.0,0.0,0.0,4.03,30.84,9,1.0
9675057718557147136,Austin,Texas,Travis,2402.4,1286.7,108391.0,56.49,15.09,5.65,0.19,0.0,1.52,4.02,17.04,6,1.0
9675057752916885504,Austin,Texas,Travis,3047.1,1438.9,94150.0,51.16,18.21,2.39,0.01,0.0,0.1,4.53,23.61,10,1.0
9675057787276623872,Austin,Texas,Travis,3888.3,1931.1,105812.0,47.87,2.24,1.74,0.0,0.0,0.0,2.23,45.93,9,1.0
9675057821636362240,Austin,Texas,Travis,2382.1,1187.9,121813.0,49.03,2.24,1.75,0.11,0.32,0.0,6.21,40.34,5,1.0
9675057855996100608,Austin,Texas,Travis,2563.2,1264.3,123572.0,49.37,16.77,2.3,0.11,0.33,0.19,4.28,26.65,6,1.0
9675057890355838976,Austin,Texas,Travis,2152.9,1111.2,121873.0,53.62,13.6,5.85,0.0,0.0,0.37,3.02,23.54,9,1.0
9675057924715577344,Austin,Texas,Travis,3829.6,2051.2,91772.0,55.02,12.17,5.19,0.08,0.0,0.01,4.26,23.27,7,1.0
9675057959075315712,Austin,Texas,Travis,2402.2,1103.1,103949.0,65.16,3.58,3.47,0.26,0.0,0.0,3.32,24.21,5,1.0
9675057993435054080,Austin,Texas,Travis,4409.0,1997.7,135504.0,53.81,3.02,11.04,0.0,0.0,0.2,7.89,24.05,6,1.0
9675058027794792448,Austin,Texas,Travis,2766.2,1301.1,83010.0,51.92,3.73,14.38,0.0,0.0,1.62,1.49,26.86,4,1.0
9675058062154530816,Austin,Texas,Travis,1187.0,476.3,123618.0,48.0,7.4,6.36,0.0,0.0,0.12,17.4,20.72,4,1.0
9675058096514269184,Austin,Texas,Travis,1826.9,893.6,88864.0,34.48,27.71,3.64,0.0,0.0,0.02,5.25,28.89,7,1.0
9675058130874007552,Austin,Texas,Travis,2501.7,969.5,125172.0,46.07,7.03,3.59,0.0,0.0,0.03,3.45,39.84,7,1.0
9675058165233745920,Austin,Texas,Travis,2372.3,843.8,96865.0,25.94,12.1,2.32,0.0,0.0,0.0,4.11,55.53,5,1.0
9675058199593484288,Austin,Texas,Travis,1075.9,469.5,88864.0,24.32,27.59,4.51,0.0,0.0,0.0,3.13,40.46,4,1.0
9675058233953222656,Austin,Texas,Travis,583.0,218.3,88517.0,29.56,35.27,0.83,0.0,0.29,0.0,3.19,30.86,4,1.0
9675058268312961024,Austin,Texas,Travis,1748.8,707.4,83944.0,27.76,25.43,2.96,0.0,0.0,0.0,3.05,40.79,4,1.0
9675058302672699392,Austin,Texas,Travis,829.9,280.5,183664.0,35.8,35.39,3.5,0.0,0.14,1.04,5.2,18.94,3,1.0
9675058405751914496,Austin,Texas,Travis,761.3,394.1,129498.0,46.62,13.48,2.78,0.0,0.18,1.94,7.57,27.43,4,1.0
9675058440111652864,Austin,Texas,Travis,1172.4,593.6,110274.0,40.23,8.29,2.3,0.0,0.0,0.34,2.12,46.73,5,1.0
9675058474471391232,Austin,Texas,Travis,1691.0,778.3,164957.0,42.89,13.48,3.39,0.0,0.0,2.73,7.2,30.31,6,1.0
9675058508831129600,Austin,Texas,Travis,2423.1,881.3,126415.0,26.43,8.48,3.04,0.02,0.06,0.17,8.49,53.32,8,1.0
9675058543190867968,Austin,Texas,Travis,1567.6,633.2,116080.0,26.85,8.25,1.39,0.06,0.17,0.0,1.68,61.6,4,1.0
9675058577550606336,Austin,Texas,Travis,741.6,336.8,140237.0,35.61,4.25,1.86,0.0,0.0,0.0,0.98,57.3,5,1.0
9675058611910344704,Austin,Texas,Travis,649.2,363.5,103768.0,43.24,7.14,2.08,0.0,0.0,0.0,1.85,45.69,3,1.0
9675058646270083072,Austin,Texas,Travis,296.5,128.1,68400.0,25.99,3.74,3.4,0.0,0.0,0.0,1.59,65.28,3,1.0
9675058680629821440,Austin,Texas,Travis,1600.3,771.3,64834.0,33.88,14.15,2.42,0.0,0.0,0.04,7.74,41.77,7,1.0
9675058714989559808,Austin,Texas,Travis,2700.5,1177.8,101028.0,30.12,3.86,5.72,0.0,0.0,0.0,3.14,57.15,4,1.0
9675058749349298176,Austin,Texas,Travis,815.0,326.3,85170.0,21.1,10.78,10.33,0.0,0.0,0.0,1.47,56.32,2,1.0
9675058783709036544,Austin,Texas,Travis,100.0,44.8,85150.0,19.21,11.02,6.69,0.0,0.0,0.0,0.95,62.13,4,1.0
9675058818068774912,Austin,Texas,Travis,934.7,355.1,80340.0,20.3,9.95,10.22,0.0,0.0,0.0,1.45,58.07,4,1.0
9675058886788251648,Austin,Texas,Travis,86.0,32.7,36919.0,5.51,1.7,0.0,0.0,0.0,0.0,1.11,91.69,3,1.0
9675058921147990016,Austin,Texas,Travis,482.5,194.8,58752.0,4.45,0.46,0.02,0.01,0.0,0.0,1.83,93.23,4,1.0
9675059058586943488,Austin,Texas,Travis,345.4,180.8,78170.0,34.47,8.05,1.46,0.0,0.0,0.0,1.76,54.26,2,1.0
9675060158098571264,Austin,Texas,Travis,212.6,78.9,91934.0,21.65,24.02,1.12,0.0,0.27,0.09,1.06,51.8,2,1.0
9675078952875458560,Austin,Texas,Travis,2650.8,931.9,83519.0,15.56,8.8,4.72,0.0,0.0,0.0,3.09,67.84,5,1.0
9675078987235196928,Austin,Texas,Travis,2016.6,1013.1,89945.0,49.56,11.19,5.6,0.0,0.0,0.0,4.03,29.63,3,1.0
9675079159033888768,Austin,Texas,Travis,2228.9,1076.9,72817.0,49.68,17.37,1.92,0.0,0.0,0.05,1.64,29.34,7,1.0
9675079193393627136,Austin,Texas,Travis,1838.9,753.9,122078.0,20.38,5.03,9.0,0.0,0.01,0.24,6.93,58.43,7,1.0
9675079262113103872,Austin,Texas,Travis,2072.8,945.8,117198.0,54.52,7.78,3.11,0.0,0.26,1.1,12.92,20.31,7,1.0
9675079296472842240,Austin,Texas,Travis,3066.0,1035.1,98921.0,16.86,4.52,3.34,0.0,0.08,0.0,1.78,73.42,10,1.0
9675079330832580608,Austin,Texas,Travis,5546.5,1926.7,63781.0,16.74,7.01,15.77,0.03,0.0,0.22,0.26,59.97,10,1.0
9675079365192318976,Austin,Texas,Travis,3444.7,1445.9,74331.0,26.47,12.57,7.95,0.0,0.0,0.0,4.36,48.65,7,1.0
9675079399552057344,Austin,Texas,Travis,3349.8,1334.4,107916.0,10.42,21.42,4.11,0.0,0.0,0.0,0.7,63.35,8,1.0
9675079433911795712,Austin,Texas,Travis,4137.8,1974.7,46388.0,14.98,9.2,1.72,0.08,0.0,2.36,4.25,67.41,11,1.0
9675079468271534080,Austin,Texas,Travis,1844.0,774.2,61557.0,19.45,18.0,3.79,0.03,0.0,0.27,0.27,58.18,6,1.0
9675079502631272448,Austin,Texas,Travis,4761.7,1818.8,52331.0,13.82,13.5,2.45,0.09,0.0,0.0,0.57,69.56,6,1.0
9675079536991010816,Austin,Texas,Travis,1987.1,972.7,47989.0,27.81,26.55,1.66,0.03,0.0,0.0,0.02,43.92,5,1.0
9675079571350749184,Austin,Texas,Travis,2363.6,1050.8,54245.0,15.93,27.94,3.0,0.0,0.0,0.0,0.08,53.05,6,1.0
9675079708789702656,Austin,Texas,Travis,941.3,395.0,64036.0,20.63,43.77,0.48,0.0,0.0,0.0,0.81,34.31,4,1.0
9675079743149441024,Austin,Texas,Travis,1865.0,698.2,120198.0,47.82,13.46,2.71,0.0,0.0,0.0,8.57,27.44,6,1.0
9675079777509179392,Austin,Texas,Travis,652.5,222.0,101934.0,20.7,25.29,1.69,0.0,0.0,0.0,3.13,49.19,3,1.0
9675079811868917760,Austin,Texas,Travis,1341.2,582.1,101255.0,16.23,26.92,8.05,0.0,0.0,0.0,6.27,42.52,4,1.0
9675079846228656128,Austin,Texas,Travis,2545.3,965.0,142934.0,29.84,13.77,1.39,0.04,0.0,0.17,8.28,46.52,6,1.0
9675079880588394496,Austin,Texas,Travis,3130.0,1212.0,109546.0,36.19,11.97,0.4,0.16,0.0,0.68,4.43,46.17,8,1.0
9675079914948132864,Austin,Texas,Travis,3885.8,1724.7,76960.0,44.89,7.69,2.91,0.01,0.0,0.63,6.53,37.34,8,1.0
9675079949307871232,Austin,Texas,Travis,2823.3,1514.1,76222.0,43.52,11.38,3.03,0.03,0.0,0.01,2.79,39.24,8,1.0
9675079983667609600,Austin,Texas,Travis,2400.2,1082.4,121824.0,56.88,3.94,3.9,0.1,0.0,0.12,3.83,31.23,7,1.0
9675080018027347968,Austin,Texas,Travis,3155.2,1628.1,117946.0,55.43,5.04,8.03,0.08,0.0,0.11,8.22,23.1,8,1.0
9675080052387086336,Austin,Texas,Travis,2703.9,1487.2,89046.0,59.76,3.51,5.01,0.0,0.0,0.0,5.15,26.57,9,1.0
9675080086746824704,Austin,Texas,Travis,2789.6,1532.8,100851.0,57.47,9.07,8.66,0.0,0.0,0.0,7.59,17.2,7,1.0
9675080121106563072,Austin,Texas,Travis,4128.5,2002.9,72295.0,30.84,17.3,1.52,0.05,0.0,0.04,5.51,44.74,8,1.0
9675080155466301440,Austin,Texas,Travis,4049.2,1897.4,76929.0,27.79,11.32,6.92,0.06,0.0,0.0,2.82,51.1,5,1.0
9675080189826039808,Austin,Texas,Travis,4446.0,1919.4,69811.0,23.12,13.1,5.15,0.02,0.0,0.07,0.07,58.46,8,1.0
9675080224185778176,Austin,Texas,Travis,2948.6,1623.4,104167.0,52.58,1.45,8.05,0.0,0.0,0.0,5.62,32.3,9,1.0
9675080258545516544,Austin,Texas,Travis,1877.2,1104.2,91005.0,41.63,5.28,19.13,0.0,0.0,0.0,3.15,30.8,3,1.0
9675080292905254912,Austin,Texas,Travis,3240.5,1665.1,94353.0,54.71,5.92,7.61,0.0,0.0,0.0,4.48,27.28,7,1.0
9675080327264993280,Austin,Texas,Travis,3019.0,1529.5,122142.0,68.01,3.99,4.48,0.0,0.0,0.0,5.11,18.42,8,1.0
9675080361624731648,Austin,Texas,Travis,2414.4,1267.7,136061.0,81.06,1.2,5.91,0.11,0.0,0.0,1.66,10.07,6,1.0
9675080395984470016,Austin,Texas,Travis,3570.1,2162.3,90485.0,64.14,7.32,7.35,0.02,0.0,0.49,6.47,14.2,9,1.0
9675080430344208384,Austin,Texas,Travis,3613.6,1863.3,85181.0,62.98,8.98,9.85,0.89,0.0,0.24,3.79,13.27,10,1.0
9675080464703946752,Austin,Texas,Travis,3109.2,1835.6,82107.0,75.8,4.84,2.93,0.0,0.0,0.96,5.38,10.09,8,1.0
9675080499063685120,Austin,Texas,Travis,3623.3,2038.5,82341.0,61.17,2.28,10.62,0.0,0.0,0.0,2.6,23.34,7,1.0
9675080533423423488,Austin,Texas,Travis,3838.2,2259.7,64900.0,67.63,4.21,7.27,0.0,0.0,0.0,4.17,16.72,10,1.0
9675080567783161856,Austin,Texas,Travis,2172.7,1049.3,122975.0,80.47,0.52,3.9,0.0,0.0,0.0,5.08,10.03,10,1.0
9675080602142900224,Austin,Texas,Travis,2020.8,1076.9,121976.0,88.77,0.75,1.85,0.0,0.0,0.0,1.46,7.16,6,1.0
9675080636502638592,Austin,Texas,Travis,1496.7,861.6,111635.0,91.34,0.79,3.32,0.01,0.0,0.0,0.75,3.78,7,1.0
9675080670862376960,Austin,Texas,Travis,2104.5,878.2,214880.0,89.45,0.41,1.38,0.0,0.0,0.17,1.33,7.25,9,1.0
9675080705222115328,Austin,Texas,Travis,1505.1,593.5,225326.0,84.2,0.16,0.85,0.33,0.0,0.16,2.4,11.9,6,1.0
9675080739581853696,Austin,Texas,Travis,1242.8,486.8,243041.0,92.72,0.02,0.91,0.02,0.0,0.0,1.45,4.88,6,1.0
9675080773941592064,Austin,Texas,Travis,627.2,252.2,239962.0,86.82,0.05,5.85,0.0,0.0,0.0,4.68,2.6,4,1.0
9675080808301330432,Austin,Texas,Travis,800.7,336.9,203449.0,83.86,0.02,1.34,0.56,0.0,0.0,3.77,10.45,4,1.0
9675080842661068800,Austin,Texas,Travis,525.7,250.3,184328.0,82.89,0.42,5.61,0.0,0.0,0.0,3.66,7.43,3,1.0
9675080980100022272,Austin,Texas,Travis,1567.6,745.6,145484.0,80.37,0.11,6.49,0.0,0.0,0.0,2.37,10.66,7,1.0
9675081014459760640,Austin,Texas,Travis,1352.1,523.0,222527.0,78.06,0.01,9.44,0.0,0.0,0.0,3.26,9.22,5,1.0
9675081048819499008,Austin,Texas,Travis,2367.5,1065.9,128853.0,76.07,0.5,5.7,0.0,0.0,0.0,3.88,13.85,5,1.0
9675081083179237376,Austin,Texas,Travis,2421.4,923.5,169510.0,79.39,0.11,3.53,0.22,0.0,0.0,2.41,14.35,6,1.0
9675081117538975744,Austin,Texas,Travis,3343.1,1741.3,95234.0,63.39,1.83,9.55,0.05,0.62,0.0,3.02,21.54,7,1.0
9675081151898714112,Austin,Texas,Travis,4264.1,2681.5,69802.0,56.49,2.77,15.03,0.0,0.83,0.0,3.79,21.09,8,1.0
9675081186258452480,Austin,Texas,Travis,2204.1,1070.9,126983.0,65.94,1.86,8.61,0.0,0.62,0.0,4.04,18.93,7,1.0
9675081220618190848,Austin,Texas,Travis,2523.1,1417.9,94031.0,68.08,1.98,7.96,0.0,0.0,0.0,3.63,18.35,6,1.0
9675081598575312896,Austin,Texas,Travis,1950.2,1050.6,91692.0,71.98,0.59,3.67,0.0,0.0,0.0,8.1,15.66,5,1.0
9675081632935051264,Austin,Texas,Travis,1550.1,893.5,92778.0,71.74,2.29,10.15,0.0,0.29,0.25,3.32,11.95,6,1.0
9675081667294789632,Austin,Texas,Travis,1059.4,769.4,86916.0,52.53,8.26,14.47,0.0,0.0,0.0,1.79,22.94,4,1.0
9675081701654528000,Austin,Texas,Travis,1488.1,1119.9,93661.0,54.85,15.46,13.71,0.01,0.0,0.04,0.58,15.35,2,1.0
9675081736014266368,Austin,Texas,Travis,2347.6,1300.1,74217.0,35.73,12.58,5.85,0.0,0.0,0.52,3.59,41.74,6,1.0
9675081770374004736,Austin,Texas,Travis,1652.2,912.0,115038.0,66.15,2.16,4.05,0.0,0.0,1.05,5.92,20.66,7,1.0
9675081804733743104,Austin,Texas,Travis,1492.3,987.0,88075.0,59.1,2.88,2.07,0.0,0.0,0.69,6.97,28.29,7,1.0
9675081839093481472,Austin,Texas,Travis,1963.3,1010.0,121279.0,76.11,0.94,5.75,0.12,0.0,0.0,2.1,14.98,9,1.0
9675081873453219840,Austin,Texas,Travis,2810.1,1300.9,95831.0,52.52,10.12,4.31,0.0,0.0,0.0,5.01,28.04,7,1.0
9675081907812958208,Austin,Texas,Travis,3230.4,1405.0,71641.0,38.47,14.34,3.68,0.0,0.0,0.31,3.81,39.39,6,1.0
9675081942172696576,Austin,Texas,Travis,3511.8,1637.2,53071.0,23.0,7.72,1.86,0.0,0.0,0.0,2.27,65.15,9,1.0
9675081976532434944,Austin,Texas,Travis,3518.6,1718.4,74783.0,29.96,6.2,5.88,0.0,0.0,0.0,2.76,55.21,7,1.0
9675082010892173312,Austin,Texas,Travis,3420.0,1490.3,53822.0,15.43,11.19,2.18,0.0,0.0,0.26,1.84,69.1,10,1.0
9675082045251911680,Austin,Texas,Travis,5040.4,2131.9,68308.0,23.51,6.27,0.05,0.0,0.22,0.02,4.83,65.1,11,1.0
9675082079611650048,Austin,Texas,Travis,4398.7,1891.6,89153.0,39.71,8.69,3.03,0.0,0.22,0.53,5.23,42.57,7,1.0
9675082113971388416,Austin,Texas,Travis,3922.3,2005.2,45028.0,14.38,9.71,5.86,0.0,0.0,0.24,0.46,69.37,8,1.0
9675082148331126784,Austin,Texas,Travis,1544.2,755.7,86241.0,29.15,4.73,5.58,0.11,0.0,0.5,1.56,58.37,5,1.0
9675082182690865152,Austin,Texas,Travis,2422.5,1108.0,109516.0,39.02,7.89,3.17,0.0,0.0,0.38,11.49,38.05,8,1.0
9675082217050603520,Austin,Texas,Travis,3570.5,2101.4,76878.0,37.72,10.67,11.0,0.09,0.0,0.68,4.04,35.81,6,1.0
9675082251410341888,Austin,Texas,Travis,1598.2,1213.8,67573.0,29.47,7.96,19.8,0.7,0.0,3.12,0.15,38.8,5,1.0
9675082285770080256,Austin,Texas,Travis,2317.8,1593.4,83850.0,50.29,7.29,18.41,0.06,0.37,0.25,2.23,21.1,7,1.0
9675082629367463936,Austin,Texas,Travis,2095.4,1060.4,95154.0,66.07,2.82,9.5,0.0,0.0,0.0,7.31,14.3,4,1.0
9675082663727202304,Austin,Texas,Travis,2285.4,1575.5,93790.0,49.51,15.47,14.22,0.0,0.03,0.08,8.72,11.96,8,1.0
9675082698086940672,Austin,Texas,Travis,1748.2,1342.0,107214.0,50.13,9.39,17.17,0.02,0.0,0.1,1.18,22.0,5,1.0
9675082732446679040,Austin,Texas,Travis,929.8,584.0,98411.0,59.69,2.68,9.41,0.0,0.0,0.0,3.71,24.52,3,1.0
9675082766806417408,Austin,Texas,Travis,1412.8,918.2,74544.0,54.15,3.51,17.43,0.0,1.84,1.6,5.02,16.44,4,1.0
9681413823478628352,Austin,Texas,AUSTIN,491.0,199.1,213929.0,73.56,0.05,10.14,0.0,0.0,0.0,2.14,14.1,4,1.0
9681413892198105088,Austin,Texas,Travis,620.7,228.5,182578.0,82.59,0.72,4.64,0.08,0.0,0.73,1.73,9.51,5,1.0
9681413926557843456,Austin,Texas,Travis,492.0,227.4,121076.0,74.0,1.63,9.03,0.59,0.0,0.0,5.79,8.95,5,1.0
9681413960917581824,Austin,Texas,Travis,1012.0,362.6,209072.0,83.35,0.04,4.2,0.01,0.0,0.0,2.75,9.65,3,1.0
9681413995277320192,Austin,Texas,Travis,984.5,361.8,192755.0,82.48,0.0,4.49,0.0,0.0,0.0,0.68,12.35,4,1.0
9681414029637058560,Austin,Texas,Travis,1248.0,470.7,190649.0,72.77,2.36,8.61,0.0,0.0,0.0,5.22,11.05,5,1.0
9681414063996796928,Austin,Texas,Travis,1048.0,425.8,166815.0,73.33,2.22,7.54,0.07,0.0,0.0,5.83,11.0,6,1.0
9681414098356535296,Austin,Texas,Travis,1934.4,1090.0,100010.0,67.86,1.3,4.56,0.17,0.0,0.39,6.76,18.96,7,1.0
9681414132716273664,Austin,Texas,Travis,1319.2,563.4,132192.0,59.89,4.38,10.67,0.01,0.0,1.55,7.13,16.37,4,1.0
9681414167076012032,Austin,Texas,Travis,712.3,274.5,165274.0,62.58,2.55,11.61,0.51,0.0,0.0,7.92,14.83,5,1.0
9681414201435750400,Austin,Texas,Travis,894.8,369.5,239200.0,62.41,0.5,15.05,0.05,0.0,0.0,5.52,16.46,4,1.0
9681414304514965504,Austin,Texas,Travis,922.5,472.5,132480.0,67.74,0.79,8.95,0.0,0.0,0.01,6.32,16.18,4,1.0
9681414338874703872,Austin,Texas,Travis,1297.6,800.0,97937.0,42.2,6.86,11.02,0.76,0.0,0.97,20.22,17.98,5,1.0
9681414373234442240,Austin,Texas,Travis,601.3,347.7,99786.0,60.44,5.92,8.97,0.09,0.0,0.01,8.59,15.98,2,1.0
9681414407594180608,Austin,Texas,Travis,628.2,320.8,128574.0,66.77,1.83,10.38,0.33,0.0,0.01,6.93,13.75,3,1.0
9681414441953918976,Austin,Texas,Travis,1032.6,642.6,99935.0,66.63,3.61,10.0,0.1,0.0,1.96,10.53,7.18,6,1.0
9681414476313657344,Austin,Texas,Travis,1595.4,1005.2,94809.0,69.93,2.56,6.43,0.13,0.0,2.78,10.55,7.63,5,1.0
9681414510673395712,Austin,Texas,Travis,2926.3,1745.1,68526.0,47.24,1.02,4.91,0.05,0.01,7.23,9.85,29.68,7,1.0
9681414545033134080,Austin,Texas,Travis,992.6,564.5,99189.0,63.51,2.81,5.05,0.18,0.0,0.4,5.96,22.1,5,1.0
9681414579392872448,Austin,Texas,Travis,2400.3,1119.7,79245.0,59.48,4.12,1.58,0.07,0.0,0.85,3.71,30.2,7,1.0
9681414613752610816,Austin,Texas,Travis,2480.1,1223.1,102871.0,60.48,0.3,4.41,0.32,0.05,1.35,3.39,29.71,7,1.0
9681414648112349184,Austin,Texas,Travis,3013.6,1464.3,89595.0,50.57,2.02,2.86,0.05,0.0,0.26,5.71,38.53,8,1.0
9681414682472087552,Austin,Texas,Travis,1676.6,801.1,108450.0,53.19,1.3,0.81,0.01,0.0,1.29,4.12,39.27,7,1.0
9681414716831825920,Austin,Texas,Travis,3050.3,1600.2,110814.0,61.13,2.41,0.84,0.0,0.0,1.7,3.57,30.35,6,1.0
9681414751191564288,Austin,Texas,Travis,1643.3,769.3,104259.0,57.13,3.0,3.1,0.03,0.0,0.76,2.86,33.12,5,1.0
9681414785551302656,Austin,Texas,Travis,1011.0,566.5,93781.0,52.8,5.27,6.33,0.37,0.0,0.31,10.88,24.04,3,1.0
9681414819911041024,Austin,Texas,Travis,1777.5,827.1,84185.0,55.57,2.24,1.54,0.0,0.0,0.3,3.16,37.2,5,1.0
9681414854270779392,Austin,Texas,Travis,2055.9,920.0,97143.0,59.4,2.91,1.69,0.0,0.0,1.67,9.36,24.97,7,1.0
9681414922990256128,Austin,Texas,Travis,1705.8,672.8,130274.0,68.26,2.32,2.13,0.05,0.0,0.18,10.65,16.4,8,1.0
9681414957349994496,Austin,Texas,Travis,1721.3,946.0,92211.0,45.77,3.74,7.46,0.51,0.0,0.73,20.36,21.43,6,1.0
9681414991709732864,Austin,Texas,Travis,2114.0,1138.8,78426.0,52.2,3.5,12.29,0.06,0.0,0.46,4.97,26.52,5,1.0
9681415094788947968,Austin,Texas,Travis,2326.0,1123.3,89951.0,63.87,2.25,4.23,0.0,0.0,0.02,14.84,14.78,6,1.0
9681415300947378176,Austin,Texas,Travis,1658.6,785.0,113047.0,64.54,1.98,5.58,0.78,0.0,0.0,5.93,21.19,7,1.0
9681415335307116544,Austin,Texas,Travis,1803.9,976.9,98842.0,60.29,1.44,3.61,0.08,0.0,0.0,1.92,32.67,5,1.0
9681415369666854912,Austin,Texas,Travis,1676.2,843.5,103832.0,56.3,1.89,11.82,0.27,0.0,0.01,3.42,26.3,6,1.0
9681415404026593280,Austin,Texas,Travis,919.6,356.4,183703.0,68.19,5.23,6.61,0.0,0.0,0.0,6.13,13.83,4,1.0
9681415438386331648,Austin,Texas,Travis,1060.2,551.8,109899.0,62.06,6.44,4.68,0.04,0.0,0.0,3.85,22.92,4,1.0
9681415472746070016,Austin,Texas,Travis,1201.1,504.4,158106.0,69.37,2.85,5.39,0.01,0.0,0.0,6.07,16.32,4,1.0
9681415610185023488,Austin,Texas,Travis,1814.3,649.6,186286.0,74.56,1.22,3.01,0.0,0.0,0.0,5.26,15.95,7,1.0
9681415644544761856,Austin,Texas,Travis,1276.8,494.5,153356.0,66.87,3.33,3.86,0.0,0.0,0.0,3.67,22.26,6,1.0
9681415747623976960,Austin,Texas,Travis,2322.7,932.7,114694.0,40.72,3.13,9.45,0.0,0.0,1.14,2.17,43.4,5,1.0
9681415781983715328,Austin,Texas,Travis,2129.8,935.6,127797.0,47.12,6.15,3.77,0.0,0.0,1.0,2.81,39.14,5,1.0
9681415816343453696,Austin,Texas,Travis,3055.7,1302.4,113471.0,44.8,2.98,9.11,0.21,0.0,0.2,2.23,40.46,9,1.0
9681415850703192064,Austin,Texas,Travis,1672.5,664.2,124270.0,49.15,3.01,6.51,0.0,0.0,0.02,2.03,39.27,6,1.0
9681415885062930432,Austin,Texas,Travis,2550.4,1168.1,121042.0,54.45,1.95,10.04,0.01,0.0,0.0,0.9,32.64,6,1.0
9681415919422668800,Austin,Texas,Travis,2580.4,1300.2,105327.0,57.02,5.12,4.98,0.0,0.0,0.26,2.43,30.19,9,1.0
9681415953782407168,Austin,Texas,Travis,2878.9,1229.4,96182.0,50.73,0.9,1.06,0.0,0.0,0.02,3.06,44.23,7,1.0
9681415988142145536,Austin,Texas,Travis,2422.9,1049.7,100095.0,61.14,1.28,1.39,0.45,0.0,0.05,5.49,30.21,6,1.0
9681416022501883904,Austin,Texas,Travis,2183.7,1014.9,156220.0,57.61,6.22,5.05,0.02,0.0,0.96,5.35,24.78,7,1.0
9681416056861622272,Austin,Texas,Travis,2268.9,1158.6,89499.0,59.41,0.66,0.42,0.0,0.0,2.47,2.87,34.17,7,1.0
9681416091221360640,Austin,Texas,Travis,1999.9,975.6,86969.0,52.99,3.09,2.15,0.0,0.0,0.22,3.53,38.02,7,1.0
9681416125581099008,Austin,Texas,Travis,3749.2,1842.7,60513.0,35.08,3.88,1.72,0.0,0.0,0.35,2.0,56.95,8,1.0
9681416159940837376,Austin,Texas,Travis,2420.1,1153.5,79071.0,47.78,3.63,1.21,0.18,0.0,0.97,3.24,42.98,5,1.0
9681416194300575744,Austin,Texas,Travis,1722.1,810.3,94059.0,54.38,1.99,3.38,1.1,0.0,1.33,2.01,35.81,4,1.0
9681416228660314112,Austin,Texas,Travis,2941.0,1519.6,89463.0,40.04,10.27,4.02,0.78,0.0,0.88,3.38,40.63,6,1.0
9681416263020052480,Austin,Texas,Travis,2289.4,1293.5,94681.0,50.16,2.31,0.19,0.13,0.0,0.95,7.43,38.84,5,1.0
9681416297379790848,Austin,Texas,Travis,2443.0,1310.1,91894.0,40.93,3.96,12.61,0.7,0.0,0.0,10.3,31.49,6,1.0
9681416331739529216,Austin,Texas,Travis,2522.8,1346.2,83987.0,29.78,16.46,9.99,0.0,0.02,0.04,6.35,37.37,5,1.0
9681416400459005952,Austin,Texas,Travis,2265.4,1095.9,152241.0,47.14,7.18,8.93,0.13,0.35,1.15,4.56,30.56,5,1.0
9681416434818744320,Austin,Texas,Travis,1670.3,809.2,110374.0,53.29,11.12,3.4,0.34,0.17,0.47,6.18,25.04,8,1.0
9681416469178482688,Austin,Texas,Travis,1721.2,838.5,122985.0,51.16,4.01,5.81,0.0,0.08,0.36,8.95,29.62,5,1.0
9681416537897959424,Austin,Texas,Travis,1127.4,570.0,95819.0,48.81,12.45,6.53,0.0,0.0,0.76,4.44,27.01,2,1.0
9681416572257697792,Austin,Texas,Travis,929.4,476.6,89797.0,49.81,12.83,5.04,0.0,0.0,1.01,5.65,25.66,2,1.0
9681416640977174528,Austin,Texas,Travis,1940.3,959.8,112508.0,44.45,8.82,9.16,0.0,0.0,0.21,3.76,33.61,3,1.0
9681416675336912896,Austin,Texas,Travis,2607.3,1361.3,77454.0,37.94,7.5,8.92,0.53,0.0,1.42,3.78,39.91,5,1.0
9681416709696651264,Austin,Texas,Travis,1571.8,771.8,73805.0,44.97,6.4,7.93,0.0,0.0,2.99,0.6,37.1,5,1.0
9681416744056389632,Austin,Texas,Travis,1092.5,551.8,95975.0,48.8,12.16,6.47,0.0,0.0,0.74,4.42,27.42,5,1.0
9681416778416128000,Austin,Texas,Travis,471.4,224.1,87423.0,47.06,0.97,0.93,0.0,0.0,0.03,6.72,44.28,3,1.0
9681416915855081472,Austin,Texas,Travis,580.9,257.4,80457.0,42.78,0.93,0.0,0.0,0.0,0.0,7.73,48.56,2,1.0
9681416950214819840,Austin,Texas,Travis,586.9,265.6,79733.0,43.81,2.3,0.12,0.0,0.0,0.18,7.85,45.74,2,1.0
9681417190732988416,Austin,Texas,Travis,964.0,389.8,132489.0,42.59,4.14,12.7,0.0,0.0,1.58,7.81,31.17,4,1.0
9681417225092726784,Austin,Texas,Travis,2099.6,894.0,135507.0,42.85,1.48,13.63,0.0,0.0,1.96,6.27,33.8,5,1.0
9681417259452465152,Austin,Texas,Travis,1641.1,701.0,153376.0,53.27,2.01,4.71,0.06,0.0,0.09,9.79,30.06,5,1.0
9681417293812203520,Austin,Texas,Travis,702.9,254.5,160370.0,45.18,3.72,10.45,0.12,0.0,0.54,10.33,29.67,2,1.0
9681417328171941888,Austin,Texas,Travis,411.3,136.9,217209.0,48.19,5.79,16.84,1.3,0.0,0.14,9.22,18.5,2,0.9813
9681417362531680256,Austin,Texas,Travis,1289.4,510.8,185655.0,65.22,1.74,3.93,0.24,0.0,0.0,9.05,19.82,3,1.0
9681417396891418624,Austin,Texas,Travis,426.8,138.4,234725.0,53.9,5.59,16.12,1.43,0.0,0.0,8.18,14.79,2,1.0
9681418152805662720,Austin,Texas,Travis,439.5,142.1,240882.0,54.2,8.44,15.12,1.33,0.0,0.0,6.99,13.91,2,1.0
9681418324604354560,Austin,Texas,Travis,777.8,271.8,220042.0,68.23,7.67,8.68,0.0,0.0,0.0,4.37,11.05,4,1.0
9739878636298698752,Phoenix,Arizona,Maricopa,1822.7,873.7,116335.0,67.05,0.15,21.69,0.02,0.0,0.15,3.06,7.89,6,1.0
9739878670658437120,Phoenix,Arizona,Maricopa,1757.3,649.6,185224.0,48.45,3.65,31.09,0.1,0.0,1.01,5.72,9.98,7,1.0
9739878705018175488,Phoenix,Arizona,Maricopa,1393.7,516.9,170387.0,68.57,6.2,15.39,0.02,0.0,0.0,3.36,6.46,4,1.0
9739878739377913856,Phoenix,Arizona,Maricopa,1469.3,806.3,83434.0,79.77,0.77,12.83,0.0,0.0,0.0,1.79,4.84,5,1.0
9739878911176605696,Phoenix,Arizona,Maricopa,612.3,295.5,115388.0,72.92,5.51,7.45,0.2,0.0,0.0,7.6,6.32,3,1.0
9739878979896082432,Phoenix,Arizona,Maricopa,12.8,5.5,89515.0,27.66,11.29,22.53,3.19,0.12,0.0,18.34,16.87,3,1.0
9739879014255820800,Phoenix,Arizona,Maricopa,1309.7,614.6,101387.0,62.68,7.17,9.04,0.94,0.03,0.0,10.44,9.7,5,1.0
9739879048615559168,Phoenix,Arizona,Maricopa,1860.1,747.2,128031.0,59.44,1.21,12.12,0.4,0.0,0.0,6.15,20.67,6,1.0
9739879082975297536,Phoenix,Arizona,Maricopa,2019.1,885.2,152165.0,62.79,2.44,14.53,0.07,0.0,0.0,6.86,13.31,5,1.0
9739879117335035904,Phoenix,Arizona,Maricopa,2248.4,905.3,142138.0,56.44,3.14,13.93,0.03,0.0,0.75,10.05,15.66,6,1.0
9739879151694774272,Phoenix,Arizona,Maricopa,1652.8,696.6,101613.0,61.21,1.19,14.71,2.81,0.0,0.42,6.36,13.3,7,1.0
9739879186054512640,Phoenix,Arizona,Maricopa,3293.3,1280.2,124638.0,55.12,1.77,14.8,1.26,0.09,0.0,7.45,19.5,7,1.0
9739879220414251008,Phoenix,Arizona,Maricopa,3117.2,1132.4,138182.0,34.98,7.88,20.75,0.24,0.01,0.0,7.89,28.23,6,1.0
9739879254773989376,Phoenix,Arizona,Maricopa,2214.3,826.8,116581.0,44.34,14.59,14.9,0.02,0.06,0.01,10.43,15.66,6,1.0
9739879289133727744,Phoenix,Arizona,Maricopa,2453.7,1035.4,125164.0,58.23,1.89,10.58,0.95,0.07,0.74,8.03,19.51,8,1.0
9739879323493466112,Phoenix,Arizona,Maricopa,3415.3,1305.6,118127.0,49.23,3.98,11.29,1.68,0.32,1.21,6.04,26.26,7,1.0
9739879357853204480,Phoenix,Arizona,Maricopa,2822.4,1098.7,69418.0,42.84,8.07,5.75,5.08,0.39,2.85,1.3,33.71,6,1.0
9739879392212942848,Phoenix,Arizona,Maricopa,2896.5,1198.3,82457.0,48.8,11.86,7.36,2.69,0.36,0.36,7.59,20.98,7,1.0
9739879426572681216,Phoenix,Arizona,Maricopa,2145.8,949.5,103548.0,51.3,6.78,8.3,1.46,0.0,0.15,7.21,24.79,6,1.0
9739879460932419584,Phoenix,Arizona,Maricopa,1560.9,812.5,95812.0,45.49,8.38,19.23,1.42,0.09,0.44,5.23,19.72,3,1.0
9739879495292157952,Phoenix,Arizona,Maricopa,1567.2,762.1,100705.0,44.02,14.88,8.82,2.54,0.0,0.1,2.45,27.21,3,1.0
9739879529651896320,Phoenix,Arizona,Maricopa,1503.1,723.9,91974.0,39.03,14.06,10.22,0.35,0.0,0.03,12.07,24.23,7,1.0
9739879564011634688,Phoenix,Arizona,Maricopa,593.6,286.2,94451.0,40.74,12.07,13.29,0.33,0.03,0.11,11.65,21.79,4,1.0
9739879632731111424,Phoenix,Arizona,Maricopa,1004.1,323.1,174635.0,50.17,1.37,35.11,0.11,0.36,0.0,4.22,8.65,2,1.0
9739879667090849792,Phoenix,Arizona,Maricopa,939.9,394.2,90460.0,28.44,11.33,21.46,3.2,0.13,0.0,18.43,17.02,2,1.0
9739879873249280000,Phoenix,Arizona,Maricopa,195.1,90.3,94636.0,42.53,11.78,10.56,0.0,0.0,0.0,11.9,23.23,3,1.0
9739879907609018368,Phoenix,Arizona,Maricopa,2096.4,951.7,93466.0,55.31,2.88,12.0,0.0,0.0,0.0,9.14,20.67,3,1.0
9739879941968756736,Phoenix,Arizona,Maricopa,1702.6,612.5,126590.0,61.81,2.09,4.43,5.05,0.82,1.52,5.4,18.88,5,1.0
9739880045047971840,Phoenix,Arizona,Maricopa,2018.2,729.6,125598.0,75.44,0.66,0.66,0.0,2.23,0.05,4.33,16.63,5,1.0
9739880079407710208,Phoenix,Arizona,Maricopa,680.4,254.8,120888.0,73.48,0.6,0.04,0.03,0.0,0.05,2.25,23.55,4,1.0
9739882999985471488,Phoenix,Arizona,Maricopa,4.2,0.9,,76.73,5.68,9.06,5.68,0.0,0.0,0.0,2.84,2,1.0
9739883034345209856,Phoenix,Arizona,Maricopa,59.1,22.4,112388.0,69.41,3.48,14.99,1.11,0.0,0.0,2.31,8.71,2,1.0
9739883068704948224,Phoenix,Arizona,Maricopa,571.4,317.6,85437.0,40.07,8.15,7.26,5.4,0.0,0.0,10.77,28.35,2,1.0
9739883103064686592,Phoenix,Arizona,Maricopa,953.5,496.2,72046.0,49.65,9.77,9.22,4.08,0.0,3.77,12.55,10.96,4,1.0
9739883137424424960,Phoenix,Arizona,Maricopa,1460.4,613.4,111462.0,61.44,2.51,12.92,0.0,0.0,0.25,10.08,12.81,4,1.0
9739883171784163328,Phoenix,Arizona,Maricopa,1437.9,583.3,154561.0,57.56,2.95,12.56,1.67,0.0,1.34,9.12,14.81,5,1.0
9739883206143901696,Phoenix,Arizona,Maricopa,1177.1,522.0,148376.0,57.43,5.4,15.17,3.86,0.0,2.21,6.11,9.82,3,1.0
9739883240503640064,Phoenix,Arizona,Maricopa,1997.0,914.6,102587.0,53.57,9.38,12.36,5.6,0.22,1.19,4.98,12.7,6,1.0
9739883274863378432,Phoenix,Arizona,Maricopa,1372.4,699.1,67778.0,42.9,16.0,14.28,3.1,0.33,2.9,10.28,10.21,3,1.0
9739883309223116800,Phoenix,Arizona,Maricopa,3492.2,1410.6,112792.0,59.4,5.71,7.27,2.51,0.11,0.36,2.6,22.03,6,1.0
9739883343582855168,Phoenix,Arizona,Maricopa,3389.2,1577.2,83705.0,58.74,7.14,8.88,4.89,0.15,0.0,3.89,16.3,7,1.0
9739883377942593536,Phoenix,Arizona,Maricopa,2683.7,1083.2,112069.0,48.94,4.55,7.84,4.4,1.24,0.29,7.72,25.02,8,1.0
9739883412302331904,Phoenix,Arizona,Maricopa,2593.3,1155.8,109571.0,58.75,4.75,6.11,4.33,0.02,0.28,3.71,22.05,9,1.0
9739883481021808640,Phoenix,Arizona,Maricopa,2112.3,1063.1,100323.0,58.42,9.51,5.08,3.19,0.0,0.54,7.2,16.05,4,1.0
9739884717972389888,Phoenix,Arizona,Maricopa,326.4,195.0,120754.0,62.34,13.89,1.9,0.46,0.0,1.34,2.78,17.29,2,1.0
9739884752332128256,Phoenix,Arizona,PHOENIX,1726.9,774.8,130985.0,77.79,5.66,1.57,0.64,0.01,1.23,3.93,9.17,7,1.0
9739884889771081728,Phoenix,Arizona,Maricopa,2087.9,1095.4,110817.0,74.99,2.91,1.12,9.56,0.0,0.0,0.46,10.96,6,1.0
9739884958490558464,Phoenix,Arizona,Maricopa,1420.9,747.2,71337.0,32.1,12.32,17.09,1.23,0.0,0.0,6.17,31.08,6,1.0
9739884992850296832,Phoenix,Arizona,Maricopa,849.7,419.2,78008.0,53.68,16.23,6.6,5.09,0.0,0.0,3.67,14.73,4,1.0
9739885027210035200,Phoenix,Arizona,Maricopa,250.3,135.8,104205.0,34.15,21.01,23.07,9.28,0.0,0.0,3.22,9.28,1,1.0
9739885061569773568,Phoenix,Arizona,Maricopa,3358.1,1335.8,79754.0,22.23,9.15,16.72,9.36,2.4,0.37,7.27,32.5,6,1.0
9739885095929511936,Phoenix,Arizona,Maricopa,3182.1,1055.7,69830.0,16.96,4.95,3.87,19.57,0.42,0.39,3.44,50.39,8,1.0
9739885130289250304,Phoenix,Arizona,Maricopa,3799.5,1574.4,70589.0,25.72,7.59,5.78,6.84,0.0,0.09,9.5,44.47,6,1.0
9739885164648988672,Phoenix,Arizona,Maricopa,1849.8,791.4,89225.0,23.18,5.72,3.21,2.54,0.01,0.44,1.17,63.74,5,1.0
9739885199008727040,Phoenix,Arizona,Maricopa,5003.2,1938.7,70815.0,35.42,11.8,1.24,4.41,0.06,0.2,4.62,42.23,10,1.0
9739885233368465408,Phoenix,Arizona,Maricopa,4101.9,1768.7,69490.0,26.67,22.25,16.22,0.87,3.04,0.96,5.99,23.99,6,1.0
9739885267728203776,Phoenix,Arizona,Maricopa,2350.0,964.5,81134.0,45.13,8.59,8.41,9.85,0.19,0.88,2.77,24.19,6,1.0
9739885302087942144,Phoenix,Arizona,Maricopa,1176.0,572.9,68850.0,56.95,1.42,3.42,0.16,0.23,0.29,6.84,30.67,5,1.0
9739885336447680512,Phoenix,Arizona,Maricopa,3378.1,1625.9,54204.0,48.7,3.55,4.36,0.78,0.0,0.0,5.49,37.11,7,1.0
9739885370807418880,Phoenix,Arizona,Maricopa,3291.6,1612.2,78378.0,53.24,5.43,10.29,6.74,0.0,0.0,6.74,17.56,8,1.0
9739885405167157248,Phoenix,Arizona,Maricopa,3443.4,1245.7,104161.0,55.64,9.74,11.4,0.13,0.0,0.0,5.99,17.09,7,1.0
9739885439526895616,Phoenix,Arizona,Maricopa,2501.8,981.1,117764.0,72.11,4.37,2.6,0.78,0.0,2.6,2.56,14.97,5,1.0
9739885473886633984,Phoenix,Arizona,Maricopa,2726.6,1174.0,94008.0,72.42,2.04,3.22,2.13,0.0,0.0,0.74,19.45,4,1.0
9739885508246372352,Phoenix,Arizona,Maricopa,2621.1,1122.0,106868.0,71.48,3.45,2.35,0.0,0.0,0.69,4.72,17.31,6,1.0
9739885542606110720,Phoenix,Arizona,Maricopa,2146.1,846.1,127764.0,63.82,4.76,2.69,0.82,0.0,2.11,5.74,20.06,6,1.0
9739885576965849088,Phoenix,Arizona,Maricopa,1307.0,523.0,123239.0,51.72,1.41,10.95,4.77,0.0,1.64,10.64,18.86,5,1.0
9739885611325587456,Phoenix,Arizona,Maricopa,1897.0,775.0,136404.0,79.79,0.32,1.7,0.15,0.0,1.05,4.67,12.32,4,1.0
9739885645685325824,Phoenix,Arizona,Maricopa,1685.1,640.6,162759.0,60.34,5.29,17.36,1.05,0.75,1.63,3.17,10.4,5,1.0
9739885680045064192,Phoenix,Arizona,Maricopa,1288.6,527.0,99279.0,41.09,9.65,4.59,1.12,3.25,4.13,7.77,28.39,5,1.0
9739885714404802560,Phoenix,Arizona,Maricopa,3579.6,1749.5,79105.0,30.84,5.08,20.08,0.77,6.02,1.4,10.39,25.43,5,1.0
9739885748764540928,Phoenix,Arizona,Maricopa,1300.1,532.9,127405.0,50.74,10.44,17.71,1.01,1.68,2.08,3.34,13.01,4,1.0
9739885783124279296,Phoenix,Arizona,Maricopa,1531.7,612.4,148630.0,64.12,6.46,12.39,1.8,0.0,1.79,3.36,10.09,4,1.0
9739885817484017664,Phoenix,Arizona,Maricopa,1890.5,696.7,178687.0,69.58,2.22,18.87,0.83,0.0,0.37,2.74,5.38,7,1.0
9739885851843756032,Phoenix,Arizona,Maricopa,2069.7,736.6,167139.0,68.33,1.57,16.83,0.26,0.0,0.0,4.53,8.48,3,1.0
9739885886203494400,Phoenix,Arizona,Maricopa,2158.3,746.8,175551.0,67.82,0.58,11.02,0.23,0.0,0.05,1.93,18.38,5,1.0
9739885920563232768,Phoenix,Arizona,Maricopa,2057.6,843.2,126467.0,64.68,2.84,15.57,0.21,0.0,0.14,2.87,13.69,4,1.0
9739885954922971136,Phoenix,Arizona,Maricopa,1455.5,617.1,73432.0,68.87,2.93,9.79,0.02,0.0,0.16,1.38,16.84,5,1.0
9739885989282709504,Phoenix,Arizona,Maricopa,2362.3,976.3,102956.0,74.18,3.0,4.36,0.06,2.7,0.37,4.94,10.39,6,1.0
9739886023642447872,Phoenix,Arizona,Maricopa,2788.1,1122.0,128306.0,59.45,2.79,15.16,0.1,0.0,0.78,5.21,16.5,6,1.0
9739886058002186240,Phoenix,Arizona,Maricopa,3102.8,1221.0,118256.0,51.4,8.4,15.84,3.0,0.0,0.24,4.65,16.47,6,1.0
9739886092361924608,Phoenix,Arizona,Maricopa,2648.6,941.3,125296.0,58.17,1.06,12.49,3.33,0.31,0.78,7.42,16.44,5,1.0
9739886126721662976,Phoenix,Arizona,Maricopa,3462.6,1333.4,107891.0,69.54,0.33,5.99,0.29,0.0,0.04,4.53,19.27,7,1.0
9739886161081401344,Phoenix,Arizona,Maricopa,3925.1,1430.3,119519.0,61.43,2.93,7.72,1.57,0.01,0.32,4.19,21.84,6,1.0
9739886195441139712,Phoenix,Arizona,Maricopa,1520.3,540.0,187211.0,76.08,4.51,6.94,0.02,0.05,0.02,2.27,10.12,7,1.0
9739886229800878080,Phoenix,Arizona,Maricopa,1421.0,468.2,195365.0,70.46,5.95,7.15,0.0,0.0,0.0,1.79,14.64,3,1.0
9739886264160616448,Phoenix,Arizona,Maricopa,1179.8,387.7,208580.0,70.66,2.14,1.62,1.51,0.0,0.24,3.34,20.49,4,1.0
9739886298520354816,Phoenix,Arizona,Maricopa,1191.6,451.8,169828.0,74.74,1.44,1.75,0.88,0.0,0.25,2.5,18.43,3,1.0
9739886332880093184,Phoenix,Arizona,Maricopa,1280.2,550.3,141150.0,80.3,0.4,2.71,0.06,0.04,0.4,2.05,14.04,4,1.0
9739886367239831552,Phoenix,Arizona,Maricopa,1653.4,751.0,103328.0,75.57,0.42,5.11,0.58,0.26,0.04,7.14,10.88,4,1.0
9739886401599569920,Phoenix,Arizona,Maricopa,2179.8,892.6,84044.0,59.7,2.8,7.82,0.0,0.39,0.0,8.63,20.66,4,1.0
9739886435959308288,Phoenix,Arizona,Maricopa,1530.8,570.2,185462.0,84.97,0.48,4.47,0.0,0.04,0.09,2.01,7.94,5,1.0
9739886470319046656,Phoenix,Arizona,Maricopa,4162.5,1672.2,110171.0,54.12,2.37,11.65,1.5,0.02,0.0,5.12,25.22,10,1.0
9739886504678785024,Phoenix,Arizona,Maricopa,2751.2,1191.3,97635.0,50.2,4.55,13.03,5.37,0.0,0.0,2.95,23.89,7,1.0
9739886539038523392,Phoenix,Arizona,Maricopa,2177.6,843.6,121443.0,52.28,4.19,16.66,2.64,0.0,0.0,4.37,19.86,2,1.0
9739886573398261760,Phoenix,Arizona,Maricopa,3400.6,1331.2,97720.0,52.01,4.72,14.48,0.05,0.0,0.0,4.71,24.03,5,1.0
9739886607758000128,Phoenix,Arizona,Maricopa,2235.6,958.1,104843.0,63.91,2.0,6.1,0.73,0.0,0.38,4.2,22.69,7,1.0
9739886642117738496,Phoenix,Arizona,Maricopa,2835.8,1160.7,111934.0,46.9,3.36,9.91,1.88,0.9,1.68,12.52,22.84,6,1.0
9739886676477476864,Phoenix,Arizona,Maricopa,2766.4,1006.3,103152.0,43.65,4.5,9.01,1.6,0.0,0.56,2.91,37.78,7,1.0
9739886710837215232,Phoenix,Arizona,Maricopa,2974.2,1160.5,95647.0,65.17,3.02,6.14,1.02,0.0,0.48,4.9,19.27,5,1.0
9739886745196953600,Phoenix,Arizona,Maricopa,2966.4,1083.6,108815.0,58.52,3.31,2.09,1.87,0.0,0.56,4.76,28.88,8,1.0
9739886779556691968,Phoenix,Arizona,Maricopa,2256.7,910.4,98692.0,66.42,3.55,5.08,0.42,0.17,0.36,6.05,17.96,6,1.0
9739886813916430336,Phoenix,Arizona,Maricopa,2637.9,1059.7,109964.0,68.47,2.54,11.58,1.02,0.02,0.24,3.69,12.44,7,1.0
9739886848276168704,Phoenix,Arizona,Maricopa,3149.8,1361.3,106562.0,54.01,1.57,4.52,6.04,0.0,0.4,4.43,29.04,8,1.0
9739886882635907072,Phoenix,Arizona,Maricopa,2764.9,1091.5,108818.0,53.03,10.13,3.71,2.2,0.0,0.95,4.75,25.23,9,1.0
9739886916995645440,Phoenix,Arizona,Maricopa,2503.4,1034.5,100456.0,65.82,5.28,2.49,1.41,0.0,0.23,4.07,20.71,7,1.0
9739886951355383808,Phoenix,Arizona,Maricopa,2089.7,1023.7,91603.0,63.61,4.53,2.08,2.29,0.0,0.77,2.48,24.23,6,1.0
9739886985715122176,Phoenix,Arizona,Maricopa,2812.7,1124.8,99789.0,52.34,7.73,9.07,1.27,0.0,0.61,6.4,22.58,7,1.0
9739887020074860544,Phoenix,Arizona,Maricopa,2605.6,1112.5,90505.0,66.42,0.09,7.41,0.58,0.0,0.22,7.89,17.38,4,1.0
9739887054434598912,Phoenix,Arizona,Maricopa,1451.8,628.6,129112.0,62.31,2.58,10.83,6.59,0.0,0.59,5.02,12.07,6,1.0
9739887088794337280,Phoenix,Arizona,Maricopa,2445.6,961.7,126904.0,70.54,5.26,1.08,1.15,0.0,3.69,4.02,14.26,6,1.0
9739887123154075648,Phoenix,Arizona,Maricopa,2114.0,805.3,107840.0,69.48,1.32,4.36,2.9,0.0,0.17,6.26,15.51,5,1.0
9739887157513814016,Phoenix,Arizona,Maricopa,2367.7,1044.9,92914.0,74.15,2.45,2.96,0.91,0.0,0.18,3.83,15.52,5,1.0
9739887191873552384,Phoenix,Arizona,Maricopa,2450.8,998.3,108583.0,62.44,10.69,4.28,0.26,0.0,0.97,3.76,17.59,6,1.0
9739887226233290752,Phoenix,Arizona,Maricopa,1988.0,874.0,88830.0,68.24,3.3,5.55,0.13,0.0,0.0,6.86,15.91,2,1.0
9739887260593029120,Phoenix,Arizona,Maricopa,2568.1,1300.1,95074.0,68.74,1.05,4.87,0.48,0.0,0.81,5.07,18.98,6,1.0
9739887294952767488,Phoenix,Arizona,Maricopa,1843.2,931.2,55788.0,47.73,7.32,0.83,6.42,0.0,0.47,6.09,31.13,10,1.0
9739887329312505856,Phoenix,Arizona,Maricopa,2997.2,1425.9,69524.0,52.06,3.63,2.33,2.93,0.1,0.94,13.31,24.7,7,1.0
9739887363672244224,Phoenix,Arizona,Maricopa,3479.9,1387.8,67748.0,40.81,7.45,3.33,1.72,8.79,0.19,8.12,29.59,10,1.0
9739887398031982592,Phoenix,Arizona,Maricopa,3476.7,1615.1,53475.0,36.12,5.07,1.72,5.53,1.67,0.63,4.09,45.16,7,1.0
9739887432391720960,Phoenix,Arizona,Maricopa,5998.6,2369.0,69000.0,36.88,3.47,1.93,3.1,0.1,0.27,2.79,51.46,9,1.0
9739887466751459328,Phoenix,Arizona,Maricopa,5770.6,2807.5,57778.0,45.12,7.14,3.24,3.58,0.0,0.05,4.05,36.82,10,1.0
9739887501111197696,Phoenix,Arizona,Maricopa,2970.8,1239.0,52647.0,33.94,3.96,3.12,5.54,2.01,1.04,8.18,42.19,6,1.0
9739887535470936064,Phoenix,Arizona,Maricopa,2518.7,976.1,69520.0,37.98,2.17,1.3,3.51,2.14,1.13,8.72,43.04,5,1.0
9739887569830674432,Phoenix,Arizona,Maricopa,3528.9,1399.7,83914.0,47.01,4.02,2.72,2.99,0.0,1.27,4.74,37.26,6,1.0
9739887604190412800,Phoenix,Arizona,Maricopa,1523.5,670.4,99071.0,52.36,5.12,2.36,1.57,1.79,1.07,2.07,33.67,5,1.0
9739887638550151168,Phoenix,Arizona,Maricopa,1521.3,705.2,79737.0,52.71,7.46,3.21,3.84,1.74,0.0,1.8,29.23,4,1.0
9739887672909889536,Phoenix,Arizona,Maricopa,3655.1,1458.8,71810.0,46.17,3.66,3.85,4.73,0.0,1.38,5.12,35.1,6,1.0
9739887707269627904,Phoenix,Arizona,Maricopa,3957.2,1659.2,65955.0,36.07,6.88,6.11,1.19,0.0,0.2,5.79,43.76,10,1.0
9739887741629366272,Phoenix,Arizona,Maricopa,853.8,416.5,85973.0,50.9,7.89,2.85,0.65,3.37,0.12,0.55,33.67,5,1.0
9739887775989104640,Phoenix,Arizona,Maricopa,213.2,123.4,101515.0,77.04,0.06,18.25,0.15,0.0,4.07,0.12,0.31,2,1.0
9739887810348843008,Phoenix,Arizona,Maricopa,5852.8,2299.2,71138.0,24.24,17.18,11.41,2.94,0.0,0.76,7.77,35.7,6,1.0
9739887844708581376,Phoenix,Arizona,Maricopa,3005.9,1445.4,68535.0,51.05,2.47,9.57,8.8,0.0,0.79,10.94,16.37,5,1.0
9739887879068319744,Phoenix,Arizona,Maricopa,2991.6,1367.2,68234.0,45.5,7.89,9.53,3.13,0.87,0.43,11.73,20.92,12,1.0
9739887913428058112,Phoenix,Arizona,Maricopa,2244.5,832.0,114044.0,64.38,3.16,4.69,0.43,0.0,0.36,9.86,17.12,8,1.0
9739887947787796480,Phoenix,Arizona,Maricopa,1874.1,753.5,116568.0,79.56,1.79,5.4,0.62,0.0,0.0,3.28,9.35,5,1.0
9739887982147534848,Phoenix,Arizona,Maricopa,3080.8,1181.2,115265.0,49.83,11.92,3.0,0.39,1.3,0.0,12.59,20.98,7,1.0
9739888016507273216,Phoenix,Arizona,Maricopa,5256.5,2447.7,86235.0,41.38,8.45,10.68,2.94,0.71,0.0,9.73,26.11,9,1.0
9739888050867011584,Phoenix,Arizona,Maricopa,2813.1,1130.2,95613.0,63.54,3.57,8.36,2.33,1.23,0.0,2.55,18.42,8,1.0
9739888085226749952,Phoenix,Arizona,Maricopa,2381.9,992.3,97987.0,63.57,3.23,4.75,0.35,0.56,0.0,8.46,19.09,8,1.0
9739888119586488320,Phoenix,Arizona,Maricopa,2788.7,1187.3,76963.0,57.15,7.47,2.61,0.35,0.0,0.0,5.1,27.33,7,1.0
9739888153946226688,Phoenix,Arizona,Maricopa,4728.4,2109.0,66108.0,28.68,15.73,5.34,0.2,0.0,1.67,5.6,42.79,8,1.0
9739888188305965056,Phoenix,Arizona,Maricopa,1596.2,601.9,85884.0,45.35,6.06,4.35,0.21,0.0,0.41,3.82,39.8,5,1.0
9739888222665703424,Phoenix,Arizona,Maricopa,2980.2,1111.0,106548.0,57.05,3.78,3.23,3.76,0.0,0.44,4.76,26.98,4,1.0
9739888257025441792,Phoenix,Arizona,Maricopa,4017.4,733.1,86668.0,65.18,2.82,6.67,0.77,0.0,1.77,4.96,17.82,5,1.0
9739888291385180160,Phoenix,Arizona,Maricopa,2071.4,812.3,88451.0,52.98,5.45,6.86,0.49,0.04,0.31,9.93,23.94,6,1.0
9739888325744918528,Phoenix,Arizona,Maricopa,3183.3,1463.8,79123.0,48.49,10.83,8.37,0.34,0.03,0.05,10.92,20.96,7,1.0
9739888360104656896,Phoenix,Arizona,Maricopa,3747.1,624.1,80551.0,61.09,3.4,11.44,0.14,0.0,2.95,2.12,18.85,4,1.0
9739888394464395264,Phoenix,Arizona,Maricopa,3917.5,1342.9,56860.0,45.17,3.07,24.68,0.05,0.0,2.23,7.23,17.57,6,1.0
9739888428824133632,Phoenix,Arizona,Maricopa,9366.6,3695.2,42439.0,44.59,4.59,22.3,0.91,0.04,1.35,7.3,18.93,15,1.0
9739888463183872000,Phoenix,Arizona,Maricopa,5480.4,2784.0,59457.0,37.38,6.93,14.23,2.56,0.05,0.47,8.11,30.26,8,1.0
9739888497543610368,Phoenix,Arizona,Maricopa,1038.5,492.6,55827.0,39.81,6.34,21.18,2.0,0.0,0.3,12.27,18.1,4,1.0
9739888531903348736,Phoenix,Arizona,Maricopa,694.9,348.7,83966.0,43.24,9.45,3.13,3.31,0.0,1.22,3.9,35.75,5,1.0
9739888566263087104,Phoenix,Arizona,Maricopa,1090.6,535.3,88541.0,45.98,1.8,3.05,5.48,0.0,0.0,2.39,41.29,4,1.0
9739888600622825472,Phoenix,Arizona,Maricopa,2811.9,1203.3,94405.0,46.65,1.78,11.99,2.78,0.0,0.0,9.15,27.65,5,1.0
9739888634982563840,Phoenix,Arizona,Maricopa,1669.7,782.3,78937.0,50.86,10.02,5.86,1.46,0.0,0.95,4.08,26.77,6,1.0
9739888669342302208,Phoenix,Arizona,Maricopa,2869.4,1088.4,83772.0,56.81,3.23,14.23,0.38,0.0,0.12,2.63,22.6,4,1.0
9739888703702040576,Phoenix,Arizona,Maricopa,2676.4,1409.7,70624.0,45.81,4.02,16.57,0.04,1.98,2.03,5.89,23.66,6,1.0
9739888738061778944,Phoenix,Arizona,Maricopa,720.2,375.7,85501.0,48.98,6.97,11.79,3.49,0.65,0.67,9.42,18.03,2,1.0
9739888772421517312,Phoenix,Arizona,Maricopa,1309.0,648.2,100339.0,51.63,7.09,11.72,1.71,0.0,0.0,8.06,19.81,2,1.0
9739888806781255680,Phoenix,Arizona,Maricopa,3159.5,1506.8,82520.0,54.23,2.18,7.08,1.77,0.11,0.0,3.7,30.93,7,1.0
9739888841140994048,Phoenix,Arizona,Maricopa,761.4,371.5,92114.0,44.75,10.39,2.53,0.99,0.17,0.56,6.66,33.94,3,1.0
9739888875500732416,Phoenix,Arizona,Maricopa,862.7,423.0,92882.0,48.6,9.49,1.31,1.59,0.08,0.56,5.71,32.68,3,1.0
9739888909860470784,Phoenix,Arizona,Maricopa,2755.2,1345.9,94234.0,56.84,0.2,2.92,4.27,0.38,2.63,11.02,21.74,6,1.0
9739888944220209152,Phoenix,Arizona,Maricopa,3456.8,1662.2,106388.0,60.26,4.92,4.28,1.01,0.07,0.8,3.48,25.19,7,1.0
9739888978579947520,Phoenix,Arizona,Maricopa,3717.2,1739.1,105413.0,56.75,6.68,5.18,2.7,0.0,0.0,1.83,26.85,9,1.0
9739889012939685888,Phoenix,Arizona,Maricopa,2677.4,1444.7,79034.0,69.08,3.14,5.15,4.1,0.0,0.0,3.57,14.97,4,1.0
9739889047299424256,Phoenix,Arizona,Maricopa,2625.7,1207.3,105032.0,71.78,5.0,2.24,0.07,0.11,3.39,5.55,11.86,5,1.0
9739889081659162624,Phoenix,Arizona,Maricopa,2828.0,1321.4,83460.0,62.88,3.76,5.29,0.05,0.0,3.01,4.03,20.99,5,1.0
9739889116018900992,Phoenix,Arizona,Maricopa,207.4,95.0,66310.0,52.78,3.36,5.96,13.09,0.0,0.0,5.14,19.67,3,1.0
9739889150378639360,Phoenix,Arizona,Maricopa,226.3,137.3,63436.0,77.53,3.14,0.6,3.39,0.0,0.0,5.86,9.48,4,1.0
9739889184738377728,Phoenix,Arizona,Maricopa,2234.8,1328.4,78233.0,71.84,2.69,1.69,0.32,0.0,0.0,5.33,18.13,5,1.0
9739889219098116096,Phoenix,Arizona,Maricopa,616.4,421.3,55799.0,76.74,3.79,3.76,0.41,0.0,0.0,5.55,9.75,3,1.0
9739889322177331200,Phoenix,Arizona,Maricopa,136.3,87.5,42181.0,78.84,2.06,0.0,2.11,0.0,0.0,4.87,12.12,2,1.0
9739889425256546304,Phoenix,Arizona,Maricopa,399.9,219.6,79306.0,56.28,8.76,2.8,0.94,4.16,0.0,1.34,25.72,3,1.0
9739889459616284672,Phoenix,Arizona,Maricopa,122.5,78.0,37482.0,76.15,1.7,0.0,3.84,0.0,0.0,4.7,13.62,2,1.0
9739889768853929984,Phoenix,Arizona,Maricopa,210.8,84.8,116788.0,57.86,3.66,1.3,12.79,0.0,0.0,10.29,14.11,3,1.0
9739889803213668352,Phoenix,Arizona,Maricopa,2815.8,1303.6,109483.0,72.69,2.75,1.68,0.0,0.0,0.08,7.3,15.5,4,1.0
9739889837573406720,Phoenix,Arizona,Maricopa,2594.3,1123.4,100874.0,75.17,1.3,0.07,0.05,0.0,0.0,8.61,14.8,5,1.0
9739889871933145088,Phoenix,Arizona,Maricopa,245.0,105.0,110145.0,62.38,1.29,0.0,11.01,0.0,0.0,10.02,15.3,3,1.0
9739889906292883456,Phoenix,Arizona,Maricopa,271.4,119.0,128093.0,74.78,0.14,0.47,9.87,0.0,0.0,2.79,11.96,4,1.0
9739889940652621824,Phoenix,Arizona,Maricopa,2664.0,1167.3,134026.0,84.62,0.06,0.33,0.06,0.0,0.48,3.2,11.26,5,1.0
9739889975012360192,Phoenix,Arizona,Maricopa,2618.7,1325.5,100331.0,77.78,0.0,3.26,0.02,0.58,0.15,7.23,10.98,6,1.0
9739890009372098560,Phoenix,Arizona,Maricopa,247.0,114.1,125778.0,77.44,0.09,0.0,10.79,0.0,0.0,6.98,4.7,2,1.0
9739890456048697344,Phoenix,Arizona,Maricopa,198.6,92.2,100759.0,70.78,0.11,3.72,13.18,0.0,0.0,3.21,9.0,2,1.0
9739890490408435712,Phoenix,Arizona,Maricopa,184.4,76.8,165143.0,76.45,1.9,0.29,14.12,1.5,0.0,0.59,5.15,3,1.0
9739890524768174080,Phoenix,Arizona,Maricopa,1842.0,976.3,119297.0,85.67,1.12,6.89,0.0,0.62,0.0,2.0,3.7,4,1.0
9739890559127912448,Phoenix,Arizona,Maricopa,2020.9,980.7,109657.0,87.4,0.13,4.83,0.0,0.0,0.71,2.78,4.15,3,1.0
9739890593487650816,Phoenix,Arizona,Maricopa,1686.7,776.8,119156.0,80.58,2.12,3.03,0.03,0.0,0.4,5.09,8.75,4,1.0
9739890627847389184,Phoenix,Arizona,Maricopa,177.3,76.0,121104.0,66.19,1.99,1.62,14.82,0.0,0.0,3.94,11.45,3,1.0
9739890662207127552,Phoenix,Arizona,Maricopa,196.3,85.1,129473.0,69.93,1.67,0.31,13.46,0.0,0.0,5.5,9.13,3,1.0
9739890696566865920,Phoenix,Arizona,Maricopa,2033.2,968.8,103837.0,76.89,1.09,4.14,0.03,0.34,0.15,6.54,10.83,5,1.0
9739890730926604288,Phoenix,Arizona,Maricopa,2725.4,1582.1,99921.0,71.48,0.12,9.34,0.11,0.03,0.11,1.59,17.23,10,1.0
9739890765286342656,Phoenix,Arizona,Maricopa,1283.0,797.7,102419.0,90.07,0.0,1.62,1.24,1.5,1.2,1.27,3.09,6,1.0
9739890799646081024,Phoenix,Arizona,Maricopa,1561.2,859.5,123663.0,73.34,0.0,3.95,8.81,0.0,0.0,0.57,13.32,3,1.0
9739890834005819392,Phoenix,Arizona,Maricopa,1687.8,950.6,90770.0,78.13,0.61,4.26,1.64,0.0,0.25,4.44,10.67,6,1.0
9739890868365557760,Phoenix,Arizona,Maricopa,1373.6,720.6,116338.0,79.72,3.01,7.06,0.43,0.0,0.24,4.0,5.55,7,1.0
9739890902725296128,Phoenix,Arizona,Maricopa,2033.0,925.8,127972.0,70.85,16.99,6.1,0.0,0.0,0.0,1.61,4.45,5,1.0
9739890937085034496,Phoenix,Arizona,Maricopa,952.1,429.2,149317.0,72.22,7.43,1.96,0.0,0.0,0.04,3.16,15.18,5,1.0
9739890971444772864,Phoenix,Arizona,Maricopa,831.6,441.2,129435.0,78.84,0.0,2.54,4.09,0.0,0.0,3.45,11.09,3,1.0
9739891005804511232,Phoenix,Arizona,Maricopa,411.5,149.5,188160.0,74.92,0.0,4.61,0.0,0.0,0.77,1.58,18.13,2,1.0
9739891040164249600,Phoenix,Arizona,Maricopa,469.2,161.0,217941.0,79.05,0.17,1.88,0.0,0.0,0.22,2.19,16.49,2,1.0
9739891074523987968,Phoenix,Arizona,Maricopa,459.1,146.9,179717.0,71.73,0.0,3.48,0.0,0.0,0.25,1.25,23.28,3,1.0
9739891108883726336,Phoenix,Arizona,Maricopa,312.9,156.6,207585.0,85.62,0.0,7.87,0.0,0.0,2.33,2.76,1.42,3,1.0
9739891143243464704,Phoenix,Arizona,Maricopa,504.2,223.9,214775.0,88.93,0.0,0.58,0.0,0.0,0.07,6.89,3.52,3,1.0
9739891177603203072,Phoenix,Arizona,Maricopa,513.7,216.9,214216.0,86.33,0.0,1.13,0.0,0.0,0.13,5.9,6.51,3,1.0
9739891211962941440,Phoenix,Arizona,Maricopa,543.0,237.2,219271.0,89.02,0.0,0.36,0.0,0.0,0.0,6.89,3.73,1,1.0
9739891246322679808,Phoenix,Arizona,Maricopa,346.4,151.9,209122.0,86.51,0.0,3.76,0.0,0.0,0.0,5.8,3.93,3,1.0
9739891280682418176,Phoenix,Arizona,Maricopa,810.7,369.2,132627.0,86.01,0.0,3.15,0.0,0.17,0.0,1.07,9.6,5,1.0
9739891315042156544,Phoenix,Arizona,Maricopa,1674.7,774.2,176853.0,85.82,0.02,3.36,0.0,0.92,0.08,1.38,8.42,5,1.0
9739891349401894912,Phoenix,Arizona,Maricopa,2298.0,1364.3,124537.0,84.24,0.27,2.59,0.0,2.93,0.23,2.46,7.27,6,1.0
9739891383761633280,Phoenix,Arizona,Maricopa,2187.8,1286.2,127589.0,88.38,0.0,4.29,0.0,0.13,0.0,1.76,5.44,6,1.0
9739891418121371648,Phoenix,Arizona,Maricopa,2502.9,1367.3,116491.0,83.78,0.76,2.28,0.01,0.0,0.0,5.18,7.98,7,1.0
9739891452481110016,Phoenix,Arizona,Maricopa,2754.4,1766.6,89828.0,88.73,0.43,2.25,0.03,0.0,0.58,2.86,5.12,8,1.0
9739891486840848384,Phoenix,Arizona,Maricopa,4720.8,2896.0,73141.0,70.16,2.11,1.23,0.68,0.0,0.51,2.16,23.15,9,1.0
9739891521200586752,Phoenix,Arizona,Maricopa,1953.9,1235.5,95215.0,82.71,0.52,1.15,0.19,0.0,0.04,3.58,11.82,9,1.0
9739891555560325120,Phoenix,Arizona,Maricopa,2585.1,1616.5,100793.0,80.86,2.0,3.05,0.81,0.0,0.61,3.22,9.46,6,1.0
9739891589920063488,Phoenix,Arizona,Maricopa,3183.9,1769.2,80759.0,83.4,1.17,2.1,0.11,0.0,2.12,1.59,9.52,8,1.0
9739891624279801856,Phoenix,Arizona,Maricopa,2983.7,1515.6,97585.0,77.54,2.29,2.96,0.0,0.08,0.09,4.4,12.65,4,1.0
9739891658639540224,Phoenix,Arizona,Maricopa,2049.5,1084.2,100170.0,72.32,1.71,2.88,2.37,0.02,0.56,6.15,14.0,8,1.0
9739891692999278592,Phoenix,Arizona,Maricopa,2754.6,1323.3,87721.0,59.65,4.28,1.87,5.66,0.06,1.49,5.9,21.09,7,1.0
9739891727359016960,Phoenix,Arizona,Maricopa,5083.7,2531.9,94842.0,62.82,6.08,2.58,0.35,0.5,0.41,4.55,22.71,8,1.0
9739891761718755328,Phoenix,Arizona,Maricopa,2360.2,1273.8,89310.0,64.85,5.59,2.39,0.59,0.28,0.1,1.96,24.24,8,1.0
9739891796078493696,Phoenix,Arizona,Maricopa,1613.7,731.0,117235.0,65.97,6.25,1.78,3.28,0.0,0.14,3.94,18.64,5,1.0
9739891830438232064,Phoenix,Arizona,Maricopa,1009.5,495.0,84101.0,45.56,6.51,0.81,0.38,0.0,2.14,7.71,36.88,3,1.0
9739891864797970432,Phoenix,Arizona,Maricopa,1537.8,766.6,94803.0,64.45,2.83,0.33,0.0,0.49,1.23,8.06,22.62,5,1.0
9739891899157708800,Phoenix,Arizona,Maricopa,3536.3,1695.4,67000.0,52.1,1.79,4.32,4.17,0.08,0.51,6.47,30.55,7,1.0
9739891933517447168,Phoenix,Arizona,Maricopa,2897.4,1027.1,65093.0,33.48,15.69,0.35,2.3,0.0,0.1,1.66,46.43,5,1.0
9739891967877185536,Phoenix,Arizona,Maricopa,3934.6,1617.7,65901.0,24.84,14.45,2.32,1.6,0.0,0.0,3.53,53.26,10,1.0
9739892002236923904,Phoenix,Arizona,Maricopa,5451.1,2325.4,58882.0,26.08,11.11,2.3,2.1,0.18,0.13,7.74,50.37,8,1.0
9739892036596662272,Phoenix,Arizona,Maricopa,2681.5,1334.3,73500.0,42.82,7.65,0.62,1.87,0.54,0.1,6.52,39.88,6,1.0
9739892070956400640,Phoenix,Arizona,Maricopa,2661.2,1124.4,86343.0,39.7,4.34,4.68,3.08,0.0,0.28,3.54,44.39,10,1.0
9739892105316139008,Phoenix,Arizona,Maricopa,1779.5,806.1,130396.0,76.54,0.61,3.01,2.23,0.0,0.51,8.2,8.89,6,1.0
9739892139675877376,Phoenix,Arizona,Maricopa,3181.5,1379.2,129454.0,68.58,1.65,0.01,2.48,0.0,1.66,4.38,21.23,6,1.0
9739892174035615744,Phoenix,Arizona,Maricopa,3232.6,1556.4,105972.0,70.47,3.55,0.99,1.28,0.0,0.41,4.59,18.72,7,1.0
9739892208395354112,Phoenix,Arizona,Maricopa,2101.3,1020.6,95532.0,72.22,1.11,12.27,0.25,0.0,0.03,5.79,8.34,8,1.0
9739892242755092480,Phoenix,Arizona,Maricopa,980.6,359.4,213841.0,88.61,0.23,1.84,0.62,0.0,0.02,2.48,6.2,4,1.0
9739892277114830848,Phoenix,Arizona,Maricopa,1691.1,624.2,141708.0,83.31,0.73,6.41,0.13,0.08,0.58,3.81,4.94,4,1.0
9739892311474569216,Phoenix,Arizona,Maricopa,1170.7,419.3,220679.0,84.93,1.54,2.71,0.13,0.33,0.07,2.17,8.12,4,1.0
9739892345834307584,Phoenix,Arizona,Maricopa,632.8,224.7,250001.0,84.06,0.0,4.75,0.19,0.0,0.0,1.9,9.11,3,1.0
9739892414553784320,Phoenix,Arizona,Maricopa,287.7,131.4,123858.0,80.59,0.48,8.67,0.01,0.0,0.0,3.05,7.19,4,1.0
9739892448913522688,Phoenix,Arizona,Maricopa,220.0,113.3,130309.0,85.68,0.03,4.3,0.01,0.24,0.0,6.94,2.8,4,1.0
9739892483273261056,Phoenix,Arizona,Maricopa,204.1,121.1,124080.0,88.86,0.0,0.03,0.0,0.0,0.0,10.44,0.67,2,1.0
9739892517632999424,Phoenix,Arizona,Maricopa,287.7,150.2,197082.0,86.68,0.0,7.31,0.0,0.0,2.21,3.67,0.13,3,1.0
9739892586352476160,Phoenix,Arizona,Maricopa,320.2,144.0,234055.0,87.1,0.0,4.17,0.0,0.0,0.84,3.77,4.12,4,1.0
9739892620712214528,Phoenix,Arizona,Maricopa,284.9,136.2,203120.0,86.88,0.01,2.59,0.02,0.4,0.36,5.48,4.26,5,1.0
9739892655071952896,Phoenix,Arizona,Maricopa,472.9,207.8,246141.0,71.54,0.11,7.76,0.4,7.34,0.0,1.85,11.0,3,1.0
9739892723791429632,Phoenix,Arizona,Maricopa,170.0,77.5,237040.0,78.73,0.0,14.94,0.0,0.0,0.0,4.7,1.62,3,1.0
9739892758151168000,Phoenix,Arizona,Maricopa,596.2,253.9,237889.0,73.22,0.15,4.68,0.41,7.6,0.0,1.7,12.23,4,1.0
9739892792510906368,Phoenix,Arizona,Maricopa,1190.2,588.0,126598.0,74.21,5.44,1.86,0.09,1.57,2.12,1.69,13.03,4,1.0
9739892826870644736,Phoenix,Arizona,Maricopa,1043.8,413.0,178707.0,86.19,1.14,1.94,0.03,0.6,0.38,2.76,6.95,4,1.0
9739892861230383104,Phoenix,Arizona,Maricopa,1511.6,740.2,132768.0,82.97,1.51,1.71,0.0,0.0,0.28,3.97,9.56,6,1.0
9739892895590121472,Phoenix,Arizona,Maricopa,2806.0,1383.1,126283.0,70.39,4.25,6.79,0.29,0.0,1.13,2.91,14.24,7,1.0
9739892929949859840,Phoenix,Arizona,Maricopa,2943.3,1387.5,130666.0,60.4,4.3,6.67,0.26,0.0,0.35,18.61,9.41,5,1.0
9739892964309598208,Phoenix,Arizona,Maricopa,2750.9,1398.7,113340.0,68.24,0.25,4.23,0.47,3.2,1.18,3.58,18.86,6,1.0
9739892998669336576,Phoenix,Arizona,Maricopa,1311.4,749.4,97560.0,74.02,3.08,5.15,1.51,0.03,0.76,5.09,10.35,6,1.0
9739893033029074944,Phoenix,Arizona,Maricopa,949.4,439.1,214163.0,66.68,0.51,5.61,0.14,2.65,0.0,8.24,16.16,3,1.0
9739893067388813312,Phoenix,Arizona,Maricopa,603.8,262.0,245557.0,69.71,0.14,4.31,0.53,9.66,0.0,1.25,14.4,2,1.0
9739893101748551680,Phoenix,Arizona,Maricopa,110.9,50.8,202053.0,75.92,0.07,1.97,0.24,4.43,0.0,5.74,11.63,2,1.0
9739893136108290048,Phoenix,Arizona,Maricopa,134.1,70.3,151368.0,83.07,0.01,0.92,0.04,0.79,0.73,6.37,8.07,3,1.0
9739893170468028416,Phoenix,Arizona,Maricopa,695.8,399.1,122492.0,80.64,1.77,2.95,0.67,0.78,1.0,4.01,8.19,3,1.0
9739893204827766784,Phoenix,Arizona,Maricopa,1168.8,522.6,150400.0,72.56,1.73,12.99,0.64,0.0,0.88,1.77,9.43,5,1.0
9739893239187505152,Phoenix,Arizona,Maricopa,662.3,262.2,163458.0,77.28,0.69,3.84,0.0,0.0,5.68,1.15,11.36,4,1.0
9739893273547243520,Phoenix,Arizona,Maricopa,1797.1,828.7,109186.0,74.98,1.02,2.33,0.05,0.0,2.55,1.05,18.03,7,1.0
9739893307906981888,Phoenix,Arizona,Maricopa,2112.3,1104.7,107415.0,76.08,3.04,5.19,3.59,0.0,0.2,5.11,6.79,9,1.0
9739893342266720256,Phoenix,Arizona,Maricopa,2572.2,1535.8,76315.0,58.38,4.23,3.84,1.45,0.0,0.01,4.29,27.81,9,1.0
9739893376626458624,Phoenix,Arizona,Maricopa,1607.4,969.6,106034.0,75.16,1.28,6.36,1.01,0.97,0.45,2.99,11.79,5,1.0
9739893410986196992,Phoenix,Arizona,Maricopa,4052.1,2564.2,94614.0,54.67,1.56,15.49,0.77,2.73,0.67,3.83,20.27,9,1.0
9739893445345935360,Phoenix,Arizona,Maricopa,2920.1,1434.6,80616.0,49.08,3.08,4.24,0.49,0.0,0.19,2.6,40.32,9,1.0
9739893479705673728,Phoenix,Arizona,Maricopa,3341.6,1370.4,70640.0,35.5,3.4,3.81,0.38,0.0,0.7,1.92,54.29,6,1.0
9739893514065412096,Phoenix,Arizona,Maricopa,3891.3,1572.5,62586.0,17.63,3.51,1.11,2.74,0.0,0.13,1.93,72.94,9,1.0
9739893548425150464,Phoenix,Arizona,Maricopa,2593.4,1113.3,73000.0,40.36,4.23,2.84,0.6,0.1,0.54,3.74,47.57,5,1.0
9739893582784888832,Phoenix,Arizona,Maricopa,3515.4,1480.8,70837.0,43.75,3.06,0.94,0.0,0.16,0.58,4.23,47.27,6,1.0
9739893617144627200,Phoenix,Arizona,Maricopa,4348.7,2337.3,75336.0,45.44,6.83,3.18,0.05,0.41,0.84,2.79,40.46,11,1.0
9739893651504365568,Phoenix,Arizona,Maricopa,2887.6,1352.7,110121.0,63.77,1.55,0.76,0.5,0.9,1.99,7.17,23.36,6,1.0
9739893685864103936,Phoenix,Arizona,Maricopa,4613.8,2249.3,67461.0,35.96,8.23,1.82,0.5,0.02,0.05,4.16,49.25,5,1.0
9739893720223842304,Phoenix,Arizona,Maricopa,2679.7,1228.5,69929.0,44.71,2.81,1.11,0.87,0.03,0.08,2.91,47.48,6,1.0
9739893754583580672,Phoenix,Arizona,Maricopa,4740.6,1654.0,56404.0,17.72,2.1,0.21,0.27,0.0,0.43,1.32,77.94,8,1.0
9739893788943319040,Phoenix,Arizona,Maricopa,3985.2,1347.2,80341.0,22.01,4.07,1.16,1.02,0.42,0.21,4.89,66.22,4,1.0
9739893823303057408,Phoenix,Arizona,Maricopa,4525.7,1575.2,66779.0,14.27,6.97,4.07,0.24,0.15,0.18,3.01,71.11,7,1.0
9739893857662795776,Phoenix,Arizona,Maricopa,4690.3,1303.9,59349.0,9.3,9.24,0.36,1.28,0.21,0.0,2.23,77.39,8,1.0
9739893892022534144,Phoenix,Arizona,Maricopa,2723.4,805.7,43948.0,21.24,6.6,0.0,2.22,0.45,0.0,3.7,65.79,7,1.0
9739893926382272512,Phoenix,Arizona,Maricopa,3295.1,1076.6,65281.0,19.49,5.12,0.26,1.36,0.01,0.02,2.38,71.36,8,1.0
9739893960742010880,Phoenix,Arizona,Maricopa,2529.6,871.8,77884.0,18.69,2.33,3.14,1.26,0.0,0.0,2.42,72.17,6,1.0
9739893995101749248,Phoenix,Arizona,Maricopa,1772.5,711.9,26516.0,11.46,36.97,0.0,1.28,0.11,0.0,1.36,48.83,6,1.0
9739894029461487616,Phoenix,Arizona,Maricopa,729.7,301.7,,4.22,4.29,0.0,9.89,0.0,0.0,1.46,80.14,2,1.0
9739894063821225984,Phoenix,Arizona,Maricopa,558.8,191.5,54603.0,16.75,8.08,0.0,3.57,0.03,0.0,1.16,70.41,5,1.0
9739894098180964352,Phoenix,Arizona,Maricopa,73.3,46.7,,12.61,18.18,0.0,8.21,0.0,0.0,2.05,58.94,3,1.0
9739894132540702720,Phoenix,Arizona,Maricopa,461.7,150.4,55000.0,6.43,1.71,0.0,5.85,0.0,0.0,0.5,85.51,4,1.0
9739894166900441088,Phoenix,Arizona,Maricopa,81.0,27.8,56316.0,3.72,4.68,0.0,1.67,0.0,0.0,0.23,89.69,5,1.0
9739894201260179456,Phoenix,Arizona,Maricopa,1210.2,444.7,46949.0,1.47,19.38,0.0,0.04,0.0,0.0,0.99,78.12,5,1.0
9739894235619917824,Phoenix,Arizona,Maricopa,867.8,270.6,50735.0,4.32,15.24,0.0,0.44,0.0,0.0,4.43,75.56,3,1.0
9739894269979656192,Phoenix,Arizona,Maricopa,16.9,7.1,63750.0,0.0,0.0,0.0,0.0,0.0,0.0,0.0,100.0,3,1.0
9739894304339394560,Phoenix,Arizona,Maricopa,1.1,0.4,63750.0,0.0,0.0,0.0,0.0,0.0,0.0,0.0,100.0,2,1.0
9739894338699132928,Phoenix,Arizona,Maricopa,545.5,131.2,56535.0,8.73,10.51,0.0,1.02,0.0,0.0,8.85,70.89,4,1.0
9739894373058871296,Phoenix,Arizona,Maricopa,0.0,0.0,,,,,,,,,,2,1.0
9739894407418609664,Phoenix,Arizona,Maricopa,0.0,0.0,,,,,,,,,,1,1.0
9739894441778348032,Phoenix,Arizona,Maricopa,42.4,4.8,250001.0,57.65,11.39,0.0,0.0,0.0,0.0,5.34,25.62,2,1.0
9739894476138086400,Phoenix,Arizona,Maricopa,1.6,0.3,118015.0,33.37,5.8,0.0,0.0,0.0,0.0,2.72,58.12,3,1.0
9739894510497824768,Phoenix,Arizona,Maricopa,1892.5,487.1,50057.0,6.2,11.65,0.29,0.24,0.0,0.0,0.11,81.51,6,1.0
9739894544857563136,Phoenix,Arizona,Maricopa,2748.4,880.5,59047.0,24.86,9.79,0.82,0.8,0.0,0.0,3.32,60.41,4,1.0
9739894579217301504,Phoenix,Arizona,Maricopa,1503.1,526.0,70792.0,23.27,17.93,1.08,4.95,0.0,0.0,5.63,47.15,6,1.0
9739894613577039872,Phoenix,Arizona,Maricopa,164.8,101.9,75998.0,22.73,40.03,9.12,0.0,0.0,0.0,1.02,27.1,3,1.0
9739894647936778240,Phoenix,Arizona,Maricopa,341.6,202.6,82995.0,36.0,23.84,5.13,0.09,0.0,0.04,0.33,34.58,5,1.0
9739894682296516608,Phoenix,Arizona,Maricopa,3545.5,1379.5,64596.0,17.84,17.83,2.16,2.65,0.0,0.24,4.32,54.95,9,1.0
9739894716656254976,Phoenix,Arizona,Maricopa,2485.7,1171.6,65702.0,24.42,23.87,1.98,3.3,0.0,0.66,7.92,37.86,3,1.0
9739894751015993344,Phoenix,Arizona,Maricopa,711.5,347.4,90319.0,33.78,13.24,1.64,0.78,0.0,0.78,7.87,41.9,1,1.0
9739894785375731712,Phoenix,Arizona,Maricopa,838.0,461.4,80302.0,43.51,8.5,8.53,1.65,0.0,0.67,6.98,30.16,3,1.0
9739894819735470080,Phoenix,Arizona,Maricopa,1213.7,664.7,70475.0,39.1,15.47,6.37,0.99,0.0,0.93,5.33,31.82,5,1.0
9739894854095208448,Phoenix,Arizona,Maricopa,426.4,227.4,70179.0,43.15,6.24,8.05,2.35,0.0,0.54,9.35,30.34,3,1.0
9739894888454946816,Phoenix,Arizona,Maricopa,1118.5,611.6,75531.0,45.61,3.51,13.43,1.4,1.66,1.9,7.51,24.97,5,1.0
9739894922814685184,Phoenix,Arizona,Maricopa,3862.1,1667.6,69073.0,34.63,17.5,8.34,1.1,0.67,0.68,20.24,16.85,5,1.0
9739894957174423552,Phoenix,Arizona,Maricopa,522.6,245.0,72668.0,41.53,7.51,5.24,3.84,0.0,0.12,13.07,28.7,1,1.0
9739894991534161920,Phoenix,Arizona,Maricopa,100.6,47.2,72668.0,41.53,7.51,5.24,3.84,0.0,0.12,13.07,28.7,3,1.0
9739895025893900288,Phoenix,Arizona,Maricopa,65.5,30.7,72668.0,41.53,7.51,5.24,3.84,0.0,0.12,13.07,28.7,3,1.0
9739895060253638656,Phoenix,Arizona,Maricopa,0.0,0.0,,,,,,,,,,1,1.0
9739895094613377024,Phoenix,Arizona,Maricopa,0.0,0.0,,,,,,,,,,2,1.0
9739895128973115392,Phoenix,Arizona,Maricopa,851.1,255.4,71451.0,14.35,3.57,8.53,3.24,8.28,0.0,2.06,59.97,4,1.0
9739895163332853760,Phoenix,Arizona,Maricopa,1097.8,355.5,95648.0,20.66,4.69,2.01,0.0,0.0,0.0,1.43,71.21,2,1.0
9739895197692592128,Phoenix,Arizona,Maricopa,1784.1,535.1,80019.0,15.19,1.05,0.7,0.27,0.24,0.0,1.8,80.76,5,1.0
9739895232052330496,Phoenix,Arizona,Maricopa,599.9,189.1,65960.0,16.09,3.44,9.24,3.94,8.84,0.02,3.63,54.8,5,1.0
9739895266412068864,Phoenix,Arizona,Maricopa,508.9,238.6,72668.0,41.53,7.51,5.24,3.84,0.0,0.12,13.07,28.7,2,1.0
9739895300771807232,Phoenix,Arizona,Maricopa,3241.1,1153.2,74331.0,52.55,7.33,11.91,1.16,2.1,0.01,4.94,20.0,4,1.0
9739895335131545600,Phoenix,Arizona,Maricopa,1842.2,691.8,77641.0,53.31,3.38,10.3,1.23,1.8,0.01,2.57,27.39,4,1.0
9739895369491283968,Phoenix,Arizona,Maricopa,206.2,96.7,72668.0,41.53,7.51,5.24,3.84,0.0,0.12,13.07,28.7,2,1.0
9739895403851022336,Phoenix,Arizona,Maricopa,1301.7,825.9,55591.0,69.46,3.44,1.21,1.02,0.0,0.01,2.58,22.28,4,1.0
9739895438210760704,Phoenix,Arizona,Maricopa,992.5,425.2,73008.0,40.46,10.72,4.07,0.86,0.0,0.01,4.44,39.43,3,1.0
9739895472570499072,Phoenix,Arizona,Maricopa,2790.4,1116.9,71043.0,30.36,23.64,1.02,4.43,0.0,0.01,2.18,38.36,7,1.0
9739895506930237440,Phoenix,Arizona,Maricopa,1410.1,636.9,74000.0,51.52,2.89,2.22,3.68,0.33,0.0,2.87,36.48,5,1.0
9739895541289975808,Phoenix,Arizona,Maricopa,4114.4,1711.0,82789.0,24.61,21.93,6.25,1.09,0.27,0.24,3.65,41.95,8,1.0
9739895575649714176,Phoenix,Arizona,Maricopa,3670.6,1097.7,82193.0,15.96,2.75,0.32,1.12,0.0,0.0,1.66,78.2,8,1.0
9739895610009452544,Phoenix,Arizona,Maricopa,2613.0,821.3,77656.0,14.68,13.69,1.47,1.6,0.0,0.38,2.17,66.01,6,1.0
9739895644369190912,Phoenix,Arizona,Maricopa,1641.6,782.3,87740.0,41.97,8.8,4.96,1.53,0.0,0.6,3.46,38.67,6,1.0
9739895678728929280,Phoenix,Arizona,PHOENIX,1639.9,763.9,112499.0,56.39,9.4,11.25,2.89,0.0,0.85,1.72,17.52,4,1.0
9739895713088667648,Phoenix,Arizona,Maricopa,1818.3,736.6,105382.0,39.79,17.06,8.23,0.22,0.44,0.05,4.36,29.84,6,1.0
9739895747448406016,Phoenix,Arizona,Maricopa,1531.2,580.8,84372.0,26.21,12.37,11.25,0.53,3.6,0.13,5.72,40.18,2,1.0
9739895781808144384,Phoenix,Arizona,Maricopa,931.8,465.6,66544.0,20.65,28.65,9.06,13.71,0.0,3.23,6.5,18.21,2,1.0
9739895816167882752,Phoenix,Arizona,Maricopa,715.7,260.5,108349.0,30.56,14.28,5.18,0.54,0.0,0.13,0.26,49.05,2,1.0
9739895850527621120,Phoenix,Arizona,Maricopa,1005.1,310.5,77723.0,17.1,5.83,8.67,2.99,7.61,0.0,1.77,56.04,4,1.0
9739895884887359488,Phoenix,Arizona,Maricopa,2366.0,981.0,25527.0,4.35,37.66,0.77,0.5,0.12,6.79,3.14,46.67,7,1.0
9739895919247097856,Phoenix,Arizona,Maricopa,1835.6,637.4,72208.0,16.59,31.61,5.84,0.28,0.91,2.15,2.79,39.83,5,1.0
9739895953606836224,Phoenix,Arizona,Maricopa,3102.5,1052.2,82552.0,22.91,14.58,8.0,1.56,0.45,1.07,5.71,45.73,5,1.0
9739895987966574592,Phoenix,Arizona,Maricopa,2536.0,832.1,71897.0,7.18,28.8,3.12,2.06,0.0,3.89,8.29,46.66,7,1.0
9739896022326312960,Phoenix,Arizona,Maricopa,2852.1,1091.0,40810.0,14.72,29.46,2.45,0.59,0.0,1.02,4.0,47.76,6,1.0
9739896056686051328,Phoenix,Arizona,Maricopa,3748.9,1132.8,59207.0,12.69,15.39,3.45,0.22,0.0,0.0,3.94,64.32,7,1.0
9739896091045789696,Phoenix,Arizona,Maricopa,2079.1,740.2,102451.0,23.65,26.42,0.93,4.45,0.0,0.61,2.94,41.0,6,1.0
9739896125405528064,Phoenix,Arizona,Maricopa,1835.8,673.2,86197.0,21.9,20.69,5.56,2.7,1.72,0.12,4.41,42.92,5,1.0
9739896159765266432,Phoenix,Arizona,Maricopa,1808.0,701.5,113728.0,39.49,20.18,5.47,0.07,0.03,0.63,3.87,30.26,5,1.0
9739896297204219904,Phoenix,Arizona,Maricopa,2715.1,754.7,74358.0,15.36,7.4,1.6,0.98,0.15,0.26,0.65,73.61,5,1.0
9739896331563958272,Phoenix,Arizona,Maricopa,2215.4,802.2,103188.0,29.16,13.43,1.67,3.19,0.09,0.13,4.41,47.93,5,1.0
9739896365923696640,Phoenix,Arizona,Maricopa,3628.6,916.8,86063.0,13.3,4.61,0.08,0.93,0.0,0.01,2.01,79.04,6,1.0
9739896400283435008,Phoenix,Arizona,Maricopa,2929.3,1089.9,60058.0,10.47,13.08,0.26,2.76,0.0,0.0,0.4,73.02,3,1.0
9739896434643173376,Phoenix,Arizona,Maricopa,3385.3,1122.6,51411.0,9.84,9.77,0.4,1.01,0.0,0.3,0.69,77.98,6,1.0
9739896469002911744,Phoenix,Arizona,Maricopa,1853.5,456.0,103163.0,11.46,3.53,0.0,0.8,0.0,0.09,3.54,80.58,4,1.0
9739896503362650112,Phoenix,Arizona,Maricopa,3539.7,1033.1,64783.0,5.02,9.77,0.24,0.17,0.0,0.0,0.2,84.61,5,1.0
9739896537722388480,Phoenix,Arizona,Maricopa,3410.3,1169.5,47034.0,4.92,11.8,0.17,1.0,0.0,0.55,0.24,81.32,8,1.0
9739896572082126848,Phoenix,Arizona,Maricopa,4511.9,1269.2,75431.0,10.18,14.61,0.11,2.2,0.0,0.75,0.68,71.48,4,1.0
9739896606441865216,Phoenix,Arizona,Maricopa,3424.6,1100.5,60627.0,16.06,18.59,0.36,1.38,0.0,0.01,0.68,62.93,4,1.0
9739896640801603584,Phoenix,Arizona,Maricopa,1425.3,473.6,74949.0,22.5,6.64,0.27,1.03,0.0,0.23,1.47,67.86,3,1.0
9739896675161341952,Phoenix,Arizona,Maricopa,3261.8,1003.6,72549.0,12.72,10.48,4.18,0.79,0.0,0.93,4.0,66.9,9,1.0
9739897190557417472,Phoenix,Arizona,Maricopa,2240.9,740.1,93628.0,20.14,11.66,13.89,0.04,0.0,0.32,5.86,48.09,6,1.0
9739897259276894208,Phoenix,Arizona,Maricopa,2475.8,752.0,80021.0,14.76,27.75,4.28,1.37,0.0,3.25,0.71,47.89,4,1.0
9739897293636632576,Phoenix,Arizona,Maricopa,3272.4,938.7,83291.0,12.54,23.8,3.19,0.42,0.0,3.07,0.71,56.27,4,1.0
9739897327996370944,Phoenix,Arizona,Maricopa,2547.2,738.6,58432.0,5.56,12.83,0.0,0.56,0.0,0.55,0.22,80.27,5,1.0
9739897431075586048,Phoenix,Arizona,Maricopa,2986.7,772.2,90321.0,11.86,22.05,0.66,0.03,0.0,0.52,5.23,59.65,4,1.0
9739897740313231360,Phoenix,Arizona,Maricopa,685.9,89.7,43229.0,18.04,17.61,0.0,4.61,0.01,0.18,1.79,57.76,6,1.0
9739897809032708096,Phoenix,Arizona,Maricopa,166.2,36.8,59404.0,5.79,2.06,0.0,6.72,0.0,0.0,0.2,85.23,2,1.0
9739897843392446464,Phoenix,Arizona,Maricopa,2595.4,619.0,50530.0,4.33,34.21,0.0,0.18,0.0,0.89,0.23,60.16,7,1.0
9739897877752184832,Phoenix,Arizona,Maricopa,2483.9,782.7,53507.0,9.23,14.73,0.7,2.59,0.0,0.37,3.01,69.36,5,1.0
9739897912111923200,Phoenix,Arizona,Maricopa,2212.8,1104.6,32390.0,13.17,23.55,4.98,1.88,0.0,0.0,2.67,53.75,6,1.0
9739897946471661568,Phoenix,Arizona,Maricopa,1119.0,554.5,22571.0,8.46,19.65,5.19,3.12,0.0,0.15,2.34,61.09,6,1.0
9739897980831399936,Phoenix,Arizona,Maricopa,333.1,73.0,77704.0,10.04,6.48,0.0,10.83,0.0,0.09,2.31,70.24,3,1.0
9739898049550876672,Phoenix,Arizona,Maricopa,2285.5,571.3,69210.0,6.78,4.46,0.0,1.89,0.0,0.53,0.21,86.13,5,1.0
9739898083910615040,Phoenix,Arizona,Maricopa,2664.5,849.0,52320.0,4.01,4.15,0.22,0.55,0.0,0.0,0.92,90.15,7,1.0
9739898118270353408,Phoenix,Arizona,Maricopa,981.3,312.4,58369.0,7.67,4.21,0.0,0.33,0.0,0.02,1.12,86.65,4,1.0
9739898152630091776,Phoenix,Arizona,Maricopa,431.2,145.8,46803.0,9.09,19.78,0.0,0.35,0.0,0.08,0.0,70.7,4,1.0
9739898186989830144,Phoenix,Arizona,Maricopa,1591.7,577.5,45821.0,7.79,11.21,1.3,3.07,0.0,0.0,2.2,74.43,4,1.0
9739898221349568512,Phoenix,Arizona,Maricopa,828.9,301.1,45750.0,15.59,14.85,0.31,2.15,0.0,0.0,0.48,66.62,2,1.0
9739898255709306880,Phoenix,Arizona,Maricopa,223.9,74.5,38994.0,16.09,17.35,0.0,0.9,0.0,0.0,0.0,65.66,3,1.0
9739898290069045248,Phoenix,Arizona,Maricopa,384.2,106.3,55156.0,7.23,0.01,0.0,3.8,0.0,0.0,0.0,88.97,4,1.0
9739898324428783616,Phoenix,Arizona,Maricopa,454.9,149.8,44401.0,9.79,2.01,0.0,6.74,0.0,0.16,0.0,81.3,4,1.0
9739898358788521984,Phoenix,Arizona,Maricopa,799.5,358.6,54199.0,28.95,19.84,3.05,2.0,0.0,0.07,2.18,43.92,6,1.0
9739898393148260352,Phoenix,Arizona,Maricopa,222.5,102.4,32614.0,65.36,8.45,7.0,0.59,0.0,0.0,4.87,13.73,5,1.0
9739898427507998720,Phoenix,Arizona,Maricopa,3229.1,1476.7,54770.0,17.49,7.79,3.54,1.07,0.0,0.0,3.54,66.58,11,1.0
9739898461867737088,Phoenix,Arizona,Maricopa,2206.7,1074.4,62195.0,36.69,4.8,0.87,1.38,0.0,0.0,1.48,54.79,9,1.0
9739898496227475456,Phoenix,Arizona,Maricopa,4030.3,2282.4,64248.0,52.81,6.58,5.06,7.92,0.0,0.0,4.75,22.88,8,1.0
9739898530587213824,Phoenix,Arizona,Maricopa,4539.4,2168.5,82179.0,58.55,5.64,3.61,2.03,0.0,0.13,3.37,26.65,7,1.0
9739898564946952192,Phoenix,Arizona,Maricopa,3801.9,1692.7,69873.0,56.49,16.49,3.08,1.89,0.0,0.3,2.11,19.63,9,1.0
9739898599306690560,Phoenix,Arizona,Maricopa,1489.4,449.3,40471.0,18.08,13.32,0.7,3.5,0.09,0.0,1.32,62.98,5,1.0
9739898633666428928,Phoenix,Arizona,Maricopa,2373.1,1077.7,48839.0,37.42,8.47,0.0,0.26,0.06,0.0,1.28,52.51,5,1.0
9739898668026167296,Phoenix,Arizona,Maricopa,5508.6,3138.9,70145.0,52.38,16.71,5.69,7.23,0.0,0.0,3.88,14.11,7,1.0
9739898702385905664,Phoenix,Arizona,Maricopa,2118.9,1324.3,120645.0,74.22,2.79,8.85,0.01,0.0,0.01,2.81,11.3,8,1.0
9739898736745644032,Phoenix,Arizona,Maricopa,1968.6,859.9,142450.0,68.23,1.73,1.6,0.3,0.0,0.05,3.1,24.99,5,1.0
9739898771105382400,Phoenix,Arizona,Maricopa,1300.7,688.9,101056.0,50.02,8.88,4.96,0.0,0.0,1.34,13.74,21.06,5,1.0
9739898805465120768,Phoenix,Arizona,Maricopa,2145.4,1408.0,86110.0,63.8,7.46,2.13,0.11,0.51,0.03,1.61,24.35,6,1.0
9739898839824859136,Phoenix,Arizona,Maricopa,3062.3,1827.9,66710.0,53.81,4.8,4.22,0.42,0.15,2.59,3.7,30.31,6,1.0
9739898874184597504,Phoenix,Arizona,Maricopa,2609.7,1348.0,77243.0,63.1,2.22,5.82,0.0,0.38,5.46,4.85,18.17,5,1.0
9739898908544335872,Phoenix,Arizona,Maricopa,2304.7,1148.0,71236.0,59.38,1.68,0.47,0.01,0.29,4.17,2.17,31.82,8,1.0
9739898942904074240,Phoenix,Arizona,Maricopa,2217.4,993.1,76522.0,43.53,3.84,0.76,10.23,0.08,2.52,5.51,33.54,7,1.0
9739898977263812608,Phoenix,Arizona,Maricopa,3294.2,1563.9,78213.0,32.37,9.32,1.21,12.82,0.45,0.0,7.75,36.1,7,1.0
9739899011623550976,Phoenix,Arizona,Maricopa,3015.9,1677.6,71572.0,38.79,10.18,4.82,8.75,0.24,0.0,5.02,32.2,7,1.0
9739899045983289344,Phoenix,Arizona,Maricopa,2865.0,1622.7,61886.0,42.27,11.47,4.99,3.78,0.0,0.06,7.96,29.46,7,1.0
9739899080343027712,Phoenix,Arizona,Maricopa,4224.8,2523.9,64871.0,44.74,3.32,4.43,4.88,0.0,0.43,5.22,36.99,7,1.0
9739899114702766080,Phoenix,Arizona,Maricopa,3008.2,1488.6,102803.0,64.95,2.38,2.57,1.36,0.0,0.29,6.7,21.76,5,1.0
9739899149062504448,Phoenix,Arizona,Maricopa,3935.3,2107.7,89599.0,65.77,3.43,6.71,1.13,0.0,0.98,4.5,17.48,7,1.0
9739899183422242816,Phoenix,Arizona,Maricopa,2408.3,1222.0,84362.0,71.83,4.08,4.0,2.56,0.0,0.03,3.78,13.7,6,1.0
9739899217781981184,Phoenix,Arizona,Maricopa,2038.6,1130.3,94394.0,81.07,1.27,1.34,1.69,0.0,0.8,2.43,11.4,6,1.0
9739899252141719552,Phoenix,Arizona,Maricopa,3308.4,1643.2,82190.0,67.04,4.85,2.84,0.51,0.0,0.0,6.58,18.18,8,1.0
9739899286501457920,Phoenix,Arizona,Maricopa,1475.1,663.6,157529.0,82.69,1.82,2.16,0.64,0.0,0.0,0.55,12.14,5,1.0
9739899320861196288,Phoenix,Arizona,Maricopa,2620.0,1019.8,99015.0,51.97,5.51,3.48,2.79,0.0,0.0,3.06,33.19,6,1.0
9739899355220934656,Phoenix,Arizona,Maricopa,3841.9,1898.7,60247.0,37.71,9.67,6.42,4.75,0.0,0.13,5.59,35.73,9,1.0
9739899389580673024,Phoenix,Arizona,Maricopa,3559.1,1515.3,81032.0,43.14,5.66,8.1,2.48,0.16,1.36,8.67,30.42,9,1.0
9739899423940411392,Phoenix,Arizona,Maricopa,3675.1,1961.4,80115.0,53.51,14.97,2.9,0.52,0.0,0.92,4.34,22.84,9,1.0
9739899458300149760,Phoenix,Arizona,Maricopa,4701.8,2720.8,64790.0,43.0,14.09,7.52,2.62,0.09,1.51,2.13,29.05,9,1.0
9739899492659888128,Phoenix,Arizona,Maricopa,3155.4,1368.8,90806.0,39.52,4.34,2.68,5.15,0.0,0.14,8.33,39.84,7,1.0
9739899527019626496,Phoenix,Arizona,Maricopa,2936.3,1291.0,76371.0,35.73,9.99,8.03,0.92,0.13,0.12,3.43,41.66,6,1.0
9739899561379364864,Phoenix,Arizona,Maricopa,2721.0,996.2,47555.0,10.1,19.64,9.56,0.6,0.49,0.07,1.58,57.96,6,1.0
9739899595739103232,Phoenix,Arizona,Maricopa,6712.2,2104.6,53462.0,7.38,9.88,2.43,1.77,0.0,0.23,1.67,76.65,8,1.0
9739899630098841600,Phoenix,Arizona,Maricopa,5193.0,1771.5,55056.0,20.99,10.48,2.81,2.0,0.0,0.03,6.22,57.47,8,1.0
9739899664458579968,Phoenix,Arizona,Maricopa,5573.3,2220.2,48112.0,22.76,15.01,3.79,3.72,0.0,0.14,7.94,46.65,12,1.0
9739899698818318336,Phoenix,Arizona,Maricopa,3476.7,1276.6,59438.0,18.83,13.56,5.93,0.97,0.0,0.0,1.99,58.72,9,1.0
9739899733178056704,Phoenix,Arizona,Maricopa,3663.9,1115.1,68454.0,14.2,11.56,3.11,0.07,0.0,0.26,3.79,67.0,5,1.0
9739899767537795072,Phoenix,Arizona,Maricopa,6491.4,2100.9,57536.0,9.17,15.8,0.22,1.53,0.0,0.2,2.25,70.82,10,1.0
9739900111135178752,Phoenix,Arizona,PHOENIX,4659.7,1236.0,59342.0,2.33,1.22,0.25,2.33,0.0,0.0,0.5,93.38,6,1.0
9739900145494917120,Phoenix,Arizona,PHOENIX,3083.3,819.6,59581.0,5.4,0.0,0.98,3.68,0.0,0.03,1.32,88.59,6,1.0
9739900214214393856,Phoenix,Arizona,Maricopa,815.3,291.8,58379.0,17.4,2.0,0.81,3.47,0.06,0.0,1.61,74.64,4,1.0
9739900248574132224,Phoenix,Arizona,Maricopa,1163.2,504.4,87427.0,38.38,2.27,1.16,3.26,0.06,0.6,3.51,50.76,6,1.0
9739900282933870592,Phoenix,Arizona,Maricopa,1589.8,650.4,87378.0,41.93,1.76,1.14,2.17,0.05,0.18,2.75,50.03,5,1.0
9739900317293608960,Phoenix,Arizona,Maricopa,615.1,184.4,61544.0,11.71,0.48,0.89,1.76,0.03,0.07,1.75,83.31,8,1.0
9739900351653347328,Phoenix,Arizona,Maricopa,1172.6,404.1,46387.0,5.4,1.63,0.24,0.19,0.26,0.25,1.36,90.67,7,1.0
9739900386013085696,Phoenix,Arizona,Maricopa,1415.2,470.0,45226.0,11.62,5.08,1.2,0.39,0.11,0.82,0.58,80.21,4,1.0
9739900420372824064,Phoenix,Arizona,Maricopa,1735.2,514.0,55462.0,9.63,5.6,0.83,1.13,0.03,0.53,1.5,80.76,4,1.0
9739900454732562432,Phoenix,Arizona,Maricopa,1611.1,535.6,41890.0,4.66,2.78,0.43,0.35,0.49,0.07,0.32,90.88,7,1.0
9739997727151882240,Phoenix,Arizona,Maricopa,2648.5,1226.4,48368.0,32.19,20.23,1.48,3.38,0.22,2.07,4.16,36.27,7,1.0
9739997761511620608,Phoenix,Arizona,Maricopa,1524.0,543.3,68884.0,18.56,15.58,6.81,7.22,0.6,0.0,6.51,44.72,6,1.0
9739998208188219392,Phoenix,Arizona,Maricopa,4006.3,1399.8,50837.0,22.36,7.92,3.85,5.53,0.07,0.0,5.35,54.91,8,1.0
9739998242547957760,Phoenix,Arizona,Maricopa,5808.8,2095.0,49822.0,18.7,11.76,6.49,1.05,0.0,0.0,10.13,51.86,9,1.0
9739998276907696128,Phoenix,Arizona,Maricopa,4034.2,1911.3,58483.0,34.03,18.22,1.89,2.21,0.07,0.0,4.45,39.12,9,1.0
9739998311267434496,Phoenix,Arizona,Maricopa,4641.3,1959.3,65439.0,29.16,22.09,2.58,2.93,0.0,0.0,7.61,35.63,7,1.0
9739998345627172864,Phoenix,Arizona,Maricopa,4515.0,2122.8,56898.0,40.39,8.28,1.06,5.75,0.12,2.27,7.17,34.95,8,1.0
9739998379986911232,Phoenix,Arizona,Maricopa,3719.3,1448.7,54870.0,31.29,7.13,1.38,4.76,0.16,3.55,6.85,44.88,8,1.0
9739998414346649600,Phoenix,Arizona,Maricopa,3249.2,1366.8,68668.0,29.03,11.17,2.64,1.93,0.0,0.0,6.67,48.57,9,1.0
9739998448706387968,Phoenix,Arizona,Maricopa,4781.5,2345.6,53168.0,34.49,20.12,2.22,2.49,0.12,0.12,4.07,36.37,7,1.0
9739998483066126336,Phoenix,Arizona,Maricopa,1691.9,694.6,144198.0,69.89,1.41,0.43,0.0,0.25,0.66,4.28,23.08,4,1.0
9739998517425864704,Phoenix,Arizona,Maricopa,2173.8,920.8,71316.0,47.69,2.65,2.78,0.17,0.0,0.46,2.9,43.35,7,1.0
9739998551785603072,Phoenix,Arizona,Maricopa,1783.3,820.9,133317.0,75.85,0.7,5.98,0.24,0.15,0.37,3.68,13.02,7,1.0
9739998586145341440,Phoenix,Arizona,Maricopa,1993.0,798.4,152567.0,72.44,0.83,1.52,0.0,0.32,0.3,5.21,19.37,4,1.0
9739998620505079808,Phoenix,Arizona,Maricopa,3564.7,1720.8,87350.0,62.27,9.33,2.4,1.49,0.0,0.23,5.74,18.53,8,1.0
9739998654864818176,Phoenix,Arizona,Maricopa,2906.9,1173.1,87626.0,55.0,10.64,2.42,2.18,0.0,1.4,5.28,23.08,6,1.0
9739998689224556544,Phoenix,Arizona,Maricopa,1984.0,843.6,157160.0,79.31,2.62,1.39,0.67,0.03,0.35,1.08,14.55,6,1.0
9739998723584294912,Phoenix,Arizona,Maricopa,1831.8,638.3,216007.0,77.91,1.63,1.92,0.93,0.48,1.09,3.15,12.89,6,1.0
9739998757944033280,Phoenix,Arizona,Maricopa,1969.5,907.8,152911.0,74.83,0.35,2.48,1.65,0.0,0.0,2.76,17.92,4,1.0
9739998792303771648,Phoenix,Arizona,Maricopa,2442.6,1031.0,108050.0,72.9,6.25,3.45,0.79,0.0,0.81,2.66,13.13,5,1.0
9739998826663510016,Phoenix,Arizona,Maricopa,3019.0,1338.3,114289.0,73.82,4.79,7.31,0.15,0.0,1.05,2.48,10.39,4,1.0
9739998861023248384,Phoenix,Arizona,Maricopa,3421.3,1705.1,118082.0,74.57,4.79,3.93,1.21,0.06,0.0,5.83,9.6,8,1.0
9739998895382986752,Phoenix,Arizona,Maricopa,2546.8,1238.8,86613.0,56.35,10.25,0.38,0.01,0.72,0.0,1.93,30.35,4,1.0
9739998929742725120,Phoenix,Arizona,Maricopa,2565.3,1198.3,93884.0,63.5,2.33,2.62,0.15,0.0,0.23,5.02,26.16,6,1.0
9739998964102463488,Phoenix,Arizona,Maricopa,2788.6,1150.7,58163.0,35.93,5.38,0.67,0.62,0.06,0.35,3.19,53.8,6,1.0
9739999204620632064,Phoenix,Arizona,Maricopa,5232.9,1915.2,53211.0,27.49,9.45,0.65,2.76,0.0,1.27,7.67,50.71,6,1.0
9740002606234730496,Phoenix,Arizona,Maricopa,2039.2,895.5,136191.0,77.42,0.66,7.83,0.0,0.0,0.0,4.43,9.65,4,1.0
9740002674954207232,Phoenix,Arizona,Maricopa,1234.6,682.6,110433.0,82.12,2.1,1.94,0.0,0.0,0.0,0.54,13.3,3,1.0
9740002709313945600,Phoenix,Arizona,Maricopa,872.9,491.0,111668.0,84.11,1.66,1.63,0.0,0.0,0.0,0.76,11.84,4,1.0
9740002743673683968,Phoenix,Arizona,Maricopa,997.7,377.0,143497.0,62.78,6.77,8.85,0.0,0.0,0.27,10.77,10.55,4,1.0
9740002778033422336,Phoenix,Arizona,Maricopa,2702.6,956.3,171576.0,69.2,2.27,12.87,0.01,0.0,0.19,10.12,5.33,5,1.0
9740002846752899072,Phoenix,Arizona,Maricopa,1112.0,391.6,144780.0,73.86,4.1,4.35,0.0,0.0,0.0,7.14,10.55,3,1.0
9740002915472375808,Phoenix,Arizona,Maricopa,2472.4,1091.5,89515.0,75.32,1.42,4.63,0.31,0.0,0.0,3.07,15.25,8,1.0
9740002949832114176,Phoenix,Arizona,Maricopa,2235.5,984.7,112565.0,72.31,1.3,7.55,0.1,0.0,0.01,4.67,14.06,8,1.0
9740002984191852544,Phoenix,Arizona,Maricopa,301.7,170.2,105895.0,84.38,2.87,4.14,0.0,0.0,0.09,2.15,6.38,4,1.0
9740003018551590912,Phoenix,Arizona,Maricopa,562.3,310.4,91416.0,66.71,4.69,12.58,0.0,0.0,0.32,2.9,12.81,3,1.0
9740003052911329280,Phoenix,Arizona,Maricopa,245.4,140.5,104983.0,78.55,4.71,7.87,0.0,0.0,0.07,0.81,8.0,4,1.0
9740003087271067648,Phoenix,Arizona,Maricopa,725.6,387.0,91493.0,62.14,5.47,14.49,0.0,0.0,0.36,3.26,14.29,2,1.0
9740003155990544384,Phoenix,Arizona,Maricopa,2788.1,1066.9,146613.0,59.28,0.17,24.7,2.15,0.0,0.58,1.98,11.13,4,1.0
9740003190350282752,Phoenix,Arizona,Maricopa,1401.0,597.6,122689.0,73.27,2.13,7.45,0.68,0.0,0.15,1.82,14.5,4,1.0
9740003224710021120,Phoenix,Arizona,Maricopa,3454.2,1460.0,94315.0,61.84,0.11,21.98,0.02,0.0,0.27,2.75,13.02,7,1.0
9740003259069759488,Phoenix,Arizona,Maricopa,3045.2,1306.0,111887.0,59.03,2.84,15.6,0.47,0.0,1.0,6.4,14.67,5,1.0
9740003293429497856,Phoenix,Arizona,Maricopa,2355.9,1080.1,110677.0,66.63,2.57,12.58,1.43,0.0,0.37,5.14,11.29,7,1.0
9740003327789236224,Phoenix,Arizona,Maricopa,3753.0,1752.2,95544.0,63.99,3.67,16.01,0.79,0.0,0.38,5.43,9.73,8,1.0
9740003362148974592,Phoenix,Arizona,Maricopa,2197.7,824.6,100013.0,52.71,5.62,8.24,0.53,0.03,3.85,3.56,25.46,6,1.0
9740003396508712960,Phoenix,Arizona,Maricopa,1442.8,509.4,149283.0,68.25,0.98,3.38,5.6,0.28,0.16,5.23,16.13,4,1.0
9740003430868451328,Phoenix,Arizona,Maricopa,1983.5,834.8,93570.0,59.13,0.91,14.84,4.56,0.26,0.0,3.28,17.03,4,1.0
9740003533947666432,Phoenix,Arizona,Maricopa,1434.4,693.8,65653.0,68.18,0.5,1.24,0.99,0.06,0.2,3.05,25.77,4,1.0
9740003568307404800,Phoenix,Arizona,Maricopa,2067.9,800.2,119555.0,65.43,1.88,4.61,0.0,0.95,0.15,7.71,19.26,5,1.0
9740003602667143168,Phoenix,Arizona,Maricopa,2336.0,965.7,118808.0,70.12,3.03,8.38,0.11,1.83,0.17,7.96,8.41,5,1.0
9740004152422957056,Phoenix,Arizona,Maricopa,2779.2,1011.5,93080.0,42.62,0.61,1.5,1.86,0.03,0.0,1.98,51.41,7,1.0
9740004186782695424,Phoenix,Arizona,Maricopa,2171.4,938.3,78568.0,69.87,1.18,1.98,2.1,0.0,0.0,2.26,22.6,6,1.0
9740004221142433792,Phoenix,Arizona,Maricopa,2828.8,1125.4,106906.0,57.42,7.35,0.24,0.56,0.32,0.0,9.21,24.9,7,1.0
9740004289861910528,Phoenix,Arizona,Maricopa,2096.0,872.9,101227.0,76.84,0.41,0.79,0.55,0.0,0.05,5.43,15.94,7,1.0
9740004324221648896,Phoenix,Arizona,Maricopa,2153.6,854.1,134150.0,79.81,1.38,1.26,0.63,0.0,0.17,4.36,12.38,4,1.0
9740004564739817472,Phoenix,Arizona,Maricopa,922.2,355.8,149347.0,72.48,6.02,1.54,0.44,0.0,0.04,4.41,15.06,3,1.0
9740004633459294208,Phoenix,Arizona,Maricopa,698.4,383.6,85361.0,77.04,0.03,1.82,0.11,0.15,0.01,5.9,14.94,4,1.0
9740004667819032576,Phoenix,Arizona,Maricopa,1277.1,843.1,93849.0,72.04,1.11,5.9,0.87,2.04,0.15,6.16,11.73,7,1.0
9740004702178770944,Phoenix,Arizona,Maricopa,2271.6,1206.2,118492.0,69.31,3.96,3.85,0.0,0.01,0.42,4.54,17.91,7,1.0
9740004736538509312,Phoenix,Arizona,Maricopa,790.5,368.7,177435.0,87.06,0.04,0.2,0.0,0.0,0.3,8.0,4.4,3,1.0
9740004977056677888,Phoenix,Arizona,Maricopa,626.1,243.2,178628.0,89.13,0.68,0.0,0.93,0.0,0.0,3.8,5.46,2,1.0
9740005011416416256,Phoenix,Arizona,Maricopa,1755.2,683.2,160650.0,79.59,6.62,1.76,0.23,0.0,0.01,4.47,7.32,6,1.0
9740005045776154624,Phoenix,Arizona,Maricopa,1038.8,435.4,171533.0,85.76,3.03,1.23,0.3,0.0,0.03,3.99,5.66,6,1.0
9740005080135892992,Phoenix,Arizona,Maricopa,1069.3,407.6,176222.0,82.29,1.91,3.53,0.0,0.0,1.14,6.08,5.04,4,1.0
9740005114495631360,Phoenix,Arizona,Maricopa,1039.4,392.7,170797.0,83.88,0.72,4.55,0.0,0.0,1.15,4.97,4.72,4,1.0
9740005148855369728,Phoenix,Arizona,Maricopa,616.1,215.0,212931.0,74.6,2.04,1.99,0.0,0.0,3.07,12.44,5.84,3,1.0
9740005320654061568,Phoenix,Arizona,Maricopa,481.1,170.7,215571.0,76.74,1.75,1.13,0.0,0.0,3.03,11.61,5.74,6,1.0
9740005389373538304,Phoenix,Arizona,Maricopa,323.7,137.2,246165.0,87.72,0.0,2.05,0.0,0.0,0.19,4.17,5.87,3,1.0
9740005423733276672,Phoenix,Arizona,Maricopa,347.3,157.4,216440.0,84.92,0.08,5.54,0.0,0.0,1.59,2.79,5.08,4,1.0
9740005458093015040,Phoenix,Arizona,Maricopa,518.3,190.1,250001.0,82.04,1.08,4.91,0.0,0.0,0.24,5.38,6.35,3,1.0
9740005492452753408,Phoenix,Arizona,Maricopa,1033.7,397.0,147157.0,83.92,1.47,3.36,0.06,0.0,0.09,4.14,6.96,3,1.0
9740005526812491776,Phoenix,Arizona,Maricopa,769.6,278.1,200917.0,79.11,1.79,7.03,0.02,0.0,0.0,6.3,5.75,2,1.0
9740005561172230144,Phoenix,Arizona,Maricopa,635.7,315.4,127240.0,78.1,0.6,2.88,0.33,0.0,1.72,7.05,9.32,5,1.0
9740005595531968512,Phoenix,Arizona,Maricopa,672.9,259.8,179242.0,81.05,0.08,2.39,0.83,0.0,4.41,4.35,6.89,2,1.0
9740005629891706880,Phoenix,Arizona,Maricopa,954.1,381.7,168242.0,87.46,0.54,1.74,0.31,0.01,1.68,2.91,5.36,4,1.0
9740005664251445248,Phoenix,Arizona,Maricopa,1139.7,432.7,138520.0,81.45,0.05,1.68,0.14,0.23,0.68,3.35,12.42,6,1.0
9740005698611183616,Phoenix,Arizona,Maricopa,1249.3,482.6,135488.0,77.24,0.86,3.07,0.21,0.43,7.5,2.93,7.75,4,1.0
9740005732970921984,Phoenix,Arizona,Maricopa,1236.2,478.1,161874.0,86.31,1.05,3.15,0.21,0.16,3.01,1.63,4.5,5,1.0
9740005767330660352,Phoenix,Arizona,Maricopa,2214.2,1274.8,81921.0,87.2,1.66,1.29,0.0,0.04,0.68,0.6,8.52,7,1.0
9740005801690398720,Phoenix,Arizona,Maricopa,1960.2,917.4,112733.0,82.59,2.44,1.67,0.29,0.0,0.0,2.78,10.23,6,1.0
9740005836050137088,Phoenix,Arizona,Maricopa,3107.0,1554.6,85119.0,69.54,5.16,4.13,0.02,0.0,0.54,3.03,17.58,8,1.0
9740005870409875456,Phoenix,Arizona,Maricopa,3997.7,1903.5,85302.0,61.81,2.81,6.95,0.95,0.06,2.21,3.92,21.28,6,1.0
9740005904769613824,Phoenix,Arizona,Maricopa,2679.8,1076.6,107011.0,69.63,1.11,3.26,0.34,0.0,0.66,8.51,16.48,9,1.0
9740005939129352192,Phoenix,Arizona,Maricopa,3710.7,1498.5,98942.0,72.73,2.57,1.78,0.17,0.0,0.19,3.04,19.52,8,1.0
9740005973489090560,Phoenix,Arizona,Maricopa,2293.4,1020.6,100674.0,64.86,0.31,7.05,4.16,0.03,0.0,4.06,19.54,6,1.0
9740006007848828928,Phoenix,Arizona,Maricopa,1801.8,734.6,150949.0,69.93,1.45,5.63,0.0,0.0,0.32,9.52,13.15,5,1.0
9740006042208567296,Phoenix,Arizona,Maricopa,2225.7,966.7,147026.0,78.96,1.38,4.93,0.07,0.0,0.71,3.09,10.87,5,1.0
9740006076568305664,Phoenix,Arizona,Maricopa,2084.7,780.2,134265.0,82.46,0.0,0.25,0.17,0.0,3.06,3.42,10.64,4,1.0
9740006110928044032,Phoenix,Arizona,Maricopa,1878.6,733.7,144948.0,82.89,0.01,2.37,0.53,0.0,0.01,6.07,8.12,6,1.0
9740006145287782400,Phoenix,Arizona,Maricopa,2279.7,941.2,133896.0,78.05,0.23,5.13,0.1,0.0,0.13,5.41,10.93,6,1.0
9740006179647520768,Phoenix,Arizona,Maricopa,2038.8,895.0,150638.0,81.24,0.34,4.1,0.07,0.0,0.0,2.45,11.79,5,1.0
9740006214007259136,Phoenix,Arizona,Maricopa,1849.6,760.9,141541.0,80.07,0.83,2.43,0.32,0.0,0.02,9.06,7.28,9,1.0
9740006248366997504,Phoenix,Arizona,Maricopa,2142.5,1213.3,96794.0,83.13,0.82,4.67,0.0,0.0,0.91,2.44,8.03,4,1.0
9740006282726735872,Phoenix,Arizona,Maricopa,1734.4,973.5,105512.0,83.47,0.81,8.36,0.0,0.0,0.01,2.87,4.49,4,1.0
9740006317086474240,Phoenix,Arizona,Maricopa,818.7,463.6,93173.0,83.55,3.31,2.85,0.0,0.0,0.19,2.16,7.94,4,1.0
9740006351446212608,Phoenix,Arizona,Maricopa,729.2,393.1,86733.0,76.17,4.27,3.01,0.0,0.0,0.08,2.63,13.84,3,1.0
9740006385805950976,Phoenix,Arizona,Maricopa,337.3,195.8,99142.0,91.96,0.23,2.97,0.0,0.0,0.95,0.95,2.94,3,1.0
9740006420165689344,Phoenix,Arizona,Maricopa,651.5,375.1,101008.0,90.47,0.83,4.44,0.0,0.0,0.55,1.88,1.84,3,1.0
9740006454525427712,Phoenix,Arizona,Maricopa,627.8,324.7,96325.0,83.75,0.24,9.3,0.12,0.0,0.96,4.18,1.45,4,1.0
9740006488885166080,Phoenix,Arizona,Maricopa,404.4,217.5,100735.0,84.05,1.9,4.86,0.0,0.0,0.62,1.74,6.84,2,1.0
9740006523244904448,Phoenix,Arizona,Maricopa,434.5,227.3,101474.0,81.22,2.45,5.55,0.0,0.0,0.5,1.99,8.28,2,1.0
9740006557604642816,Phoenix,Arizona,Maricopa,435.1,213.4,113196.0,89.17,0.42,1.99,1.07,0.0,0.6,2.91,3.85,2,1.0
9740006591964381184,Phoenix,Arizona,Maricopa,1043.0,355.8,162855.0,80.32,0.84,2.09,1.75,0.15,0.0,8.34,6.51,3,1.0
9740006626324119552,Phoenix,Arizona,Maricopa,1399.3,623.9,123359.0,75.9,2.31,8.45,0.31,0.0,0.4,7.64,4.98,5,1.0
9740006660683857920,Phoenix,Arizona,Maricopa,1499.4,570.4,136944.0,75.6,1.43,1.81,0.09,0.15,0.0,9.47,11.45,5,1.0
9740006695043596288,Phoenix,Arizona,Maricopa,1093.1,400.5,160523.0,82.36,0.53,1.47,0.45,0.35,0.28,5.78,8.78,6,1.0
9740006729403334656,Phoenix,Arizona,Maricopa,768.7,310.3,135853.0,82.03,0.1,2.03,0.27,1.01,1.4,3.14,10.02,3,1.0
9740006763763073024,Phoenix,Arizona,Maricopa,900.9,397.7,106853.0,82.99,0.16,2.23,0.19,1.09,0.0,3.04,10.3,3,1.0
9740006798122811392,Phoenix,Arizona,Maricopa,1624.9,840.5,73606.0,73.6,0.03,4.54,0.03,0.0,0.0,9.79,12.01,2,1.0
9740006832482549760,Phoenix,Arizona,Maricopa,1217.6,523.9,111593.0,79.8,0.79,3.2,0.11,0.0,0.39,6.37,9.35,5,1.0
9740006866842288128,Phoenix,Arizona,Maricopa,567.8,203.1,247478.0,78.96,1.47,7.05,0.0,0.0,0.13,6.6,5.79,3,1.0
9740006901202026496,Phoenix,Arizona,Maricopa,464.5,162.2,221180.0,79.95,0.19,1.86,0.0,0.0,0.27,2.3,15.43,3,1.0
9740006969921503232,Phoenix,Arizona,Maricopa,761.5,293.5,183401.0,73.5,1.19,7.34,0.0,0.0,0.04,9.44,8.48,3,1.0
9740007004281241600,Phoenix,Arizona,Maricopa,1041.4,557.7,126287.0,79.83,0.16,6.01,0.0,0.0,0.54,4.85,8.61,6,1.0
9740007038640979968,Phoenix,Arizona,Maricopa,939.4,432.1,145472.0,69.62,0.25,1.69,0.0,0.0,0.04,2.89,25.51,4,1.0
9740007073000718336,Phoenix,Arizona,Maricopa,1315.4,557.7,122110.0,72.11,2.41,0.97,0.0,0.0,0.0,2.3,22.21,5,1.0
9740007107360456704,Phoenix,Arizona,Maricopa,1479.5,717.8,144228.0,78.61,0.16,4.73,0.0,0.0,0.52,3.59,12.4,5,1.0
9740007141720195072,Phoenix,Arizona,Maricopa,906.9,420.4,127367.0,82.38,0.03,4.05,0.87,0.0,0.81,3.24,8.63,4,1.0
9740007176079933440,Phoenix,Arizona,Maricopa,1058.2,555.1,109837.0,78.75,0.01,5.78,0.61,0.0,0.46,6.81,7.58,4,1.0
9740007210439671808,Phoenix,Arizona,Maricopa,573.5,280.8,112044.0,86.62,0.11,2.39,1.26,0.35,0.15,4.18,4.94,5,1.0
9740007244799410176,Phoenix,Arizona,Maricopa,596.1,288.0,111071.0,82.8,1.05,4.04,0.78,0.0,0.56,2.72,8.04,4,1.0
9740007279159148544,Phoenix,Arizona,Maricopa,768.8,333.7,113871.0,74.25,2.86,6.3,0.16,0.0,0.58,1.83,14.01,2,1.0
9740007313518886912,Phoenix,Arizona,Maricopa,2032.0,865.2,153054.0,69.64,0.39,11.8,0.06,0.0,0.01,4.8,13.3,6,1.0
9740007347878625280,Phoenix,Arizona,Maricopa,2710.5,1355.7,94597.0,80.99,0.99,4.36,0.02,0.02,0.06,5.3,8.26,5,1.0
9740007382238363648,Phoenix,Arizona,Maricopa,1129.4,444.7,129158.0,81.53,0.0,3.09,0.4,0.0,1.43,0.0,13.54,2,1.0
9740007416598102016,Phoenix,Arizona,Maricopa,1987.3,865.0,196684.0,86.67,0.61,1.81,0.02,0.0,0.07,0.71,10.11,4,1.0
9740007450957840384,Phoenix,Arizona,Maricopa,1747.9,857.2,104472.0,92.7,0.12,1.06,0.0,0.09,0.0,0.15,5.88,5,1.0
9740007485317578752,Phoenix,Arizona,Maricopa,719.2,424.1,85707.0,79.17,5.67,3.7,1.35,1.18,0.5,2.4,6.04,4,1.0
9740007519677317120,Phoenix,Arizona,Maricopa,1666.7,865.5,104557.0,82.36,3.89,2.34,0.01,0.58,0.27,3.35,7.2,6,1.0
9740007554037055488,Phoenix,Arizona,Maricopa,1521.7,776.8,88262.0,82.93,3.53,3.51,0.13,0.35,0.15,5.34,4.05,4,1.0
9740007588396793856,Phoenix,Arizona,PHOENIX,1213.1,678.3,99975.0,82.9,3.41,5.39,0.61,0.58,0.53,2.56,4.02,4,1.0
9740007828914962432,Phoenix,Arizona,Maricopa,2361.1,993.4,127594.0,57.05,0.7,22.02,2.18,0.0,0.99,4.32,12.75,7,1.0
9740007863274700800,Phoenix,Arizona,Maricopa,1444.8,603.3,155867.0,73.1,1.16,9.81,0.28,0.0,0.27,6.97,8.42,5,1.0
9740007897634439168,Phoenix,Arizona,Maricopa,3446.3,1651.7,81397.0,65.2,1.09,8.92,1.42,0.0,0.34,4.11,18.92,9,1.0
9740007931994177536,Phoenix,Arizona,Maricopa,4361.5,2465.7,81413.0,70.73,1.53,9.42,0.85,0.0,0.47,3.61,13.4,8,1.0
9740007966353915904,Phoenix,Arizona,Maricopa,3253.6,1529.6,122921.0,69.16,3.6,16.48,0.0,0.0,0.0,2.27,8.48,6,1.0
9740008000713654272,Phoenix,Arizona,Maricopa,632.2,291.7,105106.0,69.32,4.8,8.48,0.0,0.0,0.0,3.07,14.33,1,1.0
9740008035073392640,Phoenix,Arizona,Maricopa,622.8,288.6,104973.0,69.7,4.73,8.38,0.0,0.0,0.02,3.03,14.14,2,1.0
9740008069433131008,Phoenix,Arizona,Maricopa,2582.9,1292.2,84913.0,77.13,8.07,1.99,0.01,0.0,0.0,2.06,10.75,6,1.0
9740008103792869376,Phoenix,Arizona,Maricopa,925.0,483.0,91404.0,71.51,3.27,5.19,0.25,0.0,0.55,3.42,15.82,5,1.0
9740008138152607744,Phoenix,Arizona,Maricopa,401.3,220.3,106899.0,80.52,0.68,6.76,0.0,0.0,0.45,0.82,10.77,3,1.0
9740008172512346112,Phoenix,Arizona,Maricopa,454.1,244.4,117139.0,70.53,0.01,10.66,0.0,0.0,0.0,0.04,18.76,3,1.0
9740008206872084480,Phoenix,Arizona,Maricopa,776.2,436.3,103929.0,85.76,1.11,5.55,0.0,0.0,0.11,2.27,5.2,4,1.0
9740008241231822848,Phoenix,Arizona,Maricopa,1434.2,486.8,222219.0,78.71,0.14,6.23,0.0,0.0,5.51,1.65,7.76,3,1.0
9740008275591561216,Phoenix,Arizona,Maricopa,588.1,309.7,99378.0,74.86,0.0,10.64,0.01,0.0,2.22,5.89,6.39,4,1.0
9740008309951299584,Phoenix,Arizona,Maricopa,1849.6,865.7,107239.0,73.28,0.66,7.26,0.0,0.0,0.84,9.82,8.14,5,1.0
9740008344311037952,Phoenix,Arizona,Maricopa,770.6,239.9,250001.0,77.81,0.0,6.33,0.0,0.0,6.13,1.63,8.1,2,1.0
9740008378670776320,Phoenix,Arizona,Maricopa,233.1,81.9,229444.0,78.41,0.58,8.66,0.0,0.0,3.11,2.08,7.15,3,1.0
9740008413030514688,Phoenix,Arizona,Maricopa,1401.3,571.0,170314.0,88.77,0.22,4.94,0.0,0.0,2.11,0.74,3.22,4,1.0
9740008859707113472,Phoenix,Arizona,Maricopa,954.5,472.4,129971.0,93.31,0.29,3.57,0.0,0.0,0.53,1.14,1.15,3,1.0
9740008894066851840,Phoenix,Arizona,Maricopa,345.5,204.0,123161.0,77.84,0.0,9.06,0.0,0.0,0.0,2.6,10.5,2,1.0
9740008928426590208,Phoenix,Arizona,Maricopa,786.3,425.0,86371.0,75.8,4.42,2.77,0.0,0.0,0.07,2.91,14.03,4,1.0
9740008962786328576,Phoenix,Arizona,Maricopa,1333.3,776.3,97934.0,79.75,0.84,1.34,0.0,0.0,1.01,3.91,13.14,3,1.0
9740008997146066944,Phoenix,Arizona,Maricopa,1135.7,643.2,93206.0,77.0,2.32,2.74,0.0,0.0,0.77,3.65,13.53,4,1.0
9740009031505805312,Phoenix,Arizona,Maricopa,885.5,474.5,82393.0,73.08,5.37,4.37,0.0,0.0,0.11,3.27,13.8,2,1.0
9740009065865543680,Phoenix,Arizona,Maricopa,875.4,458.9,95637.0,64.05,4.81,13.93,0.0,0.0,0.33,3.24,13.64,4,1.0
9740009100225282048,Phoenix,Arizona,Maricopa,1457.2,605.0,131149.0,73.07,2.15,12.42,0.17,0.0,0.1,4.45,7.64,4,1.0
9740009134585020416,Phoenix,Arizona,Maricopa,820.0,437.1,91136.0,61.92,5.37,14.47,0.0,0.0,0.37,3.33,14.55,1,1.0
9740009168944758784,Phoenix,Arizona,Maricopa,724.8,386.6,91498.0,62.14,5.47,14.49,0.0,0.0,0.36,3.26,14.28,2,1.0
9740009237664235520,Phoenix,Arizona,Maricopa,343.8,184.5,94925.0,64.22,6.43,14.72,0.0,0.0,0.29,2.59,11.75,2,1.0
9740009375103188992,Phoenix,Arizona,PHOENIX,1175.6,557.0,117491.0,77.42,0.63,4.06,0.0,0.33,0.58,5.64,11.34,3,1.0
9740062289100275712,Phoenix,Arizona,Maricopa,2115.9,772.4,60487.0,39.7,4.1,2.3,2.08,0.0,0.05,6.33,45.45,6,1.0
9740062735776874496,Phoenix,Arizona,Maricopa,2928.4,1050.0,67557.0,32.55,1.3,5.99,1.91,0.0,0.0,8.75,49.5,5,1.0
9740062770136612864,Phoenix,Arizona,Maricopa,2303.4,819.8,72190.0,41.14,0.27,2.24,4.55,0.04,0.09,2.51,49.17,6,1.0
9740062804496351232,Phoenix,Arizona,Maricopa,2293.8,838.9,103000.0,60.88,4.0,0.1,3.82,0.05,0.8,5.93,24.42,5,1.0
9740062838856089600,Phoenix,Arizona,Maricopa,3602.0,1167.3,86576.0,38.54,7.2,0.89,1.89,0.1,2.86,1.72,46.8,9,1.0
9740062873215827968,Phoenix,Arizona,Maricopa,4385.0,1693.2,50854.0,51.92,2.13,0.5,4.08,0.0,0.01,4.54,36.81,6,1.0
9740062907575566336,Phoenix,Arizona,Maricopa,2609.0,1150.1,61186.0,51.25,1.74,1.49,3.72,0.0,0.17,7.14,34.49,9,1.0
9740062941935304704,Phoenix,Arizona,Maricopa,2992.1,1280.5,88944.0,45.89,3.05,0.93,1.06,0.0,1.03,5.12,42.91,8,1.0
9740063045014519808,Phoenix,Arizona,Maricopa,3897.4,1899.1,50760.0,49.25,5.65,1.14,0.85,0.0,0.16,5.56,37.4,7,1.0
9740063079374258176,Phoenix,Arizona,Maricopa,1792.3,798.8,56174.0,38.99,4.69,3.68,0.5,0.0,0.43,3.7,48.01,8,1.0
9740063113733996544,Phoenix,Arizona,Maricopa,3897.9,1200.0,78476.0,44.48,1.37,0.26,1.41,0.0,0.95,2.92,48.6,4,1.0
9740063148093734912,Phoenix,Arizona,Maricopa,4546.3,1365.1,55640.0,36.71,2.96,1.11,0.5,0.0,1.21,2.51,54.99,8,1.0
9740063182453473280,Phoenix,Arizona,Maricopa,2893.3,892.0,69449.0,24.73,1.93,1.31,1.09,0.01,1.15,0.78,69.0,8,1.0
9740063216813211648,Phoenix,Arizona,Maricopa,2978.7,1110.7,48046.0,31.03,9.19,0.39,1.28,0.06,0.0,0.95,57.09,5,1.0
9740063251172950016,Phoenix,Arizona,Maricopa,2279.4,1116.8,44772.0,40.06,3.63,1.79,1.1,0.01,0.0,7.54,45.87,7,1.0
9740063285532688384,Phoenix,Arizona,Maricopa,3948.9,1453.9,80521.0,28.42,12.4,3.47,1.03,0.54,5.56,6.66,41.93,8,1.0
9740063319892426752,Phoenix,Arizona,Maricopa,5063.2,2046.4,60360.0,30.33,22.01,2.25,4.06,0.33,0.0,6.9,34.12,8,1.0
9740063354252165120,Phoenix,Arizona,Maricopa,2608.2,1294.4,62502.0,41.05,4.48,3.38,2.9,0.0,0.0,4.49,43.7,5,1.0
9740063388611903488,Phoenix,Arizona,Maricopa,4652.1,1722.6,66127.0,29.31,2.37,2.3,0.28,0.11,1.96,3.91,59.77,8,1.0
9740063422971641856,Phoenix,Arizona,Maricopa,2365.3,1018.7,62548.0,41.48,3.7,7.41,0.38,0.82,0.14,4.56,41.51,4,1.0
9740063457331380224,Phoenix,Arizona,Maricopa,2652.3,1277.8,54947.0,51.13,4.49,2.27,1.67,0.0,0.36,3.33,36.75,4,1.0
9740063491691118592,Phoenix,Arizona,Maricopa,2944.8,1115.3,87876.0,53.02,3.53,3.9,3.27,0.0,0.52,4.87,30.89,5,1.0
9740063526050856960,Phoenix,Arizona,Maricopa,3124.0,1354.6,98739.0,66.07,3.63,3.52,2.22,0.0,0.91,1.27,22.39,6,1.0
9740063560410595328,Phoenix,Arizona,Maricopa,1553.6,738.2,72880.0,50.05,10.19,4.15,1.85,0.0,0.47,2.03,31.26,7,1.0
9740063594770333696,Phoenix,Arizona,Maricopa,1854.4,777.4,72737.0,37.93,9.82,2.04,3.42,0.0,0.4,4.28,42.12,6,1.0
9740063800928763904,Phoenix,Arizona,Maricopa,2076.8,625.2,79815.0,24.61,3.25,1.15,0.31,0.2,0.0,0.89,69.59,6,1.0
9740063835288502272,Phoenix,Arizona,Maricopa,4072.7,1054.6,69463.0,14.92,0.97,0.14,0.47,0.01,0.78,0.51,82.2,9,1.0
9740065037879345152,Phoenix,Arizona,Maricopa,3857.7,1546.6,107715.0,60.26,8.53,7.8,0.11,0.0,0.39,2.64,20.27,8,1.0
9740065072239083520,Phoenix,Arizona,PHOENIX,2861.6,1211.9,98442.0,59.56,1.92,6.47,1.21,0.0,0.26,5.13,25.45,8,1.0
9740065278397513728,Phoenix,Arizona,Maricopa,1699.5,756.2,75301.0,45.8,11.13,6.65,4.29,0.0,0.0,5.49,26.63,4,1.0
9740065312757252096,Phoenix,Arizona,Maricopa,1115.7,536.0,84776.0,57.71,3.84,9.28,4.28,0.0,0.19,5.92,18.78,5,1.0
9740065347116990464,Phoenix,Arizona,Maricopa,2625.4,1068.4,98591.0,61.16,3.6,10.54,1.71,0.0,0.15,3.11,19.72,6,1.0
9740065381476728832,Phoenix,Arizona,Maricopa,3807.3,1531.9,80055.0,47.96,10.72,6.23,2.47,0.0,0.0,3.86,28.75,6,1.0
9740065415836467200,Phoenix,Arizona,Maricopa,3470.6,1553.7,69408.0,53.18,5.35,6.46,0.34,0.0,0.0,3.7,30.97,6,1.0
9740065450196205568,Phoenix,Arizona,Maricopa,2222.1,1031.3,76540.0,49.93,2.48,5.38,1.45,0.0,0.0,3.96,36.8,7,1.0
9740065484555943936,Phoenix,Arizona,Maricopa,3486.2,1253.7,98782.0,32.46,9.17,4.39,1.72,0.0,0.12,3.66,48.49,6,1.0
9740065518915682304,Phoenix,Arizona,Maricopa,3146.9,1134.4,77434.0,37.93,8.16,2.07,0.67,0.0,0.0,5.22,45.95,5,1.0
9740065553275420672,Phoenix,Arizona,Maricopa,2202.6,895.6,83640.0,47.74,3.53,9.71,3.69,1.86,0.5,3.33,29.65,5,1.0
9740065587635159040,Phoenix,Arizona,Maricopa,3088.3,1223.8,105300.0,33.76,7.43,18.11,1.73,2.67,0.71,2.67,32.91,4,1.0
9740065621994897408,Phoenix,Arizona,Maricopa,1732.9,839.1,102216.0,36.1,9.57,2.79,0.69,0.83,0.22,0.69,49.1,7,1.0
9740065656354635776,Phoenix,Arizona,Maricopa,4433.2,1421.2,65291.0,21.88,9.1,0.56,2.95,0.12,0.26,3.79,61.35,7,1.0
9740065690714374144,Phoenix,Arizona,Maricopa,3817.2,1330.1,86187.0,26.88,6.46,10.35,0.1,0.0,0.0,1.52,54.69,7,1.0
9740065793793589248,Phoenix,Arizona,Maricopa,4075.7,1313.7,78117.0,35.47,9.94,3.63,0.48,0.0,0.36,1.94,48.18,8,1.0
9740065931232542720,Phoenix,Arizona,Maricopa,1410.2,579.9,111810.0,53.63,8.93,9.87,2.41,0.0,0.0,6.41,18.74,4,1.0
9740065965592281088,Phoenix,Arizona,Maricopa,794.2,303.1,108608.0,47.63,9.86,7.59,0.0,1.06,0.0,2.98,30.89,4,1.0
9740065999952019456,Phoenix,Arizona,Maricopa,2564.4,1099.1,78023.0,45.9,6.53,8.96,1.53,0.01,1.22,3.47,32.38,8,1.0
9740066034311757824,Phoenix,Arizona,Maricopa,3270.9,1361.5,92571.0,46.42,9.76,11.21,4.58,0.21,3.5,1.84,22.48,6,1.0
9740066068671496192,Phoenix,Arizona,Maricopa,2122.4,703.5,117819.0,40.81,3.97,12.47,0.0,1.16,0.0,4.44,37.14,2,1.0
9740066103031234560,Phoenix,Arizona,Maricopa,3002.7,1263.1,107503.0,51.05,2.15,22.08,0.13,0.0,0.84,4.76,19.0,5,1.0
9740066137390972928,Phoenix,Arizona,Maricopa,1169.6,511.3,113796.0,62.07,5.75,12.19,0.0,0.0,0.0,4.23,15.76,4,1.0
9740066171750711296,Phoenix,Arizona,Maricopa,1639.4,703.0,115480.0,44.56,5.65,19.83,0.51,0.0,3.31,9.49,16.64,5,1.0
9740066206110449664,Phoenix,Arizona,Maricopa,2461.9,901.7,148066.0,61.84,3.89,11.55,0.21,0.0,1.37,3.49,17.65,4,1.0
9740066240470188032,Phoenix,Arizona,Maricopa,1873.4,652.0,182473.0,42.91,5.85,32.59,0.41,0.0,0.49,7.61,10.13,5,1.0
9740066274829926400,Phoenix,Arizona,Maricopa,1373.8,515.0,173498.0,49.25,1.32,37.9,0.58,0.0,0.16,2.35,8.44,4,1.0
9740066309189664768,Phoenix,Arizona,Maricopa,1707.7,581.7,181184.0,47.34,5.36,18.54,0.54,0.0,0.19,9.53,18.51,5,1.0
9740066343549403136,Phoenix,Arizona,Maricopa,1386.7,470.4,188862.0,45.97,5.56,18.84,0.0,0.0,0.0,10.91,18.71,4,1.0
9740066584067571712,Phoenix,Arizona,PHOENIX,988.6,460.4,107876.0,56.88,13.25,2.87,0.0,0.0,0.0,6.33,20.68,3,1.0
9740066618427310080,Phoenix,Arizona,PHOENIX,859.5,387.4,107037.0,53.06,9.38,3.66,0.0,0.0,0.0,7.52,26.38,2,1.0
9740066652787048448,Phoenix,Arizona,PHOENIX,0.0,0.0,,,,,,,,,,1,1.0
9740066687146786816,Phoenix,Arizona,PHOENIX,443.3,145.1,175390.0,55.72,1.98,12.54,3.28,0.0,0.03,5.25,21.2,4,1.0
9740067133823385600,Phoenix,Arizona,PHOENIX,1118.9,369.9,177419.0,60.3,1.23,11.91,3.14,0.0,0.19,4.99,18.23,4,1.0
9740067168183123968,Phoenix,Arizona,PHOENIX,1159.3,425.2,126085.0,59.06,5.29,13.19,0.22,0.0,0.0,3.07,19.18,5,1.0
9740068302054490112,Phoenix,Arizona,PHOENIX,657.8,231.6,111727.0,67.61,6.58,1.82,0.0,0.0,0.0,1.24,22.75,3,1.0
9740068370773966848,Phoenix,Arizona,PHOENIX,737.8,193.5,179378.0,76.01,5.21,5.02,0.05,0.0,0.0,4.99,8.73,4,1.0
9740068405133705216,Phoenix,Arizona,PHOENIX,877.3,233.6,187475.0,71.31,4.55,12.35,0.07,0.0,0.0,5.49,6.24,3,1.0
9740068714371350528,Phoenix,Arizona,PHOENIX,2028.9,604.7,128229.0,68.36,1.41,3.36,0.4,0.0,0.1,5.38,20.99,7,1.0
9740068748731088896,Phoenix,Arizona,PHOENIX,1066.5,296.2,156601.0,76.93,0.98,4.59,1.37,0.0,0.0,5.78,10.35,3,1.0
9740068920529780736,Phoenix,Arizona,PHOENIX,3133.0,1106.9,122870.0,69.66,2.27,2.72,0.0,0.02,0.79,8.87,15.66,5,1.0
9740068954889519104,Phoenix,Arizona,PHOENIX,2956.9,874.2,136357.0,67.96,2.86,4.3,0.0,0.01,0.68,5.96,18.23,7,1.0
9740069092328472576,Phoenix,Arizona,PHOENIX,2999.8,901.1,130544.0,69.12,1.16,4.15,0.26,0.37,0.05,6.93,17.96,7,1.0
9740069229767426048,Phoenix,Arizona,PHOENIX,2155.3,602.8,136772.0,70.97,1.2,3.97,1.76,0.24,0.35,2.18,19.32,5,1.0
9740069264127164416,Phoenix,Arizona,PHOENIX,276.2,71.6,104325.0,59.5,3.12,5.59,1.15,0.3,1.1,7.55,21.7,4,1.0
9740069298486902784,Phoenix,Arizona,PHOENIX,1954.0,748.7,88738.0,64.85,1.73,2.42,0.07,0.4,1.6,11.4,17.52,6,1.0
9868791220694679552,Atlanta,Georgia,Fulton,769.3,268.0,159755.0,33.23,28.35,1.2,0.0,0.0,0.06,5.03,32.13,7,1.0
9868791255054417920,Atlanta,Georgia,Fulton,741.1,322.1,69626.0,31.88,43.21,0.55,0.0,0.0,0.0,1.34,23.02,5,1.0
9868791289414156288,Atlanta,Georgia,Fulton,1471.5,649.2,71776.0,33.74,47.01,2.76,0.11,0.0,0.0,1.62,14.76,6,1.0
9868791323773894656,Atlanta,Georgia,Fulton,330.7,225.0,106702.0,22.24,53.15,3.77,0.09,0.0,0.0,13.85,6.91,4,0.9566
9868795034625638400,Atlanta,Georgia,DeKalb,2304.1,776.5,136818.0,42.55,44.98,0.29,0.38,0.0,0.0,6.28,5.53,5,1.0
9868795068985376768,Atlanta,Georgia,DeKalb,1837.7,724.0,179763.0,46.78,42.99,0.86,0.18,0.0,0.03,5.32,3.85,8,1.0
9868795446942498816,Atlanta,Georgia,DeKalb,2007.6,816.9,166448.0,63.05,26.44,2.51,0.0,0.0,0.15,2.82,5.04,7,1.0
9868795481302237184,Atlanta,Georgia,DeKalb,2608.4,1373.2,76412.0,45.79,27.66,2.59,0.0,0.0,0.39,7.78,15.8,6,1.0
9868795550021713920,Atlanta,Georgia,DeKalb,1428.7,651.2,126666.0,54.28,31.83,2.83,0.0,0.0,0.49,5.75,4.82,3,1.0
9868795584381452288,Atlanta,Georgia,DeKalb,2363.0,1203.0,93659.0,49.81,32.72,5.21,0.0,0.76,0.49,5.33,5.68,6,1.0
9868795618741190656,Atlanta,Georgia,Fulton,3137.2,1648.0,146158.0,50.52,32.62,3.51,0.0,0.48,0.73,4.9,7.25,8,1.0
9868795653100929024,Atlanta,Georgia,Fulton,2105.3,1007.9,136893.0,56.85,15.93,21.37,0.0,0.0,0.0,2.62,3.24,5,1.0
9868795687460667392,Atlanta,Georgia,Fulton,2003.1,788.9,167945.0,55.97,30.56,1.1,0.0,0.0,1.5,4.87,6.01,8,1.0
9868795790539882496,Atlanta,Georgia,Fulton,1101.3,478.5,224537.0,52.09,27.04,1.25,0.0,0.0,0.0,0.51,19.11,6,1.0
9868796443374911488,Atlanta,Georgia,Fulton,860.6,352.2,52682.0,2.81,73.32,0.0,0.0,0.0,0.0,8.09,15.78,5,1.0
9868796580813864960,Atlanta,Georgia,Fulton,1798.3,164.7,79999.0,15.78,60.89,0.45,0.44,0.0,0.0,1.02,21.42,7,1.0
9868796615173603328,Atlanta,Georgia,Fulton,942.7,365.4,71978.0,4.17,81.73,0.0,0.0,0.0,0.13,4.99,8.97,6,1.0
9868796649533341696,Atlanta,Georgia,Fulton,959.2,404.4,96986.0,7.2,90.41,0.01,0.0,0.0,0.0,2.37,0.01,3,1.0
9868796683893080064,Atlanta,Georgia,Fulton,884.6,350.3,77362.0,12.64,83.42,0.24,0.04,0.0,0.0,0.99,2.67,6,1.0
9868796718252818432,Atlanta,Georgia,Fulton,1645.3,688.8,44201.0,3.59,90.47,1.34,0.14,0.0,0.0,2.55,1.92,7,1.0
9868796752612556800,Atlanta,Georgia,Fulton,751.5,352.2,44560.0,5.25,87.41,0.56,0.0,0.0,0.0,2.55,4.23,4,1.0
9868796786972295168,Atlanta,Georgia,Fulton,1405.8,543.8,68209.0,7.07,88.38,0.2,0.68,0.0,0.0,0.32,3.35,6,1.0
9868796821332033536,Atlanta,Georgia,Fulton,910.6,352.0,52459.0,15.36,75.67,0.46,0.55,0.0,0.0,0.76,7.2,6,1.0
9868796890051510272,Atlanta,Georgia,Fulton,1685.8,709.0,37651.0,1.1,77.81,0.0,14.49,0.0,2.89,3.72,0.0,4,1.0
9868796924411248640,Atlanta,Georgia,Fulton,1287.2,415.9,77846.0,12.53,57.65,5.49,0.0,0.0,0.0,1.84,22.48,5,1.0
9868796958770987008,Atlanta,Georgia,Fulton,899.4,370.2,52147.0,2.63,65.3,0.28,0.0,0.0,0.0,1.65,30.14,6,1.0
9868796993130725376,Atlanta,Georgia,Fulton,1517.1,738.1,25248.0,12.34,71.74,0.35,0.0,0.05,0.0,2.71,12.82,6,1.0
9868797027490463744,Atlanta,Georgia,Fulton,1677.4,650.9,35830.0,18.12,64.62,0.79,0.0,0.0,0.0,2.39,14.08,7,1.0
9868797061850202112,Atlanta,Georgia,Fulton,1298.4,492.5,48982.0,19.47,46.92,0.04,0.0,0.0,0.0,1.38,32.2,6,1.0
9868797096209940480,Atlanta,Georgia,Fulton,1412.7,464.4,71149.0,9.9,55.87,0.51,0.0,0.0,0.0,2.5,31.21,5,1.0
9868797130569678848,Atlanta,Georgia,Fulton,819.8,417.9,75004.0,31.0,52.69,3.53,0.0,0.0,0.14,1.27,11.38,3,1.0
9868797164929417216,Atlanta,Georgia,Fulton,890.4,378.9,115037.0,22.26,68.72,2.26,0.0,0.0,0.0,1.11,5.65,3,1.0
9868797199289155584,Atlanta,Georgia,Fulton,1488.2,779.1,42132.0,11.77,81.42,1.77,0.0,0.0,0.0,2.06,2.99,5,1.0
9868797233648893952,Atlanta,Georgia,Fulton,1143.4,519.1,61550.0,10.91,76.26,0.9,0.0,0.0,4.46,0.53,6.95,6,1.0
9868797268008632320,Atlanta,Georgia,Fulton,848.2,424.6,34390.0,7.77,86.74,0.05,0.03,0.0,0.13,0.68,4.61,5,1.0
9868797302368370688,Atlanta,Georgia,Fulton,1103.0,558.5,60485.0,25.22,61.09,2.81,0.01,0.0,0.69,4.75,5.43,6,1.0
9868797336728109056,Atlanta,Georgia,Fulton,1357.2,617.8,55828.0,16.76,75.65,1.28,0.0,0.0,0.0,3.12,3.19,4,1.0
9868797371087847424,Atlanta,Georgia,Fulton,768.5,379.0,28290.0,13.2,74.66,1.25,0.0,0.04,0.0,3.41,7.44,4,1.0
9868797405447585792,Atlanta,Georgia,Fulton,687.5,333.1,40637.0,6.65,83.9,1.04,0.0,0.0,0.0,2.91,5.5,3,1.0
9868797439807324160,Atlanta,Georgia,Fulton,1441.8,650.3,80753.0,12.11,83.48,3.67,0.0,0.0,0.0,0.33,0.41,5,1.0
9868797474167062528,Atlanta,Georgia,Fulton,2113.3,752.7,87252.0,11.76,81.39,0.17,0.0,0.0,0.0,5.17,1.52,5,1.0
9868797508526800896,Atlanta,Georgia,Fulton,2037.8,885.3,124116.0,9.5,84.72,0.47,0.0,0.0,1.54,3.42,0.35,6,1.0
9868797542886539264,Atlanta,Georgia,Fulton,1761.2,802.3,69134.0,19.07,63.83,6.23,0.0,0.0,1.91,2.94,6.02,7,1.0
9868797577246277632,Atlanta,Georgia,Fulton,1442.3,745.1,66728.0,27.68,59.97,2.58,0.0,0.0,0.5,3.62,5.64,6,1.0
9868797611606016000,Atlanta,Georgia,Fulton,1542.5,692.7,73965.0,17.0,70.42,0.43,0.05,0.0,1.01,3.61,7.49,7,1.0
9868797645965754368,Atlanta,Georgia,Fulton,2093.9,926.0,53814.0,13.09,75.84,0.04,0.05,0.0,0.25,7.46,3.28,5,1.0
9868797680325492736,Atlanta,Georgia,Fulton,1671.0,903.5,56298.0,18.52,59.08,5.29,0.0,0.0,0.0,12.8,4.3,6,1.0
9868797714685231104,Atlanta,Georgia,Fulton,1594.3,719.8,92877.0,26.19,56.59,1.09,0.0,0.0,0.94,11.05,4.15,9,1.0
9868797749044969472,Atlanta,Georgia,Fulton,2052.8,1153.5,40424.0,13.85,77.34,2.72,0.01,0.0,0.01,3.08,2.98,10,1.0
9868797783404707840,Atlanta,Georgia,Fulton,2065.0,958.1,71131.0,20.25,60.68,2.55,0.0,0.0,0.0,10.09,6.43,10,1.0
9868797817764446208,Atlanta,Georgia,Fulton,1755.9,782.9,96328.0,25.22,64.75,2.28,0.52,0.0,0.29,4.14,2.8,6,1.0
9868797852124184576,Atlanta,Georgia,Fulton,2659.1,970.9,52653.0,9.7,83.68,1.17,0.23,0.0,0.01,3.37,1.82,8,1.0
9868797886483922944,Atlanta,Georgia,Fulton,4762.9,1059.5,36215.0,16.22,58.12,11.58,0.0,0.0,0.14,5.6,8.35,7,1.0
9868797920843661312,Atlanta,Georgia,Fulton,3493.4,892.4,48039.0,16.68,62.52,11.21,0.45,0.0,0.31,3.53,5.3,11,1.0
9868797955203399680,Atlanta,Georgia,Fulton,4104.7,1950.3,50510.0,9.51,81.09,2.08,0.01,0.0,0.01,2.78,4.52,10,1.0
9868797989563138048,Atlanta,Georgia,Fulton,2432.2,1398.0,64167.0,18.75,71.08,2.26,0.16,0.15,0.0,1.95,5.66,7,1.0
9868798023922876416,Atlanta,Georgia,Fulton,2377.2,1213.4,63890.0,22.48,63.46,3.23,0.25,0.0,0.17,0.58,9.83,5,1.0
9868798058282614784,Atlanta,Georgia,Fulton,4076.1,1746.3,52544.0,19.4,61.41,8.37,0.28,0.0,0.6,4.71,5.23,8,1.0
9868798092642353152,Atlanta,Georgia,Fulton,3759.6,1858.2,75497.0,36.21,49.13,3.77,0.01,0.0,0.02,7.62,3.24,7,1.0
9868798127002091520,Atlanta,Georgia,Fulton,2186.8,1196.4,35340.0,9.6,86.5,0.27,0.01,0.0,0.01,1.53,2.08,9,1.0
9868798161361829888,Atlanta,Georgia,Fulton,2481.1,1142.2,85536.0,23.41,65.36,1.33,0.0,0.0,0.07,6.04,3.8,6,1.0
9868798195721568256,Atlanta,Georgia,Fulton,3599.5,1253.4,51767.0,5.9,85.59,0.06,0.22,0.0,0.0,3.41,4.82,7,1.0
9868798230081306624,Atlanta,Georgia,Fulton,1193.8,553.8,75208.0,31.91,56.85,1.03,0.28,0.0,0.0,4.5,5.44,6,1.0
9868798264441044992,Atlanta,Georgia,Fulton,2715.3,1100.4,100547.0,39.55,48.53,2.78,0.04,0.0,0.16,4.75,4.18,4,1.0
9868798298800783360,Atlanta,Georgia,Fulton,1941.4,887.8,158314.0,60.69,18.82,4.89,0.11,0.0,0.0,8.44,7.05,5,1.0
9868798333160521728,Atlanta,Georgia,Fulton,1155.9,526.1,105509.0,33.94,34.97,3.33,0.62,0.0,0.0,7.38,19.75,5,1.0
9868798367520260096,Atlanta,Georgia,Fulton,1434.9,686.2,144622.0,40.69,38.58,3.65,0.0,0.0,0.0,1.85,15.24,3,1.0
9868798401879998464,Atlanta,Georgia,Fulton,2210.6,934.3,174099.0,60.13,25.59,3.07,0.0,0.0,0.0,6.22,5.0,4,1.0
9868798436239736832,Atlanta,Georgia,Fulton,3402.1,1706.4,128918.0,58.84,23.99,5.34,0.0,0.0,0.0,4.73,7.09,5,1.0
9868798470599475200,Atlanta,Georgia,Fulton,2909.5,1484.7,117050.0,57.99,20.6,3.82,0.04,0.0,0.0,9.3,8.25,5,1.0
9868798504959213568,Atlanta,Georgia,Fulton,3868.4,2322.9,130983.0,51.96,26.9,2.8,0.1,0.0,0.61,6.64,10.99,14,1.0
9868798539318951936,Atlanta,Georgia,Fulton,3718.1,2119.7,136537.0,63.49,15.58,6.98,0.0,0.0,0.54,5.38,8.03,8,1.0
9868798573678690304,Atlanta,Georgia,Fulton,5077.8,3131.7,143340.0,73.0,9.36,7.57,0.0,0.0,0.1,5.03,4.94,8,1.0
9868798608038428672,Atlanta,Georgia,Fulton,5011.8,2903.2,118460.0,56.84,28.77,4.15,0.06,0.0,0.44,5.3,4.44,12,1.0
9868798642398167040,Atlanta,Georgia,Fulton,4847.2,2761.4,101231.0,62.28,24.89,3.0,0.0,0.0,0.53,4.86,4.44,9,1.0
9868798676757905408,Atlanta,Georgia,Fulton,4374.8,2779.5,114889.0,71.2,10.06,5.66,0.0,0.0,0.47,3.56,9.03,12,1.0
9868798711117643776,Atlanta,Georgia,Fulton,3226.2,1387.8,161115.0,81.17,0.52,3.4,0.0,0.0,0.34,3.73,10.84,8,1.0
9868798745477382144,Atlanta,Georgia,Fulton,1736.4,827.6,155426.0,73.34,6.8,5.76,0.0,0.0,0.27,6.55,7.28,6,1.0
9868798779837120512,Atlanta,Georgia,Fulton,1947.2,920.9,138917.0,65.29,20.38,3.74,0.18,0.0,0.3,1.82,8.29,9,1.0
9868798814196858880,Atlanta,Georgia,Fulton,2416.2,1187.3,151668.0,83.21,4.63,3.75,0.0,0.0,0.38,4.37,3.67,6,1.0
9868798848556597248,Atlanta,Georgia,Fulton,7653.4,5266.4,135406.0,70.39,9.96,6.22,0.14,0.0,0.64,4.5,8.14,11,1.0
9868798882916335616,Atlanta,Georgia,Fulton,1503.3,623.0,180586.0,79.1,9.1,4.03,0.66,0.0,0.57,3.21,3.33,4,1.0
9868798917276073984,Atlanta,Georgia,Fulton,2605.3,1444.7,112725.0,46.6,24.59,12.45,0.02,0.0,0.35,5.93,10.06,13,1.0
9868798951635812352,Atlanta,Georgia,Fulton,7407.8,4007.6,126573.0,43.49,20.69,17.05,0.0,0.0,1.71,7.61,9.45,11,1.0
9868798985995550720,Atlanta,Georgia,Fulton,6974.7,2806.3,95237.0,43.3,17.45,22.05,0.11,0.0,0.34,7.91,8.85,10,1.0
9868799020355289088,Atlanta,Georgia,Fulton,10973.2,7438.3,108423.0,55.94,18.63,8.26,0.0,0.0,0.47,8.66,8.05,16,1.0
9868799054715027456,Atlanta,Georgia,Fulton,6854.2,3084.8,74333.0,34.44,42.06,13.01,0.05,0.0,0.76,5.66,4.02,9,1.0
9868799089074765824,Atlanta,Georgia,Fulton,5138.6,2313.7,81622.0,31.64,43.36,14.3,0.25,0.0,0.95,4.26,5.22,10,1.0
9868799123434504192,Atlanta,Georgia,Fulton,1189.1,593.4,78685.0,16.81,70.61,4.16,0.52,0.41,0.22,3.96,3.31,7,1.0
9868799157794242560,Atlanta,Georgia,Fulton,4661.9,644.2,49989.0,40.64,23.19,22.14,0.15,0.0,0.55,5.18,8.15,7,1.0
9868799192153980928,Atlanta,Georgia,Fulton,2720.8,1589.6,77584.0,29.77,47.64,8.22,0.19,0.0,2.34,4.27,7.56,8,1.0
9868799226513719296,Atlanta,Georgia,Fulton,2417.1,966.6,37707.0,8.25,82.72,0.18,0.19,0.02,0.45,4.29,3.89,8,1.0
9868799260873457664,Atlanta,Georgia,Fulton,1542.6,643.5,40793.0,5.98,79.65,0.0,0.26,0.0,0.0,8.56,5.54,8,1.0
9868799295233196032,Atlanta,Georgia,Fulton,1388.4,510.6,79503.0,5.78,74.69,0.07,0.28,0.0,0.23,0.45,18.51,8,1.0
9868799329592934400,Atlanta,Georgia,Fulton,554.6,261.1,192042.0,37.09,58.82,0.5,0.0,0.0,0.0,0.67,2.92,4,1.0
9868799363952672768,Atlanta,Georgia,Fulton,2756.4,267.2,144836.0,24.24,64.32,1.4,0.4,0.0,0.0,3.27,6.37,7,1.0
9868799398312411136,Atlanta,Georgia,Fulton,979.9,634.3,139027.0,59.58,28.53,3.76,0.0,0.0,0.32,4.85,2.96,5,1.0
9868799432672149504,Atlanta,Georgia,Fulton,543.9,270.2,169207.0,54.64,34.03,1.28,0.0,0.0,0.13,5.2,4.73,5,1.0
9868799467031887872,Atlanta,Georgia,Fulton,812.0,546.3,141810.0,57.25,33.6,2.03,0.0,0.0,0.43,4.25,2.43,3,1.0
9868799501391626240,Atlanta,Georgia,Fulton,1086.3,589.5,129796.0,60.8,31.85,2.16,0.13,0.0,2.1,1.45,1.51,3,1.0
9868799535751364608,Atlanta,Georgia,Fulton,2162.3,1224.5,124239.0,38.28,39.59,7.8,0.05,0.0,0.09,4.66,9.52,7,1.0
9868799570111102976,Atlanta,Georgia,Fulton,2990.2,1946.4,94922.0,43.16,33.35,7.86,0.0,0.0,3.6,7.64,4.39,9,1.0
9868799604470841344,Atlanta,Georgia,Fulton,5756.2,2682.5,99887.0,43.35,20.48,18.56,0.0,0.0,0.88,7.69,9.04,10,1.0
9868799638830579712,Atlanta,Georgia,Fulton,3445.0,2044.3,89916.0,45.2,28.84,6.49,0.0,0.0,0.0,3.32,16.16,8,1.0
9868799673190318080,Atlanta,Georgia,Fulton,2486.8,1272.1,148232.0,76.41,13.6,4.11,0.0,0.65,0.87,1.31,3.06,6,1.0
9868799707550056448,Atlanta,Georgia,Fulton,1174.6,539.0,228562.0,88.15,6.58,0.24,0.0,0.0,0.0,0.2,4.83,5,1.0
9868799741909794816,Atlanta,Georgia,Fulton,1442.1,484.2,243383.0,91.41,0.56,1.65,0.0,0.0,0.0,0.5,5.88,5,1.0
9868799776269533184,Atlanta,Georgia,Fulton,2537.2,1257.5,129547.0,70.68,5.71,13.99,0.93,0.0,0.0,3.44,5.26,6,1.0
9868799810629271552,Atlanta,Georgia,Fulton,2975.3,1393.9,119816.0,55.61,29.18,3.88,0.27,0.0,0.12,4.41,6.53,10,1.0
9868799844989009920,Atlanta,Georgia,Fulton,2049.8,1079.8,122970.0,43.47,32.67,7.83,0.0,0.0,0.48,0.62,14.92,7,1.0
9868799879348748288,Atlanta,Georgia,Fulton,1316.6,661.6,143956.0,84.34,4.37,5.43,0.0,0.0,0.0,1.83,4.03,7,1.0
9868799913708486656,Atlanta,Georgia,Fulton,1602.6,882.5,122987.0,91.99,1.71,1.13,0.0,0.0,0.0,0.71,4.46,6,1.0
9868799948068225024,Atlanta,Georgia,Fulton,814.0,261.7,208409.0,91.79,1.38,1.38,0.0,0.0,0.0,3.26,2.19,4,1.0
9868799982427963392,Atlanta,Georgia,Fulton,489.1,179.2,240822.0,82.33,7.32,3.77,0.0,0.0,0.0,4.24,2.34,3,1.0
9868800016787701760,Atlanta,Georgia,Fulton,984.9,531.6,98164.0,63.13,16.29,7.67,0.03,0.0,0.0,6.06,6.81,6,1.0
9868800051147440128,Atlanta,Georgia,Fulton,2004.8,1109.9,104169.0,69.51,15.54,5.73,0.03,0.0,0.0,4.07,5.12,3,1.0
9868800085507178496,Atlanta,Georgia,Fulton,758.7,245.1,233944.0,89.01,1.81,1.65,0.0,0.0,0.0,1.61,5.92,6,1.0
9868800119866916864,Atlanta,Georgia,Fulton,1000.4,303.7,237117.0,92.72,1.27,0.96,0.0,0.0,0.0,1.66,3.39,5,1.0
9868800154226655232,Atlanta,Georgia,Fulton,745.8,325.2,250001.0,92.14,0.0,0.75,0.0,0.0,0.0,2.06,5.05,3,1.0
9868800188586393600,Atlanta,Georgia,Fulton,524.1,170.3,250001.0,94.01,0.0,0.39,0.0,0.0,0.0,1.37,4.23,2,1.0
9868800222946131968,Atlanta,Georgia,Fulton,1735.7,1060.1,102296.0,52.66,16.03,8.04,0.0,0.0,0.83,13.08,9.36,5,1.0
9868800257305870336,Atlanta,Georgia,Fulton,5187.8,3209.4,130517.0,57.26,15.92,11.79,0.0,0.0,0.32,7.15,7.57,9,1.0
9868800291665608704,Atlanta,Georgia,Fulton,3465.9,2256.5,92970.0,68.51,15.46,7.53,0.0,0.0,0.11,3.55,4.85,8,1.0
9868800326025347072,Atlanta,Georgia,Fulton,2175.3,1424.3,103350.0,71.51,10.0,5.29,0.0,0.0,0.47,3.63,9.1,8,1.0
9868800360385085440,Atlanta,Georgia,Fulton,2590.2,1456.7,112017.0,79.39,6.32,3.57,0.0,0.0,0.54,1.96,8.22,8,1.0
9868800394744823808,Atlanta,Georgia,Fulton,3675.1,1895.6,133866.0,64.39,18.04,10.23,0.0,2.36,0.64,2.4,1.94,10,1.0
9868800429104562176,Atlanta,Georgia,Fulton,1882.0,854.0,138898.0,59.1,17.55,8.32,0.0,0.0,1.17,3.57,10.29,7,1.0
9868800463464300544,Atlanta,Georgia,Fulton,2896.3,1520.8,141099.0,82.42,5.25,5.51,0.0,0.0,0.11,3.47,3.23,7,1.0
9868800497824038912,Atlanta,Georgia,Fulton,3482.5,2133.9,94505.0,37.21,43.98,10.32,0.0,0.0,0.02,5.51,2.96,11,1.0
9868800532183777280,Atlanta,Georgia,Fulton,2369.8,1356.4,104802.0,54.19,25.08,9.0,0.02,0.0,0.67,6.42,4.62,6,1.0
9868800566543515648,Atlanta,Georgia,Fulton,2215.4,1258.3,92436.0,33.67,36.59,10.11,0.07,0.0,0.0,14.94,4.61,5,1.0
9868800600903254016,Atlanta,Georgia,Fulton,3291.6,2370.4,73381.0,31.57,37.6,10.34,0.09,0.0,0.0,3.86,16.54,7,1.0
9868800635262992384,Atlanta,Georgia,Fulton,3808.1,2362.4,90085.0,35.06,27.54,15.09,0.01,0.0,0.84,7.26,14.21,9,1.0
9868800669622730752,Atlanta,Georgia,Fulton,1545.5,804.5,145174.0,55.63,18.0,15.76,0.01,0.0,0.06,5.55,4.99,8,1.0
9868800703982469120,Atlanta,Georgia,Fulton,2397.5,1607.2,119558.0,59.69,16.3,15.98,0.0,0.0,0.11,4.67,3.24,7,1.0
9868800738342207488,Atlanta,Georgia,Fulton,2602.7,1043.8,145943.0,59.78,23.87,5.63,0.0,0.0,0.09,0.92,9.71,6,1.0
9868800772701945856,Atlanta,Georgia,Fulton,2926.2,1147.3,159352.0,64.76,18.51,7.24,0.13,0.0,1.62,1.28,6.47,6,1.0
9868800807061684224,Atlanta,Georgia,Fulton,2286.9,1140.7,116210.0,36.82,21.86,15.21,0.01,0.0,0.84,3.44,21.82,7,1.0
9868800841421422592,Atlanta,Georgia,DeKalb,2336.7,1431.6,83694.0,34.68,35.51,9.66,0.0,0.0,0.0,10.78,9.37,9,1.0
9868800875781160960,Atlanta,Georgia,DeKalb,3294.0,1472.2,105243.0,36.8,10.97,5.21,0.06,0.0,0.6,1.25,45.11,9,1.0
9868800910140899328,Atlanta,Georgia,DeKalb,2144.3,796.5,81736.0,21.53,12.27,1.26,0.0,0.0,0.07,1.74,63.13,10,1.0
9868800944500637696,Atlanta,Georgia,DeKalb,2594.1,1369.5,79657.0,34.94,41.87,5.13,0.0,0.0,0.27,5.65,12.14,9,1.0
9868800978860376064,Atlanta,Georgia,DeKalb,1893.9,783.2,123861.0,71.81,12.4,10.08,0.0,0.0,0.27,2.8,2.64,5,1.0
9868801013220114432,Atlanta,Georgia,DeKalb,2184.6,1164.4,85811.0,33.39,43.09,10.06,0.0,0.0,0.05,5.59,7.82,8,1.0
9868801047579852800,Atlanta,Georgia,DeKalb,2479.3,1097.9,86045.0,59.66,20.42,10.35,0.0,0.0,0.01,1.43,8.13,6,1.0
9868801081939591168,Atlanta,Georgia,DeKalb,1733.2,747.8,142745.0,64.59,16.67,7.52,0.0,0.0,1.49,6.02,3.71,7,1.0
9868801116299329536,Atlanta,Georgia,DeKalb,1762.5,834.3,127172.0,51.79,18.49,22.01,0.0,0.03,1.34,3.77,2.55,6,1.0
9868801150659067904,Atlanta,Georgia,DeKalb,1842.3,589.9,146493.0,53.23,28.41,10.66,0.27,0.0,0.0,3.4,4.02,5,1.0
9868801185018806272,Atlanta,Georgia,DeKalb,1974.1,796.1,128910.0,51.86,21.72,11.27,0.05,0.0,0.09,4.0,11.02,7,1.0
9868801219378544640,Atlanta,Georgia,DeKalb,1379.3,641.0,106545.0,69.29,9.86,5.2,0.0,0.0,0.0,6.21,9.44,7,1.0
9868801253738283008,Atlanta,Georgia,Fulton,2389.5,1079.6,95879.0,35.37,17.55,4.03,0.01,0.0,0.0,5.35,37.69,8,1.0
9868801288098021376,Atlanta,Georgia,Fulton,1749.6,766.9,145511.0,53.1,14.84,7.08,0.0,0.0,0.36,11.27,13.35,5,1.0
9868801322457759744,Atlanta,Georgia,Fulton,1931.2,728.8,178564.0,77.42,1.34,4.07,0.0,0.0,0.21,6.14,10.82,7,1.0
9868801356817498112,Atlanta,Georgia,DeKalb,2886.3,1368.5,105429.0,67.68,3.71,10.54,0.0,0.0,0.03,9.19,8.86,8,1.0
9868801391177236480,Atlanta,Georgia,DeKalb,1041.1,445.0,167841.0,82.98,5.0,2.62,0.0,0.0,0.0,2.6,6.8,5,1.0
9868801425536974848,Atlanta,Georgia,Fulton,3050.4,1181.2,131531.0,73.55,6.78,5.19,0.0,0.0,0.08,1.35,13.05,6,1.0
9868801459896713216,Atlanta,Georgia,Fulton,3552.3,2038.1,113923.0,68.5,9.1,7.72,0.0,0.0,0.16,4.26,10.26,9,1.0
9868801494256451584,Atlanta,Georgia,Fulton,3310.1,1644.1,172518.0,70.54,11.31,4.39,0.0,0.0,0.21,7.0,6.55,7,1.0
9868801528616189952,Atlanta,Georgia,DeKalb,3194.4,1443.1,124811.0,60.73,21.15,4.44,0.0,0.0,0.9,5.06,7.72,6,1.0
9868801562975928320,Atlanta,Georgia,DeKalb,1775.2,718.7,148307.0,77.98,5.19,2.04,0.0,0.0,0.0,7.44,7.35,4,1.0
9868801597335666688,Atlanta,Georgia,DeKalb,1325.1,479.9,212368.0,82.21,1.39,5.02,0.0,0.43,0.09,7.9,2.95,6,1.0
9868801631695405056,Atlanta,Georgia,DeKalb,2492.8,929.2,138613.0,67.41,14.49,4.03,0.0,0.0,1.09,7.91,5.07,5,1.0
9868801666055143424,Atlanta,Georgia,DeKalb,2788.0,989.9,162903.0,59.2,19.23,2.73,0.0,0.04,0.38,8.49,9.93,7,1.0
9868801700414881792,Atlanta,Georgia,DeKalb,872.2,319.8,197540.0,76.92,1.02,5.44,0.0,1.89,0.09,6.24,8.41,4,1.0
9868801734774620160,Atlanta,Georgia,DeKalb,1074.8,406.2,213156.0,84.21,1.06,5.26,0.01,0.48,0.0,3.0,5.99,5,1.0
9868801769134358528,Atlanta,Georgia,DeKalb,969.4,356.1,245065.0,86.92,2.49,4.07,0.03,0.12,0.0,4.29,2.09,5,1.0
9868801803494096896,Atlanta,Georgia,DeKalb,1847.9,400.8,185943.0,57.06,24.27,10.63,0.57,0.0,0.0,3.82,3.65,4,1.0
9868801837853835264,Atlanta,Georgia,DeKalb,1381.4,361.2,161917.0,61.45,18.74,10.41,0.31,0.03,0.0,4.74,4.32,6,1.0
9868801872213573632,Atlanta,Georgia,DeKalb,2861.6,948.3,79308.0,53.82,13.12,22.3,0.0,0.0,0.0,2.65,8.11,5,1.0
9868801940933050368,Atlanta,Georgia,DeKalb,2457.0,1118.6,125078.0,72.24,6.73,2.71,0.0,0.0,0.6,11.03,6.69,7,1.0
9868801975292788736,Atlanta,Georgia,DeKalb,2020.1,826.2,173270.0,81.59,1.86,8.22,0.0,0.0,0.03,6.39,1.92,7,1.0
9868802009652527104,Atlanta,Georgia,DeKalb,3175.8,1164.5,148946.0,55.1,9.42,3.53,0.0,0.01,0.19,7.47,24.28,8,1.0
9868802044012265472,Atlanta,Georgia,DeKalb,2977.8,942.1,182185.0,59.66,16.88,4.88,0.0,0.0,0.05,8.08,10.45,6,1.0
9868802078372003840,Atlanta,Georgia,DeKalb,2536.5,698.0,237120.0,67.32,12.21,3.63,0.09,0.0,0.0,8.02,8.73,5,1.0
9868802112731742208,Atlanta,Georgia,DeKalb,3257.7,1533.9,110805.0,58.47,21.21,7.67,0.16,0.0,0.09,7.5,4.91,8,1.0
9868802147091480576,Atlanta,Georgia,DeKalb,2024.6,994.7,84411.0,67.61,19.83,6.54,0.06,0.0,0.0,1.91,4.06,6,1.0
9868802593768079360,Atlanta,Georgia,DeKalb,2185.1,1025.0,115129.0,53.3,24.39,15.7,0.0,0.0,0.98,1.82,3.81,8,1.0
9868802628127817728,Atlanta,Georgia,DeKalb,1523.0,651.7,141762.0,79.94,9.4,4.33,0.0,0.0,0.32,3.58,2.43,7,1.0
9868802731207032832,Atlanta,Georgia,DeKalb,1376.2,515.4,169416.0,79.18,5.83,8.38,0.0,0.0,0.09,3.8,2.72,5,1.0
9868802765566771200,Atlanta,Georgia,DeKalb,1020.3,489.4,115171.0,66.62,9.91,10.73,0.0,0.0,0.57,5.13,7.03,7,1.0
9868803384042061824,Atlanta,Georgia,DeKalb,2389.9,874.0,155634.0,36.94,6.86,2.2,0.0,0.0,0.01,2.07,51.92,7,1.0
9868803521481015296,Atlanta,Georgia,DeKalb,4623.9,1594.2,69609.0,25.31,12.4,2.62,0.0,0.0,0.21,1.84,57.61,7,1.0
9868803555840753664,Atlanta,Georgia,DeKalb,1937.6,701.1,230464.0,60.92,4.69,9.74,0.0,0.0,0.15,6.29,18.21,8,1.0
9868803590200492032,Atlanta,Georgia,DeKalb,2466.8,1043.2,203052.0,67.62,8.33,5.03,0.0,0.0,0.71,9.48,8.83,8,1.0
9868803624560230400,Atlanta,Georgia,DeKalb,5015.2,1753.5,125901.0,30.47,7.45,5.18,0.0,0.0,0.3,4.48,52.12,9,1.0
9868803658919968768,Atlanta,Georgia,DeKalb,2710.6,1207.8,140227.0,53.4,23.04,13.41,0.93,0.0,0.72,5.39,3.12,8,1.0
9868803693279707136,Atlanta,Georgia,Fulton,5095.2,2695.4,109389.0,60.07,25.42,5.82,0.21,0.0,0.69,1.87,5.92,10,1.0
9868803727639445504,Atlanta,Georgia,Fulton,1323.0,749.3,185214.0,63.49,21.55,6.65,0.32,0.0,0.0,2.59,5.41,6,1.0
9868803761999183872,Atlanta,Georgia,DeKalb,3118.8,1618.4,134332.0,69.11,13.64,5.18,0.0,0.0,0.0,2.98,9.09,7,1.0
9868810943184502784,Atlanta,Georgia,Fulton,1775.2,744.3,185106.0,78.6,10.78,4.17,0.0,0.0,0.41,2.67,3.38,5,1.0
9868810977544241152,Atlanta,Georgia,Fulton,1215.5,510.0,226948.0,79.55,2.39,5.44,0.23,0.0,1.78,1.4,9.2,4,1.0
9868811011903979520,Atlanta,Georgia,Fulton,5198.8,3261.9,111578.0,48.83,29.93,8.41,0.03,0.0,0.26,3.7,8.84,9,1.0
9868811046263717888,Atlanta,Georgia,Fulton,3755.4,2670.8,132333.0,51.98,19.37,17.5,0.07,0.0,0.11,5.44,5.53,10,1.0
9868811080623456256,Atlanta,Georgia,Fulton,2787.6,1682.1,96709.0,61.52,17.47,6.21,0.0,0.0,0.23,7.15,7.41,6,1.0
9868811114983194624,Atlanta,Georgia,Fulton,1549.3,697.1,141527.0,79.38,12.19,3.73,0.0,0.0,0.0,2.68,2.01,5,1.0
9868811149342932992,Atlanta,Georgia,Fulton,764.1,390.4,92536.0,88.52,5.88,0.62,0.0,0.0,0.0,1.17,3.8,5,1.0
9868811183702671360,Atlanta,Georgia,Fulton,752.6,342.1,129262.0,77.87,8.14,1.96,0.0,0.0,0.49,5.07,6.47,3,1.0
9868811218062409728,Atlanta,Georgia,Fulton,504.4,157.9,250001.0,95.72,0.23,0.16,0.0,0.0,0.0,0.73,3.15,3,1.0
9868811252422148096,Atlanta,Georgia,Fulton,470.9,156.4,250001.0,89.16,2.36,1.78,0.0,0.0,0.0,3.37,3.32,3,1.0
9868811321141624832,Atlanta,Georgia,Fulton,682.9,236.3,250001.0,92.96,1.38,0.16,0.0,0.0,0.0,3.75,1.75,4,1.0
9868811699098746880,Atlanta,Georgia,Fulton,504.4,166.1,250001.0,88.76,2.34,1.82,0.0,0.0,0.0,3.01,4.06,2,1.0
9868811733458485248,Atlanta,Georgia,Fulton,520.1,221.2,151001.0,69.88,7.48,9.37,0.0,0.0,0.0,3.14,10.14,4,1.0
9868823518848745472,Atlanta,Georgia,Fulton,655.4,254.6,239722.0,85.27,8.06,2.25,0.0,0.0,0.0,2.05,2.38,3,1.0
9868823587568222208,Atlanta,Georgia,Fulton,1465.8,779.1,137779.0,54.5,34.51,2.12,0.0,0.0,0.0,3.53,5.34,4,0.8886
9868823621927960576,Atlanta,Georgia,Fulton,1738.3,880.3,140739.0,53.95,28.45,5.98,0.0,0.0,0.0,1.08,10.54,6,1.0
9868823656287698944,Atlanta,Georgia,Fulton,1208.6,586.9,131733.0,46.66,27.9,6.88,0.0,0.0,0.0,4.93,13.64,5,1.0
9868823690647437312,Atlanta,Georgia,Fulton,962.3,425.0,164916.0,68.85,15.87,2.1,0.0,0.0,0.0,8.94,4.24,3,1.0
9868824034244820992,Atlanta,Georgia,Fulton,272.6,119.8,132403.0,50.97,25.58,0.43,0.0,0.0,0.48,13.38,9.16,3,1.0
9868825820951216128,Atlanta,Georgia,Fulton,2355.3,871.1,51455.0,8.37,76.23,11.12,0.01,0.0,0.0,1.09,3.17,8,1.0
9868825855310954496,Atlanta,Georgia,Fulton,2008.2,823.9,42018.0,2.08,79.95,0.62,0.0,0.0,3.73,13.53,0.07,6,1.0
9868825889670692864,Atlanta,Georgia,Fulton,869.4,493.7,68402.0,7.24,72.12,0.0,0.11,0.0,16.66,2.53,1.33,4,1.0
9868825924030431232,Atlanta,Georgia,Fulton,766.8,343.3,71831.0,8.37,85.09,0.0,0.13,0.0,0.0,3.72,2.7,3,1.0
9868826405066768384,Atlanta,Georgia,Fulton,1613.4,793.6,104865.0,27.35,62.39,0.74,0.0,0.0,0.0,2.67,6.85,7,1.0
