state,county,s2_cell,waymo_ro_miles,incremental_miles,vintage_end,exposure_phase,geometry_geojson
,AUSTIN,9675055279015723008,4.123421156073809,1.572,202506,deployment,"{""type"":""Polygon"",""coordinates"":[[[-97.74167025909962,30.207140781206956],[-97.74167025909962,30.195669447897057],[-97.73080697363837,30.196310984521308],[-97.73080697363837,30.20778246376059],[-97.74167025909962,30.207140781206956]]]}"
,AUSTIN,9675055313375461376,4902.118511540491,2028.245,202506,deployment,"{""type"":""Polygon"",""coordinates"":[[[-97.73080697363837,30.20778246376059],[-97.73080697363837,30.196310984521308],[-97.71994536457991,30.196951518630314],[-97.71994536457991,30.208423143565195],[-97.73080697363837,30.20778246376059]]]}"
,AUSTIN,9675055347735199744,1.0191441047200376,1.019,202506,deployment,"{""type"":""Polygon"",""coordinates"":[[[-97.73080697363837,30.196310984521308],[-97.73080697363837,30.184838517271555],[-97.71994536457991,30.1854789055697],[-97.71994536457991,30.196951518630314],[-97.73080697363837,30.196310984521308]]]}"
,AUSTIN,9675055382094938112,0.04276626270502243,0.043,202506,deployment,"{""type"":""Polygon"",""coordinates"":[[[-97.74167025909962,30.195669447897057],[-97.74167025909962,30.184197126692126],[-97.73080697363837,30.184838517271555],[-97.73080697363837,30.196310984521308],[-97.74167025909962,30.195669447897057]]]}"
,AUSTIN,9675055760052060160,66195.65686059083,27997.974,202506,deployment,"{""type"":""Polygon"",""coordinates"":[[[-97.71994536457991,30.208423143565195],[-97.71994536457991,30.196951518630314],[-97.70908543300678,30.197591050590635],[-97.70908543300678,30.20906282098744],[-97.71994536457991,30.208423143565195]]]}"
,AUSTIN,9675055828771536896,13997.191219504706,4762.796,202506,deployment,"{""type"":""Polygon"",""coordinates"":[[[-97.70908543300678,30.220533601980172],[-97.70908543300678,30.20906282098744],[-97.69822718000074,30.20970149639428],[-97.69822718000074,30.221172422500445],[-97.70908543300678,30.220533601980172]]]}"
,AUSTIN,9675055863131275264,67512.05219150553,35829.192,202506,deployment,"{""type"":""Polygon"",""coordinates"":[[[-97.71994536457991,30.2198937792111],[-97.71994536457991,30.208423143565195],[-97.70908543300678,30.20906282098744],[-97.70908543300678,30.220533601980172],[-97.71994536457991,30.2198937792111]]]}"
,AUSTIN,9675055897491013632,26659.73103581594,10238.385,202506,deployment,"{""type"":""Polygon"",""coordinates"":[[[-97.71994536457991,30.23136342440552],[-97.71994536457991,30.2198937792111],[-97.70908543300678,30.220533601980172],[-97.70908543300678,30.23200339240629],[-97.71994536457991,30.23136342440552]]]}"
,AUSTIN,9675055931850752000,38175.96990742444,13399.858,202506,deployment,"{""type"":""Polygon"",""coordinates"":[[[-97.70908543300678,30.23200339240629],[-97.70908543300678,30.220533601980172],[-97.69822718000074,30.221172422500445],[-97.69822718000074,30.232642357925062],[-97.70908543300678,30.23200339240629]]]}"
,AUSTIN,9675056000570228736,12590.975421652589,6692.018,202506,deployment,"{""type"":""Polygon"",""coordinates"":[[[-97.70908543300678,30.25493999691198],[-97.70908543300678,30.243472191103944],[-97.69822718000074,30.244111301506265],[-97.69822718000074,30.25557925208289],[-97.70908543300678,30.25493999691198]]]}"
,AUSTIN,9675056034929967104,18379.363357437476,9951.407,202506,deployment,"{""type"":""Polygon"",""coordinates"":[[[-97.71994536457991,30.254299738793186],[-97.71994536457991,30.242832077986595],[-97.70908543300678,30.243472191103944],[-97.70908543300678,30.25493999691198],[-97.71994536457991,30.254299738793186]]]}"
,AUSTIN,9675056069289705472,17429.588679917404,7831.775,202506,deployment,"{""type"":""Polygon"",""coordinates"":[[[-97.71994536457991,30.242832077986595],[-97.71994536457991,30.23136342440552],[-97.70908543300678,30.23200339240629],[-97.70908543300678,30.243472191103944],[-97.71994536457991,30.242832077986595]]]}"
,AUSTIN,9675056103649443840,78240.41215120541,38976.896,202506,deployment,"{""type"":""Polygon"",""coordinates"":[[[-97.73080697363837,30.24219096178692],[-97.73080697363837,30.230722453555565],[-97.71994536457991,30.23136342440552],[-97.71994536457991,30.242832077986595],[-97.73080697363837,30.24219096178692]]]}"
,AUSTIN,9675056138009182208,34727.04130744533,20782.119,202506,deployment,"{""type"":""Polygon"",""coordinates"":[[[-97.73080697363837,30.25365847735911],[-97.73080697363837,30.24219096178692],[-97.71994536457991,30.242832077986595],[-97.71994536457991,30.254299738793186],[-97.73080697363837,30.25365847735911]]]}"
,AUSTIN,9675056172368920576,157697.88632134307,97246.39,202506,deployment,"{""type"":""Polygon"",""coordinates"":[[[-97.74167025909962,30.253016212242656],[-97.74167025909962,30.241548842137945],[-97.73080697363837,30.24219096178692],[-97.73080697363837,30.25365847735911],[-97.74167025909962,30.253016212242656]]]}"
,AUSTIN,9675056206728658944,70968.89277700156,37465.956,202506,deployment,"{""type"":""Polygon"",""coordinates"":[[[-97.74167025909962,30.241548842137945],[-97.74167025909962,30.230080479489565],[-97.73080697363837,30.230722453555565],[-97.73080697363837,30.24219096178692],[-97.74167025909962,30.241548842137945]]]}"
,AUSTIN,9675056241088397312,28426.247913428862,13306.208,202506,deployment,"{""type"":""Polygon"",""coordinates"":[[[-97.74167025909962,30.230080479489565],[-97.74167025909962,30.218611125458633],[-97.73080697363837,30.219252953826178],[-97.73080697363837,30.230722453555565],[-97.74167025909962,30.230080479489565]]]}"
,AUSTIN,9675056275448135680,45610.84915229204,29697.308,202506,deployment,"{""type"":""Polygon"",""coordinates"":[[[-97.73080697363837,30.230722453555565],[-97.73080697363837,30.219252953826178],[-97.71994536457991,30.2198937792111],[-97.71994536457991,30.23136342440552],[-97.73080697363837,30.230722453555565]]]}"
,AUSTIN,9675056309807874048,17458.31861928945,7412.56,202506,deployment,"{""type"":""Polygon"",""coordinates"":[[[-97.73080697363837,30.219252953826178],[-97.73080697363837,30.20778246376059],[-97.71994536457991,30.208423143565195],[-97.71994536457991,30.2198937792111],[-97.73080697363837,30.219252953826178]]]}"
,AUSTIN,9675056344167612416,22620.258664588207,9027.743,202506,deployment,"{""type"":""Polygon"",""coordinates"":[[[-97.74167025909962,30.218611125458633],[-97.74167025909962,30.207140781206956],[-97.73080697363837,30.20778246376059],[-97.73080697363837,30.219252953826178],[-97.74167025909962,30.218611125458633]]]}"
,AUSTIN,9675056378527350784,5770.125493119827,2409.491,202506,deployment,"{""type"":""Polygon"",""coordinates"":[[[-97.75253521988041,30.217968293742018],[-97.75253521988041,30.20649809553799],[-97.74167025909962,30.207140781206956],[-97.74167025909962,30.218611125458633],[-97.75253521988041,30.217968293742018]]]}"
,AUSTIN,9675056412887089152,16024.878887620847,7591.931,202506,deployment,"{""type"":""Polygon"",""coordinates"":[[[-97.75253521988041,30.229437501840962],[-97.75253521988041,30.217968293742018],[-97.74167025909962,30.218611125458633],[-97.74167025909962,30.230080479489565],[-97.75253521988041,30.229437501840962]]]}"
,AUSTIN,9675056447246827520,18329.564390623003,8355.81,202506,deployment,"{""type"":""Polygon"",""coordinates"":[[[-97.76340185489671,30.228793520243535],[-97.76340185489671,30.217324458310227],[-97.75253521988041,30.217968293742018],[-97.75253521988041,30.229437501840962],[-97.76340185489671,30.228793520243535]]]}"
,AUSTIN,9675056481606565888,327.2231751214951,148.492,202506,deployment,"{""type"":""Polygon"",""coordinates"":[[[-97.76340185489671,30.217324458310227],[-97.76340185489671,30.205854406387655],[-97.75253521988041,30.20649809553799],[-97.75253521988041,30.217968293742018],[-97.76340185489671,30.217324458310227]]]}"
,AUSTIN,9675056584685780992,308.04097009719436,90.412,202506,deployment,"{""type"":""Polygon"",""coordinates"":[[[-97.78514014329618,30.227502543738765],[-97.78514014329618,30.216033774838124],[-97.7742701630638,30.21667961879742],[-97.7742701630638,30.228148534331336],[-97.78514014329618,30.227502543738765]]]}"
,AUSTIN,9675056619045519360,8098.9560480496575,2301.117,202506,deployment,"{""type"":""Polygon"",""coordinates"":[[[-97.7742701630638,30.228148534331336],[-97.7742701630638,30.21667961879742],[-97.76340185489671,30.217324458310227],[-97.76340185489671,30.228793520243535],[-97.7742701630638,30.228148534331336]]]}"
,AUSTIN,9675056653405257728,18129.764186496646,8425.746,202506,deployment,"{""type"":""Polygon"",""coordinates"":[[[-97.7742701630638,30.2396164588302],[-97.7742701630638,30.228148534331336],[-97.76340185489671,30.228793520243535],[-97.76340185489671,30.24026159102579],[-97.7742701630638,30.2396164588302]]]}"
,AUSTIN,9675056687764996096,14124.327751794815,4857.447,202506,deployment,"{""type"":""Polygon"",""coordinates"":[[[-97.78514014329618,30.238970321720554],[-97.78514014329618,30.227502543738765],[-97.7742701630638,30.228148534331336],[-97.7742701630638,30.2396164588302],[-97.78514014329618,30.238970321720554]]]}"
,AUSTIN,9675056722124734464,27784.76735196605,17104.082,202506,deployment,"{""type"":""Polygon"",""coordinates"":[[[-97.78514014329618,30.250437107622414],[-97.78514014329618,30.238970321720554],[-97.7742701630638,30.2396164588302],[-97.7742701630638,30.251083391132934],[-97.78514014329618,30.250437107622414]]]}"
,AUSTIN,9675056756484472832,44982.818669241686,28955.416,202506,deployment,"{""type"":""Polygon"",""coordinates"":[[[-97.7742701630638,30.251083391132934],[-97.7742701630638,30.2396164588302],[-97.76340185489671,30.24026159102579],[-97.76340185489671,30.251728669495872],[-97.7742701630638,30.251083391132934]]]}"
,AUSTIN,9675056790844211200,73094.81095583338,38089.532,202506,deployment,"{""type"":""Polygon"",""coordinates"":[[[-97.76340185489671,30.251728669495872],[-97.76340185489671,30.24026159102579],[-97.75253521988041,30.24090571867302],[-97.75253521988041,30.25237294307706],[-97.76340185489671,30.251728669495872]]]}"
,AUSTIN,9675056825203949568,42422.17135387107,19715.813,202506,deployment,"{""type"":""Polygon"",""coordinates"":[[[-97.76340185489671,30.24026159102579],[-97.76340185489671,30.228793520243535],[-97.75253521988041,30.229437501840962],[-97.75253521988041,30.24090571867302],[-97.76340185489671,30.24026159102579]]]}"
,AUSTIN,9675056859563687936,25657.6086504347,13435.402,202506,deployment,"{""type"":""Polygon"",""coordinates"":[[[-97.75253521988041,30.24090571867302],[-97.75253521988041,30.229437501840962],[-97.74167025909962,30.230080479489565],[-97.74167025909962,30.241548842137945],[-97.75253521988041,30.24090571867302]]]}"
,AUSTIN,9675056893923426304,73935.8609505692,45620.592,202506,deployment,"{""type"":""Polygon"",""coordinates"":[[[-97.75253521988041,30.25237294307706],[-97.75253521988041,30.24090571867302],[-97.74167025909962,30.241548842137945],[-97.74167025909962,30.253016212242656],[-97.75253521988041,30.25237294307706]]]}"
,AUSTIN,9675056928283164672,213977.74800968642,130840.369,202506,deployment,"{""type"":""Polygon"",""coordinates"":[[[-97.75253521988041,30.26383917389268],[-97.75253521988041,30.25237294307706],[-97.74167025909962,30.253016212242656],[-97.74167025909962,30.264482588643258],[-97.75253521988041,30.26383917389268]]]}"
,AUSTIN,9675056962642903040,205520.02839091167,120000.831,202506,deployment,"{""type"":""Polygon"",""coordinates"":[[[-97.75253521988041,30.275304409960153],[-97.75253521988041,30.26383917389268],[-97.74167025909962,30.264482588643258],[-97.74167025909962,30.27594797018001],[-97.75253521988041,30.275304409960153]]]}"
,AUSTIN,9675056997002641408,128287.32370621717,79855.491,202506,deployment,"{""type"":""Polygon"",""coordinates"":[[[-97.76340185489671,30.274659844858633],[-97.76340185489671,30.263194754493398],[-97.75253521988041,30.26383917389268],[-97.75253521988041,30.275304409960153],[-97.76340185489671,30.274659844858633]]]}"
,AUSTIN,9675057031362379776,123814.00220660129,82924.567,202506,deployment,"{""type"":""Polygon"",""coordinates"":[[[-97.76340185489671,30.263194754493398],[-97.76340185489671,30.251728669495872],[-97.75253521988041,30.25237294307706],[-97.75253521988041,30.26383917389268],[-97.76340185489671,30.263194754493398]]]}"
,AUSTIN,9675057065722118144,27100.727226724946,17495.449,202506,deployment,"{""type"":""Polygon"",""coordinates"":[[[-97.7742701630638,30.262549330079125],[-97.7742701630638,30.251083391132934],[-97.76340185489671,30.251728669495872],[-97.76340185489671,30.263194754493398],[-97.7742701630638,30.262549330079125]]]}"
,AUSTIN,9675057100081856512,6115.3911877043065,3904.103,202506,deployment,"{""type"":""Polygon"",""coordinates"":[[[-97.78514014329618,30.26190290028395],[-97.78514014329618,30.250437107622414],[-97.7742701630638,30.251083391132934],[-97.7742701630638,30.262549330079125],[-97.78514014329618,30.26190290028395]]]}"
,AUSTIN,9675057134441594880,4489.43178801632,1948.362,202506,deployment,"{""type"":""Polygon"",""coordinates"":[[[-97.78514014329618,30.273367698545478],[-97.78514014329618,30.26190290028395],[-97.7742701630638,30.262549330079125],[-97.7742701630638,30.274014274509096],[-97.78514014329618,30.273367698545478]]]}"
,AUSTIN,9675057168801333248,17211.26681258081,10288.697,202506,deployment,"{""type"":""Polygon"",""coordinates"":[[[-97.7742701630638,30.274014274509096],[-97.7742701630638,30.262549330079125],[-97.76340185489671,30.263194754493398],[-97.76340185489671,30.274659844858633],[-97.7742701630638,30.274014274509096]]]}"
,AUSTIN,9675057203161071616,18186.35828265523,10842.276,202506,deployment,"{""type"":""Polygon"",""coordinates"":[[[-97.7742701630638,30.2854782232638],[-97.7742701630638,30.274014274509096],[-97.76340185489671,30.274659844858633],[-97.76340185489671,30.28612393943256],[-97.7742701630638,30.2854782232638]]]}"
,AUSTIN,9675057237520809984,3119.8369177813415,1748.946,202506,deployment,"{""type"":""Polygon"",""coordinates"":[[[-97.78514014329618,30.28483150124798],[-97.78514014329618,30.273367698545478],[-97.7742701630638,30.274014274509096],[-97.7742701630638,30.2854782232638],[-97.78514014329618,30.28483150124798]]]}"
,AUSTIN,9675057271880548352,3405.376132454345,1640.783,202506,deployment,"{""type"":""Polygon"",""coordinates"":[[[-97.78514014329618,30.29629430723317],[-97.78514014329618,30.28483150124798],[-97.7742701630638,30.2854782232638],[-97.7742701630638,30.296941175184934],[-97.78514014329618,30.29629430723317]]]}"
,AUSTIN,9675057306240286720,13152.646028362102,8657.279,202506,deployment,"{""type"":""Polygon"",""coordinates"":[[[-97.7742701630638,30.296941175184934],[-97.7742701630638,30.2854782232638],[-97.76340185489671,30.28612393943256],[-97.76340185489671,30.29758703705685],[-97.7742701630638,30.296941175184934]]]}"
,AUSTIN,9675057340600025088,27681.409866518443,18344.625,202506,deployment,"{""type"":""Polygon"",""coordinates"":[[[-97.76340185489671,30.29758703705685],[-97.76340185489671,30.28612393943256],[-97.75253521988041,30.286768650120425],[-97.75253521988041,30.29823189321517],[-97.76340185489671,30.29758703705685]]]}"
,AUSTIN,9675057374959763456,33068.48983653744,20679.136,202506,deployment,"{""type"":""Polygon"",""coordinates"":[[[-97.76340185489671,30.28612393943256],[-97.76340185489671,30.274659844858633],[-97.75253521988041,30.275304409960153],[-97.75253521988041,30.286768650120425],[-97.76340185489671,30.28612393943256]]]}"
,AUSTIN,9675057409319501824,169072.23034975198,101291.644,202506,deployment,"{""type"":""Polygon"",""coordinates"":[[[-97.75253521988041,30.286768650120425],[-97.75253521988041,30.275304409960153],[-97.74167025909962,30.27594797018001],[-97.74167025909962,30.287412355693874],[-97.75253521988041,30.286768650120425]]]}"
,AUSTIN,9675057443679240192,94308.19882950708,61024.142,202506,deployment,"{""type"":""Polygon"",""coordinates"":[[[-97.75253521988041,30.29823189321517],[-97.75253521988041,30.286768650120425],[-97.74167025909962,30.287412355693874],[-97.74167025909962,30.298875744026493],[-97.75253521988041,30.29823189321517]]]}"
,AUSTIN,9675057478038978560,55706.563162423474,33530.309,202506,deployment,"{""type"":""Polygon"",""coordinates"":[[[-97.74167025909962,30.298875744026493],[-97.74167025909962,30.287412355693874],[-97.73080697363837,30.288055056519696],[-97.73080697363837,30.2995185898577],[-97.74167025909962,30.298875744026493]]]}"
,AUSTIN,9675057512398716928,31550.810764635633,16644.958,202506,deployment,"{""type"":""Polygon"",""coordinates"":[[[-97.73080697363837,30.2995185898577],[-97.73080697363837,30.288055056519696],[-97.71994536457991,30.28869675296498],[-97.71994536457991,30.300160431076023],[-97.73080697363837,30.2995185898577]]]}"
,AUSTIN,9675057546758455296,61510.67720545048,31421.084,202506,deployment,"{""type"":""Polygon"",""coordinates"":[[[-97.73080697363837,30.288055056519696],[-97.73080697363837,30.2765905258849],[-97.71994536457991,30.277232077441795],[-97.71994536457991,30.28869675296498],[-97.73080697363837,30.288055056519696]]]}"
,AUSTIN,9675057581118193664,35327.513139380215,22828.958,202506,deployment,"{""type"":""Polygon"",""coordinates"":[[[-97.74167025909962,30.287412355693874],[-97.74167025909962,30.27594797018001],[-97.73080697363837,30.2765905258849],[-97.73080697363837,30.288055056519696],[-97.74167025909962,30.287412355693874]]]}"
,AUSTIN,9675057615477932032,151210.7093775305,90110.827,202506,deployment,"{""type"":""Polygon"",""coordinates"":[[[-97.74167025909962,30.27594797018001],[-97.74167025909962,30.264482588643258],[-97.73080697363837,30.26512499911168],[-97.73080697363837,30.2765905258849],[-97.74167025909962,30.27594797018001]]]}"
,AUSTIN,9675057649837670400,122891.33783364437,69277.792,202506,deployment,"{""type"":""Polygon"",""coordinates"":[[[-97.74167025909962,30.264482588643258],[-97.74167025909962,30.253016212242656],[-97.73080697363837,30.25365847735911],[-97.73080697363837,30.26512499911168],[-97.74167025909962,30.264482588643258]]]}"
,AUSTIN,9675057684197408768,115341.4471342932,67826.643,202506,deployment,"{""type"":""Polygon"",""coordinates"":[[[-97.73080697363837,30.26512499911168],[-97.73080697363837,30.25365847735911],[-97.71994536457991,30.254299738793186],[-97.71994536457991,30.26576640566484],[-97.73080697363837,30.26512499911168]]]}"
,AUSTIN,9675057718557147136,103206.23292572136,59409.447,202506,deployment,"{""type"":""Polygon"",""coordinates"":[[[-97.73080697363837,30.2765905258849],[-97.73080697363837,30.26512499911168],[-97.71994536457991,30.26576640566484],[-97.71994536457991,30.277232077441795],[-97.73080697363837,30.2765905258849]]]}"
,AUSTIN,9675057752916885504,61723.17538248799,37322.89,202506,deployment,"{""type"":""Polygon"",""coordinates"":[[[-97.71994536457991,30.277232077441795],[-97.71994536457991,30.26576640566484],[-97.70908543300678,30.266406808669927],[-97.70908543300678,30.27787262521801],[-97.71994536457991,30.277232077441795]]]}"
,AUSTIN,9675057787276623872,36104.67493504544,22222.788,202506,deployment,"{""type"":""Polygon"",""coordinates"":[[[-97.71994536457991,30.26576640566484],[-97.71994536457991,30.254299738793186],[-97.70908543300678,30.25493999691198],[-97.70908543300678,30.266406808669927],[-97.71994536457991,30.26576640566484]]]}"
,AUSTIN,9675057821636362240,40455.60121280165,21266.558,202506,deployment,"{""type"":""Polygon"",""coordinates"":[[[-97.70908543300678,30.266406808669927],[-97.70908543300678,30.25493999691198],[-97.69822718000074,30.25557925208289],[-97.69822718000074,30.26704620849445],[-97.70908543300678,30.266406808669927]]]}"
,AUSTIN,9675057855996100608,12931.521967844039,5850.967,202506,deployment,"{""type"":""Polygon"",""coordinates"":[[[-97.70908543300678,30.27787262521801],[-97.70908543300678,30.266406808669927],[-97.69822718000074,30.26704620849445],[-97.69822718000074,30.27851216958116],[-97.70908543300678,30.27787262521801]]]}"
,AUSTIN,9675057890355838976,5452.218056911489,2195.241,202506,deployment,"{""type"":""Polygon"",""coordinates"":[[[-97.70908543300678,30.289337445397152],[-97.70908543300678,30.27787262521801],[-97.69822718000074,30.27851216958116],[-97.69822718000074,30.289977134183943],[-97.70908543300678,30.289337445397152]]]}"
,AUSTIN,9675057924715577344,27858.290099824546,17000.872,202506,deployment,"{""type"":""Polygon"",""coordinates"":[[[-97.71994536457991,30.28869675296498],[-97.71994536457991,30.277232077441795],[-97.70908543300678,30.27787262521801],[-97.70908543300678,30.289337445397152],[-97.71994536457991,30.28869675296498]]]}"
,AUSTIN,9675057959075315712,8266.618260283743,3513.735,202506,deployment,"{""type"":""Polygon"",""coordinates"":[[[-97.71994536457991,30.300160431076023],[-97.71994536457991,30.28869675296498],[-97.70908543300678,30.289337445397152],[-97.70908543300678,30.300801268048964],[-97.71994536457991,30.300160431076023]]]}"
,AUSTIN,9675057993435054080,2127.3117181977423,396.923,202506,deployment,"{""type"":""Polygon"",""coordinates"":[[[-97.70908543300678,30.300801268048964],[-97.70908543300678,30.289337445397152],[-97.69822718000074,30.289977134183943],[-97.69822718000074,30.301441101144384],[-97.70908543300678,30.300801268048964]]]}"
,AUSTIN,9675058508831129600,1304.684194677556,494.729,202506,deployment,"{""type"":""Polygon"",""coordinates"":[[[-97.69822718000074,30.27851216958116],[-97.69822718000074,30.26704620849445],[-97.68737060664283,30.26768460550623],[-97.68737060664283,30.279150710899188],[-97.69822718000074,30.27851216958116]]]}"
,AUSTIN,9675058543190867968,709.6537731293373,374.787,202506,deployment,"{""type"":""Polygon"",""coordinates"":[[[-97.69822718000074,30.26704620849445],[-97.69822718000074,30.25557925208289],[-97.68737060664283,30.25621750467362],[-97.68737060664283,30.26768460550623],[-97.69822718000074,30.26704620849445]]]}"
,AUSTIN,9675058577550606336,432.6578827439705,255.457,202506,deployment,"{""type"":""Polygon"",""coordinates"":[[[-97.69822718000074,30.25557925208289],[-97.69822718000074,30.244111301506265],[-97.68737060664283,30.24474940956116],[-97.68737060664283,30.25621750467362],[-97.69822718000074,30.25557925208289]]]}"
,AUSTIN,9675058646270083072,197.77265926283462,15.721,202506,deployment,"{""type"":""Polygon"",""coordinates"":[[[-97.68737060664283,30.24474940956116],[-97.68737060664283,30.233280321329328],[-97.67651571401332,30.233917282986884],[-97.67651571401332,30.245386515636532],[-97.68737060664283,30.24474940956116]]]}"
,AUSTIN,9675058680629821440,6350.210216109507,1274.351,202506,deployment,"{""type"":""Polygon"",""coordinates"":[[[-97.69822718000074,30.244111301506265],[-97.69822718000074,30.232642357925062],[-97.68737060664283,30.233280321329328],[-97.68737060664283,30.24474940956116],[-97.69822718000074,30.244111301506265]]]}"
,AUSTIN,9675058714989559808,5864.103838047343,1544.846,202506,deployment,"{""type"":""Polygon"",""coordinates"":[[[-97.69822718000074,30.232642357925062],[-97.69822718000074,30.221172422500445],[-97.68737060664283,30.22181024113931],[-97.68737060664283,30.233280321329328],[-97.69822718000074,30.232642357925062]]]}"
,AUSTIN,9675058818068774912,139.6984587360703,28.448,202506,deployment,"{""type"":""Polygon"",""coordinates"":[[[-97.68737060664283,30.233280321329328],[-97.68737060664283,30.22181024113931],[-97.67651571401332,30.22244705826445],[-97.67651571401332,30.233917282986884],[-97.68737060664283,30.233280321329328]]]}"
,AUSTIN,9675080018027347968,75.68031058221011,15.011,202506,deployment,"{""type"":""Polygon"",""coordinates"":[[[-97.70908543300678,30.312264092015766],[-97.70908543300678,30.300801268048964],[-97.69822718000074,30.301441101144384],[-97.69822718000074,30.3129040693048],[-97.70908543300678,30.312264092015766]]]}"
,AUSTIN,9675080052387086336,4148.111027510925,1237.11,202506,deployment,"{""type"":""Polygon"",""coordinates"":[[[-97.71994536457991,30.31162311061724],[-97.71994536457991,30.300160431076023],[-97.70908543300678,30.300801268048964],[-97.70908543300678,30.312264092015766],[-97.71994536457991,30.31162311061724]]]}"
,AUSTIN,9675080086746824704,186.31026570828874,61.307,202506,deployment,"{""type"":""Polygon"",""coordinates"":[[[-97.71994536457991,30.323084790431643],[-97.71994536457991,30.31162311061724],[-97.70908543300678,30.312264092015766],[-97.70908543300678,30.32372591614055],[-97.71994536457991,30.323084790431643]]]}"
,AUSTIN,9675080430344208384,12762.71277564914,5401.581,202506,deployment,"{""type"":""Polygon"",""coordinates"":[[[-97.74167025909962,30.32179952451804],[-97.74167025909962,30.310338134020203],[-97.73080697363837,30.31098112474126],[-97.73080697363837,30.322442660013387],[-97.74167025909962,30.32179952451804]]]}"
,AUSTIN,9675080464703946752,1950.2363798710267,700.494,202506,deployment,"{""type"":""Polygon"",""coordinates"":[[[-97.73080697363837,30.322442660013387],[-97.73080697363837,30.31098112474126],[-97.71994536457991,30.31162311061724],[-97.71994536457991,30.323084790431643],[-97.73080697363837,30.322442660013387]]]}"
,AUSTIN,9675080499063685120,12601.113152430356,6541.669,202506,deployment,"{""type"":""Polygon"",""coordinates"":[[[-97.73080697363837,30.31098112474126],[-97.73080697363837,30.2995185898577],[-97.71994536457991,30.300160431076023],[-97.71994536457991,30.31162311061724],[-97.73080697363837,30.31098112474126]]]}"
,AUSTIN,9675080533423423488,41919.84796031578,20121.337,202506,deployment,"{""type"":""Polygon"",""coordinates"":[[[-97.74167025909962,30.310338134020203],[-97.74167025909962,30.298875744026493],[-97.73080697363837,30.2995185898577],[-97.73080697363837,30.31098112474126],[-97.74167025909962,30.310338134020203]]]}"
,AUSTIN,9675080567783161856,42864.63207163377,22565.013,202506,deployment,"{""type"":""Polygon"",""coordinates"":[[[-97.75253521988041,30.309694138086737],[-97.75253521988041,30.29823189321517],[-97.74167025909962,30.298875744026493],[-97.74167025909962,30.310338134020203],[-97.75253521988041,30.309694138086737]]]}"
,AUSTIN,9675080602142900224,4385.227011201618,2442.209,202506,deployment,"{""type"":""Polygon"",""coordinates"":[[[-97.75253521988041,30.321155383578166],[-97.75253521988041,30.309694138086737],[-97.74167025909962,30.310338134020203],[-97.74167025909962,30.32179952451804],[-97.75253521988041,30.321155383578166]]]}"
,AUSTIN,9675080636502638592,3191.8259978370206,1832.957,202506,deployment,"{""type"":""Polygon"",""coordinates"":[[[-97.76340185489671,30.320510236826657],[-97.76340185489671,30.30904913657386],[-97.75253521988041,30.309694138086737],[-97.75253521988041,30.321155383578166],[-97.76340185489671,30.320510236826657]]]}"
,AUSTIN,9675080670862376960,6419.251821889099,4132.474,202506,deployment,"{""type"":""Polygon"",""coordinates"":[[[-97.76340185489671,30.30904913657386],[-97.76340185489671,30.29758703705685],[-97.75253521988041,30.29823189321517],[-97.75253521988041,30.309694138086737],[-97.76340185489671,30.30904913657386]]]}"
,AUSTIN,9675080705222115328,6067.688496384833,3490.359,202506,deployment,"{""type"":""Polygon"",""coordinates"":[[[-97.7742701630638,30.30840312911488],[-97.7742701630638,30.296941175184934],[-97.76340185489671,30.29758703705685],[-97.76340185489671,30.30904913657386],[-97.7742701630638,30.30840312911488]]]}"
,AUSTIN,9675080739581853696,2671.5600277964254,653.724,202506,deployment,"{""type"":""Polygon"",""coordinates"":[[[-97.78514014329618,30.307756115343413],[-97.78514014329618,30.29629430723317],[-97.7742701630638,30.296941175184934],[-97.7742701630638,30.30840312911488],[-97.78514014329618,30.307756115343413]]]}"
,AUSTIN,9675080808301330432,309.03010768695435,136.825,202506,deployment,"{""type"":""Polygon"",""coordinates"":[[[-97.7742701630638,30.31986408389669],[-97.7742701630638,30.30840312911488],[-97.76340185489671,30.30904913657386],[-97.76340185489671,30.320510236826657],[-97.7742701630638,30.31986408389669]]]}"
,AUSTIN,9675081048819499008,17.929415319479336,6.529,202506,deployment,"{""type"":""Polygon"",""coordinates"":[[[-97.75253521988041,30.3326156285332],[-97.75253521988041,30.321155383578166],[-97.74167025909962,30.32179952451804],[-97.74167025909962,30.333259914363737],[-97.75253521988041,30.3326156285332]]]}"
,AUSTIN,9681414063996796928,1472.7452468115177,670.63,202506,deployment,"{""type"":""Polygon"",""coordinates"":[[[-97.79601179450758,30.272720116602052],[-97.79601179450758,30.26125546474223],[-97.78514014329618,30.26190290028395],[-97.78514014329618,30.273367698545478],[-97.79601179450758,30.272720116602052]]]}"
,AUSTIN,9681414098356535296,2529.6631876298393,1197.279,202506,deployment,"{""type"":""Polygon"",""coordinates"":[[[-97.79601179450758,30.26125546474223],[-97.79601179450758,30.249789818598806],[-97.78514014329618,30.250437107622414],[-97.78514014329618,30.26190290028395],[-97.79601179450758,30.26125546474223]]]}"
,AUSTIN,9681414476313657344,5222.3030545055335,2480.169,202506,deployment,"{""type"":""Polygon"",""coordinates"":[[[-97.79601179450758,30.249789818598806],[-97.79601179450758,30.238323179331445],[-97.78514014329618,30.238970321720554],[-97.78514014329618,30.250437107622414],[-97.79601179450758,30.249789818598806]]]}"
,AUSTIN,9681414510673395712,10310.001704480252,2872.752,202506,deployment,"{""type"":""Polygon"",""coordinates"":[[[-97.79601179450758,30.238323179331445],[-97.79601179450758,30.226855548100527],[-97.78514014329618,30.227502543738765],[-97.78514014329618,30.238970321720554],[-97.79601179450758,30.238323179331445]]]}"
,AUSTIN,9681414545033134080,34.588518707804205,6.086,202506,deployment,"{""type"":""Polygon"",""coordinates"":[[[-97.80688511561101,30.237675031297773],[-97.80688511561101,30.226207547051636],[-97.79601179450758,30.226855548100527],[-97.79601179450758,30.238323179331445],[-97.80688511561101,30.237675031297773]]]}"
,LOS_ANGELES,9278157729149485056,2.1040017546760916,2.104,202506,deployment,"{""type"":""Polygon"",""coordinates"":[[[-118.4980744223827,34.065622501621725],[-118.4980744223827,34.055392539190215],[-118.4863962961138,34.05833343982856],[-118.4863962961138,34.068563823956744],[-118.4980744223827,34.065622501621725]]]}"
,LOS_ANGELES,9278157763509223424,9617.164421233205,4211.32,202506,deployment,"{""type"":""Polygon"",""coordinates"":[[[-118.4980744223827,34.055392539190215],[-118.4980744223827,34.04516148074722],[-118.4863962961138,34.04810195926861],[-118.4863962961138,34.05833343982856],[-118.4980744223827,34.055392539190215]]]}"
,LOS_ANGELES,9278157797868961792,6.4063545931481976,6.372,202506,deployment,"{""type"":""Polygon"",""coordinates"":[[[-118.50975172272118,34.05245053820491],[-118.50975172272118,34.04221990214465],[-118.4980744223827,34.04516148074722],[-118.4980744223827,34.055392539190215],[-118.50975172272118,34.05245053820491]]]}"
,LOS_ANGELES,9278157832228700160,13.612141748793603,13.612,202506,deployment,"{""type"":""Polygon"",""coordinates"":[[[-118.52142819584975,34.04950743735933],[-118.52142819584975,34.039277223947664],[-118.50975172272118,34.04221990214465],[-118.50975172272118,34.05245053820491],[-118.52142819584975,34.04950743735933]]]}"
,LOS_ANGELES,9278159137898758144,10371.958202839638,3458.786,202506,deployment,"{""type"":""Polygon"",""coordinates"":[[[-118.52142819584975,34.02904591611854],[-118.52142819584975,34.01881351462568],[-118.50975172272118,34.02175534626379],[-118.50975172272118,34.03198817124638],[-118.52142819584975,34.02904591611854]]]}"
,LOS_ANGELES,9278159172258496512,133.61492731856913,133.553,202506,deployment,"{""type"":""Polygon"",""coordinates"":[[[-118.52142819584975,34.039277223947664],[-118.52142819584975,34.02904591611854],[-118.50975172272118,34.03198817124638],[-118.50975172272118,34.04221990214465],[-118.52142819584975,34.039277223947664]]]}"
,LOS_ANGELES,9278159206618234880,17931.1835078007,7812.661,202506,deployment,"{""type"":""Polygon"",""coordinates"":[[[-118.50975172272118,34.04221990214465],[-118.50975172272118,34.03198817124638],[-118.4980744223827,34.034929327045774],[-118.4980744223827,34.04516148074722],[-118.50975172272118,34.04221990214465]]]}"
,LOS_ANGELES,9278159240977973248,12382.74635983696,6430.718,202506,deployment,"{""type"":""Polygon"",""coordinates"":[[[-118.4980744223827,34.04516148074722],[-118.4980744223827,34.034929327045774],[-118.4863962961138,34.0378693830299],[-118.4863962961138,34.04810195926861],[-118.4980744223827,34.04516148074722]]]}"
,LOS_ANGELES,9278159275337711616,76510.00526028575,28134.433,202506,deployment,"{""type"":""Polygon"",""coordinates"":[[[-118.4980744223827,34.034929327045774],[-118.4980744223827,34.02469607883954],[-118.4863962961138,34.027635711866054],[-118.4863962961138,34.0378693830299],[-118.4980744223827,34.034929327045774]]]}"
,LOS_ANGELES,9278159309697449984,57205.44487323003,19891.215,202506,deployment,"{""type"":""Polygon"",""coordinates"":[[[-118.50975172272118,34.03198817124638],[-118.50975172272118,34.02175534626379],[-118.4980744223827,34.02469607883954],[-118.4980744223827,34.034929327045774],[-118.50975172272118,34.03198817124638]]]}"
,LOS_ANGELES,9278159344057188352,48295.739141391896,19578.343,202506,deployment,"{""type"":""Polygon"",""coordinates"":[[[-118.50975172272118,34.02175534626379],[-118.50975172272118,34.01152142795113],[-118.4980744223827,34.01446173688272],[-118.4980744223827,34.02469607883954],[-118.50975172272118,34.02175534626379]]]}"
,LOS_ANGELES,9278159378416926720,177290.75161909702,75250.864,202506,deployment,"{""type"":""Polygon"",""coordinates"":[[[-118.4980744223827,34.02469607883954],[-118.4980744223827,34.01446173688272],[-118.4863962961138,34.017400946531254],[-118.4863962961138,34.027635711866054],[-118.4980744223827,34.02469607883954]]]}"
,LOS_ANGELES,9278159412776665088,107747.62193587342,46559.829,202506,deployment,"{""type"":""Polygon"",""coordinates"":[[[-118.4980744223827,34.01446173688272],[-118.4980744223827,34.004226301930125],[-118.4863962961138,34.00716508778025],[-118.4863962961138,34.017400946531254],[-118.4980744223827,34.01446173688272]]]}"
,LOS_ANGELES,9278159790733787136,15235.87411781196,6522.585,202506,deployment,"{""type"":""Polygon"",""coordinates"":[[[-118.4980744223827,34.004226301930125],[-118.4980744223827,33.9939897747371],[-118.4863962961138,33.99692813636837],[-118.4863962961138,34.00716508778025],[-118.4980744223827,34.004226301930125]]]}"
,LOS_ANGELES,9278172091520122880,321.6148019898499,321.615,202506,deployment,"{""type"":""Polygon"",""coordinates"":[[[-118.45135697452811,33.95452912919473],[-118.4513569745281,33.944284359087185],[-118.4396755573443,33.94721577311227],[-118.4396755573443,33.95746096889399],[-118.45135697452811,33.95452912919473]]]}"
,LOS_ANGELES,9278172125879861248,962.8476322722338,962.848,202506,deployment,"{""type"":""Polygon"",""coordinates"":[[[-118.45135697452811,33.964772809924185],[-118.45135697452811,33.95452912919473],[-118.4396755573443,33.95746096889399],[-118.4396755573443,33.967705074877465],[-118.45135697452811,33.964772809924185]]]}"
,LOS_ANGELES,9278172194599337984,10551.659108365402,5243.989,202506,deployment,"{""type"":""Polygon"",""coordinates"":[[[-118.46303757090548,33.97208161083505],[-118.46303757090548,33.96183944534293],[-118.45135697452811,33.964772809924185],[-118.45135697452811,33.97501540051689],[-118.46303757090548,33.97208161083505]]]}"
,LOS_ANGELES,9278172228959076352,3090.7115264403064,1475.419,202506,deployment,"{""type"":""Polygon"",""coordinates"":[[[-118.45135697452811,33.97501540051689],[-118.45135697452811,33.964772809924185],[-118.4396755573443,33.967705074877465],[-118.4396755573443,33.97794809030404],[-118.45135697452811,33.97501540051689]]]}"
,LOS_ANGELES,9278172263318814720,55595.087218432476,31817.749,202506,deployment,"{""type"":""Polygon"",""coordinates"":[[[-118.4396755573443,33.97794809030404],[-118.4396755573443,33.967705074877465],[-118.42799332063665,33.9706362397177],[-118.42799332063665,33.98087967971151],[-118.4396755573443,33.97794809030404]]]}"
,LOS_ANGELES,9278172297678553088,7698.819913668473,4619.887,202506,deployment,"{""type"":""Polygon"",""coordinates"":[[[-118.4396755573443,33.967705074877465],[-118.4396755573443,33.95746096889399],[-118.42799332063665,33.960391708747],[-118.42799332063665,33.9706362397177],[-118.4396755573443,33.967705074877465]]]}"
,LOS_ANGELES,9278172332038291456,36977.23718771095,21685.028,202506,deployment,"{""type"":""Polygon"",""coordinates"":[[[-118.42799332063665,33.9706362397177],[-118.42799332063665,33.960391708747],[-118.41631026568835,33.963321348269105],[-118.41631026568835,33.9735663039603],[-118.42799332063665,33.9706362397177]]]}"
,LOS_ANGELES,9278172366398029824,31784.58378649614,15836.006,202506,deployment,"{""type"":""Polygon"",""coordinates"":[[[-118.42799332063665,33.98087967971151],[-118.42799332063665,33.9706362397177],[-118.41631026568835,33.9735663039603],[-118.41631026568835,33.9838101682547],[-118.42799332063665,33.98087967971151]]]}"
,LOS_ANGELES,9278172400757768192,71879.42926857692,35661.062,202506,deployment,"{""type"":""Polygon"",""coordinates"":[[[-118.41631026568835,33.9838101682547],[-118.41631026568835,33.9735663039603],[-118.40462639378326,33.97649526712107],[-118.40462639378326,33.9867395554495],[-118.41631026568835,33.9838101682547]]]}"
,LOS_ANGELES,9278172435117506560,138879.05155839314,68756.325,202506,deployment,"{""type"":""Polygon"",""coordinates"":[[[-118.40462639378326,33.9867395554495],[-118.40462639378326,33.97649526712107],[-118.39294170620582,33.97942312871625],[-118.39294170620582,33.9896678408122],[-118.40462639378326,33.9867395554495]]]}"
,LOS_ANGELES,9278172469477244928,38213.65148618963,21001.358,202506,deployment,"{""type"":""Polygon"",""coordinates"":[[[-118.40462639378326,33.97649526712107],[-118.40462639378326,33.96624988697607],[-118.39294170620582,33.9691773243841],[-118.39294170620582,33.97942312871625],[-118.40462639378326,33.97649526712107]]]}"
,LOS_ANGELES,9278172538196721664,32633.21965174898,18245.034,202506,deployment,"{""type"":""Polygon"",""coordinates"":[[[-118.41631026568835,33.963321348269105],[-118.41631026568835,33.9530753019397],[-118.40462639378326,33.95600341577306],[-118.40462639378326,33.96624988697607],[-118.41631026568835,33.963321348269105]]]}"
,LOS_ANGELES,9278172572556460032,58244.80770514234,31553.189,202506,deployment,"{""type"":""Polygon"",""coordinates"":[[[-118.40462639378326,33.96624988697607],[-118.40462639378326,33.95600341577306],[-118.39294170620582,33.95893042857426],[-118.39294170620582,33.9691773243841],[-118.40462639378326,33.96624988697607]]]}"
,LOS_ANGELES,9278172606916198400,4526.988011608351,3412.521,202506,deployment,"{""type"":""Polygon"",""coordinates"":[[[-118.40462639378326,33.95600341577306],[-118.40462639378326,33.94575585427115],[-118.39294170620582,33.948682442045815],[-118.39294170620582,33.95893042857426],[-118.40462639378326,33.95600341577306]]]}"
,LOS_ANGELES,9278172709995413504,15684.149339890988,9049.428,202506,deployment,"{""type"":""Polygon"",""coordinates"":[[[-118.42799332063665,33.960391708747],[-118.42799332063665,33.950146087558],[-118.41631026568835,33.9530753019397],[-118.41631026568835,33.963321348269105],[-118.42799332063665,33.960391708747]]]}"
,LOS_ANGELES,9278172744355151872,391.5197452021394,391.52,202506,deployment,"{""type"":""Polygon"",""coordinates"":[[[-118.4396755573443,33.95746096889399],[-118.4396755573443,33.94721577311227],[-118.42799332063665,33.950146087558],[-118.42799332063665,33.960391708747],[-118.4396755573443,33.95746096889399]]]}"
,LOS_ANGELES,9278178379352244224,0.059242363687661136,0.059,202506,deployment,"{""type"":""Polygon"",""coordinates"":[[[-118.32281652363083,33.94571448674347],[-118.32281652363083,33.93546068051404],[-118.31112616236453,33.93837827742664],[-118.31112616236453,33.94863250807241],[-118.32281652363083,33.94571448674347]]]}"
,LOS_ANGELES,9278178551150936064,0.2622855604415333,0.262,202506,deployment,"{""type"":""Polygon"",""coordinates"":[[[-118.32281652363086,33.95596720201868],[-118.32281652363083,33.94571448674347],[-118.31112616236453,33.94863250807241],[-118.31112616236453,33.958885647345],[-118.32281652363086,33.95596720201868]]]}"
,LOS_ANGELES,9278178585510674432,6965.383730713861,5282.21,202506,deployment,"{""type"":""Polygon"",""coordinates"":[[[-118.33450607823356,33.95304765281854],[-118.33450607823356,33.94279536180754],[-118.32281652363083,33.94571448674347],[-118.32281652363086,33.95596720201868],[-118.33450607823356,33.95304765281854]]]}"
,LOS_ANGELES,9278178619870412800,5116.173688152098,3717.31,202506,deployment,"{""type"":""Polygon"",""coordinates"":[[[-118.33450607823356,33.96329885253376],[-118.33450607823356,33.95304765281854],[-118.32281652363086,33.95596720201868],[-118.32281652363086,33.966218825579055],[-118.33450607823356,33.96329885253376]]]}"
,LOS_ANGELES,9278178654230151168,8032.5742565106575,5670.059,202506,deployment,"{""type"":""Polygon"",""coordinates"":[[[-118.34619482488387,33.96037777582885],[-118.34619482488387,33.950127000225535],[-118.33450607823356,33.95304765281854],[-118.33450607823356,33.96329885253376],[-118.34619482488387,33.96037777582885]]]}"
,LOS_ANGELES,9278178688589889536,11002.099623835215,7906.51,202506,deployment,"{""type"":""Polygon"",""coordinates"":[[[-118.34619482488387,33.950127000225535],[-118.34619482488387,33.939875133745595],[-118.33450607823356,33.94279536180754],[-118.33450607823356,33.95304765281854],[-118.34619482488387,33.950127000225535]]]}"
,LOS_ANGELES,9278178722949627904,1.068117577800317,0.789,202506,deployment,"{""type"":""Polygon"",""coordinates"":[[[-118.34619482488387,33.939875133745595],[-118.34619482488387,33.9296221771497],[-118.33450607823356,33.93254198026139],[-118.33450607823356,33.94279536180754],[-118.34619482488387,33.939875133745595]]]}"
,LOS_ANGELES,9278178757309366272,3.834899319306771,1.168,202506,deployment,"{""type"":""Polygon"",""coordinates"":[[[-118.33450607823356,33.94279536180754],[-118.33450607823356,33.93254198026139],[-118.32281652363083,33.93546068051404],[-118.32281652363083,33.94571448674347],[-118.33450607823356,33.94279536180754]]]}"
,LOS_ANGELES,9278179238345703424,3174.5745680957752,1182.913,202506,deployment,"{""type"":""Polygon"",""coordinates"":[[[-118.38125620424114,33.95160792857174],[-118.38125620424114,33.941358426905005],[-118.36956988917491,33.94428238678677],[-118.36956988917491,33.95453231336588],[-118.38125620424114,33.95160792857174]]]}"
,LOS_ANGELES,9278179272705441792,124750.8361956314,58341.498,202506,deployment,"{""type"":""Polygon"",""coordinates"":[[[-118.36956988917491,33.95453231336588],[-118.36956988917491,33.94428238678677],[-118.3578827622935,33.94720524472101],[-118.3578827622935,33.957455595945646],[-118.36956988917491,33.95453231336588]]]}"
,LOS_ANGELES,9278179307065180160,29810.93784819345,10888.612,202506,deployment,"{""type"":""Polygon"",""coordinates"":[[[-118.36956988917491,33.94428238678677],[-118.36956988917491,33.93403137016971],[-118.3578827622935,33.93695380303904],[-118.3578827622935,33.94720524472101],[-118.36956988917491,33.94428238678677]]]}"
,LOS_ANGELES,9278179341424918528,50881.00199999655,30317.542,202506,deployment,"{""type"":""Polygon"",""coordinates"":[[[-118.3578827622935,33.94720524472101],[-118.3578827622935,33.93695380303904],[-118.34619482488387,33.939875133745595],[-118.34619482488387,33.950127000225535],[-118.3578827622935,33.94720524472101]]]}"
,LOS_ANGELES,9278179375784656896,20470.27340651953,13420.947,202506,deployment,"{""type"":""Polygon"",""coordinates"":[[[-118.3578827622935,33.957455595945646],[-118.3578827622935,33.94720524472101],[-118.34619482488387,33.950127000225535],[-118.34619482488387,33.96037777582885],[-118.3578827622935,33.957455595945646]]]}"
,LOS_ANGELES,9278179410144395264,14110.147972504048,10585.896,202506,deployment,"{""type"":""Polygon"",""coordinates"":[[[-118.3578827622935,33.96770485595282],[-118.3578827622935,33.957455595945646],[-118.34619482488387,33.96037777582885],[-118.34619482488387,33.97062745979546],[-118.3578827622935,33.96770485595282]]]}"
,LOS_ANGELES,9278179444504133632,5459.591456397767,5459.591,202506,deployment,"{""type"":""Polygon"",""coordinates"":[[[-118.3578827622935,33.977953023982984],[-118.3578827622935,33.96770485595282],[-118.34619482488387,33.97062745979546],[-118.34619482488387,33.98087605136584],[-118.3578827622935,33.977953023982984]]]}"
,LOS_ANGELES,9278179478863872000,1706.8983102625125,1705.521,202506,deployment,"{""type"":""Polygon"",""coordinates"":[[[-118.36956988917491,33.975028893370286],[-118.36956988917491,33.96478114914692],[-118.3578827622935,33.96770485595282],[-118.3578827622935,33.977953023982984],[-118.36956988917491,33.975028893370286]]]}"
,LOS_ANGELES,9278179513223610368,110013.50043703528,49448.107,202506,deployment,"{""type"":""Polygon"",""coordinates"":[[[-118.36956988917491,33.96478114914692],[-118.36956988917491,33.95453231336588],[-118.3578827622935,33.957455595945646],[-118.3578827622935,33.96770485595282],[-118.36956988917491,33.96478114914692]]]}"
,LOS_ANGELES,9278179547583348736,95026.55151385456,47383.783,202506,deployment,"{""type"":""Polygon"",""coordinates"":[[[-118.38125620424114,33.96185633985988],[-118.38125620424114,33.95160792857174],[-118.36956988917491,33.95453231336588],[-118.36956988917491,33.96478114914692],[-118.38125620424114,33.96185633985988]]]}"
,LOS_ANGELES,9278179581943087104,41234.68651178883,22151.752,202506,deployment,"{""type"":""Polygon"",""coordinates"":[[[-118.39294170620582,33.95893042857426],[-118.39294170620582,33.948682442045815],[-118.38125620424114,33.95160792857174],[-118.38125620424114,33.96185633985988],[-118.39294170620582,33.95893042857426]]]}"
,LOS_ANGELES,9278179616302825472,24545.2253805378,13699.675,202506,deployment,"{""type"":""Polygon"",""coordinates"":[[[-118.39294170620582,33.9691773243841],[-118.39294170620582,33.95893042857426],[-118.38125620424114,33.96185633985988],[-118.38125620424114,33.97210366000982],[-118.39294170620582,33.9691773243841]]]}"
,LOS_ANGELES,9278179650662563840,90281.41510049485,42661.469,202506,deployment,"{""type"":""Polygon"",""coordinates"":[[[-118.38125620424114,33.97210366000982],[-118.38125620424114,33.96185633985988],[-118.36956988917491,33.96478114914692],[-118.36956988917491,33.975028893370286],[-118.38125620424114,33.97210366000982]]]}"
,LOS_ANGELES,9278179685022302208,96326.39217716228,45509.795,202506,deployment,"{""type"":""Polygon"",""coordinates"":[[[-118.38125620424114,33.98234988826252],[-118.38125620424114,33.97210366000982],[-118.36956988917491,33.975028893370286],[-118.36956988917491,33.985275545276984],[-118.38125620424114,33.98234988826252]]]}"
,LOS_ANGELES,9278179719382040576,84812.14875900124,41613.432,202506,deployment,"{""type"":""Polygon"",""coordinates"":[[[-118.39294170620582,33.97942312871625],[-118.39294170620582,33.9691773243841],[-118.38125620424114,33.97210366000982],[-118.38125620424114,33.98234988826252],[-118.39294170620582,33.97942312871625]]]}"
,LOS_ANGELES,9278179753741778944,9416.556567041865,5380.859,202506,deployment,"{""type"":""Polygon"",""coordinates"":[[[-118.39294170620582,33.9896678408122],[-118.39294170620582,33.97942312871625],[-118.38125620424114,33.98234988826252],[-118.38125620424114,33.99259502385951],[-118.39294170620582,33.9896678408122]]]}"
,LOS_ANGELES,9278179788101517312,1685.7932498315338,1685.793,202506,deployment,"{""type"":""Polygon"",""coordinates"":[[[-118.38125620424114,33.99259502385951],[-118.38125620424114,33.98234988826252],[-118.36956988917491,33.985275545276984],[-118.36956988917491,33.995521104108576],[-118.38125620424114,33.99259502385951]]]}"
,LOS_ANGELES,9278179822461255680,6278.319486096044,6278.319,202506,deployment,"{""type"":""Polygon"",""coordinates"":[[[-118.36956988917491,33.995521104108576],[-118.36956988917491,33.985275545276984],[-118.3578827622935,33.98820009927718],[-118.3578827622935,33.99844608107699],[-118.36956988917491,33.995521104108576]]]}"
,LOS_ANGELES,9278179856820994048,5412.263702129732,5410.609,202506,deployment,"{""type"":""Polygon"",""coordinates"":[[[-118.36956988917491,33.985275545276984],[-118.36956988917491,33.975028893370286],[-118.3578827622935,33.977953023982984],[-118.3578827622935,33.98820009927718],[-118.36956988917491,33.985275545276984]]]}"
,LOS_ANGELES,9278179891180732416,1670.6728667848256,1670.673,202506,deployment,"{""type"":""Polygon"",""coordinates"":[[[-118.3578827622935,33.98820009927718],[-118.3578827622935,33.977953023982984],[-118.34619482488387,33.98087605136584],[-118.34619482488387,33.991123549781065],[-118.3578827622935,33.98820009927718]]]}"
,LOS_ANGELES,9278179925540470784,831.3967543681626,831.397,202506,deployment,"{""type"":""Polygon"",""coordinates"":[[[-118.3578827622935,33.99844608107699],[-118.3578827622935,33.98820009927718],[-118.34619482488387,33.991123549781065],[-118.34619482488387,34.00136995428276],[-118.3578827622935,33.99844608107699]]]}"
,LOS_ANGELES,9278179959900209152,554.9777035170074,554.978,202506,deployment,"{""type"":""Polygon"",""coordinates"":[[[-118.34619482488387,34.00136995428276],[-118.34619482488387,33.991123549781065],[-118.33450607823357,33.99404589630704],[-118.33450607823356,34.004292723244326],[-118.34619482488387,34.00136995428276]]]}"
,LOS_ANGELES,9278179994259947520,1118.8182887312635,1118.818,202506,deployment,"{""type"":""Polygon"",""coordinates"":[[[-118.33450607823356,34.004292723244326],[-118.33450607823357,33.99404589630704],[-118.32281652363086,33.99696713837393],[-118.32281652363086,34.00721438748057],[-118.33450607823356,34.004292723244326]]]}"
,LOS_ANGELES,9278180028619685888,574.3607819790857,574.361,202506,deployment,"{""type"":""Polygon"",""coordinates"":[[[-118.33450607823357,33.99404589630704],[-118.33450607823356,33.983797975037206],[-118.32281652363086,33.986718794515845],[-118.32281652363086,33.99696713837393],[-118.33450607823357,33.99404589630704]]]}"
,LOS_ANGELES,9278180062979424256,389.1373589862933,389.137,202506,deployment,"{""type"":""Polygon"",""coordinates"":[[[-118.34619482488387,33.991123549781065],[-118.34619482488387,33.98087605136584],[-118.33450607823356,33.983797975037206],[-118.33450607823357,33.99404589630704],[-118.34619482488387,33.991123549781065]]]}"
,LOS_ANGELES,9278180097339162624,467.8596015203081,467.86,202506,deployment,"{""type"":""Polygon"",""coordinates"":[[[-118.34619482488387,33.98087605136584],[-118.34619482488387,33.97062745979546],[-118.33450607823357,33.97354896019314],[-118.33450607823356,33.983797975037206],[-118.34619482488387,33.98087605136584]]]}"
,LOS_ANGELES,9278180131698900992,233.49523259532438,233.447,202506,deployment,"{""type"":""Polygon"",""coordinates"":[[[-118.34619482488387,33.97062745979546],[-118.34619482488387,33.96037777582885],[-118.33450607823356,33.96329885253376],[-118.33450607823357,33.97354896019314],[-118.34619482488387,33.97062745979546]]]}"
,LOS_ANGELES,9278180166058639360,805.3997122984255,805.4,202506,deployment,"{""type"":""Polygon"",""coordinates"":[[[-118.33450607823357,33.97354896019314],[-118.33450607823356,33.96329885253376],[-118.32281652363086,33.966218825579055],[-118.32281652363086,33.97646935666459],[-118.33450607823357,33.97354896019314]]]}"
,LOS_ANGELES,9278180200418377728,842.8881999880866,842.888,202506,deployment,"{""type"":""Polygon"",""coordinates"":[[[-118.33450607823356,33.983797975037206],[-118.33450607823357,33.97354896019314],[-118.32281652363086,33.97646935666459],[-118.32281652363086,33.986718794515845],[-118.33450607823356,33.983797975037206]]]}"
,LOS_ANGELES,9278180440936546304,729.0081050909552,729.008,202506,deployment,"{""type"":""Polygon"",""coordinates"":[[[-118.32281652363086,34.00721438748057],[-118.32281652363086,33.99696713837393],[-118.31112616236453,33.999887275501],[-118.31112616236453,34.01013494651079],[-118.32281652363086,34.00721438748057]]]}"
,LOS_ANGELES,9278180475296284672,1244.0745300156734,1244.075,202506,deployment,"{""type"":""Polygon"",""coordinates"":[[[-118.31112616236453,34.01013494651079],[-118.31112616236453,33.999887275501],[-118.29943499572406,34.00280630720794],[-118.29943499572408,34.01305439985473],[-118.31112616236453,34.01013494651079]]]}"
,LOS_ANGELES,9278180509656023040,14577.90679678003,7017.784,202506,deployment,"{""type"":""Polygon"",""coordinates"":[[[-118.31112616236453,34.020381521592675],[-118.31112616236453,34.01013494651079],[-118.29943499572408,34.01305439985473],[-118.29943499572406,34.023301396155],[-118.31112616236453,34.020381521592675]]]}"
,LOS_ANGELES,9278180544015761408,47573.49989156303,21718.308,202506,deployment,"{""type"":""Polygon"",""coordinates"":[[[-118.31112616236453,34.03062699998952],[-118.31112616236453,34.020381521592675],[-118.29943499572406,34.023301396155],[-118.29943499572406,34.03354729535165],[-118.31112616236453,34.03062699998952]]]}"
,LOS_ANGELES,9278180578375499776,27500.89309523554,12813.242,202506,deployment,"{""type"":""Polygon"",""coordinates"":[[[-118.32281652363083,34.02770559840919],[-118.32281652363086,34.01746054107804],[-118.31112616236453,34.020381521592675],[-118.31112616236453,34.03062699998952],[-118.32281652363083,34.02770559840919]]]}"
,LOS_ANGELES,9278180612735238144,4714.368809764501,2801.735,202506,deployment,"{""type"":""Polygon"",""coordinates"":[[[-118.32281652363086,34.01746054107804],[-118.32281652363086,34.00721438748057],[-118.31112616236453,34.01013494651079],[-118.31112616236453,34.020381521592675],[-118.32281652363086,34.01746054107804]]]}"
,LOS_ANGELES,9278180647094976512,1369.5128475964777,1368.942,202506,deployment,"{""type"":""Polygon"",""coordinates"":[[[-118.33450607823357,34.01453845509131],[-118.33450607823356,34.004292723244326],[-118.32281652363086,34.00721438748057],[-118.32281652363086,34.01746054107804],[-118.33450607823357,34.01453845509131]]]}"
,LOS_ANGELES,9278180681454714880,3150.3502388939246,2987.531,202506,deployment,"{""type"":""Polygon"",""coordinates"":[[[-118.34619482488387,34.01161526411314],[-118.34619482488387,34.00136995428276],[-118.33450607823356,34.004292723244326],[-118.33450607823357,34.01453845509131],[-118.34619482488387,34.01161526411314]]]}"
,LOS_ANGELES,9278180715814453248,9609.360507862488,5267.135,202506,deployment,"{""type"":""Polygon"",""coordinates"":[[[-118.34619482488387,34.021859478515005],[-118.34619482488387,34.01161526411314],[-118.33450607823357,34.01453845509131],[-118.33450607823357,34.024783091090825],[-118.34619482488387,34.021859478515005]]]}"
,LOS_ANGELES,9278180750174191616,25054.314397123417,10888.246,202506,deployment,"{""type"":""Polygon"",""coordinates"":[[[-118.33450607823357,34.024783091090825],[-118.33450607823357,34.01453845509131],[-118.32281652363086,34.01746054107804],[-118.32281652363083,34.02770559840919],[-118.33450607823357,34.024783091090825]]]}"
,LOS_ANGELES,9278180784533929984,67592.91547197565,28449.909,202506,deployment,"{""type"":""Polygon"",""coordinates"":[[[-118.33450607823356,34.03502663048625],[-118.33450607823357,34.024783091090825],[-118.32281652363083,34.02770559840919],[-118.32281652363086,34.03794955871748],[-118.33450607823356,34.03502663048625]]]}"
,LOS_ANGELES,9278180818893668352,77527.93038318561,35795.207,202506,deployment,"{""type"":""Polygon"",""coordinates"":[[[-118.34619482488387,34.03210259673171],[-118.34619482488387,34.021859478515005],[-118.33450607823357,34.024783091090825],[-118.33450607823356,34.03502663048625],[-118.34619482488387,34.03210259673171]]]}"
,LOS_ANGELES,9278180853253406720,46980.53341764907,18135.666,202506,deployment,"{""type"":""Polygon"",""coordinates"":[[[-118.34619482488387,34.04234461800719],[-118.34619482488387,34.03210259673171],[-118.33450607823356,34.03502663048625],[-118.33450607823357,34.04526907252157],[-118.34619482488387,34.04234461800719]]]}"
,LOS_ANGELES,9278180887613145088,100470.45778082476,34343.162,202506,deployment,"{""type"":""Polygon"",""coordinates"":[[[-118.33450607823357,34.04526907252157],[-118.33450607823356,34.03502663048625],[-118.32281652363086,34.03794955871748],[-118.32281652363083,34.048192421246895],[-118.33450607823357,34.04526907252157]]]}"
,LOS_ANGELES,9278180921972883456,79666.92234465475,26151.599,202506,deployment,"{""type"":""Polygon"",""coordinates"":[[[-118.32281652363083,34.048192421246895],[-118.32281652363086,34.03794955871748],[-118.31112616236453,34.040871380944836],[-118.31112616236453,34.051114663702634],[-118.32281652363083,34.048192421246895]]]}"
,LOS_ANGELES,9278180956332621824,60573.63164471709,24845.141,202506,deployment,"{""type"":""Polygon"",""coordinates"":[[[-118.32281652363086,34.03794955871748],[-118.32281652363083,34.02770559840919],[-118.31112616236453,34.03062699998952],[-118.31112616236453,34.040871380944836],[-118.32281652363086,34.03794955871748]]]}"
,LOS_ANGELES,9278180990692360192,77489.33420161273,31182.668,202506,deployment,"{""type"":""Polygon"",""coordinates"":[[[-118.31112616236453,34.040871380944836],[-118.31112616236453,34.03062699998952],[-118.29943499572406,34.03354729535165],[-118.29943499572406,34.04379209668821],[-118.31112616236453,34.040871380944836]]]}"
,LOS_ANGELES,9278181025052098560,121389.85343576055,42021.481,202506,deployment,"{""type"":""Polygon"",""coordinates"":[[[-118.31112616236453,34.051114663702634],[-118.31112616236453,34.040871380944836],[-118.29943499572406,34.04379209668821],[-118.29943499572406,34.054035799408744],[-118.31112616236453,34.051114663702634]]]}"
,LOS_ANGELES,9278181059411836928,126828.125602583,48861.075,202506,deployment,"{""type"":""Polygon"",""coordinates"":[[[-118.31112616236453,34.061356847507554],[-118.31112616236453,34.051114663702634],[-118.29943499572406,34.054035799408744],[-118.29943499572406,34.06427840275792],[-118.31112616236453,34.061356847507554]]]}"
,LOS_ANGELES,9278181093771575296,108401.98877968,46530.746,202506,deployment,"{""type"":""Polygon"",""coordinates"":[[[-118.32281652363086,34.05843418524202],[-118.32281652363083,34.048192421246895],[-118.31112616236453,34.051114663702634],[-118.31112616236453,34.061356847507554],[-118.32281652363086,34.05843418524202]]]}"
,LOS_ANGELES,9278181128131313664,98596.03480837117,35251.962,202506,deployment,"{""type"":""Polygon"",""coordinates"":[[[-118.32281652363083,34.06867484994804],[-118.32281652363086,34.05843418524202],[-118.31112616236453,34.061356847507554],[-118.31112616236453,34.0715979316048],[-118.32281652363083,34.06867484994804]]]}"
,LOS_ANGELES,9278181162491052032,98575.53774021835,38936.214,202506,deployment,"{""type"":""Polygon"",""coordinates"":[[[-118.31112616236453,34.0715979316048],[-118.31112616236453,34.061356847507554],[-118.29943499572406,34.06427840275792],[-118.29943499572406,34.07451990598098],[-118.31112616236453,34.0715979316048]]]}"
,LOS_ANGELES,9278181196850790400,73491.15501048903,33763.003,202506,deployment,"{""type"":""Polygon"",""coordinates"":[[[-118.31112616236453,34.08183791524013],[-118.31112616236453,34.0715979316048],[-118.29943499572406,34.07451990598098],[-118.29943499572406,34.084760308323716],[-118.31112616236453,34.08183791524013]]]}"
,LOS_ANGELES,9278181231210528768,21021.4151537083,9675.228,202506,deployment,"{""type"":""Polygon"",""coordinates"":[[[-118.31112616236453,34.09207679765992],[-118.31112616236453,34.08183791524013],[-118.29943499572406,34.084760308323716],[-118.29943499572406,34.09499960903254],[-118.31112616236453,34.09207679765992]]]}"
,LOS_ANGELES,9278181265570267136,49240.2415780603,22452.027,202506,deployment,"{""type"":""Polygon"",""coordinates"":[[[-118.32281652363086,34.089152878476305],[-118.32281652363083,34.0789144146107],[-118.31112616236453,34.08183791524013],[-118.31112616236453,34.09207679765992],[-118.32281652363086,34.089152878476305]]]}"
,LOS_ANGELES,9278181299930005504,76725.44338521945,35645.845,202506,deployment,"{""type"":""Polygon"",""coordinates"":[[[-118.32281652363083,34.0789144146107],[-118.32281652363083,34.06867484994804],[-118.31112616236453,34.0715979316048],[-118.31112616236453,34.08183791524013],[-118.32281652363083,34.0789144146107]]]}"
,LOS_ANGELES,9278181334289743872,131239.22296753302,50915.043,202506,deployment,"{""type"":""Polygon"",""coordinates"":[[[-118.33450607823356,34.075989806915345],[-118.33450607823356,34.06575066149071],[-118.32281652363083,34.06867484994804],[-118.32281652363083,34.0789144146107],[-118.33450607823356,34.075989806915345]]]}"
,LOS_ANGELES,9278181368649482240,66677.14588690494,25630.319,202506,deployment,"{""type"":""Polygon"",""coordinates"":[[[-118.33450607823357,34.086227851961546],[-118.33450607823356,34.075989806915345],[-118.32281652363083,34.0789144146107],[-118.32281652363086,34.089152878476305],[-118.33450607823357,34.086227851961546]]]}"
,LOS_ANGELES,9278181403009220608,138198.8511712077,56252.39,202506,deployment,"{""type"":""Polygon"",""coordinates"":[[[-118.34619482488387,34.083301718595976],[-118.34619482488387,34.07306409263442],[-118.33450607823356,34.075989806915345],[-118.33450607823357,34.086227851961546],[-118.34619482488387,34.083301718595976]]]}"
,LOS_ANGELES,9278181437368958976,106387.7348607734,39742.888,202506,deployment,"{""type"":""Polygon"",""coordinates"":[[[-118.34619482488387,34.07306409263442],[-118.34619482488387,34.06282536671317],[-118.33450607823356,34.06575066149071],[-118.33450607823356,34.075989806915345],[-118.34619482488387,34.07306409263442]]]}"
,LOS_ANGELES,9278181471728697344,91013.6753758014,40709.7,202506,deployment,"{""type"":""Polygon"",""coordinates"":[[[-118.34619482488387,34.06282536671317],[-118.34619482488387,34.052585541585984],[-118.33450607823356,34.05551041644135],[-118.33450607823356,34.06575066149071],[-118.34619482488387,34.06282536671317]]]}"
,LOS_ANGELES,9278181506088435712,106319.52663013198,38783.472,202506,deployment,"{""type"":""Polygon"",""coordinates"":[[[-118.33450607823356,34.06575066149071],[-118.33450607823356,34.05551041644135],[-118.32281652363086,34.05843418524202],[-118.32281652363083,34.06867484994804],[-118.33450607823356,34.06575066149071]]]}"
,LOS_ANGELES,9278181540448174080,121361.13374438368,46850.832,202506,deployment,"{""type"":""Polygon"",""coordinates"":[[[-118.33450607823356,34.05551041644135],[-118.33450607823357,34.04526907252157],[-118.32281652363083,34.048192421246895],[-118.32281652363086,34.05843418524202],[-118.33450607823356,34.05551041644135]]]}"
,LOS_ANGELES,9278181574807912448,142632.6089049865,51793.693,202506,deployment,"{""type"":""Polygon"",""coordinates"":[[[-118.34619482488387,34.052585541585984],[-118.34619482488387,34.04234461800719],[-118.33450607823357,34.04526907252157],[-118.33450607823356,34.05551041644135],[-118.34619482488387,34.052585541585984]]]}"
,LOS_ANGELES,9278181609167650816,155802.7362435142,59485.128,202506,deployment,"{""type"":""Polygon"",""coordinates"":[[[-118.3578827622935,34.04965956115683],[-118.3578827622935,34.0394190581847],[-118.34619482488387,34.04234461800719],[-118.34619482488387,34.052585541585984],[-118.3578827622935,34.04965956115683]]]}"
,LOS_ANGELES,9278181643527389184,138896.2435601679,50452.825,202506,deployment,"{""type"":""Polygon"",""coordinates"":[[[-118.36956988917491,34.04673247563518],[-118.36956988917491,34.03649239353543],[-118.3578827622935,34.0394190581847],[-118.3578827622935,34.04965956115683],[-118.36956988917491,34.04673247563518]]]}"
,LOS_ANGELES,9278181677887127552,118968.26264108147,39191.716,202506,deployment,"{""type"":""Polygon"",""coordinates"":[[[-118.36956988917491,34.05697146012133],[-118.36956988917491,34.04673247563518],[-118.3578827622935,34.04965956115683],[-118.3578827622935,34.059898966096284],[-118.36956988917491,34.05697146012133]]]}"
,LOS_ANGELES,9278181712246865920,91997.54858437448,30097.603,202506,deployment,"{""type"":""Polygon"",""coordinates"":[[[-118.3578827622935,34.059898966096284],[-118.3578827622935,34.04965956115683],[-118.34619482488387,34.052585541585984],[-118.34619482488387,34.06282536671317],[-118.3578827622935,34.059898966096284]]]}"
,LOS_ANGELES,9278181746606604288,82431.83165916443,24829.245,202506,deployment,"{""type"":""Polygon"",""coordinates"":[[[-118.3578827622935,34.07013727224872],[-118.3578827622935,34.059898966096284],[-118.34619482488387,34.06282536671317],[-118.34619482488387,34.07306409263442],[-118.3578827622935,34.07013727224872]]]}"
,LOS_ANGELES,9278181780966342656,103694.64624775277,41447.647,202506,deployment,"{""type"":""Polygon"",""coordinates"":[[[-118.3578827622935,34.080374478860335],[-118.3578827622935,34.07013727224872],[-118.34619482488387,34.07306409263442],[-118.34619482488387,34.083301718595976],[-118.3578827622935,34.080374478860335]]]}"
,LOS_ANGELES,9278181815326081024,168090.51616405335,68363.335,202506,deployment,"{""type"":""Polygon"",""coordinates"":[[[-118.36956988917491,34.07744613323579],[-118.36956988917491,34.06720934623948],[-118.3578827622935,34.07013727224872],[-118.3578827622935,34.080374478860335],[-118.36956988917491,34.07744613323579]]]}"
,LOS_ANGELES,9278181849685819392,164187.98996391564,57906.452,202506,deployment,"{""type"":""Polygon"",""coordinates"":[[[-118.36956988917491,34.06720934623948],[-118.36956988917491,34.05697146012133],[-118.3578827622935,34.059898966096284],[-118.3578827622935,34.07013727224872],[-118.36956988917491,34.06720934623948]]]}"
,LOS_ANGELES,9278181884045557760,133120.81757453733,39134.367,202506,deployment,"{""type"":""Polygon"",""coordinates"":[[[-118.38125620424114,34.06428031508834],[-118.38125620424114,34.054042849270004],[-118.36956988917491,34.05697146012133],[-118.36956988917491,34.06720934623948],[-118.38125620424114,34.06428031508834]]]}"
,LOS_ANGELES,9278181918405296128,137608.80911792276,42760.822,202506,deployment,"{""type"":""Polygon"",""coordinates"":[[[-118.38125620424114,34.074516682203964],[-118.38125620424114,34.06428031508834],[-118.36956988917491,34.06720934623948],[-118.36956988917491,34.07744613323579],[-118.38125620424114,34.074516682203964]]]}"
,LOS_ANGELES,9278181952765034496,80651.38470788531,30315.673,202506,deployment,"{""type"":""Polygon"",""coordinates"":[[[-118.39294170620582,34.071586126246885],[-118.39294170620582,34.061350179277404],[-118.38125620424114,34.06428031508834],[-118.38125620424114,34.074516682203964],[-118.39294170620582,34.071586126246885]]]}"
,LOS_ANGELES,9278181987124772864,159762.64883591622,52090.43,202506,deployment,"{""type"":""Polygon"",""coordinates"":[[[-118.39294170620582,34.061350179277404],[-118.39294170620582,34.05111313402445],[-118.38125620424114,34.054042849270004],[-118.38125620424114,34.06428031508834],[-118.39294170620582,34.061350179277404]]]}"
,LOS_ANGELES,9278182021484511232,58217.74064755219,22569.015,202506,deployment,"{""type"":""Polygon"",""coordinates"":[[[-118.39294170620582,34.05111313402445],[-118.39294170620582,34.04087499124191],[-118.38125620424114,34.04380428550282],[-118.38125620424114,34.054042849270004],[-118.39294170620582,34.05111313402445]]]}"
,LOS_ANGELES,9278182055844249600,111739.87595318034,44266.69,202506,deployment,"{""type"":""Polygon"",""coordinates"":[[[-118.38125620424114,34.054042849270004],[-118.38125620424114,34.04380428550282],[-118.36956988917491,34.04673247563518],[-118.36956988917491,34.05697146012133],[-118.38125620424114,34.054042849270004]]]}"
,LOS_ANGELES,9278182090203987968,160281.7470606042,64001.304,202506,deployment,"{""type"":""Polygon"",""coordinates"":[[[-118.38125620424114,34.04380428550282],[-118.38125620424114,34.033564624541214],[-118.36956988917491,34.03649239353543],[-118.36956988917491,34.04673247563518],[-118.38125620424114,34.04380428550282]]]}"
,LOS_ANGELES,9278182124563726336,55336.574739721415,22878.174,202506,deployment,"{""type"":""Polygon"",""coordinates"":[[[-118.39294170620582,34.04087499124191],[-118.39294170620582,34.030635751684265],[-118.38125620424114,34.033564624541214],[-118.38125620424114,34.04380428550282],[-118.39294170620582,34.04087499124191]]]}"
,LOS_ANGELES,9278182158923464704,215713.28860034686,81152.268,202506,deployment,"{""type"":""Polygon"",""coordinates"":[[[-118.39294170620582,34.030635751684265],[-118.39294170620582,34.02039541610655],[-118.38125620424114,34.0233238671402],[-118.38125620424114,34.033564624541214],[-118.39294170620582,34.030635751684265]]]}"
,LOS_ANGELES,9278182193283203072,125953.84756258778,61462.539,202506,deployment,"{""type"":""Polygon"",""coordinates"":[[[-118.39294170620582,34.02039541610655],[-118.39294170620582,34.010153985264424],[-118.38125620424114,34.01308201405538],[-118.38125620424114,34.0233238671402],[-118.39294170620582,34.02039541610655]]]}"
,LOS_ANGELES,9278182227642941440,59309.5084458027,28607.627,202506,deployment,"{""type"":""Polygon"",""coordinates"":[[[-118.38125620424114,34.0233238671402],[-118.38125620424114,34.01308201405538],[-118.36956988917491,34.01600893951561],[-118.36956988917491,34.02625121457705],[-118.38125620424114,34.0233238671402]]]}"
,LOS_ANGELES,9278182262002679808,147373.87783761087,62345.233,202506,deployment,"{""type"":""Polygon"",""coordinates"":[[[-118.38125620424114,34.033564624541214],[-118.38125620424114,34.0233238671402],[-118.36956988917491,34.02625121457705],[-118.36956988917491,34.03649239353543],[-118.38125620424114,34.033564624541214]]]}"
,LOS_ANGELES,9278182296362418176,72234.49648394663,28210.527,202506,deployment,"{""type"":""Polygon"",""coordinates"":[[[-118.36956988917491,34.03649239353543],[-118.36956988917491,34.02625121457705],[-118.3578827622935,34.029177457934836],[-118.3578827622935,34.0394190581847],[-118.36956988917491,34.03649239353543]]]}"
,LOS_ANGELES,9278182330722156544,87385.15190428712,36999.842,202506,deployment,"{""type"":""Polygon"",""coordinates"":[[[-118.3578827622935,34.0394190581847],[-118.3578827622935,34.029177457934836],[-118.34619482488387,34.03210259673171],[-118.34619482488387,34.04234461800719],[-118.3578827622935,34.0394190581847]]]}"
,LOS_ANGELES,9278182365081894912,64918.474862354866,35237.095,202506,deployment,"{""type"":""Polygon"",""coordinates"":[[[-118.3578827622935,34.029177457934836],[-118.3578827622935,34.018934761162775],[-118.34619482488387,34.021859478515005],[-118.34619482488387,34.03210259673171],[-118.3578827622935,34.029177457934836]]]}"
,LOS_ANGELES,9278182399441633280,69091.86451547146,34734.369,202506,deployment,"{""type"":""Polygon"",""coordinates"":[[[-118.36956988917491,34.02625121457705],[-118.36956988917491,34.01600893951561],[-118.3578827622935,34.018934761162775],[-118.3578827622935,34.029177457934836],[-118.36956988917491,34.02625121457705]]]}"
,LOS_ANGELES,9278182468161110016,7902.45670786357,7134.214,202506,deployment,"{""type"":""Polygon"",""coordinates"":[[[-118.3578827622935,34.018934761162775],[-118.3578827622935,34.008690968624606],[-118.34619482488387,34.01161526411314],[-118.34619482488387,34.021859478515005],[-118.3578827622935,34.018934761162775]]]}"
,LOS_ANGELES,9278182502520848384,2535.9951803582812,2535.995,202506,deployment,"{""type"":""Polygon"",""coordinates"":[[[-118.3578827622935,34.008690968624606],[-118.3578827622935,33.99844608107699],[-118.34619482488387,34.00136995428276],[-118.34619482488387,34.01161526411314],[-118.3578827622935,34.008690968624606]]]}"
,LOS_ANGELES,9278182536880586752,3345.894631975084,3345.895,202506,deployment,"{""type"":""Polygon"",""coordinates"":[[[-118.36956988917491,34.00576556910721],[-118.36956988917491,33.995521104108576],[-118.3578827622935,33.99844608107699],[-118.3578827622935,34.008690968624606],[-118.36956988917491,34.00576556910721]]]}"
,LOS_ANGELES,9278182571240325120,107.1769262767732,107.177,202506,deployment,"{""type"":""Polygon"",""coordinates"":[[[-118.38125620424114,34.002839066042895],[-118.38125620424114,33.99259502385951],[-118.36956988917491,33.995521104108576],[-118.36956988917491,34.00576556910721],[-118.38125620424114,34.002839066042895]]]}"
,LOS_ANGELES,9278182639959801856,48230.706633333204,22909.457,202506,deployment,"{""type"":""Polygon"",""coordinates"":[[[-118.39294170620582,34.010153985264424],[-118.39294170620582,33.99991145991404],[-118.38125620424114,34.002839066042895],[-118.38125620424114,34.01308201405538],[-118.39294170620582,34.010153985264424]]]}"
,LOS_ANGELES,9278182708679278592,124063.20470048561,57258.447,202506,deployment,"{""type"":""Polygon"",""coordinates"":[[[-118.40462639378326,33.99698275120345],[-118.40462639378326,33.9867395554495],[-118.39294170620582,33.9896678408122],[-118.39294170620582,33.99991145991404],[-118.40462639378326,33.99698275120345]]]}"
,LOS_ANGELES,9278182743039016960,31172.51166116146,15385.87,202506,deployment,"{""type"":""Polygon"",""coordinates"":[[[-118.41631026568835,33.99405294039434],[-118.41631026568835,33.9838101682547],[-118.40462639378326,33.9867395554495],[-118.40462639378326,33.99698275120345],[-118.41631026568835,33.99405294039434]]]}"
,LOS_ANGELES,9278182777398755328,70406.69237200647,31430.225,202506,deployment,"{""type"":""Polygon"",""coordinates"":[[[-118.41631026568835,34.004294619621774],[-118.41631026568835,33.99405294039434],[-118.40462639378326,33.99698275120345],[-118.40462639378326,34.00722485362549],[-118.41631026568835,34.004294619621774]]]}"
,LOS_ANGELES,9278182811758493696,82758.98882397228,39794.362,202506,deployment,"{""type"":""Polygon"",""coordinates"":[[[-118.40462639378326,34.00722485362549],[-118.40462639378326,33.99698275120345],[-118.39294170620582,33.99991145991404],[-118.39294170620582,34.010153985264424],[-118.40462639378326,34.00722485362549]]]}"
,LOS_ANGELES,9278182846118232064,44186.31496343318,22685.953,202506,deployment,"{""type"":""Polygon"",""coordinates"":[[[-118.40462639378326,34.01746586195883],[-118.40462639378326,34.00722485362549],[-118.39294170620582,34.010153985264424],[-118.39294170620582,34.02039541610655],[-118.40462639378326,34.01746586195883]]]}"
,LOS_ANGELES,9278182880477970432,173406.0095913353,75675.488,202506,deployment,"{""type"":""Polygon"",""coordinates"":[[[-118.40462639378326,34.02770577544725],[-118.40462639378326,34.01746586195883],[-118.39294170620582,34.02039541610655],[-118.39294170620582,34.030635751684265],[-118.40462639378326,34.02770577544725]]]}"
,LOS_ANGELES,9278182914837708800,129992.43718633971,63933.803,202506,deployment,"{""type"":""Polygon"",""coordinates"":[[[-118.41631026568835,34.024774696313266],[-118.41631026568835,34.014535205180174],[-118.40462639378326,34.01746586195883],[-118.40462639378326,34.02770577544725],[-118.41631026568835,34.024774696313266]]]}"
,LOS_ANGELES,9278182949197447168,110829.78009305705,51142.246,202506,deployment,"{""type"":""Polygon"",""coordinates"":[[[-118.41631026568835,34.014535205180174],[-118.41631026568835,34.004294619621774],[-118.40462639378326,34.00722485362549],[-118.40462639378326,34.01746586195883],[-118.41631026568835,34.014535205180174]]]}"
,LOS_ANGELES,9278182983557185536,143272.28333411634,66270.225,202506,deployment,"{""type"":""Polygon"",""coordinates"":[[[-118.42799332063665,34.01160344625414],[-118.42799332063665,34.00136328373689],[-118.41631026568835,34.004294619621774],[-118.41631026568835,34.014535205180174],[-118.42799332063665,34.01160344625414]]]}"
,LOS_ANGELES,9278183017916923904,94223.87800289776,43262.029,202506,deployment,"{""type"":""Polygon"",""coordinates"":[[[-118.42799332063665,34.02184251476583],[-118.42799332063665,34.01160344625414],[-118.41631026568835,34.014535205180174],[-118.41631026568835,34.024774696313266],[-118.42799332063665,34.02184251476583]]]}"
,LOS_ANGELES,9278183052276662272,74533.78951137523,34780.703,202506,deployment,"{""type"":""Polygon"",""coordinates"":[[[-118.4396755573443,34.018909231288895],[-118.4396755573443,34.00867058566473],[-118.42799332063665,34.01160344625414],[-118.42799332063665,34.02184251476583],[-118.4396755573443,34.018909231288895]]]}"
,LOS_ANGELES,9278183086636400640,125355.26092899671,55603.233,202506,deployment,"{""type"":""Polygon"",""coordinates"":[[[-118.4396755573443,34.00867058566473],[-118.4396755573443,33.99843084645487],[-118.42799332063665,34.00136328373689],[-118.42799332063665,34.01160344625414],[-118.4396755573443,34.00867058566473]]]}"
,LOS_ANGELES,9278183120996139008,79567.1403289397,37839.262,202506,deployment,"{""type"":""Polygon"",""coordinates"":[[[-118.4396755573443,33.99843084645487],[-118.4396755573443,33.988190014415686],[-118.42799332063665,33.991122027970384],[-118.42799332063665,34.00136328373689],[-118.4396755573443,33.99843084645487]]]}"
,LOS_ANGELES,9278183155355877376,80091.71823790649,37828.291,202506,deployment,"{""type"":""Polygon"",""coordinates"":[[[-118.42799332063665,34.00136328373689],[-118.42799332063665,33.991122027970384],[-118.41631026568835,33.99405294039434],[-118.41631026568835,34.004294619621774],[-118.42799332063665,34.00136328373689]]]}"
,LOS_ANGELES,9278183189715615744,56402.905717411595,27182.081,202506,deployment,"{""type"":""Polygon"",""coordinates"":[[[-118.42799332063665,33.991122027970384],[-118.42799332063665,33.98087967971151],[-118.41631026568835,33.9838101682547],[-118.41631026568835,33.99405294039434],[-118.42799332063665,33.991122027970384]]]}"
,LOS_ANGELES,9278183224075354112,35914.22161734656,18136.507,202506,deployment,"{""type"":""Polygon"",""coordinates"":[[[-118.4396755573443,33.988190014415686],[-118.4396755573443,33.97794809030404],[-118.42799332063665,33.98087967971151],[-118.42799332063665,33.991122027970384],[-118.4396755573443,33.988190014415686]]]}"
,LOS_ANGELES,9278183258435092480,51824.61095059868,26404.432,202506,deployment,"{""type"":""Polygon"",""coordinates"":[[[-118.4513569745281,33.98525690021474],[-118.45135697452811,33.97501540051689],[-118.4396755573443,33.97794809030404],[-118.4396755573443,33.988190014415686],[-118.4513569745281,33.98525690021474]]]}"
,LOS_ANGELES,9278183292794830848,123223.21107487039,58750.878,202506,deployment,"{""type"":""Polygon"",""coordinates"":[[[-118.4513569745281,33.99549730826022],[-118.4513569745281,33.98525690021474],[-118.4396755573443,33.988190014415686],[-118.4396755573443,33.99843084645487],[-118.4513569745281,33.99549730826022]]]}"
,LOS_ANGELES,9278183327154569216,150813.4730561758,63905.909,202506,deployment,"{""type"":""Polygon"",""coordinates"":[[[-118.46303757090548,33.99256266963781],[-118.46303757090548,33.98232268585252],[-118.4513569745281,33.98525690021474],[-118.4513569745281,33.99549730826022],[-118.46303757090548,33.99256266963781]]]}"
,LOS_ANGELES,9278183361514307584,51044.06783794934,23612.78,202506,deployment,"{""type"":""Polygon"",""coordinates"":[[[-118.46303757090548,33.98232268585252],[-118.46303757090548,33.97208161083505],[-118.45135697452811,33.97501540051689],[-118.4513569745281,33.98525690021474],[-118.46303757090548,33.98232268585252]]]}"
,LOS_ANGELES,9278183395874045952,19145.319869128944,8142.79,202506,deployment,"{""type"":""Polygon"",""coordinates"":[[[-118.47471734519449,33.979387371814404],[-118.47471734519449,33.969146721743925],[-118.46303757090548,33.97208161083505],[-118.46303757090548,33.98232268585252],[-118.47471734519449,33.979387371814404]]]}"
,LOS_ANGELES,9278183464593522688,238.2300098965824,89.052,202506,deployment,"{""type"":""Polygon"",""coordinates"":[[[-118.4863962961138,33.98669009305152],[-118.4863962961138,33.97645095858618],[-118.47471734519449,33.979387371814404],[-118.47471734519449,33.989626931073],[-118.4863962961138,33.98669009305152]]]}"
,LOS_ANGELES,9278183498953261056,104950.14212053113,44775.926,202506,deployment,"{""type"":""Polygon"",""coordinates"":[[[-118.47471734519449,33.989626931073],[-118.47471734519449,33.979387371814404],[-118.46303757090548,33.98232268585252],[-118.46303757090548,33.99256266963781],[-118.47471734519449,33.989626931073]]]}"
,LOS_ANGELES,9278183533312999424,95628.58349454291,46519.188,202506,deployment,"{""type"":""Polygon"",""coordinates"":[[[-118.47471734519449,33.9998653987627],[-118.47471734519449,33.989626931073],[-118.46303757090548,33.99256266963781],[-118.46303757090548,34.00280156143394],[-118.47471734519449,33.9998653987627]]]}"
,LOS_ANGELES,9278183567672737792,63234.07230440167,25656.455,202506,deployment,"{""type"":""Polygon"",""coordinates"":[[[-118.4863962961138,33.99692813636837],[-118.4863962961138,33.98669009305152],[-118.47471734519449,33.989626931073],[-118.47471734519449,33.9998653987627],[-118.4863962961138,33.99692813636837]]]}"
,LOS_ANGELES,9278183602032476160,121640.95865768303,54044.386,202506,deployment,"{""type"":""Polygon"",""coordinates"":[[[-118.4863962961138,34.00716508778025],[-118.4863962961138,33.99692813636837],[-118.47471734519449,33.9998653987627],[-118.47471734519449,34.01010277412707],[-118.4863962961138,34.00716508778025]]]}"
,LOS_ANGELES,9278183636392214528,80633.78348257342,41597.762,202506,deployment,"{""type"":""Polygon"",""coordinates"":[[[-118.47471734519449,34.01010277412707],[-118.47471734519449,33.9998653987627],[-118.46303757090548,34.00280156143394],[-118.46303757090548,34.0130393604845],[-118.47471734519449,34.01010277412707]]]}"
,LOS_ANGELES,9278183670751952896,42105.316676754715,22564.303,202506,deployment,"{""type"":""Polygon"",""coordinates"":[[[-118.46303757090548,34.0130393604845],[-118.46303757090548,34.00280156143394],[-118.45135697452811,34.00573662389638],[-118.45135697452811,34.01597484636685],[-118.46303757090548,34.0130393604845]]]}"
,LOS_ANGELES,9278183705111691264,63937.870499223136,36394.812,202506,deployment,"{""type"":""Polygon"",""coordinates"":[[[-118.46303757090548,34.00280156143394],[-118.46303757090548,33.99256266963781],[-118.4513569745281,33.99549730826022],[-118.45135697452811,34.00573662389638],[-118.46303757090548,34.00280156143394]]]}"
,LOS_ANGELES,9278183739471429632,63455.61037046956,31378.035,202506,deployment,"{""type"":""Polygon"",""coordinates"":[[[-118.45135697452811,34.00573662389638],[-118.4513569745281,33.99549730826022],[-118.4396755573443,33.99843084645487],[-118.4396755573443,34.00867058566473],[-118.45135697452811,34.00573662389638]]]}"
,LOS_ANGELES,9278183773831168000,63003.94837384071,30726.235,202506,deployment,"{""type"":""Polygon"",""coordinates"":[[[-118.45135697452811,34.01597484636685],[-118.45135697452811,34.00573662389638],[-118.4396755573443,34.00867058566473],[-118.4396755573443,34.018909231288895],[-118.45135697452811,34.01597484636685]]]}"
,LOS_ANGELES,9278183808190906368,127321.58279181758,55292.104,202506,deployment,"{""type"":""Polygon"",""coordinates"":[[[-118.45135697452811,34.02621197491583],[-118.45135697452811,34.01597484636685],[-118.4396755573443,34.018909231288895],[-118.4396755573443,34.02914678257162],[-118.45135697452811,34.02621197491583]]]}"
,LOS_ANGELES,9278183842550644736,239058.30198963825,79910.522,202506,deployment,"{""type"":""Polygon"",""coordinates"":[[[-118.45135697452811,34.0364480087881],[-118.45135697452811,34.02621197491583],[-118.4396755573443,34.02914678257162],[-118.4396755573443,34.039383238757694],[-118.45135697452811,34.0364480087881]]]}"
,LOS_ANGELES,9278183876910383104,191295.89410899766,64761.587,202506,deployment,"{""type"":""Polygon"",""coordinates"":[[[-118.46303757090548,34.03351167732612],[-118.46303757090548,34.023276066033645],[-118.45135697452811,34.02621197491583],[-118.45135697452811,34.0364480087881],[-118.46303757090548,34.03351167732612]]]}"
,LOS_ANGELES,9278183911270121472,68116.58205608648,29865.492,202506,deployment,"{""type"":""Polygon"",""coordinates"":[[[-118.46303757090548,34.023276066033645],[-118.46303757090548,34.0130393604845],[-118.45135697452811,34.01597484636685],[-118.45135697452811,34.02621197491583],[-118.46303757090548,34.023276066033645]]]}"
,LOS_ANGELES,9278183945629859840,115960.3273928682,47749.908,202506,deployment,"{""type"":""Polygon"",""coordinates"":[[[-118.47471734519449,34.02033905641025],[-118.47471734519449,34.01010277412707],[-118.46303757090548,34.0130393604845],[-118.46303757090548,34.023276066033645],[-118.47471734519449,34.02033905641025]]]}"
,LOS_ANGELES,9278183979989598208,159887.3712193322,67558.187,202506,deployment,"{""type"":""Polygon"",""coordinates"":[[[-118.4863962961138,34.017400946531254],[-118.4863962961138,34.00716508778025],[-118.47471734519449,34.01010277412707],[-118.47471734519449,34.02033905641025],[-118.4863962961138,34.017400946531254]]]}"
,LOS_ANGELES,9278184014349336576,195422.7612159891,89826.0,202506,deployment,"{""type"":""Polygon"",""coordinates"":[[[-118.4863962961138,34.027635711866054],[-118.4863962961138,34.017400946531254],[-118.47471734519449,34.02033905641025],[-118.47471734519449,34.030574244856915],[-118.4863962961138,34.027635711866054]]]}"
,LOS_ANGELES,9278184048709074944,57560.485609501135,18702.289,202506,deployment,"{""type"":""Polygon"",""coordinates"":[[[-118.47471734519449,34.030574244856915],[-118.47471734519449,34.02033905641025],[-118.46303757090548,34.023276066033645],[-118.46303757090548,34.03351167732612],[-118.47471734519449,34.030574244856915]]]}"
,LOS_ANGELES,9278184083068813312,169367.83273156092,74950.105,202506,deployment,"{""type"":""Polygon"",""coordinates"":[[[-118.47471734519449,34.04080833871238],[-118.47471734519449,34.030574244856915],[-118.46303757090548,34.03351167732612],[-118.46303757090548,34.04374619360725],[-118.47471734519449,34.04080833871238]]]}"
,LOS_ANGELES,9278184117428551680,110784.67510146623,44085.36,202506,deployment,"{""type"":""Polygon"",""coordinates"":[[[-118.4863962961138,34.0378693830299],[-118.4863962961138,34.027635711866054],[-118.47471734519449,34.030574244856915],[-118.47471734519449,34.04080833871238],[-118.4863962961138,34.0378693830299]]]}"
,LOS_ANGELES,9278184151788290048,17489.848116580226,8771.243,202506,deployment,"{""type"":""Polygon"",""coordinates"":[[[-118.4863962961138,34.04810195926861],[-118.4863962961138,34.0378693830299],[-118.47471734519449,34.04080833871238],[-118.47471734519449,34.05104133722248],[-118.4863962961138,34.04810195926861]]]}"
,LOS_ANGELES,9278184186148028416,81650.3423292027,32440.292,202506,deployment,"{""type"":""Polygon"",""coordinates"":[[[-118.47471734519449,34.05104133722248],[-118.47471734519449,34.04080833871238],[-118.46303757090548,34.04374619360725],[-118.46303757090548,34.053979614122916],[-118.47471734519449,34.05104133722248]]]}"
,LOS_ANGELES,9278184220507766784,80665.34775009792,34291.931,202506,deployment,"{""type"":""Polygon"",""coordinates"":[[[-118.46303757090548,34.053979614122916],[-118.46303757090548,34.04374619360725],[-118.45135697452811,34.046682947229],[-118.45135697452811,34.05691678948447],[-118.46303757090548,34.053979614122916]]]}"
,LOS_ANGELES,9278184254867505152,162226.81942570396,69145.847,202506,deployment,"{""type"":""Polygon"",""coordinates"":[[[-118.46303757090548,34.04374619360725],[-118.46303757090548,34.03351167732612],[-118.45135697452811,34.0364480087881],[-118.45135697452811,34.046682947229],[-118.46303757090548,34.04374619360725]]]}"
,LOS_ANGELES,9278184289227243520,120872.43616164963,47612.505,202506,deployment,"{""type"":""Polygon"",""coordinates"":[[[-118.45135697452811,34.046682947229],[-118.45135697452811,34.0364480087881],[-118.4396755573443,34.039383238757694],[-118.4396755573443,34.049618599092526],[-118.45135697452811,34.046682947229]]]}"
,LOS_ANGELES,9278184323586981888,101607.21372773068,45340.353,202506,deployment,"{""type"":""Polygon"",""coordinates"":[[[-118.45135697452811,34.05691678948447],[-118.45135697452811,34.046682947229],[-118.4396755573443,34.049618599092526],[-118.4396755573443,34.05985286282207],[-118.45135697452811,34.05691678948447]]]}"
,LOS_ANGELES,9278184357946720256,79610.1546627565,34647.537,202506,deployment,"{""type"":""Polygon"",""coordinates"":[[[-118.4396755573443,34.05985286282207],[-118.4396755573443,34.049618599092526],[-118.42799332063665,34.05255314871316],[-118.42799332063665,34.06278783365108],[-118.4396755573443,34.05985286282207]]]}"
,LOS_ANGELES,9278184392306458624,142488.33383422944,61784.986,202506,deployment,"{""type"":""Polygon"",""coordinates"":[[[-118.42799332063665,34.06278783365108],[-118.42799332063665,34.05255314871316],[-118.41631026568835,34.055486595606645],[-118.41631026568835,34.06572170148733],[-118.42799332063665,34.06278783365108]]]}"
,LOS_ANGELES,9278184426666196992,173954.8128197554,56689.772,202506,deployment,"{""type"":""Polygon"",""coordinates"":[[[-118.42799332063665,34.05255314871316],[-118.42799332063665,34.042317366750204],[-118.41631026568835,34.04525039228133],[-118.41631026568835,34.055486595606645],[-118.42799332063665,34.05255314871316]]]}"
,LOS_ANGELES,9278184461025935360,208088.2076956502,71633.131,202506,deployment,"{""type"":""Polygon"",""coordinates"":[[[-118.4396755573443,34.049618599092526],[-118.4396755573443,34.039383238757694],[-118.42799332063665,34.042317366750204],[-118.42799332063665,34.05255314871316],[-118.4396755573443,34.049618599092526]]]}"
,LOS_ANGELES,9278184495385673728,131964.06382374105,51636.986,202506,deployment,"{""type"":""Polygon"",""coordinates"":[[[-118.4396755573443,34.039383238757694],[-118.4396755573443,34.02914678257162],[-118.42799332063665,34.032080488516236],[-118.42799332063665,34.042317366750204],[-118.4396755573443,34.039383238757694]]]}"
,LOS_ANGELES,9278184529745412096,78672.58777605067,29669.323,202506,deployment,"{""type"":""Polygon"",""coordinates"":[[[-118.4396755573443,34.02914678257162],[-118.4396755573443,34.018909231288895],[-118.42799332063665,34.02184251476583],[-118.42799332063665,34.032080488516236],[-118.4396755573443,34.02914678257162]]]}"
,LOS_ANGELES,9278184564105150464,43577.589933286166,15000.993,202506,deployment,"{""type"":""Polygon"",""coordinates"":[[[-118.42799332063665,34.032080488516236],[-118.42799332063665,34.02184251476583],[-118.41631026568835,34.024774696313266],[-118.41631026568835,34.03501309226535],[-118.42799332063665,34.032080488516236]]]}"
,LOS_ANGELES,9278184598464888832,48539.39513962793,18600.811,202506,deployment,"{""type"":""Polygon"",""coordinates"":[[[-118.42799332063665,34.042317366750204],[-118.42799332063665,34.032080488516236],[-118.41631026568835,34.03501309226535],[-118.41631026568835,34.04525039228133],[-118.42799332063665,34.042317366750204]]]}"
,LOS_ANGELES,9278184632824627200,16732.24499916766,8622.171,202506,deployment,"{""type"":""Polygon"",""coordinates"":[[[-118.41631026568835,34.04525039228133],[-118.41631026568835,34.03501309226535],[-118.40462639378326,34.03794459333507],[-118.40462639378326,34.048182314867226],[-118.41631026568835,34.04525039228133]]]}"
,LOS_ANGELES,9278184667184365568,60423.42129670386,22284.659,202506,deployment,"{""type"":""Polygon"",""coordinates"":[[[-118.41631026568835,34.03501309226535],[-118.41631026568835,34.024774696313266],[-118.40462639378326,34.02770577544725],[-118.40462639378326,34.03794459333507],[-118.41631026568835,34.03501309226535]]]}"
,LOS_ANGELES,9278184701544103936,79184.57065702345,29909.095,202506,deployment,"{""type"":""Polygon"",""coordinates"":[[[-118.40462639378326,34.03794459333507],[-118.40462639378326,34.02770577544725],[-118.39294170620582,34.030635751684265],[-118.39294170620582,34.04087499124191],[-118.40462639378326,34.03794459333507]]]}"
,LOS_ANGELES,9278184770263580672,122393.27114836605,40974.065,202506,deployment,"{""type"":""Polygon"",""coordinates"":[[[-118.40462639378326,34.05841893928918],[-118.40462639378326,34.048182314867226],[-118.39294170620582,34.05111313402445],[-118.39294170620582,34.061350179277404],[-118.40462639378326,34.05841893928918]]]}"
,LOS_ANGELES,9278184804623319040,96032.57394473112,36288.351,202506,deployment,"{""type"":""Polygon"",""coordinates"":[[[-118.41631026568835,34.055486595606645],[-118.41631026568835,34.04525039228133],[-118.40462639378326,34.048182314867226],[-118.40462639378326,34.05841893928918],[-118.41631026568835,34.055486595606645]]]}"
,LOS_ANGELES,9278184838983057408,183978.9611454509,69923.297,202506,deployment,"{""type"":""Polygon"",""coordinates"":[[[-118.41631026568835,34.06572170148733],[-118.41631026568835,34.055486595606645],[-118.40462639378326,34.05841893928918],[-118.40462639378326,34.06865446584705],[-118.41631026568835,34.06572170148733]]]}"
,LOS_ANGELES,9278184873342795776,81015.56607746246,24575.684,202506,deployment,"{""type"":""Polygon"",""coordinates"":[[[-118.40462639378326,34.06865446584705],[-118.40462639378326,34.05841893928918],[-118.39294170620582,34.061350179277404],[-118.39294170620582,34.071586126246885],[-118.40462639378326,34.06865446584705]]]}"
,LOS_ANGELES,9278184907702534144,157965.16905830213,64564.748,202506,deployment,"{""type"":""Polygon"",""coordinates"":[[[-118.40462639378326,34.07888889378743],[-118.40462639378326,34.06865446584705],[-118.39294170620582,34.071586126246885],[-118.39294170620582,34.08182097417957],[-118.40462639378326,34.07888889378743]]]}"
,LOS_ANGELES,9278184942062272512,79472.09860549428,33971.956,202506,deployment,"{""type"":""Polygon"",""coordinates"":[[[-118.41631026568835,34.07595570916999],[-118.41631026568835,34.06572170148733],[-118.40462639378326,34.06865446584705],[-118.40462639378326,34.07888889378743],[-118.41631026568835,34.07595570916999]]]}"
,LOS_ANGELES,9278184976422010880,1713.8741155468463,1713.874,202506,deployment,"{""type"":""Polygon"",""coordinates"":[[[-118.41631026568835,34.086188617901826],[-118.41631026568835,34.07595570916999],[-118.40462639378326,34.07888889378743],[-118.40462639378326,34.08912222235755],[-118.41631026568835,34.086188617901826]]]}"
,LOS_ANGELES,9278185010781749248,1489.267510099173,1489.268,202506,deployment,"{""type"":""Polygon"",""coordinates"":[[[-118.40462639378326,34.08912222235755],[-118.40462639378326,34.07888889378743],[-118.39294170620582,34.08182097417957],[-118.39294170620582,34.09205472232272],[-118.40462639378326,34.08912222235755]]]}"
,LOS_ANGELES,9278185285659656192,291.9611574426299,291.961,202506,deployment,"{""type"":""Polygon"",""coordinates"":[[[-118.4396755573443,34.09054906684718],[-118.4396755573443,34.08031809745199],[-118.42799332063665,34.08325390943874],[-118.42799332063665,34.09348529878334],[-118.4396755573443,34.09054906684718]]]}"
,LOS_ANGELES,9278185320019394560,1765.4270164430325,1764.391,202506,deployment,"{""type"":""Polygon"",""coordinates"":[[[-118.4396755573443,34.08031809745199],[-118.4396755573443,34.070086029192844],[-118.42799332063665,34.07302142081056],[-118.42799332063665,34.08325390943874],[-118.4396755573443,34.08031809745199]]]}"
,LOS_ANGELES,9278185354379132928,1381.5264965854062,1381.526,202506,deployment,"{""type"":""Polygon"",""coordinates"":[[[-118.42799332063665,34.08325390943874],[-118.42799332063665,34.07302142081056],[-118.41631026568835,34.07595570916999],[-118.41631026568835,34.086188617901826],[-118.42799332063665,34.08325390943874]]]}"
,LOS_ANGELES,9278185388738871296,34424.846118372894,12376.06,202506,deployment,"{""type"":""Polygon"",""coordinates"":[[[-118.42799332063665,34.07302142081056],[-118.42799332063665,34.06278783365108],[-118.41631026568835,34.06572170148733],[-118.41631026568835,34.07595570916999],[-118.42799332063665,34.07302142081056]]]}"
,LOS_ANGELES,9278185423098609664,52742.40190915498,22779.684,202506,deployment,"{""type"":""Polygon"",""coordinates"":[[[-118.4396755573443,34.070086029192844],[-118.4396755573443,34.05985286282207],[-118.42799332063665,34.06278783365108],[-118.42799332063665,34.07302142081056],[-118.4396755573443,34.070086029192844]]]}"
,LOS_ANGELES,9278185457458348032,63725.89698169616,32901.403,202506,deployment,"{""type"":""Polygon"",""coordinates"":[[[-118.45135697452811,34.067149534801004],[-118.45135697452811,34.05691678948447],[-118.4396755573443,34.05985286282207],[-118.4396755573443,34.070086029192844],[-118.45135697452811,34.067149534801004]]]}"
,LOS_ANGELES,9278185491818086400,3337.4927913899637,1884.576,202506,deployment,"{""type"":""Polygon"",""coordinates"":[[[-118.45135697452811,34.07738118242568],[-118.45135697452811,34.067149534801004],[-118.4396755573443,34.070086029192844],[-118.4396755573443,34.08031809745199],[-118.45135697452811,34.07738118242568]]]}"
,LOS_ANGELES,9278185526177824768,11257.24600938346,6887.639,202506,deployment,"{""type"":""Polygon"",""coordinates"":[[[-118.46303757090548,34.07444316484433],[-118.46303757090548,34.0642119381196],[-118.45135697452811,34.067149534801004],[-118.45135697452811,34.07738118242568],[-118.46303757090548,34.07444316484433]]]}"
,LOS_ANGELES,9278185560537563136,13501.929298555204,7882.42,202506,deployment,"{""type"":""Polygon"",""coordinates"":[[[-118.46303757090548,34.0642119381196],[-118.46303757090548,34.053979614122916],[-118.45135697452811,34.05691678948447],[-118.45135697452811,34.067149534801004],[-118.46303757090548,34.0642119381196]]]}"
,LOS_ANGELES,9278185594897301504,9573.148908977357,3925.253,202506,deployment,"{""type"":""Polygon"",""coordinates"":[[[-118.47471734519449,34.06127323963364],[-118.47471734519449,34.05104133722248],[-118.46303757090548,34.053979614122916],[-118.46303757090548,34.0642119381196],[-118.47471734519449,34.06127323963364]]]}"
,LOS_ANGELES,9278185629257039872,8607.653874219972,3580.942,202506,deployment,"{""type"":""Polygon"",""coordinates"":[[[-118.4863962961138,34.05833343982856],[-118.4863962961138,34.04810195926861],[-118.47471734519449,34.05104133722248],[-118.47471734519449,34.06127323963364],[-118.4863962961138,34.05833343982856]]]}"
,LOS_ANGELES,9278185663616778240,0.480286860357024,0.48,202506,deployment,"{""type"":""Polygon"",""coordinates"":[[[-118.4863962961138,34.068563823956744],[-118.4863962961138,34.05833343982856],[-118.47471734519449,34.06127323963364],[-118.47471734519449,34.07150404519288],[-118.4863962961138,34.068563823956744]]]}"
,LOS_ANGELES,9278185697976516608,429.99327503544544,429.918,202506,deployment,"{""type"":""Polygon"",""coordinates"":[[[-118.47471734519449,34.07150404519288],[-118.47471734519449,34.06127323963364],[-118.46303757090548,34.0642119381196],[-118.46303757090548,34.07444316484433],[-118.47471734519449,34.07150404519288]]]}"
,LOS_ANGELES,9278185904134946816,63.7193610666647,63.719,202506,deployment,"{""type"":""Polygon"",""coordinates"":[[[-118.46303757090548,34.08467329354471],[-118.46303757090548,34.07444316484433],[-118.45135697452811,34.07738118242568],[-118.45135697452811,34.08761173160615],[-118.46303757090548,34.08467329354471]]]}"
,LOS_ANGELES,9278187725201080320,2.0315739425242687,2.032,202506,deployment,"{""type"":""Polygon"",""coordinates"":[[[-118.38125620424114,34.10521918380458],[-118.38125620424114,34.0949861173145],[-118.36956988917491,34.097916406850516],[-118.36956988917491,34.10814989196416],[-118.38125620424114,34.10521918380458]]]}"
,LOS_ANGELES,9278187793920557056,28672.215400504727,13401.162,202506,deployment,"{""type"":""Polygon"",""coordinates"":[[[-118.39294170620582,34.09205472232272],[-118.39294170620582,34.08182097417957],[-118.38125620424114,34.08475194986359],[-118.38125620424114,34.0949861173145],[-118.39294170620582,34.09205472232272]]]}"
,LOS_ANGELES,9278187828280295424,157529.81210446617,60314.531,202506,deployment,"{""type"":""Polygon"",""coordinates"":[[[-118.39294170620582,34.08182097417957],[-118.39294170620582,34.071586126246885],[-118.38125620424114,34.074516682203964],[-118.38125620424114,34.08475194986359],[-118.39294170620582,34.08182097417957]]]}"
,LOS_ANGELES,9278187862640033792,130408.04562255769,44195.685,202506,deployment,"{""type"":""Polygon"",""coordinates"":[[[-118.38125620424114,34.08475194986359],[-118.38125620424114,34.074516682203964],[-118.36956988917491,34.07744613323579],[-118.36956988917491,34.08768182035703],[-118.38125620424114,34.08475194986359]]]}"
,LOS_ANGELES,9278187896999772160,68622.41541565205,28037.884,202506,deployment,"{""type"":""Polygon"",""coordinates"":[[[-118.38125620424114,34.0949861173145],[-118.38125620424114,34.08475194986359],[-118.36956988917491,34.08768182035703],[-118.36956988917491,34.097916406850516],[-118.38125620424114,34.0949861173145]]]}"
,LOS_ANGELES,9278187931359510528,54902.60975382009,23881.629,202506,deployment,"{""type"":""Polygon"",""coordinates"":[[[-118.36956988917491,34.097916406850516],[-118.36956988917491,34.08768182035703],[-118.3578827622935,34.090610585177906],[-118.3578827622935,34.10084559044883],[-118.36956988917491,34.097916406850516]]]}"
,LOS_ANGELES,9278187965719248896,83755.59986945016,37837.28,202506,deployment,"{""type"":""Polygon"",""coordinates"":[[[-118.36956988917491,34.08768182035703],[-118.36956988917491,34.07744613323579],[-118.3578827622935,34.080374478860335],[-118.3578827622935,34.090610585177906],[-118.36956988917491,34.08768182035703]]]}"
,LOS_ANGELES,9278188000078987264,96080.65898984965,39956.002,202506,deployment,"{""type"":""Polygon"",""coordinates"":[[[-118.3578827622935,34.090610585177906],[-118.3578827622935,34.080374478860335],[-118.34619482488387,34.083301718595976],[-118.34619482488387,34.09353824384467],[-118.3578827622935,34.090610585177906]]]}"
,LOS_ANGELES,9278188034438725632,10231.138218482156,6766.531,202506,deployment,"{""type"":""Polygon"",""coordinates"":[[[-118.3578827622935,34.10084559044883],[-118.3578827622935,34.090610585177906],[-118.34619482488387,34.09353824384467],[-118.34619482488387,34.10377366762791],[-118.3578827622935,34.10084559044883]]]}"
,LOS_ANGELES,9278188068798464000,255.71777180684742,254.738,202506,deployment,"{""type"":""Polygon"",""coordinates"":[[[-118.3578827622935,34.11107949392101],[-118.3578827622935,34.10084559044883],[-118.34619482488387,34.10377366762791],[-118.34619482488387,34.11400798919366],[-118.3578827622935,34.11107949392101]]]}"
,LOS_ANGELES,9278188103158202368,515.593090957579,515.593,202506,deployment,"{""type"":""Polygon"",""coordinates"":[[[-118.36956988917491,34.10814989196416],[-118.36956988917491,34.097916406850516],[-118.3578827622935,34.10084559044883],[-118.3578827622935,34.11107949392101],[-118.36956988917491,34.10814989196416]]]}"
,LOS_ANGELES,9278188274956894208,64.59587305834538,64.596,202506,deployment,"{""type"":""Polygon"",""coordinates"":[[[-118.33450607823356,34.11693537730107],[-118.33450607823357,34.10670063790669],[-118.32281652363086,34.10962650080452],[-118.32281652363083,34.11986165776265],[-118.33450607823356,34.11693537730107]]]}"
,LOS_ANGELES,9278188309316632576,70.96118468001197,59.116,202506,deployment,"{""type"":""Polygon"",""coordinates"":[[[-118.34619482488387,34.11400798919366],[-118.34619482488387,34.10377366762791],[-118.33450607823357,34.10670063790669],[-118.33450607823356,34.11693537730107],[-118.34619482488387,34.11400798919366]]]}"
,LOS_ANGELES,9278188343676370944,59245.32537229399,28529.031,202506,deployment,"{""type"":""Polygon"",""coordinates"":[[[-118.34619482488387,34.10377366762791],[-118.34619482488387,34.09353824384467],[-118.33450607823357,34.09646479587619],[-118.33450607823357,34.10670063790669],[-118.34619482488387,34.10377366762791]]]}"
,LOS_ANGELES,9278188378036109312,117771.13219824378,47366.731,202506,deployment,"{""type"":""Polygon"",""coordinates"":[[[-118.34619482488387,34.09353824384467],[-118.34619482488387,34.083301718595976],[-118.33450607823357,34.086227851961546],[-118.33450607823357,34.09646479587619],[-118.34619482488387,34.09353824384467]]]}"
,LOS_ANGELES,9278188412395847680,90004.85386825648,37719.045,202506,deployment,"{""type"":""Polygon"",""coordinates"":[[[-118.33450607823357,34.09646479587619],[-118.33450607823357,34.086227851961546],[-118.32281652363086,34.089152878476305],[-118.32281652363086,34.09939024079175],[-118.33450607823357,34.09646479587619]]]}"
,LOS_ANGELES,9278188446755586048,35171.39664787695,16474.495,202506,deployment,"{""type"":""Polygon"",""coordinates"":[[[-118.33450607823357,34.10670063790669],[-118.33450607823357,34.09646479587619],[-118.32281652363086,34.09939024079175],[-118.32281652363086,34.10962650080452],[-118.33450607823357,34.10670063790669]]]}"
,LOS_ANGELES,9278188481115324416,7907.7630285935165,3945.68,202506,deployment,"{""type"":""Polygon"",""coordinates"":[[[-118.32281652363086,34.10962650080452],[-118.32281652363086,34.09939024079175],[-118.31112616236453,34.102314578111105],[-118.31112616236453,34.112551255841176],[-118.32281652363086,34.10962650080452]]]}"
,LOS_ANGELES,9278188515475062784,41271.71038301492,19033.959,202506,deployment,"{""type"":""Polygon"",""coordinates"":[[[-118.32281652363086,34.09939024079175],[-118.32281652363086,34.089152878476305],[-118.31112616236453,34.09207679765992],[-118.31112616236453,34.102314578111105],[-118.32281652363086,34.09939024079175]]]}"
,LOS_ANGELES,9278188549834801152,11468.236786215424,6284.086,202506,deployment,"{""type"":""Polygon"",""coordinates"":[[[-118.31112616236453,34.102314578111105],[-118.31112616236453,34.09207679765992],[-118.29943499572406,34.09499960903254],[-118.29943499572406,34.10523780735441],[-118.31112616236453,34.102314578111105]]]}"
,LOS_ANGELES,9278188584194539520,706.383270720767,688.35,202506,deployment,"{""type"":""Polygon"",""coordinates"":[[[-118.31112616236453,34.112551255841176],[-118.31112616236453,34.102314578111105],[-118.29943499572406,34.10523780735441],[-118.29943499572408,34.11547490253689],[-118.31112616236453,34.112551255841176]]]}"
,LOS_ANGELES,9278189992943812608,129.04677024815078,129.047,202506,deployment,"{""type"":""Polygon"",""coordinates"":[[[-118.29943499572408,34.11547490253689],[-118.29943499572406,34.10523780735441],[-118.28774302499957,34.108159928042284],[-118.28774302499957,34.11839744041229],[-118.29943499572408,34.11547490253689]]]}"
,LOS_ANGELES,9278190027303550976,1255.3504156474685,1255.35,202506,deployment,"{""type"":""Polygon"",""coordinates"":[[[-118.29943499572406,34.10523780735441],[-118.29943499572406,34.09499960903254],[-118.28774302499957,34.0979213121147],[-118.28774302499957,34.108159928042284],[-118.29943499572406,34.10523780735441]]]}"
,LOS_ANGELES,9278190061663289344,660.1923192513366,660.192,202506,deployment,"{""type"":""Polygon"",""coordinates"":[[[-118.28774302499957,34.108159928042284],[-118.28774302499957,34.0979213121147],[-118.2760502514817,34.10084190642739],[-118.2760502514817,34.11108093969575],[-118.28774302499957,34.108159928042284]]]}"
,LOS_ANGELES,9278190096023027712,143.14686839373894,143.147,202506,deployment,"{""type"":""Polygon"",""coordinates"":[[[-118.28774302499957,34.11839744041229],[-118.28774302499957,34.108159928042284],[-118.2760502514817,34.11108093969575],[-118.2760502514817,34.12131886898849],[-118.28774302499957,34.11839744041229]]]}"
,LOS_ANGELES,9278190130382766080,4.199996633372003,4.2,202506,deployment,"{""type"":""Polygon"",""coordinates"":[[[-118.2760502514817,34.12131886898849],[-118.2760502514817,34.11108093969575],[-118.26435667646179,34.1140008418363],[-118.26435667646179,34.124239187787],[-118.2760502514817,34.12131886898849]]]}"
,LOS_ANGELES,9278190164742504448,526.2915095214346,526.292,202506,deployment,"{""type"":""Polygon"",""coordinates"":[[[-118.2760502514817,34.11108093969575],[-118.2760502514817,34.10084190642739],[-118.26435667646179,34.10376139149204],[-118.26435667646179,34.1140008418363],[-118.2760502514817,34.11108093969575]]]}"
,LOS_ANGELES,9278190199102242816,104.25411327051381,104.254,202506,deployment,"{""type"":""Polygon"",""coordinates"":[[[-118.26435667646179,34.1140008418363],[-118.26435667646179,34.10376139149204],[-118.25266230123178,34.10667976683051],[-118.25266230123178,34.11691963398581],[-118.26435667646179,34.1140008418363]]]}"
,LOS_ANGELES,9278196005898027008,191.55915699278626,65.071,202506,deployment,"{""type"":""Polygon"",""coordinates"":[[[-118.22927115531233,34.04079739169327],[-118.22927115531233,34.03054787366657],[-118.21757438720986,34.0334595737957],[-118.21757438720986,34.04370951117994],[-118.22927115531233,34.04079739169327]]]}"
,LOS_ANGELES,9278196040257765376,30610.651777026073,10066.676,202506,deployment,"{""type"":""Polygon"",""coordinates"":[[[-118.24096712708423,34.03788416290496],[-118.24096712708423,34.02763506450149],[-118.22927115531233,34.03054787366657],[-118.22927115531233,34.04079739169327],[-118.24096712708423,34.03788416290496]]]}"
,LOS_ANGELES,9278196074617503744,34470.12596831127,10072.618,202506,deployment,"{""type"":""Polygon"",""coordinates"":[[[-118.25266230123178,34.03496982529217],[-118.25266230123178,34.02472114677768],[-118.24096712708423,34.02763506450149],[-118.24096712708423,34.03788416290496],[-118.25266230123178,34.03496982529217]]]}"
,LOS_ANGELES,9278196108977242112,48445.37114018965,13990.534,202506,deployment,"{""type"":""Polygon"",""coordinates"":[[[-118.25266230123178,34.04521740502996],[-118.25266230123178,34.03496982529217],[-118.24096712708423,34.03788416290496],[-118.24096712708423,34.04813216211375],[-118.25266230123178,34.04521740502996]]]}"
,LOS_ANGELES,9278196143336980480,44031.850249043884,13285.822,202506,deployment,"{""type"":""Polygon"",""coordinates"":[[[-118.24096712708423,34.04813216211375],[-118.24096712708423,34.03788416290496],[-118.22927115531233,34.04079739169327],[-118.22927115531233,34.05104581010746],[-118.24096712708423,34.04813216211375]]]}"
,LOS_ANGELES,9278196177696718848,19687.8272005614,7580.756,202506,deployment,"{""type"":""Polygon"",""coordinates"":[[[-118.24096712708423,34.058379061371554],[-118.24096712708423,34.04813216211375],[-118.22927115531233,34.05104581010746],[-118.22927115531233,34.06129312815285],[-118.24096712708423,34.058379061371554]]]}"
,LOS_ANGELES,9278196212056457216,91730.46143022887,31205.575,202506,deployment,"{""type"":""Polygon"",""coordinates"":[[[-118.25266230123178,34.055463885234694],[-118.25266230123178,34.04521740502996],[-118.24096712708423,34.04813216211375],[-118.24096712708423,34.058379061371554],[-118.25266230123178,34.055463885234694]]]}"
,LOS_ANGELES,9278196246416195584,30140.621222418165,13566.132,202506,deployment,"{""type"":""Polygon"",""coordinates"":[[[-118.25266230123178,34.06570926515059],[-118.25266230123178,34.055463885234694],[-118.24096712708423,34.058379061371554],[-118.24096712708423,34.06862485992264],[-118.25266230123178,34.06570926515059]]]}"
,LOS_ANGELES,9278196280775933952,8426.264503368337,4461.601,202506,deployment,"{""type"":""Polygon"",""coordinates"":[[[-118.24096712708423,34.06862485992264],[-118.24096712708423,34.058379061371554],[-118.22927115531233,34.06129312815285],[-118.22927115531233,34.07153934507375],[-118.24096712708423,34.06862485992264]]]}"
,LOS_ANGELES,9278196315135672320,11.004107000230361,11.004,202506,deployment,"{""type"":""Polygon"",""coordinates"":[[[-118.22927115531233,34.07153934507375],[-118.22927115531233,34.06129312815285],[-118.21757438720986,34.06420608510149],[-118.21757438720986,34.07445272012689],[-118.22927115531233,34.07153934507375]]]}"
,LOS_ANGELES,9278196727452532736,1.3054522725754127,1.305,202506,deployment,"{""type"":""Polygon"",""coordinates"":[[[-118.24096712708423,34.09935564378677],[-118.24096712708423,34.08911315188453],[-118.22927115531233,34.092028472522124],[-118.22927115531233,34.10227138154109],[-118.24096712708423,34.09935564378677]]]}"
,LOS_ANGELES,9278196796172009472,17.01714622808088,17.017,202506,deployment,"{""type"":""Polygon"",""coordinates"":[[[-118.25266230123178,34.10667976683051],[-118.25266230123178,34.09643879561616],[-118.24096712708423,34.09935564378677],[-118.24096712708423,34.109597031965095],[-118.25266230123178,34.10667976683051]]]}"
,LOS_ANGELES,9278196830531747840,26.00626829305238,26.006,202506,deployment,"{""type"":""Polygon"",""coordinates"":[[[-118.25266230123178,34.09643879561616],[-118.25266230123178,34.086196721095654],[-118.24096712708423,34.08911315188453],[-118.24096712708423,34.09935564378677],[-118.25266230123178,34.09643879561616]]]}"
,LOS_ANGELES,9278196864891486208,33.08468983615594,33.085,202506,deployment,"{""type"":""Polygon"",""coordinates"":[[[-118.25266230123178,34.086196721095654],[-118.25266230123178,34.07595354402244],[-118.24096712708423,34.07886955701183],[-118.24096712708423,34.08911315188453],[-118.25266230123178,34.086196721095654]]]}"
,LOS_ANGELES,9278196899251224576,1.276766314767906,1.277,202506,deployment,"{""type"":""Polygon"",""coordinates"":[[[-118.24096712708423,34.08911315188453],[-118.24096712708423,34.07886955701183],[-118.22927115531233,34.08178446011502],[-118.22927115531233,34.092028472522124],[-118.24096712708423,34.08911315188453]]]}"
,LOS_ANGELES,9278196933610962944,23.79784819203581,23.798,202506,deployment,"{""type"":""Polygon"",""coordinates"":[[[-118.24096712708423,34.07886955701183],[-118.24096712708423,34.06862485992264],[-118.22927115531233,34.07153934507375],[-118.22927115531233,34.08178446011502],[-118.24096712708423,34.07886955701183]]]}"
,LOS_ANGELES,9278196967970701312,1714.1977386702022,1084.859,202506,deployment,"{""type"":""Polygon"",""coordinates"":[[[-118.25266230123178,34.07595354402244],[-118.25266230123178,34.06570926515059],[-118.24096712708423,34.06862485992264],[-118.24096712708423,34.07886955701183],[-118.25266230123178,34.07595354402244]]]}"
,LOS_ANGELES,9278197002330439680,12193.867853796652,5487.34,202506,deployment,"{""type"":""Polygon"",""coordinates"":[[[-118.26435667646179,34.073036421624295],[-118.26435667646179,34.06279256123504],[-118.25266230123178,34.06570926515059],[-118.25266230123178,34.07595354402244],[-118.26435667646179,34.073036421624295]]]}"
,LOS_ANGELES,9278197036690178048,52593.83045605485,19796.355,202506,deployment,"{""type"":""Polygon"",""coordinates"":[[[-118.2760502514817,34.070118190295226],[-118.2760502514817,34.05987474865394],[-118.26435667646179,34.06279256123504],[-118.26435667646179,34.073036421624295],[-118.2760502514817,34.070118190295226]]]}"
,LOS_ANGELES,9278197071049916416,4377.405456258523,2888.973,202506,deployment,"{""type"":""Polygon"",""coordinates"":[[[-118.2760502514817,34.080360530973884],[-118.2760502514817,34.070118190295226],[-118.26435667646179,34.073036421624295],[-118.26435667646179,34.08327918063283],[-118.2760502514817,34.080360530973884]]]}"
,LOS_ANGELES,9278197105409654784,466.3405812907572,465.402,202506,deployment,"{""type"":""Polygon"",""coordinates"":[[[-118.26435667646179,34.08327918063283],[-118.26435667646179,34.073036421624295],[-118.25266230123178,34.07595354402244],[-118.25266230123178,34.086196721095654],[-118.26435667646179,34.08327918063283]]]}"
,LOS_ANGELES,9278197139769393152,189.5335412183789,189.534,202506,deployment,"{""type"":""Polygon"",""coordinates"":[[[-118.26435667646179,34.09352083750658],[-118.26435667646179,34.08327918063283],[-118.25266230123178,34.086196721095654],[-118.25266230123178,34.09643879561616],[-118.26435667646179,34.09352083750658]]]}"
,LOS_ANGELES,9278197174129131520,350.5616015016547,350.562,202506,deployment,"{""type"":""Polygon"",""coordinates"":[[[-118.26435667646179,34.10376139149204],[-118.26435667646179,34.09352083750658],[-118.25266230123178,34.09643879561616],[-118.25266230123178,34.10667976683051],[-118.26435667646179,34.10376139149204]]]}"
,LOS_ANGELES,9278197208488869888,390.99613439515275,390.996,202506,deployment,"{""type"":""Polygon"",""coordinates"":[[[-118.2760502514817,34.10084190642739],[-118.2760502514817,34.09060176993578],[-118.26435667646179,34.09352083750658],[-118.26435667646179,34.10376139149204],[-118.2760502514817,34.10084190642739]]]}"
,LOS_ANGELES,9278197242848608256,1169.919914085847,1169.92,202506,deployment,"{""type"":""Polygon"",""coordinates"":[[[-118.2760502514817,34.09060176993578],[-118.2760502514817,34.080360530973884],[-118.26435667646179,34.08327918063283],[-118.26435667646179,34.09352083750658],[-118.2760502514817,34.09060176993578]]]}"
,LOS_ANGELES,9278197277208346624,2061.331774239235,1787.279,202506,deployment,"{""type"":""Polygon"",""coordinates"":[[[-118.28774302499957,34.087681593381944],[-118.28774302499957,34.077440772597036],[-118.2760502514817,34.080360530973884],[-118.2760502514817,34.09060176993578],[-118.28774302499957,34.087681593381944]]]}"
,LOS_ANGELES,9278197311568084992,1824.9855488138903,1824.986,202506,deployment,"{""type"":""Polygon"",""coordinates"":[[[-118.28774302499957,34.0979213121147],[-118.28774302499957,34.087681593381944],[-118.2760502514817,34.09060176993578],[-118.2760502514817,34.10084190642739],[-118.28774302499957,34.0979213121147]]]}"
,LOS_ANGELES,9278197345927823360,1157.7931155995727,1155.347,202506,deployment,"{""type"":""Polygon"",""coordinates"":[[[-118.29943499572406,34.09499960903254],[-118.29943499572406,34.084760308323716],[-118.28774302499957,34.087681593381944],[-118.28774302499957,34.0979213121147],[-118.29943499572406,34.09499960903254]]]}"
,LOS_ANGELES,9278197380287561728,26128.46760947078,13036.26,202506,deployment,"{""type"":""Polygon"",""coordinates"":[[[-118.29943499572406,34.084760308323716],[-118.29943499572406,34.07451990598098],[-118.28774302499957,34.077440772597036],[-118.28774302499957,34.087681593381944],[-118.29943499572406,34.084760308323716]]]}"
,LOS_ANGELES,9278197414647300096,51909.72855542421,21758.838,202506,deployment,"{""type"":""Polygon"",""coordinates"":[[[-118.29943499572406,34.07451990598098],[-118.29943499572406,34.06427840275792],[-118.28774302499957,34.06719885051353],[-118.28774302499957,34.077440772597036],[-118.29943499572406,34.07451990598098]]]}"
,LOS_ANGELES,9278197449007038464,45909.054532585025,20333.944,202506,deployment,"{""type"":""Polygon"",""coordinates"":[[[-118.28774302499957,34.077440772597036],[-118.28774302499957,34.06719885051353],[-118.2760502514817,34.070118190295226],[-118.2760502514817,34.080360530973884],[-118.28774302499957,34.077440772597036]]]}"
,LOS_ANGELES,9278197483366776832,53595.0617736431,19850.895,202506,deployment,"{""type"":""Polygon"",""coordinates"":[[[-118.28774302499957,34.06719885051353],[-118.28774302499957,34.05695582788558],[-118.2760502514817,34.05987474865394],[-118.2760502514817,34.070118190295226],[-118.28774302499957,34.06719885051353]]]}"
,LOS_ANGELES,9278197517726515200,68954.41406236697,26580.193,202506,deployment,"{""type"":""Polygon"",""coordinates"":[[[-118.29943499572406,34.06427840275792],[-118.29943499572406,34.054035799408744],[-118.28774302499957,34.05695582788558],[-118.28774302499957,34.06719885051353],[-118.29943499572406,34.06427840275792]]]}"
,LOS_ANGELES,9278197552086253568,89384.15838964374,31986.028,202506,deployment,"{""type"":""Polygon"",""coordinates"":[[[-118.29943499572406,34.054035799408744],[-118.29943499572406,34.04379209668821],[-118.28774302499957,34.046711705467914],[-118.28774302499957,34.05695582788558],[-118.29943499572406,34.054035799408744]]]}"
,LOS_ANGELES,9278197586445991936,59503.0167403095,19633.208,202506,deployment,"{""type"":""Polygon"",""coordinates"":[[[-118.29943499572406,34.04379209668821],[-118.29943499572406,34.03354729535165],[-118.28774302499957,34.03646648401584],[-118.28774302499957,34.046711705467914],[-118.29943499572406,34.04379209668821]]]}"
,LOS_ANGELES,9278197620805730304,89420.74951547949,28326.554,202506,deployment,"{""type"":""Polygon"",""coordinates"":[[[-118.28774302499957,34.046711705467914],[-118.28774302499957,34.03646648401584],[-118.2760502514817,34.03938456550279],[-118.2760502514817,34.04963020680471],[-118.28774302499957,34.046711705467914]]]}"
,LOS_ANGELES,9278197655165468672,89349.0172251388,30375.828,202506,deployment,"{""type"":""Polygon"",""coordinates"":[[[-118.28774302499957,34.05695582788558],[-118.28774302499957,34.046711705467914],[-118.2760502514817,34.04963020680471],[-118.2760502514817,34.05987474865394],[-118.28774302499957,34.05695582788558]]]}"
,LOS_ANGELES,9278197689525207040,62544.30072557419,19447.119,202506,deployment,"{""type"":""Polygon"",""coordinates"":[[[-118.2760502514817,34.05987474865394],[-118.2760502514817,34.04963020680471],[-118.26435667646179,34.05254760021976],[-118.26435667646179,34.06279256123504],[-118.2760502514817,34.05987474865394]]]}"
,LOS_ANGELES,9278197723884945408,66508.06673764731,25738.923,202506,deployment,"{""type"":""Polygon"",""coordinates"":[[[-118.26435667646179,34.06279256123504],[-118.26435667646179,34.05254760021976],[-118.25266230123178,34.055463885234694],[-118.25266230123178,34.06570926515059],[-118.26435667646179,34.06279256123504]]]}"
,LOS_ANGELES,9278197758244683776,120327.53863575793,40297.624,202506,deployment,"{""type"":""Polygon"",""coordinates"":[[[-118.26435667646179,34.05254760021976],[-118.26435667646179,34.04230153933364],[-118.25266230123178,34.04521740502996],[-118.25266230123178,34.055463885234694],[-118.26435667646179,34.05254760021976]]]}"
,LOS_ANGELES,9278197792604422144,80885.62873858205,28084.944,202506,deployment,"{""type"":""Polygon"",""coordinates"":[[[-118.2760502514817,34.04963020680471],[-118.2760502514817,34.03938456550279],[-118.26435667646179,34.04230153933364],[-118.26435667646179,34.05254760021976],[-118.2760502514817,34.04963020680471]]]}"
,LOS_ANGELES,9278197826964160512,78606.18834181395,26754.428,202506,deployment,"{""type"":""Polygon"",""coordinates"":[[[-118.2760502514817,34.03938456550279],[-118.2760502514817,34.02913782550405],[-118.26435667646179,34.03205437933252],[-118.26435667646179,34.04230153933364],[-118.2760502514817,34.03938456550279]]]}"
,LOS_ANGELES,9278197861323898880,96370.35561392295,30120.23,202506,deployment,"{""type"":""Polygon"",""coordinates"":[[[-118.26435667646179,34.04230153933364],[-118.26435667646179,34.03205437933252],[-118.25266230123178,34.03496982529217],[-118.25266230123178,34.04521740502996],[-118.26435667646179,34.04230153933364]]]}"
,LOS_ANGELES,9278197895683637248,44372.48501416851,11526.078,202506,deployment,"{""type"":""Polygon"",""coordinates"":[[[-118.26435667646179,34.03205437933252],[-118.26435667646179,34.02180612097279],[-118.25266230123178,34.02472114677768],[-118.25266230123178,34.03496982529217],[-118.26435667646179,34.03205437933252]]]}"
,LOS_ANGELES,9278197930043375616,69000.70159927983,22750.505,202506,deployment,"{""type"":""Polygon"",""coordinates"":[[[-118.2760502514817,34.02913782550405],[-118.2760502514817,34.01888998756491],[-118.26435667646179,34.02180612097279],[-118.26435667646179,34.03205437933252],[-118.2760502514817,34.02913782550405]]]}"
,LOS_ANGELES,9278197964403113984,46364.46316208101,18080.598,202506,deployment,"{""type"":""Polygon"",""coordinates"":[[[-118.28774302499957,34.02622016428525],[-118.28774302499957,34.01597274703258],[-118.2760502514817,34.01888998756491],[-118.2760502514817,34.02913782550405],[-118.28774302499957,34.02622016428525]]]}"
,LOS_ANGELES,9278197998762852352,100042.4011276103,33212.598,202506,deployment,"{""type"":""Polygon"",""coordinates"":[[[-118.28774302499957,34.03646648401584],[-118.28774302499957,34.02622016428525],[-118.2760502514817,34.02913782550405],[-118.2760502514817,34.03938456550279],[-118.28774302499957,34.03646648401584]]]}"
,LOS_ANGELES,9278198033122590720,81437.3996801529,32635.767,202506,deployment,"{""type"":""Polygon"",""coordinates"":[[[-118.29943499572406,34.03354729535165],[-118.29943499572406,34.023301396155],[-118.28774302499957,34.02622016428525],[-118.28774302499957,34.03646648401584],[-118.29943499572406,34.03354729535165]]]}"
,LOS_ANGELES,9278198067482329088,29936.665197258746,11670.232,202506,deployment,"{""type"":""Polygon"",""coordinates"":[[[-118.29943499572406,34.023301396155],[-118.29943499572408,34.01305439985473],[-118.28774302499957,34.01597274703258],[-118.28774302499957,34.02622016428525],[-118.29943499572406,34.023301396155]]]}"
,LOS_ANGELES,9278198101842067456,2531.685545659305,1512.768,202506,deployment,"{""type"":""Polygon"",""coordinates"":[[[-118.29943499572408,34.01305439985473],[-118.29943499572406,34.00280630720794],[-118.28774302499957,34.005724233014874],[-118.28774302499957,34.01597274703258],[-118.29943499572408,34.01305439985473]]]}"
,LOS_ANGELES,9278198136201805824,9123.393097437789,3549.342,202506,deployment,"{""type"":""Polygon"",""coordinates"":[[[-118.28774302499957,34.01597274703258],[-118.28774302499957,34.005724233014874],[-118.2760502514817,34.008641052442364],[-118.2760502514817,34.01888998756491],[-118.28774302499957,34.01597274703258]]]}"
,LOS_ANGELES,9278198170561544192,99.19466258678302,99.195,202506,deployment,"{""type"":""Polygon"",""coordinates"":[[[-118.28774302499957,34.005724233014874],[-118.28774302499957,33.99547462298976],[-118.2760502514817,33.998391020894],[-118.2760502514817,34.008641052442364],[-118.28774302499957,34.005724233014874]]]}"
,LOS_ANGELES,9278198204921282560,30.65309081885661,30.653,202506,deployment,"{""type"":""Polygon"",""coordinates"":[[[-118.29943499572406,34.00280630720794],[-118.29943499572406,33.992557118972265],[-118.28774302499957,33.99547462298976],[-118.28774302499957,34.005724233014874],[-118.29943499572406,34.00280630720794]]]}"
,LOS_ANGELES,9278198548518666240,17.693862692139227,10.108,202506,deployment,"{""type"":""Polygon"",""coordinates"":[[[-118.2760502514817,34.008641052442364],[-118.2760502514817,33.998391020894],[-118.26435667646179,34.001306312205905],[-118.26435667646179,34.011556765011406],[-118.2760502514817,34.008641052442364]]]}"
,LOS_ANGELES,9278198582878404608,21203.167244967728,7812.398,202506,deployment,"{""type"":""Polygon"",""coordinates"":[[[-118.2760502514817,34.01888998756491],[-118.2760502514817,34.008641052442364],[-118.26435667646179,34.011556765011406],[-118.26435667646179,34.02180612097279],[-118.2760502514817,34.01888998756491]]]}"
,LOS_ANGELES,9278198617238142976,3963.822213139433,1208.211,202506,deployment,"{""type"":""Polygon"",""coordinates"":[[[-118.26435667646179,34.02180612097279],[-118.26435667646179,34.011556765011406],[-118.25266230123178,34.014471370243406],[-118.25266230123178,34.02472114677768],[-118.26435667646179,34.02180612097279]]]}"
,LOS_ANGELES,9278198651597881344,5795.747343153859,1791.541,202506,deployment,"{""type"":""Polygon"",""coordinates"":[[[-118.25266230123178,34.02472114677768],[-118.25266230123178,34.014471370243406],[-118.24096712708423,34.017384867660255],[-118.24096712708423,34.02763506450149],[-118.25266230123178,34.02472114677768]]]}"
,LOS_ANGELES,9278198754677096448,3357.963364609885,1411.805,202506,deployment,"{""type"":""Polygon"",""coordinates"":[[[-118.24096712708423,34.02763506450149],[-118.24096712708423,34.017384867660255],[-118.22927115531233,34.02029725678423],[-118.22927115531233,34.03054787366657],[-118.24096712708423,34.02763506450149]]]}"
,LOS_ANGELES,9278198789036834816,142.189099108548,54.713,202506,deployment,"{""type"":""Polygon"",""coordinates"":[[[-118.22927115531233,34.03054787366657],[-118.22927115531233,34.02029725678423],[-118.21757438720986,34.02320853713807],[-118.21757438720986,34.0334595737957],[-118.22927115531233,34.03054787366657]]]}"
,PHOENIX,9739878636298698752,1612.7247286334184,499.374,202506,deployment,"{""type"":""Polygon"",""coordinates"":[[[-111.86878249373518,33.23629094022619],[-111.86878249373518,33.22559878043331],[-111.85685855297612,33.227791798472666],[-111.85685855297612,33.23848431480166],[-111.86878249373518,33.23629094022619]]]}"
,PHOENIX,9739878670658437120,6602.156843960117,1691.847,202506,deployment,"{""type"":""Polygon"",""coordinates"":[[[-111.86878249373518,33.24698196347811],[-111.86878249373518,33.23629094022619],[-111.85685855297612,33.23848431480166],[-111.85685855297612,33.24917569424628],[-111.86878249373518,33.24698196347811]]]}"
,PHOENIX,9739878705018175488,2602.04181327973,786.586,202506,deployment,"{""type"":""Polygon"",""coordinates"":[[[-111.88070640336356,33.244786990458216],[-111.88070640336356,33.23409632366344],[-111.86878249373518,33.23629094022619],[-111.86878249373518,33.24698196347811],[-111.88070640336356,33.244786990458216]]]}"
,PHOENIX,9739878739377913856,1.2281863490569458,0.334,202506,deployment,"{""type"":""Polygon"",""coordinates"":[[[-111.88070640336356,33.23409632366344],[-111.88070640336356,33.22340452067127],[-111.86878249373518,33.22559878043331],[-111.86878249373518,33.23629094022619],[-111.88070640336356,33.23409632366344]]]}"
,PHOENIX,9739878911176605696,5923.565081740341,1628.039,202506,deployment,"{""type"":""Polygon"",""coordinates"":[[[-111.89263028034495,33.25327994874738],[-111.89263028034495,33.2425907753975],[-111.88070640336356,33.244786990458216],[-111.88070640336356,33.25547652018602],[-111.89263028034495,33.25327994874738]]]}"
,PHOENIX,9739879014255820800,13173.142316195912,2384.56,202506,deployment,"{""type"":""Polygon"",""coordinates"":[[[-111.89263028034495,33.26396798450504],[-111.89263028034495,33.25327994874738],[-111.88070640336356,33.25547652018602],[-111.88070640336356,33.266164911977896],[-111.89263028034495,33.26396798450504]]]}"
,PHOENIX,9739879048615559168,12675.700006846397,1814.811,202506,deployment,"{""type"":""Polygon"",""coordinates"":[[[-111.88070640336356,33.266164911977896],[-111.88070640336356,33.25547652018602],[-111.86878249373518,33.25767184931951],[-111.86878249373518,33.26836059688144],[-111.88070640336356,33.266164911977896]]]}"
,PHOENIX,9739879082975297536,3728.007917501838,910.492,202506,deployment,"{""type"":""Polygon"",""coordinates"":[[[-111.88070640336356,33.25547652018602],[-111.88070640336356,33.244786990458216],[-111.86878249373518,33.24698196347811],[-111.86878249373518,33.25767184931951],[-111.88070640336356,33.25547652018602]]]}"
,PHOENIX,9739879117335035904,15933.862825199392,3416.332,202506,deployment,"{""type"":""Polygon"",""coordinates"":[[[-111.86878249373518,33.25767184931951],[-111.86878249373518,33.24698196347811],[-111.85685855297612,33.24917569424628],[-111.85685855297612,33.25986593593701],[-111.86878249373518,33.25767184931951]]]}"
,PHOENIX,9739879151694774272,32227.156251815923,5090.435,202506,deployment,"{""type"":""Polygon"",""coordinates"":[[[-111.86878249373518,33.26836059688144],[-111.86878249373518,33.25767184931951],[-111.85685855297612,33.25986593593701],[-111.85685855297612,33.27055503900491],[-111.86878249373518,33.26836059688144]]]}"
,PHOENIX,9739879186054512640,39281.84280782697,6425.021,202506,deployment,"{""type"":""Polygon"",""coordinates"":[[[-111.86878249373518,33.27904820529565],[-111.86878249373518,33.26836059688144],[-111.85685855297612,33.27055503900491],[-111.85685855297612,33.281243002581746],[-111.86878249373518,33.27904820529565]]]}"
,PHOENIX,9739879220414251008,29383.29802604665,5001.165,202506,deployment,"{""type"":""Polygon"",""coordinates"":[[[-111.88070640336356,33.276852164965554],[-111.88070640336356,33.266164911977896],[-111.86878249373518,33.26836059688144],[-111.86878249373518,33.27904820529565],[-111.88070640336356,33.276852164965554]]]}"
,PHOENIX,9739879254773989376,32469.084461643208,5374.176,202506,deployment,"{""type"":""Polygon"",""coordinates"":[[[-111.88070640336356,33.28753827828136],[-111.88070640336356,33.276852164965554],[-111.86878249373518,33.27904820529565],[-111.86878249373518,33.289734673694504],[-111.88070640336356,33.28753827828136]]]}"
,PHOENIX,9739879289133727744,39495.984566941515,6837.723,202506,deployment,"{""type"":""Polygon"",""coordinates"":[[[-111.86878249373518,33.289734673694504],[-111.86878249373518,33.27904820529565],[-111.85685855297612,33.281243002581746],[-111.85685855297612,33.291929825799905],[-111.86878249373518,33.289734673694504]]]}"
,PHOENIX,9739879323493466112,67706.56615790032,9993.714,202506,deployment,"{""type"":""Polygon"",""coordinates"":[[[-111.86878249373518,33.30042000121104],[-111.86878249373518,33.289734673694504],[-111.85685855297612,33.291929825799905],[-111.85685855297612,33.302615507792446],[-111.86878249373518,33.30042000121104]]]}"
,PHOENIX,9739879357853204480,79297.29661125087,10315.292,202506,deployment,"{""type"":""Polygon"",""coordinates"":[[[-111.86878249373518,33.311104186978945],[-111.86878249373518,33.30042000121104],[-111.85685855297612,33.302615507792446],[-111.85685855297612,33.313300047693076],[-111.86878249373518,33.311104186978945]]]}"
,PHOENIX,9739879392212942848,100334.09380032649,14990.87,202506,deployment,"{""type"":""Polygon"",""coordinates"":[[[-111.88070640336356,33.30890708243008],[-111.88070640336356,33.29822325105831],[-111.86878249373518,33.30042000121104],[-111.86878249373518,33.311104186978945],[-111.88070640336356,33.30890708243008]]]}"
,PHOENIX,9739879426572681216,59886.002070659255,9438.836,202506,deployment,"{""type"":""Polygon"",""coordinates"":[[[-111.88070640336356,33.29822325105831],[-111.88070640336356,33.28753827828136],[-111.86878249373518,33.289734673694504],[-111.86878249373518,33.30042000121104],[-111.88070640336356,33.29822325105831]]]}"
,PHOENIX,9739879460932419584,15920.50570255304,2558.145,202506,deployment,"{""type"":""Polygon"",""coordinates"":[[[-111.89263028034495,33.29602525754481],[-111.89263028034495,33.28534063977109],[-111.88070640336356,33.28753827828136],[-111.88070640336356,33.29822325105831],[-111.89263028034495,33.29602525754481]]]}"
,PHOENIX,9739879495292157952,63512.19754038624,7985.879,202506,deployment,"{""type"":""Polygon"",""coordinates"":[[[-111.89263028034495,33.30670873425698],[-111.89263028034495,33.29602525754481],[-111.88070640336356,33.29822325105831],[-111.88070640336356,33.30890708243008],[-111.89263028034495,33.30670873425698]]]}"
,PHOENIX,9739879529651896320,84582.00439347081,11405.676,202506,deployment,"{""type"":""Polygon"",""coordinates"":[[[-111.90455412316315,33.3045091426707],[-111.90455412316315,33.29382602088169],[-111.89263028034495,33.29602525754481],[-111.89263028034495,33.30670873425698],[-111.90455412316315,33.3045091426707]]]}"
,PHOENIX,9739879564011634688,7642.258610174211,1271.439,202506,deployment,"{""type"":""Polygon"",""coordinates"":[[[-111.90455412316315,33.29382602088169],[-111.90455412316315,33.28314175837491],[-111.89263028034495,33.28534063977109],[-111.89263028034495,33.29602525754481],[-111.90455412316315,33.29382602088169]]]}"
,PHOENIX,9739879632731111424,23292.065980623127,3610.038,202506,deployment,"{""type"":""Polygon"",""coordinates"":[[[-111.89263028034495,33.28534063977109],[-111.89263028034495,33.274654881802164],[-111.88070640336356,33.276852164965554],[-111.88070640336356,33.28753827828136],[-111.89263028034495,33.28534063977109]]]}"
,PHOENIX,9739879667090849792,10820.361234052636,1988.211,202506,deployment,"{""type"":""Polygon"",""coordinates"":[[[-111.89263028034495,33.274654881802164],[-111.89263028034495,33.26396798450504],[-111.88070640336356,33.266164911977896],[-111.88070640336356,33.276852164965554],[-111.89263028034495,33.274654881802164]]]}"
,PHOENIX,9739879873249280000,1002.3731997734869,270.113,202506,deployment,"{""type"":""Polygon"",""coordinates"":[[[-111.91647793030225,33.29162554128064],[-111.91647793030225,33.280941634304604],[-111.90455412316315,33.28314175837491],[-111.90455412316315,33.29382602088169],[-111.91647793030225,33.29162554128064]]]}"
,PHOENIX,9739879907609018368,15925.7293628042,1736.36,202506,deployment,"{""type"":""Polygon"",""coordinates"":[[[-111.91647793030225,33.302308307882875],[-111.91647793030225,33.29162554128064],[-111.90455412316315,33.29382602088169],[-111.90455412316315,33.3045091426707],[-111.91647793030225,33.302308307882875]]]}"
,PHOENIX,9739879941968756736,4067.5355785616807,531.681,202506,deployment,"{""type"":""Polygon"",""coordinates"":[[[-111.92840170024643,33.30010623010573],[-111.92840170024643,33.289423818953956],[-111.91647793030225,33.29162554128064],[-111.91647793030225,33.302308307882875],[-111.92840170024643,33.30010623010573]]]}"
,PHOENIX,9739880045047971840,3088.6893809510343,487.443,202506,deployment,"{""type"":""Polygon"",""coordinates"":[[[-111.94032543148008,33.29790290955207],[-111.94032543148008,33.287220854114516],[-111.92840170024643,33.289423818953956],[-111.92840170024643,33.30010623010573],[-111.94032543148008,33.29790290955207]]]}"
,PHOENIX,9739880079407710208,1714.0715758390545,284.83,202506,deployment,"{""type"":""Polygon"",""coordinates"":[[[-111.9522491224878,33.295698346435245],[-111.9522491224878,33.285016646975755],[-111.94032543148008,33.287220854114516],[-111.94032543148008,33.29790290955207],[-111.9522491224878,33.295698346435245]]]}"
,PHOENIX,9739883034345209856,11475.621206712252,2316.019,202506,deployment,"{""type"":""Polygon"",""coordinates"":[[[-111.96417277175436,33.304172744324724],[-111.96417277175436,33.29349254096923],[-111.9522491224878,33.295698346435245],[-111.9522491224878,33.30637890568807],[-111.96417277175436,33.304172744324724]]]}"
,PHOENIX,9739883068704948224,1232.4329488669387,186.612,202506,deployment,"{""type"":""Polygon"",""coordinates"":[[[-111.9760963777647,33.3019653405629],[-111.9760963777647,33.29128549336854],[-111.96417277175436,33.29349254096923],[-111.96417277175436,33.304172744324724],[-111.9760963777647,33.3019653405629]]]}"
,PHOENIX,9739883103064686592,6131.750697384176,1144.66,202506,deployment,"{""type"":""Polygon"",""coordinates"":[[[-111.9760963777647,33.31264404737481],[-111.9760963777647,33.3019653405629],[-111.96417277175436,33.304172744324724],[-111.96417277175436,33.31485180695299],[-111.9760963777647,33.31264404737481]]]}"
,PHOENIX,9739883137424424960,18848.75569752817,3968.172,202506,deployment,"{""type"":""Polygon"",""coordinates"":[[[-111.96417277175436,33.31485180695299],[-111.96417277175436,33.304172744324724],[-111.9522491224878,33.30637890568807],[-111.9522491224878,33.31705832386905],[-111.96417277175436,33.31485180695299]]]}"
,PHOENIX,9739883171784163328,39775.79294470056,9143.248,202506,deployment,"{""type"":""Polygon"",""coordinates"":[[[-111.96417277175436,33.3255297279895],[-111.96417277175436,33.31485180695299],[-111.9522491224878,33.31705832386905],[-111.9522491224878,33.327736600113695],[-111.96417277175436,33.3255297279895]]]}"
,PHOENIX,9739883206143901696,51799.60573443982,10641.812,202506,deployment,"{""type"":""Polygon"",""coordinates"":[[[-111.96417277175436,33.33620650657039],[-111.96417277175436,33.3255297279895],[-111.9522491224878,33.327736600113695],[-111.9522491224878,33.33841373355815],[-111.96417277175436,33.33620650657039]]]}"
,PHOENIX,9739883240503640064,2865.211128598966,624.845,202506,deployment,"{""type"":""Polygon"",""coordinates"":[[[-111.9760963777647,33.33399803639377],[-111.9760963777647,33.323321612939736],[-111.96417277175436,33.3255297279895],[-111.96417277175436,33.33620650657039],[-111.9760963777647,33.33399803639377]]]}"
,PHOENIX,9739883274863378432,11791.990201251658,3017.267,202506,deployment,"{""type"":""Polygon"",""coordinates"":[[[-111.9760963777647,33.323321612939736],[-111.9760963777647,33.31264404737481],[-111.96417277175436,33.31485180695299],[-111.96417277175436,33.3255297279895],[-111.9760963777647,33.323321612939736]]]}"
,PHOENIX,9739883309223116800,2738.099678312597,806.543,202506,deployment,"{""type"":""Polygon"",""coordinates"":[[[-111.98801993900399,33.3211122551793],[-111.98801993900399,33.31043504534951],[-111.9760963777647,33.31264404737481],[-111.9760963777647,33.323321612939736],[-111.98801993900399,33.3211122551793]]]}"
,PHOENIX,9739883343582855168,4.717803743361603,3.074,202506,deployment,"{""type"":""Polygon"",""coordinates"":[[[-111.98801993900399,33.331788323243124],[-111.98801993900399,33.3211122551793],[-111.9760963777647,33.323321612939736],[-111.9760963777647,33.33399803639377],[-111.98801993900399,33.331788323243124]]]}"
,PHOENIX,9739884717972389888,1.4177966611519472,1.418,202506,deployment,"{""type"":""Polygon"",""coordinates"":[[[-111.98801993900399,33.37448116058326],[-111.98801993900399,33.3638096682094],[-111.9760963777647,33.366020445461466],[-111.9760963777647,33.37669229184612],[-111.98801993900399,33.37448116058326]]]}"
,PHOENIX,9739884752332128256,0.07398424539254328,0.074,202506,deployment,"{""type"":""Polygon"",""coordinates"":[[[-111.98801993900399,33.3638096682094],[-111.98801993900399,33.35313703062045],[-111.9760963777647,33.35534745351689],[-111.9760963777647,33.366020445461466],[-111.98801993900399,33.3638096682094]]]}"
,PHOENIX,9739884889771081728,1.2222658993208741,1.222,202506,deployment,"{""type"":""Polygon"",""coordinates"":[[[-111.98801993900399,33.3424632486777],[-111.98801993900399,33.331788323243124],[-111.9760963777647,33.33399803639377],[-111.9760963777647,33.34467331687368],[-111.98801993900399,33.3424632486777]]]}"
,PHOENIX,9739884958490558464,5433.282191822268,849.283,202506,deployment,"{""type"":""Polygon"",""coordinates"":[[[-111.9760963777647,33.35534745351689],[-111.9760963777647,33.34467331687368],[-111.96417277175436,33.346882141832445],[-111.96417277175436,33.3575566329131],[-111.9760963777647,33.35534745351689]]]}"
,PHOENIX,9739884992850296832,7346.766427118322,1364.496,202506,deployment,"{""type"":""Polygon"",""coordinates"":[[[-111.9760963777647,33.34467331687368],[-111.9760963777647,33.33399803639377],[-111.96417277175436,33.33620650657039],[-111.96417277175436,33.346882141832445],[-111.9760963777647,33.34467331687368]]]}"
,PHOENIX,9739885027210035200,52393.58756569183,11414.281,202506,deployment,"{""type"":""Polygon"",""coordinates"":[[[-111.96417277175436,33.346882141832445],[-111.96417277175436,33.33620650657039],[-111.9522491224878,33.33841373355815],[-111.9522491224878,33.34908972333923],[-111.96417277175436,33.346882141832445]]]}"
,PHOENIX,9739885061569773568,83266.41493711818,17238.082,202506,deployment,"{""type"":""Polygon"",""coordinates"":[[[-111.96417277175436,33.3575566329131],[-111.96417277175436,33.346882141832445],[-111.9522491224878,33.34908972333923],[-111.9522491224878,33.359764568594386],[-111.96417277175436,33.3575566329131]]]}"
,PHOENIX,9739885095929511936,68852.74620216612,13183.599,202506,deployment,"{""type"":""Polygon"",""coordinates"":[[[-111.96417277175436,33.368229978950446],[-111.96417277175436,33.3575566329131],[-111.9522491224878,33.359764568594386],[-111.9522491224878,33.370438268461726],[-111.96417277175436,33.368229978950446]]]}"
,PHOENIX,9739885130289250304,4879.805608073857,573.574,202506,deployment,"{""type"":""Polygon"",""coordinates"":[[[-111.9760963777647,33.366020445461466],[-111.9760963777647,33.35534745351689],[-111.96417277175436,33.3575566329131],[-111.96417277175436,33.368229978950446],[-111.9760963777647,33.366020445461466]]]}"
,PHOENIX,9739885164648988672,3796.700152669328,723.263,202506,deployment,"{""type"":""Polygon"",""coordinates"":[[[-111.9760963777647,33.37669229184612],[-111.9760963777647,33.366020445461466],[-111.96417277175436,33.368229978950446],[-111.96417277175436,33.37890217908323],[-111.9760963777647,33.37669229184612]]]}"
,PHOENIX,9739885199008727040,145968.04032573942,25391.463,202506,deployment,"{""type"":""Polygon"",""coordinates"":[[[-111.96417277175436,33.37890217908323],[-111.96417277175436,33.368229978950446],[-111.9522491224878,33.370438268461726],[-111.9522491224878,33.38111082208001],[-111.96417277175436,33.37890217908323]]]}"
,PHOENIX,9739885233368465408,135242.36988431783,17584.479,202506,deployment,"{""type"":""Polygon"",""coordinates"":[[[-111.9522491224878,33.38111082208001],[-111.9522491224878,33.370438268461726],[-111.94032543148008,33.37264531378127],[-111.94032543148008,33.38331822062252],[-111.9522491224878,33.38111082208001]]]}"
,PHOENIX,9739885267728203776,93916.87000342025,22980.464,202506,deployment,"{""type"":""Polygon"",""coordinates"":[[[-111.9522491224878,33.370438268461726],[-111.9522491224878,33.359764568594386],[-111.94032543148008,33.36197126034664],[-111.94032543148008,33.37264531378127],[-111.9522491224878,33.370438268461726]]]}"
,PHOENIX,9739885302087942144,128654.60944026725,22910.102,202506,deployment,"{""type"":""Polygon"",""coordinates"":[[[-111.94032543148008,33.37264531378127],[-111.94032543148008,33.36197126034664],[-111.92840170024643,33.36417670795635],[-111.92840170024643,33.374851114695616],[-111.94032543148008,33.37264531378127]]]}"
,PHOENIX,9739885336447680512,156853.11031795488,10870.32,202506,deployment,"{""type"":""Polygon"",""coordinates"":[[[-111.94032543148008,33.38331822062252],[-111.94032543148008,33.37264531378127],[-111.92840170024643,33.374851114695616],[-111.92840170024643,33.385524374497386],[-111.94032543148008,33.38331822062252]]]}"
,PHOENIX,9739885370807418880,156819.6225831422,14434.263,202506,deployment,"{""type"":""Polygon"",""coordinates"":[[[-111.92840170024643,33.385524374497386],[-111.92840170024643,33.374851114695616],[-111.91647793030225,33.37705567099191],[-111.91647793030225,33.38772928349179],[-111.92840170024643,33.385524374497386]]]}"
,PHOENIX,9739885405167157248,192827.83220867126,28122.29,202506,deployment,"{""type"":""Polygon"",""coordinates"":[[[-111.91647793030225,33.38772928349179],[-111.91647793030225,33.37705567099191],[-111.90455412316315,33.37925898245782],[-111.90455412316315,33.38993294739349],[-111.91647793030225,33.38772928349179]]]}"
,PHOENIX,9739885439526895616,161385.428374863,25081.141,202506,deployment,"{""type"":""Polygon"",""coordinates"":[[[-111.91647793030225,33.37705567099191],[-111.91647793030225,33.366380911210555],[-111.90455412316315,33.368583869896874],[-111.90455412316315,33.37925898245782],[-111.91647793030225,33.37705567099191]]]}"
,PHOENIX,9739885473886633984,16704.252440542703,2160.605,202506,deployment,"{""type"":""Polygon"",""coordinates"":[[[-111.92840170024643,33.374851114695616],[-111.92840170024643,33.36417670795635],[-111.91647793030225,33.366380911210555],[-111.91647793030225,33.37705567099191],[-111.92840170024643,33.374851114695616]]]}"
,PHOENIX,9739885508246372352,37737.32277317667,9987.888,202506,deployment,"{""type"":""Polygon"",""coordinates"":[[[-111.92840170024643,33.36417670795635],[-111.92840170024643,33.35350115514077],[-111.91647793030225,33.355705005008886],[-111.91647793030225,33.366380911210555],[-111.92840170024643,33.36417670795635]]]}"
,PHOENIX,9739885542606110720,147785.1793728101,26835.294,202506,deployment,"{""type"":""Polygon"",""coordinates"":[[[-111.91647793030225,33.366380911210555],[-111.91647793030225,33.355705005008886],[-111.90455412316315,33.357907610571814],[-111.90455412316315,33.368583869896874],[-111.91647793030225,33.366380911210555]]]}"
,PHOENIX,9739885576965849088,148404.28339652932,23724.183,202506,deployment,"{""type"":""Polygon"",""coordinates"":[[[-111.91647793030225,33.355705005008886],[-111.91647793030225,33.34502795324875],[-111.90455412316315,33.347230205344424],[-111.90455412316315,33.357907610571814],[-111.91647793030225,33.355705005008886]]]}"
,PHOENIX,9739885611325587456,43121.743255055306,5360.274,202506,deployment,"{""type"":""Polygon"",""coordinates"":[[[-111.92840170024643,33.35350115514077],[-111.92840170024643,33.342824457110716],[-111.91647793030225,33.34502795324875],[-111.91647793030225,33.355705005008886],[-111.92840170024643,33.35350115514077]]]}"
,PHOENIX,9739885645685325824,42664.85120898792,4915.356,202506,deployment,"{""type"":""Polygon"",""coordinates"":[[[-111.94032543148008,33.351296061179866],[-111.94032543148008,33.340619717142815],[-111.92840170024643,33.342824457110716],[-111.92840170024643,33.35350115514077],[-111.94032543148008,33.351296061179866]]]}"
,PHOENIX,9739885680045064192,71298.55212877532,9422.958,202506,deployment,"{""type"":""Polygon"",""coordinates"":[[[-111.94032543148008,33.36197126034664],[-111.94032543148008,33.351296061179866],[-111.92840170024643,33.35350115514077],[-111.92840170024643,33.36417670795635],[-111.94032543148008,33.36197126034664]]]}"
,PHOENIX,9739885714404802560,39618.5618476191,7706.037,202506,deployment,"{""type"":""Polygon"",""coordinates"":[[[-111.9522491224878,33.359764568594386],[-111.9522491224878,33.34908972333923],[-111.94032543148008,33.351296061179866],[-111.94032543148008,33.36197126034664],[-111.9522491224878,33.359764568594386]]]}"
,PHOENIX,9739885748764540928,4624.783711146836,1002.391,202506,deployment,"{""type"":""Polygon"",""coordinates"":[[[-111.9522491224878,33.34908972333923],[-111.9522491224878,33.33841373355815],[-111.94032543148008,33.340619717142815],[-111.94032543148008,33.351296061179866],[-111.9522491224878,33.34908972333923]]]}"
,PHOENIX,9739885783124279296,41689.62710302691,7617.339,202506,deployment,"{""type"":""Polygon"",""coordinates"":[[[-111.9522491224878,33.33841373355815],[-111.9522491224878,33.327736600113695],[-111.94032543148008,33.329942229098016],[-111.94032543148008,33.340619717142815],[-111.9522491224878,33.33841373355815]]]}"
,PHOENIX,9739885817484017664,46580.8947526313,6184.803,202506,deployment,"{""type"":""Polygon"",""coordinates"":[[[-111.94032543148008,33.340619717142815],[-111.94032543148008,33.329942229098016],[-111.92840170024643,33.33214661472871],[-111.92840170024643,33.342824457110716],[-111.94032543148008,33.340619717142815]]]}"
,PHOENIX,9739885851843756032,16290.050748377542,2377.436,202506,deployment,"{""type"":""Polygon"",""coordinates"":[[[-111.94032543148008,33.329942229098016],[-111.94032543148008,33.31926359790862],[-111.92840170024643,33.32146762885789],[-111.92840170024643,33.33214661472871],[-111.94032543148008,33.329942229098016]]]}"
,PHOENIX,9739885886203494400,36245.723638347736,7246.181,202506,deployment,"{""type"":""Polygon"",""coordinates"":[[[-111.9522491224878,33.327736600113695],[-111.9522491224878,33.31705832386905],[-111.94032543148008,33.31926359790862],[-111.94032543148008,33.329942229098016],[-111.9522491224878,33.327736600113695]]]}"
,PHOENIX,9739885920563232768,18878.661396381445,3503.111,202506,deployment,"{""type"":""Polygon"",""coordinates"":[[[-111.9522491224878,33.31705832386905],[-111.9522491224878,33.30637890568807],[-111.94032543148008,33.308583824438486],[-111.94032543148008,33.31926359790862],[-111.9522491224878,33.31705832386905]]]}"
,PHOENIX,9739885954922971136,27977.532175286146,4904.581,202506,deployment,"{""type"":""Polygon"",""coordinates"":[[[-111.9522491224878,33.30637890568807],[-111.9522491224878,33.295698346435245],[-111.94032543148008,33.29790290955207],[-111.94032543148008,33.308583824438486],[-111.9522491224878,33.30637890568807]]]}"
,PHOENIX,9739885989282709504,35224.69231418283,5728.375,202506,deployment,"{""type"":""Polygon"",""coordinates"":[[[-111.94032543148008,33.308583824438486],[-111.94032543148008,33.29790290955207],[-111.92840170024643,33.30010623010573],[-111.92840170024643,33.31078750036209],[-111.94032543148008,33.308583824438486]]]}"
,PHOENIX,9739886023642447872,24672.0905852987,3926.838,202506,deployment,"{""type"":""Polygon"",""coordinates"":[[[-111.94032543148008,33.31926359790862],[-111.94032543148008,33.308583824438486],[-111.92840170024643,33.31078750036209],[-111.92840170024643,33.32146762885789],[-111.94032543148008,33.31926359790862]]]}"
,PHOENIX,9739886058002186240,64149.52705010278,8537.023,202506,deployment,"{""type"":""Polygon"",""coordinates"":[[[-111.92840170024643,33.32146762885789],[-111.92840170024643,33.31078750036209],[-111.91647793030225,33.312989933245575],[-111.91647793030225,33.32367041650364],[-111.92840170024643,33.32146762885789]]]}"
,PHOENIX,9739886092361924608,43420.022208384806,6089.005,202506,deployment,"{""type"":""Polygon"",""coordinates"":[[[-111.92840170024643,33.31078750036209],[-111.92840170024643,33.30010623010573],[-111.91647793030225,33.302308307882875],[-111.91647793030225,33.312989933245575],[-111.92840170024643,33.31078750036209]]]}"
,PHOENIX,9739886126721662976,106585.31327999526,14043.796,202506,deployment,"{""type"":""Polygon"",""coordinates"":[[[-111.91647793030225,33.312989933245575],[-111.91647793030225,33.302308307882875],[-111.90455412316315,33.3045091426707],[-111.90455412316315,33.31519112287623],[-111.91647793030225,33.312989933245575]]]}"
,PHOENIX,9739886161081401344,125679.48241747094,18097.936,202506,deployment,"{""type"":""Polygon"",""coordinates"":[[[-111.91647793030225,33.32367041650364],[-111.91647793030225,33.312989933245575],[-111.90455412316315,33.31519112287623],[-111.90455412316315,33.32587196063319],[-111.91647793030225,33.32367041650364]]]}"
,PHOENIX,9739886195441139712,125903.19100732845,18195.821,202506,deployment,"{""type"":""Polygon"",""coordinates"":[[[-111.91647793030225,33.334349756792626],[-111.91647793030225,33.32367041650364],[-111.90455412316315,33.32587196063319],[-111.90455412316315,33.33655165507718],[-111.91647793030225,33.334349756792626]]]}"
,PHOENIX,9739886229800878080,21546.132575761163,2139.476,202506,deployment,"{""type"":""Polygon"",""coordinates"":[[[-111.92840170024643,33.33214661472871],[-111.92840170024643,33.32146762885789],[-111.91647793030225,33.32367041650364],[-111.91647793030225,33.334349756792626],[-111.92840170024643,33.33214661472871]]]}"
,PHOENIX,9739886264160616448,57494.47037903522,7448.137,202506,deployment,"{""type"":""Polygon"",""coordinates"":[[[-111.92840170024643,33.342824457110716],[-111.92840170024643,33.33214661472871],[-111.91647793030225,33.334349756792626],[-111.91647793030225,33.34502795324875],[-111.92840170024643,33.342824457110716]]]}"
,PHOENIX,9739886298520354816,107079.83276282543,16717.565,202506,deployment,"{""type"":""Polygon"",""coordinates"":[[[-111.91647793030225,33.34502795324875],[-111.91647793030225,33.334349756792626],[-111.90455412316315,33.33655165507718],[-111.90455412316315,33.347230205344424],[-111.91647793030225,33.34502795324875]]]}"
,PHOENIX,9739886332880093184,12977.437253713499,2577.187,202506,deployment,"{""type"":""Polygon"",""coordinates"":[[[-111.90455412316315,33.347230205344424],[-111.90455412316315,33.33655165507718],[-111.89263028034495,33.338752309370356],[-111.89263028034495,33.34943121318578],[-111.90455412316315,33.347230205344424]]]}"
,PHOENIX,9739886367239831552,35268.105370332094,5839.856,202506,deployment,"{""type"":""Polygon"",""coordinates"":[[[-111.89263028034495,33.34943121318578],[-111.89263028034495,33.338752309370356],[-111.88070640336356,33.34095171946074],[-111.88070640336356,33.351630976561474],[-111.89263028034495,33.34943121318578]]]}"
,PHOENIX,9739886401599569920,36976.69497628838,5089.573,202506,deployment,"{""type"":""Polygon"",""coordinates"":[[[-111.89263028034495,33.338752309370356],[-111.89263028034495,33.32807226103448],[-111.88070640336356,33.330271317496],[-111.88070640336356,33.34095171946074],[-111.89263028034495,33.338752309370356]]]}"
,PHOENIX,9739886435959308288,38049.20585438371,5396.485,202506,deployment,"{""type"":""Polygon"",""coordinates"":[[[-111.90455412316315,33.33655165507718],[-111.90455412316315,33.32587196063319],[-111.89263028034495,33.32807226103448],[-111.89263028034495,33.338752309370356],[-111.90455412316315,33.33655165507718]]]}"
,PHOENIX,9739886470319046656,67012.95724357743,10309.771,202506,deployment,"{""type"":""Polygon"",""coordinates"":[[[-111.90455412316315,33.32587196063319],[-111.90455412316315,33.31519112287623],[-111.89263028034495,33.31739106904188],[-111.89263028034495,33.32807226103448],[-111.90455412316315,33.32587196063319]]]}"
,PHOENIX,9739886504678785024,78665.2615231393,8721.156,202506,deployment,"{""type"":""Polygon"",""coordinates"":[[[-111.90455412316315,33.31519112287623],[-111.90455412316315,33.3045091426707],[-111.89263028034495,33.30670873425698],[-111.89263028034495,33.31739106904188],[-111.90455412316315,33.31519112287623]]]}"
,PHOENIX,9739886539038523392,8478.882587794806,1069.837,202506,deployment,"{""type"":""Polygon"",""coordinates"":[[[-111.89263028034495,33.31739106904188],[-111.89263028034495,33.30670873425698],[-111.88070640336356,33.30890708243008],[-111.88070640336356,33.319589771530985],[-111.89263028034495,33.31739106904188]]]}"
,PHOENIX,9739886573398261760,58854.6836103503,8959.258,202506,deployment,"{""type"":""Polygon"",""coordinates"":[[[-111.89263028034495,33.32807226103448],[-111.89263028034495,33.31739106904188],[-111.88070640336356,33.319589771530985],[-111.88070640336356,33.330271317496],[-111.89263028034495,33.32807226103448]]]}"
,PHOENIX,9739886607758000128,74649.86803931712,9093.737,202506,deployment,"{""type"":""Polygon"",""coordinates"":[[[-111.88070640336356,33.330271317496],[-111.88070640336356,33.319589771530985],[-111.86878249373518,33.321787230132536],[-111.86878249373518,33.33246912980684],[-111.88070640336356,33.330271317496]]]}"
,PHOENIX,9739886642117738496,84475.24459036403,12452.363,202506,deployment,"{""type"":""Polygon"",""coordinates"":[[[-111.88070640336356,33.319589771530985],[-111.88070640336356,33.30890708243008],[-111.86878249373518,33.311104186978945],[-111.86878249373518,33.321787230132536],[-111.88070640336356,33.319589771530985]]]}"
,PHOENIX,9739886676477476864,90878.44502778233,10810.664,202506,deployment,"{""type"":""Polygon"",""coordinates"":[[[-111.86878249373518,33.321787230132536],[-111.86878249373518,33.311104186978945],[-111.85685855297612,33.313300047693076],[-111.85685855297612,33.323983444636134],[-111.86878249373518,33.321787230132536]]]}"
,PHOENIX,9739886710837215232,59162.84053554018,7607.815,202506,deployment,"{""type"":""Polygon"",""coordinates"":[[[-111.86878249373518,33.33246912980684],[-111.86878249373518,33.321787230132536],[-111.85685855297612,33.323983444636134],[-111.85685855297612,33.33466569775664],[-111.86878249373518,33.33246912980684]]]}"
,PHOENIX,9739886745196953600,85227.25400041437,11666.605,202506,deployment,"{""type"":""Polygon"",""coordinates"":[[[-111.86878249373518,33.343149885137464],[-111.86878249373518,33.33246912980684],[-111.85685855297612,33.33466569775664],[-111.85685855297612,33.345346806190264],[-111.86878249373518,33.343149885137464]]]}"
,PHOENIX,9739886779556691968,94422.83691556472,11046.781,202506,deployment,"{""type"":""Polygon"",""coordinates"":[[[-111.88070640336356,33.34095171946074],[-111.88070640336356,33.330271317496],[-111.86878249373518,33.33246912980684],[-111.86878249373518,33.343149885137464],[-111.88070640336356,33.34095171946074]]]}"
,PHOENIX,9739886813916430336,104156.14448220351,13635.374,202506,deployment,"{""type"":""Polygon"",""coordinates"":[[[-111.88070640336356,33.351630976561474],[-111.88070640336356,33.34095171946074],[-111.86878249373518,33.343149885137464],[-111.86878249373518,33.353829495260726],[-111.88070640336356,33.351630976561474]]]}"
,PHOENIX,9739886848276168704,83904.6814732358,12893.427,202506,deployment,"{""type"":""Polygon"",""coordinates"":[[[-111.86878249373518,33.353829495260726],[-111.86878249373518,33.343149885137464],[-111.85685855297612,33.345346806190264],[-111.85685855297612,33.356026769073324],[-111.86878249373518,33.353829495260726]]]}"
,PHOENIX,9739886882635907072,58337.272478385705,10170.576,202506,deployment,"{""type"":""Polygon"",""coordinates"":[[[-111.86878249373518,33.36450795931355],[-111.86878249373518,33.353829495260726],[-111.85685855297612,33.356026769073324],[-111.85685855297612,33.36670558554277],[-111.86878249373518,33.36450795931355]]]}"
,PHOENIX,9739886916995645440,51317.62026959758,8096.196,202506,deployment,"{""type"":""Polygon"",""coordinates"":[[[-111.86878249373518,33.37518527643356],[-111.86878249373518,33.36450795931355],[-111.85685855297612,33.36670558554277],[-111.85685855297612,33.37738325473624],[-111.86878249373518,33.37518527643356]]]}"
,PHOENIX,9739886951355383808,98286.59940174616,12616.463,202506,deployment,"{""type"":""Polygon"",""coordinates"":[[[-111.88070640336356,33.37298605271931],[-111.88070640336356,33.362309087935145],[-111.86878249373518,33.36450795931355],[-111.86878249373518,33.37518527643356],[-111.88070640336356,33.37298605271931]]]}"
,PHOENIX,9739886985715122176,79270.47003808101,10165.561,202506,deployment,"{""type"":""Polygon"",""coordinates"":[[[-111.88070640336356,33.362309087935145],[-111.88070640336356,33.351630976561474],[-111.86878249373518,33.353829495260726],[-111.86878249373518,33.36450795931355],[-111.88070640336356,33.362309087935145]]]}"
,PHOENIX,9739887020074860544,8488.795186284608,1089.64,202506,deployment,"{""type"":""Polygon"",""coordinates"":[[[-111.89263028034495,33.360108971617656],[-111.89263028034495,33.34943121318578],[-111.88070640336356,33.351630976561474],[-111.88070640336356,33.362309087935145],[-111.89263028034495,33.360108971617656]]]}"
,PHOENIX,9739887054434598912,48767.71788972224,9071.524,202506,deployment,"{""type"":""Polygon"",""coordinates"":[[[-111.90455412316315,33.357907610571814],[-111.90455412316315,33.347230205344424],[-111.89263028034495,33.34943121318578],[-111.89263028034495,33.360108971617656],[-111.90455412316315,33.357907610571814]]]}"
,PHOENIX,9739887088794337280,31405.905498156026,6777.772,202506,deployment,"{""type"":""Polygon"",""coordinates"":[[[-111.90455412316315,33.368583869896874],[-111.90455412316315,33.357907610571814],[-111.89263028034495,33.360108971617656],[-111.89263028034495,33.37078558380353],[-111.90455412316315,33.368583869896874]]]}"
,PHOENIX,9739887123154075648,29782.1640306875,4820.253,202506,deployment,"{""type"":""Polygon"",""coordinates"":[[[-111.89263028034495,33.37078558380353],[-111.89263028034495,33.360108971617656],[-111.88070640336356,33.362309087935145],[-111.88070640336356,33.37298605271931],[-111.89263028034495,33.37078558380353]]]}"
,PHOENIX,9739887157513814016,75042.87435830726,7097.673,202506,deployment,"{""type"":""Polygon"",""coordinates"":[[[-111.89263028034495,33.38146104888165],[-111.89263028034495,33.37078558380353],[-111.88070640336356,33.37298605271931],[-111.88070640336356,33.38366187005223],[-111.89263028034495,33.38146104888165]]]}"
,PHOENIX,9739887191873552384,80755.62937007847,8409.578,202506,deployment,"{""type"":""Polygon"",""coordinates"":[[[-111.90455412316315,33.37925898245782],[-111.90455412316315,33.368583869896874],[-111.89263028034495,33.37078558380353],[-111.89263028034495,33.38146104888165],[-111.90455412316315,33.37925898245782]]]}"
,PHOENIX,9739887226233290752,7750.20800298712,929.305,202506,deployment,"{""type"":""Polygon"",""coordinates"":[[[-111.90455412316315,33.38993294739349],[-111.90455412316315,33.37925898245782],[-111.89263028034495,33.38146104888165],[-111.89263028034495,33.39213536599084],[-111.90455412316315,33.38993294739349]]]}"
,PHOENIX,9739887260593029120,47614.26360188636,7926.346,202506,deployment,"{""type"":""Polygon"",""coordinates"":[[[-111.89263028034495,33.39213536599084],[-111.89263028034495,33.38146104888165],[-111.88070640336356,33.38366187005223],[-111.88070640336356,33.394336539072775],[-111.89263028034495,33.39213536599084]]]}"
,PHOENIX,9739887294952767488,111931.3041417598,15377.284,202506,deployment,"{""type"":""Polygon"",""coordinates"":[[[-111.88070640336356,33.394336539072775],[-111.88070640336356,33.38366187005223],[-111.86878249373518,33.38586144575901],[-111.86878249373518,33.396536466428806],[-111.88070640336356,33.394336539072775]]]}"
,PHOENIX,9739887329312505856,133417.37060045134,16089.488,202506,deployment,"{""type"":""Polygon"",""coordinates"":[[[-111.88070640336356,33.38366187005223],[-111.88070640336356,33.37298605271931],[-111.86878249373518,33.37518527643356],[-111.86878249373518,33.38586144575901],[-111.88070640336356,33.38366187005223]]]}"
,PHOENIX,9739887363672244224,71679.2408641963,10777.549,202506,deployment,"{""type"":""Polygon"",""coordinates"":[[[-111.86878249373518,33.38586144575901],[-111.86878249373518,33.37518527643356],[-111.85685855297612,33.37738325473624],[-111.85685855297612,33.388059775792],[-111.86878249373518,33.38586144575901]]]}"
,PHOENIX,9739887398031982592,77593.29630077891,12193.257,202506,deployment,"{""type"":""Polygon"",""coordinates"":[[[-111.86878249373518,33.396536466428806],[-111.86878249373518,33.38586144575901],[-111.85685855297612,33.388059775792],[-111.85685855297612,33.39873514784899],[-111.86878249373518,33.396536466428806]]]}"
,PHOENIX,9739887432391720960,60464.72587752314,12725.571,202506,deployment,"{""type"":""Polygon"",""coordinates"":[[[-111.86878249373518,33.4072103375825],[-111.86878249373518,33.396536466428806],[-111.85685855297612,33.39873514784899],[-111.85685855297612,33.409409370046795],[-111.86878249373518,33.4072103375825]]]}"
,PHOENIX,9739887466751459328,107480.45633251622,19151.159,202506,deployment,"{""type"":""Polygon"",""coordinates"":[[[-111.88070640336356,33.4050100589205],[-111.88070640336356,33.394336539072775],[-111.86878249373518,33.396536466428806],[-111.86878249373518,33.4072103375825],[-111.88070640336356,33.4050100589205]]]}"
,PHOENIX,9739887501111197696,214338.25553309036,37276.723,202506,deployment,"{""type"":""Polygon"",""coordinates"":[[[-111.88070640336356,33.41568242873561],[-111.88070640336356,33.4050100589205],[-111.86878249373518,33.4072103375825],[-111.86878249373518,33.417883058360324],[-111.88070640336356,33.41568242873561]]]}"
,PHOENIX,9739887535470936064,20590.74201535102,3784.135,202506,deployment,"{""type"":""Polygon"",""coordinates"":[[[-111.86878249373518,33.417883058360324],[-111.86878249373518,33.4072103375825],[-111.85685855297612,33.409409370046795],[-111.85685855297612,33.42008244152564],[-111.86878249373518,33.417883058360324]]]}"
,PHOENIX,9739887569830674432,51301.56367823473,10619.739,202506,deployment,"{""type"":""Polygon"",""coordinates"":[[[-111.86878249373518,33.42855462790315],[-111.86878249373518,33.417883058360324],[-111.85685855297612,33.42008244152564],[-111.85685855297612,33.430754361426445],[-111.86878249373518,33.42855462790315]]]}"
,PHOENIX,9739887604190412800,20265.698218274094,4776.316,202506,deployment,"{""type"":""Polygon"",""coordinates"":[[[-111.86878249373518,33.439225045352494],[-111.86878249373518,33.42855462790315],[-111.85685855297612,33.430754361426445],[-111.85685855297612,33.44142512889074],[-111.86878249373518,33.439225045352494]]]}"
,PHOENIX,9739887638550151168,56848.283008450766,11076.277,202506,deployment,"{""type"":""Polygon"",""coordinates"":[[[-111.88070640336356,33.43702371483195],[-111.88070640336356,33.426353647658914],[-111.86878249373518,33.42855462790315],[-111.86878249373518,33.439225045352494],[-111.88070640336356,33.43702371483195]]]}"
,PHOENIX,9739887672909889536,88548.04581730203,17765.222,202506,deployment,"{""type"":""Polygon"",""coordinates"":[[[-111.88070640336356,33.426353647658914],[-111.88070640336356,33.41568242873561],[-111.86878249373518,33.417883058360324],[-111.86878249373518,33.42855462790315],[-111.88070640336356,33.426353647658914]]]}"
,PHOENIX,9739887707269627904,87332.32039010842,19878.713,202506,deployment,"{""type"":""Polygon"",""coordinates"":[[[-111.89263028034495,33.42415142090346],[-111.89263028034495,33.41348055286125],[-111.88070640336356,33.41568242873561],[-111.88070640336356,33.426353647658914],[-111.89263028034495,33.42415142090346]]]}"
,PHOENIX,9739887741629366272,57431.15754574877,11912.274,202506,deployment,"{""type"":""Polygon"",""coordinates"":[[[-111.89263028034495,33.434821137538776],[-111.89263028034495,33.42415142090346],[-111.88070640336356,33.426353647658914],[-111.88070640336356,33.43702371483195],[-111.89263028034495,33.434821137538776]]]}"
,PHOENIX,9739887775989104640,85366.10551694085,17746.467,202506,deployment,"{""type"":""Polygon"",""coordinates"":[[[-111.90455412316315,33.43261731368316],[-111.90455412316315,33.42194794784707],[-111.89263028034495,33.42415142090346],[-111.89263028034495,33.434821137538776],[-111.90455412316315,33.43261731368316]]]}"
,PHOENIX,9739887810348843008,116719.08668860668,27039.223,202506,deployment,"{""type"":""Polygon"",""coordinates"":[[[-111.90455412316315,33.42194794784707],[-111.90455412316315,33.411277430947635],[-111.89263028034495,33.41348055286125],[-111.89263028034495,33.42415142090346],[-111.90455412316315,33.42194794784707]]]}"
,PHOENIX,9739887844708581376,170576.3408965633,22946.371,202506,deployment,"{""type"":""Polygon"",""coordinates"":[[[-111.90455412316315,33.411277430947635],[-111.90455412316315,33.40060576384337],[-111.89263028034495,33.402808534270655],[-111.89263028034495,33.41348055286125],[-111.90455412316315,33.411277430947635]]]}"
,PHOENIX,9739887879068319744,228600.33903928054,30256.96,202506,deployment,"{""type"":""Polygon"",""coordinates"":[[[-111.89263028034495,33.41348055286125],[-111.89263028034495,33.402808534270655],[-111.88070640336356,33.4050100589205],[-111.88070640336356,33.41568242873561],[-111.89263028034495,33.41348055286125]]]}"
,PHOENIX,9739887913428058112,35331.089562688416,5660.167,202506,deployment,"{""type"":""Polygon"",""coordinates"":[[[-111.89263028034495,33.402808534270655],[-111.89263028034495,33.39213536599084],[-111.88070640336356,33.394336539072775],[-111.88070640336356,33.4050100589205],[-111.89263028034495,33.402808534270655]]]}"
,PHOENIX,9739887947787796480,49894.179024158875,8726.101,202506,deployment,"{""type"":""Polygon"",""coordinates"":[[[-111.90455412316315,33.40060576384337],[-111.90455412316315,33.38993294739349],[-111.89263028034495,33.39213536599084],[-111.89263028034495,33.402808534270655],[-111.90455412316315,33.40060576384337]]]}"
,PHOENIX,9739887982147534848,185118.25750189525,32550.67,202506,deployment,"{""type"":""Polygon"",""coordinates"":[[[-111.91647793030225,33.39840174784967],[-111.91647793030225,33.38772928349179],[-111.90455412316315,33.38993294739349],[-111.90455412316315,33.40060576384337],[-111.91647793030225,33.39840174784967]]]}"
,PHOENIX,9739888016507273216,353696.5676799777,55886.917,202506,deployment,"{""type"":""Polygon"",""coordinates"":[[[-111.91647793030225,33.409073063205675],[-111.91647793030225,33.39840174784967],[-111.90455412316315,33.40060576384337],[-111.90455412316315,33.411277430947635],[-111.91647793030225,33.409073063205675]]]}"
,PHOENIX,9739888050867011584,183799.34940413188,24749.902,202506,deployment,"{""type"":""Polygon"",""coordinates"":[[[-111.92840170024643,33.406867449846885],[-111.92840170024643,33.396196486501104],[-111.91647793030225,33.39840174784967],[-111.91647793030225,33.409073063205675],[-111.92840170024643,33.406867449846885]]]}"
,PHOENIX,9739888085226749952,132434.61699007772,16770.493,202506,deployment,"{""type"":""Polygon"",""coordinates"":[[[-111.92840170024643,33.396196486501104],[-111.92840170024643,33.385524374497386],[-111.91647793030225,33.38772928349179],[-111.91647793030225,33.39840174784967],[-111.92840170024643,33.396196486501104]]]}"
,PHOENIX,9739888119586488320,109273.95070544482,15482.966,202506,deployment,"{""type"":""Polygon"",""coordinates"":[[[-111.94032543148008,33.39398998000986],[-111.94032543148008,33.38331822062252],[-111.92840170024643,33.385524374497386],[-111.92840170024643,33.396196486501104],[-111.94032543148008,33.39398998000986]]]}"
,PHOENIX,9739888153946226688,78533.16933763075,5855.582,202506,deployment,"{""type"":""Polygon"",""coordinates"":[[[-111.9522491224878,33.39178222858866],[-111.9522491224878,33.38111082208001],[-111.94032543148008,33.38331822062252],[-111.94032543148008,33.39398998000986],[-111.9522491224878,33.39178222858866]]]}"
,PHOENIX,9739888188305965056,81276.7400443481,11427.038,202506,deployment,"{""type"":""Polygon"",""coordinates"":[[[-111.9522491224878,33.40245248712773],[-111.9522491224878,33.39178222858866],[-111.94032543148008,33.39398998000986],[-111.94032543148008,33.40466059108335],[-111.9522491224878,33.40245248712773]]]}"
,PHOENIX,9739888222665703424,84843.84310674111,13546.415,202506,deployment,"{""type"":""Polygon"",""coordinates"":[[[-111.94032543148008,33.40466059108335],[-111.94032543148008,33.39398998000986],[-111.92840170024643,33.396196486501104],[-111.92840170024643,33.406867449846885],[-111.94032543148008,33.40466059108335]]]}"
,PHOENIX,9739888257025441792,339926.3235142851,59826.062,202506,deployment,"{""type"":""Polygon"",""coordinates"":[[[-111.94032543148008,33.415330052983734],[-111.94032543148008,33.40466059108335],[-111.92840170024643,33.406867449846885],[-111.92840170024643,33.41753726367548],[-111.94032543148008,33.415330052983734]]]}"
,PHOENIX,9739888291385180160,165449.87985007983,29208.268,202506,deployment,"{""type"":""Polygon"",""coordinates"":[[[-111.9522491224878,33.41312159683796],[-111.9522491224878,33.40245248712773],[-111.94032543148008,33.40466059108335],[-111.94032543148008,33.415330052983734],[-111.9522491224878,33.41312159683796]]]}"
,PHOENIX,9739888325744918528,242196.8880082493,49693.499,202506,deployment,"{""type"":""Polygon"",""coordinates"":[[[-111.9522491224878,33.423789556860704],[-111.9522491224878,33.41312159683796],[-111.94032543148008,33.415330052983734],[-111.94032543148008,33.425998364852425],[-111.9522491224878,33.423789556860704]]]}"
,PHOENIX,9739888360104656896,257684.64626604205,37956.041,202506,deployment,"{""type"":""Polygon"",""coordinates"":[[[-111.94032543148008,33.425998364852425],[-111.94032543148008,33.415330052983734],[-111.92840170024643,33.41753726367548],[-111.92840170024643,33.42820592712832],[-111.94032543148008,33.425998364852425]]]}"
,PHOENIX,9739888394464395264,254973.8184311008,38649.052,202506,deployment,"{""type"":""Polygon"",""coordinates"":[[[-111.92840170024643,33.42820592712832],[-111.92840170024643,33.41753726367548],[-111.91647793030225,33.4197432287006],[-111.91647793030225,33.43041224347588],[-111.92840170024643,33.42820592712832]]]}"
,PHOENIX,9739888428824133632,251254.7516218074,38518.804,202506,deployment,"{""type"":""Polygon"",""coordinates"":[[[-111.92840170024643,33.41753726367548],[-111.92840170024643,33.406867449846885],[-111.91647793030225,33.409073063205675],[-111.91647793030225,33.4197432287006],[-111.92840170024643,33.41753726367548]]]}"
,PHOENIX,9739888463183872000,386975.4074184676,69816.679,202506,deployment,"{""type"":""Polygon"",""coordinates"":[[[-111.91647793030225,33.4197432287006],[-111.91647793030225,33.409073063205675],[-111.90455412316315,33.411277430947635],[-111.90455412316315,33.42194794784707],[-111.91647793030225,33.4197432287006]]]}"
,PHOENIX,9739888497543610368,441314.47241342464,84386.159,202506,deployment,"{""type"":""Polygon"",""coordinates"":[[[-111.91647793030225,33.43041224347588],[-111.91647793030225,33.4197432287006],[-111.90455412316315,33.42194794784707],[-111.90455412316315,33.43261731368316],[-111.91647793030225,33.43041224347588]]]}"
,PHOENIX,9739888531903348736,334494.7560471371,62533.296,202506,deployment,"{""type"":""Polygon"",""coordinates"":[[[-111.91647793030225,33.4410801066736],[-111.91647793030225,33.43041224347588],[-111.90455412316315,33.43261731368316],[-111.90455412316315,33.443285527597986],[-111.91647793030225,33.4410801066736]]]}"
,PHOENIX,9739888566263087104,258314.20992468816,52143.576,202506,deployment,"{""type"":""Polygon"",""coordinates"":[[[-111.91647793030225,33.45174681743652],[-111.91647793030225,33.4410801066736],[-111.90455412316315,33.443285527597986],[-111.90455412316315,33.453952588734346],[-111.91647793030225,33.45174681743652]]]}"
,PHOENIX,9739888600622825472,188972.32411632218,29489.325,202506,deployment,"{""type"":""Polygon"",""coordinates"":[[[-111.92840170024643,33.449539799475644],[-111.92840170024643,33.43887343934746],[-111.91647793030225,33.4410801066736],[-111.91647793030225,33.45174681743652],[-111.92840170024643,33.449539799475644]]]}"
,PHOENIX,9739888634982563840,171539.31897633072,28531.878,202506,deployment,"{""type"":""Polygon"",""coordinates"":[[[-111.92840170024643,33.43887343934746],[-111.92840170024643,33.42820592712832],[-111.91647793030225,33.43041224347588],[-111.91647793030225,33.4410801066736],[-111.92840170024643,33.43887343934746]]]}"
,PHOENIX,9739888669342302208,193704.8889149642,33281.204,202506,deployment,"{""type"":""Polygon"",""coordinates"":[[[-111.94032543148008,33.43666552583144],[-111.94032543148008,33.425998364852425],[-111.92840170024643,33.42820592712832],[-111.92840170024643,33.43887343934746],[-111.94032543148008,33.43666552583144]]]}"
,PHOENIX,9739888703702040576,191914.74426099463,38615.288,202506,deployment,"{""type"":""Polygon"",""coordinates"":[[[-111.9522491224878,33.43445636633799],[-111.9522491224878,33.423789556860704],[-111.94032543148008,33.425998364852425],[-111.94032543148008,33.43666552583144],[-111.9522491224878,33.43445636633799]]]}"
,PHOENIX,9739888738061778944,245639.13138263737,35405.461,202506,deployment,"{""type"":""Polygon"",""coordinates"":[[[-111.9522491224878,33.44512202441251],[-111.9522491224878,33.43445636633799],[-111.94032543148008,33.43666552583144],[-111.94032543148008,33.44733153506352],[-111.9522491224878,33.44512202441251]]]}"
,PHOENIX,9739888772421517312,142030.11926282372,19847.275,202506,deployment,"{""type"":""Polygon"",""coordinates"":[[[-111.94032543148008,33.44733153506352],[-111.94032543148008,33.43666552583144],[-111.92840170024643,33.43887343934746],[-111.92840170024643,33.449539799475644],[-111.94032543148008,33.44733153506352]]]}"
,PHOENIX,9739888806781255680,50659.590852006804,7784.599,202506,deployment,"{""type"":""Polygon"",""coordinates"":[[[-111.94032543148008,33.45799639169199],[-111.94032543148008,33.44733153506352],[-111.92840170024643,33.449539799475644],[-111.92840170024643,33.460205006656246],[-111.94032543148008,33.45799639169199]]]}"
,PHOENIX,9739888841140994048,65757.73831218484,10381.997,202506,deployment,"{""type"":""Polygon"",""coordinates"":[[[-111.9522491224878,33.4557865302276],[-111.9522491224878,33.44512202441251],[-111.94032543148008,33.44733153506352],[-111.94032543148008,33.45799639169199],[-111.9522491224878,33.4557865302276]]]}"
,PHOENIX,9739888875500732416,307216.24485036795,66487.976,202506,deployment,"{""type"":""Polygon"",""coordinates"":[[[-111.9522491224878,33.46644988292723],[-111.9522491224878,33.4557865302276],[-111.94032543148008,33.45799639169199],[-111.94032543148008,33.46866009486088],[-111.9522491224878,33.46644988292723]]]}"
,PHOENIX,9739888909860470784,182654.4032706886,40493.051,202506,deployment,"{""type"":""Polygon"",""coordinates"":[[[-111.94032543148008,33.46866009486088],[-111.94032543148008,33.45799639169199],[-111.92840170024643,33.460205006656246],[-111.92840170024643,33.47086906003329],[-111.94032543148008,33.46866009486088]]]}"
,PHOENIX,9739888944220209152,289926.04413489945,64809.724,202506,deployment,"{""type"":""Polygon"",""coordinates"":[[[-111.92840170024643,33.47086906003329],[-111.92840170024643,33.460205006656246],[-111.91647793030225,33.46241237490804],[-111.91647793030225,33.47307677823221],[-111.92840170024643,33.47086906003329]]]}"
,PHOENIX,9739888978579947520,151271.78438432727,25270.734,202506,deployment,"{""type"":""Polygon"",""coordinates"":[[[-111.92840170024643,33.460205006656246],[-111.92840170024643,33.449539799475644],[-111.91647793030225,33.45174681743652],[-111.91647793030225,33.46241237490804],[-111.92840170024643,33.460205006656246]]]}"
,PHOENIX,9739889012939685888,223878.75720605312,52817.223,202506,deployment,"{""type"":""Polygon"",""coordinates"":[[[-111.91647793030225,33.46241237490804],[-111.91647793030225,33.45174681743652],[-111.90455412316315,33.453952588734346],[-111.90455412316315,33.46461849623565],[-111.91647793030225,33.46241237490804]]]}"
,PHOENIX,9739889047299424256,360472.37515167455,91322.983,202506,deployment,"{""type"":""Polygon"",""coordinates"":[[[-111.91647793030225,33.47307677823221],[-111.91647793030225,33.46241237490804],[-111.90455412316315,33.46461849623565],[-111.90455412316315,33.47528324924599],[-111.91647793030225,33.47307677823221]]]}"
,PHOENIX,9739889081659162624,119697.53077659405,42233.676,202506,deployment,"{""type"":""Polygon"",""coordinates"":[[[-111.90455412316315,33.47528324924599],[-111.90455412316315,33.46461849623565],[-111.89263028034495,33.46682337042793],[-111.89263028034495,33.47748847286355],[-111.90455412316315,33.47528324924599]]]}"
,PHOENIX,9739889150378639360,25734.017483099768,11303.679,202506,deployment,"{""type"":""Polygon"",""coordinates"":[[[-111.89263028034495,33.46682337042793],[-111.89263028034493,33.456157113157886],[-111.88070640336356,33.45836039049651],[-111.88070640336356,33.469026997274305],[-111.89263028034495,33.46682337042793]]]}"
,PHOENIX,9739889184738377728,134994.27014154816,55118.288,202506,deployment,"{""type"":""Polygon"",""coordinates"":[[[-111.90455412316315,33.46461849623565],[-111.90455412316315,33.453952588734346],[-111.89263028034493,33.456157113157886],[-111.89263028034495,33.46682337042793],[-111.90455412316315,33.46461849623565]]]}"
,PHOENIX,9739889322177331200,8446.141107065903,2394.761,202506,deployment,"{""type"":""Polygon"",""coordinates"":[[[-111.89263028034493,33.456157113157886],[-111.89263028034495,33.44548970190932],[-111.88070640336356,33.44769262939688],[-111.88070640336356,33.45836039049651],[-111.89263028034493,33.456157113157886]]]}"
,PHOENIX,9739889425256546304,641.6372251222331,5.226,202506,deployment,"{""type"":""Polygon"",""coordinates"":[[[-111.86878249373518,33.44989430985055],[-111.86878249373518,33.439225045352494],[-111.85685855297612,33.44142512889074],[-111.85685855297612,33.452094743060734],[-111.86878249373518,33.44989430985055]]]}"
,PHOENIX,9739889768853929984,1836.6246433965084,204.045,202506,deployment,"{""type"":""Polygon"",""coordinates"":[[[-111.89263028034495,33.48815241960949],[-111.89263028034495,33.47748847286355],[-111.88070640336356,33.47969244887439],[-111.88070640336356,33.490356744441534],[-111.89263028034495,33.48815241960949]]]}"
,PHOENIX,9739889803213668352,30617.896813034815,7302.606,202506,deployment,"{""type"":""Polygon"",""coordinates"":[[[-111.90455412316315,33.48594684691009],[-111.90455412316315,33.47528324924599],[-111.89263028034495,33.47748847286355],[-111.89263028034495,33.48815241960949],[-111.90455412316315,33.48594684691009]]]}"
,PHOENIX,9739889837573406720,33289.67532263126,6137.922,202506,deployment,"{""type"":""Polygon"",""coordinates"":[[[-111.90455412316315,33.496609288373335],[-111.90455412316315,33.48594684691009],[-111.89263028034495,33.48815241960949],[-111.89263028034495,33.498815209811184],[-111.90455412316315,33.496609288373335]]]}"
,PHOENIX,9739889871933145088,1480.4287460984376,184.8,202506,deployment,"{""type"":""Polygon"",""coordinates"":[[[-111.89263028034495,33.498815209811184],[-111.89263028034495,33.48815241960949],[-111.88070640336356,33.490356744441534],[-111.88070640336356,33.501019883121195],[-111.89263028034495,33.498815209811184]]]}"
,PHOENIX,9739889906292883456,1479.0170562282415,198.57,202506,deployment,"{""type"":""Polygon"",""coordinates"":[[[-111.89263028034495,33.50947684261468],[-111.89263028034495,33.498815209811184],[-111.88070640336356,33.501019883121195],[-111.88070640336356,33.51168186405945],[-111.89263028034495,33.50947684261468]]]}"
,PHOENIX,9739889940652621824,25338.51564253495,4027.47,202506,deployment,"{""type"":""Polygon"",""coordinates"":[[[-111.90455412316315,33.50727057278177],[-111.90455412316315,33.496609288373335],[-111.89263028034495,33.498815209811184],[-111.89263028034495,33.50947684261468],[-111.90455412316315,33.50727057278177]]]}"
,PHOENIX,9739889975012360192,36592.67884760242,6513.793,202506,deployment,"{""type"":""Polygon"",""coordinates"":[[[-111.90455412316315,33.51793069928209],[-111.90455412316315,33.50727057278177],[-111.89263028034495,33.50947684261468],[-111.89263028034493,33.5201373171667],[-111.90455412316315,33.51793069928209]]]}"
,PHOENIX,9739890456048697344,18042.471352680004,4170.396,202506,deployment,"{""type"":""Polygon"",""coordinates"":[[[-111.89263028034495,33.55211178279102],[-111.89263028034495,33.54145478810651],[-111.88070640336356,33.54366085189651],[-111.88070640336356,33.55431819334316],[-111.89263028034495,33.55211178279102]]]}"
,PHOENIX,9739890490408435712,12514.3141811067,2266.948,202506,deployment,"{""type"":""Polygon"",""coordinates"":[[[-111.89263028034495,33.562767615817506],[-111.89263028034495,33.55211178279102],[-111.88070640336356,33.55431819334316],[-111.88070640336356,33.56497437278869],[-111.89263028034495,33.562767615817506]]]}"
,PHOENIX,9739890524768174080,94120.36832913551,27226.748,202506,deployment,"{""type"":""Polygon"",""coordinates"":[[[-111.90455412316315,33.56055960915925],[-111.90455412316315,33.54990412281125],[-111.89263028034495,33.55211178279102],[-111.89263028034495,33.562767615817506],[-111.90455412316315,33.56055960915925]]]}"
,PHOENIX,9739890559127912448,50879.15466408224,12278.289,202506,deployment,"{""type"":""Polygon"",""coordinates"":[[[-111.90455412316315,33.54990412281125],[-111.90455412316315,33.5392474751485],[-111.89263028034495,33.54145478810651],[-111.89263028034495,33.55211178279102],[-111.90455412316315,33.54990412281125]]]}"
,PHOENIX,9739890593487650816,43349.771316286155,10885.398,202506,deployment,"{""type"":""Polygon"",""coordinates"":[[[-111.90455412316315,33.5392474751485],[-111.90455412316315,33.52858966702167],[-111.89263028034495,33.53079663261463],[-111.89263028034495,33.54145478810651],[-111.90455412316315,33.5392474751485]]]}"
,PHOENIX,9739890627847389184,41811.78056879262,11010.656,202506,deployment,"{""type"":""Polygon"",""coordinates"":[[[-111.89263028034495,33.54145478810651],[-111.89263028034495,33.53079663261463],[-111.88070640336356,33.53300234929937],[-111.88070640336356,33.54366085189651],[-111.89263028034495,33.54145478810651]]]}"
,PHOENIX,9739890662207127552,1544.4838645886796,207.553,202506,deployment,"{""type"":""Polygon"",""coordinates"":[[[-111.89263028034495,33.53079663261463],[-111.89263028034493,33.5201373171667],[-111.88070640336356,33.522342686403036],[-111.88070640336356,33.53300234929937],[-111.89263028034495,33.53079663261463]]]}"
,PHOENIX,9739890696566865920,30534.345153333314,7455.76,202506,deployment,"{""type"":""Polygon"",""coordinates"":[[[-111.90455412316315,33.52858966702167],[-111.90455412316315,33.51793069928209],[-111.89263028034493,33.5201373171667],[-111.89263028034495,33.53079663261463],[-111.90455412316315,33.52858966702167]]]}"
,PHOENIX,9739890730926604288,163899.17736392125,40775.734,202506,deployment,"{""type"":""Polygon"",""coordinates"":[[[-111.91647793030225,33.52638145273062],[-111.91647793030225,33.51572283295943],[-111.90455412316315,33.51793069928209],[-111.90455412316315,33.52858966702167],[-111.91647793030225,33.52638145273062]]]}"
,PHOENIX,9739890765286342656,125627.47804678527,30773.899,202506,deployment,"{""type"":""Polygon"",""coordinates"":[[[-111.92840170024643,33.5241719899522],[-111.92840170024643,33.51351371840951],[-111.91647793030225,33.51572283295943],[-111.91647793030225,33.52638145273062],[-111.92840170024643,33.5241719899522]]]}"
,PHOENIX,9739890799646081024,107811.02966272173,25936.348,202506,deployment,"{""type"":""Polygon"",""coordinates"":[[[-111.92840170024643,33.53482910256929],[-111.92840170024643,33.5241719899522],[-111.91647793030225,33.52638145273062],[-111.91647793030225,33.53703891323254],[-111.92840170024643,33.53482910256929]]]}"
,PHOENIX,9739890834005819392,140453.70905253146,36275.767,202506,deployment,"{""type"":""Polygon"",""coordinates"":[[[-111.91647793030225,33.53703891323254],[-111.91647793030225,33.52638145273062],[-111.90455412316315,33.52858966702167],[-111.90455412316315,33.5392474751485],[-111.91647793030225,33.53703891323254]]]}"
,PHOENIX,9739890868365557760,104941.49847314206,25397.852,202506,deployment,"{""type"":""Polygon"",""coordinates"":[[[-111.91647793030225,33.54769521361385],[-111.91647793030225,33.53703891323254],[-111.90455412316315,33.5392474751485],[-111.90455412316315,33.54990412281125],[-111.91647793030225,33.54769521361385]]]}"
,PHOENIX,9739890902725296128,6822.067259492663,1771.129,202506,deployment,"{""type"":""Polygon"",""coordinates"":[[[-111.91647793030225,33.55835035302383],[-111.91647793030225,33.54769521361385],[-111.90455412316315,33.54990412281125],[-111.90455412316315,33.56055960915925],[-111.91647793030225,33.55835035302383]]]}"
,PHOENIX,9739890937085034496,74076.69722023686,19912.287,202506,deployment,"{""type"":""Polygon"",""coordinates"":[[[-111.92840170024643,33.55613984762178],[-111.92840170024643,33.54548505540939],[-111.91647793030225,33.54769521361385],[-111.91647793030225,33.55835035302383],[-111.92840170024643,33.55613984762178]]]}"
,PHOENIX,9739890971444772864,97700.17919035172,24474.322,202506,deployment,"{""type"":""Polygon"",""coordinates"":[[[-111.92840170024643,33.54548505540939],[-111.92840170024643,33.53482910256929],[-111.91647793030225,33.53703891323254],[-111.91647793030225,33.54769521361385],[-111.92840170024643,33.54548505540939]]]}"
,PHOENIX,9739891005804511232,19623.787956902972,4086.362,202506,deployment,"{""type"":""Polygon"",""coordinates"":[[[-111.94032543148008,33.543273648409034],[-111.94032543148008,33.532618043369965],[-111.92840170024643,33.53482910256929],[-111.92840170024643,33.54548505540939],[-111.94032543148008,33.543273648409034]]]}"
,PHOENIX,9739891040164249600,11386.897264368747,2621.233,202506,deployment,"{""type"":""Polygon"",""coordinates"":[[[-111.94032543148008,33.55392809316416],[-111.94032543148008,33.543273648409034],[-111.92840170024643,33.54548505540939],[-111.92840170024643,33.55613984762178],[-111.94032543148008,33.55392809316416]]]}"
,PHOENIX,9739891074523987968,2802.8872015684847,842.308,202506,deployment,"{""type"":""Polygon"",""coordinates"":[[[-111.9522491224878,33.55171508986264],[-111.9522491224878,33.54106099282449],[-111.94032543148008,33.543273648409034],[-111.94032543148008,33.55392809316416],[-111.9522491224878,33.55171508986264]]]}"
,PHOENIX,9739891143243464704,56722.3272185797,11074.761,202506,deployment,"{""type"":""Polygon"",""coordinates"":[[[-111.9522491224878,33.53040573584637],[-111.9522491224878,33.51974931977904],[-111.94032543148008,33.52196127889771],[-111.94032543148008,33.532618043369965],[-111.9522491224878,33.53040573584637]]]}"
,PHOENIX,9739891177603203072,54327.986661818686,10171.313,202506,deployment,"{""type"":""Polygon"",""coordinates"":[[[-111.94032543148008,33.532618043369965],[-111.94032543148008,33.52196127889771],[-111.92840170024643,33.5241719899522],[-111.92840170024643,33.53482910256929],[-111.94032543148008,33.532618043369965]]]}"
,PHOENIX,9739891211962941440,12585.156428050808,3446.997,202506,deployment,"{""type"":""Polygon"",""coordinates"":[[[-111.94032543148008,33.52196127889771],[-111.94032543148008,33.511303355843694],[-111.92840170024643,33.51351371840951],[-111.92840170024643,33.5241719899522],[-111.94032543148008,33.52196127889771]]]}"
,PHOENIX,9739891246322679808,25220.074975674317,5537.478,202506,deployment,"{""type"":""Polygon"",""coordinates"":[[[-111.9522491224878,33.51974931977904],[-111.9522491224878,33.50909174547394],[-111.94032543148008,33.511303355843694],[-111.94032543148008,33.52196127889771],[-111.9522491224878,33.51974931977904]]]}"
,PHOENIX,9739891280682418176,144205.29284497362,29349.413,202506,deployment,"{""type"":""Polygon"",""coordinates"":[[[-111.9522491224878,33.50909174547394],[-111.9522491224878,33.498433013783135],[-111.94032543148008,33.500644275059955],[-111.94032543148008,33.511303355843694],[-111.9522491224878,33.50909174547394]]]}"
,PHOENIX,9739891315042156544,115052.39652984963,23444.113,202506,deployment,"{""type"":""Polygon"",""coordinates"":[[[-111.9522491224878,33.498433013783135],[-111.9522491224878,33.48777312555937],[-111.94032543148008,33.48998403739921],[-111.94032543148008,33.500644275059955],[-111.9522491224878,33.498433013783135]]]}"
,PHOENIX,9739891349401894912,356051.84286322247,73800.615,202506,deployment,"{""type"":""Polygon"",""coordinates"":[[[-111.94032543148008,33.500644275059955],[-111.94032543148008,33.48998403739921],[-111.92840170024643,33.492193701956126],[-111.92840170024643,33.50285428879325],[-111.94032543148008,33.500644275059955]]]}"
,PHOENIX,9739891383761633280,135462.8724914929,28731.653,202506,deployment,"{""type"":""Polygon"",""coordinates"":[[[-111.94032543148008,33.511303355843694],[-111.94032543148008,33.500644275059955],[-111.92840170024643,33.50285428879325],[-111.92840170024643,33.51351371840951],[-111.94032543148008,33.511303355843694]]]}"
,PHOENIX,9739891418121371648,173902.66563044026,40878.515,202506,deployment,"{""type"":""Polygon"",""coordinates"":[[[-111.92840170024643,33.51351371840951],[-111.92840170024643,33.50285428879325],[-111.91647793030225,33.50506305477101],[-111.91647793030225,33.51572283295943],[-111.92840170024643,33.51351371840951]]]}"
,PHOENIX,9739891452481110016,162538.15146422508,39620.678,202506,deployment,"{""type"":""Polygon"",""coordinates"":[[[-111.91647793030225,33.51572283295943],[-111.91647793030225,33.50506305477101],[-111.90455412316315,33.50727057278177],[-111.90455412316315,33.51793069928209],[-111.91647793030225,33.51572283295943]]]}"
,PHOENIX,9739891486840848384,262013.7252869392,59557.614,202506,deployment,"{""type"":""Polygon"",""coordinates"":[[[-111.91647793030225,33.50506305477101],[-111.91647793030225,33.494402119018005],[-111.90455412316315,33.496609288373335],[-111.90455412316315,33.50727057278177],[-111.91647793030225,33.50506305477101]]]}"
,PHOENIX,9739891521200586752,466219.84723543806,93146.334,202506,deployment,"{""type"":""Polygon"",""coordinates"":[[[-111.92840170024643,33.50285428879325],[-111.92840170024643,33.492193701956126],[-111.91647793030225,33.494402119018005],[-111.91647793030225,33.50506305477101],[-111.92840170024643,33.50285428879325]]]}"
,PHOENIX,9739891555560325120,250084.63429519307,46943.695,202506,deployment,"{""type"":""Polygon"",""coordinates"":[[[-111.92840170024643,33.492193701956126],[-111.92840170024643,33.48153195875146],[-111.91647793030225,33.48374002655374],[-111.91647793030225,33.494402119018005],[-111.92840170024643,33.492193701956126]]]}"
,PHOENIX,9739891589920063488,280507.65280422696,60648.885,202506,deployment,"{""type"":""Polygon"",""coordinates"":[[[-111.91647793030225,33.494402119018005],[-111.91647793030225,33.48374002655374],[-111.90455412316315,33.48594684691009],[-111.90455412316315,33.496609288373335],[-111.91647793030225,33.494402119018005]]]}"
,PHOENIX,9739891624279801856,265936.46775545523,56996.107,202506,deployment,"{""type"":""Polygon"",""coordinates"":[[[-111.91647793030225,33.48374002655374],[-111.91647793030225,33.47307677823221],[-111.90455412316315,33.47528324924599],[-111.90455412316315,33.48594684691009],[-111.91647793030225,33.48374002655374]]]}"
,PHOENIX,9739891658639540224,236876.43441368706,46555.056,202506,deployment,"{""type"":""Polygon"",""coordinates"":[[[-111.92840170024643,33.48153195875146],[-111.92840170024643,33.47086906003329],[-111.91647793030225,33.47307677823221],[-111.91647793030225,33.48374002655374],[-111.92840170024643,33.48153195875146]]]}"
,PHOENIX,9739891692999278592,89142.97679963215,16818.379,202506,deployment,"{""type"":""Polygon"",""coordinates"":[[[-111.94032543148008,33.47932264371485],[-111.94032543148008,33.46866009486088],[-111.92840170024643,33.47086906003329],[-111.92840170024643,33.48153195875146],[-111.94032543148008,33.47932264371485]]]}"
,PHOENIX,9739891727359016960,136270.4593114231,28854.558,202506,deployment,"{""type"":""Polygon"",""coordinates"":[[[-111.94032543148008,33.48998403739921],[-111.94032543148008,33.47932264371485],[-111.92840170024643,33.48153195875146],[-111.92840170024643,33.492193701956126],[-111.94032543148008,33.48998403739921]]]}"
,PHOENIX,9739891761718755328,199941.3022833713,42356.701,202506,deployment,"{""type"":""Polygon"",""coordinates"":[[[-111.9522491224878,33.48777312555937],[-111.9522491224878,33.47711208165606],[-111.94032543148008,33.47932264371485],[-111.94032543148008,33.48998403739921],[-111.9522491224878,33.48777312555937]]]}"
,PHOENIX,9739891796078493696,135404.32536956633,32151.294,202506,deployment,"{""type"":""Polygon"",""coordinates"":[[[-111.9522491224878,33.47711208165606],[-111.9522491224878,33.46644988292723],[-111.94032543148008,33.46866009486088],[-111.94032543148008,33.47932264371485],[-111.9522491224878,33.47711208165606]]]}"
,PHOENIX,9739891830438232064,77886.28843194197,18820.544,202506,deployment,"{""type"":""Polygon"",""coordinates"":[[[-111.96417277175436,33.47490027278783],[-111.96417277175436,33.46423842444515],[-111.9522491224878,33.46644988292723],[-111.9522491224878,33.47711208165606],[-111.96417277175436,33.47490027278783]]]}"
,PHOENIX,9739891864797970432,89580.32027350696,14200.408,202506,deployment,"{""type"":""Polygon"",""coordinates"":[[[-111.96417277175436,33.48556096664927],[-111.96417277175436,33.47490027278783],[-111.9522491224878,33.47711208165606],[-111.9522491224878,33.48777312555937],[-111.96417277175436,33.48556096664927]]]}"
,PHOENIX,9739891899157708800,92848.18705984071,14952.715,202506,deployment,"{""type"":""Polygon"",""coordinates"":[[[-111.9760963777647,33.48334756088215],[-111.9760963777647,33.4726872173235],[-111.96417277175436,33.47490027278783],[-111.96417277175436,33.48556096664927],[-111.9760963777647,33.48334756088215]]]}"
,PHOENIX,9739891933517447168,166647.5673219791,38638.805,202506,deployment,"{""type"":""Polygon"",""coordinates"":[[[-111.9760963777647,33.4726872173235],[-111.9760963777647,33.46202571962802],[-111.96417277175436,33.46423842444515],[-111.96417277175436,33.47490027278783],[-111.9760963777647,33.4726872173235]]]}"
,PHOENIX,9739891967877185536,274498.1421955665,56829.967,202506,deployment,"{""type"":""Polygon"",""coordinates"":[[[-111.98801993900399,33.47047291547695],[-111.98801993900399,33.45981176868984],[-111.9760963777647,33.46202571962802],[-111.9760963777647,33.4726872173235],[-111.98801993900399,33.47047291547695]]]}"
,PHOENIX,9739892002236923904,189183.9678016292,38670.626,202506,deployment,"{""type"":""Polygon"",""coordinates"":[[[-111.99994345395754,33.46825736746266],[-111.99994345395756,33.45759657184514],[-111.98801993900399,33.45981176868984],[-111.98801993900399,33.47047291547695],[-111.99994345395754,33.46825736746266]]]}"
,PHOENIX,9739892036596662272,109965.99424570364,19449.088,202506,deployment,"{""type"":""Polygon"",""coordinates"":[[[-111.99994345395754,33.47891700963276],[-111.99994345395754,33.46825736746266],[-111.98801993900399,33.47047291547695],[-111.98801993900399,33.48113290847184],[-111.99994345395754,33.47891700963276]]]}"
,PHOENIX,9739892070956400640,203816.17113967604,36917.92,202506,deployment,"{""type"":""Polygon"",""coordinates"":[[[-111.98801993900399,33.48113290847184],[-111.98801993900399,33.47047291547695],[-111.9760963777647,33.4726872173235],[-111.9760963777647,33.48334756088215],[-111.98801993900399,33.48113290847184]]]}"
,PHOENIX,9739892105316139008,139696.78727354188,26633.091,202506,deployment,"{""type"":""Polygon"",""coordinates"":[[[-111.98801993900399,33.49179174682041],[-111.98801993900399,33.48113290847184],[-111.9760963777647,33.48334756088215],[-111.9760963777647,33.49400674944989],[-111.98801993900399,33.49179174682041]]]}"
,PHOENIX,9739892139675877376,125530.33264759181,22407.236,202506,deployment,"{""type"":""Polygon"",""coordinates"":[[[-111.99994345395756,33.48957549750127],[-111.99994345395754,33.47891700963276],[-111.98801993900399,33.48113290847184],[-111.98801993900399,33.49179174682041],[-111.99994345395756,33.48957549750127]]]}"
,PHOENIX,9739892174035615744,152175.19384289178,28774.836,202506,deployment,"{""type"":""Polygon"",""coordinates"":[[[-111.99994345395756,33.50023283021471],[-111.99994345395756,33.48957549750127],[-111.98801993900399,33.49179174682041],[-111.98801993900399,33.50244942966918],[-111.99994345395756,33.50023283021471]]]}"
,PHOENIX,9739892208395354112,188691.62517574924,39948.942,202506,deployment,"{""type"":""Polygon"",""coordinates"":[[[-111.98801993900399,33.50244942966918],[-111.98801993900399,33.49179174682041],[-111.9760963777647,33.49400674944989],[-111.9760963777647,33.50466478217328],[-111.98801993900399,33.50244942966918]]]}"
,PHOENIX,9739892242755092480,90641.59286089579,18603.019,202506,deployment,"{""type"":""Polygon"",""coordinates"":[[[-111.9760963777647,33.50466478217328],[-111.9760963777647,33.49400674944989],[-111.96417277175436,33.49622050517538],[-111.96417277175436,33.506878887512755],[-111.9760963777647,33.50466478217328]]]}"
,PHOENIX,9739892277114830848,83621.2945425775,14866.601,202506,deployment,"{""type"":""Polygon"",""coordinates"":[[[-111.9760963777647,33.49400674944989],[-111.9760963777647,33.48334756088215],[-111.96417277175436,33.48556096664927],[-111.96417277175436,33.49622050517538],[-111.9760963777647,33.49400674944989]]]}"
,PHOENIX,9739892311474569216,109392.70512244277,22097.558,202506,deployment,"{""type"":""Polygon"",""coordinates"":[[[-111.96417277175436,33.49622050517538],[-111.96417277175436,33.48556096664927],[-111.9522491224878,33.48777312555937],[-111.9522491224878,33.498433013783135],[-111.96417277175436,33.49622050517538]]]}"
,PHOENIX,9739892345834307584,104157.06595536039,21072.866,202506,deployment,"{""type"":""Polygon"",""coordinates"":[[[-111.96417277175436,33.506878887512755],[-111.96417277175436,33.49622050517538],[-111.9522491224878,33.498433013783135],[-111.9522491224878,33.50909174547394],[-111.96417277175436,33.506878887512755]]]}"
,PHOENIX,9739892414553784320,46076.92647878974,9583.113,202506,deployment,"{""type"":""Polygon"",""coordinates"":[[[-111.9760963777647,33.51532165819953],[-111.9760963777647,33.50466478217328],[-111.96417277175436,33.506878887512755],[-111.96417277175436,33.517536112808635],[-111.9760963777647,33.51532165819953]]]}"
,PHOENIX,9739892448913522688,26673.701693727402,9506.727,202506,deployment,"{""type"":""Polygon"",""coordinates"":[[[-111.9760963777647,33.525977376676515],[-111.9760963777647,33.51532165819953],[-111.96417277175436,33.517536112808635],[-111.96417277175436,33.5281921802109],[-111.9760963777647,33.525977376676515]]]}"
,PHOENIX,9739892483273261056,16801.22726543517,5473.802,202506,deployment,"{""type"":""Polygon"",""coordinates"":[[[-111.96417277175436,33.5281921802109],[-111.96417277175436,33.517536112808635],[-111.9522491224878,33.51974931977904],[-111.9522491224878,33.53040573584637],[-111.96417277175436,33.5281921802109]]]}"
,PHOENIX,9739892517632999424,50343.34256653589,7452.669,202506,deployment,"{""type"":""Polygon"",""coordinates"":[[[-111.96417277175436,33.53884708886811],[-111.96417277175436,33.5281921802109],[-111.9522491224878,33.53040573584637],[-111.9522491224878,33.54106099282449],[-111.96417277175436,33.53884708886811]]]}"
,PHOENIX,9739892586352476160,74071.11361758903,24903.416,202506,deployment,"{""type"":""Polygon"",""coordinates"":[[[-111.9760963777647,33.54728533757743],[-111.9760963777647,33.536631936752755],[-111.96417277175436,33.53884708886811],[-111.96417277175436,33.54950083792946],[-111.9760963777647,33.54728533757743]]]}"
,PHOENIX,9739892620712214528,131156.21352808757,30551.518,202506,deployment,"{""type"":""Polygon"",""coordinates"":[[[-111.9760963777647,33.536631936752755],[-111.9760963777647,33.525977376676515],[-111.96417277175436,33.5281921802109],[-111.96417277175436,33.53884708886811],[-111.9760963777647,33.536631936752755]]]}"
,PHOENIX,9739892655071952896,39642.416413031766,8761.609,202506,deployment,"{""type"":""Polygon"",""coordinates"":[[[-111.98801993900399,33.53441553669191],[-111.98801993900399,33.52376132545676],[-111.9760963777647,33.525977376676515],[-111.9760963777647,33.536631936752755],[-111.98801993900399,33.53441553669191]]]}"
,PHOENIX,9739892723791429632,3435.368555038997,1523.284,202506,deployment,"{""type"":""Polygon"",""coordinates"":[[[-111.99994345395754,33.542850592471005],[-111.99994345395756,33.53219788889961],[-111.98801993900399,33.53441553669191],[-111.98801993900399,33.54506858901995],[-111.99994345395754,33.542850592471005]]]}"
,PHOENIX,9739892792510906368,16020.599660453821,3447.98,202506,deployment,"{""type"":""Polygon"",""coordinates"":[[[-111.99994345395756,33.52154402676574],[-111.99994345395756,33.51088900692027],[-111.98801993900399,33.51310595616535],[-111.98801993900399,33.52376132545676],[-111.99994345395756,33.52154402676574]]]}"
,PHOENIX,9739892826870644736,150205.6411986499,40782.803,202506,deployment,"{""type"":""Polygon"",""coordinates"":[[[-111.98801993900399,33.52376132545676],[-111.98801993900399,33.51310595616535],[-111.9760963777647,33.51532165819953],[-111.9760963777647,33.525977376676515],[-111.98801993900399,33.52376132545676]]]}"
,PHOENIX,9739892861230383104,214690.99719035096,48585.253,202506,deployment,"{""type"":""Polygon"",""coordinates"":[[[-111.98801993900399,33.51310595616535],[-111.98801993900399,33.50244942966918],[-111.9760963777647,33.50466478217328],[-111.9760963777647,33.51532165819953],[-111.98801993900399,33.51310595616535]]]}"
,PHOENIX,9739892895590121472,156940.8451326736,32902.562,202506,deployment,"{""type"":""Polygon"",""coordinates"":[[[-111.99994345395756,33.51088900692027],[-111.99994345395756,33.50023283021471],[-111.98801993900399,33.50244942966918],[-111.98801993900399,33.51310595616535],[-111.99994345395756,33.51088900692027]]]}"
,PHOENIX,9739892929949859840,78515.27636309451,14791.133,202506,deployment,"{""type"":""Polygon"",""coordinates"":[[[-112.0118669211109,33.50867081067907],[-112.0118669211109,33.49801498402474],[-111.99994345395756,33.50023283021471],[-111.99994345395756,33.51088900692027],[-112.0118669211109,33.50867081067907]]]}"
,PHOENIX,9739892964309598208,96814.7394866522,18162.671,202506,deployment,"{""type"":""Polygon"",""coordinates"":[[[-112.02379033894974,33.50645136765708],[-112.02379033894974,33.49579589131466],[-112.0118669211109,33.49801498402474],[-112.0118669211109,33.50867081067907],[-112.02379033894974,33.50645136765708]]]}"
,PHOENIX,9739892998669336576,133729.58908918116,29755.028,202506,deployment,"{""type"":""Polygon"",""coordinates"":[[[-112.02379033894974,33.5171056878293],[-112.02379033894974,33.50645136765708],[-112.0118669211109,33.50867081067907],[-112.0118669211109,33.51932548081816],[-112.02379033894974,33.5171056878293]]]}"
,PHOENIX,9739893033029074944,65774.35374443636,15045.82,202506,deployment,"{""type"":""Polygon"",""coordinates"":[[[-112.0118669211109,33.51932548081816],[-112.0118669211109,33.50867081067907],[-111.99994345395756,33.51088900692027],[-111.99994345395756,33.52154402676574],[-112.0118669211109,33.51932548081816]]]}"
,PHOENIX,9739893067388813312,10087.876374773656,2513.09,202506,deployment,"{""type"":""Polygon"",""coordinates"":[[[-112.0118669211109,33.52997899359049],[-112.0118669211109,33.51932548081816],[-111.99994345395756,33.52154402676574],[-111.99994345395756,33.53219788889961],[-112.0118669211109,33.52997899359049]]]}"
,PHOENIX,9739893101748551680,31834.67420112871,6966.453,202506,deployment,"{""type"":""Polygon"",""coordinates"":[[[-112.0118669211109,33.54063134814514],[-112.0118669211109,33.52997899359049],[-111.99994345395756,33.53219788889961],[-111.99994345395754,33.542850592471005],[-112.0118669211109,33.54063134814514]]]}"
,PHOENIX,9739893136108290048,48094.09425779697,12722.388,202506,deployment,"{""type"":""Polygon"",""coordinates"":[[[-112.02379033894974,33.53841085625749],[-112.02379033894974,33.527758850979744],[-112.0118669211109,33.52997899359049],[-112.0118669211109,33.54063134814514],[-112.02379033894974,33.53841085625749]]]}"
,PHOENIX,9739893170468028416,31806.209232493762,7580.254,202506,deployment,"{""type"":""Polygon"",""coordinates"":[[[-112.02379033894974,33.527758850979744],[-112.02379033894974,33.5171056878293],[-112.0118669211109,33.51932548081816],[-112.0118669211109,33.52997899359049],[-112.02379033894974,33.527758850979744]]]}"
,PHOENIX,9739893204827766784,74882.69777914134,14065.899,202506,deployment,"{""type"":""Polygon"",""coordinates"":[[[-112.03571370595999,33.525537461283164],[-112.03571370595999,33.51488464801501],[-112.02379033894974,33.5171056878293],[-112.02379033894974,33.527758850979744],[-112.03571370595999,33.525537461283164]]]}"
,PHOENIX,9739893239187505152,45608.57907263776,12154.42,202506,deployment,"{""type"":""Polygon"",""coordinates"":[[[-112.03571370595999,33.536189117023774],[-112.03571370595999,33.525537461283164],[-112.02379033894974,33.527758850979744],[-112.02379033894974,33.53841085625749],[-112.03571370595999,33.536189117023774]]]}"
,PHOENIX,9739893273547243520,37188.00212721447,8944.797,202506,deployment,"{""type"":""Polygon"",""coordinates"":[[[-112.04763702062775,33.533966130660254],[-112.04763702062775,33.523314824717104],[-112.03571370595999,33.525537461283164],[-112.03571370595999,33.536189117023774],[-112.04763702062775,33.533966130660254]]]}"
,PHOENIX,9739893307906981888,90960.46514648013,18413.38,202506,deployment,"{""type"":""Polygon"",""coordinates"":[[[-112.04763702062775,33.523314824717104],[-112.04763702062775,33.51266236159172],[-112.03571370595999,33.51488464801501],[-112.03571370595999,33.525537461283164],[-112.04763702062775,33.523314824717104]]]}"
,PHOENIX,9739893342266720256,165345.3467206459,31536.695,202506,deployment,"{""type"":""Polygon"",""coordinates"":[[[-112.04763702062775,33.51266236159172],[-112.04763702062775,33.50200874213507],[-112.03571370595999,33.50423067807025],[-112.03571370595999,33.51488464801501],[-112.04763702062775,33.51266236159172]]]}"
,PHOENIX,9739893376626458624,155041.97839248297,31087.496,202506,deployment,"{""type"":""Polygon"",""coordinates"":[[[-112.03571370595999,33.51488464801501],[-112.03571370595999,33.50423067807025],[-112.02379033894974,33.50645136765708],[-112.02379033894974,33.5171056878293],[-112.03571370595999,33.51488464801501]]]}"
,PHOENIX,9739893410986196992,142423.68158955986,22033.248,202506,deployment,"{""type"":""Polygon"",""coordinates"":[[[-112.03571370595999,33.50423067807025],[-112.03571370595999,33.49357555230048],[-112.02379033894974,33.49579589131466],[-112.02379033894974,33.50645136765708],[-112.03571370595999,33.50423067807025]]]}"
,PHOENIX,9739893445345935360,149011.89264183957,21758.76,202506,deployment,"{""type"":""Polygon"",""coordinates"":[[[-112.04763702062775,33.50200874213507],[-112.04763702062775,33.49135396719877],[-112.03571370595999,33.49357555230048],[-112.03571370595999,33.50423067807025],[-112.04763702062775,33.50200874213507]]]}"
,PHOENIX,9739893479705673728,135427.7501564046,26712.623,202506,deployment,"{""type"":""Polygon"",""coordinates"":[[[-112.04763702062775,33.49135396719877],[-112.04763702062775,33.48069803763509],[-112.03571370595999,33.48291927155795],[-112.03571370595999,33.49357555230048],[-112.04763702062775,33.49135396719877]]]}"
,PHOENIX,9739893514065412096,120270.33178318552,21114.634,202506,deployment,"{""type"":""Polygon"",""coordinates"":[[[-112.04763702062775,33.48069803763509],[-112.04763702062775,33.47004095429698],[-112.03571370595999,33.47226183669556],[-112.03571370595999,33.48291927155795],[-112.04763702062775,33.48069803763509]]]}"
,PHOENIX,9739893548425150464,124960.68801118842,20036.126,202506,deployment,"{""type"":""Polygon"",""coordinates"":[[[-112.03571370595999,33.48291927155795],[-112.03571370595999,33.47226183669556],[-112.02379033894974,33.47448147352876],[-112.02379033894974,33.48513925965426],[-112.03571370595999,33.48291927155795]]]}"
,PHOENIX,9739893582784888832,157169.1942584706,27049.799,202506,deployment,"{""type"":""Polygon"",""coordinates"":[[[-112.03571370595999,33.49357555230048],[-112.03571370595999,33.48291927155795],[-112.02379033894974,33.48513925965426],[-112.02379033894974,33.49579589131466],[-112.03571370595999,33.49357555230048]]]}"
,PHOENIX,9739893617144627200,223896.78067652974,36319.304,202506,deployment,"{""type"":""Polygon"",""coordinates"":[[[-112.02379033894974,33.49579589131466],[-112.02379033894974,33.48513925965426],[-112.0118669211109,33.48735800170739],[-112.0118669211109,33.49801498402474],[-112.02379033894974,33.49579589131466]]]}"
,PHOENIX,9739893651504365568,127140.56041529037,21266.446,202506,deployment,"{""type"":""Polygon"",""coordinates"":[[[-112.0118669211109,33.49801498402474],[-112.0118669211109,33.48735800170739],[-111.99994345395756,33.48957549750127],[-111.99994345395756,33.50023283021471],[-112.0118669211109,33.49801498402474]]]}"
,PHOENIX,9739893685864103936,103973.70191692533,16455.565,202506,deployment,"{""type"":""Polygon"",""coordinates"":[[[-112.0118669211109,33.48735800170739],[-112.0118669211109,33.47669986457988],[-111.99994345395754,33.47891700963276],[-111.99994345395756,33.48957549750127],[-112.0118669211109,33.48735800170739]]]}"
,PHOENIX,9739893720223842304,152236.62839062445,25138.174,202506,deployment,"{""type"":""Polygon"",""coordinates"":[[[-112.02379033894974,33.48513925965426],[-112.02379033894974,33.47448147352876],[-112.0118669211109,33.47669986457988],[-112.0118669211109,33.48735800170739],[-112.02379033894974,33.48513925965426]]]}"
,PHOENIX,9739893754583580672,179412.12258373405,30852.915,202506,deployment,"{""type"":""Polygon"",""coordinates"":[[[-112.02379033894974,33.47448147352876],[-112.02379033894974,33.4638225337917],[-112.0118669211109,33.46604057349571],[-112.0118669211109,33.47669986457988],[-112.02379033894974,33.47448147352876]]]}"
,PHOENIX,9739893788943319040,36562.220458241536,4979.133,202506,deployment,"{""type"":""Polygon"",""coordinates"":[[[-112.0118669211109,33.47669986457988],[-112.0118669211109,33.46604057349571],[-111.99994345395754,33.46825736746266],[-111.99994345395754,33.47891700963276],[-112.0118669211109,33.47669986457988]]]}"
,PHOENIX,9739893823303057408,115683.18816464391,23498.314,202506,deployment,"{""type"":""Polygon"",""coordinates"":[[[-112.0118669211109,33.46604057349571],[-112.0118669211109,33.45538012930904],[-111.99994345395756,33.45759657184514],[-111.99994345395754,33.46825736746266],[-112.0118669211109,33.46604057349571]]]}"
,PHOENIX,9739893857662795776,121114.20065509345,19599.387,202506,deployment,"{""type"":""Polygon"",""coordinates"":[[[-112.02379033894974,33.4638225337917],[-112.02379033894974,33.453162441297266],[-112.0118669211109,33.45538012930904],[-112.0118669211109,33.46604057349571],[-112.02379033894974,33.4638225337917]]]}"
,PHOENIX,9739893892022534144,112633.81398330224,17620.969,202506,deployment,"{""type"":""Polygon"",""coordinates"":[[[-112.03571370595999,33.46160324856687],[-112.03571370595999,33.45094350802608],[-112.02379033894974,33.453162441297266],[-112.02379033894974,33.4638225337917],[-112.03571370595999,33.46160324856687]]]}"
,PHOENIX,9739893926382272512,170106.30125289998,29282.16,202506,deployment,"{""type"":""Polygon"",""coordinates"":[[[-112.03571370595999,33.47226183669556],[-112.03571370595999,33.46160324856687],[-112.02379033894974,33.4638225337917],[-112.02379033894974,33.47448147352876],[-112.03571370595999,33.47226183669556]]]}"
,PHOENIX,9739893960742010880,135325.4726519531,26135.716,202506,deployment,"{""type"":""Polygon"",""coordinates"":[[[-112.04763702062775,33.47004095429698],[-112.04763702062775,33.45938271803798],[-112.03571370595999,33.46160324856687],[-112.03571370595999,33.47226183669556],[-112.04763702062775,33.47004095429698]]]}"
,PHOENIX,9739893995101749248,219830.2940676289,40044.322,202506,deployment,"{""type"":""Polygon"",""coordinates"":[[[-112.04763702062775,33.45938271803798],[-112.04763702062775,33.44872332971235],[-112.03571370595999,33.45094350802608],[-112.03571370595999,33.46160324856687],[-112.04763702062775,33.45938271803798]]]}"
,PHOENIX,9739894029461487616,280330.6967771607,61552.638,202506,deployment,"{""type"":""Polygon"",""coordinates"":[[[-112.04763702062775,33.44872332971235],[-112.04763702062775,33.438062790174975],[-112.03571370595999,33.44028261592807],[-112.03571370595999,33.45094350802608],[-112.04763702062775,33.44872332971235]]]}"
,PHOENIX,9739894063821225984,409512.87341988814,78929.676,202506,deployment,"{""type"":""Polygon"",""coordinates"":[[[-112.03571370595999,33.45094350802608],[-112.03571370595999,33.44028261592807],[-112.02379033894974,33.44250119690029],[-112.02379033894974,33.453162441297266],[-112.03571370595999,33.45094350802608]]]}"
,PHOENIX,9739894098180964352,269127.295942573,78299.974,202506,deployment,"{""type"":""Polygon"",""coordinates"":[[[-112.03571370595999,33.44028261592807],[-112.03571370595999,33.42962057312834],[-112.02379033894974,33.431838801456266],[-112.02379033894974,33.44250119690029],[-112.03571370595999,33.44028261592807]]]}"
,PHOENIX,9739894132540702720,95339.55836606378,19108.351,202506,deployment,"{""type"":""Polygon"",""coordinates"":[[[-112.04763702062775,33.438062790174975],[-112.04763702062775,33.42740110028139],[-112.03571370595999,33.42962057312834],[-112.03571370595999,33.44028261592807],[-112.04763702062775,33.438062790174975]]]}"
,PHOENIX,9739894166900441088,35702.42356129319,7115.144,202506,deployment,"{""type"":""Polygon"",""coordinates"":[[[-112.04763702062775,33.42740110028139],[-112.04763702062775,33.41673826088777],[-112.03571370595999,33.41895738048308],[-112.03571370595999,33.42962057312834],[-112.04763702062775,33.42740110028139]]]}"
,PHOENIX,9739894201260179456,98057.61929940515,20860.538,202506,deployment,"{""type"":""Polygon"",""coordinates"":[[[-112.04763702062775,33.41673826088777],[-112.04763702062775,33.40607427285097],[-112.03571370595999,33.40829303884908],[-112.03571370595999,33.41895738048308],[-112.04763702062775,33.41673826088777]]]}"
,PHOENIX,9739894235619917824,52727.40237050827,11763.706,202506,deployment,"{""type"":""Polygon"",""coordinates"":[[[-112.03571370595999,33.41895738048308],[-112.03571370595999,33.40829303884908],[-112.02379033894974,33.410510560852344],[-112.02379033894974,33.421175255821346],[-112.03571370595999,33.41895738048308]]]}"
,PHOENIX,9739894269979656192,61699.39518270918,13956.105,202506,deployment,"{""type"":""Polygon"",""coordinates"":[[[-112.03571370595999,33.42962057312834],[-112.03571370595999,33.41895738048308],[-112.02379033894974,33.421175255821346],[-112.02379033894974,33.431838801456266],[-112.03571370595999,33.42962057312834]]]}"
,PHOENIX,9739894304339394560,224.9503796465039,59.294,202506,deployment,"{""type"":""Polygon"",""coordinates"":[[[-112.02379033894974,33.431838801456266],[-112.02379033894974,33.421175255821346],[-112.0118669211109,33.42339188668554],[-112.0118669211109,33.43405578504816],[-112.02379033894974,33.431838801456266]]]}"
,PHOENIX,9739894338699132928,1536.39077646653,516.498,202506,deployment,"{""type"":""Polygon"",""coordinates"":[[[-112.02379033894974,33.421175255821346],[-112.02379033894974,33.410510560852344],[-112.0118669211109,33.41272683864362],[-112.0118669211109,33.42339188668554],[-112.02379033894974,33.421175255821346]]]}"
,PHOENIX,9739894373058871296,38737.49256195477,7911.991,202506,deployment,"{""type"":""Polygon"",""coordinates"":[[[-112.0118669211109,33.42339188668554],[-112.0118669211109,33.41272683864362],[-111.99994345395754,33.414941872006345],[-111.99994345395756,33.425607272859146],[-112.0118669211109,33.42339188668554]]]}"
,PHOENIX,9739894407418609664,105209.69823773051,36023.336,202506,deployment,"{""type"":""Polygon"",""coordinates"":[[[-112.0118669211109,33.43405578504816],[-112.0118669211109,33.42339188668554],[-111.99994345395756,33.425607272859146],[-111.99994345395756,33.4362715236876],[-112.0118669211109,33.43405578504816]]]}"
,PHOENIX,9739894441778348032,218807.78925053752,77808.195,202506,deployment,"{""type"":""Polygon"",""coordinates"":[[[-112.0118669211109,33.4447185328747],[-112.0118669211109,33.43405578504816],[-111.99994345395756,33.4362715236876],[-111.99994345395754,33.44693462363497],[-112.0118669211109,33.4447185328747]]]}"
,PHOENIX,9739894476138086400,227477.99966025955,80941.695,202506,deployment,"{""type"":""Polygon"",""coordinates"":[[[-112.02379033894974,33.44250119690029],[-112.02379033894974,33.431838801456266],[-112.0118669211109,33.43405578504816],[-112.0118669211109,33.4447185328747],[-112.02379033894974,33.44250119690029]]]}"
,PHOENIX,9739894510497824768,399239.38740291214,69188.615,202506,deployment,"{""type"":""Polygon"",""coordinates"":[[[-112.02379033894974,33.453162441297266],[-112.02379033894974,33.44250119690029],[-112.0118669211109,33.4447185328747],[-112.0118669211109,33.45538012930904],[-112.02379033894974,33.453162441297266]]]}"
,PHOENIX,9739894544857563136,334216.8717165961,54278.49,202506,deployment,"{""type"":""Polygon"",""coordinates"":[[[-112.0118669211109,33.45538012930904],[-112.0118669211109,33.4447185328747],[-111.99994345395754,33.44693462363497],[-111.99994345395756,33.45759657184514],[-112.0118669211109,33.45538012930904]]]}"
,PHOENIX,9739894579217301504,354440.650416547,66425.812,202506,deployment,"{""type"":""Polygon"",""coordinates"":[[[-111.99994345395756,33.45759657184514],[-111.99994345395754,33.44693462363497],[-111.98801993900399,33.449149468965295],[-111.98801993900399,33.45981176868984],[-111.99994345395756,33.45759657184514]]]}"
,PHOENIX,9739894613577039872,189317.98355886928,31456.705,202506,deployment,"{""type"":""Polygon"",""coordinates"":[[[-111.99994345395754,33.44693462363497],[-111.99994345395756,33.4362715236876],[-111.98801993900399,33.43848601715874],[-111.98801993900399,33.449149468965295],[-111.99994345395754,33.44693462363497]]]}"
,PHOENIX,9739894647936778240,447590.6680182234,95548.592,202506,deployment,"{""type"":""Polygon"",""coordinates"":[[[-111.98801993900399,33.449149468965295],[-111.98801993900399,33.43848601715874],[-111.9760963777647,33.4406992652463],[-111.9760963777647,33.451363068650494],[-111.98801993900399,33.449149468965295]]]}"
,PHOENIX,9739894682296516608,333437.3057241969,63063.501,202506,deployment,"{""type"":""Polygon"",""coordinates"":[[[-111.98801993900399,33.45981176868984],[-111.98801993900399,33.449149468965295],[-111.9760963777647,33.451363068650494],[-111.9760963777647,33.46202571962802],[-111.98801993900399,33.45981176868984]]]}"
,PHOENIX,9739894716656254976,54382.45423742012,10216.266,202506,deployment,"{""type"":""Polygon"",""coordinates"":[[[-111.9760963777647,33.46202571962802],[-111.9760963777647,33.451363068650494],[-111.96417277175436,33.45357542247594],[-111.96417277175436,33.46423842444515],[-111.9760963777647,33.46202571962802]]]}"
,PHOENIX,9739894751015993344,52376.862976327095,13412.837,202506,deployment,"{""type"":""Polygon"",""coordinates"":[[[-111.96417277175436,33.46423842444515],[-111.96417277175436,33.45357542247594],[-111.9522491224878,33.4557865302276],[-111.9522491224878,33.46644988292723],[-111.96417277175436,33.46423842444515]]]}"
,PHOENIX,9739894785375731712,348136.1557607099,55983.719,202506,deployment,"{""type"":""Polygon"",""coordinates"":[[[-111.96417277175436,33.45357542247594],[-111.96417277175436,33.44291126773559],[-111.9522491224878,33.44512202441251],[-111.9522491224878,33.4557865302276],[-111.96417277175436,33.45357542247594]]]}"
,PHOENIX,9739894819735470080,302234.6802337927,45610.426,202506,deployment,"{""type"":""Polygon"",""coordinates"":[[[-111.9760963777647,33.451363068650494],[-111.9760963777647,33.4406992652463],[-111.96417277175436,33.44291126773559],[-111.96417277175436,33.45357542247594],[-111.9760963777647,33.451363068650494]]]}"
,PHOENIX,9739894888454946816,239987.61044721532,32719.222,202506,deployment,"{""type"":""Polygon"",""coordinates"":[[[-111.96417277175436,33.44291126773559],[-111.96417277175436,33.43224596108014],[-111.9522491224878,33.43445636633799],[-111.9522491224878,33.44512202441251],[-111.96417277175436,33.44291126773559]]]}"
,PHOENIX,9739894922814685184,244111.6343089066,35360.496,202506,deployment,"{""type"":""Polygon"",""coordinates"":[[[-111.96417277175436,33.43224596108014],[-111.96417277175436,33.42157950336627],[-111.9522491224878,33.423789556860704],[-111.9522491224878,33.43445636633799],[-111.96417277175436,33.43224596108014]]]}"
,PHOENIX,9739894957174423552,146101.59344255412,24584.802,202506,deployment,"{""type"":""Polygon"",""coordinates"":[[[-111.9760963777647,33.4300343102715],[-111.9760963777647,33.419368204582796],[-111.96417277175436,33.42157950336627],[-111.96417277175436,33.43224596108014],[-111.9760963777647,33.4300343102715]]]}"
,PHOENIX,9739894991534161920,196748.30503919063,36648.208,202506,deployment,"{""type"":""Polygon"",""coordinates"":[[[-111.98801993900399,33.42782141412624],[-111.98801993900399,33.417155660724546],[-111.9760963777647,33.419368204582796],[-111.9760963777647,33.4300343102715],[-111.98801993900399,33.42782141412624]]]}"
,PHOENIX,9739895025893900288,203219.4179163837,47164.964,202506,deployment,"{""type"":""Polygon"",""coordinates"":[[[-111.98801993900399,33.43848601715874],[-111.98801993900399,33.42782141412624],[-111.9760963777647,33.4300343102715],[-111.9760963777647,33.4406992652463],[-111.98801993900399,33.43848601715874]]]}"
,PHOENIX,9739895060253638656,191485.2869148564,63683.554,202506,deployment,"{""type"":""Polygon"",""coordinates"":[[[-111.99994345395756,33.4362715236876],[-111.99994345395756,33.425607272859146],[-111.98801993900399,33.42782141412624],[-111.98801993900399,33.43848601715874],[-111.99994345395756,33.4362715236876]]]}"
,PHOENIX,9739895094613377024,62774.280119902076,10923.958,202506,deployment,"{""type"":""Polygon"",""coordinates"":[[[-111.99994345395756,33.425607272859146],[-111.99994345395754,33.414941872006345],[-111.98801993900399,33.417155660724546],[-111.98801993900399,33.42782141412624],[-111.99994345395756,33.425607272859146]]]}"
,PHOENIX,9739895128973115392,72030.94667817352,20010.488,202506,deployment,"{""type"":""Polygon"",""coordinates"":[[[-111.99994345395754,33.414941872006345],[-111.99994345395756,33.40427532198662],[-111.98801993900399,33.40648875781104],[-111.98801993900399,33.417155660724546],[-111.99994345395754,33.414941872006345]]]}"
,PHOENIX,9739895163332853760,44708.94836025077,7630.645,202506,deployment,"{""type"":""Polygon"",""coordinates"":[[[-111.99994345395756,33.40427532198662],[-111.99994345395756,33.393607623658035],[-111.98801993900399,33.39582070624375],[-111.98801993900399,33.40648875781104],[-111.99994345395756,33.40427532198662]]]}"
,PHOENIX,9739895197692592128,78327.33586733867,28873.398,202506,deployment,"{""type"":""Polygon"",""coordinates"":[[[-111.98801993900399,33.40648875781104],[-111.98801993900399,33.39582070624375],[-111.9760963777647,33.39803254449382],[-111.9760963777647,33.40870094903757],[-111.98801993900399,33.40648875781104]]]}"
,PHOENIX,9739895232052330496,20741.88818898255,7084.153,202506,deployment,"{""type"":""Polygon"",""coordinates"":[[[-111.98801993900399,33.417155660724546],[-111.98801993900399,33.40648875781104],[-111.9760963777647,33.40870094903757],[-111.9760963777647,33.419368204582796],[-111.98801993900399,33.417155660724546]]]}"
,PHOENIX,9739895266412068864,42507.45747574288,11640.858,202506,deployment,"{""type"":""Polygon"",""coordinates"":[[[-111.9760963777647,33.419368204582796],[-111.9760963777647,33.40870094903757],[-111.96417277175436,33.410911895451314],[-111.96417277175436,33.42157950336627],[-111.9760963777647,33.419368204582796]]]}"
,PHOENIX,9739895300771807232,295285.33494670223,40296.151,202506,deployment,"{""type"":""Polygon"",""coordinates"":[[[-111.96417277175436,33.42157950336627],[-111.96417277175436,33.410911895451314],[-111.9522491224878,33.41312159683796],[-111.9522491224878,33.423789556860704],[-111.96417277175436,33.42157950336627]]]}"
,PHOENIX,9739895335131545600,248610.10264903272,39711.719,202506,deployment,"{""type"":""Polygon"",""coordinates"":[[[-111.96417277175436,33.410911895451314],[-111.96417277175436,33.40024313819328],[-111.9522491224878,33.40245248712773],[-111.9522491224878,33.41312159683796],[-111.96417277175436,33.410911895451314]]]}"
,PHOENIX,9739895369491283968,60967.16829066808,30649.814,202506,deployment,"{""type"":""Polygon"",""coordinates"":[[[-111.9760963777647,33.40870094903757],[-111.9760963777647,33.39803254449382],[-111.96417277175436,33.40024313819328],[-111.96417277175436,33.410911895451314],[-111.9760963777647,33.40870094903757]]]}"
,PHOENIX,9739895403851022336,286649.11881215655,23571.855,202506,deployment,"{""type"":""Polygon"",""coordinates"":[[[-111.9760963777647,33.39803254449382],[-111.9760963777647,33.38736299181024],[-111.96417277175436,33.38957323245082],[-111.96417277175436,33.40024313819328],[-111.9760963777647,33.39803254449382]]]}"
,PHOENIX,9739895438210760704,290901.78224778245,29711.696,202506,deployment,"{""type"":""Polygon"",""coordinates"":[[[-111.96417277175436,33.40024313819328],[-111.96417277175436,33.38957323245082],[-111.9522491224878,33.39178222858866],[-111.9522491224878,33.40245248712773],[-111.96417277175436,33.40024313819328]]]}"
,PHOENIX,9739895472570499072,168606.10464520988,28661.783,202506,deployment,"{""type"":""Polygon"",""coordinates"":[[[-111.96417277175436,33.38957323245082],[-111.96417277175436,33.37890217908323],[-111.9522491224878,33.38111082208001],[-111.9522491224878,33.39178222858866],[-111.96417277175436,33.38957323245082]]]}"
,PHOENIX,9739895506930237440,12002.981481605604,2848.102,202506,deployment,"{""type"":""Polygon"",""coordinates"":[[[-111.9760963777647,33.38736299181024],[-111.9760963777647,33.37669229184612],[-111.96417277175436,33.37890217908323],[-111.96417277175436,33.38957323245082],[-111.9760963777647,33.38736299181024]]]}"
,PHOENIX,9739895541289975808,9111.296469836661,1633.556,202506,deployment,"{""type"":""Polygon"",""coordinates"":[[[-111.98801993900399,33.38515150688138],[-111.98801993900399,33.37448116058326],[-111.9760963777647,33.37669229184612],[-111.9760963777647,33.38736299181024],[-111.98801993900399,33.38515150688138]]]}"
,PHOENIX,9739895575649714176,141210.55252779537,13281.417,202506,deployment,"{""type"":""Polygon"",""coordinates"":[[[-111.98801993900399,33.39582070624375],[-111.98801993900399,33.38515150688138],[-111.9760963777647,33.38736299181024],[-111.9760963777647,33.39803254449382],[-111.98801993900399,33.39582070624375]]]}"
,PHOENIX,9739895610009452544,118521.35210699133,10062.315,202506,deployment,"{""type"":""Polygon"",""coordinates"":[[[-111.99994345395756,33.393607623658035],[-111.99994345395756,33.38293877787928],[-111.98801993900399,33.38515150688138],[-111.98801993900399,33.39582070624375],[-111.99994345395756,33.393607623658035]]]}"
,PHOENIX,9739895644369190912,5130.255610420157,1110.252,202506,deployment,"{""type"":""Polygon"",""coordinates"":[[[-111.99994345395756,33.38293877787928],[-111.99994345395756,33.37226878550974],[-111.98801993900399,33.37448116058326],[-111.98801993900399,33.38515150688138],[-111.99994345395756,33.38293877787928]]]}"
,PHOENIX,9739895678728929280,21.974680122354908,21.975,202506,deployment,"{""type"":""Polygon"",""coordinates"":[[[-112.0118669211109,33.38072480501958],[-112.0118669211109,33.37005516684127],[-111.99994345395756,33.37226878550974],[-111.99994345395756,33.38293877787928],[-112.0118669211109,33.38072480501958]]]}"
,PHOENIX,9739895713088667648,17.71432154469013,17.714,202506,deployment,"{""type"":""Polygon"",""coordinates"":[[[-112.02379033894974,33.37850958851848],[-112.02379033894974,33.367840304794115],[-112.0118669211109,33.37005516684127],[-112.0118669211109,33.38072480501958],[-112.02379033894974,33.37850958851848]]]}"
,PHOENIX,9739895747448406016,6066.327346490753,713.915,202506,deployment,"{""type"":""Polygon"",""coordinates"":[[[-112.02379033894974,33.38917772634247],[-112.02379033894974,33.37850958851848],[-112.0118669211109,33.38072480501958],[-112.0118669211109,33.39139329695223],[-112.02379033894974,33.38917772634247]]]}"
,PHOENIX,9739895781808144384,42424.81630709957,3376.681,202506,deployment,"{""type"":""Polygon"",""coordinates"":[[[-112.0118669211109,33.39139329695223],[-112.0118669211109,33.38072480501958],[-111.99994345395756,33.38293877787928],[-111.99994345395756,33.393607623658035],[-112.0118669211109,33.39139329695223]]]}"
,PHOENIX,9739895816167882752,58881.14490929694,5310.076,202506,deployment,"{""type"":""Polygon"",""coordinates"":[[[-112.0118669211109,33.40206064177982],[-112.0118669211109,33.39139329695223],[-111.99994345395756,33.393607623658035],[-111.99994345395756,33.40427532198662],[-112.0118669211109,33.40206064177982]]]}"
,PHOENIX,9739895850527621120,60502.98338753679,18235.554,202506,deployment,"{""type"":""Polygon"",""coordinates"":[[[-112.0118669211109,33.41272683864362],[-112.0118669211109,33.40206064177982],[-111.99994345395756,33.40427532198662],[-111.99994345395754,33.414941872006345],[-112.0118669211109,33.41272683864362]]]}"
,PHOENIX,9739895884887359488,85502.28526139476,21363.306,202506,deployment,"{""type"":""Polygon"",""coordinates"":[[[-112.02379033894974,33.410510560852344],[-112.02379033894974,33.39984471740667],[-112.0118669211109,33.40206064177982],[-112.0118669211109,33.41272683864362],[-112.02379033894974,33.410510560852344]]]}"
,PHOENIX,9739895919247097856,112715.20505138556,8689.564,202506,deployment,"{""type"":""Polygon"",""coordinates"":[[[-112.02379033894974,33.39984471740667],[-112.02379033894974,33.38917772634247],[-112.0118669211109,33.39139329695223],[-112.0118669211109,33.40206064177982],[-112.02379033894974,33.39984471740667]]]}"
,PHOENIX,9739895953606836224,101056.45809688186,9957.946,202506,deployment,"{""type"":""Polygon"",""coordinates"":[[[-112.03571370595999,33.39762754908383],[-112.03571370595999,33.386960912045474],[-112.02379033894974,33.38917772634247],[-112.02379033894974,33.39984471740667],[-112.03571370595999,33.39762754908383]]]}"
,PHOENIX,9739895987966574592,95059.11904776456,24877.892,202506,deployment,"{""type"":""Polygon"",""coordinates"":[[[-112.03571370595999,33.40829303884908],[-112.03571370595999,33.39762754908383],[-112.02379033894974,33.39984471740667],[-112.02379033894974,33.410510560852344],[-112.03571370595999,33.40829303884908]]]}"
,PHOENIX,9739896022326312960,95997.65831432452,16978.097,202506,deployment,"{""type"":""Polygon"",""coordinates"":[[[-112.04763702062775,33.40607427285097],[-112.04763702062775,33.3954091370285],[-112.03571370595999,33.39762754908383],[-112.03571370595999,33.40829303884908],[-112.04763702062775,33.40607427285097]]]}"
,PHOENIX,9739896056686051328,93616.2677369908,6972.421,202506,deployment,"{""type"":""Polygon"",""coordinates"":[[[-112.04763702062775,33.3954091370285],[-112.04763702062775,33.3847428542785],[-112.03571370595999,33.386960912045474],[-112.03571370595999,33.39762754908383],[-112.04763702062775,33.3954091370285]]]}"
,PHOENIX,9739896091045789696,2691.2504529275543,569.063,202506,deployment,"{""type"":""Polygon"",""coordinates"":[[[-112.04763702062775,33.3847428542785],[-112.04763702062775,33.37407542545975],[-112.03571370595999,33.376293128592756],[-112.03571370595999,33.386960912045474],[-112.04763702062775,33.3847428542785]]]}"
,PHOENIX,9739896125405528064,6483.470675935097,1179.489,202506,deployment,"{""type"":""Polygon"",""coordinates"":[[[-112.03571370595999,33.386960912045474],[-112.03571370595999,33.376293128592756],[-112.02379033894974,33.37850958851848],[-112.02379033894974,33.38917772634247],[-112.03571370595999,33.386960912045474]]]}"
,PHOENIX,9739896159765266432,4.4619739070670095,4.462,202506,deployment,"{""type"":""Polygon"",""coordinates"":[[[-112.03571370595999,33.376293128592756],[-112.03571370595999,33.36562419958512],[-112.02379033894974,33.367840304794115],[-112.02379033894974,33.37850958851848],[-112.03571370595999,33.376293128592756]]]}"
,PHOENIX,9739896297204219904,444.34441818833864,77.182,202506,deployment,"{""type"":""Polygon"",""coordinates"":[[[-112.07148348688116,33.380303009206685],[-112.07148348688116,33.36963629044424],[-112.05956028143932,33.37185647933742],[-112.05956028143932,33.382523553259425],[-112.07148348688116,33.380303009206685]]]}"
,PHOENIX,9739896331563958272,1771.7455566681426,329.085,202506,deployment,"{""type"":""Polygon"",""coordinates"":[[[-112.05956028143932,33.382523553259425],[-112.05956028143932,33.37185647933742],[-112.04763702062775,33.37407542545975],[-112.04763702062775,33.3847428542785],[-112.05956028143932,33.382523553259425]]]}"
,PHOENIX,9739896365923696640,40606.81863482479,3207.407,202506,deployment,"{""type"":""Polygon"",""coordinates"":[[[-112.05956028143932,33.393189481458485],[-112.05956028143932,33.382523553259425],[-112.04763702062775,33.3847428542785],[-112.04763702062775,33.3954091370285],[-112.05956028143932,33.393189481458485]]]}"
,PHOENIX,9739896400283435008,10174.605123706828,2182.622,202506,deployment,"{""type"":""Polygon"",""coordinates"":[[[-112.05956028143932,33.403854263075765],[-112.05956028143932,33.393189481458485],[-112.04763702062775,33.3954091370285],[-112.04763702062775,33.40607427285097],[-112.05956028143932,33.403854263075765]]]}"
,PHOENIX,9739896434643173376,39974.30435337331,2384.287,202506,deployment,"{""type"":""Polygon"",""coordinates"":[[[-112.07148348688116,33.40163300974172],[-112.07148348688116,33.39096858259213],[-112.05956028143932,33.393189481458485],[-112.05956028143932,33.403854263075765],[-112.07148348688116,33.40163300974172]]]}"
,PHOENIX,9739896469002911744,21780.582431082526,1238.579,202506,deployment,"{""type"":""Polygon"",""coordinates"":[[[-112.07148348688116,33.39096858259213],[-112.07148348688116,33.380303009206685],[-112.05956028143932,33.382523553259425],[-112.05956028143932,33.393189481458485],[-112.07148348688116,33.39096858259213]]]}"
,PHOENIX,9739896503362650112,13392.376598422827,1724.441,202506,deployment,"{""type"":""Polygon"",""coordinates"":[[[-112.08340663543997,33.38874644064839],[-112.08340663543997,33.3780812223393],[-112.07148348688116,33.380303009206685],[-112.07148348688116,33.39096858259213],[-112.08340663543997,33.38874644064839]]]}"
,PHOENIX,9739896537722388480,28739.97083979181,4908.868,202506,deployment,"{""type"":""Polygon"",""coordinates"":[[[-112.08340663543997,33.399410513067735],[-112.08340663543997,33.38874644064839],[-112.07148348688116,33.39096858259213],[-112.07148348688116,33.40163300974172],[-112.08340663543997,33.399410513067735]]]}"
,PHOENIX,9739896572082126848,13293.785438029145,2634.796,202506,deployment,"{""type"":""Polygon"",""coordinates"":[[[-112.09532972560264,33.39718677327324],[-112.09532972560264,33.38652305584679],[-112.08340663543997,33.38874644064839],[-112.08340663543997,33.399410513067735],[-112.09532972560264,33.39718677327324]]]}"
,PHOENIX,9739896606441865216,7769.291989995546,1610.814,202506,deployment,"{""type"":""Polygon"",""coordinates"":[[[-112.09532972560264,33.38652305584679],[-112.09532972560264,33.37585819287685],[-112.08340663543997,33.3780812223393],[-112.08340663543997,33.38874644064839],[-112.09532972560264,33.38652305584679]]]}"
,PHOENIX,9739896675161341952,57.39061223294643,9.898,202506,deployment,"{""type"":""Polygon"",""coordinates"":[[[-112.08340663543997,33.3780812223393],[-112.08340663543997,33.36741485899932],[-112.07148348688116,33.36963629044424],[-112.07148348688116,33.380303009206685],[-112.08340663543997,33.3780812223393]]]}"
,PHOENIX,9739897190557417472,52.659236688972385,18.509,202506,deployment,"{""type"":""Polygon"",""coordinates"":[[[-112.11917572468799,33.392735565203445],[-112.11917572468799,33.38207255855094],[-112.10725275585622,33.38429842840742],[-112.10725275585622,33.39496179057828],[-112.11917572468799,33.392735565203445]]]}"
,PHOENIX,9739897259276894208,2040.262263472489,383.13,202506,deployment,"{""type"":""Polygon"",""coordinates"":[[[-112.10725275585622,33.38429842840742],[-112.10725275585622,33.3736339210395],[-112.09532972560264,33.37585819287685],[-112.09532972560264,33.38652305584679],[-112.10725275585622,33.38429842840742]]]}"
,PHOENIX,9739897293636632576,3188.6898181000884,710.876,202506,deployment,"{""type"":""Polygon"",""coordinates"":[[[-112.10725275585622,33.39496179057828],[-112.10725275585622,33.38429842840742],[-112.09532972560264,33.38652305584679],[-112.09532972560264,33.39718677327324],[-112.10725275585622,33.39496179057828]]]}"
,PHOENIX,9739897327996370944,3918.0450066412823,970.381,202506,deployment,"{""type"":""Polygon"",""coordinates"":[[[-112.10725275585621,33.405624006693856],[-112.10725275585622,33.39496179057828],[-112.09532972560264,33.39718677327324],[-112.09532972560264,33.40784934429799],[-112.10725275585621,33.405624006693856]]]}"
,PHOENIX,9739897431075586048,62.60277835293645,20.406,202506,deployment,"{""type"":""Polygon"",""coordinates"":[[[-112.11917572468799,33.40339742614724],[-112.11917572468799,33.392735565203445],[-112.10725275585622,33.39496179057828],[-112.10725275585621,33.405624006693856],[-112.11917572468799,33.40339742614724]]]}"
,PHOENIX,9739897740313231360,1125.9489985895077,281.294,202506,deployment,"{""type"":""Polygon"",""coordinates"":[[[-112.11917572468799,33.4353761261533],[-112.11917572468799,33.42471770747881],[-112.10725275585621,33.42694499732932],[-112.10725275585622,33.437603770135965],[-112.11917572468799,33.4353761261533]]]}"
,PHOENIX,9739897809032708096,115.93564748990478,42.863,202506,deployment,"{""type"":""Polygon"",""coordinates"":[[[-112.10725275585621,33.42694499732932],[-112.10725275585622,33.41628507589651],[-112.09532972560264,33.418510768063435],[-112.09532972560264,33.42917104371265],[-112.10725275585621,33.42694499732932]]]}"
,PHOENIX,9739897843392446464,12227.712094314033,2434.411,202506,deployment,"{""type"":""Polygon"",""coordinates"":[[[-112.10725275585622,33.437603770135965],[-112.10725275585621,33.42694499732932],[-112.09532972560264,33.42917104371265],[-112.09532972560264,33.43983017038935],[-112.10725275585622,33.437603770135965]]]}"
,PHOENIX,9739897877752184832,12038.175737688676,2600.247,202506,deployment,"{""type"":""Polygon"",""coordinates"":[[[-112.09532972560264,33.43983017038935],[-112.09532972560264,33.42917104371265],[-112.08340663543997,33.43139584640841],[-112.08340663543997,33.442055326693136],[-112.09532972560264,33.43983017038935]]]}"
,PHOENIX,9739897912111923200,153157.37313549308,48505.601,202506,deployment,"{""type"":""Polygon"",""coordinates"":[[[-112.08340663543997,33.442055326693136],[-112.08340663543997,33.43139584640841],[-112.07148348688116,33.433619405196765],[-112.07148348688116,33.44427923882758],[-112.08340663543997,33.442055326693136]]]}"
,PHOENIX,9739897946471661568,45299.92614610071,12578.775,202506,deployment,"{""type"":""Polygon"",""coordinates"":[[[-112.08340663543997,33.43139584640841],[-112.08340663543997,33.42073521680497],[-112.07148348688116,33.42295842190126],[-112.07148348688116,33.433619405196765],[-112.08340663543997,33.43139584640841]]]}"
,PHOENIX,9739897980831399936,11934.880083857584,3226.91,202506,deployment,"{""type"":""Polygon"",""coordinates"":[[[-112.09532972560264,33.42917104371265],[-112.09532972560264,33.418510768063435],[-112.08340663543997,33.42073521680497],[-112.08340663543997,33.43139584640841],[-112.09532972560264,33.42917104371265]]]}"
,PHOENIX,9739898049550876672,9224.613678278936,2030.738,202506,deployment,"{""type"":""Polygon"",""coordinates"":[[[-112.09532972560264,33.40784934429799],[-112.09532972560264,33.39718677327324],[-112.08340663543997,33.399410513067735],[-112.08340663543997,33.41007343873912],[-112.09532972560264,33.40784934429799]]]}"
,PHOENIX,9739898083910615040,28498.884980796127,6257.203,202506,deployment,"{""type"":""Polygon"",""coordinates"":[[[-112.08340663543997,33.41007343873912],[-112.08340663543997,33.399410513067735],[-112.07148348688116,33.40163300974172],[-112.07148348688116,33.41229628979728],[-112.08340663543997,33.41007343873912]]]}"
,PHOENIX,9739898118270353408,31992.399716602347,6833.492,202506,deployment,"{""type"":""Polygon"",""coordinates"":[[[-112.08340663543997,33.42073521680497],[-112.08340663543997,33.41007343873912],[-112.07148348688116,33.41229628979728],[-112.07148348688116,33.42295842190126],[-112.08340663543997,33.42073521680497]]]}"
,PHOENIX,9739898152630091776,45435.86939477394,2899.315,202506,deployment,"{""type"":""Polygon"",""coordinates"":[[[-112.07148348688116,33.42295842190126],[-112.07148348688116,33.41229628979728],[-112.05956028143932,33.41451789725309],[-112.05956028143932,33.42518038313297],[-112.07148348688116,33.42295842190126]]]}"
,PHOENIX,9739898186989830144,50266.74268571654,4108.702,202506,deployment,"{""type"":""Polygon"",""coordinates"":[[[-112.07148348688116,33.41229628979728],[-112.07148348688116,33.40163300974172],[-112.05956028143932,33.403854263075765],[-112.05956028143932,33.41451789725309],[-112.07148348688116,33.41229628979728]]]}"
,PHOENIX,9739898221349568512,21026.32856568102,3941.678,202506,deployment,"{""type"":""Polygon"",""coordinates"":[[[-112.05956028143932,33.41451789725309],[-112.05956028143932,33.403854263075765],[-112.04763702062775,33.40607427285097],[-112.04763702062775,33.41673826088777],[-112.05956028143932,33.41451789725309]]]}"
,PHOENIX,9739898255709306880,62732.52129625395,12660.612,202506,deployment,"{""type"":""Polygon"",""coordinates"":[[[-112.05956028143932,33.42518038313297],[-112.05956028143932,33.41451789725309],[-112.04763702062775,33.41673826088777],[-112.04763702062775,33.42740110028139],[-112.05956028143932,33.42518038313297]]]}"
,PHOENIX,9739898290069045248,262980.27186844917,58429.914,202506,deployment,"{""type"":""Polygon"",""coordinates"":[[[-112.05956028143932,33.435841719858516],[-112.05956028143932,33.42518038313297],[-112.04763702062775,33.42740110028139],[-112.04763702062775,33.438062790174975],[-112.05956028143932,33.435841719858516]]]}"
,PHOENIX,9739898324428783616,70688.03890045696,10020.977,202506,deployment,"{""type"":""Polygon"",""coordinates"":[[[-112.07148348688116,33.433619405196765],[-112.07148348688116,33.42295842190126],[-112.05956028143932,33.42518038313297],[-112.05956028143932,33.435841719858516],[-112.07148348688116,33.433619405196765]]]}"
,PHOENIX,9739898358788521984,610468.5582454307,95013.47,202506,deployment,"{""type"":""Polygon"",""coordinates"":[[[-112.07148348688116,33.44427923882758],[-112.07148348688116,33.433619405196765],[-112.05956028143932,33.435841719858516],[-112.05956028143932,33.44650190657351],[-112.07148348688116,33.44427923882758]]]}"
,PHOENIX,9739898393148260352,373862.5752993164,73697.713,202506,deployment,"{""type"":""Polygon"",""coordinates"":[[[-112.05956028143932,33.44650190657351],[-112.05956028143932,33.435841719858516],[-112.04763702062775,33.438062790174975],[-112.04763702062775,33.44872332971235],[-112.05956028143932,33.44650190657351]]]}"
,PHOENIX,9739898427507998720,438995.2702081586,76638.218,202506,deployment,"{""type"":""Polygon"",""coordinates"":[[[-112.05956028143932,33.45716094242241],[-112.05956028143932,33.44650190657351],[-112.04763702062775,33.44872332971235],[-112.04763702062775,33.45938271803798],[-112.05956028143932,33.45716094242241]]]}"
,PHOENIX,9739898461867737088,325051.71426417056,54391.474,202506,deployment,"{""type"":""Polygon"",""coordinates"":[[[-112.05956028143932,33.4678188265503],[-112.05956028143932,33.45716094242241],[-112.04763702062775,33.45938271803798],[-112.04763702062775,33.47004095429698],[-112.05956028143932,33.4678188265503]]]}"
,PHOENIX,9739898496227475456,411729.46980943705,59158.229,202506,deployment,"{""type"":""Polygon"",""coordinates"":[[[-112.07148348688116,33.465595453673416],[-112.07148348688116,33.454937921938104],[-112.05956028143932,33.45716094242241],[-112.05956028143932,33.4678188265503],[-112.07148348688116,33.465595453673416]]]}"
,PHOENIX,9739898530587213824,573468.9657040669,76890.919,202506,deployment,"{""type"":""Polygon"",""coordinates"":[[[-112.07148348688116,33.454937921938104],[-112.07148348688116,33.44427923882758],[-112.05956028143932,33.44650190657351],[-112.05956028143932,33.45716094242241],[-112.07148348688116,33.454937921938104]]]}"
,PHOENIX,9739898564946952192,378351.62884487445,69405.006,202506,deployment,"{""type"":""Polygon"",""coordinates"":[[[-112.08340663543997,33.452713656803574],[-112.08340663543997,33.442055326693136],[-112.07148348688116,33.44427923882758],[-112.07148348688116,33.454937921938104],[-112.08340663543997,33.452713656803574]]]}"
,PHOENIX,9739898599306690560,52790.60912900299,9011.221,202506,deployment,"{""type"":""Polygon"",""coordinates"":[[[-112.09532972560264,33.45048814723792],[-112.09532972560264,33.43983017038935],[-112.08340663543997,33.442055326693136],[-112.08340663543997,33.452713656803574],[-112.09532972560264,33.45048814723792]]]}"
,PHOENIX,9739898633666428928,108553.2211938877,14371.517,202506,deployment,"{""type"":""Polygon"",""coordinates"":[[[-112.09532972560264,33.46114497340337],[-112.09532972560264,33.45048814723792],[-112.08340663543997,33.452713656803574],[-112.08340663543997,33.46337083588477],[-112.09532972560264,33.46114497340337]]]}"
,PHOENIX,9739898668026167296,372554.3445217401,62289.926,202506,deployment,"{""type"":""Polygon"",""coordinates"":[[[-112.08340663543997,33.46337083588477],[-112.08340663543997,33.452713656803574],[-112.07148348688116,33.454937921938104],[-112.07148348688116,33.465595453673416],[-112.08340663543997,33.46337083588477]]]}"
,PHOENIX,9739898702385905664,298553.5385439105,42340.534,202506,deployment,"{""type"":""Polygon"",""coordinates"":[[[-112.08340663543997,33.47402686308241],[-112.08340663543997,33.46337083588477],[-112.07148348688116,33.465595453673416],[-112.07148348688116,33.476251833179234],[-112.08340663543997,33.47402686308241]]]}"
,PHOENIX,9739898736745644032,75411.47761466728,8974.152,202506,deployment,"{""type"":""Polygon"",""coordinates"":[[[-112.09532972560264,33.47180064803138],[-112.09532972560264,33.46114497340337],[-112.08340663543997,33.46337083588477],[-112.08340663543997,33.47402686308241],[-112.09532972560264,33.47180064803138]]]}"
,PHOENIX,9739898771105382400,55216.97458728287,8132.58,202506,deployment,"{""type"":""Polygon"",""coordinates"":[[[-112.09532972560264,33.482455170268295],[-112.09532972560264,33.47180064803138],[-112.08340663543997,33.47402686308241],[-112.08340663543997,33.48468173754284],[-112.09532972560264,33.482455170268295]]]}"
,PHOENIX,9739898805465120768,236990.45691461497,38502.886,202506,deployment,"{""type"":""Polygon"",""coordinates"":[[[-112.08340663543997,33.48468173754284],[-112.08340663543997,33.47402686308241],[-112.07148348688116,33.476251833179234],[-112.07148348688116,33.486907059601926],[-112.08340663543997,33.48468173754284]]]}"
,PHOENIX,9739898839824859136,252825.21783535808,40512.703,202506,deployment,"{""type"":""Polygon"",""coordinates"":[[[-112.07148348688116,33.486907059601926],[-112.07148348688116,33.476251833179234],[-112.05956028143932,33.47847555810293],[-112.05956028143932,33.48913113622667],[-112.07148348688116,33.486907059601926]]]}"
,PHOENIX,9739898874184597504,169571.52991001803,24743.535,202506,deployment,"{""type"":""Polygon"",""coordinates"":[[[-112.07148348688116,33.476251833179234],[-112.07148348688116,33.465595453673416],[-112.05956028143932,33.4678188265503],[-112.05956028143932,33.47847555810293],[-112.07148348688116,33.476251833179234]]]}"
,PHOENIX,9739898908544335872,149332.2273388712,24122.386,202506,deployment,"{""type"":""Polygon"",""coordinates"":[[[-112.05956028143932,33.47847555810293],[-112.05956028143932,33.4678188265503],[-112.04763702062775,33.47004095429698],[-112.04763702062775,33.48069803763509],[-112.05956028143932,33.47847555810293]]]}"
,PHOENIX,9739898942904074240,208285.63017936065,33306.189,202506,deployment,"{""type"":""Polygon"",""coordinates"":[[[-112.05956028143932,33.48913113622667],[-112.05956028143932,33.47847555810293],[-112.04763702062775,33.48069803763509],[-112.04763702062775,33.49135396719877],[-112.05956028143932,33.48913113622667]]]}"
,PHOENIX,9739898977263812608,125446.66903188983,16496.625,202506,deployment,"{""type"":""Polygon"",""coordinates"":[[[-112.05956028143932,33.49978556006861],[-112.05956028143932,33.48913113622667],[-112.04763702062775,33.49135396719877],[-112.04763702062775,33.50200874213507],[-112.05956028143932,33.49978556006861]]]}"
,PHOENIX,9739899011623550976,178949.46179901712,26853.928,202506,deployment,"{""type"":""Polygon"",""coordinates"":[[[-112.07148348688116,33.49756113208854],[-112.07148348688116,33.486907059601926],[-112.05956028143932,33.48913113622667],[-112.05956028143932,33.49978556006861],[-112.07148348688116,33.49756113208854]]]}"
,PHOENIX,9739899045983289344,103154.41857844705,18937.814,202506,deployment,"{""type"":""Polygon"",""coordinates"":[[[-112.07148348688116,33.50821404978674],[-112.07148348688116,33.49756113208854],[-112.05956028143932,33.49978556006861],[-112.05956028143932,33.51043882877643],[-112.07148348688116,33.50821404978674]]]}"
,PHOENIX,9739899080343027712,96240.80077429328,18751.79,202506,deployment,"{""type"":""Polygon"",""coordinates"":[[[-112.05956028143932,33.51043882877643],[-112.05956028143932,33.49978556006861],[-112.04763702062775,33.50200874213507],[-112.04763702062775,33.51266236159172],[-112.05956028143932,33.51043882877643]]]}"
,PHOENIX,9739899114702766080,57929.41094619649,11764.597,202506,deployment,"{""type"":""Polygon"",""coordinates"":[[[-112.05956028143932,33.52109094149849],[-112.05956028143932,33.51043882877643],[-112.04763702062775,33.51266236159172],[-112.04763702062775,33.523314824717104],[-112.05956028143932,33.52109094149849]]]}"
,PHOENIX,9739899149062504448,36818.4446120512,7962.316,202506,deployment,"{""type"":""Polygon"",""coordinates"":[[[-112.05956028143932,33.53174189738382],[-112.05956028143932,33.52109094149849],[-112.04763702062775,33.523314824717104],[-112.04763702062775,33.533966130660254],[-112.05956028143932,33.53174189738382]]]}"
,PHOENIX,9739899183422242816,53099.22896185871,11489.34,202506,deployment,"{""type"":""Polygon"",""coordinates"":[[[-112.07148348688116,33.5295164174119],[-112.07148348688116,33.51886581184486],[-112.05956028143932,33.52109094149849],[-112.05956028143932,33.53174189738382],[-112.07148348688116,33.5295164174119]]]}"
,PHOENIX,9739899217781981184,108441.64279476312,21868.697,202506,deployment,"{""type"":""Polygon"",""coordinates"":[[[-112.07148348688116,33.51886581184486],[-112.07148348688116,33.50821404978674],[-112.05956028143932,33.51043882877643],[-112.05956028143932,33.52109094149849],[-112.07148348688116,33.51886581184486]]]}"
,PHOENIX,9739899252141719552,139983.48664656928,31427.404,202506,deployment,"{""type"":""Polygon"",""coordinates"":[[[-112.08340663543997,33.516639435974284],[-112.08340663543997,33.505988024840796],[-112.07148348688116,33.50821404978674],[-112.07148348688116,33.51886581184486],[-112.08340663543997,33.516639435974284]]]}"
,PHOENIX,9739899286501457920,51464.26127417606,12766.29,202506,deployment,"{""type"":""Polygon"",""coordinates"":[[[-112.08340663543997,33.52728969096251],[-112.08340663543997,33.516639435974284],[-112.07148348688116,33.51886581184486],[-112.07148348688116,33.5295164174119],[-112.08340663543997,33.52728969096251]]]}"
,PHOENIX,9739899320861196288,44779.468064829445,8887.737,202506,deployment,"{""type"":""Polygon"",""coordinates"":[[[-112.09532972560264,33.52506171825426],[-112.09532972560264,33.514411814105436],[-112.08340663543997,33.516639435974284],[-112.08340663543997,33.52728969096251],[-112.09532972560264,33.52506171825426]]]}"
,PHOENIX,9739899355220934656,57682.087823699876,9804.38,202506,deployment,"{""type"":""Polygon"",""coordinates"":[[[-112.09532972560264,33.514411814105436],[-112.09532972560264,33.50376075415736],[-112.08340663543997,33.505988024840796],[-112.08340663543997,33.516639435974284],[-112.09532972560264,33.514411814105436]]]}"
,PHOENIX,9739899389580673024,91167.28365609793,13517.817,202506,deployment,"{""type"":""Polygon"",""coordinates"":[[[-112.09532972560264,33.50376075415736],[-112.09532972560264,33.49310853926107],[-112.08340663543997,33.49533545841309],[-112.08340663543997,33.505988024840796],[-112.09532972560264,33.50376075415736]]]}"
,PHOENIX,9739899423940411392,127282.88142727871,20892.077,202506,deployment,"{""type"":""Polygon"",""coordinates"":[[[-112.08340663543997,33.505988024840796],[-112.08340663543997,33.49533545841309],[-112.07148348688116,33.49756113208854],[-112.07148348688116,33.50821404978674],[-112.08340663543997,33.505988024840796]]]}"
,PHOENIX,9739899458300149760,268256.1536121081,40392.153,202506,deployment,"{""type"":""Polygon"",""coordinates"":[[[-112.08340663543997,33.49533545841309],[-112.08340663543997,33.48468173754284],[-112.07148348688116,33.486907059601926],[-112.07148348688116,33.49756113208854],[-112.08340663543997,33.49533545841309]]]}"
,PHOENIX,9739899492659888128,94425.47030012008,12993.849,202506,deployment,"{""type"":""Polygon"",""coordinates"":[[[-112.09532972560264,33.49310853926107],[-112.09532972560264,33.482455170268295],[-112.08340663543997,33.48468173754284],[-112.08340663543997,33.49533545841309],[-112.09532972560264,33.49310853926107]]]}"
,PHOENIX,9739899527019626496,44663.31549133158,7508.735,202506,deployment,"{""type"":""Polygon"",""coordinates"":[[[-112.10725275585622,33.490880374851876],[-112.10725275585622,33.480227357997734],[-112.09532972560264,33.482455170268295],[-112.09532972560264,33.49310853926107],[-112.10725275585622,33.490880374851876]]]}"
,PHOENIX,9739899561379364864,12891.887799818716,3089.372,202506,deployment,"{""type"":""Polygon"",""coordinates"":[[[-112.11917572468799,33.488650965405455],[-112.11917572468799,33.47799830095121],[-112.10725275585622,33.480227357997734],[-112.10725275585622,33.490880374851876],[-112.11917572468799,33.488650965405455]]]}"
,PHOENIX,9739899595739103232,8152.916375794943,2084.592,202506,deployment,"{""type"":""Polygon"",""coordinates"":[[[-112.11917572468799,33.4993024764558],[-112.11917572468799,33.488650965405455],[-112.10725275585622,33.490880374851876],[-112.10725275585622,33.50153223795573],[-112.11917572468799,33.4993024764558]]]}"
,PHOENIX,9739899630098841600,48026.325960053044,8279.664,202506,deployment,"{""type"":""Polygon"",""coordinates"":[[[-112.10725275585622,33.50153223795573],[-112.10725275585622,33.490880374851876],[-112.09532972560264,33.49310853926107],[-112.09532972560264,33.50376075415736],[-112.10725275585622,33.50153223795573]]]}"
,PHOENIX,9739899664458579968,38999.82197919768,7360.211,202506,deployment,"{""type"":""Polygon"",""coordinates"":[[[-112.10725275585621,33.51218294645757],[-112.10725275585622,33.50153223795573],[-112.09532972560264,33.50376075415736],[-112.09532972560264,33.514411814105436],[-112.10725275585621,33.51218294645757]]]}"
,PHOENIX,9739899698818318336,33430.90847017831,6269.44,202506,deployment,"{""type"":""Polygon"",""coordinates"":[[[-112.10725275585622,33.522832499506315],[-112.10725275585621,33.51218294645757],[-112.09532972560264,33.514411814105436],[-112.09532972560264,33.52506171825426],[-112.10725275585622,33.522832499506315]]]}"
,PHOENIX,9739899733178056704,5582.433122726253,1458.162,202506,deployment,"{""type"":""Polygon"",""coordinates"":[[[-112.11917572468799,33.52060203493843],[-112.11917572468799,33.509952833250495],[-112.10725275585621,33.51218294645757],[-112.10725275585622,33.522832499506315],[-112.11917572468799,33.52060203493843]]]}"
,PHOENIX,9739899767537795072,6315.600699532287,1639.341,202506,deployment,"{""type"":""Polygon"",""coordinates"":[[[-112.11917572468799,33.509952833250495],[-112.11917572468799,33.4993024764558],[-112.10725275585622,33.50153223795573],[-112.10725275585621,33.51218294645757],[-112.11917572468799,33.509952833250495]]]}"
,PHOENIX,9739900214214393856,13904.90598963025,3208.221,202506,deployment,"{""type"":""Polygon"",""coordinates"":[[[-112.11917572468799,33.47799830095121],[-112.11917572468799,33.46734448394548],[-112.10725275585622,33.46957318824571],[-112.10725275585622,33.480227357997734],[-112.11917572468799,33.47799830095121]]]}"
,PHOENIX,9739900248574132224,42445.06109241846,6582.295,202506,deployment,"{""type"":""Polygon"",""coordinates"":[[[-112.10725275585622,33.480227357997734],[-112.10725275585622,33.46957318824571],[-112.09532972560264,33.47180064803138],[-112.09532972560264,33.482455170268295],[-112.10725275585622,33.480227357997734]]]}"
,PHOENIX,9739900282933870592,34797.88713908999,5469.21,202506,deployment,"{""type"":""Polygon"",""coordinates"":[[[-112.10725275585622,33.46957318824571],[-112.10725275585622,33.458917866448836],[-112.09532972560264,33.46114497340337],[-112.09532972560264,33.47180064803138],[-112.10725275585622,33.46957318824571]]]}"
,PHOENIX,9739900317293608960,6209.2532694489455,1498.235,202506,deployment,"{""type"":""Polygon"",""coordinates"":[[[-112.11917572468799,33.46734448394548],[-112.11917572468799,33.45668951524133],[-112.10725275585622,33.458917866448836],[-112.10725275585622,33.46957318824571],[-112.11917572468799,33.46734448394548]]]}"
,PHOENIX,9739900351653347328,5305.101458312746,1229.174,202506,deployment,"{""type"":""Polygon"",""coordinates"":[[[-112.11917572468799,33.45668951524133],[-112.11917572468799,33.44603339569249],[-112.10725275585622,33.44826139346081],[-112.10725275585622,33.458917866448836],[-112.11917572468799,33.45668951524133]]]}"
,PHOENIX,9739900386013085696,13658.56379461454,2587.934,202506,deployment,"{""type"":""Polygon"",""coordinates"":[[[-112.10725275585622,33.458917866448836],[-112.10725275585622,33.44826139346081],[-112.09532972560264,33.45048814723792],[-112.09532972560264,33.46114497340337],[-112.10725275585622,33.458917866448836]]]}"
,PHOENIX,9739900420372824064,25442.3765575895,4775.488,202506,deployment,"{""type"":""Polygon"",""coordinates"":[[[-112.10725275585622,33.44826139346081],[-112.10725275585622,33.437603770135965],[-112.09532972560264,33.43983017038935],[-112.09532972560264,33.45048814723792],[-112.10725275585622,33.44826139346081]]]}"
,PHOENIX,9739900454732562432,3609.741646377359,636.966,202506,deployment,"{""type"":""Polygon"",""coordinates"":[[[-112.11917572468799,33.44603339569249],[-112.11917572468799,33.4353761261533],[-112.10725275585622,33.437603770135965],[-112.10725275585622,33.44826139346081],[-112.11917572468799,33.44603339569249]]]}"
,PHOENIX,9739997727151882240,1388.4876939067306,358.313,202506,deployment,"{""type"":""Polygon"",""coordinates"":[[[-112.10725275585622,33.57606290321138],[-112.10725275585622,33.565419140171514],[-112.09532972560264,33.56764975985856],[-112.09532972560264,33.57829387226802],[-112.10725275585622,33.57606290321138]]]}"
,PHOENIX,9739997761511620608,1197.8578111822173,274.992,202506,deployment,"{""type"":""Polygon"",""coordinates"":[[[-112.11917572468799,33.57383068703365],[-112.11917572468799,33.563187273623264],[-112.10725275585622,33.565419140171514],[-112.10725275585622,33.57606290321138],[-112.11917572468799,33.57383068703365]]]}"
,PHOENIX,9739998208188219392,4034.87741659056,1203.901,202506,deployment,"{""type"":""Polygon"",""coordinates"":[[[-112.11917572468799,33.541896969592855],[-112.11917572468799,33.531250080669146],[-112.10725275585622,33.53348089625153],[-112.10725275585622,33.544128135843444],[-112.11917572468799,33.541896969592855]]]}"
,PHOENIX,9739998242547957760,6441.521767422204,1513.943,202506,deployment,"{""type"":""Polygon"",""coordinates"":[[[-112.11917572468799,33.531250080669146],[-112.11917572468799,33.52060203493843],[-112.10725275585622,33.522832499506315],[-112.10725275585622,33.53348089625153],[-112.11917572468799,33.531250080669146]]]}"
,PHOENIX,9739998276907696128,22033.00618612614,4517.79,202506,deployment,"{""type"":""Polygon"",""coordinates"":[[[-112.10725275585622,33.53348089625153],[-112.10725275585622,33.522832499506315],[-112.09532972560264,33.52506171825426],[-112.09532972560264,33.53571046575341],[-112.10725275585622,33.53348089625153]]]}"
,PHOENIX,9739998311267434496,15449.130620411726,3950.494,202506,deployment,"{""type"":""Polygon"",""coordinates"":[[[-112.10725275585622,33.544128135843444],[-112.10725275585622,33.53348089625153],[-112.09532972560264,33.53571046575341],[-112.09532972560264,33.546358055753124],[-112.10725275585622,33.544128135843444]]]}"
,PHOENIX,9739998345627172864,16548.751068295685,5211.426,202506,deployment,"{""type"":""Polygon"",""coordinates"":[[[-112.10725275585622,33.55477421743292],[-112.10725275585622,33.544128135843444],[-112.09532972560264,33.546358055753124],[-112.09532972560264,33.55700448740433],[-112.10725275585622,33.55477421743292]]]}"
,PHOENIX,9739998379986911232,3291.878575488781,1093.908,202506,deployment,"{""type"":""Polygon"",""coordinates"":[[[-112.11917572468799,33.552542700860386],[-112.11917572468799,33.541896969592855],[-112.10725275585622,33.544128135843444],[-112.10725275585622,33.55477421743292],[-112.11917572468799,33.552542700860386]]]}"
,PHOENIX,9739998414346649600,3849.2720899148662,1134.301,202506,deployment,"{""type"":""Polygon"",""coordinates"":[[[-112.11917572468799,33.563187273623264],[-112.11917572468799,33.552542700860386],[-112.10725275585622,33.55477421743292],[-112.10725275585622,33.565419140171514],[-112.11917572468799,33.563187273623264]]]}"
,PHOENIX,9739998448706387968,5524.635274596759,1685.858,202506,deployment,"{""type"":""Polygon"",""coordinates"":[[[-112.10725275585622,33.565419140171514],[-112.10725275585622,33.55477421743292],[-112.09532972560264,33.55700448740433],[-112.09532972560264,33.56764975985856],[-112.10725275585622,33.565419140171514]]]}"
,PHOENIX,9739998483066126336,3789.3894408865676,1036.79,202506,deployment,"{""type"":""Polygon"",""coordinates"":[[[-112.09532972560264,33.56764975985856],[-112.09532972560264,33.55700448740433],[-112.08340663543997,33.55923351055505],[-112.08340663543997,33.56987913246494],[-112.09532972560264,33.56764975985856]]]}"
,PHOENIX,9739998517425864704,4289.303327201917,1201.275,202506,deployment,"{""type"":""Polygon"",""coordinates"":[[[-112.08340663543997,33.56987913246494],[-112.08340663543997,33.55923351055505],[-112.07148348688116,33.561461286666145],[-112.07148348688116,33.572107257771776],[-112.08340663543997,33.56987913246494]]]}"
,PHOENIX,9739998551785603072,19339.2502508704,6316.35,202506,deployment,"{""type"":""Polygon"",""coordinates"":[[[-112.08340663543997,33.55923351055505],[-112.08340663543997,33.5485867291023],[-112.07148348688116,33.550814155671915],[-112.07148348688116,33.561461286666145],[-112.08340663543997,33.55923351055505]]]}"
,PHOENIX,9739998586145341440,9988.526203108659,3672.75,202506,deployment,"{""type"":""Polygon"",""coordinates"":[[[-112.09532972560264,33.55700448740433],[-112.09532972560264,33.546358055753124],[-112.08340663543997,33.5485867291023],[-112.08340663543997,33.55923351055505],[-112.09532972560264,33.55700448740433]]]}"
,PHOENIX,9739998620505079808,11688.273609616392,3446.415,202506,deployment,"{""type"":""Polygon"",""coordinates"":[[[-112.09532972560264,33.546358055753124],[-112.09532972560264,33.53571046575341],[-112.08340663543997,33.53793878895509],[-112.08340663543997,33.5485867291023],[-112.09532972560264,33.546358055753124]]]}"
,PHOENIX,9739998654864818176,10355.250545249924,2209.491,202506,deployment,"{""type"":""Polygon"",""coordinates"":[[[-112.09532972560264,33.53571046575341],[-112.09532972560264,33.52506171825426],[-112.08340663543997,33.52728969096251],[-112.08340663543997,33.53793878895509],[-112.09532972560264,33.53571046575341]]]}"
,PHOENIX,9739998689224556544,34763.30562597246,10153.028,202506,deployment,"{""type"":""Polygon"",""coordinates"":[[[-112.08340663543997,33.53793878895509],[-112.08340663543997,33.52728969096251],[-112.07148348688116,33.5295164174119],[-112.07148348688116,33.54016586563748],[-112.08340663543997,33.53793878895509]]]}"
,PHOENIX,9739998723584294912,19223.5209038771,5974.62,202506,deployment,"{""type"":""Polygon"",""coordinates"":[[[-112.08340663543997,33.5485867291023],[-112.08340663543997,33.53793878895509],[-112.07148348688116,33.54016586563748],[-112.07148348688116,33.550814155671915],[-112.08340663543997,33.5485867291023]]]}"
,PHOENIX,9739998757944033280,8653.912931035831,2353.062,202506,deployment,"{""type"":""Polygon"",""coordinates"":[[[-112.07148348688116,33.550814155671915],[-112.07148348688116,33.54016586563748],[-112.05956028143932,33.54239169558206],[-112.05956028143932,33.55304033524353],[-112.07148348688116,33.550814155671915]]]}"
,PHOENIX,9739998792303771648,30426.005539575846,7820.611,202506,deployment,"{""type"":""Polygon"",""coordinates"":[[[-112.07148348688116,33.54016586563748],[-112.07148348688116,33.5295164174119],[-112.05956028143932,33.53174189738382],[-112.05956028143932,33.54239169558206],[-112.07148348688116,33.54016586563748]]]}"
,PHOENIX,9739998826663510016,20633.148404645497,5808.725,202506,deployment,"{""type"":""Polygon"",""coordinates"":[[[-112.05956028143932,33.54239169558206],[-112.05956028143932,33.53174189738382],[-112.04763702062775,33.533966130660254],[-112.04763702062775,33.54461627857087],[-112.05956028143932,33.54239169558206]]]}"
,PHOENIX,9739998861023248384,17961.365424591128,6027.096,202506,deployment,"{""type"":""Polygon"",""coordinates"":[[[-112.05956028143932,33.55304033524353],[-112.05956028143932,33.54239169558206],[-112.04763702062775,33.54461627857087],[-112.04763702062775,33.55526526759928],[-112.05956028143932,33.55304033524353]]]}"
,PHOENIX,9739998895382986752,8.45866981242746,3.563,202506,deployment,"{""type"":""Polygon"",""coordinates"":[[[-112.05956028143932,33.56368781551923],[-112.05956028143932,33.55304033524353],[-112.04763702062775,33.55526526759928],[-112.04763702062775,33.56591309689649],[-112.05956028143932,33.56368781551923]]]}"
,PHOENIX,9739998929742725120,6936.729302298389,2287.699,202506,deployment,"{""type"":""Polygon"",""coordinates"":[[[-112.07148348688116,33.561461286666145],[-112.07148348688116,33.550814155671915],[-112.05956028143932,33.55304033524353],[-112.05956028143932,33.56368781551923],[-112.07148348688116,33.561461286666145]]]}"
,PHOENIX,9739998964102463488,0.6212058417908591,0.621,202506,deployment,"{""type"":""Polygon"",""coordinates"":[[[-112.07148348688116,33.572107257771776],[-112.07148348688116,33.561461286666145],[-112.05956028143932,33.56368781551923],[-112.05956028143932,33.57433413556076],[-112.07148348688116,33.572107257771776]]]}"
,PHOENIX,9739999204620632064,2.086724720002194,0.602,202506,deployment,"{""type"":""Polygon"",""coordinates"":[[[-112.09532972560264,33.57829387226802],[-112.09532972560264,33.56764975985856],[-112.08340663543997,33.56987913246494],[-112.08340663543997,33.58052359398419],[-112.09532972560264,33.57829387226802]]]}"
,PHOENIX,9740002606234730496,2058.0710130222533,1035.918,202506,deployment,"{""type"":""Polygon"",""coordinates"":[[[-111.9760963777647,33.69631075280785],[-111.9760963777647,33.68567367047431],[-111.96417277175436,33.68789366658374],[-111.96417277175436,33.698531092336474],[-111.9760963777647,33.69631075280785]]]}"
,PHOENIX,9740002709313945600,13311.30820954911,3672.321,202506,deployment,"{""type"":""Polygon"",""coordinates"":[[[-111.9760963777647,33.68567367047431],[-111.9760963777647,33.67503541704655],[-111.96417277175436,33.67725506939285],[-111.96417277175436,33.68789366658374],[-111.9760963777647,33.68567367047431]]]}"
,PHOENIX,9740002743673683968,9590.624192020783,3087.791,202506,deployment,"{""type"":""Polygon"",""coordinates"":[[[-111.98801993900399,33.68345242279564],[-111.98801993900399,33.672814513388744],[-111.9760963777647,33.67503541704655],[-111.9760963777647,33.68567367047431],[-111.98801993900399,33.68345242279564]]]}"
,PHOENIX,9740002915472375808,5686.900156541116,1761.751,202506,deployment,"{""type"":""Polygon"",""coordinates"":[[[-111.99994345395754,33.65995362394016],[-111.99994345395756,33.649313720526],[-111.98801993900399,33.65153518569194],[-111.98801993900399,33.662175434073404],[-111.99994345395754,33.65995362394016]]]}"
,PHOENIX,9740002949832114176,22588.46833812947,6787.757,202506,deployment,"{""type"":""Polygon"",""coordinates"":[[[-111.98801993900399,33.662175434073404],[-111.98801993900399,33.65153518569194],[-111.9760963777647,33.65375540027558],[-111.9760963777647,33.66439599336622],[-111.98801993900399,33.662175434073404]]]}"
,PHOENIX,9740002984191852544,18055.468046427683,5481.633,202506,deployment,"{""type"":""Polygon"",""coordinates"":[[[-111.98801993900399,33.672814513388744],[-111.98801993900399,33.662175434073404],[-111.9760963777647,33.66439599336622],[-111.9760963777647,33.67503541704655],[-111.98801993900399,33.672814513388744]]]}"
,PHOENIX,9740003018551590912,4671.5083252385,1335.391,202506,deployment,"{""type"":""Polygon"",""coordinates"":[[[-111.9760963777647,33.67503541704655],[-111.9760963777647,33.66439599336622],[-111.96417277175436,33.66661530160541],[-111.96417277175436,33.67725506939285],[-111.9760963777647,33.67503541704655]]]}"
,PHOENIX,9740003052911329280,6005.73006641919,1694.751,202506,deployment,"{""type"":""Polygon"",""coordinates"":[[[-111.96417277175436,33.67725506939285],[-111.96417277175436,33.66661530160541],[-111.9522491224878,33.66883335857838],[-111.9522491224878,33.67947347021511],[-111.96417277175436,33.67725506939285]]]}"
,PHOENIX,9740003087271067648,12905.444718053112,3510.345,202506,deployment,"{""type"":""Polygon"",""coordinates"":[[[-111.96417277175436,33.66661530160541],[-111.96417277175436,33.65597436406368],[-111.9522491224878,33.65819207684357],[-111.9522491224878,33.66883335857838],[-111.96417277175436,33.66661530160541]]]}"
,PHOENIX,9740003155990544384,4146.060110639058,1275.674,202506,deployment,"{""type"":""Polygon"",""coordinates"":[[[-111.9760963777647,33.65375540027558],[-111.9760963777647,33.64311363861761],[-111.96417277175436,33.645332257610605],[-111.96417277175436,33.65597436406368],[-111.9760963777647,33.65375540027558]]]}"
,PHOENIX,9740003190350282752,10164.39388855445,3257.92,202506,deployment,"{""type"":""Polygon"",""coordinates"":[[[-111.96417277175436,33.65597436406368],[-111.96417277175436,33.645332257610605],[-111.9522491224878,33.64754962585355],[-111.9522491224878,33.65819207684357],[-111.96417277175436,33.65597436406368]]]}"
,PHOENIX,9740003224710021120,24539.58058908905,7421.023,202506,deployment,"{""type"":""Polygon"",""coordinates"":[[[-111.96417277175436,33.645332257610605],[-111.96417277175436,33.63468898308975],[-111.9522491224878,33.63690600645188],[-111.9522491224878,33.64754962585355],[-111.96417277175436,33.645332257610605]]]}"
,PHOENIX,9740003259069759488,15555.33124393212,4699.477,202506,deployment,"{""type"":""Polygon"",""coordinates"":[[[-111.9760963777647,33.64311363861761],[-111.9760963777647,33.63247070923592],[-111.96417277175436,33.63468898308975],[-111.96417277175436,33.645332257610605],[-111.9760963777647,33.64311363861761]]]}"
,PHOENIX,9740003293429497856,27504.86346329678,7538.895,202506,deployment,"{""type"":""Polygon"",""coordinates"":[[[-111.98801993900399,33.64089376908731],[-111.98801993900399,33.630251185103184],[-111.9760963777647,33.63247070923592],[-111.9760963777647,33.64311363861761],[-111.98801993900399,33.64089376908731]]]}"
,PHOENIX,9740003327789236224,24076.350611761794,7401.264,202506,deployment,"{""type"":""Polygon"",""coordinates"":[[[-111.98801993900399,33.65153518569194],[-111.98801993900399,33.64089376908731],[-111.9760963777647,33.64311363861761],[-111.9760963777647,33.65375540027558],[-111.98801993900399,33.65153518569194]]]}"
,PHOENIX,9740003362148974592,5383.26327777049,1507.766,202506,deployment,"{""type"":""Polygon"",""coordinates"":[[[-111.99994345395756,33.649313720526],[-111.99994345395754,33.638672649233044],[-111.98801993900399,33.64089376908731],[-111.98801993900399,33.65153518569194],[-111.99994345395756,33.649313720526]]]}"
,PHOENIX,9740003396508712960,4431.427408494839,1425.78,202506,deployment,"{""type"":""Polygon"",""coordinates"":[[[-111.99994345395754,33.638672649233044],[-111.99994345395756,33.628030410904955],[-111.98801993900399,33.630251185103184],[-111.98801993900399,33.64089376908731],[-111.99994345395754,33.638672649233044]]]}"
,PHOENIX,9740003430868451328,539.2035753115309,204.259,202506,deployment,"{""type"":""Polygon"",""coordinates"":[[[-112.0118669211109,33.63645027926869],[-112.0118669211109,33.625808386855205],[-111.99994345395756,33.628030410904955],[-111.99994345395754,33.638672649233044],[-112.0118669211109,33.63645027926869]]]}"
,PHOENIX,9740003533947666432,133.75671624800378,41.997,202506,deployment,"{""type"":""Polygon"",""coordinates"":[[[-112.0118669211109,33.64709100499161],[-112.0118669211109,33.63645027926869],[-111.99994345395754,33.638672649233044],[-111.99994345395756,33.649313720526],[-112.0118669211109,33.64709100499161]]]}"
,PHOENIX,9740004152422957056,3974.6512993299143,1711.892,202506,deployment,"{""type"":""Polygon"",""coordinates"":[[[-112.0118669211109,33.625808386855205],[-112.0118669211109,33.61516532859548],[-111.99994345395754,33.61738700638604],[-111.99994345395756,33.628030410904955],[-112.0118669211109,33.625808386855205]]]}"
,PHOENIX,9740004186782695424,3792.644741007921,1569.777,202506,deployment,"{""type"":""Polygon"",""coordinates"":[[[-112.0118669211109,33.61516532859548],[-112.0118669211109,33.60452110533452],[-111.99994345395754,33.60674243652129],[-111.99994345395754,33.61738700638604],[-112.0118669211109,33.61516532859548]]]}"
,PHOENIX,9740004289861910528,3053.391564234245,1248.719,202506,deployment,"{""type"":""Polygon"",""coordinates"":[[[-112.0118669211109,33.60452110533452],[-112.0118669211109,33.59387571791797],[-111.99994345395754,33.59609670215631],[-111.99994345395754,33.60674243652129],[-112.0118669211109,33.60452110533452]]]}"
,PHOENIX,9740004324221648896,3835.53693407619,1311.562,202506,deployment,"{""type"":""Polygon"",""coordinates"":[[[-112.0118669211109,33.59387571791797],[-112.0118669211109,33.58322916719214],[-111.99994345395754,33.5854498041374],[-111.99994345395754,33.59609670215631],[-112.0118669211109,33.59387571791797]]]}"
,PHOENIX,9740004564739817472,201.75030021762916,132.027,202506,deployment,"{""type"":""Polygon"",""coordinates"":[[[-112.03571370595999,33.578784147714806],[-112.03571370595999,33.56813713058071],[-112.02379033894974,33.57035991635523],[-112.02379033894974,33.58100728164613],[-112.03571370595999,33.578784147714806]]]}"
,PHOENIX,9740004633459294208,671.8756756602631,415.564,202506,deployment,"{""type"":""Polygon"",""coordinates"":[[[-112.04763702062775,33.56591309689649],[-112.04763702062775,33.55526526759928],[-112.03571370595999,33.55748895252185],[-112.03571370595999,33.56813713058071],[-112.04763702062775,33.56591309689649]]]}"
,PHOENIX,9740004667819032576,7958.476786686575,2582.632,202506,deployment,"{""type"":""Polygon"",""coordinates"":[[[-112.04763702062775,33.55526526759928],[-112.04763702062775,33.54461627857087],[-112.03571370595999,33.54683961438655],[-112.03571370595999,33.55748895252185],[-112.04763702062775,33.55526526759928]]]}"
,PHOENIX,9740004702178770944,44829.83270193877,13152.25,202506,deployment,"{""type"":""Polygon"",""coordinates"":[[[-112.04763702062775,33.54461627857087],[-112.04763702062775,33.533966130660254],[-112.03571370595999,33.536189117023774],[-112.03571370595999,33.54683961438655],[-112.04763702062775,33.54461627857087]]]}"
,PHOENIX,9740004736538509312,11578.199047858367,3050.499,202506,deployment,"{""type"":""Polygon"",""coordinates"":[[[-112.03571370595999,33.54683961438655],[-112.03571370595999,33.536189117023774],[-112.02379033894974,33.53841085625749],[-112.02379033894974,33.54906170281229],[-112.03571370595999,33.54683961438655]]]}"
,PHOENIX,9740005011416416256,1368.5940497714707,764.222,202506,deployment,"{""type"":""Polygon"",""coordinates"":[[[-112.02379033894974,33.58100728164613],[-112.02379033894974,33.57035991635523],[-112.0118669211109,33.57258145400399],[-112.0118669211109,33.58322916719214],[-112.02379033894974,33.58100728164613]]]}"
,PHOENIX,9740005045776154624,7552.246310032287,2467.159,202506,deployment,"{""type"":""Polygon"",""coordinates"":[[[-112.0118669211109,33.58322916719214],[-112.0118669211109,33.57258145400399],[-111.99994345395754,33.57480174331149],[-111.99994345395754,33.5854498041374],[-112.0118669211109,33.58322916719214]]]}"
,PHOENIX,9740005080135892992,11090.993261403557,3260.537,202506,deployment,"{""type"":""Polygon"",""coordinates"":[[[-111.99994345395754,33.5854498041374],[-111.99994345395754,33.57480174331149],[-111.98801993900399,33.57702078406282],[-111.98801993900399,33.58766919226708],[-111.99994345395754,33.5854498041374]]]}"
,PHOENIX,9740005114495631360,66510.34537534436,20504.248,202506,deployment,"{""type"":""Polygon"",""coordinates"":[[[-111.98801993900399,33.58766919226708],[-111.98801993900399,33.57702078406282],[-111.9760963777647,33.57923857604363],[-111.9760963777647,33.5898873313669],[-111.98801993900399,33.58766919226708]]]}"
,PHOENIX,9740005148855369728,62655.24730883813,20615.844,202506,deployment,"{""type"":""Polygon"",""coordinates"":[[[-111.98801993900399,33.57702078406282],[-111.98801993900399,33.56637121355462],[-111.9760963777647,33.568588658072045],[-111.9760963777647,33.57923857604363],[-111.98801993900399,33.57702078406282]]]}"
,PHOENIX,9740005320654061568,51608.4340570861,17272.045,202506,deployment,"{""type"":""Polygon"",""coordinates"":[[[-111.98801993900399,33.56637121355462],[-111.98801993900399,33.5557204815907],[-111.9760963777647,33.557937578300354],[-111.9760963777647,33.568588658072045],[-111.98801993900399,33.56637121355462]]]}"
,PHOENIX,9740005389373538304,76137.13644203357,24690.405,202506,deployment,"{""type"":""Polygon"",""coordinates"":[[[-111.9760963777647,33.557937578300354],[-111.9760963777647,33.54728533757743],[-111.96417277175436,33.54950083792946],[-111.96417277175436,33.560153426544794],[-111.9760963777647,33.557937578300354]]]}"
,PHOENIX,9740005423733276672,2148.7552095435453,697.519,202506,deployment,"{""type"":""Polygon"",""coordinates"":[[[-111.96417277175436,33.560153426544794],[-111.96417277175436,33.54950083792946],[-111.9522491224878,33.55171508986264],[-111.9522491224878,33.56236802611068],[-111.96417277175436,33.560153426544794]]]}"
,PHOENIX,9740005458093015040,4787.935389949526,2020.386,202506,deployment,"{""type"":""Polygon"",""coordinates"":[[[-111.96417277175436,33.57080485386464],[-111.96417277175436,33.560153426544794],[-111.9522491224878,33.56236802611068],[-111.9522491224878,33.57301980071915],[-111.96417277175436,33.57080485386464]]]}"
,PHOENIX,9740005492452753408,14371.87081759579,4895.934,202506,deployment,"{""type"":""Polygon"",""coordinates"":[[[-111.96417277175436,33.581455119040164],[-111.96417277175436,33.57080485386464],[-111.9522491224878,33.57301980071915],[-111.9522491224878,33.58367041283927],[-111.96417277175436,33.581455119040164]]]}"
,PHOENIX,9740005526812491776,3364.361291451031,916.734,202506,deployment,"{""type"":""Polygon"",""coordinates"":[[[-111.9760963777647,33.57923857604363],[-111.9760963777647,33.568588658072045],[-111.96417277175436,33.57080485386464],[-111.96417277175436,33.581455119040164],[-111.9760963777647,33.57923857604363]]]}"
,PHOENIX,9740005561172230144,28636.70004286075,9840.317,202506,deployment,"{""type"":""Polygon"",""coordinates"":[[[-111.9760963777647,33.5898873313669],[-111.9760963777647,33.57923857604363],[-111.96417277175436,33.581455119040164],[-111.96417277175436,33.5921042212232],[-111.9760963777647,33.5898873313669]]]}"
,PHOENIX,9740005595531968512,22417.58338905818,7634.422,202506,deployment,"{""type"":""Polygon"",""coordinates"":[[[-111.96417277175436,33.5921042212232],[-111.96417277175436,33.581455119040164],[-111.9522491224878,33.58367041283927],[-111.9522491224878,33.59431986162284],[-111.96417277175436,33.5921042212232]]]}"
,PHOENIX,9740005629891706880,26752.466389726043,9176.527,202506,deployment,"{""type"":""Polygon"",""coordinates"":[[[-111.96417277175436,33.60275215956621],[-111.96417277175436,33.5921042212232],[-111.9522491224878,33.59431986162284],[-111.9522491224878,33.60496814622241],[-111.96417277175436,33.60275215956621]]]}"
,PHOENIX,9740005664251445248,15469.915058599905,5195.084,202506,deployment,"{""type"":""Polygon"",""coordinates"":[[[-111.96417277175436,33.61339893322233],[-111.96417277175436,33.60275215956621],[-111.9522491224878,33.60496814622241],[-111.9522491224878,33.615615265791114],[-111.96417277175436,33.61339893322233]]]}"
,PHOENIX,9740005698611183616,9037.767914567978,3472.03,202506,deployment,"{""type"":""Polygon"",""coordinates"":[[[-111.9760963777647,33.611181350679026],[-111.9760963777647,33.60053492319433],[-111.96417277175436,33.60275215956621],[-111.96417277175436,33.61339893322233],[-111.9760963777647,33.611181350679026]]]}"
,PHOENIX,9740005732970921984,19418.55892846675,6967.849,202506,deployment,"{""type"":""Polygon"",""coordinates"":[[[-111.9760963777647,33.60053492319433],[-111.9760963777647,33.5898873313669],[-111.96417277175436,33.5921042212232],[-111.96417277175436,33.60275215956621],[-111.9760963777647,33.60053492319433]]]}"
,PHOENIX,9740005767330660352,52913.83744084265,16121.341,202506,deployment,"{""type"":""Polygon"",""coordinates"":[[[-111.98801993900399,33.59831643731984],[-111.98801993900399,33.58766919226708],[-111.9760963777647,33.5898873313669],[-111.9760963777647,33.60053492319433],[-111.98801993900399,33.59831643731984]]]}"
,PHOENIX,9740005801690398720,6156.937891575658,1856.727,202506,deployment,"{""type"":""Polygon"",""coordinates"":[[[-111.99994345395754,33.59609670215631],[-111.99994345395754,33.5854498041374],[-111.98801993900399,33.58766919226708],[-111.98801993900399,33.59831643731984],[-111.99994345395754,33.59609670215631]]]}"
,PHOENIX,9740005836050137088,12073.09250990223,3773.156,202506,deployment,"{""type"":""Polygon"",""coordinates"":[[[-111.99994345395754,33.60674243652129],[-111.99994345395754,33.59609670215631],[-111.98801993900399,33.59831643731984],[-111.98801993900399,33.60896251837416],[-111.99994345395754,33.60674243652129]]]}"
,PHOENIX,9740005870409875456,40802.24976218552,11601.971,202506,deployment,"{""type"":""Polygon"",""coordinates"":[[[-111.98801993900399,33.60896251837416],[-111.98801993900399,33.59831643731984],[-111.9760963777647,33.60053492319433],[-111.9760963777647,33.611181350679026],[-111.98801993900399,33.60896251837416]]]}"
,PHOENIX,9740005904769613824,35866.219143587965,10332.204,202506,deployment,"{""type"":""Polygon"",""coordinates"":[[[-111.98801993900399,33.61960743458381],[-111.98801993900399,33.60896251837416],[-111.9760963777647,33.611181350679026],[-111.9760963777647,33.62182661297474],[-111.98801993900399,33.61960743458381]]]}"
,PHOENIX,9740005939129352192,9524.58771787022,3428.022,202506,deployment,"{""type"":""Polygon"",""coordinates"":[[[-111.99994345395754,33.61738700638604],[-111.99994345395754,33.60674243652129],[-111.98801993900399,33.60896251837416],[-111.98801993900399,33.61960743458381],[-111.99994345395754,33.61738700638604]]]}"
,PHOENIX,9740005973489090560,6840.42608891248,2380.177,202506,deployment,"{""type"":""Polygon"",""coordinates"":[[[-111.99994345395756,33.628030410904955],[-111.99994345395754,33.61738700638604],[-111.98801993900399,33.61960743458381],[-111.98801993900399,33.630251185103184],[-111.99994345395756,33.628030410904955]]]}"
,PHOENIX,9740006007848828928,30686.84787446939,8644.889,202506,deployment,"{""type"":""Polygon"",""coordinates"":[[[-111.98801993900399,33.630251185103184],[-111.98801993900399,33.61960743458381],[-111.9760963777647,33.62182661297474],[-111.9760963777647,33.63247070923592],[-111.98801993900399,33.630251185103184]]]}"
,PHOENIX,9740006042208567296,10218.028754484754,2754.582,202506,deployment,"{""type"":""Polygon"",""coordinates"":[[[-111.9760963777647,33.63247070923592],[-111.9760963777647,33.62182661297474],[-111.96417277175436,33.62404454134536],[-111.96417277175436,33.63468898308975],[-111.9760963777647,33.63247070923592]]]}"
,PHOENIX,9740006076568305664,4470.546124126976,1541.942,202506,deployment,"{""type"":""Polygon"",""coordinates"":[[[-111.9760963777647,33.62182661297474],[-111.9760963777647,33.611181350679026],[-111.96417277175436,33.61339893322233],[-111.96417277175436,33.62404454134536],[-111.9760963777647,33.62182661297474]]]}"
,PHOENIX,9740006110928044032,10347.280472272048,3122.781,202506,deployment,"{""type"":""Polygon"",""coordinates"":[[[-111.96417277175436,33.62404454134536],[-111.96417277175436,33.61339893322233],[-111.9522491224878,33.615615265791114],[-111.9522491224878,33.626261219482785],[-111.96417277175436,33.62404454134536]]]}"
,PHOENIX,9740006145287782400,15979.841855344748,4450.673,202506,deployment,"{""type"":""Polygon"",""coordinates"":[[[-111.96417277175436,33.63468898308975],[-111.96417277175436,33.62404454134536],[-111.9522491224878,33.626261219482785],[-111.9522491224878,33.63690600645188],[-111.96417277175436,33.63468898308975]]]}"
,PHOENIX,9740006179647520768,11722.090873464422,3657.161,202506,deployment,"{""type"":""Polygon"",""coordinates"":[[[-111.9522491224878,33.63690600645188],[-111.9522491224878,33.626261219482785],[-111.94032543148008,33.628476647174686],[-111.94032543148008,33.63912177911006],[-111.9522491224878,33.63690600645188]]]}"
,PHOENIX,9740006214007259136,25878.734871825993,7096.651,202506,deployment,"{""type"":""Polygon"",""coordinates"":[[[-111.9522491224878,33.626261219482785],[-111.9522491224878,33.615615265791114],[-111.94032543148008,33.617830348172994],[-111.94032543148008,33.628476647174686],[-111.9522491224878,33.626261219482785]]]}"
,PHOENIX,9740006248366997504,28033.953188898366,8660.272,202506,deployment,"{""type"":""Polygon"",""coordinates"":[[[-111.94032543148008,33.628476647174686],[-111.94032543148008,33.617830348172994],[-111.92840170024643,33.62004418015616],[-111.92840170024643,33.630690824209346],[-111.94032543148008,33.628476647174686]]]}"
,PHOENIX,9740006282726735872,12771.00613360574,3930.696,202506,deployment,"{""type"":""Polygon"",""coordinates"":[[[-111.94032543148008,33.63912177911006],[-111.94032543148008,33.628476647174686],[-111.92840170024643,33.630690824209346],[-111.92840170024643,33.641336300852636],[-111.94032543148008,33.63912177911006]]]}"
,PHOENIX,9740006317086474240,53093.79173679295,17047.601,202506,deployment,"{""type"":""Polygon"",""coordinates"":[[[-111.92840170024643,33.641336300852636],[-111.92840170024643,33.630690824209346],[-111.91647793030225,33.63290375037561],[-111.91647793030225,33.64354957146851],[-111.92840170024643,33.641336300852636]]]}"
,PHOENIX,9740006351446212608,16904.483243933144,6083.901,202506,deployment,"{""type"":""Polygon"",""coordinates"":[[[-111.91647793030225,33.64354957146851],[-111.91647793030225,33.63290375037561],[-111.90455412316315,33.63511542546289],[-111.90455412316315,33.6457615907472],[-111.91647793030225,33.64354957146851]]]}"
,PHOENIX,9740006385805950976,20499.988704875203,4478.929,202506,deployment,"{""type"":""Polygon"",""coordinates"":[[[-111.91647793030225,33.63290375037561],[-111.91647793030225,33.6222567615294],[-111.90455412316315,33.62446809208204],[-111.90455412316315,33.63511542546289],[-111.91647793030225,33.63290375037561]]]}"
,PHOENIX,9740006420165689344,77741.6268828377,25025.899,202506,deployment,"{""type"":""Polygon"",""coordinates"":[[[-111.92840170024643,33.630690824209346],[-111.92840170024643,33.62004418015616],[-111.91647793030225,33.6222567615294],[-111.91647793030225,33.63290375037561],[-111.92840170024643,33.630690824209346]]]}"
,PHOENIX,9740006454525427712,62440.09532876265,22497.969,202506,deployment,"{""type"":""Polygon"",""coordinates"":[[[-111.92840170024643,33.62004418015616],[-111.92840170024643,33.60939636953856],[-111.91647793030225,33.611608605775324],[-111.91647793030225,33.6222567615294],[-111.92840170024643,33.62004418015616]]]}"
,PHOENIX,9740006488885166080,40413.06652508122,10471.258,202506,deployment,"{""type"":""Polygon"",""coordinates"":[[[-111.91647793030225,33.6222567615294],[-111.91647793030225,33.611608605775324],[-111.90455412316315,33.613819591450074],[-111.90455412316315,33.62446809208204],[-111.91647793030225,33.6222567615294]]]}"
,PHOENIX,9740006523244904448,35178.178380663085,8617.12,202506,deployment,"{""type"":""Polygon"",""coordinates"":[[[-111.91647793030225,33.611608605775324],[-111.91647793030225,33.600959283959504],[-111.90455412316315,33.60316992441306],[-111.90455412316315,33.613819591450074],[-111.91647793030225,33.611608605775324]]]}"
,PHOENIX,9740006557604642816,56506.26677151387,19735.872,202506,deployment,"{""type"":""Polygon"",""coordinates"":[[[-111.92840170024643,33.60939636953856],[-111.92840170024643,33.59874739320265],[-111.91647793030225,33.600959283959504],[-111.91647793030225,33.611608605775324],[-111.92840170024643,33.60939636953856]]]}"
,PHOENIX,9740006591964381184,6573.519921638539,2220.61,202506,deployment,"{""type"":""Polygon"",""coordinates"":[[[-111.94032543148008,33.60718288295048],[-111.94032543148008,33.596534252353315],[-111.92840170024643,33.59874739320265],[-111.92840170024643,33.60939636953856],[-111.94032543148008,33.60718288295048]]]}"
,PHOENIX,9740006626324119552,8708.019380270187,2553.292,202506,deployment,"{""type"":""Polygon"",""coordinates"":[[[-111.94032543148008,33.617830348172994],[-111.94032543148008,33.60718288295048],[-111.92840170024643,33.60939636953856],[-111.92840170024643,33.62004418015616],[-111.94032543148008,33.617830348172994]]]}"
,PHOENIX,9740006660683857920,21146.238085275207,6451.976,202506,deployment,"{""type"":""Polygon"",""coordinates"":[[[-111.9522491224878,33.615615265791114],[-111.9522491224878,33.60496814622241],[-111.94032543148008,33.60718288295048],[-111.94032543148008,33.617830348172994],[-111.9522491224878,33.615615265791114]]]}"
,PHOENIX,9740006695043596288,33747.84034070065,10600.693,202506,deployment,"{""type"":""Polygon"",""coordinates"":[[[-111.9522491224878,33.60496814622241],[-111.9522491224878,33.59431986162284],[-111.94032543148008,33.596534252353315],[-111.94032543148008,33.60718288295048],[-111.9522491224878,33.60496814622241]]]}"
,PHOENIX,9740006763763073024,21532.069861521344,6727.067,202506,deployment,"{""type"":""Polygon"",""coordinates"":[[[-111.94032543148008,33.596534252353315],[-111.94032543148008,33.585884457228296],[-111.92840170024643,33.588097251995265],[-111.92840170024643,33.59874739320265],[-111.94032543148008,33.596534252353315]]]}"
,PHOENIX,9740006798122811392,34449.810507469374,11173.338,202506,deployment,"{""type"":""Polygon"",""coordinates"":[[[-111.94032543148008,33.585884457228296],[-111.94032543148008,33.575233498422904],[-111.92840170024643,33.5774459467638],[-111.92840170024643,33.588097251995265],[-111.94032543148008,33.585884457228296]]]}"
,PHOENIX,9740006832482549760,36393.200752347046,11847.126,202506,deployment,"{""type"":""Polygon"",""coordinates"":[[[-111.9522491224878,33.58367041283927],[-111.9522491224878,33.57301980071915],[-111.94032543148008,33.575233498422904],[-111.94032543148008,33.585884457228296],[-111.9522491224878,33.58367041283927]]]}"
,PHOENIX,9740006866842288128,13464.783620623426,4501.665,202506,deployment,"{""type"":""Polygon"",""coordinates"":[[[-111.9522491224878,33.57301980071915],[-111.9522491224878,33.56236802611068],[-111.94032543148008,33.56458137678526],[-111.94032543148008,33.575233498422904],[-111.9522491224878,33.57301980071915]]]}"
,PHOENIX,9740006901202026496,8577.80111384003,2417.285,202506,deployment,"{""type"":""Polygon"",""coordinates"":[[[-111.9522491224878,33.56236802611068],[-111.9522491224878,33.55171508986264],[-111.94032543148008,33.55392809316416],[-111.94032543148008,33.56458137678526],[-111.9522491224878,33.56236802611068]]]}"
,PHOENIX,9740006969921503232,10124.32416733938,3645.087,202506,deployment,"{""type"":""Polygon"",""coordinates"":[[[-111.94032543148008,33.575233498422904],[-111.94032543148008,33.56458137678526],[-111.92840170024643,33.56679347835639],[-111.92840170024643,33.5774459467638],[-111.94032543148008,33.575233498422904]]]}"
,PHOENIX,9740007004281241600,67776.24388656655,19743.498,202506,deployment,"{""type"":""Polygon"",""coordinates"":[[[-111.92840170024643,33.5774459467638],[-111.92840170024643,33.56679347835639],[-111.91647793030225,33.56900433061246],[-111.91647793030225,33.57965714553032],[-111.92840170024643,33.5774459467638]]]}"
,PHOENIX,9740007038640979968,81574.02747287447,22738.837,202506,deployment,"{""type"":""Polygon"",""coordinates"":[[[-111.92840170024643,33.56679347835639],[-111.92840170024643,33.55613984762178],[-111.91647793030225,33.55835035302383],[-111.91647793030225,33.56900433061246],[-111.92840170024643,33.56679347835639]]]}"
,PHOENIX,9740007073000718336,9594.77558528504,2622.768,202506,deployment,"{""type"":""Polygon"",""coordinates"":[[[-111.91647793030225,33.56900433061246],[-111.91647793030225,33.55835035302383],[-111.90455412316315,33.56055960915925],[-111.90455412316315,33.57121393334246],[-111.91647793030225,33.56900433061246]]]}"
,PHOENIX,9740007107360456704,65680.04697260205,20498.484,202506,deployment,"{""type"":""Polygon"",""coordinates"":[[[-111.91647793030225,33.57965714553032],[-111.91647793030225,33.56900433061246],[-111.90455412316315,33.57121393334246],[-111.90455412316315,33.58186709451153],[-111.91647793030225,33.57965714553032]]]}"
,PHOENIX,9740007141720195072,63965.97884837911,18620.56,202506,deployment,"{""type"":""Polygon"",""coordinates"":[[[-111.91647793030225,33.590308796928696],[-111.91647793030225,33.57965714553032],[-111.90455412316315,33.58186709451153],[-111.90455412316315,33.59251909181775],[-111.91647793030225,33.590308796928696]]]}"
,PHOENIX,9740007176079933440,71883.66233929712,21350.101,202506,deployment,"{""type"":""Polygon"",""coordinates"":[[[-111.92840170024643,33.588097251995265],[-111.92840170024643,33.5774459467638],[-111.91647793030225,33.57965714553032],[-111.91647793030225,33.590308796928696],[-111.92840170024643,33.588097251995265]]]}"
,PHOENIX,9740007210439671808,74359.53388086143,23493.416,202506,deployment,"{""type"":""Polygon"",""coordinates"":[[[-111.92840170024643,33.59874739320265],[-111.92840170024643,33.588097251995265],[-111.91647793030225,33.590308796928696],[-111.91647793030225,33.600959283959504],[-111.92840170024643,33.59874739320265]]]}"
,PHOENIX,9740007244799410176,59466.8771572826,16964.22,202506,deployment,"{""type"":""Polygon"",""coordinates"":[[[-111.91647793030225,33.600959283959504],[-111.91647793030225,33.590308796928696],[-111.90455412316315,33.59251909181775],[-111.90455412316315,33.60316992441306],[-111.91647793030225,33.600959283959504]]]}"
,PHOENIX,9740007279159148544,4391.4354955483095,1231.774,202506,deployment,"{""type"":""Polygon"",""coordinates"":[[[-111.90455412316315,33.60316992441306],[-111.90455412316315,33.59251909181775],[-111.89263028034495,33.594728136452126],[-111.89263028034495,33.60537931435311],[-111.90455412316315,33.60316992441306]]]}"
,PHOENIX,9740007313518886912,348.19290996393397,87.358,202506,deployment,"{""type"":""Polygon"",""coordinates"":[[[-111.89263028034495,33.60537931435311],[-111.89263028034495,33.594728136452126],[-111.88070640336356,33.59693593062213],[-111.88070640336356,33.60758745357004],[-111.89263028034495,33.60537931435311]]]}"
,PHOENIX,9740007347878625280,36.820878727735,11.383,202506,deployment,"{""type"":""Polygon"",""coordinates"":[[[-111.89263028034495,33.594728136452126],[-111.89263028034495,33.58407579349707],[-111.88070640336356,33.58628324227716],[-111.88070640336356,33.59693593062213],[-111.89263028034495,33.594728136452126]]]}"
,PHOENIX,9740007382238363648,2926.4915004912814,893.872,202506,deployment,"{""type"":""Polygon"",""coordinates"":[[[-111.90455412316315,33.59251909181775],[-111.90455412316315,33.58186709451153],[-111.89263028034495,33.58407579349707],[-111.89263028034495,33.594728136452126],[-111.90455412316315,33.59251909181775]]]}"
,PHOENIX,9740007416598102016,15173.623803438299,4942.762,202506,deployment,"{""type"":""Polygon"",""coordinates"":[[[-111.90455412316315,33.58186709451153],[-111.90455412316315,33.57121393334246],[-111.89263028034495,33.57342228633597],[-111.89263028034495,33.58407579349707],[-111.90455412316315,33.58186709451153]]]}"
,PHOENIX,9740007450957840384,68132.89019069723,21264.348,202506,deployment,"{""type"":""Polygon"",""coordinates"":[[[-111.90455412316315,33.57121393334246],[-111.90455412316315,33.56055960915925],[-111.89263028034495,33.562767615817506],[-111.89263028034495,33.57342228633597],[-111.90455412316315,33.57121393334246]]]}"
,PHOENIX,9740007485317578752,5836.555553927023,1163.774,202506,deployment,"{""type"":""Polygon"",""coordinates"":[[[-111.89263028034495,33.57342228633597],[-111.89263028034495,33.562767615817506],[-111.88070640336356,33.56497437278869],[-111.88070640336356,33.57562938938313],[-111.89263028034495,33.57342228633597]]]}"
,PHOENIX,9740007519677317120,8806.672562946611,3062.034,202506,deployment,"{""type"":""Polygon"",""coordinates"":[[[-111.89263028034495,33.58407579349707],[-111.89263028034495,33.57342228633597],[-111.88070640336356,33.57562938938313],[-111.88070640336356,33.58628324227716],[-111.89263028034495,33.58407579349707]]]}"
,PHOENIX,9740007554037055488,242.51649480695372,98.385,202506,deployment,"{""type"":""Polygon"",""coordinates"":[[[-111.88070640336356,33.58628324227716],[-111.88070640336356,33.57562938938313],[-111.86878249373518,33.57783524227467],[-111.86878249373518,33.58848944064261],[-111.88070640336356,33.58628324227716]]]}"
,PHOENIX,9740007828914962432,34.091915602806125,8.274,202506,deployment,"{""type"":""Polygon"",""coordinates"":[[[-111.86878249373518,33.62044504300368],[-111.86878249373518,33.60979434185476],[-111.85685855297612,33.61199997899882],[-111.85685855297612,33.622651024334715],[-111.86878249373518,33.62044504300368]]]}"
,PHOENIX,9740007863274700800,7544.208386673484,1566.416,202506,deployment,"{""type"":""Polygon"",""coordinates"":[[[-111.86878249373518,33.631094576718716],[-111.86878249373518,33.62044504300368],[-111.85685855297612,33.622651024334715],[-111.85685855297612,33.63330090189415],[-111.86878249373518,33.631094576718716]]]}"
,PHOENIX,9740007897634439168,13081.766981869789,2823.41,202506,deployment,"{""type"":""Polygon"",""coordinates"":[[[-111.88070640336356,33.6288869998859],[-111.88070640336356,33.61823781027351],[-111.86878249373518,33.62044504300368],[-111.86878249373518,33.631094576718716],[-111.88070640336356,33.6288869998859]]]}"
,PHOENIX,9740007931994177536,5547.807156676187,1824.741,202506,deployment,"{""type"":""Polygon"",""coordinates"":[[[-111.88070640336356,33.61823781027351],[-111.88070640336356,33.60758745357004],[-111.86878249373518,33.60979434185476],[-111.86878249373518,33.62044504300368],[-111.88070640336356,33.61823781027351]]]}"
,PHOENIX,9740007966353915904,7726.235064429148,3066.936,202506,deployment,"{""type"":""Polygon"",""coordinates"":[[[-111.89263028034495,33.61602932635266],[-111.89263028034495,33.60537931435311],[-111.88070640336356,33.60758745357004],[-111.88070640336356,33.61823781027351],[-111.89263028034495,33.61602932635266]]]}"
,PHOENIX,9740008035073392640,32254.863207155213,8734.521,202506,deployment,"{""type"":""Polygon"",""coordinates"":[[[-111.90455412316315,33.62446809208204],[-111.90455412316315,33.613819591450074],[-111.89263028034495,33.61602932635266],[-111.89263028034495,33.62667817160404],[-111.90455412316315,33.62446809208204]]]}"
,PHOENIX,9740008069433131008,18591.29945160337,5189.523,202506,deployment,"{""type"":""Polygon"",""coordinates"":[[[-111.89263028034495,33.62667817160404],[-111.89263028034495,33.61602932635266],[-111.88070640336356,33.61823781027351],[-111.88070640336356,33.6288869998859],[-111.89263028034495,33.62667817160404]]]}"
,PHOENIX,9740008103792869376,6450.731521733856,848.339,202506,deployment,"{""type"":""Polygon"",""coordinates"":[[[-111.89263028034495,33.63732584926122],[-111.89263028034495,33.62667817160404],[-111.88070640336356,33.6288869998859],[-111.88070640336356,33.63953502156116],[-111.89263028034495,33.63732584926122]]]}"
,PHOENIX,9740008138152607744,33556.57108164738,6936.027,202506,deployment,"{""type"":""Polygon"",""coordinates"":[[[-111.90455412316315,33.63511542546289],[-111.90455412316315,33.62446809208204],[-111.89263028034495,33.62667817160404],[-111.89263028034495,33.63732584926122],[-111.90455412316315,33.63511542546289]]]}"
,PHOENIX,9740008172512346112,6614.754957091492,3412.195,202506,deployment,"{""type"":""Polygon"",""coordinates"":[[[-111.90455412316315,33.6457615907472],[-111.90455412316315,33.63511542546289],[-111.89263028034495,33.63732584926122],[-111.89263028034495,33.647972358478775],[-111.90455412316315,33.6457615907472]]]}"
,PHOENIX,9740008206872084480,5295.901076652883,1964.999,202506,deployment,"{""type"":""Polygon"",""coordinates"":[[[-111.89263028034495,33.647972358478775],[-111.89263028034495,33.63732584926122],[-111.88070640336356,33.63953502156116],[-111.88070640336356,33.65018187445389],[-111.89263028034495,33.647972358478775]]]}"
,PHOENIX,9740008241231822848,2940.626390737994,813.29,202506,deployment,"{""type"":""Polygon"",""coordinates"":[[[-111.88070640336356,33.65018187445389],[-111.88070640336356,33.63953502156116],[-111.86878249373518,33.64174294215387],[-111.86878249373518,33.6523901384638],[-111.88070640336356,33.65018187445389]]]}"
,PHOENIX,9740008275591561216,5229.649618673196,1248.17,202506,deployment,"{""type"":""Polygon"",""coordinates"":[[[-111.88070640336356,33.63953502156116],[-111.88070640336356,33.6288869998859],[-111.86878249373518,33.631094576718716],[-111.86878249373518,33.64174294215387],[-111.88070640336356,33.63953502156116]]]}"
,PHOENIX,9740008309951299584,8683.856461252117,1982.773,202506,deployment,"{""type"":""Polygon"",""coordinates"":[[[-111.86878249373518,33.64174294215387],[-111.86878249373518,33.631094576718716],[-111.85685855297612,33.63330090189415],[-111.85685855297612,33.643949610831115],[-111.86878249373518,33.64174294215387]]]}"
,PHOENIX,9740008344311037952,1198.5928461443864,303.045,202506,deployment,"{""type"":""Polygon"",""coordinates"":[[[-111.86878249373518,33.6523901384638],[-111.86878249373518,33.64174294215387],[-111.85685855297612,33.643949610831115],[-111.85685855297612,33.6545971503003],[-111.86878249373518,33.6523901384638]]]}"
,PHOENIX,9740008378670776320,380.1876223444007,87.24,202506,deployment,"{""type"":""Polygon"",""coordinates"":[[[-111.86878249373518,33.66303616480381],[-111.86878249373518,33.6523901384638],[-111.85685855297612,33.6545971503003],[-111.85685855297612,33.66524351945705],[-111.86878249373518,33.66303616480381]]]}"
,PHOENIX,9740008413030514688,846.7763257998367,204.089,202506,deployment,"{""type"":""Polygon"",""coordinates"":[[[-111.88070640336356,33.66082755771942],[-111.88070640336356,33.65018187445389],[-111.86878249373518,33.6523901384638],[-111.86878249373518,33.66303616480381],[-111.88070640336356,33.66082755771942]]]}"
,PHOENIX,9740008859707113472,1155.3162236714202,508.479,202506,deployment,"{""type"":""Polygon"",""coordinates"":[[[-111.89263028034495,33.65861769841199],[-111.89263028034495,33.647972358478775],[-111.88070640336356,33.65018187445389],[-111.88070640336356,33.66082755771942],[-111.89263028034495,33.65861769841199]]]}"
,PHOENIX,9740008928426590208,5137.048595887262,1749.901,202506,deployment,"{""type"":""Polygon"",""coordinates"":[[[-111.91647793030225,33.654194223963316],[-111.91647793030225,33.64354957146851],[-111.90455412316315,33.6457615907472],[-111.90455412316315,33.656406587090196],[-111.91647793030225,33.654194223963316]]]}"
,PHOENIX,9740008997146066944,6107.755789576729,1231.99,202506,deployment,"{""type"":""Polygon"",""coordinates"":[[[-111.92840170024643,33.6626237485309],[-111.92840170024643,33.65198060924121],[-111.91647793030225,33.654194223963316],[-111.91647793030225,33.6648377070159],[-111.92840170024643,33.6626237485309]]]}"
,PHOENIX,9740009031505805312,33438.01859792261,10594.557,202506,deployment,"{""type"":""Polygon"",""coordinates"":[[[-111.92840170024643,33.65198060924121],[-111.92840170024643,33.641336300852636],[-111.91647793030225,33.64354957146851],[-111.91647793030225,33.654194223963316],[-111.92840170024643,33.65198060924121]]]}"
,PHOENIX,9740009065865543680,10791.689526819835,3481.094,202506,deployment,"{""type"":""Polygon"",""coordinates"":[[[-111.94032543148008,33.64976574313428],[-111.94032543148008,33.63912177911006],[-111.92840170024643,33.641336300852636],[-111.92840170024643,33.65198060924121],[-111.94032543148008,33.64976574313428]]]}"
,PHOENIX,9740009100225282048,19198.56396121403,5688.755,202506,deployment,"{""type"":""Polygon"",""coordinates"":[[[-111.9522491224878,33.64754962585355],[-111.9522491224878,33.63690600645188],[-111.94032543148008,33.63912177911006],[-111.94032543148008,33.64976574313428],[-111.9522491224878,33.64754962585355]]]}"
,PHOENIX,9740009134585020416,3683.55940076137,611.445,202506,deployment,"{""type"":""Polygon"",""coordinates"":[[[-111.9522491224878,33.65819207684357],[-111.9522491224878,33.64754962585355],[-111.94032543148008,33.64976574313428],[-111.94032543148008,33.660408538403146],[-111.9522491224878,33.65819207684357]]]}"
,PHOENIX,9740009168944758784,10139.911376170518,2582.19,202506,deployment,"{""type"":""Polygon"",""coordinates"":[[[-111.94032543148008,33.660408538403146],[-111.94032543148008,33.64976574313428],[-111.92840170024643,33.65198060924121],[-111.92840170024643,33.6626237485309],[-111.94032543148008,33.660408538403146]]]}"
,PHOENIX,9740062289100275712,64.00435192905852,18.611,202506,deployment,"{""type"":""Polygon"",""coordinates"":[[[-111.8330105841322,33.45649186691539],[-111.8330105841322,33.44582155418478],[-111.82108655908091,33.448017895524195],[-111.82108655908091,33.458688557143624],[-111.8330105841322,33.45649186691539]]]}"
,PHOENIX,9740062735776874496,5938.549049582692,1511.204,202506,deployment,"{""type"":""Polygon"",""coordinates"":[[[-111.84493458260289,33.45429392881849],[-111.84493458260289,33.44362396523767],[-111.8330105841322,33.44582155418478],[-111.8330105841322,33.45649186691539],[-111.84493458260289,33.45429392881849]]]}"
,PHOENIX,9740062770136612864,7687.859524237209,1582.633,202506,deployment,"{""type"":""Polygon"",""coordinates"":[[[-111.85685855297612,33.452094743060734],[-111.85685855297612,33.44142512889074],[-111.84493458260289,33.44362396523767],[-111.84493458260289,33.45429392881849],[-111.85685855297612,33.452094743060734]]]}"
,PHOENIX,9740062804496351232,12666.786459748002,3040.945,202506,deployment,"{""type"":""Polygon"",""coordinates"":[[[-111.85685855297612,33.44142512889074],[-111.85685855297612,33.430754361426445],[-111.84493458260289,33.432952848019696],[-111.84493458260289,33.44362396523767],[-111.85685855297612,33.44142512889074]]]}"
,PHOENIX,9740062838856089600,67247.88749817137,12577.329,202506,deployment,"{""type"":""Polygon"",""coordinates"":[[[-111.85685855297612,33.430754361426445],[-111.85685855297612,33.42008244152564],[-111.84493458260289,33.422280578022374],[-111.84493458260289,33.432952848019696],[-111.85685855297612,33.430754361426445]]]}"
,PHOENIX,9740062873215827968,27078.64421626878,5161.724,202506,deployment,"{""type"":""Polygon"",""coordinates"":[[[-111.84493458260289,33.432952848019696],[-111.84493458260289,33.422280578022374],[-111.8330105841322,33.4244774676419],[-111.8330105841322,33.43515008747436],[-111.84493458260289,33.432952848019696]]]}"
,PHOENIX,9740062907575566336,10187.29444116932,2535.104,202506,deployment,"{""type"":""Polygon"",""coordinates"":[[[-111.84493458260289,33.44362396523767],[-111.84493458260289,33.432952848019696],[-111.8330105841322,33.43515008747436],[-111.8330105841322,33.44582155418478],[-111.84493458260289,33.44362396523767]]]}"
,PHOENIX,9740062941935304704,26.274320714198538,8.796,202506,deployment,"{""type"":""Polygon"",""coordinates"":[[[-111.8330105841322,33.44582155418478],[-111.8330105841322,33.43515008747436],[-111.82108655908091,33.43734607958247],[-111.82108655908091,33.448017895524195],[-111.8330105841322,33.44582155418478]]]}"
,PHOENIX,9740063045014519808,776.9865376755271,237.951,202506,deployment,"{""type"":""Polygon"",""coordinates"":[[[-111.8330105841322,33.43515008747436],[-111.8330105841322,33.4244774676419],[-111.82108655908091,33.42667311017617],[-111.82108655908091,33.43734607958247],[-111.8330105841322,33.43515008747436]]]}"
,PHOENIX,9740063079374258176,12921.217384921476,3666.132,202506,deployment,"{""type"":""Polygon"",""coordinates"":[[[-111.8330105841322,33.4244774676419],[-111.8330105841322,33.41380369554579],[-111.82108655908091,33.415998988163686],[-111.82108655908091,33.42667311017617],[-111.8330105841322,33.4244774676419]]]}"
,PHOENIX,9740063113733996544,847.6349752660193,286.175,202506,deployment,"{""type"":""Polygon"",""coordinates"":[[[-111.82108655908091,33.42667311017617],[-111.82108655908091,33.415998988163686],[-111.80916250896605,33.4181930337503],[-111.80916250896607,33.428867505417735],[-111.82108655908091,33.42667311017617]]]}"
,PHOENIX,9740063148093734912,1041.9420699151171,314.744,202506,deployment,"{""type"":""Polygon"",""coordinates"":[[[-111.82108655908091,33.415998988163686],[-111.82108655908091,33.40532371440407],[-111.80916250896607,33.40751740999333],[-111.80916250896605,33.4181930337503],[-111.82108655908091,33.415998988163686]]]}"
,PHOENIX,9740063182453473280,8243.34958891095,2302.384,202506,deployment,"{""type"":""Polygon"",""coordinates"":[[[-111.8330105841322,33.41380369554579],[-111.8330105841322,33.40312877204509],[-111.82108655908091,33.40532371440407],[-111.82108655908091,33.415998988163686],[-111.8330105841322,33.41380369554579]]]}"
,PHOENIX,9740063216813211648,38757.36612415576,9424.214,202506,deployment,"{""type"":""Polygon"",""coordinates"":[[[-111.84493458260289,33.41160715610412],[-111.84493458260289,33.400932583124],[-111.8330105841322,33.40312877204509],[-111.8330105841322,33.41380369554579],[-111.84493458260289,33.41160715610412]]]}"
,PHOENIX,9740063251172950016,43829.20319196962,9880.24,202506,deployment,"{""type"":""Polygon"",""coordinates"":[[[-111.84493458260289,33.422280578022374],[-111.84493458260289,33.41160715610412],[-111.8330105841322,33.41380369554579],[-111.8330105841322,33.4244774676419],[-111.84493458260289,33.422280578022374]]]}"
,PHOENIX,9740063285532688384,40354.10001965914,8324.896,202506,deployment,"{""type"":""Polygon"",""coordinates"":[[[-111.85685855297612,33.42008244152564],[-111.85685855297612,33.409409370046795],[-111.84493458260289,33.41160715610412],[-111.84493458260289,33.422280578022374],[-111.85685855297612,33.42008244152564]]]}"
,PHOENIX,9740063319892426752,54302.69882851209,13514.628,202506,deployment,"{""type"":""Polygon"",""coordinates"":[[[-111.85685855297612,33.409409370046795],[-111.85685855297612,33.39873514784899],[-111.84493458260289,33.400932583124],[-111.84493458260289,33.41160715610412],[-111.85685855297612,33.409409370046795]]]}"
,PHOENIX,9740063354252165120,46724.30122108473,7624.856,202506,deployment,"{""type"":""Polygon"",""coordinates"":[[[-111.85685855297612,33.39873514784899],[-111.85685855297612,33.388059775792],[-111.84493458260289,33.390256859941786],[-111.84493458260289,33.400932583124],[-111.85685855297612,33.39873514784899]]]}"
,PHOENIX,9740063388611903488,40429.41483615448,8521.274,202506,deployment,"{""type"":""Polygon"",""coordinates"":[[[-111.84493458260289,33.400932583124],[-111.84493458260289,33.390256859941786],[-111.8330105841322,33.39245269799954],[-111.8330105841322,33.40312877204509],[-111.84493458260289,33.400932583124]]]}"
,PHOENIX,9740063422971641856,21265.992248879134,4605.958,202506,deployment,"{""type"":""Polygon"",""coordinates"":[[[-111.84493458260289,33.390256859941786],[-111.84493458260289,33.37957998741784],[-111.8330105841322,33.38177547426949],[-111.8330105841322,33.39245269799954],[-111.84493458260289,33.390256859941786]]]}"
,PHOENIX,9740063457331380224,46203.618610790916,8355.448,202506,deployment,"{""type"":""Polygon"",""coordinates"":[[[-111.85685855297612,33.388059775792],[-111.85685855297612,33.37738325473624],[-111.84493458260289,33.37957998741784],[-111.84493458260289,33.390256859941786],[-111.85685855297612,33.388059775792]]]}"
,PHOENIX,9740063491691118592,15674.562816380967,2522.793,202506,deployment,"{""type"":""Polygon"",""coordinates"":[[[-111.85685855297612,33.37738325473624],[-111.85685855297612,33.36670558554277],[-111.84493458260289,33.368901966413226],[-111.84493458260289,33.37957998741784],[-111.85685855297612,33.37738325473624]]]}"
,PHOENIX,9740063526050856960,15993.50476654879,3004.529,202506,deployment,"{""type"":""Polygon"",""coordinates"":[[[-111.85685855297612,33.36670558554277],[-111.85685855297612,33.356026769073324],[-111.84493458260289,33.35822279778965],[-111.84493458260289,33.368901966413226],[-111.85685855297612,33.36670558554277]]]}"
,PHOENIX,9740063560410595328,23674.894202247076,5142.178,202506,deployment,"{""type"":""Polygon"",""coordinates"":[[[-111.84493458260289,33.368901966413226],[-111.84493458260289,33.35822279778965],[-111.8330105841322,33.360417581200664],[-111.8330105841322,33.37109710171596],[-111.84493458260289,33.368901966413226]]]}"
,PHOENIX,9740063594770333696,30352.807851617796,5791.856,202506,deployment,"{""type"":""Polygon"",""coordinates"":[[[-111.84493458260289,33.37957998741784],[-111.84493458260289,33.368901966413226],[-111.8330105841322,33.37109710171596],[-111.8330105841322,33.38177547426949],[-111.84493458260289,33.37957998741784]]]}"
,PHOENIX,9740063800928763904,1.2312707694710117,0.066,202506,deployment,"{""type"":""Polygon"",""coordinates"":[[[-111.8330105841322,33.39245269799954],[-111.8330105841322,33.38177547426949],[-111.82108655908091,33.38396971508284],[-111.82108655908091,33.394647289757],[-111.8330105841322,33.39245269799954]]]}"
,PHOENIX,9740063835288502272,73.26234128889705,6.988,202506,deployment,"{""type"":""Polygon"",""coordinates"":[[[-111.8330105841322,33.40312877204509],[-111.8330105841322,33.39245269799954],[-111.82108655908091,33.394647289757],[-111.82108655908091,33.40532371440407],[-111.8330105841322,33.40312877204509]]]}"
,PHOENIX,9740065037879345152,1.9332949483446773,0.242,202506,deployment,"{""type"":""Polygon"",""coordinates"":[[[-111.8330105841322,33.32837214051065],[-111.8330105841322,33.3176880367781],[-111.82108655908091,33.31988016473092],[-111.8210865590809,33.33056462146365],[-111.8330105841322,33.32837214051065]]]}"
,PHOENIX,9740065278397513728,31971.755507596332,7021.309,202506,deployment,"{""type"":""Polygon"",""coordinates"":[[[-111.84493458260289,33.34754248240945],[-111.84493458260289,33.33686102113566],[-111.8330105841322,33.33905509973469],[-111.8330105841322,33.34973691358591],[-111.84493458260289,33.34754248240945]]]}"
,PHOENIX,9740065312757252096,24149.331938832278,5211.093,202506,deployment,"{""type"":""Polygon"",""coordinates"":[[[-111.84493458260289,33.35822279778965],[-111.84493458260289,33.34754248240945],[-111.8330105841322,33.34973691358591],[-111.8330105841322,33.360417581200664],[-111.84493458260289,33.35822279778965]]]}"
,PHOENIX,9740065347116990464,22520.405521370696,4170.429,202506,deployment,"{""type"":""Polygon"",""coordinates"":[[[-111.85685855297612,33.356026769073324],[-111.85685855297612,33.345346806190264],[-111.84493458260289,33.34754248240945],[-111.84493458260289,33.35822279778965],[-111.85685855297612,33.356026769073324]]]}"
,PHOENIX,9740065381476728832,20739.195920152128,3526.827,202506,deployment,"{""type"":""Polygon"",""coordinates"":[[[-111.85685855297612,33.345346806190264],[-111.85685855297612,33.33466569775664],[-111.84493458260289,33.33686102113566],[-111.84493458260289,33.34754248240945],[-111.85685855297612,33.345346806190264]]]}"
,PHOENIX,9740065415836467200,28622.960880188257,5106.753,202506,deployment,"{""type"":""Polygon"",""coordinates"":[[[-111.85685855297612,33.33466569775664],[-111.85685855297612,33.323983444636134],[-111.84493458260289,33.32617841483193],[-111.84493458260289,33.33686102113566],[-111.85685855297612,33.33466569775664]]]}"
,PHOENIX,9740065450196205568,29178.65852109326,6200.708,202506,deployment,"{""type"":""Polygon"",""coordinates"":[[[-111.84493458260289,33.33686102113566],[-111.84493458260289,33.32617841483193],[-111.8330105841322,33.32837214051065],[-111.8330105841322,33.33905509973469],[-111.84493458260289,33.33686102113566]]]}"
,PHOENIX,9740065484555943936,24798.708461341448,5608.154,202506,deployment,"{""type"":""Polygon"",""coordinates"":[[[-111.84493458260289,33.32617841483193],[-111.84493458260289,33.315494664362575],[-111.8330105841322,33.3176880367781],[-111.8330105841322,33.32837214051065],[-111.84493458260289,33.32617841483193]]]}"
,PHOENIX,9740065518915682304,21456.557750555912,3272.523,202506,deployment,"{""type"":""Polygon"",""coordinates"":[[[-111.85685855297612,33.323983444636134],[-111.85685855297612,33.313300047693076],[-111.84493458260289,33.315494664362575],[-111.84493458260289,33.32617841483193],[-111.85685855297612,33.323983444636134]]]}"
,PHOENIX,9740065553275420672,30115.087185552413,4939.9,202506,deployment,"{""type"":""Polygon"",""coordinates"":[[[-111.85685855297612,33.313300047693076],[-111.85685855297612,33.302615507792446],[-111.84493458260289,33.304809770592556],[-111.84493458260289,33.315494664362575],[-111.85685855297612,33.313300047693076]]]}"
,PHOENIX,9740065587635159040,14763.300701693186,2664.429,202506,deployment,"{""type"":""Polygon"",""coordinates"":[[[-111.85685855297612,33.302615507792446],[-111.85685855297612,33.291929825799905],[-111.84493458260289,33.29412373438752],[-111.84493458260289,33.304809770592556],[-111.85685855297612,33.302615507792446]]]}"
,PHOENIX,9740065621994897408,25950.460398922816,4735.881,202506,deployment,"{""type"":""Polygon"",""coordinates"":[[[-111.84493458260289,33.304809770592556],[-111.84493458260289,33.29412373438752],[-111.8330105841322,33.29631639924787],[-111.8330105841322,33.30700278940197],[-111.84493458260289,33.304809770592556]]]}"
,PHOENIX,9740065656354635776,26535.539083632648,6073.91,202506,deployment,"{""type"":""Polygon"",""coordinates"":[[[-111.84493458260289,33.315494664362575],[-111.84493458260289,33.304809770592556],[-111.8330105841322,33.30700278940197],[-111.8330105841322,33.3176880367781],[-111.84493458260289,33.315494664362575]]]}"
,PHOENIX,9740065690714374144,8.707568645403692,1.064,202506,deployment,"{""type"":""Polygon"",""coordinates"":[[[-111.8330105841322,33.3176880367781],[-111.8330105841322,33.30700278940197],[-111.82108655908091,33.30919456401186],[-111.82108655908091,33.31988016473092],[-111.8330105841322,33.3176880367781]]]}"
,PHOENIX,9740065931232542720,21.830918225442247,8.23,202506,deployment,"{""type"":""Polygon"",""coordinates"":[[[-111.8330105841322,33.28562886718206],[-111.8330105841322,33.27494019407145],[-111.82108655908091,33.27713090659587],[-111.82108655908091,33.287819934077774],[-111.8330105841322,33.28562886718206]]]}"
,PHOENIX,9740065965592281088,4534.406362182556,909.44,202506,deployment,"{""type"":""Polygon"",""coordinates"":[[[-111.84493458260289,33.28343655661373],[-111.84493458260289,33.27274823813812],[-111.8330105841322,33.27494019407145],[-111.8330105841322,33.28562886718206],[-111.84493458260289,33.28343655661373]]]}"
,PHOENIX,9740065999952019456,10516.876304572086,1526.384,202506,deployment,"{""type"":""Polygon"",""coordinates"":[[[-111.84493458260289,33.29412373438752],[-111.84493458260289,33.28343655661373],[-111.8330105841322,33.28562886718206],[-111.8330105841322,33.29631639924787],[-111.84493458260289,33.29412373438752]]]}"
,PHOENIX,9740066034311757824,17059.203193101668,3373.396,202506,deployment,"{""type"":""Polygon"",""coordinates"":[[[-111.85685855297612,33.291929825799905],[-111.85685855297612,33.281243002581746],[-111.84493458260289,33.28343655661373],[-111.84493458260289,33.29412373438752],[-111.85685855297612,33.291929825799905]]]}"
,PHOENIX,9740066068671496192,6783.569277059454,1231.564,202506,deployment,"{""type"":""Polygon"",""coordinates"":[[[-111.85685855297612,33.281243002581746],[-111.85685855297612,33.27055503900491],[-111.84493458260289,33.27274823813812],[-111.84493458260289,33.28343655661373],[-111.85685855297612,33.281243002581746]]]}"
,PHOENIX,9740066103031234560,8161.424323549641,1559.528,202506,deployment,"{""type"":""Polygon"",""coordinates"":[[[-111.85685855297612,33.27055503900491],[-111.85685855297612,33.25986593593701],[-111.84493458260289,33.262058779828266],[-111.84493458260289,33.27274823813812],[-111.85685855297612,33.27055503900491]]]}"
,PHOENIX,9740066137390972928,2974.014326606006,731.207,202506,deployment,"{""type"":""Polygon"",""coordinates"":[[[-111.84493458260289,33.27274823813812],[-111.84493458260289,33.262058779828266],[-111.8330105841322,33.2642503807836],[-111.8330105841322,33.27494019407145],[-111.84493458260289,33.27274823813812]]]}"
,PHOENIX,9740066171750711296,1426.974522262774,290.253,202506,deployment,"{""type"":""Polygon"",""coordinates"":[[[-111.84493458260289,33.262058779828266],[-111.84493458260289,33.251368182552405],[-111.8330105841322,33.25355942818672],[-111.8330105841322,33.2642503807836],[-111.84493458260289,33.262058779828266]]]}"
,PHOENIX,9740066206110449664,10338.506309283974,1802.893,202506,deployment,"{""type"":""Polygon"",""coordinates"":[[[-111.85685855297612,33.25986593593701],[-111.85685855297612,33.24917569424628],[-111.84493458260289,33.251368182552405],[-111.84493458260289,33.262058779828266],[-111.85685855297612,33.25986593593701]]]}"
,PHOENIX,9740066240470188032,9558.173890751126,1736.708,202506,deployment,"{""type"":""Polygon"",""coordinates"":[[[-111.85685855297612,33.24917569424628],[-111.85685855297612,33.23848431480166],[-111.84493458260289,33.240676447179425],[-111.84493458260289,33.251368182552405],[-111.85685855297612,33.24917569424628]]]}"
,PHOENIX,9740066274829926400,1806.3099173195483,526.346,202506,deployment,"{""type"":""Polygon"",""coordinates"":[[[-111.85685855297612,33.23848431480166],[-111.85685855297612,33.227791798472666],[-111.84493458260289,33.22998357457887],[-111.84493458260289,33.240676447179425],[-111.85685855297612,33.23848431480166]]]}"
,PHOENIX,9740066309189664768,3828.8974951881873,656.04,202506,deployment,"{""type"":""Polygon"",""coordinates"":[[[-111.84493458260289,33.240676447179425],[-111.84493458260289,33.22998357457887],[-111.8330105841322,33.232174108542004],[-111.8330105841322,33.242867337149676],[-111.84493458260289,33.240676447179425]]]}"
,PHOENIX,9740066343549403136,5718.159291148751,927.007,202506,deployment,"{""type"":""Polygon"",""coordinates"":[[[-111.84493458260289,33.251368182552405],[-111.84493458260289,33.240676447179425],[-111.8330105841322,33.242867337149676],[-111.8330105841322,33.25355942818672],[-111.84493458260289,33.251368182552405]]]}"
,PHOENIX,9740066584067571712,1.6118510173078484,0.545,202506,deployment,"{""type"":""Polygon"",""coordinates"":[[[-111.8330105841322,33.27494019407145],[-111.8330105841322,33.2642503807836],[-111.82108655908091,33.26644073859389],[-111.82108655908091,33.27713090659587],[-111.8330105841322,33.27494019407145]]]}"
,PHOENIX,9740066618427310080,20.81435549406746,7.501,202506,deployment,"{""type"":""Polygon"",""coordinates"":[[[-111.82108655908091,33.27713090659587],[-111.82108655908091,33.26644073859389],[-111.80916250896607,33.26862985305063],[-111.80916250896607,33.27932037550292],[-111.82108655908091,33.27713090659587]]]}"
,PHOENIX,9740066652787048448,22.529901499404442,8.149,202506,deployment,"{""type"":""Polygon"",""coordinates"":[[[-111.80916250896607,33.27932037550292],[-111.80916250896607,33.26862985305063],[-111.7972384353049,33.27081772394586],[-111.7972384353049,33.28150860058473],[-111.80916250896607,33.27932037550292]]]}"
,PHOENIX,9740066687146786816,22.462134936290333,8.194,202506,deployment,"{""type"":""Polygon"",""coordinates"":[[[-111.7972384353049,33.28150860058473],[-111.7972384353049,33.27081772394586],[-111.78531433961481,33.273004351072224],[-111.78531433961481,33.283695581634],[-111.7972384353049,33.28150860058473]]]}"
,PHOENIX,9740067133823385600,20.896691304697175,7.623,202506,deployment,"{""type"":""Polygon"",""coordinates"":[[[-111.78531433961481,33.283695581634],[-111.78531433961481,33.273004351072224],[-111.77339022341336,33.27518973422291],[-111.77339022341336,33.285881318444005],[-111.78531433961481,33.283695581634]]]}"
,PHOENIX,9740067168183123968,20.944090639259638,7.638,202506,deployment,"{""type"":""Polygon"",""coordinates"":[[[-111.77339022341336,33.285881318444005],[-111.77339022341336,33.27518973422291],[-111.76146608821831,33.277373873191735],[-111.76146608821831,33.28806581080862],[-111.77339022341336,33.285881318444005]]]}"
,PHOENIX,9740068302054490112,3.4232832492525027,1.271,202506,deployment,"{""type"":""Polygon"",""coordinates"":[[[-111.76146608821831,33.28806581080862],[-111.76146608821831,33.277373873191735],[-111.74954193554758,33.27955676777304],[-111.74954193554758,33.290249058522264],[-111.76146608821831,33.28806581080862]]]}"
,PHOENIX,9740068370773966848,21.238397020522136,7.659,202506,deployment,"{""type"":""Polygon"",""coordinates"":[[[-111.74954193554758,33.27955676777304],[-111.74954193554758,33.268863335318436],[-111.73761776691927,33.27104463209658],[-111.73761776691927,33.28173841776179],[-111.74954193554758,33.27955676777304]]]}"
,PHOENIX,9740068405133705216,17.50446637999022,6.367,202506,deployment,"{""type"":""Polygon"",""coordinates"":[[[-111.76146608821831,33.277373873191735],[-111.76146608821831,33.26668079421129],[-111.74954193554758,33.268863335318436],[-111.74954193554758,33.27955676777304],[-111.76146608821831,33.277373873191735]]]}"
,PHOENIX,9740068714371350528,21.602012059637946,7.635,202506,deployment,"{""type"":""Polygon"",""coordinates"":[[[-111.72569358385162,33.28391882295349],[-111.72569358385164,33.273224684341166],[-111.7137693878631,33.27540349184823],[-111.7137693878631,33.28609798314426],[-111.72569358385162,33.28391882295349]]]}"
,PHOENIX,9740068748731088896,21.675161286667226,7.659,202506,deployment,"{""type"":""Polygon"",""coordinates"":[[[-111.73761776691927,33.28173841776179],[-111.73761776691927,33.27104463209658],[-111.72569358385164,33.273224684341166],[-111.72569358385162,33.28391882295349],[-111.73761776691927,33.28173841776179]]]}"
,PHOENIX,9740068920529780736,15.44915314575919,6.009,202506,deployment,"{""type"":""Polygon"",""coordinates"":[[[-111.70184518047229,33.288275898130784],[-111.70184518047229,33.277581054414384],[-111.68992096319795,33.27975737183682],[-111.68992096319795,33.29045256771032],[-111.70184518047229,33.288275898130784]]]}"
,PHOENIX,9740068954889519104,21.66744482257283,7.632,202506,deployment,"{""type"":""Polygon"",""coordinates"":[[[-111.7137693878631,33.28609798314426],[-111.7137693878631,33.27540349184823],[-111.70184518047229,33.277581054414384],[-111.70184518047229,33.288275898130784],[-111.7137693878631,33.28609798314426]]]}"
,PHOENIX,9740069092328472576,7.6732589690059685,2.572,202506,deployment,"{""type"":""Polygon"",""coordinates"":[[[-111.70184518047229,33.277581054414384],[-111.70184518047229,33.26688506849569],[-111.68992096319795,33.269061033420044],[-111.68992096319795,33.27975737183682],[-111.70184518047229,33.277581054414384]]]}"
,PHOENIX,9740069229767426048,39.261156254595946,14.124,202506,deployment,"{""type"":""Polygon"",""coordinates"":[[[-111.67799673755903,33.281932443913306],[-111.67799673755903,33.27123575326183],[-111.66607250507464,33.273409227819315],[-111.66607250507464,33.28410627044221],[-111.67799673755903,33.281932443913306]]]}"
,PHOENIX,9740069264127164416,21.791432008446048,8.819,202506,deployment,"{""type"":""Polygon"",""coordinates"":[[[-111.67799673755903,33.2926279916807],[-111.67799673755903,33.281932443913306],[-111.66607250507464,33.28410627044221],[-111.66607250507464,33.29480216984037],[-111.67799673755903,33.2926279916807]]]}"
,PHOENIX,9740069298486902784,6.923589767556799,4.522,202506,deployment,"{""type"":""Polygon"",""coordinates"":[[[-111.68992096319795,33.29045256771032],[-111.68992096319795,33.27975737183682],[-111.67799673755903,33.281932443913306],[-111.67799673755903,33.2926279916807],[-111.68992096319795,33.29045256771032]]]}"
,SAN_FRANCISCO,9260949341382639616,196351.3518564376,61370.669,202506,deployment,"{""type"":""Polygon"",""coordinates"":[[[-122.40141926154602,37.806219053177706],[-122.40141926154602,37.796691931038104],[-122.39009006966613,37.80017323460674],[-122.39009006966613,37.80970065388306],[-122.40141926154602,37.806219053177706]]]}"
,SAN_FRANCISCO,9260949375742377984,669040.6574494231,174611.638,202506,deployment,"{""type"":""Polygon"",""coordinates"":[[[-122.40141926154602,37.796691931038104],[-122.40141926154602,37.78716355152709],[-122.39009006966613,37.79064455753469],[-122.39009006966613,37.80017323460674],[-122.40141926154602,37.796691931038104]]]}"
,SAN_FRANCISCO,9260949410102116352,4794.93974795837,1724.485,202506,deployment,"{""type"":""Polygon"",""coordinates"":[[[-122.39009006966613,37.80017323460674],[-122.39009006966613,37.79064455753469],[-122.37875965870796,37.79412452524699],[-122.37875965870796,37.803653499650686],[-122.39009006966613,37.80017323460674]]]}"
,SAN_FRANCISCO,9260949444461854720,178079.3794637372,62640.282,202506,deployment,"{""type"":""Polygon"",""coordinates"":[[[-122.39009006966613,37.79064455753469],[-122.39009006966613,37.78111462317189],[-122.37875965870796,37.78459429312823],[-122.37875965870796,37.79412452524699],[-122.39009006966613,37.79064455753469]]]}"
,SAN_FRANCISCO,9260949478821593088,681872.8354492751,155928.05,202506,deployment,"{""type"":""Polygon"",""coordinates"":[[[-122.40141926154602,37.78716355152709],[-122.40141926154602,37.77763391514975],[-122.39009006966613,37.78111462317189],[-122.39009006966613,37.79064455753469],[-122.40141926154602,37.78716355152709]]]}"
,SAN_FRANCISCO,9260949513181331456,654773.2081220256,179014.349,202506,deployment,"{""type"":""Polygon"",""coordinates"":[[[-122.41274723330986,37.78368150780816],[-122.41274723330986,37.77415216964588],[-122.40141926154602,37.77763391514975],[-122.40141926154602,37.78716355152709],[-122.41274723330986,37.78368150780816]]]}"
,SAN_FRANCISCO,9260949547541069824,1013698.5403849522,240082.041,202506,deployment,"{""type"":""Polygon"",""coordinates"":[[[-122.41274723330986,37.793209589528665],[-122.41274723330986,37.78368150780816],[-122.40141926154602,37.78716355152709],[-122.40141926154602,37.796691931038104],[-122.41274723330986,37.793209589528665]]]}"
,SAN_FRANCISCO,9260949581900808192,1296674.1219467856,305685.542,202506,deployment,"{""type"":""Polygon"",""coordinates"":[[[-122.42407398392056,37.78972621066264],[-122.42407398392056,37.780198426962194],[-122.41274723330986,37.78368150780816],[-122.41274723330986,37.793209589528665],[-122.42407398392056,37.78972621066264]]]}"
,SAN_FRANCISCO,9260949616260546560,1119366.9810873403,276849.301,202506,deployment,"{""type"":""Polygon"",""coordinates"":[[[-122.42407398392056,37.780198426962194],[-122.42407398392056,37.77066938724461],[-122.41274723330986,37.77415216964588],[-122.41274723330986,37.78368150780816],[-122.42407398392056,37.780198426962194]]]}"
,SAN_FRANCISCO,9260949650620284928,665531.0415531922,155236.904,202506,deployment,"{""type"":""Polygon"",""coordinates"":[[[-122.4353995123419,37.77671430957378],[-122.4353995123419,37.76718556853062],[-122.42407398392056,37.77066938724461],[-122.42407398392056,37.780198426962194],[-122.4353995123419,37.77671430957378]]]}"
,SAN_FRANCISCO,9260949684980023296,608435.3291657779,140655.67,202506,deployment,"{""type"":""Polygon"",""coordinates"":[[[-122.44672381753844,37.77322915622785],[-122.44672381753844,37.7637007140889],[-122.4353995123419,37.76718556853062],[-122.4353995123419,37.77671430957378],[-122.44672381753844,37.77322915622785]]]}"
,SAN_FRANCISCO,9260949719339761664,486866.02305229363,113167.488,202506,deployment,"{""type"":""Polygon"",""coordinates"":[[[-122.44672381753844,37.78275634319929],[-122.44672381753844,37.77322915622785],[-122.4353995123419,37.77671430957378],[-122.4353995123419,37.78624179502457],[-122.44672381753844,37.78275634319929]]]}"
,SAN_FRANCISCO,9260949753699500032,768588.1030259341,174922.091,202506,deployment,"{""type"":""Polygon"",""coordinates"":[[[-122.4353995123419,37.78624179502457],[-122.4353995123419,37.77671430957378],[-122.42407398392056,37.780198426962194],[-122.42407398392056,37.78972621066264],[-122.4353995123419,37.78624179502457]]]}"
,SAN_FRANCISCO,9260949788059238400,852171.4726209671,224021.504,202506,deployment,"{""type"":""Polygon"",""coordinates"":[[[-122.4353995123419,37.79576802437758],[-122.4353995123419,37.78624179502457],[-122.42407398392056,37.78972621066264],[-122.42407398392056,37.79925273784066],[-122.4353995123419,37.79576802437758]]]}"
,SAN_FRANCISCO,9260949822418976768,705441.5787343933,163259.497,202506,deployment,"{""type"":""Polygon"",""coordinates"":[[[-122.44672381753844,37.792282274497715],[-122.44672381753844,37.78275634319929],[-122.4353995123419,37.78624179502457],[-122.4353995123419,37.79576802437758],[-122.44672381753844,37.792282274497715]]]}"
,SAN_FRANCISCO,9260949856778715136,361373.1165394098,88558.049,202506,deployment,"{""type"":""Polygon"",""coordinates"":[[[-122.44672381753844,37.801806949618125],[-122.44672381753844,37.792282274497715],[-122.4353995123419,37.79576802437758],[-122.4353995123419,37.805292997127914],[-122.44672381753844,37.801806949618125]]]}"
,SAN_FRANCISCO,9260949891138453504,484985.2684753434,119400.749,202506,deployment,"{""type"":""Polygon"",""coordinates"":[[[-122.4353995123419,37.805292997127914],[-122.4353995123419,37.79576802437758],[-122.42407398392056,37.79925273784066],[-122.42407398392056,37.808778007991464],[-122.4353995123419,37.805292997127914]]]}"
,SAN_FRANCISCO,9260949925498191872,559655.9802287617,147640.525,202506,deployment,"{""type"":""Polygon"",""coordinates"":[[[-122.42407398392056,37.808778007991464],[-122.42407398392056,37.79925273784066],[-122.41274723330986,37.802736414302196],[-122.41274723330986,37.812261981624054],[-122.42407398392056,37.808778007991464]]]}"
,SAN_FRANCISCO,9260949959857930240,909703.6095866759,237514.505,202506,deployment,"{""type"":""Polygon"",""coordinates"":[[[-122.42407398392056,37.79925273784066],[-122.42407398392056,37.78972621066264],[-122.41274723330986,37.793209589528665],[-122.41274723330986,37.802736414302196],[-122.42407398392056,37.79925273784066]]]}"
,SAN_FRANCISCO,9260949994217668608,669303.6019023616,173174.454,202506,deployment,"{""type"":""Polygon"",""coordinates"":[[[-122.41274723330986,37.802736414302196],[-122.41274723330986,37.793209589528665],[-122.40141926154602,37.796691931038104],[-122.40141926154602,37.806219053177706],[-122.41274723330986,37.802736414302196]]]}"
,SAN_FRANCISCO,9260950028577406976,264498.36142926355,75249.498,202506,deployment,"{""type"":""Polygon"",""coordinates"":[[[-122.41274723330986,37.812261981624054],[-122.41274723330986,37.802736414302196],[-122.40141926154602,37.806219053177706],[-122.40141926154602,37.81574491744131],[-122.41274723330986,37.812261981624054]]]}"
,SAN_FRANCISCO,9260950234735837184,58778.329043635524,16786.426,202506,deployment,"{""type"":""Polygon"",""coordinates"":[[[-122.44672381753844,37.81133036805606],[-122.44672381753844,37.801806949618125],[-122.4353995123419,37.805292997127914],[-122.4353995123419,37.81481671277122],[-122.44672381753844,37.81133036805606]]]}"
,SAN_FRANCISCO,9260956453848481792,93937.71328464855,27013.581,202506,deployment,"{""type"":""Polygon"",""coordinates"":[[[-122.45804689847544,37.807842987050236],[-122.45804689847544,37.798319866047095],[-122.44672381753844,37.801806949618125],[-122.44672381753844,37.81133036805606],[-122.45804689847544,37.807842987050236]]]}"
,SAN_FRANCISCO,9260956488208220160,135996.7320866425,39914.745,202506,deployment,"{""type"":""Polygon"",""coordinates"":[[[-122.46936875411905,37.804354570339015],[-122.46936875411905,37.79483174700018],[-122.45804689847544,37.798319866047095],[-122.45804689847544,37.807842987050236],[-122.46936875411905,37.804354570339015]]]}"
,SAN_FRANCISCO,9260956660006912000,116359.06582685372,28372.645,202506,deployment,"{""type"":""Polygon"",""coordinates"":[[[-122.49200878539423,37.7878524048216],[-122.49200878539423,37.77832892251698],[-122.48068938343609,37.78181881220991],[-122.48068938343609,37.79134259306303],[-122.49200878539423,37.7878524048216]]]}"
,SAN_FRANCISCO,9260956694366650368,154374.82840292284,34353.447,202506,deployment,"{""type"":""Polygon"",""coordinates"":[[[-122.49200878539423,37.77832892251698],[-122.49200878539423,37.76880418573406],[-122.48068938343609,37.7722937764534],[-122.48068938343609,37.78181881220991],[-122.49200878539423,37.77832892251698]]]}"
,SAN_FRANCISCO,9260956728726388736,200045.48657348345,47271.873,202506,deployment,"{""type"":""Polygon"",""coordinates"":[[[-122.48068938343609,37.78181881220991],[-122.48068938343609,37.7722937764534],[-122.46936875411905,37.77578233332807],[-122.46936875411905,37.78530766782831],[-122.48068938343609,37.78181881220991]]]}"
,SAN_FRANCISCO,9260956763086127104,51804.80808803153,14299.901,202506,deployment,"{""type"":""Polygon"",""coordinates"":[[[-122.48068938343609,37.79134259306303],[-122.48068938343609,37.78181881220991],[-122.46936875411905,37.78530766782831],[-122.46936875411905,37.79483174700018],[-122.48068938343609,37.79134259306303]]]}"
,SAN_FRANCISCO,9260956797445865472,57152.89765993527,15121.406,202506,deployment,"{""type"":""Polygon"",""coordinates"":[[[-122.46936875411905,37.79483174700018],[-122.46936875411905,37.78530766782831],[-122.45804689847544,37.78879548878615],[-122.45804689847544,37.798319866047095],[-122.46936875411905,37.79483174700018]]]}"
,SAN_FRANCISCO,9260956831805603840,153707.27191367248,42372.376,202506,deployment,"{""type"":""Polygon"",""coordinates"":[[[-122.45804689847544,37.798319866047095],[-122.45804689847544,37.78879548878615],[-122.44672381753844,37.792282274497715],[-122.44672381753844,37.801806949618125],[-122.45804689847544,37.798319866047095]]]}"
,SAN_FRANCISCO,9260956866165342208,418398.58029537834,101968.398,202506,deployment,"{""type"":""Polygon"",""coordinates"":[[[-122.45804689847544,37.78879548878615],[-122.45804689847544,37.77926985577196],[-122.44672381753844,37.78275634319929],[-122.44672381753844,37.792282274497715],[-122.45804689847544,37.78879548878615]]]}"
,SAN_FRANCISCO,9260956900525080576,304086.37652624515,73696.695,202506,deployment,"{""type"":""Polygon"",""coordinates"":[[[-122.46936875411905,37.78530766782831],[-122.46936875411905,37.77578233332807],[-122.45804689847544,37.77926985577196],[-122.45804689847544,37.78879548878615],[-122.46936875411905,37.78530766782831]]]}"
,SAN_FRANCISCO,9260956934884818944,180222.0251898707,36249.315,202506,deployment,"{""type"":""Polygon"",""coordinates"":[[[-122.46936875411905,37.77578233332807],[-122.46936875411905,37.76625574400465],[-122.45804689847544,37.769742967509615],[-122.45804689847544,37.77926985577196],[-122.46936875411905,37.77578233332807]]]}"
,SAN_FRANCISCO,9260956969244557312,533035.7241671819,115109.706,202506,deployment,"{""type"":""Polygon"",""coordinates"":[[[-122.45804689847544,37.77926985577196],[-122.45804689847544,37.769742967509615],[-122.44672381753844,37.77322915622785],[-122.44672381753844,37.78275634319929],[-122.45804689847544,37.77926985577196]]]}"
,SAN_FRANCISCO,9260957003604295680,389618.53950560855,93722.212,202506,deployment,"{""type"":""Polygon"",""coordinates"":[[[-122.45804689847544,37.769742967509615],[-122.45804689847544,37.76021482450475],[-122.44672381753844,37.7637007140889],[-122.44672381753844,37.77322915622785],[-122.45804689847544,37.769742967509615]]]}"
,SAN_FRANCISCO,9260957037964034048,382369.9282775083,94610.162,202506,deployment,"{""type"":""Polygon"",""coordinates"":[[[-122.46936875411905,37.76625574400465],[-122.46936875411905,37.75672790036379],[-122.45804689847544,37.76021482450475],[-122.45804689847544,37.769742967509615],[-122.46936875411905,37.76625574400465]]]}"
,SAN_FRANCISCO,9260957072323772416,188371.95905959207,40875.411,202506,deployment,"{""type"":""Polygon"",""coordinates"":[[[-122.48068938343609,37.76276748629881],[-122.48068938343609,37.75323994225197],[-122.46936875411905,37.75672790036379],[-122.46936875411905,37.76625574400465],[-122.48068938343609,37.76276748629881]]]}"
,SAN_FRANCISCO,9260957106683510784,359561.15707430686,91641.985,202506,deployment,"{""type"":""Polygon"",""coordinates"":[[[-122.48068938343609,37.7722937764534],[-122.48068938343609,37.76276748629881],[-122.46936875411905,37.76625574400465],[-122.46936875411905,37.77578233332807],[-122.48068938343609,37.7722937764534]]]}"
,SAN_FRANCISCO,9260957141043249152,118468.20668761795,31227.812,202506,deployment,"{""type"":""Polygon"",""coordinates"":[[[-122.49200878539423,37.76880418573406],[-122.49200878539423,37.75927819497827],[-122.48068938343609,37.76276748629881],[-122.48068938343609,37.7722937764534],[-122.49200878539423,37.76880418573406]]]}"
,SAN_FRANCISCO,9260957175402987520,96381.95883736222,14005.535,202506,deployment,"{""type"":""Polygon"",""coordinates"":[[[-122.49200878539423,37.75927819497827],[-122.49200878539423,37.74975095075552],[-122.48068938343609,37.75323994225197],[-122.48068938343609,37.76276748629881],[-122.49200878539423,37.75927819497827]]]}"
,SAN_FRANCISCO,9260957209762725888,78641.93737463595,13027.698,202506,deployment,"{""type"":""Polygon"",""coordinates"":[[[-122.50332695896195,37.75578787062953],[-122.50332695896195,37.74626092646101],[-122.49200878539423,37.74975095075552],[-122.49200878539423,37.75927819497827],[-122.50332695896195,37.75578787062953]]]}"
,SAN_FRANCISCO,9260957244122464256,30982.23211767612,5612.588,202506,deployment,"{""type"":""Polygon"",""coordinates"":[[[-122.51464390310842,37.75229651383939],[-122.51464390310842,37.74276986995533],[-122.50332695896195,37.74626092646101],[-122.50332695896195,37.75578787062953],[-122.51464390310842,37.75229651383939]]]}"
,SAN_FRANCISCO,9260957278482202624,47288.74655381702,12204.355,202506,deployment,"{""type"":""Polygon"",""coordinates"":[[[-122.51464390310842,37.76182190510742],[-122.51464390310842,37.75229651383939],[-122.50332695896195,37.75578787062953],[-122.50332695896195,37.7653135617565],[-122.51464390310842,37.76182190510742]]]}"
,SAN_FRANCISCO,9260957312841940992,122266.6643142709,30596.626,202506,deployment,"{""type"":""Polygon"",""coordinates"":[[[-122.50332695896195,37.7653135617565],[-122.50332695896195,37.75578787062953],[-122.49200878539423,37.75927819497827],[-122.49200878539423,37.76880418573406],[-122.50332695896195,37.7653135617565]]]}"
,SAN_FRANCISCO,9260957347201679360,93397.32338575684,24154.395,202506,deployment,"{""type"":""Polygon"",""coordinates"":[[[-122.50332695896195,37.77483799933588],[-122.50332695896195,37.7653135617565],[-122.49200878539423,37.76880418573406],[-122.49200878539423,37.77832892251698],[-122.50332695896195,37.77483799933588]]]}"
,SAN_FRANCISCO,9260957381561417728,64449.95864522664,15780.743,202506,deployment,"{""type"":""Polygon"",""coordinates"":[[[-122.50332695896195,37.78436118286217],[-122.50332695896195,37.77483799933588],[-122.49200878539423,37.77832892251698],[-122.49200878539423,37.7878524048216],[-122.50332695896195,37.78436118286217]]]}"
,SAN_FRANCISCO,9260957415921156096,41581.83684522513,8199.387,202506,deployment,"{""type"":""Polygon"",""coordinates"":[[[-122.51464390310842,37.78086892777135],[-122.51464390310842,37.771346043253274],[-122.50332695896195,37.77483799933588],[-122.50332695896195,37.78436118286217],[-122.51464390310842,37.78086892777135]]]}"
,SAN_FRANCISCO,9260957450280894464,43685.33055161685,9197.983,202506,deployment,"{""type"":""Polygon"",""coordinates"":[[[-122.51464390310842,37.771346043253274],[-122.51464390310842,37.76182190510742],[-122.50332695896195,37.7653135617565],[-122.50332695896195,37.77483799933588],[-122.51464390310842,37.771346043253274]]]}"
,SAN_FRANCISCO,9263759452585066496,86183.62408104744,22089.198,202506,deployment,"{""type"":""Polygon"",""coordinates"":[[[-122.45804689847544,37.712555306076204],[-122.45804689847544,37.70301964526381],[-122.44672381753844,37.70650373111326],[-122.44672381753844,37.716039693611755],[-122.45804689847544,37.712555306076204]]]}"
,SAN_FRANCISCO,9263759486944804864,37035.66355529357,10951.935,202506,deployment,"{""type"":""Polygon"",""coordinates"":[[[-122.45804689847544,37.722089715190904],[-122.45804689847544,37.712555306076204],[-122.44672381753844,37.716039693611755],[-122.44672381753844,37.72557440398694],[-122.45804689847544,37.722089715190904]]]}"
,SAN_FRANCISCO,9263759521304543232,41455.684789483,12663.226,202506,deployment,"{""type"":""Polygon"",""coordinates"":[[[-122.46936875411905,37.71860399275889],[-122.46936875411905,37.70906988513516],[-122.45804689847544,37.712555306076204],[-122.45804689847544,37.722089715190904],[-122.46936875411905,37.71860399275889]]]}"
,SAN_FRANCISCO,9263759555664281600,67718.47819017823,20244.595,202506,deployment,"{""type"":""Polygon"",""coordinates"":[[[-122.46936875411905,37.70906988513516],[-122.46936875411905,37.69953452623943],[-122.45804689847544,37.70301964526381],[-122.45804689847544,37.712555306076204],[-122.46936875411905,37.70906988513516]]]}"
,SAN_FRANCISCO,9263759590024019968,37222.69023955062,10532.647,202506,deployment,"{""type"":""Polygon"",""coordinates"":[[[-122.48068938343609,37.70558343137489],[-122.48068938343609,37.69604837462648],[-122.46936875411905,37.69953452623943],[-122.46936875411905,37.70906988513516],[-122.48068938343609,37.70558343137489]]]}"
,SAN_FRANCISCO,9263759624383758336,40184.21844089296,11821.31,202506,deployment,"{""type"":""Polygon"",""coordinates"":[[[-122.48068938343609,37.71511723727709],[-122.48068938343609,37.70558343137489],[-122.46936875411905,37.70906988513516],[-122.46936875411905,37.71860399275889],[-122.48068938343609,37.71511723727709]]]}"
,SAN_FRANCISCO,9263759658743496704,27974.287820487025,6666.896,202506,deployment,"{""type"":""Polygon"",""coordinates"":[[[-122.49200878539423,37.71162944933207],[-122.49200878539423,37.702095945382],[-122.48068938343609,37.70558343137489],[-122.48068938343609,37.71511723727709],[-122.49200878539423,37.71162944933207]]]}"
,SAN_FRANCISCO,9263760449017479168,5600.472805112752,1887.51,202506,deployment,"{""type"":""Polygon"",""coordinates"":[[[-122.50332695896195,37.72720328102612],[-122.50332695896195,37.717672580774455],[-122.49200878539423,37.72116170235277],[-122.49200878539423,37.730692703935524],[-122.50332695896195,37.72720328102612]]]}"
,SAN_FRANCISCO,9263760826974601216,24799.911007613387,4292.656,202506,deployment,"{""type"":""Polygon"",""coordinates"":[[[-122.51464390310842,37.74276986995533],[-122.51464390310842,37.73324197396191],[-122.50332695896195,37.73673272975751],[-122.50332695896195,37.74626092646101],[-122.51464390310842,37.74276986995533]]]}"
,SAN_FRANCISCO,9263760861334339584,2950.149486601231,471.283,202506,deployment,"{""type"":""Polygon"",""coordinates"":[[[-122.51464390310842,37.73324197396191],[-122.51464390310842,37.72371282636632],[-122.50332695896195,37.72720328102612],[-122.50332695896195,37.73673272975751],[-122.51464390310842,37.73324197396191]]]}"
,SAN_FRANCISCO,9263760895694077952,69098.68682381645,12370.338,202506,deployment,"{""type"":""Polygon"",""coordinates"":[[[-122.50332695896195,37.73673272975751],[-122.50332695896195,37.72720328102612],[-122.49200878539423,37.730692703935524],[-122.49200878539423,37.740222453572265],[-122.50332695896195,37.73673272975751]]]}"
,SAN_FRANCISCO,9263760930053816320,69815.9494893644,11699.956,202506,deployment,"{""type"":""Polygon"",""coordinates"":[[[-122.50332695896195,37.74626092646101],[-122.50332695896195,37.73673272975751],[-122.49200878539423,37.740222453572265],[-122.49200878539423,37.74975095075552],[-122.50332695896195,37.74626092646101]]]}"
,SAN_FRANCISCO,9263760964413554688,56498.40875570115,13454.132,202506,deployment,"{""type"":""Polygon"",""coordinates"":[[[-122.49200878539423,37.74975095075552],[-122.49200878539423,37.740222453572265],[-122.48068938343609,37.74371114481922],[-122.48068938343609,37.75323994225197],[-122.49200878539423,37.74975095075552]]]}"
,SAN_FRANCISCO,9263760998773293056,122394.94814584186,28490.965,202506,deployment,"{""type"":""Polygon"",""coordinates"":[[[-122.48068938343609,37.75323994225197],[-122.48068938343609,37.74371114481922],[-122.46936875411905,37.74719880291174],[-122.46936875411905,37.75672790036379],[-122.48068938343609,37.75323994225197]]]}"
,SAN_FRANCISCO,9263761033133031424,125990.685835331,28387.413,202506,deployment,"{""type"":""Polygon"",""coordinates"":[[[-122.48068938343609,37.74371114481922],[-122.48068938343609,37.73418109450746],[-122.46936875411905,37.73766845215527],[-122.46936875411905,37.74719880291174],[-122.48068938343609,37.74371114481922]]]}"
,SAN_FRANCISCO,9263761067492769792,74382.48699211581,14689.404,202506,deployment,"{""type"":""Polygon"",""coordinates"":[[[-122.49200878539423,37.740222453572265],[-122.49200878539423,37.730692703935524],[-122.48068938343609,37.73418109450746],[-122.48068938343609,37.74371114481922],[-122.49200878539423,37.740222453572265]]]}"
,SAN_FRANCISCO,9263761101852508160,35945.640875636556,8216.732,202506,deployment,"{""type"":""Polygon"",""coordinates"":[[[-122.49200878539423,37.730692703935524],[-122.49200878539423,37.72116170235277],[-122.48068938343609,37.72464979182411],[-122.48068938343609,37.73418109450746],[-122.49200878539423,37.730692703935524]]]}"
,SAN_FRANCISCO,9263761136212246528,35950.02957879957,8173.162,202506,deployment,"{""type"":""Polygon"",""coordinates"":[[[-122.49200878539423,37.72116170235277],[-122.49200878539423,37.71162944933207],[-122.48068938343609,37.71511723727709],[-122.48068938343609,37.72464979182411],[-122.49200878539423,37.72116170235277]]]}"
,SAN_FRANCISCO,9263761170571984896,73327.62257366205,19391.758,202506,deployment,"{""type"":""Polygon"",""coordinates"":[[[-122.48068938343609,37.72464979182411],[-122.48068938343609,37.71511723727709],[-122.46936875411905,37.71860399275889],[-122.46936875411905,37.728136848601714],[-122.48068938343609,37.72464979182411]]]}"
,SAN_FRANCISCO,9263761204931723264,166392.93106419328,36133.338,202506,deployment,"{""type"":""Polygon"",""coordinates"":[[[-122.48068938343609,37.73418109450746],[-122.48068938343609,37.72464979182411],[-122.46936875411905,37.728136848601714],[-122.46936875411905,37.73766845215527],[-122.48068938343609,37.73418109450746]]]}"
,SAN_FRANCISCO,9263761239291461632,89856.4356569487,18124.322,202506,deployment,"{""type"":""Polygon"",""coordinates"":[[[-122.46936875411905,37.73766845215527],[-122.46936875411905,37.728136848601714],[-122.45804689847544,37.73162287209911],[-122.45804689847544,37.74115477629255],[-122.46936875411905,37.73766845215527]]]}"
,SAN_FRANCISCO,9263761273651200000,45281.61068519959,10974.69,202506,deployment,"{""type"":""Polygon"",""coordinates"":[[[-122.46936875411905,37.728136848601714],[-122.46936875411905,37.71860399275889],[-122.45804689847544,37.722089715190904],[-122.45804689847544,37.73162287209911],[-122.46936875411905,37.728136848601714]]]}"
,SAN_FRANCISCO,9263761308010938368,65447.101020023656,15371.579,202506,deployment,"{""type"":""Polygon"",""coordinates"":[[[-122.45804689847544,37.73162287209911],[-122.45804689847544,37.722089715190904],[-122.44672381753844,37.72557440398694],[-122.44672381753844,37.73510786173015],[-122.45804689847544,37.73162287209911]]]}"
,SAN_FRANCISCO,9263761342370676736,52870.123313919634,11384.281,202506,deployment,"{""type"":""Polygon"",""coordinates"":[[[-122.45804689847544,37.74115477629255],[-122.45804689847544,37.73162287209911],[-122.44672381753844,37.73510786173015],[-122.44672381753844,37.74464006633321],[-122.45804689847544,37.74115477629255]]]}"
,SAN_FRANCISCO,9263761376730415104,206832.30273806033,43241.926,202506,deployment,"{""type"":""Polygon"",""coordinates"":[[[-122.45804689847544,37.7506854272635],[-122.45804689847544,37.74115477629255],[-122.44672381753844,37.74464006633321],[-122.44672381753844,37.75417101728849],[-122.45804689847544,37.7506854272635]]]}"
,SAN_FRANCISCO,9263761411090153472,156094.9686837813,33686.012,202506,deployment,"{""type"":""Polygon"",""coordinates"":[[[-122.46936875411905,37.74719880291174],[-122.46936875411905,37.73766845215527],[-122.45804689847544,37.74115477629255],[-122.45804689847544,37.7506854272635],[-122.46936875411905,37.74719880291174]]]}"
,SAN_FRANCISCO,9263761445449891840,117737.04197271219,27499.694,202506,deployment,"{""type"":""Polygon"",""coordinates"":[[[-122.46936875411905,37.75672790036379],[-122.46936875411905,37.74719880291174],[-122.45804689847544,37.7506854272635],[-122.45804689847544,37.76021482450475],[-122.46936875411905,37.75672790036379]]]}"
,SAN_FRANCISCO,9263761479809630208,91418.75524791876,23432.644,202506,deployment,"{""type"":""Polygon"",""coordinates"":[[[-122.45804689847544,37.76021482450475],[-122.45804689847544,37.7506854272635],[-122.44672381753844,37.75417101728849],[-122.44672381753844,37.7637007140889],[-122.45804689847544,37.76021482450475]]]}"
,SAN_FRANCISCO,9263761514169368576,437790.4367856396,98664.951,202506,deployment,"{""type"":""Polygon"",""coordinates"":[[[-122.44672381753844,37.7637007140889],[-122.44672381753844,37.75417101728849],[-122.4353995123419,37.75765557240103],[-122.4353995123419,37.76718556853062],[-122.44672381753844,37.7637007140889]]]}"
,SAN_FRANCISCO,9263761548529106944,312041.8637835392,67054.137,202506,deployment,"{""type"":""Polygon"",""coordinates"":[[[-122.44672381753844,37.75417101728849],[-122.44672381753844,37.74464006633321],[-122.4353995123419,37.7481243216915],[-122.4353995123419,37.75765557240103],[-122.44672381753844,37.75417101728849]]]}"
,SAN_FRANCISCO,9263761582888845312,228951.47941058222,50715.314,202506,deployment,"{""type"":""Polygon"",""coordinates"":[[[-122.4353995123419,37.75765557240103],[-122.4353995123419,37.7481243216915],[-122.42407398392056,37.75160754178196],[-122.42407398392056,37.76113909201574],[-122.4353995123419,37.75765557240103]]]}"
,SAN_FRANCISCO,9263761617248583680,781567.278561336,160663.189,202506,deployment,"{""type"":""Polygon"",""coordinates"":[[[-122.4353995123419,37.76718556853062],[-122.4353995123419,37.75765557240103],[-122.42407398392056,37.76113909201574],[-122.42407398392056,37.77066938724461],[-122.4353995123419,37.76718556853062]]]}"
,SAN_FRANCISCO,9263761651608322048,1077719.9969011052,205043.051,202506,deployment,"{""type"":""Polygon"",""coordinates"":[[[-122.42407398392056,37.77066938724461],[-122.42407398392056,37.76113909201574],[-122.41274723330986,37.76462157554756],[-122.41274723330986,37.77415216964588],[-122.42407398392056,37.77066938724461]]]}"
,SAN_FRANCISCO,9263761685968060416,824063.2621717624,191331.416,202506,deployment,"{""type"":""Polygon"",""coordinates"":[[[-122.41274723330986,37.77415216964588],[-122.41274723330986,37.76462157554756],[-122.40141926154602,37.76810302241174],[-122.40141926154602,37.77763391514975],[-122.41274723330986,37.77415216964588]]]}"
,SAN_FRANCISCO,9263761720327798784,538737.3700866238,109115.315,202506,deployment,"{""type"":""Polygon"",""coordinates"":[[[-122.41274723330986,37.76462157554756],[-122.41274723330986,37.75508972601948],[-122.40141926154602,37.75857087381922],[-122.40141926154602,37.76810302241174],[-122.41274723330986,37.76462157554756]]]}"
,SAN_FRANCISCO,9263761754687537152,540855.490734204,107546.303,202506,deployment,"{""type"":""Polygon"",""coordinates"":[[[-122.42407398392056,37.76113909201574],[-122.42407398392056,37.75160754178196],[-122.41274723330986,37.75508972601948],[-122.41274723330986,37.76462157554756],[-122.42407398392056,37.76113909201574]]]}"
,SAN_FRANCISCO,9263761789047275520,446446.2827887746,92577.632,202506,deployment,"{""type"":""Polygon"",""coordinates"":[[[-122.42407398392056,37.75160754178196],[-122.42407398392056,37.74207473705015],[-122.41274723330986,37.7455566215684],[-122.41274723330986,37.75508972601948],[-122.42407398392056,37.75160754178196]]]}"
,SAN_FRANCISCO,9263761823407013888,535954.0979627654,102037.732,202506,deployment,"{""type"":""Polygon"",""coordinates"":[[[-122.41274723330986,37.75508972601948],[-122.41274723330986,37.7455566215684],[-122.40141926154602,37.74903746987886],[-122.40141926154602,37.75857087381922],[-122.41274723330986,37.75508972601948]]]}"
,SAN_FRANCISCO,9263761857766752256,314401.9263729901,58137.12,202506,deployment,"{""type"":""Polygon"",""coordinates"":[[[-122.41274723330986,37.7455566215684],[-122.41274723330986,37.736022262701674],[-122.40141926154602,37.739502811097886],[-122.40141926154602,37.74903746987886],[-122.41274723330986,37.7455566215684]]]}"
,SAN_FRANCISCO,9263761892126490624,98177.56531549671,21010.559,202506,deployment,"{""type"":""Polygon"",""coordinates"":[[[-122.42407398392056,37.74207473705015],[-122.42407398392056,37.73254067832776],[-122.41274723330986,37.736022262701674],[-122.41274723330986,37.7455566215684],[-122.42407398392056,37.74207473705015]]]}"
,SAN_FRANCISCO,9263761926486228992,311675.3899894523,65143.927,202506,deployment,"{""type"":""Polygon"",""coordinates"":[[[-122.4353995123419,37.738591816909],[-122.4353995123419,37.72905805856108],[-122.42407398392056,37.73254067832776],[-122.42407398392056,37.74207473705015],[-122.4353995123419,37.738591816909]]]}"
,SAN_FRANCISCO,9263761960845967360,193093.41493980226,41646.933,202506,deployment,"{""type"":""Polygon"",""coordinates"":[[[-122.4353995123419,37.7481243216915],[-122.4353995123419,37.738591816909],[-122.42407398392056,37.74207473705015],[-122.42407398392056,37.75160754178196],[-122.4353995123419,37.7481243216915]]]}"
,SAN_FRANCISCO,9263761995205705728,106457.16511885881,24593.279,202506,deployment,"{""type"":""Polygon"",""coordinates"":[[[-122.44672381753844,37.74464006633321],[-122.44672381753844,37.73510786173015],[-122.4353995123419,37.738591816909],[-122.4353995123419,37.7481243216915],[-122.44672381753844,37.74464006633321]]]}"
,SAN_FRANCISCO,9263762029565444096,150540.79625539787,33751.816,202506,deployment,"{""type"":""Polygon"",""coordinates"":[[[-122.44672381753844,37.73510786173015],[-122.44672381753844,37.72557440398694],[-122.4353995123419,37.72905805856108],[-122.4353995123419,37.738591816909],[-122.44672381753844,37.73510786173015]]]}"
,SAN_FRANCISCO,9263762063925182464,149455.5946377213,32060.693,202506,deployment,"{""type"":""Polygon"",""coordinates"":[[[-122.44672381753844,37.72557440398694],[-122.44672381753844,37.716039693611755],[-122.4353995123419,37.7195230471558],[-122.4353995123419,37.72905805856108],[-122.44672381753844,37.72557440398694]]]}"
,SAN_FRANCISCO,9263762098284920832,107919.93008351164,22717.796,202506,deployment,"{""type"":""Polygon"",""coordinates"":[[[-122.4353995123419,37.72905805856108],[-122.4353995123419,37.7195230471558],[-122.42407398392056,37.72300536612271],[-122.42407398392056,37.73254067832776],[-122.4353995123419,37.72905805856108]]]}"
,SAN_FRANCISCO,9263762132644659200,45773.89245606035,7995.665,202506,deployment,"{""type"":""Polygon"",""coordinates"":[[[-122.4353995123419,37.7195230471558],[-122.4353995123419,37.709986783201735],[-122.42407398392056,37.71346880094351],[-122.42407398392056,37.72300536612271],[-122.4353995123419,37.7195230471558]]]}"
,SAN_FRANCISCO,9263762167004397568,82909.00357111843,16733.686,202506,deployment,"{""type"":""Polygon"",""coordinates"":[[[-122.44672381753844,37.716039693611755],[-122.44672381753844,37.70650373111326],[-122.4353995123419,37.709986783201735],[-122.4353995123419,37.7195230471558],[-122.44672381753844,37.716039693611755]]]}"
,SAN_FRANCISCO,9263762304443351040,19067.30810265577,4249.945,202506,deployment,"{""type"":""Polygon"",""coordinates"":[[[-122.4353995123419,37.709986783201735],[-122.4353995123419,37.70044926720799],[-122.42407398392056,37.70393098329916],[-122.42407398392056,37.71346880094351],[-122.4353995123419,37.709986783201735]]]}"
,SAN_FRANCISCO,9263762338803089408,24268.567662479676,3768.848,202506,deployment,"{""type"":""Polygon"",""coordinates"":[[[-122.42407398392056,37.71346880094351],[-122.42407398392056,37.70393098329916],[-122.41274723330986,37.7074116646887],[-122.41274723330986,37.71694978375318],[-122.42407398392056,37.71346880094351]]]}"
,SAN_FRANCISCO,9263762407522566144,6609.636639546192,1863.092,202506,deployment,"{""type"":""Polygon"",""coordinates"":[[[-122.41274723330986,37.7074116646887],[-122.41274723330986,37.69787229324313],[-122.40141926154602,37.70135163773079],[-122.40141926154602,37.71089131079144],[-122.41274723330986,37.7074116646887]]]}"
,SAN_FRANCISCO,9263762441882304512,15923.564131537534,3491.236,202506,deployment,"{""type"":""Polygon"",""coordinates"":[[[-122.41274723330986,37.71694978375318],[-122.41274723330986,37.7074116646887],[-122.40141926154602,37.71089131079144],[-122.40141926154602,37.72042973104564],[-122.41274723330986,37.71694978375318]]]}"
,SAN_FRANCISCO,9263762476242042880,57867.31053523222,10835.972,202506,deployment,"{""type"":""Polygon"",""coordinates"":[[[-122.41274723330986,37.726486649927146],[-122.41274723330986,37.71694978375318],[-122.40141926154602,37.72042973104564],[-122.40141926154602,37.729966897984056],[-122.41274723330986,37.726486649927146]]]}"
,SAN_FRANCISCO,9263762510601781248,16011.651459926368,2983.241,202506,deployment,"{""type"":""Polygon"",""coordinates"":[[[-122.42407398392056,37.72300536612271],[-122.42407398392056,37.71346880094351],[-122.41274723330986,37.71694978375318],[-122.41274723330986,37.726486649927146],[-122.42407398392056,37.72300536612271]]]}"
,SAN_FRANCISCO,9263762544961519616,144089.38696168634,33035.977,202506,deployment,"{""type"":""Polygon"",""coordinates"":[[[-122.42407398392056,37.73254067832776],[-122.42407398392056,37.72300536612271],[-122.41274723330986,37.726486649927146],[-122.41274723330986,37.736022262701674],[-122.42407398392056,37.73254067832776]]]}"
,SAN_FRANCISCO,9263762579321257984,167348.79158585722,34516.176,202506,deployment,"{""type"":""Polygon"",""coordinates"":[[[-122.41274723330986,37.736022262701674],[-122.41274723330986,37.726486649927146],[-122.40141926154602,37.729966897984056],[-122.40141926154602,37.739502811097886],[-122.41274723330986,37.736022262701674]]]}"
,SAN_FRANCISCO,9263762613680996352,118911.83116115,21214.683,202506,deployment,"{""type"":""Polygon"",""coordinates"":[[[-122.40141926154602,37.739502811097886],[-122.40141926154602,37.729966897984056],[-122.39009006966613,37.733446109708744],[-122.39009006966613,37.74298232293175],[-122.40141926154602,37.739502811097886]]]}"
,SAN_FRANCISCO,9263762648040734720,18902.841062666863,4144.113,202506,deployment,"{""type"":""Polygon"",""coordinates"":[[[-122.39009006966613,37.74298232293175],[-122.39009006966613,37.733446109708744],[-122.37875965870796,37.73692428451682],[-122.37875965870796,37.746460797618944],[-122.39009006966613,37.74298232293175]]]}"
,SAN_FRANCISCO,9263762682400473088,23853.979079632696,4963.716,202506,deployment,"{""type"":""Polygon"",""coordinates"":[[[-122.39009006966613,37.733446109708744],[-122.39009006966613,37.723908642236104],[-122.37875965870796,37.72738651674011],[-122.37875965870796,37.73692428451682],[-122.39009006966613,37.733446109708744]]]}"
,SAN_FRANCISCO,9263762716760211456,49735.898000450456,8198.493,202506,deployment,"{""type"":""Polygon"",""coordinates"":[[[-122.40141926154602,37.729966897984056],[-122.40141926154602,37.72042973104564],[-122.39009006966613,37.723908642236104],[-122.39009006966613,37.733446109708744],[-122.40141926154602,37.729966897984056]]]}"
,SAN_FRANCISCO,9263762751119949824,31794.923027026583,5756.556,202506,deployment,"{""type"":""Polygon"",""coordinates"":[[[-122.40141926154602,37.72042973104564],[-122.40141926154602,37.71089131079144],[-122.39009006966613,37.71436992102252],[-122.39009006966613,37.723908642236104],[-122.40141926154602,37.72042973104564]]]}"
,SAN_FRANCISCO,9263762785479688192,3069.203208307967,920.577,202506,deployment,"{""type"":""Polygon"",""coordinates"":[[[-122.40141926154602,37.71089131079144],[-122.40141926154602,37.70135163773079],[-122.39009006966613,37.704829946577235],[-122.39009006966613,37.71436992102252],[-122.40141926154602,37.71089131079144]]]}"
,SAN_FRANCISCO,9263762819839426560,1626.4123842884444,412.143,202506,deployment,"{""type"":""Polygon"",""coordinates"":[[[-122.39009006966613,37.71436992102252],[-122.39009006966613,37.704829946577235],[-122.37875965870796,37.70830721919787],[-122.37875965870796,37.71784749479742],[-122.39009006966613,37.71436992102252]]]}"
,SAN_FRANCISCO,9263762854199164928,7609.72168479769,1471.244,202506,deployment,"{""type"":""Polygon"",""coordinates"":[[[-122.39009006966613,37.723908642236104],[-122.39009006966613,37.71436992102252],[-122.37875965870796,37.71784749479742],[-122.37875965870796,37.72738651674011],[-122.39009006966613,37.723908642236104]]]}"
,SAN_FRANCISCO,9263762888558903296,2344.019895204103,607.55,202506,deployment,"{""type"":""Polygon"",""coordinates"":[[[-122.37875965870796,37.72738651674011],[-122.37875965870796,37.71784749479742],[-122.36742802971013,37.7213240315319],[-122.36742802971013,37.730863353973504],[-122.37875965870796,37.72738651674011]]]}"
,SAN_FRANCISCO,9263763060357595136,5184.970792473315,1125.675,202506,deployment,"{""type"":""Polygon"",""coordinates"":[[[-122.37875965870796,37.73692428451682],[-122.37875965870796,37.72738651674011],[-122.36742802971013,37.730863353973504],[-122.36742802971013,37.74040142182418],[-122.37875965870796,37.73692428451682]]]}"
,SAN_FRANCISCO,9263763094717333504,212.5008572315995,38.565,202506,deployment,"{""type"":""Polygon"",""coordinates"":[[[-122.37875965870796,37.746460797618944],[-122.37875965870796,37.73692428451682],[-122.36742802971013,37.74040142182418],[-122.36742802971013,37.74993823457547],[-122.37875965870796,37.746460797618944]]]}"
,SAN_FRANCISCO,9263763300875763712,20986.852674683636,5134.686,202506,deployment,"{""type"":""Polygon"",""coordinates"":[[[-122.39009006966613,37.75251728139695],[-122.39009006966613,37.74298232293175],[-122.37875965870796,37.746460797618944],[-122.37875965870796,37.75599605553843],[-122.39009006966613,37.75251728139695]]]}"
,SAN_FRANCISCO,9263763335235502080,595355.9545471392,113488.803,202506,deployment,"{""type"":""Polygon"",""coordinates"":[[[-122.40141926154602,37.74903746987886],[-122.40141926154602,37.739502811097886],[-122.39009006966613,37.74298232293175],[-122.39009006966613,37.75251728139695],[-122.40141926154602,37.74903746987886]]]}"
,SAN_FRANCISCO,9263763369595240448,278432.3771513305,66753.815,202506,deployment,"{""type"":""Polygon"",""coordinates"":[[[-122.40141926154602,37.75857087381922],[-122.40141926154602,37.74903746987886],[-122.39009006966613,37.75251728139695],[-122.39009006966613,37.76205098459669],[-122.40141926154602,37.75857087381922]]]}"
,SAN_FRANCISCO,9263763403954978816,84933.49669216147,17832.439,202506,deployment,"{""type"":""Polygon"",""coordinates"":[[[-122.39009006966613,37.76205098459669],[-122.39009006966613,37.75251728139695],[-122.37875965870796,37.75599605553843],[-122.37875965870796,37.76553005776772],[-122.39009006966613,37.76205098459669]]]}"
,SAN_FRANCISCO,9263763438314717184,100393.8227846676,25120.895,202506,deployment,"{""type"":""Polygon"",""coordinates"":[[[-122.39009006966613,37.77158343202387],[-122.39009006966613,37.76205098459669],[-122.37875965870796,37.76553005776772],[-122.37875965870796,37.77506280379982],[-122.39009006966613,37.77158343202387]]]}"
,SAN_FRANCISCO,9263763472674455552,462162.6919726148,102232.549,202506,deployment,"{""type"":""Polygon"",""coordinates"":[[[-122.40141926154602,37.76810302241174],[-122.40141926154602,37.75857087381922],[-122.39009006966613,37.76205098459669],[-122.39009006966613,37.77158343202387],[-122.40141926154602,37.76810302241174]]]}"
,SAN_FRANCISCO,9263763507034193920,620189.926408458,191407.578,202506,deployment,"{""type"":""Polygon"",""coordinates"":[[[-122.40141926154602,37.77763391514975],[-122.40141926154602,37.76810302241174],[-122.39009006966613,37.77158343202387],[-122.39009006966613,37.78111462317189],[-122.40141926154602,37.77763391514975]]]}"
,SAN_FRANCISCO,9263763541393932288,34107.67255320242,7484.381,202506,deployment,"{""type"":""Polygon"",""coordinates"":[[[-122.39009006966613,37.78111462317189],[-122.39009006966613,37.77158343202387],[-122.37875965870796,37.77506280379982],[-122.37875965870796,37.78459429312823],[-122.39009006966613,37.78111462317189]]]}"
