S2 Cell,state_name,county_name,Waymo RO Miles
9260949341382639616,California,San Francisco,461117.0816963517
9260949375742377984,California,San Francisco,1494703.9059492843
9260949410102116352,California,San Francisco,12596.804323233513
9260949444461854720,California,San Francisco,477918.6877173543
9260949478821593088,California,San Francisco,1438498.864368424
9260949513181331456,California,San Francisco,1581341.527754788
9260949547541069824,California,San Francisco,2225951.373621335
9260949581900808192,California,San Francisco,2891180.5655865665
9260949616260546560,California,San Francisco,2479887.7192492005
9260949650620284928,California,San Francisco,1362237.6679033872
9260949684980023296,California,San Francisco,1354630.6787756835
9260949719339761664,California,San Francisco,1079318.7901403834
9260949753699500032,California,San Francisco,1652798.9352881794
9260949788059238400,California,San Francisco,1900069.6262375019
9260949822418976768,California,San Francisco,1537306.6762641594
9260949856778715136,California,San Francisco,782915.5756699741
9260949891138453504,California,San Francisco,1075545.3867362633
9260949925498191872,California,San Francisco,1293343.7236331312
9260949959857930240,California,San Francisco,2059510.2413046598
9260949994217668608,California,San Francisco,1528652.3080121481
9260950028577406976,California,San Francisco,601906.3410545671
9260950234735837184,California,San Francisco,144798.55880420798
9260956453848481792,California,San Francisco,224029.12977188503
9260956488208220160,California,San Francisco,311993.6328688009
9260956660006912000,California,San Francisco,274715.5596120932
9260956694366650368,California,San Francisco,356577.42960150796
9260956728726388736,California,San Francisco,424972.0297582562
9260956763086127104,California,San Francisco,118938.69002410265
9260956797445865472,California,San Francisco,127848.42971757188
9260956831805603840,California,San Francisco,354918.62098198844
9260956866165342208,California,San Francisco,944501.8271512066
9260956900525080576,California,San Francisco,644282.4797078753
9260956934884818944,California,San Francisco,429107.61633384123
9260956969244557312,California,San Francisco,1212377.46769256
9260957003604295680,California,San Francisco,862198.0639875045
9260957037964034048,California,San Francisco,858410.1044495631
9260957072323772416,California,San Francisco,427727.7386247596
9260957106683510784,California,San Francisco,893062.397747576
9260957141043249152,California,San Francisco,285743.2983729308
9260957175402987520,California,San Francisco,183753.67907939552
9260957209762725888,California,San Francisco,161792.56342725357
9260957244122464256,California,San Francisco,60471.21953139321
9260957278482202624,California,San Francisco,104043.06676724645
9260957312841940992,California,San Francisco,272347.87611327216
9260957347201679360,California,San Francisco,219925.94584107448
9260957381561417728,California,San Francisco,142318.25198720826
9260957415921156096,California,San Francisco,77582.87860036448
9260957450280894464,California,San Francisco,83677.26394769968
9263395892193394688,California,Santa Clara,7.669469616051042
9263396682467377152,California,Santa Clara,37.436080359602116
9263396785546592256,California,Santa Clara,7.4373464200073895
9263397300942667776,California,Santa Clara,1.2101283924554076
9263397335302406144,California,Santa Clara,15.187281114285062
9263397369662144512,California,Santa Clara,180.02209490125207
9263397404021882880,California,Santa Clara,57.18931658335375
9263397610180313088,California,Santa Clara,234.35565276020006
9263397644540051456,California,Santa Clara,390.9904293264924
9263397713259528192,California,Santa Clara,165.67356984361393
9263397747619266560,California,Santa Clara,910.4842157235857
9263397781979004928,California,Santa Clara,1245.1712349817883
9263397816338743296,California,Santa Clara,417.336510219614
9263397850698481664,California,Santa Clara,611.2467944006289
9263397885058220032,California,Santa Clara,1102.7989817750374
9263397919417958400,California,Santa Clara,730.1681366184285
9263397953777696768,California,Santa Clara,595.5812024386473
9263397988137435136,California,Santa Clara,248.94670903740706
9263398022497173504,California,Santa Clara,298.2984706366713
9263398056856911872,California,Santa Clara,464.85535465162593
9263398091216650240,California,Santa Clara,286.8010171268991
9263398125576388608,California,Santa Clara,640.580475715482
9263398194295865344,California,Santa Clara,105.88460758777404
9263398228655603712,California,Santa Clara,674.0463741676838
9263398263015342080,California,Santa Clara,103.37046793951136
9263398297375080448,California,Santa Clara,6.78933541903481
9263398331734818816,California,Santa Clara,57.45217963189727
9263398366094557184,California,Santa Clara,439.53689575688173
9263398400454295552,California,Santa Clara,289.2776039923101
9263398434814033920,California,Santa Clara,259.9784501781622
9263398469173772288,California,Santa Clara,152.9863269302783
9263398503533510656,California,Santa Clara,128.91469699121168
9263398537893249024,California,Santa Clara,47.311268814213115
9263398572252987392,California,Santa Clara,97.7603325430607
9263398606612725760,California,Santa Clara,176.97795882702107
9263398640972464128,California,Santa Clara,57.191459808555926
9263398709691940864,California,Santa Clara,81.18845961387267
9263398744051679232,California,Santa Clara,26.865607243089695
9263398915850371072,California,Santa Clara,6.109218398710194
9263398950210109440,California,Santa Clara,80.89314963842546
9263398984569847808,California,Santa Clara,57.39574606128016
9263399018929586176,California,Santa Clara,529.443773916056
9263399053289324544,California,Santa Clara,611.0418912345228
9263399087649062912,California,Santa Clara,352.314949502409
9263399122008801280,California,Santa Clara,319.4046536748392
9263399190728278016,California,Santa Clara,675.2985981445619
9263399225088016384,California,Santa Clara,281.88941714697467
9263399259447754752,California,Santa Clara,193.40213433501228
9263399328167231488,California,Santa Clara,314.823560073094
9263399362526969856,California,Santa Clara,333.62111329555995
9263399396886708224,California,Santa Clara,436.66269516104217
9263399431246446592,California,Santa Clara,732.8362765163056
9263399465606184960,California,Santa Clara,1040.9806365540946
9263399499965923328,California,Santa Clara,754.3921336955183
9263399534325661696,California,Santa Clara,144.75492097521385
9263399568685400064,California,Santa Clara,227.11497158472855
9263399603045138432,California,Santa Clara,684.7662613327308
9263399637404876800,California,Santa Clara,60.31193929949109
9263399671764615168,California,Santa Clara,305.6623750097741
9263399706124353536,California,Santa Clara,200.3563148575724
9263399740484091904,California,Santa Clara,793.5890523183169
9263399774843830272,California,Santa Clara,370.35970928209383
9263399809203568640,California,Santa Clara,59.733188678216386
9263399843563307008,California,Santa Clara,147.0453101731667
9263399877923045376,California,Santa Clara,1141.0567169575118
9263399912282783744,California,Santa Clara,641.5863065972916
9263399946642522112,California,Santa Clara,565.4307792445559
9263399981002260480,California,Santa Clara,1595.2565928745607
9263400015361998848,California,Santa Clara,1376.6198534373473
9263400049721737216,California,Santa Clara,475.3344696791372
9263400084081475584,California,Santa Clara,392.7062499441378
9263400118441213952,California,Santa Clara,239.7744312926851
9263400152800952320,California,Santa Clara,113.82437794895384
9263400187160690688,California,Santa Clara,107.61410160526022
9263400221520429056,California,Santa Clara,108.82554228780498
9263400255880167424,California,Santa Clara,41.10735571035892
9263400462038597632,California,Santa Clara,44.40895542619772
9263400496398336000,California,Santa Clara,128.19017034462703
9263400530758074368,California,Santa Clara,64.90114200621295
9263400565117812736,California,Santa Clara,11.030857960134576
9263423517423042560,California,Santa Clara,17.484755031069945
9263423551782780928,California,Santa Clara,139.16856225408205
9263423586142519296,California,Santa Clara,386.734223200249
9263423620502257664,California,Santa Clara,141.85022934102759
9263423654861996032,California,Santa Clara,2.240761197015173
9263424135898333184,California,Santa Clara,97.17218619260659
9263424204617809920,California,Santa Clara,4.490192409116009
9263752168320532480,California,San Mateo,10323.961986779053
9263752202680270848,California,San Mateo,10958.864219959898
9263752580637392896,California,San Mateo,15572.493154407837
9263752614997131264,California,San Mateo,10822.792268320904
9263752649356869632,California,San Mateo,3455.178451815294
9263752683716608000,California,San Mateo,2230.768662370316
9263752718076346368,California,San Mateo,3806.0931119496036
9263752786795823104,California,San Mateo,2833.2828578355516
9263752821155561472,California,San Mateo,23788.902645497536
9263752855515299840,California,San Mateo,87954.51130555483
9263752889875038208,California,San Mateo,32192.948173746958
9263752924234776576,California,San Mateo,87961.53493671991
9263752958594514944,California,San Mateo,22328.131394334494
9263752992954253312,California,San Mateo,2876.9422066569655
9263753027313991680,California,San Mateo,24059.15315262963
9263753061673730048,California,San Mateo,16396.988164020757
9263753096033468416,California,San Mateo,15663.301910765987
9263753783228235776,California,San Mateo,11341.20714972612
9263753817587974144,California,San Mateo,10592.085059761714
9263753851947712512,California,San Mateo,5092.001852185642
9263753886307450880,California,San Mateo,16563.082591623002
9263754092465881088,California,San Mateo,12431.020178711347
9263754229904834560,California,San Mateo,11788.694822919082
9263754264264572928,California,San Mateo,12853.55892528507
9263754298624311296,California,San Mateo,59146.33268793887
9263754332984049664,California,San Mateo,103712.58705718479
9263754470423003136,California,San Mateo,69539.31569066981
9263754504782741504,California,San Mateo,98841.4456475865
9263754539142479872,California,San Mateo,16398.91544129091
9263754573502218240,California,San Mateo,113338.79485304696
9263754607861956608,California,San Mateo,36894.468059631094
9263754642221694976,California,San Mateo,2801.4814062763485
9263754676581433344,California,San Mateo,24346.679300486157
9263754710941171712,California,San Mateo,1295.356005039594
9263755088898293760,California,San Mateo,12211.298377414068
9263755123258032128,California,San Mateo,3427.102477314481
9263755191977508864,California,San Mateo,5965.065387112369
9263755226337247232,California,San Mateo,19368.694035372293
9263755260696985600,California,San Mateo,21466.93102491769
9263755295056723968,California,San Mateo,5403.388500684082
9263755363776200704,California,San Mateo,67.33924959876465
9263755844812537856,California,San Mateo,53170.11315931625
9263755879172276224,California,San Mateo,37017.768148798736
9263755913532014592,California,San Mateo,22259.604071870315
9263755947891752960,California,San Mateo,11410.585789104212
9263755982251491328,California,San Mateo,84588.5840931494
9263756016611229696,California,San Mateo,20322.621773501323
9263756050970968064,California,San Mateo,7846.264868943602
9263756085330706432,California,San Mateo,16067.409622377867
9263756119690444800,California,San Mateo,981.7890408846689
9263756154050183168,California,San Mateo,21299.753134885956
9263756188409921536,California,San Mateo,61035.11752578284
9263756222769659904,California,San Mateo,7981.717396330602
9263756428928090112,California,San Mateo,42678.650437265234
9263756463287828480,California,San Mateo,34677.58977066643
9263756497647566848,California,San Mateo,47857.403482056965
9263756532007305216,California,San Mateo,51039.226346561256
9263756566367043584,California,San Mateo,21567.122312147978
9263756600726781952,California,San Mateo,35709.590149146396
9263756635086520320,California,San Mateo,40310.49154412458
9263756669446258688,California,San Mateo,64224.07290619063
9263756703805997056,California,San Mateo,22653.738089701033
9263756738165735424,California,San Mateo,87297.51233579431
9263756772525473792,California,San Mateo,61505.43251104931
9263756806885212160,California,San Mateo,54463.722044457034
9263756841244950528,California,San Mateo,103892.40853444903
9263756875604688896,California,San Mateo,50487.92763929926
9263756909964427264,California,San Mateo,47531.930971274414
9263756944324165632,California,San Mateo,108403.18337485119
9263756978683904000,California,San Mateo,36382.719380557086
9263757013043642368,California,San Mateo,45001.02978850726
9263757047403380736,California,San Mateo,18829.565966151393
9263757081763119104,California,San Mateo,9503.335473889902
9263757219202072576,California,San Mateo,6050.895700006932
9263757253561810944,California,San Mateo,10532.006557180386
9263757287921549312,California,San Mateo,34505.90814807574
9263757322281287680,California,San Mateo,11194.809449374536
9263758765390299136,California,San Mateo,6283.781797782696
9263758799750037504,California,San Mateo,64603.4848939041
9263758834109775872,California,San Mateo,16611.12704880124
9263758868469514240,California,San Mateo,44.349305434785784
9263758971548729344,California,San Mateo,5536.6961333056415
9263759005908467712,California,San Mateo,8189.880430519834
9263759040268206080,California,San Mateo,34353.89026766825
9263759074627944448,California,San Mateo,8769.564184420511
9263759108987682816,California,San Mateo,49682.80912430455
9263759143347421184,California,San Mateo,54511.71647416071
9263759177707159552,California,San Mateo,72760.01494364292
9263759212066897920,California,San Mateo,72411.99525815604
9263759246426636288,California,San Mateo,110376.15765390666
9263759315146113024,California,San Mateo,21440.69631774339
9263759349505851392,California,San Mateo,158869.75421643635
9263759383865589760,California,San Mateo,172187.83800038163
9263759418225328128,California,San Mateo,38478.46688611157
9263759452585066496,California,San Francisco / San Mateo,316300.0213737406
9263759486944804864,California,San Francisco,159583.09175945926
9263759521304543232,California,San Francisco,134866.84523984668
9263759555664281600,California,San Francisco / San Mateo,285756.87106210086
9263759590024019968,California,San Francisco / San Mateo,120356.74277637636
9263759624383758336,California,San Francisco,128285.01256173346
9263759658743496704,California,San Francisco,50049.64286118296
9263759693103235072,California,San Mateo,89384.24807839817
9263759727462973440,California,San Mateo,23757.397122829716
9263759761822711808,California,San Mateo,97959.8332123755
9263759796182450176,California,San Mateo,100922.00184169912
9263759830542188544,California,San Mateo,19891.692442346404
9263759899261665280,California,San Mateo,6608.402273243927
9263760345938264064,California,San Mateo,25361.52723219594
9263760380298002432,California,San Mateo,4142.660675432852
9263760449017479168,California,San Francisco,28582.22502438221
9263760826974601216,California,San Francisco,47312.19170391616
9263760861334339584,California,San Francisco,5572.430667348386
9263760895694077952,California,San Francisco,171539.42213753815
9263760930053816320,California,San Francisco,148549.21877286586
9263760964413554688,California,San Francisco,140950.09114107655
9263760998773293056,California,San Francisco,288855.4530471573
9263761033133031424,California,San Francisco,311227.49538254424
9263761067492769792,California,San Francisco,194774.02494729336
9263761101852508160,California,San Francisco,108090.22217532806
9263761136212246528,California,San Francisco,106617.95276434331
9263761170571984896,California,San Francisco,205976.12028516954
9263761204931723264,California,San Francisco,412548.05294470873
9263761239291461632,California,San Francisco,219803.1537940731
9263761273651200000,California,San Francisco,126686.06002080782
9263761308010938368,California,San Francisco,171326.66041248807
9263761342370676736,California,San Francisco,127211.3559769539
9263761376730415104,California,San Francisco,463412.03985005635
9263761411090153472,California,San Francisco,354605.3042965246
9263761445449891840,California,San Francisco,256384.82999035314
9263761479809630208,California,San Francisco,204145.17118340355
9263761514169368576,California,San Francisco,968129.8538201019
9263761548529106944,California,San Francisco,684524.6692356865
9263761582888845312,California,San Francisco,479674.3526735569
9263761617248583680,California,San Francisco,1735911.652044662
9263761651608322048,California,San Francisco,2555406.457134137
9263761685968060416,California,San Francisco,1880598.1283369472
9263761720327798784,California,San Francisco,1178032.3771866662
9263761754687537152,California,San Francisco,1153983.2403541382
9263761789047275520,California,San Francisco,975409.4540269948
9263761823407013888,California,San Francisco,1119440.8762192668
9263761857766752256,California,San Francisco,806808.9854686541
9263761892126490624,California,San Francisco,232062.93185469322
9263761926486228992,California,San Francisco,778562.0712014585
9263761960845967360,California,San Francisco,399046.3028339751
9263761995205705728,California,San Francisco,260679.12841809556
9263762029565444096,California,San Francisco,426730.3510443969
9263762063925182464,California,San Francisco,411361.61379732843
9263762098284920832,California,San Francisco,298933.1734729263
9263762132644659200,California,San Francisco,108784.85633876814
9263762167004397568,California,San Francisco,196473.58536150982
9263762201364135936,California,San Mateo,32174.234809835638
9263762270083612672,California,San Mateo,25769.593419831846
9263762304443351040,California,San Francisco,40485.2100741355
9263762338803089408,California,San Francisco / San Mateo,77159.56433514535
9263762373162827776,California,San Mateo,52080.98126120336
9263762407522566144,California,San Francisco / San Mateo,66543.0345783209
9263762441882304512,California,San Francisco / San Mateo,67017.80923687763
9263762476242042880,California,San Francisco,162675.32833585684
9263762510601781248,California,San Francisco,31113.608610225143
9263762544961519616,California,San Francisco,398983.273494553
9263762579321257984,California,San Francisco,469660.9513387651
9263762613680996352,California,San Francisco,246010.79954557525
9263762648040734720,California,San Francisco,41400.625371146096
9263762682400473088,California,San Francisco,56890.796270327504
9263762716760211456,California,San Francisco,121322.61747145644
9263762751119949824,California,San Francisco,122472.6764305287
9263762785479688192,California,San Francisco,18234.263423052682
9263762819839426560,California,San Francisco,3061.015640974671
9263762854199164928,California,San Francisco,12171.476027301884
9263762888558903296,California,San Francisco,6086.593029324168
9263763060357595136,California,San Francisco,13903.080647120642
9263763094717333504,California,San Francisco,790.6287650119898
9263763300875763712,California,San Francisco,44435.202096022054
9263763335235502080,California,San Francisco,1111324.9132708365
9263763369595240448,California,San Francisco,621920.0769819428
9263763403954978816,California,San Francisco,178983.93809395962
9263763438314717184,California,San Francisco,268977.989823811
9263763472674455552,California,San Francisco,973732.8481765699
9263763507034193920,California,San Francisco,1636076.2255120361
9263763541393932288,California,San Francisco,102076.47491591983
9263790719946981376,California,San Mateo,1119.8723011723168
9263790788666458112,California,San Mateo,3787.3862133182597
9263790823026196480,California,San Mateo,15521.93325545736
9263790857385934848,California,San Mateo,4409.7820000115535
9263790891745673216,California,San Mateo,2931.7375537859116
9263790926105411584,California,San Mateo,925.688320654214
9263790994824888320,California,San Mateo,3479.6604337637787
9263791097904103424,California,San Mateo,568.5764259391518
9263791338422272000,California,San Mateo,436.18342158333513
9263791372782010368,California,San Mateo,2145.582227972121
9263791407141748736,California,San Mateo,965.4155220603551
9263791441501487104,California,San Mateo,102.73554848077467
9263796183145381888,California,San Mateo,36961.72407100168
9263796423663550464,California,San Mateo,21833.90781009183
9263796492383027200,California,San Mateo,11587.318229477309
9263796526742765568,California,San Mateo,20369.189523499866
9263796561102503936,California,San Mateo,78853.57253442403
9263796595462242304,California,San Mateo,32659.132435754254
9263796629821980672,California,San Mateo,76792.39361625518
9263796664181719040,California,San Mateo,8618.848779229713
9263796698541457408,California,San Mateo,3425.9965302463
9263796732901195776,California,San Mateo,5465.585790556383
9263796767260934144,California,San Mateo,3860.8598751601558
9263796801620672512,California,San Mateo,1772.5399170108365
9263796835980410880,California,San Mateo,2940.6937818721894
9263796870340149248,California,San Mateo,8519.242280486013
9263796939059625984,California,San Mateo,1093.8373871210852
9263797007779102720,California,San Mateo,1918.7375437145847
9263797042138841088,California,San Mateo,3818.789415225092
9263797076498579456,California,San Mateo,64459.44700987044
9263797110858317824,California,San Mateo,48451.30148966686
9263797145218056192,California,San Mateo,32985.014996815065
9263797179577794560,California,San Mateo,81078.2559598782
9263797213937532928,California,San Mateo,23735.686978963473
9263797282657009664,California,San Mateo,18568.64739601805
9263797317016748032,California,San Mateo,3713.689093613349
9263797351376486400,California,San Mateo,1124.6120968094824
9263797454455701504,California,San Mateo,873.1881227272028
9263797488815439872,California,San Mateo,4180.830467511315
9263797523175178240,California,San Mateo,6133.194488398787
9263797557534916608,California,San Mateo,5082.864010033883
9263797591894654976,California,San Mateo,8210.021995512961
9263797626254393344,California,San Mateo,18157.9714373943
9263797660614131712,California,San Mateo,18731.606907360783
9263797694973870080,California,San Mateo,17370.573047315644
9263797729333608448,California,San Mateo,26286.729399765456
9263797763693346816,California,San Mateo,81060.35690675293
9263797798053085184,California,San Mateo,32174.770827499913
9263797832412823552,California,San Mateo,4916.911280696069
9263797866772561920,California,San Mateo,55467.74046257515
9263797901132300288,California,San Mateo,76637.91767637512
9263797969851777024,California,San Mateo,7190.549212991047
9263798004211515392,California,San Mateo,6529.255597386293
9263798038571253760,California,San Mateo,49079.72540137817
9263798072930992128,California,San Mateo,72448.79214141863
9263798107290730496,California,San Mateo,35007.27072466969
9263798141650468864,California,San Mateo,86389.57229875514
9263798176010207232,California,San Mateo,9730.809212100412
9263798210369945600,California,San Mateo,19731.683458619973
9263798244729683968,California,San Mateo,6369.512646481057
9263798279089422336,California,San Mateo,8862.13023663442
9263798313449160704,California,San Mateo,6886.077304015314
9263798416528375808,California,San Mateo,6668.3723261399155
9263798450888114176,California,San Mateo,9723.497805531802
9263798519607590912,California,San Mateo,3399.651123456271
9263798622686806016,California,San Mateo,6587.286291895263
9263798691406282752,California,San Mateo,7109.339589720051
9263798725766021120,California,San Mateo,4329.170144722113
9263798794485497856,California,San Mateo,5934.464381234019
9263800031436079104,California,San Mateo,6060.55980580761
9263800409393201152,California,San Mateo,815.4250387543806
9263800443752939520,California,San Mateo,5077.786915296624
9263800512472416256,California,San Mateo,893.0009279657666
9263800546832154624,California,San Mateo,1303.8007247791033
9263800581191892992,California,San Mateo,4061.3057495220505
9263800615551631360,California,San Mateo,2506.5653153994967
9263800649911369728,California,San Mateo,2598.4158157098454
9263800684271108096,California,San Mateo,6137.128180832785
9263800787350323200,California,San Mateo,4588.926397949078
9263800924789276672,California,San Mateo,2730.6144455249355
9263800959149015040,California,San Mateo,9858.613114181466
9263800993508753408,California,San Mateo,812.3804670333694
9263801027868491776,California,San Mateo,9621.551084107528
9263801062228230144,California,San Mateo,25495.764915419277
9263801096587968512,California,San Mateo,81265.3499120898
9263801130947706880,California,San Mateo,7863.566933095926
9263801165307445248,California,San Mateo,56989.974442888764
9263801199667183616,California,San Mateo,53045.548653127604
9263801234026921984,California,San Mateo,8955.320322285326
9263801268386660352,California,San Mateo,8033.4468249250995
9263801302746398720,California,San Mateo,11671.78607522993
9263801337106137088,California,San Mateo,87494.64904969654
9263801371465875456,California,San Mateo,29685.574491946205
9263801405825613824,California,San Mateo,102968.13495569064
9263801440185352192,California,San Mateo,21597.67508308928
9263802093020381184,California,San Mateo,40988.12286039639
9263802161739857920,California,San Mateo,35926.95853572365
9263802196099596288,California,San Mateo,57334.219510531446
9263802230459334656,California,San Mateo,52919.80128711978
9263802264819073024,California,San Mateo,9841.614800132438
9263802299178811392,California,San Mateo,17392.56183405651
9263802402258026496,California,San Mateo,18745.173305983106
9263802436617764864,California,San Mateo,19128.489179999062
9263802470977503232,California,San Mateo,19150.711576585738
9263802505337241600,California,San Mateo,18138.961183812058
9263802539696979968,California,San Mateo,6710.871836595898
9263802574056718336,California,San Mateo,43234.40149542732
9263802608416456704,California,San Mateo,73573.68282158203
9263802642776195072,California,San Mateo,43080.83108120067
9263802677135933440,California,San Mateo,65976.41263476733
9263802711495671808,California,San Mateo,3436.779871794795
9263802745855410176,California,San Mateo,6719.198606678626
9263802780215148544,California,San Mateo,4390.819968328708
9263802814574886912,California,San Mateo,4488.256167900723
9263802848934625280,California,San Mateo,7115.475418234713
9263802883294363648,California,San Mateo,74986.28953028828
9263802917654102016,California,San Mateo,87272.77841673713
9263802952013840384,California,San Mateo,39354.20308972205
9263802986373578752,California,San Mateo,8391.280927107591
9263803020733317120,California,San Mateo,10839.839504327405
9263803055093055488,California,San Mateo,9306.489354708801
9263803089452793856,California,San Mateo,3207.3152318827224
9263803123812532224,California,San Mateo,2470.1659095341884
9263803158172270592,California,San Mateo,2060.1377402914595
9263803192532008960,California,San Mateo,3702.0398956871936
9263803261251485696,California,San Mateo,6669.623494049928
9263803329970962432,California,San Mateo,5854.554322242831
9263803364330700800,California,San Mateo,1498.6468349170466
9263803398690439168,California,San Mateo,136.24061077757875
9263803604848869376,California,San Mateo,1098.6227287523934
9263803639208607744,California,San Mateo,2721.04878889324
9263803673568346112,California,San Mateo,4714.3812909862145
9263803707928084480,California,San Mateo,297.1766668371219
9263803776647561216,California,San Mateo,3072.8034414085632
9263803811007299584,California,San Mateo,7755.481217280537
9263803879726776320,California,San Mateo,10587.121438702989
9263803914086514688,California,San Mateo,6446.398106205399
9263803982805991424,California,San Mateo,70680.39733740252
9263804017165729792,California,San Mateo,51437.68246103939
9263804051525468160,California,San Mateo,70652.52620811782
9263804085885206528,California,San Mateo,7328.971790100564
9263804120244944896,California,San Mateo,6076.029313886708
9263804154604683264,California,Santa Clara,14026.35258326189
9263804188964421632,California,Santa Clara,2467.864390940899
9263804223324160000,California,San Mateo / Santa Clara,23985.827738648037
9263804257683898368,California,San Mateo,9478.10936768143
9263804292043636736,California,San Mateo,13453.030997081987
9263804326403375104,California,San Mateo,3707.2749269243463
9263804360763113472,California,San Mateo,8218.949191177957
9263804532561805312,California,San Mateo / Santa Clara,7773.925471863657
9263804566921543680,California,Santa Clara,5664.530083654209
9263804635641020416,California,San Mateo,6869.459387921932
9263804670000758784,California,San Mateo,5722.120623788254
9263804738720235520,California,Santa Clara,2537.6768906481634
9263804876159188992,California,San Mateo,875.8578023409106
9263804944878665728,California,San Mateo,570.3664858085514
9263805013598142464,California,San Mateo,30.72339321255408
9263805047957880832,California,San Mateo,973.8462060610755
9263815974354681856,California,San Mateo,2026.5953062630053
9263816421031280640,California,Santa Clara,435.8880237954384
9263816489750757376,California,Santa Clara,6127.620365796048
9263816833348141056,California,Santa Clara,4377.927591048364
9263816867707879424,California,Santa Clara,374.85909222942104
9263816936427356160,California,Santa Clara,3819.184560588195
9263816970787094528,California,Santa Clara,5615.289438392107
9263817005146832896,California,Santa Clara,15859.25470812766
9263817039506571264,California,Santa Clara,2655.9780277141176
9263817108226048000,California,Santa Clara,16687.07885758454
9263817142585786368,California,Santa Clara,87885.5766158221
9263817176945524736,California,Santa Clara,169235.29624621847
9263817211305263104,California,Santa Clara,84251.98601931907
9263817245665001472,California,Santa Clara,163988.42642882172
9263817280024739840,California,Santa Clara,40776.372065361116
9263817314384478208,California,Santa Clara,11865.47123182184
9263817348744216576,California,Santa Clara,77895.80329706585
9263817383103954944,California,Santa Clara,16354.072213428542
9263817417463693312,California,Santa Clara,11525.481393679316
9263817451823431680,California,Santa Clara,23888.886761962436
9263817486183170048,California,Santa Clara,15338.628477250435
9263817520542908416,California,Santa Clara,13245.322706742796
9263817589262385152,California,Santa Clara,3646.3413341441055
9263817657981861888,California,Santa Clara,3791.0799873340434
9263817692341600256,California,Santa Clara,4644.9406313100235
9263817726701338624,California,Santa Clara,13372.242931856832
9263817761061076992,California,Santa Clara,12609.592662373529
9263817795420815360,California,Santa Clara,12221.593219780732
9263817829780553728,California,Santa Clara,9735.538102840268
9263817864140292096,California,Santa Clara,3443.5264562055695
9263817898500030464,California,Santa Clara,10814.98787704572
9263820097523286016,California,Santa Clara,0.790488941477012
9263820131883024384,California,Santa Clara,1.2940100251474012
9263820303681716224,California,Santa Clara,11.634750849703778
9263820853437530112,California,Santa Clara,376.4892329410318
9263820887797268480,California,Santa Clara,4093.0898346641043
9263820956516745216,California,Santa Clara,2278.7806453043045
9263820990876483584,California,Santa Clara,7693.298377725069
9263821025236221952,California,Santa Clara,6794.077577152683
9263821059595960320,California,Santa Clara,4163.750579919162
9263821093955698688,California,Santa Clara,8165.748565293251
9263821128315437056,California,Santa Clara,6181.400747900547
9263821162675175424,California,Santa Clara,755.3845287700283
9263821197034913792,California,Santa Clara,918.8914456343142
9263821231394652160,California,Santa Clara,706.6985476659607
9263821265754390528,California,Santa Clara,208.3401002463399
9263821300114128896,California,Santa Clara,205.45509647723847
9263821334473867264,California,Santa Clara,777.3081366109834
9263821849869942784,California,Santa Clara,413.7123149471338
9263821918589419520,California,Santa Clara,108.88861028775159
9263821952949157888,California,Santa Clara,410.34356117046605
9263821987308896256,California,Santa Clara,563.6076665241559
9263822021668634624,California,Santa Clara,318.91407126611097
9263822056028372992,California,Santa Clara,230.86458314438102
9263822090388111360,California,Santa Clara,450.916817941234
9263822124747849728,California,Santa Clara,401.51726726601026
9263822159107588096,California,Santa Clara,125.6385433942393
9263822193467326464,California,Santa Clara,135.87221828201004
9263822227827064832,California,Santa Clara,297.7861208820303
9263822262186803200,California,Santa Clara,283.1725727112126
9263822296546541568,California,Santa Clara,220.19172697636657
9263822330906279936,California,Santa Clara,680.5558489973355
9263822365266018304,California,Santa Clara,468.05351440418315
9263822399625756672,California,Santa Clara,1107.5260090859947
9263822433985495040,California,Santa Clara,515.6299103618667
9263822468345233408,California,Santa Clara,894.8361137877217
9263822502704971776,California,Santa Clara,5895.651062297251
9263822537064710144,California,Santa Clara,10735.289048011888
9263822571424448512,California,Santa Clara,18802.32236032574
9263822605784186880,California,Santa Clara,9848.810662948616
9263822640143925248,California,Santa Clara,5403.02703093491
9263822674503663616,California,Santa Clara,788.7666737637826
9263822708863401984,California,Santa Clara,1442.7638425330558
9263822743223140352,California,Santa Clara,2959.621839121744
9263822777582878720,California,Santa Clara,6348.261544929784
9263822811942617088,California,Santa Clara,2824.5787769672743
9263822846302355456,California,Santa Clara,9781.984113356639
9263822880662093824,California,Santa Clara,10889.45907496484
9263822915021832192,California,Santa Clara,7816.3641757302985
9263822949381570560,California,Santa Clara,13170.234709833307
9263822983741308928,California,Santa Clara,7757.33468835648
9263823018101047296,California,Santa Clara,24751.96674899415
9263823052460785664,California,Santa Clara,19461.462647874792
9263823086820524032,California,Santa Clara,28179.74101237769
9263823121180262400,California,Santa Clara,13796.533754920265
9263823155540000768,California,Santa Clara,55971.259985490135
9263823189899739136,California,Santa Clara,71790.89576448023
9263823224259477504,California,Santa Clara,51136.09480022229
9263823258619215872,California,Santa Clara,40927.948673543295
9263823292978954240,California,Santa Clara,52597.19553309175
9263823327338692608,California,Santa Clara,21565.713270264074
9263823361698430976,California,Santa Clara,98161.7624151848
9263823396058169344,California,Santa Clara,19575.331231090895
9263823430417907712,California,Santa Clara,175707.0174481266
9263823464777646080,California,Santa Clara,86771.38800295346
9263823499137384448,California,Santa Clara,20411.70948458903
9263823533497122816,California,Santa Clara,16488.044292653678
9263823567856861184,California,Santa Clara,10459.631216960162
9263823602216599552,California,Santa Clara,17042.205173221457
9263823636576337920,California,Santa Clara,8780.126471777417
9263823670936076288,California,Santa Clara,10922.053475438517
9263823705295814656,California,Santa Clara,12282.481190842198
9263823739655553024,California,Santa Clara,14316.179197463422
9263823774015291392,California,Santa Clara,8970.352235469054
9263823808375029760,California,Santa Clara,8170.165579519763
9263823842734768128,California,Santa Clara,9240.207762956608
9263823877094506496,California,Santa Clara,7156.755925183705
9263823911454244864,California,Santa Clara,9361.921930280829
9263823945813983232,California,Santa Clara,10760.263223603186
9263823980173721600,California,Santa Clara,18384.826437362142
9263824014533459968,California,Santa Clara,49193.721698567344
9263824048893198336,California,Santa Clara,36258.02797777114
9263824083252936704,California,Santa Clara,21716.62845511959
9263824117612675072,California,Santa Clara,27070.404829954143
9263824151972413440,California,Santa Clara,95991.17032841225
9263824186332151808,California,Santa Clara,134564.1203963595
9263824255051628544,California,Santa Clara,153097.9159350212
9263824289411366912,California,Santa Clara,135539.88069163568
9263824323771105280,California,Santa Clara,92178.12728210627
9263824358130843648,California,Santa Clara,35594.04236784687
9263824392490582016,California,Santa Clara,158979.93914847646
9263824426850320384,California,Santa Clara,202796.36614085548
9263824461210058752,California,Santa Clara,101063.97562690284
9263824495569797120,California,Santa Clara,316640.6284916946
9263824529929535488,California,Santa Clara,227880.197048498
9263824804807442432,California,Santa Clara,95639.24830926745
9263824839167180800,California,Santa Clara,304.3904184038649
9263824873526919168,California,Santa Clara,7947.582919574567
9263824907886657536,California,Santa Clara,154129.26278929296
9263824942246395904,California,Santa Clara,62378.97391167136
9263824976606134272,California,Santa Clara,135704.91547430799
9263825010965872640,California,Santa Clara,49484.55886918771
9263825045325611008,California,Santa Clara,75566.42150746637
9263825079685349376,California,Santa Clara,52073.68498542711
9263825114045087744,California,Santa Clara,17542.285014353896
9263827347428081664,California,Santa Clara,34672.526478938955
9263827416147558400,California,Santa Clara,8470.73179663336
9263827450507296768,California,Santa Clara,141532.71477896965
9263827484867035136,California,Santa Clara,113630.37740905023
9263827519226773504,California,Santa Clara,93047.01125384922
9263827553586511872,California,Santa Clara,30757.40423184777
9263827587946250240,California,Santa Clara,25620.0651060468
9263827725385203712,California,Santa Clara,11691.265028607346
9263827828464418816,California,Santa Clara,6580.7034204633255
9263827862824157184,California,Santa Clara,19753.885540586256
9263827897183895552,California,Santa Clara,139955.68552176547
9263827931543633920,California,Santa Clara,13101.699009065236
9263827965903372288,California,Santa Clara,178352.66538985897
9263828000263110656,California,Santa Clara,22073.574094747022
9263828034622849024,California,Santa Clara,5088.897688911765
9263828068982587392,California,Santa Clara,7480.0404586613795
9263828172061802496,California,Santa Clara,4148.7145379695
9263828275141017600,California,Santa Clara,14121.980193000309
9263828309500755968,California,Santa Clara,2691.2810173695025
9263828343860494336,California,Santa Clara,5153.485191352634
9263828378220232704,California,Santa Clara,473.5005626290631
9263828412579971072,California,Santa Clara,5423.6490087786415
9263828446939709440,California,Santa Clara,116013.80617468069
9263828481299447808,California,Santa Clara,30633.49779486634
9263828515659186176,California,Santa Clara,143483.44065356744
9263828550018924544,California,Santa Clara,53919.35365500751
9263828584378662912,California,Santa Clara,9080.685182096708
9263828618738401280,California,San Mateo / Santa Clara,14116.921770693803
9263828653098139648,California,Santa Clara,8490.522881391837
9263828687457878016,California,Santa Clara,46242.08390531955
9263828721817616384,California,Santa Clara,109489.02713550325
9263828756177354752,California,Santa Clara,6830.0124592942875
9263828790537093120,California,San Mateo / Santa Clara,117321.72348745484
9263828824896831488,California,Santa Clara,77717.80526722489
9263828859256569856,California,San Mateo / Santa Clara,23218.214358065874
9263828893616308224,California,San Mateo / Santa Clara,47845.5205342385
9263828927976046592,California,San Mateo,11474.069015862344
9263828962335784960,California,San Mateo,21985.055323251923
9263828996695523328,California,San Mateo,12268.68245202515
9263829031055261696,California,San Mateo / Santa Clara,20497.50409666256
9263829065415000064,California,San Mateo,9255.550438251821
9263829099774738432,California,San Mateo,1937.2885457846205
9263829237213691904,California,San Mateo,113.63735205129808
9263829271573430272,California,San Mateo / Santa Clara,7183.605614479293
9263829305933168640,California,Santa Clara,27619.017823986338
9263829340292907008,California,Santa Clara,1391.7670468696917
9263830233646104576,California,San Mateo,367.377069732667
9263830302365581312,California,San Mateo,310.75502293870704
9263830336725319680,California,San Mateo,3000.7490025643087
9263830371085058048,California,San Mateo,23018.189496177434
9263830405444796416,California,San Mateo,13599.03185648527
9263830439804534784,California,San Mateo,12732.002286848963
9263830474164273152,California,San Mateo,1796.2397405707843
9263830542883749888,California,San Mateo,1002.3825681953218
9263843049828515840,California,Santa Clara,12683.85053977574
9263843084188254208,California,Santa Clara,2794.9252274085775
9263843118547992576,California,Santa Clara,4.113142994865297
9263843977541451776,California,Santa Clara,1858.2709407810494
9263844011901190144,California,Santa Clara,11469.058964730872
9263844183699881984,California,Santa Clara,61.110950012659856
9263844218059620352,California,Santa Clara,218.12814009098886
9263844252419358720,California,Santa Clara,949.906748324947
9263844286779097088,California,Santa Clara,108.13980895868893
9263844321138835456,California,Santa Clara,72.63041979343411
9263844355498573824,California,Santa Clara,2052.700954314101
9263844389858312192,California,Santa Clara,7012.025423336685
9263844424218050560,California,Santa Clara,5552.664990395896
9263844458577788928,California,Santa Clara,17056.15481723362
9263844492937527296,California,Santa Clara,1388.254424879884
9263844527297265664,California,Santa Clara,5749.029378056917
9263844561657004032,California,Santa Clara,34509.421820160715
9263844596016742400,California,Santa Clara,14609.133800958889
9263844630376480768,California,Santa Clara,18186.02679288702
9263844664736219136,California,Santa Clara,5863.289701647534
9263844699095957504,California,Santa Clara,12927.886936999972
9263844733455695872,California,Santa Clara,16849.829687326608
9263844767815434240,California,Santa Clara,6516.180844038389
9263844802175172608,California,Santa Clara,11055.97731084912
9263844836534910976,California,Santa Clara,14412.165643507462
9263844870894649344,California,Santa Clara,3295.918530002869
9263844905254387712,California,Santa Clara,12535.002799981201
9263844939614126080,California,Santa Clara,34417.74598742815
9263844973973864448,California,Santa Clara,24080.19055924605
9263845008333602816,California,Santa Clara,49229.53790912053
9263845042693341184,California,Santa Clara,18405.06713539296
9263845077053079552,California,Santa Clara,2300.3888802310507
9263845111412817920,California,Santa Clara,5217.042276601435
9263845145772556288,California,Santa Clara,5277.0295113639
9263845180132294656,California,Santa Clara,4535.850383952186
9263845214492033024,California,Santa Clara,32682.56103047457
9263845248851771392,California,Santa Clara,25773.826846702585
9263845283211509760,California,Santa Clara,5207.38282416511
9263845317571248128,California,Santa Clara,14908.371975270216
9263845351930986496,California,Santa Clara,16088.077283750437
9263845386290724864,California,Santa Clara,8784.200522247367
9263845420650463232,California,Santa Clara,3901.748349549476
9263845455010201600,California,Santa Clara,8532.422199709912
9263845489369939968,California,Santa Clara,5841.316540547238
9263845523729678336,California,Santa Clara,5939.288804689849
9263845558089416704,California,Santa Clara,3840.284101343734
9263845592449155072,California,Santa Clara,8408.986762603152
9263845626808893440,California,Santa Clara,4707.1244337952785
9263845661168631808,California,Santa Clara,8382.374084423494
9263845695528370176,California,Santa Clara,4591.620973489353
9263845729888108544,California,Santa Clara,2261.9567318226977
9263845764247846912,California,Santa Clara,317.76842756685636
9263845798607585280,California,Santa Clara,633.6515895353734
9263845832967323648,California,Santa Clara,611.9785289619218
9263845867327062016,California,Santa Clara,572.2421144300534
9263845901686800384,California,Santa Clara,4016.0379129386324
9263845936046538752,California,Santa Clara,2145.2203193879773
9263845970406277120,California,Santa Clara,389.7230500923957
9263846004766015488,California,Santa Clara,4793.862117659611
9263846039125753856,California,Santa Clara,11874.45098843645
9263846073485492224,California,Santa Clara,9360.335327689878
9263846107845230592,California,Santa Clara,13734.655798662292
9263846142204968960,California,Santa Clara,6456.627311852969
9263846176564707328,California,Santa Clara,3164.387549337427
9263846210924445696,California,Santa Clara,7213.591235751985
9263846245284184064,California,Santa Clara,7708.197264156393
9263846279643922432,California,Santa Clara,11401.653609944036
9263846314003660800,California,Santa Clara,5658.600335267488
9263846348363399168,California,Santa Clara,117.97285121387742
9263846382723137536,California,Santa Clara,1077.3546673819085
9263846417082875904,California,Santa Clara,4156.891307251158
9263846451442614272,California,Santa Clara,2842.9096463919495
9263846485802352640,California,Santa Clara,2153.090486184701
9263846520162091008,California,Santa Clara,1993.507998493719
9263846554521829376,California,Santa Clara,6125.337829595518
9263846588881567744,California,Santa Clara,10620.694608592745
9263846623241306112,California,Santa Clara,7258.610185253933
9263846657601044480,California,Santa Clara,16169.203720073629
9263846691960782848,California,Santa Clara,8580.00510021334
9263846726320521216,California,Santa Clara,9484.333163557902
9263846760680259584,California,Santa Clara,5803.719092145884
9263846795039997952,California,Santa Clara,29997.391852228833
9263846829399736320,California,Santa Clara,34271.02639947707
9263846863759474688,California,Santa Clara,16805.486280590514
9263846898119213056,California,Santa Clara,4867.32358359915
9263846932478951424,California,Santa Clara,24684.006332849847
9263846966838689792,California,Santa Clara,12763.437629848133
9263847001198428160,California,Santa Clara,20641.400733024857
9263847035558166528,California,Santa Clara,18987.801351184113
9263847069917904896,California,Santa Clara,21197.00389214399
9263847104277643264,California,Santa Clara,6134.292987690296
9263847138637381632,California,Santa Clara,7370.641731646352
9263847172997120000,California,Santa Clara,17962.59237639282
9263847207356858368,California,Santa Clara,673.1329736012095
9263847241716596736,California,Santa Clara,97.90910679373964
9263847688393195520,California,Santa Clara,277.95110376740996
9263847791472410624,California,Santa Clara,1987.9955257563865
9263847825832148992,California,Santa Clara,4001.896517025641
9263847860191887360,California,Santa Clara,1056.3906196893915
9263847894551625728,California,Santa Clara,3140.346946072887
9263847928911364096,California,Santa Clara,11442.061981257952
9263847963271102464,California,Santa Clara,10519.505069946681
9263847997630840832,California,Santa Clara,2271.807962540242
9263848031990579200,California,Santa Clara,4031.538310150544
9263848066350317568,California,Santa Clara,6591.134335191903
9263848100710055936,California,Santa Clara,1455.1126055965003
9263848135069794304,California,Santa Clara,1362.2245452203292
9263848169429532672,California,Santa Clara,295.7733838265664
9263848203789271040,California,Santa Clara,556.6935745136847
9263848238149009408,California,Santa Clara,189.81641331730484
9263848272508747776,California,Santa Clara,469.1112367414543
9263848306868486144,California,Santa Clara,150.60049824224618
9263848513026916352,California,Santa Clara,30.14222541654495
9263848547386654720,California,Santa Clara,177.40478901729983
9278157729149485056,California,Los Angeles,470.51442041663853
9278157763509223424,California,Los Angeles,112763.53101273478
9278157797868961792,California,Los Angeles,2966.8625922416727
9278157832228700160,California,Los Angeles,2580.1269348563737
9278159137898758144,California,Los Angeles,52163.39548687703
9278159172258496512,California,Los Angeles,27226.464342551993
9278159206618234880,California,Los Angeles,135199.8608089875
9278159240977973248,California,Los Angeles,66862.81296394384
9278159275337711616,California,Los Angeles,236478.78902272566
9278159309697449984,California,Los Angeles,175611.74041432826
9278159344057188352,California,Los Angeles,151130.9297231739
9278159378416926720,California,Los Angeles,607104.2183586515
9278159412776665088,California,Los Angeles,339347.46819265356
9278159790733787136,California,Los Angeles,43399.679175463316
9278172091520122880,California,Los Angeles,12023.312820413756
9278172125879861248,California,Los Angeles,43844.902978020684
9278172194599337984,California,Los Angeles,33031.791393504485
9278172228959076352,California,Los Angeles,11242.054275379069
9278172263318814720,California,Los Angeles,224306.66617274066
9278172297678553088,California,Los Angeles,46237.60460394418
9278172332038291456,California,Los Angeles,156220.0095092165
9278172366398029824,California,Los Angeles,126265.05153843085
9278172400757768192,California,Los Angeles,343521.68782445195
9278172435117506560,California,Los Angeles,512600.8398525861
9278172469477244928,California,Los Angeles,180560.82800879123
9278172538196721664,California,Los Angeles,120437.24746243963
9278172572556460032,California,Los Angeles,235918.20817375852
9278172606916198400,California,Los Angeles,43314.34582440154
9278172709995413504,California,Los Angeles,86964.70646693053
9278172744355151872,California,Los Angeles,18993.510539668438
9278172813074628608,California,Los Angeles,4.664775381941775
9278178379352244224,California,Los Angeles,1.0204338814704965
9278178585510674432,California,Los Angeles,37616.963868541316
9278178619870412800,California,Los Angeles,39546.40202214258
9278178654230151168,California,Los Angeles,39981.56553791605
9278178688589889536,California,Los Angeles,43838.31232648708
9278178722949627904,California,Los Angeles,11064.567076410745
9278178757309366272,California,Los Angeles,25.2837477818176
9278178894748319744,California,Los Angeles,7148.063965737597
9278178929108058112,California,Los Angeles,1050.1348513608355
9278178997827534848,California,Los Angeles,2.037274657215249
9278179100906749952,California,Los Angeles,19.824901490601995
9278179135266488320,California,Los Angeles,3965.7889808696614
9278179203985965056,California,Los Angeles,5688.2466326315935
9278179238345703424,California,Los Angeles,84776.06070682318
9278179272705441792,California,Los Angeles,280625.01128807646
9278179307065180160,California,Los Angeles,95173.39890582957
9278179341424918528,California,Los Angeles,231824.35422807868
9278179375784656896,California,Los Angeles,215960.01022086685
9278179410144395264,California,Los Angeles,234906.40952998027
9278179444504133632,California,Los Angeles,216422.11609116037
9278179478863872000,California,Los Angeles,91091.34129767847
9278179513223610368,California,Los Angeles,211103.82519506657
9278179547583348736,California,Los Angeles,431454.04104049335
9278179581943087104,California,Los Angeles,150082.47748154448
9278179616302825472,California,Los Angeles,112060.17902512368
9278179650662563840,California,Los Angeles,258522.77036533924
9278179685022302208,California,Los Angeles,285484.37050399143
9278179719382040576,California,Los Angeles,242981.92553056547
9278179753741778944,California,Los Angeles,130401.52153353508
9278179788101517312,California,Los Angeles,93685.61768097153
9278179822461255680,California,Los Angeles,298813.80618091393
9278179856820994048,California,Los Angeles,257650.4622118167
9278179891180732416,California,Los Angeles,112990.67040734086
9278179925540470784,California,Los Angeles,70541.58683963475
9278179959900209152,California,Los Angeles,59201.14602015815
9278179994259947520,California,Los Angeles,70997.42936204685
9278180028619685888,California,Los Angeles,27726.93227888371
9278180062979424256,California,Los Angeles,33847.34191069392
9278180097339162624,California,Los Angeles,36006.62819825743
9278180131698900992,California,Los Angeles,9804.365420263855
9278180166058639360,California,Los Angeles,26417.84062727444
9278180200418377728,California,Los Angeles,31911.02142783053
9278180372217069568,California,Los Angeles,0.5769401800307933
9278180440936546304,California,Los Angeles,34705.65490696948
9278180475296284672,California,Los Angeles,99484.1061970378
9278180509656023040,California,Los Angeles,171684.74009510587
9278180544015761408,California,Los Angeles,192309.81805650415
9278180578375499776,California,Los Angeles,80197.46743298852
9278180612735238144,California,Los Angeles,121715.28343475745
9278180647094976512,California,Los Angeles,89835.23171477066
9278180681454714880,California,Los Angeles,95825.79319022085
9278180715814453248,California,Los Angeles,90557.28088939528
9278180750174191616,California,Los Angeles,104050.28809350569
9278180784533929984,California,Los Angeles,240726.54102507743
9278180818893668352,California,Los Angeles,247967.35604338246
9278180853253406720,California,Los Angeles,200906.39987892515
9278180887613145088,California,Los Angeles,341682.9574271693
9278180921972883456,California,Los Angeles,256657.77685002197
9278180956332621824,California,Los Angeles,229892.1247336846
9278180990692360192,California,Los Angeles,315798.63047114445
9278181025052098560,California,Los Angeles,449959.7373583836
9278181059411836928,California,Los Angeles,518011.2896082802
9278181093771575296,California,Los Angeles,466678.5453972958
9278181128131313664,California,Los Angeles,365931.93129341287
9278181162491052032,California,Los Angeles,413897.2780695558
9278181196850790400,California,Los Angeles,404666.8314095694
9278181231210528768,California,Los Angeles,175541.65464102567
9278181265570267136,California,Los Angeles,216753.28054057693
9278181299930005504,California,Los Angeles,394278.63604949246
9278181334289743872,California,Los Angeles,489149.14774771786
9278181368649482240,California,Los Angeles,238140.05173024366
9278181403009220608,California,Los Angeles,572024.6177543117
9278181437368958976,California,Los Angeles,444258.1192591615
9278181471728697344,California,Los Angeles,519441.62056166696
9278181506088435712,California,Los Angeles,337604.1593001471
9278181540448174080,California,Los Angeles,448730.3121757871
9278181574807912448,California,Los Angeles,504557.11875407246
9278181609167650816,California,Los Angeles,465435.48117271886
9278181643527389184,California,Los Angeles,413273.81798003765
9278181677887127552,California,Los Angeles,396705.7187387586
9278181712246865920,California,Los Angeles,408212.35020947206
9278181746606604288,California,Los Angeles,298002.65856222925
9278181780966342656,California,Los Angeles,413447.11440314807
9278181815326081024,California,Los Angeles,637074.7251351615
9278181849685819392,California,Los Angeles,570959.6195045516
9278181884045557760,California,Los Angeles,454564.1002367042
9278181918405296128,California,Los Angeles,432125.6285033108
9278181952765034496,California,Los Angeles,278485.82100896054
9278181987124772864,California,Los Angeles,529613.8732021787
9278182021484511232,California,Los Angeles,174561.14758820666
9278182055844249600,California,Los Angeles,286801.51943485474
9278182090203987968,California,Los Angeles,490932.6212307195
9278182124563726336,California,Los Angeles,223582.4301896329
9278182158923464704,California,Los Angeles,643817.1809245467
9278182193283203072,California,Los Angeles,345795.33133476385
9278182227642941440,California,Los Angeles,225529.38581701496
9278182262002679808,California,Los Angeles,462199.32519408397
9278182296362418176,California,Los Angeles,250012.29562849118
9278182330722156544,California,Los Angeles,361056.83566159755
9278182365081894912,California,Los Angeles,426230.7422550714
9278182399441633280,California,Los Angeles,279481.8562858424
9278182468161110016,California,Los Angeles,298622.3459232918
9278182502520848384,California,Los Angeles,122684.04140010367
9278182536880586752,California,Los Angeles,164446.85632348747
9278182571240325120,California,Los Angeles,6653.37559083865
9278182639959801856,California,Los Angeles,125977.63960045506
9278182708679278592,California,Los Angeles,372383.4429771198
9278182743039016960,California,Los Angeles,141050.9082452314
9278182777398755328,California,Los Angeles,265011.4940036948
9278182811758493696,California,Los Angeles,241801.32530790791
9278182846118232064,California,Los Angeles,187183.59166568637
9278182880477970432,California,Los Angeles,543185.4935458896
9278182914837708800,California,Los Angeles,432545.60911702097
9278182949197447168,California,Los Angeles,396427.88006740605
9278182983557185536,California,Los Angeles,444264.15097265603
9278183017916923904,California,Los Angeles,377171.2520588072
9278183052276662272,California,Los Angeles,253215.6918444861
9278183086636400640,California,Los Angeles,403980.0502058026
9278183120996139008,California,Los Angeles,278512.11294821603
9278183155355877376,California,Los Angeles,264768.66904878593
9278183189715615744,California,Los Angeles,209705.056908874
9278183224075354112,California,Los Angeles,142566.51946492077
9278183258435092480,California,Los Angeles,188503.43789627415
9278183292794830848,California,Los Angeles,376586.5036341293
9278183327154569216,California,Los Angeles,424101.06649195065
9278183361514307584,California,Los Angeles,157846.51740754576
9278183395874045952,California,Los Angeles,52085.99169579412
9278183464593522688,California,Los Angeles,604.2868661739373
9278183498953261056,California,Los Angeles,288518.2225087533
9278183533312999424,California,Los Angeles,299236.4051597991
9278183567672737792,California,Los Angeles,175216.8981999532
9278183602032476160,California,Los Angeles,385060.3362244467
9278183636392214528,California,Los Angeles,290727.2591059207
9278183670751952896,California,Los Angeles,150377.9356749137
9278183705111691264,California,Los Angeles,230170.76935684966
9278183739471429632,California,Los Angeles,209053.03043602515
9278183773831168000,California,Los Angeles,226053.12778780982
9278183808190906368,California,Los Angeles,440314.73746983235
9278183842550644736,California,Los Angeles,776591.8362786444
9278183876910383104,California,Los Angeles,611771.2499753893
9278183911270121472,California,Los Angeles,230327.72659536422
9278183945629859840,California,Los Angeles,338865.18855923787
9278183979989598208,California,Los Angeles,490996.5882835154
9278184014349336576,California,Los Angeles,758090.0713779785
9278184048709074944,California,Los Angeles,261790.57314113222
9278184083068813312,California,Los Angeles,570286.9353109995
9278184117428551680,California,Los Angeles,401443.47606883687
9278184151788290048,California,Los Angeles,94849.79758671868
9278184186148028416,California,Los Angeles,274744.7329626495
9278184220507766784,California,Los Angeles,329185.92048000847
9278184254867505152,California,Los Angeles,496566.86588775594
9278184289227243520,California,Los Angeles,375952.14046147466
9278184323586981888,California,Los Angeles,389586.5825153416
9278184357946720256,California,Los Angeles,281697.44146787125
9278184392306458624,California,Los Angeles,518145.83429285605
9278184426666196992,California,Los Angeles,612628.7190659059
9278184461025935360,California,Los Angeles,689313.6071024905
9278184495385673728,California,Los Angeles,457839.3515479377
9278184529745412096,California,Los Angeles,281520.70084628096
9278184564105150464,California,Los Angeles,183977.81037517844
9278184598464888832,California,Los Angeles,149717.43000765087
9278184632824627200,California,Los Angeles,72104.29409295917
9278184667184365568,California,Los Angeles,238029.76854825925
9278184701544103936,California,Los Angeles,295057.2851977837
9278184770263580672,California,Los Angeles,395365.8338622251
9278184804623319040,California,Los Angeles,310552.8196154797
9278184838983057408,California,Los Angeles,663213.9699873525
9278184873342795776,California,Los Angeles,325609.62493178196
9278184907702534144,California,Los Angeles,501513.2017532045
9278184942062272512,California,Los Angeles,276483.52789361635
9278184976422010880,California,Los Angeles,116046.17578481157
9278185010781749248,California,Los Angeles,91850.60732386995
9278185285659656192,California,Los Angeles,24141.737788740546
9278185320019394560,California,Los Angeles,146610.80092378633
9278185354379132928,California,Los Angeles,93951.9174368359
9278185388738871296,California,Los Angeles,85503.92554529266
9278185423098609664,California,Los Angeles,214944.39858543337
9278185457458348032,California,Los Angeles,305304.05341703404
9278185491818086400,California,Los Angeles,124698.0151026424
9278185526177824768,California,Los Angeles,150075.8722707247
9278185560537563136,California,Los Angeles,93162.93347772509
9278185594897301504,California,Los Angeles,81688.39051357894
9278185629257039872,California,Los Angeles,105806.11649990235
9278185663616778240,California,Los Angeles,181.54605324980588
9278185697976516608,California,Los Angeles,55910.21801242088
9278185904134946816,California,Los Angeles,5391.193902554788
9278185938494685184,California,Los Angeles,4.619446403021071
9278187725201080320,California,Los Angeles,87.43459394600426
9278187759560818688,California,Los Angeles,78.33534321018558
9278187793920557056,California,Los Angeles,276847.32719880884
9278187828280295424,California,Los Angeles,535338.2943845422
9278187862640033792,California,Los Angeles,432918.2298966385
9278187896999772160,California,Los Angeles,395160.23806255567
9278187931359510528,California,Los Angeles,356319.88841451047
9278187965719248896,California,Los Angeles,320325.3250741866
9278188000078987264,California,Los Angeles,301938.5897997895
9278188034438725632,California,Los Angeles,225758.9618414735
9278188068798464000,California,Los Angeles,18634.200266498727
9278188103158202368,California,Los Angeles,31840.053300590153
9278188274956894208,California,Los Angeles,4282.800951946525
9278188309316632576,California,Los Angeles,4043.669662850172
9278188343676370944,California,Los Angeles,301886.3989106972
9278188378036109312,California,Los Angeles,426951.735917119
9278188412395847680,California,Los Angeles,356153.8622623289
9278188446755586048,California,Los Angeles,202643.09009942916
9278188481115324416,California,Los Angeles,97992.20436508892
9278188515475062784,California,Los Angeles,230584.5453325474
9278188549834801152,California,Los Angeles,167733.51266764852
9278188584194539520,California,Los Angeles,46532.44215820997
9278188652914016256,California,Los Angeles,0.6051711459461679
9278189992943812608,California,Los Angeles,10446.608177413522
9278190027303550976,California,Los Angeles,107463.52013958679
9278190061663289344,California,Los Angeles,52413.13618766586
9278190096023027712,California,Los Angeles,11744.94280096924
9278190130382766080,California,Los Angeles,533.3890747890317
9278190164742504448,California,Los Angeles,42268.535840448916
9278190199102242816,California,Los Angeles,9893.111066306132
9278190233461981184,California,Los Angeles,1.6584920824646174
9278190577059364864,California,Los Angeles,1.3559488183775532
9278196005898027008,California,Los Angeles,999.3478063351977
9278196040257765376,California,Los Angeles,117074.6307589162
9278196074617503744,California,Los Angeles,125938.62901217834
9278196108977242112,California,Los Angeles,188883.87474252877
9278196143336980480,California,Los Angeles,160120.34323461197
9278196177696718848,California,Los Angeles,101000.30123556439
9278196212056457216,California,Los Angeles,348269.63303564215
9278196246416195584,California,Los Angeles,215804.81885897572
9278196280775933952,California,Los Angeles,74381.80215725965
9278196315135672320,California,Los Angeles,118.6403913688428
9278196349495410688,California,Los Angeles,5.400433255720288
9278196486934364160,California,Los Angeles,0.5416392223109656
9278196727452532736,California,Los Angeles,562.9321027482036
9278196796172009472,California,Los Angeles,3891.824370096164
9278196830531747840,California,Los Angeles,7111.532696338146
9278196864891486208,California,Los Angeles,9575.034108349662
9278196899251224576,California,Los Angeles,576.7696079546965
9278196933610962944,California,Los Angeles,4002.3207550441493
9278196967970701312,California,Los Angeles,53742.50790355212
9278197002330439680,California,Los Angeles,140688.10357665105
9278197036690178048,California,Los Angeles,261298.9461288211
9278197071049916416,California,Los Angeles,145119.61559838362
9278197105409654784,California,Los Angeles,125231.94369912977
9278197139769393152,California,Los Angeles,30268.449026348535
9278197174129131520,California,Los Angeles,39298.10559901094
9278197208488869888,California,Los Angeles,30132.644613267883
9278197242848608256,California,Los Angeles,122605.95055129699
9278197277208346624,California,Los Angeles,129477.93722337428
9278197311568084992,California,Los Angeles,169736.65381505497
9278197345927823360,California,Los Angeles,107357.37025292417
9278197380287561728,California,Los Angeles,210571.1187924189
9278197414647300096,California,Los Angeles,297784.9922468491
9278197449007038464,California,Los Angeles,306723.1709805774
9278197483366776832,California,Los Angeles,294648.96641596965
9278197517726515200,California,Los Angeles,360300.42630124313
9278197552086253568,California,Los Angeles,397749.7555605455
9278197586445991936,California,Los Angeles,253399.66699722584
9278197620805730304,California,Los Angeles,355334.0646346358
9278197655165468672,California,Los Angeles,467544.4101649163
9278197689525207040,California,Los Angeles,374791.01348766335
9278197723884945408,California,Los Angeles,345355.6274257198
9278197758244683776,California,Los Angeles,611788.8308172908
9278197792604422144,California,Los Angeles,593785.5026794997
9278197826964160512,California,Los Angeles,361031.0379748721
9278197861323898880,California,Los Angeles,444839.4202561497
9278197895683637248,California,Los Angeles,133222.27308248152
9278197930043375616,California,Los Angeles,290215.9609556245
9278197964403113984,California,Los Angeles,189052.24582405316
9278197998762852352,California,Los Angeles,343671.50389078225
9278198033122590720,California,Los Angeles,283273.44169909845
9278198067482329088,California,Los Angeles,125221.2561878668
9278198101842067456,California,Los Angeles,91488.53392200779
9278198136201805824,California,Los Angeles,116943.9658456643
9278198170561544192,California,Los Angeles,11741.245934088765
9278198204921282560,California,Los Angeles,3561.1071078397354
9278198548518666240,California,Los Angeles,137.57121383399996
9278198582878404608,California,Los Angeles,75368.17235389304
9278198617238142976,California,Los Angeles,12691.490487118183
9278198651597881344,California,Los Angeles,31676.486337972085
9278198720317358080,California,Los Angeles,1.0096065442372566
9278198754677096448,California,Los Angeles,32756.81684996608
9278198789036834816,California,Los Angeles,602.4376569031305
9675052839474298880,Texas,Travis,303.37855152600577
9675052908193775616,Texas,Travis,2869.922510116193
9675053973345665024,Texas,Travis,9555.078127301096
9675054007705403392,Texas,Travis,1013.3779036566502
9675054523101478912,Texas,Travis,2417.9144234671994
9675054557461217280,Texas,Travis,6467.072063488491
9675054591820955648,Texas,Travis,8195.137833923047
9675054694900170752,Texas,Travis,8323.582239585927
9675054729259909120,Texas,Travis,3238.7970488051733
9675054763619647488,Texas,Travis,33881.258652974866
9675054797979385856,Texas,Travis,13181.040883947946
9675054832339124224,Texas,Travis,369.5784527830957
9675054866698862592,Texas,Travis,6412.354792996689
9675054901058600960,Texas,Travis,9562.79417591203
9675054935418339328,Texas,Travis,21416.666047258695
9675054969778077696,Texas,Travis,8029.30749118357
9675055004137816064,Texas,Travis,59391.388101121294
9675055038497554432,Texas,Travis,73388.87837642644
9675055072857292800,Texas,Travis,93442.10066696629
9675055107217031168,Texas,Travis,100926.61131818395
9675055141576769536,Texas,Travis,78834.06436326257
9675055175936507904,Texas,Travis,60306.33615864863
9675055210296246272,Texas,Travis,94399.48198452982
9675055244655984640,Texas,Travis,48269.173290281455
9675055279015723008,Texas,Travis,58135.350510760945
9675055313375461376,Texas,Travis,117498.58897064757
9675055347735199744,Texas,Travis,95187.5157621297
9675055382094938112,Texas,Travis,126047.9047356997
9675055450814414848,Texas,Travis,19041.557738996435
9675055691332583424,Texas,Travis,24601.480560007753
9675055725692321792,Texas,Travis,616.0530275631479
9675055760052060160,Texas,Travis,394820.060584168
9675055794411798528,Texas,Travis,23180.51349577638
9675055828771536896,Texas,Travis,65913.95879370303
9675055863131275264,Texas,Travis,368411.7848973564
9675055897491013632,Texas,Travis,125625.31723628278
9675055931850752000,Texas,Travis,190650.59838054754
9675056000570228736,Texas,Travis,76528.73310533939
9675056034929967104,Texas,Travis,300564.99631242896
9675056069289705472,Texas,Travis,183010.05746482784
9675056103649443840,Texas,Travis,421193.11845771066
9675056138009182208,Texas,Travis,123818.97830689517
9675056172368920576,Texas,Travis,369124.94164113415
9675056206728658944,Texas,Travis,305079.5756571291
9675056241088397312,Texas,Travis,148632.68986893757
9675056275448135680,Texas,Travis,318466.0019957905
9675056309807874048,Texas,Travis,71592.71310988879
9675056344167612416,Texas,Travis,163799.6953021154
9675056378527350784,Texas,Travis,75036.99676340175
9675056412887089152,Texas,Travis,106258.97760349832
9675056447246827520,Texas,Travis,123566.09196968995
9675056481606565888,Texas,Travis,43456.014012796324
9675056515966304256,Texas,Travis,40542.296063790905
9675056550326042624,Texas,Travis,174391.66622660492
9675056584685780992,Texas,Travis,61475.80669758289
9675056619045519360,Texas,Travis,195952.1533266998
9675056653405257728,Texas,Travis,173928.94533093247
9675056687764996096,Texas,Travis,92082.8269403818
9675056722124734464,Texas,Travis,180599.63508406756
9675056756484472832,Texas,Travis,260638.86381813203
9675056790844211200,Texas,Travis,405315.4054239351
9675056825203949568,Texas,Travis,239458.60352325573
9675056859563687936,Texas,Travis,164372.96673683292
9675056893923426304,Texas,Travis,269629.90355175675
9675056928283164672,Texas,Travis,875963.3709685013
9675056962642903040,Texas,Travis,1047636.0936822533
9675056997002641408,Texas,Travis,540041.2691127815
9675057031362379776,Texas,Travis,563306.1506012963
9675057065722118144,Texas,Travis,106649.78377963648
9675057100081856512,Texas,Travis,24985.64916441304
9675057134441594880,Texas,Travis,41290.43046493682
9675057168801333248,Texas,Travis,82601.52779091903
9675057203161071616,Texas,Travis,79861.13895136547
9675057237520809984,Texas,Travis,22449.86385337401
9675057271880548352,Texas,Travis,28937.750240080502
9675057306240286720,Texas,Travis,57719.86714522533
9675057340600025088,Texas,Travis,123719.18713274876
9675057374959763456,Texas,Travis,155648.71681275003
9675057409319501824,Texas,Travis,795631.9150129725
9675057443679240192,Texas,Travis,523207.4380079336
9675057478038978560,Texas,Travis,283197.6154115956
9675057512398716928,Texas,Travis,163287.90267254817
9675057546758455296,Texas,Travis,249240.82313850336
9675057581118193664,Texas,Travis,156656.69798381117
9675057615477932032,Texas,Travis,824716.2800565007
9675057649837670400,Texas,Travis,281784.8474604422
9675057684197408768,Texas,Travis,521113.03814518615
9675057718557147136,Texas,Travis,364675.05393607245
9675057752916885504,Texas,Travis,244372.96055661983
9675057787276623872,Texas,Travis,285035.5927266128
9675057821636362240,Texas,Travis,185517.1342309867
9675057855996100608,Texas,Travis,129903.14725696162
9675057890355838976,Texas,Travis,162274.1722587974
9675057924715577344,Texas,Travis,182092.0609595485
9675057959075315712,Texas,Travis,90666.95318742115
9675057993435054080,Texas,Travis,139005.33696763945
9675058027794792448,Texas,Travis,14387.505947691252
9675058062154530816,Texas,Travis,25200.66854209633
9675058096514269184,Texas,Travis,19930.210632806957
9675058130874007552,Texas,Travis,12786.377596549632
9675058165233745920,Texas,Travis,5278.829055241564
9675058199593484288,Texas,Travis,2030.1960058624277
9675058233953222656,Texas,Travis,1242.4712615545893
9675058268312961024,Texas,Travis,6578.621750384821
9675058302672699392,Texas,Travis,3502.19538822709
9675058405751914496,Texas,Travis,2882.565677150917
9675058440111652864,Texas,Travis,3734.2191373947217
9675058474471391232,Texas,Travis,9734.753232603995
9675058508831129600,Texas,Travis,65236.56777664909
9675058543190867968,Texas,Travis,44590.29932532218
9675058577550606336,Texas,Travis,18797.62358523648
9675058611910344704,Texas,Travis,3534.307765165128
9675058646270083072,Texas,Travis,1401.39333185195
9675058680629821440,Texas,Travis,17789.009907092794
9675058714989559808,Texas,Travis,36812.05073854836
9675058749349298176,Texas,Travis,38376.499854887516
9675058783709036544,Texas,Travis,2785.916471763584
9675058818068774912,Texas,Travis,4743.560239824891
9675078952875458560,Texas,Travis,125.94180828561538
9675079193393627136,Texas,Travis,769.6552774993235
9675079262113103872,Texas,Travis,931.5468565232825
9675079296472842240,Texas,Travis,6938.478725847292
9675079330832580608,Texas,Travis,14710.748955538156
9675079365192318976,Texas,Travis,652.7318604366092
9675079399552057344,Texas,Travis,1560.3072824849119
9675079433911795712,Texas,Travis,6706.252336172936
9675079468271534080,Texas,Travis,8840.113936041445
9675079502631272448,Texas,Travis,13267.040378338004
9675079536991010816,Texas,Travis,6191.224229298964
9675079571350749184,Texas,Travis,3416.8775340751477
9675079708789702656,Texas,Travis,569.7159907590143
9675079743149441024,Texas,Travis,7376.005148820201
9675079777509179392,Texas,Travis,1786.9350161826235
9675079811868917760,Texas,Travis,3113.0344107405563
9675079846228656128,Texas,Travis,9757.881802661197
9675079880588394496,Texas,Travis,10964.96028028356
9675079914948132864,Texas,Travis,8433.674569071565
9675079949307871232,Texas,Travis,24722.599326798343
9675079983667609600,Texas,Travis,13663.502442516246
9675080018027347968,Texas,Travis,50052.56285711716
9675080052387086336,Texas,Travis,112018.47918543158
9675080086746824704,Texas,Travis,88294.8868549077
9675080121106563072,Texas,Travis,117879.70632197746
9675080155466301440,Texas,Travis,72574.88409001532
9675080189826039808,Texas,Travis,38161.09172154471
9675080224185778176,Texas,Travis,68986.01904143281
9675080258545516544,Texas,Travis,66339.516254932
9675080292905254912,Texas,Travis,109119.98332610204
9675080327264993280,Texas,Travis,34187.93022601219
9675080361624731648,Texas,Travis,58930.986302363046
9675080395984470016,Texas,Travis,80737.36806388205
9675080430344208384,Texas,Travis,194338.47140710225
9675080464703946752,Texas,Travis,85232.58418519606
9675080499063685120,Texas,Travis,78887.05563805069
9675080533423423488,Texas,Travis,252401.94386736752
9675080567783161856,Texas,Travis,212927.0115924273
9675080602142900224,Texas,Travis,46043.924672567184
9675080636502638592,Texas,Travis,22222.797737190558
9675080670862376960,Texas,Travis,38503.67227837579
9675080705222115328,Texas,Travis,32986.89269004329
9675080739581853696,Texas,Travis,9693.486589952576
9675080773941592064,Texas,Travis,0.4548106028621641
9675080808301330432,Texas,Travis,7785.173554736792
9675080842661068800,Texas,Travis,4692.622369747186
9675080980100022272,Texas,Travis,15964.219478380379
9675081014459760640,Texas,Travis,10275.413669350935
9675081048819499008,Texas,Travis,26799.00463453582
9675081083179237376,Texas,Travis,18130.911661189657
9675081117538975744,Texas,Travis,14607.379567939859
9675081151898714112,Texas,Travis,8839.038095192658
9675081186258452480,Texas,Travis,44.36296200981423
9675081220618190848,Texas,Travis,5906.633934527964
9675081598575312896,Texas,Travis,307.07536668048067
9675081632935051264,Texas,Travis,11.875332172479826
9675081667294789632,Texas,Travis,2208.649079158409
9675081701654528000,Texas,Travis,38202.13637921046
9675081736014266368,Texas,Travis,50857.93584252061
9675081770374004736,Texas,Travis,10152.521286249621
9675081804733743104,Texas,Travis,21995.374669297984
9675081839093481472,Texas,Travis,57868.15011340894
9675081873453219840,Texas,Travis,28212.677640912276
9675081907812958208,Texas,Travis,44283.91473152636
9675081942172696576,Texas,Travis,26516.33193694819
9675081976532434944,Texas,Travis,42051.53809004622
9675082010892173312,Texas,Travis,20641.535708970383
9675082045251911680,Texas,Travis,11251.818264812257
9675082079611650048,Texas,Travis,6573.337067902124
9675082113971388416,Texas,Travis,15238.842676049238
9675082148331126784,Texas,Travis,16753.637211036195
9675082182690865152,Texas,Travis,4349.428229904926
9675082217050603520,Texas,Travis,3525.020342465594
9675082251410341888,Texas,Travis,12483.325214483639
9675082285770080256,Texas,Travis,1982.9111303252744
9675082629367463936,Texas,Travis,0.14467149943087526
9675082663727202304,Texas,Travis,1292.4837372512388
9675082698086940672,Texas,Travis,29398.731271112014
9675082732446679040,Texas,Travis,5134.403164408533
9675082766806417408,Texas,Travis,0.9198468990057121
9681413892198105088,Texas,Travis,0.4851354666877245
9681413926557843456,Texas,Travis,2901.66352454848
9681413960917581824,Texas,Travis,8773.039676725872
9681413995277320192,Texas,Travis,4683.973745491287
9681414029637058560,Texas,Travis,15382.546225040383
9681414063996796928,Texas,Travis,28532.45199439013
9681414098356535296,Texas,Travis,11837.83466817571
9681414132716273664,Texas,Travis,5534.232397952282
9681414167076012032,Texas,Travis,4324.834258663641
9681414201435750400,Texas,Travis,4524.442612115463
9681414304514965504,Texas,Travis,929.5299744198527
9681414338874703872,Texas,Travis,15969.100086369475
9681414373234442240,Texas,Travis,25060.733539161694
9681414407594180608,Texas,Travis,1617.7226688799474
9681414441953918976,Texas,Travis,2373.2099605848443
9681414476313657344,Texas,Travis,37003.49847527489
9681414510673395712,Texas,Travis,111613.29229950592
9681414545033134080,Texas,Travis,43936.51539214028
9681414579392872448,Texas,Travis,49009.872961936926
9681414613752610816,Texas,Travis,44223.93766983179
9681414648112349184,Texas,Travis,51599.551265672635
9681414682472087552,Texas,Travis,20444.243450602768
9681414716831825920,Texas,Travis,58419.645388131066
9681414751191564288,Texas,Travis,23090.658159628932
9681414785551302656,Texas,Travis,10625.188901274267
9681414819911041024,Texas,Travis,24448.171509176584
9681414854270779392,Texas,Travis,25822.898221101925
9681414922990256128,Texas,Travis,7540.398056930799
9681414957349994496,Texas,Travis,23831.884874396725
9681415094788947968,Texas,Travis,0.7476043750355175
9681415300947378176,Texas,Travis,1092.2512569551375
9681415335307116544,Texas,Travis,7982.7533650813475
9681415369666854912,Texas,Travis,185.2868498338394
9681415404026593280,Texas,Travis,432.3119164149384
9681415438386331648,Texas,Travis,6908.800775224382
9681415472746070016,Texas,Travis,3553.1676442429243
9681415610185023488,Texas,Travis,4546.315319601202
9681415644544761856,Texas,Travis,4212.6183379230615
9681415747623976960,Texas,Travis,18729.507454702474
9681415781983715328,Texas,Travis,16463.428671409652
9681415816343453696,Texas,Travis,14787.965242880493
9681415850703192064,Texas,Travis,16257.247537827681
9681415885062930432,Texas,Travis,17229.525002818278
9681415919422668800,Texas,Travis,26535.534619705217
9681415953782407168,Texas,Travis,27628.179680749377
9681415988142145536,Texas,Travis,20417.96182995696
9681416022501883904,Texas,Travis,30282.533271318895
9681416056861622272,Texas,Travis,38719.3755814279
9681416091221360640,Texas,Travis,55267.038526103606
9681416125581099008,Texas,Travis,99408.92935810435
9681416159940837376,Texas,Travis,48775.42649392254
9681416194300575744,Texas,Travis,14396.037368738105
9681416228660314112,Texas,Travis,46221.86203695955
9681416263020052480,Texas,Travis,28385.80576647866
9681416297379790848,Texas,Travis,30012.892171778498
9681416331739529216,Texas,Travis,10941.295324611916
9681416400459005952,Texas,Travis,24171.846608433258
9681416434818744320,Texas,Travis,40249.82240351896
9681416469178482688,Texas,Travis,7261.68895764171
9681416640977174528,Texas,Travis,8747.217507039115
9681416675336912896,Texas,Travis,6286.8129467906665
9681416744056389632,Texas,Travis,6113.55220928733
9681417190732988416,Texas,Travis,1223.6769653944027
9681417225092726784,Texas,Travis,11737.615355426182
9681417259452465152,Texas,Travis,5390.101854128452
9681417293812203520,Texas,Travis,84.53777654249642
9681417328171941888,Texas,Travis,45.734578580464174
9681417362531680256,Texas,Travis,3299.813952859393
9681417396891418624,Texas,Travis,40.796124711695334
9681418152805662720,Texas,Travis,55.0364960776052
9739878636298698752,Arizona,Maricopa,4708.438754135444
9739878670658437120,Arizona,Maricopa,18746.287904637757
9739878705018175488,Arizona,Maricopa,7421.703713057985
9739878739377913856,Arizona,Maricopa,3.2309270282665734
9739878911176605696,Arizona,Maricopa,18379.71611361106
9739879014255820800,Arizona,Maricopa,29799.561161310394
9739879048615559168,Arizona,Maricopa,24723.159172062093
9739879082975297536,Arizona,Maricopa,9868.503703601229
9739879117335035904,Arizona,Maricopa,35257.41553345016
9739879151694774272,Arizona,Maricopa,63701.41195359648
9739879186054512640,Arizona,Maricopa,79643.43246961896
9739879220414251008,Arizona,Maricopa,62345.96715041061
9739879254773989376,Arizona,Maricopa,68081.0378662719
9739879289133727744,Arizona,Maricopa,77939.24881911563
9739879323493466112,Arizona,Maricopa,126925.31279904697
9739879357853204480,Arizona,Maricopa,148531.40631163158
9739879392212942848,Arizona,Maricopa,186186.63290482166
9739879426572681216,Arizona,Maricopa,119110.82488956497
9739879460932419584,Arizona,Maricopa,32015.638382489553
9739879495292157952,Arizona,Maricopa,109419.80352453141
9739879529651896320,Arizona,Maricopa,152471.4534360409
9739879564011634688,Arizona,Maricopa,16754.912794339783
9739879632731111424,Arizona,Maricopa,43886.158451587195
9739879667090849792,Arizona,Maricopa,24660.446831011337
9739879873249280000,Arizona,Maricopa,3671.096961297675
9739879907609018368,Arizona,Maricopa,25435.30135055998
9739879941968756736,Arizona,Maricopa,8233.972030074168
9739880045047971840,Arizona,Maricopa,7467.36174157505
9739880079407710208,Arizona,Maricopa,5334.3282821756575
9739883034345209856,Arizona,Maricopa,23921.251107921693
9739883068704948224,Arizona,Maricopa,3223.479841480052
9739883103064686592,Arizona,Maricopa,13970.786996347013
9739883137424424960,Arizona,Maricopa,36057.63351733421
9739883171784163328,Arizona,Maricopa,83220.86671776208
9739883206143901696,Arizona,Maricopa,102283.09871454578
9739883240503640064,Arizona,Maricopa,9113.699209486167
9739883274863378432,Arizona,Maricopa,32791.856520293695
9739883309223116800,Arizona,Maricopa,8542.53591298712
9739883343582855168,Arizona,Maricopa,13.830182470630868
9739883481021808640,Arizona,Maricopa,2.8318834537495454
9739884889771081728,Arizona,Maricopa,2.175828940350988
9739884958490558464,Arizona,Maricopa,12207.243114373341
9739884992850296832,Arizona,Maricopa,17960.43763335083
9739885027210035200,Arizona,Maricopa,106211.9790000956
9739885061569773568,Arizona,Maricopa,174867.90277941088
9739885095929511936,Arizona,Maricopa,121217.40712368801
9739885130289250304,Arizona,Maricopa,9725.178254889384
9739885164648988672,Arizona,Maricopa,15836.694471843146
9739885199008727040,Arizona,Maricopa,278639.7113063825
9739885233368465408,Arizona,Maricopa,283752.2394127785
9739885267728203776,Arizona,Maricopa,194792.278527495
9739885302087942144,Arizona,Maricopa,237080.04589440126
9739885336447680512,Arizona,Maricopa,297480.42261456576
9739885370807418880,Arizona,Maricopa,287467.368463331
9739885405167157248,Arizona,Maricopa,347104.4997775298
9739885439526895616,Arizona,Maricopa,286265.19316082535
9739885473886633984,Arizona,Maricopa,28777.91663854018
9739885508246372352,Arizona,Maricopa,66139.4264509795
9739885542606110720,Arizona,Maricopa,258537.01577729968
9739885576965849088,Arizona,Maricopa,247433.69994362438
9739885611325587456,Arizona,Maricopa,82692.86601638503
9739885645685325824,Arizona,Maricopa,91940.1607967994
9739885680045064192,Arizona,Maricopa,150891.3440189593
9739885714404802560,Arizona,Maricopa,100352.0787614166
9739885748764540928,Arizona,Maricopa,10375.895184047917
9739885783124279296,Arizona,Maricopa,83589.94214010867
9739885817484017664,Arizona,Maricopa,89279.65649867496
9739885851843756032,Arizona,Maricopa,29612.11106172971
9739885886203494400,Arizona,Maricopa,79739.55672507324
9739885920563232768,Arizona,Maricopa,41678.26491061762
9739885954922971136,Arizona,Maricopa,56140.56696982163
9739885989282709504,Arizona,Maricopa,71652.1169670947
9739886023642447872,Arizona,Maricopa,45960.47225425267
9739886058002186240,Arizona,Maricopa,116363.5658264449
9739886092361924608,Arizona,Maricopa,80946.11879998083
9739886126721662976,Arizona,Maricopa,182692.32484483812
9739886161081401344,Arizona,Maricopa,209556.46348162927
9739886195441139712,Arizona,Maricopa,209528.90499894603
9739886229800878080,Arizona,Maricopa,48613.76705647549
9739886264160616448,Arizona,Maricopa,117492.667772457
9739886298520354816,Arizona,Maricopa,169274.65811459153
9739886332880093184,Arizona,Maricopa,45933.91829600423
9739886367239831552,Arizona,Maricopa,68076.27662684068
9739886401599569920,Arizona,Maricopa,69501.74332233092
9739886435959308288,Arizona,Maricopa,88996.27055265772
9739886470319046656,Arizona,Maricopa,128810.18804392648
9739886504678785024,Arizona,Maricopa,134223.8006714438
9739886539038523392,Arizona,Maricopa,15266.50396537638
9739886573398261760,Arizona,Maricopa,101525.38418346278
9739886607758000128,Arizona,Maricopa,130891.68208554825
9739886642117738496,Arizona,Maricopa,152405.9452019668
9739886676477476864,Arizona,Maricopa,159995.4443105809
9739886710837215232,Arizona,Maricopa,107850.94384348109
9739886745196953600,Arizona,Maricopa,150716.41906551225
9739886779556691968,Arizona,Maricopa,170780.14048516264
9739886813916430336,Arizona,Maricopa,194685.42242967896
9739886848276168704,Arizona,Maricopa,156320.5351967221
9739886882635907072,Arizona,Maricopa,110691.87103765199
9739886916995645440,Arizona,Maricopa,95733.0135609036
9739886951355383808,Arizona,Maricopa,181303.97458838744
9739886985715122176,Arizona,Maricopa,149260.86626738342
9739887020074860544,Arizona,Maricopa,13499.674308208438
9739887054434598912,Arizona,Maricopa,117446.62998383403
9739887088794337280,Arizona,Maricopa,89114.43218657191
9739887123154075648,Arizona,Maricopa,56636.52617960377
9739887157513814016,Arizona,Maricopa,134672.20881270955
9739887191873552384,Arizona,Maricopa,156262.80941480983
9739887226233290752,Arizona,Maricopa,17750.5196986647
9739887260593029120,Arizona,Maricopa,144970.7478587057
9739887294952767488,Arizona,Maricopa,240548.85880776137
9739887329312505856,Arizona,Maricopa,241030.51096673313
9739887363672244224,Arizona,Maricopa,145904.29572424936
9739887398031982592,Arizona,Maricopa,162509.62517767842
9739887432391720960,Arizona,Maricopa,128842.7744472531
9739887466751459328,Arizona,Maricopa,229647.05542078946
9739887501111197696,Arizona,Maricopa,461238.6124189463
9739887535470936064,Arizona,Maricopa,49472.76284999222
9739887569830674432,Arizona,Maricopa,129648.14495701462
9739887604190412800,Arizona,Maricopa,48348.52670292226
9739887638550151168,Arizona,Maricopa,131036.7777348498
9739887672909889536,Arizona,Maricopa,225542.26092149102
9739887707269627904,Arizona,Maricopa,270137.19143119274
9739887741629366272,Arizona,Maricopa,154536.35004199654
9739887775989104640,Arizona,Maricopa,194684.49165758066
9739887810348843008,Arizona,Maricopa,309583.8036062045
9739887844708581376,Arizona,Maricopa,241092.75695545695
9739887879068319744,Arizona,Maricopa,348922.9979046481
9739887913428058112,Arizona,Maricopa,110175.88882540056
9739887947787796480,Arizona,Maricopa,134404.77498656596
9739887982147534848,Arizona,Maricopa,379110.55250972026
9739888016507273216,Arizona,Maricopa,638620.5474553602
9739888050867011584,Arizona,Maricopa,374292.90172555187
9739888085226749952,Arizona,Maricopa,276458.1496311299
9739888119586488320,Arizona,Maricopa,234690.64804287205
9739888153946226688,Arizona,Maricopa,183554.36246063877
9739888188305965056,Arizona,Maricopa,178548.80765619958
9739888222665703424,Arizona,Maricopa,162478.1506530742
9739888257025441792,Arizona,Maricopa,664087.0017638371
9739888291385180160,Arizona,Maricopa,346870.07272730675
9739888325744918528,Arizona,Maricopa,456352.46578647266
9739888360104656896,Arizona,Maricopa,544771.4183504328
9739888394464395264,Arizona,Maricopa,569670.2867948553
9739888428824133632,Arizona,Maricopa,602817.9432759453
9739888463183872000,Arizona,Maricopa,730939.1859296622
9739888497543610368,Arizona,Maricopa,897549.4747731969
9739888531903348736,Arizona,Maricopa,663427.544029279
9739888566263087104,Arizona,Maricopa,529676.5778670902
9739888600622825472,Arizona,Maricopa,314680.97389514797
9739888634982563840,Arizona,Maricopa,352588.6909132623
9739888669342302208,Arizona,Maricopa,357737.69487808907
9739888703702040576,Arizona,Maricopa,375037.42212607176
9739888738061778944,Arizona,Maricopa,415013.3331107239
9739888772421517312,Arizona,Maricopa,230989.01514693868
9739888806781255680,Arizona,Maricopa,82336.07344437424
9739888841140994048,Arizona,Maricopa,114028.34902931102
9739888875500732416,Arizona,Maricopa,594774.0610379726
9739888909860470784,Arizona,Maricopa,353592.95583136554
9739888944220209152,Arizona,Maricopa,569637.0002771266
9739888978579947520,Arizona,Maricopa,258954.6253987107
9739889012939685888,Arizona,Maricopa,487672.83189490973
9739889047299424256,Arizona,Maricopa,826984.0434140955
9739889081659162624,Arizona,Maricopa,312697.9817563035
9739889150378639360,Arizona,Maricopa,85123.22874801316
9739889184738377728,Arizona,Maricopa,389587.78509092313
9739889322177331200,Arizona,Maricopa,29386.976319057303
9739889459616284672,Arizona,Maricopa,78.82186799303734
9739889768853929984,Arizona,Maricopa,9916.61754337333
9739889803213668352,Arizona,Maricopa,54734.90897172274
9739889837573406720,Arizona,Maricopa,60515.94557241108
9739889871933145088,Arizona,Maricopa,9004.737586442865
9739889906292883456,Arizona,Maricopa,9297.291026260353
9739889940652621824,Arizona,Maricopa,47048.17646647236
9739889975012360192,Arizona,Maricopa,66462.01700226149
9739890456048697344,Arizona,Maricopa,40414.322429864966
9739890490408435712,Arizona,Maricopa,42102.139515561146
9739890524768174080,Arizona,Maricopa,220313.4247734305
9739890559127912448,Arizona,Maricopa,108986.5203628468
9739890593487650816,Arizona,Maricopa,89098.36761238847
9739890627847389184,Arizona,Maricopa,93190.1146179539
9739890662207127552,Arizona,Maricopa,8883.89090176746
9739890696566865920,Arizona,Maricopa,58645.486352108936
9739890730926604288,Arizona,Maricopa,352742.9702427503
9739890765286342656,Arizona,Maricopa,260428.56345043037
9739890799646081024,Arizona,Maricopa,237444.28859425554
9739890834005819392,Arizona,Maricopa,304083.3402415197
9739890868365557760,Arizona,Maricopa,240086.2906259581
9739890902725296128,Arizona,Maricopa,15554.603930881658
9739890937085034496,Arizona,Maricopa,190118.3002534951
9739890971444772864,Arizona,Maricopa,234203.50582613223
9739891005804511232,Arizona,Maricopa,41539.44437646306
9739891040164249600,Arizona,Maricopa,28252.961980694177
9739891074523987968,Arizona,Maricopa,8401.624410040522
9739891143243464704,Arizona,Maricopa,127078.94105065567
9739891177603203072,Arizona,Maricopa,128009.11787799338
9739891211962941440,Arizona,Maricopa,26636.785178579812
9739891246322679808,Arizona,Maricopa,55726.56767926779
9739891280682418176,Arizona,Maricopa,267407.2094371977
9739891315042156544,Arizona,Maricopa,214277.0118373723
9739891349401894912,Arizona,Maricopa,650014.564565772
9739891383761633280,Arizona,Maricopa,256475.7478104931
9739891418121371648,Arizona,Maricopa,341526.9738739494
9739891452481110016,Arizona,Maricopa,345449.7797858464
9739891486840848384,Arizona,Maricopa,538897.4189650497
9739891521200586752,Arizona,Maricopa,861236.7524181172
9739891555560325120,Arizona,Maricopa,450506.58977201034
9739891589920063488,Arizona,Maricopa,577328.3900657553
9739891624279801856,Arizona,Maricopa,556200.8372891118
9739891658639540224,Arizona,Maricopa,444645.45515352
9739891692999278592,Arizona,Maricopa,161030.52112818995
9739891727359016960,Arizona,Maricopa,247284.2114100637
9739891761718755328,Arizona,Maricopa,363578.45279021683
9739891796078493696,Arizona,Maricopa,262376.74712736224
9739891830438232064,Arizona,Maricopa,147574.76606005718
9739891864797970432,Arizona,Maricopa,153304.30187828885
9739891899157708800,Arizona,Maricopa,164049.21154506283
9739891933517447168,Arizona,Maricopa,322541.55272690125
9739891967877185536,Arizona,Maricopa,534082.3632905916
9739892002236923904,Arizona,Maricopa,355532.5327057669
9739892036596662272,Arizona,Maricopa,160822.8422662549
9739892070956400640,Arizona,Maricopa,388704.84681508725
9739892105316139008,Arizona,Maricopa,267878.3476158333
9739892139675877376,Arizona,Maricopa,192767.2380426854
9739892174035615744,Arizona,Maricopa,263163.8293169676
9739892208395354112,Arizona,Maricopa,378506.34829312086
9739892242755092480,Arizona,Maricopa,166164.91474754622
9739892277114830848,Arizona,Maricopa,157134.82660806002
9739892311474569216,Arizona,Maricopa,209783.24123712967
9739892345834307584,Arizona,Maricopa,186718.06740753417
9739892414553784320,Arizona,Maricopa,84530.93777319894
9739892448913522688,Arizona,Maricopa,48454.1311043048
9739892483273261056,Arizona,Maricopa,29138.531038641115
9739892517632999424,Arizona,Maricopa,117621.3267218339
9739892586352476160,Arizona,Maricopa,177620.05552028978
9739892620712214528,Arizona,Maricopa,287537.71907845454
9739892655071952896,Arizona,Maricopa,113543.61674299462
9739892723791429632,Arizona,Maricopa,6417.280322407982
9739892792510906368,Arizona,Maricopa,33186.538095422016
9739892826870644736,Arizona,Maricopa,294172.78359745763
9739892861230383104,Arizona,Maricopa,416606.8459792757
9739892895590121472,Arizona,Maricopa,275715.8181173708
9739892929949859840,Arizona,Maricopa,141525.8520204645
9739892964309598208,Arizona,Maricopa,201656.54482002254
9739892998669336576,Arizona,Maricopa,283201.90413648525
9739893033029074944,Arizona,Maricopa,125177.25707004791
9739893067388813312,Arizona,Maricopa,28793.630294079398
9739893101748551680,Arizona,Maricopa,92282.85442780111
9739893136108290048,Arizona,Maricopa,126903.82220600348
9739893170468028416,Arizona,Maricopa,88721.98042043425
9739893204827766784,Arizona,Maricopa,151155.77553105305
9739893239187505152,Arizona,Maricopa,117073.86122034756
9739893273547243520,Arizona,Maricopa,89689.01038097046
9739893307906981888,Arizona,Maricopa,190863.56542132422
9739893342266720256,Arizona,Maricopa,317042.855573205
9739893376626458624,Arizona,Maricopa,292231.4264542921
9739893410986196992,Arizona,Maricopa,252469.9580515364
9739893445345935360,Arizona,Maricopa,266071.10671387793
9739893479705673728,Arizona,Maricopa,243962.5478520259
9739893514065412096,Arizona,Maricopa,215988.99212650073
9739893548425150464,Arizona,Maricopa,226463.29209693737
9739893582784888832,Arizona,Maricopa,282325.39284036425
9739893617144627200,Arizona,Maricopa,408757.98349953303
9739893651504365568,Arizona,Maricopa,226648.44969988332
9739893685864103936,Arizona,Maricopa,177368.20794421664
9739893720223842304,Arizona,Maricopa,276142.3925686694
9739893754583580672,Arizona,Maricopa,346374.7522181391
9739893788943319040,Arizona,Maricopa,63649.141348608544
9739893823303057408,Arizona,Maricopa,247795.94021309164
9739893857662795776,Arizona,Maricopa,261863.53489431922
9739893892022534144,Arizona,Maricopa,277177.29167478665
9739893926382272512,Arizona,Maricopa,338560.21580903366
9739893960742010880,Arizona,Maricopa,276647.64355341817
9739893995101749248,Arizona,Maricopa,458776.70651099127
9739894029461487616,Arizona,Maricopa,462998.9714011508
9739894063821225984,Arizona,Maricopa,798151.1258730694
9739894098180964352,Arizona,Maricopa,542730.4660875914
9739894132540702720,Arizona,Maricopa,150903.67715909745
9739894166900441088,Arizona,Maricopa,86541.27465156632
9739894201260179456,Arizona,Maricopa,187988.74631672984
9739894235619917824,Arizona,Maricopa,130763.07202429987
9739894269979656192,Arizona,Maricopa,165848.65399624783
9739894304339394560,Arizona,Maricopa,1911.6944572006885
9739894338699132928,Arizona,Maricopa,7230.125307239474
9739894373058871296,Arizona,Maricopa,94209.35143864319
9739894407418609664,Arizona,Maricopa,239384.57391471078
9739894441778348032,Arizona,Maricopa,526487.1212229418
9739894476138086400,Arizona,Maricopa,486942.01669161906
9739894510497824768,Arizona,Maricopa,693245.508278551
9739894544857563136,Arizona,Maricopa,545465.950664661
9739894579217301504,Arizona,Maricopa,638921.5949033936
9739894613577039872,Arizona,Maricopa,335407.2873438658
9739894647936778240,Arizona,Maricopa,857865.1760513993
9739894682296516608,Arizona,Maricopa,638217.9946944749
9739894716656254976,Arizona,Maricopa,118521.13018245879
9739894751015993344,Arizona,Maricopa,99524.823245699
9739894785375731712,Arizona,Maricopa,608811.4318116752
9739894819735470080,Arizona,Maricopa,514073.8004306923
9739894888454946816,Arizona,Maricopa,414821.0023534375
9739894922814685184,Arizona,Maricopa,422611.4888916126
9739894957174423552,Arizona,Maricopa,296982.8782165946
9739894991534161920,Arizona,Maricopa,515654.15576442325
9739895025893900288,Arizona,Maricopa,545810.8695659034
9739895060253638656,Arizona,Maricopa,483921.2988634661
9739895094613377024,Arizona,Maricopa,150752.05875462032
9739895128973115392,Arizona,Maricopa,180261.70307277012
9739895163332853760,Arizona,Maricopa,86472.55490909744
9739895197692592128,Arizona,Maricopa,179855.50658561432
9739895232052330496,Arizona,Maricopa,66975.58737055636
9739895266412068864,Arizona,Maricopa,96818.66891685445
9739895300771807232,Arizona,Maricopa,513519.9692251525
9739895335131545600,Arizona,Maricopa,474024.91590639856
9739895369491283968,Arizona,Maricopa,172179.30074201693
9739895403851022336,Arizona,Maricopa,488979.6583267499
9739895438210760704,Arizona,Maricopa,523502.6087448119
9739895472570499072,Arizona,Maricopa,304025.08881337027
9739895506930237440,Arizona,Maricopa,46330.57989880966
9739895541289975808,Arizona,Maricopa,42724.003450119184
9739895575649714176,Arizona,Maricopa,274905.1380016512
9739895610009452544,Arizona,Maricopa,222553.433981117
9739895644369190912,Arizona,Maricopa,10750.88327049347
9739895713088667648,Arizona,Maricopa,27.44467194908907
9739895747448406016,Arizona,Maricopa,10848.387091674242
9739895781808144384,Arizona,Maricopa,80017.8168916071
9739895816167882752,Arizona,Maricopa,112021.66139012369
9739895850527621120,Arizona,Maricopa,155408.36094710883
9739895884887359488,Arizona,Maricopa,205735.61409626587
9739895919247097856,Arizona,Maricopa,213437.62533379975
9739895953606836224,Arizona,Maricopa,202185.88139190566
9739895987966574592,Arizona,Maricopa,247289.2308838638
9739896022326312960,Arizona,Maricopa,192210.42004200383
9739896056686051328,Arizona,Maricopa,165967.8474481057
9739896091045789696,Arizona,Maricopa,5190.829474227595
9739896125405528064,Arizona,Maricopa,13439.942198815314
9739896297204219904,Arizona,Maricopa,927.3980796296709
9739896331563958272,Arizona,Maricopa,3629.409094538856
9739896365923696640,Arizona,Maricopa,88343.15992605993
9739896400283435008,Arizona,Maricopa,24073.1678933042
9739896434643173376,Arizona,Maricopa,84228.52951067644
9739896469002911744,Arizona,Maricopa,47532.5800787378
9739896503362650112,Arizona,Maricopa,29275.640605489545
9739896537722388480,Arizona,Maricopa,60989.25184868961
9739896572082126848,Arizona,Maricopa,27669.799028993282
9739896606441865216,Arizona,Maricopa,17146.980478369507
9739896675161341952,Arizona,Maricopa,245.10187165865437
9739897190557417472,Arizona,Maricopa,112.99359167510022
9739897259276894208,Arizona,Maricopa,4069.4780884040083
9739897293636632576,Arizona,Maricopa,7378.896069568488
9739897327996370944,Arizona,Maricopa,9575.74514035384
9739897431075586048,Arizona,Maricopa,155.40685731665485
9739897740313231360,Arizona,Maricopa,3846.1505025207775
9739897809032708096,Arizona,Maricopa,467.27007911397453
9739897843392446464,Arizona,Maricopa,28590.0050718168
9739897877752184832,Arizona,Maricopa,29605.59523082707
9739897912111923200,Arizona,Maricopa,382180.06283409544
9739897946471661568,Arizona,Maricopa,102909.49259329782
9739897980831399936,Arizona,Maricopa,37291.86015766326
9739898049550876672,Arizona,Maricopa,24152.24016091698
9739898083910615040,Arizona,Maricopa,72733.72398904154
9739898118270353408,Arizona,Maricopa,63857.66377349833
9739898152630091776,Arizona,Maricopa,114646.51636864696
9739898186989830144,Arizona,Maricopa,142806.76459973532
9739898221349568512,Arizona,Maricopa,78174.8309985211
9739898255709306880,Arizona,Maricopa,115304.65039943998
9739898290069045248,Arizona,Maricopa,498654.3050705886
9739898324428783616,Arizona,Maricopa,177601.0779430643
9739898358788521984,Arizona,Maricopa,1036896.980829835
9739898393148260352,Arizona,Maricopa,611848.8491359446
9739898427507998720,Arizona,Maricopa,757601.506677549
9739898461867737088,Arizona,Maricopa,569983.2700656779
9739898496227475456,Arizona,Maricopa,681373.0870018653
9739898530587213824,Arizona,Maricopa,908663.588283483
9739898564946952192,Arizona,Maricopa,702055.6716879447
9739898599306690560,Arizona,Maricopa,90098.42514967987
9739898633666428928,Arizona,Maricopa,173287.93380368725
9739898668026167296,Arizona,Maricopa,658637.9588620154
9739898702385905664,Arizona,Maricopa,491053.6015715501
9739898736745644032,Arizona,Maricopa,116058.6989585623
9739898771105382400,Arizona,Maricopa,98127.7322700355
9739898805465120768,Arizona,Maricopa,415370.7263626496
9739898839824859136,Arizona,Maricopa,417109.2911689901
9739898874184597504,Arizona,Maricopa,270310.32404284534
9739898908544335872,Arizona,Maricopa,248034.82773126382
9739898942904074240,Arizona,Maricopa,339603.2782491781
9739898977263812608,Arizona,Maricopa,213324.16406019937
9739899011623550976,Arizona,Maricopa,298490.3466176541
9739899045983289344,Arizona,Maricopa,181681.17102081946
9739899080343027712,Arizona,Maricopa,181103.37409959585
9739899114702766080,Arizona,Maricopa,117233.2158495917
9739899149062504448,Arizona,Maricopa,73357.21520890931
9739899183422242816,Arizona,Maricopa,102862.50892307622
9739899217781981184,Arizona,Maricopa,205510.288534589
9739899252141719552,Arizona,Maricopa,282053.41524202307
9739899286501457920,Arizona,Maricopa,110901.5041290196
9739899320861196288,Arizona,Maricopa,86374.51558394144
9739899355220934656,Arizona,Maricopa,104283.62020555623
9739899389580673024,Arizona,Maricopa,151590.79054415753
9739899423940411392,Arizona,Maricopa,227376.17736876148
9739899458300149760,Arizona,Maricopa,436786.71195444575
9739899492659888128,Arizona,Maricopa,152959.88454437265
9739899527019626496,Arizona,Maricopa,80664.56815169427
9739899561379364864,Arizona,Maricopa,31295.670530858482
9739899595739103232,Arizona,Maricopa,20666.86716578243
9739899630098841600,Arizona,Maricopa,88069.987108036
9739899664458579968,Arizona,Maricopa,74494.47476887619
9739899698818318336,Arizona,Maricopa,64696.84477052574
9739899733178056704,Arizona,Maricopa,15052.494822157008
9739899767537795072,Arizona,Maricopa,17146.227871117833
9739900214214393856,Arizona,Maricopa,31767.69029745952
9739900248574132224,Arizona,Maricopa,75235.54198966738
9739900282933870592,Arizona,Maricopa,64848.62510141376
9739900317293608960,Arizona,Maricopa,15861.97531402054
9739900351653347328,Arizona,Maricopa,13622.222385992673
9739900386013085696,Arizona,Maricopa,31071.36270901876
9739900420372824064,Arizona,Maricopa,49587.85824049299
9739900454732562432,Arizona,Maricopa,8407.103433486787
9739997727151882240,Arizona,Maricopa,3159.0239587879187
9739997761511620608,Arizona,Maricopa,3040.028303111429
9739998208188219392,Arizona,Maricopa,12304.783435149584
9739998242547957760,Arizona,Maricopa,16979.641830564186
9739998276907696128,Arizona,Maricopa,44258.70767445327
9739998311267434496,Arizona,Maricopa,37065.43912778878
9739998345627172864,Arizona,Maricopa,40121.51752016952
9739998379986911232,Arizona,Maricopa,11055.113469865724
9739998414346649600,Arizona,Maricopa,10419.423861116908
9739998448706387968,Arizona,Maricopa,13970.539933759856
9739998483066126336,Arizona,Maricopa,10548.7180756885
9739998517425864704,Arizona,Maricopa,12012.989627933874
9739998551785603072,Arizona,Maricopa,50906.541034180234
9739998586145341440,Arizona,Maricopa,28940.574501567018
9739998620505079808,Arizona,Maricopa,34538.07491194217
9739998654864818176,Arizona,Maricopa,20891.7410627114
9739998689224556544,Arizona,Maricopa,87657.68172197789
9739998723584294912,Arizona,Maricopa,51334.59912338258
9739998757944033280,Arizona,Maricopa,19168.18953057857
9739998792303771648,Arizona,Maricopa,73437.57635718709
9739998826663510016,Arizona,Maricopa,57081.16309206064
9739998861023248384,Arizona,Maricopa,47071.05759532967
9739998895382986752,Arizona,Maricopa,21.750311505887407
9739998929742725120,Arizona,Maricopa,16604.567502725262
9739998964102463488,Arizona,Maricopa,1.490053240493013
9739999204620632064,Arizona,Maricopa,10.147222781918813
9740002606234730496,Arizona,Maricopa,5810.179196574249
9740002709313945600,Arizona,Maricopa,29021.570966820418
9740002743673683968,Arizona,Maricopa,22763.127832745125
9740002915472375808,Arizona,Maricopa,14571.772336876724
9740002949832114176,Arizona,Maricopa,52756.95072783396
9740002984191852544,Arizona,Maricopa,42363.95871025652
9740003018551590912,Arizona,Maricopa,9975.421260266183
9740003052911329280,Arizona,Maricopa,13222.020579487453
9740003087271067648,Arizona,Maricopa,26410.579071703047
9740003155990544384,Arizona,Maricopa,10636.803372549835
9740003190350282752,Arizona,Maricopa,25906.572942987383
9740003224710021120,Arizona,Maricopa,63670.8756919344
9740003259069759488,Arizona,Maricopa,41270.14435407421
9740003293429497856,Arizona,Maricopa,68113.07134513928
9740003327789236224,Arizona,Maricopa,60430.498896735626
9740003362148974592,Arizona,Maricopa,16062.172526034177
9740003396508712960,Arizona,Maricopa,13142.732656982034
9740003430868451328,Arizona,Maricopa,3839.4354206297066
9740003533947666432,Arizona,Maricopa,1765.851035330561
9740004152422957056,Arizona,Maricopa,22383.328423448158
9740004186782695424,Arizona,Maricopa,22210.85323054783
9740004221142433792,Arizona,Maricopa,0.7811866928896505
9740004289861910528,Arizona,Maricopa,18846.906668527423
9740004324221648896,Arizona,Maricopa,21054.1802813495
9740004633459294208,Arizona,Maricopa,8977.74614984413
9740004667819032576,Arizona,Maricopa,28861.470456344832
9740004702178770944,Arizona,Maricopa,127155.75705693294
9740004736538509312,Arizona,Maricopa,29203.573965260253
9740005011416416256,Arizona,Maricopa,15467.482605364441
9740005045776154624,Arizona,Maricopa,32081.79095183637
9740005080135892992,Arizona,Maricopa,36719.35538814573
9740005114495631360,Arizona,Maricopa,162781.52890977802
9740005148855369728,Arizona,Maricopa,145159.9102746192
9740005320654061568,Arizona,Maricopa,122636.30310807662
9740005389373538304,Arizona,Maricopa,183910.23520559547
9740005423733276672,Arizona,Maricopa,6528.5082432356185
9740005458093015040,Arizona,Maricopa,16608.685232168715
9740005492452753408,Arizona,Maricopa,40124.36361038956
9740005526812491776,Arizona,Maricopa,17891.353019610142
9740005561172230144,Arizona,Maricopa,79317.10419680006
9740005595531968512,Arizona,Maricopa,62594.84374545851
9740005629891706880,Arizona,Maricopa,71400.30159632572
9740005664251445248,Arizona,Maricopa,42206.908077448716
9740005698611183616,Arizona,Maricopa,27079.834212823982
9740005732970921984,Arizona,Maricopa,53064.76058162038
9740005767330660352,Arizona,Maricopa,123615.30779329581
9740005801690398720,Arizona,Maricopa,18937.256350572447
9740005836050137088,Arizona,Maricopa,35634.77736210523
9740005870409875456,Arizona,Maricopa,95694.80486784874
9740005904769613824,Arizona,Maricopa,87800.06868491384
9740005939129352192,Arizona,Maricopa,30838.705331202716
9740005973489090560,Arizona,Maricopa,19888.96011758697
9740006007848828928,Arizona,Maricopa,74473.64232823168
9740006042208567296,Arizona,Maricopa,24689.27891162051
9740006076568305664,Arizona,Maricopa,13046.03907018149
9740006110928044032,Arizona,Maricopa,26895.33730456356
9740006145287782400,Arizona,Maricopa,40264.49475278234
9740006179647520768,Arizona,Maricopa,32101.55214839535
9740006214007259136,Arizona,Maricopa,64929.96202649362
9740006248366997504,Arizona,Maricopa,70258.00862206337
9740006282726735872,Arizona,Maricopa,33621.97846952966
9740006317086474240,Arizona,Maricopa,134367.74506654285
9740006351446212608,Arizona,Maricopa,45743.901442896225
9740006385805950976,Arizona,Maricopa,45306.965876082555
9740006420165689344,Arizona,Maricopa,192423.4084578294
9740006454525427712,Arizona,Maricopa,164071.27785887767
9740006488885166080,Arizona,Maricopa,96576.60516844627
9740006523244904448,Arizona,Maricopa,83377.6644811706
9740006557604642816,Arizona,Maricopa,142340.3659902866
9740006591964381184,Arizona,Maricopa,18969.757400308932
9740006626324119552,Arizona,Maricopa,21078.982993840258
9740006660683857920,Arizona,Maricopa,54970.72397139495
9740006695043596288,Arizona,Maricopa,84921.64942919087
9740006763763073024,Arizona,Maricopa,51395.592990654935
9740006798122811392,Arizona,Maricopa,87516.1344728738
9740006832482549760,Arizona,Maricopa,98756.5842421287
9740006866842288128,Arizona,Maricopa,38880.42713220303
9740006901202026496,Arizona,Maricopa,22074.59489829489
9740006969921503232,Arizona,Maricopa,27369.98976132232
9740007004281241600,Arizona,Maricopa,180341.2146050847
9740007038640979968,Arizona,Maricopa,206900.66035515026
9740007073000718336,Arizona,Maricopa,22735.15925354661
9740007107360456704,Arizona,Maricopa,156651.5648869933
9740007141720195072,Arizona,Maricopa,153338.71116368298
9740007176079933440,Arizona,Maricopa,185288.81012697364
9740007210439671808,Arizona,Maricopa,180410.55911348166
9740007244799410176,Arizona,Maricopa,137187.28713233958
9740007279159148544,Arizona,Maricopa,10998.200048192108
9740007313518886912,Arizona,Maricopa,697.168963168178
9740007347878625280,Arizona,Maricopa,95.72640726775515
9740007382238363648,Arizona,Maricopa,7259.181537623742
9740007416598102016,Arizona,Maricopa,40098.14238657082
9740007450957840384,Arizona,Maricopa,155383.1113995636
9740007485317578752,Arizona,Maricopa,18989.83492123658
9740007519677317120,Arizona,Maricopa,25575.1951524756
9740007554037055488,Arizona,Maricopa,701.7802112909297
9740007828914962432,Arizona,Maricopa,83.51148486186916
9740007863274700800,Arizona,Maricopa,18174.617157685556
9740007897634439168,Arizona,Maricopa,31491.326427964297
9740007931994177536,Arizona,Maricopa,16969.869516568502
9740007966353915904,Arizona,Maricopa,27799.216461517022
9740008035073392640,Arizona,Maricopa,73626.81846706591
9740008069433131008,Arizona,Maricopa,40130.942596801615
9740008103792869376,Arizona,Maricopa,19964.887958880674
9740008138152607744,Arizona,Maricopa,74468.7790004926
9740008172512346112,Arizona,Maricopa,21389.419567550063
9740008206872084480,Arizona,Maricopa,15612.743920954905
9740008241231822848,Arizona,Maricopa,6866.138291360426
9740008275591561216,Arizona,Maricopa,13097.458652297493
9740008309951299584,Arizona,Maricopa,21096.22598095892
9740008344311037952,Arizona,Maricopa,3410.010629166549
9740008378670776320,Arizona,Maricopa,1061.0772140096105
9740008413030514688,Arizona,Maricopa,2374.353940229309
9740008859707113472,Arizona,Maricopa,3581.924733806485
9740008928426590208,Arizona,Maricopa,11764.083436680754
9740008997146066944,Arizona,Maricopa,13135.352132701772
9740009031505805312,Arizona,Maricopa,81168.280106356
9740009065865543680,Arizona,Maricopa,27351.727555765963
9740009100225282048,Arizona,Maricopa,52025.24270561108
9740009134585020416,Arizona,Maricopa,4050.6863667029975
9740009168944758784,Arizona,Maricopa,18378.050341861013
9740062289100275712,Arizona,Maricopa,198.03691650963808
9740062735776874496,Arizona,Maricopa,16205.092889920328
9740062770136612864,Arizona,Maricopa,18384.574744481655
9740062804496351232,Arizona,Maricopa,27380.68012620923
9740062838856089600,Arizona,Maricopa,150358.60603057873
9740062873215827968,Arizona,Maricopa,62189.14049360586
9740062907575566336,Arizona,Maricopa,28437.318338606274
9740062941935304704,Arizona,Maricopa,82.28747195028309
9740063045014519808,Arizona,Maricopa,2012.5139486865683
9740063079374258176,Arizona,Maricopa,37918.05790707405
9740063113733996544,Arizona,Maricopa,2467.8169634939313
9740063148093734912,Arizona,Maricopa,2546.065589105789
9740063182453473280,Arizona,Maricopa,20913.551203647035
9740063216813211648,Arizona,Maricopa,90796.06069436361
9740063251172950016,Arizona,Maricopa,105295.51039818031
9740063285532688384,Arizona,Maricopa,106866.09678102405
9740063319892426752,Arizona,Maricopa,124123.33423004163
9740063354252165120,Arizona,Maricopa,92434.28561115052
9740063388611903488,Arizona,Maricopa,92454.84325696906
9740063422971641856,Arizona,Maricopa,50386.70868880225
9740063457331380224,Arizona,Maricopa,88934.4352274261
9740063491691118592,Arizona,Maricopa,29991.996241293124
9740063526050856960,Arizona,Maricopa,33009.49363375506
9740063560410595328,Arizona,Maricopa,46843.98965059356
9740063594770333696,Arizona,Maricopa,61028.36133240229
9740063835288502272,Arizona,Maricopa,125.87092372641645
9740065037879345152,Arizona,Maricopa,2.520171340361637
9740065278397513728,Arizona,Maricopa,70015.12340261057
9740065312757252096,Arizona,Maricopa,49748.93521183523
9740065347116990464,Arizona,Maricopa,47017.385740375656
9740065381476728832,Arizona,Maricopa,36832.43194061251
9740065415836467200,Arizona,Maricopa,53007.54030942352
9740065450196205568,Arizona,Maricopa,63258.38123473946
9740065484555943936,Arizona,Maricopa,55837.174990008585
9740065518915682304,Arizona,Maricopa,38215.736977436034
9740065553275420672,Arizona,Maricopa,62231.567834420886
9740065587635159040,Arizona,Maricopa,23748.778837330952
9740065621994897408,Arizona,Maricopa,56222.27126122097
9740065656354635776,Arizona,Maricopa,62341.01112941619
9740065690714374144,Arizona,Maricopa,31.933606495900985
9740065793793589248,Arizona,Maricopa,7.427488019755543
9740065931232542720,Arizona,Maricopa,27.720145729886028
9740065965592281088,Arizona,Maricopa,13180.927470978435
9740065999952019456,Arizona,Maricopa,24854.900921503333
9740066034311757824,Arizona,Maricopa,38149.387574432905
9740066068671496192,Arizona,Maricopa,14361.027758035365
9740066103031234560,Arizona,Maricopa,20536.68622811361
9740066137390972928,Arizona,Maricopa,10277.916274028776
9740066171750711296,Arizona,Maricopa,4425.848438621974
9740066206110449664,Arizona,Maricopa,24053.882671738844
9740066240470188032,Arizona,Maricopa,24131.62148786999
9740066274829926400,Arizona,Maricopa,5754.892120615952
9740066309189664768,Arizona,Maricopa,9307.722646240582
9740066343549403136,Arizona,Maricopa,13183.193512889422
9868791220694679552,Georgia,Fulton,7.070368242000787
9868791255054417920,Georgia,Fulton,10.660692940411865
9868791289414156288,Georgia,Fulton,14.144314404092453
9868791323773894656,Georgia,Fulton,8.175282356289813
9868795034625638400,Georgia,DeKalb,0.8078960496967472
9868795068985376768,Georgia,DeKalb,497.23683649570734
9868795446942498816,Georgia,DeKalb,2969.818480391832
9868795481302237184,Georgia,DeKalb,6639.5399466824965
9868795550021713920,Georgia,DeKalb,6.694273983881763
9868795584381452288,Georgia,DeKalb,9286.17001093255
9868795618741190656,Georgia,DeKalb / Fulton,19027.42437312465
9868795653100929024,Georgia,DeKalb / Fulton,123.21843188556794
9868795687460667392,Georgia,Fulton,76.87352070511757
9868795790539882496,Georgia,DeKalb / Fulton,106.21808662507189
9868796443374911488,Georgia,Fulton,11.29420494255821
9868796580813864960,Georgia,Fulton,250.39292688372453
9868796615173603328,Georgia,Fulton,36.02216177080042
9868796649533341696,Georgia,Fulton,2648.5943114108027
9868796683893080064,Georgia,Fulton,12528.648387847903
9868796718252818432,Georgia,Fulton,12513.597215533293
9868796752612556800,Georgia,Fulton,6454.918309613124
9868796786972295168,Georgia,Fulton,1322.8857692839993
9868796821332033536,Georgia,Fulton,383.35995473066106
9868796890051510272,Georgia,Fulton,37.799816075923
9868796924411248640,Georgia,Fulton,27.69198574767064
9868796958770987008,Georgia,Fulton,2403.5495449128257
9868796993130725376,Georgia,Fulton,27964.795849814658
9868797027490463744,Georgia,Fulton,79.3015989253147
9868797061850202112,Georgia,Fulton,138.67055170753696
9868797096209940480,Georgia,Fulton,61.28927581731193
9868797130569678848,Georgia,Fulton,707.2148521749098
9868797164929417216,Georgia,Fulton,4394.928719877954
9868797199289155584,Georgia,Fulton,13153.669780399156
9868797233648893952,Georgia,Fulton,218.01527632208882
9868797268008632320,Georgia,Fulton,4.080080215526001
9868797302368370688,Georgia,Fulton,9603.37750948934
9868797336728109056,Georgia,Fulton,51141.22692661036
9868797371087847424,Georgia,Fulton,55316.49746581768
9868797405447585792,Georgia,Fulton,12973.18259011672
9868797439807324160,Georgia,Fulton,9121.774647601305
9868797474167062528,Georgia,Fulton,9342.904566534913
9868797508526800896,Georgia,Fulton,15488.875658466619
9868797542886539264,Georgia,Fulton,56505.019747591374
9868797577246277632,Georgia,Fulton,49148.56934279544
9868797611606016000,Georgia,Fulton,4896.678355116958
9868797645965754368,Georgia,Fulton,8.219432637297672
9868797680325492736,Georgia,Fulton,13.789100890047438
9868797714685231104,Georgia,Fulton,310.24663875135604
9868797749044969472,Georgia,Fulton,3241.136331165788
9868797783404707840,Georgia,Fulton,22.159868040876628
9868797817764446208,Georgia,Fulton,5.897447436342722
9868797852124184576,Georgia,Fulton,3080.5629476373297
9868797886483922944,Georgia,Fulton,27486.030091323417
9868797920843661312,Georgia,Fulton,63816.21300971683
9868797955203399680,Georgia,Fulton,56925.912407332056
9868797989563138048,Georgia,Fulton,106334.78640286667
9868798023922876416,Georgia,Fulton,115919.55381934643
9868798058282614784,Georgia,Fulton,66490.53925493784
9868798092642353152,Georgia,Fulton,35943.540939725324
9868798127002091520,Georgia,Fulton,70653.23990847274
9868798161361829888,Georgia,Fulton,31340.33336149722
9868798195721568256,Georgia,Fulton,18991.03908454807
9868798230081306624,Georgia,Fulton,20850.058979782512
9868798264441044992,Georgia,Fulton,20586.614221096774
9868798298800783360,Georgia,Fulton,7851.546861799123
9868798333160521728,Georgia,Fulton,597.8935960056172
9868798367520260096,Georgia,Fulton,82.87888811041225
9868798401879998464,Georgia,Fulton,3.3415888230627244
9868798436239736832,Georgia,Fulton,15.86723026738061
9868798470599475200,Georgia,Fulton,19736.483400762012
9868798504959213568,Georgia,Fulton,81488.44304806711
9868798539318951936,Georgia,Fulton,45715.54792161679
9868798573678690304,Georgia,Fulton,55538.68568797514
9868798608038428672,Georgia,Fulton,110822.96696112229
9868798642398167040,Georgia,Fulton,107304.72675301225
9868798676757905408,Georgia,Fulton,73986.62043596356
9868798711117643776,Georgia,Fulton,47500.71846222165
9868798745477382144,Georgia,Fulton,33457.56058331063
9868798779837120512,Georgia,Fulton,109713.8020693254
9868798814196858880,Georgia,Fulton,48358.91959173591
9868798848556597248,Georgia,Fulton,157818.40066693298
9868798882916335616,Georgia,Fulton,42383.16354634064
9868798917276073984,Georgia,Fulton,77288.90561083361
9868798951635812352,Georgia,Fulton,122332.94395273938
9868798985995550720,Georgia,Fulton,146672.4687724875
9868799020355289088,Georgia,Fulton,206309.59509488542
9868799054715027456,Georgia,Fulton,139210.46322016636
9868799089074765824,Georgia,Fulton,147628.90999012877
9868799123434504192,Georgia,Fulton,114274.51892216543
9868799157794242560,Georgia,Fulton,93415.31599491277
9868799192153980928,Georgia,Fulton,131742.06675478866
9868799226513719296,Georgia,Fulton,25006.926947876418
9868799260873457664,Georgia,Fulton,3411.846991328678
9868799295233196032,Georgia,Fulton,4.597552637356855
9868799329592934400,Georgia,Fulton,5670.484824670245
9868799363952672768,Georgia,Fulton,32194.362806561287
9868799398312411136,Georgia,Fulton,59484.085823954345
9868799432672149504,Georgia,Fulton,37782.31333999943
9868799467031887872,Georgia,Fulton,100682.41195019754
9868799501391626240,Georgia,Fulton,63116.13785823256
9868799535751364608,Georgia,Fulton,103163.31601810498
9868799570111102976,Georgia,Fulton,127632.97875194014
9868799604470841344,Georgia,Fulton,113192.56014577612
9868799638830579712,Georgia,Fulton,34981.48181788292
9868799673190318080,Georgia,Fulton,22285.601832133198
9868799707550056448,Georgia,Fulton,7768.569760177932
9868799741909794816,Georgia,Fulton,28591.220714282266
9868799776269533184,Georgia,Fulton,53872.97413870192
9868799810629271552,Georgia,Fulton,32086.773275312276
9868799844989009920,Georgia,Fulton,85842.13448097865
9868799879348748288,Georgia,Fulton,11986.229804426544
9868799913708486656,Georgia,Fulton,7233.296079332306
9868799948068225024,Georgia,Fulton,3052.60364390425
9868799982427963392,Georgia,Fulton,2994.347053248256
9868800016787701760,Georgia,Fulton,0.8486329500923411
9868800051147440128,Georgia,Fulton,14.208691972626502
9868800085507178496,Georgia,Fulton,506.6806442675041
9868800119866916864,Georgia,Fulton,12407.958196029556
9868800154226655232,Georgia,Fulton,18690.94629166416
9868800188586393600,Georgia,Fulton,3399.577182238271
9868800222946131968,Georgia,Fulton,6535.293397122526
9868800257305870336,Georgia,Fulton,69560.32812603569
9868800291665608704,Georgia,Fulton,31314.294474579227
9868800326025347072,Georgia,Fulton,41252.91555395741
9868800360385085440,Georgia,Fulton,51388.87652826295
9868800394744823808,Georgia,Fulton,52700.56309169306
9868800429104562176,Georgia,Fulton,4918.686403107887
9868800463464300544,Georgia,Fulton,29846.25373843971
9868800497824038912,Georgia,Fulton,92318.89187293603
9868800532183777280,Georgia,Fulton,85573.23521584865
9868800566543515648,Georgia,Fulton,31901.745689495747
9868800600903254016,Georgia,Fulton,24186.913152519275
9868800635262992384,Georgia,Fulton,15109.745040665162
9868800669622730752,Georgia,Fulton,56037.57297148931
9868800703982469120,Georgia,Fulton,84542.18052220794
9868800738342207488,Georgia,Fulton,18132.661542149242
9868800772701945856,Georgia,DeKalb / Fulton,8995.321901777068
9868800807061684224,Georgia,DeKalb / Fulton,12656.82603336625
9868800841421422592,Georgia,DeKalb,17623.576906823455
9868800875781160960,Georgia,DeKalb,1577.2903221645943
9868800910140899328,Georgia,DeKalb,34.39909249992278
9868800944500637696,Georgia,DeKalb,32.22582209177628
9868800978860376064,Georgia,DeKalb,1526.154791389797
9868801013220114432,Georgia,DeKalb,5887.9299044605705
9868801047579852800,Georgia,DeKalb,11192.023530850862
9868801081939591168,Georgia,DeKalb,12322.430909091428
9868801116299329536,Georgia,DeKalb,6751.2840407417925
9868801150659067904,Georgia,DeKalb,23601.802151421532
9868801185018806272,Georgia,DeKalb,42957.56236330111
9868801219378544640,Georgia,DeKalb,34120.16820342952
9868801253738283008,Georgia,DeKalb / Fulton,54138.63563119656
9868801288098021376,Georgia,Fulton,10072.407970032542
9868801322457759744,Georgia,DeKalb / Fulton,26254.44068227575
9868801356817498112,Georgia,DeKalb,31994.35384800948
9868801391177236480,Georgia,DeKalb,27052.97762120692
9868801425536974848,Georgia,DeKalb / Fulton,26634.90309967766
9868801459896713216,Georgia,DeKalb / Fulton,85717.408514489
9868801494256451584,Georgia,DeKalb / Fulton,64810.528049952234
9868801528616189952,Georgia,DeKalb,30032.449175848098
9868801562975928320,Georgia,DeKalb,26925.85223399192
9868801597335666688,Georgia,DeKalb,21058.13730341887
9868801631695405056,Georgia,DeKalb,17512.7020386581
9868801666055143424,Georgia,DeKalb,9604.180556638954
9868801700414881792,Georgia,DeKalb,19472.80551445127
9868801734774620160,Georgia,DeKalb,7455.758291551475
9868801769134358528,Georgia,DeKalb,20419.41275835097
9868801803494096896,Georgia,DeKalb,23170.62926030433
9868801837853835264,Georgia,DeKalb,30483.567789885157
9868801872213573632,Georgia,DeKalb,19739.369540800362
9868801940933050368,Georgia,DeKalb,6310.87306113055
9868801975292788736,Georgia,DeKalb,12474.627100646008
9868802009652527104,Georgia,DeKalb,15564.640885177007
9868802044012265472,Georgia,DeKalb,9230.575396097014
9868802078372003840,Georgia,DeKalb,1711.0276105899554
9868802112731742208,Georgia,DeKalb,10112.07505770738
9868802147091480576,Georgia,DeKalb,637.3183279437679
9868802593768079360,Georgia,DeKalb,9564.701691492293
9868802628127817728,Georgia,DeKalb,5819.995992865624
9868802731207032832,Georgia,DeKalb,23.72687927922893
9868802765566771200,Georgia,DeKalb,10.70855394145327
9868803384042061824,Georgia,DeKalb,3.583720165624943
9868803521481015296,Georgia,DeKalb,3.5653170006510093
9868803555840753664,Georgia,DeKalb,3.2771065988856445
9868803590200492032,Georgia,DeKalb,3.758198324986496
9868803624560230400,Georgia,DeKalb,3.3810118513442298
9868803658919968768,Georgia,DeKalb,9.602194013845862
9868803693279707136,Georgia,Fulton,3115.5350476521926
9868803727639445504,Georgia,DeKalb / Fulton,3.2121984030612407
9868803761999183872,Georgia,DeKalb,5.600929102345623
9868810943184502784,Georgia,Fulton,1.62519109393646
9868810977544241152,Georgia,Fulton,7.190177962212351
9868811011903979520,Georgia,Fulton,33187.59765379665
9868811046263717888,Georgia,Fulton,28517.415089197162
9868811080623456256,Georgia,Fulton,9980.52437937672
9868811114983194624,Georgia,Fulton,0.9217615400663095
9868811149342932992,Georgia,Fulton,0.10315289185559746
9868811183702671360,Georgia,Fulton,1102.6606066065767
9868811218062409728,Georgia,Fulton,2.7823050976958537
9868811252422148096,Georgia,Fulton,2.6192963307996187
9868811321141624832,Georgia,Fulton,0.2764643170972762
9868811699098746880,Georgia,Fulton,4.147399247961512
9868811733458485248,Georgia,Fulton,0.141201638664265
9868823518848745472,Georgia,Fulton,168.4809605206689
9868823587568222208,Georgia,Fulton,3177.2675082291958
9868823621927960576,Georgia,Fulton,14746.879561158688
9868823656287698944,Georgia,Fulton,32745.82245617396
9868823690647437312,Georgia,Fulton,87.37701123134865
9868824034244820992,Georgia,Fulton,159.16512478929877
9868825820951216128,Georgia,Fulton,23.60697884158558
9868825855310954496,Georgia,Fulton,19.367549255163336
9868825889670692864,Georgia,Fulton,13.586872006578758
9868825924030431232,Georgia,Fulton,8.57926214749465
9868826405066768384,Georgia,Fulton,5.403233276264151
