state,county,s2_cell,waymo_ro_miles,incremental_miles,vintage_end,exposure_phase,geometry_geojson
,AUSTIN,9675052805114560512,9.636481512251185,9.636,202509,deployment,"{""type"":""Polygon"",""coordinates"":[[[-97.68737060664283,30.19886710953289],[-97.68737060664283,30.18739406044232],[-97.67651571401332,30.188030443282756],[-97.67651571401332,30.19950363724946],[-97.68737060664283,30.19886710953289]]]}"
,AUSTIN,9675052839474298880,26.725396896091045,26.725,202509,deployment,"{""type"":""Polygon"",""coordinates"":[[[-97.68737060664283,30.210339170152974],[-97.68737060664283,30.19886710953289],[-97.67651571401332,30.19950363724946],[-97.67651571401332,30.210975842631118],[-97.68737060664283,30.210339170152974]]]}"
,AUSTIN,9675052908193775616,303.43887337308115,303.439,202509,deployment,"{""type"":""Polygon"",""coordinates"":[[[-97.69822718000074,30.198229580769112],[-97.69822718000074,30.186756676788185],[-97.68737060664283,30.18739406044232],[-97.68737060664283,30.19886710953289],[-97.69822718000074,30.198229580769112]]]}"
,AUSTIN,9675054763619647488,1516.7351423055545,1516.735,202509,deployment,"{""type"":""Polygon"",""coordinates"":[[[-97.75253521988041,30.18355473346533],[-97.75253521988041,30.172081571923766],[-97.74167025909962,30.17272381875606],[-97.74167025909962,30.184197126692126],[-97.75253521988041,30.18355473346533]]]}"
,AUSTIN,9675054797979385856,188.3000258365856,188.3,202509,deployment,"{""type"":""Polygon"",""coordinates"":[[[-97.76340185489671,30.18291133722535],[-97.76340185489671,30.171438322312646],[-97.75253521988041,30.172081571923766],[-97.75253521988041,30.18355473346533],[-97.76340185489671,30.18291133722535]]]}"
,AUSTIN,9675054901058600960,1.6942217511477322,1.694,202509,deployment,"{""type"":""Polygon"",""coordinates"":[[[-97.78514014329618,30.17014881329274],[-97.78514014329618,30.15867510723818],[-97.7742701630638,30.15932021628872],[-97.7742701630638,30.170794069557328],[-97.78514014329618,30.17014881329274]]]}"
,AUSTIN,9675054935418339328,2236.478934572596,2236.479,202509,deployment,"{""type"":""Polygon"",""coordinates"":[[[-97.78514014329618,30.181621534244204],[-97.78514014329618,30.17014881329274],[-97.7742701630638,30.170794069557328],[-97.7742701630638,30.182266937606695],[-97.78514014329618,30.181621534244204]]]}"
,AUSTIN,9675055004137816064,5114.811434544163,5114.811,202509,deployment,"{""type"":""Polygon"",""coordinates"":[[[-97.7742701630638,30.193738819272284],[-97.7742701630638,30.182266937606695],[-97.76340185489671,30.18291133722535],[-97.76340185489671,30.194383365638306],[-97.7742701630638,30.193738819272284]]]}"
,AUSTIN,9675055038497554432,8769.888815669286,8769.889,202509,deployment,"{""type"":""Polygon"",""coordinates"":[[[-97.78514014329618,30.19309326892803],[-97.78514014329618,30.181621534244204],[-97.7742701630638,30.182266937606695],[-97.7742701630638,30.193738819272284],[-97.78514014329618,30.19309326892803]]]}"
,AUSTIN,9675055072857292800,11550.094667640356,11550.095,202509,deployment,"{""type"":""Polygon"",""coordinates"":[[[-97.78514014329618,30.204564016180388],[-97.78514014329618,30.19309326892803],[-97.7742701630638,30.193738819272284],[-97.7742701630638,30.20520971339025],[-97.78514014329618,30.204564016180388]]]}"
,AUSTIN,9675055107217031168,12224.929110950468,12224.929,202509,deployment,"{""type"":""Polygon"",""coordinates"":[[[-97.7742701630638,30.20520971339025],[-97.7742701630638,30.193738819272284],[-97.76340185489671,30.194383365638306],[-97.76340185489671,30.205854406387655],[-97.7742701630638,30.20520971339025]]]}"
,AUSTIN,9675055141576769536,12331.967032348612,12331.967,202509,deployment,"{""type"":""Polygon"",""coordinates"":[[[-97.76340185489671,30.205854406387655],[-97.76340185489671,30.194383365638306],[-97.75253521988041,30.19502690839136],[-97.75253521988041,30.20649809553799],[-97.76340185489671,30.205854406387655]]]}"
,AUSTIN,9675055175936507904,7598.036108018086,7598.036,202509,deployment,"{""type"":""Polygon"",""coordinates"":[[[-97.76340185489671,30.194383365638306],[-97.76340185489671,30.18291133722535],[-97.75253521988041,30.18355473346533],[-97.75253521988041,30.19502690839136],[-97.76340185489671,30.194383365638306]]]}"
,AUSTIN,9675055210296246272,15031.199059397368,15031.199,202509,deployment,"{""type"":""Polygon"",""coordinates"":[[[-97.75253521988041,30.19502690839136],[-97.75253521988041,30.18355473346533],[-97.74167025909962,30.184197126692126],[-97.74167025909962,30.195669447897057],[-97.75253521988041,30.19502690839136]]]}"
,AUSTIN,9675055244655984640,6953.3426547173685,6953.343,202509,deployment,"{""type"":""Polygon"",""coordinates"":[[[-97.75253521988041,30.20649809553799],[-97.75253521988041,30.19502690839136],[-97.74167025909962,30.195669447897057],[-97.74167025909962,30.207140781206956],[-97.75253521988041,30.20649809553799]]]}"
,AUSTIN,9675055279015723008,13417.998914891059,13413.875,202509,deployment,"{""type"":""Polygon"",""coordinates"":[[[-97.74167025909962,30.207140781206956],[-97.74167025909962,30.195669447897057],[-97.73080697363837,30.196310984521308],[-97.73080697363837,30.20778246376059],[-97.74167025909962,30.207140781206956]]]}"
,AUSTIN,9675055313375461376,22691.737509680046,17789.619,202509,deployment,"{""type"":""Polygon"",""coordinates"":[[[-97.73080697363837,30.20778246376059],[-97.73080697363837,30.196310984521308],[-97.71994536457991,30.196951518630314],[-97.71994536457991,30.208423143565195],[-97.73080697363837,30.20778246376059]]]}"
,AUSTIN,9675055347735199744,13515.138885578932,13514.12,202509,deployment,"{""type"":""Polygon"",""coordinates"":[[[-97.73080697363837,30.196310984521308],[-97.73080697363837,30.184838517271555],[-97.71994536457991,30.1854789055697],[-97.71994536457991,30.196951518630314],[-97.73080697363837,30.196310984521308]]]}"
,AUSTIN,9675055382094938112,19884.783209941572,19884.74,202509,deployment,"{""type"":""Polygon"",""coordinates"":[[[-97.74167025909962,30.195669447897057],[-97.74167025909962,30.184197126692126],[-97.73080697363837,30.184838517271555],[-97.73080697363837,30.196310984521308],[-97.74167025909962,30.195669447897057]]]}"
,AUSTIN,9675055450814414848,676.3501590260557,676.35,202509,deployment,"{""type"":""Polygon"",""coordinates"":[[[-97.74167025909962,30.17272381875606],[-97.74167025909962,30.161249525253425],[-97.73080697363837,30.161890623396896],[-97.73080697363837,30.173365063175222],[-97.74167025909962,30.17272381875606]]]}"
,AUSTIN,9675055485174153216,273.29219268882946,273.292,202509,deployment,"{""type"":""Polygon"",""coordinates"":[[[-97.73080697363837,30.173365063175222],[-97.73080697363837,30.161890623396896],[-97.71994536457991,30.162530719727545],[-97.71994536457991,30.17400530554724],[-97.73080697363837,30.173365063175222]]]}"
,AUSTIN,9675055519533891584,0.005290190484844405,0.005,202509,deployment,"{""type"":""Polygon"",""coordinates"":[[[-97.73080697363837,30.184838517271555],[-97.73080697363837,30.173365063175222],[-97.71994536457991,30.17400530554724],[-97.71994536457991,30.1854789055697],[-97.73080697363837,30.184838517271555]]]}"
,AUSTIN,9675055691332583424,4208.088712255817,4208.089,202509,deployment,"{""type"":""Polygon"",""coordinates"":[[[-97.70908543300678,30.197591050590635],[-97.70908543300678,30.186118291952997],[-97.69822718000074,30.186756676788185],[-97.69822718000074,30.198229580769112],[-97.70908543300678,30.197591050590635]]]}"
,AUSTIN,9675055725692321792,20.698380559055515,20.698,202509,deployment,"{""type"":""Polygon"",""coordinates"":[[[-97.71994536457991,30.196951518630314],[-97.71994536457991,30.1854789055697],[-97.70908543300678,30.186118291952997],[-97.70908543300678,30.197591050590635],[-97.71994536457991,30.196951518630314]]]}"
,AUSTIN,9675055760052060160,134159.5706226663,67963.914,202509,deployment,"{""type"":""Polygon"",""coordinates"":[[[-97.71994536457991,30.208423143565195],[-97.71994536457991,30.196951518630314],[-97.70908543300678,30.197591050590635],[-97.70908543300678,30.20906282098744],[-97.71994536457991,30.208423143565195]]]}"
,AUSTIN,9675055794411798528,3935.047387465734,3935.047,202509,deployment,"{""type"":""Polygon"",""coordinates"":[[[-97.70908543300678,30.20906282098744],[-97.70908543300678,30.197591050590635],[-97.69822718000074,30.198229580769112],[-97.69822718000074,30.20970149639428],[-97.70908543300678,30.20906282098744]]]}"
,AUSTIN,9675055828771536896,22499.484483882392,8502.293,202509,deployment,"{""type"":""Polygon"",""coordinates"":[[[-97.70908543300678,30.220533601980172],[-97.70908543300678,30.20906282098744],[-97.69822718000074,30.20970149639428],[-97.69822718000074,30.221172422500445],[-97.70908543300678,30.220533601980172]]]}"
,AUSTIN,9675055863131275264,139085.53716500552,71573.485,202509,deployment,"{""type"":""Polygon"",""coordinates"":[[[-97.71994536457991,30.2198937792111],[-97.71994536457991,30.208423143565195],[-97.70908543300678,30.20906282098744],[-97.70908543300678,30.220533601980172],[-97.71994536457991,30.2198937792111]]]}"
,AUSTIN,9675055897491013632,44617.469754550846,17957.739,202509,deployment,"{""type"":""Polygon"",""coordinates"":[[[-97.71994536457991,30.23136342440552],[-97.71994536457991,30.2198937792111],[-97.70908543300678,30.220533601980172],[-97.70908543300678,30.23200339240629],[-97.71994536457991,30.23136342440552]]]}"
,AUSTIN,9675055931850752000,66113.8230330465,27937.853,202509,deployment,"{""type"":""Polygon"",""coordinates"":[[[-97.70908543300678,30.23200339240629],[-97.70908543300678,30.220533601980172],[-97.69822718000074,30.221172422500445],[-97.69822718000074,30.232642357925062],[-97.70908543300678,30.23200339240629]]]}"
,AUSTIN,9675056000570228736,24912.396584039445,12321.421,202509,deployment,"{""type"":""Polygon"",""coordinates"":[[[-97.70908543300678,30.25493999691198],[-97.70908543300678,30.243472191103944],[-97.69822718000074,30.244111301506265],[-97.69822718000074,30.25557925208289],[-97.70908543300678,30.25493999691198]]]}"
,AUSTIN,9675056034929967104,60595.40412388614,42216.041,202509,deployment,"{""type"":""Polygon"",""coordinates"":[[[-97.71994536457991,30.254299738793186],[-97.71994536457991,30.242832077986595],[-97.70908543300678,30.243472191103944],[-97.70908543300678,30.25493999691198],[-97.71994536457991,30.254299738793186]]]}"
,AUSTIN,9675056069289705472,40322.28881346065,22892.7,202509,deployment,"{""type"":""Polygon"",""coordinates"":[[[-97.71994536457991,30.242832077986595],[-97.71994536457991,30.23136342440552],[-97.70908543300678,30.23200339240629],[-97.70908543300678,30.243472191103944],[-97.71994536457991,30.242832077986595]]]}"
,AUSTIN,9675056103649443840,149085.14253992648,70844.73,202509,deployment,"{""type"":""Polygon"",""coordinates"":[[[-97.73080697363837,30.24219096178692],[-97.73080697363837,30.230722453555565],[-97.71994536457991,30.23136342440552],[-97.71994536457991,30.242832077986595],[-97.73080697363837,30.24219096178692]]]}"
,AUSTIN,9675056138009182208,62138.9804011218,27411.939,202509,deployment,"{""type"":""Polygon"",""coordinates"":[[[-97.73080697363837,30.25365847735911],[-97.73080697363837,30.24219096178692],[-97.71994536457991,30.242832077986595],[-97.71994536457991,30.254299738793186],[-97.73080697363837,30.25365847735911]]]}"
,AUSTIN,9675056172368920576,254062.9271771529,96365.041,202509,deployment,"{""type"":""Polygon"",""coordinates"":[[[-97.74167025909962,30.253016212242656],[-97.74167025909962,30.241548842137945],[-97.73080697363837,30.24219096178692],[-97.73080697363837,30.25365847735911],[-97.74167025909962,30.253016212242656]]]}"
,AUSTIN,9675056206728658944,119233.84273259151,48264.95,202509,deployment,"{""type"":""Polygon"",""coordinates"":[[[-97.74167025909962,30.241548842137945],[-97.74167025909962,30.230080479489565],[-97.73080697363837,30.230722453555565],[-97.73080697363837,30.24219096178692],[-97.74167025909962,30.241548842137945]]]}"
,AUSTIN,9675056241088397312,48629.20170214948,20202.954,202509,deployment,"{""type"":""Polygon"",""coordinates"":[[[-97.74167025909962,30.230080479489565],[-97.74167025909962,30.218611125458633],[-97.73080697363837,30.219252953826178],[-97.73080697363837,30.230722453555565],[-97.74167025909962,30.230080479489565]]]}"
,AUSTIN,9675056275448135680,106522.46746381497,60911.618,202509,deployment,"{""type"":""Polygon"",""coordinates"":[[[-97.73080697363837,30.230722453555565],[-97.73080697363837,30.219252953826178],[-97.71994536457991,30.2198937792111],[-97.71994536457991,30.23136342440552],[-97.73080697363837,30.230722453555565]]]}"
,AUSTIN,9675056309807874048,23920.95712580429,6462.639,202509,deployment,"{""type"":""Polygon"",""coordinates"":[[[-97.73080697363837,30.219252953826178],[-97.73080697363837,30.20778246376059],[-97.71994536457991,30.208423143565195],[-97.71994536457991,30.2198937792111],[-97.73080697363837,30.219252953826178]]]}"
,AUSTIN,9675056344167612416,44112.51478899308,21492.256,202509,deployment,"{""type"":""Polygon"",""coordinates"":[[[-97.74167025909962,30.218611125458633],[-97.74167025909962,30.207140781206956],[-97.73080697363837,30.20778246376059],[-97.73080697363837,30.219252953826178],[-97.74167025909962,30.218611125458633]]]}"
,AUSTIN,9675056378527350784,15967.532555742511,10197.407,202509,deployment,"{""type"":""Polygon"",""coordinates"":[[[-97.75253521988041,30.217968293742018],[-97.75253521988041,30.20649809553799],[-97.74167025909962,30.207140781206956],[-97.74167025909962,30.218611125458633],[-97.75253521988041,30.217968293742018]]]}"
,AUSTIN,9675056412887089152,27844.316856291058,11819.438,202509,deployment,"{""type"":""Polygon"",""coordinates"":[[[-97.75253521988041,30.229437501840962],[-97.75253521988041,30.217968293742018],[-97.74167025909962,30.218611125458633],[-97.74167025909962,30.230080479489565],[-97.75253521988041,30.229437501840962]]]}"
,AUSTIN,9675056447246827520,33916.307330050324,15586.743,202509,deployment,"{""type"":""Polygon"",""coordinates"":[[[-97.76340185489671,30.228793520243535],[-97.76340185489671,30.217324458310227],[-97.75253521988041,30.217968293742018],[-97.75253521988041,30.229437501840962],[-97.76340185489671,30.228793520243535]]]}"
,AUSTIN,9675056481606565888,7714.8169393054495,7387.594,202509,deployment,"{""type"":""Polygon"",""coordinates"":[[[-97.76340185489671,30.217324458310227],[-97.76340185489671,30.205854406387655],[-97.75253521988041,30.20649809553799],[-97.75253521988041,30.217968293742018],[-97.76340185489671,30.217324458310227]]]}"
,AUSTIN,9675056515966304256,5669.2020973471135,5669.202,202509,deployment,"{""type"":""Polygon"",""coordinates"":[[[-97.7742701630638,30.21667961879742],[-97.7742701630638,30.20520971339025],[-97.76340185489671,30.205854406387655],[-97.76340185489671,30.217324458310227],[-97.7742701630638,30.21667961879742]]]}"
,AUSTIN,9675056550326042624,20715.672713577813,20715.673,202509,deployment,"{""type"":""Polygon"",""coordinates"":[[[-97.78514014329618,30.216033774838124],[-97.78514014329618,30.204564016180388],[-97.7742701630638,30.20520971339025],[-97.7742701630638,30.21667961879742],[-97.78514014329618,30.216033774838124]]]}"
,AUSTIN,9675056584685780992,7892.076851170622,7584.036,202509,deployment,"{""type"":""Polygon"",""coordinates"":[[[-97.78514014329618,30.227502543738765],[-97.78514014329618,30.216033774838124],[-97.7742701630638,30.21667961879742],[-97.7742701630638,30.228148534331336],[-97.78514014329618,30.227502543738765]]]}"
,AUSTIN,9675056619045519360,30955.619520367472,22856.663,202509,deployment,"{""type"":""Polygon"",""coordinates"":[[[-97.7742701630638,30.228148534331336],[-97.7742701630638,30.21667961879742],[-97.76340185489671,30.217324458310227],[-97.76340185489671,30.228793520243535],[-97.7742701630638,30.228148534331336]]]}"
,AUSTIN,9675056653405257728,38369.711440023675,20239.947,202509,deployment,"{""type"":""Polygon"",""coordinates"":[[[-97.7742701630638,30.2396164588302],[-97.7742701630638,30.228148534331336],[-97.76340185489671,30.228793520243535],[-97.76340185489671,30.24026159102579],[-97.7742701630638,30.2396164588302]]]}"
,AUSTIN,9675056687764996096,25947.138542461056,11822.811,202509,deployment,"{""type"":""Polygon"",""coordinates"":[[[-97.78514014329618,30.238970321720554],[-97.78514014329618,30.227502543738765],[-97.7742701630638,30.228148534331336],[-97.7742701630638,30.2396164588302],[-97.78514014329618,30.238970321720554]]]}"
,AUSTIN,9675056722124734464,56271.29861430025,28486.531,202509,deployment,"{""type"":""Polygon"",""coordinates"":[[[-97.78514014329618,30.250437107622414],[-97.78514014329618,30.238970321720554],[-97.7742701630638,30.2396164588302],[-97.7742701630638,30.251083391132934],[-97.78514014329618,30.250437107622414]]]}"
,AUSTIN,9675056756484472832,89061.60929453616,44078.791,202509,deployment,"{""type"":""Polygon"",""coordinates"":[[[-97.7742701630638,30.251083391132934],[-97.7742701630638,30.2396164588302],[-97.76340185489671,30.24026159102579],[-97.76340185489671,30.251728669495872],[-97.7742701630638,30.251083391132934]]]}"
,AUSTIN,9675056790844211200,122690.48653801472,49595.676,202509,deployment,"{""type"":""Polygon"",""coordinates"":[[[-97.76340185489671,30.251728669495872],[-97.76340185489671,30.24026159102579],[-97.75253521988041,30.24090571867302],[-97.75253521988041,30.25237294307706],[-97.76340185489671,30.251728669495872]]]}"
,AUSTIN,9675056825203949568,74958.28417729438,32536.113,202509,deployment,"{""type"":""Polygon"",""coordinates"":[[[-97.76340185489671,30.24026159102579],[-97.76340185489671,30.228793520243535],[-97.75253521988041,30.229437501840962],[-97.75253521988041,30.24090571867302],[-97.76340185489671,30.24026159102579]]]}"
,AUSTIN,9675056859563687936,45886.97062921848,20229.362,202509,deployment,"{""type"":""Polygon"",""coordinates"":[[[-97.75253521988041,30.24090571867302],[-97.75253521988041,30.229437501840962],[-97.74167025909962,30.230080479489565],[-97.74167025909962,30.241548842137945],[-97.75253521988041,30.24090571867302]]]}"
,AUSTIN,9675056893923426304,121488.95124277932,47553.09,202509,deployment,"{""type"":""Polygon"",""coordinates"":[[[-97.75253521988041,30.25237294307706],[-97.75253521988041,30.24090571867302],[-97.74167025909962,30.241548842137945],[-97.74167025909962,30.253016212242656],[-97.75253521988041,30.25237294307706]]]}"
,AUSTIN,9675056928283164672,351994.33493818104,138016.587,202509,deployment,"{""type"":""Polygon"",""coordinates"":[[[-97.75253521988041,30.26383917389268],[-97.75253521988041,30.25237294307706],[-97.74167025909962,30.253016212242656],[-97.74167025909962,30.264482588643258],[-97.75253521988041,30.26383917389268]]]}"
,AUSTIN,9675056962642903040,360817.59782671084,155297.569,202509,deployment,"{""type"":""Polygon"",""coordinates"":[[[-97.75253521988041,30.275304409960153],[-97.75253521988041,30.26383917389268],[-97.74167025909962,30.264482588643258],[-97.74167025909962,30.27594797018001],[-97.75253521988041,30.275304409960153]]]}"
,AUSTIN,9675056997002641408,220337.80573824982,92050.482,202509,deployment,"{""type"":""Polygon"",""coordinates"":[[[-97.76340185489671,30.274659844858633],[-97.76340185489671,30.263194754493398],[-97.75253521988041,30.26383917389268],[-97.75253521988041,30.275304409960153],[-97.76340185489671,30.274659844858633]]]}"
,AUSTIN,9675057031362379776,221172.54372467374,97358.542,202509,deployment,"{""type"":""Polygon"",""coordinates"":[[[-97.76340185489671,30.263194754493398],[-97.76340185489671,30.251728669495872],[-97.75253521988041,30.25237294307706],[-97.75253521988041,30.26383917389268],[-97.76340185489671,30.263194754493398]]]}"
,AUSTIN,9675057065722118144,46998.02877409742,19897.302,202509,deployment,"{""type"":""Polygon"",""coordinates"":[[[-97.7742701630638,30.262549330079125],[-97.7742701630638,30.251083391132934],[-97.76340185489671,30.251728669495872],[-97.76340185489671,30.263194754493398],[-97.7742701630638,30.262549330079125]]]}"
,AUSTIN,9675057100081856512,9810.296672844399,3694.905,202509,deployment,"{""type"":""Polygon"",""coordinates"":[[[-97.78514014329618,30.26190290028395],[-97.78514014329618,30.250437107622414],[-97.7742701630638,30.251083391132934],[-97.7742701630638,30.262549330079125],[-97.78514014329618,30.26190290028395]]]}"
,AUSTIN,9675057134441594880,9778.461780302907,5289.03,202509,deployment,"{""type"":""Polygon"",""coordinates"":[[[-97.78514014329618,30.273367698545478],[-97.78514014329618,30.26190290028395],[-97.7742701630638,30.262549330079125],[-97.7742701630638,30.274014274509096],[-97.78514014329618,30.273367698545478]]]}"
,AUSTIN,9675057168801333248,29783.155155713142,12571.888,202509,deployment,"{""type"":""Polygon"",""coordinates"":[[[-97.7742701630638,30.274014274509096],[-97.7742701630638,30.262549330079125],[-97.76340185489671,30.263194754493398],[-97.76340185489671,30.274659844858633],[-97.7742701630638,30.274014274509096]]]}"
,AUSTIN,9675057203161071616,31391.952928270377,13205.595,202509,deployment,"{""type"":""Polygon"",""coordinates"":[[[-97.7742701630638,30.2854782232638],[-97.7742701630638,30.274014274509096],[-97.76340185489671,30.274659844858633],[-97.76340185489671,30.28612393943256],[-97.7742701630638,30.2854782232638]]]}"
,AUSTIN,9675057237520809984,6499.382163998171,3379.545,202509,deployment,"{""type"":""Polygon"",""coordinates"":[[[-97.78514014329618,30.28483150124798],[-97.78514014329618,30.273367698545478],[-97.7742701630638,30.274014274509096],[-97.7742701630638,30.2854782232638],[-97.78514014329618,30.28483150124798]]]}"
,AUSTIN,9675057271880548352,7695.11572867624,4289.74,202509,deployment,"{""type"":""Polygon"",""coordinates"":[[[-97.78514014329618,30.29629430723317],[-97.78514014329618,30.28483150124798],[-97.7742701630638,30.2854782232638],[-97.7742701630638,30.296941175184934],[-97.78514014329618,30.29629430723317]]]}"
,AUSTIN,9675057306240286720,23176.42982500919,10023.784,202509,deployment,"{""type"":""Polygon"",""coordinates"":[[[-97.7742701630638,30.296941175184934],[-97.7742701630638,30.2854782232638],[-97.76340185489671,30.28612393943256],[-97.76340185489671,30.29758703705685],[-97.7742701630638,30.296941175184934]]]}"
,AUSTIN,9675057340600025088,49227.158438116916,21545.749,202509,deployment,"{""type"":""Polygon"",""coordinates"":[[[-97.76340185489671,30.29758703705685],[-97.76340185489671,30.28612393943256],[-97.75253521988041,30.286768650120425],[-97.75253521988041,30.29823189321517],[-97.76340185489671,30.29758703705685]]]}"
,AUSTIN,9675057374959763456,60797.68226489985,27729.192,202509,deployment,"{""type"":""Polygon"",""coordinates"":[[[-97.76340185489671,30.28612393943256],[-97.76340185489671,30.274659844858633],[-97.75253521988041,30.275304409960153],[-97.75253521988041,30.286768650120425],[-97.76340185489671,30.28612393943256]]]}"
,AUSTIN,9675057409319501824,296173.5159293136,127101.286,202509,deployment,"{""type"":""Polygon"",""coordinates"":[[[-97.75253521988041,30.286768650120425],[-97.75253521988041,30.275304409960153],[-97.74167025909962,30.27594797018001],[-97.74167025909962,30.287412355693874],[-97.75253521988041,30.286768650120425]]]}"
,AUSTIN,9675057443679240192,184591.39211695988,90283.193,202509,deployment,"{""type"":""Polygon"",""coordinates"":[[[-97.75253521988041,30.29823189321517],[-97.75253521988041,30.286768650120425],[-97.74167025909962,30.287412355693874],[-97.74167025909962,30.298875744026493],[-97.75253521988041,30.29823189321517]]]}"
,AUSTIN,9675057478038978560,98803.37292488622,43096.81,202509,deployment,"{""type"":""Polygon"",""coordinates"":[[[-97.74167025909962,30.298875744026493],[-97.74167025909962,30.287412355693874],[-97.73080697363837,30.288055056519696],[-97.73080697363837,30.2995185898577],[-97.74167025909962,30.298875744026493]]]}"
,AUSTIN,9675057512398716928,55929.03960540667,24378.229,202509,deployment,"{""type"":""Polygon"",""coordinates"":[[[-97.73080697363837,30.2995185898577],[-97.73080697363837,30.288055056519696],[-97.71994536457991,30.28869675296498],[-97.71994536457991,30.300160431076023],[-97.73080697363837,30.2995185898577]]]}"
,AUSTIN,9675057546758455296,101222.50626566011,39711.829,202509,deployment,"{""type"":""Polygon"",""coordinates"":[[[-97.73080697363837,30.288055056519696],[-97.73080697363837,30.2765905258849],[-97.71994536457991,30.277232077441795],[-97.71994536457991,30.28869675296498],[-97.73080697363837,30.288055056519696]]]}"
,AUSTIN,9675057581118193664,66383.32971479757,31055.817,202509,deployment,"{""type"":""Polygon"",""coordinates"":[[[-97.74167025909962,30.287412355693874],[-97.74167025909962,30.27594797018001],[-97.73080697363837,30.2765905258849],[-97.73080697363837,30.288055056519696],[-97.74167025909962,30.287412355693874]]]}"
,AUSTIN,9675057615477932032,271050.6836039381,119839.974,202509,deployment,"{""type"":""Polygon"",""coordinates"":[[[-97.74167025909962,30.27594797018001],[-97.74167025909962,30.264482588643258],[-97.73080697363837,30.26512499911168],[-97.73080697363837,30.2765905258849],[-97.74167025909962,30.27594797018001]]]}"
,AUSTIN,9675057649837670400,160667.61175324037,37776.274,202509,deployment,"{""type"":""Polygon"",""coordinates"":[[[-97.74167025909962,30.264482588643258],[-97.74167025909962,30.253016212242656],[-97.73080697363837,30.25365847735911],[-97.73080697363837,30.26512499911168],[-97.74167025909962,30.264482588643258]]]}"
,AUSTIN,9675057684197408768,197841.10694721335,82499.66,202509,deployment,"{""type"":""Polygon"",""coordinates"":[[[-97.73080697363837,30.26512499911168],[-97.73080697363837,30.25365847735911],[-97.71994536457991,30.254299738793186],[-97.71994536457991,30.26576640566484],[-97.73080697363837,30.26512499911168]]]}"
,AUSTIN,9675057718557147136,156013.70112460226,52807.468,202509,deployment,"{""type"":""Polygon"",""coordinates"":[[[-97.73080697363837,30.2765905258849],[-97.73080697363837,30.26512499911168],[-97.71994536457991,30.26576640566484],[-97.71994536457991,30.277232077441795],[-97.73080697363837,30.2765905258849]]]}"
,AUSTIN,9675057752916885504,96270.8887312204,34547.713,202509,deployment,"{""type"":""Polygon"",""coordinates"":[[[-97.71994536457991,30.277232077441795],[-97.71994536457991,30.26576640566484],[-97.70908543300678,30.266406808669927],[-97.70908543300678,30.27787262521801],[-97.71994536457991,30.277232077441795]]]}"
,AUSTIN,9675057787276623872,73408.22389200905,37303.549,202509,deployment,"{""type"":""Polygon"",""coordinates"":[[[-97.71994536457991,30.26576640566484],[-97.71994536457991,30.254299738793186],[-97.70908543300678,30.25493999691198],[-97.70908543300678,30.266406808669927],[-97.71994536457991,30.26576640566484]]]}"
,AUSTIN,9675057821636362240,65162.72576985466,24707.125,202509,deployment,"{""type"":""Polygon"",""coordinates"":[[[-97.70908543300678,30.266406808669927],[-97.70908543300678,30.25493999691198],[-97.69822718000074,30.25557925208289],[-97.69822718000074,30.26704620849445],[-97.70908543300678,30.266406808669927]]]}"
,AUSTIN,9675057855996100608,27001.387568919898,14069.866,202509,deployment,"{""type"":""Polygon"",""coordinates"":[[[-97.70908543300678,30.27787262521801],[-97.70908543300678,30.266406808669927],[-97.69822718000074,30.26704620849445],[-97.69822718000074,30.27851216958116],[-97.70908543300678,30.27787262521801]]]}"
,AUSTIN,9675057890355838976,24378.12371865025,18925.906,202509,deployment,"{""type"":""Polygon"",""coordinates"":[[[-97.70908543300678,30.289337445397152],[-97.70908543300678,30.27787262521801],[-97.69822718000074,30.27851216958116],[-97.69822718000074,30.289977134183943],[-97.70908543300678,30.289337445397152]]]}"
,AUSTIN,9675057924715577344,53964.25790619806,26105.968,202509,deployment,"{""type"":""Polygon"",""coordinates"":[[[-97.71994536457991,30.28869675296498],[-97.71994536457991,30.277232077441795],[-97.70908543300678,30.27787262521801],[-97.70908543300678,30.289337445397152],[-97.71994536457991,30.28869675296498]]]}"
,AUSTIN,9675057959075315712,21785.330012024653,13518.712,202509,deployment,"{""type"":""Polygon"",""coordinates"":[[[-97.71994536457991,30.300160431076023],[-97.71994536457991,30.28869675296498],[-97.70908543300678,30.289337445397152],[-97.70908543300678,30.300801268048964],[-97.71994536457991,30.300160431076023]]]}"
,AUSTIN,9675057993435054080,19701.897531199553,17574.586,202509,deployment,"{""type"":""Polygon"",""coordinates"":[[[-97.70908543300678,30.300801268048964],[-97.70908543300678,30.289337445397152],[-97.69822718000074,30.289977134183943],[-97.69822718000074,30.301441101144384],[-97.70908543300678,30.300801268048964]]]}"
,AUSTIN,9675058062154530816,545.2063055462171,545.206,202509,deployment,"{""type"":""Polygon"",""coordinates"":[[[-97.69822718000074,30.289977134183943],[-97.69822718000074,30.27851216958116],[-97.68737060664283,30.279150710899188],[-97.68737060664283,30.290615819693386],[-97.69822718000074,30.289977134183943]]]}"
,AUSTIN,9675058096514269184,0.08533807986928221,0.085,202509,deployment,"{""type"":""Polygon"",""coordinates"":[[[-97.68737060664283,30.290615819693386],[-97.68737060664283,30.279150710899188],[-97.67651571401332,30.279788249540324],[-97.67651571401332,30.29125350229385],[-97.68737060664283,30.290615819693386]]]}"
,AUSTIN,9675058474471391232,8.884920229970618,8.885,202509,deployment,"{""type"":""Polygon"",""coordinates"":[[[-97.68737060664283,30.279150710899188],[-97.68737060664283,30.26768460550623],[-97.67651571401332,30.268322000073407],[-97.67651571401332,30.279788249540324],[-97.68737060664283,30.279150710899188]]]}"
,AUSTIN,9675058508831129600,6979.616587785728,5674.932,202509,deployment,"{""type"":""Polygon"",""coordinates"":[[[-97.69822718000074,30.27851216958116],[-97.69822718000074,30.26704620849445],[-97.68737060664283,30.26768460550623],[-97.68737060664283,30.279150710899188],[-97.69822718000074,30.27851216958116]]]}"
,AUSTIN,9675058543190867968,6283.292485078767,5573.639,202509,deployment,"{""type"":""Polygon"",""coordinates"":[[[-97.69822718000074,30.26704620849445],[-97.69822718000074,30.25557925208289],[-97.68737060664283,30.25621750467362],[-97.68737060664283,30.26768460550623],[-97.69822718000074,30.26704620849445]]]}"
,AUSTIN,9675058577550606336,2767.248096551109,2334.59,202509,deployment,"{""type"":""Polygon"",""coordinates"":[[[-97.69822718000074,30.25557925208289],[-97.69822718000074,30.244111301506265],[-97.68737060664283,30.24474940956116],[-97.68737060664283,30.25621750467362],[-97.69822718000074,30.25557925208289]]]}"
,AUSTIN,9675058646270083072,262.4618095367732,64.689,202509,deployment,"{""type"":""Polygon"",""coordinates"":[[[-97.68737060664283,30.24474940956116],[-97.68737060664283,30.233280321329328],[-97.67651571401332,30.233917282986884],[-97.67651571401332,30.245386515636532],[-97.68737060664283,30.24474940956116]]]}"
,AUSTIN,9675058680629821440,8299.877144773109,1949.667,202509,deployment,"{""type"":""Polygon"",""coordinates"":[[[-97.69822718000074,30.244111301506265],[-97.69822718000074,30.232642357925062],[-97.68737060664283,30.233280321329328],[-97.68737060664283,30.24474940956116],[-97.69822718000074,30.244111301506265]]]}"
,AUSTIN,9675058714989559808,11894.584927092188,6030.481,202509,deployment,"{""type"":""Polygon"",""coordinates"":[[[-97.69822718000074,30.232642357925062],[-97.69822718000074,30.221172422500445],[-97.68737060664283,30.22181024113931],[-97.68737060664283,30.233280321329328],[-97.69822718000074,30.232642357925062]]]}"
,AUSTIN,9675058749349298176,6445.238375216039,5468.504,202509,deployment,"{""type"":""Polygon"",""coordinates"":[[[-97.69822718000074,30.221172422500445],[-97.69822718000074,30.20970149639428],[-97.68737060664283,30.210339170152974],[-97.68737060664283,30.22181024113931],[-97.69822718000074,30.221172422500445]]]}"
,AUSTIN,9675058783709036544,131.22720487863862,84.187,202509,deployment,"{""type"":""Polygon"",""coordinates"":[[[-97.68737060664283,30.22181024113931],[-97.68737060664283,30.210339170152974],[-97.67651571401332,30.210975842631118],[-97.67651571401332,30.22244705826445],[-97.68737060664283,30.22181024113931]]]}"
,AUSTIN,9675058818068774912,249.7962600735057,110.098,202509,deployment,"{""type"":""Polygon"",""coordinates"":[[[-97.68737060664283,30.233280321329328],[-97.68737060664283,30.22181024113931],[-97.67651571401332,30.22244705826445],[-97.67651571401332,30.233917282986884],[-97.68737060664283,30.233280321329328]]]}"
,AUSTIN,9675079468271534080,107.47014331323298,107.47,202509,deployment,"{""type"":""Polygon"",""coordinates"":[[[-97.69822718000074,30.347286969419216],[-97.69822718000074,30.335827004598176],[-97.68737060664283,30.336466265724916],[-97.68737060664283,30.347926374163126],[-97.69822718000074,30.347286969419216]]]}"
,AUSTIN,9675079502631272448,789.7285728866736,789.729,202509,deployment,"{""type"":""Polygon"",""coordinates"":[[[-97.69822718000074,30.335827004598176],[-97.69822718000074,30.32436603750817],[-97.68737060664283,30.325005154902865],[-97.68737060664283,30.336466265724916],[-97.69822718000074,30.335827004598176]]]}"
,AUSTIN,9675079536991010816,27.149066323846334,27.149,202509,deployment,"{""type"":""Polygon"",""coordinates"":[[[-97.68737060664283,30.336466265724916],[-97.68737060664283,30.325005154902865],[-97.67651571401332,30.32564326869333],[-97.67651571401332,30.33710452301603],[-97.68737060664283,30.336466265724916]]]}"
,AUSTIN,9675079571350749184,0.7224616223577645,0.722,202509,deployment,"{""type"":""Polygon"",""coordinates"":[[[-97.68737060664283,30.347926374163126],[-97.68737060664283,30.336466265724916],[-97.67651571401332,30.33710452301603],[-97.67651571401332,30.348564774840185],[-97.68737060664283,30.347926374163126]]]}"
,AUSTIN,9675079949307871232,1849.0742613701882,1849.074,202509,deployment,"{""type"":""Polygon"",""coordinates"":[[[-97.69822718000074,30.32436603750817],[-97.69822718000074,30.3129040693048],[-97.68737060664283,30.313543042852597],[-97.68737060664283,30.325005154902865],[-97.69822718000074,30.32436603750817]]]}"
,AUSTIN,9675079983667609600,614.6157572672355,614.616,202509,deployment,"{""type"":""Polygon"",""coordinates"":[[[-97.69822718000074,30.3129040693048],[-97.69822718000074,30.301441101144384],[-97.68737060664283,30.30207993073043],[-97.68737060664283,30.313543042852597],[-97.69822718000074,30.3129040693048]]]}"
,AUSTIN,9675080018027347968,5093.920185254872,5018.24,202509,deployment,"{""type"":""Polygon"",""coordinates"":[[[-97.70908543300678,30.312264092015766],[-97.70908543300678,30.300801268048964],[-97.69822718000074,30.301441101144384],[-97.69822718000074,30.3129040693048],[-97.70908543300678,30.312264092015766]]]}"
,AUSTIN,9675080052387086336,19704.476952048924,15556.366,202509,deployment,"{""type"":""Polygon"",""coordinates"":[[[-97.71994536457991,30.31162311061724],[-97.71994536457991,30.300160431076023],[-97.70908543300678,30.300801268048964],[-97.70908543300678,30.312264092015766],[-97.71994536457991,30.31162311061724]]]}"
,AUSTIN,9675080086746824704,15078.771350234121,14892.461,202509,deployment,"{""type"":""Polygon"",""coordinates"":[[[-97.71994536457991,30.323084790431643],[-97.71994536457991,30.31162311061724],[-97.70908543300678,30.312264092015766],[-97.70908543300678,30.32372591614055],[-97.71994536457991,30.323084790431643]]]}"
,AUSTIN,9675080121106563072,16247.246260629894,16247.246,202509,deployment,"{""type"":""Polygon"",""coordinates"":[[[-97.70908543300678,30.32372591614055],[-97.70908543300678,30.312264092015766],[-97.69822718000074,30.3129040693048],[-97.69822718000074,30.32436603750817],[-97.70908543300678,30.32372591614055]]]}"
,AUSTIN,9675080155466301440,9125.352308872214,9125.352,202509,deployment,"{""type"":""Polygon"",""coordinates"":[[[-97.70908543300678,30.335186739267012],[-97.70908543300678,30.32372591614055],[-97.69822718000074,30.32436603750817],[-97.69822718000074,30.335827004598176],[-97.70908543300678,30.335186739267012]]]}"
,AUSTIN,9675080189826039808,3849.303107427021,3849.303,202509,deployment,"{""type"":""Polygon"",""coordinates"":[[[-97.70908543300678,30.346646560239545],[-97.70908543300678,30.335186739267012],[-97.69822718000074,30.335827004598176],[-97.69822718000074,30.347286969419216],[-97.70908543300678,30.346646560239545]]]}"
,AUSTIN,9675080224185778176,6737.97974600788,6737.98,202509,deployment,"{""type"":""Polygon"",""coordinates"":[[[-97.71994536457991,30.34600514625555],[-97.71994536457991,30.334545469362943],[-97.70908543300678,30.335186739267012],[-97.70908543300678,30.346646560239545],[-97.71994536457991,30.34600514625555]]]}"
,AUSTIN,9675080258545516544,7078.33601341261,7078.336,202509,deployment,"{""type"":""Polygon"",""coordinates"":[[[-97.71994536457991,30.334545469362943],[-97.71994536457991,30.323084790431643],[-97.70908543300678,30.32372591614055],[-97.70908543300678,30.335186739267012],[-97.71994536457991,30.334545469362943]]]}"
,AUSTIN,9675080292905254912,16471.80828299242,16471.808,202509,deployment,"{""type"":""Polygon"",""coordinates"":[[[-97.73080697363837,30.333903194517802],[-97.73080697363837,30.322442660013387],[-97.71994536457991,30.323084790431643],[-97.71994536457991,30.334545469362943],[-97.73080697363837,30.333903194517802]]]}"
,AUSTIN,9675080327264993280,4657.829424543662,4657.829,202509,deployment,"{""type"":""Polygon"",""coordinates"":[[[-97.73080697363837,30.345362727098923],[-97.73080697363837,30.333903194517802],[-97.71994536457991,30.334545469362943],[-97.71994536457991,30.34600514625555],[-97.73080697363837,30.345362727098923]]]}"
,AUSTIN,9675080361624731648,11580.556879930842,11580.557,202509,deployment,"{""type"":""Polygon"",""coordinates"":[[[-97.74167025909962,30.344719302401725],[-97.74167025909962,30.333259914363737],[-97.73080697363837,30.333903194517802],[-97.73080697363837,30.345362727098923],[-97.74167025909962,30.344719302401725]]]}"
,AUSTIN,9675080395984470016,14652.912626150015,14652.913,202509,deployment,"{""type"":""Polygon"",""coordinates"":[[[-97.74167025909962,30.333259914363737],[-97.74167025909962,30.32179952451804],[-97.73080697363837,30.322442660013387],[-97.73080697363837,30.333903194517802],[-97.74167025909962,30.333259914363737]]]}"
,AUSTIN,9675080430344208384,42091.60146370999,29328.889,202509,deployment,"{""type"":""Polygon"",""coordinates"":[[[-97.74167025909962,30.32179952451804],[-97.74167025909962,30.310338134020203],[-97.73080697363837,30.31098112474126],[-97.73080697363837,30.322442660013387],[-97.74167025909962,30.32179952451804]]]}"
,AUSTIN,9675080464703946752,16596.427324663393,14646.191,202509,deployment,"{""type"":""Polygon"",""coordinates"":[[[-97.73080697363837,30.322442660013387],[-97.73080697363837,30.31098112474126],[-97.71994536457991,30.31162311061724],[-97.71994536457991,30.323084790431643],[-97.73080697363837,30.322442660013387]]]}"
,AUSTIN,9675080499063685120,24153.9198384404,11552.807,202509,deployment,"{""type"":""Polygon"",""coordinates"":[[[-97.73080697363837,30.31098112474126],[-97.73080697363837,30.2995185898577],[-97.71994536457991,30.300160431076023],[-97.71994536457991,30.31162311061724],[-97.73080697363837,30.31098112474126]]]}"
,AUSTIN,9675080533423423488,77935.16972013662,36015.322,202509,deployment,"{""type"":""Polygon"",""coordinates"":[[[-97.74167025909962,30.310338134020203],[-97.74167025909962,30.298875744026493],[-97.73080697363837,30.2995185898577],[-97.73080697363837,30.31098112474126],[-97.74167025909962,30.310338134020203]]]}"
,AUSTIN,9675080567783161856,82940.64169285043,40076.01,202509,deployment,"{""type"":""Polygon"",""coordinates"":[[[-97.75253521988041,30.309694138086737],[-97.75253521988041,30.29823189321517],[-97.74167025909962,30.298875744026493],[-97.74167025909962,30.310338134020203],[-97.75253521988041,30.309694138086737]]]}"
,AUSTIN,9675080602142900224,11642.860845105875,7257.634,202509,deployment,"{""type"":""Polygon"",""coordinates"":[[[-97.75253521988041,30.321155383578166],[-97.75253521988041,30.309694138086737],[-97.74167025909962,30.310338134020203],[-97.74167025909962,30.32179952451804],[-97.75253521988041,30.321155383578166]]]}"
,AUSTIN,9675080636502638592,6864.521558163483,3672.696,202509,deployment,"{""type"":""Polygon"",""coordinates"":[[[-97.76340185489671,30.320510236826657],[-97.76340185489671,30.30904913657386],[-97.75253521988041,30.309694138086737],[-97.75253521988041,30.321155383578166],[-97.76340185489671,30.320510236826657]]]}"
,AUSTIN,9675080670862376960,12823.258567175848,6404.007,202509,deployment,"{""type"":""Polygon"",""coordinates"":[[[-97.76340185489671,30.30904913657386],[-97.76340185489671,30.29758703705685],[-97.75253521988041,30.29823189321517],[-97.75253521988041,30.309694138086737],[-97.76340185489671,30.30904913657386]]]}"
,AUSTIN,9675080705222115328,12471.365471033841,6403.677,202509,deployment,"{""type"":""Polygon"",""coordinates"":[[[-97.7742701630638,30.30840312911488],[-97.7742701630638,30.296941175184934],[-97.76340185489671,30.29758703705685],[-97.76340185489671,30.30904913657386],[-97.7742701630638,30.30840312911488]]]}"
,AUSTIN,9675080739581853696,3774.2264430218997,1102.666,202509,deployment,"{""type"":""Polygon"",""coordinates"":[[[-97.78514014329618,30.307756115343413],[-97.78514014329618,30.29629430723317],[-97.7742701630638,30.296941175184934],[-97.7742701630638,30.30840312911488],[-97.78514014329618,30.307756115343413]]]}"
,AUSTIN,9675080773941592064,0.08782760168825014,0.088,202509,deployment,"{""type"":""Polygon"",""coordinates"":[[[-97.78514014329618,30.319216924421788],[-97.78514014329618,30.307756115343413],[-97.7742701630638,30.30840312911488],[-97.7742701630638,30.31986408389669],[-97.78514014329618,30.319216924421788]]]}"
,AUSTIN,9675080808301330432,1476.5837770022536,1167.554,202509,deployment,"{""type"":""Polygon"",""coordinates"":[[[-97.7742701630638,30.31986408389669],[-97.7742701630638,30.30840312911488],[-97.76340185489671,30.30904913657386],[-97.76340185489671,30.320510236826657],[-97.7742701630638,30.31986408389669]]]}"
,AUSTIN,9675080842661068800,917.165825634423,917.166,202509,deployment,"{""type"":""Polygon"",""coordinates"":[[[-97.7742701630638,30.33132403837413],[-97.7742701630638,30.31986408389669],[-97.76340185489671,30.320510236826657],[-97.76340185489671,30.331970336658973],[-97.7742701630638,30.33132403837413]]]}"
,AUSTIN,9675080980100022272,2653.325582507086,2653.326,202509,deployment,"{""type"":""Polygon"",""coordinates"":[[[-97.76340185489671,30.343429434915272],[-97.76340185489671,30.331970336658973],[-97.75253521988041,30.3326156285332],[-97.75253521988041,30.344074871796284],[-97.76340185489671,30.343429434915272]]]}"
,AUSTIN,9675081014459760640,1493.1673544859598,1492.46,202509,deployment,"{""type"":""Polygon"",""coordinates"":[[[-97.76340185489671,30.331970336658973],[-97.76340185489671,30.320510236826657],[-97.75253521988041,30.321155383578166],[-97.75253521988041,30.3326156285332],[-97.76340185489671,30.331970336658973]]]}"
,AUSTIN,9675081048819499008,4562.241089185043,4544.312,202509,deployment,"{""type"":""Polygon"",""coordinates"":[[[-97.75253521988041,30.3326156285332],[-97.75253521988041,30.321155383578166],[-97.74167025909962,30.32179952451804],[-97.74167025909962,30.333259914363737],[-97.75253521988041,30.3326156285332]]]}"
,AUSTIN,9675081083179237376,3252.454882724049,3252.455,202509,deployment,"{""type"":""Polygon"",""coordinates"":[[[-97.75253521988041,30.344074871796284],[-97.75253521988041,30.3326156285332],[-97.74167025909962,30.333259914363737],[-97.74167025909962,30.344719302401725],[-97.75253521988041,30.344074871796284]]]}"
,AUSTIN,9675081117538975744,2269.8150342100716,2269.815,202509,deployment,"{""type"":""Polygon"",""coordinates"":[[[-97.75253521988041,30.355533112212537],[-97.75253521988041,30.344074871796284],[-97.74167025909962,30.344719302401725],[-97.74167025909962,30.356177687477114],[-97.75253521988041,30.355533112212537]]]}"
,AUSTIN,9675081151898714112,999.3064673260467,999.306,202509,deployment,"{""type"":""Polygon"",""coordinates"":[[[-97.75253521988041,30.366990348627787],[-97.75253521988041,30.355533112212537],[-97.74167025909962,30.356177687477114],[-97.74167025909962,30.36763506843572],[-97.75253521988041,30.366990348627787]]]}"
,AUSTIN,9675081186258452480,1.2918289506272278,1.292,202509,deployment,"{""type"":""Polygon"",""coordinates"":[[[-97.76340185489671,30.36634462208107],[-97.76340185489671,30.354887530440696],[-97.75253521988041,30.355533112212537],[-97.75253521988041,30.366990348627787],[-97.76340185489671,30.36634462208107]]]}"
,AUSTIN,9675081220618190848,696.7066958530505,696.707,202509,deployment,"{""type"":""Polygon"",""coordinates"":[[[-97.76340185489671,30.354887530440696],[-97.76340185489671,30.343429434915272],[-97.75253521988041,30.344074871796284],[-97.75253521988041,30.355533112212537],[-97.76340185489671,30.354887530440696]]]}"
,AUSTIN,9675081598575312896,1.6012046834989602,1.601,202509,deployment,"{""type"":""Polygon"",""coordinates"":[[[-97.75253521988041,30.37844657988857],[-97.75253521988041,30.366990348627787],[-97.74167025909962,30.36763506843572],[-97.74167025909962,30.379091444124068],[-97.75253521988041,30.37844657988857]]]}"
,AUSTIN,9675081667294789632,91.9285763619556,91.929,202509,deployment,"{""type"":""Polygon"",""coordinates"":[[[-97.74167025909962,30.390546813389356],[-97.74167025909962,30.379091444124068],[-97.73080697363837,30.37973530175709],[-97.73080697363837,30.391190815103098],[-97.74167025909962,30.390546813389356]]]}"
,AUSTIN,9675081701654528000,8678.049561108683,8678.05,202509,deployment,"{""type"":""Polygon"",""coordinates"":[[[-97.73080697363837,30.391190815103098],[-97.73080697363837,30.37973530175709],[-97.71994536457991,30.380378153155636],[-97.71994536457991,30.391833810351393],[-97.73080697363837,30.391190815103098]]]}"
,AUSTIN,9675081736014266368,11000.403795127791,11000.404,202509,deployment,"{""type"":""Polygon"",""coordinates"":[[[-97.73080697363837,30.37973530175709],[-97.73080697363837,30.36827878187241],[-97.71994536457991,30.368921489305745],[-97.71994536457991,30.380378153155636],[-97.73080697363837,30.37973530175709]]]}"
,AUSTIN,9675081770374004736,1687.1564622461012,1687.156,202509,deployment,"{""type"":""Polygon"",""coordinates"":[[[-97.74167025909962,30.379091444124068],[-97.74167025909962,30.36763506843572],[-97.73080697363837,30.36827878187241],[-97.73080697363837,30.37973530175709],[-97.74167025909962,30.379091444124068]]]}"
,AUSTIN,9675081804733743104,3529.1913191657354,3529.191,202509,deployment,"{""type"":""Polygon"",""coordinates"":[[[-97.74167025909962,30.36763506843572],[-97.74167025909962,30.356177687477114],[-97.73080697363837,30.35682125660186],[-97.73080697363837,30.36827878187241],[-97.74167025909962,30.36763506843572]]]}"
,AUSTIN,9675081839093481472,11473.640463974349,11473.64,202509,deployment,"{""type"":""Polygon"",""coordinates"":[[[-97.74167025909962,30.356177687477114],[-97.74167025909962,30.344719302401725],[-97.73080697363837,30.345362727098923],[-97.73080697363837,30.35682125660186],[-97.74167025909962,30.356177687477114]]]}"
,AUSTIN,9675081873453219840,4761.352492966877,4761.352,202509,deployment,"{""type"":""Polygon"",""coordinates"":[[[-97.73080697363837,30.35682125660186],[-97.73080697363837,30.345362727098923],[-97.71994536457991,30.34600514625555],[-97.71994536457991,30.35746381995455],[-97.73080697363837,30.35682125660186]]]}"
,AUSTIN,9675081907812958208,9676.354248512274,9676.354,202509,deployment,"{""type"":""Polygon"",""coordinates"":[[[-97.73080697363837,30.36827878187241],[-97.73080697363837,30.35682125660186],[-97.71994536457991,30.35746381995455],[-97.71994536457991,30.368921489305745],[-97.73080697363837,30.36827878187241]]]}"
,AUSTIN,9675081942172696576,2611.289600866433,2611.29,202509,deployment,"{""type"":""Polygon"",""coordinates"":[[[-97.71994536457991,30.368921489305745],[-97.71994536457991,30.35746381995455],[-97.70908543300678,30.358105377903247],[-97.70908543300678,30.369563191103893],[-97.71994536457991,30.368921489305745]]]}"
,AUSTIN,9675081976532434944,4443.849541764277,4443.85,202509,deployment,"{""type"":""Polygon"",""coordinates"":[[[-97.71994536457991,30.35746381995455],[-97.71994536457991,30.34600514625555],[-97.70908543300678,30.346646560239545],[-97.70908543300678,30.358105377903247],[-97.71994536457991,30.35746381995455]]]}"
,AUSTIN,9675082113971388416,946.2727197864252,946.273,202509,deployment,"{""type"":""Polygon"",""coordinates"":[[[-97.71994536457991,30.380378153155636],[-97.71994536457991,30.368921489305745],[-97.70908543300678,30.369563191103893],[-97.70908543300678,30.38101999868797],[-97.71994536457991,30.380378153155636]]]}"
,AUSTIN,9675082148331126784,2637.571069265219,2637.571,202509,deployment,"{""type"":""Polygon"",""coordinates"":[[[-97.71994536457991,30.391833810351393],[-97.71994536457991,30.380378153155636],[-97.70908543300678,30.38101999868797],[-97.70908543300678,30.39247579950266],[-97.71994536457991,30.391833810351393]]]}"
,AUSTIN,9675082182690865152,81.34158078048328,81.342,202509,deployment,"{""type"":""Polygon"",""coordinates"":[[[-97.70908543300678,30.39247579950266],[-97.70908543300678,30.38101999868797],[-97.69822718000074,30.381660838722727],[-97.69822718000074,30.393116782925606],[-97.70908543300678,30.39247579950266]]]}"
,AUSTIN,9675082217050603520,483.2993011480194,483.299,202509,deployment,"{""type"":""Polygon"",""coordinates"":[[[-97.70908543300678,30.403930592395824],[-97.70908543300678,30.39247579950266],[-97.69822718000074,30.393116782925606],[-97.69822718000074,30.40457171909187],[-97.70908543300678,30.403930592395824]]]}"
,AUSTIN,9675082251410341888,2494.2242992402794,2494.224,202509,deployment,"{""type"":""Polygon"",""coordinates"":[[[-97.71994536457991,30.40328845974092],[-97.71994536457991,30.391833810351393],[-97.70908543300678,30.39247579950266],[-97.70908543300678,30.403930592395824],[-97.71994536457991,30.40328845974092]]]}"
,AUSTIN,9675082285770080256,402.4478226012406,402.448,202509,deployment,"{""type"":""Polygon"",""coordinates"":[[[-97.71994536457991,30.41474210017279],[-97.71994536457991,30.40328845974092],[-97.70908543300678,30.403930592395824],[-97.70908543300678,30.415384376216068],[-97.71994536457991,30.41474210017279]]]}"
,AUSTIN,9675082663727202304,430.6932022298817,430.693,202509,deployment,"{""type"":""Polygon"",""coordinates"":[[[-97.73080697363837,30.41409881757135],[-97.73080697363837,30.402645320758314],[-97.71994536457991,30.40328845974092],[-97.71994536457991,30.41474210017279],[-97.73080697363837,30.41409881757135]]]}"
,AUSTIN,9675082698086940672,7003.841740615093,7003.842,202509,deployment,"{""type"":""Polygon"",""coordinates"":[[[-97.73080697363837,30.402645320758314],[-97.73080697363837,30.391190815103098],[-97.71994536457991,30.391833810351393],[-97.71994536457991,30.40328845974092],[-97.73080697363837,30.402645320758314]]]}"
,AUSTIN,9681413823478628352,0.027269828958196067,0.027,202509,deployment,"{""type"":""Polygon"",""coordinates"":[[[-97.81776010551877,30.282885296461334],[-97.81776010551877,30.27142193331442],[-97.80688511561101,30.272071528313404],[-97.80688511561101,30.283535038212122],[-97.81776010551877,30.282885296461334]]]}"
,AUSTIN,9681413926557843456,89.3060703877954,89.306,202509,deployment,"{""type"":""Polygon"",""coordinates"":[[[-97.79601179450758,30.295646432835582],[-97.79601179450758,30.284183773019272],[-97.78514014329618,30.28483150124798],[-97.78514014329618,30.29629430723317],[-97.79601179450758,30.295646432835582]]]}"
,AUSTIN,9681413960917581824,456.2579216215165,456.258,202509,deployment,"{""type"":""Polygon"",""coordinates"":[[[-97.79601179450758,30.284183773019272],[-97.79601179450758,30.272720116602052],[-97.78514014329618,30.273367698545478],[-97.78514014329618,30.28483150124798],[-97.79601179450758,30.284183773019272]]]}"
,AUSTIN,9681413995277320192,337.41075130915505,337.411,202509,deployment,"{""type"":""Polygon"",""coordinates"":[[[-97.80688511561101,30.283535038212122],[-97.80688511561101,30.272071528313404],[-97.79601179450758,30.272720116602052],[-97.79601179450758,30.284183773019272],[-97.80688511561101,30.283535038212122]]]}"
,AUSTIN,9681414029637058560,839.6040531993667,839.604,202509,deployment,"{""type"":""Polygon"",""coordinates"":[[[-97.80688511561101,30.272071528313404],[-97.80688511561101,30.260607023088667],[-97.79601179450758,30.26125546474223],[-97.79601179450758,30.272720116602052],[-97.80688511561101,30.272071528313404]]]}"
,AUSTIN,9681414063996796928,4664.485969911505,3191.741,202509,deployment,"{""type"":""Polygon"",""coordinates"":[[[-97.79601179450758,30.272720116602052],[-97.79601179450758,30.26125546474223],[-97.78514014329618,30.26190290028395],[-97.78514014329618,30.273367698545478],[-97.79601179450758,30.272720116602052]]]}"
,AUSTIN,9681414098356535296,4018.9867046895856,1489.324,202509,deployment,"{""type"":""Polygon"",""coordinates"":[[[-97.79601179450758,30.26125546474223],[-97.79601179450758,30.249789818598806],[-97.78514014329618,30.250437107622414],[-97.78514014329618,30.26190290028395],[-97.79601179450758,30.26125546474223]]]}"
,AUSTIN,9681414132716273664,125.80346038472214,125.803,202509,deployment,"{""type"":""Polygon"",""coordinates"":[[[-97.80688511561101,30.260607023088667],[-97.80688511561101,30.2491415236969],[-97.79601179450758,30.249789818598806],[-97.79601179450758,30.26125546474223],[-97.80688511561101,30.260607023088667]]]}"
,AUSTIN,9681414167076012032,77.28632011911765,77.286,202509,deployment,"{""type"":""Polygon"",""coordinates"":[[[-97.81776010551877,30.259957574958253],[-97.81776010551877,30.24849222255182],[-97.80688511561101,30.2491415236969],[-97.80688511561101,30.260607023088667],[-97.81776010551877,30.259957574958253]]]}"
,AUSTIN,9681414201435750400,97.89089172939521,97.891,202509,deployment,"{""type"":""Polygon"",""coordinates"":[[[-97.81776010551877,30.27142193331442],[-97.81776010551877,30.259957574958253],[-97.80688511561101,30.260607023088667],[-97.80688511561101,30.272071528313404],[-97.81776010551877,30.27142193331442]]]}"
,AUSTIN,9681414304514965504,1.42450152565366,1.425,202509,deployment,"{""type"":""Polygon"",""coordinates"":[[[-97.82863676314237,30.24784191479899],[-97.82863676314237,30.236375716837962],[-97.81776010551877,30.23702587725476],[-97.81776010551877,30.24849222255182],[-97.82863676314237,30.24784191479899]]]}"
,AUSTIN,9681414338874703872,1983.1695781641533,1983.17,202509,deployment,"{""type"":""Polygon"",""coordinates"":[[[-97.82863676314237,30.236375716837962],[-97.82863676314237,30.224908527263572],[-97.81776010551877,30.225558540227436],[-97.81776010551877,30.23702587725476],[-97.82863676314237,30.236375716837962]]]}"
,AUSTIN,9681414373234442240,3168.6388756552637,3168.639,202509,deployment,"{""type"":""Polygon"",""coordinates"":[[[-97.81776010551877,30.23702587725476],[-97.81776010551877,30.225558540227436],[-97.80688511561101,30.226207547051636],[-97.80688511561101,30.237675031297773],[-97.81776010551877,30.23702587725476]]]}"
,AUSTIN,9681414407594180608,3.605457759060166,3.605,202509,deployment,"{""type"":""Polygon"",""coordinates"":[[[-97.81776010551877,30.24849222255182],[-97.81776010551877,30.23702587725476],[-97.80688511561101,30.237675031297773],[-97.80688511561101,30.2491415236969],[-97.81776010551877,30.24849222255182]]]}"
,AUSTIN,9681414441953918976,4.2632484370541865,4.263,202509,deployment,"{""type"":""Polygon"",""coordinates"":[[[-97.80688511561101,30.2491415236969],[-97.80688511561101,30.237675031297773],[-97.79601179450758,30.238323179331445],[-97.79601179450758,30.249789818598806],[-97.80688511561101,30.2491415236969]]]}"
,AUSTIN,9681414476313657344,10375.554210051841,5153.251,202509,deployment,"{""type"":""Polygon"",""coordinates"":[[[-97.79601179450758,30.249789818598806],[-97.79601179450758,30.238323179331445],[-97.78514014329618,30.238970321720554],[-97.78514014329618,30.250437107622414],[-97.79601179450758,30.249789818598806]]]}"
,AUSTIN,9681414510673395712,22627.942296541994,12317.941,202509,deployment,"{""type"":""Polygon"",""coordinates"":[[[-97.79601179450758,30.238323179331445],[-97.79601179450758,30.226855548100527],[-97.78514014329618,30.227502543738765],[-97.78514014329618,30.238970321720554],[-97.79601179450758,30.238323179331445]]]}"
,AUSTIN,9681414545033134080,4825.764882860007,4791.176,202509,deployment,"{""type"":""Polygon"",""coordinates"":[[[-97.80688511561101,30.237675031297773],[-97.80688511561101,30.226207547051636],[-97.79601179450758,30.226855548100527],[-97.79601179450758,30.238323179331445],[-97.80688511561101,30.237675031297773]]]}"
,AUSTIN,9681414579392872448,5583.928793982471,5583.929,202509,deployment,"{""type"":""Polygon"",""coordinates"":[[[-97.80688511561101,30.226207547051636],[-97.80688511561101,30.21473907211957],[-97.79601179450758,30.215386926067122],[-97.79601179450758,30.226855548100527],[-97.80688511561101,30.226207547051636]]]}"
,AUSTIN,9681414613752610816,6224.147069999877,6224.147,202509,deployment,"{""type"":""Polygon"",""coordinates"":[[[-97.79601179450758,30.226855548100527],[-97.79601179450758,30.215386926067122],[-97.78514014329618,30.216033774838124],[-97.78514014329618,30.227502543738765],[-97.79601179450758,30.226855548100527]]]}"
,AUSTIN,9681414648112349184,5911.369668154951,5911.37,202509,deployment,"{""type"":""Polygon"",""coordinates"":[[[-97.79601179450758,30.215386926067122],[-97.79601179450758,30.203917314392992],[-97.78514014329618,30.204564016180388],[-97.78514014329618,30.216033774838124],[-97.79601179450758,30.215386926067122]]]}"
,AUSTIN,9681414682472087552,3314.714455624326,3314.714,202509,deployment,"{""type"":""Polygon"",""coordinates"":[[[-97.80688511561101,30.21473907211957],[-97.80688511561101,30.2032696076633],[-97.79601179450758,30.203917314392992],[-97.79601179450758,30.215386926067122],[-97.80688511561101,30.21473907211957]]]}"
,AUSTIN,9681414716831825920,6466.028821389693,6466.029,202509,deployment,"{""type"":""Polygon"",""coordinates"":[[[-97.81776010551877,30.2140902126309],[-97.81776010551877,30.202620895626865],[-97.80688511561101,30.2032696076633],[-97.80688511561101,30.21473907211957],[-97.81776010551877,30.2140902126309]]]}"
,AUSTIN,9681414751191564288,2225.1811162408603,2225.181,202509,deployment,"{""type"":""Polygon"",""coordinates"":[[[-97.81776010551877,30.225558540227436],[-97.81776010551877,30.2140902126309],[-97.80688511561101,30.21473907211957],[-97.80688511561101,30.226207547051636],[-97.81776010551877,30.225558540227436]]]}"
,AUSTIN,9681414785551302656,1721.5431716431865,1721.543,202509,deployment,"{""type"":""Polygon"",""coordinates"":[[[-97.82863676314237,30.224908527263572],[-97.82863676314237,30.21344034723688],[-97.81776010551877,30.2140902126309],[-97.81776010551877,30.225558540227436],[-97.82863676314237,30.224908527263572]]]}"
,AUSTIN,9681414819911041024,3241.5286835900874,3241.529,202509,deployment,"{""type"":""Polygon"",""coordinates"":[[[-97.82863676314237,30.21344034723688],[-97.82863676314237,30.20197117791957],[-97.81776010551877,30.202620895626865],[-97.81776010551877,30.2140902126309],[-97.82863676314237,30.21344034723688]]]}"
,AUSTIN,9681414854270779392,2870.8629083526357,2870.863,202509,deployment,"{""type"":""Polygon"",""coordinates"":[[[-97.83951508739261,30.21278947557358],[-97.83951508739261,30.201320454177598],[-97.82863676314237,30.20197117791957],[-97.82863676314237,30.21344034723688],[-97.83951508739261,30.21278947557358]]]}"
,AUSTIN,9681414922990256128,840.3605416188195,840.361,202509,deployment,"{""type"":""Polygon"",""coordinates"":[[[-97.85039507717951,30.223605481461068],[-97.85039507717951,30.212137597277405],[-97.83951508739261,30.21278947557358],[-97.83951508739261,30.224257507796022],[-97.85039507717951,30.223605481461068]]]}"
,AUSTIN,9681414957349994496,3180.6879754270294,3180.688,202509,deployment,"{""type"":""Polygon"",""coordinates"":[[[-97.83951508739261,30.224257507796022],[-97.83951508739261,30.21278947557358],[-97.82863676314237,30.21344034723688],[-97.82863676314237,30.224908527263572],[-97.83951508739261,30.224257507796022]]]}"
,AUSTIN,9681415094788947968,0.27450130188776833,0.275,202509,deployment,"{""type"":""Polygon"",""coordinates"":[[[-97.85039507717951,30.23507237542674],[-97.85039507717951,30.223605481461068],[-97.83951508739261,30.224257507796022],[-97.83951508739261,30.235724549683226],[-97.85039507717951,30.23507237542674]]]}"
,AUSTIN,9681415300947378176,125.21822856743456,125.218,202509,deployment,"{""type"":""Polygon"",""coordinates"":[[[-97.86127673141237,30.222952447895306],[-97.86127673141237,30.211484711985065],[-97.85039507717951,30.212137597277405],[-97.85039507717951,30.223605481461068],[-97.86127673141237,30.222952447895306]]]}"
,AUSTIN,9681415335307116544,770.7131132660696,770.713,202509,deployment,"{""type"":""Polygon"",""coordinates"":[[[-97.86127673141237,30.211484711985065],[-97.86127673141237,30.200015987135952],[-97.85039507717951,30.200668724037453],[-97.85039507717951,30.212137597277405],[-97.86127673141237,30.211484711985065]]]}"
,AUSTIN,9681415369666854912,29.77681616569654,29.777,202509,deployment,"{""type"":""Polygon"",""coordinates"":[[[-97.87216004899976,30.210830819333587],[-97.87216004899976,30.19936224311024],[-97.86127673141237,30.200015987135952],[-97.86127673141237,30.211484711985065],[-97.87216004899976,30.210830819333587]]]}"
,AUSTIN,9681415404026593280,45.28747550878901,45.287,202509,deployment,"{""type"":""Polygon"",""coordinates"":[[[-97.87216004899976,30.19936224311024],[-97.87216004899976,30.187892679227996],[-97.86127673141237,30.188546274510347],[-97.86127673141237,30.200015987135952],[-97.87216004899976,30.19936224311024]]]}"
,AUSTIN,9681415438386331648,526.652875314188,526.653,202509,deployment,"{""type"":""Polygon"",""coordinates"":[[[-97.86127673141237,30.200015987135952],[-97.86127673141237,30.188546274510347],[-97.85039507717951,30.189198862903588],[-97.85039507717951,30.200668724037453],[-97.86127673141237,30.200015987135952]]]}"
,AUSTIN,9681415472746070016,172.31060811994223,172.311,202509,deployment,"{""type"":""Polygon"",""coordinates"":[[[-97.86127673141237,30.188546274510347],[-97.86127673141237,30.17707557527132],[-97.85039507717951,30.177728015038912],[-97.85039507717951,30.189198862903588],[-97.86127673141237,30.188546274510347]]]}"
,AUSTIN,9681415781983715328,588.1321421408534,588.132,202509,deployment,"{""type"":""Polygon"",""coordinates"":[[[-97.83951508739261,30.178379448515333],[-97.83951508739261,30.166907466575925],[-97.82863676314237,30.16755774585166],[-97.82863676314237,30.179029876063517],[-97.83951508739261,30.178379448515333]]]}"
,AUSTIN,9681415816343453696,1478.8589899245676,1478.859,202509,deployment,"{""type"":""Polygon"",""coordinates"":[[[-97.83951508739261,30.189850444770475],[-97.83951508739261,30.178379448515333],[-97.82863676314237,30.179029876063517],[-97.82863676314237,30.190501020474084],[-97.83951508739261,30.189850444770475]]]}"
,AUSTIN,9681415850703192064,1268.119614312867,1268.12,202509,deployment,"{""type"":""Polygon"",""coordinates"":[[[-97.85039507717951,30.189198862903588],[-97.85039507717951,30.177728015038912],[-97.83951508739261,30.178379448515333],[-97.83951508739261,30.189850444770475],[-97.85039507717951,30.189198862903588]]]}"
,AUSTIN,9681415885062930432,1347.7245895211506,1347.725,202509,deployment,"{""type"":""Polygon"",""coordinates"":[[[-97.85039507717951,30.200668724037453],[-97.85039507717951,30.189198862903588],[-97.83951508739261,30.189850444770475],[-97.83951508739261,30.201320454177598],[-97.85039507717951,30.200668724037453]]]}"
,AUSTIN,9681415919422668800,2177.7514088546313,2177.751,202509,deployment,"{""type"":""Polygon"",""coordinates"":[[[-97.83951508739261,30.201320454177598],[-97.83951508739261,30.189850444770475],[-97.82863676314237,30.190501020474084],[-97.82863676314237,30.20197117791957],[-97.83951508739261,30.201320454177598]]]}"
,AUSTIN,9681415953782407168,2609.4067102869703,2609.407,202509,deployment,"{""type"":""Polygon"",""coordinates"":[[[-97.82863676314237,30.20197117791957],[-97.82863676314237,30.190501020474084],[-97.81776010551877,30.191150590377784],[-97.81776010551877,30.202620895626865],[-97.82863676314237,30.20197117791957]]]}"
,AUSTIN,9681415988142145536,2015.2466306656574,2015.247,202509,deployment,"{""type"":""Polygon"",""coordinates"":[[[-97.82863676314237,30.190501020474084],[-97.82863676314237,30.179029876063517],[-97.81776010551877,30.179679298046747],[-97.81776010551877,30.191150590377784],[-97.82863676314237,30.190501020474084]]]}"
,AUSTIN,9681416022501883904,3375.094254849727,3375.094,202509,deployment,"{""type"":""Polygon"",""coordinates"":[[[-97.81776010551877,30.191150590377784],[-97.81776010551877,30.179679298046747],[-97.80688511561101,30.180327714828618],[-97.80688511561101,30.191799154845267],[-97.81776010551877,30.191150590377784]]]}"
,AUSTIN,9681416056861622272,4453.774313659632,4453.774,202509,deployment,"{""type"":""Polygon"",""coordinates"":[[[-97.81776010551877,30.202620895626865],[-97.81776010551877,30.191150590377784],[-97.80688511561101,30.191799154845267],[-97.80688511561101,30.2032696076633],[-97.81776010551877,30.202620895626865]]]}"
,AUSTIN,9681416091221360640,6905.546159518983,6905.546,202509,deployment,"{""type"":""Polygon"",""coordinates"":[[[-97.80688511561101,30.2032696076633],[-97.80688511561101,30.191799154845267],[-97.79601179450758,30.192446714240575],[-97.79601179450758,30.203917314392992],[-97.80688511561101,30.2032696076633]]]}"
,AUSTIN,9681416125581099008,10604.038357886277,10604.038,202509,deployment,"{""type"":""Polygon"",""coordinates"":[[[-97.79601179450758,30.203917314392992],[-97.79601179450758,30.192446714240575],[-97.78514014329618,30.19309326892803],[-97.78514014329618,30.204564016180388],[-97.79601179450758,30.203917314392992]]]}"
,AUSTIN,9681416159940837376,4545.6702144796745,4545.67,202509,deployment,"{""type"":""Polygon"",""coordinates"":[[[-97.79601179450758,30.192446714240575],[-97.79601179450758,30.180975126773028],[-97.78514014329618,30.181621534244204],[-97.78514014329618,30.19309326892803],[-97.79601179450758,30.192446714240575]]]}"
,AUSTIN,9681416194300575744,1653.1771610492212,1653.177,202509,deployment,"{""type"":""Polygon"",""coordinates"":[[[-97.80688511561101,30.191799154845267],[-97.80688511561101,30.180327714828618],[-97.79601179450758,30.180975126773028],[-97.79601179450758,30.192446714240575],[-97.80688511561101,30.191799154845267]]]}"
,AUSTIN,9681416228660314112,3070.060962326229,3070.061,202509,deployment,"{""type"":""Polygon"",""coordinates"":[[[-97.80688511561101,30.180327714828618],[-97.80688511561101,30.16885528877714],[-97.79601179450758,30.16950255315416],[-97.79601179450758,30.180975126773028],[-97.80688511561101,30.180327714828618]]]}"
,AUSTIN,9681416263020052480,2739.9230427820116,2739.923,202509,deployment,"{""type"":""Polygon"",""coordinates"":[[[-97.79601179450758,30.180975126773028],[-97.79601179450758,30.16950255315416],[-97.78514014329618,30.17014881329274],[-97.78514014329618,30.181621534244204],[-97.79601179450758,30.180975126773028]]]}"
,AUSTIN,9681416297379790848,871.8150214649269,871.815,202509,deployment,"{""type"":""Polygon"",""coordinates"":[[[-97.79601179450758,30.16950255315416],[-97.79601179450758,30.1580289945485],[-97.78514014329618,30.15867510723818],[-97.78514014329618,30.17014881329274],[-97.79601179450758,30.16950255315416]]]}"
,AUSTIN,9681416331739529216,4.617323124575091,4.617,202509,deployment,"{""type"":""Polygon"",""coordinates"":[[[-97.80688511561101,30.16885528877714],[-97.80688511561101,30.157381877855364],[-97.79601179450758,30.1580289945485],[-97.79601179450758,30.16950255315416],[-97.80688511561101,30.16885528877714]]]}"
,AUSTIN,9681416400459005952,954.0686998542815,954.069,202509,deployment,"{""type"":""Polygon"",""coordinates"":[[[-97.81776010551877,30.179679298046747],[-97.81776010551877,30.168207019797574],[-97.80688511561101,30.16885528877714],[-97.80688511561101,30.180327714828618],[-97.81776010551877,30.179679298046747]]]}"
,AUSTIN,9681416434818744320,1765.6944094247076,1765.694,202509,deployment,"{""type"":""Polygon"",""coordinates"":[[[-97.82863676314237,30.179029876063517],[-97.82863676314237,30.16755774585166],[-97.81776010551877,30.168207019797574],[-97.81776010551877,30.179679298046747],[-97.82863676314237,30.179029876063517]]]}"
,LOS_ANGELES,9278157729149485056,91.48518683579323,89.381,202509,deployment,"{""type"":""Polygon"",""coordinates"":[[[-118.4980744223827,34.065622501621725],[-118.4980744223827,34.055392539190215],[-118.4863962961138,34.05833343982856],[-118.4863962961138,34.068563823956744],[-118.4980744223827,34.065622501621725]]]}"
,LOS_ANGELES,9278157763509223424,35794.406374404825,26177.242,202509,deployment,"{""type"":""Polygon"",""coordinates"":[[[-118.4980744223827,34.055392539190215],[-118.4980744223827,34.04516148074722],[-118.4863962961138,34.04810195926861],[-118.4863962961138,34.05833343982856],[-118.4980744223827,34.055392539190215]]]}"
,LOS_ANGELES,9278157797868961792,470.6900734302024,464.284,202509,deployment,"{""type"":""Polygon"",""coordinates"":[[[-118.50975172272118,34.05245053820491],[-118.50975172272118,34.04221990214465],[-118.4980744223827,34.04516148074722],[-118.4980744223827,34.055392539190215],[-118.50975172272118,34.05245053820491]]]}"
,LOS_ANGELES,9278157832228700160,375.67601325257186,362.064,202509,deployment,"{""type"":""Polygon"",""coordinates"":[[[-118.52142819584975,34.04950743735933],[-118.52142819584975,34.039277223947664],[-118.50975172272118,34.04221990214465],[-118.50975172272118,34.05245053820491],[-118.52142819584975,34.04950743735933]]]}"
,LOS_ANGELES,9278157900948176896,0.22478373826606893,0.225,202509,deployment,"{""type"":""Polygon"",""coordinates"":[[[-118.53310384048967,34.056791932887904],[-118.53310384048967,34.046563237140646],[-118.52142819584975,34.04950743735933],[-118.52142819584975,34.05973655560042],[-118.53310384048967,34.056791932887904]]]}"
,LOS_ANGELES,9278157935307915264,1.8010402548203832,1.801,202509,deployment,"{""type"":""Polygon"",""coordinates"":[[[-118.53310384048967,34.046563237140646],[-118.53310384048967,34.03633344664345],[-118.52142819584975,34.039277223947664],[-118.52142819584975,34.04950743735933],[-118.53310384048967,34.046563237140646]]]}"
,LOS_ANGELES,9278157969667653632,0.3270453919102426,0.327,202509,deployment,"{""type"":""Polygon"",""coordinates"":[[[-118.54477865536275,34.04361793803641],[-118.54477865536275,34.03338857071962],[-118.53310384048967,34.03633344664345],[-118.53310384048967,34.046563237140646],[-118.54477865536275,34.04361793803641]]]}"
,LOS_ANGELES,9278159069179281408,0.7684462035994081,0.768,202509,deployment,"{""type"":""Polygon"",""coordinates"":[[[-118.53310384048967,34.03633344664345],[-118.53310384048967,34.02610256214948],[-118.52142819584975,34.02904591611854],[-118.52142819584975,34.039277223947664],[-118.53310384048967,34.03633344664345]]]}"
,LOS_ANGELES,9278159137898758144,19613.129126044234,9241.171,202509,deployment,"{""type"":""Polygon"",""coordinates"":[[[-118.52142819584975,34.02904591611854],[-118.52142819584975,34.01881351462568],[-118.50975172272118,34.02175534626379],[-118.50975172272118,34.03198817124638],[-118.52142819584975,34.02904591611854]]]}"
,LOS_ANGELES,9278159172258496512,5540.8469936999545,5407.232,202509,deployment,"{""type"":""Polygon"",""coordinates"":[[[-118.52142819584975,34.039277223947664],[-118.52142819584975,34.02904591611854],[-118.50975172272118,34.03198817124638],[-118.50975172272118,34.04221990214465],[-118.52142819584975,34.039277223947664]]]}"
,LOS_ANGELES,9278159206618234880,48235.40043733741,30304.217,202509,deployment,"{""type"":""Polygon"",""coordinates"":[[[-118.50975172272118,34.04221990214465],[-118.50975172272118,34.03198817124638],[-118.4980744223827,34.034929327045774],[-118.4980744223827,34.04516148074722],[-118.50975172272118,34.04221990214465]]]}"
,LOS_ANGELES,9278159240977973248,25076.17605027613,12693.43,202509,deployment,"{""type"":""Polygon"",""coordinates"":[[[-118.4980744223827,34.04516148074722],[-118.4980744223827,34.034929327045774],[-118.4863962961138,34.0378693830299],[-118.4863962961138,34.04810195926861],[-118.4980744223827,34.04516148074722]]]}"
,LOS_ANGELES,9278159275337711616,114406.36856307871,37896.363,202509,deployment,"{""type"":""Polygon"",""coordinates"":[[[-118.4980744223827,34.034929327045774],[-118.4980744223827,34.02469607883954],[-118.4863962961138,34.027635711866054],[-118.4863962961138,34.0378693830299],[-118.4980744223827,34.034929327045774]]]}"
,LOS_ANGELES,9278159309697449984,85288.91844345814,28083.474,202509,deployment,"{""type"":""Polygon"",""coordinates"":[[[-118.50975172272118,34.03198817124638],[-118.50975172272118,34.02175534626379],[-118.4980744223827,34.02469607883954],[-118.4980744223827,34.034929327045774],[-118.50975172272118,34.03198817124638]]]}"
,LOS_ANGELES,9278159344057188352,70653.91850088838,22358.179,202509,deployment,"{""type"":""Polygon"",""coordinates"":[[[-118.50975172272118,34.02175534626379],[-118.50975172272118,34.01152142795113],[-118.4980744223827,34.01446173688272],[-118.4980744223827,34.02469607883954],[-118.50975172272118,34.02175534626379]]]}"
,LOS_ANGELES,9278159378416926720,276792.2888613007,99501.537,202509,deployment,"{""type"":""Polygon"",""coordinates"":[[[-118.4980744223827,34.02469607883954],[-118.4980744223827,34.01446173688272],[-118.4863962961138,34.017400946531254],[-118.4863962961138,34.027635711866054],[-118.4980744223827,34.02469607883954]]]}"
,LOS_ANGELES,9278159412776665088,161720.07258635832,53972.451,202509,deployment,"{""type"":""Polygon"",""coordinates"":[[[-118.4980744223827,34.01446173688272],[-118.4980744223827,34.004226301930125],[-118.4863962961138,34.00716508778025],[-118.4863962961138,34.017400946531254],[-118.4980744223827,34.01446173688272]]]}"
,LOS_ANGELES,9278159790733787136,22605.22536515854,7369.351,202509,deployment,"{""type"":""Polygon"",""coordinates"":[[[-118.4980744223827,34.004226301930125],[-118.4980744223827,33.9939897747371],[-118.4863962961138,33.99692813636837],[-118.4863962961138,34.00716508778025],[-118.4980744223827,34.004226301930125]]]}"
,LOS_ANGELES,9278172091520122880,2230.8403188704738,1909.226,202509,deployment,"{""type"":""Polygon"",""coordinates"":[[[-118.45135697452811,33.95452912919473],[-118.4513569745281,33.944284359087185],[-118.4396755573443,33.94721577311227],[-118.4396755573443,33.95746096889399],[-118.45135697452811,33.95452912919473]]]}"
,LOS_ANGELES,9278172125879861248,10486.25666774319,9523.409,202509,deployment,"{""type"":""Polygon"",""coordinates"":[[[-118.45135697452811,33.964772809924185],[-118.45135697452811,33.95452912919473],[-118.4396755573443,33.95746096889399],[-118.4396755573443,33.967705074877465],[-118.45135697452811,33.964772809924185]]]}"
,LOS_ANGELES,9278172194599337984,15891.26522895504,5339.606,202509,deployment,"{""type"":""Polygon"",""coordinates"":[[[-118.46303757090548,33.97208161083505],[-118.46303757090548,33.96183944534293],[-118.45135697452811,33.964772809924185],[-118.45135697452811,33.97501540051689],[-118.46303757090548,33.97208161083505]]]}"
,LOS_ANGELES,9278172228959076352,5105.8115104865865,2015.1,202509,deployment,"{""type"":""Polygon"",""coordinates"":[[[-118.45135697452811,33.97501540051689],[-118.45135697452811,33.964772809924185],[-118.4396755573443,33.967705074877465],[-118.4396755573443,33.97794809030404],[-118.45135697452811,33.97501540051689]]]}"
,LOS_ANGELES,9278172263318814720,99554.7546586045,43959.667,202509,deployment,"{""type"":""Polygon"",""coordinates"":[[[-118.4396755573443,33.97794809030404],[-118.4396755573443,33.967705074877465],[-118.42799332063665,33.9706362397177],[-118.42799332063665,33.98087967971151],[-118.4396755573443,33.97794809030404]]]}"
,LOS_ANGELES,9278172297678553088,15308.409179675757,7609.589,202509,deployment,"{""type"":""Polygon"",""coordinates"":[[[-118.4396755573443,33.967705074877465],[-118.4396755573443,33.95746096889399],[-118.42799332063665,33.960391708747],[-118.42799332063665,33.9706362397177],[-118.4396755573443,33.967705074877465]]]}"
,LOS_ANGELES,9278172332038291456,62343.24198897708,25366.005,202509,deployment,"{""type"":""Polygon"",""coordinates"":[[[-118.42799332063665,33.9706362397177],[-118.42799332063665,33.960391708747],[-118.41631026568835,33.963321348269105],[-118.41631026568835,33.9735663039603],[-118.42799332063665,33.9706362397177]]]}"
,LOS_ANGELES,9278172366398029824,53433.58272269127,21648.999,202509,deployment,"{""type"":""Polygon"",""coordinates"":[[[-118.42799332063665,33.98087967971151],[-118.42799332063665,33.9706362397177],[-118.41631026568835,33.9735663039603],[-118.41631026568835,33.9838101682547],[-118.42799332063665,33.98087967971151]]]}"
,LOS_ANGELES,9278172400757768192,130026.85752093061,58147.428,202509,deployment,"{""type"":""Polygon"",""coordinates"":[[[-118.41631026568835,33.9838101682547],[-118.41631026568835,33.9735663039603],[-118.40462639378326,33.97649526712107],[-118.40462639378326,33.9867395554495],[-118.41631026568835,33.9838101682547]]]}"
,LOS_ANGELES,9278172435117506560,198904.36238494888,60025.311,202509,deployment,"{""type"":""Polygon"",""coordinates"":[[[-118.40462639378326,33.9867395554495],[-118.40462639378326,33.97649526712107],[-118.39294170620582,33.97942312871625],[-118.39294170620582,33.9896678408122],[-118.40462639378326,33.9867395554495]]]}"
,LOS_ANGELES,9278172469477244928,55577.01442949527,17363.363,202509,deployment,"{""type"":""Polygon"",""coordinates"":[[[-118.40462639378326,33.97649526712107],[-118.40462639378326,33.96624988697607],[-118.39294170620582,33.9691773243841],[-118.39294170620582,33.97942312871625],[-118.40462639378326,33.97649526712107]]]}"
,LOS_ANGELES,9278172538196721664,50354.3463337742,17721.127,202509,deployment,"{""type"":""Polygon"",""coordinates"":[[[-118.41631026568835,33.963321348269105],[-118.41631026568835,33.9530753019397],[-118.40462639378326,33.95600341577306],[-118.40462639378326,33.96624988697607],[-118.41631026568835,33.963321348269105]]]}"
,LOS_ANGELES,9278172572556460032,84890.63491103158,26645.827,202509,deployment,"{""type"":""Polygon"",""coordinates"":[[[-118.40462639378326,33.96624988697607],[-118.40462639378326,33.95600341577306],[-118.39294170620582,33.95893042857426],[-118.39294170620582,33.9691773243841],[-118.40462639378326,33.96624988697607]]]}"
,LOS_ANGELES,9278172606916198400,10343.369637918102,5816.382,202509,deployment,"{""type"":""Polygon"",""coordinates"":[[[-118.40462639378326,33.95600341577306],[-118.40462639378326,33.94575585427115],[-118.39294170620582,33.948682442045815],[-118.39294170620582,33.95893042857426],[-118.40462639378326,33.95600341577306]]]}"
,LOS_ANGELES,9278172709995413504,28875.74734898711,13191.598,202509,deployment,"{""type"":""Polygon"",""coordinates"":[[[-118.42799332063665,33.960391708747],[-118.42799332063665,33.950146087558],[-118.41631026568835,33.9530753019397],[-118.41631026568835,33.963321348269105],[-118.42799332063665,33.960391708747]]]}"
,LOS_ANGELES,9278172744355151872,2986.1506154080275,2594.631,202509,deployment,"{""type"":""Polygon"",""coordinates"":[[[-118.4396755573443,33.95746096889399],[-118.4396755573443,33.94721577311227],[-118.42799332063665,33.950146087558],[-118.42799332063665,33.960391708747],[-118.4396755573443,33.95746096889399]]]}"
,LOS_ANGELES,9278172813074628608,3.541467069111695,3.541,202509,deployment,"{""type"":""Polygon"",""coordinates"":[[[-118.4396755573443,33.93696948829149],[-118.4396755573443,33.92672211519147],[-118.42799332063665,33.92965157756239],[-118.42799332063665,33.939899376909885],[-118.4396755573443,33.93696948829149]]]}"
,LOS_ANGELES,9278172881794105344,1.03719968288155,1.037,202509,deployment,"{""type"":""Polygon"",""coordinates"":[[[-118.42799332063665,33.92965157756239],[-118.42799332063665,33.91940269027586],[-118.41631026568835,33.922330626716445],[-118.41631026568835,33.93257994040337],[-118.42799332063665,33.92965157756239]]]}"
,LOS_ANGELES,9278172984873320448,3.6246919310395986,3.625,202509,deployment,"{""type"":""Polygon"",""coordinates"":[[[-118.40462639378326,33.94575585427115],[-118.40462639378326,33.93550720323001],[-118.39294170620582,33.9384333655584],[-118.39294170620582,33.948682442045815],[-118.40462639378326,33.94575585427115]]]}"
,LOS_ANGELES,9278173019233058816,4.066228249563543,4.066,202509,deployment,"{""type"":""Polygon"",""coordinates"":[[[-118.40462639378326,33.93550720323001],[-118.40462639378326,33.9252574634099],[-118.39294170620582,33.92818319987224],[-118.39294170620582,33.9384333655584],[-118.40462639378326,33.93550720323001]]]}"
,LOS_ANGELES,9278173053592797184,2.6950500236718056,2.695,202509,deployment,"{""type"":""Polygon"",""coordinates"":[[[-118.41631026568835,33.93257994040337],[-118.41631026568835,33.922330626716445],[-118.40462639378326,33.9252574634099],[-118.40462639378326,33.93550720323001],[-118.41631026568835,33.93257994040337]]]}"
,LOS_ANGELES,9278178585510674432,12799.49343898763,5834.11,202509,deployment,"{""type"":""Polygon"",""coordinates"":[[[-118.33450607823356,33.95304765281854],[-118.33450607823356,33.94279536180754],[-118.32281652363083,33.94571448674347],[-118.32281652363086,33.95596720201868],[-118.33450607823356,33.95304765281854]]]}"
,LOS_ANGELES,9278178619870412800,12128.071251405492,7011.898,202509,deployment,"{""type"":""Polygon"",""coordinates"":[[[-118.33450607823356,33.96329885253376],[-118.33450607823356,33.95304765281854],[-118.32281652363086,33.95596720201868],[-118.32281652363086,33.966218825579055],[-118.33450607823356,33.96329885253376]]]}"
,LOS_ANGELES,9278178654230151168,14104.121438323287,6071.547,202509,deployment,"{""type"":""Polygon"",""coordinates"":[[[-118.34619482488387,33.96037777582885],[-118.34619482488387,33.950127000225535],[-118.33450607823356,33.95304765281854],[-118.33450607823356,33.96329885253376],[-118.34619482488387,33.96037777582885]]]}"
,LOS_ANGELES,9278178688589889536,15078.989107329713,4076.889,202509,deployment,"{""type"":""Polygon"",""coordinates"":[[[-118.34619482488387,33.950127000225535],[-118.34619482488387,33.939875133745595],[-118.33450607823356,33.94279536180754],[-118.33450607823356,33.95304765281854],[-118.34619482488387,33.950127000225535]]]}"
,LOS_ANGELES,9278178722949627904,83.39158831673976,82.323,202509,deployment,"{""type"":""Polygon"",""coordinates"":[[[-118.34619482488387,33.939875133745595],[-118.34619482488387,33.9296221771497],[-118.33450607823356,33.93254198026139],[-118.33450607823356,33.94279536180754],[-118.34619482488387,33.939875133745595]]]}"
,LOS_ANGELES,9278178757309366272,5.075445337295521,1.241,202509,deployment,"{""type"":""Polygon"",""coordinates"":[[[-118.33450607823356,33.94279536180754],[-118.33450607823356,33.93254198026139],[-118.32281652363083,33.93546068051404],[-118.32281652363083,33.94571448674347],[-118.33450607823356,33.94279536180754]]]}"
,LOS_ANGELES,9278178894748319744,56.68376771743098,56.684,202509,deployment,"{""type"":""Polygon"",""coordinates"":[[[-118.3578827622935,33.93695380303904],[-118.3578827622935,33.926701271660434],[-118.34619482488387,33.9296221771497],[-118.34619482488387,33.939875133745595],[-118.3578827622935,33.93695380303904]]]}"
,LOS_ANGELES,9278178929108058112,3.9816226204759566,3.982,202509,deployment,"{""type"":""Polygon"",""coordinates"":[[[-118.36956988917491,33.93403137016971],[-118.36956988917491,33.923779264275474],[-118.3578827622935,33.926701271660434],[-118.3578827622935,33.93695380303904],[-118.36956988917491,33.93403137016971]]]}"
,LOS_ANGELES,9278179135266488320,19.097679949418236,16.347,202509,deployment,"{""type"":""Polygon"",""coordinates"":[[[-118.38125620424114,33.941358426905005],[-118.38125620424114,33.931107835619876],[-118.36956988917491,33.93403137016971],[-118.36956988917491,33.94428238678677],[-118.38125620424114,33.941358426905005]]]}"
,LOS_ANGELES,9278179238345703424,5135.37530097864,1960.801,202509,deployment,"{""type"":""Polygon"",""coordinates"":[[[-118.38125620424114,33.95160792857174],[-118.38125620424114,33.941358426905005],[-118.36956988917491,33.94428238678677],[-118.36956988917491,33.95453231336588],[-118.38125620424114,33.95160792857174]]]}"
,LOS_ANGELES,9278179272705441792,163370.39842056597,38619.562,202509,deployment,"{""type"":""Polygon"",""coordinates"":[[[-118.36956988917491,33.95453231336588],[-118.36956988917491,33.94428238678677],[-118.3578827622935,33.94720524472101],[-118.3578827622935,33.957455595945646],[-118.36956988917491,33.95453231336588]]]}"
,LOS_ANGELES,9278179307065180160,36969.87740005359,7158.94,202509,deployment,"{""type"":""Polygon"",""coordinates"":[[[-118.36956988917491,33.94428238678677],[-118.36956988917491,33.93403137016971],[-118.3578827622935,33.93695380303904],[-118.3578827622935,33.94720524472101],[-118.36956988917491,33.94428238678677]]]}"
,LOS_ANGELES,9278179341424918528,91099.73209724954,40218.73,202509,deployment,"{""type"":""Polygon"",""coordinates"":[[[-118.3578827622935,33.94720524472101],[-118.3578827622935,33.93695380303904],[-118.34619482488387,33.939875133745595],[-118.34619482488387,33.950127000225535],[-118.3578827622935,33.94720524472101]]]}"
,LOS_ANGELES,9278179375784656896,64607.3696275579,44137.096,202509,deployment,"{""type"":""Polygon"",""coordinates"":[[[-118.3578827622935,33.957455595945646],[-118.3578827622935,33.94720524472101],[-118.34619482488387,33.950127000225535],[-118.34619482488387,33.96037777582885],[-118.3578827622935,33.957455595945646]]]}"
,LOS_ANGELES,9278179410144395264,59005.97987673723,44895.832,202509,deployment,"{""type"":""Polygon"",""coordinates"":[[[-118.3578827622935,33.96770485595282],[-118.3578827622935,33.957455595945646],[-118.34619482488387,33.96037777582885],[-118.34619482488387,33.97062745979546],[-118.3578827622935,33.96770485595282]]]}"
,LOS_ANGELES,9278179444504133632,45502.55650904422,40042.965,202509,deployment,"{""type"":""Polygon"",""coordinates"":[[[-118.3578827622935,33.977953023982984],[-118.3578827622935,33.96770485595282],[-118.34619482488387,33.97062745979546],[-118.34619482488387,33.98087605136584],[-118.3578827622935,33.977953023982984]]]}"
,LOS_ANGELES,9278179478863872000,13203.720704871877,11496.822,202509,deployment,"{""type"":""Polygon"",""coordinates"":[[[-118.36956988917491,33.975028893370286],[-118.36956988917491,33.96478114914692],[-118.3578827622935,33.96770485595282],[-118.3578827622935,33.977953023982984],[-118.36956988917491,33.975028893370286]]]}"
,LOS_ANGELES,9278179513223610368,139786.82676564628,29773.326,202509,deployment,"{""type"":""Polygon"",""coordinates"":[[[-118.36956988917491,33.96478114914692],[-118.36956988917491,33.95453231336588],[-118.3578827622935,33.957455595945646],[-118.3578827622935,33.96770485595282],[-118.36956988917491,33.96478114914692]]]}"
,LOS_ANGELES,9278179547583348736,131555.6035951336,36529.052,202509,deployment,"{""type"":""Polygon"",""coordinates"":[[[-118.38125620424114,33.96185633985988],[-118.38125620424114,33.95160792857174],[-118.36956988917491,33.95453231336588],[-118.36956988917491,33.96478114914692],[-118.38125620424114,33.96185633985988]]]}"
,LOS_ANGELES,9278179581943087104,58325.63352084641,17090.947,202509,deployment,"{""type"":""Polygon"",""coordinates"":[[[-118.39294170620582,33.95893042857426],[-118.39294170620582,33.948682442045815],[-118.38125620424114,33.95160792857174],[-118.38125620424114,33.96185633985988],[-118.39294170620582,33.95893042857426]]]}"
,LOS_ANGELES,9278179616302825472,36935.352930634006,12390.128,202509,deployment,"{""type"":""Polygon"",""coordinates"":[[[-118.39294170620582,33.9691773243841],[-118.39294170620582,33.95893042857426],[-118.38125620424114,33.96185633985988],[-118.38125620424114,33.97210366000982],[-118.39294170620582,33.9691773243841]]]}"
,LOS_ANGELES,9278179650662563840,112144.38870407992,21862.974,202509,deployment,"{""type"":""Polygon"",""coordinates"":[[[-118.38125620424114,33.97210366000982],[-118.38125620424114,33.96185633985988],[-118.36956988917491,33.96478114914692],[-118.36956988917491,33.975028893370286],[-118.38125620424114,33.97210366000982]]]}"
,LOS_ANGELES,9278179685022302208,127963.86771375558,31637.476,202509,deployment,"{""type"":""Polygon"",""coordinates"":[[[-118.38125620424114,33.98234988826252],[-118.38125620424114,33.97210366000982],[-118.36956988917491,33.975028893370286],[-118.36956988917491,33.985275545276984],[-118.38125620424114,33.98234988826252]]]}"
,LOS_ANGELES,9278179719382040576,112253.45733578021,27441.309,202509,deployment,"{""type"":""Polygon"",""coordinates"":[[[-118.39294170620582,33.97942312871625],[-118.39294170620582,33.9691773243841],[-118.38125620424114,33.97210366000982],[-118.38125620424114,33.98234988826252],[-118.39294170620582,33.97942312871625]]]}"
,LOS_ANGELES,9278179753741778944,28366.5581251762,18950.002,202509,deployment,"{""type"":""Polygon"",""coordinates"":[[[-118.39294170620582,33.9896678408122],[-118.39294170620582,33.97942312871625],[-118.38125620424114,33.98234988826252],[-118.38125620424114,33.99259502385951],[-118.39294170620582,33.9896678408122]]]}"
,LOS_ANGELES,9278179788101517312,17085.99290869209,15400.2,202509,deployment,"{""type"":""Polygon"",""coordinates"":[[[-118.38125620424114,33.99259502385951],[-118.38125620424114,33.98234988826252],[-118.36956988917491,33.985275545276984],[-118.36956988917491,33.995521104108576],[-118.38125620424114,33.99259502385951]]]}"
,LOS_ANGELES,9278179822461255680,54035.596049124244,47757.277,202509,deployment,"{""type"":""Polygon"",""coordinates"":[[[-118.36956988917491,33.995521104108576],[-118.36956988917491,33.985275545276984],[-118.3578827622935,33.98820009927718],[-118.3578827622935,33.99844608107699],[-118.36956988917491,33.995521104108576]]]}"
,LOS_ANGELES,9278179856820994048,44601.917010708145,39189.653,202509,deployment,"{""type"":""Polygon"",""coordinates"":[[[-118.36956988917491,33.985275545276984],[-118.36956988917491,33.975028893370286],[-118.3578827622935,33.977953023982984],[-118.3578827622935,33.98820009927718],[-118.36956988917491,33.985275545276984]]]}"
,LOS_ANGELES,9278179891180732416,19244.11220871913,17573.439,202509,deployment,"{""type"":""Polygon"",""coordinates"":[[[-118.3578827622935,33.98820009927718],[-118.3578827622935,33.977953023982984],[-118.34619482488387,33.98087605136584],[-118.34619482488387,33.991123549781065],[-118.3578827622935,33.98820009927718]]]}"
,LOS_ANGELES,9278179925540470784,11727.109771304158,10895.713,202509,deployment,"{""type"":""Polygon"",""coordinates"":[[[-118.3578827622935,33.99844608107699],[-118.3578827622935,33.98820009927718],[-118.34619482488387,33.991123549781065],[-118.34619482488387,34.00136995428276],[-118.3578827622935,33.99844608107699]]]}"
,LOS_ANGELES,9278179959900209152,9040.399647692186,8485.422,202509,deployment,"{""type"":""Polygon"",""coordinates"":[[[-118.34619482488387,34.00136995428276],[-118.34619482488387,33.991123549781065],[-118.33450607823357,33.99404589630704],[-118.33450607823356,34.004292723244326],[-118.34619482488387,34.00136995428276]]]}"
,LOS_ANGELES,9278179994259947520,12697.56682041432,11578.749,202509,deployment,"{""type"":""Polygon"",""coordinates"":[[[-118.33450607823356,34.004292723244326],[-118.33450607823357,33.99404589630704],[-118.32281652363086,33.99696713837393],[-118.32281652363086,34.00721438748057],[-118.33450607823356,34.004292723244326]]]}"
,LOS_ANGELES,9278180028619685888,5517.330556517638,4942.97,202509,deployment,"{""type"":""Polygon"",""coordinates"":[[[-118.33450607823357,33.99404589630704],[-118.33450607823356,33.983797975037206],[-118.32281652363086,33.986718794515845],[-118.32281652363086,33.99696713837393],[-118.33450607823357,33.99404589630704]]]}"
,LOS_ANGELES,9278180062979424256,4557.501400506203,4168.364,202509,deployment,"{""type"":""Polygon"",""coordinates"":[[[-118.34619482488387,33.991123549781065],[-118.34619482488387,33.98087605136584],[-118.33450607823356,33.983797975037206],[-118.33450607823357,33.99404589630704],[-118.34619482488387,33.991123549781065]]]}"
,LOS_ANGELES,9278180097339162624,4440.247546194356,3972.388,202509,deployment,"{""type"":""Polygon"",""coordinates"":[[[-118.34619482488387,33.98087605136584],[-118.34619482488387,33.97062745979546],[-118.33450607823357,33.97354896019314],[-118.33450607823356,33.983797975037206],[-118.34619482488387,33.98087605136584]]]}"
,LOS_ANGELES,9278180131698900992,1843.2231955842149,1609.728,202509,deployment,"{""type"":""Polygon"",""coordinates"":[[[-118.34619482488387,33.97062745979546],[-118.34619482488387,33.96037777582885],[-118.33450607823356,33.96329885253376],[-118.33450607823357,33.97354896019314],[-118.34619482488387,33.97062745979546]]]}"
,LOS_ANGELES,9278180166058639360,5678.464867547958,4873.065,202509,deployment,"{""type"":""Polygon"",""coordinates"":[[[-118.33450607823357,33.97354896019314],[-118.33450607823356,33.96329885253376],[-118.32281652363086,33.966218825579055],[-118.32281652363086,33.97646935666459],[-118.33450607823357,33.97354896019314]]]}"
,LOS_ANGELES,9278180200418377728,6818.943391592049,5976.055,202509,deployment,"{""type"":""Polygon"",""coordinates"":[[[-118.33450607823356,33.983797975037206],[-118.33450607823357,33.97354896019314],[-118.32281652363086,33.97646935666459],[-118.32281652363086,33.986718794515845],[-118.33450607823356,33.983797975037206]]]}"
,LOS_ANGELES,9278180440936546304,6631.951929719117,5902.944,202509,deployment,"{""type"":""Polygon"",""coordinates"":[[[-118.32281652363086,34.00721438748057],[-118.32281652363086,33.99696713837393],[-118.31112616236453,33.999887275501],[-118.31112616236453,34.01013494651079],[-118.32281652363086,34.00721438748057]]]}"
,LOS_ANGELES,9278180475296284672,16061.56677468915,14817.492,202509,deployment,"{""type"":""Polygon"",""coordinates"":[[[-118.31112616236453,34.01013494651079],[-118.31112616236453,33.999887275501],[-118.29943499572406,34.00280630720794],[-118.29943499572408,34.01305439985473],[-118.31112616236453,34.01013494651079]]]}"
,LOS_ANGELES,9278180509656023040,36882.496738065456,22304.59,202509,deployment,"{""type"":""Polygon"",""coordinates"":[[[-118.31112616236453,34.020381521592675],[-118.31112616236453,34.01013494651079],[-118.29943499572408,34.01305439985473],[-118.29943499572406,34.023301396155],[-118.31112616236453,34.020381521592675]]]}"
,LOS_ANGELES,9278180544015761408,69175.65644048824,21602.157,202509,deployment,"{""type"":""Polygon"",""coordinates"":[[[-118.31112616236453,34.03062699998952],[-118.31112616236453,34.020381521592675],[-118.29943499572406,34.023301396155],[-118.29943499572406,34.03354729535165],[-118.31112616236453,34.03062699998952]]]}"
,LOS_ANGELES,9278180578375499776,34907.21053133293,7406.317,202509,deployment,"{""type"":""Polygon"",""coordinates"":[[[-118.32281652363083,34.02770559840919],[-118.32281652363086,34.01746054107804],[-118.31112616236453,34.020381521592675],[-118.31112616236453,34.03062699998952],[-118.32281652363083,34.02770559840919]]]}"
,LOS_ANGELES,9278180612735238144,21919.03939994484,17204.671,202509,deployment,"{""type"":""Polygon"",""coordinates"":[[[-118.32281652363086,34.01746054107804],[-118.32281652363086,34.00721438748057],[-118.31112616236453,34.01013494651079],[-118.31112616236453,34.020381521592675],[-118.32281652363086,34.01746054107804]]]}"
,LOS_ANGELES,9278180647094976512,16211.950190627946,14842.437,202509,deployment,"{""type"":""Polygon"",""coordinates"":[[[-118.33450607823357,34.01453845509131],[-118.33450607823356,34.004292723244326],[-118.32281652363086,34.00721438748057],[-118.32281652363086,34.01746054107804],[-118.33450607823357,34.01453845509131]]]}"
,LOS_ANGELES,9278180681454714880,18671.94055460043,15521.59,202509,deployment,"{""type"":""Polygon"",""coordinates"":[[[-118.34619482488387,34.01161526411314],[-118.34619482488387,34.00136995428276],[-118.33450607823356,34.004292723244326],[-118.33450607823357,34.01453845509131],[-118.34619482488387,34.01161526411314]]]}"
,LOS_ANGELES,9278180715814453248,21326.105048562455,11716.745,202509,deployment,"{""type"":""Polygon"",""coordinates"":[[[-118.34619482488387,34.021859478515005],[-118.34619482488387,34.01161526411314],[-118.33450607823357,34.01453845509131],[-118.33450607823357,34.024783091090825],[-118.34619482488387,34.021859478515005]]]}"
,LOS_ANGELES,9278180750174191616,35145.36482789976,10091.05,202509,deployment,"{""type"":""Polygon"",""coordinates"":[[[-118.33450607823357,34.024783091090825],[-118.33450607823357,34.01453845509131],[-118.32281652363086,34.01746054107804],[-118.32281652363083,34.02770559840919],[-118.33450607823357,34.024783091090825]]]}"
,LOS_ANGELES,9278180784533929984,92854.01598964997,25261.101,202509,deployment,"{""type"":""Polygon"",""coordinates"":[[[-118.33450607823356,34.03502663048625],[-118.33450607823357,34.024783091090825],[-118.32281652363083,34.02770559840919],[-118.32281652363086,34.03794955871748],[-118.33450607823356,34.03502663048625]]]}"
,LOS_ANGELES,9278180818893668352,105666.43203501869,28138.502,202509,deployment,"{""type"":""Polygon"",""coordinates"":[[[-118.34619482488387,34.03210259673171],[-118.34619482488387,34.021859478515005],[-118.33450607823357,34.024783091090825],[-118.33450607823356,34.03502663048625],[-118.34619482488387,34.03210259673171]]]}"
,LOS_ANGELES,9278180853253406720,68563.24758483013,21582.714,202509,deployment,"{""type"":""Polygon"",""coordinates"":[[[-118.34619482488387,34.04234461800719],[-118.34619482488387,34.03210259673171],[-118.33450607823356,34.03502663048625],[-118.33450607823357,34.04526907252157],[-118.34619482488387,34.04234461800719]]]}"
,LOS_ANGELES,9278180887613145088,137106.6436165947,36636.186,202509,deployment,"{""type"":""Polygon"",""coordinates"":[[[-118.33450607823357,34.04526907252157],[-118.33450607823356,34.03502663048625],[-118.32281652363086,34.03794955871748],[-118.32281652363083,34.048192421246895],[-118.33450607823357,34.04526907252157]]]}"
,LOS_ANGELES,9278180921972883456,107579.05323901113,27912.131,202509,deployment,"{""type"":""Polygon"",""coordinates"":[[[-118.32281652363083,34.048192421246895],[-118.32281652363086,34.03794955871748],[-118.31112616236453,34.040871380944836],[-118.31112616236453,34.051114663702634],[-118.32281652363083,34.048192421246895]]]}"
,LOS_ANGELES,9278180956332621824,83856.15626215834,23282.525,202509,deployment,"{""type"":""Polygon"",""coordinates"":[[[-118.32281652363086,34.03794955871748],[-118.32281652363083,34.02770559840919],[-118.31112616236453,34.03062699998952],[-118.31112616236453,34.040871380944836],[-118.32281652363086,34.03794955871748]]]}"
,LOS_ANGELES,9278180990692360192,110308.19773407187,32818.864,202509,deployment,"{""type"":""Polygon"",""coordinates"":[[[-118.31112616236453,34.040871380944836],[-118.31112616236453,34.03062699998952],[-118.29943499572406,34.03354729535165],[-118.29943499572406,34.04379209668821],[-118.31112616236453,34.040871380944836]]]}"
,LOS_ANGELES,9278181025052098560,170542.25128946942,49152.398,202509,deployment,"{""type"":""Polygon"",""coordinates"":[[[-118.31112616236453,34.051114663702634],[-118.31112616236453,34.040871380944836],[-118.29943499572406,34.04379209668821],[-118.29943499572406,34.054035799408744],[-118.31112616236453,34.051114663702634]]]}"
,LOS_ANGELES,9278181059411836928,184184.53632882613,57356.411,202509,deployment,"{""type"":""Polygon"",""coordinates"":[[[-118.31112616236453,34.061356847507554],[-118.31112616236453,34.051114663702634],[-118.29943499572406,34.054035799408744],[-118.29943499572406,34.06427840275792],[-118.31112616236453,34.061356847507554]]]}"
,LOS_ANGELES,9278181093771575296,162670.50900081804,54268.52,202509,deployment,"{""type"":""Polygon"",""coordinates"":[[[-118.32281652363086,34.05843418524202],[-118.32281652363083,34.048192421246895],[-118.31112616236453,34.051114663702634],[-118.31112616236453,34.061356847507554],[-118.32281652363086,34.05843418524202]]]}"
,LOS_ANGELES,9278181128131313664,135074.4910698049,36478.456,202509,deployment,"{""type"":""Polygon"",""coordinates"":[[[-118.32281652363083,34.06867484994804],[-118.32281652363086,34.05843418524202],[-118.31112616236453,34.061356847507554],[-118.31112616236453,34.0715979316048],[-118.32281652363083,34.06867484994804]]]}"
,LOS_ANGELES,9278181162491052032,146604.31000248363,48028.772,202509,deployment,"{""type"":""Polygon"",""coordinates"":[[[-118.31112616236453,34.0715979316048],[-118.31112616236453,34.061356847507554],[-118.29943499572406,34.06427840275792],[-118.29943499572406,34.07451990598098],[-118.31112616236453,34.0715979316048]]]}"
,LOS_ANGELES,9278181196850790400,129565.40541360402,56074.25,202509,deployment,"{""type"":""Polygon"",""coordinates"":[[[-118.31112616236453,34.08183791524013],[-118.31112616236453,34.0715979316048],[-118.29943499572406,34.07451990598098],[-118.29943499572406,34.084760308323716],[-118.31112616236453,34.08183791524013]]]}"
,LOS_ANGELES,9278181231210528768,41726.93000560913,20705.515,202509,deployment,"{""type"":""Polygon"",""coordinates"":[[[-118.31112616236453,34.09207679765992],[-118.31112616236453,34.08183791524013],[-118.29943499572406,34.084760308323716],[-118.29943499572406,34.09499960903254],[-118.31112616236453,34.09207679765992]]]}"
,LOS_ANGELES,9278181265570267136,77399.24788662055,28159.006,202509,deployment,"{""type"":""Polygon"",""coordinates"":[[[-118.32281652363086,34.089152878476305],[-118.32281652363083,34.0789144146107],[-118.31112616236453,34.08183791524013],[-118.31112616236453,34.09207679765992],[-118.32281652363086,34.089152878476305]]]}"
,LOS_ANGELES,9278181299930005504,131074.92662757201,54349.483,202509,deployment,"{""type"":""Polygon"",""coordinates"":[[[-118.32281652363083,34.0789144146107],[-118.32281652363083,34.06867484994804],[-118.31112616236453,34.0715979316048],[-118.31112616236453,34.08183791524013],[-118.32281652363083,34.0789144146107]]]}"
,LOS_ANGELES,9278181334289743872,194997.93070576453,63758.708,202509,deployment,"{""type"":""Polygon"",""coordinates"":[[[-118.33450607823356,34.075989806915345],[-118.33450607823356,34.06575066149071],[-118.32281652363083,34.06867484994804],[-118.32281652363083,34.0789144146107],[-118.33450607823356,34.075989806915345]]]}"
,LOS_ANGELES,9278181368649482240,92907.93757372141,26230.792,202509,deployment,"{""type"":""Polygon"",""coordinates"":[[[-118.33450607823357,34.086227851961546],[-118.33450607823356,34.075989806915345],[-118.32281652363083,34.0789144146107],[-118.32281652363086,34.089152878476305],[-118.33450607823357,34.086227851961546]]]}"
,LOS_ANGELES,9278181403009220608,216796.694079195,78597.843,202509,deployment,"{""type"":""Polygon"",""coordinates"":[[[-118.34619482488387,34.083301718595976],[-118.34619482488387,34.07306409263442],[-118.33450607823356,34.075989806915345],[-118.33450607823357,34.086227851961546],[-118.34619482488387,34.083301718595976]]]}"
,LOS_ANGELES,9278181437368958976,166325.25042586375,59937.516,202509,deployment,"{""type"":""Polygon"",""coordinates"":[[[-118.34619482488387,34.07306409263442],[-118.34619482488387,34.06282536671317],[-118.33450607823356,34.06575066149071],[-118.33450607823356,34.075989806915345],[-118.34619482488387,34.07306409263442]]]}"
,LOS_ANGELES,9278181471728697344,165691.82667000598,74678.151,202509,deployment,"{""type"":""Polygon"",""coordinates"":[[[-118.34619482488387,34.06282536671317],[-118.34619482488387,34.052585541585984],[-118.33450607823356,34.05551041644135],[-118.33450607823356,34.06575066149071],[-118.34619482488387,34.06282536671317]]]}"
,LOS_ANGELES,9278181506088435712,139813.9037588088,33494.377,202509,deployment,"{""type"":""Polygon"",""coordinates"":[[[-118.33450607823356,34.06575066149071],[-118.33450607823356,34.05551041644135],[-118.32281652363086,34.05843418524202],[-118.32281652363083,34.06867484994804],[-118.33450607823356,34.06575066149071]]]}"
,LOS_ANGELES,9278181540448174080,173148.90902101423,51787.775,202509,deployment,"{""type"":""Polygon"",""coordinates"":[[[-118.33450607823356,34.05551041644135],[-118.33450607823357,34.04526907252157],[-118.32281652363083,34.048192421246895],[-118.32281652363086,34.05843418524202],[-118.33450607823356,34.05551041644135]]]}"
,LOS_ANGELES,9278181574807912448,205501.4054005125,62868.796,202509,deployment,"{""type"":""Polygon"",""coordinates"":[[[-118.34619482488387,34.052585541585984],[-118.34619482488387,34.04234461800719],[-118.33450607823357,34.04526907252157],[-118.33450607823356,34.05551041644135],[-118.34619482488387,34.052585541585984]]]}"
,LOS_ANGELES,9278181609167650816,215775.2153175275,59972.479,202509,deployment,"{""type"":""Polygon"",""coordinates"":[[[-118.3578827622935,34.04965956115683],[-118.3578827622935,34.0394190581847],[-118.34619482488387,34.04234461800719],[-118.34619482488387,34.052585541585984],[-118.3578827622935,34.04965956115683]]]}"
,LOS_ANGELES,9278181643527389184,189364.49262828368,50468.249,202509,deployment,"{""type"":""Polygon"",""coordinates"":[[[-118.36956988917491,34.04673247563518],[-118.36956988917491,34.03649239353543],[-118.3578827622935,34.0394190581847],[-118.3578827622935,34.04965956115683],[-118.36956988917491,34.04673247563518]]]}"
,LOS_ANGELES,9278181677887127552,160889.67739460833,41921.415,202509,deployment,"{""type"":""Polygon"",""coordinates"":[[[-118.36956988917491,34.05697146012133],[-118.36956988917491,34.04673247563518],[-118.3578827622935,34.04965956115683],[-118.3578827622935,34.059898966096284],[-118.36956988917491,34.05697146012133]]]}"
,LOS_ANGELES,9278181712246865920,132329.4170423317,40331.868,202509,deployment,"{""type"":""Polygon"",""coordinates"":[[[-118.3578827622935,34.059898966096284],[-118.3578827622935,34.04965956115683],[-118.34619482488387,34.052585541585984],[-118.34619482488387,34.06282536671317],[-118.3578827622935,34.059898966096284]]]}"
,LOS_ANGELES,9278181746606604288,109972.97148707419,27541.14,202509,deployment,"{""type"":""Polygon"",""coordinates"":[[[-118.3578827622935,34.07013727224872],[-118.3578827622935,34.059898966096284],[-118.34619482488387,34.06282536671317],[-118.34619482488387,34.07306409263442],[-118.3578827622935,34.07013727224872]]]}"
,LOS_ANGELES,9278181780966342656,159116.68708746816,55422.041,202509,deployment,"{""type"":""Polygon"",""coordinates"":[[[-118.3578827622935,34.080374478860335],[-118.3578827622935,34.07013727224872],[-118.34619482488387,34.07306409263442],[-118.34619482488387,34.083301718595976],[-118.3578827622935,34.080374478860335]]]}"
,LOS_ANGELES,9278181815326081024,250451.43720746937,82360.921,202509,deployment,"{""type"":""Polygon"",""coordinates"":[[[-118.36956988917491,34.07744613323579],[-118.36956988917491,34.06720934623948],[-118.3578827622935,34.07013727224872],[-118.3578827622935,34.080374478860335],[-118.36956988917491,34.07744613323579]]]}"
,LOS_ANGELES,9278181849685819392,225762.93208045964,61574.942,202509,deployment,"{""type"":""Polygon"",""coordinates"":[[[-118.36956988917491,34.06720934623948],[-118.36956988917491,34.05697146012133],[-118.3578827622935,34.059898966096284],[-118.3578827622935,34.07013727224872],[-118.36956988917491,34.06720934623948]]]}"
,LOS_ANGELES,9278181884045557760,181271.32246061272,48150.505,202509,deployment,"{""type"":""Polygon"",""coordinates"":[[[-118.38125620424114,34.06428031508834],[-118.38125620424114,34.054042849270004],[-118.36956988917491,34.05697146012133],[-118.36956988917491,34.06720934623948],[-118.38125620424114,34.06428031508834]]]}"
,LOS_ANGELES,9278181918405296128,188960.66129133326,51351.852,202509,deployment,"{""type"":""Polygon"",""coordinates"":[[[-118.38125620424114,34.074516682203964],[-118.38125620424114,34.06428031508834],[-118.36956988917491,34.06720934623948],[-118.36956988917491,34.07744613323579],[-118.38125620424114,34.074516682203964]]]}"
,LOS_ANGELES,9278181952765034496,115649.98332062303,34998.599,202509,deployment,"{""type"":""Polygon"",""coordinates"":[[[-118.39294170620582,34.071586126246885],[-118.39294170620582,34.061350179277404],[-118.38125620424114,34.06428031508834],[-118.38125620424114,34.074516682203964],[-118.39294170620582,34.071586126246885]]]}"
,LOS_ANGELES,9278181987124772864,221595.86997291027,61833.221,202509,deployment,"{""type"":""Polygon"",""coordinates"":[[[-118.39294170620582,34.061350179277404],[-118.39294170620582,34.05111313402445],[-118.38125620424114,34.054042849270004],[-118.38125620424114,34.06428031508834],[-118.39294170620582,34.061350179277404]]]}"
,LOS_ANGELES,9278182021484511232,79987.4008598587,21769.66,202509,deployment,"{""type"":""Polygon"",""coordinates"":[[[-118.39294170620582,34.05111313402445],[-118.39294170620582,34.04087499124191],[-118.38125620424114,34.04380428550282],[-118.38125620424114,34.054042849270004],[-118.39294170620582,34.05111313402445]]]}"
,LOS_ANGELES,9278182055844249600,151096.58243553634,39356.706,202509,deployment,"{""type"":""Polygon"",""coordinates"":[[[-118.38125620424114,34.054042849270004],[-118.38125620424114,34.04380428550282],[-118.36956988917491,34.04673247563518],[-118.36956988917491,34.05697146012133],[-118.38125620424114,34.054042849270004]]]}"
,LOS_ANGELES,9278182090203987968,220285.65989181158,60003.913,202509,deployment,"{""type"":""Polygon"",""coordinates"":[[[-118.38125620424114,34.04380428550282],[-118.38125620424114,34.033564624541214],[-118.36956988917491,34.03649239353543],[-118.36956988917491,34.04673247563518],[-118.38125620424114,34.04380428550282]]]}"
,LOS_ANGELES,9278182124563726336,79828.21527838176,24491.641,202509,deployment,"{""type"":""Polygon"",""coordinates"":[[[-118.39294170620582,34.04087499124191],[-118.39294170620582,34.030635751684265],[-118.38125620424114,34.033564624541214],[-118.38125620424114,34.04380428550282],[-118.39294170620582,34.04087499124191]]]}"
,LOS_ANGELES,9278182158923464704,292518.8668636149,76805.578,202509,deployment,"{""type"":""Polygon"",""coordinates"":[[[-118.39294170620582,34.030635751684265],[-118.39294170620582,34.02039541610655],[-118.38125620424114,34.0233238671402],[-118.38125620424114,34.033564624541214],[-118.39294170620582,34.030635751684265]]]}"
,LOS_ANGELES,9278182193283203072,160974.1534346337,35020.306,202509,deployment,"{""type"":""Polygon"",""coordinates"":[[[-118.39294170620582,34.02039541610655],[-118.39294170620582,34.010153985264424],[-118.38125620424114,34.01308201405538],[-118.38125620424114,34.0233238671402],[-118.39294170620582,34.02039541610655]]]}"
,LOS_ANGELES,9278182227642941440,81684.94659185613,22375.438,202509,deployment,"{""type"":""Polygon"",""coordinates"":[[[-118.38125620424114,34.0233238671402],[-118.38125620424114,34.01308201405538],[-118.36956988917491,34.01600893951561],[-118.36956988917491,34.02625121457705],[-118.38125620424114,34.0233238671402]]]}"
,LOS_ANGELES,9278182262002679808,196466.33401707772,49092.456,202509,deployment,"{""type"":""Polygon"",""coordinates"":[[[-118.38125620424114,34.033564624541214],[-118.38125620424114,34.0233238671402],[-118.36956988917491,34.02625121457705],[-118.36956988917491,34.03649239353543],[-118.38125620424114,34.033564624541214]]]}"
,LOS_ANGELES,9278182296362418176,100397.83868858939,28163.342,202509,deployment,"{""type"":""Polygon"",""coordinates"":[[[-118.36956988917491,34.03649239353543],[-118.36956988917491,34.02625121457705],[-118.3578827622935,34.029177457934836],[-118.3578827622935,34.0394190581847],[-118.36956988917491,34.03649239353543]]]}"
,LOS_ANGELES,9278182330722156544,133755.59872968253,46370.447,202509,deployment,"{""type"":""Polygon"",""coordinates"":[[[-118.3578827622935,34.0394190581847],[-118.3578827622935,34.029177457934836],[-118.34619482488387,34.03210259673171],[-118.34619482488387,34.04234461800719],[-118.3578827622935,34.0394190581847]]]}"
,LOS_ANGELES,9278182365081894912,123315.62683115673,58397.152,202509,deployment,"{""type"":""Polygon"",""coordinates"":[[[-118.3578827622935,34.029177457934836],[-118.3578827622935,34.018934761162775],[-118.34619482488387,34.021859478515005],[-118.34619482488387,34.03210259673171],[-118.3578827622935,34.029177457934836]]]}"
,LOS_ANGELES,9278182399441633280,97347.26479560837,28255.4,202509,deployment,"{""type"":""Polygon"",""coordinates"":[[[-118.36956988917491,34.02625121457705],[-118.36956988917491,34.01600893951561],[-118.3578827622935,34.018934761162775],[-118.3578827622935,34.029177457934836],[-118.36956988917491,34.02625121457705]]]}"
,LOS_ANGELES,9278182468161110016,52526.96269407311,44624.506,202509,deployment,"{""type"":""Polygon"",""coordinates"":[[[-118.3578827622935,34.018934761162775],[-118.3578827622935,34.008690968624606],[-118.34619482488387,34.01161526411314],[-118.34619482488387,34.021859478515005],[-118.3578827622935,34.018934761162775]]]}"
,LOS_ANGELES,9278182502520848384,23260.871808698776,20724.877,202509,deployment,"{""type"":""Polygon"",""coordinates"":[[[-118.3578827622935,34.008690968624606],[-118.3578827622935,33.99844608107699],[-118.34619482488387,34.00136995428276],[-118.34619482488387,34.01161526411314],[-118.3578827622935,34.008690968624606]]]}"
,LOS_ANGELES,9278182536880586752,28889.883034991042,25543.988,202509,deployment,"{""type"":""Polygon"",""coordinates"":[[[-118.36956988917491,34.00576556910721],[-118.36956988917491,33.995521104108576],[-118.3578827622935,33.99844608107699],[-118.3578827622935,34.008690968624606],[-118.36956988917491,34.00576556910721]]]}"
,LOS_ANGELES,9278182571240325120,1191.0851847299698,1083.908,202509,deployment,"{""type"":""Polygon"",""coordinates"":[[[-118.38125620424114,34.002839066042895],[-118.38125620424114,33.99259502385951],[-118.36956988917491,33.995521104108576],[-118.36956988917491,34.00576556910721],[-118.38125620424114,34.002839066042895]]]}"
,LOS_ANGELES,9278182639959801856,59554.76044755463,11324.054,202509,deployment,"{""type"":""Polygon"",""coordinates"":[[[-118.39294170620582,34.010153985264424],[-118.39294170620582,33.99991145991404],[-118.38125620424114,34.002839066042895],[-118.38125620424114,34.01308201405538],[-118.39294170620582,34.010153985264424]]]}"
,LOS_ANGELES,9278182708679278592,158827.5414035765,34764.337,202509,deployment,"{""type"":""Polygon"",""coordinates"":[[[-118.40462639378326,33.99698275120345],[-118.40462639378326,33.9867395554495],[-118.39294170620582,33.9896678408122],[-118.39294170620582,33.99991145991404],[-118.40462639378326,33.99698275120345]]]}"
,LOS_ANGELES,9278182743039016960,53679.868605694915,22507.357,202509,deployment,"{""type"":""Polygon"",""coordinates"":[[[-118.41631026568835,33.99405294039434],[-118.41631026568835,33.9838101682547],[-118.40462639378326,33.9867395554495],[-118.40462639378326,33.99698275120345],[-118.41631026568835,33.99405294039434]]]}"
,LOS_ANGELES,9278182777398755328,103510.71958445359,33104.027,202509,deployment,"{""type"":""Polygon"",""coordinates"":[[[-118.41631026568835,34.004294619621774],[-118.41631026568835,33.99405294039434],[-118.40462639378326,33.99698275120345],[-118.40462639378326,34.00722485362549],[-118.41631026568835,34.004294619621774]]]}"
,LOS_ANGELES,9278182811758493696,106990.7646003971,24231.776,202509,deployment,"{""type"":""Polygon"",""coordinates"":[[[-118.40462639378326,34.00722485362549],[-118.40462639378326,33.99698275120345],[-118.39294170620582,33.99991145991404],[-118.39294170620582,34.010153985264424],[-118.40462639378326,34.00722485362549]]]}"
,LOS_ANGELES,9278182846118232064,71802.6613501333,27616.346,202509,deployment,"{""type"":""Polygon"",""coordinates"":[[[-118.40462639378326,34.01746586195883],[-118.40462639378326,34.00722485362549],[-118.39294170620582,34.010153985264424],[-118.39294170620582,34.02039541610655],[-118.40462639378326,34.01746586195883]]]}"
,LOS_ANGELES,9278182880477970432,253125.22529424264,79719.216,202509,deployment,"{""type"":""Polygon"",""coordinates"":[[[-118.40462639378326,34.02770577544725],[-118.40462639378326,34.01746586195883],[-118.39294170620582,34.02039541610655],[-118.39294170620582,34.030635751684265],[-118.40462639378326,34.02770577544725]]]}"
,LOS_ANGELES,9278182914837708800,200556.6698392131,70564.233,202509,deployment,"{""type"":""Polygon"",""coordinates"":[[[-118.41631026568835,34.024774696313266],[-118.41631026568835,34.014535205180174],[-118.40462639378326,34.01746586195883],[-118.40462639378326,34.02770577544725],[-118.41631026568835,34.024774696313266]]]}"
,LOS_ANGELES,9278182949197447168,163069.38455373392,52239.604,202509,deployment,"{""type"":""Polygon"",""coordinates"":[[[-118.41631026568835,34.014535205180174],[-118.41631026568835,34.004294619621774],[-118.40462639378326,34.00722485362549],[-118.40462639378326,34.01746586195883],[-118.41631026568835,34.014535205180174]]]}"
,LOS_ANGELES,9278182983557185536,214556.92611884756,71284.643,202509,deployment,"{""type"":""Polygon"",""coordinates"":[[[-118.42799332063665,34.01160344625414],[-118.42799332063665,34.00136328373689],[-118.41631026568835,34.004294619621774],[-118.41631026568835,34.014535205180174],[-118.42799332063665,34.01160344625414]]]}"
,LOS_ANGELES,9278183017916923904,145350.89020082992,51127.012,202509,deployment,"{""type"":""Polygon"",""coordinates"":[[[-118.42799332063665,34.02184251476583],[-118.42799332063665,34.01160344625414],[-118.41631026568835,34.014535205180174],[-118.41631026568835,34.024774696313266],[-118.42799332063665,34.02184251476583]]]}"
,LOS_ANGELES,9278183052276662272,116688.62036846588,42154.831,202509,deployment,"{""type"":""Polygon"",""coordinates"":[[[-118.4396755573443,34.018909231288895],[-118.4396755573443,34.00867058566473],[-118.42799332063665,34.01160344625414],[-118.42799332063665,34.02184251476583],[-118.4396755573443,34.018909231288895]]]}"
,LOS_ANGELES,9278183086636400640,196957.54951032295,71602.289,202509,deployment,"{""type"":""Polygon"",""coordinates"":[[[-118.4396755573443,34.00867058566473],[-118.4396755573443,33.99843084645487],[-118.42799332063665,34.00136328373689],[-118.42799332063665,34.01160344625414],[-118.4396755573443,34.00867058566473]]]}"
,LOS_ANGELES,9278183120996139008,122518.33766263565,42951.197,202509,deployment,"{""type"":""Polygon"",""coordinates"":[[[-118.4396755573443,33.99843084645487],[-118.4396755573443,33.988190014415686],[-118.42799332063665,33.991122027970384],[-118.42799332063665,34.00136328373689],[-118.4396755573443,33.99843084645487]]]}"
,LOS_ANGELES,9278183155355877376,123412.07362486512,43320.355,202509,deployment,"{""type"":""Polygon"",""coordinates"":[[[-118.42799332063665,34.00136328373689],[-118.42799332063665,33.991122027970384],[-118.41631026568835,33.99405294039434],[-118.41631026568835,34.004294619621774],[-118.42799332063665,34.00136328373689]]]}"
,LOS_ANGELES,9278183189715615744,91865.08226709973,35462.177,202509,deployment,"{""type"":""Polygon"",""coordinates"":[[[-118.42799332063665,33.991122027970384],[-118.42799332063665,33.98087967971151],[-118.41631026568835,33.9838101682547],[-118.41631026568835,33.99405294039434],[-118.42799332063665,33.991122027970384]]]}"
,LOS_ANGELES,9278183224075354112,59251.301771232174,23337.08,202509,deployment,"{""type"":""Polygon"",""coordinates"":[[[-118.4396755573443,33.988190014415686],[-118.4396755573443,33.97794809030404],[-118.42799332063665,33.98087967971151],[-118.42799332063665,33.991122027970384],[-118.4396755573443,33.988190014415686]]]}"
,LOS_ANGELES,9278183258435092480,84331.85744039237,32507.246,202509,deployment,"{""type"":""Polygon"",""coordinates"":[[[-118.4513569745281,33.98525690021474],[-118.45135697452811,33.97501540051689],[-118.4396755573443,33.97794809030404],[-118.4396755573443,33.988190014415686],[-118.4513569745281,33.98525690021474]]]}"
,LOS_ANGELES,9278183292794830848,185159.0581779323,61935.847,202509,deployment,"{""type"":""Polygon"",""coordinates"":[[[-118.4513569745281,33.99549730826022],[-118.4513569745281,33.98525690021474],[-118.4396755573443,33.988190014415686],[-118.4396755573443,33.99843084645487],[-118.4513569745281,33.99549730826022]]]}"
,LOS_ANGELES,9278183327154569216,217285.1429442513,66471.67,202509,deployment,"{""type"":""Polygon"",""coordinates"":[[[-118.46303757090548,33.99256266963781],[-118.46303757090548,33.98232268585252],[-118.4513569745281,33.98525690021474],[-118.4513569745281,33.99549730826022],[-118.46303757090548,33.99256266963781]]]}"
,LOS_ANGELES,9278183361514307584,76271.5867413258,25227.519,202509,deployment,"{""type"":""Polygon"",""coordinates"":[[[-118.46303757090548,33.98232268585252],[-118.46303757090548,33.97208161083505],[-118.45135697452811,33.97501540051689],[-118.4513569745281,33.98525690021474],[-118.46303757090548,33.98232268585252]]]}"
,LOS_ANGELES,9278183395874045952,27006.98771372683,7861.668,202509,deployment,"{""type"":""Polygon"",""coordinates"":[[[-118.47471734519449,33.979387371814404],[-118.47471734519449,33.969146721743925],[-118.46303757090548,33.97208161083505],[-118.46303757090548,33.98232268585252],[-118.47471734519449,33.979387371814404]]]}"
,LOS_ANGELES,9278183464593522688,326.33057260462766,88.101,202509,deployment,"{""type"":""Polygon"",""coordinates"":[[[-118.4863962961138,33.98669009305152],[-118.4863962961138,33.97645095858618],[-118.47471734519449,33.979387371814404],[-118.47471734519449,33.989626931073],[-118.4863962961138,33.98669009305152]]]}"
,LOS_ANGELES,9278183498953261056,148929.68371930844,43979.542,202509,deployment,"{""type"":""Polygon"",""coordinates"":[[[-118.47471734519449,33.989626931073],[-118.47471734519449,33.979387371814404],[-118.46303757090548,33.98232268585252],[-118.46303757090548,33.99256266963781],[-118.47471734519449,33.989626931073]]]}"
,LOS_ANGELES,9278183533312999424,145041.46476574178,49412.881,202509,deployment,"{""type"":""Polygon"",""coordinates"":[[[-118.47471734519449,33.9998653987627],[-118.47471734519449,33.989626931073],[-118.46303757090548,33.99256266963781],[-118.46303757090548,34.00280156143394],[-118.47471734519449,33.9998653987627]]]}"
,LOS_ANGELES,9278183567672737792,89185.19216757514,25951.12,202509,deployment,"{""type"":""Polygon"",""coordinates"":[[[-118.4863962961138,33.99692813636837],[-118.4863962961138,33.98669009305152],[-118.47471734519449,33.989626931073],[-118.47471734519449,33.9998653987627],[-118.4863962961138,33.99692813636837]]]}"
,LOS_ANGELES,9278183602032476160,182669.7860728588,61028.827,202509,deployment,"{""type"":""Polygon"",""coordinates"":[[[-118.4863962961138,34.00716508778025],[-118.4863962961138,33.99692813636837],[-118.47471734519449,33.9998653987627],[-118.47471734519449,34.01010277412707],[-118.4863962961138,34.00716508778025]]]}"
,LOS_ANGELES,9278183636392214528,130567.5609133227,49933.777,202509,deployment,"{""type"":""Polygon"",""coordinates"":[[[-118.47471734519449,34.01010277412707],[-118.47471734519449,33.9998653987627],[-118.46303757090548,34.00280156143394],[-118.46303757090548,34.0130393604845],[-118.47471734519449,34.01010277412707]]]}"
,LOS_ANGELES,9278183670751952896,64517.563651106844,22412.247,202509,deployment,"{""type"":""Polygon"",""coordinates"":[[[-118.46303757090548,34.0130393604845],[-118.46303757090548,34.00280156143394],[-118.45135697452811,34.00573662389638],[-118.45135697452811,34.01597484636685],[-118.46303757090548,34.0130393604845]]]}"
,LOS_ANGELES,9278183705111691264,107113.87008098702,43176.0,202509,deployment,"{""type"":""Polygon"",""coordinates"":[[[-118.46303757090548,34.00280156143394],[-118.46303757090548,33.99256266963781],[-118.4513569745281,33.99549730826022],[-118.45135697452811,34.00573662389638],[-118.46303757090548,34.00280156143394]]]}"
,LOS_ANGELES,9278183739471429632,96847.2895889975,33391.679,202509,deployment,"{""type"":""Polygon"",""coordinates"":[[[-118.45135697452811,34.00573662389638],[-118.4513569745281,33.99549730826022],[-118.4396755573443,33.99843084645487],[-118.4396755573443,34.00867058566473],[-118.45135697452811,34.00573662389638]]]}"
,LOS_ANGELES,9278183773831168000,101429.63743413046,38425.689,202509,deployment,"{""type"":""Polygon"",""coordinates"":[[[-118.45135697452811,34.01597484636685],[-118.45135697452811,34.00573662389638],[-118.4396755573443,34.00867058566473],[-118.4396755573443,34.018909231288895],[-118.45135697452811,34.01597484636685]]]}"
,LOS_ANGELES,9278183808190906368,202143.66828569633,74822.085,202509,deployment,"{""type"":""Polygon"",""coordinates"":[[[-118.45135697452811,34.02621197491583],[-118.45135697452811,34.01597484636685],[-118.4396755573443,34.018909231288895],[-118.4396755573443,34.02914678257162],[-118.45135697452811,34.02621197491583]]]}"
,LOS_ANGELES,9278183842550644736,345138.17720092717,106079.875,202509,deployment,"{""type"":""Polygon"",""coordinates"":[[[-118.45135697452811,34.0364480087881],[-118.45135697452811,34.02621197491583],[-118.4396755573443,34.02914678257162],[-118.4396755573443,34.039383238757694],[-118.45135697452811,34.0364480087881]]]}"
,LOS_ANGELES,9278183876910383104,284367.53816423524,93071.644,202509,deployment,"{""type"":""Polygon"",""coordinates"":[[[-118.46303757090548,34.03351167732612],[-118.46303757090548,34.023276066033645],[-118.45135697452811,34.02621197491583],[-118.45135697452811,34.0364480087881],[-118.46303757090548,34.03351167732612]]]}"
,LOS_ANGELES,9278183911270121472,103667.85269319701,35551.271,202509,deployment,"{""type"":""Polygon"",""coordinates"":[[[-118.46303757090548,34.023276066033645],[-118.46303757090548,34.0130393604845],[-118.45135697452811,34.01597484636685],[-118.45135697452811,34.02621197491583],[-118.46303757090548,34.023276066033645]]]}"
,LOS_ANGELES,9278183945629859840,179745.6916489854,63785.364,202509,deployment,"{""type"":""Polygon"",""coordinates"":[[[-118.47471734519449,34.02033905641025],[-118.47471734519449,34.01010277412707],[-118.46303757090548,34.0130393604845],[-118.46303757090548,34.023276066033645],[-118.47471734519449,34.02033905641025]]]}"
,LOS_ANGELES,9278183979989598208,244895.3564089905,85007.985,202509,deployment,"{""type"":""Polygon"",""coordinates"":[[[-118.4863962961138,34.017400946531254],[-118.4863962961138,34.00716508778025],[-118.47471734519449,34.01010277412707],[-118.47471734519449,34.02033905641025],[-118.4863962961138,34.017400946531254]]]}"
,LOS_ANGELES,9278184014349336576,344737.3654656261,149314.604,202509,deployment,"{""type"":""Polygon"",""coordinates"":[[[-118.4863962961138,34.027635711866054],[-118.4863962961138,34.017400946531254],[-118.47471734519449,34.02033905641025],[-118.47471734519449,34.030574244856915],[-118.4863962961138,34.027635711866054]]]}"
,LOS_ANGELES,9278184048709074944,77495.3786951389,19934.893,202509,deployment,"{""type"":""Polygon"",""coordinates"":[[[-118.47471734519449,34.030574244856915],[-118.47471734519449,34.02033905641025],[-118.46303757090548,34.023276066033645],[-118.46303757090548,34.03351167732612],[-118.47471734519449,34.030574244856915]]]}"
,LOS_ANGELES,9278184083068813312,284087.5811359645,114719.748,202509,deployment,"{""type"":""Polygon"",""coordinates"":[[[-118.47471734519449,34.04080833871238],[-118.47471734519449,34.030574244856915],[-118.46303757090548,34.03351167732612],[-118.46303757090548,34.04374619360725],[-118.47471734519449,34.04080833871238]]]}"
,LOS_ANGELES,9278184117428551680,175995.26268799705,65210.588,202509,deployment,"{""type"":""Polygon"",""coordinates"":[[[-118.4863962961138,34.0378693830299],[-118.4863962961138,34.027635711866054],[-118.47471734519449,34.030574244856915],[-118.47471734519449,34.04080833871238],[-118.4863962961138,34.0378693830299]]]}"
,LOS_ANGELES,9278184151788290048,32072.740574413157,14582.892,202509,deployment,"{""type"":""Polygon"",""coordinates"":[[[-118.4863962961138,34.04810195926861],[-118.4863962961138,34.0378693830299],[-118.47471734519449,34.04080833871238],[-118.47471734519449,34.05104133722248],[-118.4863962961138,34.04810195926861]]]}"
,LOS_ANGELES,9278184186148028416,121800.84766550463,40150.505,202509,deployment,"{""type"":""Polygon"",""coordinates"":[[[-118.47471734519449,34.05104133722248],[-118.47471734519449,34.04080833871238],[-118.46303757090548,34.04374619360725],[-118.46303757090548,34.053979614122916],[-118.47471734519449,34.05104133722248]]]}"
,LOS_ANGELES,9278184220507766784,129563.02361393346,48897.676,202509,deployment,"{""type"":""Polygon"",""coordinates"":[[[-118.46303757090548,34.053979614122916],[-118.46303757090548,34.04374619360725],[-118.45135697452811,34.046682947229],[-118.45135697452811,34.05691678948447],[-118.46303757090548,34.053979614122916]]]}"
,LOS_ANGELES,9278184254867505152,256315.97408025054,94089.155,202509,deployment,"{""type"":""Polygon"",""coordinates"":[[[-118.46303757090548,34.04374619360725],[-118.46303757090548,34.03351167732612],[-118.45135697452811,34.0364480087881],[-118.45135697452811,34.046682947229],[-118.46303757090548,34.04374619360725]]]}"
,LOS_ANGELES,9278184289227243520,187030.11257622147,66157.676,202509,deployment,"{""type"":""Polygon"",""coordinates"":[[[-118.45135697452811,34.046682947229],[-118.45135697452811,34.0364480087881],[-118.4396755573443,34.039383238757694],[-118.4396755573443,34.049618599092526],[-118.45135697452811,34.046682947229]]]}"
,LOS_ANGELES,9278184323586981888,153346.97426808116,51739.761,202509,deployment,"{""type"":""Polygon"",""coordinates"":[[[-118.45135697452811,34.05691678948447],[-118.45135697452811,34.046682947229],[-118.4396755573443,34.049618599092526],[-118.4396755573443,34.05985286282207],[-118.45135697452811,34.05691678948447]]]}"
,LOS_ANGELES,9278184357946720256,125483.81952667494,45873.665,202509,deployment,"{""type"":""Polygon"",""coordinates"":[[[-118.4396755573443,34.05985286282207],[-118.4396755573443,34.049618599092526],[-118.42799332063665,34.05255314871316],[-118.42799332063665,34.06278783365108],[-118.4396755573443,34.05985286282207]]]}"
,LOS_ANGELES,9278184392306458624,228162.10709652278,85673.773,202509,deployment,"{""type"":""Polygon"",""coordinates"":[[[-118.42799332063665,34.06278783365108],[-118.42799332063665,34.05255314871316],[-118.41631026568835,34.055486595606645],[-118.41631026568835,34.06572170148733],[-118.42799332063665,34.06278783365108]]]}"
,LOS_ANGELES,9278184426666196992,242342.66146908246,68387.849,202509,deployment,"{""type"":""Polygon"",""coordinates"":[[[-118.42799332063665,34.05255314871316],[-118.42799332063665,34.042317366750204],[-118.41631026568835,34.04525039228133],[-118.41631026568835,34.055486595606645],[-118.42799332063665,34.05255314871316]]]}"
,LOS_ANGELES,9278184461025935360,296604.659735115,88516.452,202509,deployment,"{""type"":""Polygon"",""coordinates"":[[[-118.4396755573443,34.049618599092526],[-118.4396755573443,34.039383238757694],[-118.42799332063665,34.042317366750204],[-118.42799332063665,34.05255314871316],[-118.4396755573443,34.049618599092526]]]}"
,LOS_ANGELES,9278184495385673728,196833.07094183806,64869.007,202509,deployment,"{""type"":""Polygon"",""coordinates"":[[[-118.4396755573443,34.039383238757694],[-118.4396755573443,34.02914678257162],[-118.42799332063665,34.032080488516236],[-118.42799332063665,34.042317366750204],[-118.4396755573443,34.039383238757694]]]}"
,LOS_ANGELES,9278184529745412096,116440.68513787308,37768.097,202509,deployment,"{""type"":""Polygon"",""coordinates"":[[[-118.4396755573443,34.02914678257162],[-118.4396755573443,34.018909231288895],[-118.42799332063665,34.02184251476583],[-118.42799332063665,34.032080488516236],[-118.4396755573443,34.02914678257162]]]}"
,LOS_ANGELES,9278184564105150464,62860.66433078378,19283.074,202509,deployment,"{""type"":""Polygon"",""coordinates"":[[[-118.42799332063665,34.032080488516236],[-118.42799332063665,34.02184251476583],[-118.41631026568835,34.024774696313266],[-118.41631026568835,34.03501309226535],[-118.42799332063665,34.032080488516236]]]}"
,LOS_ANGELES,9278184598464888832,69571.72107164207,21032.326,202509,deployment,"{""type"":""Polygon"",""coordinates"":[[[-118.42799332063665,34.042317366750204],[-118.42799332063665,34.032080488516236],[-118.41631026568835,34.03501309226535],[-118.41631026568835,34.04525039228133],[-118.42799332063665,34.042317366750204]]]}"
,LOS_ANGELES,9278184632824627200,26318.463180205512,9586.218,202509,deployment,"{""type"":""Polygon"",""coordinates"":[[[-118.41631026568835,34.04525039228133],[-118.41631026568835,34.03501309226535],[-118.40462639378326,34.03794459333507],[-118.40462639378326,34.048182314867226],[-118.41631026568835,34.04525039228133]]]}"
,LOS_ANGELES,9278184667184365568,84687.28037411819,24263.859,202509,deployment,"{""type"":""Polygon"",""coordinates"":[[[-118.41631026568835,34.03501309226535],[-118.41631026568835,34.024774696313266],[-118.40462639378326,34.02770577544725],[-118.40462639378326,34.03794459333507],[-118.41631026568835,34.03501309226535]]]}"
,LOS_ANGELES,9278184701544103936,111968.01236869881,32783.442,202509,deployment,"{""type"":""Polygon"",""coordinates"":[[[-118.40462639378326,34.03794459333507],[-118.40462639378326,34.02770577544725],[-118.39294170620582,34.030635751684265],[-118.39294170620582,34.04087499124191],[-118.40462639378326,34.03794459333507]]]}"
,LOS_ANGELES,9278184770263580672,170018.9349790346,47625.664,202509,deployment,"{""type"":""Polygon"",""coordinates"":[[[-118.40462639378326,34.05841893928918],[-118.40462639378326,34.048182314867226],[-118.39294170620582,34.05111313402445],[-118.39294170620582,34.061350179277404],[-118.40462639378326,34.05841893928918]]]}"
,LOS_ANGELES,9278184804623319040,138012.8411590224,41980.267,202509,deployment,"{""type"":""Polygon"",""coordinates"":[[[-118.41631026568835,34.055486595606645],[-118.41631026568835,34.04525039228133],[-118.40462639378326,34.048182314867226],[-118.40462639378326,34.05841893928918],[-118.41631026568835,34.055486595606645]]]}"
,LOS_ANGELES,9278184838983057408,279715.74237464886,95736.781,202509,deployment,"{""type"":""Polygon"",""coordinates"":[[[-118.41631026568835,34.06572170148733],[-118.41631026568835,34.055486595606645],[-118.40462639378326,34.05841893928918],[-118.40462639378326,34.06865446584705],[-118.41631026568835,34.06572170148733]]]}"
,LOS_ANGELES,9278184873342795776,120702.9918733778,39687.426,202509,deployment,"{""type"":""Polygon"",""coordinates"":[[[-118.40462639378326,34.06865446584705],[-118.40462639378326,34.05841893928918],[-118.39294170620582,34.061350179277404],[-118.39294170620582,34.071586126246885],[-118.40462639378326,34.06865446584705]]]}"
,LOS_ANGELES,9278184907702534144,240954.58109437788,82989.412,202509,deployment,"{""type"":""Polygon"",""coordinates"":[[[-118.40462639378326,34.07888889378743],[-118.40462639378326,34.06865446584705],[-118.39294170620582,34.071586126246885],[-118.39294170620582,34.08182097417957],[-118.40462639378326,34.07888889378743]]]}"
,LOS_ANGELES,9278184942062272512,127808.60557418624,48336.507,202509,deployment,"{""type"":""Polygon"",""coordinates"":[[[-118.41631026568835,34.07595570916999],[-118.41631026568835,34.06572170148733],[-118.40462639378326,34.06865446584705],[-118.40462639378326,34.07888889378743],[-118.41631026568835,34.07595570916999]]]}"
,LOS_ANGELES,9278184976422010880,20951.46466060887,19237.591,202509,deployment,"{""type"":""Polygon"",""coordinates"":[[[-118.41631026568835,34.086188617901826],[-118.41631026568835,34.07595570916999],[-118.40462639378326,34.07888889378743],[-118.40462639378326,34.08912222235755],[-118.41631026568835,34.086188617901826]]]}"
,LOS_ANGELES,9278185010781749248,17752.496988062958,16263.229,202509,deployment,"{""type"":""Polygon"",""coordinates"":[[[-118.40462639378326,34.08912222235755],[-118.40462639378326,34.07888889378743],[-118.39294170620582,34.08182097417957],[-118.39294170620582,34.09205472232272],[-118.40462639378326,34.08912222235755]]]}"
,LOS_ANGELES,9278185285659656192,3353.3553646941323,3061.394,202509,deployment,"{""type"":""Polygon"",""coordinates"":[[[-118.4396755573443,34.09054906684718],[-118.4396755573443,34.08031809745199],[-118.42799332063665,34.08325390943874],[-118.42799332063665,34.09348529878334],[-118.4396755573443,34.09054906684718]]]}"
,LOS_ANGELES,9278185320019394560,18314.212532474543,16548.786,202509,deployment,"{""type"":""Polygon"",""coordinates"":[[[-118.4396755573443,34.08031809745199],[-118.4396755573443,34.070086029192844],[-118.42799332063665,34.07302142081056],[-118.42799332063665,34.08325390943874],[-118.4396755573443,34.08031809745199]]]}"
,LOS_ANGELES,9278185354379132928,14963.763989422008,13582.237,202509,deployment,"{""type"":""Polygon"",""coordinates"":[[[-118.42799332063665,34.08325390943874],[-118.42799332063665,34.07302142081056],[-118.41631026568835,34.07595570916999],[-118.41631026568835,34.086188617901826],[-118.42799332063665,34.08325390943874]]]}"
,LOS_ANGELES,9278185388738871296,46234.14158241763,11809.295,202509,deployment,"{""type"":""Polygon"",""coordinates"":[[[-118.42799332063665,34.07302142081056],[-118.42799332063665,34.06278783365108],[-118.41631026568835,34.06572170148733],[-118.41631026568835,34.07595570916999],[-118.42799332063665,34.07302142081056]]]}"
,LOS_ANGELES,9278185423098609664,80840.59398029123,28098.192,202509,deployment,"{""type"":""Polygon"",""coordinates"":[[[-118.4396755573443,34.070086029192844],[-118.4396755573443,34.05985286282207],[-118.42799332063665,34.06278783365108],[-118.42799332063665,34.07302142081056],[-118.4396755573443,34.070086029192844]]]}"
,LOS_ANGELES,9278185457458348032,96044.19851311565,32318.302,202509,deployment,"{""type"":""Polygon"",""coordinates"":[[[-118.45135697452811,34.067149534801004],[-118.45135697452811,34.05691678948447],[-118.4396755573443,34.05985286282207],[-118.4396755573443,34.070086029192844],[-118.45135697452811,34.067149534801004]]]}"
,LOS_ANGELES,9278185491818086400,11620.061201458338,8282.568,202509,deployment,"{""type"":""Polygon"",""coordinates"":[[[-118.45135697452811,34.07738118242568],[-118.45135697452811,34.067149534801004],[-118.4396755573443,34.070086029192844],[-118.4396755573443,34.08031809745199],[-118.45135697452811,34.07738118242568]]]}"
,LOS_ANGELES,9278185526177824768,24733.952971744802,13476.707,202509,deployment,"{""type"":""Polygon"",""coordinates"":[[[-118.46303757090548,34.07444316484433],[-118.46303757090548,34.0642119381196],[-118.45135697452811,34.067149534801004],[-118.45135697452811,34.07738118242568],[-118.46303757090548,34.07444316484433]]]}"
,LOS_ANGELES,9278185560537563136,22045.62914404269,8543.7,202509,deployment,"{""type"":""Polygon"",""coordinates"":[[[-118.46303757090548,34.0642119381196],[-118.46303757090548,34.053979614122916],[-118.45135697452811,34.05691678948447],[-118.45135697452811,34.067149534801004],[-118.46303757090548,34.0642119381196]]]}"
,LOS_ANGELES,9278185594897301504,26323.017657274937,16749.869,202509,deployment,"{""type"":""Polygon"",""coordinates"":[[[-118.47471734519449,34.06127323963364],[-118.47471734519449,34.05104133722248],[-118.46303757090548,34.053979614122916],[-118.46303757090548,34.0642119381196],[-118.47471734519449,34.06127323963364]]]}"
,LOS_ANGELES,9278185629257039872,30856.022749900094,22248.369,202509,deployment,"{""type"":""Polygon"",""coordinates"":[[[-118.4863962961138,34.05833343982856],[-118.4863962961138,34.04810195926861],[-118.47471734519449,34.05104133722248],[-118.47471734519449,34.06127323963364],[-118.4863962961138,34.05833343982856]]]}"
,LOS_ANGELES,9278185663616778240,28.061818986531097,27.582,202509,deployment,"{""type"":""Polygon"",""coordinates"":[[[-118.4863962961138,34.068563823956744],[-118.4863962961138,34.05833343982856],[-118.47471734519449,34.06127323963364],[-118.47471734519449,34.07150404519288],[-118.4863962961138,34.068563823956744]]]}"
,LOS_ANGELES,9278185697976516608,9379.132107234671,8949.139,202509,deployment,"{""type"":""Polygon"",""coordinates"":[[[-118.47471734519449,34.07150404519288],[-118.47471734519449,34.06127323963364],[-118.46303757090548,34.0642119381196],[-118.46303757090548,34.07444316484433],[-118.47471734519449,34.07150404519288]]]}"
,LOS_ANGELES,9278185904134946816,715.7068242423243,651.987,202509,deployment,"{""type"":""Polygon"",""coordinates"":[[[-118.46303757090548,34.08467329354471],[-118.46303757090548,34.07444316484433],[-118.45135697452811,34.07738118242568],[-118.45135697452811,34.08761173160615],[-118.46303757090548,34.08467329354471]]]}"
,LOS_ANGELES,9278187725201080320,9.287578301819869,7.256,202509,deployment,"{""type"":""Polygon"",""coordinates"":[[[-118.38125620424114,34.10521918380458],[-118.38125620424114,34.0949861173145],[-118.36956988917491,34.097916406850516],[-118.36956988917491,34.10814989196416],[-118.38125620424114,34.10521918380458]]]}"
,LOS_ANGELES,9278187759560818688,0.19140793820793545,0.191,202509,deployment,"{""type"":""Polygon"",""coordinates"":[[[-118.39294170620582,34.102287369924156],[-118.39294170620582,34.09205472232272],[-118.38125620424114,34.0949861173145],[-118.38125620424114,34.10521918380458],[-118.39294170620582,34.102287369924156]]]}"
,LOS_ANGELES,9278187793920557056,77710.9895985482,49038.774,202509,deployment,"{""type"":""Polygon"",""coordinates"":[[[-118.39294170620582,34.09205472232272],[-118.39294170620582,34.08182097417957],[-118.38125620424114,34.08475194986359],[-118.38125620424114,34.0949861173145],[-118.39294170620582,34.09205472232272]]]}"
,LOS_ANGELES,9278187828280295424,233587.49217294445,76057.68,202509,deployment,"{""type"":""Polygon"",""coordinates"":[[[-118.39294170620582,34.08182097417957],[-118.39294170620582,34.071586126246885],[-118.38125620424114,34.074516682203964],[-118.38125620424114,34.08475194986359],[-118.39294170620582,34.08182097417957]]]}"
,LOS_ANGELES,9278187862640033792,183243.25759404065,52835.212,202509,deployment,"{""type"":""Polygon"",""coordinates"":[[[-118.38125620424114,34.08475194986359],[-118.38125620424114,34.074516682203964],[-118.36956988917491,34.07744613323579],[-118.36956988917491,34.08768182035703],[-118.38125620424114,34.08475194986359]]]}"
,LOS_ANGELES,9278187896999772160,132959.55943464147,64337.144,202509,deployment,"{""type"":""Polygon"",""coordinates"":[[[-118.38125620424114,34.0949861173145],[-118.38125620424114,34.08475194986359],[-118.36956988917491,34.08768182035703],[-118.36956988917491,34.097916406850516],[-118.38125620424114,34.0949861173145]]]}"
,LOS_ANGELES,9278187931359510528,111295.52223208362,56392.912,202509,deployment,"{""type"":""Polygon"",""coordinates"":[[[-118.36956988917491,34.097916406850516],[-118.36956988917491,34.08768182035703],[-118.3578827622935,34.090610585177906],[-118.3578827622935,34.10084559044883],[-118.36956988917491,34.097916406850516]]]}"
,LOS_ANGELES,9278187965719248896,123128.17423779468,39372.574,202509,deployment,"{""type"":""Polygon"",""coordinates"":[[[-118.36956988917491,34.08768182035703],[-118.36956988917491,34.07744613323579],[-118.3578827622935,34.080374478860335],[-118.3578827622935,34.090610585177906],[-118.36956988917491,34.08768182035703]]]}"
,LOS_ANGELES,9278188000078987264,131537.74219762598,35457.083,202509,deployment,"{""type"":""Polygon"",""coordinates"":[[[-118.3578827622935,34.090610585177906],[-118.3578827622935,34.080374478860335],[-118.34619482488387,34.083301718595976],[-118.34619482488387,34.09353824384467],[-118.3578827622935,34.090610585177906]]]}"
,LOS_ANGELES,9278188034438725632,49710.6660233524,39479.528,202509,deployment,"{""type"":""Polygon"",""coordinates"":[[[-118.3578827622935,34.10084559044883],[-118.3578827622935,34.090610585177906],[-118.34619482488387,34.09353824384467],[-118.34619482488387,34.10377366762791],[-118.3578827622935,34.10084559044883]]]}"
,LOS_ANGELES,9278188068798464000,2974.749964092611,2719.032,202509,deployment,"{""type"":""Polygon"",""coordinates"":[[[-118.3578827622935,34.11107949392101],[-118.3578827622935,34.10084559044883],[-118.34619482488387,34.10377366762791],[-118.34619482488387,34.11400798919366],[-118.3578827622935,34.11107949392101]]]}"
,LOS_ANGELES,9278188103158202368,5793.716384446512,5278.123,202509,deployment,"{""type"":""Polygon"",""coordinates"":[[[-118.36956988917491,34.10814989196416],[-118.36956988917491,34.097916406850516],[-118.3578827622935,34.10084559044883],[-118.3578827622935,34.11107949392101],[-118.36956988917491,34.10814989196416]]]}"
,LOS_ANGELES,9278188274956894208,1133.5326210426604,1068.937,202509,deployment,"{""type"":""Polygon"",""coordinates"":[[[-118.33450607823356,34.11693537730107],[-118.33450607823357,34.10670063790669],[-118.32281652363086,34.10962650080452],[-118.32281652363083,34.11986165776265],[-118.33450607823356,34.11693537730107]]]}"
,LOS_ANGELES,9278188309316632576,1005.9180542613093,934.957,202509,deployment,"{""type"":""Polygon"",""coordinates"":[[[-118.34619482488387,34.11400798919366],[-118.34619482488387,34.10377366762791],[-118.33450607823357,34.10670063790669],[-118.33450607823356,34.11693537730107],[-118.34619482488387,34.11400798919366]]]}"
,LOS_ANGELES,9278188343676370944,104038.29400265147,44792.969,202509,deployment,"{""type"":""Polygon"",""coordinates"":[[[-118.34619482488387,34.10377366762791],[-118.34619482488387,34.09353824384467],[-118.33450607823357,34.09646479587619],[-118.33450607823357,34.10670063790669],[-118.34619482488387,34.10377366762791]]]}"
,LOS_ANGELES,9278188378036109312,175773.96376193606,58002.832,202509,deployment,"{""type"":""Polygon"",""coordinates"":[[[-118.34619482488387,34.09353824384467],[-118.34619482488387,34.083301718595976],[-118.33450607823357,34.086227851961546],[-118.33450607823357,34.09646479587619],[-118.34619482488387,34.09353824384467]]]}"
,LOS_ANGELES,9278188412395847680,135406.76649361805,45401.913,202509,deployment,"{""type"":""Polygon"",""coordinates"":[[[-118.33450607823357,34.09646479587619],[-118.33450607823357,34.086227851961546],[-118.32281652363086,34.089152878476305],[-118.32281652363086,34.09939024079175],[-118.33450607823357,34.09646479587619]]]}"
,LOS_ANGELES,9278188446755586048,62896.771202043165,27725.375,202509,deployment,"{""type"":""Polygon"",""coordinates"":[[[-118.33450607823357,34.10670063790669],[-118.33450607823357,34.09646479587619],[-118.32281652363086,34.09939024079175],[-118.32281652363086,34.10962650080452],[-118.33450607823357,34.10670063790669]]]}"
,LOS_ANGELES,9278188481115324416,21472.197725319846,13564.435,202509,deployment,"{""type"":""Polygon"",""coordinates"":[[[-118.32281652363086,34.10962650080452],[-118.32281652363086,34.09939024079175],[-118.31112616236453,34.102314578111105],[-118.31112616236453,34.112551255841176],[-118.32281652363086,34.10962650080452]]]}"
,LOS_ANGELES,9278188515475062784,69322.28418708932,28050.574,202509,deployment,"{""type"":""Polygon"",""coordinates"":[[[-118.32281652363086,34.09939024079175],[-118.32281652363086,34.089152878476305],[-118.31112616236453,34.09207679765992],[-118.31112616236453,34.102314578111105],[-118.32281652363086,34.09939024079175]]]}"
,LOS_ANGELES,9278188549834801152,33948.391535750256,22480.155,202509,deployment,"{""type"":""Polygon"",""coordinates"":[[[-118.31112616236453,34.102314578111105],[-118.31112616236453,34.09207679765992],[-118.29943499572406,34.09499960903254],[-118.29943499572406,34.10523780735441],[-118.31112616236453,34.102314578111105]]]}"
,LOS_ANGELES,9278188584194539520,7162.945079750377,6456.562,202509,deployment,"{""type"":""Polygon"",""coordinates"":[[[-118.31112616236453,34.112551255841176],[-118.31112616236453,34.102314578111105],[-118.29943499572406,34.10523780735441],[-118.29943499572408,34.11547490253689],[-118.31112616236453,34.112551255841176]]]}"
,LOS_ANGELES,9278188652914016256,0.5089148182183153,0.509,202509,deployment,"{""type"":""Polygon"",""coordinates"":[[[-118.32281652363083,34.11986165776265],[-118.32281652363086,34.10962650080452],[-118.31112616236453,34.112551255841176],[-118.31112616236453,34.12278683009823],[-118.32281652363083,34.11986165776265]]]}"
,LOS_ANGELES,9278189992943812608,2084.051627097201,1955.005,202509,deployment,"{""type"":""Polygon"",""coordinates"":[[[-118.29943499572408,34.11547490253689],[-118.29943499572406,34.10523780735441],[-118.28774302499957,34.108159928042284],[-118.28774302499957,34.11839744041229],[-118.29943499572408,34.11547490253689]]]}"
,LOS_ANGELES,9278190027303550976,16437.823280617955,15182.473,202509,deployment,"{""type"":""Polygon"",""coordinates"":[[[-118.29943499572406,34.10523780735441],[-118.29943499572406,34.09499960903254],[-118.28774302499957,34.0979213121147],[-118.28774302499957,34.108159928042284],[-118.29943499572406,34.10523780735441]]]}"
,LOS_ANGELES,9278190061663289344,7617.499002113924,6957.307,202509,deployment,"{""type"":""Polygon"",""coordinates"":[[[-118.28774302499957,34.108159928042284],[-118.28774302499957,34.0979213121147],[-118.2760502514817,34.10084190642739],[-118.2760502514817,34.11108093969575],[-118.28774302499957,34.108159928042284]]]}"
,LOS_ANGELES,9278190096023027712,1985.9509722968385,1842.804,202509,deployment,"{""type"":""Polygon"",""coordinates"":[[[-118.28774302499957,34.11839744041229],[-118.28774302499957,34.108159928042284],[-118.2760502514817,34.11108093969575],[-118.2760502514817,34.12131886898849],[-118.28774302499957,34.11839744041229]]]}"
,LOS_ANGELES,9278190130382766080,78.81368523017186,74.614,202509,deployment,"{""type"":""Polygon"",""coordinates"":[[[-118.2760502514817,34.12131886898849],[-118.2760502514817,34.11108093969575],[-118.26435667646179,34.1140008418363],[-118.26435667646179,34.124239187787],[-118.2760502514817,34.12131886898849]]]}"
,LOS_ANGELES,9278190164742504448,6990.5355352582765,6464.244,202509,deployment,"{""type"":""Polygon"",""coordinates"":[[[-118.2760502514817,34.11108093969575],[-118.2760502514817,34.10084190642739],[-118.26435667646179,34.10376139149204],[-118.26435667646179,34.1140008418363],[-118.2760502514817,34.11108093969575]]]}"
,LOS_ANGELES,9278190199102242816,1830.2210622782177,1725.967,202509,deployment,"{""type"":""Polygon"",""coordinates"":[[[-118.26435667646179,34.1140008418363],[-118.26435667646179,34.10376139149204],[-118.25266230123178,34.10667976683051],[-118.25266230123178,34.11691963398581],[-118.26435667646179,34.1140008418363]]]}"
,LOS_ANGELES,9278195971538288640,10.453504223453509,1.967,202509,deployment,"{""type"":""Polygon"",""coordinates"":[[[-118.22927115531233,34.05104581010746],[-118.22927115531233,34.04079739169327],[-118.21757438720986,34.04370951117994],[-118.21757438720986,34.05395834853395],[-118.22927115531233,34.05104581010746]]]}"
,LOS_ANGELES,9278196005898027008,307.11935250941417,115.56,202509,deployment,"{""type"":""Polygon"",""coordinates"":[[[-118.22927115531233,34.04079739169327],[-118.22927115531233,34.03054787366657],[-118.21757438720986,34.0334595737957],[-118.21757438720986,34.04370951117994],[-118.22927115531233,34.04079739169327]]]}"
,LOS_ANGELES,9278196040257765376,43527.19359055054,12916.542,202509,deployment,"{""type"":""Polygon"",""coordinates"":[[[-118.24096712708423,34.03788416290496],[-118.24096712708423,34.02763506450149],[-118.22927115531233,34.03054787366657],[-118.22927115531233,34.04079739169327],[-118.24096712708423,34.03788416290496]]]}"
,LOS_ANGELES,9278196074617503744,47125.00081537717,12654.875,202509,deployment,"{""type"":""Polygon"",""coordinates"":[[[-118.25266230123178,34.03496982529217],[-118.25266230123178,34.02472114677768],[-118.24096712708423,34.02763506450149],[-118.24096712708423,34.03788416290496],[-118.25266230123178,34.03496982529217]]]}"
,LOS_ANGELES,9278196108977242112,70365.14018512217,21919.769,202509,deployment,"{""type"":""Polygon"",""coordinates"":[[[-118.25266230123178,34.04521740502996],[-118.25266230123178,34.03496982529217],[-118.24096712708423,34.03788416290496],[-118.24096712708423,34.04813216211375],[-118.25266230123178,34.04521740502996]]]}"
,LOS_ANGELES,9278196143336980480,64032.9629362485,20001.113,202509,deployment,"{""type"":""Polygon"",""coordinates"":[[[-118.24096712708423,34.04813216211375],[-118.24096712708423,34.03788416290496],[-118.22927115531233,34.04079739169327],[-118.22927115531233,34.05104581010746],[-118.24096712708423,34.04813216211375]]]}"
,LOS_ANGELES,9278196177696718848,28189.11612556407,8501.289,202509,deployment,"{""type"":""Polygon"",""coordinates"":[[[-118.24096712708423,34.058379061371554],[-118.24096712708423,34.04813216211375],[-118.22927115531233,34.05104581010746],[-118.22927115531233,34.06129312815285],[-118.24096712708423,34.058379061371554]]]}"
,LOS_ANGELES,9278196212056457216,127609.74616960487,35879.285,202509,deployment,"{""type"":""Polygon"",""coordinates"":[[[-118.25266230123178,34.055463885234694],[-118.25266230123178,34.04521740502996],[-118.24096712708423,34.04813216211375],[-118.24096712708423,34.058379061371554],[-118.25266230123178,34.055463885234694]]]}"
,LOS_ANGELES,9278196246416195584,56818.23650890579,26677.615,202509,deployment,"{""type"":""Polygon"",""coordinates"":[[[-118.25266230123178,34.06570926515059],[-118.25266230123178,34.055463885234694],[-118.24096712708423,34.058379061371554],[-118.24096712708423,34.06862485992264],[-118.25266230123178,34.06570926515059]]]}"
,LOS_ANGELES,9278196280775933952,19674.99182583002,11248.727,202509,deployment,"{""type"":""Polygon"",""coordinates"":[[[-118.24096712708423,34.06862485992264],[-118.24096712708423,34.058379061371554],[-118.22927115531233,34.06129312815285],[-118.22927115531233,34.07153934507375],[-118.24096712708423,34.06862485992264]]]}"
,LOS_ANGELES,9278196315135672320,34.10166300005095,23.098,202509,deployment,"{""type"":""Polygon"",""coordinates"":[[[-118.22927115531233,34.07153934507375],[-118.22927115531233,34.06129312815285],[-118.21757438720986,34.06420608510149],[-118.21757438720986,34.07445272012689],[-118.22927115531233,34.07153934507375]]]}"
,LOS_ANGELES,9278196727452532736,56.50273527761107,55.197,202509,deployment,"{""type"":""Polygon"",""coordinates"":[[[-118.24096712708423,34.09935564378677],[-118.24096712708423,34.08911315188453],[-118.22927115531233,34.092028472522124],[-118.22927115531233,34.10227138154109],[-118.24096712708423,34.09935564378677]]]}"
,LOS_ANGELES,9278196796172009472,533.6316737952627,516.615,202509,deployment,"{""type"":""Polygon"",""coordinates"":[[[-118.25266230123178,34.10667976683051],[-118.25266230123178,34.09643879561616],[-118.24096712708423,34.09935564378677],[-118.24096712708423,34.109597031965095],[-118.25266230123178,34.10667976683051]]]}"
,LOS_ANGELES,9278196830531747840,891.4978891180773,865.492,202509,deployment,"{""type"":""Polygon"",""coordinates"":[[[-118.25266230123178,34.09643879561616],[-118.25266230123178,34.086196721095654],[-118.24096712708423,34.08911315188453],[-118.24096712708423,34.09935564378677],[-118.25266230123178,34.09643879561616]]]}"
,LOS_ANGELES,9278196864891486208,1363.0326103483037,1329.948,202509,deployment,"{""type"":""Polygon"",""coordinates"":[[[-118.25266230123178,34.086196721095654],[-118.25266230123178,34.07595354402244],[-118.24096712708423,34.07886955701183],[-118.24096712708423,34.08911315188453],[-118.25266230123178,34.086196721095654]]]}"
,LOS_ANGELES,9278196899251224576,89.78547197622821,88.509,202509,deployment,"{""type"":""Polygon"",""coordinates"":[[[-118.24096712708423,34.08911315188453],[-118.24096712708423,34.07886955701183],[-118.22927115531233,34.08178446011502],[-118.22927115531233,34.092028472522124],[-118.24096712708423,34.08911315188453]]]}"
,LOS_ANGELES,9278196933610962944,530.817966666397,507.02,202509,deployment,"{""type"":""Polygon"",""coordinates"":[[[-118.24096712708423,34.07886955701183],[-118.24096712708423,34.06862485992264],[-118.22927115531233,34.07153934507375],[-118.22927115531233,34.08178446011502],[-118.24096712708423,34.07886955701183]]]}"
,LOS_ANGELES,9278196967970701312,8666.431714621855,6952.234,202509,deployment,"{""type"":""Polygon"",""coordinates"":[[[-118.25266230123178,34.07595354402244],[-118.25266230123178,34.06570926515059],[-118.24096712708423,34.06862485992264],[-118.24096712708423,34.07886955701183],[-118.25266230123178,34.07595354402244]]]}"
,LOS_ANGELES,9278197002330439680,29733.07122774879,17539.203,202509,deployment,"{""type"":""Polygon"",""coordinates"":[[[-118.26435667646179,34.073036421624295],[-118.26435667646179,34.06279256123504],[-118.25266230123178,34.06570926515059],[-118.25266230123178,34.07595354402244],[-118.26435667646179,34.073036421624295]]]}"
,LOS_ANGELES,9278197036690178048,78513.82959690777,25919.999,202509,deployment,"{""type"":""Polygon"",""coordinates"":[[[-118.2760502514817,34.070118190295226],[-118.2760502514817,34.05987474865394],[-118.26435667646179,34.06279256123504],[-118.26435667646179,34.073036421624295],[-118.2760502514817,34.070118190295226]]]}"
,LOS_ANGELES,9278197071049916416,22704.160773034157,18326.755,202509,deployment,"{""type"":""Polygon"",""coordinates"":[[[-118.2760502514817,34.080360530973884],[-118.2760502514817,34.070118190295226],[-118.26435667646179,34.073036421624295],[-118.26435667646179,34.08327918063283],[-118.2760502514817,34.080360530973884]]]}"
,LOS_ANGELES,9278197105409654784,19919.33566937318,19452.995,202509,deployment,"{""type"":""Polygon"",""coordinates"":[[[-118.26435667646179,34.08327918063283],[-118.26435667646179,34.073036421624295],[-118.25266230123178,34.07595354402244],[-118.25266230123178,34.086196721095654],[-118.26435667646179,34.08327918063283]]]}"
,LOS_ANGELES,9278197139769393152,6339.430177651243,6149.897,202509,deployment,"{""type"":""Polygon"",""coordinates"":[[[-118.26435667646179,34.09352083750658],[-118.26435667646179,34.08327918063283],[-118.25266230123178,34.086196721095654],[-118.25266230123178,34.09643879561616],[-118.26435667646179,34.09352083750658]]]}"
,LOS_ANGELES,9278197174129131520,6268.54857829981,5917.987,202509,deployment,"{""type"":""Polygon"",""coordinates"":[[[-118.26435667646179,34.10376139149204],[-118.26435667646179,34.09352083750658],[-118.25266230123178,34.09643879561616],[-118.25266230123178,34.10667976683051],[-118.26435667646179,34.10376139149204]]]}"
,LOS_ANGELES,9278197208488869888,4436.63153252251,4045.635,202509,deployment,"{""type"":""Polygon"",""coordinates"":[[[-118.2760502514817,34.10084190642739],[-118.2760502514817,34.09060176993578],[-118.26435667646179,34.09352083750658],[-118.26435667646179,34.10376139149204],[-118.2760502514817,34.10084190642739]]]}"
,LOS_ANGELES,9278197242848608256,18470.27489265487,17300.355,202509,deployment,"{""type"":""Polygon"",""coordinates"":[[[-118.2760502514817,34.09060176993578],[-118.2760502514817,34.080360530973884],[-118.26435667646179,34.08327918063283],[-118.26435667646179,34.09352083750658],[-118.2760502514817,34.09060176993578]]]}"
,LOS_ANGELES,9278197277208346624,19655.665187261035,17594.333,202509,deployment,"{""type"":""Polygon"",""coordinates"":[[[-118.28774302499957,34.087681593381944],[-118.28774302499957,34.077440772597036],[-118.2760502514817,34.080360530973884],[-118.2760502514817,34.09060176993578],[-118.28774302499957,34.087681593381944]]]}"
,LOS_ANGELES,9278197311568084992,24148.624017306585,22323.638,202509,deployment,"{""type"":""Polygon"",""coordinates"":[[[-118.28774302499957,34.0979213121147],[-118.28774302499957,34.087681593381944],[-118.2760502514817,34.09060176993578],[-118.2760502514817,34.10084190642739],[-118.28774302499957,34.0979213121147]]]}"
,LOS_ANGELES,9278197345927823360,15852.008908775775,14694.216,202509,deployment,"{""type"":""Polygon"",""coordinates"":[[[-118.29943499572406,34.09499960903254],[-118.29943499572406,34.084760308323716],[-118.28774302499957,34.087681593381944],[-118.28774302499957,34.0979213121147],[-118.29943499572406,34.09499960903254]]]}"
,LOS_ANGELES,9278197380287561728,55827.704121086215,29699.237,202509,deployment,"{""type"":""Polygon"",""coordinates"":[[[-118.29943499572406,34.084760308323716],[-118.29943499572406,34.07451990598098],[-118.28774302499957,34.077440772597036],[-118.28774302499957,34.087681593381944],[-118.29943499572406,34.084760308323716]]]}"
,LOS_ANGELES,9278197414647300096,86791.3483704036,34881.62,202509,deployment,"{""type"":""Polygon"",""coordinates"":[[[-118.29943499572406,34.07451990598098],[-118.29943499572406,34.06427840275792],[-118.28774302499957,34.06719885051353],[-118.28774302499957,34.077440772597036],[-118.29943499572406,34.07451990598098]]]}"
,LOS_ANGELES,9278197449007038464,85602.77102782947,39693.716,202509,deployment,"{""type"":""Polygon"",""coordinates"":[[[-118.28774302499957,34.077440772597036],[-118.28774302499957,34.06719885051353],[-118.2760502514817,34.070118190295226],[-118.2760502514817,34.080360530973884],[-118.28774302499957,34.077440772597036]]]}"
,LOS_ANGELES,9278197483366776832,85979.4810133385,32384.419,202509,deployment,"{""type"":""Polygon"",""coordinates"":[[[-118.28774302499957,34.06719885051353],[-118.28774302499957,34.05695582788558],[-118.2760502514817,34.05987474865394],[-118.2760502514817,34.070118190295226],[-118.28774302499957,34.06719885051353]]]}"
,LOS_ANGELES,9278197517726515200,107629.79185212693,38675.378,202509,deployment,"{""type"":""Polygon"",""coordinates"":[[[-118.29943499572406,34.06427840275792],[-118.29943499572406,34.054035799408744],[-118.28774302499957,34.05695582788558],[-118.28774302499957,34.06719885051353],[-118.29943499572406,34.06427840275792]]]}"
,LOS_ANGELES,9278197552086253568,133665.43979635948,44281.281,202509,deployment,"{""type"":""Polygon"",""coordinates"":[[[-118.29943499572406,34.054035799408744],[-118.29943499572406,34.04379209668821],[-118.28774302499957,34.046711705467914],[-118.28774302499957,34.05695582788558],[-118.29943499572406,34.054035799408744]]]}"
,LOS_ANGELES,9278197586445991936,86060.03201317856,26557.015,202509,deployment,"{""type"":""Polygon"",""coordinates"":[[[-118.29943499572406,34.04379209668821],[-118.29943499572406,34.03354729535165],[-118.28774302499957,34.03646648401584],[-118.28774302499957,34.046711705467914],[-118.29943499572406,34.04379209668821]]]}"
,LOS_ANGELES,9278197620805730304,132340.32012303415,42919.571,202509,deployment,"{""type"":""Polygon"",""coordinates"":[[[-118.28774302499957,34.046711705467914],[-118.28774302499957,34.03646648401584],[-118.2760502514817,34.03938456550279],[-118.2760502514817,34.04963020680471],[-118.28774302499957,34.046711705467914]]]}"
,LOS_ANGELES,9278197655165468672,134097.86569814428,44748.848,202509,deployment,"{""type"":""Polygon"",""coordinates"":[[[-118.28774302499957,34.05695582788558],[-118.28774302499957,34.046711705467914],[-118.2760502514817,34.04963020680471],[-118.2760502514817,34.05987474865394],[-118.28774302499957,34.05695582788558]]]}"
,LOS_ANGELES,9278197689525207040,101916.45139226774,39372.151,202509,deployment,"{""type"":""Polygon"",""coordinates"":[[[-118.2760502514817,34.05987474865394],[-118.2760502514817,34.04963020680471],[-118.26435667646179,34.05254760021976],[-118.26435667646179,34.06279256123504],[-118.2760502514817,34.05987474865394]]]}"
,LOS_ANGELES,9278197723884945408,108663.03210846604,42154.965,202509,deployment,"{""type"":""Polygon"",""coordinates"":[[[-118.26435667646179,34.06279256123504],[-118.26435667646179,34.05254760021976],[-118.25266230123178,34.055463885234694],[-118.25266230123178,34.06570926515059],[-118.26435667646179,34.06279256123504]]]}"
,LOS_ANGELES,9278197758244683776,189642.70677104703,69315.168,202509,deployment,"{""type"":""Polygon"",""coordinates"":[[[-118.26435667646179,34.05254760021976],[-118.26435667646179,34.04230153933364],[-118.25266230123178,34.04521740502996],[-118.25266230123178,34.055463885234694],[-118.26435667646179,34.05254760021976]]]}"
,LOS_ANGELES,9278197792604422144,139993.08624688178,59107.458,202509,deployment,"{""type"":""Polygon"",""coordinates"":[[[-118.2760502514817,34.04963020680471],[-118.2760502514817,34.03938456550279],[-118.26435667646179,34.04230153933364],[-118.26435667646179,34.05254760021976],[-118.2760502514817,34.04963020680471]]]}"
,LOS_ANGELES,9278197826964160512,118495.19716826585,39889.009,202509,deployment,"{""type"":""Polygon"",""coordinates"":[[[-118.2760502514817,34.03938456550279],[-118.2760502514817,34.02913782550405],[-118.26435667646179,34.03205437933252],[-118.26435667646179,34.04230153933364],[-118.2760502514817,34.03938456550279]]]}"
,LOS_ANGELES,9278197861323898880,141667.97199271747,45297.616,202509,deployment,"{""type"":""Polygon"",""coordinates"":[[[-118.26435667646179,34.04230153933364],[-118.26435667646179,34.03205437933252],[-118.25266230123178,34.03496982529217],[-118.25266230123178,34.04521740502996],[-118.26435667646179,34.04230153933364]]]}"
,LOS_ANGELES,9278197895683637248,57418.59568038644,13046.111,202509,deployment,"{""type"":""Polygon"",""coordinates"":[[[-118.26435667646179,34.03205437933252],[-118.26435667646179,34.02180612097279],[-118.25266230123178,34.02472114677768],[-118.25266230123178,34.03496982529217],[-118.26435667646179,34.03205437933252]]]}"
,LOS_ANGELES,9278197930043375616,97462.24379113458,28461.542,202509,deployment,"{""type"":""Polygon"",""coordinates"":[[[-118.2760502514817,34.02913782550405],[-118.2760502514817,34.01888998756491],[-118.26435667646179,34.02180612097279],[-118.26435667646179,34.03205437933252],[-118.2760502514817,34.02913782550405]]]}"
,LOS_ANGELES,9278197964403113984,65405.04397005506,19040.581,202509,deployment,"{""type"":""Polygon"",""coordinates"":[[[-118.28774302499957,34.02622016428525],[-118.28774302499957,34.01597274703258],[-118.2760502514817,34.01888998756491],[-118.2760502514817,34.02913782550405],[-118.28774302499957,34.02622016428525]]]}"
,LOS_ANGELES,9278197998762852352,131028.71324117035,30986.312,202509,deployment,"{""type"":""Polygon"",""coordinates"":[[[-118.28774302499957,34.03646648401584],[-118.28774302499957,34.02622016428525],[-118.2760502514817,34.02913782550405],[-118.2760502514817,34.03938456550279],[-118.28774302499957,34.03646648401584]]]}"
,LOS_ANGELES,9278198033122590720,111220.91186029572,29783.512,202509,deployment,"{""type"":""Polygon"",""coordinates"":[[[-118.29943499572406,34.03354729535165],[-118.29943499572406,34.023301396155],[-118.28774302499957,34.02622016428525],[-118.28774302499957,34.03646648401584],[-118.29943499572406,34.03354729535165]]]}"
,LOS_ANGELES,9278198067482329088,42925.28764948864,12988.622,202509,deployment,"{""type"":""Polygon"",""coordinates"":[[[-118.29943499572406,34.023301396155],[-118.29943499572408,34.01305439985473],[-118.28774302499957,34.01597274703258],[-118.28774302499957,34.02622016428525],[-118.29943499572406,34.023301396155]]]}"
,LOS_ANGELES,9278198101842067456,14860.932753388408,12329.247,202509,deployment,"{""type"":""Polygon"",""coordinates"":[[[-118.29943499572408,34.01305439985473],[-118.29943499572406,34.00280630720794],[-118.28774302499957,34.005724233014874],[-118.28774302499957,34.01597274703258],[-118.29943499572408,34.01305439985473]]]}"
,LOS_ANGELES,9278198136201805824,24156.25963220289,15032.867,202509,deployment,"{""type"":""Polygon"",""coordinates"":[[[-118.28774302499957,34.01597274703258],[-118.28774302499957,34.005724233014874],[-118.2760502514817,34.008641052442364],[-118.2760502514817,34.01888998756491],[-118.28774302499957,34.01597274703258]]]}"
,LOS_ANGELES,9278198170561544192,2399.0384104174173,2299.844,202509,deployment,"{""type"":""Polygon"",""coordinates"":[[[-118.28774302499957,34.005724233014874],[-118.28774302499957,33.99547462298976],[-118.2760502514817,33.998391020894],[-118.2760502514817,34.008641052442364],[-118.28774302499957,34.005724233014874]]]}"
,LOS_ANGELES,9278198204921282560,939.6611541465039,909.008,202509,deployment,"{""type"":""Polygon"",""coordinates"":[[[-118.29943499572406,34.00280630720794],[-118.29943499572406,33.992557118972265],[-118.28774302499957,33.99547462298976],[-118.28774302499957,34.005724233014874],[-118.29943499572406,34.00280630720794]]]}"
,LOS_ANGELES,9278198548518666240,36.41186521845528,18.718,202509,deployment,"{""type"":""Polygon"",""coordinates"":[[[-118.2760502514817,34.008641052442364],[-118.2760502514817,33.998391020894],[-118.26435667646179,34.001306312205905],[-118.26435667646179,34.011556765011406],[-118.2760502514817,34.008641052442364]]]}"
,LOS_ANGELES,9278198582878404608,30202.087815651266,8998.921,202509,deployment,"{""type"":""Polygon"",""coordinates"":[[[-118.2760502514817,34.01888998756491],[-118.2760502514817,34.008641052442364],[-118.26435667646179,34.011556765011406],[-118.26435667646179,34.02180612097279],[-118.2760502514817,34.01888998756491]]]}"
,LOS_ANGELES,9278198617238142976,5388.112751482174,1424.291,202509,deployment,"{""type"":""Polygon"",""coordinates"":[[[-118.26435667646179,34.02180612097279],[-118.26435667646179,34.011556765011406],[-118.25266230123178,34.014471370243406],[-118.25266230123178,34.02472114677768],[-118.26435667646179,34.02180612097279]]]}"
,LOS_ANGELES,9278198651597881344,8934.39309305761,3138.646,202509,deployment,"{""type"":""Polygon"",""coordinates"":[[[-118.25266230123178,34.02472114677768],[-118.25266230123178,34.014471370243406],[-118.24096712708423,34.017384867660255],[-118.24096712708423,34.02763506450149],[-118.25266230123178,34.02472114677768]]]}"
,LOS_ANGELES,9278198720317358080,0.26036268929757694,0.172,202509,deployment,"{""type"":""Polygon"",""coordinates"":[[[-118.24096712708423,34.017384867660255],[-118.24096712708423,34.00713357313872],[-118.22927115531233,34.01004554180368],[-118.22927115531233,34.02029725678423],[-118.24096712708423,34.017384867660255]]]}"
,LOS_ANGELES,9278198754677096448,5953.1321048838745,2595.169,202509,deployment,"{""type"":""Polygon"",""coordinates"":[[[-118.24096712708423,34.02763506450149],[-118.24096712708423,34.017384867660255],[-118.22927115531233,34.02029725678423],[-118.22927115531233,34.03054787366657],[-118.24096712708423,34.02763506450149]]]}"
,LOS_ANGELES,9278198789036834816,234.54885259848473,92.36,202509,deployment,"{""type"":""Polygon"",""coordinates"":[[[-118.22927115531233,34.03054787366657],[-118.22927115531233,34.02029725678423],[-118.21757438720986,34.02320853713807],[-118.21757438720986,34.0334595737957],[-118.22927115531233,34.03054787366657]]]}"
,PHOENIX,9739878636298698752,2207.8259543682357,595.101,202509,deployment,"{""type"":""Polygon"",""coordinates"":[[[-111.86878249373518,33.23629094022619],[-111.86878249373518,33.22559878043331],[-111.85685855297612,33.227791798472666],[-111.85685855297612,33.23848431480166],[-111.86878249373518,33.23629094022619]]]}"
,PHOENIX,9739878670658437120,8883.642497492547,2281.486,202509,deployment,"{""type"":""Polygon"",""coordinates"":[[[-111.86878249373518,33.24698196347811],[-111.86878249373518,33.23629094022619],[-111.85685855297612,33.23848431480166],[-111.85685855297612,33.24917569424628],[-111.86878249373518,33.24698196347811]]]}"
,PHOENIX,9739878705018175488,3408.6308908676683,806.589,202509,deployment,"{""type"":""Polygon"",""coordinates"":[[[-111.88070640336356,33.244786990458216],[-111.88070640336356,33.23409632366344],[-111.86878249373518,33.23629094022619],[-111.86878249373518,33.24698196347811],[-111.88070640336356,33.244786990458216]]]}"
,PHOENIX,9739878739377913856,1.7985016384154586,0.57,202509,deployment,"{""type"":""Polygon"",""coordinates"":[[[-111.88070640336356,33.23409632366344],[-111.88070640336356,33.22340452067127],[-111.86878249373518,33.22559878043331],[-111.86878249373518,33.23629094022619],[-111.88070640336356,33.23409632366344]]]}"
,PHOENIX,9739878911176605696,7753.623480981022,1830.058,202509,deployment,"{""type"":""Polygon"",""coordinates"":[[[-111.89263028034495,33.25327994874738],[-111.89263028034495,33.2425907753975],[-111.88070640336356,33.244786990458216],[-111.88070640336356,33.25547652018602],[-111.89263028034495,33.25327994874738]]]}"
,PHOENIX,9739879014255820800,15899.840517393093,2726.698,202509,deployment,"{""type"":""Polygon"",""coordinates"":[[[-111.89263028034495,33.26396798450504],[-111.89263028034495,33.25327994874738],[-111.88070640336356,33.25547652018602],[-111.88070640336356,33.266164911977896],[-111.89263028034495,33.26396798450504]]]}"
,PHOENIX,9739879048615559168,14844.125652865614,2168.426,202509,deployment,"{""type"":""Polygon"",""coordinates"":[[[-111.88070640336356,33.266164911977896],[-111.88070640336356,33.25547652018602],[-111.86878249373518,33.25767184931951],[-111.86878249373518,33.26836059688144],[-111.88070640336356,33.266164911977896]]]}"
,PHOENIX,9739879082975297536,4694.478626165011,966.471,202509,deployment,"{""type"":""Polygon"",""coordinates"":[[[-111.88070640336356,33.25547652018602],[-111.88070640336356,33.244786990458216],[-111.86878249373518,33.24698196347811],[-111.86878249373518,33.25767184931951],[-111.88070640336356,33.25547652018602]]]}"
,PHOENIX,9739879117335035904,19680.593845181585,3746.731,202509,deployment,"{""type"":""Polygon"",""coordinates"":[[[-111.86878249373518,33.25767184931951],[-111.86878249373518,33.24698196347811],[-111.85685855297612,33.24917569424628],[-111.85685855297612,33.25986593593701],[-111.86878249373518,33.25767184931951]]]}"
,PHOENIX,9739879151694774272,38378.30561516437,6151.149,202509,deployment,"{""type"":""Polygon"",""coordinates"":[[[-111.86878249373518,33.26836059688144],[-111.86878249373518,33.25767184931951],[-111.85685855297612,33.25986593593701],[-111.85685855297612,33.27055503900491],[-111.86878249373518,33.26836059688144]]]}"
,PHOENIX,9739879186054512640,47383.19101292695,8101.348,202509,deployment,"{""type"":""Polygon"",""coordinates"":[[[-111.86878249373518,33.27904820529565],[-111.86878249373518,33.26836059688144],[-111.85685855297612,33.27055503900491],[-111.85685855297612,33.281243002581746],[-111.86878249373518,33.27904820529565]]]}"
,PHOENIX,9739879220414251008,35420.55745825198,6037.259,202509,deployment,"{""type"":""Polygon"",""coordinates"":[[[-111.88070640336356,33.276852164965554],[-111.88070640336356,33.266164911977896],[-111.86878249373518,33.26836059688144],[-111.86878249373518,33.27904820529565],[-111.88070640336356,33.276852164965554]]]}"
,PHOENIX,9739879254773989376,39266.28432948412,6797.2,202509,deployment,"{""type"":""Polygon"",""coordinates"":[[[-111.88070640336356,33.28753827828136],[-111.88070640336356,33.276852164965554],[-111.86878249373518,33.27904820529565],[-111.86878249373518,33.289734673694504],[-111.88070640336356,33.28753827828136]]]}"
,PHOENIX,9739879289133727744,48073.63232877448,8577.648,202509,deployment,"{""type"":""Polygon"",""coordinates"":[[[-111.86878249373518,33.289734673694504],[-111.86878249373518,33.27904820529565],[-111.85685855297612,33.281243002581746],[-111.85685855297612,33.291929825799905],[-111.86878249373518,33.289734673694504]]]}"
,PHOENIX,9739879323493466112,81392.6236672147,13686.058,202509,deployment,"{""type"":""Polygon"",""coordinates"":[[[-111.86878249373518,33.30042000121104],[-111.86878249373518,33.289734673694504],[-111.85685855297612,33.291929825799905],[-111.85685855297612,33.302615507792446],[-111.86878249373518,33.30042000121104]]]}"
,PHOENIX,9739879357853204480,93716.99511361464,14419.699,202509,deployment,"{""type"":""Polygon"",""coordinates"":[[[-111.86878249373518,33.311104186978945],[-111.86878249373518,33.30042000121104],[-111.85685855297612,33.302615507792446],[-111.85685855297612,33.313300047693076],[-111.86878249373518,33.311104186978945]]]}"
,PHOENIX,9739879392212942848,119029.0338095426,18694.94,202509,deployment,"{""type"":""Polygon"",""coordinates"":[[[-111.88070640336356,33.30890708243008],[-111.88070640336356,33.29822325105831],[-111.86878249373518,33.30042000121104],[-111.86878249373518,33.311104186978945],[-111.88070640336356,33.30890708243008]]]}"
,PHOENIX,9739879426572681216,72130.49679747317,12244.495,202509,deployment,"{""type"":""Polygon"",""coordinates"":[[[-111.88070640336356,33.29822325105831],[-111.88070640336356,33.28753827828136],[-111.86878249373518,33.289734673694504],[-111.86878249373518,33.30042000121104],[-111.88070640336356,33.29822325105831]]]}"
,PHOENIX,9739879460932419584,18724.693241504112,2804.188,202509,deployment,"{""type"":""Polygon"",""coordinates"":[[[-111.89263028034495,33.29602525754481],[-111.89263028034495,33.28534063977109],[-111.88070640336356,33.28753827828136],[-111.88070640336356,33.29822325105831],[-111.89263028034495,33.29602525754481]]]}"
,PHOENIX,9739879495292157952,73723.39352383216,10211.196,202509,deployment,"{""type"":""Polygon"",""coordinates"":[[[-111.89263028034495,33.30670873425698],[-111.89263028034495,33.29602525754481],[-111.88070640336356,33.29822325105831],[-111.88070640336356,33.30890708243008],[-111.89263028034495,33.30670873425698]]]}"
,PHOENIX,9739879529651896320,97981.013421372,13399.009,202509,deployment,"{""type"":""Polygon"",""coordinates"":[[[-111.90455412316315,33.3045091426707],[-111.90455412316315,33.29382602088169],[-111.89263028034495,33.29602525754481],[-111.89263028034495,33.30670873425698],[-111.90455412316315,33.3045091426707]]]}"
,PHOENIX,9739879564011634688,8952.316315787957,1310.058,202509,deployment,"{""type"":""Polygon"",""coordinates"":[[[-111.90455412316315,33.29382602088169],[-111.90455412316315,33.28314175837491],[-111.89263028034495,33.28534063977109],[-111.89263028034495,33.29602525754481],[-111.90455412316315,33.29382602088169]]]}"
,PHOENIX,9739879632731111424,26930.575762107725,3638.51,202509,deployment,"{""type"":""Polygon"",""coordinates"":[[[-111.89263028034495,33.28534063977109],[-111.89263028034495,33.274654881802164],[-111.88070640336356,33.276852164965554],[-111.88070640336356,33.28753827828136],[-111.89263028034495,33.28534063977109]]]}"
,PHOENIX,9739879667090849792,12988.740624819771,2168.379,202509,deployment,"{""type"":""Polygon"",""coordinates"":[[[-111.89263028034495,33.274654881802164],[-111.89263028034495,33.26396798450504],[-111.88070640336356,33.266164911977896],[-111.88070640336356,33.276852164965554],[-111.89263028034495,33.274654881802164]]]}"
,PHOENIX,9739879873249280000,1261.8277446317156,259.455,202509,deployment,"{""type"":""Polygon"",""coordinates"":[[[-111.91647793030225,33.29162554128064],[-111.91647793030225,33.280941634304604],[-111.90455412316315,33.28314175837491],[-111.90455412316315,33.29382602088169],[-111.91647793030225,33.29162554128064]]]}"
,PHOENIX,9739879907609018368,17930.658343990002,2004.929,202509,deployment,"{""type"":""Polygon"",""coordinates"":[[[-111.91647793030225,33.302308307882875],[-111.91647793030225,33.29162554128064],[-111.90455412316315,33.29382602088169],[-111.90455412316315,33.3045091426707],[-111.91647793030225,33.302308307882875]]]}"
,PHOENIX,9739879941968756736,4637.007671091132,569.472,202509,deployment,"{""type"":""Polygon"",""coordinates"":[[[-111.92840170024643,33.30010623010573],[-111.92840170024643,33.289423818953956],[-111.91647793030225,33.29162554128064],[-111.91647793030225,33.302308307882875],[-111.92840170024643,33.30010623010573]]]}"
,PHOENIX,9739880045047971840,3731.3521295621476,642.663,202509,deployment,"{""type"":""Polygon"",""coordinates"":[[[-111.94032543148008,33.29790290955207],[-111.94032543148008,33.287220854114516],[-111.92840170024643,33.289423818953956],[-111.92840170024643,33.30010623010573],[-111.94032543148008,33.29790290955207]]]}"
,PHOENIX,9739880079407710208,2218.1366243573134,504.065,202509,deployment,"{""type"":""Polygon"",""coordinates"":[[[-111.9522491224878,33.295698346435245],[-111.9522491224878,33.285016646975755],[-111.94032543148008,33.287220854114516],[-111.94032543148008,33.29790290955207],[-111.9522491224878,33.295698346435245]]]}"
,PHOENIX,9739883034345209856,14295.45660654296,2819.835,202509,deployment,"{""type"":""Polygon"",""coordinates"":[[[-111.96417277175436,33.304172744324724],[-111.96417277175436,33.29349254096923],[-111.9522491224878,33.295698346435245],[-111.9522491224878,33.30637890568807],[-111.96417277175436,33.304172744324724]]]}"
,PHOENIX,9739883068704948224,1519.9935209713165,287.561,202509,deployment,"{""type"":""Polygon"",""coordinates"":[[[-111.9760963777647,33.3019653405629],[-111.9760963777647,33.29128549336854],[-111.96417277175436,33.29349254096923],[-111.96417277175436,33.304172744324724],[-111.9760963777647,33.3019653405629]]]}"
,PHOENIX,9739883103064686592,7962.914884358568,1831.164,202509,deployment,"{""type"":""Polygon"",""coordinates"":[[[-111.9760963777647,33.31264404737481],[-111.9760963777647,33.3019653405629],[-111.96417277175436,33.304172744324724],[-111.96417277175436,33.31485180695299],[-111.9760963777647,33.31264404737481]]]}"
,PHOENIX,9739883137424424960,23709.272479236733,4860.517,202509,deployment,"{""type"":""Polygon"",""coordinates"":[[[-111.96417277175436,33.31485180695299],[-111.96417277175436,33.304172744324724],[-111.9522491224878,33.30637890568807],[-111.9522491224878,33.31705832386905],[-111.96417277175436,33.31485180695299]]]}"
,PHOENIX,9739883171784163328,50338.72953789803,10562.937,202509,deployment,"{""type"":""Polygon"",""coordinates"":[[[-111.96417277175436,33.3255297279895],[-111.96417277175436,33.31485180695299],[-111.9522491224878,33.31705832386905],[-111.9522491224878,33.327736600113695],[-111.96417277175436,33.3255297279895]]]}"
,PHOENIX,9739883206143901696,64798.919741769634,12999.314,202509,deployment,"{""type"":""Polygon"",""coordinates"":[[[-111.96417277175436,33.33620650657039],[-111.96417277175436,33.3255297279895],[-111.9522491224878,33.327736600113695],[-111.9522491224878,33.33841373355815],[-111.96417277175436,33.33620650657039]]]}"
,PHOENIX,9739883240503640064,3974.1301264250396,1108.919,202509,deployment,"{""type"":""Polygon"",""coordinates"":[[[-111.9760963777647,33.33399803639377],[-111.9760963777647,33.323321612939736],[-111.96417277175436,33.3255297279895],[-111.96417277175436,33.33620650657039],[-111.9760963777647,33.33399803639377]]]}"
,PHOENIX,9739883274863378432,16144.531517555326,4352.541,202509,deployment,"{""type"":""Polygon"",""coordinates"":[[[-111.9760963777647,33.323321612939736],[-111.9760963777647,33.31264404737481],[-111.96417277175436,33.31485180695299],[-111.96417277175436,33.3255297279895],[-111.9760963777647,33.323321612939736]]]}"
,PHOENIX,9739883309223116800,4074.951651028181,1336.852,202509,deployment,"{""type"":""Polygon"",""coordinates"":[[[-111.98801993900399,33.3211122551793],[-111.98801993900399,33.31043504534951],[-111.9760963777647,33.31264404737481],[-111.9760963777647,33.323321612939736],[-111.98801993900399,33.3211122551793]]]}"
,PHOENIX,9739883343582855168,6.404647834418873,1.687,202509,deployment,"{""type"":""Polygon"",""coordinates"":[[[-111.98801993900399,33.331788323243124],[-111.98801993900399,33.3211122551793],[-111.9760963777647,33.323321612939736],[-111.9760963777647,33.33399803639377],[-111.98801993900399,33.331788323243124]]]}"
,PHOENIX,9739883377942593536,1.5129843951036008,0.487,202509,deployment,"{""type"":""Polygon"",""coordinates"":[[[-111.99994345395756,33.32957736733385],[-111.99994345395756,33.31890165492367],[-111.98801993900399,33.3211122551793],[-111.98801993900399,33.331788323243124],[-111.99994345395756,33.32957736733385]]]}"
,PHOENIX,9739883412302331904,0.9212829281690675,0.278,202509,deployment,"{""type"":""Polygon"",""coordinates"":[[[-111.99994345395756,33.31890165492367],[-111.99994345395756,33.3082248010926],[-111.98801993900399,33.31043504534951],[-111.98801993900399,33.3211122551793],[-111.99994345395756,33.31890165492367]]]}"
,PHOENIX,9739884958490558464,6176.2824821416725,743.0,202509,deployment,"{""type"":""Polygon"",""coordinates"":[[[-111.9760963777647,33.35534745351689],[-111.9760963777647,33.34467331687368],[-111.96417277175436,33.346882141832445],[-111.96417277175436,33.3575566329131],[-111.9760963777647,33.35534745351689]]]}"
,PHOENIX,9739884992850296832,9602.722334764081,2255.956,202509,deployment,"{""type"":""Polygon"",""coordinates"":[[[-111.9760963777647,33.34467331687368],[-111.9760963777647,33.33399803639377],[-111.96417277175436,33.33620650657039],[-111.96417277175436,33.346882141832445],[-111.9760963777647,33.34467331687368]]]}"
,PHOENIX,9739885027210035200,65770.94754029893,13377.36,202509,deployment,"{""type"":""Polygon"",""coordinates"":[[[-111.96417277175436,33.346882141832445],[-111.96417277175436,33.33620650657039],[-111.9522491224878,33.33841373355815],[-111.9522491224878,33.34908972333923],[-111.96417277175436,33.346882141832445]]]}"
,PHOENIX,9739885061569773568,105991.27578354247,22724.861,202509,deployment,"{""type"":""Polygon"",""coordinates"":[[[-111.96417277175436,33.3575566329131],[-111.96417277175436,33.346882141832445],[-111.9522491224878,33.34908972333923],[-111.9522491224878,33.359764568594386],[-111.96417277175436,33.3575566329131]]]}"
,PHOENIX,9739885095929511936,78556.56880700453,9703.823,202509,deployment,"{""type"":""Polygon"",""coordinates"":[[[-111.96417277175436,33.368229978950446],[-111.96417277175436,33.3575566329131],[-111.9522491224878,33.359764568594386],[-111.9522491224878,33.370438268461726],[-111.96417277175436,33.368229978950446]]]}"
,PHOENIX,9739885130289250304,5398.167642407303,518.362,202509,deployment,"{""type"":""Polygon"",""coordinates"":[[[-111.9760963777647,33.366020445461466],[-111.9760963777647,33.35534745351689],[-111.96417277175436,33.3575566329131],[-111.96417277175436,33.368229978950446],[-111.9760963777647,33.366020445461466]]]}"
,PHOENIX,9739885164648988672,5405.939880921277,1609.24,202509,deployment,"{""type"":""Polygon"",""coordinates"":[[[-111.9760963777647,33.37669229184612],[-111.9760963777647,33.366020445461466],[-111.96417277175436,33.368229978950446],[-111.96417277175436,33.37890217908323],[-111.9760963777647,33.37669229184612]]]}"
,PHOENIX,9739885199008727040,177881.74728159633,31913.707,202509,deployment,"{""type"":""Polygon"",""coordinates"":[[[-111.96417277175436,33.37890217908323],[-111.96417277175436,33.368229978950446],[-111.9522491224878,33.370438268461726],[-111.9522491224878,33.38111082208001],[-111.96417277175436,33.37890217908323]]]}"
,PHOENIX,9739885233368465408,171769.37676042112,36527.007,202509,deployment,"{""type"":""Polygon"",""coordinates"":[[[-111.9522491224878,33.38111082208001],[-111.9522491224878,33.370438268461726],[-111.94032543148008,33.37264531378127],[-111.94032543148008,33.38331822062252],[-111.9522491224878,33.38111082208001]]]}"
,PHOENIX,9739885267728203776,123067.12436400674,29150.254,202509,deployment,"{""type"":""Polygon"",""coordinates"":[[[-111.9522491224878,33.370438268461726],[-111.9522491224878,33.359764568594386],[-111.94032543148008,33.36197126034664],[-111.94032543148008,33.37264531378127],[-111.9522491224878,33.370438268461726]]]}"
,PHOENIX,9739885302087942144,156028.77537207966,27374.166,202509,deployment,"{""type"":""Polygon"",""coordinates"":[[[-111.94032543148008,33.37264531378127],[-111.94032543148008,33.36197126034664],[-111.92840170024643,33.36417670795635],[-111.92840170024643,33.374851114695616],[-111.94032543148008,33.37264531378127]]]}"
,PHOENIX,9739885336447680512,183989.38986069013,27136.28,202509,deployment,"{""type"":""Polygon"",""coordinates"":[[[-111.94032543148008,33.38331822062252],[-111.94032543148008,33.37264531378127],[-111.92840170024643,33.374851114695616],[-111.92840170024643,33.385524374497386],[-111.94032543148008,33.38331822062252]]]}"
,PHOENIX,9739885370807418880,184132.77627601443,27313.154,202509,deployment,"{""type"":""Polygon"",""coordinates"":[[[-111.92840170024643,33.385524374497386],[-111.92840170024643,33.374851114695616],[-111.91647793030225,33.37705567099191],[-111.91647793030225,33.38772928349179],[-111.92840170024643,33.385524374497386]]]}"
,PHOENIX,9739885405167157248,223918.2868686237,31090.455,202509,deployment,"{""type"":""Polygon"",""coordinates"":[[[-111.91647793030225,33.38772928349179],[-111.91647793030225,33.37705567099191],[-111.90455412316315,33.37925898245782],[-111.90455412316315,33.38993294739349],[-111.91647793030225,33.38772928349179]]]}"
,PHOENIX,9739885439526895616,187101.97797931603,25716.55,202509,deployment,"{""type"":""Polygon"",""coordinates"":[[[-111.91647793030225,33.37705567099191],[-111.91647793030225,33.366380911210555],[-111.90455412316315,33.368583869896874],[-111.90455412316315,33.37925898245782],[-111.91647793030225,33.37705567099191]]]}"
,PHOENIX,9739885473886633984,19170.802245947838,2466.55,202509,deployment,"{""type"":""Polygon"",""coordinates"":[[[-111.92840170024643,33.374851114695616],[-111.92840170024643,33.36417670795635],[-111.91647793030225,33.366380911210555],[-111.91647793030225,33.37705567099191],[-111.92840170024643,33.374851114695616]]]}"
,PHOENIX,9739885508246372352,44509.81245069784,6772.49,202509,deployment,"{""type"":""Polygon"",""coordinates"":[[[-111.92840170024643,33.36417670795635],[-111.92840170024643,33.35350115514077],[-111.91647793030225,33.355705005008886],[-111.91647793030225,33.366380911210555],[-111.92840170024643,33.36417670795635]]]}"
,PHOENIX,9739885542606110720,170821.01979403378,23035.84,202509,deployment,"{""type"":""Polygon"",""coordinates"":[[[-111.91647793030225,33.366380911210555],[-111.91647793030225,33.355705005008886],[-111.90455412316315,33.357907610571814],[-111.90455412316315,33.368583869896874],[-111.91647793030225,33.366380911210555]]]}"
,PHOENIX,9739885576965849088,169437.4755440361,21033.192,202509,deployment,"{""type"":""Polygon"",""coordinates"":[[[-111.91647793030225,33.355705005008886],[-111.91647793030225,33.34502795324875],[-111.90455412316315,33.347230205344424],[-111.90455412316315,33.357907610571814],[-111.91647793030225,33.355705005008886]]]}"
,PHOENIX,9739885611325587456,52726.93047887385,9605.187,202509,deployment,"{""type"":""Polygon"",""coordinates"":[[[-111.92840170024643,33.35350115514077],[-111.92840170024643,33.342824457110716],[-111.91647793030225,33.34502795324875],[-111.91647793030225,33.355705005008886],[-111.92840170024643,33.35350115514077]]]}"
,PHOENIX,9739885645685325824,55108.81618905183,12443.965,202509,deployment,"{""type"":""Polygon"",""coordinates"":[[[-111.94032543148008,33.351296061179866],[-111.94032543148008,33.340619717142815],[-111.92840170024643,33.342824457110716],[-111.92840170024643,33.35350115514077],[-111.94032543148008,33.351296061179866]]]}"
,PHOENIX,9739885680045064192,90917.46476565019,19618.913,202509,deployment,"{""type"":""Polygon"",""coordinates"":[[[-111.94032543148008,33.36197126034664],[-111.94032543148008,33.351296061179866],[-111.92840170024643,33.35350115514077],[-111.92840170024643,33.36417670795635],[-111.94032543148008,33.36197126034664]]]}"
,PHOENIX,9739885714404802560,56733.41120694788,17114.849,202509,deployment,"{""type"":""Polygon"",""coordinates"":[[[-111.9522491224878,33.359764568594386],[-111.9522491224878,33.34908972333923],[-111.94032543148008,33.351296061179866],[-111.94032543148008,33.36197126034664],[-111.9522491224878,33.359764568594386]]]}"
,PHOENIX,9739885748764540928,5710.483884956623,1085.7,202509,deployment,"{""type"":""Polygon"",""coordinates"":[[[-111.9522491224878,33.34908972333923],[-111.9522491224878,33.33841373355815],[-111.94032543148008,33.340619717142815],[-111.94032543148008,33.351296061179866],[-111.9522491224878,33.34908972333923]]]}"
,PHOENIX,9739885783124279296,52348.885187816064,10659.258,202509,deployment,"{""type"":""Polygon"",""coordinates"":[[[-111.9522491224878,33.33841373355815],[-111.9522491224878,33.327736600113695],[-111.94032543148008,33.329942229098016],[-111.94032543148008,33.340619717142815],[-111.9522491224878,33.33841373355815]]]}"
,PHOENIX,9739885817484017664,57806.6971075216,11225.802,202509,deployment,"{""type"":""Polygon"",""coordinates"":[[[-111.94032543148008,33.340619717142815],[-111.94032543148008,33.329942229098016],[-111.92840170024643,33.33214661472871],[-111.92840170024643,33.342824457110716],[-111.94032543148008,33.340619717142815]]]}"
,PHOENIX,9739885851843756032,19335.265541122688,3045.215,202509,deployment,"{""type"":""Polygon"",""coordinates"":[[[-111.94032543148008,33.329942229098016],[-111.94032543148008,33.31926359790862],[-111.92840170024643,33.32146762885789],[-111.92840170024643,33.33214661472871],[-111.94032543148008,33.329942229098016]]]}"
,PHOENIX,9739885886203494400,46407.61150876442,10161.888,202509,deployment,"{""type"":""Polygon"",""coordinates"":[[[-111.9522491224878,33.327736600113695],[-111.9522491224878,33.31705832386905],[-111.94032543148008,33.31926359790862],[-111.94032543148008,33.329942229098016],[-111.9522491224878,33.327736600113695]]]}"
,PHOENIX,9739885920563232768,24278.01450539432,5399.353,202509,deployment,"{""type"":""Polygon"",""coordinates"":[[[-111.9522491224878,33.31705832386905],[-111.9522491224878,33.30637890568807],[-111.94032543148008,33.308583824438486],[-111.94032543148008,33.31926359790862],[-111.9522491224878,33.31705832386905]]]}"
,PHOENIX,9739885954922971136,34662.762918554356,6685.231,202509,deployment,"{""type"":""Polygon"",""coordinates"":[[[-111.9522491224878,33.30637890568807],[-111.9522491224878,33.295698346435245],[-111.94032543148008,33.29790290955207],[-111.94032543148008,33.308583824438486],[-111.9522491224878,33.30637890568807]]]}"
,PHOENIX,9739885989282709504,43183.643909773244,7958.952,202509,deployment,"{""type"":""Polygon"",""coordinates"":[[[-111.94032543148008,33.308583824438486],[-111.94032543148008,33.29790290955207],[-111.92840170024643,33.30010623010573],[-111.92840170024643,33.31078750036209],[-111.94032543148008,33.308583824438486]]]}"
,PHOENIX,9739886023642447872,29825.728131682587,5153.638,202509,deployment,"{""type"":""Polygon"",""coordinates"":[[[-111.94032543148008,33.31926359790862],[-111.94032543148008,33.308583824438486],[-111.92840170024643,33.31078750036209],[-111.92840170024643,33.32146762885789],[-111.94032543148008,33.31926359790862]]]}"
,PHOENIX,9739886058002186240,76516.51477731326,12366.988,202509,deployment,"{""type"":""Polygon"",""coordinates"":[[[-111.92840170024643,33.32146762885789],[-111.92840170024643,33.31078750036209],[-111.91647793030225,33.312989933245575],[-111.91647793030225,33.32367041650364],[-111.92840170024643,33.32146762885789]]]}"
,PHOENIX,9739886092361924608,51547.68873274655,8127.667,202509,deployment,"{""type"":""Polygon"",""coordinates"":[[[-111.92840170024643,33.31078750036209],[-111.92840170024643,33.30010623010573],[-111.91647793030225,33.302308307882875],[-111.91647793030225,33.312989933245575],[-111.92840170024643,33.31078750036209]]]}"
,PHOENIX,9739886126721662976,122152.38001114993,15567.067,202509,deployment,"{""type"":""Polygon"",""coordinates"":[[[-111.91647793030225,33.312989933245575],[-111.91647793030225,33.302308307882875],[-111.90455412316315,33.3045091426707],[-111.90455412316315,33.31519112287623],[-111.91647793030225,33.312989933245575]]]}"
,PHOENIX,9739886161081401344,142797.80718074413,17118.325,202509,deployment,"{""type"":""Polygon"",""coordinates"":[[[-111.91647793030225,33.32367041650364],[-111.91647793030225,33.312989933245575],[-111.90455412316315,33.31519112287623],[-111.90455412316315,33.32587196063319],[-111.91647793030225,33.32367041650364]]]}"
,PHOENIX,9739886195441139712,142171.5368244799,16268.346,202509,deployment,"{""type"":""Polygon"",""coordinates"":[[[-111.91647793030225,33.334349756792626],[-111.91647793030225,33.32367041650364],[-111.90455412316315,33.32587196063319],[-111.90455412316315,33.33655165507718],[-111.91647793030225,33.334349756792626]]]}"
,PHOENIX,9739886229800878080,28254.53005714448,6708.397,202509,deployment,"{""type"":""Polygon"",""coordinates"":[[[-111.92840170024643,33.33214661472871],[-111.92840170024643,33.32146762885789],[-111.91647793030225,33.32367041650364],[-111.91647793030225,33.334349756792626],[-111.92840170024643,33.33214661472871]]]}"
,PHOENIX,9739886264160616448,71285.2728258756,13790.802,202509,deployment,"{""type"":""Polygon"",""coordinates"":[[[-111.92840170024643,33.342824457110716],[-111.92840170024643,33.33214661472871],[-111.91647793030225,33.334349756792626],[-111.91647793030225,33.34502795324875],[-111.92840170024643,33.342824457110716]]]}"
,PHOENIX,9739886298520354816,119006.25781293279,11926.425,202509,deployment,"{""type"":""Polygon"",""coordinates"":[[[-111.91647793030225,33.34502795324875],[-111.91647793030225,33.334349756792626],[-111.90455412316315,33.33655165507718],[-111.90455412316315,33.347230205344424],[-111.91647793030225,33.34502795324875]]]}"
,PHOENIX,9739886332880093184,18083.968722785517,5106.531,202509,deployment,"{""type"":""Polygon"",""coordinates"":[[[-111.90455412316315,33.347230205344424],[-111.90455412316315,33.33655165507718],[-111.89263028034495,33.338752309370356],[-111.89263028034495,33.34943121318578],[-111.90455412316315,33.347230205344424]]]}"
,PHOENIX,9739886367239831552,42838.098440054055,7569.993,202509,deployment,"{""type"":""Polygon"",""coordinates"":[[[-111.89263028034495,33.34943121318578],[-111.89263028034495,33.338752309370356],[-111.88070640336356,33.34095171946074],[-111.88070640336356,33.351630976561474],[-111.89263028034495,33.34943121318578]]]}"
,PHOENIX,9739886401599569920,44362.44929531417,7385.754,202509,deployment,"{""type"":""Polygon"",""coordinates"":[[[-111.89263028034495,33.338752309370356],[-111.89263028034495,33.32807226103448],[-111.88070640336356,33.330271317496],[-111.88070640336356,33.34095171946074],[-111.89263028034495,33.338752309370356]]]}"
,PHOENIX,9739886435959308288,47273.560341227116,9224.354,202509,deployment,"{""type"":""Polygon"",""coordinates"":[[[-111.90455412316315,33.33655165507718],[-111.90455412316315,33.32587196063319],[-111.89263028034495,33.32807226103448],[-111.89263028034495,33.338752309370356],[-111.90455412316315,33.33655165507718]]]}"
,PHOENIX,9739886470319046656,78728.39963222566,11715.442,202509,deployment,"{""type"":""Polygon"",""coordinates"":[[[-111.90455412316315,33.32587196063319],[-111.90455412316315,33.31519112287623],[-111.89263028034495,33.31739106904188],[-111.89263028034495,33.32807226103448],[-111.90455412316315,33.32587196063319]]]}"
,PHOENIX,9739886504678785024,89191.92906788144,10526.668,202509,deployment,"{""type"":""Polygon"",""coordinates"":[[[-111.90455412316315,33.31519112287623],[-111.90455412316315,33.3045091426707],[-111.89263028034495,33.30670873425698],[-111.89263028034495,33.31739106904188],[-111.90455412316315,33.31519112287623]]]}"
,PHOENIX,9739886539038523392,10030.337177254458,1551.455,202509,deployment,"{""type"":""Polygon"",""coordinates"":[[[-111.89263028034495,33.31739106904188],[-111.89263028034495,33.30670873425698],[-111.88070640336356,33.30890708243008],[-111.88070640336356,33.319589771530985],[-111.89263028034495,33.31739106904188]]]}"
,PHOENIX,9739886573398261760,68433.97288976893,9579.289,202509,deployment,"{""type"":""Polygon"",""coordinates"":[[[-111.89263028034495,33.32807226103448],[-111.89263028034495,33.31739106904188],[-111.88070640336356,33.319589771530985],[-111.88070640336356,33.330271317496],[-111.89263028034495,33.32807226103448]]]}"
,PHOENIX,9739886607758000128,87588.86435827948,12938.996,202509,deployment,"{""type"":""Polygon"",""coordinates"":[[[-111.88070640336356,33.330271317496],[-111.88070640336356,33.319589771530985],[-111.86878249373518,33.321787230132536],[-111.86878249373518,33.33246912980684],[-111.88070640336356,33.330271317496]]]}"
,PHOENIX,9739886642117738496,99630.17001439616,15154.925,202509,deployment,"{""type"":""Polygon"",""coordinates"":[[[-111.88070640336356,33.319589771530985],[-111.88070640336356,33.30890708243008],[-111.86878249373518,33.311104186978945],[-111.86878249373518,33.321787230132536],[-111.88070640336356,33.319589771530985]]]}"
,PHOENIX,9739886676477476864,106023.83628132098,15145.391,202509,deployment,"{""type"":""Polygon"",""coordinates"":[[[-111.86878249373518,33.321787230132536],[-111.86878249373518,33.311104186978945],[-111.85685855297612,33.313300047693076],[-111.85685855297612,33.323983444636134],[-111.86878249373518,33.321787230132536]]]}"
,PHOENIX,9739886710837215232,70605.7108154652,11442.87,202509,deployment,"{""type"":""Polygon"",""coordinates"":[[[-111.86878249373518,33.33246912980684],[-111.86878249373518,33.321787230132536],[-111.85685855297612,33.323983444636134],[-111.85685855297612,33.33466569775664],[-111.86878249373518,33.33246912980684]]]}"
,PHOENIX,9739886745196953600,100145.41412971562,14918.16,202509,deployment,"{""type"":""Polygon"",""coordinates"":[[[-111.86878249373518,33.343149885137464],[-111.86878249373518,33.33246912980684],[-111.85685855297612,33.33466569775664],[-111.85685855297612,33.345346806190264],[-111.86878249373518,33.343149885137464]]]}"
,PHOENIX,9739886779556691968,112202.15632799096,17779.319,202509,deployment,"{""type"":""Polygon"",""coordinates"":[[[-111.88070640336356,33.34095171946074],[-111.88070640336356,33.330271317496],[-111.86878249373518,33.33246912980684],[-111.86878249373518,33.343149885137464],[-111.88070640336356,33.34095171946074]]]}"
,PHOENIX,9739886813916430336,124878.1049256763,20721.96,202509,deployment,"{""type"":""Polygon"",""coordinates"":[[[-111.88070640336356,33.351630976561474],[-111.88070640336356,33.34095171946074],[-111.86878249373518,33.343149885137464],[-111.86878249373518,33.353829495260726],[-111.88070640336356,33.351630976561474]]]}"
,PHOENIX,9739886848276168704,99656.74282387095,15752.061,202509,deployment,"{""type"":""Polygon"",""coordinates"":[[[-111.86878249373518,33.353829495260726],[-111.86878249373518,33.343149885137464],[-111.85685855297612,33.345346806190264],[-111.85685855297612,33.356026769073324],[-111.86878249373518,33.353829495260726]]]}"
,PHOENIX,9739886882635907072,69711.76115047473,11374.489,202509,deployment,"{""type"":""Polygon"",""coordinates"":[[[-111.86878249373518,33.36450795931355],[-111.86878249373518,33.353829495260726],[-111.85685855297612,33.356026769073324],[-111.85685855297612,33.36670558554277],[-111.86878249373518,33.36450795931355]]]}"
,PHOENIX,9739886916995645440,60904.45650135634,9586.836,202509,deployment,"{""type"":""Polygon"",""coordinates"":[[[-111.86878249373518,33.37518527643356],[-111.86878249373518,33.36450795931355],[-111.85685855297612,33.36670558554277],[-111.85685855297612,33.37738325473624],[-111.86878249373518,33.37518527643356]]]}"
,PHOENIX,9739886951355383808,116732.46992425162,18445.871,202509,deployment,"{""type"":""Polygon"",""coordinates"":[[[-111.88070640336356,33.37298605271931],[-111.88070640336356,33.362309087935145],[-111.86878249373518,33.36450795931355],[-111.86878249373518,33.37518527643356],[-111.88070640336356,33.37298605271931]]]}"
,PHOENIX,9739886985715122176,95103.66222390474,15833.192,202509,deployment,"{""type"":""Polygon"",""coordinates"":[[[-111.88070640336356,33.362309087935145],[-111.88070640336356,33.351630976561474],[-111.86878249373518,33.353829495260726],[-111.86878249373518,33.36450795931355],[-111.88070640336356,33.362309087935145]]]}"
,PHOENIX,9739887020074860544,9757.211236809368,1268.416,202509,deployment,"{""type"":""Polygon"",""coordinates"":[[[-111.89263028034495,33.360108971617656],[-111.89263028034495,33.34943121318578],[-111.88070640336356,33.351630976561474],[-111.88070640336356,33.362309087935145],[-111.89263028034495,33.360108971617656]]]}"
,PHOENIX,9739887054434598912,61193.15616836552,12425.438,202509,deployment,"{""type"":""Polygon"",""coordinates"":[[[-111.90455412316315,33.357907610571814],[-111.90455412316315,33.347230205344424],[-111.89263028034495,33.34943121318578],[-111.89263028034495,33.360108971617656],[-111.90455412316315,33.357907610571814]]]}"
,PHOENIX,9739887088794337280,40546.58130804174,9140.676,202509,deployment,"{""type"":""Polygon"",""coordinates"":[[[-111.90455412316315,33.368583869896874],[-111.90455412316315,33.357907610571814],[-111.89263028034495,33.360108971617656],[-111.89263028034495,33.37078558380353],[-111.90455412316315,33.368583869896874]]]}"
,PHOENIX,9739887123154075648,35459.53606964809,5677.372,202509,deployment,"{""type"":""Polygon"",""coordinates"":[[[-111.89263028034495,33.37078558380353],[-111.89263028034495,33.360108971617656],[-111.88070640336356,33.362309087935145],[-111.88070640336356,33.37298605271931],[-111.89263028034495,33.37078558380353]]]}"
,PHOENIX,9739887157513814016,86588.36776366348,11545.493,202509,deployment,"{""type"":""Polygon"",""coordinates"":[[[-111.89263028034495,33.38146104888165],[-111.89263028034495,33.37078558380353],[-111.88070640336356,33.37298605271931],[-111.88070640336356,33.38366187005223],[-111.89263028034495,33.38146104888165]]]}"
,PHOENIX,9739887191873552384,93194.09144042239,12438.462,202509,deployment,"{""type"":""Polygon"",""coordinates"":[[[-111.90455412316315,33.37925898245782],[-111.90455412316315,33.368583869896874],[-111.89263028034495,33.37078558380353],[-111.89263028034495,33.38146104888165],[-111.90455412316315,33.37925898245782]]]}"
,PHOENIX,9739887226233290752,8878.912459305116,1128.704,202509,deployment,"{""type"":""Polygon"",""coordinates"":[[[-111.90455412316315,33.38993294739349],[-111.90455412316315,33.37925898245782],[-111.89263028034495,33.38146104888165],[-111.89263028034495,33.39213536599084],[-111.90455412316315,33.38993294739349]]]}"
,PHOENIX,9739887260593029120,58238.40696299672,10624.143,202509,deployment,"{""type"":""Polygon"",""coordinates"":[[[-111.89263028034495,33.39213536599084],[-111.89263028034495,33.38146104888165],[-111.88070640336356,33.38366187005223],[-111.88070640336356,33.394336539072775],[-111.89263028034495,33.39213536599084]]]}"
,PHOENIX,9739887294952767488,135494.68578837818,23563.382,202509,deployment,"{""type"":""Polygon"",""coordinates"":[[[-111.88070640336356,33.394336539072775],[-111.88070640336356,33.38366187005223],[-111.86878249373518,33.38586144575901],[-111.86878249373518,33.396536466428806],[-111.88070640336356,33.394336539072775]]]}"
,PHOENIX,9739887329312505856,157917.10889254883,24499.738,202509,deployment,"{""type"":""Polygon"",""coordinates"":[[[-111.88070640336356,33.38366187005223],[-111.88070640336356,33.37298605271931],[-111.86878249373518,33.37518527643356],[-111.86878249373518,33.38586144575901],[-111.88070640336356,33.38366187005223]]]}"
,PHOENIX,9739887363672244224,85772.55441965222,14093.314,202509,deployment,"{""type"":""Polygon"",""coordinates"":[[[-111.86878249373518,33.38586144575901],[-111.86878249373518,33.37518527643356],[-111.85685855297612,33.37738325473624],[-111.85685855297612,33.388059775792],[-111.86878249373518,33.38586144575901]]]}"
,PHOENIX,9739887398031982592,93641.19241276241,16047.896,202509,deployment,"{""type"":""Polygon"",""coordinates"":[[[-111.86878249373518,33.396536466428806],[-111.86878249373518,33.38586144575901],[-111.85685855297612,33.388059775792],[-111.85685855297612,33.39873514784899],[-111.86878249373518,33.396536466428806]]]}"
,PHOENIX,9739887432391720960,76452.92752107416,15988.202,202509,deployment,"{""type"":""Polygon"",""coordinates"":[[[-111.86878249373518,33.4072103375825],[-111.86878249373518,33.396536466428806],[-111.85685855297612,33.39873514784899],[-111.85685855297612,33.409409370046795],[-111.86878249373518,33.4072103375825]]]}"
,PHOENIX,9739887466751459328,135492.77664104753,28012.32,202509,deployment,"{""type"":""Polygon"",""coordinates"":[[[-111.88070640336356,33.4050100589205],[-111.88070640336356,33.394336539072775],[-111.86878249373518,33.396536466428806],[-111.86878249373518,33.4072103375825],[-111.88070640336356,33.4050100589205]]]}"
,PHOENIX,9739887501111197696,275839.18461147055,61500.929,202509,deployment,"{""type"":""Polygon"",""coordinates"":[[[-111.88070640336356,33.41568242873561],[-111.88070640336356,33.4050100589205],[-111.86878249373518,33.4072103375825],[-111.86878249373518,33.417883058360324],[-111.88070640336356,33.41568242873561]]]}"
,PHOENIX,9739887535470936064,26260.04010860969,5669.298,202509,deployment,"{""type"":""Polygon"",""coordinates"":[[[-111.86878249373518,33.417883058360324],[-111.86878249373518,33.4072103375825],[-111.85685855297612,33.409409370046795],[-111.85685855297612,33.42008244152564],[-111.86878249373518,33.417883058360324]]]}"
,PHOENIX,9739887569830674432,66931.31045377058,15629.747,202509,deployment,"{""type"":""Polygon"",""coordinates"":[[[-111.86878249373518,33.42855462790315],[-111.86878249373518,33.417883058360324],[-111.85685855297612,33.42008244152564],[-111.85685855297612,33.430754361426445],[-111.86878249373518,33.42855462790315]]]}"
,PHOENIX,9739887604190412800,27136.933895925267,6871.236,202509,deployment,"{""type"":""Polygon"",""coordinates"":[[[-111.86878249373518,33.439225045352494],[-111.86878249373518,33.42855462790315],[-111.85685855297612,33.430754361426445],[-111.85685855297612,33.44142512889074],[-111.86878249373518,33.439225045352494]]]}"
,PHOENIX,9739887638550151168,71626.832953584,14778.55,202509,deployment,"{""type"":""Polygon"",""coordinates"":[[[-111.88070640336356,33.43702371483195],[-111.88070640336356,33.426353647658914],[-111.86878249373518,33.42855462790315],[-111.86878249373518,33.439225045352494],[-111.88070640336356,33.43702371483195]]]}"
,PHOENIX,9739887672909889536,115928.70491894147,27380.659,202509,deployment,"{""type"":""Polygon"",""coordinates"":[[[-111.88070640336356,33.426353647658914],[-111.88070640336356,33.41568242873561],[-111.86878249373518,33.417883058360324],[-111.86878249373518,33.42855462790315],[-111.88070640336356,33.426353647658914]]]}"
,PHOENIX,9739887707269627904,120107.02219519045,32774.702,202509,deployment,"{""type"":""Polygon"",""coordinates"":[[[-111.89263028034495,33.42415142090346],[-111.89263028034495,33.41348055286125],[-111.88070640336356,33.41568242873561],[-111.88070640336356,33.426353647658914],[-111.89263028034495,33.42415142090346]]]}"
,PHOENIX,9739887741629366272,75217.45919794407,17786.302,202509,deployment,"{""type"":""Polygon"",""coordinates"":[[[-111.89263028034495,33.434821137538776],[-111.89263028034495,33.42415142090346],[-111.88070640336356,33.426353647658914],[-111.88070640336356,33.43702371483195],[-111.89263028034495,33.434821137538776]]]}"
,PHOENIX,9739887775989104640,109592.08196742502,24225.976,202509,deployment,"{""type"":""Polygon"",""coordinates"":[[[-111.90455412316315,33.43261731368316],[-111.90455412316315,33.42194794784707],[-111.89263028034495,33.42415142090346],[-111.89263028034495,33.434821137538776],[-111.90455412316315,33.43261731368316]]]}"
,PHOENIX,9739887810348843008,154495.76952127027,37776.683,202509,deployment,"{""type"":""Polygon"",""coordinates"":[[[-111.90455412316315,33.42194794784707],[-111.90455412316315,33.411277430947635],[-111.89263028034495,33.41348055286125],[-111.89263028034495,33.42415142090346],[-111.90455412316315,33.42194794784707]]]}"
,PHOENIX,9739887844708581376,200303.8369984811,29727.496,202509,deployment,"{""type"":""Polygon"",""coordinates"":[[[-111.90455412316315,33.411277430947635],[-111.90455412316315,33.40060576384337],[-111.89263028034495,33.402808534270655],[-111.89263028034495,33.41348055286125],[-111.90455412316315,33.411277430947635]]]}"
,PHOENIX,9739887879068319744,266652.43605200894,38052.097,202509,deployment,"{""type"":""Polygon"",""coordinates"":[[[-111.89263028034495,33.41348055286125],[-111.89263028034495,33.402808534270655],[-111.88070640336356,33.4050100589205],[-111.88070640336356,33.41568242873561],[-111.89263028034495,33.41348055286125]]]}"
,PHOENIX,9739887913428058112,43650.01708245008,8318.928,202509,deployment,"{""type"":""Polygon"",""coordinates"":[[[-111.89263028034495,33.402808534270655],[-111.89263028034495,33.39213536599084],[-111.88070640336356,33.394336539072775],[-111.88070640336356,33.4050100589205],[-111.89263028034495,33.402808534270655]]]}"
,PHOENIX,9739887947787796480,61578.12992115469,11683.951,202509,deployment,"{""type"":""Polygon"",""coordinates"":[[[-111.90455412316315,33.40060576384337],[-111.90455412316315,33.38993294739349],[-111.89263028034495,33.39213536599084],[-111.89263028034495,33.402808534270655],[-111.90455412316315,33.40060576384337]]]}"
,PHOENIX,9739887982147534848,220312.81857626585,35194.561,202509,deployment,"{""type"":""Polygon"",""coordinates"":[[[-111.91647793030225,33.39840174784967],[-111.91647793030225,33.38772928349179],[-111.90455412316315,33.38993294739349],[-111.90455412316315,33.40060576384337],[-111.91647793030225,33.39840174784967]]]}"
,PHOENIX,9739888016507273216,419119.7574044754,65423.19,202509,deployment,"{""type"":""Polygon"",""coordinates"":[[[-111.91647793030225,33.409073063205675],[-111.91647793030225,33.39840174784967],[-111.90455412316315,33.40060576384337],[-111.90455412316315,33.411277430947635],[-111.91647793030225,33.409073063205675]]]}"
,PHOENIX,9739888050867011584,229381.4271840267,45582.078,202509,deployment,"{""type"":""Polygon"",""coordinates"":[[[-111.92840170024643,33.406867449846885],[-111.92840170024643,33.396196486501104],[-111.91647793030225,33.39840174784967],[-111.91647793030225,33.409073063205675],[-111.92840170024643,33.406867449846885]]]}"
,PHOENIX,9739888085226749952,161504.37480254835,29069.758,202509,deployment,"{""type"":""Polygon"",""coordinates"":[[[-111.92840170024643,33.396196486501104],[-111.92840170024643,33.385524374497386],[-111.91647793030225,33.38772928349179],[-111.91647793030225,33.39840174784967],[-111.92840170024643,33.396196486501104]]]}"
,PHOENIX,9739888119586488320,128194.72167963664,18920.771,202509,deployment,"{""type"":""Polygon"",""coordinates"":[[[-111.94032543148008,33.39398998000986],[-111.94032543148008,33.38331822062252],[-111.92840170024643,33.385524374497386],[-111.92840170024643,33.396196486501104],[-111.94032543148008,33.39398998000986]]]}"
,PHOENIX,9739888153946226688,88655.38316817151,10122.214,202509,deployment,"{""type"":""Polygon"",""coordinates"":[[[-111.9522491224878,33.39178222858866],[-111.9522491224878,33.38111082208001],[-111.94032543148008,33.38331822062252],[-111.94032543148008,33.39398998000986],[-111.9522491224878,33.39178222858866]]]}"
,PHOENIX,9739888188305965056,94481.12046345667,13204.38,202509,deployment,"{""type"":""Polygon"",""coordinates"":[[[-111.9522491224878,33.40245248712773],[-111.9522491224878,33.39178222858866],[-111.94032543148008,33.39398998000986],[-111.94032543148008,33.40466059108335],[-111.9522491224878,33.40245248712773]]]}"
,PHOENIX,9739888222665703424,100189.11932132582,15345.276,202509,deployment,"{""type"":""Polygon"",""coordinates"":[[[-111.94032543148008,33.40466059108335],[-111.94032543148008,33.39398998000986],[-111.92840170024643,33.396196486501104],[-111.92840170024643,33.406867449846885],[-111.94032543148008,33.40466059108335]]]}"
,PHOENIX,9739888257025441792,415582.948482505,75656.625,202509,deployment,"{""type"":""Polygon"",""coordinates"":[[[-111.94032543148008,33.415330052983734],[-111.94032543148008,33.40466059108335],[-111.92840170024643,33.406867449846885],[-111.92840170024643,33.41753726367548],[-111.94032543148008,33.415330052983734]]]}"
,PHOENIX,9739888291385180160,210602.4565039176,45152.577,202509,deployment,"{""type"":""Polygon"",""coordinates"":[[[-111.9522491224878,33.41312159683796],[-111.9522491224878,33.40245248712773],[-111.94032543148008,33.40466059108335],[-111.94032543148008,33.415330052983734],[-111.9522491224878,33.41312159683796]]]}"
,PHOENIX,9739888325744918528,290361.66143242834,48164.773,202509,deployment,"{""type"":""Polygon"",""coordinates"":[[[-111.9522491224878,33.423789556860704],[-111.9522491224878,33.41312159683796],[-111.94032543148008,33.415330052983734],[-111.94032543148008,33.425998364852425],[-111.9522491224878,33.423789556860704]]]}"
,PHOENIX,9739888360104656896,314774.55361147836,57089.907,202509,deployment,"{""type"":""Polygon"",""coordinates"":[[[-111.94032543148008,33.425998364852425],[-111.94032543148008,33.415330052983734],[-111.92840170024643,33.41753726367548],[-111.92840170024643,33.42820592712832],[-111.94032543148008,33.425998364852425]]]}"
,PHOENIX,9739888394464395264,309595.6299839135,54621.812,202509,deployment,"{""type"":""Polygon"",""coordinates"":[[[-111.92840170024643,33.42820592712832],[-111.92840170024643,33.41753726367548],[-111.91647793030225,33.4197432287006],[-111.91647793030225,33.43041224347588],[-111.92840170024643,33.42820592712832]]]}"
,PHOENIX,9739888428824133632,320998.1365917114,69743.385,202509,deployment,"{""type"":""Polygon"",""coordinates"":[[[-111.92840170024643,33.41753726367548],[-111.92840170024643,33.406867449846885],[-111.91647793030225,33.409073063205675],[-111.91647793030225,33.4197432287006],[-111.92840170024643,33.41753726367548]]]}"
,PHOENIX,9739888463183872000,458592.0611661614,71616.654,202509,deployment,"{""type"":""Polygon"",""coordinates"":[[[-111.91647793030225,33.4197432287006],[-111.91647793030225,33.409073063205675],[-111.90455412316315,33.411277430947635],[-111.90455412316315,33.42194794784707],[-111.91647793030225,33.4197432287006]]]}"
,PHOENIX,9739888497543610368,540019.4241087142,98704.952,202509,deployment,"{""type"":""Polygon"",""coordinates"":[[[-111.91647793030225,33.43041224347588],[-111.91647793030225,33.4197432287006],[-111.90455412316315,33.42194794784707],[-111.90455412316315,33.43261731368316],[-111.91647793030225,33.43041224347588]]]}"
,PHOENIX,9739888531903348736,407895.8378951377,73401.082,202509,deployment,"{""type"":""Polygon"",""coordinates"":[[[-111.91647793030225,33.4410801066736],[-111.91647793030225,33.43041224347588],[-111.90455412316315,33.43261731368316],[-111.90455412316315,33.443285527597986],[-111.91647793030225,33.4410801066736]]]}"
,PHOENIX,9739888566263087104,322182.7810688232,63868.571,202509,deployment,"{""type"":""Polygon"",""coordinates"":[[[-111.91647793030225,33.45174681743652],[-111.91647793030225,33.4410801066736],[-111.90455412316315,33.443285527597986],[-111.90455412316315,33.453952588734346],[-111.91647793030225,33.45174681743652]]]}"
,PHOENIX,9739888600622825472,222552.35164246376,33580.028,202509,deployment,"{""type"":""Polygon"",""coordinates"":[[[-111.92840170024643,33.449539799475644],[-111.92840170024643,33.43887343934746],[-111.91647793030225,33.4410801066736],[-111.91647793030225,33.45174681743652],[-111.92840170024643,33.449539799475644]]]}"
,PHOENIX,9739888634982563840,207407.9788531695,35868.66,202509,deployment,"{""type"":""Polygon"",""coordinates"":[[[-111.92840170024643,33.43887343934746],[-111.92840170024643,33.42820592712832],[-111.91647793030225,33.43041224347588],[-111.91647793030225,33.4410801066736],[-111.92840170024643,33.43887343934746]]]}"
,PHOENIX,9739888669342302208,226705.82384247633,33000.935,202509,deployment,"{""type"":""Polygon"",""coordinates"":[[[-111.94032543148008,33.43666552583144],[-111.94032543148008,33.425998364852425],[-111.92840170024643,33.42820592712832],[-111.92840170024643,33.43887343934746],[-111.94032543148008,33.43666552583144]]]}"
,PHOENIX,9739888703702040576,233823.2357661479,41908.492,202509,deployment,"{""type"":""Polygon"",""coordinates"":[[[-111.9522491224878,33.43445636633799],[-111.9522491224878,33.423789556860704],[-111.94032543148008,33.425998364852425],[-111.94032543148008,33.43666552583144],[-111.9522491224878,33.43445636633799]]]}"
,PHOENIX,9739888738061778944,280874.1656188538,35235.034,202509,deployment,"{""type"":""Polygon"",""coordinates"":[[[-111.9522491224878,33.44512202441251],[-111.9522491224878,33.43445636633799],[-111.94032543148008,33.43666552583144],[-111.94032543148008,33.44733153506352],[-111.9522491224878,33.44512202441251]]]}"
,PHOENIX,9739888772421517312,162387.5003633734,20357.381,202509,deployment,"{""type"":""Polygon"",""coordinates"":[[[-111.94032543148008,33.44733153506352],[-111.94032543148008,33.43666552583144],[-111.92840170024643,33.43887343934746],[-111.92840170024643,33.449539799475644],[-111.94032543148008,33.44733153506352]]]}"
,PHOENIX,9739888806781255680,57335.59855317851,6676.008,202509,deployment,"{""type"":""Polygon"",""coordinates"":[[[-111.94032543148008,33.45799639169199],[-111.94032543148008,33.44733153506352],[-111.92840170024643,33.449539799475644],[-111.92840170024643,33.460205006656246],[-111.94032543148008,33.45799639169199]]]}"
,PHOENIX,9739888841140994048,76142.71355973542,10384.975,202509,deployment,"{""type"":""Polygon"",""coordinates"":[[[-111.9522491224878,33.4557865302276],[-111.9522491224878,33.44512202441251],[-111.94032543148008,33.44733153506352],[-111.94032543148008,33.45799639169199],[-111.9522491224878,33.4557865302276]]]}"
,PHOENIX,9739888875500732416,370225.8092723733,63009.564,202509,deployment,"{""type"":""Polygon"",""coordinates"":[[[-111.9522491224878,33.46644988292723],[-111.9522491224878,33.4557865302276],[-111.94032543148008,33.45799639169199],[-111.94032543148008,33.46866009486088],[-111.9522491224878,33.46644988292723]]]}"
,PHOENIX,9739888909860470784,226452.73796025926,43798.335,202509,deployment,"{""type"":""Polygon"",""coordinates"":[[[-111.94032543148008,33.46866009486088],[-111.94032543148008,33.45799639169199],[-111.92840170024643,33.460205006656246],[-111.92840170024643,33.47086906003329],[-111.94032543148008,33.46866009486088]]]}"
,PHOENIX,9739888944220209152,361355.5162812627,71429.472,202509,deployment,"{""type"":""Polygon"",""coordinates"":[[[-111.92840170024643,33.47086906003329],[-111.92840170024643,33.460205006656246],[-111.91647793030225,33.46241237490804],[-111.91647793030225,33.47307677823221],[-111.92840170024643,33.47086906003329]]]}"
,PHOENIX,9739888978579947520,180773.74654007787,29501.962,202509,deployment,"{""type"":""Polygon"",""coordinates"":[[[-111.92840170024643,33.460205006656246],[-111.92840170024643,33.449539799475644],[-111.91647793030225,33.45174681743652],[-111.91647793030225,33.46241237490804],[-111.92840170024643,33.460205006656246]]]}"
,PHOENIX,9739889012939685888,286192.04018632835,62313.283,202509,deployment,"{""type"":""Polygon"",""coordinates"":[[[-111.91647793030225,33.46241237490804],[-111.91647793030225,33.45174681743652],[-111.90455412316315,33.453952588734346],[-111.90455412316315,33.46461849623565],[-111.91647793030225,33.46241237490804]]]}"
,PHOENIX,9739889047299424256,472400.9306707626,111928.556,202509,deployment,"{""type"":""Polygon"",""coordinates"":[[[-111.91647793030225,33.47307677823221],[-111.91647793030225,33.46241237490804],[-111.90455412316315,33.46461849623565],[-111.90455412316315,33.47528324924599],[-111.91647793030225,33.47307677823221]]]}"
,PHOENIX,9739889081659162624,168439.18027556784,48741.649,202509,deployment,"{""type"":""Polygon"",""coordinates"":[[[-111.90455412316315,33.47528324924599],[-111.90455412316315,33.46461849623565],[-111.89263028034495,33.46682337042793],[-111.89263028034495,33.47748847286355],[-111.90455412316315,33.47528324924599]]]}"
,PHOENIX,9739889150378639360,33224.36791851354,7490.35,202509,deployment,"{""type"":""Polygon"",""coordinates"":[[[-111.89263028034495,33.46682337042793],[-111.89263028034493,33.456157113157886],[-111.88070640336356,33.45836039049651],[-111.88070640336356,33.469026997274305],[-111.89263028034495,33.46682337042793]]]}"
,PHOENIX,9739889184738377728,194366.0425256477,59371.772,202509,deployment,"{""type"":""Polygon"",""coordinates"":[[[-111.90455412316315,33.46461849623565],[-111.90455412316315,33.453952588734346],[-111.89263028034493,33.456157113157886],[-111.89263028034495,33.46682337042793],[-111.90455412316315,33.46461849623565]]]}"
,PHOENIX,9739889322177331200,11149.694759221955,2703.554,202509,deployment,"{""type"":""Polygon"",""coordinates"":[[[-111.89263028034493,33.456157113157886],[-111.89263028034495,33.44548970190932],[-111.88070640336356,33.44769262939688],[-111.88070640336356,33.45836039049651],[-111.89263028034493,33.456157113157886]]]}"
,PHOENIX,9739889425256546304,663.5340508504981,21.897,202509,deployment,"{""type"":""Polygon"",""coordinates"":[[[-111.86878249373518,33.44989430985055],[-111.86878249373518,33.439225045352494],[-111.85685855297612,33.44142512889074],[-111.85685855297612,33.452094743060734],[-111.86878249373518,33.44989430985055]]]}"
,PHOENIX,9739889768853929984,2012.4952383631255,175.871,202509,deployment,"{""type"":""Polygon"",""coordinates"":[[[-111.89263028034495,33.48815241960949],[-111.89263028034495,33.47748847286355],[-111.88070640336356,33.47969244887439],[-111.88070640336356,33.490356744441534],[-111.89263028034495,33.48815241960949]]]}"
,PHOENIX,9739889803213668352,35544.27160194304,4926.375,202509,deployment,"{""type"":""Polygon"",""coordinates"":[[[-111.90455412316315,33.48594684691009],[-111.90455412316315,33.47528324924599],[-111.89263028034495,33.47748847286355],[-111.89263028034495,33.48815241960949],[-111.90455412316315,33.48594684691009]]]}"
,PHOENIX,9739889837573406720,38454.9345323347,5165.259,202509,deployment,"{""type"":""Polygon"",""coordinates"":[[[-111.90455412316315,33.496609288373335],[-111.90455412316315,33.48594684691009],[-111.89263028034495,33.48815241960949],[-111.89263028034495,33.498815209811184],[-111.90455412316315,33.496609288373335]]]}"
,PHOENIX,9739889871933145088,1609.8288181905098,129.4,202509,deployment,"{""type"":""Polygon"",""coordinates"":[[[-111.89263028034495,33.498815209811184],[-111.89263028034495,33.48815241960949],[-111.88070640336356,33.490356744441534],[-111.88070640336356,33.501019883121195],[-111.89263028034495,33.498815209811184]]]}"
,PHOENIX,9739889906292883456,1658.4725566349748,179.456,202509,deployment,"{""type"":""Polygon"",""coordinates"":[[[-111.89263028034495,33.50947684261468],[-111.89263028034495,33.498815209811184],[-111.88070640336356,33.501019883121195],[-111.88070640336356,33.51168186405945],[-111.89263028034495,33.50947684261468]]]}"
,PHOENIX,9739889940652621824,28476.541678681737,3138.026,202509,deployment,"{""type"":""Polygon"",""coordinates"":[[[-111.90455412316315,33.50727057278177],[-111.90455412316315,33.496609288373335],[-111.89263028034495,33.498815209811184],[-111.89263028034495,33.50947684261468],[-111.90455412316315,33.50727057278177]]]}"
,PHOENIX,9739889975012360192,42076.908596344205,5484.23,202509,deployment,"{""type"":""Polygon"",""coordinates"":[[[-111.90455412316315,33.51793069928209],[-111.90455412316315,33.50727057278177],[-111.89263028034495,33.50947684261468],[-111.89263028034493,33.5201373171667],[-111.90455412316315,33.51793069928209]]]}"
,PHOENIX,9739890456048697344,21773.71757596376,3731.246,202509,deployment,"{""type"":""Polygon"",""coordinates"":[[[-111.89263028034495,33.55211178279102],[-111.89263028034495,33.54145478810651],[-111.88070640336356,33.54366085189651],[-111.88070640336356,33.55431819334316],[-111.89263028034495,33.55211178279102]]]}"
,PHOENIX,9739890490408435712,17691.063918071926,5176.75,202509,deployment,"{""type"":""Polygon"",""coordinates"":[[[-111.89263028034495,33.562767615817506],[-111.89263028034495,33.55211178279102],[-111.88070640336356,33.55431819334316],[-111.88070640336356,33.56497437278869],[-111.89263028034495,33.562767615817506]]]}"
,PHOENIX,9739890524768174080,119981.88204331172,25861.514,202509,deployment,"{""type"":""Polygon"",""coordinates"":[[[-111.90455412316315,33.56055960915925],[-111.90455412316315,33.54990412281125],[-111.89263028034495,33.55211178279102],[-111.89263028034495,33.562767615817506],[-111.90455412316315,33.56055960915925]]]}"
,PHOENIX,9739890559127912448,63195.79138240519,12316.637,202509,deployment,"{""type"":""Polygon"",""coordinates"":[[[-111.90455412316315,33.54990412281125],[-111.90455412316315,33.5392474751485],[-111.89263028034495,33.54145478810651],[-111.89263028034495,33.55211178279102],[-111.90455412316315,33.54990412281125]]]}"
,PHOENIX,9739890593487650816,53604.31319611375,10254.542,202509,deployment,"{""type"":""Polygon"",""coordinates"":[[[-111.90455412316315,33.5392474751485],[-111.90455412316315,33.52858966702167],[-111.89263028034495,33.53079663261463],[-111.89263028034495,33.54145478810651],[-111.90455412316315,33.5392474751485]]]}"
,PHOENIX,9739890627847389184,51963.32288620541,10151.542,202509,deployment,"{""type"":""Polygon"",""coordinates"":[[[-111.89263028034495,33.54145478810651],[-111.89263028034495,33.53079663261463],[-111.88070640336356,33.53300234929937],[-111.88070640336356,33.54366085189651],[-111.89263028034495,33.54145478810651]]]}"
,PHOENIX,9739890662207127552,1690.1791805949704,145.695,202509,deployment,"{""type"":""Polygon"",""coordinates"":[[[-111.89263028034495,33.53079663261463],[-111.89263028034493,33.5201373171667],[-111.88070640336356,33.522342686403036],[-111.88070640336356,33.53300234929937],[-111.89263028034495,33.53079663261463]]]}"
,PHOENIX,9739890696566865920,36744.33557619714,6209.99,202509,deployment,"{""type"":""Polygon"",""coordinates"":[[[-111.90455412316315,33.52858966702167],[-111.90455412316315,33.51793069928209],[-111.89263028034493,33.5201373171667],[-111.89263028034495,33.53079663261463],[-111.90455412316315,33.52858966702167]]]}"
,PHOENIX,9739890730926604288,206025.0078319378,42125.83,202509,deployment,"{""type"":""Polygon"",""coordinates"":[[[-111.91647793030225,33.52638145273062],[-111.91647793030225,33.51572283295943],[-111.90455412316315,33.51793069928209],[-111.90455412316315,33.52858966702167],[-111.91647793030225,33.52638145273062]]]}"
,PHOENIX,9739890765286342656,151233.3229304619,25605.845,202509,deployment,"{""type"":""Polygon"",""coordinates"":[[[-111.92840170024643,33.5241719899522],[-111.92840170024643,33.51351371840951],[-111.91647793030225,33.51572283295943],[-111.91647793030225,33.52638145273062],[-111.92840170024643,33.5241719899522]]]}"
,PHOENIX,9739890799646081024,130818.18369121251,23007.154,202509,deployment,"{""type"":""Polygon"",""coordinates"":[[[-111.92840170024643,33.53482910256929],[-111.92840170024643,33.5241719899522],[-111.91647793030225,33.52638145273062],[-111.91647793030225,33.53703891323254],[-111.92840170024643,33.53482910256929]]]}"
,PHOENIX,9739890834005819392,176495.26672447822,36041.558,202509,deployment,"{""type"":""Polygon"",""coordinates"":[[[-111.91647793030225,33.53703891323254],[-111.91647793030225,33.52638145273062],[-111.90455412316315,33.52858966702167],[-111.90455412316315,33.5392474751485],[-111.91647793030225,33.53703891323254]]]}"
,PHOENIX,9739890868365557760,132855.28663658423,27913.788,202509,deployment,"{""type"":""Polygon"",""coordinates"":[[[-111.91647793030225,33.54769521361385],[-111.91647793030225,33.53703891323254],[-111.90455412316315,33.5392474751485],[-111.90455412316315,33.54990412281125],[-111.91647793030225,33.54769521361385]]]}"
,PHOENIX,9739890902725296128,7843.428202384126,1021.361,202509,deployment,"{""type"":""Polygon"",""coordinates"":[[[-111.91647793030225,33.55835035302383],[-111.91647793030225,33.54769521361385],[-111.90455412316315,33.54990412281125],[-111.90455412316315,33.56055960915925],[-111.91647793030225,33.55835035302383]]]}"
,PHOENIX,9739890937085034496,95081.7853502701,21005.088,202509,deployment,"{""type"":""Polygon"",""coordinates"":[[[-111.92840170024643,33.55613984762178],[-111.92840170024643,33.54548505540939],[-111.91647793030225,33.54769521361385],[-111.91647793030225,33.55835035302383],[-111.92840170024643,33.55613984762178]]]}"
,PHOENIX,9739890971444772864,121888.29478195462,24188.116,202509,deployment,"{""type"":""Polygon"",""coordinates"":[[[-111.92840170024643,33.54548505540939],[-111.92840170024643,33.53482910256929],[-111.91647793030225,33.53703891323254],[-111.91647793030225,33.54769521361385],[-111.92840170024643,33.54548505540939]]]}"
,PHOENIX,9739891005804511232,23133.206206686264,3509.418,202509,deployment,"{""type"":""Polygon"",""coordinates"":[[[-111.94032543148008,33.543273648409034],[-111.94032543148008,33.532618043369965],[-111.92840170024643,33.53482910256929],[-111.92840170024643,33.54548505540939],[-111.94032543148008,33.543273648409034]]]}"
,PHOENIX,9739891040164249600,13701.778206485338,2314.881,202509,deployment,"{""type"":""Polygon"",""coordinates"":[[[-111.94032543148008,33.55392809316416],[-111.94032543148008,33.543273648409034],[-111.92840170024643,33.54548505540939],[-111.92840170024643,33.55613984762178],[-111.94032543148008,33.55392809316416]]]}"
,PHOENIX,9739891074523987968,3656.1217812770965,853.235,202509,deployment,"{""type"":""Polygon"",""coordinates"":[[[-111.9522491224878,33.55171508986264],[-111.9522491224878,33.54106099282449],[-111.94032543148008,33.543273648409034],[-111.94032543148008,33.55392809316416],[-111.9522491224878,33.55171508986264]]]}"
,PHOENIX,9739891143243464704,68928.12126858329,12205.794,202509,deployment,"{""type"":""Polygon"",""coordinates"":[[[-111.9522491224878,33.53040573584637],[-111.9522491224878,33.51974931977904],[-111.94032543148008,33.52196127889771],[-111.94032543148008,33.532618043369965],[-111.9522491224878,33.53040573584637]]]}"
,PHOENIX,9739891177603203072,67242.43041625856,12914.444,202509,deployment,"{""type"":""Polygon"",""coordinates"":[[[-111.94032543148008,33.532618043369965],[-111.94032543148008,33.52196127889771],[-111.92840170024643,33.5241719899522],[-111.92840170024643,33.53482910256929],[-111.94032543148008,33.532618043369965]]]}"
,PHOENIX,9739891211962941440,14828.25894349547,2243.103,202509,deployment,"{""type"":""Polygon"",""coordinates"":[[[-111.94032543148008,33.52196127889771],[-111.94032543148008,33.511303355843694],[-111.92840170024643,33.51351371840951],[-111.92840170024643,33.5241719899522],[-111.94032543148008,33.52196127889771]]]}"
,PHOENIX,9739891246322679808,29506.615244713008,4286.54,202509,deployment,"{""type"":""Polygon"",""coordinates"":[[[-111.9522491224878,33.51974931977904],[-111.9522491224878,33.50909174547394],[-111.94032543148008,33.511303355843694],[-111.94032543148008,33.52196127889771],[-111.9522491224878,33.51974931977904]]]}"
,PHOENIX,9739891280682418176,168876.3717494064,24671.079,202509,deployment,"{""type"":""Polygon"",""coordinates"":[[[-111.9522491224878,33.50909174547394],[-111.9522491224878,33.498433013783135],[-111.94032543148008,33.500644275059955],[-111.94032543148008,33.511303355843694],[-111.9522491224878,33.50909174547394]]]}"
,PHOENIX,9739891315042156544,135917.3438901745,20864.947,202509,deployment,"{""type"":""Polygon"",""coordinates"":[[[-111.9522491224878,33.498433013783135],[-111.9522491224878,33.48777312555937],[-111.94032543148008,33.48998403739921],[-111.94032543148008,33.500644275059955],[-111.9522491224878,33.498433013783135]]]}"
,PHOENIX,9739891349401894912,421158.7037357723,65106.861,202509,deployment,"{""type"":""Polygon"",""coordinates"":[[[-111.94032543148008,33.500644275059955],[-111.94032543148008,33.48998403739921],[-111.92840170024643,33.492193701956126],[-111.92840170024643,33.50285428879325],[-111.94032543148008,33.500644275059955]]]}"
,PHOENIX,9739891383761633280,160697.90484196087,25235.032,202509,deployment,"{""type"":""Polygon"",""coordinates"":[[[-111.94032543148008,33.511303355843694],[-111.94032543148008,33.500644275059955],[-111.92840170024643,33.50285428879325],[-111.92840170024643,33.51351371840951],[-111.94032543148008,33.511303355843694]]]}"
,PHOENIX,9739891418121371648,207424.5400893614,33521.874,202509,deployment,"{""type"":""Polygon"",""coordinates"":[[[-111.92840170024643,33.51351371840951],[-111.92840170024643,33.50285428879325],[-111.91647793030225,33.50506305477101],[-111.91647793030225,33.51572283295943],[-111.92840170024643,33.51351371840951]]]}"
,PHOENIX,9739891452481110016,203875.61150696618,41337.46,202509,deployment,"{""type"":""Polygon"",""coordinates"":[[[-111.91647793030225,33.51572283295943],[-111.91647793030225,33.50506305477101],[-111.90455412316315,33.50727057278177],[-111.90455412316315,33.51793069928209],[-111.91647793030225,33.51572283295943]]]}"
,PHOENIX,9739891486840848384,326021.79087705276,64008.066,202509,deployment,"{""type"":""Polygon"",""coordinates"":[[[-111.91647793030225,33.50506305477101],[-111.91647793030225,33.494402119018005],[-111.90455412316315,33.496609288373335],[-111.90455412316315,33.50727057278177],[-111.91647793030225,33.50506305477101]]]}"
,PHOENIX,9739891521200586752,552238.1806260163,86018.333,202509,deployment,"{""type"":""Polygon"",""coordinates"":[[[-111.92840170024643,33.50285428879325],[-111.92840170024643,33.492193701956126],[-111.91647793030225,33.494402119018005],[-111.91647793030225,33.50506305477101],[-111.92840170024643,33.50285428879325]]]}"
,PHOENIX,9739891555560325120,293834.88197811926,43750.248,202509,deployment,"{""type"":""Polygon"",""coordinates"":[[[-111.92840170024643,33.492193701956126],[-111.92840170024643,33.48153195875146],[-111.91647793030225,33.48374002655374],[-111.91647793030225,33.494402119018005],[-111.92840170024643,33.492193701956126]]]}"
,PHOENIX,9739891589920063488,346112.3358047952,65604.683,202509,deployment,"{""type"":""Polygon"",""coordinates"":[[[-111.91647793030225,33.494402119018005],[-111.91647793030225,33.48374002655374],[-111.90455412316315,33.48594684691009],[-111.90455412316315,33.496609288373335],[-111.91647793030225,33.494402119018005]]]}"
,PHOENIX,9739891624279801856,329419.32889925875,63482.861,202509,deployment,"{""type"":""Polygon"",""coordinates"":[[[-111.91647793030225,33.48374002655374],[-111.91647793030225,33.47307677823221],[-111.90455412316315,33.47528324924599],[-111.90455412316315,33.48594684691009],[-111.91647793030225,33.48374002655374]]]}"
,PHOENIX,9739891658639540224,282303.22935060685,45426.795,202509,deployment,"{""type"":""Polygon"",""coordinates"":[[[-111.92840170024643,33.48153195875146],[-111.92840170024643,33.47086906003329],[-111.91647793030225,33.47307677823221],[-111.91647793030225,33.48374002655374],[-111.92840170024643,33.48153195875146]]]}"
,PHOENIX,9739891692999278592,103411.84895227457,14268.872,202509,deployment,"{""type"":""Polygon"",""coordinates"":[[[-111.94032543148008,33.47932264371485],[-111.94032543148008,33.46866009486088],[-111.92840170024643,33.47086906003329],[-111.92840170024643,33.48153195875146],[-111.94032543148008,33.47932264371485]]]}"
,PHOENIX,9739891727359016960,160331.7131663109,24061.254,202509,deployment,"{""type"":""Polygon"",""coordinates"":[[[-111.94032543148008,33.48998403739921],[-111.94032543148008,33.47932264371485],[-111.92840170024643,33.48153195875146],[-111.92840170024643,33.492193701956126],[-111.94032543148008,33.48998403739921]]]}"
,PHOENIX,9739891761718755328,234408.68676239197,34467.384,202509,deployment,"{""type"":""Polygon"",""coordinates"":[[[-111.9522491224878,33.48777312555937],[-111.9522491224878,33.47711208165606],[-111.94032543148008,33.47932264371485],[-111.94032543148008,33.48998403739921],[-111.9522491224878,33.48777312555937]]]}"
,PHOENIX,9739891796078493696,162018.02039647076,26613.695,202509,deployment,"{""type"":""Polygon"",""coordinates"":[[[-111.9522491224878,33.47711208165606],[-111.9522491224878,33.46644988292723],[-111.94032543148008,33.46866009486088],[-111.94032543148008,33.47932264371485],[-111.9522491224878,33.47711208165606]]]}"
,PHOENIX,9739891830438232064,97402.70223637429,19516.414,202509,deployment,"{""type"":""Polygon"",""coordinates"":[[[-111.96417277175436,33.47490027278783],[-111.96417277175436,33.46423842444515],[-111.9522491224878,33.46644988292723],[-111.9522491224878,33.47711208165606],[-111.96417277175436,33.47490027278783]]]}"
,PHOENIX,9739891864797970432,101979.14790326513,12398.828,202509,deployment,"{""type"":""Polygon"",""coordinates"":[[[-111.96417277175436,33.48556096664927],[-111.96417277175436,33.47490027278783],[-111.9522491224878,33.47711208165606],[-111.9522491224878,33.48777312555937],[-111.96417277175436,33.48556096664927]]]}"
,PHOENIX,9739891899157708800,108235.98146456263,15387.794,202509,deployment,"{""type"":""Polygon"",""coordinates"":[[[-111.9760963777647,33.48334756088215],[-111.9760963777647,33.4726872173235],[-111.96417277175436,33.47490027278783],[-111.96417277175436,33.48556096664927],[-111.9760963777647,33.48334756088215]]]}"
,PHOENIX,9739891933517447168,208023.28825927267,41375.721,202509,deployment,"{""type"":""Polygon"",""coordinates"":[[[-111.9760963777647,33.4726872173235],[-111.9760963777647,33.46202571962802],[-111.96417277175436,33.46423842444515],[-111.96417277175436,33.47490027278783],[-111.9760963777647,33.4726872173235]]]}"
,PHOENIX,9739891967877185536,342507.46349426906,68009.321,202509,deployment,"{""type"":""Polygon"",""coordinates"":[[[-111.98801993900399,33.47047291547695],[-111.98801993900399,33.45981176868984],[-111.9760963777647,33.46202571962802],[-111.9760963777647,33.4726872173235],[-111.98801993900399,33.47047291547695]]]}"
,PHOENIX,9739892002236923904,228865.17278359664,39681.205,202509,deployment,"{""type"":""Polygon"",""coordinates"":[[[-111.99994345395754,33.46825736746266],[-111.99994345395756,33.45759657184514],[-111.98801993900399,33.45981176868984],[-111.98801993900399,33.47047291547695],[-111.99994345395754,33.46825736746266]]]}"
,PHOENIX,9739892036596662272,123664.46199790107,13698.468,202509,deployment,"{""type"":""Polygon"",""coordinates"":[[[-111.99994345395754,33.47891700963276],[-111.99994345395754,33.46825736746266],[-111.98801993900399,33.47047291547695],[-111.98801993900399,33.48113290847184],[-111.99994345395754,33.47891700963276]]]}"
,PHOENIX,9739892070956400640,247506.6554618726,43690.484,202509,deployment,"{""type"":""Polygon"",""coordinates"":[[[-111.98801993900399,33.48113290847184],[-111.98801993900399,33.47047291547695],[-111.9760963777647,33.4726872173235],[-111.9760963777647,33.48334756088215],[-111.98801993900399,33.48113290847184]]]}"
,PHOENIX,9739892105316139008,170519.8304790338,30823.043,202509,deployment,"{""type"":""Polygon"",""coordinates"":[[[-111.98801993900399,33.49179174682041],[-111.98801993900399,33.48113290847184],[-111.9760963777647,33.48334756088215],[-111.9760963777647,33.49400674944989],[-111.98801993900399,33.49179174682041]]]}"
,PHOENIX,9739892139675877376,142592.51377010113,17062.181,202509,deployment,"{""type"":""Polygon"",""coordinates"":[[[-111.99994345395756,33.48957549750127],[-111.99994345395754,33.47891700963276],[-111.98801993900399,33.48113290847184],[-111.98801993900399,33.49179174682041],[-111.99994345395756,33.48957549750127]]]}"
,PHOENIX,9739892174035615744,176962.80019035234,24787.606,202509,deployment,"{""type"":""Polygon"",""coordinates"":[[[-111.99994345395756,33.50023283021471],[-111.99994345395756,33.48957549750127],[-111.98801993900399,33.49179174682041],[-111.98801993900399,33.50244942966918],[-111.99994345395756,33.50023283021471]]]}"
,PHOENIX,9739892208395354112,230550.72275517337,41859.098,202509,deployment,"{""type"":""Polygon"",""coordinates"":[[[-111.98801993900399,33.50244942966918],[-111.98801993900399,33.49179174682041],[-111.9760963777647,33.49400674944989],[-111.9760963777647,33.50466478217328],[-111.98801993900399,33.50244942966918]]]}"
,PHOENIX,9739892242755092480,106854.76463833849,16213.172,202509,deployment,"{""type"":""Polygon"",""coordinates"":[[[-111.9760963777647,33.50466478217328],[-111.9760963777647,33.49400674944989],[-111.96417277175436,33.49622050517538],[-111.96417277175436,33.506878887512755],[-111.9760963777647,33.50466478217328]]]}"
,PHOENIX,9739892277114830848,98147.11362993075,14525.819,202509,deployment,"{""type"":""Polygon"",""coordinates"":[[[-111.9760963777647,33.49400674944989],[-111.9760963777647,33.48334756088215],[-111.96417277175436,33.48556096664927],[-111.96417277175436,33.49622050517538],[-111.9760963777647,33.49400674944989]]]}"
,PHOENIX,9739892311474569216,129841.69800129882,20448.993,202509,deployment,"{""type"":""Polygon"",""coordinates"":[[[-111.96417277175436,33.49622050517538],[-111.96417277175436,33.48556096664927],[-111.9522491224878,33.48777312555937],[-111.9522491224878,33.498433013783135],[-111.96417277175436,33.49622050517538]]]}"
,PHOENIX,9739892345834307584,122408.15086585932,18251.085,202509,deployment,"{""type"":""Polygon"",""coordinates"":[[[-111.96417277175436,33.506878887512755],[-111.96417277175436,33.49622050517538],[-111.9522491224878,33.498433013783135],[-111.9522491224878,33.50909174547394],[-111.96417277175436,33.506878887512755]]]}"
,PHOENIX,9739892414553784320,54321.75107444965,8244.825,202509,deployment,"{""type"":""Polygon"",""coordinates"":[[[-111.9760963777647,33.51532165819953],[-111.9760963777647,33.50466478217328],[-111.96417277175436,33.506878887512755],[-111.96417277175436,33.517536112808635],[-111.9760963777647,33.51532165819953]]]}"
,PHOENIX,9739892448913522688,31452.6319475319,4778.93,202509,deployment,"{""type"":""Polygon"",""coordinates"":[[[-111.9760963777647,33.525977376676515],[-111.9760963777647,33.51532165819953],[-111.96417277175436,33.517536112808635],[-111.96417277175436,33.5281921802109],[-111.9760963777647,33.525977376676515]]]}"
,PHOENIX,9739892483273261056,18891.465604899913,2090.238,202509,deployment,"{""type"":""Polygon"",""coordinates"":[[[-111.96417277175436,33.5281921802109],[-111.96417277175436,33.517536112808635],[-111.9522491224878,33.51974931977904],[-111.9522491224878,33.53040573584637],[-111.96417277175436,33.5281921802109]]]}"
,PHOENIX,9739892517632999424,62764.10534583757,12420.763,202509,deployment,"{""type"":""Polygon"",""coordinates"":[[[-111.96417277175436,33.53884708886811],[-111.96417277175436,33.5281921802109],[-111.9522491224878,33.53040573584637],[-111.9522491224878,33.54106099282449],[-111.96417277175436,33.53884708886811]]]}"
,PHOENIX,9739892586352476160,99285.38277195474,25214.269,202509,deployment,"{""type"":""Polygon"",""coordinates"":[[[-111.9760963777647,33.54728533757743],[-111.9760963777647,33.536631936752755],[-111.96417277175436,33.53884708886811],[-111.96417277175436,33.54950083792946],[-111.9760963777647,33.54728533757743]]]}"
,PHOENIX,9739892620712214528,166363.24199674765,35207.028,202509,deployment,"{""type"":""Polygon"",""coordinates"":[[[-111.9760963777647,33.536631936752755],[-111.9760963777647,33.525977376676515],[-111.96417277175436,33.5281921802109],[-111.96417277175436,33.53884708886811],[-111.9760963777647,33.536631936752755]]]}"
,PHOENIX,9739892655071952896,54980.01616934026,15337.6,202509,deployment,"{""type"":""Polygon"",""coordinates"":[[[-111.98801993900399,33.53441553669191],[-111.98801993900399,33.52376132545676],[-111.9760963777647,33.525977376676515],[-111.9760963777647,33.536631936752755],[-111.98801993900399,33.53441553669191]]]}"
,PHOENIX,9739892723791429632,5291.6222074120615,1856.254,202509,deployment,"{""type"":""Polygon"",""coordinates"":[[[-111.99994345395754,33.542850592471005],[-111.99994345395756,33.53219788889961],[-111.98801993900399,33.53441553669191],[-111.98801993900399,33.54506858901995],[-111.99994345395754,33.542850592471005]]]}"
,PHOENIX,9739892792510906368,19002.44254409901,2981.843,202509,deployment,"{""type"":""Polygon"",""coordinates"":[[[-111.99994345395756,33.52154402676574],[-111.99994345395756,33.51088900692027],[-111.98801993900399,33.51310595616535],[-111.98801993900399,33.52376132545676],[-111.99994345395756,33.52154402676574]]]}"
,PHOENIX,9739892826870644736,184920.77940653957,34715.138,202509,deployment,"{""type"":""Polygon"",""coordinates"":[[[-111.98801993900399,33.52376132545676],[-111.98801993900399,33.51310595616535],[-111.9760963777647,33.51532165819953],[-111.9760963777647,33.525977376676515],[-111.98801993900399,33.52376132545676]]]}"
,PHOENIX,9739892861230383104,260184.72966681293,45493.732,202509,deployment,"{""type"":""Polygon"",""coordinates"":[[[-111.98801993900399,33.51310595616535],[-111.98801993900399,33.50244942966918],[-111.9760963777647,33.50466478217328],[-111.9760963777647,33.51532165819953],[-111.98801993900399,33.51310595616535]]]}"
,PHOENIX,9739892895590121472,185283.15815166503,28342.313,202509,deployment,"{""type"":""Polygon"",""coordinates"":[[[-111.99994345395756,33.51088900692027],[-111.99994345395756,33.50023283021471],[-111.98801993900399,33.50244942966918],[-111.98801993900399,33.51310595616535],[-111.99994345395756,33.51088900692027]]]}"
,PHOENIX,9739892929949859840,93077.22275530633,14561.946,202509,deployment,"{""type"":""Polygon"",""coordinates"":[[[-112.0118669211109,33.50867081067907],[-112.0118669211109,33.49801498402474],[-111.99994345395756,33.50023283021471],[-111.99994345395756,33.51088900692027],[-112.0118669211109,33.50867081067907]]]}"
,PHOENIX,9739892964309598208,118779.63764360161,21964.898,202509,deployment,"{""type"":""Polygon"",""coordinates"":[[[-112.02379033894974,33.50645136765708],[-112.02379033894974,33.49579589131466],[-112.0118669211109,33.49801498402474],[-112.0118669211109,33.50867081067907],[-112.02379033894974,33.50645136765708]]]}"
,PHOENIX,9739892998669336576,166005.41126386676,32275.822,202509,deployment,"{""type"":""Polygon"",""coordinates"":[[[-112.02379033894974,33.5171056878293],[-112.02379033894974,33.50645136765708],[-112.0118669211109,33.50867081067907],[-112.0118669211109,33.51932548081816],[-112.02379033894974,33.5171056878293]]]}"
,PHOENIX,9739893033029074944,79273.19371061304,13498.84,202509,deployment,"{""type"":""Polygon"",""coordinates"":[[[-112.0118669211109,33.51932548081816],[-112.0118669211109,33.50867081067907],[-111.99994345395756,33.51088900692027],[-111.99994345395756,33.52154402676574],[-112.0118669211109,33.51932548081816]]]}"
,PHOENIX,9739893067388813312,13611.42364530956,3523.547,202509,deployment,"{""type"":""Polygon"",""coordinates"":[[[-112.0118669211109,33.52997899359049],[-112.0118669211109,33.51932548081816],[-111.99994345395756,33.52154402676574],[-111.99994345395756,33.53219788889961],[-112.0118669211109,33.52997899359049]]]}"
,PHOENIX,9739893101748551680,44161.062163012844,12326.388,202509,deployment,"{""type"":""Polygon"",""coordinates"":[[[-112.0118669211109,33.54063134814514],[-112.0118669211109,33.52997899359049],[-111.99994345395756,33.53219788889961],[-111.99994345395754,33.542850592471005],[-112.0118669211109,33.54063134814514]]]}"
,PHOENIX,9739893136108290048,65226.96761203346,17132.873,202509,deployment,"{""type"":""Polygon"",""coordinates"":[[[-112.02379033894974,33.53841085625749],[-112.02379033894974,33.527758850979744],[-112.0118669211109,33.52997899359049],[-112.0118669211109,33.54063134814514],[-112.02379033894974,33.53841085625749]]]}"
,PHOENIX,9739893170468028416,42839.98859526331,11033.779,202509,deployment,"{""type"":""Polygon"",""coordinates"":[[[-112.02379033894974,33.527758850979744],[-112.02379033894974,33.5171056878293],[-112.0118669211109,33.51932548081816],[-112.0118669211109,33.52997899359049],[-112.02379033894974,33.527758850979744]]]}"
,PHOENIX,9739893204827766784,92231.81293372573,17349.115,202509,deployment,"{""type"":""Polygon"",""coordinates"":[[[-112.03571370595999,33.525537461283164],[-112.03571370595999,33.51488464801501],[-112.02379033894974,33.5171056878293],[-112.02379033894974,33.527758850979744],[-112.03571370595999,33.525537461283164]]]}"
,PHOENIX,9739893239187505152,60982.309563311515,15373.73,202509,deployment,"{""type"":""Polygon"",""coordinates"":[[[-112.03571370595999,33.536189117023774],[-112.03571370595999,33.525537461283164],[-112.02379033894974,33.527758850979744],[-112.02379033894974,33.53841085625749],[-112.03571370595999,33.536189117023774]]]}"
,PHOENIX,9739893273547243520,47886.62065171556,10698.619,202509,deployment,"{""type"":""Polygon"",""coordinates"":[[[-112.04763702062775,33.533966130660254],[-112.04763702062775,33.523314824717104],[-112.03571370595999,33.525537461283164],[-112.03571370595999,33.536189117023774],[-112.04763702062775,33.533966130660254]]]}"
,PHOENIX,9739893307906981888,113259.81933523837,22299.354,202509,deployment,"{""type"":""Polygon"",""coordinates"":[[[-112.04763702062775,33.523314824717104],[-112.04763702062775,33.51266236159172],[-112.03571370595999,33.51488464801501],[-112.03571370595999,33.525537461283164],[-112.04763702062775,33.523314824717104]]]}"
,PHOENIX,9739893342266720256,201022.1410311792,35676.794,202509,deployment,"{""type"":""Polygon"",""coordinates"":[[[-112.04763702062775,33.51266236159172],[-112.04763702062775,33.50200874213507],[-112.03571370595999,33.50423067807025],[-112.03571370595999,33.51488464801501],[-112.04763702062775,33.51266236159172]]]}"
,PHOENIX,9739893376626458624,187284.3244767945,32242.346,202509,deployment,"{""type"":""Polygon"",""coordinates"":[[[-112.03571370595999,33.51488464801501],[-112.03571370595999,33.50423067807025],[-112.02379033894974,33.50645136765708],[-112.02379033894974,33.5171056878293],[-112.03571370595999,33.51488464801501]]]}"
,PHOENIX,9739893410986196992,166703.3269561356,24279.645,202509,deployment,"{""type"":""Polygon"",""coordinates"":[[[-112.03571370595999,33.50423067807025],[-112.03571370595999,33.49357555230048],[-112.02379033894974,33.49579589131466],[-112.02379033894974,33.50645136765708],[-112.03571370595999,33.50423067807025]]]}"
,PHOENIX,9739893445345935360,170170.95331514016,21159.061,202509,deployment,"{""type"":""Polygon"",""coordinates"":[[[-112.04763702062775,33.50200874213507],[-112.04763702062775,33.49135396719877],[-112.03571370595999,33.49357555230048],[-112.03571370595999,33.50423067807025],[-112.04763702062775,33.50200874213507]]]}"
,PHOENIX,9739893479705673728,166287.15459016137,30859.404,202509,deployment,"{""type"":""Polygon"",""coordinates"":[[[-112.04763702062775,33.49135396719877],[-112.04763702062775,33.48069803763509],[-112.03571370595999,33.48291927155795],[-112.03571370595999,33.49357555230048],[-112.04763702062775,33.49135396719877]]]}"
,PHOENIX,9739893514065412096,141619.43744841416,21349.106,202509,deployment,"{""type"":""Polygon"",""coordinates"":[[[-112.04763702062775,33.48069803763509],[-112.04763702062775,33.47004095429698],[-112.03571370595999,33.47226183669556],[-112.03571370595999,33.48291927155795],[-112.04763702062775,33.48069803763509]]]}"
,PHOENIX,9739893548425150464,151600.1774789849,26639.489,202509,deployment,"{""type"":""Polygon"",""coordinates"":[[[-112.03571370595999,33.48291927155795],[-112.03571370595999,33.47226183669556],[-112.02379033894974,33.47448147352876],[-112.02379033894974,33.48513925965426],[-112.03571370595999,33.48291927155795]]]}"
,PHOENIX,9739893582784888832,190210.81811435308,33041.624,202509,deployment,"{""type"":""Polygon"",""coordinates"":[[[-112.03571370595999,33.49357555230048],[-112.03571370595999,33.48291927155795],[-112.02379033894974,33.48513925965426],[-112.02379033894974,33.49579589131466],[-112.03571370595999,33.49357555230048]]]}"
,PHOENIX,9739893617144627200,265546.05117030843,41649.27,202509,deployment,"{""type"":""Polygon"",""coordinates"":[[[-112.02379033894974,33.49579589131466],[-112.02379033894974,33.48513925965426],[-112.0118669211109,33.48735800170739],[-112.0118669211109,33.49801498402474],[-112.02379033894974,33.49579589131466]]]}"
,PHOENIX,9739893651504365568,148436.82517008085,21296.265,202509,deployment,"{""type"":""Polygon"",""coordinates"":[[[-112.0118669211109,33.49801498402474],[-112.0118669211109,33.48735800170739],[-111.99994345395756,33.48957549750127],[-111.99994345395756,33.50023283021471],[-112.0118669211109,33.49801498402474]]]}"
,PHOENIX,9739893685864103936,122304.82231291218,18331.12,202509,deployment,"{""type"":""Polygon"",""coordinates"":[[[-112.0118669211109,33.48735800170739],[-112.0118669211109,33.47669986457988],[-111.99994345395754,33.47891700963276],[-111.99994345395756,33.48957549750127],[-112.0118669211109,33.48735800170739]]]}"
,PHOENIX,9739893720223842304,180696.16882703305,28459.54,202509,deployment,"{""type"":""Polygon"",""coordinates"":[[[-112.02379033894974,33.48513925965426],[-112.02379033894974,33.47448147352876],[-112.0118669211109,33.47669986457988],[-112.0118669211109,33.48735800170739],[-112.02379033894974,33.48513925965426]]]}"
,PHOENIX,9739893754583580672,217712.38728671466,38300.265,202509,deployment,"{""type"":""Polygon"",""coordinates"":[[[-112.02379033894974,33.47448147352876],[-112.02379033894974,33.4638225337917],[-112.0118669211109,33.46604057349571],[-112.0118669211109,33.47669986457988],[-112.02379033894974,33.47448147352876]]]}"
,PHOENIX,9739893788943319040,43399.472026436146,6837.252,202509,deployment,"{""type"":""Polygon"",""coordinates"":[[[-112.0118669211109,33.47669986457988],[-112.0118669211109,33.46604057349571],[-111.99994345395754,33.46825736746266],[-111.99994345395754,33.47891700963276],[-112.0118669211109,33.47669986457988]]]}"
,PHOENIX,9739893823303057408,144494.9699222,28811.782,202509,deployment,"{""type"":""Polygon"",""coordinates"":[[[-112.0118669211109,33.46604057349571],[-112.0118669211109,33.45538012930904],[-111.99994345395756,33.45759657184514],[-111.99994345395754,33.46825736746266],[-112.0118669211109,33.46604057349571]]]}"
,PHOENIX,9739893857662795776,147762.34192124626,26648.141,202509,deployment,"{""type"":""Polygon"",""coordinates"":[[[-112.02379033894974,33.4638225337917],[-112.02379033894974,33.453162441297266],[-112.0118669211109,33.45538012930904],[-112.0118669211109,33.46604057349571],[-112.02379033894974,33.4638225337917]]]}"
,PHOENIX,9739893892022534144,147240.83357132287,34607.02,202509,deployment,"{""type"":""Polygon"",""coordinates"":[[[-112.03571370595999,33.46160324856687],[-112.03571370595999,33.45094350802608],[-112.02379033894974,33.453162441297266],[-112.02379033894974,33.4638225337917],[-112.03571370595999,33.46160324856687]]]}"
,PHOENIX,9739893926382272512,212183.14777653004,42076.847,202509,deployment,"{""type"":""Polygon"",""coordinates"":[[[-112.03571370595999,33.47226183669556],[-112.03571370595999,33.46160324856687],[-112.02379033894974,33.4638225337917],[-112.02379033894974,33.47448147352876],[-112.03571370595999,33.47226183669556]]]}"
,PHOENIX,9739893960742010880,166464.99388886988,31139.521,202509,deployment,"{""type"":""Polygon"",""coordinates"":[[[-112.04763702062775,33.47004095429698],[-112.04763702062775,33.45938271803798],[-112.03571370595999,33.46160324856687],[-112.03571370595999,33.47226183669556],[-112.04763702062775,33.47004095429698]]]}"
,PHOENIX,9739893995101749248,273385.80267910264,53555.509,202509,deployment,"{""type"":""Polygon"",""coordinates"":[[[-112.04763702062775,33.45938271803798],[-112.04763702062775,33.44872332971235],[-112.03571370595999,33.45094350802608],[-112.03571370595999,33.46160324856687],[-112.04763702062775,33.45938271803798]]]}"
,PHOENIX,9739894029461487616,335448.3338941784,55117.637,202509,deployment,"{""type"":""Polygon"",""coordinates"":[[[-112.04763702062775,33.44872332971235],[-112.04763702062775,33.438062790174975],[-112.03571370595999,33.44028261592807],[-112.03571370595999,33.45094350802608],[-112.04763702062775,33.44872332971235]]]}"
,PHOENIX,9739894063821225984,511260.6650968338,101747.792,202509,deployment,"{""type"":""Polygon"",""coordinates"":[[[-112.03571370595999,33.45094350802608],[-112.03571370595999,33.44028261592807],[-112.02379033894974,33.44250119690029],[-112.02379033894974,33.453162441297266],[-112.03571370595999,33.45094350802608]]]}"
,PHOENIX,9739894098180964352,350305.7968589308,81178.501,202509,deployment,"{""type"":""Polygon"",""coordinates"":[[[-112.03571370595999,33.44028261592807],[-112.03571370595999,33.42962057312834],[-112.02379033894974,33.431838801456266],[-112.02379033894974,33.44250119690029],[-112.03571370595999,33.44028261592807]]]}"
,PHOENIX,9739894132540702720,113339.2362288565,17999.678,202509,deployment,"{""type"":""Polygon"",""coordinates"":[[[-112.04763702062775,33.438062790174975],[-112.04763702062775,33.42740110028139],[-112.03571370595999,33.42962057312834],[-112.03571370595999,33.44028261592807],[-112.04763702062775,33.438062790174975]]]}"
,PHOENIX,9739894166900441088,46033.37099977957,10330.947,202509,deployment,"{""type"":""Polygon"",""coordinates"":[[[-112.04763702062775,33.42740110028139],[-112.04763702062775,33.41673826088777],[-112.03571370595999,33.41895738048308],[-112.03571370595999,33.42962057312834],[-112.04763702062775,33.42740110028139]]]}"
,PHOENIX,9739894201260179456,123590.70429647765,25533.085,202509,deployment,"{""type"":""Polygon"",""coordinates"":[[[-112.04763702062775,33.41673826088777],[-112.04763702062775,33.40607427285097],[-112.03571370595999,33.40829303884908],[-112.03571370595999,33.41895738048308],[-112.04763702062775,33.41673826088777]]]}"
,PHOENIX,9739894235619917824,69371.26028500672,16643.858,202509,deployment,"{""type"":""Polygon"",""coordinates"":[[[-112.03571370595999,33.41895738048308],[-112.03571370595999,33.40829303884908],[-112.02379033894974,33.410510560852344],[-112.02379033894974,33.421175255821346],[-112.03571370595999,33.41895738048308]]]}"
,PHOENIX,9739894269979656192,82395.36517796584,20695.97,202509,deployment,"{""type"":""Polygon"",""coordinates"":[[[-112.03571370595999,33.42962057312834],[-112.03571370595999,33.41895738048308],[-112.02379033894974,33.421175255821346],[-112.02379033894974,33.431838801456266],[-112.03571370595999,33.42962057312834]]]}"
,PHOENIX,9739894304339394560,322.15773346011895,97.207,202509,deployment,"{""type"":""Polygon"",""coordinates"":[[[-112.02379033894974,33.431838801456266],[-112.02379033894974,33.421175255821346],[-112.0118669211109,33.42339188668554],[-112.0118669211109,33.43405578504816],[-112.02379033894974,33.431838801456266]]]}"
,PHOENIX,9739894338699132928,2193.2238716023517,656.833,202509,deployment,"{""type"":""Polygon"",""coordinates"":[[[-112.02379033894974,33.421175255821346],[-112.02379033894974,33.410510560852344],[-112.0118669211109,33.41272683864362],[-112.0118669211109,33.42339188668554],[-112.02379033894974,33.421175255821346]]]}"
,PHOENIX,9739894373058871296,49462.15308650888,10724.661,202509,deployment,"{""type"":""Polygon"",""coordinates"":[[[-112.0118669211109,33.42339188668554],[-112.0118669211109,33.41272683864362],[-111.99994345395754,33.414941872006345],[-111.99994345395756,33.425607272859146],[-112.0118669211109,33.42339188668554]]]}"
,PHOENIX,9739894407418609664,140331.80615728066,35122.108,202509,deployment,"{""type"":""Polygon"",""coordinates"":[[[-112.0118669211109,33.43405578504816],[-112.0118669211109,33.42339188668554],[-111.99994345395756,33.425607272859146],[-111.99994345395756,33.4362715236876],[-112.0118669211109,33.43405578504816]]]}"
,PHOENIX,9739894441778348032,294996.2728089764,76188.484,202509,deployment,"{""type"":""Polygon"",""coordinates"":[[[-112.0118669211109,33.4447185328747],[-112.0118669211109,33.43405578504816],[-111.99994345395756,33.4362715236876],[-111.99994345395754,33.44693462363497],[-112.0118669211109,33.4447185328747]]]}"
,PHOENIX,9739894476138086400,303691.3471185154,76213.347,202509,deployment,"{""type"":""Polygon"",""coordinates"":[[[-112.02379033894974,33.44250119690029],[-112.02379033894974,33.431838801456266],[-112.0118669211109,33.43405578504816],[-112.0118669211109,33.4447185328747],[-112.02379033894974,33.44250119690029]]]}"
,PHOENIX,9739894510497824768,472663.65455085394,73424.267,202509,deployment,"{""type"":""Polygon"",""coordinates"":[[[-112.02379033894974,33.453162441297266],[-112.02379033894974,33.44250119690029],[-112.0118669211109,33.4447185328747],[-112.0118669211109,33.45538012930904],[-112.02379033894974,33.453162441297266]]]}"
,PHOENIX,9739894544857563136,386432.9779225671,52216.106,202509,deployment,"{""type"":""Polygon"",""coordinates"":[[[-112.0118669211109,33.45538012930904],[-112.0118669211109,33.4447185328747],[-111.99994345395754,33.44693462363497],[-111.99994345395756,33.45759657184514],[-112.0118669211109,33.45538012930904]]]}"
,PHOENIX,9739894579217301504,423617.9623929247,69177.312,202509,deployment,"{""type"":""Polygon"",""coordinates"":[[[-111.99994345395756,33.45759657184514],[-111.99994345395754,33.44693462363497],[-111.98801993900399,33.449149468965295],[-111.98801993900399,33.45981176868984],[-111.99994345395756,33.45759657184514]]]}"
,PHOENIX,9739894613577039872,223799.06989465814,34481.086,202509,deployment,"{""type"":""Polygon"",""coordinates"":[[[-111.99994345395754,33.44693462363497],[-111.99994345395756,33.4362715236876],[-111.98801993900399,33.43848601715874],[-111.98801993900399,33.449149468965295],[-111.99994345395754,33.44693462363497]]]}"
,PHOENIX,9739894647936778240,536057.6717530716,88467.004,202509,deployment,"{""type"":""Polygon"",""coordinates"":[[[-111.98801993900399,33.449149468965295],[-111.98801993900399,33.43848601715874],[-111.9760963777647,33.4406992652463],[-111.9760963777647,33.451363068650494],[-111.98801993900399,33.449149468965295]]]}"
,PHOENIX,9739894682296516608,402797.92569991155,69360.62,202509,deployment,"{""type"":""Polygon"",""coordinates"":[[[-111.98801993900399,33.45981176868984],[-111.98801993900399,33.449149468965295],[-111.9760963777647,33.451363068650494],[-111.9760963777647,33.46202571962802],[-111.98801993900399,33.45981176868984]]]}"
,PHOENIX,9739894716656254976,65879.59066532255,11497.136,202509,deployment,"{""type"":""Polygon"",""coordinates"":[[[-111.9760963777647,33.46202571962802],[-111.9760963777647,33.451363068650494],[-111.96417277175436,33.45357542247594],[-111.96417277175436,33.46423842444515],[-111.9760963777647,33.46202571962802]]]}"
,PHOENIX,9739894751015993344,66070.06906011101,13693.206,202509,deployment,"{""type"":""Polygon"",""coordinates"":[[[-111.96417277175436,33.46423842444515],[-111.96417277175436,33.45357542247594],[-111.9522491224878,33.4557865302276],[-111.9522491224878,33.46644988292723],[-111.96417277175436,33.46423842444515]]]}"
,PHOENIX,9739894785375731712,404078.5097270657,55942.354,202509,deployment,"{""type"":""Polygon"",""coordinates"":[[[-111.96417277175436,33.45357542247594],[-111.96417277175436,33.44291126773559],[-111.9522491224878,33.44512202441251],[-111.9522491224878,33.4557865302276],[-111.96417277175436,33.45357542247594]]]}"
,PHOENIX,9739894819735470080,348294.98728372063,46060.307,202509,deployment,"{""type"":""Polygon"",""coordinates"":[[[-111.9760963777647,33.451363068650494],[-111.9760963777647,33.4406992652463],[-111.96417277175436,33.44291126773559],[-111.96417277175436,33.45357542247594],[-111.9760963777647,33.451363068650494]]]}"
,PHOENIX,9739894888454946816,272289.99481602584,32302.384,202509,deployment,"{""type"":""Polygon"",""coordinates"":[[[-111.96417277175436,33.44291126773559],[-111.96417277175436,33.43224596108014],[-111.9522491224878,33.43445636633799],[-111.9522491224878,33.44512202441251],[-111.96417277175436,33.44291126773559]]]}"
,PHOENIX,9739894922814685184,283728.5969337107,39616.963,202509,deployment,"{""type"":""Polygon"",""coordinates"":[[[-111.96417277175436,33.43224596108014],[-111.96417277175436,33.42157950336627],[-111.9522491224878,33.423789556860704],[-111.9522491224878,33.43445636633799],[-111.96417277175436,33.43224596108014]]]}"
,PHOENIX,9739894957174423552,177439.34442418074,31337.751,202509,deployment,"{""type"":""Polygon"",""coordinates"":[[[-111.9760963777647,33.4300343102715],[-111.9760963777647,33.419368204582796],[-111.96417277175436,33.42157950336627],[-111.96417277175436,33.43224596108014],[-111.9760963777647,33.4300343102715]]]}"
,PHOENIX,9739894991534161920,247126.48827843944,50378.183,202509,deployment,"{""type"":""Polygon"",""coordinates"":[[[-111.98801993900399,33.42782141412624],[-111.98801993900399,33.417155660724546],[-111.9760963777647,33.419368204582796],[-111.9760963777647,33.4300343102715],[-111.98801993900399,33.42782141412624]]]}"
,PHOENIX,9739895025893900288,258648.1539910076,55428.736,202509,deployment,"{""type"":""Polygon"",""coordinates"":[[[-111.98801993900399,33.43848601715874],[-111.98801993900399,33.42782141412624],[-111.9760963777647,33.4300343102715],[-111.9760963777647,33.4406992652463],[-111.98801993900399,33.43848601715874]]]}"
,PHOENIX,9739895060253638656,259283.90879721157,67798.622,202509,deployment,"{""type"":""Polygon"",""coordinates"":[[[-111.99994345395756,33.4362715236876],[-111.99994345395756,33.425607272859146],[-111.98801993900399,33.42782141412624],[-111.98801993900399,33.43848601715874],[-111.99994345395756,33.4362715236876]]]}"
,PHOENIX,9739895094613377024,78281.99313950277,15507.713,202509,deployment,"{""type"":""Polygon"",""coordinates"":[[[-111.99994345395756,33.425607272859146],[-111.99994345395754,33.414941872006345],[-111.98801993900399,33.417155660724546],[-111.98801993900399,33.42782141412624],[-111.99994345395756,33.425607272859146]]]}"
,PHOENIX,9739895128973115392,102774.04162919852,30743.095,202509,deployment,"{""type"":""Polygon"",""coordinates"":[[[-111.99994345395754,33.414941872006345],[-111.99994345395756,33.40427532198662],[-111.98801993900399,33.40648875781104],[-111.98801993900399,33.417155660724546],[-111.99994345395754,33.414941872006345]]]}"
,PHOENIX,9739895163332853760,56448.63416128192,11739.686,202509,deployment,"{""type"":""Polygon"",""coordinates"":[[[-111.99994345395756,33.40427532198662],[-111.99994345395756,33.393607623658035],[-111.98801993900399,33.39582070624375],[-111.98801993900399,33.40648875781104],[-111.99994345395756,33.40427532198662]]]}"
,PHOENIX,9739895197692592128,109541.25256268516,31213.917,202509,deployment,"{""type"":""Polygon"",""coordinates"":[[[-111.98801993900399,33.40648875781104],[-111.98801993900399,33.39582070624375],[-111.9760963777647,33.39803254449382],[-111.9760963777647,33.40870094903757],[-111.98801993900399,33.40648875781104]]]}"
,PHOENIX,9739895232052330496,32445.56119072492,11703.673,202509,deployment,"{""type"":""Polygon"",""coordinates"":[[[-111.98801993900399,33.417155660724546],[-111.98801993900399,33.40648875781104],[-111.9760963777647,33.40870094903757],[-111.9760963777647,33.419368204582796],[-111.98801993900399,33.417155660724546]]]}"
,PHOENIX,9739895266412068864,58964.989946535105,16457.532,202509,deployment,"{""type"":""Polygon"",""coordinates"":[[[-111.9760963777647,33.419368204582796],[-111.9760963777647,33.40870094903757],[-111.96417277175436,33.410911895451314],[-111.96417277175436,33.42157950336627],[-111.9760963777647,33.419368204582796]]]}"
,PHOENIX,9739895300771807232,343848.95167281386,48563.617,202509,deployment,"{""type"":""Polygon"",""coordinates"":[[[-111.96417277175436,33.42157950336627],[-111.96417277175436,33.410911895451314],[-111.9522491224878,33.41312159683796],[-111.9522491224878,33.423789556860704],[-111.96417277175436,33.42157950336627]]]}"
,PHOENIX,9739895335131545600,305876.8964213881,57266.794,202509,deployment,"{""type"":""Polygon"",""coordinates"":[[[-111.96417277175436,33.410911895451314],[-111.96417277175436,33.40024313819328],[-111.9522491224878,33.40245248712773],[-111.9522491224878,33.41312159683796],[-111.96417277175436,33.410911895451314]]]}"
,PHOENIX,9739895369491283968,93917.82253101074,32950.654,202509,deployment,"{""type"":""Polygon"",""coordinates"":[[[-111.9760963777647,33.40870094903757],[-111.9760963777647,33.39803254449382],[-111.96417277175436,33.40024313819328],[-111.96417277175436,33.410911895451314],[-111.9760963777647,33.40870094903757]]]}"
,PHOENIX,9739895403851022336,318312.56027450954,31663.441,202509,deployment,"{""type"":""Polygon"",""coordinates"":[[[-111.9760963777647,33.39803254449382],[-111.9760963777647,33.38736299181024],[-111.96417277175436,33.38957323245082],[-111.96417277175436,33.40024313819328],[-111.9760963777647,33.39803254449382]]]}"
,PHOENIX,9739895438210760704,329807.5915085772,38905.809,202509,deployment,"{""type"":""Polygon"",""coordinates"":[[[-111.96417277175436,33.40024313819328],[-111.96417277175436,33.38957323245082],[-111.9522491224878,33.39178222858866],[-111.9522491224878,33.40245248712773],[-111.96417277175436,33.40024313819328]]]}"
,PHOENIX,9739895472570499072,201609.8114703004,33003.707,202509,deployment,"{""type"":""Polygon"",""coordinates"":[[[-111.96417277175436,33.38957323245082],[-111.96417277175436,33.37890217908323],[-111.9522491224878,33.38111082208001],[-111.9522491224878,33.39178222858866],[-111.96417277175436,33.38957323245082]]]}"
,PHOENIX,9739895506930237440,17145.844463433023,5142.863,202509,deployment,"{""type"":""Polygon"",""coordinates"":[[[-111.9760963777647,33.38736299181024],[-111.9760963777647,33.37669229184612],[-111.96417277175436,33.37890217908323],[-111.96417277175436,33.38957323245082],[-111.9760963777647,33.38736299181024]]]}"
,PHOENIX,9739895541289975808,13333.590930816763,4222.294,202509,deployment,"{""type"":""Polygon"",""coordinates"":[[[-111.98801993900399,33.38515150688138],[-111.98801993900399,33.37448116058326],[-111.9760963777647,33.37669229184612],[-111.9760963777647,33.38736299181024],[-111.98801993900399,33.38515150688138]]]}"
,PHOENIX,9739895575649714176,160493.83332524952,19283.281,202509,deployment,"{""type"":""Polygon"",""coordinates"":[[[-111.98801993900399,33.39582070624375],[-111.98801993900399,33.38515150688138],[-111.9760963777647,33.38736299181024],[-111.9760963777647,33.39803254449382],[-111.98801993900399,33.39582070624375]]]}"
,PHOENIX,9739895610009452544,130997.90475128799,12476.553,202509,deployment,"{""type"":""Polygon"",""coordinates"":[[[-111.99994345395756,33.393607623658035],[-111.99994345395756,33.38293877787928],[-111.98801993900399,33.38515150688138],[-111.98801993900399,33.39582070624375],[-111.99994345395756,33.393607623658035]]]}"
,PHOENIX,9739895644369190912,6261.820178319419,1131.565,202509,deployment,"{""type"":""Polygon"",""coordinates"":[[[-111.99994345395756,33.38293877787928],[-111.99994345395756,33.37226878550974],[-111.98801993900399,33.37448116058326],[-111.98801993900399,33.38515150688138],[-111.99994345395756,33.38293877787928]]]}"
,PHOENIX,9739895678728929280,28.896436847293085,6.922,202509,deployment,"{""type"":""Polygon"",""coordinates"":[[[-112.0118669211109,33.38072480501958],[-112.0118669211109,33.37005516684127],[-111.99994345395756,33.37226878550974],[-111.99994345395756,33.38293877787928],[-112.0118669211109,33.38072480501958]]]}"
,PHOENIX,9739895713088667648,24.636469944890933,6.922,202509,deployment,"{""type"":""Polygon"",""coordinates"":[[[-112.02379033894974,33.37850958851848],[-112.02379033894974,33.367840304794115],[-112.0118669211109,33.37005516684127],[-112.0118669211109,33.38072480501958],[-112.02379033894974,33.37850958851848]]]}"
,PHOENIX,9739895747448406016,6752.093565473872,685.766,202509,deployment,"{""type"":""Polygon"",""coordinates"":[[[-112.02379033894974,33.38917772634247],[-112.02379033894974,33.37850958851848],[-112.0118669211109,33.38072480501958],[-112.0118669211109,33.39139329695223],[-112.02379033894974,33.38917772634247]]]}"
,PHOENIX,9739895781808144384,45479.05646452875,3054.24,202509,deployment,"{""type"":""Polygon"",""coordinates"":[[[-112.0118669211109,33.39139329695223],[-112.0118669211109,33.38072480501958],[-111.99994345395756,33.38293877787928],[-111.99994345395756,33.393607623658035],[-112.0118669211109,33.39139329695223]]]}"
,PHOENIX,9739895816167882752,65013.30309035112,6132.158,202509,deployment,"{""type"":""Polygon"",""coordinates"":[[[-112.0118669211109,33.40206064177982],[-112.0118669211109,33.39139329695223],[-111.99994345395756,33.393607623658035],[-111.99994345395756,33.40427532198662],[-112.0118669211109,33.40206064177982]]]}"
,PHOENIX,9739895850527621120,88205.8849821021,27702.902,202509,deployment,"{""type"":""Polygon"",""coordinates"":[[[-112.0118669211109,33.41272683864362],[-112.0118669211109,33.40206064177982],[-111.99994345395756,33.40427532198662],[-111.99994345395754,33.414941872006345],[-112.0118669211109,33.41272683864362]]]}"
,PHOENIX,9739895884887359488,117794.37328061428,32292.088,202509,deployment,"{""type"":""Polygon"",""coordinates"":[[[-112.02379033894974,33.410510560852344],[-112.02379033894974,33.39984471740667],[-112.0118669211109,33.40206064177982],[-112.0118669211109,33.41272683864362],[-112.02379033894974,33.410510560852344]]]}"
,PHOENIX,9739895919247097856,122028.26981546271,9313.065,202509,deployment,"{""type"":""Polygon"",""coordinates"":[[[-112.02379033894974,33.39984471740667],[-112.02379033894974,33.38917772634247],[-112.0118669211109,33.39139329695223],[-112.0118669211109,33.40206064177982],[-112.02379033894974,33.39984471740667]]]}"
,PHOENIX,9739895953606836224,111221.64671012605,10165.189,202509,deployment,"{""type"":""Polygon"",""coordinates"":[[[-112.03571370595999,33.39762754908383],[-112.03571370595999,33.386960912045474],[-112.02379033894974,33.38917772634247],[-112.02379033894974,33.39984471740667],[-112.03571370595999,33.39762754908383]]]}"
,PHOENIX,9739895987966574592,135037.35424863923,39978.235,202509,deployment,"{""type"":""Polygon"",""coordinates"":[[[-112.03571370595999,33.40829303884908],[-112.03571370595999,33.39762754908383],[-112.02379033894974,33.39984471740667],[-112.02379033894974,33.410510560852344],[-112.03571370595999,33.40829303884908]]]}"
,PHOENIX,9739896022326312960,121710.81232442081,25713.154,202509,deployment,"{""type"":""Polygon"",""coordinates"":[[[-112.04763702062775,33.40607427285097],[-112.04763702062775,33.3954091370285],[-112.03571370595999,33.39762754908383],[-112.03571370595999,33.40829303884908],[-112.04763702062775,33.40607427285097]]]}"
,PHOENIX,9739896056686051328,98114.00105789641,4497.733,202509,deployment,"{""type"":""Polygon"",""coordinates"":[[[-112.04763702062775,33.3954091370285],[-112.04763702062775,33.3847428542785],[-112.03571370595999,33.386960912045474],[-112.03571370595999,33.39762754908383],[-112.04763702062775,33.3954091370285]]]}"
,PHOENIX,9739896091045789696,3343.0215762014623,651.771,202509,deployment,"{""type"":""Polygon"",""coordinates"":[[[-112.04763702062775,33.3847428542785],[-112.04763702062775,33.37407542545975],[-112.03571370595999,33.376293128592756],[-112.03571370595999,33.386960912045474],[-112.04763702062775,33.3847428542785]]]}"
,PHOENIX,9739896125405528064,7996.463993360166,1512.993,202509,deployment,"{""type"":""Polygon"",""coordinates"":[[[-112.03571370595999,33.386960912045474],[-112.03571370595999,33.376293128592756],[-112.02379033894974,33.37850958851848],[-112.02379033894974,33.38917772634247],[-112.03571370595999,33.386960912045474]]]}"
,PHOENIX,9739896159765266432,6.980289984161357,2.518,202509,deployment,"{""type"":""Polygon"",""coordinates"":[[[-112.03571370595999,33.376293128592756],[-112.03571370595999,33.36562419958512],[-112.02379033894974,33.367840304794115],[-112.02379033894974,33.37850958851848],[-112.03571370595999,33.376293128592756]]]}"
,PHOENIX,9739896297204219904,563.0227856016829,118.678,202509,deployment,"{""type"":""Polygon"",""coordinates"":[[[-112.07148348688116,33.380303009206685],[-112.07148348688116,33.36963629044424],[-112.05956028143932,33.37185647933742],[-112.05956028143932,33.382523553259425],[-112.07148348688116,33.380303009206685]]]}"
,PHOENIX,9739896331563958272,2195.6218759586454,423.876,202509,deployment,"{""type"":""Polygon"",""coordinates"":[[[-112.05956028143932,33.382523553259425],[-112.05956028143932,33.37185647933742],[-112.04763702062775,33.37407542545975],[-112.04763702062775,33.3847428542785],[-112.05956028143932,33.382523553259425]]]}"
,PHOENIX,9739896365923696640,44443.89857716131,3837.08,202509,deployment,"{""type"":""Polygon"",""coordinates"":[[[-112.05956028143932,33.393189481458485],[-112.05956028143932,33.382523553259425],[-112.04763702062775,33.3847428542785],[-112.04763702062775,33.3954091370285],[-112.05956028143932,33.393189481458485]]]}"
,PHOENIX,9739896400283435008,13856.738414697991,3682.133,202509,deployment,"{""type"":""Polygon"",""coordinates"":[[[-112.05956028143932,33.403854263075765],[-112.05956028143932,33.393189481458485],[-112.04763702062775,33.3954091370285],[-112.04763702062775,33.40607427285097],[-112.05956028143932,33.403854263075765]]]}"
,PHOENIX,9739896434643173376,45099.29495216916,5124.991,202509,deployment,"{""type"":""Polygon"",""coordinates"":[[[-112.07148348688116,33.40163300974172],[-112.07148348688116,33.39096858259213],[-112.05956028143932,33.393189481458485],[-112.05956028143932,33.403854263075765],[-112.07148348688116,33.40163300974172]]]}"
,PHOENIX,9739896469002911744,24032.61944255947,2252.037,202509,deployment,"{""type"":""Polygon"",""coordinates"":[[[-112.07148348688116,33.39096858259213],[-112.07148348688116,33.380303009206685],[-112.05956028143932,33.382523553259425],[-112.05956028143932,33.393189481458485],[-112.07148348688116,33.39096858259213]]]}"
,PHOENIX,9739896503362650112,15823.52452711561,2431.148,202509,deployment,"{""type"":""Polygon"",""coordinates"":[[[-112.08340663543997,33.38874644064839],[-112.08340663543997,33.3780812223393],[-112.07148348688116,33.380303009206685],[-112.07148348688116,33.39096858259213],[-112.08340663543997,33.38874644064839]]]}"
,PHOENIX,9739896537722388480,35528.02184891453,6788.051,202509,deployment,"{""type"":""Polygon"",""coordinates"":[[[-112.08340663543997,33.399410513067735],[-112.08340663543997,33.38874644064839],[-112.07148348688116,33.39096858259213],[-112.07148348688116,33.40163300974172],[-112.08340663543997,33.399410513067735]]]}"
,PHOENIX,9739896572082126848,16572.646552529346,3278.861,202509,deployment,"{""type"":""Polygon"",""coordinates"":[[[-112.09532972560264,33.39718677327324],[-112.09532972560264,33.38652305584679],[-112.08340663543997,33.38874644064839],[-112.08340663543997,33.399410513067735],[-112.09532972560264,33.39718677327324]]]}"
,PHOENIX,9739896606441865216,9366.758050845234,1597.466,202509,deployment,"{""type"":""Polygon"",""coordinates"":[[[-112.09532972560264,33.38652305584679],[-112.09532972560264,33.37585819287685],[-112.08340663543997,33.3780812223393],[-112.08340663543997,33.38874644064839],[-112.09532972560264,33.38652305584679]]]}"
,PHOENIX,9739896675161341952,84.82531436078364,27.435,202509,deployment,"{""type"":""Polygon"",""coordinates"":[[[-112.08340663543997,33.3780812223393],[-112.08340663543997,33.36741485899932],[-112.07148348688116,33.36963629044424],[-112.07148348688116,33.380303009206685],[-112.08340663543997,33.3780812223393]]]}"
,PHOENIX,9739897190557417472,65.3819570085101,12.723,202509,deployment,"{""type"":""Polygon"",""coordinates"":[[[-112.11917572468799,33.392735565203445],[-112.11917572468799,33.38207255855094],[-112.10725275585622,33.38429842840742],[-112.10725275585622,33.39496179057828],[-112.11917572468799,33.392735565203445]]]}"
,PHOENIX,9739897259276894208,2433.6776371798896,393.415,202509,deployment,"{""type"":""Polygon"",""coordinates"":[[[-112.10725275585622,33.38429842840742],[-112.10725275585622,33.3736339210395],[-112.09532972560264,33.37585819287685],[-112.09532972560264,33.38652305584679],[-112.10725275585622,33.38429842840742]]]}"
,PHOENIX,9739897293636632576,3921.378576711583,732.689,202509,deployment,"{""type"":""Polygon"",""coordinates"":[[[-112.10725275585622,33.39496179057828],[-112.10725275585622,33.38429842840742],[-112.09532972560264,33.38652305584679],[-112.09532972560264,33.39718677327324],[-112.10725275585622,33.39496179057828]]]}"
,PHOENIX,9739897327996370944,4997.870077532838,1079.825,202509,deployment,"{""type"":""Polygon"",""coordinates"":[[[-112.10725275585621,33.405624006693856],[-112.10725275585622,33.39496179057828],[-112.09532972560264,33.39718677327324],[-112.09532972560264,33.40784934429799],[-112.10725275585621,33.405624006693856]]]}"
,PHOENIX,9739897431075586048,83.61031568716727,21.008,202509,deployment,"{""type"":""Polygon"",""coordinates"":[[[-112.11917572468799,33.40339742614724],[-112.11917572468799,33.392735565203445],[-112.10725275585622,33.39496179057828],[-112.10725275585621,33.405624006693856],[-112.11917572468799,33.40339742614724]]]}"
,PHOENIX,9739897740313231360,1599.9612358142663,474.012,202509,deployment,"{""type"":""Polygon"",""coordinates"":[[[-112.11917572468799,33.4353761261533],[-112.11917572468799,33.42471770747881],[-112.10725275585621,33.42694499732932],[-112.10725275585622,33.437603770135965],[-112.11917572468799,33.4353761261533]]]}"
,PHOENIX,9739897809032708096,189.2674305257572,73.332,202509,deployment,"{""type"":""Polygon"",""coordinates"":[[[-112.10725275585621,33.42694499732932],[-112.10725275585622,33.41628507589651],[-112.09532972560264,33.418510768063435],[-112.09532972560264,33.42917104371265],[-112.10725275585621,33.42694499732932]]]}"
,PHOENIX,9739897843392446464,15525.57511718604,3297.863,202509,deployment,"{""type"":""Polygon"",""coordinates"":[[[-112.10725275585622,33.437603770135965],[-112.10725275585621,33.42694499732932],[-112.09532972560264,33.42917104371265],[-112.09532972560264,33.43983017038935],[-112.10725275585622,33.437603770135965]]]}"
,PHOENIX,9739897877752184832,15519.170761796406,3480.995,202509,deployment,"{""type"":""Polygon"",""coordinates"":[[[-112.09532972560264,33.43983017038935],[-112.09532972560264,33.42917104371265],[-112.08340663543997,33.43139584640841],[-112.08340663543997,33.442055326693136],[-112.09532972560264,33.43983017038935]]]}"
,PHOENIX,9739897912111923200,209905.5732707056,56748.2,202509,deployment,"{""type"":""Polygon"",""coordinates"":[[[-112.08340663543997,33.442055326693136],[-112.08340663543997,33.43139584640841],[-112.07148348688116,33.433619405196765],[-112.07148348688116,33.44427923882758],[-112.08340663543997,33.442055326693136]]]}"
,PHOENIX,9739897946471661568,62422.316095630085,17122.39,202509,deployment,"{""type"":""Polygon"",""coordinates"":[[[-112.08340663543997,33.43139584640841],[-112.08340663543997,33.42073521680497],[-112.07148348688116,33.42295842190126],[-112.07148348688116,33.433619405196765],[-112.08340663543997,33.43139584640841]]]}"
,PHOENIX,9739897980831399936,17141.468483895333,5206.588,202509,deployment,"{""type"":""Polygon"",""coordinates"":[[[-112.09532972560264,33.42917104371265],[-112.09532972560264,33.418510768063435],[-112.08340663543997,33.42073521680497],[-112.08340663543997,33.43139584640841],[-112.09532972560264,33.42917104371265]]]}"
,PHOENIX,9739898049550876672,11327.882540261786,2103.269,202509,deployment,"{""type"":""Polygon"",""coordinates"":[[[-112.09532972560264,33.40784934429799],[-112.09532972560264,33.39718677327324],[-112.08340663543997,33.399410513067735],[-112.08340663543997,33.41007343873912],[-112.09532972560264,33.40784934429799]]]}"
,PHOENIX,9739898083910615040,35883.21320592246,7384.328,202509,deployment,"{""type"":""Polygon"",""coordinates"":[[[-112.08340663543997,33.41007343873912],[-112.08340663543997,33.399410513067735],[-112.07148348688116,33.40163300974172],[-112.07148348688116,33.41229628979728],[-112.08340663543997,33.41007343873912]]]}"
,PHOENIX,9739898118270353408,39573.84966842452,7581.45,202509,deployment,"{""type"":""Polygon"",""coordinates"":[[[-112.08340663543997,33.42073521680497],[-112.08340663543997,33.41007343873912],[-112.07148348688116,33.41229628979728],[-112.07148348688116,33.42295842190126],[-112.08340663543997,33.42073521680497]]]}"
,PHOENIX,9739898152630091776,57496.931573221766,12061.062,202509,deployment,"{""type"":""Polygon"",""coordinates"":[[[-112.07148348688116,33.42295842190126],[-112.07148348688116,33.41229628979728],[-112.05956028143932,33.41451789725309],[-112.05956028143932,33.42518038313297],[-112.07148348688116,33.42295842190126]]]}"
,PHOENIX,9739898186989830144,63994.77071609214,13728.028,202509,deployment,"{""type"":""Polygon"",""coordinates"":[[[-112.07148348688116,33.41229628979728],[-112.07148348688116,33.40163300974172],[-112.05956028143932,33.403854263075765],[-112.05956028143932,33.41451789725309],[-112.07148348688116,33.41229628979728]]]}"
,PHOENIX,9739898221349568512,32183.513734654207,11157.185,202509,deployment,"{""type"":""Polygon"",""coordinates"":[[[-112.05956028143932,33.41451789725309],[-112.05956028143932,33.403854263075765],[-112.04763702062775,33.40607427285097],[-112.04763702062775,33.41673826088777],[-112.05956028143932,33.41451789725309]]]}"
,PHOENIX,9739898255709306880,77015.21894772758,14282.698,202509,deployment,"{""type"":""Polygon"",""coordinates"":[[[-112.05956028143932,33.42518038313297],[-112.05956028143932,33.41451789725309],[-112.04763702062775,33.41673826088777],[-112.04763702062775,33.42740110028139],[-112.05956028143932,33.42518038313297]]]}"
,PHOENIX,9739898290069045248,338059.3061698885,75079.034,202509,deployment,"{""type"":""Polygon"",""coordinates"":[[[-112.05956028143932,33.435841719858516],[-112.05956028143932,33.42518038313297],[-112.04763702062775,33.42740110028139],[-112.04763702062775,33.438062790174975],[-112.05956028143932,33.435841719858516]]]}"
,PHOENIX,9739898324428783616,91611.41369279195,20923.375,202509,deployment,"{""type"":""Polygon"",""coordinates"":[[[-112.07148348688116,33.433619405196765],[-112.07148348688116,33.42295842190126],[-112.05956028143932,33.42518038313297],[-112.05956028143932,33.435841719858516],[-112.07148348688116,33.433619405196765]]]}"
,PHOENIX,9739898358788521984,706024.971586743,95556.413,202509,deployment,"{""type"":""Polygon"",""coordinates"":[[[-112.07148348688116,33.44427923882758],[-112.07148348688116,33.433619405196765],[-112.05956028143932,33.435841719858516],[-112.05956028143932,33.44650190657351],[-112.07148348688116,33.44427923882758]]]}"
,PHOENIX,9739898393148260352,455603.6820875377,81741.107,202509,deployment,"{""type"":""Polygon"",""coordinates"":[[[-112.05956028143932,33.44650190657351],[-112.05956028143932,33.435841719858516],[-112.04763702062775,33.438062790174975],[-112.04763702062775,33.44872332971235],[-112.05956028143932,33.44650190657351]]]}"
,PHOENIX,9739898427507998720,520992.46910947136,81997.199,202509,deployment,"{""type"":""Polygon"",""coordinates"":[[[-112.05956028143932,33.45716094242241],[-112.05956028143932,33.44650190657351],[-112.04763702062775,33.44872332971235],[-112.04763702062775,33.45938271803798],[-112.05956028143932,33.45716094242241]]]}"
,PHOENIX,9739898461867737088,385795.3661448612,60743.652,202509,deployment,"{""type"":""Polygon"",""coordinates"":[[[-112.05956028143932,33.4678188265503],[-112.05956028143932,33.45716094242241],[-112.04763702062775,33.45938271803798],[-112.04763702062775,33.47004095429698],[-112.05956028143932,33.4678188265503]]]}"
,PHOENIX,9739898496227475456,476667.0238758726,64937.554,202509,deployment,"{""type"":""Polygon"",""coordinates"":[[[-112.07148348688116,33.465595453673416],[-112.07148348688116,33.454937921938104],[-112.05956028143932,33.45716094242241],[-112.05956028143932,33.4678188265503],[-112.07148348688116,33.465595453673416]]]}"
,PHOENIX,9739898530587213824,653823.4543945761,80354.489,202509,deployment,"{""type"":""Polygon"",""coordinates"":[[[-112.07148348688116,33.454937921938104],[-112.07148348688116,33.44427923882758],[-112.05956028143932,33.44650190657351],[-112.05956028143932,33.45716094242241],[-112.07148348688116,33.454937921938104]]]}"
,PHOENIX,9739898564946952192,455775.46184778947,77423.833,202509,deployment,"{""type"":""Polygon"",""coordinates"":[[[-112.08340663543997,33.452713656803574],[-112.08340663543997,33.442055326693136],[-112.07148348688116,33.44427923882758],[-112.07148348688116,33.454937921938104],[-112.08340663543997,33.452713656803574]]]}"
,PHOENIX,9739898599306690560,60992.645798778154,8202.037,202509,deployment,"{""type"":""Polygon"",""coordinates"":[[[-112.09532972560264,33.45048814723792],[-112.09532972560264,33.43983017038935],[-112.08340663543997,33.442055326693136],[-112.08340663543997,33.452713656803574],[-112.09532972560264,33.45048814723792]]]}"
,PHOENIX,9739898633666428928,122802.97854542498,14249.757,202509,deployment,"{""type"":""Polygon"",""coordinates"":[[[-112.09532972560264,33.46114497340337],[-112.09532972560264,33.45048814723792],[-112.08340663543997,33.452713656803574],[-112.08340663543997,33.46337083588477],[-112.09532972560264,33.46114497340337]]]}"
,PHOENIX,9739898668026167296,438113.01412255544,65558.67,202509,deployment,"{""type"":""Polygon"",""coordinates"":[[[-112.08340663543997,33.46337083588477],[-112.08340663543997,33.452713656803574],[-112.07148348688116,33.454937921938104],[-112.07148348688116,33.465595453673416],[-112.08340663543997,33.46337083588477]]]}"
,PHOENIX,9739898702385905664,342455.3239190727,43901.785,202509,deployment,"{""type"":""Polygon"",""coordinates"":[[[-112.08340663543997,33.47402686308241],[-112.08340663543997,33.46337083588477],[-112.07148348688116,33.465595453673416],[-112.07148348688116,33.476251833179234],[-112.08340663543997,33.47402686308241]]]}"
,PHOENIX,9739898736745644032,84948.26127353204,9536.784,202509,deployment,"{""type"":""Polygon"",""coordinates"":[[[-112.09532972560264,33.47180064803138],[-112.09532972560264,33.46114497340337],[-112.08340663543997,33.46337083588477],[-112.08340663543997,33.47402686308241],[-112.09532972560264,33.47180064803138]]]}"
,PHOENIX,9739898771105382400,66663.31066411604,11446.336,202509,deployment,"{""type"":""Polygon"",""coordinates"":[[[-112.09532972560264,33.482455170268295],[-112.09532972560264,33.47180064803138],[-112.08340663543997,33.47402686308241],[-112.08340663543997,33.48468173754284],[-112.09532972560264,33.482455170268295]]]}"
,PHOENIX,9739898805465120768,280113.4534065201,43122.996,202509,deployment,"{""type"":""Polygon"",""coordinates"":[[[-112.08340663543997,33.48468173754284],[-112.08340663543997,33.47402686308241],[-112.07148348688116,33.476251833179234],[-112.07148348688116,33.486907059601926],[-112.08340663543997,33.48468173754284]]]}"
,PHOENIX,9739898839824859136,300219.45093449927,47394.233,202509,deployment,"{""type"":""Polygon"",""coordinates"":[[[-112.07148348688116,33.486907059601926],[-112.07148348688116,33.476251833179234],[-112.05956028143932,33.47847555810293],[-112.05956028143932,33.48913113622667],[-112.07148348688116,33.486907059601926]]]}"
,PHOENIX,9739898874184597504,197932.77197611812,28361.242,202509,deployment,"{""type"":""Polygon"",""coordinates"":[[[-112.07148348688116,33.476251833179234],[-112.07148348688116,33.465595453673416],[-112.05956028143932,33.4678188265503],[-112.05956028143932,33.47847555810293],[-112.07148348688116,33.476251833179234]]]}"
,PHOENIX,9739898908544335872,175334.69836686112,26002.471,202509,deployment,"{""type"":""Polygon"",""coordinates"":[[[-112.05956028143932,33.47847555810293],[-112.05956028143932,33.4678188265503],[-112.04763702062775,33.47004095429698],[-112.04763702062775,33.48069803763509],[-112.05956028143932,33.47847555810293]]]}"
,PHOENIX,9739898942904074240,245493.66381567923,37208.034,202509,deployment,"{""type"":""Polygon"",""coordinates"":[[[-112.05956028143932,33.48913113622667],[-112.05956028143932,33.47847555810293],[-112.04763702062775,33.48069803763509],[-112.04763702062775,33.49135396719877],[-112.05956028143932,33.48913113622667]]]}"
,PHOENIX,9739898977263812608,140947.8944327342,15501.225,202509,deployment,"{""type"":""Polygon"",""coordinates"":[[[-112.05956028143932,33.49978556006861],[-112.05956028143932,33.48913113622667],[-112.04763702062775,33.49135396719877],[-112.04763702062775,33.50200874213507],[-112.05956028143932,33.49978556006861]]]}"
,PHOENIX,9739899011623550976,208037.42310575116,29087.961,202509,deployment,"{""type"":""Polygon"",""coordinates"":[[[-112.07148348688116,33.49756113208854],[-112.07148348688116,33.486907059601926],[-112.05956028143932,33.48913113622667],[-112.05956028143932,33.49978556006861],[-112.07148348688116,33.49756113208854]]]}"
,PHOENIX,9739899045983289344,125303.87390640966,22149.455,202509,deployment,"{""type"":""Polygon"",""coordinates"":[[[-112.07148348688116,33.50821404978674],[-112.07148348688116,33.49756113208854],[-112.05956028143932,33.49978556006861],[-112.05956028143932,33.51043882877643],[-112.07148348688116,33.50821404978674]]]}"
,PHOENIX,9739899080343027712,118432.80556968298,22192.005,202509,deployment,"{""type"":""Polygon"",""coordinates"":[[[-112.05956028143932,33.51043882877643],[-112.05956028143932,33.49978556006861],[-112.04763702062775,33.50200874213507],[-112.04763702062775,33.51266236159172],[-112.05956028143932,33.51043882877643]]]}"
,PHOENIX,9739899114702766080,72064.91342815231,14135.502,202509,deployment,"{""type"":""Polygon"",""coordinates"":[[[-112.05956028143932,33.52109094149849],[-112.05956028143932,33.51043882877643],[-112.04763702062775,33.51266236159172],[-112.04763702062775,33.523314824717104],[-112.05956028143932,33.52109094149849]]]}"
,PHOENIX,9739899149062504448,45559.265986767765,8740.821,202509,deployment,"{""type"":""Polygon"",""coordinates"":[[[-112.05956028143932,33.53174189738382],[-112.05956028143932,33.52109094149849],[-112.04763702062775,33.523314824717104],[-112.04763702062775,33.533966130660254],[-112.05956028143932,33.53174189738382]]]}"
,PHOENIX,9739899183422242816,65383.29254570268,12284.064,202509,deployment,"{""type"":""Polygon"",""coordinates"":[[[-112.07148348688116,33.5295164174119],[-112.07148348688116,33.51886581184486],[-112.05956028143932,33.52109094149849],[-112.05956028143932,33.53174189738382],[-112.07148348688116,33.5295164174119]]]}"
,PHOENIX,9739899217781981184,133663.6451123635,25222.002,202509,deployment,"{""type"":""Polygon"",""coordinates"":[[[-112.07148348688116,33.51886581184486],[-112.07148348688116,33.50821404978674],[-112.05956028143932,33.51043882877643],[-112.05956028143932,33.52109094149849],[-112.07148348688116,33.51886581184486]]]}"
,PHOENIX,9739899252141719552,174241.63362495397,34258.147,202509,deployment,"{""type"":""Polygon"",""coordinates"":[[[-112.08340663543997,33.516639435974284],[-112.08340663543997,33.505988024840796],[-112.07148348688116,33.50821404978674],[-112.07148348688116,33.51886581184486],[-112.08340663543997,33.516639435974284]]]}"
,PHOENIX,9739899286501457920,65437.53032637603,13973.269,202509,deployment,"{""type"":""Polygon"",""coordinates"":[[[-112.08340663543997,33.52728969096251],[-112.08340663543997,33.516639435974284],[-112.07148348688116,33.51886581184486],[-112.07148348688116,33.5295164174119],[-112.08340663543997,33.52728969096251]]]}"
,PHOENIX,9739899320861196288,54850.98108435304,10071.513,202509,deployment,"{""type"":""Polygon"",""coordinates"":[[[-112.09532972560264,33.52506171825426],[-112.09532972560264,33.514411814105436],[-112.08340663543997,33.516639435974284],[-112.08340663543997,33.52728969096251],[-112.09532972560264,33.52506171825426]]]}"
,PHOENIX,9739899355220934656,69627.0691102664,11944.981,202509,deployment,"{""type"":""Polygon"",""coordinates"":[[[-112.09532972560264,33.514411814105436],[-112.09532972560264,33.50376075415736],[-112.08340663543997,33.505988024840796],[-112.08340663543997,33.516639435974284],[-112.09532972560264,33.514411814105436]]]}"
,PHOENIX,9739899389580673024,106500.95896437763,15333.675,202509,deployment,"{""type"":""Polygon"",""coordinates"":[[[-112.09532972560264,33.50376075415736],[-112.09532972560264,33.49310853926107],[-112.08340663543997,33.49533545841309],[-112.08340663543997,33.505988024840796],[-112.09532972560264,33.50376075415736]]]}"
,PHOENIX,9739899423940411392,151027.9073338072,23745.026,202509,deployment,"{""type"":""Polygon"",""coordinates"":[[[-112.08340663543997,33.505988024840796],[-112.08340663543997,33.49533545841309],[-112.07148348688116,33.49756113208854],[-112.07148348688116,33.50821404978674],[-112.08340663543997,33.505988024840796]]]}"
,PHOENIX,9739899458300149760,311187.13383686496,42930.98,202509,deployment,"{""type"":""Polygon"",""coordinates"":[[[-112.08340663543997,33.49533545841309],[-112.08340663543997,33.48468173754284],[-112.07148348688116,33.486907059601926],[-112.07148348688116,33.49756113208854],[-112.08340663543997,33.49533545841309]]]}"
,PHOENIX,9739899492659888128,109830.92183090269,15405.452,202509,deployment,"{""type"":""Polygon"",""coordinates"":[[[-112.09532972560264,33.49310853926107],[-112.09532972560264,33.482455170268295],[-112.08340663543997,33.48468173754284],[-112.08340663543997,33.49533545841309],[-112.09532972560264,33.49310853926107]]]}"
,PHOENIX,9739899527019626496,53022.54564244941,8359.23,202509,deployment,"{""type"":""Polygon"",""coordinates"":[[[-112.10725275585622,33.490880374851876],[-112.10725275585622,33.480227357997734],[-112.09532972560264,33.482455170268295],[-112.09532972560264,33.49310853926107],[-112.10725275585622,33.490880374851876]]]}"
,PHOENIX,9739899561379364864,18488.822924159616,5596.935,202509,deployment,"{""type"":""Polygon"",""coordinates"":[[[-112.11917572468799,33.488650965405455],[-112.11917572468799,33.47799830095121],[-112.10725275585622,33.480227357997734],[-112.10725275585622,33.490880374851876],[-112.11917572468799,33.488650965405455]]]}"
,PHOENIX,9739899595739103232,11356.389003719652,3203.473,202509,deployment,"{""type"":""Polygon"",""coordinates"":[[[-112.11917572468799,33.4993024764558],[-112.11917572468799,33.488650965405455],[-112.10725275585622,33.490880374851876],[-112.10725275585622,33.50153223795573],[-112.11917572468799,33.4993024764558]]]}"
,PHOENIX,9739899630098841600,57790.557834866944,9764.232,202509,deployment,"{""type"":""Polygon"",""coordinates"":[[[-112.10725275585622,33.50153223795573],[-112.10725275585622,33.490880374851876],[-112.09532972560264,33.49310853926107],[-112.09532972560264,33.50376075415736],[-112.10725275585622,33.50153223795573]]]}"
,PHOENIX,9739899664458579968,47927.77155358442,8927.95,202509,deployment,"{""type"":""Polygon"",""coordinates"":[[[-112.10725275585621,33.51218294645757],[-112.10725275585622,33.50153223795573],[-112.09532972560264,33.50376075415736],[-112.09532972560264,33.514411814105436],[-112.10725275585621,33.51218294645757]]]}"
,PHOENIX,9739899698818318336,40898.64939924654,7467.741,202509,deployment,"{""type"":""Polygon"",""coordinates"":[[[-112.10725275585622,33.522832499506315],[-112.10725275585621,33.51218294645757],[-112.09532972560264,33.514411814105436],[-112.09532972560264,33.52506171825426],[-112.10725275585622,33.522832499506315]]]}"
,PHOENIX,9739899733178056704,7703.164432219073,2120.731,202509,deployment,"{""type"":""Polygon"",""coordinates"":[[[-112.11917572468799,33.52060203493843],[-112.11917572468799,33.509952833250495],[-112.10725275585621,33.51218294645757],[-112.10725275585622,33.522832499506315],[-112.11917572468799,33.52060203493843]]]}"
,PHOENIX,9739899767537795072,8969.698061950201,2654.097,202509,deployment,"{""type"":""Polygon"",""coordinates"":[[[-112.11917572468799,33.509952833250495],[-112.11917572468799,33.4993024764558],[-112.10725275585622,33.50153223795573],[-112.10725275585621,33.51218294645757],[-112.11917572468799,33.509952833250495]]]}"
,PHOENIX,9739900111135178752,0.9781744906764908,0.978,202509,deployment,"{""type"":""Polygon"",""coordinates"":[[[-112.14302147203621,33.46288334268467],[-112.14302147203621,33.452229080951035],[-112.13109863058544,33.454459920001625],[-112.13109863058544,33.46511453535138],[-112.14302147203621,33.46288334268467]]]}"
,PHOENIX,9739900145494917120,2.781336692692546,2.781,202509,deployment,"{""type"":""Polygon"",""coordinates"":[[[-112.13109863058544,33.46511453535138],[-112.13109863058544,33.454459920001625],[-112.11917572468799,33.45668951524133],[-112.11917572468799,33.46734448394548],[-112.13109863058544,33.46511453535138]]]}"
,PHOENIX,9739900214214393856,18371.383659586307,4466.478,202509,deployment,"{""type"":""Polygon"",""coordinates"":[[[-112.11917572468799,33.47799830095121],[-112.11917572468799,33.46734448394548],[-112.10725275585622,33.46957318824571],[-112.10725275585622,33.480227357997734],[-112.11917572468799,33.47799830095121]]]}"
,PHOENIX,9739900248574132224,49749.137756185766,7304.077,202509,deployment,"{""type"":""Polygon"",""coordinates"":[[[-112.10725275585622,33.480227357997734],[-112.10725275585622,33.46957318824571],[-112.09532972560264,33.47180064803138],[-112.09532972560264,33.482455170268295],[-112.10725275585622,33.480227357997734]]]}"
,PHOENIX,9739900282933870592,40391.20779503225,5593.321,202509,deployment,"{""type"":""Polygon"",""coordinates"":[[[-112.10725275585622,33.46957318824571],[-112.10725275585622,33.458917866448836],[-112.09532972560264,33.46114497340337],[-112.09532972560264,33.47180064803138],[-112.10725275585622,33.46957318824571]]]}"
,PHOENIX,9739900317293608960,8247.289134909457,2038.036,202509,deployment,"{""type"":""Polygon"",""coordinates"":[[[-112.11917572468799,33.46734448394548],[-112.11917572468799,33.45668951524133],[-112.10725275585622,33.458917866448836],[-112.10725275585622,33.46957318824571],[-112.11917572468799,33.46734448394548]]]}"
,PHOENIX,9739900351653347328,6944.057109473029,1638.956,202509,deployment,"{""type"":""Polygon"",""coordinates"":[[[-112.11917572468799,33.45668951524133],[-112.11917572468799,33.44603339569249],[-112.10725275585622,33.44826139346081],[-112.10725275585622,33.458917866448836],[-112.11917572468799,33.45668951524133]]]}"
,PHOENIX,9739900386013085696,15982.191945002483,2323.628,202509,deployment,"{""type"":""Polygon"",""coordinates"":[[[-112.10725275585622,33.458917866448836],[-112.10725275585622,33.44826139346081],[-112.09532972560264,33.45048814723792],[-112.09532972560264,33.46114497340337],[-112.10725275585622,33.458917866448836]]]}"
,PHOENIX,9739900420372824064,30590.47347807795,5148.097,202509,deployment,"{""type"":""Polygon"",""coordinates"":[[[-112.10725275585622,33.44826139346081],[-112.10725275585622,33.437603770135965],[-112.09532972560264,33.43983017038935],[-112.09532972560264,33.45048814723792],[-112.10725275585622,33.44826139346081]]]}"
,PHOENIX,9739900454732562432,4535.206300859384,925.465,202509,deployment,"{""type"":""Polygon"",""coordinates"":[[[-112.11917572468799,33.44603339569249],[-112.11917572468799,33.4353761261533],[-112.10725275585622,33.437603770135965],[-112.10725275585622,33.44826139346081],[-112.11917572468799,33.44603339569249]]]}"
,PHOENIX,9739997727151882240,2057.336613960122,668.849,202509,deployment,"{""type"":""Polygon"",""coordinates"":[[[-112.10725275585622,33.57606290321138],[-112.10725275585622,33.565419140171514],[-112.09532972560264,33.56764975985856],[-112.09532972560264,33.57829387226802],[-112.10725275585622,33.57606290321138]]]}"
,PHOENIX,9739997761511620608,1878.2822799192572,680.424,202509,deployment,"{""type"":""Polygon"",""coordinates"":[[[-112.11917572468799,33.57383068703365],[-112.11917572468799,33.563187273623264],[-112.10725275585622,33.565419140171514],[-112.10725275585622,33.57606290321138],[-112.11917572468799,33.57383068703365]]]}"
,PHOENIX,9739998208188219392,5916.808742828229,1881.931,202509,deployment,"{""type"":""Polygon"",""coordinates"":[[[-112.11917572468799,33.541896969592855],[-112.11917572468799,33.531250080669146],[-112.10725275585622,33.53348089625153],[-112.10725275585622,33.544128135843444],[-112.11917572468799,33.541896969592855]]]}"
,PHOENIX,9739998242547957760,8572.458959367925,2130.937,202509,deployment,"{""type"":""Polygon"",""coordinates"":[[[-112.11917572468799,33.531250080669146],[-112.11917572468799,33.52060203493843],[-112.10725275585622,33.522832499506315],[-112.10725275585622,33.53348089625153],[-112.11917572468799,33.531250080669146]]]}"
,PHOENIX,9739998276907696128,27193.69207976892,5160.686,202509,deployment,"{""type"":""Polygon"",""coordinates"":[[[-112.10725275585622,33.53348089625153],[-112.10725275585622,33.522832499506315],[-112.09532972560264,33.52506171825426],[-112.09532972560264,33.53571046575341],[-112.10725275585622,33.53348089625153]]]}"
,PHOENIX,9739998311267434496,20547.871243458216,5098.741,202509,deployment,"{""type"":""Polygon"",""coordinates"":[[[-112.10725275585622,33.544128135843444],[-112.10725275585622,33.53348089625153],[-112.09532972560264,33.53571046575341],[-112.09532972560264,33.546358055753124],[-112.10725275585622,33.544128135843444]]]}"
,PHOENIX,9739998345627172864,23167.86134778969,6619.11,202509,deployment,"{""type"":""Polygon"",""coordinates"":[[[-112.10725275585622,33.55477421743292],[-112.10725275585622,33.544128135843444],[-112.09532972560264,33.546358055753124],[-112.09532972560264,33.55700448740433],[-112.10725275585622,33.55477421743292]]]}"
,PHOENIX,9739998379986911232,5397.389191098659,2105.511,202509,deployment,"{""type"":""Polygon"",""coordinates"":[[[-112.11917572468799,33.552542700860386],[-112.11917572468799,33.541896969592855],[-112.10725275585622,33.544128135843444],[-112.10725275585622,33.55477421743292],[-112.11917572468799,33.552542700860386]]]}"
,PHOENIX,9739998414346649600,5765.472325206413,1916.2,202509,deployment,"{""type"":""Polygon"",""coordinates"":[[[-112.11917572468799,33.563187273623264],[-112.11917572468799,33.552542700860386],[-112.10725275585622,33.55477421743292],[-112.10725275585622,33.565419140171514],[-112.11917572468799,33.563187273623264]]]}"
,PHOENIX,9739998448706387968,7747.417467664554,2222.782,202509,deployment,"{""type"":""Polygon"",""coordinates"":[[[-112.10725275585622,33.565419140171514],[-112.10725275585622,33.55477421743292],[-112.09532972560264,33.55700448740433],[-112.09532972560264,33.56764975985856],[-112.10725275585622,33.565419140171514]]]}"
,PHOENIX,9739998483066126336,5409.709529942335,1620.32,202509,deployment,"{""type"":""Polygon"",""coordinates"":[[[-112.09532972560264,33.56764975985856],[-112.09532972560264,33.55700448740433],[-112.08340663543997,33.55923351055505],[-112.08340663543997,33.56987913246494],[-112.09532972560264,33.56764975985856]]]}"
,PHOENIX,9739998517425864704,6125.54060159909,1836.237,202509,deployment,"{""type"":""Polygon"",""coordinates"":[[[-112.08340663543997,33.56987913246494],[-112.08340663543997,33.55923351055505],[-112.07148348688116,33.561461286666145],[-112.07148348688116,33.572107257771776],[-112.08340663543997,33.56987913246494]]]}"
,PHOENIX,9739998551785603072,27641.92403036934,8302.674,202509,deployment,"{""type"":""Polygon"",""coordinates"":[[[-112.08340663543997,33.55923351055505],[-112.08340663543997,33.5485867291023],[-112.07148348688116,33.550814155671915],[-112.07148348688116,33.561461286666145],[-112.08340663543997,33.55923351055505]]]}"
,PHOENIX,9739998586145341440,15204.695399952381,5216.169,202509,deployment,"{""type"":""Polygon"",""coordinates"":[[[-112.09532972560264,33.55700448740433],[-112.09532972560264,33.546358055753124],[-112.08340663543997,33.5485867291023],[-112.08340663543997,33.55923351055505],[-112.09532972560264,33.55700448740433]]]}"
,PHOENIX,9739998620505079808,16905.21056701423,5216.937,202509,deployment,"{""type"":""Polygon"",""coordinates"":[[[-112.09532972560264,33.546358055753124],[-112.09532972560264,33.53571046575341],[-112.08340663543997,33.53793878895509],[-112.08340663543997,33.5485867291023],[-112.09532972560264,33.546358055753124]]]}"
,PHOENIX,9739998654864818176,13020.469589546865,2665.219,202509,deployment,"{""type"":""Polygon"",""coordinates"":[[[-112.09532972560264,33.53571046575341],[-112.09532972560264,33.52506171825426],[-112.08340663543997,33.52728969096251],[-112.08340663543997,33.53793878895509],[-112.09532972560264,33.53571046575341]]]}"
,PHOENIX,9739998689224556544,47248.15455066575,12484.849,202509,deployment,"{""type"":""Polygon"",""coordinates"":[[[-112.08340663543997,33.53793878895509],[-112.08340663543997,33.52728969096251],[-112.07148348688116,33.5295164174119],[-112.07148348688116,33.54016586563748],[-112.08340663543997,33.53793878895509]]]}"
,PHOENIX,9739998723584294912,26589.60527859747,7366.084,202509,deployment,"{""type"":""Polygon"",""coordinates"":[[[-112.08340663543997,33.5485867291023],[-112.08340663543997,33.53793878895509],[-112.07148348688116,33.54016586563748],[-112.07148348688116,33.550814155671915],[-112.08340663543997,33.5485867291023]]]}"
,PHOENIX,9739998757944033280,11202.638902741088,2548.726,202509,deployment,"{""type"":""Polygon"",""coordinates"":[[[-112.07148348688116,33.550814155671915],[-112.07148348688116,33.54016586563748],[-112.05956028143932,33.54239169558206],[-112.05956028143932,33.55304033524353],[-112.07148348688116,33.550814155671915]]]}"
,PHOENIX,9739998792303771648,39484.701314116304,9058.696,202509,deployment,"{""type"":""Polygon"",""coordinates"":[[[-112.07148348688116,33.54016586563748],[-112.07148348688116,33.5295164174119],[-112.05956028143932,33.53174189738382],[-112.05956028143932,33.54239169558206],[-112.07148348688116,33.54016586563748]]]}"
,PHOENIX,9739998826663510016,27605.92367167829,6972.775,202509,deployment,"{""type"":""Polygon"",""coordinates"":[[[-112.05956028143932,33.54239169558206],[-112.05956028143932,33.53174189738382],[-112.04763702062775,33.533966130660254],[-112.04763702062775,33.54461627857087],[-112.05956028143932,33.54239169558206]]]}"
,PHOENIX,9739998861023248384,25473.629904421327,7512.264,202509,deployment,"{""type"":""Polygon"",""coordinates"":[[[-112.05956028143932,33.55304033524353],[-112.05956028143932,33.54239169558206],[-112.04763702062775,33.54461627857087],[-112.04763702062775,33.55526526759928],[-112.05956028143932,33.55304033524353]]]}"
,PHOENIX,9739998895382986752,10.453098070901884,1.994,202509,deployment,"{""type"":""Polygon"",""coordinates"":[[[-112.05956028143932,33.56368781551923],[-112.05956028143932,33.55304033524353],[-112.04763702062775,33.55526526759928],[-112.04763702062775,33.56591309689649],[-112.05956028143932,33.56368781551923]]]}"
,PHOENIX,9739998929742725120,9875.034602811518,2938.305,202509,deployment,"{""type"":""Polygon"",""coordinates"":[[[-112.07148348688116,33.561461286666145],[-112.07148348688116,33.550814155671915],[-112.05956028143932,33.55304033524353],[-112.05956028143932,33.56368781551923],[-112.07148348688116,33.561461286666145]]]}"
,PHOENIX,9739998964102463488,0.903358941166252,0.282,202509,deployment,"{""type"":""Polygon"",""coordinates"":[[[-112.07148348688116,33.572107257771776],[-112.07148348688116,33.561461286666145],[-112.05956028143932,33.56368781551923],[-112.05956028143932,33.57433413556076],[-112.07148348688116,33.572107257771776]]]}"
,PHOENIX,9739999204620632064,3.036110011323478,0.949,202509,deployment,"{""type"":""Polygon"",""coordinates"":[[[-112.09532972560264,33.57829387226802],[-112.09532972560264,33.56764975985856],[-112.08340663543997,33.56987913246494],[-112.08340663543997,33.58052359398419],[-112.09532972560264,33.57829387226802]]]}"
,PHOENIX,9740002606234730496,3009.8489494379805,951.778,202509,deployment,"{""type"":""Polygon"",""coordinates"":[[[-111.9760963777647,33.69631075280785],[-111.9760963777647,33.68567367047431],[-111.96417277175436,33.68789366658374],[-111.96417277175436,33.698531092336474],[-111.9760963777647,33.69631075280785]]]}"
,PHOENIX,9740002709313945600,16743.034795630687,3431.727,202509,deployment,"{""type"":""Polygon"",""coordinates"":[[[-111.9760963777647,33.68567367047431],[-111.9760963777647,33.67503541704655],[-111.96417277175436,33.67725506939285],[-111.96417277175436,33.68789366658374],[-111.9760963777647,33.68567367047431]]]}"
,PHOENIX,9740002743673683968,12464.441801745133,2873.818,202509,deployment,"{""type"":""Polygon"",""coordinates"":[[[-111.98801993900399,33.68345242279564],[-111.98801993900399,33.672814513388744],[-111.9760963777647,33.67503541704655],[-111.9760963777647,33.68567367047431],[-111.98801993900399,33.68345242279564]]]}"
,PHOENIX,9740002846752899072,12.7294018447432,12.729,202509,deployment,"{""type"":""Polygon"",""coordinates"":[[[-111.99994345395756,33.68122992376076],[-111.99994345395756,33.67059235863254],[-111.98801993900399,33.672814513388744],[-111.98801993900399,33.68345242279564],[-111.99994345395756,33.68122992376076]]]}"
,PHOENIX,9740002915472375808,7425.644730010379,1738.745,202509,deployment,"{""type"":""Polygon"",""coordinates"":[[[-111.99994345395754,33.65995362394016],[-111.99994345395756,33.649313720526],[-111.98801993900399,33.65153518569194],[-111.98801993900399,33.662175434073404],[-111.99994345395754,33.65995362394016]]]}"
,PHOENIX,9740002949832114176,29662.702065442227,7074.234,202509,deployment,"{""type"":""Polygon"",""coordinates"":[[[-111.98801993900399,33.662175434073404],[-111.98801993900399,33.65153518569194],[-111.9760963777647,33.65375540027558],[-111.9760963777647,33.66439599336622],[-111.98801993900399,33.662175434073404]]]}"
,PHOENIX,9740002984191852544,23588.097598940698,5532.63,202509,deployment,"{""type"":""Polygon"",""coordinates"":[[[-111.98801993900399,33.672814513388744],[-111.98801993900399,33.662175434073404],[-111.9760963777647,33.66439599336622],[-111.9760963777647,33.67503541704655],[-111.98801993900399,33.672814513388744]]]}"
,PHOENIX,9740003018551590912,5956.093098296773,1284.585,202509,deployment,"{""type"":""Polygon"",""coordinates"":[[[-111.9760963777647,33.67503541704655],[-111.9760963777647,33.66439599336622],[-111.96417277175436,33.66661530160541],[-111.96417277175436,33.67725506939285],[-111.9760963777647,33.67503541704655]]]}"
,PHOENIX,9740003052911329280,7395.624166861613,1389.894,202509,deployment,"{""type"":""Polygon"",""coordinates"":[[[-111.96417277175436,33.67725506939285],[-111.96417277175436,33.66661530160541],[-111.9522491224878,33.66883335857838],[-111.9522491224878,33.67947347021511],[-111.96417277175436,33.67725506939285]]]}"
,PHOENIX,9740003087271067648,15962.131851714379,3056.687,202509,deployment,"{""type"":""Polygon"",""coordinates"":[[[-111.96417277175436,33.66661530160541],[-111.96417277175436,33.65597436406368],[-111.9522491224878,33.65819207684357],[-111.9522491224878,33.66883335857838],[-111.96417277175436,33.66661530160541]]]}"
,PHOENIX,9740003155990544384,5465.856385774897,1319.796,202509,deployment,"{""type"":""Polygon"",""coordinates"":[[[-111.9760963777647,33.65375540027558],[-111.9760963777647,33.64311363861761],[-111.96417277175436,33.645332257610605],[-111.96417277175436,33.65597436406368],[-111.9760963777647,33.65375540027558]]]}"
,PHOENIX,9740003190350282752,13293.991622494732,3129.598,202509,deployment,"{""type"":""Polygon"",""coordinates"":[[[-111.96417277175436,33.65597436406368],[-111.96417277175436,33.645332257610605],[-111.9522491224878,33.64754962585355],[-111.9522491224878,33.65819207684357],[-111.96417277175436,33.65597436406368]]]}"
,PHOENIX,9740003224710021120,32934.98201450848,8395.401,202509,deployment,"{""type"":""Polygon"",""coordinates"":[[[-111.96417277175436,33.645332257610605],[-111.96417277175436,33.63468898308975],[-111.9522491224878,33.63690600645188],[-111.9522491224878,33.64754962585355],[-111.96417277175436,33.645332257610605]]]}"
,PHOENIX,9740003259069759488,21287.82986099825,5732.499,202509,deployment,"{""type"":""Polygon"",""coordinates"":[[[-111.9760963777647,33.64311363861761],[-111.9760963777647,33.63247070923592],[-111.96417277175436,33.63468898308975],[-111.96417277175436,33.645332257610605],[-111.9760963777647,33.64311363861761]]]}"
,PHOENIX,9740003293429497856,37035.691733319916,9530.828,202509,deployment,"{""type"":""Polygon"",""coordinates"":[[[-111.98801993900399,33.64089376908731],[-111.98801993900399,33.630251185103184],[-111.9760963777647,33.63247070923592],[-111.9760963777647,33.64311363861761],[-111.98801993900399,33.64089376908731]]]}"
,PHOENIX,9740003327789236224,32226.88970633667,8150.539,202509,deployment,"{""type"":""Polygon"",""coordinates"":[[[-111.98801993900399,33.65153518569194],[-111.98801993900399,33.64089376908731],[-111.9760963777647,33.64311363861761],[-111.9760963777647,33.65375540027558],[-111.98801993900399,33.65153518569194]]]}"
,PHOENIX,9740003362148974592,7431.651345725605,2048.388,202509,deployment,"{""type"":""Polygon"",""coordinates"":[[[-111.99994345395756,33.649313720526],[-111.99994345395754,33.638672649233044],[-111.98801993900399,33.64089376908731],[-111.98801993900399,33.65153518569194],[-111.99994345395756,33.649313720526]]]}"
,PHOENIX,9740003396508712960,5962.914984601064,1531.488,202509,deployment,"{""type"":""Polygon"",""coordinates"":[[[-111.99994345395754,33.638672649233044],[-111.99994345395756,33.628030410904955],[-111.98801993900399,33.630251185103184],[-111.98801993900399,33.64089376908731],[-111.99994345395754,33.638672649233044]]]}"
,PHOENIX,9740003430868451328,1015.1303925768832,475.927,202509,deployment,"{""type"":""Polygon"",""coordinates"":[[[-112.0118669211109,33.63645027926869],[-112.0118669211109,33.625808386855205],[-111.99994345395756,33.628030410904955],[-111.99994345395754,33.638672649233044],[-112.0118669211109,33.63645027926869]]]}"
,PHOENIX,9740003533947666432,277.6528096394961,143.896,202509,deployment,"{""type"":""Polygon"",""coordinates"":[[[-112.0118669211109,33.64709100499161],[-112.0118669211109,33.63645027926869],[-111.99994345395754,33.638672649233044],[-111.99994345395756,33.649313720526],[-112.0118669211109,33.64709100499161]]]}"
,PHOENIX,9740003568307404800,13.89523225278239,13.895,202509,deployment,"{""type"":""Polygon"",""coordinates"":[[[-112.0118669211109,33.65773056318025],[-112.0118669211109,33.64709100499161],[-111.99994345395756,33.649313720526],[-111.99994345395754,33.65995362394016],[-112.0118669211109,33.65773056318025]]]}"
,PHOENIX,9740003602667143168,5.758651076327332,5.759,202509,deployment,"{""type"":""Polygon"",""coordinates"":[[[-112.0118669211109,33.66836895299161],[-112.0118669211109,33.65773056318025],[-111.99994345395754,33.65995362394016],[-111.99994345395756,33.67059235863254],[-112.0118669211109,33.66836895299161]]]}"
,PHOENIX,9740004152422957056,7036.8480409140775,3062.197,202509,deployment,"{""type"":""Polygon"",""coordinates"":[[[-112.0118669211109,33.625808386855205],[-112.0118669211109,33.61516532859548],[-111.99994345395754,33.61738700638604],[-111.99994345395756,33.628030410904955],[-112.0118669211109,33.625808386855205]]]}"
,PHOENIX,9740004186782695424,6593.553467138676,2800.909,202509,deployment,"{""type"":""Polygon"",""coordinates"":[[[-112.0118669211109,33.61516532859548],[-112.0118669211109,33.60452110533452],[-111.99994345395754,33.60674243652129],[-111.99994345395754,33.61738700638604],[-112.0118669211109,33.61516532859548]]]}"
,PHOENIX,9740004289861910528,5414.328550341775,2360.937,202509,deployment,"{""type"":""Polygon"",""coordinates"":[[[-112.0118669211109,33.60452110533452],[-112.0118669211109,33.59387571791797],[-111.99994345395754,33.59609670215631],[-111.99994345395754,33.60674243652129],[-112.0118669211109,33.60452110533452]]]}"
,PHOENIX,9740004324221648896,6207.9554066299215,2372.418,202509,deployment,"{""type"":""Polygon"",""coordinates"":[[[-112.0118669211109,33.59387571791797],[-112.0118669211109,33.58322916719214],[-111.99994345395754,33.5854498041374],[-111.99994345395754,33.59609670215631],[-112.0118669211109,33.59387571791797]]]}"
,PHOENIX,9740004564739817472,533.329259725484,331.579,202509,deployment,"{""type"":""Polygon"",""coordinates"":[[[-112.03571370595999,33.578784147714806],[-112.03571370595999,33.56813713058071],[-112.02379033894974,33.57035991635523],[-112.02379033894974,33.58100728164613],[-112.03571370595999,33.578784147714806]]]}"
,PHOENIX,9740004633459294208,1726.2465481361683,1054.371,202509,deployment,"{""type"":""Polygon"",""coordinates"":[[[-112.04763702062775,33.56591309689649],[-112.04763702062775,33.55526526759928],[-112.03571370595999,33.55748895252185],[-112.03571370595999,33.56813713058071],[-112.04763702062775,33.56591309689649]]]}"
,PHOENIX,9740004667819032576,11788.900011379543,3830.423,202509,deployment,"{""type"":""Polygon"",""coordinates"":[[[-112.04763702062775,33.55526526759928],[-112.04763702062775,33.54461627857087],[-112.03571370595999,33.54683961438655],[-112.03571370595999,33.55748895252185],[-112.04763702062775,33.55526526759928]]]}"
,PHOENIX,9740004702178770944,61725.843255202155,16896.011,202509,deployment,"{""type"":""Polygon"",""coordinates"":[[[-112.04763702062775,33.54461627857087],[-112.04763702062775,33.533966130660254],[-112.03571370595999,33.536189117023774],[-112.03571370595999,33.54683961438655],[-112.04763702062775,33.54461627857087]]]}"
,PHOENIX,9740004736538509312,15071.265369649158,3493.066,202509,deployment,"{""type"":""Polygon"",""coordinates"":[[[-112.03571370595999,33.54683961438655],[-112.03571370595999,33.536189117023774],[-112.02379033894974,33.53841085625749],[-112.02379033894974,33.54906170281229],[-112.03571370595999,33.54683961438655]]]}"
,PHOENIX,9740005011416416256,3226.4048484865148,1857.811,202509,deployment,"{""type"":""Polygon"",""coordinates"":[[[-112.02379033894974,33.58100728164613],[-112.02379033894974,33.57035991635523],[-112.0118669211109,33.57258145400399],[-112.0118669211109,33.58322916719214],[-112.02379033894974,33.58100728164613]]]}"
,PHOENIX,9740005045776154624,11478.676838134126,3926.431,202509,deployment,"{""type"":""Polygon"",""coordinates"":[[[-112.0118669211109,33.58322916719214],[-112.0118669211109,33.57258145400399],[-111.99994345395754,33.57480174331149],[-111.99994345395754,33.5854498041374],[-112.0118669211109,33.58322916719214]]]}"
,PHOENIX,9740005080135892992,15553.050758529907,4462.057,202509,deployment,"{""type"":""Polygon"",""coordinates"":[[[-111.99994345395754,33.5854498041374],[-111.99994345395754,33.57480174331149],[-111.98801993900399,33.57702078406282],[-111.98801993900399,33.58766919226708],[-111.99994345395754,33.5854498041374]]]}"
,PHOENIX,9740005114495631360,89622.35653937791,23112.011,202509,deployment,"{""type"":""Polygon"",""coordinates"":[[[-111.98801993900399,33.58766919226708],[-111.98801993900399,33.57702078406282],[-111.9760963777647,33.57923857604363],[-111.9760963777647,33.5898873313669],[-111.98801993900399,33.58766919226708]]]}"
,PHOENIX,9740005148855369728,85147.29757223857,22492.05,202509,deployment,"{""type"":""Polygon"",""coordinates"":[[[-111.98801993900399,33.57702078406282],[-111.98801993900399,33.56637121355462],[-111.9760963777647,33.568588658072045],[-111.9760963777647,33.57923857604363],[-111.98801993900399,33.57702078406282]]]}"
,PHOENIX,9740005320654061568,70114.2429800951,18505.809,202509,deployment,"{""type"":""Polygon"",""coordinates"":[[[-111.98801993900399,33.56637121355462],[-111.98801993900399,33.5557204815907],[-111.9760963777647,33.557937578300354],[-111.9760963777647,33.568588658072045],[-111.98801993900399,33.56637121355462]]]}"
,PHOENIX,9740005389373538304,101707.89348368767,25570.757,202509,deployment,"{""type"":""Polygon"",""coordinates"":[[[-111.9760963777647,33.557937578300354],[-111.9760963777647,33.54728533757743],[-111.96417277175436,33.54950083792946],[-111.96417277175436,33.560153426544794],[-111.9760963777647,33.557937578300354]]]}"
,PHOENIX,9740005423733276672,2914.214300562827,765.459,202509,deployment,"{""type"":""Polygon"",""coordinates"":[[[-111.96417277175436,33.560153426544794],[-111.96417277175436,33.54950083792946],[-111.9522491224878,33.55171508986264],[-111.9522491224878,33.56236802611068],[-111.96417277175436,33.560153426544794]]]}"
,PHOENIX,9740005458093015040,6524.374063010882,1736.439,202509,deployment,"{""type"":""Polygon"",""coordinates"":[[[-111.96417277175436,33.57080485386464],[-111.96417277175436,33.560153426544794],[-111.9522491224878,33.56236802611068],[-111.9522491224878,33.57301980071915],[-111.96417277175436,33.57080485386464]]]}"
,PHOENIX,9740005492452753408,20257.929410383116,5886.059,202509,deployment,"{""type"":""Polygon"",""coordinates"":[[[-111.96417277175436,33.581455119040164],[-111.96417277175436,33.57080485386464],[-111.9522491224878,33.57301980071915],[-111.9522491224878,33.58367041283927],[-111.96417277175436,33.581455119040164]]]}"
,PHOENIX,9740005526812491776,4252.76856046486,888.407,202509,deployment,"{""type"":""Polygon"",""coordinates"":[[[-111.9760963777647,33.57923857604363],[-111.9760963777647,33.568588658072045],[-111.96417277175436,33.57080485386464],[-111.96417277175436,33.581455119040164],[-111.9760963777647,33.57923857604363]]]}"
,PHOENIX,9740005561172230144,39923.223930029606,11286.524,202509,deployment,"{""type"":""Polygon"",""coordinates"":[[[-111.9760963777647,33.5898873313669],[-111.9760963777647,33.57923857604363],[-111.96417277175436,33.581455119040164],[-111.96417277175436,33.5921042212232],[-111.9760963777647,33.5898873313669]]]}"
,PHOENIX,9740005595531968512,31291.92050968995,8874.337,202509,deployment,"{""type"":""Polygon"",""coordinates"":[[[-111.96417277175436,33.5921042212232],[-111.96417277175436,33.581455119040164],[-111.9522491224878,33.58367041283927],[-111.9522491224878,33.59431986162284],[-111.96417277175436,33.5921042212232]]]}"
,PHOENIX,9740005629891706880,35256.721164987284,8504.255,202509,deployment,"{""type"":""Polygon"",""coordinates"":[[[-111.96417277175436,33.60275215956621],[-111.96417277175436,33.5921042212232],[-111.9522491224878,33.59431986162284],[-111.9522491224878,33.60496814622241],[-111.96417277175436,33.60275215956621]]]}"
,PHOENIX,9740005664251445248,21096.73080752765,5626.816,202509,deployment,"{""type"":""Polygon"",""coordinates"":[[[-111.96417277175436,33.61339893322233],[-111.96417277175436,33.60275215956621],[-111.9522491224878,33.60496814622241],[-111.9522491224878,33.615615265791114],[-111.96417277175436,33.61339893322233]]]}"
,PHOENIX,9740005698611183616,12769.55696195064,3731.789,202509,deployment,"{""type"":""Polygon"",""coordinates"":[[[-111.9760963777647,33.611181350679026],[-111.9760963777647,33.60053492319433],[-111.96417277175436,33.60275215956621],[-111.96417277175436,33.61339893322233],[-111.9760963777647,33.611181350679026]]]}"
,PHOENIX,9740005732970921984,25761.873021283107,6343.314,202509,deployment,"{""type"":""Polygon"",""coordinates"":[[[-111.9760963777647,33.60053492319433],[-111.9760963777647,33.5898873313669],[-111.96417277175436,33.5921042212232],[-111.96417277175436,33.60275215956621],[-111.9760963777647,33.60053492319433]]]}"
,PHOENIX,9740005767330660352,70076.09516214364,17162.258,202509,deployment,"{""type"":""Polygon"",""coordinates"":[[[-111.98801993900399,33.59831643731984],[-111.98801993900399,33.58766919226708],[-111.9760963777647,33.5898873313669],[-111.9760963777647,33.60053492319433],[-111.98801993900399,33.59831643731984]]]}"
,PHOENIX,9740005801690398720,8382.874553191506,2225.937,202509,deployment,"{""type"":""Polygon"",""coordinates"":[[[-111.99994345395754,33.59609670215631],[-111.99994345395754,33.5854498041374],[-111.98801993900399,33.58766919226708],[-111.98801993900399,33.59831643731984],[-111.99994345395754,33.59609670215631]]]}"
,PHOENIX,9740005836050137088,16525.440910846362,4452.348,202509,deployment,"{""type"":""Polygon"",""coordinates"":[[[-111.99994345395754,33.60674243652129],[-111.99994345395754,33.59609670215631],[-111.98801993900399,33.59831643731984],[-111.98801993900399,33.60896251837416],[-111.99994345395754,33.60674243652129]]]}"
,PHOENIX,9740005870409875456,54016.86362585635,13214.614,202509,deployment,"{""type"":""Polygon"",""coordinates"":[[[-111.98801993900399,33.60896251837416],[-111.98801993900399,33.59831643731984],[-111.9760963777647,33.60053492319433],[-111.9760963777647,33.611181350679026],[-111.98801993900399,33.60896251837416]]]}"
,PHOENIX,9740005904769613824,48331.11767683111,12464.899,202509,deployment,"{""type"":""Polygon"",""coordinates"":[[[-111.98801993900399,33.61960743458381],[-111.98801993900399,33.60896251837416],[-111.9760963777647,33.611181350679026],[-111.9760963777647,33.62182661297474],[-111.98801993900399,33.61960743458381]]]}"
,PHOENIX,9740005939129352192,13793.808066243953,4269.22,202509,deployment,"{""type"":""Polygon"",""coordinates"":[[[-111.99994345395754,33.61738700638604],[-111.99994345395754,33.60674243652129],[-111.98801993900399,33.60896251837416],[-111.98801993900399,33.61960743458381],[-111.99994345395754,33.61738700638604]]]}"
,PHOENIX,9740005973489090560,9298.17385342293,2457.748,202509,deployment,"{""type"":""Polygon"",""coordinates"":[[[-111.99994345395756,33.628030410904955],[-111.99994345395754,33.61738700638604],[-111.98801993900399,33.61960743458381],[-111.98801993900399,33.630251185103184],[-111.99994345395756,33.628030410904955]]]}"
,PHOENIX,9740006007848828928,40772.24927222799,10085.401,202509,deployment,"{""type"":""Polygon"",""coordinates"":[[[-111.98801993900399,33.630251185103184],[-111.98801993900399,33.61960743458381],[-111.9760963777647,33.62182661297474],[-111.9760963777647,33.63247070923592],[-111.98801993900399,33.630251185103184]]]}"
,PHOENIX,9740006042208567296,12916.271552890836,2698.243,202509,deployment,"{""type"":""Polygon"",""coordinates"":[[[-111.9760963777647,33.63247070923592],[-111.9760963777647,33.62182661297474],[-111.96417277175436,33.62404454134536],[-111.96417277175436,33.63468898308975],[-111.9760963777647,33.63247070923592]]]}"
,PHOENIX,9740006076568305664,6206.421637045862,1735.876,202509,deployment,"{""type"":""Polygon"",""coordinates"":[[[-111.9760963777647,33.62182661297474],[-111.9760963777647,33.611181350679026],[-111.96417277175436,33.61339893322233],[-111.96417277175436,33.62404454134536],[-111.9760963777647,33.62182661297474]]]}"
,PHOENIX,9740006110928044032,13706.20400454925,3358.924,202509,deployment,"{""type"":""Polygon"",""coordinates"":[[[-111.96417277175436,33.62404454134536],[-111.96417277175436,33.61339893322233],[-111.9522491224878,33.615615265791114],[-111.9522491224878,33.626261219482785],[-111.96417277175436,33.62404454134536]]]}"
,PHOENIX,9740006145287782400,20554.195584491972,4574.354,202509,deployment,"{""type"":""Polygon"",""coordinates"":[[[-111.96417277175436,33.63468898308975],[-111.96417277175436,33.62404454134536],[-111.9522491224878,33.626261219482785],[-111.9522491224878,33.63690600645188],[-111.96417277175436,33.63468898308975]]]}"
,PHOENIX,9740006179647520768,16036.695278730394,4314.604,202509,deployment,"{""type"":""Polygon"",""coordinates"":[[[-111.9522491224878,33.63690600645188],[-111.9522491224878,33.626261219482785],[-111.94032543148008,33.628476647174686],[-111.94032543148008,33.63912177911006],[-111.9522491224878,33.63690600645188]]]}"
,PHOENIX,9740006214007259136,33768.75650070928,7890.022,202509,deployment,"{""type"":""Polygon"",""coordinates"":[[[-111.9522491224878,33.626261219482785],[-111.9522491224878,33.615615265791114],[-111.94032543148008,33.617830348172994],[-111.94032543148008,33.628476647174686],[-111.9522491224878,33.626261219482785]]]}"
,PHOENIX,9740006248366997504,36352.287427800555,8318.334,202509,deployment,"{""type"":""Polygon"",""coordinates"":[[[-111.94032543148008,33.628476647174686],[-111.94032543148008,33.617830348172994],[-111.92840170024643,33.62004418015616],[-111.92840170024643,33.630690824209346],[-111.94032543148008,33.628476647174686]]]}"
,PHOENIX,9740006282726735872,17019.839253581158,4248.833,202509,deployment,"{""type"":""Polygon"",""coordinates"":[[[-111.94032543148008,33.63912177911006],[-111.94032543148008,33.628476647174686],[-111.92840170024643,33.630690824209346],[-111.92840170024643,33.641336300852636],[-111.94032543148008,33.63912177911006]]]}"
,PHOENIX,9740006317086474240,69856.75435402966,16762.963,202509,deployment,"{""type"":""Polygon"",""coordinates"":[[[-111.92840170024643,33.641336300852636],[-111.92840170024643,33.630690824209346],[-111.91647793030225,33.63290375037561],[-111.91647793030225,33.64354957146851],[-111.92840170024643,33.641336300852636]]]}"
,PHOENIX,9740006351446212608,23291.300574821285,6386.817,202509,deployment,"{""type"":""Polygon"",""coordinates"":[[[-111.91647793030225,33.64354957146851],[-111.91647793030225,33.63290375037561],[-111.90455412316315,33.63511542546289],[-111.90455412316315,33.6457615907472],[-111.91647793030225,33.64354957146851]]]}"
,PHOENIX,9740006385805950976,24653.411758956496,4153.423,202509,deployment,"{""type"":""Polygon"",""coordinates"":[[[-111.91647793030225,33.63290375037561],[-111.91647793030225,33.6222567615294],[-111.90455412316315,33.62446809208204],[-111.90455412316315,33.63511542546289],[-111.91647793030225,33.63290375037561]]]}"
,PHOENIX,9740006420165689344,100212.39772339344,22470.771,202509,deployment,"{""type"":""Polygon"",""coordinates"":[[[-111.92840170024643,33.630690824209346],[-111.92840170024643,33.62004418015616],[-111.91647793030225,33.6222567615294],[-111.91647793030225,33.63290375037561],[-111.92840170024643,33.630690824209346]]]}"
,PHOENIX,9740006454525427712,82158.42529903019,19718.33,202509,deployment,"{""type"":""Polygon"",""coordinates"":[[[-111.92840170024643,33.62004418015616],[-111.92840170024643,33.60939636953856],[-111.91647793030225,33.611608605775324],[-111.91647793030225,33.6222567615294],[-111.92840170024643,33.62004418015616]]]}"
,PHOENIX,9740006488885166080,53054.89906273045,12641.833,202509,deployment,"{""type"":""Polygon"",""coordinates"":[[[-111.91647793030225,33.6222567615294],[-111.91647793030225,33.611608605775324],[-111.90455412316315,33.613819591450074],[-111.90455412316315,33.62446809208204],[-111.91647793030225,33.6222567615294]]]}"
,PHOENIX,9740006523244904448,46153.88407647029,10975.706,202509,deployment,"{""type"":""Polygon"",""coordinates"":[[[-111.91647793030225,33.611608605775324],[-111.91647793030225,33.600959283959504],[-111.90455412316315,33.60316992441306],[-111.90455412316315,33.613819591450074],[-111.91647793030225,33.611608605775324]]]}"
,PHOENIX,9740006557604642816,71794.59361336289,15288.327,202509,deployment,"{""type"":""Polygon"",""coordinates"":[[[-111.92840170024643,33.60939636953856],[-111.92840170024643,33.59874739320265],[-111.91647793030225,33.600959283959504],[-111.91647793030225,33.611608605775324],[-111.92840170024643,33.60939636953856]]]}"
,PHOENIX,9740006591964381184,9008.180978056613,2434.661,202509,deployment,"{""type"":""Polygon"",""coordinates"":[[[-111.94032543148008,33.60718288295048],[-111.94032543148008,33.596534252353315],[-111.92840170024643,33.59874739320265],[-111.92840170024643,33.60939636953856],[-111.94032543148008,33.60718288295048]]]}"
,PHOENIX,9740006626324119552,11373.197808887046,2665.178,202509,deployment,"{""type"":""Polygon"",""coordinates"":[[[-111.94032543148008,33.617830348172994],[-111.94032543148008,33.60718288295048],[-111.92840170024643,33.60939636953856],[-111.92840170024643,33.62004418015616],[-111.94032543148008,33.617830348172994]]]}"
,PHOENIX,9740006660683857920,28595.45342657833,7449.215,202509,deployment,"{""type"":""Polygon"",""coordinates"":[[[-111.9522491224878,33.615615265791114],[-111.9522491224878,33.60496814622241],[-111.94032543148008,33.60718288295048],[-111.94032543148008,33.617830348172994],[-111.9522491224878,33.615615265791114]]]}"
,PHOENIX,9740006695043596288,44504.019185493504,10756.179,202509,deployment,"{""type"":""Polygon"",""coordinates"":[[[-111.9522491224878,33.60496814622241],[-111.9522491224878,33.59431986162284],[-111.94032543148008,33.596534252353315],[-111.94032543148008,33.60718288295048],[-111.9522491224878,33.60496814622241]]]}"
,PHOENIX,9740006763763073024,27680.30238282224,6148.233,202509,deployment,"{""type"":""Polygon"",""coordinates"":[[[-111.94032543148008,33.596534252353315],[-111.94032543148008,33.585884457228296],[-111.92840170024643,33.588097251995265],[-111.92840170024643,33.59874739320265],[-111.94032543148008,33.596534252353315]]]}"
,PHOENIX,9740006798122811392,46846.10790599109,12396.297,202509,deployment,"{""type"":""Polygon"",""coordinates"":[[[-111.94032543148008,33.585884457228296],[-111.94032543148008,33.575233498422904],[-111.92840170024643,33.5774459467638],[-111.92840170024643,33.588097251995265],[-111.94032543148008,33.585884457228296]]]}"
,PHOENIX,9740006832482549760,50414.62661135731,14021.426,202509,deployment,"{""type"":""Polygon"",""coordinates"":[[[-111.9522491224878,33.58367041283927],[-111.9522491224878,33.57301980071915],[-111.94032543148008,33.575233498422904],[-111.94032543148008,33.585884457228296],[-111.9522491224878,33.58367041283927]]]}"
,PHOENIX,9740006866842288128,17720.15783746944,4255.374,202509,deployment,"{""type"":""Polygon"",""coordinates"":[[[-111.9522491224878,33.57301980071915],[-111.9522491224878,33.56236802611068],[-111.94032543148008,33.56458137678526],[-111.94032543148008,33.575233498422904],[-111.9522491224878,33.57301980071915]]]}"
,PHOENIX,9740006901202026496,10633.824391403554,2056.023,202509,deployment,"{""type"":""Polygon"",""coordinates"":[[[-111.9522491224878,33.56236802611068],[-111.9522491224878,33.55171508986264],[-111.94032543148008,33.55392809316416],[-111.94032543148008,33.56458137678526],[-111.9522491224878,33.56236802611068]]]}"
,PHOENIX,9740006969921503232,13755.577007074678,3631.253,202509,deployment,"{""type"":""Polygon"",""coordinates"":[[[-111.94032543148008,33.575233498422904],[-111.94032543148008,33.56458137678526],[-111.92840170024643,33.56679347835639],[-111.92840170024643,33.5774459467638],[-111.94032543148008,33.575233498422904]]]}"
,PHOENIX,9740007004281241600,87819.96742085277,20043.724,202509,deployment,"{""type"":""Polygon"",""coordinates"":[[[-111.92840170024643,33.5774459467638],[-111.92840170024643,33.56679347835639],[-111.91647793030225,33.56900433061246],[-111.91647793030225,33.57965714553032],[-111.92840170024643,33.5774459467638]]]}"
,PHOENIX,9740007038640979968,104211.89458191529,22637.867,202509,deployment,"{""type"":""Polygon"",""coordinates"":[[[-111.92840170024643,33.56679347835639],[-111.92840170024643,33.55613984762178],[-111.91647793030225,33.55835035302383],[-111.91647793030225,33.56900433061246],[-111.92840170024643,33.56679347835639]]]}"
,PHOENIX,9740007073000718336,11178.533820134946,1583.758,202509,deployment,"{""type"":""Polygon"",""coordinates"":[[[-111.91647793030225,33.56900433061246],[-111.91647793030225,33.55835035302383],[-111.90455412316315,33.56055960915925],[-111.90455412316315,33.57121393334246],[-111.91647793030225,33.56900433061246]]]}"
,PHOENIX,9740007107360456704,85534.49253705663,19854.446,202509,deployment,"{""type"":""Polygon"",""coordinates"":[[[-111.91647793030225,33.57965714553032],[-111.91647793030225,33.56900433061246],[-111.90455412316315,33.57121393334246],[-111.90455412316315,33.58186709451153],[-111.91647793030225,33.57965714553032]]]}"
,PHOENIX,9740007141720195072,83296.64385731802,19330.665,202509,deployment,"{""type"":""Polygon"",""coordinates"":[[[-111.91647793030225,33.590308796928696],[-111.91647793030225,33.57965714553032],[-111.90455412316315,33.58186709451153],[-111.90455412316315,33.59251909181775],[-111.91647793030225,33.590308796928696]]]}"
,PHOENIX,9740007176079933440,92796.05067389442,20912.388,202509,deployment,"{""type"":""Polygon"",""coordinates"":[[[-111.92840170024643,33.588097251995265],[-111.92840170024643,33.5774459467638],[-111.91647793030225,33.57965714553032],[-111.91647793030225,33.590308796928696],[-111.92840170024643,33.588097251995265]]]}"
,PHOENIX,9740007210439671808,93314.19512072342,18954.661,202509,deployment,"{""type"":""Polygon"",""coordinates"":[[[-111.92840170024643,33.59874739320265],[-111.92840170024643,33.588097251995265],[-111.91647793030225,33.590308796928696],[-111.91647793030225,33.600959283959504],[-111.92840170024643,33.59874739320265]]]}"
,PHOENIX,9740007244799410176,76372.63481252671,16905.758,202509,deployment,"{""type"":""Polygon"",""coordinates"":[[[-111.91647793030225,33.600959283959504],[-111.91647793030225,33.590308796928696],[-111.90455412316315,33.59251909181775],[-111.90455412316315,33.60316992441306],[-111.91647793030225,33.600959283959504]]]}"
,PHOENIX,9740007279159148544,5652.115149847975,1260.68,202509,deployment,"{""type"":""Polygon"",""coordinates"":[[[-111.90455412316315,33.60316992441306],[-111.90455412316315,33.59251909181775],[-111.89263028034495,33.594728136452126],[-111.89263028034495,33.60537931435311],[-111.90455412316315,33.60316992441306]]]}"
,PHOENIX,9740007313518886912,409.32946955604893,61.137,202509,deployment,"{""type"":""Polygon"",""coordinates"":[[[-111.89263028034495,33.60537931435311],[-111.89263028034495,33.594728136452126],[-111.88070640336356,33.59693593062213],[-111.88070640336356,33.60758745357004],[-111.89263028034495,33.60537931435311]]]}"
,PHOENIX,9740007347878625280,48.767934163768935,11.947,202509,deployment,"{""type"":""Polygon"",""coordinates"":[[[-111.89263028034495,33.594728136452126],[-111.89263028034495,33.58407579349707],[-111.88070640336356,33.58628324227716],[-111.88070640336356,33.59693593062213],[-111.89263028034495,33.594728136452126]]]}"
,PHOENIX,9740007382238363648,3695.2903138489737,768.799,202509,deployment,"{""type"":""Polygon"",""coordinates"":[[[-111.90455412316315,33.59251909181775],[-111.90455412316315,33.58186709451153],[-111.89263028034495,33.58407579349707],[-111.89263028034495,33.594728136452126],[-111.90455412316315,33.59251909181775]]]}"
,PHOENIX,9740007416598102016,19719.189701869975,4545.566,202509,deployment,"{""type"":""Polygon"",""coordinates"":[[[-111.90455412316315,33.58186709451153],[-111.90455412316315,33.57121393334246],[-111.89263028034495,33.57342228633597],[-111.89263028034495,33.58407579349707],[-111.90455412316315,33.58186709451153]]]}"
,PHOENIX,9740007450957840384,87430.8859152339,19297.996,202509,deployment,"{""type"":""Polygon"",""coordinates"":[[[-111.90455412316315,33.57121393334246],[-111.90455412316315,33.56055960915925],[-111.89263028034495,33.562767615817506],[-111.89263028034495,33.57342228633597],[-111.90455412316315,33.57121393334246]]]}"
,PHOENIX,9740007485317578752,8352.429717779049,2515.874,202509,deployment,"{""type"":""Polygon"",""coordinates"":[[[-111.89263028034495,33.57342228633597],[-111.89263028034495,33.562767615817506],[-111.88070640336356,33.56497437278869],[-111.88070640336356,33.57562938938313],[-111.89263028034495,33.57342228633597]]]}"
,PHOENIX,9740007519677317120,11931.88810925195,3125.216,202509,deployment,"{""type"":""Polygon"",""coordinates"":[[[-111.89263028034495,33.58407579349707],[-111.89263028034495,33.57342228633597],[-111.88070640336356,33.57562938938313],[-111.88070640336356,33.58628324227716],[-111.89263028034495,33.58407579349707]]]}"
,PHOENIX,9740007554037055488,352.7225787824965,110.206,202509,deployment,"{""type"":""Polygon"",""coordinates"":[[[-111.88070640336356,33.58628324227716],[-111.88070640336356,33.57562938938313],[-111.86878249373518,33.57783524227467],[-111.86878249373518,33.58848944064261],[-111.88070640336356,33.58628324227716]]]}"
,PHOENIX,9740007588396793856,3.4161549693893254,0.243,202509,deployment,"{""type"":""Polygon"",""coordinates"":[[[-111.88070640336356,33.57562938938313],[-111.88070640336356,33.56497437278869],[-111.86878249373518,33.56717987986346],[-111.86878249373518,33.57783524227467],[-111.88070640336356,33.57562938938313]]]}"
,PHOENIX,9740007828914962432,44.357508364455725,10.266,202509,deployment,"{""type"":""Polygon"",""coordinates"":[[[-111.86878249373518,33.62044504300368],[-111.86878249373518,33.60979434185476],[-111.85685855297612,33.61199997899882],[-111.85685855297612,33.622651024334715],[-111.86878249373518,33.62044504300368]]]}"
,PHOENIX,9740007863274700800,9677.564712525964,2133.356,202509,deployment,"{""type"":""Polygon"",""coordinates"":[[[-111.86878249373518,33.631094576718716],[-111.86878249373518,33.62044504300368],[-111.85685855297612,33.622651024334715],[-111.85685855297612,33.63330090189415],[-111.86878249373518,33.631094576718716]]]}"
,PHOENIX,9740007897634439168,16590.322546596126,3508.556,202509,deployment,"{""type"":""Polygon"",""coordinates"":[[[-111.88070640336356,33.6288869998859],[-111.88070640336356,33.61823781027351],[-111.86878249373518,33.62044504300368],[-111.86878249373518,33.631094576718716],[-111.88070640336356,33.6288869998859]]]}"
,PHOENIX,9740007931994177536,8067.348098047767,2519.541,202509,deployment,"{""type"":""Polygon"",""coordinates"":[[[-111.88070640336356,33.61823781027351],[-111.88070640336356,33.60758745357004],[-111.86878249373518,33.60979434185476],[-111.86878249373518,33.62044504300368],[-111.88070640336356,33.61823781027351]]]}"
,PHOENIX,9740007966353915904,12916.095237039537,5189.86,202509,deployment,"{""type"":""Polygon"",""coordinates"":[[[-111.89263028034495,33.61602932635266],[-111.89263028034495,33.60537931435311],[-111.88070640336356,33.60758745357004],[-111.88070640336356,33.61823781027351],[-111.89263028034495,33.61602932635266]]]}"
,PHOENIX,9740008035073392640,42184.497879257775,9929.635,202509,deployment,"{""type"":""Polygon"",""coordinates"":[[[-111.90455412316315,33.62446809208204],[-111.90455412316315,33.613819591450074],[-111.89263028034495,33.61602932635266],[-111.89263028034495,33.62667817160404],[-111.90455412316315,33.62446809208204]]]}"
,PHOENIX,9740008069433131008,22893.78086424943,4302.481,202509,deployment,"{""type"":""Polygon"",""coordinates"":[[[-111.89263028034495,33.62667817160404],[-111.89263028034495,33.61602932635266],[-111.88070640336356,33.61823781027351],[-111.88070640336356,33.6288869998859],[-111.89263028034495,33.62667817160404]]]}"
,PHOENIX,9740008103792869376,7762.907207519898,1312.176,202509,deployment,"{""type"":""Polygon"",""coordinates"":[[[-111.89263028034495,33.63732584926122],[-111.89263028034495,33.62667817160404],[-111.88070640336356,33.6288869998859],[-111.88070640336356,33.63953502156116],[-111.89263028034495,33.63732584926122]]]}"
,PHOENIX,9740008138152607744,41666.57710434265,8110.006,202509,deployment,"{""type"":""Polygon"",""coordinates"":[[[-111.90455412316315,33.63511542546289],[-111.90455412316315,33.62446809208204],[-111.89263028034495,33.62667817160404],[-111.89263028034495,33.63732584926122],[-111.90455412316315,33.63511542546289]]]}"
,PHOENIX,9740008172512346112,9809.570843461443,3194.816,202509,deployment,"{""type"":""Polygon"",""coordinates"":[[[-111.90455412316315,33.6457615907472],[-111.90455412316315,33.63511542546289],[-111.89263028034495,33.63732584926122],[-111.89263028034495,33.647972358478775],[-111.90455412316315,33.6457615907472]]]}"
,PHOENIX,9740008206872084480,6623.119046835947,1327.218,202509,deployment,"{""type"":""Polygon"",""coordinates"":[[[-111.89263028034495,33.647972358478775],[-111.89263028034495,33.63732584926122],[-111.88070640336356,33.63953502156116],[-111.88070640336356,33.65018187445389],[-111.89263028034495,33.647972358478775]]]}"
,PHOENIX,9740008241231822848,3418.0139640703146,477.388,202509,deployment,"{""type"":""Polygon"",""coordinates"":[[[-111.88070640336356,33.65018187445389],[-111.88070640336356,33.63953502156116],[-111.86878249373518,33.64174294215387],[-111.86878249373518,33.6523901384638],[-111.88070640336356,33.65018187445389]]]}"
,PHOENIX,9740008275591561216,6595.286487451522,1365.637,202509,deployment,"{""type"":""Polygon"",""coordinates"":[[[-111.88070640336356,33.63953502156116],[-111.88070640336356,33.6288869998859],[-111.86878249373518,33.631094576718716],[-111.86878249373518,33.64174294215387],[-111.88070640336356,33.63953502156116]]]}"
,PHOENIX,9740008309951299584,10863.493305260261,2179.637,202509,deployment,"{""type"":""Polygon"",""coordinates"":[[[-111.86878249373518,33.64174294215387],[-111.86878249373518,33.631094576718716],[-111.85685855297612,33.63330090189415],[-111.85685855297612,33.643949610831115],[-111.86878249373518,33.64174294215387]]]}"
,PHOENIX,9740008344311037952,1751.75171418788,553.159,202509,deployment,"{""type"":""Polygon"",""coordinates"":[[[-111.86878249373518,33.6523901384638],[-111.86878249373518,33.64174294215387],[-111.85685855297612,33.643949610831115],[-111.85685855297612,33.6545971503003],[-111.86878249373518,33.6523901384638]]]}"
,PHOENIX,9740008378670776320,614.2743297117297,234.087,202509,deployment,"{""type"":""Polygon"",""coordinates"":[[[-111.86878249373518,33.66303616480381],[-111.86878249373518,33.6523901384638],[-111.85685855297612,33.6545971503003],[-111.85685855297612,33.66524351945705],[-111.86878249373518,33.66303616480381]]]}"
,PHOENIX,9740008413030514688,1360.010216971292,513.234,202509,deployment,"{""type"":""Polygon"",""coordinates"":[[[-111.88070640336356,33.66082755771942],[-111.88070640336356,33.65018187445389],[-111.86878249373518,33.6523901384638],[-111.86878249373518,33.66303616480381],[-111.88070640336356,33.66082755771942]]]}"
,PHOENIX,9740008859707113472,2141.362300244113,986.046,202509,deployment,"{""type"":""Polygon"",""coordinates"":[[[-111.89263028034495,33.65861769841199],[-111.89263028034495,33.647972358478775],[-111.88070640336356,33.65018187445389],[-111.88070640336356,33.66082755771942],[-111.89263028034495,33.65861769841199]]]}"
,PHOENIX,9740008928426590208,6426.122052926605,1289.073,202509,deployment,"{""type"":""Polygon"",""coordinates"":[[[-111.91647793030225,33.654194223963316],[-111.91647793030225,33.64354957146851],[-111.90455412316315,33.6457615907472],[-111.90455412316315,33.656406587090196],[-111.91647793030225,33.654194223963316]]]}"
,PHOENIX,9740008962786328576,161.01927881061866,5.741,202509,deployment,"{""type"":""Polygon"",""coordinates"":[[[-111.91647793030225,33.6648377070159],[-111.91647793030225,33.654194223963316],[-111.90455412316315,33.656406587090196],[-111.90455412316315,33.66705041364777],[-111.91647793030225,33.6648377070159]]]}"
,PHOENIX,9740008997146066944,7415.194244633257,1307.438,202509,deployment,"{""type"":""Polygon"",""coordinates"":[[[-111.92840170024643,33.6626237485309],[-111.92840170024643,33.65198060924121],[-111.91647793030225,33.654194223963316],[-111.91647793030225,33.6648377070159],[-111.92840170024643,33.6626237485309]]]}"
,PHOENIX,9740009031505805312,43365.19119995008,9927.173,202509,deployment,"{""type"":""Polygon"",""coordinates"":[[[-111.92840170024643,33.65198060924121],[-111.92840170024643,33.641336300852636],[-111.91647793030225,33.64354957146851],[-111.91647793030225,33.654194223963316],[-111.92840170024643,33.65198060924121]]]}"
,PHOENIX,9740009065865543680,14440.856155749358,3649.167,202509,deployment,"{""type"":""Polygon"",""coordinates"":[[[-111.94032543148008,33.64976574313428],[-111.94032543148008,33.63912177911006],[-111.92840170024643,33.641336300852636],[-111.92840170024643,33.65198060924121],[-111.94032543148008,33.64976574313428]]]}"
,PHOENIX,9740009100225282048,25995.323884928916,6796.76,202509,deployment,"{""type"":""Polygon"",""coordinates"":[[[-111.9522491224878,33.64754962585355],[-111.9522491224878,33.63690600645188],[-111.94032543148008,33.63912177911006],[-111.94032543148008,33.64976574313428],[-111.9522491224878,33.64754962585355]]]}"
,PHOENIX,9740009134585020416,3925.754077963048,242.195,202509,deployment,"{""type"":""Polygon"",""coordinates"":[[[-111.9522491224878,33.65819207684357],[-111.9522491224878,33.64754962585355],[-111.94032543148008,33.64976574313428],[-111.94032543148008,33.660408538403146],[-111.9522491224878,33.65819207684357]]]}"
,PHOENIX,9740009168944758784,12151.31434589727,2011.403,202509,deployment,"{""type"":""Polygon"",""coordinates"":[[[-111.94032543148008,33.660408538403146],[-111.94032543148008,33.64976574313428],[-111.92840170024643,33.65198060924121],[-111.92840170024643,33.6626237485309],[-111.94032543148008,33.660408538403146]]]}"
,PHOENIX,9740009375103188992,55.668687072746124,1.137,202509,deployment,"{""type"":""Polygon"",""coordinates"":[[[-111.92840170024643,33.673265717878216],[-111.92840170024643,33.6626237485309],[-111.91647793030225,33.6648377070159],[-111.91647793030225,33.67548001978275],[-111.92840170024643,33.673265717878216]]]}"
,PHOENIX,9740062289100275712,97.40959310068321,33.405,202509,deployment,"{""type"":""Polygon"",""coordinates"":[[[-111.8330105841322,33.45649186691539],[-111.8330105841322,33.44582155418478],[-111.82108655908091,33.448017895524195],[-111.82108655908091,33.458688557143624],[-111.8330105841322,33.45649186691539]]]}"
,PHOENIX,9740062735776874496,8410.10005198669,2471.551,202509,deployment,"{""type"":""Polygon"",""coordinates"":[[[-111.84493458260289,33.45429392881849],[-111.84493458260289,33.44362396523767],[-111.8330105841322,33.44582155418478],[-111.8330105841322,33.45649186691539],[-111.84493458260289,33.45429392881849]]]}"
,PHOENIX,9740062770136612864,9977.724660597982,2289.865,202509,deployment,"{""type"":""Polygon"",""coordinates"":[[[-111.85685855297612,33.452094743060734],[-111.85685855297612,33.44142512889074],[-111.84493458260289,33.44362396523767],[-111.84493458260289,33.45429392881849],[-111.85685855297612,33.452094743060734]]]}"
,PHOENIX,9740062804496351232,16542.858784053155,3876.072,202509,deployment,"{""type"":""Polygon"",""coordinates"":[[[-111.85685855297612,33.44142512889074],[-111.85685855297612,33.430754361426445],[-111.84493458260289,33.432952848019696],[-111.84493458260289,33.44362396523767],[-111.85685855297612,33.44142512889074]]]}"
,PHOENIX,9740062838856089600,85426.84084724155,18178.953,202509,deployment,"{""type"":""Polygon"",""coordinates"":[[[-111.85685855297612,33.430754361426445],[-111.85685855297612,33.42008244152564],[-111.84493458260289,33.422280578022374],[-111.84493458260289,33.432952848019696],[-111.85685855297612,33.430754361426445]]]}"
,PHOENIX,9740062873215827968,35346.206110960025,8267.562,202509,deployment,"{""type"":""Polygon"",""coordinates"":[[[-111.84493458260289,33.432952848019696],[-111.84493458260289,33.422280578022374],[-111.8330105841322,33.4244774676419],[-111.8330105841322,33.43515008747436],[-111.84493458260289,33.432952848019696]]]}"
,PHOENIX,9740062907575566336,14341.085766337344,4153.791,202509,deployment,"{""type"":""Polygon"",""coordinates"":[[[-111.84493458260289,33.44362396523767],[-111.84493458260289,33.432952848019696],[-111.8330105841322,33.43515008747436],[-111.8330105841322,33.44582155418478],[-111.84493458260289,33.44362396523767]]]}"
,PHOENIX,9740062941935304704,33.61190065692822,7.338,202509,deployment,"{""type"":""Polygon"",""coordinates"":[[[-111.8330105841322,33.44582155418478],[-111.8330105841322,33.43515008747436],[-111.82108655908091,33.43734607958247],[-111.82108655908091,33.448017895524195],[-111.8330105841322,33.44582155418478]]]}"
,PHOENIX,9740063045014519808,1001.1213841128363,224.135,202509,deployment,"{""type"":""Polygon"",""coordinates"":[[[-111.8330105841322,33.43515008747436],[-111.8330105841322,33.4244774676419],[-111.82108655908091,33.42667311017617],[-111.82108655908091,33.43734607958247],[-111.8330105841322,33.43515008747436]]]}"
,PHOENIX,9740063079374258176,17467.17754086174,4545.96,202509,deployment,"{""type"":""Polygon"",""coordinates"":[[[-111.8330105841322,33.4244774676419],[-111.8330105841322,33.41380369554579],[-111.82108655908091,33.415998988163686],[-111.82108655908091,33.42667311017617],[-111.8330105841322,33.4244774676419]]]}"
,PHOENIX,9740063113733996544,1226.5838154617734,378.949,202509,deployment,"{""type"":""Polygon"",""coordinates"":[[[-111.82108655908091,33.42667311017617],[-111.82108655908091,33.415998988163686],[-111.80916250896605,33.4181930337503],[-111.80916250896607,33.428867505417735],[-111.82108655908091,33.42667311017617]]]}"
,PHOENIX,9740063148093734912,1464.5358982879698,422.594,202509,deployment,"{""type"":""Polygon"",""coordinates"":[[[-111.82108655908091,33.415998988163686],[-111.82108655908091,33.40532371440407],[-111.80916250896607,33.40751740999333],[-111.80916250896605,33.4181930337503],[-111.82108655908091,33.415998988163686]]]}"
,PHOENIX,9740063182453473280,11390.517317391465,3147.168,202509,deployment,"{""type"":""Polygon"",""coordinates"":[[[-111.8330105841322,33.41380369554579],[-111.8330105841322,33.40312877204509],[-111.82108655908091,33.40532371440407],[-111.82108655908091,33.415998988163686],[-111.8330105841322,33.41380369554579]]]}"
,PHOENIX,9740063216813211648,51048.11574055023,12290.75,202509,deployment,"{""type"":""Polygon"",""coordinates"":[[[-111.84493458260289,33.41160715610412],[-111.84493458260289,33.400932583124],[-111.8330105841322,33.40312877204509],[-111.8330105841322,33.41380369554579],[-111.84493458260289,33.41160715610412]]]}"
,PHOENIX,9740063251172950016,56194.79686911097,12365.594,202509,deployment,"{""type"":""Polygon"",""coordinates"":[[[-111.84493458260289,33.422280578022374],[-111.84493458260289,33.41160715610412],[-111.8330105841322,33.41380369554579],[-111.8330105841322,33.4244774676419],[-111.84493458260289,33.422280578022374]]]}"
,PHOENIX,9740063285532688384,52384.380362095246,12030.28,202509,deployment,"{""type"":""Polygon"",""coordinates"":[[[-111.85685855297612,33.42008244152564],[-111.85685855297612,33.409409370046795],[-111.84493458260289,33.41160715610412],[-111.84493458260289,33.422280578022374],[-111.85685855297612,33.42008244152564]]]}"
,PHOENIX,9740063319892426752,71861.42208258962,17558.723,202509,deployment,"{""type"":""Polygon"",""coordinates"":[[[-111.85685855297612,33.409409370046795],[-111.85685855297612,33.39873514784899],[-111.84493458260289,33.400932583124],[-111.84493458260289,33.41160715610412],[-111.85685855297612,33.409409370046795]]]}"
,PHOENIX,9740063354252165120,56575.75719215621,9851.456,202509,deployment,"{""type"":""Polygon"",""coordinates"":[[[-111.85685855297612,33.39873514784899],[-111.85685855297612,33.388059775792],[-111.84493458260289,33.390256859941786],[-111.84493458260289,33.400932583124],[-111.85685855297612,33.39873514784899]]]}"
,PHOENIX,9740063388611903488,51408.85050476324,10979.436,202509,deployment,"{""type"":""Polygon"",""coordinates"":[[[-111.84493458260289,33.400932583124],[-111.84493458260289,33.390256859941786],[-111.8330105841322,33.39245269799954],[-111.8330105841322,33.40312877204509],[-111.84493458260289,33.400932583124]]]}"
,PHOENIX,9740063422971641856,27261.755554610947,5995.763,202509,deployment,"{""type"":""Polygon"",""coordinates"":[[[-111.84493458260289,33.390256859941786],[-111.84493458260289,33.37957998741784],[-111.8330105841322,33.38177547426949],[-111.8330105841322,33.39245269799954],[-111.84493458260289,33.390256859941786]]]}"
,PHOENIX,9740063457331380224,55688.66069271741,9485.042,202509,deployment,"{""type"":""Polygon"",""coordinates"":[[[-111.85685855297612,33.388059775792],[-111.85685855297612,33.37738325473624],[-111.84493458260289,33.37957998741784],[-111.84493458260289,33.390256859941786],[-111.85685855297612,33.388059775792]]]}"
,PHOENIX,9740063491691118592,18956.785406594754,3282.223,202509,deployment,"{""type"":""Polygon"",""coordinates"":[[[-111.85685855297612,33.37738325473624],[-111.85685855297612,33.36670558554277],[-111.84493458260289,33.368901966413226],[-111.84493458260289,33.37957998741784],[-111.85685855297612,33.37738325473624]]]}"
,PHOENIX,9740063526050856960,19607.26767728321,3613.763,202509,deployment,"{""type"":""Polygon"",""coordinates"":[[[-111.85685855297612,33.36670558554277],[-111.85685855297612,33.356026769073324],[-111.84493458260289,33.35822279778965],[-111.84493458260289,33.368901966413226],[-111.85685855297612,33.36670558554277]]]}"
,PHOENIX,9740063560410595328,29909.641635825283,6234.747,202509,deployment,"{""type"":""Polygon"",""coordinates"":[[[-111.84493458260289,33.368901966413226],[-111.84493458260289,33.35822279778965],[-111.8330105841322,33.360417581200664],[-111.8330105841322,33.37109710171596],[-111.84493458260289,33.368901966413226]]]}"
,PHOENIX,9740063594770333696,37938.44588524644,7585.638,202509,deployment,"{""type"":""Polygon"",""coordinates"":[[[-111.84493458260289,33.37957998741784],[-111.84493458260289,33.368901966413226],[-111.8330105841322,33.37109710171596],[-111.8330105841322,33.38177547426949],[-111.84493458260289,33.37957998741784]]]}"
,PHOENIX,9740063800928763904,1.3697777120990764,0.139,202509,deployment,"{""type"":""Polygon"",""coordinates"":[[[-111.8330105841322,33.39245269799954],[-111.8330105841322,33.38177547426949],[-111.82108655908091,33.38396971508284],[-111.82108655908091,33.394647289757],[-111.8330105841322,33.39245269799954]]]}"
,PHOENIX,9740063835288502272,82.87991473517772,9.618,202509,deployment,"{""type"":""Polygon"",""coordinates"":[[[-111.8330105841322,33.40312877204509],[-111.8330105841322,33.39245269799954],[-111.82108655908091,33.394647289757],[-111.82108655908091,33.40532371440407],[-111.8330105841322,33.40312877204509]]]}"
,PHOENIX,9740065072239083520,0.6473239072749888,0.647,202509,deployment,"{""type"":""Polygon"",""coordinates"":[[[-111.8330105841322,33.33905509973469],[-111.8330105841322,33.32837214051065],[-111.8210865590809,33.33056462146365],[-111.82108655908091,33.34124793334514],[-111.8330105841322,33.33905509973469]]]}"
,PHOENIX,9740065278397513728,40953.911308970164,8982.156,202509,deployment,"{""type"":""Polygon"",""coordinates"":[[[-111.84493458260289,33.34754248240945],[-111.84493458260289,33.33686102113566],[-111.8330105841322,33.33905509973469],[-111.8330105841322,33.34973691358591],[-111.84493458260289,33.34754248240945]]]}"
,PHOENIX,9740065312757252096,30951.49348378347,6802.162,202509,deployment,"{""type"":""Polygon"",""coordinates"":[[[-111.84493458260289,33.35822279778965],[-111.84493458260289,33.34754248240945],[-111.8330105841322,33.34973691358591],[-111.8330105841322,33.360417581200664],[-111.84493458260289,33.35822279778965]]]}"
,PHOENIX,9740065347116990464,27662.610289874563,5142.205,202509,deployment,"{""type"":""Polygon"",""coordinates"":[[[-111.85685855297612,33.356026769073324],[-111.85685855297612,33.345346806190264],[-111.84493458260289,33.34754248240945],[-111.84493458260289,33.35822279778965],[-111.85685855297612,33.356026769073324]]]}"
,PHOENIX,9740065381476728832,24617.302699760177,3878.107,202509,deployment,"{""type"":""Polygon"",""coordinates"":[[[-111.85685855297612,33.345346806190264],[-111.85685855297612,33.33466569775664],[-111.84493458260289,33.33686102113566],[-111.84493458260289,33.34754248240945],[-111.85685855297612,33.345346806190264]]]}"
,PHOENIX,9740065415836467200,34384.65764672425,5761.697,202509,deployment,"{""type"":""Polygon"",""coordinates"":[[[-111.85685855297612,33.33466569775664],[-111.85685855297612,33.323983444636134],[-111.84493458260289,33.32617841483193],[-111.84493458260289,33.33686102113566],[-111.85685855297612,33.33466569775664]]]}"
,PHOENIX,9740065450196205568,37186.67100755172,8008.012,202509,deployment,"{""type"":""Polygon"",""coordinates"":[[[-111.84493458260289,33.33686102113566],[-111.84493458260289,33.32617841483193],[-111.8330105841322,33.32837214051065],[-111.8330105841322,33.33905509973469],[-111.84493458260289,33.33686102113566]]]}"
,PHOENIX,9740065484555943936,31714.672740451453,6915.964,202509,deployment,"{""type"":""Polygon"",""coordinates"":[[[-111.84493458260289,33.32617841483193],[-111.84493458260289,33.315494664362575],[-111.8330105841322,33.3176880367781],[-111.8330105841322,33.32837214051065],[-111.84493458260289,33.32617841483193]]]}"
,PHOENIX,9740065518915682304,24448.452687350295,2991.895,202509,deployment,"{""type"":""Polygon"",""coordinates"":[[[-111.85685855297612,33.323983444636134],[-111.85685855297612,33.313300047693076],[-111.84493458260289,33.315494664362575],[-111.84493458260289,33.32617841483193],[-111.85685855297612,33.323983444636134]]]}"
,PHOENIX,9740065553275420672,36167.93236867055,6052.845,202509,deployment,"{""type"":""Polygon"",""coordinates"":[[[-111.85685855297612,33.313300047693076],[-111.85685855297612,33.302615507792446],[-111.84493458260289,33.304809770592556],[-111.84493458260289,33.315494664362575],[-111.85685855297612,33.313300047693076]]]}"
,PHOENIX,9740065587635159040,18192.63410601444,3429.333,202509,deployment,"{""type"":""Polygon"",""coordinates"":[[[-111.85685855297612,33.302615507792446],[-111.85685855297612,33.291929825799905],[-111.84493458260289,33.29412373438752],[-111.84493458260289,33.304809770592556],[-111.85685855297612,33.302615507792446]]]}"
,PHOENIX,9740065621994897408,31833.22563036852,5882.765,202509,deployment,"{""type"":""Polygon"",""coordinates"":[[[-111.84493458260289,33.304809770592556],[-111.84493458260289,33.29412373438752],[-111.8330105841322,33.29631639924787],[-111.8330105841322,33.30700278940197],[-111.84493458260289,33.304809770592556]]]}"
,PHOENIX,9740065656354635776,34252.434466813516,7716.895,202509,deployment,"{""type"":""Polygon"",""coordinates"":[[[-111.84493458260289,33.315494664362575],[-111.84493458260289,33.304809770592556],[-111.8330105841322,33.30700278940197],[-111.8330105841322,33.3176880367781],[-111.84493458260289,33.315494664362575]]]}"
,PHOENIX,9740065690714374144,10.141198191718495,1.434,202509,deployment,"{""type"":""Polygon"",""coordinates"":[[[-111.8330105841322,33.3176880367781],[-111.8330105841322,33.30700278940197],[-111.82108655908091,33.30919456401186],[-111.82108655908091,33.31988016473092],[-111.8330105841322,33.3176880367781]]]}"
,PHOENIX,9740065965592281088,5819.547338302145,1285.141,202509,deployment,"{""type"":""Polygon"",""coordinates"":[[[-111.84493458260289,33.28343655661373],[-111.84493458260289,33.27274823813812],[-111.8330105841322,33.27494019407145],[-111.8330105841322,33.28562886718206],[-111.84493458260289,33.28343655661373]]]}"
,PHOENIX,9740065999952019456,12750.586347092581,2233.71,202509,deployment,"{""type"":""Polygon"",""coordinates"":[[[-111.84493458260289,33.29412373438752],[-111.84493458260289,33.28343655661373],[-111.8330105841322,33.28562886718206],[-111.8330105841322,33.29631639924787],[-111.84493458260289,33.29412373438752]]]}"
,PHOENIX,9740066034311757824,21006.13647280839,3946.933,202509,deployment,"{""type"":""Polygon"",""coordinates"":[[[-111.85685855297612,33.291929825799905],[-111.85685855297612,33.281243002581746],[-111.84493458260289,33.28343655661373],[-111.84493458260289,33.29412373438752],[-111.85685855297612,33.291929825799905]]]}"
,PHOENIX,9740066068671496192,8301.594516039502,1518.025,202509,deployment,"{""type"":""Polygon"",""coordinates"":[[[-111.85685855297612,33.281243002581746],[-111.85685855297612,33.27055503900491],[-111.84493458260289,33.27274823813812],[-111.84493458260289,33.28343655661373],[-111.85685855297612,33.281243002581746]]]}"
,PHOENIX,9740066103031234560,10259.081068982056,2097.657,202509,deployment,"{""type"":""Polygon"",""coordinates"":[[[-111.85685855297612,33.27055503900491],[-111.85685855297612,33.25986593593701],[-111.84493458260289,33.262058779828266],[-111.84493458260289,33.27274823813812],[-111.85685855297612,33.27055503900491]]]}"
,PHOENIX,9740066137390972928,4118.177673389646,1144.163,202509,deployment,"{""type"":""Polygon"",""coordinates"":[[[-111.84493458260289,33.27274823813812],[-111.84493458260289,33.262058779828266],[-111.8330105841322,33.2642503807836],[-111.8330105841322,33.27494019407145],[-111.84493458260289,33.27274823813812]]]}"
,PHOENIX,9740066171750711296,1944.5236608621112,517.549,202509,deployment,"{""type"":""Polygon"",""coordinates"":[[[-111.84493458260289,33.262058779828266],[-111.84493458260289,33.251368182552405],[-111.8330105841322,33.25355942818672],[-111.8330105841322,33.2642503807836],[-111.84493458260289,33.262058779828266]]]}"
,PHOENIX,9740066206110449664,13035.720268537103,2697.214,202509,deployment,"{""type"":""Polygon"",""coordinates"":[[[-111.85685855297612,33.25986593593701],[-111.85685855297612,33.24917569424628],[-111.84493458260289,33.251368182552405],[-111.84493458260289,33.262058779828266],[-111.85685855297612,33.25986593593701]]]}"
,PHOENIX,9740066240470188032,12233.669295688689,2675.495,202509,deployment,"{""type"":""Polygon"",""coordinates"":[[[-111.85685855297612,33.24917569424628],[-111.85685855297612,33.23848431480166],[-111.84493458260289,33.240676447179425],[-111.84493458260289,33.251368182552405],[-111.85685855297612,33.24917569424628]]]}"
,PHOENIX,9740066274829926400,2616.198603024082,809.889,202509,deployment,"{""type"":""Polygon"",""coordinates"":[[[-111.85685855297612,33.23848431480166],[-111.85685855297612,33.227791798472666],[-111.84493458260289,33.22998357457887],[-111.84493458260289,33.240676447179425],[-111.85685855297612,33.23848431480166]]]}"
,PHOENIX,9740066309189664768,4974.029603217113,1145.132,202509,deployment,"{""type"":""Polygon"",""coordinates"":[[[-111.84493458260289,33.240676447179425],[-111.84493458260289,33.22998357457887],[-111.8330105841322,33.232174108542004],[-111.8330105841322,33.242867337149676],[-111.84493458260289,33.240676447179425]]]}"
,PHOENIX,9740066343549403136,7141.605159153335,1423.446,202509,deployment,"{""type"":""Polygon"",""coordinates"":[[[-111.84493458260289,33.251368182552405],[-111.84493458260289,33.240676447179425],[-111.8330105841322,33.242867337149676],[-111.8330105841322,33.25355942818672],[-111.84493458260289,33.251368182552405]]]}"
,SAN_FRANCISCO,9260949341382639616,263037.4321058448,66686.08,202509,deployment,"{""type"":""Polygon"",""coordinates"":[[[-122.40141926154602,37.806219053177706],[-122.40141926154602,37.796691931038104],[-122.39009006966613,37.80017323460674],[-122.39009006966613,37.80970065388306],[-122.40141926154602,37.806219053177706]]]}"
,SAN_FRANCISCO,9260949375742377984,872968.2352632451,203927.578,202509,deployment,"{""type"":""Polygon"",""coordinates"":[[[-122.40141926154602,37.796691931038104],[-122.40141926154602,37.78716355152709],[-122.39009006966613,37.79064455753469],[-122.39009006966613,37.80017323460674],[-122.40141926154602,37.796691931038104]]]}"
,SAN_FRANCISCO,9260949410102116352,6805.144848034463,2010.205,202509,deployment,"{""type"":""Polygon"",""coordinates"":[[[-122.39009006966613,37.80017323460674],[-122.39009006966613,37.79064455753469],[-122.37875965870796,37.79412452524699],[-122.37875965870796,37.803653499650686],[-122.39009006966613,37.80017323460674]]]}"
,SAN_FRANCISCO,9260949444461854720,246408.99462234587,68329.615,202509,deployment,"{""type"":""Polygon"",""coordinates"":[[[-122.39009006966613,37.79064455753469],[-122.39009006966613,37.78111462317189],[-122.37875965870796,37.78459429312823],[-122.37875965870796,37.79412452524699],[-122.39009006966613,37.79064455753469]]]}"
,SAN_FRANCISCO,9260949478821593088,865106.3551807599,183233.52,202509,deployment,"{""type"":""Polygon"",""coordinates"":[[[-122.40141926154602,37.78716355152709],[-122.40141926154602,37.77763391514975],[-122.39009006966613,37.78111462317189],[-122.39009006966613,37.79064455753469],[-122.40141926154602,37.78716355152709]]]}"
,SAN_FRANCISCO,9260949513181331456,911398.4125301581,256625.204,202509,deployment,"{""type"":""Polygon"",""coordinates"":[[[-122.41274723330986,37.78368150780816],[-122.41274723330986,37.77415216964588],[-122.40141926154602,37.77763391514975],[-122.40141926154602,37.78716355152709],[-122.41274723330986,37.78368150780816]]]}"
,SAN_FRANCISCO,9260949547541069824,1326409.863189389,312711.323,202509,deployment,"{""type"":""Polygon"",""coordinates"":[[[-122.41274723330986,37.793209589528665],[-122.41274723330986,37.78368150780816],[-122.40141926154602,37.78716355152709],[-122.40141926154602,37.796691931038104],[-122.41274723330986,37.793209589528665]]]}"
,SAN_FRANCISCO,9260949581900808192,1690516.2934690707,393842.172,202509,deployment,"{""type"":""Polygon"",""coordinates"":[[[-122.42407398392056,37.78972621066264],[-122.42407398392056,37.780198426962194],[-122.41274723330986,37.78368150780816],[-122.41274723330986,37.793209589528665],[-122.42407398392056,37.78972621066264]]]}"
,SAN_FRANCISCO,9260949616260546560,1448143.8232116152,328776.842,202509,deployment,"{""type"":""Polygon"",""coordinates"":[[[-122.42407398392056,37.780198426962194],[-122.42407398392056,37.77066938724461],[-122.41274723330986,37.77415216964588],[-122.41274723330986,37.78368150780816],[-122.42407398392056,37.780198426962194]]]}"
,SAN_FRANCISCO,9260949650620284928,842727.4422914023,177196.401,202509,deployment,"{""type"":""Polygon"",""coordinates"":[[[-122.4353995123419,37.77671430957378],[-122.4353995123419,37.76718556853062],[-122.42407398392056,37.77066938724461],[-122.42407398392056,37.780198426962194],[-122.4353995123419,37.77671430957378]]]}"
,SAN_FRANCISCO,9260949684980023296,781682.1687581233,173246.84,202509,deployment,"{""type"":""Polygon"",""coordinates"":[[[-122.44672381753844,37.77322915622785],[-122.44672381753844,37.7637007140889],[-122.4353995123419,37.76718556853062],[-122.4353995123419,37.77671430957378],[-122.44672381753844,37.77322915622785]]]}"
,SAN_FRANCISCO,9260949719339761664,614225.3568196037,127359.334,202509,deployment,"{""type"":""Polygon"",""coordinates"":[[[-122.44672381753844,37.78275634319929],[-122.44672381753844,37.77322915622785],[-122.4353995123419,37.77671430957378],[-122.4353995123419,37.78624179502457],[-122.44672381753844,37.78275634319929]]]}"
,SAN_FRANCISCO,9260949753699500032,979727.9653190202,211139.862,202509,deployment,"{""type"":""Polygon"",""coordinates"":[[[-122.4353995123419,37.78624179502457],[-122.4353995123419,37.77671430957378],[-122.42407398392056,37.780198426962194],[-122.42407398392056,37.78972621066264],[-122.4353995123419,37.78624179502457]]]}"
,SAN_FRANCISCO,9260949788059238400,1124544.8077012817,272373.335,202509,deployment,"{""type"":""Polygon"",""coordinates"":[[[-122.4353995123419,37.79576802437758],[-122.4353995123419,37.78624179502457],[-122.42407398392056,37.78972621066264],[-122.42407398392056,37.79925273784066],[-122.4353995123419,37.79576802437758]]]}"
,SAN_FRANCISCO,9260949822418976768,916376.3949344375,210934.816,202509,deployment,"{""type"":""Polygon"",""coordinates"":[[[-122.44672381753844,37.792282274497715],[-122.44672381753844,37.78275634319929],[-122.4353995123419,37.78624179502457],[-122.4353995123419,37.79576802437758],[-122.44672381753844,37.792282274497715]]]}"
,SAN_FRANCISCO,9260949856778715136,463015.33072844817,101642.214,202509,deployment,"{""type"":""Polygon"",""coordinates"":[[[-122.44672381753844,37.801806949618125],[-122.44672381753844,37.792282274497715],[-122.4353995123419,37.79576802437758],[-122.4353995123419,37.805292997127914],[-122.44672381753844,37.801806949618125]]]}"
,SAN_FRANCISCO,9260949891138453504,626178.4980406791,141193.23,202509,deployment,"{""type"":""Polygon"",""coordinates"":[[[-122.4353995123419,37.805292997127914],[-122.4353995123419,37.79576802437758],[-122.42407398392056,37.79925273784066],[-122.42407398392056,37.808778007991464],[-122.4353995123419,37.805292997127914]]]}"
,SAN_FRANCISCO,9260949925498191872,750252.7595980619,190596.779,202509,deployment,"{""type"":""Polygon"",""coordinates"":[[[-122.42407398392056,37.808778007991464],[-122.42407398392056,37.79925273784066],[-122.41274723330986,37.802736414302196],[-122.41274723330986,37.812261981624054],[-122.42407398392056,37.808778007991464]]]}"
,SAN_FRANCISCO,9260949959857930240,1195227.3848149707,285523.775,202509,deployment,"{""type"":""Polygon"",""coordinates"":[[[-122.42407398392056,37.79925273784066],[-122.42407398392056,37.78972621066264],[-122.41274723330986,37.793209589528665],[-122.41274723330986,37.802736414302196],[-122.42407398392056,37.79925273784066]]]}"
,SAN_FRANCISCO,9260949994217668608,895962.5531837961,226658.951,202509,deployment,"{""type"":""Polygon"",""coordinates"":[[[-122.41274723330986,37.802736414302196],[-122.41274723330986,37.793209589528665],[-122.40141926154602,37.796691931038104],[-122.40141926154602,37.806219053177706],[-122.41274723330986,37.802736414302196]]]}"
,SAN_FRANCISCO,9260950028577406976,349680.29372569075,85181.932,202509,deployment,"{""type"":""Polygon"",""coordinates"":[[[-122.41274723330986,37.812261981624054],[-122.41274723330986,37.802736414302196],[-122.40141926154602,37.806219053177706],[-122.40141926154602,37.81574491744131],[-122.41274723330986,37.812261981624054]]]}"
,SAN_FRANCISCO,9260950234735837184,79198.93989711757,20420.611,202509,deployment,"{""type"":""Polygon"",""coordinates"":[[[-122.44672381753844,37.81133036805606],[-122.44672381753844,37.801806949618125],[-122.4353995123419,37.805292997127914],[-122.4353995123419,37.81481671277122],[-122.44672381753844,37.81133036805606]]]}"
,SAN_FRANCISCO,9260956453848481792,126067.07321315185,32129.36,202509,deployment,"{""type"":""Polygon"",""coordinates"":[[[-122.45804689847544,37.807842987050236],[-122.45804689847544,37.798319866047095],[-122.44672381753844,37.801806949618125],[-122.44672381753844,37.81133036805606],[-122.45804689847544,37.807842987050236]]]}"
,SAN_FRANCISCO,9260956488208220160,181862.2342443807,45865.502,202509,deployment,"{""type"":""Polygon"",""coordinates"":[[[-122.46936875411905,37.804354570339015],[-122.46936875411905,37.79483174700018],[-122.45804689847544,37.798319866047095],[-122.45804689847544,37.807842987050236],[-122.46936875411905,37.804354570339015]]]}"
,SAN_FRANCISCO,9260956660006912000,156243.47023391182,39884.404,202509,deployment,"{""type"":""Polygon"",""coordinates"":[[[-122.49200878539423,37.7878524048216],[-122.49200878539423,37.77832892251698],[-122.48068938343609,37.78181881220991],[-122.48068938343609,37.79134259306303],[-122.49200878539423,37.7878524048216]]]}"
,SAN_FRANCISCO,9260956694366650368,197978.25818213992,43603.43,202509,deployment,"{""type"":""Polygon"",""coordinates"":[[[-122.49200878539423,37.77832892251698],[-122.49200878539423,37.76880418573406],[-122.48068938343609,37.7722937764534],[-122.48068938343609,37.78181881220991],[-122.49200878539423,37.77832892251698]]]}"
,SAN_FRANCISCO,9260956728726388736,251769.90031042736,51724.414,202509,deployment,"{""type"":""Polygon"",""coordinates"":[[[-122.48068938343609,37.78181881220991],[-122.48068938343609,37.7722937764534],[-122.46936875411905,37.77578233332807],[-122.46936875411905,37.78530766782831],[-122.48068938343609,37.78181881220991]]]}"
,SAN_FRANCISCO,9260956763086127104,72349.90373352356,20545.096,202509,deployment,"{""type"":""Polygon"",""coordinates"":[[[-122.48068938343609,37.79134259306303],[-122.48068938343609,37.78181881220991],[-122.46936875411905,37.78530766782831],[-122.46936875411905,37.79483174700018],[-122.48068938343609,37.79134259306303]]]}"
,SAN_FRANCISCO,9260956797445865472,74544.22872499118,17391.331,202509,deployment,"{""type"":""Polygon"",""coordinates"":[[[-122.46936875411905,37.79483174700018],[-122.46936875411905,37.78530766782831],[-122.45804689847544,37.78879548878615],[-122.45804689847544,37.798319866047095],[-122.46936875411905,37.79483174700018]]]}"
,SAN_FRANCISCO,9260956831805603840,202403.2767141363,48696.005,202509,deployment,"{""type"":""Polygon"",""coordinates"":[[[-122.45804689847544,37.798319866047095],[-122.45804689847544,37.78879548878615],[-122.44672381753844,37.792282274497715],[-122.44672381753844,37.801806949618125],[-122.45804689847544,37.798319866047095]]]}"
,SAN_FRANCISCO,9260956866165342208,546009.113827266,127610.534,202509,deployment,"{""type"":""Polygon"",""coordinates"":[[[-122.45804689847544,37.78879548878615],[-122.45804689847544,37.77926985577196],[-122.44672381753844,37.78275634319929],[-122.44672381753844,37.792282274497715],[-122.45804689847544,37.78879548878615]]]}"
,SAN_FRANCISCO,9260956900525080576,392735.1160087267,88648.739,202509,deployment,"{""type"":""Polygon"",""coordinates"":[[[-122.46936875411905,37.78530766782831],[-122.46936875411905,37.77578233332807],[-122.45804689847544,37.77926985577196],[-122.45804689847544,37.78879548878615],[-122.46936875411905,37.78530766782831]]]}"
,SAN_FRANCISCO,9260956934884818944,236716.39867736684,56494.373,202509,deployment,"{""type"":""Polygon"",""coordinates"":[[[-122.46936875411905,37.77578233332807],[-122.46936875411905,37.76625574400465],[-122.45804689847544,37.769742967509615],[-122.45804689847544,37.77926985577196],[-122.46936875411905,37.77578233332807]]]}"
,SAN_FRANCISCO,9260956969244557312,688602.1868434962,155566.463,202509,deployment,"{""type"":""Polygon"",""coordinates"":[[[-122.45804689847544,37.77926985577196],[-122.45804689847544,37.769742967509615],[-122.44672381753844,37.77322915622785],[-122.44672381753844,37.78275634319929],[-122.45804689847544,37.77926985577196]]]}"
,SAN_FRANCISCO,9260957003604295680,506196.8427964194,116578.303,202509,deployment,"{""type"":""Polygon"",""coordinates"":[[[-122.45804689847544,37.769742967509615],[-122.45804689847544,37.76021482450475],[-122.44672381753844,37.7637007140889],[-122.44672381753844,37.77322915622785],[-122.45804689847544,37.769742967509615]]]}"
,SAN_FRANCISCO,9260957037964034048,497673.75600889727,115303.828,202509,deployment,"{""type"":""Polygon"",""coordinates"":[[[-122.46936875411905,37.76625574400465],[-122.46936875411905,37.75672790036379],[-122.45804689847544,37.76021482450475],[-122.45804689847544,37.769742967509615],[-122.46936875411905,37.76625574400465]]]}"
,SAN_FRANCISCO,9260957072323772416,245143.51229801305,56771.553,202509,deployment,"{""type"":""Polygon"",""coordinates"":[[[-122.48068938343609,37.76276748629881],[-122.48068938343609,37.75323994225197],[-122.46936875411905,37.75672790036379],[-122.46936875411905,37.76625574400465],[-122.48068938343609,37.76276748629881]]]}"
,SAN_FRANCISCO,9260957106683510784,472710.138925429,113148.982,202509,deployment,"{""type"":""Polygon"",""coordinates"":[[[-122.48068938343609,37.7722937764534],[-122.48068938343609,37.76276748629881],[-122.46936875411905,37.76625574400465],[-122.46936875411905,37.77578233332807],[-122.48068938343609,37.7722937764534]]]}"
,SAN_FRANCISCO,9260957141043249152,153473.62475087054,35005.418,202509,deployment,"{""type"":""Polygon"",""coordinates"":[[[-122.49200878539423,37.76880418573406],[-122.49200878539423,37.75927819497827],[-122.48068938343609,37.76276748629881],[-122.48068938343609,37.7722937764534],[-122.49200878539423,37.76880418573406]]]}"
,SAN_FRANCISCO,9260957175402987520,118358.34085921486,21976.382,202509,deployment,"{""type"":""Polygon"",""coordinates"":[[[-122.49200878539423,37.75927819497827],[-122.49200878539423,37.74975095075552],[-122.48068938343609,37.75323994225197],[-122.48068938343609,37.76276748629881],[-122.49200878539423,37.75927819497827]]]}"
,SAN_FRANCISCO,9260957209762725888,95678.55141326069,17036.614,202509,deployment,"{""type"":""Polygon"",""coordinates"":[[[-122.50332695896195,37.75578787062953],[-122.50332695896195,37.74626092646101],[-122.49200878539423,37.74975095075552],[-122.49200878539423,37.75927819497827],[-122.50332695896195,37.75578787062953]]]}"
,SAN_FRANCISCO,9260957244122464256,37906.249492636314,6924.017,202509,deployment,"{""type"":""Polygon"",""coordinates"":[[[-122.51464390310842,37.75229651383939],[-122.51464390310842,37.74276986995533],[-122.50332695896195,37.74626092646101],[-122.50332695896195,37.75578787062953],[-122.51464390310842,37.75229651383939]]]}"
,SAN_FRANCISCO,9260957278482202624,60327.11896559556,13038.372,202509,deployment,"{""type"":""Polygon"",""coordinates"":[[[-122.51464390310842,37.76182190510742],[-122.51464390310842,37.75229651383939],[-122.50332695896195,37.75578787062953],[-122.50332695896195,37.7653135617565],[-122.51464390310842,37.76182190510742]]]}"
,SAN_FRANCISCO,9260957312841940992,154494.50147184284,32227.837,202509,deployment,"{""type"":""Polygon"",""coordinates"":[[[-122.50332695896195,37.7653135617565],[-122.50332695896195,37.75578787062953],[-122.49200878539423,37.75927819497827],[-122.49200878539423,37.76880418573406],[-122.50332695896195,37.7653135617565]]]}"
,SAN_FRANCISCO,9260957347201679360,121501.61408706078,28104.291,202509,deployment,"{""type"":""Polygon"",""coordinates"":[[[-122.50332695896195,37.77483799933588],[-122.50332695896195,37.7653135617565],[-122.49200878539423,37.76880418573406],[-122.49200878539423,37.77832892251698],[-122.50332695896195,37.77483799933588]]]}"
,SAN_FRANCISCO,9260957381561417728,83635.53810944749,19185.579,202509,deployment,"{""type"":""Polygon"",""coordinates"":[[[-122.50332695896195,37.78436118286217],[-122.50332695896195,37.77483799933588],[-122.49200878539423,37.77832892251698],[-122.49200878539423,37.7878524048216],[-122.50332695896195,37.78436118286217]]]}"
,SAN_FRANCISCO,9260957415921156096,50714.53561427351,9132.699,202509,deployment,"{""type"":""Polygon"",""coordinates"":[[[-122.51464390310842,37.78086892777135],[-122.51464390310842,37.771346043253274],[-122.50332695896195,37.77483799933588],[-122.50332695896195,37.78436118286217],[-122.51464390310842,37.78086892777135]]]}"
,SAN_FRANCISCO,9260957450280894464,53658.46776292522,9973.137,202509,deployment,"{""type"":""Polygon"",""coordinates"":[[[-122.51464390310842,37.771346043253274],[-122.51464390310842,37.76182190510742],[-122.50332695896195,37.7653135617565],[-122.50332695896195,37.77483799933588],[-122.51464390310842,37.771346043253274]]]}"
,SAN_FRANCISCO,9263759452585066496,116855.69609633012,30672.072,202509,deployment,"{""type"":""Polygon"",""coordinates"":[[[-122.45804689847544,37.712555306076204],[-122.45804689847544,37.70301964526381],[-122.44672381753844,37.70650373111326],[-122.44672381753844,37.716039693611755],[-122.45804689847544,37.712555306076204]]]}"
,SAN_FRANCISCO,9263759486944804864,51879.72951997931,14844.066,202509,deployment,"{""type"":""Polygon"",""coordinates"":[[[-122.45804689847544,37.722089715190904],[-122.45804689847544,37.712555306076204],[-122.44672381753844,37.716039693611755],[-122.44672381753844,37.72557440398694],[-122.45804689847544,37.722089715190904]]]}"
,SAN_FRANCISCO,9263759521304543232,55567.53466642625,14111.85,202509,deployment,"{""type"":""Polygon"",""coordinates"":[[[-122.46936875411905,37.71860399275889],[-122.46936875411905,37.70906988513516],[-122.45804689847544,37.712555306076204],[-122.45804689847544,37.722089715190904],[-122.46936875411905,37.71860399275889]]]}"
,SAN_FRANCISCO,9263759555664281600,98442.77574409629,30724.298,202509,deployment,"{""type"":""Polygon"",""coordinates"":[[[-122.46936875411905,37.70906988513516],[-122.46936875411905,37.69953452623943],[-122.45804689847544,37.70301964526381],[-122.45804689847544,37.712555306076204],[-122.46936875411905,37.70906988513516]]]}"
,SAN_FRANCISCO,9263759590024019968,49392.3742302716,12169.684,202509,deployment,"{""type"":""Polygon"",""coordinates"":[[[-122.48068938343609,37.70558343137489],[-122.48068938343609,37.69604837462648],[-122.46936875411905,37.69953452623943],[-122.46936875411905,37.70906988513516],[-122.48068938343609,37.70558343137489]]]}"
,SAN_FRANCISCO,9263759624383758336,54262.01957257495,14077.801,202509,deployment,"{""type"":""Polygon"",""coordinates"":[[[-122.48068938343609,37.71511723727709],[-122.48068938343609,37.70558343137489],[-122.46936875411905,37.70906988513516],[-122.46936875411905,37.71860399275889],[-122.48068938343609,37.71511723727709]]]}"
,SAN_FRANCISCO,9263759658743496704,39745.70614806553,11771.418,202509,deployment,"{""type"":""Polygon"",""coordinates"":[[[-122.49200878539423,37.71162944933207],[-122.49200878539423,37.702095945382],[-122.48068938343609,37.70558343137489],[-122.48068938343609,37.71511723727709],[-122.49200878539423,37.71162944933207]]]}"
,SAN_FRANCISCO,9263760449017479168,9761.19939359373,4160.727,202509,deployment,"{""type"":""Polygon"",""coordinates"":[[[-122.50332695896195,37.72720328102612],[-122.50332695896195,37.717672580774455],[-122.49200878539423,37.72116170235277],[-122.49200878539423,37.730692703935524],[-122.50332695896195,37.72720328102612]]]}"
,SAN_FRANCISCO,9263760826974601216,30116.854405212827,5316.943,202509,deployment,"{""type"":""Polygon"",""coordinates"":[[[-122.51464390310842,37.74276986995533],[-122.51464390310842,37.73324197396191],[-122.50332695896195,37.73673272975751],[-122.50332695896195,37.74626092646101],[-122.51464390310842,37.74276986995533]]]}"
,SAN_FRANCISCO,9263760861334339584,3574.6830370362377,624.534,202509,deployment,"{""type"":""Polygon"",""coordinates"":[[[-122.51464390310842,37.73324197396191],[-122.51464390310842,37.72371282636632],[-122.50332695896195,37.72720328102612],[-122.50332695896195,37.73673272975751],[-122.51464390310842,37.73324197396191]]]}"
,SAN_FRANCISCO,9263760895694077952,89213.64001831981,20114.953,202509,deployment,"{""type"":""Polygon"",""coordinates"":[[[-122.50332695896195,37.73673272975751],[-122.50332695896195,37.72720328102612],[-122.49200878539423,37.730692703935524],[-122.49200878539423,37.740222453572265],[-122.50332695896195,37.73673272975751]]]}"
,SAN_FRANCISCO,9263760930053816320,85221.05973839757,15405.11,202509,deployment,"{""type"":""Polygon"",""coordinates"":[[[-122.50332695896195,37.74626092646101],[-122.50332695896195,37.73673272975751],[-122.49200878539423,37.740222453572265],[-122.49200878539423,37.74975095075552],[-122.50332695896195,37.74626092646101]]]}"
,SAN_FRANCISCO,9263760964413554688,73154.65159360309,16656.243,202509,deployment,"{""type"":""Polygon"",""coordinates"":[[[-122.49200878539423,37.74975095075552],[-122.49200878539423,37.740222453572265],[-122.48068938343609,37.74371114481922],[-122.48068938343609,37.75323994225197],[-122.49200878539423,37.74975095075552]]]}"
,SAN_FRANCISCO,9263760998773293056,158316.14169060768,35921.194,202509,deployment,"{""type"":""Polygon"",""coordinates"":[[[-122.48068938343609,37.75323994225197],[-122.48068938343609,37.74371114481922],[-122.46936875411905,37.74719880291174],[-122.46936875411905,37.75672790036379],[-122.48068938343609,37.75323994225197]]]}"
,SAN_FRANCISCO,9263761033133031424,166162.96013691396,40172.274,202509,deployment,"{""type"":""Polygon"",""coordinates"":[[[-122.48068938343609,37.74371114481922],[-122.48068938343609,37.73418109450746],[-122.46936875411905,37.73766845215527],[-122.46936875411905,37.74719880291174],[-122.48068938343609,37.74371114481922]]]}"
,SAN_FRANCISCO,9263761067492769792,98182.4709625818,23799.984,202509,deployment,"{""type"":""Polygon"",""coordinates"":[[[-122.49200878539423,37.740222453572265],[-122.49200878539423,37.730692703935524],[-122.48068938343609,37.73418109450746],[-122.48068938343609,37.74371114481922],[-122.49200878539423,37.740222453572265]]]}"
,SAN_FRANCISCO,9263761101852508160,48023.56092581749,12077.92,202509,deployment,"{""type"":""Polygon"",""coordinates"":[[[-122.49200878539423,37.730692703935524],[-122.49200878539423,37.72116170235277],[-122.48068938343609,37.72464979182411],[-122.48068938343609,37.73418109450746],[-122.49200878539423,37.730692703935524]]]}"
,SAN_FRANCISCO,9263761136212246528,47997.444544929225,12047.415,202509,deployment,"{""type"":""Polygon"",""coordinates"":[[[-122.49200878539423,37.72116170235277],[-122.49200878539423,37.71162944933207],[-122.48068938343609,37.71511723727709],[-122.48068938343609,37.72464979182411],[-122.49200878539423,37.72116170235277]]]}"
,SAN_FRANCISCO,9263761170571984896,96885.19162805637,23557.569,202509,deployment,"{""type"":""Polygon"",""coordinates"":[[[-122.48068938343609,37.72464979182411],[-122.48068938343609,37.71511723727709],[-122.46936875411905,37.71860399275889],[-122.46936875411905,37.728136848601714],[-122.48068938343609,37.72464979182411]]]}"
,SAN_FRANCISCO,9263761204931723264,216648.01244455384,50255.081,202509,deployment,"{""type"":""Polygon"",""coordinates"":[[[-122.48068938343609,37.73418109450746],[-122.48068938343609,37.72464979182411],[-122.46936875411905,37.728136848601714],[-122.46936875411905,37.73766845215527],[-122.48068938343609,37.73418109450746]]]}"
,SAN_FRANCISCO,9263761239291461632,118433.23732978434,28576.802,202509,deployment,"{""type"":""Polygon"",""coordinates"":[[[-122.46936875411905,37.73766845215527],[-122.46936875411905,37.728136848601714],[-122.45804689847544,37.73162287209911],[-122.45804689847544,37.74115477629255],[-122.46936875411905,37.73766845215527]]]}"
,SAN_FRANCISCO,9263761273651200000,61056.907309564645,15775.297,202509,deployment,"{""type"":""Polygon"",""coordinates"":[[[-122.46936875411905,37.728136848601714],[-122.46936875411905,37.71860399275889],[-122.45804689847544,37.722089715190904],[-122.45804689847544,37.73162287209911],[-122.46936875411905,37.728136848601714]]]}"
,SAN_FRANCISCO,9263761308010938368,88204.07798183615,22756.977,202509,deployment,"{""type"":""Polygon"",""coordinates"":[[[-122.45804689847544,37.73162287209911],[-122.45804689847544,37.722089715190904],[-122.44672381753844,37.72557440398694],[-122.44672381753844,37.73510786173015],[-122.45804689847544,37.73162287209911]]]}"
,SAN_FRANCISCO,9263761342370676736,69755.432828957,16885.31,202509,deployment,"{""type"":""Polygon"",""coordinates"":[[[-122.45804689847544,37.74115477629255],[-122.45804689847544,37.73162287209911],[-122.44672381753844,37.73510786173015],[-122.44672381753844,37.74464006633321],[-122.45804689847544,37.74115477629255]]]}"
,SAN_FRANCISCO,9263761376730415104,266538.3927895083,59706.09,202509,deployment,"{""type"":""Polygon"",""coordinates"":[[[-122.45804689847544,37.7506854272635],[-122.45804689847544,37.74115477629255],[-122.44672381753844,37.74464006633321],[-122.44672381753844,37.75417101728849],[-122.45804689847544,37.7506854272635]]]}"
,SAN_FRANCISCO,9263761411090153472,202046.92136972997,45951.953,202509,deployment,"{""type"":""Polygon"",""coordinates"":[[[-122.46936875411905,37.74719880291174],[-122.46936875411905,37.73766845215527],[-122.45804689847544,37.74115477629255],[-122.45804689847544,37.7506854272635],[-122.46936875411905,37.74719880291174]]]}"
,SAN_FRANCISCO,9263761445449891840,152659.19116000162,34922.149,202509,deployment,"{""type"":""Polygon"",""coordinates"":[[[-122.46936875411905,37.75672790036379],[-122.46936875411905,37.74719880291174],[-122.45804689847544,37.7506854272635],[-122.45804689847544,37.76021482450475],[-122.46936875411905,37.75672790036379]]]}"
,SAN_FRANCISCO,9263761479809630208,122631.4738797453,31212.719,202509,deployment,"{""type"":""Polygon"",""coordinates"":[[[-122.45804689847544,37.76021482450475],[-122.45804689847544,37.7506854272635],[-122.44672381753844,37.75417101728849],[-122.44672381753844,37.7637007140889],[-122.45804689847544,37.76021482450475]]]}"
,SAN_FRANCISCO,9263761514169368576,566429.7868407957,128639.35,202509,deployment,"{""type"":""Polygon"",""coordinates"":[[[-122.44672381753844,37.7637007140889],[-122.44672381753844,37.75417101728849],[-122.4353995123419,37.75765557240103],[-122.4353995123419,37.76718556853062],[-122.44672381753844,37.7637007140889]]]}"
,SAN_FRANCISCO,9263761548529106944,401008.45635979745,88966.593,202509,deployment,"{""type"":""Polygon"",""coordinates"":[[[-122.44672381753844,37.75417101728849],[-122.44672381753844,37.74464006633321],[-122.4353995123419,37.7481243216915],[-122.4353995123419,37.75765557240103],[-122.44672381753844,37.75417101728849]]]}"
,SAN_FRANCISCO,9263761582888845312,284821.157300757,55869.678,202509,deployment,"{""type"":""Polygon"",""coordinates"":[[[-122.4353995123419,37.75765557240103],[-122.4353995123419,37.7481243216915],[-122.42407398392056,37.75160754178196],[-122.42407398392056,37.76113909201574],[-122.4353995123419,37.75765557240103]]]}"
,SAN_FRANCISCO,9263761617248583680,1001488.3533249863,219921.075,202509,deployment,"{""type"":""Polygon"",""coordinates"":[[[-122.4353995123419,37.76718556853062],[-122.4353995123419,37.75765557240103],[-122.42407398392056,37.76113909201574],[-122.42407398392056,37.77066938724461],[-122.4353995123419,37.76718556853062]]]}"
,SAN_FRANCISCO,9263761651608322048,1385932.6704971627,308212.674,202509,deployment,"{""type"":""Polygon"",""coordinates"":[[[-122.42407398392056,37.77066938724461],[-122.42407398392056,37.76113909201574],[-122.41274723330986,37.76462157554756],[-122.41274723330986,37.77415216964588],[-122.42407398392056,37.77066938724461]]]}"
,SAN_FRANCISCO,9263761685968060416,1054500.4500335925,230437.188,202509,deployment,"{""type"":""Polygon"",""coordinates"":[[[-122.41274723330986,37.77415216964588],[-122.41274723330986,37.76462157554756],[-122.40141926154602,37.76810302241174],[-122.40141926154602,37.77763391514975],[-122.41274723330986,37.77415216964588]]]}"
,SAN_FRANCISCO,9263761720327798784,673073.1514333708,134335.781,202509,deployment,"{""type"":""Polygon"",""coordinates"":[[[-122.41274723330986,37.76462157554756],[-122.41274723330986,37.75508972601948],[-122.40141926154602,37.75857087381922],[-122.40141926154602,37.76810302241174],[-122.41274723330986,37.76462157554756]]]}"
,SAN_FRANCISCO,9263761754687537152,683913.4977601577,143058.007,202509,deployment,"{""type"":""Polygon"",""coordinates"":[[[-122.42407398392056,37.76113909201574],[-122.42407398392056,37.75160754178196],[-122.41274723330986,37.75508972601948],[-122.41274723330986,37.76462157554756],[-122.42407398392056,37.76113909201574]]]}"
,SAN_FRANCISCO,9263761789047275520,569711.9739019211,123265.691,202509,deployment,"{""type"":""Polygon"",""coordinates"":[[[-122.42407398392056,37.75160754178196],[-122.42407398392056,37.74207473705015],[-122.41274723330986,37.7455566215684],[-122.41274723330986,37.75508972601948],[-122.42407398392056,37.75160754178196]]]}"
,SAN_FRANCISCO,9263761823407013888,669595.5013881474,133641.403,202509,deployment,"{""type"":""Polygon"",""coordinates"":[[[-122.41274723330986,37.75508972601948],[-122.41274723330986,37.7455566215684],[-122.40141926154602,37.74903746987886],[-122.40141926154602,37.75857087381922],[-122.41274723330986,37.75508972601948]]]}"
,SAN_FRANCISCO,9263761857766752256,408156.4837013345,93754.557,202509,deployment,"{""type"":""Polygon"",""coordinates"":[[[-122.41274723330986,37.7455566215684],[-122.41274723330986,37.736022262701674],[-122.40141926154602,37.739502811097886],[-122.40141926154602,37.74903746987886],[-122.41274723330986,37.7455566215684]]]}"
,SAN_FRANCISCO,9263761892126490624,126383.38515492181,28205.82,202509,deployment,"{""type"":""Polygon"",""coordinates"":[[[-122.42407398392056,37.74207473705015],[-122.42407398392056,37.73254067832776],[-122.41274723330986,37.736022262701674],[-122.41274723330986,37.7455566215684],[-122.42407398392056,37.74207473705015]]]}"
,SAN_FRANCISCO,9263761926486228992,404030.92228558403,92355.532,202509,deployment,"{""type"":""Polygon"",""coordinates"":[[[-122.4353995123419,37.738591816909],[-122.4353995123419,37.72905805856108],[-122.42407398392056,37.73254067832776],[-122.42407398392056,37.74207473705015],[-122.4353995123419,37.738591816909]]]}"
,SAN_FRANCISCO,9263761960845967360,239453.20786857195,46359.793,202509,deployment,"{""type"":""Polygon"",""coordinates"":[[[-122.4353995123419,37.7481243216915],[-122.4353995123419,37.738591816909],[-122.42407398392056,37.74207473705015],[-122.42407398392056,37.75160754178196],[-122.4353995123419,37.7481243216915]]]}"
,SAN_FRANCISCO,9263761995205705728,141640.0191784993,35182.854,202509,deployment,"{""type"":""Polygon"",""coordinates"":[[[-122.44672381753844,37.74464006633321],[-122.44672381753844,37.73510786173015],[-122.4353995123419,37.738591816909],[-122.4353995123419,37.7481243216915],[-122.44672381753844,37.74464006633321]]]}"
,SAN_FRANCISCO,9263762029565444096,201180.84220003785,50640.046,202509,deployment,"{""type"":""Polygon"",""coordinates"":[[[-122.44672381753844,37.73510786173015],[-122.44672381753844,37.72557440398694],[-122.4353995123419,37.72905805856108],[-122.4353995123419,37.738591816909],[-122.44672381753844,37.73510786173015]]]}"
,SAN_FRANCISCO,9263762063925182464,196162.10550420018,46706.511,202509,deployment,"{""type"":""Polygon"",""coordinates"":[[[-122.44672381753844,37.72557440398694],[-122.44672381753844,37.716039693611755],[-122.4353995123419,37.7195230471558],[-122.4353995123419,37.72905805856108],[-122.44672381753844,37.72557440398694]]]}"
,SAN_FRANCISCO,9263762098284920832,139232.66982811657,31312.74,202509,deployment,"{""type"":""Polygon"",""coordinates"":[[[-122.4353995123419,37.72905805856108],[-122.4353995123419,37.7195230471558],[-122.42407398392056,37.72300536612271],[-122.42407398392056,37.73254067832776],[-122.4353995123419,37.72905805856108]]]}"
,SAN_FRANCISCO,9263762132644659200,56090.21207763159,10316.32,202509,deployment,"{""type"":""Polygon"",""coordinates"":[[[-122.4353995123419,37.7195230471558],[-122.4353995123419,37.709986783201735],[-122.42407398392056,37.71346880094351],[-122.42407398392056,37.72300536612271],[-122.4353995123419,37.7195230471558]]]}"
,SAN_FRANCISCO,9263762167004397568,104490.2685770106,21581.265,202509,deployment,"{""type"":""Polygon"",""coordinates"":[[[-122.44672381753844,37.716039693611755],[-122.44672381753844,37.70650373111326],[-122.4353995123419,37.709986783201735],[-122.4353995123419,37.7195230471558],[-122.44672381753844,37.716039693611755]]]}"
,SAN_FRANCISCO,9263762304443351040,25892.52477915903,6825.217,202509,deployment,"{""type"":""Polygon"",""coordinates"":[[[-122.4353995123419,37.709986783201735],[-122.4353995123419,37.70044926720799],[-122.42407398392056,37.70393098329916],[-122.42407398392056,37.71346880094351],[-122.4353995123419,37.709986783201735]]]}"
,SAN_FRANCISCO,9263762338803089408,30623.59413311946,6355.026,202509,deployment,"{""type"":""Polygon"",""coordinates"":[[[-122.42407398392056,37.71346880094351],[-122.42407398392056,37.70393098329916],[-122.41274723330986,37.7074116646887],[-122.41274723330986,37.71694978375318],[-122.42407398392056,37.71346880094351]]]}"
,SAN_FRANCISCO,9263762407522566144,16843.1100928657,10233.473,202509,deployment,"{""type"":""Polygon"",""coordinates"":[[[-122.41274723330986,37.7074116646887],[-122.41274723330986,37.69787229324313],[-122.40141926154602,37.70135163773079],[-122.40141926154602,37.71089131079144],[-122.41274723330986,37.7074116646887]]]}"
,SAN_FRANCISCO,9263762441882304512,25011.495565269237,9087.931,202509,deployment,"{""type"":""Polygon"",""coordinates"":[[[-122.41274723330986,37.71694978375318],[-122.41274723330986,37.7074116646887],[-122.40141926154602,37.71089131079144],[-122.40141926154602,37.72042973104564],[-122.41274723330986,37.71694978375318]]]}"
,SAN_FRANCISCO,9263762476242042880,77809.38430172091,19942.074,202509,deployment,"{""type"":""Polygon"",""coordinates"":[[[-122.41274723330986,37.726486649927146],[-122.41274723330986,37.71694978375318],[-122.40141926154602,37.72042973104564],[-122.40141926154602,37.729966897984056],[-122.41274723330986,37.726486649927146]]]}"
,SAN_FRANCISCO,9263762510601781248,19309.860611345397,3298.209,202509,deployment,"{""type"":""Polygon"",""coordinates"":[[[-122.42407398392056,37.72300536612271],[-122.42407398392056,37.71346880094351],[-122.41274723330986,37.71694978375318],[-122.41274723330986,37.726486649927146],[-122.42407398392056,37.72300536612271]]]}"
,SAN_FRANCISCO,9263762544961519616,188340.97004730027,44251.583,202509,deployment,"{""type"":""Polygon"",""coordinates"":[[[-122.42407398392056,37.73254067832776],[-122.42407398392056,37.72300536612271],[-122.41274723330986,37.726486649927146],[-122.41274723330986,37.736022262701674],[-122.42407398392056,37.73254067832776]]]}"
,SAN_FRANCISCO,9263762579321257984,221834.37651733035,54485.585,202509,deployment,"{""type"":""Polygon"",""coordinates"":[[[-122.41274723330986,37.736022262701674],[-122.41274723330986,37.726486649927146],[-122.40141926154602,37.729966897984056],[-122.40141926154602,37.739502811097886],[-122.41274723330986,37.736022262701674]]]}"
,SAN_FRANCISCO,9263762613680996352,145112.64787610472,26200.817,202509,deployment,"{""type"":""Polygon"",""coordinates"":[[[-122.40141926154602,37.739502811097886],[-122.40141926154602,37.729966897984056],[-122.39009006966613,37.733446109708744],[-122.39009006966613,37.74298232293175],[-122.40141926154602,37.739502811097886]]]}"
,SAN_FRANCISCO,9263762648040734720,23237.384693262153,4334.544,202509,deployment,"{""type"":""Polygon"",""coordinates"":[[[-122.39009006966613,37.74298232293175],[-122.39009006966613,37.733446109708744],[-122.37875965870796,37.73692428451682],[-122.37875965870796,37.746460797618944],[-122.39009006966613,37.74298232293175]]]}"
,SAN_FRANCISCO,9263762682400473088,29939.668324427108,6085.689,202509,deployment,"{""type"":""Polygon"",""coordinates"":[[[-122.39009006966613,37.733446109708744],[-122.39009006966613,37.723908642236104],[-122.37875965870796,37.72738651674011],[-122.37875965870796,37.73692428451682],[-122.39009006966613,37.733446109708744]]]}"
,SAN_FRANCISCO,9263762716760211456,63498.74700485114,13762.849,202509,deployment,"{""type"":""Polygon"",""coordinates"":[[[-122.40141926154602,37.729966897984056],[-122.40141926154602,37.72042973104564],[-122.39009006966613,37.723908642236104],[-122.39009006966613,37.733446109708744],[-122.40141926154602,37.729966897984056]]]}"
,SAN_FRANCISCO,9263762751119949824,49602.92576776248,17808.003,202509,deployment,"{""type"":""Polygon"",""coordinates"":[[[-122.40141926154602,37.72042973104564],[-122.40141926154602,37.71089131079144],[-122.39009006966613,37.71436992102252],[-122.39009006966613,37.723908642236104],[-122.40141926154602,37.72042973104564]]]}"
,SAN_FRANCISCO,9263762785479688192,10624.502996842635,7555.3,202509,deployment,"{""type"":""Polygon"",""coordinates"":[[[-122.40141926154602,37.71089131079144],[-122.40141926154602,37.70135163773079],[-122.39009006966613,37.704829946577235],[-122.39009006966613,37.71436992102252],[-122.40141926154602,37.71089131079144]]]}"
,SAN_FRANCISCO,9263762819839426560,2231.8286462976153,605.416,202509,deployment,"{""type"":""Polygon"",""coordinates"":[[[-122.39009006966613,37.71436992102252],[-122.39009006966613,37.704829946577235],[-122.37875965870796,37.70830721919787],[-122.37875965870796,37.71784749479742],[-122.39009006966613,37.71436992102252]]]}"
,SAN_FRANCISCO,9263762854199164928,8778.407292364855,1168.686,202509,deployment,"{""type"":""Polygon"",""coordinates"":[[[-122.39009006966613,37.723908642236104],[-122.39009006966613,37.71436992102252],[-122.37875965870796,37.71784749479742],[-122.37875965870796,37.72738651674011],[-122.39009006966613,37.723908642236104]]]}"
,SAN_FRANCISCO,9263762888558903296,3000.6829409416177,656.663,202509,deployment,"{""type"":""Polygon"",""coordinates"":[[[-122.37875965870796,37.72738651674011],[-122.37875965870796,37.71784749479742],[-122.36742802971013,37.7213240315319],[-122.36742802971013,37.730863353973504],[-122.37875965870796,37.72738651674011]]]}"
,SAN_FRANCISCO,9263763060357595136,6536.152344791971,1351.182,202509,deployment,"{""type"":""Polygon"",""coordinates"":[[[-122.37875965870796,37.73692428451682],[-122.37875965870796,37.72738651674011],[-122.36742802971013,37.730863353973504],[-122.36742802971013,37.74040142182418],[-122.37875965870796,37.73692428451682]]]}"
,SAN_FRANCISCO,9263763094717333504,278.6481568729952,66.147,202509,deployment,"{""type"":""Polygon"",""coordinates"":[[[-122.37875965870796,37.746460797618944],[-122.37875965870796,37.73692428451682],[-122.36742802971013,37.74040142182418],[-122.36742802971013,37.74993823457547],[-122.37875965870796,37.746460797618944]]]}"
,SAN_FRANCISCO,9263763300875763712,27569.796988198254,6582.944,202509,deployment,"{""type"":""Polygon"",""coordinates"":[[[-122.39009006966613,37.75251728139695],[-122.39009006966613,37.74298232293175],[-122.37875965870796,37.746460797618944],[-122.37875965870796,37.75599605553843],[-122.39009006966613,37.75251728139695]]]}"
,SAN_FRANCISCO,9263763335235502080,744306.1670980677,148950.213,202509,deployment,"{""type"":""Polygon"",""coordinates"":[[[-122.40141926154602,37.74903746987886],[-122.40141926154602,37.739502811097886],[-122.39009006966613,37.74298232293175],[-122.39009006966613,37.75251728139695],[-122.40141926154602,37.74903746987886]]]}"
,SAN_FRANCISCO,9263763369595240448,358598.79716461967,80166.42,202509,deployment,"{""type"":""Polygon"",""coordinates"":[[[-122.40141926154602,37.75857087381922],[-122.40141926154602,37.74903746987886],[-122.39009006966613,37.75251728139695],[-122.39009006966613,37.76205098459669],[-122.40141926154602,37.75857087381922]]]}"
,SAN_FRANCISCO,9263763403954978816,112042.6415118424,27109.145,202509,deployment,"{""type"":""Polygon"",""coordinates"":[[[-122.39009006966613,37.76205098459669],[-122.39009006966613,37.75251728139695],[-122.37875965870796,37.75599605553843],[-122.37875965870796,37.76553005776772],[-122.39009006966613,37.76205098459669]]]}"
,SAN_FRANCISCO,9263763438314717184,141565.84115426202,41172.018,202509,deployment,"{""type"":""Polygon"",""coordinates"":[[[-122.39009006966613,37.77158343202387],[-122.39009006966613,37.76205098459669],[-122.37875965870796,37.76553005776772],[-122.37875965870796,37.77506280379982],[-122.39009006966613,37.77158343202387]]]}"
,SAN_FRANCISCO,9263763472674455552,586486.1393475849,124323.447,202509,deployment,"{""type"":""Polygon"",""coordinates"":[[[-122.40141926154602,37.76810302241174],[-122.40141926154602,37.75857087381922],[-122.39009006966613,37.76205098459669],[-122.39009006966613,37.77158343202387],[-122.40141926154602,37.76810302241174]]]}"
,SAN_FRANCISCO,9263763507034193920,841941.7894829036,221751.863,202509,deployment,"{""type"":""Polygon"",""coordinates"":[[[-122.40141926154602,37.77763391514975],[-122.40141926154602,37.76810302241174],[-122.39009006966613,37.77158343202387],[-122.39009006966613,37.78111462317189],[-122.40141926154602,37.77763391514975]]]}"
,SAN_FRANCISCO,9263763541393932288,48772.61406243891,14664.942,202509,deployment,"{""type"":""Polygon"",""coordinates"":[[[-122.39009006966613,37.78111462317189],[-122.39009006966613,37.77158343202387],[-122.37875965870796,37.77506280379982],[-122.37875965870796,37.78459429312823],[-122.39009006966613,37.78111462317189]]]}"
