{"type":"FeatureCollection","metadata":{"dataset":"Waymo S2 operational-mileage cells","vintage_end":"202509","phase":"deployment"},"features":[{"type":"Feature","properties":{"state":"","county":"AUSTIN","s2_cell":"9675052805114560512","waymo_ro_miles":9.636481512251185,"incremental_miles":9.636,"vintage_end":"202509","exposure_phase":"deployment"},"geometry":{"type":"Polygon","coordinates":[[[-97.68737060664283,30.19886710953289],[-97.68737060664283,30.18739406044232],[-97.67651571401332,30.188030443282756],[-97.67651571401332,30.19950363724946],[-97.68737060664283,30.19886710953289]]]}},{"type":"Feature","properties":{"state":"","county":"AUSTIN","s2_cell":"9675052839474298880","waymo_ro_miles":26.725396896091045,"incremental_miles":26.725,"vintage_end":"202509","exposure_phase":"deployment"},"geometry":{"type":"Polygon","coordinates":[[[-97.68737060664283,30.210339170152974],[-97.68737060664283,30.19886710953289],[-97.67651571401332,30.19950363724946],[-97.67651571401332,30.210975842631118],[-97.68737060664283,30.210339170152974]]]}},{"type":"Feature","properties":{"state":"","county":"AUSTIN","s2_cell":"9675052908193775616","waymo_ro_miles":303.43887337308115,"incremental_miles":303.439,"vintage_end":"202509","exposure_phase":"deployment"},"geometry":{"type":"Polygon","coordinates":[[[-97.69822718000074,30.198229580769112],[-97.69822718000074,30.186756676788185],[-97.68737060664283,30.18739406044232],[-97.68737060664283,30.19886710953289],[-97.69822718000074,30.198229580769112]]]}},{"type":"Feature","properties":{"state":"","county":"AUSTIN","s2_cell":"9675054763619647488","waymo_ro_miles":1516.7351423055545,"incremental_miles":1516.735,"vintage_end":"202509","exposure_phase":"deployment"},"geometry":{"type":"Polygon","coordinates":[[[-97.75253521988041,30.18355473346533],[-97.75253521988041,30.172081571923766],[-97.74167025909962,30.17272381875606],[-97.74167025909962,30.184197126692126],[-97.75253521988041,30.18355473346533]]]}},{"type":"Feature","properties":{"state":"","county":"AUSTIN","s2_cell":"9675054797979385856","waymo_ro_miles":188.3000258365856,"incremental_miles":188.3,"vintage_end":"202509","exposure_phase":"deployment"},"geometry":{"type":"Polygon","coordinates":[[[-97.76340185489671,30.18291133722535],[-97.76340185489671,30.171438322312646],[-97.75253521988041,30.172081571923766],[-97.75253521988041,30.18355473346533],[-97.76340185489671,30.18291133722535]]]}},{"type":"Feature","properties":{"state":"","county":"AUSTIN","s2_cell":"9675054901058600960","waymo_ro_miles":1.6942217511477322,"incremental_miles":1.694,"vintage_end":"202509","exposure_phase":"deployment"},"geometry":{"type":"Polygon","coordinates":[[[-97.78514014329618,30.17014881329274],[-97.78514014329618,30.15867510723818],[-97.7742701630638,30.15932021628872],[-97.7742701630638,30.170794069557328],[-97.78514014329618,30.17014881329274]]]}},{"type":"Feature","properties":{"state":"","county":"AUSTIN","s2_cell":"9675054935418339328","waymo_ro_miles":2236.478934572596,"incremental_miles":2236.479,"vintage_end":"202509","exposure_phase":"deployment"},"geometry":{"type":"Polygon","coordinates":[[[-97.78514014329618,30.181621534244204],[-97.78514014329618,30.17014881329274],[-97.7742701630638,30.170794069557328],[-97.7742701630638,30.182266937606695],[-97.78514014329618,30.181621534244204]]]}},{"type":"Feature","properties":{"state":"","county":"AUSTIN","s2_cell":"9675055004137816064","waymo_ro_miles":5114.811434544163,"incremental_miles":5114.811,"vintage_end":"202509","exposure_phase":"deployment"},"geometry":{"type":"Polygon","coordinates":[[[-97.7742701630638,30.193738819272284],[-97.7742701630638,30.182266937606695],[-97.76340185489671,30.18291133722535],[-97.76340185489671,30.194383365638306],[-97.7742701630638,30.193738819272284]]]}},{"type":"Feature","properties":{"state":"","county":"AUSTIN","s2_cell":"9675055038497554432","waymo_ro_miles":8769.888815669286,"incremental_miles":8769.889,"vintage_end":"202509","exposure_phase":"deployment"},"geometry":{"type":"Polygon","coordinates":[[[-97.78514014329618,30.19309326892803],[-97.78514014329618,30.181621534244204],[-97.7742701630638,30.182266937606695],[-97.7742701630638,30.193738819272284],[-97.78514014329618,30.19309326892803]]]}},{"type":"Feature","properties":{"state":"","county":"AUSTIN","s2_cell":"9675055072857292800","waymo_ro_miles":11550.094667640356,"incremental_miles":11550.095,"vintage_end":"202509","exposure_phase":"deployment"},"geometry":{"type":"Polygon","coordinates":[[[-97.78514014329618,30.204564016180388],[-97.78514014329618,30.19309326892803],[-97.7742701630638,30.193738819272284],[-97.7742701630638,30.20520971339025],[-97.78514014329618,30.204564016180388]]]}},{"type":"Feature","properties":{"state":"","county":"AUSTIN","s2_cell":"9675055107217031168","waymo_ro_miles":12224.929110950468,"incremental_miles":12224.929,"vintage_end":"202509","exposure_phase":"deployment"},"geometry":{"type":"Polygon","coordinates":[[[-97.7742701630638,30.20520971339025],[-97.7742701630638,30.193738819272284],[-97.76340185489671,30.194383365638306],[-97.76340185489671,30.205854406387655],[-97.7742701630638,30.20520971339025]]]}},{"type":"Feature","properties":{"state":"","county":"AUSTIN","s2_cell":"9675055141576769536","waymo_ro_miles":12331.967032348612,"incremental_miles":12331.967,"vintage_end":"202509","exposure_phase":"deployment"},"geometry":{"type":"Polygon","coordinates":[[[-97.76340185489671,30.205854406387655],[-97.76340185489671,30.194383365638306],[-97.75253521988041,30.19502690839136],[-97.75253521988041,30.20649809553799],[-97.76340185489671,30.205854406387655]]]}},{"type":"Feature","properties":{"state":"","county":"AUSTIN","s2_cell":"9675055175936507904","waymo_ro_miles":7598.036108018086,"incremental_miles":7598.036,"vintage_end":"202509","exposure_phase":"deployment"},"geometry":{"type":"Polygon","coordinates":[[[-97.76340185489671,30.194383365638306],[-97.76340185489671,30.18291133722535],[-97.75253521988041,30.18355473346533],[-97.75253521988041,30.19502690839136],[-97.76340185489671,30.194383365638306]]]}},{"type":"Feature","properties":{"state":"","county":"AUSTIN","s2_cell":"9675055210296246272","waymo_ro_miles":15031.199059397368,"incremental_miles":15031.199,"vintage_end":"202509","exposure_phase":"deployment"},"geometry":{"type":"Polygon","coordinates":[[[-97.75253521988041,30.19502690839136],[-97.75253521988041,30.18355473346533],[-97.74167025909962,30.184197126692126],[-97.74167025909962,30.195669447897057],[-97.75253521988041,30.19502690839136]]]}},{"type":"Feature","properties":{"state":"","county":"AUSTIN","s2_cell":"9675055244655984640","waymo_ro_miles":6953.3426547173685,"incremental_miles":6953.343,"vintage_end":"202509","exposure_phase":"deployment"},"geometry":{"type":"Polygon","coordinates":[[[-97.75253521988041,30.20649809553799],[-97.75253521988041,30.19502690839136],[-97.74167025909962,30.195669447897057],[-97.74167025909962,30.207140781206956],[-97.75253521988041,30.20649809553799]]]}},{"type":"Feature","properties":{"state":"","county":"AUSTIN","s2_cell":"9675055279015723008","waymo_ro_miles":13417.998914891059,"incremental_miles":13413.875,"vintage_end":"202509","exposure_phase":"deployment"},"geometry":{"type":"Polygon","coordinates":[[[-97.74167025909962,30.207140781206956],[-97.74167025909962,30.195669447897057],[-97.73080697363837,30.196310984521308],[-97.73080697363837,30.20778246376059],[-97.74167025909962,30.207140781206956]]]}},{"type":"Feature","properties":{"state":"","county":"AUSTIN","s2_cell":"9675055313375461376","waymo_ro_miles":22691.737509680046,"incremental_miles":17789.619,"vintage_end":"202509","exposure_phase":"deployment"},"geometry":{"type":"Polygon","coordinates":[[[-97.73080697363837,30.20778246376059],[-97.73080697363837,30.196310984521308],[-97.71994536457991,30.196951518630314],[-97.71994536457991,30.208423143565195],[-97.73080697363837,30.20778246376059]]]}},{"type":"Feature","properties":{"state":"","county":"AUSTIN","s2_cell":"9675055347735199744","waymo_ro_miles":13515.138885578932,"incremental_miles":13514.12,"vintage_end":"202509","exposure_phase":"deployment"},"geometry":{"type":"Polygon","coordinates":[[[-97.73080697363837,30.196310984521308],[-97.73080697363837,30.184838517271555],[-97.71994536457991,30.1854789055697],[-97.71994536457991,30.196951518630314],[-97.73080697363837,30.196310984521308]]]}},{"type":"Feature","properties":{"state":"","county":"AUSTIN","s2_cell":"9675055382094938112","waymo_ro_miles":19884.783209941572,"incremental_miles":19884.74,"vintage_end":"202509","exposure_phase":"deployment"},"geometry":{"type":"Polygon","coordinates":[[[-97.74167025909962,30.195669447897057],[-97.74167025909962,30.184197126692126],[-97.73080697363837,30.184838517271555],[-97.73080697363837,30.196310984521308],[-97.74167025909962,30.195669447897057]]]}},{"type":"Feature","properties":{"state":"","county":"AUSTIN","s2_cell":"9675055450814414848","waymo_ro_miles":676.3501590260557,"incremental_miles":676.35,"vintage_end":"202509","exposure_phase":"deployment"},"geometry":{"type":"Polygon","coordinates":[[[-97.74167025909962,30.17272381875606],[-97.74167025909962,30.161249525253425],[-97.73080697363837,30.161890623396896],[-97.73080697363837,30.173365063175222],[-97.74167025909962,30.17272381875606]]]}},{"type":"Feature","properties":{"state":"","county":"AUSTIN","s2_cell":"9675055485174153216","waymo_ro_miles":273.29219268882946,"incremental_miles":273.292,"vintage_end":"202509","exposure_phase":"deployment"},"geometry":{"type":"Polygon","coordinates":[[[-97.73080697363837,30.173365063175222],[-97.73080697363837,30.161890623396896],[-97.71994536457991,30.162530719727545],[-97.71994536457991,30.17400530554724],[-97.73080697363837,30.173365063175222]]]}},{"type":"Feature","properties":{"state":"","county":"AUSTIN","s2_cell":"9675055519533891584","waymo_ro_miles":0.005290190484844405,"incremental_miles":0.005,"vintage_end":"202509","exposure_phase":"deployment"},"geometry":{"type":"Polygon","coordinates":[[[-97.73080697363837,30.184838517271555],[-97.73080697363837,30.173365063175222],[-97.71994536457991,30.17400530554724],[-97.71994536457991,30.1854789055697],[-97.73080697363837,30.184838517271555]]]}},{"type":"Feature","properties":{"state":"","county":"AUSTIN","s2_cell":"9675055691332583424","waymo_ro_miles":4208.088712255817,"incremental_miles":4208.089,"vintage_end":"202509","exposure_phase":"deployment"},"geometry":{"type":"Polygon","coordinates":[[[-97.70908543300678,30.197591050590635],[-97.70908543300678,30.186118291952997],[-97.69822718000074,30.186756676788185],[-97.69822718000074,30.198229580769112],[-97.70908543300678,30.197591050590635]]]}},{"type":"Feature","properties":{"state":"","county":"AUSTIN","s2_cell":"9675055725692321792","waymo_ro_miles":20.698380559055515,"incremental_miles":20.698,"vintage_end":"202509","exposure_phase":"deployment"},"geometry":{"type":"Polygon","coordinates":[[[-97.71994536457991,30.196951518630314],[-97.71994536457991,30.1854789055697],[-97.70908543300678,30.186118291952997],[-97.70908543300678,30.197591050590635],[-97.71994536457991,30.196951518630314]]]}},{"type":"Feature","properties":{"state":"","county":"AUSTIN","s2_cell":"9675055760052060160","waymo_ro_miles":134159.5706226663,"incremental_miles":67963.914,"vintage_end":"202509","exposure_phase":"deployment"},"geometry":{"type":"Polygon","coordinates":[[[-97.71994536457991,30.208423143565195],[-97.71994536457991,30.196951518630314],[-97.70908543300678,30.197591050590635],[-97.70908543300678,30.20906282098744],[-97.71994536457991,30.208423143565195]]]}},{"type":"Feature","properties":{"state":"","county":"AUSTIN","s2_cell":"9675055794411798528","waymo_ro_miles":3935.047387465734,"incremental_miles":3935.047,"vintage_end":"202509","exposure_phase":"deployment"},"geometry":{"type":"Polygon","coordinates":[[[-97.70908543300678,30.20906282098744],[-97.70908543300678,30.197591050590635],[-97.69822718000074,30.198229580769112],[-97.69822718000074,30.20970149639428],[-97.70908543300678,30.20906282098744]]]}},{"type":"Feature","properties":{"state":"","county":"AUSTIN","s2_cell":"9675055828771536896","waymo_ro_miles":22499.484483882392,"incremental_miles":8502.293,"vintage_end":"202509","exposure_phase":"deployment"},"geometry":{"type":"Polygon","coordinates":[[[-97.70908543300678,30.220533601980172],[-97.70908543300678,30.20906282098744],[-97.69822718000074,30.20970149639428],[-97.69822718000074,30.221172422500445],[-97.70908543300678,30.220533601980172]]]}},{"type":"Feature","properties":{"state":"","county":"AUSTIN","s2_cell":"9675055863131275264","waymo_ro_miles":139085.53716500552,"incremental_miles":71573.485,"vintage_end":"202509","exposure_phase":"deployment"},"geometry":{"type":"Polygon","coordinates":[[[-97.71994536457991,30.2198937792111],[-97.71994536457991,30.208423143565195],[-97.70908543300678,30.20906282098744],[-97.70908543300678,30.220533601980172],[-97.71994536457991,30.2198937792111]]]}},{"type":"Feature","properties":{"state":"","county":"AUSTIN","s2_cell":"9675055897491013632","waymo_ro_miles":44617.469754550846,"incremental_miles":17957.739,"vintage_end":"202509","exposure_phase":"deployment"},"geometry":{"type":"Polygon","coordinates":[[[-97.71994536457991,30.23136342440552],[-97.71994536457991,30.2198937792111],[-97.70908543300678,30.220533601980172],[-97.70908543300678,30.23200339240629],[-97.71994536457991,30.23136342440552]]]}},{"type":"Feature","properties":{"state":"","county":"AUSTIN","s2_cell":"9675055931850752000","waymo_ro_miles":66113.8230330465,"incremental_miles":27937.853,"vintage_end":"202509","exposure_phase":"deployment"},"geometry":{"type":"Polygon","coordinates":[[[-97.70908543300678,30.23200339240629],[-97.70908543300678,30.220533601980172],[-97.69822718000074,30.221172422500445],[-97.69822718000074,30.232642357925062],[-97.70908543300678,30.23200339240629]]]}},{"type":"Feature","properties":{"state":"","county":"AUSTIN","s2_cell":"9675056000570228736","waymo_ro_miles":24912.396584039445,"incremental_miles":12321.421,"vintage_end":"202509","exposure_phase":"deployment"},"geometry":{"type":"Polygon","coordinates":[[[-97.70908543300678,30.25493999691198],[-97.70908543300678,30.243472191103944],[-97.69822718000074,30.244111301506265],[-97.69822718000074,30.25557925208289],[-97.70908543300678,30.25493999691198]]]}},{"type":"Feature","properties":{"state":"","county":"AUSTIN","s2_cell":"9675056034929967104","waymo_ro_miles":60595.40412388614,"incremental_miles":42216.041,"vintage_end":"202509","exposure_phase":"deployment"},"geometry":{"type":"Polygon","coordinates":[[[-97.71994536457991,30.254299738793186],[-97.71994536457991,30.242832077986595],[-97.70908543300678,30.243472191103944],[-97.70908543300678,30.25493999691198],[-97.71994536457991,30.254299738793186]]]}},{"type":"Feature","properties":{"state":"","county":"AUSTIN","s2_cell":"9675056069289705472","waymo_ro_miles":40322.28881346065,"incremental_miles":22892.7,"vintage_end":"202509","exposure_phase":"deployment"},"geometry":{"type":"Polygon","coordinates":[[[-97.71994536457991,30.242832077986595],[-97.71994536457991,30.23136342440552],[-97.70908543300678,30.23200339240629],[-97.70908543300678,30.243472191103944],[-97.71994536457991,30.242832077986595]]]}},{"type":"Feature","properties":{"state":"","county":"AUSTIN","s2_cell":"9675056103649443840","waymo_ro_miles":149085.14253992648,"incremental_miles":70844.73,"vintage_end":"202509","exposure_phase":"deployment"},"geometry":{"type":"Polygon","coordinates":[[[-97.73080697363837,30.24219096178692],[-97.73080697363837,30.230722453555565],[-97.71994536457991,30.23136342440552],[-97.71994536457991,30.242832077986595],[-97.73080697363837,30.24219096178692]]]}},{"type":"Feature","properties":{"state":"","county":"AUSTIN","s2_cell":"9675056138009182208","waymo_ro_miles":62138.9804011218,"incremental_miles":27411.939,"vintage_end":"202509","exposure_phase":"deployment"},"geometry":{"type":"Polygon","coordinates":[[[-97.73080697363837,30.25365847735911],[-97.73080697363837,30.24219096178692],[-97.71994536457991,30.242832077986595],[-97.71994536457991,30.254299738793186],[-97.73080697363837,30.25365847735911]]]}},{"type":"Feature","properties":{"state":"","county":"AUSTIN","s2_cell":"9675056172368920576","waymo_ro_miles":254062.9271771529,"incremental_miles":96365.041,"vintage_end":"202509","exposure_phase":"deployment"},"geometry":{"type":"Polygon","coordinates":[[[-97.74167025909962,30.253016212242656],[-97.74167025909962,30.241548842137945],[-97.73080697363837,30.24219096178692],[-97.73080697363837,30.25365847735911],[-97.74167025909962,30.253016212242656]]]}},{"type":"Feature","properties":{"state":"","county":"AUSTIN","s2_cell":"9675056206728658944","waymo_ro_miles":119233.84273259151,"incremental_miles":48264.95,"vintage_end":"202509","exposure_phase":"deployment"},"geometry":{"type":"Polygon","coordinates":[[[-97.74167025909962,30.241548842137945],[-97.74167025909962,30.230080479489565],[-97.73080697363837,30.230722453555565],[-97.73080697363837,30.24219096178692],[-97.74167025909962,30.241548842137945]]]}},{"type":"Feature","properties":{"state":"","county":"AUSTIN","s2_cell":"9675056241088397312","waymo_ro_miles":48629.20170214948,"incremental_miles":20202.954,"vintage_end":"202509","exposure_phase":"deployment"},"geometry":{"type":"Polygon","coordinates":[[[-97.74167025909962,30.230080479489565],[-97.74167025909962,30.218611125458633],[-97.73080697363837,30.219252953826178],[-97.73080697363837,30.230722453555565],[-97.74167025909962,30.230080479489565]]]}},{"type":"Feature","properties":{"state":"","county":"AUSTIN","s2_cell":"9675056275448135680","waymo_ro_miles":106522.46746381497,"incremental_miles":60911.618,"vintage_end":"202509","exposure_phase":"deployment"},"geometry":{"type":"Polygon","coordinates":[[[-97.73080697363837,30.230722453555565],[-97.73080697363837,30.219252953826178],[-97.71994536457991,30.2198937792111],[-97.71994536457991,30.23136342440552],[-97.73080697363837,30.230722453555565]]]}},{"type":"Feature","properties":{"state":"","county":"AUSTIN","s2_cell":"9675056309807874048","waymo_ro_miles":23920.95712580429,"incremental_miles":6462.639,"vintage_end":"202509","exposure_phase":"deployment"},"geometry":{"type":"Polygon","coordinates":[[[-97.73080697363837,30.219252953826178],[-97.73080697363837,30.20778246376059],[-97.71994536457991,30.208423143565195],[-97.71994536457991,30.2198937792111],[-97.73080697363837,30.219252953826178]]]}},{"type":"Feature","properties":{"state":"","county":"AUSTIN","s2_cell":"9675056344167612416","waymo_ro_miles":44112.51478899308,"incremental_miles":21492.256,"vintage_end":"202509","exposure_phase":"deployment"},"geometry":{"type":"Polygon","coordinates":[[[-97.74167025909962,30.218611125458633],[-97.74167025909962,30.207140781206956],[-97.73080697363837,30.20778246376059],[-97.73080697363837,30.219252953826178],[-97.74167025909962,30.218611125458633]]]}},{"type":"Feature","properties":{"state":"","county":"AUSTIN","s2_cell":"9675056378527350784","waymo_ro_miles":15967.532555742511,"incremental_miles":10197.407,"vintage_end":"202509","exposure_phase":"deployment"},"geometry":{"type":"Polygon","coordinates":[[[-97.75253521988041,30.217968293742018],[-97.75253521988041,30.20649809553799],[-97.74167025909962,30.207140781206956],[-97.74167025909962,30.218611125458633],[-97.75253521988041,30.217968293742018]]]}},{"type":"Feature","properties":{"state":"","county":"AUSTIN","s2_cell":"9675056412887089152","waymo_ro_miles":27844.316856291058,"incremental_miles":11819.438,"vintage_end":"202509","exposure_phase":"deployment"},"geometry":{"type":"Polygon","coordinates":[[[-97.75253521988041,30.229437501840962],[-97.75253521988041,30.217968293742018],[-97.74167025909962,30.218611125458633],[-97.74167025909962,30.230080479489565],[-97.75253521988041,30.229437501840962]]]}},{"type":"Feature","properties":{"state":"","county":"AUSTIN","s2_cell":"9675056447246827520","waymo_ro_miles":33916.307330050324,"incremental_miles":15586.743,"vintage_end":"202509","exposure_phase":"deployment"},"geometry":{"type":"Polygon","coordinates":[[[-97.76340185489671,30.228793520243535],[-97.76340185489671,30.217324458310227],[-97.75253521988041,30.217968293742018],[-97.75253521988041,30.229437501840962],[-97.76340185489671,30.228793520243535]]]}},{"type":"Feature","properties":{"state":"","county":"AUSTIN","s2_cell":"9675056481606565888","waymo_ro_miles":7714.8169393054495,"incremental_miles":7387.594,"vintage_end":"202509","exposure_phase":"deployment"},"geometry":{"type":"Polygon","coordinates":[[[-97.76340185489671,30.217324458310227],[-97.76340185489671,30.205854406387655],[-97.75253521988041,30.20649809553799],[-97.75253521988041,30.217968293742018],[-97.76340185489671,30.217324458310227]]]}},{"type":"Feature","properties":{"state":"","county":"AUSTIN","s2_cell":"9675056515966304256","waymo_ro_miles":5669.2020973471135,"incremental_miles":5669.202,"vintage_end":"202509","exposure_phase":"deployment"},"geometry":{"type":"Polygon","coordinates":[[[-97.7742701630638,30.21667961879742],[-97.7742701630638,30.20520971339025],[-97.76340185489671,30.205854406387655],[-97.76340185489671,30.217324458310227],[-97.7742701630638,30.21667961879742]]]}},{"type":"Feature","properties":{"state":"","county":"AUSTIN","s2_cell":"9675056550326042624","waymo_ro_miles":20715.672713577813,"incremental_miles":20715.673,"vintage_end":"202509","exposure_phase":"deployment"},"geometry":{"type":"Polygon","coordinates":[[[-97.78514014329618,30.216033774838124],[-97.78514014329618,30.204564016180388],[-97.7742701630638,30.20520971339025],[-97.7742701630638,30.21667961879742],[-97.78514014329618,30.216033774838124]]]}},{"type":"Feature","properties":{"state":"","county":"AUSTIN","s2_cell":"9675056584685780992","waymo_ro_miles":7892.076851170622,"incremental_miles":7584.036,"vintage_end":"202509","exposure_phase":"deployment"},"geometry":{"type":"Polygon","coordinates":[[[-97.78514014329618,30.227502543738765],[-97.78514014329618,30.216033774838124],[-97.7742701630638,30.21667961879742],[-97.7742701630638,30.228148534331336],[-97.78514014329618,30.227502543738765]]]}},{"type":"Feature","properties":{"state":"","county":"AUSTIN","s2_cell":"9675056619045519360","waymo_ro_miles":30955.619520367472,"incremental_miles":22856.663,"vintage_end":"202509","exposure_phase":"deployment"},"geometry":{"type":"Polygon","coordinates":[[[-97.7742701630638,30.228148534331336],[-97.7742701630638,30.21667961879742],[-97.76340185489671,30.217324458310227],[-97.76340185489671,30.228793520243535],[-97.7742701630638,30.228148534331336]]]}},{"type":"Feature","properties":{"state":"","county":"AUSTIN","s2_cell":"9675056653405257728","waymo_ro_miles":38369.711440023675,"incremental_miles":20239.947,"vintage_end":"202509","exposure_phase":"deployment"},"geometry":{"type":"Polygon","coordinates":[[[-97.7742701630638,30.2396164588302],[-97.7742701630638,30.228148534331336],[-97.76340185489671,30.228793520243535],[-97.76340185489671,30.24026159102579],[-97.7742701630638,30.2396164588302]]]}},{"type":"Feature","properties":{"state":"","county":"AUSTIN","s2_cell":"9675056687764996096","waymo_ro_miles":25947.138542461056,"incremental_miles":11822.811,"vintage_end":"202509","exposure_phase":"deployment"},"geometry":{"type":"Polygon","coordinates":[[[-97.78514014329618,30.238970321720554],[-97.78514014329618,30.227502543738765],[-97.7742701630638,30.228148534331336],[-97.7742701630638,30.2396164588302],[-97.78514014329618,30.238970321720554]]]}},{"type":"Feature","properties":{"state":"","county":"AUSTIN","s2_cell":"9675056722124734464","waymo_ro_miles":56271.29861430025,"incremental_miles":28486.531,"vintage_end":"202509","exposure_phase":"deployment"},"geometry":{"type":"Polygon","coordinates":[[[-97.78514014329618,30.250437107622414],[-97.78514014329618,30.238970321720554],[-97.7742701630638,30.2396164588302],[-97.7742701630638,30.251083391132934],[-97.78514014329618,30.250437107622414]]]}},{"type":"Feature","properties":{"state":"","county":"AUSTIN","s2_cell":"9675056756484472832","waymo_ro_miles":89061.60929453616,"incremental_miles":44078.791,"vintage_end":"202509","exposure_phase":"deployment"},"geometry":{"type":"Polygon","coordinates":[[[-97.7742701630638,30.251083391132934],[-97.7742701630638,30.2396164588302],[-97.76340185489671,30.24026159102579],[-97.76340185489671,30.251728669495872],[-97.7742701630638,30.251083391132934]]]}},{"type":"Feature","properties":{"state":"","county":"AUSTIN","s2_cell":"9675056790844211200","waymo_ro_miles":122690.48653801472,"incremental_miles":49595.676,"vintage_end":"202509","exposure_phase":"deployment"},"geometry":{"type":"Polygon","coordinates":[[[-97.76340185489671,30.251728669495872],[-97.76340185489671,30.24026159102579],[-97.75253521988041,30.24090571867302],[-97.75253521988041,30.25237294307706],[-97.76340185489671,30.251728669495872]]]}},{"type":"Feature","properties":{"state":"","county":"AUSTIN","s2_cell":"9675056825203949568","waymo_ro_miles":74958.28417729438,"incremental_miles":32536.113,"vintage_end":"202509","exposure_phase":"deployment"},"geometry":{"type":"Polygon","coordinates":[[[-97.76340185489671,30.24026159102579],[-97.76340185489671,30.228793520243535],[-97.75253521988041,30.229437501840962],[-97.75253521988041,30.24090571867302],[-97.76340185489671,30.24026159102579]]]}},{"type":"Feature","properties":{"state":"","county":"AUSTIN","s2_cell":"9675056859563687936","waymo_ro_miles":45886.97062921848,"incremental_miles":20229.362,"vintage_end":"202509","exposure_phase":"deployment"},"geometry":{"type":"Polygon","coordinates":[[[-97.75253521988041,30.24090571867302],[-97.75253521988041,30.229437501840962],[-97.74167025909962,30.230080479489565],[-97.74167025909962,30.241548842137945],[-97.75253521988041,30.24090571867302]]]}},{"type":"Feature","properties":{"state":"","county":"AUSTIN","s2_cell":"9675056893923426304","waymo_ro_miles":121488.95124277932,"incremental_miles":47553.09,"vintage_end":"202509","exposure_phase":"deployment"},"geometry":{"type":"Polygon","coordinates":[[[-97.75253521988041,30.25237294307706],[-97.75253521988041,30.24090571867302],[-97.74167025909962,30.241548842137945],[-97.74167025909962,30.253016212242656],[-97.75253521988041,30.25237294307706]]]}},{"type":"Feature","properties":{"state":"","county":"AUSTIN","s2_cell":"9675056928283164672","waymo_ro_miles":351994.33493818104,"incremental_miles":138016.587,"vintage_end":"202509","exposure_phase":"deployment"},"geometry":{"type":"Polygon","coordinates":[[[-97.75253521988041,30.26383917389268],[-97.75253521988041,30.25237294307706],[-97.74167025909962,30.253016212242656],[-97.74167025909962,30.264482588643258],[-97.75253521988041,30.26383917389268]]]}},{"type":"Feature","properties":{"state":"","county":"AUSTIN","s2_cell":"9675056962642903040","waymo_ro_miles":360817.59782671084,"incremental_miles":155297.569,"vintage_end":"202509","exposure_phase":"deployment"},"geometry":{"type":"Polygon","coordinates":[[[-97.75253521988041,30.275304409960153],[-97.75253521988041,30.26383917389268],[-97.74167025909962,30.264482588643258],[-97.74167025909962,30.27594797018001],[-97.75253521988041,30.275304409960153]]]}},{"type":"Feature","properties":{"state":"","county":"AUSTIN","s2_cell":"9675056997002641408","waymo_ro_miles":220337.80573824982,"incremental_miles":92050.482,"vintage_end":"202509","exposure_phase":"deployment"},"geometry":{"type":"Polygon","coordinates":[[[-97.76340185489671,30.274659844858633],[-97.76340185489671,30.263194754493398],[-97.75253521988041,30.26383917389268],[-97.75253521988041,30.275304409960153],[-97.76340185489671,30.274659844858633]]]}},{"type":"Feature","properties":{"state":"","county":"AUSTIN","s2_cell":"9675057031362379776","waymo_ro_miles":221172.54372467374,"incremental_miles":97358.542,"vintage_end":"202509","exposure_phase":"deployment"},"geometry":{"type":"Polygon","coordinates":[[[-97.76340185489671,30.263194754493398],[-97.76340185489671,30.251728669495872],[-97.75253521988041,30.25237294307706],[-97.75253521988041,30.26383917389268],[-97.76340185489671,30.263194754493398]]]}},{"type":"Feature","properties":{"state":"","county":"AUSTIN","s2_cell":"9675057065722118144","waymo_ro_miles":46998.02877409742,"incremental_miles":19897.302,"vintage_end":"202509","exposure_phase":"deployment"},"geometry":{"type":"Polygon","coordinates":[[[-97.7742701630638,30.262549330079125],[-97.7742701630638,30.251083391132934],[-97.76340185489671,30.251728669495872],[-97.76340185489671,30.263194754493398],[-97.7742701630638,30.262549330079125]]]}},{"type":"Feature","properties":{"state":"","county":"AUSTIN","s2_cell":"9675057100081856512","waymo_ro_miles":9810.296672844399,"incremental_miles":3694.905,"vintage_end":"202509","exposure_phase":"deployment"},"geometry":{"type":"Polygon","coordinates":[[[-97.78514014329618,30.26190290028395],[-97.78514014329618,30.250437107622414],[-97.7742701630638,30.251083391132934],[-97.7742701630638,30.262549330079125],[-97.78514014329618,30.26190290028395]]]}},{"type":"Feature","properties":{"state":"","county":"AUSTIN","s2_cell":"9675057134441594880","waymo_ro_miles":9778.461780302907,"incremental_miles":5289.03,"vintage_end":"202509","exposure_phase":"deployment"},"geometry":{"type":"Polygon","coordinates":[[[-97.78514014329618,30.273367698545478],[-97.78514014329618,30.26190290028395],[-97.7742701630638,30.262549330079125],[-97.7742701630638,30.274014274509096],[-97.78514014329618,30.273367698545478]]]}},{"type":"Feature","properties":{"state":"","county":"AUSTIN","s2_cell":"9675057168801333248","waymo_ro_miles":29783.155155713142,"incremental_miles":12571.888,"vintage_end":"202509","exposure_phase":"deployment"},"geometry":{"type":"Polygon","coordinates":[[[-97.7742701630638,30.274014274509096],[-97.7742701630638,30.262549330079125],[-97.76340185489671,30.263194754493398],[-97.76340185489671,30.274659844858633],[-97.7742701630638,30.274014274509096]]]}},{"type":"Feature","properties":{"state":"","county":"AUSTIN","s2_cell":"9675057203161071616","waymo_ro_miles":31391.952928270377,"incremental_miles":13205.595,"vintage_end":"202509","exposure_phase":"deployment"},"geometry":{"type":"Polygon","coordinates":[[[-97.7742701630638,30.2854782232638],[-97.7742701630638,30.274014274509096],[-97.76340185489671,30.274659844858633],[-97.76340185489671,30.28612393943256],[-97.7742701630638,30.2854782232638]]]}},{"type":"Feature","properties":{"state":"","county":"AUSTIN","s2_cell":"9675057237520809984","waymo_ro_miles":6499.382163998171,"incremental_miles":3379.545,"vintage_end":"202509","exposure_phase":"deployment"},"geometry":{"type":"Polygon","coordinates":[[[-97.78514014329618,30.28483150124798],[-97.78514014329618,30.273367698545478],[-97.7742701630638,30.274014274509096],[-97.7742701630638,30.2854782232638],[-97.78514014329618,30.28483150124798]]]}},{"type":"Feature","properties":{"state":"","county":"AUSTIN","s2_cell":"9675057271880548352","waymo_ro_miles":7695.11572867624,"incremental_miles":4289.74,"vintage_end":"202509","exposure_phase":"deployment"},"geometry":{"type":"Polygon","coordinates":[[[-97.78514014329618,30.29629430723317],[-97.78514014329618,30.28483150124798],[-97.7742701630638,30.2854782232638],[-97.7742701630638,30.296941175184934],[-97.78514014329618,30.29629430723317]]]}},{"type":"Feature","properties":{"state":"","county":"AUSTIN","s2_cell":"9675057306240286720","waymo_ro_miles":23176.42982500919,"incremental_miles":10023.784,"vintage_end":"202509","exposure_phase":"deployment"},"geometry":{"type":"Polygon","coordinates":[[[-97.7742701630638,30.296941175184934],[-97.7742701630638,30.2854782232638],[-97.76340185489671,30.28612393943256],[-97.76340185489671,30.29758703705685],[-97.7742701630638,30.296941175184934]]]}},{"type":"Feature","properties":{"state":"","county":"AUSTIN","s2_cell":"9675057340600025088","waymo_ro_miles":49227.158438116916,"incremental_miles":21545.749,"vintage_end":"202509","exposure_phase":"deployment"},"geometry":{"type":"Polygon","coordinates":[[[-97.76340185489671,30.29758703705685],[-97.76340185489671,30.28612393943256],[-97.75253521988041,30.286768650120425],[-97.75253521988041,30.29823189321517],[-97.76340185489671,30.29758703705685]]]}},{"type":"Feature","properties":{"state":"","county":"AUSTIN","s2_cell":"9675057374959763456","waymo_ro_miles":60797.68226489985,"incremental_miles":27729.192,"vintage_end":"202509","exposure_phase":"deployment"},"geometry":{"type":"Polygon","coordinates":[[[-97.76340185489671,30.28612393943256],[-97.76340185489671,30.274659844858633],[-97.75253521988041,30.275304409960153],[-97.75253521988041,30.286768650120425],[-97.76340185489671,30.28612393943256]]]}},{"type":"Feature","properties":{"state":"","county":"AUSTIN","s2_cell":"9675057409319501824","waymo_ro_miles":296173.5159293136,"incremental_miles":127101.286,"vintage_end":"202509","exposure_phase":"deployment"},"geometry":{"type":"Polygon","coordinates":[[[-97.75253521988041,30.286768650120425],[-97.75253521988041,30.275304409960153],[-97.74167025909962,30.27594797018001],[-97.74167025909962,30.287412355693874],[-97.75253521988041,30.286768650120425]]]}},{"type":"Feature","properties":{"state":"","county":"AUSTIN","s2_cell":"9675057443679240192","waymo_ro_miles":184591.39211695988,"incremental_miles":90283.193,"vintage_end":"202509","exposure_phase":"deployment"},"geometry":{"type":"Polygon","coordinates":[[[-97.75253521988041,30.29823189321517],[-97.75253521988041,30.286768650120425],[-97.74167025909962,30.287412355693874],[-97.74167025909962,30.298875744026493],[-97.75253521988041,30.29823189321517]]]}},{"type":"Feature","properties":{"state":"","county":"AUSTIN","s2_cell":"9675057478038978560","waymo_ro_miles":98803.37292488622,"incremental_miles":43096.81,"vintage_end":"202509","exposure_phase":"deployment"},"geometry":{"type":"Polygon","coordinates":[[[-97.74167025909962,30.298875744026493],[-97.74167025909962,30.287412355693874],[-97.73080697363837,30.288055056519696],[-97.73080697363837,30.2995185898577],[-97.74167025909962,30.298875744026493]]]}},{"type":"Feature","properties":{"state":"","county":"AUSTIN","s2_cell":"9675057512398716928","waymo_ro_miles":55929.03960540667,"incremental_miles":24378.229,"vintage_end":"202509","exposure_phase":"deployment"},"geometry":{"type":"Polygon","coordinates":[[[-97.73080697363837,30.2995185898577],[-97.73080697363837,30.288055056519696],[-97.71994536457991,30.28869675296498],[-97.71994536457991,30.300160431076023],[-97.73080697363837,30.2995185898577]]]}},{"type":"Feature","properties":{"state":"","county":"AUSTIN","s2_cell":"9675057546758455296","waymo_ro_miles":101222.50626566011,"incremental_miles":39711.829,"vintage_end":"202509","exposure_phase":"deployment"},"geometry":{"type":"Polygon","coordinates":[[[-97.73080697363837,30.288055056519696],[-97.73080697363837,30.2765905258849],[-97.71994536457991,30.277232077441795],[-97.71994536457991,30.28869675296498],[-97.73080697363837,30.288055056519696]]]}},{"type":"Feature","properties":{"state":"","county":"AUSTIN","s2_cell":"9675057581118193664","waymo_ro_miles":66383.32971479757,"incremental_miles":31055.817,"vintage_end":"202509","exposure_phase":"deployment"},"geometry":{"type":"Polygon","coordinates":[[[-97.74167025909962,30.287412355693874],[-97.74167025909962,30.27594797018001],[-97.73080697363837,30.2765905258849],[-97.73080697363837,30.288055056519696],[-97.74167025909962,30.287412355693874]]]}},{"type":"Feature","properties":{"state":"","county":"AUSTIN","s2_cell":"9675057615477932032","waymo_ro_miles":271050.6836039381,"incremental_miles":119839.974,"vintage_end":"202509","exposure_phase":"deployment"},"geometry":{"type":"Polygon","coordinates":[[[-97.74167025909962,30.27594797018001],[-97.74167025909962,30.264482588643258],[-97.73080697363837,30.26512499911168],[-97.73080697363837,30.2765905258849],[-97.74167025909962,30.27594797018001]]]}},{"type":"Feature","properties":{"state":"","county":"AUSTIN","s2_cell":"9675057649837670400","waymo_ro_miles":160667.61175324037,"incremental_miles":37776.274,"vintage_end":"202509","exposure_phase":"deployment"},"geometry":{"type":"Polygon","coordinates":[[[-97.74167025909962,30.264482588643258],[-97.74167025909962,30.253016212242656],[-97.73080697363837,30.25365847735911],[-97.73080697363837,30.26512499911168],[-97.74167025909962,30.264482588643258]]]}},{"type":"Feature","properties":{"state":"","county":"AUSTIN","s2_cell":"9675057684197408768","waymo_ro_miles":197841.10694721335,"incremental_miles":82499.66,"vintage_end":"202509","exposure_phase":"deployment"},"geometry":{"type":"Polygon","coordinates":[[[-97.73080697363837,30.26512499911168],[-97.73080697363837,30.25365847735911],[-97.71994536457991,30.254299738793186],[-97.71994536457991,30.26576640566484],[-97.73080697363837,30.26512499911168]]]}},{"type":"Feature","properties":{"state":"","county":"AUSTIN","s2_cell":"9675057718557147136","waymo_ro_miles":156013.70112460226,"incremental_miles":52807.468,"vintage_end":"202509","exposure_phase":"deployment"},"geometry":{"type":"Polygon","coordinates":[[[-97.73080697363837,30.2765905258849],[-97.73080697363837,30.26512499911168],[-97.71994536457991,30.26576640566484],[-97.71994536457991,30.277232077441795],[-97.73080697363837,30.2765905258849]]]}},{"type":"Feature","properties":{"state":"","county":"AUSTIN","s2_cell":"9675057752916885504","waymo_ro_miles":96270.8887312204,"incremental_miles":34547.713,"vintage_end":"202509","exposure_phase":"deployment"},"geometry":{"type":"Polygon","coordinates":[[[-97.71994536457991,30.277232077441795],[-97.71994536457991,30.26576640566484],[-97.70908543300678,30.266406808669927],[-97.70908543300678,30.27787262521801],[-97.71994536457991,30.277232077441795]]]}},{"type":"Feature","properties":{"state":"","county":"AUSTIN","s2_cell":"9675057787276623872","waymo_ro_miles":73408.22389200905,"incremental_miles":37303.549,"vintage_end":"202509","exposure_phase":"deployment"},"geometry":{"type":"Polygon","coordinates":[[[-97.71994536457991,30.26576640566484],[-97.71994536457991,30.254299738793186],[-97.70908543300678,30.25493999691198],[-97.70908543300678,30.266406808669927],[-97.71994536457991,30.26576640566484]]]}},{"type":"Feature","properties":{"state":"","county":"AUSTIN","s2_cell":"9675057821636362240","waymo_ro_miles":65162.72576985466,"incremental_miles":24707.125,"vintage_end":"202509","exposure_phase":"deployment"},"geometry":{"type":"Polygon","coordinates":[[[-97.70908543300678,30.266406808669927],[-97.70908543300678,30.25493999691198],[-97.69822718000074,30.25557925208289],[-97.69822718000074,30.26704620849445],[-97.70908543300678,30.266406808669927]]]}},{"type":"Feature","properties":{"state":"","county":"AUSTIN","s2_cell":"9675057855996100608","waymo_ro_miles":27001.387568919898,"incremental_miles":14069.866,"vintage_end":"202509","exposure_phase":"deployment"},"geometry":{"type":"Polygon","coordinates":[[[-97.70908543300678,30.27787262521801],[-97.70908543300678,30.266406808669927],[-97.69822718000074,30.26704620849445],[-97.69822718000074,30.27851216958116],[-97.70908543300678,30.27787262521801]]]}},{"type":"Feature","properties":{"state":"","county":"AUSTIN","s2_cell":"9675057890355838976","waymo_ro_miles":24378.12371865025,"incremental_miles":18925.906,"vintage_end":"202509","exposure_phase":"deployment"},"geometry":{"type":"Polygon","coordinates":[[[-97.70908543300678,30.289337445397152],[-97.70908543300678,30.27787262521801],[-97.69822718000074,30.27851216958116],[-97.69822718000074,30.289977134183943],[-97.70908543300678,30.289337445397152]]]}},{"type":"Feature","properties":{"state":"","county":"AUSTIN","s2_cell":"9675057924715577344","waymo_ro_miles":53964.25790619806,"incremental_miles":26105.968,"vintage_end":"202509","exposure_phase":"deployment"},"geometry":{"type":"Polygon","coordinates":[[[-97.71994536457991,30.28869675296498],[-97.71994536457991,30.277232077441795],[-97.70908543300678,30.27787262521801],[-97.70908543300678,30.289337445397152],[-97.71994536457991,30.28869675296498]]]}},{"type":"Feature","properties":{"state":"","county":"AUSTIN","s2_cell":"9675057959075315712","waymo_ro_miles":21785.330012024653,"incremental_miles":13518.712,"vintage_end":"202509","exposure_phase":"deployment"},"geometry":{"type":"Polygon","coordinates":[[[-97.71994536457991,30.300160431076023],[-97.71994536457991,30.28869675296498],[-97.70908543300678,30.289337445397152],[-97.70908543300678,30.300801268048964],[-97.71994536457991,30.300160431076023]]]}},{"type":"Feature","properties":{"state":"","county":"AUSTIN","s2_cell":"9675057993435054080","waymo_ro_miles":19701.897531199553,"incremental_miles":17574.586,"vintage_end":"202509","exposure_phase":"deployment"},"geometry":{"type":"Polygon","coordinates":[[[-97.70908543300678,30.300801268048964],[-97.70908543300678,30.289337445397152],[-97.69822718000074,30.289977134183943],[-97.69822718000074,30.301441101144384],[-97.70908543300678,30.300801268048964]]]}},{"type":"Feature","properties":{"state":"","county":"AUSTIN","s2_cell":"9675058062154530816","waymo_ro_miles":545.2063055462171,"incremental_miles":545.206,"vintage_end":"202509","exposure_phase":"deployment"},"geometry":{"type":"Polygon","coordinates":[[[-97.69822718000074,30.289977134183943],[-97.69822718000074,30.27851216958116],[-97.68737060664283,30.279150710899188],[-97.68737060664283,30.290615819693386],[-97.69822718000074,30.289977134183943]]]}},{"type":"Feature","properties":{"state":"","county":"AUSTIN","s2_cell":"9675058096514269184","waymo_ro_miles":0.08533807986928221,"incremental_miles":0.085,"vintage_end":"202509","exposure_phase":"deployment"},"geometry":{"type":"Polygon","coordinates":[[[-97.68737060664283,30.290615819693386],[-97.68737060664283,30.279150710899188],[-97.67651571401332,30.279788249540324],[-97.67651571401332,30.29125350229385],[-97.68737060664283,30.290615819693386]]]}},{"type":"Feature","properties":{"state":"","county":"AUSTIN","s2_cell":"9675058474471391232","waymo_ro_miles":8.884920229970618,"incremental_miles":8.885,"vintage_end":"202509","exposure_phase":"deployment"},"geometry":{"type":"Polygon","coordinates":[[[-97.68737060664283,30.279150710899188],[-97.68737060664283,30.26768460550623],[-97.67651571401332,30.268322000073407],[-97.67651571401332,30.279788249540324],[-97.68737060664283,30.279150710899188]]]}},{"type":"Feature","properties":{"state":"","county":"AUSTIN","s2_cell":"9675058508831129600","waymo_ro_miles":6979.616587785728,"incremental_miles":5674.932,"vintage_end":"202509","exposure_phase":"deployment"},"geometry":{"type":"Polygon","coordinates":[[[-97.69822718000074,30.27851216958116],[-97.69822718000074,30.26704620849445],[-97.68737060664283,30.26768460550623],[-97.68737060664283,30.279150710899188],[-97.69822718000074,30.27851216958116]]]}},{"type":"Feature","properties":{"state":"","county":"AUSTIN","s2_cell":"9675058543190867968","waymo_ro_miles":6283.292485078767,"incremental_miles":5573.639,"vintage_end":"202509","exposure_phase":"deployment"},"geometry":{"type":"Polygon","coordinates":[[[-97.69822718000074,30.26704620849445],[-97.69822718000074,30.25557925208289],[-97.68737060664283,30.25621750467362],[-97.68737060664283,30.26768460550623],[-97.69822718000074,30.26704620849445]]]}},{"type":"Feature","properties":{"state":"","county":"AUSTIN","s2_cell":"9675058577550606336","waymo_ro_miles":2767.248096551109,"incremental_miles":2334.59,"vintage_end":"202509","exposure_phase":"deployment"},"geometry":{"type":"Polygon","coordinates":[[[-97.69822718000074,30.25557925208289],[-97.69822718000074,30.244111301506265],[-97.68737060664283,30.24474940956116],[-97.68737060664283,30.25621750467362],[-97.69822718000074,30.25557925208289]]]}},{"type":"Feature","properties":{"state":"","county":"AUSTIN","s2_cell":"9675058646270083072","waymo_ro_miles":262.4618095367732,"incremental_miles":64.689,"vintage_end":"202509","exposure_phase":"deployment"},"geometry":{"type":"Polygon","coordinates":[[[-97.68737060664283,30.24474940956116],[-97.68737060664283,30.233280321329328],[-97.67651571401332,30.233917282986884],[-97.67651571401332,30.245386515636532],[-97.68737060664283,30.24474940956116]]]}},{"type":"Feature","properties":{"state":"","county":"AUSTIN","s2_cell":"9675058680629821440","waymo_ro_miles":8299.877144773109,"incremental_miles":1949.667,"vintage_end":"202509","exposure_phase":"deployment"},"geometry":{"type":"Polygon","coordinates":[[[-97.69822718000074,30.244111301506265],[-97.69822718000074,30.232642357925062],[-97.68737060664283,30.233280321329328],[-97.68737060664283,30.24474940956116],[-97.69822718000074,30.244111301506265]]]}},{"type":"Feature","properties":{"state":"","county":"AUSTIN","s2_cell":"9675058714989559808","waymo_ro_miles":11894.584927092188,"incremental_miles":6030.481,"vintage_end":"202509","exposure_phase":"deployment"},"geometry":{"type":"Polygon","coordinates":[[[-97.69822718000074,30.232642357925062],[-97.69822718000074,30.221172422500445],[-97.68737060664283,30.22181024113931],[-97.68737060664283,30.233280321329328],[-97.69822718000074,30.232642357925062]]]}},{"type":"Feature","properties":{"state":"","county":"AUSTIN","s2_cell":"9675058749349298176","waymo_ro_miles":6445.238375216039,"incremental_miles":5468.504,"vintage_end":"202509","exposure_phase":"deployment"},"geometry":{"type":"Polygon","coordinates":[[[-97.69822718000074,30.221172422500445],[-97.69822718000074,30.20970149639428],[-97.68737060664283,30.210339170152974],[-97.68737060664283,30.22181024113931],[-97.69822718000074,30.221172422500445]]]}},{"type":"Feature","properties":{"state":"","county":"AUSTIN","s2_cell":"9675058783709036544","waymo_ro_miles":131.22720487863862,"incremental_miles":84.187,"vintage_end":"202509","exposure_phase":"deployment"},"geometry":{"type":"Polygon","coordinates":[[[-97.68737060664283,30.22181024113931],[-97.68737060664283,30.210339170152974],[-97.67651571401332,30.210975842631118],[-97.67651571401332,30.22244705826445],[-97.68737060664283,30.22181024113931]]]}},{"type":"Feature","properties":{"state":"","county":"AUSTIN","s2_cell":"9675058818068774912","waymo_ro_miles":249.7962600735057,"incremental_miles":110.098,"vintage_end":"202509","exposure_phase":"deployment"},"geometry":{"type":"Polygon","coordinates":[[[-97.68737060664283,30.233280321329328],[-97.68737060664283,30.22181024113931],[-97.67651571401332,30.22244705826445],[-97.67651571401332,30.233917282986884],[-97.68737060664283,30.233280321329328]]]}},{"type":"Feature","properties":{"state":"","county":"AUSTIN","s2_cell":"9675079468271534080","waymo_ro_miles":107.47014331323298,"incremental_miles":107.47,"vintage_end":"202509","exposure_phase":"deployment"},"geometry":{"type":"Polygon","coordinates":[[[-97.69822718000074,30.347286969419216],[-97.69822718000074,30.335827004598176],[-97.68737060664283,30.336466265724916],[-97.68737060664283,30.347926374163126],[-97.69822718000074,30.347286969419216]]]}},{"type":"Feature","properties":{"state":"","county":"AUSTIN","s2_cell":"9675079502631272448","waymo_ro_miles":789.7285728866736,"incremental_miles":789.729,"vintage_end":"202509","exposure_phase":"deployment"},"geometry":{"type":"Polygon","coordinates":[[[-97.69822718000074,30.335827004598176],[-97.69822718000074,30.32436603750817],[-97.68737060664283,30.325005154902865],[-97.68737060664283,30.336466265724916],[-97.69822718000074,30.335827004598176]]]}},{"type":"Feature","properties":{"state":"","county":"AUSTIN","s2_cell":"9675079536991010816","waymo_ro_miles":27.149066323846334,"incremental_miles":27.149,"vintage_end":"202509","exposure_phase":"deployment"},"geometry":{"type":"Polygon","coordinates":[[[-97.68737060664283,30.336466265724916],[-97.68737060664283,30.325005154902865],[-97.67651571401332,30.32564326869333],[-97.67651571401332,30.33710452301603],[-97.68737060664283,30.336466265724916]]]}},{"type":"Feature","properties":{"state":"","county":"AUSTIN","s2_cell":"9675079571350749184","waymo_ro_miles":0.7224616223577645,"incremental_miles":0.722,"vintage_end":"202509","exposure_phase":"deployment"},"geometry":{"type":"Polygon","coordinates":[[[-97.68737060664283,30.347926374163126],[-97.68737060664283,30.336466265724916],[-97.67651571401332,30.33710452301603],[-97.67651571401332,30.348564774840185],[-97.68737060664283,30.347926374163126]]]}},{"type":"Feature","properties":{"state":"","county":"AUSTIN","s2_cell":"9675079949307871232","waymo_ro_miles":1849.0742613701882,"incremental_miles":1849.074,"vintage_end":"202509","exposure_phase":"deployment"},"geometry":{"type":"Polygon","coordinates":[[[-97.69822718000074,30.32436603750817],[-97.69822718000074,30.3129040693048],[-97.68737060664283,30.313543042852597],[-97.68737060664283,30.325005154902865],[-97.69822718000074,30.32436603750817]]]}},{"type":"Feature","properties":{"state":"","county":"AUSTIN","s2_cell":"9675079983667609600","waymo_ro_miles":614.6157572672355,"incremental_miles":614.616,"vintage_end":"202509","exposure_phase":"deployment"},"geometry":{"type":"Polygon","coordinates":[[[-97.69822718000074,30.3129040693048],[-97.69822718000074,30.301441101144384],[-97.68737060664283,30.30207993073043],[-97.68737060664283,30.313543042852597],[-97.69822718000074,30.3129040693048]]]}},{"type":"Feature","properties":{"state":"","county":"AUSTIN","s2_cell":"9675080018027347968","waymo_ro_miles":5093.920185254872,"incremental_miles":5018.24,"vintage_end":"202509","exposure_phase":"deployment"},"geometry":{"type":"Polygon","coordinates":[[[-97.70908543300678,30.312264092015766],[-97.70908543300678,30.300801268048964],[-97.69822718000074,30.301441101144384],[-97.69822718000074,30.3129040693048],[-97.70908543300678,30.312264092015766]]]}},{"type":"Feature","properties":{"state":"","county":"AUSTIN","s2_cell":"9675080052387086336","waymo_ro_miles":19704.476952048924,"incremental_miles":15556.366,"vintage_end":"202509","exposure_phase":"deployment"},"geometry":{"type":"Polygon","coordinates":[[[-97.71994536457991,30.31162311061724],[-97.71994536457991,30.300160431076023],[-97.70908543300678,30.300801268048964],[-97.70908543300678,30.312264092015766],[-97.71994536457991,30.31162311061724]]]}},{"type":"Feature","properties":{"state":"","county":"AUSTIN","s2_cell":"9675080086746824704","waymo_ro_miles":15078.771350234121,"incremental_miles":14892.461,"vintage_end":"202509","exposure_phase":"deployment"},"geometry":{"type":"Polygon","coordinates":[[[-97.71994536457991,30.323084790431643],[-97.71994536457991,30.31162311061724],[-97.70908543300678,30.312264092015766],[-97.70908543300678,30.32372591614055],[-97.71994536457991,30.323084790431643]]]}},{"type":"Feature","properties":{"state":"","county":"AUSTIN","s2_cell":"9675080121106563072","waymo_ro_miles":16247.246260629894,"incremental_miles":16247.246,"vintage_end":"202509","exposure_phase":"deployment"},"geometry":{"type":"Polygon","coordinates":[[[-97.70908543300678,30.32372591614055],[-97.70908543300678,30.312264092015766],[-97.69822718000074,30.3129040693048],[-97.69822718000074,30.32436603750817],[-97.70908543300678,30.32372591614055]]]}},{"type":"Feature","properties":{"state":"","county":"AUSTIN","s2_cell":"9675080155466301440","waymo_ro_miles":9125.352308872214,"incremental_miles":9125.352,"vintage_end":"202509","exposure_phase":"deployment"},"geometry":{"type":"Polygon","coordinates":[[[-97.70908543300678,30.335186739267012],[-97.70908543300678,30.32372591614055],[-97.69822718000074,30.32436603750817],[-97.69822718000074,30.335827004598176],[-97.70908543300678,30.335186739267012]]]}},{"type":"Feature","properties":{"state":"","county":"AUSTIN","s2_cell":"9675080189826039808","waymo_ro_miles":3849.303107427021,"incremental_miles":3849.303,"vintage_end":"202509","exposure_phase":"deployment"},"geometry":{"type":"Polygon","coordinates":[[[-97.70908543300678,30.346646560239545],[-97.70908543300678,30.335186739267012],[-97.69822718000074,30.335827004598176],[-97.69822718000074,30.347286969419216],[-97.70908543300678,30.346646560239545]]]}},{"type":"Feature","properties":{"state":"","county":"AUSTIN","s2_cell":"9675080224185778176","waymo_ro_miles":6737.97974600788,"incremental_miles":6737.98,"vintage_end":"202509","exposure_phase":"deployment"},"geometry":{"type":"Polygon","coordinates":[[[-97.71994536457991,30.34600514625555],[-97.71994536457991,30.334545469362943],[-97.70908543300678,30.335186739267012],[-97.70908543300678,30.346646560239545],[-97.71994536457991,30.34600514625555]]]}},{"type":"Feature","properties":{"state":"","county":"AUSTIN","s2_cell":"9675080258545516544","waymo_ro_miles":7078.33601341261,"incremental_miles":7078.336,"vintage_end":"202509","exposure_phase":"deployment"},"geometry":{"type":"Polygon","coordinates":[[[-97.71994536457991,30.334545469362943],[-97.71994536457991,30.323084790431643],[-97.70908543300678,30.32372591614055],[-97.70908543300678,30.335186739267012],[-97.71994536457991,30.334545469362943]]]}},{"type":"Feature","properties":{"state":"","county":"AUSTIN","s2_cell":"9675080292905254912","waymo_ro_miles":16471.80828299242,"incremental_miles":16471.808,"vintage_end":"202509","exposure_phase":"deployment"},"geometry":{"type":"Polygon","coordinates":[[[-97.73080697363837,30.333903194517802],[-97.73080697363837,30.322442660013387],[-97.71994536457991,30.323084790431643],[-97.71994536457991,30.334545469362943],[-97.73080697363837,30.333903194517802]]]}},{"type":"Feature","properties":{"state":"","county":"AUSTIN","s2_cell":"9675080327264993280","waymo_ro_miles":4657.829424543662,"incremental_miles":4657.829,"vintage_end":"202509","exposure_phase":"deployment"},"geometry":{"type":"Polygon","coordinates":[[[-97.73080697363837,30.345362727098923],[-97.73080697363837,30.333903194517802],[-97.71994536457991,30.334545469362943],[-97.71994536457991,30.34600514625555],[-97.73080697363837,30.345362727098923]]]}},{"type":"Feature","properties":{"state":"","county":"AUSTIN","s2_cell":"9675080361624731648","waymo_ro_miles":11580.556879930842,"incremental_miles":11580.557,"vintage_end":"202509","exposure_phase":"deployment"},"geometry":{"type":"Polygon","coordinates":[[[-97.74167025909962,30.344719302401725],[-97.74167025909962,30.333259914363737],[-97.73080697363837,30.333903194517802],[-97.73080697363837,30.345362727098923],[-97.74167025909962,30.344719302401725]]]}},{"type":"Feature","properties":{"state":"","county":"AUSTIN","s2_cell":"9675080395984470016","waymo_ro_miles":14652.912626150015,"incremental_miles":14652.913,"vintage_end":"202509","exposure_phase":"deployment"},"geometry":{"type":"Polygon","coordinates":[[[-97.74167025909962,30.333259914363737],[-97.74167025909962,30.32179952451804],[-97.73080697363837,30.322442660013387],[-97.73080697363837,30.333903194517802],[-97.74167025909962,30.333259914363737]]]}},{"type":"Feature","properties":{"state":"","county":"AUSTIN","s2_cell":"9675080430344208384","waymo_ro_miles":42091.60146370999,"incremental_miles":29328.889,"vintage_end":"202509","exposure_phase":"deployment"},"geometry":{"type":"Polygon","coordinates":[[[-97.74167025909962,30.32179952451804],[-97.74167025909962,30.310338134020203],[-97.73080697363837,30.31098112474126],[-97.73080697363837,30.322442660013387],[-97.74167025909962,30.32179952451804]]]}},{"type":"Feature","properties":{"state":"","county":"AUSTIN","s2_cell":"9675080464703946752","waymo_ro_miles":16596.427324663393,"incremental_miles":14646.191,"vintage_end":"202509","exposure_phase":"deployment"},"geometry":{"type":"Polygon","coordinates":[[[-97.73080697363837,30.322442660013387],[-97.73080697363837,30.31098112474126],[-97.71994536457991,30.31162311061724],[-97.71994536457991,30.323084790431643],[-97.73080697363837,30.322442660013387]]]}},{"type":"Feature","properties":{"state":"","county":"AUSTIN","s2_cell":"9675080499063685120","waymo_ro_miles":24153.9198384404,"incremental_miles":11552.807,"vintage_end":"202509","exposure_phase":"deployment"},"geometry":{"type":"Polygon","coordinates":[[[-97.73080697363837,30.31098112474126],[-97.73080697363837,30.2995185898577],[-97.71994536457991,30.300160431076023],[-97.71994536457991,30.31162311061724],[-97.73080697363837,30.31098112474126]]]}},{"type":"Feature","properties":{"state":"","county":"AUSTIN","s2_cell":"9675080533423423488","waymo_ro_miles":77935.16972013662,"incremental_miles":36015.322,"vintage_end":"202509","exposure_phase":"deployment"},"geometry":{"type":"Polygon","coordinates":[[[-97.74167025909962,30.310338134020203],[-97.74167025909962,30.298875744026493],[-97.73080697363837,30.2995185898577],[-97.73080697363837,30.31098112474126],[-97.74167025909962,30.310338134020203]]]}},{"type":"Feature","properties":{"state":"","county":"AUSTIN","s2_cell":"9675080567783161856","waymo_ro_miles":82940.64169285043,"incremental_miles":40076.01,"vintage_end":"202509","exposure_phase":"deployment"},"geometry":{"type":"Polygon","coordinates":[[[-97.75253521988041,30.309694138086737],[-97.75253521988041,30.29823189321517],[-97.74167025909962,30.298875744026493],[-97.74167025909962,30.310338134020203],[-97.75253521988041,30.309694138086737]]]}},{"type":"Feature","properties":{"state":"","county":"AUSTIN","s2_cell":"9675080602142900224","waymo_ro_miles":11642.860845105875,"incremental_miles":7257.634,"vintage_end":"202509","exposure_phase":"deployment"},"geometry":{"type":"Polygon","coordinates":[[[-97.75253521988041,30.321155383578166],[-97.75253521988041,30.309694138086737],[-97.74167025909962,30.310338134020203],[-97.74167025909962,30.32179952451804],[-97.75253521988041,30.321155383578166]]]}},{"type":"Feature","properties":{"state":"","county":"AUSTIN","s2_cell":"9675080636502638592","waymo_ro_miles":6864.521558163483,"incremental_miles":3672.696,"vintage_end":"202509","exposure_phase":"deployment"},"geometry":{"type":"Polygon","coordinates":[[[-97.76340185489671,30.320510236826657],[-97.76340185489671,30.30904913657386],[-97.75253521988041,30.309694138086737],[-97.75253521988041,30.321155383578166],[-97.76340185489671,30.320510236826657]]]}},{"type":"Feature","properties":{"state":"","county":"AUSTIN","s2_cell":"9675080670862376960","waymo_ro_miles":12823.258567175848,"incremental_miles":6404.007,"vintage_end":"202509","exposure_phase":"deployment"},"geometry":{"type":"Polygon","coordinates":[[[-97.76340185489671,30.30904913657386],[-97.76340185489671,30.29758703705685],[-97.75253521988041,30.29823189321517],[-97.75253521988041,30.309694138086737],[-97.76340185489671,30.30904913657386]]]}},{"type":"Feature","properties":{"state":"","county":"AUSTIN","s2_cell":"9675080705222115328","waymo_ro_miles":12471.365471033841,"incremental_miles":6403.677,"vintage_end":"202509","exposure_phase":"deployment"},"geometry":{"type":"Polygon","coordinates":[[[-97.7742701630638,30.30840312911488],[-97.7742701630638,30.296941175184934],[-97.76340185489671,30.29758703705685],[-97.76340185489671,30.30904913657386],[-97.7742701630638,30.30840312911488]]]}},{"type":"Feature","properties":{"state":"","county":"AUSTIN","s2_cell":"9675080739581853696","waymo_ro_miles":3774.2264430218997,"incremental_miles":1102.666,"vintage_end":"202509","exposure_phase":"deployment"},"geometry":{"type":"Polygon","coordinates":[[[-97.78514014329618,30.307756115343413],[-97.78514014329618,30.29629430723317],[-97.7742701630638,30.296941175184934],[-97.7742701630638,30.30840312911488],[-97.78514014329618,30.307756115343413]]]}},{"type":"Feature","properties":{"state":"","county":"AUSTIN","s2_cell":"9675080773941592064","waymo_ro_miles":0.08782760168825014,"incremental_miles":0.088,"vintage_end":"202509","exposure_phase":"deployment"},"geometry":{"type":"Polygon","coordinates":[[[-97.78514014329618,30.319216924421788],[-97.78514014329618,30.307756115343413],[-97.7742701630638,30.30840312911488],[-97.7742701630638,30.31986408389669],[-97.78514014329618,30.319216924421788]]]}},{"type":"Feature","properties":{"state":"","county":"AUSTIN","s2_cell":"9675080808301330432","waymo_ro_miles":1476.5837770022536,"incremental_miles":1167.554,"vintage_end":"202509","exposure_phase":"deployment"},"geometry":{"type":"Polygon","coordinates":[[[-97.7742701630638,30.31986408389669],[-97.7742701630638,30.30840312911488],[-97.76340185489671,30.30904913657386],[-97.76340185489671,30.320510236826657],[-97.7742701630638,30.31986408389669]]]}},{"type":"Feature","properties":{"state":"","county":"AUSTIN","s2_cell":"9675080842661068800","waymo_ro_miles":917.165825634423,"incremental_miles":917.166,"vintage_end":"202509","exposure_phase":"deployment"},"geometry":{"type":"Polygon","coordinates":[[[-97.7742701630638,30.33132403837413],[-97.7742701630638,30.31986408389669],[-97.76340185489671,30.320510236826657],[-97.76340185489671,30.331970336658973],[-97.7742701630638,30.33132403837413]]]}},{"type":"Feature","properties":{"state":"","county":"AUSTIN","s2_cell":"9675080980100022272","waymo_ro_miles":2653.325582507086,"incremental_miles":2653.326,"vintage_end":"202509","exposure_phase":"deployment"},"geometry":{"type":"Polygon","coordinates":[[[-97.76340185489671,30.343429434915272],[-97.76340185489671,30.331970336658973],[-97.75253521988041,30.3326156285332],[-97.75253521988041,30.344074871796284],[-97.76340185489671,30.343429434915272]]]}},{"type":"Feature","properties":{"state":"","county":"AUSTIN","s2_cell":"9675081014459760640","waymo_ro_miles":1493.1673544859598,"incremental_miles":1492.46,"vintage_end":"202509","exposure_phase":"deployment"},"geometry":{"type":"Polygon","coordinates":[[[-97.76340185489671,30.331970336658973],[-97.76340185489671,30.320510236826657],[-97.75253521988041,30.321155383578166],[-97.75253521988041,30.3326156285332],[-97.76340185489671,30.331970336658973]]]}},{"type":"Feature","properties":{"state":"","county":"AUSTIN","s2_cell":"9675081048819499008","waymo_ro_miles":4562.241089185043,"incremental_miles":4544.312,"vintage_end":"202509","exposure_phase":"deployment"},"geometry":{"type":"Polygon","coordinates":[[[-97.75253521988041,30.3326156285332],[-97.75253521988041,30.321155383578166],[-97.74167025909962,30.32179952451804],[-97.74167025909962,30.333259914363737],[-97.75253521988041,30.3326156285332]]]}},{"type":"Feature","properties":{"state":"","county":"AUSTIN","s2_cell":"9675081083179237376","waymo_ro_miles":3252.454882724049,"incremental_miles":3252.455,"vintage_end":"202509","exposure_phase":"deployment"},"geometry":{"type":"Polygon","coordinates":[[[-97.75253521988041,30.344074871796284],[-97.75253521988041,30.3326156285332],[-97.74167025909962,30.333259914363737],[-97.74167025909962,30.344719302401725],[-97.75253521988041,30.344074871796284]]]}},{"type":"Feature","properties":{"state":"","county":"AUSTIN","s2_cell":"9675081117538975744","waymo_ro_miles":2269.8150342100716,"incremental_miles":2269.815,"vintage_end":"202509","exposure_phase":"deployment"},"geometry":{"type":"Polygon","coordinates":[[[-97.75253521988041,30.355533112212537],[-97.75253521988041,30.344074871796284],[-97.74167025909962,30.344719302401725],[-97.74167025909962,30.356177687477114],[-97.75253521988041,30.355533112212537]]]}},{"type":"Feature","properties":{"state":"","county":"AUSTIN","s2_cell":"9675081151898714112","waymo_ro_miles":999.3064673260467,"incremental_miles":999.306,"vintage_end":"202509","exposure_phase":"deployment"},"geometry":{"type":"Polygon","coordinates":[[[-97.75253521988041,30.366990348627787],[-97.75253521988041,30.355533112212537],[-97.74167025909962,30.356177687477114],[-97.74167025909962,30.36763506843572],[-97.75253521988041,30.366990348627787]]]}},{"type":"Feature","properties":{"state":"","county":"AUSTIN","s2_cell":"9675081186258452480","waymo_ro_miles":1.2918289506272278,"incremental_miles":1.292,"vintage_end":"202509","exposure_phase":"deployment"},"geometry":{"type":"Polygon","coordinates":[[[-97.76340185489671,30.36634462208107],[-97.76340185489671,30.354887530440696],[-97.75253521988041,30.355533112212537],[-97.75253521988041,30.366990348627787],[-97.76340185489671,30.36634462208107]]]}},{"type":"Feature","properties":{"state":"","county":"AUSTIN","s2_cell":"9675081220618190848","waymo_ro_miles":696.7066958530505,"incremental_miles":696.707,"vintage_end":"202509","exposure_phase":"deployment"},"geometry":{"type":"Polygon","coordinates":[[[-97.76340185489671,30.354887530440696],[-97.76340185489671,30.343429434915272],[-97.75253521988041,30.344074871796284],[-97.75253521988041,30.355533112212537],[-97.76340185489671,30.354887530440696]]]}},{"type":"Feature","properties":{"state":"","county":"AUSTIN","s2_cell":"9675081598575312896","waymo_ro_miles":1.6012046834989602,"incremental_miles":1.601,"vintage_end":"202509","exposure_phase":"deployment"},"geometry":{"type":"Polygon","coordinates":[[[-97.75253521988041,30.37844657988857],[-97.75253521988041,30.366990348627787],[-97.74167025909962,30.36763506843572],[-97.74167025909962,30.379091444124068],[-97.75253521988041,30.37844657988857]]]}},{"type":"Feature","properties":{"state":"","county":"AUSTIN","s2_cell":"9675081667294789632","waymo_ro_miles":91.9285763619556,"incremental_miles":91.929,"vintage_end":"202509","exposure_phase":"deployment"},"geometry":{"type":"Polygon","coordinates":[[[-97.74167025909962,30.390546813389356],[-97.74167025909962,30.379091444124068],[-97.73080697363837,30.37973530175709],[-97.73080697363837,30.391190815103098],[-97.74167025909962,30.390546813389356]]]}},{"type":"Feature","properties":{"state":"","county":"AUSTIN","s2_cell":"9675081701654528000","waymo_ro_miles":8678.049561108683,"incremental_miles":8678.05,"vintage_end":"202509","exposure_phase":"deployment"},"geometry":{"type":"Polygon","coordinates":[[[-97.73080697363837,30.391190815103098],[-97.73080697363837,30.37973530175709],[-97.71994536457991,30.380378153155636],[-97.71994536457991,30.391833810351393],[-97.73080697363837,30.391190815103098]]]}},{"type":"Feature","properties":{"state":"","county":"AUSTIN","s2_cell":"9675081736014266368","waymo_ro_miles":11000.403795127791,"incremental_miles":11000.404,"vintage_end":"202509","exposure_phase":"deployment"},"geometry":{"type":"Polygon","coordinates":[[[-97.73080697363837,30.37973530175709],[-97.73080697363837,30.36827878187241],[-97.71994536457991,30.368921489305745],[-97.71994536457991,30.380378153155636],[-97.73080697363837,30.37973530175709]]]}},{"type":"Feature","properties":{"state":"","county":"AUSTIN","s2_cell":"9675081770374004736","waymo_ro_miles":1687.1564622461012,"incremental_miles":1687.156,"vintage_end":"202509","exposure_phase":"deployment"},"geometry":{"type":"Polygon","coordinates":[[[-97.74167025909962,30.379091444124068],[-97.74167025909962,30.36763506843572],[-97.73080697363837,30.36827878187241],[-97.73080697363837,30.37973530175709],[-97.74167025909962,30.379091444124068]]]}},{"type":"Feature","properties":{"state":"","county":"AUSTIN","s2_cell":"9675081804733743104","waymo_ro_miles":3529.1913191657354,"incremental_miles":3529.191,"vintage_end":"202509","exposure_phase":"deployment"},"geometry":{"type":"Polygon","coordinates":[[[-97.74167025909962,30.36763506843572],[-97.74167025909962,30.356177687477114],[-97.73080697363837,30.35682125660186],[-97.73080697363837,30.36827878187241],[-97.74167025909962,30.36763506843572]]]}},{"type":"Feature","properties":{"state":"","county":"AUSTIN","s2_cell":"9675081839093481472","waymo_ro_miles":11473.640463974349,"incremental_miles":11473.64,"vintage_end":"202509","exposure_phase":"deployment"},"geometry":{"type":"Polygon","coordinates":[[[-97.74167025909962,30.356177687477114],[-97.74167025909962,30.344719302401725],[-97.73080697363837,30.345362727098923],[-97.73080697363837,30.35682125660186],[-97.74167025909962,30.356177687477114]]]}},{"type":"Feature","properties":{"state":"","county":"AUSTIN","s2_cell":"9675081873453219840","waymo_ro_miles":4761.352492966877,"incremental_miles":4761.352,"vintage_end":"202509","exposure_phase":"deployment"},"geometry":{"type":"Polygon","coordinates":[[[-97.73080697363837,30.35682125660186],[-97.73080697363837,30.345362727098923],[-97.71994536457991,30.34600514625555],[-97.71994536457991,30.35746381995455],[-97.73080697363837,30.35682125660186]]]}},{"type":"Feature","properties":{"state":"","county":"AUSTIN","s2_cell":"9675081907812958208","waymo_ro_miles":9676.354248512274,"incremental_miles":9676.354,"vintage_end":"202509","exposure_phase":"deployment"},"geometry":{"type":"Polygon","coordinates":[[[-97.73080697363837,30.36827878187241],[-97.73080697363837,30.35682125660186],[-97.71994536457991,30.35746381995455],[-97.71994536457991,30.368921489305745],[-97.73080697363837,30.36827878187241]]]}},{"type":"Feature","properties":{"state":"","county":"AUSTIN","s2_cell":"9675081942172696576","waymo_ro_miles":2611.289600866433,"incremental_miles":2611.29,"vintage_end":"202509","exposure_phase":"deployment"},"geometry":{"type":"Polygon","coordinates":[[[-97.71994536457991,30.368921489305745],[-97.71994536457991,30.35746381995455],[-97.70908543300678,30.358105377903247],[-97.70908543300678,30.369563191103893],[-97.71994536457991,30.368921489305745]]]}},{"type":"Feature","properties":{"state":"","county":"AUSTIN","s2_cell":"9675081976532434944","waymo_ro_miles":4443.849541764277,"incremental_miles":4443.85,"vintage_end":"202509","exposure_phase":"deployment"},"geometry":{"type":"Polygon","coordinates":[[[-97.71994536457991,30.35746381995455],[-97.71994536457991,30.34600514625555],[-97.70908543300678,30.346646560239545],[-97.70908543300678,30.358105377903247],[-97.71994536457991,30.35746381995455]]]}},{"type":"Feature","properties":{"state":"","county":"AUSTIN","s2_cell":"9675082113971388416","waymo_ro_miles":946.2727197864252,"incremental_miles":946.273,"vintage_end":"202509","exposure_phase":"deployment"},"geometry":{"type":"Polygon","coordinates":[[[-97.71994536457991,30.380378153155636],[-97.71994536457991,30.368921489305745],[-97.70908543300678,30.369563191103893],[-97.70908543300678,30.38101999868797],[-97.71994536457991,30.380378153155636]]]}},{"type":"Feature","properties":{"state":"","county":"AUSTIN","s2_cell":"9675082148331126784","waymo_ro_miles":2637.571069265219,"incremental_miles":2637.571,"vintage_end":"202509","exposure_phase":"deployment"},"geometry":{"type":"Polygon","coordinates":[[[-97.71994536457991,30.391833810351393],[-97.71994536457991,30.380378153155636],[-97.70908543300678,30.38101999868797],[-97.70908543300678,30.39247579950266],[-97.71994536457991,30.391833810351393]]]}},{"type":"Feature","properties":{"state":"","county":"AUSTIN","s2_cell":"9675082182690865152","waymo_ro_miles":81.34158078048328,"incremental_miles":81.342,"vintage_end":"202509","exposure_phase":"deployment"},"geometry":{"type":"Polygon","coordinates":[[[-97.70908543300678,30.39247579950266],[-97.70908543300678,30.38101999868797],[-97.69822718000074,30.381660838722727],[-97.69822718000074,30.393116782925606],[-97.70908543300678,30.39247579950266]]]}},{"type":"Feature","properties":{"state":"","county":"AUSTIN","s2_cell":"9675082217050603520","waymo_ro_miles":483.2993011480194,"incremental_miles":483.299,"vintage_end":"202509","exposure_phase":"deployment"},"geometry":{"type":"Polygon","coordinates":[[[-97.70908543300678,30.403930592395824],[-97.70908543300678,30.39247579950266],[-97.69822718000074,30.393116782925606],[-97.69822718000074,30.40457171909187],[-97.70908543300678,30.403930592395824]]]}},{"type":"Feature","properties":{"state":"","county":"AUSTIN","s2_cell":"9675082251410341888","waymo_ro_miles":2494.2242992402794,"incremental_miles":2494.224,"vintage_end":"202509","exposure_phase":"deployment"},"geometry":{"type":"Polygon","coordinates":[[[-97.71994536457991,30.40328845974092],[-97.71994536457991,30.391833810351393],[-97.70908543300678,30.39247579950266],[-97.70908543300678,30.403930592395824],[-97.71994536457991,30.40328845974092]]]}},{"type":"Feature","properties":{"state":"","county":"AUSTIN","s2_cell":"9675082285770080256","waymo_ro_miles":402.4478226012406,"incremental_miles":402.448,"vintage_end":"202509","exposure_phase":"deployment"},"geometry":{"type":"Polygon","coordinates":[[[-97.71994536457991,30.41474210017279],[-97.71994536457991,30.40328845974092],[-97.70908543300678,30.403930592395824],[-97.70908543300678,30.415384376216068],[-97.71994536457991,30.41474210017279]]]}},{"type":"Feature","properties":{"state":"","county":"AUSTIN","s2_cell":"9675082663727202304","waymo_ro_miles":430.6932022298817,"incremental_miles":430.693,"vintage_end":"202509","exposure_phase":"deployment"},"geometry":{"type":"Polygon","coordinates":[[[-97.73080697363837,30.41409881757135],[-97.73080697363837,30.402645320758314],[-97.71994536457991,30.40328845974092],[-97.71994536457991,30.41474210017279],[-97.73080697363837,30.41409881757135]]]}},{"type":"Feature","properties":{"state":"","county":"AUSTIN","s2_cell":"9675082698086940672","waymo_ro_miles":7003.841740615093,"incremental_miles":7003.842,"vintage_end":"202509","exposure_phase":"deployment"},"geometry":{"type":"Polygon","coordinates":[[[-97.73080697363837,30.402645320758314],[-97.73080697363837,30.391190815103098],[-97.71994536457991,30.391833810351393],[-97.71994536457991,30.40328845974092],[-97.73080697363837,30.402645320758314]]]}},{"type":"Feature","properties":{"state":"","county":"AUSTIN","s2_cell":"9681413823478628352","waymo_ro_miles":0.027269828958196067,"incremental_miles":0.027,"vintage_end":"202509","exposure_phase":"deployment"},"geometry":{"type":"Polygon","coordinates":[[[-97.81776010551877,30.282885296461334],[-97.81776010551877,30.27142193331442],[-97.80688511561101,30.272071528313404],[-97.80688511561101,30.283535038212122],[-97.81776010551877,30.282885296461334]]]}},{"type":"Feature","properties":{"state":"","county":"AUSTIN","s2_cell":"9681413926557843456","waymo_ro_miles":89.3060703877954,"incremental_miles":89.306,"vintage_end":"202509","exposure_phase":"deployment"},"geometry":{"type":"Polygon","coordinates":[[[-97.79601179450758,30.295646432835582],[-97.79601179450758,30.284183773019272],[-97.78514014329618,30.28483150124798],[-97.78514014329618,30.29629430723317],[-97.79601179450758,30.295646432835582]]]}},{"type":"Feature","properties":{"state":"","county":"AUSTIN","s2_cell":"9681413960917581824","waymo_ro_miles":456.2579216215165,"incremental_miles":456.258,"vintage_end":"202509","exposure_phase":"deployment"},"geometry":{"type":"Polygon","coordinates":[[[-97.79601179450758,30.284183773019272],[-97.79601179450758,30.272720116602052],[-97.78514014329618,30.273367698545478],[-97.78514014329618,30.28483150124798],[-97.79601179450758,30.284183773019272]]]}},{"type":"Feature","properties":{"state":"","county":"AUSTIN","s2_cell":"9681413995277320192","waymo_ro_miles":337.41075130915505,"incremental_miles":337.411,"vintage_end":"202509","exposure_phase":"deployment"},"geometry":{"type":"Polygon","coordinates":[[[-97.80688511561101,30.283535038212122],[-97.80688511561101,30.272071528313404],[-97.79601179450758,30.272720116602052],[-97.79601179450758,30.284183773019272],[-97.80688511561101,30.283535038212122]]]}},{"type":"Feature","properties":{"state":"","county":"AUSTIN","s2_cell":"9681414029637058560","waymo_ro_miles":839.6040531993667,"incremental_miles":839.604,"vintage_end":"202509","exposure_phase":"deployment"},"geometry":{"type":"Polygon","coordinates":[[[-97.80688511561101,30.272071528313404],[-97.80688511561101,30.260607023088667],[-97.79601179450758,30.26125546474223],[-97.79601179450758,30.272720116602052],[-97.80688511561101,30.272071528313404]]]}},{"type":"Feature","properties":{"state":"","county":"AUSTIN","s2_cell":"9681414063996796928","waymo_ro_miles":4664.485969911505,"incremental_miles":3191.741,"vintage_end":"202509","exposure_phase":"deployment"},"geometry":{"type":"Polygon","coordinates":[[[-97.79601179450758,30.272720116602052],[-97.79601179450758,30.26125546474223],[-97.78514014329618,30.26190290028395],[-97.78514014329618,30.273367698545478],[-97.79601179450758,30.272720116602052]]]}},{"type":"Feature","properties":{"state":"","county":"AUSTIN","s2_cell":"9681414098356535296","waymo_ro_miles":4018.9867046895856,"incremental_miles":1489.324,"vintage_end":"202509","exposure_phase":"deployment"},"geometry":{"type":"Polygon","coordinates":[[[-97.79601179450758,30.26125546474223],[-97.79601179450758,30.249789818598806],[-97.78514014329618,30.250437107622414],[-97.78514014329618,30.26190290028395],[-97.79601179450758,30.26125546474223]]]}},{"type":"Feature","properties":{"state":"","county":"AUSTIN","s2_cell":"9681414132716273664","waymo_ro_miles":125.80346038472214,"incremental_miles":125.803,"vintage_end":"202509","exposure_phase":"deployment"},"geometry":{"type":"Polygon","coordinates":[[[-97.80688511561101,30.260607023088667],[-97.80688511561101,30.2491415236969],[-97.79601179450758,30.249789818598806],[-97.79601179450758,30.26125546474223],[-97.80688511561101,30.260607023088667]]]}},{"type":"Feature","properties":{"state":"","county":"AUSTIN","s2_cell":"9681414167076012032","waymo_ro_miles":77.28632011911765,"incremental_miles":77.286,"vintage_end":"202509","exposure_phase":"deployment"},"geometry":{"type":"Polygon","coordinates":[[[-97.81776010551877,30.259957574958253],[-97.81776010551877,30.24849222255182],[-97.80688511561101,30.2491415236969],[-97.80688511561101,30.260607023088667],[-97.81776010551877,30.259957574958253]]]}},{"type":"Feature","properties":{"state":"","county":"AUSTIN","s2_cell":"9681414201435750400","waymo_ro_miles":97.89089172939521,"incremental_miles":97.891,"vintage_end":"202509","exposure_phase":"deployment"},"geometry":{"type":"Polygon","coordinates":[[[-97.81776010551877,30.27142193331442],[-97.81776010551877,30.259957574958253],[-97.80688511561101,30.260607023088667],[-97.80688511561101,30.272071528313404],[-97.81776010551877,30.27142193331442]]]}},{"type":"Feature","properties":{"state":"","county":"AUSTIN","s2_cell":"9681414304514965504","waymo_ro_miles":1.42450152565366,"incremental_miles":1.425,"vintage_end":"202509","exposure_phase":"deployment"},"geometry":{"type":"Polygon","coordinates":[[[-97.82863676314237,30.24784191479899],[-97.82863676314237,30.236375716837962],[-97.81776010551877,30.23702587725476],[-97.81776010551877,30.24849222255182],[-97.82863676314237,30.24784191479899]]]}},{"type":"Feature","properties":{"state":"","county":"AUSTIN","s2_cell":"9681414338874703872","waymo_ro_miles":1983.1695781641533,"incremental_miles":1983.17,"vintage_end":"202509","exposure_phase":"deployment"},"geometry":{"type":"Polygon","coordinates":[[[-97.82863676314237,30.236375716837962],[-97.82863676314237,30.224908527263572],[-97.81776010551877,30.225558540227436],[-97.81776010551877,30.23702587725476],[-97.82863676314237,30.236375716837962]]]}},{"type":"Feature","properties":{"state":"","county":"AUSTIN","s2_cell":"9681414373234442240","waymo_ro_miles":3168.6388756552637,"incremental_miles":3168.639,"vintage_end":"202509","exposure_phase":"deployment"},"geometry":{"type":"Polygon","coordinates":[[[-97.81776010551877,30.23702587725476],[-97.81776010551877,30.225558540227436],[-97.80688511561101,30.226207547051636],[-97.80688511561101,30.237675031297773],[-97.81776010551877,30.23702587725476]]]}},{"type":"Feature","properties":{"state":"","county":"AUSTIN","s2_cell":"9681414407594180608","waymo_ro_miles":3.605457759060166,"incremental_miles":3.605,"vintage_end":"202509","exposure_phase":"deployment"},"geometry":{"type":"Polygon","coordinates":[[[-97.81776010551877,30.24849222255182],[-97.81776010551877,30.23702587725476],[-97.80688511561101,30.237675031297773],[-97.80688511561101,30.2491415236969],[-97.81776010551877,30.24849222255182]]]}},{"type":"Feature","properties":{"state":"","county":"AUSTIN","s2_cell":"9681414441953918976","waymo_ro_miles":4.2632484370541865,"incremental_miles":4.263,"vintage_end":"202509","exposure_phase":"deployment"},"geometry":{"type":"Polygon","coordinates":[[[-97.80688511561101,30.2491415236969],[-97.80688511561101,30.237675031297773],[-97.79601179450758,30.238323179331445],[-97.79601179450758,30.249789818598806],[-97.80688511561101,30.2491415236969]]]}},{"type":"Feature","properties":{"state":"","county":"AUSTIN","s2_cell":"9681414476313657344","waymo_ro_miles":10375.554210051841,"incremental_miles":5153.251,"vintage_end":"202509","exposure_phase":"deployment"},"geometry":{"type":"Polygon","coordinates":[[[-97.79601179450758,30.249789818598806],[-97.79601179450758,30.238323179331445],[-97.78514014329618,30.238970321720554],[-97.78514014329618,30.250437107622414],[-97.79601179450758,30.249789818598806]]]}},{"type":"Feature","properties":{"state":"","county":"AUSTIN","s2_cell":"9681414510673395712","waymo_ro_miles":22627.942296541994,"incremental_miles":12317.941,"vintage_end":"202509","exposure_phase":"deployment"},"geometry":{"type":"Polygon","coordinates":[[[-97.79601179450758,30.238323179331445],[-97.79601179450758,30.226855548100527],[-97.78514014329618,30.227502543738765],[-97.78514014329618,30.238970321720554],[-97.79601179450758,30.238323179331445]]]}},{"type":"Feature","properties":{"state":"","county":"AUSTIN","s2_cell":"9681414545033134080","waymo_ro_miles":4825.764882860007,"incremental_miles":4791.176,"vintage_end":"202509","exposure_phase":"deployment"},"geometry":{"type":"Polygon","coordinates":[[[-97.80688511561101,30.237675031297773],[-97.80688511561101,30.226207547051636],[-97.79601179450758,30.226855548100527],[-97.79601179450758,30.238323179331445],[-97.80688511561101,30.237675031297773]]]}},{"type":"Feature","properties":{"state":"","county":"AUSTIN","s2_cell":"9681414579392872448","waymo_ro_miles":5583.928793982471,"incremental_miles":5583.929,"vintage_end":"202509","exposure_phase":"deployment"},"geometry":{"type":"Polygon","coordinates":[[[-97.80688511561101,30.226207547051636],[-97.80688511561101,30.21473907211957],[-97.79601179450758,30.215386926067122],[-97.79601179450758,30.226855548100527],[-97.80688511561101,30.226207547051636]]]}},{"type":"Feature","properties":{"state":"","county":"AUSTIN","s2_cell":"9681414613752610816","waymo_ro_miles":6224.147069999877,"incremental_miles":6224.147,"vintage_end":"202509","exposure_phase":"deployment"},"geometry":{"type":"Polygon","coordinates":[[[-97.79601179450758,30.226855548100527],[-97.79601179450758,30.215386926067122],[-97.78514014329618,30.216033774838124],[-97.78514014329618,30.227502543738765],[-97.79601179450758,30.226855548100527]]]}},{"type":"Feature","properties":{"state":"","county":"AUSTIN","s2_cell":"9681414648112349184","waymo_ro_miles":5911.369668154951,"incremental_miles":5911.37,"vintage_end":"202509","exposure_phase":"deployment"},"geometry":{"type":"Polygon","coordinates":[[[-97.79601179450758,30.215386926067122],[-97.79601179450758,30.203917314392992],[-97.78514014329618,30.204564016180388],[-97.78514014329618,30.216033774838124],[-97.79601179450758,30.215386926067122]]]}},{"type":"Feature","properties":{"state":"","county":"AUSTIN","s2_cell":"9681414682472087552","waymo_ro_miles":3314.714455624326,"incremental_miles":3314.714,"vintage_end":"202509","exposure_phase":"deployment"},"geometry":{"type":"Polygon","coordinates":[[[-97.80688511561101,30.21473907211957],[-97.80688511561101,30.2032696076633],[-97.79601179450758,30.203917314392992],[-97.79601179450758,30.215386926067122],[-97.80688511561101,30.21473907211957]]]}},{"type":"Feature","properties":{"state":"","county":"AUSTIN","s2_cell":"9681414716831825920","waymo_ro_miles":6466.028821389693,"incremental_miles":6466.029,"vintage_end":"202509","exposure_phase":"deployment"},"geometry":{"type":"Polygon","coordinates":[[[-97.81776010551877,30.2140902126309],[-97.81776010551877,30.202620895626865],[-97.80688511561101,30.2032696076633],[-97.80688511561101,30.21473907211957],[-97.81776010551877,30.2140902126309]]]}},{"type":"Feature","properties":{"state":"","county":"AUSTIN","s2_cell":"9681414751191564288","waymo_ro_miles":2225.1811162408603,"incremental_miles":2225.181,"vintage_end":"202509","exposure_phase":"deployment"},"geometry":{"type":"Polygon","coordinates":[[[-97.81776010551877,30.225558540227436],[-97.81776010551877,30.2140902126309],[-97.80688511561101,30.21473907211957],[-97.80688511561101,30.226207547051636],[-97.81776010551877,30.225558540227436]]]}},{"type":"Feature","properties":{"state":"","county":"AUSTIN","s2_cell":"9681414785551302656","waymo_ro_miles":1721.5431716431865,"incremental_miles":1721.543,"vintage_end":"202509","exposure_phase":"deployment"},"geometry":{"type":"Polygon","coordinates":[[[-97.82863676314237,30.224908527263572],[-97.82863676314237,30.21344034723688],[-97.81776010551877,30.2140902126309],[-97.81776010551877,30.225558540227436],[-97.82863676314237,30.224908527263572]]]}},{"type":"Feature","properties":{"state":"","county":"AUSTIN","s2_cell":"9681414819911041024","waymo_ro_miles":3241.5286835900874,"incremental_miles":3241.529,"vintage_end":"202509","exposure_phase":"deployment"},"geometry":{"type":"Polygon","coordinates":[[[-97.82863676314237,30.21344034723688],[-97.82863676314237,30.20197117791957],[-97.81776010551877,30.202620895626865],[-97.81776010551877,30.2140902126309],[-97.82863676314237,30.21344034723688]]]}},{"type":"Feature","properties":{"state":"","county":"AUSTIN","s2_cell":"9681414854270779392","waymo_ro_miles":2870.8629083526357,"incremental_miles":2870.863,"vintage_end":"202509","exposure_phase":"deployment"},"geometry":{"type":"Polygon","coordinates":[[[-97.83951508739261,30.21278947557358],[-97.83951508739261,30.201320454177598],[-97.82863676314237,30.20197117791957],[-97.82863676314237,30.21344034723688],[-97.83951508739261,30.21278947557358]]]}},{"type":"Feature","properties":{"state":"","county":"AUSTIN","s2_cell":"9681414922990256128","waymo_ro_miles":840.3605416188195,"incremental_miles":840.361,"vintage_end":"202509","exposure_phase":"deployment"},"geometry":{"type":"Polygon","coordinates":[[[-97.85039507717951,30.223605481461068],[-97.85039507717951,30.212137597277405],[-97.83951508739261,30.21278947557358],[-97.83951508739261,30.224257507796022],[-97.85039507717951,30.223605481461068]]]}},{"type":"Feature","properties":{"state":"","county":"AUSTIN","s2_cell":"9681414957349994496","waymo_ro_miles":3180.6879754270294,"incremental_miles":3180.688,"vintage_end":"202509","exposure_phase":"deployment"},"geometry":{"type":"Polygon","coordinates":[[[-97.83951508739261,30.224257507796022],[-97.83951508739261,30.21278947557358],[-97.82863676314237,30.21344034723688],[-97.82863676314237,30.224908527263572],[-97.83951508739261,30.224257507796022]]]}},{"type":"Feature","properties":{"state":"","county":"AUSTIN","s2_cell":"9681415094788947968","waymo_ro_miles":0.27450130188776833,"incremental_miles":0.275,"vintage_end":"202509","exposure_phase":"deployment"},"geometry":{"type":"Polygon","coordinates":[[[-97.85039507717951,30.23507237542674],[-97.85039507717951,30.223605481461068],[-97.83951508739261,30.224257507796022],[-97.83951508739261,30.235724549683226],[-97.85039507717951,30.23507237542674]]]}},{"type":"Feature","properties":{"state":"","county":"AUSTIN","s2_cell":"9681415300947378176","waymo_ro_miles":125.21822856743456,"incremental_miles":125.218,"vintage_end":"202509","exposure_phase":"deployment"},"geometry":{"type":"Polygon","coordinates":[[[-97.86127673141237,30.222952447895306],[-97.86127673141237,30.211484711985065],[-97.85039507717951,30.212137597277405],[-97.85039507717951,30.223605481461068],[-97.86127673141237,30.222952447895306]]]}},{"type":"Feature","properties":{"state":"","county":"AUSTIN","s2_cell":"9681415335307116544","waymo_ro_miles":770.7131132660696,"incremental_miles":770.713,"vintage_end":"202509","exposure_phase":"deployment"},"geometry":{"type":"Polygon","coordinates":[[[-97.86127673141237,30.211484711985065],[-97.86127673141237,30.200015987135952],[-97.85039507717951,30.200668724037453],[-97.85039507717951,30.212137597277405],[-97.86127673141237,30.211484711985065]]]}},{"type":"Feature","properties":{"state":"","county":"AUSTIN","s2_cell":"9681415369666854912","waymo_ro_miles":29.77681616569654,"incremental_miles":29.777,"vintage_end":"202509","exposure_phase":"deployment"},"geometry":{"type":"Polygon","coordinates":[[[-97.87216004899976,30.210830819333587],[-97.87216004899976,30.19936224311024],[-97.86127673141237,30.200015987135952],[-97.86127673141237,30.211484711985065],[-97.87216004899976,30.210830819333587]]]}},{"type":"Feature","properties":{"state":"","county":"AUSTIN","s2_cell":"9681415404026593280","waymo_ro_miles":45.28747550878901,"incremental_miles":45.287,"vintage_end":"202509","exposure_phase":"deployment"},"geometry":{"type":"Polygon","coordinates":[[[-97.87216004899976,30.19936224311024],[-97.87216004899976,30.187892679227996],[-97.86127673141237,30.188546274510347],[-97.86127673141237,30.200015987135952],[-97.87216004899976,30.19936224311024]]]}},{"type":"Feature","properties":{"state":"","county":"AUSTIN","s2_cell":"9681415438386331648","waymo_ro_miles":526.652875314188,"incremental_miles":526.653,"vintage_end":"202509","exposure_phase":"deployment"},"geometry":{"type":"Polygon","coordinates":[[[-97.86127673141237,30.200015987135952],[-97.86127673141237,30.188546274510347],[-97.85039507717951,30.189198862903588],[-97.85039507717951,30.200668724037453],[-97.86127673141237,30.200015987135952]]]}},{"type":"Feature","properties":{"state":"","county":"AUSTIN","s2_cell":"9681415472746070016","waymo_ro_miles":172.31060811994223,"incremental_miles":172.311,"vintage_end":"202509","exposure_phase":"deployment"},"geometry":{"type":"Polygon","coordinates":[[[-97.86127673141237,30.188546274510347],[-97.86127673141237,30.17707557527132],[-97.85039507717951,30.177728015038912],[-97.85039507717951,30.189198862903588],[-97.86127673141237,30.188546274510347]]]}},{"type":"Feature","properties":{"state":"","county":"AUSTIN","s2_cell":"9681415781983715328","waymo_ro_miles":588.1321421408534,"incremental_miles":588.132,"vintage_end":"202509","exposure_phase":"deployment"},"geometry":{"type":"Polygon","coordinates":[[[-97.83951508739261,30.178379448515333],[-97.83951508739261,30.166907466575925],[-97.82863676314237,30.16755774585166],[-97.82863676314237,30.179029876063517],[-97.83951508739261,30.178379448515333]]]}},{"type":"Feature","properties":{"state":"","county":"AUSTIN","s2_cell":"9681415816343453696","waymo_ro_miles":1478.8589899245676,"incremental_miles":1478.859,"vintage_end":"202509","exposure_phase":"deployment"},"geometry":{"type":"Polygon","coordinates":[[[-97.83951508739261,30.189850444770475],[-97.83951508739261,30.178379448515333],[-97.82863676314237,30.179029876063517],[-97.82863676314237,30.190501020474084],[-97.83951508739261,30.189850444770475]]]}},{"type":"Feature","properties":{"state":"","county":"AUSTIN","s2_cell":"9681415850703192064","waymo_ro_miles":1268.119614312867,"incremental_miles":1268.12,"vintage_end":"202509","exposure_phase":"deployment"},"geometry":{"type":"Polygon","coordinates":[[[-97.85039507717951,30.189198862903588],[-97.85039507717951,30.177728015038912],[-97.83951508739261,30.178379448515333],[-97.83951508739261,30.189850444770475],[-97.85039507717951,30.189198862903588]]]}},{"type":"Feature","properties":{"state":"","county":"AUSTIN","s2_cell":"9681415885062930432","waymo_ro_miles":1347.7245895211506,"incremental_miles":1347.725,"vintage_end":"202509","exposure_phase":"deployment"},"geometry":{"type":"Polygon","coordinates":[[[-97.85039507717951,30.200668724037453],[-97.85039507717951,30.189198862903588],[-97.83951508739261,30.189850444770475],[-97.83951508739261,30.201320454177598],[-97.85039507717951,30.200668724037453]]]}},{"type":"Feature","properties":{"state":"","county":"AUSTIN","s2_cell":"9681415919422668800","waymo_ro_miles":2177.7514088546313,"incremental_miles":2177.751,"vintage_end":"202509","exposure_phase":"deployment"},"geometry":{"type":"Polygon","coordinates":[[[-97.83951508739261,30.201320454177598],[-97.83951508739261,30.189850444770475],[-97.82863676314237,30.190501020474084],[-97.82863676314237,30.20197117791957],[-97.83951508739261,30.201320454177598]]]}},{"type":"Feature","properties":{"state":"","county":"AUSTIN","s2_cell":"9681415953782407168","waymo_ro_miles":2609.4067102869703,"incremental_miles":2609.407,"vintage_end":"202509","exposure_phase":"deployment"},"geometry":{"type":"Polygon","coordinates":[[[-97.82863676314237,30.20197117791957],[-97.82863676314237,30.190501020474084],[-97.81776010551877,30.191150590377784],[-97.81776010551877,30.202620895626865],[-97.82863676314237,30.20197117791957]]]}},{"type":"Feature","properties":{"state":"","county":"AUSTIN","s2_cell":"9681415988142145536","waymo_ro_miles":2015.2466306656574,"incremental_miles":2015.247,"vintage_end":"202509","exposure_phase":"deployment"},"geometry":{"type":"Polygon","coordinates":[[[-97.82863676314237,30.190501020474084],[-97.82863676314237,30.179029876063517],[-97.81776010551877,30.179679298046747],[-97.81776010551877,30.191150590377784],[-97.82863676314237,30.190501020474084]]]}},{"type":"Feature","properties":{"state":"","county":"AUSTIN","s2_cell":"9681416022501883904","waymo_ro_miles":3375.094254849727,"incremental_miles":3375.094,"vintage_end":"202509","exposure_phase":"deployment"},"geometry":{"type":"Polygon","coordinates":[[[-97.81776010551877,30.191150590377784],[-97.81776010551877,30.179679298046747],[-97.80688511561101,30.180327714828618],[-97.80688511561101,30.191799154845267],[-97.81776010551877,30.191150590377784]]]}},{"type":"Feature","properties":{"state":"","county":"AUSTIN","s2_cell":"9681416056861622272","waymo_ro_miles":4453.774313659632,"incremental_miles":4453.774,"vintage_end":"202509","exposure_phase":"deployment"},"geometry":{"type":"Polygon","coordinates":[[[-97.81776010551877,30.202620895626865],[-97.81776010551877,30.191150590377784],[-97.80688511561101,30.191799154845267],[-97.80688511561101,30.2032696076633],[-97.81776010551877,30.202620895626865]]]}},{"type":"Feature","properties":{"state":"","county":"AUSTIN","s2_cell":"9681416091221360640","waymo_ro_miles":6905.546159518983,"incremental_miles":6905.546,"vintage_end":"202509","exposure_phase":"deployment"},"geometry":{"type":"Polygon","coordinates":[[[-97.80688511561101,30.2032696076633],[-97.80688511561101,30.191799154845267],[-97.79601179450758,30.192446714240575],[-97.79601179450758,30.203917314392992],[-97.80688511561101,30.2032696076633]]]}},{"type":"Feature","properties":{"state":"","county":"AUSTIN","s2_cell":"9681416125581099008","waymo_ro_miles":10604.038357886277,"incremental_miles":10604.038,"vintage_end":"202509","exposure_phase":"deployment"},"geometry":{"type":"Polygon","coordinates":[[[-97.79601179450758,30.203917314392992],[-97.79601179450758,30.192446714240575],[-97.78514014329618,30.19309326892803],[-97.78514014329618,30.204564016180388],[-97.79601179450758,30.203917314392992]]]}},{"type":"Feature","properties":{"state":"","county":"AUSTIN","s2_cell":"9681416159940837376","waymo_ro_miles":4545.6702144796745,"incremental_miles":4545.67,"vintage_end":"202509","exposure_phase":"deployment"},"geometry":{"type":"Polygon","coordinates":[[[-97.79601179450758,30.192446714240575],[-97.79601179450758,30.180975126773028],[-97.78514014329618,30.181621534244204],[-97.78514014329618,30.19309326892803],[-97.79601179450758,30.192446714240575]]]}},{"type":"Feature","properties":{"state":"","county":"AUSTIN","s2_cell":"9681416194300575744","waymo_ro_miles":1653.1771610492212,"incremental_miles":1653.177,"vintage_end":"202509","exposure_phase":"deployment"},"geometry":{"type":"Polygon","coordinates":[[[-97.80688511561101,30.191799154845267],[-97.80688511561101,30.180327714828618],[-97.79601179450758,30.180975126773028],[-97.79601179450758,30.192446714240575],[-97.80688511561101,30.191799154845267]]]}},{"type":"Feature","properties":{"state":"","county":"AUSTIN","s2_cell":"9681416228660314112","waymo_ro_miles":3070.060962326229,"incremental_miles":3070.061,"vintage_end":"202509","exposure_phase":"deployment"},"geometry":{"type":"Polygon","coordinates":[[[-97.80688511561101,30.180327714828618],[-97.80688511561101,30.16885528877714],[-97.79601179450758,30.16950255315416],[-97.79601179450758,30.180975126773028],[-97.80688511561101,30.180327714828618]]]}},{"type":"Feature","properties":{"state":"","county":"AUSTIN","s2_cell":"9681416263020052480","waymo_ro_miles":2739.9230427820116,"incremental_miles":2739.923,"vintage_end":"202509","exposure_phase":"deployment"},"geometry":{"type":"Polygon","coordinates":[[[-97.79601179450758,30.180975126773028],[-97.79601179450758,30.16950255315416],[-97.78514014329618,30.17014881329274],[-97.78514014329618,30.181621534244204],[-97.79601179450758,30.180975126773028]]]}},{"type":"Feature","properties":{"state":"","county":"AUSTIN","s2_cell":"9681416297379790848","waymo_ro_miles":871.8150214649269,"incremental_miles":871.815,"vintage_end":"202509","exposure_phase":"deployment"},"geometry":{"type":"Polygon","coordinates":[[[-97.79601179450758,30.16950255315416],[-97.79601179450758,30.1580289945485],[-97.78514014329618,30.15867510723818],[-97.78514014329618,30.17014881329274],[-97.79601179450758,30.16950255315416]]]}},{"type":"Feature","properties":{"state":"","county":"AUSTIN","s2_cell":"9681416331739529216","waymo_ro_miles":4.617323124575091,"incremental_miles":4.617,"vintage_end":"202509","exposure_phase":"deployment"},"geometry":{"type":"Polygon","coordinates":[[[-97.80688511561101,30.16885528877714],[-97.80688511561101,30.157381877855364],[-97.79601179450758,30.1580289945485],[-97.79601179450758,30.16950255315416],[-97.80688511561101,30.16885528877714]]]}},{"type":"Feature","properties":{"state":"","county":"AUSTIN","s2_cell":"9681416400459005952","waymo_ro_miles":954.0686998542815,"incremental_miles":954.069,"vintage_end":"202509","exposure_phase":"deployment"},"geometry":{"type":"Polygon","coordinates":[[[-97.81776010551877,30.179679298046747],[-97.81776010551877,30.168207019797574],[-97.80688511561101,30.16885528877714],[-97.80688511561101,30.180327714828618],[-97.81776010551877,30.179679298046747]]]}},{"type":"Feature","properties":{"state":"","county":"AUSTIN","s2_cell":"9681416434818744320","waymo_ro_miles":1765.6944094247076,"incremental_miles":1765.694,"vintage_end":"202509","exposure_phase":"deployment"},"geometry":{"type":"Polygon","coordinates":[[[-97.82863676314237,30.179029876063517],[-97.82863676314237,30.16755774585166],[-97.81776010551877,30.168207019797574],[-97.81776010551877,30.179679298046747],[-97.82863676314237,30.179029876063517]]]}},{"type":"Feature","properties":{"state":"","county":"LOS_ANGELES","s2_cell":"9278157729149485056","waymo_ro_miles":91.48518683579323,"incremental_miles":89.381,"vintage_end":"202509","exposure_phase":"deployment"},"geometry":{"type":"Polygon","coordinates":[[[-118.4980744223827,34.065622501621725],[-118.4980744223827,34.055392539190215],[-118.4863962961138,34.05833343982856],[-118.4863962961138,34.068563823956744],[-118.4980744223827,34.065622501621725]]]}},{"type":"Feature","properties":{"state":"","county":"LOS_ANGELES","s2_cell":"9278157763509223424","waymo_ro_miles":35794.406374404825,"incremental_miles":26177.242,"vintage_end":"202509","exposure_phase":"deployment"},"geometry":{"type":"Polygon","coordinates":[[[-118.4980744223827,34.055392539190215],[-118.4980744223827,34.04516148074722],[-118.4863962961138,34.04810195926861],[-118.4863962961138,34.05833343982856],[-118.4980744223827,34.055392539190215]]]}},{"type":"Feature","properties":{"state":"","county":"LOS_ANGELES","s2_cell":"9278157797868961792","waymo_ro_miles":470.6900734302024,"incremental_miles":464.284,"vintage_end":"202509","exposure_phase":"deployment"},"geometry":{"type":"Polygon","coordinates":[[[-118.50975172272118,34.05245053820491],[-118.50975172272118,34.04221990214465],[-118.4980744223827,34.04516148074722],[-118.4980744223827,34.055392539190215],[-118.50975172272118,34.05245053820491]]]}},{"type":"Feature","properties":{"state":"","county":"LOS_ANGELES","s2_cell":"9278157832228700160","waymo_ro_miles":375.67601325257186,"incremental_miles":362.064,"vintage_end":"202509","exposure_phase":"deployment"},"geometry":{"type":"Polygon","coordinates":[[[-118.52142819584975,34.04950743735933],[-118.52142819584975,34.039277223947664],[-118.50975172272118,34.04221990214465],[-118.50975172272118,34.05245053820491],[-118.52142819584975,34.04950743735933]]]}},{"type":"Feature","properties":{"state":"","county":"LOS_ANGELES","s2_cell":"9278157900948176896","waymo_ro_miles":0.22478373826606893,"incremental_miles":0.225,"vintage_end":"202509","exposure_phase":"deployment"},"geometry":{"type":"Polygon","coordinates":[[[-118.53310384048967,34.056791932887904],[-118.53310384048967,34.046563237140646],[-118.52142819584975,34.04950743735933],[-118.52142819584975,34.05973655560042],[-118.53310384048967,34.056791932887904]]]}},{"type":"Feature","properties":{"state":"","county":"LOS_ANGELES","s2_cell":"9278157935307915264","waymo_ro_miles":1.8010402548203832,"incremental_miles":1.801,"vintage_end":"202509","exposure_phase":"deployment"},"geometry":{"type":"Polygon","coordinates":[[[-118.53310384048967,34.046563237140646],[-118.53310384048967,34.03633344664345],[-118.52142819584975,34.039277223947664],[-118.52142819584975,34.04950743735933],[-118.53310384048967,34.046563237140646]]]}},{"type":"Feature","properties":{"state":"","county":"LOS_ANGELES","s2_cell":"9278157969667653632","waymo_ro_miles":0.3270453919102426,"incremental_miles":0.327,"vintage_end":"202509","exposure_phase":"deployment"},"geometry":{"type":"Polygon","coordinates":[[[-118.54477865536275,34.04361793803641],[-118.54477865536275,34.03338857071962],[-118.53310384048967,34.03633344664345],[-118.53310384048967,34.046563237140646],[-118.54477865536275,34.04361793803641]]]}},{"type":"Feature","properties":{"state":"","county":"LOS_ANGELES","s2_cell":"9278159069179281408","waymo_ro_miles":0.7684462035994081,"incremental_miles":0.768,"vintage_end":"202509","exposure_phase":"deployment"},"geometry":{"type":"Polygon","coordinates":[[[-118.53310384048967,34.03633344664345],[-118.53310384048967,34.02610256214948],[-118.52142819584975,34.02904591611854],[-118.52142819584975,34.039277223947664],[-118.53310384048967,34.03633344664345]]]}},{"type":"Feature","properties":{"state":"","county":"LOS_ANGELES","s2_cell":"9278159137898758144","waymo_ro_miles":19613.129126044234,"incremental_miles":9241.171,"vintage_end":"202509","exposure_phase":"deployment"},"geometry":{"type":"Polygon","coordinates":[[[-118.52142819584975,34.02904591611854],[-118.52142819584975,34.01881351462568],[-118.50975172272118,34.02175534626379],[-118.50975172272118,34.03198817124638],[-118.52142819584975,34.02904591611854]]]}},{"type":"Feature","properties":{"state":"","county":"LOS_ANGELES","s2_cell":"9278159172258496512","waymo_ro_miles":5540.8469936999545,"incremental_miles":5407.232,"vintage_end":"202509","exposure_phase":"deployment"},"geometry":{"type":"Polygon","coordinates":[[[-118.52142819584975,34.039277223947664],[-118.52142819584975,34.02904591611854],[-118.50975172272118,34.03198817124638],[-118.50975172272118,34.04221990214465],[-118.52142819584975,34.039277223947664]]]}},{"type":"Feature","properties":{"state":"","county":"LOS_ANGELES","s2_cell":"9278159206618234880","waymo_ro_miles":48235.40043733741,"incremental_miles":30304.217,"vintage_end":"202509","exposure_phase":"deployment"},"geometry":{"type":"Polygon","coordinates":[[[-118.50975172272118,34.04221990214465],[-118.50975172272118,34.03198817124638],[-118.4980744223827,34.034929327045774],[-118.4980744223827,34.04516148074722],[-118.50975172272118,34.04221990214465]]]}},{"type":"Feature","properties":{"state":"","county":"LOS_ANGELES","s2_cell":"9278159240977973248","waymo_ro_miles":25076.17605027613,"incremental_miles":12693.43,"vintage_end":"202509","exposure_phase":"deployment"},"geometry":{"type":"Polygon","coordinates":[[[-118.4980744223827,34.04516148074722],[-118.4980744223827,34.034929327045774],[-118.4863962961138,34.0378693830299],[-118.4863962961138,34.04810195926861],[-118.4980744223827,34.04516148074722]]]}},{"type":"Feature","properties":{"state":"","county":"LOS_ANGELES","s2_cell":"9278159275337711616","waymo_ro_miles":114406.36856307871,"incremental_miles":37896.363,"vintage_end":"202509","exposure_phase":"deployment"},"geometry":{"type":"Polygon","coordinates":[[[-118.4980744223827,34.034929327045774],[-118.4980744223827,34.02469607883954],[-118.4863962961138,34.027635711866054],[-118.4863962961138,34.0378693830299],[-118.4980744223827,34.034929327045774]]]}},{"type":"Feature","properties":{"state":"","county":"LOS_ANGELES","s2_cell":"9278159309697449984","waymo_ro_miles":85288.91844345814,"incremental_miles":28083.474,"vintage_end":"202509","exposure_phase":"deployment"},"geometry":{"type":"Polygon","coordinates":[[[-118.50975172272118,34.03198817124638],[-118.50975172272118,34.02175534626379],[-118.4980744223827,34.02469607883954],[-118.4980744223827,34.034929327045774],[-118.50975172272118,34.03198817124638]]]}},{"type":"Feature","properties":{"state":"","county":"LOS_ANGELES","s2_cell":"9278159344057188352","waymo_ro_miles":70653.91850088838,"incremental_miles":22358.179,"vintage_end":"202509","exposure_phase":"deployment"},"geometry":{"type":"Polygon","coordinates":[[[-118.50975172272118,34.02175534626379],[-118.50975172272118,34.01152142795113],[-118.4980744223827,34.01446173688272],[-118.4980744223827,34.02469607883954],[-118.50975172272118,34.02175534626379]]]}},{"type":"Feature","properties":{"state":"","county":"LOS_ANGELES","s2_cell":"9278159378416926720","waymo_ro_miles":276792.2888613007,"incremental_miles":99501.537,"vintage_end":"202509","exposure_phase":"deployment"},"geometry":{"type":"Polygon","coordinates":[[[-118.4980744223827,34.02469607883954],[-118.4980744223827,34.01446173688272],[-118.4863962961138,34.017400946531254],[-118.4863962961138,34.027635711866054],[-118.4980744223827,34.02469607883954]]]}},{"type":"Feature","properties":{"state":"","county":"LOS_ANGELES","s2_cell":"9278159412776665088","waymo_ro_miles":161720.07258635832,"incremental_miles":53972.451,"vintage_end":"202509","exposure_phase":"deployment"},"geometry":{"type":"Polygon","coordinates":[[[-118.4980744223827,34.01446173688272],[-118.4980744223827,34.004226301930125],[-118.4863962961138,34.00716508778025],[-118.4863962961138,34.017400946531254],[-118.4980744223827,34.01446173688272]]]}},{"type":"Feature","properties":{"state":"","county":"LOS_ANGELES","s2_cell":"9278159790733787136","waymo_ro_miles":22605.22536515854,"incremental_miles":7369.351,"vintage_end":"202509","exposure_phase":"deployment"},"geometry":{"type":"Polygon","coordinates":[[[-118.4980744223827,34.004226301930125],[-118.4980744223827,33.9939897747371],[-118.4863962961138,33.99692813636837],[-118.4863962961138,34.00716508778025],[-118.4980744223827,34.004226301930125]]]}},{"type":"Feature","properties":{"state":"","county":"LOS_ANGELES","s2_cell":"9278172091520122880","waymo_ro_miles":2230.8403188704738,"incremental_miles":1909.226,"vintage_end":"202509","exposure_phase":"deployment"},"geometry":{"type":"Polygon","coordinates":[[[-118.45135697452811,33.95452912919473],[-118.4513569745281,33.944284359087185],[-118.4396755573443,33.94721577311227],[-118.4396755573443,33.95746096889399],[-118.45135697452811,33.95452912919473]]]}},{"type":"Feature","properties":{"state":"","county":"LOS_ANGELES","s2_cell":"9278172125879861248","waymo_ro_miles":10486.25666774319,"incremental_miles":9523.409,"vintage_end":"202509","exposure_phase":"deployment"},"geometry":{"type":"Polygon","coordinates":[[[-118.45135697452811,33.964772809924185],[-118.45135697452811,33.95452912919473],[-118.4396755573443,33.95746096889399],[-118.4396755573443,33.967705074877465],[-118.45135697452811,33.964772809924185]]]}},{"type":"Feature","properties":{"state":"","county":"LOS_ANGELES","s2_cell":"9278172194599337984","waymo_ro_miles":15891.26522895504,"incremental_miles":5339.606,"vintage_end":"202509","exposure_phase":"deployment"},"geometry":{"type":"Polygon","coordinates":[[[-118.46303757090548,33.97208161083505],[-118.46303757090548,33.96183944534293],[-118.45135697452811,33.964772809924185],[-118.45135697452811,33.97501540051689],[-118.46303757090548,33.97208161083505]]]}},{"type":"Feature","properties":{"state":"","county":"LOS_ANGELES","s2_cell":"9278172228959076352","waymo_ro_miles":5105.8115104865865,"incremental_miles":2015.1,"vintage_end":"202509","exposure_phase":"deployment"},"geometry":{"type":"Polygon","coordinates":[[[-118.45135697452811,33.97501540051689],[-118.45135697452811,33.964772809924185],[-118.4396755573443,33.967705074877465],[-118.4396755573443,33.97794809030404],[-118.45135697452811,33.97501540051689]]]}},{"type":"Feature","properties":{"state":"","county":"LOS_ANGELES","s2_cell":"9278172263318814720","waymo_ro_miles":99554.7546586045,"incremental_miles":43959.667,"vintage_end":"202509","exposure_phase":"deployment"},"geometry":{"type":"Polygon","coordinates":[[[-118.4396755573443,33.97794809030404],[-118.4396755573443,33.967705074877465],[-118.42799332063665,33.9706362397177],[-118.42799332063665,33.98087967971151],[-118.4396755573443,33.97794809030404]]]}},{"type":"Feature","properties":{"state":"","county":"LOS_ANGELES","s2_cell":"9278172297678553088","waymo_ro_miles":15308.409179675757,"incremental_miles":7609.589,"vintage_end":"202509","exposure_phase":"deployment"},"geometry":{"type":"Polygon","coordinates":[[[-118.4396755573443,33.967705074877465],[-118.4396755573443,33.95746096889399],[-118.42799332063665,33.960391708747],[-118.42799332063665,33.9706362397177],[-118.4396755573443,33.967705074877465]]]}},{"type":"Feature","properties":{"state":"","county":"LOS_ANGELES","s2_cell":"9278172332038291456","waymo_ro_miles":62343.24198897708,"incremental_miles":25366.005,"vintage_end":"202509","exposure_phase":"deployment"},"geometry":{"type":"Polygon","coordinates":[[[-118.42799332063665,33.9706362397177],[-118.42799332063665,33.960391708747],[-118.41631026568835,33.963321348269105],[-118.41631026568835,33.9735663039603],[-118.42799332063665,33.9706362397177]]]}},{"type":"Feature","properties":{"state":"","county":"LOS_ANGELES","s2_cell":"9278172366398029824","waymo_ro_miles":53433.58272269127,"incremental_miles":21648.999,"vintage_end":"202509","exposure_phase":"deployment"},"geometry":{"type":"Polygon","coordinates":[[[-118.42799332063665,33.98087967971151],[-118.42799332063665,33.9706362397177],[-118.41631026568835,33.9735663039603],[-118.41631026568835,33.9838101682547],[-118.42799332063665,33.98087967971151]]]}},{"type":"Feature","properties":{"state":"","county":"LOS_ANGELES","s2_cell":"9278172400757768192","waymo_ro_miles":130026.85752093061,"incremental_miles":58147.428,"vintage_end":"202509","exposure_phase":"deployment"},"geometry":{"type":"Polygon","coordinates":[[[-118.41631026568835,33.9838101682547],[-118.41631026568835,33.9735663039603],[-118.40462639378326,33.97649526712107],[-118.40462639378326,33.9867395554495],[-118.41631026568835,33.9838101682547]]]}},{"type":"Feature","properties":{"state":"","county":"LOS_ANGELES","s2_cell":"9278172435117506560","waymo_ro_miles":198904.36238494888,"incremental_miles":60025.311,"vintage_end":"202509","exposure_phase":"deployment"},"geometry":{"type":"Polygon","coordinates":[[[-118.40462639378326,33.9867395554495],[-118.40462639378326,33.97649526712107],[-118.39294170620582,33.97942312871625],[-118.39294170620582,33.9896678408122],[-118.40462639378326,33.9867395554495]]]}},{"type":"Feature","properties":{"state":"","county":"LOS_ANGELES","s2_cell":"9278172469477244928","waymo_ro_miles":55577.01442949527,"incremental_miles":17363.363,"vintage_end":"202509","exposure_phase":"deployment"},"geometry":{"type":"Polygon","coordinates":[[[-118.40462639378326,33.97649526712107],[-118.40462639378326,33.96624988697607],[-118.39294170620582,33.9691773243841],[-118.39294170620582,33.97942312871625],[-118.40462639378326,33.97649526712107]]]}},{"type":"Feature","properties":{"state":"","county":"LOS_ANGELES","s2_cell":"9278172538196721664","waymo_ro_miles":50354.3463337742,"incremental_miles":17721.127,"vintage_end":"202509","exposure_phase":"deployment"},"geometry":{"type":"Polygon","coordinates":[[[-118.41631026568835,33.963321348269105],[-118.41631026568835,33.9530753019397],[-118.40462639378326,33.95600341577306],[-118.40462639378326,33.96624988697607],[-118.41631026568835,33.963321348269105]]]}},{"type":"Feature","properties":{"state":"","county":"LOS_ANGELES","s2_cell":"9278172572556460032","waymo_ro_miles":84890.63491103158,"incremental_miles":26645.827,"vintage_end":"202509","exposure_phase":"deployment"},"geometry":{"type":"Polygon","coordinates":[[[-118.40462639378326,33.96624988697607],[-118.40462639378326,33.95600341577306],[-118.39294170620582,33.95893042857426],[-118.39294170620582,33.9691773243841],[-118.40462639378326,33.96624988697607]]]}},{"type":"Feature","properties":{"state":"","county":"LOS_ANGELES","s2_cell":"9278172606916198400","waymo_ro_miles":10343.369637918102,"incremental_miles":5816.382,"vintage_end":"202509","exposure_phase":"deployment"},"geometry":{"type":"Polygon","coordinates":[[[-118.40462639378326,33.95600341577306],[-118.40462639378326,33.94575585427115],[-118.39294170620582,33.948682442045815],[-118.39294170620582,33.95893042857426],[-118.40462639378326,33.95600341577306]]]}},{"type":"Feature","properties":{"state":"","county":"LOS_ANGELES","s2_cell":"9278172709995413504","waymo_ro_miles":28875.74734898711,"incremental_miles":13191.598,"vintage_end":"202509","exposure_phase":"deployment"},"geometry":{"type":"Polygon","coordinates":[[[-118.42799332063665,33.960391708747],[-118.42799332063665,33.950146087558],[-118.41631026568835,33.9530753019397],[-118.41631026568835,33.963321348269105],[-118.42799332063665,33.960391708747]]]}},{"type":"Feature","properties":{"state":"","county":"LOS_ANGELES","s2_cell":"9278172744355151872","waymo_ro_miles":2986.1506154080275,"incremental_miles":2594.631,"vintage_end":"202509","exposure_phase":"deployment"},"geometry":{"type":"Polygon","coordinates":[[[-118.4396755573443,33.95746096889399],[-118.4396755573443,33.94721577311227],[-118.42799332063665,33.950146087558],[-118.42799332063665,33.960391708747],[-118.4396755573443,33.95746096889399]]]}},{"type":"Feature","properties":{"state":"","county":"LOS_ANGELES","s2_cell":"9278172813074628608","waymo_ro_miles":3.541467069111695,"incremental_miles":3.541,"vintage_end":"202509","exposure_phase":"deployment"},"geometry":{"type":"Polygon","coordinates":[[[-118.4396755573443,33.93696948829149],[-118.4396755573443,33.92672211519147],[-118.42799332063665,33.92965157756239],[-118.42799332063665,33.939899376909885],[-118.4396755573443,33.93696948829149]]]}},{"type":"Feature","properties":{"state":"","county":"LOS_ANGELES","s2_cell":"9278172881794105344","waymo_ro_miles":1.03719968288155,"incremental_miles":1.037,"vintage_end":"202509","exposure_phase":"deployment"},"geometry":{"type":"Polygon","coordinates":[[[-118.42799332063665,33.92965157756239],[-118.42799332063665,33.91940269027586],[-118.41631026568835,33.922330626716445],[-118.41631026568835,33.93257994040337],[-118.42799332063665,33.92965157756239]]]}},{"type":"Feature","properties":{"state":"","county":"LOS_ANGELES","s2_cell":"9278172984873320448","waymo_ro_miles":3.6246919310395986,"incremental_miles":3.625,"vintage_end":"202509","exposure_phase":"deployment"},"geometry":{"type":"Polygon","coordinates":[[[-118.40462639378326,33.94575585427115],[-118.40462639378326,33.93550720323001],[-118.39294170620582,33.9384333655584],[-118.39294170620582,33.948682442045815],[-118.40462639378326,33.94575585427115]]]}},{"type":"Feature","properties":{"state":"","county":"LOS_ANGELES","s2_cell":"9278173019233058816","waymo_ro_miles":4.066228249563543,"incremental_miles":4.066,"vintage_end":"202509","exposure_phase":"deployment"},"geometry":{"type":"Polygon","coordinates":[[[-118.40462639378326,33.93550720323001],[-118.40462639378326,33.9252574634099],[-118.39294170620582,33.92818319987224],[-118.39294170620582,33.9384333655584],[-118.40462639378326,33.93550720323001]]]}},{"type":"Feature","properties":{"state":"","county":"LOS_ANGELES","s2_cell":"9278173053592797184","waymo_ro_miles":2.6950500236718056,"incremental_miles":2.695,"vintage_end":"202509","exposure_phase":"deployment"},"geometry":{"type":"Polygon","coordinates":[[[-118.41631026568835,33.93257994040337],[-118.41631026568835,33.922330626716445],[-118.40462639378326,33.9252574634099],[-118.40462639378326,33.93550720323001],[-118.41631026568835,33.93257994040337]]]}},{"type":"Feature","properties":{"state":"","county":"LOS_ANGELES","s2_cell":"9278178585510674432","waymo_ro_miles":12799.49343898763,"incremental_miles":5834.11,"vintage_end":"202509","exposure_phase":"deployment"},"geometry":{"type":"Polygon","coordinates":[[[-118.33450607823356,33.95304765281854],[-118.33450607823356,33.94279536180754],[-118.32281652363083,33.94571448674347],[-118.32281652363086,33.95596720201868],[-118.33450607823356,33.95304765281854]]]}},{"type":"Feature","properties":{"state":"","county":"LOS_ANGELES","s2_cell":"9278178619870412800","waymo_ro_miles":12128.071251405492,"incremental_miles":7011.898,"vintage_end":"202509","exposure_phase":"deployment"},"geometry":{"type":"Polygon","coordinates":[[[-118.33450607823356,33.96329885253376],[-118.33450607823356,33.95304765281854],[-118.32281652363086,33.95596720201868],[-118.32281652363086,33.966218825579055],[-118.33450607823356,33.96329885253376]]]}},{"type":"Feature","properties":{"state":"","county":"LOS_ANGELES","s2_cell":"9278178654230151168","waymo_ro_miles":14104.121438323287,"incremental_miles":6071.547,"vintage_end":"202509","exposure_phase":"deployment"},"geometry":{"type":"Polygon","coordinates":[[[-118.34619482488387,33.96037777582885],[-118.34619482488387,33.950127000225535],[-118.33450607823356,33.95304765281854],[-118.33450607823356,33.96329885253376],[-118.34619482488387,33.96037777582885]]]}},{"type":"Feature","properties":{"state":"","county":"LOS_ANGELES","s2_cell":"9278178688589889536","waymo_ro_miles":15078.989107329713,"incremental_miles":4076.889,"vintage_end":"202509","exposure_phase":"deployment"},"geometry":{"type":"Polygon","coordinates":[[[-118.34619482488387,33.950127000225535],[-118.34619482488387,33.939875133745595],[-118.33450607823356,33.94279536180754],[-118.33450607823356,33.95304765281854],[-118.34619482488387,33.950127000225535]]]}},{"type":"Feature","properties":{"state":"","county":"LOS_ANGELES","s2_cell":"9278178722949627904","waymo_ro_miles":83.39158831673976,"incremental_miles":82.323,"vintage_end":"202509","exposure_phase":"deployment"},"geometry":{"type":"Polygon","coordinates":[[[-118.34619482488387,33.939875133745595],[-118.34619482488387,33.9296221771497],[-118.33450607823356,33.93254198026139],[-118.33450607823356,33.94279536180754],[-118.34619482488387,33.939875133745595]]]}},{"type":"Feature","properties":{"state":"","county":"LOS_ANGELES","s2_cell":"9278178757309366272","waymo_ro_miles":5.075445337295521,"incremental_miles":1.241,"vintage_end":"202509","exposure_phase":"deployment"},"geometry":{"type":"Polygon","coordinates":[[[-118.33450607823356,33.94279536180754],[-118.33450607823356,33.93254198026139],[-118.32281652363083,33.93546068051404],[-118.32281652363083,33.94571448674347],[-118.33450607823356,33.94279536180754]]]}},{"type":"Feature","properties":{"state":"","county":"LOS_ANGELES","s2_cell":"9278178894748319744","waymo_ro_miles":56.68376771743098,"incremental_miles":56.684,"vintage_end":"202509","exposure_phase":"deployment"},"geometry":{"type":"Polygon","coordinates":[[[-118.3578827622935,33.93695380303904],[-118.3578827622935,33.926701271660434],[-118.34619482488387,33.9296221771497],[-118.34619482488387,33.939875133745595],[-118.3578827622935,33.93695380303904]]]}},{"type":"Feature","properties":{"state":"","county":"LOS_ANGELES","s2_cell":"9278178929108058112","waymo_ro_miles":3.9816226204759566,"incremental_miles":3.982,"vintage_end":"202509","exposure_phase":"deployment"},"geometry":{"type":"Polygon","coordinates":[[[-118.36956988917491,33.93403137016971],[-118.36956988917491,33.923779264275474],[-118.3578827622935,33.926701271660434],[-118.3578827622935,33.93695380303904],[-118.36956988917491,33.93403137016971]]]}},{"type":"Feature","properties":{"state":"","county":"LOS_ANGELES","s2_cell":"9278179135266488320","waymo_ro_miles":19.097679949418236,"incremental_miles":16.347,"vintage_end":"202509","exposure_phase":"deployment"},"geometry":{"type":"Polygon","coordinates":[[[-118.38125620424114,33.941358426905005],[-118.38125620424114,33.931107835619876],[-118.36956988917491,33.93403137016971],[-118.36956988917491,33.94428238678677],[-118.38125620424114,33.941358426905005]]]}},{"type":"Feature","properties":{"state":"","county":"LOS_ANGELES","s2_cell":"9278179238345703424","waymo_ro_miles":5135.37530097864,"incremental_miles":1960.801,"vintage_end":"202509","exposure_phase":"deployment"},"geometry":{"type":"Polygon","coordinates":[[[-118.38125620424114,33.95160792857174],[-118.38125620424114,33.941358426905005],[-118.36956988917491,33.94428238678677],[-118.36956988917491,33.95453231336588],[-118.38125620424114,33.95160792857174]]]}},{"type":"Feature","properties":{"state":"","county":"LOS_ANGELES","s2_cell":"9278179272705441792","waymo_ro_miles":163370.39842056597,"incremental_miles":38619.562,"vintage_end":"202509","exposure_phase":"deployment"},"geometry":{"type":"Polygon","coordinates":[[[-118.36956988917491,33.95453231336588],[-118.36956988917491,33.94428238678677],[-118.3578827622935,33.94720524472101],[-118.3578827622935,33.957455595945646],[-118.36956988917491,33.95453231336588]]]}},{"type":"Feature","properties":{"state":"","county":"LOS_ANGELES","s2_cell":"9278179307065180160","waymo_ro_miles":36969.87740005359,"incremental_miles":7158.94,"vintage_end":"202509","exposure_phase":"deployment"},"geometry":{"type":"Polygon","coordinates":[[[-118.36956988917491,33.94428238678677],[-118.36956988917491,33.93403137016971],[-118.3578827622935,33.93695380303904],[-118.3578827622935,33.94720524472101],[-118.36956988917491,33.94428238678677]]]}},{"type":"Feature","properties":{"state":"","county":"LOS_ANGELES","s2_cell":"9278179341424918528","waymo_ro_miles":91099.73209724954,"incremental_miles":40218.73,"vintage_end":"202509","exposure_phase":"deployment"},"geometry":{"type":"Polygon","coordinates":[[[-118.3578827622935,33.94720524472101],[-118.3578827622935,33.93695380303904],[-118.34619482488387,33.939875133745595],[-118.34619482488387,33.950127000225535],[-118.3578827622935,33.94720524472101]]]}},{"type":"Feature","properties":{"state":"","county":"LOS_ANGELES","s2_cell":"9278179375784656896","waymo_ro_miles":64607.3696275579,"incremental_miles":44137.096,"vintage_end":"202509","exposure_phase":"deployment"},"geometry":{"type":"Polygon","coordinates":[[[-118.3578827622935,33.957455595945646],[-118.3578827622935,33.94720524472101],[-118.34619482488387,33.950127000225535],[-118.34619482488387,33.96037777582885],[-118.3578827622935,33.957455595945646]]]}},{"type":"Feature","properties":{"state":"","county":"LOS_ANGELES","s2_cell":"9278179410144395264","waymo_ro_miles":59005.97987673723,"incremental_miles":44895.832,"vintage_end":"202509","exposure_phase":"deployment"},"geometry":{"type":"Polygon","coordinates":[[[-118.3578827622935,33.96770485595282],[-118.3578827622935,33.957455595945646],[-118.34619482488387,33.96037777582885],[-118.34619482488387,33.97062745979546],[-118.3578827622935,33.96770485595282]]]}},{"type":"Feature","properties":{"state":"","county":"LOS_ANGELES","s2_cell":"9278179444504133632","waymo_ro_miles":45502.55650904422,"incremental_miles":40042.965,"vintage_end":"202509","exposure_phase":"deployment"},"geometry":{"type":"Polygon","coordinates":[[[-118.3578827622935,33.977953023982984],[-118.3578827622935,33.96770485595282],[-118.34619482488387,33.97062745979546],[-118.34619482488387,33.98087605136584],[-118.3578827622935,33.977953023982984]]]}},{"type":"Feature","properties":{"state":"","county":"LOS_ANGELES","s2_cell":"9278179478863872000","waymo_ro_miles":13203.720704871877,"incremental_miles":11496.822,"vintage_end":"202509","exposure_phase":"deployment"},"geometry":{"type":"Polygon","coordinates":[[[-118.36956988917491,33.975028893370286],[-118.36956988917491,33.96478114914692],[-118.3578827622935,33.96770485595282],[-118.3578827622935,33.977953023982984],[-118.36956988917491,33.975028893370286]]]}},{"type":"Feature","properties":{"state":"","county":"LOS_ANGELES","s2_cell":"9278179513223610368","waymo_ro_miles":139786.82676564628,"incremental_miles":29773.326,"vintage_end":"202509","exposure_phase":"deployment"},"geometry":{"type":"Polygon","coordinates":[[[-118.36956988917491,33.96478114914692],[-118.36956988917491,33.95453231336588],[-118.3578827622935,33.957455595945646],[-118.3578827622935,33.96770485595282],[-118.36956988917491,33.96478114914692]]]}},{"type":"Feature","properties":{"state":"","county":"LOS_ANGELES","s2_cell":"9278179547583348736","waymo_ro_miles":131555.6035951336,"incremental_miles":36529.052,"vintage_end":"202509","exposure_phase":"deployment"},"geometry":{"type":"Polygon","coordinates":[[[-118.38125620424114,33.96185633985988],[-118.38125620424114,33.95160792857174],[-118.36956988917491,33.95453231336588],[-118.36956988917491,33.96478114914692],[-118.38125620424114,33.96185633985988]]]}},{"type":"Feature","properties":{"state":"","county":"LOS_ANGELES","s2_cell":"9278179581943087104","waymo_ro_miles":58325.63352084641,"incremental_miles":17090.947,"vintage_end":"202509","exposure_phase":"deployment"},"geometry":{"type":"Polygon","coordinates":[[[-118.39294170620582,33.95893042857426],[-118.39294170620582,33.948682442045815],[-118.38125620424114,33.95160792857174],[-118.38125620424114,33.96185633985988],[-118.39294170620582,33.95893042857426]]]}},{"type":"Feature","properties":{"state":"","county":"LOS_ANGELES","s2_cell":"9278179616302825472","waymo_ro_miles":36935.352930634006,"incremental_miles":12390.128,"vintage_end":"202509","exposure_phase":"deployment"},"geometry":{"type":"Polygon","coordinates":[[[-118.39294170620582,33.9691773243841],[-118.39294170620582,33.95893042857426],[-118.38125620424114,33.96185633985988],[-118.38125620424114,33.97210366000982],[-118.39294170620582,33.9691773243841]]]}},{"type":"Feature","properties":{"state":"","county":"LOS_ANGELES","s2_cell":"9278179650662563840","waymo_ro_miles":112144.38870407992,"incremental_miles":21862.974,"vintage_end":"202509","exposure_phase":"deployment"},"geometry":{"type":"Polygon","coordinates":[[[-118.38125620424114,33.97210366000982],[-118.38125620424114,33.96185633985988],[-118.36956988917491,33.96478114914692],[-118.36956988917491,33.975028893370286],[-118.38125620424114,33.97210366000982]]]}},{"type":"Feature","properties":{"state":"","county":"LOS_ANGELES","s2_cell":"9278179685022302208","waymo_ro_miles":127963.86771375558,"incremental_miles":31637.476,"vintage_end":"202509","exposure_phase":"deployment"},"geometry":{"type":"Polygon","coordinates":[[[-118.38125620424114,33.98234988826252],[-118.38125620424114,33.97210366000982],[-118.36956988917491,33.975028893370286],[-118.36956988917491,33.985275545276984],[-118.38125620424114,33.98234988826252]]]}},{"type":"Feature","properties":{"state":"","county":"LOS_ANGELES","s2_cell":"9278179719382040576","waymo_ro_miles":112253.45733578021,"incremental_miles":27441.309,"vintage_end":"202509","exposure_phase":"deployment"},"geometry":{"type":"Polygon","coordinates":[[[-118.39294170620582,33.97942312871625],[-118.39294170620582,33.9691773243841],[-118.38125620424114,33.97210366000982],[-118.38125620424114,33.98234988826252],[-118.39294170620582,33.97942312871625]]]}},{"type":"Feature","properties":{"state":"","county":"LOS_ANGELES","s2_cell":"9278179753741778944","waymo_ro_miles":28366.5581251762,"incremental_miles":18950.002,"vintage_end":"202509","exposure_phase":"deployment"},"geometry":{"type":"Polygon","coordinates":[[[-118.39294170620582,33.9896678408122],[-118.39294170620582,33.97942312871625],[-118.38125620424114,33.98234988826252],[-118.38125620424114,33.99259502385951],[-118.39294170620582,33.9896678408122]]]}},{"type":"Feature","properties":{"state":"","county":"LOS_ANGELES","s2_cell":"9278179788101517312","waymo_ro_miles":17085.99290869209,"incremental_miles":15400.2,"vintage_end":"202509","exposure_phase":"deployment"},"geometry":{"type":"Polygon","coordinates":[[[-118.38125620424114,33.99259502385951],[-118.38125620424114,33.98234988826252],[-118.36956988917491,33.985275545276984],[-118.36956988917491,33.995521104108576],[-118.38125620424114,33.99259502385951]]]}},{"type":"Feature","properties":{"state":"","county":"LOS_ANGELES","s2_cell":"9278179822461255680","waymo_ro_miles":54035.596049124244,"incremental_miles":47757.277,"vintage_end":"202509","exposure_phase":"deployment"},"geometry":{"type":"Polygon","coordinates":[[[-118.36956988917491,33.995521104108576],[-118.36956988917491,33.985275545276984],[-118.3578827622935,33.98820009927718],[-118.3578827622935,33.99844608107699],[-118.36956988917491,33.995521104108576]]]}},{"type":"Feature","properties":{"state":"","county":"LOS_ANGELES","s2_cell":"9278179856820994048","waymo_ro_miles":44601.917010708145,"incremental_miles":39189.653,"vintage_end":"202509","exposure_phase":"deployment"},"geometry":{"type":"Polygon","coordinates":[[[-118.36956988917491,33.985275545276984],[-118.36956988917491,33.975028893370286],[-118.3578827622935,33.977953023982984],[-118.3578827622935,33.98820009927718],[-118.36956988917491,33.985275545276984]]]}},{"type":"Feature","properties":{"state":"","county":"LOS_ANGELES","s2_cell":"9278179891180732416","waymo_ro_miles":19244.11220871913,"incremental_miles":17573.439,"vintage_end":"202509","exposure_phase":"deployment"},"geometry":{"type":"Polygon","coordinates":[[[-118.3578827622935,33.98820009927718],[-118.3578827622935,33.977953023982984],[-118.34619482488387,33.98087605136584],[-118.34619482488387,33.991123549781065],[-118.3578827622935,33.98820009927718]]]}},{"type":"Feature","properties":{"state":"","county":"LOS_ANGELES","s2_cell":"9278179925540470784","waymo_ro_miles":11727.109771304158,"incremental_miles":10895.713,"vintage_end":"202509","exposure_phase":"deployment"},"geometry":{"type":"Polygon","coordinates":[[[-118.3578827622935,33.99844608107699],[-118.3578827622935,33.98820009927718],[-118.34619482488387,33.991123549781065],[-118.34619482488387,34.00136995428276],[-118.3578827622935,33.99844608107699]]]}},{"type":"Feature","properties":{"state":"","county":"LOS_ANGELES","s2_cell":"9278179959900209152","waymo_ro_miles":9040.399647692186,"incremental_miles":8485.422,"vintage_end":"202509","exposure_phase":"deployment"},"geometry":{"type":"Polygon","coordinates":[[[-118.34619482488387,34.00136995428276],[-118.34619482488387,33.991123549781065],[-118.33450607823357,33.99404589630704],[-118.33450607823356,34.004292723244326],[-118.34619482488387,34.00136995428276]]]}},{"type":"Feature","properties":{"state":"","county":"LOS_ANGELES","s2_cell":"9278179994259947520","waymo_ro_miles":12697.56682041432,"incremental_miles":11578.749,"vintage_end":"202509","exposure_phase":"deployment"},"geometry":{"type":"Polygon","coordinates":[[[-118.33450607823356,34.004292723244326],[-118.33450607823357,33.99404589630704],[-118.32281652363086,33.99696713837393],[-118.32281652363086,34.00721438748057],[-118.33450607823356,34.004292723244326]]]}},{"type":"Feature","properties":{"state":"","county":"LOS_ANGELES","s2_cell":"9278180028619685888","waymo_ro_miles":5517.330556517638,"incremental_miles":4942.97,"vintage_end":"202509","exposure_phase":"deployment"},"geometry":{"type":"Polygon","coordinates":[[[-118.33450607823357,33.99404589630704],[-118.33450607823356,33.983797975037206],[-118.32281652363086,33.986718794515845],[-118.32281652363086,33.99696713837393],[-118.33450607823357,33.99404589630704]]]}},{"type":"Feature","properties":{"state":"","county":"LOS_ANGELES","s2_cell":"9278180062979424256","waymo_ro_miles":4557.501400506203,"incremental_miles":4168.364,"vintage_end":"202509","exposure_phase":"deployment"},"geometry":{"type":"Polygon","coordinates":[[[-118.34619482488387,33.991123549781065],[-118.34619482488387,33.98087605136584],[-118.33450607823356,33.983797975037206],[-118.33450607823357,33.99404589630704],[-118.34619482488387,33.991123549781065]]]}},{"type":"Feature","properties":{"state":"","county":"LOS_ANGELES","s2_cell":"9278180097339162624","waymo_ro_miles":4440.247546194356,"incremental_miles":3972.388,"vintage_end":"202509","exposure_phase":"deployment"},"geometry":{"type":"Polygon","coordinates":[[[-118.34619482488387,33.98087605136584],[-118.34619482488387,33.97062745979546],[-118.33450607823357,33.97354896019314],[-118.33450607823356,33.983797975037206],[-118.34619482488387,33.98087605136584]]]}},{"type":"Feature","properties":{"state":"","county":"LOS_ANGELES","s2_cell":"9278180131698900992","waymo_ro_miles":1843.2231955842149,"incremental_miles":1609.728,"vintage_end":"202509","exposure_phase":"deployment"},"geometry":{"type":"Polygon","coordinates":[[[-118.34619482488387,33.97062745979546],[-118.34619482488387,33.96037777582885],[-118.33450607823356,33.96329885253376],[-118.33450607823357,33.97354896019314],[-118.34619482488387,33.97062745979546]]]}},{"type":"Feature","properties":{"state":"","county":"LOS_ANGELES","s2_cell":"9278180166058639360","waymo_ro_miles":5678.464867547958,"incremental_miles":4873.065,"vintage_end":"202509","exposure_phase":"deployment"},"geometry":{"type":"Polygon","coordinates":[[[-118.33450607823357,33.97354896019314],[-118.33450607823356,33.96329885253376],[-118.32281652363086,33.966218825579055],[-118.32281652363086,33.97646935666459],[-118.33450607823357,33.97354896019314]]]}},{"type":"Feature","properties":{"state":"","county":"LOS_ANGELES","s2_cell":"9278180200418377728","waymo_ro_miles":6818.943391592049,"incremental_miles":5976.055,"vintage_end":"202509","exposure_phase":"deployment"},"geometry":{"type":"Polygon","coordinates":[[[-118.33450607823356,33.983797975037206],[-118.33450607823357,33.97354896019314],[-118.32281652363086,33.97646935666459],[-118.32281652363086,33.986718794515845],[-118.33450607823356,33.983797975037206]]]}},{"type":"Feature","properties":{"state":"","county":"LOS_ANGELES","s2_cell":"9278180440936546304","waymo_ro_miles":6631.951929719117,"incremental_miles":5902.944,"vintage_end":"202509","exposure_phase":"deployment"},"geometry":{"type":"Polygon","coordinates":[[[-118.32281652363086,34.00721438748057],[-118.32281652363086,33.99696713837393],[-118.31112616236453,33.999887275501],[-118.31112616236453,34.01013494651079],[-118.32281652363086,34.00721438748057]]]}},{"type":"Feature","properties":{"state":"","county":"LOS_ANGELES","s2_cell":"9278180475296284672","waymo_ro_miles":16061.56677468915,"incremental_miles":14817.492,"vintage_end":"202509","exposure_phase":"deployment"},"geometry":{"type":"Polygon","coordinates":[[[-118.31112616236453,34.01013494651079],[-118.31112616236453,33.999887275501],[-118.29943499572406,34.00280630720794],[-118.29943499572408,34.01305439985473],[-118.31112616236453,34.01013494651079]]]}},{"type":"Feature","properties":{"state":"","county":"LOS_ANGELES","s2_cell":"9278180509656023040","waymo_ro_miles":36882.496738065456,"incremental_miles":22304.59,"vintage_end":"202509","exposure_phase":"deployment"},"geometry":{"type":"Polygon","coordinates":[[[-118.31112616236453,34.020381521592675],[-118.31112616236453,34.01013494651079],[-118.29943499572408,34.01305439985473],[-118.29943499572406,34.023301396155],[-118.31112616236453,34.020381521592675]]]}},{"type":"Feature","properties":{"state":"","county":"LOS_ANGELES","s2_cell":"9278180544015761408","waymo_ro_miles":69175.65644048824,"incremental_miles":21602.157,"vintage_end":"202509","exposure_phase":"deployment"},"geometry":{"type":"Polygon","coordinates":[[[-118.31112616236453,34.03062699998952],[-118.31112616236453,34.020381521592675],[-118.29943499572406,34.023301396155],[-118.29943499572406,34.03354729535165],[-118.31112616236453,34.03062699998952]]]}},{"type":"Feature","properties":{"state":"","county":"LOS_ANGELES","s2_cell":"9278180578375499776","waymo_ro_miles":34907.21053133293,"incremental_miles":7406.317,"vintage_end":"202509","exposure_phase":"deployment"},"geometry":{"type":"Polygon","coordinates":[[[-118.32281652363083,34.02770559840919],[-118.32281652363086,34.01746054107804],[-118.31112616236453,34.020381521592675],[-118.31112616236453,34.03062699998952],[-118.32281652363083,34.02770559840919]]]}},{"type":"Feature","properties":{"state":"","county":"LOS_ANGELES","s2_cell":"9278180612735238144","waymo_ro_miles":21919.03939994484,"incremental_miles":17204.671,"vintage_end":"202509","exposure_phase":"deployment"},"geometry":{"type":"Polygon","coordinates":[[[-118.32281652363086,34.01746054107804],[-118.32281652363086,34.00721438748057],[-118.31112616236453,34.01013494651079],[-118.31112616236453,34.020381521592675],[-118.32281652363086,34.01746054107804]]]}},{"type":"Feature","properties":{"state":"","county":"LOS_ANGELES","s2_cell":"9278180647094976512","waymo_ro_miles":16211.950190627946,"incremental_miles":14842.437,"vintage_end":"202509","exposure_phase":"deployment"},"geometry":{"type":"Polygon","coordinates":[[[-118.33450607823357,34.01453845509131],[-118.33450607823356,34.004292723244326],[-118.32281652363086,34.00721438748057],[-118.32281652363086,34.01746054107804],[-118.33450607823357,34.01453845509131]]]}},{"type":"Feature","properties":{"state":"","county":"LOS_ANGELES","s2_cell":"9278180681454714880","waymo_ro_miles":18671.94055460043,"incremental_miles":15521.59,"vintage_end":"202509","exposure_phase":"deployment"},"geometry":{"type":"Polygon","coordinates":[[[-118.34619482488387,34.01161526411314],[-118.34619482488387,34.00136995428276],[-118.33450607823356,34.004292723244326],[-118.33450607823357,34.01453845509131],[-118.34619482488387,34.01161526411314]]]}},{"type":"Feature","properties":{"state":"","county":"LOS_ANGELES","s2_cell":"9278180715814453248","waymo_ro_miles":21326.105048562455,"incremental_miles":11716.745,"vintage_end":"202509","exposure_phase":"deployment"},"geometry":{"type":"Polygon","coordinates":[[[-118.34619482488387,34.021859478515005],[-118.34619482488387,34.01161526411314],[-118.33450607823357,34.01453845509131],[-118.33450607823357,34.024783091090825],[-118.34619482488387,34.021859478515005]]]}},{"type":"Feature","properties":{"state":"","county":"LOS_ANGELES","s2_cell":"9278180750174191616","waymo_ro_miles":35145.36482789976,"incremental_miles":10091.05,"vintage_end":"202509","exposure_phase":"deployment"},"geometry":{"type":"Polygon","coordinates":[[[-118.33450607823357,34.024783091090825],[-118.33450607823357,34.01453845509131],[-118.32281652363086,34.01746054107804],[-118.32281652363083,34.02770559840919],[-118.33450607823357,34.024783091090825]]]}},{"type":"Feature","properties":{"state":"","county":"LOS_ANGELES","s2_cell":"9278180784533929984","waymo_ro_miles":92854.01598964997,"incremental_miles":25261.101,"vintage_end":"202509","exposure_phase":"deployment"},"geometry":{"type":"Polygon","coordinates":[[[-118.33450607823356,34.03502663048625],[-118.33450607823357,34.024783091090825],[-118.32281652363083,34.02770559840919],[-118.32281652363086,34.03794955871748],[-118.33450607823356,34.03502663048625]]]}},{"type":"Feature","properties":{"state":"","county":"LOS_ANGELES","s2_cell":"9278180818893668352","waymo_ro_miles":105666.43203501869,"incremental_miles":28138.502,"vintage_end":"202509","exposure_phase":"deployment"},"geometry":{"type":"Polygon","coordinates":[[[-118.34619482488387,34.03210259673171],[-118.34619482488387,34.021859478515005],[-118.33450607823357,34.024783091090825],[-118.33450607823356,34.03502663048625],[-118.34619482488387,34.03210259673171]]]}},{"type":"Feature","properties":{"state":"","county":"LOS_ANGELES","s2_cell":"9278180853253406720","waymo_ro_miles":68563.24758483013,"incremental_miles":21582.714,"vintage_end":"202509","exposure_phase":"deployment"},"geometry":{"type":"Polygon","coordinates":[[[-118.34619482488387,34.04234461800719],[-118.34619482488387,34.03210259673171],[-118.33450607823356,34.03502663048625],[-118.33450607823357,34.04526907252157],[-118.34619482488387,34.04234461800719]]]}},{"type":"Feature","properties":{"state":"","county":"LOS_ANGELES","s2_cell":"9278180887613145088","waymo_ro_miles":137106.6436165947,"incremental_miles":36636.186,"vintage_end":"202509","exposure_phase":"deployment"},"geometry":{"type":"Polygon","coordinates":[[[-118.33450607823357,34.04526907252157],[-118.33450607823356,34.03502663048625],[-118.32281652363086,34.03794955871748],[-118.32281652363083,34.048192421246895],[-118.33450607823357,34.04526907252157]]]}},{"type":"Feature","properties":{"state":"","county":"LOS_ANGELES","s2_cell":"9278180921972883456","waymo_ro_miles":107579.05323901113,"incremental_miles":27912.131,"vintage_end":"202509","exposure_phase":"deployment"},"geometry":{"type":"Polygon","coordinates":[[[-118.32281652363083,34.048192421246895],[-118.32281652363086,34.03794955871748],[-118.31112616236453,34.040871380944836],[-118.31112616236453,34.051114663702634],[-118.32281652363083,34.048192421246895]]]}},{"type":"Feature","properties":{"state":"","county":"LOS_ANGELES","s2_cell":"9278180956332621824","waymo_ro_miles":83856.15626215834,"incremental_miles":23282.525,"vintage_end":"202509","exposure_phase":"deployment"},"geometry":{"type":"Polygon","coordinates":[[[-118.32281652363086,34.03794955871748],[-118.32281652363083,34.02770559840919],[-118.31112616236453,34.03062699998952],[-118.31112616236453,34.040871380944836],[-118.32281652363086,34.03794955871748]]]}},{"type":"Feature","properties":{"state":"","county":"LOS_ANGELES","s2_cell":"9278180990692360192","waymo_ro_miles":110308.19773407187,"incremental_miles":32818.864,"vintage_end":"202509","exposure_phase":"deployment"},"geometry":{"type":"Polygon","coordinates":[[[-118.31112616236453,34.040871380944836],[-118.31112616236453,34.03062699998952],[-118.29943499572406,34.03354729535165],[-118.29943499572406,34.04379209668821],[-118.31112616236453,34.040871380944836]]]}},{"type":"Feature","properties":{"state":"","county":"LOS_ANGELES","s2_cell":"9278181025052098560","waymo_ro_miles":170542.25128946942,"incremental_miles":49152.398,"vintage_end":"202509","exposure_phase":"deployment"},"geometry":{"type":"Polygon","coordinates":[[[-118.31112616236453,34.051114663702634],[-118.31112616236453,34.040871380944836],[-118.29943499572406,34.04379209668821],[-118.29943499572406,34.054035799408744],[-118.31112616236453,34.051114663702634]]]}},{"type":"Feature","properties":{"state":"","county":"LOS_ANGELES","s2_cell":"9278181059411836928","waymo_ro_miles":184184.53632882613,"incremental_miles":57356.411,"vintage_end":"202509","exposure_phase":"deployment"},"geometry":{"type":"Polygon","coordinates":[[[-118.31112616236453,34.061356847507554],[-118.31112616236453,34.051114663702634],[-118.29943499572406,34.054035799408744],[-118.29943499572406,34.06427840275792],[-118.31112616236453,34.061356847507554]]]}},{"type":"Feature","properties":{"state":"","county":"LOS_ANGELES","s2_cell":"9278181093771575296","waymo_ro_miles":162670.50900081804,"incremental_miles":54268.52,"vintage_end":"202509","exposure_phase":"deployment"},"geometry":{"type":"Polygon","coordinates":[[[-118.32281652363086,34.05843418524202],[-118.32281652363083,34.048192421246895],[-118.31112616236453,34.051114663702634],[-118.31112616236453,34.061356847507554],[-118.32281652363086,34.05843418524202]]]}},{"type":"Feature","properties":{"state":"","county":"LOS_ANGELES","s2_cell":"9278181128131313664","waymo_ro_miles":135074.4910698049,"incremental_miles":36478.456,"vintage_end":"202509","exposure_phase":"deployment"},"geometry":{"type":"Polygon","coordinates":[[[-118.32281652363083,34.06867484994804],[-118.32281652363086,34.05843418524202],[-118.31112616236453,34.061356847507554],[-118.31112616236453,34.0715979316048],[-118.32281652363083,34.06867484994804]]]}},{"type":"Feature","properties":{"state":"","county":"LOS_ANGELES","s2_cell":"9278181162491052032","waymo_ro_miles":146604.31000248363,"incremental_miles":48028.772,"vintage_end":"202509","exposure_phase":"deployment"},"geometry":{"type":"Polygon","coordinates":[[[-118.31112616236453,34.0715979316048],[-118.31112616236453,34.061356847507554],[-118.29943499572406,34.06427840275792],[-118.29943499572406,34.07451990598098],[-118.31112616236453,34.0715979316048]]]}},{"type":"Feature","properties":{"state":"","county":"LOS_ANGELES","s2_cell":"9278181196850790400","waymo_ro_miles":129565.40541360402,"incremental_miles":56074.25,"vintage_end":"202509","exposure_phase":"deployment"},"geometry":{"type":"Polygon","coordinates":[[[-118.31112616236453,34.08183791524013],[-118.31112616236453,34.0715979316048],[-118.29943499572406,34.07451990598098],[-118.29943499572406,34.084760308323716],[-118.31112616236453,34.08183791524013]]]}},{"type":"Feature","properties":{"state":"","county":"LOS_ANGELES","s2_cell":"9278181231210528768","waymo_ro_miles":41726.93000560913,"incremental_miles":20705.515,"vintage_end":"202509","exposure_phase":"deployment"},"geometry":{"type":"Polygon","coordinates":[[[-118.31112616236453,34.09207679765992],[-118.31112616236453,34.08183791524013],[-118.29943499572406,34.084760308323716],[-118.29943499572406,34.09499960903254],[-118.31112616236453,34.09207679765992]]]}},{"type":"Feature","properties":{"state":"","county":"LOS_ANGELES","s2_cell":"9278181265570267136","waymo_ro_miles":77399.24788662055,"incremental_miles":28159.006,"vintage_end":"202509","exposure_phase":"deployment"},"geometry":{"type":"Polygon","coordinates":[[[-118.32281652363086,34.089152878476305],[-118.32281652363083,34.0789144146107],[-118.31112616236453,34.08183791524013],[-118.31112616236453,34.09207679765992],[-118.32281652363086,34.089152878476305]]]}},{"type":"Feature","properties":{"state":"","county":"LOS_ANGELES","s2_cell":"9278181299930005504","waymo_ro_miles":131074.92662757201,"incremental_miles":54349.483,"vintage_end":"202509","exposure_phase":"deployment"},"geometry":{"type":"Polygon","coordinates":[[[-118.32281652363083,34.0789144146107],[-118.32281652363083,34.06867484994804],[-118.31112616236453,34.0715979316048],[-118.31112616236453,34.08183791524013],[-118.32281652363083,34.0789144146107]]]}},{"type":"Feature","properties":{"state":"","county":"LOS_ANGELES","s2_cell":"9278181334289743872","waymo_ro_miles":194997.93070576453,"incremental_miles":63758.708,"vintage_end":"202509","exposure_phase":"deployment"},"geometry":{"type":"Polygon","coordinates":[[[-118.33450607823356,34.075989806915345],[-118.33450607823356,34.06575066149071],[-118.32281652363083,34.06867484994804],[-118.32281652363083,34.0789144146107],[-118.33450607823356,34.075989806915345]]]}},{"type":"Feature","properties":{"state":"","county":"LOS_ANGELES","s2_cell":"9278181368649482240","waymo_ro_miles":92907.93757372141,"incremental_miles":26230.792,"vintage_end":"202509","exposure_phase":"deployment"},"geometry":{"type":"Polygon","coordinates":[[[-118.33450607823357,34.086227851961546],[-118.33450607823356,34.075989806915345],[-118.32281652363083,34.0789144146107],[-118.32281652363086,34.089152878476305],[-118.33450607823357,34.086227851961546]]]}},{"type":"Feature","properties":{"state":"","county":"LOS_ANGELES","s2_cell":"9278181403009220608","waymo_ro_miles":216796.694079195,"incremental_miles":78597.843,"vintage_end":"202509","exposure_phase":"deployment"},"geometry":{"type":"Polygon","coordinates":[[[-118.34619482488387,34.083301718595976],[-118.34619482488387,34.07306409263442],[-118.33450607823356,34.075989806915345],[-118.33450607823357,34.086227851961546],[-118.34619482488387,34.083301718595976]]]}},{"type":"Feature","properties":{"state":"","county":"LOS_ANGELES","s2_cell":"9278181437368958976","waymo_ro_miles":166325.25042586375,"incremental_miles":59937.516,"vintage_end":"202509","exposure_phase":"deployment"},"geometry":{"type":"Polygon","coordinates":[[[-118.34619482488387,34.07306409263442],[-118.34619482488387,34.06282536671317],[-118.33450607823356,34.06575066149071],[-118.33450607823356,34.075989806915345],[-118.34619482488387,34.07306409263442]]]}},{"type":"Feature","properties":{"state":"","county":"LOS_ANGELES","s2_cell":"9278181471728697344","waymo_ro_miles":165691.82667000598,"incremental_miles":74678.151,"vintage_end":"202509","exposure_phase":"deployment"},"geometry":{"type":"Polygon","coordinates":[[[-118.34619482488387,34.06282536671317],[-118.34619482488387,34.052585541585984],[-118.33450607823356,34.05551041644135],[-118.33450607823356,34.06575066149071],[-118.34619482488387,34.06282536671317]]]}},{"type":"Feature","properties":{"state":"","county":"LOS_ANGELES","s2_cell":"9278181506088435712","waymo_ro_miles":139813.9037588088,"incremental_miles":33494.377,"vintage_end":"202509","exposure_phase":"deployment"},"geometry":{"type":"Polygon","coordinates":[[[-118.33450607823356,34.06575066149071],[-118.33450607823356,34.05551041644135],[-118.32281652363086,34.05843418524202],[-118.32281652363083,34.06867484994804],[-118.33450607823356,34.06575066149071]]]}},{"type":"Feature","properties":{"state":"","county":"LOS_ANGELES","s2_cell":"9278181540448174080","waymo_ro_miles":173148.90902101423,"incremental_miles":51787.775,"vintage_end":"202509","exposure_phase":"deployment"},"geometry":{"type":"Polygon","coordinates":[[[-118.33450607823356,34.05551041644135],[-118.33450607823357,34.04526907252157],[-118.32281652363083,34.048192421246895],[-118.32281652363086,34.05843418524202],[-118.33450607823356,34.05551041644135]]]}},{"type":"Feature","properties":{"state":"","county":"LOS_ANGELES","s2_cell":"9278181574807912448","waymo_ro_miles":205501.4054005125,"incremental_miles":62868.796,"vintage_end":"202509","exposure_phase":"deployment"},"geometry":{"type":"Polygon","coordinates":[[[-118.34619482488387,34.052585541585984],[-118.34619482488387,34.04234461800719],[-118.33450607823357,34.04526907252157],[-118.33450607823356,34.05551041644135],[-118.34619482488387,34.052585541585984]]]}},{"type":"Feature","properties":{"state":"","county":"LOS_ANGELES","s2_cell":"9278181609167650816","waymo_ro_miles":215775.2153175275,"incremental_miles":59972.479,"vintage_end":"202509","exposure_phase":"deployment"},"geometry":{"type":"Polygon","coordinates":[[[-118.3578827622935,34.04965956115683],[-118.3578827622935,34.0394190581847],[-118.34619482488387,34.04234461800719],[-118.34619482488387,34.052585541585984],[-118.3578827622935,34.04965956115683]]]}},{"type":"Feature","properties":{"state":"","county":"LOS_ANGELES","s2_cell":"9278181643527389184","waymo_ro_miles":189364.49262828368,"incremental_miles":50468.249,"vintage_end":"202509","exposure_phase":"deployment"},"geometry":{"type":"Polygon","coordinates":[[[-118.36956988917491,34.04673247563518],[-118.36956988917491,34.03649239353543],[-118.3578827622935,34.0394190581847],[-118.3578827622935,34.04965956115683],[-118.36956988917491,34.04673247563518]]]}},{"type":"Feature","properties":{"state":"","county":"LOS_ANGELES","s2_cell":"9278181677887127552","waymo_ro_miles":160889.67739460833,"incremental_miles":41921.415,"vintage_end":"202509","exposure_phase":"deployment"},"geometry":{"type":"Polygon","coordinates":[[[-118.36956988917491,34.05697146012133],[-118.36956988917491,34.04673247563518],[-118.3578827622935,34.04965956115683],[-118.3578827622935,34.059898966096284],[-118.36956988917491,34.05697146012133]]]}},{"type":"Feature","properties":{"state":"","county":"LOS_ANGELES","s2_cell":"9278181712246865920","waymo_ro_miles":132329.4170423317,"incremental_miles":40331.868,"vintage_end":"202509","exposure_phase":"deployment"},"geometry":{"type":"Polygon","coordinates":[[[-118.3578827622935,34.059898966096284],[-118.3578827622935,34.04965956115683],[-118.34619482488387,34.052585541585984],[-118.34619482488387,34.06282536671317],[-118.3578827622935,34.059898966096284]]]}},{"type":"Feature","properties":{"state":"","county":"LOS_ANGELES","s2_cell":"9278181746606604288","waymo_ro_miles":109972.97148707419,"incremental_miles":27541.14,"vintage_end":"202509","exposure_phase":"deployment"},"geometry":{"type":"Polygon","coordinates":[[[-118.3578827622935,34.07013727224872],[-118.3578827622935,34.059898966096284],[-118.34619482488387,34.06282536671317],[-118.34619482488387,34.07306409263442],[-118.3578827622935,34.07013727224872]]]}},{"type":"Feature","properties":{"state":"","county":"LOS_ANGELES","s2_cell":"9278181780966342656","waymo_ro_miles":159116.68708746816,"incremental_miles":55422.041,"vintage_end":"202509","exposure_phase":"deployment"},"geometry":{"type":"Polygon","coordinates":[[[-118.3578827622935,34.080374478860335],[-118.3578827622935,34.07013727224872],[-118.34619482488387,34.07306409263442],[-118.34619482488387,34.083301718595976],[-118.3578827622935,34.080374478860335]]]}},{"type":"Feature","properties":{"state":"","county":"LOS_ANGELES","s2_cell":"9278181815326081024","waymo_ro_miles":250451.43720746937,"incremental_miles":82360.921,"vintage_end":"202509","exposure_phase":"deployment"},"geometry":{"type":"Polygon","coordinates":[[[-118.36956988917491,34.07744613323579],[-118.36956988917491,34.06720934623948],[-118.3578827622935,34.07013727224872],[-118.3578827622935,34.080374478860335],[-118.36956988917491,34.07744613323579]]]}},{"type":"Feature","properties":{"state":"","county":"LOS_ANGELES","s2_cell":"9278181849685819392","waymo_ro_miles":225762.93208045964,"incremental_miles":61574.942,"vintage_end":"202509","exposure_phase":"deployment"},"geometry":{"type":"Polygon","coordinates":[[[-118.36956988917491,34.06720934623948],[-118.36956988917491,34.05697146012133],[-118.3578827622935,34.059898966096284],[-118.3578827622935,34.07013727224872],[-118.36956988917491,34.06720934623948]]]}},{"type":"Feature","properties":{"state":"","county":"LOS_ANGELES","s2_cell":"9278181884045557760","waymo_ro_miles":181271.32246061272,"incremental_miles":48150.505,"vintage_end":"202509","exposure_phase":"deployment"},"geometry":{"type":"Polygon","coordinates":[[[-118.38125620424114,34.06428031508834],[-118.38125620424114,34.054042849270004],[-118.36956988917491,34.05697146012133],[-118.36956988917491,34.06720934623948],[-118.38125620424114,34.06428031508834]]]}},{"type":"Feature","properties":{"state":"","county":"LOS_ANGELES","s2_cell":"9278181918405296128","waymo_ro_miles":188960.66129133326,"incremental_miles":51351.852,"vintage_end":"202509","exposure_phase":"deployment"},"geometry":{"type":"Polygon","coordinates":[[[-118.38125620424114,34.074516682203964],[-118.38125620424114,34.06428031508834],[-118.36956988917491,34.06720934623948],[-118.36956988917491,34.07744613323579],[-118.38125620424114,34.074516682203964]]]}},{"type":"Feature","properties":{"state":"","county":"LOS_ANGELES","s2_cell":"9278181952765034496","waymo_ro_miles":115649.98332062303,"incremental_miles":34998.599,"vintage_end":"202509","exposure_phase":"deployment"},"geometry":{"type":"Polygon","coordinates":[[[-118.39294170620582,34.071586126246885],[-118.39294170620582,34.061350179277404],[-118.38125620424114,34.06428031508834],[-118.38125620424114,34.074516682203964],[-118.39294170620582,34.071586126246885]]]}},{"type":"Feature","properties":{"state":"","county":"LOS_ANGELES","s2_cell":"9278181987124772864","waymo_ro_miles":221595.86997291027,"incremental_miles":61833.221,"vintage_end":"202509","exposure_phase":"deployment"},"geometry":{"type":"Polygon","coordinates":[[[-118.39294170620582,34.061350179277404],[-118.39294170620582,34.05111313402445],[-118.38125620424114,34.054042849270004],[-118.38125620424114,34.06428031508834],[-118.39294170620582,34.061350179277404]]]}},{"type":"Feature","properties":{"state":"","county":"LOS_ANGELES","s2_cell":"9278182021484511232","waymo_ro_miles":79987.4008598587,"incremental_miles":21769.66,"vintage_end":"202509","exposure_phase":"deployment"},"geometry":{"type":"Polygon","coordinates":[[[-118.39294170620582,34.05111313402445],[-118.39294170620582,34.04087499124191],[-118.38125620424114,34.04380428550282],[-118.38125620424114,34.054042849270004],[-118.39294170620582,34.05111313402445]]]}},{"type":"Feature","properties":{"state":"","county":"LOS_ANGELES","s2_cell":"9278182055844249600","waymo_ro_miles":151096.58243553634,"incremental_miles":39356.706,"vintage_end":"202509","exposure_phase":"deployment"},"geometry":{"type":"Polygon","coordinates":[[[-118.38125620424114,34.054042849270004],[-118.38125620424114,34.04380428550282],[-118.36956988917491,34.04673247563518],[-118.36956988917491,34.05697146012133],[-118.38125620424114,34.054042849270004]]]}},{"type":"Feature","properties":{"state":"","county":"LOS_ANGELES","s2_cell":"9278182090203987968","waymo_ro_miles":220285.65989181158,"incremental_miles":60003.913,"vintage_end":"202509","exposure_phase":"deployment"},"geometry":{"type":"Polygon","coordinates":[[[-118.38125620424114,34.04380428550282],[-118.38125620424114,34.033564624541214],[-118.36956988917491,34.03649239353543],[-118.36956988917491,34.04673247563518],[-118.38125620424114,34.04380428550282]]]}},{"type":"Feature","properties":{"state":"","county":"LOS_ANGELES","s2_cell":"9278182124563726336","waymo_ro_miles":79828.21527838176,"incremental_miles":24491.641,"vintage_end":"202509","exposure_phase":"deployment"},"geometry":{"type":"Polygon","coordinates":[[[-118.39294170620582,34.04087499124191],[-118.39294170620582,34.030635751684265],[-118.38125620424114,34.033564624541214],[-118.38125620424114,34.04380428550282],[-118.39294170620582,34.04087499124191]]]}},{"type":"Feature","properties":{"state":"","county":"LOS_ANGELES","s2_cell":"9278182158923464704","waymo_ro_miles":292518.8668636149,"incremental_miles":76805.578,"vintage_end":"202509","exposure_phase":"deployment"},"geometry":{"type":"Polygon","coordinates":[[[-118.39294170620582,34.030635751684265],[-118.39294170620582,34.02039541610655],[-118.38125620424114,34.0233238671402],[-118.38125620424114,34.033564624541214],[-118.39294170620582,34.030635751684265]]]}},{"type":"Feature","properties":{"state":"","county":"LOS_ANGELES","s2_cell":"9278182193283203072","waymo_ro_miles":160974.1534346337,"incremental_miles":35020.306,"vintage_end":"202509","exposure_phase":"deployment"},"geometry":{"type":"Polygon","coordinates":[[[-118.39294170620582,34.02039541610655],[-118.39294170620582,34.010153985264424],[-118.38125620424114,34.01308201405538],[-118.38125620424114,34.0233238671402],[-118.39294170620582,34.02039541610655]]]}},{"type":"Feature","properties":{"state":"","county":"LOS_ANGELES","s2_cell":"9278182227642941440","waymo_ro_miles":81684.94659185613,"incremental_miles":22375.438,"vintage_end":"202509","exposure_phase":"deployment"},"geometry":{"type":"Polygon","coordinates":[[[-118.38125620424114,34.0233238671402],[-118.38125620424114,34.01308201405538],[-118.36956988917491,34.01600893951561],[-118.36956988917491,34.02625121457705],[-118.38125620424114,34.0233238671402]]]}},{"type":"Feature","properties":{"state":"","county":"LOS_ANGELES","s2_cell":"9278182262002679808","waymo_ro_miles":196466.33401707772,"incremental_miles":49092.456,"vintage_end":"202509","exposure_phase":"deployment"},"geometry":{"type":"Polygon","coordinates":[[[-118.38125620424114,34.033564624541214],[-118.38125620424114,34.0233238671402],[-118.36956988917491,34.02625121457705],[-118.36956988917491,34.03649239353543],[-118.38125620424114,34.033564624541214]]]}},{"type":"Feature","properties":{"state":"","county":"LOS_ANGELES","s2_cell":"9278182296362418176","waymo_ro_miles":100397.83868858939,"incremental_miles":28163.342,"vintage_end":"202509","exposure_phase":"deployment"},"geometry":{"type":"Polygon","coordinates":[[[-118.36956988917491,34.03649239353543],[-118.36956988917491,34.02625121457705],[-118.3578827622935,34.029177457934836],[-118.3578827622935,34.0394190581847],[-118.36956988917491,34.03649239353543]]]}},{"type":"Feature","properties":{"state":"","county":"LOS_ANGELES","s2_cell":"9278182330722156544","waymo_ro_miles":133755.59872968253,"incremental_miles":46370.447,"vintage_end":"202509","exposure_phase":"deployment"},"geometry":{"type":"Polygon","coordinates":[[[-118.3578827622935,34.0394190581847],[-118.3578827622935,34.029177457934836],[-118.34619482488387,34.03210259673171],[-118.34619482488387,34.04234461800719],[-118.3578827622935,34.0394190581847]]]}},{"type":"Feature","properties":{"state":"","county":"LOS_ANGELES","s2_cell":"9278182365081894912","waymo_ro_miles":123315.62683115673,"incremental_miles":58397.152,"vintage_end":"202509","exposure_phase":"deployment"},"geometry":{"type":"Polygon","coordinates":[[[-118.3578827622935,34.029177457934836],[-118.3578827622935,34.018934761162775],[-118.34619482488387,34.021859478515005],[-118.34619482488387,34.03210259673171],[-118.3578827622935,34.029177457934836]]]}},{"type":"Feature","properties":{"state":"","county":"LOS_ANGELES","s2_cell":"9278182399441633280","waymo_ro_miles":97347.26479560837,"incremental_miles":28255.4,"vintage_end":"202509","exposure_phase":"deployment"},"geometry":{"type":"Polygon","coordinates":[[[-118.36956988917491,34.02625121457705],[-118.36956988917491,34.01600893951561],[-118.3578827622935,34.018934761162775],[-118.3578827622935,34.029177457934836],[-118.36956988917491,34.02625121457705]]]}},{"type":"Feature","properties":{"state":"","county":"LOS_ANGELES","s2_cell":"9278182468161110016","waymo_ro_miles":52526.96269407311,"incremental_miles":44624.506,"vintage_end":"202509","exposure_phase":"deployment"},"geometry":{"type":"Polygon","coordinates":[[[-118.3578827622935,34.018934761162775],[-118.3578827622935,34.008690968624606],[-118.34619482488387,34.01161526411314],[-118.34619482488387,34.021859478515005],[-118.3578827622935,34.018934761162775]]]}},{"type":"Feature","properties":{"state":"","county":"LOS_ANGELES","s2_cell":"9278182502520848384","waymo_ro_miles":23260.871808698776,"incremental_miles":20724.877,"vintage_end":"202509","exposure_phase":"deployment"},"geometry":{"type":"Polygon","coordinates":[[[-118.3578827622935,34.008690968624606],[-118.3578827622935,33.99844608107699],[-118.34619482488387,34.00136995428276],[-118.34619482488387,34.01161526411314],[-118.3578827622935,34.008690968624606]]]}},{"type":"Feature","properties":{"state":"","county":"LOS_ANGELES","s2_cell":"9278182536880586752","waymo_ro_miles":28889.883034991042,"incremental_miles":25543.988,"vintage_end":"202509","exposure_phase":"deployment"},"geometry":{"type":"Polygon","coordinates":[[[-118.36956988917491,34.00576556910721],[-118.36956988917491,33.995521104108576],[-118.3578827622935,33.99844608107699],[-118.3578827622935,34.008690968624606],[-118.36956988917491,34.00576556910721]]]}},{"type":"Feature","properties":{"state":"","county":"LOS_ANGELES","s2_cell":"9278182571240325120","waymo_ro_miles":1191.0851847299698,"incremental_miles":1083.908,"vintage_end":"202509","exposure_phase":"deployment"},"geometry":{"type":"Polygon","coordinates":[[[-118.38125620424114,34.002839066042895],[-118.38125620424114,33.99259502385951],[-118.36956988917491,33.995521104108576],[-118.36956988917491,34.00576556910721],[-118.38125620424114,34.002839066042895]]]}},{"type":"Feature","properties":{"state":"","county":"LOS_ANGELES","s2_cell":"9278182639959801856","waymo_ro_miles":59554.76044755463,"incremental_miles":11324.054,"vintage_end":"202509","exposure_phase":"deployment"},"geometry":{"type":"Polygon","coordinates":[[[-118.39294170620582,34.010153985264424],[-118.39294170620582,33.99991145991404],[-118.38125620424114,34.002839066042895],[-118.38125620424114,34.01308201405538],[-118.39294170620582,34.010153985264424]]]}},{"type":"Feature","properties":{"state":"","county":"LOS_ANGELES","s2_cell":"9278182708679278592","waymo_ro_miles":158827.5414035765,"incremental_miles":34764.337,"vintage_end":"202509","exposure_phase":"deployment"},"geometry":{"type":"Polygon","coordinates":[[[-118.40462639378326,33.99698275120345],[-118.40462639378326,33.9867395554495],[-118.39294170620582,33.9896678408122],[-118.39294170620582,33.99991145991404],[-118.40462639378326,33.99698275120345]]]}},{"type":"Feature","properties":{"state":"","county":"LOS_ANGELES","s2_cell":"9278182743039016960","waymo_ro_miles":53679.868605694915,"incremental_miles":22507.357,"vintage_end":"202509","exposure_phase":"deployment"},"geometry":{"type":"Polygon","coordinates":[[[-118.41631026568835,33.99405294039434],[-118.41631026568835,33.9838101682547],[-118.40462639378326,33.9867395554495],[-118.40462639378326,33.99698275120345],[-118.41631026568835,33.99405294039434]]]}},{"type":"Feature","properties":{"state":"","county":"LOS_ANGELES","s2_cell":"9278182777398755328","waymo_ro_miles":103510.71958445359,"incremental_miles":33104.027,"vintage_end":"202509","exposure_phase":"deployment"},"geometry":{"type":"Polygon","coordinates":[[[-118.41631026568835,34.004294619621774],[-118.41631026568835,33.99405294039434],[-118.40462639378326,33.99698275120345],[-118.40462639378326,34.00722485362549],[-118.41631026568835,34.004294619621774]]]}},{"type":"Feature","properties":{"state":"","county":"LOS_ANGELES","s2_cell":"9278182811758493696","waymo_ro_miles":106990.7646003971,"incremental_miles":24231.776,"vintage_end":"202509","exposure_phase":"deployment"},"geometry":{"type":"Polygon","coordinates":[[[-118.40462639378326,34.00722485362549],[-118.40462639378326,33.99698275120345],[-118.39294170620582,33.99991145991404],[-118.39294170620582,34.010153985264424],[-118.40462639378326,34.00722485362549]]]}},{"type":"Feature","properties":{"state":"","county":"LOS_ANGELES","s2_cell":"9278182846118232064","waymo_ro_miles":71802.6613501333,"incremental_miles":27616.346,"vintage_end":"202509","exposure_phase":"deployment"},"geometry":{"type":"Polygon","coordinates":[[[-118.40462639378326,34.01746586195883],[-118.40462639378326,34.00722485362549],[-118.39294170620582,34.010153985264424],[-118.39294170620582,34.02039541610655],[-118.40462639378326,34.01746586195883]]]}},{"type":"Feature","properties":{"state":"","county":"LOS_ANGELES","s2_cell":"9278182880477970432","waymo_ro_miles":253125.22529424264,"incremental_miles":79719.216,"vintage_end":"202509","exposure_phase":"deployment"},"geometry":{"type":"Polygon","coordinates":[[[-118.40462639378326,34.02770577544725],[-118.40462639378326,34.01746586195883],[-118.39294170620582,34.02039541610655],[-118.39294170620582,34.030635751684265],[-118.40462639378326,34.02770577544725]]]}},{"type":"Feature","properties":{"state":"","county":"LOS_ANGELES","s2_cell":"9278182914837708800","waymo_ro_miles":200556.6698392131,"incremental_miles":70564.233,"vintage_end":"202509","exposure_phase":"deployment"},"geometry":{"type":"Polygon","coordinates":[[[-118.41631026568835,34.024774696313266],[-118.41631026568835,34.014535205180174],[-118.40462639378326,34.01746586195883],[-118.40462639378326,34.02770577544725],[-118.41631026568835,34.024774696313266]]]}},{"type":"Feature","properties":{"state":"","county":"LOS_ANGELES","s2_cell":"9278182949197447168","waymo_ro_miles":163069.38455373392,"incremental_miles":52239.604,"vintage_end":"202509","exposure_phase":"deployment"},"geometry":{"type":"Polygon","coordinates":[[[-118.41631026568835,34.014535205180174],[-118.41631026568835,34.004294619621774],[-118.40462639378326,34.00722485362549],[-118.40462639378326,34.01746586195883],[-118.41631026568835,34.014535205180174]]]}},{"type":"Feature","properties":{"state":"","county":"LOS_ANGELES","s2_cell":"9278182983557185536","waymo_ro_miles":214556.92611884756,"incremental_miles":71284.643,"vintage_end":"202509","exposure_phase":"deployment"},"geometry":{"type":"Polygon","coordinates":[[[-118.42799332063665,34.01160344625414],[-118.42799332063665,34.00136328373689],[-118.41631026568835,34.004294619621774],[-118.41631026568835,34.014535205180174],[-118.42799332063665,34.01160344625414]]]}},{"type":"Feature","properties":{"state":"","county":"LOS_ANGELES","s2_cell":"9278183017916923904","waymo_ro_miles":145350.89020082992,"incremental_miles":51127.012,"vintage_end":"202509","exposure_phase":"deployment"},"geometry":{"type":"Polygon","coordinates":[[[-118.42799332063665,34.02184251476583],[-118.42799332063665,34.01160344625414],[-118.41631026568835,34.014535205180174],[-118.41631026568835,34.024774696313266],[-118.42799332063665,34.02184251476583]]]}},{"type":"Feature","properties":{"state":"","county":"LOS_ANGELES","s2_cell":"9278183052276662272","waymo_ro_miles":116688.62036846588,"incremental_miles":42154.831,"vintage_end":"202509","exposure_phase":"deployment"},"geometry":{"type":"Polygon","coordinates":[[[-118.4396755573443,34.018909231288895],[-118.4396755573443,34.00867058566473],[-118.42799332063665,34.01160344625414],[-118.42799332063665,34.02184251476583],[-118.4396755573443,34.018909231288895]]]}},{"type":"Feature","properties":{"state":"","county":"LOS_ANGELES","s2_cell":"9278183086636400640","waymo_ro_miles":196957.54951032295,"incremental_miles":71602.289,"vintage_end":"202509","exposure_phase":"deployment"},"geometry":{"type":"Polygon","coordinates":[[[-118.4396755573443,34.00867058566473],[-118.4396755573443,33.99843084645487],[-118.42799332063665,34.00136328373689],[-118.42799332063665,34.01160344625414],[-118.4396755573443,34.00867058566473]]]}},{"type":"Feature","properties":{"state":"","county":"LOS_ANGELES","s2_cell":"9278183120996139008","waymo_ro_miles":122518.33766263565,"incremental_miles":42951.197,"vintage_end":"202509","exposure_phase":"deployment"},"geometry":{"type":"Polygon","coordinates":[[[-118.4396755573443,33.99843084645487],[-118.4396755573443,33.988190014415686],[-118.42799332063665,33.991122027970384],[-118.42799332063665,34.00136328373689],[-118.4396755573443,33.99843084645487]]]}},{"type":"Feature","properties":{"state":"","county":"LOS_ANGELES","s2_cell":"9278183155355877376","waymo_ro_miles":123412.07362486512,"incremental_miles":43320.355,"vintage_end":"202509","exposure_phase":"deployment"},"geometry":{"type":"Polygon","coordinates":[[[-118.42799332063665,34.00136328373689],[-118.42799332063665,33.991122027970384],[-118.41631026568835,33.99405294039434],[-118.41631026568835,34.004294619621774],[-118.42799332063665,34.00136328373689]]]}},{"type":"Feature","properties":{"state":"","county":"LOS_ANGELES","s2_cell":"9278183189715615744","waymo_ro_miles":91865.08226709973,"incremental_miles":35462.177,"vintage_end":"202509","exposure_phase":"deployment"},"geometry":{"type":"Polygon","coordinates":[[[-118.42799332063665,33.991122027970384],[-118.42799332063665,33.98087967971151],[-118.41631026568835,33.9838101682547],[-118.41631026568835,33.99405294039434],[-118.42799332063665,33.991122027970384]]]}},{"type":"Feature","properties":{"state":"","county":"LOS_ANGELES","s2_cell":"9278183224075354112","waymo_ro_miles":59251.301771232174,"incremental_miles":23337.08,"vintage_end":"202509","exposure_phase":"deployment"},"geometry":{"type":"Polygon","coordinates":[[[-118.4396755573443,33.988190014415686],[-118.4396755573443,33.97794809030404],[-118.42799332063665,33.98087967971151],[-118.42799332063665,33.991122027970384],[-118.4396755573443,33.988190014415686]]]}},{"type":"Feature","properties":{"state":"","county":"LOS_ANGELES","s2_cell":"9278183258435092480","waymo_ro_miles":84331.85744039237,"incremental_miles":32507.246,"vintage_end":"202509","exposure_phase":"deployment"},"geometry":{"type":"Polygon","coordinates":[[[-118.4513569745281,33.98525690021474],[-118.45135697452811,33.97501540051689],[-118.4396755573443,33.97794809030404],[-118.4396755573443,33.988190014415686],[-118.4513569745281,33.98525690021474]]]}},{"type":"Feature","properties":{"state":"","county":"LOS_ANGELES","s2_cell":"9278183292794830848","waymo_ro_miles":185159.0581779323,"incremental_miles":61935.847,"vintage_end":"202509","exposure_phase":"deployment"},"geometry":{"type":"Polygon","coordinates":[[[-118.4513569745281,33.99549730826022],[-118.4513569745281,33.98525690021474],[-118.4396755573443,33.988190014415686],[-118.4396755573443,33.99843084645487],[-118.4513569745281,33.99549730826022]]]}},{"type":"Feature","properties":{"state":"","county":"LOS_ANGELES","s2_cell":"9278183327154569216","waymo_ro_miles":217285.1429442513,"incremental_miles":66471.67,"vintage_end":"202509","exposure_phase":"deployment"},"geometry":{"type":"Polygon","coordinates":[[[-118.46303757090548,33.99256266963781],[-118.46303757090548,33.98232268585252],[-118.4513569745281,33.98525690021474],[-118.4513569745281,33.99549730826022],[-118.46303757090548,33.99256266963781]]]}},{"type":"Feature","properties":{"state":"","county":"LOS_ANGELES","s2_cell":"9278183361514307584","waymo_ro_miles":76271.5867413258,"incremental_miles":25227.519,"vintage_end":"202509","exposure_phase":"deployment"},"geometry":{"type":"Polygon","coordinates":[[[-118.46303757090548,33.98232268585252],[-118.46303757090548,33.97208161083505],[-118.45135697452811,33.97501540051689],[-118.4513569745281,33.98525690021474],[-118.46303757090548,33.98232268585252]]]}},{"type":"Feature","properties":{"state":"","county":"LOS_ANGELES","s2_cell":"9278183395874045952","waymo_ro_miles":27006.98771372683,"incremental_miles":7861.668,"vintage_end":"202509","exposure_phase":"deployment"},"geometry":{"type":"Polygon","coordinates":[[[-118.47471734519449,33.979387371814404],[-118.47471734519449,33.969146721743925],[-118.46303757090548,33.97208161083505],[-118.46303757090548,33.98232268585252],[-118.47471734519449,33.979387371814404]]]}},{"type":"Feature","properties":{"state":"","county":"LOS_ANGELES","s2_cell":"9278183464593522688","waymo_ro_miles":326.33057260462766,"incremental_miles":88.101,"vintage_end":"202509","exposure_phase":"deployment"},"geometry":{"type":"Polygon","coordinates":[[[-118.4863962961138,33.98669009305152],[-118.4863962961138,33.97645095858618],[-118.47471734519449,33.979387371814404],[-118.47471734519449,33.989626931073],[-118.4863962961138,33.98669009305152]]]}},{"type":"Feature","properties":{"state":"","county":"LOS_ANGELES","s2_cell":"9278183498953261056","waymo_ro_miles":148929.68371930844,"incremental_miles":43979.542,"vintage_end":"202509","exposure_phase":"deployment"},"geometry":{"type":"Polygon","coordinates":[[[-118.47471734519449,33.989626931073],[-118.47471734519449,33.979387371814404],[-118.46303757090548,33.98232268585252],[-118.46303757090548,33.99256266963781],[-118.47471734519449,33.989626931073]]]}},{"type":"Feature","properties":{"state":"","county":"LOS_ANGELES","s2_cell":"9278183533312999424","waymo_ro_miles":145041.46476574178,"incremental_miles":49412.881,"vintage_end":"202509","exposure_phase":"deployment"},"geometry":{"type":"Polygon","coordinates":[[[-118.47471734519449,33.9998653987627],[-118.47471734519449,33.989626931073],[-118.46303757090548,33.99256266963781],[-118.46303757090548,34.00280156143394],[-118.47471734519449,33.9998653987627]]]}},{"type":"Feature","properties":{"state":"","county":"LOS_ANGELES","s2_cell":"9278183567672737792","waymo_ro_miles":89185.19216757514,"incremental_miles":25951.12,"vintage_end":"202509","exposure_phase":"deployment"},"geometry":{"type":"Polygon","coordinates":[[[-118.4863962961138,33.99692813636837],[-118.4863962961138,33.98669009305152],[-118.47471734519449,33.989626931073],[-118.47471734519449,33.9998653987627],[-118.4863962961138,33.99692813636837]]]}},{"type":"Feature","properties":{"state":"","county":"LOS_ANGELES","s2_cell":"9278183602032476160","waymo_ro_miles":182669.7860728588,"incremental_miles":61028.827,"vintage_end":"202509","exposure_phase":"deployment"},"geometry":{"type":"Polygon","coordinates":[[[-118.4863962961138,34.00716508778025],[-118.4863962961138,33.99692813636837],[-118.47471734519449,33.9998653987627],[-118.47471734519449,34.01010277412707],[-118.4863962961138,34.00716508778025]]]}},{"type":"Feature","properties":{"state":"","county":"LOS_ANGELES","s2_cell":"9278183636392214528","waymo_ro_miles":130567.5609133227,"incremental_miles":49933.777,"vintage_end":"202509","exposure_phase":"deployment"},"geometry":{"type":"Polygon","coordinates":[[[-118.47471734519449,34.01010277412707],[-118.47471734519449,33.9998653987627],[-118.46303757090548,34.00280156143394],[-118.46303757090548,34.0130393604845],[-118.47471734519449,34.01010277412707]]]}},{"type":"Feature","properties":{"state":"","county":"LOS_ANGELES","s2_cell":"9278183670751952896","waymo_ro_miles":64517.563651106844,"incremental_miles":22412.247,"vintage_end":"202509","exposure_phase":"deployment"},"geometry":{"type":"Polygon","coordinates":[[[-118.46303757090548,34.0130393604845],[-118.46303757090548,34.00280156143394],[-118.45135697452811,34.00573662389638],[-118.45135697452811,34.01597484636685],[-118.46303757090548,34.0130393604845]]]}},{"type":"Feature","properties":{"state":"","county":"LOS_ANGELES","s2_cell":"9278183705111691264","waymo_ro_miles":107113.87008098702,"incremental_miles":43176.0,"vintage_end":"202509","exposure_phase":"deployment"},"geometry":{"type":"Polygon","coordinates":[[[-118.46303757090548,34.00280156143394],[-118.46303757090548,33.99256266963781],[-118.4513569745281,33.99549730826022],[-118.45135697452811,34.00573662389638],[-118.46303757090548,34.00280156143394]]]}},{"type":"Feature","properties":{"state":"","county":"LOS_ANGELES","s2_cell":"9278183739471429632","waymo_ro_miles":96847.2895889975,"incremental_miles":33391.679,"vintage_end":"202509","exposure_phase":"deployment"},"geometry":{"type":"Polygon","coordinates":[[[-118.45135697452811,34.00573662389638],[-118.4513569745281,33.99549730826022],[-118.4396755573443,33.99843084645487],[-118.4396755573443,34.00867058566473],[-118.45135697452811,34.00573662389638]]]}},{"type":"Feature","properties":{"state":"","county":"LOS_ANGELES","s2_cell":"9278183773831168000","waymo_ro_miles":101429.63743413046,"incremental_miles":38425.689,"vintage_end":"202509","exposure_phase":"deployment"},"geometry":{"type":"Polygon","coordinates":[[[-118.45135697452811,34.01597484636685],[-118.45135697452811,34.00573662389638],[-118.4396755573443,34.00867058566473],[-118.4396755573443,34.018909231288895],[-118.45135697452811,34.01597484636685]]]}},{"type":"Feature","properties":{"state":"","county":"LOS_ANGELES","s2_cell":"9278183808190906368","waymo_ro_miles":202143.66828569633,"incremental_miles":74822.085,"vintage_end":"202509","exposure_phase":"deployment"},"geometry":{"type":"Polygon","coordinates":[[[-118.45135697452811,34.02621197491583],[-118.45135697452811,34.01597484636685],[-118.4396755573443,34.018909231288895],[-118.4396755573443,34.02914678257162],[-118.45135697452811,34.02621197491583]]]}},{"type":"Feature","properties":{"state":"","county":"LOS_ANGELES","s2_cell":"9278183842550644736","waymo_ro_miles":345138.17720092717,"incremental_miles":106079.875,"vintage_end":"202509","exposure_phase":"deployment"},"geometry":{"type":"Polygon","coordinates":[[[-118.45135697452811,34.0364480087881],[-118.45135697452811,34.02621197491583],[-118.4396755573443,34.02914678257162],[-118.4396755573443,34.039383238757694],[-118.45135697452811,34.0364480087881]]]}},{"type":"Feature","properties":{"state":"","county":"LOS_ANGELES","s2_cell":"9278183876910383104","waymo_ro_miles":284367.53816423524,"incremental_miles":93071.644,"vintage_end":"202509","exposure_phase":"deployment"},"geometry":{"type":"Polygon","coordinates":[[[-118.46303757090548,34.03351167732612],[-118.46303757090548,34.023276066033645],[-118.45135697452811,34.02621197491583],[-118.45135697452811,34.0364480087881],[-118.46303757090548,34.03351167732612]]]}},{"type":"Feature","properties":{"state":"","county":"LOS_ANGELES","s2_cell":"9278183911270121472","waymo_ro_miles":103667.85269319701,"incremental_miles":35551.271,"vintage_end":"202509","exposure_phase":"deployment"},"geometry":{"type":"Polygon","coordinates":[[[-118.46303757090548,34.023276066033645],[-118.46303757090548,34.0130393604845],[-118.45135697452811,34.01597484636685],[-118.45135697452811,34.02621197491583],[-118.46303757090548,34.023276066033645]]]}},{"type":"Feature","properties":{"state":"","county":"LOS_ANGELES","s2_cell":"9278183945629859840","waymo_ro_miles":179745.6916489854,"incremental_miles":63785.364,"vintage_end":"202509","exposure_phase":"deployment"},"geometry":{"type":"Polygon","coordinates":[[[-118.47471734519449,34.02033905641025],[-118.47471734519449,34.01010277412707],[-118.46303757090548,34.0130393604845],[-118.46303757090548,34.023276066033645],[-118.47471734519449,34.02033905641025]]]}},{"type":"Feature","properties":{"state":"","county":"LOS_ANGELES","s2_cell":"9278183979989598208","waymo_ro_miles":244895.3564089905,"incremental_miles":85007.985,"vintage_end":"202509","exposure_phase":"deployment"},"geometry":{"type":"Polygon","coordinates":[[[-118.4863962961138,34.017400946531254],[-118.4863962961138,34.00716508778025],[-118.47471734519449,34.01010277412707],[-118.47471734519449,34.02033905641025],[-118.4863962961138,34.017400946531254]]]}},{"type":"Feature","properties":{"state":"","county":"LOS_ANGELES","s2_cell":"9278184014349336576","waymo_ro_miles":344737.3654656261,"incremental_miles":149314.604,"vintage_end":"202509","exposure_phase":"deployment"},"geometry":{"type":"Polygon","coordinates":[[[-118.4863962961138,34.027635711866054],[-118.4863962961138,34.017400946531254],[-118.47471734519449,34.02033905641025],[-118.47471734519449,34.030574244856915],[-118.4863962961138,34.027635711866054]]]}},{"type":"Feature","properties":{"state":"","county":"LOS_ANGELES","s2_cell":"9278184048709074944","waymo_ro_miles":77495.3786951389,"incremental_miles":19934.893,"vintage_end":"202509","exposure_phase":"deployment"},"geometry":{"type":"Polygon","coordinates":[[[-118.47471734519449,34.030574244856915],[-118.47471734519449,34.02033905641025],[-118.46303757090548,34.023276066033645],[-118.46303757090548,34.03351167732612],[-118.47471734519449,34.030574244856915]]]}},{"type":"Feature","properties":{"state":"","county":"LOS_ANGELES","s2_cell":"9278184083068813312","waymo_ro_miles":284087.5811359645,"incremental_miles":114719.748,"vintage_end":"202509","exposure_phase":"deployment"},"geometry":{"type":"Polygon","coordinates":[[[-118.47471734519449,34.04080833871238],[-118.47471734519449,34.030574244856915],[-118.46303757090548,34.03351167732612],[-118.46303757090548,34.04374619360725],[-118.47471734519449,34.04080833871238]]]}},{"type":"Feature","properties":{"state":"","county":"LOS_ANGELES","s2_cell":"9278184117428551680","waymo_ro_miles":175995.26268799705,"incremental_miles":65210.588,"vintage_end":"202509","exposure_phase":"deployment"},"geometry":{"type":"Polygon","coordinates":[[[-118.4863962961138,34.0378693830299],[-118.4863962961138,34.027635711866054],[-118.47471734519449,34.030574244856915],[-118.47471734519449,34.04080833871238],[-118.4863962961138,34.0378693830299]]]}},{"type":"Feature","properties":{"state":"","county":"LOS_ANGELES","s2_cell":"9278184151788290048","waymo_ro_miles":32072.740574413157,"incremental_miles":14582.892,"vintage_end":"202509","exposure_phase":"deployment"},"geometry":{"type":"Polygon","coordinates":[[[-118.4863962961138,34.04810195926861],[-118.4863962961138,34.0378693830299],[-118.47471734519449,34.04080833871238],[-118.47471734519449,34.05104133722248],[-118.4863962961138,34.04810195926861]]]}},{"type":"Feature","properties":{"state":"","county":"LOS_ANGELES","s2_cell":"9278184186148028416","waymo_ro_miles":121800.84766550463,"incremental_miles":40150.505,"vintage_end":"202509","exposure_phase":"deployment"},"geometry":{"type":"Polygon","coordinates":[[[-118.47471734519449,34.05104133722248],[-118.47471734519449,34.04080833871238],[-118.46303757090548,34.04374619360725],[-118.46303757090548,34.053979614122916],[-118.47471734519449,34.05104133722248]]]}},{"type":"Feature","properties":{"state":"","county":"LOS_ANGELES","s2_cell":"9278184220507766784","waymo_ro_miles":129563.02361393346,"incremental_miles":48897.676,"vintage_end":"202509","exposure_phase":"deployment"},"geometry":{"type":"Polygon","coordinates":[[[-118.46303757090548,34.053979614122916],[-118.46303757090548,34.04374619360725],[-118.45135697452811,34.046682947229],[-118.45135697452811,34.05691678948447],[-118.46303757090548,34.053979614122916]]]}},{"type":"Feature","properties":{"state":"","county":"LOS_ANGELES","s2_cell":"9278184254867505152","waymo_ro_miles":256315.97408025054,"incremental_miles":94089.155,"vintage_end":"202509","exposure_phase":"deployment"},"geometry":{"type":"Polygon","coordinates":[[[-118.46303757090548,34.04374619360725],[-118.46303757090548,34.03351167732612],[-118.45135697452811,34.0364480087881],[-118.45135697452811,34.046682947229],[-118.46303757090548,34.04374619360725]]]}},{"type":"Feature","properties":{"state":"","county":"LOS_ANGELES","s2_cell":"9278184289227243520","waymo_ro_miles":187030.11257622147,"incremental_miles":66157.676,"vintage_end":"202509","exposure_phase":"deployment"},"geometry":{"type":"Polygon","coordinates":[[[-118.45135697452811,34.046682947229],[-118.45135697452811,34.0364480087881],[-118.4396755573443,34.039383238757694],[-118.4396755573443,34.049618599092526],[-118.45135697452811,34.046682947229]]]}},{"type":"Feature","properties":{"state":"","county":"LOS_ANGELES","s2_cell":"9278184323586981888","waymo_ro_miles":153346.97426808116,"incremental_miles":51739.761,"vintage_end":"202509","exposure_phase":"deployment"},"geometry":{"type":"Polygon","coordinates":[[[-118.45135697452811,34.05691678948447],[-118.45135697452811,34.046682947229],[-118.4396755573443,34.049618599092526],[-118.4396755573443,34.05985286282207],[-118.45135697452811,34.05691678948447]]]}},{"type":"Feature","properties":{"state":"","county":"LOS_ANGELES","s2_cell":"9278184357946720256","waymo_ro_miles":125483.81952667494,"incremental_miles":45873.665,"vintage_end":"202509","exposure_phase":"deployment"},"geometry":{"type":"Polygon","coordinates":[[[-118.4396755573443,34.05985286282207],[-118.4396755573443,34.049618599092526],[-118.42799332063665,34.05255314871316],[-118.42799332063665,34.06278783365108],[-118.4396755573443,34.05985286282207]]]}},{"type":"Feature","properties":{"state":"","county":"LOS_ANGELES","s2_cell":"9278184392306458624","waymo_ro_miles":228162.10709652278,"incremental_miles":85673.773,"vintage_end":"202509","exposure_phase":"deployment"},"geometry":{"type":"Polygon","coordinates":[[[-118.42799332063665,34.06278783365108],[-118.42799332063665,34.05255314871316],[-118.41631026568835,34.055486595606645],[-118.41631026568835,34.06572170148733],[-118.42799332063665,34.06278783365108]]]}},{"type":"Feature","properties":{"state":"","county":"LOS_ANGELES","s2_cell":"9278184426666196992","waymo_ro_miles":242342.66146908246,"incremental_miles":68387.849,"vintage_end":"202509","exposure_phase":"deployment"},"geometry":{"type":"Polygon","coordinates":[[[-118.42799332063665,34.05255314871316],[-118.42799332063665,34.042317366750204],[-118.41631026568835,34.04525039228133],[-118.41631026568835,34.055486595606645],[-118.42799332063665,34.05255314871316]]]}},{"type":"Feature","properties":{"state":"","county":"LOS_ANGELES","s2_cell":"9278184461025935360","waymo_ro_miles":296604.659735115,"incremental_miles":88516.452,"vintage_end":"202509","exposure_phase":"deployment"},"geometry":{"type":"Polygon","coordinates":[[[-118.4396755573443,34.049618599092526],[-118.4396755573443,34.039383238757694],[-118.42799332063665,34.042317366750204],[-118.42799332063665,34.05255314871316],[-118.4396755573443,34.049618599092526]]]}},{"type":"Feature","properties":{"state":"","county":"LOS_ANGELES","s2_cell":"9278184495385673728","waymo_ro_miles":196833.07094183806,"incremental_miles":64869.007,"vintage_end":"202509","exposure_phase":"deployment"},"geometry":{"type":"Polygon","coordinates":[[[-118.4396755573443,34.039383238757694],[-118.4396755573443,34.02914678257162],[-118.42799332063665,34.032080488516236],[-118.42799332063665,34.042317366750204],[-118.4396755573443,34.039383238757694]]]}},{"type":"Feature","properties":{"state":"","county":"LOS_ANGELES","s2_cell":"9278184529745412096","waymo_ro_miles":116440.68513787308,"incremental_miles":37768.097,"vintage_end":"202509","exposure_phase":"deployment"},"geometry":{"type":"Polygon","coordinates":[[[-118.4396755573443,34.02914678257162],[-118.4396755573443,34.018909231288895],[-118.42799332063665,34.02184251476583],[-118.42799332063665,34.032080488516236],[-118.4396755573443,34.02914678257162]]]}},{"type":"Feature","properties":{"state":"","county":"LOS_ANGELES","s2_cell":"9278184564105150464","waymo_ro_miles":62860.66433078378,"incremental_miles":19283.074,"vintage_end":"202509","exposure_phase":"deployment"},"geometry":{"type":"Polygon","coordinates":[[[-118.42799332063665,34.032080488516236],[-118.42799332063665,34.02184251476583],[-118.41631026568835,34.024774696313266],[-118.41631026568835,34.03501309226535],[-118.42799332063665,34.032080488516236]]]}},{"type":"Feature","properties":{"state":"","county":"LOS_ANGELES","s2_cell":"9278184598464888832","waymo_ro_miles":69571.72107164207,"incremental_miles":21032.326,"vintage_end":"202509","exposure_phase":"deployment"},"geometry":{"type":"Polygon","coordinates":[[[-118.42799332063665,34.042317366750204],[-118.42799332063665,34.032080488516236],[-118.41631026568835,34.03501309226535],[-118.41631026568835,34.04525039228133],[-118.42799332063665,34.042317366750204]]]}},{"type":"Feature","properties":{"state":"","county":"LOS_ANGELES","s2_cell":"9278184632824627200","waymo_ro_miles":26318.463180205512,"incremental_miles":9586.218,"vintage_end":"202509","exposure_phase":"deployment"},"geometry":{"type":"Polygon","coordinates":[[[-118.41631026568835,34.04525039228133],[-118.41631026568835,34.03501309226535],[-118.40462639378326,34.03794459333507],[-118.40462639378326,34.048182314867226],[-118.41631026568835,34.04525039228133]]]}},{"type":"Feature","properties":{"state":"","county":"LOS_ANGELES","s2_cell":"9278184667184365568","waymo_ro_miles":84687.28037411819,"incremental_miles":24263.859,"vintage_end":"202509","exposure_phase":"deployment"},"geometry":{"type":"Polygon","coordinates":[[[-118.41631026568835,34.03501309226535],[-118.41631026568835,34.024774696313266],[-118.40462639378326,34.02770577544725],[-118.40462639378326,34.03794459333507],[-118.41631026568835,34.03501309226535]]]}},{"type":"Feature","properties":{"state":"","county":"LOS_ANGELES","s2_cell":"9278184701544103936","waymo_ro_miles":111968.01236869881,"incremental_miles":32783.442,"vintage_end":"202509","exposure_phase":"deployment"},"geometry":{"type":"Polygon","coordinates":[[[-118.40462639378326,34.03794459333507],[-118.40462639378326,34.02770577544725],[-118.39294170620582,34.030635751684265],[-118.39294170620582,34.04087499124191],[-118.40462639378326,34.03794459333507]]]}},{"type":"Feature","properties":{"state":"","county":"LOS_ANGELES","s2_cell":"9278184770263580672","waymo_ro_miles":170018.9349790346,"incremental_miles":47625.664,"vintage_end":"202509","exposure_phase":"deployment"},"geometry":{"type":"Polygon","coordinates":[[[-118.40462639378326,34.05841893928918],[-118.40462639378326,34.048182314867226],[-118.39294170620582,34.05111313402445],[-118.39294170620582,34.061350179277404],[-118.40462639378326,34.05841893928918]]]}},{"type":"Feature","properties":{"state":"","county":"LOS_ANGELES","s2_cell":"9278184804623319040","waymo_ro_miles":138012.8411590224,"incremental_miles":41980.267,"vintage_end":"202509","exposure_phase":"deployment"},"geometry":{"type":"Polygon","coordinates":[[[-118.41631026568835,34.055486595606645],[-118.41631026568835,34.04525039228133],[-118.40462639378326,34.048182314867226],[-118.40462639378326,34.05841893928918],[-118.41631026568835,34.055486595606645]]]}},{"type":"Feature","properties":{"state":"","county":"LOS_ANGELES","s2_cell":"9278184838983057408","waymo_ro_miles":279715.74237464886,"incremental_miles":95736.781,"vintage_end":"202509","exposure_phase":"deployment"},"geometry":{"type":"Polygon","coordinates":[[[-118.41631026568835,34.06572170148733],[-118.41631026568835,34.055486595606645],[-118.40462639378326,34.05841893928918],[-118.40462639378326,34.06865446584705],[-118.41631026568835,34.06572170148733]]]}},{"type":"Feature","properties":{"state":"","county":"LOS_ANGELES","s2_cell":"9278184873342795776","waymo_ro_miles":120702.9918733778,"incremental_miles":39687.426,"vintage_end":"202509","exposure_phase":"deployment"},"geometry":{"type":"Polygon","coordinates":[[[-118.40462639378326,34.06865446584705],[-118.40462639378326,34.05841893928918],[-118.39294170620582,34.061350179277404],[-118.39294170620582,34.071586126246885],[-118.40462639378326,34.06865446584705]]]}},{"type":"Feature","properties":{"state":"","county":"LOS_ANGELES","s2_cell":"9278184907702534144","waymo_ro_miles":240954.58109437788,"incremental_miles":82989.412,"vintage_end":"202509","exposure_phase":"deployment"},"geometry":{"type":"Polygon","coordinates":[[[-118.40462639378326,34.07888889378743],[-118.40462639378326,34.06865446584705],[-118.39294170620582,34.071586126246885],[-118.39294170620582,34.08182097417957],[-118.40462639378326,34.07888889378743]]]}},{"type":"Feature","properties":{"state":"","county":"LOS_ANGELES","s2_cell":"9278184942062272512","waymo_ro_miles":127808.60557418624,"incremental_miles":48336.507,"vintage_end":"202509","exposure_phase":"deployment"},"geometry":{"type":"Polygon","coordinates":[[[-118.41631026568835,34.07595570916999],[-118.41631026568835,34.06572170148733],[-118.40462639378326,34.06865446584705],[-118.40462639378326,34.07888889378743],[-118.41631026568835,34.07595570916999]]]}},{"type":"Feature","properties":{"state":"","county":"LOS_ANGELES","s2_cell":"9278184976422010880","waymo_ro_miles":20951.46466060887,"incremental_miles":19237.591,"vintage_end":"202509","exposure_phase":"deployment"},"geometry":{"type":"Polygon","coordinates":[[[-118.41631026568835,34.086188617901826],[-118.41631026568835,34.07595570916999],[-118.40462639378326,34.07888889378743],[-118.40462639378326,34.08912222235755],[-118.41631026568835,34.086188617901826]]]}},{"type":"Feature","properties":{"state":"","county":"LOS_ANGELES","s2_cell":"9278185010781749248","waymo_ro_miles":17752.496988062958,"incremental_miles":16263.229,"vintage_end":"202509","exposure_phase":"deployment"},"geometry":{"type":"Polygon","coordinates":[[[-118.40462639378326,34.08912222235755],[-118.40462639378326,34.07888889378743],[-118.39294170620582,34.08182097417957],[-118.39294170620582,34.09205472232272],[-118.40462639378326,34.08912222235755]]]}},{"type":"Feature","properties":{"state":"","county":"LOS_ANGELES","s2_cell":"9278185285659656192","waymo_ro_miles":3353.3553646941323,"incremental_miles":3061.394,"vintage_end":"202509","exposure_phase":"deployment"},"geometry":{"type":"Polygon","coordinates":[[[-118.4396755573443,34.09054906684718],[-118.4396755573443,34.08031809745199],[-118.42799332063665,34.08325390943874],[-118.42799332063665,34.09348529878334],[-118.4396755573443,34.09054906684718]]]}},{"type":"Feature","properties":{"state":"","county":"LOS_ANGELES","s2_cell":"9278185320019394560","waymo_ro_miles":18314.212532474543,"incremental_miles":16548.786,"vintage_end":"202509","exposure_phase":"deployment"},"geometry":{"type":"Polygon","coordinates":[[[-118.4396755573443,34.08031809745199],[-118.4396755573443,34.070086029192844],[-118.42799332063665,34.07302142081056],[-118.42799332063665,34.08325390943874],[-118.4396755573443,34.08031809745199]]]}},{"type":"Feature","properties":{"state":"","county":"LOS_ANGELES","s2_cell":"9278185354379132928","waymo_ro_miles":14963.763989422008,"incremental_miles":13582.237,"vintage_end":"202509","exposure_phase":"deployment"},"geometry":{"type":"Polygon","coordinates":[[[-118.42799332063665,34.08325390943874],[-118.42799332063665,34.07302142081056],[-118.41631026568835,34.07595570916999],[-118.41631026568835,34.086188617901826],[-118.42799332063665,34.08325390943874]]]}},{"type":"Feature","properties":{"state":"","county":"LOS_ANGELES","s2_cell":"9278185388738871296","waymo_ro_miles":46234.14158241763,"incremental_miles":11809.295,"vintage_end":"202509","exposure_phase":"deployment"},"geometry":{"type":"Polygon","coordinates":[[[-118.42799332063665,34.07302142081056],[-118.42799332063665,34.06278783365108],[-118.41631026568835,34.06572170148733],[-118.41631026568835,34.07595570916999],[-118.42799332063665,34.07302142081056]]]}},{"type":"Feature","properties":{"state":"","county":"LOS_ANGELES","s2_cell":"9278185423098609664","waymo_ro_miles":80840.59398029123,"incremental_miles":28098.192,"vintage_end":"202509","exposure_phase":"deployment"},"geometry":{"type":"Polygon","coordinates":[[[-118.4396755573443,34.070086029192844],[-118.4396755573443,34.05985286282207],[-118.42799332063665,34.06278783365108],[-118.42799332063665,34.07302142081056],[-118.4396755573443,34.070086029192844]]]}},{"type":"Feature","properties":{"state":"","county":"LOS_ANGELES","s2_cell":"9278185457458348032","waymo_ro_miles":96044.19851311565,"incremental_miles":32318.302,"vintage_end":"202509","exposure_phase":"deployment"},"geometry":{"type":"Polygon","coordinates":[[[-118.45135697452811,34.067149534801004],[-118.45135697452811,34.05691678948447],[-118.4396755573443,34.05985286282207],[-118.4396755573443,34.070086029192844],[-118.45135697452811,34.067149534801004]]]}},{"type":"Feature","properties":{"state":"","county":"LOS_ANGELES","s2_cell":"9278185491818086400","waymo_ro_miles":11620.061201458338,"incremental_miles":8282.568,"vintage_end":"202509","exposure_phase":"deployment"},"geometry":{"type":"Polygon","coordinates":[[[-118.45135697452811,34.07738118242568],[-118.45135697452811,34.067149534801004],[-118.4396755573443,34.070086029192844],[-118.4396755573443,34.08031809745199],[-118.45135697452811,34.07738118242568]]]}},{"type":"Feature","properties":{"state":"","county":"LOS_ANGELES","s2_cell":"9278185526177824768","waymo_ro_miles":24733.952971744802,"incremental_miles":13476.707,"vintage_end":"202509","exposure_phase":"deployment"},"geometry":{"type":"Polygon","coordinates":[[[-118.46303757090548,34.07444316484433],[-118.46303757090548,34.0642119381196],[-118.45135697452811,34.067149534801004],[-118.45135697452811,34.07738118242568],[-118.46303757090548,34.07444316484433]]]}},{"type":"Feature","properties":{"state":"","county":"LOS_ANGELES","s2_cell":"9278185560537563136","waymo_ro_miles":22045.62914404269,"incremental_miles":8543.7,"vintage_end":"202509","exposure_phase":"deployment"},"geometry":{"type":"Polygon","coordinates":[[[-118.46303757090548,34.0642119381196],[-118.46303757090548,34.053979614122916],[-118.45135697452811,34.05691678948447],[-118.45135697452811,34.067149534801004],[-118.46303757090548,34.0642119381196]]]}},{"type":"Feature","properties":{"state":"","county":"LOS_ANGELES","s2_cell":"9278185594897301504","waymo_ro_miles":26323.017657274937,"incremental_miles":16749.869,"vintage_end":"202509","exposure_phase":"deployment"},"geometry":{"type":"Polygon","coordinates":[[[-118.47471734519449,34.06127323963364],[-118.47471734519449,34.05104133722248],[-118.46303757090548,34.053979614122916],[-118.46303757090548,34.0642119381196],[-118.47471734519449,34.06127323963364]]]}},{"type":"Feature","properties":{"state":"","county":"LOS_ANGELES","s2_cell":"9278185629257039872","waymo_ro_miles":30856.022749900094,"incremental_miles":22248.369,"vintage_end":"202509","exposure_phase":"deployment"},"geometry":{"type":"Polygon","coordinates":[[[-118.4863962961138,34.05833343982856],[-118.4863962961138,34.04810195926861],[-118.47471734519449,34.05104133722248],[-118.47471734519449,34.06127323963364],[-118.4863962961138,34.05833343982856]]]}},{"type":"Feature","properties":{"state":"","county":"LOS_ANGELES","s2_cell":"9278185663616778240","waymo_ro_miles":28.061818986531097,"incremental_miles":27.582,"vintage_end":"202509","exposure_phase":"deployment"},"geometry":{"type":"Polygon","coordinates":[[[-118.4863962961138,34.068563823956744],[-118.4863962961138,34.05833343982856],[-118.47471734519449,34.06127323963364],[-118.47471734519449,34.07150404519288],[-118.4863962961138,34.068563823956744]]]}},{"type":"Feature","properties":{"state":"","county":"LOS_ANGELES","s2_cell":"9278185697976516608","waymo_ro_miles":9379.132107234671,"incremental_miles":8949.139,"vintage_end":"202509","exposure_phase":"deployment"},"geometry":{"type":"Polygon","coordinates":[[[-118.47471734519449,34.07150404519288],[-118.47471734519449,34.06127323963364],[-118.46303757090548,34.0642119381196],[-118.46303757090548,34.07444316484433],[-118.47471734519449,34.07150404519288]]]}},{"type":"Feature","properties":{"state":"","county":"LOS_ANGELES","s2_cell":"9278185904134946816","waymo_ro_miles":715.7068242423243,"incremental_miles":651.987,"vintage_end":"202509","exposure_phase":"deployment"},"geometry":{"type":"Polygon","coordinates":[[[-118.46303757090548,34.08467329354471],[-118.46303757090548,34.07444316484433],[-118.45135697452811,34.07738118242568],[-118.45135697452811,34.08761173160615],[-118.46303757090548,34.08467329354471]]]}},{"type":"Feature","properties":{"state":"","county":"LOS_ANGELES","s2_cell":"9278187725201080320","waymo_ro_miles":9.287578301819869,"incremental_miles":7.256,"vintage_end":"202509","exposure_phase":"deployment"},"geometry":{"type":"Polygon","coordinates":[[[-118.38125620424114,34.10521918380458],[-118.38125620424114,34.0949861173145],[-118.36956988917491,34.097916406850516],[-118.36956988917491,34.10814989196416],[-118.38125620424114,34.10521918380458]]]}},{"type":"Feature","properties":{"state":"","county":"LOS_ANGELES","s2_cell":"9278187759560818688","waymo_ro_miles":0.19140793820793545,"incremental_miles":0.191,"vintage_end":"202509","exposure_phase":"deployment"},"geometry":{"type":"Polygon","coordinates":[[[-118.39294170620582,34.102287369924156],[-118.39294170620582,34.09205472232272],[-118.38125620424114,34.0949861173145],[-118.38125620424114,34.10521918380458],[-118.39294170620582,34.102287369924156]]]}},{"type":"Feature","properties":{"state":"","county":"LOS_ANGELES","s2_cell":"9278187793920557056","waymo_ro_miles":77710.9895985482,"incremental_miles":49038.774,"vintage_end":"202509","exposure_phase":"deployment"},"geometry":{"type":"Polygon","coordinates":[[[-118.39294170620582,34.09205472232272],[-118.39294170620582,34.08182097417957],[-118.38125620424114,34.08475194986359],[-118.38125620424114,34.0949861173145],[-118.39294170620582,34.09205472232272]]]}},{"type":"Feature","properties":{"state":"","county":"LOS_ANGELES","s2_cell":"9278187828280295424","waymo_ro_miles":233587.49217294445,"incremental_miles":76057.68,"vintage_end":"202509","exposure_phase":"deployment"},"geometry":{"type":"Polygon","coordinates":[[[-118.39294170620582,34.08182097417957],[-118.39294170620582,34.071586126246885],[-118.38125620424114,34.074516682203964],[-118.38125620424114,34.08475194986359],[-118.39294170620582,34.08182097417957]]]}},{"type":"Feature","properties":{"state":"","county":"LOS_ANGELES","s2_cell":"9278187862640033792","waymo_ro_miles":183243.25759404065,"incremental_miles":52835.212,"vintage_end":"202509","exposure_phase":"deployment"},"geometry":{"type":"Polygon","coordinates":[[[-118.38125620424114,34.08475194986359],[-118.38125620424114,34.074516682203964],[-118.36956988917491,34.07744613323579],[-118.36956988917491,34.08768182035703],[-118.38125620424114,34.08475194986359]]]}},{"type":"Feature","properties":{"state":"","county":"LOS_ANGELES","s2_cell":"9278187896999772160","waymo_ro_miles":132959.55943464147,"incremental_miles":64337.144,"vintage_end":"202509","exposure_phase":"deployment"},"geometry":{"type":"Polygon","coordinates":[[[-118.38125620424114,34.0949861173145],[-118.38125620424114,34.08475194986359],[-118.36956988917491,34.08768182035703],[-118.36956988917491,34.097916406850516],[-118.38125620424114,34.0949861173145]]]}},{"type":"Feature","properties":{"state":"","county":"LOS_ANGELES","s2_cell":"9278187931359510528","waymo_ro_miles":111295.52223208362,"incremental_miles":56392.912,"vintage_end":"202509","exposure_phase":"deployment"},"geometry":{"type":"Polygon","coordinates":[[[-118.36956988917491,34.097916406850516],[-118.36956988917491,34.08768182035703],[-118.3578827622935,34.090610585177906],[-118.3578827622935,34.10084559044883],[-118.36956988917491,34.097916406850516]]]}},{"type":"Feature","properties":{"state":"","county":"LOS_ANGELES","s2_cell":"9278187965719248896","waymo_ro_miles":123128.17423779468,"incremental_miles":39372.574,"vintage_end":"202509","exposure_phase":"deployment"},"geometry":{"type":"Polygon","coordinates":[[[-118.36956988917491,34.08768182035703],[-118.36956988917491,34.07744613323579],[-118.3578827622935,34.080374478860335],[-118.3578827622935,34.090610585177906],[-118.36956988917491,34.08768182035703]]]}},{"type":"Feature","properties":{"state":"","county":"LOS_ANGELES","s2_cell":"9278188000078987264","waymo_ro_miles":131537.74219762598,"incremental_miles":35457.083,"vintage_end":"202509","exposure_phase":"deployment"},"geometry":{"type":"Polygon","coordinates":[[[-118.3578827622935,34.090610585177906],[-118.3578827622935,34.080374478860335],[-118.34619482488387,34.083301718595976],[-118.34619482488387,34.09353824384467],[-118.3578827622935,34.090610585177906]]]}},{"type":"Feature","properties":{"state":"","county":"LOS_ANGELES","s2_cell":"9278188034438725632","waymo_ro_miles":49710.6660233524,"incremental_miles":39479.528,"vintage_end":"202509","exposure_phase":"deployment"},"geometry":{"type":"Polygon","coordinates":[[[-118.3578827622935,34.10084559044883],[-118.3578827622935,34.090610585177906],[-118.34619482488387,34.09353824384467],[-118.34619482488387,34.10377366762791],[-118.3578827622935,34.10084559044883]]]}},{"type":"Feature","properties":{"state":"","county":"LOS_ANGELES","s2_cell":"9278188068798464000","waymo_ro_miles":2974.749964092611,"incremental_miles":2719.032,"vintage_end":"202509","exposure_phase":"deployment"},"geometry":{"type":"Polygon","coordinates":[[[-118.3578827622935,34.11107949392101],[-118.3578827622935,34.10084559044883],[-118.34619482488387,34.10377366762791],[-118.34619482488387,34.11400798919366],[-118.3578827622935,34.11107949392101]]]}},{"type":"Feature","properties":{"state":"","county":"LOS_ANGELES","s2_cell":"9278188103158202368","waymo_ro_miles":5793.716384446512,"incremental_miles":5278.123,"vintage_end":"202509","exposure_phase":"deployment"},"geometry":{"type":"Polygon","coordinates":[[[-118.36956988917491,34.10814989196416],[-118.36956988917491,34.097916406850516],[-118.3578827622935,34.10084559044883],[-118.3578827622935,34.11107949392101],[-118.36956988917491,34.10814989196416]]]}},{"type":"Feature","properties":{"state":"","county":"LOS_ANGELES","s2_cell":"9278188274956894208","waymo_ro_miles":1133.5326210426604,"incremental_miles":1068.937,"vintage_end":"202509","exposure_phase":"deployment"},"geometry":{"type":"Polygon","coordinates":[[[-118.33450607823356,34.11693537730107],[-118.33450607823357,34.10670063790669],[-118.32281652363086,34.10962650080452],[-118.32281652363083,34.11986165776265],[-118.33450607823356,34.11693537730107]]]}},{"type":"Feature","properties":{"state":"","county":"LOS_ANGELES","s2_cell":"9278188309316632576","waymo_ro_miles":1005.9180542613093,"incremental_miles":934.957,"vintage_end":"202509","exposure_phase":"deployment"},"geometry":{"type":"Polygon","coordinates":[[[-118.34619482488387,34.11400798919366],[-118.34619482488387,34.10377366762791],[-118.33450607823357,34.10670063790669],[-118.33450607823356,34.11693537730107],[-118.34619482488387,34.11400798919366]]]}},{"type":"Feature","properties":{"state":"","county":"LOS_ANGELES","s2_cell":"9278188343676370944","waymo_ro_miles":104038.29400265147,"incremental_miles":44792.969,"vintage_end":"202509","exposure_phase":"deployment"},"geometry":{"type":"Polygon","coordinates":[[[-118.34619482488387,34.10377366762791],[-118.34619482488387,34.09353824384467],[-118.33450607823357,34.09646479587619],[-118.33450607823357,34.10670063790669],[-118.34619482488387,34.10377366762791]]]}},{"type":"Feature","properties":{"state":"","county":"LOS_ANGELES","s2_cell":"9278188378036109312","waymo_ro_miles":175773.96376193606,"incremental_miles":58002.832,"vintage_end":"202509","exposure_phase":"deployment"},"geometry":{"type":"Polygon","coordinates":[[[-118.34619482488387,34.09353824384467],[-118.34619482488387,34.083301718595976],[-118.33450607823357,34.086227851961546],[-118.33450607823357,34.09646479587619],[-118.34619482488387,34.09353824384467]]]}},{"type":"Feature","properties":{"state":"","county":"LOS_ANGELES","s2_cell":"9278188412395847680","waymo_ro_miles":135406.76649361805,"incremental_miles":45401.913,"vintage_end":"202509","exposure_phase":"deployment"},"geometry":{"type":"Polygon","coordinates":[[[-118.33450607823357,34.09646479587619],[-118.33450607823357,34.086227851961546],[-118.32281652363086,34.089152878476305],[-118.32281652363086,34.09939024079175],[-118.33450607823357,34.09646479587619]]]}},{"type":"Feature","properties":{"state":"","county":"LOS_ANGELES","s2_cell":"9278188446755586048","waymo_ro_miles":62896.771202043165,"incremental_miles":27725.375,"vintage_end":"202509","exposure_phase":"deployment"},"geometry":{"type":"Polygon","coordinates":[[[-118.33450607823357,34.10670063790669],[-118.33450607823357,34.09646479587619],[-118.32281652363086,34.09939024079175],[-118.32281652363086,34.10962650080452],[-118.33450607823357,34.10670063790669]]]}},{"type":"Feature","properties":{"state":"","county":"LOS_ANGELES","s2_cell":"9278188481115324416","waymo_ro_miles":21472.197725319846,"incremental_miles":13564.435,"vintage_end":"202509","exposure_phase":"deployment"},"geometry":{"type":"Polygon","coordinates":[[[-118.32281652363086,34.10962650080452],[-118.32281652363086,34.09939024079175],[-118.31112616236453,34.102314578111105],[-118.31112616236453,34.112551255841176],[-118.32281652363086,34.10962650080452]]]}},{"type":"Feature","properties":{"state":"","county":"LOS_ANGELES","s2_cell":"9278188515475062784","waymo_ro_miles":69322.28418708932,"incremental_miles":28050.574,"vintage_end":"202509","exposure_phase":"deployment"},"geometry":{"type":"Polygon","coordinates":[[[-118.32281652363086,34.09939024079175],[-118.32281652363086,34.089152878476305],[-118.31112616236453,34.09207679765992],[-118.31112616236453,34.102314578111105],[-118.32281652363086,34.09939024079175]]]}},{"type":"Feature","properties":{"state":"","county":"LOS_ANGELES","s2_cell":"9278188549834801152","waymo_ro_miles":33948.391535750256,"incremental_miles":22480.155,"vintage_end":"202509","exposure_phase":"deployment"},"geometry":{"type":"Polygon","coordinates":[[[-118.31112616236453,34.102314578111105],[-118.31112616236453,34.09207679765992],[-118.29943499572406,34.09499960903254],[-118.29943499572406,34.10523780735441],[-118.31112616236453,34.102314578111105]]]}},{"type":"Feature","properties":{"state":"","county":"LOS_ANGELES","s2_cell":"9278188584194539520","waymo_ro_miles":7162.945079750377,"incremental_miles":6456.562,"vintage_end":"202509","exposure_phase":"deployment"},"geometry":{"type":"Polygon","coordinates":[[[-118.31112616236453,34.112551255841176],[-118.31112616236453,34.102314578111105],[-118.29943499572406,34.10523780735441],[-118.29943499572408,34.11547490253689],[-118.31112616236453,34.112551255841176]]]}},{"type":"Feature","properties":{"state":"","county":"LOS_ANGELES","s2_cell":"9278188652914016256","waymo_ro_miles":0.5089148182183153,"incremental_miles":0.509,"vintage_end":"202509","exposure_phase":"deployment"},"geometry":{"type":"Polygon","coordinates":[[[-118.32281652363083,34.11986165776265],[-118.32281652363086,34.10962650080452],[-118.31112616236453,34.112551255841176],[-118.31112616236453,34.12278683009823],[-118.32281652363083,34.11986165776265]]]}},{"type":"Feature","properties":{"state":"","county":"LOS_ANGELES","s2_cell":"9278189992943812608","waymo_ro_miles":2084.051627097201,"incremental_miles":1955.005,"vintage_end":"202509","exposure_phase":"deployment"},"geometry":{"type":"Polygon","coordinates":[[[-118.29943499572408,34.11547490253689],[-118.29943499572406,34.10523780735441],[-118.28774302499957,34.108159928042284],[-118.28774302499957,34.11839744041229],[-118.29943499572408,34.11547490253689]]]}},{"type":"Feature","properties":{"state":"","county":"LOS_ANGELES","s2_cell":"9278190027303550976","waymo_ro_miles":16437.823280617955,"incremental_miles":15182.473,"vintage_end":"202509","exposure_phase":"deployment"},"geometry":{"type":"Polygon","coordinates":[[[-118.29943499572406,34.10523780735441],[-118.29943499572406,34.09499960903254],[-118.28774302499957,34.0979213121147],[-118.28774302499957,34.108159928042284],[-118.29943499572406,34.10523780735441]]]}},{"type":"Feature","properties":{"state":"","county":"LOS_ANGELES","s2_cell":"9278190061663289344","waymo_ro_miles":7617.499002113924,"incremental_miles":6957.307,"vintage_end":"202509","exposure_phase":"deployment"},"geometry":{"type":"Polygon","coordinates":[[[-118.28774302499957,34.108159928042284],[-118.28774302499957,34.0979213121147],[-118.2760502514817,34.10084190642739],[-118.2760502514817,34.11108093969575],[-118.28774302499957,34.108159928042284]]]}},{"type":"Feature","properties":{"state":"","county":"LOS_ANGELES","s2_cell":"9278190096023027712","waymo_ro_miles":1985.9509722968385,"incremental_miles":1842.804,"vintage_end":"202509","exposure_phase":"deployment"},"geometry":{"type":"Polygon","coordinates":[[[-118.28774302499957,34.11839744041229],[-118.28774302499957,34.108159928042284],[-118.2760502514817,34.11108093969575],[-118.2760502514817,34.12131886898849],[-118.28774302499957,34.11839744041229]]]}},{"type":"Feature","properties":{"state":"","county":"LOS_ANGELES","s2_cell":"9278190130382766080","waymo_ro_miles":78.81368523017186,"incremental_miles":74.614,"vintage_end":"202509","exposure_phase":"deployment"},"geometry":{"type":"Polygon","coordinates":[[[-118.2760502514817,34.12131886898849],[-118.2760502514817,34.11108093969575],[-118.26435667646179,34.1140008418363],[-118.26435667646179,34.124239187787],[-118.2760502514817,34.12131886898849]]]}},{"type":"Feature","properties":{"state":"","county":"LOS_ANGELES","s2_cell":"9278190164742504448","waymo_ro_miles":6990.5355352582765,"incremental_miles":6464.244,"vintage_end":"202509","exposure_phase":"deployment"},"geometry":{"type":"Polygon","coordinates":[[[-118.2760502514817,34.11108093969575],[-118.2760502514817,34.10084190642739],[-118.26435667646179,34.10376139149204],[-118.26435667646179,34.1140008418363],[-118.2760502514817,34.11108093969575]]]}},{"type":"Feature","properties":{"state":"","county":"LOS_ANGELES","s2_cell":"9278190199102242816","waymo_ro_miles":1830.2210622782177,"incremental_miles":1725.967,"vintage_end":"202509","exposure_phase":"deployment"},"geometry":{"type":"Polygon","coordinates":[[[-118.26435667646179,34.1140008418363],[-118.26435667646179,34.10376139149204],[-118.25266230123178,34.10667976683051],[-118.25266230123178,34.11691963398581],[-118.26435667646179,34.1140008418363]]]}},{"type":"Feature","properties":{"state":"","county":"LOS_ANGELES","s2_cell":"9278195971538288640","waymo_ro_miles":10.453504223453509,"incremental_miles":1.967,"vintage_end":"202509","exposure_phase":"deployment"},"geometry":{"type":"Polygon","coordinates":[[[-118.22927115531233,34.05104581010746],[-118.22927115531233,34.04079739169327],[-118.21757438720986,34.04370951117994],[-118.21757438720986,34.05395834853395],[-118.22927115531233,34.05104581010746]]]}},{"type":"Feature","properties":{"state":"","county":"LOS_ANGELES","s2_cell":"9278196005898027008","waymo_ro_miles":307.11935250941417,"incremental_miles":115.56,"vintage_end":"202509","exposure_phase":"deployment"},"geometry":{"type":"Polygon","coordinates":[[[-118.22927115531233,34.04079739169327],[-118.22927115531233,34.03054787366657],[-118.21757438720986,34.0334595737957],[-118.21757438720986,34.04370951117994],[-118.22927115531233,34.04079739169327]]]}},{"type":"Feature","properties":{"state":"","county":"LOS_ANGELES","s2_cell":"9278196040257765376","waymo_ro_miles":43527.19359055054,"incremental_miles":12916.542,"vintage_end":"202509","exposure_phase":"deployment"},"geometry":{"type":"Polygon","coordinates":[[[-118.24096712708423,34.03788416290496],[-118.24096712708423,34.02763506450149],[-118.22927115531233,34.03054787366657],[-118.22927115531233,34.04079739169327],[-118.24096712708423,34.03788416290496]]]}},{"type":"Feature","properties":{"state":"","county":"LOS_ANGELES","s2_cell":"9278196074617503744","waymo_ro_miles":47125.00081537717,"incremental_miles":12654.875,"vintage_end":"202509","exposure_phase":"deployment"},"geometry":{"type":"Polygon","coordinates":[[[-118.25266230123178,34.03496982529217],[-118.25266230123178,34.02472114677768],[-118.24096712708423,34.02763506450149],[-118.24096712708423,34.03788416290496],[-118.25266230123178,34.03496982529217]]]}},{"type":"Feature","properties":{"state":"","county":"LOS_ANGELES","s2_cell":"9278196108977242112","waymo_ro_miles":70365.14018512217,"incremental_miles":21919.769,"vintage_end":"202509","exposure_phase":"deployment"},"geometry":{"type":"Polygon","coordinates":[[[-118.25266230123178,34.04521740502996],[-118.25266230123178,34.03496982529217],[-118.24096712708423,34.03788416290496],[-118.24096712708423,34.04813216211375],[-118.25266230123178,34.04521740502996]]]}},{"type":"Feature","properties":{"state":"","county":"LOS_ANGELES","s2_cell":"9278196143336980480","waymo_ro_miles":64032.9629362485,"incremental_miles":20001.113,"vintage_end":"202509","exposure_phase":"deployment"},"geometry":{"type":"Polygon","coordinates":[[[-118.24096712708423,34.04813216211375],[-118.24096712708423,34.03788416290496],[-118.22927115531233,34.04079739169327],[-118.22927115531233,34.05104581010746],[-118.24096712708423,34.04813216211375]]]}},{"type":"Feature","properties":{"state":"","county":"LOS_ANGELES","s2_cell":"9278196177696718848","waymo_ro_miles":28189.11612556407,"incremental_miles":8501.289,"vintage_end":"202509","exposure_phase":"deployment"},"geometry":{"type":"Polygon","coordinates":[[[-118.24096712708423,34.058379061371554],[-118.24096712708423,34.04813216211375],[-118.22927115531233,34.05104581010746],[-118.22927115531233,34.06129312815285],[-118.24096712708423,34.058379061371554]]]}},{"type":"Feature","properties":{"state":"","county":"LOS_ANGELES","s2_cell":"9278196212056457216","waymo_ro_miles":127609.74616960487,"incremental_miles":35879.285,"vintage_end":"202509","exposure_phase":"deployment"},"geometry":{"type":"Polygon","coordinates":[[[-118.25266230123178,34.055463885234694],[-118.25266230123178,34.04521740502996],[-118.24096712708423,34.04813216211375],[-118.24096712708423,34.058379061371554],[-118.25266230123178,34.055463885234694]]]}},{"type":"Feature","properties":{"state":"","county":"LOS_ANGELES","s2_cell":"9278196246416195584","waymo_ro_miles":56818.23650890579,"incremental_miles":26677.615,"vintage_end":"202509","exposure_phase":"deployment"},"geometry":{"type":"Polygon","coordinates":[[[-118.25266230123178,34.06570926515059],[-118.25266230123178,34.055463885234694],[-118.24096712708423,34.058379061371554],[-118.24096712708423,34.06862485992264],[-118.25266230123178,34.06570926515059]]]}},{"type":"Feature","properties":{"state":"","county":"LOS_ANGELES","s2_cell":"9278196280775933952","waymo_ro_miles":19674.99182583002,"incremental_miles":11248.727,"vintage_end":"202509","exposure_phase":"deployment"},"geometry":{"type":"Polygon","coordinates":[[[-118.24096712708423,34.06862485992264],[-118.24096712708423,34.058379061371554],[-118.22927115531233,34.06129312815285],[-118.22927115531233,34.07153934507375],[-118.24096712708423,34.06862485992264]]]}},{"type":"Feature","properties":{"state":"","county":"LOS_ANGELES","s2_cell":"9278196315135672320","waymo_ro_miles":34.10166300005095,"incremental_miles":23.098,"vintage_end":"202509","exposure_phase":"deployment"},"geometry":{"type":"Polygon","coordinates":[[[-118.22927115531233,34.07153934507375],[-118.22927115531233,34.06129312815285],[-118.21757438720986,34.06420608510149],[-118.21757438720986,34.07445272012689],[-118.22927115531233,34.07153934507375]]]}},{"type":"Feature","properties":{"state":"","county":"LOS_ANGELES","s2_cell":"9278196727452532736","waymo_ro_miles":56.50273527761107,"incremental_miles":55.197,"vintage_end":"202509","exposure_phase":"deployment"},"geometry":{"type":"Polygon","coordinates":[[[-118.24096712708423,34.09935564378677],[-118.24096712708423,34.08911315188453],[-118.22927115531233,34.092028472522124],[-118.22927115531233,34.10227138154109],[-118.24096712708423,34.09935564378677]]]}},{"type":"Feature","properties":{"state":"","county":"LOS_ANGELES","s2_cell":"9278196796172009472","waymo_ro_miles":533.6316737952627,"incremental_miles":516.615,"vintage_end":"202509","exposure_phase":"deployment"},"geometry":{"type":"Polygon","coordinates":[[[-118.25266230123178,34.10667976683051],[-118.25266230123178,34.09643879561616],[-118.24096712708423,34.09935564378677],[-118.24096712708423,34.109597031965095],[-118.25266230123178,34.10667976683051]]]}},{"type":"Feature","properties":{"state":"","county":"LOS_ANGELES","s2_cell":"9278196830531747840","waymo_ro_miles":891.4978891180773,"incremental_miles":865.492,"vintage_end":"202509","exposure_phase":"deployment"},"geometry":{"type":"Polygon","coordinates":[[[-118.25266230123178,34.09643879561616],[-118.25266230123178,34.086196721095654],[-118.24096712708423,34.08911315188453],[-118.24096712708423,34.09935564378677],[-118.25266230123178,34.09643879561616]]]}},{"type":"Feature","properties":{"state":"","county":"LOS_ANGELES","s2_cell":"9278196864891486208","waymo_ro_miles":1363.0326103483037,"incremental_miles":1329.948,"vintage_end":"202509","exposure_phase":"deployment"},"geometry":{"type":"Polygon","coordinates":[[[-118.25266230123178,34.086196721095654],[-118.25266230123178,34.07595354402244],[-118.24096712708423,34.07886955701183],[-118.24096712708423,34.08911315188453],[-118.25266230123178,34.086196721095654]]]}},{"type":"Feature","properties":{"state":"","county":"LOS_ANGELES","s2_cell":"9278196899251224576","waymo_ro_miles":89.78547197622821,"incremental_miles":88.509,"vintage_end":"202509","exposure_phase":"deployment"},"geometry":{"type":"Polygon","coordinates":[[[-118.24096712708423,34.08911315188453],[-118.24096712708423,34.07886955701183],[-118.22927115531233,34.08178446011502],[-118.22927115531233,34.092028472522124],[-118.24096712708423,34.08911315188453]]]}},{"type":"Feature","properties":{"state":"","county":"LOS_ANGELES","s2_cell":"9278196933610962944","waymo_ro_miles":530.817966666397,"incremental_miles":507.02,"vintage_end":"202509","exposure_phase":"deployment"},"geometry":{"type":"Polygon","coordinates":[[[-118.24096712708423,34.07886955701183],[-118.24096712708423,34.06862485992264],[-118.22927115531233,34.07153934507375],[-118.22927115531233,34.08178446011502],[-118.24096712708423,34.07886955701183]]]}},{"type":"Feature","properties":{"state":"","county":"LOS_ANGELES","s2_cell":"9278196967970701312","waymo_ro_miles":8666.431714621855,"incremental_miles":6952.234,"vintage_end":"202509","exposure_phase":"deployment"},"geometry":{"type":"Polygon","coordinates":[[[-118.25266230123178,34.07595354402244],[-118.25266230123178,34.06570926515059],[-118.24096712708423,34.06862485992264],[-118.24096712708423,34.07886955701183],[-118.25266230123178,34.07595354402244]]]}},{"type":"Feature","properties":{"state":"","county":"LOS_ANGELES","s2_cell":"9278197002330439680","waymo_ro_miles":29733.07122774879,"incremental_miles":17539.203,"vintage_end":"202509","exposure_phase":"deployment"},"geometry":{"type":"Polygon","coordinates":[[[-118.26435667646179,34.073036421624295],[-118.26435667646179,34.06279256123504],[-118.25266230123178,34.06570926515059],[-118.25266230123178,34.07595354402244],[-118.26435667646179,34.073036421624295]]]}},{"type":"Feature","properties":{"state":"","county":"LOS_ANGELES","s2_cell":"9278197036690178048","waymo_ro_miles":78513.82959690777,"incremental_miles":25919.999,"vintage_end":"202509","exposure_phase":"deployment"},"geometry":{"type":"Polygon","coordinates":[[[-118.2760502514817,34.070118190295226],[-118.2760502514817,34.05987474865394],[-118.26435667646179,34.06279256123504],[-118.26435667646179,34.073036421624295],[-118.2760502514817,34.070118190295226]]]}},{"type":"Feature","properties":{"state":"","county":"LOS_ANGELES","s2_cell":"9278197071049916416","waymo_ro_miles":22704.160773034157,"incremental_miles":18326.755,"vintage_end":"202509","exposure_phase":"deployment"},"geometry":{"type":"Polygon","coordinates":[[[-118.2760502514817,34.080360530973884],[-118.2760502514817,34.070118190295226],[-118.26435667646179,34.073036421624295],[-118.26435667646179,34.08327918063283],[-118.2760502514817,34.080360530973884]]]}},{"type":"Feature","properties":{"state":"","county":"LOS_ANGELES","s2_cell":"9278197105409654784","waymo_ro_miles":19919.33566937318,"incremental_miles":19452.995,"vintage_end":"202509","exposure_phase":"deployment"},"geometry":{"type":"Polygon","coordinates":[[[-118.26435667646179,34.08327918063283],[-118.26435667646179,34.073036421624295],[-118.25266230123178,34.07595354402244],[-118.25266230123178,34.086196721095654],[-118.26435667646179,34.08327918063283]]]}},{"type":"Feature","properties":{"state":"","county":"LOS_ANGELES","s2_cell":"9278197139769393152","waymo_ro_miles":6339.430177651243,"incremental_miles":6149.897,"vintage_end":"202509","exposure_phase":"deployment"},"geometry":{"type":"Polygon","coordinates":[[[-118.26435667646179,34.09352083750658],[-118.26435667646179,34.08327918063283],[-118.25266230123178,34.086196721095654],[-118.25266230123178,34.09643879561616],[-118.26435667646179,34.09352083750658]]]}},{"type":"Feature","properties":{"state":"","county":"LOS_ANGELES","s2_cell":"9278197174129131520","waymo_ro_miles":6268.54857829981,"incremental_miles":5917.987,"vintage_end":"202509","exposure_phase":"deployment"},"geometry":{"type":"Polygon","coordinates":[[[-118.26435667646179,34.10376139149204],[-118.26435667646179,34.09352083750658],[-118.25266230123178,34.09643879561616],[-118.25266230123178,34.10667976683051],[-118.26435667646179,34.10376139149204]]]}},{"type":"Feature","properties":{"state":"","county":"LOS_ANGELES","s2_cell":"9278197208488869888","waymo_ro_miles":4436.63153252251,"incremental_miles":4045.635,"vintage_end":"202509","exposure_phase":"deployment"},"geometry":{"type":"Polygon","coordinates":[[[-118.2760502514817,34.10084190642739],[-118.2760502514817,34.09060176993578],[-118.26435667646179,34.09352083750658],[-118.26435667646179,34.10376139149204],[-118.2760502514817,34.10084190642739]]]}},{"type":"Feature","properties":{"state":"","county":"LOS_ANGELES","s2_cell":"9278197242848608256","waymo_ro_miles":18470.27489265487,"incremental_miles":17300.355,"vintage_end":"202509","exposure_phase":"deployment"},"geometry":{"type":"Polygon","coordinates":[[[-118.2760502514817,34.09060176993578],[-118.2760502514817,34.080360530973884],[-118.26435667646179,34.08327918063283],[-118.26435667646179,34.09352083750658],[-118.2760502514817,34.09060176993578]]]}},{"type":"Feature","properties":{"state":"","county":"LOS_ANGELES","s2_cell":"9278197277208346624","waymo_ro_miles":19655.665187261035,"incremental_miles":17594.333,"vintage_end":"202509","exposure_phase":"deployment"},"geometry":{"type":"Polygon","coordinates":[[[-118.28774302499957,34.087681593381944],[-118.28774302499957,34.077440772597036],[-118.2760502514817,34.080360530973884],[-118.2760502514817,34.09060176993578],[-118.28774302499957,34.087681593381944]]]}},{"type":"Feature","properties":{"state":"","county":"LOS_ANGELES","s2_cell":"9278197311568084992","waymo_ro_miles":24148.624017306585,"incremental_miles":22323.638,"vintage_end":"202509","exposure_phase":"deployment"},"geometry":{"type":"Polygon","coordinates":[[[-118.28774302499957,34.0979213121147],[-118.28774302499957,34.087681593381944],[-118.2760502514817,34.09060176993578],[-118.2760502514817,34.10084190642739],[-118.28774302499957,34.0979213121147]]]}},{"type":"Feature","properties":{"state":"","county":"LOS_ANGELES","s2_cell":"9278197345927823360","waymo_ro_miles":15852.008908775775,"incremental_miles":14694.216,"vintage_end":"202509","exposure_phase":"deployment"},"geometry":{"type":"Polygon","coordinates":[[[-118.29943499572406,34.09499960903254],[-118.29943499572406,34.084760308323716],[-118.28774302499957,34.087681593381944],[-118.28774302499957,34.0979213121147],[-118.29943499572406,34.09499960903254]]]}},{"type":"Feature","properties":{"state":"","county":"LOS_ANGELES","s2_cell":"9278197380287561728","waymo_ro_miles":55827.704121086215,"incremental_miles":29699.237,"vintage_end":"202509","exposure_phase":"deployment"},"geometry":{"type":"Polygon","coordinates":[[[-118.29943499572406,34.084760308323716],[-118.29943499572406,34.07451990598098],[-118.28774302499957,34.077440772597036],[-118.28774302499957,34.087681593381944],[-118.29943499572406,34.084760308323716]]]}},{"type":"Feature","properties":{"state":"","county":"LOS_ANGELES","s2_cell":"9278197414647300096","waymo_ro_miles":86791.3483704036,"incremental_miles":34881.62,"vintage_end":"202509","exposure_phase":"deployment"},"geometry":{"type":"Polygon","coordinates":[[[-118.29943499572406,34.07451990598098],[-118.29943499572406,34.06427840275792],[-118.28774302499957,34.06719885051353],[-118.28774302499957,34.077440772597036],[-118.29943499572406,34.07451990598098]]]}},{"type":"Feature","properties":{"state":"","county":"LOS_ANGELES","s2_cell":"9278197449007038464","waymo_ro_miles":85602.77102782947,"incremental_miles":39693.716,"vintage_end":"202509","exposure_phase":"deployment"},"geometry":{"type":"Polygon","coordinates":[[[-118.28774302499957,34.077440772597036],[-118.28774302499957,34.06719885051353],[-118.2760502514817,34.070118190295226],[-118.2760502514817,34.080360530973884],[-118.28774302499957,34.077440772597036]]]}},{"type":"Feature","properties":{"state":"","county":"LOS_ANGELES","s2_cell":"9278197483366776832","waymo_ro_miles":85979.4810133385,"incremental_miles":32384.419,"vintage_end":"202509","exposure_phase":"deployment"},"geometry":{"type":"Polygon","coordinates":[[[-118.28774302499957,34.06719885051353],[-118.28774302499957,34.05695582788558],[-118.2760502514817,34.05987474865394],[-118.2760502514817,34.070118190295226],[-118.28774302499957,34.06719885051353]]]}},{"type":"Feature","properties":{"state":"","county":"LOS_ANGELES","s2_cell":"9278197517726515200","waymo_ro_miles":107629.79185212693,"incremental_miles":38675.378,"vintage_end":"202509","exposure_phase":"deployment"},"geometry":{"type":"Polygon","coordinates":[[[-118.29943499572406,34.06427840275792],[-118.29943499572406,34.054035799408744],[-118.28774302499957,34.05695582788558],[-118.28774302499957,34.06719885051353],[-118.29943499572406,34.06427840275792]]]}},{"type":"Feature","properties":{"state":"","county":"LOS_ANGELES","s2_cell":"9278197552086253568","waymo_ro_miles":133665.43979635948,"incremental_miles":44281.281,"vintage_end":"202509","exposure_phase":"deployment"},"geometry":{"type":"Polygon","coordinates":[[[-118.29943499572406,34.054035799408744],[-118.29943499572406,34.04379209668821],[-118.28774302499957,34.046711705467914],[-118.28774302499957,34.05695582788558],[-118.29943499572406,34.054035799408744]]]}},{"type":"Feature","properties":{"state":"","county":"LOS_ANGELES","s2_cell":"9278197586445991936","waymo_ro_miles":86060.03201317856,"incremental_miles":26557.015,"vintage_end":"202509","exposure_phase":"deployment"},"geometry":{"type":"Polygon","coordinates":[[[-118.29943499572406,34.04379209668821],[-118.29943499572406,34.03354729535165],[-118.28774302499957,34.03646648401584],[-118.28774302499957,34.046711705467914],[-118.29943499572406,34.04379209668821]]]}},{"type":"Feature","properties":{"state":"","county":"LOS_ANGELES","s2_cell":"9278197620805730304","waymo_ro_miles":132340.32012303415,"incremental_miles":42919.571,"vintage_end":"202509","exposure_phase":"deployment"},"geometry":{"type":"Polygon","coordinates":[[[-118.28774302499957,34.046711705467914],[-118.28774302499957,34.03646648401584],[-118.2760502514817,34.03938456550279],[-118.2760502514817,34.04963020680471],[-118.28774302499957,34.046711705467914]]]}},{"type":"Feature","properties":{"state":"","county":"LOS_ANGELES","s2_cell":"9278197655165468672","waymo_ro_miles":134097.86569814428,"incremental_miles":44748.848,"vintage_end":"202509","exposure_phase":"deployment"},"geometry":{"type":"Polygon","coordinates":[[[-118.28774302499957,34.05695582788558],[-118.28774302499957,34.046711705467914],[-118.2760502514817,34.04963020680471],[-118.2760502514817,34.05987474865394],[-118.28774302499957,34.05695582788558]]]}},{"type":"Feature","properties":{"state":"","county":"LOS_ANGELES","s2_cell":"9278197689525207040","waymo_ro_miles":101916.45139226774,"incremental_miles":39372.151,"vintage_end":"202509","exposure_phase":"deployment"},"geometry":{"type":"Polygon","coordinates":[[[-118.2760502514817,34.05987474865394],[-118.2760502514817,34.04963020680471],[-118.26435667646179,34.05254760021976],[-118.26435667646179,34.06279256123504],[-118.2760502514817,34.05987474865394]]]}},{"type":"Feature","properties":{"state":"","county":"LOS_ANGELES","s2_cell":"9278197723884945408","waymo_ro_miles":108663.03210846604,"incremental_miles":42154.965,"vintage_end":"202509","exposure_phase":"deployment"},"geometry":{"type":"Polygon","coordinates":[[[-118.26435667646179,34.06279256123504],[-118.26435667646179,34.05254760021976],[-118.25266230123178,34.055463885234694],[-118.25266230123178,34.06570926515059],[-118.26435667646179,34.06279256123504]]]}},{"type":"Feature","properties":{"state":"","county":"LOS_ANGELES","s2_cell":"9278197758244683776","waymo_ro_miles":189642.70677104703,"incremental_miles":69315.168,"vintage_end":"202509","exposure_phase":"deployment"},"geometry":{"type":"Polygon","coordinates":[[[-118.26435667646179,34.05254760021976],[-118.26435667646179,34.04230153933364],[-118.25266230123178,34.04521740502996],[-118.25266230123178,34.055463885234694],[-118.26435667646179,34.05254760021976]]]}},{"type":"Feature","properties":{"state":"","county":"LOS_ANGELES","s2_cell":"9278197792604422144","waymo_ro_miles":139993.08624688178,"incremental_miles":59107.458,"vintage_end":"202509","exposure_phase":"deployment"},"geometry":{"type":"Polygon","coordinates":[[[-118.2760502514817,34.04963020680471],[-118.2760502514817,34.03938456550279],[-118.26435667646179,34.04230153933364],[-118.26435667646179,34.05254760021976],[-118.2760502514817,34.04963020680471]]]}},{"type":"Feature","properties":{"state":"","county":"LOS_ANGELES","s2_cell":"9278197826964160512","waymo_ro_miles":118495.19716826585,"incremental_miles":39889.009,"vintage_end":"202509","exposure_phase":"deployment"},"geometry":{"type":"Polygon","coordinates":[[[-118.2760502514817,34.03938456550279],[-118.2760502514817,34.02913782550405],[-118.26435667646179,34.03205437933252],[-118.26435667646179,34.04230153933364],[-118.2760502514817,34.03938456550279]]]}},{"type":"Feature","properties":{"state":"","county":"LOS_ANGELES","s2_cell":"9278197861323898880","waymo_ro_miles":141667.97199271747,"incremental_miles":45297.616,"vintage_end":"202509","exposure_phase":"deployment"},"geometry":{"type":"Polygon","coordinates":[[[-118.26435667646179,34.04230153933364],[-118.26435667646179,34.03205437933252],[-118.25266230123178,34.03496982529217],[-118.25266230123178,34.04521740502996],[-118.26435667646179,34.04230153933364]]]}},{"type":"Feature","properties":{"state":"","county":"LOS_ANGELES","s2_cell":"9278197895683637248","waymo_ro_miles":57418.59568038644,"incremental_miles":13046.111,"vintage_end":"202509","exposure_phase":"deployment"},"geometry":{"type":"Polygon","coordinates":[[[-118.26435667646179,34.03205437933252],[-118.26435667646179,34.02180612097279],[-118.25266230123178,34.02472114677768],[-118.25266230123178,34.03496982529217],[-118.26435667646179,34.03205437933252]]]}},{"type":"Feature","properties":{"state":"","county":"LOS_ANGELES","s2_cell":"9278197930043375616","waymo_ro_miles":97462.24379113458,"incremental_miles":28461.542,"vintage_end":"202509","exposure_phase":"deployment"},"geometry":{"type":"Polygon","coordinates":[[[-118.2760502514817,34.02913782550405],[-118.2760502514817,34.01888998756491],[-118.26435667646179,34.02180612097279],[-118.26435667646179,34.03205437933252],[-118.2760502514817,34.02913782550405]]]}},{"type":"Feature","properties":{"state":"","county":"LOS_ANGELES","s2_cell":"9278197964403113984","waymo_ro_miles":65405.04397005506,"incremental_miles":19040.581,"vintage_end":"202509","exposure_phase":"deployment"},"geometry":{"type":"Polygon","coordinates":[[[-118.28774302499957,34.02622016428525],[-118.28774302499957,34.01597274703258],[-118.2760502514817,34.01888998756491],[-118.2760502514817,34.02913782550405],[-118.28774302499957,34.02622016428525]]]}},{"type":"Feature","properties":{"state":"","county":"LOS_ANGELES","s2_cell":"9278197998762852352","waymo_ro_miles":131028.71324117035,"incremental_miles":30986.312,"vintage_end":"202509","exposure_phase":"deployment"},"geometry":{"type":"Polygon","coordinates":[[[-118.28774302499957,34.03646648401584],[-118.28774302499957,34.02622016428525],[-118.2760502514817,34.02913782550405],[-118.2760502514817,34.03938456550279],[-118.28774302499957,34.03646648401584]]]}},{"type":"Feature","properties":{"state":"","county":"LOS_ANGELES","s2_cell":"9278198033122590720","waymo_ro_miles":111220.91186029572,"incremental_miles":29783.512,"vintage_end":"202509","exposure_phase":"deployment"},"geometry":{"type":"Polygon","coordinates":[[[-118.29943499572406,34.03354729535165],[-118.29943499572406,34.023301396155],[-118.28774302499957,34.02622016428525],[-118.28774302499957,34.03646648401584],[-118.29943499572406,34.03354729535165]]]}},{"type":"Feature","properties":{"state":"","county":"LOS_ANGELES","s2_cell":"9278198067482329088","waymo_ro_miles":42925.28764948864,"incremental_miles":12988.622,"vintage_end":"202509","exposure_phase":"deployment"},"geometry":{"type":"Polygon","coordinates":[[[-118.29943499572406,34.023301396155],[-118.29943499572408,34.01305439985473],[-118.28774302499957,34.01597274703258],[-118.28774302499957,34.02622016428525],[-118.29943499572406,34.023301396155]]]}},{"type":"Feature","properties":{"state":"","county":"LOS_ANGELES","s2_cell":"9278198101842067456","waymo_ro_miles":14860.932753388408,"incremental_miles":12329.247,"vintage_end":"202509","exposure_phase":"deployment"},"geometry":{"type":"Polygon","coordinates":[[[-118.29943499572408,34.01305439985473],[-118.29943499572406,34.00280630720794],[-118.28774302499957,34.005724233014874],[-118.28774302499957,34.01597274703258],[-118.29943499572408,34.01305439985473]]]}},{"type":"Feature","properties":{"state":"","county":"LOS_ANGELES","s2_cell":"9278198136201805824","waymo_ro_miles":24156.25963220289,"incremental_miles":15032.867,"vintage_end":"202509","exposure_phase":"deployment"},"geometry":{"type":"Polygon","coordinates":[[[-118.28774302499957,34.01597274703258],[-118.28774302499957,34.005724233014874],[-118.2760502514817,34.008641052442364],[-118.2760502514817,34.01888998756491],[-118.28774302499957,34.01597274703258]]]}},{"type":"Feature","properties":{"state":"","county":"LOS_ANGELES","s2_cell":"9278198170561544192","waymo_ro_miles":2399.0384104174173,"incremental_miles":2299.844,"vintage_end":"202509","exposure_phase":"deployment"},"geometry":{"type":"Polygon","coordinates":[[[-118.28774302499957,34.005724233014874],[-118.28774302499957,33.99547462298976],[-118.2760502514817,33.998391020894],[-118.2760502514817,34.008641052442364],[-118.28774302499957,34.005724233014874]]]}},{"type":"Feature","properties":{"state":"","county":"LOS_ANGELES","s2_cell":"9278198204921282560","waymo_ro_miles":939.6611541465039,"incremental_miles":909.008,"vintage_end":"202509","exposure_phase":"deployment"},"geometry":{"type":"Polygon","coordinates":[[[-118.29943499572406,34.00280630720794],[-118.29943499572406,33.992557118972265],[-118.28774302499957,33.99547462298976],[-118.28774302499957,34.005724233014874],[-118.29943499572406,34.00280630720794]]]}},{"type":"Feature","properties":{"state":"","county":"LOS_ANGELES","s2_cell":"9278198548518666240","waymo_ro_miles":36.41186521845528,"incremental_miles":18.718,"vintage_end":"202509","exposure_phase":"deployment"},"geometry":{"type":"Polygon","coordinates":[[[-118.2760502514817,34.008641052442364],[-118.2760502514817,33.998391020894],[-118.26435667646179,34.001306312205905],[-118.26435667646179,34.011556765011406],[-118.2760502514817,34.008641052442364]]]}},{"type":"Feature","properties":{"state":"","county":"LOS_ANGELES","s2_cell":"9278198582878404608","waymo_ro_miles":30202.087815651266,"incremental_miles":8998.921,"vintage_end":"202509","exposure_phase":"deployment"},"geometry":{"type":"Polygon","coordinates":[[[-118.2760502514817,34.01888998756491],[-118.2760502514817,34.008641052442364],[-118.26435667646179,34.011556765011406],[-118.26435667646179,34.02180612097279],[-118.2760502514817,34.01888998756491]]]}},{"type":"Feature","properties":{"state":"","county":"LOS_ANGELES","s2_cell":"9278198617238142976","waymo_ro_miles":5388.112751482174,"incremental_miles":1424.291,"vintage_end":"202509","exposure_phase":"deployment"},"geometry":{"type":"Polygon","coordinates":[[[-118.26435667646179,34.02180612097279],[-118.26435667646179,34.011556765011406],[-118.25266230123178,34.014471370243406],[-118.25266230123178,34.02472114677768],[-118.26435667646179,34.02180612097279]]]}},{"type":"Feature","properties":{"state":"","county":"LOS_ANGELES","s2_cell":"9278198651597881344","waymo_ro_miles":8934.39309305761,"incremental_miles":3138.646,"vintage_end":"202509","exposure_phase":"deployment"},"geometry":{"type":"Polygon","coordinates":[[[-118.25266230123178,34.02472114677768],[-118.25266230123178,34.014471370243406],[-118.24096712708423,34.017384867660255],[-118.24096712708423,34.02763506450149],[-118.25266230123178,34.02472114677768]]]}},{"type":"Feature","properties":{"state":"","county":"LOS_ANGELES","s2_cell":"9278198720317358080","waymo_ro_miles":0.26036268929757694,"incremental_miles":0.172,"vintage_end":"202509","exposure_phase":"deployment"},"geometry":{"type":"Polygon","coordinates":[[[-118.24096712708423,34.017384867660255],[-118.24096712708423,34.00713357313872],[-118.22927115531233,34.01004554180368],[-118.22927115531233,34.02029725678423],[-118.24096712708423,34.017384867660255]]]}},{"type":"Feature","properties":{"state":"","county":"LOS_ANGELES","s2_cell":"9278198754677096448","waymo_ro_miles":5953.1321048838745,"incremental_miles":2595.169,"vintage_end":"202509","exposure_phase":"deployment"},"geometry":{"type":"Polygon","coordinates":[[[-118.24096712708423,34.02763506450149],[-118.24096712708423,34.017384867660255],[-118.22927115531233,34.02029725678423],[-118.22927115531233,34.03054787366657],[-118.24096712708423,34.02763506450149]]]}},{"type":"Feature","properties":{"state":"","county":"LOS_ANGELES","s2_cell":"9278198789036834816","waymo_ro_miles":234.54885259848473,"incremental_miles":92.36,"vintage_end":"202509","exposure_phase":"deployment"},"geometry":{"type":"Polygon","coordinates":[[[-118.22927115531233,34.03054787366657],[-118.22927115531233,34.02029725678423],[-118.21757438720986,34.02320853713807],[-118.21757438720986,34.0334595737957],[-118.22927115531233,34.03054787366657]]]}},{"type":"Feature","properties":{"state":"","county":"PHOENIX","s2_cell":"9739878636298698752","waymo_ro_miles":2207.8259543682357,"incremental_miles":595.101,"vintage_end":"202509","exposure_phase":"deployment"},"geometry":{"type":"Polygon","coordinates":[[[-111.86878249373518,33.23629094022619],[-111.86878249373518,33.22559878043331],[-111.85685855297612,33.227791798472666],[-111.85685855297612,33.23848431480166],[-111.86878249373518,33.23629094022619]]]}},{"type":"Feature","properties":{"state":"","county":"PHOENIX","s2_cell":"9739878670658437120","waymo_ro_miles":8883.642497492547,"incremental_miles":2281.486,"vintage_end":"202509","exposure_phase":"deployment"},"geometry":{"type":"Polygon","coordinates":[[[-111.86878249373518,33.24698196347811],[-111.86878249373518,33.23629094022619],[-111.85685855297612,33.23848431480166],[-111.85685855297612,33.24917569424628],[-111.86878249373518,33.24698196347811]]]}},{"type":"Feature","properties":{"state":"","county":"PHOENIX","s2_cell":"9739878705018175488","waymo_ro_miles":3408.6308908676683,"incremental_miles":806.589,"vintage_end":"202509","exposure_phase":"deployment"},"geometry":{"type":"Polygon","coordinates":[[[-111.88070640336356,33.244786990458216],[-111.88070640336356,33.23409632366344],[-111.86878249373518,33.23629094022619],[-111.86878249373518,33.24698196347811],[-111.88070640336356,33.244786990458216]]]}},{"type":"Feature","properties":{"state":"","county":"PHOENIX","s2_cell":"9739878739377913856","waymo_ro_miles":1.7985016384154586,"incremental_miles":0.57,"vintage_end":"202509","exposure_phase":"deployment"},"geometry":{"type":"Polygon","coordinates":[[[-111.88070640336356,33.23409632366344],[-111.88070640336356,33.22340452067127],[-111.86878249373518,33.22559878043331],[-111.86878249373518,33.23629094022619],[-111.88070640336356,33.23409632366344]]]}},{"type":"Feature","properties":{"state":"","county":"PHOENIX","s2_cell":"9739878911176605696","waymo_ro_miles":7753.623480981022,"incremental_miles":1830.058,"vintage_end":"202509","exposure_phase":"deployment"},"geometry":{"type":"Polygon","coordinates":[[[-111.89263028034495,33.25327994874738],[-111.89263028034495,33.2425907753975],[-111.88070640336356,33.244786990458216],[-111.88070640336356,33.25547652018602],[-111.89263028034495,33.25327994874738]]]}},{"type":"Feature","properties":{"state":"","county":"PHOENIX","s2_cell":"9739879014255820800","waymo_ro_miles":15899.840517393093,"incremental_miles":2726.698,"vintage_end":"202509","exposure_phase":"deployment"},"geometry":{"type":"Polygon","coordinates":[[[-111.89263028034495,33.26396798450504],[-111.89263028034495,33.25327994874738],[-111.88070640336356,33.25547652018602],[-111.88070640336356,33.266164911977896],[-111.89263028034495,33.26396798450504]]]}},{"type":"Feature","properties":{"state":"","county":"PHOENIX","s2_cell":"9739879048615559168","waymo_ro_miles":14844.125652865614,"incremental_miles":2168.426,"vintage_end":"202509","exposure_phase":"deployment"},"geometry":{"type":"Polygon","coordinates":[[[-111.88070640336356,33.266164911977896],[-111.88070640336356,33.25547652018602],[-111.86878249373518,33.25767184931951],[-111.86878249373518,33.26836059688144],[-111.88070640336356,33.266164911977896]]]}},{"type":"Feature","properties":{"state":"","county":"PHOENIX","s2_cell":"9739879082975297536","waymo_ro_miles":4694.478626165011,"incremental_miles":966.471,"vintage_end":"202509","exposure_phase":"deployment"},"geometry":{"type":"Polygon","coordinates":[[[-111.88070640336356,33.25547652018602],[-111.88070640336356,33.244786990458216],[-111.86878249373518,33.24698196347811],[-111.86878249373518,33.25767184931951],[-111.88070640336356,33.25547652018602]]]}},{"type":"Feature","properties":{"state":"","county":"PHOENIX","s2_cell":"9739879117335035904","waymo_ro_miles":19680.593845181585,"incremental_miles":3746.731,"vintage_end":"202509","exposure_phase":"deployment"},"geometry":{"type":"Polygon","coordinates":[[[-111.86878249373518,33.25767184931951],[-111.86878249373518,33.24698196347811],[-111.85685855297612,33.24917569424628],[-111.85685855297612,33.25986593593701],[-111.86878249373518,33.25767184931951]]]}},{"type":"Feature","properties":{"state":"","county":"PHOENIX","s2_cell":"9739879151694774272","waymo_ro_miles":38378.30561516437,"incremental_miles":6151.149,"vintage_end":"202509","exposure_phase":"deployment"},"geometry":{"type":"Polygon","coordinates":[[[-111.86878249373518,33.26836059688144],[-111.86878249373518,33.25767184931951],[-111.85685855297612,33.25986593593701],[-111.85685855297612,33.27055503900491],[-111.86878249373518,33.26836059688144]]]}},{"type":"Feature","properties":{"state":"","county":"PHOENIX","s2_cell":"9739879186054512640","waymo_ro_miles":47383.19101292695,"incremental_miles":8101.348,"vintage_end":"202509","exposure_phase":"deployment"},"geometry":{"type":"Polygon","coordinates":[[[-111.86878249373518,33.27904820529565],[-111.86878249373518,33.26836059688144],[-111.85685855297612,33.27055503900491],[-111.85685855297612,33.281243002581746],[-111.86878249373518,33.27904820529565]]]}},{"type":"Feature","properties":{"state":"","county":"PHOENIX","s2_cell":"9739879220414251008","waymo_ro_miles":35420.55745825198,"incremental_miles":6037.259,"vintage_end":"202509","exposure_phase":"deployment"},"geometry":{"type":"Polygon","coordinates":[[[-111.88070640336356,33.276852164965554],[-111.88070640336356,33.266164911977896],[-111.86878249373518,33.26836059688144],[-111.86878249373518,33.27904820529565],[-111.88070640336356,33.276852164965554]]]}},{"type":"Feature","properties":{"state":"","county":"PHOENIX","s2_cell":"9739879254773989376","waymo_ro_miles":39266.28432948412,"incremental_miles":6797.2,"vintage_end":"202509","exposure_phase":"deployment"},"geometry":{"type":"Polygon","coordinates":[[[-111.88070640336356,33.28753827828136],[-111.88070640336356,33.276852164965554],[-111.86878249373518,33.27904820529565],[-111.86878249373518,33.289734673694504],[-111.88070640336356,33.28753827828136]]]}},{"type":"Feature","properties":{"state":"","county":"PHOENIX","s2_cell":"9739879289133727744","waymo_ro_miles":48073.63232877448,"incremental_miles":8577.648,"vintage_end":"202509","exposure_phase":"deployment"},"geometry":{"type":"Polygon","coordinates":[[[-111.86878249373518,33.289734673694504],[-111.86878249373518,33.27904820529565],[-111.85685855297612,33.281243002581746],[-111.85685855297612,33.291929825799905],[-111.86878249373518,33.289734673694504]]]}},{"type":"Feature","properties":{"state":"","county":"PHOENIX","s2_cell":"9739879323493466112","waymo_ro_miles":81392.6236672147,"incremental_miles":13686.058,"vintage_end":"202509","exposure_phase":"deployment"},"geometry":{"type":"Polygon","coordinates":[[[-111.86878249373518,33.30042000121104],[-111.86878249373518,33.289734673694504],[-111.85685855297612,33.291929825799905],[-111.85685855297612,33.302615507792446],[-111.86878249373518,33.30042000121104]]]}},{"type":"Feature","properties":{"state":"","county":"PHOENIX","s2_cell":"9739879357853204480","waymo_ro_miles":93716.99511361464,"incremental_miles":14419.699,"vintage_end":"202509","exposure_phase":"deployment"},"geometry":{"type":"Polygon","coordinates":[[[-111.86878249373518,33.311104186978945],[-111.86878249373518,33.30042000121104],[-111.85685855297612,33.302615507792446],[-111.85685855297612,33.313300047693076],[-111.86878249373518,33.311104186978945]]]}},{"type":"Feature","properties":{"state":"","county":"PHOENIX","s2_cell":"9739879392212942848","waymo_ro_miles":119029.0338095426,"incremental_miles":18694.94,"vintage_end":"202509","exposure_phase":"deployment"},"geometry":{"type":"Polygon","coordinates":[[[-111.88070640336356,33.30890708243008],[-111.88070640336356,33.29822325105831],[-111.86878249373518,33.30042000121104],[-111.86878249373518,33.311104186978945],[-111.88070640336356,33.30890708243008]]]}},{"type":"Feature","properties":{"state":"","county":"PHOENIX","s2_cell":"9739879426572681216","waymo_ro_miles":72130.49679747317,"incremental_miles":12244.495,"vintage_end":"202509","exposure_phase":"deployment"},"geometry":{"type":"Polygon","coordinates":[[[-111.88070640336356,33.29822325105831],[-111.88070640336356,33.28753827828136],[-111.86878249373518,33.289734673694504],[-111.86878249373518,33.30042000121104],[-111.88070640336356,33.29822325105831]]]}},{"type":"Feature","properties":{"state":"","county":"PHOENIX","s2_cell":"9739879460932419584","waymo_ro_miles":18724.693241504112,"incremental_miles":2804.188,"vintage_end":"202509","exposure_phase":"deployment"},"geometry":{"type":"Polygon","coordinates":[[[-111.89263028034495,33.29602525754481],[-111.89263028034495,33.28534063977109],[-111.88070640336356,33.28753827828136],[-111.88070640336356,33.29822325105831],[-111.89263028034495,33.29602525754481]]]}},{"type":"Feature","properties":{"state":"","county":"PHOENIX","s2_cell":"9739879495292157952","waymo_ro_miles":73723.39352383216,"incremental_miles":10211.196,"vintage_end":"202509","exposure_phase":"deployment"},"geometry":{"type":"Polygon","coordinates":[[[-111.89263028034495,33.30670873425698],[-111.89263028034495,33.29602525754481],[-111.88070640336356,33.29822325105831],[-111.88070640336356,33.30890708243008],[-111.89263028034495,33.30670873425698]]]}},{"type":"Feature","properties":{"state":"","county":"PHOENIX","s2_cell":"9739879529651896320","waymo_ro_miles":97981.013421372,"incremental_miles":13399.009,"vintage_end":"202509","exposure_phase":"deployment"},"geometry":{"type":"Polygon","coordinates":[[[-111.90455412316315,33.3045091426707],[-111.90455412316315,33.29382602088169],[-111.89263028034495,33.29602525754481],[-111.89263028034495,33.30670873425698],[-111.90455412316315,33.3045091426707]]]}},{"type":"Feature","properties":{"state":"","county":"PHOENIX","s2_cell":"9739879564011634688","waymo_ro_miles":8952.316315787957,"incremental_miles":1310.058,"vintage_end":"202509","exposure_phase":"deployment"},"geometry":{"type":"Polygon","coordinates":[[[-111.90455412316315,33.29382602088169],[-111.90455412316315,33.28314175837491],[-111.89263028034495,33.28534063977109],[-111.89263028034495,33.29602525754481],[-111.90455412316315,33.29382602088169]]]}},{"type":"Feature","properties":{"state":"","county":"PHOENIX","s2_cell":"9739879632731111424","waymo_ro_miles":26930.575762107725,"incremental_miles":3638.51,"vintage_end":"202509","exposure_phase":"deployment"},"geometry":{"type":"Polygon","coordinates":[[[-111.89263028034495,33.28534063977109],[-111.89263028034495,33.274654881802164],[-111.88070640336356,33.276852164965554],[-111.88070640336356,33.28753827828136],[-111.89263028034495,33.28534063977109]]]}},{"type":"Feature","properties":{"state":"","county":"PHOENIX","s2_cell":"9739879667090849792","waymo_ro_miles":12988.740624819771,"incremental_miles":2168.379,"vintage_end":"202509","exposure_phase":"deployment"},"geometry":{"type":"Polygon","coordinates":[[[-111.89263028034495,33.274654881802164],[-111.89263028034495,33.26396798450504],[-111.88070640336356,33.266164911977896],[-111.88070640336356,33.276852164965554],[-111.89263028034495,33.274654881802164]]]}},{"type":"Feature","properties":{"state":"","county":"PHOENIX","s2_cell":"9739879873249280000","waymo_ro_miles":1261.8277446317156,"incremental_miles":259.455,"vintage_end":"202509","exposure_phase":"deployment"},"geometry":{"type":"Polygon","coordinates":[[[-111.91647793030225,33.29162554128064],[-111.91647793030225,33.280941634304604],[-111.90455412316315,33.28314175837491],[-111.90455412316315,33.29382602088169],[-111.91647793030225,33.29162554128064]]]}},{"type":"Feature","properties":{"state":"","county":"PHOENIX","s2_cell":"9739879907609018368","waymo_ro_miles":17930.658343990002,"incremental_miles":2004.929,"vintage_end":"202509","exposure_phase":"deployment"},"geometry":{"type":"Polygon","coordinates":[[[-111.91647793030225,33.302308307882875],[-111.91647793030225,33.29162554128064],[-111.90455412316315,33.29382602088169],[-111.90455412316315,33.3045091426707],[-111.91647793030225,33.302308307882875]]]}},{"type":"Feature","properties":{"state":"","county":"PHOENIX","s2_cell":"9739879941968756736","waymo_ro_miles":4637.007671091132,"incremental_miles":569.472,"vintage_end":"202509","exposure_phase":"deployment"},"geometry":{"type":"Polygon","coordinates":[[[-111.92840170024643,33.30010623010573],[-111.92840170024643,33.289423818953956],[-111.91647793030225,33.29162554128064],[-111.91647793030225,33.302308307882875],[-111.92840170024643,33.30010623010573]]]}},{"type":"Feature","properties":{"state":"","county":"PHOENIX","s2_cell":"9739880045047971840","waymo_ro_miles":3731.3521295621476,"incremental_miles":642.663,"vintage_end":"202509","exposure_phase":"deployment"},"geometry":{"type":"Polygon","coordinates":[[[-111.94032543148008,33.29790290955207],[-111.94032543148008,33.287220854114516],[-111.92840170024643,33.289423818953956],[-111.92840170024643,33.30010623010573],[-111.94032543148008,33.29790290955207]]]}},{"type":"Feature","properties":{"state":"","county":"PHOENIX","s2_cell":"9739880079407710208","waymo_ro_miles":2218.1366243573134,"incremental_miles":504.065,"vintage_end":"202509","exposure_phase":"deployment"},"geometry":{"type":"Polygon","coordinates":[[[-111.9522491224878,33.295698346435245],[-111.9522491224878,33.285016646975755],[-111.94032543148008,33.287220854114516],[-111.94032543148008,33.29790290955207],[-111.9522491224878,33.295698346435245]]]}},{"type":"Feature","properties":{"state":"","county":"PHOENIX","s2_cell":"9739883034345209856","waymo_ro_miles":14295.45660654296,"incremental_miles":2819.835,"vintage_end":"202509","exposure_phase":"deployment"},"geometry":{"type":"Polygon","coordinates":[[[-111.96417277175436,33.304172744324724],[-111.96417277175436,33.29349254096923],[-111.9522491224878,33.295698346435245],[-111.9522491224878,33.30637890568807],[-111.96417277175436,33.304172744324724]]]}},{"type":"Feature","properties":{"state":"","county":"PHOENIX","s2_cell":"9739883068704948224","waymo_ro_miles":1519.9935209713165,"incremental_miles":287.561,"vintage_end":"202509","exposure_phase":"deployment"},"geometry":{"type":"Polygon","coordinates":[[[-111.9760963777647,33.3019653405629],[-111.9760963777647,33.29128549336854],[-111.96417277175436,33.29349254096923],[-111.96417277175436,33.304172744324724],[-111.9760963777647,33.3019653405629]]]}},{"type":"Feature","properties":{"state":"","county":"PHOENIX","s2_cell":"9739883103064686592","waymo_ro_miles":7962.914884358568,"incremental_miles":1831.164,"vintage_end":"202509","exposure_phase":"deployment"},"geometry":{"type":"Polygon","coordinates":[[[-111.9760963777647,33.31264404737481],[-111.9760963777647,33.3019653405629],[-111.96417277175436,33.304172744324724],[-111.96417277175436,33.31485180695299],[-111.9760963777647,33.31264404737481]]]}},{"type":"Feature","properties":{"state":"","county":"PHOENIX","s2_cell":"9739883137424424960","waymo_ro_miles":23709.272479236733,"incremental_miles":4860.517,"vintage_end":"202509","exposure_phase":"deployment"},"geometry":{"type":"Polygon","coordinates":[[[-111.96417277175436,33.31485180695299],[-111.96417277175436,33.304172744324724],[-111.9522491224878,33.30637890568807],[-111.9522491224878,33.31705832386905],[-111.96417277175436,33.31485180695299]]]}},{"type":"Feature","properties":{"state":"","county":"PHOENIX","s2_cell":"9739883171784163328","waymo_ro_miles":50338.72953789803,"incremental_miles":10562.937,"vintage_end":"202509","exposure_phase":"deployment"},"geometry":{"type":"Polygon","coordinates":[[[-111.96417277175436,33.3255297279895],[-111.96417277175436,33.31485180695299],[-111.9522491224878,33.31705832386905],[-111.9522491224878,33.327736600113695],[-111.96417277175436,33.3255297279895]]]}},{"type":"Feature","properties":{"state":"","county":"PHOENIX","s2_cell":"9739883206143901696","waymo_ro_miles":64798.919741769634,"incremental_miles":12999.314,"vintage_end":"202509","exposure_phase":"deployment"},"geometry":{"type":"Polygon","coordinates":[[[-111.96417277175436,33.33620650657039],[-111.96417277175436,33.3255297279895],[-111.9522491224878,33.327736600113695],[-111.9522491224878,33.33841373355815],[-111.96417277175436,33.33620650657039]]]}},{"type":"Feature","properties":{"state":"","county":"PHOENIX","s2_cell":"9739883240503640064","waymo_ro_miles":3974.1301264250396,"incremental_miles":1108.919,"vintage_end":"202509","exposure_phase":"deployment"},"geometry":{"type":"Polygon","coordinates":[[[-111.9760963777647,33.33399803639377],[-111.9760963777647,33.323321612939736],[-111.96417277175436,33.3255297279895],[-111.96417277175436,33.33620650657039],[-111.9760963777647,33.33399803639377]]]}},{"type":"Feature","properties":{"state":"","county":"PHOENIX","s2_cell":"9739883274863378432","waymo_ro_miles":16144.531517555326,"incremental_miles":4352.541,"vintage_end":"202509","exposure_phase":"deployment"},"geometry":{"type":"Polygon","coordinates":[[[-111.9760963777647,33.323321612939736],[-111.9760963777647,33.31264404737481],[-111.96417277175436,33.31485180695299],[-111.96417277175436,33.3255297279895],[-111.9760963777647,33.323321612939736]]]}},{"type":"Feature","properties":{"state":"","county":"PHOENIX","s2_cell":"9739883309223116800","waymo_ro_miles":4074.951651028181,"incremental_miles":1336.852,"vintage_end":"202509","exposure_phase":"deployment"},"geometry":{"type":"Polygon","coordinates":[[[-111.98801993900399,33.3211122551793],[-111.98801993900399,33.31043504534951],[-111.9760963777647,33.31264404737481],[-111.9760963777647,33.323321612939736],[-111.98801993900399,33.3211122551793]]]}},{"type":"Feature","properties":{"state":"","county":"PHOENIX","s2_cell":"9739883343582855168","waymo_ro_miles":6.404647834418873,"incremental_miles":1.687,"vintage_end":"202509","exposure_phase":"deployment"},"geometry":{"type":"Polygon","coordinates":[[[-111.98801993900399,33.331788323243124],[-111.98801993900399,33.3211122551793],[-111.9760963777647,33.323321612939736],[-111.9760963777647,33.33399803639377],[-111.98801993900399,33.331788323243124]]]}},{"type":"Feature","properties":{"state":"","county":"PHOENIX","s2_cell":"9739883377942593536","waymo_ro_miles":1.5129843951036008,"incremental_miles":0.487,"vintage_end":"202509","exposure_phase":"deployment"},"geometry":{"type":"Polygon","coordinates":[[[-111.99994345395756,33.32957736733385],[-111.99994345395756,33.31890165492367],[-111.98801993900399,33.3211122551793],[-111.98801993900399,33.331788323243124],[-111.99994345395756,33.32957736733385]]]}},{"type":"Feature","properties":{"state":"","county":"PHOENIX","s2_cell":"9739883412302331904","waymo_ro_miles":0.9212829281690675,"incremental_miles":0.278,"vintage_end":"202509","exposure_phase":"deployment"},"geometry":{"type":"Polygon","coordinates":[[[-111.99994345395756,33.31890165492367],[-111.99994345395756,33.3082248010926],[-111.98801993900399,33.31043504534951],[-111.98801993900399,33.3211122551793],[-111.99994345395756,33.31890165492367]]]}},{"type":"Feature","properties":{"state":"","county":"PHOENIX","s2_cell":"9739884958490558464","waymo_ro_miles":6176.2824821416725,"incremental_miles":743.0,"vintage_end":"202509","exposure_phase":"deployment"},"geometry":{"type":"Polygon","coordinates":[[[-111.9760963777647,33.35534745351689],[-111.9760963777647,33.34467331687368],[-111.96417277175436,33.346882141832445],[-111.96417277175436,33.3575566329131],[-111.9760963777647,33.35534745351689]]]}},{"type":"Feature","properties":{"state":"","county":"PHOENIX","s2_cell":"9739884992850296832","waymo_ro_miles":9602.722334764081,"incremental_miles":2255.956,"vintage_end":"202509","exposure_phase":"deployment"},"geometry":{"type":"Polygon","coordinates":[[[-111.9760963777647,33.34467331687368],[-111.9760963777647,33.33399803639377],[-111.96417277175436,33.33620650657039],[-111.96417277175436,33.346882141832445],[-111.9760963777647,33.34467331687368]]]}},{"type":"Feature","properties":{"state":"","county":"PHOENIX","s2_cell":"9739885027210035200","waymo_ro_miles":65770.94754029893,"incremental_miles":13377.36,"vintage_end":"202509","exposure_phase":"deployment"},"geometry":{"type":"Polygon","coordinates":[[[-111.96417277175436,33.346882141832445],[-111.96417277175436,33.33620650657039],[-111.9522491224878,33.33841373355815],[-111.9522491224878,33.34908972333923],[-111.96417277175436,33.346882141832445]]]}},{"type":"Feature","properties":{"state":"","county":"PHOENIX","s2_cell":"9739885061569773568","waymo_ro_miles":105991.27578354247,"incremental_miles":22724.861,"vintage_end":"202509","exposure_phase":"deployment"},"geometry":{"type":"Polygon","coordinates":[[[-111.96417277175436,33.3575566329131],[-111.96417277175436,33.346882141832445],[-111.9522491224878,33.34908972333923],[-111.9522491224878,33.359764568594386],[-111.96417277175436,33.3575566329131]]]}},{"type":"Feature","properties":{"state":"","county":"PHOENIX","s2_cell":"9739885095929511936","waymo_ro_miles":78556.56880700453,"incremental_miles":9703.823,"vintage_end":"202509","exposure_phase":"deployment"},"geometry":{"type":"Polygon","coordinates":[[[-111.96417277175436,33.368229978950446],[-111.96417277175436,33.3575566329131],[-111.9522491224878,33.359764568594386],[-111.9522491224878,33.370438268461726],[-111.96417277175436,33.368229978950446]]]}},{"type":"Feature","properties":{"state":"","county":"PHOENIX","s2_cell":"9739885130289250304","waymo_ro_miles":5398.167642407303,"incremental_miles":518.362,"vintage_end":"202509","exposure_phase":"deployment"},"geometry":{"type":"Polygon","coordinates":[[[-111.9760963777647,33.366020445461466],[-111.9760963777647,33.35534745351689],[-111.96417277175436,33.3575566329131],[-111.96417277175436,33.368229978950446],[-111.9760963777647,33.366020445461466]]]}},{"type":"Feature","properties":{"state":"","county":"PHOENIX","s2_cell":"9739885164648988672","waymo_ro_miles":5405.939880921277,"incremental_miles":1609.24,"vintage_end":"202509","exposure_phase":"deployment"},"geometry":{"type":"Polygon","coordinates":[[[-111.9760963777647,33.37669229184612],[-111.9760963777647,33.366020445461466],[-111.96417277175436,33.368229978950446],[-111.96417277175436,33.37890217908323],[-111.9760963777647,33.37669229184612]]]}},{"type":"Feature","properties":{"state":"","county":"PHOENIX","s2_cell":"9739885199008727040","waymo_ro_miles":177881.74728159633,"incremental_miles":31913.707,"vintage_end":"202509","exposure_phase":"deployment"},"geometry":{"type":"Polygon","coordinates":[[[-111.96417277175436,33.37890217908323],[-111.96417277175436,33.368229978950446],[-111.9522491224878,33.370438268461726],[-111.9522491224878,33.38111082208001],[-111.96417277175436,33.37890217908323]]]}},{"type":"Feature","properties":{"state":"","county":"PHOENIX","s2_cell":"9739885233368465408","waymo_ro_miles":171769.37676042112,"incremental_miles":36527.007,"vintage_end":"202509","exposure_phase":"deployment"},"geometry":{"type":"Polygon","coordinates":[[[-111.9522491224878,33.38111082208001],[-111.9522491224878,33.370438268461726],[-111.94032543148008,33.37264531378127],[-111.94032543148008,33.38331822062252],[-111.9522491224878,33.38111082208001]]]}},{"type":"Feature","properties":{"state":"","county":"PHOENIX","s2_cell":"9739885267728203776","waymo_ro_miles":123067.12436400674,"incremental_miles":29150.254,"vintage_end":"202509","exposure_phase":"deployment"},"geometry":{"type":"Polygon","coordinates":[[[-111.9522491224878,33.370438268461726],[-111.9522491224878,33.359764568594386],[-111.94032543148008,33.36197126034664],[-111.94032543148008,33.37264531378127],[-111.9522491224878,33.370438268461726]]]}},{"type":"Feature","properties":{"state":"","county":"PHOENIX","s2_cell":"9739885302087942144","waymo_ro_miles":156028.77537207966,"incremental_miles":27374.166,"vintage_end":"202509","exposure_phase":"deployment"},"geometry":{"type":"Polygon","coordinates":[[[-111.94032543148008,33.37264531378127],[-111.94032543148008,33.36197126034664],[-111.92840170024643,33.36417670795635],[-111.92840170024643,33.374851114695616],[-111.94032543148008,33.37264531378127]]]}},{"type":"Feature","properties":{"state":"","county":"PHOENIX","s2_cell":"9739885336447680512","waymo_ro_miles":183989.38986069013,"incremental_miles":27136.28,"vintage_end":"202509","exposure_phase":"deployment"},"geometry":{"type":"Polygon","coordinates":[[[-111.94032543148008,33.38331822062252],[-111.94032543148008,33.37264531378127],[-111.92840170024643,33.374851114695616],[-111.92840170024643,33.385524374497386],[-111.94032543148008,33.38331822062252]]]}},{"type":"Feature","properties":{"state":"","county":"PHOENIX","s2_cell":"9739885370807418880","waymo_ro_miles":184132.77627601443,"incremental_miles":27313.154,"vintage_end":"202509","exposure_phase":"deployment"},"geometry":{"type":"Polygon","coordinates":[[[-111.92840170024643,33.385524374497386],[-111.92840170024643,33.374851114695616],[-111.91647793030225,33.37705567099191],[-111.91647793030225,33.38772928349179],[-111.92840170024643,33.385524374497386]]]}},{"type":"Feature","properties":{"state":"","county":"PHOENIX","s2_cell":"9739885405167157248","waymo_ro_miles":223918.2868686237,"incremental_miles":31090.455,"vintage_end":"202509","exposure_phase":"deployment"},"geometry":{"type":"Polygon","coordinates":[[[-111.91647793030225,33.38772928349179],[-111.91647793030225,33.37705567099191],[-111.90455412316315,33.37925898245782],[-111.90455412316315,33.38993294739349],[-111.91647793030225,33.38772928349179]]]}},{"type":"Feature","properties":{"state":"","county":"PHOENIX","s2_cell":"9739885439526895616","waymo_ro_miles":187101.97797931603,"incremental_miles":25716.55,"vintage_end":"202509","exposure_phase":"deployment"},"geometry":{"type":"Polygon","coordinates":[[[-111.91647793030225,33.37705567099191],[-111.91647793030225,33.366380911210555],[-111.90455412316315,33.368583869896874],[-111.90455412316315,33.37925898245782],[-111.91647793030225,33.37705567099191]]]}},{"type":"Feature","properties":{"state":"","county":"PHOENIX","s2_cell":"9739885473886633984","waymo_ro_miles":19170.802245947838,"incremental_miles":2466.55,"vintage_end":"202509","exposure_phase":"deployment"},"geometry":{"type":"Polygon","coordinates":[[[-111.92840170024643,33.374851114695616],[-111.92840170024643,33.36417670795635],[-111.91647793030225,33.366380911210555],[-111.91647793030225,33.37705567099191],[-111.92840170024643,33.374851114695616]]]}},{"type":"Feature","properties":{"state":"","county":"PHOENIX","s2_cell":"9739885508246372352","waymo_ro_miles":44509.81245069784,"incremental_miles":6772.49,"vintage_end":"202509","exposure_phase":"deployment"},"geometry":{"type":"Polygon","coordinates":[[[-111.92840170024643,33.36417670795635],[-111.92840170024643,33.35350115514077],[-111.91647793030225,33.355705005008886],[-111.91647793030225,33.366380911210555],[-111.92840170024643,33.36417670795635]]]}},{"type":"Feature","properties":{"state":"","county":"PHOENIX","s2_cell":"9739885542606110720","waymo_ro_miles":170821.01979403378,"incremental_miles":23035.84,"vintage_end":"202509","exposure_phase":"deployment"},"geometry":{"type":"Polygon","coordinates":[[[-111.91647793030225,33.366380911210555],[-111.91647793030225,33.355705005008886],[-111.90455412316315,33.357907610571814],[-111.90455412316315,33.368583869896874],[-111.91647793030225,33.366380911210555]]]}},{"type":"Feature","properties":{"state":"","county":"PHOENIX","s2_cell":"9739885576965849088","waymo_ro_miles":169437.4755440361,"incremental_miles":21033.192,"vintage_end":"202509","exposure_phase":"deployment"},"geometry":{"type":"Polygon","coordinates":[[[-111.91647793030225,33.355705005008886],[-111.91647793030225,33.34502795324875],[-111.90455412316315,33.347230205344424],[-111.90455412316315,33.357907610571814],[-111.91647793030225,33.355705005008886]]]}},{"type":"Feature","properties":{"state":"","county":"PHOENIX","s2_cell":"9739885611325587456","waymo_ro_miles":52726.93047887385,"incremental_miles":9605.187,"vintage_end":"202509","exposure_phase":"deployment"},"geometry":{"type":"Polygon","coordinates":[[[-111.92840170024643,33.35350115514077],[-111.92840170024643,33.342824457110716],[-111.91647793030225,33.34502795324875],[-111.91647793030225,33.355705005008886],[-111.92840170024643,33.35350115514077]]]}},{"type":"Feature","properties":{"state":"","county":"PHOENIX","s2_cell":"9739885645685325824","waymo_ro_miles":55108.81618905183,"incremental_miles":12443.965,"vintage_end":"202509","exposure_phase":"deployment"},"geometry":{"type":"Polygon","coordinates":[[[-111.94032543148008,33.351296061179866],[-111.94032543148008,33.340619717142815],[-111.92840170024643,33.342824457110716],[-111.92840170024643,33.35350115514077],[-111.94032543148008,33.351296061179866]]]}},{"type":"Feature","properties":{"state":"","county":"PHOENIX","s2_cell":"9739885680045064192","waymo_ro_miles":90917.46476565019,"incremental_miles":19618.913,"vintage_end":"202509","exposure_phase":"deployment"},"geometry":{"type":"Polygon","coordinates":[[[-111.94032543148008,33.36197126034664],[-111.94032543148008,33.351296061179866],[-111.92840170024643,33.35350115514077],[-111.92840170024643,33.36417670795635],[-111.94032543148008,33.36197126034664]]]}},{"type":"Feature","properties":{"state":"","county":"PHOENIX","s2_cell":"9739885714404802560","waymo_ro_miles":56733.41120694788,"incremental_miles":17114.849,"vintage_end":"202509","exposure_phase":"deployment"},"geometry":{"type":"Polygon","coordinates":[[[-111.9522491224878,33.359764568594386],[-111.9522491224878,33.34908972333923],[-111.94032543148008,33.351296061179866],[-111.94032543148008,33.36197126034664],[-111.9522491224878,33.359764568594386]]]}},{"type":"Feature","properties":{"state":"","county":"PHOENIX","s2_cell":"9739885748764540928","waymo_ro_miles":5710.483884956623,"incremental_miles":1085.7,"vintage_end":"202509","exposure_phase":"deployment"},"geometry":{"type":"Polygon","coordinates":[[[-111.9522491224878,33.34908972333923],[-111.9522491224878,33.33841373355815],[-111.94032543148008,33.340619717142815],[-111.94032543148008,33.351296061179866],[-111.9522491224878,33.34908972333923]]]}},{"type":"Feature","properties":{"state":"","county":"PHOENIX","s2_cell":"9739885783124279296","waymo_ro_miles":52348.885187816064,"incremental_miles":10659.258,"vintage_end":"202509","exposure_phase":"deployment"},"geometry":{"type":"Polygon","coordinates":[[[-111.9522491224878,33.33841373355815],[-111.9522491224878,33.327736600113695],[-111.94032543148008,33.329942229098016],[-111.94032543148008,33.340619717142815],[-111.9522491224878,33.33841373355815]]]}},{"type":"Feature","properties":{"state":"","county":"PHOENIX","s2_cell":"9739885817484017664","waymo_ro_miles":57806.6971075216,"incremental_miles":11225.802,"vintage_end":"202509","exposure_phase":"deployment"},"geometry":{"type":"Polygon","coordinates":[[[-111.94032543148008,33.340619717142815],[-111.94032543148008,33.329942229098016],[-111.92840170024643,33.33214661472871],[-111.92840170024643,33.342824457110716],[-111.94032543148008,33.340619717142815]]]}},{"type":"Feature","properties":{"state":"","county":"PHOENIX","s2_cell":"9739885851843756032","waymo_ro_miles":19335.265541122688,"incremental_miles":3045.215,"vintage_end":"202509","exposure_phase":"deployment"},"geometry":{"type":"Polygon","coordinates":[[[-111.94032543148008,33.329942229098016],[-111.94032543148008,33.31926359790862],[-111.92840170024643,33.32146762885789],[-111.92840170024643,33.33214661472871],[-111.94032543148008,33.329942229098016]]]}},{"type":"Feature","properties":{"state":"","county":"PHOENIX","s2_cell":"9739885886203494400","waymo_ro_miles":46407.61150876442,"incremental_miles":10161.888,"vintage_end":"202509","exposure_phase":"deployment"},"geometry":{"type":"Polygon","coordinates":[[[-111.9522491224878,33.327736600113695],[-111.9522491224878,33.31705832386905],[-111.94032543148008,33.31926359790862],[-111.94032543148008,33.329942229098016],[-111.9522491224878,33.327736600113695]]]}},{"type":"Feature","properties":{"state":"","county":"PHOENIX","s2_cell":"9739885920563232768","waymo_ro_miles":24278.01450539432,"incremental_miles":5399.353,"vintage_end":"202509","exposure_phase":"deployment"},"geometry":{"type":"Polygon","coordinates":[[[-111.9522491224878,33.31705832386905],[-111.9522491224878,33.30637890568807],[-111.94032543148008,33.308583824438486],[-111.94032543148008,33.31926359790862],[-111.9522491224878,33.31705832386905]]]}},{"type":"Feature","properties":{"state":"","county":"PHOENIX","s2_cell":"9739885954922971136","waymo_ro_miles":34662.762918554356,"incremental_miles":6685.231,"vintage_end":"202509","exposure_phase":"deployment"},"geometry":{"type":"Polygon","coordinates":[[[-111.9522491224878,33.30637890568807],[-111.9522491224878,33.295698346435245],[-111.94032543148008,33.29790290955207],[-111.94032543148008,33.308583824438486],[-111.9522491224878,33.30637890568807]]]}},{"type":"Feature","properties":{"state":"","county":"PHOENIX","s2_cell":"9739885989282709504","waymo_ro_miles":43183.643909773244,"incremental_miles":7958.952,"vintage_end":"202509","exposure_phase":"deployment"},"geometry":{"type":"Polygon","coordinates":[[[-111.94032543148008,33.308583824438486],[-111.94032543148008,33.29790290955207],[-111.92840170024643,33.30010623010573],[-111.92840170024643,33.31078750036209],[-111.94032543148008,33.308583824438486]]]}},{"type":"Feature","properties":{"state":"","county":"PHOENIX","s2_cell":"9739886023642447872","waymo_ro_miles":29825.728131682587,"incremental_miles":5153.638,"vintage_end":"202509","exposure_phase":"deployment"},"geometry":{"type":"Polygon","coordinates":[[[-111.94032543148008,33.31926359790862],[-111.94032543148008,33.308583824438486],[-111.92840170024643,33.31078750036209],[-111.92840170024643,33.32146762885789],[-111.94032543148008,33.31926359790862]]]}},{"type":"Feature","properties":{"state":"","county":"PHOENIX","s2_cell":"9739886058002186240","waymo_ro_miles":76516.51477731326,"incremental_miles":12366.988,"vintage_end":"202509","exposure_phase":"deployment"},"geometry":{"type":"Polygon","coordinates":[[[-111.92840170024643,33.32146762885789],[-111.92840170024643,33.31078750036209],[-111.91647793030225,33.312989933245575],[-111.91647793030225,33.32367041650364],[-111.92840170024643,33.32146762885789]]]}},{"type":"Feature","properties":{"state":"","county":"PHOENIX","s2_cell":"9739886092361924608","waymo_ro_miles":51547.68873274655,"incremental_miles":8127.667,"vintage_end":"202509","exposure_phase":"deployment"},"geometry":{"type":"Polygon","coordinates":[[[-111.92840170024643,33.31078750036209],[-111.92840170024643,33.30010623010573],[-111.91647793030225,33.302308307882875],[-111.91647793030225,33.312989933245575],[-111.92840170024643,33.31078750036209]]]}},{"type":"Feature","properties":{"state":"","county":"PHOENIX","s2_cell":"9739886126721662976","waymo_ro_miles":122152.38001114993,"incremental_miles":15567.067,"vintage_end":"202509","exposure_phase":"deployment"},"geometry":{"type":"Polygon","coordinates":[[[-111.91647793030225,33.312989933245575],[-111.91647793030225,33.302308307882875],[-111.90455412316315,33.3045091426707],[-111.90455412316315,33.31519112287623],[-111.91647793030225,33.312989933245575]]]}},{"type":"Feature","properties":{"state":"","county":"PHOENIX","s2_cell":"9739886161081401344","waymo_ro_miles":142797.80718074413,"incremental_miles":17118.325,"vintage_end":"202509","exposure_phase":"deployment"},"geometry":{"type":"Polygon","coordinates":[[[-111.91647793030225,33.32367041650364],[-111.91647793030225,33.312989933245575],[-111.90455412316315,33.31519112287623],[-111.90455412316315,33.32587196063319],[-111.91647793030225,33.32367041650364]]]}},{"type":"Feature","properties":{"state":"","county":"PHOENIX","s2_cell":"9739886195441139712","waymo_ro_miles":142171.5368244799,"incremental_miles":16268.346,"vintage_end":"202509","exposure_phase":"deployment"},"geometry":{"type":"Polygon","coordinates":[[[-111.91647793030225,33.334349756792626],[-111.91647793030225,33.32367041650364],[-111.90455412316315,33.32587196063319],[-111.90455412316315,33.33655165507718],[-111.91647793030225,33.334349756792626]]]}},{"type":"Feature","properties":{"state":"","county":"PHOENIX","s2_cell":"9739886229800878080","waymo_ro_miles":28254.53005714448,"incremental_miles":6708.397,"vintage_end":"202509","exposure_phase":"deployment"},"geometry":{"type":"Polygon","coordinates":[[[-111.92840170024643,33.33214661472871],[-111.92840170024643,33.32146762885789],[-111.91647793030225,33.32367041650364],[-111.91647793030225,33.334349756792626],[-111.92840170024643,33.33214661472871]]]}},{"type":"Feature","properties":{"state":"","county":"PHOENIX","s2_cell":"9739886264160616448","waymo_ro_miles":71285.2728258756,"incremental_miles":13790.802,"vintage_end":"202509","exposure_phase":"deployment"},"geometry":{"type":"Polygon","coordinates":[[[-111.92840170024643,33.342824457110716],[-111.92840170024643,33.33214661472871],[-111.91647793030225,33.334349756792626],[-111.91647793030225,33.34502795324875],[-111.92840170024643,33.342824457110716]]]}},{"type":"Feature","properties":{"state":"","county":"PHOENIX","s2_cell":"9739886298520354816","waymo_ro_miles":119006.25781293279,"incremental_miles":11926.425,"vintage_end":"202509","exposure_phase":"deployment"},"geometry":{"type":"Polygon","coordinates":[[[-111.91647793030225,33.34502795324875],[-111.91647793030225,33.334349756792626],[-111.90455412316315,33.33655165507718],[-111.90455412316315,33.347230205344424],[-111.91647793030225,33.34502795324875]]]}},{"type":"Feature","properties":{"state":"","county":"PHOENIX","s2_cell":"9739886332880093184","waymo_ro_miles":18083.968722785517,"incremental_miles":5106.531,"vintage_end":"202509","exposure_phase":"deployment"},"geometry":{"type":"Polygon","coordinates":[[[-111.90455412316315,33.347230205344424],[-111.90455412316315,33.33655165507718],[-111.89263028034495,33.338752309370356],[-111.89263028034495,33.34943121318578],[-111.90455412316315,33.347230205344424]]]}},{"type":"Feature","properties":{"state":"","county":"PHOENIX","s2_cell":"9739886367239831552","waymo_ro_miles":42838.098440054055,"incremental_miles":7569.993,"vintage_end":"202509","exposure_phase":"deployment"},"geometry":{"type":"Polygon","coordinates":[[[-111.89263028034495,33.34943121318578],[-111.89263028034495,33.338752309370356],[-111.88070640336356,33.34095171946074],[-111.88070640336356,33.351630976561474],[-111.89263028034495,33.34943121318578]]]}},{"type":"Feature","properties":{"state":"","county":"PHOENIX","s2_cell":"9739886401599569920","waymo_ro_miles":44362.44929531417,"incremental_miles":7385.754,"vintage_end":"202509","exposure_phase":"deployment"},"geometry":{"type":"Polygon","coordinates":[[[-111.89263028034495,33.338752309370356],[-111.89263028034495,33.32807226103448],[-111.88070640336356,33.330271317496],[-111.88070640336356,33.34095171946074],[-111.89263028034495,33.338752309370356]]]}},{"type":"Feature","properties":{"state":"","county":"PHOENIX","s2_cell":"9739886435959308288","waymo_ro_miles":47273.560341227116,"incremental_miles":9224.354,"vintage_end":"202509","exposure_phase":"deployment"},"geometry":{"type":"Polygon","coordinates":[[[-111.90455412316315,33.33655165507718],[-111.90455412316315,33.32587196063319],[-111.89263028034495,33.32807226103448],[-111.89263028034495,33.338752309370356],[-111.90455412316315,33.33655165507718]]]}},{"type":"Feature","properties":{"state":"","county":"PHOENIX","s2_cell":"9739886470319046656","waymo_ro_miles":78728.39963222566,"incremental_miles":11715.442,"vintage_end":"202509","exposure_phase":"deployment"},"geometry":{"type":"Polygon","coordinates":[[[-111.90455412316315,33.32587196063319],[-111.90455412316315,33.31519112287623],[-111.89263028034495,33.31739106904188],[-111.89263028034495,33.32807226103448],[-111.90455412316315,33.32587196063319]]]}},{"type":"Feature","properties":{"state":"","county":"PHOENIX","s2_cell":"9739886504678785024","waymo_ro_miles":89191.92906788144,"incremental_miles":10526.668,"vintage_end":"202509","exposure_phase":"deployment"},"geometry":{"type":"Polygon","coordinates":[[[-111.90455412316315,33.31519112287623],[-111.90455412316315,33.3045091426707],[-111.89263028034495,33.30670873425698],[-111.89263028034495,33.31739106904188],[-111.90455412316315,33.31519112287623]]]}},{"type":"Feature","properties":{"state":"","county":"PHOENIX","s2_cell":"9739886539038523392","waymo_ro_miles":10030.337177254458,"incremental_miles":1551.455,"vintage_end":"202509","exposure_phase":"deployment"},"geometry":{"type":"Polygon","coordinates":[[[-111.89263028034495,33.31739106904188],[-111.89263028034495,33.30670873425698],[-111.88070640336356,33.30890708243008],[-111.88070640336356,33.319589771530985],[-111.89263028034495,33.31739106904188]]]}},{"type":"Feature","properties":{"state":"","county":"PHOENIX","s2_cell":"9739886573398261760","waymo_ro_miles":68433.97288976893,"incremental_miles":9579.289,"vintage_end":"202509","exposure_phase":"deployment"},"geometry":{"type":"Polygon","coordinates":[[[-111.89263028034495,33.32807226103448],[-111.89263028034495,33.31739106904188],[-111.88070640336356,33.319589771530985],[-111.88070640336356,33.330271317496],[-111.89263028034495,33.32807226103448]]]}},{"type":"Feature","properties":{"state":"","county":"PHOENIX","s2_cell":"9739886607758000128","waymo_ro_miles":87588.86435827948,"incremental_miles":12938.996,"vintage_end":"202509","exposure_phase":"deployment"},"geometry":{"type":"Polygon","coordinates":[[[-111.88070640336356,33.330271317496],[-111.88070640336356,33.319589771530985],[-111.86878249373518,33.321787230132536],[-111.86878249373518,33.33246912980684],[-111.88070640336356,33.330271317496]]]}},{"type":"Feature","properties":{"state":"","county":"PHOENIX","s2_cell":"9739886642117738496","waymo_ro_miles":99630.17001439616,"incremental_miles":15154.925,"vintage_end":"202509","exposure_phase":"deployment"},"geometry":{"type":"Polygon","coordinates":[[[-111.88070640336356,33.319589771530985],[-111.88070640336356,33.30890708243008],[-111.86878249373518,33.311104186978945],[-111.86878249373518,33.321787230132536],[-111.88070640336356,33.319589771530985]]]}},{"type":"Feature","properties":{"state":"","county":"PHOENIX","s2_cell":"9739886676477476864","waymo_ro_miles":106023.83628132098,"incremental_miles":15145.391,"vintage_end":"202509","exposure_phase":"deployment"},"geometry":{"type":"Polygon","coordinates":[[[-111.86878249373518,33.321787230132536],[-111.86878249373518,33.311104186978945],[-111.85685855297612,33.313300047693076],[-111.85685855297612,33.323983444636134],[-111.86878249373518,33.321787230132536]]]}},{"type":"Feature","properties":{"state":"","county":"PHOENIX","s2_cell":"9739886710837215232","waymo_ro_miles":70605.7108154652,"incremental_miles":11442.87,"vintage_end":"202509","exposure_phase":"deployment"},"geometry":{"type":"Polygon","coordinates":[[[-111.86878249373518,33.33246912980684],[-111.86878249373518,33.321787230132536],[-111.85685855297612,33.323983444636134],[-111.85685855297612,33.33466569775664],[-111.86878249373518,33.33246912980684]]]}},{"type":"Feature","properties":{"state":"","county":"PHOENIX","s2_cell":"9739886745196953600","waymo_ro_miles":100145.41412971562,"incremental_miles":14918.16,"vintage_end":"202509","exposure_phase":"deployment"},"geometry":{"type":"Polygon","coordinates":[[[-111.86878249373518,33.343149885137464],[-111.86878249373518,33.33246912980684],[-111.85685855297612,33.33466569775664],[-111.85685855297612,33.345346806190264],[-111.86878249373518,33.343149885137464]]]}},{"type":"Feature","properties":{"state":"","county":"PHOENIX","s2_cell":"9739886779556691968","waymo_ro_miles":112202.15632799096,"incremental_miles":17779.319,"vintage_end":"202509","exposure_phase":"deployment"},"geometry":{"type":"Polygon","coordinates":[[[-111.88070640336356,33.34095171946074],[-111.88070640336356,33.330271317496],[-111.86878249373518,33.33246912980684],[-111.86878249373518,33.343149885137464],[-111.88070640336356,33.34095171946074]]]}},{"type":"Feature","properties":{"state":"","county":"PHOENIX","s2_cell":"9739886813916430336","waymo_ro_miles":124878.1049256763,"incremental_miles":20721.96,"vintage_end":"202509","exposure_phase":"deployment"},"geometry":{"type":"Polygon","coordinates":[[[-111.88070640336356,33.351630976561474],[-111.88070640336356,33.34095171946074],[-111.86878249373518,33.343149885137464],[-111.86878249373518,33.353829495260726],[-111.88070640336356,33.351630976561474]]]}},{"type":"Feature","properties":{"state":"","county":"PHOENIX","s2_cell":"9739886848276168704","waymo_ro_miles":99656.74282387095,"incremental_miles":15752.061,"vintage_end":"202509","exposure_phase":"deployment"},"geometry":{"type":"Polygon","coordinates":[[[-111.86878249373518,33.353829495260726],[-111.86878249373518,33.343149885137464],[-111.85685855297612,33.345346806190264],[-111.85685855297612,33.356026769073324],[-111.86878249373518,33.353829495260726]]]}},{"type":"Feature","properties":{"state":"","county":"PHOENIX","s2_cell":"9739886882635907072","waymo_ro_miles":69711.76115047473,"incremental_miles":11374.489,"vintage_end":"202509","exposure_phase":"deployment"},"geometry":{"type":"Polygon","coordinates":[[[-111.86878249373518,33.36450795931355],[-111.86878249373518,33.353829495260726],[-111.85685855297612,33.356026769073324],[-111.85685855297612,33.36670558554277],[-111.86878249373518,33.36450795931355]]]}},{"type":"Feature","properties":{"state":"","county":"PHOENIX","s2_cell":"9739886916995645440","waymo_ro_miles":60904.45650135634,"incremental_miles":9586.836,"vintage_end":"202509","exposure_phase":"deployment"},"geometry":{"type":"Polygon","coordinates":[[[-111.86878249373518,33.37518527643356],[-111.86878249373518,33.36450795931355],[-111.85685855297612,33.36670558554277],[-111.85685855297612,33.37738325473624],[-111.86878249373518,33.37518527643356]]]}},{"type":"Feature","properties":{"state":"","county":"PHOENIX","s2_cell":"9739886951355383808","waymo_ro_miles":116732.46992425162,"incremental_miles":18445.871,"vintage_end":"202509","exposure_phase":"deployment"},"geometry":{"type":"Polygon","coordinates":[[[-111.88070640336356,33.37298605271931],[-111.88070640336356,33.362309087935145],[-111.86878249373518,33.36450795931355],[-111.86878249373518,33.37518527643356],[-111.88070640336356,33.37298605271931]]]}},{"type":"Feature","properties":{"state":"","county":"PHOENIX","s2_cell":"9739886985715122176","waymo_ro_miles":95103.66222390474,"incremental_miles":15833.192,"vintage_end":"202509","exposure_phase":"deployment"},"geometry":{"type":"Polygon","coordinates":[[[-111.88070640336356,33.362309087935145],[-111.88070640336356,33.351630976561474],[-111.86878249373518,33.353829495260726],[-111.86878249373518,33.36450795931355],[-111.88070640336356,33.362309087935145]]]}},{"type":"Feature","properties":{"state":"","county":"PHOENIX","s2_cell":"9739887020074860544","waymo_ro_miles":9757.211236809368,"incremental_miles":1268.416,"vintage_end":"202509","exposure_phase":"deployment"},"geometry":{"type":"Polygon","coordinates":[[[-111.89263028034495,33.360108971617656],[-111.89263028034495,33.34943121318578],[-111.88070640336356,33.351630976561474],[-111.88070640336356,33.362309087935145],[-111.89263028034495,33.360108971617656]]]}},{"type":"Feature","properties":{"state":"","county":"PHOENIX","s2_cell":"9739887054434598912","waymo_ro_miles":61193.15616836552,"incremental_miles":12425.438,"vintage_end":"202509","exposure_phase":"deployment"},"geometry":{"type":"Polygon","coordinates":[[[-111.90455412316315,33.357907610571814],[-111.90455412316315,33.347230205344424],[-111.89263028034495,33.34943121318578],[-111.89263028034495,33.360108971617656],[-111.90455412316315,33.357907610571814]]]}},{"type":"Feature","properties":{"state":"","county":"PHOENIX","s2_cell":"9739887088794337280","waymo_ro_miles":40546.58130804174,"incremental_miles":9140.676,"vintage_end":"202509","exposure_phase":"deployment"},"geometry":{"type":"Polygon","coordinates":[[[-111.90455412316315,33.368583869896874],[-111.90455412316315,33.357907610571814],[-111.89263028034495,33.360108971617656],[-111.89263028034495,33.37078558380353],[-111.90455412316315,33.368583869896874]]]}},{"type":"Feature","properties":{"state":"","county":"PHOENIX","s2_cell":"9739887123154075648","waymo_ro_miles":35459.53606964809,"incremental_miles":5677.372,"vintage_end":"202509","exposure_phase":"deployment"},"geometry":{"type":"Polygon","coordinates":[[[-111.89263028034495,33.37078558380353],[-111.89263028034495,33.360108971617656],[-111.88070640336356,33.362309087935145],[-111.88070640336356,33.37298605271931],[-111.89263028034495,33.37078558380353]]]}},{"type":"Feature","properties":{"state":"","county":"PHOENIX","s2_cell":"9739887157513814016","waymo_ro_miles":86588.36776366348,"incremental_miles":11545.493,"vintage_end":"202509","exposure_phase":"deployment"},"geometry":{"type":"Polygon","coordinates":[[[-111.89263028034495,33.38146104888165],[-111.89263028034495,33.37078558380353],[-111.88070640336356,33.37298605271931],[-111.88070640336356,33.38366187005223],[-111.89263028034495,33.38146104888165]]]}},{"type":"Feature","properties":{"state":"","county":"PHOENIX","s2_cell":"9739887191873552384","waymo_ro_miles":93194.09144042239,"incremental_miles":12438.462,"vintage_end":"202509","exposure_phase":"deployment"},"geometry":{"type":"Polygon","coordinates":[[[-111.90455412316315,33.37925898245782],[-111.90455412316315,33.368583869896874],[-111.89263028034495,33.37078558380353],[-111.89263028034495,33.38146104888165],[-111.90455412316315,33.37925898245782]]]}},{"type":"Feature","properties":{"state":"","county":"PHOENIX","s2_cell":"9739887226233290752","waymo_ro_miles":8878.912459305116,"incremental_miles":1128.704,"vintage_end":"202509","exposure_phase":"deployment"},"geometry":{"type":"Polygon","coordinates":[[[-111.90455412316315,33.38993294739349],[-111.90455412316315,33.37925898245782],[-111.89263028034495,33.38146104888165],[-111.89263028034495,33.39213536599084],[-111.90455412316315,33.38993294739349]]]}},{"type":"Feature","properties":{"state":"","county":"PHOENIX","s2_cell":"9739887260593029120","waymo_ro_miles":58238.40696299672,"incremental_miles":10624.143,"vintage_end":"202509","exposure_phase":"deployment"},"geometry":{"type":"Polygon","coordinates":[[[-111.89263028034495,33.39213536599084],[-111.89263028034495,33.38146104888165],[-111.88070640336356,33.38366187005223],[-111.88070640336356,33.394336539072775],[-111.89263028034495,33.39213536599084]]]}},{"type":"Feature","properties":{"state":"","county":"PHOENIX","s2_cell":"9739887294952767488","waymo_ro_miles":135494.68578837818,"incremental_miles":23563.382,"vintage_end":"202509","exposure_phase":"deployment"},"geometry":{"type":"Polygon","coordinates":[[[-111.88070640336356,33.394336539072775],[-111.88070640336356,33.38366187005223],[-111.86878249373518,33.38586144575901],[-111.86878249373518,33.396536466428806],[-111.88070640336356,33.394336539072775]]]}},{"type":"Feature","properties":{"state":"","county":"PHOENIX","s2_cell":"9739887329312505856","waymo_ro_miles":157917.10889254883,"incremental_miles":24499.738,"vintage_end":"202509","exposure_phase":"deployment"},"geometry":{"type":"Polygon","coordinates":[[[-111.88070640336356,33.38366187005223],[-111.88070640336356,33.37298605271931],[-111.86878249373518,33.37518527643356],[-111.86878249373518,33.38586144575901],[-111.88070640336356,33.38366187005223]]]}},{"type":"Feature","properties":{"state":"","county":"PHOENIX","s2_cell":"9739887363672244224","waymo_ro_miles":85772.55441965222,"incremental_miles":14093.314,"vintage_end":"202509","exposure_phase":"deployment"},"geometry":{"type":"Polygon","coordinates":[[[-111.86878249373518,33.38586144575901],[-111.86878249373518,33.37518527643356],[-111.85685855297612,33.37738325473624],[-111.85685855297612,33.388059775792],[-111.86878249373518,33.38586144575901]]]}},{"type":"Feature","properties":{"state":"","county":"PHOENIX","s2_cell":"9739887398031982592","waymo_ro_miles":93641.19241276241,"incremental_miles":16047.896,"vintage_end":"202509","exposure_phase":"deployment"},"geometry":{"type":"Polygon","coordinates":[[[-111.86878249373518,33.396536466428806],[-111.86878249373518,33.38586144575901],[-111.85685855297612,33.388059775792],[-111.85685855297612,33.39873514784899],[-111.86878249373518,33.396536466428806]]]}},{"type":"Feature","properties":{"state":"","county":"PHOENIX","s2_cell":"9739887432391720960","waymo_ro_miles":76452.92752107416,"incremental_miles":15988.202,"vintage_end":"202509","exposure_phase":"deployment"},"geometry":{"type":"Polygon","coordinates":[[[-111.86878249373518,33.4072103375825],[-111.86878249373518,33.396536466428806],[-111.85685855297612,33.39873514784899],[-111.85685855297612,33.409409370046795],[-111.86878249373518,33.4072103375825]]]}},{"type":"Feature","properties":{"state":"","county":"PHOENIX","s2_cell":"9739887466751459328","waymo_ro_miles":135492.77664104753,"incremental_miles":28012.32,"vintage_end":"202509","exposure_phase":"deployment"},"geometry":{"type":"Polygon","coordinates":[[[-111.88070640336356,33.4050100589205],[-111.88070640336356,33.394336539072775],[-111.86878249373518,33.396536466428806],[-111.86878249373518,33.4072103375825],[-111.88070640336356,33.4050100589205]]]}},{"type":"Feature","properties":{"state":"","county":"PHOENIX","s2_cell":"9739887501111197696","waymo_ro_miles":275839.18461147055,"incremental_miles":61500.929,"vintage_end":"202509","exposure_phase":"deployment"},"geometry":{"type":"Polygon","coordinates":[[[-111.88070640336356,33.41568242873561],[-111.88070640336356,33.4050100589205],[-111.86878249373518,33.4072103375825],[-111.86878249373518,33.417883058360324],[-111.88070640336356,33.41568242873561]]]}},{"type":"Feature","properties":{"state":"","county":"PHOENIX","s2_cell":"9739887535470936064","waymo_ro_miles":26260.04010860969,"incremental_miles":5669.298,"vintage_end":"202509","exposure_phase":"deployment"},"geometry":{"type":"Polygon","coordinates":[[[-111.86878249373518,33.417883058360324],[-111.86878249373518,33.4072103375825],[-111.85685855297612,33.409409370046795],[-111.85685855297612,33.42008244152564],[-111.86878249373518,33.417883058360324]]]}},{"type":"Feature","properties":{"state":"","county":"PHOENIX","s2_cell":"9739887569830674432","waymo_ro_miles":66931.31045377058,"incremental_miles":15629.747,"vintage_end":"202509","exposure_phase":"deployment"},"geometry":{"type":"Polygon","coordinates":[[[-111.86878249373518,33.42855462790315],[-111.86878249373518,33.417883058360324],[-111.85685855297612,33.42008244152564],[-111.85685855297612,33.430754361426445],[-111.86878249373518,33.42855462790315]]]}},{"type":"Feature","properties":{"state":"","county":"PHOENIX","s2_cell":"9739887604190412800","waymo_ro_miles":27136.933895925267,"incremental_miles":6871.236,"vintage_end":"202509","exposure_phase":"deployment"},"geometry":{"type":"Polygon","coordinates":[[[-111.86878249373518,33.439225045352494],[-111.86878249373518,33.42855462790315],[-111.85685855297612,33.430754361426445],[-111.85685855297612,33.44142512889074],[-111.86878249373518,33.439225045352494]]]}},{"type":"Feature","properties":{"state":"","county":"PHOENIX","s2_cell":"9739887638550151168","waymo_ro_miles":71626.832953584,"incremental_miles":14778.55,"vintage_end":"202509","exposure_phase":"deployment"},"geometry":{"type":"Polygon","coordinates":[[[-111.88070640336356,33.43702371483195],[-111.88070640336356,33.426353647658914],[-111.86878249373518,33.42855462790315],[-111.86878249373518,33.439225045352494],[-111.88070640336356,33.43702371483195]]]}},{"type":"Feature","properties":{"state":"","county":"PHOENIX","s2_cell":"9739887672909889536","waymo_ro_miles":115928.70491894147,"incremental_miles":27380.659,"vintage_end":"202509","exposure_phase":"deployment"},"geometry":{"type":"Polygon","coordinates":[[[-111.88070640336356,33.426353647658914],[-111.88070640336356,33.41568242873561],[-111.86878249373518,33.417883058360324],[-111.86878249373518,33.42855462790315],[-111.88070640336356,33.426353647658914]]]}},{"type":"Feature","properties":{"state":"","county":"PHOENIX","s2_cell":"9739887707269627904","waymo_ro_miles":120107.02219519045,"incremental_miles":32774.702,"vintage_end":"202509","exposure_phase":"deployment"},"geometry":{"type":"Polygon","coordinates":[[[-111.89263028034495,33.42415142090346],[-111.89263028034495,33.41348055286125],[-111.88070640336356,33.41568242873561],[-111.88070640336356,33.426353647658914],[-111.89263028034495,33.42415142090346]]]}},{"type":"Feature","properties":{"state":"","county":"PHOENIX","s2_cell":"9739887741629366272","waymo_ro_miles":75217.45919794407,"incremental_miles":17786.302,"vintage_end":"202509","exposure_phase":"deployment"},"geometry":{"type":"Polygon","coordinates":[[[-111.89263028034495,33.434821137538776],[-111.89263028034495,33.42415142090346],[-111.88070640336356,33.426353647658914],[-111.88070640336356,33.43702371483195],[-111.89263028034495,33.434821137538776]]]}},{"type":"Feature","properties":{"state":"","county":"PHOENIX","s2_cell":"9739887775989104640","waymo_ro_miles":109592.08196742502,"incremental_miles":24225.976,"vintage_end":"202509","exposure_phase":"deployment"},"geometry":{"type":"Polygon","coordinates":[[[-111.90455412316315,33.43261731368316],[-111.90455412316315,33.42194794784707],[-111.89263028034495,33.42415142090346],[-111.89263028034495,33.434821137538776],[-111.90455412316315,33.43261731368316]]]}},{"type":"Feature","properties":{"state":"","county":"PHOENIX","s2_cell":"9739887810348843008","waymo_ro_miles":154495.76952127027,"incremental_miles":37776.683,"vintage_end":"202509","exposure_phase":"deployment"},"geometry":{"type":"Polygon","coordinates":[[[-111.90455412316315,33.42194794784707],[-111.90455412316315,33.411277430947635],[-111.89263028034495,33.41348055286125],[-111.89263028034495,33.42415142090346],[-111.90455412316315,33.42194794784707]]]}},{"type":"Feature","properties":{"state":"","county":"PHOENIX","s2_cell":"9739887844708581376","waymo_ro_miles":200303.8369984811,"incremental_miles":29727.496,"vintage_end":"202509","exposure_phase":"deployment"},"geometry":{"type":"Polygon","coordinates":[[[-111.90455412316315,33.411277430947635],[-111.90455412316315,33.40060576384337],[-111.89263028034495,33.402808534270655],[-111.89263028034495,33.41348055286125],[-111.90455412316315,33.411277430947635]]]}},{"type":"Feature","properties":{"state":"","county":"PHOENIX","s2_cell":"9739887879068319744","waymo_ro_miles":266652.43605200894,"incremental_miles":38052.097,"vintage_end":"202509","exposure_phase":"deployment"},"geometry":{"type":"Polygon","coordinates":[[[-111.89263028034495,33.41348055286125],[-111.89263028034495,33.402808534270655],[-111.88070640336356,33.4050100589205],[-111.88070640336356,33.41568242873561],[-111.89263028034495,33.41348055286125]]]}},{"type":"Feature","properties":{"state":"","county":"PHOENIX","s2_cell":"9739887913428058112","waymo_ro_miles":43650.01708245008,"incremental_miles":8318.928,"vintage_end":"202509","exposure_phase":"deployment"},"geometry":{"type":"Polygon","coordinates":[[[-111.89263028034495,33.402808534270655],[-111.89263028034495,33.39213536599084],[-111.88070640336356,33.394336539072775],[-111.88070640336356,33.4050100589205],[-111.89263028034495,33.402808534270655]]]}},{"type":"Feature","properties":{"state":"","county":"PHOENIX","s2_cell":"9739887947787796480","waymo_ro_miles":61578.12992115469,"incremental_miles":11683.951,"vintage_end":"202509","exposure_phase":"deployment"},"geometry":{"type":"Polygon","coordinates":[[[-111.90455412316315,33.40060576384337],[-111.90455412316315,33.38993294739349],[-111.89263028034495,33.39213536599084],[-111.89263028034495,33.402808534270655],[-111.90455412316315,33.40060576384337]]]}},{"type":"Feature","properties":{"state":"","county":"PHOENIX","s2_cell":"9739887982147534848","waymo_ro_miles":220312.81857626585,"incremental_miles":35194.561,"vintage_end":"202509","exposure_phase":"deployment"},"geometry":{"type":"Polygon","coordinates":[[[-111.91647793030225,33.39840174784967],[-111.91647793030225,33.38772928349179],[-111.90455412316315,33.38993294739349],[-111.90455412316315,33.40060576384337],[-111.91647793030225,33.39840174784967]]]}},{"type":"Feature","properties":{"state":"","county":"PHOENIX","s2_cell":"9739888016507273216","waymo_ro_miles":419119.7574044754,"incremental_miles":65423.19,"vintage_end":"202509","exposure_phase":"deployment"},"geometry":{"type":"Polygon","coordinates":[[[-111.91647793030225,33.409073063205675],[-111.91647793030225,33.39840174784967],[-111.90455412316315,33.40060576384337],[-111.90455412316315,33.411277430947635],[-111.91647793030225,33.409073063205675]]]}},{"type":"Feature","properties":{"state":"","county":"PHOENIX","s2_cell":"9739888050867011584","waymo_ro_miles":229381.4271840267,"incremental_miles":45582.078,"vintage_end":"202509","exposure_phase":"deployment"},"geometry":{"type":"Polygon","coordinates":[[[-111.92840170024643,33.406867449846885],[-111.92840170024643,33.396196486501104],[-111.91647793030225,33.39840174784967],[-111.91647793030225,33.409073063205675],[-111.92840170024643,33.406867449846885]]]}},{"type":"Feature","properties":{"state":"","county":"PHOENIX","s2_cell":"9739888085226749952","waymo_ro_miles":161504.37480254835,"incremental_miles":29069.758,"vintage_end":"202509","exposure_phase":"deployment"},"geometry":{"type":"Polygon","coordinates":[[[-111.92840170024643,33.396196486501104],[-111.92840170024643,33.385524374497386],[-111.91647793030225,33.38772928349179],[-111.91647793030225,33.39840174784967],[-111.92840170024643,33.396196486501104]]]}},{"type":"Feature","properties":{"state":"","county":"PHOENIX","s2_cell":"9739888119586488320","waymo_ro_miles":128194.72167963664,"incremental_miles":18920.771,"vintage_end":"202509","exposure_phase":"deployment"},"geometry":{"type":"Polygon","coordinates":[[[-111.94032543148008,33.39398998000986],[-111.94032543148008,33.38331822062252],[-111.92840170024643,33.385524374497386],[-111.92840170024643,33.396196486501104],[-111.94032543148008,33.39398998000986]]]}},{"type":"Feature","properties":{"state":"","county":"PHOENIX","s2_cell":"9739888153946226688","waymo_ro_miles":88655.38316817151,"incremental_miles":10122.214,"vintage_end":"202509","exposure_phase":"deployment"},"geometry":{"type":"Polygon","coordinates":[[[-111.9522491224878,33.39178222858866],[-111.9522491224878,33.38111082208001],[-111.94032543148008,33.38331822062252],[-111.94032543148008,33.39398998000986],[-111.9522491224878,33.39178222858866]]]}},{"type":"Feature","properties":{"state":"","county":"PHOENIX","s2_cell":"9739888188305965056","waymo_ro_miles":94481.12046345667,"incremental_miles":13204.38,"vintage_end":"202509","exposure_phase":"deployment"},"geometry":{"type":"Polygon","coordinates":[[[-111.9522491224878,33.40245248712773],[-111.9522491224878,33.39178222858866],[-111.94032543148008,33.39398998000986],[-111.94032543148008,33.40466059108335],[-111.9522491224878,33.40245248712773]]]}},{"type":"Feature","properties":{"state":"","county":"PHOENIX","s2_cell":"9739888222665703424","waymo_ro_miles":100189.11932132582,"incremental_miles":15345.276,"vintage_end":"202509","exposure_phase":"deployment"},"geometry":{"type":"Polygon","coordinates":[[[-111.94032543148008,33.40466059108335],[-111.94032543148008,33.39398998000986],[-111.92840170024643,33.396196486501104],[-111.92840170024643,33.406867449846885],[-111.94032543148008,33.40466059108335]]]}},{"type":"Feature","properties":{"state":"","county":"PHOENIX","s2_cell":"9739888257025441792","waymo_ro_miles":415582.948482505,"incremental_miles":75656.625,"vintage_end":"202509","exposure_phase":"deployment"},"geometry":{"type":"Polygon","coordinates":[[[-111.94032543148008,33.415330052983734],[-111.94032543148008,33.40466059108335],[-111.92840170024643,33.406867449846885],[-111.92840170024643,33.41753726367548],[-111.94032543148008,33.415330052983734]]]}},{"type":"Feature","properties":{"state":"","county":"PHOENIX","s2_cell":"9739888291385180160","waymo_ro_miles":210602.4565039176,"incremental_miles":45152.577,"vintage_end":"202509","exposure_phase":"deployment"},"geometry":{"type":"Polygon","coordinates":[[[-111.9522491224878,33.41312159683796],[-111.9522491224878,33.40245248712773],[-111.94032543148008,33.40466059108335],[-111.94032543148008,33.415330052983734],[-111.9522491224878,33.41312159683796]]]}},{"type":"Feature","properties":{"state":"","county":"PHOENIX","s2_cell":"9739888325744918528","waymo_ro_miles":290361.66143242834,"incremental_miles":48164.773,"vintage_end":"202509","exposure_phase":"deployment"},"geometry":{"type":"Polygon","coordinates":[[[-111.9522491224878,33.423789556860704],[-111.9522491224878,33.41312159683796],[-111.94032543148008,33.415330052983734],[-111.94032543148008,33.425998364852425],[-111.9522491224878,33.423789556860704]]]}},{"type":"Feature","properties":{"state":"","county":"PHOENIX","s2_cell":"9739888360104656896","waymo_ro_miles":314774.55361147836,"incremental_miles":57089.907,"vintage_end":"202509","exposure_phase":"deployment"},"geometry":{"type":"Polygon","coordinates":[[[-111.94032543148008,33.425998364852425],[-111.94032543148008,33.415330052983734],[-111.92840170024643,33.41753726367548],[-111.92840170024643,33.42820592712832],[-111.94032543148008,33.425998364852425]]]}},{"type":"Feature","properties":{"state":"","county":"PHOENIX","s2_cell":"9739888394464395264","waymo_ro_miles":309595.6299839135,"incremental_miles":54621.812,"vintage_end":"202509","exposure_phase":"deployment"},"geometry":{"type":"Polygon","coordinates":[[[-111.92840170024643,33.42820592712832],[-111.92840170024643,33.41753726367548],[-111.91647793030225,33.4197432287006],[-111.91647793030225,33.43041224347588],[-111.92840170024643,33.42820592712832]]]}},{"type":"Feature","properties":{"state":"","county":"PHOENIX","s2_cell":"9739888428824133632","waymo_ro_miles":320998.1365917114,"incremental_miles":69743.385,"vintage_end":"202509","exposure_phase":"deployment"},"geometry":{"type":"Polygon","coordinates":[[[-111.92840170024643,33.41753726367548],[-111.92840170024643,33.406867449846885],[-111.91647793030225,33.409073063205675],[-111.91647793030225,33.4197432287006],[-111.92840170024643,33.41753726367548]]]}},{"type":"Feature","properties":{"state":"","county":"PHOENIX","s2_cell":"9739888463183872000","waymo_ro_miles":458592.0611661614,"incremental_miles":71616.654,"vintage_end":"202509","exposure_phase":"deployment"},"geometry":{"type":"Polygon","coordinates":[[[-111.91647793030225,33.4197432287006],[-111.91647793030225,33.409073063205675],[-111.90455412316315,33.411277430947635],[-111.90455412316315,33.42194794784707],[-111.91647793030225,33.4197432287006]]]}},{"type":"Feature","properties":{"state":"","county":"PHOENIX","s2_cell":"9739888497543610368","waymo_ro_miles":540019.4241087142,"incremental_miles":98704.952,"vintage_end":"202509","exposure_phase":"deployment"},"geometry":{"type":"Polygon","coordinates":[[[-111.91647793030225,33.43041224347588],[-111.91647793030225,33.4197432287006],[-111.90455412316315,33.42194794784707],[-111.90455412316315,33.43261731368316],[-111.91647793030225,33.43041224347588]]]}},{"type":"Feature","properties":{"state":"","county":"PHOENIX","s2_cell":"9739888531903348736","waymo_ro_miles":407895.8378951377,"incremental_miles":73401.082,"vintage_end":"202509","exposure_phase":"deployment"},"geometry":{"type":"Polygon","coordinates":[[[-111.91647793030225,33.4410801066736],[-111.91647793030225,33.43041224347588],[-111.90455412316315,33.43261731368316],[-111.90455412316315,33.443285527597986],[-111.91647793030225,33.4410801066736]]]}},{"type":"Feature","properties":{"state":"","county":"PHOENIX","s2_cell":"9739888566263087104","waymo_ro_miles":322182.7810688232,"incremental_miles":63868.571,"vintage_end":"202509","exposure_phase":"deployment"},"geometry":{"type":"Polygon","coordinates":[[[-111.91647793030225,33.45174681743652],[-111.91647793030225,33.4410801066736],[-111.90455412316315,33.443285527597986],[-111.90455412316315,33.453952588734346],[-111.91647793030225,33.45174681743652]]]}},{"type":"Feature","properties":{"state":"","county":"PHOENIX","s2_cell":"9739888600622825472","waymo_ro_miles":222552.35164246376,"incremental_miles":33580.028,"vintage_end":"202509","exposure_phase":"deployment"},"geometry":{"type":"Polygon","coordinates":[[[-111.92840170024643,33.449539799475644],[-111.92840170024643,33.43887343934746],[-111.91647793030225,33.4410801066736],[-111.91647793030225,33.45174681743652],[-111.92840170024643,33.449539799475644]]]}},{"type":"Feature","properties":{"state":"","county":"PHOENIX","s2_cell":"9739888634982563840","waymo_ro_miles":207407.9788531695,"incremental_miles":35868.66,"vintage_end":"202509","exposure_phase":"deployment"},"geometry":{"type":"Polygon","coordinates":[[[-111.92840170024643,33.43887343934746],[-111.92840170024643,33.42820592712832],[-111.91647793030225,33.43041224347588],[-111.91647793030225,33.4410801066736],[-111.92840170024643,33.43887343934746]]]}},{"type":"Feature","properties":{"state":"","county":"PHOENIX","s2_cell":"9739888669342302208","waymo_ro_miles":226705.82384247633,"incremental_miles":33000.935,"vintage_end":"202509","exposure_phase":"deployment"},"geometry":{"type":"Polygon","coordinates":[[[-111.94032543148008,33.43666552583144],[-111.94032543148008,33.425998364852425],[-111.92840170024643,33.42820592712832],[-111.92840170024643,33.43887343934746],[-111.94032543148008,33.43666552583144]]]}},{"type":"Feature","properties":{"state":"","county":"PHOENIX","s2_cell":"9739888703702040576","waymo_ro_miles":233823.2357661479,"incremental_miles":41908.492,"vintage_end":"202509","exposure_phase":"deployment"},"geometry":{"type":"Polygon","coordinates":[[[-111.9522491224878,33.43445636633799],[-111.9522491224878,33.423789556860704],[-111.94032543148008,33.425998364852425],[-111.94032543148008,33.43666552583144],[-111.9522491224878,33.43445636633799]]]}},{"type":"Feature","properties":{"state":"","county":"PHOENIX","s2_cell":"9739888738061778944","waymo_ro_miles":280874.1656188538,"incremental_miles":35235.034,"vintage_end":"202509","exposure_phase":"deployment"},"geometry":{"type":"Polygon","coordinates":[[[-111.9522491224878,33.44512202441251],[-111.9522491224878,33.43445636633799],[-111.94032543148008,33.43666552583144],[-111.94032543148008,33.44733153506352],[-111.9522491224878,33.44512202441251]]]}},{"type":"Feature","properties":{"state":"","county":"PHOENIX","s2_cell":"9739888772421517312","waymo_ro_miles":162387.5003633734,"incremental_miles":20357.381,"vintage_end":"202509","exposure_phase":"deployment"},"geometry":{"type":"Polygon","coordinates":[[[-111.94032543148008,33.44733153506352],[-111.94032543148008,33.43666552583144],[-111.92840170024643,33.43887343934746],[-111.92840170024643,33.449539799475644],[-111.94032543148008,33.44733153506352]]]}},{"type":"Feature","properties":{"state":"","county":"PHOENIX","s2_cell":"9739888806781255680","waymo_ro_miles":57335.59855317851,"incremental_miles":6676.008,"vintage_end":"202509","exposure_phase":"deployment"},"geometry":{"type":"Polygon","coordinates":[[[-111.94032543148008,33.45799639169199],[-111.94032543148008,33.44733153506352],[-111.92840170024643,33.449539799475644],[-111.92840170024643,33.460205006656246],[-111.94032543148008,33.45799639169199]]]}},{"type":"Feature","properties":{"state":"","county":"PHOENIX","s2_cell":"9739888841140994048","waymo_ro_miles":76142.71355973542,"incremental_miles":10384.975,"vintage_end":"202509","exposure_phase":"deployment"},"geometry":{"type":"Polygon","coordinates":[[[-111.9522491224878,33.4557865302276],[-111.9522491224878,33.44512202441251],[-111.94032543148008,33.44733153506352],[-111.94032543148008,33.45799639169199],[-111.9522491224878,33.4557865302276]]]}},{"type":"Feature","properties":{"state":"","county":"PHOENIX","s2_cell":"9739888875500732416","waymo_ro_miles":370225.8092723733,"incremental_miles":63009.564,"vintage_end":"202509","exposure_phase":"deployment"},"geometry":{"type":"Polygon","coordinates":[[[-111.9522491224878,33.46644988292723],[-111.9522491224878,33.4557865302276],[-111.94032543148008,33.45799639169199],[-111.94032543148008,33.46866009486088],[-111.9522491224878,33.46644988292723]]]}},{"type":"Feature","properties":{"state":"","county":"PHOENIX","s2_cell":"9739888909860470784","waymo_ro_miles":226452.73796025926,"incremental_miles":43798.335,"vintage_end":"202509","exposure_phase":"deployment"},"geometry":{"type":"Polygon","coordinates":[[[-111.94032543148008,33.46866009486088],[-111.94032543148008,33.45799639169199],[-111.92840170024643,33.460205006656246],[-111.92840170024643,33.47086906003329],[-111.94032543148008,33.46866009486088]]]}},{"type":"Feature","properties":{"state":"","county":"PHOENIX","s2_cell":"9739888944220209152","waymo_ro_miles":361355.5162812627,"incremental_miles":71429.472,"vintage_end":"202509","exposure_phase":"deployment"},"geometry":{"type":"Polygon","coordinates":[[[-111.92840170024643,33.47086906003329],[-111.92840170024643,33.460205006656246],[-111.91647793030225,33.46241237490804],[-111.91647793030225,33.47307677823221],[-111.92840170024643,33.47086906003329]]]}},{"type":"Feature","properties":{"state":"","county":"PHOENIX","s2_cell":"9739888978579947520","waymo_ro_miles":180773.74654007787,"incremental_miles":29501.962,"vintage_end":"202509","exposure_phase":"deployment"},"geometry":{"type":"Polygon","coordinates":[[[-111.92840170024643,33.460205006656246],[-111.92840170024643,33.449539799475644],[-111.91647793030225,33.45174681743652],[-111.91647793030225,33.46241237490804],[-111.92840170024643,33.460205006656246]]]}},{"type":"Feature","properties":{"state":"","county":"PHOENIX","s2_cell":"9739889012939685888","waymo_ro_miles":286192.04018632835,"incremental_miles":62313.283,"vintage_end":"202509","exposure_phase":"deployment"},"geometry":{"type":"Polygon","coordinates":[[[-111.91647793030225,33.46241237490804],[-111.91647793030225,33.45174681743652],[-111.90455412316315,33.453952588734346],[-111.90455412316315,33.46461849623565],[-111.91647793030225,33.46241237490804]]]}},{"type":"Feature","properties":{"state":"","county":"PHOENIX","s2_cell":"9739889047299424256","waymo_ro_miles":472400.9306707626,"incremental_miles":111928.556,"vintage_end":"202509","exposure_phase":"deployment"},"geometry":{"type":"Polygon","coordinates":[[[-111.91647793030225,33.47307677823221],[-111.91647793030225,33.46241237490804],[-111.90455412316315,33.46461849623565],[-111.90455412316315,33.47528324924599],[-111.91647793030225,33.47307677823221]]]}},{"type":"Feature","properties":{"state":"","county":"PHOENIX","s2_cell":"9739889081659162624","waymo_ro_miles":168439.18027556784,"incremental_miles":48741.649,"vintage_end":"202509","exposure_phase":"deployment"},"geometry":{"type":"Polygon","coordinates":[[[-111.90455412316315,33.47528324924599],[-111.90455412316315,33.46461849623565],[-111.89263028034495,33.46682337042793],[-111.89263028034495,33.47748847286355],[-111.90455412316315,33.47528324924599]]]}},{"type":"Feature","properties":{"state":"","county":"PHOENIX","s2_cell":"9739889150378639360","waymo_ro_miles":33224.36791851354,"incremental_miles":7490.35,"vintage_end":"202509","exposure_phase":"deployment"},"geometry":{"type":"Polygon","coordinates":[[[-111.89263028034495,33.46682337042793],[-111.89263028034493,33.456157113157886],[-111.88070640336356,33.45836039049651],[-111.88070640336356,33.469026997274305],[-111.89263028034495,33.46682337042793]]]}},{"type":"Feature","properties":{"state":"","county":"PHOENIX","s2_cell":"9739889184738377728","waymo_ro_miles":194366.0425256477,"incremental_miles":59371.772,"vintage_end":"202509","exposure_phase":"deployment"},"geometry":{"type":"Polygon","coordinates":[[[-111.90455412316315,33.46461849623565],[-111.90455412316315,33.453952588734346],[-111.89263028034493,33.456157113157886],[-111.89263028034495,33.46682337042793],[-111.90455412316315,33.46461849623565]]]}},{"type":"Feature","properties":{"state":"","county":"PHOENIX","s2_cell":"9739889322177331200","waymo_ro_miles":11149.694759221955,"incremental_miles":2703.554,"vintage_end":"202509","exposure_phase":"deployment"},"geometry":{"type":"Polygon","coordinates":[[[-111.89263028034493,33.456157113157886],[-111.89263028034495,33.44548970190932],[-111.88070640336356,33.44769262939688],[-111.88070640336356,33.45836039049651],[-111.89263028034493,33.456157113157886]]]}},{"type":"Feature","properties":{"state":"","county":"PHOENIX","s2_cell":"9739889425256546304","waymo_ro_miles":663.5340508504981,"incremental_miles":21.897,"vintage_end":"202509","exposure_phase":"deployment"},"geometry":{"type":"Polygon","coordinates":[[[-111.86878249373518,33.44989430985055],[-111.86878249373518,33.439225045352494],[-111.85685855297612,33.44142512889074],[-111.85685855297612,33.452094743060734],[-111.86878249373518,33.44989430985055]]]}},{"type":"Feature","properties":{"state":"","county":"PHOENIX","s2_cell":"9739889768853929984","waymo_ro_miles":2012.4952383631255,"incremental_miles":175.871,"vintage_end":"202509","exposure_phase":"deployment"},"geometry":{"type":"Polygon","coordinates":[[[-111.89263028034495,33.48815241960949],[-111.89263028034495,33.47748847286355],[-111.88070640336356,33.47969244887439],[-111.88070640336356,33.490356744441534],[-111.89263028034495,33.48815241960949]]]}},{"type":"Feature","properties":{"state":"","county":"PHOENIX","s2_cell":"9739889803213668352","waymo_ro_miles":35544.27160194304,"incremental_miles":4926.375,"vintage_end":"202509","exposure_phase":"deployment"},"geometry":{"type":"Polygon","coordinates":[[[-111.90455412316315,33.48594684691009],[-111.90455412316315,33.47528324924599],[-111.89263028034495,33.47748847286355],[-111.89263028034495,33.48815241960949],[-111.90455412316315,33.48594684691009]]]}},{"type":"Feature","properties":{"state":"","county":"PHOENIX","s2_cell":"9739889837573406720","waymo_ro_miles":38454.9345323347,"incremental_miles":5165.259,"vintage_end":"202509","exposure_phase":"deployment"},"geometry":{"type":"Polygon","coordinates":[[[-111.90455412316315,33.496609288373335],[-111.90455412316315,33.48594684691009],[-111.89263028034495,33.48815241960949],[-111.89263028034495,33.498815209811184],[-111.90455412316315,33.496609288373335]]]}},{"type":"Feature","properties":{"state":"","county":"PHOENIX","s2_cell":"9739889871933145088","waymo_ro_miles":1609.8288181905098,"incremental_miles":129.4,"vintage_end":"202509","exposure_phase":"deployment"},"geometry":{"type":"Polygon","coordinates":[[[-111.89263028034495,33.498815209811184],[-111.89263028034495,33.48815241960949],[-111.88070640336356,33.490356744441534],[-111.88070640336356,33.501019883121195],[-111.89263028034495,33.498815209811184]]]}},{"type":"Feature","properties":{"state":"","county":"PHOENIX","s2_cell":"9739889906292883456","waymo_ro_miles":1658.4725566349748,"incremental_miles":179.456,"vintage_end":"202509","exposure_phase":"deployment"},"geometry":{"type":"Polygon","coordinates":[[[-111.89263028034495,33.50947684261468],[-111.89263028034495,33.498815209811184],[-111.88070640336356,33.501019883121195],[-111.88070640336356,33.51168186405945],[-111.89263028034495,33.50947684261468]]]}},{"type":"Feature","properties":{"state":"","county":"PHOENIX","s2_cell":"9739889940652621824","waymo_ro_miles":28476.541678681737,"incremental_miles":3138.026,"vintage_end":"202509","exposure_phase":"deployment"},"geometry":{"type":"Polygon","coordinates":[[[-111.90455412316315,33.50727057278177],[-111.90455412316315,33.496609288373335],[-111.89263028034495,33.498815209811184],[-111.89263028034495,33.50947684261468],[-111.90455412316315,33.50727057278177]]]}},{"type":"Feature","properties":{"state":"","county":"PHOENIX","s2_cell":"9739889975012360192","waymo_ro_miles":42076.908596344205,"incremental_miles":5484.23,"vintage_end":"202509","exposure_phase":"deployment"},"geometry":{"type":"Polygon","coordinates":[[[-111.90455412316315,33.51793069928209],[-111.90455412316315,33.50727057278177],[-111.89263028034495,33.50947684261468],[-111.89263028034493,33.5201373171667],[-111.90455412316315,33.51793069928209]]]}},{"type":"Feature","properties":{"state":"","county":"PHOENIX","s2_cell":"9739890456048697344","waymo_ro_miles":21773.71757596376,"incremental_miles":3731.246,"vintage_end":"202509","exposure_phase":"deployment"},"geometry":{"type":"Polygon","coordinates":[[[-111.89263028034495,33.55211178279102],[-111.89263028034495,33.54145478810651],[-111.88070640336356,33.54366085189651],[-111.88070640336356,33.55431819334316],[-111.89263028034495,33.55211178279102]]]}},{"type":"Feature","properties":{"state":"","county":"PHOENIX","s2_cell":"9739890490408435712","waymo_ro_miles":17691.063918071926,"incremental_miles":5176.75,"vintage_end":"202509","exposure_phase":"deployment"},"geometry":{"type":"Polygon","coordinates":[[[-111.89263028034495,33.562767615817506],[-111.89263028034495,33.55211178279102],[-111.88070640336356,33.55431819334316],[-111.88070640336356,33.56497437278869],[-111.89263028034495,33.562767615817506]]]}},{"type":"Feature","properties":{"state":"","county":"PHOENIX","s2_cell":"9739890524768174080","waymo_ro_miles":119981.88204331172,"incremental_miles":25861.514,"vintage_end":"202509","exposure_phase":"deployment"},"geometry":{"type":"Polygon","coordinates":[[[-111.90455412316315,33.56055960915925],[-111.90455412316315,33.54990412281125],[-111.89263028034495,33.55211178279102],[-111.89263028034495,33.562767615817506],[-111.90455412316315,33.56055960915925]]]}},{"type":"Feature","properties":{"state":"","county":"PHOENIX","s2_cell":"9739890559127912448","waymo_ro_miles":63195.79138240519,"incremental_miles":12316.637,"vintage_end":"202509","exposure_phase":"deployment"},"geometry":{"type":"Polygon","coordinates":[[[-111.90455412316315,33.54990412281125],[-111.90455412316315,33.5392474751485],[-111.89263028034495,33.54145478810651],[-111.89263028034495,33.55211178279102],[-111.90455412316315,33.54990412281125]]]}},{"type":"Feature","properties":{"state":"","county":"PHOENIX","s2_cell":"9739890593487650816","waymo_ro_miles":53604.31319611375,"incremental_miles":10254.542,"vintage_end":"202509","exposure_phase":"deployment"},"geometry":{"type":"Polygon","coordinates":[[[-111.90455412316315,33.5392474751485],[-111.90455412316315,33.52858966702167],[-111.89263028034495,33.53079663261463],[-111.89263028034495,33.54145478810651],[-111.90455412316315,33.5392474751485]]]}},{"type":"Feature","properties":{"state":"","county":"PHOENIX","s2_cell":"9739890627847389184","waymo_ro_miles":51963.32288620541,"incremental_miles":10151.542,"vintage_end":"202509","exposure_phase":"deployment"},"geometry":{"type":"Polygon","coordinates":[[[-111.89263028034495,33.54145478810651],[-111.89263028034495,33.53079663261463],[-111.88070640336356,33.53300234929937],[-111.88070640336356,33.54366085189651],[-111.89263028034495,33.54145478810651]]]}},{"type":"Feature","properties":{"state":"","county":"PHOENIX","s2_cell":"9739890662207127552","waymo_ro_miles":1690.1791805949704,"incremental_miles":145.695,"vintage_end":"202509","exposure_phase":"deployment"},"geometry":{"type":"Polygon","coordinates":[[[-111.89263028034495,33.53079663261463],[-111.89263028034493,33.5201373171667],[-111.88070640336356,33.522342686403036],[-111.88070640336356,33.53300234929937],[-111.89263028034495,33.53079663261463]]]}},{"type":"Feature","properties":{"state":"","county":"PHOENIX","s2_cell":"9739890696566865920","waymo_ro_miles":36744.33557619714,"incremental_miles":6209.99,"vintage_end":"202509","exposure_phase":"deployment"},"geometry":{"type":"Polygon","coordinates":[[[-111.90455412316315,33.52858966702167],[-111.90455412316315,33.51793069928209],[-111.89263028034493,33.5201373171667],[-111.89263028034495,33.53079663261463],[-111.90455412316315,33.52858966702167]]]}},{"type":"Feature","properties":{"state":"","county":"PHOENIX","s2_cell":"9739890730926604288","waymo_ro_miles":206025.0078319378,"incremental_miles":42125.83,"vintage_end":"202509","exposure_phase":"deployment"},"geometry":{"type":"Polygon","coordinates":[[[-111.91647793030225,33.52638145273062],[-111.91647793030225,33.51572283295943],[-111.90455412316315,33.51793069928209],[-111.90455412316315,33.52858966702167],[-111.91647793030225,33.52638145273062]]]}},{"type":"Feature","properties":{"state":"","county":"PHOENIX","s2_cell":"9739890765286342656","waymo_ro_miles":151233.3229304619,"incremental_miles":25605.845,"vintage_end":"202509","exposure_phase":"deployment"},"geometry":{"type":"Polygon","coordinates":[[[-111.92840170024643,33.5241719899522],[-111.92840170024643,33.51351371840951],[-111.91647793030225,33.51572283295943],[-111.91647793030225,33.52638145273062],[-111.92840170024643,33.5241719899522]]]}},{"type":"Feature","properties":{"state":"","county":"PHOENIX","s2_cell":"9739890799646081024","waymo_ro_miles":130818.18369121251,"incremental_miles":23007.154,"vintage_end":"202509","exposure_phase":"deployment"},"geometry":{"type":"Polygon","coordinates":[[[-111.92840170024643,33.53482910256929],[-111.92840170024643,33.5241719899522],[-111.91647793030225,33.52638145273062],[-111.91647793030225,33.53703891323254],[-111.92840170024643,33.53482910256929]]]}},{"type":"Feature","properties":{"state":"","county":"PHOENIX","s2_cell":"9739890834005819392","waymo_ro_miles":176495.26672447822,"incremental_miles":36041.558,"vintage_end":"202509","exposure_phase":"deployment"},"geometry":{"type":"Polygon","coordinates":[[[-111.91647793030225,33.53703891323254],[-111.91647793030225,33.52638145273062],[-111.90455412316315,33.52858966702167],[-111.90455412316315,33.5392474751485],[-111.91647793030225,33.53703891323254]]]}},{"type":"Feature","properties":{"state":"","county":"PHOENIX","s2_cell":"9739890868365557760","waymo_ro_miles":132855.28663658423,"incremental_miles":27913.788,"vintage_end":"202509","exposure_phase":"deployment"},"geometry":{"type":"Polygon","coordinates":[[[-111.91647793030225,33.54769521361385],[-111.91647793030225,33.53703891323254],[-111.90455412316315,33.5392474751485],[-111.90455412316315,33.54990412281125],[-111.91647793030225,33.54769521361385]]]}},{"type":"Feature","properties":{"state":"","county":"PHOENIX","s2_cell":"9739890902725296128","waymo_ro_miles":7843.428202384126,"incremental_miles":1021.361,"vintage_end":"202509","exposure_phase":"deployment"},"geometry":{"type":"Polygon","coordinates":[[[-111.91647793030225,33.55835035302383],[-111.91647793030225,33.54769521361385],[-111.90455412316315,33.54990412281125],[-111.90455412316315,33.56055960915925],[-111.91647793030225,33.55835035302383]]]}},{"type":"Feature","properties":{"state":"","county":"PHOENIX","s2_cell":"9739890937085034496","waymo_ro_miles":95081.7853502701,"incremental_miles":21005.088,"vintage_end":"202509","exposure_phase":"deployment"},"geometry":{"type":"Polygon","coordinates":[[[-111.92840170024643,33.55613984762178],[-111.92840170024643,33.54548505540939],[-111.91647793030225,33.54769521361385],[-111.91647793030225,33.55835035302383],[-111.92840170024643,33.55613984762178]]]}},{"type":"Feature","properties":{"state":"","county":"PHOENIX","s2_cell":"9739890971444772864","waymo_ro_miles":121888.29478195462,"incremental_miles":24188.116,"vintage_end":"202509","exposure_phase":"deployment"},"geometry":{"type":"Polygon","coordinates":[[[-111.92840170024643,33.54548505540939],[-111.92840170024643,33.53482910256929],[-111.91647793030225,33.53703891323254],[-111.91647793030225,33.54769521361385],[-111.92840170024643,33.54548505540939]]]}},{"type":"Feature","properties":{"state":"","county":"PHOENIX","s2_cell":"9739891005804511232","waymo_ro_miles":23133.206206686264,"incremental_miles":3509.418,"vintage_end":"202509","exposure_phase":"deployment"},"geometry":{"type":"Polygon","coordinates":[[[-111.94032543148008,33.543273648409034],[-111.94032543148008,33.532618043369965],[-111.92840170024643,33.53482910256929],[-111.92840170024643,33.54548505540939],[-111.94032543148008,33.543273648409034]]]}},{"type":"Feature","properties":{"state":"","county":"PHOENIX","s2_cell":"9739891040164249600","waymo_ro_miles":13701.778206485338,"incremental_miles":2314.881,"vintage_end":"202509","exposure_phase":"deployment"},"geometry":{"type":"Polygon","coordinates":[[[-111.94032543148008,33.55392809316416],[-111.94032543148008,33.543273648409034],[-111.92840170024643,33.54548505540939],[-111.92840170024643,33.55613984762178],[-111.94032543148008,33.55392809316416]]]}},{"type":"Feature","properties":{"state":"","county":"PHOENIX","s2_cell":"9739891074523987968","waymo_ro_miles":3656.1217812770965,"incremental_miles":853.235,"vintage_end":"202509","exposure_phase":"deployment"},"geometry":{"type":"Polygon","coordinates":[[[-111.9522491224878,33.55171508986264],[-111.9522491224878,33.54106099282449],[-111.94032543148008,33.543273648409034],[-111.94032543148008,33.55392809316416],[-111.9522491224878,33.55171508986264]]]}},{"type":"Feature","properties":{"state":"","county":"PHOENIX","s2_cell":"9739891143243464704","waymo_ro_miles":68928.12126858329,"incremental_miles":12205.794,"vintage_end":"202509","exposure_phase":"deployment"},"geometry":{"type":"Polygon","coordinates":[[[-111.9522491224878,33.53040573584637],[-111.9522491224878,33.51974931977904],[-111.94032543148008,33.52196127889771],[-111.94032543148008,33.532618043369965],[-111.9522491224878,33.53040573584637]]]}},{"type":"Feature","properties":{"state":"","county":"PHOENIX","s2_cell":"9739891177603203072","waymo_ro_miles":67242.43041625856,"incremental_miles":12914.444,"vintage_end":"202509","exposure_phase":"deployment"},"geometry":{"type":"Polygon","coordinates":[[[-111.94032543148008,33.532618043369965],[-111.94032543148008,33.52196127889771],[-111.92840170024643,33.5241719899522],[-111.92840170024643,33.53482910256929],[-111.94032543148008,33.532618043369965]]]}},{"type":"Feature","properties":{"state":"","county":"PHOENIX","s2_cell":"9739891211962941440","waymo_ro_miles":14828.25894349547,"incremental_miles":2243.103,"vintage_end":"202509","exposure_phase":"deployment"},"geometry":{"type":"Polygon","coordinates":[[[-111.94032543148008,33.52196127889771],[-111.94032543148008,33.511303355843694],[-111.92840170024643,33.51351371840951],[-111.92840170024643,33.5241719899522],[-111.94032543148008,33.52196127889771]]]}},{"type":"Feature","properties":{"state":"","county":"PHOENIX","s2_cell":"9739891246322679808","waymo_ro_miles":29506.615244713008,"incremental_miles":4286.54,"vintage_end":"202509","exposure_phase":"deployment"},"geometry":{"type":"Polygon","coordinates":[[[-111.9522491224878,33.51974931977904],[-111.9522491224878,33.50909174547394],[-111.94032543148008,33.511303355843694],[-111.94032543148008,33.52196127889771],[-111.9522491224878,33.51974931977904]]]}},{"type":"Feature","properties":{"state":"","county":"PHOENIX","s2_cell":"9739891280682418176","waymo_ro_miles":168876.3717494064,"incremental_miles":24671.079,"vintage_end":"202509","exposure_phase":"deployment"},"geometry":{"type":"Polygon","coordinates":[[[-111.9522491224878,33.50909174547394],[-111.9522491224878,33.498433013783135],[-111.94032543148008,33.500644275059955],[-111.94032543148008,33.511303355843694],[-111.9522491224878,33.50909174547394]]]}},{"type":"Feature","properties":{"state":"","county":"PHOENIX","s2_cell":"9739891315042156544","waymo_ro_miles":135917.3438901745,"incremental_miles":20864.947,"vintage_end":"202509","exposure_phase":"deployment"},"geometry":{"type":"Polygon","coordinates":[[[-111.9522491224878,33.498433013783135],[-111.9522491224878,33.48777312555937],[-111.94032543148008,33.48998403739921],[-111.94032543148008,33.500644275059955],[-111.9522491224878,33.498433013783135]]]}},{"type":"Feature","properties":{"state":"","county":"PHOENIX","s2_cell":"9739891349401894912","waymo_ro_miles":421158.7037357723,"incremental_miles":65106.861,"vintage_end":"202509","exposure_phase":"deployment"},"geometry":{"type":"Polygon","coordinates":[[[-111.94032543148008,33.500644275059955],[-111.94032543148008,33.48998403739921],[-111.92840170024643,33.492193701956126],[-111.92840170024643,33.50285428879325],[-111.94032543148008,33.500644275059955]]]}},{"type":"Feature","properties":{"state":"","county":"PHOENIX","s2_cell":"9739891383761633280","waymo_ro_miles":160697.90484196087,"incremental_miles":25235.032,"vintage_end":"202509","exposure_phase":"deployment"},"geometry":{"type":"Polygon","coordinates":[[[-111.94032543148008,33.511303355843694],[-111.94032543148008,33.500644275059955],[-111.92840170024643,33.50285428879325],[-111.92840170024643,33.51351371840951],[-111.94032543148008,33.511303355843694]]]}},{"type":"Feature","properties":{"state":"","county":"PHOENIX","s2_cell":"9739891418121371648","waymo_ro_miles":207424.5400893614,"incremental_miles":33521.874,"vintage_end":"202509","exposure_phase":"deployment"},"geometry":{"type":"Polygon","coordinates":[[[-111.92840170024643,33.51351371840951],[-111.92840170024643,33.50285428879325],[-111.91647793030225,33.50506305477101],[-111.91647793030225,33.51572283295943],[-111.92840170024643,33.51351371840951]]]}},{"type":"Feature","properties":{"state":"","county":"PHOENIX","s2_cell":"9739891452481110016","waymo_ro_miles":203875.61150696618,"incremental_miles":41337.46,"vintage_end":"202509","exposure_phase":"deployment"},"geometry":{"type":"Polygon","coordinates":[[[-111.91647793030225,33.51572283295943],[-111.91647793030225,33.50506305477101],[-111.90455412316315,33.50727057278177],[-111.90455412316315,33.51793069928209],[-111.91647793030225,33.51572283295943]]]}},{"type":"Feature","properties":{"state":"","county":"PHOENIX","s2_cell":"9739891486840848384","waymo_ro_miles":326021.79087705276,"incremental_miles":64008.066,"vintage_end":"202509","exposure_phase":"deployment"},"geometry":{"type":"Polygon","coordinates":[[[-111.91647793030225,33.50506305477101],[-111.91647793030225,33.494402119018005],[-111.90455412316315,33.496609288373335],[-111.90455412316315,33.50727057278177],[-111.91647793030225,33.50506305477101]]]}},{"type":"Feature","properties":{"state":"","county":"PHOENIX","s2_cell":"9739891521200586752","waymo_ro_miles":552238.1806260163,"incremental_miles":86018.333,"vintage_end":"202509","exposure_phase":"deployment"},"geometry":{"type":"Polygon","coordinates":[[[-111.92840170024643,33.50285428879325],[-111.92840170024643,33.492193701956126],[-111.91647793030225,33.494402119018005],[-111.91647793030225,33.50506305477101],[-111.92840170024643,33.50285428879325]]]}},{"type":"Feature","properties":{"state":"","county":"PHOENIX","s2_cell":"9739891555560325120","waymo_ro_miles":293834.88197811926,"incremental_miles":43750.248,"vintage_end":"202509","exposure_phase":"deployment"},"geometry":{"type":"Polygon","coordinates":[[[-111.92840170024643,33.492193701956126],[-111.92840170024643,33.48153195875146],[-111.91647793030225,33.48374002655374],[-111.91647793030225,33.494402119018005],[-111.92840170024643,33.492193701956126]]]}},{"type":"Feature","properties":{"state":"","county":"PHOENIX","s2_cell":"9739891589920063488","waymo_ro_miles":346112.3358047952,"incremental_miles":65604.683,"vintage_end":"202509","exposure_phase":"deployment"},"geometry":{"type":"Polygon","coordinates":[[[-111.91647793030225,33.494402119018005],[-111.91647793030225,33.48374002655374],[-111.90455412316315,33.48594684691009],[-111.90455412316315,33.496609288373335],[-111.91647793030225,33.494402119018005]]]}},{"type":"Feature","properties":{"state":"","county":"PHOENIX","s2_cell":"9739891624279801856","waymo_ro_miles":329419.32889925875,"incremental_miles":63482.861,"vintage_end":"202509","exposure_phase":"deployment"},"geometry":{"type":"Polygon","coordinates":[[[-111.91647793030225,33.48374002655374],[-111.91647793030225,33.47307677823221],[-111.90455412316315,33.47528324924599],[-111.90455412316315,33.48594684691009],[-111.91647793030225,33.48374002655374]]]}},{"type":"Feature","properties":{"state":"","county":"PHOENIX","s2_cell":"9739891658639540224","waymo_ro_miles":282303.22935060685,"incremental_miles":45426.795,"vintage_end":"202509","exposure_phase":"deployment"},"geometry":{"type":"Polygon","coordinates":[[[-111.92840170024643,33.48153195875146],[-111.92840170024643,33.47086906003329],[-111.91647793030225,33.47307677823221],[-111.91647793030225,33.48374002655374],[-111.92840170024643,33.48153195875146]]]}},{"type":"Feature","properties":{"state":"","county":"PHOENIX","s2_cell":"9739891692999278592","waymo_ro_miles":103411.84895227457,"incremental_miles":14268.872,"vintage_end":"202509","exposure_phase":"deployment"},"geometry":{"type":"Polygon","coordinates":[[[-111.94032543148008,33.47932264371485],[-111.94032543148008,33.46866009486088],[-111.92840170024643,33.47086906003329],[-111.92840170024643,33.48153195875146],[-111.94032543148008,33.47932264371485]]]}},{"type":"Feature","properties":{"state":"","county":"PHOENIX","s2_cell":"9739891727359016960","waymo_ro_miles":160331.7131663109,"incremental_miles":24061.254,"vintage_end":"202509","exposure_phase":"deployment"},"geometry":{"type":"Polygon","coordinates":[[[-111.94032543148008,33.48998403739921],[-111.94032543148008,33.47932264371485],[-111.92840170024643,33.48153195875146],[-111.92840170024643,33.492193701956126],[-111.94032543148008,33.48998403739921]]]}},{"type":"Feature","properties":{"state":"","county":"PHOENIX","s2_cell":"9739891761718755328","waymo_ro_miles":234408.68676239197,"incremental_miles":34467.384,"vintage_end":"202509","exposure_phase":"deployment"},"geometry":{"type":"Polygon","coordinates":[[[-111.9522491224878,33.48777312555937],[-111.9522491224878,33.47711208165606],[-111.94032543148008,33.47932264371485],[-111.94032543148008,33.48998403739921],[-111.9522491224878,33.48777312555937]]]}},{"type":"Feature","properties":{"state":"","county":"PHOENIX","s2_cell":"9739891796078493696","waymo_ro_miles":162018.02039647076,"incremental_miles":26613.695,"vintage_end":"202509","exposure_phase":"deployment"},"geometry":{"type":"Polygon","coordinates":[[[-111.9522491224878,33.47711208165606],[-111.9522491224878,33.46644988292723],[-111.94032543148008,33.46866009486088],[-111.94032543148008,33.47932264371485],[-111.9522491224878,33.47711208165606]]]}},{"type":"Feature","properties":{"state":"","county":"PHOENIX","s2_cell":"9739891830438232064","waymo_ro_miles":97402.70223637429,"incremental_miles":19516.414,"vintage_end":"202509","exposure_phase":"deployment"},"geometry":{"type":"Polygon","coordinates":[[[-111.96417277175436,33.47490027278783],[-111.96417277175436,33.46423842444515],[-111.9522491224878,33.46644988292723],[-111.9522491224878,33.47711208165606],[-111.96417277175436,33.47490027278783]]]}},{"type":"Feature","properties":{"state":"","county":"PHOENIX","s2_cell":"9739891864797970432","waymo_ro_miles":101979.14790326513,"incremental_miles":12398.828,"vintage_end":"202509","exposure_phase":"deployment"},"geometry":{"type":"Polygon","coordinates":[[[-111.96417277175436,33.48556096664927],[-111.96417277175436,33.47490027278783],[-111.9522491224878,33.47711208165606],[-111.9522491224878,33.48777312555937],[-111.96417277175436,33.48556096664927]]]}},{"type":"Feature","properties":{"state":"","county":"PHOENIX","s2_cell":"9739891899157708800","waymo_ro_miles":108235.98146456263,"incremental_miles":15387.794,"vintage_end":"202509","exposure_phase":"deployment"},"geometry":{"type":"Polygon","coordinates":[[[-111.9760963777647,33.48334756088215],[-111.9760963777647,33.4726872173235],[-111.96417277175436,33.47490027278783],[-111.96417277175436,33.48556096664927],[-111.9760963777647,33.48334756088215]]]}},{"type":"Feature","properties":{"state":"","county":"PHOENIX","s2_cell":"9739891933517447168","waymo_ro_miles":208023.28825927267,"incremental_miles":41375.721,"vintage_end":"202509","exposure_phase":"deployment"},"geometry":{"type":"Polygon","coordinates":[[[-111.9760963777647,33.4726872173235],[-111.9760963777647,33.46202571962802],[-111.96417277175436,33.46423842444515],[-111.96417277175436,33.47490027278783],[-111.9760963777647,33.4726872173235]]]}},{"type":"Feature","properties":{"state":"","county":"PHOENIX","s2_cell":"9739891967877185536","waymo_ro_miles":342507.46349426906,"incremental_miles":68009.321,"vintage_end":"202509","exposure_phase":"deployment"},"geometry":{"type":"Polygon","coordinates":[[[-111.98801993900399,33.47047291547695],[-111.98801993900399,33.45981176868984],[-111.9760963777647,33.46202571962802],[-111.9760963777647,33.4726872173235],[-111.98801993900399,33.47047291547695]]]}},{"type":"Feature","properties":{"state":"","county":"PHOENIX","s2_cell":"9739892002236923904","waymo_ro_miles":228865.17278359664,"incremental_miles":39681.205,"vintage_end":"202509","exposure_phase":"deployment"},"geometry":{"type":"Polygon","coordinates":[[[-111.99994345395754,33.46825736746266],[-111.99994345395756,33.45759657184514],[-111.98801993900399,33.45981176868984],[-111.98801993900399,33.47047291547695],[-111.99994345395754,33.46825736746266]]]}},{"type":"Feature","properties":{"state":"","county":"PHOENIX","s2_cell":"9739892036596662272","waymo_ro_miles":123664.46199790107,"incremental_miles":13698.468,"vintage_end":"202509","exposure_phase":"deployment"},"geometry":{"type":"Polygon","coordinates":[[[-111.99994345395754,33.47891700963276],[-111.99994345395754,33.46825736746266],[-111.98801993900399,33.47047291547695],[-111.98801993900399,33.48113290847184],[-111.99994345395754,33.47891700963276]]]}},{"type":"Feature","properties":{"state":"","county":"PHOENIX","s2_cell":"9739892070956400640","waymo_ro_miles":247506.6554618726,"incremental_miles":43690.484,"vintage_end":"202509","exposure_phase":"deployment"},"geometry":{"type":"Polygon","coordinates":[[[-111.98801993900399,33.48113290847184],[-111.98801993900399,33.47047291547695],[-111.9760963777647,33.4726872173235],[-111.9760963777647,33.48334756088215],[-111.98801993900399,33.48113290847184]]]}},{"type":"Feature","properties":{"state":"","county":"PHOENIX","s2_cell":"9739892105316139008","waymo_ro_miles":170519.8304790338,"incremental_miles":30823.043,"vintage_end":"202509","exposure_phase":"deployment"},"geometry":{"type":"Polygon","coordinates":[[[-111.98801993900399,33.49179174682041],[-111.98801993900399,33.48113290847184],[-111.9760963777647,33.48334756088215],[-111.9760963777647,33.49400674944989],[-111.98801993900399,33.49179174682041]]]}},{"type":"Feature","properties":{"state":"","county":"PHOENIX","s2_cell":"9739892139675877376","waymo_ro_miles":142592.51377010113,"incremental_miles":17062.181,"vintage_end":"202509","exposure_phase":"deployment"},"geometry":{"type":"Polygon","coordinates":[[[-111.99994345395756,33.48957549750127],[-111.99994345395754,33.47891700963276],[-111.98801993900399,33.48113290847184],[-111.98801993900399,33.49179174682041],[-111.99994345395756,33.48957549750127]]]}},{"type":"Feature","properties":{"state":"","county":"PHOENIX","s2_cell":"9739892174035615744","waymo_ro_miles":176962.80019035234,"incremental_miles":24787.606,"vintage_end":"202509","exposure_phase":"deployment"},"geometry":{"type":"Polygon","coordinates":[[[-111.99994345395756,33.50023283021471],[-111.99994345395756,33.48957549750127],[-111.98801993900399,33.49179174682041],[-111.98801993900399,33.50244942966918],[-111.99994345395756,33.50023283021471]]]}},{"type":"Feature","properties":{"state":"","county":"PHOENIX","s2_cell":"9739892208395354112","waymo_ro_miles":230550.72275517337,"incremental_miles":41859.098,"vintage_end":"202509","exposure_phase":"deployment"},"geometry":{"type":"Polygon","coordinates":[[[-111.98801993900399,33.50244942966918],[-111.98801993900399,33.49179174682041],[-111.9760963777647,33.49400674944989],[-111.9760963777647,33.50466478217328],[-111.98801993900399,33.50244942966918]]]}},{"type":"Feature","properties":{"state":"","county":"PHOENIX","s2_cell":"9739892242755092480","waymo_ro_miles":106854.76463833849,"incremental_miles":16213.172,"vintage_end":"202509","exposure_phase":"deployment"},"geometry":{"type":"Polygon","coordinates":[[[-111.9760963777647,33.50466478217328],[-111.9760963777647,33.49400674944989],[-111.96417277175436,33.49622050517538],[-111.96417277175436,33.506878887512755],[-111.9760963777647,33.50466478217328]]]}},{"type":"Feature","properties":{"state":"","county":"PHOENIX","s2_cell":"9739892277114830848","waymo_ro_miles":98147.11362993075,"incremental_miles":14525.819,"vintage_end":"202509","exposure_phase":"deployment"},"geometry":{"type":"Polygon","coordinates":[[[-111.9760963777647,33.49400674944989],[-111.9760963777647,33.48334756088215],[-111.96417277175436,33.48556096664927],[-111.96417277175436,33.49622050517538],[-111.9760963777647,33.49400674944989]]]}},{"type":"Feature","properties":{"state":"","county":"PHOENIX","s2_cell":"9739892311474569216","waymo_ro_miles":129841.69800129882,"incremental_miles":20448.993,"vintage_end":"202509","exposure_phase":"deployment"},"geometry":{"type":"Polygon","coordinates":[[[-111.96417277175436,33.49622050517538],[-111.96417277175436,33.48556096664927],[-111.9522491224878,33.48777312555937],[-111.9522491224878,33.498433013783135],[-111.96417277175436,33.49622050517538]]]}},{"type":"Feature","properties":{"state":"","county":"PHOENIX","s2_cell":"9739892345834307584","waymo_ro_miles":122408.15086585932,"incremental_miles":18251.085,"vintage_end":"202509","exposure_phase":"deployment"},"geometry":{"type":"Polygon","coordinates":[[[-111.96417277175436,33.506878887512755],[-111.96417277175436,33.49622050517538],[-111.9522491224878,33.498433013783135],[-111.9522491224878,33.50909174547394],[-111.96417277175436,33.506878887512755]]]}},{"type":"Feature","properties":{"state":"","county":"PHOENIX","s2_cell":"9739892414553784320","waymo_ro_miles":54321.75107444965,"incremental_miles":8244.825,"vintage_end":"202509","exposure_phase":"deployment"},"geometry":{"type":"Polygon","coordinates":[[[-111.9760963777647,33.51532165819953],[-111.9760963777647,33.50466478217328],[-111.96417277175436,33.506878887512755],[-111.96417277175436,33.517536112808635],[-111.9760963777647,33.51532165819953]]]}},{"type":"Feature","properties":{"state":"","county":"PHOENIX","s2_cell":"9739892448913522688","waymo_ro_miles":31452.6319475319,"incremental_miles":4778.93,"vintage_end":"202509","exposure_phase":"deployment"},"geometry":{"type":"Polygon","coordinates":[[[-111.9760963777647,33.525977376676515],[-111.9760963777647,33.51532165819953],[-111.96417277175436,33.517536112808635],[-111.96417277175436,33.5281921802109],[-111.9760963777647,33.525977376676515]]]}},{"type":"Feature","properties":{"state":"","county":"PHOENIX","s2_cell":"9739892483273261056","waymo_ro_miles":18891.465604899913,"incremental_miles":2090.238,"vintage_end":"202509","exposure_phase":"deployment"},"geometry":{"type":"Polygon","coordinates":[[[-111.96417277175436,33.5281921802109],[-111.96417277175436,33.517536112808635],[-111.9522491224878,33.51974931977904],[-111.9522491224878,33.53040573584637],[-111.96417277175436,33.5281921802109]]]}},{"type":"Feature","properties":{"state":"","county":"PHOENIX","s2_cell":"9739892517632999424","waymo_ro_miles":62764.10534583757,"incremental_miles":12420.763,"vintage_end":"202509","exposure_phase":"deployment"},"geometry":{"type":"Polygon","coordinates":[[[-111.96417277175436,33.53884708886811],[-111.96417277175436,33.5281921802109],[-111.9522491224878,33.53040573584637],[-111.9522491224878,33.54106099282449],[-111.96417277175436,33.53884708886811]]]}},{"type":"Feature","properties":{"state":"","county":"PHOENIX","s2_cell":"9739892586352476160","waymo_ro_miles":99285.38277195474,"incremental_miles":25214.269,"vintage_end":"202509","exposure_phase":"deployment"},"geometry":{"type":"Polygon","coordinates":[[[-111.9760963777647,33.54728533757743],[-111.9760963777647,33.536631936752755],[-111.96417277175436,33.53884708886811],[-111.96417277175436,33.54950083792946],[-111.9760963777647,33.54728533757743]]]}},{"type":"Feature","properties":{"state":"","county":"PHOENIX","s2_cell":"9739892620712214528","waymo_ro_miles":166363.24199674765,"incremental_miles":35207.028,"vintage_end":"202509","exposure_phase":"deployment"},"geometry":{"type":"Polygon","coordinates":[[[-111.9760963777647,33.536631936752755],[-111.9760963777647,33.525977376676515],[-111.96417277175436,33.5281921802109],[-111.96417277175436,33.53884708886811],[-111.9760963777647,33.536631936752755]]]}},{"type":"Feature","properties":{"state":"","county":"PHOENIX","s2_cell":"9739892655071952896","waymo_ro_miles":54980.01616934026,"incremental_miles":15337.6,"vintage_end":"202509","exposure_phase":"deployment"},"geometry":{"type":"Polygon","coordinates":[[[-111.98801993900399,33.53441553669191],[-111.98801993900399,33.52376132545676],[-111.9760963777647,33.525977376676515],[-111.9760963777647,33.536631936752755],[-111.98801993900399,33.53441553669191]]]}},{"type":"Feature","properties":{"state":"","county":"PHOENIX","s2_cell":"9739892723791429632","waymo_ro_miles":5291.6222074120615,"incremental_miles":1856.254,"vintage_end":"202509","exposure_phase":"deployment"},"geometry":{"type":"Polygon","coordinates":[[[-111.99994345395754,33.542850592471005],[-111.99994345395756,33.53219788889961],[-111.98801993900399,33.53441553669191],[-111.98801993900399,33.54506858901995],[-111.99994345395754,33.542850592471005]]]}},{"type":"Feature","properties":{"state":"","county":"PHOENIX","s2_cell":"9739892792510906368","waymo_ro_miles":19002.44254409901,"incremental_miles":2981.843,"vintage_end":"202509","exposure_phase":"deployment"},"geometry":{"type":"Polygon","coordinates":[[[-111.99994345395756,33.52154402676574],[-111.99994345395756,33.51088900692027],[-111.98801993900399,33.51310595616535],[-111.98801993900399,33.52376132545676],[-111.99994345395756,33.52154402676574]]]}},{"type":"Feature","properties":{"state":"","county":"PHOENIX","s2_cell":"9739892826870644736","waymo_ro_miles":184920.77940653957,"incremental_miles":34715.138,"vintage_end":"202509","exposure_phase":"deployment"},"geometry":{"type":"Polygon","coordinates":[[[-111.98801993900399,33.52376132545676],[-111.98801993900399,33.51310595616535],[-111.9760963777647,33.51532165819953],[-111.9760963777647,33.525977376676515],[-111.98801993900399,33.52376132545676]]]}},{"type":"Feature","properties":{"state":"","county":"PHOENIX","s2_cell":"9739892861230383104","waymo_ro_miles":260184.72966681293,"incremental_miles":45493.732,"vintage_end":"202509","exposure_phase":"deployment"},"geometry":{"type":"Polygon","coordinates":[[[-111.98801993900399,33.51310595616535],[-111.98801993900399,33.50244942966918],[-111.9760963777647,33.50466478217328],[-111.9760963777647,33.51532165819953],[-111.98801993900399,33.51310595616535]]]}},{"type":"Feature","properties":{"state":"","county":"PHOENIX","s2_cell":"9739892895590121472","waymo_ro_miles":185283.15815166503,"incremental_miles":28342.313,"vintage_end":"202509","exposure_phase":"deployment"},"geometry":{"type":"Polygon","coordinates":[[[-111.99994345395756,33.51088900692027],[-111.99994345395756,33.50023283021471],[-111.98801993900399,33.50244942966918],[-111.98801993900399,33.51310595616535],[-111.99994345395756,33.51088900692027]]]}},{"type":"Feature","properties":{"state":"","county":"PHOENIX","s2_cell":"9739892929949859840","waymo_ro_miles":93077.22275530633,"incremental_miles":14561.946,"vintage_end":"202509","exposure_phase":"deployment"},"geometry":{"type":"Polygon","coordinates":[[[-112.0118669211109,33.50867081067907],[-112.0118669211109,33.49801498402474],[-111.99994345395756,33.50023283021471],[-111.99994345395756,33.51088900692027],[-112.0118669211109,33.50867081067907]]]}},{"type":"Feature","properties":{"state":"","county":"PHOENIX","s2_cell":"9739892964309598208","waymo_ro_miles":118779.63764360161,"incremental_miles":21964.898,"vintage_end":"202509","exposure_phase":"deployment"},"geometry":{"type":"Polygon","coordinates":[[[-112.02379033894974,33.50645136765708],[-112.02379033894974,33.49579589131466],[-112.0118669211109,33.49801498402474],[-112.0118669211109,33.50867081067907],[-112.02379033894974,33.50645136765708]]]}},{"type":"Feature","properties":{"state":"","county":"PHOENIX","s2_cell":"9739892998669336576","waymo_ro_miles":166005.41126386676,"incremental_miles":32275.822,"vintage_end":"202509","exposure_phase":"deployment"},"geometry":{"type":"Polygon","coordinates":[[[-112.02379033894974,33.5171056878293],[-112.02379033894974,33.50645136765708],[-112.0118669211109,33.50867081067907],[-112.0118669211109,33.51932548081816],[-112.02379033894974,33.5171056878293]]]}},{"type":"Feature","properties":{"state":"","county":"PHOENIX","s2_cell":"9739893033029074944","waymo_ro_miles":79273.19371061304,"incremental_miles":13498.84,"vintage_end":"202509","exposure_phase":"deployment"},"geometry":{"type":"Polygon","coordinates":[[[-112.0118669211109,33.51932548081816],[-112.0118669211109,33.50867081067907],[-111.99994345395756,33.51088900692027],[-111.99994345395756,33.52154402676574],[-112.0118669211109,33.51932548081816]]]}},{"type":"Feature","properties":{"state":"","county":"PHOENIX","s2_cell":"9739893067388813312","waymo_ro_miles":13611.42364530956,"incremental_miles":3523.547,"vintage_end":"202509","exposure_phase":"deployment"},"geometry":{"type":"Polygon","coordinates":[[[-112.0118669211109,33.52997899359049],[-112.0118669211109,33.51932548081816],[-111.99994345395756,33.52154402676574],[-111.99994345395756,33.53219788889961],[-112.0118669211109,33.52997899359049]]]}},{"type":"Feature","properties":{"state":"","county":"PHOENIX","s2_cell":"9739893101748551680","waymo_ro_miles":44161.062163012844,"incremental_miles":12326.388,"vintage_end":"202509","exposure_phase":"deployment"},"geometry":{"type":"Polygon","coordinates":[[[-112.0118669211109,33.54063134814514],[-112.0118669211109,33.52997899359049],[-111.99994345395756,33.53219788889961],[-111.99994345395754,33.542850592471005],[-112.0118669211109,33.54063134814514]]]}},{"type":"Feature","properties":{"state":"","county":"PHOENIX","s2_cell":"9739893136108290048","waymo_ro_miles":65226.96761203346,"incremental_miles":17132.873,"vintage_end":"202509","exposure_phase":"deployment"},"geometry":{"type":"Polygon","coordinates":[[[-112.02379033894974,33.53841085625749],[-112.02379033894974,33.527758850979744],[-112.0118669211109,33.52997899359049],[-112.0118669211109,33.54063134814514],[-112.02379033894974,33.53841085625749]]]}},{"type":"Feature","properties":{"state":"","county":"PHOENIX","s2_cell":"9739893170468028416","waymo_ro_miles":42839.98859526331,"incremental_miles":11033.779,"vintage_end":"202509","exposure_phase":"deployment"},"geometry":{"type":"Polygon","coordinates":[[[-112.02379033894974,33.527758850979744],[-112.02379033894974,33.5171056878293],[-112.0118669211109,33.51932548081816],[-112.0118669211109,33.52997899359049],[-112.02379033894974,33.527758850979744]]]}},{"type":"Feature","properties":{"state":"","county":"PHOENIX","s2_cell":"9739893204827766784","waymo_ro_miles":92231.81293372573,"incremental_miles":17349.115,"vintage_end":"202509","exposure_phase":"deployment"},"geometry":{"type":"Polygon","coordinates":[[[-112.03571370595999,33.525537461283164],[-112.03571370595999,33.51488464801501],[-112.02379033894974,33.5171056878293],[-112.02379033894974,33.527758850979744],[-112.03571370595999,33.525537461283164]]]}},{"type":"Feature","properties":{"state":"","county":"PHOENIX","s2_cell":"9739893239187505152","waymo_ro_miles":60982.309563311515,"incremental_miles":15373.73,"vintage_end":"202509","exposure_phase":"deployment"},"geometry":{"type":"Polygon","coordinates":[[[-112.03571370595999,33.536189117023774],[-112.03571370595999,33.525537461283164],[-112.02379033894974,33.527758850979744],[-112.02379033894974,33.53841085625749],[-112.03571370595999,33.536189117023774]]]}},{"type":"Feature","properties":{"state":"","county":"PHOENIX","s2_cell":"9739893273547243520","waymo_ro_miles":47886.62065171556,"incremental_miles":10698.619,"vintage_end":"202509","exposure_phase":"deployment"},"geometry":{"type":"Polygon","coordinates":[[[-112.04763702062775,33.533966130660254],[-112.04763702062775,33.523314824717104],[-112.03571370595999,33.525537461283164],[-112.03571370595999,33.536189117023774],[-112.04763702062775,33.533966130660254]]]}},{"type":"Feature","properties":{"state":"","county":"PHOENIX","s2_cell":"9739893307906981888","waymo_ro_miles":113259.81933523837,"incremental_miles":22299.354,"vintage_end":"202509","exposure_phase":"deployment"},"geometry":{"type":"Polygon","coordinates":[[[-112.04763702062775,33.523314824717104],[-112.04763702062775,33.51266236159172],[-112.03571370595999,33.51488464801501],[-112.03571370595999,33.525537461283164],[-112.04763702062775,33.523314824717104]]]}},{"type":"Feature","properties":{"state":"","county":"PHOENIX","s2_cell":"9739893342266720256","waymo_ro_miles":201022.1410311792,"incremental_miles":35676.794,"vintage_end":"202509","exposure_phase":"deployment"},"geometry":{"type":"Polygon","coordinates":[[[-112.04763702062775,33.51266236159172],[-112.04763702062775,33.50200874213507],[-112.03571370595999,33.50423067807025],[-112.03571370595999,33.51488464801501],[-112.04763702062775,33.51266236159172]]]}},{"type":"Feature","properties":{"state":"","county":"PHOENIX","s2_cell":"9739893376626458624","waymo_ro_miles":187284.3244767945,"incremental_miles":32242.346,"vintage_end":"202509","exposure_phase":"deployment"},"geometry":{"type":"Polygon","coordinates":[[[-112.03571370595999,33.51488464801501],[-112.03571370595999,33.50423067807025],[-112.02379033894974,33.50645136765708],[-112.02379033894974,33.5171056878293],[-112.03571370595999,33.51488464801501]]]}},{"type":"Feature","properties":{"state":"","county":"PHOENIX","s2_cell":"9739893410986196992","waymo_ro_miles":166703.3269561356,"incremental_miles":24279.645,"vintage_end":"202509","exposure_phase":"deployment"},"geometry":{"type":"Polygon","coordinates":[[[-112.03571370595999,33.50423067807025],[-112.03571370595999,33.49357555230048],[-112.02379033894974,33.49579589131466],[-112.02379033894974,33.50645136765708],[-112.03571370595999,33.50423067807025]]]}},{"type":"Feature","properties":{"state":"","county":"PHOENIX","s2_cell":"9739893445345935360","waymo_ro_miles":170170.95331514016,"incremental_miles":21159.061,"vintage_end":"202509","exposure_phase":"deployment"},"geometry":{"type":"Polygon","coordinates":[[[-112.04763702062775,33.50200874213507],[-112.04763702062775,33.49135396719877],[-112.03571370595999,33.49357555230048],[-112.03571370595999,33.50423067807025],[-112.04763702062775,33.50200874213507]]]}},{"type":"Feature","properties":{"state":"","county":"PHOENIX","s2_cell":"9739893479705673728","waymo_ro_miles":166287.15459016137,"incremental_miles":30859.404,"vintage_end":"202509","exposure_phase":"deployment"},"geometry":{"type":"Polygon","coordinates":[[[-112.04763702062775,33.49135396719877],[-112.04763702062775,33.48069803763509],[-112.03571370595999,33.48291927155795],[-112.03571370595999,33.49357555230048],[-112.04763702062775,33.49135396719877]]]}},{"type":"Feature","properties":{"state":"","county":"PHOENIX","s2_cell":"9739893514065412096","waymo_ro_miles":141619.43744841416,"incremental_miles":21349.106,"vintage_end":"202509","exposure_phase":"deployment"},"geometry":{"type":"Polygon","coordinates":[[[-112.04763702062775,33.48069803763509],[-112.04763702062775,33.47004095429698],[-112.03571370595999,33.47226183669556],[-112.03571370595999,33.48291927155795],[-112.04763702062775,33.48069803763509]]]}},{"type":"Feature","properties":{"state":"","county":"PHOENIX","s2_cell":"9739893548425150464","waymo_ro_miles":151600.1774789849,"incremental_miles":26639.489,"vintage_end":"202509","exposure_phase":"deployment"},"geometry":{"type":"Polygon","coordinates":[[[-112.03571370595999,33.48291927155795],[-112.03571370595999,33.47226183669556],[-112.02379033894974,33.47448147352876],[-112.02379033894974,33.48513925965426],[-112.03571370595999,33.48291927155795]]]}},{"type":"Feature","properties":{"state":"","county":"PHOENIX","s2_cell":"9739893582784888832","waymo_ro_miles":190210.81811435308,"incremental_miles":33041.624,"vintage_end":"202509","exposure_phase":"deployment"},"geometry":{"type":"Polygon","coordinates":[[[-112.03571370595999,33.49357555230048],[-112.03571370595999,33.48291927155795],[-112.02379033894974,33.48513925965426],[-112.02379033894974,33.49579589131466],[-112.03571370595999,33.49357555230048]]]}},{"type":"Feature","properties":{"state":"","county":"PHOENIX","s2_cell":"9739893617144627200","waymo_ro_miles":265546.05117030843,"incremental_miles":41649.27,"vintage_end":"202509","exposure_phase":"deployment"},"geometry":{"type":"Polygon","coordinates":[[[-112.02379033894974,33.49579589131466],[-112.02379033894974,33.48513925965426],[-112.0118669211109,33.48735800170739],[-112.0118669211109,33.49801498402474],[-112.02379033894974,33.49579589131466]]]}},{"type":"Feature","properties":{"state":"","county":"PHOENIX","s2_cell":"9739893651504365568","waymo_ro_miles":148436.82517008085,"incremental_miles":21296.265,"vintage_end":"202509","exposure_phase":"deployment"},"geometry":{"type":"Polygon","coordinates":[[[-112.0118669211109,33.49801498402474],[-112.0118669211109,33.48735800170739],[-111.99994345395756,33.48957549750127],[-111.99994345395756,33.50023283021471],[-112.0118669211109,33.49801498402474]]]}},{"type":"Feature","properties":{"state":"","county":"PHOENIX","s2_cell":"9739893685864103936","waymo_ro_miles":122304.82231291218,"incremental_miles":18331.12,"vintage_end":"202509","exposure_phase":"deployment"},"geometry":{"type":"Polygon","coordinates":[[[-112.0118669211109,33.48735800170739],[-112.0118669211109,33.47669986457988],[-111.99994345395754,33.47891700963276],[-111.99994345395756,33.48957549750127],[-112.0118669211109,33.48735800170739]]]}},{"type":"Feature","properties":{"state":"","county":"PHOENIX","s2_cell":"9739893720223842304","waymo_ro_miles":180696.16882703305,"incremental_miles":28459.54,"vintage_end":"202509","exposure_phase":"deployment"},"geometry":{"type":"Polygon","coordinates":[[[-112.02379033894974,33.48513925965426],[-112.02379033894974,33.47448147352876],[-112.0118669211109,33.47669986457988],[-112.0118669211109,33.48735800170739],[-112.02379033894974,33.48513925965426]]]}},{"type":"Feature","properties":{"state":"","county":"PHOENIX","s2_cell":"9739893754583580672","waymo_ro_miles":217712.38728671466,"incremental_miles":38300.265,"vintage_end":"202509","exposure_phase":"deployment"},"geometry":{"type":"Polygon","coordinates":[[[-112.02379033894974,33.47448147352876],[-112.02379033894974,33.4638225337917],[-112.0118669211109,33.46604057349571],[-112.0118669211109,33.47669986457988],[-112.02379033894974,33.47448147352876]]]}},{"type":"Feature","properties":{"state":"","county":"PHOENIX","s2_cell":"9739893788943319040","waymo_ro_miles":43399.472026436146,"incremental_miles":6837.252,"vintage_end":"202509","exposure_phase":"deployment"},"geometry":{"type":"Polygon","coordinates":[[[-112.0118669211109,33.47669986457988],[-112.0118669211109,33.46604057349571],[-111.99994345395754,33.46825736746266],[-111.99994345395754,33.47891700963276],[-112.0118669211109,33.47669986457988]]]}},{"type":"Feature","properties":{"state":"","county":"PHOENIX","s2_cell":"9739893823303057408","waymo_ro_miles":144494.9699222,"incremental_miles":28811.782,"vintage_end":"202509","exposure_phase":"deployment"},"geometry":{"type":"Polygon","coordinates":[[[-112.0118669211109,33.46604057349571],[-112.0118669211109,33.45538012930904],[-111.99994345395756,33.45759657184514],[-111.99994345395754,33.46825736746266],[-112.0118669211109,33.46604057349571]]]}},{"type":"Feature","properties":{"state":"","county":"PHOENIX","s2_cell":"9739893857662795776","waymo_ro_miles":147762.34192124626,"incremental_miles":26648.141,"vintage_end":"202509","exposure_phase":"deployment"},"geometry":{"type":"Polygon","coordinates":[[[-112.02379033894974,33.4638225337917],[-112.02379033894974,33.453162441297266],[-112.0118669211109,33.45538012930904],[-112.0118669211109,33.46604057349571],[-112.02379033894974,33.4638225337917]]]}},{"type":"Feature","properties":{"state":"","county":"PHOENIX","s2_cell":"9739893892022534144","waymo_ro_miles":147240.83357132287,"incremental_miles":34607.02,"vintage_end":"202509","exposure_phase":"deployment"},"geometry":{"type":"Polygon","coordinates":[[[-112.03571370595999,33.46160324856687],[-112.03571370595999,33.45094350802608],[-112.02379033894974,33.453162441297266],[-112.02379033894974,33.4638225337917],[-112.03571370595999,33.46160324856687]]]}},{"type":"Feature","properties":{"state":"","county":"PHOENIX","s2_cell":"9739893926382272512","waymo_ro_miles":212183.14777653004,"incremental_miles":42076.847,"vintage_end":"202509","exposure_phase":"deployment"},"geometry":{"type":"Polygon","coordinates":[[[-112.03571370595999,33.47226183669556],[-112.03571370595999,33.46160324856687],[-112.02379033894974,33.4638225337917],[-112.02379033894974,33.47448147352876],[-112.03571370595999,33.47226183669556]]]}},{"type":"Feature","properties":{"state":"","county":"PHOENIX","s2_cell":"9739893960742010880","waymo_ro_miles":166464.99388886988,"incremental_miles":31139.521,"vintage_end":"202509","exposure_phase":"deployment"},"geometry":{"type":"Polygon","coordinates":[[[-112.04763702062775,33.47004095429698],[-112.04763702062775,33.45938271803798],[-112.03571370595999,33.46160324856687],[-112.03571370595999,33.47226183669556],[-112.04763702062775,33.47004095429698]]]}},{"type":"Feature","properties":{"state":"","county":"PHOENIX","s2_cell":"9739893995101749248","waymo_ro_miles":273385.80267910264,"incremental_miles":53555.509,"vintage_end":"202509","exposure_phase":"deployment"},"geometry":{"type":"Polygon","coordinates":[[[-112.04763702062775,33.45938271803798],[-112.04763702062775,33.44872332971235],[-112.03571370595999,33.45094350802608],[-112.03571370595999,33.46160324856687],[-112.04763702062775,33.45938271803798]]]}},{"type":"Feature","properties":{"state":"","county":"PHOENIX","s2_cell":"9739894029461487616","waymo_ro_miles":335448.3338941784,"incremental_miles":55117.637,"vintage_end":"202509","exposure_phase":"deployment"},"geometry":{"type":"Polygon","coordinates":[[[-112.04763702062775,33.44872332971235],[-112.04763702062775,33.438062790174975],[-112.03571370595999,33.44028261592807],[-112.03571370595999,33.45094350802608],[-112.04763702062775,33.44872332971235]]]}},{"type":"Feature","properties":{"state":"","county":"PHOENIX","s2_cell":"9739894063821225984","waymo_ro_miles":511260.6650968338,"incremental_miles":101747.792,"vintage_end":"202509","exposure_phase":"deployment"},"geometry":{"type":"Polygon","coordinates":[[[-112.03571370595999,33.45094350802608],[-112.03571370595999,33.44028261592807],[-112.02379033894974,33.44250119690029],[-112.02379033894974,33.453162441297266],[-112.03571370595999,33.45094350802608]]]}},{"type":"Feature","properties":{"state":"","county":"PHOENIX","s2_cell":"9739894098180964352","waymo_ro_miles":350305.7968589308,"incremental_miles":81178.501,"vintage_end":"202509","exposure_phase":"deployment"},"geometry":{"type":"Polygon","coordinates":[[[-112.03571370595999,33.44028261592807],[-112.03571370595999,33.42962057312834],[-112.02379033894974,33.431838801456266],[-112.02379033894974,33.44250119690029],[-112.03571370595999,33.44028261592807]]]}},{"type":"Feature","properties":{"state":"","county":"PHOENIX","s2_cell":"9739894132540702720","waymo_ro_miles":113339.2362288565,"incremental_miles":17999.678,"vintage_end":"202509","exposure_phase":"deployment"},"geometry":{"type":"Polygon","coordinates":[[[-112.04763702062775,33.438062790174975],[-112.04763702062775,33.42740110028139],[-112.03571370595999,33.42962057312834],[-112.03571370595999,33.44028261592807],[-112.04763702062775,33.438062790174975]]]}},{"type":"Feature","properties":{"state":"","county":"PHOENIX","s2_cell":"9739894166900441088","waymo_ro_miles":46033.37099977957,"incremental_miles":10330.947,"vintage_end":"202509","exposure_phase":"deployment"},"geometry":{"type":"Polygon","coordinates":[[[-112.04763702062775,33.42740110028139],[-112.04763702062775,33.41673826088777],[-112.03571370595999,33.41895738048308],[-112.03571370595999,33.42962057312834],[-112.04763702062775,33.42740110028139]]]}},{"type":"Feature","properties":{"state":"","county":"PHOENIX","s2_cell":"9739894201260179456","waymo_ro_miles":123590.70429647765,"incremental_miles":25533.085,"vintage_end":"202509","exposure_phase":"deployment"},"geometry":{"type":"Polygon","coordinates":[[[-112.04763702062775,33.41673826088777],[-112.04763702062775,33.40607427285097],[-112.03571370595999,33.40829303884908],[-112.03571370595999,33.41895738048308],[-112.04763702062775,33.41673826088777]]]}},{"type":"Feature","properties":{"state":"","county":"PHOENIX","s2_cell":"9739894235619917824","waymo_ro_miles":69371.26028500672,"incremental_miles":16643.858,"vintage_end":"202509","exposure_phase":"deployment"},"geometry":{"type":"Polygon","coordinates":[[[-112.03571370595999,33.41895738048308],[-112.03571370595999,33.40829303884908],[-112.02379033894974,33.410510560852344],[-112.02379033894974,33.421175255821346],[-112.03571370595999,33.41895738048308]]]}},{"type":"Feature","properties":{"state":"","county":"PHOENIX","s2_cell":"9739894269979656192","waymo_ro_miles":82395.36517796584,"incremental_miles":20695.97,"vintage_end":"202509","exposure_phase":"deployment"},"geometry":{"type":"Polygon","coordinates":[[[-112.03571370595999,33.42962057312834],[-112.03571370595999,33.41895738048308],[-112.02379033894974,33.421175255821346],[-112.02379033894974,33.431838801456266],[-112.03571370595999,33.42962057312834]]]}},{"type":"Feature","properties":{"state":"","county":"PHOENIX","s2_cell":"9739894304339394560","waymo_ro_miles":322.15773346011895,"incremental_miles":97.207,"vintage_end":"202509","exposure_phase":"deployment"},"geometry":{"type":"Polygon","coordinates":[[[-112.02379033894974,33.431838801456266],[-112.02379033894974,33.421175255821346],[-112.0118669211109,33.42339188668554],[-112.0118669211109,33.43405578504816],[-112.02379033894974,33.431838801456266]]]}},{"type":"Feature","properties":{"state":"","county":"PHOENIX","s2_cell":"9739894338699132928","waymo_ro_miles":2193.2238716023517,"incremental_miles":656.833,"vintage_end":"202509","exposure_phase":"deployment"},"geometry":{"type":"Polygon","coordinates":[[[-112.02379033894974,33.421175255821346],[-112.02379033894974,33.410510560852344],[-112.0118669211109,33.41272683864362],[-112.0118669211109,33.42339188668554],[-112.02379033894974,33.421175255821346]]]}},{"type":"Feature","properties":{"state":"","county":"PHOENIX","s2_cell":"9739894373058871296","waymo_ro_miles":49462.15308650888,"incremental_miles":10724.661,"vintage_end":"202509","exposure_phase":"deployment"},"geometry":{"type":"Polygon","coordinates":[[[-112.0118669211109,33.42339188668554],[-112.0118669211109,33.41272683864362],[-111.99994345395754,33.414941872006345],[-111.99994345395756,33.425607272859146],[-112.0118669211109,33.42339188668554]]]}},{"type":"Feature","properties":{"state":"","county":"PHOENIX","s2_cell":"9739894407418609664","waymo_ro_miles":140331.80615728066,"incremental_miles":35122.108,"vintage_end":"202509","exposure_phase":"deployment"},"geometry":{"type":"Polygon","coordinates":[[[-112.0118669211109,33.43405578504816],[-112.0118669211109,33.42339188668554],[-111.99994345395756,33.425607272859146],[-111.99994345395756,33.4362715236876],[-112.0118669211109,33.43405578504816]]]}},{"type":"Feature","properties":{"state":"","county":"PHOENIX","s2_cell":"9739894441778348032","waymo_ro_miles":294996.2728089764,"incremental_miles":76188.484,"vintage_end":"202509","exposure_phase":"deployment"},"geometry":{"type":"Polygon","coordinates":[[[-112.0118669211109,33.4447185328747],[-112.0118669211109,33.43405578504816],[-111.99994345395756,33.4362715236876],[-111.99994345395754,33.44693462363497],[-112.0118669211109,33.4447185328747]]]}},{"type":"Feature","properties":{"state":"","county":"PHOENIX","s2_cell":"9739894476138086400","waymo_ro_miles":303691.3471185154,"incremental_miles":76213.347,"vintage_end":"202509","exposure_phase":"deployment"},"geometry":{"type":"Polygon","coordinates":[[[-112.02379033894974,33.44250119690029],[-112.02379033894974,33.431838801456266],[-112.0118669211109,33.43405578504816],[-112.0118669211109,33.4447185328747],[-112.02379033894974,33.44250119690029]]]}},{"type":"Feature","properties":{"state":"","county":"PHOENIX","s2_cell":"9739894510497824768","waymo_ro_miles":472663.65455085394,"incremental_miles":73424.267,"vintage_end":"202509","exposure_phase":"deployment"},"geometry":{"type":"Polygon","coordinates":[[[-112.02379033894974,33.453162441297266],[-112.02379033894974,33.44250119690029],[-112.0118669211109,33.4447185328747],[-112.0118669211109,33.45538012930904],[-112.02379033894974,33.453162441297266]]]}},{"type":"Feature","properties":{"state":"","county":"PHOENIX","s2_cell":"9739894544857563136","waymo_ro_miles":386432.9779225671,"incremental_miles":52216.106,"vintage_end":"202509","exposure_phase":"deployment"},"geometry":{"type":"Polygon","coordinates":[[[-112.0118669211109,33.45538012930904],[-112.0118669211109,33.4447185328747],[-111.99994345395754,33.44693462363497],[-111.99994345395756,33.45759657184514],[-112.0118669211109,33.45538012930904]]]}},{"type":"Feature","properties":{"state":"","county":"PHOENIX","s2_cell":"9739894579217301504","waymo_ro_miles":423617.9623929247,"incremental_miles":69177.312,"vintage_end":"202509","exposure_phase":"deployment"},"geometry":{"type":"Polygon","coordinates":[[[-111.99994345395756,33.45759657184514],[-111.99994345395754,33.44693462363497],[-111.98801993900399,33.449149468965295],[-111.98801993900399,33.45981176868984],[-111.99994345395756,33.45759657184514]]]}},{"type":"Feature","properties":{"state":"","county":"PHOENIX","s2_cell":"9739894613577039872","waymo_ro_miles":223799.06989465814,"incremental_miles":34481.086,"vintage_end":"202509","exposure_phase":"deployment"},"geometry":{"type":"Polygon","coordinates":[[[-111.99994345395754,33.44693462363497],[-111.99994345395756,33.4362715236876],[-111.98801993900399,33.43848601715874],[-111.98801993900399,33.449149468965295],[-111.99994345395754,33.44693462363497]]]}},{"type":"Feature","properties":{"state":"","county":"PHOENIX","s2_cell":"9739894647936778240","waymo_ro_miles":536057.6717530716,"incremental_miles":88467.004,"vintage_end":"202509","exposure_phase":"deployment"},"geometry":{"type":"Polygon","coordinates":[[[-111.98801993900399,33.449149468965295],[-111.98801993900399,33.43848601715874],[-111.9760963777647,33.4406992652463],[-111.9760963777647,33.451363068650494],[-111.98801993900399,33.449149468965295]]]}},{"type":"Feature","properties":{"state":"","county":"PHOENIX","s2_cell":"9739894682296516608","waymo_ro_miles":402797.92569991155,"incremental_miles":69360.62,"vintage_end":"202509","exposure_phase":"deployment"},"geometry":{"type":"Polygon","coordinates":[[[-111.98801993900399,33.45981176868984],[-111.98801993900399,33.449149468965295],[-111.9760963777647,33.451363068650494],[-111.9760963777647,33.46202571962802],[-111.98801993900399,33.45981176868984]]]}},{"type":"Feature","properties":{"state":"","county":"PHOENIX","s2_cell":"9739894716656254976","waymo_ro_miles":65879.59066532255,"incremental_miles":11497.136,"vintage_end":"202509","exposure_phase":"deployment"},"geometry":{"type":"Polygon","coordinates":[[[-111.9760963777647,33.46202571962802],[-111.9760963777647,33.451363068650494],[-111.96417277175436,33.45357542247594],[-111.96417277175436,33.46423842444515],[-111.9760963777647,33.46202571962802]]]}},{"type":"Feature","properties":{"state":"","county":"PHOENIX","s2_cell":"9739894751015993344","waymo_ro_miles":66070.06906011101,"incremental_miles":13693.206,"vintage_end":"202509","exposure_phase":"deployment"},"geometry":{"type":"Polygon","coordinates":[[[-111.96417277175436,33.46423842444515],[-111.96417277175436,33.45357542247594],[-111.9522491224878,33.4557865302276],[-111.9522491224878,33.46644988292723],[-111.96417277175436,33.46423842444515]]]}},{"type":"Feature","properties":{"state":"","county":"PHOENIX","s2_cell":"9739894785375731712","waymo_ro_miles":404078.5097270657,"incremental_miles":55942.354,"vintage_end":"202509","exposure_phase":"deployment"},"geometry":{"type":"Polygon","coordinates":[[[-111.96417277175436,33.45357542247594],[-111.96417277175436,33.44291126773559],[-111.9522491224878,33.44512202441251],[-111.9522491224878,33.4557865302276],[-111.96417277175436,33.45357542247594]]]}},{"type":"Feature","properties":{"state":"","county":"PHOENIX","s2_cell":"9739894819735470080","waymo_ro_miles":348294.98728372063,"incremental_miles":46060.307,"vintage_end":"202509","exposure_phase":"deployment"},"geometry":{"type":"Polygon","coordinates":[[[-111.9760963777647,33.451363068650494],[-111.9760963777647,33.4406992652463],[-111.96417277175436,33.44291126773559],[-111.96417277175436,33.45357542247594],[-111.9760963777647,33.451363068650494]]]}},{"type":"Feature","properties":{"state":"","county":"PHOENIX","s2_cell":"9739894888454946816","waymo_ro_miles":272289.99481602584,"incremental_miles":32302.384,"vintage_end":"202509","exposure_phase":"deployment"},"geometry":{"type":"Polygon","coordinates":[[[-111.96417277175436,33.44291126773559],[-111.96417277175436,33.43224596108014],[-111.9522491224878,33.43445636633799],[-111.9522491224878,33.44512202441251],[-111.96417277175436,33.44291126773559]]]}},{"type":"Feature","properties":{"state":"","county":"PHOENIX","s2_cell":"9739894922814685184","waymo_ro_miles":283728.5969337107,"incremental_miles":39616.963,"vintage_end":"202509","exposure_phase":"deployment"},"geometry":{"type":"Polygon","coordinates":[[[-111.96417277175436,33.43224596108014],[-111.96417277175436,33.42157950336627],[-111.9522491224878,33.423789556860704],[-111.9522491224878,33.43445636633799],[-111.96417277175436,33.43224596108014]]]}},{"type":"Feature","properties":{"state":"","county":"PHOENIX","s2_cell":"9739894957174423552","waymo_ro_miles":177439.34442418074,"incremental_miles":31337.751,"vintage_end":"202509","exposure_phase":"deployment"},"geometry":{"type":"Polygon","coordinates":[[[-111.9760963777647,33.4300343102715],[-111.9760963777647,33.419368204582796],[-111.96417277175436,33.42157950336627],[-111.96417277175436,33.43224596108014],[-111.9760963777647,33.4300343102715]]]}},{"type":"Feature","properties":{"state":"","county":"PHOENIX","s2_cell":"9739894991534161920","waymo_ro_miles":247126.48827843944,"incremental_miles":50378.183,"vintage_end":"202509","exposure_phase":"deployment"},"geometry":{"type":"Polygon","coordinates":[[[-111.98801993900399,33.42782141412624],[-111.98801993900399,33.417155660724546],[-111.9760963777647,33.419368204582796],[-111.9760963777647,33.4300343102715],[-111.98801993900399,33.42782141412624]]]}},{"type":"Feature","properties":{"state":"","county":"PHOENIX","s2_cell":"9739895025893900288","waymo_ro_miles":258648.1539910076,"incremental_miles":55428.736,"vintage_end":"202509","exposure_phase":"deployment"},"geometry":{"type":"Polygon","coordinates":[[[-111.98801993900399,33.43848601715874],[-111.98801993900399,33.42782141412624],[-111.9760963777647,33.4300343102715],[-111.9760963777647,33.4406992652463],[-111.98801993900399,33.43848601715874]]]}},{"type":"Feature","properties":{"state":"","county":"PHOENIX","s2_cell":"9739895060253638656","waymo_ro_miles":259283.90879721157,"incremental_miles":67798.622,"vintage_end":"202509","exposure_phase":"deployment"},"geometry":{"type":"Polygon","coordinates":[[[-111.99994345395756,33.4362715236876],[-111.99994345395756,33.425607272859146],[-111.98801993900399,33.42782141412624],[-111.98801993900399,33.43848601715874],[-111.99994345395756,33.4362715236876]]]}},{"type":"Feature","properties":{"state":"","county":"PHOENIX","s2_cell":"9739895094613377024","waymo_ro_miles":78281.99313950277,"incremental_miles":15507.713,"vintage_end":"202509","exposure_phase":"deployment"},"geometry":{"type":"Polygon","coordinates":[[[-111.99994345395756,33.425607272859146],[-111.99994345395754,33.414941872006345],[-111.98801993900399,33.417155660724546],[-111.98801993900399,33.42782141412624],[-111.99994345395756,33.425607272859146]]]}},{"type":"Feature","properties":{"state":"","county":"PHOENIX","s2_cell":"9739895128973115392","waymo_ro_miles":102774.04162919852,"incremental_miles":30743.095,"vintage_end":"202509","exposure_phase":"deployment"},"geometry":{"type":"Polygon","coordinates":[[[-111.99994345395754,33.414941872006345],[-111.99994345395756,33.40427532198662],[-111.98801993900399,33.40648875781104],[-111.98801993900399,33.417155660724546],[-111.99994345395754,33.414941872006345]]]}},{"type":"Feature","properties":{"state":"","county":"PHOENIX","s2_cell":"9739895163332853760","waymo_ro_miles":56448.63416128192,"incremental_miles":11739.686,"vintage_end":"202509","exposure_phase":"deployment"},"geometry":{"type":"Polygon","coordinates":[[[-111.99994345395756,33.40427532198662],[-111.99994345395756,33.393607623658035],[-111.98801993900399,33.39582070624375],[-111.98801993900399,33.40648875781104],[-111.99994345395756,33.40427532198662]]]}},{"type":"Feature","properties":{"state":"","county":"PHOENIX","s2_cell":"9739895197692592128","waymo_ro_miles":109541.25256268516,"incremental_miles":31213.917,"vintage_end":"202509","exposure_phase":"deployment"},"geometry":{"type":"Polygon","coordinates":[[[-111.98801993900399,33.40648875781104],[-111.98801993900399,33.39582070624375],[-111.9760963777647,33.39803254449382],[-111.9760963777647,33.40870094903757],[-111.98801993900399,33.40648875781104]]]}},{"type":"Feature","properties":{"state":"","county":"PHOENIX","s2_cell":"9739895232052330496","waymo_ro_miles":32445.56119072492,"incremental_miles":11703.673,"vintage_end":"202509","exposure_phase":"deployment"},"geometry":{"type":"Polygon","coordinates":[[[-111.98801993900399,33.417155660724546],[-111.98801993900399,33.40648875781104],[-111.9760963777647,33.40870094903757],[-111.9760963777647,33.419368204582796],[-111.98801993900399,33.417155660724546]]]}},{"type":"Feature","properties":{"state":"","county":"PHOENIX","s2_cell":"9739895266412068864","waymo_ro_miles":58964.989946535105,"incremental_miles":16457.532,"vintage_end":"202509","exposure_phase":"deployment"},"geometry":{"type":"Polygon","coordinates":[[[-111.9760963777647,33.419368204582796],[-111.9760963777647,33.40870094903757],[-111.96417277175436,33.410911895451314],[-111.96417277175436,33.42157950336627],[-111.9760963777647,33.419368204582796]]]}},{"type":"Feature","properties":{"state":"","county":"PHOENIX","s2_cell":"9739895300771807232","waymo_ro_miles":343848.95167281386,"incremental_miles":48563.617,"vintage_end":"202509","exposure_phase":"deployment"},"geometry":{"type":"Polygon","coordinates":[[[-111.96417277175436,33.42157950336627],[-111.96417277175436,33.410911895451314],[-111.9522491224878,33.41312159683796],[-111.9522491224878,33.423789556860704],[-111.96417277175436,33.42157950336627]]]}},{"type":"Feature","properties":{"state":"","county":"PHOENIX","s2_cell":"9739895335131545600","waymo_ro_miles":305876.8964213881,"incremental_miles":57266.794,"vintage_end":"202509","exposure_phase":"deployment"},"geometry":{"type":"Polygon","coordinates":[[[-111.96417277175436,33.410911895451314],[-111.96417277175436,33.40024313819328],[-111.9522491224878,33.40245248712773],[-111.9522491224878,33.41312159683796],[-111.96417277175436,33.410911895451314]]]}},{"type":"Feature","properties":{"state":"","county":"PHOENIX","s2_cell":"9739895369491283968","waymo_ro_miles":93917.82253101074,"incremental_miles":32950.654,"vintage_end":"202509","exposure_phase":"deployment"},"geometry":{"type":"Polygon","coordinates":[[[-111.9760963777647,33.40870094903757],[-111.9760963777647,33.39803254449382],[-111.96417277175436,33.40024313819328],[-111.96417277175436,33.410911895451314],[-111.9760963777647,33.40870094903757]]]}},{"type":"Feature","properties":{"state":"","county":"PHOENIX","s2_cell":"9739895403851022336","waymo_ro_miles":318312.56027450954,"incremental_miles":31663.441,"vintage_end":"202509","exposure_phase":"deployment"},"geometry":{"type":"Polygon","coordinates":[[[-111.9760963777647,33.39803254449382],[-111.9760963777647,33.38736299181024],[-111.96417277175436,33.38957323245082],[-111.96417277175436,33.40024313819328],[-111.9760963777647,33.39803254449382]]]}},{"type":"Feature","properties":{"state":"","county":"PHOENIX","s2_cell":"9739895438210760704","waymo_ro_miles":329807.5915085772,"incremental_miles":38905.809,"vintage_end":"202509","exposure_phase":"deployment"},"geometry":{"type":"Polygon","coordinates":[[[-111.96417277175436,33.40024313819328],[-111.96417277175436,33.38957323245082],[-111.9522491224878,33.39178222858866],[-111.9522491224878,33.40245248712773],[-111.96417277175436,33.40024313819328]]]}},{"type":"Feature","properties":{"state":"","county":"PHOENIX","s2_cell":"9739895472570499072","waymo_ro_miles":201609.8114703004,"incremental_miles":33003.707,"vintage_end":"202509","exposure_phase":"deployment"},"geometry":{"type":"Polygon","coordinates":[[[-111.96417277175436,33.38957323245082],[-111.96417277175436,33.37890217908323],[-111.9522491224878,33.38111082208001],[-111.9522491224878,33.39178222858866],[-111.96417277175436,33.38957323245082]]]}},{"type":"Feature","properties":{"state":"","county":"PHOENIX","s2_cell":"9739895506930237440","waymo_ro_miles":17145.844463433023,"incremental_miles":5142.863,"vintage_end":"202509","exposure_phase":"deployment"},"geometry":{"type":"Polygon","coordinates":[[[-111.9760963777647,33.38736299181024],[-111.9760963777647,33.37669229184612],[-111.96417277175436,33.37890217908323],[-111.96417277175436,33.38957323245082],[-111.9760963777647,33.38736299181024]]]}},{"type":"Feature","properties":{"state":"","county":"PHOENIX","s2_cell":"9739895541289975808","waymo_ro_miles":13333.590930816763,"incremental_miles":4222.294,"vintage_end":"202509","exposure_phase":"deployment"},"geometry":{"type":"Polygon","coordinates":[[[-111.98801993900399,33.38515150688138],[-111.98801993900399,33.37448116058326],[-111.9760963777647,33.37669229184612],[-111.9760963777647,33.38736299181024],[-111.98801993900399,33.38515150688138]]]}},{"type":"Feature","properties":{"state":"","county":"PHOENIX","s2_cell":"9739895575649714176","waymo_ro_miles":160493.83332524952,"incremental_miles":19283.281,"vintage_end":"202509","exposure_phase":"deployment"},"geometry":{"type":"Polygon","coordinates":[[[-111.98801993900399,33.39582070624375],[-111.98801993900399,33.38515150688138],[-111.9760963777647,33.38736299181024],[-111.9760963777647,33.39803254449382],[-111.98801993900399,33.39582070624375]]]}},{"type":"Feature","properties":{"state":"","county":"PHOENIX","s2_cell":"9739895610009452544","waymo_ro_miles":130997.90475128799,"incremental_miles":12476.553,"vintage_end":"202509","exposure_phase":"deployment"},"geometry":{"type":"Polygon","coordinates":[[[-111.99994345395756,33.393607623658035],[-111.99994345395756,33.38293877787928],[-111.98801993900399,33.38515150688138],[-111.98801993900399,33.39582070624375],[-111.99994345395756,33.393607623658035]]]}},{"type":"Feature","properties":{"state":"","county":"PHOENIX","s2_cell":"9739895644369190912","waymo_ro_miles":6261.820178319419,"incremental_miles":1131.565,"vintage_end":"202509","exposure_phase":"deployment"},"geometry":{"type":"Polygon","coordinates":[[[-111.99994345395756,33.38293877787928],[-111.99994345395756,33.37226878550974],[-111.98801993900399,33.37448116058326],[-111.98801993900399,33.38515150688138],[-111.99994345395756,33.38293877787928]]]}},{"type":"Feature","properties":{"state":"","county":"PHOENIX","s2_cell":"9739895678728929280","waymo_ro_miles":28.896436847293085,"incremental_miles":6.922,"vintage_end":"202509","exposure_phase":"deployment"},"geometry":{"type":"Polygon","coordinates":[[[-112.0118669211109,33.38072480501958],[-112.0118669211109,33.37005516684127],[-111.99994345395756,33.37226878550974],[-111.99994345395756,33.38293877787928],[-112.0118669211109,33.38072480501958]]]}},{"type":"Feature","properties":{"state":"","county":"PHOENIX","s2_cell":"9739895713088667648","waymo_ro_miles":24.636469944890933,"incremental_miles":6.922,"vintage_end":"202509","exposure_phase":"deployment"},"geometry":{"type":"Polygon","coordinates":[[[-112.02379033894974,33.37850958851848],[-112.02379033894974,33.367840304794115],[-112.0118669211109,33.37005516684127],[-112.0118669211109,33.38072480501958],[-112.02379033894974,33.37850958851848]]]}},{"type":"Feature","properties":{"state":"","county":"PHOENIX","s2_cell":"9739895747448406016","waymo_ro_miles":6752.093565473872,"incremental_miles":685.766,"vintage_end":"202509","exposure_phase":"deployment"},"geometry":{"type":"Polygon","coordinates":[[[-112.02379033894974,33.38917772634247],[-112.02379033894974,33.37850958851848],[-112.0118669211109,33.38072480501958],[-112.0118669211109,33.39139329695223],[-112.02379033894974,33.38917772634247]]]}},{"type":"Feature","properties":{"state":"","county":"PHOENIX","s2_cell":"9739895781808144384","waymo_ro_miles":45479.05646452875,"incremental_miles":3054.24,"vintage_end":"202509","exposure_phase":"deployment"},"geometry":{"type":"Polygon","coordinates":[[[-112.0118669211109,33.39139329695223],[-112.0118669211109,33.38072480501958],[-111.99994345395756,33.38293877787928],[-111.99994345395756,33.393607623658035],[-112.0118669211109,33.39139329695223]]]}},{"type":"Feature","properties":{"state":"","county":"PHOENIX","s2_cell":"9739895816167882752","waymo_ro_miles":65013.30309035112,"incremental_miles":6132.158,"vintage_end":"202509","exposure_phase":"deployment"},"geometry":{"type":"Polygon","coordinates":[[[-112.0118669211109,33.40206064177982],[-112.0118669211109,33.39139329695223],[-111.99994345395756,33.393607623658035],[-111.99994345395756,33.40427532198662],[-112.0118669211109,33.40206064177982]]]}},{"type":"Feature","properties":{"state":"","county":"PHOENIX","s2_cell":"9739895850527621120","waymo_ro_miles":88205.8849821021,"incremental_miles":27702.902,"vintage_end":"202509","exposure_phase":"deployment"},"geometry":{"type":"Polygon","coordinates":[[[-112.0118669211109,33.41272683864362],[-112.0118669211109,33.40206064177982],[-111.99994345395756,33.40427532198662],[-111.99994345395754,33.414941872006345],[-112.0118669211109,33.41272683864362]]]}},{"type":"Feature","properties":{"state":"","county":"PHOENIX","s2_cell":"9739895884887359488","waymo_ro_miles":117794.37328061428,"incremental_miles":32292.088,"vintage_end":"202509","exposure_phase":"deployment"},"geometry":{"type":"Polygon","coordinates":[[[-112.02379033894974,33.410510560852344],[-112.02379033894974,33.39984471740667],[-112.0118669211109,33.40206064177982],[-112.0118669211109,33.41272683864362],[-112.02379033894974,33.410510560852344]]]}},{"type":"Feature","properties":{"state":"","county":"PHOENIX","s2_cell":"9739895919247097856","waymo_ro_miles":122028.26981546271,"incremental_miles":9313.065,"vintage_end":"202509","exposure_phase":"deployment"},"geometry":{"type":"Polygon","coordinates":[[[-112.02379033894974,33.39984471740667],[-112.02379033894974,33.38917772634247],[-112.0118669211109,33.39139329695223],[-112.0118669211109,33.40206064177982],[-112.02379033894974,33.39984471740667]]]}},{"type":"Feature","properties":{"state":"","county":"PHOENIX","s2_cell":"9739895953606836224","waymo_ro_miles":111221.64671012605,"incremental_miles":10165.189,"vintage_end":"202509","exposure_phase":"deployment"},"geometry":{"type":"Polygon","coordinates":[[[-112.03571370595999,33.39762754908383],[-112.03571370595999,33.386960912045474],[-112.02379033894974,33.38917772634247],[-112.02379033894974,33.39984471740667],[-112.03571370595999,33.39762754908383]]]}},{"type":"Feature","properties":{"state":"","county":"PHOENIX","s2_cell":"9739895987966574592","waymo_ro_miles":135037.35424863923,"incremental_miles":39978.235,"vintage_end":"202509","exposure_phase":"deployment"},"geometry":{"type":"Polygon","coordinates":[[[-112.03571370595999,33.40829303884908],[-112.03571370595999,33.39762754908383],[-112.02379033894974,33.39984471740667],[-112.02379033894974,33.410510560852344],[-112.03571370595999,33.40829303884908]]]}},{"type":"Feature","properties":{"state":"","county":"PHOENIX","s2_cell":"9739896022326312960","waymo_ro_miles":121710.81232442081,"incremental_miles":25713.154,"vintage_end":"202509","exposure_phase":"deployment"},"geometry":{"type":"Polygon","coordinates":[[[-112.04763702062775,33.40607427285097],[-112.04763702062775,33.3954091370285],[-112.03571370595999,33.39762754908383],[-112.03571370595999,33.40829303884908],[-112.04763702062775,33.40607427285097]]]}},{"type":"Feature","properties":{"state":"","county":"PHOENIX","s2_cell":"9739896056686051328","waymo_ro_miles":98114.00105789641,"incremental_miles":4497.733,"vintage_end":"202509","exposure_phase":"deployment"},"geometry":{"type":"Polygon","coordinates":[[[-112.04763702062775,33.3954091370285],[-112.04763702062775,33.3847428542785],[-112.03571370595999,33.386960912045474],[-112.03571370595999,33.39762754908383],[-112.04763702062775,33.3954091370285]]]}},{"type":"Feature","properties":{"state":"","county":"PHOENIX","s2_cell":"9739896091045789696","waymo_ro_miles":3343.0215762014623,"incremental_miles":651.771,"vintage_end":"202509","exposure_phase":"deployment"},"geometry":{"type":"Polygon","coordinates":[[[-112.04763702062775,33.3847428542785],[-112.04763702062775,33.37407542545975],[-112.03571370595999,33.376293128592756],[-112.03571370595999,33.386960912045474],[-112.04763702062775,33.3847428542785]]]}},{"type":"Feature","properties":{"state":"","county":"PHOENIX","s2_cell":"9739896125405528064","waymo_ro_miles":7996.463993360166,"incremental_miles":1512.993,"vintage_end":"202509","exposure_phase":"deployment"},"geometry":{"type":"Polygon","coordinates":[[[-112.03571370595999,33.386960912045474],[-112.03571370595999,33.376293128592756],[-112.02379033894974,33.37850958851848],[-112.02379033894974,33.38917772634247],[-112.03571370595999,33.386960912045474]]]}},{"type":"Feature","properties":{"state":"","county":"PHOENIX","s2_cell":"9739896159765266432","waymo_ro_miles":6.980289984161357,"incremental_miles":2.518,"vintage_end":"202509","exposure_phase":"deployment"},"geometry":{"type":"Polygon","coordinates":[[[-112.03571370595999,33.376293128592756],[-112.03571370595999,33.36562419958512],[-112.02379033894974,33.367840304794115],[-112.02379033894974,33.37850958851848],[-112.03571370595999,33.376293128592756]]]}},{"type":"Feature","properties":{"state":"","county":"PHOENIX","s2_cell":"9739896297204219904","waymo_ro_miles":563.0227856016829,"incremental_miles":118.678,"vintage_end":"202509","exposure_phase":"deployment"},"geometry":{"type":"Polygon","coordinates":[[[-112.07148348688116,33.380303009206685],[-112.07148348688116,33.36963629044424],[-112.05956028143932,33.37185647933742],[-112.05956028143932,33.382523553259425],[-112.07148348688116,33.380303009206685]]]}},{"type":"Feature","properties":{"state":"","county":"PHOENIX","s2_cell":"9739896331563958272","waymo_ro_miles":2195.6218759586454,"incremental_miles":423.876,"vintage_end":"202509","exposure_phase":"deployment"},"geometry":{"type":"Polygon","coordinates":[[[-112.05956028143932,33.382523553259425],[-112.05956028143932,33.37185647933742],[-112.04763702062775,33.37407542545975],[-112.04763702062775,33.3847428542785],[-112.05956028143932,33.382523553259425]]]}},{"type":"Feature","properties":{"state":"","county":"PHOENIX","s2_cell":"9739896365923696640","waymo_ro_miles":44443.89857716131,"incremental_miles":3837.08,"vintage_end":"202509","exposure_phase":"deployment"},"geometry":{"type":"Polygon","coordinates":[[[-112.05956028143932,33.393189481458485],[-112.05956028143932,33.382523553259425],[-112.04763702062775,33.3847428542785],[-112.04763702062775,33.3954091370285],[-112.05956028143932,33.393189481458485]]]}},{"type":"Feature","properties":{"state":"","county":"PHOENIX","s2_cell":"9739896400283435008","waymo_ro_miles":13856.738414697991,"incremental_miles":3682.133,"vintage_end":"202509","exposure_phase":"deployment"},"geometry":{"type":"Polygon","coordinates":[[[-112.05956028143932,33.403854263075765],[-112.05956028143932,33.393189481458485],[-112.04763702062775,33.3954091370285],[-112.04763702062775,33.40607427285097],[-112.05956028143932,33.403854263075765]]]}},{"type":"Feature","properties":{"state":"","county":"PHOENIX","s2_cell":"9739896434643173376","waymo_ro_miles":45099.29495216916,"incremental_miles":5124.991,"vintage_end":"202509","exposure_phase":"deployment"},"geometry":{"type":"Polygon","coordinates":[[[-112.07148348688116,33.40163300974172],[-112.07148348688116,33.39096858259213],[-112.05956028143932,33.393189481458485],[-112.05956028143932,33.403854263075765],[-112.07148348688116,33.40163300974172]]]}},{"type":"Feature","properties":{"state":"","county":"PHOENIX","s2_cell":"9739896469002911744","waymo_ro_miles":24032.61944255947,"incremental_miles":2252.037,"vintage_end":"202509","exposure_phase":"deployment"},"geometry":{"type":"Polygon","coordinates":[[[-112.07148348688116,33.39096858259213],[-112.07148348688116,33.380303009206685],[-112.05956028143932,33.382523553259425],[-112.05956028143932,33.393189481458485],[-112.07148348688116,33.39096858259213]]]}},{"type":"Feature","properties":{"state":"","county":"PHOENIX","s2_cell":"9739896503362650112","waymo_ro_miles":15823.52452711561,"incremental_miles":2431.148,"vintage_end":"202509","exposure_phase":"deployment"},"geometry":{"type":"Polygon","coordinates":[[[-112.08340663543997,33.38874644064839],[-112.08340663543997,33.3780812223393],[-112.07148348688116,33.380303009206685],[-112.07148348688116,33.39096858259213],[-112.08340663543997,33.38874644064839]]]}},{"type":"Feature","properties":{"state":"","county":"PHOENIX","s2_cell":"9739896537722388480","waymo_ro_miles":35528.02184891453,"incremental_miles":6788.051,"vintage_end":"202509","exposure_phase":"deployment"},"geometry":{"type":"Polygon","coordinates":[[[-112.08340663543997,33.399410513067735],[-112.08340663543997,33.38874644064839],[-112.07148348688116,33.39096858259213],[-112.07148348688116,33.40163300974172],[-112.08340663543997,33.399410513067735]]]}},{"type":"Feature","properties":{"state":"","county":"PHOENIX","s2_cell":"9739896572082126848","waymo_ro_miles":16572.646552529346,"incremental_miles":3278.861,"vintage_end":"202509","exposure_phase":"deployment"},"geometry":{"type":"Polygon","coordinates":[[[-112.09532972560264,33.39718677327324],[-112.09532972560264,33.38652305584679],[-112.08340663543997,33.38874644064839],[-112.08340663543997,33.399410513067735],[-112.09532972560264,33.39718677327324]]]}},{"type":"Feature","properties":{"state":"","county":"PHOENIX","s2_cell":"9739896606441865216","waymo_ro_miles":9366.758050845234,"incremental_miles":1597.466,"vintage_end":"202509","exposure_phase":"deployment"},"geometry":{"type":"Polygon","coordinates":[[[-112.09532972560264,33.38652305584679],[-112.09532972560264,33.37585819287685],[-112.08340663543997,33.3780812223393],[-112.08340663543997,33.38874644064839],[-112.09532972560264,33.38652305584679]]]}},{"type":"Feature","properties":{"state":"","county":"PHOENIX","s2_cell":"9739896675161341952","waymo_ro_miles":84.82531436078364,"incremental_miles":27.435,"vintage_end":"202509","exposure_phase":"deployment"},"geometry":{"type":"Polygon","coordinates":[[[-112.08340663543997,33.3780812223393],[-112.08340663543997,33.36741485899932],[-112.07148348688116,33.36963629044424],[-112.07148348688116,33.380303009206685],[-112.08340663543997,33.3780812223393]]]}},{"type":"Feature","properties":{"state":"","county":"PHOENIX","s2_cell":"9739897190557417472","waymo_ro_miles":65.3819570085101,"incremental_miles":12.723,"vintage_end":"202509","exposure_phase":"deployment"},"geometry":{"type":"Polygon","coordinates":[[[-112.11917572468799,33.392735565203445],[-112.11917572468799,33.38207255855094],[-112.10725275585622,33.38429842840742],[-112.10725275585622,33.39496179057828],[-112.11917572468799,33.392735565203445]]]}},{"type":"Feature","properties":{"state":"","county":"PHOENIX","s2_cell":"9739897259276894208","waymo_ro_miles":2433.6776371798896,"incremental_miles":393.415,"vintage_end":"202509","exposure_phase":"deployment"},"geometry":{"type":"Polygon","coordinates":[[[-112.10725275585622,33.38429842840742],[-112.10725275585622,33.3736339210395],[-112.09532972560264,33.37585819287685],[-112.09532972560264,33.38652305584679],[-112.10725275585622,33.38429842840742]]]}},{"type":"Feature","properties":{"state":"","county":"PHOENIX","s2_cell":"9739897293636632576","waymo_ro_miles":3921.378576711583,"incremental_miles":732.689,"vintage_end":"202509","exposure_phase":"deployment"},"geometry":{"type":"Polygon","coordinates":[[[-112.10725275585622,33.39496179057828],[-112.10725275585622,33.38429842840742],[-112.09532972560264,33.38652305584679],[-112.09532972560264,33.39718677327324],[-112.10725275585622,33.39496179057828]]]}},{"type":"Feature","properties":{"state":"","county":"PHOENIX","s2_cell":"9739897327996370944","waymo_ro_miles":4997.870077532838,"incremental_miles":1079.825,"vintage_end":"202509","exposure_phase":"deployment"},"geometry":{"type":"Polygon","coordinates":[[[-112.10725275585621,33.405624006693856],[-112.10725275585622,33.39496179057828],[-112.09532972560264,33.39718677327324],[-112.09532972560264,33.40784934429799],[-112.10725275585621,33.405624006693856]]]}},{"type":"Feature","properties":{"state":"","county":"PHOENIX","s2_cell":"9739897431075586048","waymo_ro_miles":83.61031568716727,"incremental_miles":21.008,"vintage_end":"202509","exposure_phase":"deployment"},"geometry":{"type":"Polygon","coordinates":[[[-112.11917572468799,33.40339742614724],[-112.11917572468799,33.392735565203445],[-112.10725275585622,33.39496179057828],[-112.10725275585621,33.405624006693856],[-112.11917572468799,33.40339742614724]]]}},{"type":"Feature","properties":{"state":"","county":"PHOENIX","s2_cell":"9739897740313231360","waymo_ro_miles":1599.9612358142663,"incremental_miles":474.012,"vintage_end":"202509","exposure_phase":"deployment"},"geometry":{"type":"Polygon","coordinates":[[[-112.11917572468799,33.4353761261533],[-112.11917572468799,33.42471770747881],[-112.10725275585621,33.42694499732932],[-112.10725275585622,33.437603770135965],[-112.11917572468799,33.4353761261533]]]}},{"type":"Feature","properties":{"state":"","county":"PHOENIX","s2_cell":"9739897809032708096","waymo_ro_miles":189.2674305257572,"incremental_miles":73.332,"vintage_end":"202509","exposure_phase":"deployment"},"geometry":{"type":"Polygon","coordinates":[[[-112.10725275585621,33.42694499732932],[-112.10725275585622,33.41628507589651],[-112.09532972560264,33.418510768063435],[-112.09532972560264,33.42917104371265],[-112.10725275585621,33.42694499732932]]]}},{"type":"Feature","properties":{"state":"","county":"PHOENIX","s2_cell":"9739897843392446464","waymo_ro_miles":15525.57511718604,"incremental_miles":3297.863,"vintage_end":"202509","exposure_phase":"deployment"},"geometry":{"type":"Polygon","coordinates":[[[-112.10725275585622,33.437603770135965],[-112.10725275585621,33.42694499732932],[-112.09532972560264,33.42917104371265],[-112.09532972560264,33.43983017038935],[-112.10725275585622,33.437603770135965]]]}},{"type":"Feature","properties":{"state":"","county":"PHOENIX","s2_cell":"9739897877752184832","waymo_ro_miles":15519.170761796406,"incremental_miles":3480.995,"vintage_end":"202509","exposure_phase":"deployment"},"geometry":{"type":"Polygon","coordinates":[[[-112.09532972560264,33.43983017038935],[-112.09532972560264,33.42917104371265],[-112.08340663543997,33.43139584640841],[-112.08340663543997,33.442055326693136],[-112.09532972560264,33.43983017038935]]]}},{"type":"Feature","properties":{"state":"","county":"PHOENIX","s2_cell":"9739897912111923200","waymo_ro_miles":209905.5732707056,"incremental_miles":56748.2,"vintage_end":"202509","exposure_phase":"deployment"},"geometry":{"type":"Polygon","coordinates":[[[-112.08340663543997,33.442055326693136],[-112.08340663543997,33.43139584640841],[-112.07148348688116,33.433619405196765],[-112.07148348688116,33.44427923882758],[-112.08340663543997,33.442055326693136]]]}},{"type":"Feature","properties":{"state":"","county":"PHOENIX","s2_cell":"9739897946471661568","waymo_ro_miles":62422.316095630085,"incremental_miles":17122.39,"vintage_end":"202509","exposure_phase":"deployment"},"geometry":{"type":"Polygon","coordinates":[[[-112.08340663543997,33.43139584640841],[-112.08340663543997,33.42073521680497],[-112.07148348688116,33.42295842190126],[-112.07148348688116,33.433619405196765],[-112.08340663543997,33.43139584640841]]]}},{"type":"Feature","properties":{"state":"","county":"PHOENIX","s2_cell":"9739897980831399936","waymo_ro_miles":17141.468483895333,"incremental_miles":5206.588,"vintage_end":"202509","exposure_phase":"deployment"},"geometry":{"type":"Polygon","coordinates":[[[-112.09532972560264,33.42917104371265],[-112.09532972560264,33.418510768063435],[-112.08340663543997,33.42073521680497],[-112.08340663543997,33.43139584640841],[-112.09532972560264,33.42917104371265]]]}},{"type":"Feature","properties":{"state":"","county":"PHOENIX","s2_cell":"9739898049550876672","waymo_ro_miles":11327.882540261786,"incremental_miles":2103.269,"vintage_end":"202509","exposure_phase":"deployment"},"geometry":{"type":"Polygon","coordinates":[[[-112.09532972560264,33.40784934429799],[-112.09532972560264,33.39718677327324],[-112.08340663543997,33.399410513067735],[-112.08340663543997,33.41007343873912],[-112.09532972560264,33.40784934429799]]]}},{"type":"Feature","properties":{"state":"","county":"PHOENIX","s2_cell":"9739898083910615040","waymo_ro_miles":35883.21320592246,"incremental_miles":7384.328,"vintage_end":"202509","exposure_phase":"deployment"},"geometry":{"type":"Polygon","coordinates":[[[-112.08340663543997,33.41007343873912],[-112.08340663543997,33.399410513067735],[-112.07148348688116,33.40163300974172],[-112.07148348688116,33.41229628979728],[-112.08340663543997,33.41007343873912]]]}},{"type":"Feature","properties":{"state":"","county":"PHOENIX","s2_cell":"9739898118270353408","waymo_ro_miles":39573.84966842452,"incremental_miles":7581.45,"vintage_end":"202509","exposure_phase":"deployment"},"geometry":{"type":"Polygon","coordinates":[[[-112.08340663543997,33.42073521680497],[-112.08340663543997,33.41007343873912],[-112.07148348688116,33.41229628979728],[-112.07148348688116,33.42295842190126],[-112.08340663543997,33.42073521680497]]]}},{"type":"Feature","properties":{"state":"","county":"PHOENIX","s2_cell":"9739898152630091776","waymo_ro_miles":57496.931573221766,"incremental_miles":12061.062,"vintage_end":"202509","exposure_phase":"deployment"},"geometry":{"type":"Polygon","coordinates":[[[-112.07148348688116,33.42295842190126],[-112.07148348688116,33.41229628979728],[-112.05956028143932,33.41451789725309],[-112.05956028143932,33.42518038313297],[-112.07148348688116,33.42295842190126]]]}},{"type":"Feature","properties":{"state":"","county":"PHOENIX","s2_cell":"9739898186989830144","waymo_ro_miles":63994.77071609214,"incremental_miles":13728.028,"vintage_end":"202509","exposure_phase":"deployment"},"geometry":{"type":"Polygon","coordinates":[[[-112.07148348688116,33.41229628979728],[-112.07148348688116,33.40163300974172],[-112.05956028143932,33.403854263075765],[-112.05956028143932,33.41451789725309],[-112.07148348688116,33.41229628979728]]]}},{"type":"Feature","properties":{"state":"","county":"PHOENIX","s2_cell":"9739898221349568512","waymo_ro_miles":32183.513734654207,"incremental_miles":11157.185,"vintage_end":"202509","exposure_phase":"deployment"},"geometry":{"type":"Polygon","coordinates":[[[-112.05956028143932,33.41451789725309],[-112.05956028143932,33.403854263075765],[-112.04763702062775,33.40607427285097],[-112.04763702062775,33.41673826088777],[-112.05956028143932,33.41451789725309]]]}},{"type":"Feature","properties":{"state":"","county":"PHOENIX","s2_cell":"9739898255709306880","waymo_ro_miles":77015.21894772758,"incremental_miles":14282.698,"vintage_end":"202509","exposure_phase":"deployment"},"geometry":{"type":"Polygon","coordinates":[[[-112.05956028143932,33.42518038313297],[-112.05956028143932,33.41451789725309],[-112.04763702062775,33.41673826088777],[-112.04763702062775,33.42740110028139],[-112.05956028143932,33.42518038313297]]]}},{"type":"Feature","properties":{"state":"","county":"PHOENIX","s2_cell":"9739898290069045248","waymo_ro_miles":338059.3061698885,"incremental_miles":75079.034,"vintage_end":"202509","exposure_phase":"deployment"},"geometry":{"type":"Polygon","coordinates":[[[-112.05956028143932,33.435841719858516],[-112.05956028143932,33.42518038313297],[-112.04763702062775,33.42740110028139],[-112.04763702062775,33.438062790174975],[-112.05956028143932,33.435841719858516]]]}},{"type":"Feature","properties":{"state":"","county":"PHOENIX","s2_cell":"9739898324428783616","waymo_ro_miles":91611.41369279195,"incremental_miles":20923.375,"vintage_end":"202509","exposure_phase":"deployment"},"geometry":{"type":"Polygon","coordinates":[[[-112.07148348688116,33.433619405196765],[-112.07148348688116,33.42295842190126],[-112.05956028143932,33.42518038313297],[-112.05956028143932,33.435841719858516],[-112.07148348688116,33.433619405196765]]]}},{"type":"Feature","properties":{"state":"","county":"PHOENIX","s2_cell":"9739898358788521984","waymo_ro_miles":706024.971586743,"incremental_miles":95556.413,"vintage_end":"202509","exposure_phase":"deployment"},"geometry":{"type":"Polygon","coordinates":[[[-112.07148348688116,33.44427923882758],[-112.07148348688116,33.433619405196765],[-112.05956028143932,33.435841719858516],[-112.05956028143932,33.44650190657351],[-112.07148348688116,33.44427923882758]]]}},{"type":"Feature","properties":{"state":"","county":"PHOENIX","s2_cell":"9739898393148260352","waymo_ro_miles":455603.6820875377,"incremental_miles":81741.107,"vintage_end":"202509","exposure_phase":"deployment"},"geometry":{"type":"Polygon","coordinates":[[[-112.05956028143932,33.44650190657351],[-112.05956028143932,33.435841719858516],[-112.04763702062775,33.438062790174975],[-112.04763702062775,33.44872332971235],[-112.05956028143932,33.44650190657351]]]}},{"type":"Feature","properties":{"state":"","county":"PHOENIX","s2_cell":"9739898427507998720","waymo_ro_miles":520992.46910947136,"incremental_miles":81997.199,"vintage_end":"202509","exposure_phase":"deployment"},"geometry":{"type":"Polygon","coordinates":[[[-112.05956028143932,33.45716094242241],[-112.05956028143932,33.44650190657351],[-112.04763702062775,33.44872332971235],[-112.04763702062775,33.45938271803798],[-112.05956028143932,33.45716094242241]]]}},{"type":"Feature","properties":{"state":"","county":"PHOENIX","s2_cell":"9739898461867737088","waymo_ro_miles":385795.3661448612,"incremental_miles":60743.652,"vintage_end":"202509","exposure_phase":"deployment"},"geometry":{"type":"Polygon","coordinates":[[[-112.05956028143932,33.4678188265503],[-112.05956028143932,33.45716094242241],[-112.04763702062775,33.45938271803798],[-112.04763702062775,33.47004095429698],[-112.05956028143932,33.4678188265503]]]}},{"type":"Feature","properties":{"state":"","county":"PHOENIX","s2_cell":"9739898496227475456","waymo_ro_miles":476667.0238758726,"incremental_miles":64937.554,"vintage_end":"202509","exposure_phase":"deployment"},"geometry":{"type":"Polygon","coordinates":[[[-112.07148348688116,33.465595453673416],[-112.07148348688116,33.454937921938104],[-112.05956028143932,33.45716094242241],[-112.05956028143932,33.4678188265503],[-112.07148348688116,33.465595453673416]]]}},{"type":"Feature","properties":{"state":"","county":"PHOENIX","s2_cell":"9739898530587213824","waymo_ro_miles":653823.4543945761,"incremental_miles":80354.489,"vintage_end":"202509","exposure_phase":"deployment"},"geometry":{"type":"Polygon","coordinates":[[[-112.07148348688116,33.454937921938104],[-112.07148348688116,33.44427923882758],[-112.05956028143932,33.44650190657351],[-112.05956028143932,33.45716094242241],[-112.07148348688116,33.454937921938104]]]}},{"type":"Feature","properties":{"state":"","county":"PHOENIX","s2_cell":"9739898564946952192","waymo_ro_miles":455775.46184778947,"incremental_miles":77423.833,"vintage_end":"202509","exposure_phase":"deployment"},"geometry":{"type":"Polygon","coordinates":[[[-112.08340663543997,33.452713656803574],[-112.08340663543997,33.442055326693136],[-112.07148348688116,33.44427923882758],[-112.07148348688116,33.454937921938104],[-112.08340663543997,33.452713656803574]]]}},{"type":"Feature","properties":{"state":"","county":"PHOENIX","s2_cell":"9739898599306690560","waymo_ro_miles":60992.645798778154,"incremental_miles":8202.037,"vintage_end":"202509","exposure_phase":"deployment"},"geometry":{"type":"Polygon","coordinates":[[[-112.09532972560264,33.45048814723792],[-112.09532972560264,33.43983017038935],[-112.08340663543997,33.442055326693136],[-112.08340663543997,33.452713656803574],[-112.09532972560264,33.45048814723792]]]}},{"type":"Feature","properties":{"state":"","county":"PHOENIX","s2_cell":"9739898633666428928","waymo_ro_miles":122802.97854542498,"incremental_miles":14249.757,"vintage_end":"202509","exposure_phase":"deployment"},"geometry":{"type":"Polygon","coordinates":[[[-112.09532972560264,33.46114497340337],[-112.09532972560264,33.45048814723792],[-112.08340663543997,33.452713656803574],[-112.08340663543997,33.46337083588477],[-112.09532972560264,33.46114497340337]]]}},{"type":"Feature","properties":{"state":"","county":"PHOENIX","s2_cell":"9739898668026167296","waymo_ro_miles":438113.01412255544,"incremental_miles":65558.67,"vintage_end":"202509","exposure_phase":"deployment"},"geometry":{"type":"Polygon","coordinates":[[[-112.08340663543997,33.46337083588477],[-112.08340663543997,33.452713656803574],[-112.07148348688116,33.454937921938104],[-112.07148348688116,33.465595453673416],[-112.08340663543997,33.46337083588477]]]}},{"type":"Feature","properties":{"state":"","county":"PHOENIX","s2_cell":"9739898702385905664","waymo_ro_miles":342455.3239190727,"incremental_miles":43901.785,"vintage_end":"202509","exposure_phase":"deployment"},"geometry":{"type":"Polygon","coordinates":[[[-112.08340663543997,33.47402686308241],[-112.08340663543997,33.46337083588477],[-112.07148348688116,33.465595453673416],[-112.07148348688116,33.476251833179234],[-112.08340663543997,33.47402686308241]]]}},{"type":"Feature","properties":{"state":"","county":"PHOENIX","s2_cell":"9739898736745644032","waymo_ro_miles":84948.26127353204,"incremental_miles":9536.784,"vintage_end":"202509","exposure_phase":"deployment"},"geometry":{"type":"Polygon","coordinates":[[[-112.09532972560264,33.47180064803138],[-112.09532972560264,33.46114497340337],[-112.08340663543997,33.46337083588477],[-112.08340663543997,33.47402686308241],[-112.09532972560264,33.47180064803138]]]}},{"type":"Feature","properties":{"state":"","county":"PHOENIX","s2_cell":"9739898771105382400","waymo_ro_miles":66663.31066411604,"incremental_miles":11446.336,"vintage_end":"202509","exposure_phase":"deployment"},"geometry":{"type":"Polygon","coordinates":[[[-112.09532972560264,33.482455170268295],[-112.09532972560264,33.47180064803138],[-112.08340663543997,33.47402686308241],[-112.08340663543997,33.48468173754284],[-112.09532972560264,33.482455170268295]]]}},{"type":"Feature","properties":{"state":"","county":"PHOENIX","s2_cell":"9739898805465120768","waymo_ro_miles":280113.4534065201,"incremental_miles":43122.996,"vintage_end":"202509","exposure_phase":"deployment"},"geometry":{"type":"Polygon","coordinates":[[[-112.08340663543997,33.48468173754284],[-112.08340663543997,33.47402686308241],[-112.07148348688116,33.476251833179234],[-112.07148348688116,33.486907059601926],[-112.08340663543997,33.48468173754284]]]}},{"type":"Feature","properties":{"state":"","county":"PHOENIX","s2_cell":"9739898839824859136","waymo_ro_miles":300219.45093449927,"incremental_miles":47394.233,"vintage_end":"202509","exposure_phase":"deployment"},"geometry":{"type":"Polygon","coordinates":[[[-112.07148348688116,33.486907059601926],[-112.07148348688116,33.476251833179234],[-112.05956028143932,33.47847555810293],[-112.05956028143932,33.48913113622667],[-112.07148348688116,33.486907059601926]]]}},{"type":"Feature","properties":{"state":"","county":"PHOENIX","s2_cell":"9739898874184597504","waymo_ro_miles":197932.77197611812,"incremental_miles":28361.242,"vintage_end":"202509","exposure_phase":"deployment"},"geometry":{"type":"Polygon","coordinates":[[[-112.07148348688116,33.476251833179234],[-112.07148348688116,33.465595453673416],[-112.05956028143932,33.4678188265503],[-112.05956028143932,33.47847555810293],[-112.07148348688116,33.476251833179234]]]}},{"type":"Feature","properties":{"state":"","county":"PHOENIX","s2_cell":"9739898908544335872","waymo_ro_miles":175334.69836686112,"incremental_miles":26002.471,"vintage_end":"202509","exposure_phase":"deployment"},"geometry":{"type":"Polygon","coordinates":[[[-112.05956028143932,33.47847555810293],[-112.05956028143932,33.4678188265503],[-112.04763702062775,33.47004095429698],[-112.04763702062775,33.48069803763509],[-112.05956028143932,33.47847555810293]]]}},{"type":"Feature","properties":{"state":"","county":"PHOENIX","s2_cell":"9739898942904074240","waymo_ro_miles":245493.66381567923,"incremental_miles":37208.034,"vintage_end":"202509","exposure_phase":"deployment"},"geometry":{"type":"Polygon","coordinates":[[[-112.05956028143932,33.48913113622667],[-112.05956028143932,33.47847555810293],[-112.04763702062775,33.48069803763509],[-112.04763702062775,33.49135396719877],[-112.05956028143932,33.48913113622667]]]}},{"type":"Feature","properties":{"state":"","county":"PHOENIX","s2_cell":"9739898977263812608","waymo_ro_miles":140947.8944327342,"incremental_miles":15501.225,"vintage_end":"202509","exposure_phase":"deployment"},"geometry":{"type":"Polygon","coordinates":[[[-112.05956028143932,33.49978556006861],[-112.05956028143932,33.48913113622667],[-112.04763702062775,33.49135396719877],[-112.04763702062775,33.50200874213507],[-112.05956028143932,33.49978556006861]]]}},{"type":"Feature","properties":{"state":"","county":"PHOENIX","s2_cell":"9739899011623550976","waymo_ro_miles":208037.42310575116,"incremental_miles":29087.961,"vintage_end":"202509","exposure_phase":"deployment"},"geometry":{"type":"Polygon","coordinates":[[[-112.07148348688116,33.49756113208854],[-112.07148348688116,33.486907059601926],[-112.05956028143932,33.48913113622667],[-112.05956028143932,33.49978556006861],[-112.07148348688116,33.49756113208854]]]}},{"type":"Feature","properties":{"state":"","county":"PHOENIX","s2_cell":"9739899045983289344","waymo_ro_miles":125303.87390640966,"incremental_miles":22149.455,"vintage_end":"202509","exposure_phase":"deployment"},"geometry":{"type":"Polygon","coordinates":[[[-112.07148348688116,33.50821404978674],[-112.07148348688116,33.49756113208854],[-112.05956028143932,33.49978556006861],[-112.05956028143932,33.51043882877643],[-112.07148348688116,33.50821404978674]]]}},{"type":"Feature","properties":{"state":"","county":"PHOENIX","s2_cell":"9739899080343027712","waymo_ro_miles":118432.80556968298,"incremental_miles":22192.005,"vintage_end":"202509","exposure_phase":"deployment"},"geometry":{"type":"Polygon","coordinates":[[[-112.05956028143932,33.51043882877643],[-112.05956028143932,33.49978556006861],[-112.04763702062775,33.50200874213507],[-112.04763702062775,33.51266236159172],[-112.05956028143932,33.51043882877643]]]}},{"type":"Feature","properties":{"state":"","county":"PHOENIX","s2_cell":"9739899114702766080","waymo_ro_miles":72064.91342815231,"incremental_miles":14135.502,"vintage_end":"202509","exposure_phase":"deployment"},"geometry":{"type":"Polygon","coordinates":[[[-112.05956028143932,33.52109094149849],[-112.05956028143932,33.51043882877643],[-112.04763702062775,33.51266236159172],[-112.04763702062775,33.523314824717104],[-112.05956028143932,33.52109094149849]]]}},{"type":"Feature","properties":{"state":"","county":"PHOENIX","s2_cell":"9739899149062504448","waymo_ro_miles":45559.265986767765,"incremental_miles":8740.821,"vintage_end":"202509","exposure_phase":"deployment"},"geometry":{"type":"Polygon","coordinates":[[[-112.05956028143932,33.53174189738382],[-112.05956028143932,33.52109094149849],[-112.04763702062775,33.523314824717104],[-112.04763702062775,33.533966130660254],[-112.05956028143932,33.53174189738382]]]}},{"type":"Feature","properties":{"state":"","county":"PHOENIX","s2_cell":"9739899183422242816","waymo_ro_miles":65383.29254570268,"incremental_miles":12284.064,"vintage_end":"202509","exposure_phase":"deployment"},"geometry":{"type":"Polygon","coordinates":[[[-112.07148348688116,33.5295164174119],[-112.07148348688116,33.51886581184486],[-112.05956028143932,33.52109094149849],[-112.05956028143932,33.53174189738382],[-112.07148348688116,33.5295164174119]]]}},{"type":"Feature","properties":{"state":"","county":"PHOENIX","s2_cell":"9739899217781981184","waymo_ro_miles":133663.6451123635,"incremental_miles":25222.002,"vintage_end":"202509","exposure_phase":"deployment"},"geometry":{"type":"Polygon","coordinates":[[[-112.07148348688116,33.51886581184486],[-112.07148348688116,33.50821404978674],[-112.05956028143932,33.51043882877643],[-112.05956028143932,33.52109094149849],[-112.07148348688116,33.51886581184486]]]}},{"type":"Feature","properties":{"state":"","county":"PHOENIX","s2_cell":"9739899252141719552","waymo_ro_miles":174241.63362495397,"incremental_miles":34258.147,"vintage_end":"202509","exposure_phase":"deployment"},"geometry":{"type":"Polygon","coordinates":[[[-112.08340663543997,33.516639435974284],[-112.08340663543997,33.505988024840796],[-112.07148348688116,33.50821404978674],[-112.07148348688116,33.51886581184486],[-112.08340663543997,33.516639435974284]]]}},{"type":"Feature","properties":{"state":"","county":"PHOENIX","s2_cell":"9739899286501457920","waymo_ro_miles":65437.53032637603,"incremental_miles":13973.269,"vintage_end":"202509","exposure_phase":"deployment"},"geometry":{"type":"Polygon","coordinates":[[[-112.08340663543997,33.52728969096251],[-112.08340663543997,33.516639435974284],[-112.07148348688116,33.51886581184486],[-112.07148348688116,33.5295164174119],[-112.08340663543997,33.52728969096251]]]}},{"type":"Feature","properties":{"state":"","county":"PHOENIX","s2_cell":"9739899320861196288","waymo_ro_miles":54850.98108435304,"incremental_miles":10071.513,"vintage_end":"202509","exposure_phase":"deployment"},"geometry":{"type":"Polygon","coordinates":[[[-112.09532972560264,33.52506171825426],[-112.09532972560264,33.514411814105436],[-112.08340663543997,33.516639435974284],[-112.08340663543997,33.52728969096251],[-112.09532972560264,33.52506171825426]]]}},{"type":"Feature","properties":{"state":"","county":"PHOENIX","s2_cell":"9739899355220934656","waymo_ro_miles":69627.0691102664,"incremental_miles":11944.981,"vintage_end":"202509","exposure_phase":"deployment"},"geometry":{"type":"Polygon","coordinates":[[[-112.09532972560264,33.514411814105436],[-112.09532972560264,33.50376075415736],[-112.08340663543997,33.505988024840796],[-112.08340663543997,33.516639435974284],[-112.09532972560264,33.514411814105436]]]}},{"type":"Feature","properties":{"state":"","county":"PHOENIX","s2_cell":"9739899389580673024","waymo_ro_miles":106500.95896437763,"incremental_miles":15333.675,"vintage_end":"202509","exposure_phase":"deployment"},"geometry":{"type":"Polygon","coordinates":[[[-112.09532972560264,33.50376075415736],[-112.09532972560264,33.49310853926107],[-112.08340663543997,33.49533545841309],[-112.08340663543997,33.505988024840796],[-112.09532972560264,33.50376075415736]]]}},{"type":"Feature","properties":{"state":"","county":"PHOENIX","s2_cell":"9739899423940411392","waymo_ro_miles":151027.9073338072,"incremental_miles":23745.026,"vintage_end":"202509","exposure_phase":"deployment"},"geometry":{"type":"Polygon","coordinates":[[[-112.08340663543997,33.505988024840796],[-112.08340663543997,33.49533545841309],[-112.07148348688116,33.49756113208854],[-112.07148348688116,33.50821404978674],[-112.08340663543997,33.505988024840796]]]}},{"type":"Feature","properties":{"state":"","county":"PHOENIX","s2_cell":"9739899458300149760","waymo_ro_miles":311187.13383686496,"incremental_miles":42930.98,"vintage_end":"202509","exposure_phase":"deployment"},"geometry":{"type":"Polygon","coordinates":[[[-112.08340663543997,33.49533545841309],[-112.08340663543997,33.48468173754284],[-112.07148348688116,33.486907059601926],[-112.07148348688116,33.49756113208854],[-112.08340663543997,33.49533545841309]]]}},{"type":"Feature","properties":{"state":"","county":"PHOENIX","s2_cell":"9739899492659888128","waymo_ro_miles":109830.92183090269,"incremental_miles":15405.452,"vintage_end":"202509","exposure_phase":"deployment"},"geometry":{"type":"Polygon","coordinates":[[[-112.09532972560264,33.49310853926107],[-112.09532972560264,33.482455170268295],[-112.08340663543997,33.48468173754284],[-112.08340663543997,33.49533545841309],[-112.09532972560264,33.49310853926107]]]}},{"type":"Feature","properties":{"state":"","county":"PHOENIX","s2_cell":"9739899527019626496","waymo_ro_miles":53022.54564244941,"incremental_miles":8359.23,"vintage_end":"202509","exposure_phase":"deployment"},"geometry":{"type":"Polygon","coordinates":[[[-112.10725275585622,33.490880374851876],[-112.10725275585622,33.480227357997734],[-112.09532972560264,33.482455170268295],[-112.09532972560264,33.49310853926107],[-112.10725275585622,33.490880374851876]]]}},{"type":"Feature","properties":{"state":"","county":"PHOENIX","s2_cell":"9739899561379364864","waymo_ro_miles":18488.822924159616,"incremental_miles":5596.935,"vintage_end":"202509","exposure_phase":"deployment"},"geometry":{"type":"Polygon","coordinates":[[[-112.11917572468799,33.488650965405455],[-112.11917572468799,33.47799830095121],[-112.10725275585622,33.480227357997734],[-112.10725275585622,33.490880374851876],[-112.11917572468799,33.488650965405455]]]}},{"type":"Feature","properties":{"state":"","county":"PHOENIX","s2_cell":"9739899595739103232","waymo_ro_miles":11356.389003719652,"incremental_miles":3203.473,"vintage_end":"202509","exposure_phase":"deployment"},"geometry":{"type":"Polygon","coordinates":[[[-112.11917572468799,33.4993024764558],[-112.11917572468799,33.488650965405455],[-112.10725275585622,33.490880374851876],[-112.10725275585622,33.50153223795573],[-112.11917572468799,33.4993024764558]]]}},{"type":"Feature","properties":{"state":"","county":"PHOENIX","s2_cell":"9739899630098841600","waymo_ro_miles":57790.557834866944,"incremental_miles":9764.232,"vintage_end":"202509","exposure_phase":"deployment"},"geometry":{"type":"Polygon","coordinates":[[[-112.10725275585622,33.50153223795573],[-112.10725275585622,33.490880374851876],[-112.09532972560264,33.49310853926107],[-112.09532972560264,33.50376075415736],[-112.10725275585622,33.50153223795573]]]}},{"type":"Feature","properties":{"state":"","county":"PHOENIX","s2_cell":"9739899664458579968","waymo_ro_miles":47927.77155358442,"incremental_miles":8927.95,"vintage_end":"202509","exposure_phase":"deployment"},"geometry":{"type":"Polygon","coordinates":[[[-112.10725275585621,33.51218294645757],[-112.10725275585622,33.50153223795573],[-112.09532972560264,33.50376075415736],[-112.09532972560264,33.514411814105436],[-112.10725275585621,33.51218294645757]]]}},{"type":"Feature","properties":{"state":"","county":"PHOENIX","s2_cell":"9739899698818318336","waymo_ro_miles":40898.64939924654,"incremental_miles":7467.741,"vintage_end":"202509","exposure_phase":"deployment"},"geometry":{"type":"Polygon","coordinates":[[[-112.10725275585622,33.522832499506315],[-112.10725275585621,33.51218294645757],[-112.09532972560264,33.514411814105436],[-112.09532972560264,33.52506171825426],[-112.10725275585622,33.522832499506315]]]}},{"type":"Feature","properties":{"state":"","county":"PHOENIX","s2_cell":"9739899733178056704","waymo_ro_miles":7703.164432219073,"incremental_miles":2120.731,"vintage_end":"202509","exposure_phase":"deployment"},"geometry":{"type":"Polygon","coordinates":[[[-112.11917572468799,33.52060203493843],[-112.11917572468799,33.509952833250495],[-112.10725275585621,33.51218294645757],[-112.10725275585622,33.522832499506315],[-112.11917572468799,33.52060203493843]]]}},{"type":"Feature","properties":{"state":"","county":"PHOENIX","s2_cell":"9739899767537795072","waymo_ro_miles":8969.698061950201,"incremental_miles":2654.097,"vintage_end":"202509","exposure_phase":"deployment"},"geometry":{"type":"Polygon","coordinates":[[[-112.11917572468799,33.509952833250495],[-112.11917572468799,33.4993024764558],[-112.10725275585622,33.50153223795573],[-112.10725275585621,33.51218294645757],[-112.11917572468799,33.509952833250495]]]}},{"type":"Feature","properties":{"state":"","county":"PHOENIX","s2_cell":"9739900111135178752","waymo_ro_miles":0.9781744906764908,"incremental_miles":0.978,"vintage_end":"202509","exposure_phase":"deployment"},"geometry":{"type":"Polygon","coordinates":[[[-112.14302147203621,33.46288334268467],[-112.14302147203621,33.452229080951035],[-112.13109863058544,33.454459920001625],[-112.13109863058544,33.46511453535138],[-112.14302147203621,33.46288334268467]]]}},{"type":"Feature","properties":{"state":"","county":"PHOENIX","s2_cell":"9739900145494917120","waymo_ro_miles":2.781336692692546,"incremental_miles":2.781,"vintage_end":"202509","exposure_phase":"deployment"},"geometry":{"type":"Polygon","coordinates":[[[-112.13109863058544,33.46511453535138],[-112.13109863058544,33.454459920001625],[-112.11917572468799,33.45668951524133],[-112.11917572468799,33.46734448394548],[-112.13109863058544,33.46511453535138]]]}},{"type":"Feature","properties":{"state":"","county":"PHOENIX","s2_cell":"9739900214214393856","waymo_ro_miles":18371.383659586307,"incremental_miles":4466.478,"vintage_end":"202509","exposure_phase":"deployment"},"geometry":{"type":"Polygon","coordinates":[[[-112.11917572468799,33.47799830095121],[-112.11917572468799,33.46734448394548],[-112.10725275585622,33.46957318824571],[-112.10725275585622,33.480227357997734],[-112.11917572468799,33.47799830095121]]]}},{"type":"Feature","properties":{"state":"","county":"PHOENIX","s2_cell":"9739900248574132224","waymo_ro_miles":49749.137756185766,"incremental_miles":7304.077,"vintage_end":"202509","exposure_phase":"deployment"},"geometry":{"type":"Polygon","coordinates":[[[-112.10725275585622,33.480227357997734],[-112.10725275585622,33.46957318824571],[-112.09532972560264,33.47180064803138],[-112.09532972560264,33.482455170268295],[-112.10725275585622,33.480227357997734]]]}},{"type":"Feature","properties":{"state":"","county":"PHOENIX","s2_cell":"9739900282933870592","waymo_ro_miles":40391.20779503225,"incremental_miles":5593.321,"vintage_end":"202509","exposure_phase":"deployment"},"geometry":{"type":"Polygon","coordinates":[[[-112.10725275585622,33.46957318824571],[-112.10725275585622,33.458917866448836],[-112.09532972560264,33.46114497340337],[-112.09532972560264,33.47180064803138],[-112.10725275585622,33.46957318824571]]]}},{"type":"Feature","properties":{"state":"","county":"PHOENIX","s2_cell":"9739900317293608960","waymo_ro_miles":8247.289134909457,"incremental_miles":2038.036,"vintage_end":"202509","exposure_phase":"deployment"},"geometry":{"type":"Polygon","coordinates":[[[-112.11917572468799,33.46734448394548],[-112.11917572468799,33.45668951524133],[-112.10725275585622,33.458917866448836],[-112.10725275585622,33.46957318824571],[-112.11917572468799,33.46734448394548]]]}},{"type":"Feature","properties":{"state":"","county":"PHOENIX","s2_cell":"9739900351653347328","waymo_ro_miles":6944.057109473029,"incremental_miles":1638.956,"vintage_end":"202509","exposure_phase":"deployment"},"geometry":{"type":"Polygon","coordinates":[[[-112.11917572468799,33.45668951524133],[-112.11917572468799,33.44603339569249],[-112.10725275585622,33.44826139346081],[-112.10725275585622,33.458917866448836],[-112.11917572468799,33.45668951524133]]]}},{"type":"Feature","properties":{"state":"","county":"PHOENIX","s2_cell":"9739900386013085696","waymo_ro_miles":15982.191945002483,"incremental_miles":2323.628,"vintage_end":"202509","exposure_phase":"deployment"},"geometry":{"type":"Polygon","coordinates":[[[-112.10725275585622,33.458917866448836],[-112.10725275585622,33.44826139346081],[-112.09532972560264,33.45048814723792],[-112.09532972560264,33.46114497340337],[-112.10725275585622,33.458917866448836]]]}},{"type":"Feature","properties":{"state":"","county":"PHOENIX","s2_cell":"9739900420372824064","waymo_ro_miles":30590.47347807795,"incremental_miles":5148.097,"vintage_end":"202509","exposure_phase":"deployment"},"geometry":{"type":"Polygon","coordinates":[[[-112.10725275585622,33.44826139346081],[-112.10725275585622,33.437603770135965],[-112.09532972560264,33.43983017038935],[-112.09532972560264,33.45048814723792],[-112.10725275585622,33.44826139346081]]]}},{"type":"Feature","properties":{"state":"","county":"PHOENIX","s2_cell":"9739900454732562432","waymo_ro_miles":4535.206300859384,"incremental_miles":925.465,"vintage_end":"202509","exposure_phase":"deployment"},"geometry":{"type":"Polygon","coordinates":[[[-112.11917572468799,33.44603339569249],[-112.11917572468799,33.4353761261533],[-112.10725275585622,33.437603770135965],[-112.10725275585622,33.44826139346081],[-112.11917572468799,33.44603339569249]]]}},{"type":"Feature","properties":{"state":"","county":"PHOENIX","s2_cell":"9739997727151882240","waymo_ro_miles":2057.336613960122,"incremental_miles":668.849,"vintage_end":"202509","exposure_phase":"deployment"},"geometry":{"type":"Polygon","coordinates":[[[-112.10725275585622,33.57606290321138],[-112.10725275585622,33.565419140171514],[-112.09532972560264,33.56764975985856],[-112.09532972560264,33.57829387226802],[-112.10725275585622,33.57606290321138]]]}},{"type":"Feature","properties":{"state":"","county":"PHOENIX","s2_cell":"9739997761511620608","waymo_ro_miles":1878.2822799192572,"incremental_miles":680.424,"vintage_end":"202509","exposure_phase":"deployment"},"geometry":{"type":"Polygon","coordinates":[[[-112.11917572468799,33.57383068703365],[-112.11917572468799,33.563187273623264],[-112.10725275585622,33.565419140171514],[-112.10725275585622,33.57606290321138],[-112.11917572468799,33.57383068703365]]]}},{"type":"Feature","properties":{"state":"","county":"PHOENIX","s2_cell":"9739998208188219392","waymo_ro_miles":5916.808742828229,"incremental_miles":1881.931,"vintage_end":"202509","exposure_phase":"deployment"},"geometry":{"type":"Polygon","coordinates":[[[-112.11917572468799,33.541896969592855],[-112.11917572468799,33.531250080669146],[-112.10725275585622,33.53348089625153],[-112.10725275585622,33.544128135843444],[-112.11917572468799,33.541896969592855]]]}},{"type":"Feature","properties":{"state":"","county":"PHOENIX","s2_cell":"9739998242547957760","waymo_ro_miles":8572.458959367925,"incremental_miles":2130.937,"vintage_end":"202509","exposure_phase":"deployment"},"geometry":{"type":"Polygon","coordinates":[[[-112.11917572468799,33.531250080669146],[-112.11917572468799,33.52060203493843],[-112.10725275585622,33.522832499506315],[-112.10725275585622,33.53348089625153],[-112.11917572468799,33.531250080669146]]]}},{"type":"Feature","properties":{"state":"","county":"PHOENIX","s2_cell":"9739998276907696128","waymo_ro_miles":27193.69207976892,"incremental_miles":5160.686,"vintage_end":"202509","exposure_phase":"deployment"},"geometry":{"type":"Polygon","coordinates":[[[-112.10725275585622,33.53348089625153],[-112.10725275585622,33.522832499506315],[-112.09532972560264,33.52506171825426],[-112.09532972560264,33.53571046575341],[-112.10725275585622,33.53348089625153]]]}},{"type":"Feature","properties":{"state":"","county":"PHOENIX","s2_cell":"9739998311267434496","waymo_ro_miles":20547.871243458216,"incremental_miles":5098.741,"vintage_end":"202509","exposure_phase":"deployment"},"geometry":{"type":"Polygon","coordinates":[[[-112.10725275585622,33.544128135843444],[-112.10725275585622,33.53348089625153],[-112.09532972560264,33.53571046575341],[-112.09532972560264,33.546358055753124],[-112.10725275585622,33.544128135843444]]]}},{"type":"Feature","properties":{"state":"","county":"PHOENIX","s2_cell":"9739998345627172864","waymo_ro_miles":23167.86134778969,"incremental_miles":6619.11,"vintage_end":"202509","exposure_phase":"deployment"},"geometry":{"type":"Polygon","coordinates":[[[-112.10725275585622,33.55477421743292],[-112.10725275585622,33.544128135843444],[-112.09532972560264,33.546358055753124],[-112.09532972560264,33.55700448740433],[-112.10725275585622,33.55477421743292]]]}},{"type":"Feature","properties":{"state":"","county":"PHOENIX","s2_cell":"9739998379986911232","waymo_ro_miles":5397.389191098659,"incremental_miles":2105.511,"vintage_end":"202509","exposure_phase":"deployment"},"geometry":{"type":"Polygon","coordinates":[[[-112.11917572468799,33.552542700860386],[-112.11917572468799,33.541896969592855],[-112.10725275585622,33.544128135843444],[-112.10725275585622,33.55477421743292],[-112.11917572468799,33.552542700860386]]]}},{"type":"Feature","properties":{"state":"","county":"PHOENIX","s2_cell":"9739998414346649600","waymo_ro_miles":5765.472325206413,"incremental_miles":1916.2,"vintage_end":"202509","exposure_phase":"deployment"},"geometry":{"type":"Polygon","coordinates":[[[-112.11917572468799,33.563187273623264],[-112.11917572468799,33.552542700860386],[-112.10725275585622,33.55477421743292],[-112.10725275585622,33.565419140171514],[-112.11917572468799,33.563187273623264]]]}},{"type":"Feature","properties":{"state":"","county":"PHOENIX","s2_cell":"9739998448706387968","waymo_ro_miles":7747.417467664554,"incremental_miles":2222.782,"vintage_end":"202509","exposure_phase":"deployment"},"geometry":{"type":"Polygon","coordinates":[[[-112.10725275585622,33.565419140171514],[-112.10725275585622,33.55477421743292],[-112.09532972560264,33.55700448740433],[-112.09532972560264,33.56764975985856],[-112.10725275585622,33.565419140171514]]]}},{"type":"Feature","properties":{"state":"","county":"PHOENIX","s2_cell":"9739998483066126336","waymo_ro_miles":5409.709529942335,"incremental_miles":1620.32,"vintage_end":"202509","exposure_phase":"deployment"},"geometry":{"type":"Polygon","coordinates":[[[-112.09532972560264,33.56764975985856],[-112.09532972560264,33.55700448740433],[-112.08340663543997,33.55923351055505],[-112.08340663543997,33.56987913246494],[-112.09532972560264,33.56764975985856]]]}},{"type":"Feature","properties":{"state":"","county":"PHOENIX","s2_cell":"9739998517425864704","waymo_ro_miles":6125.54060159909,"incremental_miles":1836.237,"vintage_end":"202509","exposure_phase":"deployment"},"geometry":{"type":"Polygon","coordinates":[[[-112.08340663543997,33.56987913246494],[-112.08340663543997,33.55923351055505],[-112.07148348688116,33.561461286666145],[-112.07148348688116,33.572107257771776],[-112.08340663543997,33.56987913246494]]]}},{"type":"Feature","properties":{"state":"","county":"PHOENIX","s2_cell":"9739998551785603072","waymo_ro_miles":27641.92403036934,"incremental_miles":8302.674,"vintage_end":"202509","exposure_phase":"deployment"},"geometry":{"type":"Polygon","coordinates":[[[-112.08340663543997,33.55923351055505],[-112.08340663543997,33.5485867291023],[-112.07148348688116,33.550814155671915],[-112.07148348688116,33.561461286666145],[-112.08340663543997,33.55923351055505]]]}},{"type":"Feature","properties":{"state":"","county":"PHOENIX","s2_cell":"9739998586145341440","waymo_ro_miles":15204.695399952381,"incremental_miles":5216.169,"vintage_end":"202509","exposure_phase":"deployment"},"geometry":{"type":"Polygon","coordinates":[[[-112.09532972560264,33.55700448740433],[-112.09532972560264,33.546358055753124],[-112.08340663543997,33.5485867291023],[-112.08340663543997,33.55923351055505],[-112.09532972560264,33.55700448740433]]]}},{"type":"Feature","properties":{"state":"","county":"PHOENIX","s2_cell":"9739998620505079808","waymo_ro_miles":16905.21056701423,"incremental_miles":5216.937,"vintage_end":"202509","exposure_phase":"deployment"},"geometry":{"type":"Polygon","coordinates":[[[-112.09532972560264,33.546358055753124],[-112.09532972560264,33.53571046575341],[-112.08340663543997,33.53793878895509],[-112.08340663543997,33.5485867291023],[-112.09532972560264,33.546358055753124]]]}},{"type":"Feature","properties":{"state":"","county":"PHOENIX","s2_cell":"9739998654864818176","waymo_ro_miles":13020.469589546865,"incremental_miles":2665.219,"vintage_end":"202509","exposure_phase":"deployment"},"geometry":{"type":"Polygon","coordinates":[[[-112.09532972560264,33.53571046575341],[-112.09532972560264,33.52506171825426],[-112.08340663543997,33.52728969096251],[-112.08340663543997,33.53793878895509],[-112.09532972560264,33.53571046575341]]]}},{"type":"Feature","properties":{"state":"","county":"PHOENIX","s2_cell":"9739998689224556544","waymo_ro_miles":47248.15455066575,"incremental_miles":12484.849,"vintage_end":"202509","exposure_phase":"deployment"},"geometry":{"type":"Polygon","coordinates":[[[-112.08340663543997,33.53793878895509],[-112.08340663543997,33.52728969096251],[-112.07148348688116,33.5295164174119],[-112.07148348688116,33.54016586563748],[-112.08340663543997,33.53793878895509]]]}},{"type":"Feature","properties":{"state":"","county":"PHOENIX","s2_cell":"9739998723584294912","waymo_ro_miles":26589.60527859747,"incremental_miles":7366.084,"vintage_end":"202509","exposure_phase":"deployment"},"geometry":{"type":"Polygon","coordinates":[[[-112.08340663543997,33.5485867291023],[-112.08340663543997,33.53793878895509],[-112.07148348688116,33.54016586563748],[-112.07148348688116,33.550814155671915],[-112.08340663543997,33.5485867291023]]]}},{"type":"Feature","properties":{"state":"","county":"PHOENIX","s2_cell":"9739998757944033280","waymo_ro_miles":11202.638902741088,"incremental_miles":2548.726,"vintage_end":"202509","exposure_phase":"deployment"},"geometry":{"type":"Polygon","coordinates":[[[-112.07148348688116,33.550814155671915],[-112.07148348688116,33.54016586563748],[-112.05956028143932,33.54239169558206],[-112.05956028143932,33.55304033524353],[-112.07148348688116,33.550814155671915]]]}},{"type":"Feature","properties":{"state":"","county":"PHOENIX","s2_cell":"9739998792303771648","waymo_ro_miles":39484.701314116304,"incremental_miles":9058.696,"vintage_end":"202509","exposure_phase":"deployment"},"geometry":{"type":"Polygon","coordinates":[[[-112.07148348688116,33.54016586563748],[-112.07148348688116,33.5295164174119],[-112.05956028143932,33.53174189738382],[-112.05956028143932,33.54239169558206],[-112.07148348688116,33.54016586563748]]]}},{"type":"Feature","properties":{"state":"","county":"PHOENIX","s2_cell":"9739998826663510016","waymo_ro_miles":27605.92367167829,"incremental_miles":6972.775,"vintage_end":"202509","exposure_phase":"deployment"},"geometry":{"type":"Polygon","coordinates":[[[-112.05956028143932,33.54239169558206],[-112.05956028143932,33.53174189738382],[-112.04763702062775,33.533966130660254],[-112.04763702062775,33.54461627857087],[-112.05956028143932,33.54239169558206]]]}},{"type":"Feature","properties":{"state":"","county":"PHOENIX","s2_cell":"9739998861023248384","waymo_ro_miles":25473.629904421327,"incremental_miles":7512.264,"vintage_end":"202509","exposure_phase":"deployment"},"geometry":{"type":"Polygon","coordinates":[[[-112.05956028143932,33.55304033524353],[-112.05956028143932,33.54239169558206],[-112.04763702062775,33.54461627857087],[-112.04763702062775,33.55526526759928],[-112.05956028143932,33.55304033524353]]]}},{"type":"Feature","properties":{"state":"","county":"PHOENIX","s2_cell":"9739998895382986752","waymo_ro_miles":10.453098070901884,"incremental_miles":1.994,"vintage_end":"202509","exposure_phase":"deployment"},"geometry":{"type":"Polygon","coordinates":[[[-112.05956028143932,33.56368781551923],[-112.05956028143932,33.55304033524353],[-112.04763702062775,33.55526526759928],[-112.04763702062775,33.56591309689649],[-112.05956028143932,33.56368781551923]]]}},{"type":"Feature","properties":{"state":"","county":"PHOENIX","s2_cell":"9739998929742725120","waymo_ro_miles":9875.034602811518,"incremental_miles":2938.305,"vintage_end":"202509","exposure_phase":"deployment"},"geometry":{"type":"Polygon","coordinates":[[[-112.07148348688116,33.561461286666145],[-112.07148348688116,33.550814155671915],[-112.05956028143932,33.55304033524353],[-112.05956028143932,33.56368781551923],[-112.07148348688116,33.561461286666145]]]}},{"type":"Feature","properties":{"state":"","county":"PHOENIX","s2_cell":"9739998964102463488","waymo_ro_miles":0.903358941166252,"incremental_miles":0.282,"vintage_end":"202509","exposure_phase":"deployment"},"geometry":{"type":"Polygon","coordinates":[[[-112.07148348688116,33.572107257771776],[-112.07148348688116,33.561461286666145],[-112.05956028143932,33.56368781551923],[-112.05956028143932,33.57433413556076],[-112.07148348688116,33.572107257771776]]]}},{"type":"Feature","properties":{"state":"","county":"PHOENIX","s2_cell":"9739999204620632064","waymo_ro_miles":3.036110011323478,"incremental_miles":0.949,"vintage_end":"202509","exposure_phase":"deployment"},"geometry":{"type":"Polygon","coordinates":[[[-112.09532972560264,33.57829387226802],[-112.09532972560264,33.56764975985856],[-112.08340663543997,33.56987913246494],[-112.08340663543997,33.58052359398419],[-112.09532972560264,33.57829387226802]]]}},{"type":"Feature","properties":{"state":"","county":"PHOENIX","s2_cell":"9740002606234730496","waymo_ro_miles":3009.8489494379805,"incremental_miles":951.778,"vintage_end":"202509","exposure_phase":"deployment"},"geometry":{"type":"Polygon","coordinates":[[[-111.9760963777647,33.69631075280785],[-111.9760963777647,33.68567367047431],[-111.96417277175436,33.68789366658374],[-111.96417277175436,33.698531092336474],[-111.9760963777647,33.69631075280785]]]}},{"type":"Feature","properties":{"state":"","county":"PHOENIX","s2_cell":"9740002709313945600","waymo_ro_miles":16743.034795630687,"incremental_miles":3431.727,"vintage_end":"202509","exposure_phase":"deployment"},"geometry":{"type":"Polygon","coordinates":[[[-111.9760963777647,33.68567367047431],[-111.9760963777647,33.67503541704655],[-111.96417277175436,33.67725506939285],[-111.96417277175436,33.68789366658374],[-111.9760963777647,33.68567367047431]]]}},{"type":"Feature","properties":{"state":"","county":"PHOENIX","s2_cell":"9740002743673683968","waymo_ro_miles":12464.441801745133,"incremental_miles":2873.818,"vintage_end":"202509","exposure_phase":"deployment"},"geometry":{"type":"Polygon","coordinates":[[[-111.98801993900399,33.68345242279564],[-111.98801993900399,33.672814513388744],[-111.9760963777647,33.67503541704655],[-111.9760963777647,33.68567367047431],[-111.98801993900399,33.68345242279564]]]}},{"type":"Feature","properties":{"state":"","county":"PHOENIX","s2_cell":"9740002846752899072","waymo_ro_miles":12.7294018447432,"incremental_miles":12.729,"vintage_end":"202509","exposure_phase":"deployment"},"geometry":{"type":"Polygon","coordinates":[[[-111.99994345395756,33.68122992376076],[-111.99994345395756,33.67059235863254],[-111.98801993900399,33.672814513388744],[-111.98801993900399,33.68345242279564],[-111.99994345395756,33.68122992376076]]]}},{"type":"Feature","properties":{"state":"","county":"PHOENIX","s2_cell":"9740002915472375808","waymo_ro_miles":7425.644730010379,"incremental_miles":1738.745,"vintage_end":"202509","exposure_phase":"deployment"},"geometry":{"type":"Polygon","coordinates":[[[-111.99994345395754,33.65995362394016],[-111.99994345395756,33.649313720526],[-111.98801993900399,33.65153518569194],[-111.98801993900399,33.662175434073404],[-111.99994345395754,33.65995362394016]]]}},{"type":"Feature","properties":{"state":"","county":"PHOENIX","s2_cell":"9740002949832114176","waymo_ro_miles":29662.702065442227,"incremental_miles":7074.234,"vintage_end":"202509","exposure_phase":"deployment"},"geometry":{"type":"Polygon","coordinates":[[[-111.98801993900399,33.662175434073404],[-111.98801993900399,33.65153518569194],[-111.9760963777647,33.65375540027558],[-111.9760963777647,33.66439599336622],[-111.98801993900399,33.662175434073404]]]}},{"type":"Feature","properties":{"state":"","county":"PHOENIX","s2_cell":"9740002984191852544","waymo_ro_miles":23588.097598940698,"incremental_miles":5532.63,"vintage_end":"202509","exposure_phase":"deployment"},"geometry":{"type":"Polygon","coordinates":[[[-111.98801993900399,33.672814513388744],[-111.98801993900399,33.662175434073404],[-111.9760963777647,33.66439599336622],[-111.9760963777647,33.67503541704655],[-111.98801993900399,33.672814513388744]]]}},{"type":"Feature","properties":{"state":"","county":"PHOENIX","s2_cell":"9740003018551590912","waymo_ro_miles":5956.093098296773,"incremental_miles":1284.585,"vintage_end":"202509","exposure_phase":"deployment"},"geometry":{"type":"Polygon","coordinates":[[[-111.9760963777647,33.67503541704655],[-111.9760963777647,33.66439599336622],[-111.96417277175436,33.66661530160541],[-111.96417277175436,33.67725506939285],[-111.9760963777647,33.67503541704655]]]}},{"type":"Feature","properties":{"state":"","county":"PHOENIX","s2_cell":"9740003052911329280","waymo_ro_miles":7395.624166861613,"incremental_miles":1389.894,"vintage_end":"202509","exposure_phase":"deployment"},"geometry":{"type":"Polygon","coordinates":[[[-111.96417277175436,33.67725506939285],[-111.96417277175436,33.66661530160541],[-111.9522491224878,33.66883335857838],[-111.9522491224878,33.67947347021511],[-111.96417277175436,33.67725506939285]]]}},{"type":"Feature","properties":{"state":"","county":"PHOENIX","s2_cell":"9740003087271067648","waymo_ro_miles":15962.131851714379,"incremental_miles":3056.687,"vintage_end":"202509","exposure_phase":"deployment"},"geometry":{"type":"Polygon","coordinates":[[[-111.96417277175436,33.66661530160541],[-111.96417277175436,33.65597436406368],[-111.9522491224878,33.65819207684357],[-111.9522491224878,33.66883335857838],[-111.96417277175436,33.66661530160541]]]}},{"type":"Feature","properties":{"state":"","county":"PHOENIX","s2_cell":"9740003155990544384","waymo_ro_miles":5465.856385774897,"incremental_miles":1319.796,"vintage_end":"202509","exposure_phase":"deployment"},"geometry":{"type":"Polygon","coordinates":[[[-111.9760963777647,33.65375540027558],[-111.9760963777647,33.64311363861761],[-111.96417277175436,33.645332257610605],[-111.96417277175436,33.65597436406368],[-111.9760963777647,33.65375540027558]]]}},{"type":"Feature","properties":{"state":"","county":"PHOENIX","s2_cell":"9740003190350282752","waymo_ro_miles":13293.991622494732,"incremental_miles":3129.598,"vintage_end":"202509","exposure_phase":"deployment"},"geometry":{"type":"Polygon","coordinates":[[[-111.96417277175436,33.65597436406368],[-111.96417277175436,33.645332257610605],[-111.9522491224878,33.64754962585355],[-111.9522491224878,33.65819207684357],[-111.96417277175436,33.65597436406368]]]}},{"type":"Feature","properties":{"state":"","county":"PHOENIX","s2_cell":"9740003224710021120","waymo_ro_miles":32934.98201450848,"incremental_miles":8395.401,"vintage_end":"202509","exposure_phase":"deployment"},"geometry":{"type":"Polygon","coordinates":[[[-111.96417277175436,33.645332257610605],[-111.96417277175436,33.63468898308975],[-111.9522491224878,33.63690600645188],[-111.9522491224878,33.64754962585355],[-111.96417277175436,33.645332257610605]]]}},{"type":"Feature","properties":{"state":"","county":"PHOENIX","s2_cell":"9740003259069759488","waymo_ro_miles":21287.82986099825,"incremental_miles":5732.499,"vintage_end":"202509","exposure_phase":"deployment"},"geometry":{"type":"Polygon","coordinates":[[[-111.9760963777647,33.64311363861761],[-111.9760963777647,33.63247070923592],[-111.96417277175436,33.63468898308975],[-111.96417277175436,33.645332257610605],[-111.9760963777647,33.64311363861761]]]}},{"type":"Feature","properties":{"state":"","county":"PHOENIX","s2_cell":"9740003293429497856","waymo_ro_miles":37035.691733319916,"incremental_miles":9530.828,"vintage_end":"202509","exposure_phase":"deployment"},"geometry":{"type":"Polygon","coordinates":[[[-111.98801993900399,33.64089376908731],[-111.98801993900399,33.630251185103184],[-111.9760963777647,33.63247070923592],[-111.9760963777647,33.64311363861761],[-111.98801993900399,33.64089376908731]]]}},{"type":"Feature","properties":{"state":"","county":"PHOENIX","s2_cell":"9740003327789236224","waymo_ro_miles":32226.88970633667,"incremental_miles":8150.539,"vintage_end":"202509","exposure_phase":"deployment"},"geometry":{"type":"Polygon","coordinates":[[[-111.98801993900399,33.65153518569194],[-111.98801993900399,33.64089376908731],[-111.9760963777647,33.64311363861761],[-111.9760963777647,33.65375540027558],[-111.98801993900399,33.65153518569194]]]}},{"type":"Feature","properties":{"state":"","county":"PHOENIX","s2_cell":"9740003362148974592","waymo_ro_miles":7431.651345725605,"incremental_miles":2048.388,"vintage_end":"202509","exposure_phase":"deployment"},"geometry":{"type":"Polygon","coordinates":[[[-111.99994345395756,33.649313720526],[-111.99994345395754,33.638672649233044],[-111.98801993900399,33.64089376908731],[-111.98801993900399,33.65153518569194],[-111.99994345395756,33.649313720526]]]}},{"type":"Feature","properties":{"state":"","county":"PHOENIX","s2_cell":"9740003396508712960","waymo_ro_miles":5962.914984601064,"incremental_miles":1531.488,"vintage_end":"202509","exposure_phase":"deployment"},"geometry":{"type":"Polygon","coordinates":[[[-111.99994345395754,33.638672649233044],[-111.99994345395756,33.628030410904955],[-111.98801993900399,33.630251185103184],[-111.98801993900399,33.64089376908731],[-111.99994345395754,33.638672649233044]]]}},{"type":"Feature","properties":{"state":"","county":"PHOENIX","s2_cell":"9740003430868451328","waymo_ro_miles":1015.1303925768832,"incremental_miles":475.927,"vintage_end":"202509","exposure_phase":"deployment"},"geometry":{"type":"Polygon","coordinates":[[[-112.0118669211109,33.63645027926869],[-112.0118669211109,33.625808386855205],[-111.99994345395756,33.628030410904955],[-111.99994345395754,33.638672649233044],[-112.0118669211109,33.63645027926869]]]}},{"type":"Feature","properties":{"state":"","county":"PHOENIX","s2_cell":"9740003533947666432","waymo_ro_miles":277.6528096394961,"incremental_miles":143.896,"vintage_end":"202509","exposure_phase":"deployment"},"geometry":{"type":"Polygon","coordinates":[[[-112.0118669211109,33.64709100499161],[-112.0118669211109,33.63645027926869],[-111.99994345395754,33.638672649233044],[-111.99994345395756,33.649313720526],[-112.0118669211109,33.64709100499161]]]}},{"type":"Feature","properties":{"state":"","county":"PHOENIX","s2_cell":"9740003568307404800","waymo_ro_miles":13.89523225278239,"incremental_miles":13.895,"vintage_end":"202509","exposure_phase":"deployment"},"geometry":{"type":"Polygon","coordinates":[[[-112.0118669211109,33.65773056318025],[-112.0118669211109,33.64709100499161],[-111.99994345395756,33.649313720526],[-111.99994345395754,33.65995362394016],[-112.0118669211109,33.65773056318025]]]}},{"type":"Feature","properties":{"state":"","county":"PHOENIX","s2_cell":"9740003602667143168","waymo_ro_miles":5.758651076327332,"incremental_miles":5.759,"vintage_end":"202509","exposure_phase":"deployment"},"geometry":{"type":"Polygon","coordinates":[[[-112.0118669211109,33.66836895299161],[-112.0118669211109,33.65773056318025],[-111.99994345395754,33.65995362394016],[-111.99994345395756,33.67059235863254],[-112.0118669211109,33.66836895299161]]]}},{"type":"Feature","properties":{"state":"","county":"PHOENIX","s2_cell":"9740004152422957056","waymo_ro_miles":7036.8480409140775,"incremental_miles":3062.197,"vintage_end":"202509","exposure_phase":"deployment"},"geometry":{"type":"Polygon","coordinates":[[[-112.0118669211109,33.625808386855205],[-112.0118669211109,33.61516532859548],[-111.99994345395754,33.61738700638604],[-111.99994345395756,33.628030410904955],[-112.0118669211109,33.625808386855205]]]}},{"type":"Feature","properties":{"state":"","county":"PHOENIX","s2_cell":"9740004186782695424","waymo_ro_miles":6593.553467138676,"incremental_miles":2800.909,"vintage_end":"202509","exposure_phase":"deployment"},"geometry":{"type":"Polygon","coordinates":[[[-112.0118669211109,33.61516532859548],[-112.0118669211109,33.60452110533452],[-111.99994345395754,33.60674243652129],[-111.99994345395754,33.61738700638604],[-112.0118669211109,33.61516532859548]]]}},{"type":"Feature","properties":{"state":"","county":"PHOENIX","s2_cell":"9740004289861910528","waymo_ro_miles":5414.328550341775,"incremental_miles":2360.937,"vintage_end":"202509","exposure_phase":"deployment"},"geometry":{"type":"Polygon","coordinates":[[[-112.0118669211109,33.60452110533452],[-112.0118669211109,33.59387571791797],[-111.99994345395754,33.59609670215631],[-111.99994345395754,33.60674243652129],[-112.0118669211109,33.60452110533452]]]}},{"type":"Feature","properties":{"state":"","county":"PHOENIX","s2_cell":"9740004324221648896","waymo_ro_miles":6207.9554066299215,"incremental_miles":2372.418,"vintage_end":"202509","exposure_phase":"deployment"},"geometry":{"type":"Polygon","coordinates":[[[-112.0118669211109,33.59387571791797],[-112.0118669211109,33.58322916719214],[-111.99994345395754,33.5854498041374],[-111.99994345395754,33.59609670215631],[-112.0118669211109,33.59387571791797]]]}},{"type":"Feature","properties":{"state":"","county":"PHOENIX","s2_cell":"9740004564739817472","waymo_ro_miles":533.329259725484,"incremental_miles":331.579,"vintage_end":"202509","exposure_phase":"deployment"},"geometry":{"type":"Polygon","coordinates":[[[-112.03571370595999,33.578784147714806],[-112.03571370595999,33.56813713058071],[-112.02379033894974,33.57035991635523],[-112.02379033894974,33.58100728164613],[-112.03571370595999,33.578784147714806]]]}},{"type":"Feature","properties":{"state":"","county":"PHOENIX","s2_cell":"9740004633459294208","waymo_ro_miles":1726.2465481361683,"incremental_miles":1054.371,"vintage_end":"202509","exposure_phase":"deployment"},"geometry":{"type":"Polygon","coordinates":[[[-112.04763702062775,33.56591309689649],[-112.04763702062775,33.55526526759928],[-112.03571370595999,33.55748895252185],[-112.03571370595999,33.56813713058071],[-112.04763702062775,33.56591309689649]]]}},{"type":"Feature","properties":{"state":"","county":"PHOENIX","s2_cell":"9740004667819032576","waymo_ro_miles":11788.900011379543,"incremental_miles":3830.423,"vintage_end":"202509","exposure_phase":"deployment"},"geometry":{"type":"Polygon","coordinates":[[[-112.04763702062775,33.55526526759928],[-112.04763702062775,33.54461627857087],[-112.03571370595999,33.54683961438655],[-112.03571370595999,33.55748895252185],[-112.04763702062775,33.55526526759928]]]}},{"type":"Feature","properties":{"state":"","county":"PHOENIX","s2_cell":"9740004702178770944","waymo_ro_miles":61725.843255202155,"incremental_miles":16896.011,"vintage_end":"202509","exposure_phase":"deployment"},"geometry":{"type":"Polygon","coordinates":[[[-112.04763702062775,33.54461627857087],[-112.04763702062775,33.533966130660254],[-112.03571370595999,33.536189117023774],[-112.03571370595999,33.54683961438655],[-112.04763702062775,33.54461627857087]]]}},{"type":"Feature","properties":{"state":"","county":"PHOENIX","s2_cell":"9740004736538509312","waymo_ro_miles":15071.265369649158,"incremental_miles":3493.066,"vintage_end":"202509","exposure_phase":"deployment"},"geometry":{"type":"Polygon","coordinates":[[[-112.03571370595999,33.54683961438655],[-112.03571370595999,33.536189117023774],[-112.02379033894974,33.53841085625749],[-112.02379033894974,33.54906170281229],[-112.03571370595999,33.54683961438655]]]}},{"type":"Feature","properties":{"state":"","county":"PHOENIX","s2_cell":"9740005011416416256","waymo_ro_miles":3226.4048484865148,"incremental_miles":1857.811,"vintage_end":"202509","exposure_phase":"deployment"},"geometry":{"type":"Polygon","coordinates":[[[-112.02379033894974,33.58100728164613],[-112.02379033894974,33.57035991635523],[-112.0118669211109,33.57258145400399],[-112.0118669211109,33.58322916719214],[-112.02379033894974,33.58100728164613]]]}},{"type":"Feature","properties":{"state":"","county":"PHOENIX","s2_cell":"9740005045776154624","waymo_ro_miles":11478.676838134126,"incremental_miles":3926.431,"vintage_end":"202509","exposure_phase":"deployment"},"geometry":{"type":"Polygon","coordinates":[[[-112.0118669211109,33.58322916719214],[-112.0118669211109,33.57258145400399],[-111.99994345395754,33.57480174331149],[-111.99994345395754,33.5854498041374],[-112.0118669211109,33.58322916719214]]]}},{"type":"Feature","properties":{"state":"","county":"PHOENIX","s2_cell":"9740005080135892992","waymo_ro_miles":15553.050758529907,"incremental_miles":4462.057,"vintage_end":"202509","exposure_phase":"deployment"},"geometry":{"type":"Polygon","coordinates":[[[-111.99994345395754,33.5854498041374],[-111.99994345395754,33.57480174331149],[-111.98801993900399,33.57702078406282],[-111.98801993900399,33.58766919226708],[-111.99994345395754,33.5854498041374]]]}},{"type":"Feature","properties":{"state":"","county":"PHOENIX","s2_cell":"9740005114495631360","waymo_ro_miles":89622.35653937791,"incremental_miles":23112.011,"vintage_end":"202509","exposure_phase":"deployment"},"geometry":{"type":"Polygon","coordinates":[[[-111.98801993900399,33.58766919226708],[-111.98801993900399,33.57702078406282],[-111.9760963777647,33.57923857604363],[-111.9760963777647,33.5898873313669],[-111.98801993900399,33.58766919226708]]]}},{"type":"Feature","properties":{"state":"","county":"PHOENIX","s2_cell":"9740005148855369728","waymo_ro_miles":85147.29757223857,"incremental_miles":22492.05,"vintage_end":"202509","exposure_phase":"deployment"},"geometry":{"type":"Polygon","coordinates":[[[-111.98801993900399,33.57702078406282],[-111.98801993900399,33.56637121355462],[-111.9760963777647,33.568588658072045],[-111.9760963777647,33.57923857604363],[-111.98801993900399,33.57702078406282]]]}},{"type":"Feature","properties":{"state":"","county":"PHOENIX","s2_cell":"9740005320654061568","waymo_ro_miles":70114.2429800951,"incremental_miles":18505.809,"vintage_end":"202509","exposure_phase":"deployment"},"geometry":{"type":"Polygon","coordinates":[[[-111.98801993900399,33.56637121355462],[-111.98801993900399,33.5557204815907],[-111.9760963777647,33.557937578300354],[-111.9760963777647,33.568588658072045],[-111.98801993900399,33.56637121355462]]]}},{"type":"Feature","properties":{"state":"","county":"PHOENIX","s2_cell":"9740005389373538304","waymo_ro_miles":101707.89348368767,"incremental_miles":25570.757,"vintage_end":"202509","exposure_phase":"deployment"},"geometry":{"type":"Polygon","coordinates":[[[-111.9760963777647,33.557937578300354],[-111.9760963777647,33.54728533757743],[-111.96417277175436,33.54950083792946],[-111.96417277175436,33.560153426544794],[-111.9760963777647,33.557937578300354]]]}},{"type":"Feature","properties":{"state":"","county":"PHOENIX","s2_cell":"9740005423733276672","waymo_ro_miles":2914.214300562827,"incremental_miles":765.459,"vintage_end":"202509","exposure_phase":"deployment"},"geometry":{"type":"Polygon","coordinates":[[[-111.96417277175436,33.560153426544794],[-111.96417277175436,33.54950083792946],[-111.9522491224878,33.55171508986264],[-111.9522491224878,33.56236802611068],[-111.96417277175436,33.560153426544794]]]}},{"type":"Feature","properties":{"state":"","county":"PHOENIX","s2_cell":"9740005458093015040","waymo_ro_miles":6524.374063010882,"incremental_miles":1736.439,"vintage_end":"202509","exposure_phase":"deployment"},"geometry":{"type":"Polygon","coordinates":[[[-111.96417277175436,33.57080485386464],[-111.96417277175436,33.560153426544794],[-111.9522491224878,33.56236802611068],[-111.9522491224878,33.57301980071915],[-111.96417277175436,33.57080485386464]]]}},{"type":"Feature","properties":{"state":"","county":"PHOENIX","s2_cell":"9740005492452753408","waymo_ro_miles":20257.929410383116,"incremental_miles":5886.059,"vintage_end":"202509","exposure_phase":"deployment"},"geometry":{"type":"Polygon","coordinates":[[[-111.96417277175436,33.581455119040164],[-111.96417277175436,33.57080485386464],[-111.9522491224878,33.57301980071915],[-111.9522491224878,33.58367041283927],[-111.96417277175436,33.581455119040164]]]}},{"type":"Feature","properties":{"state":"","county":"PHOENIX","s2_cell":"9740005526812491776","waymo_ro_miles":4252.76856046486,"incremental_miles":888.407,"vintage_end":"202509","exposure_phase":"deployment"},"geometry":{"type":"Polygon","coordinates":[[[-111.9760963777647,33.57923857604363],[-111.9760963777647,33.568588658072045],[-111.96417277175436,33.57080485386464],[-111.96417277175436,33.581455119040164],[-111.9760963777647,33.57923857604363]]]}},{"type":"Feature","properties":{"state":"","county":"PHOENIX","s2_cell":"9740005561172230144","waymo_ro_miles":39923.223930029606,"incremental_miles":11286.524,"vintage_end":"202509","exposure_phase":"deployment"},"geometry":{"type":"Polygon","coordinates":[[[-111.9760963777647,33.5898873313669],[-111.9760963777647,33.57923857604363],[-111.96417277175436,33.581455119040164],[-111.96417277175436,33.5921042212232],[-111.9760963777647,33.5898873313669]]]}},{"type":"Feature","properties":{"state":"","county":"PHOENIX","s2_cell":"9740005595531968512","waymo_ro_miles":31291.92050968995,"incremental_miles":8874.337,"vintage_end":"202509","exposure_phase":"deployment"},"geometry":{"type":"Polygon","coordinates":[[[-111.96417277175436,33.5921042212232],[-111.96417277175436,33.581455119040164],[-111.9522491224878,33.58367041283927],[-111.9522491224878,33.59431986162284],[-111.96417277175436,33.5921042212232]]]}},{"type":"Feature","properties":{"state":"","county":"PHOENIX","s2_cell":"9740005629891706880","waymo_ro_miles":35256.721164987284,"incremental_miles":8504.255,"vintage_end":"202509","exposure_phase":"deployment"},"geometry":{"type":"Polygon","coordinates":[[[-111.96417277175436,33.60275215956621],[-111.96417277175436,33.5921042212232],[-111.9522491224878,33.59431986162284],[-111.9522491224878,33.60496814622241],[-111.96417277175436,33.60275215956621]]]}},{"type":"Feature","properties":{"state":"","county":"PHOENIX","s2_cell":"9740005664251445248","waymo_ro_miles":21096.73080752765,"incremental_miles":5626.816,"vintage_end":"202509","exposure_phase":"deployment"},"geometry":{"type":"Polygon","coordinates":[[[-111.96417277175436,33.61339893322233],[-111.96417277175436,33.60275215956621],[-111.9522491224878,33.60496814622241],[-111.9522491224878,33.615615265791114],[-111.96417277175436,33.61339893322233]]]}},{"type":"Feature","properties":{"state":"","county":"PHOENIX","s2_cell":"9740005698611183616","waymo_ro_miles":12769.55696195064,"incremental_miles":3731.789,"vintage_end":"202509","exposure_phase":"deployment"},"geometry":{"type":"Polygon","coordinates":[[[-111.9760963777647,33.611181350679026],[-111.9760963777647,33.60053492319433],[-111.96417277175436,33.60275215956621],[-111.96417277175436,33.61339893322233],[-111.9760963777647,33.611181350679026]]]}},{"type":"Feature","properties":{"state":"","county":"PHOENIX","s2_cell":"9740005732970921984","waymo_ro_miles":25761.873021283107,"incremental_miles":6343.314,"vintage_end":"202509","exposure_phase":"deployment"},"geometry":{"type":"Polygon","coordinates":[[[-111.9760963777647,33.60053492319433],[-111.9760963777647,33.5898873313669],[-111.96417277175436,33.5921042212232],[-111.96417277175436,33.60275215956621],[-111.9760963777647,33.60053492319433]]]}},{"type":"Feature","properties":{"state":"","county":"PHOENIX","s2_cell":"9740005767330660352","waymo_ro_miles":70076.09516214364,"incremental_miles":17162.258,"vintage_end":"202509","exposure_phase":"deployment"},"geometry":{"type":"Polygon","coordinates":[[[-111.98801993900399,33.59831643731984],[-111.98801993900399,33.58766919226708],[-111.9760963777647,33.5898873313669],[-111.9760963777647,33.60053492319433],[-111.98801993900399,33.59831643731984]]]}},{"type":"Feature","properties":{"state":"","county":"PHOENIX","s2_cell":"9740005801690398720","waymo_ro_miles":8382.874553191506,"incremental_miles":2225.937,"vintage_end":"202509","exposure_phase":"deployment"},"geometry":{"type":"Polygon","coordinates":[[[-111.99994345395754,33.59609670215631],[-111.99994345395754,33.5854498041374],[-111.98801993900399,33.58766919226708],[-111.98801993900399,33.59831643731984],[-111.99994345395754,33.59609670215631]]]}},{"type":"Feature","properties":{"state":"","county":"PHOENIX","s2_cell":"9740005836050137088","waymo_ro_miles":16525.440910846362,"incremental_miles":4452.348,"vintage_end":"202509","exposure_phase":"deployment"},"geometry":{"type":"Polygon","coordinates":[[[-111.99994345395754,33.60674243652129],[-111.99994345395754,33.59609670215631],[-111.98801993900399,33.59831643731984],[-111.98801993900399,33.60896251837416],[-111.99994345395754,33.60674243652129]]]}},{"type":"Feature","properties":{"state":"","county":"PHOENIX","s2_cell":"9740005870409875456","waymo_ro_miles":54016.86362585635,"incremental_miles":13214.614,"vintage_end":"202509","exposure_phase":"deployment"},"geometry":{"type":"Polygon","coordinates":[[[-111.98801993900399,33.60896251837416],[-111.98801993900399,33.59831643731984],[-111.9760963777647,33.60053492319433],[-111.9760963777647,33.611181350679026],[-111.98801993900399,33.60896251837416]]]}},{"type":"Feature","properties":{"state":"","county":"PHOENIX","s2_cell":"9740005904769613824","waymo_ro_miles":48331.11767683111,"incremental_miles":12464.899,"vintage_end":"202509","exposure_phase":"deployment"},"geometry":{"type":"Polygon","coordinates":[[[-111.98801993900399,33.61960743458381],[-111.98801993900399,33.60896251837416],[-111.9760963777647,33.611181350679026],[-111.9760963777647,33.62182661297474],[-111.98801993900399,33.61960743458381]]]}},{"type":"Feature","properties":{"state":"","county":"PHOENIX","s2_cell":"9740005939129352192","waymo_ro_miles":13793.808066243953,"incremental_miles":4269.22,"vintage_end":"202509","exposure_phase":"deployment"},"geometry":{"type":"Polygon","coordinates":[[[-111.99994345395754,33.61738700638604],[-111.99994345395754,33.60674243652129],[-111.98801993900399,33.60896251837416],[-111.98801993900399,33.61960743458381],[-111.99994345395754,33.61738700638604]]]}},{"type":"Feature","properties":{"state":"","county":"PHOENIX","s2_cell":"9740005973489090560","waymo_ro_miles":9298.17385342293,"incremental_miles":2457.748,"vintage_end":"202509","exposure_phase":"deployment"},"geometry":{"type":"Polygon","coordinates":[[[-111.99994345395756,33.628030410904955],[-111.99994345395754,33.61738700638604],[-111.98801993900399,33.61960743458381],[-111.98801993900399,33.630251185103184],[-111.99994345395756,33.628030410904955]]]}},{"type":"Feature","properties":{"state":"","county":"PHOENIX","s2_cell":"9740006007848828928","waymo_ro_miles":40772.24927222799,"incremental_miles":10085.401,"vintage_end":"202509","exposure_phase":"deployment"},"geometry":{"type":"Polygon","coordinates":[[[-111.98801993900399,33.630251185103184],[-111.98801993900399,33.61960743458381],[-111.9760963777647,33.62182661297474],[-111.9760963777647,33.63247070923592],[-111.98801993900399,33.630251185103184]]]}},{"type":"Feature","properties":{"state":"","county":"PHOENIX","s2_cell":"9740006042208567296","waymo_ro_miles":12916.271552890836,"incremental_miles":2698.243,"vintage_end":"202509","exposure_phase":"deployment"},"geometry":{"type":"Polygon","coordinates":[[[-111.9760963777647,33.63247070923592],[-111.9760963777647,33.62182661297474],[-111.96417277175436,33.62404454134536],[-111.96417277175436,33.63468898308975],[-111.9760963777647,33.63247070923592]]]}},{"type":"Feature","properties":{"state":"","county":"PHOENIX","s2_cell":"9740006076568305664","waymo_ro_miles":6206.421637045862,"incremental_miles":1735.876,"vintage_end":"202509","exposure_phase":"deployment"},"geometry":{"type":"Polygon","coordinates":[[[-111.9760963777647,33.62182661297474],[-111.9760963777647,33.611181350679026],[-111.96417277175436,33.61339893322233],[-111.96417277175436,33.62404454134536],[-111.9760963777647,33.62182661297474]]]}},{"type":"Feature","properties":{"state":"","county":"PHOENIX","s2_cell":"9740006110928044032","waymo_ro_miles":13706.20400454925,"incremental_miles":3358.924,"vintage_end":"202509","exposure_phase":"deployment"},"geometry":{"type":"Polygon","coordinates":[[[-111.96417277175436,33.62404454134536],[-111.96417277175436,33.61339893322233],[-111.9522491224878,33.615615265791114],[-111.9522491224878,33.626261219482785],[-111.96417277175436,33.62404454134536]]]}},{"type":"Feature","properties":{"state":"","county":"PHOENIX","s2_cell":"9740006145287782400","waymo_ro_miles":20554.195584491972,"incremental_miles":4574.354,"vintage_end":"202509","exposure_phase":"deployment"},"geometry":{"type":"Polygon","coordinates":[[[-111.96417277175436,33.63468898308975],[-111.96417277175436,33.62404454134536],[-111.9522491224878,33.626261219482785],[-111.9522491224878,33.63690600645188],[-111.96417277175436,33.63468898308975]]]}},{"type":"Feature","properties":{"state":"","county":"PHOENIX","s2_cell":"9740006179647520768","waymo_ro_miles":16036.695278730394,"incremental_miles":4314.604,"vintage_end":"202509","exposure_phase":"deployment"},"geometry":{"type":"Polygon","coordinates":[[[-111.9522491224878,33.63690600645188],[-111.9522491224878,33.626261219482785],[-111.94032543148008,33.628476647174686],[-111.94032543148008,33.63912177911006],[-111.9522491224878,33.63690600645188]]]}},{"type":"Feature","properties":{"state":"","county":"PHOENIX","s2_cell":"9740006214007259136","waymo_ro_miles":33768.75650070928,"incremental_miles":7890.022,"vintage_end":"202509","exposure_phase":"deployment"},"geometry":{"type":"Polygon","coordinates":[[[-111.9522491224878,33.626261219482785],[-111.9522491224878,33.615615265791114],[-111.94032543148008,33.617830348172994],[-111.94032543148008,33.628476647174686],[-111.9522491224878,33.626261219482785]]]}},{"type":"Feature","properties":{"state":"","county":"PHOENIX","s2_cell":"9740006248366997504","waymo_ro_miles":36352.287427800555,"incremental_miles":8318.334,"vintage_end":"202509","exposure_phase":"deployment"},"geometry":{"type":"Polygon","coordinates":[[[-111.94032543148008,33.628476647174686],[-111.94032543148008,33.617830348172994],[-111.92840170024643,33.62004418015616],[-111.92840170024643,33.630690824209346],[-111.94032543148008,33.628476647174686]]]}},{"type":"Feature","properties":{"state":"","county":"PHOENIX","s2_cell":"9740006282726735872","waymo_ro_miles":17019.839253581158,"incremental_miles":4248.833,"vintage_end":"202509","exposure_phase":"deployment"},"geometry":{"type":"Polygon","coordinates":[[[-111.94032543148008,33.63912177911006],[-111.94032543148008,33.628476647174686],[-111.92840170024643,33.630690824209346],[-111.92840170024643,33.641336300852636],[-111.94032543148008,33.63912177911006]]]}},{"type":"Feature","properties":{"state":"","county":"PHOENIX","s2_cell":"9740006317086474240","waymo_ro_miles":69856.75435402966,"incremental_miles":16762.963,"vintage_end":"202509","exposure_phase":"deployment"},"geometry":{"type":"Polygon","coordinates":[[[-111.92840170024643,33.641336300852636],[-111.92840170024643,33.630690824209346],[-111.91647793030225,33.63290375037561],[-111.91647793030225,33.64354957146851],[-111.92840170024643,33.641336300852636]]]}},{"type":"Feature","properties":{"state":"","county":"PHOENIX","s2_cell":"9740006351446212608","waymo_ro_miles":23291.300574821285,"incremental_miles":6386.817,"vintage_end":"202509","exposure_phase":"deployment"},"geometry":{"type":"Polygon","coordinates":[[[-111.91647793030225,33.64354957146851],[-111.91647793030225,33.63290375037561],[-111.90455412316315,33.63511542546289],[-111.90455412316315,33.6457615907472],[-111.91647793030225,33.64354957146851]]]}},{"type":"Feature","properties":{"state":"","county":"PHOENIX","s2_cell":"9740006385805950976","waymo_ro_miles":24653.411758956496,"incremental_miles":4153.423,"vintage_end":"202509","exposure_phase":"deployment"},"geometry":{"type":"Polygon","coordinates":[[[-111.91647793030225,33.63290375037561],[-111.91647793030225,33.6222567615294],[-111.90455412316315,33.62446809208204],[-111.90455412316315,33.63511542546289],[-111.91647793030225,33.63290375037561]]]}},{"type":"Feature","properties":{"state":"","county":"PHOENIX","s2_cell":"9740006420165689344","waymo_ro_miles":100212.39772339344,"incremental_miles":22470.771,"vintage_end":"202509","exposure_phase":"deployment"},"geometry":{"type":"Polygon","coordinates":[[[-111.92840170024643,33.630690824209346],[-111.92840170024643,33.62004418015616],[-111.91647793030225,33.6222567615294],[-111.91647793030225,33.63290375037561],[-111.92840170024643,33.630690824209346]]]}},{"type":"Feature","properties":{"state":"","county":"PHOENIX","s2_cell":"9740006454525427712","waymo_ro_miles":82158.42529903019,"incremental_miles":19718.33,"vintage_end":"202509","exposure_phase":"deployment"},"geometry":{"type":"Polygon","coordinates":[[[-111.92840170024643,33.62004418015616],[-111.92840170024643,33.60939636953856],[-111.91647793030225,33.611608605775324],[-111.91647793030225,33.6222567615294],[-111.92840170024643,33.62004418015616]]]}},{"type":"Feature","properties":{"state":"","county":"PHOENIX","s2_cell":"9740006488885166080","waymo_ro_miles":53054.89906273045,"incremental_miles":12641.833,"vintage_end":"202509","exposure_phase":"deployment"},"geometry":{"type":"Polygon","coordinates":[[[-111.91647793030225,33.6222567615294],[-111.91647793030225,33.611608605775324],[-111.90455412316315,33.613819591450074],[-111.90455412316315,33.62446809208204],[-111.91647793030225,33.6222567615294]]]}},{"type":"Feature","properties":{"state":"","county":"PHOENIX","s2_cell":"9740006523244904448","waymo_ro_miles":46153.88407647029,"incremental_miles":10975.706,"vintage_end":"202509","exposure_phase":"deployment"},"geometry":{"type":"Polygon","coordinates":[[[-111.91647793030225,33.611608605775324],[-111.91647793030225,33.600959283959504],[-111.90455412316315,33.60316992441306],[-111.90455412316315,33.613819591450074],[-111.91647793030225,33.611608605775324]]]}},{"type":"Feature","properties":{"state":"","county":"PHOENIX","s2_cell":"9740006557604642816","waymo_ro_miles":71794.59361336289,"incremental_miles":15288.327,"vintage_end":"202509","exposure_phase":"deployment"},"geometry":{"type":"Polygon","coordinates":[[[-111.92840170024643,33.60939636953856],[-111.92840170024643,33.59874739320265],[-111.91647793030225,33.600959283959504],[-111.91647793030225,33.611608605775324],[-111.92840170024643,33.60939636953856]]]}},{"type":"Feature","properties":{"state":"","county":"PHOENIX","s2_cell":"9740006591964381184","waymo_ro_miles":9008.180978056613,"incremental_miles":2434.661,"vintage_end":"202509","exposure_phase":"deployment"},"geometry":{"type":"Polygon","coordinates":[[[-111.94032543148008,33.60718288295048],[-111.94032543148008,33.596534252353315],[-111.92840170024643,33.59874739320265],[-111.92840170024643,33.60939636953856],[-111.94032543148008,33.60718288295048]]]}},{"type":"Feature","properties":{"state":"","county":"PHOENIX","s2_cell":"9740006626324119552","waymo_ro_miles":11373.197808887046,"incremental_miles":2665.178,"vintage_end":"202509","exposure_phase":"deployment"},"geometry":{"type":"Polygon","coordinates":[[[-111.94032543148008,33.617830348172994],[-111.94032543148008,33.60718288295048],[-111.92840170024643,33.60939636953856],[-111.92840170024643,33.62004418015616],[-111.94032543148008,33.617830348172994]]]}},{"type":"Feature","properties":{"state":"","county":"PHOENIX","s2_cell":"9740006660683857920","waymo_ro_miles":28595.45342657833,"incremental_miles":7449.215,"vintage_end":"202509","exposure_phase":"deployment"},"geometry":{"type":"Polygon","coordinates":[[[-111.9522491224878,33.615615265791114],[-111.9522491224878,33.60496814622241],[-111.94032543148008,33.60718288295048],[-111.94032543148008,33.617830348172994],[-111.9522491224878,33.615615265791114]]]}},{"type":"Feature","properties":{"state":"","county":"PHOENIX","s2_cell":"9740006695043596288","waymo_ro_miles":44504.019185493504,"incremental_miles":10756.179,"vintage_end":"202509","exposure_phase":"deployment"},"geometry":{"type":"Polygon","coordinates":[[[-111.9522491224878,33.60496814622241],[-111.9522491224878,33.59431986162284],[-111.94032543148008,33.596534252353315],[-111.94032543148008,33.60718288295048],[-111.9522491224878,33.60496814622241]]]}},{"type":"Feature","properties":{"state":"","county":"PHOENIX","s2_cell":"9740006763763073024","waymo_ro_miles":27680.30238282224,"incremental_miles":6148.233,"vintage_end":"202509","exposure_phase":"deployment"},"geometry":{"type":"Polygon","coordinates":[[[-111.94032543148008,33.596534252353315],[-111.94032543148008,33.585884457228296],[-111.92840170024643,33.588097251995265],[-111.92840170024643,33.59874739320265],[-111.94032543148008,33.596534252353315]]]}},{"type":"Feature","properties":{"state":"","county":"PHOENIX","s2_cell":"9740006798122811392","waymo_ro_miles":46846.10790599109,"incremental_miles":12396.297,"vintage_end":"202509","exposure_phase":"deployment"},"geometry":{"type":"Polygon","coordinates":[[[-111.94032543148008,33.585884457228296],[-111.94032543148008,33.575233498422904],[-111.92840170024643,33.5774459467638],[-111.92840170024643,33.588097251995265],[-111.94032543148008,33.585884457228296]]]}},{"type":"Feature","properties":{"state":"","county":"PHOENIX","s2_cell":"9740006832482549760","waymo_ro_miles":50414.62661135731,"incremental_miles":14021.426,"vintage_end":"202509","exposure_phase":"deployment"},"geometry":{"type":"Polygon","coordinates":[[[-111.9522491224878,33.58367041283927],[-111.9522491224878,33.57301980071915],[-111.94032543148008,33.575233498422904],[-111.94032543148008,33.585884457228296],[-111.9522491224878,33.58367041283927]]]}},{"type":"Feature","properties":{"state":"","county":"PHOENIX","s2_cell":"9740006866842288128","waymo_ro_miles":17720.15783746944,"incremental_miles":4255.374,"vintage_end":"202509","exposure_phase":"deployment"},"geometry":{"type":"Polygon","coordinates":[[[-111.9522491224878,33.57301980071915],[-111.9522491224878,33.56236802611068],[-111.94032543148008,33.56458137678526],[-111.94032543148008,33.575233498422904],[-111.9522491224878,33.57301980071915]]]}},{"type":"Feature","properties":{"state":"","county":"PHOENIX","s2_cell":"9740006901202026496","waymo_ro_miles":10633.824391403554,"incremental_miles":2056.023,"vintage_end":"202509","exposure_phase":"deployment"},"geometry":{"type":"Polygon","coordinates":[[[-111.9522491224878,33.56236802611068],[-111.9522491224878,33.55171508986264],[-111.94032543148008,33.55392809316416],[-111.94032543148008,33.56458137678526],[-111.9522491224878,33.56236802611068]]]}},{"type":"Feature","properties":{"state":"","county":"PHOENIX","s2_cell":"9740006969921503232","waymo_ro_miles":13755.577007074678,"incremental_miles":3631.253,"vintage_end":"202509","exposure_phase":"deployment"},"geometry":{"type":"Polygon","coordinates":[[[-111.94032543148008,33.575233498422904],[-111.94032543148008,33.56458137678526],[-111.92840170024643,33.56679347835639],[-111.92840170024643,33.5774459467638],[-111.94032543148008,33.575233498422904]]]}},{"type":"Feature","properties":{"state":"","county":"PHOENIX","s2_cell":"9740007004281241600","waymo_ro_miles":87819.96742085277,"incremental_miles":20043.724,"vintage_end":"202509","exposure_phase":"deployment"},"geometry":{"type":"Polygon","coordinates":[[[-111.92840170024643,33.5774459467638],[-111.92840170024643,33.56679347835639],[-111.91647793030225,33.56900433061246],[-111.91647793030225,33.57965714553032],[-111.92840170024643,33.5774459467638]]]}},{"type":"Feature","properties":{"state":"","county":"PHOENIX","s2_cell":"9740007038640979968","waymo_ro_miles":104211.89458191529,"incremental_miles":22637.867,"vintage_end":"202509","exposure_phase":"deployment"},"geometry":{"type":"Polygon","coordinates":[[[-111.92840170024643,33.56679347835639],[-111.92840170024643,33.55613984762178],[-111.91647793030225,33.55835035302383],[-111.91647793030225,33.56900433061246],[-111.92840170024643,33.56679347835639]]]}},{"type":"Feature","properties":{"state":"","county":"PHOENIX","s2_cell":"9740007073000718336","waymo_ro_miles":11178.533820134946,"incremental_miles":1583.758,"vintage_end":"202509","exposure_phase":"deployment"},"geometry":{"type":"Polygon","coordinates":[[[-111.91647793030225,33.56900433061246],[-111.91647793030225,33.55835035302383],[-111.90455412316315,33.56055960915925],[-111.90455412316315,33.57121393334246],[-111.91647793030225,33.56900433061246]]]}},{"type":"Feature","properties":{"state":"","county":"PHOENIX","s2_cell":"9740007107360456704","waymo_ro_miles":85534.49253705663,"incremental_miles":19854.446,"vintage_end":"202509","exposure_phase":"deployment"},"geometry":{"type":"Polygon","coordinates":[[[-111.91647793030225,33.57965714553032],[-111.91647793030225,33.56900433061246],[-111.90455412316315,33.57121393334246],[-111.90455412316315,33.58186709451153],[-111.91647793030225,33.57965714553032]]]}},{"type":"Feature","properties":{"state":"","county":"PHOENIX","s2_cell":"9740007141720195072","waymo_ro_miles":83296.64385731802,"incremental_miles":19330.665,"vintage_end":"202509","exposure_phase":"deployment"},"geometry":{"type":"Polygon","coordinates":[[[-111.91647793030225,33.590308796928696],[-111.91647793030225,33.57965714553032],[-111.90455412316315,33.58186709451153],[-111.90455412316315,33.59251909181775],[-111.91647793030225,33.590308796928696]]]}},{"type":"Feature","properties":{"state":"","county":"PHOENIX","s2_cell":"9740007176079933440","waymo_ro_miles":92796.05067389442,"incremental_miles":20912.388,"vintage_end":"202509","exposure_phase":"deployment"},"geometry":{"type":"Polygon","coordinates":[[[-111.92840170024643,33.588097251995265],[-111.92840170024643,33.5774459467638],[-111.91647793030225,33.57965714553032],[-111.91647793030225,33.590308796928696],[-111.92840170024643,33.588097251995265]]]}},{"type":"Feature","properties":{"state":"","county":"PHOENIX","s2_cell":"9740007210439671808","waymo_ro_miles":93314.19512072342,"incremental_miles":18954.661,"vintage_end":"202509","exposure_phase":"deployment"},"geometry":{"type":"Polygon","coordinates":[[[-111.92840170024643,33.59874739320265],[-111.92840170024643,33.588097251995265],[-111.91647793030225,33.590308796928696],[-111.91647793030225,33.600959283959504],[-111.92840170024643,33.59874739320265]]]}},{"type":"Feature","properties":{"state":"","county":"PHOENIX","s2_cell":"9740007244799410176","waymo_ro_miles":76372.63481252671,"incremental_miles":16905.758,"vintage_end":"202509","exposure_phase":"deployment"},"geometry":{"type":"Polygon","coordinates":[[[-111.91647793030225,33.600959283959504],[-111.91647793030225,33.590308796928696],[-111.90455412316315,33.59251909181775],[-111.90455412316315,33.60316992441306],[-111.91647793030225,33.600959283959504]]]}},{"type":"Feature","properties":{"state":"","county":"PHOENIX","s2_cell":"9740007279159148544","waymo_ro_miles":5652.115149847975,"incremental_miles":1260.68,"vintage_end":"202509","exposure_phase":"deployment"},"geometry":{"type":"Polygon","coordinates":[[[-111.90455412316315,33.60316992441306],[-111.90455412316315,33.59251909181775],[-111.89263028034495,33.594728136452126],[-111.89263028034495,33.60537931435311],[-111.90455412316315,33.60316992441306]]]}},{"type":"Feature","properties":{"state":"","county":"PHOENIX","s2_cell":"9740007313518886912","waymo_ro_miles":409.32946955604893,"incremental_miles":61.137,"vintage_end":"202509","exposure_phase":"deployment"},"geometry":{"type":"Polygon","coordinates":[[[-111.89263028034495,33.60537931435311],[-111.89263028034495,33.594728136452126],[-111.88070640336356,33.59693593062213],[-111.88070640336356,33.60758745357004],[-111.89263028034495,33.60537931435311]]]}},{"type":"Feature","properties":{"state":"","county":"PHOENIX","s2_cell":"9740007347878625280","waymo_ro_miles":48.767934163768935,"incremental_miles":11.947,"vintage_end":"202509","exposure_phase":"deployment"},"geometry":{"type":"Polygon","coordinates":[[[-111.89263028034495,33.594728136452126],[-111.89263028034495,33.58407579349707],[-111.88070640336356,33.58628324227716],[-111.88070640336356,33.59693593062213],[-111.89263028034495,33.594728136452126]]]}},{"type":"Feature","properties":{"state":"","county":"PHOENIX","s2_cell":"9740007382238363648","waymo_ro_miles":3695.2903138489737,"incremental_miles":768.799,"vintage_end":"202509","exposure_phase":"deployment"},"geometry":{"type":"Polygon","coordinates":[[[-111.90455412316315,33.59251909181775],[-111.90455412316315,33.58186709451153],[-111.89263028034495,33.58407579349707],[-111.89263028034495,33.594728136452126],[-111.90455412316315,33.59251909181775]]]}},{"type":"Feature","properties":{"state":"","county":"PHOENIX","s2_cell":"9740007416598102016","waymo_ro_miles":19719.189701869975,"incremental_miles":4545.566,"vintage_end":"202509","exposure_phase":"deployment"},"geometry":{"type":"Polygon","coordinates":[[[-111.90455412316315,33.58186709451153],[-111.90455412316315,33.57121393334246],[-111.89263028034495,33.57342228633597],[-111.89263028034495,33.58407579349707],[-111.90455412316315,33.58186709451153]]]}},{"type":"Feature","properties":{"state":"","county":"PHOENIX","s2_cell":"9740007450957840384","waymo_ro_miles":87430.8859152339,"incremental_miles":19297.996,"vintage_end":"202509","exposure_phase":"deployment"},"geometry":{"type":"Polygon","coordinates":[[[-111.90455412316315,33.57121393334246],[-111.90455412316315,33.56055960915925],[-111.89263028034495,33.562767615817506],[-111.89263028034495,33.57342228633597],[-111.90455412316315,33.57121393334246]]]}},{"type":"Feature","properties":{"state":"","county":"PHOENIX","s2_cell":"9740007485317578752","waymo_ro_miles":8352.429717779049,"incremental_miles":2515.874,"vintage_end":"202509","exposure_phase":"deployment"},"geometry":{"type":"Polygon","coordinates":[[[-111.89263028034495,33.57342228633597],[-111.89263028034495,33.562767615817506],[-111.88070640336356,33.56497437278869],[-111.88070640336356,33.57562938938313],[-111.89263028034495,33.57342228633597]]]}},{"type":"Feature","properties":{"state":"","county":"PHOENIX","s2_cell":"9740007519677317120","waymo_ro_miles":11931.88810925195,"incremental_miles":3125.216,"vintage_end":"202509","exposure_phase":"deployment"},"geometry":{"type":"Polygon","coordinates":[[[-111.89263028034495,33.58407579349707],[-111.89263028034495,33.57342228633597],[-111.88070640336356,33.57562938938313],[-111.88070640336356,33.58628324227716],[-111.89263028034495,33.58407579349707]]]}},{"type":"Feature","properties":{"state":"","county":"PHOENIX","s2_cell":"9740007554037055488","waymo_ro_miles":352.7225787824965,"incremental_miles":110.206,"vintage_end":"202509","exposure_phase":"deployment"},"geometry":{"type":"Polygon","coordinates":[[[-111.88070640336356,33.58628324227716],[-111.88070640336356,33.57562938938313],[-111.86878249373518,33.57783524227467],[-111.86878249373518,33.58848944064261],[-111.88070640336356,33.58628324227716]]]}},{"type":"Feature","properties":{"state":"","county":"PHOENIX","s2_cell":"9740007588396793856","waymo_ro_miles":3.4161549693893254,"incremental_miles":0.243,"vintage_end":"202509","exposure_phase":"deployment"},"geometry":{"type":"Polygon","coordinates":[[[-111.88070640336356,33.57562938938313],[-111.88070640336356,33.56497437278869],[-111.86878249373518,33.56717987986346],[-111.86878249373518,33.57783524227467],[-111.88070640336356,33.57562938938313]]]}},{"type":"Feature","properties":{"state":"","county":"PHOENIX","s2_cell":"9740007828914962432","waymo_ro_miles":44.357508364455725,"incremental_miles":10.266,"vintage_end":"202509","exposure_phase":"deployment"},"geometry":{"type":"Polygon","coordinates":[[[-111.86878249373518,33.62044504300368],[-111.86878249373518,33.60979434185476],[-111.85685855297612,33.61199997899882],[-111.85685855297612,33.622651024334715],[-111.86878249373518,33.62044504300368]]]}},{"type":"Feature","properties":{"state":"","county":"PHOENIX","s2_cell":"9740007863274700800","waymo_ro_miles":9677.564712525964,"incremental_miles":2133.356,"vintage_end":"202509","exposure_phase":"deployment"},"geometry":{"type":"Polygon","coordinates":[[[-111.86878249373518,33.631094576718716],[-111.86878249373518,33.62044504300368],[-111.85685855297612,33.622651024334715],[-111.85685855297612,33.63330090189415],[-111.86878249373518,33.631094576718716]]]}},{"type":"Feature","properties":{"state":"","county":"PHOENIX","s2_cell":"9740007897634439168","waymo_ro_miles":16590.322546596126,"incremental_miles":3508.556,"vintage_end":"202509","exposure_phase":"deployment"},"geometry":{"type":"Polygon","coordinates":[[[-111.88070640336356,33.6288869998859],[-111.88070640336356,33.61823781027351],[-111.86878249373518,33.62044504300368],[-111.86878249373518,33.631094576718716],[-111.88070640336356,33.6288869998859]]]}},{"type":"Feature","properties":{"state":"","county":"PHOENIX","s2_cell":"9740007931994177536","waymo_ro_miles":8067.348098047767,"incremental_miles":2519.541,"vintage_end":"202509","exposure_phase":"deployment"},"geometry":{"type":"Polygon","coordinates":[[[-111.88070640336356,33.61823781027351],[-111.88070640336356,33.60758745357004],[-111.86878249373518,33.60979434185476],[-111.86878249373518,33.62044504300368],[-111.88070640336356,33.61823781027351]]]}},{"type":"Feature","properties":{"state":"","county":"PHOENIX","s2_cell":"9740007966353915904","waymo_ro_miles":12916.095237039537,"incremental_miles":5189.86,"vintage_end":"202509","exposure_phase":"deployment"},"geometry":{"type":"Polygon","coordinates":[[[-111.89263028034495,33.61602932635266],[-111.89263028034495,33.60537931435311],[-111.88070640336356,33.60758745357004],[-111.88070640336356,33.61823781027351],[-111.89263028034495,33.61602932635266]]]}},{"type":"Feature","properties":{"state":"","county":"PHOENIX","s2_cell":"9740008035073392640","waymo_ro_miles":42184.497879257775,"incremental_miles":9929.635,"vintage_end":"202509","exposure_phase":"deployment"},"geometry":{"type":"Polygon","coordinates":[[[-111.90455412316315,33.62446809208204],[-111.90455412316315,33.613819591450074],[-111.89263028034495,33.61602932635266],[-111.89263028034495,33.62667817160404],[-111.90455412316315,33.62446809208204]]]}},{"type":"Feature","properties":{"state":"","county":"PHOENIX","s2_cell":"9740008069433131008","waymo_ro_miles":22893.78086424943,"incremental_miles":4302.481,"vintage_end":"202509","exposure_phase":"deployment"},"geometry":{"type":"Polygon","coordinates":[[[-111.89263028034495,33.62667817160404],[-111.89263028034495,33.61602932635266],[-111.88070640336356,33.61823781027351],[-111.88070640336356,33.6288869998859],[-111.89263028034495,33.62667817160404]]]}},{"type":"Feature","properties":{"state":"","county":"PHOENIX","s2_cell":"9740008103792869376","waymo_ro_miles":7762.907207519898,"incremental_miles":1312.176,"vintage_end":"202509","exposure_phase":"deployment"},"geometry":{"type":"Polygon","coordinates":[[[-111.89263028034495,33.63732584926122],[-111.89263028034495,33.62667817160404],[-111.88070640336356,33.6288869998859],[-111.88070640336356,33.63953502156116],[-111.89263028034495,33.63732584926122]]]}},{"type":"Feature","properties":{"state":"","county":"PHOENIX","s2_cell":"9740008138152607744","waymo_ro_miles":41666.57710434265,"incremental_miles":8110.006,"vintage_end":"202509","exposure_phase":"deployment"},"geometry":{"type":"Polygon","coordinates":[[[-111.90455412316315,33.63511542546289],[-111.90455412316315,33.62446809208204],[-111.89263028034495,33.62667817160404],[-111.89263028034495,33.63732584926122],[-111.90455412316315,33.63511542546289]]]}},{"type":"Feature","properties":{"state":"","county":"PHOENIX","s2_cell":"9740008172512346112","waymo_ro_miles":9809.570843461443,"incremental_miles":3194.816,"vintage_end":"202509","exposure_phase":"deployment"},"geometry":{"type":"Polygon","coordinates":[[[-111.90455412316315,33.6457615907472],[-111.90455412316315,33.63511542546289],[-111.89263028034495,33.63732584926122],[-111.89263028034495,33.647972358478775],[-111.90455412316315,33.6457615907472]]]}},{"type":"Feature","properties":{"state":"","county":"PHOENIX","s2_cell":"9740008206872084480","waymo_ro_miles":6623.119046835947,"incremental_miles":1327.218,"vintage_end":"202509","exposure_phase":"deployment"},"geometry":{"type":"Polygon","coordinates":[[[-111.89263028034495,33.647972358478775],[-111.89263028034495,33.63732584926122],[-111.88070640336356,33.63953502156116],[-111.88070640336356,33.65018187445389],[-111.89263028034495,33.647972358478775]]]}},{"type":"Feature","properties":{"state":"","county":"PHOENIX","s2_cell":"9740008241231822848","waymo_ro_miles":3418.0139640703146,"incremental_miles":477.388,"vintage_end":"202509","exposure_phase":"deployment"},"geometry":{"type":"Polygon","coordinates":[[[-111.88070640336356,33.65018187445389],[-111.88070640336356,33.63953502156116],[-111.86878249373518,33.64174294215387],[-111.86878249373518,33.6523901384638],[-111.88070640336356,33.65018187445389]]]}},{"type":"Feature","properties":{"state":"","county":"PHOENIX","s2_cell":"9740008275591561216","waymo_ro_miles":6595.286487451522,"incremental_miles":1365.637,"vintage_end":"202509","exposure_phase":"deployment"},"geometry":{"type":"Polygon","coordinates":[[[-111.88070640336356,33.63953502156116],[-111.88070640336356,33.6288869998859],[-111.86878249373518,33.631094576718716],[-111.86878249373518,33.64174294215387],[-111.88070640336356,33.63953502156116]]]}},{"type":"Feature","properties":{"state":"","county":"PHOENIX","s2_cell":"9740008309951299584","waymo_ro_miles":10863.493305260261,"incremental_miles":2179.637,"vintage_end":"202509","exposure_phase":"deployment"},"geometry":{"type":"Polygon","coordinates":[[[-111.86878249373518,33.64174294215387],[-111.86878249373518,33.631094576718716],[-111.85685855297612,33.63330090189415],[-111.85685855297612,33.643949610831115],[-111.86878249373518,33.64174294215387]]]}},{"type":"Feature","properties":{"state":"","county":"PHOENIX","s2_cell":"9740008344311037952","waymo_ro_miles":1751.75171418788,"incremental_miles":553.159,"vintage_end":"202509","exposure_phase":"deployment"},"geometry":{"type":"Polygon","coordinates":[[[-111.86878249373518,33.6523901384638],[-111.86878249373518,33.64174294215387],[-111.85685855297612,33.643949610831115],[-111.85685855297612,33.6545971503003],[-111.86878249373518,33.6523901384638]]]}},{"type":"Feature","properties":{"state":"","county":"PHOENIX","s2_cell":"9740008378670776320","waymo_ro_miles":614.2743297117297,"incremental_miles":234.087,"vintage_end":"202509","exposure_phase":"deployment"},"geometry":{"type":"Polygon","coordinates":[[[-111.86878249373518,33.66303616480381],[-111.86878249373518,33.6523901384638],[-111.85685855297612,33.6545971503003],[-111.85685855297612,33.66524351945705],[-111.86878249373518,33.66303616480381]]]}},{"type":"Feature","properties":{"state":"","county":"PHOENIX","s2_cell":"9740008413030514688","waymo_ro_miles":1360.010216971292,"incremental_miles":513.234,"vintage_end":"202509","exposure_phase":"deployment"},"geometry":{"type":"Polygon","coordinates":[[[-111.88070640336356,33.66082755771942],[-111.88070640336356,33.65018187445389],[-111.86878249373518,33.6523901384638],[-111.86878249373518,33.66303616480381],[-111.88070640336356,33.66082755771942]]]}},{"type":"Feature","properties":{"state":"","county":"PHOENIX","s2_cell":"9740008859707113472","waymo_ro_miles":2141.362300244113,"incremental_miles":986.046,"vintage_end":"202509","exposure_phase":"deployment"},"geometry":{"type":"Polygon","coordinates":[[[-111.89263028034495,33.65861769841199],[-111.89263028034495,33.647972358478775],[-111.88070640336356,33.65018187445389],[-111.88070640336356,33.66082755771942],[-111.89263028034495,33.65861769841199]]]}},{"type":"Feature","properties":{"state":"","county":"PHOENIX","s2_cell":"9740008928426590208","waymo_ro_miles":6426.122052926605,"incremental_miles":1289.073,"vintage_end":"202509","exposure_phase":"deployment"},"geometry":{"type":"Polygon","coordinates":[[[-111.91647793030225,33.654194223963316],[-111.91647793030225,33.64354957146851],[-111.90455412316315,33.6457615907472],[-111.90455412316315,33.656406587090196],[-111.91647793030225,33.654194223963316]]]}},{"type":"Feature","properties":{"state":"","county":"PHOENIX","s2_cell":"9740008962786328576","waymo_ro_miles":161.01927881061866,"incremental_miles":5.741,"vintage_end":"202509","exposure_phase":"deployment"},"geometry":{"type":"Polygon","coordinates":[[[-111.91647793030225,33.6648377070159],[-111.91647793030225,33.654194223963316],[-111.90455412316315,33.656406587090196],[-111.90455412316315,33.66705041364777],[-111.91647793030225,33.6648377070159]]]}},{"type":"Feature","properties":{"state":"","county":"PHOENIX","s2_cell":"9740008997146066944","waymo_ro_miles":7415.194244633257,"incremental_miles":1307.438,"vintage_end":"202509","exposure_phase":"deployment"},"geometry":{"type":"Polygon","coordinates":[[[-111.92840170024643,33.6626237485309],[-111.92840170024643,33.65198060924121],[-111.91647793030225,33.654194223963316],[-111.91647793030225,33.6648377070159],[-111.92840170024643,33.6626237485309]]]}},{"type":"Feature","properties":{"state":"","county":"PHOENIX","s2_cell":"9740009031505805312","waymo_ro_miles":43365.19119995008,"incremental_miles":9927.173,"vintage_end":"202509","exposure_phase":"deployment"},"geometry":{"type":"Polygon","coordinates":[[[-111.92840170024643,33.65198060924121],[-111.92840170024643,33.641336300852636],[-111.91647793030225,33.64354957146851],[-111.91647793030225,33.654194223963316],[-111.92840170024643,33.65198060924121]]]}},{"type":"Feature","properties":{"state":"","county":"PHOENIX","s2_cell":"9740009065865543680","waymo_ro_miles":14440.856155749358,"incremental_miles":3649.167,"vintage_end":"202509","exposure_phase":"deployment"},"geometry":{"type":"Polygon","coordinates":[[[-111.94032543148008,33.64976574313428],[-111.94032543148008,33.63912177911006],[-111.92840170024643,33.641336300852636],[-111.92840170024643,33.65198060924121],[-111.94032543148008,33.64976574313428]]]}},{"type":"Feature","properties":{"state":"","county":"PHOENIX","s2_cell":"9740009100225282048","waymo_ro_miles":25995.323884928916,"incremental_miles":6796.76,"vintage_end":"202509","exposure_phase":"deployment"},"geometry":{"type":"Polygon","coordinates":[[[-111.9522491224878,33.64754962585355],[-111.9522491224878,33.63690600645188],[-111.94032543148008,33.63912177911006],[-111.94032543148008,33.64976574313428],[-111.9522491224878,33.64754962585355]]]}},{"type":"Feature","properties":{"state":"","county":"PHOENIX","s2_cell":"9740009134585020416","waymo_ro_miles":3925.754077963048,"incremental_miles":242.195,"vintage_end":"202509","exposure_phase":"deployment"},"geometry":{"type":"Polygon","coordinates":[[[-111.9522491224878,33.65819207684357],[-111.9522491224878,33.64754962585355],[-111.94032543148008,33.64976574313428],[-111.94032543148008,33.660408538403146],[-111.9522491224878,33.65819207684357]]]}},{"type":"Feature","properties":{"state":"","county":"PHOENIX","s2_cell":"9740009168944758784","waymo_ro_miles":12151.31434589727,"incremental_miles":2011.403,"vintage_end":"202509","exposure_phase":"deployment"},"geometry":{"type":"Polygon","coordinates":[[[-111.94032543148008,33.660408538403146],[-111.94032543148008,33.64976574313428],[-111.92840170024643,33.65198060924121],[-111.92840170024643,33.6626237485309],[-111.94032543148008,33.660408538403146]]]}},{"type":"Feature","properties":{"state":"","county":"PHOENIX","s2_cell":"9740009375103188992","waymo_ro_miles":55.668687072746124,"incremental_miles":1.137,"vintage_end":"202509","exposure_phase":"deployment"},"geometry":{"type":"Polygon","coordinates":[[[-111.92840170024643,33.673265717878216],[-111.92840170024643,33.6626237485309],[-111.91647793030225,33.6648377070159],[-111.91647793030225,33.67548001978275],[-111.92840170024643,33.673265717878216]]]}},{"type":"Feature","properties":{"state":"","county":"PHOENIX","s2_cell":"9740062289100275712","waymo_ro_miles":97.40959310068321,"incremental_miles":33.405,"vintage_end":"202509","exposure_phase":"deployment"},"geometry":{"type":"Polygon","coordinates":[[[-111.8330105841322,33.45649186691539],[-111.8330105841322,33.44582155418478],[-111.82108655908091,33.448017895524195],[-111.82108655908091,33.458688557143624],[-111.8330105841322,33.45649186691539]]]}},{"type":"Feature","properties":{"state":"","county":"PHOENIX","s2_cell":"9740062735776874496","waymo_ro_miles":8410.10005198669,"incremental_miles":2471.551,"vintage_end":"202509","exposure_phase":"deployment"},"geometry":{"type":"Polygon","coordinates":[[[-111.84493458260289,33.45429392881849],[-111.84493458260289,33.44362396523767],[-111.8330105841322,33.44582155418478],[-111.8330105841322,33.45649186691539],[-111.84493458260289,33.45429392881849]]]}},{"type":"Feature","properties":{"state":"","county":"PHOENIX","s2_cell":"9740062770136612864","waymo_ro_miles":9977.724660597982,"incremental_miles":2289.865,"vintage_end":"202509","exposure_phase":"deployment"},"geometry":{"type":"Polygon","coordinates":[[[-111.85685855297612,33.452094743060734],[-111.85685855297612,33.44142512889074],[-111.84493458260289,33.44362396523767],[-111.84493458260289,33.45429392881849],[-111.85685855297612,33.452094743060734]]]}},{"type":"Feature","properties":{"state":"","county":"PHOENIX","s2_cell":"9740062804496351232","waymo_ro_miles":16542.858784053155,"incremental_miles":3876.072,"vintage_end":"202509","exposure_phase":"deployment"},"geometry":{"type":"Polygon","coordinates":[[[-111.85685855297612,33.44142512889074],[-111.85685855297612,33.430754361426445],[-111.84493458260289,33.432952848019696],[-111.84493458260289,33.44362396523767],[-111.85685855297612,33.44142512889074]]]}},{"type":"Feature","properties":{"state":"","county":"PHOENIX","s2_cell":"9740062838856089600","waymo_ro_miles":85426.84084724155,"incremental_miles":18178.953,"vintage_end":"202509","exposure_phase":"deployment"},"geometry":{"type":"Polygon","coordinates":[[[-111.85685855297612,33.430754361426445],[-111.85685855297612,33.42008244152564],[-111.84493458260289,33.422280578022374],[-111.84493458260289,33.432952848019696],[-111.85685855297612,33.430754361426445]]]}},{"type":"Feature","properties":{"state":"","county":"PHOENIX","s2_cell":"9740062873215827968","waymo_ro_miles":35346.206110960025,"incremental_miles":8267.562,"vintage_end":"202509","exposure_phase":"deployment"},"geometry":{"type":"Polygon","coordinates":[[[-111.84493458260289,33.432952848019696],[-111.84493458260289,33.422280578022374],[-111.8330105841322,33.4244774676419],[-111.8330105841322,33.43515008747436],[-111.84493458260289,33.432952848019696]]]}},{"type":"Feature","properties":{"state":"","county":"PHOENIX","s2_cell":"9740062907575566336","waymo_ro_miles":14341.085766337344,"incremental_miles":4153.791,"vintage_end":"202509","exposure_phase":"deployment"},"geometry":{"type":"Polygon","coordinates":[[[-111.84493458260289,33.44362396523767],[-111.84493458260289,33.432952848019696],[-111.8330105841322,33.43515008747436],[-111.8330105841322,33.44582155418478],[-111.84493458260289,33.44362396523767]]]}},{"type":"Feature","properties":{"state":"","county":"PHOENIX","s2_cell":"9740062941935304704","waymo_ro_miles":33.61190065692822,"incremental_miles":7.338,"vintage_end":"202509","exposure_phase":"deployment"},"geometry":{"type":"Polygon","coordinates":[[[-111.8330105841322,33.44582155418478],[-111.8330105841322,33.43515008747436],[-111.82108655908091,33.43734607958247],[-111.82108655908091,33.448017895524195],[-111.8330105841322,33.44582155418478]]]}},{"type":"Feature","properties":{"state":"","county":"PHOENIX","s2_cell":"9740063045014519808","waymo_ro_miles":1001.1213841128363,"incremental_miles":224.135,"vintage_end":"202509","exposure_phase":"deployment"},"geometry":{"type":"Polygon","coordinates":[[[-111.8330105841322,33.43515008747436],[-111.8330105841322,33.4244774676419],[-111.82108655908091,33.42667311017617],[-111.82108655908091,33.43734607958247],[-111.8330105841322,33.43515008747436]]]}},{"type":"Feature","properties":{"state":"","county":"PHOENIX","s2_cell":"9740063079374258176","waymo_ro_miles":17467.17754086174,"incremental_miles":4545.96,"vintage_end":"202509","exposure_phase":"deployment"},"geometry":{"type":"Polygon","coordinates":[[[-111.8330105841322,33.4244774676419],[-111.8330105841322,33.41380369554579],[-111.82108655908091,33.415998988163686],[-111.82108655908091,33.42667311017617],[-111.8330105841322,33.4244774676419]]]}},{"type":"Feature","properties":{"state":"","county":"PHOENIX","s2_cell":"9740063113733996544","waymo_ro_miles":1226.5838154617734,"incremental_miles":378.949,"vintage_end":"202509","exposure_phase":"deployment"},"geometry":{"type":"Polygon","coordinates":[[[-111.82108655908091,33.42667311017617],[-111.82108655908091,33.415998988163686],[-111.80916250896605,33.4181930337503],[-111.80916250896607,33.428867505417735],[-111.82108655908091,33.42667311017617]]]}},{"type":"Feature","properties":{"state":"","county":"PHOENIX","s2_cell":"9740063148093734912","waymo_ro_miles":1464.5358982879698,"incremental_miles":422.594,"vintage_end":"202509","exposure_phase":"deployment"},"geometry":{"type":"Polygon","coordinates":[[[-111.82108655908091,33.415998988163686],[-111.82108655908091,33.40532371440407],[-111.80916250896607,33.40751740999333],[-111.80916250896605,33.4181930337503],[-111.82108655908091,33.415998988163686]]]}},{"type":"Feature","properties":{"state":"","county":"PHOENIX","s2_cell":"9740063182453473280","waymo_ro_miles":11390.517317391465,"incremental_miles":3147.168,"vintage_end":"202509","exposure_phase":"deployment"},"geometry":{"type":"Polygon","coordinates":[[[-111.8330105841322,33.41380369554579],[-111.8330105841322,33.40312877204509],[-111.82108655908091,33.40532371440407],[-111.82108655908091,33.415998988163686],[-111.8330105841322,33.41380369554579]]]}},{"type":"Feature","properties":{"state":"","county":"PHOENIX","s2_cell":"9740063216813211648","waymo_ro_miles":51048.11574055023,"incremental_miles":12290.75,"vintage_end":"202509","exposure_phase":"deployment"},"geometry":{"type":"Polygon","coordinates":[[[-111.84493458260289,33.41160715610412],[-111.84493458260289,33.400932583124],[-111.8330105841322,33.40312877204509],[-111.8330105841322,33.41380369554579],[-111.84493458260289,33.41160715610412]]]}},{"type":"Feature","properties":{"state":"","county":"PHOENIX","s2_cell":"9740063251172950016","waymo_ro_miles":56194.79686911097,"incremental_miles":12365.594,"vintage_end":"202509","exposure_phase":"deployment"},"geometry":{"type":"Polygon","coordinates":[[[-111.84493458260289,33.422280578022374],[-111.84493458260289,33.41160715610412],[-111.8330105841322,33.41380369554579],[-111.8330105841322,33.4244774676419],[-111.84493458260289,33.422280578022374]]]}},{"type":"Feature","properties":{"state":"","county":"PHOENIX","s2_cell":"9740063285532688384","waymo_ro_miles":52384.380362095246,"incremental_miles":12030.28,"vintage_end":"202509","exposure_phase":"deployment"},"geometry":{"type":"Polygon","coordinates":[[[-111.85685855297612,33.42008244152564],[-111.85685855297612,33.409409370046795],[-111.84493458260289,33.41160715610412],[-111.84493458260289,33.422280578022374],[-111.85685855297612,33.42008244152564]]]}},{"type":"Feature","properties":{"state":"","county":"PHOENIX","s2_cell":"9740063319892426752","waymo_ro_miles":71861.42208258962,"incremental_miles":17558.723,"vintage_end":"202509","exposure_phase":"deployment"},"geometry":{"type":"Polygon","coordinates":[[[-111.85685855297612,33.409409370046795],[-111.85685855297612,33.39873514784899],[-111.84493458260289,33.400932583124],[-111.84493458260289,33.41160715610412],[-111.85685855297612,33.409409370046795]]]}},{"type":"Feature","properties":{"state":"","county":"PHOENIX","s2_cell":"9740063354252165120","waymo_ro_miles":56575.75719215621,"incremental_miles":9851.456,"vintage_end":"202509","exposure_phase":"deployment"},"geometry":{"type":"Polygon","coordinates":[[[-111.85685855297612,33.39873514784899],[-111.85685855297612,33.388059775792],[-111.84493458260289,33.390256859941786],[-111.84493458260289,33.400932583124],[-111.85685855297612,33.39873514784899]]]}},{"type":"Feature","properties":{"state":"","county":"PHOENIX","s2_cell":"9740063388611903488","waymo_ro_miles":51408.85050476324,"incremental_miles":10979.436,"vintage_end":"202509","exposure_phase":"deployment"},"geometry":{"type":"Polygon","coordinates":[[[-111.84493458260289,33.400932583124],[-111.84493458260289,33.390256859941786],[-111.8330105841322,33.39245269799954],[-111.8330105841322,33.40312877204509],[-111.84493458260289,33.400932583124]]]}},{"type":"Feature","properties":{"state":"","county":"PHOENIX","s2_cell":"9740063422971641856","waymo_ro_miles":27261.755554610947,"incremental_miles":5995.763,"vintage_end":"202509","exposure_phase":"deployment"},"geometry":{"type":"Polygon","coordinates":[[[-111.84493458260289,33.390256859941786],[-111.84493458260289,33.37957998741784],[-111.8330105841322,33.38177547426949],[-111.8330105841322,33.39245269799954],[-111.84493458260289,33.390256859941786]]]}},{"type":"Feature","properties":{"state":"","county":"PHOENIX","s2_cell":"9740063457331380224","waymo_ro_miles":55688.66069271741,"incremental_miles":9485.042,"vintage_end":"202509","exposure_phase":"deployment"},"geometry":{"type":"Polygon","coordinates":[[[-111.85685855297612,33.388059775792],[-111.85685855297612,33.37738325473624],[-111.84493458260289,33.37957998741784],[-111.84493458260289,33.390256859941786],[-111.85685855297612,33.388059775792]]]}},{"type":"Feature","properties":{"state":"","county":"PHOENIX","s2_cell":"9740063491691118592","waymo_ro_miles":18956.785406594754,"incremental_miles":3282.223,"vintage_end":"202509","exposure_phase":"deployment"},"geometry":{"type":"Polygon","coordinates":[[[-111.85685855297612,33.37738325473624],[-111.85685855297612,33.36670558554277],[-111.84493458260289,33.368901966413226],[-111.84493458260289,33.37957998741784],[-111.85685855297612,33.37738325473624]]]}},{"type":"Feature","properties":{"state":"","county":"PHOENIX","s2_cell":"9740063526050856960","waymo_ro_miles":19607.26767728321,"incremental_miles":3613.763,"vintage_end":"202509","exposure_phase":"deployment"},"geometry":{"type":"Polygon","coordinates":[[[-111.85685855297612,33.36670558554277],[-111.85685855297612,33.356026769073324],[-111.84493458260289,33.35822279778965],[-111.84493458260289,33.368901966413226],[-111.85685855297612,33.36670558554277]]]}},{"type":"Feature","properties":{"state":"","county":"PHOENIX","s2_cell":"9740063560410595328","waymo_ro_miles":29909.641635825283,"incremental_miles":6234.747,"vintage_end":"202509","exposure_phase":"deployment"},"geometry":{"type":"Polygon","coordinates":[[[-111.84493458260289,33.368901966413226],[-111.84493458260289,33.35822279778965],[-111.8330105841322,33.360417581200664],[-111.8330105841322,33.37109710171596],[-111.84493458260289,33.368901966413226]]]}},{"type":"Feature","properties":{"state":"","county":"PHOENIX","s2_cell":"9740063594770333696","waymo_ro_miles":37938.44588524644,"incremental_miles":7585.638,"vintage_end":"202509","exposure_phase":"deployment"},"geometry":{"type":"Polygon","coordinates":[[[-111.84493458260289,33.37957998741784],[-111.84493458260289,33.368901966413226],[-111.8330105841322,33.37109710171596],[-111.8330105841322,33.38177547426949],[-111.84493458260289,33.37957998741784]]]}},{"type":"Feature","properties":{"state":"","county":"PHOENIX","s2_cell":"9740063800928763904","waymo_ro_miles":1.3697777120990764,"incremental_miles":0.139,"vintage_end":"202509","exposure_phase":"deployment"},"geometry":{"type":"Polygon","coordinates":[[[-111.8330105841322,33.39245269799954],[-111.8330105841322,33.38177547426949],[-111.82108655908091,33.38396971508284],[-111.82108655908091,33.394647289757],[-111.8330105841322,33.39245269799954]]]}},{"type":"Feature","properties":{"state":"","county":"PHOENIX","s2_cell":"9740063835288502272","waymo_ro_miles":82.87991473517772,"incremental_miles":9.618,"vintage_end":"202509","exposure_phase":"deployment"},"geometry":{"type":"Polygon","coordinates":[[[-111.8330105841322,33.40312877204509],[-111.8330105841322,33.39245269799954],[-111.82108655908091,33.394647289757],[-111.82108655908091,33.40532371440407],[-111.8330105841322,33.40312877204509]]]}},{"type":"Feature","properties":{"state":"","county":"PHOENIX","s2_cell":"9740065072239083520","waymo_ro_miles":0.6473239072749888,"incremental_miles":0.647,"vintage_end":"202509","exposure_phase":"deployment"},"geometry":{"type":"Polygon","coordinates":[[[-111.8330105841322,33.33905509973469],[-111.8330105841322,33.32837214051065],[-111.8210865590809,33.33056462146365],[-111.82108655908091,33.34124793334514],[-111.8330105841322,33.33905509973469]]]}},{"type":"Feature","properties":{"state":"","county":"PHOENIX","s2_cell":"9740065278397513728","waymo_ro_miles":40953.911308970164,"incremental_miles":8982.156,"vintage_end":"202509","exposure_phase":"deployment"},"geometry":{"type":"Polygon","coordinates":[[[-111.84493458260289,33.34754248240945],[-111.84493458260289,33.33686102113566],[-111.8330105841322,33.33905509973469],[-111.8330105841322,33.34973691358591],[-111.84493458260289,33.34754248240945]]]}},{"type":"Feature","properties":{"state":"","county":"PHOENIX","s2_cell":"9740065312757252096","waymo_ro_miles":30951.49348378347,"incremental_miles":6802.162,"vintage_end":"202509","exposure_phase":"deployment"},"geometry":{"type":"Polygon","coordinates":[[[-111.84493458260289,33.35822279778965],[-111.84493458260289,33.34754248240945],[-111.8330105841322,33.34973691358591],[-111.8330105841322,33.360417581200664],[-111.84493458260289,33.35822279778965]]]}},{"type":"Feature","properties":{"state":"","county":"PHOENIX","s2_cell":"9740065347116990464","waymo_ro_miles":27662.610289874563,"incremental_miles":5142.205,"vintage_end":"202509","exposure_phase":"deployment"},"geometry":{"type":"Polygon","coordinates":[[[-111.85685855297612,33.356026769073324],[-111.85685855297612,33.345346806190264],[-111.84493458260289,33.34754248240945],[-111.84493458260289,33.35822279778965],[-111.85685855297612,33.356026769073324]]]}},{"type":"Feature","properties":{"state":"","county":"PHOENIX","s2_cell":"9740065381476728832","waymo_ro_miles":24617.302699760177,"incremental_miles":3878.107,"vintage_end":"202509","exposure_phase":"deployment"},"geometry":{"type":"Polygon","coordinates":[[[-111.85685855297612,33.345346806190264],[-111.85685855297612,33.33466569775664],[-111.84493458260289,33.33686102113566],[-111.84493458260289,33.34754248240945],[-111.85685855297612,33.345346806190264]]]}},{"type":"Feature","properties":{"state":"","county":"PHOENIX","s2_cell":"9740065415836467200","waymo_ro_miles":34384.65764672425,"incremental_miles":5761.697,"vintage_end":"202509","exposure_phase":"deployment"},"geometry":{"type":"Polygon","coordinates":[[[-111.85685855297612,33.33466569775664],[-111.85685855297612,33.323983444636134],[-111.84493458260289,33.32617841483193],[-111.84493458260289,33.33686102113566],[-111.85685855297612,33.33466569775664]]]}},{"type":"Feature","properties":{"state":"","county":"PHOENIX","s2_cell":"9740065450196205568","waymo_ro_miles":37186.67100755172,"incremental_miles":8008.012,"vintage_end":"202509","exposure_phase":"deployment"},"geometry":{"type":"Polygon","coordinates":[[[-111.84493458260289,33.33686102113566],[-111.84493458260289,33.32617841483193],[-111.8330105841322,33.32837214051065],[-111.8330105841322,33.33905509973469],[-111.84493458260289,33.33686102113566]]]}},{"type":"Feature","properties":{"state":"","county":"PHOENIX","s2_cell":"9740065484555943936","waymo_ro_miles":31714.672740451453,"incremental_miles":6915.964,"vintage_end":"202509","exposure_phase":"deployment"},"geometry":{"type":"Polygon","coordinates":[[[-111.84493458260289,33.32617841483193],[-111.84493458260289,33.315494664362575],[-111.8330105841322,33.3176880367781],[-111.8330105841322,33.32837214051065],[-111.84493458260289,33.32617841483193]]]}},{"type":"Feature","properties":{"state":"","county":"PHOENIX","s2_cell":"9740065518915682304","waymo_ro_miles":24448.452687350295,"incremental_miles":2991.895,"vintage_end":"202509","exposure_phase":"deployment"},"geometry":{"type":"Polygon","coordinates":[[[-111.85685855297612,33.323983444636134],[-111.85685855297612,33.313300047693076],[-111.84493458260289,33.315494664362575],[-111.84493458260289,33.32617841483193],[-111.85685855297612,33.323983444636134]]]}},{"type":"Feature","properties":{"state":"","county":"PHOENIX","s2_cell":"9740065553275420672","waymo_ro_miles":36167.93236867055,"incremental_miles":6052.845,"vintage_end":"202509","exposure_phase":"deployment"},"geometry":{"type":"Polygon","coordinates":[[[-111.85685855297612,33.313300047693076],[-111.85685855297612,33.302615507792446],[-111.84493458260289,33.304809770592556],[-111.84493458260289,33.315494664362575],[-111.85685855297612,33.313300047693076]]]}},{"type":"Feature","properties":{"state":"","county":"PHOENIX","s2_cell":"9740065587635159040","waymo_ro_miles":18192.63410601444,"incremental_miles":3429.333,"vintage_end":"202509","exposure_phase":"deployment"},"geometry":{"type":"Polygon","coordinates":[[[-111.85685855297612,33.302615507792446],[-111.85685855297612,33.291929825799905],[-111.84493458260289,33.29412373438752],[-111.84493458260289,33.304809770592556],[-111.85685855297612,33.302615507792446]]]}},{"type":"Feature","properties":{"state":"","county":"PHOENIX","s2_cell":"9740065621994897408","waymo_ro_miles":31833.22563036852,"incremental_miles":5882.765,"vintage_end":"202509","exposure_phase":"deployment"},"geometry":{"type":"Polygon","coordinates":[[[-111.84493458260289,33.304809770592556],[-111.84493458260289,33.29412373438752],[-111.8330105841322,33.29631639924787],[-111.8330105841322,33.30700278940197],[-111.84493458260289,33.304809770592556]]]}},{"type":"Feature","properties":{"state":"","county":"PHOENIX","s2_cell":"9740065656354635776","waymo_ro_miles":34252.434466813516,"incremental_miles":7716.895,"vintage_end":"202509","exposure_phase":"deployment"},"geometry":{"type":"Polygon","coordinates":[[[-111.84493458260289,33.315494664362575],[-111.84493458260289,33.304809770592556],[-111.8330105841322,33.30700278940197],[-111.8330105841322,33.3176880367781],[-111.84493458260289,33.315494664362575]]]}},{"type":"Feature","properties":{"state":"","county":"PHOENIX","s2_cell":"9740065690714374144","waymo_ro_miles":10.141198191718495,"incremental_miles":1.434,"vintage_end":"202509","exposure_phase":"deployment"},"geometry":{"type":"Polygon","coordinates":[[[-111.8330105841322,33.3176880367781],[-111.8330105841322,33.30700278940197],[-111.82108655908091,33.30919456401186],[-111.82108655908091,33.31988016473092],[-111.8330105841322,33.3176880367781]]]}},{"type":"Feature","properties":{"state":"","county":"PHOENIX","s2_cell":"9740065965592281088","waymo_ro_miles":5819.547338302145,"incremental_miles":1285.141,"vintage_end":"202509","exposure_phase":"deployment"},"geometry":{"type":"Polygon","coordinates":[[[-111.84493458260289,33.28343655661373],[-111.84493458260289,33.27274823813812],[-111.8330105841322,33.27494019407145],[-111.8330105841322,33.28562886718206],[-111.84493458260289,33.28343655661373]]]}},{"type":"Feature","properties":{"state":"","county":"PHOENIX","s2_cell":"9740065999952019456","waymo_ro_miles":12750.586347092581,"incremental_miles":2233.71,"vintage_end":"202509","exposure_phase":"deployment"},"geometry":{"type":"Polygon","coordinates":[[[-111.84493458260289,33.29412373438752],[-111.84493458260289,33.28343655661373],[-111.8330105841322,33.28562886718206],[-111.8330105841322,33.29631639924787],[-111.84493458260289,33.29412373438752]]]}},{"type":"Feature","properties":{"state":"","county":"PHOENIX","s2_cell":"9740066034311757824","waymo_ro_miles":21006.13647280839,"incremental_miles":3946.933,"vintage_end":"202509","exposure_phase":"deployment"},"geometry":{"type":"Polygon","coordinates":[[[-111.85685855297612,33.291929825799905],[-111.85685855297612,33.281243002581746],[-111.84493458260289,33.28343655661373],[-111.84493458260289,33.29412373438752],[-111.85685855297612,33.291929825799905]]]}},{"type":"Feature","properties":{"state":"","county":"PHOENIX","s2_cell":"9740066068671496192","waymo_ro_miles":8301.594516039502,"incremental_miles":1518.025,"vintage_end":"202509","exposure_phase":"deployment"},"geometry":{"type":"Polygon","coordinates":[[[-111.85685855297612,33.281243002581746],[-111.85685855297612,33.27055503900491],[-111.84493458260289,33.27274823813812],[-111.84493458260289,33.28343655661373],[-111.85685855297612,33.281243002581746]]]}},{"type":"Feature","properties":{"state":"","county":"PHOENIX","s2_cell":"9740066103031234560","waymo_ro_miles":10259.081068982056,"incremental_miles":2097.657,"vintage_end":"202509","exposure_phase":"deployment"},"geometry":{"type":"Polygon","coordinates":[[[-111.85685855297612,33.27055503900491],[-111.85685855297612,33.25986593593701],[-111.84493458260289,33.262058779828266],[-111.84493458260289,33.27274823813812],[-111.85685855297612,33.27055503900491]]]}},{"type":"Feature","properties":{"state":"","county":"PHOENIX","s2_cell":"9740066137390972928","waymo_ro_miles":4118.177673389646,"incremental_miles":1144.163,"vintage_end":"202509","exposure_phase":"deployment"},"geometry":{"type":"Polygon","coordinates":[[[-111.84493458260289,33.27274823813812],[-111.84493458260289,33.262058779828266],[-111.8330105841322,33.2642503807836],[-111.8330105841322,33.27494019407145],[-111.84493458260289,33.27274823813812]]]}},{"type":"Feature","properties":{"state":"","county":"PHOENIX","s2_cell":"9740066171750711296","waymo_ro_miles":1944.5236608621112,"incremental_miles":517.549,"vintage_end":"202509","exposure_phase":"deployment"},"geometry":{"type":"Polygon","coordinates":[[[-111.84493458260289,33.262058779828266],[-111.84493458260289,33.251368182552405],[-111.8330105841322,33.25355942818672],[-111.8330105841322,33.2642503807836],[-111.84493458260289,33.262058779828266]]]}},{"type":"Feature","properties":{"state":"","county":"PHOENIX","s2_cell":"9740066206110449664","waymo_ro_miles":13035.720268537103,"incremental_miles":2697.214,"vintage_end":"202509","exposure_phase":"deployment"},"geometry":{"type":"Polygon","coordinates":[[[-111.85685855297612,33.25986593593701],[-111.85685855297612,33.24917569424628],[-111.84493458260289,33.251368182552405],[-111.84493458260289,33.262058779828266],[-111.85685855297612,33.25986593593701]]]}},{"type":"Feature","properties":{"state":"","county":"PHOENIX","s2_cell":"9740066240470188032","waymo_ro_miles":12233.669295688689,"incremental_miles":2675.495,"vintage_end":"202509","exposure_phase":"deployment"},"geometry":{"type":"Polygon","coordinates":[[[-111.85685855297612,33.24917569424628],[-111.85685855297612,33.23848431480166],[-111.84493458260289,33.240676447179425],[-111.84493458260289,33.251368182552405],[-111.85685855297612,33.24917569424628]]]}},{"type":"Feature","properties":{"state":"","county":"PHOENIX","s2_cell":"9740066274829926400","waymo_ro_miles":2616.198603024082,"incremental_miles":809.889,"vintage_end":"202509","exposure_phase":"deployment"},"geometry":{"type":"Polygon","coordinates":[[[-111.85685855297612,33.23848431480166],[-111.85685855297612,33.227791798472666],[-111.84493458260289,33.22998357457887],[-111.84493458260289,33.240676447179425],[-111.85685855297612,33.23848431480166]]]}},{"type":"Feature","properties":{"state":"","county":"PHOENIX","s2_cell":"9740066309189664768","waymo_ro_miles":4974.029603217113,"incremental_miles":1145.132,"vintage_end":"202509","exposure_phase":"deployment"},"geometry":{"type":"Polygon","coordinates":[[[-111.84493458260289,33.240676447179425],[-111.84493458260289,33.22998357457887],[-111.8330105841322,33.232174108542004],[-111.8330105841322,33.242867337149676],[-111.84493458260289,33.240676447179425]]]}},{"type":"Feature","properties":{"state":"","county":"PHOENIX","s2_cell":"9740066343549403136","waymo_ro_miles":7141.605159153335,"incremental_miles":1423.446,"vintage_end":"202509","exposure_phase":"deployment"},"geometry":{"type":"Polygon","coordinates":[[[-111.84493458260289,33.251368182552405],[-111.84493458260289,33.240676447179425],[-111.8330105841322,33.242867337149676],[-111.8330105841322,33.25355942818672],[-111.84493458260289,33.251368182552405]]]}},{"type":"Feature","properties":{"state":"","county":"SAN_FRANCISCO","s2_cell":"9260949341382639616","waymo_ro_miles":263037.4321058448,"incremental_miles":66686.08,"vintage_end":"202509","exposure_phase":"deployment"},"geometry":{"type":"Polygon","coordinates":[[[-122.40141926154602,37.806219053177706],[-122.40141926154602,37.796691931038104],[-122.39009006966613,37.80017323460674],[-122.39009006966613,37.80970065388306],[-122.40141926154602,37.806219053177706]]]}},{"type":"Feature","properties":{"state":"","county":"SAN_FRANCISCO","s2_cell":"9260949375742377984","waymo_ro_miles":872968.2352632451,"incremental_miles":203927.578,"vintage_end":"202509","exposure_phase":"deployment"},"geometry":{"type":"Polygon","coordinates":[[[-122.40141926154602,37.796691931038104],[-122.40141926154602,37.78716355152709],[-122.39009006966613,37.79064455753469],[-122.39009006966613,37.80017323460674],[-122.40141926154602,37.796691931038104]]]}},{"type":"Feature","properties":{"state":"","county":"SAN_FRANCISCO","s2_cell":"9260949410102116352","waymo_ro_miles":6805.144848034463,"incremental_miles":2010.205,"vintage_end":"202509","exposure_phase":"deployment"},"geometry":{"type":"Polygon","coordinates":[[[-122.39009006966613,37.80017323460674],[-122.39009006966613,37.79064455753469],[-122.37875965870796,37.79412452524699],[-122.37875965870796,37.803653499650686],[-122.39009006966613,37.80017323460674]]]}},{"type":"Feature","properties":{"state":"","county":"SAN_FRANCISCO","s2_cell":"9260949444461854720","waymo_ro_miles":246408.99462234587,"incremental_miles":68329.615,"vintage_end":"202509","exposure_phase":"deployment"},"geometry":{"type":"Polygon","coordinates":[[[-122.39009006966613,37.79064455753469],[-122.39009006966613,37.78111462317189],[-122.37875965870796,37.78459429312823],[-122.37875965870796,37.79412452524699],[-122.39009006966613,37.79064455753469]]]}},{"type":"Feature","properties":{"state":"","county":"SAN_FRANCISCO","s2_cell":"9260949478821593088","waymo_ro_miles":865106.3551807599,"incremental_miles":183233.52,"vintage_end":"202509","exposure_phase":"deployment"},"geometry":{"type":"Polygon","coordinates":[[[-122.40141926154602,37.78716355152709],[-122.40141926154602,37.77763391514975],[-122.39009006966613,37.78111462317189],[-122.39009006966613,37.79064455753469],[-122.40141926154602,37.78716355152709]]]}},{"type":"Feature","properties":{"state":"","county":"SAN_FRANCISCO","s2_cell":"9260949513181331456","waymo_ro_miles":911398.4125301581,"incremental_miles":256625.204,"vintage_end":"202509","exposure_phase":"deployment"},"geometry":{"type":"Polygon","coordinates":[[[-122.41274723330986,37.78368150780816],[-122.41274723330986,37.77415216964588],[-122.40141926154602,37.77763391514975],[-122.40141926154602,37.78716355152709],[-122.41274723330986,37.78368150780816]]]}},{"type":"Feature","properties":{"state":"","county":"SAN_FRANCISCO","s2_cell":"9260949547541069824","waymo_ro_miles":1326409.863189389,"incremental_miles":312711.323,"vintage_end":"202509","exposure_phase":"deployment"},"geometry":{"type":"Polygon","coordinates":[[[-122.41274723330986,37.793209589528665],[-122.41274723330986,37.78368150780816],[-122.40141926154602,37.78716355152709],[-122.40141926154602,37.796691931038104],[-122.41274723330986,37.793209589528665]]]}},{"type":"Feature","properties":{"state":"","county":"SAN_FRANCISCO","s2_cell":"9260949581900808192","waymo_ro_miles":1690516.2934690707,"incremental_miles":393842.172,"vintage_end":"202509","exposure_phase":"deployment"},"geometry":{"type":"Polygon","coordinates":[[[-122.42407398392056,37.78972621066264],[-122.42407398392056,37.780198426962194],[-122.41274723330986,37.78368150780816],[-122.41274723330986,37.793209589528665],[-122.42407398392056,37.78972621066264]]]}},{"type":"Feature","properties":{"state":"","county":"SAN_FRANCISCO","s2_cell":"9260949616260546560","waymo_ro_miles":1448143.8232116152,"incremental_miles":328776.842,"vintage_end":"202509","exposure_phase":"deployment"},"geometry":{"type":"Polygon","coordinates":[[[-122.42407398392056,37.780198426962194],[-122.42407398392056,37.77066938724461],[-122.41274723330986,37.77415216964588],[-122.41274723330986,37.78368150780816],[-122.42407398392056,37.780198426962194]]]}},{"type":"Feature","properties":{"state":"","county":"SAN_FRANCISCO","s2_cell":"9260949650620284928","waymo_ro_miles":842727.4422914023,"incremental_miles":177196.401,"vintage_end":"202509","exposure_phase":"deployment"},"geometry":{"type":"Polygon","coordinates":[[[-122.4353995123419,37.77671430957378],[-122.4353995123419,37.76718556853062],[-122.42407398392056,37.77066938724461],[-122.42407398392056,37.780198426962194],[-122.4353995123419,37.77671430957378]]]}},{"type":"Feature","properties":{"state":"","county":"SAN_FRANCISCO","s2_cell":"9260949684980023296","waymo_ro_miles":781682.1687581233,"incremental_miles":173246.84,"vintage_end":"202509","exposure_phase":"deployment"},"geometry":{"type":"Polygon","coordinates":[[[-122.44672381753844,37.77322915622785],[-122.44672381753844,37.7637007140889],[-122.4353995123419,37.76718556853062],[-122.4353995123419,37.77671430957378],[-122.44672381753844,37.77322915622785]]]}},{"type":"Feature","properties":{"state":"","county":"SAN_FRANCISCO","s2_cell":"9260949719339761664","waymo_ro_miles":614225.3568196037,"incremental_miles":127359.334,"vintage_end":"202509","exposure_phase":"deployment"},"geometry":{"type":"Polygon","coordinates":[[[-122.44672381753844,37.78275634319929],[-122.44672381753844,37.77322915622785],[-122.4353995123419,37.77671430957378],[-122.4353995123419,37.78624179502457],[-122.44672381753844,37.78275634319929]]]}},{"type":"Feature","properties":{"state":"","county":"SAN_FRANCISCO","s2_cell":"9260949753699500032","waymo_ro_miles":979727.9653190202,"incremental_miles":211139.862,"vintage_end":"202509","exposure_phase":"deployment"},"geometry":{"type":"Polygon","coordinates":[[[-122.4353995123419,37.78624179502457],[-122.4353995123419,37.77671430957378],[-122.42407398392056,37.780198426962194],[-122.42407398392056,37.78972621066264],[-122.4353995123419,37.78624179502457]]]}},{"type":"Feature","properties":{"state":"","county":"SAN_FRANCISCO","s2_cell":"9260949788059238400","waymo_ro_miles":1124544.8077012817,"incremental_miles":272373.335,"vintage_end":"202509","exposure_phase":"deployment"},"geometry":{"type":"Polygon","coordinates":[[[-122.4353995123419,37.79576802437758],[-122.4353995123419,37.78624179502457],[-122.42407398392056,37.78972621066264],[-122.42407398392056,37.79925273784066],[-122.4353995123419,37.79576802437758]]]}},{"type":"Feature","properties":{"state":"","county":"SAN_FRANCISCO","s2_cell":"9260949822418976768","waymo_ro_miles":916376.3949344375,"incremental_miles":210934.816,"vintage_end":"202509","exposure_phase":"deployment"},"geometry":{"type":"Polygon","coordinates":[[[-122.44672381753844,37.792282274497715],[-122.44672381753844,37.78275634319929],[-122.4353995123419,37.78624179502457],[-122.4353995123419,37.79576802437758],[-122.44672381753844,37.792282274497715]]]}},{"type":"Feature","properties":{"state":"","county":"SAN_FRANCISCO","s2_cell":"9260949856778715136","waymo_ro_miles":463015.33072844817,"incremental_miles":101642.214,"vintage_end":"202509","exposure_phase":"deployment"},"geometry":{"type":"Polygon","coordinates":[[[-122.44672381753844,37.801806949618125],[-122.44672381753844,37.792282274497715],[-122.4353995123419,37.79576802437758],[-122.4353995123419,37.805292997127914],[-122.44672381753844,37.801806949618125]]]}},{"type":"Feature","properties":{"state":"","county":"SAN_FRANCISCO","s2_cell":"9260949891138453504","waymo_ro_miles":626178.4980406791,"incremental_miles":141193.23,"vintage_end":"202509","exposure_phase":"deployment"},"geometry":{"type":"Polygon","coordinates":[[[-122.4353995123419,37.805292997127914],[-122.4353995123419,37.79576802437758],[-122.42407398392056,37.79925273784066],[-122.42407398392056,37.808778007991464],[-122.4353995123419,37.805292997127914]]]}},{"type":"Feature","properties":{"state":"","county":"SAN_FRANCISCO","s2_cell":"9260949925498191872","waymo_ro_miles":750252.7595980619,"incremental_miles":190596.779,"vintage_end":"202509","exposure_phase":"deployment"},"geometry":{"type":"Polygon","coordinates":[[[-122.42407398392056,37.808778007991464],[-122.42407398392056,37.79925273784066],[-122.41274723330986,37.802736414302196],[-122.41274723330986,37.812261981624054],[-122.42407398392056,37.808778007991464]]]}},{"type":"Feature","properties":{"state":"","county":"SAN_FRANCISCO","s2_cell":"9260949959857930240","waymo_ro_miles":1195227.3848149707,"incremental_miles":285523.775,"vintage_end":"202509","exposure_phase":"deployment"},"geometry":{"type":"Polygon","coordinates":[[[-122.42407398392056,37.79925273784066],[-122.42407398392056,37.78972621066264],[-122.41274723330986,37.793209589528665],[-122.41274723330986,37.802736414302196],[-122.42407398392056,37.79925273784066]]]}},{"type":"Feature","properties":{"state":"","county":"SAN_FRANCISCO","s2_cell":"9260949994217668608","waymo_ro_miles":895962.5531837961,"incremental_miles":226658.951,"vintage_end":"202509","exposure_phase":"deployment"},"geometry":{"type":"Polygon","coordinates":[[[-122.41274723330986,37.802736414302196],[-122.41274723330986,37.793209589528665],[-122.40141926154602,37.796691931038104],[-122.40141926154602,37.806219053177706],[-122.41274723330986,37.802736414302196]]]}},{"type":"Feature","properties":{"state":"","county":"SAN_FRANCISCO","s2_cell":"9260950028577406976","waymo_ro_miles":349680.29372569075,"incremental_miles":85181.932,"vintage_end":"202509","exposure_phase":"deployment"},"geometry":{"type":"Polygon","coordinates":[[[-122.41274723330986,37.812261981624054],[-122.41274723330986,37.802736414302196],[-122.40141926154602,37.806219053177706],[-122.40141926154602,37.81574491744131],[-122.41274723330986,37.812261981624054]]]}},{"type":"Feature","properties":{"state":"","county":"SAN_FRANCISCO","s2_cell":"9260950234735837184","waymo_ro_miles":79198.93989711757,"incremental_miles":20420.611,"vintage_end":"202509","exposure_phase":"deployment"},"geometry":{"type":"Polygon","coordinates":[[[-122.44672381753844,37.81133036805606],[-122.44672381753844,37.801806949618125],[-122.4353995123419,37.805292997127914],[-122.4353995123419,37.81481671277122],[-122.44672381753844,37.81133036805606]]]}},{"type":"Feature","properties":{"state":"","county":"SAN_FRANCISCO","s2_cell":"9260956453848481792","waymo_ro_miles":126067.07321315185,"incremental_miles":32129.36,"vintage_end":"202509","exposure_phase":"deployment"},"geometry":{"type":"Polygon","coordinates":[[[-122.45804689847544,37.807842987050236],[-122.45804689847544,37.798319866047095],[-122.44672381753844,37.801806949618125],[-122.44672381753844,37.81133036805606],[-122.45804689847544,37.807842987050236]]]}},{"type":"Feature","properties":{"state":"","county":"SAN_FRANCISCO","s2_cell":"9260956488208220160","waymo_ro_miles":181862.2342443807,"incremental_miles":45865.502,"vintage_end":"202509","exposure_phase":"deployment"},"geometry":{"type":"Polygon","coordinates":[[[-122.46936875411905,37.804354570339015],[-122.46936875411905,37.79483174700018],[-122.45804689847544,37.798319866047095],[-122.45804689847544,37.807842987050236],[-122.46936875411905,37.804354570339015]]]}},{"type":"Feature","properties":{"state":"","county":"SAN_FRANCISCO","s2_cell":"9260956660006912000","waymo_ro_miles":156243.47023391182,"incremental_miles":39884.404,"vintage_end":"202509","exposure_phase":"deployment"},"geometry":{"type":"Polygon","coordinates":[[[-122.49200878539423,37.7878524048216],[-122.49200878539423,37.77832892251698],[-122.48068938343609,37.78181881220991],[-122.48068938343609,37.79134259306303],[-122.49200878539423,37.7878524048216]]]}},{"type":"Feature","properties":{"state":"","county":"SAN_FRANCISCO","s2_cell":"9260956694366650368","waymo_ro_miles":197978.25818213992,"incremental_miles":43603.43,"vintage_end":"202509","exposure_phase":"deployment"},"geometry":{"type":"Polygon","coordinates":[[[-122.49200878539423,37.77832892251698],[-122.49200878539423,37.76880418573406],[-122.48068938343609,37.7722937764534],[-122.48068938343609,37.78181881220991],[-122.49200878539423,37.77832892251698]]]}},{"type":"Feature","properties":{"state":"","county":"SAN_FRANCISCO","s2_cell":"9260956728726388736","waymo_ro_miles":251769.90031042736,"incremental_miles":51724.414,"vintage_end":"202509","exposure_phase":"deployment"},"geometry":{"type":"Polygon","coordinates":[[[-122.48068938343609,37.78181881220991],[-122.48068938343609,37.7722937764534],[-122.46936875411905,37.77578233332807],[-122.46936875411905,37.78530766782831],[-122.48068938343609,37.78181881220991]]]}},{"type":"Feature","properties":{"state":"","county":"SAN_FRANCISCO","s2_cell":"9260956763086127104","waymo_ro_miles":72349.90373352356,"incremental_miles":20545.096,"vintage_end":"202509","exposure_phase":"deployment"},"geometry":{"type":"Polygon","coordinates":[[[-122.48068938343609,37.79134259306303],[-122.48068938343609,37.78181881220991],[-122.46936875411905,37.78530766782831],[-122.46936875411905,37.79483174700018],[-122.48068938343609,37.79134259306303]]]}},{"type":"Feature","properties":{"state":"","county":"SAN_FRANCISCO","s2_cell":"9260956797445865472","waymo_ro_miles":74544.22872499118,"incremental_miles":17391.331,"vintage_end":"202509","exposure_phase":"deployment"},"geometry":{"type":"Polygon","coordinates":[[[-122.46936875411905,37.79483174700018],[-122.46936875411905,37.78530766782831],[-122.45804689847544,37.78879548878615],[-122.45804689847544,37.798319866047095],[-122.46936875411905,37.79483174700018]]]}},{"type":"Feature","properties":{"state":"","county":"SAN_FRANCISCO","s2_cell":"9260956831805603840","waymo_ro_miles":202403.2767141363,"incremental_miles":48696.005,"vintage_end":"202509","exposure_phase":"deployment"},"geometry":{"type":"Polygon","coordinates":[[[-122.45804689847544,37.798319866047095],[-122.45804689847544,37.78879548878615],[-122.44672381753844,37.792282274497715],[-122.44672381753844,37.801806949618125],[-122.45804689847544,37.798319866047095]]]}},{"type":"Feature","properties":{"state":"","county":"SAN_FRANCISCO","s2_cell":"9260956866165342208","waymo_ro_miles":546009.113827266,"incremental_miles":127610.534,"vintage_end":"202509","exposure_phase":"deployment"},"geometry":{"type":"Polygon","coordinates":[[[-122.45804689847544,37.78879548878615],[-122.45804689847544,37.77926985577196],[-122.44672381753844,37.78275634319929],[-122.44672381753844,37.792282274497715],[-122.45804689847544,37.78879548878615]]]}},{"type":"Feature","properties":{"state":"","county":"SAN_FRANCISCO","s2_cell":"9260956900525080576","waymo_ro_miles":392735.1160087267,"incremental_miles":88648.739,"vintage_end":"202509","exposure_phase":"deployment"},"geometry":{"type":"Polygon","coordinates":[[[-122.46936875411905,37.78530766782831],[-122.46936875411905,37.77578233332807],[-122.45804689847544,37.77926985577196],[-122.45804689847544,37.78879548878615],[-122.46936875411905,37.78530766782831]]]}},{"type":"Feature","properties":{"state":"","county":"SAN_FRANCISCO","s2_cell":"9260956934884818944","waymo_ro_miles":236716.39867736684,"incremental_miles":56494.373,"vintage_end":"202509","exposure_phase":"deployment"},"geometry":{"type":"Polygon","coordinates":[[[-122.46936875411905,37.77578233332807],[-122.46936875411905,37.76625574400465],[-122.45804689847544,37.769742967509615],[-122.45804689847544,37.77926985577196],[-122.46936875411905,37.77578233332807]]]}},{"type":"Feature","properties":{"state":"","county":"SAN_FRANCISCO","s2_cell":"9260956969244557312","waymo_ro_miles":688602.1868434962,"incremental_miles":155566.463,"vintage_end":"202509","exposure_phase":"deployment"},"geometry":{"type":"Polygon","coordinates":[[[-122.45804689847544,37.77926985577196],[-122.45804689847544,37.769742967509615],[-122.44672381753844,37.77322915622785],[-122.44672381753844,37.78275634319929],[-122.45804689847544,37.77926985577196]]]}},{"type":"Feature","properties":{"state":"","county":"SAN_FRANCISCO","s2_cell":"9260957003604295680","waymo_ro_miles":506196.8427964194,"incremental_miles":116578.303,"vintage_end":"202509","exposure_phase":"deployment"},"geometry":{"type":"Polygon","coordinates":[[[-122.45804689847544,37.769742967509615],[-122.45804689847544,37.76021482450475],[-122.44672381753844,37.7637007140889],[-122.44672381753844,37.77322915622785],[-122.45804689847544,37.769742967509615]]]}},{"type":"Feature","properties":{"state":"","county":"SAN_FRANCISCO","s2_cell":"9260957037964034048","waymo_ro_miles":497673.75600889727,"incremental_miles":115303.828,"vintage_end":"202509","exposure_phase":"deployment"},"geometry":{"type":"Polygon","coordinates":[[[-122.46936875411905,37.76625574400465],[-122.46936875411905,37.75672790036379],[-122.45804689847544,37.76021482450475],[-122.45804689847544,37.769742967509615],[-122.46936875411905,37.76625574400465]]]}},{"type":"Feature","properties":{"state":"","county":"SAN_FRANCISCO","s2_cell":"9260957072323772416","waymo_ro_miles":245143.51229801305,"incremental_miles":56771.553,"vintage_end":"202509","exposure_phase":"deployment"},"geometry":{"type":"Polygon","coordinates":[[[-122.48068938343609,37.76276748629881],[-122.48068938343609,37.75323994225197],[-122.46936875411905,37.75672790036379],[-122.46936875411905,37.76625574400465],[-122.48068938343609,37.76276748629881]]]}},{"type":"Feature","properties":{"state":"","county":"SAN_FRANCISCO","s2_cell":"9260957106683510784","waymo_ro_miles":472710.138925429,"incremental_miles":113148.982,"vintage_end":"202509","exposure_phase":"deployment"},"geometry":{"type":"Polygon","coordinates":[[[-122.48068938343609,37.7722937764534],[-122.48068938343609,37.76276748629881],[-122.46936875411905,37.76625574400465],[-122.46936875411905,37.77578233332807],[-122.48068938343609,37.7722937764534]]]}},{"type":"Feature","properties":{"state":"","county":"SAN_FRANCISCO","s2_cell":"9260957141043249152","waymo_ro_miles":153473.62475087054,"incremental_miles":35005.418,"vintage_end":"202509","exposure_phase":"deployment"},"geometry":{"type":"Polygon","coordinates":[[[-122.49200878539423,37.76880418573406],[-122.49200878539423,37.75927819497827],[-122.48068938343609,37.76276748629881],[-122.48068938343609,37.7722937764534],[-122.49200878539423,37.76880418573406]]]}},{"type":"Feature","properties":{"state":"","county":"SAN_FRANCISCO","s2_cell":"9260957175402987520","waymo_ro_miles":118358.34085921486,"incremental_miles":21976.382,"vintage_end":"202509","exposure_phase":"deployment"},"geometry":{"type":"Polygon","coordinates":[[[-122.49200878539423,37.75927819497827],[-122.49200878539423,37.74975095075552],[-122.48068938343609,37.75323994225197],[-122.48068938343609,37.76276748629881],[-122.49200878539423,37.75927819497827]]]}},{"type":"Feature","properties":{"state":"","county":"SAN_FRANCISCO","s2_cell":"9260957209762725888","waymo_ro_miles":95678.55141326069,"incremental_miles":17036.614,"vintage_end":"202509","exposure_phase":"deployment"},"geometry":{"type":"Polygon","coordinates":[[[-122.50332695896195,37.75578787062953],[-122.50332695896195,37.74626092646101],[-122.49200878539423,37.74975095075552],[-122.49200878539423,37.75927819497827],[-122.50332695896195,37.75578787062953]]]}},{"type":"Feature","properties":{"state":"","county":"SAN_FRANCISCO","s2_cell":"9260957244122464256","waymo_ro_miles":37906.249492636314,"incremental_miles":6924.017,"vintage_end":"202509","exposure_phase":"deployment"},"geometry":{"type":"Polygon","coordinates":[[[-122.51464390310842,37.75229651383939],[-122.51464390310842,37.74276986995533],[-122.50332695896195,37.74626092646101],[-122.50332695896195,37.75578787062953],[-122.51464390310842,37.75229651383939]]]}},{"type":"Feature","properties":{"state":"","county":"SAN_FRANCISCO","s2_cell":"9260957278482202624","waymo_ro_miles":60327.11896559556,"incremental_miles":13038.372,"vintage_end":"202509","exposure_phase":"deployment"},"geometry":{"type":"Polygon","coordinates":[[[-122.51464390310842,37.76182190510742],[-122.51464390310842,37.75229651383939],[-122.50332695896195,37.75578787062953],[-122.50332695896195,37.7653135617565],[-122.51464390310842,37.76182190510742]]]}},{"type":"Feature","properties":{"state":"","county":"SAN_FRANCISCO","s2_cell":"9260957312841940992","waymo_ro_miles":154494.50147184284,"incremental_miles":32227.837,"vintage_end":"202509","exposure_phase":"deployment"},"geometry":{"type":"Polygon","coordinates":[[[-122.50332695896195,37.7653135617565],[-122.50332695896195,37.75578787062953],[-122.49200878539423,37.75927819497827],[-122.49200878539423,37.76880418573406],[-122.50332695896195,37.7653135617565]]]}},{"type":"Feature","properties":{"state":"","county":"SAN_FRANCISCO","s2_cell":"9260957347201679360","waymo_ro_miles":121501.61408706078,"incremental_miles":28104.291,"vintage_end":"202509","exposure_phase":"deployment"},"geometry":{"type":"Polygon","coordinates":[[[-122.50332695896195,37.77483799933588],[-122.50332695896195,37.7653135617565],[-122.49200878539423,37.76880418573406],[-122.49200878539423,37.77832892251698],[-122.50332695896195,37.77483799933588]]]}},{"type":"Feature","properties":{"state":"","county":"SAN_FRANCISCO","s2_cell":"9260957381561417728","waymo_ro_miles":83635.53810944749,"incremental_miles":19185.579,"vintage_end":"202509","exposure_phase":"deployment"},"geometry":{"type":"Polygon","coordinates":[[[-122.50332695896195,37.78436118286217],[-122.50332695896195,37.77483799933588],[-122.49200878539423,37.77832892251698],[-122.49200878539423,37.7878524048216],[-122.50332695896195,37.78436118286217]]]}},{"type":"Feature","properties":{"state":"","county":"SAN_FRANCISCO","s2_cell":"9260957415921156096","waymo_ro_miles":50714.53561427351,"incremental_miles":9132.699,"vintage_end":"202509","exposure_phase":"deployment"},"geometry":{"type":"Polygon","coordinates":[[[-122.51464390310842,37.78086892777135],[-122.51464390310842,37.771346043253274],[-122.50332695896195,37.77483799933588],[-122.50332695896195,37.78436118286217],[-122.51464390310842,37.78086892777135]]]}},{"type":"Feature","properties":{"state":"","county":"SAN_FRANCISCO","s2_cell":"9260957450280894464","waymo_ro_miles":53658.46776292522,"incremental_miles":9973.137,"vintage_end":"202509","exposure_phase":"deployment"},"geometry":{"type":"Polygon","coordinates":[[[-122.51464390310842,37.771346043253274],[-122.51464390310842,37.76182190510742],[-122.50332695896195,37.7653135617565],[-122.50332695896195,37.77483799933588],[-122.51464390310842,37.771346043253274]]]}},{"type":"Feature","properties":{"state":"","county":"SAN_FRANCISCO","s2_cell":"9263759452585066496","waymo_ro_miles":116855.69609633012,"incremental_miles":30672.072,"vintage_end":"202509","exposure_phase":"deployment"},"geometry":{"type":"Polygon","coordinates":[[[-122.45804689847544,37.712555306076204],[-122.45804689847544,37.70301964526381],[-122.44672381753844,37.70650373111326],[-122.44672381753844,37.716039693611755],[-122.45804689847544,37.712555306076204]]]}},{"type":"Feature","properties":{"state":"","county":"SAN_FRANCISCO","s2_cell":"9263759486944804864","waymo_ro_miles":51879.72951997931,"incremental_miles":14844.066,"vintage_end":"202509","exposure_phase":"deployment"},"geometry":{"type":"Polygon","coordinates":[[[-122.45804689847544,37.722089715190904],[-122.45804689847544,37.712555306076204],[-122.44672381753844,37.716039693611755],[-122.44672381753844,37.72557440398694],[-122.45804689847544,37.722089715190904]]]}},{"type":"Feature","properties":{"state":"","county":"SAN_FRANCISCO","s2_cell":"9263759521304543232","waymo_ro_miles":55567.53466642625,"incremental_miles":14111.85,"vintage_end":"202509","exposure_phase":"deployment"},"geometry":{"type":"Polygon","coordinates":[[[-122.46936875411905,37.71860399275889],[-122.46936875411905,37.70906988513516],[-122.45804689847544,37.712555306076204],[-122.45804689847544,37.722089715190904],[-122.46936875411905,37.71860399275889]]]}},{"type":"Feature","properties":{"state":"","county":"SAN_FRANCISCO","s2_cell":"9263759555664281600","waymo_ro_miles":98442.77574409629,"incremental_miles":30724.298,"vintage_end":"202509","exposure_phase":"deployment"},"geometry":{"type":"Polygon","coordinates":[[[-122.46936875411905,37.70906988513516],[-122.46936875411905,37.69953452623943],[-122.45804689847544,37.70301964526381],[-122.45804689847544,37.712555306076204],[-122.46936875411905,37.70906988513516]]]}},{"type":"Feature","properties":{"state":"","county":"SAN_FRANCISCO","s2_cell":"9263759590024019968","waymo_ro_miles":49392.3742302716,"incremental_miles":12169.684,"vintage_end":"202509","exposure_phase":"deployment"},"geometry":{"type":"Polygon","coordinates":[[[-122.48068938343609,37.70558343137489],[-122.48068938343609,37.69604837462648],[-122.46936875411905,37.69953452623943],[-122.46936875411905,37.70906988513516],[-122.48068938343609,37.70558343137489]]]}},{"type":"Feature","properties":{"state":"","county":"SAN_FRANCISCO","s2_cell":"9263759624383758336","waymo_ro_miles":54262.01957257495,"incremental_miles":14077.801,"vintage_end":"202509","exposure_phase":"deployment"},"geometry":{"type":"Polygon","coordinates":[[[-122.48068938343609,37.71511723727709],[-122.48068938343609,37.70558343137489],[-122.46936875411905,37.70906988513516],[-122.46936875411905,37.71860399275889],[-122.48068938343609,37.71511723727709]]]}},{"type":"Feature","properties":{"state":"","county":"SAN_FRANCISCO","s2_cell":"9263759658743496704","waymo_ro_miles":39745.70614806553,"incremental_miles":11771.418,"vintage_end":"202509","exposure_phase":"deployment"},"geometry":{"type":"Polygon","coordinates":[[[-122.49200878539423,37.71162944933207],[-122.49200878539423,37.702095945382],[-122.48068938343609,37.70558343137489],[-122.48068938343609,37.71511723727709],[-122.49200878539423,37.71162944933207]]]}},{"type":"Feature","properties":{"state":"","county":"SAN_FRANCISCO","s2_cell":"9263760449017479168","waymo_ro_miles":9761.19939359373,"incremental_miles":4160.727,"vintage_end":"202509","exposure_phase":"deployment"},"geometry":{"type":"Polygon","coordinates":[[[-122.50332695896195,37.72720328102612],[-122.50332695896195,37.717672580774455],[-122.49200878539423,37.72116170235277],[-122.49200878539423,37.730692703935524],[-122.50332695896195,37.72720328102612]]]}},{"type":"Feature","properties":{"state":"","county":"SAN_FRANCISCO","s2_cell":"9263760826974601216","waymo_ro_miles":30116.854405212827,"incremental_miles":5316.943,"vintage_end":"202509","exposure_phase":"deployment"},"geometry":{"type":"Polygon","coordinates":[[[-122.51464390310842,37.74276986995533],[-122.51464390310842,37.73324197396191],[-122.50332695896195,37.73673272975751],[-122.50332695896195,37.74626092646101],[-122.51464390310842,37.74276986995533]]]}},{"type":"Feature","properties":{"state":"","county":"SAN_FRANCISCO","s2_cell":"9263760861334339584","waymo_ro_miles":3574.6830370362377,"incremental_miles":624.534,"vintage_end":"202509","exposure_phase":"deployment"},"geometry":{"type":"Polygon","coordinates":[[[-122.51464390310842,37.73324197396191],[-122.51464390310842,37.72371282636632],[-122.50332695896195,37.72720328102612],[-122.50332695896195,37.73673272975751],[-122.51464390310842,37.73324197396191]]]}},{"type":"Feature","properties":{"state":"","county":"SAN_FRANCISCO","s2_cell":"9263760895694077952","waymo_ro_miles":89213.64001831981,"incremental_miles":20114.953,"vintage_end":"202509","exposure_phase":"deployment"},"geometry":{"type":"Polygon","coordinates":[[[-122.50332695896195,37.73673272975751],[-122.50332695896195,37.72720328102612],[-122.49200878539423,37.730692703935524],[-122.49200878539423,37.740222453572265],[-122.50332695896195,37.73673272975751]]]}},{"type":"Feature","properties":{"state":"","county":"SAN_FRANCISCO","s2_cell":"9263760930053816320","waymo_ro_miles":85221.05973839757,"incremental_miles":15405.11,"vintage_end":"202509","exposure_phase":"deployment"},"geometry":{"type":"Polygon","coordinates":[[[-122.50332695896195,37.74626092646101],[-122.50332695896195,37.73673272975751],[-122.49200878539423,37.740222453572265],[-122.49200878539423,37.74975095075552],[-122.50332695896195,37.74626092646101]]]}},{"type":"Feature","properties":{"state":"","county":"SAN_FRANCISCO","s2_cell":"9263760964413554688","waymo_ro_miles":73154.65159360309,"incremental_miles":16656.243,"vintage_end":"202509","exposure_phase":"deployment"},"geometry":{"type":"Polygon","coordinates":[[[-122.49200878539423,37.74975095075552],[-122.49200878539423,37.740222453572265],[-122.48068938343609,37.74371114481922],[-122.48068938343609,37.75323994225197],[-122.49200878539423,37.74975095075552]]]}},{"type":"Feature","properties":{"state":"","county":"SAN_FRANCISCO","s2_cell":"9263760998773293056","waymo_ro_miles":158316.14169060768,"incremental_miles":35921.194,"vintage_end":"202509","exposure_phase":"deployment"},"geometry":{"type":"Polygon","coordinates":[[[-122.48068938343609,37.75323994225197],[-122.48068938343609,37.74371114481922],[-122.46936875411905,37.74719880291174],[-122.46936875411905,37.75672790036379],[-122.48068938343609,37.75323994225197]]]}},{"type":"Feature","properties":{"state":"","county":"SAN_FRANCISCO","s2_cell":"9263761033133031424","waymo_ro_miles":166162.96013691396,"incremental_miles":40172.274,"vintage_end":"202509","exposure_phase":"deployment"},"geometry":{"type":"Polygon","coordinates":[[[-122.48068938343609,37.74371114481922],[-122.48068938343609,37.73418109450746],[-122.46936875411905,37.73766845215527],[-122.46936875411905,37.74719880291174],[-122.48068938343609,37.74371114481922]]]}},{"type":"Feature","properties":{"state":"","county":"SAN_FRANCISCO","s2_cell":"9263761067492769792","waymo_ro_miles":98182.4709625818,"incremental_miles":23799.984,"vintage_end":"202509","exposure_phase":"deployment"},"geometry":{"type":"Polygon","coordinates":[[[-122.49200878539423,37.740222453572265],[-122.49200878539423,37.730692703935524],[-122.48068938343609,37.73418109450746],[-122.48068938343609,37.74371114481922],[-122.49200878539423,37.740222453572265]]]}},{"type":"Feature","properties":{"state":"","county":"SAN_FRANCISCO","s2_cell":"9263761101852508160","waymo_ro_miles":48023.56092581749,"incremental_miles":12077.92,"vintage_end":"202509","exposure_phase":"deployment"},"geometry":{"type":"Polygon","coordinates":[[[-122.49200878539423,37.730692703935524],[-122.49200878539423,37.72116170235277],[-122.48068938343609,37.72464979182411],[-122.48068938343609,37.73418109450746],[-122.49200878539423,37.730692703935524]]]}},{"type":"Feature","properties":{"state":"","county":"SAN_FRANCISCO","s2_cell":"9263761136212246528","waymo_ro_miles":47997.444544929225,"incremental_miles":12047.415,"vintage_end":"202509","exposure_phase":"deployment"},"geometry":{"type":"Polygon","coordinates":[[[-122.49200878539423,37.72116170235277],[-122.49200878539423,37.71162944933207],[-122.48068938343609,37.71511723727709],[-122.48068938343609,37.72464979182411],[-122.49200878539423,37.72116170235277]]]}},{"type":"Feature","properties":{"state":"","county":"SAN_FRANCISCO","s2_cell":"9263761170571984896","waymo_ro_miles":96885.19162805637,"incremental_miles":23557.569,"vintage_end":"202509","exposure_phase":"deployment"},"geometry":{"type":"Polygon","coordinates":[[[-122.48068938343609,37.72464979182411],[-122.48068938343609,37.71511723727709],[-122.46936875411905,37.71860399275889],[-122.46936875411905,37.728136848601714],[-122.48068938343609,37.72464979182411]]]}},{"type":"Feature","properties":{"state":"","county":"SAN_FRANCISCO","s2_cell":"9263761204931723264","waymo_ro_miles":216648.01244455384,"incremental_miles":50255.081,"vintage_end":"202509","exposure_phase":"deployment"},"geometry":{"type":"Polygon","coordinates":[[[-122.48068938343609,37.73418109450746],[-122.48068938343609,37.72464979182411],[-122.46936875411905,37.728136848601714],[-122.46936875411905,37.73766845215527],[-122.48068938343609,37.73418109450746]]]}},{"type":"Feature","properties":{"state":"","county":"SAN_FRANCISCO","s2_cell":"9263761239291461632","waymo_ro_miles":118433.23732978434,"incremental_miles":28576.802,"vintage_end":"202509","exposure_phase":"deployment"},"geometry":{"type":"Polygon","coordinates":[[[-122.46936875411905,37.73766845215527],[-122.46936875411905,37.728136848601714],[-122.45804689847544,37.73162287209911],[-122.45804689847544,37.74115477629255],[-122.46936875411905,37.73766845215527]]]}},{"type":"Feature","properties":{"state":"","county":"SAN_FRANCISCO","s2_cell":"9263761273651200000","waymo_ro_miles":61056.907309564645,"incremental_miles":15775.297,"vintage_end":"202509","exposure_phase":"deployment"},"geometry":{"type":"Polygon","coordinates":[[[-122.46936875411905,37.728136848601714],[-122.46936875411905,37.71860399275889],[-122.45804689847544,37.722089715190904],[-122.45804689847544,37.73162287209911],[-122.46936875411905,37.728136848601714]]]}},{"type":"Feature","properties":{"state":"","county":"SAN_FRANCISCO","s2_cell":"9263761308010938368","waymo_ro_miles":88204.07798183615,"incremental_miles":22756.977,"vintage_end":"202509","exposure_phase":"deployment"},"geometry":{"type":"Polygon","coordinates":[[[-122.45804689847544,37.73162287209911],[-122.45804689847544,37.722089715190904],[-122.44672381753844,37.72557440398694],[-122.44672381753844,37.73510786173015],[-122.45804689847544,37.73162287209911]]]}},{"type":"Feature","properties":{"state":"","county":"SAN_FRANCISCO","s2_cell":"9263761342370676736","waymo_ro_miles":69755.432828957,"incremental_miles":16885.31,"vintage_end":"202509","exposure_phase":"deployment"},"geometry":{"type":"Polygon","coordinates":[[[-122.45804689847544,37.74115477629255],[-122.45804689847544,37.73162287209911],[-122.44672381753844,37.73510786173015],[-122.44672381753844,37.74464006633321],[-122.45804689847544,37.74115477629255]]]}},{"type":"Feature","properties":{"state":"","county":"SAN_FRANCISCO","s2_cell":"9263761376730415104","waymo_ro_miles":266538.3927895083,"incremental_miles":59706.09,"vintage_end":"202509","exposure_phase":"deployment"},"geometry":{"type":"Polygon","coordinates":[[[-122.45804689847544,37.7506854272635],[-122.45804689847544,37.74115477629255],[-122.44672381753844,37.74464006633321],[-122.44672381753844,37.75417101728849],[-122.45804689847544,37.7506854272635]]]}},{"type":"Feature","properties":{"state":"","county":"SAN_FRANCISCO","s2_cell":"9263761411090153472","waymo_ro_miles":202046.92136972997,"incremental_miles":45951.953,"vintage_end":"202509","exposure_phase":"deployment"},"geometry":{"type":"Polygon","coordinates":[[[-122.46936875411905,37.74719880291174],[-122.46936875411905,37.73766845215527],[-122.45804689847544,37.74115477629255],[-122.45804689847544,37.7506854272635],[-122.46936875411905,37.74719880291174]]]}},{"type":"Feature","properties":{"state":"","county":"SAN_FRANCISCO","s2_cell":"9263761445449891840","waymo_ro_miles":152659.19116000162,"incremental_miles":34922.149,"vintage_end":"202509","exposure_phase":"deployment"},"geometry":{"type":"Polygon","coordinates":[[[-122.46936875411905,37.75672790036379],[-122.46936875411905,37.74719880291174],[-122.45804689847544,37.7506854272635],[-122.45804689847544,37.76021482450475],[-122.46936875411905,37.75672790036379]]]}},{"type":"Feature","properties":{"state":"","county":"SAN_FRANCISCO","s2_cell":"9263761479809630208","waymo_ro_miles":122631.4738797453,"incremental_miles":31212.719,"vintage_end":"202509","exposure_phase":"deployment"},"geometry":{"type":"Polygon","coordinates":[[[-122.45804689847544,37.76021482450475],[-122.45804689847544,37.7506854272635],[-122.44672381753844,37.75417101728849],[-122.44672381753844,37.7637007140889],[-122.45804689847544,37.76021482450475]]]}},{"type":"Feature","properties":{"state":"","county":"SAN_FRANCISCO","s2_cell":"9263761514169368576","waymo_ro_miles":566429.7868407957,"incremental_miles":128639.35,"vintage_end":"202509","exposure_phase":"deployment"},"geometry":{"type":"Polygon","coordinates":[[[-122.44672381753844,37.7637007140889],[-122.44672381753844,37.75417101728849],[-122.4353995123419,37.75765557240103],[-122.4353995123419,37.76718556853062],[-122.44672381753844,37.7637007140889]]]}},{"type":"Feature","properties":{"state":"","county":"SAN_FRANCISCO","s2_cell":"9263761548529106944","waymo_ro_miles":401008.45635979745,"incremental_miles":88966.593,"vintage_end":"202509","exposure_phase":"deployment"},"geometry":{"type":"Polygon","coordinates":[[[-122.44672381753844,37.75417101728849],[-122.44672381753844,37.74464006633321],[-122.4353995123419,37.7481243216915],[-122.4353995123419,37.75765557240103],[-122.44672381753844,37.75417101728849]]]}},{"type":"Feature","properties":{"state":"","county":"SAN_FRANCISCO","s2_cell":"9263761582888845312","waymo_ro_miles":284821.157300757,"incremental_miles":55869.678,"vintage_end":"202509","exposure_phase":"deployment"},"geometry":{"type":"Polygon","coordinates":[[[-122.4353995123419,37.75765557240103],[-122.4353995123419,37.7481243216915],[-122.42407398392056,37.75160754178196],[-122.42407398392056,37.76113909201574],[-122.4353995123419,37.75765557240103]]]}},{"type":"Feature","properties":{"state":"","county":"SAN_FRANCISCO","s2_cell":"9263761617248583680","waymo_ro_miles":1001488.3533249863,"incremental_miles":219921.075,"vintage_end":"202509","exposure_phase":"deployment"},"geometry":{"type":"Polygon","coordinates":[[[-122.4353995123419,37.76718556853062],[-122.4353995123419,37.75765557240103],[-122.42407398392056,37.76113909201574],[-122.42407398392056,37.77066938724461],[-122.4353995123419,37.76718556853062]]]}},{"type":"Feature","properties":{"state":"","county":"SAN_FRANCISCO","s2_cell":"9263761651608322048","waymo_ro_miles":1385932.6704971627,"incremental_miles":308212.674,"vintage_end":"202509","exposure_phase":"deployment"},"geometry":{"type":"Polygon","coordinates":[[[-122.42407398392056,37.77066938724461],[-122.42407398392056,37.76113909201574],[-122.41274723330986,37.76462157554756],[-122.41274723330986,37.77415216964588],[-122.42407398392056,37.77066938724461]]]}},{"type":"Feature","properties":{"state":"","county":"SAN_FRANCISCO","s2_cell":"9263761685968060416","waymo_ro_miles":1054500.4500335925,"incremental_miles":230437.188,"vintage_end":"202509","exposure_phase":"deployment"},"geometry":{"type":"Polygon","coordinates":[[[-122.41274723330986,37.77415216964588],[-122.41274723330986,37.76462157554756],[-122.40141926154602,37.76810302241174],[-122.40141926154602,37.77763391514975],[-122.41274723330986,37.77415216964588]]]}},{"type":"Feature","properties":{"state":"","county":"SAN_FRANCISCO","s2_cell":"9263761720327798784","waymo_ro_miles":673073.1514333708,"incremental_miles":134335.781,"vintage_end":"202509","exposure_phase":"deployment"},"geometry":{"type":"Polygon","coordinates":[[[-122.41274723330986,37.76462157554756],[-122.41274723330986,37.75508972601948],[-122.40141926154602,37.75857087381922],[-122.40141926154602,37.76810302241174],[-122.41274723330986,37.76462157554756]]]}},{"type":"Feature","properties":{"state":"","county":"SAN_FRANCISCO","s2_cell":"9263761754687537152","waymo_ro_miles":683913.4977601577,"incremental_miles":143058.007,"vintage_end":"202509","exposure_phase":"deployment"},"geometry":{"type":"Polygon","coordinates":[[[-122.42407398392056,37.76113909201574],[-122.42407398392056,37.75160754178196],[-122.41274723330986,37.75508972601948],[-122.41274723330986,37.76462157554756],[-122.42407398392056,37.76113909201574]]]}},{"type":"Feature","properties":{"state":"","county":"SAN_FRANCISCO","s2_cell":"9263761789047275520","waymo_ro_miles":569711.9739019211,"incremental_miles":123265.691,"vintage_end":"202509","exposure_phase":"deployment"},"geometry":{"type":"Polygon","coordinates":[[[-122.42407398392056,37.75160754178196],[-122.42407398392056,37.74207473705015],[-122.41274723330986,37.7455566215684],[-122.41274723330986,37.75508972601948],[-122.42407398392056,37.75160754178196]]]}},{"type":"Feature","properties":{"state":"","county":"SAN_FRANCISCO","s2_cell":"9263761823407013888","waymo_ro_miles":669595.5013881474,"incremental_miles":133641.403,"vintage_end":"202509","exposure_phase":"deployment"},"geometry":{"type":"Polygon","coordinates":[[[-122.41274723330986,37.75508972601948],[-122.41274723330986,37.7455566215684],[-122.40141926154602,37.74903746987886],[-122.40141926154602,37.75857087381922],[-122.41274723330986,37.75508972601948]]]}},{"type":"Feature","properties":{"state":"","county":"SAN_FRANCISCO","s2_cell":"9263761857766752256","waymo_ro_miles":408156.4837013345,"incremental_miles":93754.557,"vintage_end":"202509","exposure_phase":"deployment"},"geometry":{"type":"Polygon","coordinates":[[[-122.41274723330986,37.7455566215684],[-122.41274723330986,37.736022262701674],[-122.40141926154602,37.739502811097886],[-122.40141926154602,37.74903746987886],[-122.41274723330986,37.7455566215684]]]}},{"type":"Feature","properties":{"state":"","county":"SAN_FRANCISCO","s2_cell":"9263761892126490624","waymo_ro_miles":126383.38515492181,"incremental_miles":28205.82,"vintage_end":"202509","exposure_phase":"deployment"},"geometry":{"type":"Polygon","coordinates":[[[-122.42407398392056,37.74207473705015],[-122.42407398392056,37.73254067832776],[-122.41274723330986,37.736022262701674],[-122.41274723330986,37.7455566215684],[-122.42407398392056,37.74207473705015]]]}},{"type":"Feature","properties":{"state":"","county":"SAN_FRANCISCO","s2_cell":"9263761926486228992","waymo_ro_miles":404030.92228558403,"incremental_miles":92355.532,"vintage_end":"202509","exposure_phase":"deployment"},"geometry":{"type":"Polygon","coordinates":[[[-122.4353995123419,37.738591816909],[-122.4353995123419,37.72905805856108],[-122.42407398392056,37.73254067832776],[-122.42407398392056,37.74207473705015],[-122.4353995123419,37.738591816909]]]}},{"type":"Feature","properties":{"state":"","county":"SAN_FRANCISCO","s2_cell":"9263761960845967360","waymo_ro_miles":239453.20786857195,"incremental_miles":46359.793,"vintage_end":"202509","exposure_phase":"deployment"},"geometry":{"type":"Polygon","coordinates":[[[-122.4353995123419,37.7481243216915],[-122.4353995123419,37.738591816909],[-122.42407398392056,37.74207473705015],[-122.42407398392056,37.75160754178196],[-122.4353995123419,37.7481243216915]]]}},{"type":"Feature","properties":{"state":"","county":"SAN_FRANCISCO","s2_cell":"9263761995205705728","waymo_ro_miles":141640.0191784993,"incremental_miles":35182.854,"vintage_end":"202509","exposure_phase":"deployment"},"geometry":{"type":"Polygon","coordinates":[[[-122.44672381753844,37.74464006633321],[-122.44672381753844,37.73510786173015],[-122.4353995123419,37.738591816909],[-122.4353995123419,37.7481243216915],[-122.44672381753844,37.74464006633321]]]}},{"type":"Feature","properties":{"state":"","county":"SAN_FRANCISCO","s2_cell":"9263762029565444096","waymo_ro_miles":201180.84220003785,"incremental_miles":50640.046,"vintage_end":"202509","exposure_phase":"deployment"},"geometry":{"type":"Polygon","coordinates":[[[-122.44672381753844,37.73510786173015],[-122.44672381753844,37.72557440398694],[-122.4353995123419,37.72905805856108],[-122.4353995123419,37.738591816909],[-122.44672381753844,37.73510786173015]]]}},{"type":"Feature","properties":{"state":"","county":"SAN_FRANCISCO","s2_cell":"9263762063925182464","waymo_ro_miles":196162.10550420018,"incremental_miles":46706.511,"vintage_end":"202509","exposure_phase":"deployment"},"geometry":{"type":"Polygon","coordinates":[[[-122.44672381753844,37.72557440398694],[-122.44672381753844,37.716039693611755],[-122.4353995123419,37.7195230471558],[-122.4353995123419,37.72905805856108],[-122.44672381753844,37.72557440398694]]]}},{"type":"Feature","properties":{"state":"","county":"SAN_FRANCISCO","s2_cell":"9263762098284920832","waymo_ro_miles":139232.66982811657,"incremental_miles":31312.74,"vintage_end":"202509","exposure_phase":"deployment"},"geometry":{"type":"Polygon","coordinates":[[[-122.4353995123419,37.72905805856108],[-122.4353995123419,37.7195230471558],[-122.42407398392056,37.72300536612271],[-122.42407398392056,37.73254067832776],[-122.4353995123419,37.72905805856108]]]}},{"type":"Feature","properties":{"state":"","county":"SAN_FRANCISCO","s2_cell":"9263762132644659200","waymo_ro_miles":56090.21207763159,"incremental_miles":10316.32,"vintage_end":"202509","exposure_phase":"deployment"},"geometry":{"type":"Polygon","coordinates":[[[-122.4353995123419,37.7195230471558],[-122.4353995123419,37.709986783201735],[-122.42407398392056,37.71346880094351],[-122.42407398392056,37.72300536612271],[-122.4353995123419,37.7195230471558]]]}},{"type":"Feature","properties":{"state":"","county":"SAN_FRANCISCO","s2_cell":"9263762167004397568","waymo_ro_miles":104490.2685770106,"incremental_miles":21581.265,"vintage_end":"202509","exposure_phase":"deployment"},"geometry":{"type":"Polygon","coordinates":[[[-122.44672381753844,37.716039693611755],[-122.44672381753844,37.70650373111326],[-122.4353995123419,37.709986783201735],[-122.4353995123419,37.7195230471558],[-122.44672381753844,37.716039693611755]]]}},{"type":"Feature","properties":{"state":"","county":"SAN_FRANCISCO","s2_cell":"9263762304443351040","waymo_ro_miles":25892.52477915903,"incremental_miles":6825.217,"vintage_end":"202509","exposure_phase":"deployment"},"geometry":{"type":"Polygon","coordinates":[[[-122.4353995123419,37.709986783201735],[-122.4353995123419,37.70044926720799],[-122.42407398392056,37.70393098329916],[-122.42407398392056,37.71346880094351],[-122.4353995123419,37.709986783201735]]]}},{"type":"Feature","properties":{"state":"","county":"SAN_FRANCISCO","s2_cell":"9263762338803089408","waymo_ro_miles":30623.59413311946,"incremental_miles":6355.026,"vintage_end":"202509","exposure_phase":"deployment"},"geometry":{"type":"Polygon","coordinates":[[[-122.42407398392056,37.71346880094351],[-122.42407398392056,37.70393098329916],[-122.41274723330986,37.7074116646887],[-122.41274723330986,37.71694978375318],[-122.42407398392056,37.71346880094351]]]}},{"type":"Feature","properties":{"state":"","county":"SAN_FRANCISCO","s2_cell":"9263762407522566144","waymo_ro_miles":16843.1100928657,"incremental_miles":10233.473,"vintage_end":"202509","exposure_phase":"deployment"},"geometry":{"type":"Polygon","coordinates":[[[-122.41274723330986,37.7074116646887],[-122.41274723330986,37.69787229324313],[-122.40141926154602,37.70135163773079],[-122.40141926154602,37.71089131079144],[-122.41274723330986,37.7074116646887]]]}},{"type":"Feature","properties":{"state":"","county":"SAN_FRANCISCO","s2_cell":"9263762441882304512","waymo_ro_miles":25011.495565269237,"incremental_miles":9087.931,"vintage_end":"202509","exposure_phase":"deployment"},"geometry":{"type":"Polygon","coordinates":[[[-122.41274723330986,37.71694978375318],[-122.41274723330986,37.7074116646887],[-122.40141926154602,37.71089131079144],[-122.40141926154602,37.72042973104564],[-122.41274723330986,37.71694978375318]]]}},{"type":"Feature","properties":{"state":"","county":"SAN_FRANCISCO","s2_cell":"9263762476242042880","waymo_ro_miles":77809.38430172091,"incremental_miles":19942.074,"vintage_end":"202509","exposure_phase":"deployment"},"geometry":{"type":"Polygon","coordinates":[[[-122.41274723330986,37.726486649927146],[-122.41274723330986,37.71694978375318],[-122.40141926154602,37.72042973104564],[-122.40141926154602,37.729966897984056],[-122.41274723330986,37.726486649927146]]]}},{"type":"Feature","properties":{"state":"","county":"SAN_FRANCISCO","s2_cell":"9263762510601781248","waymo_ro_miles":19309.860611345397,"incremental_miles":3298.209,"vintage_end":"202509","exposure_phase":"deployment"},"geometry":{"type":"Polygon","coordinates":[[[-122.42407398392056,37.72300536612271],[-122.42407398392056,37.71346880094351],[-122.41274723330986,37.71694978375318],[-122.41274723330986,37.726486649927146],[-122.42407398392056,37.72300536612271]]]}},{"type":"Feature","properties":{"state":"","county":"SAN_FRANCISCO","s2_cell":"9263762544961519616","waymo_ro_miles":188340.97004730027,"incremental_miles":44251.583,"vintage_end":"202509","exposure_phase":"deployment"},"geometry":{"type":"Polygon","coordinates":[[[-122.42407398392056,37.73254067832776],[-122.42407398392056,37.72300536612271],[-122.41274723330986,37.726486649927146],[-122.41274723330986,37.736022262701674],[-122.42407398392056,37.73254067832776]]]}},{"type":"Feature","properties":{"state":"","county":"SAN_FRANCISCO","s2_cell":"9263762579321257984","waymo_ro_miles":221834.37651733035,"incremental_miles":54485.585,"vintage_end":"202509","exposure_phase":"deployment"},"geometry":{"type":"Polygon","coordinates":[[[-122.41274723330986,37.736022262701674],[-122.41274723330986,37.726486649927146],[-122.40141926154602,37.729966897984056],[-122.40141926154602,37.739502811097886],[-122.41274723330986,37.736022262701674]]]}},{"type":"Feature","properties":{"state":"","county":"SAN_FRANCISCO","s2_cell":"9263762613680996352","waymo_ro_miles":145112.64787610472,"incremental_miles":26200.817,"vintage_end":"202509","exposure_phase":"deployment"},"geometry":{"type":"Polygon","coordinates":[[[-122.40141926154602,37.739502811097886],[-122.40141926154602,37.729966897984056],[-122.39009006966613,37.733446109708744],[-122.39009006966613,37.74298232293175],[-122.40141926154602,37.739502811097886]]]}},{"type":"Feature","properties":{"state":"","county":"SAN_FRANCISCO","s2_cell":"9263762648040734720","waymo_ro_miles":23237.384693262153,"incremental_miles":4334.544,"vintage_end":"202509","exposure_phase":"deployment"},"geometry":{"type":"Polygon","coordinates":[[[-122.39009006966613,37.74298232293175],[-122.39009006966613,37.733446109708744],[-122.37875965870796,37.73692428451682],[-122.37875965870796,37.746460797618944],[-122.39009006966613,37.74298232293175]]]}},{"type":"Feature","properties":{"state":"","county":"SAN_FRANCISCO","s2_cell":"9263762682400473088","waymo_ro_miles":29939.668324427108,"incremental_miles":6085.689,"vintage_end":"202509","exposure_phase":"deployment"},"geometry":{"type":"Polygon","coordinates":[[[-122.39009006966613,37.733446109708744],[-122.39009006966613,37.723908642236104],[-122.37875965870796,37.72738651674011],[-122.37875965870796,37.73692428451682],[-122.39009006966613,37.733446109708744]]]}},{"type":"Feature","properties":{"state":"","county":"SAN_FRANCISCO","s2_cell":"9263762716760211456","waymo_ro_miles":63498.74700485114,"incremental_miles":13762.849,"vintage_end":"202509","exposure_phase":"deployment"},"geometry":{"type":"Polygon","coordinates":[[[-122.40141926154602,37.729966897984056],[-122.40141926154602,37.72042973104564],[-122.39009006966613,37.723908642236104],[-122.39009006966613,37.733446109708744],[-122.40141926154602,37.729966897984056]]]}},{"type":"Feature","properties":{"state":"","county":"SAN_FRANCISCO","s2_cell":"9263762751119949824","waymo_ro_miles":49602.92576776248,"incremental_miles":17808.003,"vintage_end":"202509","exposure_phase":"deployment"},"geometry":{"type":"Polygon","coordinates":[[[-122.40141926154602,37.72042973104564],[-122.40141926154602,37.71089131079144],[-122.39009006966613,37.71436992102252],[-122.39009006966613,37.723908642236104],[-122.40141926154602,37.72042973104564]]]}},{"type":"Feature","properties":{"state":"","county":"SAN_FRANCISCO","s2_cell":"9263762785479688192","waymo_ro_miles":10624.502996842635,"incremental_miles":7555.3,"vintage_end":"202509","exposure_phase":"deployment"},"geometry":{"type":"Polygon","coordinates":[[[-122.40141926154602,37.71089131079144],[-122.40141926154602,37.70135163773079],[-122.39009006966613,37.704829946577235],[-122.39009006966613,37.71436992102252],[-122.40141926154602,37.71089131079144]]]}},{"type":"Feature","properties":{"state":"","county":"SAN_FRANCISCO","s2_cell":"9263762819839426560","waymo_ro_miles":2231.8286462976153,"incremental_miles":605.416,"vintage_end":"202509","exposure_phase":"deployment"},"geometry":{"type":"Polygon","coordinates":[[[-122.39009006966613,37.71436992102252],[-122.39009006966613,37.704829946577235],[-122.37875965870796,37.70830721919787],[-122.37875965870796,37.71784749479742],[-122.39009006966613,37.71436992102252]]]}},{"type":"Feature","properties":{"state":"","county":"SAN_FRANCISCO","s2_cell":"9263762854199164928","waymo_ro_miles":8778.407292364855,"incremental_miles":1168.686,"vintage_end":"202509","exposure_phase":"deployment"},"geometry":{"type":"Polygon","coordinates":[[[-122.39009006966613,37.723908642236104],[-122.39009006966613,37.71436992102252],[-122.37875965870796,37.71784749479742],[-122.37875965870796,37.72738651674011],[-122.39009006966613,37.723908642236104]]]}},{"type":"Feature","properties":{"state":"","county":"SAN_FRANCISCO","s2_cell":"9263762888558903296","waymo_ro_miles":3000.6829409416177,"incremental_miles":656.663,"vintage_end":"202509","exposure_phase":"deployment"},"geometry":{"type":"Polygon","coordinates":[[[-122.37875965870796,37.72738651674011],[-122.37875965870796,37.71784749479742],[-122.36742802971013,37.7213240315319],[-122.36742802971013,37.730863353973504],[-122.37875965870796,37.72738651674011]]]}},{"type":"Feature","properties":{"state":"","county":"SAN_FRANCISCO","s2_cell":"9263763060357595136","waymo_ro_miles":6536.152344791971,"incremental_miles":1351.182,"vintage_end":"202509","exposure_phase":"deployment"},"geometry":{"type":"Polygon","coordinates":[[[-122.37875965870796,37.73692428451682],[-122.37875965870796,37.72738651674011],[-122.36742802971013,37.730863353973504],[-122.36742802971013,37.74040142182418],[-122.37875965870796,37.73692428451682]]]}},{"type":"Feature","properties":{"state":"","county":"SAN_FRANCISCO","s2_cell":"9263763094717333504","waymo_ro_miles":278.6481568729952,"incremental_miles":66.147,"vintage_end":"202509","exposure_phase":"deployment"},"geometry":{"type":"Polygon","coordinates":[[[-122.37875965870796,37.746460797618944],[-122.37875965870796,37.73692428451682],[-122.36742802971013,37.74040142182418],[-122.36742802971013,37.74993823457547],[-122.37875965870796,37.746460797618944]]]}},{"type":"Feature","properties":{"state":"","county":"SAN_FRANCISCO","s2_cell":"9263763300875763712","waymo_ro_miles":27569.796988198254,"incremental_miles":6582.944,"vintage_end":"202509","exposure_phase":"deployment"},"geometry":{"type":"Polygon","coordinates":[[[-122.39009006966613,37.75251728139695],[-122.39009006966613,37.74298232293175],[-122.37875965870796,37.746460797618944],[-122.37875965870796,37.75599605553843],[-122.39009006966613,37.75251728139695]]]}},{"type":"Feature","properties":{"state":"","county":"SAN_FRANCISCO","s2_cell":"9263763335235502080","waymo_ro_miles":744306.1670980677,"incremental_miles":148950.213,"vintage_end":"202509","exposure_phase":"deployment"},"geometry":{"type":"Polygon","coordinates":[[[-122.40141926154602,37.74903746987886],[-122.40141926154602,37.739502811097886],[-122.39009006966613,37.74298232293175],[-122.39009006966613,37.75251728139695],[-122.40141926154602,37.74903746987886]]]}},{"type":"Feature","properties":{"state":"","county":"SAN_FRANCISCO","s2_cell":"9263763369595240448","waymo_ro_miles":358598.79716461967,"incremental_miles":80166.42,"vintage_end":"202509","exposure_phase":"deployment"},"geometry":{"type":"Polygon","coordinates":[[[-122.40141926154602,37.75857087381922],[-122.40141926154602,37.74903746987886],[-122.39009006966613,37.75251728139695],[-122.39009006966613,37.76205098459669],[-122.40141926154602,37.75857087381922]]]}},{"type":"Feature","properties":{"state":"","county":"SAN_FRANCISCO","s2_cell":"9263763403954978816","waymo_ro_miles":112042.6415118424,"incremental_miles":27109.145,"vintage_end":"202509","exposure_phase":"deployment"},"geometry":{"type":"Polygon","coordinates":[[[-122.39009006966613,37.76205098459669],[-122.39009006966613,37.75251728139695],[-122.37875965870796,37.75599605553843],[-122.37875965870796,37.76553005776772],[-122.39009006966613,37.76205098459669]]]}},{"type":"Feature","properties":{"state":"","county":"SAN_FRANCISCO","s2_cell":"9263763438314717184","waymo_ro_miles":141565.84115426202,"incremental_miles":41172.018,"vintage_end":"202509","exposure_phase":"deployment"},"geometry":{"type":"Polygon","coordinates":[[[-122.39009006966613,37.77158343202387],[-122.39009006966613,37.76205098459669],[-122.37875965870796,37.76553005776772],[-122.37875965870796,37.77506280379982],[-122.39009006966613,37.77158343202387]]]}},{"type":"Feature","properties":{"state":"","county":"SAN_FRANCISCO","s2_cell":"9263763472674455552","waymo_ro_miles":586486.1393475849,"incremental_miles":124323.447,"vintage_end":"202509","exposure_phase":"deployment"},"geometry":{"type":"Polygon","coordinates":[[[-122.40141926154602,37.76810302241174],[-122.40141926154602,37.75857087381922],[-122.39009006966613,37.76205098459669],[-122.39009006966613,37.77158343202387],[-122.40141926154602,37.76810302241174]]]}},{"type":"Feature","properties":{"state":"","county":"SAN_FRANCISCO","s2_cell":"9263763507034193920","waymo_ro_miles":841941.7894829036,"incremental_miles":221751.863,"vintage_end":"202509","exposure_phase":"deployment"},"geometry":{"type":"Polygon","coordinates":[[[-122.40141926154602,37.77763391514975],[-122.40141926154602,37.76810302241174],[-122.39009006966613,37.77158343202387],[-122.39009006966613,37.78111462317189],[-122.40141926154602,37.77763391514975]]]}},{"type":"Feature","properties":{"state":"","county":"SAN_FRANCISCO","s2_cell":"9263763541393932288","waymo_ro_miles":48772.61406243891,"incremental_miles":14664.942,"vintage_end":"202509","exposure_phase":"deployment"},"geometry":{"type":"Polygon","coordinates":[[[-122.39009006966613,37.78111462317189],[-122.39009006966613,37.77158343202387],[-122.37875965870796,37.77506280379982],[-122.37875965870796,37.78459429312823],[-122.39009006966613,37.78111462317189]]]}}]}