state,county,s2_cell,waymo_ro_miles,incremental_miles,vintage_end,exposure_phase,geometry_geojson
Arizona,Maricopa,9739878636298698752,3171.852611297166,964.027,202512,deployment,"{""type"":""Polygon"",""coordinates"":[[[-111.86878249373518,33.23629094022619],[-111.86878249373518,33.22559878043331],[-111.85685855297612,33.227791798472666],[-111.85685855297612,33.23848431480166],[-111.86878249373518,33.23629094022619]]]}"
Arizona,Maricopa,9739878670658437120,12892.39773065981,4008.755,202512,deployment,"{""type"":""Polygon"",""coordinates"":[[[-111.86878249373518,33.24698196347811],[-111.86878249373518,33.23629094022619],[-111.85685855297612,33.23848431480166],[-111.85685855297612,33.24917569424628],[-111.86878249373518,33.24698196347811]]]}"
Arizona,Maricopa,9739878705018175488,4829.045655997647,1420.415,202512,deployment,"{""type"":""Polygon"",""coordinates"":[[[-111.88070640336356,33.244786990458216],[-111.88070640336356,33.23409632366344],[-111.86878249373518,33.23629094022619],[-111.86878249373518,33.24698196347811],[-111.88070640336356,33.244786990458216]]]}"
Arizona,Maricopa,9739878739377913856,2.248333415401555,0.45,202512,deployment,"{""type"":""Polygon"",""coordinates"":[[[-111.88070640336356,33.23409632366344],[-111.88070640336356,33.22340452067127],[-111.86878249373518,33.22559878043331],[-111.86878249373518,33.23629094022619],[-111.88070640336356,33.23409632366344]]]}"
Arizona,Maricopa,9739878911176605696,11344.111605587055,3590.488,202512,deployment,"{""type"":""Polygon"",""coordinates"":[[[-111.89263028034495,33.25327994874738],[-111.89263028034495,33.2425907753975],[-111.88070640336356,33.244786990458216],[-111.88070640336356,33.25547652018602],[-111.89263028034495,33.25327994874738]]]}"
Arizona,Maricopa,9739878979896082432,1.0118029780355617,1.012,202512,deployment,"{""type"":""Polygon"",""coordinates"":[[[-111.90455412316315,33.261769814674224],[-111.90455412316315,33.251082135215015],[-111.89263028034495,33.25327994874738],[-111.89263028034495,33.26396798450504],[-111.90455412316315,33.261769814674224]]]}"
Arizona,Maricopa,9739879014255820800,20389.652615186296,4489.812,202512,deployment,"{""type"":""Polygon"",""coordinates"":[[[-111.89263028034495,33.26396798450504],[-111.89263028034495,33.25327994874738],[-111.88070640336356,33.25547652018602],[-111.88070640336356,33.266164911977896],[-111.89263028034495,33.26396798450504]]]}"
Arizona,Maricopa,9739879048615559168,18657.55054738181,3813.425,202512,deployment,"{""type"":""Polygon"",""coordinates"":[[[-111.88070640336356,33.266164911977896],[-111.88070640336356,33.25547652018602],[-111.86878249373518,33.25767184931951],[-111.86878249373518,33.26836059688144],[-111.88070640336356,33.266164911977896]]]}"
Arizona,Maricopa,9739879082975297536,6663.398190856472,1968.92,202512,deployment,"{""type"":""Polygon"",""coordinates"":[[[-111.88070640336356,33.25547652018602],[-111.88070640336356,33.244786990458216],[-111.86878249373518,33.24698196347811],[-111.86878249373518,33.25767184931951],[-111.88070640336356,33.25547652018602]]]}"
Arizona,Maricopa,9739879117335035904,25854.23020403079,6173.636,202512,deployment,"{""type"":""Polygon"",""coordinates"":[[[-111.86878249373518,33.25767184931951],[-111.86878249373518,33.24698196347811],[-111.85685855297612,33.24917569424628],[-111.85685855297612,33.25986593593701],[-111.86878249373518,33.25767184931951]]]}"
Arizona,Maricopa,9739879151694774272,47925.07229673689,9546.767,202512,deployment,"{""type"":""Polygon"",""coordinates"":[[[-111.86878249373518,33.26836059688144],[-111.86878249373518,33.25767184931951],[-111.85685855297612,33.25986593593701],[-111.85685855297612,33.27055503900491],[-111.86878249373518,33.26836059688144]]]}"
Arizona,Maricopa,9739879186054512640,59665.57984626267,12282.389,202512,deployment,"{""type"":""Polygon"",""coordinates"":[[[-111.86878249373518,33.27904820529565],[-111.86878249373518,33.26836059688144],[-111.85685855297612,33.27055503900491],[-111.85685855297612,33.281243002581746],[-111.86878249373518,33.27904820529565]]]}"
Arizona,Maricopa,9739879220414251008,46583.74714466784,11163.19,202512,deployment,"{""type"":""Polygon"",""coordinates"":[[[-111.88070640336356,33.276852164965554],[-111.88070640336356,33.266164911977896],[-111.86878249373518,33.26836059688144],[-111.86878249373518,33.27904820529565],[-111.88070640336356,33.276852164965554]]]}"
Arizona,Maricopa,9739879254773989376,51666.00951874683,12399.725,202512,deployment,"{""type"":""Polygon"",""coordinates"":[[[-111.88070640336356,33.28753827828136],[-111.88070640336356,33.276852164965554],[-111.86878249373518,33.27904820529565],[-111.86878249373518,33.289734673694504],[-111.88070640336356,33.28753827828136]]]}"
Arizona,Maricopa,9739879289133727744,57734.49526825688,9660.863,202512,deployment,"{""type"":""Polygon"",""coordinates"":[[[-111.86878249373518,33.289734673694504],[-111.86878249373518,33.27904820529565],[-111.85685855297612,33.281243002581746],[-111.85685855297612,33.291929825799905],[-111.86878249373518,33.289734673694504]]]}"
Arizona,Maricopa,9739879323493466112,96271.42267119672,14878.799,202512,deployment,"{""type"":""Polygon"",""coordinates"":[[[-111.86878249373518,33.30042000121104],[-111.86878249373518,33.289734673694504],[-111.85685855297612,33.291929825799905],[-111.85685855297612,33.302615507792446],[-111.86878249373518,33.30042000121104]]]}"
Arizona,Maricopa,9739879357853204480,109744.54281542766,16027.548,202512,deployment,"{""type"":""Polygon"",""coordinates"":[[[-111.86878249373518,33.311104186978945],[-111.86878249373518,33.30042000121104],[-111.85685855297612,33.302615507792446],[-111.85685855297612,33.313300047693076],[-111.86878249373518,33.311104186978945]]]}"
Arizona,Maricopa,9739879392212942848,141535.71125825707,22506.677,202512,deployment,"{""type"":""Polygon"",""coordinates"":[[[-111.88070640336356,33.30890708243008],[-111.88070640336356,33.29822325105831],[-111.86878249373518,33.30042000121104],[-111.86878249373518,33.311104186978945],[-111.88070640336356,33.30890708243008]]]}"
Arizona,Maricopa,9739879426572681216,90776.7409478569,18646.244,202512,deployment,"{""type"":""Polygon"",""coordinates"":[[[-111.88070640336356,33.29822325105831],[-111.88070640336356,33.28753827828136],[-111.86878249373518,33.289734673694504],[-111.86878249373518,33.30042000121104],[-111.88070640336356,33.29822325105831]]]}"
Arizona,Maricopa,9739879460932419584,22631.43566731267,3906.742,202512,deployment,"{""type"":""Polygon"",""coordinates"":[[[-111.89263028034495,33.29602525754481],[-111.89263028034495,33.28534063977109],[-111.88070640336356,33.28753827828136],[-111.88070640336356,33.29822325105831],[-111.89263028034495,33.29602525754481]]]}"
Arizona,Maricopa,9739879495292157952,83672.25547714572,9948.862,202512,deployment,"{""type"":""Polygon"",""coordinates"":[[[-111.89263028034495,33.30670873425698],[-111.89263028034495,33.29602525754481],[-111.88070640336356,33.29822325105831],[-111.88070640336356,33.30890708243008],[-111.89263028034495,33.30670873425698]]]}"
Arizona,Maricopa,9739879529651896320,111941.41198636449,13960.399,202512,deployment,"{""type"":""Polygon"",""coordinates"":[[[-111.90455412316315,33.3045091426707],[-111.90455412316315,33.29382602088169],[-111.89263028034495,33.29602525754481],[-111.89263028034495,33.30670873425698],[-111.90455412316315,33.3045091426707]]]}"
Arizona,Maricopa,9739879564011634688,10508.844922874912,1556.529,202512,deployment,"{""type"":""Polygon"",""coordinates"":[[[-111.90455412316315,33.29382602088169],[-111.90455412316315,33.28314175837491],[-111.89263028034495,33.28534063977109],[-111.89263028034495,33.29602525754481],[-111.90455412316315,33.29382602088169]]]}"
Arizona,Maricopa,9739879632731111424,31477.788088680747,4547.212,202512,deployment,"{""type"":""Polygon"",""coordinates"":[[[-111.89263028034495,33.28534063977109],[-111.89263028034495,33.274654881802164],[-111.88070640336356,33.276852164965554],[-111.88070640336356,33.28753827828136],[-111.89263028034495,33.28534063977109]]]}"
Arizona,Maricopa,9739879667090849792,15873.785014130232,2885.044,202512,deployment,"{""type"":""Polygon"",""coordinates"":[[[-111.89263028034495,33.274654881802164],[-111.89263028034495,33.26396798450504],[-111.88070640336356,33.266164911977896],[-111.88070640336356,33.276852164965554],[-111.89263028034495,33.274654881802164]]]}"
Arizona,Maricopa,9739879873249280000,1467.1402827195877,205.313,202512,deployment,"{""type"":""Polygon"",""coordinates"":[[[-111.91647793030225,33.29162554128064],[-111.91647793030225,33.280941634304604],[-111.90455412316315,33.28314175837491],[-111.90455412316315,33.29382602088169],[-111.91647793030225,33.29162554128064]]]}"
Arizona,Maricopa,9739879907609018368,19279.259744548257,1348.601,202512,deployment,"{""type"":""Polygon"",""coordinates"":[[[-111.91647793030225,33.302308307882875],[-111.91647793030225,33.29162554128064],[-111.90455412316315,33.29382602088169],[-111.90455412316315,33.3045091426707],[-111.91647793030225,33.302308307882875]]]}"
Arizona,Maricopa,9739879941968756736,5264.604653092988,627.597,202512,deployment,"{""type"":""Polygon"",""coordinates"":[[[-111.92840170024643,33.30010623010573],[-111.92840170024643,33.289423818953956],[-111.91647793030225,33.29162554128064],[-111.91647793030225,33.302308307882875],[-111.92840170024643,33.30010623010573]]]}"
Arizona,Maricopa,9739880045047971840,4597.6966599571015,866.345,202512,deployment,"{""type"":""Polygon"",""coordinates"":[[[-111.94032543148008,33.29790290955207],[-111.94032543148008,33.287220854114516],[-111.92840170024643,33.289423818953956],[-111.92840170024643,33.30010623010573],[-111.94032543148008,33.29790290955207]]]}"
Arizona,Maricopa,9739880079407710208,2490.376442285102,272.24,202512,deployment,"{""type"":""Polygon"",""coordinates"":[[[-111.9522491224878,33.295698346435245],[-111.9522491224878,33.285016646975755],[-111.94032543148008,33.287220854114516],[-111.94032543148008,33.29790290955207],[-111.9522491224878,33.295698346435245]]]}"
Arizona,Maricopa,9739882999985471488,80.43088088819177,80.431,202512,deployment,"{""type"":""Polygon"",""coordinates"":[[[-111.96417277175436,33.29349254096923],[-111.96417277175436,33.28281119775168],[-111.9522491224878,33.285016646975755],[-111.9522491224878,33.295698346435245],[-111.96417277175436,33.29349254096923]]]}"
Arizona,Maricopa,9739883034345209856,17064.344389928723,2768.888,202512,deployment,"{""type"":""Polygon"",""coordinates"":[[[-111.96417277175436,33.304172744324724],[-111.96417277175436,33.29349254096923],[-111.9522491224878,33.295698346435245],[-111.9522491224878,33.30637890568807],[-111.96417277175436,33.304172744324724]]]}"
Arizona,Maricopa,9739883068704948224,1816.1489647639096,296.155,202512,deployment,"{""type"":""Polygon"",""coordinates"":[[[-111.9760963777647,33.3019653405629],[-111.9760963777647,33.29128549336854],[-111.96417277175436,33.29349254096923],[-111.96417277175436,33.304172744324724],[-111.9760963777647,33.3019653405629]]]}"
Arizona,Maricopa,9739883103064686592,10320.6391356054,2357.724,202512,deployment,"{""type"":""Polygon"",""coordinates"":[[[-111.9760963777647,33.31264404737481],[-111.9760963777647,33.3019653405629],[-111.96417277175436,33.304172744324724],[-111.96417277175436,33.31485180695299],[-111.9760963777647,33.31264404737481]]]}"
Arizona,Maricopa,9739883137424424960,27946.641557119896,4237.369,202512,deployment,"{""type"":""Polygon"",""coordinates"":[[[-111.96417277175436,33.31485180695299],[-111.96417277175436,33.304172744324724],[-111.9522491224878,33.30637890568807],[-111.9522491224878,33.31705832386905],[-111.96417277175436,33.31485180695299]]]}"
Arizona,Maricopa,9739883171784163328,61366.60902509864,11027.879,202512,deployment,"{""type"":""Polygon"",""coordinates"":[[[-111.96417277175436,33.3255297279895],[-111.96417277175436,33.31485180695299],[-111.9522491224878,33.31705832386905],[-111.9522491224878,33.327736600113695],[-111.96417277175436,33.3255297279895]]]}"
Arizona,Maricopa,9739883206143901696,77719.10005858948,12920.18,202512,deployment,"{""type"":""Polygon"",""coordinates"":[[[-111.96417277175436,33.33620650657039],[-111.96417277175436,33.3255297279895],[-111.9522491224878,33.327736600113695],[-111.9522491224878,33.33841373355815],[-111.96417277175436,33.33620650657039]]]}"
Arizona,Maricopa,9739883240503640064,5276.731998288894,1302.602,202512,deployment,"{""type"":""Polygon"",""coordinates"":[[[-111.9760963777647,33.33399803639377],[-111.9760963777647,33.323321612939736],[-111.96417277175436,33.3255297279895],[-111.96417277175436,33.33620650657039],[-111.9760963777647,33.33399803639377]]]}"
Arizona,Maricopa,9739883274863378432,22137.6744756037,5993.143,202512,deployment,"{""type"":""Polygon"",""coordinates"":[[[-111.9760963777647,33.323321612939736],[-111.9760963777647,33.31264404737481],[-111.96417277175436,33.31485180695299],[-111.96417277175436,33.3255297279895],[-111.9760963777647,33.323321612939736]]]}"
Arizona,Maricopa,9739883309223116800,5674.432210378864,1599.481,202512,deployment,"{""type"":""Polygon"",""coordinates"":[[[-111.98801993900399,33.3211122551793],[-111.98801993900399,33.31043504534951],[-111.9760963777647,33.31264404737481],[-111.9760963777647,33.323321612939736],[-111.98801993900399,33.3211122551793]]]}"
Arizona,Maricopa,9739884958490558464,7352.139242408807,1175.857,202512,deployment,"{""type"":""Polygon"",""coordinates"":[[[-111.9760963777647,33.35534745351689],[-111.9760963777647,33.34467331687368],[-111.96417277175436,33.346882141832445],[-111.96417277175436,33.3575566329131],[-111.9760963777647,33.35534745351689]]]}"
Arizona,Maricopa,9739884992850296832,11673.974323155824,2071.252,202512,deployment,"{""type"":""Polygon"",""coordinates"":[[[-111.9760963777647,33.34467331687368],[-111.9760963777647,33.33399803639377],[-111.96417277175436,33.33620650657039],[-111.96417277175436,33.346882141832445],[-111.9760963777647,33.34467331687368]]]}"
Arizona,Maricopa,9739885027210035200,80755.23708722767,14984.29,202512,deployment,"{""type"":""Polygon"",""coordinates"":[[[-111.96417277175436,33.346882141832445],[-111.96417277175436,33.33620650657039],[-111.9522491224878,33.33841373355815],[-111.9522491224878,33.34908972333923],[-111.96417277175436,33.346882141832445]]]}"
Arizona,Maricopa,9739885061569773568,130242.05108395756,24250.775,202512,deployment,"{""type"":""Polygon"",""coordinates"":[[[-111.96417277175436,33.3575566329131],[-111.96417277175436,33.346882141832445],[-111.9522491224878,33.34908972333923],[-111.9522491224878,33.359764568594386],[-111.96417277175436,33.3575566329131]]]}"
Arizona,Maricopa,9739885095929511936,83918.89033700457,5362.322,202512,deployment,"{""type"":""Polygon"",""coordinates"":[[[-111.96417277175436,33.368229978950446],[-111.96417277175436,33.3575566329131],[-111.9522491224878,33.359764568594386],[-111.9522491224878,33.370438268461726],[-111.96417277175436,33.368229978950446]]]}"
Arizona,Maricopa,9739885130289250304,6143.090180670172,744.923,202512,deployment,"{""type"":""Polygon"",""coordinates"":[[[-111.9760963777647,33.366020445461466],[-111.9760963777647,33.35534745351689],[-111.96417277175436,33.3575566329131],[-111.96417277175436,33.368229978950446],[-111.9760963777647,33.366020445461466]]]}"
Arizona,Maricopa,9739885164648988672,8708.357898931952,3302.418,202512,deployment,"{""type"":""Polygon"",""coordinates"":[[[-111.9760963777647,33.37669229184612],[-111.9760963777647,33.366020445461466],[-111.96417277175436,33.368229978950446],[-111.96417277175436,33.37890217908323],[-111.9760963777647,33.37669229184612]]]}"
Arizona,Maricopa,9739885199008727040,207920.97650891234,30039.229,202512,deployment,"{""type"":""Polygon"",""coordinates"":[[[-111.96417277175436,33.37890217908323],[-111.96417277175436,33.368229978950446],[-111.9522491224878,33.370438268461726],[-111.9522491224878,33.38111082208001],[-111.96417277175436,33.37890217908323]]]}"
Arizona,Maricopa,9739885233368465408,221768.82636394442,49999.45,202512,deployment,"{""type"":""Polygon"",""coordinates"":[[[-111.9522491224878,33.38111082208001],[-111.9522491224878,33.370438268461726],[-111.94032543148008,33.37264531378127],[-111.94032543148008,33.38331822062252],[-111.9522491224878,33.38111082208001]]]}"
Arizona,Maricopa,9739885267728203776,159850.83023434906,36783.706,202512,deployment,"{""type"":""Polygon"",""coordinates"":[[[-111.9522491224878,33.370438268461726],[-111.9522491224878,33.359764568594386],[-111.94032543148008,33.36197126034664],[-111.94032543148008,33.37264531378127],[-111.9522491224878,33.370438268461726]]]}"
Arizona,Maricopa,9739885302087942144,185505.32734309178,29476.552,202512,deployment,"{""type"":""Polygon"",""coordinates"":[[[-111.94032543148008,33.37264531378127],[-111.94032543148008,33.36197126034664],[-111.92840170024643,33.36417670795635],[-111.92840170024643,33.374851114695616],[-111.94032543148008,33.37264531378127]]]}"
Arizona,Maricopa,9739885336447680512,217496.2330261734,33506.843,202512,deployment,"{""type"":""Polygon"",""coordinates"":[[[-111.94032543148008,33.38331822062252],[-111.94032543148008,33.37264531378127],[-111.92840170024643,33.374851114695616],[-111.92840170024643,33.385524374497386],[-111.94032543148008,33.38331822062252]]]}"
Arizona,Maricopa,9739885370807418880,214198.26308752698,30065.487,202512,deployment,"{""type"":""Polygon"",""coordinates"":[[[-111.92840170024643,33.385524374497386],[-111.92840170024643,33.374851114695616],[-111.91647793030225,33.37705567099191],[-111.91647793030225,33.38772928349179],[-111.92840170024643,33.385524374497386]]]}"
Arizona,Maricopa,9739885405167157248,249970.71478262355,26052.428,202512,deployment,"{""type"":""Polygon"",""coordinates"":[[[-111.91647793030225,33.38772928349179],[-111.91647793030225,33.37705567099191],[-111.90455412316315,33.37925898245782],[-111.90455412316315,33.38993294739349],[-111.91647793030225,33.38772928349179]]]}"
Arizona,Maricopa,9739885439526895616,205662.89594290385,18560.918,202512,deployment,"{""type"":""Polygon"",""coordinates"":[[[-111.91647793030225,33.37705567099191],[-111.91647793030225,33.366380911210555],[-111.90455412316315,33.368583869896874],[-111.90455412316315,33.37925898245782],[-111.91647793030225,33.37705567099191]]]}"
Arizona,Maricopa,9739885473886633984,22551.35310270475,3380.551,202512,deployment,"{""type"":""Polygon"",""coordinates"":[[[-111.92840170024643,33.374851114695616],[-111.92840170024643,33.36417670795635],[-111.91647793030225,33.366380911210555],[-111.91647793030225,33.37705567099191],[-111.92840170024643,33.374851114695616]]]}"
Arizona,Maricopa,9739885508246372352,54401.0540908524,9891.242,202512,deployment,"{""type"":""Polygon"",""coordinates"":[[[-111.92840170024643,33.36417670795635],[-111.92840170024643,33.35350115514077],[-111.91647793030225,33.355705005008886],[-111.91647793030225,33.366380911210555],[-111.92840170024643,33.36417670795635]]]}"
Arizona,Maricopa,9739885542606110720,188203.7590850259,17382.739,202512,deployment,"{""type"":""Polygon"",""coordinates"":[[[-111.91647793030225,33.366380911210555],[-111.91647793030225,33.355705005008886],[-111.90455412316315,33.357907610571814],[-111.90455412316315,33.368583869896874],[-111.91647793030225,33.366380911210555]]]}"
Arizona,Maricopa,9739885576965849088,174902.38173667347,5464.906,202512,deployment,"{""type"":""Polygon"",""coordinates"":[[[-111.91647793030225,33.355705005008886],[-111.91647793030225,33.34502795324875],[-111.90455412316315,33.347230205344424],[-111.90455412316315,33.357907610571814],[-111.91647793030225,33.355705005008886]]]}"
Arizona,Maricopa,9739885611325587456,63633.79363142141,10906.863,202512,deployment,"{""type"":""Polygon"",""coordinates"":[[[-111.92840170024643,33.35350115514077],[-111.92840170024643,33.342824457110716],[-111.91647793030225,33.34502795324875],[-111.91647793030225,33.355705005008886],[-111.92840170024643,33.35350115514077]]]}"
Arizona,Maricopa,9739885645685325824,72816.96500317872,17708.149,202512,deployment,"{""type"":""Polygon"",""coordinates"":[[[-111.94032543148008,33.351296061179866],[-111.94032543148008,33.340619717142815],[-111.92840170024643,33.342824457110716],[-111.92840170024643,33.35350115514077],[-111.94032543148008,33.351296061179866]]]}"
Arizona,Maricopa,9739885680045064192,116693.23106112762,25775.766,202512,deployment,"{""type"":""Polygon"",""coordinates"":[[[-111.94032543148008,33.36197126034664],[-111.94032543148008,33.351296061179866],[-111.92840170024643,33.35350115514077],[-111.92840170024643,33.36417670795635],[-111.94032543148008,33.36197126034664]]]}"
Arizona,Maricopa,9739885714404802560,82995.89524373297,26262.484,202512,deployment,"{""type"":""Polygon"",""coordinates"":[[[-111.9522491224878,33.359764568594386],[-111.9522491224878,33.34908972333923],[-111.94032543148008,33.351296061179866],[-111.94032543148008,33.36197126034664],[-111.9522491224878,33.359764568594386]]]}"
Arizona,Maricopa,9739885748764540928,7050.7552285969105,1340.271,202512,deployment,"{""type"":""Polygon"",""coordinates"":[[[-111.9522491224878,33.34908972333923],[-111.9522491224878,33.33841373355815],[-111.94032543148008,33.340619717142815],[-111.94032543148008,33.351296061179866],[-111.9522491224878,33.34908972333923]]]}"
Arizona,Maricopa,9739885783124279296,62367.52968713295,10018.644,202512,deployment,"{""type"":""Polygon"",""coordinates"":[[[-111.9522491224878,33.33841373355815],[-111.9522491224878,33.327736600113695],[-111.94032543148008,33.329942229098016],[-111.94032543148008,33.340619717142815],[-111.9522491224878,33.33841373355815]]]}"
Arizona,Maricopa,9739885817484017664,68569.31537743234,10762.618,202512,deployment,"{""type"":""Polygon"",""coordinates"":[[[-111.94032543148008,33.340619717142815],[-111.94032543148008,33.329942229098016],[-111.92840170024643,33.33214661472871],[-111.92840170024643,33.342824457110716],[-111.94032543148008,33.340619717142815]]]}"
Arizona,Maricopa,9739885851843756032,22508.36891819074,3173.103,202512,deployment,"{""type"":""Polygon"",""coordinates"":[[[-111.94032543148008,33.329942229098016],[-111.94032543148008,33.31926359790862],[-111.92840170024643,33.32146762885789],[-111.92840170024643,33.33214661472871],[-111.94032543148008,33.329942229098016]]]}"
Arizona,Maricopa,9739885886203494400,56887.84975248626,10480.238,202512,deployment,"{""type"":""Polygon"",""coordinates"":[[[-111.9522491224878,33.327736600113695],[-111.9522491224878,33.31705832386905],[-111.94032543148008,33.31926359790862],[-111.94032543148008,33.329942229098016],[-111.9522491224878,33.327736600113695]]]}"
Arizona,Maricopa,9739885920563232768,30850.988714436055,6572.974,202512,deployment,"{""type"":""Polygon"",""coordinates"":[[[-111.9522491224878,33.31705832386905],[-111.9522491224878,33.30637890568807],[-111.94032543148008,33.308583824438486],[-111.94032543148008,33.31926359790862],[-111.9522491224878,33.31705832386905]]]}"
Arizona,Maricopa,9739885954922971136,42102.29450702516,7439.532,202512,deployment,"{""type"":""Polygon"",""coordinates"":[[[-111.9522491224878,33.30637890568807],[-111.9522491224878,33.295698346435245],[-111.94032543148008,33.29790290955207],[-111.94032543148008,33.308583824438486],[-111.9522491224878,33.30637890568807]]]}"
Arizona,Maricopa,9739885989282709504,54267.58469969331,11083.941,202512,deployment,"{""type"":""Polygon"",""coordinates"":[[[-111.94032543148008,33.308583824438486],[-111.94032543148008,33.29790290955207],[-111.92840170024643,33.30010623010573],[-111.92840170024643,33.31078750036209],[-111.94032543148008,33.308583824438486]]]}"
Arizona,Maricopa,9739886023642447872,34119.2345068652,4293.506,202512,deployment,"{""type"":""Polygon"",""coordinates"":[[[-111.94032543148008,33.31926359790862],[-111.94032543148008,33.308583824438486],[-111.92840170024643,33.31078750036209],[-111.92840170024643,33.32146762885789],[-111.94032543148008,33.31926359790862]]]}"
Arizona,Maricopa,9739886058002186240,86833.18593639263,10316.671,202512,deployment,"{""type"":""Polygon"",""coordinates"":[[[-111.92840170024643,33.32146762885789],[-111.92840170024643,33.31078750036209],[-111.91647793030225,33.312989933245575],[-111.91647793030225,33.32367041650364],[-111.92840170024643,33.32146762885789]]]}"
Arizona,Maricopa,9739886092361924608,61505.96500536323,9958.276,202512,deployment,"{""type"":""Polygon"",""coordinates"":[[[-111.92840170024643,33.31078750036209],[-111.92840170024643,33.30010623010573],[-111.91647793030225,33.302308307882875],[-111.91647793030225,33.312989933245575],[-111.92840170024643,33.31078750036209]]]}"
Arizona,Maricopa,9739886126721662976,135892.61161761705,13740.232,202512,deployment,"{""type"":""Polygon"",""coordinates"":[[[-111.91647793030225,33.312989933245575],[-111.91647793030225,33.302308307882875],[-111.90455412316315,33.3045091426707],[-111.90455412316315,33.31519112287623],[-111.91647793030225,33.312989933245575]]]}"
Arizona,Maricopa,9739886161081401344,149772.335435691,6974.528,202512,deployment,"{""type"":""Polygon"",""coordinates"":[[[-111.91647793030225,33.32367041650364],[-111.91647793030225,33.312989933245575],[-111.90455412316315,33.31519112287623],[-111.90455412316315,33.32587196063319],[-111.91647793030225,33.32367041650364]]]}"
Arizona,Maricopa,9739886195441139712,152410.9530265079,10239.416,202512,deployment,"{""type"":""Polygon"",""coordinates"":[[[-111.91647793030225,33.334349756792626],[-111.91647793030225,33.32367041650364],[-111.90455412316315,33.32587196063319],[-111.90455412316315,33.33655165507718],[-111.91647793030225,33.334349756792626]]]}"
Arizona,Maricopa,9739886229800878080,37661.82061374437,9407.291,202512,deployment,"{""type"":""Polygon"",""coordinates"":[[[-111.92840170024643,33.33214661472871],[-111.92840170024643,33.32146762885789],[-111.91647793030225,33.32367041650364],[-111.91647793030225,33.334349756792626],[-111.92840170024643,33.33214661472871]]]}"
Arizona,Maricopa,9739886264160616448,92535.3754903639,21250.103,202512,deployment,"{""type"":""Polygon"",""coordinates"":[[[-111.92840170024643,33.342824457110716],[-111.92840170024643,33.33214661472871],[-111.91647793030225,33.334349756792626],[-111.91647793030225,33.34502795324875],[-111.92840170024643,33.342824457110716]]]}"
Arizona,Maricopa,9739886298520354816,116761.2301160006,-2245.028,202512,deployment,"{""type"":""Polygon"",""coordinates"":[[[-111.91647793030225,33.34502795324875],[-111.91647793030225,33.334349756792626],[-111.90455412316315,33.33655165507718],[-111.90455412316315,33.347230205344424],[-111.91647793030225,33.34502795324875]]]}"
Arizona,Maricopa,9739886332880093184,29172.9423381882,11088.974,202512,deployment,"{""type"":""Polygon"",""coordinates"":[[[-111.90455412316315,33.347230205344424],[-111.90455412316315,33.33655165507718],[-111.89263028034495,33.338752309370356],[-111.89263028034495,33.34943121318578],[-111.90455412316315,33.347230205344424]]]}"
Arizona,Maricopa,9739886367239831552,49454.6588075921,6616.56,202512,deployment,"{""type"":""Polygon"",""coordinates"":[[[-111.89263028034495,33.34943121318578],[-111.89263028034495,33.338752309370356],[-111.88070640336356,33.34095171946074],[-111.88070640336356,33.351630976561474],[-111.89263028034495,33.34943121318578]]]}"
Arizona,Maricopa,9739886401599569920,53747.172765196585,9384.723,202512,deployment,"{""type"":""Polygon"",""coordinates"":[[[-111.89263028034495,33.338752309370356],[-111.89263028034495,33.32807226103448],[-111.88070640336356,33.330271317496],[-111.88070640336356,33.34095171946074],[-111.89263028034495,33.338752309370356]]]}"
Arizona,Maricopa,9739886435959308288,63437.398743077996,16163.838,202512,deployment,"{""type"":""Polygon"",""coordinates"":[[[-111.90455412316315,33.33655165507718],[-111.90455412316315,33.32587196063319],[-111.89263028034495,33.32807226103448],[-111.89263028034495,33.338752309370356],[-111.90455412316315,33.33655165507718]]]}"
Arizona,Maricopa,9739886470319046656,87248.44252489528,8520.043,202512,deployment,"{""type"":""Polygon"",""coordinates"":[[[-111.90455412316315,33.32587196063319],[-111.90455412316315,33.31519112287623],[-111.89263028034495,33.31739106904188],[-111.89263028034495,33.32807226103448],[-111.90455412316315,33.32587196063319]]]}"
Arizona,Maricopa,9739886504678785024,99421.01270280746,10229.084,202512,deployment,"{""type"":""Polygon"",""coordinates"":[[[-111.90455412316315,33.31519112287623],[-111.90455412316315,33.3045091426707],[-111.89263028034495,33.30670873425698],[-111.89263028034495,33.31739106904188],[-111.90455412316315,33.31519112287623]]]}"
Arizona,Maricopa,9739886573398261760,72404.09935286331,3970.126,202512,deployment,"{""type"":""Polygon"",""coordinates"":[[[-111.89263028034495,33.32807226103448],[-111.89263028034495,33.31739106904188],[-111.88070640336356,33.319589771530985],[-111.88070640336356,33.330271317496],[-111.89263028034495,33.32807226103448]]]}"
Arizona,Maricopa,9739886607758000128,103851.61506780739,16262.751,202512,deployment,"{""type"":""Polygon"",""coordinates"":[[[-111.88070640336356,33.330271317496],[-111.88070640336356,33.319589771530985],[-111.86878249373518,33.321787230132536],[-111.86878249373518,33.33246912980684],[-111.88070640336356,33.330271317496]]]}"
Arizona,Maricopa,9739886642117738496,116841.7053070846,17211.535,202512,deployment,"{""type"":""Polygon"",""coordinates"":[[[-111.88070640336356,33.319589771530985],[-111.88070640336356,33.30890708243008],[-111.86878249373518,33.311104186978945],[-111.86878249373518,33.321787230132536],[-111.88070640336356,33.319589771530985]]]}"
Arizona,Maricopa,9739886676477476864,120151.61206460716,14127.776,202512,deployment,"{""type"":""Polygon"",""coordinates"":[[[-111.86878249373518,33.321787230132536],[-111.86878249373518,33.311104186978945],[-111.85685855297612,33.313300047693076],[-111.85685855297612,33.323983444636134],[-111.86878249373518,33.321787230132536]]]}"
Arizona,Maricopa,9739886710837215232,82208.13267589611,11602.422,202512,deployment,"{""type"":""Polygon"",""coordinates"":[[[-111.86878249373518,33.33246912980684],[-111.86878249373518,33.321787230132536],[-111.85685855297612,33.323983444636134],[-111.85685855297612,33.33466569775664],[-111.86878249373518,33.33246912980684]]]}"
Arizona,Maricopa,9739886745196953600,115501.41467479595,15356.001,202512,deployment,"{""type"":""Polygon"",""coordinates"":[[[-111.86878249373518,33.343149885137464],[-111.86878249373518,33.33246912980684],[-111.85685855297612,33.33466569775664],[-111.85685855297612,33.345346806190264],[-111.86878249373518,33.343149885137464]]]}"
Arizona,Maricopa,9739886779556691968,137965.19274033158,25763.036,202512,deployment,"{""type"":""Polygon"",""coordinates"":[[[-111.88070640336356,33.34095171946074],[-111.88070640336356,33.330271317496],[-111.86878249373518,33.33246912980684],[-111.86878249373518,33.343149885137464],[-111.88070640336356,33.34095171946074]]]}"
Arizona,Maricopa,9739886813916430336,153341.92286299975,28463.818,202512,deployment,"{""type"":""Polygon"",""coordinates"":[[[-111.88070640336356,33.351630976561474],[-111.88070640336356,33.34095171946074],[-111.86878249373518,33.343149885137464],[-111.86878249373518,33.353829495260726],[-111.88070640336356,33.351630976561474]]]}"
Arizona,Maricopa,9739886848276168704,114826.04769355016,15169.305,202512,deployment,"{""type"":""Polygon"",""coordinates"":[[[-111.86878249373518,33.353829495260726],[-111.86878249373518,33.343149885137464],[-111.85685855297612,33.345346806190264],[-111.85685855297612,33.356026769073324],[-111.86878249373518,33.353829495260726]]]}"
Arizona,Maricopa,9739886882635907072,80590.0243595751,10878.263,202512,deployment,"{""type"":""Polygon"",""coordinates"":[[[-111.86878249373518,33.36450795931355],[-111.86878249373518,33.353829495260726],[-111.85685855297612,33.356026769073324],[-111.85685855297612,33.36670558554277],[-111.86878249373518,33.36450795931355]]]}"
Arizona,Maricopa,9739886916995645440,69071.85250508731,8167.396,202512,deployment,"{""type"":""Polygon"",""coordinates"":[[[-111.86878249373518,33.37518527643356],[-111.86878249373518,33.36450795931355],[-111.85685855297612,33.36670558554277],[-111.85685855297612,33.37738325473624],[-111.86878249373518,33.37518527643356]]]}"
Arizona,Maricopa,9739886951355383808,142886.0331514507,26153.563,202512,deployment,"{""type"":""Polygon"",""coordinates"":[[[-111.88070640336356,33.37298605271931],[-111.88070640336356,33.362309087935145],[-111.86878249373518,33.36450795931355],[-111.86878249373518,33.37518527643356],[-111.88070640336356,33.37298605271931]]]}"
Arizona,Maricopa,9739886985715122176,120614.67978461954,25511.018,202512,deployment,"{""type"":""Polygon"",""coordinates"":[[[-111.88070640336356,33.362309087935145],[-111.88070640336356,33.351630976561474],[-111.86878249373518,33.353829495260726],[-111.86878249373518,33.36450795931355],[-111.88070640336356,33.362309087935145]]]}"
Arizona,Maricopa,9739887020074860544,10879.161955807933,1121.951,202512,deployment,"{""type"":""Polygon"",""coordinates"":[[[-111.89263028034495,33.360108971617656],[-111.89263028034495,33.34943121318578],[-111.88070640336356,33.351630976561474],[-111.88070640336356,33.362309087935145],[-111.89263028034495,33.360108971617656]]]}"
Arizona,Maricopa,9739887054434598912,78036.83947506429,16843.683,202512,deployment,"{""type"":""Polygon"",""coordinates"":[[[-111.90455412316315,33.357907610571814],[-111.90455412316315,33.347230205344424],[-111.89263028034495,33.34943121318578],[-111.89263028034495,33.360108971617656],[-111.90455412316315,33.357907610571814]]]}"
Arizona,Maricopa,9739887088794337280,62365.71202819214,21819.131,202512,deployment,"{""type"":""Polygon"",""coordinates"":[[[-111.90455412316315,33.368583869896874],[-111.90455412316315,33.357907610571814],[-111.89263028034495,33.360108971617656],[-111.89263028034495,33.37078558380353],[-111.90455412316315,33.368583869896874]]]}"
Arizona,Maricopa,9739887123154075648,46979.066169260965,11519.53,202512,deployment,"{""type"":""Polygon"",""coordinates"":[[[-111.89263028034495,33.37078558380353],[-111.89263028034495,33.360108971617656],[-111.88070640336356,33.362309087935145],[-111.88070640336356,33.37298605271931],[-111.89263028034495,33.37078558380353]]]}"
Arizona,Maricopa,9739887157513814016,103089.62146855624,16501.254,202512,deployment,"{""type"":""Polygon"",""coordinates"":[[[-111.89263028034495,33.38146104888165],[-111.89263028034495,33.37078558380353],[-111.88070640336356,33.37298605271931],[-111.88070640336356,33.38366187005223],[-111.89263028034495,33.38146104888165]]]}"
Arizona,Maricopa,9739887191873552384,109103.59946538489,15909.508,202512,deployment,"{""type"":""Polygon"",""coordinates"":[[[-111.90455412316315,33.37925898245782],[-111.90455412316315,33.368583869896874],[-111.89263028034495,33.37078558380353],[-111.89263028034495,33.38146104888165],[-111.90455412316315,33.37925898245782]]]}"
Arizona,Maricopa,9739887226233290752,10774.625544339855,1895.713,202512,deployment,"{""type"":""Polygon"",""coordinates"":[[[-111.90455412316315,33.38993294739349],[-111.90455412316315,33.37925898245782],[-111.89263028034495,33.38146104888165],[-111.89263028034495,33.39213536599084],[-111.90455412316315,33.38993294739349]]]}"
Arizona,Maricopa,9739887260593029120,88508.86154749771,30270.455,202512,deployment,"{""type"":""Polygon"",""coordinates"":[[[-111.89263028034495,33.39213536599084],[-111.89263028034495,33.38146104888165],[-111.88070640336356,33.38366187005223],[-111.88070640336356,33.394336539072775],[-111.89263028034495,33.39213536599084]]]}"
Arizona,Maricopa,9739887294952767488,169009.50580704,33514.82,202512,deployment,"{""type"":""Polygon"",""coordinates"":[[[-111.88070640336356,33.394336539072775],[-111.88070640336356,33.38366187005223],[-111.86878249373518,33.38586144575901],[-111.86878249373518,33.396536466428806],[-111.88070640336356,33.394336539072775]]]}"
Arizona,Maricopa,9739887329312505856,185793.46926058587,27876.36,202512,deployment,"{""type"":""Polygon"",""coordinates"":[[[-111.88070640336356,33.38366187005223],[-111.88070640336356,33.37298605271931],[-111.86878249373518,33.37518527643356],[-111.86878249373518,33.38586144575901],[-111.88070640336356,33.38366187005223]]]}"
Arizona,Maricopa,9739887363672244224,103274.77160943908,17502.217,202512,deployment,"{""type"":""Polygon"",""coordinates"":[[[-111.86878249373518,33.38586144575901],[-111.86878249373518,33.37518527643356],[-111.85685855297612,33.37738325473624],[-111.85685855297612,33.388059775792],[-111.86878249373518,33.38586144575901]]]}"
Arizona,Maricopa,9739887398031982592,113444.66675529622,19803.474,202512,deployment,"{""type"":""Polygon"",""coordinates"":[[[-111.86878249373518,33.396536466428806],[-111.86878249373518,33.38586144575901],[-111.85685855297612,33.388059775792],[-111.85685855297612,33.39873514784899],[-111.86878249373518,33.396536466428806]]]}"
Arizona,Maricopa,9739887432391720960,85007.84809594927,8554.921,202512,deployment,"{""type"":""Polygon"",""coordinates"":[[[-111.86878249373518,33.4072103375825],[-111.86878249373518,33.396536466428806],[-111.85685855297612,33.39873514784899],[-111.85685855297612,33.409409370046795],[-111.86878249373518,33.4072103375825]]]}"
Arizona,Maricopa,9739887466751459328,166977.57808538838,31484.801,202512,deployment,"{""type"":""Polygon"",""coordinates"":[[[-111.88070640336356,33.4050100589205],[-111.88070640336356,33.394336539072775],[-111.86878249373518,33.396536466428806],[-111.86878249373518,33.4072103375825],[-111.88070640336356,33.4050100589205]]]}"
Arizona,Maricopa,9739887501111197696,344366.45413156995,68527.27,202512,deployment,"{""type"":""Polygon"",""coordinates"":[[[-111.88070640336356,33.41568242873561],[-111.88070640336356,33.4050100589205],[-111.86878249373518,33.4072103375825],[-111.86878249373518,33.417883058360324],[-111.88070640336356,33.41568242873561]]]}"
Arizona,Maricopa,9739887535470936064,31445.03383291484,5184.994,202512,deployment,"{""type"":""Polygon"",""coordinates"":[[[-111.86878249373518,33.417883058360324],[-111.86878249373518,33.4072103375825],[-111.85685855297612,33.409409370046795],[-111.85685855297612,33.42008244152564],[-111.86878249373518,33.417883058360324]]]}"
Arizona,Maricopa,9739887569830674432,85202.20205229711,18270.892,202512,deployment,"{""type"":""Polygon"",""coordinates"":[[[-111.86878249373518,33.42855462790315],[-111.86878249373518,33.417883058360324],[-111.85685855297612,33.42008244152564],[-111.85685855297612,33.430754361426445],[-111.86878249373518,33.42855462790315]]]}"
Arizona,Maricopa,9739887604190412800,33665.255769375915,6528.322,202512,deployment,"{""type"":""Polygon"",""coordinates"":[[[-111.86878249373518,33.439225045352494],[-111.86878249373518,33.42855462790315],[-111.85685855297612,33.430754361426445],[-111.85685855297612,33.44142512889074],[-111.86878249373518,33.439225045352494]]]}"
Arizona,Maricopa,9739887638550151168,91268.65912294536,19641.826,202512,deployment,"{""type"":""Polygon"",""coordinates"":[[[-111.88070640336356,33.43702371483195],[-111.88070640336356,33.426353647658914],[-111.86878249373518,33.42855462790315],[-111.86878249373518,33.439225045352494],[-111.88070640336356,33.43702371483195]]]}"
Arizona,Maricopa,9739887672909889536,160988.07033041483,45059.365,202512,deployment,"{""type"":""Polygon"",""coordinates"":[[[-111.88070640336356,33.426353647658914],[-111.88070640336356,33.41568242873561],[-111.86878249373518,33.417883058360324],[-111.86878249373518,33.42855462790315],[-111.88070640336356,33.426353647658914]]]}"
Arizona,Maricopa,9739887707269627904,176299.4737546953,56192.452,202512,deployment,"{""type"":""Polygon"",""coordinates"":[[[-111.89263028034495,33.42415142090346],[-111.89263028034495,33.41348055286125],[-111.88070640336356,33.41568242873561],[-111.88070640336356,33.426353647658914],[-111.89263028034495,33.42415142090346]]]}"
Arizona,Maricopa,9739887741629366272,101226.85071266348,26009.392,202512,deployment,"{""type"":""Polygon"",""coordinates"":[[[-111.89263028034495,33.434821137538776],[-111.89263028034495,33.42415142090346],[-111.88070640336356,33.426353647658914],[-111.88070640336356,33.43702371483195],[-111.89263028034495,33.434821137538776]]]}"
Arizona,Maricopa,9739887775989104640,137239.65604722654,27647.574,202512,deployment,"{""type"":""Polygon"",""coordinates"":[[[-111.90455412316315,33.43261731368316],[-111.90455412316315,33.42194794784707],[-111.89263028034495,33.42415142090346],[-111.89263028034495,33.434821137538776],[-111.90455412316315,33.43261731368316]]]}"
Arizona,Maricopa,9739887810348843008,209309.08843891878,54813.319,202512,deployment,"{""type"":""Polygon"",""coordinates"":[[[-111.90455412316315,33.42194794784707],[-111.90455412316315,33.411277430947635],[-111.89263028034495,33.41348055286125],[-111.89263028034495,33.42415142090346],[-111.90455412316315,33.42194794784707]]]}"
Arizona,Maricopa,9739887844708581376,194590.3380395319,-5713.499,202512,deployment,"{""type"":""Polygon"",""coordinates"":[[[-111.90455412316315,33.411277430947635],[-111.90455412316315,33.40060576384337],[-111.89263028034495,33.402808534270655],[-111.89263028034495,33.41348055286125],[-111.90455412316315,33.411277430947635]]]}"
Arizona,Maricopa,9739887879068319744,268653.6239500393,2001.188,202512,deployment,"{""type"":""Polygon"",""coordinates"":[[[-111.89263028034495,33.41348055286125],[-111.89263028034495,33.402808534270655],[-111.88070640336356,33.4050100589205],[-111.88070640336356,33.41568242873561],[-111.89263028034495,33.41348055286125]]]}"
Arizona,Maricopa,9739887913428058112,64331.05478540928,20681.038,202512,deployment,"{""type"":""Polygon"",""coordinates"":[[[-111.89263028034495,33.402808534270655],[-111.89263028034495,33.39213536599084],[-111.88070640336356,33.394336539072775],[-111.88070640336356,33.4050100589205],[-111.89263028034495,33.402808534270655]]]}"
Arizona,Maricopa,9739887947787796480,87748.23715941659,26170.107,202512,deployment,"{""type"":""Polygon"",""coordinates"":[[[-111.90455412316315,33.40060576384337],[-111.90455412316315,33.38993294739349],[-111.89263028034495,33.39213536599084],[-111.89263028034495,33.402808534270655],[-111.90455412316315,33.40060576384337]]]}"
Arizona,Maricopa,9739887982147534848,265124.31056081114,44811.492,202512,deployment,"{""type"":""Polygon"",""coordinates"":[[[-111.91647793030225,33.39840174784967],[-111.91647793030225,33.38772928349179],[-111.90455412316315,33.38993294739349],[-111.90455412316315,33.40060576384337],[-111.91647793030225,33.39840174784967]]]}"
Arizona,Maricopa,9739888016507273216,471405.79518355126,52286.038,202512,deployment,"{""type"":""Polygon"",""coordinates"":[[[-111.91647793030225,33.409073063205675],[-111.91647793030225,33.39840174784967],[-111.90455412316315,33.40060576384337],[-111.90455412316315,33.411277430947635],[-111.91647793030225,33.409073063205675]]]}"
Arizona,Maricopa,9739888050867011584,289313.90166153025,59932.474,202512,deployment,"{""type"":""Polygon"",""coordinates"":[[[-111.92840170024643,33.406867449846885],[-111.92840170024643,33.396196486501104],[-111.91647793030225,33.39840174784967],[-111.91647793030225,33.409073063205675],[-111.92840170024643,33.406867449846885]]]}"
Arizona,Maricopa,9739888085226749952,207010.02339042063,45505.649,202512,deployment,"{""type"":""Polygon"",""coordinates"":[[[-111.92840170024643,33.396196486501104],[-111.92840170024643,33.385524374497386],[-111.91647793030225,33.38772928349179],[-111.91647793030225,33.39840174784967],[-111.92840170024643,33.396196486501104]]]}"
Arizona,Maricopa,9739888119586488320,150963.5664806571,22768.845,202512,deployment,"{""type"":""Polygon"",""coordinates"":[[[-111.94032543148008,33.39398998000986],[-111.94032543148008,33.38331822062252],[-111.92840170024643,33.385524374497386],[-111.92840170024643,33.396196486501104],[-111.94032543148008,33.39398998000986]]]}"
Arizona,Maricopa,9739888153946226688,113840.77287582893,25185.39,202512,deployment,"{""type"":""Polygon"",""coordinates"":[[[-111.9522491224878,33.39178222858866],[-111.9522491224878,33.38111082208001],[-111.94032543148008,33.38331822062252],[-111.94032543148008,33.39398998000986],[-111.9522491224878,33.39178222858866]]]}"
Arizona,Maricopa,9739888188305965056,114905.81379009086,20424.693,202512,deployment,"{""type"":""Polygon"",""coordinates"":[[[-111.9522491224878,33.40245248712773],[-111.9522491224878,33.39178222858866],[-111.94032543148008,33.39398998000986],[-111.94032543148008,33.40466059108335],[-111.9522491224878,33.40245248712773]]]}"
Arizona,Maricopa,9739888222665703424,114029.97600044942,13840.857,202512,deployment,"{""type"":""Polygon"",""coordinates"":[[[-111.94032543148008,33.40466059108335],[-111.94032543148008,33.39398998000986],[-111.92840170024643,33.396196486501104],[-111.92840170024643,33.406867449846885],[-111.94032543148008,33.40466059108335]]]}"
Arizona,Maricopa,9739888257025441792,501172.74260167143,85589.794,202512,deployment,"{""type"":""Polygon"",""coordinates"":[[[-111.94032543148008,33.415330052983734],[-111.94032543148008,33.40466059108335],[-111.92840170024643,33.406867449846885],[-111.92840170024643,33.41753726367548],[-111.94032543148008,33.415330052983734]]]}"
Arizona,Maricopa,9739888291385180160,266690.82100185624,56088.364,202512,deployment,"{""type"":""Polygon"",""coordinates"":[[[-111.9522491224878,33.41312159683796],[-111.9522491224878,33.40245248712773],[-111.94032543148008,33.40466059108335],[-111.94032543148008,33.415330052983734],[-111.9522491224878,33.41312159683796]]]}"
Arizona,Maricopa,9739888325744918528,342105.84793391346,51744.187,202512,deployment,"{""type"":""Polygon"",""coordinates"":[[[-111.9522491224878,33.423789556860704],[-111.9522491224878,33.41312159683796],[-111.94032543148008,33.415330052983734],[-111.94032543148008,33.425998364852425],[-111.9522491224878,33.423789556860704]]]}"
Arizona,Maricopa,9739888360104656896,391252.23806818016,76477.684,202512,deployment,"{""type"":""Polygon"",""coordinates"":[[[-111.94032543148008,33.425998364852425],[-111.94032543148008,33.415330052983734],[-111.92840170024643,33.41753726367548],[-111.92840170024643,33.42820592712832],[-111.94032543148008,33.425998364852425]]]}"
Arizona,Maricopa,9739888394464395264,387461.04268511647,77865.413,202512,deployment,"{""type"":""Polygon"",""coordinates"":[[[-111.92840170024643,33.42820592712832],[-111.92840170024643,33.41753726367548],[-111.91647793030225,33.4197432287006],[-111.91647793030225,33.43041224347588],[-111.92840170024643,33.42820592712832]]]}"
Arizona,Maricopa,9739888428824133632,423204.9013339328,102206.765,202512,deployment,"{""type"":""Polygon"",""coordinates"":[[[-111.92840170024643,33.41753726367548],[-111.92840170024643,33.406867449846885],[-111.91647793030225,33.409073063205675],[-111.91647793030225,33.4197432287006],[-111.92840170024643,33.41753726367548]]]}"
Arizona,Maricopa,9739888463183872000,528829.0501881909,70236.989,202512,deployment,"{""type"":""Polygon"",""coordinates"":[[[-111.91647793030225,33.4197432287006],[-111.91647793030225,33.409073063205675],[-111.90455412316315,33.411277430947635],[-111.90455412316315,33.42194794784707],[-111.91647793030225,33.4197432287006]]]}"
Arizona,Maricopa,9739888497543610368,646150.1101623896,106130.686,202512,deployment,"{""type"":""Polygon"",""coordinates"":[[[-111.91647793030225,33.43041224347588],[-111.91647793030225,33.4197432287006],[-111.90455412316315,33.42194794784707],[-111.90455412316315,33.43261731368316],[-111.91647793030225,33.43041224347588]]]}"
Arizona,Maricopa,9739888531903348736,484516.52343461063,76620.686,202512,deployment,"{""type"":""Polygon"",""coordinates"":[[[-111.91647793030225,33.4410801066736],[-111.91647793030225,33.43041224347588],[-111.90455412316315,33.43261731368316],[-111.90455412316315,33.443285527597986],[-111.91647793030225,33.4410801066736]]]}"
Arizona,Maricopa,9739888566263087104,385540.4290462985,63357.648,202512,deployment,"{""type"":""Polygon"",""coordinates"":[[[-111.91647793030225,33.45174681743652],[-111.91647793030225,33.4410801066736],[-111.90455412316315,33.443285527597986],[-111.90455412316315,33.453952588734346],[-111.91647793030225,33.45174681743652]]]}"
Arizona,Maricopa,9739888600622825472,256762.26646365406,34209.915,202512,deployment,"{""type"":""Polygon"",""coordinates"":[[[-111.92840170024643,33.449539799475644],[-111.92840170024643,33.43887343934746],[-111.91647793030225,33.4410801066736],[-111.91647793030225,33.45174681743652],[-111.92840170024643,33.449539799475644]]]}"
Arizona,Maricopa,9739888634982563840,260168.69181034702,52760.713,202512,deployment,"{""type"":""Polygon"",""coordinates"":[[[-111.92840170024643,33.43887343934746],[-111.92840170024643,33.42820592712832],[-111.91647793030225,33.43041224347588],[-111.91647793030225,33.4410801066736],[-111.92840170024643,33.43887343934746]]]}"
Arizona,Maricopa,9739888669342302208,264178.785589895,37472.962,202512,deployment,"{""type"":""Polygon"",""coordinates"":[[[-111.94032543148008,33.43666552583144],[-111.94032543148008,33.425998364852425],[-111.92840170024643,33.42820592712832],[-111.92840170024643,33.43887343934746],[-111.94032543148008,33.43666552583144]]]}"
Arizona,Maricopa,9739888703702040576,279516.2978321068,45693.062,202512,deployment,"{""type"":""Polygon"",""coordinates"":[[[-111.9522491224878,33.43445636633799],[-111.9522491224878,33.423789556860704],[-111.94032543148008,33.425998364852425],[-111.94032543148008,33.43666552583144],[-111.9522491224878,33.43445636633799]]]}"
Arizona,Maricopa,9739888738061778944,319383.19755266554,38509.032,202512,deployment,"{""type"":""Polygon"",""coordinates"":[[[-111.9522491224878,33.44512202441251],[-111.9522491224878,33.43445636633799],[-111.94032543148008,33.43666552583144],[-111.94032543148008,33.44733153506352],[-111.9522491224878,33.44512202441251]]]}"
Arizona,Maricopa,9739888772421517312,180191.57647782937,17804.076,202512,deployment,"{""type"":""Polygon"",""coordinates"":[[[-111.94032543148008,33.44733153506352],[-111.94032543148008,33.43666552583144],[-111.92840170024643,33.43887343934746],[-111.92840170024643,33.449539799475644],[-111.94032543148008,33.44733153506352]]]}"
Arizona,Maricopa,9739888806781255680,60370.23068765244,3034.632,202512,deployment,"{""type"":""Polygon"",""coordinates"":[[[-111.94032543148008,33.45799639169199],[-111.94032543148008,33.44733153506352],[-111.92840170024643,33.449539799475644],[-111.92840170024643,33.460205006656246],[-111.94032543148008,33.45799639169199]]]}"
Arizona,Maricopa,9739888875500732416,434639.78371679696,64413.974,202512,deployment,"{""type"":""Polygon"",""coordinates"":[[[-111.9522491224878,33.46644988292723],[-111.9522491224878,33.4557865302276],[-111.94032543148008,33.45799639169199],[-111.94032543148008,33.46866009486088],[-111.9522491224878,33.46644988292723]]]}"
Arizona,Maricopa,9739888909860470784,270241.7218964575,43788.984,202512,deployment,"{""type"":""Polygon"",""coordinates"":[[[-111.94032543148008,33.46866009486088],[-111.94032543148008,33.45799639169199],[-111.92840170024643,33.460205006656246],[-111.92840170024643,33.47086906003329],[-111.94032543148008,33.46866009486088]]]}"
Arizona,Maricopa,9739888944220209152,435438.43305152655,74082.917,202512,deployment,"{""type"":""Polygon"",""coordinates"":[[[-111.92840170024643,33.47086906003329],[-111.92840170024643,33.460205006656246],[-111.91647793030225,33.46241237490804],[-111.91647793030225,33.47307677823221],[-111.92840170024643,33.47086906003329]]]}"
Arizona,Maricopa,9739888978579947520,209583.9728833614,28810.226,202512,deployment,"{""type"":""Polygon"",""coordinates"":[[[-111.92840170024643,33.460205006656246],[-111.92840170024643,33.449539799475644],[-111.91647793030225,33.45174681743652],[-111.91647793030225,33.46241237490804],[-111.92840170024643,33.460205006656246]]]}"
Arizona,Maricopa,9739889012939685888,351431.9330428033,65239.893,202512,deployment,"{""type"":""Polygon"",""coordinates"":[[[-111.91647793030225,33.46241237490804],[-111.91647793030225,33.45174681743652],[-111.90455412316315,33.453952588734346],[-111.90455412316315,33.46461849623565],[-111.91647793030225,33.46241237490804]]]}"
Arizona,Maricopa,9739889047299424256,601172.3559777441,128771.425,202512,deployment,"{""type"":""Polygon"",""coordinates"":[[[-111.91647793030225,33.47307677823221],[-111.91647793030225,33.46241237490804],[-111.90455412316315,33.46461849623565],[-111.90455412316315,33.47528324924599],[-111.91647793030225,33.47307677823221]]]}"
Arizona,Maricopa,9739889081659162624,220229.38894169073,51790.209,202512,deployment,"{""type"":""Polygon"",""coordinates"":[[[-111.90455412316315,33.47528324924599],[-111.90455412316315,33.46461849623565],[-111.89263028034495,33.46682337042793],[-111.89263028034495,33.47748847286355],[-111.90455412316315,33.47528324924599]]]}"
Arizona,Maricopa,9739889116018900992,3592.9072946873507,3592.907,202512,deployment,"{""type"":""Polygon"",""coordinates"":[[[-111.89263028034495,33.47748847286355],[-111.89263028034495,33.46682337042793],[-111.88070640336356,33.469026997274305],[-111.88070640336356,33.47969244887439],[-111.89263028034495,33.47748847286355]]]}"
Arizona,Maricopa,9739889150378639360,36032.213579143085,2807.846,202512,deployment,"{""type"":""Polygon"",""coordinates"":[[[-111.89263028034495,33.46682337042793],[-111.89263028034493,33.456157113157886],[-111.88070640336356,33.45836039049651],[-111.88070640336356,33.469026997274305],[-111.89263028034495,33.46682337042793]]]}"
Arizona,Maricopa,9739889184738377728,257531.09020308332,63165.048,202512,deployment,"{""type"":""Polygon"",""coordinates"":[[[-111.90455412316315,33.46461849623565],[-111.90455412316315,33.453952588734346],[-111.89263028034493,33.456157113157886],[-111.89263028034495,33.46682337042793],[-111.90455412316315,33.46461849623565]]]}"
Arizona,Maricopa,9739889219098116096,589.4402605455753,589.44,202512,deployment,"{""type"":""Polygon"",""coordinates"":[[[-111.90455412316315,33.453952588734346],[-111.90455412316315,33.443285527597986],[-111.89263028034495,33.44548970190932],[-111.89263028034493,33.456157113157886],[-111.90455412316315,33.453952588734346]]]}"
Arizona,Maricopa,9739889322177331200,13039.28210403585,1889.587,202512,deployment,"{""type"":""Polygon"",""coordinates"":[[[-111.89263028034493,33.456157113157886],[-111.89263028034495,33.44548970190932],[-111.88070640336356,33.44769262939688],[-111.88070640336356,33.45836039049651],[-111.89263028034493,33.456157113157886]]]}"
Arizona,Maricopa,9739889768853929984,3936.4921628858765,1923.997,202512,deployment,"{""type"":""Polygon"",""coordinates"":[[[-111.89263028034495,33.48815241960949],[-111.89263028034495,33.47748847286355],[-111.88070640336356,33.47969244887439],[-111.88070640336356,33.490356744441534],[-111.89263028034495,33.48815241960949]]]}"
Arizona,Maricopa,9739889803213668352,40725.77046015132,5181.499,202512,deployment,"{""type"":""Polygon"",""coordinates"":[[[-111.90455412316315,33.48594684691009],[-111.90455412316315,33.47528324924599],[-111.89263028034495,33.47748847286355],[-111.89263028034495,33.48815241960949],[-111.90455412316315,33.48594684691009]]]}"
Arizona,Maricopa,9739889837573406720,45017.075434667466,6562.141,202512,deployment,"{""type"":""Polygon"",""coordinates"":[[[-111.90455412316315,33.496609288373335],[-111.90455412316315,33.48594684691009],[-111.89263028034495,33.48815241960949],[-111.89263028034495,33.498815209811184],[-111.90455412316315,33.496609288373335]]]}"
Arizona,Maricopa,9739889871933145088,3447.94609763803,1838.117,202512,deployment,"{""type"":""Polygon"",""coordinates"":[[[-111.89263028034495,33.498815209811184],[-111.89263028034495,33.48815241960949],[-111.88070640336356,33.490356744441534],[-111.88070640336356,33.501019883121195],[-111.89263028034495,33.498815209811184]]]}"
Arizona,Maricopa,9739889906292883456,3646.287737377139,1987.815,202512,deployment,"{""type"":""Polygon"",""coordinates"":[[[-111.89263028034495,33.50947684261468],[-111.89263028034495,33.498815209811184],[-111.88070640336356,33.501019883121195],[-111.88070640336356,33.51168186405945],[-111.89263028034495,33.50947684261468]]]}"
Arizona,Maricopa,9739889940652621824,33323.523172218614,4846.981,202512,deployment,"{""type"":""Polygon"",""coordinates"":[[[-111.90455412316315,33.50727057278177],[-111.90455412316315,33.496609288373335],[-111.89263028034495,33.498815209811184],[-111.89263028034495,33.50947684261468],[-111.90455412316315,33.50727057278177]]]}"
Arizona,Maricopa,9739889975012360192,48566.66156974772,6489.753,202512,deployment,"{""type"":""Polygon"",""coordinates"":[[[-111.90455412316315,33.51793069928209],[-111.90455412316315,33.50727057278177],[-111.89263028034495,33.50947684261468],[-111.89263028034493,33.5201373171667],[-111.90455412316315,33.51793069928209]]]}"
Arizona,Maricopa,9739890009372098560,3844.5512551290344,3844.551,202512,deployment,"{""type"":""Polygon"",""coordinates"":[[[-111.89263028034493,33.5201373171667],[-111.89263028034495,33.50947684261468],[-111.88070640336356,33.51168186405945],[-111.88070640336356,33.522342686403036],[-111.89263028034493,33.5201373171667]]]}"
Arizona,Maricopa,9739890456048697344,28326.649526867557,6552.932,202512,deployment,"{""type"":""Polygon"",""coordinates"":[[[-111.89263028034495,33.55211178279102],[-111.89263028034495,33.54145478810651],[-111.88070640336356,33.54366085189651],[-111.88070640336356,33.55431819334316],[-111.89263028034495,33.55211178279102]]]}"
Arizona,Maricopa,9739890490408435712,26794.701383812848,9103.637,202512,deployment,"{""type"":""Polygon"",""coordinates"":[[[-111.89263028034495,33.562767615817506],[-111.89263028034495,33.55211178279102],[-111.88070640336356,33.55431819334316],[-111.88070640336356,33.56497437278869],[-111.89263028034495,33.562767615817506]]]}"
Arizona,Maricopa,9739890524768174080,157204.38806375497,37222.506,202512,deployment,"{""type"":""Polygon"",""coordinates"":[[[-111.90455412316315,33.56055960915925],[-111.90455412316315,33.54990412281125],[-111.89263028034495,33.55211178279102],[-111.89263028034495,33.562767615817506],[-111.90455412316315,33.56055960915925]]]}"
Arizona,Maricopa,9739890559127912448,79172.21300152571,15976.422,202512,deployment,"{""type"":""Polygon"",""coordinates"":[[[-111.90455412316315,33.54990412281125],[-111.90455412316315,33.5392474751485],[-111.89263028034495,33.54145478810651],[-111.89263028034495,33.55211178279102],[-111.90455412316315,33.54990412281125]]]}"
Arizona,Maricopa,9739890593487650816,65761.0621685704,12156.749,202512,deployment,"{""type"":""Polygon"",""coordinates"":[[[-111.90455412316315,33.5392474751485],[-111.90455412316315,33.52858966702167],[-111.89263028034495,33.53079663261463],[-111.89263028034495,33.54145478810651],[-111.90455412316315,33.5392474751485]]]}"
Arizona,Maricopa,9739890627847389184,65669.09731026422,13705.774,202512,deployment,"{""type"":""Polygon"",""coordinates"":[[[-111.89263028034495,33.54145478810651],[-111.89263028034495,33.53079663261463],[-111.88070640336356,33.53300234929937],[-111.88070640336356,33.54366085189651],[-111.89263028034495,33.54145478810651]]]}"
Arizona,Maricopa,9739890662207127552,3638.4571566564864,1948.278,202512,deployment,"{""type"":""Polygon"",""coordinates"":[[[-111.89263028034495,33.53079663261463],[-111.89263028034493,33.5201373171667],[-111.88070640336356,33.522342686403036],[-111.88070640336356,33.53300234929937],[-111.89263028034495,33.53079663261463]]]}"
Arizona,Maricopa,9739890696566865920,43636.39851528734,6892.063,202512,deployment,"{""type"":""Polygon"",""coordinates"":[[[-111.90455412316315,33.52858966702167],[-111.90455412316315,33.51793069928209],[-111.89263028034493,33.5201373171667],[-111.89263028034495,33.53079663261463],[-111.90455412316315,33.52858966702167]]]}"
Arizona,Maricopa,9739890730926604288,266159.8708030243,60134.863,202512,deployment,"{""type"":""Polygon"",""coordinates"":[[[-111.91647793030225,33.52638145273062],[-111.91647793030225,33.51572283295943],[-111.90455412316315,33.51793069928209],[-111.90455412316315,33.52858966702167],[-111.91647793030225,33.52638145273062]]]}"
Arizona,Maricopa,9739890765286342656,188326.24395057125,37092.921,202512,deployment,"{""type"":""Polygon"",""coordinates"":[[[-111.92840170024643,33.5241719899522],[-111.92840170024643,33.51351371840951],[-111.91647793030225,33.51572283295943],[-111.91647793030225,33.52638145273062],[-111.92840170024643,33.5241719899522]]]}"
Arizona,Maricopa,9739890799646081024,167128.11885179963,36309.935,202512,deployment,"{""type"":""Polygon"",""coordinates"":[[[-111.92840170024643,33.53482910256929],[-111.92840170024643,33.5241719899522],[-111.91647793030225,33.52638145273062],[-111.91647793030225,33.53703891323254],[-111.92840170024643,33.53482910256929]]]}"
Arizona,Maricopa,9739890834005819392,228398.29999918846,51903.033,202512,deployment,"{""type"":""Polygon"",""coordinates"":[[[-111.91647793030225,33.53703891323254],[-111.91647793030225,33.52638145273062],[-111.90455412316315,33.52858966702167],[-111.90455412316315,33.5392474751485],[-111.91647793030225,33.53703891323254]]]}"
Arizona,Maricopa,9739890868365557760,176903.41428890708,44048.128,202512,deployment,"{""type"":""Polygon"",""coordinates"":[[[-111.91647793030225,33.54769521361385],[-111.91647793030225,33.53703891323254],[-111.90455412316315,33.5392474751485],[-111.90455412316315,33.54990412281125],[-111.91647793030225,33.54769521361385]]]}"
Arizona,Maricopa,9739890902725296128,12465.344560181844,4621.916,202512,deployment,"{""type"":""Polygon"",""coordinates"":[[[-111.91647793030225,33.55835035302383],[-111.91647793030225,33.54769521361385],[-111.90455412316315,33.54990412281125],[-111.90455412316315,33.56055960915925],[-111.91647793030225,33.55835035302383]]]}"
Arizona,Maricopa,9739890937085034496,134875.90157444635,39794.116,202512,deployment,"{""type"":""Polygon"",""coordinates"":[[[-111.92840170024643,33.55613984762178],[-111.92840170024643,33.54548505540939],[-111.91647793030225,33.54769521361385],[-111.91647793030225,33.55835035302383],[-111.92840170024643,33.55613984762178]]]}"
Arizona,Maricopa,9739890971444772864,163456.8712365154,41568.576,202512,deployment,"{""type"":""Polygon"",""coordinates"":[[[-111.92840170024643,33.54548505540939],[-111.92840170024643,33.53482910256929],[-111.91647793030225,33.53703891323254],[-111.91647793030225,33.54769521361385],[-111.92840170024643,33.54548505540939]]]}"
Arizona,Maricopa,9739891005804511232,30791.866436006032,7658.66,202512,deployment,"{""type"":""Polygon"",""coordinates"":[[[-111.94032543148008,33.543273648409034],[-111.94032543148008,33.532618043369965],[-111.92840170024643,33.53482910256929],[-111.92840170024643,33.54548505540939],[-111.94032543148008,33.543273648409034]]]}"
Arizona,Maricopa,9739891040164249600,20236.89129870062,6535.113,202512,deployment,"{""type"":""Polygon"",""coordinates"":[[[-111.94032543148008,33.55392809316416],[-111.94032543148008,33.543273648409034],[-111.92840170024643,33.54548505540939],[-111.92840170024643,33.55613984762178],[-111.94032543148008,33.55392809316416]]]}"
Arizona,Maricopa,9739891074523987968,5848.498659920909,2192.377,202512,deployment,"{""type"":""Polygon"",""coordinates"":[[[-111.9522491224878,33.55171508986264],[-111.9522491224878,33.54106099282449],[-111.94032543148008,33.543273648409034],[-111.94032543148008,33.55392809316416],[-111.9522491224878,33.55171508986264]]]}"
Arizona,Maricopa,9739891108883726336,27323.683071456893,27323.683,202512,deployment,"{""type"":""Polygon"",""coordinates"":[[[-111.9522491224878,33.54106099282449],[-111.9522491224878,33.53040573584637],[-111.94032543148008,33.532618043369965],[-111.94032543148008,33.543273648409034],[-111.9522491224878,33.54106099282449]]]}"
Arizona,Maricopa,9739891143243464704,95339.52056932334,26411.399,202512,deployment,"{""type"":""Polygon"",""coordinates"":[[[-111.9522491224878,33.53040573584637],[-111.9522491224878,33.51974931977904],[-111.94032543148008,33.52196127889771],[-111.94032543148008,33.532618043369965],[-111.9522491224878,33.53040573584637]]]}"
Arizona,Maricopa,9739891177603203072,94490.00858799672,27247.578,202512,deployment,"{""type"":""Polygon"",""coordinates"":[[[-111.94032543148008,33.532618043369965],[-111.94032543148008,33.52196127889771],[-111.92840170024643,33.5241719899522],[-111.92840170024643,33.53482910256929],[-111.94032543148008,33.532618043369965]]]}"
Arizona,Maricopa,9739891211962941440,19033.42661704035,4205.168,202512,deployment,"{""type"":""Polygon"",""coordinates"":[[[-111.94032543148008,33.52196127889771],[-111.94032543148008,33.511303355843694],[-111.92840170024643,33.51351371840951],[-111.92840170024643,33.5241719899522],[-111.94032543148008,33.52196127889771]]]}"
Arizona,Maricopa,9739891246322679808,43758.61274496605,14251.998,202512,deployment,"{""type"":""Polygon"",""coordinates"":[[[-111.9522491224878,33.51974931977904],[-111.9522491224878,33.50909174547394],[-111.94032543148008,33.511303355843694],[-111.94032543148008,33.52196127889771],[-111.9522491224878,33.51974931977904]]]}"
Arizona,Maricopa,9739891280682418176,217976.4877681429,49100.116,202512,deployment,"{""type"":""Polygon"",""coordinates"":[[[-111.9522491224878,33.50909174547394],[-111.9522491224878,33.498433013783135],[-111.94032543148008,33.500644275059955],[-111.94032543148008,33.511303355843694],[-111.9522491224878,33.50909174547394]]]}"
Arizona,Maricopa,9739891315042156544,157410.74600278377,21493.402,202512,deployment,"{""type"":""Polygon"",""coordinates"":[[[-111.9522491224878,33.498433013783135],[-111.9522491224878,33.48777312555937],[-111.94032543148008,33.48998403739921],[-111.94032543148008,33.500644275059955],[-111.9522491224878,33.498433013783135]]]}"
Arizona,Maricopa,9739891349401894912,490023.8791462896,68865.175,202512,deployment,"{""type"":""Polygon"",""coordinates"":[[[-111.94032543148008,33.500644275059955],[-111.94032543148008,33.48998403739921],[-111.92840170024643,33.492193701956126],[-111.92840170024643,33.50285428879325],[-111.94032543148008,33.500644275059955]]]}"
Arizona,Maricopa,9739891383761633280,197757.8836064057,37059.979,202512,deployment,"{""type"":""Polygon"",""coordinates"":[[[-111.94032543148008,33.511303355843694],[-111.94032543148008,33.500644275059955],[-111.92840170024643,33.50285428879325],[-111.92840170024643,33.51351371840951],[-111.94032543148008,33.511303355843694]]]}"
Arizona,Maricopa,9739891418121371648,253054.70179804205,45630.162,202512,deployment,"{""type"":""Polygon"",""coordinates"":[[[-111.92840170024643,33.51351371840951],[-111.92840170024643,33.50285428879325],[-111.91647793030225,33.50506305477101],[-111.91647793030225,33.51572283295943],[-111.92840170024643,33.51351371840951]]]}"
Arizona,Maricopa,9739891452481110016,261544.1472530542,57668.536,202512,deployment,"{""type"":""Polygon"",""coordinates"":[[[-111.91647793030225,33.51572283295943],[-111.91647793030225,33.50506305477101],[-111.90455412316315,33.50727057278177],[-111.90455412316315,33.51793069928209],[-111.91647793030225,33.51572283295943]]]}"
Arizona,Maricopa,9739891486840848384,408951.4191564829,82929.628,202512,deployment,"{""type"":""Polygon"",""coordinates"":[[[-111.91647793030225,33.50506305477101],[-111.91647793030225,33.494402119018005],[-111.90455412316315,33.496609288373335],[-111.90455412316315,33.50727057278177],[-111.91647793030225,33.50506305477101]]]}"
Arizona,Maricopa,9739891521200586752,649781.860264832,97543.68,202512,deployment,"{""type"":""Polygon"",""coordinates"":[[[-111.92840170024643,33.50285428879325],[-111.92840170024643,33.492193701956126],[-111.91647793030225,33.494402119018005],[-111.91647793030225,33.50506305477101],[-111.92840170024643,33.50285428879325]]]}"
Arizona,Maricopa,9739891555560325120,347199.95018162066,53365.068,202512,deployment,"{""type"":""Polygon"",""coordinates"":[[[-111.92840170024643,33.492193701956126],[-111.92840170024643,33.48153195875146],[-111.91647793030225,33.48374002655374],[-111.91647793030225,33.494402119018005],[-111.92840170024643,33.492193701956126]]]}"
Arizona,Maricopa,9739891589920063488,431960.58437957795,85848.249,202512,deployment,"{""type"":""Polygon"",""coordinates"":[[[-111.91647793030225,33.494402119018005],[-111.91647793030225,33.48374002655374],[-111.90455412316315,33.48594684691009],[-111.90455412316315,33.496609288373335],[-111.91647793030225,33.494402119018005]]]}"
Arizona,Maricopa,9739891624279801856,413730.78806970397,84311.459,202512,deployment,"{""type"":""Polygon"",""coordinates"":[[[-111.91647793030225,33.48374002655374],[-111.91647793030225,33.47307677823221],[-111.90455412316315,33.47528324924599],[-111.90455412316315,33.48594684691009],[-111.91647793030225,33.48374002655374]]]}"
Arizona,Maricopa,9739891658639540224,340968.41914456,58665.19,202512,deployment,"{""type"":""Polygon"",""coordinates"":[[[-111.92840170024643,33.48153195875146],[-111.92840170024643,33.47086906003329],[-111.91647793030225,33.47307677823221],[-111.91647793030225,33.48374002655374],[-111.92840170024643,33.48153195875146]]]}"
Arizona,Maricopa,9739891692999278592,122690.71359123576,19278.865,202512,deployment,"{""type"":""Polygon"",""coordinates"":[[[-111.94032543148008,33.47932264371485],[-111.94032543148008,33.46866009486088],[-111.92840170024643,33.47086906003329],[-111.92840170024643,33.48153195875146],[-111.94032543148008,33.47932264371485]]]}"
Arizona,Maricopa,9739891727359016960,188855.23997162227,28523.527,202512,deployment,"{""type"":""Polygon"",""coordinates"":[[[-111.94032543148008,33.48998403739921],[-111.94032543148008,33.47932264371485],[-111.92840170024643,33.48153195875146],[-111.92840170024643,33.492193701956126],[-111.94032543148008,33.48998403739921]]]}"
Arizona,Maricopa,9739891761718755328,261763.47347241477,27354.787,202512,deployment,"{""type"":""Polygon"",""coordinates"":[[[-111.9522491224878,33.48777312555937],[-111.9522491224878,33.47711208165606],[-111.94032543148008,33.47932264371485],[-111.94032543148008,33.48998403739921],[-111.9522491224878,33.48777312555937]]]}"
Arizona,Maricopa,9739891796078493696,181233.57134345354,19215.551,202512,deployment,"{""type"":""Polygon"",""coordinates"":[[[-111.9522491224878,33.47711208165606],[-111.9522491224878,33.46644988292723],[-111.94032543148008,33.46866009486088],[-111.94032543148008,33.47932264371485],[-111.9522491224878,33.47711208165606]]]}"
Arizona,Maricopa,9739891830438232064,114773.15516337044,17370.453,202512,deployment,"{""type"":""Polygon"",""coordinates"":[[[-111.96417277175436,33.47490027278783],[-111.96417277175436,33.46423842444515],[-111.9522491224878,33.46644988292723],[-111.9522491224878,33.47711208165606],[-111.96417277175436,33.47490027278783]]]}"
Arizona,Maricopa,9739891864797970432,116418.31645403223,14439.169,202512,deployment,"{""type"":""Polygon"",""coordinates"":[[[-111.96417277175436,33.48556096664927],[-111.96417277175436,33.47490027278783],[-111.9522491224878,33.47711208165606],[-111.9522491224878,33.48777312555937],[-111.96417277175436,33.48556096664927]]]}"
Arizona,Maricopa,9739891899157708800,127899.61454454395,19663.633,202512,deployment,"{""type"":""Polygon"",""coordinates"":[[[-111.9760963777647,33.48334756088215],[-111.9760963777647,33.4726872173235],[-111.96417277175436,33.47490027278783],[-111.96417277175436,33.48556096664927],[-111.9760963777647,33.48334756088215]]]}"
Arizona,Maricopa,9739891933517447168,252451.6620677468,44428.374,202512,deployment,"{""type"":""Polygon"",""coordinates"":[[[-111.9760963777647,33.4726872173235],[-111.9760963777647,33.46202571962802],[-111.96417277175436,33.46423842444515],[-111.96417277175436,33.47490027278783],[-111.9760963777647,33.4726872173235]]]}"
Arizona,Maricopa,9739891967877185536,400087.58777415985,57580.124,202512,deployment,"{""type"":""Polygon"",""coordinates"":[[[-111.98801993900399,33.47047291547695],[-111.98801993900399,33.45981176868984],[-111.9760963777647,33.46202571962802],[-111.9760963777647,33.4726872173235],[-111.98801993900399,33.47047291547695]]]}"
Arizona,Maricopa,9739892002236923904,271725.0040483767,42859.831,202512,deployment,"{""type"":""Polygon"",""coordinates"":[[[-111.99994345395754,33.46825736746266],[-111.99994345395756,33.45759657184514],[-111.98801993900399,33.45981176868984],[-111.98801993900399,33.47047291547695],[-111.99994345395754,33.46825736746266]]]}"
Arizona,Maricopa,9739892036596662272,129248.61518838575,5584.153,202512,deployment,"{""type"":""Polygon"",""coordinates"":[[[-111.99994345395754,33.47891700963276],[-111.99994345395754,33.46825736746266],[-111.98801993900399,33.47047291547695],[-111.98801993900399,33.48113290847184],[-111.99994345395754,33.47891700963276]]]}"
Arizona,Maricopa,9739892070956400640,291879.0278114216,44372.372,202512,deployment,"{""type"":""Polygon"",""coordinates"":[[[-111.98801993900399,33.48113290847184],[-111.98801993900399,33.47047291547695],[-111.9760963777647,33.4726872173235],[-111.9760963777647,33.48334756088215],[-111.98801993900399,33.48113290847184]]]}"
Arizona,Maricopa,9739892105316139008,203248.99562307817,32729.165,202512,deployment,"{""type"":""Polygon"",""coordinates"":[[[-111.98801993900399,33.49179174682041],[-111.98801993900399,33.48113290847184],[-111.9760963777647,33.48334756088215],[-111.9760963777647,33.49400674944989],[-111.98801993900399,33.49179174682041]]]}"
Arizona,Maricopa,9739892139675877376,150463.74868851842,7871.235,202512,deployment,"{""type"":""Polygon"",""coordinates"":[[[-111.99994345395756,33.48957549750127],[-111.99994345395754,33.47891700963276],[-111.98801993900399,33.48113290847184],[-111.98801993900399,33.49179174682041],[-111.99994345395756,33.48957549750127]]]}"
Arizona,Maricopa,9739892174035615744,203049.7739647564,26086.974,202512,deployment,"{""type"":""Polygon"",""coordinates"":[[[-111.99994345395756,33.50023283021471],[-111.99994345395756,33.48957549750127],[-111.98801993900399,33.49179174682041],[-111.98801993900399,33.50244942966918],[-111.99994345395756,33.50023283021471]]]}"
Arizona,Maricopa,9739892208395354112,285669.70227791596,55118.98,202512,deployment,"{""type"":""Polygon"",""coordinates"":[[[-111.98801993900399,33.50244942966918],[-111.98801993900399,33.49179174682041],[-111.9760963777647,33.49400674944989],[-111.9760963777647,33.50466478217328],[-111.98801993900399,33.50244942966918]]]}"
Arizona,Maricopa,9739892242755092480,131789.12600100003,24934.361,202512,deployment,"{""type"":""Polygon"",""coordinates"":[[[-111.9760963777647,33.50466478217328],[-111.9760963777647,33.49400674944989],[-111.96417277175436,33.49622050517538],[-111.96417277175436,33.506878887512755],[-111.9760963777647,33.50466478217328]]]}"
Arizona,Maricopa,9739892277114830848,120573.04655549863,22425.933,202512,deployment,"{""type"":""Polygon"",""coordinates"":[[[-111.9760963777647,33.49400674944989],[-111.9760963777647,33.48334756088215],[-111.96417277175436,33.48556096664927],[-111.96417277175436,33.49622050517538],[-111.9760963777647,33.49400674944989]]]}"
Arizona,Maricopa,9739892311474569216,157091.40328795288,27249.705,202512,deployment,"{""type"":""Polygon"",""coordinates"":[[[-111.96417277175436,33.49622050517538],[-111.96417277175436,33.48556096664927],[-111.9522491224878,33.48777312555937],[-111.9522491224878,33.498433013783135],[-111.96417277175436,33.49622050517538]]]}"
Arizona,Maricopa,9739892345834307584,152037.04751245305,29628.897,202512,deployment,"{""type"":""Polygon"",""coordinates"":[[[-111.96417277175436,33.506878887512755],[-111.96417277175436,33.49622050517538],[-111.9522491224878,33.498433013783135],[-111.9522491224878,33.50909174547394],[-111.96417277175436,33.506878887512755]]]}"
Arizona,Maricopa,9739892414553784320,67377.44025268135,13055.689,202512,deployment,"{""type"":""Polygon"",""coordinates"":[[[-111.9760963777647,33.51532165819953],[-111.9760963777647,33.50466478217328],[-111.96417277175436,33.506878887512755],[-111.96417277175436,33.517536112808635],[-111.9760963777647,33.51532165819953]]]}"
Arizona,Maricopa,9739892448913522688,36286.76147818463,4834.13,202512,deployment,"{""type"":""Polygon"",""coordinates"":[[[-111.9760963777647,33.525977376676515],[-111.9760963777647,33.51532165819953],[-111.96417277175436,33.517536112808635],[-111.96417277175436,33.5281921802109],[-111.9760963777647,33.525977376676515]]]}"
Arizona,Maricopa,9739892483273261056,22108.44615512241,3216.981,202512,deployment,"{""type"":""Polygon"",""coordinates"":[[[-111.96417277175436,33.5281921802109],[-111.96417277175436,33.517536112808635],[-111.9522491224878,33.51974931977904],[-111.9522491224878,33.53040573584637],[-111.96417277175436,33.5281921802109]]]}"
Arizona,Maricopa,9739892517632999424,85927.18024229932,23163.075,202512,deployment,"{""type"":""Polygon"",""coordinates"":[[[-111.96417277175436,33.53884708886811],[-111.96417277175436,33.5281921802109],[-111.9522491224878,33.53040573584637],[-111.9522491224878,33.54106099282449],[-111.96417277175436,33.53884708886811]]]}"
Arizona,Maricopa,9739892586352476160,138488.81774645604,39203.435,202512,deployment,"{""type"":""Polygon"",""coordinates"":[[[-111.9760963777647,33.54728533757743],[-111.9760963777647,33.536631936752755],[-111.96417277175436,33.53884708886811],[-111.96417277175436,33.54950083792946],[-111.9760963777647,33.54728533757743]]]}"
Arizona,Maricopa,9739892620712214528,213033.21333480318,46669.971,202512,deployment,"{""type"":""Polygon"",""coordinates"":[[[-111.9760963777647,33.536631936752755],[-111.9760963777647,33.525977376676515],[-111.96417277175436,33.5281921802109],[-111.96417277175436,33.53884708886811],[-111.9760963777647,33.536631936752755]]]}"
Arizona,Maricopa,9739892655071952896,87994.4786937667,33014.463,202512,deployment,"{""type"":""Polygon"",""coordinates"":[[[-111.98801993900399,33.53441553669191],[-111.98801993900399,33.52376132545676],[-111.9760963777647,33.525977376676515],[-111.9760963777647,33.536631936752755],[-111.98801993900399,33.53441553669191]]]}"
Arizona,Maricopa,9739892758151168000,85344.04982787963,85344.05,202512,deployment,"{""type"":""Polygon"",""coordinates"":[[[-111.99994345395756,33.53219788889961],[-111.99994345395756,33.52154402676574],[-111.98801993900399,33.52376132545676],[-111.98801993900399,33.53441553669191],[-111.99994345395756,33.53219788889961]]]}"
Arizona,Maricopa,9739892792510906368,25255.365439312107,6252.923,202512,deployment,"{""type"":""Polygon"",""coordinates"":[[[-111.99994345395756,33.52154402676574],[-111.99994345395756,33.51088900692027],[-111.98801993900399,33.51310595616535],[-111.98801993900399,33.52376132545676],[-111.99994345395756,33.52154402676574]]]}"
Arizona,Maricopa,9739892826870644736,218117.2083906201,33196.429,202512,deployment,"{""type"":""Polygon"",""coordinates"":[[[-111.98801993900399,33.52376132545676],[-111.98801993900399,33.51310595616535],[-111.9760963777647,33.51532165819953],[-111.9760963777647,33.525977376676515],[-111.98801993900399,33.52376132545676]]]}"
Arizona,Maricopa,9739892861230383104,320453.9764062108,60269.247,202512,deployment,"{""type"":""Polygon"",""coordinates"":[[[-111.98801993900399,33.51310595616535],[-111.98801993900399,33.50244942966918],[-111.9760963777647,33.50466478217328],[-111.9760963777647,33.51532165819953],[-111.98801993900399,33.51310595616535]]]}"
Arizona,Maricopa,9739892895590121472,213250.65223561568,27967.494,202512,deployment,"{""type"":""Polygon"",""coordinates"":[[[-111.99994345395756,33.51088900692027],[-111.99994345395756,33.50023283021471],[-111.98801993900399,33.50244942966918],[-111.98801993900399,33.51310595616535],[-111.99994345395756,33.51088900692027]]]}"
Arizona,Maricopa,9739892929949859840,110650.1921348216,17572.969,202512,deployment,"{""type"":""Polygon"",""coordinates"":[[[-112.0118669211109,33.50867081067907],[-112.0118669211109,33.49801498402474],[-111.99994345395756,33.50023283021471],[-111.99994345395756,33.51088900692027],[-112.0118669211109,33.50867081067907]]]}"
Arizona,Maricopa,9739892964309598208,157645.9973267883,38866.36,202512,deployment,"{""type"":""Polygon"",""coordinates"":[[[-112.02379033894974,33.50645136765708],[-112.02379033894974,33.49579589131466],[-112.0118669211109,33.49801498402474],[-112.0118669211109,33.50867081067907],[-112.02379033894974,33.50645136765708]]]}"
Arizona,Maricopa,9739892998669336576,216168.41605693457,50163.005,202512,deployment,"{""type"":""Polygon"",""coordinates"":[[[-112.02379033894974,33.5171056878293],[-112.02379033894974,33.50645136765708],[-112.0118669211109,33.50867081067907],[-112.0118669211109,33.51932548081816],[-112.02379033894974,33.5171056878293]]]}"
Arizona,Maricopa,9739893033029074944,96412.36090037425,17139.167,202512,deployment,"{""type"":""Polygon"",""coordinates"":[[[-112.0118669211109,33.51932548081816],[-112.0118669211109,33.50867081067907],[-111.99994345395756,33.51088900692027],[-111.99994345395756,33.52154402676574],[-112.0118669211109,33.51932548081816]]]}"
Arizona,Maricopa,9739893067388813312,22148.53628224671,8537.113,202512,deployment,"{""type"":""Polygon"",""coordinates"":[[[-112.0118669211109,33.52997899359049],[-112.0118669211109,33.51932548081816],[-111.99994345395756,33.52154402676574],[-111.99994345395756,33.53219788889961],[-112.0118669211109,33.52997899359049]]]}"
Arizona,Maricopa,9739893101748551680,69695.74437945927,25534.682,202512,deployment,"{""type"":""Polygon"",""coordinates"":[[[-112.0118669211109,33.54063134814514],[-112.0118669211109,33.52997899359049],[-111.99994345395756,33.53219788889961],[-111.99994345395754,33.542850592471005],[-112.0118669211109,33.54063134814514]]]}"
Arizona,Maricopa,9739893136108290048,92870.4139283743,27643.446,202512,deployment,"{""type"":""Polygon"",""coordinates"":[[[-112.02379033894974,33.53841085625749],[-112.02379033894974,33.527758850979744],[-112.0118669211109,33.52997899359049],[-112.0118669211109,33.54063134814514],[-112.02379033894974,33.53841085625749]]]}"
Arizona,Maricopa,9739893170468028416,68438.36978274831,25598.381,202512,deployment,"{""type"":""Polygon"",""coordinates"":[[[-112.02379033894974,33.527758850979744],[-112.02379033894974,33.5171056878293],[-112.0118669211109,33.51932548081816],[-112.0118669211109,33.52997899359049],[-112.02379033894974,33.527758850979744]]]}"
Arizona,Maricopa,9739893204827766784,115184.96089302421,22953.148,202512,deployment,"{""type"":""Polygon"",""coordinates"":[[[-112.03571370595999,33.525537461283164],[-112.03571370595999,33.51488464801501],[-112.02379033894974,33.5171056878293],[-112.02379033894974,33.527758850979744],[-112.03571370595999,33.525537461283164]]]}"
Arizona,Maricopa,9739893239187505152,84595.00573636188,23612.696,202512,deployment,"{""type"":""Polygon"",""coordinates"":[[[-112.03571370595999,33.536189117023774],[-112.03571370595999,33.525537461283164],[-112.02379033894974,33.527758850979744],[-112.02379033894974,33.53841085625749],[-112.03571370595999,33.536189117023774]]]}"
Arizona,Maricopa,9739893273547243520,65602.47049931137,17715.85,202512,deployment,"{""type"":""Polygon"",""coordinates"":[[[-112.04763702062775,33.533966130660254],[-112.04763702062775,33.523314824717104],[-112.03571370595999,33.525537461283164],[-112.03571370595999,33.536189117023774],[-112.04763702062775,33.533966130660254]]]}"
Arizona,Maricopa,9739893307906981888,144705.14342110825,31445.324,202512,deployment,"{""type"":""Polygon"",""coordinates"":[[[-112.04763702062775,33.523314824717104],[-112.04763702062775,33.51266236159172],[-112.03571370595999,33.51488464801501],[-112.03571370595999,33.525537461283164],[-112.04763702062775,33.523314824717104]]]}"
Arizona,Maricopa,9739893342266720256,239452.77031671585,38430.629,202512,deployment,"{""type"":""Polygon"",""coordinates"":[[[-112.04763702062775,33.51266236159172],[-112.04763702062775,33.50200874213507],[-112.03571370595999,33.50423067807025],[-112.03571370595999,33.51488464801501],[-112.04763702062775,33.51266236159172]]]}"
Arizona,Maricopa,9739893376626458624,222289.98865773325,35005.664,202512,deployment,"{""type"":""Polygon"",""coordinates"":[[[-112.03571370595999,33.51488464801501],[-112.03571370595999,33.50423067807025],[-112.02379033894974,33.50645136765708],[-112.02379033894974,33.5171056878293],[-112.03571370595999,33.51488464801501]]]}"
Arizona,Maricopa,9739893410986196992,196250.7041627781,29547.377,202512,deployment,"{""type"":""Polygon"",""coordinates"":[[[-112.03571370595999,33.50423067807025],[-112.03571370595999,33.49357555230048],[-112.02379033894974,33.49579589131466],[-112.02379033894974,33.50645136765708],[-112.03571370595999,33.50423067807025]]]}"
Arizona,Maricopa,9739893445345935360,206998.45197318468,36827.499,202512,deployment,"{""type"":""Polygon"",""coordinates"":[[[-112.04763702062775,33.50200874213507],[-112.04763702062775,33.49135396719877],[-112.03571370595999,33.49357555230048],[-112.03571370595999,33.50423067807025],[-112.04763702062775,33.50200874213507]]]}"
Arizona,Maricopa,9739893479705673728,178782.1962800886,12495.042,202512,deployment,"{""type"":""Polygon"",""coordinates"":[[[-112.04763702062775,33.49135396719877],[-112.04763702062775,33.48069803763509],[-112.03571370595999,33.48291927155795],[-112.03571370595999,33.49357555230048],[-112.04763702062775,33.49135396719877]]]}"
Arizona,Maricopa,9739893514065412096,163028.36716372086,21408.93,202512,deployment,"{""type"":""Polygon"",""coordinates"":[[[-112.04763702062775,33.48069803763509],[-112.04763702062775,33.47004095429698],[-112.03571370595999,33.47226183669556],[-112.03571370595999,33.48291927155795],[-112.04763702062775,33.48069803763509]]]}"
Arizona,Maricopa,9739893548425150464,173960.07386137158,22359.896,202512,deployment,"{""type"":""Polygon"",""coordinates"":[[[-112.03571370595999,33.48291927155795],[-112.03571370595999,33.47226183669556],[-112.02379033894974,33.47448147352876],[-112.02379033894974,33.48513925965426],[-112.03571370595999,33.48291927155795]]]}"
Arizona,Maricopa,9739893582784888832,215070.2663157372,24859.448,202512,deployment,"{""type"":""Polygon"",""coordinates"":[[[-112.03571370595999,33.49357555230048],[-112.03571370595999,33.48291927155795],[-112.02379033894974,33.48513925965426],[-112.02379033894974,33.49579589131466],[-112.03571370595999,33.49357555230048]]]}"
Arizona,Maricopa,9739893617144627200,319698.40325245826,54152.352,202512,deployment,"{""type"":""Polygon"",""coordinates"":[[[-112.02379033894974,33.49579589131466],[-112.02379033894974,33.48513925965426],[-112.0118669211109,33.48735800170739],[-112.0118669211109,33.49801498402474],[-112.02379033894974,33.49579589131466]]]}"
Arizona,Maricopa,9739893651504365568,175210.34626123175,26773.521,202512,deployment,"{""type"":""Polygon"",""coordinates"":[[[-112.0118669211109,33.49801498402474],[-112.0118669211109,33.48735800170739],[-111.99994345395756,33.48957549750127],[-111.99994345395756,33.50023283021471],[-112.0118669211109,33.49801498402474]]]}"
Arizona,Maricopa,9739893685864103936,134120.20130097106,11815.379,202512,deployment,"{""type"":""Polygon"",""coordinates"":[[[-112.0118669211109,33.48735800170739],[-112.0118669211109,33.47669986457988],[-111.99994345395754,33.47891700963276],[-111.99994345395756,33.48957549750127],[-112.0118669211109,33.48735800170739]]]}"
Arizona,Maricopa,9739893720223842304,216876.5648435687,36180.396,202512,deployment,"{""type"":""Polygon"",""coordinates"":[[[-112.02379033894974,33.48513925965426],[-112.02379033894974,33.47448147352876],[-112.0118669211109,33.47669986457988],[-112.0118669211109,33.48735800170739],[-112.02379033894974,33.48513925965426]]]}"
Arizona,Maricopa,9739893754583580672,268934.7038871411,51222.317,202512,deployment,"{""type"":""Polygon"",""coordinates"":[[[-112.02379033894974,33.47448147352876],[-112.02379033894974,33.4638225337917],[-112.0118669211109,33.46604057349571],[-112.0118669211109,33.47669986457988],[-112.02379033894974,33.47448147352876]]]}"
Arizona,Maricopa,9739893788943319040,49296.153093462875,5896.681,202512,deployment,"{""type"":""Polygon"",""coordinates"":[[[-112.0118669211109,33.47669986457988],[-112.0118669211109,33.46604057349571],[-111.99994345395754,33.46825736746266],[-111.99994345395754,33.47891700963276],[-112.0118669211109,33.47669986457988]]]}"
Arizona,Maricopa,9739893823303057408,176338.64726156,31843.677,202512,deployment,"{""type"":""Polygon"",""coordinates"":[[[-112.0118669211109,33.46604057349571],[-112.0118669211109,33.45538012930904],[-111.99994345395756,33.45759657184514],[-111.99994345395754,33.46825736746266],[-112.0118669211109,33.46604057349571]]]}"
Arizona,Maricopa,9739893857662795776,198652.83136831308,50890.489,202512,deployment,"{""type"":""Polygon"",""coordinates"":[[[-112.02379033894974,33.4638225337917],[-112.02379033894974,33.453162441297266],[-112.0118669211109,33.45538012930904],[-112.0118669211109,33.46604057349571],[-112.02379033894974,33.4638225337917]]]}"
Arizona,Maricopa,9739893892022534144,199731.7624742056,52490.929,202512,deployment,"{""type"":""Polygon"",""coordinates"":[[[-112.03571370595999,33.46160324856687],[-112.03571370595999,33.45094350802608],[-112.02379033894974,33.453162441297266],[-112.02379033894974,33.4638225337917],[-112.03571370595999,33.46160324856687]]]}"
Arizona,Maricopa,9739893926382272512,255493.83920450186,43310.691,202512,deployment,"{""type"":""Polygon"",""coordinates"":[[[-112.03571370595999,33.47226183669556],[-112.03571370595999,33.46160324856687],[-112.02379033894974,33.4638225337917],[-112.02379033894974,33.47448147352876],[-112.03571370595999,33.47226183669556]]]}"
Arizona,Maricopa,9739893960742010880,202381.86927962958,35916.875,202512,deployment,"{""type"":""Polygon"",""coordinates"":[[[-112.04763702062775,33.47004095429698],[-112.04763702062775,33.45938271803798],[-112.03571370595999,33.46160324856687],[-112.03571370595999,33.47226183669556],[-112.04763702062775,33.47004095429698]]]}"
Arizona,Maricopa,9739893995101749248,337477.6261689665,64091.823,202512,deployment,"{""type"":""Polygon"",""coordinates"":[[[-112.04763702062775,33.45938271803798],[-112.04763702062775,33.44872332971235],[-112.03571370595999,33.45094350802608],[-112.03571370595999,33.46160324856687],[-112.04763702062775,33.45938271803798]]]}"
Arizona,Maricopa,9739894029461487616,373291.4146601938,37843.081,202512,deployment,"{""type"":""Polygon"",""coordinates"":[[[-112.04763702062775,33.44872332971235],[-112.04763702062775,33.438062790174975],[-112.03571370595999,33.44028261592807],[-112.03571370595999,33.45094350802608],[-112.04763702062775,33.44872332971235]]]}"
Arizona,Maricopa,9739894063821225984,650008.480237535,138747.815,202512,deployment,"{""type"":""Polygon"",""coordinates"":[[[-112.03571370595999,33.45094350802608],[-112.03571370595999,33.44028261592807],[-112.02379033894974,33.44250119690029],[-112.02379033894974,33.453162441297266],[-112.03571370595999,33.45094350802608]]]}"
Arizona,Maricopa,9739894098180964352,480313.49385760026,130007.697,202512,deployment,"{""type"":""Polygon"",""coordinates"":[[[-112.03571370595999,33.44028261592807],[-112.03571370595999,33.42962057312834],[-112.02379033894974,33.431838801456266],[-112.02379033894974,33.44250119690029],[-112.03571370595999,33.44028261592807]]]}"
Arizona,Maricopa,9739894132540702720,125237.42791103749,11898.192,202512,deployment,"{""type"":""Polygon"",""coordinates"":[[[-112.04763702062775,33.438062790174975],[-112.04763702062775,33.42740110028139],[-112.03571370595999,33.42962057312834],[-112.03571370595999,33.44028261592807],[-112.04763702062775,33.438062790174975]]]}"
Arizona,Maricopa,9739894166900441088,60180.27826167182,14146.907,202512,deployment,"{""type"":""Polygon"",""coordinates"":[[[-112.04763702062775,33.42740110028139],[-112.04763702062775,33.41673826088777],[-112.03571370595999,33.41895738048308],[-112.03571370595999,33.42962057312834],[-112.04763702062775,33.42740110028139]]]}"
Arizona,Maricopa,9739894201260179456,153767.34606165785,30176.642,202512,deployment,"{""type"":""Polygon"",""coordinates"":[[[-112.04763702062775,33.41673826088777],[-112.04763702062775,33.40607427285097],[-112.03571370595999,33.40829303884908],[-112.03571370595999,33.41895738048308],[-112.04763702062775,33.41673826088777]]]}"
Arizona,Maricopa,9739894235619917824,101142.06231501132,31770.802,202512,deployment,"{""type"":""Polygon"",""coordinates"":[[[-112.03571370595999,33.41895738048308],[-112.03571370595999,33.40829303884908],[-112.02379033894974,33.410510560852344],[-112.02379033894974,33.421175255821346],[-112.03571370595999,33.41895738048308]]]}"
Arizona,Maricopa,9739894269979656192,120583.71316760052,38188.348,202512,deployment,"{""type"":""Polygon"",""coordinates"":[[[-112.03571370595999,33.42962057312834],[-112.03571370595999,33.41895738048308],[-112.02379033894974,33.421175255821346],[-112.02379033894974,33.431838801456266],[-112.03571370595999,33.42962057312834]]]}"
Arizona,Maricopa,9739894304339394560,672.478057453094,350.32,202512,deployment,"{""type"":""Polygon"",""coordinates"":[[[-112.02379033894974,33.431838801456266],[-112.02379033894974,33.421175255821346],[-112.0118669211109,33.42339188668554],[-112.0118669211109,33.43405578504816],[-112.02379033894974,33.431838801456266]]]}"
Arizona,Maricopa,9739894373058871296,58696.626282046986,9234.473,202512,deployment,"{""type"":""Polygon"",""coordinates"":[[[-112.0118669211109,33.42339188668554],[-112.0118669211109,33.41272683864362],[-111.99994345395754,33.414941872006345],[-111.99994345395756,33.425607272859146],[-112.0118669211109,33.42339188668554]]]}"
Arizona,Maricopa,9739894407418609664,188839.4579550711,48507.652,202512,deployment,"{""type"":""Polygon"",""coordinates"":[[[-112.0118669211109,33.43405578504816],[-112.0118669211109,33.42339188668554],[-111.99994345395756,33.425607272859146],[-111.99994345395756,33.4362715236876],[-112.0118669211109,33.43405578504816]]]}"
Arizona,Maricopa,9739894441778348032,392107.774817457,97111.502,202512,deployment,"{""type"":""Polygon"",""coordinates"":[[[-112.0118669211109,33.4447185328747],[-112.0118669211109,33.43405578504816],[-111.99994345395756,33.4362715236876],[-111.99994345395754,33.44693462363497],[-112.0118669211109,33.4447185328747]]]}"
Arizona,Maricopa,9739894476138086400,410281.8115972419,106590.464,202512,deployment,"{""type"":""Polygon"",""coordinates"":[[[-112.02379033894974,33.44250119690029],[-112.02379033894974,33.431838801456266],[-112.0118669211109,33.43405578504816],[-112.0118669211109,33.4447185328747],[-112.02379033894974,33.44250119690029]]]}"
Arizona,Maricopa,9739894510497824768,564082.8594464338,91419.205,202512,deployment,"{""type"":""Polygon"",""coordinates"":[[[-112.02379033894974,33.453162441297266],[-112.02379033894974,33.44250119690029],[-112.0118669211109,33.4447185328747],[-112.0118669211109,33.45538012930904],[-112.02379033894974,33.453162441297266]]]}"
Arizona,Maricopa,9739894544857563136,428825.5149537177,42392.537,202512,deployment,"{""type"":""Polygon"",""coordinates"":[[[-112.0118669211109,33.45538012930904],[-112.0118669211109,33.4447185328747],[-111.99994345395754,33.44693462363497],[-111.99994345395756,33.45759657184514],[-112.0118669211109,33.45538012930904]]]}"
Arizona,Maricopa,9739894579217301504,507334.0215296103,83716.059,202512,deployment,"{""type"":""Polygon"",""coordinates"":[[[-111.99994345395756,33.45759657184514],[-111.99994345395754,33.44693462363497],[-111.98801993900399,33.449149468965295],[-111.98801993900399,33.45981176868984],[-111.99994345395756,33.45759657184514]]]}"
Arizona,Maricopa,9739894613577039872,278644.4354720342,54845.366,202512,deployment,"{""type"":""Polygon"",""coordinates"":[[[-111.99994345395754,33.44693462363497],[-111.99994345395756,33.4362715236876],[-111.98801993900399,33.43848601715874],[-111.98801993900399,33.449149468965295],[-111.99994345395754,33.44693462363497]]]}"
Arizona,Maricopa,9739894647936778240,667112.3587553351,131054.687,202512,deployment,"{""type"":""Polygon"",""coordinates"":[[[-111.98801993900399,33.449149468965295],[-111.98801993900399,33.43848601715874],[-111.9760963777647,33.4406992652463],[-111.9760963777647,33.451363068650494],[-111.98801993900399,33.449149468965295]]]}"
Arizona,Maricopa,9739894682296516608,460375.1286737055,57577.203,202512,deployment,"{""type"":""Polygon"",""coordinates"":[[[-111.98801993900399,33.45981176868984],[-111.98801993900399,33.449149468965295],[-111.9760963777647,33.451363068650494],[-111.9760963777647,33.46202571962802],[-111.98801993900399,33.45981176868984]]]}"
Arizona,Maricopa,9739894716656254976,88169.49333870145,22289.903,202512,deployment,"{""type"":""Polygon"",""coordinates"":[[[-111.9760963777647,33.46202571962802],[-111.9760963777647,33.451363068650494],[-111.96417277175436,33.45357542247594],[-111.96417277175436,33.46423842444515],[-111.9760963777647,33.46202571962802]]]}"
Arizona,Maricopa,9739894751015993344,78135.30158684909,12065.233,202512,deployment,"{""type"":""Polygon"",""coordinates"":[[[-111.96417277175436,33.46423842444515],[-111.96417277175436,33.45357542247594],[-111.9522491224878,33.4557865302276],[-111.9522491224878,33.46644988292723],[-111.96417277175436,33.46423842444515]]]}"
Arizona,Maricopa,9739894785375731712,461799.3724309529,57720.863,202512,deployment,"{""type"":""Polygon"",""coordinates"":[[[-111.96417277175436,33.45357542247594],[-111.96417277175436,33.44291126773559],[-111.9522491224878,33.44512202441251],[-111.9522491224878,33.4557865302276],[-111.96417277175436,33.45357542247594]]]}"
Arizona,Maricopa,9739894819735470080,399398.2488759406,51103.262,202512,deployment,"{""type"":""Polygon"",""coordinates"":[[[-111.9760963777647,33.451363068650494],[-111.9760963777647,33.4406992652463],[-111.96417277175436,33.44291126773559],[-111.96417277175436,33.45357542247594],[-111.9760963777647,33.451363068650494]]]}"
Arizona,Maricopa,9739894854095208448,7210.239134116714,7210.239,202512,deployment,"{""type"":""Polygon"",""coordinates"":[[[-111.9760963777647,33.4406992652463],[-111.9760963777647,33.4300343102715],[-111.96417277175436,33.43224596108014],[-111.96417277175436,33.44291126773559],[-111.9760963777647,33.4406992652463]]]}"
Arizona,Maricopa,9739894888454946816,300182.8543376182,27892.86,202512,deployment,"{""type"":""Polygon"",""coordinates"":[[[-111.96417277175436,33.44291126773559],[-111.96417277175436,33.43224596108014],[-111.9522491224878,33.43445636633799],[-111.9522491224878,33.44512202441251],[-111.96417277175436,33.44291126773559]]]}"
Arizona,Maricopa,9739894922814685184,312722.01819471654,28993.421,202512,deployment,"{""type"":""Polygon"",""coordinates"":[[[-111.96417277175436,33.43224596108014],[-111.96417277175436,33.42157950336627],[-111.9522491224878,33.423789556860704],[-111.9522491224878,33.43445636633799],[-111.96417277175436,33.43224596108014]]]}"
Arizona,Maricopa,9739894957174423552,206278.69230034272,28839.348,202512,deployment,"{""type"":""Polygon"",""coordinates"":[[[-111.9760963777647,33.4300343102715],[-111.9760963777647,33.419368204582796],[-111.96417277175436,33.42157950336627],[-111.96417277175436,33.43224596108014],[-111.9760963777647,33.4300343102715]]]}"
Arizona,Maricopa,9739894991534161920,298292.83460774436,51166.346,202512,deployment,"{""type"":""Polygon"",""coordinates"":[[[-111.98801993900399,33.42782141412624],[-111.98801993900399,33.417155660724546],[-111.9760963777647,33.419368204582796],[-111.9760963777647,33.4300343102715],[-111.98801993900399,33.42782141412624]]]}"
Arizona,Maricopa,9739895025893900288,332099.3547056992,73451.201,202512,deployment,"{""type"":""Polygon"",""coordinates"":[[[-111.98801993900399,33.43848601715874],[-111.98801993900399,33.42782141412624],[-111.9760963777647,33.4300343102715],[-111.9760963777647,33.4406992652463],[-111.98801993900399,33.43848601715874]]]}"
Arizona,Maricopa,9739895060253638656,340545.0652705361,81261.156,202512,deployment,"{""type"":""Polygon"",""coordinates"":[[[-111.99994345395756,33.4362715236876],[-111.99994345395756,33.425607272859146],[-111.98801993900399,33.42782141412624],[-111.98801993900399,33.43848601715874],[-111.99994345395756,33.4362715236876]]]}"
Arizona,Maricopa,9739895094613377024,91113.6959542732,12831.703,202512,deployment,"{""type"":""Polygon"",""coordinates"":[[[-111.99994345395756,33.425607272859146],[-111.99994345395754,33.414941872006345],[-111.98801993900399,33.417155660724546],[-111.98801993900399,33.42782141412624],[-111.99994345395756,33.425607272859146]]]}"
Arizona,Maricopa,9739895128973115392,137493.99597883943,34719.954,202512,deployment,"{""type"":""Polygon"",""coordinates"":[[[-111.99994345395754,33.414941872006345],[-111.99994345395756,33.40427532198662],[-111.98801993900399,33.40648875781104],[-111.98801993900399,33.417155660724546],[-111.99994345395754,33.414941872006345]]]}"
Arizona,Maricopa,9739895163332853760,64250.13769409876,7801.504,202512,deployment,"{""type"":""Polygon"",""coordinates"":[[[-111.99994345395756,33.40427532198662],[-111.99994345395756,33.393607623658035],[-111.98801993900399,33.39582070624375],[-111.98801993900399,33.40648875781104],[-111.99994345395756,33.40427532198662]]]}"
Arizona,Maricopa,9739895197692592128,139474.29442388154,29933.042,202512,deployment,"{""type"":""Polygon"",""coordinates"":[[[-111.98801993900399,33.40648875781104],[-111.98801993900399,33.39582070624375],[-111.9760963777647,33.39803254449382],[-111.9760963777647,33.40870094903757],[-111.98801993900399,33.40648875781104]]]}"
Arizona,Maricopa,9739895232052330496,45932.44863965578,13486.887,202512,deployment,"{""type"":""Polygon"",""coordinates"":[[[-111.98801993900399,33.417155660724546],[-111.98801993900399,33.40648875781104],[-111.9760963777647,33.40870094903757],[-111.9760963777647,33.419368204582796],[-111.98801993900399,33.417155660724546]]]}"
Arizona,Maricopa,9739895266412068864,72601.88046544684,13636.891,202512,deployment,"{""type"":""Polygon"",""coordinates"":[[[-111.9760963777647,33.419368204582796],[-111.9760963777647,33.40870094903757],[-111.96417277175436,33.410911895451314],[-111.96417277175436,33.42157950336627],[-111.9760963777647,33.419368204582796]]]}"
Arizona,Maricopa,9739895300771807232,381928.182410149,38079.231,202512,deployment,"{""type"":""Polygon"",""coordinates"":[[[-111.96417277175436,33.42157950336627],[-111.96417277175436,33.410911895451314],[-111.9522491224878,33.41312159683796],[-111.9522491224878,33.423789556860704],[-111.96417277175436,33.42157950336627]]]}"
Arizona,Maricopa,9739895335131545600,362940.1566081061,57063.26,202512,deployment,"{""type"":""Polygon"",""coordinates"":[[[-111.96417277175436,33.410911895451314],[-111.96417277175436,33.40024313819328],[-111.9522491224878,33.40245248712773],[-111.9522491224878,33.41312159683796],[-111.96417277175436,33.410911895451314]]]}"
Arizona,Maricopa,9739895369491283968,131412.10228428317,37494.28,202512,deployment,"{""type"":""Polygon"",""coordinates"":[[[-111.9760963777647,33.40870094903757],[-111.9760963777647,33.39803254449382],[-111.96417277175436,33.40024313819328],[-111.96417277175436,33.410911895451314],[-111.9760963777647,33.40870094903757]]]}"
Arizona,Maricopa,9739895403851022336,361321.6784819643,43009.118,202512,deployment,"{""type"":""Polygon"",""coordinates"":[[[-111.9760963777647,33.39803254449382],[-111.9760963777647,33.38736299181024],[-111.96417277175436,33.38957323245082],[-111.96417277175436,33.40024313819328],[-111.9760963777647,33.39803254449382]]]}"
Arizona,Maricopa,9739895438210760704,378459.58002776647,48651.989,202512,deployment,"{""type"":""Polygon"",""coordinates"":[[[-111.96417277175436,33.40024313819328],[-111.96417277175436,33.38957323245082],[-111.9522491224878,33.39178222858866],[-111.9522491224878,33.40245248712773],[-111.96417277175436,33.40024313819328]]]}"
Arizona,Maricopa,9739895472570499072,230596.02879303193,28986.217,202512,deployment,"{""type"":""Polygon"",""coordinates"":[[[-111.96417277175436,33.38957323245082],[-111.96417277175436,33.37890217908323],[-111.9522491224878,33.38111082208001],[-111.9522491224878,33.39178222858866],[-111.96417277175436,33.38957323245082]]]}"
Arizona,Maricopa,9739895506930237440,28304.217791587176,11158.373,202512,deployment,"{""type"":""Polygon"",""coordinates"":[[[-111.9760963777647,33.38736299181024],[-111.9760963777647,33.37669229184612],[-111.96417277175436,33.37890217908323],[-111.96417277175436,33.38957323245082],[-111.9760963777647,33.38736299181024]]]}"
Arizona,Maricopa,9739895541289975808,24518.20780948781,11184.617,202512,deployment,"{""type"":""Polygon"",""coordinates"":[[[-111.98801993900399,33.38515150688138],[-111.98801993900399,33.37448116058326],[-111.9760963777647,33.37669229184612],[-111.9760963777647,33.38736299181024],[-111.98801993900399,33.38515150688138]]]}"
Arizona,Maricopa,9739895575649714176,197341.46976569394,36847.636,202512,deployment,"{""type"":""Polygon"",""coordinates"":[[[-111.98801993900399,33.39582070624375],[-111.98801993900399,33.38515150688138],[-111.9760963777647,33.38736299181024],[-111.9760963777647,33.39803254449382],[-111.98801993900399,33.39582070624375]]]}"
Arizona,Maricopa,9739895610009452544,161977.72017733473,30979.815,202512,deployment,"{""type"":""Polygon"",""coordinates"":[[[-111.99994345395756,33.393607623658035],[-111.99994345395756,33.38293877787928],[-111.98801993900399,33.38515150688138],[-111.98801993900399,33.39582070624375],[-111.99994345395756,33.393607623658035]]]}"
Arizona,Maricopa,9739895644369190912,7643.967397461105,1382.147,202512,deployment,"{""type"":""Polygon"",""coordinates"":[[[-111.99994345395756,33.38293877787928],[-111.99994345395756,33.37226878550974],[-111.98801993900399,33.37448116058326],[-111.98801993900399,33.38515150688138],[-111.99994345395756,33.38293877787928]]]}"
Arizona,Maricopa,9739895713088667648,24.75007298743001,0.114,202512,deployment,"{""type"":""Polygon"",""coordinates"":[[[-112.02379033894974,33.37850958851848],[-112.02379033894974,33.367840304794115],[-112.0118669211109,33.37005516684127],[-112.0118669211109,33.38072480501958],[-112.02379033894974,33.37850958851848]]]}"
Arizona,Maricopa,9739895747448406016,8247.415947104657,1495.322,202512,deployment,"{""type"":""Polygon"",""coordinates"":[[[-112.02379033894974,33.38917772634247],[-112.02379033894974,33.37850958851848],[-112.0118669211109,33.38072480501958],[-112.0118669211109,33.39139329695223],[-112.02379033894974,33.38917772634247]]]}"
Arizona,Maricopa,9739895781808144384,58565.27193105598,13086.215,202512,deployment,"{""type"":""Polygon"",""coordinates"":[[[-112.0118669211109,33.39139329695223],[-112.0118669211109,33.38072480501958],[-111.99994345395756,33.38293877787928],[-111.99994345395756,33.393607623658035],[-112.0118669211109,33.39139329695223]]]}"
Arizona,Maricopa,9739895816167882752,81659.7448432618,16646.442,202512,deployment,"{""type"":""Polygon"",""coordinates"":[[[-112.0118669211109,33.40206064177982],[-112.0118669211109,33.39139329695223],[-111.99994345395756,33.393607623658035],[-111.99994345395756,33.40427532198662],[-112.0118669211109,33.40206064177982]]]}"
Arizona,Maricopa,9739895850527621120,118534.5990868735,30328.714,202512,deployment,"{""type"":""Polygon"",""coordinates"":[[[-112.0118669211109,33.41272683864362],[-112.0118669211109,33.40206064177982],[-111.99994345395756,33.40427532198662],[-111.99994345395754,33.414941872006345],[-112.0118669211109,33.41272683864362]]]}"
Arizona,Maricopa,9739895884887359488,152828.7047499657,35034.331,202512,deployment,"{""type"":""Polygon"",""coordinates"":[[[-112.02379033894974,33.410510560852344],[-112.02379033894974,33.39984471740667],[-112.0118669211109,33.40206064177982],[-112.0118669211109,33.41272683864362],[-112.02379033894974,33.410510560852344]]]}"
Arizona,Maricopa,9739895919247097856,154089.34310299112,32061.073,202512,deployment,"{""type"":""Polygon"",""coordinates"":[[[-112.02379033894974,33.39984471740667],[-112.02379033894974,33.38917772634247],[-112.0118669211109,33.39139329695223],[-112.0118669211109,33.40206064177982],[-112.02379033894974,33.39984471740667]]]}"
Arizona,Maricopa,9739895953606836224,146898.4481751267,35676.801,202512,deployment,"{""type"":""Polygon"",""coordinates"":[[[-112.03571370595999,33.39762754908383],[-112.03571370595999,33.386960912045474],[-112.02379033894974,33.38917772634247],[-112.02379033894974,33.39984471740667],[-112.03571370595999,33.39762754908383]]]}"
Arizona,Maricopa,9739895987966574592,183602.79057130858,48565.436,202512,deployment,"{""type"":""Polygon"",""coordinates"":[[[-112.03571370595999,33.40829303884908],[-112.03571370595999,33.39762754908383],[-112.02379033894974,33.39984471740667],[-112.02379033894974,33.410510560852344],[-112.03571370595999,33.40829303884908]]]}"
Arizona,Maricopa,9739896022326312960,148938.75285202375,27227.941,202512,deployment,"{""type"":""Polygon"",""coordinates"":[[[-112.04763702062775,33.40607427285097],[-112.04763702062775,33.3954091370285],[-112.03571370595999,33.39762754908383],[-112.03571370595999,33.40829303884908],[-112.04763702062775,33.40607427285097]]]}"
Arizona,Maricopa,9739896056686051328,122050.93309752345,23936.932,202512,deployment,"{""type"":""Polygon"",""coordinates"":[[[-112.04763702062775,33.3954091370285],[-112.04763702062775,33.3847428542785],[-112.03571370595999,33.386960912045474],[-112.03571370595999,33.39762754908383],[-112.04763702062775,33.3954091370285]]]}"
Arizona,Maricopa,9739896091045789696,3755.1590289857977,412.137,202512,deployment,"{""type"":""Polygon"",""coordinates"":[[[-112.04763702062775,33.3847428542785],[-112.04763702062775,33.37407542545975],[-112.03571370595999,33.376293128592756],[-112.03571370595999,33.386960912045474],[-112.04763702062775,33.3847428542785]]]}"
Arizona,Maricopa,9739896125405528064,10007.13374786196,2010.67,202512,deployment,"{""type"":""Polygon"",""coordinates"":[[[-112.03571370595999,33.386960912045474],[-112.03571370595999,33.376293128592756],[-112.02379033894974,33.37850958851848],[-112.02379033894974,33.38917772634247],[-112.03571370595999,33.386960912045474]]]}"
Arizona,Maricopa,9739896159765266432,6.950996065764372,-0.029,202512,deployment,"{""type"":""Polygon"",""coordinates"":[[[-112.03571370595999,33.376293128592756],[-112.03571370595999,33.36562419958512],[-112.02379033894974,33.367840304794115],[-112.02379033894974,33.37850958851848],[-112.03571370595999,33.376293128592756]]]}"
Arizona,Maricopa,9739896297204219904,708.050645328105,145.028,202512,deployment,"{""type"":""Polygon"",""coordinates"":[[[-112.07148348688116,33.380303009206685],[-112.07148348688116,33.36963629044424],[-112.05956028143932,33.37185647933742],[-112.05956028143932,33.382523553259425],[-112.07148348688116,33.380303009206685]]]}"
Arizona,Maricopa,9739896331563958272,2593.4255321032697,397.804,202512,deployment,"{""type"":""Polygon"",""coordinates"":[[[-112.05956028143932,33.382523553259425],[-112.05956028143932,33.37185647933742],[-112.04763702062775,33.37407542545975],[-112.04763702062775,33.3847428542785],[-112.05956028143932,33.382523553259425]]]}"
Arizona,Maricopa,9739896365923696640,59671.94563542478,15228.047,202512,deployment,"{""type"":""Polygon"",""coordinates"":[[[-112.05956028143932,33.393189481458485],[-112.05956028143932,33.382523553259425],[-112.04763702062775,33.3847428542785],[-112.04763702062775,33.3954091370285],[-112.05956028143932,33.393189481458485]]]}"
Arizona,Maricopa,9739896400283435008,17195.58895116775,3338.851,202512,deployment,"{""type"":""Polygon"",""coordinates"":[[[-112.05956028143932,33.403854263075765],[-112.05956028143932,33.393189481458485],[-112.04763702062775,33.3954091370285],[-112.04763702062775,33.40607427285097],[-112.05956028143932,33.403854263075765]]]}"
Arizona,Maricopa,9739896434643173376,57051.38815125565,11952.093,202512,deployment,"{""type"":""Polygon"",""coordinates"":[[[-112.07148348688116,33.40163300974172],[-112.07148348688116,33.39096858259213],[-112.05956028143932,33.393189481458485],[-112.05956028143932,33.403854263075765],[-112.07148348688116,33.40163300974172]]]}"
Arizona,Maricopa,9739896469002911744,30503.28936622664,6470.67,202512,deployment,"{""type"":""Polygon"",""coordinates"":[[[-112.07148348688116,33.39096858259213],[-112.07148348688116,33.380303009206685],[-112.05956028143932,33.382523553259425],[-112.05956028143932,33.393189481458485],[-112.07148348688116,33.39096858259213]]]}"
Arizona,Maricopa,9739896503362650112,19021.15074029699,3197.626,202512,deployment,"{""type"":""Polygon"",""coordinates"":[[[-112.08340663543997,33.38874644064839],[-112.08340663543997,33.3780812223393],[-112.07148348688116,33.380303009206685],[-112.07148348688116,33.39096858259213],[-112.08340663543997,33.38874644064839]]]}"
Arizona,Maricopa,9739896537722388480,44402.787328206636,8874.765,202512,deployment,"{""type"":""Polygon"",""coordinates"":[[[-112.08340663543997,33.399410513067735],[-112.08340663543997,33.38874644064839],[-112.07148348688116,33.39096858259213],[-112.07148348688116,33.40163300974172],[-112.08340663543997,33.399410513067735]]]}"
Arizona,Maricopa,9739896572082126848,19788.308836773176,3215.662,202512,deployment,"{""type"":""Polygon"",""coordinates"":[[[-112.09532972560264,33.39718677327324],[-112.09532972560264,33.38652305584679],[-112.08340663543997,33.38874644064839],[-112.08340663543997,33.399410513067735],[-112.09532972560264,33.39718677327324]]]}"
Arizona,Maricopa,9739896606441865216,11328.176985342436,1961.419,202512,deployment,"{""type"":""Polygon"",""coordinates"":[[[-112.09532972560264,33.38652305584679],[-112.09532972560264,33.37585819287685],[-112.08340663543997,33.3780812223393],[-112.08340663543997,33.38874644064839],[-112.09532972560264,33.38652305584679]]]}"
Arizona,Maricopa,9739896675161341952,135.74754710332363,50.922,202512,deployment,"{""type"":""Polygon"",""coordinates"":[[[-112.08340663543997,33.3780812223393],[-112.08340663543997,33.36741485899932],[-112.07148348688116,33.36963629044424],[-112.07148348688116,33.380303009206685],[-112.08340663543997,33.3780812223393]]]}"
Arizona,Maricopa,9739897190557417472,79.82939375625675,14.447,202512,deployment,"{""type"":""Polygon"",""coordinates"":[[[-112.11917572468799,33.392735565203445],[-112.11917572468799,33.38207255855094],[-112.10725275585622,33.38429842840742],[-112.10725275585622,33.39496179057828],[-112.11917572468799,33.392735565203445]]]}"
Arizona,Maricopa,9739897259276894208,2961.1412833919585,527.464,202512,deployment,"{""type"":""Polygon"",""coordinates"":[[[-112.10725275585622,33.38429842840742],[-112.10725275585622,33.3736339210395],[-112.09532972560264,33.37585819287685],[-112.09532972560264,33.38652305584679],[-112.10725275585622,33.38429842840742]]]}"
Arizona,Maricopa,9739897293636632576,4885.471483567316,964.093,202512,deployment,"{""type"":""Polygon"",""coordinates"":[[[-112.10725275585622,33.39496179057828],[-112.10725275585622,33.38429842840742],[-112.09532972560264,33.38652305584679],[-112.09532972560264,33.39718677327324],[-112.10725275585622,33.39496179057828]]]}"
Arizona,Maricopa,9739897327996370944,6389.643760979796,1391.774,202512,deployment,"{""type"":""Polygon"",""coordinates"":[[[-112.10725275585621,33.405624006693856],[-112.10725275585622,33.39496179057828],[-112.09532972560264,33.39718677327324],[-112.09532972560264,33.40784934429799],[-112.10725275585621,33.405624006693856]]]}"
Arizona,Maricopa,9739897431075586048,115.26143600462277,31.651,202512,deployment,"{""type"":""Polygon"",""coordinates"":[[[-112.11917572468799,33.40339742614724],[-112.11917572468799,33.392735565203445],[-112.10725275585622,33.39496179057828],[-112.10725275585621,33.405624006693856],[-112.11917572468799,33.40339742614724]]]}"
Arizona,Maricopa,9739897740313231360,2368.431005993795,768.47,202512,deployment,"{""type"":""Polygon"",""coordinates"":[[[-112.11917572468799,33.4353761261533],[-112.11917572468799,33.42471770747881],[-112.10725275585621,33.42694499732932],[-112.10725275585622,33.437603770135965],[-112.11917572468799,33.4353761261533]]]}"
Arizona,Maricopa,9739897809032708096,340.1765585548953,150.909,202512,deployment,"{""type"":""Polygon"",""coordinates"":[[[-112.10725275585621,33.42694499732932],[-112.10725275585622,33.41628507589651],[-112.09532972560264,33.418510768063435],[-112.09532972560264,33.42917104371265],[-112.10725275585621,33.42694499732932]]]}"
Arizona,Maricopa,9739897843392446464,20354.675781153746,4829.101,202512,deployment,"{""type"":""Polygon"",""coordinates"":[[[-112.10725275585622,33.437603770135965],[-112.10725275585621,33.42694499732932],[-112.09532972560264,33.42917104371265],[-112.09532972560264,33.43983017038935],[-112.10725275585622,33.437603770135965]]]}"
Arizona,Maricopa,9739897877752184832,19976.82116991319,4457.65,202512,deployment,"{""type"":""Polygon"",""coordinates"":[[[-112.09532972560264,33.43983017038935],[-112.09532972560264,33.42917104371265],[-112.08340663543997,33.43139584640841],[-112.08340663543997,33.442055326693136],[-112.09532972560264,33.43983017038935]]]}"
Arizona,Maricopa,9739897912111923200,264855.0119504449,54949.439,202512,deployment,"{""type"":""Polygon"",""coordinates"":[[[-112.08340663543997,33.442055326693136],[-112.08340663543997,33.43139584640841],[-112.07148348688116,33.433619405196765],[-112.07148348688116,33.44427923882758],[-112.08340663543997,33.442055326693136]]]}"
Arizona,Maricopa,9739897946471661568,73830.28080694472,11407.965,202512,deployment,"{""type"":""Polygon"",""coordinates"":[[[-112.08340663543997,33.43139584640841],[-112.08340663543997,33.42073521680497],[-112.07148348688116,33.42295842190126],[-112.07148348688116,33.433619405196765],[-112.08340663543997,33.43139584640841]]]}"
Arizona,Maricopa,9739897980831399936,24746.2394745231,7604.771,202512,deployment,"{""type"":""Polygon"",""coordinates"":[[[-112.09532972560264,33.42917104371265],[-112.09532972560264,33.418510768063435],[-112.08340663543997,33.42073521680497],[-112.08340663543997,33.43139584640841],[-112.09532972560264,33.42917104371265]]]}"
Arizona,Maricopa,9739898049550876672,14341.339742234615,3013.457,202512,deployment,"{""type"":""Polygon"",""coordinates"":[[[-112.09532972560264,33.40784934429799],[-112.09532972560264,33.39718677327324],[-112.08340663543997,33.399410513067735],[-112.08340663543997,33.41007343873912],[-112.09532972560264,33.40784934429799]]]}"
Arizona,Maricopa,9739898083910615040,47159.192601226074,11275.979,202512,deployment,"{""type"":""Polygon"",""coordinates"":[[[-112.08340663543997,33.41007343873912],[-112.08340663543997,33.399410513067735],[-112.07148348688116,33.40163300974172],[-112.07148348688116,33.41229628979728],[-112.08340663543997,33.41007343873912]]]}"
Arizona,Maricopa,9739898118270353408,44598.93673283794,5025.087,202512,deployment,"{""type"":""Polygon"",""coordinates"":[[[-112.08340663543997,33.42073521680497],[-112.08340663543997,33.41007343873912],[-112.07148348688116,33.41229628979728],[-112.07148348688116,33.42295842190126],[-112.08340663543997,33.42073521680497]]]}"
Arizona,Maricopa,9739898152630091776,73453.09946880887,15956.168,202512,deployment,"{""type"":""Polygon"",""coordinates"":[[[-112.07148348688116,33.42295842190126],[-112.07148348688116,33.41229628979728],[-112.05956028143932,33.41451789725309],[-112.05956028143932,33.42518038313297],[-112.07148348688116,33.42295842190126]]]}"
Arizona,Maricopa,9739898186989830144,88356.97071859766,24362.2,202512,deployment,"{""type"":""Polygon"",""coordinates"":[[[-112.07148348688116,33.41229628979728],[-112.07148348688116,33.40163300974172],[-112.05956028143932,33.403854263075765],[-112.05956028143932,33.41451789725309],[-112.07148348688116,33.41229628979728]]]}"
Arizona,Maricopa,9739898221349568512,47616.51419908602,15433.0,202512,deployment,"{""type"":""Polygon"",""coordinates"":[[[-112.05956028143932,33.41451789725309],[-112.05956028143932,33.403854263075765],[-112.04763702062775,33.40607427285097],[-112.04763702062775,33.41673826088777],[-112.05956028143932,33.41451789725309]]]}"
Arizona,Maricopa,9739898255709306880,94450.66208877742,17435.443,202512,deployment,"{""type"":""Polygon"",""coordinates"":[[[-112.05956028143932,33.42518038313297],[-112.05956028143932,33.41451789725309],[-112.04763702062775,33.41673826088777],[-112.04763702062775,33.42740110028139],[-112.05956028143932,33.42518038313297]]]}"
Arizona,Maricopa,9739898290069045248,420521.6059230148,82462.3,202512,deployment,"{""type"":""Polygon"",""coordinates"":[[[-112.05956028143932,33.435841719858516],[-112.05956028143932,33.42518038313297],[-112.04763702062775,33.42740110028139],[-112.04763702062775,33.438062790174975],[-112.05956028143932,33.435841719858516]]]}"
Arizona,Maricopa,9739898324428783616,121020.16400922128,29408.75,202512,deployment,"{""type"":""Polygon"",""coordinates"":[[[-112.07148348688116,33.433619405196765],[-112.07148348688116,33.42295842190126],[-112.05956028143932,33.42518038313297],[-112.05956028143932,33.435841719858516],[-112.07148348688116,33.433619405196765]]]}"
Arizona,Maricopa,9739898358788521984,797086.3602173396,91061.389,202512,deployment,"{""type"":""Polygon"",""coordinates"":[[[-112.07148348688116,33.44427923882758],[-112.07148348688116,33.433619405196765],[-112.05956028143932,33.435841719858516],[-112.05956028143932,33.44650190657351],[-112.07148348688116,33.44427923882758]]]}"
Arizona,Maricopa,9739898393148260352,514124.9072260045,58521.225,202512,deployment,"{""type"":""Polygon"",""coordinates"":[[[-112.05956028143932,33.44650190657351],[-112.05956028143932,33.435841719858516],[-112.04763702062775,33.438062790174975],[-112.04763702062775,33.44872332971235],[-112.05956028143932,33.44650190657351]]]}"
Arizona,Maricopa,9739898427507998720,591428.8365416361,70436.367,202512,deployment,"{""type"":""Polygon"",""coordinates"":[[[-112.05956028143932,33.45716094242241],[-112.05956028143932,33.44650190657351],[-112.04763702062775,33.44872332971235],[-112.04763702062775,33.45938271803798],[-112.05956028143932,33.45716094242241]]]}"
Arizona,Maricopa,9739898461867737088,440981.54978482606,55186.184,202512,deployment,"{""type"":""Polygon"",""coordinates"":[[[-112.05956028143932,33.4678188265503],[-112.05956028143932,33.45716094242241],[-112.04763702062775,33.45938271803798],[-112.04763702062775,33.47004095429698],[-112.05956028143932,33.4678188265503]]]}"
Arizona,Maricopa,9739898496227475456,526928.141088481,50261.117,202512,deployment,"{""type"":""Polygon"",""coordinates"":[[[-112.07148348688116,33.465595453673416],[-112.07148348688116,33.454937921938104],[-112.05956028143932,33.45716094242241],[-112.05956028143932,33.4678188265503],[-112.07148348688116,33.465595453673416]]]}"
Arizona,Maricopa,9739898530587213824,708825.7718358171,55002.317,202512,deployment,"{""type"":""Polygon"",""coordinates"":[[[-112.07148348688116,33.454937921938104],[-112.07148348688116,33.44427923882758],[-112.05956028143932,33.44650190657351],[-112.05956028143932,33.45716094242241],[-112.07148348688116,33.454937921938104]]]}"
Arizona,Maricopa,9739898564946952192,513039.1136266347,57263.652,202512,deployment,"{""type"":""Polygon"",""coordinates"":[[[-112.08340663543997,33.452713656803574],[-112.08340663543997,33.442055326693136],[-112.07148348688116,33.44427923882758],[-112.07148348688116,33.454937921938104],[-112.08340663543997,33.452713656803574]]]}"
Arizona,Maricopa,9739898599306690560,66586.76508200669,5594.119,202512,deployment,"{""type"":""Polygon"",""coordinates"":[[[-112.09532972560264,33.45048814723792],[-112.09532972560264,33.43983017038935],[-112.08340663543997,33.442055326693136],[-112.08340663543997,33.452713656803574],[-112.09532972560264,33.45048814723792]]]}"
Arizona,Maricopa,9739898633666428928,131583.40039428617,8780.422,202512,deployment,"{""type"":""Polygon"",""coordinates"":[[[-112.09532972560264,33.46114497340337],[-112.09532972560264,33.45048814723792],[-112.08340663543997,33.452713656803574],[-112.08340663543997,33.46337083588477],[-112.09532972560264,33.46114497340337]]]}"
Arizona,Maricopa,9739898668026167296,488814.9919697629,50701.978,202512,deployment,"{""type"":""Polygon"",""coordinates"":[[[-112.08340663543997,33.46337083588477],[-112.08340663543997,33.452713656803574],[-112.07148348688116,33.454937921938104],[-112.07148348688116,33.465595453673416],[-112.08340663543997,33.46337083588477]]]}"
Arizona,Maricopa,9739898702385905664,378703.3419636769,36248.018,202512,deployment,"{""type"":""Polygon"",""coordinates"":[[[-112.08340663543997,33.47402686308241],[-112.08340663543997,33.46337083588477],[-112.07148348688116,33.465595453673416],[-112.07148348688116,33.476251833179234],[-112.08340663543997,33.47402686308241]]]}"
Arizona,Maricopa,9739898736745644032,92174.10430357252,7225.843,202512,deployment,"{""type"":""Polygon"",""coordinates"":[[[-112.09532972560264,33.47180064803138],[-112.09532972560264,33.46114497340337],[-112.08340663543997,33.46337083588477],[-112.08340663543997,33.47402686308241],[-112.09532972560264,33.47180064803138]]]}"
Arizona,Maricopa,9739898771105382400,76114.38439187399,9451.074,202512,deployment,"{""type"":""Polygon"",""coordinates"":[[[-112.09532972560264,33.482455170268295],[-112.09532972560264,33.47180064803138],[-112.08340663543997,33.47402686308241],[-112.08340663543997,33.48468173754284],[-112.09532972560264,33.482455170268295]]]}"
Arizona,Maricopa,9739898805465120768,317228.6159206808,37115.163,202512,deployment,"{""type"":""Polygon"",""coordinates"":[[[-112.08340663543997,33.48468173754284],[-112.08340663543997,33.47402686308241],[-112.07148348688116,33.476251833179234],[-112.07148348688116,33.486907059601926],[-112.08340663543997,33.48468173754284]]]}"
Arizona,Maricopa,9739898839824859136,326031.54747816804,25812.097,202512,deployment,"{""type"":""Polygon"",""coordinates"":[[[-112.07148348688116,33.486907059601926],[-112.07148348688116,33.476251833179234],[-112.05956028143932,33.47847555810293],[-112.05956028143932,33.48913113622667],[-112.07148348688116,33.486907059601926]]]}"
Arizona,Maricopa,9739898874184597504,213654.37675101223,15721.605,202512,deployment,"{""type"":""Polygon"",""coordinates"":[[[-112.07148348688116,33.476251833179234],[-112.07148348688116,33.465595453673416],[-112.05956028143932,33.4678188265503],[-112.05956028143932,33.47847555810293],[-112.07148348688116,33.476251833179234]]]}"
Arizona,Maricopa,9739898908544335872,195408.3025574914,20073.604,202512,deployment,"{""type"":""Polygon"",""coordinates"":[[[-112.05956028143932,33.47847555810293],[-112.05956028143932,33.4678188265503],[-112.04763702062775,33.47004095429698],[-112.04763702062775,33.48069803763509],[-112.05956028143932,33.47847555810293]]]}"
Arizona,Maricopa,9739898942904074240,263431.7375601042,17938.074,202512,deployment,"{""type"":""Polygon"",""coordinates"":[[[-112.05956028143932,33.48913113622667],[-112.05956028143932,33.47847555810293],[-112.04763702062775,33.48069803763509],[-112.04763702062775,33.49135396719877],[-112.05956028143932,33.48913113622667]]]}"
Arizona,Maricopa,9739898977263812608,165230.24055093146,24282.346,202512,deployment,"{""type"":""Polygon"",""coordinates"":[[[-112.05956028143932,33.49978556006861],[-112.05956028143932,33.48913113622667],[-112.04763702062775,33.49135396719877],[-112.04763702062775,33.50200874213507],[-112.05956028143932,33.49978556006861]]]}"
Arizona,Maricopa,9739899011623550976,233896.72185614545,25859.299,202512,deployment,"{""type"":""Polygon"",""coordinates"":[[[-112.07148348688116,33.49756113208854],[-112.07148348688116,33.486907059601926],[-112.05956028143932,33.48913113622667],[-112.05956028143932,33.49978556006861],[-112.07148348688116,33.49756113208854]]]}"
Arizona,Maricopa,9739899045983289344,140359.29001959052,15055.416,202512,deployment,"{""type"":""Polygon"",""coordinates"":[[[-112.07148348688116,33.50821404978674],[-112.07148348688116,33.49756113208854],[-112.05956028143932,33.49978556006861],[-112.05956028143932,33.51043882877643],[-112.07148348688116,33.50821404978674]]]}"
Arizona,Maricopa,9739899080343027712,137421.90644935312,18989.101,202512,deployment,"{""type"":""Polygon"",""coordinates"":[[[-112.05956028143932,33.51043882877643],[-112.05956028143932,33.49978556006861],[-112.04763702062775,33.50200874213507],[-112.04763702062775,33.51266236159172],[-112.05956028143932,33.51043882877643]]]}"
Arizona,Maricopa,9739899114702766080,90174.31697240623,18109.404,202512,deployment,"{""type"":""Polygon"",""coordinates"":[[[-112.05956028143932,33.52109094149849],[-112.05956028143932,33.51043882877643],[-112.04763702062775,33.51266236159172],[-112.04763702062775,33.523314824717104],[-112.05956028143932,33.52109094149849]]]}"
Arizona,Maricopa,9739899149062504448,57513.580509034255,11954.315,202512,deployment,"{""type"":""Polygon"",""coordinates"":[[[-112.05956028143932,33.53174189738382],[-112.05956028143932,33.52109094149849],[-112.04763702062775,33.523314824717104],[-112.04763702062775,33.533966130660254],[-112.05956028143932,33.53174189738382]]]}"
Arizona,Maricopa,9739899183422242816,78729.22879780918,13345.936,202512,deployment,"{""type"":""Polygon"",""coordinates"":[[[-112.07148348688116,33.5295164174119],[-112.07148348688116,33.51886581184486],[-112.05956028143932,33.52109094149849],[-112.05956028143932,33.53174189738382],[-112.07148348688116,33.5295164174119]]]}"
Arizona,Maricopa,9739899217781981184,156144.53918239268,22480.894,202512,deployment,"{""type"":""Polygon"",""coordinates"":[[[-112.07148348688116,33.51886581184486],[-112.07148348688116,33.50821404978674],[-112.05956028143932,33.51043882877643],[-112.05956028143932,33.52109094149849],[-112.07148348688116,33.51886581184486]]]}"
Arizona,Maricopa,9739899252141719552,210371.38951217767,36129.756,202512,deployment,"{""type"":""Polygon"",""coordinates"":[[[-112.08340663543997,33.516639435974284],[-112.08340663543997,33.505988024840796],[-112.07148348688116,33.50821404978674],[-112.07148348688116,33.51886581184486],[-112.08340663543997,33.516639435974284]]]}"
Arizona,Maricopa,9739899286501457920,81843.76595116191,16406.236,202512,deployment,"{""type"":""Polygon"",""coordinates"":[[[-112.08340663543997,33.52728969096251],[-112.08340663543997,33.516639435974284],[-112.07148348688116,33.51886581184486],[-112.07148348688116,33.5295164174119],[-112.08340663543997,33.52728969096251]]]}"
Arizona,Maricopa,9739899320861196288,66639.3613351468,11788.38,202512,deployment,"{""type"":""Polygon"",""coordinates"":[[[-112.09532972560264,33.52506171825426],[-112.09532972560264,33.514411814105436],[-112.08340663543997,33.516639435974284],[-112.08340663543997,33.52728969096251],[-112.09532972560264,33.52506171825426]]]}"
Arizona,Maricopa,9739899355220934656,80439.27585228122,10812.207,202512,deployment,"{""type"":""Polygon"",""coordinates"":[[[-112.09532972560264,33.514411814105436],[-112.09532972560264,33.50376075415736],[-112.08340663543997,33.505988024840796],[-112.08340663543997,33.516639435974284],[-112.09532972560264,33.514411814105436]]]}"
Arizona,Maricopa,9739899389580673024,118699.79139236418,12198.832,202512,deployment,"{""type"":""Polygon"",""coordinates"":[[[-112.09532972560264,33.50376075415736],[-112.09532972560264,33.49310853926107],[-112.08340663543997,33.49533545841309],[-112.08340663543997,33.505988024840796],[-112.09532972560264,33.50376075415736]]]}"
Arizona,Maricopa,9739899423940411392,174328.41086909306,23300.504,202512,deployment,"{""type"":""Polygon"",""coordinates"":[[[-112.08340663543997,33.505988024840796],[-112.08340663543997,33.49533545841309],[-112.07148348688116,33.49756113208854],[-112.07148348688116,33.50821404978674],[-112.08340663543997,33.505988024840796]]]}"
Arizona,Maricopa,9739899458300149760,339537.6156627276,28350.482,202512,deployment,"{""type"":""Polygon"",""coordinates"":[[[-112.08340663543997,33.49533545841309],[-112.08340663543997,33.48468173754284],[-112.07148348688116,33.486907059601926],[-112.07148348688116,33.49756113208854],[-112.08340663543997,33.49533545841309]]]}"
Arizona,Maricopa,9739899492659888128,118930.06219300091,9099.14,202512,deployment,"{""type"":""Polygon"",""coordinates"":[[[-112.09532972560264,33.49310853926107],[-112.09532972560264,33.482455170268295],[-112.08340663543997,33.48468173754284],[-112.08340663543997,33.49533545841309],[-112.09532972560264,33.49310853926107]]]}"
Arizona,Maricopa,9739899527019626496,60186.0102263224,7163.465,202512,deployment,"{""type"":""Polygon"",""coordinates"":[[[-112.10725275585622,33.490880374851876],[-112.10725275585622,33.480227357997734],[-112.09532972560264,33.482455170268295],[-112.09532972560264,33.49310853926107],[-112.10725275585622,33.490880374851876]]]}"
Arizona,Maricopa,9739899561379364864,23033.056938660444,4544.234,202512,deployment,"{""type"":""Polygon"",""coordinates"":[[[-112.11917572468799,33.488650965405455],[-112.11917572468799,33.47799830095121],[-112.10725275585622,33.480227357997734],[-112.10725275585622,33.490880374851876],[-112.11917572468799,33.488650965405455]]]}"
Arizona,Maricopa,9739899595739103232,14529.911934296333,3173.523,202512,deployment,"{""type"":""Polygon"",""coordinates"":[[[-112.11917572468799,33.4993024764558],[-112.11917572468799,33.488650965405455],[-112.10725275585622,33.490880374851876],[-112.10725275585622,33.50153223795573],[-112.11917572468799,33.4993024764558]]]}"
Arizona,Maricopa,9739899630098841600,65633.65977821272,7843.102,202512,deployment,"{""type"":""Polygon"",""coordinates"":[[[-112.10725275585622,33.50153223795573],[-112.10725275585622,33.490880374851876],[-112.09532972560264,33.49310853926107],[-112.09532972560264,33.50376075415736],[-112.10725275585622,33.50153223795573]]]}"
Arizona,Maricopa,9739899664458579968,55001.36138252665,7073.59,202512,deployment,"{""type"":""Polygon"",""coordinates"":[[[-112.10725275585621,33.51218294645757],[-112.10725275585622,33.50153223795573],[-112.09532972560264,33.50376075415736],[-112.09532972560264,33.514411814105436],[-112.10725275585621,33.51218294645757]]]}"
Arizona,Maricopa,9739899698818318336,47251.825981629314,6353.177,202512,deployment,"{""type"":""Polygon"",""coordinates"":[[[-112.10725275585622,33.522832499506315],[-112.10725275585621,33.51218294645757],[-112.09532972560264,33.514411814105436],[-112.09532972560264,33.52506171825426],[-112.10725275585622,33.522832499506315]]]}"
Arizona,Maricopa,9739899733178056704,10552.21164813228,2849.047,202512,deployment,"{""type"":""Polygon"",""coordinates"":[[[-112.11917572468799,33.52060203493843],[-112.11917572468799,33.509952833250495],[-112.10725275585621,33.51218294645757],[-112.10725275585622,33.522832499506315],[-112.11917572468799,33.52060203493843]]]}"
Arizona,Maricopa,9739899767537795072,11893.908775966174,2924.211,202512,deployment,"{""type"":""Polygon"",""coordinates"":[[[-112.11917572468799,33.509952833250495],[-112.11917572468799,33.4993024764558],[-112.10725275585622,33.50153223795573],[-112.10725275585621,33.51218294645757],[-112.11917572468799,33.509952833250495]]]}"
Arizona,Maricopa,9739900214214393856,23822.333697546626,5450.95,202512,deployment,"{""type"":""Polygon"",""coordinates"":[[[-112.11917572468799,33.47799830095121],[-112.11917572468799,33.46734448394548],[-112.10725275585622,33.46957318824571],[-112.10725275585622,33.480227357997734],[-112.11917572468799,33.47799830095121]]]}"
Arizona,Maricopa,9739900248574132224,56894.71594050751,7145.578,202512,deployment,"{""type"":""Polygon"",""coordinates"":[[[-112.10725275585622,33.480227357997734],[-112.10725275585622,33.46957318824571],[-112.09532972560264,33.47180064803138],[-112.09532972560264,33.482455170268295],[-112.10725275585622,33.480227357997734]]]}"
Arizona,Maricopa,9739900282933870592,47570.08095216127,7178.873,202512,deployment,"{""type"":""Polygon"",""coordinates"":[[[-112.10725275585622,33.46957318824571],[-112.10725275585622,33.458917866448836],[-112.09532972560264,33.46114497340337],[-112.09532972560264,33.47180064803138],[-112.10725275585622,33.46957318824571]]]}"
Arizona,Maricopa,9739900317293608960,11504.535414447395,3257.246,202512,deployment,"{""type"":""Polygon"",""coordinates"":[[[-112.11917572468799,33.46734448394548],[-112.11917572468799,33.45668951524133],[-112.10725275585622,33.458917866448836],[-112.10725275585622,33.46957318824571],[-112.11917572468799,33.46734448394548]]]}"
Arizona,Maricopa,9739900351653347328,9903.6907189004,2959.634,202512,deployment,"{""type"":""Polygon"",""coordinates"":[[[-112.11917572468799,33.45668951524133],[-112.11917572468799,33.44603339569249],[-112.10725275585622,33.44826139346081],[-112.10725275585622,33.458917866448836],[-112.11917572468799,33.45668951524133]]]}"
Arizona,Maricopa,9739900386013085696,19278.860935747463,3296.669,202512,deployment,"{""type"":""Polygon"",""coordinates"":[[[-112.10725275585622,33.458917866448836],[-112.10725275585622,33.44826139346081],[-112.09532972560264,33.45048814723792],[-112.09532972560264,33.46114497340337],[-112.10725275585622,33.458917866448836]]]}"
Arizona,Maricopa,9739900420372824064,35365.738060933654,4775.265,202512,deployment,"{""type"":""Polygon"",""coordinates"":[[[-112.10725275585622,33.44826139346081],[-112.10725275585622,33.437603770135965],[-112.09532972560264,33.43983017038935],[-112.09532972560264,33.45048814723792],[-112.10725275585622,33.44826139346081]]]}"
Arizona,Maricopa,9739900454732562432,5932.396824293831,1397.191,202512,deployment,"{""type"":""Polygon"",""coordinates"":[[[-112.11917572468799,33.44603339569249],[-112.11917572468799,33.4353761261533],[-112.10725275585622,33.437603770135965],[-112.10725275585622,33.44826139346081],[-112.11917572468799,33.44603339569249]]]}"
Arizona,Maricopa,9739997727151882240,2284.4226698917037,227.086,202512,deployment,"{""type"":""Polygon"",""coordinates"":[[[-112.10725275585622,33.57606290321138],[-112.10725275585622,33.565419140171514],[-112.09532972560264,33.56764975985856],[-112.09532972560264,33.57829387226802],[-112.10725275585622,33.57606290321138]]]}"
Arizona,Maricopa,9739997761511620608,2220.1746887529753,341.892,202512,deployment,"{""type"":""Polygon"",""coordinates"":[[[-112.11917572468799,33.57383068703365],[-112.11917572468799,33.563187273623264],[-112.10725275585622,33.565419140171514],[-112.10725275585622,33.57606290321138],[-112.11917572468799,33.57383068703365]]]}"
Arizona,Maricopa,9739998208188219392,8216.409745709192,2299.601,202512,deployment,"{""type"":""Polygon"",""coordinates"":[[[-112.11917572468799,33.541896969592855],[-112.11917572468799,33.531250080669146],[-112.10725275585622,33.53348089625153],[-112.10725275585622,33.544128135843444],[-112.11917572468799,33.541896969592855]]]}"
Arizona,Maricopa,9739998242547957760,11244.480335865559,2672.021,202512,deployment,"{""type"":""Polygon"",""coordinates"":[[[-112.11917572468799,33.531250080669146],[-112.11917572468799,33.52060203493843],[-112.10725275585622,33.522832499506315],[-112.10725275585622,33.53348089625153],[-112.11917572468799,33.531250080669146]]]}"
Arizona,Maricopa,9739998276907696128,31863.621155264536,4669.929,202512,deployment,"{""type"":""Polygon"",""coordinates"":[[[-112.10725275585622,33.53348089625153],[-112.10725275585622,33.522832499506315],[-112.09532972560264,33.52506171825426],[-112.09532972560264,33.53571046575341],[-112.10725275585622,33.53348089625153]]]}"
Arizona,Maricopa,9739998311267434496,25271.392857269893,4723.522,202512,deployment,"{""type"":""Polygon"",""coordinates"":[[[-112.10725275585622,33.544128135843444],[-112.10725275585622,33.53348089625153],[-112.09532972560264,33.53571046575341],[-112.09532972560264,33.546358055753124],[-112.10725275585622,33.544128135843444]]]}"
Arizona,Maricopa,9739998345627172864,28373.728655923016,5205.867,202512,deployment,"{""type"":""Polygon"",""coordinates"":[[[-112.10725275585622,33.55477421743292],[-112.10725275585622,33.544128135843444],[-112.09532972560264,33.546358055753124],[-112.09532972560264,33.55700448740433],[-112.10725275585622,33.55477421743292]]]}"
Arizona,Maricopa,9739998379986911232,7592.798924199754,2195.41,202512,deployment,"{""type"":""Polygon"",""coordinates"":[[[-112.11917572468799,33.552542700860386],[-112.11917572468799,33.541896969592855],[-112.10725275585622,33.544128135843444],[-112.10725275585622,33.55477421743292],[-112.11917572468799,33.552542700860386]]]}"
Arizona,Maricopa,9739998414346649600,7561.151738525725,1795.679,202512,deployment,"{""type"":""Polygon"",""coordinates"":[[[-112.11917572468799,33.563187273623264],[-112.11917572468799,33.552542700860386],[-112.10725275585622,33.55477421743292],[-112.10725275585622,33.565419140171514],[-112.11917572468799,33.563187273623264]]]}"
Arizona,Maricopa,9739998448706387968,9565.468915008749,1818.051,202512,deployment,"{""type"":""Polygon"",""coordinates"":[[[-112.10725275585622,33.565419140171514],[-112.10725275585622,33.55477421743292],[-112.09532972560264,33.55700448740433],[-112.09532972560264,33.56764975985856],[-112.10725275585622,33.565419140171514]]]}"
Arizona,Maricopa,9739998483066126336,7359.8354060259535,1950.126,202512,deployment,"{""type"":""Polygon"",""coordinates"":[[[-112.09532972560264,33.56764975985856],[-112.09532972560264,33.55700448740433],[-112.08340663543997,33.55923351055505],[-112.08340663543997,33.56987913246494],[-112.09532972560264,33.56764975985856]]]}"
Arizona,Maricopa,9739998517425864704,8107.822853073182,1982.282,202512,deployment,"{""type"":""Polygon"",""coordinates"":[[[-112.08340663543997,33.56987913246494],[-112.08340663543997,33.55923351055505],[-112.07148348688116,33.561461286666145],[-112.07148348688116,33.572107257771776],[-112.08340663543997,33.56987913246494]]]}"
Arizona,Maricopa,9739998551785603072,37290.11704188456,9648.193,202512,deployment,"{""type"":""Polygon"",""coordinates"":[[[-112.08340663543997,33.55923351055505],[-112.08340663543997,33.5485867291023],[-112.07148348688116,33.550814155671915],[-112.07148348688116,33.561461286666145],[-112.08340663543997,33.55923351055505]]]}"
Arizona,Maricopa,9739998586145341440,21999.735625477257,6795.04,202512,deployment,"{""type"":""Polygon"",""coordinates"":[[[-112.09532972560264,33.55700448740433],[-112.09532972560264,33.546358055753124],[-112.08340663543997,33.5485867291023],[-112.08340663543997,33.55923351055505],[-112.09532972560264,33.55700448740433]]]}"
Arizona,Maricopa,9739998620505079808,23785.009376066475,6879.799,202512,deployment,"{""type"":""Polygon"",""coordinates"":[[[-112.09532972560264,33.546358055753124],[-112.09532972560264,33.53571046575341],[-112.08340663543997,33.53793878895509],[-112.08340663543997,33.5485867291023],[-112.09532972560264,33.546358055753124]]]}"
Arizona,Maricopa,9739998654864818176,16176.135576632663,3155.666,202512,deployment,"{""type"":""Polygon"",""coordinates"":[[[-112.09532972560264,33.53571046575341],[-112.09532972560264,33.52506171825426],[-112.08340663543997,33.52728969096251],[-112.08340663543997,33.53793878895509],[-112.09532972560264,33.53571046575341]]]}"
Arizona,Maricopa,9739998689224556544,60745.869319120255,13497.715,202512,deployment,"{""type"":""Polygon"",""coordinates"":[[[-112.08340663543997,33.53793878895509],[-112.08340663543997,33.52728969096251],[-112.07148348688116,33.5295164174119],[-112.07148348688116,33.54016586563748],[-112.08340663543997,33.53793878895509]]]}"
Arizona,Maricopa,9739998723584294912,35569.60664667705,8980.001,202512,deployment,"{""type"":""Polygon"",""coordinates"":[[[-112.08340663543997,33.5485867291023],[-112.08340663543997,33.53793878895509],[-112.07148348688116,33.54016586563748],[-112.07148348688116,33.550814155671915],[-112.08340663543997,33.5485867291023]]]}"
Arizona,Maricopa,9739998757944033280,14382.160240201112,3179.521,202512,deployment,"{""type"":""Polygon"",""coordinates"":[[[-112.07148348688116,33.550814155671915],[-112.07148348688116,33.54016586563748],[-112.05956028143932,33.54239169558206],[-112.05956028143932,33.55304033524353],[-112.07148348688116,33.550814155671915]]]}"
Arizona,Maricopa,9739998792303771648,51460.855440505045,11976.154,202512,deployment,"{""type"":""Polygon"",""coordinates"":[[[-112.07148348688116,33.54016586563748],[-112.07148348688116,33.5295164174119],[-112.05956028143932,33.53174189738382],[-112.05956028143932,33.54239169558206],[-112.07148348688116,33.54016586563748]]]}"
Arizona,Maricopa,9739998826663510016,37585.58030110258,9979.657,202512,deployment,"{""type"":""Polygon"",""coordinates"":[[[-112.05956028143932,33.54239169558206],[-112.05956028143932,33.53174189738382],[-112.04763702062775,33.533966130660254],[-112.04763702062775,33.54461627857087],[-112.05956028143932,33.54239169558206]]]}"
Arizona,Maricopa,9739998861023248384,36519.478819799464,11045.849,202512,deployment,"{""type"":""Polygon"",""coordinates"":[[[-112.05956028143932,33.55304033524353],[-112.05956028143932,33.54239169558206],[-112.04763702062775,33.54461627857087],[-112.04763702062775,33.55526526759928],[-112.05956028143932,33.55304033524353]]]}"
Arizona,Maricopa,9739998895382986752,17.338406712333786,6.885,202512,deployment,"{""type"":""Polygon"",""coordinates"":[[[-112.05956028143932,33.56368781551923],[-112.05956028143932,33.55304033524353],[-112.04763702062775,33.55526526759928],[-112.04763702062775,33.56591309689649],[-112.05956028143932,33.56368781551923]]]}"
Arizona,Maricopa,9739998929742725120,13588.80734067938,3713.773,202512,deployment,"{""type"":""Polygon"",""coordinates"":[[[-112.07148348688116,33.561461286666145],[-112.07148348688116,33.550814155671915],[-112.05956028143932,33.55304033524353],[-112.05956028143932,33.56368781551923],[-112.07148348688116,33.561461286666145]]]}"
Arizona,Maricopa,9739999204620632064,3.7084279939817706,0.672,202512,deployment,"{""type"":""Polygon"",""coordinates"":[[[-112.09532972560264,33.57829387226802],[-112.09532972560264,33.56764975985856],[-112.08340663543997,33.56987913246494],[-112.08340663543997,33.58052359398419],[-112.09532972560264,33.57829387226802]]]}"
Arizona,Maricopa,9740002606234730496,4594.966118200119,1585.117,202512,deployment,"{""type"":""Polygon"",""coordinates"":[[[-111.9760963777647,33.69631075280785],[-111.9760963777647,33.68567367047431],[-111.96417277175436,33.68789366658374],[-111.96417277175436,33.698531092336474],[-111.9760963777647,33.69631075280785]]]}"
Arizona,Maricopa,9740002709313945600,21553.709535541195,4810.675,202512,deployment,"{""type"":""Polygon"",""coordinates"":[[[-111.9760963777647,33.68567367047431],[-111.9760963777647,33.67503541704655],[-111.96417277175436,33.67725506939285],[-111.96417277175436,33.68789366658374],[-111.9760963777647,33.68567367047431]]]}"
Arizona,Maricopa,9740002743673683968,17032.34538924424,4567.904,202512,deployment,"{""type"":""Polygon"",""coordinates"":[[[-111.98801993900399,33.68345242279564],[-111.98801993900399,33.672814513388744],[-111.9760963777647,33.67503541704655],[-111.9760963777647,33.68567367047431],[-111.98801993900399,33.68345242279564]]]}"
Arizona,Maricopa,9740002778033422336,1.3657193929495826,1.366,202512,deployment,"{""type"":""Polygon"",""coordinates"":[[[-111.98801993900399,33.69408916145242],[-111.98801993900399,33.68345242279564],[-111.9760963777647,33.68567367047431],[-111.9760963777647,33.69631075280785],[-111.98801993900399,33.69408916145242]]]}"
Arizona,Maricopa,9740002915472375808,10538.573624553903,3112.929,202512,deployment,"{""type"":""Polygon"",""coordinates"":[[[-111.99994345395754,33.65995362394016],[-111.99994345395756,33.649313720526],[-111.98801993900399,33.65153518569194],[-111.98801993900399,33.662175434073404],[-111.99994345395754,33.65995362394016]]]}"
Arizona,Maricopa,9740002949832114176,39370.20355923019,9707.501,202512,deployment,"{""type"":""Polygon"",""coordinates"":[[[-111.98801993900399,33.662175434073404],[-111.98801993900399,33.65153518569194],[-111.9760963777647,33.65375540027558],[-111.9760963777647,33.66439599336622],[-111.98801993900399,33.662175434073404]]]}"
Arizona,Maricopa,9740002984191852544,31148.12843061143,7560.031,202512,deployment,"{""type"":""Polygon"",""coordinates"":[[[-111.98801993900399,33.672814513388744],[-111.98801993900399,33.662175434073404],[-111.9760963777647,33.66439599336622],[-111.9760963777647,33.67503541704655],[-111.98801993900399,33.672814513388744]]]}"
Arizona,Maricopa,9740003018551590912,7063.050453895649,1106.957,202512,deployment,"{""type"":""Polygon"",""coordinates"":[[[-111.9760963777647,33.67503541704655],[-111.9760963777647,33.66439599336622],[-111.96417277175436,33.66661530160541],[-111.96417277175436,33.67725506939285],[-111.9760963777647,33.67503541704655]]]}"
Arizona,Maricopa,9740003052911329280,9074.002980377783,1678.379,202512,deployment,"{""type"":""Polygon"",""coordinates"":[[[-111.96417277175436,33.67725506939285],[-111.96417277175436,33.66661530160541],[-111.9522491224878,33.66883335857838],[-111.9522491224878,33.67947347021511],[-111.96417277175436,33.67725506939285]]]}"
Arizona,Maricopa,9740003087271067648,18814.167874861134,2852.036,202512,deployment,"{""type"":""Polygon"",""coordinates"":[[[-111.96417277175436,33.66661530160541],[-111.96417277175436,33.65597436406368],[-111.9522491224878,33.65819207684357],[-111.9522491224878,33.66883335857838],[-111.96417277175436,33.66661530160541]]]}"
Arizona,Maricopa,9740003155990544384,7732.72668636036,2266.87,202512,deployment,"{""type"":""Polygon"",""coordinates"":[[[-111.9760963777647,33.65375540027558],[-111.9760963777647,33.64311363861761],[-111.96417277175436,33.645332257610605],[-111.96417277175436,33.65597436406368],[-111.9760963777647,33.65375540027558]]]}"
Arizona,Maricopa,9740003224710021120,44466.494900383586,11531.513,202512,deployment,"{""type"":""Polygon"",""coordinates"":[[[-111.96417277175436,33.645332257610605],[-111.96417277175436,33.63468898308975],[-111.9522491224878,33.63690600645188],[-111.9522491224878,33.64754962585355],[-111.96417277175436,33.645332257610605]]]}"
Arizona,Maricopa,9740003259069759488,28867.00370048263,7579.174,202512,deployment,"{""type"":""Polygon"",""coordinates"":[[[-111.9760963777647,33.64311363861761],[-111.9760963777647,33.63247070923592],[-111.96417277175436,33.63468898308975],[-111.96417277175436,33.645332257610605],[-111.9760963777647,33.64311363861761]]]}"
Arizona,Maricopa,9740003293429497856,50406.9195512284,13371.228,202512,deployment,"{""type"":""Polygon"",""coordinates"":[[[-111.98801993900399,33.64089376908731],[-111.98801993900399,33.630251185103184],[-111.9760963777647,33.63247070923592],[-111.9760963777647,33.64311363861761],[-111.98801993900399,33.64089376908731]]]}"
Arizona,Maricopa,9740003327789236224,44949.941837822436,12723.052,202512,deployment,"{""type"":""Polygon"",""coordinates"":[[[-111.98801993900399,33.65153518569194],[-111.98801993900399,33.64089376908731],[-111.9760963777647,33.64311363861761],[-111.9760963777647,33.65375540027558],[-111.98801993900399,33.65153518569194]]]}"
Arizona,Maricopa,9740003362148974592,11323.550037618304,3891.899,202512,deployment,"{""type"":""Polygon"",""coordinates"":[[[-111.99994345395756,33.649313720526],[-111.99994345395754,33.638672649233044],[-111.98801993900399,33.64089376908731],[-111.98801993900399,33.65153518569194],[-111.99994345395756,33.649313720526]]]}"
Arizona,Maricopa,9740003396508712960,9564.629870166551,3601.715,202512,deployment,"{""type"":""Polygon"",""coordinates"":[[[-111.99994345395754,33.638672649233044],[-111.99994345395756,33.628030410904955],[-111.98801993900399,33.630251185103184],[-111.98801993900399,33.64089376908731],[-111.99994345395754,33.638672649233044]]]}"
Arizona,Maricopa,9740003430868451328,2039.0239856267033,1023.894,202512,deployment,"{""type"":""Polygon"",""coordinates"":[[[-112.0118669211109,33.63645027926869],[-112.0118669211109,33.625808386855205],[-111.99994345395756,33.628030410904955],[-111.99994345395754,33.638672649233044],[-112.0118669211109,33.63645027926869]]]}"
Arizona,Maricopa,9740003533947666432,590.146399506025,312.494,202512,deployment,"{""type"":""Polygon"",""coordinates"":[[[-112.0118669211109,33.64709100499161],[-112.0118669211109,33.63645027926869],[-111.99994345395754,33.638672649233044],[-111.99994345395756,33.649313720526],[-112.0118669211109,33.64709100499161]]]}"
Arizona,Maricopa,9740003568307404800,79.762860083125,65.868,202512,deployment,"{""type"":""Polygon"",""coordinates"":[[[-112.0118669211109,33.65773056318025],[-112.0118669211109,33.64709100499161],[-111.99994345395756,33.649313720526],[-111.99994345395754,33.65995362394016],[-112.0118669211109,33.65773056318025]]]}"
Arizona,Maricopa,9740004152422957056,15233.556844527355,8196.709,202512,deployment,"{""type"":""Polygon"",""coordinates"":[[[-112.0118669211109,33.625808386855205],[-112.0118669211109,33.61516532859548],[-111.99994345395754,33.61738700638604],[-111.99994345395756,33.628030410904955],[-112.0118669211109,33.625808386855205]]]}"
Arizona,Maricopa,9740004186782695424,14896.245974957987,8302.693,202512,deployment,"{""type"":""Polygon"",""coordinates"":[[[-112.0118669211109,33.61516532859548],[-112.0118669211109,33.60452110533452],[-111.99994345395754,33.60674243652129],[-111.99994345395754,33.61738700638604],[-112.0118669211109,33.61516532859548]]]}"
Arizona,Maricopa,9740004289861910528,12112.877030654921,6698.548,202512,deployment,"{""type"":""Polygon"",""coordinates"":[[[-112.0118669211109,33.60452110533452],[-112.0118669211109,33.59387571791797],[-111.99994345395754,33.59609670215631],[-111.99994345395754,33.60674243652129],[-112.0118669211109,33.60452110533452]]]}"
Arizona,Maricopa,9740004324221648896,13663.653584045629,7455.698,202512,deployment,"{""type"":""Polygon"",""coordinates"":[[[-112.0118669211109,33.59387571791797],[-112.0118669211109,33.58322916719214],[-111.99994345395754,33.5854498041374],[-111.99994345395754,33.59609670215631],[-112.0118669211109,33.59387571791797]]]}"
Arizona,Maricopa,9740004633459294208,4969.592874796084,3243.346,202512,deployment,"{""type"":""Polygon"",""coordinates"":[[[-112.04763702062775,33.56591309689649],[-112.04763702062775,33.55526526759928],[-112.03571370595999,33.55748895252185],[-112.03571370595999,33.56813713058071],[-112.04763702062775,33.56591309689649]]]}"
Arizona,Maricopa,9740004667819032576,19329.406041020004,7540.506,202512,deployment,"{""type"":""Polygon"",""coordinates"":[[[-112.04763702062775,33.55526526759928],[-112.04763702062775,33.54461627857087],[-112.03571370595999,33.54683961438655],[-112.03571370595999,33.55748895252185],[-112.04763702062775,33.55526526759928]]]}"
Arizona,Maricopa,9740004702178770944,89665.6358010726,27939.793,202512,deployment,"{""type"":""Polygon"",""coordinates"":[[[-112.04763702062775,33.54461627857087],[-112.04763702062775,33.533966130660254],[-112.03571370595999,33.536189117023774],[-112.03571370595999,33.54683961438655],[-112.04763702062775,33.54461627857087]]]}"
Arizona,Maricopa,9740004736538509312,20921.399562061742,5850.134,202512,deployment,"{""type"":""Polygon"",""coordinates"":[[[-112.03571370595999,33.54683961438655],[-112.03571370595999,33.536189117023774],[-112.02379033894974,33.53841085625749],[-112.02379033894974,33.54906170281229],[-112.03571370595999,33.54683961438655]]]}"
Arizona,Maricopa,9740004977056677888,2362.4724946396022,2362.472,202512,deployment,"{""type"":""Polygon"",""coordinates"":[[[-112.02379033894974,33.57035991635523],[-112.02379033894974,33.55971138979452],[-112.0118669211109,33.561932579201155],[-112.0118669211109,33.57258145400399],[-112.02379033894974,33.57035991635523]]]}"
Arizona,Maricopa,9740005011416416256,9154.220983451147,5927.816,202512,deployment,"{""type"":""Polygon"",""coordinates"":[[[-112.02379033894974,33.58100728164613],[-112.02379033894974,33.57035991635523],[-112.0118669211109,33.57258145400399],[-112.0118669211109,33.58322916719214],[-112.02379033894974,33.58100728164613]]]}"
Arizona,Maricopa,9740005045776154624,24012.45435436288,12533.778,202512,deployment,"{""type"":""Polygon"",""coordinates"":[[[-112.0118669211109,33.58322916719214],[-112.0118669211109,33.57258145400399],[-111.99994345395754,33.57480174331149],[-111.99994345395754,33.5854498041374],[-112.0118669211109,33.58322916719214]]]}"
Arizona,Maricopa,9740005080135892992,27903.038343247306,12349.988,202512,deployment,"{""type"":""Polygon"",""coordinates"":[[[-111.99994345395754,33.5854498041374],[-111.99994345395754,33.57480174331149],[-111.98801993900399,33.57702078406282],[-111.98801993900399,33.58766919226708],[-111.99994345395754,33.5854498041374]]]}"
Arizona,Maricopa,9740005114495631360,127368.04534344422,37745.689,202512,deployment,"{""type"":""Polygon"",""coordinates"":[[[-111.98801993900399,33.58766919226708],[-111.98801993900399,33.57702078406282],[-111.9760963777647,33.57923857604363],[-111.9760963777647,33.5898873313669],[-111.98801993900399,33.58766919226708]]]}"
Arizona,Maricopa,9740005148855369728,118598.33625324492,33451.039,202512,deployment,"{""type"":""Polygon"",""coordinates"":[[[-111.98801993900399,33.57702078406282],[-111.98801993900399,33.56637121355462],[-111.9760963777647,33.568588658072045],[-111.9760963777647,33.57923857604363],[-111.98801993900399,33.57702078406282]]]}"
Arizona,Maricopa,9740005320654061568,97380.09128608253,27265.848,202512,deployment,"{""type"":""Polygon"",""coordinates"":[[[-111.98801993900399,33.56637121355462],[-111.98801993900399,33.5557204815907],[-111.9760963777647,33.557937578300354],[-111.9760963777647,33.568588658072045],[-111.98801993900399,33.56637121355462]]]}"
Arizona,Maricopa,9740005389373538304,141511.177274515,39803.284,202512,deployment,"{""type"":""Polygon"",""coordinates"":[[[-111.9760963777647,33.557937578300354],[-111.9760963777647,33.54728533757743],[-111.96417277175436,33.54950083792946],[-111.96417277175436,33.560153426544794],[-111.9760963777647,33.557937578300354]]]}"
Arizona,Maricopa,9740005423733276672,4829.534171884956,1915.32,202512,deployment,"{""type"":""Polygon"",""coordinates"":[[[-111.96417277175436,33.560153426544794],[-111.96417277175436,33.54950083792946],[-111.9522491224878,33.55171508986264],[-111.9522491224878,33.56236802611068],[-111.96417277175436,33.560153426544794]]]}"
Arizona,Maricopa,9740005458093015040,11352.458763094795,4828.085,202512,deployment,"{""type"":""Polygon"",""coordinates"":[[[-111.96417277175436,33.57080485386464],[-111.96417277175436,33.560153426544794],[-111.9522491224878,33.56236802611068],[-111.9522491224878,33.57301980071915],[-111.96417277175436,33.57080485386464]]]}"
Arizona,Maricopa,9740005492452753408,30346.45043045377,10088.521,202512,deployment,"{""type"":""Polygon"",""coordinates"":[[[-111.96417277175436,33.581455119040164],[-111.96417277175436,33.57080485386464],[-111.9522491224878,33.57301980071915],[-111.9522491224878,33.58367041283927],[-111.96417277175436,33.581455119040164]]]}"
Arizona,Maricopa,9740005526812491776,7014.093178628944,2761.325,202512,deployment,"{""type"":""Polygon"",""coordinates"":[[[-111.9760963777647,33.57923857604363],[-111.9760963777647,33.568588658072045],[-111.96417277175436,33.57080485386464],[-111.96417277175436,33.581455119040164],[-111.9760963777647,33.57923857604363]]]}"
Arizona,Maricopa,9740005561172230144,58711.54065920955,18788.317,202512,deployment,"{""type"":""Polygon"",""coordinates"":[[[-111.9760963777647,33.5898873313669],[-111.9760963777647,33.57923857604363],[-111.96417277175436,33.581455119040164],[-111.96417277175436,33.5921042212232],[-111.9760963777647,33.5898873313669]]]}"
Arizona,Maricopa,9740005595531968512,46645.51980591997,15353.599,202512,deployment,"{""type"":""Polygon"",""coordinates"":[[[-111.96417277175436,33.5921042212232],[-111.96417277175436,33.581455119040164],[-111.9522491224878,33.58367041283927],[-111.9522491224878,33.59431986162284],[-111.96417277175436,33.5921042212232]]]}"
Arizona,Maricopa,9740005629891706880,50550.980425676935,15294.259,202512,deployment,"{""type"":""Polygon"",""coordinates"":[[[-111.96417277175436,33.60275215956621],[-111.96417277175436,33.5921042212232],[-111.9522491224878,33.59431986162284],[-111.9522491224878,33.60496814622241],[-111.96417277175436,33.60275215956621]]]}"
Arizona,Maricopa,9740005664251445248,30096.932472349017,9000.202,202512,deployment,"{""type"":""Polygon"",""coordinates"":[[[-111.96417277175436,33.61339893322233],[-111.96417277175436,33.60275215956621],[-111.9522491224878,33.60496814622241],[-111.9522491224878,33.615615265791114],[-111.96417277175436,33.61339893322233]]]}"
Arizona,Maricopa,9740005698611183616,19423.462055499727,6653.905,202512,deployment,"{""type"":""Polygon"",""coordinates"":[[[-111.9760963777647,33.611181350679026],[-111.9760963777647,33.60053492319433],[-111.96417277175436,33.60275215956621],[-111.96417277175436,33.61339893322233],[-111.9760963777647,33.611181350679026]]]}"
Arizona,Maricopa,9740005732970921984,37989.03910931036,12227.166,202512,deployment,"{""type"":""Polygon"",""coordinates"":[[[-111.9760963777647,33.60053492319433],[-111.9760963777647,33.5898873313669],[-111.96417277175436,33.5921042212232],[-111.96417277175436,33.60275215956621],[-111.9760963777647,33.60053492319433]]]}"
Arizona,Maricopa,9740005767330660352,95053.18436699254,24977.089,202512,deployment,"{""type"":""Polygon"",""coordinates"":[[[-111.98801993900399,33.59831643731984],[-111.98801993900399,33.58766919226708],[-111.9760963777647,33.5898873313669],[-111.9760963777647,33.60053492319433],[-111.98801993900399,33.59831643731984]]]}"
Arizona,Maricopa,9740005801690398720,13876.597655525957,5493.723,202512,deployment,"{""type"":""Polygon"",""coordinates"":[[[-111.99994345395754,33.59609670215631],[-111.99994345395754,33.5854498041374],[-111.98801993900399,33.58766919226708],[-111.98801993900399,33.59831643731984],[-111.99994345395754,33.59609670215631]]]}"
Arizona,Maricopa,9740005836050137088,25747.86824050643,9222.427,202512,deployment,"{""type"":""Polygon"",""coordinates"":[[[-111.99994345395754,33.60674243652129],[-111.99994345395754,33.59609670215631],[-111.98801993900399,33.59831643731984],[-111.98801993900399,33.60896251837416],[-111.99994345395754,33.60674243652129]]]}"
Arizona,Maricopa,9740005870409875456,72002.1701851369,17985.307,202512,deployment,"{""type"":""Polygon"",""coordinates"":[[[-111.98801993900399,33.60896251837416],[-111.98801993900399,33.59831643731984],[-111.9760963777647,33.60053492319433],[-111.9760963777647,33.611181350679026],[-111.98801993900399,33.60896251837416]]]}"
Arizona,Maricopa,9740005904769613824,65785.10473797274,17453.987,202512,deployment,"{""type"":""Polygon"",""coordinates"":[[[-111.98801993900399,33.61960743458381],[-111.98801993900399,33.60896251837416],[-111.9760963777647,33.611181350679026],[-111.9760963777647,33.62182661297474],[-111.98801993900399,33.61960743458381]]]}"
Arizona,Maricopa,9740005939129352192,21946.352099297525,8152.544,202512,deployment,"{""type"":""Polygon"",""coordinates"":[[[-111.99994345395754,33.61738700638604],[-111.99994345395754,33.60674243652129],[-111.98801993900399,33.60896251837416],[-111.98801993900399,33.61960743458381],[-111.99994345395754,33.61738700638604]]]}"
Arizona,Maricopa,9740005973489090560,14122.627945627617,4824.454,202512,deployment,"{""type"":""Polygon"",""coordinates"":[[[-111.99994345395756,33.628030410904955],[-111.99994345395754,33.61738700638604],[-111.98801993900399,33.61960743458381],[-111.98801993900399,33.630251185103184],[-111.99994345395756,33.628030410904955]]]}"
Arizona,Maricopa,9740006007848828928,55868.54070302222,15096.291,202512,deployment,"{""type"":""Polygon"",""coordinates"":[[[-111.98801993900399,33.630251185103184],[-111.98801993900399,33.61960743458381],[-111.9760963777647,33.62182661297474],[-111.9760963777647,33.63247070923592],[-111.98801993900399,33.630251185103184]]]}"
Arizona,Maricopa,9740006042208567296,17713.89167970236,4797.62,202512,deployment,"{""type"":""Polygon"",""coordinates"":[[[-111.9760963777647,33.63247070923592],[-111.9760963777647,33.62182661297474],[-111.96417277175436,33.62404454134536],[-111.96417277175436,33.63468898308975],[-111.9760963777647,33.63247070923592]]]}"
Arizona,Maricopa,9740006076568305664,9532.09146972936,3325.67,202512,deployment,"{""type"":""Polygon"",""coordinates"":[[[-111.9760963777647,33.62182661297474],[-111.9760963777647,33.611181350679026],[-111.96417277175436,33.61339893322233],[-111.96417277175436,33.62404454134536],[-111.9760963777647,33.62182661297474]]]}"
Arizona,Maricopa,9740006110928044032,19126.842353216758,5420.638,202512,deployment,"{""type"":""Polygon"",""coordinates"":[[[-111.96417277175436,33.62404454134536],[-111.96417277175436,33.61339893322233],[-111.9522491224878,33.615615265791114],[-111.9522491224878,33.626261219482785],[-111.96417277175436,33.62404454134536]]]}"
Arizona,Maricopa,9740006145287782400,28653.125181312786,8098.93,202512,deployment,"{""type"":""Polygon"",""coordinates"":[[[-111.96417277175436,33.63468898308975],[-111.96417277175436,33.62404454134536],[-111.9522491224878,33.626261219482785],[-111.9522491224878,33.63690600645188],[-111.96417277175436,33.63468898308975]]]}"
Arizona,Maricopa,9740006179647520768,22879.10574411115,6842.41,202512,deployment,"{""type"":""Polygon"",""coordinates"":[[[-111.9522491224878,33.63690600645188],[-111.9522491224878,33.626261219482785],[-111.94032543148008,33.628476647174686],[-111.94032543148008,33.63912177911006],[-111.9522491224878,33.63690600645188]]]}"
Arizona,Maricopa,9740006214007259136,47688.346709818725,13919.59,202512,deployment,"{""type"":""Polygon"",""coordinates"":[[[-111.9522491224878,33.626261219482785],[-111.9522491224878,33.615615265791114],[-111.94032543148008,33.617830348172994],[-111.94032543148008,33.628476647174686],[-111.9522491224878,33.626261219482785]]]}"
Arizona,Maricopa,9740006248366997504,51274.82455065185,14922.537,202512,deployment,"{""type"":""Polygon"",""coordinates"":[[[-111.94032543148008,33.628476647174686],[-111.94032543148008,33.617830348172994],[-111.92840170024643,33.62004418015616],[-111.92840170024643,33.630690824209346],[-111.94032543148008,33.628476647174686]]]}"
Arizona,Maricopa,9740006282726735872,23328.2171907792,6308.378,202512,deployment,"{""type"":""Polygon"",""coordinates"":[[[-111.94032543148008,33.63912177911006],[-111.94032543148008,33.628476647174686],[-111.92840170024643,33.630690824209346],[-111.92840170024643,33.641336300852636],[-111.94032543148008,33.63912177911006]]]}"
Arizona,Maricopa,9740006317086474240,94320.8484200712,24464.094,202512,deployment,"{""type"":""Polygon"",""coordinates"":[[[-111.92840170024643,33.641336300852636],[-111.92840170024643,33.630690824209346],[-111.91647793030225,33.63290375037561],[-111.91647793030225,33.64354957146851],[-111.92840170024643,33.641336300852636]]]}"
Arizona,Maricopa,9740006351446212608,33482.28409587481,10190.984,202512,deployment,"{""type"":""Polygon"",""coordinates"":[[[-111.91647793030225,33.64354957146851],[-111.91647793030225,33.63290375037561],[-111.90455412316315,33.63511542546289],[-111.90455412316315,33.6457615907472],[-111.91647793030225,33.64354957146851]]]}"
Arizona,Maricopa,9740006385805950976,31103.824129218316,6450.412,202512,deployment,"{""type"":""Polygon"",""coordinates"":[[[-111.91647793030225,33.63290375037561],[-111.91647793030225,33.6222567615294],[-111.90455412316315,33.62446809208204],[-111.90455412316315,33.63511542546289],[-111.91647793030225,33.63290375037561]]]}"
Arizona,Maricopa,9740006420165689344,134186.7521110511,33974.354,202512,deployment,"{""type"":""Polygon"",""coordinates"":[[[-111.92840170024643,33.630690824209346],[-111.92840170024643,33.62004418015616],[-111.91647793030225,33.6222567615294],[-111.91647793030225,33.63290375037561],[-111.92840170024643,33.630690824209346]]]}"
Arizona,Maricopa,9740006454525427712,112063.73092326854,29905.306,202512,deployment,"{""type"":""Polygon"",""coordinates"":[[[-111.92840170024643,33.62004418015616],[-111.92840170024643,33.60939636953856],[-111.91647793030225,33.611608605775324],[-111.91647793030225,33.6222567615294],[-111.92840170024643,33.62004418015616]]]}"
Arizona,Maricopa,9740006488885166080,70197.72505019867,17142.826,202512,deployment,"{""type"":""Polygon"",""coordinates"":[[[-111.91647793030225,33.6222567615294],[-111.91647793030225,33.611608605775324],[-111.90455412316315,33.613819591450074],[-111.90455412316315,33.62446809208204],[-111.91647793030225,33.6222567615294]]]}"
Arizona,Maricopa,9740006523244904448,61348.002304196896,15194.118,202512,deployment,"{""type"":""Polygon"",""coordinates"":[[[-111.91647793030225,33.611608605775324],[-111.91647793030225,33.600959283959504],[-111.90455412316315,33.60316992441306],[-111.90455412316315,33.613819591450074],[-111.91647793030225,33.611608605775324]]]}"
Arizona,Maricopa,9740006557604642816,96195.06749835907,24400.474,202512,deployment,"{""type"":""Polygon"",""coordinates"":[[[-111.92840170024643,33.60939636953856],[-111.92840170024643,33.59874739320265],[-111.91647793030225,33.600959283959504],[-111.91647793030225,33.611608605775324],[-111.92840170024643,33.60939636953856]]]}"
Arizona,Maricopa,9740006591964381184,13477.3893618941,4469.208,202512,deployment,"{""type"":""Polygon"",""coordinates"":[[[-111.94032543148008,33.60718288295048],[-111.94032543148008,33.596534252353315],[-111.92840170024643,33.59874739320265],[-111.92840170024643,33.60939636953856],[-111.94032543148008,33.60718288295048]]]}"
Arizona,Maricopa,9740006626324119552,15507.048589211745,4133.851,202512,deployment,"{""type"":""Polygon"",""coordinates"":[[[-111.94032543148008,33.617830348172994],[-111.94032543148008,33.60718288295048],[-111.92840170024643,33.60939636953856],[-111.92840170024643,33.62004418015616],[-111.94032543148008,33.617830348172994]]]}"
Arizona,Maricopa,9740006660683857920,41417.22439236654,12821.771,202512,deployment,"{""type"":""Polygon"",""coordinates"":[[[-111.9522491224878,33.615615265791114],[-111.9522491224878,33.60496814622241],[-111.94032543148008,33.60718288295048],[-111.94032543148008,33.617830348172994],[-111.9522491224878,33.615615265791114]]]}"
Arizona,Maricopa,9740006695043596288,62093.74638136004,17589.727,202512,deployment,"{""type"":""Polygon"",""coordinates"":[[[-111.9522491224878,33.60496814622241],[-111.9522491224878,33.59431986162284],[-111.94032543148008,33.596534252353315],[-111.94032543148008,33.60718288295048],[-111.9522491224878,33.60496814622241]]]}"
Arizona,Maricopa,9740006729403334656,23811.762424989396,23811.762,202512,deployment,"{""type"":""Polygon"",""coordinates"":[[[-111.9522491224878,33.59431986162284],[-111.9522491224878,33.58367041283927],[-111.94032543148008,33.585884457228296],[-111.94032543148008,33.596534252353315],[-111.9522491224878,33.59431986162284]]]}"
Arizona,Maricopa,9740006763763073024,36034.18156804508,8353.879,202512,deployment,"{""type"":""Polygon"",""coordinates"":[[[-111.94032543148008,33.596534252353315],[-111.94032543148008,33.585884457228296],[-111.92840170024643,33.588097251995265],[-111.92840170024643,33.59874739320265],[-111.94032543148008,33.596534252353315]]]}"
Arizona,Maricopa,9740006798122811392,65022.03426983132,18175.926,202512,deployment,"{""type"":""Polygon"",""coordinates"":[[[-111.94032543148008,33.585884457228296],[-111.94032543148008,33.575233498422904],[-111.92840170024643,33.5774459467638],[-111.92840170024643,33.588097251995265],[-111.94032543148008,33.585884457228296]]]}"
Arizona,Maricopa,9740006832482549760,75178.48417424649,24763.858,202512,deployment,"{""type"":""Polygon"",""coordinates"":[[[-111.9522491224878,33.58367041283927],[-111.9522491224878,33.57301980071915],[-111.94032543148008,33.575233498422904],[-111.94032543148008,33.585884457228296],[-111.9522491224878,33.58367041283927]]]}"
Arizona,Maricopa,9740006866842288128,29043.936035182058,11323.778,202512,deployment,"{""type"":""Polygon"",""coordinates"":[[[-111.9522491224878,33.57301980071915],[-111.9522491224878,33.56236802611068],[-111.94032543148008,33.56458137678526],[-111.94032543148008,33.575233498422904],[-111.9522491224878,33.57301980071915]]]}"
Arizona,Maricopa,9740006901202026496,16779.213597581987,6145.389,202512,deployment,"{""type"":""Polygon"",""coordinates"":[[[-111.9522491224878,33.56236802611068],[-111.9522491224878,33.55171508986264],[-111.94032543148008,33.55392809316416],[-111.94032543148008,33.56458137678526],[-111.9522491224878,33.56236802611068]]]}"
Arizona,Maricopa,9740006969921503232,21133.732343887237,7378.155,202512,deployment,"{""type"":""Polygon"",""coordinates"":[[[-111.94032543148008,33.575233498422904],[-111.94032543148008,33.56458137678526],[-111.92840170024643,33.56679347835639],[-111.92840170024643,33.5774459467638],[-111.94032543148008,33.575233498422904]]]}"
Arizona,Maricopa,9740007004281241600,124979.25007778443,37159.283,202512,deployment,"{""type"":""Polygon"",""coordinates"":[[[-111.92840170024643,33.5774459467638],[-111.92840170024643,33.56679347835639],[-111.91647793030225,33.56900433061246],[-111.91647793030225,33.57965714553032],[-111.92840170024643,33.5774459467638]]]}"
Arizona,Maricopa,9740007038640979968,145857.43413002644,41645.54,202512,deployment,"{""type"":""Polygon"",""coordinates"":[[[-111.92840170024643,33.56679347835639],[-111.92840170024643,33.55613984762178],[-111.91647793030225,33.55835035302383],[-111.91647793030225,33.56900433061246],[-111.92840170024643,33.56679347835639]]]}"
Arizona,Maricopa,9740007073000718336,17171.92510844363,5993.391,202512,deployment,"{""type"":""Polygon"",""coordinates"":[[[-111.91647793030225,33.56900433061246],[-111.91647793030225,33.55835035302383],[-111.90455412316315,33.56055960915925],[-111.90455412316315,33.57121393334246],[-111.91647793030225,33.56900433061246]]]}"
Arizona,Maricopa,9740007107360456704,112618.21529381252,27083.723,202512,deployment,"{""type"":""Polygon"",""coordinates"":[[[-111.91647793030225,33.57965714553032],[-111.91647793030225,33.56900433061246],[-111.90455412316315,33.57121393334246],[-111.90455412316315,33.58186709451153],[-111.91647793030225,33.57965714553032]]]}"
Arizona,Maricopa,9740007141720195072,109430.51445861123,26133.871,202512,deployment,"{""type"":""Polygon"",""coordinates"":[[[-111.91647793030225,33.590308796928696],[-111.91647793030225,33.57965714553032],[-111.90455412316315,33.58186709451153],[-111.90455412316315,33.59251909181775],[-111.91647793030225,33.590308796928696]]]}"
Arizona,Maricopa,9740007176079933440,127355.14326279801,34559.093,202512,deployment,"{""type"":""Polygon"",""coordinates"":[[[-111.92840170024643,33.588097251995265],[-111.92840170024643,33.5774459467638],[-111.91647793030225,33.57965714553032],[-111.91647793030225,33.590308796928696],[-111.92840170024643,33.588097251995265]]]}"
Arizona,Maricopa,9740007210439671808,123236.07586868305,29921.881,202512,deployment,"{""type"":""Polygon"",""coordinates"":[[[-111.92840170024643,33.59874739320265],[-111.92840170024643,33.588097251995265],[-111.91647793030225,33.590308796928696],[-111.91647793030225,33.600959283959504],[-111.92840170024643,33.59874739320265]]]}"
Arizona,Maricopa,9740007244799410176,99183.54579569901,22810.911,202512,deployment,"{""type"":""Polygon"",""coordinates"":[[[-111.91647793030225,33.600959283959504],[-111.91647793030225,33.590308796928696],[-111.90455412316315,33.59251909181775],[-111.90455412316315,33.60316992441306],[-111.91647793030225,33.600959283959504]]]}"
Arizona,Maricopa,9740007279159148544,7945.766241310109,2293.651,202512,deployment,"{""type"":""Polygon"",""coordinates"":[[[-111.90455412316315,33.60316992441306],[-111.90455412316315,33.59251909181775],[-111.89263028034495,33.594728136452126],[-111.89263028034495,33.60537931435311],[-111.90455412316315,33.60316992441306]]]}"
Arizona,Maricopa,9740007313518886912,509.095451715344,99.766,202512,deployment,"{""type"":""Polygon"",""coordinates"":[[[-111.89263028034495,33.60537931435311],[-111.89263028034495,33.594728136452126],[-111.88070640336356,33.59693593062213],[-111.88070640336356,33.60758745357004],[-111.89263028034495,33.60537931435311]]]}"
Arizona,Maricopa,9740007347878625280,66.03689165590754,17.269,202512,deployment,"{""type"":""Polygon"",""coordinates"":[[[-111.89263028034495,33.594728136452126],[-111.89263028034495,33.58407579349707],[-111.88070640336356,33.58628324227716],[-111.88070640336356,33.59693593062213],[-111.89263028034495,33.594728136452126]]]}"
Arizona,Maricopa,9740007382238363648,5149.563741666837,1454.273,202512,deployment,"{""type"":""Polygon"",""coordinates"":[[[-111.90455412316315,33.59251909181775],[-111.90455412316315,33.58186709451153],[-111.89263028034495,33.58407579349707],[-111.89263028034495,33.594728136452126],[-111.90455412316315,33.59251909181775]]]}"
Arizona,Maricopa,9740007416598102016,26852.325928699414,7133.136,202512,deployment,"{""type"":""Polygon"",""coordinates"":[[[-111.90455412316315,33.58186709451153],[-111.90455412316315,33.57121393334246],[-111.89263028034495,33.57342228633597],[-111.89263028034495,33.58407579349707],[-111.90455412316315,33.58186709451153]]]}"
Arizona,Maricopa,9740007450957840384,110806.5633383259,23375.677,202512,deployment,"{""type"":""Polygon"",""coordinates"":[[[-111.90455412316315,33.57121393334246],[-111.90455412316315,33.56055960915925],[-111.89263028034495,33.562767615817506],[-111.89263028034495,33.57342228633597],[-111.90455412316315,33.57121393334246]]]}"
Arizona,Maricopa,9740007485317578752,12249.290821516934,3896.861,202512,deployment,"{""type"":""Polygon"",""coordinates"":[[[-111.89263028034495,33.57342228633597],[-111.89263028034495,33.562767615817506],[-111.88070640336356,33.56497437278869],[-111.88070640336356,33.57562938938313],[-111.89263028034495,33.57342228633597]]]}"
Arizona,Maricopa,9740007519677317120,16325.246579029621,4393.358,202512,deployment,"{""type"":""Polygon"",""coordinates"":[[[-111.89263028034495,33.58407579349707],[-111.89263028034495,33.57342228633597],[-111.88070640336356,33.57562938938313],[-111.88070640336356,33.58628324227716],[-111.89263028034495,33.58407579349707]]]}"
Arizona,Maricopa,9740007554037055488,494.15505481403477,141.432,202512,deployment,"{""type"":""Polygon"",""coordinates"":[[[-111.88070640336356,33.58628324227716],[-111.88070640336356,33.57562938938313],[-111.86878249373518,33.57783524227467],[-111.86878249373518,33.58848944064261],[-111.88070640336356,33.58628324227716]]]}"
Arizona,Maricopa,9740007828914962432,58.333217265231994,13.976,202512,deployment,"{""type"":""Polygon"",""coordinates"":[[[-111.86878249373518,33.62044504300368],[-111.86878249373518,33.60979434185476],[-111.85685855297612,33.61199997899882],[-111.85685855297612,33.622651024334715],[-111.86878249373518,33.62044504300368]]]}"
Arizona,Maricopa,9740007863274700800,14335.16438360045,4657.6,202512,deployment,"{""type"":""Polygon"",""coordinates"":[[[-111.86878249373518,33.631094576718716],[-111.86878249373518,33.62044504300368],[-111.85685855297612,33.622651024334715],[-111.85685855297612,33.63330090189415],[-111.86878249373518,33.631094576718716]]]}"
Arizona,Maricopa,9740007897634439168,23827.270828534638,7236.948,202512,deployment,"{""type"":""Polygon"",""coordinates"":[[[-111.88070640336356,33.6288869998859],[-111.88070640336356,33.61823781027351],[-111.86878249373518,33.62044504300368],[-111.86878249373518,33.631094576718716],[-111.88070640336356,33.6288869998859]]]}"
Arizona,Maricopa,9740007931994177536,11776.703032717374,3709.355,202512,deployment,"{""type"":""Polygon"",""coordinates"":[[[-111.88070640336356,33.61823781027351],[-111.88070640336356,33.60758745357004],[-111.86878249373518,33.60979434185476],[-111.86878249373518,33.62044504300368],[-111.88070640336356,33.61823781027351]]]}"
Arizona,Maricopa,9740007966353915904,19449.89375326886,6533.799,202512,deployment,"{""type"":""Polygon"",""coordinates"":[[[-111.89263028034495,33.61602932635266],[-111.89263028034495,33.60537931435311],[-111.88070640336356,33.60758745357004],[-111.88070640336356,33.61823781027351],[-111.89263028034495,33.61602932635266]]]}"
Arizona,Maricopa,9740008000713654272,14302.767346954004,14302.767,202512,deployment,"{""type"":""Polygon"",""coordinates"":[[[-111.90455412316315,33.613819591450074],[-111.90455412316315,33.60316992441306],[-111.89263028034495,33.60537931435311],[-111.89263028034495,33.61602932635266],[-111.90455412316315,33.613819591450074]]]}"
Arizona,Maricopa,9740008035073392640,55206.48633839333,13021.988,202512,deployment,"{""type"":""Polygon"",""coordinates"":[[[-111.90455412316315,33.62446809208204],[-111.90455412316315,33.613819591450074],[-111.89263028034495,33.61602932635266],[-111.89263028034495,33.62667817160404],[-111.90455412316315,33.62446809208204]]]}"
Arizona,Maricopa,9740008069433131008,32309.42526372785,9415.644,202512,deployment,"{""type"":""Polygon"",""coordinates"":[[[-111.89263028034495,33.62667817160404],[-111.89263028034495,33.61602932635266],[-111.88070640336356,33.61823781027351],[-111.88070640336356,33.6288869998859],[-111.89263028034495,33.62667817160404]]]}"
Arizona,Maricopa,9740008103792869376,10861.796807410401,3098.89,202512,deployment,"{""type"":""Polygon"",""coordinates"":[[[-111.89263028034495,33.63732584926122],[-111.89263028034495,33.62667817160404],[-111.88070640336356,33.6288869998859],[-111.88070640336356,33.63953502156116],[-111.89263028034495,33.63732584926122]]]}"
Arizona,Maricopa,9740008138152607744,53121.31034050304,11454.733,202512,deployment,"{""type"":""Polygon"",""coordinates"":[[[-111.90455412316315,33.63511542546289],[-111.90455412316315,33.62446809208204],[-111.89263028034495,33.62667817160404],[-111.89263028034495,33.63732584926122],[-111.90455412316315,33.63511542546289]]]}"
Arizona,Maricopa,9740008172512346112,14575.24857953043,4765.678,202512,deployment,"{""type"":""Polygon"",""coordinates"":[[[-111.90455412316315,33.6457615907472],[-111.90455412316315,33.63511542546289],[-111.89263028034495,33.63732584926122],[-111.89263028034495,33.647972358478775],[-111.90455412316315,33.6457615907472]]]}"
Arizona,Maricopa,9740008206872084480,8720.595691325267,2097.477,202512,deployment,"{""type"":""Polygon"",""coordinates"":[[[-111.89263028034495,33.647972358478775],[-111.89263028034495,33.63732584926122],[-111.88070640336356,33.63953502156116],[-111.88070640336356,33.65018187445389],[-111.89263028034495,33.647972358478775]]]}"
Arizona,Maricopa,9740008241231822848,4558.244010691591,1140.23,202512,deployment,"{""type"":""Polygon"",""coordinates"":[[[-111.88070640336356,33.65018187445389],[-111.88070640336356,33.63953502156116],[-111.86878249373518,33.64174294215387],[-111.86878249373518,33.6523901384638],[-111.88070640336356,33.65018187445389]]]}"
Arizona,Maricopa,9740008275591561216,10876.94629815721,4281.66,202512,deployment,"{""type"":""Polygon"",""coordinates"":[[[-111.88070640336356,33.63953502156116],[-111.88070640336356,33.6288869998859],[-111.86878249373518,33.631094576718716],[-111.86878249373518,33.64174294215387],[-111.88070640336356,33.63953502156116]]]}"
Arizona,Maricopa,9740008309951299584,15730.421793748545,4866.928,202512,deployment,"{""type"":""Polygon"",""coordinates"":[[[-111.86878249373518,33.64174294215387],[-111.86878249373518,33.631094576718716],[-111.85685855297612,33.63330090189415],[-111.85685855297612,33.643949610831115],[-111.86878249373518,33.64174294215387]]]}"
Arizona,Maricopa,9740008344311037952,2658.3054994011186,906.554,202512,deployment,"{""type"":""Polygon"",""coordinates"":[[[-111.86878249373518,33.6523901384638],[-111.86878249373518,33.64174294215387],[-111.85685855297612,33.643949610831115],[-111.85685855297612,33.6545971503003],[-111.86878249373518,33.6523901384638]]]}"
Arizona,Maricopa,9740008378670776320,905.5395230050964,291.265,202512,deployment,"{""type"":""Polygon"",""coordinates"":[[[-111.86878249373518,33.66303616480381],[-111.86878249373518,33.6523901384638],[-111.85685855297612,33.6545971503003],[-111.85685855297612,33.66524351945705],[-111.86878249373518,33.66303616480381]]]}"
Arizona,Maricopa,9740008413030514688,1978.9051825363001,618.895,202512,deployment,"{""type"":""Polygon"",""coordinates"":[[[-111.88070640336356,33.66082755771942],[-111.88070640336356,33.65018187445389],[-111.86878249373518,33.6523901384638],[-111.86878249373518,33.66303616480381],[-111.88070640336356,33.66082755771942]]]}"
Arizona,Maricopa,9740008859707113472,2584.792896085295,443.431,202512,deployment,"{""type"":""Polygon"",""coordinates"":[[[-111.89263028034495,33.65861769841199],[-111.89263028034495,33.647972358478775],[-111.88070640336356,33.65018187445389],[-111.88070640336356,33.66082755771942],[-111.89263028034495,33.65861769841199]]]}"
Arizona,Maricopa,9740008894066851840,563.4397073081491,563.44,202512,deployment,"{""type"":""Polygon"",""coordinates"":[[[-111.90455412316315,33.656406587090196],[-111.90455412316315,33.6457615907472],[-111.89263028034495,33.647972358478775],[-111.89263028034495,33.65861769841199],[-111.90455412316315,33.656406587090196]]]}"
Arizona,Maricopa,9740008928426590208,9163.606578222892,2737.485,202512,deployment,"{""type"":""Polygon"",""coordinates"":[[[-111.91647793030225,33.654194223963316],[-111.91647793030225,33.64354957146851],[-111.90455412316315,33.6457615907472],[-111.90455412316315,33.656406587090196],[-111.91647793030225,33.654194223963316]]]}"
Arizona,Maricopa,9740008962786328576,147.48948617012215,-13.53,202512,deployment,"{""type"":""Polygon"",""coordinates"":[[[-111.91647793030225,33.6648377070159],[-111.91647793030225,33.654194223963316],[-111.90455412316315,33.656406587090196],[-111.90455412316315,33.66705041364777],[-111.91647793030225,33.6648377070159]]]}"
Arizona,Maricopa,9740008997146066944,9252.336120538508,1837.142,202512,deployment,"{""type"":""Polygon"",""coordinates"":[[[-111.92840170024643,33.6626237485309],[-111.92840170024643,33.65198060924121],[-111.91647793030225,33.654194223963316],[-111.91647793030225,33.6648377070159],[-111.92840170024643,33.6626237485309]]]}"
Arizona,Maricopa,9740009031505805312,56707.12452383861,13341.933,202512,deployment,"{""type"":""Polygon"",""coordinates"":[[[-111.92840170024643,33.65198060924121],[-111.92840170024643,33.641336300852636],[-111.91647793030225,33.64354957146851],[-111.91647793030225,33.654194223963316],[-111.92840170024643,33.65198060924121]]]}"
Arizona,Maricopa,9740009065865543680,19137.812067048744,4696.956,202512,deployment,"{""type"":""Polygon"",""coordinates"":[[[-111.94032543148008,33.64976574313428],[-111.94032543148008,33.63912177911006],[-111.92840170024643,33.641336300852636],[-111.92840170024643,33.65198060924121],[-111.94032543148008,33.64976574313428]]]}"
Arizona,Maricopa,9740009100225282048,35743.54426169031,9748.22,202512,deployment,"{""type"":""Polygon"",""coordinates"":[[[-111.9522491224878,33.64754962585355],[-111.9522491224878,33.63690600645188],[-111.94032543148008,33.63912177911006],[-111.94032543148008,33.64976574313428],[-111.9522491224878,33.64754962585355]]]}"
Arizona,Maricopa,9740009134585020416,3525.334624737409,-400.419,202512,deployment,"{""type"":""Polygon"",""coordinates"":[[[-111.9522491224878,33.65819207684357],[-111.9522491224878,33.64754962585355],[-111.94032543148008,33.64976574313428],[-111.94032543148008,33.660408538403146],[-111.9522491224878,33.65819207684357]]]}"
Arizona,Maricopa,9740009168944758784,13994.620047014365,1843.306,202512,deployment,"{""type"":""Polygon"",""coordinates"":[[[-111.94032543148008,33.660408538403146],[-111.94032543148008,33.64976574313428],[-111.92840170024643,33.65198060924121],[-111.92840170024643,33.6626237485309],[-111.94032543148008,33.660408538403146]]]}"
Arizona,Maricopa,9740009237664235520,2124.1700226883336,2124.17,202512,deployment,"{""type"":""Polygon"",""coordinates"":[[[-111.9522491224878,33.66883335857838],[-111.9522491224878,33.65819207684357],[-111.94032543148008,33.660408538403146],[-111.94032543148008,33.67105016407314],[-111.9522491224878,33.66883335857838]]]}"
Arizona,Maricopa,9740062289100275712,119.93913631702053,22.53,202512,deployment,"{""type"":""Polygon"",""coordinates"":[[[-111.8330105841322,33.45649186691539],[-111.8330105841322,33.44582155418478],[-111.82108655908091,33.448017895524195],[-111.82108655908091,33.458688557143624],[-111.8330105841322,33.45649186691539]]]}"
Arizona,Maricopa,9740062735776874496,10793.56324798979,2383.463,202512,deployment,"{""type"":""Polygon"",""coordinates"":[[[-111.84493458260289,33.45429392881849],[-111.84493458260289,33.44362396523767],[-111.8330105841322,33.44582155418478],[-111.8330105841322,33.45649186691539],[-111.84493458260289,33.45429392881849]]]}"
Arizona,Maricopa,9740062770136612864,12912.105468794924,2934.381,202512,deployment,"{""type"":""Polygon"",""coordinates"":[[[-111.85685855297612,33.452094743060734],[-111.85685855297612,33.44142512889074],[-111.84493458260289,33.44362396523767],[-111.84493458260289,33.45429392881849],[-111.85685855297612,33.452094743060734]]]}"
Arizona,Maricopa,9740062804496351232,19952.0137598152,3409.155,202512,deployment,"{""type"":""Polygon"",""coordinates"":[[[-111.85685855297612,33.44142512889074],[-111.85685855297612,33.430754361426445],[-111.84493458260289,33.432952848019696],[-111.84493458260289,33.44362396523767],[-111.85685855297612,33.44142512889074]]]}"
Arizona,Maricopa,9740062838856089600,104222.08150609383,18795.241,202512,deployment,"{""type"":""Polygon"",""coordinates"":[[[-111.85685855297612,33.430754361426445],[-111.85685855297612,33.42008244152564],[-111.84493458260289,33.422280578022374],[-111.84493458260289,33.432952848019696],[-111.85685855297612,33.430754361426445]]]}"
Arizona,Maricopa,9740062873215827968,44080.08513081669,8733.879,202512,deployment,"{""type"":""Polygon"",""coordinates"":[[[-111.84493458260289,33.432952848019696],[-111.84493458260289,33.422280578022374],[-111.8330105841322,33.4244774676419],[-111.8330105841322,33.43515008747436],[-111.84493458260289,33.432952848019696]]]}"
Arizona,Maricopa,9740062907575566336,19146.33608181056,4805.25,202512,deployment,"{""type"":""Polygon"",""coordinates"":[[[-111.84493458260289,33.44362396523767],[-111.84493458260289,33.432952848019696],[-111.8330105841322,33.43515008747436],[-111.8330105841322,33.44582155418478],[-111.84493458260289,33.44362396523767]]]}"
Arizona,Maricopa,9740062941935304704,45.06186589391759,11.45,202512,deployment,"{""type"":""Polygon"",""coordinates"":[[[-111.8330105841322,33.44582155418478],[-111.8330105841322,33.43515008747436],[-111.82108655908091,33.43734607958247],[-111.82108655908091,33.448017895524195],[-111.8330105841322,33.44582155418478]]]}"
Arizona,Maricopa,9740063045014519808,1311.7384115252364,310.617,202512,deployment,"{""type"":""Polygon"",""coordinates"":[[[-111.8330105841322,33.43515008747436],[-111.8330105841322,33.4244774676419],[-111.82108655908091,33.42667311017617],[-111.82108655908091,33.43734607958247],[-111.8330105841322,33.43515008747436]]]}"
Arizona,Maricopa,9740063079374258176,24461.143818997163,6993.966,202512,deployment,"{""type"":""Polygon"",""coordinates"":[[[-111.8330105841322,33.4244774676419],[-111.8330105841322,33.41380369554579],[-111.82108655908091,33.415998988163686],[-111.82108655908091,33.42667311017617],[-111.8330105841322,33.4244774676419]]]}"
Arizona,Maricopa,9740063113733996544,1619.2459143001242,392.662,202512,deployment,"{""type"":""Polygon"",""coordinates"":[[[-111.82108655908091,33.42667311017617],[-111.82108655908091,33.415998988163686],[-111.80916250896605,33.4181930337503],[-111.80916250896607,33.428867505417735],[-111.82108655908091,33.42667311017617]]]}"
Arizona,Maricopa,9740063148093734912,1824.4150904468288,359.879,202512,deployment,"{""type"":""Polygon"",""coordinates"":[[[-111.82108655908091,33.415998988163686],[-111.82108655908091,33.40532371440407],[-111.80916250896607,33.40751740999333],[-111.80916250896605,33.4181930337503],[-111.82108655908091,33.415998988163686]]]}"
Arizona,Maricopa,9740063182453473280,14190.681580574354,2800.164,202512,deployment,"{""type"":""Polygon"",""coordinates"":[[[-111.8330105841322,33.41380369554579],[-111.8330105841322,33.40312877204509],[-111.82108655908091,33.40532371440407],[-111.82108655908091,33.415998988163686],[-111.8330105841322,33.41380369554579]]]}"
Arizona,Maricopa,9740063216813211648,63967.7640503183,12919.648,202512,deployment,"{""type"":""Polygon"",""coordinates"":[[[-111.84493458260289,33.41160715610412],[-111.84493458260289,33.400932583124],[-111.8330105841322,33.40312877204509],[-111.8330105841322,33.41380369554579],[-111.84493458260289,33.41160715610412]]]}"
Arizona,Maricopa,9740063251172950016,73142.11217929756,16947.315,202512,deployment,"{""type"":""Polygon"",""coordinates"":[[[-111.84493458260289,33.422280578022374],[-111.84493458260289,33.41160715610412],[-111.8330105841322,33.41380369554579],[-111.8330105841322,33.4244774676419],[-111.84493458260289,33.422280578022374]]]}"
Arizona,Maricopa,9740063285532688384,64665.010531899214,12280.63,202512,deployment,"{""type"":""Polygon"",""coordinates"":[[[-111.85685855297612,33.42008244152564],[-111.85685855297612,33.409409370046795],[-111.84493458260289,33.41160715610412],[-111.84493458260289,33.422280578022374],[-111.85685855297612,33.42008244152564]]]}"
Arizona,Maricopa,9740063319892426752,83740.17613118039,11878.754,202512,deployment,"{""type"":""Polygon"",""coordinates"":[[[-111.85685855297612,33.409409370046795],[-111.85685855297612,33.39873514784899],[-111.84493458260289,33.400932583124],[-111.84493458260289,33.41160715610412],[-111.85685855297612,33.409409370046795]]]}"
Arizona,Maricopa,9740063354252165120,63495.52683233552,6919.77,202512,deployment,"{""type"":""Polygon"",""coordinates"":[[[-111.85685855297612,33.39873514784899],[-111.85685855297612,33.388059775792],[-111.84493458260289,33.390256859941786],[-111.84493458260289,33.400932583124],[-111.85685855297612,33.39873514784899]]]}"
Arizona,Maricopa,9740063388611903488,65787.90804153804,14379.058,202512,deployment,"{""type"":""Polygon"",""coordinates"":[[[-111.84493458260289,33.400932583124],[-111.84493458260289,33.390256859941786],[-111.8330105841322,33.39245269799954],[-111.8330105841322,33.40312877204509],[-111.84493458260289,33.400932583124]]]}"
Arizona,Maricopa,9740063422971641856,36834.61104439637,9572.855,202512,deployment,"{""type"":""Polygon"",""coordinates"":[[[-111.84493458260289,33.390256859941786],[-111.84493458260289,33.37957998741784],[-111.8330105841322,33.38177547426949],[-111.8330105841322,33.39245269799954],[-111.84493458260289,33.390256859941786]]]}"
Arizona,Maricopa,9740063457331380224,61381.2341397796,5692.573,202512,deployment,"{""type"":""Polygon"",""coordinates"":[[[-111.85685855297612,33.388059775792],[-111.85685855297612,33.37738325473624],[-111.84493458260289,33.37957998741784],[-111.84493458260289,33.390256859941786],[-111.85685855297612,33.388059775792]]]}"
Arizona,Maricopa,9740063491691118592,21789.604176513163,2832.819,202512,deployment,"{""type"":""Polygon"",""coordinates"":[[[-111.85685855297612,33.37738325473624],[-111.85685855297612,33.36670558554277],[-111.84493458260289,33.368901966413226],[-111.84493458260289,33.37957998741784],[-111.85685855297612,33.37738325473624]]]}"
Arizona,Maricopa,9740063526050856960,23561.099631377565,3953.832,202512,deployment,"{""type"":""Polygon"",""coordinates"":[[[-111.85685855297612,33.36670558554277],[-111.85685855297612,33.356026769073324],[-111.84493458260289,33.35822279778965],[-111.84493458260289,33.368901966413226],[-111.85685855297612,33.36670558554277]]]}"
Arizona,Maricopa,9740063560410595328,36611.519971160196,6701.878,202512,deployment,"{""type"":""Polygon"",""coordinates"":[[[-111.84493458260289,33.368901966413226],[-111.84493458260289,33.35822279778965],[-111.8330105841322,33.360417581200664],[-111.8330105841322,33.37109710171596],[-111.84493458260289,33.368901966413226]]]}"
Arizona,Maricopa,9740063594770333696,46640.952674225926,8702.507,202512,deployment,"{""type"":""Polygon"",""coordinates"":[[[-111.84493458260289,33.37957998741784],[-111.84493458260289,33.368901966413226],[-111.8330105841322,33.37109710171596],[-111.8330105841322,33.38177547426949],[-111.84493458260289,33.37957998741784]]]}"
Arizona,Maricopa,9740063800928763904,1.400485479166559,0.031,202512,deployment,"{""type"":""Polygon"",""coordinates"":[[[-111.8330105841322,33.39245269799954],[-111.8330105841322,33.38177547426949],[-111.82108655908091,33.38396971508284],[-111.82108655908091,33.394647289757],[-111.8330105841322,33.39245269799954]]]}"
Arizona,Maricopa,9740063835288502272,86.57023356853922,3.69,202512,deployment,"{""type"":""Polygon"",""coordinates"":[[[-111.8330105841322,33.40312877204509],[-111.8330105841322,33.39245269799954],[-111.82108655908091,33.394647289757],[-111.82108655908091,33.40532371440407],[-111.8330105841322,33.40312877204509]]]}"
Arizona,Maricopa,9740065037879345152,1.7327243894895026,-0.201,202512,deployment,"{""type"":""Polygon"",""coordinates"":[[[-111.8330105841322,33.32837214051065],[-111.8330105841322,33.3176880367781],[-111.82108655908091,33.31988016473092],[-111.8210865590809,33.33056462146365],[-111.8330105841322,33.32837214051065]]]}"
Arizona,Maricopa,9740065278397513728,51557.41106013328,10603.5,202512,deployment,"{""type"":""Polygon"",""coordinates"":[[[-111.84493458260289,33.34754248240945],[-111.84493458260289,33.33686102113566],[-111.8330105841322,33.33905509973469],[-111.8330105841322,33.34973691358591],[-111.84493458260289,33.34754248240945]]]}"
Arizona,Maricopa,9740065312757252096,37845.14310981947,6893.65,202512,deployment,"{""type"":""Polygon"",""coordinates"":[[[-111.84493458260289,33.35822279778965],[-111.84493458260289,33.34754248240945],[-111.8330105841322,33.34973691358591],[-111.8330105841322,33.360417581200664],[-111.84493458260289,33.35822279778965]]]}"
Arizona,Maricopa,9740065347116990464,33071.685149450925,5409.075,202512,deployment,"{""type"":""Polygon"",""coordinates"":[[[-111.85685855297612,33.356026769073324],[-111.85685855297612,33.345346806190264],[-111.84493458260289,33.34754248240945],[-111.84493458260289,33.35822279778965],[-111.85685855297612,33.356026769073324]]]}"
Arizona,Maricopa,9740065381476728832,28026.469142141428,3409.166,202512,deployment,"{""type"":""Polygon"",""coordinates"":[[[-111.85685855297612,33.345346806190264],[-111.85685855297612,33.33466569775664],[-111.84493458260289,33.33686102113566],[-111.84493458260289,33.34754248240945],[-111.85685855297612,33.345346806190264]]]}"
Arizona,Maricopa,9740065415836467200,39970.63600730618,5585.978,202512,deployment,"{""type"":""Polygon"",""coordinates"":[[[-111.85685855297612,33.33466569775664],[-111.85685855297612,33.323983444636134],[-111.84493458260289,33.32617841483193],[-111.84493458260289,33.33686102113566],[-111.85685855297612,33.33466569775664]]]}"
Arizona,Maricopa,9740065450196205568,46513.34404618087,9326.673,202512,deployment,"{""type"":""Polygon"",""coordinates"":[[[-111.84493458260289,33.33686102113566],[-111.84493458260289,33.32617841483193],[-111.8330105841322,33.32837214051065],[-111.8330105841322,33.33905509973469],[-111.84493458260289,33.33686102113566]]]}"
Arizona,Maricopa,9740065484555943936,39833.34000874406,8118.667,202512,deployment,"{""type"":""Polygon"",""coordinates"":[[[-111.84493458260289,33.32617841483193],[-111.84493458260289,33.315494664362575],[-111.8330105841322,33.3176880367781],[-111.8330105841322,33.32837214051065],[-111.84493458260289,33.32617841483193]]]}"
Arizona,Maricopa,9740065518915682304,28011.93055422752,3563.478,202512,deployment,"{""type"":""Polygon"",""coordinates"":[[[-111.85685855297612,33.323983444636134],[-111.85685855297612,33.313300047693076],[-111.84493458260289,33.315494664362575],[-111.84493458260289,33.32617841483193],[-111.85685855297612,33.323983444636134]]]}"
Arizona,Maricopa,9740065553275420672,43673.98016844982,7506.048,202512,deployment,"{""type"":""Polygon"",""coordinates"":[[[-111.85685855297612,33.313300047693076],[-111.85685855297612,33.302615507792446],[-111.84493458260289,33.304809770592556],[-111.84493458260289,33.315494664362575],[-111.85685855297612,33.313300047693076]]]}"
Arizona,Maricopa,9740065587635159040,19626.558338591294,1433.924,202512,deployment,"{""type"":""Polygon"",""coordinates"":[[[-111.85685855297612,33.302615507792446],[-111.85685855297612,33.291929825799905],[-111.84493458260289,33.29412373438752],[-111.84493458260289,33.304809770592556],[-111.85685855297612,33.302615507792446]]]}"
Arizona,Maricopa,9740065621994897408,40078.23270624923,8245.007,202512,deployment,"{""type"":""Polygon"",""coordinates"":[[[-111.84493458260289,33.304809770592556],[-111.84493458260289,33.29412373438752],[-111.8330105841322,33.29631639924787],[-111.8330105841322,33.30700278940197],[-111.84493458260289,33.304809770592556]]]}"
Arizona,Maricopa,9740065656354635776,43705.557628624156,9453.123,202512,deployment,"{""type"":""Polygon"",""coordinates"":[[[-111.84493458260289,33.315494664362575],[-111.84493458260289,33.304809770592556],[-111.8330105841322,33.30700278940197],[-111.8330105841322,33.3176880367781],[-111.84493458260289,33.315494664362575]]]}"
Arizona,Maricopa,9740065690714374144,14.752838361280693,4.612,202512,deployment,"{""type"":""Polygon"",""coordinates"":[[[-111.8330105841322,33.3176880367781],[-111.8330105841322,33.30700278940197],[-111.82108655908091,33.30919456401186],[-111.82108655908091,33.31988016473092],[-111.8330105841322,33.3176880367781]]]}"
Arizona,Maricopa,9740065793793589248,3.5122027353369463,2.397,202512,deployment,"{""type"":""Polygon"",""coordinates"":[[[-111.8330105841322,33.30700278940197],[-111.8330105841322,33.29631639924787],[-111.82108655908091,33.29850782017208],[-111.82108655908091,33.30919456401186],[-111.8330105841322,33.30700278940197]]]}"
Arizona,Maricopa,9740065931232542720,20.724224751000925,-1.107,202512,deployment,"{""type"":""Polygon"",""coordinates"":[[[-111.8330105841322,33.28562886718206],[-111.8330105841322,33.27494019407145],[-111.82108655908091,33.27713090659587],[-111.82108655908091,33.287819934077774],[-111.8330105841322,33.28562886718206]]]}"
Arizona,Maricopa,9740065965592281088,8749.745958610714,2930.199,202512,deployment,"{""type"":""Polygon"",""coordinates"":[[[-111.84493458260289,33.28343655661373],[-111.84493458260289,33.27274823813812],[-111.8330105841322,33.27494019407145],[-111.8330105841322,33.28562886718206],[-111.84493458260289,33.28343655661373]]]}"
Arizona,Maricopa,9740065999952019456,17306.470202721863,4555.884,202512,deployment,"{""type"":""Polygon"",""coordinates"":[[[-111.84493458260289,33.29412373438752],[-111.84493458260289,33.28343655661373],[-111.8330105841322,33.28562886718206],[-111.8330105841322,33.29631639924787],[-111.84493458260289,33.29412373438752]]]}"
Arizona,Maricopa,9740066034311757824,26725.05721680519,5718.921,202512,deployment,"{""type"":""Polygon"",""coordinates"":[[[-111.85685855297612,33.291929825799905],[-111.85685855297612,33.281243002581746],[-111.84493458260289,33.28343655661373],[-111.84493458260289,33.29412373438752],[-111.85685855297612,33.291929825799905]]]}"
Arizona,Maricopa,9740066068671496192,10665.798103812012,2364.204,202512,deployment,"{""type"":""Polygon"",""coordinates"":[[[-111.85685855297612,33.281243002581746],[-111.85685855297612,33.27055503900491],[-111.84493458260289,33.27274823813812],[-111.84493458260289,33.28343655661373],[-111.85685855297612,33.281243002581746]]]}"
Arizona,Maricopa,9740066103031234560,14803.195454344926,4544.114,202512,deployment,"{""type"":""Polygon"",""coordinates"":[[[-111.85685855297612,33.27055503900491],[-111.85685855297612,33.25986593593701],[-111.84493458260289,33.262058779828266],[-111.84493458260289,33.27274823813812],[-111.85685855297612,33.27055503900491]]]}"
Arizona,Maricopa,9740066137390972928,6960.077635551659,2841.9,202512,deployment,"{""type"":""Polygon"",""coordinates"":[[[-111.84493458260289,33.27274823813812],[-111.84493458260289,33.262058779828266],[-111.8330105841322,33.2642503807836],[-111.8330105841322,33.27494019407145],[-111.84493458260289,33.27274823813812]]]}"
Arizona,Maricopa,9740066171750711296,2880.6001581813593,936.076,202512,deployment,"{""type"":""Polygon"",""coordinates"":[[[-111.84493458260289,33.262058779828266],[-111.84493458260289,33.251368182552405],[-111.8330105841322,33.25355942818672],[-111.8330105841322,33.2642503807836],[-111.84493458260289,33.262058779828266]]]}"
Arizona,Maricopa,9740066206110449664,18006.58226135588,4970.862,202512,deployment,"{""type"":""Polygon"",""coordinates"":[[[-111.85685855297612,33.25986593593701],[-111.85685855297612,33.24917569424628],[-111.84493458260289,33.251368182552405],[-111.84493458260289,33.262058779828266],[-111.85685855297612,33.25986593593701]]]}"
Arizona,Maricopa,9740066240470188032,17917.032080903915,5683.363,202512,deployment,"{""type"":""Polygon"",""coordinates"":[[[-111.85685855297612,33.24917569424628],[-111.85685855297612,33.23848431480166],[-111.84493458260289,33.240676447179425],[-111.84493458260289,33.251368182552405],[-111.85685855297612,33.24917569424628]]]}"
Arizona,Maricopa,9740066274829926400,4143.103954089035,1526.905,202512,deployment,"{""type"":""Polygon"",""coordinates"":[[[-111.85685855297612,33.23848431480166],[-111.85685855297612,33.227791798472666],[-111.84493458260289,33.22998357457887],[-111.84493458260289,33.240676447179425],[-111.85685855297612,33.23848431480166]]]}"
Arizona,Maricopa,9740066309189664768,7366.731294601102,2392.702,202512,deployment,"{""type"":""Polygon"",""coordinates"":[[[-111.84493458260289,33.240676447179425],[-111.84493458260289,33.22998357457887],[-111.8330105841322,33.232174108542004],[-111.8330105841322,33.242867337149676],[-111.84493458260289,33.240676447179425]]]}"
Arizona,Maricopa,9740066343549403136,9471.032341957025,2329.427,202512,deployment,"{""type"":""Polygon"",""coordinates"":[[[-111.84493458260289,33.251368182552405],[-111.84493458260289,33.240676447179425],[-111.8330105841322,33.242867337149676],[-111.8330105841322,33.25355942818672],[-111.84493458260289,33.251368182552405]]]}"
California,Los Angeles,9278157729149485056,200.58647176939678,109.101,202512,deployment,"{""type"":""Polygon"",""coordinates"":[[[-118.4980744223827,34.065622501621725],[-118.4980744223827,34.055392539190215],[-118.4863962961138,34.05833343982856],[-118.4863962961138,34.068563823956744],[-118.4980744223827,34.065622501621725]]]}"
California,Los Angeles,9278157763509223424,60582.95683358385,24788.55,202512,deployment,"{""type"":""Polygon"",""coordinates"":[[[-118.4980744223827,34.055392539190215],[-118.4980744223827,34.04516148074722],[-118.4863962961138,34.04810195926861],[-118.4863962961138,34.05833343982856],[-118.4980744223827,34.055392539190215]]]}"
California,Los Angeles,9278157797868961792,1160.4002038307876,689.71,202512,deployment,"{""type"":""Polygon"",""coordinates"":[[[-118.50975172272118,34.05245053820491],[-118.50975172272118,34.04221990214465],[-118.4980744223827,34.04516148074722],[-118.4980744223827,34.055392539190215],[-118.50975172272118,34.05245053820491]]]}"
California,Los Angeles,9278157832228700160,1163.7326904832992,788.057,202512,deployment,"{""type"":""Polygon"",""coordinates"":[[[-118.52142819584975,34.04950743735933],[-118.52142819584975,34.039277223947664],[-118.50975172272118,34.04221990214465],[-118.50975172272118,34.05245053820491],[-118.52142819584975,34.04950743735933]]]}"
California,Los Angeles,9278159137898758144,28393.494715040873,8780.366,202512,deployment,"{""type"":""Polygon"",""coordinates"":[[[-118.52142819584975,34.02904591611854],[-118.52142819584975,34.01881351462568],[-118.50975172272118,34.02175534626379],[-118.50975172272118,34.03198817124638],[-118.52142819584975,34.02904591611854]]]}"
California,Los Angeles,9278159172258496512,12503.945763531765,6963.099,202512,deployment,"{""type"":""Polygon"",""coordinates"":[[[-118.52142819584975,34.039277223947664],[-118.52142819584975,34.02904591611854],[-118.50975172272118,34.03198817124638],[-118.50975172272118,34.04221990214465],[-118.52142819584975,34.039277223947664]]]}"
California,Los Angeles,9278159206618234880,75140.68163046615,26905.281,202512,deployment,"{""type"":""Polygon"",""coordinates"":[[[-118.50975172272118,34.04221990214465],[-118.50975172272118,34.03198817124638],[-118.4980744223827,34.034929327045774],[-118.4980744223827,34.04516148074722],[-118.50975172272118,34.04221990214465]]]}"
California,Los Angeles,9278159240977973248,35921.760227616745,10845.584,202512,deployment,"{""type"":""Polygon"",""coordinates"":[[[-118.4980744223827,34.04516148074722],[-118.4980744223827,34.034929327045774],[-118.4863962961138,34.0378693830299],[-118.4863962961138,34.04810195926861],[-118.4980744223827,34.04516148074722]]]}"
California,Los Angeles,9278159275337711616,144533.74857498897,30127.38,202512,deployment,"{""type"":""Polygon"",""coordinates"":[[[-118.4980744223827,34.034929327045774],[-118.4980744223827,34.02469607883954],[-118.4863962961138,34.027635711866054],[-118.4863962961138,34.0378693830299],[-118.4980744223827,34.034929327045774]]]}"
California,Los Angeles,9278159309697449984,105964.51047359663,20675.592,202512,deployment,"{""type"":""Polygon"",""coordinates"":[[[-118.50975172272118,34.03198817124638],[-118.50975172272118,34.02175534626379],[-118.4980744223827,34.02469607883954],[-118.4980744223827,34.034929327045774],[-118.50975172272118,34.03198817124638]]]}"
California,Los Angeles,9278159344057188352,90647.24696406856,19993.328,202512,deployment,"{""type"":""Polygon"",""coordinates"":[[[-118.50975172272118,34.02175534626379],[-118.50975172272118,34.01152142795113],[-118.4980744223827,34.01446173688272],[-118.4980744223827,34.02469607883954],[-118.50975172272118,34.02175534626379]]]}"
California,Los Angeles,9278159378416926720,367051.870839472,90259.582,202512,deployment,"{""type"":""Polygon"",""coordinates"":[[[-118.4980744223827,34.02469607883954],[-118.4980744223827,34.01446173688272],[-118.4863962961138,34.017400946531254],[-118.4863962961138,34.027635711866054],[-118.4980744223827,34.02469607883954]]]}"
California,Los Angeles,9278159412776665088,203482.50051495832,41762.428,202512,deployment,"{""type"":""Polygon"",""coordinates"":[[[-118.4980744223827,34.01446173688272],[-118.4980744223827,34.004226301930125],[-118.4863962961138,34.00716508778025],[-118.4863962961138,34.017400946531254],[-118.4980744223827,34.01446173688272]]]}"
California,Los Angeles,9278159447136403456,1546.5332022796908,1427.046,202512,deployment,"{""type"":""Polygon"",""coordinates"":[[[-118.50975172272118,34.01152142795113],[-118.50975172272118,34.001286417063206],[-118.4980744223827,34.004226301930125],[-118.4980744223827,34.01446173688272],[-118.50975172272118,34.01152142795113]]]}"
California,Los Angeles,9278159790733787136,27093.307487314487,4488.082,202512,deployment,"{""type"":""Polygon"",""coordinates"":[[[-118.4980744223827,34.004226301930125],[-118.4980744223827,33.9939897747371],[-118.4863962961138,33.99692813636837],[-118.4863962961138,34.00716508778025],[-118.4980744223827,34.004226301930125]]]}"
California,Los Angeles,9278172091520122880,5181.009514148244,2950.169,202512,deployment,"{""type"":""Polygon"",""coordinates"":[[[-118.45135697452811,33.95452912919473],[-118.4513569745281,33.944284359087185],[-118.4396755573443,33.94721577311227],[-118.4396755573443,33.95746096889399],[-118.45135697452811,33.95452912919473]]]}"
California,Los Angeles,9278172125879861248,23329.967336048216,12843.711,202512,deployment,"{""type"":""Polygon"",""coordinates"":[[[-118.45135697452811,33.964772809924185],[-118.45135697452811,33.95452912919473],[-118.4396755573443,33.95746096889399],[-118.4396755573443,33.967705074877465],[-118.45135697452811,33.964772809924185]]]}"
California,Los Angeles,9278172194599337984,20536.278925192626,4645.014,202512,deployment,"{""type"":""Polygon"",""coordinates"":[[[-118.46303757090548,33.97208161083505],[-118.46303757090548,33.96183944534293],[-118.45135697452811,33.964772809924185],[-118.45135697452811,33.97501540051689],[-118.46303757090548,33.97208161083505]]]}"
California,Los Angeles,9278172228959076352,6942.664202288469,1836.853,202512,deployment,"{""type"":""Polygon"",""coordinates"":[[[-118.45135697452811,33.97501540051689],[-118.45135697452811,33.964772809924185],[-118.4396755573443,33.967705074877465],[-118.4396755573443,33.97794809030404],[-118.45135697452811,33.97501540051689]]]}"
California,Los Angeles,9278172263318814720,143242.3957171203,43687.641,202512,deployment,"{""type"":""Polygon"",""coordinates"":[[[-118.4396755573443,33.97794809030404],[-118.4396755573443,33.967705074877465],[-118.42799332063665,33.9706362397177],[-118.42799332063665,33.98087967971151],[-118.4396755573443,33.97794809030404]]]}"
California,Los Angeles,9278172332038291456,98105.89946134176,35762.657,202512,deployment,"{""type"":""Polygon"",""coordinates"":[[[-118.42799332063665,33.9706362397177],[-118.42799332063665,33.960391708747],[-118.41631026568835,33.963321348269105],[-118.41631026568835,33.9735663039603],[-118.42799332063665,33.9706362397177]]]}"
California,Los Angeles,9278172366398029824,70779.98347673519,17346.401,202512,deployment,"{""type"":""Polygon"",""coordinates"":[[[-118.42799332063665,33.98087967971151],[-118.42799332063665,33.9706362397177],[-118.41631026568835,33.9735663039603],[-118.41631026568835,33.9838101682547],[-118.42799332063665,33.98087967971151]]]}"
California,Los Angeles,9278172400757768192,196618.5270195342,66591.669,202512,deployment,"{""type"":""Polygon"",""coordinates"":[[[-118.41631026568835,33.9838101682547],[-118.41631026568835,33.9735663039603],[-118.40462639378326,33.97649526712107],[-118.40462639378326,33.9867395554495],[-118.41631026568835,33.9838101682547]]]}"
California,Los Angeles,9278172435117506560,288494.37295008835,89590.011,202512,deployment,"{""type"":""Polygon"",""coordinates"":[[[-118.40462639378326,33.9867395554495],[-118.40462639378326,33.97649526712107],[-118.39294170620582,33.97942312871625],[-118.39294170620582,33.9896678408122],[-118.40462639378326,33.9867395554495]]]}"
California,Los Angeles,9278172469477244928,90073.18698192341,34496.173,202512,deployment,"{""type"":""Polygon"",""coordinates"":[[[-118.40462639378326,33.97649526712107],[-118.40462639378326,33.96624988697607],[-118.39294170620582,33.9691773243841],[-118.39294170620582,33.97942312871625],[-118.40462639378326,33.97649526712107]]]}"
California,Los Angeles,9278172503836983296,13390.19227236791,13390.192,202512,deployment,"{""type"":""Polygon"",""coordinates"":[[[-118.41631026568835,33.9735663039603],[-118.41631026568835,33.963321348269105],[-118.40462639378326,33.96624988697607],[-118.40462639378326,33.97649526712107],[-118.41631026568835,33.9735663039603]]]}"
California,Los Angeles,9278172538196721664,73064.2262695353,22709.88,202512,deployment,"{""type"":""Polygon"",""coordinates"":[[[-118.41631026568835,33.963321348269105],[-118.41631026568835,33.9530753019397],[-118.40462639378326,33.95600341577306],[-118.40462639378326,33.96624988697607],[-118.41631026568835,33.963321348269105]]]}"
California,Los Angeles,9278172572556460032,127678.74645072313,42788.112,202512,deployment,"{""type"":""Polygon"",""coordinates"":[[[-118.40462639378326,33.96624988697607],[-118.40462639378326,33.95600341577306],[-118.39294170620582,33.95893042857426],[-118.39294170620582,33.9691773243841],[-118.40462639378326,33.96624988697607]]]}"
California,Los Angeles,9278172606916198400,21703.05362701,11359.684,202512,deployment,"{""type"":""Polygon"",""coordinates"":[[[-118.40462639378326,33.95600341577306],[-118.40462639378326,33.94575585427115],[-118.39294170620582,33.948682442045815],[-118.39294170620582,33.95893042857426],[-118.40462639378326,33.95600341577306]]]}"
California,Los Angeles,9278172709995413504,47379.65100371084,18503.904,202512,deployment,"{""type"":""Polygon"",""coordinates"":[[[-118.42799332063665,33.960391708747],[-118.42799332063665,33.950146087558],[-118.41631026568835,33.9530753019397],[-118.41631026568835,33.963321348269105],[-118.42799332063665,33.960391708747]]]}"
California,Los Angeles,9278172744355151872,8164.119795088603,5177.969,202512,deployment,"{""type"":""Polygon"",""coordinates"":[[[-118.4396755573443,33.95746096889399],[-118.4396755573443,33.94721577311227],[-118.42799332063665,33.950146087558],[-118.42799332063665,33.960391708747],[-118.4396755573443,33.95746096889399]]]}"
California,Los Angeles,9278172984873320448,21.787793435451327,18.163,202512,deployment,"{""type"":""Polygon"",""coordinates"":[[[-118.40462639378326,33.94575585427115],[-118.40462639378326,33.93550720323001],[-118.39294170620582,33.9384333655584],[-118.39294170620582,33.948682442045815],[-118.40462639378326,33.94575585427115]]]}"
California,Los Angeles,9278173019233058816,20.6504487302815,16.584,202512,deployment,"{""type"":""Polygon"",""coordinates"":[[[-118.40462639378326,33.93550720323001],[-118.40462639378326,33.9252574634099],[-118.39294170620582,33.92818319987224],[-118.39294170620582,33.9384333655584],[-118.40462639378326,33.93550720323001]]]}"
California,Los Angeles,9278178379352244224,0.6541753310683306,0.595,202512,deployment,"{""type"":""Polygon"",""coordinates"":[[[-118.32281652363083,33.94571448674347],[-118.32281652363083,33.93546068051404],[-118.31112616236453,33.93837827742664],[-118.31112616236453,33.94863250807241],[-118.32281652363083,33.94571448674347]]]}"
California,Los Angeles,9278178585510674432,21310.355603666187,8510.862,202512,deployment,"{""type"":""Polygon"",""coordinates"":[[[-118.33450607823356,33.95304765281854],[-118.33450607823356,33.94279536180754],[-118.32281652363083,33.94571448674347],[-118.32281652363086,33.95596720201868],[-118.33450607823356,33.95304765281854]]]}"
California,Los Angeles,9278178619870412800,23004.81566282465,10876.744,202512,deployment,"{""type"":""Polygon"",""coordinates"":[[[-118.33450607823356,33.96329885253376],[-118.33450607823356,33.95304765281854],[-118.32281652363086,33.95596720201868],[-118.32281652363086,33.966218825579055],[-118.33450607823356,33.96329885253376]]]}"
California,Los Angeles,9278178654230151168,24287.358926169658,10183.237,202512,deployment,"{""type"":""Polygon"",""coordinates"":[[[-118.34619482488387,33.96037777582885],[-118.34619482488387,33.950127000225535],[-118.33450607823356,33.95304765281854],[-118.33450607823356,33.96329885253376],[-118.34619482488387,33.96037777582885]]]}"
California,Los Angeles,9278178688589889536,24039.99565388063,8961.007,202512,deployment,"{""type"":""Polygon"",""coordinates"":[[[-118.34619482488387,33.950127000225535],[-118.34619482488387,33.939875133745595],[-118.33450607823356,33.94279536180754],[-118.33450607823356,33.95304765281854],[-118.34619482488387,33.950127000225535]]]}"
California,Los Angeles,9278178722949627904,3286.6873757813173,3203.296,202512,deployment,"{""type"":""Polygon"",""coordinates"":[[[-118.34619482488387,33.939875133745595],[-118.34619482488387,33.9296221771497],[-118.33450607823356,33.93254198026139],[-118.33450607823356,33.94279536180754],[-118.34619482488387,33.939875133745595]]]}"
California,Los Angeles,9278178757309366272,5.175763687689313,0.1,202512,deployment,"{""type"":""Polygon"",""coordinates"":[[[-118.33450607823356,33.94279536180754],[-118.33450607823356,33.93254198026139],[-118.32281652363083,33.93546068051404],[-118.32281652363083,33.94571448674347],[-118.33450607823356,33.94279536180754]]]}"
California,Los Angeles,9278178894748319744,2527.6947370304415,2471.011,202512,deployment,"{""type"":""Polygon"",""coordinates"":[[[-118.3578827622935,33.93695380303904],[-118.3578827622935,33.926701271660434],[-118.34619482488387,33.9296221771497],[-118.34619482488387,33.939875133745595],[-118.3578827622935,33.93695380303904]]]}"
California,Los Angeles,9278178929108058112,388.9745225267388,384.993,202512,deployment,"{""type"":""Polygon"",""coordinates"":[[[-118.36956988917491,33.93403137016971],[-118.36956988917491,33.923779264275474],[-118.3578827622935,33.926701271660434],[-118.3578827622935,33.93695380303904],[-118.36956988917491,33.93403137016971]]]}"
California,Los Angeles,9278179066547011584,1.3261650705796104,1.326,202512,deployment,"{""type"":""Polygon"",""coordinates"":[[[-118.39294170620582,33.92818319987224],[-118.39294170620582,33.91793194574812],[-118.38125620424114,33.92085615547712],[-118.38125620424114,33.931107835619876],[-118.39294170620582,33.92818319987224]]]}"
California,Los Angeles,9278179100906749952,24.152872132741663,24.153,202512,deployment,"{""type"":""Polygon"",""coordinates"":[[[-118.38125620424114,33.931107835619876],[-118.38125620424114,33.92085615547712],[-118.36956988917491,33.923779264275474],[-118.36956988917491,33.93403137016971],[-118.38125620424114,33.931107835619876]]]}"
California,Los Angeles,9278179135266488320,670.8100434401192,651.712,202512,deployment,"{""type"":""Polygon"",""coordinates"":[[[-118.38125620424114,33.941358426905005],[-118.38125620424114,33.931107835619876],[-118.36956988917491,33.93403137016971],[-118.36956988917491,33.94428238678677],[-118.38125620424114,33.941358426905005]]]}"
California,Los Angeles,9278179169626226688,17.06941962763239,17.069,202512,deployment,"{""type"":""Polygon"",""coordinates"":[[[-118.39294170620582,33.9384333655584],[-118.39294170620582,33.92818319987224],[-118.38125620424114,33.931107835619876],[-118.38125620424114,33.941358426905005],[-118.39294170620582,33.9384333655584]]]}"
California,Los Angeles,9278179203985965056,9.194999094537142,6.165,202512,deployment,"{""type"":""Polygon"",""coordinates"":[[[-118.39294170620582,33.948682442045815],[-118.39294170620582,33.9384333655584],[-118.38125620424114,33.941358426905005],[-118.38125620424114,33.95160792857174],[-118.39294170620582,33.948682442045815]]]}"
California,Los Angeles,9278179238345703424,14098.5083118427,8963.133,202512,deployment,"{""type"":""Polygon"",""coordinates"":[[[-118.38125620424114,33.95160792857174],[-118.38125620424114,33.941358426905005],[-118.36956988917491,33.94428238678677],[-118.36956988917491,33.95453231336588],[-118.38125620424114,33.95160792857174]]]}"
California,Los Angeles,9278179272705441792,189552.2604456905,26181.862,202512,deployment,"{""type"":""Polygon"",""coordinates"":[[[-118.36956988917491,33.95453231336588],[-118.36956988917491,33.94428238678677],[-118.3578827622935,33.94720524472101],[-118.3578827622935,33.957455595945646],[-118.36956988917491,33.95453231336588]]]}"
California,Los Angeles,9278179307065180160,51984.671747088316,15014.794,202512,deployment,"{""type"":""Polygon"",""coordinates"":[[[-118.36956988917491,33.94428238678677],[-118.36956988917491,33.93403137016971],[-118.3578827622935,33.93695380303904],[-118.3578827622935,33.94720524472101],[-118.36956988917491,33.94428238678677]]]}"
California,Los Angeles,9278179341424918528,137918.07273279087,46818.341,202512,deployment,"{""type"":""Polygon"",""coordinates"":[[[-118.3578827622935,33.94720524472101],[-118.3578827622935,33.93695380303904],[-118.34619482488387,33.939875133745595],[-118.34619482488387,33.950127000225535],[-118.3578827622935,33.94720524472101]]]}"
California,Los Angeles,9278179375784656896,121250.9329819741,56643.563,202512,deployment,"{""type"":""Polygon"",""coordinates"":[[[-118.3578827622935,33.957455595945646],[-118.3578827622935,33.94720524472101],[-118.34619482488387,33.950127000225535],[-118.34619482488387,33.96037777582885],[-118.3578827622935,33.957455595945646]]]}"
California,Los Angeles,9278179410144395264,123965.52595545669,64959.546,202512,deployment,"{""type"":""Polygon"",""coordinates"":[[[-118.3578827622935,33.96770485595282],[-118.3578827622935,33.957455595945646],[-118.34619482488387,33.96037777582885],[-118.34619482488387,33.97062745979546],[-118.3578827622935,33.96770485595282]]]}"
California,Los Angeles,9278179444504133632,107786.01647686517,62283.46,202512,deployment,"{""type"":""Polygon"",""coordinates"":[[[-118.3578827622935,33.977953023982984],[-118.3578827622935,33.96770485595282],[-118.34619482488387,33.97062745979546],[-118.34619482488387,33.98087605136584],[-118.3578827622935,33.977953023982984]]]}"
California,Los Angeles,9278179478863872000,39920.571944001844,26716.851,202512,deployment,"{""type"":""Polygon"",""coordinates"":[[[-118.36956988917491,33.975028893370286],[-118.36956988917491,33.96478114914692],[-118.3578827622935,33.96770485595282],[-118.3578827622935,33.977953023982984],[-118.36956988917491,33.975028893370286]]]}"
California,Los Angeles,9278179513223610368,149597.7672131509,9810.94,202512,deployment,"{""type"":""Polygon"",""coordinates"":[[[-118.36956988917491,33.96478114914692],[-118.36956988917491,33.95453231336588],[-118.3578827622935,33.957455595945646],[-118.3578827622935,33.96770485595282],[-118.36956988917491,33.96478114914692]]]}"
California,Los Angeles,9278179547583348736,204634.52569466922,73078.922,202512,deployment,"{""type"":""Polygon"",""coordinates"":[[[-118.38125620424114,33.96185633985988],[-118.38125620424114,33.95160792857174],[-118.36956988917491,33.95453231336588],[-118.36956988917491,33.96478114914692],[-118.38125620424114,33.96185633985988]]]}"
California,Los Angeles,9278179581943087104,81482.26547005813,23156.632,202512,deployment,"{""type"":""Polygon"",""coordinates"":[[[-118.39294170620582,33.95893042857426],[-118.39294170620582,33.948682442045815],[-118.38125620424114,33.95160792857174],[-118.38125620424114,33.96185633985988],[-118.39294170620582,33.95893042857426]]]}"
California,Los Angeles,9278179616302825472,58574.40018337004,21639.047,202512,deployment,"{""type"":""Polygon"",""coordinates"":[[[-118.39294170620582,33.9691773243841],[-118.39294170620582,33.95893042857426],[-118.38125620424114,33.96185633985988],[-118.38125620424114,33.97210366000982],[-118.39294170620582,33.9691773243841]]]}"
California,Los Angeles,9278179650662563840,141888.2487041768,29743.86,202512,deployment,"{""type"":""Polygon"",""coordinates"":[[[-118.38125620424114,33.97210366000982],[-118.38125620424114,33.96185633985988],[-118.36956988917491,33.96478114914692],[-118.36956988917491,33.975028893370286],[-118.38125620424114,33.97210366000982]]]}"
California,Los Angeles,9278179685022302208,168661.54529570678,40697.678,202512,deployment,"{""type"":""Polygon"",""coordinates"":[[[-118.38125620424114,33.98234988826252],[-118.38125620424114,33.97210366000982],[-118.36956988917491,33.975028893370286],[-118.36956988917491,33.985275545276984],[-118.38125620424114,33.98234988826252]]]}"
California,Los Angeles,9278179719382040576,145625.99883861197,33372.542,202512,deployment,"{""type"":""Polygon"",""coordinates"":[[[-118.39294170620582,33.97942312871625],[-118.39294170620582,33.9691773243841],[-118.38125620424114,33.97210366000982],[-118.38125620424114,33.98234988826252],[-118.39294170620582,33.97942312871625]]]}"
California,Los Angeles,9278179753741778944,65547.37296147508,37180.815,202512,deployment,"{""type"":""Polygon"",""coordinates"":[[[-118.39294170620582,33.9896678408122],[-118.39294170620582,33.97942312871625],[-118.38125620424114,33.98234988826252],[-118.38125620424114,33.99259502385951],[-118.39294170620582,33.9896678408122]]]}"
California,Los Angeles,9278179788101517312,46858.54176881941,29772.549,202512,deployment,"{""type"":""Polygon"",""coordinates"":[[[-118.38125620424114,33.99259502385951],[-118.38125620424114,33.98234988826252],[-118.36956988917491,33.985275545276984],[-118.36956988917491,33.995521104108576],[-118.38125620424114,33.99259502385951]]]}"
California,Los Angeles,9278179822461255680,142508.95013705402,88473.354,202512,deployment,"{""type"":""Polygon"",""coordinates"":[[[-118.36956988917491,33.995521104108576],[-118.36956988917491,33.985275545276984],[-118.3578827622935,33.98820009927718],[-118.3578827622935,33.99844608107699],[-118.36956988917491,33.995521104108576]]]}"
California,Los Angeles,9278179856820994048,118833.88025008661,74231.963,202512,deployment,"{""type"":""Polygon"",""coordinates"":[[[-118.36956988917491,33.985275545276984],[-118.36956988917491,33.975028893370286],[-118.3578827622935,33.977953023982984],[-118.3578827622935,33.98820009927718],[-118.36956988917491,33.985275545276984]]]}"
California,Los Angeles,9278179891180732416,51756.13367244554,32512.021,202512,deployment,"{""type"":""Polygon"",""coordinates"":[[[-118.3578827622935,33.98820009927718],[-118.3578827622935,33.977953023982984],[-118.34619482488387,33.98087605136584],[-118.34619482488387,33.991123549781065],[-118.3578827622935,33.98820009927718]]]}"
California,Los Angeles,9278179925540470784,31781.07264136486,20053.963,202512,deployment,"{""type"":""Polygon"",""coordinates"":[[[-118.3578827622935,33.99844608107699],[-118.3578827622935,33.98820009927718],[-118.34619482488387,33.991123549781065],[-118.34619482488387,34.00136995428276],[-118.3578827622935,33.99844608107699]]]}"
California,Los Angeles,9278179959900209152,26316.548836411184,17276.149,202512,deployment,"{""type"":""Polygon"",""coordinates"":[[[-118.34619482488387,34.00136995428276],[-118.34619482488387,33.991123549781065],[-118.33450607823357,33.99404589630704],[-118.33450607823356,34.004292723244326],[-118.34619482488387,34.00136995428276]]]}"
California,Los Angeles,9278179994259947520,34370.79968954863,21673.233,202512,deployment,"{""type"":""Polygon"",""coordinates"":[[[-118.33450607823356,34.004292723244326],[-118.33450607823357,33.99404589630704],[-118.32281652363086,33.99696713837393],[-118.32281652363086,34.00721438748057],[-118.33450607823356,34.004292723244326]]]}"
California,Los Angeles,9278180028619685888,15644.131984080706,10126.801,202512,deployment,"{""type"":""Polygon"",""coordinates"":[[[-118.33450607823357,33.99404589630704],[-118.33450607823356,33.983797975037206],[-118.32281652363086,33.986718794515845],[-118.32281652363086,33.99696713837393],[-118.33450607823357,33.99404589630704]]]}"
California,Los Angeles,9278180062979424256,13521.227075624713,8963.726,202512,deployment,"{""type"":""Polygon"",""coordinates"":[[[-118.34619482488387,33.991123549781065],[-118.34619482488387,33.98087605136584],[-118.33450607823356,33.983797975037206],[-118.33450607823357,33.99404589630704],[-118.34619482488387,33.991123549781065]]]}"
California,Los Angeles,9278180097339162624,12336.173590796609,7895.926,202512,deployment,"{""type"":""Polygon"",""coordinates"":[[[-118.34619482488387,33.98087605136584],[-118.34619482488387,33.97062745979546],[-118.33450607823357,33.97354896019314],[-118.33450607823356,33.983797975037206],[-118.34619482488387,33.98087605136584]]]}"
California,Los Angeles,9278180131698900992,3878.711723558014,2035.489,202512,deployment,"{""type"":""Polygon"",""coordinates"":[[[-118.34619482488387,33.97062745979546],[-118.34619482488387,33.96037777582885],[-118.33450607823356,33.96329885253376],[-118.33450607823357,33.97354896019314],[-118.34619482488387,33.97062745979546]]]}"
California,Los Angeles,9278180166058639360,14404.61934006179,8726.154,202512,deployment,"{""type"":""Polygon"",""coordinates"":[[[-118.33450607823357,33.97354896019314],[-118.33450607823356,33.96329885253376],[-118.32281652363086,33.966218825579055],[-118.32281652363086,33.97646935666459],[-118.33450607823357,33.97354896019314]]]}"
California,Los Angeles,9278180200418377728,17956.271706302436,11137.328,202512,deployment,"{""type"":""Polygon"",""coordinates"":[[[-118.33450607823356,33.983797975037206],[-118.33450607823357,33.97354896019314],[-118.32281652363086,33.97646935666459],[-118.32281652363086,33.986718794515845],[-118.33450607823356,33.983797975037206]]]}"
California,Los Angeles,9278180440936546304,15574.353196064372,8942.401,202512,deployment,"{""type"":""Polygon"",""coordinates"":[[[-118.32281652363086,34.00721438748057],[-118.32281652363086,33.99696713837393],[-118.31112616236453,33.999887275501],[-118.31112616236453,34.01013494651079],[-118.32281652363086,34.00721438748057]]]}"
California,Los Angeles,9278180475296284672,46849.574634953424,30788.008,202512,deployment,"{""type"":""Polygon"",""coordinates"":[[[-118.31112616236453,34.01013494651079],[-118.31112616236453,33.999887275501],[-118.29943499572406,34.00280630720794],[-118.29943499572408,34.01305439985473],[-118.31112616236453,34.01013494651079]]]}"
California,Los Angeles,9278180509656023040,82777.60389352035,45895.107,202512,deployment,"{""type"":""Polygon"",""coordinates"":[[[-118.31112616236453,34.020381521592675],[-118.31112616236453,34.01013494651079],[-118.29943499572408,34.01305439985473],[-118.29943499572406,34.023301396155],[-118.31112616236453,34.020381521592675]]]}"
California,Los Angeles,9278180544015761408,105951.07979100406,36775.423,202512,deployment,"{""type"":""Polygon"",""coordinates"":[[[-118.31112616236453,34.03062699998952],[-118.31112616236453,34.020381521592675],[-118.29943499572406,34.023301396155],[-118.29943499572406,34.03354729535165],[-118.31112616236453,34.03062699998952]]]}"
California,Los Angeles,9278180578375499776,44595.940075735,9688.73,202512,deployment,"{""type"":""Polygon"",""coordinates"":[[[-118.32281652363083,34.02770559840919],[-118.32281652363086,34.01746054107804],[-118.31112616236453,34.020381521592675],[-118.31112616236453,34.03062699998952],[-118.32281652363083,34.02770559840919]]]}"
California,Los Angeles,9278180612735238144,58671.39864427905,36752.359,202512,deployment,"{""type"":""Polygon"",""coordinates"":[[[-118.32281652363086,34.01746054107804],[-118.32281652363086,34.00721438748057],[-118.31112616236453,34.01013494651079],[-118.31112616236453,34.020381521592675],[-118.32281652363086,34.01746054107804]]]}"
California,Los Angeles,9278180647094976512,45670.867384338126,29458.917,202512,deployment,"{""type"":""Polygon"",""coordinates"":[[[-118.33450607823357,34.01453845509131],[-118.33450607823356,34.004292723244326],[-118.32281652363086,34.00721438748057],[-118.32281652363086,34.01746054107804],[-118.33450607823357,34.01453845509131]]]}"
California,Los Angeles,9278180681454714880,45954.95212415616,27283.012,202512,deployment,"{""type"":""Polygon"",""coordinates"":[[[-118.34619482488387,34.01161526411314],[-118.34619482488387,34.00136995428276],[-118.33450607823356,34.004292723244326],[-118.33450607823357,34.01453845509131],[-118.34619482488387,34.01161526411314]]]}"
California,Los Angeles,9278180715814453248,43902.80651937579,22576.701,202512,deployment,"{""type"":""Polygon"",""coordinates"":[[[-118.34619482488387,34.021859478515005],[-118.34619482488387,34.01161526411314],[-118.33450607823357,34.01453845509131],[-118.33450607823357,34.024783091090825],[-118.34619482488387,34.021859478515005]]]}"
California,Los Angeles,9278180750174191616,50929.62619808417,15784.261,202512,deployment,"{""type"":""Polygon"",""coordinates"":[[[-118.33450607823357,34.024783091090825],[-118.33450607823357,34.01453845509131],[-118.32281652363086,34.01746054107804],[-118.32281652363083,34.02770559840919],[-118.33450607823357,34.024783091090825]]]}"
California,Los Angeles,9278180784533929984,134293.46178612884,41439.446,202512,deployment,"{""type"":""Polygon"",""coordinates"":[[[-118.33450607823356,34.03502663048625],[-118.33450607823357,34.024783091090825],[-118.32281652363083,34.02770559840919],[-118.32281652363086,34.03794955871748],[-118.33450607823356,34.03502663048625]]]}"
California,Los Angeles,9278180818893668352,145261.9947507678,39595.563,202512,deployment,"{""type"":""Polygon"",""coordinates"":[[[-118.34619482488387,34.03210259673171],[-118.34619482488387,34.021859478515005],[-118.33450607823357,34.024783091090825],[-118.33450607823356,34.03502663048625],[-118.34619482488387,34.03210259673171]]]}"
California,Los Angeles,9278180853253406720,103116.60803894816,34553.36,202512,deployment,"{""type"":""Polygon"",""coordinates"":[[[-118.34619482488387,34.04234461800719],[-118.34619482488387,34.03210259673171],[-118.33450607823356,34.03502663048625],[-118.33450607823357,34.04526907252157],[-118.34619482488387,34.04234461800719]]]}"
California,Los Angeles,9278180887613145088,197907.53157822273,60800.888,202512,deployment,"{""type"":""Polygon"",""coordinates"":[[[-118.33450607823357,34.04526907252157],[-118.33450607823356,34.03502663048625],[-118.32281652363086,34.03794955871748],[-118.32281652363083,34.048192421246895],[-118.33450607823357,34.04526907252157]]]}"
California,Los Angeles,9278180921972883456,148716.73906426018,41137.686,202512,deployment,"{""type"":""Polygon"",""coordinates"":[[[-118.32281652363083,34.048192421246895],[-118.32281652363086,34.03794955871748],[-118.31112616236453,34.040871380944836],[-118.31112616236453,34.051114663702634],[-118.32281652363083,34.048192421246895]]]}"
California,Los Angeles,9278180956332621824,126017.81789236804,42161.662,202512,deployment,"{""type"":""Polygon"",""coordinates"":[[[-118.32281652363086,34.03794955871748],[-118.32281652363083,34.02770559840919],[-118.31112616236453,34.03062699998952],[-118.31112616236453,34.040871380944836],[-118.32281652363086,34.03794955871748]]]}"
California,Los Angeles,9278180990692360192,170731.68892736247,60423.491,202512,deployment,"{""type"":""Polygon"",""coordinates"":[[[-118.31112616236453,34.040871380944836],[-118.31112616236453,34.03062699998952],[-118.29943499572406,34.03354729535165],[-118.29943499572406,34.04379209668821],[-118.31112616236453,34.040871380944836]]]}"
California,Los Angeles,9278181025052098560,250845.31762893885,80303.066,202512,deployment,"{""type"":""Polygon"",""coordinates"":[[[-118.31112616236453,34.051114663702634],[-118.31112616236453,34.040871380944836],[-118.29943499572406,34.04379209668821],[-118.29943499572406,34.054035799408744],[-118.31112616236453,34.051114663702634]]]}"
California,Los Angeles,9278181059411836928,286245.834062479,102061.298,202512,deployment,"{""type"":""Polygon"",""coordinates"":[[[-118.31112616236453,34.061356847507554],[-118.31112616236453,34.051114663702634],[-118.29943499572406,34.054035799408744],[-118.29943499572406,34.06427840275792],[-118.31112616236453,34.061356847507554]]]}"
California,Los Angeles,9278181093771575296,263433.57918203453,100763.07,202512,deployment,"{""type"":""Polygon"",""coordinates"":[[[-118.32281652363086,34.05843418524202],[-118.32281652363083,34.048192421246895],[-118.31112616236453,34.051114663702634],[-118.31112616236453,34.061356847507554],[-118.32281652363086,34.05843418524202]]]}"
California,Los Angeles,9278181128131313664,204543.45257225563,69468.962,202512,deployment,"{""type"":""Polygon"",""coordinates"":[[[-118.32281652363083,34.06867484994804],[-118.32281652363086,34.05843418524202],[-118.31112616236453,34.061356847507554],[-118.31112616236453,34.0715979316048],[-118.32281652363083,34.06867484994804]]]}"
California,Los Angeles,9278181162491052032,230753.8633460899,84149.553,202512,deployment,"{""type"":""Polygon"",""coordinates"":[[[-118.31112616236453,34.0715979316048],[-118.31112616236453,34.061356847507554],[-118.29943499572406,34.06427840275792],[-118.29943499572406,34.07451990598098],[-118.31112616236453,34.0715979316048]]]}"
California,Los Angeles,9278181196850790400,227950.25113079496,98384.846,202512,deployment,"{""type"":""Polygon"",""coordinates"":[[[-118.31112616236453,34.08183791524013],[-118.31112616236453,34.0715979316048],[-118.29943499572406,34.07451990598098],[-118.29943499572406,34.084760308323716],[-118.31112616236453,34.08183791524013]]]}"
California,Los Angeles,9278181231210528768,82906.26149131329,41179.331,202512,deployment,"{""type"":""Polygon"",""coordinates"":[[[-118.31112616236453,34.09207679765992],[-118.31112616236453,34.08183791524013],[-118.29943499572406,34.084760308323716],[-118.29943499572406,34.09499960903254],[-118.31112616236453,34.09207679765992]]]}"
California,Los Angeles,9278181265570267136,125291.34103263718,47892.093,202512,deployment,"{""type"":""Polygon"",""coordinates"":[[[-118.32281652363086,34.089152878476305],[-118.32281652363083,34.0789144146107],[-118.31112616236453,34.08183791524013],[-118.31112616236453,34.09207679765992],[-118.32281652363086,34.089152878476305]]]}"
California,Los Angeles,9278181299930005504,226466.85992182058,95391.933,202512,deployment,"{""type"":""Polygon"",""coordinates"":[[[-118.32281652363083,34.0789144146107],[-118.32281652363083,34.06867484994804],[-118.31112616236453,34.0715979316048],[-118.31112616236453,34.08183791524013],[-118.32281652363083,34.0789144146107]]]}"
California,Los Angeles,9278181334289743872,284096.2415049418,89098.311,202512,deployment,"{""type"":""Polygon"",""coordinates"":[[[-118.33450607823356,34.075989806915345],[-118.33450607823356,34.06575066149071],[-118.32281652363083,34.06867484994804],[-118.32281652363083,34.0789144146107],[-118.33450607823356,34.075989806915345]]]}"
California,Los Angeles,9278181368649482240,136327.87178249704,43419.934,202512,deployment,"{""type"":""Polygon"",""coordinates"":[[[-118.33450607823357,34.086227851961546],[-118.33450607823356,34.075989806915345],[-118.32281652363083,34.0789144146107],[-118.32281652363086,34.089152878476305],[-118.33450607823357,34.086227851961546]]]}"
California,Los Angeles,9278181403009220608,332994.56665587187,116197.873,202512,deployment,"{""type"":""Polygon"",""coordinates"":[[[-118.34619482488387,34.083301718595976],[-118.34619482488387,34.07306409263442],[-118.33450607823356,34.075989806915345],[-118.33450607823357,34.086227851961546],[-118.34619482488387,34.083301718595976]]]}"
California,Los Angeles,9278181437368958976,257061.4432840675,90736.193,202512,deployment,"{""type"":""Polygon"",""coordinates"":[[[-118.34619482488387,34.07306409263442],[-118.34619482488387,34.06282536671317],[-118.33450607823356,34.06575066149071],[-118.33450607823356,34.075989806915345],[-118.34619482488387,34.07306409263442]]]}"
California,Los Angeles,9278181471728697344,294130.80177771597,128438.975,202512,deployment,"{""type"":""Polygon"",""coordinates"":[[[-118.34619482488387,34.06282536671317],[-118.34619482488387,34.052585541585984],[-118.33450607823356,34.05551041644135],[-118.33450607823356,34.06575066149071],[-118.34619482488387,34.06282536671317]]]}"
California,Los Angeles,9278181506088435712,203447.0896129668,63633.186,202512,deployment,"{""type"":""Polygon"",""coordinates"":[[[-118.33450607823356,34.06575066149071],[-118.33450607823356,34.05551041644135],[-118.32281652363086,34.05843418524202],[-118.32281652363083,34.06867484994804],[-118.33450607823356,34.06575066149071]]]}"
California,Los Angeles,9278181540448174080,264131.30391090905,90982.395,202512,deployment,"{""type"":""Polygon"",""coordinates"":[[[-118.33450607823356,34.05551041644135],[-118.33450607823357,34.04526907252157],[-118.32281652363083,34.048192421246895],[-118.32281652363086,34.05843418524202],[-118.33450607823356,34.05551041644135]]]}"
California,Los Angeles,9278181574807912448,299227.58880589186,93726.183,202512,deployment,"{""type"":""Polygon"",""coordinates"":[[[-118.34619482488387,34.052585541585984],[-118.34619482488387,34.04234461800719],[-118.33450607823357,34.04526907252157],[-118.33450607823356,34.05551041644135],[-118.34619482488387,34.052585541585984]]]}"
California,Los Angeles,9278181609167650816,279892.0908237795,64116.876,202512,deployment,"{""type"":""Polygon"",""coordinates"":[[[-118.3578827622935,34.04965956115683],[-118.3578827622935,34.0394190581847],[-118.34619482488387,34.04234461800719],[-118.34619482488387,34.052585541585984],[-118.3578827622935,34.04965956115683]]]}"
California,Los Angeles,9278181643527389184,243642.36908577845,54277.876,202512,deployment,"{""type"":""Polygon"",""coordinates"":[[[-118.36956988917491,34.04673247563518],[-118.36956988917491,34.03649239353543],[-118.3578827622935,34.0394190581847],[-118.3578827622935,34.04965956115683],[-118.36956988917491,34.04673247563518]]]}"
California,Los Angeles,9278181677887127552,228255.6075694321,67365.93,202512,deployment,"{""type"":""Polygon"",""coordinates"":[[[-118.36956988917491,34.05697146012133],[-118.36956988917491,34.04673247563518],[-118.3578827622935,34.04965956115683],[-118.3578827622935,34.059898966096284],[-118.36956988917491,34.05697146012133]]]}"
California,Los Angeles,9278181712246865920,220225.54911723148,87896.132,202512,deployment,"{""type"":""Polygon"",""coordinates"":[[[-118.3578827622935,34.059898966096284],[-118.3578827622935,34.04965956115683],[-118.34619482488387,34.052585541585984],[-118.34619482488387,34.06282536671317],[-118.3578827622935,34.059898966096284]]]}"
California,Los Angeles,9278181746606604288,155882.7745715255,45909.803,202512,deployment,"{""type"":""Polygon"",""coordinates"":[[[-118.3578827622935,34.07013727224872],[-118.3578827622935,34.059898966096284],[-118.34619482488387,34.06282536671317],[-118.34619482488387,34.07306409263442],[-118.3578827622935,34.07013727224872]]]}"
California,Los Angeles,9278181780966342656,240503.8127489733,81387.126,202512,deployment,"{""type"":""Polygon"",""coordinates"":[[[-118.3578827622935,34.080374478860335],[-118.3578827622935,34.07013727224872],[-118.34619482488387,34.07306409263442],[-118.34619482488387,34.083301718595976],[-118.3578827622935,34.080374478860335]]]}"
California,Los Angeles,9278181815326081024,370650.31835014216,120198.881,202512,deployment,"{""type"":""Polygon"",""coordinates"":[[[-118.36956988917491,34.07744613323579],[-118.36956988917491,34.06720934623948],[-118.3578827622935,34.07013727224872],[-118.3578827622935,34.080374478860335],[-118.36956988917491,34.07744613323579]]]}"
California,Los Angeles,9278181849685819392,338790.08494328795,113027.153,202512,deployment,"{""type"":""Polygon"",""coordinates"":[[[-118.36956988917491,34.06720934623948],[-118.36956988917491,34.05697146012133],[-118.3578827622935,34.059898966096284],[-118.3578827622935,34.07013727224872],[-118.36956988917491,34.06720934623948]]]}"
California,Los Angeles,9278181884045557760,268493.4060464826,87222.084,202512,deployment,"{""type"":""Polygon"",""coordinates"":[[[-118.38125620424114,34.06428031508834],[-118.38125620424114,34.054042849270004],[-118.36956988917491,34.05697146012133],[-118.36956988917491,34.06720934623948],[-118.38125620424114,34.06428031508834]]]}"
California,Los Angeles,9278181918405296128,251743.02860913816,62782.367,202512,deployment,"{""type"":""Polygon"",""coordinates"":[[[-118.38125620424114,34.074516682203964],[-118.38125620424114,34.06428031508834],[-118.36956988917491,34.06720934623948],[-118.36956988917491,34.07744613323579],[-118.38125620424114,34.074516682203964]]]}"
California,Los Angeles,9278181952765034496,171513.50049201245,55863.517,202512,deployment,"{""type"":""Polygon"",""coordinates"":[[[-118.39294170620582,34.071586126246885],[-118.39294170620582,34.061350179277404],[-118.38125620424114,34.06428031508834],[-118.38125620424114,34.074516682203964],[-118.39294170620582,34.071586126246885]]]}"
California,Los Angeles,9278181987124772864,319630.4698561531,98034.6,202512,deployment,"{""type"":""Polygon"",""coordinates"":[[[-118.39294170620582,34.061350179277404],[-118.39294170620582,34.05111313402445],[-118.38125620424114,34.054042849270004],[-118.38125620424114,34.06428031508834],[-118.39294170620582,34.061350179277404]]]}"
California,Los Angeles,9278182021484511232,105381.94460258256,25394.544,202512,deployment,"{""type"":""Polygon"",""coordinates"":[[[-118.39294170620582,34.05111313402445],[-118.39294170620582,34.04087499124191],[-118.38125620424114,34.04380428550282],[-118.38125620424114,34.054042849270004],[-118.39294170620582,34.05111313402445]]]}"
California,Los Angeles,9278182055844249600,183361.91883394137,32265.336,202512,deployment,"{""type"":""Polygon"",""coordinates"":[[[-118.38125620424114,34.054042849270004],[-118.38125620424114,34.04380428550282],[-118.36956988917491,34.04673247563518],[-118.36956988917491,34.05697146012133],[-118.38125620424114,34.054042849270004]]]}"
California,Los Angeles,9278182090203987968,285368.47382310516,65082.814,202512,deployment,"{""type"":""Polygon"",""coordinates"":[[[-118.38125620424114,34.04380428550282],[-118.38125620424114,34.033564624541214],[-118.36956988917491,34.03649239353543],[-118.36956988917491,34.04673247563518],[-118.38125620424114,34.04380428550282]]]}"
California,Los Angeles,9278182124563726336,115355.90570081094,35527.69,202512,deployment,"{""type"":""Polygon"",""coordinates"":[[[-118.39294170620582,34.04087499124191],[-118.39294170620582,34.030635751684265],[-118.38125620424114,34.033564624541214],[-118.38125620424114,34.04380428550282],[-118.39294170620582,34.04087499124191]]]}"
California,Los Angeles,9278182158923464704,387981.5457153638,95462.679,202512,deployment,"{""type"":""Polygon"",""coordinates"":[[[-118.39294170620582,34.030635751684265],[-118.39294170620582,34.02039541610655],[-118.38125620424114,34.0233238671402],[-118.38125620424114,34.033564624541214],[-118.39294170620582,34.030635751684265]]]}"
California,Los Angeles,9278182193283203072,198998.57288926293,38024.419,202512,deployment,"{""type"":""Polygon"",""coordinates"":[[[-118.39294170620582,34.02039541610655],[-118.39294170620582,34.010153985264424],[-118.38125620424114,34.01308201405538],[-118.38125620424114,34.0233238671402],[-118.39294170620582,34.02039541610655]]]}"
California,Los Angeles,9278182227642941440,116791.92678469658,35106.98,202512,deployment,"{""type"":""Polygon"",""coordinates"":[[[-118.38125620424114,34.0233238671402],[-118.38125620424114,34.01308201405538],[-118.36956988917491,34.01600893951561],[-118.36956988917491,34.02625121457705],[-118.38125620424114,34.0233238671402]]]}"
California,Los Angeles,9278182262002679808,264656.8761919321,68190.542,202512,deployment,"{""type"":""Polygon"",""coordinates"":[[[-118.38125620424114,34.033564624541214],[-118.38125620424114,34.0233238671402],[-118.36956988917491,34.02625121457705],[-118.36956988917491,34.03649239353543],[-118.38125620424114,34.033564624541214]]]}"
California,Los Angeles,9278182296362418176,136365.830178733,35967.991,202512,deployment,"{""type"":""Polygon"",""coordinates"":[[[-118.36956988917491,34.03649239353543],[-118.36956988917491,34.02625121457705],[-118.3578827622935,34.029177457934836],[-118.3578827622935,34.0394190581847],[-118.36956988917491,34.03649239353543]]]}"
California,Los Angeles,9278182330722156544,197800.95425067144,64045.356,202512,deployment,"{""type"":""Polygon"",""coordinates"":[[[-118.3578827622935,34.0394190581847],[-118.3578827622935,34.029177457934836],[-118.34619482488387,34.03210259673171],[-118.34619482488387,34.04234461800719],[-118.3578827622935,34.0394190581847]]]}"
California,Los Angeles,9278182365081894912,221814.12611153693,98498.499,202512,deployment,"{""type"":""Polygon"",""coordinates"":[[[-118.3578827622935,34.029177457934836],[-118.3578827622935,34.018934761162775],[-118.34619482488387,34.021859478515005],[-118.34619482488387,34.03210259673171],[-118.3578827622935,34.029177457934836]]]}"
California,Los Angeles,9278182399441633280,147195.2763560183,49848.012,202512,deployment,"{""type"":""Polygon"",""coordinates"":[[[-118.36956988917491,34.02625121457705],[-118.36956988917491,34.01600893951561],[-118.3578827622935,34.018934761162775],[-118.3578827622935,34.029177457934836],[-118.36956988917491,34.02625121457705]]]}"
California,Los Angeles,9278182433801371648,6118.805550785806,6118.806,202512,deployment,"{""type"":""Polygon"",""coordinates"":[[[-118.36956988917491,34.01600893951561],[-118.36956988917491,34.00576556910721],[-118.3578827622935,34.008690968624606],[-118.3578827622935,34.018934761162775],[-118.36956988917491,34.01600893951561]]]}"
California,Los Angeles,9278182468161110016,138339.91564778224,85812.953,202512,deployment,"{""type"":""Polygon"",""coordinates"":[[[-118.3578827622935,34.018934761162775],[-118.3578827622935,34.008690968624606],[-118.34619482488387,34.01161526411314],[-118.34619482488387,34.021859478515005],[-118.3578827622935,34.018934761162775]]]}"
California,Los Angeles,9278182502520848384,58080.223487870724,34819.352,202512,deployment,"{""type"":""Polygon"",""coordinates"":[[[-118.3578827622935,34.008690968624606],[-118.3578827622935,33.99844608107699],[-118.34619482488387,34.00136995428276],[-118.34619482488387,34.01161526411314],[-118.3578827622935,34.008690968624606]]]}"
California,Los Angeles,9278182536880586752,75517.35305117612,46627.47,202512,deployment,"{""type"":""Polygon"",""coordinates"":[[[-118.36956988917491,34.00576556910721],[-118.36956988917491,33.995521104108576],[-118.3578827622935,33.99844608107699],[-118.3578827622935,34.008690968624606],[-118.36956988917491,34.00576556910721]]]}"
California,Los Angeles,9278182571240325120,3025.869733613308,1834.785,202512,deployment,"{""type"":""Polygon"",""coordinates"":[[[-118.38125620424114,34.002839066042895],[-118.38125620424114,33.99259502385951],[-118.36956988917491,33.995521104108576],[-118.36956988917491,34.00576556910721],[-118.38125620424114,34.002839066042895]]]}"
California,Los Angeles,9278182708679278592,212562.66886149827,53735.127,202512,deployment,"{""type"":""Polygon"",""coordinates"":[[[-118.40462639378326,33.99698275120345],[-118.40462639378326,33.9867395554495],[-118.39294170620582,33.9896678408122],[-118.39294170620582,33.99991145991404],[-118.40462639378326,33.99698275120345]]]}"
California,Los Angeles,9278182743039016960,79619.32100656665,25939.452,202512,deployment,"{""type"":""Polygon"",""coordinates"":[[[-118.41631026568835,33.99405294039434],[-118.41631026568835,33.9838101682547],[-118.40462639378326,33.9867395554495],[-118.40462639378326,33.99698275120345],[-118.41631026568835,33.99405294039434]]]}"
California,Los Angeles,9278182777398755328,151023.29914162584,47512.58,202512,deployment,"{""type"":""Polygon"",""coordinates"":[[[-118.41631026568835,34.004294619621774],[-118.41631026568835,33.99405294039434],[-118.40462639378326,33.99698275120345],[-118.40462639378326,34.00722485362549],[-118.41631026568835,34.004294619621774]]]}"
California,Los Angeles,9278182811758493696,140524.30807007506,33533.543,202512,deployment,"{""type"":""Polygon"",""coordinates"":[[[-118.40462639378326,34.00722485362549],[-118.40462639378326,33.99698275120345],[-118.39294170620582,33.99991145991404],[-118.39294170620582,34.010153985264424],[-118.40462639378326,34.00722485362549]]]}"
California,Los Angeles,9278182846118232064,105823.66855219638,34021.007,202512,deployment,"{""type"":""Polygon"",""coordinates"":[[[-118.40462639378326,34.01746586195883],[-118.40462639378326,34.00722485362549],[-118.39294170620582,34.010153985264424],[-118.39294170620582,34.02039541610655],[-118.40462639378326,34.01746586195883]]]}"
California,Los Angeles,9278182880477970432,321618.12083553936,68492.896,202512,deployment,"{""type"":""Polygon"",""coordinates"":[[[-118.40462639378326,34.02770577544725],[-118.40462639378326,34.01746586195883],[-118.39294170620582,34.02039541610655],[-118.39294170620582,34.030635751684265],[-118.40462639378326,34.02770577544725]]]}"
California,Los Angeles,9278182914837708800,260304.31228909214,59747.642,202512,deployment,"{""type"":""Polygon"",""coordinates"":[[[-118.41631026568835,34.024774696313266],[-118.41631026568835,34.014535205180174],[-118.40462639378326,34.01746586195883],[-118.40462639378326,34.02770577544725],[-118.41631026568835,34.024774696313266]]]}"
California,Los Angeles,9278182949197447168,233218.29570039987,70148.911,202512,deployment,"{""type"":""Polygon"",""coordinates"":[[[-118.41631026568835,34.014535205180174],[-118.41631026568835,34.004294619621774],[-118.40462639378326,34.00722485362549],[-118.40462639378326,34.01746586195883],[-118.41631026568835,34.014535205180174]]]}"
California,Los Angeles,9278182983557185536,264117.99238086917,49561.066,202512,deployment,"{""type"":""Polygon"",""coordinates"":[[[-118.42799332063665,34.01160344625414],[-118.42799332063665,34.00136328373689],[-118.41631026568835,34.004294619621774],[-118.41631026568835,34.014535205180174],[-118.42799332063665,34.01160344625414]]]}"
California,Los Angeles,9278183017916923904,212745.82238542402,67394.932,202512,deployment,"{""type"":""Polygon"",""coordinates"":[[[-118.42799332063665,34.02184251476583],[-118.42799332063665,34.01160344625414],[-118.41631026568835,34.014535205180174],[-118.41631026568835,34.024774696313266],[-118.42799332063665,34.02184251476583]]]}"
California,Los Angeles,9278183052276662272,155781.1200547761,39092.5,202512,deployment,"{""type"":""Polygon"",""coordinates"":[[[-118.4396755573443,34.018909231288895],[-118.4396755573443,34.00867058566473],[-118.42799332063665,34.01160344625414],[-118.42799332063665,34.02184251476583],[-118.4396755573443,34.018909231288895]]]}"
California,Los Angeles,9278183086636400640,246840.44911289026,49882.9,202512,deployment,"{""type"":""Polygon"",""coordinates"":[[[-118.4396755573443,34.00867058566473],[-118.4396755573443,33.99843084645487],[-118.42799332063665,34.00136328373689],[-118.42799332063665,34.01160344625414],[-118.4396755573443,34.00867058566473]]]}"
California,Los Angeles,9278183120996139008,173813.0265339041,51294.689,202512,deployment,"{""type"":""Polygon"",""coordinates"":[[[-118.4396755573443,33.99843084645487],[-118.4396755573443,33.988190014415686],[-118.42799332063665,33.991122027970384],[-118.42799332063665,34.00136328373689],[-118.4396755573443,33.99843084645487]]]}"
California,Los Angeles,9278183155355877376,169645.70127075352,46233.628,202512,deployment,"{""type"":""Polygon"",""coordinates"":[[[-118.42799332063665,34.00136328373689],[-118.42799332063665,33.991122027970384],[-118.41631026568835,33.99405294039434],[-118.41631026568835,34.004294619621774],[-118.42799332063665,34.00136328373689]]]}"
California,Los Angeles,9278183189715615744,128742.12013254428,36877.038,202512,deployment,"{""type"":""Polygon"",""coordinates"":[[[-118.42799332063665,33.991122027970384],[-118.42799332063665,33.98087967971151],[-118.41631026568835,33.9838101682547],[-118.41631026568835,33.99405294039434],[-118.42799332063665,33.991122027970384]]]}"
California,Los Angeles,9278183224075354112,84848.98147442048,25597.68,202512,deployment,"{""type"":""Polygon"",""coordinates"":[[[-118.4396755573443,33.988190014415686],[-118.4396755573443,33.97794809030404],[-118.42799332063665,33.98087967971151],[-118.42799332063665,33.991122027970384],[-118.4396755573443,33.988190014415686]]]}"
California,Los Angeles,9278183258435092480,115310.15169356392,30978.294,202512,deployment,"{""type"":""Polygon"",""coordinates"":[[[-118.4513569745281,33.98525690021474],[-118.45135697452811,33.97501540051689],[-118.4396755573443,33.97794809030404],[-118.4396755573443,33.988190014415686],[-118.4513569745281,33.98525690021474]]]}"
California,Los Angeles,9278183292794830848,242327.33523446514,57168.277,202512,deployment,"{""type"":""Polygon"",""coordinates"":[[[-118.4513569745281,33.99549730826022],[-118.4513569745281,33.98525690021474],[-118.4396755573443,33.988190014415686],[-118.4396755573443,33.99843084645487],[-118.4513569745281,33.99549730826022]]]}"
California,Los Angeles,9278183327154569216,269500.30828051106,52215.165,202512,deployment,"{""type"":""Polygon"",""coordinates"":[[[-118.46303757090548,33.99256266963781],[-118.46303757090548,33.98232268585252],[-118.4513569745281,33.98525690021474],[-118.4513569745281,33.99549730826022],[-118.46303757090548,33.99256266963781]]]}"
California,Los Angeles,9278183361514307584,98672.23665276491,22400.65,202512,deployment,"{""type"":""Polygon"",""coordinates"":[[[-118.46303757090548,33.98232268585252],[-118.46303757090548,33.97208161083505],[-118.45135697452811,33.97501540051689],[-118.4513569745281,33.98525690021474],[-118.46303757090548,33.98232268585252]]]}"
California,Los Angeles,9278183395874045952,32622.78857802398,5615.801,202512,deployment,"{""type"":""Polygon"",""coordinates"":[[[-118.47471734519449,33.979387371814404],[-118.47471734519449,33.969146721743925],[-118.46303757090548,33.97208161083505],[-118.46303757090548,33.98232268585252],[-118.47471734519449,33.979387371814404]]]}"
California,Los Angeles,9278183498953261056,178433.73176070882,29504.048,202512,deployment,"{""type"":""Polygon"",""coordinates"":[[[-118.47471734519449,33.989626931073],[-118.47471734519449,33.979387371814404],[-118.46303757090548,33.98232268585252],[-118.46303757090548,33.99256266963781],[-118.47471734519449,33.989626931073]]]}"
California,Los Angeles,9278183533312999424,179518.22808534373,34476.763,202512,deployment,"{""type"":""Polygon"",""coordinates"":[[[-118.47471734519449,33.9998653987627],[-118.47471734519449,33.989626931073],[-118.46303757090548,33.99256266963781],[-118.46303757090548,34.00280156143394],[-118.47471734519449,33.9998653987627]]]}"
California,Los Angeles,9278183567672737792,105717.58751046882,16532.395,202512,deployment,"{""type"":""Polygon"",""coordinates"":[[[-118.4863962961138,33.99692813636837],[-118.4863962961138,33.98669009305152],[-118.47471734519449,33.989626931073],[-118.47471734519449,33.9998653987627],[-118.4863962961138,33.99692813636837]]]}"
California,Los Angeles,9278183602032476160,231320.28237209443,48650.496,202512,deployment,"{""type"":""Polygon"",""coordinates"":[[[-118.4863962961138,34.00716508778025],[-118.4863962961138,33.99692813636837],[-118.47471734519449,33.9998653987627],[-118.47471734519449,34.01010277412707],[-118.4863962961138,34.00716508778025]]]}"
California,Los Angeles,9278183636392214528,172171.09680447998,41603.536,202512,deployment,"{""type"":""Polygon"",""coordinates"":[[[-118.47471734519449,34.01010277412707],[-118.47471734519449,33.9998653987627],[-118.46303757090548,34.00280156143394],[-118.46303757090548,34.0130393604845],[-118.47471734519449,34.01010277412707]]]}"
California,Los Angeles,9278183670751952896,90324.29961823637,25806.736,202512,deployment,"{""type"":""Polygon"",""coordinates"":[[[-118.46303757090548,34.0130393604845],[-118.46303757090548,34.00280156143394],[-118.45135697452811,34.00573662389638],[-118.45135697452811,34.01597484636685],[-118.46303757090548,34.0130393604845]]]}"
California,Los Angeles,9278183705111691264,141351.85900359094,34237.989,202512,deployment,"{""type"":""Polygon"",""coordinates"":[[[-118.46303757090548,34.00280156143394],[-118.46303757090548,33.99256266963781],[-118.4513569745281,33.99549730826022],[-118.45135697452811,34.00573662389638],[-118.46303757090548,34.00280156143394]]]}"
California,Los Angeles,9278183739471429632,124331.95978090921,27484.67,202512,deployment,"{""type"":""Polygon"",""coordinates"":[[[-118.45135697452811,34.00573662389638],[-118.4513569745281,33.99549730826022],[-118.4396755573443,33.99843084645487],[-118.4396755573443,34.00867058566473],[-118.45135697452811,34.00573662389638]]]}"
California,Los Angeles,9278183773831168000,138273.2375052658,36843.6,202512,deployment,"{""type"":""Polygon"",""coordinates"":[[[-118.45135697452811,34.01597484636685],[-118.45135697452811,34.00573662389638],[-118.4396755573443,34.00867058566473],[-118.4396755573443,34.018909231288895],[-118.45135697452811,34.01597484636685]]]}"
California,Los Angeles,9278183808190906368,273976.6055377985,71832.937,202512,deployment,"{""type"":""Polygon"",""coordinates"":[[[-118.45135697452811,34.02621197491583],[-118.45135697452811,34.01597484636685],[-118.4396755573443,34.018909231288895],[-118.4396755573443,34.02914678257162],[-118.45135697452811,34.02621197491583]]]}"
California,Los Angeles,9278183842550644736,457912.6774146214,112774.5,202512,deployment,"{""type"":""Polygon"",""coordinates"":[[[-118.45135697452811,34.0364480087881],[-118.45135697452811,34.02621197491583],[-118.4396755573443,34.02914678257162],[-118.4396755573443,34.039383238757694],[-118.45135697452811,34.0364480087881]]]}"
California,Los Angeles,9278183876910383104,364471.2442925366,80103.706,202512,deployment,"{""type"":""Polygon"",""coordinates"":[[[-118.46303757090548,34.03351167732612],[-118.46303757090548,34.023276066033645],[-118.45135697452811,34.02621197491583],[-118.45135697452811,34.0364480087881],[-118.46303757090548,34.03351167732612]]]}"
California,Los Angeles,9278183911270121472,143243.77668001596,39575.924,202512,deployment,"{""type"":""Polygon"",""coordinates"":[[[-118.46303757090548,34.023276066033645],[-118.46303757090548,34.0130393604845],[-118.45135697452811,34.01597484636685],[-118.45135697452811,34.02621197491583],[-118.46303757090548,34.023276066033645]]]}"
California,Los Angeles,9278183945629859840,219814.92795273667,40069.236,202512,deployment,"{""type"":""Polygon"",""coordinates"":[[[-118.47471734519449,34.02033905641025],[-118.47471734519449,34.01010277412707],[-118.46303757090548,34.0130393604845],[-118.46303757090548,34.023276066033645],[-118.47471734519449,34.02033905641025]]]}"
California,Los Angeles,9278183979989598208,303673.3556912363,58777.999,202512,deployment,"{""type"":""Polygon"",""coordinates"":[[[-118.4863962961138,34.017400946531254],[-118.4863962961138,34.00716508778025],[-118.47471734519449,34.01010277412707],[-118.47471734519449,34.02033905641025],[-118.4863962961138,34.017400946531254]]]}"
California,Los Angeles,9278184014349336576,471053.0867663791,126315.721,202512,deployment,"{""type"":""Polygon"",""coordinates"":[[[-118.4863962961138,34.027635711866054],[-118.4863962961138,34.017400946531254],[-118.47471734519449,34.02033905641025],[-118.47471734519449,34.030574244856915],[-118.4863962961138,34.027635711866054]]]}"
California,Los Angeles,9278184048709074944,132057.3152019416,54561.937,202512,deployment,"{""type"":""Polygon"",""coordinates"":[[[-118.47471734519449,34.030574244856915],[-118.47471734519449,34.02033905641025],[-118.46303757090548,34.023276066033645],[-118.46303757090548,34.03351167732612],[-118.47471734519449,34.030574244856915]]]}"
California,Los Angeles,9278184083068813312,369316.34902838187,85228.768,202512,deployment,"{""type"":""Polygon"",""coordinates"":[[[-118.47471734519449,34.04080833871238],[-118.47471734519449,34.030574244856915],[-118.46303757090548,34.03351167732612],[-118.46303757090548,34.04374619360725],[-118.47471734519449,34.04080833871238]]]}"
California,Los Angeles,9278184117428551680,234457.56495577376,58462.302,202512,deployment,"{""type"":""Polygon"",""coordinates"":[[[-118.4863962961138,34.0378693830299],[-118.4863962961138,34.027635711866054],[-118.47471734519449,34.030574244856915],[-118.47471734519449,34.04080833871238],[-118.4863962961138,34.0378693830299]]]}"
California,Los Angeles,9278184151788290048,50329.354570048214,18256.614,202512,deployment,"{""type"":""Polygon"",""coordinates"":[[[-118.4863962961138,34.04810195926861],[-118.4863962961138,34.0378693830299],[-118.47471734519449,34.04080833871238],[-118.47471734519449,34.05104133722248],[-118.4863962961138,34.04810195926861]]]}"
California,Los Angeles,9278184186148028416,158726.52581766198,36925.678,202512,deployment,"{""type"":""Polygon"",""coordinates"":[[[-118.47471734519449,34.05104133722248],[-118.47471734519449,34.04080833871238],[-118.46303757090548,34.04374619360725],[-118.46303757090548,34.053979614122916],[-118.47471734519449,34.05104133722248]]]}"
California,Los Angeles,9278184220507766784,176409.78622821416,46846.763,202512,deployment,"{""type"":""Polygon"",""coordinates"":[[[-118.46303757090548,34.053979614122916],[-118.46303757090548,34.04374619360725],[-118.45135697452811,34.046682947229],[-118.45135697452811,34.05691678948447],[-118.46303757090548,34.053979614122916]]]}"
California,Los Angeles,9278184254867505152,331731.6961373956,75415.722,202512,deployment,"{""type"":""Polygon"",""coordinates"":[[[-118.46303757090548,34.04374619360725],[-118.46303757090548,34.03351167732612],[-118.45135697452811,34.0364480087881],[-118.45135697452811,34.046682947229],[-118.46303757090548,34.04374619360725]]]}"
California,Los Angeles,9278184289227243520,235586.27136583705,48556.159,202512,deployment,"{""type"":""Polygon"",""coordinates"":[[[-118.45135697452811,34.046682947229],[-118.45135697452811,34.0364480087881],[-118.4396755573443,34.039383238757694],[-118.4396755573443,34.049618599092526],[-118.45135697452811,34.046682947229]]]}"
California,Los Angeles,9278184323586981888,225159.0514592451,71812.077,202512,deployment,"{""type"":""Polygon"",""coordinates"":[[[-118.45135697452811,34.05691678948447],[-118.45135697452811,34.046682947229],[-118.4396755573443,34.049618599092526],[-118.4396755573443,34.05985286282207],[-118.45135697452811,34.05691678948447]]]}"
California,Los Angeles,9278184357946720256,168367.230965077,42883.411,202512,deployment,"{""type"":""Polygon"",""coordinates"":[[[-118.4396755573443,34.05985286282207],[-118.4396755573443,34.049618599092526],[-118.42799332063665,34.05255314871316],[-118.42799332063665,34.06278783365108],[-118.4396755573443,34.05985286282207]]]}"
California,Los Angeles,9278184392306458624,304689.9085239903,76527.801,202512,deployment,"{""type"":""Polygon"",""coordinates"":[[[-118.42799332063665,34.06278783365108],[-118.42799332063665,34.05255314871316],[-118.41631026568835,34.055486595606645],[-118.41631026568835,34.06572170148733],[-118.42799332063665,34.06278783365108]]]}"
California,Los Angeles,9278184426666196992,351260.68239477155,108918.021,202512,deployment,"{""type"":""Polygon"",""coordinates"":[[[-118.42799332063665,34.05255314871316],[-118.42799332063665,34.042317366750204],[-118.41631026568835,34.04525039228133],[-118.41631026568835,34.055486595606645],[-118.42799332063665,34.05255314871316]]]}"
California,Los Angeles,9278184461025935360,412836.7332819914,116232.074,202512,deployment,"{""type"":""Polygon"",""coordinates"":[[[-118.4396755573443,34.049618599092526],[-118.4396755573443,34.039383238757694],[-118.42799332063665,34.042317366750204],[-118.42799332063665,34.05255314871316],[-118.4396755573443,34.049618599092526]]]}"
California,Los Angeles,9278184495385673728,261774.0712267662,64941.0,202512,deployment,"{""type"":""Polygon"",""coordinates"":[[[-118.4396755573443,34.039383238757694],[-118.4396755573443,34.02914678257162],[-118.42799332063665,34.032080488516236],[-118.42799332063665,34.042317366750204],[-118.4396755573443,34.039383238757694]]]}"
California,Los Angeles,9278184529745412096,158513.70072093105,42073.016,202512,deployment,"{""type"":""Polygon"",""coordinates"":[[[-118.4396755573443,34.02914678257162],[-118.4396755573443,34.018909231288895],[-118.42799332063665,34.02184251476583],[-118.42799332063665,34.032080488516236],[-118.4396755573443,34.02914678257162]]]}"
California,Los Angeles,9278184564105150464,89140.62592608666,26279.962,202512,deployment,"{""type"":""Polygon"",""coordinates"":[[[-118.42799332063665,34.032080488516236],[-118.42799332063665,34.02184251476583],[-118.41631026568835,34.024774696313266],[-118.41631026568835,34.03501309226535],[-118.42799332063665,34.032080488516236]]]}"
California,Los Angeles,9278184598464888832,90867.211984846,21295.491,202512,deployment,"{""type"":""Polygon"",""coordinates"":[[[-118.42799332063665,34.042317366750204],[-118.42799332063665,34.032080488516236],[-118.41631026568835,34.03501309226535],[-118.41631026568835,34.04525039228133],[-118.42799332063665,34.042317366750204]]]}"
California,Los Angeles,9278184632824627200,40939.20953150112,14620.746,202512,deployment,"{""type"":""Polygon"",""coordinates"":[[[-118.41631026568835,34.04525039228133],[-118.41631026568835,34.03501309226535],[-118.40462639378326,34.03794459333507],[-118.40462639378326,34.048182314867226],[-118.41631026568835,34.04525039228133]]]}"
California,Los Angeles,9278184667184365568,123193.95209396209,38506.672,202512,deployment,"{""type"":""Polygon"",""coordinates"":[[[-118.41631026568835,34.03501309226535],[-118.41631026568835,34.024774696313266],[-118.40462639378326,34.02770577544725],[-118.40462639378326,34.03794459333507],[-118.41631026568835,34.03501309226535]]]}"
California,Los Angeles,9278184701544103936,167483.7787611256,55515.766,202512,deployment,"{""type"":""Polygon"",""coordinates"":[[[-118.40462639378326,34.03794459333507],[-118.40462639378326,34.02770577544725],[-118.39294170620582,34.030635751684265],[-118.39294170620582,34.04087499124191],[-118.40462639378326,34.03794459333507]]]}"
California,Los Angeles,9278184735903842304,50979.57936968396,47437.649,202512,deployment,"{""type"":""Polygon"",""coordinates"":[[[-118.40462639378326,34.048182314867226],[-118.40462639378326,34.03794459333507],[-118.39294170620582,34.04087499124191],[-118.39294170620582,34.05111313402445],[-118.40462639378326,34.048182314867226]]]}"
California,Los Angeles,9278184770263580672,237417.25198321074,67398.317,202512,deployment,"{""type"":""Polygon"",""coordinates"":[[[-118.40462639378326,34.05841893928918],[-118.40462639378326,34.048182314867226],[-118.39294170620582,34.05111313402445],[-118.39294170620582,34.061350179277404],[-118.40462639378326,34.05841893928918]]]}"
California,Los Angeles,9278184804623319040,193304.57079295386,55291.73,202512,deployment,"{""type"":""Polygon"",""coordinates"":[[[-118.41631026568835,34.055486595606645],[-118.41631026568835,34.04525039228133],[-118.40462639378326,34.048182314867226],[-118.40462639378326,34.05841893928918],[-118.41631026568835,34.055486595606645]]]}"
California,Los Angeles,9278184838983057408,403192.6249830089,123476.883,202512,deployment,"{""type"":""Polygon"",""coordinates"":[[[-118.41631026568835,34.06572170148733],[-118.41631026568835,34.055486595606645],[-118.40462639378326,34.05841893928918],[-118.40462639378326,34.06865446584705],[-118.41631026568835,34.06572170148733]]]}"
California,Los Angeles,9278184873342795776,183634.42216123315,62931.43,202512,deployment,"{""type"":""Polygon"",""coordinates"":[[[-118.40462639378326,34.06865446584705],[-118.40462639378326,34.05841893928918],[-118.39294170620582,34.061350179277404],[-118.39294170620582,34.071586126246885],[-118.40462639378326,34.06865446584705]]]}"
California,Los Angeles,9278184907702534144,307155.6123458687,66201.031,202512,deployment,"{""type"":""Polygon"",""coordinates"":[[[-118.40462639378326,34.07888889378743],[-118.40462639378326,34.06865446584705],[-118.39294170620582,34.071586126246885],[-118.39294170620582,34.08182097417957],[-118.40462639378326,34.07888889378743]]]}"
California,Los Angeles,9278184942062272512,169797.14760794962,41988.542,202512,deployment,"{""type"":""Polygon"",""coordinates"":[[[-118.41631026568835,34.07595570916999],[-118.41631026568835,34.06572170148733],[-118.40462639378326,34.06865446584705],[-118.40462639378326,34.07888889378743],[-118.41631026568835,34.07595570916999]]]}"
California,Los Angeles,9278184976422010880,56418.08053163732,35466.616,202512,deployment,"{""type"":""Polygon"",""coordinates"":[[[-118.41631026568835,34.086188617901826],[-118.41631026568835,34.07595570916999],[-118.40462639378326,34.07888889378743],[-118.40462639378326,34.08912222235755],[-118.41631026568835,34.086188617901826]]]}"
California,Los Angeles,9278185010781749248,45433.114815636494,27680.618,202512,deployment,"{""type"":""Polygon"",""coordinates"":[[[-118.40462639378326,34.08912222235755],[-118.40462639378326,34.07888889378743],[-118.39294170620582,34.08182097417957],[-118.39294170620582,34.09205472232272],[-118.40462639378326,34.08912222235755]]]}"
California,Los Angeles,9278185285659656192,10582.355256489203,7229.0,202512,deployment,"{""type"":""Polygon"",""coordinates"":[[[-118.4396755573443,34.09054906684718],[-118.4396755573443,34.08031809745199],[-118.42799332063665,34.08325390943874],[-118.42799332063665,34.09348529878334],[-118.4396755573443,34.09054906684718]]]}"
California,Los Angeles,9278185320019394560,56439.765016500125,38125.552,202512,deployment,"{""type"":""Polygon"",""coordinates"":[[[-118.4396755573443,34.08031809745199],[-118.4396755573443,34.070086029192844],[-118.42799332063665,34.07302142081056],[-118.42799332063665,34.08325390943874],[-118.4396755573443,34.08031809745199]]]}"
California,Los Angeles,9278185354379132928,41988.558687879064,27024.795,202512,deployment,"{""type"":""Polygon"",""coordinates"":[[[-118.42799332063665,34.08325390943874],[-118.42799332063665,34.07302142081056],[-118.41631026568835,34.07595570916999],[-118.41631026568835,34.086188617901826],[-118.42799332063665,34.08325390943874]]]}"
California,Los Angeles,9278185388738871296,55228.021579204724,8993.88,202512,deployment,"{""type"":""Polygon"",""coordinates"":[[[-118.42799332063665,34.07302142081056],[-118.42799332063665,34.06278783365108],[-118.41631026568835,34.06572170148733],[-118.41631026568835,34.07595570916999],[-118.42799332063665,34.07302142081056]]]}"
California,Los Angeles,9278185423098609664,116383.45846687163,35542.864,202512,deployment,"{""type"":""Polygon"",""coordinates"":[[[-118.4396755573443,34.070086029192844],[-118.4396755573443,34.05985286282207],[-118.42799332063665,34.06278783365108],[-118.42799332063665,34.07302142081056],[-118.4396755573443,34.070086029192844]]]}"
California,Los Angeles,9278185457458348032,159499.8830127956,63455.684,202512,deployment,"{""type"":""Polygon"",""coordinates"":[[[-118.45135697452811,34.067149534801004],[-118.45135697452811,34.05691678948447],[-118.4396755573443,34.05985286282207],[-118.4396755573443,34.070086029192844],[-118.45135697452811,34.067149534801004]]]}"
California,Los Angeles,9278185491818086400,41294.397330553824,29674.336,202512,deployment,"{""type"":""Polygon"",""coordinates"":[[[-118.45135697452811,34.07738118242568],[-118.45135697452811,34.067149534801004],[-118.4396755573443,34.070086029192844],[-118.4396755573443,34.08031809745199],[-118.45135697452811,34.07738118242568]]]}"
California,Los Angeles,9278185526177824768,57141.73357111824,32407.781,202512,deployment,"{""type"":""Polygon"",""coordinates"":[[[-118.46303757090548,34.07444316484433],[-118.46303757090548,34.0642119381196],[-118.45135697452811,34.067149534801004],[-118.45135697452811,34.07738118242568],[-118.46303757090548,34.07444316484433]]]}"
California,Los Angeles,9278185594897301504,43834.350638113785,17511.333,202512,deployment,"{""type"":""Polygon"",""coordinates"":[[[-118.47471734519449,34.06127323963364],[-118.47471734519449,34.05104133722248],[-118.46303757090548,34.053979614122916],[-118.46303757090548,34.0642119381196],[-118.47471734519449,34.06127323963364]]]}"
California,Los Angeles,9278185629257039872,55928.976791229354,25072.954,202512,deployment,"{""type"":""Polygon"",""coordinates"":[[[-118.4863962961138,34.05833343982856],[-118.4863962961138,34.04810195926861],[-118.47471734519449,34.05104133722248],[-118.47471734519449,34.06127323963364],[-118.4863962961138,34.05833343982856]]]}"
California,Los Angeles,9278185663616778240,87.48093180029308,59.419,202512,deployment,"{""type"":""Polygon"",""coordinates"":[[[-118.4863962961138,34.068563823956744],[-118.4863962961138,34.05833343982856],[-118.47471734519449,34.06127323963364],[-118.47471734519449,34.07150404519288],[-118.4863962961138,34.068563823956744]]]}"
California,Los Angeles,9278185697976516608,25860.95539004695,16481.823,202512,deployment,"{""type"":""Polygon"",""coordinates"":[[[-118.47471734519449,34.07150404519288],[-118.47471734519449,34.06127323963364],[-118.46303757090548,34.0642119381196],[-118.46303757090548,34.07444316484433],[-118.47471734519449,34.07150404519288]]]}"
California,Los Angeles,9278185732336254976,128.00492631162376,128.005,202512,deployment,"{""type"":""Polygon"",""coordinates"":[[[-118.47471734519449,34.08173375314779],[-118.47471734519449,34.07150404519288],[-118.46303757090548,34.07444316484433],[-118.46303757090548,34.08467329354471],[-118.47471734519449,34.08173375314779]]]}"
California,Los Angeles,9278185904134946816,2338.0036560101194,1622.297,202512,deployment,"{""type"":""Polygon"",""coordinates"":[[[-118.46303757090548,34.08467329354471],[-118.46303757090548,34.07444316484433],[-118.45135697452811,34.07738118242568],[-118.45135697452811,34.08761173160615],[-118.46303757090548,34.08467329354471]]]}"
California,Los Angeles,9278185938494685184,1.0830991058822472,1.083,202512,deployment,"{""type"":""Polygon"",""coordinates"":[[[-118.45135697452811,34.08761173160615],[-118.45135697452811,34.07738118242568],[-118.4396755573443,34.08031809745199],[-118.4396755573443,34.09054906684718],[-118.45135697452811,34.08761173160615]]]}"
California,Los Angeles,9278187725201080320,20.051295490588124,10.764,202512,deployment,"{""type"":""Polygon"",""coordinates"":[[[-118.38125620424114,34.10521918380458],[-118.38125620424114,34.0949861173145],[-118.36956988917491,34.097916406850516],[-118.36956988917491,34.10814989196416],[-118.38125620424114,34.10521918380458]]]}"
California,Los Angeles,9278187759560818688,1.7144655461005385,1.523,202512,deployment,"{""type"":""Polygon"",""coordinates"":[[[-118.39294170620582,34.102287369924156],[-118.39294170620582,34.09205472232272],[-118.38125620424114,34.0949861173145],[-118.38125620424114,34.10521918380458],[-118.39294170620582,34.102287369924156]]]}"
California,Los Angeles,9278187793920557056,149378.24028966724,71667.251,202512,deployment,"{""type"":""Polygon"",""coordinates"":[[[-118.39294170620582,34.09205472232272],[-118.39294170620582,34.08182097417957],[-118.38125620424114,34.08475194986359],[-118.38125620424114,34.0949861173145],[-118.39294170620582,34.09205472232272]]]}"
California,Los Angeles,9278187828280295424,323840.46935865737,90252.977,202512,deployment,"{""type"":""Polygon"",""coordinates"":[[[-118.39294170620582,34.08182097417957],[-118.39294170620582,34.071586126246885],[-118.38125620424114,34.074516682203964],[-118.38125620424114,34.08475194986359],[-118.39294170620582,34.08182097417957]]]}"
California,Los Angeles,9278187862640033792,251277.82136421377,68034.564,202512,deployment,"{""type"":""Polygon"",""coordinates"":[[[-118.38125620424114,34.08475194986359],[-118.38125620424114,34.074516682203964],[-118.36956988917491,34.07744613323579],[-118.36956988917491,34.08768182035703],[-118.38125620424114,34.08475194986359]]]}"
California,Los Angeles,9278187896999772160,220899.5012224598,87939.942,202512,deployment,"{""type"":""Polygon"",""coordinates"":[[[-118.38125620424114,34.0949861173145],[-118.38125620424114,34.08475194986359],[-118.36956988917491,34.08768182035703],[-118.36956988917491,34.097916406850516],[-118.38125620424114,34.0949861173145]]]}"
California,Los Angeles,9278187931359510528,197701.90954535484,86406.387,202512,deployment,"{""type"":""Polygon"",""coordinates"":[[[-118.36956988917491,34.097916406850516],[-118.36956988917491,34.08768182035703],[-118.3578827622935,34.090610585177906],[-118.3578827622935,34.10084559044883],[-118.36956988917491,34.097916406850516]]]}"
California,Los Angeles,9278187965719248896,183487.09871824636,60358.924,202512,deployment,"{""type"":""Polygon"",""coordinates"":[[[-118.36956988917491,34.08768182035703],[-118.36956988917491,34.07744613323579],[-118.3578827622935,34.080374478860335],[-118.3578827622935,34.090610585177906],[-118.36956988917491,34.08768182035703]]]}"
California,Los Angeles,9278188000078987264,174871.27664517297,43333.534,202512,deployment,"{""type"":""Polygon"",""coordinates"":[[[-118.3578827622935,34.090610585177906],[-118.3578827622935,34.080374478860335],[-118.34619482488387,34.083301718595976],[-118.34619482488387,34.09353824384467],[-118.3578827622935,34.090610585177906]]]}"
California,Los Angeles,9278188034438725632,117804.7715949836,68094.106,202512,deployment,"{""type"":""Polygon"",""coordinates"":[[[-118.3578827622935,34.10084559044883],[-118.3578827622935,34.090610585177906],[-118.34619482488387,34.09353824384467],[-118.34619482488387,34.10377366762791],[-118.3578827622935,34.10084559044883]]]}"
California,Los Angeles,9278188068798464000,8847.876669250323,5873.127,202512,deployment,"{""type"":""Polygon"",""coordinates"":[[[-118.3578827622935,34.11107949392101],[-118.3578827622935,34.10084559044883],[-118.34619482488387,34.10377366762791],[-118.34619482488387,34.11400798919366],[-118.3578827622935,34.11107949392101]]]}"
California,Los Angeles,9278188103158202368,15135.28056638076,9341.564,202512,deployment,"{""type"":""Polygon"",""coordinates"":[[[-118.36956988917491,34.10814989196416],[-118.36956988917491,34.097916406850516],[-118.3578827622935,34.10084559044883],[-118.3578827622935,34.11107949392101],[-118.36956988917491,34.10814989196416]]]}"
California,Los Angeles,9278188274956894208,2132.596520533785,999.064,202512,deployment,"{""type"":""Polygon"",""coordinates"":[[[-118.33450607823356,34.11693537730107],[-118.33450607823357,34.10670063790669],[-118.32281652363086,34.10962650080452],[-118.32281652363083,34.11986165776265],[-118.33450607823356,34.11693537730107]]]}"
California,Los Angeles,9278188309316632576,1958.961302517388,953.043,202512,deployment,"{""type"":""Polygon"",""coordinates"":[[[-118.34619482488387,34.11400798919366],[-118.34619482488387,34.10377366762791],[-118.33450607823357,34.10670063790669],[-118.33450607823356,34.11693537730107],[-118.34619482488387,34.11400798919366]]]}"
California,Los Angeles,9278188343676370944,170874.9051958527,66836.611,202512,deployment,"{""type"":""Polygon"",""coordinates"":[[[-118.34619482488387,34.10377366762791],[-118.34619482488387,34.09353824384467],[-118.33450607823357,34.09646479587619],[-118.33450607823357,34.10670063790669],[-118.34619482488387,34.10377366762791]]]}"
California,Los Angeles,9278188378036109312,253074.64224382112,77300.678,202512,deployment,"{""type"":""Polygon"",""coordinates"":[[[-118.34619482488387,34.09353824384467],[-118.34619482488387,34.083301718595976],[-118.33450607823357,34.086227851961546],[-118.33450607823357,34.09646479587619],[-118.34619482488387,34.09353824384467]]]}"
California,Los Angeles,9278188412395847680,205695.72674905157,70288.96,202512,deployment,"{""type"":""Polygon"",""coordinates"":[[[-118.33450607823357,34.09646479587619],[-118.33450607823357,34.086227851961546],[-118.32281652363086,34.089152878476305],[-118.32281652363086,34.09939024079175],[-118.33450607823357,34.09646479587619]]]}"
California,Los Angeles,9278188446755586048,109132.97128910724,46236.2,202512,deployment,"{""type"":""Polygon"",""coordinates"":[[[-118.33450607823357,34.10670063790669],[-118.33450607823357,34.09646479587619],[-118.32281652363086,34.09939024079175],[-118.32281652363086,34.10962650080452],[-118.33450607823357,34.10670063790669]]]}"
California,Los Angeles,9278188481115324416,48176.75922831889,26704.562,202512,deployment,"{""type"":""Polygon"",""coordinates"":[[[-118.32281652363086,34.10962650080452],[-118.32281652363086,34.09939024079175],[-118.31112616236453,34.102314578111105],[-118.31112616236453,34.112551255841176],[-118.32281652363086,34.10962650080452]]]}"
California,Los Angeles,9278188515475062784,123675.00005177979,54352.716,202512,deployment,"{""type"":""Polygon"",""coordinates"":[[[-118.32281652363086,34.09939024079175],[-118.32281652363086,34.089152878476305],[-118.31112616236453,34.09207679765992],[-118.31112616236453,34.102314578111105],[-118.32281652363086,34.09939024079175]]]}"
California,Los Angeles,9278188549834801152,82683.75590475718,48735.364,202512,deployment,"{""type"":""Polygon"",""coordinates"":[[[-118.31112616236453,34.102314578111105],[-118.31112616236453,34.09207679765992],[-118.29943499572406,34.09499960903254],[-118.29943499572406,34.10523780735441],[-118.31112616236453,34.102314578111105]]]}"
California,Los Angeles,9278188584194539520,21523.959097382776,14361.014,202512,deployment,"{""type"":""Polygon"",""coordinates"":[[[-118.31112616236453,34.112551255841176],[-118.31112616236453,34.102314578111105],[-118.29943499572406,34.10523780735441],[-118.29943499572408,34.11547490253689],[-118.31112616236453,34.112551255841176]]]}"
California,Los Angeles,9278189992943812608,5771.357591793299,3687.306,202512,deployment,"{""type"":""Polygon"",""coordinates"":[[[-118.29943499572408,34.11547490253689],[-118.29943499572406,34.10523780735441],[-118.28774302499957,34.108159928042284],[-118.28774302499957,34.11839744041229],[-118.29943499572408,34.11547490253689]]]}"
California,Los Angeles,9278190027303550976,50235.28324054087,33797.46,202512,deployment,"{""type"":""Polygon"",""coordinates"":[[[-118.29943499572406,34.10523780735441],[-118.29943499572406,34.09499960903254],[-118.28774302499957,34.0979213121147],[-118.28774302499957,34.108159928042284],[-118.29943499572406,34.10523780735441]]]}"
California,Los Angeles,9278190061663289344,22997.188561195115,15379.69,202512,deployment,"{""type"":""Polygon"",""coordinates"":[[[-118.28774302499957,34.108159928042284],[-118.28774302499957,34.0979213121147],[-118.2760502514817,34.10084190642739],[-118.2760502514817,34.11108093969575],[-118.28774302499957,34.108159928042284]]]}"
California,Los Angeles,9278190096023027712,5639.110804649531,3653.16,202512,deployment,"{""type"":""Polygon"",""coordinates"":[[[-118.28774302499957,34.11839744041229],[-118.28774302499957,34.108159928042284],[-118.2760502514817,34.11108093969575],[-118.2760502514817,34.12131886898849],[-118.28774302499957,34.11839744041229]]]}"
California,Los Angeles,9278190130382766080,218.32356141684107,139.51,202512,deployment,"{""type"":""Polygon"",""coordinates"":[[[-118.2760502514817,34.12131886898849],[-118.2760502514817,34.11108093969575],[-118.26435667646179,34.1140008418363],[-118.26435667646179,34.124239187787],[-118.2760502514817,34.12131886898849]]]}"
California,Los Angeles,9278190164742504448,19446.1236764629,12455.588,202512,deployment,"{""type"":""Polygon"",""coordinates"":[[[-118.2760502514817,34.11108093969575],[-118.2760502514817,34.10084190642739],[-118.26435667646179,34.10376139149204],[-118.26435667646179,34.1140008418363],[-118.2760502514817,34.11108093969575]]]}"
California,Los Angeles,9278190199102242816,4721.54907229316,2891.328,202512,deployment,"{""type"":""Polygon"",""coordinates"":[[[-118.26435667646179,34.1140008418363],[-118.26435667646179,34.10376139149204],[-118.25266230123178,34.10667976683051],[-118.25266230123178,34.11691963398581],[-118.26435667646179,34.1140008418363]]]}"
California,Los Angeles,9278190577059364864,0.02108440035443059,0.021,202512,deployment,"{""type"":""Polygon"",""coordinates"":[[[-118.25266230123178,34.11691963398581],[-118.25266230123178,34.10667976683051],[-118.24096712708423,34.109597031965095],[-118.24096712708423,34.11983731566666],[-118.25266230123178,34.11691963398581]]]}"
California,Los Angeles,9278196005898027008,579.0119443397455,271.893,202512,deployment,"{""type"":""Polygon"",""coordinates"":[[[-118.22927115531233,34.04079739169327],[-118.22927115531233,34.03054787366657],[-118.21757438720986,34.0334595737957],[-118.21757438720986,34.04370951117994],[-118.22927115531233,34.04079739169327]]]}"
California,Los Angeles,9278196040257765376,64814.90987155872,21287.716,202512,deployment,"{""type"":""Polygon"",""coordinates"":[[[-118.24096712708423,34.03788416290496],[-118.24096712708423,34.02763506450149],[-118.22927115531233,34.03054787366657],[-118.22927115531233,34.04079739169327],[-118.24096712708423,34.03788416290496]]]}"
California,Los Angeles,9278196074617503744,67882.61491078294,20757.614,202512,deployment,"{""type"":""Polygon"",""coordinates"":[[[-118.25266230123178,34.03496982529217],[-118.25266230123178,34.02472114677768],[-118.24096712708423,34.02763506450149],[-118.24096712708423,34.03788416290496],[-118.25266230123178,34.03496982529217]]]}"
California,Los Angeles,9278196108977242112,100657.46694625619,30292.327,202512,deployment,"{""type"":""Polygon"",""coordinates"":[[[-118.25266230123178,34.04521740502996],[-118.25266230123178,34.03496982529217],[-118.24096712708423,34.03788416290496],[-118.24096712708423,34.04813216211375],[-118.25266230123178,34.04521740502996]]]}"
California,Los Angeles,9278196143336980480,90043.26530280069,26010.302,202512,deployment,"{""type"":""Polygon"",""coordinates"":[[[-118.24096712708423,34.04813216211375],[-118.24096712708423,34.03788416290496],[-118.22927115531233,34.04079739169327],[-118.22927115531233,34.05104581010746],[-118.24096712708423,34.04813216211375]]]}"
California,Los Angeles,9278196177696718848,54422.18676818361,26233.071,202512,deployment,"{""type"":""Polygon"",""coordinates"":[[[-118.24096712708423,34.058379061371554],[-118.24096712708423,34.04813216211375],[-118.22927115531233,34.05104581010746],[-118.22927115531233,34.06129312815285],[-118.24096712708423,34.058379061371554]]]}"
California,Los Angeles,9278196212056457216,200593.83885528892,72984.093,202512,deployment,"{""type"":""Polygon"",""coordinates"":[[[-118.25266230123178,34.055463885234694],[-118.25266230123178,34.04521740502996],[-118.24096712708423,34.04813216211375],[-118.24096712708423,34.058379061371554],[-118.25266230123178,34.055463885234694]]]}"
California,Los Angeles,9278196246416195584,107527.51642665293,50709.28,202512,deployment,"{""type"":""Polygon"",""coordinates"":[[[-118.25266230123178,34.06570926515059],[-118.25266230123178,34.055463885234694],[-118.24096712708423,34.058379061371554],[-118.24096712708423,34.06862485992264],[-118.25266230123178,34.06570926515059]]]}"
California,Los Angeles,9278196280775933952,35972.791789279414,16297.8,202512,deployment,"{""type"":""Polygon"",""coordinates"":[[[-118.24096712708423,34.06862485992264],[-118.24096712708423,34.058379061371554],[-118.22927115531233,34.06129312815285],[-118.22927115531233,34.07153934507375],[-118.24096712708423,34.06862485992264]]]}"
California,Los Angeles,9278196315135672320,68.30134972491564,34.2,202512,deployment,"{""type"":""Polygon"",""coordinates"":[[[-118.22927115531233,34.07153934507375],[-118.22927115531233,34.06129312815285],[-118.21757438720986,34.06420608510149],[-118.21757438720986,34.07445272012689],[-118.22927115531233,34.07153934507375]]]}"
California,Los Angeles,9278196486934364160,0.06281062781888849,0.063,202512,deployment,"{""type"":""Polygon"",""coordinates"":[[[-118.22927115531233,34.08178446011502],[-118.22927115531233,34.07153934507375],[-118.21757438720986,34.07445272012689],[-118.21757438720986,34.084698252855056],[-118.22927115531233,34.08178446011502]]]}"
California,Los Angeles,9278196727452532736,189.94512802572763,133.442,202512,deployment,"{""type"":""Polygon"",""coordinates"":[[[-118.24096712708423,34.09935564378677],[-118.24096712708423,34.08911315188453],[-118.22927115531233,34.092028472522124],[-118.22927115531233,34.10227138154109],[-118.24096712708423,34.09935564378677]]]}"
California,Los Angeles,9278196796172009472,1577.3797092092104,1043.748,202512,deployment,"{""type"":""Polygon"",""coordinates"":[[[-118.25266230123178,34.10667976683051],[-118.25266230123178,34.09643879561616],[-118.24096712708423,34.09935564378677],[-118.24096712708423,34.109597031965095],[-118.25266230123178,34.10667976683051]]]}"
California,Los Angeles,9278196830531747840,3034.383910868285,2142.886,202512,deployment,"{""type"":""Polygon"",""coordinates"":[[[-118.25266230123178,34.09643879561616],[-118.25266230123178,34.086196721095654],[-118.24096712708423,34.08911315188453],[-118.24096712708423,34.09935564378677],[-118.25266230123178,34.09643879561616]]]}"
California,Los Angeles,9278196864891486208,3890.0994832695696,2527.067,202512,deployment,"{""type"":""Polygon"",""coordinates"":[[[-118.25266230123178,34.086196721095654],[-118.25266230123178,34.07595354402244],[-118.24096712708423,34.07886955701183],[-118.24096712708423,34.08911315188453],[-118.25266230123178,34.086196721095654]]]}"
California,Los Angeles,9278196899251224576,248.17388191733292,158.388,202512,deployment,"{""type"":""Polygon"",""coordinates"":[[[-118.24096712708423,34.08911315188453],[-118.24096712708423,34.07886955701183],[-118.22927115531233,34.08178446011502],[-118.22927115531233,34.092028472522124],[-118.24096712708423,34.08911315188453]]]}"
California,Los Angeles,9278196933610962944,1694.1141770008378,1163.296,202512,deployment,"{""type"":""Polygon"",""coordinates"":[[[-118.24096712708423,34.07886955701183],[-118.24096712708423,34.06862485992264],[-118.22927115531233,34.07153934507375],[-118.22927115531233,34.08178446011502],[-118.24096712708423,34.07886955701183]]]}"
California,Los Angeles,9278196967970701312,24214.180770560804,15547.749,202512,deployment,"{""type"":""Polygon"",""coordinates"":[[[-118.25266230123178,34.07595354402244],[-118.25266230123178,34.06570926515059],[-118.24096712708423,34.06862485992264],[-118.24096712708423,34.07886955701183],[-118.25266230123178,34.07595354402244]]]}"
California,Los Angeles,9278197002330439680,66535.81354815372,36802.742,202512,deployment,"{""type"":""Polygon"",""coordinates"":[[[-118.26435667646179,34.073036421624295],[-118.26435667646179,34.06279256123504],[-118.25266230123178,34.06570926515059],[-118.25266230123178,34.07595354402244],[-118.26435667646179,34.073036421624295]]]}"
California,Los Angeles,9278197036690178048,137849.2458156876,59335.416,202512,deployment,"{""type"":""Polygon"",""coordinates"":[[[-118.2760502514817,34.070118190295226],[-118.2760502514817,34.05987474865394],[-118.26435667646179,34.06279256123504],[-118.26435667646179,34.073036421624295],[-118.2760502514817,34.070118190295226]]]}"
California,Los Angeles,9278197071049916416,66169.87595541532,43465.715,202512,deployment,"{""type"":""Polygon"",""coordinates"":[[[-118.2760502514817,34.080360530973884],[-118.2760502514817,34.070118190295226],[-118.26435667646179,34.073036421624295],[-118.26435667646179,34.08327918063283],[-118.2760502514817,34.080360530973884]]]}"
California,Los Angeles,9278197105409654784,59330.65730609335,39411.322,202512,deployment,"{""type"":""Polygon"",""coordinates"":[[[-118.26435667646179,34.08327918063283],[-118.26435667646179,34.073036421624295],[-118.25266230123178,34.07595354402244],[-118.25266230123178,34.086196721095654],[-118.26435667646179,34.08327918063283]]]}"
California,Los Angeles,9278197139769393152,16085.613166246627,9746.183,202512,deployment,"{""type"":""Polygon"",""coordinates"":[[[-118.26435667646179,34.09352083750658],[-118.26435667646179,34.08327918063283],[-118.25266230123178,34.086196721095654],[-118.25266230123178,34.09643879561616],[-118.26435667646179,34.09352083750658]]]}"
California,Los Angeles,9278197174129131520,17880.830970040577,11612.282,202512,deployment,"{""type"":""Polygon"",""coordinates"":[[[-118.26435667646179,34.10376139149204],[-118.26435667646179,34.09352083750658],[-118.25266230123178,34.09643879561616],[-118.25266230123178,34.10667976683051],[-118.26435667646179,34.10376139149204]]]}"
California,Los Angeles,9278197208488869888,13532.486226483648,9095.855,202512,deployment,"{""type"":""Polygon"",""coordinates"":[[[-118.2760502514817,34.10084190642739],[-118.2760502514817,34.09060176993578],[-118.26435667646179,34.09352083750658],[-118.26435667646179,34.10376139149204],[-118.2760502514817,34.10084190642739]]]}"
California,Los Angeles,9278197242848608256,54530.64376662787,36060.369,202512,deployment,"{""type"":""Polygon"",""coordinates"":[[[-118.2760502514817,34.09060176993578],[-118.2760502514817,34.080360530973884],[-118.26435667646179,34.08327918063283],[-118.26435667646179,34.09352083750658],[-118.2760502514817,34.09060176993578]]]}"
California,Los Angeles,9278197277208346624,58183.220701694445,38527.556,202512,deployment,"{""type"":""Polygon"",""coordinates"":[[[-118.28774302499957,34.087681593381944],[-118.28774302499957,34.077440772597036],[-118.2760502514817,34.080360530973884],[-118.2760502514817,34.09060176993578],[-118.28774302499957,34.087681593381944]]]}"
California,Los Angeles,9278197311568084992,76510.9939360367,52362.37,202512,deployment,"{""type"":""Polygon"",""coordinates"":[[[-118.28774302499957,34.0979213121147],[-118.28774302499957,34.087681593381944],[-118.2760502514817,34.09060176993578],[-118.2760502514817,34.10084190642739],[-118.28774302499957,34.0979213121147]]]}"
California,Los Angeles,9278197345927823360,49241.56493067102,33389.556,202512,deployment,"{""type"":""Polygon"",""coordinates"":[[[-118.29943499572406,34.09499960903254],[-118.29943499572406,34.084760308323716],[-118.28774302499957,34.087681593381944],[-118.28774302499957,34.0979213121147],[-118.29943499572406,34.09499960903254]]]}"
California,Los Angeles,9278197380287561728,112444.73834096691,56617.034,202512,deployment,"{""type"":""Polygon"",""coordinates"":[[[-118.29943499572406,34.084760308323716],[-118.29943499572406,34.07451990598098],[-118.28774302499957,34.077440772597036],[-118.28774302499957,34.087681593381944],[-118.29943499572406,34.084760308323716]]]}"
California,Los Angeles,9278197414647300096,157549.75386548095,70758.405,202512,deployment,"{""type"":""Polygon"",""coordinates"":[[[-118.29943499572406,34.07451990598098],[-118.29943499572406,34.06427840275792],[-118.28774302499957,34.06719885051353],[-118.28774302499957,34.077440772597036],[-118.29943499572406,34.07451990598098]]]}"
California,Los Angeles,9278197449007038464,163208.09994626077,77605.329,202512,deployment,"{""type"":""Polygon"",""coordinates"":[[[-118.28774302499957,34.077440772597036],[-118.28774302499957,34.06719885051353],[-118.2760502514817,34.070118190295226],[-118.2760502514817,34.080360530973884],[-118.28774302499957,34.077440772597036]]]}"
California,Los Angeles,9278197483366776832,154755.2043340216,68775.723,202512,deployment,"{""type"":""Polygon"",""coordinates"":[[[-118.28774302499957,34.06719885051353],[-118.28774302499957,34.05695582788558],[-118.2760502514817,34.05987474865394],[-118.2760502514817,34.070118190295226],[-118.28774302499957,34.06719885051353]]]}"
California,Los Angeles,9278197517726515200,196386.50112911552,88756.709,202512,deployment,"{""type"":""Polygon"",""coordinates"":[[[-118.29943499572406,34.06427840275792],[-118.29943499572406,34.054035799408744],[-118.28774302499957,34.05695582788558],[-118.28774302499957,34.06719885051353],[-118.29943499572406,34.06427840275792]]]}"
California,Los Angeles,9278197552086253568,221285.55052347144,87620.111,202512,deployment,"{""type"":""Polygon"",""coordinates"":[[[-118.29943499572406,34.054035799408744],[-118.29943499572406,34.04379209668821],[-118.28774302499957,34.046711705467914],[-118.28774302499957,34.05695582788558],[-118.29943499572406,34.054035799408744]]]}"
California,Los Angeles,9278197586445991936,131774.19056659102,45714.159,202512,deployment,"{""type"":""Polygon"",""coordinates"":[[[-118.29943499572406,34.04379209668821],[-118.29943499572406,34.03354729535165],[-118.28774302499957,34.03646648401584],[-118.28774302499957,34.046711705467914],[-118.29943499572406,34.04379209668821]]]}"
California,Los Angeles,9278197620805730304,197086.2968795332,64745.977,202512,deployment,"{""type"":""Polygon"",""coordinates"":[[[-118.28774302499957,34.046711705467914],[-118.28774302499957,34.03646648401584],[-118.2760502514817,34.03938456550279],[-118.2760502514817,34.04963020680471],[-118.28774302499957,34.046711705467914]]]}"
California,Los Angeles,9278197655165468672,243957.60742138742,109859.742,202512,deployment,"{""type"":""Polygon"",""coordinates"":[[[-118.28774302499957,34.05695582788558],[-118.28774302499957,34.046711705467914],[-118.2760502514817,34.04963020680471],[-118.2760502514817,34.05987474865394],[-118.28774302499957,34.05695582788558]]]}"
California,Los Angeles,9278197689525207040,202577.08578890687,100660.634,202512,deployment,"{""type"":""Polygon"",""coordinates"":[[[-118.2760502514817,34.05987474865394],[-118.2760502514817,34.04963020680471],[-118.26435667646179,34.05254760021976],[-118.26435667646179,34.06279256123504],[-118.2760502514817,34.05987474865394]]]}"
California,Los Angeles,9278197723884945408,185380.82238944754,76717.79,202512,deployment,"{""type"":""Polygon"",""coordinates"":[[[-118.26435667646179,34.06279256123504],[-118.26435667646179,34.05254760021976],[-118.25266230123178,34.055463885234694],[-118.25266230123178,34.06570926515059],[-118.26435667646179,34.06279256123504]]]}"
California,Los Angeles,9278197758244683776,316834.88892472594,127192.182,202512,deployment,"{""type"":""Polygon"",""coordinates"":[[[-118.26435667646179,34.05254760021976],[-118.26435667646179,34.04230153933364],[-118.25266230123178,34.04521740502996],[-118.25266230123178,34.055463885234694],[-118.26435667646179,34.05254760021976]]]}"
California,Los Angeles,9278197792604422144,297238.7894335563,157245.703,202512,deployment,"{""type"":""Polygon"",""coordinates"":[[[-118.2760502514817,34.04963020680471],[-118.2760502514817,34.03938456550279],[-118.26435667646179,34.04230153933364],[-118.26435667646179,34.05254760021976],[-118.2760502514817,34.04963020680471]]]}"
California,Los Angeles,9278197826964160512,188217.71822416756,69722.521,202512,deployment,"{""type"":""Polygon"",""coordinates"":[[[-118.2760502514817,34.03938456550279],[-118.2760502514817,34.02913782550405],[-118.26435667646179,34.03205437933252],[-118.26435667646179,34.04230153933364],[-118.2760502514817,34.03938456550279]]]}"
California,Los Angeles,9278197861323898880,219394.47118604078,77726.499,202512,deployment,"{""type"":""Polygon"",""coordinates"":[[[-118.26435667646179,34.04230153933364],[-118.26435667646179,34.03205437933252],[-118.25266230123178,34.03496982529217],[-118.25266230123178,34.04521740502996],[-118.26435667646179,34.04230153933364]]]}"
California,Los Angeles,9278197895683637248,74102.11589913061,16683.52,202512,deployment,"{""type"":""Polygon"",""coordinates"":[[[-118.26435667646179,34.03205437933252],[-118.26435667646179,34.02180612097279],[-118.25266230123178,34.02472114677768],[-118.25266230123178,34.03496982529217],[-118.26435667646179,34.03205437933252]]]}"
California,Los Angeles,9278197930043375616,150339.38684295357,52877.143,202512,deployment,"{""type"":""Polygon"",""coordinates"":[[[-118.2760502514817,34.02913782550405],[-118.2760502514817,34.01888998756491],[-118.26435667646179,34.02180612097279],[-118.26435667646179,34.03205437933252],[-118.2760502514817,34.02913782550405]]]}"
California,Los Angeles,9278197964403113984,105695.1954390891,40290.151,202512,deployment,"{""type"":""Polygon"",""coordinates"":[[[-118.28774302499957,34.02622016428525],[-118.28774302499957,34.01597274703258],[-118.2760502514817,34.01888998756491],[-118.2760502514817,34.02913782550405],[-118.28774302499957,34.02622016428525]]]}"
California,Los Angeles,9278197998762852352,190805.93462912767,59777.221,202512,deployment,"{""type"":""Polygon"",""coordinates"":[[[-118.28774302499957,34.03646648401584],[-118.28774302499957,34.02622016428525],[-118.2760502514817,34.02913782550405],[-118.2760502514817,34.03938456550279],[-118.28774302499957,34.03646648401584]]]}"
California,Los Angeles,9278198033122590720,166243.68205044107,55022.77,202512,deployment,"{""type"":""Polygon"",""coordinates"":[[[-118.29943499572406,34.03354729535165],[-118.29943499572406,34.023301396155],[-118.28774302499957,34.02622016428525],[-118.28774302499957,34.03646648401584],[-118.29943499572406,34.03354729535165]]]}"
California,Los Angeles,9278198067482329088,66846.65562151327,23921.368,202512,deployment,"{""type"":""Polygon"",""coordinates"":[[[-118.29943499572406,34.023301396155],[-118.29943499572408,34.01305439985473],[-118.28774302499957,34.01597274703258],[-118.28774302499957,34.02622016428525],[-118.29943499572406,34.023301396155]]]}"
California,Los Angeles,9278198101842067456,44379.79949447152,29518.867,202512,deployment,"{""type"":""Polygon"",""coordinates"":[[[-118.29943499572408,34.01305439985473],[-118.29943499572406,34.00280630720794],[-118.28774302499957,34.005724233014874],[-118.28774302499957,34.01597274703258],[-118.29943499572408,34.01305439985473]]]}"
California,Los Angeles,9278198136201805824,57029.918937705595,32873.659,202512,deployment,"{""type"":""Polygon"",""coordinates"":[[[-118.28774302499957,34.01597274703258],[-118.28774302499957,34.005724233014874],[-118.2760502514817,34.008641052442364],[-118.2760502514817,34.01888998756491],[-118.28774302499957,34.01597274703258]]]}"
California,Los Angeles,9278198170561544192,5687.840747497054,3288.802,202512,deployment,"{""type"":""Polygon"",""coordinates"":[[[-118.28774302499957,34.005724233014874],[-118.28774302499957,33.99547462298976],[-118.2760502514817,33.998391020894],[-118.2760502514817,34.008641052442364],[-118.28774302499957,34.005724233014874]]]}"
California,Los Angeles,9278198204921282560,1624.6778192413733,685.017,202512,deployment,"{""type"":""Polygon"",""coordinates"":[[[-118.29943499572406,34.00280630720794],[-118.29943499572406,33.992557118972265],[-118.28774302499957,33.99547462298976],[-118.28774302499957,34.005724233014874],[-118.29943499572406,34.00280630720794]]]}"
California,Los Angeles,9278198548518666240,71.22389364112324,34.812,202512,deployment,"{""type"":""Polygon"",""coordinates"":[[[-118.2760502514817,34.008641052442364],[-118.2760502514817,33.998391020894],[-118.26435667646179,34.001306312205905],[-118.26435667646179,34.011556765011406],[-118.2760502514817,34.008641052442364]]]}"
California,Los Angeles,9278198582878404608,43475.54916423975,13273.461,202512,deployment,"{""type"":""Polygon"",""coordinates"":[[[-118.2760502514817,34.01888998756491],[-118.2760502514817,34.008641052442364],[-118.26435667646179,34.011556765011406],[-118.26435667646179,34.02180612097279],[-118.2760502514817,34.01888998756491]]]}"
California,Los Angeles,9278198617238142976,6729.457866238803,1341.345,202512,deployment,"{""type"":""Polygon"",""coordinates"":[[[-118.26435667646179,34.02180612097279],[-118.26435667646179,34.011556765011406],[-118.25266230123178,34.014471370243406],[-118.25266230123178,34.02472114677768],[-118.26435667646179,34.02180612097279]]]}"
California,Los Angeles,9278198651597881344,15176.879092373541,6242.486,202512,deployment,"{""type"":""Polygon"",""coordinates"":[[[-118.25266230123178,34.02472114677768],[-118.25266230123178,34.014471370243406],[-118.24096712708423,34.017384867660255],[-118.24096712708423,34.02763506450149],[-118.25266230123178,34.02472114677768]]]}"
California,Los Angeles,9278198754677096448,13559.06531842667,7605.933,202512,deployment,"{""type"":""Polygon"",""coordinates"":[[[-118.24096712708423,34.02763506450149],[-118.24096712708423,34.017384867660255],[-118.22927115531233,34.02029725678423],[-118.22927115531233,34.03054787366657],[-118.24096712708423,34.02763506450149]]]}"
California,Los Angeles,9278198789036834816,405.1418897632585,170.593,202512,deployment,"{""type"":""Polygon"",""coordinates"":[[[-118.22927115531233,34.03054787366657],[-118.22927115531233,34.02029725678423],[-118.21757438720986,34.02320853713807],[-118.21757438720986,34.0334595737957],[-118.22927115531233,34.03054787366657]]]}"
California,San Francisco,9260949341382639616,321824.1418124941,58786.71,202512,deployment,"{""type"":""Polygon"",""coordinates"":[[[-122.40141926154602,37.806219053177706],[-122.40141926154602,37.796691931038104],[-122.39009006966613,37.80017323460674],[-122.39009006966613,37.80970065388306],[-122.40141926154602,37.806219053177706]]]}"
California,San Francisco,9260949375742377984,1070145.0634772384,197176.828,202512,deployment,"{""type"":""Polygon"",""coordinates"":[[[-122.40141926154602,37.796691931038104],[-122.40141926154602,37.78716355152709],[-122.39009006966613,37.79064455753469],[-122.39009006966613,37.80017323460674],[-122.40141926154602,37.796691931038104]]]}"
California,San Francisco,9260949410102116352,8743.773449929262,1938.629,202512,deployment,"{""type"":""Polygon"",""coordinates"":[[[-122.39009006966613,37.80017323460674],[-122.39009006966613,37.79064455753469],[-122.37875965870796,37.79412452524699],[-122.37875965870796,37.803653499650686],[-122.39009006966613,37.80017323460674]]]}"
California,San Francisco,9260949444461854720,317978.8606544937,71569.866,202512,deployment,"{""type"":""Polygon"",""coordinates"":[[[-122.39009006966613,37.79064455753469],[-122.39009006966613,37.78111462317189],[-122.37875965870796,37.78459429312823],[-122.37875965870796,37.79412452524699],[-122.39009006966613,37.79064455753469]]]}"
California,San Francisco,9260949478821593088,1024341.6049856179,159235.25,202512,deployment,"{""type"":""Polygon"",""coordinates"":[[[-122.40141926154602,37.78716355152709],[-122.40141926154602,37.77763391514975],[-122.39009006966613,37.78111462317189],[-122.39009006966613,37.79064455753469],[-122.40141926154602,37.78716355152709]]]}"
California,San Francisco,9260949513181331456,1110859.5139980887,199461.101,202512,deployment,"{""type"":""Polygon"",""coordinates"":[[[-122.41274723330986,37.78368150780816],[-122.41274723330986,37.77415216964588],[-122.40141926154602,37.77763391514975],[-122.40141926154602,37.78716355152709],[-122.41274723330986,37.78368150780816]]]}"
California,San Francisco,9260949547541069824,1622270.3021389097,295860.439,202512,deployment,"{""type"":""Polygon"",""coordinates"":[[[-122.41274723330986,37.793209589528665],[-122.41274723330986,37.78368150780816],[-122.40141926154602,37.78716355152709],[-122.40141926154602,37.796691931038104],[-122.41274723330986,37.793209589528665]]]}"
California,San Francisco,9260949581900808192,2092567.8372339318,402051.544,202512,deployment,"{""type"":""Polygon"",""coordinates"":[[[-122.42407398392056,37.78972621066264],[-122.42407398392056,37.780198426962194],[-122.41274723330986,37.78368150780816],[-122.41274723330986,37.793209589528665],[-122.42407398392056,37.78972621066264]]]}"
California,San Francisco,9260949616260546560,1803195.326449684,355051.503,202512,deployment,"{""type"":""Polygon"",""coordinates"":[[[-122.42407398392056,37.780198426962194],[-122.42407398392056,37.77066938724461],[-122.41274723330986,37.77415216964588],[-122.41274723330986,37.78368150780816],[-122.42407398392056,37.780198426962194]]]}"
California,San Francisco,9260949650620284928,1009259.904126598,166532.462,202512,deployment,"{""type"":""Polygon"",""coordinates"":[[[-122.4353995123419,37.77671430957378],[-122.4353995123419,37.76718556853062],[-122.42407398392056,37.77066938724461],[-122.42407398392056,37.780198426962194],[-122.4353995123419,37.77671430957378]]]}"
California,San Francisco,9260949684980023296,963462.1717081803,181780.003,202512,deployment,"{""type"":""Polygon"",""coordinates"":[[[-122.44672381753844,37.77322915622785],[-122.44672381753844,37.7637007140889],[-122.4353995123419,37.76718556853062],[-122.4353995123419,37.77671430957378],[-122.44672381753844,37.77322915622785]]]}"
California,San Francisco,9260949719339761664,777824.0005309294,163598.644,202512,deployment,"{""type"":""Polygon"",""coordinates"":[[[-122.44672381753844,37.78275634319929],[-122.44672381753844,37.77322915622785],[-122.4353995123419,37.77671430957378],[-122.4353995123419,37.78624179502457],[-122.44672381753844,37.78275634319929]]]}"
California,San Francisco,9260949753699500032,1216091.4333058645,236363.468,202512,deployment,"{""type"":""Polygon"",""coordinates"":[[[-122.4353995123419,37.78624179502457],[-122.4353995123419,37.77671430957378],[-122.42407398392056,37.780198426962194],[-122.42407398392056,37.78972621066264],[-122.4353995123419,37.78624179502457]]]}"
California,San Francisco,9260949788059238400,1408929.7962713984,284384.989,202512,deployment,"{""type"":""Polygon"",""coordinates"":[[[-122.4353995123419,37.79576802437758],[-122.4353995123419,37.78624179502457],[-122.42407398392056,37.78972621066264],[-122.42407398392056,37.79925273784066],[-122.4353995123419,37.79576802437758]]]}"
California,San Francisco,9260949822418976768,1141127.7267707947,224751.332,202512,deployment,"{""type"":""Polygon"",""coordinates"":[[[-122.44672381753844,37.792282274497715],[-122.44672381753844,37.78275634319929],[-122.4353995123419,37.78624179502457],[-122.4353995123419,37.79576802437758],[-122.44672381753844,37.792282274497715]]]}"
California,San Francisco,9260949856778715136,571990.7748965463,108975.444,202512,deployment,"{""type"":""Polygon"",""coordinates"":[[[-122.44672381753844,37.801806949618125],[-122.44672381753844,37.792282274497715],[-122.4353995123419,37.79576802437758],[-122.4353995123419,37.805292997127914],[-122.44672381753844,37.801806949618125]]]}"
California,San Francisco,9260949891138453504,769106.3685721023,142927.871,202512,deployment,"{""type"":""Polygon"",""coordinates"":[[[-122.4353995123419,37.805292997127914],[-122.4353995123419,37.79576802437758],[-122.42407398392056,37.79925273784066],[-122.42407398392056,37.808778007991464],[-122.4353995123419,37.805292997127914]]]}"
California,San Francisco,9260949925498191872,917273.5176370805,167020.758,202512,deployment,"{""type"":""Polygon"",""coordinates"":[[[-122.42407398392056,37.808778007991464],[-122.42407398392056,37.79925273784066],[-122.41274723330986,37.802736414302196],[-122.41274723330986,37.812261981624054],[-122.42407398392056,37.808778007991464]]]}"
California,San Francisco,9260949959857930240,1505599.6142145547,310372.229,202512,deployment,"{""type"":""Polygon"",""coordinates"":[[[-122.42407398392056,37.79925273784066],[-122.42407398392056,37.78972621066264],[-122.41274723330986,37.793209589528665],[-122.41274723330986,37.802736414302196],[-122.42407398392056,37.79925273784066]]]}"
California,San Francisco,9260949994217668608,1108277.3520409553,212314.799,202512,deployment,"{""type"":""Polygon"",""coordinates"":[[[-122.41274723330986,37.802736414302196],[-122.41274723330986,37.793209589528665],[-122.40141926154602,37.796691931038104],[-122.40141926154602,37.806219053177706],[-122.41274723330986,37.802736414302196]]]}"
California,San Francisco,9260950028577406976,423665.98350419936,73985.69,202512,deployment,"{""type"":""Polygon"",""coordinates"":[[[-122.41274723330986,37.812261981624054],[-122.41274723330986,37.802736414302196],[-122.40141926154602,37.806219053177706],[-122.40141926154602,37.81574491744131],[-122.41274723330986,37.812261981624054]]]}"
California,San Francisco,9260950234735837184,99119.37117386781,19920.431,202512,deployment,"{""type"":""Polygon"",""coordinates"":[[[-122.44672381753844,37.81133036805606],[-122.44672381753844,37.801806949618125],[-122.4353995123419,37.805292997127914],[-122.4353995123419,37.81481671277122],[-122.44672381753844,37.81133036805606]]]}"
California,San Francisco,9260956453848481792,154355.8241819867,28288.751,202512,deployment,"{""type"":""Polygon"",""coordinates"":[[[-122.45804689847544,37.807842987050236],[-122.45804689847544,37.798319866047095],[-122.44672381753844,37.801806949618125],[-122.44672381753844,37.81133036805606],[-122.45804689847544,37.807842987050236]]]}"
California,San Francisco,9260956660006912000,191529.25137649945,35285.781,202512,deployment,"{""type"":""Polygon"",""coordinates"":[[[-122.49200878539423,37.7878524048216],[-122.49200878539423,37.77832892251698],[-122.48068938343609,37.78181881220991],[-122.48068938343609,37.79134259306303],[-122.49200878539423,37.7878524048216]]]}"
California,San Francisco,9260956694366650368,243685.57209039325,45707.314,202512,deployment,"{""type"":""Polygon"",""coordinates"":[[[-122.49200878539423,37.77832892251698],[-122.49200878539423,37.76880418573406],[-122.48068938343609,37.7722937764534],[-122.48068938343609,37.78181881220991],[-122.49200878539423,37.77832892251698]]]}"
California,San Francisco,9260956728726388736,313583.4178049314,61813.517,202512,deployment,"{""type"":""Polygon"",""coordinates"":[[[-122.48068938343609,37.78181881220991],[-122.48068938343609,37.7722937764534],[-122.46936875411905,37.77578233332807],[-122.46936875411905,37.78530766782831],[-122.48068938343609,37.78181881220991]]]}"
California,San Francisco,9260956763086127104,90911.10040768857,18561.197,202512,deployment,"{""type"":""Polygon"",""coordinates"":[[[-122.48068938343609,37.79134259306303],[-122.48068938343609,37.78181881220991],[-122.46936875411905,37.78530766782831],[-122.46936875411905,37.79483174700018],[-122.48068938343609,37.79134259306303]]]}"
California,San Francisco,9260956797445865472,92640.07814783625,18095.849,202512,deployment,"{""type"":""Polygon"",""coordinates"":[[[-122.46936875411905,37.79483174700018],[-122.46936875411905,37.78530766782831],[-122.45804689847544,37.78879548878615],[-122.45804689847544,37.798319866047095],[-122.46936875411905,37.79483174700018]]]}"
California,San Francisco,9260956831805603840,251936.34181868332,49533.065,202512,deployment,"{""type"":""Polygon"",""coordinates"":[[[-122.45804689847544,37.798319866047095],[-122.45804689847544,37.78879548878615],[-122.44672381753844,37.792282274497715],[-122.44672381753844,37.801806949618125],[-122.45804689847544,37.798319866047095]]]}"
California,San Francisco,9260956866165342208,691039.3071547798,145030.193,202512,deployment,"{""type"":""Polygon"",""coordinates"":[[[-122.45804689847544,37.78879548878615],[-122.45804689847544,37.77926985577196],[-122.44672381753844,37.78275634319929],[-122.44672381753844,37.792282274497715],[-122.45804689847544,37.78879548878615]]]}"
California,San Francisco,9260956900525080576,485308.50356043346,92573.388,202512,deployment,"{""type"":""Polygon"",""coordinates"":[[[-122.46936875411905,37.78530766782831],[-122.46936875411905,37.77578233332807],[-122.45804689847544,37.77926985577196],[-122.45804689847544,37.78879548878615],[-122.46936875411905,37.78530766782831]]]}"
California,San Francisco,9260956934884818944,298797.7847246461,62081.386,202512,deployment,"{""type"":""Polygon"",""coordinates"":[[[-122.46936875411905,37.77578233332807],[-122.46936875411905,37.76625574400465],[-122.45804689847544,37.769742967509615],[-122.45804689847544,37.77926985577196],[-122.46936875411905,37.77578233332807]]]}"
California,San Francisco,9260956969244557312,855620.3406010097,167018.154,202512,deployment,"{""type"":""Polygon"",""coordinates"":[[[-122.45804689847544,37.77926985577196],[-122.45804689847544,37.769742967509615],[-122.44672381753844,37.77322915622785],[-122.44672381753844,37.78275634319929],[-122.45804689847544,37.77926985577196]]]}"
California,San Francisco,9260957003604295680,620126.9460901216,113930.103,202512,deployment,"{""type"":""Polygon"",""coordinates"":[[[-122.45804689847544,37.769742967509615],[-122.45804689847544,37.76021482450475],[-122.44672381753844,37.7637007140889],[-122.44672381753844,37.77322915622785],[-122.45804689847544,37.769742967509615]]]}"
California,San Francisco,9260957037964034048,610159.0528196823,112485.297,202512,deployment,"{""type"":""Polygon"",""coordinates"":[[[-122.46936875411905,37.76625574400465],[-122.46936875411905,37.75672790036379],[-122.45804689847544,37.76021482450475],[-122.45804689847544,37.769742967509615],[-122.46936875411905,37.76625574400465]]]}"
California,San Francisco,9260957072323772416,309466.4582322382,64322.946,202512,deployment,"{""type"":""Polygon"",""coordinates"":[[[-122.48068938343609,37.76276748629881],[-122.48068938343609,37.75323994225197],[-122.46936875411905,37.75672790036379],[-122.46936875411905,37.76625574400465],[-122.48068938343609,37.76276748629881]]]}"
California,San Francisco,9260957106683510784,615523.6190003724,142813.48,202512,deployment,"{""type"":""Polygon"",""coordinates"":[[[-122.48068938343609,37.7722937764534],[-122.48068938343609,37.76276748629881],[-122.46936875411905,37.76625574400465],[-122.46936875411905,37.77578233332807],[-122.48068938343609,37.7722937764534]]]}"
California,San Francisco,9260957141043249152,192056.39736517542,38582.773,202512,deployment,"{""type"":""Polygon"",""coordinates"":[[[-122.49200878539423,37.76880418573406],[-122.49200878539423,37.75927819497827],[-122.48068938343609,37.76276748629881],[-122.48068938343609,37.7722937764534],[-122.49200878539423,37.76880418573406]]]}"
California,San Francisco,9260957175402987520,138370.3841336838,20012.043,202512,deployment,"{""type"":""Polygon"",""coordinates"":[[[-122.49200878539423,37.75927819497827],[-122.49200878539423,37.74975095075552],[-122.48068938343609,37.75323994225197],[-122.48068938343609,37.76276748629881],[-122.49200878539423,37.75927819497827]]]}"
California,San Francisco,9260957209762725888,115736.24583550841,20057.694,202512,deployment,"{""type"":""Polygon"",""coordinates"":[[[-122.50332695896195,37.75578787062953],[-122.50332695896195,37.74626092646101],[-122.49200878539423,37.74975095075552],[-122.49200878539423,37.75927819497827],[-122.50332695896195,37.75578787062953]]]}"
California,San Francisco,9260957244122464256,45229.322751146414,7323.073,202512,deployment,"{""type"":""Polygon"",""coordinates"":[[[-122.51464390310842,37.75229651383939],[-122.51464390310842,37.74276986995533],[-122.50332695896195,37.74626092646101],[-122.50332695896195,37.75578787062953],[-122.51464390310842,37.75229651383939]]]}"
California,San Francisco,9260957278482202624,73892.40110085777,13565.282,202512,deployment,"{""type"":""Polygon"",""coordinates"":[[[-122.51464390310842,37.76182190510742],[-122.51464390310842,37.75229651383939],[-122.50332695896195,37.75578787062953],[-122.50332695896195,37.7653135617565],[-122.51464390310842,37.76182190510742]]]}"
California,San Francisco,9260957312841940992,190257.69902397937,35763.198,202512,deployment,"{""type"":""Polygon"",""coordinates"":[[[-122.50332695896195,37.7653135617565],[-122.50332695896195,37.75578787062953],[-122.49200878539423,37.75927819497827],[-122.49200878539423,37.76880418573406],[-122.50332695896195,37.7653135617565]]]}"
California,San Francisco,9260957347201679360,152428.63150290542,30927.017,202512,deployment,"{""type"":""Polygon"",""coordinates"":[[[-122.50332695896195,37.77483799933588],[-122.50332695896195,37.7653135617565],[-122.49200878539423,37.76880418573406],[-122.49200878539423,37.77832892251698],[-122.50332695896195,37.77483799933588]]]}"
California,San Francisco,9260957381561417728,102174.59329197051,18539.055,202512,deployment,"{""type"":""Polygon"",""coordinates"":[[[-122.50332695896195,37.78436118286217],[-122.50332695896195,37.77483799933588],[-122.49200878539423,37.77832892251698],[-122.49200878539423,37.7878524048216],[-122.50332695896195,37.78436118286217]]]}"
California,San Francisco,9260957415921156096,59064.82085199068,8350.285,202512,deployment,"{""type"":""Polygon"",""coordinates"":[[[-122.51464390310842,37.78086892777135],[-122.51464390310842,37.771346043253274],[-122.50332695896195,37.77483799933588],[-122.50332695896195,37.78436118286217],[-122.51464390310842,37.78086892777135]]]}"
California,San Francisco,9260957450280894464,62486.228525632774,8827.761,202512,deployment,"{""type"":""Polygon"",""coordinates"":[[[-122.51464390310842,37.771346043253274],[-122.51464390310842,37.76182190510742],[-122.50332695896195,37.7653135617565],[-122.50332695896195,37.77483799933588],[-122.51464390310842,37.771346043253274]]]}"
California,San Francisco,9263759452585066496,145347.4265671369,28491.73,202512,deployment,"{""type"":""Polygon"",""coordinates"":[[[-122.45804689847544,37.712555306076204],[-122.45804689847544,37.70301964526381],[-122.44672381753844,37.70650373111326],[-122.44672381753844,37.716039693611755],[-122.45804689847544,37.712555306076204]]]}"
California,San Francisco,9263759486944804864,77699.6673233273,25819.938,202512,deployment,"{""type"":""Polygon"",""coordinates"":[[[-122.45804689847544,37.722089715190904],[-122.45804689847544,37.712555306076204],[-122.44672381753844,37.716039693611755],[-122.44672381753844,37.72557440398694],[-122.45804689847544,37.722089715190904]]]}"
California,San Francisco,9263759521304543232,80899.01820922155,25331.484,202512,deployment,"{""type"":""Polygon"",""coordinates"":[[[-122.46936875411905,37.71860399275889],[-122.46936875411905,37.70906988513516],[-122.45804689847544,37.712555306076204],[-122.45804689847544,37.722089715190904],[-122.46936875411905,37.71860399275889]]]}"
California,San Francisco,9263759555664281600,50200.2267130834,-48242.549,202512,deployment,"{""type"":""Polygon"",""coordinates"":[[[-122.46936875411905,37.70906988513516],[-122.46936875411905,37.69953452623943],[-122.45804689847544,37.70301964526381],[-122.45804689847544,37.712555306076204],[-122.46936875411905,37.70906988513516]]]}"
California,San Francisco,9263759624383758336,75756.95564747194,21494.936,202512,deployment,"{""type"":""Polygon"",""coordinates"":[[[-122.48068938343609,37.71511723727709],[-122.48068938343609,37.70558343137489],[-122.46936875411905,37.70906988513516],[-122.46936875411905,37.71860399275889],[-122.48068938343609,37.71511723727709]]]}"
California,San Francisco,9263759658743496704,29265.897476474125,-10479.809,202512,deployment,"{""type"":""Polygon"",""coordinates"":[[[-122.49200878539423,37.71162944933207],[-122.49200878539423,37.702095945382],[-122.48068938343609,37.70558343137489],[-122.48068938343609,37.71511723727709],[-122.49200878539423,37.71162944933207]]]}"
California,San Francisco,9263760449017479168,14533.768305336496,4772.569,202512,deployment,"{""type"":""Polygon"",""coordinates"":[[[-122.50332695896195,37.72720328102612],[-122.50332695896195,37.717672580774455],[-122.49200878539423,37.72116170235277],[-122.49200878539423,37.730692703935524],[-122.50332695896195,37.72720328102612]]]}"
California,San Francisco,9263760826974601216,35757.5763322998,5640.722,202512,deployment,"{""type"":""Polygon"",""coordinates"":[[[-122.51464390310842,37.74276986995533],[-122.51464390310842,37.73324197396191],[-122.50332695896195,37.73673272975751],[-122.50332695896195,37.74626092646101],[-122.51464390310842,37.74276986995533]]]}"
California,San Francisco,9263760861334339584,4147.923943198567,573.241,202512,deployment,"{""type"":""Polygon"",""coordinates"":[[[-122.51464390310842,37.73324197396191],[-122.51464390310842,37.72371282636632],[-122.50332695896195,37.72720328102612],[-122.50332695896195,37.73673272975751],[-122.51464390310842,37.73324197396191]]]}"
California,San Francisco,9263760895694077952,113049.90803058118,23836.268,202512,deployment,"{""type"":""Polygon"",""coordinates"":[[[-122.50332695896195,37.73673272975751],[-122.50332695896195,37.72720328102612],[-122.49200878539423,37.730692703935524],[-122.49200878539423,37.740222453572265],[-122.50332695896195,37.73673272975751]]]}"
California,San Francisco,9263760930053816320,104127.88049367086,18906.821,202512,deployment,"{""type"":""Polygon"",""coordinates"":[[[-122.50332695896195,37.74626092646101],[-122.50332695896195,37.73673272975751],[-122.49200878539423,37.740222453572265],[-122.49200878539423,37.74975095075552],[-122.50332695896195,37.74626092646101]]]}"
California,San Francisco,9263760964413554688,94760.26945367632,21605.618,202512,deployment,"{""type"":""Polygon"",""coordinates"":[[[-122.49200878539423,37.74975095075552],[-122.49200878539423,37.740222453572265],[-122.48068938343609,37.74371114481922],[-122.48068938343609,37.75323994225197],[-122.49200878539423,37.74975095075552]]]}"
California,San Francisco,9263760998773293056,207640.349663032,49324.208,202512,deployment,"{""type"":""Polygon"",""coordinates"":[[[-122.48068938343609,37.75323994225197],[-122.48068938343609,37.74371114481922],[-122.46936875411905,37.74719880291174],[-122.46936875411905,37.75672790036379],[-122.48068938343609,37.75323994225197]]]}"
California,San Francisco,9263761033133031424,219963.49537586732,53800.535,202512,deployment,"{""type"":""Polygon"",""coordinates"":[[[-122.48068938343609,37.74371114481922],[-122.48068938343609,37.73418109450746],[-122.46936875411905,37.73766845215527],[-122.46936875411905,37.74719880291174],[-122.48068938343609,37.74371114481922]]]}"
California,San Francisco,9263761067492769792,131413.8388611323,33231.368,202512,deployment,"{""type"":""Polygon"",""coordinates"":[[[-122.49200878539423,37.740222453572265],[-122.49200878539423,37.730692703935524],[-122.48068938343609,37.73418109450746],[-122.48068938343609,37.74371114481922],[-122.49200878539423,37.740222453572265]]]}"
California,San Francisco,9263761101852508160,64830.85731133288,16807.296,202512,deployment,"{""type"":""Polygon"",""coordinates"":[[[-122.49200878539423,37.730692703935524],[-122.49200878539423,37.72116170235277],[-122.48068938343609,37.72464979182411],[-122.48068938343609,37.73418109450746],[-122.49200878539423,37.730692703935524]]]}"
California,San Francisco,9263761136212246528,65969.48084519366,17972.036,202512,deployment,"{""type"":""Polygon"",""coordinates"":[[[-122.49200878539423,37.72116170235277],[-122.49200878539423,37.71162944933207],[-122.48068938343609,37.71511723727709],[-122.48068938343609,37.72464979182411],[-122.49200878539423,37.72116170235277]]]}"
California,San Francisco,9263761170571984896,135375.6932347304,38490.502,202512,deployment,"{""type"":""Polygon"",""coordinates"":[[[-122.48068938343609,37.72464979182411],[-122.48068938343609,37.71511723727709],[-122.46936875411905,37.71860399275889],[-122.46936875411905,37.728136848601714],[-122.48068938343609,37.72464979182411]]]}"
California,San Francisco,9263761204931723264,286543.29296059767,69895.281,202512,deployment,"{""type"":""Polygon"",""coordinates"":[[[-122.48068938343609,37.73418109450746],[-122.48068938343609,37.72464979182411],[-122.46936875411905,37.728136848601714],[-122.46936875411905,37.73766845215527],[-122.48068938343609,37.73418109450746]]]}"
California,San Francisco,9263761239291461632,152356.71649264917,33923.479,202512,deployment,"{""type"":""Polygon"",""coordinates"":[[[-122.46936875411905,37.73766845215527],[-122.46936875411905,37.728136848601714],[-122.45804689847544,37.73162287209911],[-122.45804689847544,37.74115477629255],[-122.46936875411905,37.73766845215527]]]}"
California,San Francisco,9263761273651200000,82762.882012616,21705.975,202512,deployment,"{""type"":""Polygon"",""coordinates"":[[[-122.46936875411905,37.728136848601714],[-122.46936875411905,37.71860399275889],[-122.45804689847544,37.722089715190904],[-122.45804689847544,37.73162287209911],[-122.46936875411905,37.728136848601714]]]}"
California,San Francisco,9263761308010938368,117489.58457921685,29285.507,202512,deployment,"{""type"":""Polygon"",""coordinates"":[[[-122.45804689847544,37.73162287209911],[-122.45804689847544,37.722089715190904],[-122.44672381753844,37.72557440398694],[-122.44672381753844,37.73510786173015],[-122.45804689847544,37.73162287209911]]]}"
California,San Francisco,9263761342370676736,88144.93577753111,18389.503,202512,deployment,"{""type"":""Polygon"",""coordinates"":[[[-122.45804689847544,37.74115477629255],[-122.45804689847544,37.73162287209911],[-122.44672381753844,37.73510786173015],[-122.44672381753844,37.74464006633321],[-122.45804689847544,37.74115477629255]]]}"
California,San Francisco,9263761376730415104,332424.6774708033,65886.285,202512,deployment,"{""type"":""Polygon"",""coordinates"":[[[-122.45804689847544,37.7506854272635],[-122.45804689847544,37.74115477629255],[-122.44672381753844,37.74464006633321],[-122.44672381753844,37.75417101728849],[-122.45804689847544,37.7506854272635]]]}"
California,San Francisco,9263761411090153472,253763.36942896695,51716.448,202512,deployment,"{""type"":""Polygon"",""coordinates"":[[[-122.46936875411905,37.74719880291174],[-122.46936875411905,37.73766845215527],[-122.45804689847544,37.74115477629255],[-122.45804689847544,37.7506854272635],[-122.46936875411905,37.74719880291174]]]}"
California,San Francisco,9263761445449891840,188378.93076780674,35719.74,202512,deployment,"{""type"":""Polygon"",""coordinates"":[[[-122.46936875411905,37.75672790036379],[-122.46936875411905,37.74719880291174],[-122.45804689847544,37.7506854272635],[-122.45804689847544,37.76021482450475],[-122.46936875411905,37.75672790036379]]]}"
California,San Francisco,9263761479809630208,152837.77175612975,30206.298,202512,deployment,"{""type"":""Polygon"",""coordinates"":[[[-122.45804689847544,37.76021482450475],[-122.45804689847544,37.7506854272635],[-122.44672381753844,37.75417101728849],[-122.44672381753844,37.7637007140889],[-122.45804689847544,37.76021482450475]]]}"
California,San Francisco,9263761514169368576,698136.3427393262,131706.556,202512,deployment,"{""type"":""Polygon"",""coordinates"":[[[-122.44672381753844,37.7637007140889],[-122.44672381753844,37.75417101728849],[-122.4353995123419,37.75765557240103],[-122.4353995123419,37.76718556853062],[-122.44672381753844,37.7637007140889]]]}"
California,San Francisco,9263761548529106944,494233.08409463754,93224.628,202512,deployment,"{""type"":""Polygon"",""coordinates"":[[[-122.44672381753844,37.75417101728849],[-122.44672381753844,37.74464006633321],[-122.4353995123419,37.7481243216915],[-122.4353995123419,37.75765557240103],[-122.44672381753844,37.75417101728849]]]}"
California,San Francisco,9263761582888845312,343841.284546307,59020.127,202512,deployment,"{""type"":""Polygon"",""coordinates"":[[[-122.4353995123419,37.75765557240103],[-122.4353995123419,37.7481243216915],[-122.42407398392056,37.75160754178196],[-122.42407398392056,37.76113909201574],[-122.4353995123419,37.75765557240103]]]}"
California,San Francisco,9263761617248583680,1236637.0773533077,235148.724,202512,deployment,"{""type"":""Polygon"",""coordinates"":[[[-122.4353995123419,37.76718556853062],[-122.4353995123419,37.75765557240103],[-122.42407398392056,37.76113909201574],[-122.42407398392056,37.77066938724461],[-122.4353995123419,37.76718556853062]]]}"
California,San Francisco,9263761651608322048,1755984.8841325773,370052.214,202512,deployment,"{""type"":""Polygon"",""coordinates"":[[[-122.42407398392056,37.77066938724461],[-122.42407398392056,37.76113909201574],[-122.41274723330986,37.76462157554756],[-122.41274723330986,37.77415216964588],[-122.42407398392056,37.77066938724461]]]}"
California,San Francisco,9263761685968060416,1317533.3584611781,263032.908,202512,deployment,"{""type"":""Polygon"",""coordinates"":[[[-122.41274723330986,37.77415216964588],[-122.41274723330986,37.76462157554756],[-122.40141926154602,37.76810302241174],[-122.40141926154602,37.77763391514975],[-122.41274723330986,37.77415216964588]]]}"
California,San Francisco,9263761720327798784,832499.3698742917,159426.218,202512,deployment,"{""type"":""Polygon"",""coordinates"":[[[-122.41274723330986,37.76462157554756],[-122.41274723330986,37.75508972601948],[-122.40141926154602,37.75857087381922],[-122.40141926154602,37.76810302241174],[-122.41274723330986,37.76462157554756]]]}"
California,San Francisco,9263761754687537152,833217.4626824425,149303.965,202512,deployment,"{""type"":""Polygon"",""coordinates"":[[[-122.42407398392056,37.76113909201574],[-122.42407398392056,37.75160754178196],[-122.41274723330986,37.75508972601948],[-122.41274723330986,37.76462157554756],[-122.42407398392056,37.76113909201574]]]}"
California,San Francisco,9263761789047275520,702476.1319252992,132764.158,202512,deployment,"{""type"":""Polygon"",""coordinates"":[[[-122.42407398392056,37.75160754178196],[-122.42407398392056,37.74207473705015],[-122.41274723330986,37.7455566215684],[-122.41274723330986,37.75508972601948],[-122.42407398392056,37.75160754178196]]]}"
California,San Francisco,9263761823407013888,825137.049763899,155541.548,202512,deployment,"{""type"":""Polygon"",""coordinates"":[[[-122.41274723330986,37.75508972601948],[-122.41274723330986,37.7455566215684],[-122.40141926154602,37.74903746987886],[-122.40141926154602,37.75857087381922],[-122.41274723330986,37.75508972601948]]]}"
California,San Francisco,9263761857766752256,534943.208349679,126786.725,202512,deployment,"{""type"":""Polygon"",""coordinates"":[[[-122.41274723330986,37.7455566215684],[-122.41274723330986,37.736022262701674],[-122.40141926154602,37.739502811097886],[-122.40141926154602,37.74903746987886],[-122.41274723330986,37.7455566215684]]]}"
California,San Francisco,9263761892126490624,160353.0205021903,33969.635,202512,deployment,"{""type"":""Polygon"",""coordinates"":[[[-122.42407398392056,37.74207473705015],[-122.42407398392056,37.73254067832776],[-122.41274723330986,37.736022262701674],[-122.41274723330986,37.7455566215684],[-122.42407398392056,37.74207473705015]]]}"
California,San Francisco,9263761926486228992,518292.273599973,114261.351,202512,deployment,"{""type"":""Polygon"",""coordinates"":[[[-122.4353995123419,37.738591816909],[-122.4353995123419,37.72905805856108],[-122.42407398392056,37.73254067832776],[-122.42407398392056,37.74207473705015],[-122.4353995123419,37.738591816909]]]}"
California,San Francisco,9263761960845967360,288508.7817123452,49055.574,202512,deployment,"{""type"":""Polygon"",""coordinates"":[[[-122.4353995123419,37.7481243216915],[-122.4353995123419,37.738591816909],[-122.42407398392056,37.74207473705015],[-122.42407398392056,37.75160754178196],[-122.4353995123419,37.7481243216915]]]}"
California,San Francisco,9263761995205705728,179573.5132602591,37933.494,202512,deployment,"{""type"":""Polygon"",""coordinates"":[[[-122.44672381753844,37.74464006633321],[-122.44672381753844,37.73510786173015],[-122.4353995123419,37.738591816909],[-122.4353995123419,37.7481243216915],[-122.44672381753844,37.74464006633321]]]}"
California,San Francisco,9263762029565444096,265758.40479945944,64577.563,202512,deployment,"{""type"":""Polygon"",""coordinates"":[[[-122.44672381753844,37.73510786173015],[-122.44672381753844,37.72557440398694],[-122.4353995123419,37.72905805856108],[-122.4353995123419,37.738591816909],[-122.44672381753844,37.73510786173015]]]}"
California,San Francisco,9263762063925182464,260315.91231385438,64153.807,202512,deployment,"{""type"":""Polygon"",""coordinates"":[[[-122.44672381753844,37.72557440398694],[-122.44672381753844,37.716039693611755],[-122.4353995123419,37.7195230471558],[-122.4353995123419,37.72905805856108],[-122.44672381753844,37.72557440398694]]]}"
California,San Francisco,9263762098284920832,185901.19610560618,46668.526,202512,deployment,"{""type"":""Polygon"",""coordinates"":[[[-122.4353995123419,37.72905805856108],[-122.4353995123419,37.7195230471558],[-122.42407398392056,37.72300536612271],[-122.42407398392056,37.73254067832776],[-122.4353995123419,37.72905805856108]]]}"
California,San Francisco,9263762132644659200,75422.06400449963,19331.852,202512,deployment,"{""type"":""Polygon"",""coordinates"":[[[-122.4353995123419,37.7195230471558],[-122.4353995123419,37.709986783201735],[-122.42407398392056,37.71346880094351],[-122.42407398392056,37.72300536612271],[-122.4353995123419,37.7195230471558]]]}"
California,San Francisco,9263762167004397568,132502.60434655444,28012.336,202512,deployment,"{""type"":""Polygon"",""coordinates"":[[[-122.44672381753844,37.716039693611755],[-122.44672381753844,37.70650373111326],[-122.4353995123419,37.709986783201735],[-122.4353995123419,37.7195230471558],[-122.44672381753844,37.716039693611755]]]}"
California,San Francisco,9263762304443351040,27225.757126195935,1333.232,202512,deployment,"{""type"":""Polygon"",""coordinates"":[[[-122.4353995123419,37.709986783201735],[-122.4353995123419,37.70044926720799],[-122.42407398392056,37.70393098329916],[-122.42407398392056,37.71346880094351],[-122.4353995123419,37.709986783201735]]]}"
California,San Francisco,9263762338803089408,34384.69637227801,3761.102,202512,deployment,"{""type"":""Polygon"",""coordinates"":[[[-122.42407398392056,37.71346880094351],[-122.42407398392056,37.70393098329916],[-122.41274723330986,37.7074116646887],[-122.41274723330986,37.71694978375318],[-122.42407398392056,37.71346880094351]]]}"
California,San Francisco,9263762407522566144,6412.378205945302,-10430.732,202512,deployment,"{""type"":""Polygon"",""coordinates"":[[[-122.41274723330986,37.7074116646887],[-122.41274723330986,37.69787229324313],[-122.40141926154602,37.70135163773079],[-122.40141926154602,37.71089131079144],[-122.41274723330986,37.7074116646887]]]}"
California,San Francisco,9263762441882304512,44622.5109198492,19611.015,202512,deployment,"{""type"":""Polygon"",""coordinates"":[[[-122.41274723330986,37.71694978375318],[-122.41274723330986,37.7074116646887],[-122.40141926154602,37.71089131079144],[-122.40141926154602,37.72042973104564],[-122.41274723330986,37.71694978375318]]]}"
California,San Francisco,9263762476242042880,111361.59052946836,33552.206,202512,deployment,"{""type"":""Polygon"",""coordinates"":[[[-122.41274723330986,37.726486649927146],[-122.41274723330986,37.71694978375318],[-122.40141926154602,37.72042973104564],[-122.40141926154602,37.729966897984056],[-122.41274723330986,37.726486649927146]]]}"
California,San Francisco,9263762510601781248,23579.556322815144,4269.696,202512,deployment,"{""type"":""Polygon"",""coordinates"":[[[-122.42407398392056,37.72300536612271],[-122.42407398392056,37.71346880094351],[-122.41274723330986,37.71694978375318],[-122.41274723330986,37.726486649927146],[-122.42407398392056,37.72300536612271]]]}"
California,San Francisco,9263762544961519616,242721.381865982,54380.412,202512,deployment,"{""type"":""Polygon"",""coordinates"":[[[-122.42407398392056,37.73254067832776],[-122.42407398392056,37.72300536612271],[-122.41274723330986,37.726486649927146],[-122.41274723330986,37.736022262701674],[-122.42407398392056,37.73254067832776]]]}"
California,San Francisco,9263762579321257984,299757.3651367835,77922.989,202512,deployment,"{""type"":""Polygon"",""coordinates"":[[[-122.41274723330986,37.736022262701674],[-122.41274723330986,37.726486649927146],[-122.40141926154602,37.729966897984056],[-122.40141926154602,37.739502811097886],[-122.41274723330986,37.736022262701674]]]}"
California,San Francisco,9263762613680996352,178209.78110876284,33097.133,202512,deployment,"{""type"":""Polygon"",""coordinates"":[[[-122.40141926154602,37.739502811097886],[-122.40141926154602,37.729966897984056],[-122.39009006966613,37.733446109708744],[-122.39009006966613,37.74298232293175],[-122.40141926154602,37.739502811097886]]]}"
California,San Francisco,9263762648040734720,29558.515113238023,6321.13,202512,deployment,"{""type"":""Polygon"",""coordinates"":[[[-122.39009006966613,37.74298232293175],[-122.39009006966613,37.733446109708744],[-122.37875965870796,37.73692428451682],[-122.37875965870796,37.746460797618944],[-122.39009006966613,37.74298232293175]]]}"
California,San Francisco,9263762682400473088,37775.79058072205,7836.122,202512,deployment,"{""type"":""Polygon"",""coordinates"":[[[-122.39009006966613,37.733446109708744],[-122.39009006966613,37.723908642236104],[-122.37875965870796,37.72738651674011],[-122.37875965870796,37.73692428451682],[-122.39009006966613,37.733446109708744]]]}"
California,San Francisco,9263762716760211456,86649.51839494181,23150.771,202512,deployment,"{""type"":""Polygon"",""coordinates"":[[[-122.40141926154602,37.729966897984056],[-122.40141926154602,37.72042973104564],[-122.39009006966613,37.723908642236104],[-122.39009006966613,37.733446109708744],[-122.40141926154602,37.729966897984056]]]}"
California,San Francisco,9263762751119949824,79501.66502348639,29898.739,202512,deployment,"{""type"":""Polygon"",""coordinates"":[[[-122.40141926154602,37.72042973104564],[-122.40141926154602,37.71089131079144],[-122.39009006966613,37.71436992102252],[-122.39009006966613,37.723908642236104],[-122.40141926154602,37.72042973104564]]]}"
California,San Francisco,9263762785479688192,8166.870792829875,-2457.632,202512,deployment,"{""type"":""Polygon"",""coordinates"":[[[-122.40141926154602,37.71089131079144],[-122.40141926154602,37.70135163773079],[-122.39009006966613,37.704829946577235],[-122.39009006966613,37.71436992102252],[-122.40141926154602,37.71089131079144]]]}"
California,San Francisco,9263762819839426560,2616.0556682289025,384.227,202512,deployment,"{""type"":""Polygon"",""coordinates"":[[[-122.39009006966613,37.71436992102252],[-122.39009006966613,37.704829946577235],[-122.37875965870796,37.70830721919787],[-122.37875965870796,37.71784749479742],[-122.39009006966613,37.71436992102252]]]}"
California,San Francisco,9263762854199164928,10136.5228291087,1358.116,202512,deployment,"{""type"":""Polygon"",""coordinates"":[[[-122.39009006966613,37.723908642236104],[-122.39009006966613,37.71436992102252],[-122.37875965870796,37.71784749479742],[-122.37875965870796,37.72738651674011],[-122.39009006966613,37.723908642236104]]]}"
California,San Francisco,9263762888558903296,3842.3527133340062,841.67,202512,deployment,"{""type"":""Polygon"",""coordinates"":[[[-122.37875965870796,37.72738651674011],[-122.37875965870796,37.71784749479742],[-122.36742802971013,37.7213240315319],[-122.36742802971013,37.730863353973504],[-122.37875965870796,37.72738651674011]]]}"
California,San Francisco,9263763060357595136,8381.262189982772,1845.11,202512,deployment,"{""type"":""Polygon"",""coordinates"":[[[-122.37875965870796,37.73692428451682],[-122.37875965870796,37.72738651674011],[-122.36742802971013,37.730863353973504],[-122.36742802971013,37.74040142182418],[-122.37875965870796,37.73692428451682]]]}"
California,San Francisco,9263763094717333504,402.8576697147288,124.21,202512,deployment,"{""type"":""Polygon"",""coordinates"":[[[-122.37875965870796,37.746460797618944],[-122.37875965870796,37.73692428451682],[-122.36742802971013,37.74040142182418],[-122.36742802971013,37.74993823457547],[-122.37875965870796,37.746460797618944]]]}"
California,San Francisco,9263763300875763712,33312.299429947285,5742.502,202512,deployment,"{""type"":""Polygon"",""coordinates"":[[[-122.39009006966613,37.75251728139695],[-122.39009006966613,37.74298232293175],[-122.37875965870796,37.746460797618944],[-122.37875965870796,37.75599605553843],[-122.39009006966613,37.75251728139695]]]}"
California,San Francisco,9263763335235502080,849004.6866872759,104698.52,202512,deployment,"{""type"":""Polygon"",""coordinates"":[[[-122.40141926154602,37.74903746987886],[-122.40141926154602,37.739502811097886],[-122.39009006966613,37.74298232293175],[-122.39009006966613,37.75251728139695],[-122.40141926154602,37.74903746987886]]]}"
California,San Francisco,9263763369595240448,434889.0712836171,76290.274,202512,deployment,"{""type"":""Polygon"",""coordinates"":[[[-122.40141926154602,37.75857087381922],[-122.40141926154602,37.74903746987886],[-122.39009006966613,37.75251728139695],[-122.39009006966613,37.76205098459669],[-122.40141926154602,37.75857087381922]]]}"
California,San Francisco,9263763403954978816,135376.54570578554,23333.904,202512,deployment,"{""type"":""Polygon"",""coordinates"":[[[-122.39009006966613,37.76205098459669],[-122.39009006966613,37.75251728139695],[-122.37875965870796,37.75599605553843],[-122.37875965870796,37.76553005776772],[-122.39009006966613,37.76205098459669]]]}"
California,San Francisco,9263763438314717184,181655.11268324422,40089.272,202512,deployment,"{""type"":""Polygon"",""coordinates"":[[[-122.39009006966613,37.77158343202387],[-122.39009006966613,37.76205098459669],[-122.37875965870796,37.76553005776772],[-122.37875965870796,37.77506280379982],[-122.39009006966613,37.77158343202387]]]}"
California,San Francisco,9263763472674455552,696403.0213181479,109916.882,202512,deployment,"{""type"":""Polygon"",""coordinates"":[[[-122.40141926154602,37.76810302241174],[-122.40141926154602,37.75857087381922],[-122.39009006966613,37.76205098459669],[-122.39009006966613,37.77158343202387],[-122.40141926154602,37.76810302241174]]]}"
California,San Francisco,9263763507034193920,1085718.2281636193,243776.439,202512,deployment,"{""type"":""Polygon"",""coordinates"":[[[-122.40141926154602,37.77763391514975],[-122.40141926154602,37.76810302241174],[-122.39009006966613,37.77158343202387],[-122.39009006966613,37.78111462317189],[-122.40141926154602,37.77763391514975]]]}"
California,San Francisco,9263763541393932288,67120.25975883857,18347.646,202512,deployment,"{""type"":""Polygon"",""coordinates"":[[[-122.39009006966613,37.78111462317189],[-122.39009006966613,37.77158343202387],[-122.37875965870796,37.77506280379982],[-122.37875965870796,37.78459429312823],[-122.39009006966613,37.78111462317189]]]}"
California,San Mateo,9263752168320532480,2498.817243389229,2498.817,202512,deployment,"{""type"":""Polygon"",""coordinates"":[[[-122.36742802971013,37.53027490638056],[-122.36742802971013,37.520709355930165],[-122.35609518371197,37.52417845108034],[-122.35609518371197,37.533744310744375],[-122.36742802971013,37.53027490638056]]]}"
California,San Mateo,9263752202680270848,2682.230369205729,2682.23,202512,deployment,"{""type"":""Polygon"",""coordinates"":[[[-122.36742802971013,37.5398392130408],[-122.36742802971013,37.53027490638056],[-122.35609518371197,37.533744310744375],[-122.35609518371197,37.5433089261913],[-122.36742802971013,37.5398392130408]]]}"
California,San Mateo,9263752580637392896,5047.1274236763575,5047.127,202512,deployment,"{""type"":""Polygon"",""coordinates"":[[[-122.37875965870796,37.5554927297739],[-122.37875965870796,37.54593122041748],[-122.36742802971013,37.549402275391266],[-122.36742802971013,37.55896409291285],[-122.37875965870796,37.5554927297739]]]}"
California,San Mateo,9263752614997131264,2688.9588753207236,2688.959,202512,deployment,"{""type"":""Polygon"",""coordinates"":[[[-122.37875965870796,37.54593122041748],[-122.37875965870796,37.53636846665905],[-122.36742802971013,37.5398392130408],[-122.36742802971013,37.549402275391266],[-122.37875965870796,37.54593122041748]]]}"
California,San Mateo,9263752683716608000,609.043655785265,609.044,202512,deployment,"{""type"":""Polygon"",""coordinates"":[[[-122.36742802971013,37.55896409291285],[-122.36742802971013,37.549402275391266],[-122.35609518371197,37.55287229690159],[-122.35609518371197,37.56243442235627],[-122.36742802971013,37.55896409291285]]]}"
California,San Mateo,9263752718076346368,2379.959027184252,2379.959,202512,deployment,"{""type"":""Polygon"",""coordinates"":[[[-122.36742802971013,37.568524665087],[-122.36742802971013,37.55896409291285],[-122.35609518371197,37.56243442235627],[-122.35609518371197,37.571995302036854],[-122.36742802971013,37.568524665087]]]}"
California,San Mateo,9263752752436084736,3537.1899815688325,3537.19,202512,deployment,"{""type"":""Polygon"",""coordinates"":[[[-122.37875965870796,37.56505299420966],[-122.37875965870796,37.5554927297739],[-122.36742802971013,37.55896409291285],[-122.36742802971013,37.568524665087],[-122.37875965870796,37.56505299420966]]]}"
California,San Mateo,9263752821155561472,14008.42573736486,14008.426,202512,deployment,"{""type"":""Polygon"",""coordinates"":[[[-122.36742802971013,37.5780839913957],[-122.36742802971013,37.568524665087],[-122.35609518371197,37.571995302036854],[-122.35609518371197,37.58155493542543],[-122.36742802971013,37.5780839913957]]]}"
California,San Mateo,9263752855515299840,36669.14573533764,36669.146,202512,deployment,"{""type"":""Polygon"",""coordinates"":[[[-122.36742802971013,37.58764207132143],[-122.36742802971013,37.5780839913957],[-122.35609518371197,37.58155493542543],[-122.35609518371197,37.59111332200459],[-122.36742802971013,37.58764207132143]]]}"
California,San Mateo,9263752889875038208,8637.43745029724,8637.437,202512,deployment,"{""type"":""Polygon"",""coordinates"":[[[-122.36742802971013,37.59719890434723],[-122.36742802971013,37.58764207132143],[-122.35609518371197,37.59111332200459],[-122.35609518371197,37.60067046125746],[-122.36742802971013,37.59719890434723]]]}"
California,San Mateo,9263752924234776576,37681.68208147142,37681.682,202512,deployment,"{""type"":""Polygon"",""coordinates"":[[[-122.37875965870796,37.59372631281423],[-122.37875965870796,37.58416978624716],[-122.36742802971013,37.58764207132143],[-122.36742802971013,37.59719890434723],[-122.37875965870796,37.59372631281423]]]}"
California,San Mateo,9263752958594514944,13215.672851940231,13215.673,202512,deployment,"{""type"":""Polygon"",""coordinates"":[[[-122.37875965870796,37.58416978624716],[-122.37875965870796,37.574612013206604],[-122.36742802971013,37.5780839913957],[-122.36742802971013,37.58764207132143],[-122.37875965870796,37.58416978624716]]]}"
California,San Mateo,9263752992954253312,1372.0618067313299,1372.062,202512,deployment,"{""type"":""Polygon"",""coordinates"":[[[-122.39009006966613,37.58069646736666],[-122.39009006966613,37.57113900144311],[-122.37875965870796,37.574612013206604],[-122.37875965870796,37.58416978624716],[-122.39009006966613,37.58069646736666]]]}"
California,San Mateo,9263753027313991680,15302.265397473233,15302.265,202512,deployment,"{""type"":""Polygon"",""coordinates"":[[[-122.39009006966613,37.5902526872433],[-122.39009006966613,37.58069646736666],[-122.37875965870796,37.58416978624716],[-122.37875965870796,37.59372631281423],[-122.39009006966613,37.5902526872433]]]}"
California,San Mateo,9263753061673730048,9788.778417227093,9788.778,202512,deployment,"{""type"":""Polygon"",""coordinates"":[[[-122.40141926154602,37.58677802821954],[-122.40141926154602,37.57722211526512],[-122.39009006966613,37.58069646736666],[-122.39009006966613,37.5902526872433],[-122.40141926154602,37.58677802821954]]]}"
California,San Mateo,9263753130393206784,2812.227449069342,2812.227,202512,deployment,"{""type"":""Polygon"",""coordinates"":[[[-122.40141926154602,37.56766495669047],[-122.40141926154602,37.55810655301287],[-122.39009006966613,37.561580289989834],[-122.39009006966613,37.57113900144311],[-122.40141926154602,37.56766495669047]]]}"
California,San Mateo,9263753164752945152,4039.6573687198265,4039.657,202512,deployment,"{""type"":""Polygon"",""coordinates"":[[[-122.39009006966613,37.57113900144311],[-122.39009006966613,37.561580289989834],[-122.37875965870796,37.56505299420966],[-122.37875965870796,37.574612013206604],[-122.39009006966613,37.57113900144311]]]}"
California,San Mateo,9263753199112683520,4765.792039534299,4765.792,202512,deployment,"{""type"":""Polygon"",""coordinates"":[[[-122.39009006966613,37.561580289989834],[-122.39009006966613,37.552020333524524],[-122.37875965870796,37.5554927297739],[-122.37875965870796,37.56505299420966],[-122.39009006966613,37.561580289989834]]]}"
California,San Mateo,9263753783228235776,4383.319878899474,4383.32,202512,deployment,"{""type"":""Polygon"",""coordinates"":[[[-122.41274723330986,37.5833023363284],[-122.41274723330986,37.573746730528065],[-122.40141926154602,37.57722211526512],[-122.40141926154602,37.58677802821954],[-122.41274723330986,37.5833023363284]]]}"
California,San Mateo,9263753817587974144,4775.101436696755,4775.101,202512,deployment,"{""type"":""Polygon"",""coordinates"":[[[-122.41274723330986,37.59285669641845],[-122.41274723330986,37.5833023363284],[-122.40141926154602,37.58677802821954],[-122.40141926154602,37.59633269503699],[-122.41274723330986,37.59285669641845]]]}"
California,San Mateo,9263753851947712512,3275.1602490867203,3275.16,202512,deployment,"{""type"":""Polygon"",""coordinates"":[[[-122.41274723330986,37.60240981028191],[-122.41274723330986,37.59285669641845],[-122.40141926154602,37.59633269503699],[-122.40141926154602,37.605886115201265],[-122.41274723330986,37.60240981028191]]]}"
California,San Mateo,9263753886307450880,7244.588309026957,7244.588,202512,deployment,"{""type"":""Polygon"",""coordinates"":[[[-122.42407398392056,37.59893247261743],[-122.42407398392056,37.589379665286486],[-122.41274723330986,37.59285669641845],[-122.41274723330986,37.60240981028191],[-122.42407398392056,37.59893247261743]]]}"
California,San Mateo,9263754092465881088,4902.449012919116,4902.449,202512,deployment,"{""type"":""Polygon"",""coordinates"":[[[-122.4353995123419,37.60500535747128],[-122.4353995123419,37.59545410279373],[-122.42407398392056,37.59893247261743],[-122.42407398392056,37.60848403363257],[-122.4353995123419,37.60500535747128]]]}"
California,San Mateo,9263754195545096192,7003.580305564301,7003.58,202512,deployment,"{""type"":""Polygon"",""coordinates"":[[[-122.4353995123419,37.61455536574427],[-122.4353995123419,37.60500535747128],[-122.42407398392056,37.60848403363257],[-122.42407398392056,37.61803434781657],[-122.4353995123419,37.61455536574427]]]}"
California,San Mateo,9263754229904834560,5262.3011859943,5262.301,202512,deployment,"{""type"":""Polygon"",""coordinates"":[[[-122.42407398392056,37.61803434781657],[-122.42407398392056,37.60848403363257],[-122.41274723330986,37.61196167740299],[-122.41274723330986,37.62151229726643],[-122.42407398392056,37.61803434781657]]]}"
California,San Mateo,9263754264264572928,6056.643495842085,6056.643,202512,deployment,"{""type"":""Polygon"",""coordinates"":[[[-122.42407398392056,37.60848403363257],[-122.42407398392056,37.59893247261743],[-122.41274723330986,37.60240981028191],[-122.41274723330986,37.61196167740299],[-122.42407398392056,37.60848403363257]]]}"
California,San Mateo,9263754298624311296,29242.94254334284,29242.943,202512,deployment,"{""type"":""Polygon"",""coordinates"":[[[-122.41274723330986,37.61196167740299],[-122.41274723330986,37.60240981028191],[-122.40141926154602,37.605886115201265],[-122.40141926154602,37.61543828819667],[-122.41274723330986,37.61196167740299]]]}"
California,San Mateo,9263754332984049664,50206.55395001382,50206.554,202512,deployment,"{""type"":""Polygon"",""coordinates"":[[[-122.41274723330986,37.62151229726643],[-122.41274723330986,37.61196167740299],[-122.40141926154602,37.61543828819667],[-122.40141926154602,37.62498921350805],[-122.41274723330986,37.62151229726643]]]}"
California,San Mateo,9263754367343788032,2160.854462032646,2160.854,202512,deployment,"{""type"":""Polygon"",""coordinates"":[[[-122.40141926154602,37.62498921350805],[-122.40141926154602,37.61543828819667],[-122.39009006966613,37.61891386542805],[-122.39009006966613,37.62846509595596],[-122.40141926154602,37.62498921350805]]]}"
California,San Mateo,9263754470423003136,24521.466339636296,24521.466,202512,deployment,"{""type"":""Polygon"",""coordinates"":[[[-122.40141926154602,37.61543828819667],[-122.40141926154602,37.605886115201265],[-122.39009006966613,37.60936138678984],[-122.39009006966613,37.61891386542805],[-122.40141926154602,37.61543828819667]]]}"
California,San Mateo,9263754504782741504,48365.57603064881,48365.576,202512,deployment,"{""type"":""Polygon"",""coordinates"":[[[-122.40141926154602,37.605886115201265],[-122.40141926154602,37.59633269503699],[-122.39009006966613,37.5998076605564],[-122.39009006966613,37.60936138678984],[-122.40141926154602,37.605886115201265]]]}"
California,San Mateo,9263754539142479872,12471.495699156278,12471.496,202512,deployment,"{""type"":""Polygon"",""coordinates"":[[[-122.40141926154602,37.59633269503699],[-122.40141926154602,37.58677802821954],[-122.39009006966613,37.5902526872433],[-122.39009006966613,37.5998076605564],[-122.40141926154602,37.59633269503699]]]}"
California,San Mateo,9263754573502218240,47032.70510766877,47032.705,202512,deployment,"{""type"":""Polygon"",""coordinates"":[[[-122.39009006966613,37.5998076605564],[-122.39009006966613,37.5902526872433],[-122.37875965870796,37.59372631281423],[-122.37875965870796,37.60328159239132],[-122.39009006966613,37.5998076605564]]]}"
California,San Mateo,9263754607861956608,7298.855943598387,7298.856,202512,deployment,"{""type"":""Polygon"",""coordinates"":[[[-122.39009006966613,37.60936138678984],[-122.39009006966613,37.5998076605564],[-122.37875965870796,37.60328159239132],[-122.37875965870796,37.612835624462356],[-122.39009006966613,37.60936138678984]]]}"
California,San Mateo,9263754676581433344,5312.732183614158,5312.732,202512,deployment,"{""type"":""Polygon"",""coordinates"":[[[-122.37875965870796,37.60328159239132],[-122.37875965870796,37.59372631281423],[-122.36742802971013,37.59719890434723],[-122.36742802971013,37.606754489956664],[-122.37875965870796,37.60328159239132]]]}"
California,San Mateo,9263755088898293760,686.0478931973191,686.048,202512,deployment,"{""type"":""Polygon"",""coordinates"":[[[-122.40141926154602,37.6345388906208],[-122.40141926154602,37.62498921350805],[-122.39009006966613,37.62846509595596],[-122.39009006966613,37.638015077859066],[-122.40141926154602,37.6345388906208]]]}"
California,San Mateo,9263755123258032128,322.4732620280591,322.473,202512,deployment,"{""type"":""Polygon"",""coordinates"":[[[-122.40141926154602,37.64408731902082],[-122.40141926154602,37.6345388906208],[-122.39009006966613,37.638015077859066],[-122.39009006966613,37.64756381062336],[-122.40141926154602,37.64408731902082]]]}"
California,San Mateo,9263755191977508864,2536.3257132365798,2536.326,202512,deployment,"{""type"":""Polygon"",""coordinates"":[[[-122.39009006966613,37.65711129373539],[-122.39009006966613,37.64756381062336],[-122.37875965870796,37.65103926738465],[-122.37875965870796,37.66058705420395],[-122.39009006966613,37.65711129373539]]]}"
California,San Mateo,9263755226337247232,9491.368220465249,9491.368,202512,deployment,"{""type"":""Polygon"",""coordinates"":[[[-122.40141926154602,37.65363449819453],[-122.40141926154602,37.64408731902082],[-122.39009006966613,37.64756381062336],[-122.39009006966613,37.65711129373539],[-122.40141926154602,37.65363449819453]]]}"
California,San Mateo,9263755260696985600,7872.379981745068,7872.38,202512,deployment,"{""type"":""Polygon"",""coordinates"":[[[-122.40141926154602,37.6631804276289],[-122.40141926154602,37.65363449819453],[-122.39009006966613,37.65711129373539],[-122.39009006966613,37.6666575266822],[-122.40141926154602,37.6631804276289]]]}"
California,San Mateo,9263755295056723968,1374.4397609564862,1374.44,202512,deployment,"{""type"":""Polygon"",""coordinates"":[[[-122.39009006966613,37.6666575266822],[-122.39009006966613,37.65711129373539],[-122.37875965870796,37.66058705420395],[-122.37875965870796,37.6701335904323],[-122.39009006966613,37.6666575266822]]]}"
California,San Mateo,9263755363776200704,11.591724231369858,11.592,202512,deployment,"{""type"":""Polygon"",""coordinates"":[[[-122.37875965870796,37.66058705420395],[-122.37875965870796,37.65103926738465],[-122.36742802971013,37.65451368871995],[-122.36742802971013,37.66406177901558],[-122.37875965870796,37.66058705420395]]]}"
California,San Mateo,9263755844812537856,32658.698353065356,32658.698,202512,deployment,"{""type"":""Polygon"",""coordinates"":[[[-122.40141926154602,37.69181071237355],[-122.40141926154602,37.68226853523012],[-122.39009006966613,37.68574624003113],[-122.39009006966613,37.69528871941001],[-122.40141926154602,37.69181071237355]]]}"
California,San Mateo,9263755879172276224,37359.27795104956,37359.278,202512,deployment,"{""type"":""Polygon"",""coordinates"":[[[-122.40141926154602,37.68226853523012],[-122.40141926154602,37.67272510681143],[-122.39009006966613,37.67620250895141],[-122.39009006966613,37.68574624003113],[-122.40141926154602,37.68226853523012]]]}"
California,San Mateo,9263755947891752960,2741.233298421422,2741.233,202512,deployment,"{""type"":""Polygon"",""coordinates"":[[[-122.39009006966613,37.67620250895141],[-122.39009006966613,37.6666575266822],[-122.37875965870796,37.6701335904323],[-122.37875965870796,37.67967887555737],[-122.39009006966613,37.67620250895141]]]}"
California,San Mateo,9263755982251491328,66163.3504249522,66163.35,202512,deployment,"{""type"":""Polygon"",""coordinates"":[[[-122.40141926154602,37.67272510681143],[-122.40141926154602,37.6631804276289],[-122.39009006966613,37.6666575266822],[-122.39009006966613,37.67620250895141],[-122.40141926154602,37.67272510681143]]]}"
California,San Mateo,9263756016611229696,9191.201758292866,9191.202,202512,deployment,"{""type"":""Polygon"",""coordinates"":[[[-122.41274723330986,37.66924666972223],[-122.41274723330986,37.659702293857265],[-122.40141926154602,37.6631804276289],[-122.40141926154602,37.67272510681143],[-122.41274723330986,37.66924666972223]]]}"
California,San Mateo,9263756050970968064,3570.009589425775,3570.01,202512,deployment,"{""type"":""Polygon"",""coordinates"":[[[-122.42407398392056,37.66576719826896],[-122.42407398392056,37.6562231259525],[-122.41274723330986,37.659702293857265],[-122.41274723330986,37.66924666972223],[-122.42407398392056,37.66576719826896]]]}"
California,San Mateo,9263756085330706432,6819.13883240168,6819.139,202512,deployment,"{""type"":""Polygon"",""coordinates"":[[[-122.42407398392056,37.67531002067324],[-122.42407398392056,37.66576719826896],[-122.41274723330986,37.66924666972223],[-122.41274723330986,37.678789795249145],[-122.42407398392056,37.67531002067324]]]}"
California,San Mateo,9263756154050183168,17139.84429364573,17139.844,202512,deployment,"{""type"":""Polygon"",""coordinates"":[[[-122.41274723330986,37.68833166992645],[-122.41274723330986,37.678789795249145],[-122.40141926154602,37.68226853523012],[-122.40141926154602,37.69181071237355],[-122.41274723330986,37.68833166992645]]]}"
California,San Mateo,9263756188409921536,39414.349673029676,39414.35,202512,deployment,"{""type"":""Polygon"",""coordinates"":[[[-122.41274723330986,37.69787229324313],[-122.41274723330986,37.68833166992645],[-122.40141926154602,37.69181071237355],[-122.40141926154602,37.70135163773079],[-122.41274723330986,37.69787229324313]]]}"
California,San Mateo,9263756222769659904,4747.3429980746,4747.343,202512,deployment,"{""type"":""Polygon"",""coordinates"":[[[-122.42407398392056,37.6943919136992],[-122.42407398392056,37.68485159265369],[-122.41274723330986,37.68833166992645],[-122.41274723330986,37.69787229324313],[-122.42407398392056,37.6943919136992]]]}"
California,San Mateo,9263756428928090112,13649.299224367158,13649.299,202512,deployment,"{""type"":""Polygon"",""coordinates"":[[[-122.44672381753844,37.6683473700785],[-122.44672381753844,37.658805154612295],[-122.4353995123419,37.66228669303706],[-122.4353995123419,37.67182921208779],[-122.44672381753844,37.6683473700785]]]}"
California,San Mateo,9263756463287828480,11357.783196099654,11357.783,202512,deployment,"{""type"":""Polygon"",""coordinates"":[[[-122.4353995123419,37.67182921208779],[-122.4353995123419,37.66228669303706],[-122.42407398392056,37.66576719826896],[-122.42407398392056,37.67531002067324],[-122.4353995123419,37.67182921208779]]]}"
California,San Mateo,9263756497647566848,19323.39788779081,19323.398,202512,deployment,"{""type"":""Polygon"",""coordinates"":[[[-122.4353995123419,37.66228669303706],[-122.4353995123419,37.652742924500146],[-122.42407398392056,37.6562231259525],[-122.42407398392056,37.66576719826896],[-122.4353995123419,37.66228669303706]]]}"
California,San Mateo,9263756532007305216,19145.27258902773,19145.273,202512,deployment,"{""type"":""Polygon"",""coordinates"":[[[-122.44672381753844,37.658805154612295],[-122.44672381753844,37.649261690086014],[-122.4353995123419,37.652742924500146],[-122.4353995123419,37.66228669303706],[-122.44672381753844,37.658805154612295]]]}"
California,San Mateo,9263756566367043584,9652.87470601739,9652.875,202512,deployment,"{""type"":""Polygon"",""coordinates"":[[[-122.44672381753844,37.649261690086014],[-122.44672381753844,37.63971697701203],[-122.4353995123419,37.643197906989336],[-122.4353995123419,37.652742924500146],[-122.44672381753844,37.649261690086014]]]}"
California,San Mateo,9263756600726781952,13528.670407207817,13528.67,202512,deployment,"{""type"":""Polygon"",""coordinates"":[[[-122.44672381753844,37.63971697701203],[-122.44672381753844,37.63017101590326],[-122.4353995123419,37.63365164101744],[-122.4353995123419,37.643197906989336],[-122.44672381753844,37.63971697701203]]]}"
California,San Mateo,9263756635086520320,15421.934377048796,15421.934,202512,deployment,"{""type"":""Polygon"",""coordinates"":[[[-122.4353995123419,37.643197906989336],[-122.4353995123419,37.63365164101744],[-122.42407398392056,37.637131233632346],[-122.42407398392056,37.64667780423607],[-122.4353995123419,37.643197906989336]]]}"
California,San Mateo,9263756669446258688,21885.077145678115,21885.077,202512,deployment,"{""type"":""Polygon"",""coordinates"":[[[-122.4353995123419,37.652742924500146],[-122.4353995123419,37.643197906989336],[-122.42407398392056,37.64667780423607],[-122.42407398392056,37.6562231259525],[-122.4353995123419,37.652742924500146]]]}"
California,San Mateo,9263756703805997056,13947.841617905275,13947.842,202512,deployment,"{""type"":""Polygon"",""coordinates"":[[[-122.42407398392056,37.6562231259525],[-122.42407398392056,37.64667780423607],[-122.41274723330986,37.650156668166325],[-122.41274723330986,37.659702293857265],[-122.42407398392056,37.6562231259525]]]}"
California,San Mateo,9263756738165735424,59333.71590984151,59333.716,202512,deployment,"{""type"":""Polygon"",""coordinates"":[[[-122.41274723330986,37.659702293857265],[-122.41274723330986,37.650156668166325],[-122.40141926154602,37.65363449819453],[-122.40141926154602,37.6631804276289],[-122.41274723330986,37.659702293857265]]]}"
California,San Mateo,9263756772525473792,33195.84538140393,33195.845,202512,deployment,"{""type"":""Polygon"",""coordinates"":[[[-122.41274723330986,37.650156668166325],[-122.41274723330986,37.64060979316203],[-122.40141926154602,37.64408731902082],[-122.40141926154602,37.65363449819453],[-122.41274723330986,37.650156668166325]]]}"
California,San Mateo,9263756806885212160,29258.101799111333,29258.102,202512,deployment,"{""type"":""Polygon"",""coordinates"":[[[-122.42407398392056,37.64667780423607],[-122.42407398392056,37.637131233632346],[-122.41274723330986,37.64060979316203],[-122.41274723330986,37.650156668166325],[-122.42407398392056,37.64667780423607]]]}"
California,San Mateo,9263756841244950528,44884.64106162862,44884.641,202512,deployment,"{""type"":""Polygon"",""coordinates"":[[[-122.42407398392056,37.637131233632346],[-122.42407398392056,37.6275834146546],[-122.41274723330986,37.631061669357514],[-122.41274723330986,37.64060979316203],[-122.42407398392056,37.637131233632346]]]}"
California,San Mateo,9263756875604688896,23905.643845105868,23905.644,202512,deployment,"{""type"":""Polygon"",""coordinates"":[[[-122.41274723330986,37.64060979316203],[-122.41274723330986,37.631061669357514],[-122.40141926154602,37.6345388906208],[-122.40141926154602,37.64408731902082],[-122.41274723330986,37.64060979316203]]]}"
California,San Mateo,9263756909964427264,17127.963677696873,17127.964,202512,deployment,"{""type"":""Polygon"",""coordinates"":[[[-122.41274723330986,37.631061669357514],[-122.41274723330986,37.62151229726643],[-122.40141926154602,37.62498921350805],[-122.40141926154602,37.6345388906208],[-122.41274723330986,37.631061669357514]]]}"
California,San Mateo,9263756944324165632,56324.10947458184,56324.109,202512,deployment,"{""type"":""Polygon"",""coordinates"":[[[-122.42407398392056,37.6275834146546],[-122.42407398392056,37.61803434781657],[-122.41274723330986,37.62151229726643],[-122.41274723330986,37.631061669357514],[-122.42407398392056,37.6275834146546]]]}"
California,San Mateo,9263756978683904000,14768.61726148797,14768.617,202512,deployment,"{""type"":""Polygon"",""coordinates"":[[[-122.4353995123419,37.62410412709779],[-122.4353995123419,37.61455536574427],[-122.42407398392056,37.61803434781657],[-122.42407398392056,37.6275834146546],[-122.4353995123419,37.62410412709779]]]}"
California,San Mateo,9263757013043642368,20624.212700591463,20624.213,202512,deployment,"{""type"":""Polygon"",""coordinates"":[[[-122.4353995123419,37.63365164101744],[-122.4353995123419,37.62410412709779],[-122.42407398392056,37.6275834146546],[-122.42407398392056,37.637131233632346],[-122.4353995123419,37.63365164101744]]]}"
California,San Mateo,9263757047403380736,9092.524523034255,9092.525,202512,deployment,"{""type"":""Polygon"",""coordinates"":[[[-122.44672381753844,37.63017101590326],[-122.44672381753844,37.62062380727314],[-122.4353995123419,37.62410412709779],[-122.4353995123419,37.63365164101744],[-122.44672381753844,37.63017101590326]]]}"
California,San Mateo,9263757081763119104,3404.0791940187005,3404.079,202512,deployment,"{""type"":""Polygon"",""coordinates"":[[[-122.44672381753844,37.62062380727314],[-122.44672381753844,37.611075351635655],[-122.4353995123419,37.61455536574427],[-122.4353995123419,37.62410412709779],[-122.44672381753844,37.62062380727314]]]}"
California,San Mateo,9263757219202072576,2224.5896689543547,2224.59,202512,deployment,"{""type"":""Polygon"",""coordinates"":[[[-122.45804689847544,37.6266893588761],[-122.45804689847544,37.617142455767],[-122.44672381753844,37.62062380727314],[-122.44672381753844,37.63017101590326],[-122.45804689847544,37.6266893588761]]]}"
California,San Mateo,9263757253561810944,4451.7482129526215,4451.748,202512,deployment,"{""type"":""Polygon"",""coordinates"":[[[-122.45804689847544,37.636235014890374],[-122.45804689847544,37.6266893588761],[-122.44672381753844,37.63017101590326],[-122.44672381753844,37.63971697701203],[-122.45804689847544,37.636235014890374]]]}"
California,San Mateo,9263757287921549312,14416.878406919792,14416.878,202512,deployment,"{""type"":""Polygon"",""coordinates"":[[[-122.45804689847544,37.645779423296254],[-122.45804689847544,37.636235014890374],[-122.44672381753844,37.63971697701203],[-122.44672381753844,37.649261690086014],[-122.45804689847544,37.645779423296254]]]}"
California,San Mateo,9263757322281287680,4413.253290446166,4413.253,202512,deployment,"{""type"":""Polygon"",""coordinates"":[[[-122.46936875411905,37.64229612471735],[-122.46936875411905,37.63275202121089],[-122.45804689847544,37.636235014890374],[-122.45804689847544,37.645779423296254],[-122.46936875411905,37.64229612471735]]]}"
California,San Mateo,9263757356641026048,528.5835979199688,528.584,202512,deployment,"{""type"":""Polygon"",""coordinates"":[[[-122.46936875411905,37.63275202121089],[-122.46936875411905,37.62320667052258],[-122.45804689847544,37.6266893588761],[-122.45804689847544,37.636235014890374],[-122.46936875411905,37.63275202121089]]]}"
California,San Mateo,9263758765390299136,3225.731539703152,3225.732,202512,deployment,"{""type"":""Polygon"",""coordinates"":[[[-122.49200878539423,37.6734879330491],[-122.49200878539423,37.66394943047776],[-122.48068938343609,37.667435704401925],[-122.48068938343609,37.676974510629684],[-122.49200878539423,37.6734879330491]]]}"
California,San Mateo,9263758799750037504,32178.693750247305,32178.694,202512,deployment,"{""type"":""Polygon"",""coordinates"":[[[-122.48068938343609,37.676974510629684],[-122.48068938343609,37.667435704401925],[-122.46936875411905,37.670920947017024],[-122.46936875411905,37.68046005667014],[-122.48068938343609,37.676974510629684]]]}"
California,San Mateo,9263758834109775872,8162.233074174063,8162.233,202512,deployment,"{""type"":""Polygon"",""coordinates"":[[[-122.48068938343609,37.667435704401925],[-122.48068938343609,37.65789564936922],[-122.46936875411905,37.66138058813274],[-122.46936875411905,37.670920947017024],[-122.48068938343609,37.667435704401925]]]}"
California,San Mateo,9263758868469514240,9.467261535585813,9.467,202512,deployment,"{""type"":""Polygon"",""coordinates"":[[[-122.49200878539423,37.66394943047776],[-122.49200878539423,37.654409679527795],[-122.48068938343609,37.65789564936922],[-122.48068938343609,37.667435704401925],[-122.49200878539423,37.66394943047776]]]}"
California,San Mateo,9263758971548729344,1883.7716249878786,1883.772,202512,deployment,"{""type"":""Polygon"",""coordinates"":[[[-122.48068938343609,37.64835434604321],[-122.48068938343609,37.63881179493606],[-122.46936875411905,37.64229612471735],[-122.46936875411905,37.65183898052883],[-122.48068938343609,37.64835434604321]]]}"
California,San Mateo,9263759005908467712,3012.3590491920177,3012.359,202512,deployment,"{""type"":""Polygon"",""coordinates"":[[[-122.48068938343609,37.65789564936922],[-122.48068938343609,37.64835434604321],[-122.46936875411905,37.65183898052883],[-122.46936875411905,37.66138058813274],[-122.48068938343609,37.65789564936922]]]}"
California,San Mateo,9263759040268206080,11751.533080866146,11751.533,202512,deployment,"{""type"":""Polygon"",""coordinates"":[[[-122.46936875411905,37.66138058813274],[-122.46936875411905,37.65183898052883],[-122.45804689847544,37.655322583580755],[-122.45804689847544,37.66486449523138],[-122.46936875411905,37.66138058813274]]]}"
California,San Mateo,9263759074627944448,3186.3361632137467,3186.336,202512,deployment,"{""type"":""Polygon"",""coordinates"":[[[-122.46936875411905,37.65183898052883],[-122.46936875411905,37.64229612471735],[-122.45804689847544,37.645779423296254],[-122.45804689847544,37.655322583580755],[-122.46936875411905,37.65183898052883]]]}"
California,San Mateo,9263759108987682816,19764.67038640022,19764.67,202512,deployment,"{""type"":""Polygon"",""coordinates"":[[[-122.45804689847544,37.655322583580755],[-122.45804689847544,37.645779423296254],[-122.44672381753844,37.649261690086014],[-122.44672381753844,37.658805154612295],[-122.45804689847544,37.655322583580755]]]}"
California,San Mateo,9263759143347421184,20285.39195518378,20285.392,202512,deployment,"{""type"":""Polygon"",""coordinates"":[[[-122.45804689847544,37.66486449523138],[-122.45804689847544,37.655322583580755],[-122.44672381753844,37.658805154612295],[-122.44672381753844,37.6683473700785],[-122.45804689847544,37.66486449523138]]]}"
California,San Mateo,9263759177707159552,24669.619360542154,24669.619,202512,deployment,"{""type"":""Polygon"",""coordinates"":[[[-122.45804689847544,37.67440515773615],[-122.45804689847544,37.66486449523138],[-122.44672381753844,37.6683473700785],[-122.44672381753844,37.67788833597277],[-122.45804689847544,37.67440515773615]]]}"
California,San Mateo,9263759212066897920,30724.680974263763,30724.681,202512,deployment,"{""type"":""Polygon"",""coordinates"":[[[-122.46936875411905,37.670920947017024],[-122.46936875411905,37.66138058813274],[-122.45804689847544,37.66486449523138],[-122.45804689847544,37.67440515773615],[-122.46936875411905,37.670920947017024]]]}"
California,San Mateo,9263759246426636288,48290.65764941539,48290.658,202512,deployment,"{""type"":""Polygon"",""coordinates"":[[[-122.46936875411905,37.68046005667014],[-122.46936875411905,37.670920947017024],[-122.45804689847544,37.67440515773615],[-122.45804689847544,37.68394457058367],[-122.46936875411905,37.68046005667014]]]}"
California,San Mateo,9263759315146113024,4526.653519177327,4526.654,202512,deployment,"{""type"":""Polygon"",""coordinates"":[[[-122.45804689847544,37.693482733263004],[-122.45804689847544,37.68394457058367],[-122.44672381753844,37.687428051783755],[-122.44672381753844,37.69696651700067],[-122.45804689847544,37.693482733263004]]]}"
California,San Mateo,9263759349505851392,78440.9221530533,78440.922,202512,deployment,"{""type"":""Polygon"",""coordinates"":[[[-122.46936875411905,37.6899979165811],[-122.46936875411905,37.68046005667014],[-122.45804689847544,37.68394457058367],[-122.45804689847544,37.693482733263004],[-122.46936875411905,37.6899979165811]]]}"
California,San Mateo,9263759383865589760,88789.94242597313,88789.942,202512,deployment,"{""type"":""Polygon"",""coordinates"":[[[-122.46936875411905,37.69953452623943],[-122.46936875411905,37.6899979165811],[-122.45804689847544,37.693482733263004],[-122.45804689847544,37.70301964526381],[-122.46936875411905,37.69953452623943]]]}"
California,San Mateo,9263759418225328128,18240.691303075713,18240.691,202512,deployment,"{""type"":""Polygon"",""coordinates"":[[[-122.45804689847544,37.70301964526381],[-122.45804689847544,37.693482733263004],[-122.44672381753844,37.69696651700067],[-122.44672381753844,37.70650373111326],[-122.45804689847544,37.70301964526381]]]}"
California,San Mateo,9263759452585066496,25686.04485411698,-91169.651,202512,deployment,"{""type"":""Polygon"",""coordinates"":[[[-122.45804689847544,37.712555306076204],[-122.45804689847544,37.70301964526381],[-122.44672381753844,37.70650373111326],[-122.44672381753844,37.716039693611755],[-122.45804689847544,37.712555306076204]]]}"
California,San Mateo,9263759555664281600,101631.61390315699,3188.838,202512,deployment,"{""type"":""Polygon"",""coordinates"":[[[-122.46936875411905,37.70906988513516],[-122.46936875411905,37.69953452623943],[-122.45804689847544,37.70301964526381],[-122.45804689847544,37.712555306076204],[-122.46936875411905,37.70906988513516]]]}"
California,San Mateo,9263759590024019968,66725.13594318146,17332.762,202512,deployment,"{""type"":""Polygon"",""coordinates"":[[[-122.48068938343609,37.70558343137489],[-122.48068938343609,37.69604837462648],[-122.46936875411905,37.69953452623943],[-122.46936875411905,37.70906988513516],[-122.48068938343609,37.70558343137489]]]}"
California,San Mateo,9263759693103235072,61755.64591553853,61755.646,202512,deployment,"{""type"":""Polygon"",""coordinates"":[[[-122.49200878539423,37.702095945382],[-122.49200878539423,37.69256119101164],[-122.48068938343609,37.69604837462648],[-122.48068938343609,37.70558343137489],[-122.49200878539423,37.702095945382]]]}"
California,San Mateo,9263759727462973440,12774.949428938406,12774.949,202512,deployment,"{""type"":""Polygon"",""coordinates"":[[[-122.49200878539423,37.69256119101164],[-122.49200878539423,37.68302518673062],[-122.48068938343609,37.68651206754139],[-122.48068938343609,37.69604837462648],[-122.49200878539423,37.69256119101164]]]}"
California,San Mateo,9263759761822711808,47513.80718506154,47513.807,202512,deployment,"{""type"":""Polygon"",""coordinates"":[[[-122.48068938343609,37.69604837462648],[-122.48068938343609,37.68651206754139],[-122.46936875411905,37.6899979165811],[-122.46936875411905,37.69953452623943],[-122.48068938343609,37.69604837462648]]]}"
California,San Mateo,9263759796182450176,50160.70151393468,50160.702,202512,deployment,"{""type"":""Polygon"",""coordinates"":[[[-122.48068938343609,37.68651206754139],[-122.48068938343609,37.676974510629684],[-122.46936875411905,37.68046005667014],[-122.46936875411905,37.6899979165811],[-122.48068938343609,37.68651206754139]]]}"
California,San Mateo,9263759830542188544,11323.670614694836,11323.671,202512,deployment,"{""type"":""Polygon"",""coordinates"":[[[-122.49200878539423,37.68302518673062],[-122.49200878539423,37.6734879330491],[-122.48068938343609,37.676974510629684],[-122.48068938343609,37.68651206754139],[-122.49200878539423,37.68302518673062]]]}"
California,San Mateo,9263759899261665280,3934.038354906291,3934.038,202512,deployment,"{""type"":""Polygon"",""coordinates"":[[[-122.50332695896195,37.68907297598189],[-122.50332695896195,37.67953727473585],[-122.49200878539423,37.68302518673062],[-122.49200878539423,37.69256119101164],[-122.50332695896195,37.68907297598189]]]}"
California,San Mateo,9263760345938264064,16478.334456074826,16478.334,202512,deployment,"{""type"":""Polygon"",""coordinates"":[[[-122.50332695896195,37.698607427743404],[-122.50332695896195,37.68907297598189],[-122.49200878539423,37.69256119101164],[-122.49200878539423,37.702095945382],[-122.50332695896195,37.698607427743404]]]}"
California,San Mateo,9263760380298002432,3521.4577485586847,3521.458,202512,deployment,"{""type"":""Polygon"",""coordinates"":[[[-122.50332695896195,37.70814062951066],[-122.50332695896195,37.698607427743404],[-122.49200878539423,37.702095945382],[-122.49200878539423,37.71162944933207],[-122.50332695896195,37.70814062951066]]]}"
California,San Mateo,9263762167004397568,7067.94717763157,-97422.321,202512,deployment,"{""type"":""Polygon"",""coordinates"":[[[-122.44672381753844,37.716039693611755],[-122.44672381753844,37.70650373111326],[-122.4353995123419,37.709986783201735],[-122.4353995123419,37.7195230471558],[-122.44672381753844,37.716039693611755]]]}"
California,San Mateo,9263762201364135936,19525.62352925617,19525.624,202512,deployment,"{""type"":""Polygon"",""coordinates"":[[[-122.44672381753844,37.70650373111326],[-122.44672381753844,37.69696651700067],[-122.4353995123419,37.70044926720799],[-122.4353995123419,37.709986783201735],[-122.44672381753844,37.70650373111326]]]}"
California,San Mateo,9263762270083612672,6094.392159890112,6094.392,202512,deployment,"{""type"":""Polygon"",""coordinates"":[[[-122.4353995123419,37.70044926720799],[-122.4353995123419,37.690910499684215],[-122.42407398392056,37.6943919136992],[-122.42407398392056,37.70393098329916],[-122.4353995123419,37.70044926720799]]]}"
California,San Mateo,9263762338803089408,14649.120789767047,-15974.473,202512,deployment,"{""type"":""Polygon"",""coordinates"":[[[-122.42407398392056,37.71346880094351],[-122.42407398392056,37.70393098329916],[-122.41274723330986,37.7074116646887],[-122.41274723330986,37.71694978375318],[-122.42407398392056,37.71346880094351]]]}"
California,San Mateo,9263762373162827776,22063.96314901216,22063.963,202512,deployment,"{""type"":""Polygon"",""coordinates"":[[[-122.42407398392056,37.70393098329916],[-122.42407398392056,37.6943919136992],[-122.41274723330986,37.69787229324313],[-122.41274723330986,37.7074116646887],[-122.42407398392056,37.70393098329916]]]}"
California,San Mateo,9263762407522566144,40172.373265456954,23329.263,202512,deployment,"{""type"":""Polygon"",""coordinates"":[[[-122.41274723330986,37.7074116646887],[-122.41274723330986,37.69787229324313],[-122.40141926154602,37.70135163773079],[-122.40141926154602,37.71089131079144],[-122.41274723330986,37.7074116646887]]]}"
California,San Mateo,9263762785479688192,6862.9077373216005,-3761.595,202512,deployment,"{""type"":""Polygon"",""coordinates"":[[[-122.40141926154602,37.71089131079144],[-122.40141926154602,37.70135163773079],[-122.39009006966613,37.704829946577235],[-122.39009006966613,37.71436992102252],[-122.40141926154602,37.71089131079144]]]}"
California,San Mateo,9263790719946981376,232.91879939065964,232.919,202512,deployment,"{""type"":""Polygon"",""coordinates"":[[[-122.24270001793133,37.53967085043573],[-122.24270001793133,37.530098169076695],[-122.23135385375079,37.53355494271064],[-122.23135385375079,37.54312793200931],[-122.24270001793133,37.53967085043573]]]}"
California,San Mateo,9263790788666458112,811.2100064107316,811.21,202512,deployment,"{""type"":""Polygon"",""coordinates"":[[[-122.25404497659599,37.52664035695375],[-122.25404497659599,37.5170667377913],[-122.24270001793133,37.52052424131639],[-122.24270001793133,37.530098169076695],[-122.25404497659599,37.52664035695375]]]}"
California,San Mateo,9263790823026196480,2608.505878284556,2608.506,202512,deployment,"{""type"":""Polygon"",""coordinates"":[[[-122.26538872869685,37.52318150692386],[-122.26538872869685,37.513608196591434],[-122.25404497659599,37.5170667377913],[-122.25404497659599,37.52664035695375],[-122.26538872869685,37.52318150692386]]]}"
California,San Mateo,9263790857385934848,871.030359066046,871.03,202512,deployment,"{""type"":""Polygon"",""coordinates"":[[[-122.26538872869685,37.53275357170765],[-122.26538872869685,37.52318150692386],[-122.25404497659599,37.52664035695375],[-122.25404497659599,37.53621273014118],[-122.26538872869685,37.53275357170765]]]}"
California,San Mateo,9263790926105411584,161.75899094436545,161.759,202512,deployment,"{""type"":""Polygon"",""coordinates"":[[[-122.25404497659599,37.545783856832855],[-122.25404497659599,37.53621273014118],[-122.24270001793133,37.53967085043573],[-122.24270001793133,37.54924228487285],[-122.25404497659599,37.545783856832855]]]}"
California,San Mateo,9263790994824888320,1147.6829908796692,1147.683,202512,deployment,"{""type"":""Polygon"",""coordinates"":[[[-122.26538872869685,37.55189396254646],[-122.26538872869685,37.54232439042195],[-122.25404497659599,37.545783856832855],[-122.25404497659599,37.55535373650854],[-122.26538872869685,37.55189396254646]]]}"
California,San Mateo,9263791097904103424,110.69876227253792,110.699,202512,deployment,"{""type"":""Polygon"",""coordinates"":[[[-122.24270001793133,37.54924228487285],[-122.24270001793133,37.53967085043573],[-122.23135385375079,37.54312793200931],[-122.23135385375079,37.55269967396],[-122.24270001793133,37.54924228487285]]]}"
California,San Mateo,9263791338422272000,95.2945501932792,95.295,202512,deployment,"{""type"":""Polygon"",""coordinates"":[[[-122.25404497659599,37.564922368648574],[-122.25404497659599,37.55535373650854],[-122.24270001793133,37.5588124718679],[-122.24270001793133,37.568381410901324],[-122.25404497659599,37.564922368648574]]]}"
California,San Mateo,9263791372782010368,503.41263342574933,503.413,202512,deployment,"{""type"":""Polygon"",""coordinates"":[[[-122.26538872869685,37.56146228756136],[-122.26538872869685,37.55189396254646],[-122.25404497659599,37.55535373650854],[-122.25404497659599,37.564922368648574],[-122.26538872869685,37.56146228756136]]]}"
California,San Mateo,9263791407141748736,379.89829261353003,379.898,202512,deployment,"{""type"":""Polygon"",""coordinates"":[[[-122.26538872869685,37.57102936494745],[-122.26538872869685,37.56146228756136],[-122.25404497659599,37.564922368648574],[-122.25404497659599,37.57448975273378],[-122.26538872869685,37.57102936494745]]]}"
California,San Mateo,9263791441501487104,18.602793536082494,18.603,202512,deployment,"{""type"":""Polygon"",""coordinates"":[[[-122.25404497659599,37.57448975273378],[-122.25404497659599,37.564922368648574],[-122.24270001793133,37.568381410901324],[-122.24270001793133,37.577949101454074],[-122.25404497659599,37.57448975273378]]]}"
California,San Mateo,9263796183145381888,8645.332930282744,8645.333,202512,deployment,"{""type"":""Polygon"",""coordinates"":[[[-122.35609518371197,37.59111332200459],[-122.35609518371197,37.58155493542543],[-122.34476112175363,37.585024844711164],[-122.34476112175363,37.59458353771206],[-122.35609518371197,37.59111332200459]]]}"
California,San Mateo,9263796217505120256,2993.5723142586453,2993.572,202512,deployment,"{""type"":""Polygon"",""coordinates"":[[[-122.34476112175363,37.59458353771206],[-122.34476112175363,37.585024844711164],[-122.33342584487609,37.58849371866859],[-122.33342584487609,37.59805271785961],[-122.34476112175363,37.59458353771206]]]}"
California,San Mateo,9263796423663550464,4935.26848430581,4935.268,202512,deployment,"{""type"":""Polygon"",""coordinates"":[[[-122.33342584487609,37.58849371866859],[-122.33342584487609,37.578933471815574],[-122.32208935412102,37.58240100347599],[-122.32208935412102,37.591961556713706],[-122.33342584487609,37.58849371866859]]]}"
California,San Mateo,9263796492383027200,2413.844922887123,2413.845,202512,deployment,"{""type"":""Polygon"",""coordinates"":[[[-122.32208935412102,37.58240100347599],[-122.32208935412102,37.57283920266724],[-122.31075165053088,37.57630539148401],[-122.31075165053088,37.58586749887199],[-122.32208935412102,37.58240100347599]]]}"
California,San Mateo,9263796526742765568,4020.762097854286,4020.762,202512,deployment,"{""type"":""Polygon"",""coordinates"":[[[-122.33342584487609,37.578933471815574],[-122.33342584487609,37.56937197781777],[-122.32208935412102,37.57283920266724],[-122.32208935412102,37.58240100347599],[-122.33342584487609,37.578933471815574]]]}"
California,San Mateo,9263796561102503936,33596.18109993881,33596.181,202512,deployment,"{""type"":""Polygon"",""coordinates"":[[[-122.34476112175363,37.57546490447451],[-122.34476112175363,37.5659037175194],[-122.33342584487609,37.56937197781777],[-122.33342584487609,37.578933471815574],[-122.34476112175363,37.57546490447451]]]}"
California,San Mateo,9263796595462242304,7791.555840766747,7791.556,202512,deployment,"{""type"":""Polygon"",""coordinates"":[[[-122.34476112175363,37.585024844711164],[-122.34476112175363,37.57546490447451],[-122.33342584487609,37.578933471815574],[-122.33342584487609,37.58849371866859],[-122.34476112175363,37.585024844711164]]]}"
California,San Mateo,9263796629821980672,35667.83434635395,35667.834,202512,deployment,"{""type"":""Polygon"",""coordinates"":[[[-122.35609518371197,37.58155493542543],[-122.35609518371197,37.571995302036854],[-122.34476112175363,37.57546490447451],[-122.34476112175363,37.585024844711164],[-122.35609518371197,37.58155493542543]]]}"
California,San Mateo,9263796664181719040,3819.4886318894237,3819.489,202512,deployment,"{""type"":""Polygon"",""coordinates"":[[[-122.35609518371197,37.571995302036854],[-122.35609518371197,37.56243442235627],[-122.34476112175363,37.5659037175194],[-122.34476112175363,37.57546490447451],[-122.35609518371197,37.571995302036854]]]}"
California,San Mateo,9263796698541457408,811.6765189136102,811.677,202512,deployment,"{""type"":""Polygon"",""coordinates"":[[[-122.35609518371197,37.56243442235627],[-122.35609518371197,37.55287229690159],[-122.34476112175363,37.55634128436365],[-122.34476112175363,37.5659037175194],[-122.35609518371197,37.56243442235627]]]}"
California,San Mateo,9263796732901195776,1915.6916462451388,1915.692,202512,deployment,"{""type"":""Polygon"",""coordinates"":[[[-122.34476112175363,37.5659037175194],[-122.34476112175363,37.55634128436365],[-122.33342584487609,37.55980923719288],[-122.33342584487609,37.56937197781777],[-122.34476112175363,37.5659037175194]]]}"
California,San Mateo,9263796767260934144,1000.1410931653053,1000.141,202512,deployment,"{""type"":""Polygon"",""coordinates"":[[[-122.34476112175363,37.55634128436365],[-122.34476112175363,37.54677760552564],[-122.33342584487609,37.550245250459206],[-122.33342584487609,37.55980923719288],[-122.34476112175363,37.55634128436365]]]}"
California,San Mateo,9263796801620672512,486.5139679051699,486.514,202512,deployment,"{""type"":""Polygon"",""coordinates"":[[[-122.35609518371197,37.55287229690159],[-122.35609518371197,37.5433089261913],[-122.34476112175363,37.54677760552564],[-122.34476112175363,37.55634128436365],[-122.35609518371197,37.55287229690159]]]}"
California,San Mateo,9263796835980410880,874.6958409404148,874.696,202512,deployment,"{""type"":""Polygon"",""coordinates"":[[[-122.35609518371197,37.5433089261913],[-122.35609518371197,37.533744310744375],[-122.34476112175363,37.537212681524245],[-122.34476112175363,37.54677760552564],[-122.35609518371197,37.5433089261913]]]}"
California,San Mateo,9263796870340149248,1461.2551574570266,1461.255,202512,deployment,"{""type"":""Polygon"",""coordinates"":[[[-122.35609518371197,37.533744310744375],[-122.35609518371197,37.52417845108034],[-122.34476112175363,37.527646512878896],[-122.34476112175363,37.537212681524245],[-122.35609518371197,37.533744310744375]]]}"
California,San Mateo,9263796904699887616,1189.4044391058083,1189.404,202512,deployment,"{""type"":""Polygon"",""coordinates"":[[[-122.34476112175363,37.537212681524245],[-122.34476112175363,37.527646512878896],[-122.33342584487609,37.53111354074111],[-122.33342584487609,37.54068001813551],[-122.34476112175363,37.537212681524245]]]}"
California,San Mateo,9263796939059625984,287.4596538232093,287.46,202512,deployment,"{""type"":""Polygon"",""coordinates"":[[[-122.34476112175363,37.54677760552564],[-122.34476112175363,37.537212681524245],[-122.33342584487609,37.54068001813551],[-122.33342584487609,37.550245250459206],[-122.34476112175363,37.54677760552564]]]}"
California,San Mateo,9263796973419364352,603.2275171645358,603.228,202512,deployment,"{""type"":""Polygon"",""coordinates"":[[[-122.33342584487609,37.550245250459206],[-122.33342584487609,37.54068001813551],[-122.32208935412102,37.54414631999383],[-122.32208935412102,37.55371186040773],[-122.33342584487609,37.550245250459206]]]}"
California,San Mateo,9263797007779102720,445.1831924649254,445.183,202512,deployment,"{""type"":""Polygon"",""coordinates"":[[[-122.33342584487609,37.54068001813551],[-122.33342584487609,37.53111354074111],[-122.32208935412102,37.53457953408259],[-122.32208935412102,37.54414631999383],[-122.33342584487609,37.54068001813551]]]}"
California,San Mateo,9263797042138841088,754.076170728199,754.076,202512,deployment,"{""type"":""Polygon"",""coordinates"":[[[-122.32208935412102,37.54414631999383],[-122.32208935412102,37.53457953408259],[-122.31075165053088,37.538044492319216],[-122.31075165053088,37.54761158651517],[-122.32208935412102,37.54414631999383]]]}"
California,San Mateo,9263797076498579456,24360.766460091523,24360.766,202512,deployment,"{""type"":""Polygon"",""coordinates"":[[[-122.32208935412102,37.55371186040773],[-122.32208935412102,37.54414631999383],[-122.31075165053088,37.54761158651517],[-122.31075165053088,37.55717743478728],[-122.32208935412102,37.55371186040773]]]}"
California,San Mateo,9263797110858317824,18192.550373265414,18192.55,202512,deployment,"{""type"":""Polygon"",""coordinates"":[[[-122.32208935412102,37.5632761548051],[-122.32208935412102,37.55371186040773],[-122.31075165053088,37.55717743478728],[-122.31075165053088,37.56674203661642],[-122.32208935412102,37.5632761548051]]]}"
California,San Mateo,9263797145218056192,12144.976877862651,12144.977,202512,deployment,"{""type"":""Polygon"",""coordinates"":[[[-122.33342584487609,37.55980923719288],[-122.33342584487609,37.550245250459206],[-122.32208935412102,37.55371186040773],[-122.32208935412102,37.5632761548051],[-122.33342584487609,37.55980923719288]]]}"
California,San Mateo,9263797179577794560,30542.47201368295,30542.472,202512,deployment,"{""type"":""Polygon"",""coordinates"":[[[-122.33342584487609,37.56937197781777],[-122.33342584487609,37.55980923719288],[-122.32208935412102,37.5632761548051],[-122.32208935412102,37.57283920266724],[-122.33342584487609,37.56937197781777]]]}"
California,San Mateo,9263797213937532928,5521.324695411448,5521.325,202512,deployment,"{""type"":""Polygon"",""coordinates"":[[[-122.32208935412102,37.57283920266724],[-122.32208935412102,37.5632761548051],[-122.31075165053088,37.56674203661642],[-122.31075165053088,37.57630539148401],[-122.32208935412102,37.57283920266724]]]}"
California,San Mateo,9263797248297271296,2340.3161460664714,2340.316,202512,deployment,"{""type"":""Polygon"",""coordinates"":[[[-122.31075165053088,37.57630539148401],[-122.31075165053088,37.56674203661642],[-122.29941273514898,37.57020688204325],[-122.29941273514898,37.57977054368457],[-122.31075165053088,37.57630539148401]]]}"
California,San Mateo,9263797282657009664,3748.7322677375146,3748.732,202512,deployment,"{""type"":""Polygon"",""coordinates"":[[[-122.31075165053088,37.56674203661642],[-122.31075165053088,37.55717743478728],[-122.29941273514898,37.56064197301418],[-122.29941273514898,37.57020688204325],[-122.31075165053088,37.56674203661642]]]}"
California,San Mateo,9263797317016748032,1275.8066511344853,1275.807,202512,deployment,"{""type"":""Polygon"",""coordinates"":[[[-122.29941273514898,37.57020688204325],[-122.29941273514898,37.56064197301418],[-122.28807260901931,37.56410547450512],[-122.28807260901931,37.57367069050236],[-122.29941273514898,37.57020688204325]]]}"
California,San Mateo,9263797351376486400,375.6062044018737,375.606,202512,deployment,"{""type"":""Polygon"",""coordinates"":[[[-122.29941273514898,37.57977054368457],[-122.29941273514898,37.57020688204325],[-122.28807260901931,37.57367069050236],[-122.28807260901931,37.58323465868573],[-122.29941273514898,37.57977054368457]]]}"
California,San Mateo,9263797454455701504,207.99729683823134,207.997,202512,deployment,"{""type"":""Polygon"",""coordinates"":[[[-122.27673127318675,37.577133461410796],[-122.27673127318675,37.56756793867711],[-122.26538872869685,37.57102936494745],[-122.26538872869685,37.58059519418597],[-122.27673127318675,37.577133461410796]]]}"
California,San Mateo,9263797488815439872,1369.616863371826,1369.617,202512,deployment,"{""type"":""Polygon"",""coordinates"":[[[-122.28807260901931,37.57367069050236],[-122.28807260901931,37.56410547450512],[-122.27673127318675,37.56756793867711],[-122.27673127318675,37.577133461410796],[-122.28807260901931,37.57367069050236]]]}"
California,San Mateo,9263797523175178240,1665.6761997372591,1665.676,202512,deployment,"{""type"":""Polygon"",""coordinates"":[[[-122.28807260901931,37.56410547450512],[-122.28807260901931,37.554539011212405],[-122.27673127318675,37.558001168221836],[-122.27673127318675,37.56756793867711],[-122.28807260901931,37.56410547450512]]]}"
California,San Mateo,9263797557534916608,1416.8111809572401,1416.811,202512,deployment,"{""type"":""Polygon"",""coordinates"":[[[-122.27673127318675,37.56756793867711],[-122.27673127318675,37.558001168221836],[-122.26538872869685,37.56146228756136],[-122.26538872869685,37.57102936494745],[-122.27673127318675,37.56756793867711]]]}"
California,San Mateo,9263797591894654976,2567.099533641551,2567.1,202512,deployment,"{""type"":""Polygon"",""coordinates"":[[[-122.27673127318675,37.558001168221836],[-122.27673127318675,37.54843315056381],[-122.26538872869685,37.55189396254646],[-122.26538872869685,37.56146228756136],[-122.27673127318675,37.558001168221836]]]}"
California,San Mateo,9263797626254393344,6135.612048694745,6135.612,202512,deployment,"{""type"":""Polygon"",""coordinates"":[[[-122.28807260901931,37.554539011212405],[-122.28807260901931,37.54497130114313],[-122.27673127318675,37.54843315056381],[-122.27673127318675,37.558001168221836],[-122.28807260901931,37.554539011212405]]]}"
California,San Mateo,9263797660614131712,3508.2493568071077,3508.249,202512,deployment,"{""type"":""Polygon"",""coordinates"":[[[-122.29941273514898,37.55107581711582],[-122.29941273514898,37.54150841486722],[-122.28807260901931,37.54497130114313],[-122.28807260901931,37.554539011212405],[-122.29941273514898,37.55107581711582]]]}"
California,San Mateo,9263797694973870080,3982.089345852222,3982.089,202512,deployment,"{""type"":""Polygon"",""coordinates"":[[[-122.29941273514898,37.56064197301418],[-122.29941273514898,37.55107581711582],[-122.28807260901931,37.554539011212405],[-122.28807260901931,37.56410547450512],[-122.29941273514898,37.56064197301418]]]}"
California,San Mateo,9263797729333608448,7767.571137655337,7767.571,202512,deployment,"{""type"":""Polygon"",""coordinates"":[[[-122.31075165053088,37.55717743478728],[-122.31075165053088,37.54761158651517],[-122.29941273514898,37.55107581711582],[-122.29941273514898,37.56064197301418],[-122.31075165053088,37.55717743478728]]]}"
California,San Mateo,9263797763693346816,30008.051218205153,30008.051,202512,deployment,"{""type"":""Polygon"",""coordinates"":[[[-122.31075165053088,37.54761158651517],[-122.31075165053088,37.538044492319216],[-122.29941273514898,37.54150841486722],[-122.29941273514898,37.55107581711582],[-122.31075165053088,37.54761158651517]]]}"
California,San Mateo,9263797798053085184,10522.898701780565,10522.899,202512,deployment,"{""type"":""Polygon"",""coordinates"":[[[-122.31075165053088,37.538044492319216],[-122.31075165053088,37.52847615271908],[-122.29941273514898,37.53193976678791],[-122.29941273514898,37.54150841486722],[-122.31075165053088,37.538044492319216]]]}"
California,San Mateo,9263797832412823552,1692.2282876984727,1692.228,202512,deployment,"{""type"":""Polygon"",""coordinates"":[[[-122.31075165053088,37.52847615271908],[-122.31075165053088,37.518906568234925],[-122.29941273514898,37.52236987339798],[-122.29941273514898,37.53193976678791],[-122.31075165053088,37.52847615271908]]]}"
California,San Mateo,9263797866772561920,21182.366390066272,21182.366,202512,deployment,"{""type"":""Polygon"",""coordinates"":[[[-122.29941273514898,37.53193976678791],[-122.29941273514898,37.52236987339798],[-122.28807260901931,37.52583214275325],[-122.28807260901931,37.535402344816745],[-122.29941273514898,37.53193976678791]]]}"
California,San Mateo,9263797901132300288,27729.444628125166,27729.445,202512,deployment,"{""type"":""Polygon"",""coordinates"":[[[-122.29941273514898,37.54150841486722],[-122.29941273514898,37.53193976678791],[-122.28807260901931,37.535402344816745],[-122.28807260901931,37.54497130114313],[-122.29941273514898,37.54150841486722]]]}"
California,San Mateo,9263797935492038656,3459.9169545798823,3459.917,202512,deployment,"{""type"":""Polygon"",""coordinates"":[[[-122.28807260901931,37.54497130114313],[-122.28807260901931,37.535402344816745],[-122.27673127318675,37.538863886222394],[-122.27673127318675,37.54843315056381],[-122.28807260901931,37.54497130114313]]]}"
California,San Mateo,9263797969851777024,2683.196580494293,2683.197,202512,deployment,"{""type"":""Polygon"",""coordinates"":[[[-122.27673127318675,37.54843315056381],[-122.27673127318675,37.538863886222394],[-122.26538872869685,37.54232439042195],[-122.26538872869685,37.55189396254646],[-122.27673127318675,37.54843315056381]]]}"
California,San Mateo,9263798004211515392,1533.4177990599374,1533.418,202512,deployment,"{""type"":""Polygon"",""coordinates"":[[[-122.27673127318675,37.538863886222394],[-122.27673127318675,37.52929337571745],[-122.26538872869685,37.53275357170765],[-122.26538872869685,37.54232439042195],[-122.27673127318675,37.538863886222394]]]}"
California,San Mateo,9263798038571253760,16191.620487495657,16191.62,202512,deployment,"{""type"":""Polygon"",""coordinates"":[[[-122.28807260901931,37.535402344816745],[-122.28807260901931,37.52583214275325],[-122.27673127318675,37.52929337571745],[-122.27673127318675,37.538863886222394],[-122.28807260901931,37.535402344816745]]]}"
California,San Mateo,9263798072930992128,26405.84322194556,26405.843,202512,deployment,"{""type"":""Polygon"",""coordinates"":[[[-122.28807260901931,37.52583214275325],[-122.28807260901931,37.516260695473136],[-122.27673127318675,37.51972161956942],[-122.27673127318675,37.52929337571745],[-122.28807260901931,37.52583214275325]]]}"
California,San Mateo,9263798107290730496,8676.459841432272,8676.46,202512,deployment,"{""type"":""Polygon"",""coordinates"":[[[-122.27673127318675,37.52929337571745],[-122.27673127318675,37.51972161956942],[-122.26538872869685,37.52318150692386],[-122.26538872869685,37.53275357170765],[-122.27673127318675,37.52929337571745]]]}"
California,San Mateo,9263798141650468864,31288.717801512776,31288.718,202512,deployment,"{""type"":""Polygon"",""coordinates"":[[[-122.27673127318675,37.51972161956942],[-122.27673127318675,37.510148618299226],[-122.26538872869685,37.513608196591434],[-122.26538872869685,37.52318150692386],[-122.27673127318675,37.51972161956942]]]}"
California,San Mateo,9263798176010207232,3487.9235623232425,3487.924,202512,deployment,"{""type"":""Polygon"",""coordinates"":[[[-122.28807260901931,37.516260695473136],[-122.28807260901931,37.506688003497466],[-122.27673127318675,37.510148618299226],[-122.27673127318675,37.51972161956942],[-122.28807260901931,37.516260695473136]]]}"
California,San Mateo,9263798210369945600,6877.638980633122,6877.639,202512,deployment,"{""type"":""Polygon"",""coordinates"":[[[-122.29941273514898,37.51279873521805],[-122.29941273514898,37.503226352769246],[-122.28807260901931,37.506688003497466],[-122.28807260901931,37.516260695473136],[-122.29941273514898,37.51279873521805]]]}"
California,San Mateo,9263798244729683968,3128.0066624189403,3128.007,202512,deployment,"{""type"":""Polygon"",""coordinates"":[[[-122.29941273514898,37.52236987339798],[-122.29941273514898,37.51279873521805],[-122.28807260901931,37.516260695473136],[-122.28807260901931,37.52583214275325],[-122.29941273514898,37.52236987339798]]]}"
California,San Mateo,9263798279089422336,2351.9644622122278,2351.964,202512,deployment,"{""type"":""Polygon"",""coordinates"":[[[-122.31075165053088,37.518906568234925],[-122.31075165053088,37.50933573938748],[-122.29941273514898,37.51279873521805],[-122.29941273514898,37.52236987339798],[-122.31075165053088,37.518906568234925]]]}"
California,San Mateo,9263798313449160704,3129.355446585101,3129.355,202512,deployment,"{""type"":""Polygon"",""coordinates"":[[[-122.31075165053088,37.50933573938748],[-122.31075165053088,37.499763666697994],[-122.29941273514898,37.503226352769246],[-122.29941273514898,37.51279873521805],[-122.31075165053088,37.50933573938748]]]}"
California,San Mateo,9263798382168637440,992.674258519129,992.674,202512,deployment,"{""type"":""Polygon"",""coordinates"":[[[-122.33342584487609,37.50240664333495],[-122.33342584487609,37.492835190861605],[-122.32208935412102,37.49629994586743],[-122.32208935412102,37.505871708565124],[-122.33342584487609,37.50240664333495]]]}"
California,San Mateo,9263798416528375808,1492.7177253663021,1492.718,202512,deployment,"{""type"":""Polygon"",""coordinates"":[[[-122.33342584487609,37.5119768528202],[-122.33342584487609,37.50240664333495],[-122.32208935412102,37.505871708565124],[-122.32208935412102,37.51544222784769],[-122.33342584487609,37.5119768528202]]]}"
California,San Mateo,9263798450888114176,2814.90872874798,2814.909,202512,deployment,"{""type"":""Polygon"",""coordinates"":[[[-122.32208935412102,37.51544222784769],[-122.32208935412102,37.505871708565124],[-122.31075165053088,37.50933573938748],[-122.31075165053088,37.518906568234925],[-122.32208935412102,37.51544222784769]]]}"
California,San Mateo,9263798519607590912,804.835611531397,804.836,202512,deployment,"{""type"":""Polygon"",""coordinates"":[[[-122.32208935412102,37.53457953408259],[-122.32208935412102,37.52501150319379],[-122.31075165053088,37.52847615271908],[-122.31075165053088,37.538044492319216],[-122.32208935412102,37.53457953408259]]]}"
California,San Mateo,9263798553967329280,822.5942403359829,822.594,202512,deployment,"{""type"":""Polygon"",""coordinates"":[[[-122.33342584487609,37.53111354074111],[-122.33342584487609,37.521545818795886],[-122.32208935412102,37.52501150319379],[-122.32208935412102,37.53457953408259],[-122.33342584487609,37.53111354074111]]]}"
California,San Mateo,9263798588327067648,876.4535081873937,876.454,202512,deployment,"{""type"":""Polygon"",""coordinates"":[[[-122.33342584487609,37.521545818795886],[-122.33342584487609,37.5119768528202],[-122.32208935412102,37.51544222784769],[-122.32208935412102,37.52501150319379],[-122.33342584487609,37.521545818795886]]]}"
California,San Mateo,9263798622686806016,1445.7248034039133,1445.725,202512,deployment,"{""type"":""Polygon"",""coordinates"":[[[-122.34476112175363,37.518079100109546],[-122.34476112175363,37.50851044373666],[-122.33342584487609,37.5119768528202],[-122.33342584487609,37.521545818795886],[-122.34476112175363,37.518079100109546]]]}"
California,San Mateo,9263798657046544384,1706.50566162127,1706.506,202512,deployment,"{""type"":""Polygon"",""coordinates"":[[[-122.34476112175363,37.527646512878896],[-122.34476112175363,37.518079100109546],[-122.33342584487609,37.521545818795886],[-122.33342584487609,37.53111354074111],[-122.34476112175363,37.527646512878896]]]}"
California,San Mateo,9263798691406282752,2120.9532193915206,2120.953,202512,deployment,"{""type"":""Polygon"",""coordinates"":[[[-122.35609518371197,37.52417845108034],[-122.35609518371197,37.51461134771923],[-122.34476112175363,37.518079100109546],[-122.34476112175363,37.527646512878896],[-122.35609518371197,37.52417845108034]]]}"
California,San Mateo,9263799035003666432,18.5646781291133,18.565,202512,deployment,"{""type"":""Polygon"",""coordinates"":[[[-122.33342584487609,37.492835190861605],[-122.33342584487609,37.48326249592213],[-122.32208935412102,37.48672694027647],[-122.32208935412102,37.49629994586743],[-122.33342584487609,37.492835190861605]]]}"
California,San Mateo,9263799069363404800,527.8324002253894,527.832,202512,deployment,"{""type"":""Polygon"",""coordinates"":[[[-122.32208935412102,37.49629994586743],[-122.32208935412102,37.48672694027647],[-122.31075165053088,37.49019035068823],[-122.31075165053088,37.499763666697994],[-122.32208935412102,37.49629994586743]]]}"
California,San Mateo,9263799206802358272,7.163856310902112,7.164,202512,deployment,"{""type"":""Polygon"",""coordinates"":[[[-122.32208935412102,37.47715269231466],[-122.32208935412102,37.46757720250495],[-122.31075165053088,37.47103999079763],[-122.31075165053088,37.48061579188049],[-122.32208935412102,37.47715269231466]]]}"
California,San Mateo,9263800031436079104,1149.1883382538153,1149.188,202512,deployment,"{""type"":""Polygon"",""coordinates"":[[[-122.29941273514898,37.46492439072699],[-122.29941273514898,37.455345794769684],[-122.28807260901931,37.45880589145952],[-122.28807260901931,37.468384799078706],[-122.29941273514898,37.46492439072699]]]}"
California,San Mateo,9263800271954247680,476.3397488647502,476.34,202512,deployment,"{""type"":""Polygon"",""coordinates"":[[[-122.28807260901931,37.449225742282216],[-122.28807260901931,37.43964435207155],[-122.27673127318675,37.44310278985872],[-122.27673127318675,37.45268449235284],[-122.28807260901931,37.449225742282216]]]}"
California,San Mateo,9263800340673724416,507.469331661101,507.469,202512,deployment,"{""type"":""Polygon"",""coordinates"":[[[-122.27673127318675,37.44310278985872],[-122.27673127318675,37.43351984642917],[-122.26538872869685,37.43697693685814],[-122.26538872869685,37.446560192765375],[-122.27673127318675,37.44310278985872]]]}"
California,San Mateo,9263800375033462784,870.4547818213631,870.455,202512,deployment,"{""type"":""Polygon"",""coordinates"":[[[-122.27673127318675,37.45268449235284],[-122.27673127318675,37.44310278985872],[-122.26538872869685,37.446560192765375],[-122.26538872869685,37.45614220730989],[-122.27673127318675,37.45268449235284]]]}"
California,San Mateo,9263800409393201152,177.97589900906138,177.976,202512,deployment,"{""type"":""Polygon"",""coordinates"":[[[-122.27673127318675,37.4622649533863],[-122.27673127318675,37.45268449235284],[-122.26538872869685,37.45614220730989],[-122.26538872869685,37.465722979966586],[-122.27673127318675,37.4622649533863]]]}"
California,San Mateo,9263800512472416256,152.52770879514682,152.528,202512,deployment,"{""type"":""Polygon"",""coordinates"":[[[-122.27673127318675,37.47184417243446],[-122.27673127318675,37.4622649533863],[-122.26538872869685,37.465722979966586],[-122.26538872869685,37.47530251021089],[-122.27673127318675,37.47184417243446]]]}"
California,San Mateo,9263800546832154624,354.436722036739,354.437,202512,deployment,"{""type"":""Polygon"",""coordinates"":[[[-122.27673127318675,37.48142214897317],[-122.27673127318675,37.47184417243446],[-122.26538872869685,37.47530251021089],[-122.26538872869685,37.48488079751877],[-122.27673127318675,37.48142214897317]]]}"
California,San Mateo,9263800581191892992,791.4809576837536,791.481,202512,deployment,"{""type"":""Polygon"",""coordinates"":[[[-122.27673127318675,37.490998882478834],[-122.27673127318675,37.48142214897317],[-122.26538872869685,37.48488079751877],[-122.26538872869685,37.49445784136672],[-122.27673127318675,37.490998882478834]]]}"
California,San Mateo,9263800615551631360,625.5603723822741,625.56,202512,deployment,"{""type"":""Polygon"",""coordinates"":[[[-122.28807260901931,37.487538887546286],[-122.28807260901931,37.47796246461553],[-122.27673127318675,37.48142214897317],[-122.27673127318675,37.490998882478834],[-122.28807260901931,37.487538887546286]]]}"
California,San Mateo,9263800649911369728,502.5659484170778,502.566,202512,deployment,"{""type"":""Polygon"",""coordinates"":[[[-122.28807260901931,37.47796246461553],[-122.28807260901931,37.468384799078706],[-122.27673127318675,37.47184417243446],[-122.27673127318675,37.48142214897317],[-122.28807260901931,37.47796246461553]]]}"
California,San Mateo,9263800684271108096,1154.110280286605,1154.11,202512,deployment,"{""type"":""Polygon"",""coordinates"":[[[-122.29941273514898,37.474501745029144],[-122.29941273514898,37.46492439072699],[-122.28807260901931,37.468384799078706],[-122.28807260901931,37.47796246461553],[-122.29941273514898,37.474501745029144]]]}"
California,San Mateo,9263800718630846464,28.603664137674514,28.604,202512,deployment,"{""type"":""Polygon"",""coordinates"":[[[-122.31075165053088,37.47103999079763],[-122.31075165053088,37.461462947963014],[-122.29941273514898,37.46492439072699],[-122.29941273514898,37.474501745029144],[-122.31075165053088,37.47103999079763]]]}"
California,San Mateo,9263800752990584832,284.07029799913863,284.07,202512,deployment,"{""type"":""Polygon"",""coordinates"":[[[-122.31075165053088,37.48061579188049],[-122.31075165053088,37.47103999079763],[-122.29941273514898,37.474501745029144],[-122.29941273514898,37.48407785715233],[-122.31075165053088,37.48061579188049]]]}"
California,San Mateo,9263800787350323200,879.7649758212604,879.765,202512,deployment,"{""type"":""Polygon"",""coordinates"":[[[-122.29941273514898,37.48407785715233],[-122.29941273514898,37.474501745029144],[-122.28807260901931,37.47796246461553],[-122.28807260901931,37.487538887546286],[-122.29941273514898,37.48407785715233]]]}"
California,San Mateo,9263800924789276672,1048.4840665165157,1048.484,202512,deployment,"{""type"":""Polygon"",""coordinates"":[[[-122.29941273514898,37.503226352769246],[-122.29941273514898,37.49365272657327],[-122.28807260901931,37.497114067347816],[-122.28807260901931,37.506688003497466],[-122.29941273514898,37.503226352769246]]]}"
California,San Mateo,9263800959149015040,2174.566494524678,2174.566,202512,deployment,"{""type"":""Polygon"",""coordinates"":[[[-122.28807260901931,37.506688003497466],[-122.28807260901931,37.497114067347816],[-122.27673127318675,37.50057437242837],[-122.27673127318675,37.510148618299226],[-122.28807260901931,37.506688003497466]]]}"
California,San Mateo,9263800993508753408,175.33273585485495,175.333,202512,deployment,"{""type"":""Polygon"",""coordinates"":[[[-122.28807260901931,37.497114067347816],[-122.28807260901931,37.487538887546286],[-122.27673127318675,37.490998882478834],[-122.27673127318675,37.50057437242837],[-122.28807260901931,37.497114067347816]]]}"
California,San Mateo,9263801027868491776,1945.9212254738902,1945.921,202512,deployment,"{""type"":""Polygon"",""coordinates"":[[[-122.27673127318675,37.50057437242837],[-122.27673127318675,37.490998882478834],[-122.26538872869685,37.49445784136672],[-122.26538872869685,37.50403364123175],[-122.27673127318675,37.50057437242837]]]}"
California,San Mateo,9263801062228230144,9539.66938471443,9539.669,202512,deployment,"{""type"":""Polygon"",""coordinates"":[[[-122.27673127318675,37.510148618299226],[-122.27673127318675,37.50057437242837],[-122.26538872869685,37.50403364123175],[-122.26538872869685,37.513608196591434],[-122.27673127318675,37.510148618299226]]]}"
California,San Mateo,9263801096587968512,26606.754988299603,26606.755,202512,deployment,"{""type"":""Polygon"",""coordinates"":[[[-122.26538872869685,37.513608196591434],[-122.26538872869685,37.50403364123175],[-122.25404497659599,37.50749187317513],[-122.25404497659599,37.5170667377913],[-122.26538872869685,37.513608196591434]]]}"
California,San Mateo,9263801130947706880,1387.5959930007218,1387.596,202512,deployment,"{""type"":""Polygon"",""coordinates"":[[[-122.25404497659599,37.5170667377913],[-122.25404497659599,37.50749187317513],[-122.24270001793133,37.510949067675966],[-122.24270001793133,37.52052424131639],[-122.25404497659599,37.5170667377913]]]}"
California,San Mateo,9263801165307445248,17173.901107675647,17173.901,202512,deployment,"{""type"":""Polygon"",""coordinates"":[[[-122.25404497659599,37.50749187317513],[-122.25404497659599,37.49791576362701],[-122.24270001793133,37.501372648677155],[-122.24270001793133,37.510949067675966],[-122.25404497659599,37.50749187317513]]]}"
California,San Mateo,9263801199667183616,19112.264504975872,19112.265,202512,deployment,"{""type"":""Polygon"",""coordinates"":[[[-122.26538872869685,37.50403364123175],[-122.26538872869685,37.49445784136672],[-122.25404497659599,37.49791576362701],[-122.25404497659599,37.50749187317513],[-122.26538872869685,37.50403364123175]]]}"
California,San Mateo,9263801234026921984,1580.681657618735,1580.682,202512,deployment,"{""type"":""Polygon"",""coordinates"":[[[-122.26538872869685,37.49445784136672],[-122.26538872869685,37.48488079751877],[-122.25404497659599,37.488338409669325],[-122.25404497659599,37.49791576362701],[-122.26538872869685,37.49445784136672]]]}"
California,San Mateo,9263801268386660352,1490.007787039112,1490.008,202512,deployment,"{""type"":""Polygon"",""coordinates"":[[[-122.26538872869685,37.48488079751877],[-122.26538872869685,37.47530251021089],[-122.25404497659599,37.478759811824936],[-122.25404497659599,37.488338409669325],[-122.26538872869685,37.48488079751877]]]}"
California,San Mateo,9263801302746398720,2434.2686634650063,2434.269,202512,deployment,"{""type"":""Polygon"",""coordinates"":[[[-122.25404497659599,37.488338409669325],[-122.25404497659599,37.478759811824936],[-122.24270001793133,37.482216076693874],[-122.24270001793133,37.4917949848422],[-122.25404497659599,37.488338409669325]]]}"
California,San Mateo,9263801337106137088,32644.49418696181,32644.494,202512,deployment,"{""type"":""Polygon"",""coordinates"":[[[-122.25404497659599,37.49791576362701],[-122.25404497659599,37.488338409669325],[-122.24270001793133,37.4917949848422],[-122.24270001793133,37.501372648677155],[-122.25404497659599,37.49791576362701]]]}"
California,San Mateo,9263801371465875456,6768.393237090193,6768.393,202512,deployment,"{""type"":""Polygon"",""coordinates"":[[[-122.24270001793133,37.501372648677155],[-122.24270001793133,37.4917949848422],[-122.23135385375079,37.49525052245503],[-122.23135385375079,37.504828495934845],[-122.24270001793133,37.501372648677155]]]}"
California,San Mateo,9263801405825613824,34458.69906624572,34458.699,202512,deployment,"{""type"":""Polygon"",""coordinates"":[[[-122.24270001793133,37.4917949848422],[-122.24270001793133,37.482216076693874],[-122.23135385375079,37.48567130423528],[-122.23135385375079,37.49525052245503],[-122.24270001793133,37.4917949848422]]]}"
California,San Mateo,9263801440185352192,3861.8524419331075,3861.852,202512,deployment,"{""type"":""Polygon"",""coordinates"":[[[-122.23135385375079,37.49525052245503],[-122.23135385375079,37.48567130423528],[-122.22000648510307,37.48912549386707],[-122.22000648510307,37.498705021925794],[-122.23135385375079,37.49525052245503]]]}"
California,San Mateo,9263801474545090560,364.9188602899181,364.919,202512,deployment,"{""type"":""Polygon"",""coordinates"":[[[-122.23135385375079,37.504828495934845],[-122.23135385375079,37.49525052245503],[-122.22000648510307,37.498705021925794],[-122.22000648510307,37.508283304818136],[-122.23135385375079,37.504828495934845]]]}"
California,San Mateo,9263802161739857920,861.6776853739539,861.678,202512,deployment,"{""type"":""Polygon"",""coordinates"":[[[-122.22000648510307,37.498705021925794],[-122.22000648510307,37.48912549386707],[-122.20865791303765,37.49257864500747],[-122.20865791303765,37.50215848267279],[-122.22000648510307,37.498705021925794]]]}"
California,San Mateo,9263802196099596288,2856.4163603472175,2856.416,202512,deployment,"{""type"":""Polygon"",""coordinates"":[[[-122.22000648510307,37.48912549386707],[-122.22000648510307,37.47954472116509],[-122.20865791303765,37.48299756227245],[-122.20865791303765,37.49257864500747],[-122.22000648510307,37.48912549386707]]]}"
California,San Mateo,9263802230459334656,19783.775932854493,19783.776,202512,deployment,"{""type"":""Polygon"",""coordinates"":[[[-122.22000648510307,37.47954472116509],[-122.22000648510307,37.46996270434349],[-122.20865791303765,37.47341523499128],[-122.20865791303765,37.48299756227245],[-122.22000648510307,37.47954472116509]]]}"
California,San Mateo,9263802264819073024,1651.5037846760185,1651.504,202512,deployment,"{""type"":""Polygon"",""coordinates"":[[[-122.20865791303765,37.48299756227245],[-122.20865791303765,37.47341523499128],[-122.19730813860478,37.476866727031165],[-122.19730813860478,37.48644936453939],[-122.20865791303765,37.48299756227245]]]}"
California,San Mateo,9263802299178811392,2575.0702999171053,2575.07,202512,deployment,"{""type"":""Polygon"",""coordinates"":[[[-122.20865791303765,37.49257864500747],[-122.20865791303765,37.48299756227245],[-122.19730813860478,37.48644936453939],[-122.19730813860478,37.49603075707503],[-122.20865791303765,37.49257864500747]]]}"
California,San Mateo,9263802402258026496,2884.4498580779787,2884.45,202512,deployment,"{""type"":""Polygon"",""coordinates"":[[[-122.18595716285552,37.489900127384715],[-122.18595716285552,37.4803171798819],[-122.17460498684162,37.483766592962525],[-122.17460498684162,37.493349850227546],[-122.18595716285552,37.489900127384715]]]}"
California,San Mateo,9263802436617764864,3035.0975623620507,3035.098,202512,deployment,"{""type"":""Polygon"",""coordinates"":[[[-122.19730813860478,37.48644936453939],[-122.19730813860478,37.476866727031165],[-122.18595716285552,37.4803171798819],[-122.18595716285552,37.489900127384715],[-122.19730813860478,37.48644936453939]]]}"
California,San Mateo,9263802470977503232,6125.444147909301,6125.444,202512,deployment,"{""type"":""Polygon"",""coordinates"":[[[-122.19730813860478,37.476866727031165],[-122.19730813860478,37.46728284507434],[-122.18595716285552,37.470732987504064],[-122.18595716285552,37.4803171798819],[-122.19730813860478,37.476866727031165]]]}"
California,San Mateo,9263802505337241600,4686.04185500463,4686.042,202512,deployment,"{""type"":""Polygon"",""coordinates"":[[[-122.18595716285552,37.4803171798819],[-122.18595716285552,37.470732987504064],[-122.17460498684162,37.47418209039618],[-122.17460498684162,37.483766592962525],[-122.18595716285552,37.4803171798819]]]}"
California,San Mateo,9263802539696979968,1793.3337553910148,1793.334,202512,deployment,"{""type"":""Polygon"",""coordinates"":[[[-122.18595716285552,37.470732987504064],[-122.18595716285552,37.46114755077561],[-122.17460498684162,37.464596343052804],[-122.17460498684162,37.47418209039618],[-122.18595716285552,37.470732987504064]]]}"
California,San Mateo,9263802574056718336,15976.113821344203,15976.114,202512,deployment,"{""type"":""Polygon"",""coordinates"":[[[-122.19730813860478,37.46728284507434],[-122.19730813860478,37.45769771919341],[-122.18595716285552,37.46114755077561],[-122.18595716285552,37.470732987504064],[-122.19730813860478,37.46728284507434]]]}"
California,San Mateo,9263802608416456704,28067.969746749102,28067.97,202512,deployment,"{""type"":""Polygon"",""coordinates"":[[[-122.20865791303765,37.46383166368802],[-122.20865791303765,37.45424684888729],[-122.19730813860478,37.45769771919341],[-122.19730813860478,37.46728284507434],[-122.20865791303765,37.46383166368802]]]}"
California,San Mateo,9263802642776195072,16264.909795752967,16264.91,202512,deployment,"{""type"":""Polygon"",""coordinates"":[[[-122.20865791303765,37.47341523499128],[-122.20865791303765,37.46383166368802],[-122.19730813860478,37.46728284507434],[-122.19730813860478,37.476866727031165],[-122.20865791303765,37.47341523499128]]]}"
California,San Mateo,9263802677135933440,25918.277609185774,25918.278,202512,deployment,"{""type"":""Polygon"",""coordinates"":[[[-122.22000648510307,37.46996270434349],[-122.22000648510307,37.46037944392643],[-122.20865791303765,37.46383166368802],[-122.20865791303765,37.47341523499128],[-122.22000648510307,37.46996270434349]]]}"
California,San Mateo,9263802711495671808,765.8903672262952,765.89,202512,deployment,"{""type"":""Polygon"",""coordinates"":[[[-122.22000648510307,37.46037944392643],[-122.22000648510307,37.45079494043864],[-122.20865791303765,37.45424684888729],[-122.20865791303765,37.46383166368802],[-122.22000648510307,37.46037944392643]]]}"
California,San Mateo,9263802745855410176,1252.7271916098382,1252.727,202512,deployment,"{""type"":""Polygon"",""coordinates"":[[[-122.23135385375079,37.456926186371234],[-122.23135385375079,37.4473419944292],[-122.22000648510307,37.45079494043864],[-122.22000648510307,37.46037944392643],[-122.23135385375079,37.456926186371234]]]}"
California,San Mateo,9263802780215148544,845.8463035760097,845.846,202512,deployment,"{""type"":""Polygon"",""coordinates"":[[[-122.24270001793133,37.453471891604416],[-122.24270001793133,37.443888011441004],[-122.23135385375079,37.4473419944292],[-122.23135385375079,37.456926186371234],[-122.24270001793133,37.453471891604416]]]}"
California,San Mateo,9263802814574886912,1106.4539816866015,1106.454,202512,deployment,"{""type"":""Polygon"",""coordinates"":[[[-122.24270001793133,37.463054529550874],[-122.24270001793133,37.453471891604416],[-122.23135385375079,37.456926186371234],[-122.23135385375079,37.46650913566938],[-122.24270001793133,37.463054529550874]]]}"
California,San Mateo,9263802848934625280,1272.8607713962408,1272.861,202512,deployment,"{""type"":""Polygon"",""coordinates"":[[[-122.23135385375079,37.46650913566938],[-122.23135385375079,37.456926186371234],[-122.22000648510307,37.46037944392643],[-122.22000648510307,37.46996270434349],[-122.23135385375079,37.46650913566938]]]}"
California,San Mateo,9263802883294363648,21519.385161395046,21519.385,202512,deployment,"{""type"":""Polygon"",""coordinates"":[[[-122.23135385375079,37.476090841798815],[-122.23135385375079,37.46650913566938],[-122.22000648510307,37.46996270434349],[-122.22000648510307,37.47954472116509],[-122.23135385375079,37.476090841798815]]]}"
California,San Mateo,9263802917654102016,28823.73146654492,28823.731,202512,deployment,"{""type"":""Polygon"",""coordinates"":[[[-122.23135385375079,37.48567130423528],[-122.23135385375079,37.476090841798815],[-122.22000648510307,37.47954472116509],[-122.22000648510307,37.48912549386707],[-122.23135385375079,37.48567130423528]]]}"
California,San Mateo,9263802952013840384,11909.797679321631,11909.798,202512,deployment,"{""type"":""Polygon"",""coordinates"":[[[-122.24270001793133,37.482216076693874],[-122.24270001793133,37.47263592475548],[-122.23135385375079,37.476090841798815],[-122.23135385375079,37.48567130423528],[-122.24270001793133,37.482216076693874]]]}"
California,San Mateo,9263802986373578752,2695.080927063319,2695.081,202512,deployment,"{""type"":""Polygon"",""coordinates"":[[[-122.24270001793133,37.47263592475548],[-122.24270001793133,37.463054529550874],[-122.23135385375079,37.46650913566938],[-122.23135385375079,37.476090841798815],[-122.24270001793133,37.47263592475548]]]}"
California,San Mateo,9263803020733317120,2923.858818263934,2923.859,202512,deployment,"{""type"":""Polygon"",""coordinates"":[[[-122.25404497659599,37.46917997061725],[-122.25404497659599,37.4595988865702],[-122.24270001793133,37.463054529550874],[-122.24270001793133,37.47263592475548],[-122.25404497659599,37.46917997061725]]]}"
California,San Mateo,9263803055093055488,1956.0591333561626,1956.059,202512,deployment,"{""type"":""Polygon"",""coordinates"":[[[-122.25404497659599,37.478759811824936],[-122.25404497659599,37.46917997061725],[-122.24270001793133,37.47263592475548],[-122.24270001793133,37.482216076693874],[-122.25404497659599,37.478759811824936]]]}"
California,San Mateo,9263803089452793856,654.783133322358,654.783,202512,deployment,"{""type"":""Polygon"",""coordinates"":[[[-122.26538872869685,37.47530251021089],[-122.26538872869685,37.465722979966586],[-122.25404497659599,37.46917997061725],[-122.25404497659599,37.478759811824936],[-122.26538872869685,37.47530251021089]]]}"
California,San Mateo,9263803123812532224,496.68345596671264,496.683,202512,deployment,"{""type"":""Polygon"",""coordinates"":[[[-122.26538872869685,37.465722979966586],[-122.26538872869685,37.45614220730989],[-122.25404497659599,37.4595988865702],[-122.25404497659599,37.46917997061725],[-122.26538872869685,37.465722979966586]]]}"
California,San Mateo,9263803158172270592,370.4667880002655,370.467,202512,deployment,"{""type"":""Polygon"",""coordinates"":[[[-122.26538872869685,37.45614220730989],[-122.26538872869685,37.446560192765375],[-122.25404497659599,37.45001656020825],[-122.25404497659599,37.4595988865702],[-122.26538872869685,37.45614220730989]]]}"
California,San Mateo,9263803192532008960,1135.4169927463763,1135.417,202512,deployment,"{""type"":""Polygon"",""coordinates"":[[[-122.25404497659599,37.4595988865702],[-122.25404497659599,37.45001656020825],[-122.24270001793133,37.453471891604416],[-122.24270001793133,37.463054529550874],[-122.25404497659599,37.4595988865702]]]}"
California,San Mateo,9263803226891747328,438.5732347007876,438.573,202512,deployment,"{""type"":""Polygon"",""coordinates"":[[[-122.25404497659599,37.45001656020825],[-122.25404497659599,37.44043299205642],[-122.24270001793133,37.443888011441004],[-122.24270001793133,37.453471891604416],[-122.25404497659599,37.45001656020825]]]}"
California,San Mateo,9263803261251485696,1176.2788219006388,1176.279,202512,deployment,"{""type"":""Polygon"",""coordinates"":[[[-122.26538872869685,37.446560192765375],[-122.26538872869685,37.43697693685814],[-122.25404497659599,37.44043299205642],[-122.25404497659599,37.45001656020825],[-122.26538872869685,37.446560192765375]]]}"
California,San Mateo,9263803639208607744,431.7359127575558,431.736,202512,deployment,"{""type"":""Polygon"",""coordinates"":[[[-122.23135385375079,37.41858196799576],[-122.23135385375079,37.40899281073686],[-122.22000648510307,37.412444506292914],[-122.22000648510307,37.42203397680592],[-122.23135385375079,37.41858196799576]]]}"
California,San Mateo,9263803776647561216,292.41720336126343,292.417,202512,deployment,"{""type"":""Polygon"",""coordinates"":[[[-122.24270001793133,37.443888011441004],[-122.24270001793133,37.43430288958609],[-122.23135385375079,37.43775656036861],[-122.23135385375079,37.4473419944292],[-122.24270001793133,37.443888011441004]]]}"
California,San Mateo,9263803811007299584,1326.4398060616804,1326.44,202512,deployment,"{""type"":""Polygon"",""coordinates"":[[[-122.23135385375079,37.4473419944292],[-122.23135385375079,37.43775656036861],[-122.22000648510307,37.44120919440537],[-122.22000648510307,37.45079494043864],[-122.23135385375079,37.4473419944292]]]}"
California,San Mateo,9263803845367037952,1247.2733529078616,1247.273,202512,deployment,"{""type"":""Polygon"",""coordinates"":[[[-122.22000648510307,37.45079494043864],[-122.22000648510307,37.44120919440537],[-122.20865791303765,37.44466079111424],[-122.20865791303765,37.45424684888729],[-122.22000648510307,37.45079494043864]]]}"
California,San Mateo,9263803879726776320,1581.0060742286837,1581.006,202512,deployment,"{""type"":""Polygon"",""coordinates"":[[[-122.22000648510307,37.44120919440537],[-122.22000648510307,37.43162220635235],[-122.20865791303765,37.435073490894524],[-122.20865791303765,37.44466079111424],[-122.22000648510307,37.44120919440537]]]}"
California,San Mateo,9263803914086514688,1588.5696050843708,1588.57,202512,deployment,"{""type"":""Polygon"",""coordinates"":[[[-122.20865791303765,37.44466079111424],[-122.20865791303765,37.435073490894524],[-122.19730813860478,37.438523737759986],[-122.19730813860478,37.44811134991344],[-122.20865791303765,37.44466079111424]]]}"
California,San Mateo,9263803982805991424,26930.55554449089,26930.556,202512,deployment,"{""type"":""Polygon"",""coordinates"":[[[-122.19730813860478,37.45769771919341],[-122.19730813860478,37.44811134991344],[-122.18595716285552,37.4515608702215],[-122.18595716285552,37.46114755077561],[-122.19730813860478,37.45769771919341]]]}"
California,San Mateo,9263804017165729792,18712.247344509648,18712.247,202512,deployment,"{""type"":""Polygon"",""coordinates"":[[[-122.18595716285552,37.46114755077561],[-122.18595716285552,37.4515608702215],[-122.17460498684162,37.45500935145727],[-122.17460498684162,37.464596343052804],[-122.18595716285552,37.46114755077561]]]}"
California,San Mateo,9263804051525468160,27790.755053754314,27790.755,202512,deployment,"{""type"":""Polygon"",""coordinates"":[[[-122.18595716285552,37.4515608702215],[-122.18595716285552,37.4419729463672],[-122.17460498684162,37.445421116134945],[-122.17460498684162,37.45500935145727],[-122.18595716285552,37.4515608702215]]]}"
California,San Mateo,9263804085885206528,1608.2859242736213,1608.286,202512,deployment,"{""type"":""Polygon"",""coordinates"":[[[-122.19730813860478,37.44811134991344],[-122.19730813860478,37.438523737759986],[-122.18595716285552,37.4419729463672],[-122.18595716285552,37.4515608702215],[-122.19730813860478,37.44811134991344]]]}"
California,San Mateo,9263804120244944896,1282.7841357632528,1282.784,202512,deployment,"{""type"":""Polygon"",""coordinates"":[[[-122.19730813860478,37.438523737759986],[-122.19730813860478,37.428934883259174],[-122.18595716285552,37.43238377973873],[-122.18595716285552,37.4419729463672],[-122.19730813860478,37.438523737759986]]]}"
California,San Mateo,9263804154604683264,447.4863476878968,447.486,202512,deployment,"{""type"":""Polygon"",""coordinates"":[[[-122.18595716285552,37.4419729463672],[-122.18595716285552,37.43238377973873],[-122.17460498684162,37.43583163761174],[-122.17460498684162,37.445421116134945],[-122.18595716285552,37.4419729463672]]]}"
California,San Mateo,9263804223324160000,3393.654097840544,3393.654,202512,deployment,"{""type"":""Polygon"",""coordinates"":[[[-122.19730813860478,37.428934883259174],[-122.19730813860478,37.41934478693763],[-122.18595716285552,37.422793370862614],[-122.18595716285552,37.43238377973873],[-122.19730813860478,37.428934883259174]]]}"
California,San Mateo,9263804257683898368,2284.3089520768053,2284.309,202512,deployment,"{""type"":""Polygon"",""coordinates"":[[[-122.20865791303765,37.425484948754374],[-122.20865791303765,37.41589516522051],[-122.19730813860478,37.41934478693763],[-122.19730813860478,37.428934883259174],[-122.20865791303765,37.425484948754374]]]}"
California,San Mateo,9263804292043636736,2365.150252468583,2365.15,202512,deployment,"{""type"":""Polygon"",""coordinates"":[[[-122.20865791303765,37.435073490894524],[-122.20865791303765,37.425484948754374],[-122.19730813860478,37.428934883259174],[-122.19730813860478,37.438523737759986],[-122.20865791303765,37.435073490894524]]]}"
California,San Mateo,9263804360763113472,1560.5618633113233,1560.562,202512,deployment,"{""type"":""Polygon"",""coordinates"":[[[-122.22000648510307,37.42203397680592],[-122.22000648510307,37.412444506292914],[-122.20865791303765,37.41589516522051],[-122.20865791303765,37.425484948754374],[-122.22000648510307,37.42203397680592]]]}"
California,San Mateo,9263804532561805312,1158.748985807585,1158.749,202512,deployment,"{""type"":""Polygon"",""coordinates"":[[[-122.19730813860478,37.41934478693763],[-122.19730813860478,37.409753449322544],[-122.18595716285552,37.41320172026596],[-122.18595716285552,37.422793370862614],[-122.19730813860478,37.41934478693763]]]}"
California,San Mateo,9263804635641020416,1139.098743941218,1139.099,202512,deployment,"{""type"":""Polygon"",""coordinates"":[[[-122.19730813860478,37.409753449322544],[-122.19730813860478,37.40016087094162],[-122.18595716285552,37.40360882847635],[-122.18595716285552,37.41320172026596],[-122.19730813860478,37.409753449322544]]]}"
California,San Mateo,9263804670000758784,877.8951321455237,877.895,202512,deployment,"{""type"":""Polygon"",""coordinates"":[[[-122.19730813860478,37.40016087094162],[-122.19730813860478,37.39056705232309],[-122.18595716285552,37.39401469602194],[-122.18595716285552,37.40360882847635],[-122.19730813860478,37.40016087094162]]]}"
California,San Mateo,9263804773079973888,806.3943162690841,806.394,202512,deployment,"{""type"":""Polygon"",""coordinates"":[[[-122.19730813860478,37.39056705232309],[-122.19730813860478,37.38097199399574],[-122.18595716285552,37.38441932343141],[-122.18595716285552,37.39401469602194],[-122.19730813860478,37.39056705232309]]]}"
California,San Mateo,9263804807439712256,190.2256450341434,190.226,202512,deployment,"{""type"":""Polygon"",""coordinates"":[[[-122.20865791303765,37.38711837153209],[-122.20865791303765,37.377523627701464],[-122.19730813860478,37.38097199399574],[-122.19730813860478,37.39056705232309],[-122.20865791303765,37.38711837153209]]]}"
California,San Mateo,9263805013598142464,5.221370714704829,5.221,202512,deployment,"{""type"":""Polygon"",""coordinates"":[[[-122.24270001793133,37.38635867336647],[-122.24270001793133,37.37676611242651],[-122.23135385375079,37.38021790100143],[-122.23135385375079,37.38981077671143],[-122.24270001793133,37.38635867336647]]]}"
California,San Mateo,9263805047957880832,32.04273424743075,32.043,202512,deployment,"{""type"":""Polygon"",""coordinates"":[[[-122.23135385375079,37.38981077671143],[-122.23135385375079,37.38021790100143],[-122.22000648510307,37.3836686542308],[-122.22000648510307,37.39326184447719],[-122.23135385375079,37.38981077671143]]]}"
California,San Mateo,9263815939994943488,112.2422864170435,112.242,202512,deployment,"{""type"":""Polygon"",""coordinates"":[[[-122.22000648510307,37.37407422513052],[-122.22000648510307,37.36447855770584],[-122.20865791303765,37.36792764511883],[-122.20865791303765,37.377523627701464],[-122.22000648510307,37.37407422513052]]]}"
California,San Mateo,9263828618738401280,2000.5932887057493,2000.593,202512,deployment,"{""type"":""Polygon"",""coordinates"":[[[-122.14054126774191,37.45575938659403],[-122.14054126774188,37.44616897378354],[-122.12918430120307,37.449612671424006],[-122.12918430120307,37.45920339519818],[-122.14054126774191,37.45575938659403]]]}"
California,San Mateo,9263828790537093120,22.866803322978587,22.867,202512,deployment,"{""type"":""Polygon"",""coordinates"":[[[-122.17460498684162,37.445421116134945],[-122.17460498684162,37.43583163761174],[-122.16325161161569,37.43927845629725],[-122.16325161161569,37.44886824648233],[-122.17460498684162,37.445421116134945]]]}"
California,San Mateo,9263828859256569856,1766.6788193956413,1766.679,202512,deployment,"{""type"":""Polygon"",""coordinates"":[[[-122.16325161161569,37.45845679303992],[-122.16325161161569,37.44886824648233],[-122.15189703823106,37.45231433682877],[-122.15189703823106,37.46190319438895],[-122.16325161161569,37.45845679303992]]]}"
California,San Mateo,9263828893616308224,14815.730881988427,14815.731,202512,deployment,"{""type"":""Polygon"",""coordinates"":[[[-122.17460498684162,37.45500935145727],[-122.17460498684162,37.445421116134945],[-122.16325161161569,37.44886824648233],[-122.16325161161569,37.45845679303992],[-122.17460498684162,37.45500935145727]]]}"
California,San Mateo,9263828927976046592,2782.49387765795,2782.494,202512,deployment,"{""type"":""Polygon"",""coordinates"":[[[-122.17460498684162,37.464596343052804],[-122.17460498684162,37.45500935145727],[-122.16325161161569,37.45845679303992],[-122.16325161161569,37.46804409544424],[-122.17460498684162,37.464596343052804]]]}"
California,San Mateo,9263828962335784960,5848.275568515623,5848.276,202512,deployment,"{""type"":""Polygon"",""coordinates"":[[[-122.16325161161569,37.46804409544424],[-122.16325161161569,37.45845679303992],[-122.15189703823106,37.46190319438895],[-122.15189703823106,37.47149080736947],[-122.16325161161569,37.46804409544424]]]}"
California,San Mateo,9263828996695523328,2819.934583585889,2819.935,202512,deployment,"{""type"":""Polygon"",""coordinates"":[[[-122.15189703823106,37.47149080736947],[-122.15189703823106,37.46190319438895],[-122.14054126774191,37.465348554924184],[-122.14054126774188,37.474936478248395],[-122.15189703823106,37.47149080736947]]]}"
California,San Mateo,9263829031055261696,3119.913235501396,3119.913,202512,deployment,"{""type"":""Polygon"",""coordinates"":[[[-122.15189703823106,37.46190319438895],[-122.15189703823106,37.45231433682877],[-122.14054126774191,37.45575938659403],[-122.14054126774191,37.465348554924184],[-122.15189703823106,37.46190319438895]]]}"
California,San Mateo,9263829065415000064,1981.841817182635,1981.842,202512,deployment,"{""type"":""Polygon"",""coordinates"":[[[-122.14054126774191,37.465348554924184],[-122.14054126774191,37.45575938659403],[-122.12918430120307,37.45920339519818],[-122.12918430120307,37.46879287406576],[-122.14054126774191,37.465348554924184]]]}"
California,San Mateo,9263829099774738432,467.374575651443,467.375,202512,deployment,"{""type"":""Polygon"",""coordinates"":[[[-122.14054126774188,37.474936478248395],[-122.14054126774191,37.465348554924184],[-122.12918430120307,37.46879287406576],[-122.12918430120307,37.47838110750123],[-122.14054126774188,37.474936478248395]]]}"
California,San Mateo,9263829237213691904,26.659293147254964,26.659,202512,deployment,"{""type"":""Polygon"",""coordinates"":[[[-122.12918430120307,37.46879287406576],[-122.12918430120307,37.45920339519818],[-122.11782613967026,37.462646362061626],[-122.11782613967026,37.47223615123414],[-122.12918430120307,37.46879287406576]]]}"
California,San Mateo,9263829271573430272,486.0597382477258,486.06,202512,deployment,"{""type"":""Polygon"",""coordinates"":[[[-122.12918430120307,37.45920339519818],[-122.12918430120307,37.449612671424006],[-122.11782613967026,37.45305532755634],[-122.11782613967026,37.462646362061626],[-122.12918430120307,37.45920339519818]]]}"
California,San Mateo,9263830233646104576,82.14930092414595,82.149,202512,deployment,"{""type"":""Polygon"",""coordinates"":[[[-122.14054126774188,37.484523156041575],[-122.14054126774188,37.474936478248395],[-122.12918430120307,37.47838110750123],[-122.12918430120307,37.48796809497959],[-122.14054126774188,37.484523156041575]]]}"
California,San Mateo,9263830336725319680,679.4039728470044,679.404,202512,deployment,"{""type"":""Polygon"",""coordinates"":[[[-122.15189703823106,37.48107717524513],[-122.15189703823106,37.47149080736947],[-122.14054126774188,37.474936478248395],[-122.14054126774188,37.484523156041575],[-122.15189703823106,37.48107717524513]]]}"
California,San Mateo,9263830371085058048,6240.954750035558,6240.955,202512,deployment,"{""type"":""Polygon"",""coordinates"":[[[-122.16325161161569,37.47763015316998],[-122.16325161161569,37.46804409544424],[-122.15189703823106,37.47149080736947],[-122.15189703823106,37.48107717524513],[-122.16325161161569,37.47763015316998]]]}"
California,San Mateo,9263830405444796416,3387.971279797167,3387.971,202512,deployment,"{""type"":""Polygon"",""coordinates"":[[[-122.17460498684162,37.47418209039618],[-122.17460498684162,37.464596343052804],[-122.16325161161569,37.46804409544424],[-122.16325161161569,37.47763015316998],[-122.17460498684162,37.47418209039618]]]}"
California,San Mateo,9263830439804534784,2168.974298452678,2168.974,202512,deployment,"{""type"":""Polygon"",""coordinates"":[[[-122.17460498684162,37.483766592962525],[-122.17460498684162,37.47418209039618],[-122.16325161161569,37.47763015316998],[-122.16325161161569,37.487214965692424],[-122.17460498684162,37.483766592962525]]]}"
California,San Mateo,9263830474164273152,22.668809715321874,22.669,202512,deployment,"{""type"":""Polygon"",""coordinates"":[[[-122.16325161161569,37.487214965692424],[-122.16325161161569,37.47763015316998],[-122.15189703823106,37.48107717524513],[-122.15189703823106,37.4906622974913],[-122.16325161161569,37.487214965692424]]]}"
California,San Mateo,9263830542883749888,72.27976102870905,72.28,202512,deployment,"{""type"":""Polygon"",""coordinates"":[[[-122.17460498684162,37.493349850227546],[-122.17460498684162,37.483766592962525],[-122.16325161161569,37.487214965692424],[-122.16325161161569,37.496798532487325],[-122.17460498684162,37.493349850227546]]]}"
California,Santa Clara,9263804188964421632,607.776604114331,607.777,202512,deployment,"{""type"":""Polygon"",""coordinates"":[[[-122.18595716285552,37.43238377973873],[-122.18595716285552,37.422793370862614],[-122.17460498684162,37.4262409164141],[-122.17460498684162,37.43583163761174],[-122.18595716285552,37.43238377973873]]]}"
California,Santa Clara,9263804223324160000,1898.1767276654991,1898.177,202512,deployment,"{""type"":""Polygon"",""coordinates"":[[[-122.19730813860478,37.428934883259174],[-122.19730813860478,37.41934478693763],[-122.18595716285552,37.422793370862614],[-122.18595716285552,37.43238377973873],[-122.19730813860478,37.428934883259174]]]}"
California,Santa Clara,9263804566921543680,1801.3397875221176,1801.34,202512,deployment,"{""type"":""Polygon"",""coordinates"":[[[-122.18595716285552,37.422793370862614],[-122.18595716285552,37.41320172026596],[-122.17460498684162,37.416648953069014],[-122.17460498684162,37.4262409164141],[-122.18595716285552,37.422793370862614]]]}"
California,Santa Clara,9263804773079973888,375.5745833525874,375.575,202512,deployment,"{""type"":""Polygon"",""coordinates"":[[[-122.19730813860478,37.39056705232309],[-122.19730813860478,37.38097199399574],[-122.18595716285552,37.38441932343141],[-122.18595716285552,37.39401469602194],[-122.19730813860478,37.39056705232309]]]}"
California,Santa Clara,9263816489750757376,1222.5269565923054,1222.527,202512,deployment,"{""type"":""Polygon"",""coordinates"":[[[-122.17460498684162,37.387865615426826],[-122.17460498684162,37.378268688772394],[-122.16325161161569,37.381713628522775],[-122.16325161161566,37.3913108694007],[-122.17460498684162,37.387865615426826]]]}"
California,Santa Clara,9263816524110495744,1645.884752496875,1645.885,202512,deployment,"{""type"":""Polygon"",""coordinates"":[[[-122.16325161161566,37.3913108694007],[-122.16325161161569,37.381713628522775],[-122.15189703823106,37.385157529904085],[-122.15189703823106,37.39475508477202],[-122.16325161161566,37.3913108694007]]]}"
California,Santa Clara,9263816764628664320,1014.9062571135439,1014.906,202512,deployment,"{""type"":""Polygon"",""coordinates"":[[[-122.15189703823106,37.375558734677135],[-122.15189703823106,37.36595869962119],[-122.14054126774188,37.369400933258106],[-122.14054126774188,37.379001282924925],[-122.15189703823106,37.375558734677135]]]}"
California,Santa Clara,9263816798988402688,67.92435692521737,67.924,202512,deployment,"{""type"":""Polygon"",""coordinates"":[[[-122.15189703823106,37.36595869962119],[-122.15189703823106,37.356357425266744],[-122.14054126774191,37.35979934386554],[-122.14054126774188,37.369400933258106],[-122.15189703823106,37.36595869962119]]]}"
California,Santa Clara,9263816833348141056,1123.6037126297,1123.604,202512,deployment,"{""type"":""Polygon"",""coordinates"":[[[-122.14054126774188,37.369400933258106],[-122.14054126774191,37.35979934386554],[-122.12918430120307,37.363240223634705],[-122.12918430120307,37.37284212783175],[-122.14054126774188,37.369400933258106]]]}"
California,Santa Clara,9263816902067617792,671.3858875835306,671.386,202512,deployment,"{""type"":""Polygon"",""coordinates"":[[[-122.14054126774191,37.38860039233557],[-122.14054126774188,37.379001282924925],[-122.12918430120307,37.38244279187591],[-122.12918430120307,37.39204221523685],[-122.14054126774191,37.38860039233557]]]}"
California,Santa Clara,9263816936427356160,1055.9846278371654,1055.985,202512,deployment,"{""type"":""Polygon"",""coordinates"":[[[-122.15189703823106,37.385157529904085],[-122.15189703823106,37.375558734677135],[-122.14054126774188,37.379001282924925],[-122.14054126774191,37.38860039233557],[-122.15189703823106,37.385157529904085]]]}"
California,Santa Clara,9263817039506571264,1322.0716629299734,1322.072,202512,deployment,"{""type"":""Polygon"",""coordinates"":[[[-122.12918430120307,37.40164039738478],[-122.12918430120307,37.39204221523685],[-122.11782613967026,37.39548299802782],[-122.11782613967026,37.40508149346586],[-122.12918430120307,37.40164039738478]]]}"
California,Santa Clara,9263817073866309632,4534.5310562388895,4534.531,202512,deployment,"{""type"":""Polygon"",""coordinates"":[[[-122.12918430120307,37.39204221523685],[-122.12918430120307,37.38244279187591],[-122.11782613967026,37.385883260949946],[-122.11782613967026,37.39548299802782],[-122.12918430120307,37.39204221523685]]]}"
California,Santa Clara,9263817108226048000,9621.506458914942,9621.506,202512,deployment,"{""type"":""Polygon"",""coordinates"":[[[-122.11782613967026,37.39548299802782],[-122.11782613967026,37.385883260949946],[-122.10646678419991,37.38932268956723],[-122.10646678419991,37.398922740128754],[-122.11782613967026,37.39548299802782]]]}"
California,Santa Clara,9263817142585786368,52715.66303451348,52715.663,202512,deployment,"{""type"":""Polygon"",""coordinates"":[[[-122.11782613967026,37.40508149346586],[-122.11782613967026,37.39548299802782],[-122.10646678419991,37.398922740128754],[-122.10646678419991,37.408521548623696],[-122.11782613967026,37.40508149346586]]]}"
California,Santa Clara,9263817176945524736,93816.7087851062,93816.709,202512,deployment,"{""type"":""Polygon"",""coordinates"":[[[-122.10646678419991,37.408521548623696],[-122.10646678419991,37.398922740128754],[-122.09510623584924,37.40236144096019],[-122.09510623584924,37.41196056227895],[-122.10646678419991,37.408521548623696]]]}"
California,Santa Clara,9263817211305263104,47353.87234002015,47353.872,202512,deployment,"{""type"":""Polygon"",""coordinates"":[[[-122.09510623584924,37.41196056227895],[-122.09510623584924,37.40236144096019],[-122.08374449567626,37.405799099943046],[-122.08374449567627,37.41539853385257],[-122.09510623584924,37.41196056227895]]]}"
California,Santa Clara,9263817245665001472,99708.92468840277,99708.925,202512,deployment,"{""type"":""Polygon"",""coordinates"":[[[-122.09510623584924,37.40236144096019],[-122.09510623584924,37.39276107714823],[-122.08374449567626,37.396198423113795],[-122.08374449567626,37.405799099943046],[-122.09510623584924,37.40236144096019]]]}"
California,Santa Clara,9263817280024739840,27415.608322646618,27415.608,202512,deployment,"{""type"":""Polygon"",""coordinates"":[[[-122.10646678419991,37.398922740128754],[-122.10646678419991,37.38932268956723],[-122.09510623584924,37.39276107714823],[-122.09510623584924,37.40236144096019],[-122.10646678419991,37.398922740128754]]]}"
California,Santa Clara,9263817314384478208,6073.585276210233,6073.585,202512,deployment,"{""type"":""Polygon"",""coordinates"":[[[-122.10646678419991,37.38932268956723],[-122.10646678419991,37.37972139746872],[-122.09510623584924,37.38315947137257],[-122.09510623584924,37.39276107714823],[-122.10646678419991,37.38932268956723]]]}"
California,Santa Clara,9263817348744216576,49297.62251055502,49297.623,202512,deployment,"{""type"":""Polygon"",""coordinates"":[[[-122.09510623584924,37.39276107714823],[-122.09510623584924,37.38315947137257],[-122.08374449567626,37.38659650389424],[-122.08374449567626,37.396198423113795],[-122.09510623584924,37.39276107714823]]]}"
California,Santa Clara,9263817383103954944,9621.335779819134,9621.336,202512,deployment,"{""type"":""Polygon"",""coordinates"":[[[-122.09510623584924,37.38315947137257],[-122.09510623584924,37.37355662416324],[-122.08374449567626,37.3769933428143],[-122.08374449567626,37.38659650389424],[-122.09510623584924,37.38315947137257]]]}"
California,Santa Clara,9263817417463693312,5582.080154907935,5582.08,202512,deployment,"{""type"":""Polygon"",""coordinates"":[[[-122.10646678419991,37.37972139746872],[-122.10646678419991,37.37011886436336],[-122.09510623584924,37.37355662416324],[-122.09510623584924,37.38315947137257],[-122.10646678419991,37.37972139746872]]]}"
California,Santa Clara,9263817451823431680,9104.791926283255,9104.792,202512,deployment,"{""type"":""Polygon"",""coordinates"":[[[-122.11782613967026,37.37628228276193],[-122.11782613967026,37.36668006399397],[-122.10646678419991,37.37011886436336],[-122.10646678419991,37.37972139746872],[-122.11782613967026,37.37628228276193]]]}"
California,Santa Clara,9263817486183170048,8422.073415009829,8422.073,202512,deployment,"{""type"":""Polygon"",""coordinates"":[[[-122.11782613967026,37.385883260949946],[-122.11782613967026,37.37628228276193],[-122.10646678419991,37.37972139746872],[-122.10646678419991,37.38932268956723],[-122.11782613967026,37.385883260949946]]]}"
California,Santa Clara,9263817520542908416,5074.128995913566,5074.129,202512,deployment,"{""type"":""Polygon"",""coordinates"":[[[-122.12918430120307,37.38244279187591],[-122.12918430120307,37.37284212783175],[-122.11782613967026,37.37628228276193],[-122.11782613967026,37.385883260949946],[-122.12918430120307,37.38244279187591]]]}"
California,Santa Clara,9263817554902646784,568.2846326434505,568.285,202512,deployment,"{""type"":""Polygon"",""coordinates"":[[[-122.12918430120307,37.37284212783175],[-122.12918430120307,37.363240223634705],[-122.11782613967026,37.36668006399397],[-122.11782613967026,37.37628228276193],[-122.12918430120307,37.37284212783175]]]}"
California,Santa Clara,9263817589262385152,914.1630759907267,914.163,202512,deployment,"{""type"":""Polygon"",""coordinates"":[[[-122.12918430120307,37.363240223634705],[-122.12918430120307,37.353637079815634],[-122.11782613967026,37.35707660517686],[-122.11782613967026,37.36668006399397],[-122.12918430120307,37.363240223634705]]]}"
California,Santa Clara,9263817657981861888,817.3946971596316,817.395,202512,deployment,"{""type"":""Polygon"",""coordinates"":[[[-122.11782613967026,37.35707660517686],[-122.11782613967026,37.347471906841875],[-122.10646678419991,37.35091007725528],[-122.10646678419991,37.36051509078182],[-122.11782613967026,37.35707660517686]]]}"
California,Santa Clara,9263817692341600256,1514.396771405359,1514.397,202512,deployment,"{""type"":""Polygon"",""coordinates"":[[[-122.11782613967026,37.36668006399397],[-122.11782613967026,37.35707660517686],[-122.10646678419991,37.36051509078182],[-122.10646678419991,37.37011886436336],[-122.11782613967026,37.36668006399397]]]}"
California,Santa Clara,9263817726701338624,5343.348527866835,5343.349,202512,deployment,"{""type"":""Polygon"",""coordinates"":[[[-122.10646678419991,37.37011886436336],[-122.10646678419991,37.36051509078182],[-122.09510623584924,37.36395253605081],[-122.09510623584924,37.37355662416324],[-122.10646678419991,37.37011886436336]]]}"
California,Santa Clara,9263817761061076992,6858.183706244579,6858.184,202512,deployment,"{""type"":""Polygon"",""coordinates"":[[[-122.09510623584924,37.37355662416324],[-122.09510623584924,37.36395253605081],[-122.08374449567627,37.36738894040445],[-122.08374449567626,37.3769933428143],[-122.09510623584924,37.37355662416324]]]}"
California,Santa Clara,9263817829780553728,2849.858543188028,2849.859,202512,deployment,"{""type"":""Polygon"",""coordinates"":[[[-122.10646678419991,37.36051509078182],[-122.10646678419991,37.35091007725528],[-122.09510623584924,37.35434720756638],[-122.09510623584924,37.36395253605081],[-122.10646678419991,37.36051509078182]]]}"
California,Santa Clara,9263817898500030464,4473.601868847866,4473.602,202512,deployment,"{""type"":""Polygon"",""coordinates"":[[[-122.09510623584924,37.35434720756638],[-122.09510623584924,37.34474063924159],[-122.08374449567626,37.348176413719614],[-122.08374449567627,37.357783297195716],[-122.09510623584924,37.35434720756638]]]}"
California,Santa Clara,9263817967219507200,15.725163985893815,15.725,202512,deployment,"{""type"":""Polygon"",""coordinates"":[[[-122.10646678419991,37.3413038243155],[-122.10646678419991,37.331696332494744],[-122.09510623584924,37.33513283160862],[-122.09510623584924,37.34474063924159],[-122.10646678419991,37.3413038243155]]]}"
California,Santa Clara,9263820887797268480,798.4662695338806,798.466,202512,deployment,"{""type"":""Polygon"",""coordinates"":[[[-122.08374449567627,37.338568290508235],[-122.08374449567627,37.328958928094195],[-122.07238156473971,37.332393030428534],[-122.07238156473971,37.34200270861434],[-122.08374449567627,37.338568290508235]]]}"
California,Santa Clara,9263820956516745216,215.56235993448738,215.562,202512,deployment,"{""type"":""Polygon"",""coordinates"":[[[-122.07238156473971,37.332393030428534],[-122.07238156473971,37.32278211314603],[-122.06101744409916,37.32621485837666],[-122.06101744409916,37.335826091624206],[-122.07238156473971,37.332393030428534]]]}"
California,Santa Clara,9263820990876483584,2148.766592501176,2148.767,202512,deployment,"{""type"":""Polygon"",""coordinates"":[[[-122.07238156473971,37.34200270861434],[-122.07238156473971,37.332393030428534],[-122.06101744409916,37.335826091624206],[-122.06101744409916,37.34543608534799],[-122.07238156473971,37.34200270861434]]]}"
California,Santa Clara,9263821025236221952,1621.4244606170978,1621.424,202512,deployment,"{""type"":""Polygon"",""coordinates"":[[[-122.06101744409916,37.34543608534799],[-122.06101744409916,37.335826091624206],[-122.04965213481489,37.33925811110254],[-122.04965213481489,37.34886842013058],[-122.06101744409916,37.34543608534799]]]}"
California,Santa Clara,9263821059595960320,1426.5591638765907,1426.559,202512,deployment,"{""type"":""Polygon"",""coordinates"":[[[-122.04965213481489,37.34886842013058],[-122.04965213481489,37.33925811110254],[-122.03828563794798,37.342689088285155],[-122.03828563794798,37.35229971238384],[-122.04965213481489,37.34886842013058]]]}"
California,Santa Clara,9263821093955698688,1135.6065070813393,1135.607,202512,deployment,"{""type"":""Polygon"",""coordinates"":[[[-122.04965213481489,37.33925811110254],[-122.04965213481489,37.32964656212375],[-122.03828563794798,37.33307722380889],[-122.03828563794798,37.342689088285155],[-122.04965213481489,37.33925811110254]]]}"
California,Santa Clara,9263821128315437056,880.2142258591106,880.214,202512,deployment,"{""type"":""Polygon"",""coordinates"":[[[-122.06101744409916,37.335826091624206],[-122.06101744409916,37.32621485837666],[-122.04965213481489,37.32964656212375],[-122.04965213481489,37.33925811110254],[-122.06101744409916,37.335826091624206]]]}"
California,Santa Clara,9263822502704971776,217.02423696985144,217.024,202512,deployment,"{""type"":""Polygon"",""coordinates"":[[[-122.00417903247384,37.32413360873975],[-122.00417903247384,37.31451707740061],[-121.99280779590266,37.31794261881143],[-121.99280779590266,37.327559465993545],[-122.00417903247384,37.32413360873975]]]}"
California,Santa Clara,9263822537064710144,984.7722313926641,984.772,202512,deployment,"{""type"":""Polygon"",""coordinates"":[[[-122.00417903247387,37.33374890002204],[-122.00417903247384,37.32413360873975],[-121.99280779590266,37.327559465993545],[-121.99280779590266,37.33717507269211],[-122.00417903247387,37.33374890002204]]]}"
California,Santa Clara,9263822571424448512,3133.01727574559,3133.017,202512,deployment,"{""type"":""Polygon"",""coordinates"":[[[-122.00417903247387,37.34336295071339],[-122.00417903247387,37.33374890002204],[-121.99280779590266,37.33717507269211],[-121.99280779590266,37.346789438373136],[-122.00417903247387,37.34336295071339]]]}"
California,Santa Clara,9263822605784186880,1611.9316904328384,1611.932,202512,deployment,"{""type"":""Polygon"",""coordinates"":[[[-122.01554908571447,37.339935418681314],[-122.01554908571447,37.33032168321322],[-122.00417903247387,37.33374890002204],[-122.00417903247387,37.34336295071339],[-122.01554908571447,37.339935418681314]]]}"
California,Santa Clara,9263822640143925248,209.1282646168245,209.128,202512,deployment,"{""type"":""Polygon"",""coordinates"":[[[-122.01554908571447,37.33032168321322],[-122.01554908571447,37.320706707580904],[-122.00417903247384,37.32413360873975],[-122.00417903247387,37.33374890002204],[-122.01554908571447,37.33032168321322]]]}"
California,Santa Clara,9263822743223140352,35.47412358759002,35.474,202512,deployment,"{""type"":""Polygon"",""coordinates"":[[[-122.03828563794798,37.33307722380889],[-122.03828563794798,37.32346411948834],[-122.0269179545603,37.326893422842815],[-122.0269179545603,37.336506842854],[-122.03828563794798,37.33307722380889]]]}"
California,Santa Clara,9263822777582878720,548.4687967145107,548.469,202512,deployment,"{""type"":""Polygon"",""coordinates"":[[[-122.0269179545603,37.336506842854],[-122.0269179545603,37.326893422842815],[-122.01554908571447,37.33032168321322],[-122.01554908571447,37.339935418681314],[-122.0269179545603,37.336506842854]]]}"
California,Santa Clara,9263822811942617088,620.5724319614719,620.572,202512,deployment,"{""type"":""Polygon"",""coordinates"":[[[-122.0269179545603,37.34611902259407],[-122.0269179545603,37.336506842854],[-122.01554908571447,37.339935418681314],[-122.01554908571447,37.34954791345156],[-122.0269179545603,37.34611902259407]]]}"
California,Santa Clara,9263822846302355456,1804.8313522242413,1804.831,202512,deployment,"{""type"":""Polygon"",""coordinates"":[[[-122.03828563794798,37.342689088285155],[-122.03828563794798,37.33307722380889],[-122.0269179545603,37.336506842854],[-122.0269179545603,37.34611902259407],[-122.03828563794798,37.342689088285155]]]}"
California,Santa Clara,9263822880662093824,2602.306076972559,2602.306,202512,deployment,"{""type"":""Polygon"",""coordinates"":[[[-122.03828563794798,37.35229971238384],[-122.03828563794798,37.342689088285155],[-122.0269179545603,37.34611902259407],[-122.0269179545603,37.3557299615298],[-122.03828563794798,37.35229971238384]]]}"
California,Santa Clara,9263822915021832192,1708.9729798510048,1708.973,202512,deployment,"{""type"":""Polygon"",""coordinates"":[[[-122.0269179545603,37.3557299615298],[-122.0269179545603,37.34611902259407],[-122.01554908571447,37.34954791345156],[-122.01554908571447,37.35915916699084],[-122.0269179545603,37.3557299615298]]]}"
California,Santa Clara,9263822949381570560,3110.719492765365,3110.719,202512,deployment,"{""type"":""Polygon"",""coordinates"":[[[-122.01554908571447,37.35915916699084],[-122.01554908571447,37.34954791345156],[-122.00417903247387,37.35297576028027],[-122.00417903247384,37.36258732818968],[-122.01554908571447,37.35915916699084]]]}"
California,Santa Clara,9263822983741308928,2322.990703220208,2322.991,202512,deployment,"{""type"":""Polygon"",""coordinates"":[[[-122.01554908571447,37.34954791345156],[-122.01554908571447,37.339935418681314],[-122.00417903247387,37.34336295071339],[-122.00417903247387,37.35297576028027],[-122.01554908571447,37.34954791345156]]]}"
California,Santa Clara,9263823018101047296,5120.02150344881,5120.022,202512,deployment,"{""type"":""Polygon"",""coordinates"":[[[-122.00417903247387,37.35297576028027],[-122.00417903247387,37.34336295071339],[-121.99280779590266,37.346789438373136],[-121.99280779590266,37.35640256250318],[-122.00417903247387,37.35297576028027]]]}"
California,Santa Clara,9263823052460785664,3317.9277171917806,3317.928,202512,deployment,"{""type"":""Polygon"",""coordinates"":[[[-122.00417903247384,37.36258732818968],[-122.00417903247387,37.35297576028027],[-121.99280779590266,37.35640256250318],[-121.99280779590266,37.36601444454932],[-122.00417903247384,37.36258732818968]]]}"
California,Santa Clara,9263823086820524032,4662.815893875185,4662.816,202512,deployment,"{""type"":""Polygon"",""coordinates"":[[[-122.00417903247384,37.372197653909126],[-122.00417903247384,37.36258732818968],[-121.99280779590266,37.36601444454932],[-121.99280779590266,37.3756250839792],[-122.00417903247384,37.372197653909126]]]}"
California,Santa Clara,9263823121180262400,3207.895221619862,3207.895,202512,deployment,"{""type"":""Polygon"",""coordinates"":[[[-122.01554908571447,37.368769178766605],[-122.01554908571447,37.35915916699084],[-122.00417903247384,37.36258732818968],[-122.00417903247384,37.372197653909126],[-122.01554908571447,37.368769178766605]]]}"
California,Santa Clara,9263823155540000768,11272.503429608494,11272.503,202512,deployment,"{""type"":""Polygon"",""coordinates"":[[[-122.01554908571447,37.37837794824681],[-122.01554908571447,37.368769178766605],[-122.00417903247384,37.372197653909126],[-122.00417903247387,37.38180673690669],[-122.01554908571447,37.37837794824681]]]}"
California,Santa Clara,9263823189899739136,12957.221783525392,12957.222,202512,deployment,"{""type"":""Polygon"",""coordinates"":[[[-122.00417903247387,37.38180673690669],[-122.00417903247384,37.372197653909126],[-121.99280779590266,37.3756250839792],[-121.99280779590266,37.385234480260976],[-122.00417903247387,37.38180673690669]]]}"
California,Santa Clara,9263823224259477504,7403.668104894764,7403.668,202512,deployment,"{""type"":""Polygon"",""coordinates"":[[[-122.00417903247387,37.391414576650966],[-122.00417903247387,37.38180673690669],[-121.99280779590266,37.385234480260976],[-121.99280779590266,37.394842632863345],[-122.00417903247387,37.391414576650966]]]}"
California,Santa Clara,9263823258619215872,5368.127577075787,5368.128,202512,deployment,"{""type"":""Polygon"",""coordinates"":[[[-122.00417903247387,37.40102117261109],[-122.00417903247387,37.391414576650966],[-121.99280779590266,37.394842632863345],[-121.99280779590266,37.40444954125553],[-122.00417903247387,37.40102117261109]]]}"
California,Santa Clara,9263823292978954240,15110.670178901124,15110.67,202512,deployment,"{""type"":""Polygon"",""coordinates"":[[[-122.01554908571447,37.39759175819509],[-122.01554908571447,37.38798547489996],[-122.00417903247387,37.391414576650966],[-122.00417903247387,37.40102117261109],[-122.01554908571447,37.39759175819509]]]}"
California,Santa Clara,9263823327338692608,4852.171087298317,4852.171,202512,deployment,"{""type"":""Polygon"",""coordinates"":[[[-122.01554908571447,37.38798547489996],[-122.01554908571447,37.37837794824681],[-122.00417903247387,37.38180673690669],[-122.00417903247387,37.391414576650966],[-122.01554908571447,37.38798547489996]]]}"
California,Santa Clara,9263823361698430976,29414.354142368386,29414.354,202512,deployment,"{""type"":""Polygon"",""coordinates"":[[[-122.0269179545603,37.384555328187076],[-122.0269179545603,37.374948114858164],[-122.01554908571447,37.37837794824681],[-122.01554908571447,37.38798547489996],[-122.0269179545603,37.384555328187076]]]}"
California,Santa Clara,9263823396058169344,6404.307079704385,6404.307,202512,deployment,"{""type"":""Polygon"",""coordinates"":[[[-122.0269179545603,37.39416129858422],[-122.0269179545603,37.384555328187076],[-122.01554908571447,37.38798547489996],[-122.01554908571447,37.39759175819509],[-122.0269179545603,37.39416129858422]]]}"
California,Santa Clara,9263823430417907712,67427.4412675259,67427.441,202512,deployment,"{""type"":""Polygon"",""coordinates"":[[[-122.03828563794801,37.39072979435553],[-122.03828563794801,37.38112413708943],[-122.0269179545603,37.384555328187076],[-122.0269179545603,37.39416129858422],[-122.03828563794801,37.39072979435553]]]}"
California,Santa Clara,9263823464777646080,22422.243130658193,22422.243,202512,deployment,"{""type"":""Polygon"",""coordinates"":[[[-122.03828563794801,37.38112413708943],[-122.03828563794798,37.37151723731794],[-122.0269179545603,37.374948114858164],[-122.0269179545603,37.384555328187076],[-122.03828563794801,37.38112413708943]]]}"
California,Santa Clara,9263823499137384448,4534.551608859459,4534.552,202512,deployment,"{""type"":""Polygon"",""coordinates"":[[[-122.03828563794798,37.37151723731794],[-122.03828563794798,37.36190909557217],[-122.0269179545603,37.365339659128544],[-122.0269179545603,37.374948114858164],[-122.03828563794798,37.37151723731794]]]}"
California,Santa Clara,9263823533497122816,2740.8991913521704,2740.899,202512,deployment,"{""type"":""Polygon"",""coordinates"":[[[-122.0269179545603,37.374948114858164],[-122.0269179545603,37.365339659128544],[-122.01554908571447,37.368769178766605],[-122.01554908571447,37.37837794824681],[-122.0269179545603,37.374948114858164]]]}"
California,Santa Clara,9263823567856861184,1921.8246716620363,1921.825,202512,deployment,"{""type"":""Polygon"",""coordinates"":[[[-122.0269179545603,37.365339659128544],[-122.0269179545603,37.3557299615298],[-122.01554908571447,37.35915916699084],[-122.01554908571447,37.368769178766605],[-122.0269179545603,37.365339659128544]]]}"
California,Santa Clara,9263823602216599552,4369.243909383115,4369.244,202512,deployment,"{""type"":""Polygon"",""coordinates"":[[[-122.03828563794798,37.36190909557217],[-122.03828563794798,37.35229971238384],[-122.0269179545603,37.3557299615298],[-122.0269179545603,37.365339659128544],[-122.03828563794798,37.36190909557217]]]}"
California,Santa Clara,9263823636576337920,2589.895300793698,2589.895,202512,deployment,"{""type"":""Polygon"",""coordinates"":[[[-122.04965213481489,37.35847748867504],[-122.04965213481489,37.34886842013058],[-122.03828563794798,37.35229971238384],[-122.03828563794798,37.36190909557217],[-122.04965213481489,37.35847748867504]]]}"
California,Santa Clara,9263823670936076288,3360.354078392988,3360.354,202512,deployment,"{""type"":""Polygon"",""coordinates"":[[[-122.04965213481489,37.36808531620358],[-122.04965213481489,37.35847748867504],[-122.03828563794798,37.36190909557217],[-122.03828563794798,37.37151723731794],[-122.04965213481489,37.36808531620358]]]}"
California,Santa Clara,9263823705295814656,4925.233942243153,4925.234,202512,deployment,"{""type"":""Polygon"",""coordinates"":[[[-122.06101744409916,37.36465235209296],[-122.06101744409916,37.35504483901504],[-122.04965213481489,37.35847748867504],[-122.04965213481489,37.36808531620358],[-122.06101744409916,37.36465235209296]]]}"
California,Santa Clara,9263823739655553024,4266.530556870894,4266.531,202512,deployment,"{""type"":""Polygon"",""coordinates"":[[[-122.06101744409916,37.35504483901504],[-122.06101744409916,37.34543608534799],[-122.04965213481489,37.34886842013058],[-122.04965213481489,37.35847748867504],[-122.06101744409916,37.35504483901504]]]}"
California,Santa Clara,9263823774015291392,3539.977132701727,3539.977,202512,deployment,"{""type"":""Polygon"",""coordinates"":[[[-122.07238156473971,37.35161114717039],[-122.07238156473971,37.34200270861434],[-122.06101744409916,37.34543608534799],[-122.06101744409916,37.35504483901504],[-122.07238156473971,37.35161114717039]]]}"
California,Santa Clara,9263823808375029760,3244.7756690388965,3244.776,202512,deployment,"{""type"":""Polygon"",""coordinates"":[[[-122.08374449567626,37.348176413719614],[-122.08374449567627,37.338568290508235],[-122.07238156473971,37.34200270861434],[-122.07238156473971,37.35161114717039],[-122.08374449567626,37.348176413719614]]]}"
California,Santa Clara,9263823877094506496,1387.3779868073518,1387.378,202512,deployment,"{""type"":""Polygon"",""coordinates"":[[[-122.07238156473971,37.361218345564176],[-122.07238156473971,37.35161114717039],[-122.06101744409916,37.35504483901504],[-122.06101744409916,37.36465235209296],[-122.07238156473971,37.361218345564176]]]}"
California,Santa Clara,9263823911454244864,3286.584925661695,3286.585,202512,deployment,"{""type"":""Polygon"",""coordinates"":[[[-122.07238156473971,37.37082430326371],[-122.07238156473971,37.361218345564176],[-122.06101744409916,37.36465235209296],[-122.06101744409916,37.374258624049844],[-122.07238156473971,37.37082430326371]]]}"
California,Santa Clara,9263823945813983232,6140.31376940957,6140.314,202512,deployment,"{""type"":""Polygon"",""coordinates"":[[[-122.08374449567627,37.36738894040445],[-122.08374449567627,37.357783297195716],[-122.07238156473971,37.361218345564176],[-122.07238156473971,37.37082430326371],[-122.08374449567627,37.36738894040445]]]}"
California,Santa Clara,9263823980173721600,10515.793780281409,10515.794,202512,deployment,"{""type"":""Polygon"",""coordinates"":[[[-122.08374449567626,37.3769933428143],[-122.08374449567627,37.36738894040445],[-122.07238156473971,37.37082430326371],[-122.07238156473971,37.380429019737555],[-122.08374449567626,37.3769933428143]]]}"
California,Santa Clara,9263824014533459968,26082.139351871603,26082.139,202512,deployment,"{""type"":""Polygon"",""coordinates"":[[[-122.07238156473971,37.380429019737555],[-122.07238156473971,37.37082430326371],[-122.06101744409916,37.374258624049844],[-122.06101744409916,37.38386365435435],[-122.07238156473971,37.380429019737555]]]}"
California,Santa Clara,9263824048893198336,26565.36594736802,26565.366,202512,deployment,"{""type"":""Polygon"",""coordinates"":[[[-122.06101744409916,37.38386365435435],[-122.06101744409916,37.374258624049844],[-122.04965213481489,37.37769190218444],[-122.04965213481489,37.387297246086334],[-122.06101744409916,37.38386365435435]]]}"
California,Santa Clara,9263824083252936704,11266.967092509905,11266.967,202512,deployment,"{""type"":""Polygon"",""coordinates"":[[[-122.06101744409916,37.374258624049844],[-122.06101744409916,37.36465235209296],[-122.04965213481489,37.36808531620358],[-122.04965213481489,37.37769190218444],[-122.06101744409916,37.374258624049844]]]}"
California,Santa Clara,9263824117612675072,8589.591424924867,8589.591,202512,deployment,"{""type"":""Polygon"",""coordinates"":[[[-122.04965213481489,37.37769190218444],[-122.04965213481489,37.36808531620358],[-122.03828563794798,37.37151723731794],[-122.03828563794801,37.38112413708943],[-122.04965213481489,37.37769190218444]]]}"
California,Santa Clara,9263824151972413440,32729.133412948187,32729.133,202512,deployment,"{""type"":""Polygon"",""coordinates"":[[[-122.04965213481489,37.387297246086334],[-122.04965213481489,37.37769190218444],[-122.03828563794801,37.38112413708943],[-122.03828563794801,37.39072979435553],[-122.04965213481489,37.387297246086334]]]}"
California,Santa Clara,9263824186332151808,64308.788134010014,64308.788,202512,deployment,"{""type"":""Polygon"",""coordinates"":[[[-122.04965213481489,37.396901347378574],[-122.04965213481489,37.387297246086334],[-122.03828563794801,37.39072979435553],[-122.03828563794798,37.40033420858558],[-122.04965213481489,37.396901347378574]]]}"
California,Santa Clara,9263824255051628544,84433.67679045374,84433.677,202512,deployment,"{""type"":""Polygon"",""coordinates"":[[[-122.06101744409916,37.403069987883526],[-122.06101744409916,37.393467442475675],[-122.04965213481489,37.396901347378574],[-122.04965213481489,37.40650420553097],[-122.06101744409916,37.403069987883526]]]}"
California,Santa Clara,9263824289411366912,70254.1584288699,70254.158,202512,deployment,"{""type"":""Polygon"",""coordinates"":[[[-122.06101744409916,37.393467442475675],[-122.06101744409916,37.38386365435435],[-122.04965213481489,37.387297246086334],[-122.04965213481489,37.396901347378574],[-122.06101744409916,37.393467442475675]]]}"
California,Santa Clara,9263824323771105280,59357.09842776379,59357.098,202512,deployment,"{""type"":""Polygon"",""coordinates"":[[[-122.07238156473971,37.3900324944548],[-122.07238156473971,37.380429019737555],[-122.06101744409916,37.38386365435435],[-122.06101744409916,37.393467442475675],[-122.07238156473971,37.3900324944548]]]}"
California,Santa Clara,9263824358130843648,22669.879777686358,22669.88,202512,deployment,"{""type"":""Polygon"",""coordinates"":[[[-122.08374449567626,37.38659650389424],[-122.08374449567626,37.3769933428143],[-122.07238156473971,37.380429019737555],[-122.07238156473971,37.3900324944548],[-122.08374449567626,37.38659650389424]]]}"
California,Santa Clara,9263824392490582016,96346.82545726583,96346.825,202512,deployment,"{""type"":""Polygon"",""coordinates"":[[[-122.08374449567626,37.396198423113795],[-122.08374449567626,37.38659650389424],[-122.07238156473971,37.3900324944548],[-122.07238156473971,37.399634726885076],[-122.08374449567626,37.396198423113795]]]}"
California,Santa Clara,9263824426850320384,104766.06007151036,104766.06,202512,deployment,"{""type"":""Polygon"",""coordinates"":[[[-122.07238156473971,37.399634726885076],[-122.07238156473971,37.3900324944548],[-122.06101744409916,37.393467442475675],[-122.06101744409916,37.403069987883526],[-122.07238156473971,37.399634726885076]]]}"
California,Santa Clara,9263824461210058752,43108.90051838521,43108.901,202512,deployment,"{""type"":""Polygon"",""coordinates"":[[[-122.07238156473971,37.40923571649852],[-122.07238156473971,37.399634726885076],[-122.06101744409916,37.403069987883526],[-122.06101744409916,37.41267129004817],[-122.07238156473971,37.40923571649852]]]}"
California,Santa Clara,9263824495569797120,194324.53504354617,194324.535,202512,deployment,"{""type"":""Polygon"",""coordinates"":[[[-122.08374449567626,37.405799099943046],[-122.08374449567626,37.396198423113795],[-122.07238156473971,37.399634726885076],[-122.07238156473971,37.40923571649852],[-122.08374449567626,37.405799099943046]]]}"
California,Santa Clara,9263824529929535488,138188.60172510578,138188.602,202512,deployment,"{""type"":""Polygon"",""coordinates"":[[[-122.08374449567627,37.41539853385257],[-122.08374449567626,37.405799099943046],[-122.07238156473971,37.40923571649852],[-122.07238156473971,37.418835462765855],[-122.08374449567627,37.41539853385257]]]}"
California,Santa Clara,9263824564289273856,27469.98764489861,27469.988,202512,deployment,"{""type"":""Polygon"",""coordinates"":[[[-122.07238156473971,37.418835462765855],[-122.07238156473971,37.40923571649852],[-122.06101744409916,37.41267129004817],[-122.06101744409916,37.42227134844041],[-122.07238156473971,37.418835462765855]]]}"
California,Santa Clara,9263824633008750592,2205.278454796729,2205.278,202512,deployment,"{""type"":""Polygon"",""coordinates"":[[[-122.06101744409916,37.41267129004817],[-122.06101744409916,37.403069987883526],[-122.04965213481489,37.40650420553097],[-122.04965213481489,37.41610582001387],[-122.06101744409916,37.41267129004817]]]}"
California,Santa Clara,9263824907886657536,73910.31562032002,73910.316,202512,deployment,"{""type"":""Polygon"",""coordinates"":[[[-122.03828563794798,37.40033420858558],[-122.03828563794801,37.39072979435553],[-122.0269179545603,37.39416129858422],[-122.0269179545603,37.40376602551908],[-122.03828563794798,37.40033420858558]]]}"
California,Santa Clara,9263824942246395904,23091.098661294123,23091.099,202512,deployment,"{""type"":""Polygon"",""coordinates"":[[[-122.0269179545603,37.40376602551908],[-122.0269179545603,37.39416129858422],[-122.01554908571447,37.39759175819509],[-122.01554908571447,37.40719679760179],[-122.0269179545603,37.40376602551908]]]}"
California,Santa Clara,9263824976606134272,47029.50008395872,47029.5,202512,deployment,"{""type"":""Polygon"",""coordinates"":[[[-122.0269179545603,37.41336950846166],[-122.0269179545603,37.40376602551908],[-122.01554908571447,37.40719679760179],[-122.01554908571447,37.416800592590164],[-122.0269179545603,37.41336950846166]]]}"
California,Santa Clara,9263825045325611008,25389.281107373292,25389.281,202512,deployment,"{""type"":""Polygon"",""coordinates"":[[[-122.01554908571447,37.40719679760179],[-122.01554908571447,37.39759175819509],[-122.00417903247387,37.40102117261109],[-122.00417903247384,37.41062652425675],[-122.01554908571447,37.40719679760179]]]}"
California,Santa Clara,9263825079685349376,10234.287228671948,10234.287,202512,deployment,"{""type"":""Polygon"",""coordinates"":[[[-122.00417903247384,37.41062652425675],[-122.00417903247387,37.40102117261109],[-121.99280779590266,37.40444954125553],[-121.99280779590266,37.41405520490733],[-122.00417903247384,37.41062652425675]]]}"
California,Santa Clara,9263825114045087744,2332.633219830299,2332.633,202512,deployment,"{""type"":""Polygon"",""coordinates"":[[[-122.00417903247384,37.42023063105814],[-122.00417903247384,37.41062652425675],[-121.99280779590266,37.41405520490733],[-121.99280779590266,37.423659623289026],[-122.00417903247384,37.42023063105814]]]}"
California,Santa Clara,9263827450507296768,80499.57609312712,80499.576,202512,deployment,"{""type"":""Polygon"",""coordinates"":[[[-122.08374449567626,37.424996724313516],[-122.08374449567627,37.41539853385257],[-122.07238156473971,37.418835462765855],[-122.07238156473971,37.42843396515829],[-122.08374449567626,37.424996724313516]]]}"
California,Santa Clara,9263827484867035136,58159.22975160637,58159.23,202512,deployment,"{""type"":""Polygon"",""coordinates"":[[[-122.09510623584924,37.42155844057553],[-122.09510623584924,37.41196056227895],[-122.08374449567627,37.41539853385257],[-122.08374449567626,37.424996724313516],[-122.09510623584924,37.42155844057553]]]}"
California,Santa Clara,9263827519226773504,53228.00090689867,53228.001,202512,deployment,"{""type"":""Polygon"",""coordinates"":[[[-122.10646678419991,37.418119114523],[-122.10646678419991,37.408521548623696],[-122.09510623584924,37.41196056227895],[-122.09510623584924,37.42155844057553],[-122.10646678419991,37.418119114523]]]}"
California,Santa Clara,9263827553586511872,11435.447217173973,11435.447,202512,deployment,"{""type"":""Polygon"",""coordinates"":[[[-122.10646678419991,37.427715437298126],[-122.10646678419991,37.418119114523],[-122.09510623584924,37.42155844057553],[-122.09510623584924,37.43115507532153],[-122.10646678419991,37.427715437298126]]]}"
California,Santa Clara,9263827587946250240,12883.484562945197,12883.485,202512,deployment,"{""type"":""Polygon"",""coordinates"":[[[-122.09510623584924,37.43115507532153],[-122.09510623584924,37.42155844057553],[-122.08374449567626,37.424996724313516],[-122.08374449567626,37.43459367079755],[-122.09510623584924,37.43115507532153]]]}"
California,Santa Clara,9263827828464418816,2968.943188185918,2968.943,202512,deployment,"{""type"":""Polygon"",""coordinates"":[[[-122.12918430120307,37.4400207032693],[-122.12918430120307,37.43042749126063],[-122.11782613967026,37.43386952465191],[-122.11782613967026,37.44346304824428],[-122.12918430120307,37.4400207032693]]]}"
California,Santa Clara,9263827965903372288,94375.25666892974,94375.257,202512,deployment,"{""type"":""Polygon"",""coordinates"":[[[-122.11782613967026,37.414678746734864],[-122.11782613967026,37.40508149346586],[-122.10646678419991,37.408521548623696],[-122.10646678419991,37.418119114523],[-122.11782613967026,37.414678746734864]]]}"
California,Santa Clara,9263828172061802496,1079.835957689648,1079.836,202512,deployment,"{""type"":""Polygon"",""coordinates"":[[[-122.16325161161569,37.40090686981723],[-122.16325161161566,37.3913108694007],[-122.15189703823106,37.39475508477202],[-122.15189703823106,37.40435139875152],[-122.16325161161569,37.40090686981723]]]}"
California,Santa Clara,9263828275141017600,5137.678969113615,5137.679,202512,deployment,"{""type"":""Polygon"",""coordinates"":[[[-122.16325161161569,37.41050162924336],[-122.16325161161569,37.40090686981723],[-122.15189703823106,37.40435139875152],[-122.15189703823106,37.41394647131364],[-122.16325161161569,37.41050162924336]]]}"
California,Santa Clara,9263828343860494336,1638.5603651730196,1638.56,202512,deployment,"{""type"":""Polygon"",""coordinates"":[[[-122.17460498684162,37.416648953069014],[-122.17460498684162,37.407055748103986],[-122.16325161161569,37.41050162924336],[-122.16325161161569,37.420095147150626],[-122.17460498684162,37.416648953069014]]]}"
California,Santa Clara,9263828378220232704,149.72643521294995,149.726,202512,deployment,"{""type"":""Polygon"",""coordinates"":[[[-122.17460498684162,37.4262409164141],[-122.17460498684162,37.416648953069014],[-122.16325161161569,37.420095147150626],[-122.16325161161569,37.42968742301107],[-122.17460498684162,37.4262409164141]]]}"
California,Santa Clara,9263828412579971072,2806.0703027729287,2806.07,202512,deployment,"{""type"":""Polygon"",""coordinates"":[[[-122.16325161161569,37.42968742301107],[-122.16325161161569,37.420095147150626],[-122.15189703823106,37.42354030193002],[-122.15189703823106,37.433132890072784],[-122.16325161161569,37.42968742301107]]]}"
California,Santa Clara,9263828446939709440,54585.20240200621,54585.202,202512,deployment,"{""type"":""Polygon"",""coordinates"":[[[-122.15189703823106,37.433132890072784],[-122.15189703823106,37.42354030193002],[-122.14054126774188,37.42698441682673],[-122.14054126774191,37.43657731701888],[-122.15189703823106,37.433132890072784]]]}"
California,Santa Clara,9263828721817616384,47825.81296650295,47825.813,202512,deployment,"{""type"":""Polygon"",""coordinates"":[[[-122.16325161161569,37.43927845629725],[-122.16325161161569,37.42968742301107],[-122.15189703823106,37.433132890072784],[-122.15189703823106,37.44272423521463],[-122.16325161161569,37.43927845629725]]]}"
California,Santa Clara,9263828756177354752,9.401618619317857,9.402,202512,deployment,"{""type"":""Polygon"",""coordinates"":[[[-122.17460498684162,37.43583163761174],[-122.17460498684162,37.4262409164141],[-122.16325161161569,37.42968742301107],[-122.16325161161569,37.43927845629725],[-122.17460498684162,37.43583163761174]]]}"
California,Santa Clara,9263828790537093120,47795.91561235123,47795.916,202512,deployment,"{""type"":""Polygon"",""coordinates"":[[[-122.17460498684162,37.445421116134945],[-122.17460498684162,37.43583163761174],[-122.16325161161569,37.43927845629725],[-122.16325161161569,37.44886824648233],[-122.17460498684162,37.445421116134945]]]}"
California,Santa Clara,9263828824896831488,32525.223160286292,32525.223,202512,deployment,"{""type"":""Polygon"",""coordinates"":[[[-122.16325161161569,37.44886824648233],[-122.16325161161569,37.43927845629725],[-122.15189703823106,37.44272423521463],[-122.15189703823106,37.45231433682877],[-122.16325161161569,37.44886824648233]]]}"
California,Santa Clara,9263829305933168640,8160.485757794829,8160.486,202512,deployment,"{""type"":""Polygon"",""coordinates"":[[[-122.12918430120307,37.449612671424006],[-122.12918430120307,37.4400207032693],[-122.11782613967026,37.44346304824428],[-122.11782613967026,37.45305532755634],[-122.12918430120307,37.449612671424006]]]}"
California,Santa Clara,9263843049828515840,2549.4374576974546,2549.437,202512,deployment,"{""type"":""Polygon"",""coordinates"":[[[-121.99280779590266,37.41405520490733],[-121.99280779590266,37.40444954125553],[-121.98143537706576,37.407876863552055],[-121.98143537706576,37.41748283897723],[-121.99280779590266,37.41405520490733]]]}"
California,Santa Clara,9263843084188254208,339.0372796713833,339.037,202512,deployment,"{""type"":""Polygon"",""coordinates"":[[[-121.98143537706576,37.41748283897723],[-121.98143537706576,37.407876863552055],[-121.97006177702893,37.41130313892461],[-121.97006177702893,37.42090942589049],[-121.98143537706576,37.41748283897723]]]}"
California,Santa Clara,9263843221627207680,47.49436816715318,47.494,202512,deployment,"{""type"":""Polygon"",""coordinates"":[[[-121.95868699685857,37.42433496507149],[-121.9586869968586,37.4147283667975],[-121.94731103762199,37.418152546595344],[-121.94731103762199,37.427759455944894],[-121.95868699685857,37.42433496507149]]]}"
California,Santa Clara,9263843977541451776,87.12482587011286,87.125,202512,deployment,"{""type"":""Polygon"",""coordinates"":[[[-121.94731103762199,37.418152546595344],[-121.94731103762199,37.4085443908028],[-121.93593390038714,37.41196721068211],[-121.93593390038714,37.421575677743114],[-121.94731103762199,37.418152546595344]]]}"
California,Santa Clara,9263844011901190144,661.1938266632831,661.194,202512,deployment,"{""type"":""Polygon"",""coordinates"":[[[-121.94731103762199,37.4085443908028],[-121.94731103762199,37.39893498909708],[-121.93593390038714,37.40235749728245],[-121.93593390038714,37.41196721068211],[-121.94731103762199,37.4085443908028]]]}"
California,Santa Clara,9263844389858312192,344.60010881811274,344.6,202512,deployment,"{""type"":""Polygon"",""coordinates"":[[[-121.93593390038714,37.392746538074434],[-121.93593390038714,37.38313433358888],[-121.92455558622281,37.386555168815484],[-121.92455558622281,37.39616768561337],[-121.93593390038714,37.392746538074434]]]}"
California,Santa Clara,9263844424218050560,131.8701562893434,131.87,202512,deployment,"{""type"":""Polygon"",""coordinates"":[[[-121.93593390038714,37.40235749728245],[-121.93593390038714,37.392746538074434],[-121.92455558622281,37.39616768561337],[-121.92455558622281,37.405778956708154],[-121.93593390038714,37.40235749728245]]]}"
California,Santa Clara,9263844458577788928,1003.5360273253493,1003.536,202512,deployment,"{""type"":""Polygon"",""coordinates"":[[[-121.94731103762199,37.39893498909708],[-121.94731103762199,37.389324342008564],[-121.93593390038714,37.392746538074434],[-121.93593390038714,37.40235749728245],[-121.94731103762199,37.39893498909708]]]}"
California,Santa Clara,9263844492937527296,131.6462605561846,131.646,202512,deployment,"{""type"":""Polygon"",""coordinates"":[[[-121.94731103762199,37.389324342008564],[-121.94731103762199,37.37971245006818],[-121.93593390038714,37.38313433358888],[-121.93593390038714,37.392746538074434],[-121.94731103762199,37.389324342008564]]]}"
California,Santa Clara,9263844527297265664,538.6040198481722,538.604,202512,deployment,"{""type"":""Polygon"",""coordinates"":[[[-121.95868699685857,37.3859010979907],[-121.95868699685857,37.376289518828386],[-121.94731103762199,37.37971245006818],[-121.94731103762199,37.389324342008564],[-121.95868699685857,37.3859010979907]]]}"
California,Santa Clara,9263844561657004032,3242.144618557143,3242.145,202512,deployment,"{""type"":""Polygon"",""coordinates"":[[[-121.97006177702893,37.38247680659606],[-121.97006177702893,37.37286554044483],[-121.95868699685857,37.376289518828386],[-121.95868699685857,37.3859010979907],[-121.97006177702893,37.38247680659606]]]}"
California,Santa Clara,9263844596016742400,1493.4754830012982,1493.475,202512,deployment,"{""type"":""Polygon"",""coordinates"":[[[-121.97006177702893,37.3920868287471],[-121.97006177702893,37.38247680659606],[-121.95868699685857,37.3859010979907],[-121.9586869968586,37.3955114327269],[-121.97006177702893,37.3920868287471]]]}"
California,Santa Clara,9263844630376480768,1340.1803656439383,1340.18,202512,deployment,"{""type"":""Polygon"",""coordinates"":[[[-121.9586869968586,37.3955114327269],[-121.95868699685857,37.3859010979907],[-121.94731103762199,37.389324342008564],[-121.94731103762199,37.39893498909708],[-121.9586869968586,37.3955114327269]]]}"
California,Santa Clara,9263844664736219136,326.2275490791567,326.228,202512,deployment,"{""type"":""Polygon"",""coordinates"":[[[-121.95868699685857,37.405120522505996],[-121.9586869968586,37.3955114327269],[-121.94731103762199,37.39893498909708],[-121.94731103762199,37.4085443908028],[-121.95868699685857,37.405120522505996]]]}"
California,Santa Clara,9263844699095957504,670.831302773617,670.831,202512,deployment,"{""type"":""Polygon"",""coordinates"":[[[-121.9586869968586,37.4147283667975],[-121.95868699685857,37.405120522505996],[-121.94731103762199,37.4085443908028],[-121.94731103762199,37.418152546595344],[-121.9586869968586,37.4147283667975]]]}"
California,Santa Clara,9263844733455695872,1119.4426360191744,1119.443,202512,deployment,"{""type"":""Polygon"",""coordinates"":[[[-121.97006177702893,37.41130313892461],[-121.97006177702893,37.40169560636679],[-121.95868699685857,37.405120522505996],[-121.9586869968586,37.4147283667975],[-121.97006177702893,37.41130313892461]]]}"
California,Santa Clara,9263844767815434240,649.7433078513019,649.743,202512,deployment,"{""type"":""Polygon"",""coordinates"":[[[-121.97006177702893,37.40169560636679],[-121.97006177702893,37.3920868287471],[-121.9586869968586,37.3955114327269],[-121.95868699685857,37.405120522505996],[-121.97006177702893,37.40169560636679]]]}"
California,Santa Clara,9263844802175172608,1333.7084134953327,1333.708,202512,deployment,"{""type"":""Polygon"",""coordinates"":[[[-121.98143537706576,37.398269642960656],[-121.98143537706576,37.38866117773317],[-121.97006177702893,37.3920868287471],[-121.97006177702893,37.40169560636679],[-121.98143537706576,37.398269642960656]]]}"
California,Santa Clara,9263844836534910976,1478.8667895490316,1478.867,202512,deployment,"{""type"":""Polygon"",""coordinates"":[[[-121.98143537706576,37.407876863552055],[-121.98143537706576,37.398269642960656],[-121.97006177702893,37.40169560636679],[-121.97006177702893,37.41130313892461],[-121.98143537706576,37.407876863552055]]]}"
California,Santa Clara,9263844870894649344,479.6813539507427,479.681,202512,deployment,"{""type"":""Polygon"",""coordinates"":[[[-121.99280779590266,37.40444954125553],[-121.99280779590266,37.394842632863345],[-121.98143537706576,37.398269642960656],[-121.98143537706576,37.407876863552055],[-121.99280779590266,37.40444954125553]]]}"
California,Santa Clara,9263844905254387712,1027.0892912395036,1027.089,202512,deployment,"{""type"":""Polygon"",""coordinates"":[[[-121.99280779590266,37.394842632863345],[-121.99280779590266,37.385234480260976],[-121.98143537706576,37.38866117773317],[-121.98143537706576,37.398269642960656],[-121.99280779590266,37.394842632863345]]]}"
California,Santa Clara,9263844939614126080,4446.158349839446,4446.158,202512,deployment,"{""type"":""Polygon"",""coordinates"":[[[-121.99280779590266,37.385234480260976],[-121.99280779590266,37.3756250839792],[-121.98143537706576,37.37905146840026],[-121.98143537706576,37.38866117773317],[-121.99280779590266,37.385234480260976]]]}"
California,Santa Clara,9263844973973864448,2241.6177273194808,2241.618,202512,deployment,"{""type"":""Polygon"",""coordinates"":[[[-121.98143537706576,37.38866117773317],[-121.98143537706576,37.37905146840026],[-121.97006177702893,37.38247680659606],[-121.97006177702893,37.3920868287471],[-121.98143537706576,37.38866117773317]]]}"
California,Santa Clara,9263845008333602816,6484.062467126173,6484.062,202512,deployment,"{""type"":""Polygon"",""coordinates"":[[[-121.98143537706576,37.37905146840026],[-121.98143537706576,37.369440515493146],[-121.97006177702893,37.37286554044483],[-121.97006177702893,37.38247680659606],[-121.98143537706576,37.37905146840026]]]}"
California,Santa Clara,9263845042693341184,2606.0363064252538,2606.036,202512,deployment,"{""type"":""Polygon"",""coordinates"":[[[-121.99280779590266,37.3756250839792],[-121.99280779590266,37.36601444454932],[-121.98143537706576,37.369440515493146],[-121.98143537706576,37.37905146840026],[-121.99280779590266,37.3756250839792]]]}"
California,Santa Clara,9263845077053079552,312.3819420911532,312.382,202512,deployment,"{""type"":""Polygon"",""coordinates"":[[[-121.99280779590266,37.36601444454932],[-121.99280779590266,37.35640256250318],[-121.98143537706576,37.359828319543546],[-121.98143537706576,37.369440515493146],[-121.99280779590266,37.36601444454932]]]}"
California,Santa Clara,9263845111412817920,788.8713470716852,788.871,202512,deployment,"{""type"":""Polygon"",""coordinates"":[[[-121.99280779590266,37.35640256250318],[-121.99280779590266,37.346789438373136],[-121.98143537706576,37.35021488108376],[-121.98143537706576,37.359828319543546],[-121.99280779590266,37.35640256250318]]]}"
California,Santa Clara,9263845145772556288,752.102029022199,752.102,202512,deployment,"{""type"":""Polygon"",""coordinates"":[[[-121.98143537706576,37.359828319543546],[-121.98143537706576,37.35021488108376],[-121.97006177702893,37.35363927826882],[-121.97006177702893,37.36325303082502],[-121.98143537706576,37.359828319543546]]]}"
California,Santa Clara,9263845180132294656,630.8800166450418,630.88,202512,deployment,"{""type"":""Polygon"",""coordinates"":[[[-121.98143537706576,37.369440515493146],[-121.98143537706576,37.359828319543546],[-121.97006177702893,37.36325303082502],[-121.97006177702893,37.37286554044483],[-121.98143537706576,37.369440515493146]]]}"
California,Santa Clara,9263845214492033024,3909.208986387244,3909.209,202512,deployment,"{""type"":""Polygon"",""coordinates"":[[[-121.97006177702893,37.37286554044483],[-121.97006177702893,37.36325303082502],[-121.95868699685857,37.36667669577153],[-121.95868699685857,37.376289518828386],[-121.97006177702893,37.37286554044483]]]}"
California,Santa Clara,9263845248851771392,3516.71477696044,3516.715,202512,deployment,"{""type"":""Polygon"",""coordinates"":[[[-121.95868699685857,37.376289518828386],[-121.95868699685857,37.36667669577153],[-121.94731103762199,37.37009931380735],[-121.94731103762199,37.37971245006818],[-121.95868699685857,37.376289518828386]]]}"
California,Santa Clara,9263845283211509760,660.3190338738509,660.319,202512,deployment,"{""type"":""Polygon"",""coordinates"":[[[-121.95868699685857,37.36667669577153],[-121.9586869968586,37.35706262935219],[-121.94731103762199,37.36048493375809],[-121.94731103762199,37.37009931380735],[-121.95868699685857,37.36667669577153]]]}"
California,Santa Clara,9263845317571248128,1815.7409648979262,1815.741,202512,deployment,"{""type"":""Polygon"",""coordinates"":[[[-121.97006177702893,37.36325303082502],[-121.97006177702893,37.35363927826882],[-121.9586869968586,37.35706262935219],[-121.95868699685857,37.36667669577153],[-121.97006177702893,37.36325303082502]]]}"
California,Santa Clara,9263845351930986496,2487.779022677003,2487.779,202512,deployment,"{""type"":""Polygon"",""coordinates"":[[[-121.97006177702893,37.35363927826882],[-121.97006177702893,37.34402428330895],[-121.95868699685857,37.347447320103],[-121.9586869968586,37.35706262935219],[-121.97006177702893,37.35363927826882]]]}"
California,Santa Clara,9263845386290724864,1229.107653878799,1229.108,202512,deployment,"{""type"":""Polygon"",""coordinates"":[[[-121.9586869968586,37.35706262935219],[-121.95868699685857,37.347447320103],[-121.94731103762199,37.3508693104529],[-121.94731103762199,37.36048493375809],[-121.9586869968586,37.35706262935219]]]}"
California,Santa Clara,9263845420650463232,666.436152152548,666.436,202512,deployment,"{""type"":""Polygon"",""coordinates"":[[[-121.95868699685857,37.347447320103],[-121.95868699685857,37.33783076855712],[-121.94731103762199,37.34125244442485],[-121.94731103762199,37.3508693104529],[-121.95868699685857,37.347447320103]]]}"
California,Santa Clara,9263845455010201600,1442.9462530794892,1442.946,202512,deployment,"{""type"":""Polygon"",""coordinates"":[[[-121.97006177702893,37.34402428330895],[-121.97006177702893,37.33440804647865],[-121.95868699685857,37.33783076855712],[-121.95868699685857,37.347447320103],[-121.97006177702893,37.34402428330895]]]}"
California,Santa Clara,9263845489369939968,1034.9241497009357,1034.924,202512,deployment,"{""type"":""Polygon"",""coordinates"":[[[-121.98143537706576,37.34060020064659],[-121.98143537706576,37.33098427876537],[-121.97006177702893,37.33440804647865],[-121.97006177702893,37.34402428330895],[-121.98143537706576,37.34060020064659]]]}"
California,Santa Clara,9263845523729678336,878.9625881131776,878.963,202512,deployment,"{""type"":""Polygon"",""coordinates"":[[[-121.98143537706576,37.35021488108376],[-121.98143537706576,37.34060020064659],[-121.97006177702893,37.34402428330895],[-121.97006177702893,37.35363927826882],[-121.98143537706576,37.35021488108376]]]}"
California,Santa Clara,9263845558089416704,820.4428384223318,820.443,202512,deployment,"{""type"":""Polygon"",""coordinates"":[[[-121.99280779590266,37.346789438373136],[-121.99280779590266,37.33717507269211],[-121.98143537706576,37.34060020064659],[-121.98143537706576,37.35021488108376],[-121.99280779590266,37.346789438373136]]]}"
California,Santa Clara,9263845592449155072,1051.2315561648843,1051.232,202512,deployment,"{""type"":""Polygon"",""coordinates"":[[[-121.99280779590266,37.33717507269211],[-121.99280779590266,37.327559465993545],[-121.98143537706576,37.33098427876537],[-121.98143537706576,37.34060020064659],[-121.99280779590266,37.33717507269211]]]}"
California,Santa Clara,9263845626808893440,500.1832511663573,500.183,202512,deployment,"{""type"":""Polygon"",""coordinates"":[[[-121.99280779590266,37.327559465993545],[-121.99280779590266,37.31794261881143],[-121.98143537706576,37.32136711597402],[-121.98143537706576,37.33098427876537],[-121.99280779590266,37.327559465993545]]]}"
California,Santa Clara,9263845661168631808,963.6382229536563,963.638,202512,deployment,"{""type"":""Polygon"",""coordinates"":[[[-121.98143537706576,37.33098427876537],[-121.98143537706576,37.32136711597402],[-121.97006177702893,37.32479056831173],[-121.97006177702893,37.33440804647865],[-121.98143537706576,37.33098427876537]]]}"
California,Santa Clara,9263845695528370176,264.3316608555979,264.332,202512,deployment,"{""type"":""Polygon"",""coordinates"":[[[-121.98143537706576,37.32136711597402],[-121.98143537706576,37.311748712806946],[-121.97006177702893,37.31517184934251],[-121.97006177702893,37.32479056831173],[-121.98143537706576,37.32136711597402]]]}"
California,Santa Clara,9263845729888108544,31.196483851005034,31.196,202512,deployment,"{""type"":""Polygon"",""coordinates"":[[[-121.99280779590266,37.31794261881143],[-121.99280779590266,37.30832453168028],[-121.98143537706576,37.311748712806946],[-121.98143537706576,37.32136711597402],[-121.99280779590266,37.31794261881143]]]}"
California,Santa Clara,9263845901686800384,39.96107165141002,39.961,202512,deployment,"{""type"":""Polygon"",""coordinates"":[[[-121.97006177702893,37.31517184934251],[-121.97006177702893,37.30555189010584],[-121.9586869968586,37.308973665478916],[-121.95868699685857,37.31859394071058],[-121.97006177702893,37.31517184934251]]]}"
California,Santa Clara,9263846004766015488,280.49018530028735,280.49,202512,deployment,"{""type"":""Polygon"",""coordinates"":[[[-121.95868699685857,37.31859394071058],[-121.9586869968586,37.308973665478916],[-121.94731103762199,37.31239439534219],[-121.94731103762199,37.322014986335084],[-121.95868699685857,37.31859394071058]]]}"
California,Santa Clara,9263846039125753856,1759.216074571014,1759.216,202512,deployment,"{""type"":""Polygon"",""coordinates"":[[[-121.9586869968586,37.328212975248235],[-121.95868699685857,37.31859394071058],[-121.94731103762199,37.322014986335084],[-121.94731103762199,37.331634336207536],[-121.9586869968586,37.328212975248235]]]}"
California,Santa Clara,9263846073485492224,1201.065935132985,1201.066,202512,deployment,"{""type"":""Polygon"",""coordinates"":[[[-121.97006177702893,37.32479056831173],[-121.97006177702893,37.31517184934251],[-121.95868699685857,37.31859394071058],[-121.9586869968586,37.328212975248235],[-121.97006177702893,37.32479056831173]]]}"
California,Santa Clara,9263846107845230592,1943.3221954234104,1943.322,202512,deployment,"{""type"":""Polygon"",""coordinates"":[[[-121.97006177702893,37.33440804647865],[-121.97006177702893,37.32479056831173],[-121.9586869968586,37.328212975248235],[-121.95868699685857,37.33783076855712],[-121.97006177702893,37.33440804647865]]]}"
California,Santa Clara,9263846142204968960,783.3799502253107,783.38,202512,deployment,"{""type"":""Polygon"",""coordinates"":[[[-121.95868699685857,37.33783076855712],[-121.9586869968586,37.328212975248235],[-121.94731103762199,37.331634336207536],[-121.94731103762199,37.34125244442485],[-121.95868699685857,37.33783076855712]]]}"
California,Santa Clara,9263846176564707328,451.5264629236079,451.526,202512,deployment,"{""type"":""Polygon"",""coordinates"":[[[-121.94731103762199,37.34125244442485],[-121.94731103762199,37.331634336207536],[-121.93593390038714,37.33505465061397],[-121.93593390038714,37.34467307350625],[-121.94731103762199,37.34125244442485]]]}"
California,Santa Clara,9263846210924445696,297.5857869704049,297.586,202512,deployment,"{""type"":""Polygon"",""coordinates"":[[[-121.93593390038714,37.34467307350625],[-121.93593390038714,37.33505465061397],[-121.92455558622281,37.3384739178922],[-121.92455558622281,37.34809265522604],[-121.93593390038714,37.34467307350625]]]}"
California,Santa Clara,9263846245284184064,398.49079898415266,398.491,202512,deployment,"{""type"":""Polygon"",""coordinates"":[[[-121.93593390038714,37.33505465061397],[-121.93593390038714,37.325434985640314],[-121.92455558622281,37.32885393805085],[-121.92455558622281,37.3384739178922],[-121.93593390038714,37.33505465061397]]]}"
California,Santa Clara,9263846279643922432,1015.5146431882641,1015.515,202512,deployment,"{""type"":""Polygon"",""coordinates"":[[[-121.94731103762199,37.331634336207536],[-121.94731103762199,37.322014986335084],[-121.93593390038714,37.325434985640314],[-121.93593390038714,37.33505465061397],[-121.94731103762199,37.331634336207536]]]}"
California,Santa Clara,9263846314003660800,293.69940902899026,293.699,202512,deployment,"{""type"":""Polygon"",""coordinates"":[[[-121.94731103762199,37.322014986335084],[-121.94731103762199,37.31239439534219],[-121.93593390038714,37.31581407911985],[-121.93593390038714,37.325434985640314],[-121.94731103762199,37.322014986335084]]]}"
California,Santa Clara,9263846382723137536,10.899606024430346,10.9,202512,deployment,"{""type"":""Polygon"",""coordinates"":[[[-121.93593390038714,37.31581407911985],[-121.93593390038714,37.3061919315877],[-121.92455558622281,37.30961025298403],[-121.92455558622281,37.31923271623644],[-121.93593390038714,37.31581407911985]]]}"
California,Santa Clara,9263846417082875904,343.20904699254606,343.209,202512,deployment,"{""type"":""Polygon"",""coordinates"":[[[-121.93593390038714,37.325434985640314],[-121.93593390038714,37.31581407911985],[-121.92455558622281,37.31923271623644],[-121.92455558622281,37.32885393805085],[-121.93593390038714,37.325434985640314]]]}"
California,Santa Clara,9263846451442614272,106.2002476810717,106.2,202512,deployment,"{""type"":""Polygon"",""coordinates"":[[[-121.92455558622281,37.32885393805085],[-121.92455558622281,37.31923271623644],[-121.91317609619855,37.322650306116834],[-121.91317609619855,37.33227184299162],[-121.92455558622281,37.32885393805085]]]}"
California,Santa Clara,9263846485802352640,9.67794240296608,9.678,202512,deployment,"{""type"":""Polygon"",""coordinates"":[[[-121.92455558622281,37.31923271623644],[-121.92455558622281,37.30961025298403],[-121.91317609619855,37.3130275273778],[-121.91317609619855,37.322650306116834],[-121.92455558622281,37.31923271623644]]]}"
California,Santa Clara,9263846520162091008,24.97869735212347,24.979,202512,deployment,"{""type"":""Polygon"",""coordinates"":[[[-121.91317609619855,37.322650306116834],[-121.91317609619855,37.3130275273778],[-121.90179543138471,37.31644375419415],[-121.90179543138471,37.326066848186194],[-121.91317609619855,37.322650306116834]]]}"
California,Santa Clara,9263846554521829376,161.2879923442958,161.288,202512,deployment,"{""type"":""Polygon"",""coordinates"":[[[-121.91317609619855,37.33227184299162],[-121.91317609619855,37.322650306116834],[-121.90179543138471,37.326066848186194],[-121.90179543138471,37.33568869988789],[-121.91317609619855,37.33227184299162]]]}"
California,Santa Clara,9263846588881567744,113.972972351087,113.973,202512,deployment,"{""type"":""Polygon"",""coordinates"":[[[-121.91317609619855,37.341892137467234],[-121.91317609619855,37.33227184299162],[-121.90179543138471,37.33568869988789],[-121.90179543138471,37.3453093087644],[-121.91317609619855,37.341892137467234]]]}"
California,Santa Clara,9263846623241306112,240.18583511322203,240.186,202512,deployment,"{""type"":""Polygon"",""coordinates"":[[[-121.92455558622281,37.3384739178922],[-121.92455558622281,37.32885393805085],[-121.91317609619855,37.33227184299162],[-121.91317609619855,37.341892137467234],[-121.92455558622281,37.3384739178922]]]}"
California,Santa Clara,9263846657601044480,313.1829092717909,313.183,202512,deployment,"{""type"":""Polygon"",""coordinates"":[[[-121.92455558622281,37.34809265522604],[-121.92455558622281,37.3384739178922],[-121.91317609619855,37.341892137467234],[-121.91317609619855,37.351511189009315],[-121.92455558622281,37.34809265522604]]]}"
California,Santa Clara,9263846691960782848,40.09889275117665,40.099,202512,deployment,"{""type"":""Polygon"",""coordinates"":[[[-121.91317609619855,37.351511189009315],[-121.91317609619855,37.341892137467234],[-121.90179543138471,37.3453093087644],[-121.90179543138471,37.354928674281446],[-121.91317609619855,37.351511189009315]]]}"
California,Santa Clara,9263846726320521216,619.8016428453332,619.802,202512,deployment,"{""type"":""Polygon"",""coordinates"":[[[-121.91317609619855,37.361128997084],[-121.91317609619855,37.351511189009315],[-121.90179543138471,37.354928674281446],[-121.90179543138471,37.3645467959053],[-121.91317609619855,37.361128997084]]]}"
California,Santa Clara,9263846760680259584,135.8521438424679,135.852,202512,deployment,"{""type"":""Polygon"",""coordinates"":[[[-121.91317609619855,37.370745561157996],[-121.91317609619855,37.361128997084],[-121.90179543138471,37.3645467959053],[-121.90179543138471,37.374163673102714],[-121.91317609619855,37.370745561157996]]]}"
California,Santa Clara,9263846795039997952,3508.624833341292,3508.625,202512,deployment,"{""type"":""Polygon"",""coordinates"":[[[-121.92455558622281,37.367326400235946],[-121.92455558622281,37.35771014951843],[-121.91317609619855,37.361128997084],[-121.91317609619855,37.370745561157996],[-121.92455558622281,37.367326400235946]]]}"
California,Santa Clara,9263846829399736320,5568.975465021773,5568.975,202512,deployment,"{""type"":""Polygon"",""coordinates"":[[[-121.92455558622281,37.35771014951843],[-121.92455558622281,37.34809265522604],[-121.91317609619855,37.351511189009315],[-121.91317609619855,37.361128997084],[-121.92455558622281,37.35771014951843]]]}"
California,Santa Clara,9263846863759474688,2242.452624864201,2242.453,202512,deployment,"{""type"":""Polygon"",""coordinates"":[[[-121.93593390038714,37.3542902537831],[-121.93593390038714,37.34467307350625],[-121.92455558622281,37.34809265522604],[-121.92455558622281,37.35771014951843],[-121.93593390038714,37.3542902537831]]]}"
California,Santa Clara,9263846898119213056,679.747629729762,679.748,202512,deployment,"{""type"":""Polygon"",""coordinates"":[[[-121.94731103762199,37.3508693104529],[-121.94731103762199,37.34125244442485],[-121.93593390038714,37.34467307350625],[-121.93593390038714,37.3542902537831],[-121.94731103762199,37.3508693104529]]]}"
California,Santa Clara,9263846932478951424,3990.6849911244267,3990.685,202512,deployment,"{""type"":""Polygon"",""coordinates"":[[[-121.94731103762199,37.36048493375809],[-121.94731103762199,37.3508693104529],[-121.93593390038714,37.3542902537831],[-121.93593390038714,37.36390619091105],[-121.94731103762199,37.36048493375809]]]}"
California,Santa Clara,9263846966838689792,1867.0883488043619,1867.088,202512,deployment,"{""type"":""Polygon"",""coordinates"":[[[-121.93593390038714,37.36390619091105],[-121.93593390038714,37.3542902537831],[-121.92455558622281,37.35771014951843],[-121.92455558622281,37.367326400235946],[-121.93593390038714,37.36390619091105]]]}"
California,Santa Clara,9263847001198428160,2513.098336851164,2513.098,202512,deployment,"{""type"":""Polygon"",""coordinates"":[[[-121.93593390038714,37.37352088435711],[-121.93593390038714,37.36390619091105],[-121.92455558622281,37.367326400235946],[-121.92455558622281,37.376941406845745],[-121.93593390038714,37.37352088435711]]]}"
California,Santa Clara,9263847035558166528,2394.119119643761,2394.119,202512,deployment,"{""type"":""Polygon"",""coordinates"":[[[-121.94731103762199,37.37009931380735],[-121.94731103762199,37.36048493375809],[-121.93593390038714,37.36390619091105],[-121.93593390038714,37.37352088435711],[-121.94731103762199,37.37009931380735]]]}"
California,Santa Clara,9263847069917904896,2190.1519079322925,2190.152,202512,deployment,"{""type"":""Polygon"",""coordinates"":[[[-121.94731103762199,37.37971245006818],[-121.94731103762199,37.37009931380735],[-121.93593390038714,37.37352088435711],[-121.93593390038714,37.38313433358888],[-121.94731103762199,37.37971245006818]]]}"
California,Santa Clara,9263847104277643264,929.6671949525384,929.667,202512,deployment,"{""type"":""Polygon"",""coordinates"":[[[-121.93593390038714,37.38313433358888],[-121.93593390038714,37.37352088435711],[-121.92455558622281,37.376941406845745],[-121.92455558622281,37.386555168815484],[-121.93593390038714,37.38313433358888]]]}"
California,Santa Clara,9263847138637381632,85.79823679973732,85.798,202512,deployment,"{""type"":""Polygon"",""coordinates"":[[[-121.92455558622281,37.386555168815484],[-121.92455558622281,37.376941406845745],[-121.91317609619855,37.38036088069853],[-121.91317609619855,37.38997495517336],[-121.92455558622281,37.386555168815484]]]}"
California,Santa Clara,9263847172997120000,1188.8467269409045,1188.847,202512,deployment,"{""type"":""Polygon"",""coordinates"":[[[-121.92455558622281,37.376941406845745],[-121.92455558622281,37.367326400235946],[-121.91317609619855,37.370745561157996],[-121.91317609619855,37.38036088069853],[-121.92455558622281,37.376941406845745]]]}"
California,Santa Clara,9263847928911364096,8.041134633025898,8.041,202512,deployment,"{""type"":""Polygon"",""coordinates"":[[[-121.90179543138471,37.3453093087644],[-121.90179543138471,37.33568869988789],[-121.89041359285233,37.33910450816524],[-121.89041359285233,37.348725431209346],[-121.90179543138471,37.3453093087644]]]}"
California,Santa Clara,9263847963271102464,48.327433411193695,48.327,202512,deployment,"{""type"":""Polygon"",""coordinates"":[[[-121.90179543138471,37.33568869988789],[-121.90179543138471,37.326066848186194],[-121.89041359285233,37.329482341870055],[-121.89041359285233,37.33910450816524],[-121.90179543138471,37.33568869988789]]]}"
California,Santa Clara,9263847997630840832,21.85620910132945,21.856,202512,deployment,"{""type"":""Polygon"",""coordinates"":[[[-121.90179543138471,37.326066848186194],[-121.90179543138471,37.31644375419415],[-121.89041359285233,37.319858932858516],[-121.89041359285233,37.329482341870055],[-121.90179543138471,37.326066848186194]]]}"
Texas,Travis,9675052255358746624,0.6501541984921594,0.65,202512,deployment,"{""type"":""Polygon"",""coordinates"":[[[-97.64396113128684,30.201407217795282],[-97.64396113128684,30.18993359060017],[-97.63311297235884,30.190565973865667],[-97.63311297235884,30.202039745003944],[-97.64396113128684,30.201407217795282]]]}"
Texas,Travis,9675052289718484992,0.5625893750454743,0.563,202512,deployment,"{""type"":""Polygon"",""coordinates"":[[[-97.64396113128684,30.212879856062717],[-97.64396113128684,30.201407217795282],[-97.63311297235884,30.202039745003944],[-97.63311297235884,30.213512527100693],[-97.64396113128684,30.212879856062717]]]}"
Texas,Travis,9675052324078223360,1.2057590608318074,1.206,202512,deployment,"{""type"":""Polygon"",""coordinates"":[[[-97.65481097525692,30.212246185217627],[-97.65481097525692,30.200773691012408],[-97.64396113128684,30.201407217795282],[-97.64396113128684,30.212879856062717],[-97.65481097525692,30.212246185217627]]]}"
Texas,Travis,9675052358437961728,0.8940474042865295,0.894,202512,deployment,"{""type"":""Polygon"",""coordinates"":[[[-97.65481097525692,30.200773691012408],[-97.65481097525692,30.189300207993544],[-97.64396113128684,30.18993359060017],[-97.64396113128684,30.201407217795282],[-97.65481097525692,30.200773691012408]]]}"
Texas,Travis,9675052392797700096,1.294963920037265,1.295,202512,deployment,"{""type"":""Polygon"",""coordinates"":[[[-97.65481097525692,30.189300207993544],[-97.65481097525692,30.177825737325],[-97.64396113128684,30.178458975641366],[-97.64396113128684,30.18993359060017],[-97.65481097525692,30.189300207993544]]]}"
Texas,Travis,9675052495876915200,1.0736343195587257,1.074,202512,deployment,"{""type"":""Polygon"",""coordinates"":[[[-97.65481097525692,30.177825737325],[-97.65481097525692,30.166350280171457],[-97.64396113128684,30.16698337408355],[-97.64396113128684,30.178458975641366],[-97.65481097525692,30.177825737325]]]}"
Texas,Travis,9675052530236653568,1.291612408165838,1.292,202512,deployment,"{""type"":""Polygon"",""coordinates"":[[[-97.66566250319175,30.17719149953225],[-97.66566250319175,30.16571618701653],[-97.65481097525692,30.166350280171457],[-97.65481097525692,30.177825737325],[-97.66566250319175,30.17719149953225]]]}"
Texas,Travis,9675052564596391936,1.1313055000728838,1.131,202512,deployment,"{""type"":""Polygon"",""coordinates"":[[[-97.67651571401332,30.176556261894945],[-97.67651571401332,30.165081094250684],[-97.66566250319175,30.16571618701653],[-97.66566250319175,30.17719149953225],[-97.67651571401332,30.176556261894945]]]}"
Texas,Travis,9675052702035345408,0.31900915891624065,0.319,202512,deployment,"{""type"":""Polygon"",""coordinates"":[[[-97.66566250319175,30.211611514196605],[-97.66566250319175,30.200139164286604],[-97.65481097525692,30.200773691012408],[-97.65481097525692,30.212246185217627],[-97.66566250319175,30.211611514196605]]]}"
Texas,Travis,9675052805114560512,9.908382085741763,0.272,202512,deployment,"{""type"":""Polygon"",""coordinates"":[[[-97.68737060664283,30.19886710953289],[-97.68737060664283,30.18739406044232],[-97.67651571401332,30.188030443282756],[-97.67651571401332,30.19950363724946],[-97.68737060664283,30.19886710953289]]]}"
Texas,Travis,9675052839474298880,30.477971830191418,3.753,202512,deployment,"{""type"":""Polygon"",""coordinates"":[[[-97.68737060664283,30.210339170152974],[-97.68737060664283,30.19886710953289],[-97.67651571401332,30.19950363724946],[-97.67651571401332,30.210975842631118],[-97.68737060664283,30.210339170152974]]]}"
Texas,Travis,9675052908193775616,756.0649854002563,452.626,202512,deployment,"{""type"":""Polygon"",""coordinates"":[[[-97.69822718000074,30.198229580769112],[-97.69822718000074,30.186756676788185],[-97.68737060664283,30.18739406044232],[-97.68737060664283,30.19886710953289],[-97.69822718000074,30.198229580769112]]]}"
Texas,Travis,9675052942553513984,0.6948864137691011,0.695,202512,deployment,"{""type"":""Polygon"",""coordinates"":[[[-97.69822718000074,30.186756676788185],[-97.69822718000074,30.175282785615444],[-97.68737060664283,30.175920024045194],[-97.68737060664283,30.18739406044232],[-97.69822718000074,30.186756676788185]]]}"
Texas,Travis,9675052976913252352,0.9964245291337323,0.996,202512,deployment,"{""type"":""Polygon"",""coordinates"":[[[-97.68737060664283,30.18739406044232],[-97.68737060664283,30.175920024045194],[-97.67651571401332,30.176556261894945],[-97.67651571401332,30.188030443282756],[-97.68737060664283,30.18739406044232]]]}"
Texas,Travis,9675053011272990720,0.37654854135995547,0.377,202512,deployment,"{""type"":""Polygon"",""coordinates"":[[[-97.68737060664283,30.175920024045194],[-97.68737060664283,30.16444500150616],[-97.67651571401332,30.165081094250684],[-97.67651571401332,30.176556261894945],[-97.68737060664283,30.175920024045194]]]}"
Texas,Travis,9675053835906711552,102.27651609706253,102.277,202512,deployment,"{""type"":""Polygon"",""coordinates"":[[[-97.71994536457991,30.162530719727545],[-97.71994536457991,30.151055149275912],[-97.70908543300678,30.151694098237716],[-97.70908543300678,30.163169814611578],[-97.71994536457991,30.162530719727545]]]}"
Texas,Travis,9675053904626188288,19.31344611212337,19.313,202512,deployment,"{""type"":""Polygon"",""coordinates"":[[[-97.73080697363837,30.150415199101865],[-97.73080697363837,30.138938791456106],[-97.71994536457991,30.139578595358312],[-97.71994536457991,30.151055149275912],[-97.73080697363837,30.150415199101865]]]}"
Texas,Travis,9675053938985926656,224.69574407098258,224.696,202512,deployment,"{""type"":""Polygon"",""coordinates"":[[[-97.73080697363837,30.161890623396896],[-97.73080697363837,30.150415199101865],[-97.71994536457991,30.151055149275912],[-97.71994536457991,30.162530719727545],[-97.73080697363837,30.161890623396896]]]}"
Texas,Travis,9675053973345665024,346.54389446232534,346.544,202512,deployment,"{""type"":""Polygon"",""coordinates"":[[[-97.74167025909962,30.161249525253425],[-97.74167025909962,30.149774247349498],[-97.73080697363837,30.150415199101865],[-97.73080697363837,30.161890623396896],[-97.74167025909962,30.161249525253425]]]}"
Texas,Travis,9675054007705403392,94.6301184462705,94.63,202512,deployment,"{""type"":""Polygon"",""coordinates"":[[[-97.74167025909962,30.149774247349498],[-97.74167025909962,30.13829798621022],[-97.73080697363837,30.138938791456106],[-97.73080697363837,30.150415199101865],[-97.74167025909962,30.149774247349498]]]}"
Texas,Travis,9675054523101478912,129.05985773972986,129.06,202512,deployment,"{""type"":""Polygon"",""coordinates"":[[[-97.78514014329618,30.15867510723818],[-97.78514014329618,30.147200417245738],[-97.7742701630638,30.14784537896612],[-97.7742701630638,30.15932021628872],[-97.78514014329618,30.15867510723818]]]}"
Texas,Travis,9675054557461217280,240.02568068746902,240.026,202512,deployment,"{""type"":""Polygon"",""coordinates"":[[[-97.7742701630638,30.15932021628872],[-97.7742701630638,30.14784537896612],[-97.76340185489671,30.14848933764693],[-97.76340185489671,30.15996432206476],[-97.7742701630638,30.15932021628872]]]}"
Texas,Travis,9675054591820955648,435.1733021652663,435.173,202512,deployment,"{""type"":""Polygon"",""coordinates"":[[[-97.76340185489671,30.15996432206476],[-97.76340185489671,30.14848933764693],[-97.75253521988041,30.149132293653004],[-97.75253521988041,30.160607424931236],[-97.76340185489671,30.15996432206476]]]}"
Texas,Travis,9675054626180694016,0.019982205093763777,0.02,202512,deployment,"{""type"":""Polygon"",""coordinates"":[[[-97.76340185489671,30.14848933764693],[-97.76340185489671,30.137013370225088],[-97.75253521988041,30.137656179255],[-97.75253521988041,30.149132293653004],[-97.76340185489671,30.14848933764693]]]}"
Texas,Travis,9675054660540432384,57.13377703244389,57.134,202512,deployment,"{""type"":""Polygon"",""coordinates"":[[[-97.75253521988041,30.149132293653004],[-97.75253521988041,30.137656179255],[-97.74167025909962,30.13829798621022],[-97.74167025909962,30.149774247349498],[-97.75253521988041,30.149132293653004]]]}"
Texas,Travis,9675054694900170752,572.0204790895252,572.02,202512,deployment,"{""type"":""Polygon"",""coordinates"":[[[-97.75253521988041,30.160607424931236],[-97.75253521988041,30.149132293653004],[-97.74167025909962,30.149774247349498],[-97.74167025909962,30.161249525253425],[-97.75253521988041,30.160607424931236]]]}"
Texas,Travis,9675054763619647488,4722.015645740841,3205.281,202512,deployment,"{""type"":""Polygon"",""coordinates"":[[[-97.75253521988041,30.18355473346533],[-97.75253521988041,30.172081571923766],[-97.74167025909962,30.17272381875606],[-97.74167025909962,30.184197126692126],[-97.75253521988041,30.18355473346533]]]}"
Texas,Travis,9675054797979385856,1558.7296739462895,1370.43,202512,deployment,"{""type"":""Polygon"",""coordinates"":[[[-97.76340185489671,30.18291133722535],[-97.76340185489671,30.171438322312646],[-97.75253521988041,30.172081571923766],[-97.75253521988041,30.18355473346533],[-97.76340185489671,30.18291133722535]]]}"
Texas,Travis,9675054866698862592,288.5539779360802,288.554,202512,deployment,"{""type"":""Polygon"",""coordinates"":[[[-97.7742701630638,30.170794069557328],[-97.7742701630638,30.15932021628872],[-97.76340185489671,30.15996432206476],[-97.76340185489671,30.171438322312646],[-97.7742701630638,30.170794069557328]]]}"
Texas,Travis,9675054901058600960,408.2707548057312,406.577,202512,deployment,"{""type"":""Polygon"",""coordinates"":[[[-97.78514014329618,30.17014881329274],[-97.78514014329618,30.15867510723818],[-97.7742701630638,30.15932021628872],[-97.7742701630638,30.170794069557328],[-97.78514014329618,30.17014881329274]]]}"
Texas,Travis,9675054935418339328,6993.492304923135,4757.013,202512,deployment,"{""type"":""Polygon"",""coordinates"":[[[-97.78514014329618,30.181621534244204],[-97.78514014329618,30.17014881329274],[-97.7742701630638,30.170794069557328],[-97.7742701630638,30.182266937606695],[-97.78514014329618,30.181621534244204]]]}"
Texas,Travis,9675054969778077696,587.959388994746,587.959,202512,deployment,"{""type"":""Polygon"",""coordinates"":[[[-97.7742701630638,30.182266937606695],[-97.7742701630638,30.170794069557328],[-97.76340185489671,30.171438322312646],[-97.76340185489671,30.18291133722535],[-97.7742701630638,30.182266937606695]]]}"
Texas,Travis,9675055004137816064,18849.50962321452,13734.698,202512,deployment,"{""type"":""Polygon"",""coordinates"":[[[-97.7742701630638,30.193738819272284],[-97.7742701630638,30.182266937606695],[-97.76340185489671,30.18291133722535],[-97.76340185489671,30.194383365638306],[-97.7742701630638,30.193738819272284]]]}"
Texas,Travis,9675055038497554432,29372.52959963245,20602.641,202512,deployment,"{""type"":""Polygon"",""coordinates"":[[[-97.78514014329618,30.19309326892803],[-97.78514014329618,30.181621534244204],[-97.7742701630638,30.182266937606695],[-97.7742701630638,30.193738819272284],[-97.78514014329618,30.19309326892803]]]}"
Texas,Travis,9675055072857292800,38847.322822551985,27297.228,202512,deployment,"{""type"":""Polygon"",""coordinates"":[[[-97.78514014329618,30.204564016180388],[-97.78514014329618,30.19309326892803],[-97.7742701630638,30.193738819272284],[-97.7742701630638,30.20520971339025],[-97.78514014329618,30.204564016180388]]]}"
Texas,Travis,9675055107217031168,45144.496325910084,32919.567,202512,deployment,"{""type"":""Polygon"",""coordinates"":[[[-97.7742701630638,30.20520971339025],[-97.7742701630638,30.193738819272284],[-97.76340185489671,30.194383365638306],[-97.76340185489671,30.205854406387655],[-97.7742701630638,30.20520971339025]]]}"
Texas,Travis,9675055141576769536,37550.69777860867,25218.731,202512,deployment,"{""type"":""Polygon"",""coordinates"":[[[-97.76340185489671,30.205854406387655],[-97.76340185489671,30.194383365638306],[-97.75253521988041,30.19502690839136],[-97.75253521988041,30.20649809553799],[-97.76340185489671,30.205854406387655]]]}"
Texas,Travis,9675055175936507904,24175.876788058627,16577.841,202512,deployment,"{""type"":""Polygon"",""coordinates"":[[[-97.76340185489671,30.194383365638306],[-97.76340185489671,30.18291133722535],[-97.75253521988041,30.18355473346533],[-97.75253521988041,30.19502690839136],[-97.76340185489671,30.194383365638306]]]}"
Texas,Travis,9675055210296246272,42810.394763188844,27779.196,202512,deployment,"{""type"":""Polygon"",""coordinates"":[[[-97.75253521988041,30.19502690839136],[-97.75253521988041,30.18355473346533],[-97.74167025909962,30.184197126692126],[-97.74167025909962,30.195669447897057],[-97.75253521988041,30.19502690839136]]]}"
Texas,Travis,9675055244655984640,20633.562810089115,13680.22,202512,deployment,"{""type"":""Polygon"",""coordinates"":[[[-97.75253521988041,30.20649809553799],[-97.75253521988041,30.19502690839136],[-97.74167025909962,30.195669447897057],[-97.74167025909962,30.207140781206956],[-97.75253521988041,30.20649809553799]]]}"
Texas,Travis,9675055279015723008,26801.864378652484,13383.865,202512,deployment,"{""type"":""Polygon"",""coordinates"":[[[-97.74167025909962,30.207140781206956],[-97.74167025909962,30.195669447897057],[-97.73080697363837,30.196310984521308],[-97.73080697363837,30.20778246376059],[-97.74167025909962,30.207140781206956]]]}"
Texas,Travis,9675055313375461376,61006.19877345486,38314.461,202512,deployment,"{""type"":""Polygon"",""coordinates"":[[[-97.73080697363837,30.20778246376059],[-97.73080697363837,30.196310984521308],[-97.71994536457991,30.196951518630314],[-97.71994536457991,30.208423143565195],[-97.73080697363837,30.20778246376059]]]}"
Texas,Travis,9675055382094938112,60880.0179116782,40995.235,202512,deployment,"{""type"":""Polygon"",""coordinates"":[[[-97.74167025909962,30.195669447897057],[-97.74167025909962,30.184197126692126],[-97.73080697363837,30.184838517271555],[-97.73080697363837,30.196310984521308],[-97.74167025909962,30.195669447897057]]]}"
Texas,Travis,9675055450814414848,1494.408635201717,818.058,202512,deployment,"{""type"":""Polygon"",""coordinates"":[[[-97.74167025909962,30.17272381875606],[-97.74167025909962,30.161249525253425],[-97.73080697363837,30.161890623396896],[-97.73080697363837,30.173365063175222],[-97.74167025909962,30.17272381875606]]]}"
Texas,Travis,9675055485174153216,506.4718223182728,233.18,202512,deployment,"{""type"":""Polygon"",""coordinates"":[[[-97.73080697363837,30.173365063175222],[-97.73080697363837,30.161890623396896],[-97.71994536457991,30.162530719727545],[-97.71994536457991,30.17400530554724],[-97.73080697363837,30.173365063175222]]]}"
Texas,Travis,9675055691332583424,12935.842671281123,8727.754,202512,deployment,"{""type"":""Polygon"",""coordinates"":[[[-97.70908543300678,30.197591050590635],[-97.70908543300678,30.186118291952997],[-97.69822718000074,30.186756676788185],[-97.69822718000074,30.198229580769112],[-97.70908543300678,30.197591050590635]]]}"
Texas,Travis,9675055725692321792,64.50779525251404,43.809,202512,deployment,"{""type"":""Polygon"",""coordinates"":[[[-97.71994536457991,30.196951518630314],[-97.71994536457991,30.1854789055697],[-97.70908543300678,30.186118291952997],[-97.70908543300678,30.197591050590635],[-97.71994536457991,30.196951518630314]]]}"
Texas,Travis,9675055760052060160,220767.61911294056,86608.048,202512,deployment,"{""type"":""Polygon"",""coordinates"":[[[-97.71994536457991,30.208423143565195],[-97.71994536457991,30.196951518630314],[-97.70908543300678,30.197591050590635],[-97.70908543300678,30.20906282098744],[-97.71994536457991,30.208423143565195]]]}"
Texas,Travis,9675055794411798528,12629.131494161724,8694.084,202512,deployment,"{""type"":""Polygon"",""coordinates"":[[[-97.70908543300678,30.20906282098744],[-97.70908543300678,30.197591050590635],[-97.69822718000074,30.198229580769112],[-97.69822718000074,30.20970149639428],[-97.70908543300678,30.20906282098744]]]}"
Texas,Travis,9675055828771536896,32041.510146908928,9542.026,202512,deployment,"{""type"":""Polygon"",""coordinates"":[[[-97.70908543300678,30.220533601980172],[-97.70908543300678,30.20906282098744],[-97.69822718000074,30.20970149639428],[-97.69822718000074,30.221172422500445],[-97.70908543300678,30.220533601980172]]]}"
Texas,Travis,9675055863131275264,213720.02733484836,74634.49,202512,deployment,"{""type"":""Polygon"",""coordinates"":[[[-97.71994536457991,30.2198937792111],[-97.71994536457991,30.208423143565195],[-97.70908543300678,30.20906282098744],[-97.70908543300678,30.220533601980172],[-97.71994536457991,30.2198937792111]]]}"
Texas,Travis,9675055897491013632,67873.51105322852,23256.041,202512,deployment,"{""type"":""Polygon"",""coordinates"":[[[-97.71994536457991,30.23136342440552],[-97.71994536457991,30.2198937792111],[-97.70908543300678,30.220533601980172],[-97.70908543300678,30.23200339240629],[-97.71994536457991,30.23136342440552]]]}"
Texas,Travis,9675055931850752000,102167.69427965731,36053.871,202512,deployment,"{""type"":""Polygon"",""coordinates"":[[[-97.70908543300678,30.23200339240629],[-97.70908543300678,30.220533601980172],[-97.69822718000074,30.221172422500445],[-97.69822718000074,30.232642357925062],[-97.70908543300678,30.23200339240629]]]}"
Texas,Travis,9675056000570228736,38357.40202752515,13445.005,202512,deployment,"{""type"":""Polygon"",""coordinates"":[[[-97.70908543300678,30.25493999691198],[-97.70908543300678,30.243472191103944],[-97.69822718000074,30.244111301506265],[-97.69822718000074,30.25557925208289],[-97.70908543300678,30.25493999691198]]]}"
Texas,Travis,9675056034929967104,131957.50832858263,71362.104,202512,deployment,"{""type"":""Polygon"",""coordinates"":[[[-97.71994536457991,30.254299738793186],[-97.71994536457991,30.242832077986595],[-97.70908543300678,30.243472191103944],[-97.70908543300678,30.25493999691198],[-97.71994536457991,30.254299738793186]]]}"
Texas,Travis,9675056069289705472,83382.15792687653,43059.869,202512,deployment,"{""type"":""Polygon"",""coordinates"":[[[-97.71994536457991,30.242832077986595],[-97.71994536457991,30.23136342440552],[-97.70908543300678,30.23200339240629],[-97.70908543300678,30.243472191103944],[-97.71994536457991,30.242832077986595]]]}"
Texas,Travis,9675056103649443840,229585.26168721917,80500.119,202512,deployment,"{""type"":""Polygon"",""coordinates"":[[[-97.73080697363837,30.24219096178692],[-97.73080697363837,30.230722453555565],[-97.71994536457991,30.23136342440552],[-97.71994536457991,30.242832077986595],[-97.73080697363837,30.24219096178692]]]}"
Texas,Travis,9675056138009182208,78873.64485759393,16734.664,202512,deployment,"{""type"":""Polygon"",""coordinates"":[[[-97.73080697363837,30.25365847735911],[-97.73080697363837,30.24219096178692],[-97.71994536457991,30.242832077986595],[-97.71994536457991,30.254299738793186],[-97.73080697363837,30.25365847735911]]]}"
Texas,Travis,9675056172368920576,273178.0296752946,19115.102,202512,deployment,"{""type"":""Polygon"",""coordinates"":[[[-97.74167025909962,30.253016212242656],[-97.74167025909962,30.241548842137945],[-97.73080697363837,30.24219096178692],[-97.73080697363837,30.25365847735911],[-97.74167025909962,30.253016212242656]]]}"
Texas,Travis,9675056206728658944,159453.47340495329,40219.631,202512,deployment,"{""type"":""Polygon"",""coordinates"":[[[-97.74167025909962,30.241548842137945],[-97.74167025909962,30.230080479489565],[-97.73080697363837,30.230722453555565],[-97.73080697363837,30.24219096178692],[-97.74167025909962,30.241548842137945]]]}"
Texas,Travis,9675056241088397312,53904.09564241957,5274.894,202512,deployment,"{""type"":""Polygon"",""coordinates"":[[[-97.74167025909962,30.230080479489565],[-97.74167025909962,30.218611125458633],[-97.73080697363837,30.219252953826178],[-97.73080697363837,30.230722453555565],[-97.74167025909962,30.230080479489565]]]}"
Texas,Travis,9675056275448135680,168453.82456317992,61931.357,202512,deployment,"{""type"":""Polygon"",""coordinates"":[[[-97.73080697363837,30.230722453555565],[-97.73080697363837,30.219252953826178],[-97.71994536457991,30.2198937792111],[-97.71994536457991,30.23136342440552],[-97.73080697363837,30.230722453555565]]]}"
Texas,Travis,9675056309807874048,37793.49164230131,13872.535,202512,deployment,"{""type"":""Polygon"",""coordinates"":[[[-97.73080697363837,30.219252953826178],[-97.73080697363837,30.20778246376059],[-97.71994536457991,30.208423143565195],[-97.71994536457991,30.2198937792111],[-97.73080697363837,30.219252953826178]]]}"
Texas,Travis,9675056344167612416,82045.27212841623,37932.757,202512,deployment,"{""type"":""Polygon"",""coordinates"":[[[-97.74167025909962,30.218611125458633],[-97.74167025909962,30.207140781206956],[-97.73080697363837,30.20778246376059],[-97.73080697363837,30.219252953826178],[-97.74167025909962,30.218611125458633]]]}"
Texas,Travis,9675056378527350784,39077.70552542653,23110.173,202512,deployment,"{""type"":""Polygon"",""coordinates"":[[[-97.75253521988041,30.217968293742018],[-97.75253521988041,30.20649809553799],[-97.74167025909962,30.207140781206956],[-97.74167025909962,30.218611125458633],[-97.75253521988041,30.217968293742018]]]}"
Texas,Travis,9675056412887089152,63629.443698555115,35785.127,202512,deployment,"{""type"":""Polygon"",""coordinates"":[[[-97.75253521988041,30.229437501840962],[-97.75253521988041,30.217968293742018],[-97.74167025909962,30.218611125458633],[-97.74167025909962,30.230080479489565],[-97.75253521988041,30.229437501840962]]]}"
Texas,Travis,9675056447246827520,66987.66664861467,33071.359,202512,deployment,"{""type"":""Polygon"",""coordinates"":[[[-97.76340185489671,30.228793520243535],[-97.76340185489671,30.217324458310227],[-97.75253521988041,30.217968293742018],[-97.75253521988041,30.229437501840962],[-97.76340185489671,30.228793520243535]]]}"
Texas,Travis,9675056481606565888,19481.953333573194,11767.136,202512,deployment,"{""type"":""Polygon"",""coordinates"":[[[-97.76340185489671,30.217324458310227],[-97.76340185489671,30.205854406387655],[-97.75253521988041,30.20649809553799],[-97.75253521988041,30.217968293742018],[-97.76340185489671,30.217324458310227]]]}"
Texas,Travis,9675056515966304256,20620.40134168911,14951.199,202512,deployment,"{""type"":""Polygon"",""coordinates"":[[[-97.7742701630638,30.21667961879742],[-97.7742701630638,30.20520971339025],[-97.76340185489671,30.205854406387655],[-97.76340185489671,30.217324458310227],[-97.7742701630638,30.21667961879742]]]}"
Texas,Travis,9675056550326042624,84905.77162605962,64190.099,202512,deployment,"{""type"":""Polygon"",""coordinates"":[[[-97.78514014329618,30.216033774838124],[-97.78514014329618,30.204564016180388],[-97.7742701630638,30.20520971339025],[-97.7742701630638,30.21667961879742],[-97.78514014329618,30.216033774838124]]]}"
Texas,Travis,9675056584685780992,27742.753774359175,19850.677,202512,deployment,"{""type"":""Polygon"",""coordinates"":[[[-97.78514014329618,30.227502543738765],[-97.78514014329618,30.216033774838124],[-97.7742701630638,30.21667961879742],[-97.7742701630638,30.228148534331336],[-97.78514014329618,30.227502543738765]]]}"
Texas,Travis,9675056619045519360,88662.05486687682,57706.435,202512,deployment,"{""type"":""Polygon"",""coordinates"":[[[-97.7742701630638,30.228148534331336],[-97.7742701630638,30.21667961879742],[-97.76340185489671,30.217324458310227],[-97.76340185489671,30.228793520243535],[-97.7742701630638,30.228148534331336]]]}"
Texas,Travis,9675056653405257728,87623.92148043157,49254.21,202512,deployment,"{""type"":""Polygon"",""coordinates"":[[[-97.7742701630638,30.2396164588302],[-97.7742701630638,30.228148534331336],[-97.76340185489671,30.228793520243535],[-97.76340185489671,30.24026159102579],[-97.7742701630638,30.2396164588302]]]}"
Texas,Travis,9675056687764996096,46982.956842500804,21035.818,202512,deployment,"{""type"":""Polygon"",""coordinates"":[[[-97.78514014329618,30.238970321720554],[-97.78514014329618,30.227502543738765],[-97.7742701630638,30.228148534331336],[-97.7742701630638,30.2396164588302],[-97.78514014329618,30.238970321720554]]]}"
Texas,Travis,9675056722124734464,96663.30035195308,40392.002,202512,deployment,"{""type"":""Polygon"",""coordinates"":[[[-97.78514014329618,30.250437107622414],[-97.78514014329618,30.238970321720554],[-97.7742701630638,30.2396164588302],[-97.7742701630638,30.251083391132934],[-97.78514014329618,30.250437107622414]]]}"
Texas,Travis,9675056756484472832,147914.78579791478,58853.177,202512,deployment,"{""type"":""Polygon"",""coordinates"":[[[-97.7742701630638,30.251083391132934],[-97.7742701630638,30.2396164588302],[-97.76340185489671,30.24026159102579],[-97.76340185489671,30.251728669495872],[-97.7742701630638,30.251083391132934]]]}"
Texas,Travis,9675056790844211200,200735.9305273545,78045.444,202512,deployment,"{""type"":""Polygon"",""coordinates"":[[[-97.76340185489671,30.251728669495872],[-97.76340185489671,30.24026159102579],[-97.75253521988041,30.24090571867302],[-97.75253521988041,30.25237294307706],[-97.76340185489671,30.251728669495872]]]}"
Texas,Travis,9675056825203949568,135825.71954882637,60867.435,202512,deployment,"{""type"":""Polygon"",""coordinates"":[[[-97.76340185489671,30.24026159102579],[-97.76340185489671,30.228793520243535],[-97.75253521988041,30.229437501840962],[-97.75253521988041,30.24090571867302],[-97.76340185489671,30.24026159102579]]]}"
Texas,Travis,9675056859563687936,59326.63558680605,13439.665,202512,deployment,"{""type"":""Polygon"",""coordinates"":[[[-97.75253521988041,30.24090571867302],[-97.75253521988041,30.229437501840962],[-97.74167025909962,30.230080479489565],[-97.74167025909962,30.241548842137945],[-97.75253521988041,30.24090571867302]]]}"
Texas,Travis,9675056893923426304,164600.32250669814,43111.371,202512,deployment,"{""type"":""Polygon"",""coordinates"":[[[-97.75253521988041,30.25237294307706],[-97.75253521988041,30.24090571867302],[-97.74167025909962,30.241548842137945],[-97.74167025909962,30.253016212242656],[-97.75253521988041,30.25237294307706]]]}"
Texas,Travis,9675056928283164672,489975.0802879561,137980.745,202512,deployment,"{""type"":""Polygon"",""coordinates"":[[[-97.75253521988041,30.26383917389268],[-97.75253521988041,30.25237294307706],[-97.74167025909962,30.253016212242656],[-97.74167025909962,30.264482588643258],[-97.75253521988041,30.26383917389268]]]}"
Texas,Travis,9675056962642903040,541284.6081984665,180467.01,202512,deployment,"{""type"":""Polygon"",""coordinates"":[[[-97.75253521988041,30.275304409960153],[-97.75253521988041,30.26383917389268],[-97.74167025909962,30.264482588643258],[-97.74167025909962,30.27594797018001],[-97.75253521988041,30.275304409960153]]]}"
Texas,Travis,9675056997002641408,305828.63040373387,85490.825,202512,deployment,"{""type"":""Polygon"",""coordinates"":[[[-97.76340185489671,30.274659844858633],[-97.76340185489671,30.263194754493398],[-97.75253521988041,30.26383917389268],[-97.75253521988041,30.275304409960153],[-97.76340185489671,30.274659844858633]]]}"
Texas,Travis,9675057031362379776,324867.5117666769,103694.968,202512,deployment,"{""type"":""Polygon"",""coordinates"":[[[-97.76340185489671,30.263194754493398],[-97.76340185489671,30.251728669495872],[-97.75253521988041,30.25237294307706],[-97.75253521988041,30.26383917389268],[-97.76340185489671,30.263194754493398]]]}"
Texas,Travis,9675057065722118144,65646.91525742723,18648.886,202512,deployment,"{""type"":""Polygon"",""coordinates"":[[[-97.7742701630638,30.262549330079125],[-97.7742701630638,30.251083391132934],[-97.76340185489671,30.251728669495872],[-97.76340185489671,30.263194754493398],[-97.7742701630638,30.262549330079125]]]}"
Texas,Travis,9675057100081856512,15097.884663954916,5287.588,202512,deployment,"{""type"":""Polygon"",""coordinates"":[[[-97.78514014329618,30.26190290028395],[-97.78514014329618,30.250437107622414],[-97.7742701630638,30.251083391132934],[-97.7742701630638,30.262549330079125],[-97.78514014329618,30.26190290028395]]]}"
Texas,Travis,9675057134441594880,16429.06724034694,6650.605,202512,deployment,"{""type"":""Polygon"",""coordinates"":[[[-97.78514014329618,30.273367698545478],[-97.78514014329618,30.26190290028395],[-97.7742701630638,30.262549330079125],[-97.7742701630638,30.274014274509096],[-97.78514014329618,30.273367698545478]]]}"
Texas,Travis,9675057168801333248,41856.92253102639,12073.767,202512,deployment,"{""type"":""Polygon"",""coordinates"":[[[-97.7742701630638,30.274014274509096],[-97.7742701630638,30.262549330079125],[-97.76340185489671,30.263194754493398],[-97.76340185489671,30.274659844858633],[-97.7742701630638,30.274014274509096]]]}"
Texas,Travis,9675057203161071616,45541.513493240236,14149.561,202512,deployment,"{""type"":""Polygon"",""coordinates"":[[[-97.7742701630638,30.2854782232638],[-97.7742701630638,30.274014274509096],[-97.76340185489671,30.274659844858633],[-97.76340185489671,30.28612393943256],[-97.7742701630638,30.2854782232638]]]}"
Texas,Travis,9675057237520809984,12663.229026091465,6163.847,202512,deployment,"{""type"":""Polygon"",""coordinates"":[[[-97.78514014329618,30.28483150124798],[-97.78514014329618,30.273367698545478],[-97.7742701630638,30.274014274509096],[-97.7742701630638,30.2854782232638],[-97.78514014329618,30.28483150124798]]]}"
Texas,Travis,9675057271880548352,14998.73344151879,7303.618,202512,deployment,"{""type"":""Polygon"",""coordinates"":[[[-97.78514014329618,30.29629430723317],[-97.78514014329618,30.28483150124798],[-97.7742701630638,30.2854782232638],[-97.7742701630638,30.296941175184934],[-97.78514014329618,30.29629430723317]]]}"
Texas,Travis,9675057306240286720,33953.08273746923,10776.653,202512,deployment,"{""type"":""Polygon"",""coordinates"":[[[-97.7742701630638,30.296941175184934],[-97.7742701630638,30.2854782232638],[-97.76340185489671,30.28612393943256],[-97.76340185489671,30.29758703705685],[-97.7742701630638,30.296941175184934]]]}"
Texas,Travis,9675057340600025088,71899.35817368177,22672.2,202512,deployment,"{""type"":""Polygon"",""coordinates"":[[[-97.76340185489671,30.29758703705685],[-97.76340185489671,30.28612393943256],[-97.75253521988041,30.286768650120425],[-97.75253521988041,30.29823189321517],[-97.76340185489671,30.29758703705685]]]}"
Texas,Travis,9675057374959763456,88809.71572169282,28012.033,202512,deployment,"{""type"":""Polygon"",""coordinates"":[[[-97.76340185489671,30.28612393943256],[-97.76340185489671,30.274659844858633],[-97.75253521988041,30.275304409960153],[-97.75253521988041,30.286768650120425],[-97.76340185489671,30.28612393943256]]]}"
Texas,Travis,9675057409319501824,441667.5775221928,145494.062,202512,deployment,"{""type"":""Polygon"",""coordinates"":[[[-97.75253521988041,30.286768650120425],[-97.75253521988041,30.275304409960153],[-97.74167025909962,30.27594797018001],[-97.74167025909962,30.287412355693874],[-97.75253521988041,30.286768650120425]]]}"
Texas,Travis,9675057443679240192,294475.704071629,109884.312,202512,deployment,"{""type"":""Polygon"",""coordinates"":[[[-97.75253521988041,30.29823189321517],[-97.75253521988041,30.286768650120425],[-97.74167025909962,30.287412355693874],[-97.74167025909962,30.298875744026493],[-97.75253521988041,30.29823189321517]]]}"
Texas,Travis,9675057478038978560,151189.15370874899,52385.781,202512,deployment,"{""type"":""Polygon"",""coordinates"":[[[-97.74167025909962,30.298875744026493],[-97.74167025909962,30.287412355693874],[-97.73080697363837,30.288055056519696],[-97.73080697363837,30.2995185898577],[-97.74167025909962,30.298875744026493]]]}"
Texas,Travis,9675057512398716928,86381.49636237104,30452.457,202512,deployment,"{""type"":""Polygon"",""coordinates"":[[[-97.73080697363837,30.2995185898577],[-97.73080697363837,30.288055056519696],[-97.71994536457991,30.28869675296498],[-97.71994536457991,30.300160431076023],[-97.73080697363837,30.2995185898577]]]}"
Texas,Travis,9675057546758455296,150410.5539213419,49188.048,202512,deployment,"{""type"":""Polygon"",""coordinates"":[[[-97.73080697363837,30.288055056519696],[-97.73080697363837,30.2765905258849],[-97.71994536457991,30.277232077441795],[-97.71994536457991,30.28869675296498],[-97.73080697363837,30.288055056519696]]]}"
Texas,Travis,9675057581118193664,90356.08215294858,23972.752,202512,deployment,"{""type"":""Polygon"",""coordinates"":[[[-97.74167025909962,30.287412355693874],[-97.74167025909962,30.27594797018001],[-97.73080697363837,30.2765905258849],[-97.73080697363837,30.288055056519696],[-97.74167025909962,30.287412355693874]]]}"
Texas,Travis,9675057615477932032,443706.3059513548,172655.622,202512,deployment,"{""type"":""Polygon"",""coordinates"":[[[-97.74167025909962,30.27594797018001],[-97.74167025909962,30.264482588643258],[-97.73080697363837,30.26512499911168],[-97.73080697363837,30.2765905258849],[-97.74167025909962,30.27594797018001]]]}"
Texas,Travis,9675057649837670400,188825.8832952995,28158.272,202512,deployment,"{""type"":""Polygon"",""coordinates"":[[[-97.74167025909962,30.264482588643258],[-97.74167025909962,30.253016212242656],[-97.73080697363837,30.25365847735911],[-97.73080697363837,30.26512499911168],[-97.74167025909962,30.264482588643258]]]}"
Texas,Travis,9675057684197408768,291990.9338255756,94149.827,202512,deployment,"{""type"":""Polygon"",""coordinates"":[[[-97.73080697363837,30.26512499911168],[-97.73080697363837,30.25365847735911],[-97.71994536457991,30.254299738793186],[-97.71994536457991,30.26576640566484],[-97.73080697363837,30.26512499911168]]]}"
Texas,Travis,9675057718557147136,205164.7516610966,49151.051,202512,deployment,"{""type"":""Polygon"",""coordinates"":[[[-97.73080697363837,30.2765905258849],[-97.73080697363837,30.26512499911168],[-97.71994536457991,30.26576640566484],[-97.71994536457991,30.277232077441795],[-97.73080697363837,30.2765905258849]]]}"
Texas,Travis,9675057752916885504,130822.47151685573,34551.583,202512,deployment,"{""type"":""Polygon"",""coordinates"":[[[-97.71994536457991,30.277232077441795],[-97.71994536457991,30.26576640566484],[-97.70908543300678,30.266406808669927],[-97.70908543300678,30.27787262521801],[-97.71994536457991,30.277232077441795]]]}"
Texas,Travis,9675057787276623872,154761.62770642666,81353.404,202512,deployment,"{""type"":""Polygon"",""coordinates"":[[[-97.71994536457991,30.26576640566484],[-97.71994536457991,30.254299738793186],[-97.70908543300678,30.25493999691198],[-97.70908543300678,30.266406808669927],[-97.71994536457991,30.26576640566484]]]}"
Texas,Travis,9675057821636362240,95516.5707497506,30353.845,202512,deployment,"{""type"":""Polygon"",""coordinates"":[[[-97.70908543300678,30.266406808669927],[-97.70908543300678,30.25493999691198],[-97.69822718000074,30.25557925208289],[-97.69822718000074,30.26704620849445],[-97.70908543300678,30.266406808669927]]]}"
Texas,Travis,9675057855996100608,59034.98287634046,32033.595,202512,deployment,"{""type"":""Polygon"",""coordinates"":[[[-97.70908543300678,30.27787262521801],[-97.70908543300678,30.266406808669927],[-97.69822718000074,30.26704620849445],[-97.69822718000074,30.27851216958116],[-97.70908543300678,30.27787262521801]]]}"
Texas,Travis,9675057890355838976,73465.57572593784,49087.452,202512,deployment,"{""type"":""Polygon"",""coordinates"":[[[-97.70908543300678,30.289337445397152],[-97.70908543300678,30.27787262521801],[-97.69822718000074,30.27851216958116],[-97.69822718000074,30.289977134183943],[-97.70908543300678,30.289337445397152]]]}"
Texas,Travis,9675057924715577344,95267.91038497936,41303.652,202512,deployment,"{""type"":""Polygon"",""coordinates"":[[[-97.71994536457991,30.28869675296498],[-97.71994536457991,30.277232077441795],[-97.70908543300678,30.27787262521801],[-97.70908543300678,30.289337445397152],[-97.71994536457991,30.28869675296498]]]}"
Texas,Travis,9675057959075315712,44073.632090019775,22288.302,202512,deployment,"{""type"":""Polygon"",""coordinates"":[[[-97.71994536457991,30.300160431076023],[-97.71994536457991,30.28869675296498],[-97.70908543300678,30.289337445397152],[-97.70908543300678,30.300801268048964],[-97.71994536457991,30.300160431076023]]]}"
Texas,Travis,9675057993435054080,64434.58332910127,44732.686,202512,deployment,"{""type"":""Polygon"",""coordinates"":[[[-97.70908543300678,30.300801268048964],[-97.70908543300678,30.289337445397152],[-97.69822718000074,30.289977134183943],[-97.69822718000074,30.301441101144384],[-97.70908543300678,30.300801268048964]]]}"
Texas,Travis,9675058027794792448,1011.5673245074278,1011.567,202512,deployment,"{""type"":""Polygon"",""coordinates"":[[[-97.69822718000074,30.301441101144384],[-97.69822718000074,30.289977134183943],[-97.68737060664283,30.290615819693386],[-97.68737060664283,30.30207993073043],[-97.69822718000074,30.301441101144384]]]}"
Texas,Travis,9675058062154530816,4699.031193637414,4153.825,202512,deployment,"{""type"":""Polygon"",""coordinates"":[[[-97.69822718000074,30.289977134183943],[-97.69822718000074,30.27851216958116],[-97.68737060664283,30.279150710899188],[-97.68737060664283,30.290615819693386],[-97.69822718000074,30.289977134183943]]]}"
Texas,Travis,9675058096514269184,1283.3649753762488,1283.28,202512,deployment,"{""type"":""Polygon"",""coordinates"":[[[-97.68737060664283,30.290615819693386],[-97.68737060664283,30.279150710899188],[-97.67651571401332,30.279788249540324],[-97.67651571401332,30.29125350229385],[-97.68737060664283,30.290615819693386]]]}"
Texas,Travis,9675058130874007552,1063.9223327070574,1063.922,202512,deployment,"{""type"":""Polygon"",""coordinates"":[[[-97.68737060664283,30.30207993073043],[-97.68737060664283,30.290615819693386],[-97.67651571401332,30.29125350229385],[-97.67651571401332,30.302717757175554],[-97.68737060664283,30.30207993073043]]]}"
Texas,Travis,9675058165233745920,489.07524221427093,489.075,202512,deployment,"{""type"":""Polygon"",""coordinates"":[[[-97.67651571401332,30.302717757175554],[-97.67651571401332,30.29125350229385],[-97.66566250319175,30.291890182353978],[-97.66566250319175,30.30335458084854],[-97.67651571401332,30.302717757175554]]]}"
Texas,Travis,9675058199593484288,13.741330131449823,13.741,202512,deployment,"{""type"":""Polygon"",""coordinates"":[[[-97.66566250319175,30.30335458084854],[-97.66566250319175,30.291890182353978],[-97.65481097525692,30.29252586024276],[-97.65481097525692,30.30399040211847],[-97.66566250319175,30.30335458084854]]]}"
Texas,Travis,9675058233953222656,4.190541171364933,4.191,202512,deployment,"{""type"":""Polygon"",""coordinates"":[[[-97.66566250319175,30.291890182353978],[-97.66566250319175,30.280424785873127],[-97.65481097525692,30.281060320266466],[-97.65481097525692,30.29252586024276],[-97.66566250319175,30.291890182353978]]]}"
Texas,Travis,9675058268312961024,529.1052040456204,529.105,202512,deployment,"{""type"":""Polygon"",""coordinates"":[[[-97.67651571401332,30.29125350229385],[-97.67651571401332,30.279788249540324],[-97.66566250319175,30.280424785873127],[-97.66566250319175,30.291890182353978],[-97.67651571401332,30.29125350229385]]]}"
Texas,Travis,9675058302672699392,228.4670854815741,228.467,202512,deployment,"{""type"":""Polygon"",""coordinates"":[[[-97.67651571401332,30.279788249540324],[-97.67651571401332,30.268322000073407],[-97.66566250319175,30.268958392564418],[-97.66566250319175,30.280424785873127],[-97.67651571401332,30.279788249540324]]]}"
Texas,Travis,9675058405751914496,10.853125234800556,10.853,202512,deployment,"{""type"":""Polygon"",""coordinates"":[[[-97.67651571401332,30.268322000073407],[-97.67651571401332,30.256854755052203],[-97.66566250319175,30.257491003586974],[-97.66566250319175,30.268958392564418],[-97.67651571401332,30.268322000073407]]]}"
Texas,Travis,9675058440111652864,492.06788541679276,492.068,202512,deployment,"{""type"":""Polygon"",""coordinates"":[[[-97.68737060664283,30.26768460550623],[-97.68737060664283,30.25621750467362],[-97.67651571401332,30.256854755052203],[-97.67651571401332,30.268322000073407],[-97.68737060664283,30.26768460550623]]]}"
Texas,Travis,9675058474471391232,1469.3399236730156,1460.455,202512,deployment,"{""type"":""Polygon"",""coordinates"":[[[-97.68737060664283,30.279150710899188],[-97.68737060664283,30.26768460550623],[-97.67651571401332,30.268322000073407],[-97.67651571401332,30.279788249540324],[-97.68737060664283,30.279150710899188]]]}"
Texas,Travis,9675058508831129600,21973.806122774047,14994.19,202512,deployment,"{""type"":""Polygon"",""coordinates"":[[[-97.69822718000074,30.27851216958116],[-97.69822718000074,30.26704620849445],[-97.68737060664283,30.26768460550623],[-97.68737060664283,30.279150710899188],[-97.69822718000074,30.27851216958116]]]}"
Texas,Travis,9675058543190867968,15756.84978819954,9473.557,202512,deployment,"{""type"":""Polygon"",""coordinates"":[[[-97.69822718000074,30.26704620849445],[-97.69822718000074,30.25557925208289],[-97.68737060664283,30.25621750467362],[-97.68737060664283,30.26768460550623],[-97.69822718000074,30.26704620849445]]]}"
Texas,Travis,9675058577550606336,6358.32092584563,3591.073,202512,deployment,"{""type"":""Polygon"",""coordinates"":[[[-97.69822718000074,30.25557925208289],[-97.69822718000074,30.244111301506265],[-97.68737060664283,30.24474940956116],[-97.68737060664283,30.25621750467362],[-97.69822718000074,30.25557925208289]]]}"
Texas,Travis,9675058611910344704,55.82195669615022,55.822,202512,deployment,"{""type"":""Polygon"",""coordinates"":[[[-97.68737060664283,30.25621750467362],[-97.68737060664283,30.24474940956116],[-97.67651571401332,30.245386515636532],[-97.67651571401332,30.256854755052203],[-97.68737060664283,30.25621750467362]]]}"
Texas,Travis,9675058646270083072,286.8483713666497,24.387,202512,deployment,"{""type"":""Polygon"",""coordinates"":[[[-97.68737060664283,30.24474940956116],[-97.68737060664283,30.233280321329328],[-97.67651571401332,30.233917282986884],[-97.67651571401332,30.245386515636532],[-97.68737060664283,30.24474940956116]]]}"
Texas,Travis,9675058680629821440,9738.105491950211,1438.228,202512,deployment,"{""type"":""Polygon"",""coordinates"":[[[-97.69822718000074,30.244111301506265],[-97.69822718000074,30.232642357925062],[-97.68737060664283,30.233280321329328],[-97.68737060664283,30.24474940956116],[-97.69822718000074,30.244111301506265]]]}"
Texas,Travis,9675058714989559808,19667.350424125478,7772.765,202512,deployment,"{""type"":""Polygon"",""coordinates"":[[[-97.69822718000074,30.232642357925062],[-97.69822718000074,30.221172422500445],[-97.68737060664283,30.22181024113931],[-97.68737060664283,30.233280321329328],[-97.69822718000074,30.232642357925062]]]}"
Texas,Travis,9675058749349298176,16665.278557594207,10220.04,202512,deployment,"{""type"":""Polygon"",""coordinates"":[[[-97.69822718000074,30.221172422500445],[-97.69822718000074,30.20970149639428],[-97.68737060664283,30.210339170152974],[-97.68737060664283,30.22181024113931],[-97.69822718000074,30.221172422500445]]]}"
Texas,Travis,9675058783709036544,529.2689323731629,398.042,202512,deployment,"{""type"":""Polygon"",""coordinates"":[[[-97.68737060664283,30.22181024113931],[-97.68737060664283,30.210339170152974],[-97.67651571401332,30.210975842631118],[-97.67651571401332,30.22244705826445],[-97.68737060664283,30.22181024113931]]]}"
Texas,Travis,9675058818068774912,649.9962304689928,400.2,202512,deployment,"{""type"":""Polygon"",""coordinates"":[[[-97.68737060664283,30.233280321329328],[-97.68737060664283,30.22181024113931],[-97.67651571401332,30.22244705826445],[-97.67651571401332,30.233917282986884],[-97.68737060664283,30.233280321329328]]]}"
Texas,Travis,9675058886788251648,590.3888320255008,590.389,202512,deployment,"{""type"":""Polygon"",""coordinates"":[[[-97.67651571401332,30.22244705826445],[-97.67651571401332,30.210975842631118],[-97.66566250319175,30.211611514196605],[-97.66566250319175,30.223082874243882],[-97.67651571401332,30.22244705826445]]]}"
Texas,Travis,9675058921147990016,476.8210362797374,476.821,202512,deployment,"{""type"":""Polygon"",""coordinates"":[[[-97.66566250319175,30.223082874243882],[-97.66566250319175,30.211611514196605],[-97.65481097525692,30.212246185217627],[-97.65481097525692,30.223717689445905],[-97.66566250319175,30.223082874243882]]]}"
Texas,Travis,9675059058586943488,0.048738965772032905,0.049,202512,deployment,"{""type"":""Polygon"",""coordinates"":[[[-97.67651571401332,30.256854755052203],[-97.67651571401332,30.245386515636532],[-97.66566250319175,30.24602262010061],[-97.66566250319175,30.257491003586974],[-97.67651571401332,30.256854755052203]]]}"
Texas,Travis,9675060158098571264,143.3402804898814,143.34,202512,deployment,"{""type"":""Polygon"",""coordinates"":[[[-97.62226649954944,30.294426884575447],[-97.62226649954944,30.282960915503022],[-97.61142171393448,30.28359244583337],[-97.61142171393448,30.29505855747481],[-97.62226649954944,30.294426884575447]]]}"
Texas,Travis,9675079193393627136,52.05733337252031,52.057,202512,deployment,"{""type"":""Polygon"",""coordinates"":[[[-97.68737060664283,30.38230067362881],[-97.68737060664283,30.370843579268954],[-97.67651571401332,30.37148226637379],[-97.67651571401332,30.382939503775454],[-97.68737060664283,30.38230067362881]]]}"
Texas,Travis,9675079262113103872,50.06248046550309,50.062,202512,deployment,"{""type"":""Polygon"",""coordinates"":[[[-97.69822718000074,30.393116782925606],[-97.69822718000074,30.381660838722727],[-97.68737060664283,30.38230067362881],[-97.68737060664283,30.393756760989262],[-97.69822718000074,30.393116782925606]]]}"
Texas,Travis,9675079296472842240,354.4278516807788,354.428,202512,deployment,"{""type"":""Polygon"",""coordinates"":[[[-97.69822718000074,30.381660838722727],[-97.69822718000074,30.37020388763536],[-97.68737060664283,30.370843579268954],[-97.68737060664283,30.38230067362881],[-97.69822718000074,30.381660838722727]]]}"
Texas,Travis,9675079330832580608,643.3983206928045,643.398,202512,deployment,"{""type"":""Polygon"",""coordinates"":[[[-97.69822718000074,30.37020388763536],[-97.69822718000074,30.35874593081635],[-97.68737060664283,30.359385479062542],[-97.68737060664283,30.370843579268954],[-97.69822718000074,30.37020388763536]]]}"
Texas,Travis,9675079365192318976,48.42831004066345,48.428,202512,deployment,"{""type"":""Polygon"",""coordinates"":[[[-97.68737060664283,30.370843579268954],[-97.68737060664283,30.359385479062542],[-97.67651571401332,30.360024023010855],[-97.67651571401332,30.37148226637379],[-97.68737060664283,30.370843579268954]]]}"
Texas,Travis,9675079399552057344,7.189328703552516,7.189,202512,deployment,"{""type"":""Polygon"",""coordinates"":[[[-97.68737060664283,30.359385479062542],[-97.68737060664283,30.347926374163126],[-97.67651571401332,30.348564774840185],[-97.67651571401332,30.360024023010855],[-97.68737060664283,30.359385479062542]]]}"
Texas,Travis,9675079433911795712,378.41583826506013,378.416,202512,deployment,"{""type"":""Polygon"",""coordinates"":[[[-97.69822718000074,30.35874593081635],[-97.69822718000074,30.347286969419216],[-97.68737060664283,30.347926374163126],[-97.68737060664283,30.359385479062542],[-97.69822718000074,30.35874593081635]]]}"
Texas,Travis,9675079468271534080,494.4658524641832,386.996,202512,deployment,"{""type"":""Polygon"",""coordinates"":[[[-97.69822718000074,30.347286969419216],[-97.69822718000074,30.335827004598176],[-97.68737060664283,30.336466265724916],[-97.68737060664283,30.347926374163126],[-97.69822718000074,30.347286969419216]]]}"
Texas,Travis,9675079502631272448,2419.2211047149863,1629.493,202512,deployment,"{""type"":""Polygon"",""coordinates"":[[[-97.69822718000074,30.335827004598176],[-97.69822718000074,30.32436603750817],[-97.68737060664283,30.325005154902865],[-97.68737060664283,30.336466265724916],[-97.69822718000074,30.335827004598176]]]}"
Texas,Travis,9675079536991010816,207.41669463100376,180.268,202512,deployment,"{""type"":""Polygon"",""coordinates"":[[[-97.68737060664283,30.336466265724916],[-97.68737060664283,30.325005154902865],[-97.67651571401332,30.32564326869333],[-97.67651571401332,30.33710452301603],[-97.68737060664283,30.336466265724916]]]}"
Texas,Travis,9675079571350749184,75.48961042936007,74.767,202512,deployment,"{""type"":""Polygon"",""coordinates"":[[[-97.68737060664283,30.347926374163126],[-97.68737060664283,30.336466265724916],[-97.67651571401332,30.33710452301603],[-97.67651571401332,30.348564774840185],[-97.68737060664283,30.347926374163126]]]}"
Texas,Travis,9675079708789702656,19.47193750170488,19.472,202512,deployment,"{""type"":""Polygon"",""coordinates"":[[[-97.67651571401332,30.33710452301603],[-97.67651571401332,30.32564326869333],[-97.66566250319175,30.326280379248544],[-97.66566250319175,30.33774177684061],[-97.67651571401332,30.33710452301603]]]}"
Texas,Travis,9675079743149441024,319.5989164401833,319.599,202512,deployment,"{""type"":""Polygon"",""coordinates"":[[[-97.67651571401332,30.32564326869333],[-97.67651571401332,30.314181013027728],[-97.66566250319175,30.314817980199077],[-97.66566250319175,30.326280379248544],[-97.67651571401332,30.32564326869333]]]}"
Texas,Travis,9675079777509179392,60.903112846528195,60.903,202512,deployment,"{""type"":""Polygon"",""coordinates"":[[[-97.66566250319175,30.326280379248544],[-97.66566250319175,30.314817980199077],[-97.65481097525692,30.315453944735843],[-97.65481097525692,30.326916486937836],[-97.66566250319175,30.326280379248544]]]}"
Texas,Travis,9675079811868917760,104.51540640187586,104.515,202512,deployment,"{""type"":""Polygon"",""coordinates"":[[[-97.66566250319175,30.314817980199077],[-97.66566250319175,30.30335458084854],[-97.65481097525692,30.30399040211847],[-97.65481097525692,30.315453944735843],[-97.66566250319175,30.314817980199077]]]}"
Texas,Travis,9675079846228656128,534.1791752995247,534.179,202512,deployment,"{""type"":""Polygon"",""coordinates"":[[[-97.67651571401332,30.314181013027728],[-97.67651571401332,30.302717757175554],[-97.66566250319175,30.30335458084854],[-97.66566250319175,30.314817980199077],[-97.67651571401332,30.314181013027728]]]}"
Texas,Travis,9675079880588394496,560.3750037835956,560.375,202512,deployment,"{""type"":""Polygon"",""coordinates"":[[[-97.68737060664283,30.313543042852597],[-97.68737060664283,30.30207993073043],[-97.67651571401332,30.302717757175554],[-97.67651571401332,30.314181013027728],[-97.68737060664283,30.313543042852597]]]}"
Texas,Travis,9675079914948132864,321.3961591154604,321.396,202512,deployment,"{""type"":""Polygon"",""coordinates"":[[[-97.68737060664283,30.325005154902865],[-97.68737060664283,30.313543042852597],[-97.67651571401332,30.314181013027728],[-97.67651571401332,30.32564326869333],[-97.68737060664283,30.325005154902865]]]}"
Texas,Travis,9675079949307871232,5607.299370769603,3758.225,202512,deployment,"{""type"":""Polygon"",""coordinates"":[[[-97.69822718000074,30.32436603750817],[-97.69822718000074,30.3129040693048],[-97.68737060664283,30.313543042852597],[-97.68737060664283,30.325005154902865],[-97.69822718000074,30.32436603750817]]]}"
Texas,Travis,9675079983667609600,2823.5273155900118,2208.912,202512,deployment,"{""type"":""Polygon"",""coordinates"":[[[-97.69822718000074,30.3129040693048],[-97.69822718000074,30.301441101144384],[-97.68737060664283,30.30207993073043],[-97.68737060664283,30.313543042852597],[-97.69822718000074,30.3129040693048]]]}"
Texas,Travis,9675080018027347968,18806.78442566816,13712.864,202512,deployment,"{""type"":""Polygon"",""coordinates"":[[[-97.70908543300678,30.312264092015766],[-97.70908543300678,30.300801268048964],[-97.69822718000074,30.301441101144384],[-97.69822718000074,30.3129040693048],[-97.70908543300678,30.312264092015766]]]}"
Texas,Travis,9675080052387086336,58269.56789694322,38565.091,202512,deployment,"{""type"":""Polygon"",""coordinates"":[[[-97.71994536457991,30.31162311061724],[-97.71994536457991,30.300160431076023],[-97.70908543300678,30.300801268048964],[-97.70908543300678,30.312264092015766],[-97.71994536457991,30.31162311061724]]]}"
Texas,Travis,9675080086746824704,51997.72843924792,36918.957,202512,deployment,"{""type"":""Polygon"",""coordinates"":[[[-97.71994536457991,30.323084790431643],[-97.71994536457991,30.31162311061724],[-97.70908543300678,30.312264092015766],[-97.70908543300678,30.32372591614055],[-97.71994536457991,30.323084790431643]]]}"
Texas,Travis,9675080121106563072,56486.795676704874,40239.549,202512,deployment,"{""type"":""Polygon"",""coordinates"":[[[-97.70908543300678,30.32372591614055],[-97.70908543300678,30.312264092015766],[-97.69822718000074,30.3129040693048],[-97.69822718000074,30.32436603750817],[-97.70908543300678,30.32372591614055]]]}"
Texas,Travis,9675080155466301440,29183.491016199485,20058.139,202512,deployment,"{""type"":""Polygon"",""coordinates"":[[[-97.70908543300678,30.335186739267012],[-97.70908543300678,30.32372591614055],[-97.69822718000074,30.32436603750817],[-97.69822718000074,30.335827004598176],[-97.70908543300678,30.335186739267012]]]}"
Texas,Travis,9675080189826039808,11025.572831718102,7176.27,202512,deployment,"{""type"":""Polygon"",""coordinates"":[[[-97.70908543300678,30.346646560239545],[-97.70908543300678,30.335186739267012],[-97.69822718000074,30.335827004598176],[-97.69822718000074,30.347286969419216],[-97.70908543300678,30.346646560239545]]]}"
Texas,Travis,9675080224185778176,22797.582685372665,16059.603,202512,deployment,"{""type"":""Polygon"",""coordinates"":[[[-97.71994536457991,30.34600514625555],[-97.71994536457991,30.334545469362943],[-97.70908543300678,30.335186739267012],[-97.70908543300678,30.346646560239545],[-97.71994536457991,30.34600514625555]]]}"
Texas,Travis,9675080258545516544,25939.956146171266,18861.62,202512,deployment,"{""type"":""Polygon"",""coordinates"":[[[-97.71994536457991,30.334545469362943],[-97.71994536457991,30.323084790431643],[-97.70908543300678,30.32372591614055],[-97.70908543300678,30.335186739267012],[-97.71994536457991,30.334545469362943]]]}"
Texas,Travis,9675080292905254912,48674.22526957661,32202.417,202512,deployment,"{""type"":""Polygon"",""coordinates"":[[[-97.73080697363837,30.333903194517802],[-97.73080697363837,30.322442660013387],[-97.71994536457991,30.323084790431643],[-97.71994536457991,30.334545469362943],[-97.73080697363837,30.333903194517802]]]}"
Texas,Travis,9675080327264993280,15168.2571324885,10510.428,202512,deployment,"{""type"":""Polygon"",""coordinates"":[[[-97.73080697363837,30.345362727098923],[-97.73080697363837,30.333903194517802],[-97.71994536457991,30.334545469362943],[-97.71994536457991,30.34600514625555],[-97.73080697363837,30.345362727098923]]]}"
Texas,Travis,9675080361624731648,33701.75633436023,22121.199,202512,deployment,"{""type"":""Polygon"",""coordinates"":[[[-97.74167025909962,30.344719302401725],[-97.74167025909962,30.333259914363737],[-97.73080697363837,30.333903194517802],[-97.73080697363837,30.345362727098923],[-97.74167025909962,30.344719302401725]]]}"
Texas,Travis,9675080395984470016,44302.869608294845,29649.957,202512,deployment,"{""type"":""Polygon"",""coordinates"":[[[-97.74167025909962,30.333259914363737],[-97.74167025909962,30.32179952451804],[-97.73080697363837,30.322442660013387],[-97.73080697363837,30.333903194517802],[-97.74167025909962,30.333259914363737]]]}"
Texas,Travis,9675080430344208384,99714.4369522296,57622.835,202512,deployment,"{""type"":""Polygon"",""coordinates"":[[[-97.74167025909962,30.32179952451804],[-97.74167025909962,30.310338134020203],[-97.73080697363837,30.31098112474126],[-97.73080697363837,30.322442660013387],[-97.74167025909962,30.32179952451804]]]}"
Texas,Travis,9675080464703946752,45251.621144991484,28655.194,202512,deployment,"{""type"":""Polygon"",""coordinates"":[[[-97.73080697363837,30.322442660013387],[-97.73080697363837,30.31098112474126],[-97.71994536457991,30.31162311061724],[-97.71994536457991,30.323084790431643],[-97.73080697363837,30.322442660013387]]]}"
Texas,Travis,9675080499063685120,42994.41500941366,18840.495,202512,deployment,"{""type"":""Polygon"",""coordinates"":[[[-97.73080697363837,30.31098112474126],[-97.73080697363837,30.2995185898577],[-97.71994536457991,30.300160431076023],[-97.71994536457991,30.31162311061724],[-97.73080697363837,30.31098112474126]]]}"
Texas,Travis,9675080533423423488,130236.20362123668,52301.034,202512,deployment,"{""type"":""Polygon"",""coordinates"":[[[-97.74167025909962,30.310338134020203],[-97.74167025909962,30.298875744026493],[-97.73080697363837,30.2995185898577],[-97.73080697363837,30.31098112474126],[-97.74167025909962,30.310338134020203]]]}"
Texas,Travis,9675080567783161856,125764.27047162298,42823.629,202512,deployment,"{""type"":""Polygon"",""coordinates"":[[[-97.75253521988041,30.309694138086737],[-97.75253521988041,30.29823189321517],[-97.74167025909962,30.298875744026493],[-97.74167025909962,30.310338134020203],[-97.75253521988041,30.309694138086737]]]}"
Texas,Travis,9675080602142900224,23737.824792884512,12094.964,202512,deployment,"{""type"":""Polygon"",""coordinates"":[[[-97.75253521988041,30.321155383578166],[-97.75253521988041,30.309694138086737],[-97.74167025909962,30.310338134020203],[-97.74167025909962,30.32179952451804],[-97.75253521988041,30.321155383578166]]]}"
Texas,Travis,9675080636502638592,12322.416009443195,5457.894,202512,deployment,"{""type"":""Polygon"",""coordinates"":[[[-97.76340185489671,30.320510236826657],[-97.76340185489671,30.30904913657386],[-97.75253521988041,30.309694138086737],[-97.75253521988041,30.321155383578166],[-97.76340185489671,30.320510236826657]]]}"
Texas,Travis,9675080670862376960,20121.202327926254,7297.944,202512,deployment,"{""type"":""Polygon"",""coordinates"":[[[-97.76340185489671,30.30904913657386],[-97.76340185489671,30.29758703705685],[-97.75253521988041,30.29823189321517],[-97.75253521988041,30.309694138086737],[-97.76340185489671,30.30904913657386]]]}"
Texas,Travis,9675080705222115328,19073.648199259675,6602.283,202512,deployment,"{""type"":""Polygon"",""coordinates"":[[[-97.7742701630638,30.30840312911488],[-97.7742701630638,30.296941175184934],[-97.76340185489671,30.29758703705685],[-97.76340185489671,30.30904913657386],[-97.7742701630638,30.30840312911488]]]}"
Texas,Travis,9675080739581853696,5423.108180265987,1648.882,202512,deployment,"{""type"":""Polygon"",""coordinates"":[[[-97.78514014329618,30.307756115343413],[-97.78514014329618,30.29629430723317],[-97.7742701630638,30.296941175184934],[-97.7742701630638,30.30840312911488],[-97.78514014329618,30.307756115343413]]]}"
Texas,Travis,9675080773941592064,0.35330980979894044,0.265,202512,deployment,"{""type"":""Polygon"",""coordinates"":[[[-97.78514014329618,30.319216924421788],[-97.78514014329618,30.307756115343413],[-97.7742701630638,30.30840312911488],[-97.7742701630638,30.31986408389669],[-97.78514014329618,30.319216924421788]]]}"
Texas,Travis,9675080808301330432,3834.733034825948,2358.149,202512,deployment,"{""type"":""Polygon"",""coordinates"":[[[-97.7742701630638,30.31986408389669],[-97.7742701630638,30.30840312911488],[-97.76340185489671,30.30904913657386],[-97.76340185489671,30.320510236826657],[-97.7742701630638,30.31986408389669]]]}"
Texas,Travis,9675080842661068800,1979.3690125295304,1062.203,202512,deployment,"{""type"":""Polygon"",""coordinates"":[[[-97.7742701630638,30.33132403837413],[-97.7742701630638,30.31986408389669],[-97.76340185489671,30.320510236826657],[-97.76340185489671,30.331970336658973],[-97.7742701630638,30.33132403837413]]]}"
Texas,Travis,9675080980100022272,6084.442350257741,3431.117,202512,deployment,"{""type"":""Polygon"",""coordinates"":[[[-97.76340185489671,30.343429434915272],[-97.76340185489671,30.331970336658973],[-97.75253521988041,30.3326156285332],[-97.75253521988041,30.344074871796284],[-97.76340185489671,30.343429434915272]]]}"
Texas,Travis,9675081014459760640,4705.077153807976,3211.91,202512,deployment,"{""type"":""Polygon"",""coordinates"":[[[-97.76340185489671,30.331970336658973],[-97.76340185489671,30.320510236826657],[-97.75253521988041,30.321155383578166],[-97.75253521988041,30.3326156285332],[-97.76340185489671,30.331970336658973]]]}"
Texas,Travis,9675081048819499008,12650.23756095202,8087.996,202512,deployment,"{""type"":""Polygon"",""coordinates"":[[[-97.75253521988041,30.3326156285332],[-97.75253521988041,30.321155383578166],[-97.74167025909962,30.32179952451804],[-97.74167025909962,30.333259914363737],[-97.75253521988041,30.3326156285332]]]}"
Texas,Travis,9675081083179237376,8607.693855977492,5355.239,202512,deployment,"{""type"":""Polygon"",""coordinates"":[[[-97.75253521988041,30.344074871796284],[-97.75253521988041,30.3326156285332],[-97.74167025909962,30.333259914363737],[-97.74167025909962,30.344719302401725],[-97.75253521988041,30.344074871796284]]]}"
Texas,Travis,9675081117538975744,6388.376149259494,4118.561,202512,deployment,"{""type"":""Polygon"",""coordinates"":[[[-97.75253521988041,30.355533112212537],[-97.75253521988041,30.344074871796284],[-97.74167025909962,30.344719302401725],[-97.74167025909962,30.356177687477114],[-97.75253521988041,30.355533112212537]]]}"
Texas,Travis,9675081151898714112,4071.720005072275,3072.414,202512,deployment,"{""type"":""Polygon"",""coordinates"":[[[-97.75253521988041,30.366990348627787],[-97.75253521988041,30.355533112212537],[-97.74167025909962,30.356177687477114],[-97.74167025909962,30.36763506843572],[-97.75253521988041,30.366990348627787]]]}"
Texas,Travis,9675081186258452480,14.386676528940074,13.095,202512,deployment,"{""type"":""Polygon"",""coordinates"":[[[-97.76340185489671,30.36634462208107],[-97.76340185489671,30.354887530440696],[-97.75253521988041,30.355533112212537],[-97.75253521988041,30.366990348627787],[-97.76340185489671,30.36634462208107]]]}"
Texas,Travis,9675081220618190848,2293.1041545254207,1596.397,202512,deployment,"{""type"":""Polygon"",""coordinates"":[[[-97.76340185489671,30.354887530440696],[-97.76340185489671,30.343429434915272],[-97.75253521988041,30.344074871796284],[-97.75253521988041,30.355533112212537],[-97.76340185489671,30.354887530440696]]]}"
Texas,Travis,9675081598575312896,38.34226718796785,36.741,202512,deployment,"{""type"":""Polygon"",""coordinates"":[[[-97.75253521988041,30.37844657988857],[-97.75253521988041,30.366990348627787],[-97.74167025909962,30.36763506843572],[-97.74167025909962,30.379091444124068],[-97.75253521988041,30.37844657988857]]]}"
Texas,Travis,9675081667294789632,296.42606936287507,204.497,202512,deployment,"{""type"":""Polygon"",""coordinates"":[[[-97.74167025909962,30.390546813389356],[-97.74167025909962,30.379091444124068],[-97.73080697363837,30.37973530175709],[-97.73080697363837,30.391190815103098],[-97.74167025909962,30.390546813389356]]]}"
Texas,Travis,9675081701654528000,20557.87675696283,11879.827,202512,deployment,"{""type"":""Polygon"",""coordinates"":[[[-97.73080697363837,30.391190815103098],[-97.73080697363837,30.37973530175709],[-97.71994536457991,30.380378153155636],[-97.71994536457991,30.391833810351393],[-97.73080697363837,30.391190815103098]]]}"
Texas,Travis,9675081736014266368,26385.780047580578,15385.376,202512,deployment,"{""type"":""Polygon"",""coordinates"":[[[-97.73080697363837,30.37973530175709],[-97.73080697363837,30.36827878187241],[-97.71994536457991,30.368921489305745],[-97.71994536457991,30.380378153155636],[-97.73080697363837,30.37973530175709]]]}"
Texas,Travis,9675081770374004736,3671.901960798521,1984.745,202512,deployment,"{""type"":""Polygon"",""coordinates"":[[[-97.74167025909962,30.379091444124068],[-97.74167025909962,30.36763506843572],[-97.73080697363837,30.36827878187241],[-97.73080697363837,30.37973530175709],[-97.74167025909962,30.379091444124068]]]}"
Texas,Travis,9675081804733743104,10682.381983846144,7153.191,202512,deployment,"{""type"":""Polygon"",""coordinates"":[[[-97.74167025909962,30.36763506843572],[-97.74167025909962,30.356177687477114],[-97.73080697363837,30.35682125660186],[-97.73080697363837,30.36827878187241],[-97.74167025909962,30.36763506843572]]]}"
Texas,Travis,9675081839093481472,32826.200057307746,21352.56,202512,deployment,"{""type"":""Polygon"",""coordinates"":[[[-97.74167025909962,30.356177687477114],[-97.74167025909962,30.344719302401725],[-97.73080697363837,30.345362727098923],[-97.73080697363837,30.35682125660186],[-97.74167025909962,30.356177687477114]]]}"
Texas,Travis,9675081873453219840,13237.1458814061,8475.793,202512,deployment,"{""type"":""Polygon"",""coordinates"":[[[-97.73080697363837,30.35682125660186],[-97.73080697363837,30.345362727098923],[-97.71994536457991,30.34600514625555],[-97.71994536457991,30.35746381995455],[-97.73080697363837,30.35682125660186]]]}"
Texas,Travis,9675081907812958208,23285.035157481136,13608.681,202512,deployment,"{""type"":""Polygon"",""coordinates"":[[[-97.73080697363837,30.36827878187241],[-97.73080697363837,30.35682125660186],[-97.71994536457991,30.35746381995455],[-97.71994536457991,30.368921489305745],[-97.73080697363837,30.36827878187241]]]}"
Texas,Travis,9675081942172696576,7933.3495887267845,5322.06,202512,deployment,"{""type"":""Polygon"",""coordinates"":[[[-97.71994536457991,30.368921489305745],[-97.71994536457991,30.35746381995455],[-97.70908543300678,30.358105377903247],[-97.70908543300678,30.369563191103893],[-97.71994536457991,30.368921489305745]]]}"
Texas,Travis,9675081976532434944,13146.912608240891,8703.063,202512,deployment,"{""type"":""Polygon"",""coordinates"":[[[-97.71994536457991,30.35746381995455],[-97.71994536457991,30.34600514625555],[-97.70908543300678,30.346646560239545],[-97.70908543300678,30.358105377903247],[-97.71994536457991,30.35746381995455]]]}"
Texas,Travis,9675082010892173312,842.2472431603786,842.247,202512,deployment,"{""type"":""Polygon"",""coordinates"":[[[-97.70908543300678,30.358105377903247],[-97.70908543300678,30.346646560239545],[-97.69822718000074,30.347286969419216],[-97.69822718000074,30.35874593081635],[-97.70908543300678,30.358105377903247]]]}"
Texas,Travis,9675082045251911680,430.72749755910775,430.727,202512,deployment,"{""type"":""Polygon"",""coordinates"":[[[-97.70908543300678,30.369563191103893],[-97.70908543300678,30.358105377903247],[-97.69822718000074,30.35874593081635],[-97.69822718000074,30.37020388763536],[-97.70908543300678,30.369563191103893]]]}"
Texas,Travis,9675082079611650048,303.90352748309033,303.904,202512,deployment,"{""type"":""Polygon"",""coordinates"":[[[-97.70908543300678,30.38101999868797],[-97.70908543300678,30.369563191103893],[-97.69822718000074,30.37020388763536],[-97.69822718000074,30.381660838722727],[-97.70908543300678,30.38101999868797]]]}"
Texas,Travis,9675082113971388416,2060.5322025724063,1114.259,202512,deployment,"{""type"":""Polygon"",""coordinates"":[[[-97.71994536457991,30.380378153155636],[-97.71994536457991,30.368921489305745],[-97.70908543300678,30.369563191103893],[-97.70908543300678,30.38101999868797],[-97.71994536457991,30.380378153155636]]]}"
Texas,Travis,9675082148331126784,6156.432436063088,3518.861,202512,deployment,"{""type"":""Polygon"",""coordinates"":[[[-97.71994536457991,30.391833810351393],[-97.71994536457991,30.380378153155636],[-97.70908543300678,30.38101999868797],[-97.70908543300678,30.39247579950266],[-97.71994536457991,30.391833810351393]]]}"
Texas,Travis,9675082182690865152,291.41075368165775,210.069,202512,deployment,"{""type"":""Polygon"",""coordinates"":[[[-97.70908543300678,30.39247579950266],[-97.70908543300678,30.38101999868797],[-97.69822718000074,30.381660838722727],[-97.69822718000074,30.393116782925606],[-97.70908543300678,30.39247579950266]]]}"
Texas,Travis,9675082217050603520,1120.915236715853,637.616,202512,deployment,"{""type"":""Polygon"",""coordinates"":[[[-97.70908543300678,30.403930592395824],[-97.70908543300678,30.39247579950266],[-97.69822718000074,30.393116782925606],[-97.69822718000074,30.40457171909187],[-97.70908543300678,30.403930592395824]]]}"
Texas,Travis,9675082251410341888,6526.873301366408,4032.649,202512,deployment,"{""type"":""Polygon"",""coordinates"":[[[-97.71994536457991,30.40328845974092],[-97.71994536457991,30.391833810351393],[-97.70908543300678,30.39247579950266],[-97.70908543300678,30.403930592395824],[-97.71994536457991,30.40328845974092]]]}"
Texas,Travis,9675082285770080256,1100.829264176814,698.381,202512,deployment,"{""type"":""Polygon"",""coordinates"":[[[-97.71994536457991,30.41474210017279],[-97.71994536457991,30.40328845974092],[-97.70908543300678,30.403930592395824],[-97.70908543300678,30.415384376216068],[-97.71994536457991,30.41474210017279]]]}"
Texas,Travis,9675082663727202304,907.896276121445,477.203,202512,deployment,"{""type"":""Polygon"",""coordinates"":[[[-97.73080697363837,30.41409881757135],[-97.73080697363837,30.402645320758314],[-97.71994536457991,30.40328845974092],[-97.71994536457991,30.41474210017279],[-97.73080697363837,30.41409881757135]]]}"
Texas,Travis,9675082698086940672,14796.70235016907,7792.861,202512,deployment,"{""type"":""Polygon"",""coordinates"":[[[-97.73080697363837,30.402645320758314],[-97.73080697363837,30.391190815103098],[-97.71994536457991,30.391833810351393],[-97.71994536457991,30.40328845974092],[-97.73080697363837,30.402645320758314]]]}"
Texas,Travis,9675082732446679040,182.6717828767512,182.672,202512,deployment,"{""type"":""Polygon"",""coordinates"":[[[-97.74167025909962,30.4020011750795],[-97.74167025909962,30.390546813389356],[-97.73080697363837,30.391190815103098],[-97.73080697363837,30.402645320758314],[-97.74167025909962,30.4020011750795]]]}"
Texas,Travis,9681413926557843456,914.4317438838394,825.126,202512,deployment,"{""type"":""Polygon"",""coordinates"":[[[-97.79601179450758,30.295646432835582],[-97.79601179450758,30.284183773019272],[-97.78514014329618,30.28483150124798],[-97.78514014329618,30.29629430723317],[-97.79601179450758,30.295646432835582]]]}"
Texas,Travis,9681413960917581824,4959.798235440131,4503.54,202512,deployment,"{""type"":""Polygon"",""coordinates"":[[[-97.79601179450758,30.284183773019272],[-97.79601179450758,30.272720116602052],[-97.78514014329618,30.273367698545478],[-97.78514014329618,30.28483150124798],[-97.79601179450758,30.284183773019272]]]}"
Texas,Travis,9681413995277320192,1710.998380923649,1373.588,202512,deployment,"{""type"":""Polygon"",""coordinates"":[[[-97.80688511561101,30.283535038212122],[-97.80688511561101,30.272071528313404],[-97.79601179450758,30.272720116602052],[-97.79601179450758,30.284183773019272],[-97.80688511561101,30.283535038212122]]]}"
Texas,Travis,9681414029637058560,4038.626917016785,3199.023,202512,deployment,"{""type"":""Polygon"",""coordinates"":[[[-97.80688511561101,30.272071528313404],[-97.80688511561101,30.260607023088667],[-97.79601179450758,30.26125546474223],[-97.79601179450758,30.272720116602052],[-97.80688511561101,30.272071528313404]]]}"
Texas,Travis,9681414063996796928,8837.073037419852,4172.587,202512,deployment,"{""type"":""Polygon"",""coordinates"":[[[-97.79601179450758,30.272720116602052],[-97.79601179450758,30.26125546474223],[-97.78514014329618,30.26190290028395],[-97.78514014329618,30.273367698545478],[-97.79601179450758,30.272720116602052]]]}"
Texas,Travis,9681414098356535296,5693.0210543162575,1674.034,202512,deployment,"{""type"":""Polygon"",""coordinates"":[[[-97.79601179450758,30.26125546474223],[-97.79601179450758,30.249789818598806],[-97.78514014329618,30.250437107622414],[-97.78514014329618,30.26190290028395],[-97.79601179450758,30.26125546474223]]]}"
Texas,Travis,9681414132716273664,626.2977658079019,500.494,202512,deployment,"{""type"":""Polygon"",""coordinates"":[[[-97.80688511561101,30.260607023088667],[-97.80688511561101,30.2491415236969],[-97.79601179450758,30.249789818598806],[-97.79601179450758,30.26125546474223],[-97.80688511561101,30.260607023088667]]]}"
Texas,Travis,9681414167076012032,207.7013376673112,130.415,202512,deployment,"{""type"":""Polygon"",""coordinates"":[[[-97.81776010551877,30.259957574958253],[-97.81776010551877,30.24849222255182],[-97.80688511561101,30.2491415236969],[-97.80688511561101,30.260607023088667],[-97.81776010551877,30.259957574958253]]]}"
Texas,Travis,9681414201435750400,464.91335634786594,367.022,202512,deployment,"{""type"":""Polygon"",""coordinates"":[[[-97.81776010551877,30.27142193331442],[-97.81776010551877,30.259957574958253],[-97.80688511561101,30.260607023088667],[-97.80688511561101,30.272071528313404],[-97.81776010551877,30.27142193331442]]]}"
Texas,Travis,9681414304514965504,125.65726504731417,124.233,202512,deployment,"{""type"":""Polygon"",""coordinates"":[[[-97.82863676314237,30.24784191479899],[-97.82863676314237,30.236375716837962],[-97.81776010551877,30.23702587725476],[-97.81776010551877,30.24849222255182],[-97.82863676314237,30.24784191479899]]]}"
Texas,Travis,9681414338874703872,7045.843041111772,5062.673,202512,deployment,"{""type"":""Polygon"",""coordinates"":[[[-97.82863676314237,30.236375716837962],[-97.82863676314237,30.224908527263572],[-97.81776010551877,30.225558540227436],[-97.81776010551877,30.23702587725476],[-97.82863676314237,30.236375716837962]]]}"
Texas,Travis,9681414373234442240,11073.643715237558,7905.005,202512,deployment,"{""type"":""Polygon"",""coordinates"":[[[-97.81776010551877,30.23702587725476],[-97.81776010551877,30.225558540227436],[-97.80688511561101,30.226207547051636],[-97.80688511561101,30.237675031297773],[-97.81776010551877,30.23702587725476]]]}"
Texas,Travis,9681414407594180608,256.2668179675583,252.661,202512,deployment,"{""type"":""Polygon"",""coordinates"":[[[-97.81776010551877,30.24849222255182],[-97.81776010551877,30.23702587725476],[-97.80688511561101,30.237675031297773],[-97.80688511561101,30.2491415236969],[-97.81776010551877,30.24849222255182]]]}"
Texas,Travis,9681414441953918976,84.51967476429455,80.256,202512,deployment,"{""type"":""Polygon"",""coordinates"":[[[-97.80688511561101,30.2491415236969],[-97.80688511561101,30.237675031297773],[-97.79601179450758,30.238323179331445],[-97.79601179450758,30.249789818598806],[-97.80688511561101,30.2491415236969]]]}"
Texas,Travis,9681414476313657344,19504.078253082473,9128.524,202512,deployment,"{""type"":""Polygon"",""coordinates"":[[[-97.79601179450758,30.249789818598806],[-97.79601179450758,30.238323179331445],[-97.78514014329618,30.238970321720554],[-97.78514014329618,30.250437107622414],[-97.79601179450758,30.249789818598806]]]}"
Texas,Travis,9681414510673395712,49614.748191751656,26986.806,202512,deployment,"{""type"":""Polygon"",""coordinates"":[[[-97.79601179450758,30.238323179331445],[-97.79601179450758,30.226855548100527],[-97.78514014329618,30.227502543738765],[-97.78514014329618,30.238970321720554],[-97.79601179450758,30.238323179331445]]]}"
Texas,Travis,9681414545033134080,18773.683254900418,13947.918,202512,deployment,"{""type"":""Polygon"",""coordinates"":[[[-97.80688511561101,30.237675031297773],[-97.80688511561101,30.226207547051636],[-97.79601179450758,30.226855548100527],[-97.79601179450758,30.238323179331445],[-97.80688511561101,30.237675031297773]]]}"
Texas,Travis,9681414579392872448,21765.20511718987,16181.276,202512,deployment,"{""type"":""Polygon"",""coordinates"":[[[-97.80688511561101,30.226207547051636],[-97.80688511561101,30.21473907211957],[-97.79601179450758,30.215386926067122],[-97.79601179450758,30.226855548100527],[-97.80688511561101,30.226207547051636]]]}"
Texas,Travis,9681414613752610816,18674.021518917023,12449.874,202512,deployment,"{""type"":""Polygon"",""coordinates"":[[[-97.79601179450758,30.226855548100527],[-97.79601179450758,30.215386926067122],[-97.78514014329618,30.216033774838124],[-97.78514014329618,30.227502543738765],[-97.79601179450758,30.226855548100527]]]}"
Texas,Travis,9681414648112349184,22276.268380127065,16364.899,202512,deployment,"{""type"":""Polygon"",""coordinates"":[[[-97.79601179450758,30.215386926067122],[-97.79601179450758,30.203917314392992],[-97.78514014329618,30.204564016180388],[-97.78514014329618,30.216033774838124],[-97.79601179450758,30.215386926067122]]]}"
Texas,Travis,9681414682472087552,9059.543363981507,5744.829,202512,deployment,"{""type"":""Polygon"",""coordinates"":[[[-97.80688511561101,30.21473907211957],[-97.80688511561101,30.2032696076633],[-97.79601179450758,30.203917314392992],[-97.79601179450758,30.215386926067122],[-97.80688511561101,30.21473907211957]]]}"
Texas,Travis,9681414716831825920,26687.72034521263,20221.692,202512,deployment,"{""type"":""Polygon"",""coordinates"":[[[-97.81776010551877,30.2140902126309],[-97.81776010551877,30.202620895626865],[-97.80688511561101,30.2032696076633],[-97.80688511561101,30.21473907211957],[-97.81776010551877,30.2140902126309]]]}"
Texas,Travis,9681414751191564288,9604.128143250147,7378.947,202512,deployment,"{""type"":""Polygon"",""coordinates"":[[[-97.81776010551877,30.225558540227436],[-97.81776010551877,30.2140902126309],[-97.80688511561101,30.21473907211957],[-97.80688511561101,30.226207547051636],[-97.81776010551877,30.225558540227436]]]}"
Texas,Travis,9681414785551302656,6132.842640318508,4411.299,202512,deployment,"{""type"":""Polygon"",""coordinates"":[[[-97.82863676314237,30.224908527263572],[-97.82863676314237,30.21344034723688],[-97.81776010551877,30.2140902126309],[-97.81776010551877,30.225558540227436],[-97.82863676314237,30.224908527263572]]]}"
Texas,Travis,9681414819911041024,12194.505093356729,8952.976,202512,deployment,"{""type"":""Polygon"",""coordinates"":[[[-97.82863676314237,30.21344034723688],[-97.82863676314237,30.20197117791957],[-97.81776010551877,30.202620895626865],[-97.81776010551877,30.2140902126309],[-97.82863676314237,30.21344034723688]]]}"
Texas,Travis,9681414854270779392,13215.23268531254,10344.37,202512,deployment,"{""type"":""Polygon"",""coordinates"":[[[-97.83951508739261,30.21278947557358],[-97.83951508739261,30.201320454177598],[-97.82863676314237,30.20197117791957],[-97.82863676314237,30.21344034723688],[-97.83951508739261,30.21278947557358]]]}"
Texas,Travis,9681414922990256128,3616.424101518706,2776.064,202512,deployment,"{""type"":""Polygon"",""coordinates"":[[[-97.85039507717951,30.223605481461068],[-97.85039507717951,30.212137597277405],[-97.83951508739261,30.21278947557358],[-97.83951508739261,30.224257507796022],[-97.85039507717951,30.223605481461068]]]}"
Texas,Travis,9681414957349994496,12094.776319527477,8914.088,202512,deployment,"{""type"":""Polygon"",""coordinates"":[[[-97.83951508739261,30.224257507796022],[-97.83951508739261,30.21278947557358],[-97.82863676314237,30.21344034723688],[-97.82863676314237,30.224908527263572],[-97.83951508739261,30.224257507796022]]]}"
Texas,Travis,9681414991709732864,2.2290198314011715,2.229,202512,deployment,"{""type"":""Polygon"",""coordinates"":[[[-97.83951508739261,30.235724549683226],[-97.83951508739261,30.224257507796022],[-97.82863676314237,30.224908527263572],[-97.82863676314237,30.236375716837962],[-97.83951508739261,30.235724549683226]]]}"
Texas,Travis,9681415335307116544,4412.712536030603,3641.999,202512,deployment,"{""type"":""Polygon"",""coordinates"":[[[-97.86127673141237,30.211484711985065],[-97.86127673141237,30.200015987135952],[-97.85039507717951,30.200668724037453],[-97.85039507717951,30.212137597277405],[-97.86127673141237,30.211484711985065]]]}"
Texas,Travis,9681415369666854912,70.79372890677995,41.017,202512,deployment,"{""type"":""Polygon"",""coordinates"":[[[-97.87216004899976,30.210830819333587],[-97.87216004899976,30.19936224311024],[-97.86127673141237,30.200015987135952],[-97.86127673141237,30.211484711985065],[-97.87216004899976,30.210830819333587]]]}"
Texas,Travis,9681415404026593280,108.41377001876864,63.126,202512,deployment,"{""type"":""Polygon"",""coordinates"":[[[-97.87216004899976,30.19936224311024],[-97.87216004899976,30.187892679227996],[-97.86127673141237,30.188546274510347],[-97.86127673141237,30.200015987135952],[-97.87216004899976,30.19936224311024]]]}"
Texas,Travis,9681415438386331648,3074.45601481663,2547.803,202512,deployment,"{""type"":""Polygon"",""coordinates"":[[[-97.86127673141237,30.200015987135952],[-97.86127673141237,30.188546274510347],[-97.85039507717951,30.189198862903588],[-97.85039507717951,30.200668724037453],[-97.86127673141237,30.200015987135952]]]}"
Texas,Travis,9681415472746070016,843.029318290175,670.719,202512,deployment,"{""type"":""Polygon"",""coordinates"":[[[-97.86127673141237,30.188546274510347],[-97.86127673141237,30.17707557527132],[-97.85039507717951,30.177728015038912],[-97.85039507717951,30.189198862903588],[-97.86127673141237,30.188546274510347]]]}"
Texas,Travis,9681415610185023488,1211.1915334330972,1211.192,202512,deployment,"{""type"":""Polygon"",""coordinates"":[[[-97.86127673141237,30.165603890582624],[-97.86127673141237,30.154131221608722],[-97.85039507717951,30.15478336377288],[-97.85039507717951,30.166256181607196],[-97.86127673141237,30.165603890582624]]]}"
Texas,Travis,9681415644544761856,1733.9998821677632,1734.0,202512,deployment,"{""type"":""Polygon"",""coordinates"":[[[-97.86127673141237,30.17707557527132],[-97.86127673141237,30.165603890582624],[-97.85039507717951,30.166256181607196],[-97.85039507717951,30.177728015038912],[-97.86127673141237,30.17707557527132]]]}"
Texas,Travis,9681415747623976960,702.3167787726418,702.317,202512,deployment,"{""type"":""Polygon"",""coordinates"":[[[-97.83951508739261,30.166907466575925],[-97.83951508739261,30.155434500116726],[-97.82863676314237,30.156084631002997],[-97.82863676314237,30.16755774585166],[-97.83951508739261,30.166907466575925]]]}"
Texas,Travis,9681415781983715328,2591.452229501138,2003.32,202512,deployment,"{""type"":""Polygon"",""coordinates"":[[[-97.83951508739261,30.178379448515333],[-97.83951508739261,30.166907466575925],[-97.82863676314237,30.16755774585166],[-97.82863676314237,30.179029876063517],[-97.83951508739261,30.178379448515333]]]}"
Texas,Travis,9681415816343453696,7398.064129853619,5919.205,202512,deployment,"{""type"":""Polygon"",""coordinates"":[[[-97.83951508739261,30.189850444770475],[-97.83951508739261,30.178379448515333],[-97.82863676314237,30.179029876063517],[-97.82863676314237,30.190501020474084],[-97.83951508739261,30.189850444770475]]]}"
Texas,Travis,9681415850703192064,5023.882088559461,3755.762,202512,deployment,"{""type"":""Polygon"",""coordinates"":[[[-97.85039507717951,30.189198862903588],[-97.85039507717951,30.177728015038912],[-97.83951508739261,30.178379448515333],[-97.83951508739261,30.189850444770475],[-97.85039507717951,30.189198862903588]]]}"
Texas,Travis,9681415885062930432,8195.846331640661,6848.122,202512,deployment,"{""type"":""Polygon"",""coordinates"":[[[-97.85039507717951,30.200668724037453],[-97.85039507717951,30.189198862903588],[-97.83951508739261,30.189850444770475],[-97.83951508739261,30.201320454177598],[-97.85039507717951,30.200668724037453]]]}"
Texas,Travis,9681415919422668800,12279.70097528368,10101.95,202512,deployment,"{""type"":""Polygon"",""coordinates"":[[[-97.83951508739261,30.201320454177598],[-97.83951508739261,30.189850444770475],[-97.82863676314237,30.190501020474084],[-97.82863676314237,30.20197117791957],[-97.83951508739261,30.201320454177598]]]}"
Texas,Travis,9681415953782407168,12641.518388087692,10032.112,202512,deployment,"{""type"":""Polygon"",""coordinates"":[[[-97.82863676314237,30.20197117791957],[-97.82863676314237,30.190501020474084],[-97.81776010551877,30.191150590377784],[-97.81776010551877,30.202620895626865],[-97.82863676314237,30.20197117791957]]]}"
Texas,Travis,9681415988142145536,8693.919195725755,6678.673,202512,deployment,"{""type"":""Polygon"",""coordinates"":[[[-97.82863676314237,30.190501020474084],[-97.82863676314237,30.179029876063517],[-97.81776010551877,30.179679298046747],[-97.81776010551877,30.191150590377784],[-97.82863676314237,30.190501020474084]]]}"
Texas,Travis,9681416022501883904,13434.586276237966,10059.492,202512,deployment,"{""type"":""Polygon"",""coordinates"":[[[-97.81776010551877,30.191150590377784],[-97.81776010551877,30.179679298046747],[-97.80688511561101,30.180327714828618],[-97.80688511561101,30.191799154845267],[-97.81776010551877,30.191150590377784]]]}"
Texas,Travis,9681416056861622272,15374.904926682451,10921.131,202512,deployment,"{""type"":""Polygon"",""coordinates"":[[[-97.81776010551877,30.202620895626865],[-97.81776010551877,30.191150590377784],[-97.80688511561101,30.191799154845267],[-97.80688511561101,30.2032696076633],[-97.81776010551877,30.202620895626865]]]}"
Texas,Travis,9681416091221360640,24051.18605928377,17145.64,202512,deployment,"{""type"":""Polygon"",""coordinates"":[[[-97.80688511561101,30.2032696076633],[-97.80688511561101,30.191799154845267],[-97.79601179450758,30.192446714240575],[-97.79601179450758,30.203917314392992],[-97.80688511561101,30.2032696076633]]]}"
Texas,Travis,9681416125581099008,41351.07768932934,30747.039,202512,deployment,"{""type"":""Polygon"",""coordinates"":[[[-97.79601179450758,30.203917314392992],[-97.79601179450758,30.192446714240575],[-97.78514014329618,30.19309326892803],[-97.78514014329618,30.204564016180388],[-97.79601179450758,30.203917314392992]]]}"
Texas,Travis,9681416159940837376,19401.75500251346,14856.085,202512,deployment,"{""type"":""Polygon"",""coordinates"":[[[-97.79601179450758,30.192446714240575],[-97.79601179450758,30.180975126773028],[-97.78514014329618,30.181621534244204],[-97.78514014329618,30.19309326892803],[-97.79601179450758,30.192446714240575]]]}"
Texas,Travis,9681416194300575744,7506.5470655309155,5853.37,202512,deployment,"{""type"":""Polygon"",""coordinates"":[[[-97.80688511561101,30.191799154845267],[-97.80688511561101,30.180327714828618],[-97.79601179450758,30.180975126773028],[-97.79601179450758,30.192446714240575],[-97.80688511561101,30.191799154845267]]]}"
Texas,Travis,9681416228660314112,10962.418376219151,7892.357,202512,deployment,"{""type"":""Polygon"",""coordinates"":[[[-97.80688511561101,30.180327714828618],[-97.80688511561101,30.16885528877714],[-97.79601179450758,30.16950255315416],[-97.79601179450758,30.180975126773028],[-97.80688511561101,30.180327714828618]]]}"
Texas,Travis,9681416263020052480,9051.572917859552,6311.65,202512,deployment,"{""type"":""Polygon"",""coordinates"":[[[-97.79601179450758,30.180975126773028],[-97.79601179450758,30.16950255315416],[-97.78514014329618,30.17014881329274],[-97.78514014329618,30.181621534244204],[-97.79601179450758,30.180975126773028]]]}"
Texas,Travis,9681416297379790848,2338.410798325168,1466.596,202512,deployment,"{""type"":""Polygon"",""coordinates"":[[[-97.79601179450758,30.16950255315416],[-97.79601179450758,30.1580289945485],[-97.78514014329618,30.15867510723818],[-97.78514014329618,30.17014881329274],[-97.79601179450758,30.16950255315416]]]}"
Texas,Travis,9681416331739529216,454.5802318610668,449.963,202512,deployment,"{""type"":""Polygon"",""coordinates"":[[[-97.80688511561101,30.16885528877714],[-97.80688511561101,30.157381877855364],[-97.79601179450758,30.1580289945485],[-97.79601179450758,30.16950255315416],[-97.80688511561101,30.16885528877714]]]}"
Texas,Travis,9681416400459005952,3808.107740979389,2854.039,202512,deployment,"{""type"":""Polygon"",""coordinates"":[[[-97.81776010551877,30.179679298046747],[-97.81776010551877,30.168207019797574],[-97.80688511561101,30.16885528877714],[-97.80688511561101,30.180327714828618],[-97.81776010551877,30.179679298046747]]]}"
Texas,Travis,9681416434818744320,6896.40689370366,5130.712,202512,deployment,"{""type"":""Polygon"",""coordinates"":[[[-97.82863676314237,30.179029876063517],[-97.82863676314237,30.16755774585166],[-97.81776010551877,30.168207019797574],[-97.81776010551877,30.179679298046747],[-97.82863676314237,30.179029876063517]]]}"
Texas,Travis,9681416537897959424,335.1995752612545,335.2,202512,deployment,"{""type"":""Polygon"",""coordinates"":[[[-97.82863676314237,30.144610532682712],[-97.82863676314237,30.13313545205666],[-97.81776010551877,30.133784281189616],[-97.81776010551877,30.145259510203484],[-97.82863676314237,30.144610532682712]]]}"
Texas,Travis,9681416572257697792,258.2340248866252,258.234,202512,deployment,"{""type"":""Polygon"",""coordinates"":[[[-97.81776010551877,30.145259510203484],[-97.81776010551877,30.133784281189616],[-97.80688511561101,30.134432106062352],[-97.80688511561101,30.145907483228473],[-97.81776010551877,30.145259510203484]]]}"
Texas,Travis,9681416640977174528,652.5560861444314,652.556,202512,deployment,"{""type"":""Polygon"",""coordinates"":[[[-97.80688511561101,30.157381877855364],[-97.80688511561101,30.145907483228473],[-97.79601179450758,30.146554452121254],[-97.79601179450758,30.1580289945485],[-97.80688511561101,30.157381877855364]]]}"
Texas,Travis,9681416675336912896,288.8052511920621,288.805,202512,deployment,"{""type"":""Polygon"",""coordinates"":[[[-97.79601179450758,30.1580289945485],[-97.79601179450758,30.146554452121254],[-97.78514014329618,30.147200417245738],[-97.78514014329618,30.15867510723818],[-97.79601179450758,30.1580289945485]]]}"
Texas,Travis,9681416709696651264,48.38826740652068,48.388,202512,deployment,"{""type"":""Polygon"",""coordinates"":[[[-97.79601179450758,30.146554452121254],[-97.79601179450758,30.135078927038325],[-97.78514014329618,30.135724744481323],[-97.78514014329618,30.147200417245738],[-97.79601179450758,30.146554452121254]]]}"
Texas,Travis,9681416744056389632,732.8212429689626,732.821,202512,deployment,"{""type"":""Polygon"",""coordinates"":[[[-97.80688511561101,30.145907483228473],[-97.80688511561101,30.134432106062352],[-97.79601179450758,30.135078927038325],[-97.79601179450758,30.146554452121254],[-97.80688511561101,30.145907483228473]]]}"
Texas,Travis,9681416778416128000,177.26220974649038,177.262,202512,deployment,"{""type"":""Polygon"",""coordinates"":[[[-97.80688511561101,30.134432106062352],[-97.80688511561101,30.122955747523573],[-97.79601179450758,30.12360242046629],[-97.79601179450758,30.135078927038325],[-97.80688511561101,30.134432106062352]]]}"
Texas,Travis,9681416915855081472,177.12006493132776,177.12,202512,deployment,"{""type"":""Polygon"",""coordinates"":[[[-97.81776010551877,30.122308070919722],[-97.81776010551877,30.110830880561064],[-97.80688511561101,30.11147840877942],[-97.80688511561101,30.122955747523573],[-97.81776010551877,30.122308070919722]]]}"
Texas,Travis,9681416950214819840,392.9152389235137,392.915,202512,deployment,"{""type"":""Polygon"",""coordinates"":[[[-97.81776010551877,30.133784281189616],[-97.81776010551877,30.122308070919722],[-97.80688511561101,30.122955747523573],[-97.80688511561101,30.134432106062352],[-97.81776010551877,30.133784281189616]]]}"
Texas,Travis,9681417190732988416,178.39437529149276,178.394,202512,deployment,"{""type"":""Polygon"",""coordinates"":[[[-97.83951508739261,30.143960550302914],[-97.83951508739261,30.132485618300315],[-97.82863676314237,30.13313545205666],[-97.82863676314237,30.144610532682712],[-97.83951508739261,30.143960550302914]]]}"
Texas,Travis,9681417225092726784,726.4006276961017,726.401,202512,deployment,"{""type"":""Polygon"",""coordinates"":[[[-97.83951508739261,30.155434500116726],[-97.83951508739261,30.143960550302914],[-97.82863676314237,30.144610532682712],[-97.82863676314237,30.156084631002997],[-97.83951508739261,30.155434500116726]]]}"
Texas,Travis,9681417259452465152,635.4546314594259,635.455,202512,deployment,"{""type"":""Polygon"",""coordinates"":[[[-97.85039507717951,30.15478336377288],[-97.85039507717951,30.143309562701127],[-97.83951508739261,30.143960550302914],[-97.83951508739261,30.155434500116726],[-97.85039507717951,30.15478336377288]]]}"
Texas,Travis,9681417293812203520,21.40323545108031,21.403,202512,deployment,"{""type"":""Polygon"",""coordinates"":[[[-97.85039507717951,30.143309562701127],[-97.85039507717951,30.13183477955776],[-97.83951508739261,30.132485618300315],[-97.83951508739261,30.143960550302914],[-97.85039507717951,30.143309562701127]]]}"
Texas,Travis,9681417328171941888,13.411938950075646,13.412,202512,deployment,"{""type"":""Polygon"",""coordinates"":[[[-97.86127673141237,30.142657569514732],[-97.86127673141237,30.131182935466487],[-97.85039507717951,30.13183477955776],[-97.85039507717951,30.143309562701127],[-97.86127673141237,30.142657569514732]]]}"
Texas,Travis,9681417362531680256,637.0478460247325,637.048,202512,deployment,"{""type"":""Polygon"",""coordinates"":[[[-97.86127673141237,30.154131221608722],[-97.86127673141237,30.142657569514732],[-97.85039507717951,30.143309562701127],[-97.85039507717951,30.15478336377288],[-97.86127673141237,30.154131221608722]]]}"
Texas,Travis,9681417396891418624,5.969161104733853,5.969,202512,deployment,"{""type"":""Polygon"",""coordinates"":[[[-97.87216004899976,30.153478073261827],[-97.87216004899976,30.14200457038142],[-97.86127673141237,30.142657569514732],[-97.86127673141237,30.154131221608722],[-97.87216004899976,30.153478073261827]]]}"
Texas,Travis,9681418152805662720,23.735720206946276,23.736,202512,deployment,"{""type"":""Polygon"",""coordinates"":[[[-97.88304502884951,30.164296288916184],[-97.88304502884951,30.152823918370107],[-97.87216004899976,30.153478073261827],[-97.87216004899976,30.164950593139697],[-97.88304502884951,30.164296288916184]]]}"
