{"type":"FeatureCollection","metadata":{"dataset":"Waymo S2 operational-mileage cells","vintage_end":"202603","phase":"deployment"},"features":[{"type":"Feature","properties":{"state":"Arizona","county":"Maricopa","s2_cell":"9739878636298698752","waymo_ro_miles":3827.9397140854126,"incremental_miles":656.087,"vintage_end":"202603","exposure_phase":"deployment"},"geometry":{"type":"Polygon","coordinates":[[[-111.86878249373518,33.23629094022619],[-111.86878249373518,33.22559878043331],[-111.85685855297612,33.227791798472666],[-111.85685855297612,33.23848431480166],[-111.86878249373518,33.23629094022619]]]}},{"type":"Feature","properties":{"state":"Arizona","county":"Maricopa","s2_cell":"9739878670658437120","waymo_ro_miles":15612.458398021567,"incremental_miles":2720.061,"vintage_end":"202603","exposure_phase":"deployment"},"geometry":{"type":"Polygon","coordinates":[[[-111.86878249373518,33.24698196347811],[-111.86878249373518,33.23629094022619],[-111.85685855297612,33.23848431480166],[-111.85685855297612,33.24917569424628],[-111.86878249373518,33.24698196347811]]]}},{"type":"Feature","properties":{"state":"Arizona","county":"Maricopa","s2_cell":"9739878705018175488","waymo_ro_miles":6015.750415564038,"incremental_miles":1186.705,"vintage_end":"202603","exposure_phase":"deployment"},"geometry":{"type":"Polygon","coordinates":[[[-111.88070640336356,33.244786990458216],[-111.88070640336356,33.23409632366344],[-111.86878249373518,33.23629094022619],[-111.86878249373518,33.24698196347811],[-111.88070640336356,33.244786990458216]]]}},{"type":"Feature","properties":{"state":"Arizona","county":"Maricopa","s2_cell":"9739878739377913856","waymo_ro_miles":2.5653741773799736,"incremental_miles":0.317,"vintage_end":"202603","exposure_phase":"deployment"},"geometry":{"type":"Polygon","coordinates":[[[-111.88070640336356,33.23409632366344],[-111.88070640336356,33.22340452067127],[-111.86878249373518,33.22559878043331],[-111.86878249373518,33.23629094022619],[-111.88070640336356,33.23409632366344]]]}},{"type":"Feature","properties":{"state":"Arizona","county":"Maricopa","s2_cell":"9739878911176605696","waymo_ro_miles":14392.68033046282,"incremental_miles":3048.569,"vintage_end":"202603","exposure_phase":"deployment"},"geometry":{"type":"Polygon","coordinates":[[[-111.89263028034495,33.25327994874738],[-111.89263028034495,33.2425907753975],[-111.88070640336356,33.244786990458216],[-111.88070640336356,33.25547652018602],[-111.89263028034495,33.25327994874738]]]}},{"type":"Feature","properties":{"state":"Arizona","county":"Maricopa","s2_cell":"9739879014255820800","waymo_ro_miles":24807.10481232856,"incremental_miles":4417.452,"vintage_end":"202603","exposure_phase":"deployment"},"geometry":{"type":"Polygon","coordinates":[[[-111.89263028034495,33.26396798450504],[-111.89263028034495,33.25327994874738],[-111.88070640336356,33.25547652018602],[-111.88070640336356,33.266164911977896],[-111.89263028034495,33.26396798450504]]]}},{"type":"Feature","properties":{"state":"Arizona","county":"Maricopa","s2_cell":"9739879048615559168","waymo_ro_miles":21681.489396123376,"incremental_miles":3023.939,"vintage_end":"202603","exposure_phase":"deployment"},"geometry":{"type":"Polygon","coordinates":[[[-111.88070640336356,33.266164911977896],[-111.88070640336356,33.25547652018602],[-111.86878249373518,33.25767184931951],[-111.86878249373518,33.26836059688144],[-111.88070640336356,33.266164911977896]]]}},{"type":"Feature","properties":{"state":"Arizona","county":"Maricopa","s2_cell":"9739879082975297536","waymo_ro_miles":8169.834487084227,"incremental_miles":1506.436,"vintage_end":"202603","exposure_phase":"deployment"},"geometry":{"type":"Polygon","coordinates":[[[-111.88070640336356,33.25547652018602],[-111.88070640336356,33.244786990458216],[-111.86878249373518,33.24698196347811],[-111.86878249373518,33.25767184931951],[-111.88070640336356,33.25547652018602]]]}},{"type":"Feature","properties":{"state":"Arizona","county":"Maricopa","s2_cell":"9739879117335035904","waymo_ro_miles":30529.87498328518,"incremental_miles":4675.645,"vintage_end":"202603","exposure_phase":"deployment"},"geometry":{"type":"Polygon","coordinates":[[[-111.86878249373518,33.25767184931951],[-111.86878249373518,33.24698196347811],[-111.85685855297612,33.24917569424628],[-111.85685855297612,33.25986593593701],[-111.86878249373518,33.25767184931951]]]}},{"type":"Feature","properties":{"state":"Arizona","county":"Maricopa","s2_cell":"9739879151694774272","waymo_ro_miles":56048.87659904863,"incremental_miles":8123.804,"vintage_end":"202603","exposure_phase":"deployment"},"geometry":{"type":"Polygon","coordinates":[[[-111.86878249373518,33.26836059688144],[-111.86878249373518,33.25767184931951],[-111.85685855297612,33.25986593593701],[-111.85685855297612,33.27055503900491],[-111.86878249373518,33.26836059688144]]]}},{"type":"Feature","properties":{"state":"Arizona","county":"Maricopa","s2_cell":"9739879186054512640","waymo_ro_miles":69433.74000479846,"incremental_miles":9768.16,"vintage_end":"202603","exposure_phase":"deployment"},"geometry":{"type":"Polygon","coordinates":[[[-111.86878249373518,33.27904820529565],[-111.86878249373518,33.26836059688144],[-111.85685855297612,33.27055503900491],[-111.85685855297612,33.281243002581746],[-111.86878249373518,33.27904820529565]]]}},{"type":"Feature","properties":{"state":"Arizona","county":"Maricopa","s2_cell":"9739879220414251008","waymo_ro_miles":53619.45656400696,"incremental_miles":7035.709,"vintage_end":"202603","exposure_phase":"deployment"},"geometry":{"type":"Polygon","coordinates":[[[-111.88070640336356,33.276852164965554],[-111.88070640336356,33.266164911977896],[-111.86878249373518,33.26836059688144],[-111.86878249373518,33.27904820529565],[-111.88070640336356,33.276852164965554]]]}},{"type":"Feature","properties":{"state":"Arizona","county":"Maricopa","s2_cell":"9739879254773989376","waymo_ro_miles":59089.52240206206,"incremental_miles":7423.513,"vintage_end":"202603","exposure_phase":"deployment"},"geometry":{"type":"Polygon","coordinates":[[[-111.88070640336356,33.28753827828136],[-111.88070640336356,33.276852164965554],[-111.86878249373518,33.27904820529565],[-111.86878249373518,33.289734673694504],[-111.88070640336356,33.28753827828136]]]}},{"type":"Feature","properties":{"state":"Arizona","county":"Maricopa","s2_cell":"9739879289133727744","waymo_ro_miles":67970.17233631437,"incremental_miles":10235.677,"vintage_end":"202603","exposure_phase":"deployment"},"geometry":{"type":"Polygon","coordinates":[[[-111.86878249373518,33.289734673694504],[-111.86878249373518,33.27904820529565],[-111.85685855297612,33.281243002581746],[-111.85685855297612,33.291929825799905],[-111.86878249373518,33.289734673694504]]]}},{"type":"Feature","properties":{"state":"Arizona","county":"Maricopa","s2_cell":"9739879323493466112","waymo_ro_miles":112406.50232949862,"incremental_miles":16135.08,"vintage_end":"202603","exposure_phase":"deployment"},"geometry":{"type":"Polygon","coordinates":[[[-111.86878249373518,33.30042000121104],[-111.86878249373518,33.289734673694504],[-111.85685855297612,33.291929825799905],[-111.85685855297612,33.302615507792446],[-111.86878249373518,33.30042000121104]]]}},{"type":"Feature","properties":{"state":"Arizona","county":"Maricopa","s2_cell":"9739879357853204480","waymo_ro_miles":130267.21583465739,"incremental_miles":20522.673,"vintage_end":"202603","exposure_phase":"deployment"},"geometry":{"type":"Polygon","coordinates":[[[-111.86878249373518,33.311104186978945],[-111.86878249373518,33.30042000121104],[-111.85685855297612,33.302615507792446],[-111.85685855297612,33.313300047693076],[-111.86878249373518,33.311104186978945]]]}},{"type":"Feature","properties":{"state":"Arizona","county":"Maricopa","s2_cell":"9739879392212942848","waymo_ro_miles":164313.73240362396,"incremental_miles":22778.021,"vintage_end":"202603","exposure_phase":"deployment"},"geometry":{"type":"Polygon","coordinates":[[[-111.88070640336356,33.30890708243008],[-111.88070640336356,33.29822325105831],[-111.86878249373518,33.30042000121104],[-111.86878249373518,33.311104186978945],[-111.88070640336356,33.30890708243008]]]}},{"type":"Feature","properties":{"state":"Arizona","county":"Maricopa","s2_cell":"9739879426572681216","waymo_ro_miles":104352.47902265297,"incremental_miles":13575.738,"vintage_end":"202603","exposure_phase":"deployment"},"geometry":{"type":"Polygon","coordinates":[[[-111.88070640336356,33.29822325105831],[-111.88070640336356,33.28753827828136],[-111.86878249373518,33.289734673694504],[-111.86878249373518,33.30042000121104],[-111.88070640336356,33.29822325105831]]]}},{"type":"Feature","properties":{"state":"Arizona","county":"Maricopa","s2_cell":"9739879460932419584","waymo_ro_miles":27208.38380317322,"incremental_miles":4576.948,"vintage_end":"202603","exposure_phase":"deployment"},"geometry":{"type":"Polygon","coordinates":[[[-111.89263028034495,33.29602525754481],[-111.89263028034495,33.28534063977109],[-111.88070640336356,33.28753827828136],[-111.88070640336356,33.29822325105831],[-111.89263028034495,33.29602525754481]]]}},{"type":"Feature","properties":{"state":"Arizona","county":"Maricopa","s2_cell":"9739879495292157952","waymo_ro_miles":97593.41120564858,"incremental_miles":13921.156,"vintage_end":"202603","exposure_phase":"deployment"},"geometry":{"type":"Polygon","coordinates":[[[-111.89263028034495,33.30670873425698],[-111.89263028034495,33.29602525754481],[-111.88070640336356,33.29822325105831],[-111.88070640336356,33.30890708243008],[-111.89263028034495,33.30670873425698]]]}},{"type":"Feature","properties":{"state":"Arizona","county":"Maricopa","s2_cell":"9739879529651896320","waymo_ro_miles":133504.60730154105,"incremental_miles":21563.195,"vintage_end":"202603","exposure_phase":"deployment"},"geometry":{"type":"Polygon","coordinates":[[[-111.90455412316315,33.3045091426707],[-111.90455412316315,33.29382602088169],[-111.89263028034495,33.29602525754481],[-111.89263028034495,33.30670873425698],[-111.90455412316315,33.3045091426707]]]}},{"type":"Feature","properties":{"state":"Arizona","county":"Maricopa","s2_cell":"9739879564011634688","waymo_ro_miles":13644.544569727446,"incremental_miles":3135.7,"vintage_end":"202603","exposure_phase":"deployment"},"geometry":{"type":"Polygon","coordinates":[[[-111.90455412316315,33.29382602088169],[-111.90455412316315,33.28314175837491],[-111.89263028034495,33.28534063977109],[-111.89263028034495,33.29602525754481],[-111.90455412316315,33.29382602088169]]]}},{"type":"Feature","properties":{"state":"Arizona","county":"Maricopa","s2_cell":"9739879632731111424","waymo_ro_miles":37649.502806264,"incremental_miles":6171.715,"vintage_end":"202603","exposure_phase":"deployment"},"geometry":{"type":"Polygon","coordinates":[[[-111.89263028034495,33.28534063977109],[-111.89263028034495,33.274654881802164],[-111.88070640336356,33.276852164965554],[-111.88070640336356,33.28753827828136],[-111.89263028034495,33.28534063977109]]]}},{"type":"Feature","properties":{"state":"Arizona","county":"Maricopa","s2_cell":"9739879667090849792","waymo_ro_miles":19935.801734944725,"incremental_miles":4062.017,"vintage_end":"202603","exposure_phase":"deployment"},"geometry":{"type":"Polygon","coordinates":[[[-111.89263028034495,33.274654881802164],[-111.89263028034495,33.26396798450504],[-111.88070640336356,33.266164911977896],[-111.88070640336356,33.276852164965554],[-111.89263028034495,33.274654881802164]]]}},{"type":"Feature","properties":{"state":"Arizona","county":"Maricopa","s2_cell":"9739879873249280000","waymo_ro_miles":2554.908816515245,"incremental_miles":1087.769,"vintage_end":"202603","exposure_phase":"deployment"},"geometry":{"type":"Polygon","coordinates":[[[-111.91647793030225,33.29162554128064],[-111.91647793030225,33.280941634304604],[-111.90455412316315,33.28314175837491],[-111.90455412316315,33.29382602088169],[-111.91647793030225,33.29162554128064]]]}},{"type":"Feature","properties":{"state":"Arizona","county":"Maricopa","s2_cell":"9739879907609018368","waymo_ro_miles":22505.657867239508,"incremental_miles":3226.398,"vintage_end":"202603","exposure_phase":"deployment"},"geometry":{"type":"Polygon","coordinates":[[[-111.91647793030225,33.302308307882875],[-111.91647793030225,33.29162554128064],[-111.90455412316315,33.29382602088169],[-111.90455412316315,33.3045091426707],[-111.91647793030225,33.302308307882875]]]}},{"type":"Feature","properties":{"state":"Arizona","county":"Maricopa","s2_cell":"9739879941968756736","waymo_ro_miles":6830.846679984747,"incremental_miles":1566.242,"vintage_end":"202603","exposure_phase":"deployment"},"geometry":{"type":"Polygon","coordinates":[[[-111.92840170024643,33.30010623010573],[-111.92840170024643,33.289423818953956],[-111.91647793030225,33.29162554128064],[-111.91647793030225,33.302308307882875],[-111.92840170024643,33.30010623010573]]]}},{"type":"Feature","properties":{"state":"Arizona","county":"Maricopa","s2_cell":"9739880045047971840","waymo_ro_miles":6054.807360265142,"incremental_miles":1457.111,"vintage_end":"202603","exposure_phase":"deployment"},"geometry":{"type":"Polygon","coordinates":[[[-111.94032543148008,33.29790290955207],[-111.94032543148008,33.287220854114516],[-111.92840170024643,33.289423818953956],[-111.92840170024643,33.30010623010573],[-111.94032543148008,33.29790290955207]]]}},{"type":"Feature","properties":{"state":"Arizona","county":"Maricopa","s2_cell":"9739880079407710208","waymo_ro_miles":3970.7591462751357,"incremental_miles":1480.383,"vintage_end":"202603","exposure_phase":"deployment"},"geometry":{"type":"Polygon","coordinates":[[[-111.9522491224878,33.295698346435245],[-111.9522491224878,33.285016646975755],[-111.94032543148008,33.287220854114516],[-111.94032543148008,33.29790290955207],[-111.9522491224878,33.295698346435245]]]}},{"type":"Feature","properties":{"state":"Arizona","county":"Maricopa","s2_cell":"9739883034345209856","waymo_ro_miles":20645.45195281788,"incremental_miles":3581.108,"vintage_end":"202603","exposure_phase":"deployment"},"geometry":{"type":"Polygon","coordinates":[[[-111.96417277175436,33.304172744324724],[-111.96417277175436,33.29349254096923],[-111.9522491224878,33.295698346435245],[-111.9522491224878,33.30637890568807],[-111.96417277175436,33.304172744324724]]]}},{"type":"Feature","properties":{"state":"Arizona","county":"Maricopa","s2_cell":"9739883068704948224","waymo_ro_miles":2409.853237708227,"incremental_miles":593.704,"vintage_end":"202603","exposure_phase":"deployment"},"geometry":{"type":"Polygon","coordinates":[[[-111.9760963777647,33.3019653405629],[-111.9760963777647,33.29128549336854],[-111.96417277175436,33.29349254096923],[-111.96417277175436,33.304172744324724],[-111.9760963777647,33.3019653405629]]]}},{"type":"Feature","properties":{"state":"Arizona","county":"Maricopa","s2_cell":"9739883103064686592","waymo_ro_miles":12164.866494541218,"incremental_miles":1844.227,"vintage_end":"202603","exposure_phase":"deployment"},"geometry":{"type":"Polygon","coordinates":[[[-111.9760963777647,33.31264404737481],[-111.9760963777647,33.3019653405629],[-111.96417277175436,33.304172744324724],[-111.96417277175436,33.31485180695299],[-111.9760963777647,33.31264404737481]]]}},{"type":"Feature","properties":{"state":"Arizona","county":"Maricopa","s2_cell":"9739883137424424960","waymo_ro_miles":33111.15498910429,"incremental_miles":5164.513,"vintage_end":"202603","exposure_phase":"deployment"},"geometry":{"type":"Polygon","coordinates":[[[-111.96417277175436,33.31485180695299],[-111.96417277175436,33.304172744324724],[-111.9522491224878,33.30637890568807],[-111.9522491224878,33.31705832386905],[-111.96417277175436,33.31485180695299]]]}},{"type":"Feature","properties":{"state":"Arizona","county":"Maricopa","s2_cell":"9739883171784163328","waymo_ro_miles":72211.07955030537,"incremental_miles":10844.471,"vintage_end":"202603","exposure_phase":"deployment"},"geometry":{"type":"Polygon","coordinates":[[[-111.96417277175436,33.3255297279895],[-111.96417277175436,33.31485180695299],[-111.9522491224878,33.31705832386905],[-111.9522491224878,33.327736600113695],[-111.96417277175436,33.3255297279895]]]}},{"type":"Feature","properties":{"state":"Arizona","county":"Maricopa","s2_cell":"9739883206143901696","waymo_ro_miles":90395.35714703996,"incremental_miles":12676.257,"vintage_end":"202603","exposure_phase":"deployment"},"geometry":{"type":"Polygon","coordinates":[[[-111.96417277175436,33.33620650657039],[-111.96417277175436,33.3255297279895],[-111.9522491224878,33.327736600113695],[-111.9522491224878,33.33841373355815],[-111.96417277175436,33.33620650657039]]]}},{"type":"Feature","properties":{"state":"Arizona","county":"Maricopa","s2_cell":"9739883240503640064","waymo_ro_miles":7062.1868411340965,"incremental_miles":1785.455,"vintage_end":"202603","exposure_phase":"deployment"},"geometry":{"type":"Polygon","coordinates":[[[-111.9760963777647,33.33399803639377],[-111.9760963777647,33.323321612939736],[-111.96417277175436,33.3255297279895],[-111.96417277175436,33.33620650657039],[-111.9760963777647,33.33399803639377]]]}},{"type":"Feature","properties":{"state":"Arizona","county":"Maricopa","s2_cell":"9739883274863378432","waymo_ro_miles":26570.912360772454,"incremental_miles":4433.238,"vintage_end":"202603","exposure_phase":"deployment"},"geometry":{"type":"Polygon","coordinates":[[[-111.9760963777647,33.323321612939736],[-111.9760963777647,33.31264404737481],[-111.96417277175436,33.31485180695299],[-111.96417277175436,33.3255297279895],[-111.9760963777647,33.323321612939736]]]}},{"type":"Feature","properties":{"state":"Arizona","county":"Maricopa","s2_cell":"9739883309223116800","waymo_ro_miles":6835.625344902406,"incremental_miles":1161.193,"vintage_end":"202603","exposure_phase":"deployment"},"geometry":{"type":"Polygon","coordinates":[[[-111.98801993900399,33.3211122551793],[-111.98801993900399,33.31043504534951],[-111.9760963777647,33.31264404737481],[-111.9760963777647,33.323321612939736],[-111.98801993900399,33.3211122551793]]]}},{"type":"Feature","properties":{"state":"Arizona","county":"Maricopa","s2_cell":"9739883343582855168","waymo_ro_miles":8.728211935909238,"incremental_miles":2.324,"vintage_end":"202603","exposure_phase":"deployment"},"geometry":{"type":"Polygon","coordinates":[[[-111.98801993900399,33.331788323243124],[-111.98801993900399,33.3211122551793],[-111.9760963777647,33.323321612939736],[-111.9760963777647,33.33399803639377],[-111.98801993900399,33.331788323243124]]]}},{"type":"Feature","properties":{"state":"Arizona","county":"Maricopa","s2_cell":"9739883377942593536","waymo_ro_miles":1.6949756847970785,"incremental_miles":0.182,"vintage_end":"202603","exposure_phase":"deployment"},"geometry":{"type":"Polygon","coordinates":[[[-111.99994345395756,33.32957736733385],[-111.99994345395756,33.31890165492367],[-111.98801993900399,33.3211122551793],[-111.98801993900399,33.331788323243124],[-111.99994345395756,33.32957736733385]]]}},{"type":"Feature","properties":{"state":"Arizona","county":"Maricopa","s2_cell":"9739883412302331904","waymo_ro_miles":1.0149417422100007,"incremental_miles":0.094,"vintage_end":"202603","exposure_phase":"deployment"},"geometry":{"type":"Polygon","coordinates":[[[-111.99994345395756,33.31890165492367],[-111.99994345395756,33.3082248010926],[-111.98801993900399,33.31043504534951],[-111.98801993900399,33.3211122551793],[-111.99994345395756,33.31890165492367]]]}},{"type":"Feature","properties":{"state":"Arizona","county":"Maricopa","s2_cell":"9739883481021808640","waymo_ro_miles":1.3098978134986574,"incremental_miles":1.31,"vintage_end":"202603","exposure_phase":"deployment"},"geometry":{"type":"Polygon","coordinates":[[[-111.98801993900399,33.31043504534951],[-111.98801993900399,33.29975669461764],[-111.9760963777647,33.3019653405629],[-111.9760963777647,33.31264404737481],[-111.98801993900399,33.31043504534951]]]}},{"type":"Feature","properties":{"state":"Arizona","county":"Maricopa","s2_cell":"9739884717972389888","waymo_ro_miles":3.467707302048791,"incremental_miles":2.05,"vintage_end":"202603","exposure_phase":"deployment"},"geometry":{"type":"Polygon","coordinates":[[[-111.98801993900399,33.37448116058326],[-111.98801993900399,33.3638096682094],[-111.9760963777647,33.366020445461466],[-111.9760963777647,33.37669229184612],[-111.98801993900399,33.37448116058326]]]}},{"type":"Feature","properties":{"state":"Arizona","county":"Maricopa","s2_cell":"9739884889771081728","waymo_ro_miles":1.8883598259164025,"incremental_miles":0.666,"vintage_end":"202603","exposure_phase":"deployment"},"geometry":{"type":"Polygon","coordinates":[[[-111.98801993900399,33.3424632486777],[-111.98801993900399,33.331788323243124],[-111.9760963777647,33.33399803639377],[-111.9760963777647,33.34467331687368],[-111.98801993900399,33.3424632486777]]]}},{"type":"Feature","properties":{"state":"Arizona","county":"Maricopa","s2_cell":"9739884958490558464","waymo_ro_miles":9871.235740996139,"incremental_miles":2519.096,"vintage_end":"202603","exposure_phase":"deployment"},"geometry":{"type":"Polygon","coordinates":[[[-111.9760963777647,33.35534745351689],[-111.9760963777647,33.34467331687368],[-111.96417277175436,33.346882141832445],[-111.96417277175436,33.3575566329131],[-111.9760963777647,33.35534745351689]]]}},{"type":"Feature","properties":{"state":"Arizona","county":"Maricopa","s2_cell":"9739884992850296832","waymo_ro_miles":14810.564969675344,"incremental_miles":3136.591,"vintage_end":"202603","exposure_phase":"deployment"},"geometry":{"type":"Polygon","coordinates":[[[-111.9760963777647,33.34467331687368],[-111.9760963777647,33.33399803639377],[-111.96417277175436,33.33620650657039],[-111.96417277175436,33.346882141832445],[-111.9760963777647,33.34467331687368]]]}},{"type":"Feature","properties":{"state":"Arizona","county":"Maricopa","s2_cell":"9739885027210035200","waymo_ro_miles":93481.63852441144,"incremental_miles":12726.401,"vintage_end":"202603","exposure_phase":"deployment"},"geometry":{"type":"Polygon","coordinates":[[[-111.96417277175436,33.346882141832445],[-111.96417277175436,33.33620650657039],[-111.9522491224878,33.33841373355815],[-111.9522491224878,33.34908972333923],[-111.96417277175436,33.346882141832445]]]}},{"type":"Feature","properties":{"state":"Arizona","county":"Maricopa","s2_cell":"9739885061569773568","waymo_ro_miles":152195.65473485042,"incremental_miles":21953.604,"vintage_end":"202603","exposure_phase":"deployment"},"geometry":{"type":"Polygon","coordinates":[[[-111.96417277175436,33.3575566329131],[-111.96417277175436,33.346882141832445],[-111.9522491224878,33.34908972333923],[-111.9522491224878,33.359764568594386],[-111.96417277175436,33.3575566329131]]]}},{"type":"Feature","properties":{"state":"Arizona","county":"Maricopa","s2_cell":"9739885095929511936","waymo_ro_miles":104798.06074457253,"incremental_miles":20879.17,"vintage_end":"202603","exposure_phase":"deployment"},"geometry":{"type":"Polygon","coordinates":[[[-111.96417277175436,33.368229978950446],[-111.96417277175436,33.3575566329131],[-111.9522491224878,33.359764568594386],[-111.9522491224878,33.370438268461726],[-111.96417277175436,33.368229978950446]]]}},{"type":"Feature","properties":{"state":"Arizona","county":"Maricopa","s2_cell":"9739885130289250304","waymo_ro_miles":7996.899158527218,"incremental_miles":1853.809,"vintage_end":"202603","exposure_phase":"deployment"},"geometry":{"type":"Polygon","coordinates":[[[-111.9760963777647,33.366020445461466],[-111.9760963777647,33.35534745351689],[-111.96417277175436,33.3575566329131],[-111.96417277175436,33.368229978950446],[-111.9760963777647,33.366020445461466]]]}},{"type":"Feature","properties":{"state":"Arizona","county":"Maricopa","s2_cell":"9739885164648988672","waymo_ro_miles":11117.493373869938,"incremental_miles":2409.135,"vintage_end":"202603","exposure_phase":"deployment"},"geometry":{"type":"Polygon","coordinates":[[[-111.9760963777647,33.37669229184612],[-111.9760963777647,33.366020445461466],[-111.96417277175436,33.368229978950446],[-111.96417277175436,33.37890217908323],[-111.9760963777647,33.37669229184612]]]}},{"type":"Feature","properties":{"state":"Arizona","county":"Maricopa","s2_cell":"9739885199008727040","waymo_ro_miles":243905.85511813156,"incremental_miles":35984.879,"vintage_end":"202603","exposure_phase":"deployment"},"geometry":{"type":"Polygon","coordinates":[[[-111.96417277175436,33.37890217908323],[-111.96417277175436,33.368229978950446],[-111.9522491224878,33.370438268461726],[-111.9522491224878,33.38111082208001],[-111.96417277175436,33.37890217908323]]]}},{"type":"Feature","properties":{"state":"Arizona","county":"Maricopa","s2_cell":"9739885233368465408","waymo_ro_miles":248335.6328305634,"incremental_miles":26566.806,"vintage_end":"202603","exposure_phase":"deployment"},"geometry":{"type":"Polygon","coordinates":[[[-111.9522491224878,33.38111082208001],[-111.9522491224878,33.370438268461726],[-111.94032543148008,33.37264531378127],[-111.94032543148008,33.38331822062252],[-111.9522491224878,33.38111082208001]]]}},{"type":"Feature","properties":{"state":"Arizona","county":"Maricopa","s2_cell":"9739885267728203776","waymo_ro_miles":173769.96617922036,"incremental_miles":13919.136,"vintage_end":"202603","exposure_phase":"deployment"},"geometry":{"type":"Polygon","coordinates":[[[-111.9522491224878,33.370438268461726],[-111.9522491224878,33.359764568594386],[-111.94032543148008,33.36197126034664],[-111.94032543148008,33.37264531378127],[-111.9522491224878,33.370438268461726]]]}},{"type":"Feature","properties":{"state":"Arizona","county":"Maricopa","s2_cell":"9739885302087942144","waymo_ro_miles":211336.99568775497,"incremental_miles":25831.668,"vintage_end":"202603","exposure_phase":"deployment"},"geometry":{"type":"Polygon","coordinates":[[[-111.94032543148008,33.37264531378127],[-111.94032543148008,33.36197126034664],[-111.92840170024643,33.36417670795635],[-111.92840170024643,33.374851114695616],[-111.94032543148008,33.37264531378127]]]}},{"type":"Feature","properties":{"state":"Arizona","county":"Maricopa","s2_cell":"9739885336447680512","waymo_ro_miles":256201.55571102593,"incremental_miles":38705.323,"vintage_end":"202603","exposure_phase":"deployment"},"geometry":{"type":"Polygon","coordinates":[[[-111.94032543148008,33.38331822062252],[-111.94032543148008,33.37264531378127],[-111.92840170024643,33.374851114695616],[-111.92840170024643,33.385524374497386],[-111.94032543148008,33.38331822062252]]]}},{"type":"Feature","properties":{"state":"Arizona","county":"Maricopa","s2_cell":"9739885370807418880","waymo_ro_miles":253108.9917650627,"incremental_miles":38910.729,"vintage_end":"202603","exposure_phase":"deployment"},"geometry":{"type":"Polygon","coordinates":[[[-111.92840170024643,33.385524374497386],[-111.92840170024643,33.374851114695616],[-111.91647793030225,33.37705567099191],[-111.91647793030225,33.38772928349179],[-111.92840170024643,33.385524374497386]]]}},{"type":"Feature","properties":{"state":"Arizona","county":"Maricopa","s2_cell":"9739885405167157248","waymo_ro_miles":300593.8989595465,"incremental_miles":50623.184,"vintage_end":"202603","exposure_phase":"deployment"},"geometry":{"type":"Polygon","coordinates":[[[-111.91647793030225,33.38772928349179],[-111.91647793030225,33.37705567099191],[-111.90455412316315,33.37925898245782],[-111.90455412316315,33.38993294739349],[-111.91647793030225,33.38772928349179]]]}},{"type":"Feature","properties":{"state":"Arizona","county":"Maricopa","s2_cell":"9739885439526895616","waymo_ro_miles":248567.03048245687,"incremental_miles":42904.135,"vintage_end":"202603","exposure_phase":"deployment"},"geometry":{"type":"Polygon","coordinates":[[[-111.91647793030225,33.37705567099191],[-111.91647793030225,33.366380911210555],[-111.90455412316315,33.368583869896874],[-111.90455412316315,33.37925898245782],[-111.91647793030225,33.37705567099191]]]}},{"type":"Feature","properties":{"state":"Arizona","county":"Maricopa","s2_cell":"9739885473886633984","waymo_ro_miles":25894.008475037874,"incremental_miles":3342.655,"vintage_end":"202603","exposure_phase":"deployment"},"geometry":{"type":"Polygon","coordinates":[[[-111.92840170024643,33.374851114695616],[-111.92840170024643,33.36417670795635],[-111.91647793030225,33.366380911210555],[-111.91647793030225,33.37705567099191],[-111.92840170024643,33.374851114695616]]]}},{"type":"Feature","properties":{"state":"Arizona","county":"Maricopa","s2_cell":"9739885508246372352","waymo_ro_miles":59869.16772900751,"incremental_miles":5468.114,"vintage_end":"202603","exposure_phase":"deployment"},"geometry":{"type":"Polygon","coordinates":[[[-111.92840170024643,33.36417670795635],[-111.92840170024643,33.35350115514077],[-111.91647793030225,33.355705005008886],[-111.91647793030225,33.366380911210555],[-111.92840170024643,33.36417670795635]]]}},{"type":"Feature","properties":{"state":"Arizona","county":"Maricopa","s2_cell":"9739885542606110720","waymo_ro_miles":225916.04842436357,"incremental_miles":37712.289,"vintage_end":"202603","exposure_phase":"deployment"},"geometry":{"type":"Polygon","coordinates":[[[-111.91647793030225,33.366380911210555],[-111.91647793030225,33.355705005008886],[-111.90455412316315,33.357907610571814],[-111.90455412316315,33.368583869896874],[-111.91647793030225,33.366380911210555]]]}},{"type":"Feature","properties":{"state":"Arizona","county":"Maricopa","s2_cell":"9739885576965849088","waymo_ro_miles":215844.88652029398,"incremental_miles":40942.505,"vintage_end":"202603","exposure_phase":"deployment"},"geometry":{"type":"Polygon","coordinates":[[[-111.91647793030225,33.355705005008886],[-111.91647793030225,33.34502795324875],[-111.90455412316315,33.347230205344424],[-111.90455412316315,33.357907610571814],[-111.91647793030225,33.355705005008886]]]}},{"type":"Feature","properties":{"state":"Arizona","county":"Maricopa","s2_cell":"9739885611325587456","waymo_ro_miles":73331.96487187302,"incremental_miles":9698.171,"vintage_end":"202603","exposure_phase":"deployment"},"geometry":{"type":"Polygon","coordinates":[[[-111.92840170024643,33.35350115514077],[-111.92840170024643,33.342824457110716],[-111.91647793030225,33.34502795324875],[-111.91647793030225,33.355705005008886],[-111.92840170024643,33.35350115514077]]]}},{"type":"Feature","properties":{"state":"Arizona","county":"Maricopa","s2_cell":"9739885645685325824","waymo_ro_miles":80103.42343288923,"incremental_miles":7286.458,"vintage_end":"202603","exposure_phase":"deployment"},"geometry":{"type":"Polygon","coordinates":[[[-111.94032543148008,33.351296061179866],[-111.94032543148008,33.340619717142815],[-111.92840170024643,33.342824457110716],[-111.92840170024643,33.35350115514077],[-111.94032543148008,33.351296061179866]]]}},{"type":"Feature","properties":{"state":"Arizona","county":"Maricopa","s2_cell":"9739885680045064192","waymo_ro_miles":131308.36215807736,"incremental_miles":14615.131,"vintage_end":"202603","exposure_phase":"deployment"},"geometry":{"type":"Polygon","coordinates":[[[-111.94032543148008,33.36197126034664],[-111.94032543148008,33.351296061179866],[-111.92840170024643,33.35350115514077],[-111.92840170024643,33.36417670795635],[-111.94032543148008,33.36197126034664]]]}},{"type":"Feature","properties":{"state":"Arizona","county":"Maricopa","s2_cell":"9739885714404802560","waymo_ro_miles":88342.65142968686,"incremental_miles":5346.756,"vintage_end":"202603","exposure_phase":"deployment"},"geometry":{"type":"Polygon","coordinates":[[[-111.9522491224878,33.359764568594386],[-111.9522491224878,33.34908972333923],[-111.94032543148008,33.351296061179866],[-111.94032543148008,33.36197126034664],[-111.9522491224878,33.359764568594386]]]}},{"type":"Feature","properties":{"state":"Arizona","county":"Maricopa","s2_cell":"9739885748764540928","waymo_ro_miles":9232.819273351435,"incremental_miles":2182.064,"vintage_end":"202603","exposure_phase":"deployment"},"geometry":{"type":"Polygon","coordinates":[[[-111.9522491224878,33.34908972333923],[-111.9522491224878,33.33841373355815],[-111.94032543148008,33.340619717142815],[-111.94032543148008,33.351296061179866],[-111.9522491224878,33.34908972333923]]]}},{"type":"Feature","properties":{"state":"Arizona","county":"Maricopa","s2_cell":"9739885783124279296","waymo_ro_miles":72738.64548461033,"incremental_miles":10371.116,"vintage_end":"202603","exposure_phase":"deployment"},"geometry":{"type":"Polygon","coordinates":[[[-111.9522491224878,33.33841373355815],[-111.9522491224878,33.327736600113695],[-111.94032543148008,33.329942229098016],[-111.94032543148008,33.340619717142815],[-111.9522491224878,33.33841373355815]]]}},{"type":"Feature","properties":{"state":"Arizona","county":"Maricopa","s2_cell":"9739885817484017664","waymo_ro_miles":77750.06269002189,"incremental_miles":9180.747,"vintage_end":"202603","exposure_phase":"deployment"},"geometry":{"type":"Polygon","coordinates":[[[-111.94032543148008,33.340619717142815],[-111.94032543148008,33.329942229098016],[-111.92840170024643,33.33214661472871],[-111.92840170024643,33.342824457110716],[-111.94032543148008,33.340619717142815]]]}},{"type":"Feature","properties":{"state":"Arizona","county":"Maricopa","s2_cell":"9739885851843756032","waymo_ro_miles":26084.54168127052,"incremental_miles":3576.173,"vintage_end":"202603","exposure_phase":"deployment"},"geometry":{"type":"Polygon","coordinates":[[[-111.94032543148008,33.329942229098016],[-111.94032543148008,33.31926359790862],[-111.92840170024643,33.32146762885789],[-111.92840170024643,33.33214661472871],[-111.94032543148008,33.329942229098016]]]}},{"type":"Feature","properties":{"state":"Arizona","county":"Maricopa","s2_cell":"9739885886203494400","waymo_ro_miles":67712.4987979168,"incremental_miles":10824.649,"vintage_end":"202603","exposure_phase":"deployment"},"geometry":{"type":"Polygon","coordinates":[[[-111.9522491224878,33.327736600113695],[-111.9522491224878,33.31705832386905],[-111.94032543148008,33.31926359790862],[-111.94032543148008,33.329942229098016],[-111.9522491224878,33.327736600113695]]]}},{"type":"Feature","properties":{"state":"Arizona","county":"Maricopa","s2_cell":"9739885920563232768","waymo_ro_miles":35387.26726318761,"incremental_miles":4536.279,"vintage_end":"202603","exposure_phase":"deployment"},"geometry":{"type":"Polygon","coordinates":[[[-111.9522491224878,33.31705832386905],[-111.9522491224878,33.30637890568807],[-111.94032543148008,33.308583824438486],[-111.94032543148008,33.31926359790862],[-111.9522491224878,33.31705832386905]]]}},{"type":"Feature","properties":{"state":"Arizona","county":"Maricopa","s2_cell":"9739885954922971136","waymo_ro_miles":49343.30013541431,"incremental_miles":7241.006,"vintage_end":"202603","exposure_phase":"deployment"},"geometry":{"type":"Polygon","coordinates":[[[-111.9522491224878,33.30637890568807],[-111.9522491224878,33.295698346435245],[-111.94032543148008,33.29790290955207],[-111.94032543148008,33.308583824438486],[-111.9522491224878,33.30637890568807]]]}},{"type":"Feature","properties":{"state":"Arizona","county":"Maricopa","s2_cell":"9739885989282709504","waymo_ro_miles":62887.39278937118,"incremental_miles":8619.808,"vintage_end":"202603","exposure_phase":"deployment"},"geometry":{"type":"Polygon","coordinates":[[[-111.94032543148008,33.308583824438486],[-111.94032543148008,33.29790290955207],[-111.92840170024643,33.30010623010573],[-111.92840170024643,33.31078750036209],[-111.94032543148008,33.308583824438486]]]}},{"type":"Feature","properties":{"state":"Arizona","county":"Maricopa","s2_cell":"9739886023642447872","waymo_ro_miles":40212.55950591862,"incremental_miles":6093.325,"vintage_end":"202603","exposure_phase":"deployment"},"geometry":{"type":"Polygon","coordinates":[[[-111.94032543148008,33.31926359790862],[-111.94032543148008,33.308583824438486],[-111.92840170024643,33.31078750036209],[-111.92840170024643,33.32146762885789],[-111.94032543148008,33.31926359790862]]]}},{"type":"Feature","properties":{"state":"Arizona","county":"Maricopa","s2_cell":"9739886058002186240","waymo_ro_miles":102064.03469343265,"incremental_miles":15230.849,"vintage_end":"202603","exposure_phase":"deployment"},"geometry":{"type":"Polygon","coordinates":[[[-111.92840170024643,33.32146762885789],[-111.92840170024643,33.31078750036209],[-111.91647793030225,33.312989933245575],[-111.91647793030225,33.32367041650364],[-111.92840170024643,33.32146762885789]]]}},{"type":"Feature","properties":{"state":"Arizona","county":"Maricopa","s2_cell":"9739886092361924608","waymo_ro_miles":71490.96683607162,"incremental_miles":9985.002,"vintage_end":"202603","exposure_phase":"deployment"},"geometry":{"type":"Polygon","coordinates":[[[-111.92840170024643,33.31078750036209],[-111.92840170024643,33.30010623010573],[-111.91647793030225,33.302308307882875],[-111.91647793030225,33.312989933245575],[-111.92840170024643,33.31078750036209]]]}},{"type":"Feature","properties":{"state":"Arizona","county":"Maricopa","s2_cell":"9739886126721662976","waymo_ro_miles":161240.3957653526,"incremental_miles":25347.784,"vintage_end":"202603","exposure_phase":"deployment"},"geometry":{"type":"Polygon","coordinates":[[[-111.91647793030225,33.312989933245575],[-111.91647793030225,33.302308307882875],[-111.90455412316315,33.3045091426707],[-111.90455412316315,33.31519112287623],[-111.91647793030225,33.312989933245575]]]}},{"type":"Feature","properties":{"state":"Arizona","county":"Maricopa","s2_cell":"9739886161081401344","waymo_ro_miles":183085.22243938668,"incremental_miles":33312.887,"vintage_end":"202603","exposure_phase":"deployment"},"geometry":{"type":"Polygon","coordinates":[[[-111.91647793030225,33.32367041650364],[-111.91647793030225,33.312989933245575],[-111.90455412316315,33.31519112287623],[-111.90455412316315,33.32587196063319],[-111.91647793030225,33.32367041650364]]]}},{"type":"Feature","properties":{"state":"Arizona","county":"Maricopa","s2_cell":"9739886195441139712","waymo_ro_miles":183173.22647841403,"incremental_miles":30762.273,"vintage_end":"202603","exposure_phase":"deployment"},"geometry":{"type":"Polygon","coordinates":[[[-111.91647793030225,33.334349756792626],[-111.91647793030225,33.32367041650364],[-111.90455412316315,33.32587196063319],[-111.90455412316315,33.33655165507718],[-111.91647793030225,33.334349756792626]]]}},{"type":"Feature","properties":{"state":"Arizona","county":"Maricopa","s2_cell":"9739886229800878080","waymo_ro_miles":42031.14137161481,"incremental_miles":4369.321,"vintage_end":"202603","exposure_phase":"deployment"},"geometry":{"type":"Polygon","coordinates":[[[-111.92840170024643,33.33214661472871],[-111.92840170024643,33.32146762885789],[-111.91647793030225,33.32367041650364],[-111.91647793030225,33.334349756792626],[-111.92840170024643,33.33214661472871]]]}},{"type":"Feature","properties":{"state":"Arizona","county":"Maricopa","s2_cell":"9739886264160616448","waymo_ro_miles":103495.97345662685,"incremental_miles":10960.598,"vintage_end":"202603","exposure_phase":"deployment"},"geometry":{"type":"Polygon","coordinates":[[[-111.92840170024643,33.342824457110716],[-111.92840170024643,33.33214661472871],[-111.91647793030225,33.334349756792626],[-111.91647793030225,33.34502795324875],[-111.92840170024643,33.342824457110716]]]}},{"type":"Feature","properties":{"state":"Arizona","county":"Maricopa","s2_cell":"9739886298520354816","waymo_ro_miles":146855.2301039405,"incremental_miles":30094.0,"vintage_end":"202603","exposure_phase":"deployment"},"geometry":{"type":"Polygon","coordinates":[[[-111.91647793030225,33.34502795324875],[-111.91647793030225,33.334349756792626],[-111.90455412316315,33.33655165507718],[-111.90455412316315,33.347230205344424],[-111.91647793030225,33.34502795324875]]]}},{"type":"Feature","properties":{"state":"Arizona","county":"Maricopa","s2_cell":"9739886332880093184","waymo_ro_miles":38015.23415906667,"incremental_miles":8842.292,"vintage_end":"202603","exposure_phase":"deployment"},"geometry":{"type":"Polygon","coordinates":[[[-111.90455412316315,33.347230205344424],[-111.90455412316315,33.33655165507718],[-111.89263028034495,33.338752309370356],[-111.89263028034495,33.34943121318578],[-111.90455412316315,33.347230205344424]]]}},{"type":"Feature","properties":{"state":"Arizona","county":"Maricopa","s2_cell":"9739886367239831552","waymo_ro_miles":59687.44759652953,"incremental_miles":10232.789,"vintage_end":"202603","exposure_phase":"deployment"},"geometry":{"type":"Polygon","coordinates":[[[-111.89263028034495,33.34943121318578],[-111.89263028034495,33.338752309370356],[-111.88070640336356,33.34095171946074],[-111.88070640336356,33.351630976561474],[-111.89263028034495,33.34943121318578]]]}},{"type":"Feature","properties":{"state":"Arizona","county":"Maricopa","s2_cell":"9739886401599569920","waymo_ro_miles":61298.921010786995,"incremental_miles":7551.748,"vintage_end":"202603","exposure_phase":"deployment"},"geometry":{"type":"Polygon","coordinates":[[[-111.89263028034495,33.338752309370356],[-111.89263028034495,33.32807226103448],[-111.88070640336356,33.330271317496],[-111.88070640336356,33.34095171946074],[-111.89263028034495,33.338752309370356]]]}},{"type":"Feature","properties":{"state":"Arizona","county":"Maricopa","s2_cell":"9739886435959308288","waymo_ro_miles":76443.03784018003,"incremental_miles":13005.639,"vintage_end":"202603","exposure_phase":"deployment"},"geometry":{"type":"Polygon","coordinates":[[[-111.90455412316315,33.33655165507718],[-111.90455412316315,33.32587196063319],[-111.89263028034495,33.32807226103448],[-111.89263028034495,33.338752309370356],[-111.90455412316315,33.33655165507718]]]}},{"type":"Feature","properties":{"state":"Arizona","county":"Maricopa","s2_cell":"9739886470319046656","waymo_ro_miles":111127.76494167907,"incremental_miles":23879.322,"vintage_end":"202603","exposure_phase":"deployment"},"geometry":{"type":"Polygon","coordinates":[[[-111.90455412316315,33.32587196063319],[-111.90455412316315,33.31519112287623],[-111.89263028034495,33.31739106904188],[-111.89263028034495,33.32807226103448],[-111.90455412316315,33.32587196063319]]]}},{"type":"Feature","properties":{"state":"Arizona","county":"Maricopa","s2_cell":"9739886504678785024","waymo_ro_miles":119458.896421181,"incremental_miles":20037.884,"vintage_end":"202603","exposure_phase":"deployment"},"geometry":{"type":"Polygon","coordinates":[[[-111.90455412316315,33.31519112287623],[-111.90455412316315,33.3045091426707],[-111.89263028034495,33.30670873425698],[-111.89263028034495,33.31739106904188],[-111.90455412316315,33.31519112287623]]]}},{"type":"Feature","properties":{"state":"Arizona","county":"Maricopa","s2_cell":"9739886539038523392","waymo_ro_miles":13453.572168744557,"incremental_miles":3423.235,"vintage_end":"202603","exposure_phase":"deployment"},"geometry":{"type":"Polygon","coordinates":[[[-111.89263028034495,33.31739106904188],[-111.89263028034495,33.30670873425698],[-111.88070640336356,33.30890708243008],[-111.88070640336356,33.319589771530985],[-111.89263028034495,33.31739106904188]]]}},{"type":"Feature","properties":{"state":"Arizona","county":"Maricopa","s2_cell":"9739886573398261760","waymo_ro_miles":88922.03550539701,"incremental_miles":16517.936,"vintage_end":"202603","exposure_phase":"deployment"},"geometry":{"type":"Polygon","coordinates":[[[-111.89263028034495,33.32807226103448],[-111.89263028034495,33.31739106904188],[-111.88070640336356,33.319589771530985],[-111.88070640336356,33.330271317496],[-111.89263028034495,33.32807226103448]]]}},{"type":"Feature","properties":{"state":"Arizona","county":"Maricopa","s2_cell":"9739886607758000128","waymo_ro_miles":117544.51841340019,"incremental_miles":13692.903,"vintage_end":"202603","exposure_phase":"deployment"},"geometry":{"type":"Polygon","coordinates":[[[-111.88070640336356,33.330271317496],[-111.88070640336356,33.319589771530985],[-111.86878249373518,33.321787230132536],[-111.86878249373518,33.33246912980684],[-111.88070640336356,33.330271317496]]]}},{"type":"Feature","properties":{"state":"Arizona","county":"Maricopa","s2_cell":"9739886642117738496","waymo_ro_miles":134851.65130523575,"incremental_miles":18009.946,"vintage_end":"202603","exposure_phase":"deployment"},"geometry":{"type":"Polygon","coordinates":[[[-111.88070640336356,33.319589771530985],[-111.88070640336356,33.30890708243008],[-111.86878249373518,33.311104186978945],[-111.86878249373518,33.321787230132536],[-111.88070640336356,33.319589771530985]]]}},{"type":"Feature","properties":{"state":"Arizona","county":"Maricopa","s2_cell":"9739886676477476864","waymo_ro_miles":141688.3247562497,"incremental_miles":21536.713,"vintage_end":"202603","exposure_phase":"deployment"},"geometry":{"type":"Polygon","coordinates":[[[-111.86878249373518,33.321787230132536],[-111.86878249373518,33.311104186978945],[-111.85685855297612,33.313300047693076],[-111.85685855297612,33.323983444636134],[-111.86878249373518,33.321787230132536]]]}},{"type":"Feature","properties":{"state":"Arizona","county":"Maricopa","s2_cell":"9739886710837215232","waymo_ro_miles":95821.9598518874,"incremental_miles":13613.827,"vintage_end":"202603","exposure_phase":"deployment"},"geometry":{"type":"Polygon","coordinates":[[[-111.86878249373518,33.33246912980684],[-111.86878249373518,33.321787230132536],[-111.85685855297612,33.323983444636134],[-111.85685855297612,33.33466569775664],[-111.86878249373518,33.33246912980684]]]}},{"type":"Feature","properties":{"state":"Arizona","county":"Maricopa","s2_cell":"9739886745196953600","waymo_ro_miles":134207.77126528736,"incremental_miles":18706.357,"vintage_end":"202603","exposure_phase":"deployment"},"geometry":{"type":"Polygon","coordinates":[[[-111.86878249373518,33.343149885137464],[-111.86878249373518,33.33246912980684],[-111.85685855297612,33.33466569775664],[-111.85685855297612,33.345346806190264],[-111.86878249373518,33.343149885137464]]]}},{"type":"Feature","properties":{"state":"Arizona","county":"Maricopa","s2_cell":"9739886779556691968","waymo_ro_miles":153134.2567439786,"incremental_miles":15169.064,"vintage_end":"202603","exposure_phase":"deployment"},"geometry":{"type":"Polygon","coordinates":[[[-111.88070640336356,33.34095171946074],[-111.88070640336356,33.330271317496],[-111.86878249373518,33.33246912980684],[-111.86878249373518,33.343149885137464],[-111.88070640336356,33.34095171946074]]]}},{"type":"Feature","properties":{"state":"Arizona","county":"Maricopa","s2_cell":"9739886813916430336","waymo_ro_miles":173411.20891872808,"incremental_miles":20069.286,"vintage_end":"202603","exposure_phase":"deployment"},"geometry":{"type":"Polygon","coordinates":[[[-111.88070640336356,33.351630976561474],[-111.88070640336356,33.34095171946074],[-111.86878249373518,33.343149885137464],[-111.86878249373518,33.353829495260726],[-111.88070640336356,33.351630976561474]]]}},{"type":"Feature","properties":{"state":"Arizona","county":"Maricopa","s2_cell":"9739886848276168704","waymo_ro_miles":137203.01048762922,"incremental_miles":22376.963,"vintage_end":"202603","exposure_phase":"deployment"},"geometry":{"type":"Polygon","coordinates":[[[-111.86878249373518,33.353829495260726],[-111.86878249373518,33.343149885137464],[-111.85685855297612,33.345346806190264],[-111.85685855297612,33.356026769073324],[-111.86878249373518,33.353829495260726]]]}},{"type":"Feature","properties":{"state":"Arizona","county":"Maricopa","s2_cell":"9739886882635907072","waymo_ro_miles":96524.05919237017,"incremental_miles":15934.035,"vintage_end":"202603","exposure_phase":"deployment"},"geometry":{"type":"Polygon","coordinates":[[[-111.86878249373518,33.36450795931355],[-111.86878249373518,33.353829495260726],[-111.85685855297612,33.356026769073324],[-111.85685855297612,33.36670558554277],[-111.86878249373518,33.36450795931355]]]}},{"type":"Feature","properties":{"state":"Arizona","county":"Maricopa","s2_cell":"9739886916995645440","waymo_ro_miles":83264.03783325438,"incremental_miles":14192.185,"vintage_end":"202603","exposure_phase":"deployment"},"geometry":{"type":"Polygon","coordinates":[[[-111.86878249373518,33.37518527643356],[-111.86878249373518,33.36450795931355],[-111.85685855297612,33.36670558554277],[-111.85685855297612,33.37738325473624],[-111.86878249373518,33.37518527643356]]]}},{"type":"Feature","properties":{"state":"Arizona","county":"Maricopa","s2_cell":"9739886951355383808","waymo_ro_miles":161315.04528446565,"incremental_miles":18429.012,"vintage_end":"202603","exposure_phase":"deployment"},"geometry":{"type":"Polygon","coordinates":[[[-111.88070640336356,33.37298605271931],[-111.88070640336356,33.362309087935145],[-111.86878249373518,33.36450795931355],[-111.86878249373518,33.37518527643356],[-111.88070640336356,33.37298605271931]]]}},{"type":"Feature","properties":{"state":"Arizona","county":"Maricopa","s2_cell":"9739886985715122176","waymo_ro_miles":133236.3012225781,"incremental_miles":12621.621,"vintage_end":"202603","exposure_phase":"deployment"},"geometry":{"type":"Polygon","coordinates":[[[-111.88070640336356,33.362309087935145],[-111.88070640336356,33.351630976561474],[-111.86878249373518,33.353829495260726],[-111.86878249373518,33.36450795931355],[-111.88070640336356,33.362309087935145]]]}},{"type":"Feature","properties":{"state":"Arizona","county":"Maricopa","s2_cell":"9739887020074860544","waymo_ro_miles":12457.995597817628,"incremental_miles":1578.834,"vintage_end":"202603","exposure_phase":"deployment"},"geometry":{"type":"Polygon","coordinates":[[[-111.89263028034495,33.360108971617656],[-111.89263028034495,33.34943121318578],[-111.88070640336356,33.351630976561474],[-111.88070640336356,33.362309087935145],[-111.89263028034495,33.360108971617656]]]}},{"type":"Feature","properties":{"state":"Arizona","county":"Maricopa","s2_cell":"9739887054434598912","waymo_ro_miles":99649.64434392429,"incremental_miles":21612.805,"vintage_end":"202603","exposure_phase":"deployment"},"geometry":{"type":"Polygon","coordinates":[[[-111.90455412316315,33.357907610571814],[-111.90455412316315,33.347230205344424],[-111.89263028034495,33.34943121318578],[-111.89263028034495,33.360108971617656],[-111.90455412316315,33.357907610571814]]]}},{"type":"Feature","properties":{"state":"Arizona","county":"Maricopa","s2_cell":"9739887088794337280","waymo_ro_miles":75996.17802618905,"incremental_miles":13630.466,"vintage_end":"202603","exposure_phase":"deployment"},"geometry":{"type":"Polygon","coordinates":[[[-111.90455412316315,33.368583869896874],[-111.90455412316315,33.357907610571814],[-111.89263028034495,33.360108971617656],[-111.89263028034495,33.37078558380353],[-111.90455412316315,33.368583869896874]]]}},{"type":"Feature","properties":{"state":"Arizona","county":"Maricopa","s2_cell":"9739887123154075648","waymo_ro_miles":51272.41262886821,"incremental_miles":4293.346,"vintage_end":"202603","exposure_phase":"deployment"},"geometry":{"type":"Polygon","coordinates":[[[-111.89263028034495,33.37078558380353],[-111.89263028034495,33.360108971617656],[-111.88070640336356,33.362309087935145],[-111.88070640336356,33.37298605271931],[-111.89263028034495,33.37078558380353]]]}},{"type":"Feature","properties":{"state":"Arizona","county":"Maricopa","s2_cell":"9739887157513814016","waymo_ro_miles":119637.05565623863,"incremental_miles":16547.434,"vintage_end":"202603","exposure_phase":"deployment"},"geometry":{"type":"Polygon","coordinates":[[[-111.89263028034495,33.38146104888165],[-111.89263028034495,33.37078558380353],[-111.88070640336356,33.37298605271931],[-111.88070640336356,33.38366187005223],[-111.89263028034495,33.38146104888165]]]}},{"type":"Feature","properties":{"state":"Arizona","county":"Maricopa","s2_cell":"9739887191873552384","waymo_ro_miles":135179.51997056644,"incremental_miles":26075.921,"vintage_end":"202603","exposure_phase":"deployment"},"geometry":{"type":"Polygon","coordinates":[[[-111.90455412316315,33.37925898245782],[-111.90455412316315,33.368583869896874],[-111.89263028034495,33.37078558380353],[-111.89263028034495,33.38146104888165],[-111.90455412316315,33.37925898245782]]]}},{"type":"Feature","properties":{"state":"Arizona","county":"Maricopa","s2_cell":"9739887226233290752","waymo_ro_miles":14295.63494414738,"incremental_miles":3521.009,"vintage_end":"202603","exposure_phase":"deployment"},"geometry":{"type":"Polygon","coordinates":[[[-111.90455412316315,33.38993294739349],[-111.90455412316315,33.37925898245782],[-111.89263028034495,33.38146104888165],[-111.89263028034495,33.39213536599084],[-111.90455412316315,33.38993294739349]]]}},{"type":"Feature","properties":{"state":"Arizona","county":"Maricopa","s2_cell":"9739887260593029120","waymo_ro_miles":119434.0828111628,"incremental_miles":30925.221,"vintage_end":"202603","exposure_phase":"deployment"},"geometry":{"type":"Polygon","coordinates":[[[-111.89263028034495,33.39213536599084],[-111.89263028034495,33.38146104888165],[-111.88070640336356,33.38366187005223],[-111.88070640336356,33.394336539072775],[-111.89263028034495,33.39213536599084]]]}},{"type":"Feature","properties":{"state":"Arizona","county":"Maricopa","s2_cell":"9739887294952767488","waymo_ro_miles":206118.45183057128,"incremental_miles":37108.946,"vintage_end":"202603","exposure_phase":"deployment"},"geometry":{"type":"Polygon","coordinates":[[[-111.88070640336356,33.394336539072775],[-111.88070640336356,33.38366187005223],[-111.86878249373518,33.38586144575901],[-111.86878249373518,33.396536466428806],[-111.88070640336356,33.394336539072775]]]}},{"type":"Feature","properties":{"state":"Arizona","county":"Maricopa","s2_cell":"9739887329312505856","waymo_ro_miles":213612.86740443986,"incremental_miles":27819.398,"vintage_end":"202603","exposure_phase":"deployment"},"geometry":{"type":"Polygon","coordinates":[[[-111.88070640336356,33.38366187005223],[-111.88070640336356,33.37298605271931],[-111.86878249373518,33.37518527643356],[-111.86878249373518,33.38586144575901],[-111.88070640336356,33.38366187005223]]]}},{"type":"Feature","properties":{"state":"Arizona","county":"Maricopa","s2_cell":"9739887363672244224","waymo_ro_miles":125329.27110075504,"incremental_miles":22054.499,"vintage_end":"202603","exposure_phase":"deployment"},"geometry":{"type":"Polygon","coordinates":[[[-111.86878249373518,33.38586144575901],[-111.86878249373518,33.37518527643356],[-111.85685855297612,33.37738325473624],[-111.85685855297612,33.388059775792],[-111.86878249373518,33.38586144575901]]]}},{"type":"Feature","properties":{"state":"Arizona","county":"Maricopa","s2_cell":"9739887398031982592","waymo_ro_miles":138247.45307325394,"incremental_miles":24802.786,"vintage_end":"202603","exposure_phase":"deployment"},"geometry":{"type":"Polygon","coordinates":[[[-111.86878249373518,33.396536466428806],[-111.86878249373518,33.38586144575901],[-111.85685855297612,33.388059775792],[-111.85685855297612,33.39873514784899],[-111.86878249373518,33.396536466428806]]]}},{"type":"Feature","properties":{"state":"Arizona","county":"Maricopa","s2_cell":"9739887432391720960","waymo_ro_miles":109500.3993506706,"incremental_miles":24492.551,"vintage_end":"202603","exposure_phase":"deployment"},"geometry":{"type":"Polygon","coordinates":[[[-111.86878249373518,33.4072103375825],[-111.86878249373518,33.396536466428806],[-111.85685855297612,33.39873514784899],[-111.85685855297612,33.409409370046795],[-111.86878249373518,33.4072103375825]]]}},{"type":"Feature","properties":{"state":"Arizona","county":"Maricopa","s2_cell":"9739887466751459328","waymo_ro_miles":198768.07901337804,"incremental_miles":31790.501,"vintage_end":"202603","exposure_phase":"deployment"},"geometry":{"type":"Polygon","coordinates":[[[-111.88070640336356,33.4050100589205],[-111.88070640336356,33.394336539072775],[-111.86878249373518,33.396536466428806],[-111.86878249373518,33.4072103375825],[-111.88070640336356,33.4050100589205]]]}},{"type":"Feature","properties":{"state":"Arizona","county":"Maricopa","s2_cell":"9739887501111197696","waymo_ro_miles":395811.20414301066,"incremental_miles":51444.75,"vintage_end":"202603","exposure_phase":"deployment"},"geometry":{"type":"Polygon","coordinates":[[[-111.88070640336356,33.41568242873561],[-111.88070640336356,33.4050100589205],[-111.86878249373518,33.4072103375825],[-111.86878249373518,33.417883058360324],[-111.88070640336356,33.41568242873561]]]}},{"type":"Feature","properties":{"state":"Arizona","county":"Maricopa","s2_cell":"9739887535470936064","waymo_ro_miles":41838.74595485244,"incremental_miles":10393.712,"vintage_end":"202603","exposure_phase":"deployment"},"geometry":{"type":"Polygon","coordinates":[[[-111.86878249373518,33.417883058360324],[-111.86878249373518,33.4072103375825],[-111.85685855297612,33.409409370046795],[-111.85685855297612,33.42008244152564],[-111.86878249373518,33.417883058360324]]]}},{"type":"Feature","properties":{"state":"Arizona","county":"Maricopa","s2_cell":"9739887569830674432","waymo_ro_miles":107559.30946059019,"incremental_miles":22357.107,"vintage_end":"202603","exposure_phase":"deployment"},"geometry":{"type":"Polygon","coordinates":[[[-111.86878249373518,33.42855462790315],[-111.86878249373518,33.417883058360324],[-111.85685855297612,33.42008244152564],[-111.85685855297612,33.430754361426445],[-111.86878249373518,33.42855462790315]]]}},{"type":"Feature","properties":{"state":"Arizona","county":"Maricopa","s2_cell":"9739887604190412800","waymo_ro_miles":40923.88431753493,"incremental_miles":7258.629,"vintage_end":"202603","exposure_phase":"deployment"},"geometry":{"type":"Polygon","coordinates":[[[-111.86878249373518,33.439225045352494],[-111.86878249373518,33.42855462790315],[-111.85685855297612,33.430754361426445],[-111.85685855297612,33.44142512889074],[-111.86878249373518,33.439225045352494]]]}},{"type":"Feature","properties":{"state":"Arizona","county":"Maricopa","s2_cell":"9739887638550151168","waymo_ro_miles":109020.2474792447,"incremental_miles":17751.588,"vintage_end":"202603","exposure_phase":"deployment"},"geometry":{"type":"Polygon","coordinates":[[[-111.88070640336356,33.43702371483195],[-111.88070640336356,33.426353647658914],[-111.86878249373518,33.42855462790315],[-111.86878249373518,33.439225045352494],[-111.88070640336356,33.43702371483195]]]}},{"type":"Feature","properties":{"state":"Arizona","county":"Maricopa","s2_cell":"9739887672909889536","waymo_ro_miles":186434.85908029077,"incremental_miles":25446.789,"vintage_end":"202603","exposure_phase":"deployment"},"geometry":{"type":"Polygon","coordinates":[[[-111.88070640336356,33.426353647658914],[-111.88070640336356,33.41568242873561],[-111.86878249373518,33.417883058360324],[-111.86878249373518,33.42855462790315],[-111.88070640336356,33.426353647658914]]]}},{"type":"Feature","properties":{"state":"Arizona","county":"Maricopa","s2_cell":"9739887707269627904","waymo_ro_miles":221433.70440916021,"incremental_miles":45134.231,"vintage_end":"202603","exposure_phase":"deployment"},"geometry":{"type":"Polygon","coordinates":[[[-111.89263028034495,33.42415142090346],[-111.89263028034495,33.41348055286125],[-111.88070640336356,33.41568242873561],[-111.88070640336356,33.426353647658914],[-111.89263028034495,33.42415142090346]]]}},{"type":"Feature","properties":{"state":"Arizona","county":"Maricopa","s2_cell":"9739887741629366272","waymo_ro_miles":127253.42244836295,"incremental_miles":26026.572,"vintage_end":"202603","exposure_phase":"deployment"},"geometry":{"type":"Polygon","coordinates":[[[-111.89263028034495,33.434821137538776],[-111.89263028034495,33.42415142090346],[-111.88070640336356,33.426353647658914],[-111.88070640336356,33.43702371483195],[-111.89263028034495,33.434821137538776]]]}},{"type":"Feature","properties":{"state":"Arizona","county":"Maricopa","s2_cell":"9739887775989104640","waymo_ro_miles":161468.50783193175,"incremental_miles":24228.852,"vintage_end":"202603","exposure_phase":"deployment"},"geometry":{"type":"Polygon","coordinates":[[[-111.90455412316315,33.43261731368316],[-111.90455412316315,33.42194794784707],[-111.89263028034495,33.42415142090346],[-111.89263028034495,33.434821137538776],[-111.90455412316315,33.43261731368316]]]}},{"type":"Feature","properties":{"state":"Arizona","county":"Maricopa","s2_cell":"9739887810348843008","waymo_ro_miles":254296.0024409173,"incremental_miles":44986.914,"vintage_end":"202603","exposure_phase":"deployment"},"geometry":{"type":"Polygon","coordinates":[[[-111.90455412316315,33.42194794784707],[-111.90455412316315,33.411277430947635],[-111.89263028034495,33.41348055286125],[-111.89263028034495,33.42415142090346],[-111.90455412316315,33.42194794784707]]]}},{"type":"Feature","properties":{"state":"Arizona","county":"Maricopa","s2_cell":"9739887844708581376","waymo_ro_miles":225031.47482491424,"incremental_miles":30441.137,"vintage_end":"202603","exposure_phase":"deployment"},"geometry":{"type":"Polygon","coordinates":[[[-111.90455412316315,33.411277430947635],[-111.90455412316315,33.40060576384337],[-111.89263028034495,33.402808534270655],[-111.89263028034495,33.41348055286125],[-111.90455412316315,33.411277430947635]]]}},{"type":"Feature","properties":{"state":"Arizona","county":"Maricopa","s2_cell":"9739887879068319744","waymo_ro_miles":319672.0225008634,"incremental_miles":51018.399,"vintage_end":"202603","exposure_phase":"deployment"},"geometry":{"type":"Polygon","coordinates":[[[-111.89263028034495,33.41348055286125],[-111.89263028034495,33.402808534270655],[-111.88070640336356,33.4050100589205],[-111.88070640336356,33.41568242873561],[-111.89263028034495,33.41348055286125]]]}},{"type":"Feature","properties":{"state":"Arizona","county":"Maricopa","s2_cell":"9739887913428058112","waymo_ro_miles":91041.11309994644,"incremental_miles":26710.058,"vintage_end":"202603","exposure_phase":"deployment"},"geometry":{"type":"Polygon","coordinates":[[[-111.89263028034495,33.402808534270655],[-111.89263028034495,33.39213536599084],[-111.88070640336356,33.394336539072775],[-111.88070640336356,33.4050100589205],[-111.89263028034495,33.402808534270655]]]}},{"type":"Feature","properties":{"state":"Arizona","county":"Maricopa","s2_cell":"9739887947787796480","waymo_ro_miles":112901.42297003664,"incremental_miles":25153.186,"vintage_end":"202603","exposure_phase":"deployment"},"geometry":{"type":"Polygon","coordinates":[[[-111.90455412316315,33.40060576384337],[-111.90455412316315,33.38993294739349],[-111.89263028034495,33.39213536599084],[-111.89263028034495,33.402808534270655],[-111.90455412316315,33.40060576384337]]]}},{"type":"Feature","properties":{"state":"Arizona","county":"Maricopa","s2_cell":"9739887982147534848","waymo_ro_miles":323686.07079786464,"incremental_miles":58561.76,"vintage_end":"202603","exposure_phase":"deployment"},"geometry":{"type":"Polygon","coordinates":[[[-111.91647793030225,33.39840174784967],[-111.91647793030225,33.38772928349179],[-111.90455412316315,33.38993294739349],[-111.90455412316315,33.40060576384337],[-111.91647793030225,33.39840174784967]]]}},{"type":"Feature","properties":{"state":"Arizona","county":"Maricopa","s2_cell":"9739888016507273216","waymo_ro_miles":555090.1926364941,"incremental_miles":83684.397,"vintage_end":"202603","exposure_phase":"deployment"},"geometry":{"type":"Polygon","coordinates":[[[-111.91647793030225,33.409073063205675],[-111.91647793030225,33.39840174784967],[-111.90455412316315,33.40060576384337],[-111.90455412316315,33.411277430947635],[-111.91647793030225,33.409073063205675]]]}},{"type":"Feature","properties":{"state":"Arizona","county":"Maricopa","s2_cell":"9739888050867011584","waymo_ro_miles":333770.1153874053,"incremental_miles":44456.214,"vintage_end":"202603","exposure_phase":"deployment"},"geometry":{"type":"Polygon","coordinates":[[[-111.92840170024643,33.406867449846885],[-111.92840170024643,33.396196486501104],[-111.91647793030225,33.39840174784967],[-111.91647793030225,33.409073063205675],[-111.92840170024643,33.406867449846885]]]}},{"type":"Feature","properties":{"state":"Arizona","county":"Maricopa","s2_cell":"9739888085226749952","waymo_ro_miles":246689.69086083912,"incremental_miles":39679.667,"vintage_end":"202603","exposure_phase":"deployment"},"geometry":{"type":"Polygon","coordinates":[[[-111.92840170024643,33.396196486501104],[-111.92840170024643,33.385524374497386],[-111.91647793030225,33.38772928349179],[-111.91647793030225,33.39840174784967],[-111.92840170024643,33.396196486501104]]]}},{"type":"Feature","properties":{"state":"Arizona","county":"Maricopa","s2_cell":"9739888119586488320","waymo_ro_miles":194997.88746974527,"incremental_miles":44034.321,"vintage_end":"202603","exposure_phase":"deployment"},"geometry":{"type":"Polygon","coordinates":[[[-111.94032543148008,33.39398998000986],[-111.94032543148008,33.38331822062252],[-111.92840170024643,33.385524374497386],[-111.92840170024643,33.396196486501104],[-111.94032543148008,33.39398998000986]]]}},{"type":"Feature","properties":{"state":"Arizona","county":"Maricopa","s2_cell":"9739888153946226688","waymo_ro_miles":147214.95377888778,"incremental_miles":33374.181,"vintage_end":"202603","exposure_phase":"deployment"},"geometry":{"type":"Polygon","coordinates":[[[-111.9522491224878,33.39178222858866],[-111.9522491224878,33.38111082208001],[-111.94032543148008,33.38331822062252],[-111.94032543148008,33.39398998000986],[-111.9522491224878,33.39178222858866]]]}},{"type":"Feature","properties":{"state":"Arizona","county":"Maricopa","s2_cell":"9739888188305965056","waymo_ro_miles":144590.51372140658,"incremental_miles":29684.7,"vintage_end":"202603","exposure_phase":"deployment"},"geometry":{"type":"Polygon","coordinates":[[[-111.9522491224878,33.40245248712773],[-111.9522491224878,33.39178222858866],[-111.94032543148008,33.39398998000986],[-111.94032543148008,33.40466059108335],[-111.9522491224878,33.40245248712773]]]}},{"type":"Feature","properties":{"state":"Arizona","county":"Maricopa","s2_cell":"9739888222665703424","waymo_ro_miles":137419.39783591116,"incremental_miles":23389.422,"vintage_end":"202603","exposure_phase":"deployment"},"geometry":{"type":"Polygon","coordinates":[[[-111.94032543148008,33.40466059108335],[-111.94032543148008,33.39398998000986],[-111.92840170024643,33.396196486501104],[-111.92840170024643,33.406867449846885],[-111.94032543148008,33.40466059108335]]]}},{"type":"Feature","properties":{"state":"Arizona","county":"Maricopa","s2_cell":"9739888257025441792","waymo_ro_miles":584258.9722135189,"incremental_miles":83086.23,"vintage_end":"202603","exposure_phase":"deployment"},"geometry":{"type":"Polygon","coordinates":[[[-111.94032543148008,33.415330052983734],[-111.94032543148008,33.40466059108335],[-111.92840170024643,33.406867449846885],[-111.92840170024643,33.41753726367548],[-111.94032543148008,33.415330052983734]]]}},{"type":"Feature","properties":{"state":"Arizona","county":"Maricopa","s2_cell":"9739888291385180160","waymo_ro_miles":300473.8027590962,"incremental_miles":33782.982,"vintage_end":"202603","exposure_phase":"deployment"},"geometry":{"type":"Polygon","coordinates":[[[-111.9522491224878,33.41312159683796],[-111.9522491224878,33.40245248712773],[-111.94032543148008,33.40466059108335],[-111.94032543148008,33.415330052983734],[-111.9522491224878,33.41312159683796]]]}},{"type":"Feature","properties":{"state":"Arizona","county":"Maricopa","s2_cell":"9739888325744918528","waymo_ro_miles":401280.544329489,"incremental_miles":59174.696,"vintage_end":"202603","exposure_phase":"deployment"},"geometry":{"type":"Polygon","coordinates":[[[-111.9522491224878,33.423789556860704],[-111.9522491224878,33.41312159683796],[-111.94032543148008,33.415330052983734],[-111.94032543148008,33.425998364852425],[-111.9522491224878,33.423789556860704]]]}},{"type":"Feature","properties":{"state":"Arizona","county":"Maricopa","s2_cell":"9739888360104656896","waymo_ro_miles":472262.5506082622,"incremental_miles":81010.313,"vintage_end":"202603","exposure_phase":"deployment"},"geometry":{"type":"Polygon","coordinates":[[[-111.94032543148008,33.425998364852425],[-111.94032543148008,33.415330052983734],[-111.92840170024643,33.41753726367548],[-111.92840170024643,33.42820592712832],[-111.94032543148008,33.425998364852425]]]}},{"type":"Feature","properties":{"state":"Arizona","county":"Maricopa","s2_cell":"9739888394464395264","waymo_ro_miles":475165.55595757934,"incremental_miles":87704.513,"vintage_end":"202603","exposure_phase":"deployment"},"geometry":{"type":"Polygon","coordinates":[[[-111.92840170024643,33.42820592712832],[-111.92840170024643,33.41753726367548],[-111.91647793030225,33.4197432287006],[-111.91647793030225,33.43041224347588],[-111.92840170024643,33.42820592712832]]]}},{"type":"Feature","properties":{"state":"Arizona","county":"Maricopa","s2_cell":"9739888428824133632","waymo_ro_miles":508513.2053147167,"incremental_miles":85308.304,"vintage_end":"202603","exposure_phase":"deployment"},"geometry":{"type":"Polygon","coordinates":[[[-111.92840170024643,33.41753726367548],[-111.92840170024643,33.406867449846885],[-111.91647793030225,33.409073063205675],[-111.91647793030225,33.4197432287006],[-111.92840170024643,33.41753726367548]]]}},{"type":"Feature","properties":{"state":"Arizona","county":"Maricopa","s2_cell":"9739888463183872000","waymo_ro_miles":629271.3205026294,"incremental_miles":100442.27,"vintage_end":"202603","exposure_phase":"deployment"},"geometry":{"type":"Polygon","coordinates":[[[-111.91647793030225,33.4197432287006],[-111.91647793030225,33.409073063205675],[-111.90455412316315,33.411277430947635],[-111.90455412316315,33.42194794784707],[-111.91647793030225,33.4197432287006]]]}},{"type":"Feature","properties":{"state":"Arizona","county":"Maricopa","s2_cell":"9739888497543610368","waymo_ro_miles":770687.8277261396,"incremental_miles":124537.718,"vintage_end":"202603","exposure_phase":"deployment"},"geometry":{"type":"Polygon","coordinates":[[[-111.91647793030225,33.43041224347588],[-111.91647793030225,33.4197432287006],[-111.90455412316315,33.42194794784707],[-111.90455412316315,33.43261731368316],[-111.91647793030225,33.43041224347588]]]}},{"type":"Feature","properties":{"state":"Arizona","county":"Maricopa","s2_cell":"9739888531903348736","waymo_ro_miles":576757.6349718915,"incremental_miles":92241.112,"vintage_end":"202603","exposure_phase":"deployment"},"geometry":{"type":"Polygon","coordinates":[[[-111.91647793030225,33.4410801066736],[-111.91647793030225,33.43041224347588],[-111.90455412316315,33.43261731368316],[-111.90455412316315,33.443285527597986],[-111.91647793030225,33.4410801066736]]]}},{"type":"Feature","properties":{"state":"Arizona","county":"Maricopa","s2_cell":"9739888566263087104","waymo_ro_miles":454234.2081590598,"incremental_miles":68693.779,"vintage_end":"202603","exposure_phase":"deployment"},"geometry":{"type":"Polygon","coordinates":[[[-111.91647793030225,33.45174681743652],[-111.91647793030225,33.4410801066736],[-111.90455412316315,33.443285527597986],[-111.90455412316315,33.453952588734346],[-111.91647793030225,33.45174681743652]]]}},{"type":"Feature","properties":{"state":"Arizona","county":"Maricopa","s2_cell":"9739888600622825472","waymo_ro_miles":293856.15369378275,"incremental_miles":37093.887,"vintage_end":"202603","exposure_phase":"deployment"},"geometry":{"type":"Polygon","coordinates":[[[-111.92840170024643,33.449539799475644],[-111.92840170024643,33.43887343934746],[-111.91647793030225,33.4410801066736],[-111.91647793030225,33.45174681743652],[-111.92840170024643,33.449539799475644]]]}},{"type":"Feature","properties":{"state":"Arizona","county":"Maricopa","s2_cell":"9739888634982563840","waymo_ro_miles":310876.01248612313,"incremental_miles":50707.321,"vintage_end":"202603","exposure_phase":"deployment"},"geometry":{"type":"Polygon","coordinates":[[[-111.92840170024643,33.43887343934746],[-111.92840170024643,33.42820592712832],[-111.91647793030225,33.43041224347588],[-111.91647793030225,33.4410801066736],[-111.92840170024643,33.43887343934746]]]}},{"type":"Feature","properties":{"state":"Arizona","county":"Maricopa","s2_cell":"9739888669342302208","waymo_ro_miles":312376.8777824659,"incremental_miles":48198.092,"vintage_end":"202603","exposure_phase":"deployment"},"geometry":{"type":"Polygon","coordinates":[[[-111.94032543148008,33.43666552583144],[-111.94032543148008,33.425998364852425],[-111.92840170024643,33.42820592712832],[-111.92840170024643,33.43887343934746],[-111.94032543148008,33.43666552583144]]]}},{"type":"Feature","properties":{"state":"Arizona","county":"Maricopa","s2_cell":"9739888703702040576","waymo_ro_miles":327969.2695885642,"incremental_miles":48452.972,"vintage_end":"202603","exposure_phase":"deployment"},"geometry":{"type":"Polygon","coordinates":[[[-111.9522491224878,33.43445636633799],[-111.9522491224878,33.423789556860704],[-111.94032543148008,33.425998364852425],[-111.94032543148008,33.43666552583144],[-111.9522491224878,33.43445636633799]]]}},{"type":"Feature","properties":{"state":"Arizona","county":"Maricopa","s2_cell":"9739888738061778944","waymo_ro_miles":374829.5505598005,"incremental_miles":55446.353,"vintage_end":"202603","exposure_phase":"deployment"},"geometry":{"type":"Polygon","coordinates":[[[-111.9522491224878,33.44512202441251],[-111.9522491224878,33.43445636633799],[-111.94032543148008,33.43666552583144],[-111.94032543148008,33.44733153506352],[-111.9522491224878,33.44512202441251]]]}},{"type":"Feature","properties":{"state":"Arizona","county":"Maricopa","s2_cell":"9739888772421517312","waymo_ro_miles":210967.28590398602,"incremental_miles":30775.709,"vintage_end":"202603","exposure_phase":"deployment"},"geometry":{"type":"Polygon","coordinates":[[[-111.94032543148008,33.44733153506352],[-111.94032543148008,33.43666552583144],[-111.92840170024643,33.43887343934746],[-111.92840170024643,33.449539799475644],[-111.94032543148008,33.44733153506352]]]}},{"type":"Feature","properties":{"state":"Arizona","county":"Maricopa","s2_cell":"9739888806781255680","waymo_ro_miles":70281.57912906318,"incremental_miles":9911.348,"vintage_end":"202603","exposure_phase":"deployment"},"geometry":{"type":"Polygon","coordinates":[[[-111.94032543148008,33.45799639169199],[-111.94032543148008,33.44733153506352],[-111.92840170024643,33.449539799475644],[-111.92840170024643,33.460205006656246],[-111.94032543148008,33.45799639169199]]]}},{"type":"Feature","properties":{"state":"Arizona","county":"Maricopa","s2_cell":"9739888841140994048","waymo_ro_miles":100927.87897545031,"incremental_miles":24785.165,"vintage_end":"202603","exposure_phase":"deployment"},"geometry":{"type":"Polygon","coordinates":[[[-111.9522491224878,33.4557865302276],[-111.9522491224878,33.44512202441251],[-111.94032543148008,33.44733153506352],[-111.94032543148008,33.45799639169199],[-111.9522491224878,33.4557865302276]]]}},{"type":"Feature","properties":{"state":"Arizona","county":"Maricopa","s2_cell":"9739888875500732416","waymo_ro_miles":512873.4962910044,"incremental_miles":78233.713,"vintage_end":"202603","exposure_phase":"deployment"},"geometry":{"type":"Polygon","coordinates":[[[-111.9522491224878,33.46644988292723],[-111.9522491224878,33.4557865302276],[-111.94032543148008,33.45799639169199],[-111.94032543148008,33.46866009486088],[-111.9522491224878,33.46644988292723]]]}},{"type":"Feature","properties":{"state":"Arizona","county":"Maricopa","s2_cell":"9739888909860470784","waymo_ro_miles":307794.9516475953,"incremental_miles":37553.23,"vintage_end":"202603","exposure_phase":"deployment"},"geometry":{"type":"Polygon","coordinates":[[[-111.94032543148008,33.46866009486088],[-111.94032543148008,33.45799639169199],[-111.92840170024643,33.460205006656246],[-111.92840170024643,33.47086906003329],[-111.94032543148008,33.46866009486088]]]}},{"type":"Feature","properties":{"state":"Arizona","county":"Maricopa","s2_cell":"9739888944220209152","waymo_ro_miles":499567.89043018833,"incremental_miles":64129.457,"vintage_end":"202603","exposure_phase":"deployment"},"geometry":{"type":"Polygon","coordinates":[[[-111.92840170024643,33.47086906003329],[-111.92840170024643,33.460205006656246],[-111.91647793030225,33.46241237490804],[-111.91647793030225,33.47307677823221],[-111.92840170024643,33.47086906003329]]]}},{"type":"Feature","properties":{"state":"Arizona","county":"Maricopa","s2_cell":"9739888978579947520","waymo_ro_miles":239310.44043478483,"incremental_miles":29726.468,"vintage_end":"202603","exposure_phase":"deployment"},"geometry":{"type":"Polygon","coordinates":[[[-111.92840170024643,33.460205006656246],[-111.92840170024643,33.449539799475644],[-111.91647793030225,33.45174681743652],[-111.91647793030225,33.46241237490804],[-111.92840170024643,33.460205006656246]]]}},{"type":"Feature","properties":{"state":"Arizona","county":"Maricopa","s2_cell":"9739889012939685888","waymo_ro_miles":414844.39119043417,"incremental_miles":63412.458,"vintage_end":"202603","exposure_phase":"deployment"},"geometry":{"type":"Polygon","coordinates":[[[-111.91647793030225,33.46241237490804],[-111.91647793030225,33.45174681743652],[-111.90455412316315,33.453952588734346],[-111.90455412316315,33.46461849623565],[-111.91647793030225,33.46241237490804]]]}},{"type":"Feature","properties":{"state":"Arizona","county":"Maricopa","s2_cell":"9739889047299424256","waymo_ro_miles":707120.3593368831,"incremental_miles":105948.003,"vintage_end":"202603","exposure_phase":"deployment"},"geometry":{"type":"Polygon","coordinates":[[[-111.91647793030225,33.47307677823221],[-111.91647793030225,33.46241237490804],[-111.90455412316315,33.46461849623565],[-111.90455412316315,33.47528324924599],[-111.91647793030225,33.47307677823221]]]}},{"type":"Feature","properties":{"state":"Arizona","county":"Maricopa","s2_cell":"9739889081659162624","waymo_ro_miles":260222.0902377776,"incremental_miles":39992.701,"vintage_end":"202603","exposure_phase":"deployment"},"geometry":{"type":"Polygon","coordinates":[[[-111.90455412316315,33.47528324924599],[-111.90455412316315,33.46461849623565],[-111.89263028034495,33.46682337042793],[-111.89263028034495,33.47748847286355],[-111.90455412316315,33.47528324924599]]]}},{"type":"Feature","properties":{"state":"Arizona","county":"Maricopa","s2_cell":"9739889150378639360","waymo_ro_miles":61912.91799442412,"incremental_miles":25880.704,"vintage_end":"202603","exposure_phase":"deployment"},"geometry":{"type":"Polygon","coordinates":[[[-111.89263028034495,33.46682337042793],[-111.89263028034493,33.456157113157886],[-111.88070640336356,33.45836039049651],[-111.88070640336356,33.469026997274305],[-111.89263028034495,33.46682337042793]]]}},{"type":"Feature","properties":{"state":"Arizona","county":"Maricopa","s2_cell":"9739889184738377728","waymo_ro_miles":311597.4282703129,"incremental_miles":54066.338,"vintage_end":"202603","exposure_phase":"deployment"},"geometry":{"type":"Polygon","coordinates":[[[-111.90455412316315,33.46461849623565],[-111.90455412316315,33.453952588734346],[-111.89263028034493,33.456157113157886],[-111.89263028034495,33.46682337042793],[-111.90455412316315,33.46461849623565]]]}},{"type":"Feature","properties":{"state":"Arizona","county":"Maricopa","s2_cell":"9739889322177331200","waymo_ro_miles":22048.79851786979,"incremental_miles":9009.516,"vintage_end":"202603","exposure_phase":"deployment"},"geometry":{"type":"Polygon","coordinates":[[[-111.89263028034493,33.456157113157886],[-111.89263028034495,33.44548970190932],[-111.88070640336356,33.44769262939688],[-111.88070640336356,33.45836039049651],[-111.89263028034493,33.456157113157886]]]}},{"type":"Feature","properties":{"state":"Arizona","county":"Maricopa","s2_cell":"9739889425256546304","waymo_ro_miles":3229.261660493003,"incremental_miles":2565.728,"vintage_end":"202603","exposure_phase":"deployment"},"geometry":{"type":"Polygon","coordinates":[[[-111.86878249373518,33.44989430985055],[-111.86878249373518,33.439225045352494],[-111.85685855297612,33.44142512889074],[-111.85685855297612,33.452094743060734],[-111.86878249373518,33.44989430985055]]]}},{"type":"Feature","properties":{"state":"Arizona","county":"Maricopa","s2_cell":"9739889459616284672","waymo_ro_miles":26.001181675975126,"incremental_miles":18.229,"vintage_end":"202603","exposure_phase":"deployment"},"geometry":{"type":"Polygon","coordinates":[[[-111.86878249373518,33.460562420540136],[-111.86878249373518,33.44989430985055],[-111.85685855297612,33.452094743060734],[-111.85685855297612,33.46276320307929],[-111.86878249373518,33.460562420540136]]]}},{"type":"Feature","properties":{"state":"Arizona","county":"Maricopa","s2_cell":"9739889768853929984","waymo_ro_miles":7150.815790581173,"incremental_miles":3214.324,"vintage_end":"202603","exposure_phase":"deployment"},"geometry":{"type":"Polygon","coordinates":[[[-111.89263028034495,33.48815241960949],[-111.89263028034495,33.47748847286355],[-111.88070640336356,33.47969244887439],[-111.88070640336356,33.490356744441534],[-111.89263028034495,33.48815241960949]]]}},{"type":"Feature","properties":{"state":"Arizona","county":"Maricopa","s2_cell":"9739889803213668352","waymo_ro_miles":47212.71860203039,"incremental_miles":6486.948,"vintage_end":"202603","exposure_phase":"deployment"},"geometry":{"type":"Polygon","coordinates":[[[-111.90455412316315,33.48594684691009],[-111.90455412316315,33.47528324924599],[-111.89263028034495,33.47748847286355],[-111.89263028034495,33.48815241960949],[-111.90455412316315,33.48594684691009]]]}},{"type":"Feature","properties":{"state":"Arizona","county":"Maricopa","s2_cell":"9739889837573406720","waymo_ro_miles":52213.78773876512,"incremental_miles":7196.712,"vintage_end":"202603","exposure_phase":"deployment"},"geometry":{"type":"Polygon","coordinates":[[[-111.90455412316315,33.496609288373335],[-111.90455412316315,33.48594684691009],[-111.89263028034495,33.48815241960949],[-111.89263028034495,33.498815209811184],[-111.90455412316315,33.496609288373335]]]}},{"type":"Feature","properties":{"state":"Arizona","county":"Maricopa","s2_cell":"9739889871933145088","waymo_ro_miles":6436.189200781468,"incremental_miles":2988.243,"vintage_end":"202603","exposure_phase":"deployment"},"geometry":{"type":"Polygon","coordinates":[[[-111.89263028034495,33.498815209811184],[-111.89263028034495,33.48815241960949],[-111.88070640336356,33.490356744441534],[-111.88070640336356,33.501019883121195],[-111.89263028034495,33.498815209811184]]]}},{"type":"Feature","properties":{"state":"Arizona","county":"Maricopa","s2_cell":"9739889906292883456","waymo_ro_miles":6597.648898629195,"incremental_miles":2951.361,"vintage_end":"202603","exposure_phase":"deployment"},"geometry":{"type":"Polygon","coordinates":[[[-111.89263028034495,33.50947684261468],[-111.89263028034495,33.498815209811184],[-111.88070640336356,33.501019883121195],[-111.88070640336356,33.51168186405945],[-111.89263028034495,33.50947684261468]]]}},{"type":"Feature","properties":{"state":"Arizona","county":"Maricopa","s2_cell":"9739889940652621824","waymo_ro_miles":38194.583269472445,"incremental_miles":4871.06,"vintage_end":"202603","exposure_phase":"deployment"},"geometry":{"type":"Polygon","coordinates":[[[-111.90455412316315,33.50727057278177],[-111.90455412316315,33.496609288373335],[-111.89263028034495,33.498815209811184],[-111.89263028034495,33.50947684261468],[-111.90455412316315,33.50727057278177]]]}},{"type":"Feature","properties":{"state":"Arizona","county":"Maricopa","s2_cell":"9739889975012360192","waymo_ro_miles":57453.10276194844,"incremental_miles":8886.441,"vintage_end":"202603","exposure_phase":"deployment"},"geometry":{"type":"Polygon","coordinates":[[[-111.90455412316315,33.51793069928209],[-111.90455412316315,33.50727057278177],[-111.89263028034495,33.50947684261468],[-111.89263028034493,33.5201373171667],[-111.90455412316315,33.51793069928209]]]}},{"type":"Feature","properties":{"state":"Arizona","county":"Maricopa","s2_cell":"9739890456048697344","waymo_ro_miles":34261.70516388436,"incremental_miles":5935.056,"vintage_end":"202603","exposure_phase":"deployment"},"geometry":{"type":"Polygon","coordinates":[[[-111.89263028034495,33.55211178279102],[-111.89263028034495,33.54145478810651],[-111.88070640336356,33.54366085189651],[-111.88070640336356,33.55431819334316],[-111.89263028034495,33.55211178279102]]]}},{"type":"Feature","properties":{"state":"Arizona","county":"Maricopa","s2_cell":"9739890490408435712","waymo_ro_miles":34250.36980275447,"incremental_miles":7455.668,"vintage_end":"202603","exposure_phase":"deployment"},"geometry":{"type":"Polygon","coordinates":[[[-111.89263028034495,33.562767615817506],[-111.89263028034495,33.55211178279102],[-111.88070640336356,33.55431819334316],[-111.88070640336356,33.56497437278869],[-111.89263028034495,33.562767615817506]]]}},{"type":"Feature","properties":{"state":"Arizona","county":"Maricopa","s2_cell":"9739890524768174080","waymo_ro_miles":189295.14620509415,"incremental_miles":32090.758,"vintage_end":"202603","exposure_phase":"deployment"},"geometry":{"type":"Polygon","coordinates":[[[-111.90455412316315,33.56055960915925],[-111.90455412316315,33.54990412281125],[-111.89263028034495,33.55211178279102],[-111.89263028034495,33.562767615817506],[-111.90455412316315,33.56055960915925]]]}},{"type":"Feature","properties":{"state":"Arizona","county":"Maricopa","s2_cell":"9739890559127912448","waymo_ro_miles":94089.31769033428,"incremental_miles":14917.105,"vintage_end":"202603","exposure_phase":"deployment"},"geometry":{"type":"Polygon","coordinates":[[[-111.90455412316315,33.54990412281125],[-111.90455412316315,33.5392474751485],[-111.89263028034495,33.54145478810651],[-111.89263028034495,33.55211178279102],[-111.90455412316315,33.54990412281125]]]}},{"type":"Feature","properties":{"state":"Arizona","county":"Maricopa","s2_cell":"9739890593487650816","waymo_ro_miles":77510.39890277662,"incremental_miles":11749.337,"vintage_end":"202603","exposure_phase":"deployment"},"geometry":{"type":"Polygon","coordinates":[[[-111.90455412316315,33.5392474751485],[-111.90455412316315,33.52858966702167],[-111.89263028034495,33.53079663261463],[-111.89263028034495,33.54145478810651],[-111.90455412316315,33.5392474751485]]]}},{"type":"Feature","properties":{"state":"Arizona","county":"Maricopa","s2_cell":"9739890627847389184","waymo_ro_miles":79524.7515917306,"incremental_miles":13855.654,"vintage_end":"202603","exposure_phase":"deployment"},"geometry":{"type":"Polygon","coordinates":[[[-111.89263028034495,33.54145478810651],[-111.89263028034495,33.53079663261463],[-111.88070640336356,33.53300234929937],[-111.88070640336356,33.54366085189651],[-111.89263028034495,33.54145478810651]]]}},{"type":"Feature","properties":{"state":"Arizona","county":"Maricopa","s2_cell":"9739890662207127552","waymo_ro_miles":6351.774548248073,"incremental_miles":2713.317,"vintage_end":"202603","exposure_phase":"deployment"},"geometry":{"type":"Polygon","coordinates":[[[-111.89263028034495,33.53079663261463],[-111.89263028034493,33.5201373171667],[-111.88070640336356,33.522342686403036],[-111.88070640336356,33.53300234929937],[-111.89263028034495,33.53079663261463]]]}},{"type":"Feature","properties":{"state":"Arizona","county":"Maricopa","s2_cell":"9739890696566865920","waymo_ro_miles":51431.54493538813,"incremental_miles":7795.146,"vintage_end":"202603","exposure_phase":"deployment"},"geometry":{"type":"Polygon","coordinates":[[[-111.90455412316315,33.52858966702167],[-111.90455412316315,33.51793069928209],[-111.89263028034493,33.5201373171667],[-111.89263028034495,33.53079663261463],[-111.90455412316315,33.52858966702167]]]}},{"type":"Feature","properties":{"state":"Arizona","county":"Maricopa","s2_cell":"9739890730926604288","waymo_ro_miles":311969.6376197908,"incremental_miles":45809.767,"vintage_end":"202603","exposure_phase":"deployment"},"geometry":{"type":"Polygon","coordinates":[[[-111.91647793030225,33.52638145273062],[-111.91647793030225,33.51572283295943],[-111.90455412316315,33.51793069928209],[-111.90455412316315,33.52858966702167],[-111.91647793030225,33.52638145273062]]]}},{"type":"Feature","properties":{"state":"Arizona","county":"Maricopa","s2_cell":"9739890765286342656","waymo_ro_miles":225224.98079120764,"incremental_miles":36898.737,"vintage_end":"202603","exposure_phase":"deployment"},"geometry":{"type":"Polygon","coordinates":[[[-111.92840170024643,33.5241719899522],[-111.92840170024643,33.51351371840951],[-111.91647793030225,33.51572283295943],[-111.91647793030225,33.52638145273062],[-111.92840170024643,33.5241719899522]]]}},{"type":"Feature","properties":{"state":"Arizona","county":"Maricopa","s2_cell":"9739890799646081024","waymo_ro_miles":202738.72781407912,"incremental_miles":35610.609,"vintage_end":"202603","exposure_phase":"deployment"},"geometry":{"type":"Polygon","coordinates":[[[-111.92840170024643,33.53482910256929],[-111.92840170024643,33.5241719899522],[-111.91647793030225,33.52638145273062],[-111.91647793030225,33.53703891323254],[-111.92840170024643,33.53482910256929]]]}},{"type":"Feature","properties":{"state":"Arizona","county":"Maricopa","s2_cell":"9739890834005819392","waymo_ro_miles":267361.7963519799,"incremental_miles":38963.496,"vintage_end":"202603","exposure_phase":"deployment"},"geometry":{"type":"Polygon","coordinates":[[[-111.91647793030225,33.53703891323254],[-111.91647793030225,33.52638145273062],[-111.90455412316315,33.52858966702167],[-111.90455412316315,33.5392474751485],[-111.91647793030225,33.53703891323254]]]}},{"type":"Feature","properties":{"state":"Arizona","county":"Maricopa","s2_cell":"9739890868365557760","waymo_ro_miles":207922.89411391772,"incremental_miles":31019.48,"vintage_end":"202603","exposure_phase":"deployment"},"geometry":{"type":"Polygon","coordinates":[[[-111.91647793030225,33.54769521361385],[-111.91647793030225,33.53703891323254],[-111.90455412316315,33.5392474751485],[-111.90455412316315,33.54990412281125],[-111.91647793030225,33.54769521361385]]]}},{"type":"Feature","properties":{"state":"Arizona","county":"Maricopa","s2_cell":"9739890902725296128","waymo_ro_miles":13575.561094996834,"incremental_miles":1110.217,"vintage_end":"202603","exposure_phase":"deployment"},"geometry":{"type":"Polygon","coordinates":[[[-111.91647793030225,33.55835035302383],[-111.91647793030225,33.54769521361385],[-111.90455412316315,33.54990412281125],[-111.90455412316315,33.56055960915925],[-111.91647793030225,33.55835035302383]]]}},{"type":"Feature","properties":{"state":"Arizona","county":"Maricopa","s2_cell":"9739890937085034496","waymo_ro_miles":162627.765049154,"incremental_miles":27751.863,"vintage_end":"202603","exposure_phase":"deployment"},"geometry":{"type":"Polygon","coordinates":[[[-111.92840170024643,33.55613984762178],[-111.92840170024643,33.54548505540939],[-111.91647793030225,33.54769521361385],[-111.91647793030225,33.55835035302383],[-111.92840170024643,33.55613984762178]]]}},{"type":"Feature","properties":{"state":"Arizona","county":"Maricopa","s2_cell":"9739890971444772864","waymo_ro_miles":199005.49014986373,"incremental_miles":35548.619,"vintage_end":"202603","exposure_phase":"deployment"},"geometry":{"type":"Polygon","coordinates":[[[-111.92840170024643,33.54548505540939],[-111.92840170024643,33.53482910256929],[-111.91647793030225,33.53703891323254],[-111.91647793030225,33.54769521361385],[-111.92840170024643,33.54548505540939]]]}},{"type":"Feature","properties":{"state":"Arizona","county":"Maricopa","s2_cell":"9739891005804511232","waymo_ro_miles":34870.89194225078,"incremental_miles":4079.026,"vintage_end":"202603","exposure_phase":"deployment"},"geometry":{"type":"Polygon","coordinates":[[[-111.94032543148008,33.543273648409034],[-111.94032543148008,33.532618043369965],[-111.92840170024643,33.53482910256929],[-111.92840170024643,33.54548505540939],[-111.94032543148008,33.543273648409034]]]}},{"type":"Feature","properties":{"state":"Arizona","county":"Maricopa","s2_cell":"9739891040164249600","waymo_ro_miles":22570.947394977244,"incremental_miles":2334.056,"vintage_end":"202603","exposure_phase":"deployment"},"geometry":{"type":"Polygon","coordinates":[[[-111.94032543148008,33.55392809316416],[-111.94032543148008,33.543273648409034],[-111.92840170024643,33.54548505540939],[-111.92840170024643,33.55613984762178],[-111.94032543148008,33.55392809316416]]]}},{"type":"Feature","properties":{"state":"Arizona","county":"Maricopa","s2_cell":"9739891074523987968","waymo_ro_miles":6762.384368868564,"incremental_miles":913.886,"vintage_end":"202603","exposure_phase":"deployment"},"geometry":{"type":"Polygon","coordinates":[[[-111.9522491224878,33.55171508986264],[-111.9522491224878,33.54106099282449],[-111.94032543148008,33.543273648409034],[-111.94032543148008,33.55392809316416],[-111.9522491224878,33.55171508986264]]]}},{"type":"Feature","properties":{"state":"Arizona","county":"Maricopa","s2_cell":"9739891143243464704","waymo_ro_miles":109799.82066563077,"incremental_miles":14460.3,"vintage_end":"202603","exposure_phase":"deployment"},"geometry":{"type":"Polygon","coordinates":[[[-111.9522491224878,33.53040573584637],[-111.9522491224878,33.51974931977904],[-111.94032543148008,33.52196127889771],[-111.94032543148008,33.532618043369965],[-111.9522491224878,33.53040573584637]]]}},{"type":"Feature","properties":{"state":"Arizona","county":"Maricopa","s2_cell":"9739891177603203072","waymo_ro_miles":110887.66129842505,"incremental_miles":16397.653,"vintage_end":"202603","exposure_phase":"deployment"},"geometry":{"type":"Polygon","coordinates":[[[-111.94032543148008,33.532618043369965],[-111.94032543148008,33.52196127889771],[-111.92840170024643,33.5241719899522],[-111.92840170024643,33.53482910256929],[-111.94032543148008,33.532618043369965]]]}},{"type":"Feature","properties":{"state":"Arizona","county":"Maricopa","s2_cell":"9739891211962941440","waymo_ro_miles":22117.55714111252,"incremental_miles":3084.131,"vintage_end":"202603","exposure_phase":"deployment"},"geometry":{"type":"Polygon","coordinates":[[[-111.94032543148008,33.52196127889771],[-111.94032543148008,33.511303355843694],[-111.92840170024643,33.51351371840951],[-111.92840170024643,33.5241719899522],[-111.94032543148008,33.52196127889771]]]}},{"type":"Feature","properties":{"state":"Arizona","county":"Maricopa","s2_cell":"9739891246322679808","waymo_ro_miles":46916.80259425279,"incremental_miles":3158.19,"vintage_end":"202603","exposure_phase":"deployment"},"geometry":{"type":"Polygon","coordinates":[[[-111.9522491224878,33.51974931977904],[-111.9522491224878,33.50909174547394],[-111.94032543148008,33.511303355843694],[-111.94032543148008,33.52196127889771],[-111.9522491224878,33.51974931977904]]]}},{"type":"Feature","properties":{"state":"Arizona","county":"Maricopa","s2_cell":"9739891280682418176","waymo_ro_miles":240455.5049341129,"incremental_miles":22479.017,"vintage_end":"202603","exposure_phase":"deployment"},"geometry":{"type":"Polygon","coordinates":[[[-111.9522491224878,33.50909174547394],[-111.9522491224878,33.498433013783135],[-111.94032543148008,33.500644275059955],[-111.94032543148008,33.511303355843694],[-111.9522491224878,33.50909174547394]]]}},{"type":"Feature","properties":{"state":"Arizona","county":"Maricopa","s2_cell":"9739891315042156544","waymo_ro_miles":185856.56544679066,"incremental_miles":28445.819,"vintage_end":"202603","exposure_phase":"deployment"},"geometry":{"type":"Polygon","coordinates":[[[-111.9522491224878,33.498433013783135],[-111.9522491224878,33.48777312555937],[-111.94032543148008,33.48998403739921],[-111.94032543148008,33.500644275059955],[-111.9522491224878,33.498433013783135]]]}},{"type":"Feature","properties":{"state":"Arizona","county":"Maricopa","s2_cell":"9739891349401894912","waymo_ro_miles":571416.4914114639,"incremental_miles":81392.612,"vintage_end":"202603","exposure_phase":"deployment"},"geometry":{"type":"Polygon","coordinates":[[[-111.94032543148008,33.500644275059955],[-111.94032543148008,33.48998403739921],[-111.92840170024643,33.492193701956126],[-111.92840170024643,33.50285428879325],[-111.94032543148008,33.500644275059955]]]}},{"type":"Feature","properties":{"state":"Arizona","county":"Maricopa","s2_cell":"9739891383761633280","waymo_ro_miles":226414.42735756317,"incremental_miles":28656.544,"vintage_end":"202603","exposure_phase":"deployment"},"geometry":{"type":"Polygon","coordinates":[[[-111.94032543148008,33.511303355843694],[-111.94032543148008,33.500644275059955],[-111.92840170024643,33.50285428879325],[-111.92840170024643,33.51351371840951],[-111.94032543148008,33.511303355843694]]]}},{"type":"Feature","properties":{"state":"Arizona","county":"Maricopa","s2_cell":"9739891418121371648","waymo_ro_miles":297777.19166056573,"incremental_miles":44722.49,"vintage_end":"202603","exposure_phase":"deployment"},"geometry":{"type":"Polygon","coordinates":[[[-111.92840170024643,33.51351371840951],[-111.92840170024643,33.50285428879325],[-111.91647793030225,33.50506305477101],[-111.91647793030225,33.51572283295943],[-111.92840170024643,33.51351371840951]]]}},{"type":"Feature","properties":{"state":"Arizona","county":"Maricopa","s2_cell":"9739891452481110016","waymo_ro_miles":307476.88793336606,"incremental_miles":45932.741,"vintage_end":"202603","exposure_phase":"deployment"},"geometry":{"type":"Polygon","coordinates":[[[-111.91647793030225,33.51572283295943],[-111.91647793030225,33.50506305477101],[-111.90455412316315,33.50727057278177],[-111.90455412316315,33.51793069928209],[-111.91647793030225,33.51572283295943]]]}},{"type":"Feature","properties":{"state":"Arizona","county":"Maricopa","s2_cell":"9739891486840848384","waymo_ro_miles":481616.49273791176,"incremental_miles":72665.074,"vintage_end":"202603","exposure_phase":"deployment"},"geometry":{"type":"Polygon","coordinates":[[[-111.91647793030225,33.50506305477101],[-111.91647793030225,33.494402119018005],[-111.90455412316315,33.496609288373335],[-111.90455412316315,33.50727057278177],[-111.91647793030225,33.50506305477101]]]}},{"type":"Feature","properties":{"state":"Arizona","county":"Maricopa","s2_cell":"9739891521200586752","waymo_ro_miles":762974.1474422488,"incremental_miles":113192.287,"vintage_end":"202603","exposure_phase":"deployment"},"geometry":{"type":"Polygon","coordinates":[[[-111.92840170024643,33.50285428879325],[-111.92840170024643,33.492193701956126],[-111.91647793030225,33.494402119018005],[-111.91647793030225,33.50506305477101],[-111.92840170024643,33.50285428879325]]]}},{"type":"Feature","properties":{"state":"Arizona","county":"Maricopa","s2_cell":"9739891555560325120","waymo_ro_miles":402847.4520983061,"incremental_miles":55647.502,"vintage_end":"202603","exposure_phase":"deployment"},"geometry":{"type":"Polygon","coordinates":[[[-111.92840170024643,33.492193701956126],[-111.92840170024643,33.48153195875146],[-111.91647793030225,33.48374002655374],[-111.91647793030225,33.494402119018005],[-111.92840170024643,33.492193701956126]]]}},{"type":"Feature","properties":{"state":"Arizona","county":"Maricopa","s2_cell":"9739891589920063488","waymo_ro_miles":508818.29400889797,"incremental_miles":76857.71,"vintage_end":"202603","exposure_phase":"deployment"},"geometry":{"type":"Polygon","coordinates":[[[-111.91647793030225,33.494402119018005],[-111.91647793030225,33.48374002655374],[-111.90455412316315,33.48594684691009],[-111.90455412316315,33.496609288373335],[-111.91647793030225,33.494402119018005]]]}},{"type":"Feature","properties":{"state":"Arizona","county":"Maricopa","s2_cell":"9739891624279801856","waymo_ro_miles":487760.4544240752,"incremental_miles":74029.666,"vintage_end":"202603","exposure_phase":"deployment"},"geometry":{"type":"Polygon","coordinates":[[[-111.91647793030225,33.48374002655374],[-111.91647793030225,33.47307677823221],[-111.90455412316315,33.47528324924599],[-111.90455412316315,33.48594684691009],[-111.91647793030225,33.48374002655374]]]}},{"type":"Feature","properties":{"state":"Arizona","county":"Maricopa","s2_cell":"9739891658639540224","waymo_ro_miles":394691.7474601006,"incremental_miles":53723.328,"vintage_end":"202603","exposure_phase":"deployment"},"geometry":{"type":"Polygon","coordinates":[[[-111.92840170024643,33.48153195875146],[-111.92840170024643,33.47086906003329],[-111.91647793030225,33.47307677823221],[-111.91647793030225,33.48374002655374],[-111.92840170024643,33.48153195875146]]]}},{"type":"Feature","properties":{"state":"Arizona","county":"Maricopa","s2_cell":"9739891692999278592","waymo_ro_miles":142546.26117728703,"incremental_miles":19855.548,"vintage_end":"202603","exposure_phase":"deployment"},"geometry":{"type":"Polygon","coordinates":[[[-111.94032543148008,33.47932264371485],[-111.94032543148008,33.46866009486088],[-111.92840170024643,33.47086906003329],[-111.92840170024643,33.48153195875146],[-111.94032543148008,33.47932264371485]]]}},{"type":"Feature","properties":{"state":"Arizona","county":"Maricopa","s2_cell":"9739891727359016960","waymo_ro_miles":219269.1671381778,"incremental_miles":30413.927,"vintage_end":"202603","exposure_phase":"deployment"},"geometry":{"type":"Polygon","coordinates":[[[-111.94032543148008,33.48998403739921],[-111.94032543148008,33.47932264371485],[-111.92840170024643,33.48153195875146],[-111.92840170024643,33.492193701956126],[-111.94032543148008,33.48998403739921]]]}},{"type":"Feature","properties":{"state":"Arizona","county":"Maricopa","s2_cell":"9739891761718755328","waymo_ro_miles":314678.8766791156,"incremental_miles":52915.403,"vintage_end":"202603","exposure_phase":"deployment"},"geometry":{"type":"Polygon","coordinates":[[[-111.9522491224878,33.48777312555937],[-111.9522491224878,33.47711208165606],[-111.94032543148008,33.47932264371485],[-111.94032543148008,33.48998403739921],[-111.9522491224878,33.48777312555937]]]}},{"type":"Feature","properties":{"state":"Arizona","county":"Maricopa","s2_cell":"9739891796078493696","waymo_ro_miles":222479.6621569052,"incremental_miles":41246.091,"vintage_end":"202603","exposure_phase":"deployment"},"geometry":{"type":"Polygon","coordinates":[[[-111.9522491224878,33.47711208165606],[-111.9522491224878,33.46644988292723],[-111.94032543148008,33.46866009486088],[-111.94032543148008,33.47932264371485],[-111.9522491224878,33.47711208165606]]]}},{"type":"Feature","properties":{"state":"Arizona","county":"Maricopa","s2_cell":"9739891830438232064","waymo_ro_miles":129312.84137187802,"incremental_miles":14539.686,"vintage_end":"202603","exposure_phase":"deployment"},"geometry":{"type":"Polygon","coordinates":[[[-111.96417277175436,33.47490027278783],[-111.96417277175436,33.46423842444515],[-111.9522491224878,33.46644988292723],[-111.9522491224878,33.47711208165606],[-111.96417277175436,33.47490027278783]]]}},{"type":"Feature","properties":{"state":"Arizona","county":"Maricopa","s2_cell":"9739891864797970432","waymo_ro_miles":136454.48506054538,"incremental_miles":20036.169,"vintage_end":"202603","exposure_phase":"deployment"},"geometry":{"type":"Polygon","coordinates":[[[-111.96417277175436,33.48556096664927],[-111.96417277175436,33.47490027278783],[-111.9522491224878,33.47711208165606],[-111.9522491224878,33.48777312555937],[-111.96417277175436,33.48556096664927]]]}},{"type":"Feature","properties":{"state":"Arizona","county":"Maricopa","s2_cell":"9739891899157708800","waymo_ro_miles":147466.17793481346,"incremental_miles":19566.563,"vintage_end":"202603","exposure_phase":"deployment"},"geometry":{"type":"Polygon","coordinates":[[[-111.9760963777647,33.48334756088215],[-111.9760963777647,33.4726872173235],[-111.96417277175436,33.47490027278783],[-111.96417277175436,33.48556096664927],[-111.9760963777647,33.48334756088215]]]}},{"type":"Feature","properties":{"state":"Arizona","county":"Maricopa","s2_cell":"9739891933517447168","waymo_ro_miles":283237.84835829603,"incremental_miles":30786.186,"vintage_end":"202603","exposure_phase":"deployment"},"geometry":{"type":"Polygon","coordinates":[[[-111.9760963777647,33.4726872173235],[-111.9760963777647,33.46202571962802],[-111.96417277175436,33.46423842444515],[-111.96417277175436,33.47490027278783],[-111.9760963777647,33.4726872173235]]]}},{"type":"Feature","properties":{"state":"Arizona","county":"Maricopa","s2_cell":"9739891967877185536","waymo_ro_miles":467498.768851841,"incremental_miles":67411.181,"vintage_end":"202603","exposure_phase":"deployment"},"geometry":{"type":"Polygon","coordinates":[[[-111.98801993900399,33.47047291547695],[-111.98801993900399,33.45981176868984],[-111.9760963777647,33.46202571962802],[-111.9760963777647,33.4726872173235],[-111.98801993900399,33.47047291547695]]]}},{"type":"Feature","properties":{"state":"Arizona","county":"Maricopa","s2_cell":"9739892002236923904","waymo_ro_miles":315048.19603896735,"incremental_miles":43323.192,"vintage_end":"202603","exposure_phase":"deployment"},"geometry":{"type":"Polygon","coordinates":[[[-111.99994345395754,33.46825736746266],[-111.99994345395756,33.45759657184514],[-111.98801993900399,33.45981176868984],[-111.98801993900399,33.47047291547695],[-111.99994345395754,33.46825736746266]]]}},{"type":"Feature","properties":{"state":"Arizona","county":"Maricopa","s2_cell":"9739892036596662272","waymo_ro_miles":149232.97906463724,"incremental_miles":19984.364,"vintage_end":"202603","exposure_phase":"deployment"},"geometry":{"type":"Polygon","coordinates":[[[-111.99994345395754,33.47891700963276],[-111.99994345395754,33.46825736746266],[-111.98801993900399,33.47047291547695],[-111.98801993900399,33.48113290847184],[-111.99994345395754,33.47891700963276]]]}},{"type":"Feature","properties":{"state":"Arizona","county":"Maricopa","s2_cell":"9739892070956400640","waymo_ro_miles":345092.518246293,"incremental_miles":53213.49,"vintage_end":"202603","exposure_phase":"deployment"},"geometry":{"type":"Polygon","coordinates":[[[-111.98801993900399,33.48113290847184],[-111.98801993900399,33.47047291547695],[-111.9760963777647,33.4726872173235],[-111.9760963777647,33.48334756088215],[-111.98801993900399,33.48113290847184]]]}},{"type":"Feature","properties":{"state":"Arizona","county":"Maricopa","s2_cell":"9739892105316139008","waymo_ro_miles":239150.30735865593,"incremental_miles":35901.312,"vintage_end":"202603","exposure_phase":"deployment"},"geometry":{"type":"Polygon","coordinates":[[[-111.98801993900399,33.49179174682041],[-111.98801993900399,33.48113290847184],[-111.9760963777647,33.48334756088215],[-111.9760963777647,33.49400674944989],[-111.98801993900399,33.49179174682041]]]}},{"type":"Feature","properties":{"state":"Arizona","county":"Maricopa","s2_cell":"9739892139675877376","waymo_ro_miles":176497.01192291558,"incremental_miles":26033.263,"vintage_end":"202603","exposure_phase":"deployment"},"geometry":{"type":"Polygon","coordinates":[[[-111.99994345395756,33.48957549750127],[-111.99994345395754,33.47891700963276],[-111.98801993900399,33.48113290847184],[-111.98801993900399,33.49179174682041],[-111.99994345395756,33.48957549750127]]]}},{"type":"Feature","properties":{"state":"Arizona","county":"Maricopa","s2_cell":"9739892174035615744","waymo_ro_miles":236565.5122098355,"incremental_miles":33515.738,"vintage_end":"202603","exposure_phase":"deployment"},"geometry":{"type":"Polygon","coordinates":[[[-111.99994345395756,33.50023283021471],[-111.99994345395756,33.48957549750127],[-111.98801993900399,33.49179174682041],[-111.98801993900399,33.50244942966918],[-111.99994345395756,33.50023283021471]]]}},{"type":"Feature","properties":{"state":"Arizona","county":"Maricopa","s2_cell":"9739892208395354112","waymo_ro_miles":334754.4068109618,"incremental_miles":49084.705,"vintage_end":"202603","exposure_phase":"deployment"},"geometry":{"type":"Polygon","coordinates":[[[-111.98801993900399,33.50244942966918],[-111.98801993900399,33.49179174682041],[-111.9760963777647,33.49400674944989],[-111.9760963777647,33.50466478217328],[-111.98801993900399,33.50244942966918]]]}},{"type":"Feature","properties":{"state":"Arizona","county":"Maricopa","s2_cell":"9739892242755092480","waymo_ro_miles":148957.80244905126,"incremental_miles":17168.676,"vintage_end":"202603","exposure_phase":"deployment"},"geometry":{"type":"Polygon","coordinates":[[[-111.9760963777647,33.50466478217328],[-111.9760963777647,33.49400674944989],[-111.96417277175436,33.49622050517538],[-111.96417277175436,33.506878887512755],[-111.9760963777647,33.50466478217328]]]}},{"type":"Feature","properties":{"state":"Arizona","county":"Maricopa","s2_cell":"9739892277114830848","waymo_ro_miles":138649.60245983143,"incremental_miles":18076.556,"vintage_end":"202603","exposure_phase":"deployment"},"geometry":{"type":"Polygon","coordinates":[[[-111.9760963777647,33.49400674944989],[-111.9760963777647,33.48334756088215],[-111.96417277175436,33.48556096664927],[-111.96417277175436,33.49622050517538],[-111.9760963777647,33.49400674944989]]]}},{"type":"Feature","properties":{"state":"Arizona","county":"Maricopa","s2_cell":"9739892311474569216","waymo_ro_miles":182194.9896316573,"incremental_miles":25103.586,"vintage_end":"202603","exposure_phase":"deployment"},"geometry":{"type":"Polygon","coordinates":[[[-111.96417277175436,33.49622050517538],[-111.96417277175436,33.48556096664927],[-111.9522491224878,33.48777312555937],[-111.9522491224878,33.498433013783135],[-111.96417277175436,33.49622050517538]]]}},{"type":"Feature","properties":{"state":"Arizona","county":"Maricopa","s2_cell":"9739892345834307584","waymo_ro_miles":169022.34144167433,"incremental_miles":16985.294,"vintage_end":"202603","exposure_phase":"deployment"},"geometry":{"type":"Polygon","coordinates":[[[-111.96417277175436,33.506878887512755],[-111.96417277175436,33.49622050517538],[-111.9522491224878,33.498433013783135],[-111.9522491224878,33.50909174547394],[-111.96417277175436,33.506878887512755]]]}},{"type":"Feature","properties":{"state":"Arizona","county":"Maricopa","s2_cell":"9739892414553784320","waymo_ro_miles":75629.6025100318,"incremental_miles":8252.162,"vintage_end":"202603","exposure_phase":"deployment"},"geometry":{"type":"Polygon","coordinates":[[[-111.9760963777647,33.51532165819953],[-111.9760963777647,33.50466478217328],[-111.96417277175436,33.506878887512755],[-111.96417277175436,33.517536112808635],[-111.9760963777647,33.51532165819953]]]}},{"type":"Feature","properties":{"state":"Arizona","county":"Maricopa","s2_cell":"9739892448913522688","waymo_ro_miles":44058.746399292795,"incremental_miles":7771.985,"vintage_end":"202603","exposure_phase":"deployment"},"geometry":{"type":"Polygon","coordinates":[[[-111.9760963777647,33.525977376676515],[-111.9760963777647,33.51532165819953],[-111.96417277175436,33.517536112808635],[-111.96417277175436,33.5281921802109],[-111.9760963777647,33.525977376676515]]]}},{"type":"Feature","properties":{"state":"Arizona","county":"Maricopa","s2_cell":"9739892483273261056","waymo_ro_miles":26102.962781243194,"incremental_miles":3994.517,"vintage_end":"202603","exposure_phase":"deployment"},"geometry":{"type":"Polygon","coordinates":[[[-111.96417277175436,33.5281921802109],[-111.96417277175436,33.517536112808635],[-111.9522491224878,33.51974931977904],[-111.9522491224878,33.53040573584637],[-111.96417277175436,33.5281921802109]]]}},{"type":"Feature","properties":{"state":"Arizona","county":"Maricopa","s2_cell":"9739892517632999424","waymo_ro_miles":102280.46667837592,"incremental_miles":16353.286,"vintage_end":"202603","exposure_phase":"deployment"},"geometry":{"type":"Polygon","coordinates":[[[-111.96417277175436,33.53884708886811],[-111.96417277175436,33.5281921802109],[-111.9522491224878,33.53040573584637],[-111.9522491224878,33.54106099282449],[-111.96417277175436,33.53884708886811]]]}},{"type":"Feature","properties":{"state":"Arizona","county":"Maricopa","s2_cell":"9739892586352476160","waymo_ro_miles":158798.18754424705,"incremental_miles":20309.37,"vintage_end":"202603","exposure_phase":"deployment"},"geometry":{"type":"Polygon","coordinates":[[[-111.9760963777647,33.54728533757743],[-111.9760963777647,33.536631936752755],[-111.96417277175436,33.53884708886811],[-111.96417277175436,33.54950083792946],[-111.9760963777647,33.54728533757743]]]}},{"type":"Feature","properties":{"state":"Arizona","county":"Maricopa","s2_cell":"9739892620712214528","waymo_ro_miles":255934.90856031398,"incremental_miles":42901.695,"vintage_end":"202603","exposure_phase":"deployment"},"geometry":{"type":"Polygon","coordinates":[[[-111.9760963777647,33.536631936752755],[-111.9760963777647,33.525977376676515],[-111.96417277175436,33.5281921802109],[-111.96417277175436,33.53884708886811],[-111.9760963777647,33.536631936752755]]]}},{"type":"Feature","properties":{"state":"Arizona","county":"Maricopa","s2_cell":"9739892655071952896","waymo_ro_miles":99657.0514410508,"incremental_miles":11662.573,"vintage_end":"202603","exposure_phase":"deployment"},"geometry":{"type":"Polygon","coordinates":[[[-111.98801993900399,33.53441553669191],[-111.98801993900399,33.52376132545676],[-111.9760963777647,33.525977376676515],[-111.9760963777647,33.536631936752755],[-111.98801993900399,33.53441553669191]]]}},{"type":"Feature","properties":{"state":"Arizona","county":"Maricopa","s2_cell":"9739892723791429632","waymo_ro_miles":6035.091764073544,"incremental_miles":743.47,"vintage_end":"202603","exposure_phase":"deployment"},"geometry":{"type":"Polygon","coordinates":[[[-111.99994345395754,33.542850592471005],[-111.99994345395756,33.53219788889961],[-111.98801993900399,33.53441553669191],[-111.98801993900399,33.54506858901995],[-111.99994345395754,33.542850592471005]]]}},{"type":"Feature","properties":{"state":"Arizona","county":"Maricopa","s2_cell":"9739892792510906368","waymo_ro_miles":28959.607443288685,"incremental_miles":3704.242,"vintage_end":"202603","exposure_phase":"deployment"},"geometry":{"type":"Polygon","coordinates":[[[-111.99994345395756,33.52154402676574],[-111.99994345395756,33.51088900692027],[-111.98801993900399,33.51310595616535],[-111.98801993900399,33.52376132545676],[-111.99994345395756,33.52154402676574]]]}},{"type":"Feature","properties":{"state":"Arizona","county":"Maricopa","s2_cell":"9739892826870644736","waymo_ro_miles":264967.099304576,"incremental_miles":46849.891,"vintage_end":"202603","exposure_phase":"deployment"},"geometry":{"type":"Polygon","coordinates":[[[-111.98801993900399,33.52376132545676],[-111.98801993900399,33.51310595616535],[-111.9760963777647,33.51532165819953],[-111.9760963777647,33.525977376676515],[-111.98801993900399,33.52376132545676]]]}},{"type":"Feature","properties":{"state":"Arizona","county":"Maricopa","s2_cell":"9739892861230383104","waymo_ro_miles":372413.2514899546,"incremental_miles":51959.275,"vintage_end":"202603","exposure_phase":"deployment"},"geometry":{"type":"Polygon","coordinates":[[[-111.98801993900399,33.51310595616535],[-111.98801993900399,33.50244942966918],[-111.9760963777647,33.50466478217328],[-111.9760963777647,33.51532165819953],[-111.98801993900399,33.51310595616535]]]}},{"type":"Feature","properties":{"state":"Arizona","county":"Maricopa","s2_cell":"9739892895590121472","waymo_ro_miles":248680.97319664806,"incremental_miles":35430.321,"vintage_end":"202603","exposure_phase":"deployment"},"geometry":{"type":"Polygon","coordinates":[[[-111.99994345395756,33.51088900692027],[-111.99994345395756,33.50023283021471],[-111.98801993900399,33.50244942966918],[-111.98801993900399,33.51310595616535],[-111.99994345395756,33.51088900692027]]]}},{"type":"Feature","properties":{"state":"Arizona","county":"Maricopa","s2_cell":"9739892929949859840","waymo_ro_miles":127586.29346525295,"incremental_miles":16936.101,"vintage_end":"202603","exposure_phase":"deployment"},"geometry":{"type":"Polygon","coordinates":[[[-112.0118669211109,33.50867081067907],[-112.0118669211109,33.49801498402474],[-111.99994345395756,33.50023283021471],[-111.99994345395756,33.51088900692027],[-112.0118669211109,33.50867081067907]]]}},{"type":"Feature","properties":{"state":"Arizona","county":"Maricopa","s2_cell":"9739892964309598208","waymo_ro_miles":179452.1578433108,"incremental_miles":21806.161,"vintage_end":"202603","exposure_phase":"deployment"},"geometry":{"type":"Polygon","coordinates":[[[-112.02379033894974,33.50645136765708],[-112.02379033894974,33.49579589131466],[-112.0118669211109,33.49801498402474],[-112.0118669211109,33.50867081067907],[-112.02379033894974,33.50645136765708]]]}},{"type":"Feature","properties":{"state":"Arizona","county":"Maricopa","s2_cell":"9739892998669336576","waymo_ro_miles":248295.0372664804,"incremental_miles":32126.621,"vintage_end":"202603","exposure_phase":"deployment"},"geometry":{"type":"Polygon","coordinates":[[[-112.02379033894974,33.5171056878293],[-112.02379033894974,33.50645136765708],[-112.0118669211109,33.50867081067907],[-112.0118669211109,33.51932548081816],[-112.02379033894974,33.5171056878293]]]}},{"type":"Feature","properties":{"state":"Arizona","county":"Maricopa","s2_cell":"9739893033029074944","waymo_ro_miles":111265.14268605756,"incremental_miles":14852.782,"vintage_end":"202603","exposure_phase":"deployment"},"geometry":{"type":"Polygon","coordinates":[[[-112.0118669211109,33.51932548081816],[-112.0118669211109,33.50867081067907],[-111.99994345395756,33.51088900692027],[-111.99994345395756,33.52154402676574],[-112.0118669211109,33.51932548081816]]]}},{"type":"Feature","properties":{"state":"Arizona","county":"Maricopa","s2_cell":"9739893067388813312","waymo_ro_miles":24868.3259914527,"incremental_miles":2719.79,"vintage_end":"202603","exposure_phase":"deployment"},"geometry":{"type":"Polygon","coordinates":[[[-112.0118669211109,33.52997899359049],[-112.0118669211109,33.51932548081816],[-111.99994345395756,33.52154402676574],[-111.99994345395756,33.53219788889961],[-112.0118669211109,33.52997899359049]]]}},{"type":"Feature","properties":{"state":"Arizona","county":"Maricopa","s2_cell":"9739893101748551680","waymo_ro_miles":80778.02456468192,"incremental_miles":11082.28,"vintage_end":"202603","exposure_phase":"deployment"},"geometry":{"type":"Polygon","coordinates":[[[-112.0118669211109,33.54063134814514],[-112.0118669211109,33.52997899359049],[-111.99994345395756,33.53219788889961],[-111.99994345395754,33.542850592471005],[-112.0118669211109,33.54063134814514]]]}},{"type":"Feature","properties":{"state":"Arizona","county":"Maricopa","s2_cell":"9739893136108290048","waymo_ro_miles":109341.2122652484,"incremental_miles":16470.798,"vintage_end":"202603","exposure_phase":"deployment"},"geometry":{"type":"Polygon","coordinates":[[[-112.02379033894974,33.53841085625749],[-112.02379033894974,33.527758850979744],[-112.0118669211109,33.52997899359049],[-112.0118669211109,33.54063134814514],[-112.02379033894974,33.53841085625749]]]}},{"type":"Feature","properties":{"state":"Arizona","county":"Maricopa","s2_cell":"9739893170468028416","waymo_ro_miles":76765.03067866767,"incremental_miles":8326.661,"vintage_end":"202603","exposure_phase":"deployment"},"geometry":{"type":"Polygon","coordinates":[[[-112.02379033894974,33.527758850979744],[-112.02379033894974,33.5171056878293],[-112.0118669211109,33.51932548081816],[-112.0118669211109,33.52997899359049],[-112.02379033894974,33.527758850979744]]]}},{"type":"Feature","properties":{"state":"Arizona","county":"Maricopa","s2_cell":"9739893204827766784","waymo_ro_miles":135182.61521481012,"incremental_miles":19997.654,"vintage_end":"202603","exposure_phase":"deployment"},"geometry":{"type":"Polygon","coordinates":[[[-112.03571370595999,33.525537461283164],[-112.03571370595999,33.51488464801501],[-112.02379033894974,33.5171056878293],[-112.02379033894974,33.527758850979744],[-112.03571370595999,33.525537461283164]]]}},{"type":"Feature","properties":{"state":"Arizona","county":"Maricopa","s2_cell":"9739893239187505152","waymo_ro_miles":100224.63807281447,"incremental_miles":15629.632,"vintage_end":"202603","exposure_phase":"deployment"},"geometry":{"type":"Polygon","coordinates":[[[-112.03571370595999,33.536189117023774],[-112.03571370595999,33.525537461283164],[-112.02379033894974,33.527758850979744],[-112.02379033894974,33.53841085625749],[-112.03571370595999,33.536189117023774]]]}},{"type":"Feature","properties":{"state":"Arizona","county":"Maricopa","s2_cell":"9739893273547243520","waymo_ro_miles":78946.96103878968,"incremental_miles":13344.491,"vintage_end":"202603","exposure_phase":"deployment"},"geometry":{"type":"Polygon","coordinates":[[[-112.04763702062775,33.533966130660254],[-112.04763702062775,33.523314824717104],[-112.03571370595999,33.525537461283164],[-112.03571370595999,33.536189117023774],[-112.04763702062775,33.533966130660254]]]}},{"type":"Feature","properties":{"state":"Arizona","county":"Maricopa","s2_cell":"9739893307906981888","waymo_ro_miles":169639.87538014926,"incremental_miles":24934.732,"vintage_end":"202603","exposure_phase":"deployment"},"geometry":{"type":"Polygon","coordinates":[[[-112.04763702062775,33.523314824717104],[-112.04763702062775,33.51266236159172],[-112.03571370595999,33.51488464801501],[-112.03571370595999,33.525537461283164],[-112.04763702062775,33.523314824717104]]]}},{"type":"Feature","properties":{"state":"Arizona","county":"Maricopa","s2_cell":"9739893342266720256","waymo_ro_miles":280484.90913970664,"incremental_miles":41032.139,"vintage_end":"202603","exposure_phase":"deployment"},"geometry":{"type":"Polygon","coordinates":[[[-112.04763702062775,33.51266236159172],[-112.04763702062775,33.50200874213507],[-112.03571370595999,33.50423067807025],[-112.03571370595999,33.51488464801501],[-112.04763702062775,33.51266236159172]]]}},{"type":"Feature","properties":{"state":"Arizona","county":"Maricopa","s2_cell":"9739893376626458624","waymo_ro_miles":258620.0770909015,"incremental_miles":36330.088,"vintage_end":"202603","exposure_phase":"deployment"},"geometry":{"type":"Polygon","coordinates":[[[-112.03571370595999,33.51488464801501],[-112.03571370595999,33.50423067807025],[-112.02379033894974,33.50645136765708],[-112.02379033894974,33.5171056878293],[-112.03571370595999,33.51488464801501]]]}},{"type":"Feature","properties":{"state":"Arizona","county":"Maricopa","s2_cell":"9739893410986196992","waymo_ro_miles":225564.8302944776,"incremental_miles":29314.126,"vintage_end":"202603","exposure_phase":"deployment"},"geometry":{"type":"Polygon","coordinates":[[[-112.03571370595999,33.50423067807025],[-112.03571370595999,33.49357555230048],[-112.02379033894974,33.49579589131466],[-112.02379033894974,33.50645136765708],[-112.03571370595999,33.50423067807025]]]}},{"type":"Feature","properties":{"state":"Arizona","county":"Maricopa","s2_cell":"9739893445345935360","waymo_ro_miles":237188.8528041355,"incremental_miles":30190.401,"vintage_end":"202603","exposure_phase":"deployment"},"geometry":{"type":"Polygon","coordinates":[[[-112.04763702062775,33.50200874213507],[-112.04763702062775,33.49135396719877],[-112.03571370595999,33.49357555230048],[-112.03571370595999,33.50423067807025],[-112.04763702062775,33.50200874213507]]]}},{"type":"Feature","properties":{"state":"Arizona","county":"Maricopa","s2_cell":"9739893479705673728","waymo_ro_miles":220008.11516462642,"incremental_miles":41225.919,"vintage_end":"202603","exposure_phase":"deployment"},"geometry":{"type":"Polygon","coordinates":[[[-112.04763702062775,33.49135396719877],[-112.04763702062775,33.48069803763509],[-112.03571370595999,33.48291927155795],[-112.03571370595999,33.49357555230048],[-112.04763702062775,33.49135396719877]]]}},{"type":"Feature","properties":{"state":"Arizona","county":"Maricopa","s2_cell":"9739893514065412096","waymo_ro_miles":194237.8537451234,"incremental_miles":31209.487,"vintage_end":"202603","exposure_phase":"deployment"},"geometry":{"type":"Polygon","coordinates":[[[-112.04763702062775,33.48069803763509],[-112.04763702062775,33.47004095429698],[-112.03571370595999,33.47226183669556],[-112.03571370595999,33.48291927155795],[-112.04763702062775,33.48069803763509]]]}},{"type":"Feature","properties":{"state":"Arizona","county":"Maricopa","s2_cell":"9739893548425150464","waymo_ro_miles":202585.53401201576,"incremental_miles":28625.46,"vintage_end":"202603","exposure_phase":"deployment"},"geometry":{"type":"Polygon","coordinates":[[[-112.03571370595999,33.48291927155795],[-112.03571370595999,33.47226183669556],[-112.02379033894974,33.47448147352876],[-112.02379033894974,33.48513925965426],[-112.03571370595999,33.48291927155795]]]}},{"type":"Feature","properties":{"state":"Arizona","county":"Maricopa","s2_cell":"9739893582784888832","waymo_ro_miles":252684.43571448137,"incremental_miles":37614.169,"vintage_end":"202603","exposure_phase":"deployment"},"geometry":{"type":"Polygon","coordinates":[[[-112.03571370595999,33.49357555230048],[-112.03571370595999,33.48291927155795],[-112.02379033894974,33.48513925965426],[-112.02379033894974,33.49579589131466],[-112.03571370595999,33.49357555230048]]]}},{"type":"Feature","properties":{"state":"Arizona","county":"Maricopa","s2_cell":"9739893617144627200","waymo_ro_miles":366577.6337085637,"incremental_miles":46879.23,"vintage_end":"202603","exposure_phase":"deployment"},"geometry":{"type":"Polygon","coordinates":[[[-112.02379033894974,33.49579589131466],[-112.02379033894974,33.48513925965426],[-112.0118669211109,33.48735800170739],[-112.0118669211109,33.49801498402474],[-112.02379033894974,33.49579589131466]]]}},{"type":"Feature","properties":{"state":"Arizona","county":"Maricopa","s2_cell":"9739893651504365568","waymo_ro_miles":202356.4434752991,"incremental_miles":27146.097,"vintage_end":"202603","exposure_phase":"deployment"},"geometry":{"type":"Polygon","coordinates":[[[-112.0118669211109,33.49801498402474],[-112.0118669211109,33.48735800170739],[-111.99994345395756,33.48957549750127],[-111.99994345395756,33.50023283021471],[-112.0118669211109,33.49801498402474]]]}},{"type":"Feature","properties":{"state":"Arizona","county":"Maricopa","s2_cell":"9739893685864103936","waymo_ro_miles":159105.1377948947,"incremental_miles":24984.936,"vintage_end":"202603","exposure_phase":"deployment"},"geometry":{"type":"Polygon","coordinates":[[[-112.0118669211109,33.48735800170739],[-112.0118669211109,33.47669986457988],[-111.99994345395754,33.47891700963276],[-111.99994345395756,33.48957549750127],[-112.0118669211109,33.48735800170739]]]}},{"type":"Feature","properties":{"state":"Arizona","county":"Maricopa","s2_cell":"9739893720223842304","waymo_ro_miles":248499.3144150676,"incremental_miles":31622.75,"vintage_end":"202603","exposure_phase":"deployment"},"geometry":{"type":"Polygon","coordinates":[[[-112.02379033894974,33.48513925965426],[-112.02379033894974,33.47448147352876],[-112.0118669211109,33.47669986457988],[-112.0118669211109,33.48735800170739],[-112.02379033894974,33.48513925965426]]]}},{"type":"Feature","properties":{"state":"Arizona","county":"Maricopa","s2_cell":"9739893754583580672","waymo_ro_miles":306690.1055508133,"incremental_miles":37755.402,"vintage_end":"202603","exposure_phase":"deployment"},"geometry":{"type":"Polygon","coordinates":[[[-112.02379033894974,33.47448147352876],[-112.02379033894974,33.4638225337917],[-112.0118669211109,33.46604057349571],[-112.0118669211109,33.47669986457988],[-112.02379033894974,33.47448147352876]]]}},{"type":"Feature","properties":{"state":"Arizona","county":"Maricopa","s2_cell":"9739893788943319040","waymo_ro_miles":57402.91686286688,"incremental_miles":8106.764,"vintage_end":"202603","exposure_phase":"deployment"},"geometry":{"type":"Polygon","coordinates":[[[-112.0118669211109,33.47669986457988],[-112.0118669211109,33.46604057349571],[-111.99994345395754,33.46825736746266],[-111.99994345395754,33.47891700963276],[-112.0118669211109,33.47669986457988]]]}},{"type":"Feature","properties":{"state":"Arizona","county":"Maricopa","s2_cell":"9739893823303057408","waymo_ro_miles":214297.5040769607,"incremental_miles":37958.857,"vintage_end":"202603","exposure_phase":"deployment"},"geometry":{"type":"Polygon","coordinates":[[[-112.0118669211109,33.46604057349571],[-112.0118669211109,33.45538012930904],[-111.99994345395756,33.45759657184514],[-111.99994345395754,33.46825736746266],[-112.0118669211109,33.46604057349571]]]}},{"type":"Feature","properties":{"state":"Arizona","county":"Maricopa","s2_cell":"9739893857662795776","waymo_ro_miles":231214.17902526254,"incremental_miles":32561.348,"vintage_end":"202603","exposure_phase":"deployment"},"geometry":{"type":"Polygon","coordinates":[[[-112.02379033894974,33.4638225337917],[-112.02379033894974,33.453162441297266],[-112.0118669211109,33.45538012930904],[-112.0118669211109,33.46604057349571],[-112.02379033894974,33.4638225337917]]]}},{"type":"Feature","properties":{"state":"Arizona","county":"Maricopa","s2_cell":"9739893892022534144","waymo_ro_miles":239654.64672269457,"incremental_miles":39922.884,"vintage_end":"202603","exposure_phase":"deployment"},"geometry":{"type":"Polygon","coordinates":[[[-112.03571370595999,33.46160324856687],[-112.03571370595999,33.45094350802608],[-112.02379033894974,33.453162441297266],[-112.02379033894974,33.4638225337917],[-112.03571370595999,33.46160324856687]]]}},{"type":"Feature","properties":{"state":"Arizona","county":"Maricopa","s2_cell":"9739893926382272512","waymo_ro_miles":297471.99740475503,"incremental_miles":41978.158,"vintage_end":"202603","exposure_phase":"deployment"},"geometry":{"type":"Polygon","coordinates":[[[-112.03571370595999,33.47226183669556],[-112.03571370595999,33.46160324856687],[-112.02379033894974,33.4638225337917],[-112.02379033894974,33.47448147352876],[-112.03571370595999,33.47226183669556]]]}},{"type":"Feature","properties":{"state":"Arizona","county":"Maricopa","s2_cell":"9739893960742010880","waymo_ro_miles":242541.5960341775,"incremental_miles":40159.727,"vintage_end":"202603","exposure_phase":"deployment"},"geometry":{"type":"Polygon","coordinates":[[[-112.04763702062775,33.47004095429698],[-112.04763702062775,33.45938271803798],[-112.03571370595999,33.46160324856687],[-112.03571370595999,33.47226183669556],[-112.04763702062775,33.47004095429698]]]}},{"type":"Feature","properties":{"state":"Arizona","county":"Maricopa","s2_cell":"9739893995101749248","waymo_ro_miles":397859.8154109174,"incremental_miles":60382.189,"vintage_end":"202603","exposure_phase":"deployment"},"geometry":{"type":"Polygon","coordinates":[[[-112.04763702062775,33.45938271803798],[-112.04763702062775,33.44872332971235],[-112.03571370595999,33.45094350802608],[-112.03571370595999,33.46160324856687],[-112.04763702062775,33.45938271803798]]]}},{"type":"Feature","properties":{"state":"Arizona","county":"Maricopa","s2_cell":"9739894029461487616","waymo_ro_miles":430704.46711296396,"incremental_miles":57413.052,"vintage_end":"202603","exposure_phase":"deployment"},"geometry":{"type":"Polygon","coordinates":[[[-112.04763702062775,33.44872332971235],[-112.04763702062775,33.438062790174975],[-112.03571370595999,33.44028261592807],[-112.03571370595999,33.45094350802608],[-112.04763702062775,33.44872332971235]]]}},{"type":"Feature","properties":{"state":"Arizona","county":"Maricopa","s2_cell":"9739894063821225984","waymo_ro_miles":725358.370570187,"incremental_miles":75349.89,"vintage_end":"202603","exposure_phase":"deployment"},"geometry":{"type":"Polygon","coordinates":[[[-112.03571370595999,33.45094350802608],[-112.03571370595999,33.44028261592807],[-112.02379033894974,33.44250119690029],[-112.02379033894974,33.453162441297266],[-112.03571370595999,33.45094350802608]]]}},{"type":"Feature","properties":{"state":"Arizona","county":"Maricopa","s2_cell":"9739894098180964352","waymo_ro_miles":502819.64852838864,"incremental_miles":22506.155,"vintage_end":"202603","exposure_phase":"deployment"},"geometry":{"type":"Polygon","coordinates":[[[-112.03571370595999,33.44028261592807],[-112.03571370595999,33.42962057312834],[-112.02379033894974,33.431838801456266],[-112.02379033894974,33.44250119690029],[-112.03571370595999,33.44028261592807]]]}},{"type":"Feature","properties":{"state":"Arizona","county":"Maricopa","s2_cell":"9739894132540702720","waymo_ro_miles":144102.80659921822,"incremental_miles":18865.379,"vintage_end":"202603","exposure_phase":"deployment"},"geometry":{"type":"Polygon","coordinates":[[[-112.04763702062775,33.438062790174975],[-112.04763702062775,33.42740110028139],[-112.03571370595999,33.42962057312834],[-112.03571370595999,33.44028261592807],[-112.04763702062775,33.438062790174975]]]}},{"type":"Feature","properties":{"state":"Arizona","county":"Maricopa","s2_cell":"9739894166900441088","waymo_ro_miles":71640.8816887608,"incremental_miles":11460.603,"vintage_end":"202603","exposure_phase":"deployment"},"geometry":{"type":"Polygon","coordinates":[[[-112.04763702062775,33.42740110028139],[-112.04763702062775,33.41673826088777],[-112.03571370595999,33.41895738048308],[-112.03571370595999,33.42962057312834],[-112.04763702062775,33.42740110028139]]]}},{"type":"Feature","properties":{"state":"Arizona","county":"Maricopa","s2_cell":"9739894201260179456","waymo_ro_miles":173089.95243740035,"incremental_miles":19322.606,"vintage_end":"202603","exposure_phase":"deployment"},"geometry":{"type":"Polygon","coordinates":[[[-112.04763702062775,33.41673826088777],[-112.04763702062775,33.40607427285097],[-112.03571370595999,33.40829303884908],[-112.03571370595999,33.41895738048308],[-112.04763702062775,33.41673826088777]]]}},{"type":"Feature","properties":{"state":"Arizona","county":"Maricopa","s2_cell":"9739894235619917824","waymo_ro_miles":112736.28581267023,"incremental_miles":11594.223,"vintage_end":"202603","exposure_phase":"deployment"},"geometry":{"type":"Polygon","coordinates":[[[-112.03571370595999,33.41895738048308],[-112.03571370595999,33.40829303884908],[-112.02379033894974,33.410510560852344],[-112.02379033894974,33.421175255821346],[-112.03571370595999,33.41895738048308]]]}},{"type":"Feature","properties":{"state":"Arizona","county":"Maricopa","s2_cell":"9739894269979656192","waymo_ro_miles":137349.20323613813,"incremental_miles":16765.49,"vintage_end":"202603","exposure_phase":"deployment"},"geometry":{"type":"Polygon","coordinates":[[[-112.03571370595999,33.42962057312834],[-112.03571370595999,33.41895738048308],[-112.02379033894974,33.421175255821346],[-112.02379033894974,33.431838801456266],[-112.03571370595999,33.42962057312834]]]}},{"type":"Feature","properties":{"state":"Arizona","county":"Maricopa","s2_cell":"9739894304339394560","waymo_ro_miles":1188.754532763654,"incremental_miles":516.276,"vintage_end":"202603","exposure_phase":"deployment"},"geometry":{"type":"Polygon","coordinates":[[[-112.02379033894974,33.431838801456266],[-112.02379033894974,33.421175255821346],[-112.0118669211109,33.42339188668554],[-112.0118669211109,33.43405578504816],[-112.02379033894974,33.431838801456266]]]}},{"type":"Feature","properties":{"state":"Arizona","county":"Maricopa","s2_cell":"9739894338699132928","waymo_ro_miles":4758.458784953981,"incremental_miles":2565.235,"vintage_end":"202603","exposure_phase":"deployment"},"geometry":{"type":"Polygon","coordinates":[[[-112.02379033894974,33.421175255821346],[-112.02379033894974,33.410510560852344],[-112.0118669211109,33.41272683864362],[-112.0118669211109,33.42339188668554],[-112.02379033894974,33.421175255821346]]]}},{"type":"Feature","properties":{"state":"Arizona","county":"Maricopa","s2_cell":"9739894373058871296","waymo_ro_miles":74833.6436320082,"incremental_miles":16137.017,"vintage_end":"202603","exposure_phase":"deployment"},"geometry":{"type":"Polygon","coordinates":[[[-112.0118669211109,33.42339188668554],[-112.0118669211109,33.41272683864362],[-111.99994345395754,33.414941872006345],[-111.99994345395756,33.425607272859146],[-112.0118669211109,33.42339188668554]]]}},{"type":"Feature","properties":{"state":"Arizona","county":"Maricopa","s2_cell":"9739894407418609664","waymo_ro_miles":210094.38286070543,"incremental_miles":21254.925,"vintage_end":"202603","exposure_phase":"deployment"},"geometry":{"type":"Polygon","coordinates":[[[-112.0118669211109,33.43405578504816],[-112.0118669211109,33.42339188668554],[-111.99994345395756,33.425607272859146],[-111.99994345395756,33.4362715236876],[-112.0118669211109,33.43405578504816]]]}},{"type":"Feature","properties":{"state":"Arizona","county":"Maricopa","s2_cell":"9739894441778348032","waymo_ro_miles":450316.49636986427,"incremental_miles":58208.722,"vintage_end":"202603","exposure_phase":"deployment"},"geometry":{"type":"Polygon","coordinates":[[[-112.0118669211109,33.4447185328747],[-112.0118669211109,33.43405578504816],[-111.99994345395756,33.4362715236876],[-111.99994345395754,33.44693462363497],[-112.0118669211109,33.4447185328747]]]}},{"type":"Feature","properties":{"state":"Arizona","county":"Maricopa","s2_cell":"9739894476138086400","waymo_ro_miles":440722.1741470525,"incremental_miles":30440.363,"vintage_end":"202603","exposure_phase":"deployment"},"geometry":{"type":"Polygon","coordinates":[[[-112.02379033894974,33.44250119690029],[-112.02379033894974,33.431838801456266],[-112.0118669211109,33.43405578504816],[-112.0118669211109,33.4447185328747],[-112.02379033894974,33.44250119690029]]]}},{"type":"Feature","properties":{"state":"Arizona","county":"Maricopa","s2_cell":"9739894510497824768","waymo_ro_miles":631080.1143030856,"incremental_miles":66997.255,"vintage_end":"202603","exposure_phase":"deployment"},"geometry":{"type":"Polygon","coordinates":[[[-112.02379033894974,33.453162441297266],[-112.02379033894974,33.44250119690029],[-112.0118669211109,33.4447185328747],[-112.0118669211109,33.45538012930904],[-112.02379033894974,33.453162441297266]]]}},{"type":"Feature","properties":{"state":"Arizona","county":"Maricopa","s2_cell":"9739894544857563136","waymo_ro_miles":493245.2992648327,"incremental_miles":64419.784,"vintage_end":"202603","exposure_phase":"deployment"},"geometry":{"type":"Polygon","coordinates":[[[-112.0118669211109,33.45538012930904],[-112.0118669211109,33.4447185328747],[-111.99994345395754,33.44693462363497],[-111.99994345395756,33.45759657184514],[-112.0118669211109,33.45538012930904]]]}},{"type":"Feature","properties":{"state":"Arizona","county":"Maricopa","s2_cell":"9739894579217301504","waymo_ro_miles":575423.5197537395,"incremental_miles":68089.498,"vintage_end":"202603","exposure_phase":"deployment"},"geometry":{"type":"Polygon","coordinates":[[[-111.99994345395756,33.45759657184514],[-111.99994345395754,33.44693462363497],[-111.98801993900399,33.449149468965295],[-111.98801993900399,33.45981176868984],[-111.99994345395756,33.45759657184514]]]}},{"type":"Feature","properties":{"state":"Arizona","county":"Maricopa","s2_cell":"9739894613577039872","waymo_ro_miles":305665.2877781619,"incremental_miles":27020.852,"vintage_end":"202603","exposure_phase":"deployment"},"geometry":{"type":"Polygon","coordinates":[[[-111.99994345395754,33.44693462363497],[-111.99994345395756,33.4362715236876],[-111.98801993900399,33.43848601715874],[-111.98801993900399,33.449149468965295],[-111.99994345395754,33.44693462363497]]]}},{"type":"Feature","properties":{"state":"Arizona","county":"Maricopa","s2_cell":"9739894647936778240","waymo_ro_miles":754460.9344864393,"incremental_miles":87348.576,"vintage_end":"202603","exposure_phase":"deployment"},"geometry":{"type":"Polygon","coordinates":[[[-111.98801993900399,33.449149468965295],[-111.98801993900399,33.43848601715874],[-111.9760963777647,33.4406992652463],[-111.9760963777647,33.451363068650494],[-111.98801993900399,33.449149468965295]]]}},{"type":"Feature","properties":{"state":"Arizona","county":"Maricopa","s2_cell":"9739894682296516608","waymo_ro_miles":558145.3839054457,"incremental_miles":97770.255,"vintage_end":"202603","exposure_phase":"deployment"},"geometry":{"type":"Polygon","coordinates":[[[-111.98801993900399,33.45981176868984],[-111.98801993900399,33.449149468965295],[-111.9760963777647,33.451363068650494],[-111.9760963777647,33.46202571962802],[-111.98801993900399,33.45981176868984]]]}},{"type":"Feature","properties":{"state":"Arizona","county":"Maricopa","s2_cell":"9739894716656254976","waymo_ro_miles":104088.1602022522,"incremental_miles":15918.667,"vintage_end":"202603","exposure_phase":"deployment"},"geometry":{"type":"Polygon","coordinates":[[[-111.9760963777647,33.46202571962802],[-111.9760963777647,33.451363068650494],[-111.96417277175436,33.45357542247594],[-111.96417277175436,33.46423842444515],[-111.9760963777647,33.46202571962802]]]}},{"type":"Feature","properties":{"state":"Arizona","county":"Maricopa","s2_cell":"9739894751015993344","waymo_ro_miles":87526.54235013592,"incremental_miles":9391.241,"vintage_end":"202603","exposure_phase":"deployment"},"geometry":{"type":"Polygon","coordinates":[[[-111.96417277175436,33.46423842444515],[-111.96417277175436,33.45357542247594],[-111.9522491224878,33.4557865302276],[-111.9522491224878,33.46644988292723],[-111.96417277175436,33.46423842444515]]]}},{"type":"Feature","properties":{"state":"Arizona","county":"Maricopa","s2_cell":"9739894785375731712","waymo_ro_miles":542018.3246551815,"incremental_miles":80218.952,"vintage_end":"202603","exposure_phase":"deployment"},"geometry":{"type":"Polygon","coordinates":[[[-111.96417277175436,33.45357542247594],[-111.96417277175436,33.44291126773559],[-111.9522491224878,33.44512202441251],[-111.9522491224878,33.4557865302276],[-111.96417277175436,33.45357542247594]]]}},{"type":"Feature","properties":{"state":"Arizona","county":"Maricopa","s2_cell":"9739894819735470080","waymo_ro_miles":467298.47236384626,"incremental_miles":67900.223,"vintage_end":"202603","exposure_phase":"deployment"},"geometry":{"type":"Polygon","coordinates":[[[-111.9760963777647,33.451363068650494],[-111.9760963777647,33.4406992652463],[-111.96417277175436,33.44291126773559],[-111.96417277175436,33.45357542247594],[-111.9760963777647,33.451363068650494]]]}},{"type":"Feature","properties":{"state":"Arizona","county":"Maricopa","s2_cell":"9739894888454946816","waymo_ro_miles":362264.6548466198,"incremental_miles":62081.801,"vintage_end":"202603","exposure_phase":"deployment"},"geometry":{"type":"Polygon","coordinates":[[[-111.96417277175436,33.44291126773559],[-111.96417277175436,33.43224596108014],[-111.9522491224878,33.43445636633799],[-111.9522491224878,33.44512202441251],[-111.96417277175436,33.44291126773559]]]}},{"type":"Feature","properties":{"state":"Arizona","county":"Maricopa","s2_cell":"9739894922814685184","waymo_ro_miles":372007.8215065757,"incremental_miles":59285.803,"vintage_end":"202603","exposure_phase":"deployment"},"geometry":{"type":"Polygon","coordinates":[[[-111.96417277175436,33.43224596108014],[-111.96417277175436,33.42157950336627],[-111.9522491224878,33.423789556860704],[-111.9522491224878,33.43445636633799],[-111.96417277175436,33.43224596108014]]]}},{"type":"Feature","properties":{"state":"Arizona","county":"Maricopa","s2_cell":"9739894957174423552","waymo_ro_miles":250067.37615928942,"incremental_miles":43788.684,"vintage_end":"202603","exposure_phase":"deployment"},"geometry":{"type":"Polygon","coordinates":[[[-111.9760963777647,33.4300343102715],[-111.9760963777647,33.419368204582796],[-111.96417277175436,33.42157950336627],[-111.96417277175436,33.43224596108014],[-111.9760963777647,33.4300343102715]]]}},{"type":"Feature","properties":{"state":"Arizona","county":"Maricopa","s2_cell":"9739894991534161920","waymo_ro_miles":397123.0934398912,"incremental_miles":98830.259,"vintage_end":"202603","exposure_phase":"deployment"},"geometry":{"type":"Polygon","coordinates":[[[-111.98801993900399,33.42782141412624],[-111.98801993900399,33.417155660724546],[-111.9760963777647,33.419368204582796],[-111.9760963777647,33.4300343102715],[-111.98801993900399,33.42782141412624]]]}},{"type":"Feature","properties":{"state":"Arizona","county":"Maricopa","s2_cell":"9739895025893900288","waymo_ro_miles":425588.7918542734,"incremental_miles":93489.437,"vintage_end":"202603","exposure_phase":"deployment"},"geometry":{"type":"Polygon","coordinates":[[[-111.98801993900399,33.43848601715874],[-111.98801993900399,33.42782141412624],[-111.9760963777647,33.4300343102715],[-111.9760963777647,33.4406992652463],[-111.98801993900399,33.43848601715874]]]}},{"type":"Feature","properties":{"state":"Arizona","county":"Maricopa","s2_cell":"9739895060253638656","waymo_ro_miles":403502.3619226747,"incremental_miles":62957.297,"vintage_end":"202603","exposure_phase":"deployment"},"geometry":{"type":"Polygon","coordinates":[[[-111.99994345395756,33.4362715236876],[-111.99994345395756,33.425607272859146],[-111.98801993900399,33.42782141412624],[-111.98801993900399,33.43848601715874],[-111.99994345395756,33.4362715236876]]]}},{"type":"Feature","properties":{"state":"Arizona","county":"Maricopa","s2_cell":"9739895094613377024","waymo_ro_miles":118716.72718200771,"incremental_miles":27603.031,"vintage_end":"202603","exposure_phase":"deployment"},"geometry":{"type":"Polygon","coordinates":[[[-111.99994345395756,33.425607272859146],[-111.99994345395754,33.414941872006345],[-111.98801993900399,33.417155660724546],[-111.98801993900399,33.42782141412624],[-111.99994345395756,33.425607272859146]]]}},{"type":"Feature","properties":{"state":"Arizona","county":"Maricopa","s2_cell":"9739895128973115392","waymo_ro_miles":153213.79896527043,"incremental_miles":15719.803,"vintage_end":"202603","exposure_phase":"deployment"},"geometry":{"type":"Polygon","coordinates":[[[-111.99994345395754,33.414941872006345],[-111.99994345395756,33.40427532198662],[-111.98801993900399,33.40648875781104],[-111.98801993900399,33.417155660724546],[-111.99994345395754,33.414941872006345]]]}},{"type":"Feature","properties":{"state":"Arizona","county":"Maricopa","s2_cell":"9739895163332853760","waymo_ro_miles":76091.8416237546,"incremental_miles":11841.704,"vintage_end":"202603","exposure_phase":"deployment"},"geometry":{"type":"Polygon","coordinates":[[[-111.99994345395756,33.40427532198662],[-111.99994345395756,33.393607623658035],[-111.98801993900399,33.39582070624375],[-111.98801993900399,33.40648875781104],[-111.99994345395756,33.40427532198662]]]}},{"type":"Feature","properties":{"state":"Arizona","county":"Maricopa","s2_cell":"9739895197692592128","waymo_ro_miles":154100.29772722523,"incremental_miles":14626.003,"vintage_end":"202603","exposure_phase":"deployment"},"geometry":{"type":"Polygon","coordinates":[[[-111.98801993900399,33.40648875781104],[-111.98801993900399,33.39582070624375],[-111.9760963777647,33.39803254449382],[-111.9760963777647,33.40870094903757],[-111.98801993900399,33.40648875781104]]]}},{"type":"Feature","properties":{"state":"Arizona","county":"Maricopa","s2_cell":"9739895232052330496","waymo_ro_miles":54038.58562265631,"incremental_miles":8106.137,"vintage_end":"202603","exposure_phase":"deployment"},"geometry":{"type":"Polygon","coordinates":[[[-111.98801993900399,33.417155660724546],[-111.98801993900399,33.40648875781104],[-111.9760963777647,33.40870094903757],[-111.9760963777647,33.419368204582796],[-111.98801993900399,33.417155660724546]]]}},{"type":"Feature","properties":{"state":"Arizona","county":"Maricopa","s2_cell":"9739895266412068864","waymo_ro_miles":82741.38433249631,"incremental_miles":10139.504,"vintage_end":"202603","exposure_phase":"deployment"},"geometry":{"type":"Polygon","coordinates":[[[-111.9760963777647,33.419368204582796],[-111.9760963777647,33.40870094903757],[-111.96417277175436,33.410911895451314],[-111.96417277175436,33.42157950336627],[-111.9760963777647,33.419368204582796]]]}},{"type":"Feature","properties":{"state":"Arizona","county":"Maricopa","s2_cell":"9739895300771807232","waymo_ro_miles":453559.77421462577,"incremental_miles":71631.592,"vintage_end":"202603","exposure_phase":"deployment"},"geometry":{"type":"Polygon","coordinates":[[[-111.96417277175436,33.42157950336627],[-111.96417277175436,33.410911895451314],[-111.9522491224878,33.41312159683796],[-111.9522491224878,33.423789556860704],[-111.96417277175436,33.42157950336627]]]}},{"type":"Feature","properties":{"state":"Arizona","county":"Maricopa","s2_cell":"9739895335131545600","waymo_ro_miles":416561.70065290766,"incremental_miles":53621.544,"vintage_end":"202603","exposure_phase":"deployment"},"geometry":{"type":"Polygon","coordinates":[[[-111.96417277175436,33.410911895451314],[-111.96417277175436,33.40024313819328],[-111.9522491224878,33.40245248712773],[-111.9522491224878,33.41312159683796],[-111.96417277175436,33.410911895451314]]]}},{"type":"Feature","properties":{"state":"Arizona","county":"Maricopa","s2_cell":"9739895369491283968","waymo_ro_miles":143178.71508946212,"incremental_miles":11766.613,"vintage_end":"202603","exposure_phase":"deployment"},"geometry":{"type":"Polygon","coordinates":[[[-111.9760963777647,33.40870094903757],[-111.9760963777647,33.39803254449382],[-111.96417277175436,33.40024313819328],[-111.96417277175436,33.410911895451314],[-111.9760963777647,33.40870094903757]]]}},{"type":"Feature","properties":{"state":"Arizona","county":"Maricopa","s2_cell":"9739895403851022336","waymo_ro_miles":435780.3642277738,"incremental_miles":74458.686,"vintage_end":"202603","exposure_phase":"deployment"},"geometry":{"type":"Polygon","coordinates":[[[-111.9760963777647,33.39803254449382],[-111.9760963777647,33.38736299181024],[-111.96417277175436,33.38957323245082],[-111.96417277175436,33.40024313819328],[-111.9760963777647,33.39803254449382]]]}},{"type":"Feature","properties":{"state":"Arizona","county":"Maricopa","s2_cell":"9739895438210760704","waymo_ro_miles":458751.7626689192,"incremental_miles":80292.183,"vintage_end":"202603","exposure_phase":"deployment"},"geometry":{"type":"Polygon","coordinates":[[[-111.96417277175436,33.40024313819328],[-111.96417277175436,33.38957323245082],[-111.9522491224878,33.39178222858866],[-111.9522491224878,33.40245248712773],[-111.96417277175436,33.40024313819328]]]}},{"type":"Feature","properties":{"state":"Arizona","county":"Maricopa","s2_cell":"9739895472570499072","waymo_ro_miles":271140.6503093173,"incremental_miles":40544.622,"vintage_end":"202603","exposure_phase":"deployment"},"geometry":{"type":"Polygon","coordinates":[[[-111.96417277175436,33.38957323245082],[-111.96417277175436,33.37890217908323],[-111.9522491224878,33.38111082208001],[-111.9522491224878,33.39178222858866],[-111.96417277175436,33.38957323245082]]]}},{"type":"Feature","properties":{"state":"Arizona","county":"Maricopa","s2_cell":"9739895506930237440","waymo_ro_miles":33833.48857563667,"incremental_miles":5529.271,"vintage_end":"202603","exposure_phase":"deployment"},"geometry":{"type":"Polygon","coordinates":[[[-111.9760963777647,33.38736299181024],[-111.9760963777647,33.37669229184612],[-111.96417277175436,33.37890217908323],[-111.96417277175436,33.38957323245082],[-111.9760963777647,33.38736299181024]]]}},{"type":"Feature","properties":{"state":"Arizona","county":"Maricopa","s2_cell":"9739895541289975808","waymo_ro_miles":29701.78832687963,"incremental_miles":5183.581,"vintage_end":"202603","exposure_phase":"deployment"},"geometry":{"type":"Polygon","coordinates":[[[-111.98801993900399,33.38515150688138],[-111.98801993900399,33.37448116058326],[-111.9760963777647,33.37669229184612],[-111.9760963777647,33.38736299181024],[-111.98801993900399,33.38515150688138]]]}},{"type":"Feature","properties":{"state":"Arizona","county":"Maricopa","s2_cell":"9739895575649714176","waymo_ro_miles":236291.16650771833,"incremental_miles":38949.697,"vintage_end":"202603","exposure_phase":"deployment"},"geometry":{"type":"Polygon","coordinates":[[[-111.98801993900399,33.39582070624375],[-111.98801993900399,33.38515150688138],[-111.9760963777647,33.38736299181024],[-111.9760963777647,33.39803254449382],[-111.98801993900399,33.39582070624375]]]}},{"type":"Feature","properties":{"state":"Arizona","county":"Maricopa","s2_cell":"9739895610009452544","waymo_ro_miles":193641.12524366708,"incremental_miles":31663.405,"vintage_end":"202603","exposure_phase":"deployment"},"geometry":{"type":"Polygon","coordinates":[[[-111.99994345395756,33.393607623658035],[-111.99994345395756,33.38293877787928],[-111.98801993900399,33.38515150688138],[-111.98801993900399,33.39582070624375],[-111.99994345395756,33.393607623658035]]]}},{"type":"Feature","properties":{"state":"Arizona","county":"Maricopa","s2_cell":"9739895644369190912","waymo_ro_miles":8985.68913057239,"incremental_miles":1341.722,"vintage_end":"202603","exposure_phase":"deployment"},"geometry":{"type":"Polygon","coordinates":[[[-111.99994345395756,33.38293877787928],[-111.99994345395756,33.37226878550974],[-111.98801993900399,33.37448116058326],[-111.98801993900399,33.38515150688138],[-111.99994345395756,33.38293877787928]]]}},{"type":"Feature","properties":{"state":"Arizona","county":"Maricopa","s2_cell":"9739895747448406016","waymo_ro_miles":9419.870340771842,"incremental_miles":1172.454,"vintage_end":"202603","exposure_phase":"deployment"},"geometry":{"type":"Polygon","coordinates":[[[-112.02379033894974,33.38917772634247],[-112.02379033894974,33.37850958851848],[-112.0118669211109,33.38072480501958],[-112.0118669211109,33.39139329695223],[-112.02379033894974,33.38917772634247]]]}},{"type":"Feature","properties":{"state":"Arizona","county":"Maricopa","s2_cell":"9739895781808144384","waymo_ro_miles":69626.66509426529,"incremental_miles":11061.393,"vintage_end":"202603","exposure_phase":"deployment"},"geometry":{"type":"Polygon","coordinates":[[[-112.0118669211109,33.39139329695223],[-112.0118669211109,33.38072480501958],[-111.99994345395756,33.38293877787928],[-111.99994345395756,33.393607623658035],[-112.0118669211109,33.39139329695223]]]}},{"type":"Feature","properties":{"state":"Arizona","county":"Maricopa","s2_cell":"9739895816167882752","waymo_ro_miles":97660.22682262515,"incremental_miles":16000.482,"vintage_end":"202603","exposure_phase":"deployment"},"geometry":{"type":"Polygon","coordinates":[[[-112.0118669211109,33.40206064177982],[-112.0118669211109,33.39139329695223],[-111.99994345395756,33.393607623658035],[-111.99994345395756,33.40427532198662],[-112.0118669211109,33.40206064177982]]]}},{"type":"Feature","properties":{"state":"Arizona","county":"Maricopa","s2_cell":"9739895850527621120","waymo_ro_miles":132082.29622793253,"incremental_miles":13547.697,"vintage_end":"202603","exposure_phase":"deployment"},"geometry":{"type":"Polygon","coordinates":[[[-112.0118669211109,33.41272683864362],[-112.0118669211109,33.40206064177982],[-111.99994345395756,33.40427532198662],[-111.99994345395754,33.414941872006345],[-112.0118669211109,33.41272683864362]]]}},{"type":"Feature","properties":{"state":"Arizona","county":"Maricopa","s2_cell":"9739895884887359488","waymo_ro_miles":173902.13449388076,"incremental_miles":21073.43,"vintage_end":"202603","exposure_phase":"deployment"},"geometry":{"type":"Polygon","coordinates":[[[-112.02379033894974,33.410510560852344],[-112.02379033894974,33.39984471740667],[-112.0118669211109,33.40206064177982],[-112.0118669211109,33.41272683864362],[-112.02379033894974,33.410510560852344]]]}},{"type":"Feature","properties":{"state":"Arizona","county":"Maricopa","s2_cell":"9739895919247097856","waymo_ro_miles":183399.44027261206,"incremental_miles":29310.097,"vintage_end":"202603","exposure_phase":"deployment"},"geometry":{"type":"Polygon","coordinates":[[[-112.02379033894974,33.39984471740667],[-112.02379033894974,33.38917772634247],[-112.0118669211109,33.39139329695223],[-112.0118669211109,33.40206064177982],[-112.02379033894974,33.39984471740667]]]}},{"type":"Feature","properties":{"state":"Arizona","county":"Maricopa","s2_cell":"9739895953606836224","waymo_ro_miles":174226.09869748986,"incremental_miles":27327.651,"vintage_end":"202603","exposure_phase":"deployment"},"geometry":{"type":"Polygon","coordinates":[[[-112.03571370595999,33.39762754908383],[-112.03571370595999,33.386960912045474],[-112.02379033894974,33.38917772634247],[-112.02379033894974,33.39984471740667],[-112.03571370595999,33.39762754908383]]]}},{"type":"Feature","properties":{"state":"Arizona","county":"Maricopa","s2_cell":"9739895987966574592","waymo_ro_miles":209237.32122626944,"incremental_miles":25634.531,"vintage_end":"202603","exposure_phase":"deployment"},"geometry":{"type":"Polygon","coordinates":[[[-112.03571370595999,33.40829303884908],[-112.03571370595999,33.39762754908383],[-112.02379033894974,33.39984471740667],[-112.02379033894974,33.410510560852344],[-112.03571370595999,33.40829303884908]]]}},{"type":"Feature","properties":{"state":"Arizona","county":"Maricopa","s2_cell":"9739896022326312960","waymo_ro_miles":170717.30589714038,"incremental_miles":21778.553,"vintage_end":"202603","exposure_phase":"deployment"},"geometry":{"type":"Polygon","coordinates":[[[-112.04763702062775,33.40607427285097],[-112.04763702062775,33.3954091370285],[-112.03571370595999,33.39762754908383],[-112.03571370595999,33.40829303884908],[-112.04763702062775,33.40607427285097]]]}},{"type":"Feature","properties":{"state":"Arizona","county":"Maricopa","s2_cell":"9739896056686051328","waymo_ro_miles":145652.78767296128,"incremental_miles":23601.855,"vintage_end":"202603","exposure_phase":"deployment"},"geometry":{"type":"Polygon","coordinates":[[[-112.04763702062775,33.3954091370285],[-112.04763702062775,33.3847428542785],[-112.03571370595999,33.386960912045474],[-112.03571370595999,33.39762754908383],[-112.04763702062775,33.3954091370285]]]}},{"type":"Feature","properties":{"state":"Arizona","county":"Maricopa","s2_cell":"9739896091045789696","waymo_ro_miles":4448.893029846571,"incremental_miles":693.734,"vintage_end":"202603","exposure_phase":"deployment"},"geometry":{"type":"Polygon","coordinates":[[[-112.04763702062775,33.3847428542785],[-112.04763702062775,33.37407542545975],[-112.03571370595999,33.376293128592756],[-112.03571370595999,33.386960912045474],[-112.04763702062775,33.3847428542785]]]}},{"type":"Feature","properties":{"state":"Arizona","county":"Maricopa","s2_cell":"9739896125405528064","waymo_ro_miles":11632.965124510869,"incremental_miles":1625.831,"vintage_end":"202603","exposure_phase":"deployment"},"geometry":{"type":"Polygon","coordinates":[[[-112.03571370595999,33.386960912045474],[-112.03571370595999,33.376293128592756],[-112.02379033894974,33.37850958851848],[-112.02379033894974,33.38917772634247],[-112.03571370595999,33.386960912045474]]]}},{"type":"Feature","properties":{"state":"Arizona","county":"Maricopa","s2_cell":"9739896297204219904","waymo_ro_miles":801.5135064025029,"incremental_miles":93.463,"vintage_end":"202603","exposure_phase":"deployment"},"geometry":{"type":"Polygon","coordinates":[[[-112.07148348688116,33.380303009206685],[-112.07148348688116,33.36963629044424],[-112.05956028143932,33.37185647933742],[-112.05956028143932,33.382523553259425],[-112.07148348688116,33.380303009206685]]]}},{"type":"Feature","properties":{"state":"Arizona","county":"Maricopa","s2_cell":"9739896331563958272","waymo_ro_miles":3058.69429569725,"incremental_miles":465.269,"vintage_end":"202603","exposure_phase":"deployment"},"geometry":{"type":"Polygon","coordinates":[[[-112.05956028143932,33.382523553259425],[-112.05956028143932,33.37185647933742],[-112.04763702062775,33.37407542545975],[-112.04763702062775,33.3847428542785],[-112.05956028143932,33.382523553259425]]]}},{"type":"Feature","properties":{"state":"Arizona","county":"Maricopa","s2_cell":"9739896365923696640","waymo_ro_miles":73004.92472836874,"incremental_miles":13332.979,"vintage_end":"202603","exposure_phase":"deployment"},"geometry":{"type":"Polygon","coordinates":[[[-112.05956028143932,33.393189481458485],[-112.05956028143932,33.382523553259425],[-112.04763702062775,33.3847428542785],[-112.04763702062775,33.3954091370285],[-112.05956028143932,33.393189481458485]]]}},{"type":"Feature","properties":{"state":"Arizona","county":"Maricopa","s2_cell":"9739896400283435008","waymo_ro_miles":20290.523470262353,"incremental_miles":3094.935,"vintage_end":"202603","exposure_phase":"deployment"},"geometry":{"type":"Polygon","coordinates":[[[-112.05956028143932,33.403854263075765],[-112.05956028143932,33.393189481458485],[-112.04763702062775,33.3954091370285],[-112.04763702062775,33.40607427285097],[-112.05956028143932,33.403854263075765]]]}},{"type":"Feature","properties":{"state":"Arizona","county":"Maricopa","s2_cell":"9739896434643173376","waymo_ro_miles":69654.66441024905,"incremental_miles":12603.276,"vintage_end":"202603","exposure_phase":"deployment"},"geometry":{"type":"Polygon","coordinates":[[[-112.07148348688116,33.40163300974172],[-112.07148348688116,33.39096858259213],[-112.05956028143932,33.393189481458485],[-112.05956028143932,33.403854263075765],[-112.07148348688116,33.40163300974172]]]}},{"type":"Feature","properties":{"state":"Arizona","county":"Maricopa","s2_cell":"9739896469002911744","waymo_ro_miles":38395.29053588707,"incremental_miles":7892.001,"vintage_end":"202603","exposure_phase":"deployment"},"geometry":{"type":"Polygon","coordinates":[[[-112.07148348688116,33.39096858259213],[-112.07148348688116,33.380303009206685],[-112.05956028143932,33.382523553259425],[-112.05956028143932,33.393189481458485],[-112.07148348688116,33.39096858259213]]]}},{"type":"Feature","properties":{"state":"Arizona","county":"Maricopa","s2_cell":"9739896503362650112","waymo_ro_miles":23985.16638065529,"incremental_miles":4964.016,"vintage_end":"202603","exposure_phase":"deployment"},"geometry":{"type":"Polygon","coordinates":[[[-112.08340663543997,33.38874644064839],[-112.08340663543997,33.3780812223393],[-112.07148348688116,33.380303009206685],[-112.07148348688116,33.39096858259213],[-112.08340663543997,33.38874644064839]]]}},{"type":"Feature","properties":{"state":"Arizona","county":"Maricopa","s2_cell":"9739896537722388480","waymo_ro_miles":52423.97161802396,"incremental_miles":8021.184,"vintage_end":"202603","exposure_phase":"deployment"},"geometry":{"type":"Polygon","coordinates":[[[-112.08340663543997,33.399410513067735],[-112.08340663543997,33.38874644064839],[-112.07148348688116,33.39096858259213],[-112.07148348688116,33.40163300974172],[-112.08340663543997,33.399410513067735]]]}},{"type":"Feature","properties":{"state":"Arizona","county":"Maricopa","s2_cell":"9739896572082126848","waymo_ro_miles":23258.771602380766,"incremental_miles":3470.463,"vintage_end":"202603","exposure_phase":"deployment"},"geometry":{"type":"Polygon","coordinates":[[[-112.09532972560264,33.39718677327324],[-112.09532972560264,33.38652305584679],[-112.08340663543997,33.38874644064839],[-112.08340663543997,33.399410513067735],[-112.09532972560264,33.39718677327324]]]}},{"type":"Feature","properties":{"state":"Arizona","county":"Maricopa","s2_cell":"9739896606441865216","waymo_ro_miles":14124.228880009474,"incremental_miles":2796.052,"vintage_end":"202603","exposure_phase":"deployment"},"geometry":{"type":"Polygon","coordinates":[[[-112.09532972560264,33.38652305584679],[-112.09532972560264,33.37585819287685],[-112.08340663543997,33.3780812223393],[-112.08340663543997,33.38874644064839],[-112.09532972560264,33.38652305584679]]]}},{"type":"Feature","properties":{"state":"Arizona","county":"Maricopa","s2_cell":"9739896640801603584","waymo_ro_miles":0.7707221188436991,"incremental_miles":0.771,"vintage_end":"202603","exposure_phase":"deployment"},"geometry":{"type":"Polygon","coordinates":[[[-112.09532972560264,33.37585819287685],[-112.09532972560264,33.36519218522231],[-112.08340663543997,33.36741485899932],[-112.08340663543997,33.3780812223393],[-112.09532972560264,33.37585819287685]]]}},{"type":"Feature","properties":{"state":"Arizona","county":"Maricopa","s2_cell":"9739896675161341952","waymo_ro_miles":187.62087201760858,"incremental_miles":51.873,"vintage_end":"202603","exposure_phase":"deployment"},"geometry":{"type":"Polygon","coordinates":[[[-112.08340663543997,33.3780812223393],[-112.08340663543997,33.36741485899932],[-112.07148348688116,33.36963629044424],[-112.07148348688116,33.380303009206685],[-112.08340663543997,33.3780812223393]]]}},{"type":"Feature","properties":{"state":"Arizona","county":"Maricopa","s2_cell":"9739897190557417472","waymo_ro_miles":98.73317863405575,"incremental_miles":18.904,"vintage_end":"202603","exposure_phase":"deployment"},"geometry":{"type":"Polygon","coordinates":[[[-112.11917572468799,33.392735565203445],[-112.11917572468799,33.38207255855094],[-112.10725275585622,33.38429842840742],[-112.10725275585622,33.39496179057828],[-112.11917572468799,33.392735565203445]]]}},{"type":"Feature","properties":{"state":"Arizona","county":"Maricopa","s2_cell":"9739897259276894208","waymo_ro_miles":3413.5426919649854,"incremental_miles":452.401,"vintage_end":"202603","exposure_phase":"deployment"},"geometry":{"type":"Polygon","coordinates":[[[-112.10725275585622,33.38429842840742],[-112.10725275585622,33.3736339210395],[-112.09532972560264,33.37585819287685],[-112.09532972560264,33.38652305584679],[-112.10725275585622,33.38429842840742]]]}},{"type":"Feature","properties":{"state":"Arizona","county":"Maricopa","s2_cell":"9739897293636632576","waymo_ro_miles":5866.077370084705,"incremental_miles":980.606,"vintage_end":"202603","exposure_phase":"deployment"},"geometry":{"type":"Polygon","coordinates":[[[-112.10725275585622,33.39496179057828],[-112.10725275585622,33.38429842840742],[-112.09532972560264,33.38652305584679],[-112.09532972560264,33.39718677327324],[-112.10725275585622,33.39496179057828]]]}},{"type":"Feature","properties":{"state":"Arizona","county":"Maricopa","s2_cell":"9739897327996370944","waymo_ro_miles":7882.200027035806,"incremental_miles":1492.556,"vintage_end":"202603","exposure_phase":"deployment"},"geometry":{"type":"Polygon","coordinates":[[[-112.10725275585621,33.405624006693856],[-112.10725275585622,33.39496179057828],[-112.09532972560264,33.39718677327324],[-112.09532972560264,33.40784934429799],[-112.10725275585621,33.405624006693856]]]}},{"type":"Feature","properties":{"state":"Arizona","county":"Maricopa","s2_cell":"9739897431075586048","waymo_ro_miles":138.5495290971017,"incremental_miles":23.288,"vintage_end":"202603","exposure_phase":"deployment"},"geometry":{"type":"Polygon","coordinates":[[[-112.11917572468799,33.40339742614724],[-112.11917572468799,33.392735565203445],[-112.10725275585622,33.39496179057828],[-112.10725275585621,33.405624006693856],[-112.11917572468799,33.40339742614724]]]}},{"type":"Feature","properties":{"state":"Arizona","county":"Maricopa","s2_cell":"9739897740313231360","waymo_ro_miles":3074.0024889320634,"incremental_miles":705.571,"vintage_end":"202603","exposure_phase":"deployment"},"geometry":{"type":"Polygon","coordinates":[[[-112.11917572468799,33.4353761261533],[-112.11917572468799,33.42471770747881],[-112.10725275585621,33.42694499732932],[-112.10725275585622,33.437603770135965],[-112.11917572468799,33.4353761261533]]]}},{"type":"Feature","properties":{"state":"Arizona","county":"Maricopa","s2_cell":"9739897809032708096","waymo_ro_miles":385.74097567655696,"incremental_miles":45.564,"vintage_end":"202603","exposure_phase":"deployment"},"geometry":{"type":"Polygon","coordinates":[[[-112.10725275585621,33.42694499732932],[-112.10725275585622,33.41628507589651],[-112.09532972560264,33.418510768063435],[-112.09532972560264,33.42917104371265],[-112.10725275585621,33.42694499732932]]]}},{"type":"Feature","properties":{"state":"Arizona","county":"Maricopa","s2_cell":"9739897843392446464","waymo_ro_miles":23910.557127073436,"incremental_miles":3555.881,"vintage_end":"202603","exposure_phase":"deployment"},"geometry":{"type":"Polygon","coordinates":[[[-112.10725275585622,33.437603770135965],[-112.10725275585621,33.42694499732932],[-112.09532972560264,33.42917104371265],[-112.09532972560264,33.43983017038935],[-112.10725275585622,33.437603770135965]]]}},{"type":"Feature","properties":{"state":"Arizona","county":"Maricopa","s2_cell":"9739897877752184832","waymo_ro_miles":23498.993236649058,"incremental_miles":3522.172,"vintage_end":"202603","exposure_phase":"deployment"},"geometry":{"type":"Polygon","coordinates":[[[-112.09532972560264,33.43983017038935],[-112.09532972560264,33.42917104371265],[-112.08340663543997,33.43139584640841],[-112.08340663543997,33.442055326693136],[-112.09532972560264,33.43983017038935]]]}},{"type":"Feature","properties":{"state":"Arizona","county":"Maricopa","s2_cell":"9739897912111923200","waymo_ro_miles":309793.1815927011,"incremental_miles":44938.17,"vintage_end":"202603","exposure_phase":"deployment"},"geometry":{"type":"Polygon","coordinates":[[[-112.08340663543997,33.442055326693136],[-112.08340663543997,33.43139584640841],[-112.07148348688116,33.433619405196765],[-112.07148348688116,33.44427923882758],[-112.08340663543997,33.442055326693136]]]}},{"type":"Feature","properties":{"state":"Arizona","county":"Maricopa","s2_cell":"9739897946471661568","waymo_ro_miles":86564.76116881688,"incremental_miles":12734.48,"vintage_end":"202603","exposure_phase":"deployment"},"geometry":{"type":"Polygon","coordinates":[[[-112.08340663543997,33.43139584640841],[-112.08340663543997,33.42073521680497],[-112.07148348688116,33.42295842190126],[-112.07148348688116,33.433619405196765],[-112.08340663543997,33.43139584640841]]]}},{"type":"Feature","properties":{"state":"Arizona","county":"Maricopa","s2_cell":"9739897980831399936","waymo_ro_miles":28655.166931170632,"incremental_miles":3908.927,"vintage_end":"202603","exposure_phase":"deployment"},"geometry":{"type":"Polygon","coordinates":[[[-112.09532972560264,33.42917104371265],[-112.09532972560264,33.418510768063435],[-112.08340663543997,33.42073521680497],[-112.08340663543997,33.43139584640841],[-112.09532972560264,33.42917104371265]]]}},{"type":"Feature","properties":{"state":"Arizona","county":"Maricopa","s2_cell":"9739898049550876672","waymo_ro_miles":18263.743637058233,"incremental_miles":3922.404,"vintage_end":"202603","exposure_phase":"deployment"},"geometry":{"type":"Polygon","coordinates":[[[-112.09532972560264,33.40784934429799],[-112.09532972560264,33.39718677327324],[-112.08340663543997,33.399410513067735],[-112.08340663543997,33.41007343873912],[-112.09532972560264,33.40784934429799]]]}},{"type":"Feature","properties":{"state":"Arizona","county":"Maricopa","s2_cell":"9739898083910615040","waymo_ro_miles":57597.11019278799,"incremental_miles":10437.918,"vintage_end":"202603","exposure_phase":"deployment"},"geometry":{"type":"Polygon","coordinates":[[[-112.08340663543997,33.41007343873912],[-112.08340663543997,33.399410513067735],[-112.07148348688116,33.40163300974172],[-112.07148348688116,33.41229628979728],[-112.08340663543997,33.41007343873912]]]}},{"type":"Feature","properties":{"state":"Arizona","county":"Maricopa","s2_cell":"9739898118270353408","waymo_ro_miles":53106.4633436383,"incremental_miles":8507.527,"vintage_end":"202603","exposure_phase":"deployment"},"geometry":{"type":"Polygon","coordinates":[[[-112.08340663543997,33.42073521680497],[-112.08340663543997,33.41007343873912],[-112.07148348688116,33.41229628979728],[-112.07148348688116,33.42295842190126],[-112.08340663543997,33.42073521680497]]]}},{"type":"Feature","properties":{"state":"Arizona","county":"Maricopa","s2_cell":"9739898152630091776","waymo_ro_miles":90726.69930028905,"incremental_miles":17273.6,"vintage_end":"202603","exposure_phase":"deployment"},"geometry":{"type":"Polygon","coordinates":[[[-112.07148348688116,33.42295842190126],[-112.07148348688116,33.41229628979728],[-112.05956028143932,33.41451789725309],[-112.05956028143932,33.42518038313297],[-112.07148348688116,33.42295842190126]]]}},{"type":"Feature","properties":{"state":"Arizona","county":"Maricopa","s2_cell":"9739898186989830144","waymo_ro_miles":110047.26704081663,"incremental_miles":21690.296,"vintage_end":"202603","exposure_phase":"deployment"},"geometry":{"type":"Polygon","coordinates":[[[-112.07148348688116,33.41229628979728],[-112.07148348688116,33.40163300974172],[-112.05956028143932,33.403854263075765],[-112.05956028143932,33.41451789725309],[-112.07148348688116,33.41229628979728]]]}},{"type":"Feature","properties":{"state":"Arizona","county":"Maricopa","s2_cell":"9739898221349568512","waymo_ro_miles":58497.76590503118,"incremental_miles":10881.252,"vintage_end":"202603","exposure_phase":"deployment"},"geometry":{"type":"Polygon","coordinates":[[[-112.05956028143932,33.41451789725309],[-112.05956028143932,33.403854263075765],[-112.04763702062775,33.40607427285097],[-112.04763702062775,33.41673826088777],[-112.05956028143932,33.41451789725309]]]}},{"type":"Feature","properties":{"state":"Arizona","county":"Maricopa","s2_cell":"9739898255709306880","waymo_ro_miles":106305.62938728767,"incremental_miles":11854.967,"vintage_end":"202603","exposure_phase":"deployment"},"geometry":{"type":"Polygon","coordinates":[[[-112.05956028143932,33.42518038313297],[-112.05956028143932,33.41451789725309],[-112.04763702062775,33.41673826088777],[-112.04763702062775,33.42740110028139],[-112.05956028143932,33.42518038313297]]]}},{"type":"Feature","properties":{"state":"Arizona","county":"Maricopa","s2_cell":"9739898290069045248","waymo_ro_miles":478199.15592011466,"incremental_miles":57677.55,"vintage_end":"202603","exposure_phase":"deployment"},"geometry":{"type":"Polygon","coordinates":[[[-112.05956028143932,33.435841719858516],[-112.05956028143932,33.42518038313297],[-112.04763702062775,33.42740110028139],[-112.04763702062775,33.438062790174975],[-112.05956028143932,33.435841719858516]]]}},{"type":"Feature","properties":{"state":"Arizona","county":"Maricopa","s2_cell":"9739898324428783616","waymo_ro_miles":143729.19902125708,"incremental_miles":22709.035,"vintage_end":"202603","exposure_phase":"deployment"},"geometry":{"type":"Polygon","coordinates":[[[-112.07148348688116,33.433619405196765],[-112.07148348688116,33.42295842190126],[-112.05956028143932,33.42518038313297],[-112.05956028143932,33.435841719858516],[-112.07148348688116,33.433619405196765]]]}},{"type":"Feature","properties":{"state":"Arizona","county":"Maricopa","s2_cell":"9739898358788521984","waymo_ro_miles":932864.1081845475,"incremental_miles":135777.748,"vintage_end":"202603","exposure_phase":"deployment"},"geometry":{"type":"Polygon","coordinates":[[[-112.07148348688116,33.44427923882758],[-112.07148348688116,33.433619405196765],[-112.05956028143932,33.435841719858516],[-112.05956028143932,33.44650190657351],[-112.07148348688116,33.44427923882758]]]}},{"type":"Feature","properties":{"state":"Arizona","county":"Maricopa","s2_cell":"9739898393148260352","waymo_ro_miles":586875.1400714852,"incremental_miles":72750.233,"vintage_end":"202603","exposure_phase":"deployment"},"geometry":{"type":"Polygon","coordinates":[[[-112.05956028143932,33.44650190657351],[-112.05956028143932,33.435841719858516],[-112.04763702062775,33.438062790174975],[-112.04763702062775,33.44872332971235],[-112.05956028143932,33.44650190657351]]]}},{"type":"Feature","properties":{"state":"Arizona","county":"Maricopa","s2_cell":"9739898427507998720","waymo_ro_miles":679295.7065141321,"incremental_miles":87866.87,"vintage_end":"202603","exposure_phase":"deployment"},"geometry":{"type":"Polygon","coordinates":[[[-112.05956028143932,33.45716094242241],[-112.05956028143932,33.44650190657351],[-112.04763702062775,33.44872332971235],[-112.04763702062775,33.45938271803798],[-112.05956028143932,33.45716094242241]]]}},{"type":"Feature","properties":{"state":"Arizona","county":"Maricopa","s2_cell":"9739898461867737088","waymo_ro_miles":509893.02491551876,"incremental_miles":68911.475,"vintage_end":"202603","exposure_phase":"deployment"},"geometry":{"type":"Polygon","coordinates":[[[-112.05956028143932,33.4678188265503],[-112.05956028143932,33.45716094242241],[-112.04763702062775,33.45938271803798],[-112.04763702062775,33.47004095429698],[-112.05956028143932,33.4678188265503]]]}},{"type":"Feature","properties":{"state":"Arizona","county":"Maricopa","s2_cell":"9739898496227475456","waymo_ro_miles":613572.1923536009,"incremental_miles":86644.051,"vintage_end":"202603","exposure_phase":"deployment"},"geometry":{"type":"Polygon","coordinates":[[[-112.07148348688116,33.465595453673416],[-112.07148348688116,33.454937921938104],[-112.05956028143932,33.45716094242241],[-112.05956028143932,33.4678188265503],[-112.07148348688116,33.465595453673416]]]}},{"type":"Feature","properties":{"state":"Arizona","county":"Maricopa","s2_cell":"9739898530587213824","waymo_ro_miles":815215.2239992729,"incremental_miles":106389.452,"vintage_end":"202603","exposure_phase":"deployment"},"geometry":{"type":"Polygon","coordinates":[[[-112.07148348688116,33.454937921938104],[-112.07148348688116,33.44427923882758],[-112.05956028143932,33.44650190657351],[-112.05956028143932,33.45716094242241],[-112.07148348688116,33.454937921938104]]]}},{"type":"Feature","properties":{"state":"Arizona","county":"Maricopa","s2_cell":"9739898564946952192","waymo_ro_miles":605088.6081496871,"incremental_miles":92049.495,"vintage_end":"202603","exposure_phase":"deployment"},"geometry":{"type":"Polygon","coordinates":[[[-112.08340663543997,33.452713656803574],[-112.08340663543997,33.442055326693136],[-112.07148348688116,33.44427923882758],[-112.07148348688116,33.454937921938104],[-112.08340663543997,33.452713656803574]]]}},{"type":"Feature","properties":{"state":"Arizona","county":"Maricopa","s2_cell":"9739898599306690560","waymo_ro_miles":78767.927480718,"incremental_miles":12181.162,"vintage_end":"202603","exposure_phase":"deployment"},"geometry":{"type":"Polygon","coordinates":[[[-112.09532972560264,33.45048814723792],[-112.09532972560264,33.43983017038935],[-112.08340663543997,33.442055326693136],[-112.08340663543997,33.452713656803574],[-112.09532972560264,33.45048814723792]]]}},{"type":"Feature","properties":{"state":"Arizona","county":"Maricopa","s2_cell":"9739898633666428928","waymo_ro_miles":155029.43116913555,"incremental_miles":23446.031,"vintage_end":"202603","exposure_phase":"deployment"},"geometry":{"type":"Polygon","coordinates":[[[-112.09532972560264,33.46114497340337],[-112.09532972560264,33.45048814723792],[-112.08340663543997,33.452713656803574],[-112.08340663543997,33.46337083588477],[-112.09532972560264,33.46114497340337]]]}},{"type":"Feature","properties":{"state":"Arizona","county":"Maricopa","s2_cell":"9739898668026167296","waymo_ro_miles":578842.7496199827,"incremental_miles":90027.758,"vintage_end":"202603","exposure_phase":"deployment"},"geometry":{"type":"Polygon","coordinates":[[[-112.08340663543997,33.46337083588477],[-112.08340663543997,33.452713656803574],[-112.07148348688116,33.454937921938104],[-112.07148348688116,33.465595453673416],[-112.08340663543997,33.46337083588477]]]}},{"type":"Feature","properties":{"state":"Arizona","county":"Maricopa","s2_cell":"9739898702385905664","waymo_ro_miles":440717.23344501737,"incremental_miles":62013.891,"vintage_end":"202603","exposure_phase":"deployment"},"geometry":{"type":"Polygon","coordinates":[[[-112.08340663543997,33.47402686308241],[-112.08340663543997,33.46337083588477],[-112.07148348688116,33.465595453673416],[-112.07148348688116,33.476251833179234],[-112.08340663543997,33.47402686308241]]]}},{"type":"Feature","properties":{"state":"Arizona","county":"Maricopa","s2_cell":"9739898736745644032","waymo_ro_miles":105610.91832762427,"incremental_miles":13436.814,"vintage_end":"202603","exposure_phase":"deployment"},"geometry":{"type":"Polygon","coordinates":[[[-112.09532972560264,33.47180064803138],[-112.09532972560264,33.46114497340337],[-112.08340663543997,33.46337083588477],[-112.08340663543997,33.47402686308241],[-112.09532972560264,33.47180064803138]]]}},{"type":"Feature","properties":{"state":"Arizona","county":"Maricopa","s2_cell":"9739898771105382400","waymo_ro_miles":87726.53019207438,"incremental_miles":11612.146,"vintage_end":"202603","exposure_phase":"deployment"},"geometry":{"type":"Polygon","coordinates":[[[-112.09532972560264,33.482455170268295],[-112.09532972560264,33.47180064803138],[-112.08340663543997,33.47402686308241],[-112.08340663543997,33.48468173754284],[-112.09532972560264,33.482455170268295]]]}},{"type":"Feature","properties":{"state":"Arizona","county":"Maricopa","s2_cell":"9739898805465120768","waymo_ro_miles":370970.63706002774,"incremental_miles":53742.021,"vintage_end":"202603","exposure_phase":"deployment"},"geometry":{"type":"Polygon","coordinates":[[[-112.08340663543997,33.48468173754284],[-112.08340663543997,33.47402686308241],[-112.07148348688116,33.476251833179234],[-112.07148348688116,33.486907059601926],[-112.08340663543997,33.48468173754284]]]}},{"type":"Feature","properties":{"state":"Arizona","county":"Maricopa","s2_cell":"9739898839824859136","waymo_ro_miles":379724.56514123414,"incremental_miles":53693.018,"vintage_end":"202603","exposure_phase":"deployment"},"geometry":{"type":"Polygon","coordinates":[[[-112.07148348688116,33.486907059601926],[-112.07148348688116,33.476251833179234],[-112.05956028143932,33.47847555810293],[-112.05956028143932,33.48913113622667],[-112.07148348688116,33.486907059601926]]]}},{"type":"Feature","properties":{"state":"Arizona","county":"Maricopa","s2_cell":"9739898874184597504","waymo_ro_miles":247073.1822634779,"incremental_miles":33418.806,"vintage_end":"202603","exposure_phase":"deployment"},"geometry":{"type":"Polygon","coordinates":[[[-112.07148348688116,33.476251833179234],[-112.07148348688116,33.465595453673416],[-112.05956028143932,33.4678188265503],[-112.05956028143932,33.47847555810293],[-112.07148348688116,33.476251833179234]]]}},{"type":"Feature","properties":{"state":"Arizona","county":"Maricopa","s2_cell":"9739898908544335872","waymo_ro_miles":224760.0030193921,"incremental_miles":29351.7,"vintage_end":"202603","exposure_phase":"deployment"},"geometry":{"type":"Polygon","coordinates":[[[-112.05956028143932,33.47847555810293],[-112.05956028143932,33.4678188265503],[-112.04763702062775,33.47004095429698],[-112.04763702062775,33.48069803763509],[-112.05956028143932,33.47847555810293]]]}},{"type":"Feature","properties":{"state":"Arizona","county":"Maricopa","s2_cell":"9739898942904074240","waymo_ro_miles":310065.00577715726,"incremental_miles":46633.268,"vintage_end":"202603","exposure_phase":"deployment"},"geometry":{"type":"Polygon","coordinates":[[[-112.05956028143932,33.48913113622667],[-112.05956028143932,33.47847555810293],[-112.04763702062775,33.48069803763509],[-112.04763702062775,33.49135396719877],[-112.05956028143932,33.48913113622667]]]}},{"type":"Feature","properties":{"state":"Arizona","county":"Maricopa","s2_cell":"9739898977263812608","waymo_ro_miles":188997.28664733755,"incremental_miles":23767.046,"vintage_end":"202603","exposure_phase":"deployment"},"geometry":{"type":"Polygon","coordinates":[[[-112.05956028143932,33.49978556006861],[-112.05956028143932,33.48913113622667],[-112.04763702062775,33.49135396719877],[-112.04763702062775,33.50200874213507],[-112.05956028143932,33.49978556006861]]]}},{"type":"Feature","properties":{"state":"Arizona","county":"Maricopa","s2_cell":"9739899011623550976","waymo_ro_miles":268593.994670681,"incremental_miles":34697.273,"vintage_end":"202603","exposure_phase":"deployment"},"geometry":{"type":"Polygon","coordinates":[[[-112.07148348688116,33.49756113208854],[-112.07148348688116,33.486907059601926],[-112.05956028143932,33.48913113622667],[-112.05956028143932,33.49978556006861],[-112.07148348688116,33.49756113208854]]]}},{"type":"Feature","properties":{"state":"Arizona","county":"Maricopa","s2_cell":"9739899045983289344","waymo_ro_miles":162868.09792224347,"incremental_miles":22508.808,"vintage_end":"202603","exposure_phase":"deployment"},"geometry":{"type":"Polygon","coordinates":[[[-112.07148348688116,33.50821404978674],[-112.07148348688116,33.49756113208854],[-112.05956028143932,33.49978556006861],[-112.05956028143932,33.51043882877643],[-112.07148348688116,33.50821404978674]]]}},{"type":"Feature","properties":{"state":"Arizona","county":"Maricopa","s2_cell":"9739899080343027712","waymo_ro_miles":160184.097406816,"incremental_miles":22762.191,"vintage_end":"202603","exposure_phase":"deployment"},"geometry":{"type":"Polygon","coordinates":[[[-112.05956028143932,33.51043882877643],[-112.05956028143932,33.49978556006861],[-112.04763702062775,33.50200874213507],[-112.04763702062775,33.51266236159172],[-112.05956028143932,33.51043882877643]]]}},{"type":"Feature","properties":{"state":"Arizona","county":"Maricopa","s2_cell":"9739899114702766080","waymo_ro_miles":104053.7971924415,"incremental_miles":13879.48,"vintage_end":"202603","exposure_phase":"deployment"},"geometry":{"type":"Polygon","coordinates":[[[-112.05956028143932,33.52109094149849],[-112.05956028143932,33.51043882877643],[-112.04763702062775,33.51266236159172],[-112.04763702062775,33.523314824717104],[-112.05956028143932,33.52109094149849]]]}},{"type":"Feature","properties":{"state":"Arizona","county":"Maricopa","s2_cell":"9739899149062504448","waymo_ro_miles":65507.48147671659,"incremental_miles":7993.901,"vintage_end":"202603","exposure_phase":"deployment"},"geometry":{"type":"Polygon","coordinates":[[[-112.05956028143932,33.53174189738382],[-112.05956028143932,33.52109094149849],[-112.04763702062775,33.523314824717104],[-112.04763702062775,33.533966130660254],[-112.05956028143932,33.53174189738382]]]}},{"type":"Feature","properties":{"state":"Arizona","county":"Maricopa","s2_cell":"9739899183422242816","waymo_ro_miles":91016.35446525918,"incremental_miles":12287.126,"vintage_end":"202603","exposure_phase":"deployment"},"geometry":{"type":"Polygon","coordinates":[[[-112.07148348688116,33.5295164174119],[-112.07148348688116,33.51886581184486],[-112.05956028143932,33.52109094149849],[-112.05956028143932,33.53174189738382],[-112.07148348688116,33.5295164174119]]]}},{"type":"Feature","properties":{"state":"Arizona","county":"Maricopa","s2_cell":"9739899217781981184","waymo_ro_miles":182314.23535142865,"incremental_miles":26169.696,"vintage_end":"202603","exposure_phase":"deployment"},"geometry":{"type":"Polygon","coordinates":[[[-112.07148348688116,33.51886581184486],[-112.07148348688116,33.50821404978674],[-112.05956028143932,33.51043882877643],[-112.05956028143932,33.52109094149849],[-112.07148348688116,33.51886581184486]]]}},{"type":"Feature","properties":{"state":"Arizona","county":"Maricopa","s2_cell":"9739899252141719552","waymo_ro_miles":246564.69005276696,"incremental_miles":36193.301,"vintage_end":"202603","exposure_phase":"deployment"},"geometry":{"type":"Polygon","coordinates":[[[-112.08340663543997,33.516639435974284],[-112.08340663543997,33.505988024840796],[-112.07148348688116,33.50821404978674],[-112.07148348688116,33.51886581184486],[-112.08340663543997,33.516639435974284]]]}},{"type":"Feature","properties":{"state":"Arizona","county":"Maricopa","s2_cell":"9739899286501457920","waymo_ro_miles":95315.59116663516,"incremental_miles":13471.825,"vintage_end":"202603","exposure_phase":"deployment"},"geometry":{"type":"Polygon","coordinates":[[[-112.08340663543997,33.52728969096251],[-112.08340663543997,33.516639435974284],[-112.07148348688116,33.51886581184486],[-112.07148348688116,33.5295164174119],[-112.08340663543997,33.52728969096251]]]}},{"type":"Feature","properties":{"state":"Arizona","county":"Maricopa","s2_cell":"9739899320861196288","waymo_ro_miles":76305.27170897402,"incremental_miles":9665.91,"vintage_end":"202603","exposure_phase":"deployment"},"geometry":{"type":"Polygon","coordinates":[[[-112.09532972560264,33.52506171825426],[-112.09532972560264,33.514411814105436],[-112.08340663543997,33.516639435974284],[-112.08340663543997,33.52728969096251],[-112.09532972560264,33.52506171825426]]]}},{"type":"Feature","properties":{"state":"Arizona","county":"Maricopa","s2_cell":"9739899355220934656","waymo_ro_miles":92740.34687301611,"incremental_miles":12301.071,"vintage_end":"202603","exposure_phase":"deployment"},"geometry":{"type":"Polygon","coordinates":[[[-112.09532972560264,33.514411814105436],[-112.09532972560264,33.50376075415736],[-112.08340663543997,33.505988024840796],[-112.08340663543997,33.516639435974284],[-112.09532972560264,33.514411814105436]]]}},{"type":"Feature","properties":{"state":"Arizona","county":"Maricopa","s2_cell":"9739899389580673024","waymo_ro_miles":136954.63022282568,"incremental_miles":18254.839,"vintage_end":"202603","exposure_phase":"deployment"},"geometry":{"type":"Polygon","coordinates":[[[-112.09532972560264,33.50376075415736],[-112.09532972560264,33.49310853926107],[-112.08340663543997,33.49533545841309],[-112.08340663543997,33.505988024840796],[-112.09532972560264,33.50376075415736]]]}},{"type":"Feature","properties":{"state":"Arizona","county":"Maricopa","s2_cell":"9739899423940411392","waymo_ro_miles":203134.36896788864,"incremental_miles":28805.958,"vintage_end":"202603","exposure_phase":"deployment"},"geometry":{"type":"Polygon","coordinates":[[[-112.08340663543997,33.505988024840796],[-112.08340663543997,33.49533545841309],[-112.07148348688116,33.49756113208854],[-112.07148348688116,33.50821404978674],[-112.08340663543997,33.505988024840796]]]}},{"type":"Feature","properties":{"state":"Arizona","county":"Maricopa","s2_cell":"9739899458300149760","waymo_ro_miles":395546.98640591954,"incremental_miles":56009.371,"vintage_end":"202603","exposure_phase":"deployment"},"geometry":{"type":"Polygon","coordinates":[[[-112.08340663543997,33.49533545841309],[-112.08340663543997,33.48468173754284],[-112.07148348688116,33.486907059601926],[-112.07148348688116,33.49756113208854],[-112.08340663543997,33.49533545841309]]]}},{"type":"Feature","properties":{"state":"Arizona","county":"Maricopa","s2_cell":"9739899492659888128","waymo_ro_miles":138012.89902502255,"incremental_miles":19082.837,"vintage_end":"202603","exposure_phase":"deployment"},"geometry":{"type":"Polygon","coordinates":[[[-112.09532972560264,33.49310853926107],[-112.09532972560264,33.482455170268295],[-112.08340663543997,33.48468173754284],[-112.08340663543997,33.49533545841309],[-112.09532972560264,33.49310853926107]]]}},{"type":"Feature","properties":{"state":"Arizona","county":"Maricopa","s2_cell":"9739899527019626496","waymo_ro_miles":71116.48838688376,"incremental_miles":10930.478,"vintage_end":"202603","exposure_phase":"deployment"},"geometry":{"type":"Polygon","coordinates":[[[-112.10725275585622,33.490880374851876],[-112.10725275585622,33.480227357997734],[-112.09532972560264,33.482455170268295],[-112.09532972560264,33.49310853926107],[-112.10725275585622,33.490880374851876]]]}},{"type":"Feature","properties":{"state":"Arizona","county":"Maricopa","s2_cell":"9739899561379364864","waymo_ro_miles":27162.429679528475,"incremental_miles":4129.373,"vintage_end":"202603","exposure_phase":"deployment"},"geometry":{"type":"Polygon","coordinates":[[[-112.11917572468799,33.488650965405455],[-112.11917572468799,33.47799830095121],[-112.10725275585622,33.480227357997734],[-112.10725275585622,33.490880374851876],[-112.11917572468799,33.488650965405455]]]}},{"type":"Feature","properties":{"state":"Arizona","county":"Maricopa","s2_cell":"9739899595739103232","waymo_ro_miles":17468.20424387281,"incremental_miles":2938.292,"vintage_end":"202603","exposure_phase":"deployment"},"geometry":{"type":"Polygon","coordinates":[[[-112.11917572468799,33.4993024764558],[-112.11917572468799,33.488650965405455],[-112.10725275585622,33.490880374851876],[-112.10725275585622,33.50153223795573],[-112.11917572468799,33.4993024764558]]]}},{"type":"Feature","properties":{"state":"Arizona","county":"Maricopa","s2_cell":"9739899630098841600","waymo_ro_miles":77572.307342186,"incremental_miles":11938.648,"vintage_end":"202603","exposure_phase":"deployment"},"geometry":{"type":"Polygon","coordinates":[[[-112.10725275585622,33.50153223795573],[-112.10725275585622,33.490880374851876],[-112.09532972560264,33.49310853926107],[-112.09532972560264,33.50376075415736],[-112.10725275585622,33.50153223795573]]]}},{"type":"Feature","properties":{"state":"Arizona","county":"Maricopa","s2_cell":"9739899664458579968","waymo_ro_miles":65227.97879752773,"incremental_miles":10226.617,"vintage_end":"202603","exposure_phase":"deployment"},"geometry":{"type":"Polygon","coordinates":[[[-112.10725275585621,33.51218294645757],[-112.10725275585622,33.50153223795573],[-112.09532972560264,33.50376075415736],[-112.09532972560264,33.514411814105436],[-112.10725275585621,33.51218294645757]]]}},{"type":"Feature","properties":{"state":"Arizona","county":"Maricopa","s2_cell":"9739899698818318336","waymo_ro_miles":56595.397265097876,"incremental_miles":9343.571,"vintage_end":"202603","exposure_phase":"deployment"},"geometry":{"type":"Polygon","coordinates":[[[-112.10725275585622,33.522832499506315],[-112.10725275585621,33.51218294645757],[-112.09532972560264,33.514411814105436],[-112.09532972560264,33.52506171825426],[-112.10725275585622,33.522832499506315]]]}},{"type":"Feature","properties":{"state":"Arizona","county":"Maricopa","s2_cell":"9739899733178056704","waymo_ro_miles":12546.374051089122,"incremental_miles":1994.162,"vintage_end":"202603","exposure_phase":"deployment"},"geometry":{"type":"Polygon","coordinates":[[[-112.11917572468799,33.52060203493843],[-112.11917572468799,33.509952833250495],[-112.10725275585621,33.51218294645757],[-112.10725275585622,33.522832499506315],[-112.11917572468799,33.52060203493843]]]}},{"type":"Feature","properties":{"state":"Arizona","county":"Maricopa","s2_cell":"9739899767537795072","waymo_ro_miles":14227.14251072909,"incremental_miles":2333.234,"vintage_end":"202603","exposure_phase":"deployment"},"geometry":{"type":"Polygon","coordinates":[[[-112.11917572468799,33.509952833250495],[-112.11917572468799,33.4993024764558],[-112.10725275585622,33.50153223795573],[-112.10725275585621,33.51218294645757],[-112.11917572468799,33.509952833250495]]]}},{"type":"Feature","properties":{"state":"Arizona","county":"Maricopa","s2_cell":"9739900214214393856","waymo_ro_miles":27465.728152480868,"incremental_miles":3643.394,"vintage_end":"202603","exposure_phase":"deployment"},"geometry":{"type":"Polygon","coordinates":[[[-112.11917572468799,33.47799830095121],[-112.11917572468799,33.46734448394548],[-112.10725275585622,33.46957318824571],[-112.10725275585622,33.480227357997734],[-112.11917572468799,33.47799830095121]]]}},{"type":"Feature","properties":{"state":"Arizona","county":"Maricopa","s2_cell":"9739900248574132224","waymo_ro_miles":66556.44383389526,"incremental_miles":9661.728,"vintage_end":"202603","exposure_phase":"deployment"},"geometry":{"type":"Polygon","coordinates":[[[-112.10725275585622,33.480227357997734],[-112.10725275585622,33.46957318824571],[-112.09532972560264,33.47180064803138],[-112.09532972560264,33.482455170268295],[-112.10725275585622,33.480227357997734]]]}},{"type":"Feature","properties":{"state":"Arizona","county":"Maricopa","s2_cell":"9739900282933870592","waymo_ro_miles":56078.31511732512,"incremental_miles":8508.234,"vintage_end":"202603","exposure_phase":"deployment"},"geometry":{"type":"Polygon","coordinates":[[[-112.10725275585622,33.46957318824571],[-112.10725275585622,33.458917866448836],[-112.09532972560264,33.46114497340337],[-112.09532972560264,33.47180064803138],[-112.10725275585622,33.46957318824571]]]}},{"type":"Feature","properties":{"state":"Arizona","county":"Maricopa","s2_cell":"9739900317293608960","waymo_ro_miles":13414.881427903567,"incremental_miles":1910.346,"vintage_end":"202603","exposure_phase":"deployment"},"geometry":{"type":"Polygon","coordinates":[[[-112.11917572468799,33.46734448394548],[-112.11917572468799,33.45668951524133],[-112.10725275585622,33.458917866448836],[-112.10725275585622,33.46957318824571],[-112.11917572468799,33.46734448394548]]]}},{"type":"Feature","properties":{"state":"Arizona","county":"Maricopa","s2_cell":"9739900351653347328","waymo_ro_miles":11424.608773998025,"incremental_miles":1520.918,"vintage_end":"202603","exposure_phase":"deployment"},"geometry":{"type":"Polygon","coordinates":[[[-112.11917572468799,33.45668951524133],[-112.11917572468799,33.44603339569249],[-112.10725275585622,33.44826139346081],[-112.10725275585622,33.458917866448836],[-112.11917572468799,33.45668951524133]]]}},{"type":"Feature","properties":{"state":"Arizona","county":"Maricopa","s2_cell":"9739900386013085696","waymo_ro_miles":25244.95323753553,"incremental_miles":5966.092,"vintage_end":"202603","exposure_phase":"deployment"},"geometry":{"type":"Polygon","coordinates":[[[-112.10725275585622,33.458917866448836],[-112.10725275585622,33.44826139346081],[-112.09532972560264,33.45048814723792],[-112.09532972560264,33.46114497340337],[-112.10725275585622,33.458917866448836]]]}},{"type":"Feature","properties":{"state":"Arizona","county":"Maricopa","s2_cell":"9739900420372824064","waymo_ro_miles":41707.09624566865,"incremental_miles":6341.358,"vintage_end":"202603","exposure_phase":"deployment"},"geometry":{"type":"Polygon","coordinates":[[[-112.10725275585622,33.44826139346081],[-112.10725275585622,33.437603770135965],[-112.09532972560264,33.43983017038935],[-112.09532972560264,33.45048814723792],[-112.10725275585622,33.44826139346081]]]}},{"type":"Feature","properties":{"state":"Arizona","county":"Maricopa","s2_cell":"9739900454732562432","waymo_ro_miles":7115.127622524178,"incremental_miles":1182.731,"vintage_end":"202603","exposure_phase":"deployment"},"geometry":{"type":"Polygon","coordinates":[[[-112.11917572468799,33.44603339569249],[-112.11917572468799,33.4353761261533],[-112.10725275585622,33.437603770135965],[-112.10725275585622,33.44826139346081],[-112.11917572468799,33.44603339569249]]]}},{"type":"Feature","properties":{"state":"Arizona","county":"Maricopa","s2_cell":"9739997727151882240","waymo_ro_miles":2644.1757566487768,"incremental_miles":359.753,"vintage_end":"202603","exposure_phase":"deployment"},"geometry":{"type":"Polygon","coordinates":[[[-112.10725275585622,33.57606290321138],[-112.10725275585622,33.565419140171514],[-112.09532972560264,33.56764975985856],[-112.09532972560264,33.57829387226802],[-112.10725275585622,33.57606290321138]]]}},{"type":"Feature","properties":{"state":"Arizona","county":"Maricopa","s2_cell":"9739997761511620608","waymo_ro_miles":2593.144924606942,"incremental_miles":372.97,"vintage_end":"202603","exposure_phase":"deployment"},"geometry":{"type":"Polygon","coordinates":[[[-112.11917572468799,33.57383068703365],[-112.11917572468799,33.563187273623264],[-112.10725275585622,33.565419140171514],[-112.10725275585622,33.57606290321138],[-112.11917572468799,33.57383068703365]]]}},{"type":"Feature","properties":{"state":"Arizona","county":"Maricopa","s2_cell":"9739998208188219392","waymo_ro_miles":10080.871180029373,"incremental_miles":1864.461,"vintage_end":"202603","exposure_phase":"deployment"},"geometry":{"type":"Polygon","coordinates":[[[-112.11917572468799,33.541896969592855],[-112.11917572468799,33.531250080669146],[-112.10725275585622,33.53348089625153],[-112.10725275585622,33.544128135843444],[-112.11917572468799,33.541896969592855]]]}},{"type":"Feature","properties":{"state":"Arizona","county":"Maricopa","s2_cell":"9739998242547957760","waymo_ro_miles":13669.293482226285,"incremental_miles":2424.813,"vintage_end":"202603","exposure_phase":"deployment"},"geometry":{"type":"Polygon","coordinates":[[[-112.11917572468799,33.531250080669146],[-112.11917572468799,33.52060203493843],[-112.10725275585622,33.522832499506315],[-112.10725275585622,33.53348089625153],[-112.11917572468799,33.531250080669146]]]}},{"type":"Feature","properties":{"state":"Arizona","county":"Maricopa","s2_cell":"9739998276907696128","waymo_ro_miles":37958.46707873504,"incremental_miles":6094.846,"vintage_end":"202603","exposure_phase":"deployment"},"geometry":{"type":"Polygon","coordinates":[[[-112.10725275585622,33.53348089625153],[-112.10725275585622,33.522832499506315],[-112.09532972560264,33.52506171825426],[-112.09532972560264,33.53571046575341],[-112.10725275585622,33.53348089625153]]]}},{"type":"Feature","properties":{"state":"Arizona","county":"Maricopa","s2_cell":"9739998311267434496","waymo_ro_miles":30959.438025244835,"incremental_miles":5688.045,"vintage_end":"202603","exposure_phase":"deployment"},"geometry":{"type":"Polygon","coordinates":[[[-112.10725275585622,33.544128135843444],[-112.10725275585622,33.53348089625153],[-112.09532972560264,33.53571046575341],[-112.09532972560264,33.546358055753124],[-112.10725275585622,33.544128135843444]]]}},{"type":"Feature","properties":{"state":"Arizona","county":"Maricopa","s2_cell":"9739998345627172864","waymo_ro_miles":34275.66393315042,"incremental_miles":5901.935,"vintage_end":"202603","exposure_phase":"deployment"},"geometry":{"type":"Polygon","coordinates":[[[-112.10725275585622,33.55477421743292],[-112.10725275585622,33.544128135843444],[-112.09532972560264,33.546358055753124],[-112.09532972560264,33.55700448740433],[-112.10725275585622,33.55477421743292]]]}},{"type":"Feature","properties":{"state":"Arizona","county":"Maricopa","s2_cell":"9739998379986911232","waymo_ro_miles":9220.320085307432,"incremental_miles":1627.521,"vintage_end":"202603","exposure_phase":"deployment"},"geometry":{"type":"Polygon","coordinates":[[[-112.11917572468799,33.552542700860386],[-112.11917572468799,33.541896969592855],[-112.10725275585622,33.544128135843444],[-112.10725275585622,33.55477421743292],[-112.11917572468799,33.552542700860386]]]}},{"type":"Feature","properties":{"state":"Arizona","county":"Maricopa","s2_cell":"9739998414346649600","waymo_ro_miles":8966.229061486378,"incremental_miles":1405.077,"vintage_end":"202603","exposure_phase":"deployment"},"geometry":{"type":"Polygon","coordinates":[[[-112.11917572468799,33.563187273623264],[-112.11917572468799,33.552542700860386],[-112.10725275585622,33.55477421743292],[-112.10725275585622,33.565419140171514],[-112.11917572468799,33.563187273623264]]]}},{"type":"Feature","properties":{"state":"Arizona","county":"Maricopa","s2_cell":"9739998448706387968","waymo_ro_miles":11457.098271349509,"incremental_miles":1891.629,"vintage_end":"202603","exposure_phase":"deployment"},"geometry":{"type":"Polygon","coordinates":[[[-112.10725275585622,33.565419140171514],[-112.10725275585622,33.55477421743292],[-112.09532972560264,33.55700448740433],[-112.09532972560264,33.56764975985856],[-112.10725275585622,33.565419140171514]]]}},{"type":"Feature","properties":{"state":"Arizona","county":"Maricopa","s2_cell":"9739998483066126336","waymo_ro_miles":8464.754908835079,"incremental_miles":1104.92,"vintage_end":"202603","exposure_phase":"deployment"},"geometry":{"type":"Polygon","coordinates":[[[-112.09532972560264,33.56764975985856],[-112.09532972560264,33.55700448740433],[-112.08340663543997,33.55923351055505],[-112.08340663543997,33.56987913246494],[-112.09532972560264,33.56764975985856]]]}},{"type":"Feature","properties":{"state":"Arizona","county":"Maricopa","s2_cell":"9739998517425864704","waymo_ro_miles":9664.021810305308,"incremental_miles":1556.199,"vintage_end":"202603","exposure_phase":"deployment"},"geometry":{"type":"Polygon","coordinates":[[[-112.08340663543997,33.56987913246494],[-112.08340663543997,33.55923351055505],[-112.07148348688116,33.561461286666145],[-112.07148348688116,33.572107257771776],[-112.08340663543997,33.56987913246494]]]}},{"type":"Feature","properties":{"state":"Arizona","county":"Maricopa","s2_cell":"9739998551785603072","waymo_ro_miles":43615.84687711639,"incremental_miles":6325.73,"vintage_end":"202603","exposure_phase":"deployment"},"geometry":{"type":"Polygon","coordinates":[[[-112.08340663543997,33.55923351055505],[-112.08340663543997,33.5485867291023],[-112.07148348688116,33.550814155671915],[-112.07148348688116,33.561461286666145],[-112.08340663543997,33.55923351055505]]]}},{"type":"Feature","properties":{"state":"Arizona","county":"Maricopa","s2_cell":"9739998586145341440","waymo_ro_miles":25238.234043392724,"incremental_miles":3238.498,"vintage_end":"202603","exposure_phase":"deployment"},"geometry":{"type":"Polygon","coordinates":[[[-112.09532972560264,33.55700448740433],[-112.09532972560264,33.546358055753124],[-112.08340663543997,33.5485867291023],[-112.08340663543997,33.55923351055505],[-112.09532972560264,33.55700448740433]]]}},{"type":"Feature","properties":{"state":"Arizona","county":"Maricopa","s2_cell":"9739998620505079808","waymo_ro_miles":28009.986183397552,"incremental_miles":4224.977,"vintage_end":"202603","exposure_phase":"deployment"},"geometry":{"type":"Polygon","coordinates":[[[-112.09532972560264,33.546358055753124],[-112.09532972560264,33.53571046575341],[-112.08340663543997,33.53793878895509],[-112.08340663543997,33.5485867291023],[-112.09532972560264,33.546358055753124]]]}},{"type":"Feature","properties":{"state":"Arizona","county":"Maricopa","s2_cell":"9739998654864818176","waymo_ro_miles":18354.230103593167,"incremental_miles":2178.095,"vintage_end":"202603","exposure_phase":"deployment"},"geometry":{"type":"Polygon","coordinates":[[[-112.09532972560264,33.53571046575341],[-112.09532972560264,33.52506171825426],[-112.08340663543997,33.52728969096251],[-112.08340663543997,33.53793878895509],[-112.09532972560264,33.53571046575341]]]}},{"type":"Feature","properties":{"state":"Arizona","county":"Maricopa","s2_cell":"9739998689224556544","waymo_ro_miles":72661.14952956335,"incremental_miles":11915.28,"vintage_end":"202603","exposure_phase":"deployment"},"geometry":{"type":"Polygon","coordinates":[[[-112.08340663543997,33.53793878895509],[-112.08340663543997,33.52728969096251],[-112.07148348688116,33.5295164174119],[-112.07148348688116,33.54016586563748],[-112.08340663543997,33.53793878895509]]]}},{"type":"Feature","properties":{"state":"Arizona","county":"Maricopa","s2_cell":"9739998723584294912","waymo_ro_miles":42490.95284839651,"incremental_miles":6921.346,"vintage_end":"202603","exposure_phase":"deployment"},"geometry":{"type":"Polygon","coordinates":[[[-112.08340663543997,33.5485867291023],[-112.08340663543997,33.53793878895509],[-112.07148348688116,33.54016586563748],[-112.07148348688116,33.550814155671915],[-112.08340663543997,33.5485867291023]]]}},{"type":"Feature","properties":{"state":"Arizona","county":"Maricopa","s2_cell":"9739998757944033280","waymo_ro_miles":16503.375937503482,"incremental_miles":2121.216,"vintage_end":"202603","exposure_phase":"deployment"},"geometry":{"type":"Polygon","coordinates":[[[-112.07148348688116,33.550814155671915],[-112.07148348688116,33.54016586563748],[-112.05956028143932,33.54239169558206],[-112.05956028143932,33.55304033524353],[-112.07148348688116,33.550814155671915]]]}},{"type":"Feature","properties":{"state":"Arizona","county":"Maricopa","s2_cell":"9739998792303771648","waymo_ro_miles":61472.76485014678,"incremental_miles":10011.909,"vintage_end":"202603","exposure_phase":"deployment"},"geometry":{"type":"Polygon","coordinates":[[[-112.07148348688116,33.54016586563748],[-112.07148348688116,33.5295164174119],[-112.05956028143932,33.53174189738382],[-112.05956028143932,33.54239169558206],[-112.07148348688116,33.54016586563748]]]}},{"type":"Feature","properties":{"state":"Arizona","county":"Maricopa","s2_cell":"9739998826663510016","waymo_ro_miles":46446.937002629034,"incremental_miles":8861.357,"vintage_end":"202603","exposure_phase":"deployment"},"geometry":{"type":"Polygon","coordinates":[[[-112.05956028143932,33.54239169558206],[-112.05956028143932,33.53174189738382],[-112.04763702062775,33.533966130660254],[-112.04763702062775,33.54461627857087],[-112.05956028143932,33.54239169558206]]]}},{"type":"Feature","properties":{"state":"Arizona","county":"Maricopa","s2_cell":"9739998861023248384","waymo_ro_miles":41390.95553309728,"incremental_miles":4871.477,"vintage_end":"202603","exposure_phase":"deployment"},"geometry":{"type":"Polygon","coordinates":[[[-112.05956028143932,33.55304033524353],[-112.05956028143932,33.54239169558206],[-112.04763702062775,33.54461627857087],[-112.04763702062775,33.55526526759928],[-112.05956028143932,33.55304033524353]]]}},{"type":"Feature","properties":{"state":"Arizona","county":"Maricopa","s2_cell":"9739998895382986752","waymo_ro_miles":16.764912712480072,"incremental_miles":-0.573,"vintage_end":"202603","exposure_phase":"deployment"},"geometry":{"type":"Polygon","coordinates":[[[-112.05956028143932,33.56368781551923],[-112.05956028143932,33.55304033524353],[-112.04763702062775,33.55526526759928],[-112.04763702062775,33.56591309689649],[-112.05956028143932,33.56368781551923]]]}},{"type":"Feature","properties":{"state":"Arizona","county":"Maricopa","s2_cell":"9739998929742725120","waymo_ro_miles":15043.187725281035,"incremental_miles":1454.38,"vintage_end":"202603","exposure_phase":"deployment"},"geometry":{"type":"Polygon","coordinates":[[[-112.07148348688116,33.561461286666145],[-112.07148348688116,33.550814155671915],[-112.05956028143932,33.55304033524353],[-112.05956028143932,33.56368781551923],[-112.07148348688116,33.561461286666145]]]}},{"type":"Feature","properties":{"state":"Arizona","county":"Maricopa","s2_cell":"9739999204620632064","waymo_ro_miles":4.772290151649109,"incremental_miles":1.064,"vintage_end":"202603","exposure_phase":"deployment"},"geometry":{"type":"Polygon","coordinates":[[[-112.09532972560264,33.57829387226802],[-112.09532972560264,33.56764975985856],[-112.08340663543997,33.56987913246494],[-112.08340663543997,33.58052359398419],[-112.09532972560264,33.57829387226802]]]}},{"type":"Feature","properties":{"state":"Arizona","county":"Maricopa","s2_cell":"9740002606234730496","waymo_ro_miles":5412.831598018827,"incremental_miles":817.865,"vintage_end":"202603","exposure_phase":"deployment"},"geometry":{"type":"Polygon","coordinates":[[[-111.9760963777647,33.69631075280785],[-111.9760963777647,33.68567367047431],[-111.96417277175436,33.68789366658374],[-111.96417277175436,33.698531092336474],[-111.9760963777647,33.69631075280785]]]}},{"type":"Feature","properties":{"state":"Arizona","county":"Maricopa","s2_cell":"9740002674954207232","waymo_ro_miles":1.741081919084811,"incremental_miles":1.641,"vintage_end":"202603","exposure_phase":"deployment"},"geometry":{"type":"Polygon","coordinates":[[[-111.96417277175436,33.68789366658374],[-111.96417277175436,33.67725506939285],[-111.9522491224878,33.67947347021511],[-111.9522491224878,33.69011241091148],[-111.96417277175436,33.68789366658374]]]}},{"type":"Feature","properties":{"state":"Arizona","county":"Maricopa","s2_cell":"9740002709313945600","waymo_ro_miles":25484.915537690187,"incremental_miles":3931.206,"vintage_end":"202603","exposure_phase":"deployment"},"geometry":{"type":"Polygon","coordinates":[[[-111.9760963777647,33.68567367047431],[-111.9760963777647,33.67503541704655],[-111.96417277175436,33.67725506939285],[-111.96417277175436,33.68789366658374],[-111.9760963777647,33.68567367047431]]]}},{"type":"Feature","properties":{"state":"Arizona","county":"Maricopa","s2_cell":"9740002743673683968","waymo_ro_miles":20188.638249576983,"incremental_miles":3156.293,"vintage_end":"202603","exposure_phase":"deployment"},"geometry":{"type":"Polygon","coordinates":[[[-111.98801993900399,33.68345242279564],[-111.98801993900399,33.672814513388744],[-111.9760963777647,33.67503541704655],[-111.9760963777647,33.68567367047431],[-111.98801993900399,33.68345242279564]]]}},{"type":"Feature","properties":{"state":"Arizona","county":"Maricopa","s2_cell":"9740002846752899072","waymo_ro_miles":316.28675565572865,"incremental_miles":303.557,"vintage_end":"202603","exposure_phase":"deployment"},"geometry":{"type":"Polygon","coordinates":[[[-111.99994345395756,33.68122992376076],[-111.99994345395756,33.67059235863254],[-111.98801993900399,33.672814513388744],[-111.98801993900399,33.68345242279564],[-111.99994345395756,33.68122992376076]]]}},{"type":"Feature","properties":{"state":"Arizona","county":"Maricopa","s2_cell":"9740002915472375808","waymo_ro_miles":12475.509992851952,"incremental_miles":1936.936,"vintage_end":"202603","exposure_phase":"deployment"},"geometry":{"type":"Polygon","coordinates":[[[-111.99994345395754,33.65995362394016],[-111.99994345395756,33.649313720526],[-111.98801993900399,33.65153518569194],[-111.98801993900399,33.662175434073404],[-111.99994345395754,33.65995362394016]]]}},{"type":"Feature","properties":{"state":"Arizona","county":"Maricopa","s2_cell":"9740002949832114176","waymo_ro_miles":46041.43174368045,"incremental_miles":6671.228,"vintage_end":"202603","exposure_phase":"deployment"},"geometry":{"type":"Polygon","coordinates":[[[-111.98801993900399,33.662175434073404],[-111.98801993900399,33.65153518569194],[-111.9760963777647,33.65375540027558],[-111.9760963777647,33.66439599336622],[-111.98801993900399,33.662175434073404]]]}},{"type":"Feature","properties":{"state":"Arizona","county":"Maricopa","s2_cell":"9740002984191852544","waymo_ro_miles":36985.111803378786,"incremental_miles":5836.983,"vintage_end":"202603","exposure_phase":"deployment"},"geometry":{"type":"Polygon","coordinates":[[[-111.98801993900399,33.672814513388744],[-111.98801993900399,33.662175434073404],[-111.9760963777647,33.66439599336622],[-111.9760963777647,33.67503541704655],[-111.98801993900399,33.672814513388744]]]}},{"type":"Feature","properties":{"state":"Arizona","county":"Maricopa","s2_cell":"9740003018551590912","waymo_ro_miles":8799.728162371723,"incremental_miles":1736.678,"vintage_end":"202603","exposure_phase":"deployment"},"geometry":{"type":"Polygon","coordinates":[[[-111.9760963777647,33.67503541704655],[-111.9760963777647,33.66439599336622],[-111.96417277175436,33.66661530160541],[-111.96417277175436,33.67725506939285],[-111.9760963777647,33.67503541704655]]]}},{"type":"Feature","properties":{"state":"Arizona","county":"Maricopa","s2_cell":"9740003052911329280","waymo_ro_miles":10792.339488849471,"incremental_miles":1718.337,"vintage_end":"202603","exposure_phase":"deployment"},"geometry":{"type":"Polygon","coordinates":[[[-111.96417277175436,33.67725506939285],[-111.96417277175436,33.66661530160541],[-111.9522491224878,33.66883335857838],[-111.9522491224878,33.67947347021511],[-111.96417277175436,33.67725506939285]]]}},{"type":"Feature","properties":{"state":"Arizona","county":"Maricopa","s2_cell":"9740003087271067648","waymo_ro_miles":22612.27043992404,"incremental_miles":3798.103,"vintage_end":"202603","exposure_phase":"deployment"},"geometry":{"type":"Polygon","coordinates":[[[-111.96417277175436,33.66661530160541],[-111.96417277175436,33.65597436406368],[-111.9522491224878,33.65819207684357],[-111.9522491224878,33.66883335857838],[-111.96417277175436,33.66661530160541]]]}},{"type":"Feature","properties":{"state":"Arizona","county":"Maricopa","s2_cell":"9740003155990544384","waymo_ro_miles":9162.148072594713,"incremental_miles":1429.421,"vintage_end":"202603","exposure_phase":"deployment"},"geometry":{"type":"Polygon","coordinates":[[[-111.9760963777647,33.65375540027558],[-111.9760963777647,33.64311363861761],[-111.96417277175436,33.645332257610605],[-111.96417277175436,33.65597436406368],[-111.9760963777647,33.65375540027558]]]}},{"type":"Feature","properties":{"state":"Arizona","county":"Maricopa","s2_cell":"9740003190350282752","waymo_ro_miles":21367.684990975828,"incremental_miles":8073.693,"vintage_end":"202603","exposure_phase":"deployment"},"geometry":{"type":"Polygon","coordinates":[[[-111.96417277175436,33.65597436406368],[-111.96417277175436,33.645332257610605],[-111.9522491224878,33.64754962585355],[-111.9522491224878,33.65819207684357],[-111.96417277175436,33.65597436406368]]]}},{"type":"Feature","properties":{"state":"Arizona","county":"Maricopa","s2_cell":"9740003224710021120","waymo_ro_miles":53271.891194647986,"incremental_miles":8805.396,"vintage_end":"202603","exposure_phase":"deployment"},"geometry":{"type":"Polygon","coordinates":[[[-111.96417277175436,33.645332257610605],[-111.96417277175436,33.63468898308975],[-111.9522491224878,33.63690600645188],[-111.9522491224878,33.64754962585355],[-111.96417277175436,33.645332257610605]]]}},{"type":"Feature","properties":{"state":"Arizona","county":"Maricopa","s2_cell":"9740003259069759488","waymo_ro_miles":34687.20660136817,"incremental_miles":5820.203,"vintage_end":"202603","exposure_phase":"deployment"},"geometry":{"type":"Polygon","coordinates":[[[-111.9760963777647,33.64311363861761],[-111.9760963777647,33.63247070923592],[-111.96417277175436,33.63468898308975],[-111.96417277175436,33.645332257610605],[-111.9760963777647,33.64311363861761]]]}},{"type":"Feature","properties":{"state":"Arizona","county":"Maricopa","s2_cell":"9740003293429497856","waymo_ro_miles":59170.088920051596,"incremental_miles":8763.169,"vintage_end":"202603","exposure_phase":"deployment"},"geometry":{"type":"Polygon","coordinates":[[[-111.98801993900399,33.64089376908731],[-111.98801993900399,33.630251185103184],[-111.9760963777647,33.63247070923592],[-111.9760963777647,33.64311363861761],[-111.98801993900399,33.64089376908731]]]}},{"type":"Feature","properties":{"state":"Arizona","county":"Maricopa","s2_cell":"9740003327789236224","waymo_ro_miles":52656.42362659195,"incremental_miles":7706.482,"vintage_end":"202603","exposure_phase":"deployment"},"geometry":{"type":"Polygon","coordinates":[[[-111.98801993900399,33.65153518569194],[-111.98801993900399,33.64089376908731],[-111.9760963777647,33.64311363861761],[-111.9760963777647,33.65375540027558],[-111.98801993900399,33.65153518569194]]]}},{"type":"Feature","properties":{"state":"Arizona","county":"Maricopa","s2_cell":"9740003362148974592","waymo_ro_miles":13755.149069891855,"incremental_miles":2431.599,"vintage_end":"202603","exposure_phase":"deployment"},"geometry":{"type":"Polygon","coordinates":[[[-111.99994345395756,33.649313720526],[-111.99994345395754,33.638672649233044],[-111.98801993900399,33.64089376908731],[-111.98801993900399,33.65153518569194],[-111.99994345395756,33.649313720526]]]}},{"type":"Feature","properties":{"state":"Arizona","county":"Maricopa","s2_cell":"9740003396508712960","waymo_ro_miles":11258.625480483675,"incremental_miles":1693.996,"vintage_end":"202603","exposure_phase":"deployment"},"geometry":{"type":"Polygon","coordinates":[[[-111.99994345395754,33.638672649233044],[-111.99994345395756,33.628030410904955],[-111.98801993900399,33.630251185103184],[-111.98801993900399,33.64089376908731],[-111.99994345395754,33.638672649233044]]]}},{"type":"Feature","properties":{"state":"Arizona","county":"Maricopa","s2_cell":"9740003430868451328","waymo_ro_miles":3101.4442976263945,"incremental_miles":1062.42,"vintage_end":"202603","exposure_phase":"deployment"},"geometry":{"type":"Polygon","coordinates":[[[-112.0118669211109,33.63645027926869],[-112.0118669211109,33.625808386855205],[-111.99994345395756,33.628030410904955],[-111.99994345395754,33.638672649233044],[-112.0118669211109,33.63645027926869]]]}},{"type":"Feature","properties":{"state":"Arizona","county":"Maricopa","s2_cell":"9740003533947666432","waymo_ro_miles":1314.3172094882518,"incremental_miles":724.171,"vintage_end":"202603","exposure_phase":"deployment"},"geometry":{"type":"Polygon","coordinates":[[[-112.0118669211109,33.64709100499161],[-112.0118669211109,33.63645027926869],[-111.99994345395754,33.638672649233044],[-111.99994345395756,33.649313720526],[-112.0118669211109,33.64709100499161]]]}},{"type":"Feature","properties":{"state":"Arizona","county":"Maricopa","s2_cell":"9740003568307404800","waymo_ro_miles":358.22205813242,"incremental_miles":278.459,"vintage_end":"202603","exposure_phase":"deployment"},"geometry":{"type":"Polygon","coordinates":[[[-112.0118669211109,33.65773056318025],[-112.0118669211109,33.64709100499161],[-111.99994345395756,33.649313720526],[-111.99994345395754,33.65995362394016],[-112.0118669211109,33.65773056318025]]]}},{"type":"Feature","properties":{"state":"Arizona","county":"Maricopa","s2_cell":"9740003602667143168","waymo_ro_miles":63.66656209076303,"incremental_miles":57.908,"vintage_end":"202603","exposure_phase":"deployment"},"geometry":{"type":"Polygon","coordinates":[[[-112.0118669211109,33.66836895299161],[-112.0118669211109,33.65773056318025],[-111.99994345395754,33.65995362394016],[-111.99994345395756,33.67059235863254],[-112.0118669211109,33.66836895299161]]]}},{"type":"Feature","properties":{"state":"Arizona","county":"Maricopa","s2_cell":"9740004152422957056","waymo_ro_miles":19410.311227384293,"incremental_miles":4176.754,"vintage_end":"202603","exposure_phase":"deployment"},"geometry":{"type":"Polygon","coordinates":[[[-112.0118669211109,33.625808386855205],[-112.0118669211109,33.61516532859548],[-111.99994345395754,33.61738700638604],[-111.99994345395756,33.628030410904955],[-112.0118669211109,33.625808386855205]]]}},{"type":"Feature","properties":{"state":"Arizona","county":"Maricopa","s2_cell":"9740004186782695424","waymo_ro_miles":19163.678108105403,"incremental_miles":4267.432,"vintage_end":"202603","exposure_phase":"deployment"},"geometry":{"type":"Polygon","coordinates":[[[-112.0118669211109,33.61516532859548],[-112.0118669211109,33.60452110533452],[-111.99994345395754,33.60674243652129],[-111.99994345395754,33.61738700638604],[-112.0118669211109,33.61516532859548]]]}},{"type":"Feature","properties":{"state":"Arizona","county":"Maricopa","s2_cell":"9740004289861910528","waymo_ro_miles":16038.21105209286,"incremental_miles":3925.334,"vintage_end":"202603","exposure_phase":"deployment"},"geometry":{"type":"Polygon","coordinates":[[[-112.0118669211109,33.60452110533452],[-112.0118669211109,33.59387571791797],[-111.99994345395754,33.59609670215631],[-111.99994345395754,33.60674243652129],[-112.0118669211109,33.60452110533452]]]}},{"type":"Feature","properties":{"state":"Arizona","county":"Maricopa","s2_cell":"9740004324221648896","waymo_ro_miles":17907.13145089378,"incremental_miles":4243.478,"vintage_end":"202603","exposure_phase":"deployment"},"geometry":{"type":"Polygon","coordinates":[[[-112.0118669211109,33.59387571791797],[-112.0118669211109,33.58322916719214],[-111.99994345395754,33.5854498041374],[-111.99994345395754,33.59609670215631],[-112.0118669211109,33.59387571791797]]]}},{"type":"Feature","properties":{"state":"Arizona","county":"Maricopa","s2_cell":"9740004564739817472","waymo_ro_miles":2291.982682304697,"incremental_miles":1758.653,"vintage_end":"202603","exposure_phase":"deployment"},"geometry":{"type":"Polygon","coordinates":[[[-112.03571370595999,33.578784147714806],[-112.03571370595999,33.56813713058071],[-112.02379033894974,33.57035991635523],[-112.02379033894974,33.58100728164613],[-112.03571370595999,33.578784147714806]]]}},{"type":"Feature","properties":{"state":"Arizona","county":"Maricopa","s2_cell":"9740004633459294208","waymo_ro_miles":7391.27927211388,"incremental_miles":2421.686,"vintage_end":"202603","exposure_phase":"deployment"},"geometry":{"type":"Polygon","coordinates":[[[-112.04763702062775,33.56591309689649],[-112.04763702062775,33.55526526759928],[-112.03571370595999,33.55748895252185],[-112.03571370595999,33.56813713058071],[-112.04763702062775,33.56591309689649]]]}},{"type":"Feature","properties":{"state":"Arizona","county":"Maricopa","s2_cell":"9740004667819032576","waymo_ro_miles":24734.08046420451,"incremental_miles":5404.674,"vintage_end":"202603","exposure_phase":"deployment"},"geometry":{"type":"Polygon","coordinates":[[[-112.04763702062775,33.55526526759928],[-112.04763702062775,33.54461627857087],[-112.03571370595999,33.54683961438655],[-112.03571370595999,33.55748895252185],[-112.04763702062775,33.55526526759928]]]}},{"type":"Feature","properties":{"state":"Arizona","county":"Maricopa","s2_cell":"9740004702178770944","waymo_ro_miles":108141.06890939621,"incremental_miles":18475.433,"vintage_end":"202603","exposure_phase":"deployment"},"geometry":{"type":"Polygon","coordinates":[[[-112.04763702062775,33.54461627857087],[-112.04763702062775,33.533966130660254],[-112.03571370595999,33.536189117023774],[-112.03571370595999,33.54683961438655],[-112.04763702062775,33.54461627857087]]]}},{"type":"Feature","properties":{"state":"Arizona","county":"Maricopa","s2_cell":"9740004736538509312","waymo_ro_miles":24740.43686369533,"incremental_miles":3819.037,"vintage_end":"202603","exposure_phase":"deployment"},"geometry":{"type":"Polygon","coordinates":[[[-112.03571370595999,33.54683961438655],[-112.03571370595999,33.536189117023774],[-112.02379033894974,33.53841085625749],[-112.02379033894974,33.54906170281229],[-112.03571370595999,33.54683961438655]]]}},{"type":"Feature","properties":{"state":"Arizona","county":"Maricopa","s2_cell":"9740005011416416256","waymo_ro_miles":12993.936409976764,"incremental_miles":3839.715,"vintage_end":"202603","exposure_phase":"deployment"},"geometry":{"type":"Polygon","coordinates":[[[-112.02379033894974,33.58100728164613],[-112.02379033894974,33.57035991635523],[-112.0118669211109,33.57258145400399],[-112.0118669211109,33.58322916719214],[-112.02379033894974,33.58100728164613]]]}},{"type":"Feature","properties":{"state":"Arizona","county":"Maricopa","s2_cell":"9740005045776154624","waymo_ro_miles":28581.870370304416,"incremental_miles":4569.416,"vintage_end":"202603","exposure_phase":"deployment"},"geometry":{"type":"Polygon","coordinates":[[[-112.0118669211109,33.58322916719214],[-112.0118669211109,33.57258145400399],[-111.99994345395754,33.57480174331149],[-111.99994345395754,33.5854498041374],[-112.0118669211109,33.58322916719214]]]}},{"type":"Feature","properties":{"state":"Arizona","county":"Maricopa","s2_cell":"9740005080135892992","waymo_ro_miles":32666.129709372235,"incremental_miles":4763.091,"vintage_end":"202603","exposure_phase":"deployment"},"geometry":{"type":"Polygon","coordinates":[[[-111.99994345395754,33.5854498041374],[-111.99994345395754,33.57480174331149],[-111.98801993900399,33.57702078406282],[-111.98801993900399,33.58766919226708],[-111.99994345395754,33.5854498041374]]]}},{"type":"Feature","properties":{"state":"Arizona","county":"Maricopa","s2_cell":"9740005114495631360","waymo_ro_miles":145397.55900702297,"incremental_miles":18029.514,"vintage_end":"202603","exposure_phase":"deployment"},"geometry":{"type":"Polygon","coordinates":[[[-111.98801993900399,33.58766919226708],[-111.98801993900399,33.57702078406282],[-111.9760963777647,33.57923857604363],[-111.9760963777647,33.5898873313669],[-111.98801993900399,33.58766919226708]]]}},{"type":"Feature","properties":{"state":"Arizona","county":"Maricopa","s2_cell":"9740005148855369728","waymo_ro_miles":130964.50749689796,"incremental_miles":12366.171,"vintage_end":"202603","exposure_phase":"deployment"},"geometry":{"type":"Polygon","coordinates":[[[-111.98801993900399,33.57702078406282],[-111.98801993900399,33.56637121355462],[-111.9760963777647,33.568588658072045],[-111.9760963777647,33.57923857604363],[-111.98801993900399,33.57702078406282]]]}},{"type":"Feature","properties":{"state":"Arizona","county":"Maricopa","s2_cell":"9740005320654061568","waymo_ro_miles":110074.01768164105,"incremental_miles":12693.926,"vintage_end":"202603","exposure_phase":"deployment"},"geometry":{"type":"Polygon","coordinates":[[[-111.98801993900399,33.56637121355462],[-111.98801993900399,33.5557204815907],[-111.9760963777647,33.557937578300354],[-111.9760963777647,33.568588658072045],[-111.98801993900399,33.56637121355462]]]}},{"type":"Feature","properties":{"state":"Arizona","county":"Maricopa","s2_cell":"9740005389373538304","waymo_ro_miles":163662.9714205736,"incremental_miles":22151.794,"vintage_end":"202603","exposure_phase":"deployment"},"geometry":{"type":"Polygon","coordinates":[[[-111.9760963777647,33.557937578300354],[-111.9760963777647,33.54728533757743],[-111.96417277175436,33.54950083792946],[-111.96417277175436,33.560153426544794],[-111.9760963777647,33.557937578300354]]]}},{"type":"Feature","properties":{"state":"Arizona","county":"Maricopa","s2_cell":"9740005423733276672","waymo_ro_miles":5796.4611743097885,"incremental_miles":966.927,"vintage_end":"202603","exposure_phase":"deployment"},"geometry":{"type":"Polygon","coordinates":[[[-111.96417277175436,33.560153426544794],[-111.96417277175436,33.54950083792946],[-111.9522491224878,33.55171508986264],[-111.9522491224878,33.56236802611068],[-111.96417277175436,33.560153426544794]]]}},{"type":"Feature","properties":{"state":"Arizona","county":"Maricopa","s2_cell":"9740005458093015040","waymo_ro_miles":14090.555663320414,"incremental_miles":2738.097,"vintage_end":"202603","exposure_phase":"deployment"},"geometry":{"type":"Polygon","coordinates":[[[-111.96417277175436,33.57080485386464],[-111.96417277175436,33.560153426544794],[-111.9522491224878,33.56236802611068],[-111.9522491224878,33.57301980071915],[-111.96417277175436,33.57080485386464]]]}},{"type":"Feature","properties":{"state":"Arizona","county":"Maricopa","s2_cell":"9740005492452753408","waymo_ro_miles":34816.84327549178,"incremental_miles":4470.393,"vintage_end":"202603","exposure_phase":"deployment"},"geometry":{"type":"Polygon","coordinates":[[[-111.96417277175436,33.581455119040164],[-111.96417277175436,33.57080485386464],[-111.9522491224878,33.57301980071915],[-111.9522491224878,33.58367041283927],[-111.96417277175436,33.581455119040164]]]}},{"type":"Feature","properties":{"state":"Arizona","county":"Maricopa","s2_cell":"9740005526812491776","waymo_ro_miles":14367.591320130728,"incremental_miles":7353.498,"vintage_end":"202603","exposure_phase":"deployment"},"geometry":{"type":"Polygon","coordinates":[[[-111.9760963777647,33.57923857604363],[-111.9760963777647,33.568588658072045],[-111.96417277175436,33.57080485386464],[-111.96417277175436,33.581455119040164],[-111.9760963777647,33.57923857604363]]]}},{"type":"Feature","properties":{"state":"Arizona","county":"Maricopa","s2_cell":"9740005561172230144","waymo_ro_miles":69225.5250580331,"incremental_miles":10513.984,"vintage_end":"202603","exposure_phase":"deployment"},"geometry":{"type":"Polygon","coordinates":[[[-111.9760963777647,33.5898873313669],[-111.9760963777647,33.57923857604363],[-111.96417277175436,33.581455119040164],[-111.96417277175436,33.5921042212232],[-111.9760963777647,33.5898873313669]]]}},{"type":"Feature","properties":{"state":"Arizona","county":"Maricopa","s2_cell":"9740005595531968512","waymo_ro_miles":54261.279102015724,"incremental_miles":7615.759,"vintage_end":"202603","exposure_phase":"deployment"},"geometry":{"type":"Polygon","coordinates":[[[-111.96417277175436,33.5921042212232],[-111.96417277175436,33.581455119040164],[-111.9522491224878,33.58367041283927],[-111.9522491224878,33.59431986162284],[-111.96417277175436,33.5921042212232]]]}},{"type":"Feature","properties":{"state":"Arizona","county":"Maricopa","s2_cell":"9740005629891706880","waymo_ro_miles":61244.366768578126,"incremental_miles":10693.386,"vintage_end":"202603","exposure_phase":"deployment"},"geometry":{"type":"Polygon","coordinates":[[[-111.96417277175436,33.60275215956621],[-111.96417277175436,33.5921042212232],[-111.9522491224878,33.59431986162284],[-111.9522491224878,33.60496814622241],[-111.96417277175436,33.60275215956621]]]}},{"type":"Feature","properties":{"state":"Arizona","county":"Maricopa","s2_cell":"9740005664251445248","waymo_ro_miles":36006.77322537541,"incremental_miles":5909.841,"vintage_end":"202603","exposure_phase":"deployment"},"geometry":{"type":"Polygon","coordinates":[[[-111.96417277175436,33.61339893322233],[-111.96417277175436,33.60275215956621],[-111.9522491224878,33.60496814622241],[-111.9522491224878,33.615615265791114],[-111.96417277175436,33.61339893322233]]]}},{"type":"Feature","properties":{"state":"Arizona","county":"Maricopa","s2_cell":"9740005698611183616","waymo_ro_miles":23406.04744923925,"incremental_miles":3982.585,"vintage_end":"202603","exposure_phase":"deployment"},"geometry":{"type":"Polygon","coordinates":[[[-111.9760963777647,33.611181350679026],[-111.9760963777647,33.60053492319433],[-111.96417277175436,33.60275215956621],[-111.96417277175436,33.61339893322233],[-111.9760963777647,33.611181350679026]]]}},{"type":"Feature","properties":{"state":"Arizona","county":"Maricopa","s2_cell":"9740005732970921984","waymo_ro_miles":46424.12910349054,"incremental_miles":8435.09,"vintage_end":"202603","exposure_phase":"deployment"},"geometry":{"type":"Polygon","coordinates":[[[-111.9760963777647,33.60053492319433],[-111.9760963777647,33.5898873313669],[-111.96417277175436,33.5921042212232],[-111.96417277175436,33.60275215956621],[-111.9760963777647,33.60053492319433]]]}},{"type":"Feature","properties":{"state":"Arizona","county":"Maricopa","s2_cell":"9740005767330660352","waymo_ro_miles":109997.99678028181,"incremental_miles":14944.812,"vintage_end":"202603","exposure_phase":"deployment"},"geometry":{"type":"Polygon","coordinates":[[[-111.98801993900399,33.59831643731984],[-111.98801993900399,33.58766919226708],[-111.9760963777647,33.5898873313669],[-111.9760963777647,33.60053492319433],[-111.98801993900399,33.59831643731984]]]}},{"type":"Feature","properties":{"state":"Arizona","county":"Maricopa","s2_cell":"9740005801690398720","waymo_ro_miles":16479.286488397214,"incremental_miles":2602.689,"vintage_end":"202603","exposure_phase":"deployment"},"geometry":{"type":"Polygon","coordinates":[[[-111.99994345395754,33.59609670215631],[-111.99994345395754,33.5854498041374],[-111.98801993900399,33.58766919226708],[-111.98801993900399,33.59831643731984],[-111.99994345395754,33.59609670215631]]]}},{"type":"Feature","properties":{"state":"Arizona","county":"Maricopa","s2_cell":"9740005836050137088","waymo_ro_miles":30620.913282940735,"incremental_miles":4873.045,"vintage_end":"202603","exposure_phase":"deployment"},"geometry":{"type":"Polygon","coordinates":[[[-111.99994345395754,33.60674243652129],[-111.99994345395754,33.59609670215631],[-111.98801993900399,33.59831643731984],[-111.98801993900399,33.60896251837416],[-111.99994345395754,33.60674243652129]]]}},{"type":"Feature","properties":{"state":"Arizona","county":"Maricopa","s2_cell":"9740005870409875456","waymo_ro_miles":84223.13987020323,"incremental_miles":12220.97,"vintage_end":"202603","exposure_phase":"deployment"},"geometry":{"type":"Polygon","coordinates":[[[-111.98801993900399,33.60896251837416],[-111.98801993900399,33.59831643731984],[-111.9760963777647,33.60053492319433],[-111.9760963777647,33.611181350679026],[-111.98801993900399,33.60896251837416]]]}},{"type":"Feature","properties":{"state":"Arizona","county":"Maricopa","s2_cell":"9740005904769613824","waymo_ro_miles":77197.72549720536,"incremental_miles":11412.621,"vintage_end":"202603","exposure_phase":"deployment"},"geometry":{"type":"Polygon","coordinates":[[[-111.98801993900399,33.61960743458381],[-111.98801993900399,33.60896251837416],[-111.9760963777647,33.611181350679026],[-111.9760963777647,33.62182661297474],[-111.98801993900399,33.61960743458381]]]}},{"type":"Feature","properties":{"state":"Arizona","county":"Maricopa","s2_cell":"9740005939129352192","waymo_ro_miles":26341.750266465628,"incremental_miles":4395.398,"vintage_end":"202603","exposure_phase":"deployment"},"geometry":{"type":"Polygon","coordinates":[[[-111.99994345395754,33.61738700638604],[-111.99994345395754,33.60674243652129],[-111.98801993900399,33.60896251837416],[-111.98801993900399,33.61960743458381],[-111.99994345395754,33.61738700638604]]]}},{"type":"Feature","properties":{"state":"Arizona","county":"Maricopa","s2_cell":"9740005973489090560","waymo_ro_miles":16958.373175401222,"incremental_miles":2835.745,"vintage_end":"202603","exposure_phase":"deployment"},"geometry":{"type":"Polygon","coordinates":[[[-111.99994345395756,33.628030410904955],[-111.99994345395754,33.61738700638604],[-111.98801993900399,33.61960743458381],[-111.98801993900399,33.630251185103184],[-111.99994345395756,33.628030410904955]]]}},{"type":"Feature","properties":{"state":"Arizona","county":"Maricopa","s2_cell":"9740006007848828928","waymo_ro_miles":65351.408125866205,"incremental_miles":9482.867,"vintage_end":"202603","exposure_phase":"deployment"},"geometry":{"type":"Polygon","coordinates":[[[-111.98801993900399,33.630251185103184],[-111.98801993900399,33.61960743458381],[-111.9760963777647,33.62182661297474],[-111.9760963777647,33.63247070923592],[-111.98801993900399,33.630251185103184]]]}},{"type":"Feature","properties":{"state":"Arizona","county":"Maricopa","s2_cell":"9740006042208567296","waymo_ro_miles":21269.541320885848,"incremental_miles":3555.65,"vintage_end":"202603","exposure_phase":"deployment"},"geometry":{"type":"Polygon","coordinates":[[[-111.9760963777647,33.63247070923592],[-111.9760963777647,33.62182661297474],[-111.96417277175436,33.62404454134536],[-111.96417277175436,33.63468898308975],[-111.9760963777647,33.63247070923592]]]}},{"type":"Feature","properties":{"state":"Arizona","county":"Maricopa","s2_cell":"9740006076568305664","waymo_ro_miles":11311.579989093068,"incremental_miles":1779.489,"vintage_end":"202603","exposure_phase":"deployment"},"geometry":{"type":"Polygon","coordinates":[[[-111.9760963777647,33.62182661297474],[-111.9760963777647,33.611181350679026],[-111.96417277175436,33.61339893322233],[-111.96417277175436,33.62404454134536],[-111.9760963777647,33.62182661297474]]]}},{"type":"Feature","properties":{"state":"Arizona","county":"Maricopa","s2_cell":"9740006110928044032","waymo_ro_miles":22715.3715066058,"incremental_miles":3588.529,"vintage_end":"202603","exposure_phase":"deployment"},"geometry":{"type":"Polygon","coordinates":[[[-111.96417277175436,33.62404454134536],[-111.96417277175436,33.61339893322233],[-111.9522491224878,33.615615265791114],[-111.9522491224878,33.626261219482785],[-111.96417277175436,33.62404454134536]]]}},{"type":"Feature","properties":{"state":"Arizona","county":"Maricopa","s2_cell":"9740006145287782400","waymo_ro_miles":34169.66520167299,"incremental_miles":5516.54,"vintage_end":"202603","exposure_phase":"deployment"},"geometry":{"type":"Polygon","coordinates":[[[-111.96417277175436,33.63468898308975],[-111.96417277175436,33.62404454134536],[-111.9522491224878,33.626261219482785],[-111.9522491224878,33.63690600645188],[-111.96417277175436,33.63468898308975]]]}},{"type":"Feature","properties":{"state":"Arizona","county":"Maricopa","s2_cell":"9740006179647520768","waymo_ro_miles":27044.05295855782,"incremental_miles":4164.947,"vintage_end":"202603","exposure_phase":"deployment"},"geometry":{"type":"Polygon","coordinates":[[[-111.9522491224878,33.63690600645188],[-111.9522491224878,33.626261219482785],[-111.94032543148008,33.628476647174686],[-111.94032543148008,33.63912177911006],[-111.9522491224878,33.63690600645188]]]}},{"type":"Feature","properties":{"state":"Arizona","county":"Maricopa","s2_cell":"9740006214007259136","waymo_ro_miles":56035.03370070363,"incremental_miles":8346.687,"vintage_end":"202603","exposure_phase":"deployment"},"geometry":{"type":"Polygon","coordinates":[[[-111.9522491224878,33.626261219482785],[-111.9522491224878,33.615615265791114],[-111.94032543148008,33.617830348172994],[-111.94032543148008,33.628476647174686],[-111.9522491224878,33.626261219482785]]]}},{"type":"Feature","properties":{"state":"Arizona","county":"Maricopa","s2_cell":"9740006248366997504","waymo_ro_miles":60357.163596599006,"incremental_miles":9082.339,"vintage_end":"202603","exposure_phase":"deployment"},"geometry":{"type":"Polygon","coordinates":[[[-111.94032543148008,33.628476647174686],[-111.94032543148008,33.617830348172994],[-111.92840170024643,33.62004418015616],[-111.92840170024643,33.630690824209346],[-111.94032543148008,33.628476647174686]]]}},{"type":"Feature","properties":{"state":"Arizona","county":"Maricopa","s2_cell":"9740006282726735872","waymo_ro_miles":28163.127519881848,"incremental_miles":4834.91,"vintage_end":"202603","exposure_phase":"deployment"},"geometry":{"type":"Polygon","coordinates":[[[-111.94032543148008,33.63912177911006],[-111.94032543148008,33.628476647174686],[-111.92840170024643,33.630690824209346],[-111.92840170024643,33.641336300852636],[-111.94032543148008,33.63912177911006]]]}},{"type":"Feature","properties":{"state":"Arizona","county":"Maricopa","s2_cell":"9740006317086474240","waymo_ro_miles":114613.62897173378,"incremental_miles":20292.781,"vintage_end":"202603","exposure_phase":"deployment"},"geometry":{"type":"Polygon","coordinates":[[[-111.92840170024643,33.641336300852636],[-111.92840170024643,33.630690824209346],[-111.91647793030225,33.63290375037561],[-111.91647793030225,33.64354957146851],[-111.92840170024643,33.641336300852636]]]}},{"type":"Feature","properties":{"state":"Arizona","county":"Maricopa","s2_cell":"9740006351446212608","waymo_ro_miles":39178.062579333615,"incremental_miles":5695.778,"vintage_end":"202603","exposure_phase":"deployment"},"geometry":{"type":"Polygon","coordinates":[[[-111.91647793030225,33.64354957146851],[-111.91647793030225,33.63290375037561],[-111.90455412316315,33.63511542546289],[-111.90455412316315,33.6457615907472],[-111.91647793030225,33.64354957146851]]]}},{"type":"Feature","properties":{"state":"Arizona","county":"Maricopa","s2_cell":"9740006385805950976","waymo_ro_miles":39618.45482712007,"incremental_miles":8514.631,"vintage_end":"202603","exposure_phase":"deployment"},"geometry":{"type":"Polygon","coordinates":[[[-111.91647793030225,33.63290375037561],[-111.91647793030225,33.6222567615294],[-111.90455412316315,33.62446809208204],[-111.90455412316315,33.63511542546289],[-111.91647793030225,33.63290375037561]]]}},{"type":"Feature","properties":{"state":"Arizona","county":"Maricopa","s2_cell":"9740006420165689344","waymo_ro_miles":164634.96949727653,"incremental_miles":30448.217,"vintage_end":"202603","exposure_phase":"deployment"},"geometry":{"type":"Polygon","coordinates":[[[-111.92840170024643,33.630690824209346],[-111.92840170024643,33.62004418015616],[-111.91647793030225,33.6222567615294],[-111.91647793030225,33.63290375037561],[-111.92840170024643,33.630690824209346]]]}},{"type":"Feature","properties":{"state":"Arizona","county":"Maricopa","s2_cell":"9740006454525427712","waymo_ro_miles":138724.5171982963,"incremental_miles":26660.786,"vintage_end":"202603","exposure_phase":"deployment"},"geometry":{"type":"Polygon","coordinates":[[[-111.92840170024643,33.62004418015616],[-111.92840170024643,33.60939636953856],[-111.91647793030225,33.611608605775324],[-111.91647793030225,33.6222567615294],[-111.92840170024643,33.62004418015616]]]}},{"type":"Feature","properties":{"state":"Arizona","county":"Maricopa","s2_cell":"9740006488885166080","waymo_ro_miles":83575.2088251823,"incremental_miles":13377.484,"vintage_end":"202603","exposure_phase":"deployment"},"geometry":{"type":"Polygon","coordinates":[[[-111.91647793030225,33.6222567615294],[-111.91647793030225,33.611608605775324],[-111.90455412316315,33.613819591450074],[-111.90455412316315,33.62446809208204],[-111.91647793030225,33.6222567615294]]]}},{"type":"Feature","properties":{"state":"Arizona","county":"Maricopa","s2_cell":"9740006523244904448","waymo_ro_miles":72169.7769327312,"incremental_miles":10821.775,"vintage_end":"202603","exposure_phase":"deployment"},"geometry":{"type":"Polygon","coordinates":[[[-111.91647793030225,33.611608605775324],[-111.91647793030225,33.600959283959504],[-111.90455412316315,33.60316992441306],[-111.90455412316315,33.613819591450074],[-111.91647793030225,33.611608605775324]]]}},{"type":"Feature","properties":{"state":"Arizona","county":"Maricopa","s2_cell":"9740006557604642816","waymo_ro_miles":119754.25037778774,"incremental_miles":23559.183,"vintage_end":"202603","exposure_phase":"deployment"},"geometry":{"type":"Polygon","coordinates":[[[-111.92840170024643,33.60939636953856],[-111.92840170024643,33.59874739320265],[-111.91647793030225,33.600959283959504],[-111.91647793030225,33.611608605775324],[-111.92840170024643,33.60939636953856]]]}},{"type":"Feature","properties":{"state":"Arizona","county":"Maricopa","s2_cell":"9740006591964381184","waymo_ro_miles":16145.96523477076,"incremental_miles":2668.576,"vintage_end":"202603","exposure_phase":"deployment"},"geometry":{"type":"Polygon","coordinates":[[[-111.94032543148008,33.60718288295048],[-111.94032543148008,33.596534252353315],[-111.92840170024643,33.59874739320265],[-111.92840170024643,33.60939636953856],[-111.94032543148008,33.60718288295048]]]}},{"type":"Feature","properties":{"state":"Arizona","county":"Maricopa","s2_cell":"9740006626324119552","waymo_ro_miles":18466.21626438924,"incremental_miles":2959.168,"vintage_end":"202603","exposure_phase":"deployment"},"geometry":{"type":"Polygon","coordinates":[[[-111.94032543148008,33.617830348172994],[-111.94032543148008,33.60718288295048],[-111.92840170024643,33.60939636953856],[-111.92840170024643,33.62004418015616],[-111.94032543148008,33.617830348172994]]]}},{"type":"Feature","properties":{"state":"Arizona","county":"Maricopa","s2_cell":"9740006660683857920","waymo_ro_miles":48196.2352170614,"incremental_miles":6779.011,"vintage_end":"202603","exposure_phase":"deployment"},"geometry":{"type":"Polygon","coordinates":[[[-111.9522491224878,33.615615265791114],[-111.9522491224878,33.60496814622241],[-111.94032543148008,33.60718288295048],[-111.94032543148008,33.617830348172994],[-111.9522491224878,33.615615265791114]]]}},{"type":"Feature","properties":{"state":"Arizona","county":"Maricopa","s2_cell":"9740006695043596288","waymo_ro_miles":73772.79330607726,"incremental_miles":11679.047,"vintage_end":"202603","exposure_phase":"deployment"},"geometry":{"type":"Polygon","coordinates":[[[-111.9522491224878,33.60496814622241],[-111.9522491224878,33.59431986162284],[-111.94032543148008,33.596534252353315],[-111.94032543148008,33.60718288295048],[-111.9522491224878,33.60496814622241]]]}},{"type":"Feature","properties":{"state":"Arizona","county":"Maricopa","s2_cell":"9740006763763073024","waymo_ro_miles":43983.30940248721,"incremental_miles":7949.128,"vintage_end":"202603","exposure_phase":"deployment"},"geometry":{"type":"Polygon","coordinates":[[[-111.94032543148008,33.596534252353315],[-111.94032543148008,33.585884457228296],[-111.92840170024643,33.588097251995265],[-111.92840170024643,33.59874739320265],[-111.94032543148008,33.596534252353315]]]}},{"type":"Feature","properties":{"state":"Arizona","county":"Maricopa","s2_cell":"9740006798122811392","waymo_ro_miles":75866.55180832252,"incremental_miles":10844.518,"vintage_end":"202603","exposure_phase":"deployment"},"geometry":{"type":"Polygon","coordinates":[[[-111.94032543148008,33.585884457228296],[-111.94032543148008,33.575233498422904],[-111.92840170024643,33.5774459467638],[-111.92840170024643,33.588097251995265],[-111.94032543148008,33.585884457228296]]]}},{"type":"Feature","properties":{"state":"Arizona","county":"Maricopa","s2_cell":"9740006832482549760","waymo_ro_miles":86287.36870303826,"incremental_miles":11108.885,"vintage_end":"202603","exposure_phase":"deployment"},"geometry":{"type":"Polygon","coordinates":[[[-111.9522491224878,33.58367041283927],[-111.9522491224878,33.57301980071915],[-111.94032543148008,33.575233498422904],[-111.94032543148008,33.585884457228296],[-111.9522491224878,33.58367041283927]]]}},{"type":"Feature","properties":{"state":"Arizona","county":"Maricopa","s2_cell":"9740006866842288128","waymo_ro_miles":33991.73658441886,"incremental_miles":4947.801,"vintage_end":"202603","exposure_phase":"deployment"},"geometry":{"type":"Polygon","coordinates":[[[-111.9522491224878,33.57301980071915],[-111.9522491224878,33.56236802611068],[-111.94032543148008,33.56458137678526],[-111.94032543148008,33.575233498422904],[-111.9522491224878,33.57301980071915]]]}},{"type":"Feature","properties":{"state":"Arizona","county":"Maricopa","s2_cell":"9740006901202026496","waymo_ro_miles":19044.020184382716,"incremental_miles":2264.807,"vintage_end":"202603","exposure_phase":"deployment"},"geometry":{"type":"Polygon","coordinates":[[[-111.9522491224878,33.56236802611068],[-111.9522491224878,33.55171508986264],[-111.94032543148008,33.55392809316416],[-111.94032543148008,33.56458137678526],[-111.9522491224878,33.56236802611068]]]}},{"type":"Feature","properties":{"state":"Arizona","county":"Maricopa","s2_cell":"9740006969921503232","waymo_ro_miles":24330.784259148586,"incremental_miles":3197.052,"vintage_end":"202603","exposure_phase":"deployment"},"geometry":{"type":"Polygon","coordinates":[[[-111.94032543148008,33.575233498422904],[-111.94032543148008,33.56458137678526],[-111.92840170024643,33.56679347835639],[-111.92840170024643,33.5774459467638],[-111.94032543148008,33.575233498422904]]]}},{"type":"Feature","properties":{"state":"Arizona","county":"Maricopa","s2_cell":"9740007004281241600","waymo_ro_miles":152221.05855351064,"incremental_miles":27241.808,"vintage_end":"202603","exposure_phase":"deployment"},"geometry":{"type":"Polygon","coordinates":[[[-111.92840170024643,33.5774459467638],[-111.92840170024643,33.56679347835639],[-111.91647793030225,33.56900433061246],[-111.91647793030225,33.57965714553032],[-111.92840170024643,33.5774459467638]]]}},{"type":"Feature","properties":{"state":"Arizona","county":"Maricopa","s2_cell":"9740007038640979968","waymo_ro_miles":176321.4487348771,"incremental_miles":30464.015,"vintage_end":"202603","exposure_phase":"deployment"},"geometry":{"type":"Polygon","coordinates":[[[-111.92840170024643,33.56679347835639],[-111.92840170024643,33.55613984762178],[-111.91647793030225,33.55835035302383],[-111.91647793030225,33.56900433061246],[-111.92840170024643,33.56679347835639]]]}},{"type":"Feature","properties":{"state":"Arizona","county":"Maricopa","s2_cell":"9740007073000718336","waymo_ro_miles":19288.562185577794,"incremental_miles":2116.637,"vintage_end":"202603","exposure_phase":"deployment"},"geometry":{"type":"Polygon","coordinates":[[[-111.91647793030225,33.56900433061246],[-111.91647793030225,33.55835035302383],[-111.90455412316315,33.56055960915925],[-111.90455412316315,33.57121393334246],[-111.91647793030225,33.56900433061246]]]}},{"type":"Feature","properties":{"state":"Arizona","county":"Maricopa","s2_cell":"9740007107360456704","waymo_ro_miles":134568.87418934348,"incremental_miles":21950.659,"vintage_end":"202603","exposure_phase":"deployment"},"geometry":{"type":"Polygon","coordinates":[[[-111.91647793030225,33.57965714553032],[-111.91647793030225,33.56900433061246],[-111.90455412316315,33.57121393334246],[-111.90455412316315,33.58186709451153],[-111.91647793030225,33.57965714553032]]]}},{"type":"Feature","properties":{"state":"Arizona","county":"Maricopa","s2_cell":"9740007141720195072","waymo_ro_miles":131192.50676218641,"incremental_miles":21761.992,"vintage_end":"202603","exposure_phase":"deployment"},"geometry":{"type":"Polygon","coordinates":[[[-111.91647793030225,33.590308796928696],[-111.91647793030225,33.57965714553032],[-111.90455412316315,33.58186709451153],[-111.90455412316315,33.59251909181775],[-111.91647793030225,33.590308796928696]]]}},{"type":"Feature","properties":{"state":"Arizona","county":"Maricopa","s2_cell":"9740007176079933440","waymo_ro_miles":156628.78462545527,"incremental_miles":29273.641,"vintage_end":"202603","exposure_phase":"deployment"},"geometry":{"type":"Polygon","coordinates":[[[-111.92840170024643,33.588097251995265],[-111.92840170024643,33.5774459467638],[-111.91647793030225,33.57965714553032],[-111.91647793030225,33.590308796928696],[-111.92840170024643,33.588097251995265]]]}},{"type":"Feature","properties":{"state":"Arizona","county":"Maricopa","s2_cell":"9740007210439671808","waymo_ro_miles":152220.2386824464,"incremental_miles":28984.163,"vintage_end":"202603","exposure_phase":"deployment"},"geometry":{"type":"Polygon","coordinates":[[[-111.92840170024643,33.59874739320265],[-111.92840170024643,33.588097251995265],[-111.91647793030225,33.590308796928696],[-111.91647793030225,33.600959283959504],[-111.92840170024643,33.59874739320265]]]}},{"type":"Feature","properties":{"state":"Arizona","county":"Maricopa","s2_cell":"9740007244799410176","waymo_ro_miles":118117.87692252883,"incremental_miles":18934.331,"vintage_end":"202603","exposure_phase":"deployment"},"geometry":{"type":"Polygon","coordinates":[[[-111.91647793030225,33.600959283959504],[-111.91647793030225,33.590308796928696],[-111.90455412316315,33.59251909181775],[-111.90455412316315,33.60316992441306],[-111.91647793030225,33.600959283959504]]]}},{"type":"Feature","properties":{"state":"Arizona","county":"Maricopa","s2_cell":"9740007279159148544","waymo_ro_miles":9340.213551886358,"incremental_miles":1394.447,"vintage_end":"202603","exposure_phase":"deployment"},"geometry":{"type":"Polygon","coordinates":[[[-111.90455412316315,33.60316992441306],[-111.90455412316315,33.59251909181775],[-111.89263028034495,33.594728136452126],[-111.89263028034495,33.60537931435311],[-111.90455412316315,33.60316992441306]]]}},{"type":"Feature","properties":{"state":"Arizona","county":"Maricopa","s2_cell":"9740007313518886912","waymo_ro_miles":582.9057534236894,"incremental_miles":73.81,"vintage_end":"202603","exposure_phase":"deployment"},"geometry":{"type":"Polygon","coordinates":[[[-111.89263028034495,33.60537931435311],[-111.89263028034495,33.594728136452126],[-111.88070640336356,33.59693593062213],[-111.88070640336356,33.60758745357004],[-111.89263028034495,33.60537931435311]]]}},{"type":"Feature","properties":{"state":"Arizona","county":"Maricopa","s2_cell":"9740007347878625280","waymo_ro_miles":79.29654567274166,"incremental_miles":13.26,"vintage_end":"202603","exposure_phase":"deployment"},"geometry":{"type":"Polygon","coordinates":[[[-111.89263028034495,33.594728136452126],[-111.89263028034495,33.58407579349707],[-111.88070640336356,33.58628324227716],[-111.88070640336356,33.59693593062213],[-111.89263028034495,33.594728136452126]]]}},{"type":"Feature","properties":{"state":"Arizona","county":"Maricopa","s2_cell":"9740007382238363648","waymo_ro_miles":6189.842935882468,"incremental_miles":1040.279,"vintage_end":"202603","exposure_phase":"deployment"},"geometry":{"type":"Polygon","coordinates":[[[-111.90455412316315,33.59251909181775],[-111.90455412316315,33.58186709451153],[-111.89263028034495,33.58407579349707],[-111.89263028034495,33.594728136452126],[-111.90455412316315,33.59251909181775]]]}},{"type":"Feature","properties":{"state":"Arizona","county":"Maricopa","s2_cell":"9740007416598102016","waymo_ro_miles":32852.1035008693,"incremental_miles":5999.778,"vintage_end":"202603","exposure_phase":"deployment"},"geometry":{"type":"Polygon","coordinates":[[[-111.90455412316315,33.58186709451153],[-111.90455412316315,33.57121393334246],[-111.89263028034495,33.57342228633597],[-111.89263028034495,33.58407579349707],[-111.90455412316315,33.58186709451153]]]}},{"type":"Feature","properties":{"state":"Arizona","county":"Maricopa","s2_cell":"9740007450957840384","waymo_ro_miles":133311.75009244325,"incremental_miles":22505.187,"vintage_end":"202603","exposure_phase":"deployment"},"geometry":{"type":"Polygon","coordinates":[[[-111.90455412316315,33.57121393334246],[-111.90455412316315,33.56055960915925],[-111.89263028034495,33.562767615817506],[-111.89263028034495,33.57342228633597],[-111.90455412316315,33.57121393334246]]]}},{"type":"Feature","properties":{"state":"Arizona","county":"Maricopa","s2_cell":"9740007485317578752","waymo_ro_miles":15192.51866276465,"incremental_miles":2943.228,"vintage_end":"202603","exposure_phase":"deployment"},"geometry":{"type":"Polygon","coordinates":[[[-111.89263028034495,33.57342228633597],[-111.89263028034495,33.562767615817506],[-111.88070640336356,33.56497437278869],[-111.88070640336356,33.57562938938313],[-111.89263028034495,33.57342228633597]]]}},{"type":"Feature","properties":{"state":"Arizona","county":"Maricopa","s2_cell":"9740007519677317120","waymo_ro_miles":20428.603758030917,"incremental_miles":4103.357,"vintage_end":"202603","exposure_phase":"deployment"},"geometry":{"type":"Polygon","coordinates":[[[-111.89263028034495,33.58407579349707],[-111.89263028034495,33.57342228633597],[-111.88070640336356,33.57562938938313],[-111.88070640336356,33.58628324227716],[-111.89263028034495,33.58407579349707]]]}},{"type":"Feature","properties":{"state":"Arizona","county":"Maricopa","s2_cell":"9740007554037055488","waymo_ro_miles":594.321897877115,"incremental_miles":100.167,"vintage_end":"202603","exposure_phase":"deployment"},"geometry":{"type":"Polygon","coordinates":[[[-111.88070640336356,33.58628324227716],[-111.88070640336356,33.57562938938313],[-111.86878249373518,33.57783524227467],[-111.86878249373518,33.58848944064261],[-111.88070640336356,33.58628324227716]]]}},{"type":"Feature","properties":{"state":"Arizona","county":"Maricopa","s2_cell":"9740007828914962432","waymo_ro_miles":69.83901520834172,"incremental_miles":11.506,"vintage_end":"202603","exposure_phase":"deployment"},"geometry":{"type":"Polygon","coordinates":[[[-111.86878249373518,33.62044504300368],[-111.86878249373518,33.60979434185476],[-111.85685855297612,33.61199997899882],[-111.85685855297612,33.622651024334715],[-111.86878249373518,33.62044504300368]]]}},{"type":"Feature","properties":{"state":"Arizona","county":"Maricopa","s2_cell":"9740007863274700800","waymo_ro_miles":16978.69631821812,"incremental_miles":2643.532,"vintage_end":"202603","exposure_phase":"deployment"},"geometry":{"type":"Polygon","coordinates":[[[-111.86878249373518,33.631094576718716],[-111.86878249373518,33.62044504300368],[-111.85685855297612,33.622651024334715],[-111.85685855297612,33.63330090189415],[-111.86878249373518,33.631094576718716]]]}},{"type":"Feature","properties":{"state":"Arizona","county":"Maricopa","s2_cell":"9740007897634439168","waymo_ro_miles":27923.596323205573,"incremental_miles":4096.325,"vintage_end":"202603","exposure_phase":"deployment"},"geometry":{"type":"Polygon","coordinates":[[[-111.88070640336356,33.6288869998859],[-111.88070640336356,33.61823781027351],[-111.86878249373518,33.62044504300368],[-111.86878249373518,33.631094576718716],[-111.88070640336356,33.6288869998859]]]}},{"type":"Feature","properties":{"state":"Arizona","county":"Maricopa","s2_cell":"9740007931994177536","waymo_ro_miles":15256.859460795364,"incremental_miles":3480.156,"vintage_end":"202603","exposure_phase":"deployment"},"geometry":{"type":"Polygon","coordinates":[[[-111.88070640336356,33.61823781027351],[-111.88070640336356,33.60758745357004],[-111.86878249373518,33.60979434185476],[-111.86878249373518,33.62044504300368],[-111.88070640336356,33.61823781027351]]]}},{"type":"Feature","properties":{"state":"Arizona","county":"Maricopa","s2_cell":"9740007966353915904","waymo_ro_miles":24819.345019794247,"incremental_miles":5369.451,"vintage_end":"202603","exposure_phase":"deployment"},"geometry":{"type":"Polygon","coordinates":[[[-111.89263028034495,33.61602932635266],[-111.89263028034495,33.60537931435311],[-111.88070640336356,33.60758745357004],[-111.88070640336356,33.61823781027351],[-111.89263028034495,33.61602932635266]]]}},{"type":"Feature","properties":{"state":"Arizona","county":"Maricopa","s2_cell":"9740008035073392640","waymo_ro_miles":65222.15474871064,"incremental_miles":10015.668,"vintage_end":"202603","exposure_phase":"deployment"},"geometry":{"type":"Polygon","coordinates":[[[-111.90455412316315,33.62446809208204],[-111.90455412316315,33.613819591450074],[-111.89263028034495,33.61602932635266],[-111.89263028034495,33.62667817160404],[-111.90455412316315,33.62446809208204]]]}},{"type":"Feature","properties":{"state":"Arizona","county":"Maricopa","s2_cell":"9740008069433131008","waymo_ro_miles":36420.72782543353,"incremental_miles":4111.303,"vintage_end":"202603","exposure_phase":"deployment"},"geometry":{"type":"Polygon","coordinates":[[[-111.89263028034495,33.62667817160404],[-111.89263028034495,33.61602932635266],[-111.88070640336356,33.61823781027351],[-111.88070640336356,33.6288869998859],[-111.89263028034495,33.62667817160404]]]}},{"type":"Feature","properties":{"state":"Arizona","county":"Maricopa","s2_cell":"9740008103792869376","waymo_ro_miles":13285.895600475162,"incremental_miles":2424.099,"vintage_end":"202603","exposure_phase":"deployment"},"geometry":{"type":"Polygon","coordinates":[[[-111.89263028034495,33.63732584926122],[-111.89263028034495,33.62667817160404],[-111.88070640336356,33.6288869998859],[-111.88070640336356,33.63953502156116],[-111.89263028034495,33.63732584926122]]]}},{"type":"Feature","properties":{"state":"Arizona","county":"Maricopa","s2_cell":"9740008138152607744","waymo_ro_miles":63304.9733169909,"incremental_miles":10183.663,"vintage_end":"202603","exposure_phase":"deployment"},"geometry":{"type":"Polygon","coordinates":[[[-111.90455412316315,33.63511542546289],[-111.90455412316315,33.62446809208204],[-111.89263028034495,33.62667817160404],[-111.89263028034495,33.63732584926122],[-111.90455412316315,33.63511542546289]]]}},{"type":"Feature","properties":{"state":"Arizona","county":"Maricopa","s2_cell":"9740008172512346112","waymo_ro_miles":18002.728379818396,"incremental_miles":3427.48,"vintage_end":"202603","exposure_phase":"deployment"},"geometry":{"type":"Polygon","coordinates":[[[-111.90455412316315,33.6457615907472],[-111.90455412316315,33.63511542546289],[-111.89263028034495,33.63732584926122],[-111.89263028034495,33.647972358478775],[-111.90455412316315,33.6457615907472]]]}},{"type":"Feature","properties":{"state":"Arizona","county":"Maricopa","s2_cell":"9740008206872084480","waymo_ro_miles":12198.108497379524,"incremental_miles":3477.513,"vintage_end":"202603","exposure_phase":"deployment"},"geometry":{"type":"Polygon","coordinates":[[[-111.89263028034495,33.647972358478775],[-111.89263028034495,33.63732584926122],[-111.88070640336356,33.63953502156116],[-111.88070640336356,33.65018187445389],[-111.89263028034495,33.647972358478775]]]}},{"type":"Feature","properties":{"state":"Arizona","county":"Maricopa","s2_cell":"9740008241231822848","waymo_ro_miles":6353.383574614113,"incremental_miles":1795.14,"vintage_end":"202603","exposure_phase":"deployment"},"geometry":{"type":"Polygon","coordinates":[[[-111.88070640336356,33.65018187445389],[-111.88070640336356,33.63953502156116],[-111.86878249373518,33.64174294215387],[-111.86878249373518,33.6523901384638],[-111.88070640336356,33.65018187445389]]]}},{"type":"Feature","properties":{"state":"Arizona","county":"Maricopa","s2_cell":"9740008275591561216","waymo_ro_miles":12378.53396072481,"incremental_miles":1501.588,"vintage_end":"202603","exposure_phase":"deployment"},"geometry":{"type":"Polygon","coordinates":[[[-111.88070640336356,33.63953502156116],[-111.88070640336356,33.6288869998859],[-111.86878249373518,33.631094576718716],[-111.86878249373518,33.64174294215387],[-111.88070640336356,33.63953502156116]]]}},{"type":"Feature","properties":{"state":"Arizona","county":"Maricopa","s2_cell":"9740008309951299584","waymo_ro_miles":19533.55385429793,"incremental_miles":3803.132,"vintage_end":"202603","exposure_phase":"deployment"},"geometry":{"type":"Polygon","coordinates":[[[-111.86878249373518,33.64174294215387],[-111.86878249373518,33.631094576718716],[-111.85685855297612,33.63330090189415],[-111.85685855297612,33.643949610831115],[-111.86878249373518,33.64174294215387]]]}},{"type":"Feature","properties":{"state":"Arizona","county":"Maricopa","s2_cell":"9740008344311037952","waymo_ro_miles":3017.0004577216973,"incremental_miles":358.695,"vintage_end":"202603","exposure_phase":"deployment"},"geometry":{"type":"Polygon","coordinates":[[[-111.86878249373518,33.6523901384638],[-111.86878249373518,33.64174294215387],[-111.85685855297612,33.643949610831115],[-111.85685855297612,33.6545971503003],[-111.86878249373518,33.6523901384638]]]}},{"type":"Feature","properties":{"state":"Arizona","county":"Maricopa","s2_cell":"9740008378670776320","waymo_ro_miles":1003.4866455576616,"incremental_miles":97.947,"vintage_end":"202603","exposure_phase":"deployment"},"geometry":{"type":"Polygon","coordinates":[[[-111.86878249373518,33.66303616480381],[-111.86878249373518,33.6523901384638],[-111.85685855297612,33.6545971503003],[-111.85685855297612,33.66524351945705],[-111.86878249373518,33.66303616480381]]]}},{"type":"Feature","properties":{"state":"Arizona","county":"Maricopa","s2_cell":"9740008413030514688","waymo_ro_miles":2224.7255375069276,"incremental_miles":245.82,"vintage_end":"202603","exposure_phase":"deployment"},"geometry":{"type":"Polygon","coordinates":[[[-111.88070640336356,33.66082755771942],[-111.88070640336356,33.65018187445389],[-111.86878249373518,33.6523901384638],[-111.86878249373518,33.66303616480381],[-111.88070640336356,33.66082755771942]]]}},{"type":"Feature","properties":{"state":"Arizona","county":"Maricopa","s2_cell":"9740008859707113472","waymo_ro_miles":2999.1643479559093,"incremental_miles":414.371,"vintage_end":"202603","exposure_phase":"deployment"},"geometry":{"type":"Polygon","coordinates":[[[-111.89263028034495,33.65861769841199],[-111.89263028034495,33.647972358478775],[-111.88070640336356,33.65018187445389],[-111.88070640336356,33.66082755771942],[-111.89263028034495,33.65861769841199]]]}},{"type":"Feature","properties":{"state":"Arizona","county":"Maricopa","s2_cell":"9740008928426590208","waymo_ro_miles":10219.595772556702,"incremental_miles":1055.989,"vintage_end":"202603","exposure_phase":"deployment"},"geometry":{"type":"Polygon","coordinates":[[[-111.91647793030225,33.654194223963316],[-111.91647793030225,33.64354957146851],[-111.90455412316315,33.6457615907472],[-111.90455412316315,33.656406587090196],[-111.91647793030225,33.654194223963316]]]}},{"type":"Feature","properties":{"state":"Arizona","county":"Maricopa","s2_cell":"9740008997146066944","waymo_ro_miles":11096.015306446034,"incremental_miles":1843.679,"vintage_end":"202603","exposure_phase":"deployment"},"geometry":{"type":"Polygon","coordinates":[[[-111.92840170024643,33.6626237485309],[-111.92840170024643,33.65198060924121],[-111.91647793030225,33.654194223963316],[-111.91647793030225,33.6648377070159],[-111.92840170024643,33.6626237485309]]]}},{"type":"Feature","properties":{"state":"Arizona","county":"Maricopa","s2_cell":"9740009031505805312","waymo_ro_miles":69058.36516073468,"incremental_miles":12351.241,"vintage_end":"202603","exposure_phase":"deployment"},"geometry":{"type":"Polygon","coordinates":[[[-111.92840170024643,33.65198060924121],[-111.92840170024643,33.641336300852636],[-111.91647793030225,33.64354957146851],[-111.91647793030225,33.654194223963316],[-111.92840170024643,33.65198060924121]]]}},{"type":"Feature","properties":{"state":"Arizona","county":"Maricopa","s2_cell":"9740009065865543680","waymo_ro_miles":23210.93578365092,"incremental_miles":4073.124,"vintage_end":"202603","exposure_phase":"deployment"},"geometry":{"type":"Polygon","coordinates":[[[-111.94032543148008,33.64976574313428],[-111.94032543148008,33.63912177911006],[-111.92840170024643,33.641336300852636],[-111.92840170024643,33.65198060924121],[-111.94032543148008,33.64976574313428]]]}},{"type":"Feature","properties":{"state":"Arizona","county":"Maricopa","s2_cell":"9740009100225282048","waymo_ro_miles":43087.08286411881,"incremental_miles":7343.539,"vintage_end":"202603","exposure_phase":"deployment"},"geometry":{"type":"Polygon","coordinates":[[[-111.9522491224878,33.64754962585355],[-111.9522491224878,33.63690600645188],[-111.94032543148008,33.63912177911006],[-111.94032543148008,33.64976574313428],[-111.9522491224878,33.64754962585355]]]}},{"type":"Feature","properties":{"state":"Arizona","county":"Maricopa","s2_cell":"9740009134585020416","waymo_ro_miles":4015.572255680373,"incremental_miles":490.238,"vintage_end":"202603","exposure_phase":"deployment"},"geometry":{"type":"Polygon","coordinates":[[[-111.9522491224878,33.65819207684357],[-111.9522491224878,33.64754962585355],[-111.94032543148008,33.64976574313428],[-111.94032543148008,33.660408538403146],[-111.9522491224878,33.65819207684357]]]}},{"type":"Feature","properties":{"state":"Arizona","county":"Maricopa","s2_cell":"9740009168944758784","waymo_ro_miles":16248.183907011258,"incremental_miles":2253.564,"vintage_end":"202603","exposure_phase":"deployment"},"geometry":{"type":"Polygon","coordinates":[[[-111.94032543148008,33.660408538403146],[-111.94032543148008,33.64976574313428],[-111.92840170024643,33.65198060924121],[-111.92840170024643,33.6626237485309],[-111.94032543148008,33.660408538403146]]]}},{"type":"Feature","properties":{"state":"Arizona","county":"Maricopa","s2_cell":"9740062289100275712","waymo_ro_miles":154.89972240338335,"incremental_miles":34.961,"vintage_end":"202603","exposure_phase":"deployment"},"geometry":{"type":"Polygon","coordinates":[[[-111.8330105841322,33.45649186691539],[-111.8330105841322,33.44582155418478],[-111.82108655908091,33.448017895524195],[-111.82108655908091,33.458688557143624],[-111.8330105841322,33.45649186691539]]]}},{"type":"Feature","properties":{"state":"Arizona","county":"Maricopa","s2_cell":"9740062735776874496","waymo_ro_miles":13553.510216304576,"incremental_miles":2759.947,"vintage_end":"202603","exposure_phase":"deployment"},"geometry":{"type":"Polygon","coordinates":[[[-111.84493458260289,33.45429392881849],[-111.84493458260289,33.44362396523767],[-111.8330105841322,33.44582155418478],[-111.8330105841322,33.45649186691539],[-111.84493458260289,33.45429392881849]]]}},{"type":"Feature","properties":{"state":"Arizona","county":"Maricopa","s2_cell":"9740062770136612864","waymo_ro_miles":16017.41152321883,"incremental_miles":3105.306,"vintage_end":"202603","exposure_phase":"deployment"},"geometry":{"type":"Polygon","coordinates":[[[-111.85685855297612,33.452094743060734],[-111.85685855297612,33.44142512889074],[-111.84493458260289,33.44362396523767],[-111.84493458260289,33.45429392881849],[-111.85685855297612,33.452094743060734]]]}},{"type":"Feature","properties":{"state":"Arizona","county":"Maricopa","s2_cell":"9740062804496351232","waymo_ro_miles":23778.99226638297,"incremental_miles":3826.979,"vintage_end":"202603","exposure_phase":"deployment"},"geometry":{"type":"Polygon","coordinates":[[[-111.85685855297612,33.44142512889074],[-111.85685855297612,33.430754361426445],[-111.84493458260289,33.432952848019696],[-111.84493458260289,33.44362396523767],[-111.85685855297612,33.44142512889074]]]}},{"type":"Feature","properties":{"state":"Arizona","county":"Maricopa","s2_cell":"9740062838856089600","waymo_ro_miles":127623.47103532254,"incremental_miles":23401.39,"vintage_end":"202603","exposure_phase":"deployment"},"geometry":{"type":"Polygon","coordinates":[[[-111.85685855297612,33.430754361426445],[-111.85685855297612,33.42008244152564],[-111.84493458260289,33.422280578022374],[-111.84493458260289,33.432952848019696],[-111.85685855297612,33.430754361426445]]]}},{"type":"Feature","properties":{"state":"Arizona","county":"Maricopa","s2_cell":"9740062873215827968","waymo_ro_miles":52679.54337403245,"incremental_miles":8599.458,"vintage_end":"202603","exposure_phase":"deployment"},"geometry":{"type":"Polygon","coordinates":[[[-111.84493458260289,33.432952848019696],[-111.84493458260289,33.422280578022374],[-111.8330105841322,33.4244774676419],[-111.8330105841322,33.43515008747436],[-111.84493458260289,33.432952848019696]]]}},{"type":"Feature","properties":{"state":"Arizona","county":"Maricopa","s2_cell":"9740062907575566336","waymo_ro_miles":23386.965730924225,"incremental_miles":4240.63,"vintage_end":"202603","exposure_phase":"deployment"},"geometry":{"type":"Polygon","coordinates":[[[-111.84493458260289,33.44362396523767],[-111.84493458260289,33.432952848019696],[-111.8330105841322,33.43515008747436],[-111.8330105841322,33.44582155418478],[-111.84493458260289,33.44362396523767]]]}},{"type":"Feature","properties":{"state":"Arizona","county":"Maricopa","s2_cell":"9740062941935304704","waymo_ro_miles":59.17480803452596,"incremental_miles":14.113,"vintage_end":"202603","exposure_phase":"deployment"},"geometry":{"type":"Polygon","coordinates":[[[-111.8330105841322,33.44582155418478],[-111.8330105841322,33.43515008747436],[-111.82108655908091,33.43734607958247],[-111.82108655908091,33.448017895524195],[-111.8330105841322,33.44582155418478]]]}},{"type":"Feature","properties":{"state":"Arizona","county":"Maricopa","s2_cell":"9740063045014519808","waymo_ro_miles":1636.0628896035544,"incremental_miles":324.324,"vintage_end":"202603","exposure_phase":"deployment"},"geometry":{"type":"Polygon","coordinates":[[[-111.8330105841322,33.43515008747436],[-111.8330105841322,33.4244774676419],[-111.82108655908091,33.42667311017617],[-111.82108655908091,33.43734607958247],[-111.8330105841322,33.43515008747436]]]}},{"type":"Feature","properties":{"state":"Arizona","county":"Maricopa","s2_cell":"9740063079374258176","waymo_ro_miles":30669.120042630624,"incremental_miles":6207.976,"vintage_end":"202603","exposure_phase":"deployment"},"geometry":{"type":"Polygon","coordinates":[[[-111.8330105841322,33.4244774676419],[-111.8330105841322,33.41380369554579],[-111.82108655908091,33.415998988163686],[-111.82108655908091,33.42667311017617],[-111.8330105841322,33.4244774676419]]]}},{"type":"Feature","properties":{"state":"Arizona","county":"Maricopa","s2_cell":"9740063113733996544","waymo_ro_miles":2021.2422325048033,"incremental_miles":401.996,"vintage_end":"202603","exposure_phase":"deployment"},"geometry":{"type":"Polygon","coordinates":[[[-111.82108655908091,33.42667311017617],[-111.82108655908091,33.415998988163686],[-111.80916250896605,33.4181930337503],[-111.80916250896607,33.428867505417735],[-111.82108655908091,33.42667311017617]]]}},{"type":"Feature","properties":{"state":"Arizona","county":"Maricopa","s2_cell":"9740063148093734912","waymo_ro_miles":2216.113516266628,"incremental_miles":391.698,"vintage_end":"202603","exposure_phase":"deployment"},"geometry":{"type":"Polygon","coordinates":[[[-111.82108655908091,33.415998988163686],[-111.82108655908091,33.40532371440407],[-111.80916250896607,33.40751740999333],[-111.80916250896605,33.4181930337503],[-111.82108655908091,33.415998988163686]]]}},{"type":"Feature","properties":{"state":"Arizona","county":"Maricopa","s2_cell":"9740063182453473280","waymo_ro_miles":17225.866811709828,"incremental_miles":3035.185,"vintage_end":"202603","exposure_phase":"deployment"},"geometry":{"type":"Polygon","coordinates":[[[-111.8330105841322,33.41380369554579],[-111.8330105841322,33.40312877204509],[-111.82108655908091,33.40532371440407],[-111.82108655908091,33.415998988163686],[-111.8330105841322,33.41380369554579]]]}},{"type":"Feature","properties":{"state":"Arizona","county":"Maricopa","s2_cell":"9740063216813211648","waymo_ro_miles":77082.64875360641,"incremental_miles":13114.885,"vintage_end":"202603","exposure_phase":"deployment"},"geometry":{"type":"Polygon","coordinates":[[[-111.84493458260289,33.41160715610412],[-111.84493458260289,33.400932583124],[-111.8330105841322,33.40312877204509],[-111.8330105841322,33.41380369554579],[-111.84493458260289,33.41160715610412]]]}},{"type":"Feature","properties":{"state":"Arizona","county":"Maricopa","s2_cell":"9740063251172950016","waymo_ro_miles":88419.60859098136,"incremental_miles":15277.496,"vintage_end":"202603","exposure_phase":"deployment"},"geometry":{"type":"Polygon","coordinates":[[[-111.84493458260289,33.422280578022374],[-111.84493458260289,33.41160715610412],[-111.8330105841322,33.41380369554579],[-111.8330105841322,33.4244774676419],[-111.84493458260289,33.422280578022374]]]}},{"type":"Feature","properties":{"state":"Arizona","county":"Maricopa","s2_cell":"9740063285532688384","waymo_ro_miles":87784.76259654462,"incremental_miles":23119.752,"vintage_end":"202603","exposure_phase":"deployment"},"geometry":{"type":"Polygon","coordinates":[[[-111.85685855297612,33.42008244152564],[-111.85685855297612,33.409409370046795],[-111.84493458260289,33.41160715610412],[-111.84493458260289,33.422280578022374],[-111.85685855297612,33.42008244152564]]]}},{"type":"Feature","properties":{"state":"Arizona","county":"Maricopa","s2_cell":"9740063319892426752","waymo_ro_miles":104800.36412599993,"incremental_miles":21060.188,"vintage_end":"202603","exposure_phase":"deployment"},"geometry":{"type":"Polygon","coordinates":[[[-111.85685855297612,33.409409370046795],[-111.85685855297612,33.39873514784899],[-111.84493458260289,33.400932583124],[-111.84493458260289,33.41160715610412],[-111.85685855297612,33.409409370046795]]]}},{"type":"Feature","properties":{"state":"Arizona","county":"Maricopa","s2_cell":"9740063354252165120","waymo_ro_miles":78265.2852617309,"incremental_miles":14769.758,"vintage_end":"202603","exposure_phase":"deployment"},"geometry":{"type":"Polygon","coordinates":[[[-111.85685855297612,33.39873514784899],[-111.85685855297612,33.388059775792],[-111.84493458260289,33.390256859941786],[-111.84493458260289,33.400932583124],[-111.85685855297612,33.39873514784899]]]}},{"type":"Feature","properties":{"state":"Arizona","county":"Maricopa","s2_cell":"9740063388611903488","waymo_ro_miles":78428.61779949529,"incremental_miles":12640.71,"vintage_end":"202603","exposure_phase":"deployment"},"geometry":{"type":"Polygon","coordinates":[[[-111.84493458260289,33.400932583124],[-111.84493458260289,33.390256859941786],[-111.8330105841322,33.39245269799954],[-111.8330105841322,33.40312877204509],[-111.84493458260289,33.400932583124]]]}},{"type":"Feature","properties":{"state":"Arizona","county":"Maricopa","s2_cell":"9740063422971641856","waymo_ro_miles":43229.76740842667,"incremental_miles":6395.156,"vintage_end":"202603","exposure_phase":"deployment"},"geometry":{"type":"Polygon","coordinates":[[[-111.84493458260289,33.390256859941786],[-111.84493458260289,33.37957998741784],[-111.8330105841322,33.38177547426949],[-111.8330105841322,33.39245269799954],[-111.84493458260289,33.390256859941786]]]}},{"type":"Feature","properties":{"state":"Arizona","county":"Maricopa","s2_cell":"9740063457331380224","waymo_ro_miles":76028.76991194091,"incremental_miles":14647.536,"vintage_end":"202603","exposure_phase":"deployment"},"geometry":{"type":"Polygon","coordinates":[[[-111.85685855297612,33.388059775792],[-111.85685855297612,33.37738325473624],[-111.84493458260289,33.37957998741784],[-111.84493458260289,33.390256859941786],[-111.85685855297612,33.388059775792]]]}},{"type":"Feature","properties":{"state":"Arizona","county":"Maricopa","s2_cell":"9740063491691118592","waymo_ro_miles":25919.164120686648,"incremental_miles":4129.56,"vintage_end":"202603","exposure_phase":"deployment"},"geometry":{"type":"Polygon","coordinates":[[[-111.85685855297612,33.37738325473624],[-111.85685855297612,33.36670558554277],[-111.84493458260289,33.368901966413226],[-111.84493458260289,33.37957998741784],[-111.85685855297612,33.37738325473624]]]}},{"type":"Feature","properties":{"state":"Arizona","county":"Maricopa","s2_cell":"9740063526050856960","waymo_ro_miles":28036.23036894695,"incremental_miles":4475.131,"vintage_end":"202603","exposure_phase":"deployment"},"geometry":{"type":"Polygon","coordinates":[[[-111.85685855297612,33.36670558554277],[-111.85685855297612,33.356026769073324],[-111.84493458260289,33.35822279778965],[-111.84493458260289,33.368901966413226],[-111.85685855297612,33.36670558554277]]]}},{"type":"Feature","properties":{"state":"Arizona","county":"Maricopa","s2_cell":"9740063560410595328","waymo_ro_miles":41338.067904114636,"incremental_miles":4726.548,"vintage_end":"202603","exposure_phase":"deployment"},"geometry":{"type":"Polygon","coordinates":[[[-111.84493458260289,33.368901966413226],[-111.84493458260289,33.35822279778965],[-111.8330105841322,33.360417581200664],[-111.8330105841322,33.37109710171596],[-111.84493458260289,33.368901966413226]]]}},{"type":"Feature","properties":{"state":"Arizona","county":"Maricopa","s2_cell":"9740063594770333696","waymo_ro_miles":53825.55005636865,"incremental_miles":7184.597,"vintage_end":"202603","exposure_phase":"deployment"},"geometry":{"type":"Polygon","coordinates":[[[-111.84493458260289,33.37957998741784],[-111.84493458260289,33.368901966413226],[-111.8330105841322,33.37109710171596],[-111.8330105841322,33.38177547426949],[-111.84493458260289,33.37957998741784]]]}},{"type":"Feature","properties":{"state":"Arizona","county":"Maricopa","s2_cell":"9740063800928763904","waymo_ro_miles":1.5888008494576478,"incremental_miles":0.188,"vintage_end":"202603","exposure_phase":"deployment"},"geometry":{"type":"Polygon","coordinates":[[[-111.8330105841322,33.39245269799954],[-111.8330105841322,33.38177547426949],[-111.82108655908091,33.38396971508284],[-111.82108655908091,33.394647289757],[-111.8330105841322,33.39245269799954]]]}},{"type":"Feature","properties":{"state":"Arizona","county":"Maricopa","s2_cell":"9740063835288502272","waymo_ro_miles":110.92612474637724,"incremental_miles":24.356,"vintage_end":"202603","exposure_phase":"deployment"},"geometry":{"type":"Polygon","coordinates":[[[-111.8330105841322,33.40312877204509],[-111.8330105841322,33.39245269799954],[-111.82108655908091,33.394647289757],[-111.82108655908091,33.40532371440407],[-111.8330105841322,33.40312877204509]]]}},{"type":"Feature","properties":{"state":"Arizona","county":"Maricopa","s2_cell":"9740065278397513728","waymo_ro_miles":59945.5912616735,"incremental_miles":8388.18,"vintage_end":"202603","exposure_phase":"deployment"},"geometry":{"type":"Polygon","coordinates":[[[-111.84493458260289,33.34754248240945],[-111.84493458260289,33.33686102113566],[-111.8330105841322,33.33905509973469],[-111.8330105841322,33.34973691358591],[-111.84493458260289,33.34754248240945]]]}},{"type":"Feature","properties":{"state":"Arizona","county":"Maricopa","s2_cell":"9740065312757252096","waymo_ro_miles":43409.61117310238,"incremental_miles":5564.468,"vintage_end":"202603","exposure_phase":"deployment"},"geometry":{"type":"Polygon","coordinates":[[[-111.84493458260289,33.35822279778965],[-111.84493458260289,33.34754248240945],[-111.8330105841322,33.34973691358591],[-111.8330105841322,33.360417581200664],[-111.84493458260289,33.35822279778965]]]}},{"type":"Feature","properties":{"state":"Arizona","county":"Maricopa","s2_cell":"9740065347116990464","waymo_ro_miles":40033.422639041295,"incremental_miles":6961.737,"vintage_end":"202603","exposure_phase":"deployment"},"geometry":{"type":"Polygon","coordinates":[[[-111.85685855297612,33.356026769073324],[-111.85685855297612,33.345346806190264],[-111.84493458260289,33.34754248240945],[-111.84493458260289,33.35822279778965],[-111.85685855297612,33.356026769073324]]]}},{"type":"Feature","properties":{"state":"Arizona","county":"Maricopa","s2_cell":"9740065381476728832","waymo_ro_miles":32654.103288813185,"incremental_miles":4627.634,"vintage_end":"202603","exposure_phase":"deployment"},"geometry":{"type":"Polygon","coordinates":[[[-111.85685855297612,33.345346806190264],[-111.85685855297612,33.33466569775664],[-111.84493458260289,33.33686102113566],[-111.84493458260289,33.34754248240945],[-111.85685855297612,33.345346806190264]]]}},{"type":"Feature","properties":{"state":"Arizona","county":"Maricopa","s2_cell":"9740065415836467200","waymo_ro_miles":46882.74901869405,"incremental_miles":6912.113,"vintage_end":"202603","exposure_phase":"deployment"},"geometry":{"type":"Polygon","coordinates":[[[-111.85685855297612,33.33466569775664],[-111.85685855297612,33.323983444636134],[-111.84493458260289,33.32617841483193],[-111.84493458260289,33.33686102113566],[-111.85685855297612,33.33466569775664]]]}},{"type":"Feature","properties":{"state":"Arizona","county":"Maricopa","s2_cell":"9740065450196205568","waymo_ro_miles":54241.44081895924,"incremental_miles":7728.097,"vintage_end":"202603","exposure_phase":"deployment"},"geometry":{"type":"Polygon","coordinates":[[[-111.84493458260289,33.33686102113566],[-111.84493458260289,33.32617841483193],[-111.8330105841322,33.32837214051065],[-111.8330105841322,33.33905509973469],[-111.84493458260289,33.33686102113566]]]}},{"type":"Feature","properties":{"state":"Arizona","county":"Maricopa","s2_cell":"9740065484555943936","waymo_ro_miles":47258.305828637545,"incremental_miles":7424.966,"vintage_end":"202603","exposure_phase":"deployment"},"geometry":{"type":"Polygon","coordinates":[[[-111.84493458260289,33.32617841483193],[-111.84493458260289,33.315494664362575],[-111.8330105841322,33.3176880367781],[-111.8330105841322,33.32837214051065],[-111.84493458260289,33.32617841483193]]]}},{"type":"Feature","properties":{"state":"Arizona","county":"Maricopa","s2_cell":"9740065518915682304","waymo_ro_miles":33196.03189428118,"incremental_miles":5184.101,"vintage_end":"202603","exposure_phase":"deployment"},"geometry":{"type":"Polygon","coordinates":[[[-111.85685855297612,33.323983444636134],[-111.85685855297612,33.313300047693076],[-111.84493458260289,33.315494664362575],[-111.84493458260289,33.32617841483193],[-111.85685855297612,33.323983444636134]]]}},{"type":"Feature","properties":{"state":"Arizona","county":"Maricopa","s2_cell":"9740065553275420672","waymo_ro_miles":53051.85218046798,"incremental_miles":9377.872,"vintage_end":"202603","exposure_phase":"deployment"},"geometry":{"type":"Polygon","coordinates":[[[-111.85685855297612,33.313300047693076],[-111.85685855297612,33.302615507792446],[-111.84493458260289,33.304809770592556],[-111.84493458260289,33.315494664362575],[-111.85685855297612,33.313300047693076]]]}},{"type":"Feature","properties":{"state":"Arizona","county":"Maricopa","s2_cell":"9740065587635159040","waymo_ro_miles":22619.85648710839,"incremental_miles":2993.298,"vintage_end":"202603","exposure_phase":"deployment"},"geometry":{"type":"Polygon","coordinates":[[[-111.85685855297612,33.302615507792446],[-111.85685855297612,33.291929825799905],[-111.84493458260289,33.29412373438752],[-111.84493458260289,33.304809770592556],[-111.85685855297612,33.302615507792446]]]}},{"type":"Feature","properties":{"state":"Arizona","county":"Maricopa","s2_cell":"9740065621994897408","waymo_ro_miles":48116.64529092771,"incremental_miles":8038.413,"vintage_end":"202603","exposure_phase":"deployment"},"geometry":{"type":"Polygon","coordinates":[[[-111.84493458260289,33.304809770592556],[-111.84493458260289,33.29412373438752],[-111.8330105841322,33.29631639924787],[-111.8330105841322,33.30700278940197],[-111.84493458260289,33.304809770592556]]]}},{"type":"Feature","properties":{"state":"Arizona","county":"Maricopa","s2_cell":"9740065656354635776","waymo_ro_miles":52332.68288888708,"incremental_miles":8627.125,"vintage_end":"202603","exposure_phase":"deployment"},"geometry":{"type":"Polygon","coordinates":[[[-111.84493458260289,33.315494664362575],[-111.84493458260289,33.304809770592556],[-111.8330105841322,33.30700278940197],[-111.8330105841322,33.3176880367781],[-111.84493458260289,33.315494664362575]]]}},{"type":"Feature","properties":{"state":"Arizona","county":"Maricopa","s2_cell":"9740065690714374144","waymo_ro_miles":22.83121300329325,"incremental_miles":8.078,"vintage_end":"202603","exposure_phase":"deployment"},"geometry":{"type":"Polygon","coordinates":[[[-111.8330105841322,33.3176880367781],[-111.8330105841322,33.30700278940197],[-111.82108655908091,33.30919456401186],[-111.82108655908091,33.31988016473092],[-111.8330105841322,33.3176880367781]]]}},{"type":"Feature","properties":{"state":"Arizona","county":"Maricopa","s2_cell":"9740065793793589248","waymo_ro_miles":6.05941407376471,"incremental_miles":2.547,"vintage_end":"202603","exposure_phase":"deployment"},"geometry":{"type":"Polygon","coordinates":[[[-111.8330105841322,33.30700278940197],[-111.8330105841322,33.29631639924787],[-111.82108655908091,33.29850782017208],[-111.82108655908091,33.30919456401186],[-111.8330105841322,33.30700278940197]]]}},{"type":"Feature","properties":{"state":"Arizona","county":"Maricopa","s2_cell":"9740065931232542720","waymo_ro_miles":24.914070293081497,"incremental_miles":4.19,"vintage_end":"202603","exposure_phase":"deployment"},"geometry":{"type":"Polygon","coordinates":[[[-111.8330105841322,33.28562886718206],[-111.8330105841322,33.27494019407145],[-111.82108655908091,33.27713090659587],[-111.82108655908091,33.287819934077774],[-111.8330105841322,33.28562886718206]]]}},{"type":"Feature","properties":{"state":"Arizona","county":"Maricopa","s2_cell":"9740065965592281088","waymo_ro_miles":10749.826616037924,"incremental_miles":2000.081,"vintage_end":"202603","exposure_phase":"deployment"},"geometry":{"type":"Polygon","coordinates":[[[-111.84493458260289,33.28343655661373],[-111.84493458260289,33.27274823813812],[-111.8330105841322,33.27494019407145],[-111.8330105841322,33.28562886718206],[-111.84493458260289,33.28343655661373]]]}},{"type":"Feature","properties":{"state":"Arizona","county":"Maricopa","s2_cell":"9740065999952019456","waymo_ro_miles":20955.484368069523,"incremental_miles":3649.014,"vintage_end":"202603","exposure_phase":"deployment"},"geometry":{"type":"Polygon","coordinates":[[[-111.84493458260289,33.29412373438752],[-111.84493458260289,33.28343655661373],[-111.8330105841322,33.28562886718206],[-111.8330105841322,33.29631639924787],[-111.84493458260289,33.29412373438752]]]}},{"type":"Feature","properties":{"state":"Arizona","county":"Maricopa","s2_cell":"9740066034311757824","waymo_ro_miles":32355.923430757874,"incremental_miles":5630.866,"vintage_end":"202603","exposure_phase":"deployment"},"geometry":{"type":"Polygon","coordinates":[[[-111.85685855297612,33.291929825799905],[-111.85685855297612,33.281243002581746],[-111.84493458260289,33.28343655661373],[-111.84493458260289,33.29412373438752],[-111.85685855297612,33.291929825799905]]]}},{"type":"Feature","properties":{"state":"Arizona","county":"Maricopa","s2_cell":"9740066068671496192","waymo_ro_miles":12161.430919390017,"incremental_miles":1495.633,"vintage_end":"202603","exposure_phase":"deployment"},"geometry":{"type":"Polygon","coordinates":[[[-111.85685855297612,33.281243002581746],[-111.85685855297612,33.27055503900491],[-111.84493458260289,33.27274823813812],[-111.84493458260289,33.28343655661373],[-111.85685855297612,33.281243002581746]]]}},{"type":"Feature","properties":{"state":"Arizona","county":"Maricopa","s2_cell":"9740066103031234560","waymo_ro_miles":17383.062242014632,"incremental_miles":2579.867,"vintage_end":"202603","exposure_phase":"deployment"},"geometry":{"type":"Polygon","coordinates":[[[-111.85685855297612,33.27055503900491],[-111.85685855297612,33.25986593593701],[-111.84493458260289,33.262058779828266],[-111.84493458260289,33.27274823813812],[-111.85685855297612,33.27055503900491]]]}},{"type":"Feature","properties":{"state":"Arizona","county":"Maricopa","s2_cell":"9740066137390972928","waymo_ro_miles":8102.423694065421,"incremental_miles":1142.346,"vintage_end":"202603","exposure_phase":"deployment"},"geometry":{"type":"Polygon","coordinates":[[[-111.84493458260289,33.27274823813812],[-111.84493458260289,33.262058779828266],[-111.8330105841322,33.2642503807836],[-111.8330105841322,33.27494019407145],[-111.84493458260289,33.27274823813812]]]}},{"type":"Feature","properties":{"state":"Arizona","county":"Maricopa","s2_cell":"9740066171750711296","waymo_ro_miles":3589.8249941105337,"incremental_miles":709.225,"vintage_end":"202603","exposure_phase":"deployment"},"geometry":{"type":"Polygon","coordinates":[[[-111.84493458260289,33.262058779828266],[-111.84493458260289,33.251368182552405],[-111.8330105841322,33.25355942818672],[-111.8330105841322,33.2642503807836],[-111.84493458260289,33.262058779828266]]]}},{"type":"Feature","properties":{"state":"Arizona","county":"Maricopa","s2_cell":"9740066206110449664","waymo_ro_miles":20810.812197206622,"incremental_miles":2804.23,"vintage_end":"202603","exposure_phase":"deployment"},"geometry":{"type":"Polygon","coordinates":[[[-111.85685855297612,33.25986593593701],[-111.85685855297612,33.24917569424628],[-111.84493458260289,33.251368182552405],[-111.84493458260289,33.262058779828266],[-111.85685855297612,33.25986593593701]]]}},{"type":"Feature","properties":{"state":"Arizona","county":"Maricopa","s2_cell":"9740066240470188032","waymo_ro_miles":20703.095859606092,"incremental_miles":2786.064,"vintage_end":"202603","exposure_phase":"deployment"},"geometry":{"type":"Polygon","coordinates":[[[-111.85685855297612,33.24917569424628],[-111.85685855297612,33.23848431480166],[-111.84493458260289,33.240676447179425],[-111.84493458260289,33.251368182552405],[-111.85685855297612,33.24917569424628]]]}},{"type":"Feature","properties":{"state":"Arizona","county":"Maricopa","s2_cell":"9740066274829926400","waymo_ro_miles":4835.394385535497,"incremental_miles":692.29,"vintage_end":"202603","exposure_phase":"deployment"},"geometry":{"type":"Polygon","coordinates":[[[-111.85685855297612,33.23848431480166],[-111.85685855297612,33.227791798472666],[-111.84493458260289,33.22998357457887],[-111.84493458260289,33.240676447179425],[-111.85685855297612,33.23848431480166]]]}},{"type":"Feature","properties":{"state":"Arizona","county":"Maricopa","s2_cell":"9740066309189664768","waymo_ro_miles":8337.727071396024,"incremental_miles":970.996,"vintage_end":"202603","exposure_phase":"deployment"},"geometry":{"type":"Polygon","coordinates":[[[-111.84493458260289,33.240676447179425],[-111.84493458260289,33.22998357457887],[-111.8330105841322,33.232174108542004],[-111.8330105841322,33.242867337149676],[-111.84493458260289,33.240676447179425]]]}},{"type":"Feature","properties":{"state":"Arizona","county":"Maricopa","s2_cell":"9740066343549403136","waymo_ro_miles":11225.279683901908,"incremental_miles":1754.247,"vintage_end":"202603","exposure_phase":"deployment"},"geometry":{"type":"Polygon","coordinates":[[[-111.84493458260289,33.251368182552405],[-111.84493458260289,33.240676447179425],[-111.8330105841322,33.242867337149676],[-111.8330105841322,33.25355942818672],[-111.84493458260289,33.251368182552405]]]}},{"type":"Feature","properties":{"state":"California","county":"Los Angeles","s2_cell":"9278157729149485056","waymo_ro_miles":325.4363334802977,"incremental_miles":124.85,"vintage_end":"202603","exposure_phase":"deployment"},"geometry":{"type":"Polygon","coordinates":[[[-118.4980744223827,34.065622501621725],[-118.4980744223827,34.055392539190215],[-118.4863962961138,34.05833343982856],[-118.4863962961138,34.068563823956744],[-118.4980744223827,34.065622501621725]]]}},{"type":"Feature","properties":{"state":"California","county":"Los Angeles","s2_cell":"9278157763509223424","waymo_ro_miles":87010.57843826392,"incremental_miles":26427.622,"vintage_end":"202603","exposure_phase":"deployment"},"geometry":{"type":"Polygon","coordinates":[[[-118.4980744223827,34.055392539190215],[-118.4980744223827,34.04516148074722],[-118.4863962961138,34.04810195926861],[-118.4863962961138,34.05833343982856],[-118.4980744223827,34.055392539190215]]]}},{"type":"Feature","properties":{"state":"California","county":"Los Angeles","s2_cell":"9278157797868961792","waymo_ro_miles":1658.2035113754055,"incremental_miles":497.803,"vintage_end":"202603","exposure_phase":"deployment"},"geometry":{"type":"Polygon","coordinates":[[[-118.50975172272118,34.05245053820491],[-118.50975172272118,34.04221990214465],[-118.4980744223827,34.04516148074722],[-118.4980744223827,34.055392539190215],[-118.50975172272118,34.05245053820491]]]}},{"type":"Feature","properties":{"state":"California","county":"Los Angeles","s2_cell":"9278157832228700160","waymo_ro_miles":1668.1077742278733,"incremental_miles":504.375,"vintage_end":"202603","exposure_phase":"deployment"},"geometry":{"type":"Polygon","coordinates":[[[-118.52142819584975,34.04950743735933],[-118.52142819584975,34.039277223947664],[-118.50975172272118,34.04221990214465],[-118.50975172272118,34.05245053820491],[-118.52142819584975,34.04950743735933]]]}},{"type":"Feature","properties":{"state":"California","county":"Los Angeles","s2_cell":"9278157900948176896","waymo_ro_miles":1.5773039759793386,"incremental_miles":1.353,"vintage_end":"202603","exposure_phase":"deployment"},"geometry":{"type":"Polygon","coordinates":[[[-118.53310384048967,34.056791932887904],[-118.53310384048967,34.046563237140646],[-118.52142819584975,34.04950743735933],[-118.52142819584975,34.05973655560042],[-118.53310384048967,34.056791932887904]]]}},{"type":"Feature","properties":{"state":"California","county":"Los Angeles","s2_cell":"9278157935307915264","waymo_ro_miles":7.442965557215076,"incremental_miles":5.642,"vintage_end":"202603","exposure_phase":"deployment"},"geometry":{"type":"Polygon","coordinates":[[[-118.53310384048967,34.046563237140646],[-118.53310384048967,34.03633344664345],[-118.52142819584975,34.039277223947664],[-118.52142819584975,34.04950743735933],[-118.53310384048967,34.046563237140646]]]}},{"type":"Feature","properties":{"state":"California","county":"Los Angeles","s2_cell":"9278157969667653632","waymo_ro_miles":2.020258970344841,"incremental_miles":1.693,"vintage_end":"202603","exposure_phase":"deployment"},"geometry":{"type":"Polygon","coordinates":[[[-118.54477865536275,34.04361793803641],[-118.54477865536275,34.03338857071962],[-118.53310384048967,34.03633344664345],[-118.53310384048967,34.046563237140646],[-118.54477865536275,34.04361793803641]]]}},{"type":"Feature","properties":{"state":"California","county":"Los Angeles","s2_cell":"9278159069179281408","waymo_ro_miles":4.789752591122065,"incremental_miles":4.021,"vintage_end":"202603","exposure_phase":"deployment"},"geometry":{"type":"Polygon","coordinates":[[[-118.53310384048967,34.03633344664345],[-118.53310384048967,34.02610256214948],[-118.52142819584975,34.02904591611854],[-118.52142819584975,34.039277223947664],[-118.53310384048967,34.03633344664345]]]}},{"type":"Feature","properties":{"state":"California","county":"Los Angeles","s2_cell":"9278159137898758144","waymo_ro_miles":39345.99419560478,"incremental_miles":10952.499,"vintage_end":"202603","exposure_phase":"deployment"},"geometry":{"type":"Polygon","coordinates":[[[-118.52142819584975,34.02904591611854],[-118.52142819584975,34.01881351462568],[-118.50975172272118,34.02175534626379],[-118.50975172272118,34.03198817124638],[-118.52142819584975,34.02904591611854]]]}},{"type":"Feature","properties":{"state":"California","county":"Los Angeles","s2_cell":"9278159172258496512","waymo_ro_miles":17632.827654926452,"incremental_miles":5128.882,"vintage_end":"202603","exposure_phase":"deployment"},"geometry":{"type":"Polygon","coordinates":[[[-118.52142819584975,34.039277223947664],[-118.52142819584975,34.02904591611854],[-118.50975172272118,34.03198817124638],[-118.50975172272118,34.04221990214465],[-118.52142819584975,34.039277223947664]]]}},{"type":"Feature","properties":{"state":"California","county":"Los Angeles","s2_cell":"9278159206618234880","waymo_ro_miles":104948.9739854225,"incremental_miles":29808.292,"vintage_end":"202603","exposure_phase":"deployment"},"geometry":{"type":"Polygon","coordinates":[[[-118.50975172272118,34.04221990214465],[-118.50975172272118,34.03198817124638],[-118.4980744223827,34.034929327045774],[-118.4980744223827,34.04516148074722],[-118.50975172272118,34.04221990214465]]]}},{"type":"Feature","properties":{"state":"California","county":"Los Angeles","s2_cell":"9278159240977973248","waymo_ro_miles":50748.78519037763,"incremental_miles":14827.025,"vintage_end":"202603","exposure_phase":"deployment"},"geometry":{"type":"Polygon","coordinates":[[[-118.4980744223827,34.04516148074722],[-118.4980744223827,34.034929327045774],[-118.4863962961138,34.0378693830299],[-118.4863962961138,34.04810195926861],[-118.4980744223827,34.04516148074722]]]}},{"type":"Feature","properties":{"state":"California","county":"Los Angeles","s2_cell":"9278159275337711616","waymo_ro_miles":195355.7189024523,"incremental_miles":50821.97,"vintage_end":"202603","exposure_phase":"deployment"},"geometry":{"type":"Polygon","coordinates":[[[-118.4980744223827,34.034929327045774],[-118.4980744223827,34.02469607883954],[-118.4863962961138,34.027635711866054],[-118.4863962961138,34.0378693830299],[-118.4980744223827,34.034929327045774]]]}},{"type":"Feature","properties":{"state":"California","county":"Los Angeles","s2_cell":"9278159309697449984","waymo_ro_miles":143944.33043858976,"incremental_miles":37979.82,"vintage_end":"202603","exposure_phase":"deployment"},"geometry":{"type":"Polygon","coordinates":[[[-118.50975172272118,34.03198817124638],[-118.50975172272118,34.02175534626379],[-118.4980744223827,34.02469607883954],[-118.4980744223827,34.034929327045774],[-118.50975172272118,34.03198817124638]]]}},{"type":"Feature","properties":{"state":"California","county":"Los Angeles","s2_cell":"9278159344057188352","waymo_ro_miles":123127.1622977463,"incremental_miles":32479.915,"vintage_end":"202603","exposure_phase":"deployment"},"geometry":{"type":"Polygon","coordinates":[[[-118.50975172272118,34.02175534626379],[-118.50975172272118,34.01152142795113],[-118.4980744223827,34.01446173688272],[-118.4980744223827,34.02469607883954],[-118.50975172272118,34.02175534626379]]]}},{"type":"Feature","properties":{"state":"California","county":"Los Angeles","s2_cell":"9278159378416926720","waymo_ro_miles":487311.97420686047,"incremental_miles":120260.103,"vintage_end":"202603","exposure_phase":"deployment"},"geometry":{"type":"Polygon","coordinates":[[[-118.4980744223827,34.02469607883954],[-118.4980744223827,34.01446173688272],[-118.4863962961138,34.017400946531254],[-118.4863962961138,34.027635711866054],[-118.4980744223827,34.02469607883954]]]}},{"type":"Feature","properties":{"state":"California","county":"Los Angeles","s2_cell":"9278159412776665088","waymo_ro_miles":271284.33433113905,"incremental_miles":67801.834,"vintage_end":"202603","exposure_phase":"deployment"},"geometry":{"type":"Polygon","coordinates":[[[-118.4980744223827,34.01446173688272],[-118.4980744223827,34.004226301930125],[-118.4863962961138,34.00716508778025],[-118.4863962961138,34.017400946531254],[-118.4980744223827,34.01446173688272]]]}},{"type":"Feature","properties":{"state":"California","county":"Los Angeles","s2_cell":"9278159790733787136","waymo_ro_miles":35849.29772936896,"incremental_miles":8755.99,"vintage_end":"202603","exposure_phase":"deployment"},"geometry":{"type":"Polygon","coordinates":[[[-118.4980744223827,34.004226301930125],[-118.4980744223827,33.9939897747371],[-118.4863962961138,33.99692813636837],[-118.4863962961138,34.00716508778025],[-118.4980744223827,34.004226301930125]]]}},{"type":"Feature","properties":{"state":"California","county":"Los Angeles","s2_cell":"9278172091520122880","waymo_ro_miles":7806.316452870764,"incremental_miles":2625.307,"vintage_end":"202603","exposure_phase":"deployment"},"geometry":{"type":"Polygon","coordinates":[[[-118.45135697452811,33.95452912919473],[-118.4513569745281,33.944284359087185],[-118.4396755573443,33.94721577311227],[-118.4396755573443,33.95746096889399],[-118.45135697452811,33.95452912919473]]]}},{"type":"Feature","properties":{"state":"California","county":"Los Angeles","s2_cell":"9278172125879861248","waymo_ro_miles":33471.99561174154,"incremental_miles":10142.028,"vintage_end":"202603","exposure_phase":"deployment"},"geometry":{"type":"Polygon","coordinates":[[[-118.45135697452811,33.964772809924185],[-118.45135697452811,33.95452912919473],[-118.4396755573443,33.95746096889399],[-118.4396755573443,33.967705074877465],[-118.45135697452811,33.964772809924185]]]}},{"type":"Feature","properties":{"state":"California","county":"Los Angeles","s2_cell":"9278172194599337984","waymo_ro_miles":27124.11103981695,"incremental_miles":6587.832,"vintage_end":"202603","exposure_phase":"deployment"},"geometry":{"type":"Polygon","coordinates":[[[-118.46303757090548,33.97208161083505],[-118.46303757090548,33.96183944534293],[-118.45135697452811,33.964772809924185],[-118.45135697452811,33.97501540051689],[-118.46303757090548,33.97208161083505]]]}},{"type":"Feature","properties":{"state":"California","county":"Los Angeles","s2_cell":"9278172228959076352","waymo_ro_miles":9466.742805528549,"incremental_miles":2524.079,"vintage_end":"202603","exposure_phase":"deployment"},"geometry":{"type":"Polygon","coordinates":[[[-118.45135697452811,33.97501540051689],[-118.45135697452811,33.964772809924185],[-118.4396755573443,33.967705074877465],[-118.4396755573443,33.97794809030404],[-118.45135697452811,33.97501540051689]]]}},{"type":"Feature","properties":{"state":"California","county":"Los Angeles","s2_cell":"9278172263318814720","waymo_ro_miles":192277.6257136602,"incremental_miles":49035.23,"vintage_end":"202603","exposure_phase":"deployment"},"geometry":{"type":"Polygon","coordinates":[[[-118.4396755573443,33.97794809030404],[-118.4396755573443,33.967705074877465],[-118.42799332063665,33.9706362397177],[-118.42799332063665,33.98087967971151],[-118.4396755573443,33.97794809030404]]]}},{"type":"Feature","properties":{"state":"California","county":"Los Angeles","s2_cell":"9278172297678553088","waymo_ro_miles":34385.37020875747,"incremental_miles":19076.961,"vintage_end":"202603","exposure_phase":"deployment"},"geometry":{"type":"Polygon","coordinates":[[[-118.4396755573443,33.967705074877465],[-118.4396755573443,33.95746096889399],[-118.42799332063665,33.960391708747],[-118.42799332063665,33.9706362397177],[-118.4396755573443,33.967705074877465]]]}},{"type":"Feature","properties":{"state":"California","county":"Los Angeles","s2_cell":"9278172332038291456","waymo_ro_miles":128240.67387355704,"incremental_miles":30134.774,"vintage_end":"202603","exposure_phase":"deployment"},"geometry":{"type":"Polygon","coordinates":[[[-118.42799332063665,33.9706362397177],[-118.42799332063665,33.960391708747],[-118.41631026568835,33.963321348269105],[-118.41631026568835,33.9735663039603],[-118.42799332063665,33.9706362397177]]]}},{"type":"Feature","properties":{"state":"California","county":"Los Angeles","s2_cell":"9278172366398029824","waymo_ro_miles":101225.98160713179,"incremental_miles":30445.998,"vintage_end":"202603","exposure_phase":"deployment"},"geometry":{"type":"Polygon","coordinates":[[[-118.42799332063665,33.98087967971151],[-118.42799332063665,33.9706362397177],[-118.41631026568835,33.9735663039603],[-118.41631026568835,33.9838101682547],[-118.42799332063665,33.98087967971151]]]}},{"type":"Feature","properties":{"state":"California","county":"Los Angeles","s2_cell":"9278172400757768192","waymo_ro_miles":266113.6964871926,"incremental_miles":69495.169,"vintage_end":"202603","exposure_phase":"deployment"},"geometry":{"type":"Polygon","coordinates":[[[-118.41631026568835,33.9838101682547],[-118.41631026568835,33.9735663039603],[-118.40462639378326,33.97649526712107],[-118.40462639378326,33.9867395554495],[-118.41631026568835,33.9838101682547]]]}},{"type":"Feature","properties":{"state":"California","county":"Los Angeles","s2_cell":"9278172435117506560","waymo_ro_miles":395597.0969547983,"incremental_miles":107102.724,"vintage_end":"202603","exposure_phase":"deployment"},"geometry":{"type":"Polygon","coordinates":[[[-118.40462639378326,33.9867395554495],[-118.40462639378326,33.97649526712107],[-118.39294170620582,33.97942312871625],[-118.39294170620582,33.9896678408122],[-118.40462639378326,33.9867395554495]]]}},{"type":"Feature","properties":{"state":"California","county":"Los Angeles","s2_cell":"9278172469477244928","waymo_ro_miles":126804.96931771674,"incremental_miles":36731.782,"vintage_end":"202603","exposure_phase":"deployment"},"geometry":{"type":"Polygon","coordinates":[[[-118.40462639378326,33.97649526712107],[-118.40462639378326,33.96624988697607],[-118.39294170620582,33.9691773243841],[-118.39294170620582,33.97942312871625],[-118.40462639378326,33.97649526712107]]]}},{"type":"Feature","properties":{"state":"California","county":"Los Angeles","s2_cell":"9278172538196721664","waymo_ro_miles":97468.18971224582,"incremental_miles":24403.963,"vintage_end":"202603","exposure_phase":"deployment"},"geometry":{"type":"Polygon","coordinates":[[[-118.41631026568835,33.963321348269105],[-118.41631026568835,33.9530753019397],[-118.40462639378326,33.95600341577306],[-118.40462639378326,33.96624988697607],[-118.41631026568835,33.963321348269105]]]}},{"type":"Feature","properties":{"state":"California","county":"Los Angeles","s2_cell":"9278172572556460032","waymo_ro_miles":176787.36593475667,"incremental_miles":49108.619,"vintage_end":"202603","exposure_phase":"deployment"},"geometry":{"type":"Polygon","coordinates":[[[-118.40462639378326,33.96624988697607],[-118.40462639378326,33.95600341577306],[-118.39294170620582,33.95893042857426],[-118.39294170620582,33.9691773243841],[-118.40462639378326,33.96624988697607]]]}},{"type":"Feature","properties":{"state":"California","county":"Los Angeles","s2_cell":"9278172606916198400","waymo_ro_miles":29894.68735322957,"incremental_miles":8191.634,"vintage_end":"202603","exposure_phase":"deployment"},"geometry":{"type":"Polygon","coordinates":[[[-118.40462639378326,33.95600341577306],[-118.40462639378326,33.94575585427115],[-118.39294170620582,33.948682442045815],[-118.39294170620582,33.95893042857426],[-118.40462639378326,33.95600341577306]]]}},{"type":"Feature","properties":{"state":"California","county":"Los Angeles","s2_cell":"9278172709995413504","waymo_ro_miles":65050.34785037971,"incremental_miles":17670.697,"vintage_end":"202603","exposure_phase":"deployment"},"geometry":{"type":"Polygon","coordinates":[[[-118.42799332063665,33.960391708747],[-118.42799332063665,33.950146087558],[-118.41631026568835,33.9530753019397],[-118.41631026568835,33.963321348269105],[-118.42799332063665,33.960391708747]]]}},{"type":"Feature","properties":{"state":"California","county":"Los Angeles","s2_cell":"9278172744355151872","waymo_ro_miles":11405.005319378404,"incremental_miles":3240.886,"vintage_end":"202603","exposure_phase":"deployment"},"geometry":{"type":"Polygon","coordinates":[[[-118.4396755573443,33.95746096889399],[-118.4396755573443,33.94721577311227],[-118.42799332063665,33.950146087558],[-118.42799332063665,33.960391708747],[-118.4396755573443,33.95746096889399]]]}},{"type":"Feature","properties":{"state":"California","county":"Los Angeles","s2_cell":"9278172984873320448","waymo_ro_miles":16.17358569323115,"incremental_miles":-5.614,"vintage_end":"202603","exposure_phase":"deployment"},"geometry":{"type":"Polygon","coordinates":[[[-118.40462639378326,33.94575585427115],[-118.40462639378326,33.93550720323001],[-118.39294170620582,33.9384333655584],[-118.39294170620582,33.948682442045815],[-118.40462639378326,33.94575585427115]]]}},{"type":"Feature","properties":{"state":"California","county":"Los Angeles","s2_cell":"9278173019233058816","waymo_ro_miles":15.869646231524019,"incremental_miles":-4.781,"vintage_end":"202603","exposure_phase":"deployment"},"geometry":{"type":"Polygon","coordinates":[[[-118.40462639378326,33.93550720323001],[-118.40462639378326,33.9252574634099],[-118.39294170620582,33.92818319987224],[-118.39294170620582,33.9384333655584],[-118.40462639378326,33.93550720323001]]]}},{"type":"Feature","properties":{"state":"California","county":"Los Angeles","s2_cell":"9278178585510674432","waymo_ro_miles":28008.46739847058,"incremental_miles":6698.112,"vintage_end":"202603","exposure_phase":"deployment"},"geometry":{"type":"Polygon","coordinates":[[[-118.33450607823356,33.95304765281854],[-118.33450607823356,33.94279536180754],[-118.32281652363083,33.94571448674347],[-118.32281652363086,33.95596720201868],[-118.33450607823356,33.95304765281854]]]}},{"type":"Feature","properties":{"state":"California","county":"Los Angeles","s2_cell":"9278178619870412800","waymo_ro_miles":29800.556517264176,"incremental_miles":6795.741,"vintage_end":"202603","exposure_phase":"deployment"},"geometry":{"type":"Polygon","coordinates":[[[-118.33450607823356,33.96329885253376],[-118.33450607823356,33.95304765281854],[-118.32281652363086,33.95596720201868],[-118.32281652363086,33.966218825579055],[-118.33450607823356,33.96329885253376]]]}},{"type":"Feature","properties":{"state":"California","county":"Los Angeles","s2_cell":"9278178654230151168","waymo_ro_miles":33384.93248497339,"incremental_miles":9097.574,"vintage_end":"202603","exposure_phase":"deployment"},"geometry":{"type":"Polygon","coordinates":[[[-118.34619482488387,33.96037777582885],[-118.34619482488387,33.950127000225535],[-118.33450607823356,33.95304765281854],[-118.33450607823356,33.96329885253376],[-118.34619482488387,33.96037777582885]]]}},{"type":"Feature","properties":{"state":"California","county":"Los Angeles","s2_cell":"9278178688589889536","waymo_ro_miles":32439.55272357474,"incremental_miles":8399.557,"vintage_end":"202603","exposure_phase":"deployment"},"geometry":{"type":"Polygon","coordinates":[[[-118.34619482488387,33.950127000225535],[-118.34619482488387,33.939875133745595],[-118.33450607823356,33.94279536180754],[-118.33450607823356,33.95304765281854],[-118.34619482488387,33.950127000225535]]]}},{"type":"Feature","properties":{"state":"California","county":"Los Angeles","s2_cell":"9278178722949627904","waymo_ro_miles":5085.296032671147,"incremental_miles":1798.609,"vintage_end":"202603","exposure_phase":"deployment"},"geometry":{"type":"Polygon","coordinates":[[[-118.34619482488387,33.939875133745595],[-118.34619482488387,33.9296221771497],[-118.33450607823356,33.93254198026139],[-118.33450607823356,33.94279536180754],[-118.34619482488387,33.939875133745595]]]}},{"type":"Feature","properties":{"state":"California","county":"Los Angeles","s2_cell":"9278178757309366272","waymo_ro_miles":8.461075788079762,"incremental_miles":3.285,"vintage_end":"202603","exposure_phase":"deployment"},"geometry":{"type":"Polygon","coordinates":[[[-118.33450607823356,33.94279536180754],[-118.33450607823356,33.93254198026139],[-118.32281652363083,33.93546068051404],[-118.32281652363083,33.94571448674347],[-118.33450607823356,33.94279536180754]]]}},{"type":"Feature","properties":{"state":"California","county":"Los Angeles","s2_cell":"9278178894748319744","waymo_ro_miles":4046.8315643525125,"incremental_miles":1519.137,"vintage_end":"202603","exposure_phase":"deployment"},"geometry":{"type":"Polygon","coordinates":[[[-118.3578827622935,33.93695380303904],[-118.3578827622935,33.926701271660434],[-118.34619482488387,33.9296221771497],[-118.34619482488387,33.939875133745595],[-118.3578827622935,33.93695380303904]]]}},{"type":"Feature","properties":{"state":"California","county":"Los Angeles","s2_cell":"9278178929108058112","waymo_ro_miles":610.4589108147419,"incremental_miles":221.484,"vintage_end":"202603","exposure_phase":"deployment"},"geometry":{"type":"Polygon","coordinates":[[[-118.36956988917491,33.93403137016971],[-118.36956988917491,33.923779264275474],[-118.3578827622935,33.926701271660434],[-118.3578827622935,33.93695380303904],[-118.36956988917491,33.93403137016971]]]}},{"type":"Feature","properties":{"state":"California","county":"Los Angeles","s2_cell":"9278179066547011584","waymo_ro_miles":0.8847653141492219,"incremental_miles":-0.441,"vintage_end":"202603","exposure_phase":"deployment"},"geometry":{"type":"Polygon","coordinates":[[[-118.39294170620582,33.92818319987224],[-118.39294170620582,33.91793194574812],[-118.38125620424114,33.92085615547712],[-118.38125620424114,33.931107835619876],[-118.39294170620582,33.92818319987224]]]}},{"type":"Feature","properties":{"state":"California","county":"Los Angeles","s2_cell":"9278179100906749952","waymo_ro_miles":16.55357681404336,"incremental_miles":-7.599,"vintage_end":"202603","exposure_phase":"deployment"},"geometry":{"type":"Polygon","coordinates":[[[-118.38125620424114,33.931107835619876],[-118.38125620424114,33.92085615547712],[-118.36956988917491,33.923779264275474],[-118.36956988917491,33.93403137016971],[-118.38125620424114,33.931107835619876]]]}},{"type":"Feature","properties":{"state":"California","county":"Los Angeles","s2_cell":"9278179135266488320","waymo_ro_miles":2005.0687867710428,"incremental_miles":1334.259,"vintage_end":"202603","exposure_phase":"deployment"},"geometry":{"type":"Polygon","coordinates":[[[-118.38125620424114,33.941358426905005],[-118.38125620424114,33.931107835619876],[-118.36956988917491,33.93403137016971],[-118.36956988917491,33.94428238678677],[-118.38125620424114,33.941358426905005]]]}},{"type":"Feature","properties":{"state":"California","county":"Los Angeles","s2_cell":"9278179169626226688","waymo_ro_miles":11.286002976329492,"incremental_miles":-5.783,"vintage_end":"202603","exposure_phase":"deployment"},"geometry":{"type":"Polygon","coordinates":[[[-118.39294170620582,33.9384333655584],[-118.39294170620582,33.92818319987224],[-118.38125620424114,33.931107835619876],[-118.38125620424114,33.941358426905005],[-118.39294170620582,33.9384333655584]]]}},{"type":"Feature","properties":{"state":"California","county":"Los Angeles","s2_cell":"9278179203985965056","waymo_ro_miles":5221.265392765771,"incremental_miles":5212.07,"vintage_end":"202603","exposure_phase":"deployment"},"geometry":{"type":"Polygon","coordinates":[[[-118.39294170620582,33.948682442045815],[-118.39294170620582,33.9384333655584],[-118.38125620424114,33.941358426905005],[-118.38125620424114,33.95160792857174],[-118.39294170620582,33.948682442045815]]]}},{"type":"Feature","properties":{"state":"California","county":"Los Angeles","s2_cell":"9278179238345703424","waymo_ro_miles":42942.64771514094,"incremental_miles":28844.139,"vintage_end":"202603","exposure_phase":"deployment"},"geometry":{"type":"Polygon","coordinates":[[[-118.38125620424114,33.95160792857174],[-118.38125620424114,33.941358426905005],[-118.36956988917491,33.94428238678677],[-118.36956988917491,33.95453231336588],[-118.38125620424114,33.95160792857174]]]}},{"type":"Feature","properties":{"state":"California","county":"Los Angeles","s2_cell":"9278179272705441792","waymo_ro_miles":241015.72403571958,"incremental_miles":51463.464,"vintage_end":"202603","exposure_phase":"deployment"},"geometry":{"type":"Polygon","coordinates":[[[-118.36956988917491,33.95453231336588],[-118.36956988917491,33.94428238678677],[-118.3578827622935,33.94720524472101],[-118.3578827622935,33.957455595945646],[-118.36956988917491,33.95453231336588]]]}},{"type":"Feature","properties":{"state":"California","county":"Los Angeles","s2_cell":"9278179307065180160","waymo_ro_miles":71517.93974782315,"incremental_miles":19533.268,"vintage_end":"202603","exposure_phase":"deployment"},"geometry":{"type":"Polygon","coordinates":[[[-118.36956988917491,33.94428238678677],[-118.36956988917491,33.93403137016971],[-118.3578827622935,33.93695380303904],[-118.3578827622935,33.94720524472101],[-118.36956988917491,33.94428238678677]]]}},{"type":"Feature","properties":{"state":"California","county":"Los Angeles","s2_cell":"9278179341424918528","waymo_ro_miles":184542.58061388912,"incremental_miles":46624.508,"vintage_end":"202603","exposure_phase":"deployment"},"geometry":{"type":"Polygon","coordinates":[[[-118.3578827622935,33.94720524472101],[-118.3578827622935,33.93695380303904],[-118.34619482488387,33.939875133745595],[-118.34619482488387,33.950127000225535],[-118.3578827622935,33.94720524472101]]]}},{"type":"Feature","properties":{"state":"California","county":"Los Angeles","s2_cell":"9278179375784656896","waymo_ro_miles":168352.59056277914,"incremental_miles":47101.658,"vintage_end":"202603","exposure_phase":"deployment"},"geometry":{"type":"Polygon","coordinates":[[[-118.3578827622935,33.957455595945646],[-118.3578827622935,33.94720524472101],[-118.34619482488387,33.950127000225535],[-118.34619482488387,33.96037777582885],[-118.3578827622935,33.957455595945646]]]}},{"type":"Feature","properties":{"state":"California","county":"Los Angeles","s2_cell":"9278179410144395264","waymo_ro_miles":175989.30300259512,"incremental_miles":52023.777,"vintage_end":"202603","exposure_phase":"deployment"},"geometry":{"type":"Polygon","coordinates":[[[-118.3578827622935,33.96770485595282],[-118.3578827622935,33.957455595945646],[-118.34619482488387,33.96037777582885],[-118.34619482488387,33.97062745979546],[-118.3578827622935,33.96770485595282]]]}},{"type":"Feature","properties":{"state":"California","county":"Los Angeles","s2_cell":"9278179444504133632","waymo_ro_miles":158609.79714121562,"incremental_miles":50823.781,"vintage_end":"202603","exposure_phase":"deployment"},"geometry":{"type":"Polygon","coordinates":[[[-118.3578827622935,33.977953023982984],[-118.3578827622935,33.96770485595282],[-118.34619482488387,33.97062745979546],[-118.34619482488387,33.98087605136584],[-118.3578827622935,33.977953023982984]]]}},{"type":"Feature","properties":{"state":"California","county":"Los Angeles","s2_cell":"9278179478863872000","waymo_ro_miles":61654.4094934058,"incremental_miles":21733.838,"vintage_end":"202603","exposure_phase":"deployment"},"geometry":{"type":"Polygon","coordinates":[[[-118.36956988917491,33.975028893370286],[-118.36956988917491,33.96478114914692],[-118.3578827622935,33.96770485595282],[-118.3578827622935,33.977953023982984],[-118.36956988917491,33.975028893370286]]]}},{"type":"Feature","properties":{"state":"California","county":"Los Angeles","s2_cell":"9278179513223610368","waymo_ro_miles":186837.31533748988,"incremental_miles":37239.548,"vintage_end":"202603","exposure_phase":"deployment"},"geometry":{"type":"Polygon","coordinates":[[[-118.36956988917491,33.96478114914692],[-118.36956988917491,33.95453231336588],[-118.3578827622935,33.957455595945646],[-118.3578827622935,33.96770485595282],[-118.36956988917491,33.96478114914692]]]}},{"type":"Feature","properties":{"state":"California","county":"Los Angeles","s2_cell":"9278179547583348736","waymo_ro_miles":311583.8640193085,"incremental_miles":106949.338,"vintage_end":"202603","exposure_phase":"deployment"},"geometry":{"type":"Polygon","coordinates":[[[-118.38125620424114,33.96185633985988],[-118.38125620424114,33.95160792857174],[-118.36956988917491,33.95453231336588],[-118.36956988917491,33.96478114914692],[-118.38125620424114,33.96185633985988]]]}},{"type":"Feature","properties":{"state":"California","county":"Los Angeles","s2_cell":"9278179581943087104","waymo_ro_miles":115986.40266352805,"incremental_miles":34504.137,"vintage_end":"202603","exposure_phase":"deployment"},"geometry":{"type":"Polygon","coordinates":[[[-118.39294170620582,33.95893042857426],[-118.39294170620582,33.948682442045815],[-118.38125620424114,33.95160792857174],[-118.38125620424114,33.96185633985988],[-118.39294170620582,33.95893042857426]]]}},{"type":"Feature","properties":{"state":"California","county":"Los Angeles","s2_cell":"9278179616302825472","waymo_ro_miles":84738.5684354917,"incremental_miles":26164.168,"vintage_end":"202603","exposure_phase":"deployment"},"geometry":{"type":"Polygon","coordinates":[[[-118.39294170620582,33.9691773243841],[-118.39294170620582,33.95893042857426],[-118.38125620424114,33.96185633985988],[-118.38125620424114,33.97210366000982],[-118.39294170620582,33.9691773243841]]]}},{"type":"Feature","properties":{"state":"California","county":"Los Angeles","s2_cell":"9278179650662563840","waymo_ro_miles":201584.93706164724,"incremental_miles":59696.688,"vintage_end":"202603","exposure_phase":"deployment"},"geometry":{"type":"Polygon","coordinates":[[[-118.38125620424114,33.97210366000982],[-118.38125620424114,33.96185633985988],[-118.36956988917491,33.96478114914692],[-118.36956988917491,33.975028893370286],[-118.38125620424114,33.97210366000982]]]}},{"type":"Feature","properties":{"state":"California","county":"Los Angeles","s2_cell":"9278179685022302208","waymo_ro_miles":229567.59965648834,"incremental_miles":60906.054,"vintage_end":"202603","exposure_phase":"deployment"},"geometry":{"type":"Polygon","coordinates":[[[-118.38125620424114,33.98234988826252],[-118.38125620424114,33.97210366000982],[-118.36956988917491,33.975028893370286],[-118.36956988917491,33.985275545276984],[-118.38125620424114,33.98234988826252]]]}},{"type":"Feature","properties":{"state":"California","county":"Los Angeles","s2_cell":"9278179719382040576","waymo_ro_miles":198333.01665555921,"incremental_miles":52707.018,"vintage_end":"202603","exposure_phase":"deployment"},"geometry":{"type":"Polygon","coordinates":[[[-118.39294170620582,33.97942312871625],[-118.39294170620582,33.9691773243841],[-118.38125620424114,33.97210366000982],[-118.38125620424114,33.98234988826252],[-118.39294170620582,33.97942312871625]]]}},{"type":"Feature","properties":{"state":"California","county":"Los Angeles","s2_cell":"9278179753741778944","waymo_ro_miles":91234.88906084474,"incremental_miles":25687.516,"vintage_end":"202603","exposure_phase":"deployment"},"geometry":{"type":"Polygon","coordinates":[[[-118.39294170620582,33.9896678408122],[-118.39294170620582,33.97942312871625],[-118.38125620424114,33.98234988826252],[-118.38125620424114,33.99259502385951],[-118.39294170620582,33.9896678408122]]]}},{"type":"Feature","properties":{"state":"California","county":"Los Angeles","s2_cell":"9278179788101517312","waymo_ro_miles":66108.7837789725,"incremental_miles":19250.242,"vintage_end":"202603","exposure_phase":"deployment"},"geometry":{"type":"Polygon","coordinates":[[[-118.38125620424114,33.99259502385951],[-118.38125620424114,33.98234988826252],[-118.36956988917491,33.985275545276984],[-118.36956988917491,33.995521104108576],[-118.38125620424114,33.99259502385951]]]}},{"type":"Feature","properties":{"state":"California","county":"Los Angeles","s2_cell":"9278179822461255680","waymo_ro_miles":210403.5686401168,"incremental_miles":67894.619,"vintage_end":"202603","exposure_phase":"deployment"},"geometry":{"type":"Polygon","coordinates":[[[-118.36956988917491,33.995521104108576],[-118.36956988917491,33.985275545276984],[-118.3578827622935,33.98820009927718],[-118.3578827622935,33.99844608107699],[-118.36956988917491,33.995521104108576]]]}},{"type":"Feature","properties":{"state":"California","county":"Los Angeles","s2_cell":"9278179856820994048","waymo_ro_miles":179403.4890609241,"incremental_miles":60569.609,"vintage_end":"202603","exposure_phase":"deployment"},"geometry":{"type":"Polygon","coordinates":[[[-118.36956988917491,33.985275545276984],[-118.36956988917491,33.975028893370286],[-118.3578827622935,33.977953023982984],[-118.3578827622935,33.98820009927718],[-118.36956988917491,33.985275545276984]]]}},{"type":"Feature","properties":{"state":"California","county":"Los Angeles","s2_cell":"9278179891180732416","waymo_ro_miles":77514.86983923786,"incremental_miles":25758.736,"vintage_end":"202603","exposure_phase":"deployment"},"geometry":{"type":"Polygon","coordinates":[[[-118.3578827622935,33.98820009927718],[-118.3578827622935,33.977953023982984],[-118.34619482488387,33.98087605136584],[-118.34619482488387,33.991123549781065],[-118.3578827622935,33.98820009927718]]]}},{"type":"Feature","properties":{"state":"California","county":"Los Angeles","s2_cell":"9278179925540470784","waymo_ro_miles":47672.80457909932,"incremental_miles":15891.732,"vintage_end":"202603","exposure_phase":"deployment"},"geometry":{"type":"Polygon","coordinates":[[[-118.3578827622935,33.99844608107699],[-118.3578827622935,33.98820009927718],[-118.34619482488387,33.991123549781065],[-118.34619482488387,34.00136995428276],[-118.3578827622935,33.99844608107699]]]}},{"type":"Feature","properties":{"state":"California","county":"Los Angeles","s2_cell":"9278179959900209152","waymo_ro_miles":38340.130145749994,"incremental_miles":12023.581,"vintage_end":"202603","exposure_phase":"deployment"},"geometry":{"type":"Polygon","coordinates":[[[-118.34619482488387,34.00136995428276],[-118.34619482488387,33.991123549781065],[-118.33450607823357,33.99404589630704],[-118.33450607823356,34.004292723244326],[-118.34619482488387,34.00136995428276]]]}},{"type":"Feature","properties":{"state":"California","county":"Los Angeles","s2_cell":"9278179994259947520","waymo_ro_miles":47359.774106470846,"incremental_miles":12988.974,"vintage_end":"202603","exposure_phase":"deployment"},"geometry":{"type":"Polygon","coordinates":[[[-118.33450607823356,34.004292723244326],[-118.33450607823357,33.99404589630704],[-118.32281652363086,33.99696713837393],[-118.32281652363086,34.00721438748057],[-118.33450607823356,34.004292723244326]]]}},{"type":"Feature","properties":{"state":"California","county":"Los Angeles","s2_cell":"9278180028619685888","waymo_ro_miles":19894.826327388142,"incremental_miles":4250.694,"vintage_end":"202603","exposure_phase":"deployment"},"geometry":{"type":"Polygon","coordinates":[[[-118.33450607823357,33.99404589630704],[-118.33450607823356,33.983797975037206],[-118.32281652363086,33.986718794515845],[-118.32281652363086,33.99696713837393],[-118.33450607823357,33.99404589630704]]]}},{"type":"Feature","properties":{"state":"California","county":"Los Angeles","s2_cell":"9278180062979424256","waymo_ro_miles":21232.331675189726,"incremental_miles":7711.105,"vintage_end":"202603","exposure_phase":"deployment"},"geometry":{"type":"Polygon","coordinates":[[[-118.34619482488387,33.991123549781065],[-118.34619482488387,33.98087605136584],[-118.33450607823356,33.983797975037206],[-118.33450607823357,33.99404589630704],[-118.34619482488387,33.991123549781065]]]}},{"type":"Feature","properties":{"state":"California","county":"Los Angeles","s2_cell":"9278180097339162624","waymo_ro_miles":20648.412848046584,"incremental_miles":8312.239,"vintage_end":"202603","exposure_phase":"deployment"},"geometry":{"type":"Polygon","coordinates":[[[-118.34619482488387,33.98087605136584],[-118.34619482488387,33.97062745979546],[-118.33450607823357,33.97354896019314],[-118.33450607823356,33.983797975037206],[-118.34619482488387,33.98087605136584]]]}},{"type":"Feature","properties":{"state":"California","county":"Los Angeles","s2_cell":"9278180131698900992","waymo_ro_miles":7034.74481296823,"incremental_miles":3156.033,"vintage_end":"202603","exposure_phase":"deployment"},"geometry":{"type":"Polygon","coordinates":[[[-118.34619482488387,33.97062745979546],[-118.34619482488387,33.96037777582885],[-118.33450607823356,33.96329885253376],[-118.33450607823357,33.97354896019314],[-118.34619482488387,33.97062745979546]]]}},{"type":"Feature","properties":{"state":"California","county":"Los Angeles","s2_cell":"9278180166058639360","waymo_ro_miles":17377.071099710804,"incremental_miles":2972.452,"vintage_end":"202603","exposure_phase":"deployment"},"geometry":{"type":"Polygon","coordinates":[[[-118.33450607823357,33.97354896019314],[-118.33450607823356,33.96329885253376],[-118.32281652363086,33.966218825579055],[-118.32281652363086,33.97646935666459],[-118.33450607823357,33.97354896019314]]]}},{"type":"Feature","properties":{"state":"California","county":"Los Angeles","s2_cell":"9278180200418377728","waymo_ro_miles":22945.321351393697,"incremental_miles":4989.05,"vintage_end":"202603","exposure_phase":"deployment"},"geometry":{"type":"Polygon","coordinates":[[[-118.33450607823356,33.983797975037206],[-118.33450607823357,33.97354896019314],[-118.32281652363086,33.97646935666459],[-118.32281652363086,33.986718794515845],[-118.33450607823356,33.983797975037206]]]}},{"type":"Feature","properties":{"state":"California","county":"Los Angeles","s2_cell":"9278180440936546304","waymo_ro_miles":21264.919189102893,"incremental_miles":5690.566,"vintage_end":"202603","exposure_phase":"deployment"},"geometry":{"type":"Polygon","coordinates":[[[-118.32281652363086,34.00721438748057],[-118.32281652363086,33.99696713837393],[-118.31112616236453,33.999887275501],[-118.31112616236453,34.01013494651079],[-118.32281652363086,34.00721438748057]]]}},{"type":"Feature","properties":{"state":"California","county":"Los Angeles","s2_cell":"9278180475296284672","waymo_ro_miles":67297.33602660582,"incremental_miles":20447.761,"vintage_end":"202603","exposure_phase":"deployment"},"geometry":{"type":"Polygon","coordinates":[[[-118.31112616236453,34.01013494651079],[-118.31112616236453,33.999887275501],[-118.29943499572406,34.00280630720794],[-118.29943499572408,34.01305439985473],[-118.31112616236453,34.01013494651079]]]}},{"type":"Feature","properties":{"state":"California","county":"Los Angeles","s2_cell":"9278180509656023040","waymo_ro_miles":120489.18379927539,"incremental_miles":37711.58,"vintage_end":"202603","exposure_phase":"deployment"},"geometry":{"type":"Polygon","coordinates":[[[-118.31112616236453,34.020381521592675],[-118.31112616236453,34.01013494651079],[-118.29943499572408,34.01305439985473],[-118.29943499572406,34.023301396155],[-118.31112616236453,34.020381521592675]]]}},{"type":"Feature","properties":{"state":"California","county":"Los Angeles","s2_cell":"9278180544015761408","waymo_ro_miles":145353.7815688925,"incremental_miles":39402.702,"vintage_end":"202603","exposure_phase":"deployment"},"geometry":{"type":"Polygon","coordinates":[[[-118.31112616236453,34.03062699998952],[-118.31112616236453,34.020381521592675],[-118.29943499572406,34.023301396155],[-118.29943499572406,34.03354729535165],[-118.31112616236453,34.03062699998952]]]}},{"type":"Feature","properties":{"state":"California","county":"Los Angeles","s2_cell":"9278180578375499776","waymo_ro_miles":61857.79951212971,"incremental_miles":17261.859,"vintage_end":"202603","exposure_phase":"deployment"},"geometry":{"type":"Polygon","coordinates":[[[-118.32281652363083,34.02770559840919],[-118.32281652363086,34.01746054107804],[-118.31112616236453,34.020381521592675],[-118.31112616236453,34.03062699998952],[-118.32281652363083,34.02770559840919]]]}},{"type":"Feature","properties":{"state":"California","county":"Los Angeles","s2_cell":"9278180612735238144","waymo_ro_miles":87767.51049733181,"incremental_miles":29096.112,"vintage_end":"202603","exposure_phase":"deployment"},"geometry":{"type":"Polygon","coordinates":[[[-118.32281652363086,34.01746054107804],[-118.32281652363086,34.00721438748057],[-118.31112616236453,34.01013494651079],[-118.31112616236453,34.020381521592675],[-118.32281652363086,34.01746054107804]]]}},{"type":"Feature","properties":{"state":"California","county":"Los Angeles","s2_cell":"9278180647094976512","waymo_ro_miles":67453.72485451442,"incremental_miles":21782.857,"vintage_end":"202603","exposure_phase":"deployment"},"geometry":{"type":"Polygon","coordinates":[[[-118.33450607823357,34.01453845509131],[-118.33450607823356,34.004292723244326],[-118.32281652363086,34.00721438748057],[-118.32281652363086,34.01746054107804],[-118.33450607823357,34.01453845509131]]]}},{"type":"Feature","properties":{"state":"California","county":"Los Angeles","s2_cell":"9278180681454714880","waymo_ro_miles":70239.73208506672,"incremental_miles":24284.78,"vintage_end":"202603","exposure_phase":"deployment"},"geometry":{"type":"Polygon","coordinates":[[[-118.34619482488387,34.01161526411314],[-118.34619482488387,34.00136995428276],[-118.33450607823356,34.004292723244326],[-118.33450607823357,34.01453845509131],[-118.34619482488387,34.01161526411314]]]}},{"type":"Feature","properties":{"state":"California","county":"Los Angeles","s2_cell":"9278180715814453248","waymo_ro_miles":64268.5449431782,"incremental_miles":20365.738,"vintage_end":"202603","exposure_phase":"deployment"},"geometry":{"type":"Polygon","coordinates":[[[-118.34619482488387,34.021859478515005],[-118.34619482488387,34.01161526411314],[-118.33450607823357,34.01453845509131],[-118.33450607823357,34.024783091090825],[-118.34619482488387,34.021859478515005]]]}},{"type":"Feature","properties":{"state":"California","county":"Los Angeles","s2_cell":"9278180750174191616","waymo_ro_miles":74526.91637915565,"incremental_miles":23597.29,"vintage_end":"202603","exposure_phase":"deployment"},"geometry":{"type":"Polygon","coordinates":[[[-118.33450607823357,34.024783091090825],[-118.33450607823357,34.01453845509131],[-118.32281652363086,34.01746054107804],[-118.32281652363083,34.02770559840919],[-118.33450607823357,34.024783091090825]]]}},{"type":"Feature","properties":{"state":"California","county":"Los Angeles","s2_cell":"9278180784533929984","waymo_ro_miles":184275.10746836461,"incremental_miles":49981.646,"vintage_end":"202603","exposure_phase":"deployment"},"geometry":{"type":"Polygon","coordinates":[[[-118.33450607823356,34.03502663048625],[-118.33450607823357,34.024783091090825],[-118.32281652363083,34.02770559840919],[-118.32281652363086,34.03794955871748],[-118.33450607823356,34.03502663048625]]]}},{"type":"Feature","properties":{"state":"California","county":"Los Angeles","s2_cell":"9278180818893668352","waymo_ro_miles":193908.49215988902,"incremental_miles":48646.497,"vintage_end":"202603","exposure_phase":"deployment"},"geometry":{"type":"Polygon","coordinates":[[[-118.34619482488387,34.03210259673171],[-118.34619482488387,34.021859478515005],[-118.33450607823357,34.024783091090825],[-118.33450607823356,34.03502663048625],[-118.34619482488387,34.03210259673171]]]}},{"type":"Feature","properties":{"state":"California","county":"Los Angeles","s2_cell":"9278180853253406720","waymo_ro_miles":149793.17620995018,"incremental_miles":46676.568,"vintage_end":"202603","exposure_phase":"deployment"},"geometry":{"type":"Polygon","coordinates":[[[-118.34619482488387,34.04234461800719],[-118.34619482488387,34.03210259673171],[-118.33450607823356,34.03502663048625],[-118.33450607823357,34.04526907252157],[-118.34619482488387,34.04234461800719]]]}},{"type":"Feature","properties":{"state":"California","county":"Los Angeles","s2_cell":"9278180887613145088","waymo_ro_miles":264419.71812528954,"incremental_miles":66512.187,"vintage_end":"202603","exposure_phase":"deployment"},"geometry":{"type":"Polygon","coordinates":[[[-118.33450607823357,34.04526907252157],[-118.33450607823356,34.03502663048625],[-118.32281652363086,34.03794955871748],[-118.32281652363083,34.048192421246895],[-118.33450607823357,34.04526907252157]]]}},{"type":"Feature","properties":{"state":"California","county":"Los Angeles","s2_cell":"9278180921972883456","waymo_ro_miles":201495.6996716984,"incremental_miles":52778.961,"vintage_end":"202603","exposure_phase":"deployment"},"geometry":{"type":"Polygon","coordinates":[[[-118.32281652363083,34.048192421246895],[-118.32281652363086,34.03794955871748],[-118.31112616236453,34.040871380944836],[-118.31112616236453,34.051114663702634],[-118.32281652363083,34.048192421246895]]]}},{"type":"Feature","properties":{"state":"California","county":"Los Angeles","s2_cell":"9278180956332621824","waymo_ro_miles":174281.91555625197,"incremental_miles":48264.098,"vintage_end":"202603","exposure_phase":"deployment"},"geometry":{"type":"Polygon","coordinates":[[[-118.32281652363086,34.03794955871748],[-118.32281652363083,34.02770559840919],[-118.31112616236453,34.03062699998952],[-118.31112616236453,34.040871380944836],[-118.32281652363086,34.03794955871748]]]}},{"type":"Feature","properties":{"state":"California","county":"Los Angeles","s2_cell":"9278180990692360192","waymo_ro_miles":239158.79364282885,"incremental_miles":68427.105,"vintage_end":"202603","exposure_phase":"deployment"},"geometry":{"type":"Polygon","coordinates":[[[-118.31112616236453,34.040871380944836],[-118.31112616236453,34.03062699998952],[-118.29943499572406,34.03354729535165],[-118.29943499572406,34.04379209668821],[-118.31112616236453,34.040871380944836]]]}},{"type":"Feature","properties":{"state":"California","county":"Los Angeles","s2_cell":"9278181025052098560","waymo_ro_miles":341338.26180666656,"incremental_miles":90492.944,"vintage_end":"202603","exposure_phase":"deployment"},"geometry":{"type":"Polygon","coordinates":[[[-118.31112616236453,34.051114663702634],[-118.31112616236453,34.040871380944836],[-118.29943499572406,34.04379209668821],[-118.29943499572406,34.054035799408744],[-118.31112616236453,34.051114663702634]]]}},{"type":"Feature","properties":{"state":"California","county":"Los Angeles","s2_cell":"9278181059411836928","waymo_ro_miles":392580.18193459004,"incremental_miles":106334.348,"vintage_end":"202603","exposure_phase":"deployment"},"geometry":{"type":"Polygon","coordinates":[[[-118.31112616236453,34.061356847507554],[-118.31112616236453,34.051114663702634],[-118.29943499572406,34.054035799408744],[-118.29943499572406,34.06427840275792],[-118.31112616236453,34.061356847507554]]]}},{"type":"Feature","properties":{"state":"California","county":"Los Angeles","s2_cell":"9278181093771575296","waymo_ro_miles":353360.3361232102,"incremental_miles":89926.757,"vintage_end":"202603","exposure_phase":"deployment"},"geometry":{"type":"Polygon","coordinates":[[[-118.32281652363086,34.05843418524202],[-118.32281652363083,34.048192421246895],[-118.31112616236453,34.051114663702634],[-118.31112616236453,34.061356847507554],[-118.32281652363086,34.05843418524202]]]}},{"type":"Feature","properties":{"state":"California","county":"Los Angeles","s2_cell":"9278181128131313664","waymo_ro_miles":282983.52503617946,"incremental_miles":78440.072,"vintage_end":"202603","exposure_phase":"deployment"},"geometry":{"type":"Polygon","coordinates":[[[-118.32281652363083,34.06867484994804],[-118.32281652363086,34.05843418524202],[-118.31112616236453,34.061356847507554],[-118.31112616236453,34.0715979316048],[-118.32281652363083,34.06867484994804]]]}},{"type":"Feature","properties":{"state":"California","county":"Los Angeles","s2_cell":"9278181162491052032","waymo_ro_miles":317496.36031543795,"incremental_miles":86742.497,"vintage_end":"202603","exposure_phase":"deployment"},"geometry":{"type":"Polygon","coordinates":[[[-118.31112616236453,34.0715979316048],[-118.31112616236453,34.061356847507554],[-118.29943499572406,34.06427840275792],[-118.29943499572406,34.07451990598098],[-118.31112616236453,34.0715979316048]]]}},{"type":"Feature","properties":{"state":"California","county":"Los Angeles","s2_cell":"9278181196850790400","waymo_ro_miles":306420.2226998746,"incremental_miles":78469.972,"vintage_end":"202603","exposure_phase":"deployment"},"geometry":{"type":"Polygon","coordinates":[[[-118.31112616236453,34.08183791524013],[-118.31112616236453,34.0715979316048],[-118.29943499572406,34.07451990598098],[-118.29943499572406,34.084760308323716],[-118.31112616236453,34.08183791524013]]]}},{"type":"Feature","properties":{"state":"California","county":"Los Angeles","s2_cell":"9278181231210528768","waymo_ro_miles":122928.87481262359,"incremental_miles":40022.613,"vintage_end":"202603","exposure_phase":"deployment"},"geometry":{"type":"Polygon","coordinates":[[[-118.31112616236453,34.09207679765992],[-118.31112616236453,34.08183791524013],[-118.29943499572406,34.084760308323716],[-118.29943499572406,34.09499960903254],[-118.31112616236453,34.09207679765992]]]}},{"type":"Feature","properties":{"state":"California","county":"Los Angeles","s2_cell":"9278181265570267136","waymo_ro_miles":175621.36182301736,"incremental_miles":50330.021,"vintage_end":"202603","exposure_phase":"deployment"},"geometry":{"type":"Polygon","coordinates":[[[-118.32281652363086,34.089152878476305],[-118.32281652363083,34.0789144146107],[-118.31112616236453,34.08183791524013],[-118.31112616236453,34.09207679765992],[-118.32281652363086,34.089152878476305]]]}},{"type":"Feature","properties":{"state":"California","county":"Los Angeles","s2_cell":"9278181299930005504","waymo_ro_miles":303927.9057365135,"incremental_miles":77461.046,"vintage_end":"202603","exposure_phase":"deployment"},"geometry":{"type":"Polygon","coordinates":[[[-118.32281652363083,34.0789144146107],[-118.32281652363083,34.06867484994804],[-118.31112616236453,34.0715979316048],[-118.31112616236453,34.08183791524013],[-118.32281652363083,34.0789144146107]]]}},{"type":"Feature","properties":{"state":"California","county":"Los Angeles","s2_cell":"9278181334289743872","waymo_ro_miles":384284.6827626215,"incremental_miles":100188.441,"vintage_end":"202603","exposure_phase":"deployment"},"geometry":{"type":"Polygon","coordinates":[[[-118.33450607823356,34.075989806915345],[-118.33450607823356,34.06575066149071],[-118.32281652363083,34.06867484994804],[-118.32281652363083,34.0789144146107],[-118.33450607823356,34.075989806915345]]]}},{"type":"Feature","properties":{"state":"California","county":"Los Angeles","s2_cell":"9278181368649482240","waymo_ro_miles":186686.71461721294,"incremental_miles":50358.843,"vintage_end":"202603","exposure_phase":"deployment"},"geometry":{"type":"Polygon","coordinates":[[[-118.33450607823357,34.086227851961546],[-118.33450607823356,34.075989806915345],[-118.32281652363083,34.0789144146107],[-118.32281652363086,34.089152878476305],[-118.33450607823357,34.086227851961546]]]}},{"type":"Feature","properties":{"state":"California","county":"Los Angeles","s2_cell":"9278181403009220608","waymo_ro_miles":449224.3518335552,"incremental_miles":116229.785,"vintage_end":"202603","exposure_phase":"deployment"},"geometry":{"type":"Polygon","coordinates":[[[-118.34619482488387,34.083301718595976],[-118.34619482488387,34.07306409263442],[-118.33450607823356,34.075989806915345],[-118.33450607823357,34.086227851961546],[-118.34619482488387,34.083301718595976]]]}},{"type":"Feature","properties":{"state":"California","county":"Los Angeles","s2_cell":"9278181437368958976","waymo_ro_miles":348605.02798044647,"incremental_miles":91543.585,"vintage_end":"202603","exposure_phase":"deployment"},"geometry":{"type":"Polygon","coordinates":[[[-118.34619482488387,34.07306409263442],[-118.34619482488387,34.06282536671317],[-118.33450607823356,34.06575066149071],[-118.33450607823356,34.075989806915345],[-118.34619482488387,34.07306409263442]]]}},{"type":"Feature","properties":{"state":"California","county":"Los Angeles","s2_cell":"9278181471728697344","waymo_ro_miles":394124.91395204817,"incremental_miles":99994.112,"vintage_end":"202603","exposure_phase":"deployment"},"geometry":{"type":"Polygon","coordinates":[[[-118.34619482488387,34.06282536671317],[-118.34619482488387,34.052585541585984],[-118.33450607823356,34.05551041644135],[-118.33450607823356,34.06575066149071],[-118.34619482488387,34.06282536671317]]]}},{"type":"Feature","properties":{"state":"California","county":"Los Angeles","s2_cell":"9278181506088435712","waymo_ro_miles":273369.53674878087,"incremental_miles":69922.447,"vintage_end":"202603","exposure_phase":"deployment"},"geometry":{"type":"Polygon","coordinates":[[[-118.33450607823356,34.06575066149071],[-118.33450607823356,34.05551041644135],[-118.32281652363086,34.05843418524202],[-118.32281652363083,34.06867484994804],[-118.33450607823356,34.06575066149071]]]}},{"type":"Feature","properties":{"state":"California","county":"Los Angeles","s2_cell":"9278181540448174080","waymo_ro_miles":347314.60157621437,"incremental_miles":83183.298,"vintage_end":"202603","exposure_phase":"deployment"},"geometry":{"type":"Polygon","coordinates":[[[-118.33450607823356,34.05551041644135],[-118.33450607823357,34.04526907252157],[-118.32281652363083,34.048192421246895],[-118.32281652363086,34.05843418524202],[-118.33450607823356,34.05551041644135]]]}},{"type":"Feature","properties":{"state":"California","county":"Los Angeles","s2_cell":"9278181574807912448","waymo_ro_miles":398880.4365785025,"incremental_miles":99652.848,"vintage_end":"202603","exposure_phase":"deployment"},"geometry":{"type":"Polygon","coordinates":[[[-118.34619482488387,34.052585541585984],[-118.34619482488387,34.04234461800719],[-118.33450607823357,34.04526907252157],[-118.33450607823356,34.05551041644135],[-118.34619482488387,34.052585541585984]]]}},{"type":"Feature","properties":{"state":"California","county":"Los Angeles","s2_cell":"9278181609167650816","waymo_ro_miles":372650.79841453413,"incremental_miles":92758.708,"vintage_end":"202603","exposure_phase":"deployment"},"geometry":{"type":"Polygon","coordinates":[[[-118.3578827622935,34.04965956115683],[-118.3578827622935,34.0394190581847],[-118.34619482488387,34.04234461800719],[-118.34619482488387,34.052585541585984],[-118.3578827622935,34.04965956115683]]]}},{"type":"Feature","properties":{"state":"California","county":"Los Angeles","s2_cell":"9278181643527389184","waymo_ro_miles":330104.9807826693,"incremental_miles":86462.612,"vintage_end":"202603","exposure_phase":"deployment"},"geometry":{"type":"Polygon","coordinates":[[[-118.36956988917491,34.04673247563518],[-118.36956988917491,34.03649239353543],[-118.3578827622935,34.0394190581847],[-118.3578827622935,34.04965956115683],[-118.36956988917491,34.04673247563518]]]}},{"type":"Feature","properties":{"state":"California","county":"Los Angeles","s2_cell":"9278181677887127552","waymo_ro_miles":308462.40308946866,"incremental_miles":80206.796,"vintage_end":"202603","exposure_phase":"deployment"},"geometry":{"type":"Polygon","coordinates":[[[-118.36956988917491,34.05697146012133],[-118.36956988917491,34.04673247563518],[-118.3578827622935,34.04965956115683],[-118.3578827622935,34.059898966096284],[-118.36956988917491,34.05697146012133]]]}},{"type":"Feature","properties":{"state":"California","county":"Los Angeles","s2_cell":"9278181712246865920","waymo_ro_miles":300376.1034223987,"incremental_miles":80150.554,"vintage_end":"202603","exposure_phase":"deployment"},"geometry":{"type":"Polygon","coordinates":[[[-118.3578827622935,34.059898966096284],[-118.3578827622935,34.04965956115683],[-118.34619482488387,34.052585541585984],[-118.34619482488387,34.06282536671317],[-118.3578827622935,34.059898966096284]]]}},{"type":"Feature","properties":{"state":"California","county":"Los Angeles","s2_cell":"9278181746606604288","waymo_ro_miles":224328.01901399135,"incremental_miles":68445.244,"vintage_end":"202603","exposure_phase":"deployment"},"geometry":{"type":"Polygon","coordinates":[[[-118.3578827622935,34.07013727224872],[-118.3578827622935,34.059898966096284],[-118.34619482488387,34.06282536671317],[-118.34619482488387,34.07306409263442],[-118.3578827622935,34.07013727224872]]]}},{"type":"Feature","properties":{"state":"California","county":"Los Angeles","s2_cell":"9278181780966342656","waymo_ro_miles":324937.8411138196,"incremental_miles":84434.028,"vintage_end":"202603","exposure_phase":"deployment"},"geometry":{"type":"Polygon","coordinates":[[[-118.3578827622935,34.080374478860335],[-118.3578827622935,34.07013727224872],[-118.34619482488387,34.07306409263442],[-118.34619482488387,34.083301718595976],[-118.3578827622935,34.080374478860335]]]}},{"type":"Feature","properties":{"state":"California","county":"Los Angeles","s2_cell":"9278181815326081024","waymo_ro_miles":504589.8705019028,"incremental_miles":133939.552,"vintage_end":"202603","exposure_phase":"deployment"},"geometry":{"type":"Polygon","coordinates":[[[-118.36956988917491,34.07744613323579],[-118.36956988917491,34.06720934623948],[-118.3578827622935,34.07013727224872],[-118.3578827622935,34.080374478860335],[-118.36956988917491,34.07744613323579]]]}},{"type":"Feature","properties":{"state":"California","county":"Los Angeles","s2_cell":"9278181849685819392","waymo_ro_miles":456725.32609489164,"incremental_miles":117935.241,"vintage_end":"202603","exposure_phase":"deployment"},"geometry":{"type":"Polygon","coordinates":[[[-118.36956988917491,34.06720934623948],[-118.36956988917491,34.05697146012133],[-118.3578827622935,34.059898966096284],[-118.3578827622935,34.07013727224872],[-118.36956988917491,34.06720934623948]]]}},{"type":"Feature","properties":{"state":"California","county":"Los Angeles","s2_cell":"9278181884045557760","waymo_ro_miles":353663.7435392431,"incremental_miles":85170.337,"vintage_end":"202603","exposure_phase":"deployment"},"geometry":{"type":"Polygon","coordinates":[[[-118.38125620424114,34.06428031508834],[-118.38125620424114,34.054042849270004],[-118.36956988917491,34.05697146012133],[-118.36956988917491,34.06720934623948],[-118.38125620424114,34.06428031508834]]]}},{"type":"Feature","properties":{"state":"California","county":"Los Angeles","s2_cell":"9278181918405296128","waymo_ro_miles":337045.2246229267,"incremental_miles":85302.196,"vintage_end":"202603","exposure_phase":"deployment"},"geometry":{"type":"Polygon","coordinates":[[[-118.38125620424114,34.074516682203964],[-118.38125620424114,34.06428031508834],[-118.36956988917491,34.06720934623948],[-118.36956988917491,34.07744613323579],[-118.38125620424114,34.074516682203964]]]}},{"type":"Feature","properties":{"state":"California","county":"Los Angeles","s2_cell":"9278181952765034496","waymo_ro_miles":227312.6277196248,"incremental_miles":55799.127,"vintage_end":"202603","exposure_phase":"deployment"},"geometry":{"type":"Polygon","coordinates":[[[-118.39294170620582,34.071586126246885],[-118.39294170620582,34.061350179277404],[-118.38125620424114,34.06428031508834],[-118.38125620424114,34.074516682203964],[-118.39294170620582,34.071586126246885]]]}},{"type":"Feature","properties":{"state":"California","county":"Los Angeles","s2_cell":"9278181987124772864","waymo_ro_miles":424365.68598539266,"incremental_miles":104735.216,"vintage_end":"202603","exposure_phase":"deployment"},"geometry":{"type":"Polygon","coordinates":[[[-118.39294170620582,34.061350179277404],[-118.39294170620582,34.05111313402445],[-118.38125620424114,34.054042849270004],[-118.38125620424114,34.06428031508834],[-118.39294170620582,34.061350179277404]]]}},{"type":"Feature","properties":{"state":"California","county":"Los Angeles","s2_cell":"9278182021484511232","waymo_ro_miles":142828.46894394528,"incremental_miles":37446.524,"vintage_end":"202603","exposure_phase":"deployment"},"geometry":{"type":"Polygon","coordinates":[[[-118.39294170620582,34.05111313402445],[-118.39294170620582,34.04087499124191],[-118.38125620424114,34.04380428550282],[-118.38125620424114,34.054042849270004],[-118.39294170620582,34.05111313402445]]]}},{"type":"Feature","properties":{"state":"California","county":"Los Angeles","s2_cell":"9278182055844249600","waymo_ro_miles":241550.6827859811,"incremental_miles":58188.764,"vintage_end":"202603","exposure_phase":"deployment"},"geometry":{"type":"Polygon","coordinates":[[[-118.38125620424114,34.054042849270004],[-118.38125620424114,34.04380428550282],[-118.36956988917491,34.04673247563518],[-118.36956988917491,34.05697146012133],[-118.38125620424114,34.054042849270004]]]}},{"type":"Feature","properties":{"state":"California","county":"Los Angeles","s2_cell":"9278182090203987968","waymo_ro_miles":389754.85605987435,"incremental_miles":104386.382,"vintage_end":"202603","exposure_phase":"deployment"},"geometry":{"type":"Polygon","coordinates":[[[-118.38125620424114,34.04380428550282],[-118.38125620424114,34.033564624541214],[-118.36956988917491,34.03649239353543],[-118.36956988917491,34.04673247563518],[-118.38125620424114,34.04380428550282]]]}},{"type":"Feature","properties":{"state":"California","county":"Los Angeles","s2_cell":"9278182124563726336","waymo_ro_miles":167818.3280217248,"incremental_miles":52462.422,"vintage_end":"202603","exposure_phase":"deployment"},"geometry":{"type":"Polygon","coordinates":[[[-118.39294170620582,34.04087499124191],[-118.39294170620582,34.030635751684265],[-118.38125620424114,34.033564624541214],[-118.38125620424114,34.04380428550282],[-118.39294170620582,34.04087499124191]]]}},{"type":"Feature","properties":{"state":"California","county":"Los Angeles","s2_cell":"9278182158923464704","waymo_ro_miles":524971.9460772296,"incremental_miles":136990.4,"vintage_end":"202603","exposure_phase":"deployment"},"geometry":{"type":"Polygon","coordinates":[[[-118.39294170620582,34.030635751684265],[-118.39294170620582,34.02039541610655],[-118.38125620424114,34.0233238671402],[-118.38125620424114,34.033564624541214],[-118.39294170620582,34.030635751684265]]]}},{"type":"Feature","properties":{"state":"California","county":"Los Angeles","s2_cell":"9278182193283203072","waymo_ro_miles":276036.1639663421,"incremental_miles":77037.591,"vintage_end":"202603","exposure_phase":"deployment"},"geometry":{"type":"Polygon","coordinates":[[[-118.39294170620582,34.02039541610655],[-118.39294170620582,34.010153985264424],[-118.38125620424114,34.01308201405538],[-118.38125620424114,34.0233238671402],[-118.39294170620582,34.02039541610655]]]}},{"type":"Feature","properties":{"state":"California","county":"Los Angeles","s2_cell":"9278182227642941440","waymo_ro_miles":169039.6363216218,"incremental_miles":52247.71,"vintage_end":"202603","exposure_phase":"deployment"},"geometry":{"type":"Polygon","coordinates":[[[-118.38125620424114,34.0233238671402],[-118.38125620424114,34.01308201405538],[-118.36956988917491,34.01600893951561],[-118.36956988917491,34.02625121457705],[-118.38125620424114,34.0233238671402]]]}},{"type":"Feature","properties":{"state":"California","county":"Los Angeles","s2_cell":"9278182262002679808","waymo_ro_miles":365811.43219734554,"incremental_miles":101154.556,"vintage_end":"202603","exposure_phase":"deployment"},"geometry":{"type":"Polygon","coordinates":[[[-118.38125620424114,34.033564624541214],[-118.38125620424114,34.0233238671402],[-118.36956988917491,34.02625121457705],[-118.36956988917491,34.03649239353543],[-118.38125620424114,34.033564624541214]]]}},{"type":"Feature","properties":{"state":"California","county":"Los Angeles","s2_cell":"9278182296362418176","waymo_ro_miles":196027.5816544423,"incremental_miles":59661.751,"vintage_end":"202603","exposure_phase":"deployment"},"geometry":{"type":"Polygon","coordinates":[[[-118.36956988917491,34.03649239353543],[-118.36956988917491,34.02625121457705],[-118.3578827622935,34.029177457934836],[-118.3578827622935,34.0394190581847],[-118.36956988917491,34.03649239353543]]]}},{"type":"Feature","properties":{"state":"California","county":"Los Angeles","s2_cell":"9278182330722156544","waymo_ro_miles":276337.661926975,"incremental_miles":78536.708,"vintage_end":"202603","exposure_phase":"deployment"},"geometry":{"type":"Polygon","coordinates":[[[-118.3578827622935,34.0394190581847],[-118.3578827622935,34.029177457934836],[-118.34619482488387,34.03210259673171],[-118.34619482488387,34.04234461800719],[-118.3578827622935,34.0394190581847]]]}},{"type":"Feature","properties":{"state":"California","county":"Los Angeles","s2_cell":"9278182365081894912","waymo_ro_miles":310660.7558037092,"incremental_miles":88846.63,"vintage_end":"202603","exposure_phase":"deployment"},"geometry":{"type":"Polygon","coordinates":[[[-118.3578827622935,34.029177457934836],[-118.3578827622935,34.018934761162775],[-118.34619482488387,34.021859478515005],[-118.34619482488387,34.03210259673171],[-118.3578827622935,34.029177457934836]]]}},{"type":"Feature","properties":{"state":"California","county":"Los Angeles","s2_cell":"9278182399441633280","waymo_ro_miles":206846.44257341357,"incremental_miles":59651.166,"vintage_end":"202603","exposure_phase":"deployment"},"geometry":{"type":"Polygon","coordinates":[[[-118.36956988917491,34.02625121457705],[-118.36956988917491,34.01600893951561],[-118.3578827622935,34.018934761162775],[-118.3578827622935,34.029177457934836],[-118.36956988917491,34.02625121457705]]]}},{"type":"Feature","properties":{"state":"California","county":"Los Angeles","s2_cell":"9278182468161110016","waymo_ro_miles":205881.71344993784,"incremental_miles":67541.798,"vintage_end":"202603","exposure_phase":"deployment"},"geometry":{"type":"Polygon","coordinates":[[[-118.3578827622935,34.018934761162775],[-118.3578827622935,34.008690968624606],[-118.34619482488387,34.01161526411314],[-118.34619482488387,34.021859478515005],[-118.3578827622935,34.018934761162775]]]}},{"type":"Feature","properties":{"state":"California","county":"Los Angeles","s2_cell":"9278182502520848384","waymo_ro_miles":88975.37717056388,"incremental_miles":30895.154,"vintage_end":"202603","exposure_phase":"deployment"},"geometry":{"type":"Polygon","coordinates":[[[-118.3578827622935,34.008690968624606],[-118.3578827622935,33.99844608107699],[-118.34619482488387,34.00136995428276],[-118.34619482488387,34.01161526411314],[-118.3578827622935,34.008690968624606]]]}},{"type":"Feature","properties":{"state":"California","county":"Los Angeles","s2_cell":"9278182536880586752","waymo_ro_miles":113195.7965109564,"incremental_miles":37678.443,"vintage_end":"202603","exposure_phase":"deployment"},"geometry":{"type":"Polygon","coordinates":[[[-118.36956988917491,34.00576556910721],[-118.36956988917491,33.995521104108576],[-118.3578827622935,33.99844608107699],[-118.3578827622935,34.008690968624606],[-118.36956988917491,34.00576556910721]]]}},{"type":"Feature","properties":{"state":"California","county":"Los Angeles","s2_cell":"9278182571240325120","waymo_ro_miles":4899.789592822979,"incremental_miles":1873.92,"vintage_end":"202603","exposure_phase":"deployment"},"geometry":{"type":"Polygon","coordinates":[[[-118.38125620424114,34.002839066042895],[-118.38125620424114,33.99259502385951],[-118.36956988917491,33.995521104108576],[-118.36956988917491,34.00576556910721],[-118.38125620424114,34.002839066042895]]]}},{"type":"Feature","properties":{"state":"California","county":"Los Angeles","s2_cell":"9278182639959801856","waymo_ro_miles":102137.6735318294,"incremental_miles":42582.913,"vintage_end":"202603","exposure_phase":"deployment"},"geometry":{"type":"Polygon","coordinates":[[[-118.39294170620582,34.010153985264424],[-118.39294170620582,33.99991145991404],[-118.38125620424114,34.002839066042895],[-118.38125620424114,34.01308201405538],[-118.39294170620582,34.010153985264424]]]}},{"type":"Feature","properties":{"state":"California","county":"Los Angeles","s2_cell":"9278182708679278592","waymo_ro_miles":293288.20828813675,"incremental_miles":80725.539,"vintage_end":"202603","exposure_phase":"deployment"},"geometry":{"type":"Polygon","coordinates":[[[-118.40462639378326,33.99698275120345],[-118.40462639378326,33.9867395554495],[-118.39294170620582,33.9896678408122],[-118.39294170620582,33.99991145991404],[-118.40462639378326,33.99698275120345]]]}},{"type":"Feature","properties":{"state":"California","county":"Los Angeles","s2_cell":"9278182743039016960","waymo_ro_miles":109443.92280506907,"incremental_miles":29824.602,"vintage_end":"202603","exposure_phase":"deployment"},"geometry":{"type":"Polygon","coordinates":[[[-118.41631026568835,33.99405294039434],[-118.41631026568835,33.9838101682547],[-118.40462639378326,33.9867395554495],[-118.40462639378326,33.99698275120345],[-118.41631026568835,33.99405294039434]]]}},{"type":"Feature","properties":{"state":"California","county":"Los Angeles","s2_cell":"9278182777398755328","waymo_ro_miles":208683.26444303108,"incremental_miles":57659.965,"vintage_end":"202603","exposure_phase":"deployment"},"geometry":{"type":"Polygon","coordinates":[[[-118.41631026568835,34.004294619621774],[-118.41631026568835,33.99405294039434],[-118.40462639378326,33.99698275120345],[-118.40462639378326,34.00722485362549],[-118.41631026568835,34.004294619621774]]]}},{"type":"Feature","properties":{"state":"California","county":"Los Angeles","s2_cell":"9278182811758493696","waymo_ro_miles":192489.28500306752,"incremental_miles":51964.977,"vintage_end":"202603","exposure_phase":"deployment"},"geometry":{"type":"Polygon","coordinates":[[[-118.40462639378326,34.00722485362549],[-118.40462639378326,33.99698275120345],[-118.39294170620582,33.99991145991404],[-118.39294170620582,34.010153985264424],[-118.40462639378326,34.00722485362549]]]}},{"type":"Feature","properties":{"state":"California","county":"Los Angeles","s2_cell":"9278182846118232064","waymo_ro_miles":148047.27908076165,"incremental_miles":42223.611,"vintage_end":"202603","exposure_phase":"deployment"},"geometry":{"type":"Polygon","coordinates":[[[-118.40462639378326,34.01746586195883],[-118.40462639378326,34.00722485362549],[-118.39294170620582,34.010153985264424],[-118.39294170620582,34.02039541610655],[-118.40462639378326,34.01746586195883]]]}},{"type":"Feature","properties":{"state":"California","county":"Los Angeles","s2_cell":"9278182880477970432","waymo_ro_miles":439387.971225613,"incremental_miles":117769.85,"vintage_end":"202603","exposure_phase":"deployment"},"geometry":{"type":"Polygon","coordinates":[[[-118.40462639378326,34.02770577544725],[-118.40462639378326,34.01746586195883],[-118.39294170620582,34.02039541610655],[-118.39294170620582,34.030635751684265],[-118.40462639378326,34.02770577544725]]]}},{"type":"Feature","properties":{"state":"California","county":"Los Angeles","s2_cell":"9278182914837708800","waymo_ro_miles":349984.48595356673,"incremental_miles":89680.174,"vintage_end":"202603","exposure_phase":"deployment"},"geometry":{"type":"Polygon","coordinates":[[[-118.41631026568835,34.024774696313266],[-118.41631026568835,34.014535205180174],[-118.40462639378326,34.01746586195883],[-118.40462639378326,34.02770577544725],[-118.41631026568835,34.024774696313266]]]}},{"type":"Feature","properties":{"state":"California","county":"Los Angeles","s2_cell":"9278182949197447168","waymo_ro_miles":318176.64036916,"incremental_miles":84958.345,"vintage_end":"202603","exposure_phase":"deployment"},"geometry":{"type":"Polygon","coordinates":[[[-118.41631026568835,34.014535205180174],[-118.41631026568835,34.004294619621774],[-118.40462639378326,34.00722485362549],[-118.40462639378326,34.01746586195883],[-118.41631026568835,34.014535205180174]]]}},{"type":"Feature","properties":{"state":"California","county":"Los Angeles","s2_cell":"9278182983557185536","waymo_ro_miles":360166.24662021315,"incremental_miles":96048.254,"vintage_end":"202603","exposure_phase":"deployment"},"geometry":{"type":"Polygon","coordinates":[[[-118.42799332063665,34.01160344625414],[-118.42799332063665,34.00136328373689],[-118.41631026568835,34.004294619621774],[-118.41631026568835,34.014535205180174],[-118.42799332063665,34.01160344625414]]]}},{"type":"Feature","properties":{"state":"California","county":"Los Angeles","s2_cell":"9278183017916923904","waymo_ro_miles":293037.4480740062,"incremental_miles":80291.626,"vintage_end":"202603","exposure_phase":"deployment"},"geometry":{"type":"Polygon","coordinates":[[[-118.42799332063665,34.02184251476583],[-118.42799332063665,34.01160344625414],[-118.41631026568835,34.014535205180174],[-118.41631026568835,34.024774696313266],[-118.42799332063665,34.02184251476583]]]}},{"type":"Feature","properties":{"state":"California","county":"Los Angeles","s2_cell":"9278183052276662272","waymo_ro_miles":204591.81195584024,"incremental_miles":48810.692,"vintage_end":"202603","exposure_phase":"deployment"},"geometry":{"type":"Polygon","coordinates":[[[-118.4396755573443,34.018909231288895],[-118.4396755573443,34.00867058566473],[-118.42799332063665,34.01160344625414],[-118.42799332063665,34.02184251476583],[-118.4396755573443,34.018909231288895]]]}},{"type":"Feature","properties":{"state":"California","county":"Los Angeles","s2_cell":"9278183086636400640","waymo_ro_miles":330475.6973899577,"incremental_miles":83635.248,"vintage_end":"202603","exposure_phase":"deployment"},"geometry":{"type":"Polygon","coordinates":[[[-118.4396755573443,34.00867058566473],[-118.4396755573443,33.99843084645487],[-118.42799332063665,34.00136328373689],[-118.42799332063665,34.01160344625414],[-118.4396755573443,34.00867058566473]]]}},{"type":"Feature","properties":{"state":"California","county":"Los Angeles","s2_cell":"9278183120996139008","waymo_ro_miles":228156.99086355203,"incremental_miles":54343.964,"vintage_end":"202603","exposure_phase":"deployment"},"geometry":{"type":"Polygon","coordinates":[[[-118.4396755573443,33.99843084645487],[-118.4396755573443,33.988190014415686],[-118.42799332063665,33.991122027970384],[-118.42799332063665,34.00136328373689],[-118.4396755573443,33.99843084645487]]]}},{"type":"Feature","properties":{"state":"California","county":"Los Angeles","s2_cell":"9278183155355877376","waymo_ro_miles":221566.26219836122,"incremental_miles":51920.561,"vintage_end":"202603","exposure_phase":"deployment"},"geometry":{"type":"Polygon","coordinates":[[[-118.42799332063665,34.00136328373689],[-118.42799332063665,33.991122027970384],[-118.41631026568835,33.99405294039434],[-118.41631026568835,34.004294619621774],[-118.42799332063665,34.00136328373689]]]}},{"type":"Feature","properties":{"state":"California","county":"Los Angeles","s2_cell":"9278183189715615744","waymo_ro_miles":168278.038799603,"incremental_miles":39535.919,"vintage_end":"202603","exposure_phase":"deployment"},"geometry":{"type":"Polygon","coordinates":[[[-118.42799332063665,33.991122027970384],[-118.42799332063665,33.98087967971151],[-118.41631026568835,33.9838101682547],[-118.41631026568835,33.99405294039434],[-118.42799332063665,33.991122027970384]]]}},{"type":"Feature","properties":{"state":"California","county":"Los Angeles","s2_cell":"9278183224075354112","waymo_ro_miles":116091.91001535987,"incremental_miles":31242.929,"vintage_end":"202603","exposure_phase":"deployment"},"geometry":{"type":"Polygon","coordinates":[[[-118.4396755573443,33.988190014415686],[-118.4396755573443,33.97794809030404],[-118.42799332063665,33.98087967971151],[-118.42799332063665,33.991122027970384],[-118.4396755573443,33.988190014415686]]]}},{"type":"Feature","properties":{"state":"California","county":"Los Angeles","s2_cell":"9278183258435092480","waymo_ro_miles":156901.793428904,"incremental_miles":41591.642,"vintage_end":"202603","exposure_phase":"deployment"},"geometry":{"type":"Polygon","coordinates":[[[-118.4513569745281,33.98525690021474],[-118.45135697452811,33.97501540051689],[-118.4396755573443,33.97794809030404],[-118.4396755573443,33.988190014415686],[-118.4513569745281,33.98525690021474]]]}},{"type":"Feature","properties":{"state":"California","county":"Los Angeles","s2_cell":"9278183292794830848","waymo_ro_miles":319077.19546882674,"incremental_miles":76749.86,"vintage_end":"202603","exposure_phase":"deployment"},"geometry":{"type":"Polygon","coordinates":[[[-118.4513569745281,33.99549730826022],[-118.4513569745281,33.98525690021474],[-118.4396755573443,33.988190014415686],[-118.4396755573443,33.99843084645487],[-118.4513569745281,33.99549730826022]]]}},{"type":"Feature","properties":{"state":"California","county":"Los Angeles","s2_cell":"9278183327154569216","waymo_ro_miles":357524.22572731256,"incremental_miles":88023.917,"vintage_end":"202603","exposure_phase":"deployment"},"geometry":{"type":"Polygon","coordinates":[[[-118.46303757090548,33.99256266963781],[-118.46303757090548,33.98232268585252],[-118.4513569745281,33.98525690021474],[-118.4513569745281,33.99549730826022],[-118.46303757090548,33.99256266963781]]]}},{"type":"Feature","properties":{"state":"California","county":"Los Angeles","s2_cell":"9278183361514307584","waymo_ro_miles":130456.63765964651,"incremental_miles":31784.401,"vintage_end":"202603","exposure_phase":"deployment"},"geometry":{"type":"Polygon","coordinates":[[[-118.46303757090548,33.98232268585252],[-118.46303757090548,33.97208161083505],[-118.45135697452811,33.97501540051689],[-118.4513569745281,33.98525690021474],[-118.46303757090548,33.98232268585252]]]}},{"type":"Feature","properties":{"state":"California","county":"Los Angeles","s2_cell":"9278183395874045952","waymo_ro_miles":43393.01417431034,"incremental_miles":10770.226,"vintage_end":"202603","exposure_phase":"deployment"},"geometry":{"type":"Polygon","coordinates":[[[-118.47471734519449,33.979387371814404],[-118.47471734519449,33.969146721743925],[-118.46303757090548,33.97208161083505],[-118.46303757090548,33.98232268585252],[-118.47471734519449,33.979387371814404]]]}},{"type":"Feature","properties":{"state":"California","county":"Los Angeles","s2_cell":"9278183464593522688","waymo_ro_miles":498.6034834374222,"incremental_miles":172.273,"vintage_end":"202603","exposure_phase":"deployment"},"geometry":{"type":"Polygon","coordinates":[[[-118.4863962961138,33.98669009305152],[-118.4863962961138,33.97645095858618],[-118.47471734519449,33.979387371814404],[-118.47471734519449,33.989626931073],[-118.4863962961138,33.98669009305152]]]}},{"type":"Feature","properties":{"state":"California","county":"Los Angeles","s2_cell":"9278183498953261056","waymo_ro_miles":236761.5574744948,"incremental_miles":58327.826,"vintage_end":"202603","exposure_phase":"deployment"},"geometry":{"type":"Polygon","coordinates":[[[-118.47471734519449,33.989626931073],[-118.47471734519449,33.979387371814404],[-118.46303757090548,33.98232268585252],[-118.46303757090548,33.99256266963781],[-118.47471734519449,33.989626931073]]]}},{"type":"Feature","properties":{"state":"California","county":"Los Angeles","s2_cell":"9278183533312999424","waymo_ro_miles":239901.7996109692,"incremental_miles":60383.572,"vintage_end":"202603","exposure_phase":"deployment"},"geometry":{"type":"Polygon","coordinates":[[[-118.47471734519449,33.9998653987627],[-118.47471734519449,33.989626931073],[-118.46303757090548,33.99256266963781],[-118.46303757090548,34.00280156143394],[-118.47471734519449,33.9998653987627]]]}},{"type":"Feature","properties":{"state":"California","county":"Los Angeles","s2_cell":"9278183567672737792","waymo_ro_miles":139921.9020482611,"incremental_miles":34204.315,"vintage_end":"202603","exposure_phase":"deployment"},"geometry":{"type":"Polygon","coordinates":[[[-118.4863962961138,33.99692813636837],[-118.4863962961138,33.98669009305152],[-118.47471734519449,33.989626931073],[-118.47471734519449,33.9998653987627],[-118.4863962961138,33.99692813636837]]]}},{"type":"Feature","properties":{"state":"California","county":"Los Angeles","s2_cell":"9278183602032476160","waymo_ro_miles":306327.1271003061,"incremental_miles":75006.845,"vintage_end":"202603","exposure_phase":"deployment"},"geometry":{"type":"Polygon","coordinates":[[[-118.4863962961138,34.00716508778025],[-118.4863962961138,33.99692813636837],[-118.47471734519449,33.9998653987627],[-118.47471734519449,34.01010277412707],[-118.4863962961138,34.00716508778025]]]}},{"type":"Feature","properties":{"state":"California","county":"Los Angeles","s2_cell":"9278183636392214528","waymo_ro_miles":225990.96540194858,"incremental_miles":53819.869,"vintage_end":"202603","exposure_phase":"deployment"},"geometry":{"type":"Polygon","coordinates":[[[-118.47471734519449,34.01010277412707],[-118.47471734519449,33.9998653987627],[-118.46303757090548,34.00280156143394],[-118.46303757090548,34.0130393604845],[-118.47471734519449,34.01010277412707]]]}},{"type":"Feature","properties":{"state":"California","county":"Los Angeles","s2_cell":"9278183670751952896","waymo_ro_miles":115436.81463226152,"incremental_miles":25112.515,"vintage_end":"202603","exposure_phase":"deployment"},"geometry":{"type":"Polygon","coordinates":[[[-118.46303757090548,34.0130393604845],[-118.46303757090548,34.00280156143394],[-118.45135697452811,34.00573662389638],[-118.45135697452811,34.01597484636685],[-118.46303757090548,34.0130393604845]]]}},{"type":"Feature","properties":{"state":"California","county":"Los Angeles","s2_cell":"9278183705111691264","waymo_ro_miles":189957.3660499222,"incremental_miles":48605.507,"vintage_end":"202603","exposure_phase":"deployment"},"geometry":{"type":"Polygon","coordinates":[[[-118.46303757090548,34.00280156143394],[-118.46303757090548,33.99256266963781],[-118.4513569745281,33.99549730826022],[-118.45135697452811,34.00573662389638],[-118.46303757090548,34.00280156143394]]]}},{"type":"Feature","properties":{"state":"California","county":"Los Angeles","s2_cell":"9278183739471429632","waymo_ro_miles":168100.81917417998,"incremental_miles":43768.859,"vintage_end":"202603","exposure_phase":"deployment"},"geometry":{"type":"Polygon","coordinates":[[[-118.45135697452811,34.00573662389638],[-118.4513569745281,33.99549730826022],[-118.4396755573443,33.99843084645487],[-118.4396755573443,34.00867058566473],[-118.45135697452811,34.00573662389638]]]}},{"type":"Feature","properties":{"state":"California","county":"Los Angeles","s2_cell":"9278183773831168000","waymo_ro_miles":181655.15251915055,"incremental_miles":43381.915,"vintage_end":"202603","exposure_phase":"deployment"},"geometry":{"type":"Polygon","coordinates":[[[-118.45135697452811,34.01597484636685],[-118.45135697452811,34.00573662389638],[-118.4396755573443,34.00867058566473],[-118.4396755573443,34.018909231288895],[-118.45135697452811,34.01597484636685]]]}},{"type":"Feature","properties":{"state":"California","county":"Los Angeles","s2_cell":"9278183808190906368","waymo_ro_miles":358049.64659030945,"incremental_miles":84073.041,"vintage_end":"202603","exposure_phase":"deployment"},"geometry":{"type":"Polygon","coordinates":[[[-118.45135697452811,34.02621197491583],[-118.45135697452811,34.01597484636685],[-118.4396755573443,34.018909231288895],[-118.4396755573443,34.02914678257162],[-118.45135697452811,34.02621197491583]]]}},{"type":"Feature","properties":{"state":"California","county":"Los Angeles","s2_cell":"9278183842550644736","waymo_ro_miles":620385.933178504,"incremental_miles":162473.256,"vintage_end":"202603","exposure_phase":"deployment"},"geometry":{"type":"Polygon","coordinates":[[[-118.45135697452811,34.0364480087881],[-118.45135697452811,34.02621197491583],[-118.4396755573443,34.02914678257162],[-118.4396755573443,34.039383238757694],[-118.45135697452811,34.0364480087881]]]}},{"type":"Feature","properties":{"state":"California","county":"Los Angeles","s2_cell":"9278183876910383104","waymo_ro_miles":490508.5693178721,"incremental_miles":126037.325,"vintage_end":"202603","exposure_phase":"deployment"},"geometry":{"type":"Polygon","coordinates":[[[-118.46303757090548,34.03351167732612],[-118.46303757090548,34.023276066033645],[-118.45135697452811,34.02621197491583],[-118.45135697452811,34.0364480087881],[-118.46303757090548,34.03351167732612]]]}},{"type":"Feature","properties":{"state":"California","county":"Los Angeles","s2_cell":"9278183911270121472","waymo_ro_miles":181950.0193233682,"incremental_miles":38706.243,"vintage_end":"202603","exposure_phase":"deployment"},"geometry":{"type":"Polygon","coordinates":[[[-118.46303757090548,34.023276066033645],[-118.46303757090548,34.0130393604845],[-118.45135697452811,34.01597484636685],[-118.45135697452811,34.02621197491583],[-118.46303757090548,34.023276066033645]]]}},{"type":"Feature","properties":{"state":"California","county":"Los Angeles","s2_cell":"9278183945629859840","waymo_ro_miles":285470.29155994725,"incremental_miles":65655.364,"vintage_end":"202603","exposure_phase":"deployment"},"geometry":{"type":"Polygon","coordinates":[[[-118.47471734519449,34.02033905641025],[-118.47471734519449,34.01010277412707],[-118.46303757090548,34.0130393604845],[-118.46303757090548,34.023276066033645],[-118.47471734519449,34.02033905641025]]]}},{"type":"Feature","properties":{"state":"California","county":"Los Angeles","s2_cell":"9278183979989598208","waymo_ro_miles":402869.7434338381,"incremental_miles":99196.388,"vintage_end":"202603","exposure_phase":"deployment"},"geometry":{"type":"Polygon","coordinates":[[[-118.4863962961138,34.017400946531254],[-118.4863962961138,34.00716508778025],[-118.47471734519449,34.01010277412707],[-118.47471734519449,34.02033905641025],[-118.4863962961138,34.017400946531254]]]}},{"type":"Feature","properties":{"state":"California","county":"Los Angeles","s2_cell":"9278184014349336576","waymo_ro_miles":628906.2652314028,"incremental_miles":157853.178,"vintage_end":"202603","exposure_phase":"deployment"},"geometry":{"type":"Polygon","coordinates":[[[-118.4863962961138,34.027635711866054],[-118.4863962961138,34.017400946531254],[-118.47471734519449,34.02033905641025],[-118.47471734519449,34.030574244856915],[-118.4863962961138,34.027635711866054]]]}},{"type":"Feature","properties":{"state":"California","county":"Los Angeles","s2_cell":"9278184048709074944","waymo_ro_miles":186168.99695111363,"incremental_miles":54111.682,"vintage_end":"202603","exposure_phase":"deployment"},"geometry":{"type":"Polygon","coordinates":[[[-118.47471734519449,34.030574244856915],[-118.47471734519449,34.02033905641025],[-118.46303757090548,34.023276066033645],[-118.46303757090548,34.03351167732612],[-118.47471734519449,34.030574244856915]]]}},{"type":"Feature","properties":{"state":"California","county":"Los Angeles","s2_cell":"9278184083068813312","waymo_ro_miles":484134.040290666,"incremental_miles":114817.691,"vintage_end":"202603","exposure_phase":"deployment"},"geometry":{"type":"Polygon","coordinates":[[[-118.47471734519449,34.04080833871238],[-118.47471734519449,34.030574244856915],[-118.46303757090548,34.03351167732612],[-118.46303757090548,34.04374619360725],[-118.47471734519449,34.04080833871238]]]}},{"type":"Feature","properties":{"state":"California","county":"Los Angeles","s2_cell":"9278184117428551680","waymo_ro_miles":319457.7789019184,"incremental_miles":85000.214,"vintage_end":"202603","exposure_phase":"deployment"},"geometry":{"type":"Polygon","coordinates":[[[-118.4863962961138,34.0378693830299],[-118.4863962961138,34.027635711866054],[-118.47471734519449,34.030574244856915],[-118.47471734519449,34.04080833871238],[-118.4863962961138,34.0378693830299]]]}},{"type":"Feature","properties":{"state":"California","county":"Los Angeles","s2_cell":"9278184151788290048","waymo_ro_miles":72494.85420186904,"incremental_miles":22165.5,"vintage_end":"202603","exposure_phase":"deployment"},"geometry":{"type":"Polygon","coordinates":[[[-118.4863962961138,34.04810195926861],[-118.4863962961138,34.0378693830299],[-118.47471734519449,34.04080833871238],[-118.47471734519449,34.05104133722248],[-118.4863962961138,34.04810195926861]]]}},{"type":"Feature","properties":{"state":"California","county":"Los Angeles","s2_cell":"9278184186148028416","waymo_ro_miles":218770.00261404848,"incremental_miles":60043.477,"vintage_end":"202603","exposure_phase":"deployment"},"geometry":{"type":"Polygon","coordinates":[[[-118.47471734519449,34.05104133722248],[-118.47471734519449,34.04080833871238],[-118.46303757090548,34.04374619360725],[-118.46303757090548,34.053979614122916],[-118.47471734519449,34.05104133722248]]]}},{"type":"Feature","properties":{"state":"California","county":"Los Angeles","s2_cell":"9278184220507766784","waymo_ro_miles":249648.46140299088,"incremental_miles":73238.675,"vintage_end":"202603","exposure_phase":"deployment"},"geometry":{"type":"Polygon","coordinates":[[[-118.46303757090548,34.053979614122916],[-118.46303757090548,34.04374619360725],[-118.45135697452811,34.046682947229],[-118.45135697452811,34.05691678948447],[-118.46303757090548,34.053979614122916]]]}},{"type":"Feature","properties":{"state":"California","county":"Los Angeles","s2_cell":"9278184254867505152","waymo_ro_miles":429830.431801749,"incremental_miles":98098.736,"vintage_end":"202603","exposure_phase":"deployment"},"geometry":{"type":"Polygon","coordinates":[[[-118.46303757090548,34.04374619360725],[-118.46303757090548,34.03351167732612],[-118.45135697452811,34.0364480087881],[-118.45135697452811,34.046682947229],[-118.46303757090548,34.04374619360725]]]}},{"type":"Feature","properties":{"state":"California","county":"Los Angeles","s2_cell":"9278184289227243520","waymo_ro_miles":313516.8622364825,"incremental_miles":77930.591,"vintage_end":"202603","exposure_phase":"deployment"},"geometry":{"type":"Polygon","coordinates":[[[-118.45135697452811,34.046682947229],[-118.45135697452811,34.0364480087881],[-118.4396755573443,34.039383238757694],[-118.4396755573443,34.049618599092526],[-118.45135697452811,34.046682947229]]]}},{"type":"Feature","properties":{"state":"California","county":"Los Angeles","s2_cell":"9278184323586981888","waymo_ro_miles":303354.4236702083,"incremental_miles":78195.372,"vintage_end":"202603","exposure_phase":"deployment"},"geometry":{"type":"Polygon","coordinates":[[[-118.45135697452811,34.05691678948447],[-118.45135697452811,34.046682947229],[-118.4396755573443,34.049618599092526],[-118.4396755573443,34.05985286282207],[-118.45135697452811,34.05691678948447]]]}},{"type":"Feature","properties":{"state":"California","county":"Los Angeles","s2_cell":"9278184357946720256","waymo_ro_miles":224751.63492259628,"incremental_miles":56384.404,"vintage_end":"202603","exposure_phase":"deployment"},"geometry":{"type":"Polygon","coordinates":[[[-118.4396755573443,34.05985286282207],[-118.4396755573443,34.049618599092526],[-118.42799332063665,34.05255314871316],[-118.42799332063665,34.06278783365108],[-118.4396755573443,34.05985286282207]]]}},{"type":"Feature","properties":{"state":"California","county":"Los Angeles","s2_cell":"9278184392306458624","waymo_ro_miles":410640.8036799577,"incremental_miles":105950.895,"vintage_end":"202603","exposure_phase":"deployment"},"geometry":{"type":"Polygon","coordinates":[[[-118.42799332063665,34.06278783365108],[-118.42799332063665,34.05255314871316],[-118.41631026568835,34.055486595606645],[-118.41631026568835,34.06572170148733],[-118.42799332063665,34.06278783365108]]]}},{"type":"Feature","properties":{"state":"California","county":"Los Angeles","s2_cell":"9278184426666196992","waymo_ro_miles":473579.6729948389,"incremental_miles":122318.991,"vintage_end":"202603","exposure_phase":"deployment"},"geometry":{"type":"Polygon","coordinates":[[[-118.42799332063665,34.05255314871316],[-118.42799332063665,34.042317366750204],[-118.41631026568835,34.04525039228133],[-118.41631026568835,34.055486595606645],[-118.42799332063665,34.05255314871316]]]}},{"type":"Feature","properties":{"state":"California","county":"Los Angeles","s2_cell":"9278184461025935360","waymo_ro_miles":549884.3574750666,"incremental_miles":137047.624,"vintage_end":"202603","exposure_phase":"deployment"},"geometry":{"type":"Polygon","coordinates":[[[-118.4396755573443,34.049618599092526],[-118.4396755573443,34.039383238757694],[-118.42799332063665,34.042317366750204],[-118.42799332063665,34.05255314871316],[-118.4396755573443,34.049618599092526]]]}},{"type":"Feature","properties":{"state":"California","county":"Los Angeles","s2_cell":"9278184495385673728","waymo_ro_miles":358906.0043690965,"incremental_miles":97131.933,"vintage_end":"202603","exposure_phase":"deployment"},"geometry":{"type":"Polygon","coordinates":[[[-118.4396755573443,34.039383238757694],[-118.4396755573443,34.02914678257162],[-118.42799332063665,34.032080488516236],[-118.42799332063665,34.042317366750204],[-118.4396755573443,34.039383238757694]]]}},{"type":"Feature","properties":{"state":"California","county":"Los Angeles","s2_cell":"9278184529745412096","waymo_ro_miles":221009.29347421185,"incremental_miles":62495.593,"vintage_end":"202603","exposure_phase":"deployment"},"geometry":{"type":"Polygon","coordinates":[[[-118.4396755573443,34.02914678257162],[-118.4396755573443,34.018909231288895],[-118.42799332063665,34.02184251476583],[-118.42799332063665,34.032080488516236],[-118.4396755573443,34.02914678257162]]]}},{"type":"Feature","properties":{"state":"California","county":"Los Angeles","s2_cell":"9278184564105150464","waymo_ro_miles":133774.09239399538,"incremental_miles":44633.466,"vintage_end":"202603","exposure_phase":"deployment"},"geometry":{"type":"Polygon","coordinates":[[[-118.42799332063665,34.032080488516236],[-118.42799332063665,34.02184251476583],[-118.41631026568835,34.024774696313266],[-118.41631026568835,34.03501309226535],[-118.42799332063665,34.032080488516236]]]}},{"type":"Feature","properties":{"state":"California","county":"Los Angeles","s2_cell":"9278184598464888832","waymo_ro_miles":123348.35150273702,"incremental_miles":32481.14,"vintage_end":"202603","exposure_phase":"deployment"},"geometry":{"type":"Polygon","coordinates":[[[-118.42799332063665,34.042317366750204],[-118.42799332063665,34.032080488516236],[-118.41631026568835,34.03501309226535],[-118.41631026568835,34.04525039228133],[-118.42799332063665,34.042317366750204]]]}},{"type":"Feature","properties":{"state":"California","county":"Los Angeles","s2_cell":"9278184632824627200","waymo_ro_miles":57076.30751407516,"incremental_miles":16137.098,"vintage_end":"202603","exposure_phase":"deployment"},"geometry":{"type":"Polygon","coordinates":[[[-118.41631026568835,34.04525039228133],[-118.41631026568835,34.03501309226535],[-118.40462639378326,34.03794459333507],[-118.40462639378326,34.048182314867226],[-118.41631026568835,34.04525039228133]]]}},{"type":"Feature","properties":{"state":"California","county":"Los Angeles","s2_cell":"9278184667184365568","waymo_ro_miles":178599.40881848152,"incremental_miles":55405.457,"vintage_end":"202603","exposure_phase":"deployment"},"geometry":{"type":"Polygon","coordinates":[[[-118.41631026568835,34.03501309226535],[-118.41631026568835,34.024774696313266],[-118.40462639378326,34.02770577544725],[-118.40462639378326,34.03794459333507],[-118.41631026568835,34.03501309226535]]]}},{"type":"Feature","properties":{"state":"California","county":"Los Angeles","s2_cell":"9278184701544103936","waymo_ro_miles":228194.85487059763,"incremental_miles":60711.076,"vintage_end":"202603","exposure_phase":"deployment"},"geometry":{"type":"Polygon","coordinates":[[[-118.40462639378326,34.03794459333507],[-118.40462639378326,34.02770577544725],[-118.39294170620582,34.030635751684265],[-118.39294170620582,34.04087499124191],[-118.40462639378326,34.03794459333507]]]}},{"type":"Feature","properties":{"state":"California","county":"Los Angeles","s2_cell":"9278184770263580672","waymo_ro_miles":316400.29505183315,"incremental_miles":78983.043,"vintage_end":"202603","exposure_phase":"deployment"},"geometry":{"type":"Polygon","coordinates":[[[-118.40462639378326,34.05841893928918],[-118.40462639378326,34.048182314867226],[-118.39294170620582,34.05111313402445],[-118.39294170620582,34.061350179277404],[-118.40462639378326,34.05841893928918]]]}},{"type":"Feature","properties":{"state":"California","county":"Los Angeles","s2_cell":"9278184804623319040","waymo_ro_miles":253917.14814772466,"incremental_miles":60612.577,"vintage_end":"202603","exposure_phase":"deployment"},"geometry":{"type":"Polygon","coordinates":[[[-118.41631026568835,34.055486595606645],[-118.41631026568835,34.04525039228133],[-118.40462639378326,34.048182314867226],[-118.40462639378326,34.05841893928918],[-118.41631026568835,34.055486595606645]]]}},{"type":"Feature","properties":{"state":"California","county":"Los Angeles","s2_cell":"9278184838983057408","waymo_ro_miles":531835.1662045305,"incremental_miles":128642.541,"vintage_end":"202603","exposure_phase":"deployment"},"geometry":{"type":"Polygon","coordinates":[[[-118.41631026568835,34.06572170148733],[-118.41631026568835,34.055486595606645],[-118.40462639378326,34.05841893928918],[-118.40462639378326,34.06865446584705],[-118.41631026568835,34.06572170148733]]]}},{"type":"Feature","properties":{"state":"California","county":"Los Angeles","s2_cell":"9278184873342795776","waymo_ro_miles":249500.54586455753,"incremental_miles":65866.124,"vintage_end":"202603","exposure_phase":"deployment"},"geometry":{"type":"Polygon","coordinates":[[[-118.40462639378326,34.06865446584705],[-118.40462639378326,34.05841893928918],[-118.39294170620582,34.061350179277404],[-118.39294170620582,34.071586126246885],[-118.40462639378326,34.06865446584705]]]}},{"type":"Feature","properties":{"state":"California","county":"Los Angeles","s2_cell":"9278184907702534144","waymo_ro_miles":407673.043454102,"incremental_miles":100517.431,"vintage_end":"202603","exposure_phase":"deployment"},"geometry":{"type":"Polygon","coordinates":[[[-118.40462639378326,34.07888889378743],[-118.40462639378326,34.06865446584705],[-118.39294170620582,34.071586126246885],[-118.39294170620582,34.08182097417957],[-118.40462639378326,34.07888889378743]]]}},{"type":"Feature","properties":{"state":"California","county":"Los Angeles","s2_cell":"9278184942062272512","waymo_ro_miles":223767.11383139683,"incremental_miles":53969.966,"vintage_end":"202603","exposure_phase":"deployment"},"geometry":{"type":"Polygon","coordinates":[[[-118.41631026568835,34.07595570916999],[-118.41631026568835,34.06572170148733],[-118.40462639378326,34.06865446584705],[-118.40462639378326,34.07888889378743],[-118.41631026568835,34.07595570916999]]]}},{"type":"Feature","properties":{"state":"California","county":"Los Angeles","s2_cell":"9278184976422010880","waymo_ro_miles":81702.64961780327,"incremental_miles":25284.569,"vintage_end":"202603","exposure_phase":"deployment"},"geometry":{"type":"Polygon","coordinates":[[[-118.41631026568835,34.086188617901826],[-118.41631026568835,34.07595570916999],[-118.40462639378326,34.07888889378743],[-118.40462639378326,34.08912222235755],[-118.41631026568835,34.086188617901826]]]}},{"type":"Feature","properties":{"state":"California","county":"Los Angeles","s2_cell":"9278185010781749248","waymo_ro_miles":64110.081123850294,"incremental_miles":18676.966,"vintage_end":"202603","exposure_phase":"deployment"},"geometry":{"type":"Polygon","coordinates":[[[-118.40462639378326,34.08912222235755],[-118.40462639378326,34.07888889378743],[-118.39294170620582,34.08182097417957],[-118.39294170620582,34.09205472232272],[-118.40462639378326,34.08912222235755]]]}},{"type":"Feature","properties":{"state":"California","county":"Los Angeles","s2_cell":"9278185285659656192","waymo_ro_miles":16577.209818279538,"incremental_miles":5994.855,"vintage_end":"202603","exposure_phase":"deployment"},"geometry":{"type":"Polygon","coordinates":[[[-118.4396755573443,34.09054906684718],[-118.4396755573443,34.08031809745199],[-118.42799332063665,34.08325390943874],[-118.42799332063665,34.09348529878334],[-118.4396755573443,34.09054906684718]]]}},{"type":"Feature","properties":{"state":"California","county":"Los Angeles","s2_cell":"9278185320019394560","waymo_ro_miles":96892.00754175907,"incremental_miles":40452.243,"vintage_end":"202603","exposure_phase":"deployment"},"geometry":{"type":"Polygon","coordinates":[[[-118.4396755573443,34.08031809745199],[-118.4396755573443,34.070086029192844],[-118.42799332063665,34.07302142081056],[-118.42799332063665,34.08325390943874],[-118.4396755573443,34.08031809745199]]]}},{"type":"Feature","properties":{"state":"California","county":"Los Angeles","s2_cell":"9278185354379132928","waymo_ro_miles":65267.21396561713,"incremental_miles":23278.655,"vintage_end":"202603","exposure_phase":"deployment"},"geometry":{"type":"Polygon","coordinates":[[[-118.42799332063665,34.08325390943874],[-118.42799332063665,34.07302142081056],[-118.41631026568835,34.07595570916999],[-118.41631026568835,34.086188617901826],[-118.42799332063665,34.08325390943874]]]}},{"type":"Feature","properties":{"state":"California","county":"Los Angeles","s2_cell":"9278185388738871296","waymo_ro_miles":70484.66459688776,"incremental_miles":15256.643,"vintage_end":"202603","exposure_phase":"deployment"},"geometry":{"type":"Polygon","coordinates":[[[-118.42799332063665,34.07302142081056],[-118.42799332063665,34.06278783365108],[-118.41631026568835,34.06572170148733],[-118.41631026568835,34.07595570916999],[-118.42799332063665,34.07302142081056]]]}},{"type":"Feature","properties":{"state":"California","county":"Los Angeles","s2_cell":"9278185423098609664","waymo_ro_miles":162723.67545920046,"incremental_miles":46340.217,"vintage_end":"202603","exposure_phase":"deployment"},"geometry":{"type":"Polygon","coordinates":[[[-118.4396755573443,34.070086029192844],[-118.4396755573443,34.05985286282207],[-118.42799332063665,34.06278783365108],[-118.42799332063665,34.07302142081056],[-118.4396755573443,34.070086029192844]]]}},{"type":"Feature","properties":{"state":"California","county":"Los Angeles","s2_cell":"9278185457458348032","waymo_ro_miles":225857.27955332078,"incremental_miles":66357.397,"vintage_end":"202603","exposure_phase":"deployment"},"geometry":{"type":"Polygon","coordinates":[[[-118.45135697452811,34.067149534801004],[-118.45135697452811,34.05691678948447],[-118.4396755573443,34.05985286282207],[-118.4396755573443,34.070086029192844],[-118.45135697452811,34.067149534801004]]]}},{"type":"Feature","properties":{"state":"California","county":"Los Angeles","s2_cell":"9278185491818086400","waymo_ro_miles":78109.78141682502,"incremental_miles":36815.384,"vintage_end":"202603","exposure_phase":"deployment"},"geometry":{"type":"Polygon","coordinates":[[[-118.45135697452811,34.07738118242568],[-118.45135697452811,34.067149534801004],[-118.4396755573443,34.070086029192844],[-118.4396755573443,34.08031809745199],[-118.45135697452811,34.07738118242568]]]}},{"type":"Feature","properties":{"state":"California","county":"Los Angeles","s2_cell":"9278185526177824768","waymo_ro_miles":97219.90312721548,"incremental_miles":40078.17,"vintage_end":"202603","exposure_phase":"deployment"},"geometry":{"type":"Polygon","coordinates":[[[-118.46303757090548,34.07444316484433],[-118.46303757090548,34.0642119381196],[-118.45135697452811,34.067149534801004],[-118.45135697452811,34.07738118242568],[-118.46303757090548,34.07444316484433]]]}},{"type":"Feature","properties":{"state":"California","county":"Los Angeles","s2_cell":"9278185560537563136","waymo_ro_miles":62159.13250250339,"incremental_miles":40113.503,"vintage_end":"202603","exposure_phase":"deployment"},"geometry":{"type":"Polygon","coordinates":[[[-118.46303757090548,34.0642119381196],[-118.46303757090548,34.053979614122916],[-118.45135697452811,34.05691678948447],[-118.45135697452811,34.067149534801004],[-118.46303757090548,34.0642119381196]]]}},{"type":"Feature","properties":{"state":"California","county":"Los Angeles","s2_cell":"9278185594897301504","waymo_ro_miles":62032.300022049465,"incremental_miles":18197.949,"vintage_end":"202603","exposure_phase":"deployment"},"geometry":{"type":"Polygon","coordinates":[[[-118.47471734519449,34.06127323963364],[-118.47471734519449,34.05104133722248],[-118.46303757090548,34.053979614122916],[-118.46303757090548,34.0642119381196],[-118.47471734519449,34.06127323963364]]]}},{"type":"Feature","properties":{"state":"California","county":"Los Angeles","s2_cell":"9278185629257039872","waymo_ro_miles":80805.76452550072,"incremental_miles":24876.788,"vintage_end":"202603","exposure_phase":"deployment"},"geometry":{"type":"Polygon","coordinates":[[[-118.4863962961138,34.05833343982856],[-118.4863962961138,34.04810195926861],[-118.47471734519449,34.05104133722248],[-118.47471734519449,34.06127323963364],[-118.4863962961138,34.05833343982856]]]}},{"type":"Feature","properties":{"state":"California","county":"Los Angeles","s2_cell":"9278185663616778240","waymo_ro_miles":130.99770471703678,"incremental_miles":43.517,"vintage_end":"202603","exposure_phase":"deployment"},"geometry":{"type":"Polygon","coordinates":[[[-118.4863962961138,34.068563823956744],[-118.4863962961138,34.05833343982856],[-118.47471734519449,34.06127323963364],[-118.47471734519449,34.07150404519288],[-118.4863962961138,34.068563823956744]]]}},{"type":"Feature","properties":{"state":"California","county":"Los Angeles","s2_cell":"9278185697976516608","waymo_ro_miles":39657.489880305475,"incremental_miles":13796.534,"vintage_end":"202603","exposure_phase":"deployment"},"geometry":{"type":"Polygon","coordinates":[[[-118.47471734519449,34.07150404519288],[-118.47471734519449,34.06127323963364],[-118.46303757090548,34.0642119381196],[-118.46303757090548,34.07444316484433],[-118.47471734519449,34.07150404519288]]]}},{"type":"Feature","properties":{"state":"California","county":"Los Angeles","s2_cell":"9278185904134946816","waymo_ro_miles":3853.376252752687,"incremental_miles":1515.373,"vintage_end":"202603","exposure_phase":"deployment"},"geometry":{"type":"Polygon","coordinates":[[[-118.46303757090548,34.08467329354471],[-118.46303757090548,34.07444316484433],[-118.45135697452811,34.07738118242568],[-118.45135697452811,34.08761173160615],[-118.46303757090548,34.08467329354471]]]}},{"type":"Feature","properties":{"state":"California","county":"Los Angeles","s2_cell":"9278185938494685184","waymo_ro_miles":3.2560906517228827,"incremental_miles":2.173,"vintage_end":"202603","exposure_phase":"deployment"},"geometry":{"type":"Polygon","coordinates":[[[-118.45135697452811,34.08761173160615],[-118.45135697452811,34.07738118242568],[-118.4396755573443,34.08031809745199],[-118.4396755573443,34.09054906684718],[-118.45135697452811,34.08761173160615]]]}},{"type":"Feature","properties":{"state":"California","county":"Los Angeles","s2_cell":"9278187725201080320","waymo_ro_miles":22.914107560855598,"incremental_miles":2.863,"vintage_end":"202603","exposure_phase":"deployment"},"geometry":{"type":"Polygon","coordinates":[[[-118.38125620424114,34.10521918380458],[-118.38125620424114,34.0949861173145],[-118.36956988917491,34.097916406850516],[-118.36956988917491,34.10814989196416],[-118.38125620424114,34.10521918380458]]]}},{"type":"Feature","properties":{"state":"California","county":"Los Angeles","s2_cell":"9278187759560818688","waymo_ro_miles":4.001414853783901,"incremental_miles":2.287,"vintage_end":"202603","exposure_phase":"deployment"},"geometry":{"type":"Polygon","coordinates":[[[-118.39294170620582,34.102287369924156],[-118.39294170620582,34.09205472232272],[-118.38125620424114,34.0949861173145],[-118.38125620424114,34.10521918380458],[-118.39294170620582,34.102287369924156]]]}},{"type":"Feature","properties":{"state":"California","county":"Los Angeles","s2_cell":"9278187793920557056","waymo_ro_miles":204414.84470385156,"incremental_miles":55036.604,"vintage_end":"202603","exposure_phase":"deployment"},"geometry":{"type":"Polygon","coordinates":[[[-118.39294170620582,34.09205472232272],[-118.39294170620582,34.08182097417957],[-118.38125620424114,34.08475194986359],[-118.38125620424114,34.0949861173145],[-118.39294170620582,34.09205472232272]]]}},{"type":"Feature","properties":{"state":"California","county":"Los Angeles","s2_cell":"9278187828280295424","waymo_ro_miles":431360.7064584499,"incremental_miles":107520.237,"vintage_end":"202603","exposure_phase":"deployment"},"geometry":{"type":"Polygon","coordinates":[[[-118.39294170620582,34.08182097417957],[-118.39294170620582,34.071586126246885],[-118.38125620424114,34.074516682203964],[-118.38125620424114,34.08475194986359],[-118.39294170620582,34.08182097417957]]]}},{"type":"Feature","properties":{"state":"California","county":"Los Angeles","s2_cell":"9278187862640033792","waymo_ro_miles":340998.4446237635,"incremental_miles":89720.623,"vintage_end":"202603","exposure_phase":"deployment"},"geometry":{"type":"Polygon","coordinates":[[[-118.38125620424114,34.08475194986359],[-118.38125620424114,34.074516682203964],[-118.36956988917491,34.07744613323579],[-118.36956988917491,34.08768182035703],[-118.38125620424114,34.08475194986359]]]}},{"type":"Feature","properties":{"state":"California","county":"Los Angeles","s2_cell":"9278187896999772160","waymo_ro_miles":300219.28033645515,"incremental_miles":79319.779,"vintage_end":"202603","exposure_phase":"deployment"},"geometry":{"type":"Polygon","coordinates":[[[-118.38125620424114,34.0949861173145],[-118.38125620424114,34.08475194986359],[-118.36956988917491,34.08768182035703],[-118.36956988917491,34.097916406850516],[-118.38125620424114,34.0949861173145]]]}},{"type":"Feature","properties":{"state":"California","county":"Los Angeles","s2_cell":"9278187931359510528","waymo_ro_miles":269405.0363669537,"incremental_miles":71703.127,"vintage_end":"202603","exposure_phase":"deployment"},"geometry":{"type":"Polygon","coordinates":[[[-118.36956988917491,34.097916406850516],[-118.36956988917491,34.08768182035703],[-118.3578827622935,34.090610585177906],[-118.3578827622935,34.10084559044883],[-118.36956988917491,34.097916406850516]]]}},{"type":"Feature","properties":{"state":"California","county":"Los Angeles","s2_cell":"9278187965719248896","waymo_ro_miles":251437.65610661678,"incremental_miles":67950.557,"vintage_end":"202603","exposure_phase":"deployment"},"geometry":{"type":"Polygon","coordinates":[[[-118.36956988917491,34.08768182035703],[-118.36956988917491,34.07744613323579],[-118.3578827622935,34.080374478860335],[-118.3578827622935,34.090610585177906],[-118.36956988917491,34.08768182035703]]]}},{"type":"Feature","properties":{"state":"California","county":"Los Angeles","s2_cell":"9278188000078987264","waymo_ro_miles":237577.61831539433,"incremental_miles":62706.342,"vintage_end":"202603","exposure_phase":"deployment"},"geometry":{"type":"Polygon","coordinates":[[[-118.3578827622935,34.090610585177906],[-118.3578827622935,34.080374478860335],[-118.34619482488387,34.083301718595976],[-118.34619482488387,34.09353824384467],[-118.3578827622935,34.090610585177906]]]}},{"type":"Feature","properties":{"state":"California","county":"Los Angeles","s2_cell":"9278188034438725632","waymo_ro_miles":163134.4603385805,"incremental_miles":45329.689,"vintage_end":"202603","exposure_phase":"deployment"},"geometry":{"type":"Polygon","coordinates":[[[-118.3578827622935,34.10084559044883],[-118.3578827622935,34.090610585177906],[-118.34619482488387,34.09353824384467],[-118.34619482488387,34.10377366762791],[-118.3578827622935,34.10084559044883]]]}},{"type":"Feature","properties":{"state":"California","county":"Los Angeles","s2_cell":"9278188068798464000","waymo_ro_miles":12423.932259361683,"incremental_miles":3576.056,"vintage_end":"202603","exposure_phase":"deployment"},"geometry":{"type":"Polygon","coordinates":[[[-118.3578827622935,34.11107949392101],[-118.3578827622935,34.10084559044883],[-118.34619482488387,34.10377366762791],[-118.34619482488387,34.11400798919366],[-118.3578827622935,34.11107949392101]]]}},{"type":"Feature","properties":{"state":"California","county":"Los Angeles","s2_cell":"9278188103158202368","waymo_ro_miles":21113.600337987835,"incremental_miles":5978.32,"vintage_end":"202603","exposure_phase":"deployment"},"geometry":{"type":"Polygon","coordinates":[[[-118.36956988917491,34.10814989196416],[-118.36956988917491,34.097916406850516],[-118.3578827622935,34.10084559044883],[-118.3578827622935,34.11107949392101],[-118.36956988917491,34.10814989196416]]]}},{"type":"Feature","properties":{"state":"California","county":"Los Angeles","s2_cell":"9278188274956894208","waymo_ro_miles":2821.366233299198,"incremental_miles":688.77,"vintage_end":"202603","exposure_phase":"deployment"},"geometry":{"type":"Polygon","coordinates":[[[-118.33450607823356,34.11693537730107],[-118.33450607823357,34.10670063790669],[-118.32281652363086,34.10962650080452],[-118.32281652363083,34.11986165776265],[-118.33450607823356,34.11693537730107]]]}},{"type":"Feature","properties":{"state":"California","county":"Los Angeles","s2_cell":"9278188309316632576","waymo_ro_miles":2623.3161002099273,"incremental_miles":664.355,"vintage_end":"202603","exposure_phase":"deployment"},"geometry":{"type":"Polygon","coordinates":[[[-118.34619482488387,34.11400798919366],[-118.34619482488387,34.10377366762791],[-118.33450607823357,34.10670063790669],[-118.33450607823356,34.11693537730107],[-118.34619482488387,34.11400798919366]]]}},{"type":"Feature","properties":{"state":"California","county":"Los Angeles","s2_cell":"9278188343676370944","waymo_ro_miles":228887.1831810296,"incremental_miles":58012.278,"vintage_end":"202603","exposure_phase":"deployment"},"geometry":{"type":"Polygon","coordinates":[[[-118.34619482488387,34.10377366762791],[-118.34619482488387,34.09353824384467],[-118.33450607823357,34.09646479587619],[-118.33450607823357,34.10670063790669],[-118.34619482488387,34.10377366762791]]]}},{"type":"Feature","properties":{"state":"California","county":"Los Angeles","s2_cell":"9278188378036109312","waymo_ro_miles":338128.38704209495,"incremental_miles":85053.745,"vintage_end":"202603","exposure_phase":"deployment"},"geometry":{"type":"Polygon","coordinates":[[[-118.34619482488387,34.09353824384467],[-118.34619482488387,34.083301718595976],[-118.33450607823357,34.086227851961546],[-118.33450607823357,34.09646479587619],[-118.34619482488387,34.09353824384467]]]}},{"type":"Feature","properties":{"state":"California","county":"Los Angeles","s2_cell":"9278188412395847680","waymo_ro_miles":277716.05489665014,"incremental_miles":72020.328,"vintage_end":"202603","exposure_phase":"deployment"},"geometry":{"type":"Polygon","coordinates":[[[-118.33450607823357,34.09646479587619],[-118.33450607823357,34.086227851961546],[-118.32281652363086,34.089152878476305],[-118.32281652363086,34.09939024079175],[-118.33450607823357,34.09646479587619]]]}},{"type":"Feature","properties":{"state":"California","county":"Los Angeles","s2_cell":"9278188446755586048","waymo_ro_miles":149176.0583289924,"incremental_miles":40043.087,"vintage_end":"202603","exposure_phase":"deployment"},"geometry":{"type":"Polygon","coordinates":[[[-118.33450607823357,34.10670063790669],[-118.33450607823357,34.09646479587619],[-118.32281652363086,34.09939024079175],[-118.32281652363086,34.10962650080452],[-118.33450607823357,34.10670063790669]]]}},{"type":"Feature","properties":{"state":"California","county":"Los Angeles","s2_cell":"9278188481115324416","waymo_ro_miles":67772.98564058983,"incremental_miles":19596.226,"vintage_end":"202603","exposure_phase":"deployment"},"geometry":{"type":"Polygon","coordinates":[[[-118.32281652363086,34.10962650080452],[-118.32281652363086,34.09939024079175],[-118.31112616236453,34.102314578111105],[-118.31112616236453,34.112551255841176],[-118.32281652363086,34.10962650080452]]]}},{"type":"Feature","properties":{"state":"California","county":"Los Angeles","s2_cell":"9278188515475062784","waymo_ro_miles":175177.3763842249,"incremental_miles":51502.376,"vintage_end":"202603","exposure_phase":"deployment"},"geometry":{"type":"Polygon","coordinates":[[[-118.32281652363086,34.09939024079175],[-118.32281652363086,34.089152878476305],[-118.31112616236453,34.09207679765992],[-118.31112616236453,34.102314578111105],[-118.32281652363086,34.09939024079175]]]}},{"type":"Feature","properties":{"state":"California","county":"Los Angeles","s2_cell":"9278188549834801152","waymo_ro_miles":117530.76567868883,"incremental_miles":34847.01,"vintage_end":"202603","exposure_phase":"deployment"},"geometry":{"type":"Polygon","coordinates":[[[-118.31112616236453,34.102314578111105],[-118.31112616236453,34.09207679765992],[-118.29943499572406,34.09499960903254],[-118.29943499572406,34.10523780735441],[-118.31112616236453,34.102314578111105]]]}},{"type":"Feature","properties":{"state":"California","county":"Los Angeles","s2_cell":"9278188584194539520","waymo_ro_miles":30547.04561259489,"incremental_miles":9023.087,"vintage_end":"202603","exposure_phase":"deployment"},"geometry":{"type":"Polygon","coordinates":[[[-118.31112616236453,34.112551255841176],[-118.31112616236453,34.102314578111105],[-118.29943499572406,34.10523780735441],[-118.29943499572408,34.11547490253689],[-118.31112616236453,34.112551255841176]]]}},{"type":"Feature","properties":{"state":"California","county":"Los Angeles","s2_cell":"9278189992943812608","waymo_ro_miles":7628.040534618437,"incremental_miles":1856.683,"vintage_end":"202603","exposure_phase":"deployment"},"geometry":{"type":"Polygon","coordinates":[[[-118.29943499572408,34.11547490253689],[-118.29943499572406,34.10523780735441],[-118.28774302499957,34.108159928042284],[-118.28774302499957,34.11839744041229],[-118.29943499572408,34.11547490253689]]]}},{"type":"Feature","properties":{"state":"California","county":"Los Angeles","s2_cell":"9278190027303550976","waymo_ro_miles":70073.64868922521,"incremental_miles":19838.365,"vintage_end":"202603","exposure_phase":"deployment"},"geometry":{"type":"Polygon","coordinates":[[[-118.29943499572406,34.10523780735441],[-118.29943499572406,34.09499960903254],[-118.28774302499957,34.0979213121147],[-118.28774302499957,34.108159928042284],[-118.29943499572406,34.10523780735441]]]}},{"type":"Feature","properties":{"state":"California","county":"Los Angeles","s2_cell":"9278190061663289344","waymo_ro_miles":34890.70764702642,"incremental_miles":11893.519,"vintage_end":"202603","exposure_phase":"deployment"},"geometry":{"type":"Polygon","coordinates":[[[-118.28774302499957,34.108159928042284],[-118.28774302499957,34.0979213121147],[-118.2760502514817,34.10084190642739],[-118.2760502514817,34.11108093969575],[-118.28774302499957,34.108159928042284]]]}},{"type":"Feature","properties":{"state":"California","county":"Los Angeles","s2_cell":"9278190096023027712","waymo_ro_miles":8067.282475867268,"incremental_miles":2428.172,"vintage_end":"202603","exposure_phase":"deployment"},"geometry":{"type":"Polygon","coordinates":[[[-118.28774302499957,34.11839744041229],[-118.28774302499957,34.108159928042284],[-118.2760502514817,34.11108093969575],[-118.2760502514817,34.12131886898849],[-118.28774302499957,34.11839744041229]]]}},{"type":"Feature","properties":{"state":"California","county":"Los Angeles","s2_cell":"9278190130382766080","waymo_ro_miles":287.3892422083055,"incremental_miles":69.066,"vintage_end":"202603","exposure_phase":"deployment"},"geometry":{"type":"Polygon","coordinates":[[[-118.2760502514817,34.12131886898849],[-118.2760502514817,34.11108093969575],[-118.26435667646179,34.1140008418363],[-118.26435667646179,34.124239187787],[-118.2760502514817,34.12131886898849]]]}},{"type":"Feature","properties":{"state":"California","county":"Los Angeles","s2_cell":"9278190164742504448","waymo_ro_miles":28624.69566029729,"incremental_miles":9178.572,"vintage_end":"202603","exposure_phase":"deployment"},"geometry":{"type":"Polygon","coordinates":[[[-118.2760502514817,34.11108093969575],[-118.2760502514817,34.10084190642739],[-118.26435667646179,34.10376139149204],[-118.26435667646179,34.1140008418363],[-118.2760502514817,34.11108093969575]]]}},{"type":"Feature","properties":{"state":"California","county":"Los Angeles","s2_cell":"9278190199102242816","waymo_ro_miles":6882.36358609297,"incremental_miles":2160.815,"vintage_end":"202603","exposure_phase":"deployment"},"geometry":{"type":"Polygon","coordinates":[[[-118.26435667646179,34.1140008418363],[-118.26435667646179,34.10376139149204],[-118.25266230123178,34.10667976683051],[-118.25266230123178,34.11691963398581],[-118.26435667646179,34.1140008418363]]]}},{"type":"Feature","properties":{"state":"California","county":"Los Angeles","s2_cell":"9278190577059364864","waymo_ro_miles":0.04791093857298524,"incremental_miles":0.027,"vintage_end":"202603","exposure_phase":"deployment"},"geometry":{"type":"Polygon","coordinates":[[[-118.25266230123178,34.11691963398581],[-118.25266230123178,34.10667976683051],[-118.24096712708423,34.109597031965095],[-118.24096712708423,34.11983731566666],[-118.25266230123178,34.11691963398581]]]}},{"type":"Feature","properties":{"state":"California","county":"Los Angeles","s2_cell":"9278195971538288640","waymo_ro_miles":16.080951621848314,"incremental_miles":5.627,"vintage_end":"202603","exposure_phase":"deployment"},"geometry":{"type":"Polygon","coordinates":[[[-118.22927115531233,34.05104581010746],[-118.22927115531233,34.04079739169327],[-118.21757438720986,34.04370951117994],[-118.21757438720986,34.05395834853395],[-118.22927115531233,34.05104581010746]]]}},{"type":"Feature","properties":{"state":"California","county":"Los Angeles","s2_cell":"9278196005898027008","waymo_ro_miles":811.3105225648019,"incremental_miles":232.299,"vintage_end":"202603","exposure_phase":"deployment"},"geometry":{"type":"Polygon","coordinates":[[[-118.22927115531233,34.04079739169327],[-118.22927115531233,34.03054787366657],[-118.21757438720986,34.0334595737957],[-118.21757438720986,34.04370951117994],[-118.22927115531233,34.04079739169327]]]}},{"type":"Feature","properties":{"state":"California","county":"Los Angeles","s2_cell":"9278196040257765376","waymo_ro_miles":87986.45569953142,"incremental_miles":23171.546,"vintage_end":"202603","exposure_phase":"deployment"},"geometry":{"type":"Polygon","coordinates":[[[-118.24096712708423,34.03788416290496],[-118.24096712708423,34.02763506450149],[-118.22927115531233,34.03054787366657],[-118.22927115531233,34.04079739169327],[-118.24096712708423,34.03788416290496]]]}},{"type":"Feature","properties":{"state":"California","county":"Los Angeles","s2_cell":"9278196074617503744","waymo_ro_miles":92247.90119992223,"incremental_miles":24365.286,"vintage_end":"202603","exposure_phase":"deployment"},"geometry":{"type":"Polygon","coordinates":[[[-118.25266230123178,34.03496982529217],[-118.25266230123178,34.02472114677768],[-118.24096712708423,34.02763506450149],[-118.24096712708423,34.03788416290496],[-118.25266230123178,34.03496982529217]]]}},{"type":"Feature","properties":{"state":"California","county":"Los Angeles","s2_cell":"9278196108977242112","waymo_ro_miles":140502.59498323753,"incremental_miles":39845.128,"vintage_end":"202603","exposure_phase":"deployment"},"geometry":{"type":"Polygon","coordinates":[[[-118.25266230123178,34.04521740502996],[-118.25266230123178,34.03496982529217],[-118.24096712708423,34.03788416290496],[-118.24096712708423,34.04813216211375],[-118.25266230123178,34.04521740502996]]]}},{"type":"Feature","properties":{"state":"California","county":"Los Angeles","s2_cell":"9278196143336980480","waymo_ro_miles":121375.98015408091,"incremental_miles":31332.715,"vintage_end":"202603","exposure_phase":"deployment"},"geometry":{"type":"Polygon","coordinates":[[[-118.24096712708423,34.04813216211375],[-118.24096712708423,34.03788416290496],[-118.22927115531233,34.04079739169327],[-118.22927115531233,34.05104581010746],[-118.24096712708423,34.04813216211375]]]}},{"type":"Feature","properties":{"state":"California","county":"Los Angeles","s2_cell":"9278196177696718848","waymo_ro_miles":70840.76367274976,"incremental_miles":16418.577,"vintage_end":"202603","exposure_phase":"deployment"},"geometry":{"type":"Polygon","coordinates":[[[-118.24096712708423,34.058379061371554],[-118.24096712708423,34.04813216211375],[-118.22927115531233,34.05104581010746],[-118.22927115531233,34.06129312815285],[-118.24096712708423,34.058379061371554]]]}},{"type":"Feature","properties":{"state":"California","county":"Los Angeles","s2_cell":"9278196212056457216","waymo_ro_miles":263509.2283533089,"incremental_miles":62915.389,"vintage_end":"202603","exposure_phase":"deployment"},"geometry":{"type":"Polygon","coordinates":[[[-118.25266230123178,34.055463885234694],[-118.25266230123178,34.04521740502996],[-118.24096712708423,34.04813216211375],[-118.24096712708423,34.058379061371554],[-118.25266230123178,34.055463885234694]]]}},{"type":"Feature","properties":{"state":"California","county":"Los Angeles","s2_cell":"9278196246416195584","waymo_ro_miles":150629.06136426644,"incremental_miles":43101.545,"vintage_end":"202603","exposure_phase":"deployment"},"geometry":{"type":"Polygon","coordinates":[[[-118.25266230123178,34.06570926515059],[-118.25266230123178,34.055463885234694],[-118.24096712708423,34.058379061371554],[-118.24096712708423,34.06862485992264],[-118.25266230123178,34.06570926515059]]]}},{"type":"Feature","properties":{"state":"California","county":"Los Angeles","s2_cell":"9278196280775933952","waymo_ro_miles":49093.912518074496,"incremental_miles":13121.121,"vintage_end":"202603","exposure_phase":"deployment"},"geometry":{"type":"Polygon","coordinates":[[[-118.24096712708423,34.06862485992264],[-118.24096712708423,34.058379061371554],[-118.22927115531233,34.06129312815285],[-118.22927115531233,34.07153934507375],[-118.24096712708423,34.06862485992264]]]}},{"type":"Feature","properties":{"state":"California","county":"Los Angeles","s2_cell":"9278196315135672320","waymo_ro_miles":84.88732104957704,"incremental_miles":16.586,"vintage_end":"202603","exposure_phase":"deployment"},"geometry":{"type":"Polygon","coordinates":[[[-118.22927115531233,34.07153934507375],[-118.22927115531233,34.06129312815285],[-118.21757438720986,34.06420608510149],[-118.21757438720986,34.07445272012689],[-118.22927115531233,34.07153934507375]]]}},{"type":"Feature","properties":{"state":"California","county":"Los Angeles","s2_cell":"9278196349495410688","waymo_ro_miles":3.5617435071782433,"incremental_miles":3.562,"vintage_end":"202603","exposure_phase":"deployment"},"geometry":{"type":"Polygon","coordinates":[[[-118.22927115531233,34.06129312815285],[-118.22927115531233,34.05104581010746],[-118.21757438720986,34.05395834853395],[-118.21757438720986,34.06420608510149],[-118.22927115531233,34.06129312815285]]]}},{"type":"Feature","properties":{"state":"California","county":"Los Angeles","s2_cell":"9278196727452532736","waymo_ro_miles":270.72361205607285,"incremental_miles":80.778,"vintage_end":"202603","exposure_phase":"deployment"},"geometry":{"type":"Polygon","coordinates":[[[-118.24096712708423,34.09935564378677],[-118.24096712708423,34.08911315188453],[-118.22927115531233,34.092028472522124],[-118.22927115531233,34.10227138154109],[-118.24096712708423,34.09935564378677]]]}},{"type":"Feature","properties":{"state":"California","county":"Los Angeles","s2_cell":"9278196796172009472","waymo_ro_miles":2371.961405888282,"incremental_miles":794.582,"vintage_end":"202603","exposure_phase":"deployment"},"geometry":{"type":"Polygon","coordinates":[[[-118.25266230123178,34.10667976683051],[-118.25266230123178,34.09643879561616],[-118.24096712708423,34.09935564378677],[-118.24096712708423,34.109597031965095],[-118.25266230123178,34.10667976683051]]]}},{"type":"Feature","properties":{"state":"California","county":"Los Angeles","s2_cell":"9278196830531747840","waymo_ro_miles":4362.053500885308,"incremental_miles":1327.67,"vintage_end":"202603","exposure_phase":"deployment"},"geometry":{"type":"Polygon","coordinates":[[[-118.25266230123178,34.09643879561616],[-118.25266230123178,34.086196721095654],[-118.24096712708423,34.08911315188453],[-118.24096712708423,34.09935564378677],[-118.25266230123178,34.09643879561616]]]}},{"type":"Feature","properties":{"state":"California","county":"Los Angeles","s2_cell":"9278196864891486208","waymo_ro_miles":5578.208279127765,"incremental_miles":1688.109,"vintage_end":"202603","exposure_phase":"deployment"},"geometry":{"type":"Polygon","coordinates":[[[-118.25266230123178,34.086196721095654],[-118.25266230123178,34.07595354402244],[-118.24096712708423,34.07886955701183],[-118.24096712708423,34.08911315188453],[-118.25266230123178,34.086196721095654]]]}},{"type":"Feature","properties":{"state":"California","county":"Los Angeles","s2_cell":"9278196899251224576","waymo_ro_miles":343.47321700636644,"incremental_miles":95.299,"vintage_end":"202603","exposure_phase":"deployment"},"geometry":{"type":"Polygon","coordinates":[[[-118.24096712708423,34.08911315188453],[-118.24096712708423,34.07886955701183],[-118.22927115531233,34.08178446011502],[-118.22927115531233,34.092028472522124],[-118.24096712708423,34.08911315188453]]]}},{"type":"Feature","properties":{"state":"California","county":"Los Angeles","s2_cell":"9278196933610962944","waymo_ro_miles":2410.1501573010996,"incremental_miles":716.036,"vintage_end":"202603","exposure_phase":"deployment"},"geometry":{"type":"Polygon","coordinates":[[[-118.24096712708423,34.07886955701183],[-118.24096712708423,34.06862485992264],[-118.22927115531233,34.07153934507375],[-118.22927115531233,34.08178446011502],[-118.24096712708423,34.07886955701183]]]}},{"type":"Feature","properties":{"state":"California","county":"Los Angeles","s2_cell":"9278196967970701312","waymo_ro_miles":34812.442866087724,"incremental_miles":10598.262,"vintage_end":"202603","exposure_phase":"deployment"},"geometry":{"type":"Polygon","coordinates":[[[-118.25266230123178,34.07595354402244],[-118.25266230123178,34.06570926515059],[-118.24096712708423,34.06862485992264],[-118.24096712708423,34.07886955701183],[-118.25266230123178,34.07595354402244]]]}},{"type":"Feature","properties":{"state":"California","county":"Los Angeles","s2_cell":"9278197002330439680","waymo_ro_miles":95315.68185764305,"incremental_miles":28779.868,"vintage_end":"202603","exposure_phase":"deployment"},"geometry":{"type":"Polygon","coordinates":[[[-118.26435667646179,34.073036421624295],[-118.26435667646179,34.06279256123504],[-118.25266230123178,34.06570926515059],[-118.25266230123178,34.07595354402244],[-118.26435667646179,34.073036421624295]]]}},{"type":"Feature","properties":{"state":"California","county":"Los Angeles","s2_cell":"9278197036690178048","waymo_ro_miles":188305.1331574202,"incremental_miles":50455.887,"vintage_end":"202603","exposure_phase":"deployment"},"geometry":{"type":"Polygon","coordinates":[[[-118.2760502514817,34.070118190295226],[-118.2760502514817,34.05987474865394],[-118.26435667646179,34.06279256123504],[-118.26435667646179,34.073036421624295],[-118.2760502514817,34.070118190295226]]]}},{"type":"Feature","properties":{"state":"California","county":"Los Angeles","s2_cell":"9278197071049916416","waymo_ro_miles":96123.96763180422,"incremental_miles":29954.092,"vintage_end":"202603","exposure_phase":"deployment"},"geometry":{"type":"Polygon","coordinates":[[[-118.2760502514817,34.080360530973884],[-118.2760502514817,34.070118190295226],[-118.26435667646179,34.073036421624295],[-118.26435667646179,34.08327918063283],[-118.2760502514817,34.080360530973884]]]}},{"type":"Feature","properties":{"state":"California","county":"Los Angeles","s2_cell":"9278197105409654784","waymo_ro_miles":85070.1849149785,"incremental_miles":25739.528,"vintage_end":"202603","exposure_phase":"deployment"},"geometry":{"type":"Polygon","coordinates":[[[-118.26435667646179,34.08327918063283],[-118.26435667646179,34.073036421624295],[-118.25266230123178,34.07595354402244],[-118.25266230123178,34.086196721095654],[-118.26435667646179,34.08327918063283]]]}},{"type":"Feature","properties":{"state":"California","county":"Los Angeles","s2_cell":"9278197139769393152","waymo_ro_miles":22818.213058880057,"incremental_miles":6732.6,"vintage_end":"202603","exposure_phase":"deployment"},"geometry":{"type":"Polygon","coordinates":[[[-118.26435667646179,34.09352083750658],[-118.26435667646179,34.08327918063283],[-118.25266230123178,34.086196721095654],[-118.25266230123178,34.09643879561616],[-118.26435667646179,34.09352083750658]]]}},{"type":"Feature","properties":{"state":"California","county":"Los Angeles","s2_cell":"9278197174129131520","waymo_ro_miles":26509.484215010627,"incremental_miles":8628.653,"vintage_end":"202603","exposure_phase":"deployment"},"geometry":{"type":"Polygon","coordinates":[[[-118.26435667646179,34.10376139149204],[-118.26435667646179,34.09352083750658],[-118.25266230123178,34.09643879561616],[-118.25266230123178,34.10667976683051],[-118.26435667646179,34.10376139149204]]]}},{"type":"Feature","properties":{"state":"California","county":"Los Angeles","s2_cell":"9278197208488869888","waymo_ro_miles":20269.700569514225,"incremental_miles":6737.214,"vintage_end":"202603","exposure_phase":"deployment"},"geometry":{"type":"Polygon","coordinates":[[[-118.2760502514817,34.10084190642739],[-118.2760502514817,34.09060176993578],[-118.26435667646179,34.09352083750658],[-118.26435667646179,34.10376139149204],[-118.2760502514817,34.10084190642739]]]}},{"type":"Feature","properties":{"state":"California","county":"Los Angeles","s2_cell":"9278197242848608256","waymo_ro_miles":80197.20716676123,"incremental_miles":25666.563,"vintage_end":"202603","exposure_phase":"deployment"},"geometry":{"type":"Polygon","coordinates":[[[-118.2760502514817,34.09060176993578],[-118.2760502514817,34.080360530973884],[-118.26435667646179,34.08327918063283],[-118.26435667646179,34.09352083750658],[-118.2760502514817,34.09060176993578]]]}},{"type":"Feature","properties":{"state":"California","county":"Los Angeles","s2_cell":"9278197277208346624","waymo_ro_miles":85612.0609084043,"incremental_miles":27428.84,"vintage_end":"202603","exposure_phase":"deployment"},"geometry":{"type":"Polygon","coordinates":[[[-118.28774302499957,34.087681593381944],[-118.28774302499957,34.077440772597036],[-118.2760502514817,34.080360530973884],[-118.2760502514817,34.09060176993578],[-118.28774302499957,34.087681593381944]]]}},{"type":"Feature","properties":{"state":"California","county":"Los Angeles","s2_cell":"9278197311568084992","waymo_ro_miles":111718.42703856825,"incremental_miles":35207.433,"vintage_end":"202603","exposure_phase":"deployment"},"geometry":{"type":"Polygon","coordinates":[[[-118.28774302499957,34.0979213121147],[-118.28774302499957,34.087681593381944],[-118.2760502514817,34.09060176993578],[-118.2760502514817,34.10084190642739],[-118.28774302499957,34.0979213121147]]]}},{"type":"Feature","properties":{"state":"California","county":"Los Angeles","s2_cell":"9278197345927823360","waymo_ro_miles":72530.75839923597,"incremental_miles":23289.193,"vintage_end":"202603","exposure_phase":"deployment"},"geometry":{"type":"Polygon","coordinates":[[[-118.29943499572406,34.09499960903254],[-118.29943499572406,34.084760308323716],[-118.28774302499957,34.087681593381944],[-118.28774302499957,34.0979213121147],[-118.29943499572406,34.09499960903254]]]}},{"type":"Feature","properties":{"state":"California","county":"Los Angeles","s2_cell":"9278197380287561728","waymo_ro_miles":154484.46483960582,"incremental_miles":42039.726,"vintage_end":"202603","exposure_phase":"deployment"},"geometry":{"type":"Polygon","coordinates":[[[-118.29943499572406,34.084760308323716],[-118.29943499572406,34.07451990598098],[-118.28774302499957,34.077440772597036],[-118.28774302499957,34.087681593381944],[-118.29943499572406,34.084760308323716]]]}},{"type":"Feature","properties":{"state":"California","county":"Los Angeles","s2_cell":"9278197414647300096","waymo_ro_miles":219768.45952741636,"incremental_miles":62218.706,"vintage_end":"202603","exposure_phase":"deployment"},"geometry":{"type":"Polygon","coordinates":[[[-118.29943499572406,34.07451990598098],[-118.29943499572406,34.06427840275792],[-118.28774302499957,34.06719885051353],[-118.28774302499957,34.077440772597036],[-118.29943499572406,34.07451990598098]]]}},{"type":"Feature","properties":{"state":"California","county":"Los Angeles","s2_cell":"9278197449007038464","waymo_ro_miles":224663.16987655283,"incremental_miles":61455.07,"vintage_end":"202603","exposure_phase":"deployment"},"geometry":{"type":"Polygon","coordinates":[[[-118.28774302499957,34.077440772597036],[-118.28774302499957,34.06719885051353],[-118.2760502514817,34.070118190295226],[-118.2760502514817,34.080360530973884],[-118.28774302499957,34.077440772597036]]]}},{"type":"Feature","properties":{"state":"California","county":"Los Angeles","s2_cell":"9278197483366776832","waymo_ro_miles":214458.62398152213,"incremental_miles":59703.42,"vintage_end":"202603","exposure_phase":"deployment"},"geometry":{"type":"Polygon","coordinates":[[[-118.28774302499957,34.06719885051353],[-118.28774302499957,34.05695582788558],[-118.2760502514817,34.05987474865394],[-118.2760502514817,34.070118190295226],[-118.28774302499957,34.06719885051353]]]}},{"type":"Feature","properties":{"state":"California","county":"Los Angeles","s2_cell":"9278197517726515200","waymo_ro_miles":270009.8090668519,"incremental_miles":73623.308,"vintage_end":"202603","exposure_phase":"deployment"},"geometry":{"type":"Polygon","coordinates":[[[-118.29943499572406,34.06427840275792],[-118.29943499572406,34.054035799408744],[-118.28774302499957,34.05695582788558],[-118.28774302499957,34.06719885051353],[-118.29943499572406,34.06427840275792]]]}},{"type":"Feature","properties":{"state":"California","county":"Los Angeles","s2_cell":"9278197552086253568","waymo_ro_miles":299223.5312428529,"incremental_miles":77937.981,"vintage_end":"202603","exposure_phase":"deployment"},"geometry":{"type":"Polygon","coordinates":[[[-118.29943499572406,34.054035799408744],[-118.29943499572406,34.04379209668821],[-118.28774302499957,34.046711705467914],[-118.28774302499957,34.05695582788558],[-118.29943499572406,34.054035799408744]]]}},{"type":"Feature","properties":{"state":"California","county":"Los Angeles","s2_cell":"9278197586445991936","waymo_ro_miles":188448.48887235112,"incremental_miles":56674.298,"vintage_end":"202603","exposure_phase":"deployment"},"geometry":{"type":"Polygon","coordinates":[[[-118.29943499572406,34.04379209668821],[-118.29943499572406,34.03354729535165],[-118.28774302499957,34.03646648401584],[-118.28774302499957,34.046711705467914],[-118.29943499572406,34.04379209668821]]]}},{"type":"Feature","properties":{"state":"California","county":"Los Angeles","s2_cell":"9278197620805730304","waymo_ro_miles":267228.17058253806,"incremental_miles":70141.874,"vintage_end":"202603","exposure_phase":"deployment"},"geometry":{"type":"Polygon","coordinates":[[[-118.28774302499957,34.046711705467914],[-118.28774302499957,34.03646648401584],[-118.2760502514817,34.03938456550279],[-118.2760502514817,34.04963020680471],[-118.28774302499957,34.046711705467914]]]}},{"type":"Feature","properties":{"state":"California","county":"Los Angeles","s2_cell":"9278197655165468672","waymo_ro_miles":334425.95268136845,"incremental_miles":90468.345,"vintage_end":"202603","exposure_phase":"deployment"},"geometry":{"type":"Polygon","coordinates":[[[-118.28774302499957,34.05695582788558],[-118.28774302499957,34.046711705467914],[-118.2760502514817,34.04963020680471],[-118.2760502514817,34.05987474865394],[-118.28774302499957,34.05695582788558]]]}},{"type":"Feature","properties":{"state":"California","county":"Los Angeles","s2_cell":"9278197689525207040","waymo_ro_miles":275096.2782001325,"incremental_miles":72519.192,"vintage_end":"202603","exposure_phase":"deployment"},"geometry":{"type":"Polygon","coordinates":[[[-118.2760502514817,34.05987474865394],[-118.2760502514817,34.04963020680471],[-118.26435667646179,34.05254760021976],[-118.26435667646179,34.06279256123504],[-118.2760502514817,34.05987474865394]]]}},{"type":"Feature","properties":{"state":"California","county":"Los Angeles","s2_cell":"9278197723884945408","waymo_ro_miles":255057.7946520248,"incremental_miles":69676.972,"vintage_end":"202603","exposure_phase":"deployment"},"geometry":{"type":"Polygon","coordinates":[[[-118.26435667646179,34.06279256123504],[-118.26435667646179,34.05254760021976],[-118.25266230123178,34.055463885234694],[-118.25266230123178,34.06570926515059],[-118.26435667646179,34.06279256123504]]]}},{"type":"Feature","properties":{"state":"California","county":"Los Angeles","s2_cell":"9278197758244683776","waymo_ro_miles":440478.10072192596,"incremental_miles":123643.212,"vintage_end":"202603","exposure_phase":"deployment"},"geometry":{"type":"Polygon","coordinates":[[[-118.26435667646179,34.05254760021976],[-118.26435667646179,34.04230153933364],[-118.25266230123178,34.04521740502996],[-118.25266230123178,34.055463885234694],[-118.26435667646179,34.05254760021976]]]}},{"type":"Feature","properties":{"state":"California","county":"Los Angeles","s2_cell":"9278197792604422144","waymo_ro_miles":414606.43489058595,"incremental_miles":117367.645,"vintage_end":"202603","exposure_phase":"deployment"},"geometry":{"type":"Polygon","coordinates":[[[-118.2760502514817,34.04963020680471],[-118.2760502514817,34.03938456550279],[-118.26435667646179,34.04230153933364],[-118.26435667646179,34.05254760021976],[-118.2760502514817,34.04963020680471]]]}},{"type":"Feature","properties":{"state":"California","county":"Los Angeles","s2_cell":"9278197826964160512","waymo_ro_miles":263841.4049433587,"incremental_miles":75623.687,"vintage_end":"202603","exposure_phase":"deployment"},"geometry":{"type":"Polygon","coordinates":[[[-118.2760502514817,34.03938456550279],[-118.2760502514817,34.02913782550405],[-118.26435667646179,34.03205437933252],[-118.26435667646179,34.04230153933364],[-118.2760502514817,34.03938456550279]]]}},{"type":"Feature","properties":{"state":"California","county":"Los Angeles","s2_cell":"9278197861323898880","waymo_ro_miles":303049.4292658256,"incremental_miles":83654.958,"vintage_end":"202603","exposure_phase":"deployment"},"geometry":{"type":"Polygon","coordinates":[[[-118.26435667646179,34.04230153933364],[-118.26435667646179,34.03205437933252],[-118.25266230123178,34.03496982529217],[-118.25266230123178,34.04521740502996],[-118.26435667646179,34.04230153933364]]]}},{"type":"Feature","properties":{"state":"California","county":"Los Angeles","s2_cell":"9278197895683637248","waymo_ro_miles":100527.53644147172,"incremental_miles":26425.421,"vintage_end":"202603","exposure_phase":"deployment"},"geometry":{"type":"Polygon","coordinates":[[[-118.26435667646179,34.03205437933252],[-118.26435667646179,34.02180612097279],[-118.25266230123178,34.02472114677768],[-118.25266230123178,34.03496982529217],[-118.26435667646179,34.03205437933252]]]}},{"type":"Feature","properties":{"state":"California","county":"Los Angeles","s2_cell":"9278197930043375616","waymo_ro_miles":206296.2493648776,"incremental_miles":55956.863,"vintage_end":"202603","exposure_phase":"deployment"},"geometry":{"type":"Polygon","coordinates":[[[-118.2760502514817,34.02913782550405],[-118.2760502514817,34.01888998756491],[-118.26435667646179,34.02180612097279],[-118.26435667646179,34.03205437933252],[-118.2760502514817,34.02913782550405]]]}},{"type":"Feature","properties":{"state":"California","county":"Los Angeles","s2_cell":"9278197964403113984","waymo_ro_miles":144040.25570799096,"incremental_miles":38345.06,"vintage_end":"202603","exposure_phase":"deployment"},"geometry":{"type":"Polygon","coordinates":[[[-118.28774302499957,34.02622016428525],[-118.28774302499957,34.01597274703258],[-118.2760502514817,34.01888998756491],[-118.2760502514817,34.02913782550405],[-118.28774302499957,34.02622016428525]]]}},{"type":"Feature","properties":{"state":"California","county":"Los Angeles","s2_cell":"9278197998762852352","waymo_ro_miles":259907.96333917123,"incremental_miles":69102.029,"vintage_end":"202603","exposure_phase":"deployment"},"geometry":{"type":"Polygon","coordinates":[[[-118.28774302499957,34.03646648401584],[-118.28774302499957,34.02622016428525],[-118.2760502514817,34.02913782550405],[-118.2760502514817,34.03938456550279],[-118.28774302499957,34.03646648401584]]]}},{"type":"Feature","properties":{"state":"California","county":"Los Angeles","s2_cell":"9278198033122590720","waymo_ro_miles":220529.9789974383,"incremental_miles":54286.297,"vintage_end":"202603","exposure_phase":"deployment"},"geometry":{"type":"Polygon","coordinates":[[[-118.29943499572406,34.03354729535165],[-118.29943499572406,34.023301396155],[-118.28774302499957,34.02622016428525],[-118.28774302499957,34.03646648401584],[-118.29943499572406,34.03354729535165]]]}},{"type":"Feature","properties":{"state":"California","county":"Los Angeles","s2_cell":"9278198067482329088","waymo_ro_miles":94362.35839239777,"incremental_miles":27515.703,"vintage_end":"202603","exposure_phase":"deployment"},"geometry":{"type":"Polygon","coordinates":[[[-118.29943499572406,34.023301396155],[-118.29943499572408,34.01305439985473],[-118.28774302499957,34.01597274703258],[-118.28774302499957,34.02622016428525],[-118.29943499572406,34.023301396155]]]}},{"type":"Feature","properties":{"state":"California","county":"Los Angeles","s2_cell":"9278198101842067456","waymo_ro_miles":63961.40545425894,"incremental_miles":19581.606,"vintage_end":"202603","exposure_phase":"deployment"},"geometry":{"type":"Polygon","coordinates":[[[-118.29943499572408,34.01305439985473],[-118.29943499572406,34.00280630720794],[-118.28774302499957,34.005724233014874],[-118.28774302499957,34.01597274703258],[-118.29943499572408,34.01305439985473]]]}},{"type":"Feature","properties":{"state":"California","county":"Los Angeles","s2_cell":"9278198136201805824","waymo_ro_miles":80212.36395718706,"incremental_miles":23182.445,"vintage_end":"202603","exposure_phase":"deployment"},"geometry":{"type":"Polygon","coordinates":[[[-118.28774302499957,34.01597274703258],[-118.28774302499957,34.005724233014874],[-118.2760502514817,34.008641052442364],[-118.2760502514817,34.01888998756491],[-118.28774302499957,34.01597274703258]]]}},{"type":"Feature","properties":{"state":"California","county":"Los Angeles","s2_cell":"9278198170561544192","waymo_ro_miles":7826.066625174912,"incremental_miles":2138.226,"vintage_end":"202603","exposure_phase":"deployment"},"geometry":{"type":"Polygon","coordinates":[[[-118.28774302499957,34.005724233014874],[-118.28774302499957,33.99547462298976],[-118.2760502514817,33.998391020894],[-118.2760502514817,34.008641052442364],[-118.28774302499957,34.005724233014874]]]}},{"type":"Feature","properties":{"state":"California","county":"Los Angeles","s2_cell":"9278198204921282560","waymo_ro_miles":2244.054555034156,"incremental_miles":619.377,"vintage_end":"202603","exposure_phase":"deployment"},"geometry":{"type":"Polygon","coordinates":[[[-118.29943499572406,34.00280630720794],[-118.29943499572406,33.992557118972265],[-118.28774302499957,33.99547462298976],[-118.28774302499957,34.005724233014874],[-118.29943499572406,34.00280630720794]]]}},{"type":"Feature","properties":{"state":"California","county":"Los Angeles","s2_cell":"9278198548518666240","waymo_ro_miles":94.15050223277332,"incremental_miles":22.927,"vintage_end":"202603","exposure_phase":"deployment"},"geometry":{"type":"Polygon","coordinates":[[[-118.2760502514817,34.008641052442364],[-118.2760502514817,33.998391020894],[-118.26435667646179,34.001306312205905],[-118.26435667646179,34.011556765011406],[-118.2760502514817,34.008641052442364]]]}},{"type":"Feature","properties":{"state":"California","county":"Los Angeles","s2_cell":"9278198582878404608","waymo_ro_miles":58067.71920383108,"incremental_miles":14592.17,"vintage_end":"202603","exposure_phase":"deployment"},"geometry":{"type":"Polygon","coordinates":[[[-118.2760502514817,34.01888998756491],[-118.2760502514817,34.008641052442364],[-118.26435667646179,34.011556765011406],[-118.26435667646179,34.02180612097279],[-118.2760502514817,34.01888998756491]]]}},{"type":"Feature","properties":{"state":"California","county":"Los Angeles","s2_cell":"9278198617238142976","waymo_ro_miles":9082.003809966622,"incremental_miles":2352.546,"vintage_end":"202603","exposure_phase":"deployment"},"geometry":{"type":"Polygon","coordinates":[[[-118.26435667646179,34.02180612097279],[-118.26435667646179,34.011556765011406],[-118.25266230123178,34.014471370243406],[-118.25266230123178,34.02472114677768],[-118.26435667646179,34.02180612097279]]]}},{"type":"Feature","properties":{"state":"California","county":"Los Angeles","s2_cell":"9278198651597881344","waymo_ro_miles":22153.783139216877,"incremental_miles":6976.904,"vintage_end":"202603","exposure_phase":"deployment"},"geometry":{"type":"Polygon","coordinates":[[[-118.25266230123178,34.02472114677768],[-118.25266230123178,34.014471370243406],[-118.24096712708423,34.017384867660255],[-118.24096712708423,34.02763506450149],[-118.25266230123178,34.02472114677768]]]}},{"type":"Feature","properties":{"state":"California","county":"Los Angeles","s2_cell":"9278198754677096448","waymo_ro_miles":21662.189808529827,"incremental_miles":8103.124,"vintage_end":"202603","exposure_phase":"deployment"},"geometry":{"type":"Polygon","coordinates":[[[-118.24096712708423,34.02763506450149],[-118.24096712708423,34.017384867660255],[-118.22927115531233,34.02029725678423],[-118.22927115531233,34.03054787366657],[-118.24096712708423,34.02763506450149]]]}},{"type":"Feature","properties":{"state":"California","county":"Los Angeles","s2_cell":"9278198789036834816","waymo_ro_miles":496.3228332133698,"incremental_miles":91.181,"vintage_end":"202603","exposure_phase":"deployment"},"geometry":{"type":"Polygon","coordinates":[[[-118.22927115531233,34.03054787366657],[-118.22927115531233,34.02029725678423],[-118.21757438720986,34.02320853713807],[-118.21757438720986,34.0334595737957],[-118.22927115531233,34.03054787366657]]]}},{"type":"Feature","properties":{"state":"California","county":"Los Angeles","s2_cell":"9278198823396573184","waymo_ro_miles":8.521706826928453,"incremental_miles":8.522,"vintage_end":"202603","exposure_phase":"deployment"},"geometry":{"type":"Polygon","coordinates":[[[-118.21757438720986,34.0334595737957],[-118.21757438720986,34.02320853713807],[-118.20587682407124,34.02611870824495],[-118.20587682407124,34.03637016441209],[-118.21757438720986,34.0334595737957]]]}},{"type":"Feature","properties":{"state":"California","county":"Los Angeles","s2_cell":"9278206142020845568","waymo_ro_miles":6.116674066104409,"incremental_miles":6.117,"vintage_end":"202603","exposure_phase":"deployment"},"geometry":{"type":"Polygon","coordinates":[[[-118.20587682407124,34.03637016441209],[-118.20587682407124,34.02611870824495],[-118.1941784671915,34.02902776962846],[-118.1941784671915,34.039279645039414],[-118.20587682407124,34.03637016441209]]]}},{"type":"Feature","properties":{"state":"California","county":"San Francisco","s2_cell":"9260949341382639616","waymo_ro_miles":389860.1376265097,"incremental_miles":68035.996,"vintage_end":"202603","exposure_phase":"deployment"},"geometry":{"type":"Polygon","coordinates":[[[-122.40141926154602,37.806219053177706],[-122.40141926154602,37.796691931038104],[-122.39009006966613,37.80017323460674],[-122.39009006966613,37.80970065388306],[-122.40141926154602,37.806219053177706]]]}},{"type":"Feature","properties":{"state":"California","county":"San Francisco","s2_cell":"9260949375742377984","waymo_ro_miles":1279691.299959745,"incremental_miles":209546.236,"vintage_end":"202603","exposure_phase":"deployment"},"geometry":{"type":"Polygon","coordinates":[[[-122.40141926154602,37.796691931038104],[-122.40141926154602,37.78716355152709],[-122.39009006966613,37.79064455753469],[-122.39009006966613,37.80017323460674],[-122.40141926154602,37.796691931038104]]]}},{"type":"Feature","properties":{"state":"California","county":"San Francisco","s2_cell":"9260949410102116352","waymo_ro_miles":10735.686725103578,"incremental_miles":1991.913,"vintage_end":"202603","exposure_phase":"deployment"},"geometry":{"type":"Polygon","coordinates":[[[-122.39009006966613,37.80017323460674],[-122.39009006966613,37.79064455753469],[-122.37875965870796,37.79412452524699],[-122.37875965870796,37.803653499650686],[-122.39009006966613,37.80017323460674]]]}},{"type":"Feature","properties":{"state":"California","county":"San Francisco","s2_cell":"9260949444461854720","waymo_ro_miles":395012.3976849971,"incremental_miles":77033.537,"vintage_end":"202603","exposure_phase":"deployment"},"geometry":{"type":"Polygon","coordinates":[[[-122.39009006966613,37.79064455753469],[-122.39009006966613,37.78111462317189],[-122.37875965870796,37.78459429312823],[-122.37875965870796,37.79412452524699],[-122.39009006966613,37.79064455753469]]]}},{"type":"Feature","properties":{"state":"California","county":"San Francisco","s2_cell":"9260949478821593088","waymo_ro_miles":1222798.5374276286,"incremental_miles":198456.932,"vintage_end":"202603","exposure_phase":"deployment"},"geometry":{"type":"Polygon","coordinates":[[[-122.40141926154602,37.78716355152709],[-122.40141926154602,37.77763391514975],[-122.39009006966613,37.78111462317189],[-122.39009006966613,37.79064455753469],[-122.40141926154602,37.78716355152709]]]}},{"type":"Feature","properties":{"state":"California","county":"San Francisco","s2_cell":"9260949513181331456","waymo_ro_miles":1337462.959726629,"incremental_miles":226603.446,"vintage_end":"202603","exposure_phase":"deployment"},"geometry":{"type":"Polygon","coordinates":[[[-122.41274723330986,37.78368150780816],[-122.41274723330986,37.77415216964588],[-122.40141926154602,37.77763391514975],[-122.40141926154602,37.78716355152709],[-122.41274723330986,37.78368150780816]]]}},{"type":"Feature","properties":{"state":"California","county":"San Francisco","s2_cell":"9260949547541069824","waymo_ro_miles":1900910.5138963931,"incremental_miles":278640.212,"vintage_end":"202603","exposure_phase":"deployment"},"geometry":{"type":"Polygon","coordinates":[[[-122.41274723330986,37.793209589528665],[-122.41274723330986,37.78368150780816],[-122.40141926154602,37.78716355152709],[-122.40141926154602,37.796691931038104],[-122.41274723330986,37.793209589528665]]]}},{"type":"Feature","properties":{"state":"California","county":"San Francisco","s2_cell":"9260949581900808192","waymo_ro_miles":2482199.8889574725,"incremental_miles":389632.052,"vintage_end":"202603","exposure_phase":"deployment"},"geometry":{"type":"Polygon","coordinates":[[[-122.42407398392056,37.78972621066264],[-122.42407398392056,37.780198426962194],[-122.41274723330986,37.78368150780816],[-122.41274723330986,37.793209589528665],[-122.42407398392056,37.78972621066264]]]}},{"type":"Feature","properties":{"state":"California","county":"San Francisco","s2_cell":"9260949616260546560","waymo_ro_miles":2137577.995512078,"incremental_miles":334382.669,"vintage_end":"202603","exposure_phase":"deployment"},"geometry":{"type":"Polygon","coordinates":[[[-122.42407398392056,37.780198426962194],[-122.42407398392056,37.77066938724461],[-122.41274723330986,37.77415216964588],[-122.41274723330986,37.78368150780816],[-122.42407398392056,37.780198426962194]]]}},{"type":"Feature","properties":{"state":"California","county":"San Francisco","s2_cell":"9260949650620284928","waymo_ro_miles":1188438.2276837693,"incremental_miles":179178.324,"vintage_end":"202603","exposure_phase":"deployment"},"geometry":{"type":"Polygon","coordinates":[[[-122.4353995123419,37.77671430957378],[-122.4353995123419,37.76718556853062],[-122.42407398392056,37.77066938724461],[-122.42407398392056,37.780198426962194],[-122.4353995123419,37.77671430957378]]]}},{"type":"Feature","properties":{"state":"California","county":"San Francisco","s2_cell":"9260949684980023296","waymo_ro_miles":1153295.912702948,"incremental_miles":189833.741,"vintage_end":"202603","exposure_phase":"deployment"},"geometry":{"type":"Polygon","coordinates":[[[-122.44672381753844,37.77322915622785],[-122.44672381753844,37.7637007140889],[-122.4353995123419,37.76718556853062],[-122.4353995123419,37.77671430957378],[-122.44672381753844,37.77322915622785]]]}},{"type":"Feature","properties":{"state":"California","county":"San Francisco","s2_cell":"9260949719339761664","waymo_ro_miles":932437.4129160226,"incremental_miles":154613.412,"vintage_end":"202603","exposure_phase":"deployment"},"geometry":{"type":"Polygon","coordinates":[[[-122.44672381753844,37.78275634319929],[-122.44672381753844,37.77322915622785],[-122.4353995123419,37.77671430957378],[-122.4353995123419,37.78624179502457],[-122.44672381753844,37.78275634319929]]]}},{"type":"Feature","properties":{"state":"California","county":"San Francisco","s2_cell":"9260949753699500032","waymo_ro_miles":1438325.5012608382,"incremental_miles":222234.068,"vintage_end":"202603","exposure_phase":"deployment"},"geometry":{"type":"Polygon","coordinates":[[[-122.4353995123419,37.78624179502457],[-122.4353995123419,37.77671430957378],[-122.42407398392056,37.780198426962194],[-122.42407398392056,37.78972621066264],[-122.4353995123419,37.78624179502457]]]}},{"type":"Feature","properties":{"state":"California","county":"San Francisco","s2_cell":"9260949788059238400","waymo_ro_miles":1661129.2671959603,"incremental_miles":252199.471,"vintage_end":"202603","exposure_phase":"deployment"},"geometry":{"type":"Polygon","coordinates":[[[-122.4353995123419,37.79576802437758],[-122.4353995123419,37.78624179502457],[-122.42407398392056,37.78972621066264],[-122.42407398392056,37.79925273784066],[-122.4353995123419,37.79576802437758]]]}},{"type":"Feature","properties":{"state":"California","county":"San Francisco","s2_cell":"9260949822418976768","waymo_ro_miles":1337576.8094210732,"incremental_miles":196449.083,"vintage_end":"202603","exposure_phase":"deployment"},"geometry":{"type":"Polygon","coordinates":[[[-122.44672381753844,37.792282274497715],[-122.44672381753844,37.78275634319929],[-122.4353995123419,37.78624179502457],[-122.4353995123419,37.79576802437758],[-122.44672381753844,37.792282274497715]]]}},{"type":"Feature","properties":{"state":"California","county":"San Francisco","s2_cell":"9260949856778715136","waymo_ro_miles":677824.815772011,"incremental_miles":105834.041,"vintage_end":"202603","exposure_phase":"deployment"},"geometry":{"type":"Polygon","coordinates":[[[-122.44672381753844,37.801806949618125],[-122.44672381753844,37.792282274497715],[-122.4353995123419,37.79576802437758],[-122.4353995123419,37.805292997127914],[-122.44672381753844,37.801806949618125]]]}},{"type":"Feature","properties":{"state":"California","county":"San Francisco","s2_cell":"9260949891138453504","waymo_ro_miles":917259.106808622,"incremental_miles":148152.738,"vintage_end":"202603","exposure_phase":"deployment"},"geometry":{"type":"Polygon","coordinates":[[[-122.4353995123419,37.805292997127914],[-122.4353995123419,37.79576802437758],[-122.42407398392056,37.79925273784066],[-122.42407398392056,37.808778007991464],[-122.4353995123419,37.805292997127914]]]}},{"type":"Feature","properties":{"state":"California","county":"San Francisco","s2_cell":"9260949925498191872","waymo_ro_miles":1092664.2396614475,"incremental_miles":175390.722,"vintage_end":"202603","exposure_phase":"deployment"},"geometry":{"type":"Polygon","coordinates":[[[-122.42407398392056,37.808778007991464],[-122.42407398392056,37.79925273784066],[-122.41274723330986,37.802736414302196],[-122.41274723330986,37.812261981624054],[-122.42407398392056,37.808778007991464]]]}},{"type":"Feature","properties":{"state":"California","county":"San Francisco","s2_cell":"9260949959857930240","waymo_ro_miles":1786824.918791683,"incremental_miles":281225.305,"vintage_end":"202603","exposure_phase":"deployment"},"geometry":{"type":"Polygon","coordinates":[[[-122.42407398392056,37.79925273784066],[-122.42407398392056,37.78972621066264],[-122.41274723330986,37.793209589528665],[-122.41274723330986,37.802736414302196],[-122.42407398392056,37.79925273784066]]]}},{"type":"Feature","properties":{"state":"California","county":"San Francisco","s2_cell":"9260949994217668608","waymo_ro_miles":1312085.2151884432,"incremental_miles":203807.863,"vintage_end":"202603","exposure_phase":"deployment"},"geometry":{"type":"Polygon","coordinates":[[[-122.41274723330986,37.802736414302196],[-122.41274723330986,37.793209589528665],[-122.40141926154602,37.796691931038104],[-122.40141926154602,37.806219053177706],[-122.41274723330986,37.802736414302196]]]}},{"type":"Feature","properties":{"state":"California","county":"San Francisco","s2_cell":"9260950028577406976","waymo_ro_miles":506121.45266484737,"incremental_miles":82455.469,"vintage_end":"202603","exposure_phase":"deployment"},"geometry":{"type":"Polygon","coordinates":[[[-122.41274723330986,37.812261981624054],[-122.41274723330986,37.802736414302196],[-122.40141926154602,37.806219053177706],[-122.40141926154602,37.81574491744131],[-122.41274723330986,37.812261981624054]]]}},{"type":"Feature","properties":{"state":"California","county":"San Francisco","s2_cell":"9260950234735837184","waymo_ro_miles":119760.06762560619,"incremental_miles":20640.696,"vintage_end":"202603","exposure_phase":"deployment"},"geometry":{"type":"Polygon","coordinates":[[[-122.44672381753844,37.81133036805606],[-122.44672381753844,37.801806949618125],[-122.4353995123419,37.805292997127914],[-122.4353995123419,37.81481671277122],[-122.44672381753844,37.81133036805606]]]}},{"type":"Feature","properties":{"state":"California","county":"San Francisco","s2_cell":"9260956453848481792","waymo_ro_miles":183577.5989261604,"incremental_miles":29221.775,"vintage_end":"202603","exposure_phase":"deployment"},"geometry":{"type":"Polygon","coordinates":[[[-122.45804689847544,37.807842987050236],[-122.45804689847544,37.798319866047095],[-122.44672381753844,37.801806949618125],[-122.44672381753844,37.81133036805606],[-122.45804689847544,37.807842987050236]]]}},{"type":"Feature","properties":{"state":"California","county":"San Francisco","s2_cell":"9260956488208220160","waymo_ro_miles":257495.78323564032,"incremental_miles":75633.549,"vintage_end":"202603","exposure_phase":"deployment"},"geometry":{"type":"Polygon","coordinates":[[[-122.46936875411905,37.804354570339015],[-122.46936875411905,37.79483174700018],[-122.45804689847544,37.798319866047095],[-122.45804689847544,37.807842987050236],[-122.46936875411905,37.804354570339015]]]}},{"type":"Feature","properties":{"state":"California","county":"San Francisco","s2_cell":"9260956660006912000","waymo_ro_miles":230454.80053719465,"incremental_miles":38925.549,"vintage_end":"202603","exposure_phase":"deployment"},"geometry":{"type":"Polygon","coordinates":[[[-122.49200878539423,37.7878524048216],[-122.49200878539423,37.77832892251698],[-122.48068938343609,37.78181881220991],[-122.48068938343609,37.79134259306303],[-122.49200878539423,37.7878524048216]]]}},{"type":"Feature","properties":{"state":"California","county":"San Francisco","s2_cell":"9260956694366650368","waymo_ro_miles":297113.72718978557,"incremental_miles":53428.155,"vintage_end":"202603","exposure_phase":"deployment"},"geometry":{"type":"Polygon","coordinates":[[[-122.49200878539423,37.77832892251698],[-122.49200878539423,37.76880418573406],[-122.48068938343609,37.7722937764534],[-122.48068938343609,37.78181881220991],[-122.49200878539423,37.77832892251698]]]}},{"type":"Feature","properties":{"state":"California","county":"San Francisco","s2_cell":"9260956728726388736","waymo_ro_miles":372012.32465014496,"incremental_miles":58428.907,"vintage_end":"202603","exposure_phase":"deployment"},"geometry":{"type":"Polygon","coordinates":[[[-122.48068938343609,37.78181881220991],[-122.48068938343609,37.7722937764534],[-122.46936875411905,37.77578233332807],[-122.46936875411905,37.78530766782831],[-122.48068938343609,37.78181881220991]]]}},{"type":"Feature","properties":{"state":"California","county":"San Francisco","s2_cell":"9260956763086127104","waymo_ro_miles":104764.63535586219,"incremental_miles":13853.535,"vintage_end":"202603","exposure_phase":"deployment"},"geometry":{"type":"Polygon","coordinates":[[[-122.48068938343609,37.79134259306303],[-122.48068938343609,37.78181881220991],[-122.46936875411905,37.78530766782831],[-122.46936875411905,37.79483174700018],[-122.48068938343609,37.79134259306303]]]}},{"type":"Feature","properties":{"state":"California","county":"San Francisco","s2_cell":"9260956797445865472","waymo_ro_miles":111187.71259033287,"incremental_miles":18547.634,"vintage_end":"202603","exposure_phase":"deployment"},"geometry":{"type":"Polygon","coordinates":[[[-122.46936875411905,37.79483174700018],[-122.46936875411905,37.78530766782831],[-122.45804689847544,37.78879548878615],[-122.45804689847544,37.798319866047095],[-122.46936875411905,37.79483174700018]]]}},{"type":"Feature","properties":{"state":"California","county":"San Francisco","s2_cell":"9260956831805603840","waymo_ro_miles":298814.33800566493,"incremental_miles":46877.996,"vintage_end":"202603","exposure_phase":"deployment"},"geometry":{"type":"Polygon","coordinates":[[[-122.45804689847544,37.798319866047095],[-122.45804689847544,37.78879548878615],[-122.44672381753844,37.792282274497715],[-122.44672381753844,37.801806949618125],[-122.45804689847544,37.798319866047095]]]}},{"type":"Feature","properties":{"state":"California","county":"San Francisco","s2_cell":"9260956866165342208","waymo_ro_miles":817883.8778693118,"incremental_miles":126844.571,"vintage_end":"202603","exposure_phase":"deployment"},"geometry":{"type":"Polygon","coordinates":[[[-122.45804689847544,37.78879548878615],[-122.45804689847544,37.77926985577196],[-122.44672381753844,37.78275634319929],[-122.44672381753844,37.792282274497715],[-122.45804689847544,37.78879548878615]]]}},{"type":"Feature","properties":{"state":"California","county":"San Francisco","s2_cell":"9260956900525080576","waymo_ro_miles":568239.1104244625,"incremental_miles":82930.607,"vintage_end":"202603","exposure_phase":"deployment"},"geometry":{"type":"Polygon","coordinates":[[[-122.46936875411905,37.78530766782831],[-122.46936875411905,37.77578233332807],[-122.45804689847544,37.77926985577196],[-122.45804689847544,37.78879548878615],[-122.46936875411905,37.78530766782831]]]}},{"type":"Feature","properties":{"state":"California","county":"San Francisco","s2_cell":"9260956934884818944","waymo_ro_miles":363278.2644909509,"incremental_miles":64480.48,"vintage_end":"202603","exposure_phase":"deployment"},"geometry":{"type":"Polygon","coordinates":[[[-122.46936875411905,37.77578233332807],[-122.46936875411905,37.76625574400465],[-122.45804689847544,37.769742967509615],[-122.45804689847544,37.77926985577196],[-122.46936875411905,37.77578233332807]]]}},{"type":"Feature","properties":{"state":"California","county":"San Francisco","s2_cell":"9260956969244557312","waymo_ro_miles":1030955.3365398106,"incremental_miles":175334.996,"vintage_end":"202603","exposure_phase":"deployment"},"geometry":{"type":"Polygon","coordinates":[[[-122.45804689847544,37.77926985577196],[-122.45804689847544,37.769742967509615],[-122.44672381753844,37.77322915622785],[-122.44672381753844,37.78275634319929],[-122.45804689847544,37.77926985577196]]]}},{"type":"Feature","properties":{"state":"California","county":"San Francisco","s2_cell":"9260957003604295680","waymo_ro_miles":736229.2771963339,"incremental_miles":116102.331,"vintage_end":"202603","exposure_phase":"deployment"},"geometry":{"type":"Polygon","coordinates":[[[-122.45804689847544,37.769742967509615],[-122.45804689847544,37.76021482450475],[-122.44672381753844,37.7637007140889],[-122.44672381753844,37.77322915622785],[-122.45804689847544,37.769742967509615]]]}},{"type":"Feature","properties":{"state":"California","county":"San Francisco","s2_cell":"9260957037964034048","waymo_ro_miles":728974.2554607823,"incremental_miles":118815.203,"vintage_end":"202603","exposure_phase":"deployment"},"geometry":{"type":"Polygon","coordinates":[[[-122.46936875411905,37.76625574400465],[-122.46936875411905,37.75672790036379],[-122.45804689847544,37.76021482450475],[-122.45804689847544,37.769742967509615],[-122.46936875411905,37.76625574400465]]]}},{"type":"Feature","properties":{"state":"California","county":"San Francisco","s2_cell":"9260957072323772416","waymo_ro_miles":372959.777191041,"incremental_miles":63493.319,"vintage_end":"202603","exposure_phase":"deployment"},"geometry":{"type":"Polygon","coordinates":[[[-122.48068938343609,37.76276748629881],[-122.48068938343609,37.75323994225197],[-122.46936875411905,37.75672790036379],[-122.46936875411905,37.76625574400465],[-122.48068938343609,37.76276748629881]]]}},{"type":"Feature","properties":{"state":"California","county":"San Francisco","s2_cell":"9260957106683510784","waymo_ro_miles":750535.5988045314,"incremental_miles":135011.98,"vintage_end":"202603","exposure_phase":"deployment"},"geometry":{"type":"Polygon","coordinates":[[[-122.48068938343609,37.7722937764534],[-122.48068938343609,37.76276748629881],[-122.46936875411905,37.76625574400465],[-122.46936875411905,37.77578233332807],[-122.48068938343609,37.7722937764534]]]}},{"type":"Feature","properties":{"state":"California","county":"San Francisco","s2_cell":"9260957141043249152","waymo_ro_miles":233674.3511447536,"incremental_miles":41617.954,"vintage_end":"202603","exposure_phase":"deployment"},"geometry":{"type":"Polygon","coordinates":[[[-122.49200878539423,37.76880418573406],[-122.49200878539423,37.75927819497827],[-122.48068938343609,37.76276748629881],[-122.48068938343609,37.7722937764534],[-122.49200878539423,37.76880418573406]]]}},{"type":"Feature","properties":{"state":"California","county":"San Francisco","s2_cell":"9260957175402987520","waymo_ro_miles":159530.26927999145,"incremental_miles":21159.885,"vintage_end":"202603","exposure_phase":"deployment"},"geometry":{"type":"Polygon","coordinates":[[[-122.49200878539423,37.75927819497827],[-122.49200878539423,37.74975095075552],[-122.48068938343609,37.75323994225197],[-122.48068938343609,37.76276748629881],[-122.49200878539423,37.75927819497827]]]}},{"type":"Feature","properties":{"state":"California","county":"San Francisco","s2_cell":"9260957209762725888","waymo_ro_miles":135890.48784474822,"incremental_miles":20154.242,"vintage_end":"202603","exposure_phase":"deployment"},"geometry":{"type":"Polygon","coordinates":[[[-122.50332695896195,37.75578787062953],[-122.50332695896195,37.74626092646101],[-122.49200878539423,37.74975095075552],[-122.49200878539423,37.75927819497827],[-122.50332695896195,37.75578787062953]]]}},{"type":"Feature","properties":{"state":"California","county":"San Francisco","s2_cell":"9260957244122464256","waymo_ro_miles":52572.53362967518,"incremental_miles":7343.211,"vintage_end":"202603","exposure_phase":"deployment"},"geometry":{"type":"Polygon","coordinates":[[[-122.51464390310842,37.75229651383939],[-122.51464390310842,37.74276986995533],[-122.50332695896195,37.74626092646101],[-122.50332695896195,37.75578787062953],[-122.51464390310842,37.75229651383939]]]}},{"type":"Feature","properties":{"state":"California","county":"San Francisco","s2_cell":"9260957278482202624","waymo_ro_miles":88634.20372184983,"incremental_miles":14741.803,"vintage_end":"202603","exposure_phase":"deployment"},"geometry":{"type":"Polygon","coordinates":[[[-122.51464390310842,37.76182190510742],[-122.51464390310842,37.75229651383939],[-122.50332695896195,37.75578787062953],[-122.50332695896195,37.7653135617565],[-122.51464390310842,37.76182190510742]]]}},{"type":"Feature","properties":{"state":"California","county":"San Francisco","s2_cell":"9260957312841940992","waymo_ro_miles":227235.26604782988,"incremental_miles":36977.567,"vintage_end":"202603","exposure_phase":"deployment"},"geometry":{"type":"Polygon","coordinates":[[[-122.50332695896195,37.7653135617565],[-122.50332695896195,37.75578787062953],[-122.49200878539423,37.75927819497827],[-122.49200878539423,37.76880418573406],[-122.50332695896195,37.7653135617565]]]}},{"type":"Feature","properties":{"state":"California","county":"San Francisco","s2_cell":"9260957347201679360","waymo_ro_miles":184397.3503915588,"incremental_miles":31968.719,"vintage_end":"202603","exposure_phase":"deployment"},"geometry":{"type":"Polygon","coordinates":[[[-122.50332695896195,37.77483799933588],[-122.50332695896195,37.7653135617565],[-122.49200878539423,37.76880418573406],[-122.49200878539423,37.77832892251698],[-122.50332695896195,37.77483799933588]]]}},{"type":"Feature","properties":{"state":"California","county":"San Francisco","s2_cell":"9260957381561417728","waymo_ro_miles":119957.41107684058,"incremental_miles":17782.818,"vintage_end":"202603","exposure_phase":"deployment"},"geometry":{"type":"Polygon","coordinates":[[[-122.50332695896195,37.78436118286217],[-122.50332695896195,37.77483799933588],[-122.49200878539423,37.77832892251698],[-122.49200878539423,37.7878524048216],[-122.50332695896195,37.78436118286217]]]}},{"type":"Feature","properties":{"state":"California","county":"San Francisco","s2_cell":"9260957415921156096","waymo_ro_miles":67514.65321007941,"incremental_miles":8449.832,"vintage_end":"202603","exposure_phase":"deployment"},"geometry":{"type":"Polygon","coordinates":[[[-122.51464390310842,37.78086892777135],[-122.51464390310842,37.771346043253274],[-122.50332695896195,37.77483799933588],[-122.50332695896195,37.78436118286217],[-122.51464390310842,37.78086892777135]]]}},{"type":"Feature","properties":{"state":"California","county":"San Francisco","s2_cell":"9260957450280894464","waymo_ro_miles":72416.1889812008,"incremental_miles":9929.96,"vintage_end":"202603","exposure_phase":"deployment"},"geometry":{"type":"Polygon","coordinates":[[[-122.51464390310842,37.771346043253274],[-122.51464390310842,37.76182190510742],[-122.50332695896195,37.7653135617565],[-122.50332695896195,37.77483799933588],[-122.51464390310842,37.771346043253274]]]}},{"type":"Feature","properties":{"state":"California","county":"San Francisco","s2_cell":"9263759452585066496","waymo_ro_miles":209428.9980352463,"incremental_miles":183742.953,"vintage_end":"202603","exposure_phase":"deployment"},"geometry":{"type":"Polygon","coordinates":[[[-122.45804689847544,37.712555306076204],[-122.45804689847544,37.70301964526381],[-122.44672381753844,37.70650373111326],[-122.44672381753844,37.716039693611755],[-122.45804689847544,37.712555306076204]]]}},{"type":"Feature","properties":{"state":"California","county":"San Francisco","s2_cell":"9263759486944804864","waymo_ro_miles":119136.83670501858,"incremental_miles":41437.169,"vintage_end":"202603","exposure_phase":"deployment"},"geometry":{"type":"Polygon","coordinates":[[[-122.45804689847544,37.722089715190904],[-122.45804689847544,37.712555306076204],[-122.44672381753844,37.716039693611755],[-122.44672381753844,37.72557440398694],[-122.45804689847544,37.722089715190904]]]}},{"type":"Feature","properties":{"state":"California","county":"San Francisco","s2_cell":"9263759521304543232","waymo_ro_miles":104824.55614063835,"incremental_miles":23925.538,"vintage_end":"202603","exposure_phase":"deployment"},"geometry":{"type":"Polygon","coordinates":[[[-122.46936875411905,37.71860399275889],[-122.46936875411905,37.70906988513516],[-122.45804689847544,37.712555306076204],[-122.45804689847544,37.722089715190904],[-122.46936875411905,37.71860399275889]]]}},{"type":"Feature","properties":{"state":"California","county":"San Francisco","s2_cell":"9263759555664281600","waymo_ro_miles":76592.02583389114,"incremental_miles":-25039.588,"vintage_end":"202603","exposure_phase":"deployment"},"geometry":{"type":"Polygon","coordinates":[[[-122.46936875411905,37.70906988513516],[-122.46936875411905,37.69953452623943],[-122.45804689847544,37.70301964526381],[-122.45804689847544,37.712555306076204],[-122.46936875411905,37.70906988513516]]]}},{"type":"Feature","properties":{"state":"California","county":"San Francisco","s2_cell":"9263759590024019968","waymo_ro_miles":202.39706442389246,"incremental_miles":-66522.739,"vintage_end":"202603","exposure_phase":"deployment"},"geometry":{"type":"Polygon","coordinates":[[[-122.48068938343609,37.70558343137489],[-122.48068938343609,37.69604837462648],[-122.46936875411905,37.69953452623943],[-122.46936875411905,37.70906988513516],[-122.48068938343609,37.70558343137489]]]}},{"type":"Feature","properties":{"state":"California","county":"San Francisco","s2_cell":"9263759624383758336","waymo_ro_miles":97298.56347470224,"incremental_miles":21541.608,"vintage_end":"202603","exposure_phase":"deployment"},"geometry":{"type":"Polygon","coordinates":[[[-122.48068938343609,37.71511723727709],[-122.48068938343609,37.70558343137489],[-122.46936875411905,37.70906988513516],[-122.46936875411905,37.71860399275889],[-122.48068938343609,37.71511723727709]]]}},{"type":"Feature","properties":{"state":"California","county":"San Francisco","s2_cell":"9263759658743496704","waymo_ro_miles":37480.058616907,"incremental_miles":8214.161,"vintage_end":"202603","exposure_phase":"deployment"},"geometry":{"type":"Polygon","coordinates":[[[-122.49200878539423,37.71162944933207],[-122.49200878539423,37.702095945382],[-122.48068938343609,37.70558343137489],[-122.48068938343609,37.71511723727709],[-122.49200878539423,37.71162944933207]]]}},{"type":"Feature","properties":{"state":"California","county":"San Francisco","s2_cell":"9263760449017479168","waymo_ro_miles":20133.212687365183,"incremental_miles":5599.444,"vintage_end":"202603","exposure_phase":"deployment"},"geometry":{"type":"Polygon","coordinates":[[[-122.50332695896195,37.72720328102612],[-122.50332695896195,37.717672580774455],[-122.49200878539423,37.72116170235277],[-122.49200878539423,37.730692703935524],[-122.50332695896195,37.72720328102612]]]}},{"type":"Feature","properties":{"state":"California","county":"San Francisco","s2_cell":"9263760826974601216","waymo_ro_miles":41220.53467122142,"incremental_miles":5462.958,"vintage_end":"202603","exposure_phase":"deployment"},"geometry":{"type":"Polygon","coordinates":[[[-122.51464390310842,37.74276986995533],[-122.51464390310842,37.73324197396191],[-122.50332695896195,37.73673272975751],[-122.50332695896195,37.74626092646101],[-122.51464390310842,37.74276986995533]]]}},{"type":"Feature","properties":{"state":"California","county":"San Francisco","s2_cell":"9263760861334339584","waymo_ro_miles":4807.741956971439,"incremental_miles":659.818,"vintage_end":"202603","exposure_phase":"deployment"},"geometry":{"type":"Polygon","coordinates":[[[-122.51464390310842,37.73324197396191],[-122.51464390310842,37.72371282636632],[-122.50332695896195,37.72720328102612],[-122.50332695896195,37.73673272975751],[-122.51464390310842,37.73324197396191]]]}},{"type":"Feature","properties":{"state":"California","county":"San Francisco","s2_cell":"9263760895694077952","waymo_ro_miles":137673.05792916633,"incremental_miles":24623.15,"vintage_end":"202603","exposure_phase":"deployment"},"geometry":{"type":"Polygon","coordinates":[[[-122.50332695896195,37.73673272975751],[-122.50332695896195,37.72720328102612],[-122.49200878539423,37.730692703935524],[-122.49200878539423,37.740222453572265],[-122.50332695896195,37.73673272975751]]]}},{"type":"Feature","properties":{"state":"California","county":"San Francisco","s2_cell":"9263760930053816320","waymo_ro_miles":123302.41440209966,"incremental_miles":19174.534,"vintage_end":"202603","exposure_phase":"deployment"},"geometry":{"type":"Polygon","coordinates":[[[-122.50332695896195,37.74626092646101],[-122.50332695896195,37.73673272975751],[-122.49200878539423,37.740222453572265],[-122.49200878539423,37.74975095075552],[-122.50332695896195,37.74626092646101]]]}},{"type":"Feature","properties":{"state":"California","county":"San Francisco","s2_cell":"9263760964413554688","waymo_ro_miles":116255.93521603454,"incremental_miles":21495.666,"vintage_end":"202603","exposure_phase":"deployment"},"geometry":{"type":"Polygon","coordinates":[[[-122.49200878539423,37.74975095075552],[-122.49200878539423,37.740222453572265],[-122.48068938343609,37.74371114481922],[-122.48068938343609,37.75323994225197],[-122.49200878539423,37.74975095075552]]]}},{"type":"Feature","properties":{"state":"California","county":"San Francisco","s2_cell":"9263760998773293056","waymo_ro_miles":254259.75902748478,"incremental_miles":46619.409,"vintage_end":"202603","exposure_phase":"deployment"},"geometry":{"type":"Polygon","coordinates":[[[-122.48068938343609,37.75323994225197],[-122.48068938343609,37.74371114481922],[-122.46936875411905,37.74719880291174],[-122.46936875411905,37.75672790036379],[-122.48068938343609,37.75323994225197]]]}},{"type":"Feature","properties":{"state":"California","county":"San Francisco","s2_cell":"9263761033133031424","waymo_ro_miles":271172.9594899126,"incremental_miles":51209.464,"vintage_end":"202603","exposure_phase":"deployment"},"geometry":{"type":"Polygon","coordinates":[[[-122.48068938343609,37.74371114481922],[-122.48068938343609,37.73418109450746],[-122.46936875411905,37.73766845215527],[-122.46936875411905,37.74719880291174],[-122.48068938343609,37.74371114481922]]]}},{"type":"Feature","properties":{"state":"California","county":"San Francisco","s2_cell":"9263761067492769792","waymo_ro_miles":162048.54111710418,"incremental_miles":30634.702,"vintage_end":"202603","exposure_phase":"deployment"},"geometry":{"type":"Polygon","coordinates":[[[-122.49200878539423,37.740222453572265],[-122.49200878539423,37.730692703935524],[-122.48068938343609,37.73418109450746],[-122.48068938343609,37.74371114481922],[-122.49200878539423,37.740222453572265]]]}},{"type":"Feature","properties":{"state":"California","county":"San Francisco","s2_cell":"9263761101852508160","waymo_ro_miles":77827.94479771786,"incremental_miles":12997.087,"vintage_end":"202603","exposure_phase":"deployment"},"geometry":{"type":"Polygon","coordinates":[[[-122.49200878539423,37.730692703935524],[-122.49200878539423,37.72116170235277],[-122.48068938343609,37.72464979182411],[-122.48068938343609,37.73418109450746],[-122.49200878539423,37.730692703935524]]]}},{"type":"Feature","properties":{"state":"California","county":"San Francisco","s2_cell":"9263761136212246528","waymo_ro_miles":80494.51783873921,"incremental_miles":14525.037,"vintage_end":"202603","exposure_phase":"deployment"},"geometry":{"type":"Polygon","coordinates":[[[-122.49200878539423,37.72116170235277],[-122.49200878539423,37.71162944933207],[-122.48068938343609,37.71511723727709],[-122.48068938343609,37.72464979182411],[-122.49200878539423,37.72116170235277]]]}},{"type":"Feature","properties":{"state":"California","county":"San Francisco","s2_cell":"9263761170571984896","waymo_ro_miles":171121.066287507,"incremental_miles":35745.373,"vintage_end":"202603","exposure_phase":"deployment"},"geometry":{"type":"Polygon","coordinates":[[[-122.48068938343609,37.72464979182411],[-122.48068938343609,37.71511723727709],[-122.46936875411905,37.71860399275889],[-122.46936875411905,37.728136848601714],[-122.48068938343609,37.72464979182411]]]}},{"type":"Feature","properties":{"state":"California","county":"San Francisco","s2_cell":"9263761204931723264","waymo_ro_miles":353631.39985300653,"incremental_miles":67088.107,"vintage_end":"202603","exposure_phase":"deployment"},"geometry":{"type":"Polygon","coordinates":[[[-122.48068938343609,37.73418109450746],[-122.48068938343609,37.72464979182411],[-122.46936875411905,37.728136848601714],[-122.46936875411905,37.73766845215527],[-122.48068938343609,37.73418109450746]]]}},{"type":"Feature","properties":{"state":"California","county":"San Francisco","s2_cell":"9263761239291461632","waymo_ro_miles":186472.12073838574,"incremental_miles":34115.404,"vintage_end":"202603","exposure_phase":"deployment"},"geometry":{"type":"Polygon","coordinates":[[[-122.46936875411905,37.73766845215527],[-122.46936875411905,37.728136848601714],[-122.45804689847544,37.73162287209911],[-122.45804689847544,37.74115477629255],[-122.46936875411905,37.73766845215527]]]}},{"type":"Feature","properties":{"state":"California","county":"San Francisco","s2_cell":"9263761273651200000","waymo_ro_miles":104979.99639852818,"incremental_miles":22217.114,"vintage_end":"202603","exposure_phase":"deployment"},"geometry":{"type":"Polygon","coordinates":[[[-122.46936875411905,37.728136848601714],[-122.46936875411905,37.71860399275889],[-122.45804689847544,37.722089715190904],[-122.45804689847544,37.73162287209911],[-122.46936875411905,37.728136848601714]]]}},{"type":"Feature","properties":{"state":"California","county":"San Francisco","s2_cell":"9263761308010938368","waymo_ro_miles":146275.02131816346,"incremental_miles":28785.437,"vintage_end":"202603","exposure_phase":"deployment"},"geometry":{"type":"Polygon","coordinates":[[[-122.45804689847544,37.73162287209911],[-122.45804689847544,37.722089715190904],[-122.44672381753844,37.72557440398694],[-122.44672381753844,37.73510786173015],[-122.45804689847544,37.73162287209911]]]}},{"type":"Feature","properties":{"state":"California","county":"San Francisco","s2_cell":"9263761342370676736","waymo_ro_miles":107367.40313243859,"incremental_miles":19222.467,"vintage_end":"202603","exposure_phase":"deployment"},"geometry":{"type":"Polygon","coordinates":[[[-122.45804689847544,37.74115477629255],[-122.45804689847544,37.73162287209911],[-122.44672381753844,37.73510786173015],[-122.44672381753844,37.74464006633321],[-122.45804689847544,37.74115477629255]]]}},{"type":"Feature","properties":{"state":"California","county":"San Francisco","s2_cell":"9263761376730415104","waymo_ro_miles":395870.3509877099,"incremental_miles":63445.674,"vintage_end":"202603","exposure_phase":"deployment"},"geometry":{"type":"Polygon","coordinates":[[[-122.45804689847544,37.7506854272635],[-122.45804689847544,37.74115477629255],[-122.44672381753844,37.74464006633321],[-122.44672381753844,37.75417101728849],[-122.45804689847544,37.7506854272635]]]}},{"type":"Feature","properties":{"state":"California","county":"San Francisco","s2_cell":"9263761411090153472","waymo_ro_miles":303171.44177992974,"incremental_miles":49408.072,"vintage_end":"202603","exposure_phase":"deployment"},"geometry":{"type":"Polygon","coordinates":[[[-122.46936875411905,37.74719880291174],[-122.46936875411905,37.73766845215527],[-122.45804689847544,37.74115477629255],[-122.45804689847544,37.7506854272635],[-122.46936875411905,37.74719880291174]]]}},{"type":"Feature","properties":{"state":"California","county":"San Francisco","s2_cell":"9263761445449891840","waymo_ro_miles":219087.11219514665,"incremental_miles":30708.181,"vintage_end":"202603","exposure_phase":"deployment"},"geometry":{"type":"Polygon","coordinates":[[[-122.46936875411905,37.75672790036379],[-122.46936875411905,37.74719880291174],[-122.45804689847544,37.7506854272635],[-122.45804689847544,37.76021482450475],[-122.46936875411905,37.75672790036379]]]}},{"type":"Feature","properties":{"state":"California","county":"San Francisco","s2_cell":"9263761479809630208","waymo_ro_miles":178732.52108789101,"incremental_miles":25894.749,"vintage_end":"202603","exposure_phase":"deployment"},"geometry":{"type":"Polygon","coordinates":[[[-122.45804689847544,37.76021482450475],[-122.45804689847544,37.7506854272635],[-122.44672381753844,37.75417101728849],[-122.44672381753844,37.7637007140889],[-122.45804689847544,37.76021482450475]]]}},{"type":"Feature","properties":{"state":"California","county":"San Francisco","s2_cell":"9263761514169368576","waymo_ro_miles":832673.2956924769,"incremental_miles":134536.953,"vintage_end":"202603","exposure_phase":"deployment"},"geometry":{"type":"Polygon","coordinates":[[[-122.44672381753844,37.7637007140889],[-122.44672381753844,37.75417101728849],[-122.4353995123419,37.75765557240103],[-122.4353995123419,37.76718556853062],[-122.44672381753844,37.7637007140889]]]}},{"type":"Feature","properties":{"state":"California","county":"San Francisco","s2_cell":"9263761548529106944","waymo_ro_miles":588140.222847497,"incremental_miles":93907.139,"vintage_end":"202603","exposure_phase":"deployment"},"geometry":{"type":"Polygon","coordinates":[[[-122.44672381753844,37.75417101728849],[-122.44672381753844,37.74464006633321],[-122.4353995123419,37.7481243216915],[-122.4353995123419,37.75765557240103],[-122.44672381753844,37.75417101728849]]]}},{"type":"Feature","properties":{"state":"California","county":"San Francisco","s2_cell":"9263761582888845312","waymo_ro_miles":410942.5406844223,"incremental_miles":67101.256,"vintage_end":"202603","exposure_phase":"deployment"},"geometry":{"type":"Polygon","coordinates":[[[-122.4353995123419,37.75765557240103],[-122.4353995123419,37.7481243216915],[-122.42407398392056,37.75160754178196],[-122.42407398392056,37.76113909201574],[-122.4353995123419,37.75765557240103]]]}},{"type":"Feature","properties":{"state":"California","county":"San Francisco","s2_cell":"9263761617248583680","waymo_ro_miles":1485980.8516106298,"incremental_miles":249343.774,"vintage_end":"202603","exposure_phase":"deployment"},"geometry":{"type":"Polygon","coordinates":[[[-122.4353995123419,37.76718556853062],[-122.4353995123419,37.75765557240103],[-122.42407398392056,37.76113909201574],[-122.42407398392056,37.77066938724461],[-122.4353995123419,37.76718556853062]]]}},{"type":"Feature","properties":{"state":"California","county":"San Francisco","s2_cell":"9263761651608322048","waymo_ro_miles":2159806.195169156,"incremental_miles":403821.311,"vintage_end":"202603","exposure_phase":"deployment"},"geometry":{"type":"Polygon","coordinates":[[[-122.42407398392056,37.77066938724461],[-122.42407398392056,37.76113909201574],[-122.41274723330986,37.76462157554756],[-122.41274723330986,37.77415216964588],[-122.42407398392056,37.77066938724461]]]}},{"type":"Feature","properties":{"state":"California","county":"San Francisco","s2_cell":"9263761685968060416","waymo_ro_miles":1586415.8456357794,"incremental_miles":268882.487,"vintage_end":"202603","exposure_phase":"deployment"},"geometry":{"type":"Polygon","coordinates":[[[-122.41274723330986,37.77415216964588],[-122.41274723330986,37.76462157554756],[-122.40141926154602,37.76810302241174],[-122.40141926154602,37.77763391514975],[-122.41274723330986,37.77415216964588]]]}},{"type":"Feature","properties":{"state":"California","county":"San Francisco","s2_cell":"9263761720327798784","waymo_ro_miles":996344.4013344168,"incremental_miles":163845.031,"vintage_end":"202603","exposure_phase":"deployment"},"geometry":{"type":"Polygon","coordinates":[[[-122.41274723330986,37.76462157554756],[-122.41274723330986,37.75508972601948],[-122.40141926154602,37.75857087381922],[-122.40141926154602,37.76810302241174],[-122.41274723330986,37.76462157554756]]]}},{"type":"Feature","properties":{"state":"California","county":"San Francisco","s2_cell":"9263761754687537152","waymo_ro_miles":989814.413706277,"incremental_miles":156596.951,"vintage_end":"202603","exposure_phase":"deployment"},"geometry":{"type":"Polygon","coordinates":[[[-122.42407398392056,37.76113909201574],[-122.42407398392056,37.75160754178196],[-122.41274723330986,37.75508972601948],[-122.41274723330986,37.76462157554756],[-122.42407398392056,37.76113909201574]]]}},{"type":"Feature","properties":{"state":"California","county":"San Francisco","s2_cell":"9263761789047275520","waymo_ro_miles":836729.3085208968,"incremental_miles":134253.177,"vintage_end":"202603","exposure_phase":"deployment"},"geometry":{"type":"Polygon","coordinates":[[[-122.42407398392056,37.75160754178196],[-122.42407398392056,37.74207473705015],[-122.41274723330986,37.7455566215684],[-122.41274723330986,37.75508972601948],[-122.42407398392056,37.75160754178196]]]}},{"type":"Feature","properties":{"state":"California","county":"San Francisco","s2_cell":"9263761823407013888","waymo_ro_miles":965760.7437875532,"incremental_miles":140623.694,"vintage_end":"202603","exposure_phase":"deployment"},"geometry":{"type":"Polygon","coordinates":[[[-122.41274723330986,37.75508972601948],[-122.41274723330986,37.7455566215684],[-122.40141926154602,37.74903746987886],[-122.40141926154602,37.75857087381922],[-122.41274723330986,37.75508972601948]]]}},{"type":"Feature","properties":{"state":"California","county":"San Francisco","s2_cell":"9263761857766752256","waymo_ro_miles":658482.2701993756,"incremental_miles":123539.062,"vintage_end":"202603","exposure_phase":"deployment"},"geometry":{"type":"Polygon","coordinates":[[[-122.41274723330986,37.7455566215684],[-122.41274723330986,37.736022262701674],[-122.40141926154602,37.739502811097886],[-122.40141926154602,37.74903746987886],[-122.41274723330986,37.7455566215684]]]}},{"type":"Feature","properties":{"state":"California","county":"San Francisco","s2_cell":"9263761892126490624","waymo_ro_miles":195927.75646510025,"incremental_miles":35574.736,"vintage_end":"202603","exposure_phase":"deployment"},"geometry":{"type":"Polygon","coordinates":[[[-122.42407398392056,37.74207473705015],[-122.42407398392056,37.73254067832776],[-122.41274723330986,37.736022262701674],[-122.41274723330986,37.7455566215684],[-122.42407398392056,37.74207473705015]]]}},{"type":"Feature","properties":{"state":"California","county":"San Francisco","s2_cell":"9263761926486228992","waymo_ro_miles":645151.1183262256,"incremental_miles":126858.845,"vintage_end":"202603","exposure_phase":"deployment"},"geometry":{"type":"Polygon","coordinates":[[[-122.4353995123419,37.738591816909],[-122.4353995123419,37.72905805856108],[-122.42407398392056,37.73254067832776],[-122.42407398392056,37.74207473705015],[-122.4353995123419,37.738591816909]]]}},{"type":"Feature","properties":{"state":"California","county":"San Francisco","s2_cell":"9263761960845967360","waymo_ro_miles":341222.8024770445,"incremental_miles":52714.021,"vintage_end":"202603","exposure_phase":"deployment"},"geometry":{"type":"Polygon","coordinates":[[[-122.4353995123419,37.7481243216915],[-122.4353995123419,37.738591816909],[-122.42407398392056,37.74207473705015],[-122.42407398392056,37.75160754178196],[-122.4353995123419,37.7481243216915]]]}},{"type":"Feature","properties":{"state":"California","county":"San Francisco","s2_cell":"9263761995205705728","waymo_ro_miles":217337.1208692315,"incremental_miles":37763.608,"vintage_end":"202603","exposure_phase":"deployment"},"geometry":{"type":"Polygon","coordinates":[[[-122.44672381753844,37.74464006633321],[-122.44672381753844,37.73510786173015],[-122.4353995123419,37.738591816909],[-122.4353995123419,37.7481243216915],[-122.44672381753844,37.74464006633321]]]}},{"type":"Feature","properties":{"state":"California","county":"San Francisco","s2_cell":"9263762029565444096","waymo_ro_miles":347410.242295727,"incremental_miles":81651.837,"vintage_end":"202603","exposure_phase":"deployment"},"geometry":{"type":"Polygon","coordinates":[[[-122.44672381753844,37.73510786173015],[-122.44672381753844,37.72557440398694],[-122.4353995123419,37.72905805856108],[-122.4353995123419,37.738591816909],[-122.44672381753844,37.73510786173015]]]}},{"type":"Feature","properties":{"state":"California","county":"San Francisco","s2_cell":"9263762063925182464","waymo_ro_miles":330922.21515699127,"incremental_miles":70606.303,"vintage_end":"202603","exposure_phase":"deployment"},"geometry":{"type":"Polygon","coordinates":[[[-122.44672381753844,37.72557440398694],[-122.44672381753844,37.716039693611755],[-122.4353995123419,37.7195230471558],[-122.4353995123419,37.72905805856108],[-122.44672381753844,37.72557440398694]]]}},{"type":"Feature","properties":{"state":"California","county":"San Francisco","s2_cell":"9263762098284920832","waymo_ro_miles":240486.05149718927,"incremental_miles":54584.855,"vintage_end":"202603","exposure_phase":"deployment"},"geometry":{"type":"Polygon","coordinates":[[[-122.4353995123419,37.72905805856108],[-122.4353995123419,37.7195230471558],[-122.42407398392056,37.72300536612271],[-122.42407398392056,37.73254067832776],[-122.4353995123419,37.72905805856108]]]}},{"type":"Feature","properties":{"state":"California","county":"San Francisco","s2_cell":"9263762132644659200","waymo_ro_miles":91905.633595193,"incremental_miles":16483.57,"vintage_end":"202603","exposure_phase":"deployment"},"geometry":{"type":"Polygon","coordinates":[[[-122.4353995123419,37.7195230471558],[-122.4353995123419,37.709986783201735],[-122.42407398392056,37.71346880094351],[-122.42407398392056,37.72300536612271],[-122.4353995123419,37.7195230471558]]]}},{"type":"Feature","properties":{"state":"California","county":"San Francisco","s2_cell":"9263762167004397568","waymo_ro_miles":163921.19866252627,"incremental_miles":156853.251,"vintage_end":"202603","exposure_phase":"deployment"},"geometry":{"type":"Polygon","coordinates":[[[-122.44672381753844,37.716039693611755],[-122.44672381753844,37.70650373111326],[-122.4353995123419,37.709986783201735],[-122.4353995123419,37.7195230471558],[-122.44672381753844,37.716039693611755]]]}},{"type":"Feature","properties":{"state":"California","county":"San Francisco","s2_cell":"9263762304443351040","waymo_ro_miles":33581.54240718354,"incremental_miles":6355.785,"vintage_end":"202603","exposure_phase":"deployment"},"geometry":{"type":"Polygon","coordinates":[[[-122.4353995123419,37.709986783201735],[-122.4353995123419,37.70044926720799],[-122.42407398392056,37.70393098329916],[-122.42407398392056,37.71346880094351],[-122.4353995123419,37.709986783201735]]]}},{"type":"Feature","properties":{"state":"California","county":"San Francisco","s2_cell":"9263762338803089408","waymo_ro_miles":43596.897498599836,"incremental_miles":28947.777,"vintage_end":"202603","exposure_phase":"deployment"},"geometry":{"type":"Polygon","coordinates":[[[-122.42407398392056,37.71346880094351],[-122.42407398392056,37.70393098329916],[-122.41274723330986,37.7074116646887],[-122.41274723330986,37.71694978375318],[-122.42407398392056,37.71346880094351]]]}},{"type":"Feature","properties":{"state":"California","county":"San Francisco","s2_cell":"9263762407522566144","waymo_ro_miles":7989.342723124215,"incremental_miles":-32183.031,"vintage_end":"202603","exposure_phase":"deployment"},"geometry":{"type":"Polygon","coordinates":[[[-122.41274723330986,37.7074116646887],[-122.41274723330986,37.69787229324313],[-122.40141926154602,37.70135163773079],[-122.40141926154602,37.71089131079144],[-122.41274723330986,37.7074116646887]]]}},{"type":"Feature","properties":{"state":"California","county":"San Francisco","s2_cell":"9263762441882304512","waymo_ro_miles":55083.88072175026,"incremental_miles":10461.37,"vintage_end":"202603","exposure_phase":"deployment"},"geometry":{"type":"Polygon","coordinates":[[[-122.41274723330986,37.71694978375318],[-122.41274723330986,37.7074116646887],[-122.40141926154602,37.71089131079144],[-122.40141926154602,37.72042973104564],[-122.41274723330986,37.71694978375318]]]}},{"type":"Feature","properties":{"state":"California","county":"San Francisco","s2_cell":"9263762476242042880","waymo_ro_miles":136399.78499249727,"incremental_miles":25038.194,"vintage_end":"202603","exposure_phase":"deployment"},"geometry":{"type":"Polygon","coordinates":[[[-122.41274723330986,37.726486649927146],[-122.41274723330986,37.71694978375318],[-122.40141926154602,37.72042973104564],[-122.40141926154602,37.729966897984056],[-122.41274723330986,37.726486649927146]]]}},{"type":"Feature","properties":{"state":"California","county":"San Francisco","s2_cell":"9263762510601781248","waymo_ro_miles":27351.773611260756,"incremental_miles":3772.217,"vintage_end":"202603","exposure_phase":"deployment"},"geometry":{"type":"Polygon","coordinates":[[[-122.42407398392056,37.72300536612271],[-122.42407398392056,37.71346880094351],[-122.41274723330986,37.71694978375318],[-122.41274723330986,37.726486649927146],[-122.42407398392056,37.72300536612271]]]}},{"type":"Feature","properties":{"state":"California","county":"San Francisco","s2_cell":"9263762544961519616","waymo_ro_miles":317341.7661635571,"incremental_miles":74620.384,"vintage_end":"202603","exposure_phase":"deployment"},"geometry":{"type":"Polygon","coordinates":[[[-122.42407398392056,37.73254067832776],[-122.42407398392056,37.72300536612271],[-122.41274723330986,37.726486649927146],[-122.41274723330986,37.736022262701674],[-122.42407398392056,37.73254067832776]]]}},{"type":"Feature","properties":{"state":"California","county":"San Francisco","s2_cell":"9263762579321257984","waymo_ro_miles":383036.9057759288,"incremental_miles":83279.541,"vintage_end":"202603","exposure_phase":"deployment"},"geometry":{"type":"Polygon","coordinates":[[[-122.41274723330986,37.736022262701674],[-122.41274723330986,37.726486649927146],[-122.40141926154602,37.729966897984056],[-122.40141926154602,37.739502811097886],[-122.41274723330986,37.736022262701674]]]}},{"type":"Feature","properties":{"state":"California","county":"San Francisco","s2_cell":"9263762613680996352","waymo_ro_miles":211516.12035692687,"incremental_miles":33306.339,"vintage_end":"202603","exposure_phase":"deployment"},"geometry":{"type":"Polygon","coordinates":[[[-122.40141926154602,37.739502811097886],[-122.40141926154602,37.729966897984056],[-122.39009006966613,37.733446109708744],[-122.39009006966613,37.74298232293175],[-122.40141926154602,37.739502811097886]]]}},{"type":"Feature","properties":{"state":"California","county":"San Francisco","s2_cell":"9263762648040734720","waymo_ro_miles":35104.508964758694,"incremental_miles":5545.994,"vintage_end":"202603","exposure_phase":"deployment"},"geometry":{"type":"Polygon","coordinates":[[[-122.39009006966613,37.74298232293175],[-122.39009006966613,37.733446109708744],[-122.37875965870796,37.73692428451682],[-122.37875965870796,37.746460797618944],[-122.39009006966613,37.74298232293175]]]}},{"type":"Feature","properties":{"state":"California","county":"San Francisco","s2_cell":"9263762682400473088","waymo_ro_miles":46154.19372653094,"incremental_miles":8378.403,"vintage_end":"202603","exposure_phase":"deployment"},"geometry":{"type":"Polygon","coordinates":[[[-122.39009006966613,37.733446109708744],[-122.39009006966613,37.723908642236104],[-122.37875965870796,37.72738651674011],[-122.37875965870796,37.73692428451682],[-122.39009006966613,37.733446109708744]]]}},{"type":"Feature","properties":{"state":"California","county":"San Francisco","s2_cell":"9263762716760211456","waymo_ro_miles":103593.32851130264,"incremental_miles":16943.81,"vintage_end":"202603","exposure_phase":"deployment"},"geometry":{"type":"Polygon","coordinates":[[[-122.40141926154602,37.729966897984056],[-122.40141926154602,37.72042973104564],[-122.39009006966613,37.723908642236104],[-122.39009006966613,37.733446109708744],[-122.40141926154602,37.729966897984056]]]}},{"type":"Feature","properties":{"state":"California","county":"San Francisco","s2_cell":"9263762751119949824","waymo_ro_miles":100690.12962591871,"incremental_miles":21188.465,"vintage_end":"202603","exposure_phase":"deployment"},"geometry":{"type":"Polygon","coordinates":[[[-122.40141926154602,37.72042973104564],[-122.40141926154602,37.71089131079144],[-122.39009006966613,37.71436992102252],[-122.39009006966613,37.723908642236104],[-122.40141926154602,37.72042973104564]]]}},{"type":"Feature","properties":{"state":"California","county":"San Francisco","s2_cell":"9263762785479688192","waymo_ro_miles":13429.026107565973,"incremental_miles":6566.118,"vintage_end":"202603","exposure_phase":"deployment"},"geometry":{"type":"Polygon","coordinates":[[[-122.40141926154602,37.71089131079144],[-122.40141926154602,37.70135163773079],[-122.39009006966613,37.704829946577235],[-122.39009006966613,37.71436992102252],[-122.40141926154602,37.71089131079144]]]}},{"type":"Feature","properties":{"state":"California","county":"San Francisco","s2_cell":"9263762819839426560","waymo_ro_miles":2869.5292967406804,"incremental_miles":253.474,"vintage_end":"202603","exposure_phase":"deployment"},"geometry":{"type":"Polygon","coordinates":[[[-122.39009006966613,37.71436992102252],[-122.39009006966613,37.704829946577235],[-122.37875965870796,37.70830721919787],[-122.37875965870796,37.71784749479742],[-122.39009006966613,37.71436992102252]]]}},{"type":"Feature","properties":{"state":"California","county":"San Francisco","s2_cell":"9263762854199164928","waymo_ro_miles":11102.588207233292,"incremental_miles":966.065,"vintage_end":"202603","exposure_phase":"deployment"},"geometry":{"type":"Polygon","coordinates":[[[-122.39009006966613,37.723908642236104],[-122.39009006966613,37.71436992102252],[-122.37875965870796,37.71784749479742],[-122.37875965870796,37.72738651674011],[-122.39009006966613,37.723908642236104]]]}},{"type":"Feature","properties":{"state":"California","county":"San Francisco","s2_cell":"9263762888558903296","waymo_ro_miles":4698.075835469264,"incremental_miles":855.723,"vintage_end":"202603","exposure_phase":"deployment"},"geometry":{"type":"Polygon","coordinates":[[[-122.37875965870796,37.72738651674011],[-122.37875965870796,37.71784749479742],[-122.36742802971013,37.7213240315319],[-122.36742802971013,37.730863353973504],[-122.37875965870796,37.72738651674011]]]}},{"type":"Feature","properties":{"state":"California","county":"San Francisco","s2_cell":"9263763060357595136","waymo_ro_miles":10534.976832803326,"incremental_miles":2153.715,"vintage_end":"202603","exposure_phase":"deployment"},"geometry":{"type":"Polygon","coordinates":[[[-122.37875965870796,37.73692428451682],[-122.37875965870796,37.72738651674011],[-122.36742802971013,37.730863353973504],[-122.36742802971013,37.74040142182418],[-122.37875965870796,37.73692428451682]]]}},{"type":"Feature","properties":{"state":"California","county":"San Francisco","s2_cell":"9263763094717333504","waymo_ro_miles":558.2691582884321,"incremental_miles":155.411,"vintage_end":"202603","exposure_phase":"deployment"},"geometry":{"type":"Polygon","coordinates":[[[-122.37875965870796,37.746460797618944],[-122.37875965870796,37.73692428451682],[-122.36742802971013,37.74040142182418],[-122.36742802971013,37.74993823457547],[-122.37875965870796,37.746460797618944]]]}},{"type":"Feature","properties":{"state":"California","county":"San Francisco","s2_cell":"9263763300875763712","waymo_ro_miles":37749.2275417682,"incremental_miles":4436.928,"vintage_end":"202603","exposure_phase":"deployment"},"geometry":{"type":"Polygon","coordinates":[[[-122.39009006966613,37.75251728139695],[-122.39009006966613,37.74298232293175],[-122.37875965870796,37.746460797618944],[-122.37875965870796,37.75599605553843],[-122.39009006966613,37.75251728139695]]]}},{"type":"Feature","properties":{"state":"California","county":"San Francisco","s2_cell":"9263763335235502080","waymo_ro_miles":972769.6531306088,"incremental_miles":123764.966,"vintage_end":"202603","exposure_phase":"deployment"},"geometry":{"type":"Polygon","coordinates":[[[-122.40141926154602,37.74903746987886],[-122.40141926154602,37.739502811097886],[-122.39009006966613,37.74298232293175],[-122.39009006966613,37.75251728139695],[-122.40141926154602,37.74903746987886]]]}},{"type":"Feature","properties":{"state":"California","county":"San Francisco","s2_cell":"9263763369595240448","waymo_ro_miles":523960.34129817475,"incremental_miles":89071.27,"vintage_end":"202603","exposure_phase":"deployment"},"geometry":{"type":"Polygon","coordinates":[[[-122.40141926154602,37.75857087381922],[-122.40141926154602,37.74903746987886],[-122.39009006966613,37.75251728139695],[-122.39009006966613,37.76205098459669],[-122.40141926154602,37.75857087381922]]]}},{"type":"Feature","properties":{"state":"California","county":"San Francisco","s2_cell":"9263763403954978816","waymo_ro_miles":157613.17071548215,"incremental_miles":22236.625,"vintage_end":"202603","exposure_phase":"deployment"},"geometry":{"type":"Polygon","coordinates":[[[-122.39009006966613,37.76205098459669],[-122.39009006966613,37.75251728139695],[-122.37875965870796,37.75599605553843],[-122.37875965870796,37.76553005776772],[-122.39009006966613,37.76205098459669]]]}},{"type":"Feature","properties":{"state":"California","county":"San Francisco","s2_cell":"9263763438314717184","waymo_ro_miles":225758.47838783282,"incremental_miles":44103.366,"vintage_end":"202603","exposure_phase":"deployment"},"geometry":{"type":"Polygon","coordinates":[[[-122.39009006966613,37.77158343202387],[-122.39009006966613,37.76205098459669],[-122.37875965870796,37.76553005776772],[-122.37875965870796,37.77506280379982],[-122.39009006966613,37.77158343202387]]]}},{"type":"Feature","properties":{"state":"California","county":"San Francisco","s2_cell":"9263763472674455552","waymo_ro_miles":828884.2205273088,"incremental_miles":132481.199,"vintage_end":"202603","exposure_phase":"deployment"},"geometry":{"type":"Polygon","coordinates":[[[-122.40141926154602,37.76810302241174],[-122.40141926154602,37.75857087381922],[-122.39009006966613,37.76205098459669],[-122.39009006966613,37.77158343202387],[-122.40141926154602,37.76810302241174]]]}},{"type":"Feature","properties":{"state":"California","county":"San Francisco","s2_cell":"9263763507034193920","waymo_ro_miles":1351264.9139480279,"incremental_miles":265546.686,"vintage_end":"202603","exposure_phase":"deployment"},"geometry":{"type":"Polygon","coordinates":[[[-122.40141926154602,37.77763391514975],[-122.40141926154602,37.76810302241174],[-122.39009006966613,37.77158343202387],[-122.39009006966613,37.78111462317189],[-122.40141926154602,37.77763391514975]]]}},{"type":"Feature","properties":{"state":"California","county":"San Francisco","s2_cell":"9263763541393932288","waymo_ro_miles":85546.36046234482,"incremental_miles":18426.101,"vintage_end":"202603","exposure_phase":"deployment"},"geometry":{"type":"Polygon","coordinates":[[[-122.39009006966613,37.78111462317189],[-122.39009006966613,37.77158343202387],[-122.37875965870796,37.77506280379982],[-122.37875965870796,37.78459429312823],[-122.39009006966613,37.78111462317189]]]}},{"type":"Feature","properties":{"state":"California","county":"San Mateo","s2_cell":"9263752168320532480","waymo_ro_miles":5175.538097772501,"incremental_miles":2676.721,"vintage_end":"202603","exposure_phase":"deployment"},"geometry":{"type":"Polygon","coordinates":[[[-122.36742802971013,37.53027490638056],[-122.36742802971013,37.520709355930165],[-122.35609518371197,37.52417845108034],[-122.35609518371197,37.533744310744375],[-122.36742802971013,37.53027490638056]]]}},{"type":"Feature","properties":{"state":"California","county":"San Mateo","s2_cell":"9263752202680270848","waymo_ro_miles":5420.612071968226,"incremental_miles":2738.382,"vintage_end":"202603","exposure_phase":"deployment"},"geometry":{"type":"Polygon","coordinates":[[[-122.36742802971013,37.5398392130408],[-122.36742802971013,37.53027490638056],[-122.35609518371197,37.533744310744375],[-122.35609518371197,37.5433089261913],[-122.36742802971013,37.5398392130408]]]}},{"type":"Feature","properties":{"state":"California","county":"San Mateo","s2_cell":"9263752580637392896","waymo_ro_miles":8615.637558247035,"incremental_miles":3568.51,"vintage_end":"202603","exposure_phase":"deployment"},"geometry":{"type":"Polygon","coordinates":[[[-122.37875965870796,37.5554927297739],[-122.37875965870796,37.54593122041748],[-122.36742802971013,37.549402275391266],[-122.36742802971013,37.55896409291285],[-122.37875965870796,37.5554927297739]]]}},{"type":"Feature","properties":{"state":"California","county":"San Mateo","s2_cell":"9263752614997131264","waymo_ro_miles":5028.1241226710845,"incremental_miles":2339.165,"vintage_end":"202603","exposure_phase":"deployment"},"geometry":{"type":"Polygon","coordinates":[[[-122.37875965870796,37.54593122041748],[-122.37875965870796,37.53636846665905],[-122.36742802971013,37.5398392130408],[-122.36742802971013,37.549402275391266],[-122.37875965870796,37.54593122041748]]]}},{"type":"Feature","properties":{"state":"California","county":"San Mateo","s2_cell":"9263752649356869632","waymo_ro_miles":2153.975578319204,"incremental_miles":2153.976,"vintage_end":"202603","exposure_phase":"deployment"},"geometry":{"type":"Polygon","coordinates":[[[-122.36742802971013,37.549402275391266],[-122.36742802971013,37.5398392130408],[-122.35609518371197,37.5433089261913],[-122.35609518371197,37.55287229690159],[-122.36742802971013,37.549402275391266]]]}},{"type":"Feature","properties":{"state":"California","county":"San Mateo","s2_cell":"9263752683716608000","waymo_ro_miles":1338.7160861998295,"incremental_miles":729.672,"vintage_end":"202603","exposure_phase":"deployment"},"geometry":{"type":"Polygon","coordinates":[[[-122.36742802971013,37.55896409291285],[-122.36742802971013,37.549402275391266],[-122.35609518371197,37.55287229690159],[-122.35609518371197,37.56243442235627],[-122.36742802971013,37.55896409291285]]]}},{"type":"Feature","properties":{"state":"California","county":"San Mateo","s2_cell":"9263752718076346368","waymo_ro_miles":2956.50251409597,"incremental_miles":576.543,"vintage_end":"202603","exposure_phase":"deployment"},"geometry":{"type":"Polygon","coordinates":[[[-122.36742802971013,37.568524665087],[-122.36742802971013,37.55896409291285],[-122.35609518371197,37.56243442235627],[-122.35609518371197,37.571995302036854],[-122.36742802971013,37.568524665087]]]}},{"type":"Feature","properties":{"state":"California","county":"San Mateo","s2_cell":"9263752786795823104","waymo_ro_miles":2075.9108643182594,"incremental_miles":2075.911,"vintage_end":"202603","exposure_phase":"deployment"},"geometry":{"type":"Polygon","coordinates":[[[-122.37875965870796,37.574612013206604],[-122.37875965870796,37.56505299420966],[-122.36742802971013,37.568524665087],[-122.36742802971013,37.5780839913957],[-122.37875965870796,37.574612013206604]]]}},{"type":"Feature","properties":{"state":"California","county":"San Mateo","s2_cell":"9263752821155561472","waymo_ro_miles":19518.812506377282,"incremental_miles":5510.387,"vintage_end":"202603","exposure_phase":"deployment"},"geometry":{"type":"Polygon","coordinates":[[[-122.36742802971013,37.5780839913957],[-122.36742802971013,37.568524665087],[-122.35609518371197,37.571995302036854],[-122.35609518371197,37.58155493542543],[-122.36742802971013,37.5780839913957]]]}},{"type":"Feature","properties":{"state":"California","county":"San Mateo","s2_cell":"9263752855515299840","waymo_ro_miles":57426.91441499231,"incremental_miles":20757.769,"vintage_end":"202603","exposure_phase":"deployment"},"geometry":{"type":"Polygon","coordinates":[[[-122.36742802971013,37.58764207132143],[-122.36742802971013,37.5780839913957],[-122.35609518371197,37.58155493542543],[-122.35609518371197,37.59111332200459],[-122.36742802971013,37.58764207132143]]]}},{"type":"Feature","properties":{"state":"California","county":"San Mateo","s2_cell":"9263752889875038208","waymo_ro_miles":18362.986129361143,"incremental_miles":9725.549,"vintage_end":"202603","exposure_phase":"deployment"},"geometry":{"type":"Polygon","coordinates":[[[-122.36742802971013,37.59719890434723],[-122.36742802971013,37.58764207132143],[-122.35609518371197,37.59111332200459],[-122.35609518371197,37.60067046125746],[-122.36742802971013,37.59719890434723]]]}},{"type":"Feature","properties":{"state":"California","county":"San Mateo","s2_cell":"9263752924234776576","waymo_ro_miles":57090.37777194213,"incremental_miles":19408.696,"vintage_end":"202603","exposure_phase":"deployment"},"geometry":{"type":"Polygon","coordinates":[[[-122.37875965870796,37.59372631281423],[-122.37875965870796,37.58416978624716],[-122.36742802971013,37.58764207132143],[-122.36742802971013,37.59719890434723],[-122.37875965870796,37.59372631281423]]]}},{"type":"Feature","properties":{"state":"California","county":"San Mateo","s2_cell":"9263752958594514944","waymo_ro_miles":18163.37111560364,"incremental_miles":4947.698,"vintage_end":"202603","exposure_phase":"deployment"},"geometry":{"type":"Polygon","coordinates":[[[-122.37875965870796,37.58416978624716],[-122.37875965870796,37.574612013206604],[-122.36742802971013,37.5780839913957],[-122.36742802971013,37.58764207132143],[-122.37875965870796,37.58416978624716]]]}},{"type":"Feature","properties":{"state":"California","county":"San Mateo","s2_cell":"9263752992954253312","waymo_ro_miles":1889.2119387934815,"incremental_miles":517.15,"vintage_end":"202603","exposure_phase":"deployment"},"geometry":{"type":"Polygon","coordinates":[[[-122.39009006966613,37.58069646736666],[-122.39009006966613,37.57113900144311],[-122.37875965870796,37.574612013206604],[-122.37875965870796,37.58416978624716],[-122.39009006966613,37.58069646736666]]]}},{"type":"Feature","properties":{"state":"California","county":"San Mateo","s2_cell":"9263753027313991680","waymo_ro_miles":19817.744043032166,"incremental_miles":4515.479,"vintage_end":"202603","exposure_phase":"deployment"},"geometry":{"type":"Polygon","coordinates":[[[-122.39009006966613,37.5902526872433],[-122.39009006966613,37.58069646736666],[-122.37875965870796,37.58416978624716],[-122.37875965870796,37.59372631281423],[-122.39009006966613,37.5902526872433]]]}},{"type":"Feature","properties":{"state":"California","county":"San Mateo","s2_cell":"9263753061673730048","waymo_ro_miles":11634.304722671835,"incremental_miles":1845.526,"vintage_end":"202603","exposure_phase":"deployment"},"geometry":{"type":"Polygon","coordinates":[[[-122.40141926154602,37.58677802821954],[-122.40141926154602,37.57722211526512],[-122.39009006966613,37.58069646736666],[-122.39009006966613,37.5902526872433],[-122.40141926154602,37.58677802821954]]]}},{"type":"Feature","properties":{"state":"California","county":"San Mateo","s2_cell":"9263753096033468416","waymo_ro_miles":9457.701061715283,"incremental_miles":9457.701,"vintage_end":"202603","exposure_phase":"deployment"},"geometry":{"type":"Polygon","coordinates":[[[-122.40141926154602,37.57722211526512],[-122.40141926154602,37.56766495669047],[-122.39009006966613,37.57113900144311],[-122.39009006966613,37.58069646736666],[-122.40141926154602,37.57722211526512]]]}},{"type":"Feature","properties":{"state":"California","county":"San Mateo","s2_cell":"9263753783228235776","waymo_ro_miles":7112.512150692476,"incremental_miles":2729.192,"vintage_end":"202603","exposure_phase":"deployment"},"geometry":{"type":"Polygon","coordinates":[[[-122.41274723330986,37.5833023363284],[-122.41274723330986,37.573746730528065],[-122.40141926154602,37.57722211526512],[-122.40141926154602,37.58677802821954],[-122.41274723330986,37.5833023363284]]]}},{"type":"Feature","properties":{"state":"California","county":"San Mateo","s2_cell":"9263753817587974144","waymo_ro_miles":7545.671891893574,"incremental_miles":2770.57,"vintage_end":"202603","exposure_phase":"deployment"},"geometry":{"type":"Polygon","coordinates":[[[-122.41274723330986,37.59285669641845],[-122.41274723330986,37.5833023363284],[-122.40141926154602,37.58677802821954],[-122.40141926154602,37.59633269503699],[-122.41274723330986,37.59285669641845]]]}},{"type":"Feature","properties":{"state":"California","county":"San Mateo","s2_cell":"9263753851947712512","waymo_ro_miles":4349.983757019314,"incremental_miles":1074.824,"vintage_end":"202603","exposure_phase":"deployment"},"geometry":{"type":"Polygon","coordinates":[[[-122.41274723330986,37.60240981028191],[-122.41274723330986,37.59285669641845],[-122.40141926154602,37.59633269503699],[-122.40141926154602,37.605886115201265],[-122.41274723330986,37.60240981028191]]]}},{"type":"Feature","properties":{"state":"California","county":"San Mateo","s2_cell":"9263753886307450880","waymo_ro_miles":11980.134490038143,"incremental_miles":4735.546,"vintage_end":"202603","exposure_phase":"deployment"},"geometry":{"type":"Polygon","coordinates":[[[-122.42407398392056,37.59893247261743],[-122.42407398392056,37.589379665286486],[-122.41274723330986,37.59285669641845],[-122.41274723330986,37.60240981028191],[-122.42407398392056,37.59893247261743]]]}},{"type":"Feature","properties":{"state":"California","county":"San Mateo","s2_cell":"9263754092465881088","waymo_ro_miles":8691.408702115245,"incremental_miles":3788.96,"vintage_end":"202603","exposure_phase":"deployment"},"geometry":{"type":"Polygon","coordinates":[[[-122.4353995123419,37.60500535747128],[-122.4353995123419,37.59545410279373],[-122.42407398392056,37.59893247261743],[-122.42407398392056,37.60848403363257],[-122.4353995123419,37.60500535747128]]]}},{"type":"Feature","properties":{"state":"California","county":"San Mateo","s2_cell":"9263754229904834560","waymo_ro_miles":8608.938768797232,"incremental_miles":3346.638,"vintage_end":"202603","exposure_phase":"deployment"},"geometry":{"type":"Polygon","coordinates":[[[-122.42407398392056,37.61803434781657],[-122.42407398392056,37.60848403363257],[-122.41274723330986,37.61196167740299],[-122.41274723330986,37.62151229726643],[-122.42407398392056,37.61803434781657]]]}},{"type":"Feature","properties":{"state":"California","county":"San Mateo","s2_cell":"9263754264264572928","waymo_ro_miles":10091.321804041367,"incremental_miles":4034.678,"vintage_end":"202603","exposure_phase":"deployment"},"geometry":{"type":"Polygon","coordinates":[[[-122.42407398392056,37.60848403363257],[-122.42407398392056,37.59893247261743],[-122.41274723330986,37.60240981028191],[-122.41274723330986,37.61196167740299],[-122.42407398392056,37.60848403363257]]]}},{"type":"Feature","properties":{"state":"California","county":"San Mateo","s2_cell":"9263754298624311296","waymo_ro_miles":40657.79161093204,"incremental_miles":11414.849,"vintage_end":"202603","exposure_phase":"deployment"},"geometry":{"type":"Polygon","coordinates":[[[-122.41274723330986,37.61196167740299],[-122.41274723330986,37.60240981028191],[-122.40141926154602,37.605886115201265],[-122.40141926154602,37.61543828819667],[-122.41274723330986,37.61196167740299]]]}},{"type":"Feature","properties":{"state":"California","county":"San Mateo","s2_cell":"9263754332984049664","waymo_ro_miles":71060.15826390218,"incremental_miles":20853.604,"vintage_end":"202603","exposure_phase":"deployment"},"geometry":{"type":"Polygon","coordinates":[[[-122.41274723330986,37.62151229726643],[-122.41274723330986,37.61196167740299],[-122.40141926154602,37.61543828819667],[-122.40141926154602,37.62498921350805],[-122.41274723330986,37.62151229726643]]]}},{"type":"Feature","properties":{"state":"California","county":"San Mateo","s2_cell":"9263754470423003136","waymo_ro_miles":41391.10301138655,"incremental_miles":16869.637,"vintage_end":"202603","exposure_phase":"deployment"},"geometry":{"type":"Polygon","coordinates":[[[-122.40141926154602,37.61543828819667],[-122.40141926154602,37.605886115201265],[-122.39009006966613,37.60936138678984],[-122.39009006966613,37.61891386542805],[-122.40141926154602,37.61543828819667]]]}},{"type":"Feature","properties":{"state":"California","county":"San Mateo","s2_cell":"9263754504782741504","waymo_ro_miles":67349.43279014055,"incremental_miles":18983.857,"vintage_end":"202603","exposure_phase":"deployment"},"geometry":{"type":"Polygon","coordinates":[[[-122.40141926154602,37.605886115201265],[-122.40141926154602,37.59633269503699],[-122.39009006966613,37.5998076605564],[-122.39009006966613,37.60936138678984],[-122.40141926154602,37.605886115201265]]]}},{"type":"Feature","properties":{"state":"California","county":"San Mateo","s2_cell":"9263754539142479872","waymo_ro_miles":14257.795164794054,"incremental_miles":1786.299,"vintage_end":"202603","exposure_phase":"deployment"},"geometry":{"type":"Polygon","coordinates":[[[-122.40141926154602,37.59633269503699],[-122.40141926154602,37.58677802821954],[-122.39009006966613,37.5902526872433],[-122.39009006966613,37.5998076605564],[-122.40141926154602,37.59633269503699]]]}},{"type":"Feature","properties":{"state":"California","county":"San Mateo","s2_cell":"9263754573502218240","waymo_ro_miles":71609.57554529923,"incremental_miles":24576.87,"vintage_end":"202603","exposure_phase":"deployment"},"geometry":{"type":"Polygon","coordinates":[[[-122.39009006966613,37.5998076605564],[-122.39009006966613,37.5902526872433],[-122.37875965870796,37.59372631281423],[-122.37875965870796,37.60328159239132],[-122.39009006966613,37.5998076605564]]]}},{"type":"Feature","properties":{"state":"California","county":"San Mateo","s2_cell":"9263754607861956608","waymo_ro_miles":18299.154601650713,"incremental_miles":11000.299,"vintage_end":"202603","exposure_phase":"deployment"},"geometry":{"type":"Polygon","coordinates":[[[-122.39009006966613,37.60936138678984],[-122.39009006966613,37.5998076605564],[-122.37875965870796,37.60328159239132],[-122.37875965870796,37.612835624462356],[-122.39009006966613,37.60936138678984]]]}},{"type":"Feature","properties":{"state":"California","county":"San Mateo","s2_cell":"9263754642221694976","waymo_ro_miles":565.2803942550829,"incremental_miles":565.28,"vintage_end":"202603","exposure_phase":"deployment"},"geometry":{"type":"Polygon","coordinates":[[[-122.37875965870796,37.612835624462356],[-122.37875965870796,37.60328159239132],[-122.36742802971013,37.606754489956664],[-122.36742802971013,37.61630882763382],[-122.37875965870796,37.612835624462356]]]}},{"type":"Feature","properties":{"state":"California","county":"San Mateo","s2_cell":"9263754676581433344","waymo_ro_miles":14008.793570853672,"incremental_miles":8696.061,"vintage_end":"202603","exposure_phase":"deployment"},"geometry":{"type":"Polygon","coordinates":[[[-122.37875965870796,37.60328159239132],[-122.37875965870796,37.59372631281423],[-122.36742802971013,37.59719890434723],[-122.36742802971013,37.606754489956664],[-122.37875965870796,37.60328159239132]]]}},{"type":"Feature","properties":{"state":"California","county":"San Mateo","s2_cell":"9263754710941171712","waymo_ro_miles":749.5460080687624,"incremental_miles":749.546,"vintage_end":"202603","exposure_phase":"deployment"},"geometry":{"type":"Polygon","coordinates":[[[-122.36742802971013,37.606754489956664],[-122.36742802971013,37.59719890434723],[-122.35609518371197,37.60067046125746],[-122.35609518371197,37.61022635266771],[-122.36742802971013,37.606754489956664]]]}},{"type":"Feature","properties":{"state":"California","county":"San Mateo","s2_cell":"9263755088898293760","waymo_ro_miles":6465.005703872032,"incremental_miles":5778.958,"vintage_end":"202603","exposure_phase":"deployment"},"geometry":{"type":"Polygon","coordinates":[[[-122.40141926154602,37.6345388906208],[-122.40141926154602,37.62498921350805],[-122.39009006966613,37.62846509595596],[-122.39009006966613,37.638015077859066],[-122.40141926154602,37.6345388906208]]]}},{"type":"Feature","properties":{"state":"California","county":"San Mateo","s2_cell":"9263755123258032128","waymo_ro_miles":1969.4816934040996,"incremental_miles":1647.008,"vintage_end":"202603","exposure_phase":"deployment"},"geometry":{"type":"Polygon","coordinates":[[[-122.40141926154602,37.64408731902082],[-122.40141926154602,37.6345388906208],[-122.39009006966613,37.638015077859066],[-122.39009006966613,37.64756381062336],[-122.40141926154602,37.64408731902082]]]}},{"type":"Feature","properties":{"state":"California","county":"San Mateo","s2_cell":"9263755191977508864","waymo_ro_miles":4222.28599165678,"incremental_miles":1685.96,"vintage_end":"202603","exposure_phase":"deployment"},"geometry":{"type":"Polygon","coordinates":[[[-122.39009006966613,37.65711129373539],[-122.39009006966613,37.64756381062336],[-122.37875965870796,37.65103926738465],[-122.37875965870796,37.66058705420395],[-122.39009006966613,37.65711129373539]]]}},{"type":"Feature","properties":{"state":"California","county":"San Mateo","s2_cell":"9263755226337247232","waymo_ro_miles":14663.685164919252,"incremental_miles":5172.317,"vintage_end":"202603","exposure_phase":"deployment"},"geometry":{"type":"Polygon","coordinates":[[[-122.40141926154602,37.65363449819453],[-122.40141926154602,37.64408731902082],[-122.39009006966613,37.64756381062336],[-122.39009006966613,37.65711129373539],[-122.40141926154602,37.65363449819453]]]}},{"type":"Feature","properties":{"state":"California","county":"San Mateo","s2_cell":"9263755260696985600","waymo_ro_miles":14309.471202248267,"incremental_miles":6437.091,"vintage_end":"202603","exposure_phase":"deployment"},"geometry":{"type":"Polygon","coordinates":[[[-122.40141926154602,37.6631804276289],[-122.40141926154602,37.65363449819453],[-122.39009006966613,37.65711129373539],[-122.39009006966613,37.6666575266822],[-122.40141926154602,37.6631804276289]]]}},{"type":"Feature","properties":{"state":"California","county":"San Mateo","s2_cell":"9263755295056723968","waymo_ro_miles":3300.7476334585176,"incremental_miles":1926.308,"vintage_end":"202603","exposure_phase":"deployment"},"geometry":{"type":"Polygon","coordinates":[[[-122.39009006966613,37.6666575266822],[-122.39009006966613,37.65711129373539],[-122.37875965870796,37.66058705420395],[-122.37875965870796,37.6701335904323],[-122.39009006966613,37.6666575266822]]]}},{"type":"Feature","properties":{"state":"California","county":"San Mateo","s2_cell":"9263755363776200704","waymo_ro_miles":31.891242705454168,"incremental_miles":20.3,"vintage_end":"202603","exposure_phase":"deployment"},"geometry":{"type":"Polygon","coordinates":[[[-122.37875965870796,37.66058705420395],[-122.37875965870796,37.65103926738465],[-122.36742802971013,37.65451368871995],[-122.36742802971013,37.66406177901558],[-122.37875965870796,37.66058705420395]]]}},{"type":"Feature","properties":{"state":"California","county":"San Mateo","s2_cell":"9263755844812537856","waymo_ro_miles":41812.23775434158,"incremental_miles":9153.539,"vintage_end":"202603","exposure_phase":"deployment"},"geometry":{"type":"Polygon","coordinates":[[[-122.40141926154602,37.69181071237355],[-122.40141926154602,37.68226853523012],[-122.39009006966613,37.68574624003113],[-122.39009006966613,37.69528871941001],[-122.40141926154602,37.69181071237355]]]}},{"type":"Feature","properties":{"state":"California","county":"San Mateo","s2_cell":"9263755879172276224","waymo_ro_miles":36380.699716062554,"incremental_miles":-978.578,"vintage_end":"202603","exposure_phase":"deployment"},"geometry":{"type":"Polygon","coordinates":[[[-122.40141926154602,37.68226853523012],[-122.40141926154602,37.67272510681143],[-122.39009006966613,37.67620250895141],[-122.39009006966613,37.68574624003113],[-122.40141926154602,37.68226853523012]]]}},{"type":"Feature","properties":{"state":"California","county":"San Mateo","s2_cell":"9263755913532014592","waymo_ro_miles":13776.1229699383,"incremental_miles":13776.123,"vintage_end":"202603","exposure_phase":"deployment"},"geometry":{"type":"Polygon","coordinates":[[[-122.39009006966613,37.68574624003113],[-122.39009006966613,37.67620250895141],[-122.37875965870796,37.67967887555737],[-122.37875965870796,37.689222909067404],[-122.39009006966613,37.68574624003113]]]}},{"type":"Feature","properties":{"state":"California","county":"San Mateo","s2_cell":"9263755947891752960","waymo_ro_miles":6690.061716499591,"incremental_miles":3948.828,"vintage_end":"202603","exposure_phase":"deployment"},"geometry":{"type":"Polygon","coordinates":[[[-122.39009006966613,37.67620250895141],[-122.39009006966613,37.6666575266822],[-122.37875965870796,37.6701335904323],[-122.37875965870796,37.67967887555737],[-122.39009006966613,37.67620250895141]]]}},{"type":"Feature","properties":{"state":"California","county":"San Mateo","s2_cell":"9263755982251491328","waymo_ro_miles":74612.39736184043,"incremental_miles":8449.047,"vintage_end":"202603","exposure_phase":"deployment"},"geometry":{"type":"Polygon","coordinates":[[[-122.40141926154602,37.67272510681143],[-122.40141926154602,37.6631804276289],[-122.39009006966613,37.6666575266822],[-122.39009006966613,37.67620250895141],[-122.40141926154602,37.67272510681143]]]}},{"type":"Feature","properties":{"state":"California","county":"San Mateo","s2_cell":"9263756016611229696","waymo_ro_miles":14052.893519293917,"incremental_miles":4861.692,"vintage_end":"202603","exposure_phase":"deployment"},"geometry":{"type":"Polygon","coordinates":[[[-122.41274723330986,37.66924666972223],[-122.41274723330986,37.659702293857265],[-122.40141926154602,37.6631804276289],[-122.40141926154602,37.67272510681143],[-122.41274723330986,37.66924666972223]]]}},{"type":"Feature","properties":{"state":"California","county":"San Mateo","s2_cell":"9263756050970968064","waymo_ro_miles":5566.52837030303,"incremental_miles":1996.519,"vintage_end":"202603","exposure_phase":"deployment"},"geometry":{"type":"Polygon","coordinates":[[[-122.42407398392056,37.66576719826896],[-122.42407398392056,37.6562231259525],[-122.41274723330986,37.659702293857265],[-122.41274723330986,37.66924666972223],[-122.42407398392056,37.66576719826896]]]}},{"type":"Feature","properties":{"state":"California","county":"San Mateo","s2_cell":"9263756085330706432","waymo_ro_miles":10814.316268831606,"incremental_miles":3995.177,"vintage_end":"202603","exposure_phase":"deployment"},"geometry":{"type":"Polygon","coordinates":[[[-122.42407398392056,37.67531002067324],[-122.42407398392056,37.66576719826896],[-122.41274723330986,37.66924666972223],[-122.41274723330986,37.678789795249145],[-122.42407398392056,37.67531002067324]]]}},{"type":"Feature","properties":{"state":"California","county":"San Mateo","s2_cell":"9263756119690444800","waymo_ro_miles":765.7838246728647,"incremental_miles":765.784,"vintage_end":"202603","exposure_phase":"deployment"},"geometry":{"type":"Polygon","coordinates":[[[-122.41274723330986,37.678789795249145],[-122.41274723330986,37.66924666972223],[-122.40141926154602,37.67272510681143],[-122.40141926154602,37.68226853523012],[-122.41274723330986,37.678789795249145]]]}},{"type":"Feature","properties":{"state":"California","county":"San Mateo","s2_cell":"9263756154050183168","waymo_ro_miles":18820.14616666208,"incremental_miles":1680.302,"vintage_end":"202603","exposure_phase":"deployment"},"geometry":{"type":"Polygon","coordinates":[[[-122.41274723330986,37.68833166992645],[-122.41274723330986,37.678789795249145],[-122.40141926154602,37.68226853523012],[-122.40141926154602,37.69181071237355],[-122.41274723330986,37.68833166992645]]]}},{"type":"Feature","properties":{"state":"California","county":"San Mateo","s2_cell":"9263756188409921536","waymo_ro_miles":47804.595610749384,"incremental_miles":8390.246,"vintage_end":"202603","exposure_phase":"deployment"},"geometry":{"type":"Polygon","coordinates":[[[-122.41274723330986,37.69787229324313],[-122.41274723330986,37.68833166992645],[-122.40141926154602,37.69181071237355],[-122.40141926154602,37.70135163773079],[-122.41274723330986,37.69787229324313]]]}},{"type":"Feature","properties":{"state":"California","county":"San Mateo","s2_cell":"9263756222769659904","waymo_ro_miles":6502.146397134598,"incremental_miles":1754.803,"vintage_end":"202603","exposure_phase":"deployment"},"geometry":{"type":"Polygon","coordinates":[[[-122.42407398392056,37.6943919136992],[-122.42407398392056,37.68485159265369],[-122.41274723330986,37.68833166992645],[-122.41274723330986,37.69787229324313],[-122.42407398392056,37.6943919136992]]]}},{"type":"Feature","properties":{"state":"California","county":"San Mateo","s2_cell":"9263756428928090112","waymo_ro_miles":26932.223046314855,"incremental_miles":13282.924,"vintage_end":"202603","exposure_phase":"deployment"},"geometry":{"type":"Polygon","coordinates":[[[-122.44672381753844,37.6683473700785],[-122.44672381753844,37.658805154612295],[-122.4353995123419,37.66228669303706],[-122.4353995123419,37.67182921208779],[-122.44672381753844,37.6683473700785]]]}},{"type":"Feature","properties":{"state":"California","county":"San Mateo","s2_cell":"9263756463287828480","waymo_ro_miles":20420.678838441443,"incremental_miles":9062.896,"vintage_end":"202603","exposure_phase":"deployment"},"geometry":{"type":"Polygon","coordinates":[[[-122.4353995123419,37.67182921208779],[-122.4353995123419,37.66228669303706],[-122.42407398392056,37.66576719826896],[-122.42407398392056,37.67531002067324],[-122.4353995123419,37.67182921208779]]]}},{"type":"Feature","properties":{"state":"California","county":"San Mateo","s2_cell":"9263756497647566848","waymo_ro_miles":30333.240125170163,"incremental_miles":11009.842,"vintage_end":"202603","exposure_phase":"deployment"},"geometry":{"type":"Polygon","coordinates":[[[-122.4353995123419,37.66228669303706],[-122.4353995123419,37.652742924500146],[-122.42407398392056,37.6562231259525],[-122.42407398392056,37.66576719826896],[-122.4353995123419,37.66228669303706]]]}},{"type":"Feature","properties":{"state":"California","county":"San Mateo","s2_cell":"9263756532007305216","waymo_ro_miles":33158.20612155562,"incremental_miles":14012.934,"vintage_end":"202603","exposure_phase":"deployment"},"geometry":{"type":"Polygon","coordinates":[[[-122.44672381753844,37.658805154612295],[-122.44672381753844,37.649261690086014],[-122.4353995123419,37.652742924500146],[-122.4353995123419,37.66228669303706],[-122.44672381753844,37.658805154612295]]]}},{"type":"Feature","properties":{"state":"California","county":"San Mateo","s2_cell":"9263756566367043584","waymo_ro_miles":14794.486224527267,"incremental_miles":5141.612,"vintage_end":"202603","exposure_phase":"deployment"},"geometry":{"type":"Polygon","coordinates":[[[-122.44672381753844,37.649261690086014],[-122.44672381753844,37.63971697701203],[-122.4353995123419,37.643197906989336],[-122.4353995123419,37.652742924500146],[-122.44672381753844,37.649261690086014]]]}},{"type":"Feature","properties":{"state":"California","county":"San Mateo","s2_cell":"9263756600726781952","waymo_ro_miles":23592.682352239106,"incremental_miles":10064.012,"vintage_end":"202603","exposure_phase":"deployment"},"geometry":{"type":"Polygon","coordinates":[[[-122.44672381753844,37.63971697701203],[-122.44672381753844,37.63017101590326],[-122.4353995123419,37.63365164101744],[-122.4353995123419,37.643197906989336],[-122.44672381753844,37.63971697701203]]]}},{"type":"Feature","properties":{"state":"California","county":"San Mateo","s2_cell":"9263756635086520320","waymo_ro_miles":25322.04166437845,"incremental_miles":9900.107,"vintage_end":"202603","exposure_phase":"deployment"},"geometry":{"type":"Polygon","coordinates":[[[-122.4353995123419,37.643197906989336],[-122.4353995123419,37.63365164101744],[-122.42407398392056,37.637131233632346],[-122.42407398392056,37.64667780423607],[-122.4353995123419,37.643197906989336]]]}},{"type":"Feature","properties":{"state":"California","county":"San Mateo","s2_cell":"9263756669446258688","waymo_ro_miles":39587.4573435311,"incremental_miles":17702.38,"vintage_end":"202603","exposure_phase":"deployment"},"geometry":{"type":"Polygon","coordinates":[[[-122.4353995123419,37.652742924500146],[-122.4353995123419,37.643197906989336],[-122.42407398392056,37.64667780423607],[-122.42407398392056,37.6562231259525],[-122.4353995123419,37.652742924500146]]]}},{"type":"Feature","properties":{"state":"California","county":"San Mateo","s2_cell":"9263756703805997056","waymo_ro_miles":16560.203686117507,"incremental_miles":2612.362,"vintage_end":"202603","exposure_phase":"deployment"},"geometry":{"type":"Polygon","coordinates":[[[-122.42407398392056,37.6562231259525],[-122.42407398392056,37.64667780423607],[-122.41274723330986,37.650156668166325],[-122.41274723330986,37.659702293857265],[-122.42407398392056,37.6562231259525]]]}},{"type":"Feature","properties":{"state":"California","county":"San Mateo","s2_cell":"9263756738165735424","waymo_ro_miles":72603.38509383867,"incremental_miles":13269.669,"vintage_end":"202603","exposure_phase":"deployment"},"geometry":{"type":"Polygon","coordinates":[[[-122.41274723330986,37.659702293857265],[-122.41274723330986,37.650156668166325],[-122.40141926154602,37.65363449819453],[-122.40141926154602,37.6631804276289],[-122.41274723330986,37.659702293857265]]]}},{"type":"Feature","properties":{"state":"California","county":"San Mateo","s2_cell":"9263756772525473792","waymo_ro_miles":47056.68308404457,"incremental_miles":13860.838,"vintage_end":"202603","exposure_phase":"deployment"},"geometry":{"type":"Polygon","coordinates":[[[-122.41274723330986,37.650156668166325],[-122.41274723330986,37.64060979316203],[-122.40141926154602,37.64408731902082],[-122.40141926154602,37.65363449819453],[-122.41274723330986,37.650156668166325]]]}},{"type":"Feature","properties":{"state":"California","county":"San Mateo","s2_cell":"9263756806885212160","waymo_ro_miles":38354.098161771595,"incremental_miles":9095.996,"vintage_end":"202603","exposure_phase":"deployment"},"geometry":{"type":"Polygon","coordinates":[[[-122.42407398392056,37.64667780423607],[-122.42407398392056,37.637131233632346],[-122.41274723330986,37.64060979316203],[-122.41274723330986,37.650156668166325],[-122.42407398392056,37.64667780423607]]]}},{"type":"Feature","properties":{"state":"California","county":"San Mateo","s2_cell":"9263756841244950528","waymo_ro_miles":69049.26310194565,"incremental_miles":24164.622,"vintage_end":"202603","exposure_phase":"deployment"},"geometry":{"type":"Polygon","coordinates":[[[-122.42407398392056,37.637131233632346],[-122.42407398392056,37.6275834146546],[-122.41274723330986,37.631061669357514],[-122.41274723330986,37.64060979316203],[-122.42407398392056,37.637131233632346]]]}},{"type":"Feature","properties":{"state":"California","county":"San Mateo","s2_cell":"9263756875604688896","waymo_ro_miles":36489.8227660013,"incremental_miles":12584.179,"vintage_end":"202603","exposure_phase":"deployment"},"geometry":{"type":"Polygon","coordinates":[[[-122.41274723330986,37.64060979316203],[-122.41274723330986,37.631061669357514],[-122.40141926154602,37.6345388906208],[-122.40141926154602,37.64408731902082],[-122.41274723330986,37.64060979316203]]]}},{"type":"Feature","properties":{"state":"California","county":"San Mateo","s2_cell":"9263756909964427264","waymo_ro_miles":30560.75592775177,"incremental_miles":13432.792,"vintage_end":"202603","exposure_phase":"deployment"},"geometry":{"type":"Polygon","coordinates":[[[-122.41274723330986,37.631061669357514],[-122.41274723330986,37.62151229726643],[-122.40141926154602,37.62498921350805],[-122.40141926154602,37.6345388906208],[-122.41274723330986,37.631061669357514]]]}},{"type":"Feature","properties":{"state":"California","county":"San Mateo","s2_cell":"9263756944324165632","waymo_ro_miles":76059.84693444122,"incremental_miles":19735.737,"vintage_end":"202603","exposure_phase":"deployment"},"geometry":{"type":"Polygon","coordinates":[[[-122.42407398392056,37.6275834146546],[-122.42407398392056,37.61803434781657],[-122.41274723330986,37.62151229726643],[-122.41274723330986,37.631061669357514],[-122.42407398392056,37.6275834146546]]]}},{"type":"Feature","properties":{"state":"California","county":"San Mateo","s2_cell":"9263756978683904000","waymo_ro_miles":24588.97113743014,"incremental_miles":9820.354,"vintage_end":"202603","exposure_phase":"deployment"},"geometry":{"type":"Polygon","coordinates":[[[-122.4353995123419,37.62410412709779],[-122.4353995123419,37.61455536574427],[-122.42407398392056,37.61803434781657],[-122.42407398392056,37.6275834146546],[-122.4353995123419,37.62410412709779]]]}},{"type":"Feature","properties":{"state":"California","county":"San Mateo","s2_cell":"9263757013043642368","waymo_ro_miles":32428.870540422085,"incremental_miles":11804.658,"vintage_end":"202603","exposure_phase":"deployment"},"geometry":{"type":"Polygon","coordinates":[[[-122.4353995123419,37.63365164101744],[-122.4353995123419,37.62410412709779],[-122.42407398392056,37.6275834146546],[-122.42407398392056,37.637131233632346],[-122.4353995123419,37.63365164101744]]]}},{"type":"Feature","properties":{"state":"California","county":"San Mateo","s2_cell":"9263757047403380736","waymo_ro_miles":13305.249410995864,"incremental_miles":4212.725,"vintage_end":"202603","exposure_phase":"deployment"},"geometry":{"type":"Polygon","coordinates":[[[-122.44672381753844,37.63017101590326],[-122.44672381753844,37.62062380727314],[-122.4353995123419,37.62410412709779],[-122.4353995123419,37.63365164101744],[-122.44672381753844,37.63017101590326]]]}},{"type":"Feature","properties":{"state":"California","county":"San Mateo","s2_cell":"9263757081763119104","waymo_ro_miles":5503.894072677,"incremental_miles":2099.815,"vintage_end":"202603","exposure_phase":"deployment"},"geometry":{"type":"Polygon","coordinates":[[[-122.44672381753844,37.62062380727314],[-122.44672381753844,37.611075351635655],[-122.4353995123419,37.61455536574427],[-122.4353995123419,37.62410412709779],[-122.44672381753844,37.62062380727314]]]}},{"type":"Feature","properties":{"state":"California","county":"San Mateo","s2_cell":"9263757219202072576","waymo_ro_miles":3611.5498125816425,"incremental_miles":1386.96,"vintage_end":"202603","exposure_phase":"deployment"},"geometry":{"type":"Polygon","coordinates":[[[-122.45804689847544,37.6266893588761],[-122.45804689847544,37.617142455767],[-122.44672381753844,37.62062380727314],[-122.44672381753844,37.63017101590326],[-122.45804689847544,37.6266893588761]]]}},{"type":"Feature","properties":{"state":"California","county":"San Mateo","s2_cell":"9263757253561810944","waymo_ro_miles":6842.962837638488,"incremental_miles":2391.215,"vintage_end":"202603","exposure_phase":"deployment"},"geometry":{"type":"Polygon","coordinates":[[[-122.45804689847544,37.636235014890374],[-122.45804689847544,37.6266893588761],[-122.44672381753844,37.63017101590326],[-122.44672381753844,37.63971697701203],[-122.45804689847544,37.636235014890374]]]}},{"type":"Feature","properties":{"state":"California","county":"San Mateo","s2_cell":"9263757287921549312","waymo_ro_miles":23485.411798500743,"incremental_miles":9068.533,"vintage_end":"202603","exposure_phase":"deployment"},"geometry":{"type":"Polygon","coordinates":[[[-122.45804689847544,37.645779423296254],[-122.45804689847544,37.636235014890374],[-122.44672381753844,37.63971697701203],[-122.44672381753844,37.649261690086014],[-122.45804689847544,37.645779423296254]]]}},{"type":"Feature","properties":{"state":"California","county":"San Mateo","s2_cell":"9263757322281287680","waymo_ro_miles":6835.6900225509635,"incremental_miles":2422.437,"vintage_end":"202603","exposure_phase":"deployment"},"geometry":{"type":"Polygon","coordinates":[[[-122.46936875411905,37.64229612471735],[-122.46936875411905,37.63275202121089],[-122.45804689847544,37.636235014890374],[-122.45804689847544,37.645779423296254],[-122.46936875411905,37.64229612471735]]]}},{"type":"Feature","properties":{"state":"California","county":"San Mateo","s2_cell":"9263758765390299136","waymo_ro_miles":4456.645303969618,"incremental_miles":1230.914,"vintage_end":"202603","exposure_phase":"deployment"},"geometry":{"type":"Polygon","coordinates":[[[-122.49200878539423,37.6734879330491],[-122.49200878539423,37.66394943047776],[-122.48068938343609,37.667435704401925],[-122.48068938343609,37.676974510629684],[-122.49200878539423,37.6734879330491]]]}},{"type":"Feature","properties":{"state":"California","county":"San Mateo","s2_cell":"9263758799750037504","waymo_ro_miles":46830.311231973625,"incremental_miles":14651.617,"vintage_end":"202603","exposure_phase":"deployment"},"geometry":{"type":"Polygon","coordinates":[[[-122.48068938343609,37.676974510629684],[-122.48068938343609,37.667435704401925],[-122.46936875411905,37.670920947017024],[-122.46936875411905,37.68046005667014],[-122.48068938343609,37.676974510629684]]]}},{"type":"Feature","properties":{"state":"California","county":"San Mateo","s2_cell":"9263758834109775872","waymo_ro_miles":11486.481401696887,"incremental_miles":3324.248,"vintage_end":"202603","exposure_phase":"deployment"},"geometry":{"type":"Polygon","coordinates":[[[-122.48068938343609,37.667435704401925],[-122.48068938343609,37.65789564936922],[-122.46936875411905,37.66138058813274],[-122.46936875411905,37.670920947017024],[-122.48068938343609,37.667435704401925]]]}},{"type":"Feature","properties":{"state":"California","county":"San Mateo","s2_cell":"9263758868469514240","waymo_ro_miles":31.174511515970245,"incremental_miles":21.707,"vintage_end":"202603","exposure_phase":"deployment"},"geometry":{"type":"Polygon","coordinates":[[[-122.49200878539423,37.66394943047776],[-122.49200878539423,37.654409679527795],[-122.48068938343609,37.65789564936922],[-122.48068938343609,37.667435704401925],[-122.49200878539423,37.66394943047776]]]}},{"type":"Feature","properties":{"state":"California","county":"San Mateo","s2_cell":"9263758971548729344","waymo_ro_miles":3233.4695209812817,"incremental_miles":1349.698,"vintage_end":"202603","exposure_phase":"deployment"},"geometry":{"type":"Polygon","coordinates":[[[-122.48068938343609,37.64835434604321],[-122.48068938343609,37.63881179493606],[-122.46936875411905,37.64229612471735],[-122.46936875411905,37.65183898052883],[-122.48068938343609,37.64835434604321]]]}},{"type":"Feature","properties":{"state":"California","county":"San Mateo","s2_cell":"9263759005908467712","waymo_ro_miles":4882.783290742994,"incremental_miles":1870.424,"vintage_end":"202603","exposure_phase":"deployment"},"geometry":{"type":"Polygon","coordinates":[[[-122.48068938343609,37.65789564936922],[-122.48068938343609,37.64835434604321],[-122.46936875411905,37.65183898052883],[-122.46936875411905,37.66138058813274],[-122.48068938343609,37.65789564936922]]]}},{"type":"Feature","properties":{"state":"California","county":"San Mateo","s2_cell":"9263759040268206080","waymo_ro_miles":22737.040040641445,"incremental_miles":10985.507,"vintage_end":"202603","exposure_phase":"deployment"},"geometry":{"type":"Polygon","coordinates":[[[-122.46936875411905,37.66138058813274],[-122.46936875411905,37.65183898052883],[-122.45804689847544,37.655322583580755],[-122.45804689847544,37.66486449523138],[-122.46936875411905,37.66138058813274]]]}},{"type":"Feature","properties":{"state":"California","county":"San Mateo","s2_cell":"9263759074627944448","waymo_ro_miles":5027.824217894606,"incremental_miles":1841.488,"vintage_end":"202603","exposure_phase":"deployment"},"geometry":{"type":"Polygon","coordinates":[[[-122.46936875411905,37.65183898052883],[-122.46936875411905,37.64229612471735],[-122.45804689847544,37.645779423296254],[-122.45804689847544,37.655322583580755],[-122.46936875411905,37.65183898052883]]]}},{"type":"Feature","properties":{"state":"California","county":"San Mateo","s2_cell":"9263759108987682816","waymo_ro_miles":33044.09038751773,"incremental_miles":13279.42,"vintage_end":"202603","exposure_phase":"deployment"},"geometry":{"type":"Polygon","coordinates":[[[-122.45804689847544,37.655322583580755],[-122.45804689847544,37.645779423296254],[-122.44672381753844,37.649261690086014],[-122.44672381753844,37.658805154612295],[-122.45804689847544,37.655322583580755]]]}},{"type":"Feature","properties":{"state":"California","county":"San Mateo","s2_cell":"9263759143347421184","waymo_ro_miles":34484.474199817254,"incremental_miles":14199.082,"vintage_end":"202603","exposure_phase":"deployment"},"geometry":{"type":"Polygon","coordinates":[[[-122.45804689847544,37.66486449523138],[-122.45804689847544,37.655322583580755],[-122.44672381753844,37.658805154612295],[-122.44672381753844,37.6683473700785],[-122.45804689847544,37.66486449523138]]]}},{"type":"Feature","properties":{"state":"California","county":"San Mateo","s2_cell":"9263759177707159552","waymo_ro_miles":46744.35211252564,"incremental_miles":22074.733,"vintage_end":"202603","exposure_phase":"deployment"},"geometry":{"type":"Polygon","coordinates":[[[-122.45804689847544,37.67440515773615],[-122.45804689847544,37.66486449523138],[-122.44672381753844,37.6683473700785],[-122.44672381753844,37.67788833597277],[-122.45804689847544,37.67440515773615]]]}},{"type":"Feature","properties":{"state":"California","county":"San Mateo","s2_cell":"9263759212066897920","waymo_ro_miles":50107.912411146244,"incremental_miles":19383.231,"vintage_end":"202603","exposure_phase":"deployment"},"geometry":{"type":"Polygon","coordinates":[[[-122.46936875411905,37.670920947017024],[-122.46936875411905,37.66138058813274],[-122.45804689847544,37.66486449523138],[-122.45804689847544,37.67440515773615],[-122.46936875411905,37.670920947017024]]]}},{"type":"Feature","properties":{"state":"California","county":"San Mateo","s2_cell":"9263759246426636288","waymo_ro_miles":76791.50495944764,"incremental_miles":28500.847,"vintage_end":"202603","exposure_phase":"deployment"},"geometry":{"type":"Polygon","coordinates":[[[-122.46936875411905,37.68046005667014],[-122.46936875411905,37.670920947017024],[-122.45804689847544,37.67440515773615],[-122.45804689847544,37.68394457058367],[-122.46936875411905,37.68046005667014]]]}},{"type":"Feature","properties":{"state":"California","county":"San Mateo","s2_cell":"9263759315146113024","waymo_ro_miles":10669.095951231431,"incremental_miles":6142.442,"vintage_end":"202603","exposure_phase":"deployment"},"geometry":{"type":"Polygon","coordinates":[[[-122.45804689847544,37.693482733263004],[-122.45804689847544,37.68394457058367],[-122.44672381753844,37.687428051783755],[-122.44672381753844,37.69696651700067],[-122.45804689847544,37.693482733263004]]]}},{"type":"Feature","properties":{"state":"California","county":"San Mateo","s2_cell":"9263759349505851392","waymo_ro_miles":115262.97478671363,"incremental_miles":36822.053,"vintage_end":"202603","exposure_phase":"deployment"},"geometry":{"type":"Polygon","coordinates":[[[-122.46936875411905,37.6899979165811],[-122.46936875411905,37.68046005667014],[-122.45804689847544,37.68394457058367],[-122.45804689847544,37.693482733263004],[-122.46936875411905,37.6899979165811]]]}},{"type":"Feature","properties":{"state":"California","county":"San Mateo","s2_cell":"9263759383865589760","waymo_ro_miles":129988.63248235338,"incremental_miles":41198.69,"vintage_end":"202603","exposure_phase":"deployment"},"geometry":{"type":"Polygon","coordinates":[[[-122.46936875411905,37.69953452623943],[-122.46936875411905,37.6899979165811],[-122.45804689847544,37.693482733263004],[-122.45804689847544,37.70301964526381],[-122.46936875411905,37.69953452623943]]]}},{"type":"Feature","properties":{"state":"California","county":"San Mateo","s2_cell":"9263759418225328128","waymo_ro_miles":26305.849217281477,"incremental_miles":8065.158,"vintage_end":"202603","exposure_phase":"deployment"},"geometry":{"type":"Polygon","coordinates":[[[-122.45804689847544,37.70301964526381],[-122.45804689847544,37.693482733263004],[-122.44672381753844,37.69696651700067],[-122.44672381753844,37.70650373111326],[-122.45804689847544,37.70301964526381]]]}},{"type":"Feature","properties":{"state":"California","county":"San Mateo","s2_cell":"9263759452585066496","waymo_ro_miles":29588.415623132852,"incremental_miles":3902.371,"vintage_end":"202603","exposure_phase":"deployment"},"geometry":{"type":"Polygon","coordinates":[[[-122.45804689847544,37.712555306076204],[-122.45804689847544,37.70301964526381],[-122.44672381753844,37.70650373111326],[-122.44672381753844,37.716039693611755],[-122.45804689847544,37.712555306076204]]]}},{"type":"Feature","properties":{"state":"California","county":"San Mateo","s2_cell":"9263759555664281600","waymo_ro_miles":139934.87546749855,"incremental_miles":38303.262,"vintage_end":"202603","exposure_phase":"deployment"},"geometry":{"type":"Polygon","coordinates":[[[-122.46936875411905,37.70906988513516],[-122.46936875411905,37.69953452623943],[-122.45804689847544,37.70301964526381],[-122.45804689847544,37.712555306076204],[-122.46936875411905,37.70906988513516]]]}},{"type":"Feature","properties":{"state":"California","county":"San Mateo","s2_cell":"9263759590024019968","waymo_ro_miles":89966.12935623206,"incremental_miles":23240.993,"vintage_end":"202603","exposure_phase":"deployment"},"geometry":{"type":"Polygon","coordinates":[[[-122.48068938343609,37.70558343137489],[-122.48068938343609,37.69604837462648],[-122.46936875411905,37.69953452623943],[-122.46936875411905,37.70906988513516],[-122.48068938343609,37.70558343137489]]]}},{"type":"Feature","properties":{"state":"California","county":"San Mateo","s2_cell":"9263759693103235072","waymo_ro_miles":72686.39378356362,"incremental_miles":10930.748,"vintage_end":"202603","exposure_phase":"deployment"},"geometry":{"type":"Polygon","coordinates":[[[-122.49200878539423,37.702095945382],[-122.49200878539423,37.69256119101164],[-122.48068938343609,37.69604837462648],[-122.48068938343609,37.70558343137489],[-122.49200878539423,37.702095945382]]]}},{"type":"Feature","properties":{"state":"California","county":"San Mateo","s2_cell":"9263759727462973440","waymo_ro_miles":16925.6611949835,"incremental_miles":4150.712,"vintage_end":"202603","exposure_phase":"deployment"},"geometry":{"type":"Polygon","coordinates":[[[-122.49200878539423,37.69256119101164],[-122.49200878539423,37.68302518673062],[-122.48068938343609,37.68651206754139],[-122.48068938343609,37.69604837462648],[-122.49200878539423,37.69256119101164]]]}},{"type":"Feature","properties":{"state":"California","county":"San Mateo","s2_cell":"9263759761822711808","waymo_ro_miles":68988.83868161803,"incremental_miles":21475.031,"vintage_end":"202603","exposure_phase":"deployment"},"geometry":{"type":"Polygon","coordinates":[[[-122.48068938343609,37.69604837462648],[-122.48068938343609,37.68651206754139],[-122.46936875411905,37.6899979165811],[-122.46936875411905,37.69953452623943],[-122.48068938343609,37.69604837462648]]]}},{"type":"Feature","properties":{"state":"California","county":"San Mateo","s2_cell":"9263759796182450176","waymo_ro_miles":73400.0499662663,"incremental_miles":23239.348,"vintage_end":"202603","exposure_phase":"deployment"},"geometry":{"type":"Polygon","coordinates":[[[-122.48068938343609,37.68651206754139],[-122.48068938343609,37.676974510629684],[-122.46936875411905,37.68046005667014],[-122.46936875411905,37.6899979165811],[-122.48068938343609,37.68651206754139]]]}},{"type":"Feature","properties":{"state":"California","county":"San Mateo","s2_cell":"9263759830542188544","waymo_ro_miles":14767.436552870315,"incremental_miles":3443.766,"vintage_end":"202603","exposure_phase":"deployment"},"geometry":{"type":"Polygon","coordinates":[[[-122.49200878539423,37.68302518673062],[-122.49200878539423,37.6734879330491],[-122.48068938343609,37.676974510629684],[-122.48068938343609,37.68651206754139],[-122.49200878539423,37.68302518673062]]]}},{"type":"Feature","properties":{"state":"California","county":"San Mateo","s2_cell":"9263759899261665280","waymo_ro_miles":5001.584403339299,"incremental_miles":1067.546,"vintage_end":"202603","exposure_phase":"deployment"},"geometry":{"type":"Polygon","coordinates":[[[-122.50332695896195,37.68907297598189],[-122.50332695896195,37.67953727473585],[-122.49200878539423,37.68302518673062],[-122.49200878539423,37.69256119101164],[-122.50332695896195,37.68907297598189]]]}},{"type":"Feature","properties":{"state":"California","county":"San Mateo","s2_cell":"9263760345938264064","waymo_ro_miles":20121.0720744918,"incremental_miles":3642.738,"vintage_end":"202603","exposure_phase":"deployment"},"geometry":{"type":"Polygon","coordinates":[[[-122.50332695896195,37.698607427743404],[-122.50332695896195,37.68907297598189],[-122.49200878539423,37.69256119101164],[-122.49200878539423,37.702095945382],[-122.50332695896195,37.698607427743404]]]}},{"type":"Feature","properties":{"state":"California","county":"San Mateo","s2_cell":"9263760380298002432","waymo_ro_miles":3825.3500977777567,"incremental_miles":303.892,"vintage_end":"202603","exposure_phase":"deployment"},"geometry":{"type":"Polygon","coordinates":[[[-122.50332695896195,37.70814062951066],[-122.50332695896195,37.698607427743404],[-122.49200878539423,37.702095945382],[-122.49200878539423,37.71162944933207],[-122.50332695896195,37.70814062951066]]]}},{"type":"Feature","properties":{"state":"California","county":"San Mateo","s2_cell":"9263762201364135936","waymo_ro_miles":24575.44377031234,"incremental_miles":5049.82,"vintage_end":"202603","exposure_phase":"deployment"},"geometry":{"type":"Polygon","coordinates":[[[-122.44672381753844,37.70650373111326],[-122.44672381753844,37.69696651700067],[-122.4353995123419,37.70044926720799],[-122.4353995123419,37.709986783201735],[-122.44672381753844,37.70650373111326]]]}},{"type":"Feature","properties":{"state":"California","county":"San Mateo","s2_cell":"9263762270083612672","waymo_ro_miles":13486.77407499429,"incremental_miles":7392.382,"vintage_end":"202603","exposure_phase":"deployment"},"geometry":{"type":"Polygon","coordinates":[[[-122.4353995123419,37.70044926720799],[-122.4353995123419,37.690910499684215],[-122.42407398392056,37.6943919136992],[-122.42407398392056,37.70393098329916],[-122.4353995123419,37.70044926720799]]]}},{"type":"Feature","properties":{"state":"California","county":"San Mateo","s2_cell":"9263762338803089408","waymo_ro_miles":19273.17628831399,"incremental_miles":4624.055,"vintage_end":"202603","exposure_phase":"deployment"},"geometry":{"type":"Polygon","coordinates":[[[-122.42407398392056,37.71346880094351],[-122.42407398392056,37.70393098329916],[-122.41274723330986,37.7074116646887],[-122.41274723330986,37.71694978375318],[-122.42407398392056,37.71346880094351]]]}},{"type":"Feature","properties":{"state":"California","county":"San Mateo","s2_cell":"9263762373162827776","waymo_ro_miles":35304.746080081066,"incremental_miles":13240.783,"vintage_end":"202603","exposure_phase":"deployment"},"geometry":{"type":"Polygon","coordinates":[[[-122.42407398392056,37.70393098329916],[-122.42407398392056,37.6943919136992],[-122.41274723330986,37.69787229324313],[-122.41274723330986,37.7074116646887],[-122.42407398392056,37.70393098329916]]]}},{"type":"Feature","properties":{"state":"California","county":"San Mateo","s2_cell":"9263762407522566144","waymo_ro_miles":46918.71461017669,"incremental_miles":6746.341,"vintage_end":"202603","exposure_phase":"deployment"},"geometry":{"type":"Polygon","coordinates":[[[-122.41274723330986,37.7074116646887],[-122.41274723330986,37.69787229324313],[-122.40141926154602,37.70135163773079],[-122.40141926154602,37.71089131079144],[-122.41274723330986,37.7074116646887]]]}},{"type":"Feature","properties":{"state":"California","county":"San Mateo","s2_cell":"9263762441882304512","waymo_ro_miles":619.6960781523144,"incremental_miles":-44002.815,"vintage_end":"202603","exposure_phase":"deployment"},"geometry":{"type":"Polygon","coordinates":[[[-122.41274723330986,37.71694978375318],[-122.41274723330986,37.7074116646887],[-122.40141926154602,37.71089131079144],[-122.40141926154602,37.72042973104564],[-122.41274723330986,37.71694978375318]]]}},{"type":"Feature","properties":{"state":"California","county":"San Mateo","s2_cell":"9263790719946981376","waymo_ro_miles":606.681990833577,"incremental_miles":373.763,"vintage_end":"202603","exposure_phase":"deployment"},"geometry":{"type":"Polygon","coordinates":[[[-122.24270001793133,37.53967085043573],[-122.24270001793133,37.530098169076695],[-122.23135385375079,37.53355494271064],[-122.23135385375079,37.54312793200931],[-122.24270001793133,37.53967085043573]]]}},{"type":"Feature","properties":{"state":"California","county":"San Mateo","s2_cell":"9263790788666458112","waymo_ro_miles":2075.3897705118147,"incremental_miles":1264.18,"vintage_end":"202603","exposure_phase":"deployment"},"geometry":{"type":"Polygon","coordinates":[[[-122.25404497659599,37.52664035695375],[-122.25404497659599,37.5170667377913],[-122.24270001793133,37.52052424131639],[-122.24270001793133,37.530098169076695],[-122.25404497659599,37.52664035695375]]]}},{"type":"Feature","properties":{"state":"California","county":"San Mateo","s2_cell":"9263790823026196480","waymo_ro_miles":8689.840740821395,"incremental_miles":6081.335,"vintage_end":"202603","exposure_phase":"deployment"},"geometry":{"type":"Polygon","coordinates":[[[-122.26538872869685,37.52318150692386],[-122.26538872869685,37.513608196591434],[-122.25404497659599,37.5170667377913],[-122.25404497659599,37.52664035695375],[-122.26538872869685,37.52318150692386]]]}},{"type":"Feature","properties":{"state":"California","county":"San Mateo","s2_cell":"9263790857385934848","waymo_ro_miles":2425.0289539408327,"incremental_miles":1553.999,"vintage_end":"202603","exposure_phase":"deployment"},"geometry":{"type":"Polygon","coordinates":[[[-122.26538872869685,37.53275357170765],[-122.26538872869685,37.52318150692386],[-122.25404497659599,37.52664035695375],[-122.25404497659599,37.53621273014118],[-122.26538872869685,37.53275357170765]]]}},{"type":"Feature","properties":{"state":"California","county":"San Mateo","s2_cell":"9263790891745673216","waymo_ro_miles":1579.8420158674835,"incremental_miles":1579.842,"vintage_end":"202603","exposure_phase":"deployment"},"geometry":{"type":"Polygon","coordinates":[[[-122.25404497659599,37.53621273014118],[-122.25404497659599,37.52664035695375],[-122.24270001793133,37.530098169076695],[-122.24270001793133,37.53967085043573],[-122.25404497659599,37.53621273014118]]]}},{"type":"Feature","properties":{"state":"California","county":"San Mateo","s2_cell":"9263790926105411584","waymo_ro_miles":492.6775077325859,"incremental_miles":330.919,"vintage_end":"202603","exposure_phase":"deployment"},"geometry":{"type":"Polygon","coordinates":[[[-122.25404497659599,37.545783856832855],[-122.25404497659599,37.53621273014118],[-122.24270001793133,37.53967085043573],[-122.24270001793133,37.54924228487285],[-122.25404497659599,37.545783856832855]]]}},{"type":"Feature","properties":{"state":"California","county":"San Mateo","s2_cell":"9263790994824888320","waymo_ro_miles":2320.1343220829485,"incremental_miles":1172.451,"vintage_end":"202603","exposure_phase":"deployment"},"geometry":{"type":"Polygon","coordinates":[[[-122.26538872869685,37.55189396254646],[-122.26538872869685,37.54232439042195],[-122.25404497659599,37.545783856832855],[-122.25404497659599,37.55535373650854],[-122.26538872869685,37.55189396254646]]]}},{"type":"Feature","properties":{"state":"California","county":"San Mateo","s2_cell":"9263791097904103424","waymo_ro_miles":308.1564273882865,"incremental_miles":197.458,"vintage_end":"202603","exposure_phase":"deployment"},"geometry":{"type":"Polygon","coordinates":[[[-122.24270001793133,37.54924228487285],[-122.24270001793133,37.53967085043573],[-122.23135385375079,37.54312793200931],[-122.23135385375079,37.55269967396],[-122.24270001793133,37.54924228487285]]]}},{"type":"Feature","properties":{"state":"California","county":"San Mateo","s2_cell":"9263791338422272000","waymo_ro_miles":244.73311786578745,"incremental_miles":149.439,"vintage_end":"202603","exposure_phase":"deployment"},"geometry":{"type":"Polygon","coordinates":[[[-122.25404497659599,37.564922368648574],[-122.25404497659599,37.55535373650854],[-122.24270001793133,37.5588124718679],[-122.24270001793133,37.568381410901324],[-122.25404497659599,37.564922368648574]]]}},{"type":"Feature","properties":{"state":"California","county":"San Mateo","s2_cell":"9263791372782010368","waymo_ro_miles":1174.0248297065418,"incremental_miles":670.612,"vintage_end":"202603","exposure_phase":"deployment"},"geometry":{"type":"Polygon","coordinates":[[[-122.26538872869685,37.56146228756136],[-122.26538872869685,37.55189396254646],[-122.25404497659599,37.55535373650854],[-122.25404497659599,37.564922368648574],[-122.26538872869685,37.56146228756136]]]}},{"type":"Feature","properties":{"state":"California","county":"San Mateo","s2_cell":"9263791407141748736","waymo_ro_miles":620.6821587786301,"incremental_miles":240.784,"vintage_end":"202603","exposure_phase":"deployment"},"geometry":{"type":"Polygon","coordinates":[[[-122.26538872869685,37.57102936494745],[-122.26538872869685,37.56146228756136],[-122.25404497659599,37.564922368648574],[-122.25404497659599,37.57448975273378],[-122.26538872869685,37.57102936494745]]]}},{"type":"Feature","properties":{"state":"California","county":"San Mateo","s2_cell":"9263791441501487104","waymo_ro_miles":49.81522238063935,"incremental_miles":31.212,"vintage_end":"202603","exposure_phase":"deployment"},"geometry":{"type":"Polygon","coordinates":[[[-122.25404497659599,37.57448975273378],[-122.25404497659599,37.564922368648574],[-122.24270001793133,37.568381410901324],[-122.24270001793133,37.577949101454074],[-122.25404497659599,37.57448975273378]]]}},{"type":"Feature","properties":{"state":"California","county":"San Mateo","s2_cell":"9263796183145381888","waymo_ro_miles":20040.560957248486,"incremental_miles":11395.228,"vintage_end":"202603","exposure_phase":"deployment"},"geometry":{"type":"Polygon","coordinates":[[[-122.35609518371197,37.59111332200459],[-122.35609518371197,37.58155493542543],[-122.34476112175363,37.585024844711164],[-122.34476112175363,37.59458353771206],[-122.35609518371197,37.59111332200459]]]}},{"type":"Feature","properties":{"state":"California","county":"San Mateo","s2_cell":"9263796423663550464","waymo_ro_miles":13270.175585710384,"incremental_miles":8334.907,"vintage_end":"202603","exposure_phase":"deployment"},"geometry":{"type":"Polygon","coordinates":[[[-122.33342584487609,37.58849371866859],[-122.33342584487609,37.578933471815574],[-122.32208935412102,37.58240100347599],[-122.32208935412102,37.591961556713706],[-122.33342584487609,37.58849371866859]]]}},{"type":"Feature","properties":{"state":"California","county":"San Mateo","s2_cell":"9263796492383027200","waymo_ro_miles":6957.11359257306,"incremental_miles":4543.269,"vintage_end":"202603","exposure_phase":"deployment"},"geometry":{"type":"Polygon","coordinates":[[[-122.32208935412102,37.58240100347599],[-122.32208935412102,37.57283920266724],[-122.31075165053088,37.57630539148401],[-122.31075165053088,37.58586749887199],[-122.32208935412102,37.58240100347599]]]}},{"type":"Feature","properties":{"state":"California","county":"San Mateo","s2_cell":"9263796526742765568","waymo_ro_miles":9338.562941674185,"incremental_miles":5317.801,"vintage_end":"202603","exposure_phase":"deployment"},"geometry":{"type":"Polygon","coordinates":[[[-122.33342584487609,37.578933471815574],[-122.33342584487609,37.56937197781777],[-122.32208935412102,37.57283920266724],[-122.32208935412102,37.58240100347599],[-122.33342584487609,37.578933471815574]]]}},{"type":"Feature","properties":{"state":"California","county":"San Mateo","s2_cell":"9263796561102503936","waymo_ro_miles":52995.96427681109,"incremental_miles":19399.783,"vintage_end":"202603","exposure_phase":"deployment"},"geometry":{"type":"Polygon","coordinates":[[[-122.34476112175363,37.57546490447451],[-122.34476112175363,37.5659037175194],[-122.33342584487609,37.56937197781777],[-122.33342584487609,37.578933471815574],[-122.34476112175363,37.57546490447451]]]}},{"type":"Feature","properties":{"state":"California","county":"San Mateo","s2_cell":"9263796595462242304","waymo_ro_miles":16491.630162002533,"incremental_miles":8700.074,"vintage_end":"202603","exposure_phase":"deployment"},"geometry":{"type":"Polygon","coordinates":[[[-122.34476112175363,37.585024844711164],[-122.34476112175363,37.57546490447451],[-122.33342584487609,37.578933471815574],[-122.33342584487609,37.58849371866859],[-122.34476112175363,37.585024844711164]]]}},{"type":"Feature","properties":{"state":"California","county":"San Mateo","s2_cell":"9263796629821980672","waymo_ro_miles":53378.55477686949,"incremental_miles":17710.72,"vintage_end":"202603","exposure_phase":"deployment"},"geometry":{"type":"Polygon","coordinates":[[[-122.35609518371197,37.58155493542543],[-122.35609518371197,37.571995302036854],[-122.34476112175363,37.57546490447451],[-122.34476112175363,37.585024844711164],[-122.35609518371197,37.58155493542543]]]}},{"type":"Feature","properties":{"state":"California","county":"San Mateo","s2_cell":"9263796664181719040","waymo_ro_miles":6078.1716803553445,"incremental_miles":2258.683,"vintage_end":"202603","exposure_phase":"deployment"},"geometry":{"type":"Polygon","coordinates":[[[-122.35609518371197,37.571995302036854],[-122.35609518371197,37.56243442235627],[-122.34476112175363,37.5659037175194],[-122.34476112175363,37.57546490447451],[-122.35609518371197,37.571995302036854]]]}},{"type":"Feature","properties":{"state":"California","county":"San Mateo","s2_cell":"9263796698541457408","waymo_ro_miles":1910.1831695364212,"incremental_miles":1098.507,"vintage_end":"202603","exposure_phase":"deployment"},"geometry":{"type":"Polygon","coordinates":[[[-122.35609518371197,37.56243442235627],[-122.35609518371197,37.55287229690159],[-122.34476112175363,37.55634128436365],[-122.34476112175363,37.5659037175194],[-122.35609518371197,37.56243442235627]]]}},{"type":"Feature","properties":{"state":"California","county":"San Mateo","s2_cell":"9263796732901195776","waymo_ro_miles":3522.8941236688147,"incremental_miles":1607.202,"vintage_end":"202603","exposure_phase":"deployment"},"geometry":{"type":"Polygon","coordinates":[[[-122.34476112175363,37.5659037175194],[-122.34476112175363,37.55634128436365],[-122.33342584487609,37.55980923719288],[-122.33342584487609,37.56937197781777],[-122.34476112175363,37.5659037175194]]]}},{"type":"Feature","properties":{"state":"California","county":"San Mateo","s2_cell":"9263796767260934144","waymo_ro_miles":2223.637462068923,"incremental_miles":1223.496,"vintage_end":"202603","exposure_phase":"deployment"},"geometry":{"type":"Polygon","coordinates":[[[-122.34476112175363,37.55634128436365],[-122.34476112175363,37.54677760552564],[-122.33342584487609,37.550245250459206],[-122.33342584487609,37.55980923719288],[-122.34476112175363,37.55634128436365]]]}},{"type":"Feature","properties":{"state":"California","county":"San Mateo","s2_cell":"9263796801620672512","waymo_ro_miles":1066.1402092383146,"incremental_miles":579.626,"vintage_end":"202603","exposure_phase":"deployment"},"geometry":{"type":"Polygon","coordinates":[[[-122.35609518371197,37.55287229690159],[-122.35609518371197,37.5433089261913],[-122.34476112175363,37.54677760552564],[-122.34476112175363,37.55634128436365],[-122.35609518371197,37.55287229690159]]]}},{"type":"Feature","properties":{"state":"California","county":"San Mateo","s2_cell":"9263796835980410880","waymo_ro_miles":1689.0363009879454,"incremental_miles":814.34,"vintage_end":"202603","exposure_phase":"deployment"},"geometry":{"type":"Polygon","coordinates":[[[-122.35609518371197,37.5433089261913],[-122.35609518371197,37.533744310744375],[-122.34476112175363,37.537212681524245],[-122.34476112175363,37.54677760552564],[-122.35609518371197,37.5433089261913]]]}},{"type":"Feature","properties":{"state":"California","county":"San Mateo","s2_cell":"9263796870340149248","waymo_ro_miles":2379.9906521308894,"incremental_miles":918.735,"vintage_end":"202603","exposure_phase":"deployment"},"geometry":{"type":"Polygon","coordinates":[[[-122.35609518371197,37.533744310744375],[-122.35609518371197,37.52417845108034],[-122.34476112175363,37.527646512878896],[-122.34476112175363,37.537212681524245],[-122.35609518371197,37.533744310744375]]]}},{"type":"Feature","properties":{"state":"California","county":"San Mateo","s2_cell":"9263796939059625984","waymo_ro_miles":646.3905984665129,"incremental_miles":358.931,"vintage_end":"202603","exposure_phase":"deployment"},"geometry":{"type":"Polygon","coordinates":[[[-122.34476112175363,37.54677760552564],[-122.34476112175363,37.537212681524245],[-122.33342584487609,37.54068001813551],[-122.33342584487609,37.550245250459206],[-122.34476112175363,37.54677760552564]]]}},{"type":"Feature","properties":{"state":"California","county":"San Mateo","s2_cell":"9263797007779102720","waymo_ro_miles":1076.003833863922,"incremental_miles":630.821,"vintage_end":"202603","exposure_phase":"deployment"},"geometry":{"type":"Polygon","coordinates":[[[-122.33342584487609,37.54068001813551],[-122.33342584487609,37.53111354074111],[-122.32208935412102,37.53457953408259],[-122.32208935412102,37.54414631999383],[-122.33342584487609,37.54068001813551]]]}},{"type":"Feature","properties":{"state":"California","county":"San Mateo","s2_cell":"9263797042138841088","waymo_ro_miles":1877.1940808739791,"incremental_miles":1123.118,"vintage_end":"202603","exposure_phase":"deployment"},"geometry":{"type":"Polygon","coordinates":[[[-122.32208935412102,37.54414631999383],[-122.32208935412102,37.53457953408259],[-122.31075165053088,37.538044492319216],[-122.31075165053088,37.54761158651517],[-122.32208935412102,37.54414631999383]]]}},{"type":"Feature","properties":{"state":"California","county":"San Mateo","s2_cell":"9263797076498579456","waymo_ro_miles":39527.45465283698,"incremental_miles":15166.688,"vintage_end":"202603","exposure_phase":"deployment"},"geometry":{"type":"Polygon","coordinates":[[[-122.32208935412102,37.55371186040773],[-122.32208935412102,37.54414631999383],[-122.31075165053088,37.54761158651517],[-122.31075165053088,37.55717743478728],[-122.32208935412102,37.55371186040773]]]}},{"type":"Feature","properties":{"state":"California","county":"San Mateo","s2_cell":"9263797110858317824","waymo_ro_miles":29936.291389602753,"incremental_miles":11743.741,"vintage_end":"202603","exposure_phase":"deployment"},"geometry":{"type":"Polygon","coordinates":[[[-122.32208935412102,37.5632761548051],[-122.32208935412102,37.55371186040773],[-122.31075165053088,37.55717743478728],[-122.31075165053088,37.56674203661642],[-122.32208935412102,37.5632761548051]]]}},{"type":"Feature","properties":{"state":"California","county":"San Mateo","s2_cell":"9263797145218056192","waymo_ro_miles":20393.72565987318,"incremental_miles":8248.749,"vintage_end":"202603","exposure_phase":"deployment"},"geometry":{"type":"Polygon","coordinates":[[[-122.33342584487609,37.55980923719288],[-122.33342584487609,37.550245250459206],[-122.32208935412102,37.55371186040773],[-122.32208935412102,37.5632761548051],[-122.33342584487609,37.55980923719288]]]}},{"type":"Feature","properties":{"state":"California","county":"San Mateo","s2_cell":"9263797179577794560","waymo_ro_miles":49746.07582787143,"incremental_miles":19203.604,"vintage_end":"202603","exposure_phase":"deployment"},"geometry":{"type":"Polygon","coordinates":[[[-122.33342584487609,37.56937197781777],[-122.33342584487609,37.55980923719288],[-122.32208935412102,37.5632761548051],[-122.32208935412102,37.57283920266724],[-122.33342584487609,37.56937197781777]]]}},{"type":"Feature","properties":{"state":"California","county":"San Mateo","s2_cell":"9263797213937532928","waymo_ro_miles":13899.413181922504,"incremental_miles":8378.088,"vintage_end":"202603","exposure_phase":"deployment"},"geometry":{"type":"Polygon","coordinates":[[[-122.32208935412102,37.57283920266724],[-122.32208935412102,37.5632761548051],[-122.31075165053088,37.56674203661642],[-122.31075165053088,37.57630539148401],[-122.32208935412102,37.57283920266724]]]}},{"type":"Feature","properties":{"state":"California","county":"San Mateo","s2_cell":"9263797282657009664","waymo_ro_miles":10935.461675647264,"incremental_miles":7186.729,"vintage_end":"202603","exposure_phase":"deployment"},"geometry":{"type":"Polygon","coordinates":[[[-122.31075165053088,37.56674203661642],[-122.31075165053088,37.55717743478728],[-122.29941273514898,37.56064197301418],[-122.29941273514898,37.57020688204325],[-122.31075165053088,37.56674203661642]]]}},{"type":"Feature","properties":{"state":"California","county":"San Mateo","s2_cell":"9263797317016748032","waymo_ro_miles":2303.9629165210945,"incremental_miles":1028.156,"vintage_end":"202603","exposure_phase":"deployment"},"geometry":{"type":"Polygon","coordinates":[[[-122.29941273514898,37.57020688204325],[-122.29941273514898,37.56064197301418],[-122.28807260901931,37.56410547450512],[-122.28807260901931,37.57367069050236],[-122.29941273514898,37.57020688204325]]]}},{"type":"Feature","properties":{"state":"California","county":"San Mateo","s2_cell":"9263797351376486400","waymo_ro_miles":694.935234272909,"incremental_miles":319.329,"vintage_end":"202603","exposure_phase":"deployment"},"geometry":{"type":"Polygon","coordinates":[[[-122.29941273514898,37.57977054368457],[-122.29941273514898,37.57020688204325],[-122.28807260901931,37.57367069050236],[-122.28807260901931,37.58323465868573],[-122.29941273514898,37.57977054368457]]]}},{"type":"Feature","properties":{"state":"California","county":"San Mateo","s2_cell":"9263797454455701504","waymo_ro_miles":508.32364337199806,"incremental_miles":300.326,"vintage_end":"202603","exposure_phase":"deployment"},"geometry":{"type":"Polygon","coordinates":[[[-122.27673127318675,37.577133461410796],[-122.27673127318675,37.56756793867711],[-122.26538872869685,37.57102936494745],[-122.26538872869685,37.58059519418597],[-122.27673127318675,37.577133461410796]]]}},{"type":"Feature","properties":{"state":"California","county":"San Mateo","s2_cell":"9263797488815439872","waymo_ro_miles":2576.623229362606,"incremental_miles":1207.006,"vintage_end":"202603","exposure_phase":"deployment"},"geometry":{"type":"Polygon","coordinates":[[[-122.28807260901931,37.57367069050236],[-122.28807260901931,37.56410547450512],[-122.27673127318675,37.56756793867711],[-122.27673127318675,37.577133461410796],[-122.28807260901931,37.57367069050236]]]}},{"type":"Feature","properties":{"state":"California","county":"San Mateo","s2_cell":"9263797523175178240","waymo_ro_miles":3719.2170711387794,"incremental_miles":2053.541,"vintage_end":"202603","exposure_phase":"deployment"},"geometry":{"type":"Polygon","coordinates":[[[-122.28807260901931,37.56410547450512],[-122.28807260901931,37.554539011212405],[-122.27673127318675,37.558001168221836],[-122.27673127318675,37.56756793867711],[-122.28807260901931,37.56410547450512]]]}},{"type":"Feature","properties":{"state":"California","county":"San Mateo","s2_cell":"9263797557534916608","waymo_ro_miles":2913.6013305292613,"incremental_miles":1496.79,"vintage_end":"202603","exposure_phase":"deployment"},"geometry":{"type":"Polygon","coordinates":[[[-122.27673127318675,37.56756793867711],[-122.27673127318675,37.558001168221836],[-122.26538872869685,37.56146228756136],[-122.26538872869685,37.57102936494745],[-122.27673127318675,37.56756793867711]]]}},{"type":"Feature","properties":{"state":"California","county":"San Mateo","s2_cell":"9263797591894654976","waymo_ro_miles":5196.934157712477,"incremental_miles":2629.835,"vintage_end":"202603","exposure_phase":"deployment"},"geometry":{"type":"Polygon","coordinates":[[[-122.27673127318675,37.558001168221836],[-122.27673127318675,37.54843315056381],[-122.26538872869685,37.55189396254646],[-122.26538872869685,37.56146228756136],[-122.27673127318675,37.558001168221836]]]}},{"type":"Feature","properties":{"state":"California","county":"San Mateo","s2_cell":"9263797626254393344","waymo_ro_miles":11946.716204608021,"incremental_miles":5811.104,"vintage_end":"202603","exposure_phase":"deployment"},"geometry":{"type":"Polygon","coordinates":[[[-122.28807260901931,37.554539011212405],[-122.28807260901931,37.54497130114313],[-122.27673127318675,37.54843315056381],[-122.27673127318675,37.558001168221836],[-122.28807260901931,37.554539011212405]]]}},{"type":"Feature","properties":{"state":"California","county":"San Mateo","s2_cell":"9263797660614131712","waymo_ro_miles":10815.772623860566,"incremental_miles":7307.523,"vintage_end":"202603","exposure_phase":"deployment"},"geometry":{"type":"Polygon","coordinates":[[[-122.29941273514898,37.55107581711582],[-122.29941273514898,37.54150841486722],[-122.28807260901931,37.54497130114313],[-122.28807260901931,37.554539011212405],[-122.29941273514898,37.55107581711582]]]}},{"type":"Feature","properties":{"state":"California","county":"San Mateo","s2_cell":"9263797694973870080","waymo_ro_miles":10583.808395086438,"incremental_miles":6601.719,"vintage_end":"202603","exposure_phase":"deployment"},"geometry":{"type":"Polygon","coordinates":[[[-122.29941273514898,37.56064197301418],[-122.29941273514898,37.55107581711582],[-122.28807260901931,37.554539011212405],[-122.28807260901931,37.56410547450512],[-122.29941273514898,37.56064197301418]]]}},{"type":"Feature","properties":{"state":"California","county":"San Mateo","s2_cell":"9263797729333608448","waymo_ro_miles":15632.56019053624,"incremental_miles":7864.989,"vintage_end":"202603","exposure_phase":"deployment"},"geometry":{"type":"Polygon","coordinates":[[[-122.31075165053088,37.55717743478728],[-122.31075165053088,37.54761158651517],[-122.29941273514898,37.55107581711582],[-122.29941273514898,37.56064197301418],[-122.31075165053088,37.55717743478728]]]}},{"type":"Feature","properties":{"state":"California","county":"San Mateo","s2_cell":"9263797763693346816","waymo_ro_miles":49156.851860157745,"incremental_miles":19148.801,"vintage_end":"202603","exposure_phase":"deployment"},"geometry":{"type":"Polygon","coordinates":[[[-122.31075165053088,37.54761158651517],[-122.31075165053088,37.538044492319216],[-122.29941273514898,37.54150841486722],[-122.29941273514898,37.55107581711582],[-122.31075165053088,37.54761158651517]]]}},{"type":"Feature","properties":{"state":"California","county":"San Mateo","s2_cell":"9263797798053085184","waymo_ro_miles":18393.3188383394,"incremental_miles":7870.42,"vintage_end":"202603","exposure_phase":"deployment"},"geometry":{"type":"Polygon","coordinates":[[[-122.31075165053088,37.538044492319216],[-122.31075165053088,37.52847615271908],[-122.29941273514898,37.53193976678791],[-122.29941273514898,37.54150841486722],[-122.31075165053088,37.538044492319216]]]}},{"type":"Feature","properties":{"state":"California","county":"San Mateo","s2_cell":"9263797832412823552","waymo_ro_miles":3106.6889868145036,"incremental_miles":1414.461,"vintage_end":"202603","exposure_phase":"deployment"},"geometry":{"type":"Polygon","coordinates":[[[-122.31075165053088,37.52847615271908],[-122.31075165053088,37.518906568234925],[-122.29941273514898,37.52236987339798],[-122.29941273514898,37.53193976678791],[-122.31075165053088,37.52847615271908]]]}},{"type":"Feature","properties":{"state":"California","county":"San Mateo","s2_cell":"9263797866772561920","waymo_ro_miles":34447.97860723201,"incremental_miles":13265.612,"vintage_end":"202603","exposure_phase":"deployment"},"geometry":{"type":"Polygon","coordinates":[[[-122.29941273514898,37.53193976678791],[-122.29941273514898,37.52236987339798],[-122.28807260901931,37.52583214275325],[-122.28807260901931,37.535402344816745],[-122.29941273514898,37.53193976678791]]]}},{"type":"Feature","properties":{"state":"California","county":"San Mateo","s2_cell":"9263797901132300288","waymo_ro_miles":47525.93289231363,"incremental_miles":19796.488,"vintage_end":"202603","exposure_phase":"deployment"},"geometry":{"type":"Polygon","coordinates":[[[-122.29941273514898,37.54150841486722],[-122.29941273514898,37.53193976678791],[-122.28807260901931,37.535402344816745],[-122.28807260901931,37.54497130114313],[-122.29941273514898,37.54150841486722]]]}},{"type":"Feature","properties":{"state":"California","county":"San Mateo","s2_cell":"9263797969851777024","waymo_ro_miles":5013.874209773798,"incremental_miles":2330.678,"vintage_end":"202603","exposure_phase":"deployment"},"geometry":{"type":"Polygon","coordinates":[[[-122.27673127318675,37.54843315056381],[-122.27673127318675,37.538863886222394],[-122.26538872869685,37.54232439042195],[-122.26538872869685,37.55189396254646],[-122.27673127318675,37.54843315056381]]]}},{"type":"Feature","properties":{"state":"California","county":"San Mateo","s2_cell":"9263798004211515392","waymo_ro_miles":4012.8274162205553,"incremental_miles":2479.41,"vintage_end":"202603","exposure_phase":"deployment"},"geometry":{"type":"Polygon","coordinates":[[[-122.27673127318675,37.538863886222394],[-122.27673127318675,37.52929337571745],[-122.26538872869685,37.53275357170765],[-122.26538872869685,37.54232439042195],[-122.27673127318675,37.538863886222394]]]}},{"type":"Feature","properties":{"state":"California","county":"San Mateo","s2_cell":"9263798038571253760","waymo_ro_miles":29753.58450255883,"incremental_miles":13561.964,"vintage_end":"202603","exposure_phase":"deployment"},"geometry":{"type":"Polygon","coordinates":[[[-122.28807260901931,37.535402344816745],[-122.28807260901931,37.52583214275325],[-122.27673127318675,37.52929337571745],[-122.27673127318675,37.538863886222394],[-122.28807260901931,37.535402344816745]]]}},{"type":"Feature","properties":{"state":"California","county":"San Mateo","s2_cell":"9263798072930992128","waymo_ro_miles":43641.31507753566,"incremental_miles":17235.472,"vintage_end":"202603","exposure_phase":"deployment"},"geometry":{"type":"Polygon","coordinates":[[[-122.28807260901931,37.52583214275325],[-122.28807260901931,37.516260695473136],[-122.27673127318675,37.51972161956942],[-122.27673127318675,37.52929337571745],[-122.28807260901931,37.52583214275325]]]}},{"type":"Feature","properties":{"state":"California","county":"San Mateo","s2_cell":"9263798107290730496","waymo_ro_miles":20124.419404039018,"incremental_miles":11447.96,"vintage_end":"202603","exposure_phase":"deployment"},"geometry":{"type":"Polygon","coordinates":[[[-122.27673127318675,37.52929337571745],[-122.27673127318675,37.51972161956942],[-122.26538872869685,37.52318150692386],[-122.26538872869685,37.53275357170765],[-122.27673127318675,37.52929337571745]]]}},{"type":"Feature","properties":{"state":"California","county":"San Mateo","s2_cell":"9263798141650468864","waymo_ro_miles":51246.66300345057,"incremental_miles":19957.945,"vintage_end":"202603","exposure_phase":"deployment"},"geometry":{"type":"Polygon","coordinates":[[[-122.27673127318675,37.51972161956942],[-122.27673127318675,37.510148618299226],[-122.26538872869685,37.513608196591434],[-122.26538872869685,37.52318150692386],[-122.27673127318675,37.51972161956942]]]}},{"type":"Feature","properties":{"state":"California","county":"San Mateo","s2_cell":"9263798176010207232","waymo_ro_miles":6110.636132566395,"incremental_miles":2622.713,"vintage_end":"202603","exposure_phase":"deployment"},"geometry":{"type":"Polygon","coordinates":[[[-122.28807260901931,37.516260695473136],[-122.28807260901931,37.506688003497466],[-122.27673127318675,37.510148618299226],[-122.27673127318675,37.51972161956942],[-122.28807260901931,37.516260695473136]]]}},{"type":"Feature","properties":{"state":"California","county":"San Mateo","s2_cell":"9263798210369945600","waymo_ro_miles":10859.171638742557,"incremental_miles":3981.533,"vintage_end":"202603","exposure_phase":"deployment"},"geometry":{"type":"Polygon","coordinates":[[[-122.29941273514898,37.51279873521805],[-122.29941273514898,37.503226352769246],[-122.28807260901931,37.506688003497466],[-122.28807260901931,37.516260695473136],[-122.29941273514898,37.51279873521805]]]}},{"type":"Feature","properties":{"state":"California","county":"San Mateo","s2_cell":"9263798244729683968","waymo_ro_miles":4793.612848295353,"incremental_miles":1665.606,"vintage_end":"202603","exposure_phase":"deployment"},"geometry":{"type":"Polygon","coordinates":[[[-122.29941273514898,37.52236987339798],[-122.29941273514898,37.51279873521805],[-122.28807260901931,37.516260695473136],[-122.28807260901931,37.52583214275325],[-122.29941273514898,37.52236987339798]]]}},{"type":"Feature","properties":{"state":"California","county":"San Mateo","s2_cell":"9263798279089422336","waymo_ro_miles":4149.568250808996,"incremental_miles":1797.604,"vintage_end":"202603","exposure_phase":"deployment"},"geometry":{"type":"Polygon","coordinates":[[[-122.31075165053088,37.518906568234925],[-122.31075165053088,37.50933573938748],[-122.29941273514898,37.51279873521805],[-122.29941273514898,37.52236987339798],[-122.31075165053088,37.518906568234925]]]}},{"type":"Feature","properties":{"state":"California","county":"San Mateo","s2_cell":"9263798313449160704","waymo_ro_miles":4364.760113035139,"incremental_miles":1235.405,"vintage_end":"202603","exposure_phase":"deployment"},"geometry":{"type":"Polygon","coordinates":[[[-122.31075165053088,37.50933573938748],[-122.31075165053088,37.499763666697994],[-122.29941273514898,37.503226352769246],[-122.29941273514898,37.51279873521805],[-122.31075165053088,37.50933573938748]]]}},{"type":"Feature","properties":{"state":"California","county":"San Mateo","s2_cell":"9263798416528375808","waymo_ro_miles":2805.196567123306,"incremental_miles":1312.479,"vintage_end":"202603","exposure_phase":"deployment"},"geometry":{"type":"Polygon","coordinates":[[[-122.33342584487609,37.5119768528202],[-122.33342584487609,37.50240664333495],[-122.32208935412102,37.505871708565124],[-122.32208935412102,37.51544222784769],[-122.33342584487609,37.5119768528202]]]}},{"type":"Feature","properties":{"state":"California","county":"San Mateo","s2_cell":"9263798450888114176","waymo_ro_miles":4478.2778727035675,"incremental_miles":1663.369,"vintage_end":"202603","exposure_phase":"deployment"},"geometry":{"type":"Polygon","coordinates":[[[-122.32208935412102,37.51544222784769],[-122.32208935412102,37.505871708565124],[-122.31075165053088,37.50933573938748],[-122.31075165053088,37.518906568234925],[-122.32208935412102,37.51544222784769]]]}},{"type":"Feature","properties":{"state":"California","county":"San Mateo","s2_cell":"9263798519607590912","waymo_ro_miles":1941.0254288903905,"incremental_miles":1136.19,"vintage_end":"202603","exposure_phase":"deployment"},"geometry":{"type":"Polygon","coordinates":[[[-122.32208935412102,37.53457953408259],[-122.32208935412102,37.52501150319379],[-122.31075165053088,37.52847615271908],[-122.31075165053088,37.538044492319216],[-122.32208935412102,37.53457953408259]]]}},{"type":"Feature","properties":{"state":"California","county":"San Mateo","s2_cell":"9263798622686806016","waymo_ro_miles":2805.4989155804446,"incremental_miles":1359.774,"vintage_end":"202603","exposure_phase":"deployment"},"geometry":{"type":"Polygon","coordinates":[[[-122.34476112175363,37.518079100109546],[-122.34476112175363,37.50851044373666],[-122.33342584487609,37.5119768528202],[-122.33342584487609,37.521545818795886],[-122.34476112175363,37.518079100109546]]]}},{"type":"Feature","properties":{"state":"California","county":"San Mateo","s2_cell":"9263798691406282752","waymo_ro_miles":4589.664919782609,"incremental_miles":2468.712,"vintage_end":"202603","exposure_phase":"deployment"},"geometry":{"type":"Polygon","coordinates":[[[-122.35609518371197,37.52417845108034],[-122.35609518371197,37.51461134771923],[-122.34476112175363,37.518079100109546],[-122.34476112175363,37.527646512878896],[-122.35609518371197,37.52417845108034]]]}},{"type":"Feature","properties":{"state":"California","county":"San Mateo","s2_cell":"9263798725766021120","waymo_ro_miles":2521.8671552494684,"incremental_miles":2521.867,"vintage_end":"202603","exposure_phase":"deployment"},"geometry":{"type":"Polygon","coordinates":[[[-122.35609518371197,37.51461134771923],[-122.35609518371197,37.50504300118165],[-122.34476112175363,37.50851044373666],[-122.34476112175363,37.518079100109546],[-122.35609518371197,37.51461134771923]]]}},{"type":"Feature","properties":{"state":"California","county":"San Mateo","s2_cell":"9263798794485497856","waymo_ro_miles":3456.7209739433906,"incremental_miles":3456.721,"vintage_end":"202603","exposure_phase":"deployment"},"geometry":{"type":"Polygon","coordinates":[[[-122.34476112175363,37.50851044373666],[-122.34476112175363,37.49894054428126],[-122.33342584487609,37.50240664333495],[-122.33342584487609,37.5119768528202],[-122.34476112175363,37.50851044373666]]]}},{"type":"Feature","properties":{"state":"California","county":"San Mateo","s2_cell":"9263800031436079104","waymo_ro_miles":3186.0625588601583,"incremental_miles":2036.874,"vintage_end":"202603","exposure_phase":"deployment"},"geometry":{"type":"Polygon","coordinates":[[[-122.29941273514898,37.46492439072699],[-122.29941273514898,37.455345794769684],[-122.28807260901931,37.45880589145952],[-122.28807260901931,37.468384799078706],[-122.29941273514898,37.46492439072699]]]}},{"type":"Feature","properties":{"state":"California","county":"San Mateo","s2_cell":"9263800409393201152","waymo_ro_miles":382.1564826738289,"incremental_miles":204.181,"vintage_end":"202603","exposure_phase":"deployment"},"geometry":{"type":"Polygon","coordinates":[[[-122.27673127318675,37.4622649533863],[-122.27673127318675,37.45268449235284],[-122.26538872869685,37.45614220730989],[-122.26538872869685,37.465722979966586],[-122.27673127318675,37.4622649533863]]]}},{"type":"Feature","properties":{"state":"California","county":"San Mateo","s2_cell":"9263800443752939520","waymo_ro_miles":2703.96438443921,"incremental_miles":2703.964,"vintage_end":"202603","exposure_phase":"deployment"},"geometry":{"type":"Polygon","coordinates":[[[-122.28807260901931,37.45880589145952],[-122.28807260901931,37.449225742282216],[-122.27673127318675,37.45268449235284],[-122.27673127318675,37.4622649533863],[-122.28807260901931,37.45880589145952]]]}},{"type":"Feature","properties":{"state":"California","county":"San Mateo","s2_cell":"9263800512472416256","waymo_ro_miles":452.7479711356448,"incremental_miles":300.22,"vintage_end":"202603","exposure_phase":"deployment"},"geometry":{"type":"Polygon","coordinates":[[[-122.27673127318675,37.47184417243446],[-122.27673127318675,37.4622649533863],[-122.26538872869685,37.465722979966586],[-122.26538872869685,37.47530251021089],[-122.27673127318675,37.47184417243446]]]}},{"type":"Feature","properties":{"state":"California","county":"San Mateo","s2_cell":"9263800546832154624","waymo_ro_miles":698.3113050574445,"incremental_miles":343.875,"vintage_end":"202603","exposure_phase":"deployment"},"geometry":{"type":"Polygon","coordinates":[[[-122.27673127318675,37.48142214897317],[-122.27673127318675,37.47184417243446],[-122.26538872869685,37.47530251021089],[-122.26538872869685,37.48488079751877],[-122.27673127318675,37.48142214897317]]]}},{"type":"Feature","properties":{"state":"California","county":"San Mateo","s2_cell":"9263800581191892992","waymo_ro_miles":1610.0449509177402,"incremental_miles":818.564,"vintage_end":"202603","exposure_phase":"deployment"},"geometry":{"type":"Polygon","coordinates":[[[-122.27673127318675,37.490998882478834],[-122.27673127318675,37.48142214897317],[-122.26538872869685,37.48488079751877],[-122.26538872869685,37.49445784136672],[-122.27673127318675,37.490998882478834]]]}},{"type":"Feature","properties":{"state":"California","county":"San Mateo","s2_cell":"9263800615551631360","waymo_ro_miles":1169.2100325494146,"incremental_miles":543.65,"vintage_end":"202603","exposure_phase":"deployment"},"geometry":{"type":"Polygon","coordinates":[[[-122.28807260901931,37.487538887546286],[-122.28807260901931,37.47796246461553],[-122.27673127318675,37.48142214897317],[-122.27673127318675,37.490998882478834],[-122.28807260901931,37.487538887546286]]]}},{"type":"Feature","properties":{"state":"California","county":"San Mateo","s2_cell":"9263800649911369728","waymo_ro_miles":1099.2793518533574,"incremental_miles":596.713,"vintage_end":"202603","exposure_phase":"deployment"},"geometry":{"type":"Polygon","coordinates":[[[-122.28807260901931,37.47796246461553],[-122.28807260901931,37.468384799078706],[-122.27673127318675,37.47184417243446],[-122.27673127318675,37.48142214897317],[-122.28807260901931,37.47796246461553]]]}},{"type":"Feature","properties":{"state":"California","county":"San Mateo","s2_cell":"9263800684271108096","waymo_ro_miles":3364.8855340223176,"incremental_miles":2210.775,"vintage_end":"202603","exposure_phase":"deployment"},"geometry":{"type":"Polygon","coordinates":[[[-122.29941273514898,37.474501745029144],[-122.29941273514898,37.46492439072699],[-122.28807260901931,37.468384799078706],[-122.28807260901931,37.47796246461553],[-122.29941273514898,37.474501745029144]]]}},{"type":"Feature","properties":{"state":"California","county":"San Mateo","s2_cell":"9263800787350323200","waymo_ro_miles":2583.1083503986238,"incremental_miles":1703.343,"vintage_end":"202603","exposure_phase":"deployment"},"geometry":{"type":"Polygon","coordinates":[[[-122.29941273514898,37.48407785715233],[-122.29941273514898,37.474501745029144],[-122.28807260901931,37.47796246461553],[-122.28807260901931,37.487538887546286],[-122.29941273514898,37.48407785715233]]]}},{"type":"Feature","properties":{"state":"California","county":"San Mateo","s2_cell":"9263800924789276672","waymo_ro_miles":1571.5256406005492,"incremental_miles":523.042,"vintage_end":"202603","exposure_phase":"deployment"},"geometry":{"type":"Polygon","coordinates":[[[-122.29941273514898,37.503226352769246],[-122.29941273514898,37.49365272657327],[-122.28807260901931,37.497114067347816],[-122.28807260901931,37.506688003497466],[-122.29941273514898,37.503226352769246]]]}},{"type":"Feature","properties":{"state":"California","county":"San Mateo","s2_cell":"9263800959149015040","waymo_ro_miles":3861.985065608581,"incremental_miles":1687.419,"vintage_end":"202603","exposure_phase":"deployment"},"geometry":{"type":"Polygon","coordinates":[[[-122.28807260901931,37.506688003497466],[-122.28807260901931,37.497114067347816],[-122.27673127318675,37.50057437242837],[-122.27673127318675,37.510148618299226],[-122.28807260901931,37.506688003497466]]]}},{"type":"Feature","properties":{"state":"California","county":"San Mateo","s2_cell":"9263800993508753408","waymo_ro_miles":401.03536370825384,"incremental_miles":225.703,"vintage_end":"202603","exposure_phase":"deployment"},"geometry":{"type":"Polygon","coordinates":[[[-122.28807260901931,37.497114067347816],[-122.28807260901931,37.487538887546286],[-122.27673127318675,37.490998882478834],[-122.27673127318675,37.50057437242837],[-122.28807260901931,37.497114067347816]]]}},{"type":"Feature","properties":{"state":"California","county":"San Mateo","s2_cell":"9263801027868491776","waymo_ro_miles":3724.0758546227707,"incremental_miles":1778.155,"vintage_end":"202603","exposure_phase":"deployment"},"geometry":{"type":"Polygon","coordinates":[[[-122.27673127318675,37.50057437242837],[-122.27673127318675,37.490998882478834],[-122.26538872869685,37.49445784136672],[-122.26538872869685,37.50403364123175],[-122.27673127318675,37.50057437242837]]]}},{"type":"Feature","properties":{"state":"California","county":"San Mateo","s2_cell":"9263801062228230144","waymo_ro_miles":15332.23644334007,"incremental_miles":5792.567,"vintage_end":"202603","exposure_phase":"deployment"},"geometry":{"type":"Polygon","coordinates":[[[-122.27673127318675,37.510148618299226],[-122.27673127318675,37.50057437242837],[-122.26538872869685,37.50403364123175],[-122.26538872869685,37.513608196591434],[-122.27673127318675,37.510148618299226]]]}},{"type":"Feature","properties":{"state":"California","county":"San Mateo","s2_cell":"9263801096587968512","waymo_ro_miles":47132.394432022455,"incremental_miles":20525.639,"vintage_end":"202603","exposure_phase":"deployment"},"geometry":{"type":"Polygon","coordinates":[[[-122.26538872869685,37.513608196591434],[-122.26538872869685,37.50403364123175],[-122.25404497659599,37.50749187317513],[-122.25404497659599,37.5170667377913],[-122.26538872869685,37.513608196591434]]]}},{"type":"Feature","properties":{"state":"California","county":"San Mateo","s2_cell":"9263801130947706880","waymo_ro_miles":4465.2785183041915,"incremental_miles":3077.683,"vintage_end":"202603","exposure_phase":"deployment"},"geometry":{"type":"Polygon","coordinates":[[[-122.25404497659599,37.5170667377913],[-122.25404497659599,37.50749187317513],[-122.24270001793133,37.510949067675966],[-122.24270001793133,37.52052424131639],[-122.25404497659599,37.5170667377913]]]}},{"type":"Feature","properties":{"state":"California","county":"San Mateo","s2_cell":"9263801165307445248","waymo_ro_miles":32826.0975719556,"incremental_miles":15652.196,"vintage_end":"202603","exposure_phase":"deployment"},"geometry":{"type":"Polygon","coordinates":[[[-122.25404497659599,37.50749187317513],[-122.25404497659599,37.49791576362701],[-122.24270001793133,37.501372648677155],[-122.24270001793133,37.510949067675966],[-122.25404497659599,37.50749187317513]]]}},{"type":"Feature","properties":{"state":"California","county":"San Mateo","s2_cell":"9263801199667183616","waymo_ro_miles":31900.541232233623,"incremental_miles":12788.277,"vintage_end":"202603","exposure_phase":"deployment"},"geometry":{"type":"Polygon","coordinates":[[[-122.26538872869685,37.50403364123175],[-122.26538872869685,37.49445784136672],[-122.25404497659599,37.49791576362701],[-122.25404497659599,37.50749187317513],[-122.26538872869685,37.50403364123175]]]}},{"type":"Feature","properties":{"state":"California","county":"San Mateo","s2_cell":"9263801234026921984","waymo_ro_miles":3609.8503174531534,"incremental_miles":2029.169,"vintage_end":"202603","exposure_phase":"deployment"},"geometry":{"type":"Polygon","coordinates":[[[-122.26538872869685,37.49445784136672],[-122.26538872869685,37.48488079751877],[-122.25404497659599,37.488338409669325],[-122.25404497659599,37.49791576362701],[-122.26538872869685,37.49445784136672]]]}},{"type":"Feature","properties":{"state":"California","county":"San Mateo","s2_cell":"9263801268386660352","waymo_ro_miles":3101.1471094594767,"incremental_miles":1611.139,"vintage_end":"202603","exposure_phase":"deployment"},"geometry":{"type":"Polygon","coordinates":[[[-122.26538872869685,37.48488079751877],[-122.26538872869685,37.47530251021089],[-122.25404497659599,37.478759811824936],[-122.25404497659599,37.488338409669325],[-122.26538872869685,37.48488079751877]]]}},{"type":"Feature","properties":{"state":"California","county":"San Mateo","s2_cell":"9263801302746398720","waymo_ro_miles":4821.559531850787,"incremental_miles":2387.291,"vintage_end":"202603","exposure_phase":"deployment"},"geometry":{"type":"Polygon","coordinates":[[[-122.25404497659599,37.488338409669325],[-122.25404497659599,37.478759811824936],[-122.24270001793133,37.482216076693874],[-122.24270001793133,37.4917949848422],[-122.25404497659599,37.488338409669325]]]}},{"type":"Feature","properties":{"state":"California","county":"San Mateo","s2_cell":"9263801337106137088","waymo_ro_miles":53641.00542587294,"incremental_miles":20996.511,"vintage_end":"202603","exposure_phase":"deployment"},"geometry":{"type":"Polygon","coordinates":[[[-122.25404497659599,37.49791576362701],[-122.25404497659599,37.488338409669325],[-122.24270001793133,37.4917949848422],[-122.24270001793133,37.501372648677155],[-122.25404497659599,37.49791576362701]]]}},{"type":"Feature","properties":{"state":"California","county":"San Mateo","s2_cell":"9263801371465875456","waymo_ro_miles":16846.76456750758,"incremental_miles":10078.371,"vintage_end":"202603","exposure_phase":"deployment"},"geometry":{"type":"Polygon","coordinates":[[[-122.24270001793133,37.501372648677155],[-122.24270001793133,37.4917949848422],[-122.23135385375079,37.49525052245503],[-122.23135385375079,37.504828495934845],[-122.24270001793133,37.501372648677155]]]}},{"type":"Feature","properties":{"state":"California","county":"San Mateo","s2_cell":"9263801405825613824","waymo_ro_miles":58484.15284120053,"incremental_miles":24025.454,"vintage_end":"202603","exposure_phase":"deployment"},"geometry":{"type":"Polygon","coordinates":[[[-122.24270001793133,37.4917949848422],[-122.24270001793133,37.482216076693874],[-122.23135385375079,37.48567130423528],[-122.23135385375079,37.49525052245503],[-122.24270001793133,37.4917949848422]]]}},{"type":"Feature","properties":{"state":"California","county":"San Mateo","s2_cell":"9263801440185352192","waymo_ro_miles":11703.936520605275,"incremental_miles":7842.084,"vintage_end":"202603","exposure_phase":"deployment"},"geometry":{"type":"Polygon","coordinates":[[[-122.23135385375079,37.49525052245503],[-122.23135385375079,37.48567130423528],[-122.22000648510307,37.48912549386707],[-122.22000648510307,37.498705021925794],[-122.23135385375079,37.49525052245503]]]}},{"type":"Feature","properties":{"state":"California","county":"San Mateo","s2_cell":"9263802093020381184","waymo_ro_miles":153.089481375752,"incremental_miles":153.089,"vintage_end":"202603","exposure_phase":"deployment"},"geometry":{"type":"Polygon","coordinates":[[[-122.20865791303765,37.5117370747454],[-122.20865791303765,37.50215848267279],[-122.19730813860478,37.50561090411464],[-122.19730813860478,37.515189805135314],[-122.20865791303765,37.5117370747454]]]}},{"type":"Feature","properties":{"state":"California","county":"San Mateo","s2_cell":"9263802161739857920","waymo_ro_miles":3070.9034636264305,"incremental_miles":2209.226,"vintage_end":"202603","exposure_phase":"deployment"},"geometry":{"type":"Polygon","coordinates":[[[-122.22000648510307,37.498705021925794],[-122.22000648510307,37.48912549386707],[-122.20865791303765,37.49257864500747],[-122.20865791303765,37.50215848267279],[-122.22000648510307,37.498705021925794]]]}},{"type":"Feature","properties":{"state":"California","county":"San Mateo","s2_cell":"9263802196099596288","waymo_ro_miles":9633.815473898434,"incremental_miles":6777.399,"vintage_end":"202603","exposure_phase":"deployment"},"geometry":{"type":"Polygon","coordinates":[[[-122.22000648510307,37.48912549386707],[-122.22000648510307,37.47954472116509],[-122.20865791303765,37.48299756227245],[-122.20865791303765,37.49257864500747],[-122.22000648510307,37.48912549386707]]]}},{"type":"Feature","properties":{"state":"California","county":"San Mateo","s2_cell":"9263802230459334656","waymo_ro_miles":33481.16107305772,"incremental_miles":13697.385,"vintage_end":"202603","exposure_phase":"deployment"},"geometry":{"type":"Polygon","coordinates":[[[-122.22000648510307,37.47954472116509],[-122.22000648510307,37.46996270434349],[-122.20865791303765,37.47341523499128],[-122.20865791303765,37.48299756227245],[-122.22000648510307,37.47954472116509]]]}},{"type":"Feature","properties":{"state":"California","county":"San Mateo","s2_cell":"9263802264819073024","waymo_ro_miles":4584.85449932388,"incremental_miles":2933.351,"vintage_end":"202603","exposure_phase":"deployment"},"geometry":{"type":"Polygon","coordinates":[[[-122.20865791303765,37.48299756227245],[-122.20865791303765,37.47341523499128],[-122.19730813860478,37.476866727031165],[-122.19730813860478,37.48644936453939],[-122.20865791303765,37.48299756227245]]]}},{"type":"Feature","properties":{"state":"California","county":"San Mateo","s2_cell":"9263802299178811392","waymo_ro_miles":8600.97229030299,"incremental_miles":6025.902,"vintage_end":"202603","exposure_phase":"deployment"},"geometry":{"type":"Polygon","coordinates":[[[-122.20865791303765,37.49257864500747],[-122.20865791303765,37.48299756227245],[-122.19730813860478,37.48644936453939],[-122.19730813860478,37.49603075707503],[-122.20865791303765,37.49257864500747]]]}},{"type":"Feature","properties":{"state":"California","county":"San Mateo","s2_cell":"9263802402258026496","waymo_ro_miles":9399.426854303198,"incremental_miles":6514.977,"vintage_end":"202603","exposure_phase":"deployment"},"geometry":{"type":"Polygon","coordinates":[[[-122.18595716285552,37.489900127384715],[-122.18595716285552,37.4803171798819],[-122.17460498684162,37.483766592962525],[-122.17460498684162,37.493349850227546],[-122.18595716285552,37.489900127384715]]]}},{"type":"Feature","properties":{"state":"California","county":"San Mateo","s2_cell":"9263802436617764864","waymo_ro_miles":9700.895779710041,"incremental_miles":6665.798,"vintage_end":"202603","exposure_phase":"deployment"},"geometry":{"type":"Polygon","coordinates":[[[-122.19730813860478,37.48644936453939],[-122.19730813860478,37.476866727031165],[-122.18595716285552,37.4803171798819],[-122.18595716285552,37.489900127384715],[-122.19730813860478,37.48644936453939]]]}},{"type":"Feature","properties":{"state":"California","county":"San Mateo","s2_cell":"9263802470977503232","waymo_ro_miles":11687.94161070875,"incremental_miles":5562.497,"vintage_end":"202603","exposure_phase":"deployment"},"geometry":{"type":"Polygon","coordinates":[[[-122.19730813860478,37.476866727031165],[-122.19730813860478,37.46728284507434],[-122.18595716285552,37.470732987504064],[-122.18595716285552,37.4803171798819],[-122.19730813860478,37.476866727031165]]]}},{"type":"Feature","properties":{"state":"California","county":"San Mateo","s2_cell":"9263802505337241600","waymo_ro_miles":11182.416931244648,"incremental_miles":6496.375,"vintage_end":"202603","exposure_phase":"deployment"},"geometry":{"type":"Polygon","coordinates":[[[-122.18595716285552,37.4803171798819],[-122.18595716285552,37.470732987504064],[-122.17460498684162,37.47418209039618],[-122.17460498684162,37.483766592962525],[-122.18595716285552,37.4803171798819]]]}},{"type":"Feature","properties":{"state":"California","county":"San Mateo","s2_cell":"9263802539696979968","waymo_ro_miles":3561.259540211403,"incremental_miles":1767.926,"vintage_end":"202603","exposure_phase":"deployment"},"geometry":{"type":"Polygon","coordinates":[[[-122.18595716285552,37.470732987504064],[-122.18595716285552,37.46114755077561],[-122.17460498684162,37.464596343052804],[-122.17460498684162,37.47418209039618],[-122.18595716285552,37.470732987504064]]]}},{"type":"Feature","properties":{"state":"California","county":"San Mateo","s2_cell":"9263802574056718336","waymo_ro_miles":28346.15532616952,"incremental_miles":12370.042,"vintage_end":"202603","exposure_phase":"deployment"},"geometry":{"type":"Polygon","coordinates":[[[-122.19730813860478,37.46728284507434],[-122.19730813860478,37.45769771919341],[-122.18595716285552,37.46114755077561],[-122.18595716285552,37.470732987504064],[-122.19730813860478,37.46728284507434]]]}},{"type":"Feature","properties":{"state":"California","county":"San Mateo","s2_cell":"9263802608416456704","waymo_ro_miles":49274.638570763644,"incremental_miles":21206.669,"vintage_end":"202603","exposure_phase":"deployment"},"geometry":{"type":"Polygon","coordinates":[[[-122.20865791303765,37.46383166368802],[-122.20865791303765,37.45424684888729],[-122.19730813860478,37.45769771919341],[-122.19730813860478,37.46728284507434],[-122.20865791303765,37.46383166368802]]]}},{"type":"Feature","properties":{"state":"California","county":"San Mateo","s2_cell":"9263802642776195072","waymo_ro_miles":28963.974949810636,"incremental_miles":12699.065,"vintage_end":"202603","exposure_phase":"deployment"},"geometry":{"type":"Polygon","coordinates":[[[-122.20865791303765,37.47341523499128],[-122.20865791303765,37.46383166368802],[-122.19730813860478,37.46728284507434],[-122.19730813860478,37.476866727031165],[-122.20865791303765,37.47341523499128]]]}},{"type":"Feature","properties":{"state":"California","county":"San Mateo","s2_cell":"9263802677135933440","waymo_ro_miles":44094.94874651456,"incremental_miles":18176.671,"vintage_end":"202603","exposure_phase":"deployment"},"geometry":{"type":"Polygon","coordinates":[[[-122.22000648510307,37.46996270434349],[-122.22000648510307,37.46037944392643],[-122.20865791303765,37.46383166368802],[-122.20865791303765,37.47341523499128],[-122.22000648510307,37.46996270434349]]]}},{"type":"Feature","properties":{"state":"California","county":"San Mateo","s2_cell":"9263802711495671808","waymo_ro_miles":2016.382489309407,"incremental_miles":1250.492,"vintage_end":"202603","exposure_phase":"deployment"},"geometry":{"type":"Polygon","coordinates":[[[-122.22000648510307,37.46037944392643],[-122.22000648510307,37.45079494043864],[-122.20865791303765,37.45424684888729],[-122.20865791303765,37.46383166368802],[-122.22000648510307,37.46037944392643]]]}},{"type":"Feature","properties":{"state":"California","county":"San Mateo","s2_cell":"9263802745855410176","waymo_ro_miles":2923.004190049321,"incremental_miles":1670.277,"vintage_end":"202603","exposure_phase":"deployment"},"geometry":{"type":"Polygon","coordinates":[[[-122.23135385375079,37.456926186371234],[-122.23135385375079,37.4473419944292],[-122.22000648510307,37.45079494043864],[-122.22000648510307,37.46037944392643],[-122.23135385375079,37.456926186371234]]]}},{"type":"Feature","properties":{"state":"California","county":"San Mateo","s2_cell":"9263802780215148544","waymo_ro_miles":1849.2845881848841,"incremental_miles":1003.438,"vintage_end":"202603","exposure_phase":"deployment"},"geometry":{"type":"Polygon","coordinates":[[[-122.24270001793133,37.453471891604416],[-122.24270001793133,37.443888011441004],[-122.23135385375079,37.4473419944292],[-122.23135385375079,37.456926186371234],[-122.24270001793133,37.453471891604416]]]}},{"type":"Feature","properties":{"state":"California","county":"San Mateo","s2_cell":"9263802814574886912","waymo_ro_miles":2210.4631296493553,"incremental_miles":1104.009,"vintage_end":"202603","exposure_phase":"deployment"},"geometry":{"type":"Polygon","coordinates":[[[-122.24270001793133,37.463054529550874],[-122.24270001793133,37.453471891604416],[-122.23135385375079,37.456926186371234],[-122.23135385375079,37.46650913566938],[-122.24270001793133,37.463054529550874]]]}},{"type":"Feature","properties":{"state":"California","county":"San Mateo","s2_cell":"9263802848934625280","waymo_ro_miles":3128.2078588547074,"incremental_miles":1855.347,"vintage_end":"202603","exposure_phase":"deployment"},"geometry":{"type":"Polygon","coordinates":[[[-122.23135385375079,37.46650913566938],[-122.23135385375079,37.456926186371234],[-122.22000648510307,37.46037944392643],[-122.22000648510307,37.46996270434349],[-122.23135385375079,37.46650913566938]]]}},{"type":"Feature","properties":{"state":"California","county":"San Mateo","s2_cell":"9263802883294363648","waymo_ro_miles":36699.329240465,"incremental_miles":15179.944,"vintage_end":"202603","exposure_phase":"deployment"},"geometry":{"type":"Polygon","coordinates":[[[-122.23135385375079,37.476090841798815],[-122.23135385375079,37.46650913566938],[-122.22000648510307,37.46996270434349],[-122.22000648510307,37.47954472116509],[-122.23135385375079,37.476090841798815]]]}},{"type":"Feature","properties":{"state":"California","county":"San Mateo","s2_cell":"9263802917654102016","waymo_ro_miles":49407.37882814749,"incremental_miles":20583.647,"vintage_end":"202603","exposure_phase":"deployment"},"geometry":{"type":"Polygon","coordinates":[[[-122.23135385375079,37.48567130423528],[-122.23135385375079,37.476090841798815],[-122.22000648510307,37.47954472116509],[-122.22000648510307,37.48912549386707],[-122.23135385375079,37.48567130423528]]]}},{"type":"Feature","properties":{"state":"California","county":"San Mateo","s2_cell":"9263802952013840384","waymo_ro_miles":20840.763719539787,"incremental_miles":8930.966,"vintage_end":"202603","exposure_phase":"deployment"},"geometry":{"type":"Polygon","coordinates":[[[-122.24270001793133,37.482216076693874],[-122.24270001793133,37.47263592475548],[-122.23135385375079,37.476090841798815],[-122.23135385375079,37.48567130423528],[-122.24270001793133,37.482216076693874]]]}},{"type":"Feature","properties":{"state":"California","county":"San Mateo","s2_cell":"9263802986373578752","waymo_ro_miles":4775.847476131245,"incremental_miles":2080.767,"vintage_end":"202603","exposure_phase":"deployment"},"geometry":{"type":"Polygon","coordinates":[[[-122.24270001793133,37.47263592475548],[-122.24270001793133,37.463054529550874],[-122.23135385375079,37.46650913566938],[-122.23135385375079,37.476090841798815],[-122.24270001793133,37.47263592475548]]]}},{"type":"Feature","properties":{"state":"California","county":"San Mateo","s2_cell":"9263803020733317120","waymo_ro_miles":6012.756599046973,"incremental_miles":3088.898,"vintage_end":"202603","exposure_phase":"deployment"},"geometry":{"type":"Polygon","coordinates":[[[-122.25404497659599,37.46917997061725],[-122.25404497659599,37.4595988865702],[-122.24270001793133,37.463054529550874],[-122.24270001793133,37.47263592475548],[-122.25404497659599,37.46917997061725]]]}},{"type":"Feature","properties":{"state":"California","county":"San Mateo","s2_cell":"9263803055093055488","waymo_ro_miles":4061.0873300338635,"incremental_miles":2105.028,"vintage_end":"202603","exposure_phase":"deployment"},"geometry":{"type":"Polygon","coordinates":[[[-122.25404497659599,37.478759811824936],[-122.25404497659599,37.46917997061725],[-122.24270001793133,37.47263592475548],[-122.24270001793133,37.482216076693874],[-122.25404497659599,37.478759811824936]]]}},{"type":"Feature","properties":{"state":"California","county":"San Mateo","s2_cell":"9263803089452793856","waymo_ro_miles":1699.3915998912876,"incremental_miles":1044.608,"vintage_end":"202603","exposure_phase":"deployment"},"geometry":{"type":"Polygon","coordinates":[[[-122.26538872869685,37.47530251021089],[-122.26538872869685,37.465722979966586],[-122.25404497659599,37.46917997061725],[-122.25404497659599,37.478759811824936],[-122.26538872869685,37.47530251021089]]]}},{"type":"Feature","properties":{"state":"California","county":"San Mateo","s2_cell":"9263803123812532224","waymo_ro_miles":1384.3365693075104,"incremental_miles":887.653,"vintage_end":"202603","exposure_phase":"deployment"},"geometry":{"type":"Polygon","coordinates":[[[-122.26538872869685,37.465722979966586],[-122.26538872869685,37.45614220730989],[-122.25404497659599,37.4595988865702],[-122.25404497659599,37.46917997061725],[-122.26538872869685,37.465722979966586]]]}},{"type":"Feature","properties":{"state":"California","county":"San Mateo","s2_cell":"9263803158172270592","waymo_ro_miles":1127.8529142042194,"incremental_miles":757.386,"vintage_end":"202603","exposure_phase":"deployment"},"geometry":{"type":"Polygon","coordinates":[[[-122.26538872869685,37.45614220730989],[-122.26538872869685,37.446560192765375],[-122.25404497659599,37.45001656020825],[-122.25404497659599,37.4595988865702],[-122.26538872869685,37.45614220730989]]]}},{"type":"Feature","properties":{"state":"California","county":"San Mateo","s2_cell":"9263803192532008960","waymo_ro_miles":2176.0378351625523,"incremental_miles":1040.621,"vintage_end":"202603","exposure_phase":"deployment"},"geometry":{"type":"Polygon","coordinates":[[[-122.25404497659599,37.4595988865702],[-122.25404497659599,37.45001656020825],[-122.24270001793133,37.453471891604416],[-122.24270001793133,37.463054529550874],[-122.25404497659599,37.4595988865702]]]}},{"type":"Feature","properties":{"state":"California","county":"San Mateo","s2_cell":"9263803261251485696","waymo_ro_miles":3327.3003386710784,"incremental_miles":2151.022,"vintage_end":"202603","exposure_phase":"deployment"},"geometry":{"type":"Polygon","coordinates":[[[-122.26538872869685,37.446560192765375],[-122.26538872869685,37.43697693685814],[-122.25404497659599,37.44043299205642],[-122.25404497659599,37.45001656020825],[-122.26538872869685,37.446560192765375]]]}},{"type":"Feature","properties":{"state":"California","county":"San Mateo","s2_cell":"9263803329970962432","waymo_ro_miles":3077.1056106878295,"incremental_miles":3077.106,"vintage_end":"202603","exposure_phase":"deployment"},"geometry":{"type":"Polygon","coordinates":[[[-122.25404497659599,37.44043299205642],[-122.25404497659599,37.43084818264024],[-122.24270001793133,37.43430288958609],[-122.24270001793133,37.443888011441004],[-122.25404497659599,37.44043299205642]]]}},{"type":"Feature","properties":{"state":"California","county":"San Mateo","s2_cell":"9263803639208607744","waymo_ro_miles":1160.3623258639889,"incremental_miles":728.626,"vintage_end":"202603","exposure_phase":"deployment"},"geometry":{"type":"Polygon","coordinates":[[[-122.23135385375079,37.41858196799576],[-122.23135385375079,37.40899281073686],[-122.22000648510307,37.412444506292914],[-122.22000648510307,37.42203397680592],[-122.23135385375079,37.41858196799576]]]}},{"type":"Feature","properties":{"state":"California","county":"San Mateo","s2_cell":"9263803673568346112","waymo_ro_miles":2730.647467799362,"incremental_miles":2730.647,"vintage_end":"202603","exposure_phase":"deployment"},"geometry":{"type":"Polygon","coordinates":[[[-122.23135385375079,37.42816988471533],[-122.23135385375079,37.41858196799576],[-122.22000648510307,37.42203397680592],[-122.22000648510307,37.43162220635235],[-122.23135385375079,37.42816988471533]]]}},{"type":"Feature","properties":{"state":"California","county":"San Mateo","s2_cell":"9263803707928084480","waymo_ro_miles":171.72013518673248,"incremental_miles":171.72,"vintage_end":"202603","exposure_phase":"deployment"},"geometry":{"type":"Polygon","coordinates":[[[-122.23135385375079,37.43775656036861],[-122.23135385375079,37.42816988471533],[-122.22000648510307,37.43162220635235],[-122.22000648510307,37.44120919440537],[-122.23135385375079,37.43775656036861]]]}},{"type":"Feature","properties":{"state":"California","county":"San Mateo","s2_cell":"9263803776647561216","waymo_ro_miles":954.9163333658703,"incremental_miles":662.499,"vintage_end":"202603","exposure_phase":"deployment"},"geometry":{"type":"Polygon","coordinates":[[[-122.24270001793133,37.443888011441004],[-122.24270001793133,37.43430288958609],[-122.23135385375079,37.43775656036861],[-122.23135385375079,37.4473419944292],[-122.24270001793133,37.443888011441004]]]}},{"type":"Feature","properties":{"state":"California","county":"San Mateo","s2_cell":"9263803811007299584","waymo_ro_miles":3140.392005497361,"incremental_miles":1813.952,"vintage_end":"202603","exposure_phase":"deployment"},"geometry":{"type":"Polygon","coordinates":[[[-122.23135385375079,37.4473419944292],[-122.23135385375079,37.43775656036861],[-122.22000648510307,37.44120919440537],[-122.22000648510307,37.45079494043864],[-122.23135385375079,37.4473419944292]]]}},{"type":"Feature","properties":{"state":"California","county":"San Mateo","s2_cell":"9263803879726776320","waymo_ro_miles":4697.284711895491,"incremental_miles":3116.279,"vintage_end":"202603","exposure_phase":"deployment"},"geometry":{"type":"Polygon","coordinates":[[[-122.22000648510307,37.44120919440537],[-122.22000648510307,37.43162220635235],[-122.20865791303765,37.435073490894524],[-122.20865791303765,37.44466079111424],[-122.22000648510307,37.44120919440537]]]}},{"type":"Feature","properties":{"state":"California","county":"San Mateo","s2_cell":"9263803914086514688","waymo_ro_miles":3856.777674594198,"incremental_miles":2268.208,"vintage_end":"202603","exposure_phase":"deployment"},"geometry":{"type":"Polygon","coordinates":[[[-122.20865791303765,37.44466079111424],[-122.20865791303765,37.435073490894524],[-122.19730813860478,37.438523737759986],[-122.19730813860478,37.44811134991344],[-122.20865791303765,37.44466079111424]]]}},{"type":"Feature","properties":{"state":"California","county":"San Mateo","s2_cell":"9263803982805991424","waymo_ro_miles":47645.16797268037,"incremental_miles":20714.612,"vintage_end":"202603","exposure_phase":"deployment"},"geometry":{"type":"Polygon","coordinates":[[[-122.19730813860478,37.45769771919341],[-122.19730813860478,37.44811134991344],[-122.18595716285552,37.4515608702215],[-122.18595716285552,37.46114755077561],[-122.19730813860478,37.45769771919341]]]}},{"type":"Feature","properties":{"state":"California","county":"San Mateo","s2_cell":"9263804017165729792","waymo_ro_miles":33744.87365749484,"incremental_miles":15032.626,"vintage_end":"202603","exposure_phase":"deployment"},"geometry":{"type":"Polygon","coordinates":[[[-122.18595716285552,37.46114755077561],[-122.18595716285552,37.4515608702215],[-122.17460498684162,37.45500935145727],[-122.17460498684162,37.464596343052804],[-122.18595716285552,37.46114755077561]]]}},{"type":"Feature","properties":{"state":"California","county":"San Mateo","s2_cell":"9263804051525468160","waymo_ro_miles":48412.49684486718,"incremental_miles":20621.742,"vintage_end":"202603","exposure_phase":"deployment"},"geometry":{"type":"Polygon","coordinates":[[[-122.18595716285552,37.4515608702215],[-122.18595716285552,37.4419729463672],[-122.17460498684162,37.445421116134945],[-122.17460498684162,37.45500935145727],[-122.18595716285552,37.4515608702215]]]}},{"type":"Feature","properties":{"state":"California","county":"San Mateo","s2_cell":"9263804085885206528","waymo_ro_miles":4349.9133577136845,"incremental_miles":2741.627,"vintage_end":"202603","exposure_phase":"deployment"},"geometry":{"type":"Polygon","coordinates":[[[-122.19730813860478,37.44811134991344],[-122.19730813860478,37.438523737759986],[-122.18595716285552,37.4419729463672],[-122.18595716285552,37.4515608702215],[-122.19730813860478,37.44811134991344]]]}},{"type":"Feature","properties":{"state":"California","county":"San Mateo","s2_cell":"9263804120244944896","waymo_ro_miles":3207.7649098415286,"incremental_miles":1924.981,"vintage_end":"202603","exposure_phase":"deployment"},"geometry":{"type":"Polygon","coordinates":[[[-122.19730813860478,37.438523737759986],[-122.19730813860478,37.428934883259174],[-122.18595716285552,37.43238377973873],[-122.18595716285552,37.4419729463672],[-122.19730813860478,37.438523737759986]]]}},{"type":"Feature","properties":{"state":"California","county":"San Mateo","s2_cell":"9263804223324160000","waymo_ro_miles":8060.395131575855,"incremental_miles":6162.218,"vintage_end":"202603","exposure_phase":"deployment"},"geometry":{"type":"Polygon","coordinates":[[[-122.19730813860478,37.428934883259174],[-122.19730813860478,37.41934478693763],[-122.18595716285552,37.422793370862614],[-122.18595716285552,37.43238377973873],[-122.19730813860478,37.428934883259174]]]}},{"type":"Feature","properties":{"state":"California","county":"San Mateo","s2_cell":"9263804257683898368","waymo_ro_miles":4880.282549707774,"incremental_miles":2595.974,"vintage_end":"202603","exposure_phase":"deployment"},"geometry":{"type":"Polygon","coordinates":[[[-122.20865791303765,37.425484948754374],[-122.20865791303765,37.41589516522051],[-122.19730813860478,37.41934478693763],[-122.19730813860478,37.428934883259174],[-122.20865791303765,37.425484948754374]]]}},{"type":"Feature","properties":{"state":"California","county":"San Mateo","s2_cell":"9263804292043636736","waymo_ro_miles":6436.719075162847,"incremental_miles":4071.569,"vintage_end":"202603","exposure_phase":"deployment"},"geometry":{"type":"Polygon","coordinates":[[[-122.20865791303765,37.435073490894524],[-122.20865791303765,37.425484948754374],[-122.19730813860478,37.428934883259174],[-122.19730813860478,37.438523737759986],[-122.20865791303765,37.435073490894524]]]}},{"type":"Feature","properties":{"state":"California","county":"San Mateo","s2_cell":"9263804326403375104","waymo_ro_miles":2138.5341771125068,"incremental_miles":2138.534,"vintage_end":"202603","exposure_phase":"deployment"},"geometry":{"type":"Polygon","coordinates":[[[-122.22000648510307,37.43162220635235],[-122.22000648510307,37.42203397680592],[-122.20865791303765,37.425484948754374],[-122.20865791303765,37.435073490894524],[-122.22000648510307,37.43162220635235]]]}},{"type":"Feature","properties":{"state":"California","county":"San Mateo","s2_cell":"9263804360763113472","waymo_ro_miles":4347.953201028865,"incremental_miles":2787.391,"vintage_end":"202603","exposure_phase":"deployment"},"geometry":{"type":"Polygon","coordinates":[[[-122.22000648510307,37.42203397680592],[-122.22000648510307,37.412444506292914],[-122.20865791303765,37.41589516522051],[-122.20865791303765,37.425484948754374],[-122.22000648510307,37.42203397680592]]]}},{"type":"Feature","properties":{"state":"California","county":"San Mateo","s2_cell":"9263804532561805312","waymo_ro_miles":3298.623292392277,"incremental_miles":2139.874,"vintage_end":"202603","exposure_phase":"deployment"},"geometry":{"type":"Polygon","coordinates":[[[-122.19730813860478,37.41934478693763],[-122.19730813860478,37.409753449322544],[-122.18595716285552,37.41320172026596],[-122.18595716285552,37.422793370862614],[-122.19730813860478,37.41934478693763]]]}},{"type":"Feature","properties":{"state":"California","county":"San Mateo","s2_cell":"9263804635641020416","waymo_ro_miles":3181.3162837874283,"incremental_miles":2042.218,"vintage_end":"202603","exposure_phase":"deployment"},"geometry":{"type":"Polygon","coordinates":[[[-122.19730813860478,37.409753449322544],[-122.19730813860478,37.40016087094162],[-122.18595716285552,37.40360882847635],[-122.18595716285552,37.41320172026596],[-122.19730813860478,37.409753449322544]]]}},{"type":"Feature","properties":{"state":"California","county":"San Mateo","s2_cell":"9263804670000758784","waymo_ro_miles":2292.980993488336,"incremental_miles":1415.086,"vintage_end":"202603","exposure_phase":"deployment"},"geometry":{"type":"Polygon","coordinates":[[[-122.19730813860478,37.40016087094162],[-122.19730813860478,37.39056705232309],[-122.18595716285552,37.39401469602194],[-122.18595716285552,37.40360882847635],[-122.19730813860478,37.40016087094162]]]}},{"type":"Feature","properties":{"state":"California","county":"San Mateo","s2_cell":"9263804876159188992","waymo_ro_miles":261.87170643777324,"incremental_miles":261.872,"vintage_end":"202603","exposure_phase":"deployment"},"geometry":{"type":"Polygon","coordinates":[[[-122.22000648510307,37.39326184447719],[-122.22000648510307,37.3836686542308],[-122.20865791303765,37.38711837153209],[-122.20865791303765,37.39671187608129],[-122.22000648510307,37.39326184447719]]]}},{"type":"Feature","properties":{"state":"California","county":"San Mateo","s2_cell":"9263804944878665728","waymo_ro_miles":200.24313625892796,"incremental_miles":200.243,"vintage_end":"202603","exposure_phase":"deployment"},"geometry":{"type":"Polygon","coordinates":[[[-122.23135385375079,37.38021790100143],[-122.23135385375079,37.37062378686516],[-122.22000648510307,37.37407422513052],[-122.22000648510307,37.3836686542308],[-122.23135385375079,37.38021790100143]]]}},{"type":"Feature","properties":{"state":"California","county":"San Mateo","s2_cell":"9263805013598142464","waymo_ro_miles":14.9999477355209,"incremental_miles":9.779,"vintage_end":"202603","exposure_phase":"deployment"},"geometry":{"type":"Polygon","coordinates":[[[-122.24270001793133,37.38635867336647],[-122.24270001793133,37.37676611242651],[-122.23135385375079,37.38021790100143],[-122.23135385375079,37.38981077671143],[-122.24270001793133,37.38635867336647]]]}},{"type":"Feature","properties":{"state":"California","county":"San Mateo","s2_cell":"9263805047957880832","waymo_ro_miles":211.5873360708906,"incremental_miles":179.545,"vintage_end":"202603","exposure_phase":"deployment"},"geometry":{"type":"Polygon","coordinates":[[[-122.23135385375079,37.38981077671143],[-122.23135385375079,37.38021790100143],[-122.22000648510307,37.3836686542308],[-122.22000648510307,37.39326184447719],[-122.23135385375079,37.38981077671143]]]}},{"type":"Feature","properties":{"state":"California","county":"San Mateo","s2_cell":"9263815974354681856","waymo_ro_miles":1038.7614052937397,"incremental_miles":1038.761,"vintage_end":"202603","exposure_phase":"deployment"},"geometry":{"type":"Polygon","coordinates":[[[-122.20865791303765,37.377523627701464],[-122.20865791303765,37.36792764511883],[-122.19730813860478,37.37137569648888],[-122.19730813860478,37.38097199399574],[-122.20865791303765,37.377523627701464]]]}},{"type":"Feature","properties":{"state":"California","county":"San Mateo","s2_cell":"9263828618738401280","waymo_ro_miles":5859.759437113282,"incremental_miles":3859.166,"vintage_end":"202603","exposure_phase":"deployment"},"geometry":{"type":"Polygon","coordinates":[[[-122.14054126774191,37.45575938659403],[-122.14054126774188,37.44616897378354],[-122.12918430120307,37.449612671424006],[-122.12918430120307,37.45920339519818],[-122.14054126774191,37.45575938659403]]]}},{"type":"Feature","properties":{"state":"California","county":"San Mateo","s2_cell":"9263828790537093120","waymo_ro_miles":47.26982347139654,"incremental_miles":-47748.646,"vintage_end":"202603","exposure_phase":"deployment"},"geometry":{"type":"Polygon","coordinates":[[[-122.17460498684162,37.445421116134945],[-122.17460498684162,37.43583163761174],[-122.16325161161569,37.43927845629725],[-122.16325161161569,37.44886824648233],[-122.17460498684162,37.445421116134945]]]}},{"type":"Feature","properties":{"state":"California","county":"San Mateo","s2_cell":"9263828859256569856","waymo_ro_miles":3864.62956161928,"incremental_miles":2097.951,"vintage_end":"202603","exposure_phase":"deployment"},"geometry":{"type":"Polygon","coordinates":[[[-122.16325161161569,37.45845679303992],[-122.16325161161569,37.44886824648233],[-122.15189703823106,37.45231433682877],[-122.15189703823106,37.46190319438895],[-122.16325161161569,37.45845679303992]]]}},{"type":"Feature","properties":{"state":"California","county":"San Mateo","s2_cell":"9263828893616308224","waymo_ro_miles":26555.707331058347,"incremental_miles":11739.976,"vintage_end":"202603","exposure_phase":"deployment"},"geometry":{"type":"Polygon","coordinates":[[[-122.17460498684162,37.45500935145727],[-122.17460498684162,37.445421116134945],[-122.16325161161569,37.44886824648233],[-122.16325161161569,37.45845679303992],[-122.17460498684162,37.45500935145727]]]}},{"type":"Feature","properties":{"state":"California","county":"San Mateo","s2_cell":"9263828927976046592","waymo_ro_miles":6315.427973558849,"incremental_miles":3532.934,"vintage_end":"202603","exposure_phase":"deployment"},"geometry":{"type":"Polygon","coordinates":[[[-122.17460498684162,37.464596343052804],[-122.17460498684162,37.45500935145727],[-122.16325161161569,37.45845679303992],[-122.16325161161569,37.46804409544424],[-122.17460498684162,37.464596343052804]]]}},{"type":"Feature","properties":{"state":"California","county":"San Mateo","s2_cell":"9263828962335784960","waymo_ro_miles":13824.933666236471,"incremental_miles":7976.658,"vintage_end":"202603","exposure_phase":"deployment"},"geometry":{"type":"Polygon","coordinates":[[[-122.16325161161569,37.46804409544424],[-122.16325161161569,37.45845679303992],[-122.15189703823106,37.46190319438895],[-122.15189703823106,37.47149080736947],[-122.16325161161569,37.46804409544424]]]}},{"type":"Feature","properties":{"state":"California","county":"San Mateo","s2_cell":"9263828996695523328","waymo_ro_miles":7460.598658679871,"incremental_miles":4640.664,"vintage_end":"202603","exposure_phase":"deployment"},"geometry":{"type":"Polygon","coordinates":[[[-122.15189703823106,37.47149080736947],[-122.15189703823106,37.46190319438895],[-122.14054126774191,37.465348554924184],[-122.14054126774188,37.474936478248395],[-122.15189703823106,37.47149080736947]]]}},{"type":"Feature","properties":{"state":"California","county":"San Mateo","s2_cell":"9263829031055261696","waymo_ro_miles":8452.214219518368,"incremental_miles":5332.301,"vintage_end":"202603","exposure_phase":"deployment"},"geometry":{"type":"Polygon","coordinates":[[[-122.15189703823106,37.46190319438895],[-122.15189703823106,37.45231433682877],[-122.14054126774191,37.45575938659403],[-122.14054126774191,37.465348554924184],[-122.15189703823106,37.46190319438895]]]}},{"type":"Feature","properties":{"state":"California","county":"San Mateo","s2_cell":"9263829065415000064","waymo_ro_miles":5552.922442485803,"incremental_miles":3571.081,"vintage_end":"202603","exposure_phase":"deployment"},"geometry":{"type":"Polygon","coordinates":[[[-122.14054126774191,37.465348554924184],[-122.14054126774191,37.45575938659403],[-122.12918430120307,37.45920339519818],[-122.12918430120307,37.46879287406576],[-122.14054126774191,37.465348554924184]]]}},{"type":"Feature","properties":{"state":"California","county":"San Mateo","s2_cell":"9263829099774738432","waymo_ro_miles":1081.3711711817843,"incremental_miles":613.997,"vintage_end":"202603","exposure_phase":"deployment"},"geometry":{"type":"Polygon","coordinates":[[[-122.14054126774188,37.474936478248395],[-122.14054126774191,37.465348554924184],[-122.12918430120307,37.46879287406576],[-122.12918430120307,37.47838110750123],[-122.14054126774188,37.474936478248395]]]}},{"type":"Feature","properties":{"state":"California","county":"San Mateo","s2_cell":"9263829237213691904","waymo_ro_miles":64.80001960927112,"incremental_miles":38.141,"vintage_end":"202603","exposure_phase":"deployment"},"geometry":{"type":"Polygon","coordinates":[[[-122.12918430120307,37.46879287406576],[-122.12918430120307,37.45920339519818],[-122.11782613967026,37.462646362061626],[-122.11782613967026,37.47223615123414],[-122.12918430120307,37.46879287406576]]]}},{"type":"Feature","properties":{"state":"California","county":"San Mateo","s2_cell":"9263829271573430272","waymo_ro_miles":1415.6035405006041,"incremental_miles":929.544,"vintage_end":"202603","exposure_phase":"deployment"},"geometry":{"type":"Polygon","coordinates":[[[-122.12918430120307,37.45920339519818],[-122.12918430120307,37.449612671424006],[-122.11782613967026,37.45305532755634],[-122.11782613967026,37.462646362061626],[-122.12918430120307,37.45920339519818]]]}},{"type":"Feature","properties":{"state":"California","county":"San Mateo","s2_cell":"9263830233646104576","waymo_ro_miles":204.5054368037403,"incremental_miles":122.356,"vintage_end":"202603","exposure_phase":"deployment"},"geometry":{"type":"Polygon","coordinates":[[[-122.14054126774188,37.484523156041575],[-122.14054126774188,37.474936478248395],[-122.12918430120307,37.47838110750123],[-122.12918430120307,37.48796809497959],[-122.14054126774188,37.484523156041575]]]}},{"type":"Feature","properties":{"state":"California","county":"San Mateo","s2_cell":"9263830302365581312","waymo_ro_miles":0.7132251676065766,"incremental_miles":0.713,"vintage_end":"202603","exposure_phase":"deployment"},"geometry":{"type":"Polygon","coordinates":[[[-122.15189703823106,37.4906622974913],[-122.15189703823106,37.48107717524513],[-122.14054126774188,37.484523156041575],[-122.14054126774188,37.49410858777917],[-122.15189703823106,37.4906622974913]]]}},{"type":"Feature","properties":{"state":"California","county":"San Mateo","s2_cell":"9263830336725319680","waymo_ro_miles":1413.0730549193765,"incremental_miles":733.669,"vintage_end":"202603","exposure_phase":"deployment"},"geometry":{"type":"Polygon","coordinates":[[[-122.15189703823106,37.48107717524513],[-122.15189703823106,37.47149080736947],[-122.14054126774188,37.474936478248395],[-122.14054126774188,37.484523156041575],[-122.15189703823106,37.48107717524513]]]}},{"type":"Feature","properties":{"state":"California","county":"San Mateo","s2_cell":"9263830371085058048","waymo_ro_miles":14494.416550290229,"incremental_miles":8253.462,"vintage_end":"202603","exposure_phase":"deployment"},"geometry":{"type":"Polygon","coordinates":[[[-122.16325161161569,37.47763015316998],[-122.16325161161569,37.46804409544424],[-122.15189703823106,37.47149080736947],[-122.15189703823106,37.48107717524513],[-122.16325161161569,37.47763015316998]]]}},{"type":"Feature","properties":{"state":"California","county":"San Mateo","s2_cell":"9263830405444796416","waymo_ro_miles":8720.303754075965,"incremental_miles":5332.332,"vintage_end":"202603","exposure_phase":"deployment"},"geometry":{"type":"Polygon","coordinates":[[[-122.17460498684162,37.47418209039618],[-122.17460498684162,37.464596343052804],[-122.16325161161569,37.46804409544424],[-122.16325161161569,37.47763015316998],[-122.17460498684162,37.47418209039618]]]}},{"type":"Feature","properties":{"state":"California","county":"San Mateo","s2_cell":"9263830439804534784","waymo_ro_miles":6793.217797926001,"incremental_miles":4624.243,"vintage_end":"202603","exposure_phase":"deployment"},"geometry":{"type":"Polygon","coordinates":[[[-122.17460498684162,37.483766592962525],[-122.17460498684162,37.47418209039618],[-122.16325161161569,37.47763015316998],[-122.16325161161569,37.487214965692424],[-122.17460498684162,37.483766592962525]]]}},{"type":"Feature","properties":{"state":"California","county":"San Mateo","s2_cell":"9263830474164273152","waymo_ro_miles":53.19164700013773,"incremental_miles":30.523,"vintage_end":"202603","exposure_phase":"deployment"},"geometry":{"type":"Polygon","coordinates":[[[-122.16325161161569,37.487214965692424],[-122.16325161161569,37.47763015316998],[-122.15189703823106,37.48107717524513],[-122.15189703823106,37.4906622974913],[-122.16325161161569,37.487214965692424]]]}},{"type":"Feature","properties":{"state":"California","county":"San Mateo","s2_cell":"9263830542883749888","waymo_ro_miles":290.10263945494194,"incremental_miles":217.823,"vintage_end":"202603","exposure_phase":"deployment"},"geometry":{"type":"Polygon","coordinates":[[[-122.17460498684162,37.493349850227546],[-122.17460498684162,37.483766592962525],[-122.16325161161569,37.487214965692424],[-122.16325161161569,37.496798532487325],[-122.17460498684162,37.493349850227546]]]}},{"type":"Feature","properties":{"state":"California","county":"Santa Clara","s2_cell":"9263397335302406144","waymo_ro_miles":1.9070142824999121,"incremental_miles":1.907,"vintage_end":"202603","exposure_phase":"deployment"},"geometry":{"type":"Polygon","coordinates":[[[-121.84487452298582,37.333509154517046],[-121.84487452298582,37.32388324387705],[-121.83348683195379,37.3272928588966],[-121.83348683195379,37.33691908381504],[-121.84487452298582,37.333509154517046]]]}},{"type":"Feature","properties":{"state":"California","county":"Santa Clara","s2_cell":"9263397369662144512","waymo_ro_miles":49.418033418521134,"incremental_miles":49.418,"vintage_end":"202603","exposure_phase":"deployment"},"geometry":{"type":"Polygon","coordinates":[[[-121.85626104566623,37.33009817419936],[-121.85626104566623,37.3204725780711],[-121.84487452298582,37.32388324387705],[-121.84487452298582,37.333509154517046],[-121.85626104566623,37.33009817419936]]]}},{"type":"Feature","properties":{"state":"California","county":"Santa Clara","s2_cell":"9263397404021882880","waymo_ro_miles":15.656067218266292,"incremental_miles":15.656,"vintage_end":"202603","exposure_phase":"deployment"},"geometry":{"type":"Polygon","coordinates":[[[-121.85626104566623,37.3204725780711],[-121.85626104566623,37.31084573901963],[-121.84487452298582,37.314256089888104],[-121.84487452298582,37.32388324387705],[-121.85626104566623,37.3204725780711]]]}},{"type":"Feature","properties":{"state":"California","county":"Santa Clara","s2_cell":"9263397713259528192","waymo_ro_miles":46.3372491252734,"incremental_miles":46.337,"vintage_end":"202603","exposure_phase":"deployment"},"geometry":{"type":"Polygon","coordinates":[[[-121.86764639892006,37.317060862051676],[-121.86764639892006,37.30743433817118],[-121.85626104566623,37.31084573901963],[-121.85626104566623,37.3204725780711],[-121.86764639892006,37.317060862051676]]]}},{"type":"Feature","properties":{"state":"California","county":"Santa Clara","s2_cell":"9263397747619266560","waymo_ro_miles":302.4341101549336,"incremental_miles":302.434,"vintage_end":"202603","exposure_phase":"deployment"},"geometry":{"type":"Polygon","coordinates":[[[-121.86764639892006,37.32668614343484],[-121.86764639892006,37.317060862051676],[-121.85626104566623,37.3204725780711],[-121.85626104566623,37.33009817419936],[-121.86764639892006,37.32668614343484]]]}},{"type":"Feature","properties":{"state":"California","county":"Santa Clara","s2_cell":"9263397781979004928","waymo_ro_miles":421.7577448105211,"incremental_miles":421.758,"vintage_end":"202603","exposure_phase":"deployment"},"geometry":{"type":"Polygon","coordinates":[[[-121.87903058167323,37.323273062796716],[-121.87903058167323,37.31364809639207],[-121.86764639892006,37.317060862051676],[-121.86764639892006,37.32668614343484],[-121.87903058167323,37.323273062796716]]]}},{"type":"Feature","properties":{"state":"California","county":"Santa Clara","s2_cell":"9263397816338743296","waymo_ro_miles":5.707183245785473,"incremental_miles":5.707,"vintage_end":"202603","exposure_phase":"deployment"},"geometry":{"type":"Polygon","coordinates":[[[-121.87903058167323,37.31364809639207],[-121.87903058167323,37.304021887916065],[-121.86764639892006,37.30743433817118],[-121.86764639892006,37.317060862051676],[-121.87903058167323,37.31364809639207]]]}},{"type":"Feature","properties":{"state":"California","county":"Santa Clara","s2_cell":"9263397850698481664","waymo_ro_miles":31.01305869113788,"incremental_miles":31.013,"vintage_end":"202603","exposure_phase":"deployment"},"geometry":{"type":"Polygon","coordinates":[[[-121.89041359285233,37.310234281665906],[-121.89041359285233,37.300608388828],[-121.87903058167323,37.304021887916065],[-121.87903058167323,37.31364809639207],[-121.89041359285233,37.310234281665906]]]}},{"type":"Feature","properties":{"state":"California","county":"Santa Clara","s2_cell":"9263397885058220032","waymo_ro_miles":226.7968952313198,"incremental_miles":226.797,"vintage_end":"202603","exposure_phase":"deployment"},"geometry":{"type":"Polygon","coordinates":[[[-121.89041359285233,37.319858932858516],[-121.89041359285233,37.310234281665906],[-121.87903058167323,37.31364809639207],[-121.87903058167323,37.323273062796716],[-121.89041359285233,37.319858932858516]]]}},{"type":"Feature","properties":{"state":"California","county":"Santa Clara","s2_cell":"9263399431246446592","waymo_ro_miles":1.0831417630517957,"incremental_miles":1.083,"vintage_end":"202603","exposure_phase":"deployment"},"geometry":{"type":"Polygon","coordinates":[[[-121.92455558622281,37.30961025298403],[-121.92455558622281,37.29998654882914],[-121.91317609619855,37.30340350730999],[-121.91317609619855,37.3130275273778],[-121.92455558622281,37.30961025298403]]]}},{"type":"Feature","properties":{"state":"California","county":"Santa Clara","s2_cell":"9263804154604683264","waymo_ro_miles":7678.680437336153,"incremental_miles":7231.194,"vintage_end":"202603","exposure_phase":"deployment"},"geometry":{"type":"Polygon","coordinates":[[[-122.18595716285552,37.4419729463672],[-122.18595716285552,37.43238377973873],[-122.17460498684162,37.43583163761174],[-122.17460498684162,37.445421116134945],[-122.18595716285552,37.4419729463672]]]}},{"type":"Feature","properties":{"state":"California","county":"Santa Clara","s2_cell":"9263804188964421632","waymo_ro_miles":1392.3950336167147,"incremental_miles":784.618,"vintage_end":"202603","exposure_phase":"deployment"},"geometry":{"type":"Polygon","coordinates":[[[-122.18595716285552,37.43238377973873],[-122.18595716285552,37.422793370862614],[-122.17460498684162,37.4262409164141],[-122.17460498684162,37.43583163761174],[-122.18595716285552,37.43238377973873]]]}},{"type":"Feature","properties":{"state":"California","county":"Santa Clara","s2_cell":"9263804223324160000","waymo_ro_miles":3668.541586045818,"incremental_miles":1770.365,"vintage_end":"202603","exposure_phase":"deployment"},"geometry":{"type":"Polygon","coordinates":[[[-122.19730813860478,37.428934883259174],[-122.19730813860478,37.41934478693763],[-122.18595716285552,37.422793370862614],[-122.18595716285552,37.43238377973873],[-122.19730813860478,37.428934883259174]]]}},{"type":"Feature","properties":{"state":"California","county":"Santa Clara","s2_cell":"9263804532561805312","waymo_ro_miles":118.95618907949803,"incremental_miles":-1039.793,"vintage_end":"202603","exposure_phase":"deployment"},"geometry":{"type":"Polygon","coordinates":[[[-122.19730813860478,37.41934478693763],[-122.19730813860478,37.409753449322544],[-122.18595716285552,37.41320172026596],[-122.18595716285552,37.422793370862614],[-122.19730813860478,37.41934478693763]]]}},{"type":"Feature","properties":{"state":"California","county":"Santa Clara","s2_cell":"9263804566921543680","waymo_ro_miles":2997.0090710014674,"incremental_miles":1195.669,"vintage_end":"202603","exposure_phase":"deployment"},"geometry":{"type":"Polygon","coordinates":[[[-122.18595716285552,37.422793370862614],[-122.18595716285552,37.41320172026596],[-122.17460498684162,37.416648953069014],[-122.17460498684162,37.4262409164141],[-122.18595716285552,37.422793370862614]]]}},{"type":"Feature","properties":{"state":"California","county":"Santa Clara","s2_cell":"9263804738720235520","waymo_ro_miles":1517.3316342219234,"incremental_miles":1517.332,"vintage_end":"202603","exposure_phase":"deployment"},"geometry":{"type":"Polygon","coordinates":[[[-122.18595716285552,37.39401469602194],[-122.18595716285552,37.38441932343141],[-122.17460498684162,37.387865615426826],[-122.17460498684162,37.397461302047056],[-122.18595716285552,37.39401469602194]]]}},{"type":"Feature","properties":{"state":"California","county":"Santa Clara","s2_cell":"9263816421031280640","waymo_ro_miles":195.76758722452558,"incremental_miles":195.768,"vintage_end":"202603","exposure_phase":"deployment"},"geometry":{"type":"Polygon","coordinates":[[[-122.19730813860478,37.38097199399574],[-122.19730813860478,37.37137569648888],[-122.18595716285552,37.37482271123397],[-122.18595716285552,37.38441932343141],[-122.19730813860478,37.38097199399574]]]}},{"type":"Feature","properties":{"state":"California","county":"Santa Clara","s2_cell":"9263816489750757376","waymo_ro_miles":2827.32843128746,"incremental_miles":1604.801,"vintage_end":"202603","exposure_phase":"deployment"},"geometry":{"type":"Polygon","coordinates":[[[-122.17460498684162,37.387865615426826],[-122.17460498684162,37.378268688772394],[-122.16325161161569,37.381713628522775],[-122.16325161161566,37.3913108694007],[-122.17460498684162,37.387865615426826]]]}},{"type":"Feature","properties":{"state":"California","county":"Santa Clara","s2_cell":"9263816558470234112","waymo_ro_miles":535.6321242064572,"incremental_miles":535.632,"vintage_end":"202603","exposure_phase":"deployment"},"geometry":{"type":"Polygon","coordinates":[[[-122.16325161161569,37.381713628522775],[-122.16325161161569,37.37211514771303],[-122.15189703823106,37.375558734677135],[-122.15189703823106,37.385157529904085],[-122.16325161161569,37.381713628522775]]]}},{"type":"Feature","properties":{"state":"California","county":"Santa Clara","s2_cell":"9263816833348141056","waymo_ro_miles":2656.0501520523208,"incremental_miles":1532.446,"vintage_end":"202603","exposure_phase":"deployment"},"geometry":{"type":"Polygon","coordinates":[[[-122.14054126774188,37.369400933258106],[-122.14054126774191,37.35979934386554],[-122.12918430120307,37.363240223634705],[-122.12918430120307,37.37284212783175],[-122.14054126774188,37.369400933258106]]]}},{"type":"Feature","properties":{"state":"California","county":"Santa Clara","s2_cell":"9263816867707879424","waymo_ro_miles":244.2555215157809,"incremental_miles":244.256,"vintage_end":"202603","exposure_phase":"deployment"},"geometry":{"type":"Polygon","coordinates":[[[-122.14054126774188,37.379001282924925],[-122.14054126774188,37.369400933258106],[-122.12918430120307,37.37284212783175],[-122.12918430120307,37.38244279187591],[-122.14054126774188,37.379001282924925]]]}},{"type":"Feature","properties":{"state":"California","county":"Santa Clara","s2_cell":"9263816936427356160","waymo_ro_miles":2261.9338470891284,"incremental_miles":1205.949,"vintage_end":"202603","exposure_phase":"deployment"},"geometry":{"type":"Polygon","coordinates":[[[-122.15189703823106,37.385157529904085],[-122.15189703823106,37.375558734677135],[-122.14054126774188,37.379001282924925],[-122.14054126774191,37.38860039233557],[-122.15189703823106,37.385157529904085]]]}},{"type":"Feature","properties":{"state":"California","county":"Santa Clara","s2_cell":"9263816970787094528","waymo_ro_miles":2555.056875599619,"incremental_miles":2555.057,"vintage_end":"202603","exposure_phase":"deployment"},"geometry":{"type":"Polygon","coordinates":[[[-122.15189703823106,37.39475508477202],[-122.15189703823106,37.385157529904085],[-122.14054126774191,37.38860039233557],[-122.14054126774191,37.398198260960164],[-122.15189703823106,37.39475508477202]]]}},{"type":"Feature","properties":{"state":"California","county":"Santa Clara","s2_cell":"9263817005146832896","waymo_ro_miles":8908.122994573161,"incremental_miles":8908.123,"vintage_end":"202603","exposure_phase":"deployment"},"geometry":{"type":"Polygon","coordinates":[[[-122.14054126774191,37.398198260960164],[-122.14054126774191,37.38860039233557],[-122.12918430120307,37.39204221523685],[-122.12918430120307,37.40164039738478],[-122.14054126774191,37.398198260960164]]]}},{"type":"Feature","properties":{"state":"California","county":"Santa Clara","s2_cell":"9263817039506571264","waymo_ro_miles":1930.3206579424193,"incremental_miles":608.249,"vintage_end":"202603","exposure_phase":"deployment"},"geometry":{"type":"Polygon","coordinates":[[[-122.12918430120307,37.40164039738478],[-122.12918430120307,37.39204221523685],[-122.11782613967026,37.39548299802782],[-122.11782613967026,37.40508149346586],[-122.12918430120307,37.40164039738478]]]}},{"type":"Feature","properties":{"state":"California","county":"Santa Clara","s2_cell":"9263817108226048000","waymo_ro_miles":12821.783498889103,"incremental_miles":3200.277,"vintage_end":"202603","exposure_phase":"deployment"},"geometry":{"type":"Polygon","coordinates":[[[-122.11782613967026,37.39548299802782],[-122.11782613967026,37.385883260949946],[-122.10646678419991,37.38932268956723],[-122.10646678419991,37.398922740128754],[-122.11782613967026,37.39548299802782]]]}},{"type":"Feature","properties":{"state":"California","county":"Santa Clara","s2_cell":"9263817142585786368","waymo_ro_miles":68168.20337910464,"incremental_miles":15452.54,"vintage_end":"202603","exposure_phase":"deployment"},"geometry":{"type":"Polygon","coordinates":[[[-122.11782613967026,37.40508149346586],[-122.11782613967026,37.39548299802782],[-122.10646678419991,37.398922740128754],[-122.10646678419991,37.408521548623696],[-122.11782613967026,37.40508149346586]]]}},{"type":"Feature","properties":{"state":"California","county":"Santa Clara","s2_cell":"9263817176945524736","waymo_ro_miles":123279.15962674047,"incremental_miles":29462.451,"vintage_end":"202603","exposure_phase":"deployment"},"geometry":{"type":"Polygon","coordinates":[[[-122.10646678419991,37.408521548623696],[-122.10646678419991,37.398922740128754],[-122.09510623584924,37.40236144096019],[-122.09510623584924,37.41196056227895],[-122.10646678419991,37.408521548623696]]]}},{"type":"Feature","properties":{"state":"California","county":"Santa Clara","s2_cell":"9263817211305263104","waymo_ro_miles":61183.827597811025,"incremental_miles":13829.955,"vintage_end":"202603","exposure_phase":"deployment"},"geometry":{"type":"Polygon","coordinates":[[[-122.09510623584924,37.41196056227895],[-122.09510623584924,37.40236144096019],[-122.08374449567626,37.405799099943046],[-122.08374449567627,37.41539853385257],[-122.09510623584924,37.41196056227895]]]}},{"type":"Feature","properties":{"state":"California","county":"Santa Clara","s2_cell":"9263817245665001472","waymo_ro_miles":123800.34506108938,"incremental_miles":24091.42,"vintage_end":"202603","exposure_phase":"deployment"},"geometry":{"type":"Polygon","coordinates":[[[-122.09510623584924,37.40236144096019],[-122.09510623584924,37.39276107714823],[-122.08374449567626,37.396198423113795],[-122.08374449567626,37.405799099943046],[-122.09510623584924,37.40236144096019]]]}},{"type":"Feature","properties":{"state":"California","county":"Santa Clara","s2_cell":"9263817280024739840","waymo_ro_miles":31608.142738526618,"incremental_miles":4192.534,"vintage_end":"202603","exposure_phase":"deployment"},"geometry":{"type":"Polygon","coordinates":[[[-122.10646678419991,37.398922740128754],[-122.10646678419991,37.38932268956723],[-122.09510623584924,37.39276107714823],[-122.09510623584924,37.40236144096019],[-122.10646678419991,37.398922740128754]]]}},{"type":"Feature","properties":{"state":"California","county":"Santa Clara","s2_cell":"9263817314384478208","waymo_ro_miles":8512.405534503336,"incremental_miles":2438.82,"vintage_end":"202603","exposure_phase":"deployment"},"geometry":{"type":"Polygon","coordinates":[[[-122.10646678419991,37.38932268956723],[-122.10646678419991,37.37972139746872],[-122.09510623584924,37.38315947137257],[-122.09510623584924,37.39276107714823],[-122.10646678419991,37.38932268956723]]]}},{"type":"Feature","properties":{"state":"California","county":"Santa Clara","s2_cell":"9263817348744216576","waymo_ro_miles":59899.12483294418,"incremental_miles":10601.502,"vintage_end":"202603","exposure_phase":"deployment"},"geometry":{"type":"Polygon","coordinates":[[[-122.09510623584924,37.39276107714823],[-122.09510623584924,37.38315947137257],[-122.08374449567626,37.38659650389424],[-122.08374449567626,37.396198423113795],[-122.09510623584924,37.39276107714823]]]}},{"type":"Feature","properties":{"state":"California","county":"Santa Clara","s2_cell":"9263817383103954944","waymo_ro_miles":12472.115592048147,"incremental_miles":2850.78,"vintage_end":"202603","exposure_phase":"deployment"},"geometry":{"type":"Polygon","coordinates":[[[-122.09510623584924,37.38315947137257],[-122.09510623584924,37.37355662416324],[-122.08374449567626,37.3769933428143],[-122.08374449567626,37.38659650389424],[-122.09510623584924,37.38315947137257]]]}},{"type":"Feature","properties":{"state":"California","county":"Santa Clara","s2_cell":"9263817417463693312","waymo_ro_miles":8063.45881032528,"incremental_miles":2481.379,"vintage_end":"202603","exposure_phase":"deployment"},"geometry":{"type":"Polygon","coordinates":[[[-122.10646678419991,37.37972139746872],[-122.10646678419991,37.37011886436336],[-122.09510623584924,37.37355662416324],[-122.09510623584924,37.38315947137257],[-122.10646678419991,37.37972139746872]]]}},{"type":"Feature","properties":{"state":"California","county":"Santa Clara","s2_cell":"9263817451823431680","waymo_ro_miles":15468.698158944946,"incremental_miles":6363.906,"vintage_end":"202603","exposure_phase":"deployment"},"geometry":{"type":"Polygon","coordinates":[[[-122.11782613967026,37.37628228276193],[-122.11782613967026,37.36668006399397],[-122.10646678419991,37.37011886436336],[-122.10646678419991,37.37972139746872],[-122.11782613967026,37.37628228276193]]]}},{"type":"Feature","properties":{"state":"California","county":"Santa Clara","s2_cell":"9263817486183170048","waymo_ro_miles":11542.09353202517,"incremental_miles":3120.02,"vintage_end":"202603","exposure_phase":"deployment"},"geometry":{"type":"Polygon","coordinates":[[[-122.11782613967026,37.385883260949946],[-122.11782613967026,37.37628228276193],[-122.10646678419991,37.37972139746872],[-122.10646678419991,37.38932268956723],[-122.11782613967026,37.385883260949946]]]}},{"type":"Feature","properties":{"state":"California","county":"Santa Clara","s2_cell":"9263817520542908416","waymo_ro_miles":8380.478048782954,"incremental_miles":3306.349,"vintage_end":"202603","exposure_phase":"deployment"},"geometry":{"type":"Polygon","coordinates":[[[-122.12918430120307,37.38244279187591],[-122.12918430120307,37.37284212783175],[-122.11782613967026,37.37628228276193],[-122.11782613967026,37.385883260949946],[-122.12918430120307,37.38244279187591]]]}},{"type":"Feature","properties":{"state":"California","county":"Santa Clara","s2_cell":"9263817589262385152","waymo_ro_miles":2253.399278855137,"incremental_miles":1339.236,"vintage_end":"202603","exposure_phase":"deployment"},"geometry":{"type":"Polygon","coordinates":[[[-122.12918430120307,37.363240223634705],[-122.12918430120307,37.353637079815634],[-122.11782613967026,37.35707660517686],[-122.11782613967026,37.36668006399397],[-122.12918430120307,37.363240223634705]]]}},{"type":"Feature","properties":{"state":"California","county":"Santa Clara","s2_cell":"9263817657981861888","waymo_ro_miles":2319.270877693576,"incremental_miles":1501.876,"vintage_end":"202603","exposure_phase":"deployment"},"geometry":{"type":"Polygon","coordinates":[[[-122.11782613967026,37.35707660517686],[-122.11782613967026,37.347471906841875],[-122.10646678419991,37.35091007725528],[-122.10646678419991,37.36051509078182],[-122.11782613967026,37.35707660517686]]]}},{"type":"Feature","properties":{"state":"California","county":"Santa Clara","s2_cell":"9263817692341600256","waymo_ro_miles":2678.057328152878,"incremental_miles":1163.661,"vintage_end":"202603","exposure_phase":"deployment"},"geometry":{"type":"Polygon","coordinates":[[[-122.11782613967026,37.36668006399397],[-122.11782613967026,37.35707660517686],[-122.10646678419991,37.36051509078182],[-122.10646678419991,37.37011886436336],[-122.11782613967026,37.36668006399397]]]}},{"type":"Feature","properties":{"state":"California","county":"Santa Clara","s2_cell":"9263817726701338624","waymo_ro_miles":8307.43544255684,"incremental_miles":2964.087,"vintage_end":"202603","exposure_phase":"deployment"},"geometry":{"type":"Polygon","coordinates":[[[-122.10646678419991,37.37011886436336],[-122.10646678419991,37.36051509078182],[-122.09510623584924,37.36395253605081],[-122.09510623584924,37.37355662416324],[-122.10646678419991,37.37011886436336]]]}},{"type":"Feature","properties":{"state":"California","county":"Santa Clara","s2_cell":"9263817761061076992","waymo_ro_miles":9403.429126569434,"incremental_miles":2545.245,"vintage_end":"202603","exposure_phase":"deployment"},"geometry":{"type":"Polygon","coordinates":[[[-122.09510623584924,37.37355662416324],[-122.09510623584924,37.36395253605081],[-122.08374449567627,37.36738894040445],[-122.08374449567626,37.3769933428143],[-122.09510623584924,37.37355662416324]]]}},{"type":"Feature","properties":{"state":"California","county":"Santa Clara","s2_cell":"9263817795420815360","waymo_ro_miles":8704.087099910956,"incremental_miles":8704.087,"vintage_end":"202603","exposure_phase":"deployment"},"geometry":{"type":"Polygon","coordinates":[[[-122.09510623584924,37.36395253605081],[-122.09510623584924,37.35434720756638],[-122.08374449567627,37.357783297195716],[-122.08374449567627,37.36738894040445],[-122.09510623584924,37.36395253605081]]]}},{"type":"Feature","properties":{"state":"California","county":"Santa Clara","s2_cell":"9263817829780553728","waymo_ro_miles":5419.251457980825,"incremental_miles":2569.393,"vintage_end":"202603","exposure_phase":"deployment"},"geometry":{"type":"Polygon","coordinates":[[[-122.10646678419991,37.36051509078182],[-122.10646678419991,37.35091007725528],[-122.09510623584924,37.35434720756638],[-122.09510623584924,37.36395253605081],[-122.10646678419991,37.36051509078182]]]}},{"type":"Feature","properties":{"state":"California","county":"Santa Clara","s2_cell":"9263817864140292096","waymo_ro_miles":2048.0459865166085,"incremental_miles":2048.046,"vintage_end":"202603","exposure_phase":"deployment"},"geometry":{"type":"Polygon","coordinates":[[[-122.10646678419991,37.35091007725528],[-122.10646678419991,37.3413038243155],[-122.09510623584924,37.34474063924159],[-122.09510623584924,37.35434720756638],[-122.10646678419991,37.35091007725528]]]}},{"type":"Feature","properties":{"state":"California","county":"Santa Clara","s2_cell":"9263817898500030464","waymo_ro_miles":6478.880874225584,"incremental_miles":2005.279,"vintage_end":"202603","exposure_phase":"deployment"},"geometry":{"type":"Polygon","coordinates":[[[-122.09510623584924,37.35434720756638],[-122.09510623584924,37.34474063924159],[-122.08374449567626,37.348176413719614],[-122.08374449567627,37.357783297195716],[-122.09510623584924,37.35434720756638]]]}},{"type":"Feature","properties":{"state":"California","county":"Santa Clara","s2_cell":"9263820853437530112","waymo_ro_miles":215.0548939293645,"incremental_miles":215.055,"vintage_end":"202603","exposure_phase":"deployment"},"geometry":{"type":"Polygon","coordinates":[[[-122.09510623584924,37.33513283160862],[-122.09510623584924,37.325523785200176],[-122.08374449567627,37.328958928094195],[-122.08374449567627,37.338568290508235],[-122.09510623584924,37.33513283160862]]]}},{"type":"Feature","properties":{"state":"California","county":"Santa Clara","s2_cell":"9263820887797268480","waymo_ro_miles":2296.311857607819,"incremental_miles":1497.846,"vintage_end":"202603","exposure_phase":"deployment"},"geometry":{"type":"Polygon","coordinates":[[[-122.08374449567627,37.338568290508235],[-122.08374449567627,37.328958928094195],[-122.07238156473971,37.332393030428534],[-122.07238156473971,37.34200270861434],[-122.08374449567627,37.338568290508235]]]}},{"type":"Feature","properties":{"state":"California","county":"Santa Clara","s2_cell":"9263820956516745216","waymo_ro_miles":802.5668285257369,"incremental_miles":587.004,"vintage_end":"202603","exposure_phase":"deployment"},"geometry":{"type":"Polygon","coordinates":[[[-122.07238156473971,37.332393030428534],[-122.07238156473971,37.32278211314603],[-122.06101744409916,37.32621485837666],[-122.06101744409916,37.335826091624206],[-122.07238156473971,37.332393030428534]]]}},{"type":"Feature","properties":{"state":"California","county":"Santa Clara","s2_cell":"9263820990876483584","waymo_ro_miles":4047.0039598333424,"incremental_miles":1898.237,"vintage_end":"202603","exposure_phase":"deployment"},"geometry":{"type":"Polygon","coordinates":[[[-122.07238156473971,37.34200270861434],[-122.07238156473971,37.332393030428534],[-122.06101744409916,37.335826091624206],[-122.06101744409916,37.34543608534799],[-122.07238156473971,37.34200270861434]]]}},{"type":"Feature","properties":{"state":"California","county":"Santa Clara","s2_cell":"9263821025236221952","waymo_ro_miles":3569.8537283062674,"incremental_miles":1948.429,"vintage_end":"202603","exposure_phase":"deployment"},"geometry":{"type":"Polygon","coordinates":[[[-122.06101744409916,37.34543608534799],[-122.06101744409916,37.335826091624206],[-122.04965213481489,37.33925811110254],[-122.04965213481489,37.34886842013058],[-122.06101744409916,37.34543608534799]]]}},{"type":"Feature","properties":{"state":"California","county":"Santa Clara","s2_cell":"9263821059595960320","waymo_ro_miles":2611.1941671551726,"incremental_miles":1184.635,"vintage_end":"202603","exposure_phase":"deployment"},"geometry":{"type":"Polygon","coordinates":[[[-122.04965213481489,37.34886842013058],[-122.04965213481489,37.33925811110254],[-122.03828563794798,37.342689088285155],[-122.03828563794798,37.35229971238384],[-122.04965213481489,37.34886842013058]]]}},{"type":"Feature","properties":{"state":"California","county":"Santa Clara","s2_cell":"9263821093955698688","waymo_ro_miles":4035.5814555906986,"incremental_miles":2899.975,"vintage_end":"202603","exposure_phase":"deployment"},"geometry":{"type":"Polygon","coordinates":[[[-122.04965213481489,37.33925811110254],[-122.04965213481489,37.32964656212375],[-122.03828563794798,37.33307722380889],[-122.03828563794798,37.342689088285155],[-122.04965213481489,37.33925811110254]]]}},{"type":"Feature","properties":{"state":"California","county":"Santa Clara","s2_cell":"9263821128315437056","waymo_ro_miles":3203.4439172164602,"incremental_miles":2323.23,"vintage_end":"202603","exposure_phase":"deployment"},"geometry":{"type":"Polygon","coordinates":[[[-122.06101744409916,37.335826091624206],[-122.06101744409916,37.32621485837666],[-122.04965213481489,37.32964656212375],[-122.04965213481489,37.33925811110254],[-122.06101744409916,37.335826091624206]]]}},{"type":"Feature","properties":{"state":"California","county":"Santa Clara","s2_cell":"9263821162675175424","waymo_ro_miles":0.8792772617546937,"incremental_miles":0.879,"vintage_end":"202603","exposure_phase":"deployment"},"geometry":{"type":"Polygon","coordinates":[[[-122.06101744409916,37.32621485837666],[-122.06101744409916,37.31660238613882],[-122.04965213481489,37.32003377372762],[-122.04965213481489,37.32964656212375],[-122.06101744409916,37.32621485837666]]]}},{"type":"Feature","properties":{"state":"California","county":"Santa Clara","s2_cell":"9263821197034913792","waymo_ro_miles":0.09714844102836168,"incremental_miles":0.097,"vintage_end":"202603","exposure_phase":"deployment"},"geometry":{"type":"Polygon","coordinates":[[[-122.04965213481489,37.32964656212375],[-122.04965213481489,37.32003377372762],[-122.03828563794798,37.32346411948834],[-122.03828563794798,37.33307722380889],[-122.04965213481489,37.32964656212375]]]}},{"type":"Feature","properties":{"state":"California","county":"Santa Clara","s2_cell":"9263822502704971776","waymo_ro_miles":1976.2929580620182,"incremental_miles":1759.269,"vintage_end":"202603","exposure_phase":"deployment"},"geometry":{"type":"Polygon","coordinates":[[[-122.00417903247384,37.32413360873975],[-122.00417903247384,37.31451707740061],[-121.99280779590266,37.31794261881143],[-121.99280779590266,37.327559465993545],[-122.00417903247384,37.32413360873975]]]}},{"type":"Feature","properties":{"state":"California","county":"Santa Clara","s2_cell":"9263822537064710144","waymo_ro_miles":4628.708177108202,"incremental_miles":3643.936,"vintage_end":"202603","exposure_phase":"deployment"},"geometry":{"type":"Polygon","coordinates":[[[-122.00417903247387,37.33374890002204],[-122.00417903247384,37.32413360873975],[-121.99280779590266,37.327559465993545],[-121.99280779590266,37.33717507269211],[-122.00417903247387,37.33374890002204]]]}},{"type":"Feature","properties":{"state":"California","county":"Santa Clara","s2_cell":"9263822571424448512","waymo_ro_miles":9022.710135684727,"incremental_miles":5889.693,"vintage_end":"202603","exposure_phase":"deployment"},"geometry":{"type":"Polygon","coordinates":[[[-122.00417903247387,37.34336295071339],[-122.00417903247387,37.33374890002204],[-121.99280779590266,37.33717507269211],[-121.99280779590266,37.346789438373136],[-122.00417903247387,37.34336295071339]]]}},{"type":"Feature","properties":{"state":"California","county":"Santa Clara","s2_cell":"9263822605784186880","waymo_ro_miles":4629.268302878159,"incremental_miles":3017.337,"vintage_end":"202603","exposure_phase":"deployment"},"geometry":{"type":"Polygon","coordinates":[[[-122.01554908571447,37.339935418681314],[-122.01554908571447,37.33032168321322],[-122.00417903247387,37.33374890002204],[-122.00417903247387,37.34336295071339],[-122.01554908571447,37.339935418681314]]]}},{"type":"Feature","properties":{"state":"California","county":"Santa Clara","s2_cell":"9263822640143925248","waymo_ro_miles":1962.7726004415053,"incremental_miles":1753.644,"vintage_end":"202603","exposure_phase":"deployment"},"geometry":{"type":"Polygon","coordinates":[[[-122.01554908571447,37.33032168321322],[-122.01554908571447,37.320706707580904],[-122.00417903247384,37.32413360873975],[-122.00417903247387,37.33374890002204],[-122.01554908571447,37.33032168321322]]]}},{"type":"Feature","properties":{"state":"California","county":"Santa Clara","s2_cell":"9263822674503663616","waymo_ro_miles":3.0546724925887005,"incremental_miles":3.055,"vintage_end":"202603","exposure_phase":"deployment"},"geometry":{"type":"Polygon","coordinates":[[[-122.0269179545603,37.326893422842815],[-122.0269179545603,37.31727876309424],[-122.01554908571447,37.320706707580904],[-122.01554908571447,37.33032168321322],[-122.0269179545603,37.326893422842815]]]}},{"type":"Feature","properties":{"state":"California","county":"Santa Clara","s2_cell":"9263822743223140352","waymo_ro_miles":933.5715715757033,"incremental_miles":898.097,"vintage_end":"202603","exposure_phase":"deployment"},"geometry":{"type":"Polygon","coordinates":[[[-122.03828563794798,37.33307722380889],[-122.03828563794798,37.32346411948834],[-122.0269179545603,37.326893422842815],[-122.0269179545603,37.336506842854],[-122.03828563794798,37.33307722380889]]]}},{"type":"Feature","properties":{"state":"California","county":"Santa Clara","s2_cell":"9263822777582878720","waymo_ro_miles":2801.6051616951,"incremental_miles":2253.136,"vintage_end":"202603","exposure_phase":"deployment"},"geometry":{"type":"Polygon","coordinates":[[[-122.0269179545603,37.336506842854],[-122.0269179545603,37.326893422842815],[-122.01554908571447,37.33032168321322],[-122.01554908571447,37.339935418681314],[-122.0269179545603,37.336506842854]]]}},{"type":"Feature","properties":{"state":"California","county":"Santa Clara","s2_cell":"9263822811942617088","waymo_ro_miles":1459.6912444985785,"incremental_miles":839.119,"vintage_end":"202603","exposure_phase":"deployment"},"geometry":{"type":"Polygon","coordinates":[[[-122.0269179545603,37.34611902259407],[-122.0269179545603,37.336506842854],[-122.01554908571447,37.339935418681314],[-122.01554908571447,37.34954791345156],[-122.0269179545603,37.34611902259407]]]}},{"type":"Feature","properties":{"state":"California","county":"Santa Clara","s2_cell":"9263822846302355456","waymo_ro_miles":4790.149502866045,"incremental_miles":2985.318,"vintage_end":"202603","exposure_phase":"deployment"},"geometry":{"type":"Polygon","coordinates":[[[-122.03828563794798,37.342689088285155],[-122.03828563794798,37.33307722380889],[-122.0269179545603,37.336506842854],[-122.0269179545603,37.34611902259407],[-122.03828563794798,37.342689088285155]]]}},{"type":"Feature","properties":{"state":"California","county":"Santa Clara","s2_cell":"9263822880662093824","waymo_ro_miles":5782.662774907079,"incremental_miles":3180.357,"vintage_end":"202603","exposure_phase":"deployment"},"geometry":{"type":"Polygon","coordinates":[[[-122.03828563794798,37.35229971238384],[-122.03828563794798,37.342689088285155],[-122.0269179545603,37.34611902259407],[-122.0269179545603,37.3557299615298],[-122.03828563794798,37.35229971238384]]]}},{"type":"Feature","properties":{"state":"California","county":"Santa Clara","s2_cell":"9263822915021832192","waymo_ro_miles":4217.541330550386,"incremental_miles":2508.568,"vintage_end":"202603","exposure_phase":"deployment"},"geometry":{"type":"Polygon","coordinates":[[[-122.0269179545603,37.3557299615298],[-122.0269179545603,37.34611902259407],[-122.01554908571447,37.34954791345156],[-122.01554908571447,37.35915916699084],[-122.0269179545603,37.3557299615298]]]}},{"type":"Feature","properties":{"state":"California","county":"Santa Clara","s2_cell":"9263822949381570560","waymo_ro_miles":6809.9324928465685,"incremental_miles":3699.213,"vintage_end":"202603","exposure_phase":"deployment"},"geometry":{"type":"Polygon","coordinates":[[[-122.01554908571447,37.35915916699084],[-122.01554908571447,37.34954791345156],[-122.00417903247387,37.35297576028027],[-122.00417903247384,37.36258732818968],[-122.01554908571447,37.35915916699084]]]}},{"type":"Feature","properties":{"state":"California","county":"Santa Clara","s2_cell":"9263822983741308928","waymo_ro_miles":4370.26721257516,"incremental_miles":2047.277,"vintage_end":"202603","exposure_phase":"deployment"},"geometry":{"type":"Polygon","coordinates":[[[-122.01554908571447,37.34954791345156],[-122.01554908571447,37.339935418681314],[-122.00417903247387,37.34336295071339],[-122.00417903247387,37.35297576028027],[-122.01554908571447,37.34954791345156]]]}},{"type":"Feature","properties":{"state":"California","county":"Santa Clara","s2_cell":"9263823018101047296","waymo_ro_miles":12565.917131872295,"incremental_miles":7445.896,"vintage_end":"202603","exposure_phase":"deployment"},"geometry":{"type":"Polygon","coordinates":[[[-122.00417903247387,37.35297576028027],[-122.00417903247387,37.34336295071339],[-121.99280779590266,37.346789438373136],[-121.99280779590266,37.35640256250318],[-122.00417903247387,37.35297576028027]]]}},{"type":"Feature","properties":{"state":"California","county":"Santa Clara","s2_cell":"9263823052460785664","waymo_ro_miles":9286.773596985751,"incremental_miles":5968.846,"vintage_end":"202603","exposure_phase":"deployment"},"geometry":{"type":"Polygon","coordinates":[[[-122.00417903247384,37.36258732818968],[-122.00417903247387,37.35297576028027],[-121.99280779590266,37.35640256250318],[-121.99280779590266,37.36601444454932],[-122.00417903247384,37.36258732818968]]]}},{"type":"Feature","properties":{"state":"California","county":"Santa Clara","s2_cell":"9263823086820524032","waymo_ro_miles":13035.448422247455,"incremental_miles":8372.633,"vintage_end":"202603","exposure_phase":"deployment"},"geometry":{"type":"Polygon","coordinates":[[[-122.00417903247384,37.372197653909126],[-122.00417903247384,37.36258732818968],[-121.99280779590266,37.36601444454932],[-121.99280779590266,37.3756250839792],[-122.00417903247384,37.372197653909126]]]}},{"type":"Feature","properties":{"state":"California","county":"Santa Clara","s2_cell":"9263823121180262400","waymo_ro_miles":7034.552630422149,"incremental_miles":3826.657,"vintage_end":"202603","exposure_phase":"deployment"},"geometry":{"type":"Polygon","coordinates":[[[-122.01554908571447,37.368769178766605],[-122.01554908571447,37.35915916699084],[-122.00417903247384,37.36258732818968],[-122.00417903247384,37.372197653909126],[-122.01554908571447,37.368769178766605]]]}},{"type":"Feature","properties":{"state":"California","county":"Santa Clara","s2_cell":"9263823155540000768","waymo_ro_miles":28877.845027746396,"incremental_miles":17605.342,"vintage_end":"202603","exposure_phase":"deployment"},"geometry":{"type":"Polygon","coordinates":[[[-122.01554908571447,37.37837794824681],[-122.01554908571447,37.368769178766605],[-122.00417903247384,37.372197653909126],[-122.00417903247387,37.38180673690669],[-122.01554908571447,37.37837794824681]]]}},{"type":"Feature","properties":{"state":"California","county":"Santa Clara","s2_cell":"9263823189899739136","waymo_ro_miles":35851.08929882085,"incremental_miles":22893.868,"vintage_end":"202603","exposure_phase":"deployment"},"geometry":{"type":"Polygon","coordinates":[[[-122.00417903247387,37.38180673690669],[-122.00417903247384,37.372197653909126],[-121.99280779590266,37.3756250839792],[-121.99280779590266,37.385234480260976],[-122.00417903247387,37.38180673690669]]]}},{"type":"Feature","properties":{"state":"California","county":"Santa Clara","s2_cell":"9263823224259477504","waymo_ro_miles":24805.82666402446,"incremental_miles":17402.159,"vintage_end":"202603","exposure_phase":"deployment"},"geometry":{"type":"Polygon","coordinates":[[[-122.00417903247387,37.391414576650966],[-122.00417903247387,37.38180673690669],[-121.99280779590266,37.385234480260976],[-121.99280779590266,37.394842632863345],[-122.00417903247387,37.391414576650966]]]}},{"type":"Feature","properties":{"state":"California","county":"Santa Clara","s2_cell":"9263823258619215872","waymo_ro_miles":19014.390264549875,"incremental_miles":13646.263,"vintage_end":"202603","exposure_phase":"deployment"},"geometry":{"type":"Polygon","coordinates":[[[-122.00417903247387,37.40102117261109],[-122.00417903247387,37.391414576650966],[-121.99280779590266,37.394842632863345],[-121.99280779590266,37.40444954125553],[-122.00417903247387,37.40102117261109]]]}},{"type":"Feature","properties":{"state":"California","county":"Santa Clara","s2_cell":"9263823292978954240","waymo_ro_miles":28140.91087964172,"incremental_miles":13030.241,"vintage_end":"202603","exposure_phase":"deployment"},"geometry":{"type":"Polygon","coordinates":[[[-122.01554908571447,37.39759175819509],[-122.01554908571447,37.38798547489996],[-122.00417903247387,37.391414576650966],[-122.00417903247387,37.40102117261109],[-122.01554908571447,37.39759175819509]]]}},{"type":"Feature","properties":{"state":"California","county":"Santa Clara","s2_cell":"9263823327338692608","waymo_ro_miles":11411.903007397168,"incremental_miles":6559.732,"vintage_end":"202603","exposure_phase":"deployment"},"geometry":{"type":"Polygon","coordinates":[[[-122.01554908571447,37.38798547489996],[-122.01554908571447,37.37837794824681],[-122.00417903247387,37.38180673690669],[-122.00417903247387,37.391414576650966],[-122.01554908571447,37.38798547489996]]]}},{"type":"Feature","properties":{"state":"California","county":"Santa Clara","s2_cell":"9263823361698430976","waymo_ro_miles":53910.11289378986,"incremental_miles":24495.759,"vintage_end":"202603","exposure_phase":"deployment"},"geometry":{"type":"Polygon","coordinates":[[[-122.0269179545603,37.384555328187076],[-122.0269179545603,37.374948114858164],[-122.01554908571447,37.37837794824681],[-122.01554908571447,37.38798547489996],[-122.0269179545603,37.384555328187076]]]}},{"type":"Feature","properties":{"state":"California","county":"Santa Clara","s2_cell":"9263823396058169344","waymo_ro_miles":11597.064456514048,"incremental_miles":5192.757,"vintage_end":"202603","exposure_phase":"deployment"},"geometry":{"type":"Polygon","coordinates":[[[-122.0269179545603,37.39416129858422],[-122.0269179545603,37.384555328187076],[-122.01554908571447,37.38798547489996],[-122.01554908571447,37.39759175819509],[-122.0269179545603,37.39416129858422]]]}},{"type":"Feature","properties":{"state":"California","county":"Santa Clara","s2_cell":"9263823430417907712","waymo_ro_miles":111924.4033449646,"incremental_miles":44496.962,"vintage_end":"202603","exposure_phase":"deployment"},"geometry":{"type":"Polygon","coordinates":[[[-122.03828563794801,37.39072979435553],[-122.03828563794801,37.38112413708943],[-122.0269179545603,37.384555328187076],[-122.0269179545603,37.39416129858422],[-122.03828563794801,37.39072979435553]]]}},{"type":"Feature","properties":{"state":"California","county":"Santa Clara","s2_cell":"9263823464777646080","waymo_ro_miles":50923.741705198074,"incremental_miles":28501.499,"vintage_end":"202603","exposure_phase":"deployment"},"geometry":{"type":"Polygon","coordinates":[[[-122.03828563794801,37.38112413708943],[-122.03828563794798,37.37151723731794],[-122.0269179545603,37.374948114858164],[-122.0269179545603,37.384555328187076],[-122.03828563794801,37.38112413708943]]]}},{"type":"Feature","properties":{"state":"California","county":"Santa Clara","s2_cell":"9263823499137384448","waymo_ro_miles":10938.070721818263,"incremental_miles":6403.519,"vintage_end":"202603","exposure_phase":"deployment"},"geometry":{"type":"Polygon","coordinates":[[[-122.03828563794798,37.37151723731794],[-122.03828563794798,37.36190909557217],[-122.0269179545603,37.365339659128544],[-122.0269179545603,37.374948114858164],[-122.03828563794798,37.37151723731794]]]}},{"type":"Feature","properties":{"state":"California","county":"Santa Clara","s2_cell":"9263823533497122816","waymo_ro_miles":7091.517211038146,"incremental_miles":4350.618,"vintage_end":"202603","exposure_phase":"deployment"},"geometry":{"type":"Polygon","coordinates":[[[-122.0269179545603,37.374948114858164],[-122.0269179545603,37.365339659128544],[-122.01554908571447,37.368769178766605],[-122.01554908571447,37.37837794824681],[-122.0269179545603,37.374948114858164]]]}},{"type":"Feature","properties":{"state":"California","county":"Santa Clara","s2_cell":"9263823567856861184","waymo_ro_miles":4951.42788226766,"incremental_miles":3029.603,"vintage_end":"202603","exposure_phase":"deployment"},"geometry":{"type":"Polygon","coordinates":[[[-122.0269179545603,37.365339659128544],[-122.0269179545603,37.3557299615298],[-122.01554908571447,37.35915916699084],[-122.01554908571447,37.368769178766605],[-122.0269179545603,37.365339659128544]]]}},{"type":"Feature","properties":{"state":"California","county":"Santa Clara","s2_cell":"9263823602216599552","waymo_ro_miles":9401.554950640424,"incremental_miles":5032.311,"vintage_end":"202603","exposure_phase":"deployment"},"geometry":{"type":"Polygon","coordinates":[[[-122.03828563794798,37.36190909557217],[-122.03828563794798,37.35229971238384],[-122.0269179545603,37.3557299615298],[-122.0269179545603,37.365339659128544],[-122.03828563794798,37.36190909557217]]]}},{"type":"Feature","properties":{"state":"California","county":"Santa Clara","s2_cell":"9263823636576337920","waymo_ro_miles":4772.758500232333,"incremental_miles":2182.863,"vintage_end":"202603","exposure_phase":"deployment"},"geometry":{"type":"Polygon","coordinates":[[[-122.04965213481489,37.35847748867504],[-122.04965213481489,37.34886842013058],[-122.03828563794798,37.35229971238384],[-122.03828563794798,37.36190909557217],[-122.04965213481489,37.35847748867504]]]}},{"type":"Feature","properties":{"state":"California","county":"Santa Clara","s2_cell":"9263823670936076288","waymo_ro_miles":6905.947644251149,"incremental_miles":3545.594,"vintage_end":"202603","exposure_phase":"deployment"},"geometry":{"type":"Polygon","coordinates":[[[-122.04965213481489,37.36808531620358],[-122.04965213481489,37.35847748867504],[-122.03828563794798,37.36190909557217],[-122.03828563794798,37.37151723731794],[-122.04965213481489,37.36808531620358]]]}},{"type":"Feature","properties":{"state":"California","county":"Santa Clara","s2_cell":"9263823705295814656","waymo_ro_miles":8054.778502850275,"incremental_miles":3129.545,"vintage_end":"202603","exposure_phase":"deployment"},"geometry":{"type":"Polygon","coordinates":[[[-122.06101744409916,37.36465235209296],[-122.06101744409916,37.35504483901504],[-122.04965213481489,37.35847748867504],[-122.04965213481489,37.36808531620358],[-122.06101744409916,37.36465235209296]]]}},{"type":"Feature","properties":{"state":"California","county":"Santa Clara","s2_cell":"9263823739655553024","waymo_ro_miles":8180.407982373478,"incremental_miles":3913.877,"vintage_end":"202603","exposure_phase":"deployment"},"geometry":{"type":"Polygon","coordinates":[[[-122.06101744409916,37.35504483901504],[-122.06101744409916,37.34543608534799],[-122.04965213481489,37.34886842013058],[-122.04965213481489,37.35847748867504],[-122.06101744409916,37.35504483901504]]]}},{"type":"Feature","properties":{"state":"California","county":"Santa Clara","s2_cell":"9263823774015291392","waymo_ro_miles":5622.910213555278,"incremental_miles":2082.933,"vintage_end":"202603","exposure_phase":"deployment"},"geometry":{"type":"Polygon","coordinates":[[[-122.07238156473971,37.35161114717039],[-122.07238156473971,37.34200270861434],[-122.06101744409916,37.34543608534799],[-122.06101744409916,37.35504483901504],[-122.07238156473971,37.35161114717039]]]}},{"type":"Feature","properties":{"state":"California","county":"Santa Clara","s2_cell":"9263823808375029760","waymo_ro_miles":4792.553291496864,"incremental_miles":1547.778,"vintage_end":"202603","exposure_phase":"deployment"},"geometry":{"type":"Polygon","coordinates":[[[-122.08374449567626,37.348176413719614],[-122.08374449567627,37.338568290508235],[-122.07238156473971,37.34200270861434],[-122.07238156473971,37.35161114717039],[-122.08374449567626,37.348176413719614]]]}},{"type":"Feature","properties":{"state":"California","county":"Santa Clara","s2_cell":"9263823842734768128","waymo_ro_miles":6064.568717399494,"incremental_miles":6064.569,"vintage_end":"202603","exposure_phase":"deployment"},"geometry":{"type":"Polygon","coordinates":[[[-122.08374449567627,37.357783297195716],[-122.08374449567626,37.348176413719614],[-122.07238156473971,37.35161114717039],[-122.07238156473971,37.361218345564176],[-122.08374449567627,37.357783297195716]]]}},{"type":"Feature","properties":{"state":"California","county":"Santa Clara","s2_cell":"9263823877094506496","waymo_ro_miles":3730.758861490387,"incremental_miles":2343.381,"vintage_end":"202603","exposure_phase":"deployment"},"geometry":{"type":"Polygon","coordinates":[[[-122.07238156473971,37.361218345564176],[-122.07238156473971,37.35161114717039],[-122.06101744409916,37.35504483901504],[-122.06101744409916,37.36465235209296],[-122.07238156473971,37.361218345564176]]]}},{"type":"Feature","properties":{"state":"California","county":"Santa Clara","s2_cell":"9263823911454244864","waymo_ro_miles":5303.681681793144,"incremental_miles":2017.097,"vintage_end":"202603","exposure_phase":"deployment"},"geometry":{"type":"Polygon","coordinates":[[[-122.07238156473971,37.37082430326371],[-122.07238156473971,37.361218345564176],[-122.06101744409916,37.36465235209296],[-122.06101744409916,37.374258624049844],[-122.07238156473971,37.37082430326371]]]}},{"type":"Feature","properties":{"state":"California","county":"Santa Clara","s2_cell":"9263823945813983232","waymo_ro_miles":8418.684877638827,"incremental_miles":2278.371,"vintage_end":"202603","exposure_phase":"deployment"},"geometry":{"type":"Polygon","coordinates":[[[-122.08374449567627,37.36738894040445],[-122.08374449567627,37.357783297195716],[-122.07238156473971,37.361218345564176],[-122.07238156473971,37.37082430326371],[-122.08374449567627,37.36738894040445]]]}},{"type":"Feature","properties":{"state":"California","county":"Santa Clara","s2_cell":"9263823980173721600","waymo_ro_miles":13927.694308436163,"incremental_miles":3411.901,"vintage_end":"202603","exposure_phase":"deployment"},"geometry":{"type":"Polygon","coordinates":[[[-122.08374449567626,37.3769933428143],[-122.08374449567627,37.36738894040445],[-122.07238156473971,37.37082430326371],[-122.07238156473971,37.380429019737555],[-122.08374449567626,37.3769933428143]]]}},{"type":"Feature","properties":{"state":"California","county":"Santa Clara","s2_cell":"9263824014533459968","waymo_ro_miles":34692.41470613195,"incremental_miles":8610.275,"vintage_end":"202603","exposure_phase":"deployment"},"geometry":{"type":"Polygon","coordinates":[[[-122.07238156473971,37.380429019737555],[-122.07238156473971,37.37082430326371],[-122.06101744409916,37.374258624049844],[-122.06101744409916,37.38386365435435],[-122.07238156473971,37.380429019737555]]]}},{"type":"Feature","properties":{"state":"California","county":"Santa Clara","s2_cell":"9263824048893198336","waymo_ro_miles":29389.765585511246,"incremental_miles":2824.4,"vintage_end":"202603","exposure_phase":"deployment"},"geometry":{"type":"Polygon","coordinates":[[[-122.06101744409916,37.38386365435435],[-122.06101744409916,37.374258624049844],[-122.04965213481489,37.37769190218444],[-122.04965213481489,37.387297246086334],[-122.06101744409916,37.38386365435435]]]}},{"type":"Feature","properties":{"state":"California","county":"Santa Clara","s2_cell":"9263824083252936704","waymo_ro_miles":15952.848325098368,"incremental_miles":4685.881,"vintage_end":"202603","exposure_phase":"deployment"},"geometry":{"type":"Polygon","coordinates":[[[-122.06101744409916,37.374258624049844],[-122.06101744409916,37.36465235209296],[-122.04965213481489,37.36808531620358],[-122.04965213481489,37.37769190218444],[-122.06101744409916,37.374258624049844]]]}},{"type":"Feature","properties":{"state":"California","county":"Santa Clara","s2_cell":"9263824117612675072","waymo_ro_miles":18453.83842593115,"incremental_miles":9864.247,"vintage_end":"202603","exposure_phase":"deployment"},"geometry":{"type":"Polygon","coordinates":[[[-122.04965213481489,37.37769190218444],[-122.04965213481489,37.36808531620358],[-122.03828563794798,37.37151723731794],[-122.03828563794801,37.38112413708943],[-122.04965213481489,37.37769190218444]]]}},{"type":"Feature","properties":{"state":"California","county":"Santa Clara","s2_cell":"9263824151972413440","waymo_ro_miles":57831.97171852438,"incremental_miles":25102.838,"vintage_end":"202603","exposure_phase":"deployment"},"geometry":{"type":"Polygon","coordinates":[[[-122.04965213481489,37.387297246086334],[-122.04965213481489,37.37769190218444],[-122.03828563794801,37.38112413708943],[-122.03828563794801,37.39072979435553],[-122.04965213481489,37.387297246086334]]]}},{"type":"Feature","properties":{"state":"California","county":"Santa Clara","s2_cell":"9263824186332151808","waymo_ro_miles":88729.99311958508,"incremental_miles":24421.205,"vintage_end":"202603","exposure_phase":"deployment"},"geometry":{"type":"Polygon","coordinates":[[[-122.04965213481489,37.396901347378574],[-122.04965213481489,37.387297246086334],[-122.03828563794801,37.39072979435553],[-122.03828563794798,37.40033420858558],[-122.04965213481489,37.396901347378574]]]}},{"type":"Feature","properties":{"state":"California","county":"Santa Clara","s2_cell":"9263824255051628544","waymo_ro_miles":106646.01696946664,"incremental_miles":22212.34,"vintage_end":"202603","exposure_phase":"deployment"},"geometry":{"type":"Polygon","coordinates":[[[-122.06101744409916,37.403069987883526],[-122.06101744409916,37.393467442475675],[-122.04965213481489,37.396901347378574],[-122.04965213481489,37.40650420553097],[-122.06101744409916,37.403069987883526]]]}},{"type":"Feature","properties":{"state":"California","county":"Santa Clara","s2_cell":"9263824289411366912","waymo_ro_miles":91797.8815950118,"incremental_miles":21543.723,"vintage_end":"202603","exposure_phase":"deployment"},"geometry":{"type":"Polygon","coordinates":[[[-122.06101744409916,37.393467442475675],[-122.06101744409916,37.38386365435435],[-122.04965213481489,37.387297246086334],[-122.04965213481489,37.396901347378574],[-122.06101744409916,37.393467442475675]]]}},{"type":"Feature","properties":{"state":"California","county":"Santa Clara","s2_cell":"9263824323771105280","waymo_ro_miles":68823.86810597964,"incremental_miles":9466.77,"vintage_end":"202603","exposure_phase":"deployment"},"geometry":{"type":"Polygon","coordinates":[[[-122.07238156473971,37.3900324944548],[-122.07238156473971,37.380429019737555],[-122.06101744409916,37.38386365435435],[-122.06101744409916,37.393467442475675],[-122.07238156473971,37.3900324944548]]]}},{"type":"Feature","properties":{"state":"California","county":"Santa Clara","s2_cell":"9263824358130843648","waymo_ro_miles":27113.322272670513,"incremental_miles":4443.442,"vintage_end":"202603","exposure_phase":"deployment"},"geometry":{"type":"Polygon","coordinates":[[[-122.08374449567626,37.38659650389424],[-122.08374449567626,37.3769933428143],[-122.07238156473971,37.380429019737555],[-122.07238156473971,37.3900324944548],[-122.08374449567626,37.38659650389424]]]}},{"type":"Feature","properties":{"state":"California","county":"Santa Clara","s2_cell":"9263824392490582016","waymo_ro_miles":120494.03514159896,"incremental_miles":24147.21,"vintage_end":"202603","exposure_phase":"deployment"},"geometry":{"type":"Polygon","coordinates":[[[-122.08374449567626,37.396198423113795],[-122.08374449567626,37.38659650389424],[-122.07238156473971,37.3900324944548],[-122.07238156473971,37.399634726885076],[-122.08374449567626,37.396198423113795]]]}},{"type":"Feature","properties":{"state":"California","county":"Santa Clara","s2_cell":"9263824426850320384","waymo_ro_miles":139365.59309122738,"incremental_miles":34599.533,"vintage_end":"202603","exposure_phase":"deployment"},"geometry":{"type":"Polygon","coordinates":[[[-122.07238156473971,37.399634726885076],[-122.07238156473971,37.3900324944548],[-122.06101744409916,37.393467442475675],[-122.06101744409916,37.403069987883526],[-122.07238156473971,37.399634726885076]]]}},{"type":"Feature","properties":{"state":"California","county":"Santa Clara","s2_cell":"9263824461210058752","waymo_ro_miles":64763.93019749561,"incremental_miles":21655.03,"vintage_end":"202603","exposure_phase":"deployment"},"geometry":{"type":"Polygon","coordinates":[[[-122.07238156473971,37.40923571649852],[-122.07238156473971,37.399634726885076],[-122.06101744409916,37.403069987883526],[-122.06101744409916,37.41267129004817],[-122.07238156473971,37.40923571649852]]]}},{"type":"Feature","properties":{"state":"California","county":"Santa Clara","s2_cell":"9263824495569797120","waymo_ro_miles":238388.88452081403,"incremental_miles":44064.349,"vintage_end":"202603","exposure_phase":"deployment"},"geometry":{"type":"Polygon","coordinates":[[[-122.08374449567626,37.405799099943046],[-122.08374449567626,37.396198423113795],[-122.07238156473971,37.399634726885076],[-122.07238156473971,37.40923571649852],[-122.08374449567626,37.405799099943046]]]}},{"type":"Feature","properties":{"state":"California","county":"Santa Clara","s2_cell":"9263824529929535488","waymo_ro_miles":169871.21962565495,"incremental_miles":31682.618,"vintage_end":"202603","exposure_phase":"deployment"},"geometry":{"type":"Polygon","coordinates":[[[-122.08374449567627,37.41539853385257],[-122.08374449567626,37.405799099943046],[-122.07238156473971,37.40923571649852],[-122.07238156473971,37.418835462765855],[-122.08374449567627,37.41539853385257]]]}},{"type":"Feature","properties":{"state":"California","county":"Santa Clara","s2_cell":"9263824804807442432","waymo_ro_miles":60443.51761374018,"incremental_miles":60443.518,"vintage_end":"202603","exposure_phase":"deployment"},"geometry":{"type":"Polygon","coordinates":[[[-122.0269179545603,37.422971746882524],[-122.0269179545603,37.41336950846166],[-122.01554908571447,37.416800592590164],[-122.01554908571447,37.42640314263086],[-122.0269179545603,37.422971746882524]]]}},{"type":"Feature","properties":{"state":"California","county":"Santa Clara","s2_cell":"9263824839167180800","waymo_ro_miles":190.47400705789107,"incremental_miles":190.474,"vintage_end":"202603","exposure_phase":"deployment"},"geometry":{"type":"Polygon","coordinates":[[[-122.03828563794798,37.41953930581781],[-122.03828563794798,37.409937379249534],[-122.0269179545603,37.41336950846166],[-122.0269179545603,37.422971746882524],[-122.03828563794798,37.41953930581781]]]}},{"type":"Feature","properties":{"state":"California","county":"Santa Clara","s2_cell":"9263824873526919168","waymo_ro_miles":5124.470927596941,"incremental_miles":5124.471,"vintage_end":"202603","exposure_phase":"deployment"},"geometry":{"type":"Polygon","coordinates":[[[-122.03828563794798,37.409937379249534],[-122.03828563794798,37.40033420858558],[-122.0269179545603,37.40376602551908],[-122.0269179545603,37.41336950846166],[-122.03828563794798,37.409937379249534]]]}},{"type":"Feature","properties":{"state":"California","county":"Santa Clara","s2_cell":"9263824907886657536","waymo_ro_miles":107997.72979861221,"incremental_miles":34087.414,"vintage_end":"202603","exposure_phase":"deployment"},"geometry":{"type":"Polygon","coordinates":[[[-122.03828563794798,37.40033420858558],[-122.03828563794801,37.39072979435553],[-122.0269179545603,37.39416129858422],[-122.0269179545603,37.40376602551908],[-122.03828563794798,37.40033420858558]]]}},{"type":"Feature","properties":{"state":"California","county":"Santa Clara","s2_cell":"9263824942246395904","waymo_ro_miles":37849.21357684941,"incremental_miles":14758.115,"vintage_end":"202603","exposure_phase":"deployment"},"geometry":{"type":"Polygon","coordinates":[[[-122.0269179545603,37.40376602551908],[-122.0269179545603,37.39416129858422],[-122.01554908571447,37.39759175819509],[-122.01554908571447,37.40719679760179],[-122.0269179545603,37.40376602551908]]]}},{"type":"Feature","properties":{"state":"California","county":"Santa Clara","s2_cell":"9263824976606134272","waymo_ro_miles":84777.87826442675,"incremental_miles":37748.378,"vintage_end":"202603","exposure_phase":"deployment"},"geometry":{"type":"Polygon","coordinates":[[[-122.0269179545603,37.41336950846166],[-122.0269179545603,37.40376602551908],[-122.01554908571447,37.40719679760179],[-122.01554908571447,37.416800592590164],[-122.0269179545603,37.41336950846166]]]}},{"type":"Feature","properties":{"state":"California","county":"Santa Clara","s2_cell":"9263825010965872640","waymo_ro_miles":26253.903834109118,"incremental_miles":26253.904,"vintage_end":"202603","exposure_phase":"deployment"},"geometry":{"type":"Polygon","coordinates":[[[-122.01554908571447,37.416800592590164],[-122.01554908571447,37.40719679760179],[-122.00417903247384,37.41062652425675],[-122.00417903247384,37.42023063105814],[-122.01554908571447,37.416800592590164]]]}},{"type":"Feature","properties":{"state":"California","county":"Santa Clara","s2_cell":"9263825045325611008","waymo_ro_miles":41114.25143575747,"incremental_miles":15724.97,"vintage_end":"202603","exposure_phase":"deployment"},"geometry":{"type":"Polygon","coordinates":[[[-122.01554908571447,37.40719679760179],[-122.01554908571447,37.39759175819509],[-122.00417903247387,37.40102117261109],[-122.00417903247384,37.41062652425675],[-122.01554908571447,37.40719679760179]]]}},{"type":"Feature","properties":{"state":"California","county":"Santa Clara","s2_cell":"9263825079685349376","waymo_ro_miles":26814.880258714977,"incremental_miles":16580.593,"vintage_end":"202603","exposure_phase":"deployment"},"geometry":{"type":"Polygon","coordinates":[[[-122.00417903247384,37.41062652425675],[-122.00417903247387,37.40102117261109],[-121.99280779590266,37.40444954125553],[-121.99280779590266,37.41405520490733],[-122.00417903247384,37.41062652425675]]]}},{"type":"Feature","properties":{"state":"California","county":"Santa Clara","s2_cell":"9263825114045087744","waymo_ro_miles":8369.730157874876,"incremental_miles":6037.097,"vintage_end":"202603","exposure_phase":"deployment"},"geometry":{"type":"Polygon","coordinates":[[[-122.00417903247384,37.42023063105814],[-122.00417903247384,37.41062652425675],[-121.99280779590266,37.41405520490733],[-121.99280779590266,37.423659623289026],[-122.00417903247384,37.42023063105814]]]}},{"type":"Feature","properties":{"state":"California","county":"Santa Clara","s2_cell":"9263827347428081664","waymo_ro_miles":23526.973145897933,"incremental_miles":23526.973,"vintage_end":"202603","exposure_phase":"deployment"},"geometry":{"type":"Polygon","coordinates":[[[-122.07238156473971,37.42843396515829],[-122.07238156473971,37.418835462765855],[-122.06101744409916,37.42227134844041],[-122.06101744409916,37.43187016253156],[-122.07238156473971,37.42843396515829]]]}},{"type":"Feature","properties":{"state":"California","county":"Santa Clara","s2_cell":"9263827416147558400","waymo_ro_miles":5966.499842128073,"incremental_miles":5966.5,"vintage_end":"202603","exposure_phase":"deployment"},"geometry":{"type":"Polygon","coordinates":[[[-122.08374449567626,37.43459367079755],[-122.08374449567626,37.424996724313516],[-122.07238156473971,37.42843396515829],[-122.07238156473971,37.43803122314761],[-122.08374449567626,37.43459367079755]]]}},{"type":"Feature","properties":{"state":"California","county":"Santa Clara","s2_cell":"9263827450507296768","waymo_ro_miles":101228.659059403,"incremental_miles":20729.083,"vintage_end":"202603","exposure_phase":"deployment"},"geometry":{"type":"Polygon","coordinates":[[[-122.08374449567626,37.424996724313516],[-122.08374449567627,37.41539853385257],[-122.07238156473971,37.418835462765855],[-122.07238156473971,37.42843396515829],[-122.08374449567626,37.424996724313516]]]}},{"type":"Feature","properties":{"state":"California","county":"Santa Clara","s2_cell":"9263827484867035136","waymo_ro_miles":78447.34410619449,"incremental_miles":20288.114,"vintage_end":"202603","exposure_phase":"deployment"},"geometry":{"type":"Polygon","coordinates":[[[-122.09510623584924,37.42155844057553],[-122.09510623584924,37.41196056227895],[-122.08374449567627,37.41539853385257],[-122.08374449567626,37.424996724313516],[-122.09510623584924,37.42155844057553]]]}},{"type":"Feature","properties":{"state":"California","county":"Santa Clara","s2_cell":"9263827519226773504","waymo_ro_miles":69014.01041677983,"incremental_miles":15786.01,"vintage_end":"202603","exposure_phase":"deployment"},"geometry":{"type":"Polygon","coordinates":[[[-122.10646678419991,37.418119114523],[-122.10646678419991,37.408521548623696],[-122.09510623584924,37.41196056227895],[-122.09510623584924,37.42155844057553],[-122.10646678419991,37.418119114523]]]}},{"type":"Feature","properties":{"state":"California","county":"Santa Clara","s2_cell":"9263827553586511872","waymo_ro_miles":19738.35068498061,"incremental_miles":8302.903,"vintage_end":"202603","exposure_phase":"deployment"},"geometry":{"type":"Polygon","coordinates":[[[-122.10646678419991,37.427715437298126],[-122.10646678419991,37.418119114523],[-122.09510623584924,37.42155844057553],[-122.09510623584924,37.43115507532153],[-122.10646678419991,37.427715437298126]]]}},{"type":"Feature","properties":{"state":"California","county":"Santa Clara","s2_cell":"9263827587946250240","waymo_ro_miles":17568.89903743295,"incremental_miles":4685.414,"vintage_end":"202603","exposure_phase":"deployment"},"geometry":{"type":"Polygon","coordinates":[[[-122.09510623584924,37.43115507532153],[-122.09510623584924,37.42155844057553],[-122.08374449567626,37.424996724313516],[-122.08374449567626,37.43459367079755],[-122.09510623584924,37.43115507532153]]]}},{"type":"Feature","properties":{"state":"California","county":"Santa Clara","s2_cell":"9263827725385203712","waymo_ro_miles":7323.564148079018,"incremental_miles":7323.564,"vintage_end":"202603","exposure_phase":"deployment"},"geometry":{"type":"Polygon","coordinates":[[[-122.10646678419991,37.43731051642109],[-122.10646678419991,37.427715437298126],[-122.09510623584924,37.43115507532153],[-122.09510623584924,37.44075046598901],[-122.10646678419991,37.43731051642109]]]}},{"type":"Feature","properties":{"state":"California","county":"Santa Clara","s2_cell":"9263827828464418816","waymo_ro_miles":3933.8764827668942,"incremental_miles":964.933,"vintage_end":"202603","exposure_phase":"deployment"},"geometry":{"type":"Polygon","coordinates":[[[-122.12918430120307,37.4400207032693],[-122.12918430120307,37.43042749126063],[-122.11782613967026,37.43386952465191],[-122.11782613967026,37.44346304824428],[-122.12918430120307,37.4400207032693]]]}},{"type":"Feature","properties":{"state":"California","county":"Santa Clara","s2_cell":"9263827862824157184","waymo_ro_miles":14407.015340500308,"incremental_miles":14407.015,"vintage_end":"202603","exposure_phase":"deployment"},"geometry":{"type":"Polygon","coordinates":[[[-122.12918430120307,37.43042749126063],[-122.12918430120307,37.42083303592512],[-122.11782613967026,37.42427475730625],[-122.11782613967026,37.43386952465191],[-122.12918430120307,37.43042749126063]]]}},{"type":"Feature","properties":{"state":"California","county":"Santa Clara","s2_cell":"9263827897183895552","waymo_ro_miles":99837.26643753186,"incremental_miles":99837.266,"vintage_end":"202603","exposure_phase":"deployment"},"geometry":{"type":"Polygon","coordinates":[[[-122.12918430120307,37.42083303592512],[-122.12918430120307,37.411237337790446],[-122.11782613967026,37.414678746734864],[-122.11782613967026,37.42427475730625],[-122.12918430120307,37.42083303592512]]]}},{"type":"Feature","properties":{"state":"California","county":"Santa Clara","s2_cell":"9263827931543633920","waymo_ro_miles":9727.067719456532,"incremental_miles":9727.068,"vintage_end":"202603","exposure_phase":"deployment"},"geometry":{"type":"Polygon","coordinates":[[[-122.11782613967026,37.42427475730625],[-122.11782613967026,37.414678746734864],[-122.10646678419991,37.418119114523],[-122.10646678419991,37.427715437298126],[-122.11782613967026,37.42427475730625]]]}},{"type":"Feature","properties":{"state":"California","county":"Santa Clara","s2_cell":"9263827965903372288","waymo_ro_miles":130777.26078664152,"incremental_miles":36402.004,"vintage_end":"202603","exposure_phase":"deployment"},"geometry":{"type":"Polygon","coordinates":[[[-122.11782613967026,37.414678746734864],[-122.11782613967026,37.40508149346586],[-122.10646678419991,37.408521548623696],[-122.10646678419991,37.418119114523],[-122.11782613967026,37.414678746734864]]]}},{"type":"Feature","properties":{"state":"California","county":"Santa Clara","s2_cell":"9263828000263110656","waymo_ro_miles":15146.07818989277,"incremental_miles":15146.078,"vintage_end":"202603","exposure_phase":"deployment"},"geometry":{"type":"Polygon","coordinates":[[[-122.12918430120307,37.411237337790446],[-122.12918430120307,37.40164039738478],[-122.11782613967026,37.40508149346586],[-122.11782613967026,37.414678746734864],[-122.12918430120307,37.411237337790446]]]}},{"type":"Feature","properties":{"state":"California","county":"Santa Clara","s2_cell":"9263828034622849024","waymo_ro_miles":3092.126238714157,"incremental_miles":3092.126,"vintage_end":"202603","exposure_phase":"deployment"},"geometry":{"type":"Polygon","coordinates":[[[-122.14054126774188,37.40779488826934],[-122.14054126774191,37.398198260960164],[-122.12918430120307,37.40164039738478],[-122.12918430120307,37.411237337790446],[-122.14054126774188,37.40779488826934]]]}},{"type":"Feature","properties":{"state":"California","county":"Santa Clara","s2_cell":"9263828068982587392","waymo_ro_miles":5527.860772685707,"incremental_miles":5527.861,"vintage_end":"202603","exposure_phase":"deployment"},"geometry":{"type":"Polygon","coordinates":[[[-122.14054126774188,37.4173902737343],[-122.14054126774188,37.40779488826934],[-122.12918430120307,37.411237337790446],[-122.12918430120307,37.42083303592512],[-122.14054126774188,37.4173902737343]]]}},{"type":"Feature","properties":{"state":"California","county":"Santa Clara","s2_cell":"9263828172061802496","waymo_ro_miles":2320.4794892144732,"incremental_miles":1240.644,"vintage_end":"202603","exposure_phase":"deployment"},"geometry":{"type":"Polygon","coordinates":[[[-122.16325161161569,37.40090686981723],[-122.16325161161566,37.3913108694007],[-122.15189703823106,37.39475508477202],[-122.15189703823106,37.40435139875152],[-122.16325161161569,37.40090686981723]]]}},{"type":"Feature","properties":{"state":"California","county":"Santa Clara","s2_cell":"9263828275141017600","waymo_ro_miles":8498.639519223598,"incremental_miles":3360.961,"vintage_end":"202603","exposure_phase":"deployment"},"geometry":{"type":"Polygon","coordinates":[[[-122.16325161161569,37.41050162924336],[-122.16325161161569,37.40090686981723],[-122.15189703823106,37.40435139875152],[-122.15189703823106,37.41394647131364],[-122.16325161161569,37.41050162924336]]]}},{"type":"Feature","properties":{"state":"California","county":"Santa Clara","s2_cell":"9263828309500755968","waymo_ro_miles":1527.701378548102,"incremental_miles":1527.701,"vintage_end":"202603","exposure_phase":"deployment"},"geometry":{"type":"Polygon","coordinates":[[[-122.16325161161569,37.420095147150626],[-122.16325161161569,37.41050162924336],[-122.15189703823106,37.41394647131364],[-122.15189703823106,37.42354030193002],[-122.16325161161569,37.420095147150626]]]}},{"type":"Feature","properties":{"state":"California","county":"Santa Clara","s2_cell":"9263828343860494336","waymo_ro_miles":2726.1475492743402,"incremental_miles":1087.587,"vintage_end":"202603","exposure_phase":"deployment"},"geometry":{"type":"Polygon","coordinates":[[[-122.17460498684162,37.416648953069014],[-122.17460498684162,37.407055748103986],[-122.16325161161569,37.41050162924336],[-122.16325161161569,37.420095147150626],[-122.17460498684162,37.416648953069014]]]}},{"type":"Feature","properties":{"state":"California","county":"Santa Clara","s2_cell":"9263828378220232704","waymo_ro_miles":251.144522628806,"incremental_miles":101.418,"vintage_end":"202603","exposure_phase":"deployment"},"geometry":{"type":"Polygon","coordinates":[[[-122.17460498684162,37.4262409164141],[-122.17460498684162,37.416648953069014],[-122.16325161161569,37.420095147150626],[-122.16325161161569,37.42968742301107],[-122.17460498684162,37.4262409164141]]]}},{"type":"Feature","properties":{"state":"California","county":"Santa Clara","s2_cell":"9263828412579971072","waymo_ro_miles":4250.853606352009,"incremental_miles":1444.783,"vintage_end":"202603","exposure_phase":"deployment"},"geometry":{"type":"Polygon","coordinates":[[[-122.16325161161569,37.42968742301107],[-122.16325161161569,37.420095147150626],[-122.15189703823106,37.42354030193002],[-122.15189703823106,37.433132890072784],[-122.16325161161569,37.42968742301107]]]}},{"type":"Feature","properties":{"state":"California","county":"Santa Clara","s2_cell":"9263828446939709440","waymo_ro_miles":81507.20969819902,"incremental_miles":26922.007,"vintage_end":"202603","exposure_phase":"deployment"},"geometry":{"type":"Polygon","coordinates":[[[-122.15189703823106,37.433132890072784],[-122.15189703823106,37.42354030193002],[-122.14054126774188,37.42698441682673],[-122.14054126774191,37.43657731701888],[-122.15189703823106,37.433132890072784]]]}},{"type":"Feature","properties":{"state":"California","county":"Santa Clara","s2_cell":"9263828481299447808","waymo_ro_miles":22619.46746769707,"incremental_miles":22619.467,"vintage_end":"202603","exposure_phase":"deployment"},"geometry":{"type":"Polygon","coordinates":[[[-122.15189703823106,37.42354030193002],[-122.15189703823106,37.41394647131364],[-122.14054126774188,37.4173902737343],[-122.14054126774188,37.42698441682673],[-122.15189703823106,37.42354030193002]]]}},{"type":"Feature","properties":{"state":"California","county":"Santa Clara","s2_cell":"9263828515659186176","waymo_ro_miles":105826.99364335572,"incremental_miles":105826.994,"vintage_end":"202603","exposure_phase":"deployment"},"geometry":{"type":"Polygon","coordinates":[[[-122.14054126774188,37.42698441682673],[-122.14054126774188,37.4173902737343],[-122.12918430120307,37.42083303592512],[-122.12918430120307,37.43042749126063],[-122.14054126774188,37.42698441682673]]]}},{"type":"Feature","properties":{"state":"California","county":"Santa Clara","s2_cell":"9263828550018924544","waymo_ro_miles":38742.73110072621,"incremental_miles":38742.731,"vintage_end":"202603","exposure_phase":"deployment"},"geometry":{"type":"Polygon","coordinates":[[[-122.14054126774191,37.43657731701888],[-122.14054126774188,37.42698441682673],[-122.12918430120307,37.43042749126063],[-122.12918430120307,37.4400207032693],[-122.14054126774191,37.43657731701888]]]}},{"type":"Feature","properties":{"state":"California","county":"Santa Clara","s2_cell":"9263828584378662912","waymo_ro_miles":5831.104494929846,"incremental_miles":5831.104,"vintage_end":"202603","exposure_phase":"deployment"},"geometry":{"type":"Polygon","coordinates":[[[-122.14054126774188,37.44616897378354],[-122.14054126774191,37.43657731701888],[-122.12918430120307,37.4400207032693],[-122.12918430120307,37.449612671424006],[-122.14054126774188,37.44616897378354]]]}},{"type":"Feature","properties":{"state":"California","county":"Santa Clara","s2_cell":"9263828618738401280","waymo_ro_miles":2852.206250698688,"incremental_miles":851.613,"vintage_end":"202603","exposure_phase":"deployment"},"geometry":{"type":"Polygon","coordinates":[[[-122.14054126774191,37.45575938659403],[-122.14054126774188,37.44616897378354],[-122.12918430120307,37.449612671424006],[-122.12918430120307,37.45920339519818],[-122.14054126774191,37.45575938659403]]]}},{"type":"Feature","properties":{"state":"California","county":"Santa Clara","s2_cell":"9263828653098139648","waymo_ro_miles":5389.512295696045,"incremental_miles":5389.512,"vintage_end":"202603","exposure_phase":"deployment"},"geometry":{"type":"Polygon","coordinates":[[[-122.15189703823106,37.45231433682877],[-122.15189703823106,37.44272423521463],[-122.14054126774188,37.44616897378354],[-122.14054126774191,37.45575938659403],[-122.15189703823106,37.45231433682877]]]}},{"type":"Feature","properties":{"state":"California","county":"Santa Clara","s2_cell":"9263828687457878016","waymo_ro_miles":31744.58136825682,"incremental_miles":31744.581,"vintage_end":"202603","exposure_phase":"deployment"},"geometry":{"type":"Polygon","coordinates":[[[-122.15189703823106,37.44272423521463],[-122.15189703823106,37.433132890072784],[-122.14054126774191,37.43657731701888],[-122.14054126774188,37.44616897378354],[-122.15189703823106,37.44272423521463]]]}},{"type":"Feature","properties":{"state":"California","county":"Santa Clara","s2_cell":"9263828721817616384","waymo_ro_miles":76552.38913179879,"incremental_miles":28726.576,"vintage_end":"202603","exposure_phase":"deployment"},"geometry":{"type":"Polygon","coordinates":[[[-122.16325161161569,37.43927845629725],[-122.16325161161569,37.42968742301107],[-122.15189703823106,37.433132890072784],[-122.15189703823106,37.44272423521463],[-122.16325161161569,37.43927845629725]]]}},{"type":"Feature","properties":{"state":"California","county":"Santa Clara","s2_cell":"9263828756177354752","waymo_ro_miles":1864.0696037511948,"incremental_miles":1854.668,"vintage_end":"202603","exposure_phase":"deployment"},"geometry":{"type":"Polygon","coordinates":[[[-122.17460498684162,37.43583163761174],[-122.17460498684162,37.4262409164141],[-122.16325161161569,37.42968742301107],[-122.16325161161569,37.43927845629725],[-122.17460498684162,37.43583163761174]]]}},{"type":"Feature","properties":{"state":"California","county":"Santa Clara","s2_cell":"9263828790537093120","waymo_ro_miles":77926.64918394027,"incremental_miles":30130.734,"vintage_end":"202603","exposure_phase":"deployment"},"geometry":{"type":"Polygon","coordinates":[[[-122.17460498684162,37.445421116134945],[-122.17460498684162,37.43583163761174],[-122.16325161161569,37.43927845629725],[-122.16325161161569,37.44886824648233],[-122.17460498684162,37.445421116134945]]]}},{"type":"Feature","properties":{"state":"California","county":"Santa Clara","s2_cell":"9263828824896831488","waymo_ro_miles":51045.298358089756,"incremental_miles":18520.075,"vintage_end":"202603","exposure_phase":"deployment"},"geometry":{"type":"Polygon","coordinates":[[[-122.16325161161569,37.44886824648233],[-122.16325161161569,37.43927845629725],[-122.15189703823106,37.44272423521463],[-122.15189703823106,37.45231433682877],[-122.16325161161569,37.44886824648233]]]}},{"type":"Feature","properties":{"state":"California","county":"Santa Clara","s2_cell":"9263828859256569856","waymo_ro_miles":9898.651557818634,"incremental_miles":8131.973,"vintage_end":"202603","exposure_phase":"deployment"},"geometry":{"type":"Polygon","coordinates":[[[-122.16325161161569,37.45845679303992],[-122.16325161161569,37.44886824648233],[-122.15189703823106,37.45231433682877],[-122.15189703823106,37.46190319438895],[-122.16325161161569,37.45845679303992]]]}},{"type":"Feature","properties":{"state":"California","county":"Santa Clara","s2_cell":"9263828893616308224","waymo_ro_miles":5095.044126073577,"incremental_miles":-9720.687,"vintage_end":"202603","exposure_phase":"deployment"},"geometry":{"type":"Polygon","coordinates":[[[-122.17460498684162,37.45500935145727],[-122.17460498684162,37.445421116134945],[-122.16325161161569,37.44886824648233],[-122.16325161161569,37.45845679303992],[-122.17460498684162,37.45500935145727]]]}},{"type":"Feature","properties":{"state":"California","county":"Santa Clara","s2_cell":"9263829031055261696","waymo_ro_miles":3847.937058152204,"incremental_miles":728.024,"vintage_end":"202603","exposure_phase":"deployment"},"geometry":{"type":"Polygon","coordinates":[[[-122.15189703823106,37.46190319438895],[-122.15189703823106,37.45231433682877],[-122.14054126774191,37.45575938659403],[-122.14054126774191,37.465348554924184],[-122.15189703823106,37.46190319438895]]]}},{"type":"Feature","properties":{"state":"California","county":"Santa Clara","s2_cell":"9263829271573430272","waymo_ro_miles":2938.032803095408,"incremental_miles":2451.973,"vintage_end":"202603","exposure_phase":"deployment"},"geometry":{"type":"Polygon","coordinates":[[[-122.12918430120307,37.45920339519818],[-122.12918430120307,37.449612671424006],[-122.11782613967026,37.45305532755634],[-122.11782613967026,37.462646362061626],[-122.12918430120307,37.45920339519818]]]}},{"type":"Feature","properties":{"state":"California","county":"Santa Clara","s2_cell":"9263829305933168640","waymo_ro_miles":16857.774382223924,"incremental_miles":8697.289,"vintage_end":"202603","exposure_phase":"deployment"},"geometry":{"type":"Polygon","coordinates":[[[-122.12918430120307,37.449612671424006],[-122.12918430120307,37.4400207032693],[-122.11782613967026,37.44346304824428],[-122.11782613967026,37.45305532755634],[-122.12918430120307,37.449612671424006]]]}},{"type":"Feature","properties":{"state":"California","county":"Santa Clara","s2_cell":"9263829340292907008","waymo_ro_miles":821.019855899698,"incremental_miles":821.02,"vintage_end":"202603","exposure_phase":"deployment"},"geometry":{"type":"Polygon","coordinates":[[[-122.11782613967026,37.45305532755634],[-122.11782613967026,37.44346304824428],[-122.10646678419991,37.44690435136443],[-122.10646678419991,37.45649694160122],[-122.11782613967026,37.45305532755634]]]}},{"type":"Feature","properties":{"state":"California","county":"Santa Clara","s2_cell":"9263843049828515840","waymo_ro_miles":6037.093700248423,"incremental_miles":3487.656,"vintage_end":"202603","exposure_phase":"deployment"},"geometry":{"type":"Polygon","coordinates":[[[-121.99280779590266,37.41405520490733],[-121.99280779590266,37.40444954125553],[-121.98143537706576,37.407876863552055],[-121.98143537706576,37.41748283897723],[-121.99280779590266,37.41405520490733]]]}},{"type":"Feature","properties":{"state":"California","county":"Santa Clara","s2_cell":"9263843084188254208","waymo_ro_miles":1328.660664030983,"incremental_miles":989.623,"vintage_end":"202603","exposure_phase":"deployment"},"geometry":{"type":"Polygon","coordinates":[[[-121.98143537706576,37.41748283897723],[-121.98143537706576,37.407876863552055],[-121.97006177702893,37.41130313892461],[-121.97006177702893,37.42090942589049],[-121.98143537706576,37.41748283897723]]]}},{"type":"Feature","properties":{"state":"California","county":"Santa Clara","s2_cell":"9263843977541451776","waymo_ro_miles":539.015827779006,"incremental_miles":451.891,"vintage_end":"202603","exposure_phase":"deployment"},"geometry":{"type":"Polygon","coordinates":[[[-121.94731103762199,37.418152546595344],[-121.94731103762199,37.4085443908028],[-121.93593390038714,37.41196721068211],[-121.93593390038714,37.421575677743114],[-121.94731103762199,37.418152546595344]]]}},{"type":"Feature","properties":{"state":"California","county":"Santa Clara","s2_cell":"9263844011901190144","waymo_ro_miles":3766.208615521369,"incremental_miles":3105.015,"vintage_end":"202603","exposure_phase":"deployment"},"geometry":{"type":"Polygon","coordinates":[[[-121.94731103762199,37.4085443908028],[-121.94731103762199,37.39893498909708],[-121.93593390038714,37.40235749728245],[-121.93593390038714,37.41196721068211],[-121.94731103762199,37.4085443908028]]]}},{"type":"Feature","properties":{"state":"California","county":"Santa Clara","s2_cell":"9263844183699881984","waymo_ro_miles":21.667807063181378,"incremental_miles":21.668,"vintage_end":"202603","exposure_phase":"deployment"},"geometry":{"type":"Polygon","coordinates":[[[-121.91317609619855,37.41880970288939],[-121.91317609619855,37.409199366799676],[-121.90179543138471,37.41261872698283],[-121.90179543138471,37.42222937406881],[-121.91317609619855,37.41880970288939]]]}},{"type":"Feature","properties":{"state":"California","county":"Santa Clara","s2_cell":"9263844218059620352","waymo_ro_miles":83.25128263576104,"incremental_miles":83.251,"vintage_end":"202603","exposure_phase":"deployment"},"geometry":{"type":"Polygon","coordinates":[[[-121.92455558622281,37.415388981569116],[-121.92455558622281,37.405778956708154],[-121.91317609619855,37.409199366799676],[-121.91317609619855,37.41880970288939],[-121.92455558622281,37.415388981569116]]]}},{"type":"Feature","properties":{"state":"California","county":"Santa Clara","s2_cell":"9263844252419358720","waymo_ro_miles":301.3990906491946,"incremental_miles":301.399,"vintage_end":"202603","exposure_phase":"deployment"},"geometry":{"type":"Polygon","coordinates":[[[-121.92455558622281,37.405778956708154],[-121.92455558622281,37.39616768561337],[-121.91317609619855,37.39958778405079],[-121.91317609619855,37.409199366799676],[-121.92455558622281,37.405778956708154]]]}},{"type":"Feature","properties":{"state":"California","county":"Santa Clara","s2_cell":"9263844286779097088","waymo_ro_miles":33.76490509997309,"incremental_miles":33.765,"vintage_end":"202603","exposure_phase":"deployment"},"geometry":{"type":"Polygon","coordinates":[[[-121.91317609619855,37.409199366799676],[-121.91317609619855,37.39958778405079],[-121.90179543138471,37.40300683281244],[-121.90179543138471,37.41261872698283],[-121.91317609619855,37.409199366799676]]]}},{"type":"Feature","properties":{"state":"California","county":"Santa Clara","s2_cell":"9263844321138835456","waymo_ro_miles":32.85361259998379,"incremental_miles":32.854,"vintage_end":"202603","exposure_phase":"deployment"},"geometry":{"type":"Polygon","coordinates":[[[-121.91317609619855,37.39958778405079],[-121.91317609619855,37.38997495517336],[-121.90179543138471,37.39339369208816],[-121.90179543138471,37.40300683281244],[-121.91317609619855,37.39958778405079]]]}},{"type":"Feature","properties":{"state":"California","county":"Santa Clara","s2_cell":"9263844355498573824","waymo_ro_miles":684.3675893810429,"incremental_miles":684.368,"vintage_end":"202603","exposure_phase":"deployment"},"geometry":{"type":"Polygon","coordinates":[[[-121.92455558622281,37.39616768561337],[-121.92455558622281,37.386555168815484],[-121.91317609619855,37.38997495517336],[-121.91317609619855,37.39958778405079],[-121.92455558622281,37.39616768561337]]]}},{"type":"Feature","properties":{"state":"California","county":"Santa Clara","s2_cell":"9263844389858312192","waymo_ro_miles":2914.547292603215,"incremental_miles":2569.947,"vintage_end":"202603","exposure_phase":"deployment"},"geometry":{"type":"Polygon","coordinates":[[[-121.93593390038714,37.392746538074434],[-121.93593390038714,37.38313433358888],[-121.92455558622281,37.386555168815484],[-121.92455558622281,37.39616768561337],[-121.93593390038714,37.392746538074434]]]}},{"type":"Feature","properties":{"state":"California","county":"Santa Clara","s2_cell":"9263844424218050560","waymo_ro_miles":1945.4196999756646,"incremental_miles":1813.55,"vintage_end":"202603","exposure_phase":"deployment"},"geometry":{"type":"Polygon","coordinates":[[[-121.93593390038714,37.40235749728245],[-121.93593390038714,37.392746538074434],[-121.92455558622281,37.39616768561337],[-121.92455558622281,37.405778956708154],[-121.93593390038714,37.40235749728245]]]}},{"type":"Feature","properties":{"state":"California","county":"Santa Clara","s2_cell":"9263844458577788928","waymo_ro_miles":6411.675049380753,"incremental_miles":5408.139,"vintage_end":"202603","exposure_phase":"deployment"},"geometry":{"type":"Polygon","coordinates":[[[-121.94731103762199,37.39893498909708],[-121.94731103762199,37.389324342008564],[-121.93593390038714,37.392746538074434],[-121.93593390038714,37.40235749728245],[-121.94731103762199,37.39893498909708]]]}},{"type":"Feature","properties":{"state":"California","county":"Santa Clara","s2_cell":"9263844492937527296","waymo_ro_miles":698.2119243386153,"incremental_miles":566.566,"vintage_end":"202603","exposure_phase":"deployment"},"geometry":{"type":"Polygon","coordinates":[[[-121.94731103762199,37.389324342008564],[-121.94731103762199,37.37971245006818],[-121.93593390038714,37.38313433358888],[-121.93593390038714,37.392746538074434],[-121.94731103762199,37.389324342008564]]]}},{"type":"Feature","properties":{"state":"California","county":"Santa Clara","s2_cell":"9263844527297265664","waymo_ro_miles":3156.201372678814,"incremental_miles":2617.597,"vintage_end":"202603","exposure_phase":"deployment"},"geometry":{"type":"Polygon","coordinates":[[[-121.95868699685857,37.3859010979907],[-121.95868699685857,37.376289518828386],[-121.94731103762199,37.37971245006818],[-121.94731103762199,37.389324342008564],[-121.95868699685857,37.3859010979907]]]}},{"type":"Feature","properties":{"state":"California","county":"Santa Clara","s2_cell":"9263844561657004032","waymo_ro_miles":15463.276640271526,"incremental_miles":12221.132,"vintage_end":"202603","exposure_phase":"deployment"},"geometry":{"type":"Polygon","coordinates":[[[-121.97006177702893,37.38247680659606],[-121.97006177702893,37.37286554044483],[-121.95868699685857,37.376289518828386],[-121.95868699685857,37.3859010979907],[-121.97006177702893,37.38247680659606]]]}},{"type":"Feature","properties":{"state":"California","county":"Santa Clara","s2_cell":"9263844596016742400","waymo_ro_miles":6824.318877285576,"incremental_miles":5330.843,"vintage_end":"202603","exposure_phase":"deployment"},"geometry":{"type":"Polygon","coordinates":[[[-121.97006177702893,37.3920868287471],[-121.97006177702893,37.38247680659606],[-121.95868699685857,37.3859010979907],[-121.9586869968586,37.3955114327269],[-121.97006177702893,37.3920868287471]]]}},{"type":"Feature","properties":{"state":"California","county":"Santa Clara","s2_cell":"9263844630376480768","waymo_ro_miles":7688.303615875598,"incremental_miles":6348.123,"vintage_end":"202603","exposure_phase":"deployment"},"geometry":{"type":"Polygon","coordinates":[[[-121.9586869968586,37.3955114327269],[-121.95868699685857,37.3859010979907],[-121.94731103762199,37.389324342008564],[-121.94731103762199,37.39893498909708],[-121.9586869968586,37.3955114327269]]]}},{"type":"Feature","properties":{"state":"California","county":"Santa Clara","s2_cell":"9263844664736219136","waymo_ro_miles":2197.1065795226828,"incremental_miles":1870.879,"vintage_end":"202603","exposure_phase":"deployment"},"geometry":{"type":"Polygon","coordinates":[[[-121.95868699685857,37.405120522505996],[-121.9586869968586,37.3955114327269],[-121.94731103762199,37.39893498909708],[-121.94731103762199,37.4085443908028],[-121.95868699685857,37.405120522505996]]]}},{"type":"Feature","properties":{"state":"California","county":"Santa Clara","s2_cell":"9263844699095957504","waymo_ro_miles":3314.3956759101025,"incremental_miles":2643.564,"vintage_end":"202603","exposure_phase":"deployment"},"geometry":{"type":"Polygon","coordinates":[[[-121.9586869968586,37.4147283667975],[-121.95868699685857,37.405120522505996],[-121.94731103762199,37.4085443908028],[-121.94731103762199,37.418152546595344],[-121.9586869968586,37.4147283667975]]]}},{"type":"Feature","properties":{"state":"California","county":"Santa Clara","s2_cell":"9263844733455695872","waymo_ro_miles":5172.409141669725,"incremental_miles":4052.967,"vintage_end":"202603","exposure_phase":"deployment"},"geometry":{"type":"Polygon","coordinates":[[[-121.97006177702893,37.41130313892461],[-121.97006177702893,37.40169560636679],[-121.95868699685857,37.405120522505996],[-121.9586869968586,37.4147283667975],[-121.97006177702893,37.41130313892461]]]}},{"type":"Feature","properties":{"state":"California","county":"Santa Clara","s2_cell":"9263844767815434240","waymo_ro_miles":3343.9258374265187,"incremental_miles":2694.183,"vintage_end":"202603","exposure_phase":"deployment"},"geometry":{"type":"Polygon","coordinates":[[[-121.97006177702893,37.40169560636679],[-121.97006177702893,37.3920868287471],[-121.9586869968586,37.3955114327269],[-121.95868699685857,37.405120522505996],[-121.97006177702893,37.40169560636679]]]}},{"type":"Feature","properties":{"state":"California","county":"Santa Clara","s2_cell":"9263844802175172608","waymo_ro_miles":4474.116017066058,"incremental_miles":3140.408,"vintage_end":"202603","exposure_phase":"deployment"},"geometry":{"type":"Polygon","coordinates":[[[-121.98143537706576,37.398269642960656],[-121.98143537706576,37.38866117773317],[-121.97006177702893,37.3920868287471],[-121.97006177702893,37.40169560636679],[-121.98143537706576,37.398269642960656]]]}},{"type":"Feature","properties":{"state":"California","county":"Santa Clara","s2_cell":"9263844836534910976","waymo_ro_miles":4906.569112932777,"incremental_miles":3427.702,"vintage_end":"202603","exposure_phase":"deployment"},"geometry":{"type":"Polygon","coordinates":[[[-121.98143537706576,37.407876863552055],[-121.98143537706576,37.398269642960656],[-121.97006177702893,37.40169560636679],[-121.97006177702893,37.41130313892461],[-121.98143537706576,37.407876863552055]]]}},{"type":"Feature","properties":{"state":"California","county":"Santa Clara","s2_cell":"9263844870894649344","waymo_ro_miles":996.7420371910945,"incremental_miles":517.061,"vintage_end":"202603","exposure_phase":"deployment"},"geometry":{"type":"Polygon","coordinates":[[[-121.99280779590266,37.40444954125553],[-121.99280779590266,37.394842632863345],[-121.98143537706576,37.398269642960656],[-121.98143537706576,37.407876863552055],[-121.99280779590266,37.40444954125553]]]}},{"type":"Feature","properties":{"state":"California","county":"Santa Clara","s2_cell":"9263844905254387712","waymo_ro_miles":5650.21593294381,"incremental_miles":4623.127,"vintage_end":"202603","exposure_phase":"deployment"},"geometry":{"type":"Polygon","coordinates":[[[-121.99280779590266,37.394842632863345],[-121.99280779590266,37.385234480260976],[-121.98143537706576,37.38866117773317],[-121.98143537706576,37.398269642960656],[-121.99280779590266,37.394842632863345]]]}},{"type":"Feature","properties":{"state":"California","county":"Santa Clara","s2_cell":"9263844939614126080","waymo_ro_miles":16602.495368708765,"incremental_miles":12156.337,"vintage_end":"202603","exposure_phase":"deployment"},"geometry":{"type":"Polygon","coordinates":[[[-121.99280779590266,37.385234480260976],[-121.99280779590266,37.3756250839792],[-121.98143537706576,37.37905146840026],[-121.98143537706576,37.38866117773317],[-121.99280779590266,37.385234480260976]]]}},{"type":"Feature","properties":{"state":"California","county":"Santa Clara","s2_cell":"9263844973973864448","waymo_ro_miles":10466.280765557709,"incremental_miles":8224.663,"vintage_end":"202603","exposure_phase":"deployment"},"geometry":{"type":"Polygon","coordinates":[[[-121.98143537706576,37.38866117773317],[-121.98143537706576,37.37905146840026],[-121.97006177702893,37.38247680659606],[-121.97006177702893,37.3920868287471],[-121.98143537706576,37.38866117773317]]]}},{"type":"Feature","properties":{"state":"California","county":"Santa Clara","s2_cell":"9263845008333602816","waymo_ro_miles":24260.783928987235,"incremental_miles":17776.721,"vintage_end":"202603","exposure_phase":"deployment"},"geometry":{"type":"Polygon","coordinates":[[[-121.98143537706576,37.37905146840026],[-121.98143537706576,37.369440515493146],[-121.97006177702893,37.37286554044483],[-121.97006177702893,37.38247680659606],[-121.98143537706576,37.37905146840026]]]}},{"type":"Feature","properties":{"state":"California","county":"Santa Clara","s2_cell":"9263845042693341184","waymo_ro_miles":8964.611563056265,"incremental_miles":6358.575,"vintage_end":"202603","exposure_phase":"deployment"},"geometry":{"type":"Polygon","coordinates":[[[-121.99280779590266,37.3756250839792],[-121.99280779590266,37.36601444454932],[-121.98143537706576,37.369440515493146],[-121.98143537706576,37.37905146840026],[-121.99280779590266,37.3756250839792]]]}},{"type":"Feature","properties":{"state":"California","county":"Santa Clara","s2_cell":"9263845077053079552","waymo_ro_miles":1028.6152353295988,"incremental_miles":716.233,"vintage_end":"202603","exposure_phase":"deployment"},"geometry":{"type":"Polygon","coordinates":[[[-121.99280779590266,37.36601444454932],[-121.99280779590266,37.35640256250318],[-121.98143537706576,37.359828319543546],[-121.98143537706576,37.369440515493146],[-121.99280779590266,37.36601444454932]]]}},{"type":"Feature","properties":{"state":"California","county":"Santa Clara","s2_cell":"9263845111412817920","waymo_ro_miles":2520.298506264522,"incremental_miles":1731.427,"vintage_end":"202603","exposure_phase":"deployment"},"geometry":{"type":"Polygon","coordinates":[[[-121.99280779590266,37.35640256250318],[-121.99280779590266,37.346789438373136],[-121.98143537706576,37.35021488108376],[-121.98143537706576,37.359828319543546],[-121.99280779590266,37.35640256250318]]]}},{"type":"Feature","properties":{"state":"California","county":"Santa Clara","s2_cell":"9263845145772556288","waymo_ro_miles":2492.162486227675,"incremental_miles":1740.06,"vintage_end":"202603","exposure_phase":"deployment"},"geometry":{"type":"Polygon","coordinates":[[[-121.98143537706576,37.359828319543546],[-121.98143537706576,37.35021488108376],[-121.97006177702893,37.35363927826882],[-121.97006177702893,37.36325303082502],[-121.98143537706576,37.359828319543546]]]}},{"type":"Feature","properties":{"state":"California","county":"Santa Clara","s2_cell":"9263845180132294656","waymo_ro_miles":2262.2369938409392,"incremental_miles":1631.357,"vintage_end":"202603","exposure_phase":"deployment"},"geometry":{"type":"Polygon","coordinates":[[[-121.98143537706576,37.369440515493146],[-121.98143537706576,37.359828319543546],[-121.97006177702893,37.36325303082502],[-121.97006177702893,37.37286554044483],[-121.98143537706576,37.369440515493146]]]}},{"type":"Feature","properties":{"state":"California","county":"Santa Clara","s2_cell":"9263845214492033024","waymo_ro_miles":16368.764299037452,"incremental_miles":12459.555,"vintage_end":"202603","exposure_phase":"deployment"},"geometry":{"type":"Polygon","coordinates":[[[-121.97006177702893,37.37286554044483],[-121.97006177702893,37.36325303082502],[-121.95868699685857,37.36667669577153],[-121.95868699685857,37.376289518828386],[-121.97006177702893,37.37286554044483]]]}},{"type":"Feature","properties":{"state":"California","county":"Santa Clara","s2_cell":"9263845248851771392","waymo_ro_miles":14322.603415841935,"incremental_miles":10805.889,"vintage_end":"202603","exposure_phase":"deployment"},"geometry":{"type":"Polygon","coordinates":[[[-121.95868699685857,37.376289518828386],[-121.95868699685857,37.36667669577153],[-121.94731103762199,37.37009931380735],[-121.94731103762199,37.37971245006818],[-121.95868699685857,37.376289518828386]]]}},{"type":"Feature","properties":{"state":"California","county":"Santa Clara","s2_cell":"9263845283211509760","waymo_ro_miles":2866.2889478808993,"incremental_miles":2205.97,"vintage_end":"202603","exposure_phase":"deployment"},"geometry":{"type":"Polygon","coordinates":[[[-121.95868699685857,37.36667669577153],[-121.9586869968586,37.35706262935219],[-121.94731103762199,37.36048493375809],[-121.94731103762199,37.37009931380735],[-121.95868699685857,37.36667669577153]]]}},{"type":"Feature","properties":{"state":"California","county":"Santa Clara","s2_cell":"9263845317571248128","waymo_ro_miles":6863.633504502333,"incremental_miles":5047.893,"vintage_end":"202603","exposure_phase":"deployment"},"geometry":{"type":"Polygon","coordinates":[[[-121.97006177702893,37.36325303082502],[-121.97006177702893,37.35363927826882],[-121.9586869968586,37.35706262935219],[-121.95868699685857,37.36667669577153],[-121.97006177702893,37.36325303082502]]]}},{"type":"Feature","properties":{"state":"California","county":"Santa Clara","s2_cell":"9263845351930986496","waymo_ro_miles":7810.727974276516,"incremental_miles":5322.949,"vintage_end":"202603","exposure_phase":"deployment"},"geometry":{"type":"Polygon","coordinates":[[[-121.97006177702893,37.35363927826882],[-121.97006177702893,37.34402428330895],[-121.95868699685857,37.347447320103],[-121.9586869968586,37.35706262935219],[-121.97006177702893,37.35363927826882]]]}},{"type":"Feature","properties":{"state":"California","county":"Santa Clara","s2_cell":"9263845386290724864","waymo_ro_miles":4392.522410584364,"incremental_miles":3163.415,"vintage_end":"202603","exposure_phase":"deployment"},"geometry":{"type":"Polygon","coordinates":[[[-121.9586869968586,37.35706262935219],[-121.95868699685857,37.347447320103],[-121.94731103762199,37.3508693104529],[-121.94731103762199,37.36048493375809],[-121.9586869968586,37.35706262935219]]]}},{"type":"Feature","properties":{"state":"California","county":"Santa Clara","s2_cell":"9263845420650463232","waymo_ro_miles":2259.6953714038445,"incremental_miles":1593.259,"vintage_end":"202603","exposure_phase":"deployment"},"geometry":{"type":"Polygon","coordinates":[[[-121.95868699685857,37.347447320103],[-121.95868699685857,37.33783076855712],[-121.94731103762199,37.34125244442485],[-121.94731103762199,37.3508693104529],[-121.95868699685857,37.347447320103]]]}},{"type":"Feature","properties":{"state":"California","county":"Santa Clara","s2_cell":"9263845455010201600","waymo_ro_miles":4148.977521832566,"incremental_miles":2706.031,"vintage_end":"202603","exposure_phase":"deployment"},"geometry":{"type":"Polygon","coordinates":[[[-121.97006177702893,37.34402428330895],[-121.97006177702893,37.33440804647865],[-121.95868699685857,37.33783076855712],[-121.95868699685857,37.347447320103],[-121.97006177702893,37.34402428330895]]]}},{"type":"Feature","properties":{"state":"California","county":"Santa Clara","s2_cell":"9263845489369939968","waymo_ro_miles":2917.8923594155867,"incremental_miles":1882.968,"vintage_end":"202603","exposure_phase":"deployment"},"geometry":{"type":"Polygon","coordinates":[[[-121.98143537706576,37.34060020064659],[-121.98143537706576,37.33098427876537],[-121.97006177702893,37.33440804647865],[-121.97006177702893,37.34402428330895],[-121.98143537706576,37.34060020064659]]]}},{"type":"Feature","properties":{"state":"California","county":"Santa Clara","s2_cell":"9263845523729678336","waymo_ro_miles":3090.601728571946,"incremental_miles":2211.639,"vintage_end":"202603","exposure_phase":"deployment"},"geometry":{"type":"Polygon","coordinates":[[[-121.98143537706576,37.35021488108376],[-121.98143537706576,37.34060020064659],[-121.97006177702893,37.34402428330895],[-121.97006177702893,37.35363927826882],[-121.98143537706576,37.35021488108376]]]}},{"type":"Feature","properties":{"state":"California","county":"Santa Clara","s2_cell":"9263845558089416704","waymo_ro_miles":2233.9453417799573,"incremental_miles":1413.503,"vintage_end":"202603","exposure_phase":"deployment"},"geometry":{"type":"Polygon","coordinates":[[[-121.99280779590266,37.346789438373136],[-121.99280779590266,37.33717507269211],[-121.98143537706576,37.34060020064659],[-121.98143537706576,37.35021488108376],[-121.99280779590266,37.346789438373136]]]}},{"type":"Feature","properties":{"state":"California","county":"Santa Clara","s2_cell":"9263845592449155072","waymo_ro_miles":4004.4075185075008,"incremental_miles":2953.176,"vintage_end":"202603","exposure_phase":"deployment"},"geometry":{"type":"Polygon","coordinates":[[[-121.99280779590266,37.33717507269211],[-121.99280779590266,37.327559465993545],[-121.98143537706576,37.33098427876537],[-121.98143537706576,37.34060020064659],[-121.99280779590266,37.33717507269211]]]}},{"type":"Feature","properties":{"state":"California","county":"Santa Clara","s2_cell":"9263845626808893440","waymo_ro_miles":2167.6141086694442,"incremental_miles":1667.431,"vintage_end":"202603","exposure_phase":"deployment"},"geometry":{"type":"Polygon","coordinates":[[[-121.99280779590266,37.327559465993545],[-121.99280779590266,37.31794261881143],[-121.98143537706576,37.32136711597402],[-121.98143537706576,37.33098427876537],[-121.99280779590266,37.327559465993545]]]}},{"type":"Feature","properties":{"state":"California","county":"Santa Clara","s2_cell":"9263845661168631808","waymo_ro_miles":3938.1769103741867,"incremental_miles":2974.539,"vintage_end":"202603","exposure_phase":"deployment"},"geometry":{"type":"Polygon","coordinates":[[[-121.98143537706576,37.33098427876537],[-121.98143537706576,37.32136711597402],[-121.97006177702893,37.32479056831173],[-121.97006177702893,37.33440804647865],[-121.98143537706576,37.33098427876537]]]}},{"type":"Feature","properties":{"state":"California","county":"Santa Clara","s2_cell":"9263845695528370176","waymo_ro_miles":1973.0404107707716,"incremental_miles":1708.709,"vintage_end":"202603","exposure_phase":"deployment"},"geometry":{"type":"Polygon","coordinates":[[[-121.98143537706576,37.32136711597402],[-121.98143537706576,37.311748712806946],[-121.97006177702893,37.31517184934251],[-121.97006177702893,37.32479056831173],[-121.98143537706576,37.32136711597402]]]}},{"type":"Feature","properties":{"state":"California","county":"Santa Clara","s2_cell":"9263845729888108544","waymo_ro_miles":922.8964085996894,"incremental_miles":891.7,"vintage_end":"202603","exposure_phase":"deployment"},"geometry":{"type":"Polygon","coordinates":[[[-121.99280779590266,37.31794261881143],[-121.99280779590266,37.30832453168028],[-121.98143537706576,37.311748712806946],[-121.98143537706576,37.32136711597402],[-121.99280779590266,37.31794261881143]]]}},{"type":"Feature","properties":{"state":"California","county":"Santa Clara","s2_cell":"9263845901686800384","waymo_ro_miles":656.4988415410457,"incremental_miles":616.538,"vintage_end":"202603","exposure_phase":"deployment"},"geometry":{"type":"Polygon","coordinates":[[[-121.97006177702893,37.31517184934251],[-121.97006177702893,37.30555189010584],[-121.9586869968586,37.308973665478916],[-121.95868699685857,37.31859394071058],[-121.97006177702893,37.31517184934251]]]}},{"type":"Feature","properties":{"state":"California","county":"Santa Clara","s2_cell":"9263846004766015488","waymo_ro_miles":1976.5597041233693,"incremental_miles":1696.07,"vintage_end":"202603","exposure_phase":"deployment"},"geometry":{"type":"Polygon","coordinates":[[[-121.95868699685857,37.31859394071058],[-121.9586869968586,37.308973665478916],[-121.94731103762199,37.31239439534219],[-121.94731103762199,37.322014986335084],[-121.95868699685857,37.31859394071058]]]}},{"type":"Feature","properties":{"state":"California","county":"Santa Clara","s2_cell":"9263846039125753856","waymo_ro_miles":6324.102983917836,"incremental_miles":4564.887,"vintage_end":"202603","exposure_phase":"deployment"},"geometry":{"type":"Polygon","coordinates":[[[-121.9586869968586,37.328212975248235],[-121.95868699685857,37.31859394071058],[-121.94731103762199,37.322014986335084],[-121.94731103762199,37.331634336207536],[-121.9586869968586,37.328212975248235]]]}},{"type":"Feature","properties":{"state":"California","county":"Santa Clara","s2_cell":"9263846073485492224","waymo_ro_miles":3819.305990673724,"incremental_miles":2618.24,"vintage_end":"202603","exposure_phase":"deployment"},"geometry":{"type":"Polygon","coordinates":[[[-121.97006177702893,37.32479056831173],[-121.97006177702893,37.31517184934251],[-121.95868699685857,37.31859394071058],[-121.9586869968586,37.328212975248235],[-121.97006177702893,37.32479056831173]]]}},{"type":"Feature","properties":{"state":"California","county":"Santa Clara","s2_cell":"9263846107845230592","waymo_ro_miles":6323.350745291043,"incremental_miles":4380.029,"vintage_end":"202603","exposure_phase":"deployment"},"geometry":{"type":"Polygon","coordinates":[[[-121.97006177702893,37.33440804647865],[-121.97006177702893,37.32479056831173],[-121.9586869968586,37.328212975248235],[-121.95868699685857,37.33783076855712],[-121.97006177702893,37.33440804647865]]]}},{"type":"Feature","properties":{"state":"California","county":"Santa Clara","s2_cell":"9263846142204968960","waymo_ro_miles":3307.385446803463,"incremental_miles":2524.005,"vintage_end":"202603","exposure_phase":"deployment"},"geometry":{"type":"Polygon","coordinates":[[[-121.95868699685857,37.33783076855712],[-121.9586869968586,37.328212975248235],[-121.94731103762199,37.331634336207536],[-121.94731103762199,37.34125244442485],[-121.95868699685857,37.33783076855712]]]}},{"type":"Feature","properties":{"state":"California","county":"Santa Clara","s2_cell":"9263846176564707328","waymo_ro_miles":1799.039473612374,"incremental_miles":1347.513,"vintage_end":"202603","exposure_phase":"deployment"},"geometry":{"type":"Polygon","coordinates":[[[-121.94731103762199,37.34125244442485],[-121.94731103762199,37.331634336207536],[-121.93593390038714,37.33505465061397],[-121.93593390038714,37.34467307350625],[-121.94731103762199,37.34125244442485]]]}},{"type":"Feature","properties":{"state":"California","county":"Santa Clara","s2_cell":"9263846210924445696","waymo_ro_miles":3142.308331724474,"incremental_miles":2844.723,"vintage_end":"202603","exposure_phase":"deployment"},"geometry":{"type":"Polygon","coordinates":[[[-121.93593390038714,37.34467307350625],[-121.93593390038714,37.33505465061397],[-121.92455558622281,37.3384739178922],[-121.92455558622281,37.34809265522604],[-121.93593390038714,37.34467307350625]]]}},{"type":"Feature","properties":{"state":"California","county":"Santa Clara","s2_cell":"9263846245284184064","waymo_ro_miles":3579.1062301199827,"incremental_miles":3180.615,"vintage_end":"202603","exposure_phase":"deployment"},"geometry":{"type":"Polygon","coordinates":[[[-121.93593390038714,37.33505465061397],[-121.93593390038714,37.325434985640314],[-121.92455558622281,37.32885393805085],[-121.92455558622281,37.3384739178922],[-121.93593390038714,37.33505465061397]]]}},{"type":"Feature","properties":{"state":"California","county":"Santa Clara","s2_cell":"9263846279643922432","waymo_ro_miles":5555.6640384296725,"incremental_miles":4540.149,"vintage_end":"202603","exposure_phase":"deployment"},"geometry":{"type":"Polygon","coordinates":[[[-121.94731103762199,37.331634336207536],[-121.94731103762199,37.322014986335084],[-121.93593390038714,37.325434985640314],[-121.93593390038714,37.33505465061397],[-121.94731103762199,37.331634336207536]]]}},{"type":"Feature","properties":{"state":"California","county":"Santa Clara","s2_cell":"9263846314003660800","waymo_ro_miles":2567.7458404829945,"incremental_miles":2274.046,"vintage_end":"202603","exposure_phase":"deployment"},"geometry":{"type":"Polygon","coordinates":[[[-121.94731103762199,37.322014986335084],[-121.94731103762199,37.31239439534219],[-121.93593390038714,37.31581407911985],[-121.93593390038714,37.325434985640314],[-121.94731103762199,37.322014986335084]]]}},{"type":"Feature","properties":{"state":"California","county":"Santa Clara","s2_cell":"9263846382723137536","waymo_ro_miles":339.95148602109464,"incremental_miles":329.052,"vintage_end":"202603","exposure_phase":"deployment"},"geometry":{"type":"Polygon","coordinates":[[[-121.93593390038714,37.31581407911985],[-121.93593390038714,37.3061919315877],[-121.92455558622281,37.30961025298403],[-121.92455558622281,37.31923271623644],[-121.93593390038714,37.31581407911985]]]}},{"type":"Feature","properties":{"state":"California","county":"Santa Clara","s2_cell":"9263846417082875904","waymo_ro_miles":2367.372217312688,"incremental_miles":2024.163,"vintage_end":"202603","exposure_phase":"deployment"},"geometry":{"type":"Polygon","coordinates":[[[-121.93593390038714,37.325434985640314],[-121.93593390038714,37.31581407911985],[-121.92455558622281,37.31923271623644],[-121.92455558622281,37.32885393805085],[-121.93593390038714,37.325434985640314]]]}},{"type":"Feature","properties":{"state":"California","county":"Santa Clara","s2_cell":"9263846451442614272","waymo_ro_miles":1227.7370468740228,"incremental_miles":1121.537,"vintage_end":"202603","exposure_phase":"deployment"},"geometry":{"type":"Polygon","coordinates":[[[-121.92455558622281,37.32885393805085],[-121.92455558622281,37.31923271623644],[-121.91317609619855,37.322650306116834],[-121.91317609619855,37.33227184299162],[-121.92455558622281,37.32885393805085]]]}},{"type":"Feature","properties":{"state":"California","county":"Santa Clara","s2_cell":"9263846485802352640","waymo_ro_miles":573.390528495538,"incremental_miles":563.713,"vintage_end":"202603","exposure_phase":"deployment"},"geometry":{"type":"Polygon","coordinates":[[[-121.92455558622281,37.31923271623644],[-121.92455558622281,37.30961025298403],[-121.91317609619855,37.3130275273778],[-121.91317609619855,37.322650306116834],[-121.92455558622281,37.31923271623644]]]}},{"type":"Feature","properties":{"state":"California","county":"Santa Clara","s2_cell":"9263846520162091008","waymo_ro_miles":764.2942958102487,"incremental_miles":739.316,"vintage_end":"202603","exposure_phase":"deployment"},"geometry":{"type":"Polygon","coordinates":[[[-121.91317609619855,37.322650306116834],[-121.91317609619855,37.3130275273778],[-121.90179543138471,37.31644375419415],[-121.90179543138471,37.326066848186194],[-121.91317609619855,37.322650306116834]]]}},{"type":"Feature","properties":{"state":"California","county":"Santa Clara","s2_cell":"9263846554521829376","waymo_ro_miles":2732.735679825883,"incremental_miles":2571.448,"vintage_end":"202603","exposure_phase":"deployment"},"geometry":{"type":"Polygon","coordinates":[[[-121.91317609619855,37.33227184299162],[-121.91317609619855,37.322650306116834],[-121.90179543138471,37.326066848186194],[-121.90179543138471,37.33568869988789],[-121.91317609619855,37.33227184299162]]]}},{"type":"Feature","properties":{"state":"California","county":"Santa Clara","s2_cell":"9263846588881567744","waymo_ro_miles":4855.877977960413,"incremental_miles":4741.905,"vintage_end":"202603","exposure_phase":"deployment"},"geometry":{"type":"Polygon","coordinates":[[[-121.91317609619855,37.341892137467234],[-121.91317609619855,37.33227184299162],[-121.90179543138471,37.33568869988789],[-121.90179543138471,37.3453093087644],[-121.91317609619855,37.341892137467234]]]}},{"type":"Feature","properties":{"state":"California","county":"Santa Clara","s2_cell":"9263846623241306112","waymo_ro_miles":3081.6879737118907,"incremental_miles":2841.502,"vintage_end":"202603","exposure_phase":"deployment"},"geometry":{"type":"Polygon","coordinates":[[[-121.92455558622281,37.3384739178922],[-121.92455558622281,37.32885393805085],[-121.91317609619855,37.33227184299162],[-121.91317609619855,37.341892137467234],[-121.92455558622281,37.3384739178922]]]}},{"type":"Feature","properties":{"state":"California","county":"Santa Clara","s2_cell":"9263846657601044480","waymo_ro_miles":7029.54644725725,"incremental_miles":6716.364,"vintage_end":"202603","exposure_phase":"deployment"},"geometry":{"type":"Polygon","coordinates":[[[-121.92455558622281,37.34809265522604],[-121.92455558622281,37.3384739178922],[-121.91317609619855,37.341892137467234],[-121.91317609619855,37.351511189009315],[-121.92455558622281,37.34809265522604]]]}},{"type":"Feature","properties":{"state":"California","county":"Santa Clara","s2_cell":"9263846691960782848","waymo_ro_miles":3747.444873772936,"incremental_miles":3707.346,"vintage_end":"202603","exposure_phase":"deployment"},"geometry":{"type":"Polygon","coordinates":[[[-121.91317609619855,37.351511189009315],[-121.91317609619855,37.341892137467234],[-121.90179543138471,37.3453093087644],[-121.90179543138471,37.354928674281446],[-121.91317609619855,37.351511189009315]]]}},{"type":"Feature","properties":{"state":"California","county":"Santa Clara","s2_cell":"9263846726320521216","waymo_ro_miles":4767.086573471608,"incremental_miles":4147.285,"vintage_end":"202603","exposure_phase":"deployment"},"geometry":{"type":"Polygon","coordinates":[[[-121.91317609619855,37.361128997084],[-121.91317609619855,37.351511189009315],[-121.90179543138471,37.354928674281446],[-121.90179543138471,37.3645467959053],[-121.91317609619855,37.361128997084]]]}},{"type":"Feature","properties":{"state":"California","county":"Santa Clara","s2_cell":"9263846760680259584","waymo_ro_miles":2665.3251641581587,"incremental_miles":2529.473,"vintage_end":"202603","exposure_phase":"deployment"},"geometry":{"type":"Polygon","coordinates":[[[-121.91317609619855,37.370745561157996],[-121.91317609619855,37.361128997084],[-121.90179543138471,37.3645467959053],[-121.90179543138471,37.374163673102714],[-121.91317609619855,37.370745561157996]]]}},{"type":"Feature","properties":{"state":"California","county":"Santa Clara","s2_cell":"9263846795039997952","waymo_ro_miles":15626.901948487162,"incremental_miles":12118.277,"vintage_end":"202603","exposure_phase":"deployment"},"geometry":{"type":"Polygon","coordinates":[[[-121.92455558622281,37.367326400235946],[-121.92455558622281,37.35771014951843],[-121.91317609619855,37.361128997084],[-121.91317609619855,37.370745561157996],[-121.92455558622281,37.367326400235946]]]}},{"type":"Feature","properties":{"state":"California","county":"Santa Clara","s2_cell":"9263846829399736320","waymo_ro_miles":19084.848937668234,"incremental_miles":13515.873,"vintage_end":"202603","exposure_phase":"deployment"},"geometry":{"type":"Polygon","coordinates":[[[-121.92455558622281,37.35771014951843],[-121.92455558622281,37.34809265522604],[-121.91317609619855,37.351511189009315],[-121.91317609619855,37.361128997084],[-121.92455558622281,37.35771014951843]]]}},{"type":"Feature","properties":{"state":"California","county":"Santa Clara","s2_cell":"9263846863759474688","waymo_ro_miles":8877.60081353616,"incremental_miles":6635.148,"vintage_end":"202603","exposure_phase":"deployment"},"geometry":{"type":"Polygon","coordinates":[[[-121.93593390038714,37.3542902537831],[-121.93593390038714,37.34467307350625],[-121.92455558622281,37.34809265522604],[-121.92455558622281,37.35771014951843],[-121.93593390038714,37.3542902537831]]]}},{"type":"Feature","properties":{"state":"California","county":"Santa Clara","s2_cell":"9263846898119213056","waymo_ro_miles":2617.7054225625197,"incremental_miles":1937.958,"vintage_end":"202603","exposure_phase":"deployment"},"geometry":{"type":"Polygon","coordinates":[[[-121.94731103762199,37.3508693104529],[-121.94731103762199,37.34125244442485],[-121.93593390038714,37.34467307350625],[-121.93593390038714,37.3542902537831],[-121.94731103762199,37.3508693104529]]]}},{"type":"Feature","properties":{"state":"California","county":"Santa Clara","s2_cell":"9263846932478951424","waymo_ro_miles":13750.124186891993,"incremental_miles":9759.439,"vintage_end":"202603","exposure_phase":"deployment"},"geometry":{"type":"Polygon","coordinates":[[[-121.94731103762199,37.36048493375809],[-121.94731103762199,37.3508693104529],[-121.93593390038714,37.3542902537831],[-121.93593390038714,37.36390619091105],[-121.94731103762199,37.36048493375809]]]}},{"type":"Feature","properties":{"state":"California","county":"Santa Clara","s2_cell":"9263846966838689792","waymo_ro_miles":6984.042239057596,"incremental_miles":5116.954,"vintage_end":"202603","exposure_phase":"deployment"},"geometry":{"type":"Polygon","coordinates":[[[-121.93593390038714,37.36390619091105],[-121.93593390038714,37.3542902537831],[-121.92455558622281,37.35771014951843],[-121.92455558622281,37.367326400235946],[-121.93593390038714,37.36390619091105]]]}},{"type":"Feature","properties":{"state":"California","county":"Santa Clara","s2_cell":"9263847001198428160","waymo_ro_miles":10568.654427061385,"incremental_miles":8055.556,"vintage_end":"202603","exposure_phase":"deployment"},"geometry":{"type":"Polygon","coordinates":[[[-121.93593390038714,37.37352088435711],[-121.93593390038714,37.36390619091105],[-121.92455558622281,37.367326400235946],[-121.92455558622281,37.376941406845745],[-121.93593390038714,37.37352088435711]]]}},{"type":"Feature","properties":{"state":"California","county":"Santa Clara","s2_cell":"9263847035558166528","waymo_ro_miles":10332.030447196672,"incremental_miles":7937.911,"vintage_end":"202603","exposure_phase":"deployment"},"geometry":{"type":"Polygon","coordinates":[[[-121.94731103762199,37.37009931380735],[-121.94731103762199,37.36048493375809],[-121.93593390038714,37.36390619091105],[-121.93593390038714,37.37352088435711],[-121.94731103762199,37.37009931380735]]]}},{"type":"Feature","properties":{"state":"California","county":"Santa Clara","s2_cell":"9263847069917904896","waymo_ro_miles":10251.549556590971,"incremental_miles":8061.398,"vintage_end":"202603","exposure_phase":"deployment"},"geometry":{"type":"Polygon","coordinates":[[[-121.94731103762199,37.37971245006818],[-121.94731103762199,37.37009931380735],[-121.93593390038714,37.37352088435711],[-121.93593390038714,37.38313433358888],[-121.94731103762199,37.37971245006818]]]}},{"type":"Feature","properties":{"state":"California","county":"Santa Clara","s2_cell":"9263847104277643264","waymo_ro_miles":3080.204590316523,"incremental_miles":2150.537,"vintage_end":"202603","exposure_phase":"deployment"},"geometry":{"type":"Polygon","coordinates":[[[-121.93593390038714,37.38313433358888],[-121.93593390038714,37.37352088435711],[-121.92455558622281,37.376941406845745],[-121.92455558622281,37.386555168815484],[-121.93593390038714,37.38313433358888]]]}},{"type":"Feature","properties":{"state":"California","county":"Santa Clara","s2_cell":"9263847138637381632","waymo_ro_miles":2631.534143449285,"incremental_miles":2545.736,"vintage_end":"202603","exposure_phase":"deployment"},"geometry":{"type":"Polygon","coordinates":[[[-121.92455558622281,37.386555168815484],[-121.92455558622281,37.376941406845745],[-121.91317609619855,37.38036088069853],[-121.91317609619855,37.38997495517336],[-121.92455558622281,37.386555168815484]]]}},{"type":"Feature","properties":{"state":"California","county":"Santa Clara","s2_cell":"9263847172997120000","waymo_ro_miles":7204.839918548366,"incremental_miles":6015.993,"vintage_end":"202603","exposure_phase":"deployment"},"geometry":{"type":"Polygon","coordinates":[[[-121.92455558622281,37.376941406845745],[-121.92455558622281,37.367326400235946],[-121.91317609619855,37.370745561157996],[-121.91317609619855,37.38036088069853],[-121.92455558622281,37.376941406845745]]]}},{"type":"Feature","properties":{"state":"California","county":"Santa Clara","s2_cell":"9263847207356858368","waymo_ro_miles":174.5425364385562,"incremental_miles":174.543,"vintage_end":"202603","exposure_phase":"deployment"},"geometry":{"type":"Polygon","coordinates":[[[-121.91317609619855,37.38036088069853],[-121.91317609619855,37.370745561157996],[-121.90179543138471,37.374163673102714],[-121.90179543138471,37.38377930534105],[-121.91317609619855,37.38036088069853]]]}},{"type":"Feature","properties":{"state":"California","county":"Santa Clara","s2_cell":"9263847241716596736","waymo_ro_miles":33.707686976762496,"incremental_miles":33.708,"vintage_end":"202603","exposure_phase":"deployment"},"geometry":{"type":"Polygon","coordinates":[[[-121.91317609619855,37.38997495517336],[-121.91317609619855,37.38036088069853],[-121.90179543138471,37.38377930534105],[-121.90179543138471,37.39339369208816],[-121.91317609619855,37.38997495517336]]]}},{"type":"Feature","properties":{"state":"California","county":"Santa Clara","s2_cell":"9263847688393195520","waymo_ro_miles":53.76156676246894,"incremental_miles":53.762,"vintage_end":"202603","exposure_phase":"deployment"},"geometry":{"type":"Polygon","coordinates":[[[-121.89041359285233,37.3679635454081],[-121.89041359285233,37.358345110468186],[-121.87903058167323,37.36176049699558],[-121.87903058167323,37.37137924501856],[-121.89041359285233,37.3679635454081]]]}},{"type":"Feature","properties":{"state":"California","county":"Santa Clara","s2_cell":"9263847757112672256","waymo_ro_miles":6.615879901885732,"incremental_miles":6.616,"vintage_end":"202603","exposure_phase":"deployment"},"geometry":{"type":"Polygon","coordinates":[[[-121.90179543138471,37.374163673102714],[-121.90179543138471,37.3645467959053],[-121.89041359285233,37.3679635454081],[-121.89041359285233,37.37758073549599],[-121.90179543138471,37.374163673102714]]]}},{"type":"Feature","properties":{"state":"California","county":"Santa Clara","s2_cell":"9263847791472410624","waymo_ro_miles":658.0912097375212,"incremental_miles":658.091,"vintage_end":"202603","exposure_phase":"deployment"},"geometry":{"type":"Polygon","coordinates":[[[-121.90179543138471,37.3645467959053],[-121.90179543138471,37.354928674281446],[-121.89041359285233,37.358345110468186],[-121.89041359285233,37.3679635454081],[-121.90179543138471,37.3645467959053]]]}},{"type":"Feature","properties":{"state":"California","county":"Santa Clara","s2_cell":"9263847825832148992","waymo_ro_miles":1513.0526832708927,"incremental_miles":1513.053,"vintage_end":"202603","exposure_phase":"deployment"},"geometry":{"type":"Polygon","coordinates":[[[-121.90179543138471,37.354928674281446],[-121.90179543138471,37.3453093087644],[-121.89041359285233,37.348725431209346],[-121.89041359285233,37.358345110468186],[-121.90179543138471,37.354928674281446]]]}},{"type":"Feature","properties":{"state":"California","county":"Santa Clara","s2_cell":"9263847860191887360","waymo_ro_miles":415.1663268674513,"incremental_miles":415.166,"vintage_end":"202603","exposure_phase":"deployment"},"geometry":{"type":"Polygon","coordinates":[[[-121.89041359285233,37.358345110468186],[-121.89041359285233,37.348725431209346],[-121.87903058167323,37.352140504228075],[-121.87903058167323,37.36176049699558],[-121.89041359285233,37.358345110468186]]]}},{"type":"Feature","properties":{"state":"California","county":"Santa Clara","s2_cell":"9263847894551625728","waymo_ro_miles":1402.7874797116815,"incremental_miles":1402.787,"vintage_end":"202603","exposure_phase":"deployment"},"geometry":{"type":"Polygon","coordinates":[[[-121.89041359285233,37.348725431209346],[-121.89041359285233,37.33910450816524],[-121.87903058167323,37.342519267249614],[-121.87903058167323,37.352140504228075],[-121.89041359285233,37.348725431209346]]]}},{"type":"Feature","properties":{"state":"California","county":"Santa Clara","s2_cell":"9263847928911364096","waymo_ro_miles":5254.540011566404,"incremental_miles":5246.499,"vintage_end":"202603","exposure_phase":"deployment"},"geometry":{"type":"Polygon","coordinates":[[[-121.90179543138471,37.3453093087644],[-121.90179543138471,37.33568869988789],[-121.89041359285233,37.33910450816524],[-121.89041359285233,37.348725431209346],[-121.90179543138471,37.3453093087644]]]}},{"type":"Feature","properties":{"state":"California","county":"Santa Clara","s2_cell":"9263847963271102464","waymo_ro_miles":4250.971082975354,"incremental_miles":4202.644,"vintage_end":"202603","exposure_phase":"deployment"},"geometry":{"type":"Polygon","coordinates":[[[-121.90179543138471,37.33568869988789],[-121.90179543138471,37.326066848186194],[-121.89041359285233,37.329482341870055],[-121.89041359285233,37.33910450816524],[-121.90179543138471,37.33568869988789]]]}},{"type":"Feature","properties":{"state":"California","county":"Santa Clara","s2_cell":"9263847997630840832","waymo_ro_miles":728.1975306842852,"incremental_miles":706.341,"vintage_end":"202603","exposure_phase":"deployment"},"geometry":{"type":"Polygon","coordinates":[[[-121.90179543138471,37.326066848186194],[-121.90179543138471,37.31644375419415],[-121.89041359285233,37.319858932858516],[-121.89041359285233,37.329482341870055],[-121.90179543138471,37.326066848186194]]]}},{"type":"Feature","properties":{"state":"California","county":"Santa Clara","s2_cell":"9263848031990579200","waymo_ro_miles":1660.453841362173,"incremental_miles":1660.454,"vintage_end":"202603","exposure_phase":"deployment"},"geometry":{"type":"Polygon","coordinates":[[[-121.89041359285233,37.329482341870055],[-121.89041359285233,37.319858932858516],[-121.87903058167323,37.323273062796716],[-121.87903058167323,37.33289678659428],[-121.89041359285233,37.329482341870055]]]}},{"type":"Feature","properties":{"state":"California","county":"Santa Clara","s2_cell":"9263848066350317568","waymo_ro_miles":2859.6220942166424,"incremental_miles":2859.622,"vintage_end":"202603","exposure_phase":"deployment"},"geometry":{"type":"Polygon","coordinates":[[[-121.89041359285233,37.33910450816524],[-121.89041359285233,37.329482341870055],[-121.87903058167323,37.33289678659428],[-121.87903058167323,37.342519267249614],[-121.89041359285233,37.33910450816524]]]}},{"type":"Feature","properties":{"state":"California","county":"Santa Clara","s2_cell":"9263848100710055936","waymo_ro_miles":627.6628549959441,"incremental_miles":627.663,"vintage_end":"202603","exposure_phase":"deployment"},"geometry":{"type":"Polygon","coordinates":[[[-121.87903058167323,37.342519267249614],[-121.87903058167323,37.33289678659428],[-121.86764639892006,37.33631018178506],[-121.86764639892006,37.34593297656726],[-121.87903058167323,37.342519267249614]]]}},{"type":"Feature","properties":{"state":"California","county":"Santa Clara","s2_cell":"9263848135069794304","waymo_ro_miles":486.4505553891366,"incremental_miles":486.451,"vintage_end":"202603","exposure_phase":"deployment"},"geometry":{"type":"Polygon","coordinates":[[[-121.87903058167323,37.33289678659428],[-121.87903058167323,37.323273062796716],[-121.86764639892006,37.32668614343484],[-121.86764639892006,37.33631018178506],[-121.87903058167323,37.33289678659428]]]}},{"type":"Feature","properties":{"state":"California","county":"Santa Clara","s2_cell":"9263848169429532672","waymo_ro_miles":72.21792913740978,"incremental_miles":72.218,"vintage_end":"202603","exposure_phase":"deployment"},"geometry":{"type":"Polygon","coordinates":[[[-121.86764639892006,37.33631018178506],[-121.86764639892006,37.32668614343484],[-121.85626104566623,37.33009817419936],[-121.85626104566623,37.339722526868904],[-121.86764639892006,37.33631018178506]]]}},{"type":"Feature","properties":{"state":"California","county":"Santa Clara","s2_cell":"9263848203789271040","waymo_ro_miles":146.54026768921418,"incremental_miles":146.54,"vintage_end":"202603","exposure_phase":"deployment"},"geometry":{"type":"Polygon","coordinates":[[[-121.86764639892006,37.34593297656726],[-121.86764639892006,37.33631018178506],[-121.85626104566623,37.339722526868904],[-121.85626104566623,37.34934563554478],[-121.86764639892006,37.34593297656726]]]}},{"type":"Feature","properties":{"state":"California","county":"Santa Clara","s2_cell":"9263848238149009408","waymo_ro_miles":30.972323200618344,"incremental_miles":30.972,"vintage_end":"202603","exposure_phase":"deployment"},"geometry":{"type":"Polygon","coordinates":[[[-121.86764639892006,37.355554527246916],[-121.86764639892006,37.34593297656726],[-121.85626104566623,37.34934563554478],[-121.85626104566623,37.358967499692525],[-121.86764639892006,37.355554527246916]]]}},{"type":"Feature","properties":{"state":"California","county":"Santa Clara","s2_cell":"9263848272508747776","waymo_ro_miles":172.2477590813106,"incremental_miles":172.248,"vintage_end":"202603","exposure_phase":"deployment"},"geometry":{"type":"Polygon","coordinates":[[[-121.87903058167323,37.352140504228075],[-121.87903058167323,37.342519267249614],[-121.86764639892006,37.34593297656726],[-121.86764639892006,37.355554527246916],[-121.87903058167323,37.352140504228075]]]}},{"type":"Feature","properties":{"state":"California","county":"Santa Clara","s2_cell":"9263848306868486144","waymo_ro_miles":27.03203144404884,"incremental_miles":27.032,"vintage_end":"202603","exposure_phase":"deployment"},"geometry":{"type":"Polygon","coordinates":[[[-121.87903058167323,37.36176049699558],[-121.87903058167323,37.352140504228075],[-121.86764639892006,37.355554527246916],[-121.86764639892006,37.36517483329002],[-121.87903058167323,37.36176049699558]]]}},{"type":"Feature","properties":{"state":"California","county":"Santa Clara","s2_cell":"9263848547386654720","waymo_ro_miles":51.11463288914316,"incremental_miles":51.115,"vintage_end":"202603","exposure_phase":"deployment"},"geometry":{"type":"Polygon","coordinates":[[[-121.85626104566623,37.339722526868904],[-121.85626104566623,37.33009817419936],[-121.84487452298582,37.333509154517046],[-121.84487452298582,37.34313382127269],[-121.85626104566623,37.339722526868904]]]}},{"type":"Feature","properties":{"state":"Georgia","county":"DeKalb","s2_cell":"9868795068985376768","waymo_ro_miles":338.8214543626961,"incremental_miles":338.821,"vintage_end":"202603","exposure_phase":"deployment"},"geometry":{"type":"Polygon","coordinates":[[[-84.3121263689469,33.75501101486365],[-84.3121263689469,33.743872491853786],[-84.30160205270276,33.7433878725227],[-84.30160205270276,33.75452631747269],[-84.3121263689469,33.75501101486365]]]}},{"type":"Feature","properties":{"state":"Georgia","county":"DeKalb","s2_cell":"9868795446942498816","waymo_ro_miles":1988.0286143348035,"incremental_miles":1988.029,"vintage_end":"202603","exposure_phase":"deployment"},"geometry":{"type":"Polygon","coordinates":[[[-84.32264881583772,33.755494727867806],[-84.32264881583772,33.744356126959794],[-84.3121263689469,33.743872491853786],[-84.3121263689469,33.75501101486365],[-84.32264881583772,33.755494727867806]]]}},{"type":"Feature","properties":{"state":"Georgia","county":"DeKalb","s2_cell":"9868795481302237184","waymo_ro_miles":4204.369501501272,"incremental_miles":4204.37,"vintage_end":"202603","exposure_phase":"deployment"},"geometry":{"type":"Polygon","coordinates":[[[-84.33316939243933,33.75597745693493],[-84.33316939243933,33.74483877829039],[-84.32264881583772,33.744356126959794],[-84.32264881583772,33.755494727867806],[-84.33316939243933,33.75597745693493]]]}},{"type":"Feature","properties":{"state":"Georgia","county":"DeKalb","s2_cell":"9868795550021713920","waymo_ro_miles":0.3240436493931185,"incremental_miles":0.324,"vintage_end":"202603","exposure_phase":"deployment"},"geometry":{"type":"Polygon","coordinates":[[[-84.34368809781661,33.74532044629542],[-84.34368809781661,33.73418036291592],[-84.33316939243933,33.733698772567955],[-84.33316939243933,33.74483877829039],[-84.34368809781661,33.74532044629542]]]}},{"type":"Feature","properties":{"state":"Georgia","county":"DeKalb","s2_cell":"9868795584381452288","waymo_ro_miles":5917.0969861901785,"incremental_miles":5917.097,"vintage_end":"202603","exposure_phase":"deployment"},"geometry":{"type":"Polygon","coordinates":[[[-84.34368809781661,33.756459202514975],[-84.34368809781661,33.74532044629542],[-84.33316939243933,33.74483877829039],[-84.33316939243933,33.75597745693493],[-84.34368809781661,33.756459202514975]]]}},{"type":"Feature","properties":{"state":"Georgia","county":"DeKalb","s2_cell":"9868795618741190656","waymo_ro_miles":4255.900205870918,"incremental_miles":4255.9,"vintage_end":"202603","exposure_phase":"deployment"},"geometry":{"type":"Polygon","coordinates":[[[-84.35420493103518,33.756939965058145],[-84.35420493103518,33.745801131425026],[-84.34368809781661,33.74532044629542],[-84.34368809781661,33.756459202514975],[-84.35420493103518,33.756939965058145]]]}},{"type":"Feature","properties":{"state":"Georgia","county":"DeKalb","s2_cell":"9868800772701945856","waymo_ro_miles":4177.20659663587,"incremental_miles":4177.207,"vintage_end":"202603","exposure_phase":"deployment"},"geometry":{"type":"Polygon","coordinates":[[[-84.35420493103518,33.84600274138653],[-84.35420493103518,33.83487455928043],[-84.34368809781661,33.834393257135005],[-84.34368809781661,33.8455213624825],[-84.35420493103518,33.84600274138653]]]}},{"type":"Feature","properties":{"state":"Georgia","county":"DeKalb","s2_cell":"9868800807061684224","waymo_ro_miles":3860.700561874696,"incremental_miles":3860.701,"vintage_end":"202603","exposure_phase":"deployment"},"geometry":{"type":"Polygon","coordinates":[[[-84.35420493103518,33.83487455928043],[-84.35420493103518,33.823745042475],[-84.34368809781661,33.82326381717002],[-84.34368809781661,33.834393257135005],[-84.35420493103518,33.83487455928043]]]}},{"type":"Feature","properties":{"state":"Georgia","county":"DeKalb","s2_cell":"9868800841421422592","waymo_ro_miles":11636.797549778437,"incremental_miles":11636.798,"vintage_end":"202603","exposure_phase":"deployment"},"geometry":{"type":"Polygon","coordinates":[[[-84.34368809781661,33.834393257135005],[-84.34368809781661,33.82326381717002],[-84.33316939243933,33.82278160786303],[-84.33316939243933,33.8339109708273],[-84.34368809781661,33.834393257135005]]]}},{"type":"Feature","properties":{"state":"Georgia","county":"DeKalb","s2_cell":"9868800875781160960","waymo_ro_miles":1250.1857700664395,"incremental_miles":1250.186,"vintage_end":"202603","exposure_phase":"deployment"},"geometry":{"type":"Polygon","coordinates":[[[-84.34368809781661,33.8455213624825],[-84.34368809781661,33.834393257135005],[-84.33316939243933,33.8339109708273],[-84.33316939243933,33.845038999256076],[-84.34368809781661,33.8455213624825]]]}},{"type":"Feature","properties":{"state":"Georgia","county":"DeKalb","s2_cell":"9868800978860376064","waymo_ro_miles":928.4086861911752,"incremental_miles":928.409,"vintage_end":"202603","exposure_phase":"deployment"},"geometry":{"type":"Polygon","coordinates":[[[-84.32264881583772,33.83342769990647],[-84.32264881583774,33.82229841410328],[-84.3121263689469,33.82181423544026],[-84.3121263689469,33.83294344392191],[-84.32264881583772,33.83342769990647]]]}},{"type":"Feature","properties":{"state":"Georgia","county":"DeKalb","s2_cell":"9868801013220114432","waymo_ro_miles":3402.261323573133,"incremental_miles":3402.261,"vintage_end":"202603","exposure_phase":"deployment"},"geometry":{"type":"Polygon","coordinates":[[[-84.33316939243933,33.8339109708273],[-84.33316939243933,33.82278160786303],[-84.32264881583774,33.82229841410328],[-84.32264881583772,33.83342769990647],[-84.33316939243933,33.8339109708273]]]}},{"type":"Feature","properties":{"state":"Georgia","county":"DeKalb","s2_cell":"9868801047579852800","waymo_ro_miles":7519.473274667971,"incremental_miles":7519.473,"vintage_end":"202603","exposure_phase":"deployment"},"geometry":{"type":"Polygon","coordinates":[[[-84.33316939243933,33.82278160786303],[-84.33316939243933,33.81165091129267],[-84.32264881583772,33.81116779477619],[-84.32264881583774,33.82229841410328],[-84.33316939243933,33.82278160786303]]]}},{"type":"Feature","properties":{"state":"Georgia","county":"DeKalb","s2_cell":"9868801081939591168","waymo_ro_miles":7998.41170352582,"incremental_miles":7998.412,"vintage_end":"202603","exposure_phase":"deployment"},"geometry":{"type":"Polygon","coordinates":[[[-84.32264881583774,33.82229841410328],[-84.32264881583772,33.81116779477619],[-84.3121263689469,33.81068369351706],[-84.3121263689469,33.82181423544026],[-84.32264881583774,33.82229841410328]]]}},{"type":"Feature","properties":{"state":"Georgia","county":"DeKalb","s2_cell":"9868801116299329536","waymo_ro_miles":4159.046709645367,"incremental_miles":4159.047,"vintage_end":"202603","exposure_phase":"deployment"},"geometry":{"type":"Polygon","coordinates":[[[-84.32264881583772,33.81116779477619],[-84.32264881583772,33.80003584285542],[-84.3121263689469,33.79955181908254],[-84.3121263689469,33.81068369351706],[-84.32264881583772,33.81116779477619]]]}},{"type":"Feature","properties":{"state":"Georgia","county":"DeKalb","s2_cell":"9868801150659067904","waymo_ro_miles":13947.112554917894,"incremental_miles":13947.113,"vintage_end":"202603","exposure_phase":"deployment"},"geometry":{"type":"Polygon","coordinates":[[[-84.33316939243933,33.81165091129267],[-84.33316939243933,33.800518882046454],[-84.32264881583772,33.80003584285542],[-84.32264881583772,33.81116779477619],[-84.33316939243933,33.81165091129267]]]}},{"type":"Feature","properties":{"state":"Georgia","county":"DeKalb","s2_cell":"9868801185018806272","waymo_ro_miles":28012.569627163597,"incremental_miles":28012.57,"vintage_end":"202603","exposure_phase":"deployment"},"geometry":{"type":"Polygon","coordinates":[[[-84.34368809781661,33.81213304351693],[-84.34368809781661,33.80100093710594],[-84.33316939243933,33.800518882046454],[-84.33316939243933,33.81165091129267],[-84.34368809781661,33.81213304351693]]]}},{"type":"Feature","properties":{"state":"Georgia","county":"DeKalb","s2_cell":"9868801219378544640","waymo_ro_miles":22268.487639505838,"incremental_miles":22268.488,"vintage_end":"202603","exposure_phase":"deployment"},"geometry":{"type":"Polygon","coordinates":[[[-84.34368809781661,33.82326381717002],[-84.34368809781661,33.81213304351693],[-84.33316939243933,33.81165091129267],[-84.33316939243933,33.82278160786303],[-84.34368809781661,33.82326381717002]]]}},{"type":"Feature","properties":{"state":"Georgia","county":"DeKalb","s2_cell":"9868801253738283008","waymo_ro_miles":9946.037919091164,"incremental_miles":9946.038,"vintage_end":"202603","exposure_phase":"deployment"},"geometry":{"type":"Polygon","coordinates":[[[-84.35420493103518,33.823745042475],[-84.35420493103518,33.81261419189961],[-84.34368809781661,33.81213304351693],[-84.34368809781661,33.82326381717002],[-84.35420493103518,33.823745042475]]]}},{"type":"Feature","properties":{"state":"Georgia","county":"DeKalb","s2_cell":"9868801322457759744","waymo_ro_miles":6278.072022435714,"incremental_miles":6278.072,"vintage_end":"202603","exposure_phase":"deployment"},"geometry":{"type":"Polygon","coordinates":[[[-84.35420493103518,33.80148200848448],[-84.35420493103518,33.79034849316057],[-84.34368809781661,33.78986749886806],[-84.34368809781661,33.80100093710594],[-84.35420493103518,33.80148200848448]]]}},{"type":"Feature","properties":{"state":"Georgia","county":"DeKalb","s2_cell":"9868801356817498112","waymo_ro_miles":22550.57369221667,"incremental_miles":22550.574,"vintage_end":"202603","exposure_phase":"deployment"},"geometry":{"type":"Polygon","coordinates":[[[-84.34368809781661,33.80100093710594],[-84.34368809781661,33.78986749886806],[-84.33316939243933,33.789385521055365],[-84.33316939243933,33.800518882046454],[-84.34368809781661,33.80100093710594]]]}},{"type":"Feature","properties":{"state":"Georgia","county":"DeKalb","s2_cell":"9868801391177236480","waymo_ro_miles":18344.401393672393,"incremental_miles":18344.401,"vintage_end":"202603","exposure_phase":"deployment"},"geometry":{"type":"Polygon","coordinates":[[[-84.34368809781661,33.78986749886806],[-84.34368809781661,33.77873272973508],[-84.33316939243933,33.77825082925121],[-84.33316939243933,33.789385521055365],[-84.34368809781661,33.78986749886806]]]}},{"type":"Feature","properties":{"state":"Georgia","county":"DeKalb","s2_cell":"9868801425536974848","waymo_ro_miles":6040.331713427663,"incremental_miles":6040.332,"vintage_end":"202603","exposure_phase":"deployment"},"geometry":{"type":"Polygon","coordinates":[[[-84.35420493103518,33.79034849316057],[-84.35420493103518,33.779213646859695],[-84.34368809781661,33.77873272973508],[-84.34368809781661,33.78986749886806],[-84.35420493103518,33.79034849316057]]]}},{"type":"Feature","properties":{"state":"Georgia","county":"DeKalb","s2_cell":"9868801459896713216","waymo_ro_miles":15420.793983388086,"incremental_miles":15420.794,"vintage_end":"202603","exposure_phase":"deployment"},"geometry":{"type":"Polygon","coordinates":[[[-84.35420493103518,33.779213646859695],[-84.35420493103518,33.76807747051443],[-84.34368809781661,33.76759663063959],[-84.34368809781661,33.77873272973508],[-84.35420493103518,33.779213646859695]]]}},{"type":"Feature","properties":{"state":"Georgia","county":"DeKalb","s2_cell":"9868801494256451584","waymo_ro_miles":18207.30100035175,"incremental_miles":18207.301,"vintage_end":"202603","exposure_phase":"deployment"},"geometry":{"type":"Polygon","coordinates":[[[-84.35420493103518,33.76807747051443],[-84.35420493103518,33.756939965058145],[-84.34368809781661,33.756459202514975],[-84.34368809781661,33.76759663063959],[-84.35420493103518,33.76807747051443]]]}},{"type":"Feature","properties":{"state":"Georgia","county":"DeKalb","s2_cell":"9868801528616189952","waymo_ro_miles":19848.91647966471,"incremental_miles":19848.916,"vintage_end":"202603","exposure_phase":"deployment"},"geometry":{"type":"Polygon","coordinates":[[[-84.34368809781661,33.76759663063959],[-84.34368809781661,33.756459202514975],[-84.33316939243933,33.75597745693493],[-84.33316939243933,33.76711480756661],[-84.34368809781661,33.76759663063959]]]}},{"type":"Feature","properties":{"state":"Georgia","county":"DeKalb","s2_cell":"9868801562975928320","waymo_ro_miles":18608.534539558488,"incremental_miles":18608.535,"vintage_end":"202603","exposure_phase":"deployment"},"geometry":{"type":"Polygon","coordinates":[[[-84.34368809781661,33.77873272973508],[-84.34368809781661,33.76759663063959],[-84.33316939243933,33.76711480756661],[-84.33316939243933,33.77825082925121],[-84.34368809781661,33.77873272973508]]]}},{"type":"Feature","properties":{"state":"Georgia","county":"DeKalb","s2_cell":"9868801597335666688","waymo_ro_miles":14472.927337025301,"incremental_miles":14472.927,"vintage_end":"202603","exposure_phase":"deployment"},"geometry":{"type":"Polygon","coordinates":[[[-84.33316939243933,33.77825082925121],[-84.33316939243933,33.76711480756661],[-84.32264881583774,33.76663200084518],[-84.32264881583774,33.77776794495771],[-84.33316939243933,33.77825082925121]]]}},{"type":"Feature","properties":{"state":"Georgia","county":"DeKalb","s2_cell":"9868801631695405056","waymo_ro_miles":11745.137627962642,"incremental_miles":11745.138,"vintage_end":"202603","exposure_phase":"deployment"},"geometry":{"type":"Polygon","coordinates":[[[-84.33316939243933,33.76711480756661],[-84.33316939243933,33.75597745693493],[-84.32264881583772,33.755494727867806],[-84.32264881583774,33.76663200084518],[-84.33316939243933,33.76711480756661]]]}},{"type":"Feature","properties":{"state":"Georgia","county":"DeKalb","s2_cell":"9868801666055143424","waymo_ro_miles":6672.719183409882,"incremental_miles":6672.719,"vintage_end":"202603","exposure_phase":"deployment"},"geometry":{"type":"Polygon","coordinates":[[[-84.32264881583774,33.76663200084518],[-84.32264881583772,33.755494727867806],[-84.3121263689469,33.75501101486365],[-84.3121263689469,33.76614821002525],[-84.32264881583774,33.76663200084518]]]}},{"type":"Feature","properties":{"state":"Georgia","county":"DeKalb","s2_cell":"9868801700414881792","waymo_ro_miles":13202.403839285398,"incremental_miles":13202.404,"vintage_end":"202603","exposure_phase":"deployment"},"geometry":{"type":"Polygon","coordinates":[[[-84.32264881583774,33.77776794495771],[-84.32264881583774,33.76663200084518],[-84.3121263689469,33.76614821002525],[-84.3121263689469,33.77728407640442],[-84.32264881583774,33.77776794495771]]]}},{"type":"Feature","properties":{"state":"Georgia","county":"DeKalb","s2_cell":"9868801734774620160","waymo_ro_miles":4732.555467023501,"incremental_miles":4732.555,"vintage_end":"202603","exposure_phase":"deployment"},"geometry":{"type":"Polygon","coordinates":[[[-84.32264881583772,33.788902559271996],[-84.32264881583774,33.77776794495771],[-84.3121263689469,33.77728407640442],[-84.3121263689469,33.78841861306772],[-84.32264881583772,33.788902559271996]]]}},{"type":"Feature","properties":{"state":"Georgia","county":"DeKalb","s2_cell":"9868801769134358528","waymo_ro_miles":13295.463532061778,"incremental_miles":13295.464,"vintage_end":"202603","exposure_phase":"deployment"},"geometry":{"type":"Polygon","coordinates":[[[-84.33316939243933,33.789385521055365],[-84.33316939243933,33.77825082925121],[-84.32264881583774,33.77776794495771],[-84.32264881583772,33.788902559271996],[-84.33316939243933,33.789385521055365]]]}},{"type":"Feature","properties":{"state":"Georgia","county":"DeKalb","s2_cell":"9868801803494096896","waymo_ro_miles":14742.359946432898,"incremental_miles":14742.36,"vintage_end":"202603","exposure_phase":"deployment"},"geometry":{"type":"Polygon","coordinates":[[[-84.33316939243933,33.800518882046454],[-84.33316939243933,33.789385521055365],[-84.32264881583772,33.788902559271996],[-84.32264881583772,33.80003584285542],[-84.33316939243933,33.800518882046454]]]}},{"type":"Feature","properties":{"state":"Georgia","county":"DeKalb","s2_cell":"9868801837853835264","waymo_ro_miles":18520.332385793645,"incremental_miles":18520.332,"vintage_end":"202603","exposure_phase":"deployment"},"geometry":{"type":"Polygon","coordinates":[[[-84.32264881583772,33.80003584285542],[-84.32264881583772,33.788902559271996],[-84.3121263689469,33.78841861306772],[-84.3121263689469,33.79955181908254],[-84.32264881583772,33.80003584285542]]]}},{"type":"Feature","properties":{"state":"Georgia","county":"DeKalb","s2_cell":"9868801872213573632","waymo_ro_miles":12678.755356537848,"incremental_miles":12678.755,"vintage_end":"202603","exposure_phase":"deployment"},"geometry":{"type":"Polygon","coordinates":[[[-84.3121263689469,33.79955181908254],[-84.3121263689469,33.78841861306772],[-84.30160205270276,33.78793368199252],[-84.30160205270276,33.79906681027769],[-84.3121263689469,33.79955181908254]]]}},{"type":"Feature","properties":{"state":"Georgia","county":"DeKalb","s2_cell":"9868801940933050368","waymo_ro_miles":4120.823399791974,"incremental_miles":4120.823,"vintage_end":"202603","exposure_phase":"deployment"},"geometry":{"type":"Polygon","coordinates":[[[-84.30160205270276,33.78793368199252],[-84.30160205270276,33.77679922314142],[-84.29107586804199,33.776313384719025],[-84.29107586804199,33.78744776559662],[-84.30160205270276,33.78793368199252]]]}},{"type":"Feature","properties":{"state":"Georgia","county":"DeKalb","s2_cell":"9868801975292788736","waymo_ro_miles":8311.660510542626,"incremental_miles":8311.661,"vintage_end":"202603","exposure_phase":"deployment"},"geometry":{"type":"Polygon","coordinates":[[[-84.3121263689469,33.78841861306772],[-84.3121263689469,33.77728407640442],[-84.30160205270276,33.77679922314142],[-84.30160205270276,33.78793368199252],[-84.3121263689469,33.78841861306772]]]}},{"type":"Feature","properties":{"state":"Georgia","county":"DeKalb","s2_cell":"9868802009652527104","waymo_ro_miles":10327.517495117876,"incremental_miles":10327.517,"vintage_end":"202603","exposure_phase":"deployment"},"geometry":{"type":"Polygon","coordinates":[[[-84.3121263689469,33.77728407640442],[-84.3121263689469,33.76614821002525],[-84.30160205270276,33.765663434657],[-84.30160205270276,33.77679922314142],[-84.3121263689469,33.77728407640442]]]}},{"type":"Feature","properties":{"state":"Georgia","county":"DeKalb","s2_cell":"9868802044012265472","waymo_ro_miles":6146.397068319073,"incremental_miles":6146.397,"vintage_end":"202603","exposure_phase":"deployment"},"geometry":{"type":"Polygon","coordinates":[[[-84.3121263689469,33.76614821002525],[-84.3121263689469,33.75501101486365],[-84.30160205270276,33.75452631747269],[-84.30160205270276,33.765663434657],[-84.3121263689469,33.76614821002525]]]}},{"type":"Feature","properties":{"state":"Georgia","county":"DeKalb","s2_cell":"9868802078372003840","waymo_ro_miles":1053.6538415420773,"incremental_miles":1053.654,"vintage_end":"202603","exposure_phase":"deployment"},"geometry":{"type":"Polygon","coordinates":[[[-84.30160205270276,33.765663434657],[-84.30160205270276,33.75452631747269],[-84.29107586804199,33.754040635245445],[-84.29107586804199,33.765177674290825],[-84.30160205270276,33.765663434657]]]}},{"type":"Feature","properties":{"state":"Georgia","county":"DeKalb","s2_cell":"9868802112731742208","waymo_ro_miles":6176.909264390884,"incremental_miles":6176.909,"vintage_end":"202603","exposure_phase":"deployment"},"geometry":{"type":"Polygon","coordinates":[[[-84.30160205270276,33.77679922314142],[-84.30160205270276,33.765663434657],[-84.29107586804199,33.765177674290825],[-84.29107586804199,33.776313384719025],[-84.30160205270276,33.77679922314142]]]}},{"type":"Feature","properties":{"state":"Georgia","county":"DeKalb","s2_cell":"9868802147091480576","waymo_ro_miles":376.47391656779257,"incremental_miles":376.474,"vintage_end":"202603","exposure_phase":"deployment"},"geometry":{"type":"Polygon","coordinates":[[[-84.29107586804199,33.776313384719025],[-84.29107586804199,33.765177674290825],[-84.28054781590204,33.76469092847734],[-84.28054781590204,33.77582656068777],[-84.29107586804199,33.776313384719025]]]}},{"type":"Feature","properties":{"state":"Georgia","county":"DeKalb","s2_cell":"9868802593768079360","waymo_ro_miles":6047.199793143707,"incremental_miles":6047.2,"vintage_end":"202603","exposure_phase":"deployment"},"geometry":{"type":"Polygon","coordinates":[[[-84.3121263689469,33.81068369351706],[-84.3121263689469,33.79955181908254],[-84.30160205270276,33.79906681027769],[-84.30160205270276,33.81019860706508],[-84.3121263689469,33.81068369351706]]]}},{"type":"Feature","properties":{"state":"Georgia","county":"DeKalb","s2_cell":"9868802628127817728","waymo_ro_miles":3761.9238489973636,"incremental_miles":3761.924,"vintage_end":"202603","exposure_phase":"deployment"},"geometry":{"type":"Polygon","coordinates":[[[-84.3121263689469,33.82181423544026],[-84.3121263689469,33.81068369351706],[-84.30160205270276,33.81019860706508],[-84.30160205270275,33.82132907142368],[-84.3121263689469,33.82181423544026]]]}},{"type":"Feature","properties":{"state":"Georgia","county":"Fulton","s2_cell":"9868795618741190656","waymo_ro_miles":6714.595455963946,"incremental_miles":6714.595,"vintage_end":"202603","exposure_phase":"deployment"},"geometry":{"type":"Polygon","coordinates":[[[-84.35420493103518,33.756939965058145],[-84.35420493103518,33.745801131425026],[-84.34368809781661,33.74532044629542],[-84.34368809781661,33.756459202514975],[-84.35420493103518,33.756939965058145]]]}},{"type":"Feature","properties":{"state":"Georgia","county":"Fulton","s2_cell":"9868796580813864960","waymo_ro_miles":123.25440471395032,"incremental_miles":123.254,"vintage_end":"202603","exposure_phase":"deployment"},"geometry":{"type":"Polygon","coordinates":[[[-84.37523297726291,33.713334630243274],[-84.37523297726291,33.70219033826396],[-84.36471989116156,33.7017119267137],[-84.36471989116156,33.712856141275715],[-84.37523297726291,33.713334630243274]]]}},{"type":"Feature","properties":{"state":"Georgia","county":"Fulton","s2_cell":"9868796649533341696","waymo_ro_miles":1652.6403474215026,"incremental_miles":1652.64,"vintage_end":"202603","exposure_phase":"deployment"},"geometry":{"type":"Polygon","coordinates":[[[-84.3857441884073,33.70266776893676],[-84.3857441884073,33.69152207596313],[-84.37523297726291,33.69104472262725],[-84.37523297726291,33.70219033826396],[-84.3857441884073,33.70266776893676]]]}},{"type":"Feature","properties":{"state":"Georgia","county":"Fulton","s2_cell":"9868796683893080064","waymo_ro_miles":8663.30334227186,"incremental_miles":8663.303,"vintage_end":"202603","exposure_phase":"deployment"},"geometry":{"type":"Polygon","coordinates":[[[-84.3857441884073,33.71381213817156],[-84.3857441884073,33.70266776893676],[-84.37523297726291,33.70219033826396],[-84.37523297726291,33.713334630243274],[-84.3857441884073,33.71381213817156]]]}},{"type":"Feature","properties":{"state":"Georgia","county":"Fulton","s2_cell":"9868796718252818432","waymo_ro_miles":8545.589859190963,"incremental_miles":8545.59,"vintage_end":"202603","exposure_phase":"deployment"},"geometry":{"type":"Polygon","coordinates":[[[-84.39625352366352,33.71428866551133],[-84.39625352366352,33.70314421918278],[-84.3857441884073,33.70266776893676],[-84.3857441884073,33.71381213817156],[-84.39625352366352,33.71428866551133]]]}},{"type":"Feature","properties":{"state":"Georgia","county":"Fulton","s2_cell":"9868796752612556800","waymo_ro_miles":4509.257934781376,"incremental_miles":4509.258,"vintage_end":"202603","exposure_phase":"deployment"},"geometry":{"type":"Polygon","coordinates":[[[-84.39625352366352,33.70314421918278],[-84.39625352366352,33.69199844903413],[-84.3857441884073,33.69152207596313],[-84.3857441884073,33.70266776893676],[-84.39625352366352,33.70314421918278]]]}},{"type":"Feature","properties":{"state":"Georgia","county":"Fulton","s2_cell":"9868796786972295168","waymo_ro_miles":875.8317413092385,"incremental_miles":875.832,"vintage_end":"202603","exposure_phase":"deployment"},"geometry":{"type":"Polygon","coordinates":[[[-84.39625352366352,33.69199844903413],[-84.39625352366352,33.6808513560043],[-84.3857441884073,33.680375060189604],[-84.3857441884073,33.69152207596313],[-84.39625352366352,33.69199844903413]]]}},{"type":"Feature","properties":{"state":"Georgia","county":"Fulton","s2_cell":"9868796821332033536","waymo_ro_miles":257.65350223185976,"incremental_miles":257.654,"vintage_end":"202603","exposure_phase":"deployment"},"geometry":{"type":"Polygon","coordinates":[[[-84.3857441884073,33.69152207596313],[-84.3857441884073,33.680375060189604],[-84.37523297726291,33.67989778427209],[-84.37523297726291,33.69104472262725],[-84.3857441884073,33.69152207596313]]]}},{"type":"Feature","properties":{"state":"Georgia","county":"Fulton","s2_cell":"9868796958770987008","waymo_ro_miles":1686.5726287676428,"incremental_miles":1686.573,"vintage_end":"202603","exposure_phase":"deployment"},"geometry":{"type":"Polygon","coordinates":[[[-84.40676098210116,33.69247384229102],[-84.40676098210116,33.68132667216686],[-84.39625352366352,33.6808513560043],[-84.39625352366352,33.69199844903413],[-84.40676098210116,33.69247384229102]]]}},{"type":"Feature","properties":{"state":"Georgia","county":"Fulton","s2_cell":"9868796993130725376","waymo_ro_miles":16116.353042742066,"incremental_miles":16116.353,"vintage_end":"202603","exposure_phase":"deployment"},"geometry":{"type":"Polygon","coordinates":[[[-84.41726656279059,33.692948256184835],[-84.41726656279059,33.68180100912822],[-84.40676098210116,33.68132667216686],[-84.40676098210116,33.69247384229102],[-84.41726656279059,33.692948256184835]]]}},{"type":"Feature","properties":{"state":"Georgia","county":"Fulton","s2_cell":"9868797027490463744","waymo_ro_miles":1.4802634328674835,"incremental_miles":1.48,"vintage_end":"202603","exposure_phase":"deployment"},"geometry":{"type":"Polygon","coordinates":[[[-84.41726656279059,33.68180100912822],[-84.41726656279059,33.67065243996807],[-84.40676098210116,33.670178180020116],[-84.40676098210116,33.68132667216686],[-84.41726656279059,33.68180100912822]]]}},{"type":"Feature","properties":{"state":"Georgia","county":"Fulton","s2_cell":"9868797061850202112","waymo_ro_miles":42.24534663912805,"incremental_miles":42.245,"vintage_end":"202603","exposure_phase":"deployment"},"geometry":{"type":"Polygon","coordinates":[[[-84.42777026480294,33.68227436733954],[-84.42777026480294,33.67112572132795],[-84.41726656279059,33.67065243996807],[-84.41726656279059,33.68180100912822],[-84.42777026480294,33.68227436733954]]]}},{"type":"Feature","properties":{"state":"Georgia","county":"Fulton","s2_cell":"9868797096209940480","waymo_ro_miles":28.944167092017892,"incremental_miles":28.944,"vintage_end":"202603","exposure_phase":"deployment"},"geometry":{"type":"Polygon","coordinates":[[[-84.43827208721021,33.68274674725218],[-84.43827208721021,33.671598024551],[-84.42777026480294,33.67112572132795],[-84.42777026480294,33.68227436733954],[-84.43827208721021,33.68274674725218]]]}},{"type":"Feature","properties":{"state":"Georgia","county":"Fulton","s2_cell":"9868797130569678848","waymo_ro_miles":448.9015962146769,"incremental_miles":448.902,"vintage_end":"202603","exposure_phase":"deployment"},"geometry":{"type":"Polygon","coordinates":[[[-84.43827208721021,33.6938941476884],[-84.43827208721021,33.68274674725218],[-84.42777026480294,33.68227436733954],[-84.42777026480294,33.6934216911668],[-84.43827208721021,33.6938941476884]]]}},{"type":"Feature","properties":{"state":"Georgia","county":"Fulton","s2_cell":"9868797164929417216","waymo_ro_miles":2823.8558313712797,"incremental_miles":2823.856,"vintage_end":"202603","exposure_phase":"deployment"},"geometry":{"type":"Polygon","coordinates":[[[-84.42777026480294,33.6934216911668],[-84.42777026480294,33.68227436733954],[-84.41726656279059,33.68180100912822],[-84.41726656279059,33.692948256184835],[-84.42777026480294,33.6934216911668]]]}},{"type":"Feature","properties":{"state":"Georgia","county":"Fulton","s2_cell":"9868797199289155584","waymo_ro_miles":7886.784747382157,"incremental_miles":7886.785,"vintage_end":"202603","exposure_phase":"deployment"},"geometry":{"type":"Polygon","coordinates":[[[-84.42777026480294,33.70456769187004],[-84.42777026480294,33.6934216911668],[-84.41726656279059,33.692948256184835],[-84.41726656279059,33.7040941801982],[-84.42777026480294,33.70456769187004]]]}},{"type":"Feature","properties":{"state":"Georgia","county":"Fulton","s2_cell":"9868797233648893952","waymo_ro_miles":95.97438806351595,"incremental_miles":95.974,"vintage_end":"202603","exposure_phase":"deployment"},"geometry":{"type":"Polygon","coordinates":[[[-84.43827208721021,33.705040224919976],[-84.43827208721021,33.6938941476884],[-84.42777026480294,33.6934216911668],[-84.42777026480294,33.70456769187004],[-84.43827208721021,33.705040224919976]]]}},{"type":"Feature","properties":{"state":"Georgia","county":"Fulton","s2_cell":"9868797268008632320","waymo_ro_miles":1.7093348734684126,"incremental_miles":1.709,"vintage_end":"202603","exposure_phase":"deployment"},"geometry":{"type":"Polygon","coordinates":[[[-84.43827208721021,33.71618497800804],[-84.43827208721021,33.705040224919976],[-84.42777026480294,33.70456769187004],[-84.42777026480294,33.71571236851035],[-84.43827208721021,33.71618497800804]]]}},{"type":"Feature","properties":{"state":"Georgia","county":"Fulton","s2_cell":"9868797302368370688","waymo_ro_miles":6163.9036456742815,"incremental_miles":6163.904,"vintage_end":"202603","exposure_phase":"deployment"},"geometry":{"type":"Polygon","coordinates":[[[-84.42777026480294,33.71571236851035],[-84.42777026480294,33.70456769187004],[-84.41726656279059,33.7040941801982],[-84.41726656279059,33.71523878022942],[-84.42777026480294,33.71571236851035]]]}},{"type":"Feature","properties":{"state":"Georgia","county":"Fulton","s2_cell":"9868797336728109056","waymo_ro_miles":32497.9364500855,"incremental_miles":32497.936,"vintage_end":"202603","exposure_phase":"deployment"},"geometry":{"type":"Polygon","coordinates":[[[-84.41726656279059,33.71523878022942],[-84.41726656279059,33.7040941801982],[-84.40676098210116,33.70361968945289],[-84.40676098210116,33.714764212713554],[-84.41726656279059,33.71523878022942]]]}},{"type":"Feature","properties":{"state":"Georgia","county":"Fulton","s2_cell":"9868797371087847424","waymo_ro_miles":34398.95308426902,"incremental_miles":34398.953,"vintage_end":"202603","exposure_phase":"deployment"},"geometry":{"type":"Polygon","coordinates":[[[-84.41726656279059,33.7040941801982],[-84.41726656279059,33.692948256184835],[-84.40676098210116,33.69247384229102],[-84.40676098210116,33.70361968945289],[-84.41726656279059,33.7040941801982]]]}},{"type":"Feature","properties":{"state":"Georgia","county":"Fulton","s2_cell":"9868797405447585792","waymo_ro_miles":8438.400398599948,"incremental_miles":8438.4,"vintage_end":"202603","exposure_phase":"deployment"},"geometry":{"type":"Polygon","coordinates":[[[-84.40676098210116,33.70361968945289],[-84.40676098210116,33.69247384229102],[-84.39625352366352,33.69199844903413],[-84.39625352366352,33.70314421918278],[-84.40676098210116,33.70361968945289]]]}},{"type":"Feature","properties":{"state":"Georgia","county":"Fulton","s2_cell":"9868797439807324160","waymo_ro_miles":5788.861084700932,"incremental_miles":5788.861,"vintage_end":"202603","exposure_phase":"deployment"},"geometry":{"type":"Polygon","coordinates":[[[-84.40676098210116,33.714764212713554],[-84.40676098210116,33.70361968945289],[-84.39625352366352,33.70314421918278],[-84.39625352366352,33.71428866551133],[-84.40676098210116,33.714764212713554]]]}},{"type":"Feature","properties":{"state":"Georgia","county":"Fulton","s2_cell":"9868797474167062528","waymo_ro_miles":5940.1657183469715,"incremental_miles":5940.166,"vintage_end":"202603","exposure_phase":"deployment"},"geometry":{"type":"Polygon","coordinates":[[[-84.40676098210116,33.72590741113489],[-84.40676098210116,33.714764212713554],[-84.39625352366352,33.71428866551133],[-84.39625352366352,33.72543178708166],[-84.40676098210116,33.72590741113489]]]}},{"type":"Feature","properties":{"state":"Georgia","county":"Fulton","s2_cell":"9868797508526800896","waymo_ro_miles":9543.587471700235,"incremental_miles":9543.587,"vintage_end":"202603","exposure_phase":"deployment"},"geometry":{"type":"Polygon","coordinates":[[[-84.40676098210116,33.73704928377958],[-84.40676098210116,33.72590741113489],[-84.39625352366352,33.72543178708166],[-84.39625352366352,33.73657358295644],[-84.40676098210116,33.73704928377958]]]}},{"type":"Feature","properties":{"state":"Georgia","county":"Fulton","s2_cell":"9868797542886539264","waymo_ro_miles":35648.02129341174,"incremental_miles":35648.021,"vintage_end":"202603","exposure_phase":"deployment"},"geometry":{"type":"Polygon","coordinates":[[[-84.41726656279059,33.73752400459377],[-84.41726656279059,33.72638205534038],[-84.40676098210116,33.72590741113489],[-84.40676098210116,33.73704928377958],[-84.41726656279059,33.73752400459377]]]}},{"type":"Feature","properties":{"state":"Georgia","county":"Fulton","s2_cell":"9868797577246277632","waymo_ro_miles":30731.28518592031,"incremental_miles":30731.285,"vintage_end":"202603","exposure_phase":"deployment"},"geometry":{"type":"Polygon","coordinates":[[[-84.41726656279059,33.72638205534038],[-84.41726656279059,33.71523878022942],[-84.40676098210116,33.714764212713554],[-84.40676098210116,33.72590741113489],[-84.41726656279059,33.72638205534038]]]}},{"type":"Feature","properties":{"state":"Georgia","county":"Fulton","s2_cell":"9868797611606016000","waymo_ro_miles":3093.2345254951133,"incremental_miles":3093.235,"vintage_end":"202603","exposure_phase":"deployment"},"geometry":{"type":"Polygon","coordinates":[[[-84.42777026480294,33.72685572014965],[-84.42777026480294,33.71571236851035],[-84.41726656279059,33.71523878022942],[-84.41726656279059,33.72638205534038],[-84.42777026480294,33.72685572014965]]]}},{"type":"Feature","properties":{"state":"Georgia","county":"Fulton","s2_cell":"9868797714685231104","waymo_ro_miles":191.61783486841924,"incremental_miles":191.618,"vintage_end":"202603","exposure_phase":"deployment"},"geometry":{"type":"Polygon","coordinates":[[[-84.42777026480294,33.73799774585061],[-84.42777026480294,33.72685572014965],[-84.41726656279059,33.72638205534038],[-84.41726656279059,33.73752400459377],[-84.42777026480294,33.73799774585061]]]}},{"type":"Feature","properties":{"state":"Georgia","county":"Fulton","s2_cell":"9868797749044969472","waymo_ro_miles":1848.716056860371,"incremental_miles":1848.716,"vintage_end":"202603","exposure_phase":"deployment"},"geometry":{"type":"Polygon","coordinates":[[[-84.42777026480294,33.749138444676746],[-84.42777026480294,33.73799774585061],[-84.41726656279059,33.73752400459377],[-84.41726656279059,33.748664627053074],[-84.42777026480294,33.749138444676746]]]}},{"type":"Feature","properties":{"state":"Georgia","county":"Fulton","s2_cell":"9868797852124184576","waymo_ro_miles":1882.3755437107034,"incremental_miles":1882.376,"vintage_end":"202603","exposure_phase":"deployment"},"geometry":{"type":"Polygon","coordinates":[[[-84.42777026480294,33.76027781569232],[-84.42777026480294,33.749138444676746],[-84.41726656279059,33.748664627053074],[-84.41726656279059,33.75980392178256],[-84.42777026480294,33.76027781569232]]]}},{"type":"Feature","properties":{"state":"Georgia","county":"Fulton","s2_cell":"9868797886483922944","waymo_ro_miles":17608.68147135641,"incremental_miles":17608.681,"vintage_end":"202603","exposure_phase":"deployment"},"geometry":{"type":"Polygon","coordinates":[[[-84.41726656279059,33.75980392178256],[-84.41726656279059,33.748664627053074],[-84.40676098210116,33.748189829711094],[-84.40676098210116,33.75932904799372],[-84.41726656279059,33.75980392178256]]]}},{"type":"Feature","properties":{"state":"Georgia","county":"Fulton","s2_cell":"9868797920843661312","waymo_ro_miles":40584.410356713655,"incremental_miles":40584.41,"vintage_end":"202603","exposure_phase":"deployment"},"geometry":{"type":"Polygon","coordinates":[[[-84.41726656279059,33.748664627053074],[-84.41726656279059,33.73752400459377],[-84.40676098210116,33.73704928377958],[-84.40676098210116,33.748189829711094],[-84.41726656279059,33.748664627053074]]]}},{"type":"Feature","properties":{"state":"Georgia","county":"Fulton","s2_cell":"9868797955203399680","waymo_ro_miles":35797.785937946064,"incremental_miles":35797.786,"vintage_end":"202603","exposure_phase":"deployment"},"geometry":{"type":"Polygon","coordinates":[[[-84.40676098210116,33.748189829711094],[-84.40676098210116,33.73704928377958],[-84.39625352366352,33.73657358295644],[-84.39625352366352,33.747714052199115],[-84.40676098210116,33.748189829711094]]]}},{"type":"Feature","properties":{"state":"Georgia","county":"Fulton","s2_cell":"9868797989563138048","waymo_ro_miles":68374.51433418402,"incremental_miles":68374.514,"vintage_end":"202603","exposure_phase":"deployment"},"geometry":{"type":"Polygon","coordinates":[[[-84.40676098210116,33.75932904799372],[-84.40676098210116,33.748189829711094],[-84.39625352366352,33.747714052199115],[-84.39625352366352,33.758853193873975],[-84.40676098210116,33.75932904799372]]]}},{"type":"Feature","properties":{"state":"Georgia","county":"Fulton","s2_cell":"9868798023922876416","waymo_ro_miles":74843.66925899603,"incremental_miles":74843.669,"vintage_end":"202603","exposure_phase":"deployment"},"geometry":{"type":"Polygon","coordinates":[[[-84.39625352366352,33.758853193873975],[-84.39625352366352,33.747714052199115],[-84.3857441884073,33.747237294065656],[-84.3857441884073,33.75837635897177],[-84.39625352366352,33.758853193873975]]]}},{"type":"Feature","properties":{"state":"Georgia","county":"Fulton","s2_cell":"9868798058282614784","waymo_ro_miles":47634.50470369529,"incremental_miles":47634.505,"vintage_end":"202603","exposure_phase":"deployment"},"geometry":{"type":"Polygon","coordinates":[[[-84.3857441884073,33.75837635897177],[-84.3857441884073,33.747237294065656],[-84.37523297726291,33.74675955485946],[-84.37523297726291,33.75789854283577],[-84.3857441884073,33.75837635897177]]]}},{"type":"Feature","properties":{"state":"Georgia","county":"Fulton","s2_cell":"9868798092642353152","waymo_ro_miles":21715.07726144489,"incremental_miles":21715.077,"vintage_end":"202603","exposure_phase":"deployment"},"geometry":{"type":"Polygon","coordinates":[[[-84.3857441884073,33.747237294065656],[-84.3857441884073,33.73609690167295],[-84.37523297726291,33.73561923947797],[-84.37523297726291,33.74675955485946],[-84.3857441884073,33.747237294065656]]]}},{"type":"Feature","properties":{"state":"Georgia","county":"Fulton","s2_cell":"9868798127002091520","waymo_ro_miles":41935.69557271256,"incremental_miles":41935.696,"vintage_end":"202603","exposure_phase":"deployment"},"geometry":{"type":"Polygon","coordinates":[[[-84.39625352366352,33.747714052199115],[-84.39625352366352,33.73657358295644],[-84.3857441884073,33.73609690167295],[-84.3857441884073,33.747237294065656],[-84.39625352366352,33.747714052199115]]]}},{"type":"Feature","properties":{"state":"Georgia","county":"Fulton","s2_cell":"9868798161361829888","waymo_ro_miles":22763.3161179105,"incremental_miles":22763.316,"vintage_end":"202603","exposure_phase":"deployment"},"geometry":{"type":"Polygon","coordinates":[[[-84.39625352366352,33.73657358295644],[-84.39625352366352,33.72543178708166],[-84.3857441884073,33.72495518272941],[-84.3857441884073,33.73609690167295],[-84.39625352366352,33.73657358295644]]]}},{"type":"Feature","properties":{"state":"Georgia","county":"Fulton","s2_cell":"9868798195721568256","waymo_ro_miles":13013.32529489223,"incremental_miles":13013.325,"vintage_end":"202603","exposure_phase":"deployment"},"geometry":{"type":"Polygon","coordinates":[[[-84.39625352366352,33.72543178708166],[-84.39625352366352,33.71428866551133],[-84.3857441884073,33.71381213817156],[-84.3857441884073,33.72495518272941],[-84.39625352366352,33.72543178708166]]]}},{"type":"Feature","properties":{"state":"Georgia","county":"Fulton","s2_cell":"9868798230081306624","waymo_ro_miles":15126.615174456138,"incremental_miles":15126.615,"vintage_end":"202603","exposure_phase":"deployment"},"geometry":{"type":"Polygon","coordinates":[[[-84.3857441884073,33.72495518272941],[-84.3857441884073,33.71381213817156],[-84.37523297726291,33.713334630243274],[-84.37523297726291,33.724477597627065],[-84.3857441884073,33.72495518272941]]]}},{"type":"Feature","properties":{"state":"Georgia","county":"Fulton","s2_cell":"9868798264441044992","waymo_ro_miles":12921.95420282285,"incremental_miles":12921.954,"vintage_end":"202603","exposure_phase":"deployment"},"geometry":{"type":"Polygon","coordinates":[[[-84.3857441884073,33.73609690167295],[-84.3857441884073,33.72495518272941],[-84.37523297726291,33.724477597627065],[-84.37523297726291,33.73561923947797],[-84.3857441884073,33.73609690167295]]]}},{"type":"Feature","properties":{"state":"Georgia","county":"Fulton","s2_cell":"9868798298800783360","waymo_ro_miles":5783.694764306323,"incremental_miles":5783.695,"vintage_end":"202603","exposure_phase":"deployment"},"geometry":{"type":"Polygon","coordinates":[[[-84.37523297726291,33.73561923947797],[-84.37523297726291,33.724477597627065],[-84.36471989116156,33.723999031323785],[-84.36471989116156,33.73514059592057],[-84.37523297726291,33.73561923947797]]]}},{"type":"Feature","properties":{"state":"Georgia","county":"Fulton","s2_cell":"9868798333160521728","waymo_ro_miles":303.0971079041725,"incremental_miles":303.097,"vintage_end":"202603","exposure_phase":"deployment"},"geometry":{"type":"Polygon","coordinates":[[[-84.37523297726291,33.724477597627065],[-84.37523297726291,33.713334630243274],[-84.36471989116156,33.712856141275715],[-84.36471989116156,33.723999031323785],[-84.37523297726291,33.724477597627065]]]}},{"type":"Feature","properties":{"state":"Georgia","county":"Fulton","s2_cell":"9868798436239736832","waymo_ro_miles":3.1368697651851822,"incremental_miles":3.137,"vintage_end":"202603","exposure_phase":"deployment"},"geometry":{"type":"Polygon","coordinates":[[[-84.36471989116156,33.746280834129514],[-84.36471989116156,33.73514059592057],[-84.35420493103518,33.734660970550046],[-84.35420493103518,33.745801131425026],[-84.36471989116156,33.746280834129514]]]}},{"type":"Feature","properties":{"state":"Georgia","county":"Fulton","s2_cell":"9868798470599475200","waymo_ro_miles":13635.075172514871,"incremental_miles":13635.075,"vintage_end":"202603","exposure_phase":"deployment"},"geometry":{"type":"Polygon","coordinates":[[[-84.37523297726291,33.74675955485946],[-84.37523297726291,33.73561923947797],[-84.36471989116156,33.73514059592057],[-84.36471989116156,33.746280834129514],[-84.37523297726291,33.74675955485946]]]}},{"type":"Feature","properties":{"state":"Georgia","county":"Fulton","s2_cell":"9868798504959213568","waymo_ro_miles":53910.613356341324,"incremental_miles":53910.613,"vintage_end":"202603","exposure_phase":"deployment"},"geometry":{"type":"Polygon","coordinates":[[[-84.37523297726291,33.75789854283577],[-84.37523297726291,33.74675955485946],[-84.36471989116156,33.746280834129514],[-84.36471989116156,33.75741974501486],[-84.37523297726291,33.75789854283577]]]}},{"type":"Feature","properties":{"state":"Georgia","county":"Fulton","s2_cell":"9868798539318951936","waymo_ro_miles":27445.4588936372,"incremental_miles":27445.459,"vintage_end":"202603","exposure_phase":"deployment"},"geometry":{"type":"Polygon","coordinates":[[[-84.36471989116156,33.75741974501486],[-84.36471989116156,33.746280834129514],[-84.35420493103518,33.745801131425026],[-84.35420493103518,33.756939965058145],[-84.36471989116156,33.75741974501486]]]}},{"type":"Feature","properties":{"state":"Georgia","county":"Fulton","s2_cell":"9868798573678690304","waymo_ro_miles":34830.816712007814,"incremental_miles":34830.817,"vintage_end":"202603","exposure_phase":"deployment"},"geometry":{"type":"Polygon","coordinates":[[[-84.36471989116156,33.76855732764162],[-84.36471989116156,33.75741974501486],[-84.35420493103518,33.756939965058145],[-84.35420493103518,33.76807747051443],[-84.36471989116156,33.76855732764162]]]}},{"type":"Feature","properties":{"state":"Georgia","county":"Fulton","s2_cell":"9868798608038428672","waymo_ro_miles":69007.97452393448,"incremental_miles":69007.975,"vintage_end":"202603","exposure_phase":"deployment"},"geometry":{"type":"Polygon","coordinates":[[[-84.37523297726291,33.769036202471945],[-84.37523297726291,33.75789854283577],[-84.36471989116156,33.75741974501486],[-84.36471989116156,33.76855732764162],[-84.37523297726291,33.769036202471945]]]}},{"type":"Feature","properties":{"state":"Georgia","county":"Fulton","s2_cell":"9868798642398167040","waymo_ro_miles":68878.49597440883,"incremental_miles":68878.496,"vintage_end":"202603","exposure_phase":"deployment"},"geometry":{"type":"Polygon","coordinates":[[[-84.37523297726291,33.780172532833824],[-84.37523297726291,33.769036202471945],[-84.36471989116156,33.76855732764162],[-84.36471989116156,33.77969358107567],[-84.37523297726291,33.780172532833824]]]}},{"type":"Feature","properties":{"state":"Georgia","county":"Fulton","s2_cell":"9868798676757905408","waymo_ro_miles":44889.59637894585,"incremental_miles":44889.596,"vintage_end":"202603","exposure_phase":"deployment"},"geometry":{"type":"Polygon","coordinates":[[[-84.36471989116156,33.77969358107567],[-84.36471989116156,33.76855732764162],[-84.35420493103518,33.76807747051443],[-84.35420493103518,33.779213646859695],[-84.36471989116156,33.77969358107567]]]}},{"type":"Feature","properties":{"state":"Georgia","county":"Fulton","s2_cell":"9868798711117643776","waymo_ro_miles":30266.431223171443,"incremental_miles":30266.431,"vintage_end":"202603","exposure_phase":"deployment"},"geometry":{"type":"Polygon","coordinates":[[[-84.36471989116156,33.7908285043836],[-84.36471989116156,33.77969358107567],[-84.35420493103518,33.779213646859695],[-84.35420493103518,33.79034849316057],[-84.36471989116156,33.7908285043836]]]}},{"type":"Feature","properties":{"state":"Georgia","county":"Fulton","s2_cell":"9868798745477382144","waymo_ro_miles":21427.49203575736,"incremental_miles":21427.492,"vintage_end":"202603","exposure_phase":"deployment"},"geometry":{"type":"Polygon","coordinates":[[[-84.36471989116156,33.801962096632835],[-84.36471989116156,33.7908285043836],[-84.35420493103518,33.79034849316057],[-84.35420493103518,33.80148200848448],[-84.36471989116156,33.801962096632835]]]}},{"type":"Feature","properties":{"state":"Georgia","county":"Fulton","s2_cell":"9868798779837120512","waymo_ro_miles":77348.1093318466,"incremental_miles":77348.109,"vintage_end":"202603","exposure_phase":"deployment"},"geometry":{"type":"Polygon","coordinates":[[[-84.37523297726291,33.80244120200204],[-84.37523297726291,33.79130753298805],[-84.36471989116156,33.7908285043836],[-84.36471989116156,33.801962096632835],[-84.37523297726291,33.80244120200204]]]}},{"type":"Feature","properties":{"state":"Georgia","county":"Fulton","s2_cell":"9868798814196858880","waymo_ro_miles":31876.673445527584,"incremental_miles":31876.673,"vintage_end":"202603","exposure_phase":"deployment"},"geometry":{"type":"Polygon","coordinates":[[[-84.37523297726291,33.79130753298805],[-84.37523297726291,33.780172532833824],[-84.36471989116156,33.77969358107567],[-84.36471989116156,33.7908285043836],[-84.37523297726291,33.79130753298805]]]}},{"type":"Feature","properties":{"state":"Georgia","county":"Fulton","s2_cell":"9868798848556597248","waymo_ro_miles":100555.04234917588,"incremental_miles":100555.042,"vintage_end":"202603","exposure_phase":"deployment"},"geometry":{"type":"Polygon","coordinates":[[[-84.3857441884073,33.79178557942512],[-84.3857441884073,33.78065050258526],[-84.37523297726291,33.780172532833824],[-84.37523297726291,33.79130753298805],[-84.3857441884073,33.79178557942512]]]}},{"type":"Feature","properties":{"state":"Georgia","county":"Fulton","s2_cell":"9868798882916335616","waymo_ro_miles":26757.01575522314,"incremental_miles":26757.016,"vintage_end":"202603","exposure_phase":"deployment"},"geometry":{"type":"Polygon","coordinates":[[[-84.3857441884073,33.80291932504336],[-84.3857441884073,33.79178557942512],[-84.37523297726291,33.79130753298805],[-84.37523297726291,33.80244120200204],[-84.3857441884073,33.80291932504336]]]}},{"type":"Feature","properties":{"state":"Georgia","county":"Fulton","s2_cell":"9868798917276073984","waymo_ro_miles":59448.983580364365,"incremental_miles":59448.984,"vintage_end":"202603","exposure_phase":"deployment"},"geometry":{"type":"Polygon","coordinates":[[[-84.39625352366352,33.803396466208255],[-84.39625352366352,33.79226264414616],[-84.3857441884073,33.79178557942512],[-84.3857441884073,33.80291932504336],[-84.39625352366352,33.803396466208255]]]}},{"type":"Feature","properties":{"state":"Georgia","county":"Fulton","s2_cell":"9868798951635812352","waymo_ro_miles":86915.77907078463,"incremental_miles":86915.779,"vintage_end":"202603","exposure_phase":"deployment"},"geometry":{"type":"Polygon","coordinates":[[[-84.39625352366352,33.79226264414616],[-84.39625352366352,33.781127490781245],[-84.3857441884073,33.78065050258526],[-84.3857441884073,33.79178557942512],[-84.39625352366352,33.79226264414616]]]}},{"type":"Feature","properties":{"state":"Georgia","county":"Fulton","s2_cell":"9868798985995550720","waymo_ro_miles":81629.18449236048,"incremental_miles":81629.184,"vintage_end":"202603","exposure_phase":"deployment"},"geometry":{"type":"Polygon","coordinates":[[[-84.39625352366352,33.781127490781245],[-84.39625352366352,33.769991007046066],[-84.3857441884073,33.76951409545636],[-84.3857441884073,33.78065050258526],[-84.39625352366352,33.781127490781245]]]}},{"type":"Feature","properties":{"state":"Georgia","county":"Fulton","s2_cell":"9868799020355289088","waymo_ro_miles":116946.41403082854,"incremental_miles":116946.414,"vintage_end":"202603","exposure_phase":"deployment"},"geometry":{"type":"Polygon","coordinates":[[[-84.3857441884073,33.78065050258526],[-84.3857441884073,33.76951409545636],[-84.37523297726291,33.769036202471945],[-84.37523297726291,33.780172532833824],[-84.3857441884073,33.78065050258526]]]}},{"type":"Feature","properties":{"state":"Georgia","county":"Fulton","s2_cell":"9868799054715027456","waymo_ro_miles":83689.88422647867,"incremental_miles":83689.884,"vintage_end":"202603","exposure_phase":"deployment"},"geometry":{"type":"Polygon","coordinates":[[[-84.3857441884073,33.76951409545636],[-84.3857441884073,33.75837635897177],[-84.37523297726291,33.75789854283577],[-84.37523297726291,33.769036202471945],[-84.3857441884073,33.76951409545636]]]}},{"type":"Feature","properties":{"state":"Georgia","county":"Fulton","s2_cell":"9868799089074765824","waymo_ro_miles":94158.04701298568,"incremental_miles":94158.047,"vintage_end":"202603","exposure_phase":"deployment"},"geometry":{"type":"Polygon","coordinates":[[[-84.39625352366352,33.769991007046066],[-84.39625352366352,33.758853193873975],[-84.3857441884073,33.75837635897177],[-84.3857441884073,33.76951409545636],[-84.39625352366352,33.769991007046066]]]}},{"type":"Feature","properties":{"state":"Georgia","county":"Fulton","s2_cell":"9868799123434504192","waymo_ro_miles":70062.85562262649,"incremental_miles":70062.856,"vintage_end":"202603","exposure_phase":"deployment"},"geometry":{"type":"Polygon","coordinates":[[[-84.40676098210116,33.7704669376925],[-84.40676098210116,33.75932904799372],[-84.39625352366352,33.758853193873975],[-84.39625352366352,33.769991007046066],[-84.40676098210116,33.7704669376925]]]}},{"type":"Feature","properties":{"state":"Georgia","county":"Fulton","s2_cell":"9868799157794242560","waymo_ro_miles":51232.42551874333,"incremental_miles":51232.426,"vintage_end":"202603","exposure_phase":"deployment"},"geometry":{"type":"Polygon","coordinates":[[[-84.40676098210116,33.781603497873306],[-84.40676098210116,33.7704669376925],[-84.39625352366352,33.769991007046066],[-84.39625352366352,33.781127490781245],[-84.40676098210116,33.781603497873306]]]}},{"type":"Feature","properties":{"state":"Georgia","county":"Fulton","s2_cell":"9868799192153980928","waymo_ro_miles":80025.83777476886,"incremental_miles":80025.838,"vintage_end":"202603","exposure_phase":"deployment"},"geometry":{"type":"Polygon","coordinates":[[[-84.41726656279059,33.7820785243132],[-84.41726656279059,33.770941887847314],[-84.40676098210116,33.7704669376925],[-84.40676098210116,33.781603497873306],[-84.41726656279059,33.7820785243132]]]}},{"type":"Feature","properties":{"state":"Georgia","county":"Fulton","s2_cell":"9868799226513719296","waymo_ro_miles":16299.084041660424,"incremental_miles":16299.084,"vintage_end":"202603","exposure_phase":"deployment"},"geometry":{"type":"Polygon","coordinates":[[[-84.41726656279059,33.770941887847314],[-84.41726656279059,33.75980392178256],[-84.40676098210116,33.75932904799372],[-84.40676098210116,33.7704669376925],[-84.41726656279059,33.770941887847314]]]}},{"type":"Feature","properties":{"state":"Georgia","county":"Fulton","s2_cell":"9868799260873457664","waymo_ro_miles":2314.280496778112,"incremental_miles":2314.28,"vintage_end":"202603","exposure_phase":"deployment"},"geometry":{"type":"Polygon","coordinates":[[[-84.42777026480294,33.77141585796242],[-84.42777026480294,33.76027781569232],[-84.41726656279059,33.75980392178256],[-84.41726656279059,33.770941887847314],[-84.42777026480294,33.77141585796242]]]}},{"type":"Feature","properties":{"state":"Georgia","county":"Fulton","s2_cell":"9868799329592934400","waymo_ro_miles":3091.468719853276,"incremental_miles":3091.469,"vintage_end":"202603","exposure_phase":"deployment"},"geometry":{"type":"Polygon","coordinates":[[[-84.43827208721021,33.783025637044624],[-84.43827208721021,33.77188884848988],[-84.42777026480294,33.77141585796242],[-84.42777026480294,33.7825525705529],[-84.43827208721021,33.783025637044624]]]}},{"type":"Feature","properties":{"state":"Georgia","county":"Fulton","s2_cell":"9868799363952672768","waymo_ro_miles":19600.800313318192,"incremental_miles":19600.8,"vintage_end":"202603","exposure_phase":"deployment"},"geometry":{"type":"Polygon","coordinates":[[[-84.42777026480294,33.7825525705529],[-84.42777026480294,33.77141585796242],[-84.41726656279059,33.770941887847314],[-84.41726656279059,33.7820785243132],[-84.42777026480294,33.7825525705529]]]}},{"type":"Feature","properties":{"state":"Georgia","county":"Fulton","s2_cell":"9868799398312411136","waymo_ro_miles":31123.61108343604,"incremental_miles":31123.611,"vintage_end":"202603","exposure_phase":"deployment"},"geometry":{"type":"Polygon","coordinates":[[[-84.42777026480294,33.79368795253048],[-84.42777026480294,33.7825525705529],[-84.41726656279059,33.7820785243132],[-84.41726656279059,33.793213830246884],[-84.42777026480294,33.79368795253048]]]}},{"type":"Feature","properties":{"state":"Georgia","county":"Fulton","s2_cell":"9868799432672149504","waymo_ro_miles":19765.96473457539,"incremental_miles":19765.965,"vintage_end":"202603","exposure_phase":"deployment"},"geometry":{"type":"Polygon","coordinates":[[[-84.43827208721021,33.79416109490589],[-84.43827208721021,33.783025637044624],[-84.42777026480294,33.7825525705529],[-84.42777026480294,33.79368795253048],[-84.43827208721021,33.79416109490589]]]}},{"type":"Feature","properties":{"state":"Georgia","county":"Fulton","s2_cell":"9868799467031887872","waymo_ro_miles":50524.82298812777,"incremental_miles":50524.823,"vintage_end":"202603","exposure_phase":"deployment"},"geometry":{"type":"Polygon","coordinates":[[[-84.43827208721021,33.80529522114115],[-84.43827208721021,33.79416109490589],[-84.42777026480294,33.79368795253048],[-84.42777026480294,33.8048220029626],[-84.43827208721021,33.80529522114115]]]}},{"type":"Feature","properties":{"state":"Georgia","county":"Fulton","s2_cell":"9868799501391626240","waymo_ro_miles":30019.335354672043,"incremental_miles":30019.335,"vintage_end":"202603","exposure_phase":"deployment"},"geometry":{"type":"Polygon","coordinates":[[[-84.42777026480294,33.8048220029626],[-84.42777026480294,33.79368795253048],[-84.41726656279059,33.793213830246884],[-84.41726656279059,33.804347804715825],[-84.42777026480294,33.8048220029626]]]}},{"type":"Feature","properties":{"state":"Georgia","county":"Fulton","s2_cell":"9868799535751364608","waymo_ro_miles":57698.28409185107,"incremental_miles":57698.284,"vintage_end":"202603","exposure_phase":"deployment"},"geometry":{"type":"Polygon","coordinates":[[[-84.41726656279059,33.804347804715825],[-84.41726656279059,33.793213830246884],[-84.40676098210116,33.792738727602796],[-84.40676098210116,33.80387262594843],[-84.41726656279059,33.804347804715825]]]}},{"type":"Feature","properties":{"state":"Georgia","county":"Fulton","s2_cell":"9868799570111102976","waymo_ro_miles":88385.06434399381,"incremental_miles":88385.064,"vintage_end":"202603","exposure_phase":"deployment"},"geometry":{"type":"Polygon","coordinates":[[[-84.41726656279059,33.793213830246884],[-84.41726656279059,33.7820785243132],[-84.40676098210116,33.781603497873306],[-84.40676098210116,33.792738727602796],[-84.41726656279059,33.793213830246884]]]}},{"type":"Feature","properties":{"state":"Georgia","county":"Fulton","s2_cell":"9868799604470841344","waymo_ro_miles":66467.50377703266,"incremental_miles":66467.504,"vintage_end":"202603","exposure_phase":"deployment"},"geometry":{"type":"Polygon","coordinates":[[[-84.40676098210116,33.792738727602796],[-84.40676098210116,33.781603497873306],[-84.39625352366352,33.781127490781245],[-84.39625352366352,33.79226264414616],[-84.40676098210116,33.792738727602796]]]}},{"type":"Feature","properties":{"state":"Georgia","county":"Fulton","s2_cell":"9868799638830579712","waymo_ro_miles":23031.710524921098,"incremental_miles":23031.711,"vintage_end":"202603","exposure_phase":"deployment"},"geometry":{"type":"Polygon","coordinates":[[[-84.40676098210116,33.80387262594843],[-84.40676098210116,33.792738727602796],[-84.39625352366352,33.79226264414616],[-84.39625352366352,33.803396466208255],[-84.40676098210116,33.80387262594843]]]}},{"type":"Feature","properties":{"state":"Georgia","county":"Fulton","s2_cell":"9868799673190318080","waymo_ro_miles":13743.174941500425,"incremental_miles":13743.175,"vintage_end":"202603","exposure_phase":"deployment"},"geometry":{"type":"Polygon","coordinates":[[[-84.40676098210116,33.81500519197846],[-84.40676098210116,33.80387262594843],[-84.39625352366352,33.803396466208255],[-84.39625352366352,33.81452895603578],[-84.40676098210116,33.81500519197846]]]}},{"type":"Feature","properties":{"state":"Georgia","county":"Fulton","s2_cell":"9868799707550056448","waymo_ro_miles":5029.373319724515,"incremental_miles":5029.373,"vintage_end":"202603","exposure_phase":"deployment"},"geometry":{"type":"Polygon","coordinates":[[[-84.40676098210116,33.82613642476193],[-84.40676098210116,33.81500519197846],[-84.39625352366352,33.81452895603578],[-84.39625352366352,33.82566011269779],[-84.40676098210116,33.82613642476193]]]}},{"type":"Feature","properties":{"state":"Georgia","county":"Fulton","s2_cell":"9868799741909794816","waymo_ro_miles":16637.546177977354,"incremental_miles":16637.546,"vintage_end":"202603","exposure_phase":"deployment"},"geometry":{"type":"Polygon","coordinates":[[[-84.41726656279059,33.82661175553334],[-84.41726656279059,33.8154804467883],[-84.40676098210116,33.81500519197846],[-84.40676098210116,33.82613642476193],[-84.41726656279059,33.82661175553334]]]}},{"type":"Feature","properties":{"state":"Georgia","county":"Fulton","s2_cell":"9868799776269533184","waymo_ro_miles":29132.158645467996,"incremental_miles":29132.159,"vintage_end":"202603","exposure_phase":"deployment"},"geometry":{"type":"Polygon","coordinates":[[[-84.41726656279059,33.8154804467883],[-84.41726656279059,33.804347804715825],[-84.40676098210116,33.80387262594843],[-84.40676098210116,33.81500519197846],[-84.41726656279059,33.8154804467883]]]}},{"type":"Feature","properties":{"state":"Georgia","county":"Fulton","s2_cell":"9868799810629271552","waymo_ro_miles":16043.582367095612,"incremental_miles":16043.582,"vintage_end":"202603","exposure_phase":"deployment"},"geometry":{"type":"Polygon","coordinates":[[[-84.42777026480294,33.815954720917546],[-84.42777026480294,33.8048220029626],[-84.41726656279059,33.804347804715825],[-84.41726656279059,33.8154804467883],[-84.42777026480294,33.815954720917546]]]}},{"type":"Feature","properties":{"state":"Georgia","county":"Fulton","s2_cell":"9868799844989009920","waymo_ro_miles":42090.96257687973,"incremental_miles":42090.963,"vintage_end":"202603","exposure_phase":"deployment"},"geometry":{"type":"Polygon","coordinates":[[[-84.43827208721021,33.81642801481869],[-84.43827208721021,33.80529522114115],[-84.42777026480294,33.8048220029626],[-84.42777026480294,33.815954720917546],[-84.43827208721021,33.81642801481869]]]}},{"type":"Feature","properties":{"state":"Georgia","county":"Fulton","s2_cell":"9868799879348748288","waymo_ro_miles":5919.595088020413,"incremental_miles":5919.595,"vintage_end":"202603","exposure_phase":"deployment"},"geometry":{"type":"Polygon","coordinates":[[[-84.43827208721021,33.827559475007575],[-84.43827208721021,33.81642801481869],[-84.42777026480294,33.815954720917546],[-84.42777026480294,33.827086105464375],[-84.43827208721021,33.827559475007575]]]}},{"type":"Feature","properties":{"state":"Georgia","county":"Fulton","s2_cell":"9868799913708486656","waymo_ro_miles":3631.675041846978,"incremental_miles":3631.675,"vintage_end":"202603","exposure_phase":"deployment"},"geometry":{"type":"Polygon","coordinates":[[[-84.42777026480294,33.827086105464375],[-84.42777026480294,33.815954720917546],[-84.41726656279059,33.8154804467883],[-84.41726656279059,33.82661175553334],[-84.42777026480294,33.827086105464375]]]}},{"type":"Feature","properties":{"state":"Georgia","county":"Fulton","s2_cell":"9868799948068225024","waymo_ro_miles":2274.4210391156303,"incremental_miles":2274.421,"vintage_end":"202603","exposure_phase":"deployment"},"geometry":{"type":"Polygon","coordinates":[[[-84.42777026480294,33.83821615567294],[-84.42777026480294,33.827086105464375],[-84.41726656279059,33.82661175553334],[-84.41726656279059,33.837741730020824],[-84.42777026480294,33.83821615567294]]]}},{"type":"Feature","properties":{"state":"Georgia","county":"Fulton","s2_cell":"9868799982427963392","waymo_ro_miles":1750.0590071075849,"incremental_miles":1750.059,"vintage_end":"202603","exposure_phase":"deployment"},"geometry":{"type":"Polygon","coordinates":[[[-84.43827208721021,33.83868960077769],[-84.43827208721021,33.827559475007575],[-84.42777026480294,33.827086105464375],[-84.42777026480294,33.83821615567294],[-84.43827208721021,33.83868960077769]]]}},{"type":"Feature","properties":{"state":"Georgia","county":"Fulton","s2_cell":"9868800051147440128","waymo_ro_miles":3.075565936985828,"incremental_miles":3.076,"vintage_end":"202603","exposure_phase":"deployment"},"geometry":{"type":"Polygon","coordinates":[[[-84.42777026480294,33.84934487061391],[-84.42777026480294,33.83821615567294],[-84.41726656279059,33.837741730020824],[-84.41726656279059,33.84887036932138],[-84.42777026480294,33.84934487061391]]]}},{"type":"Feature","properties":{"state":"Georgia","county":"Fulton","s2_cell":"9868800085507178496","waymo_ro_miles":378.7377311351549,"incremental_miles":378.738,"vintage_end":"202603","exposure_phase":"deployment"},"geometry":{"type":"Polygon","coordinates":[[[-84.41726656279059,33.84887036932138],[-84.41726656279059,33.837741730020824],[-84.40676098210116,33.83726632336869],[-84.40676098210116,33.84839488686937],[-84.41726656279059,33.84887036932138]]]}},{"type":"Feature","properties":{"state":"Georgia","county":"Fulton","s2_cell":"9868800119866916864","waymo_ro_miles":6387.225468655647,"incremental_miles":6387.225,"vintage_end":"202603","exposure_phase":"deployment"},"geometry":{"type":"Polygon","coordinates":[[[-84.41726656279059,33.837741730020824],[-84.41726656279059,33.82661175553334],[-84.40676098210116,33.82613642476193],[-84.40676098210116,33.83726632336869],[-84.41726656279059,33.837741730020824]]]}},{"type":"Feature","properties":{"state":"Georgia","county":"Fulton","s2_cell":"9868800154226655232","waymo_ro_miles":10604.184342897162,"incremental_miles":10604.184,"vintage_end":"202603","exposure_phase":"deployment"},"geometry":{"type":"Polygon","coordinates":[[[-84.40676098210116,33.83726632336869],[-84.40676098210116,33.82613642476193],[-84.39625352366352,33.82566011269779],[-84.39625352366352,33.836789935264086],[-84.40676098210116,33.83726632336869]]]}},{"type":"Feature","properties":{"state":"Georgia","county":"Fulton","s2_cell":"9868800188586393600","waymo_ro_miles":2074.2712153469506,"incremental_miles":2074.271,"vintage_end":"202603","exposure_phase":"deployment"},"geometry":{"type":"Polygon","coordinates":[[[-84.40676098210116,33.84839488686937],[-84.40676098210116,33.83726632336869],[-84.39625352366352,33.836789935264086],[-84.39625352366352,33.84791842280534],[-84.40676098210116,33.84839488686937]]]}},{"type":"Feature","properties":{"state":"Georgia","county":"Fulton","s2_cell":"9868800222946131968","waymo_ro_miles":3218.109718202469,"incremental_miles":3218.11,"vintage_end":"202603","exposure_phase":"deployment"},"geometry":{"type":"Polygon","coordinates":[[[-84.39625352366352,33.84791842280534],[-84.39625352366352,33.836789935264086],[-84.3857441884073,33.83631256525483],[-84.3857441884073,33.847440976677],[-84.39625352366352,33.84791842280534]]]}},{"type":"Feature","properties":{"state":"Georgia","county":"Fulton","s2_cell":"9868800257305870336","waymo_ro_miles":41793.335486760996,"incremental_miles":41793.335,"vintage_end":"202603","exposure_phase":"deployment"},"geometry":{"type":"Polygon","coordinates":[[[-84.3857441884073,33.847440976677],[-84.3857441884073,33.83631256525483],[-84.37523297726291,33.83583421288893],[-84.37523297726291,33.84696254803227],[-84.3857441884073,33.847440976677]]]}},{"type":"Feature","properties":{"state":"Georgia","county":"Fulton","s2_cell":"9868800291665608704","waymo_ro_miles":20964.85787721274,"incremental_miles":20964.858,"vintage_end":"202603","exposure_phase":"deployment"},"geometry":{"type":"Polygon","coordinates":[[[-84.3857441884073,33.83631256525483],[-84.3857441884073,33.82518281888879],[-84.37523297726291,33.82470454288307],[-84.37523297726291,33.83583421288893],[-84.3857441884073,33.83631256525483]]]}},{"type":"Feature","properties":{"state":"Georgia","county":"Fulton","s2_cell":"9868800326025347072","waymo_ro_miles":25676.815654811555,"incremental_miles":25676.816,"vintage_end":"202603","exposure_phase":"deployment"},"geometry":{"type":"Polygon","coordinates":[[[-84.39625352366352,33.836789935264086],[-84.39625352366352,33.82566011269779],[-84.3857441884073,33.82518281888879],[-84.3857441884073,33.83631256525483],[-84.39625352366352,33.836789935264086]]]}},{"type":"Feature","properties":{"state":"Georgia","county":"Fulton","s2_cell":"9868800360385085440","waymo_ro_miles":36838.42270943603,"incremental_miles":36838.423,"vintage_end":"202603","exposure_phase":"deployment"},"geometry":{"type":"Polygon","coordinates":[[[-84.39625352366352,33.82566011269779],[-84.39625352366352,33.81452895603578],[-84.3857441884073,33.81405173850824],[-84.3857441884073,33.82518281888879],[-84.39625352366352,33.82566011269779]]]}},{"type":"Feature","properties":{"state":"Georgia","county":"Fulton","s2_cell":"9868800394744823808","waymo_ro_miles":38064.67107545542,"incremental_miles":38064.671,"vintage_end":"202603","exposure_phase":"deployment"},"geometry":{"type":"Polygon","coordinates":[[[-84.39625352366352,33.81452895603578],[-84.39625352366352,33.803396466208255],[-84.3857441884073,33.80291932504336],[-84.3857441884073,33.81405173850824],[-84.39625352366352,33.81452895603578]]]}},{"type":"Feature","properties":{"state":"Georgia","county":"Fulton","s2_cell":"9868800429104562176","waymo_ro_miles":3547.9886577824727,"incremental_miles":3547.989,"vintage_end":"202603","exposure_phase":"deployment"},"geometry":{"type":"Polygon","coordinates":[[[-84.3857441884073,33.81405173850824],[-84.3857441884073,33.80291932504336],[-84.37523297726291,33.80244120200204],[-84.37523297726291,33.81357353894405],[-84.3857441884073,33.81405173850824]]]}},{"type":"Feature","properties":{"state":"Georgia","county":"Fulton","s2_cell":"9868800463464300544","waymo_ro_miles":16637.73893985047,"incremental_miles":16637.739,"vintage_end":"202603","exposure_phase":"deployment"},"geometry":{"type":"Polygon","coordinates":[[[-84.3857441884073,33.82518281888879],[-84.3857441884073,33.81405173850824],[-84.37523297726291,33.81357353894405],[-84.37523297726291,33.82470454288307],[-84.3857441884073,33.82518281888879]]]}},{"type":"Feature","properties":{"state":"Georgia","county":"Fulton","s2_cell":"9868800497824038912","waymo_ro_miles":54930.52125673709,"incremental_miles":54930.521,"vintage_end":"202603","exposure_phase":"deployment"},"geometry":{"type":"Polygon","coordinates":[[[-84.37523297726291,33.82470454288307],[-84.37523297726291,33.81357353894405],[-84.36471989116156,33.81309435689162],[-84.36471989116156,33.82422528422895],[-84.37523297726291,33.82470454288307]]]}},{"type":"Feature","properties":{"state":"Georgia","county":"Fulton","s2_cell":"9868800532183777280","waymo_ro_miles":53791.9528186179,"incremental_miles":53791.953,"vintage_end":"202603","exposure_phase":"deployment"},"geometry":{"type":"Polygon","coordinates":[[[-84.37523297726291,33.81357353894405],[-84.37523297726291,33.80244120200204],[-84.36471989116156,33.801962096632835],[-84.36471989116156,33.81309435689162],[-84.37523297726291,33.81357353894405]]]}},{"type":"Feature","properties":{"state":"Georgia","county":"Fulton","s2_cell":"9868800566543515648","waymo_ro_miles":20377.035430925393,"incremental_miles":20377.035,"vintage_end":"202603","exposure_phase":"deployment"},"geometry":{"type":"Polygon","coordinates":[[[-84.36471989116156,33.81309435689162],[-84.36471989116156,33.801962096632835],[-84.35420493103518,33.80148200848448],[-84.35420493103518,33.81261419189961],[-84.36471989116156,33.81309435689162]]]}},{"type":"Feature","properties":{"state":"Georgia","county":"Fulton","s2_cell":"9868800600903254016","waymo_ro_miles":15266.108908723667,"incremental_miles":15266.109,"vintage_end":"202603","exposure_phase":"deployment"},"geometry":{"type":"Polygon","coordinates":[[[-84.36471989116156,33.82422528422895],[-84.36471989116156,33.81309435689162],[-84.35420493103518,33.81261419189961],[-84.35420493103518,33.823745042475],[-84.36471989116156,33.82422528422895]]]}},{"type":"Feature","properties":{"state":"Georgia","county":"Fulton","s2_cell":"9868800635262992384","waymo_ro_miles":10443.55140818526,"incremental_miles":10443.551,"vintage_end":"202603","exposure_phase":"deployment"},"geometry":{"type":"Polygon","coordinates":[[[-84.36471989116156,33.83535487771464],[-84.36471989116156,33.82422528422895],[-84.35420493103518,33.823745042475],[-84.35420493103518,33.83487455928043],[-84.36471989116156,33.83535487771464]]]}},{"type":"Feature","properties":{"state":"Georgia","county":"Fulton","s2_cell":"9868800669622730752","waymo_ro_miles":36245.74415050674,"incremental_miles":36245.744,"vintage_end":"202603","exposure_phase":"deployment"},"geometry":{"type":"Polygon","coordinates":[[[-84.37523297726291,33.83583421288893],[-84.37523297726291,33.82470454288307],[-84.36471989116156,33.82422528422895],[-84.36471989116156,33.83535487771464],[-84.37523297726291,33.83583421288893]]]}},{"type":"Feature","properties":{"state":"Georgia","county":"Fulton","s2_cell":"9868800703982469120","waymo_ro_miles":51926.21754375237,"incremental_miles":51926.218,"vintage_end":"202603","exposure_phase":"deployment"},"geometry":{"type":"Polygon","coordinates":[[[-84.37523297726291,33.84696254803227],[-84.37523297726291,33.83583421288893],[-84.36471989116156,33.83535487771464],[-84.36471989116156,33.84648313641932],[-84.37523297726291,33.84696254803227]]]}},{"type":"Feature","properties":{"state":"Georgia","county":"Fulton","s2_cell":"9868800738342207488","waymo_ro_miles":11778.170674769191,"incremental_miles":11778.171,"vintage_end":"202603","exposure_phase":"deployment"},"geometry":{"type":"Polygon","coordinates":[[[-84.36471989116156,33.84648313641932],[-84.36471989116156,33.83535487771464],[-84.35420493103518,33.83487455928043],[-84.35420493103518,33.84600274138653],[-84.36471989116156,33.84648313641932]]]}},{"type":"Feature","properties":{"state":"Georgia","county":"Fulton","s2_cell":"9868800772701945856","waymo_ro_miles":2138.0394421393803,"incremental_miles":2138.039,"vintage_end":"202603","exposure_phase":"deployment"},"geometry":{"type":"Polygon","coordinates":[[[-84.35420493103518,33.84600274138653],[-84.35420493103518,33.83487455928043],[-84.34368809781661,33.834393257135005],[-84.34368809781661,33.8455213624825],[-84.35420493103518,33.84600274138653]]]}},{"type":"Feature","properties":{"state":"Georgia","county":"Fulton","s2_cell":"9868800807061684224","waymo_ro_miles":6007.234759421948,"incremental_miles":6007.235,"vintage_end":"202603","exposure_phase":"deployment"},"geometry":{"type":"Polygon","coordinates":[[[-84.35420493103518,33.83487455928043],[-84.35420493103518,33.823745042475],[-84.34368809781661,33.82326381717002],[-84.34368809781661,33.834393257135005],[-84.35420493103518,33.83487455928043]]]}},{"type":"Feature","properties":{"state":"Georgia","county":"Fulton","s2_cell":"9868801253738283008","waymo_ro_miles":25767.008865293745,"incremental_miles":25767.009,"vintage_end":"202603","exposure_phase":"deployment"},"geometry":{"type":"Polygon","coordinates":[[[-84.35420493103518,33.823745042475],[-84.35420493103518,33.81261419189961],[-84.34368809781661,33.81213304351693],[-84.34368809781661,33.82326381717002],[-84.35420493103518,33.823745042475]]]}},{"type":"Feature","properties":{"state":"Georgia","county":"Fulton","s2_cell":"9868801288098021376","waymo_ro_miles":6282.9126904448985,"incremental_miles":6282.913,"vintage_end":"202603","exposure_phase":"deployment"},"geometry":{"type":"Polygon","coordinates":[[[-84.35420493103518,33.81261419189961],[-84.35420493103518,33.80148200848448],[-84.34368809781661,33.80100093710594],[-84.34368809781661,33.81213304351693],[-84.35420493103518,33.81261419189961]]]}},{"type":"Feature","properties":{"state":"Georgia","county":"Fulton","s2_cell":"9868801322457759744","waymo_ro_miles":10422.45750488908,"incremental_miles":10422.458,"vintage_end":"202603","exposure_phase":"deployment"},"geometry":{"type":"Polygon","coordinates":[[[-84.35420493103518,33.80148200848448],[-84.35420493103518,33.79034849316057],[-84.34368809781661,33.78986749886806],[-84.34368809781661,33.80100093710594],[-84.35420493103518,33.80148200848448]]]}},{"type":"Feature","properties":{"state":"Georgia","county":"Fulton","s2_cell":"9868801425536974848","waymo_ro_miles":10538.96056079053,"incremental_miles":10538.961,"vintage_end":"202603","exposure_phase":"deployment"},"geometry":{"type":"Polygon","coordinates":[[[-84.35420493103518,33.79034849316057],[-84.35420493103518,33.779213646859695],[-84.34368809781661,33.77873272973508],[-84.34368809781661,33.78986749886806],[-84.35420493103518,33.79034849316057]]]}},{"type":"Feature","properties":{"state":"Georgia","county":"Fulton","s2_cell":"9868801459896713216","waymo_ro_miles":36858.72591422668,"incremental_miles":36858.726,"vintage_end":"202603","exposure_phase":"deployment"},"geometry":{"type":"Polygon","coordinates":[[[-84.35420493103518,33.779213646859695],[-84.35420493103518,33.76807747051443],[-84.34368809781661,33.76759663063959],[-84.34368809781661,33.77873272973508],[-84.35420493103518,33.779213646859695]]]}},{"type":"Feature","properties":{"state":"Georgia","county":"Fulton","s2_cell":"9868801494256451584","waymo_ro_miles":21180.48240827048,"incremental_miles":21180.482,"vintage_end":"202603","exposure_phase":"deployment"},"geometry":{"type":"Polygon","coordinates":[[[-84.35420493103518,33.76807747051443],[-84.35420493103518,33.756939965058145],[-84.34368809781661,33.756459202514975],[-84.34368809781661,33.76759663063959],[-84.35420493103518,33.76807747051443]]]}},{"type":"Feature","properties":{"state":"Georgia","county":"Fulton","s2_cell":"9868803693279707136","waymo_ro_miles":2112.784331776946,"incremental_miles":2112.784,"vintage_end":"202603","exposure_phase":"deployment"},"geometry":{"type":"Polygon","coordinates":[[[-84.35420493103518,33.85712958786466],[-84.35420493103518,33.84600274138653],[-84.34368809781661,33.8455213624825],[-84.34368809781661,33.85664813228387],[-84.35420493103518,33.85712958786466]]]}},{"type":"Feature","properties":{"state":"Georgia","county":"Fulton","s2_cell":"9868811011903979520","waymo_ro_miles":20562.33361950114,"incremental_miles":20562.334,"vintage_end":"202603","exposure_phase":"deployment"},"geometry":{"type":"Polygon","coordinates":[[[-84.36471989116156,33.85761005941438],[-84.36471989116156,33.84648313641932],[-84.35420493103518,33.84600274138653],[-84.35420493103518,33.85712958786466],[-84.36471989116156,33.85761005941438]]]}},{"type":"Feature","properties":{"state":"Georgia","county":"Fulton","s2_cell":"9868811046263717888","waymo_ro_miles":17736.837554882914,"incremental_miles":17736.838,"vintage_end":"202603","exposure_phase":"deployment"},"geometry":{"type":"Polygon","coordinates":[[[-84.37523297726291,33.858089547384495],[-84.37523297726291,33.84696254803227],[-84.36471989116156,33.84648313641932],[-84.36471989116156,33.85761005941438],[-84.37523297726291,33.858089547384495]]]}},{"type":"Feature","properties":{"state":"Georgia","county":"Fulton","s2_cell":"9868811080623456256","waymo_ro_miles":5132.43371876234,"incremental_miles":5132.434,"vintage_end":"202603","exposure_phase":"deployment"},"geometry":{"type":"Polygon","coordinates":[[[-84.3857441884073,33.858568052226715],[-84.3857441884073,33.847440976677],[-84.37523297726291,33.84696254803227],[-84.37523297726291,33.858089547384495],[-84.3857441884073,33.858568052226715]]]}},{"type":"Feature","properties":{"state":"Georgia","county":"Fulton","s2_cell":"9868811183702671360","waymo_ro_miles":596.201739695513,"incremental_miles":596.202,"vintage_end":"202603","exposure_phase":"deployment"},"geometry":{"type":"Polygon","coordinates":[[[-84.39625352366352,33.85904557439297],[-84.39625352366352,33.84791842280534],[-84.3857441884073,33.847440976677],[-84.3857441884073,33.858568052226715],[-84.39625352366352,33.85904557439297]]]}},{"type":"Feature","properties":{"state":"Georgia","county":"Fulton","s2_cell":"9868811218062409728","waymo_ro_miles":1.2927013567066996,"incremental_miles":1.293,"vintage_end":"202603","exposure_phase":"deployment"},"geometry":{"type":"Polygon","coordinates":[[[-84.40676098210116,33.859522114335434],[-84.40676098210116,33.84839488686937],[-84.39625352366352,33.84791842280534],[-84.39625352366352,33.85904557439297],[-84.40676098210116,33.859522114335434]]]}},{"type":"Feature","properties":{"state":"Georgia","county":"Fulton","s2_cell":"9868823518848745472","waymo_ro_miles":105.60320010637824,"incremental_miles":105.603,"vintage_end":"202603","exposure_phase":"deployment"},"geometry":{"type":"Polygon","coordinates":[[[-84.4487720290851,33.83916206578797],[-84.4487720290851,33.82803186461577],[-84.43827208721021,33.827559475007575],[-84.43827208721021,33.83868960077769],[-84.4487720290851,33.83916206578797]]]}},{"type":"Feature","properties":{"state":"Georgia","county":"Fulton","s2_cell":"9868823587568222208","waymo_ro_miles":1153.3389184881219,"incremental_miles":1153.339,"vintage_end":"202603","exposure_phase":"deployment"},"geometry":{"type":"Polygon","coordinates":[[[-84.45927008950113,33.828503274741955],[-84.45927008950113,33.817371663747686],[-84.4487720290851,33.81690032894442],[-84.4487720290851,33.82803186461577],[-84.45927008950113,33.828503274741955]]]}},{"type":"Feature","properties":{"state":"Georgia","county":"Fulton","s2_cell":"9868823621927960576","waymo_ro_miles":5298.259904254818,"incremental_miles":5298.26,"vintage_end":"202603","exposure_phase":"deployment"},"geometry":{"type":"Polygon","coordinates":[[[-84.4487720290851,33.82803186461577],[-84.4487720290851,33.81690032894442],[-84.43827208721021,33.81642801481869],[-84.43827208721021,33.827559475007575],[-84.4487720290851,33.82803186461577]]]}},{"type":"Feature","properties":{"state":"Georgia","county":"Fulton","s2_cell":"9868823656287698944","waymo_ro_miles":12809.198574052596,"incremental_miles":12809.199,"vintage_end":"202603","exposure_phase":"deployment"},"geometry":{"type":"Polygon","coordinates":[[[-84.4487720290851,33.81690032894442],[-84.4487720290851,33.805767459704064],[-84.43827208721021,33.80529522114115],[-84.43827208721021,33.81642801481869],[-84.4487720290851,33.81690032894442]]]}},{"type":"Feature","properties":{"state":"Georgia","county":"Fulton","s2_cell":"9868823690647437312","waymo_ro_miles":24.139549565074898,"incremental_miles":24.14,"vintage_end":"202603","exposure_phase":"deployment"},"geometry":{"type":"Polygon","coordinates":[[[-84.45927008950113,33.817371663747686],[-84.45927008950113,33.8062387191042],[-84.4487720290851,33.805767459704064],[-84.4487720290851,33.81690032894442],[-84.45927008950113,33.817371663747686]]]}},{"type":"Feature","properties":{"state":"Georgia","county":"Fulton","s2_cell":"9868824034244820992","waymo_ro_miles":3.837203338737332,"incremental_miles":3.837,"vintage_end":"202603","exposure_phase":"deployment"},"geometry":{"type":"Polygon","coordinates":[[[-84.4487720290851,33.805767459704064],[-84.4487720290851,33.79463325782561],[-84.43827208721021,33.79416109490589],[-84.43827208721021,33.80529522114115],[-84.4487720290851,33.805767459704064]]]}},{"type":"Feature","properties":{"state":"Texas","county":"Travis","s2_cell":"9675052289718484992","waymo_ro_miles":5.170586954187007,"incremental_miles":4.608,"vintage_end":"202603","exposure_phase":"deployment"},"geometry":{"type":"Polygon","coordinates":[[[-97.64396113128684,30.212879856062717],[-97.64396113128684,30.201407217795282],[-97.63311297235884,30.202039745003944],[-97.63311297235884,30.213512527100693],[-97.64396113128684,30.212879856062717]]]}},{"type":"Feature","properties":{"state":"Texas","county":"Travis","s2_cell":"9675052324078223360","waymo_ro_miles":12.682840562001504,"incremental_miles":11.477,"vintage_end":"202603","exposure_phase":"deployment"},"geometry":{"type":"Polygon","coordinates":[[[-97.65481097525692,30.212246185217627],[-97.65481097525692,30.200773691012408],[-97.64396113128684,30.201407217795282],[-97.64396113128684,30.212879856062717],[-97.65481097525692,30.212246185217627]]]}},{"type":"Feature","properties":{"state":"Texas","county":"Travis","s2_cell":"9675052702035345408","waymo_ro_miles":2.9475069082765337,"incremental_miles":2.628,"vintage_end":"202603","exposure_phase":"deployment"},"geometry":{"type":"Polygon","coordinates":[[[-97.66566250319175,30.211611514196605],[-97.66566250319175,30.200139164286604],[-97.65481097525692,30.200773691012408],[-97.65481097525692,30.212246185217627],[-97.66566250319175,30.211611514196605]]]}},{"type":"Feature","properties":{"state":"Texas","county":"Travis","s2_cell":"9675052805114560512","waymo_ro_miles":79.09771382430334,"incremental_miles":69.189,"vintage_end":"202603","exposure_phase":"deployment"},"geometry":{"type":"Polygon","coordinates":[[[-97.68737060664283,30.19886710953289],[-97.68737060664283,30.18739406044232],[-97.67651571401332,30.188030443282756],[-97.67651571401332,30.19950363724946],[-97.68737060664283,30.19886710953289]]]}},{"type":"Feature","properties":{"state":"Texas","county":"Travis","s2_cell":"9675052839474298880","waymo_ro_miles":267.4091231673743,"incremental_miles":236.931,"vintage_end":"202603","exposure_phase":"deployment"},"geometry":{"type":"Polygon","coordinates":[[[-97.68737060664283,30.210339170152974],[-97.68737060664283,30.19886710953289],[-97.67651571401332,30.19950363724946],[-97.67651571401332,30.210975842631118],[-97.68737060664283,30.210339170152974]]]}},{"type":"Feature","properties":{"state":"Texas","county":"Travis","s2_cell":"9675052908193775616","waymo_ro_miles":1719.2986810966029,"incremental_miles":963.234,"vintage_end":"202603","exposure_phase":"deployment"},"geometry":{"type":"Polygon","coordinates":[[[-97.69822718000074,30.198229580769112],[-97.69822718000074,30.186756676788185],[-97.68737060664283,30.18739406044232],[-97.68737060664283,30.19886710953289],[-97.69822718000074,30.198229580769112]]]}},{"type":"Feature","properties":{"state":"Texas","county":"Travis","s2_cell":"9675053698467758080","waymo_ro_miles":10.243931682344506,"incremental_miles":10.244,"vintage_end":"202603","exposure_phase":"deployment"},"geometry":{"type":"Polygon","coordinates":[[[-97.71994536457991,30.139578595358312],[-97.71994536457991,30.12810105914142],[-97.70908543300678,30.12873971591364],[-97.70908543300678,30.140217398282843],[-97.71994536457991,30.139578595358312]]]}},{"type":"Feature","properties":{"state":"Texas","county":"Travis","s2_cell":"9675053835906711552","waymo_ro_miles":2752.7273275475395,"incremental_miles":2650.451,"vintage_end":"202603","exposure_phase":"deployment"},"geometry":{"type":"Polygon","coordinates":[[[-97.71994536457991,30.162530719727545],[-97.71994536457991,30.151055149275912],[-97.70908543300678,30.151694098237716],[-97.70908543300678,30.163169814611578],[-97.71994536457991,30.162530719727545]]]}},{"type":"Feature","properties":{"state":"Texas","county":"Travis","s2_cell":"9675053904626188288","waymo_ro_miles":432.1670108341551,"incremental_miles":412.854,"vintage_end":"202603","exposure_phase":"deployment"},"geometry":{"type":"Polygon","coordinates":[[[-97.73080697363837,30.150415199101865],[-97.73080697363837,30.138938791456106],[-97.71994536457991,30.139578595358312],[-97.71994536457991,30.151055149275912],[-97.73080697363837,30.150415199101865]]]}},{"type":"Feature","properties":{"state":"Texas","county":"Travis","s2_cell":"9675053938985926656","waymo_ro_miles":4869.1563843997,"incremental_miles":4644.461,"vintage_end":"202603","exposure_phase":"deployment"},"geometry":{"type":"Polygon","coordinates":[[[-97.73080697363837,30.161890623396896],[-97.73080697363837,30.150415199101865],[-97.71994536457991,30.151055149275912],[-97.71994536457991,30.162530719727545],[-97.73080697363837,30.161890623396896]]]}},{"type":"Feature","properties":{"state":"Texas","county":"Travis","s2_cell":"9675053973345665024","waymo_ro_miles":5606.880055042953,"incremental_miles":5260.336,"vintage_end":"202603","exposure_phase":"deployment"},"geometry":{"type":"Polygon","coordinates":[[[-97.74167025909962,30.161249525253425],[-97.74167025909962,30.149774247349498],[-97.73080697363837,30.150415199101865],[-97.73080697363837,30.161890623396896],[-97.74167025909962,30.161249525253425]]]}},{"type":"Feature","properties":{"state":"Texas","county":"Travis","s2_cell":"9675054007705403392","waymo_ro_miles":723.3729733904586,"incremental_miles":628.743,"vintage_end":"202603","exposure_phase":"deployment"},"geometry":{"type":"Polygon","coordinates":[[[-97.74167025909962,30.149774247349498],[-97.74167025909962,30.13829798621022],[-97.73080697363837,30.138938791456106],[-97.73080697363837,30.150415199101865],[-97.74167025909962,30.149774247349498]]]}},{"type":"Feature","properties":{"state":"Texas","county":"Travis","s2_cell":"9675054523101478912","waymo_ro_miles":1352.1743199258296,"incremental_miles":1223.114,"vintage_end":"202603","exposure_phase":"deployment"},"geometry":{"type":"Polygon","coordinates":[[[-97.78514014329618,30.15867510723818],[-97.78514014329618,30.147200417245738],[-97.7742701630638,30.14784537896612],[-97.7742701630638,30.15932021628872],[-97.78514014329618,30.15867510723818]]]}},{"type":"Feature","properties":{"state":"Texas","county":"Travis","s2_cell":"9675054557461217280","waymo_ro_miles":2862.46971583803,"incremental_miles":2622.444,"vintage_end":"202603","exposure_phase":"deployment"},"geometry":{"type":"Polygon","coordinates":[[[-97.7742701630638,30.15932021628872],[-97.7742701630638,30.14784537896612],[-97.76340185489671,30.14848933764693],[-97.76340185489671,30.15996432206476],[-97.7742701630638,30.15932021628872]]]}},{"type":"Feature","properties":{"state":"Texas","county":"Travis","s2_cell":"9675054591820955648","waymo_ro_miles":3515.5383440504925,"incremental_miles":3080.365,"vintage_end":"202603","exposure_phase":"deployment"},"geometry":{"type":"Polygon","coordinates":[[[-97.76340185489671,30.15996432206476],[-97.76340185489671,30.14848933764693],[-97.75253521988041,30.149132293653004],[-97.75253521988041,30.160607424931236],[-97.76340185489671,30.15996432206476]]]}},{"type":"Feature","properties":{"state":"Texas","county":"Travis","s2_cell":"9675054626180694016","waymo_ro_miles":6.256004348207972,"incremental_miles":6.236,"vintage_end":"202603","exposure_phase":"deployment"},"geometry":{"type":"Polygon","coordinates":[[[-97.76340185489671,30.14848933764693],[-97.76340185489671,30.137013370225088],[-97.75253521988041,30.137656179255],[-97.75253521988041,30.149132293653004],[-97.76340185489671,30.14848933764693]]]}},{"type":"Feature","properties":{"state":"Texas","county":"Travis","s2_cell":"9675054694900170752","waymo_ro_miles":4033.5882727913854,"incremental_miles":3461.568,"vintage_end":"202603","exposure_phase":"deployment"},"geometry":{"type":"Polygon","coordinates":[[[-97.75253521988041,30.160607424931236],[-97.75253521988041,30.149132293653004],[-97.74167025909962,30.149774247349498],[-97.74167025909962,30.161249525253425],[-97.75253521988041,30.160607424931236]]]}},{"type":"Feature","properties":{"state":"Texas","county":"Travis","s2_cell":"9675054729259909120","waymo_ro_miles":1763.98843822383,"incremental_miles":1763.988,"vintage_end":"202603","exposure_phase":"deployment"},"geometry":{"type":"Polygon","coordinates":[[[-97.75253521988041,30.172081571923766],[-97.75253521988041,30.160607424931236],[-97.74167025909962,30.161249525253425],[-97.74167025909962,30.17272381875606],[-97.75253521988041,30.172081571923766]]]}},{"type":"Feature","properties":{"state":"Texas","county":"Travis","s2_cell":"9675054763619647488","waymo_ro_miles":21333.963244402075,"incremental_miles":16611.948,"vintage_end":"202603","exposure_phase":"deployment"},"geometry":{"type":"Polygon","coordinates":[[[-97.75253521988041,30.18355473346533],[-97.75253521988041,30.172081571923766],[-97.74167025909962,30.17272381875606],[-97.74167025909962,30.184197126692126],[-97.75253521988041,30.18355473346533]]]}},{"type":"Feature","properties":{"state":"Texas","county":"Travis","s2_cell":"9675054797979385856","waymo_ro_miles":6897.5909507625365,"incremental_miles":5338.861,"vintage_end":"202603","exposure_phase":"deployment"},"geometry":{"type":"Polygon","coordinates":[[[-97.76340185489671,30.18291133722535],[-97.76340185489671,30.171438322312646],[-97.75253521988041,30.172081571923766],[-97.75253521988041,30.18355473346533],[-97.76340185489671,30.18291133722535]]]}},{"type":"Feature","properties":{"state":"Texas","county":"Travis","s2_cell":"9675054832339124224","waymo_ro_miles":239.61688594932318,"incremental_miles":239.617,"vintage_end":"202603","exposure_phase":"deployment"},"geometry":{"type":"Polygon","coordinates":[[[-97.76340185489671,30.171438322312646],[-97.76340185489671,30.15996432206476],[-97.75253521988041,30.160607424931236],[-97.75253521988041,30.172081571923766],[-97.76340185489671,30.171438322312646]]]}},{"type":"Feature","properties":{"state":"Texas","county":"Travis","s2_cell":"9675054866698862592","waymo_ro_miles":2251.122199268801,"incremental_miles":1962.568,"vintage_end":"202603","exposure_phase":"deployment"},"geometry":{"type":"Polygon","coordinates":[[[-97.7742701630638,30.170794069557328],[-97.7742701630638,30.15932021628872],[-97.76340185489671,30.15996432206476],[-97.76340185489671,30.171438322312646],[-97.7742701630638,30.170794069557328]]]}},{"type":"Feature","properties":{"state":"Texas","county":"Travis","s2_cell":"9675054901058600960","waymo_ro_miles":5435.59558096798,"incremental_miles":5027.325,"vintage_end":"202603","exposure_phase":"deployment"},"geometry":{"type":"Polygon","coordinates":[[[-97.78514014329618,30.17014881329274],[-97.78514014329618,30.15867510723818],[-97.7742701630638,30.15932021628872],[-97.7742701630638,30.170794069557328],[-97.78514014329618,30.17014881329274]]]}},{"type":"Feature","properties":{"state":"Texas","county":"Travis","s2_cell":"9675054935418339328","waymo_ro_miles":14781.355402505333,"incremental_miles":7787.863,"vintage_end":"202603","exposure_phase":"deployment"},"geometry":{"type":"Polygon","coordinates":[[[-97.78514014329618,30.181621534244204],[-97.78514014329618,30.17014881329274],[-97.7742701630638,30.170794069557328],[-97.7742701630638,30.182266937606695],[-97.78514014329618,30.181621534244204]]]}},{"type":"Feature","properties":{"state":"Texas","county":"Travis","s2_cell":"9675054969778077696","waymo_ro_miles":2931.4630051494228,"incremental_miles":2343.504,"vintage_end":"202603","exposure_phase":"deployment"},"geometry":{"type":"Polygon","coordinates":[[[-97.7742701630638,30.182266937606695],[-97.7742701630638,30.170794069557328],[-97.76340185489671,30.171438322312646],[-97.76340185489671,30.18291133722535],[-97.7742701630638,30.182266937606695]]]}},{"type":"Feature","properties":{"state":"Texas","county":"Travis","s2_cell":"9675055004137816064","waymo_ro_miles":37347.80098406235,"incremental_miles":18498.291,"vintage_end":"202603","exposure_phase":"deployment"},"geometry":{"type":"Polygon","coordinates":[[[-97.7742701630638,30.193738819272284],[-97.7742701630638,30.182266937606695],[-97.76340185489671,30.18291133722535],[-97.76340185489671,30.194383365638306],[-97.7742701630638,30.193738819272284]]]}},{"type":"Feature","properties":{"state":"Texas","county":"Travis","s2_cell":"9675055038497554432","waymo_ro_miles":52231.51930766604,"incremental_miles":22858.99,"vintage_end":"202603","exposure_phase":"deployment"},"geometry":{"type":"Polygon","coordinates":[[[-97.78514014329618,30.19309326892803],[-97.78514014329618,30.181621534244204],[-97.7742701630638,30.182266937606695],[-97.7742701630638,30.193738819272284],[-97.78514014329618,30.19309326892803]]]}},{"type":"Feature","properties":{"state":"Texas","county":"Travis","s2_cell":"9675055072857292800","waymo_ro_miles":63249.22768639033,"incremental_miles":24401.905,"vintage_end":"202603","exposure_phase":"deployment"},"geometry":{"type":"Polygon","coordinates":[[[-97.78514014329618,30.204564016180388],[-97.78514014329618,30.19309326892803],[-97.7742701630638,30.193738819272284],[-97.7742701630638,30.20520971339025],[-97.78514014329618,30.204564016180388]]]}},{"type":"Feature","properties":{"state":"Texas","county":"Travis","s2_cell":"9675055107217031168","waymo_ro_miles":67478.27516542355,"incremental_miles":22333.779,"vintage_end":"202603","exposure_phase":"deployment"},"geometry":{"type":"Polygon","coordinates":[[[-97.7742701630638,30.20520971339025],[-97.7742701630638,30.193738819272284],[-97.76340185489671,30.194383365638306],[-97.76340185489671,30.205854406387655],[-97.7742701630638,30.20520971339025]]]}},{"type":"Feature","properties":{"state":"Texas","county":"Travis","s2_cell":"9675055141576769536","waymo_ro_miles":55104.44251041785,"incremental_miles":17553.745,"vintage_end":"202603","exposure_phase":"deployment"},"geometry":{"type":"Polygon","coordinates":[[[-97.76340185489671,30.205854406387655],[-97.76340185489671,30.194383365638306],[-97.75253521988041,30.19502690839136],[-97.75253521988041,30.20649809553799],[-97.76340185489671,30.205854406387655]]]}},{"type":"Feature","properties":{"state":"Texas","county":"Travis","s2_cell":"9675055175936507904","waymo_ro_miles":40283.921635345796,"incremental_miles":16108.045,"vintage_end":"202603","exposure_phase":"deployment"},"geometry":{"type":"Polygon","coordinates":[[[-97.76340185489671,30.194383365638306],[-97.76340185489671,30.18291133722535],[-97.75253521988041,30.18355473346533],[-97.75253521988041,30.19502690839136],[-97.76340185489671,30.194383365638306]]]}},{"type":"Feature","properties":{"state":"Texas","county":"Travis","s2_cell":"9675055210296246272","waymo_ro_miles":66027.32304655958,"incremental_miles":23216.928,"vintage_end":"202603","exposure_phase":"deployment"},"geometry":{"type":"Polygon","coordinates":[[[-97.75253521988041,30.19502690839136],[-97.75253521988041,30.18355473346533],[-97.74167025909962,30.184197126692126],[-97.74167025909962,30.195669447897057],[-97.75253521988041,30.19502690839136]]]}},{"type":"Feature","properties":{"state":"Texas","county":"Travis","s2_cell":"9675055244655984640","waymo_ro_miles":33196.04431639101,"incremental_miles":12562.482,"vintage_end":"202603","exposure_phase":"deployment"},"geometry":{"type":"Polygon","coordinates":[[[-97.75253521988041,30.20649809553799],[-97.75253521988041,30.19502690839136],[-97.74167025909962,30.195669447897057],[-97.74167025909962,30.207140781206956],[-97.75253521988041,30.20649809553799]]]}},{"type":"Feature","properties":{"state":"Texas","county":"Travis","s2_cell":"9675055279015723008","waymo_ro_miles":42693.39146549523,"incremental_miles":15891.527,"vintage_end":"202603","exposure_phase":"deployment"},"geometry":{"type":"Polygon","coordinates":[[[-97.74167025909962,30.207140781206956],[-97.74167025909962,30.195669447897057],[-97.73080697363837,30.196310984521308],[-97.73080697363837,30.20778246376059],[-97.74167025909962,30.207140781206956]]]}},{"type":"Feature","properties":{"state":"Texas","county":"Travis","s2_cell":"9675055313375461376","waymo_ro_miles":84010.54859365888,"incremental_miles":23004.35,"vintage_end":"202603","exposure_phase":"deployment"},"geometry":{"type":"Polygon","coordinates":[[[-97.73080697363837,30.20778246376059],[-97.73080697363837,30.196310984521308],[-97.71994536457991,30.196951518630314],[-97.71994536457991,30.208423143565195],[-97.73080697363837,30.20778246376059]]]}},{"type":"Feature","properties":{"state":"Texas","county":"Travis","s2_cell":"9675055347735199744","waymo_ro_miles":65536.88900256796,"incremental_miles":52021.75,"vintage_end":"202603","exposure_phase":"deployment"},"geometry":{"type":"Polygon","coordinates":[[[-97.73080697363837,30.196310984521308],[-97.73080697363837,30.184838517271555],[-97.71994536457991,30.1854789055697],[-97.71994536457991,30.196951518630314],[-97.73080697363837,30.196310984521308]]]}},{"type":"Feature","properties":{"state":"Texas","county":"Travis","s2_cell":"9675055382094938112","waymo_ro_miles":88325.15223116243,"incremental_miles":27445.134,"vintage_end":"202603","exposure_phase":"deployment"},"geometry":{"type":"Polygon","coordinates":[[[-97.74167025909962,30.195669447897057],[-97.74167025909962,30.184197126692126],[-97.73080697363837,30.184838517271555],[-97.73080697363837,30.196310984521308],[-97.74167025909962,30.195669447897057]]]}},{"type":"Feature","properties":{"state":"Texas","county":"Travis","s2_cell":"9675055450814414848","waymo_ro_miles":12403.924160334138,"incremental_miles":10909.516,"vintage_end":"202603","exposure_phase":"deployment"},"geometry":{"type":"Polygon","coordinates":[[[-97.74167025909962,30.17272381875606],[-97.74167025909962,30.161249525253425],[-97.73080697363837,30.161890623396896],[-97.73080697363837,30.173365063175222],[-97.74167025909962,30.17272381875606]]]}},{"type":"Feature","properties":{"state":"Texas","county":"Travis","s2_cell":"9675055485174153216","waymo_ro_miles":2518.549469767025,"incremental_miles":2012.078,"vintage_end":"202603","exposure_phase":"deployment"},"geometry":{"type":"Polygon","coordinates":[[[-97.73080697363837,30.173365063175222],[-97.73080697363837,30.161890623396896],[-97.71994536457991,30.162530719727545],[-97.71994536457991,30.17400530554724],[-97.73080697363837,30.173365063175222]]]}},{"type":"Feature","properties":{"state":"Texas","county":"Travis","s2_cell":"9675055519533891584","waymo_ro_miles":495.3361669945629,"incremental_miles":495.331,"vintage_end":"202603","exposure_phase":"deployment"},"geometry":{"type":"Polygon","coordinates":[[[-97.73080697363837,30.184838517271555],[-97.73080697363837,30.173365063175222],[-97.71994536457991,30.17400530554724],[-97.71994536457991,30.1854789055697],[-97.73080697363837,30.184838517271555]]]}},{"type":"Feature","properties":{"state":"Texas","county":"Travis","s2_cell":"9675055553893629952","waymo_ro_miles":289.7548778819648,"incremental_miles":289.755,"vintage_end":"202603","exposure_phase":"deployment"},"geometry":{"type":"Polygon","coordinates":[[[-97.71994536457991,30.1854789055697],[-97.71994536457991,30.17400530554724],[-97.70908543300678,30.17464454623844],[-97.70908543300678,30.186118291952997],[-97.71994536457991,30.1854789055697]]]}},{"type":"Feature","properties":{"state":"Texas","county":"Travis","s2_cell":"9675055691332583424","waymo_ro_miles":18316.883763297254,"incremental_miles":5381.041,"vintage_end":"202603","exposure_phase":"deployment"},"geometry":{"type":"Polygon","coordinates":[[[-97.70908543300678,30.197591050590635],[-97.70908543300678,30.186118291952997],[-97.69822718000074,30.186756676788185],[-97.69822718000074,30.198229580769112],[-97.70908543300678,30.197591050590635]]]}},{"type":"Feature","properties":{"state":"Texas","county":"Travis","s2_cell":"9675055725692321792","waymo_ro_miles":549.9472588162045,"incremental_miles":485.439,"vintage_end":"202603","exposure_phase":"deployment"},"geometry":{"type":"Polygon","coordinates":[[[-97.71994536457991,30.196951518630314],[-97.71994536457991,30.1854789055697],[-97.70908543300678,30.186118291952997],[-97.70908543300678,30.197591050590635],[-97.71994536457991,30.196951518630314]]]}},{"type":"Feature","properties":{"state":"Texas","county":"Travis","s2_cell":"9675055760052060160","waymo_ro_miles":313318.6006361188,"incremental_miles":92550.982,"vintage_end":"202603","exposure_phase":"deployment"},"geometry":{"type":"Polygon","coordinates":[[[-97.71994536457991,30.208423143565195],[-97.71994536457991,30.196951518630314],[-97.70908543300678,30.197591050590635],[-97.70908543300678,30.20906282098744],[-97.71994536457991,30.208423143565195]]]}},{"type":"Feature","properties":{"state":"Texas","county":"Travis","s2_cell":"9675055794411798528","waymo_ro_miles":16787.00367390116,"incremental_miles":4157.872,"vintage_end":"202603","exposure_phase":"deployment"},"geometry":{"type":"Polygon","coordinates":[[[-97.70908543300678,30.20906282098744],[-97.70908543300678,30.197591050590635],[-97.69822718000074,30.198229580769112],[-97.69822718000074,30.20970149639428],[-97.70908543300678,30.20906282098744]]]}},{"type":"Feature","properties":{"state":"Texas","county":"Travis","s2_cell":"9675055828771536896","waymo_ro_miles":49401.9055977417,"incremental_miles":17360.395,"vintage_end":"202603","exposure_phase":"deployment"},"geometry":{"type":"Polygon","coordinates":[[[-97.70908543300678,30.220533601980172],[-97.70908543300678,30.20906282098744],[-97.69822718000074,30.20970149639428],[-97.69822718000074,30.221172422500445],[-97.70908543300678,30.220533601980172]]]}},{"type":"Feature","properties":{"state":"Texas","county":"Travis","s2_cell":"9675055863131275264","waymo_ro_miles":302078.49862469855,"incremental_miles":88358.471,"vintage_end":"202603","exposure_phase":"deployment"},"geometry":{"type":"Polygon","coordinates":[[[-97.71994536457991,30.2198937792111],[-97.71994536457991,30.208423143565195],[-97.70908543300678,30.20906282098744],[-97.70908543300678,30.220533601980172],[-97.71994536457991,30.2198937792111]]]}},{"type":"Feature","properties":{"state":"Texas","county":"Travis","s2_cell":"9675055897491013632","waymo_ro_miles":95670.16019624526,"incremental_miles":27796.649,"vintage_end":"202603","exposure_phase":"deployment"},"geometry":{"type":"Polygon","coordinates":[[[-97.71994536457991,30.23136342440552],[-97.71994536457991,30.2198937792111],[-97.70908543300678,30.220533601980172],[-97.70908543300678,30.23200339240629],[-97.71994536457991,30.23136342440552]]]}},{"type":"Feature","properties":{"state":"Texas","county":"Travis","s2_cell":"9675055931850752000","waymo_ro_miles":146375.90122272578,"incremental_miles":44208.207,"vintage_end":"202603","exposure_phase":"deployment"},"geometry":{"type":"Polygon","coordinates":[[[-97.70908543300678,30.23200339240629],[-97.70908543300678,30.220533601980172],[-97.69822718000074,30.221172422500445],[-97.69822718000074,30.232642357925062],[-97.70908543300678,30.23200339240629]]]}},{"type":"Feature","properties":{"state":"Texas","county":"Travis","s2_cell":"9675056000570228736","waymo_ro_miles":56228.115436420434,"incremental_miles":17870.713,"vintage_end":"202603","exposure_phase":"deployment"},"geometry":{"type":"Polygon","coordinates":[[[-97.70908543300678,30.25493999691198],[-97.70908543300678,30.243472191103944],[-97.69822718000074,30.244111301506265],[-97.69822718000074,30.25557925208289],[-97.70908543300678,30.25493999691198]]]}},{"type":"Feature","properties":{"state":"Texas","county":"Travis","s2_cell":"9675056034929967104","waymo_ro_miles":204445.71928790482,"incremental_miles":72488.211,"vintage_end":"202603","exposure_phase":"deployment"},"geometry":{"type":"Polygon","coordinates":[[[-97.71994536457991,30.254299738793186],[-97.71994536457991,30.242832077986595],[-97.70908543300678,30.243472191103944],[-97.70908543300678,30.25493999691198],[-97.71994536457991,30.254299738793186]]]}},{"type":"Feature","properties":{"state":"Texas","county":"Travis","s2_cell":"9675056069289705472","waymo_ro_miles":123851.78875776043,"incremental_miles":40469.631,"vintage_end":"202603","exposure_phase":"deployment"},"geometry":{"type":"Polygon","coordinates":[[[-97.71994536457991,30.242832077986595],[-97.71994536457991,30.23136342440552],[-97.70908543300678,30.23200339240629],[-97.70908543300678,30.243472191103944],[-97.71994536457991,30.242832077986595]]]}},{"type":"Feature","properties":{"state":"Texas","county":"Travis","s2_cell":"9675056103649443840","waymo_ro_miles":324991.47880913166,"incremental_miles":95406.217,"vintage_end":"202603","exposure_phase":"deployment"},"geometry":{"type":"Polygon","coordinates":[[[-97.73080697363837,30.24219096178692],[-97.73080697363837,30.230722453555565],[-97.71994536457991,30.23136342440552],[-97.71994536457991,30.242832077986595],[-97.73080697363837,30.24219096178692]]]}},{"type":"Feature","properties":{"state":"Texas","county":"Travis","s2_cell":"9675056138009182208","waymo_ro_miles":103667.21976773482,"incremental_miles":24793.575,"vintage_end":"202603","exposure_phase":"deployment"},"geometry":{"type":"Polygon","coordinates":[[[-97.73080697363837,30.25365847735911],[-97.73080697363837,30.24219096178692],[-97.71994536457991,30.242832077986595],[-97.71994536457991,30.254299738793186],[-97.73080697363837,30.25365847735911]]]}},{"type":"Feature","properties":{"state":"Texas","county":"Travis","s2_cell":"9675056172368920576","waymo_ro_miles":349510.12309501506,"incremental_miles":76332.093,"vintage_end":"202603","exposure_phase":"deployment"},"geometry":{"type":"Polygon","coordinates":[[[-97.74167025909962,30.253016212242656],[-97.74167025909962,30.241548842137945],[-97.73080697363837,30.24219096178692],[-97.73080697363837,30.25365847735911],[-97.74167025909962,30.253016212242656]]]}},{"type":"Feature","properties":{"state":"Texas","county":"Travis","s2_cell":"9675056206728658944","waymo_ro_miles":243922.87443806342,"incremental_miles":84469.401,"vintage_end":"202603","exposure_phase":"deployment"},"geometry":{"type":"Polygon","coordinates":[[[-97.74167025909962,30.241548842137945],[-97.74167025909962,30.230080479489565],[-97.73080697363837,30.230722453555565],[-97.73080697363837,30.24219096178692],[-97.74167025909962,30.241548842137945]]]}},{"type":"Feature","properties":{"state":"Texas","county":"Travis","s2_cell":"9675056241088397312","waymo_ro_miles":106873.00010824672,"incremental_miles":52968.904,"vintage_end":"202603","exposure_phase":"deployment"},"geometry":{"type":"Polygon","coordinates":[[[-97.74167025909962,30.230080479489565],[-97.74167025909962,30.218611125458633],[-97.73080697363837,30.219252953826178],[-97.73080697363837,30.230722453555565],[-97.74167025909962,30.230080479489565]]]}},{"type":"Feature","properties":{"state":"Texas","county":"Travis","s2_cell":"9675056275448135680","waymo_ro_miles":251664.41689149445,"incremental_miles":83210.592,"vintage_end":"202603","exposure_phase":"deployment"},"geometry":{"type":"Polygon","coordinates":[[[-97.73080697363837,30.230722453555565],[-97.73080697363837,30.219252953826178],[-97.71994536457991,30.2198937792111],[-97.71994536457991,30.23136342440552],[-97.73080697363837,30.230722453555565]]]}},{"type":"Feature","properties":{"state":"Texas","county":"Travis","s2_cell":"9675056309807874048","waymo_ro_miles":57282.62372073525,"incremental_miles":19489.132,"vintage_end":"202603","exposure_phase":"deployment"},"geometry":{"type":"Polygon","coordinates":[[[-97.73080697363837,30.219252953826178],[-97.73080697363837,30.20778246376059],[-97.71994536457991,30.208423143565195],[-97.71994536457991,30.2198937792111],[-97.73080697363837,30.219252953826178]]]}},{"type":"Feature","properties":{"state":"Texas","county":"Travis","s2_cell":"9675056344167612416","waymo_ro_miles":125797.15017761228,"incremental_miles":43751.878,"vintage_end":"202603","exposure_phase":"deployment"},"geometry":{"type":"Polygon","coordinates":[[[-97.74167025909962,30.218611125458633],[-97.74167025909962,30.207140781206956],[-97.73080697363837,30.20778246376059],[-97.73080697363837,30.219252953826178],[-97.74167025909962,30.218611125458633]]]}},{"type":"Feature","properties":{"state":"Texas","county":"Travis","s2_cell":"9675056378527350784","waymo_ro_miles":56818.2681738932,"incremental_miles":17740.563,"vintage_end":"202603","exposure_phase":"deployment"},"geometry":{"type":"Polygon","coordinates":[[[-97.75253521988041,30.217968293742018],[-97.75253521988041,30.20649809553799],[-97.74167025909962,30.207140781206956],[-97.74167025909962,30.218611125458633],[-97.75253521988041,30.217968293742018]]]}},{"type":"Feature","properties":{"state":"Texas","county":"Travis","s2_cell":"9675056412887089152","waymo_ro_miles":81875.53930976689,"incremental_miles":18246.096,"vintage_end":"202603","exposure_phase":"deployment"},"geometry":{"type":"Polygon","coordinates":[[[-97.75253521988041,30.229437501840962],[-97.75253521988041,30.217968293742018],[-97.74167025909962,30.218611125458633],[-97.74167025909962,30.230080479489565],[-97.75253521988041,30.229437501840962]]]}},{"type":"Feature","properties":{"state":"Texas","county":"Travis","s2_cell":"9675056447246827520","waymo_ro_miles":94627.77722157151,"incremental_miles":27640.111,"vintage_end":"202603","exposure_phase":"deployment"},"geometry":{"type":"Polygon","coordinates":[[[-97.76340185489671,30.228793520243535],[-97.76340185489671,30.217324458310227],[-97.75253521988041,30.217968293742018],[-97.75253521988041,30.229437501840962],[-97.76340185489671,30.228793520243535]]]}},{"type":"Feature","properties":{"state":"Texas","county":"Travis","s2_cell":"9675056481606565888","waymo_ro_miles":31520.401479092743,"incremental_miles":12038.448,"vintage_end":"202603","exposure_phase":"deployment"},"geometry":{"type":"Polygon","coordinates":[[[-97.76340185489671,30.217324458310227],[-97.76340185489671,30.205854406387655],[-97.75253521988041,30.20649809553799],[-97.75253521988041,30.217968293742018],[-97.76340185489671,30.217324458310227]]]}},{"type":"Feature","properties":{"state":"Texas","county":"Travis","s2_cell":"9675056515966304256","waymo_ro_miles":28980.657951556528,"incremental_miles":8360.257,"vintage_end":"202603","exposure_phase":"deployment"},"geometry":{"type":"Polygon","coordinates":[[[-97.7742701630638,30.21667961879742],[-97.7742701630638,30.20520971339025],[-97.76340185489671,30.205854406387655],[-97.76340185489671,30.217324458310227],[-97.7742701630638,30.21667961879742]]]}},{"type":"Feature","properties":{"state":"Texas","county":"Travis","s2_cell":"9675056550326042624","waymo_ro_miles":122854.3913056209,"incremental_miles":37948.62,"vintage_end":"202603","exposure_phase":"deployment"},"geometry":{"type":"Polygon","coordinates":[[[-97.78514014329618,30.216033774838124],[-97.78514014329618,30.204564016180388],[-97.7742701630638,30.20520971339025],[-97.7742701630638,30.21667961879742],[-97.78514014329618,30.216033774838124]]]}},{"type":"Feature","properties":{"state":"Texas","county":"Travis","s2_cell":"9675056584685780992","waymo_ro_miles":43649.18887917852,"incremental_miles":15906.435,"vintage_end":"202603","exposure_phase":"deployment"},"geometry":{"type":"Polygon","coordinates":[[[-97.78514014329618,30.227502543738765],[-97.78514014329618,30.216033774838124],[-97.7742701630638,30.21667961879742],[-97.7742701630638,30.228148534331336],[-97.78514014329618,30.227502543738765]]]}},{"type":"Feature","properties":{"state":"Texas","county":"Travis","s2_cell":"9675056619045519360","waymo_ro_miles":139192.26647093138,"incremental_miles":50530.212,"vintage_end":"202603","exposure_phase":"deployment"},"geometry":{"type":"Polygon","coordinates":[[[-97.7742701630638,30.228148534331336],[-97.7742701630638,30.21667961879742],[-97.76340185489671,30.217324458310227],[-97.76340185489671,30.228793520243535],[-97.7742701630638,30.228148534331336]]]}},{"type":"Feature","properties":{"state":"Texas","county":"Travis","s2_cell":"9675056653405257728","waymo_ro_miles":126822.2545300072,"incremental_miles":39198.333,"vintage_end":"202603","exposure_phase":"deployment"},"geometry":{"type":"Polygon","coordinates":[[[-97.7742701630638,30.2396164588302],[-97.7742701630638,30.228148534331336],[-97.76340185489671,30.228793520243535],[-97.76340185489671,30.24026159102579],[-97.7742701630638,30.2396164588302]]]}},{"type":"Feature","properties":{"state":"Texas","county":"Travis","s2_cell":"9675056687764996096","waymo_ro_miles":70112.4549660374,"incremental_miles":23129.498,"vintage_end":"202603","exposure_phase":"deployment"},"geometry":{"type":"Polygon","coordinates":[[[-97.78514014329618,30.238970321720554],[-97.78514014329618,30.227502543738765],[-97.7742701630638,30.228148534331336],[-97.7742701630638,30.2396164588302],[-97.78514014329618,30.238970321720554]]]}},{"type":"Feature","properties":{"state":"Texas","county":"Travis","s2_cell":"9675056722124734464","waymo_ro_miles":137371.08868330932,"incremental_miles":40707.788,"vintage_end":"202603","exposure_phase":"deployment"},"geometry":{"type":"Polygon","coordinates":[[[-97.78514014329618,30.250437107622414],[-97.78514014329618,30.238970321720554],[-97.7742701630638,30.2396164588302],[-97.7742701630638,30.251083391132934],[-97.78514014329618,30.250437107622414]]]}},{"type":"Feature","properties":{"state":"Texas","county":"Travis","s2_cell":"9675056756484472832","waymo_ro_miles":200771.9341572402,"incremental_miles":52857.148,"vintage_end":"202603","exposure_phase":"deployment"},"geometry":{"type":"Polygon","coordinates":[[[-97.7742701630638,30.251083391132934],[-97.7742701630638,30.2396164588302],[-97.76340185489671,30.24026159102579],[-97.76340185489671,30.251728669495872],[-97.7742701630638,30.251083391132934]]]}},{"type":"Feature","properties":{"state":"Texas","county":"Travis","s2_cell":"9675056790844211200","waymo_ro_miles":305150.28758351237,"incremental_miles":104414.357,"vintage_end":"202603","exposure_phase":"deployment"},"geometry":{"type":"Polygon","coordinates":[[[-97.76340185489671,30.251728669495872],[-97.76340185489671,30.24026159102579],[-97.75253521988041,30.24090571867302],[-97.75253521988041,30.25237294307706],[-97.76340185489671,30.251728669495872]]]}},{"type":"Feature","properties":{"state":"Texas","county":"Travis","s2_cell":"9675056825203949568","waymo_ro_miles":188448.7469692904,"incremental_miles":52623.027,"vintage_end":"202603","exposure_phase":"deployment"},"geometry":{"type":"Polygon","coordinates":[[[-97.76340185489671,30.24026159102579],[-97.76340185489671,30.228793520243535],[-97.75253521988041,30.229437501840962],[-97.75253521988041,30.24090571867302],[-97.76340185489671,30.24026159102579]]]}},{"type":"Feature","properties":{"state":"Texas","county":"Travis","s2_cell":"9675056859563687936","waymo_ro_miles":118395.66370811424,"incremental_miles":59069.028,"vintage_end":"202603","exposure_phase":"deployment"},"geometry":{"type":"Polygon","coordinates":[[[-97.75253521988041,30.24090571867302],[-97.75253521988041,30.229437501840962],[-97.74167025909962,30.230080479489565],[-97.74167025909962,30.241548842137945],[-97.75253521988041,30.24090571867302]]]}},{"type":"Feature","properties":{"state":"Texas","county":"Travis","s2_cell":"9675056893923426304","waymo_ro_miles":222254.7008140592,"incremental_miles":57654.378,"vintage_end":"202603","exposure_phase":"deployment"},"geometry":{"type":"Polygon","coordinates":[[[-97.75253521988041,30.25237294307706],[-97.75253521988041,30.24090571867302],[-97.74167025909962,30.241548842137945],[-97.74167025909962,30.253016212242656],[-97.75253521988041,30.25237294307706]]]}},{"type":"Feature","properties":{"state":"Texas","county":"Travis","s2_cell":"9675056928283164672","waymo_ro_miles":682951.4164859933,"incremental_miles":192976.336,"vintage_end":"202603","exposure_phase":"deployment"},"geometry":{"type":"Polygon","coordinates":[[[-97.75253521988041,30.26383917389268],[-97.75253521988041,30.25237294307706],[-97.74167025909962,30.253016212242656],[-97.74167025909962,30.264482588643258],[-97.75253521988041,30.26383917389268]]]}},{"type":"Feature","properties":{"state":"Texas","county":"Travis","s2_cell":"9675056962642903040","waymo_ro_miles":772792.0365887523,"incremental_miles":231507.428,"vintage_end":"202603","exposure_phase":"deployment"},"geometry":{"type":"Polygon","coordinates":[[[-97.75253521988041,30.275304409960153],[-97.75253521988041,30.26383917389268],[-97.74167025909962,30.264482588643258],[-97.74167025909962,30.27594797018001],[-97.75253521988041,30.275304409960153]]]}},{"type":"Feature","properties":{"state":"Texas","county":"Travis","s2_cell":"9675056997002641408","waymo_ro_miles":417486.34556108556,"incremental_miles":111657.715,"vintage_end":"202603","exposure_phase":"deployment"},"geometry":{"type":"Polygon","coordinates":[[[-97.76340185489671,30.274659844858633],[-97.76340185489671,30.263194754493398],[-97.75253521988041,30.26383917389268],[-97.75253521988041,30.275304409960153],[-97.76340185489671,30.274659844858633]]]}},{"type":"Feature","properties":{"state":"Texas","county":"Travis","s2_cell":"9675057031362379776","waymo_ro_miles":441072.0895764999,"incremental_miles":116204.578,"vintage_end":"202603","exposure_phase":"deployment"},"geometry":{"type":"Polygon","coordinates":[[[-97.76340185489671,30.263194754493398],[-97.76340185489671,30.251728669495872],[-97.75253521988041,30.25237294307706],[-97.75253521988041,30.26383917389268],[-97.76340185489671,30.263194754493398]]]}},{"type":"Feature","properties":{"state":"Texas","county":"Travis","s2_cell":"9675057065722118144","waymo_ro_miles":90276.02714654013,"incremental_miles":24629.112,"vintage_end":"202603","exposure_phase":"deployment"},"geometry":{"type":"Polygon","coordinates":[[[-97.7742701630638,30.262549330079125],[-97.7742701630638,30.251083391132934],[-97.76340185489671,30.251728669495872],[-97.76340185489671,30.263194754493398],[-97.7742701630638,30.262549330079125]]]}},{"type":"Feature","properties":{"state":"Texas","county":"Travis","s2_cell":"9675057100081856512","waymo_ro_miles":21321.29726050449,"incremental_miles":6223.413,"vintage_end":"202603","exposure_phase":"deployment"},"geometry":{"type":"Polygon","coordinates":[[[-97.78514014329618,30.26190290028395],[-97.78514014329618,30.250437107622414],[-97.7742701630638,30.251083391132934],[-97.7742701630638,30.262549330079125],[-97.78514014329618,30.26190290028395]]]}},{"type":"Feature","properties":{"state":"Texas","county":"Travis","s2_cell":"9675057134441594880","waymo_ro_miles":27975.010184307976,"incremental_miles":11545.943,"vintage_end":"202603","exposure_phase":"deployment"},"geometry":{"type":"Polygon","coordinates":[[[-97.78514014329618,30.273367698545478],[-97.78514014329618,30.26190290028395],[-97.7742701630638,30.262549330079125],[-97.7742701630638,30.274014274509096],[-97.78514014329618,30.273367698545478]]]}},{"type":"Feature","properties":{"state":"Texas","county":"Travis","s2_cell":"9675057168801333248","waymo_ro_miles":62192.399710294056,"incremental_miles":20335.477,"vintage_end":"202603","exposure_phase":"deployment"},"geometry":{"type":"Polygon","coordinates":[[[-97.7742701630638,30.274014274509096],[-97.7742701630638,30.262549330079125],[-97.76340185489671,30.263194754493398],[-97.76340185489671,30.274659844858633],[-97.7742701630638,30.274014274509096]]]}},{"type":"Feature","properties":{"state":"Texas","county":"Travis","s2_cell":"9675057203161071616","waymo_ro_miles":63582.79123619063,"incremental_miles":18041.278,"vintage_end":"202603","exposure_phase":"deployment"},"geometry":{"type":"Polygon","coordinates":[[[-97.7742701630638,30.2854782232638],[-97.7742701630638,30.274014274509096],[-97.76340185489671,30.274659844858633],[-97.76340185489671,30.28612393943256],[-97.7742701630638,30.2854782232638]]]}},{"type":"Feature","properties":{"state":"Texas","county":"Travis","s2_cell":"9675057237520809984","waymo_ro_miles":16979.412973434613,"incremental_miles":4316.184,"vintage_end":"202603","exposure_phase":"deployment"},"geometry":{"type":"Polygon","coordinates":[[[-97.78514014329618,30.28483150124798],[-97.78514014329618,30.273367698545478],[-97.7742701630638,30.274014274509096],[-97.7742701630638,30.2854782232638],[-97.78514014329618,30.28483150124798]]]}},{"type":"Feature","properties":{"state":"Texas","county":"Travis","s2_cell":"9675057271880548352","waymo_ro_miles":21005.622568761442,"incremental_miles":6006.889,"vintage_end":"202603","exposure_phase":"deployment"},"geometry":{"type":"Polygon","coordinates":[[[-97.78514014329618,30.29629430723317],[-97.78514014329618,30.28483150124798],[-97.7742701630638,30.2854782232638],[-97.7742701630638,30.296941175184934],[-97.78514014329618,30.29629430723317]]]}},{"type":"Feature","properties":{"state":"Texas","county":"Travis","s2_cell":"9675057306240286720","waymo_ro_miles":46154.69965763179,"incremental_miles":12201.617,"vintage_end":"202603","exposure_phase":"deployment"},"geometry":{"type":"Polygon","coordinates":[[[-97.7742701630638,30.296941175184934],[-97.7742701630638,30.2854782232638],[-97.76340185489671,30.28612393943256],[-97.76340185489671,30.29758703705685],[-97.7742701630638,30.296941175184934]]]}},{"type":"Feature","properties":{"state":"Texas","county":"Travis","s2_cell":"9675057340600025088","waymo_ro_miles":98237.78455834913,"incremental_miles":26338.426,"vintage_end":"202603","exposure_phase":"deployment"},"geometry":{"type":"Polygon","coordinates":[[[-97.76340185489671,30.29758703705685],[-97.76340185489671,30.28612393943256],[-97.75253521988041,30.286768650120425],[-97.75253521988041,30.29823189321517],[-97.76340185489671,30.29758703705685]]]}},{"type":"Feature","properties":{"state":"Texas","county":"Travis","s2_cell":"9675057374959763456","waymo_ro_miles":122141.51012760066,"incremental_miles":33331.794,"vintage_end":"202603","exposure_phase":"deployment"},"geometry":{"type":"Polygon","coordinates":[[[-97.76340185489671,30.28612393943256],[-97.76340185489671,30.274659844858633],[-97.75253521988041,30.275304409960153],[-97.75253521988041,30.286768650120425],[-97.76340185489671,30.28612393943256]]]}},{"type":"Feature","properties":{"state":"Texas","county":"Travis","s2_cell":"9675057409319501824","waymo_ro_miles":615768.912543278,"incremental_miles":174101.335,"vintage_end":"202603","exposure_phase":"deployment"},"geometry":{"type":"Polygon","coordinates":[[[-97.75253521988041,30.286768650120425],[-97.75253521988041,30.275304409960153],[-97.74167025909962,30.27594797018001],[-97.74167025909962,30.287412355693874],[-97.75253521988041,30.286768650120425]]]}},{"type":"Feature","properties":{"state":"Texas","county":"Travis","s2_cell":"9675057443679240192","waymo_ro_miles":403698.64325944276,"incremental_miles":109222.939,"vintage_end":"202603","exposure_phase":"deployment"},"geometry":{"type":"Polygon","coordinates":[[[-97.75253521988041,30.29823189321517],[-97.75253521988041,30.286768650120425],[-97.74167025909962,30.287412355693874],[-97.74167025909962,30.298875744026493],[-97.75253521988041,30.29823189321517]]]}},{"type":"Feature","properties":{"state":"Texas","county":"Travis","s2_cell":"9675057478038978560","waymo_ro_miles":209078.56323839087,"incremental_miles":57889.41,"vintage_end":"202603","exposure_phase":"deployment"},"geometry":{"type":"Polygon","coordinates":[[[-97.74167025909962,30.298875744026493],[-97.74167025909962,30.287412355693874],[-97.73080697363837,30.288055056519696],[-97.73080697363837,30.2995185898577],[-97.74167025909962,30.298875744026493]]]}},{"type":"Feature","properties":{"state":"Texas","county":"Travis","s2_cell":"9675057512398716928","waymo_ro_miles":122569.46064180428,"incremental_miles":36187.964,"vintage_end":"202603","exposure_phase":"deployment"},"geometry":{"type":"Polygon","coordinates":[[[-97.73080697363837,30.2995185898577],[-97.73080697363837,30.288055056519696],[-97.71994536457991,30.28869675296498],[-97.71994536457991,30.300160431076023],[-97.73080697363837,30.2995185898577]]]}},{"type":"Feature","properties":{"state":"Texas","county":"Travis","s2_cell":"9675057546758455296","waymo_ro_miles":209123.23723360006,"incremental_miles":58712.683,"vintage_end":"202603","exposure_phase":"deployment"},"geometry":{"type":"Polygon","coordinates":[[[-97.73080697363837,30.288055056519696],[-97.73080697363837,30.2765905258849],[-97.71994536457991,30.277232077441795],[-97.71994536457991,30.28869675296498],[-97.73080697363837,30.288055056519696]]]}},{"type":"Feature","properties":{"state":"Texas","county":"Travis","s2_cell":"9675057581118193664","waymo_ro_miles":129047.04160391395,"incremental_miles":38690.959,"vintage_end":"202603","exposure_phase":"deployment"},"geometry":{"type":"Polygon","coordinates":[[[-97.74167025909962,30.287412355693874],[-97.74167025909962,30.27594797018001],[-97.73080697363837,30.2765905258849],[-97.73080697363837,30.288055056519696],[-97.74167025909962,30.287412355693874]]]}},{"type":"Feature","properties":{"state":"Texas","county":"Travis","s2_cell":"9675057615477932032","waymo_ro_miles":615004.9848167888,"incremental_miles":171298.679,"vintage_end":"202603","exposure_phase":"deployment"},"geometry":{"type":"Polygon","coordinates":[[[-97.74167025909962,30.27594797018001],[-97.74167025909962,30.264482588643258],[-97.73080697363837,30.26512499911168],[-97.73080697363837,30.2765905258849],[-97.74167025909962,30.27594797018001]]]}},{"type":"Feature","properties":{"state":"Texas","county":"Travis","s2_cell":"9675057649837670400","waymo_ro_miles":249031.29176762808,"incremental_miles":60205.408,"vintage_end":"202603","exposure_phase":"deployment"},"geometry":{"type":"Polygon","coordinates":[[[-97.74167025909962,30.264482588643258],[-97.74167025909962,30.253016212242656],[-97.73080697363837,30.25365847735911],[-97.73080697363837,30.26512499911168],[-97.74167025909962,30.264482588643258]]]}},{"type":"Feature","properties":{"state":"Texas","county":"Travis","s2_cell":"9675057684197408768","waymo_ro_miles":396441.2782085065,"incremental_miles":104450.344,"vintage_end":"202603","exposure_phase":"deployment"},"geometry":{"type":"Polygon","coordinates":[[[-97.73080697363837,30.26512499911168],[-97.73080697363837,30.25365847735911],[-97.71994536457991,30.254299738793186],[-97.71994536457991,30.26576640566484],[-97.73080697363837,30.26512499911168]]]}},{"type":"Feature","properties":{"state":"Texas","county":"Travis","s2_cell":"9675057718557147136","waymo_ro_miles":286174.56153377966,"incremental_miles":81009.81,"vintage_end":"202603","exposure_phase":"deployment"},"geometry":{"type":"Polygon","coordinates":[[[-97.73080697363837,30.2765905258849],[-97.73080697363837,30.26512499911168],[-97.71994536457991,30.26576640566484],[-97.71994536457991,30.277232077441795],[-97.73080697363837,30.2765905258849]]]}},{"type":"Feature","properties":{"state":"Texas","county":"Travis","s2_cell":"9675057752916885504","waymo_ro_miles":192962.68380562955,"incremental_miles":62140.212,"vintage_end":"202603","exposure_phase":"deployment"},"geometry":{"type":"Polygon","coordinates":[[[-97.71994536457991,30.277232077441795],[-97.71994536457991,30.26576640566484],[-97.70908543300678,30.266406808669927],[-97.70908543300678,30.27787262521801],[-97.71994536457991,30.277232077441795]]]}},{"type":"Feature","properties":{"state":"Texas","county":"Travis","s2_cell":"9675057787276623872","waymo_ro_miles":217568.81605016114,"incremental_miles":62807.188,"vintage_end":"202603","exposure_phase":"deployment"},"geometry":{"type":"Polygon","coordinates":[[[-97.71994536457991,30.26576640566484],[-97.71994536457991,30.254299738793186],[-97.70908543300678,30.25493999691198],[-97.70908543300678,30.266406808669927],[-97.71994536457991,30.26576640566484]]]}},{"type":"Feature","properties":{"state":"Texas","county":"Travis","s2_cell":"9675057821636362240","waymo_ro_miles":139056.85570875424,"incremental_miles":43540.285,"vintage_end":"202603","exposure_phase":"deployment"},"geometry":{"type":"Polygon","coordinates":[[[-97.70908543300678,30.266406808669927],[-97.70908543300678,30.25493999691198],[-97.69822718000074,30.25557925208289],[-97.69822718000074,30.26704620849445],[-97.70908543300678,30.266406808669927]]]}},{"type":"Feature","properties":{"state":"Texas","county":"Travis","s2_cell":"9675057855996100608","waymo_ro_miles":93366.45204528644,"incremental_miles":34331.469,"vintage_end":"202603","exposure_phase":"deployment"},"geometry":{"type":"Polygon","coordinates":[[[-97.70908543300678,30.27787262521801],[-97.70908543300678,30.266406808669927],[-97.69822718000074,30.26704620849445],[-97.69822718000074,30.27851216958116],[-97.70908543300678,30.27787262521801]]]}},{"type":"Feature","properties":{"state":"Texas","county":"Travis","s2_cell":"9675057890355838976","waymo_ro_miles":114395.3047864513,"incremental_miles":40929.729,"vintage_end":"202603","exposure_phase":"deployment"},"geometry":{"type":"Polygon","coordinates":[[[-97.70908543300678,30.289337445397152],[-97.70908543300678,30.27787262521801],[-97.69822718000074,30.27851216958116],[-97.69822718000074,30.289977134183943],[-97.70908543300678,30.289337445397152]]]}},{"type":"Feature","properties":{"state":"Texas","county":"Travis","s2_cell":"9675057924715577344","waymo_ro_miles":137222.20489170036,"incremental_miles":41954.295,"vintage_end":"202603","exposure_phase":"deployment"},"geometry":{"type":"Polygon","coordinates":[[[-97.71994536457991,30.28869675296498],[-97.71994536457991,30.277232077441795],[-97.70908543300678,30.27787262521801],[-97.70908543300678,30.289337445397152],[-97.71994536457991,30.28869675296498]]]}},{"type":"Feature","properties":{"state":"Texas","county":"Travis","s2_cell":"9675057959075315712","waymo_ro_miles":66054.3622063391,"incremental_miles":21980.73,"vintage_end":"202603","exposure_phase":"deployment"},"geometry":{"type":"Polygon","coordinates":[[[-97.71994536457991,30.300160431076023],[-97.71994536457991,30.28869675296498],[-97.70908543300678,30.289337445397152],[-97.70908543300678,30.300801268048964],[-97.71994536457991,30.300160431076023]]]}},{"type":"Feature","properties":{"state":"Texas","county":"Travis","s2_cell":"9675057993435054080","waymo_ro_miles":96865.70913935536,"incremental_miles":32431.126,"vintage_end":"202603","exposure_phase":"deployment"},"geometry":{"type":"Polygon","coordinates":[[[-97.70908543300678,30.300801268048964],[-97.70908543300678,30.289337445397152],[-97.69822718000074,30.289977134183943],[-97.69822718000074,30.301441101144384],[-97.70908543300678,30.300801268048964]]]}},{"type":"Feature","properties":{"state":"Texas","county":"Travis","s2_cell":"9675058027794792448","waymo_ro_miles":6641.002278655832,"incremental_miles":5629.435,"vintage_end":"202603","exposure_phase":"deployment"},"geometry":{"type":"Polygon","coordinates":[[[-97.69822718000074,30.301441101144384],[-97.69822718000074,30.289977134183943],[-97.68737060664283,30.290615819693386],[-97.68737060664283,30.30207993073043],[-97.69822718000074,30.301441101144384]]]}},{"type":"Feature","properties":{"state":"Texas","county":"Travis","s2_cell":"9675058062154530816","waymo_ro_miles":14158.655889357788,"incremental_miles":9459.625,"vintage_end":"202603","exposure_phase":"deployment"},"geometry":{"type":"Polygon","coordinates":[[[-97.69822718000074,30.289977134183943],[-97.69822718000074,30.27851216958116],[-97.68737060664283,30.279150710899188],[-97.68737060664283,30.290615819693386],[-97.69822718000074,30.289977134183943]]]}},{"type":"Feature","properties":{"state":"Texas","county":"Travis","s2_cell":"9675058096514269184","waymo_ro_miles":10276.657108325524,"incremental_miles":8993.292,"vintage_end":"202603","exposure_phase":"deployment"},"geometry":{"type":"Polygon","coordinates":[[[-97.68737060664283,30.290615819693386],[-97.68737060664283,30.279150710899188],[-97.67651571401332,30.279788249540324],[-97.67651571401332,30.29125350229385],[-97.68737060664283,30.290615819693386]]]}},{"type":"Feature","properties":{"state":"Texas","county":"Travis","s2_cell":"9675058130874007552","waymo_ro_miles":6210.804806020961,"incremental_miles":5146.882,"vintage_end":"202603","exposure_phase":"deployment"},"geometry":{"type":"Polygon","coordinates":[[[-97.68737060664283,30.30207993073043],[-97.68737060664283,30.290615819693386],[-97.67651571401332,30.29125350229385],[-97.67651571401332,30.302717757175554],[-97.68737060664283,30.30207993073043]]]}},{"type":"Feature","properties":{"state":"Texas","county":"Travis","s2_cell":"9675058165233745920","waymo_ro_miles":3100.138371636989,"incremental_miles":2611.063,"vintage_end":"202603","exposure_phase":"deployment"},"geometry":{"type":"Polygon","coordinates":[[[-97.67651571401332,30.302717757175554],[-97.67651571401332,30.29125350229385],[-97.66566250319175,30.291890182353978],[-97.66566250319175,30.30335458084854],[-97.67651571401332,30.302717757175554]]]}},{"type":"Feature","properties":{"state":"Texas","county":"Travis","s2_cell":"9675058199593484288","waymo_ro_miles":1318.9564923707374,"incremental_miles":1305.215,"vintage_end":"202603","exposure_phase":"deployment"},"geometry":{"type":"Polygon","coordinates":[[[-97.66566250319175,30.30335458084854],[-97.66566250319175,30.291890182353978],[-97.65481097525692,30.29252586024276],[-97.65481097525692,30.30399040211847],[-97.66566250319175,30.30335458084854]]]}},{"type":"Feature","properties":{"state":"Texas","county":"Travis","s2_cell":"9675058233953222656","waymo_ro_miles":809.676150577843,"incremental_miles":805.486,"vintage_end":"202603","exposure_phase":"deployment"},"geometry":{"type":"Polygon","coordinates":[[[-97.66566250319175,30.291890182353978],[-97.66566250319175,30.280424785873127],[-97.65481097525692,30.281060320266466],[-97.65481097525692,30.29252586024276],[-97.66566250319175,30.291890182353978]]]}},{"type":"Feature","properties":{"state":"Texas","county":"Travis","s2_cell":"9675058268312961024","waymo_ro_miles":3702.1330542210417,"incremental_miles":3173.028,"vintage_end":"202603","exposure_phase":"deployment"},"geometry":{"type":"Polygon","coordinates":[[[-97.67651571401332,30.29125350229385],[-97.67651571401332,30.279788249540324],[-97.66566250319175,30.280424785873127],[-97.66566250319175,30.291890182353978],[-97.67651571401332,30.29125350229385]]]}},{"type":"Feature","properties":{"state":"Texas","county":"Travis","s2_cell":"9675058302672699392","waymo_ro_miles":2213.6320225542863,"incremental_miles":1985.165,"vintage_end":"202603","exposure_phase":"deployment"},"geometry":{"type":"Polygon","coordinates":[[[-97.67651571401332,30.279788249540324],[-97.67651571401332,30.268322000073407],[-97.66566250319175,30.268958392564418],[-97.66566250319175,30.280424785873127],[-97.67651571401332,30.279788249540324]]]}},{"type":"Feature","properties":{"state":"Texas","county":"Travis","s2_cell":"9675058405751914496","waymo_ro_miles":2130.388816280637,"incremental_miles":2119.536,"vintage_end":"202603","exposure_phase":"deployment"},"geometry":{"type":"Polygon","coordinates":[[[-97.67651571401332,30.268322000073407],[-97.67651571401332,30.256854755052203],[-97.66566250319175,30.257491003586974],[-97.66566250319175,30.268958392564418],[-97.67651571401332,30.268322000073407]]]}},{"type":"Feature","properties":{"state":"Texas","county":"Travis","s2_cell":"9675058440111652864","waymo_ro_miles":2272.1446059394725,"incremental_miles":1780.077,"vintage_end":"202603","exposure_phase":"deployment"},"geometry":{"type":"Polygon","coordinates":[[[-97.68737060664283,30.26768460550623],[-97.68737060664283,30.25621750467362],[-97.67651571401332,30.256854755052203],[-97.67651571401332,30.268322000073407],[-97.68737060664283,30.26768460550623]]]}},{"type":"Feature","properties":{"state":"Texas","county":"Travis","s2_cell":"9675058474471391232","waymo_ro_miles":5498.18873547641,"incremental_miles":4028.849,"vintage_end":"202603","exposure_phase":"deployment"},"geometry":{"type":"Polygon","coordinates":[[[-97.68737060664283,30.279150710899188],[-97.68737060664283,30.26768460550623],[-97.67651571401332,30.268322000073407],[-97.67651571401332,30.279788249540324],[-97.68737060664283,30.279150710899188]]]}},{"type":"Feature","properties":{"state":"Texas","county":"Travis","s2_cell":"9675058508831129600","waymo_ro_miles":41721.74433973922,"incremental_miles":19747.938,"vintage_end":"202603","exposure_phase":"deployment"},"geometry":{"type":"Polygon","coordinates":[[[-97.69822718000074,30.27851216958116],[-97.69822718000074,30.26704620849445],[-97.68737060664283,30.26768460550623],[-97.68737060664283,30.279150710899188],[-97.69822718000074,30.27851216958116]]]}},{"type":"Feature","properties":{"state":"Texas","county":"Travis","s2_cell":"9675058543190867968","waymo_ro_miles":28692.34858074409,"incremental_miles":12935.499,"vintage_end":"202603","exposure_phase":"deployment"},"geometry":{"type":"Polygon","coordinates":[[[-97.69822718000074,30.26704620849445],[-97.69822718000074,30.25557925208289],[-97.68737060664283,30.25621750467362],[-97.68737060664283,30.26768460550623],[-97.69822718000074,30.26704620849445]]]}},{"type":"Feature","properties":{"state":"Texas","county":"Travis","s2_cell":"9675058577550606336","waymo_ro_miles":12323.561127792194,"incremental_miles":5965.24,"vintage_end":"202603","exposure_phase":"deployment"},"geometry":{"type":"Polygon","coordinates":[[[-97.69822718000074,30.25557925208289],[-97.69822718000074,30.244111301506265],[-97.68737060664283,30.24474940956116],[-97.68737060664283,30.25621750467362],[-97.69822718000074,30.25557925208289]]]}},{"type":"Feature","properties":{"state":"Texas","county":"Travis","s2_cell":"9675058611910344704","waymo_ro_miles":2467.8866792109743,"incremental_miles":2412.065,"vintage_end":"202603","exposure_phase":"deployment"},"geometry":{"type":"Polygon","coordinates":[[[-97.68737060664283,30.25621750467362],[-97.68737060664283,30.24474940956116],[-97.67651571401332,30.245386515636532],[-97.67651571401332,30.256854755052203],[-97.68737060664283,30.25621750467362]]]}},{"type":"Feature","properties":{"state":"Texas","county":"Travis","s2_cell":"9675058646270083072","waymo_ro_miles":829.845819397919,"incremental_miles":542.997,"vintage_end":"202603","exposure_phase":"deployment"},"geometry":{"type":"Polygon","coordinates":[[[-97.68737060664283,30.24474940956116],[-97.68737060664283,30.233280321329328],[-97.67651571401332,30.233917282986884],[-97.67651571401332,30.245386515636532],[-97.68737060664283,30.24474940956116]]]}},{"type":"Feature","properties":{"state":"Texas","county":"Travis","s2_cell":"9675058680629821440","waymo_ro_miles":14520.099789913587,"incremental_miles":4781.994,"vintage_end":"202603","exposure_phase":"deployment"},"geometry":{"type":"Polygon","coordinates":[[[-97.69822718000074,30.244111301506265],[-97.69822718000074,30.232642357925062],[-97.68737060664283,30.233280321329328],[-97.68737060664283,30.24474940956116],[-97.69822718000074,30.244111301506265]]]}},{"type":"Feature","properties":{"state":"Texas","county":"Travis","s2_cell":"9675058714989559808","waymo_ro_miles":28177.13104910575,"incremental_miles":8509.781,"vintage_end":"202603","exposure_phase":"deployment"},"geometry":{"type":"Polygon","coordinates":[[[-97.69822718000074,30.232642357925062],[-97.69822718000074,30.221172422500445],[-97.68737060664283,30.22181024113931],[-97.68737060664283,30.233280321329328],[-97.69822718000074,30.232642357925062]]]}},{"type":"Feature","properties":{"state":"Texas","county":"Travis","s2_cell":"9675058749349298176","waymo_ro_miles":26936.71732187626,"incremental_miles":10271.439,"vintage_end":"202603","exposure_phase":"deployment"},"geometry":{"type":"Polygon","coordinates":[[[-97.69822718000074,30.221172422500445],[-97.69822718000074,30.20970149639428],[-97.68737060664283,30.210339170152974],[-97.68737060664283,30.22181024113931],[-97.69822718000074,30.221172422500445]]]}},{"type":"Feature","properties":{"state":"Texas","county":"Travis","s2_cell":"9675058783709036544","waymo_ro_miles":1933.0725207679407,"incremental_miles":1403.804,"vintage_end":"202603","exposure_phase":"deployment"},"geometry":{"type":"Polygon","coordinates":[[[-97.68737060664283,30.22181024113931],[-97.68737060664283,30.210339170152974],[-97.67651571401332,30.210975842631118],[-97.67651571401332,30.22244705826445],[-97.68737060664283,30.22181024113931]]]}},{"type":"Feature","properties":{"state":"Texas","county":"Travis","s2_cell":"9675058818068774912","waymo_ro_miles":2846.163153560959,"incremental_miles":2196.167,"vintage_end":"202603","exposure_phase":"deployment"},"geometry":{"type":"Polygon","coordinates":[[[-97.68737060664283,30.233280321329328],[-97.68737060664283,30.22181024113931],[-97.67651571401332,30.22244705826445],[-97.67651571401332,30.233917282986884],[-97.68737060664283,30.233280321329328]]]}},{"type":"Feature","properties":{"state":"Texas","county":"Travis","s2_cell":"9675058886788251648","waymo_ro_miles":2485.938356987033,"incremental_miles":1895.55,"vintage_end":"202603","exposure_phase":"deployment"},"geometry":{"type":"Polygon","coordinates":[[[-97.67651571401332,30.22244705826445],[-97.67651571401332,30.210975842631118],[-97.66566250319175,30.211611514196605],[-97.66566250319175,30.223082874243882],[-97.67651571401332,30.22244705826445]]]}},{"type":"Feature","properties":{"state":"Texas","county":"Travis","s2_cell":"9675058921147990016","waymo_ro_miles":1900.5294246139063,"incremental_miles":1423.708,"vintage_end":"202603","exposure_phase":"deployment"},"geometry":{"type":"Polygon","coordinates":[[[-97.66566250319175,30.223082874243882],[-97.66566250319175,30.211611514196605],[-97.65481097525692,30.212246185217627],[-97.65481097525692,30.223717689445905],[-97.66566250319175,30.223082874243882]]]}},{"type":"Feature","properties":{"state":"Texas","county":"Travis","s2_cell":"9675078952875458560","waymo_ro_miles":22.874310352958695,"incremental_miles":22.874,"vintage_end":"202603","exposure_phase":"deployment"},"geometry":{"type":"Polygon","coordinates":[[[-97.67651571401332,30.360024023010855],[-97.67651571401332,30.348564774840185],[-97.66566250319175,30.34920217181961],[-97.66566250319175,30.3606615630306],[-97.67651571401332,30.360024023010855]]]}},{"type":"Feature","properties":{"state":"Texas","county":"Travis","s2_cell":"9675078987235196928","waymo_ro_miles":2.7795059893639973,"incremental_miles":2.78,"vintage_end":"202603","exposure_phase":"deployment"},"geometry":{"type":"Polygon","coordinates":[[[-97.67651571401332,30.37148226637379],[-97.67651571401332,30.360024023010855],[-97.66566250319175,30.3606615630306],[-97.66566250319175,30.37211994931931],[-97.67651571401332,30.37148226637379]]]}},{"type":"Feature","properties":{"state":"Texas","county":"Travis","s2_cell":"9675079159033888768","waymo_ro_miles":6.250159859209209,"incremental_miles":6.25,"vintage_end":"202603","exposure_phase":"deployment"},"geometry":{"type":"Polygon","coordinates":[[[-97.67651571401332,30.382939503775454],[-97.67651571401332,30.37148226637379],[-97.66566250319175,30.37211994931931],[-97.66566250319175,30.383577329532198],[-97.67651571401332,30.382939503775454]]]}},{"type":"Feature","properties":{"state":"Texas","county":"Travis","s2_cell":"9675079193393627136","waymo_ro_miles":334.9222392164073,"incremental_miles":282.865,"vintage_end":"202603","exposure_phase":"deployment"},"geometry":{"type":"Polygon","coordinates":[[[-97.68737060664283,30.38230067362881],[-97.68737060664283,30.370843579268954],[-97.67651571401332,30.37148226637379],[-97.67651571401332,30.382939503775454],[-97.68737060664283,30.38230067362881]]]}},{"type":"Feature","properties":{"state":"Texas","county":"Travis","s2_cell":"9675079262113103872","waymo_ro_miles":278.2726707782514,"incremental_miles":228.21,"vintage_end":"202603","exposure_phase":"deployment"},"geometry":{"type":"Polygon","coordinates":[[[-97.69822718000074,30.393116782925606],[-97.69822718000074,30.381660838722727],[-97.68737060664283,30.38230067362881],[-97.68737060664283,30.393756760989262],[-97.69822718000074,30.393116782925606]]]}},{"type":"Feature","properties":{"state":"Texas","county":"Travis","s2_cell":"9675079296472842240","waymo_ro_miles":2885.315993788252,"incremental_miles":2530.888,"vintage_end":"202603","exposure_phase":"deployment"},"geometry":{"type":"Polygon","coordinates":[[[-97.69822718000074,30.381660838722727],[-97.69822718000074,30.37020388763536],[-97.68737060664283,30.370843579268954],[-97.68737060664283,30.38230067362881],[-97.69822718000074,30.381660838722727]]]}},{"type":"Feature","properties":{"state":"Texas","county":"Travis","s2_cell":"9675079330832580608","waymo_ro_miles":6548.714463787898,"incremental_miles":5905.316,"vintage_end":"202603","exposure_phase":"deployment"},"geometry":{"type":"Polygon","coordinates":[[[-97.69822718000074,30.37020388763536],[-97.69822718000074,30.35874593081635],[-97.68737060664283,30.359385479062542],[-97.68737060664283,30.370843579268954],[-97.69822718000074,30.37020388763536]]]}},{"type":"Feature","properties":{"state":"Texas","county":"Travis","s2_cell":"9675079365192318976","waymo_ro_miles":311.6903944425735,"incremental_miles":263.262,"vintage_end":"202603","exposure_phase":"deployment"},"geometry":{"type":"Polygon","coordinates":[[[-97.68737060664283,30.370843579268954],[-97.68737060664283,30.359385479062542],[-97.67651571401332,30.360024023010855],[-97.67651571401332,30.37148226637379],[-97.68737060664283,30.370843579268954]]]}},{"type":"Feature","properties":{"state":"Texas","county":"Travis","s2_cell":"9675079399552057344","waymo_ro_miles":549.9859683529193,"incremental_miles":542.797,"vintage_end":"202603","exposure_phase":"deployment"},"geometry":{"type":"Polygon","coordinates":[[[-97.68737060664283,30.359385479062542],[-97.68737060664283,30.347926374163126],[-97.67651571401332,30.348564774840185],[-97.67651571401332,30.360024023010855],[-97.68737060664283,30.359385479062542]]]}},{"type":"Feature","properties":{"state":"Texas","county":"Travis","s2_cell":"9675079433911795712","waymo_ro_miles":3648.4041378464954,"incremental_miles":3269.988,"vintage_end":"202603","exposure_phase":"deployment"},"geometry":{"type":"Polygon","coordinates":[[[-97.69822718000074,30.35874593081635],[-97.69822718000074,30.347286969419216],[-97.68737060664283,30.347926374163126],[-97.68737060664283,30.359385479062542],[-97.69822718000074,30.35874593081635]]]}},{"type":"Feature","properties":{"state":"Texas","county":"Travis","s2_cell":"9675079468271534080","waymo_ro_miles":4609.998894138065,"incremental_miles":4115.533,"vintage_end":"202603","exposure_phase":"deployment"},"geometry":{"type":"Polygon","coordinates":[[[-97.69822718000074,30.347286969419216],[-97.69822718000074,30.335827004598176],[-97.68737060664283,30.336466265724916],[-97.68737060664283,30.347926374163126],[-97.69822718000074,30.347286969419216]]]}},{"type":"Feature","properties":{"state":"Texas","county":"Travis","s2_cell":"9675079502631272448","waymo_ro_miles":6477.338890624354,"incremental_miles":4058.118,"vintage_end":"202603","exposure_phase":"deployment"},"geometry":{"type":"Polygon","coordinates":[[[-97.69822718000074,30.335827004598176],[-97.69822718000074,30.32436603750817],[-97.68737060664283,30.325005154902865],[-97.68737060664283,30.336466265724916],[-97.69822718000074,30.335827004598176]]]}},{"type":"Feature","properties":{"state":"Texas","county":"Travis","s2_cell":"9675079536991010816","waymo_ro_miles":2918.120281051014,"incremental_miles":2710.704,"vintage_end":"202603","exposure_phase":"deployment"},"geometry":{"type":"Polygon","coordinates":[[[-97.68737060664283,30.336466265724916],[-97.68737060664283,30.325005154902865],[-97.67651571401332,30.32564326869333],[-97.67651571401332,30.33710452301603],[-97.68737060664283,30.336466265724916]]]}},{"type":"Feature","properties":{"state":"Texas","county":"Travis","s2_cell":"9675079571350749184","waymo_ro_miles":1198.5534761945746,"incremental_miles":1123.064,"vintage_end":"202603","exposure_phase":"deployment"},"geometry":{"type":"Polygon","coordinates":[[[-97.68737060664283,30.347926374163126],[-97.68737060664283,30.336466265724916],[-97.67651571401332,30.33710452301603],[-97.67651571401332,30.348564774840185],[-97.68737060664283,30.347926374163126]]]}},{"type":"Feature","properties":{"state":"Texas","county":"Travis","s2_cell":"9675079708789702656","waymo_ro_miles":340.621215026011,"incremental_miles":321.149,"vintage_end":"202603","exposure_phase":"deployment"},"geometry":{"type":"Polygon","coordinates":[[[-97.67651571401332,30.33710452301603],[-97.67651571401332,30.32564326869333],[-97.66566250319175,30.326280379248544],[-97.66566250319175,30.33774177684061],[-97.67651571401332,30.33710452301603]]]}},{"type":"Feature","properties":{"state":"Texas","county":"Travis","s2_cell":"9675079743149441024","waymo_ro_miles":4030.481989359346,"incremental_miles":3710.883,"vintage_end":"202603","exposure_phase":"deployment"},"geometry":{"type":"Polygon","coordinates":[[[-97.67651571401332,30.32564326869333],[-97.67651571401332,30.314181013027728],[-97.66566250319175,30.314817980199077],[-97.66566250319175,30.326280379248544],[-97.67651571401332,30.32564326869333]]]}},{"type":"Feature","properties":{"state":"Texas","county":"Travis","s2_cell":"9675079777509179392","waymo_ro_miles":988.8168129708417,"incremental_miles":927.914,"vintage_end":"202603","exposure_phase":"deployment"},"geometry":{"type":"Polygon","coordinates":[[[-97.66566250319175,30.326280379248544],[-97.66566250319175,30.314817980199077],[-97.65481097525692,30.315453944735843],[-97.65481097525692,30.326916486937836],[-97.66566250319175,30.326280379248544]]]}},{"type":"Feature","properties":{"state":"Texas","county":"Travis","s2_cell":"9675079811868917760","waymo_ro_miles":1668.5954756269484,"incremental_miles":1564.08,"vintage_end":"202603","exposure_phase":"deployment"},"geometry":{"type":"Polygon","coordinates":[[[-97.66566250319175,30.314817980199077],[-97.66566250319175,30.30335458084854],[-97.65481097525692,30.30399040211847],[-97.65481097525692,30.315453944735843],[-97.66566250319175,30.314817980199077]]]}},{"type":"Feature","properties":{"state":"Texas","county":"Travis","s2_cell":"9675079846228656128","waymo_ro_miles":4977.487665404165,"incremental_miles":4443.308,"vintage_end":"202603","exposure_phase":"deployment"},"geometry":{"type":"Polygon","coordinates":[[[-97.67651571401332,30.314181013027728],[-97.67651571401332,30.302717757175554],[-97.66566250319175,30.30335458084854],[-97.66566250319175,30.314817980199077],[-97.67651571401332,30.314181013027728]]]}},{"type":"Feature","properties":{"state":"Texas","county":"Travis","s2_cell":"9675079880588394496","waymo_ro_miles":4994.113303312831,"incremental_miles":4433.738,"vintage_end":"202603","exposure_phase":"deployment"},"geometry":{"type":"Polygon","coordinates":[[[-97.68737060664283,30.313543042852597],[-97.68737060664283,30.30207993073043],[-97.67651571401332,30.302717757175554],[-97.67651571401332,30.314181013027728],[-97.68737060664283,30.313543042852597]]]}},{"type":"Feature","properties":{"state":"Texas","county":"Travis","s2_cell":"9675079914948132864","waymo_ro_miles":4330.200414380359,"incremental_miles":4008.804,"vintage_end":"202603","exposure_phase":"deployment"},"geometry":{"type":"Polygon","coordinates":[[[-97.68737060664283,30.325005154902865],[-97.68737060664283,30.313543042852597],[-97.67651571401332,30.314181013027728],[-97.67651571401332,30.32564326869333],[-97.68737060664283,30.325005154902865]]]}},{"type":"Feature","properties":{"state":"Texas","county":"Travis","s2_cell":"9675079949307871232","waymo_ro_miles":14810.835835605369,"incremental_miles":9203.536,"vintage_end":"202603","exposure_phase":"deployment"},"geometry":{"type":"Polygon","coordinates":[[[-97.69822718000074,30.32436603750817],[-97.69822718000074,30.3129040693048],[-97.68737060664283,30.313543042852597],[-97.68737060664283,30.325005154902865],[-97.69822718000074,30.32436603750817]]]}},{"type":"Feature","properties":{"state":"Texas","county":"Travis","s2_cell":"9675079983667609600","waymo_ro_miles":7219.2558093099,"incremental_miles":4395.728,"vintage_end":"202603","exposure_phase":"deployment"},"geometry":{"type":"Polygon","coordinates":[[[-97.69822718000074,30.3129040693048],[-97.69822718000074,30.301441101144384],[-97.68737060664283,30.30207993073043],[-97.68737060664283,30.313543042852597],[-97.69822718000074,30.3129040693048]]]}},{"type":"Feature","properties":{"state":"Texas","county":"Travis","s2_cell":"9675080018027347968","waymo_ro_miles":30052.806385529046,"incremental_miles":11246.022,"vintage_end":"202603","exposure_phase":"deployment"},"geometry":{"type":"Polygon","coordinates":[[[-97.70908543300678,30.312264092015766],[-97.70908543300678,30.300801268048964],[-97.69822718000074,30.301441101144384],[-97.69822718000074,30.3129040693048],[-97.70908543300678,30.312264092015766]]]}},{"type":"Feature","properties":{"state":"Texas","county":"Travis","s2_cell":"9675080052387086336","waymo_ro_miles":85590.43015626559,"incremental_miles":27320.862,"vintage_end":"202603","exposure_phase":"deployment"},"geometry":{"type":"Polygon","coordinates":[[[-97.71994536457991,30.31162311061724],[-97.71994536457991,30.300160431076023],[-97.70908543300678,30.300801268048964],[-97.70908543300678,30.312264092015766],[-97.71994536457991,30.31162311061724]]]}},{"type":"Feature","properties":{"state":"Texas","county":"Travis","s2_cell":"9675080086746824704","waymo_ro_miles":71084.6109354598,"incremental_miles":19086.882,"vintage_end":"202603","exposure_phase":"deployment"},"geometry":{"type":"Polygon","coordinates":[[[-97.71994536457991,30.323084790431643],[-97.71994536457991,30.31162311061724],[-97.70908543300678,30.312264092015766],[-97.70908543300678,30.32372591614055],[-97.71994536457991,30.323084790431643]]]}},{"type":"Feature","properties":{"state":"Texas","county":"Travis","s2_cell":"9675080121106563072","waymo_ro_miles":84938.40642255037,"incremental_miles":28451.611,"vintage_end":"202603","exposure_phase":"deployment"},"geometry":{"type":"Polygon","coordinates":[[[-97.70908543300678,30.32372591614055],[-97.70908543300678,30.312264092015766],[-97.69822718000074,30.3129040693048],[-97.69822718000074,30.32436603750817],[-97.70908543300678,30.32372591614055]]]}},{"type":"Feature","properties":{"state":"Texas","county":"Travis","s2_cell":"9675080155466301440","waymo_ro_miles":47982.57027532596,"incremental_miles":18799.079,"vintage_end":"202603","exposure_phase":"deployment"},"geometry":{"type":"Polygon","coordinates":[[[-97.70908543300678,30.335186739267012],[-97.70908543300678,30.32372591614055],[-97.69822718000074,30.32436603750817],[-97.69822718000074,30.335827004598176],[-97.70908543300678,30.335186739267012]]]}},{"type":"Feature","properties":{"state":"Texas","county":"Travis","s2_cell":"9675080189826039808","waymo_ro_miles":24753.015436638925,"incremental_miles":13727.443,"vintage_end":"202603","exposure_phase":"deployment"},"geometry":{"type":"Polygon","coordinates":[[[-97.70908543300678,30.346646560239545],[-97.70908543300678,30.335186739267012],[-97.69822718000074,30.335827004598176],[-97.69822718000074,30.347286969419216],[-97.70908543300678,30.346646560239545]]]}},{"type":"Feature","properties":{"state":"Texas","county":"Travis","s2_cell":"9675080224185778176","waymo_ro_miles":38103.4857718346,"incremental_miles":15305.903,"vintage_end":"202603","exposure_phase":"deployment"},"geometry":{"type":"Polygon","coordinates":[[[-97.71994536457991,30.34600514625555],[-97.71994536457991,30.334545469362943],[-97.70908543300678,30.335186739267012],[-97.70908543300678,30.346646560239545],[-97.71994536457991,30.34600514625555]]]}},{"type":"Feature","properties":{"state":"Texas","county":"Travis","s2_cell":"9675080258545516544","waymo_ro_miles":41637.51436887693,"incremental_miles":15697.558,"vintage_end":"202603","exposure_phase":"deployment"},"geometry":{"type":"Polygon","coordinates":[[[-97.71994536457991,30.334545469362943],[-97.71994536457991,30.323084790431643],[-97.70908543300678,30.32372591614055],[-97.70908543300678,30.335186739267012],[-97.71994536457991,30.334545469362943]]]}},{"type":"Feature","properties":{"state":"Texas","county":"Travis","s2_cell":"9675080292905254912","waymo_ro_miles":71132.12758554638,"incremental_miles":22457.902,"vintage_end":"202603","exposure_phase":"deployment"},"geometry":{"type":"Polygon","coordinates":[[[-97.73080697363837,30.333903194517802],[-97.73080697363837,30.322442660013387],[-97.71994536457991,30.323084790431643],[-97.71994536457991,30.334545469362943],[-97.73080697363837,30.333903194517802]]]}},{"type":"Feature","properties":{"state":"Texas","county":"Travis","s2_cell":"9675080327264993280","waymo_ro_miles":22594.20658331586,"incremental_miles":7425.949,"vintage_end":"202603","exposure_phase":"deployment"},"geometry":{"type":"Polygon","coordinates":[[[-97.73080697363837,30.345362727098923],[-97.73080697363837,30.333903194517802],[-97.71994536457991,30.334545469362943],[-97.71994536457991,30.34600514625555],[-97.73080697363837,30.345362727098923]]]}},{"type":"Feature","properties":{"state":"Texas","county":"Travis","s2_cell":"9675080361624731648","waymo_ro_miles":44253.647437582804,"incremental_miles":10551.891,"vintage_end":"202603","exposure_phase":"deployment"},"geometry":{"type":"Polygon","coordinates":[[[-97.74167025909962,30.344719302401725],[-97.74167025909962,30.333259914363737],[-97.73080697363837,30.333903194517802],[-97.73080697363837,30.345362727098923],[-97.74167025909962,30.344719302401725]]]}},{"type":"Feature","properties":{"state":"Texas","county":"Travis","s2_cell":"9675080395984470016","waymo_ro_miles":60475.810828917136,"incremental_miles":16172.941,"vintage_end":"202603","exposure_phase":"deployment"},"geometry":{"type":"Polygon","coordinates":[[[-97.74167025909962,30.333259914363737],[-97.74167025909962,30.32179952451804],[-97.73080697363837,30.322442660013387],[-97.73080697363837,30.333903194517802],[-97.74167025909962,30.333259914363737]]]}},{"type":"Feature","properties":{"state":"Texas","county":"Travis","s2_cell":"9675080430344208384","waymo_ro_miles":141598.3898415514,"incremental_miles":41883.953,"vintage_end":"202603","exposure_phase":"deployment"},"geometry":{"type":"Polygon","coordinates":[[[-97.74167025909962,30.32179952451804],[-97.74167025909962,30.310338134020203],[-97.73080697363837,30.31098112474126],[-97.73080697363837,30.322442660013387],[-97.74167025909962,30.32179952451804]]]}},{"type":"Feature","properties":{"state":"Texas","county":"Travis","s2_cell":"9675080464703946752","waymo_ro_miles":63150.42709485006,"incremental_miles":17898.806,"vintage_end":"202603","exposure_phase":"deployment"},"geometry":{"type":"Polygon","coordinates":[[[-97.73080697363837,30.322442660013387],[-97.73080697363837,30.31098112474126],[-97.71994536457991,30.31162311061724],[-97.71994536457991,30.323084790431643],[-97.73080697363837,30.322442660013387]]]}},{"type":"Feature","properties":{"state":"Texas","county":"Travis","s2_cell":"9675080499063685120","waymo_ro_miles":60024.276382677126,"incremental_miles":17029.861,"vintage_end":"202603","exposure_phase":"deployment"},"geometry":{"type":"Polygon","coordinates":[[[-97.73080697363837,30.31098112474126],[-97.73080697363837,30.2995185898577],[-97.71994536457991,30.300160431076023],[-97.71994536457991,30.31162311061724],[-97.73080697363837,30.31098112474126]]]}},{"type":"Feature","properties":{"state":"Texas","county":"Travis","s2_cell":"9675080533423423488","waymo_ro_miles":183264.41444504663,"incremental_miles":53028.211,"vintage_end":"202603","exposure_phase":"deployment"},"geometry":{"type":"Polygon","coordinates":[[[-97.74167025909962,30.310338134020203],[-97.74167025909962,30.298875744026493],[-97.73080697363837,30.2995185898577],[-97.73080697363837,30.31098112474126],[-97.74167025909962,30.310338134020203]]]}},{"type":"Feature","properties":{"state":"Texas","county":"Travis","s2_cell":"9675080567783161856","waymo_ro_miles":174377.63020110864,"incremental_miles":48613.36,"vintage_end":"202603","exposure_phase":"deployment"},"geometry":{"type":"Polygon","coordinates":[[[-97.75253521988041,30.309694138086737],[-97.75253521988041,30.29823189321517],[-97.74167025909962,30.298875744026493],[-97.74167025909962,30.310338134020203],[-97.75253521988041,30.309694138086737]]]}},{"type":"Feature","properties":{"state":"Texas","county":"Travis","s2_cell":"9675080602142900224","waymo_ro_miles":32972.551070980626,"incremental_miles":9234.726,"vintage_end":"202603","exposure_phase":"deployment"},"geometry":{"type":"Polygon","coordinates":[[[-97.75253521988041,30.321155383578166],[-97.75253521988041,30.309694138086737],[-97.74167025909962,30.310338134020203],[-97.74167025909962,30.32179952451804],[-97.75253521988041,30.321155383578166]]]}},{"type":"Feature","properties":{"state":"Texas","county":"Travis","s2_cell":"9675080636502638592","waymo_ro_miles":16985.42248616389,"incremental_miles":4663.006,"vintage_end":"202603","exposure_phase":"deployment"},"geometry":{"type":"Polygon","coordinates":[[[-97.76340185489671,30.320510236826657],[-97.76340185489671,30.30904913657386],[-97.75253521988041,30.309694138086737],[-97.75253521988041,30.321155383578166],[-97.76340185489671,30.320510236826657]]]}},{"type":"Feature","properties":{"state":"Texas","county":"Travis","s2_cell":"9675080670862376960","waymo_ro_miles":27879.989853761188,"incremental_miles":7758.788,"vintage_end":"202603","exposure_phase":"deployment"},"geometry":{"type":"Polygon","coordinates":[[[-97.76340185489671,30.30904913657386],[-97.76340185489671,30.29758703705685],[-97.75253521988041,30.29823189321517],[-97.75253521988041,30.309694138086737],[-97.76340185489671,30.30904913657386]]]}},{"type":"Feature","properties":{"state":"Texas","county":"Travis","s2_cell":"9675080705222115328","waymo_ro_miles":26113.471679358987,"incremental_miles":7039.823,"vintage_end":"202603","exposure_phase":"deployment"},"geometry":{"type":"Polygon","coordinates":[[[-97.7742701630638,30.30840312911488],[-97.7742701630638,30.296941175184934],[-97.76340185489671,30.29758703705685],[-97.76340185489671,30.30904913657386],[-97.7742701630638,30.30840312911488]]]}},{"type":"Feature","properties":{"state":"Texas","county":"Travis","s2_cell":"9675080739581853696","waymo_ro_miles":7683.335168756807,"incremental_miles":2260.227,"vintage_end":"202603","exposure_phase":"deployment"},"geometry":{"type":"Polygon","coordinates":[[[-97.78514014329618,30.307756115343413],[-97.78514014329618,30.29629430723317],[-97.7742701630638,30.296941175184934],[-97.7742701630638,30.30840312911488],[-97.78514014329618,30.307756115343413]]]}},{"type":"Feature","properties":{"state":"Texas","county":"Travis","s2_cell":"9675080808301330432","waymo_ro_miles":5537.143490165699,"incremental_miles":1702.41,"vintage_end":"202603","exposure_phase":"deployment"},"geometry":{"type":"Polygon","coordinates":[[[-97.7742701630638,30.31986408389669],[-97.7742701630638,30.30840312911488],[-97.76340185489671,30.30904913657386],[-97.76340185489671,30.320510236826657],[-97.7742701630638,30.31986408389669]]]}},{"type":"Feature","properties":{"state":"Texas","county":"Travis","s2_cell":"9675080842661068800","waymo_ro_miles":3136.7908326283746,"incremental_miles":1157.422,"vintage_end":"202603","exposure_phase":"deployment"},"geometry":{"type":"Polygon","coordinates":[[[-97.7742701630638,30.33132403837413],[-97.7742701630638,30.31986408389669],[-97.76340185489671,30.320510236826657],[-97.76340185489671,30.331970336658973],[-97.7742701630638,30.33132403837413]]]}},{"type":"Feature","properties":{"state":"Texas","county":"Travis","s2_cell":"9675080980100022272","waymo_ro_miles":10586.349630628267,"incremental_miles":4501.907,"vintage_end":"202603","exposure_phase":"deployment"},"geometry":{"type":"Polygon","coordinates":[[[-97.76340185489671,30.343429434915272],[-97.76340185489671,30.331970336658973],[-97.75253521988041,30.3326156285332],[-97.75253521988041,30.344074871796284],[-97.76340185489671,30.343429434915272]]]}},{"type":"Feature","properties":{"state":"Texas","county":"Travis","s2_cell":"9675081014459760640","waymo_ro_miles":7333.650469855409,"incremental_miles":2628.573,"vintage_end":"202603","exposure_phase":"deployment"},"geometry":{"type":"Polygon","coordinates":[[[-97.76340185489671,30.331970336658973],[-97.76340185489671,30.320510236826657],[-97.75253521988041,30.321155383578166],[-97.75253521988041,30.3326156285332],[-97.76340185489671,30.331970336658973]]]}},{"type":"Feature","properties":{"state":"Texas","county":"Travis","s2_cell":"9675081048819499008","waymo_ro_miles":18178.517720173884,"incremental_miles":5528.28,"vintage_end":"202603","exposure_phase":"deployment"},"geometry":{"type":"Polygon","coordinates":[[[-97.75253521988041,30.3326156285332],[-97.75253521988041,30.321155383578166],[-97.74167025909962,30.32179952451804],[-97.74167025909962,30.333259914363737],[-97.75253521988041,30.3326156285332]]]}},{"type":"Feature","properties":{"state":"Texas","county":"Travis","s2_cell":"9675081083179237376","waymo_ro_miles":12195.697334502453,"incremental_miles":3588.003,"vintage_end":"202603","exposure_phase":"deployment"},"geometry":{"type":"Polygon","coordinates":[[[-97.75253521988041,30.344074871796284],[-97.75253521988041,30.3326156285332],[-97.74167025909962,30.333259914363737],[-97.74167025909962,30.344719302401725],[-97.75253521988041,30.344074871796284]]]}},{"type":"Feature","properties":{"state":"Texas","county":"Travis","s2_cell":"9675081117538975744","waymo_ro_miles":9391.030019806625,"incremental_miles":3002.654,"vintage_end":"202603","exposure_phase":"deployment"},"geometry":{"type":"Polygon","coordinates":[[[-97.75253521988041,30.355533112212537],[-97.75253521988041,30.344074871796284],[-97.74167025909962,30.344719302401725],[-97.74167025909962,30.356177687477114],[-97.75253521988041,30.355533112212537]]]}},{"type":"Feature","properties":{"state":"Texas","county":"Travis","s2_cell":"9675081151898714112","waymo_ro_miles":5964.016998232064,"incremental_miles":1892.297,"vintage_end":"202603","exposure_phase":"deployment"},"geometry":{"type":"Polygon","coordinates":[[[-97.75253521988041,30.366990348627787],[-97.75253521988041,30.355533112212537],[-97.74167025909962,30.356177687477114],[-97.74167025909962,30.36763506843572],[-97.75253521988041,30.366990348627787]]]}},{"type":"Feature","properties":{"state":"Texas","county":"Travis","s2_cell":"9675081186258452480","waymo_ro_miles":30.40482100782152,"incremental_miles":16.018,"vintage_end":"202603","exposure_phase":"deployment"},"geometry":{"type":"Polygon","coordinates":[[[-97.76340185489671,30.36634462208107],[-97.76340185489671,30.354887530440696],[-97.75253521988041,30.355533112212537],[-97.75253521988041,30.366990348627787],[-97.76340185489671,30.36634462208107]]]}},{"type":"Feature","properties":{"state":"Texas","county":"Travis","s2_cell":"9675081220618190848","waymo_ro_miles":3829.2456152579603,"incremental_miles":1536.141,"vintage_end":"202603","exposure_phase":"deployment"},"geometry":{"type":"Polygon","coordinates":[[[-97.76340185489671,30.354887530440696],[-97.76340185489671,30.343429434915272],[-97.75253521988041,30.344074871796284],[-97.75253521988041,30.355533112212537],[-97.76340185489671,30.354887530440696]]]}},{"type":"Feature","properties":{"state":"Texas","county":"Travis","s2_cell":"9675081598575312896","waymo_ro_miles":172.02375437858348,"incremental_miles":133.681,"vintage_end":"202603","exposure_phase":"deployment"},"geometry":{"type":"Polygon","coordinates":[[[-97.75253521988041,30.37844657988857],[-97.75253521988041,30.366990348627787],[-97.74167025909962,30.36763506843572],[-97.74167025909962,30.379091444124068],[-97.75253521988041,30.37844657988857]]]}},{"type":"Feature","properties":{"state":"Texas","county":"Travis","s2_cell":"9675081632935051264","waymo_ro_miles":2.6830266375606304,"incremental_miles":2.683,"vintage_end":"202603","exposure_phase":"deployment"},"geometry":{"type":"Polygon","coordinates":[[[-97.75253521988041,30.389901804842093],[-97.75253521988041,30.37844657988857],[-97.74167025909962,30.379091444124068],[-97.74167025909962,30.390546813389356],[-97.75253521988041,30.389901804842093]]]}},{"type":"Feature","properties":{"state":"Texas","county":"Travis","s2_cell":"9675081667294789632","waymo_ro_miles":1383.605519984342,"incremental_miles":1087.179,"vintage_end":"202603","exposure_phase":"deployment"},"geometry":{"type":"Polygon","coordinates":[[[-97.74167025909962,30.390546813389356],[-97.74167025909962,30.379091444124068],[-97.73080697363837,30.37973530175709],[-97.73080697363837,30.391190815103098],[-97.74167025909962,30.390546813389356]]]}},{"type":"Feature","properties":{"state":"Texas","county":"Travis","s2_cell":"9675081701654528000","waymo_ro_miles":28754.427038644084,"incremental_miles":8196.55,"vintage_end":"202603","exposure_phase":"deployment"},"geometry":{"type":"Polygon","coordinates":[[[-97.73080697363837,30.391190815103098],[-97.73080697363837,30.37973530175709],[-97.71994536457991,30.380378153155636],[-97.71994536457991,30.391833810351393],[-97.73080697363837,30.391190815103098]]]}},{"type":"Feature","properties":{"state":"Texas","county":"Travis","s2_cell":"9675081736014266368","waymo_ro_miles":39114.707598310706,"incremental_miles":12728.928,"vintage_end":"202603","exposure_phase":"deployment"},"geometry":{"type":"Polygon","coordinates":[[[-97.73080697363837,30.37973530175709],[-97.73080697363837,30.36827878187241],[-97.71994536457991,30.368921489305745],[-97.71994536457991,30.380378153155636],[-97.73080697363837,30.37973530175709]]]}},{"type":"Feature","properties":{"state":"Texas","county":"Travis","s2_cell":"9675081770374004736","waymo_ro_miles":7030.684076769949,"incremental_miles":3358.782,"vintage_end":"202603","exposure_phase":"deployment"},"geometry":{"type":"Polygon","coordinates":[[[-97.74167025909962,30.379091444124068],[-97.74167025909962,30.36763506843572],[-97.73080697363837,30.36827878187241],[-97.73080697363837,30.37973530175709],[-97.74167025909962,30.379091444124068]]]}},{"type":"Feature","properties":{"state":"Texas","county":"Travis","s2_cell":"9675081804733743104","waymo_ro_miles":15348.440834593848,"incremental_miles":4666.059,"vintage_end":"202603","exposure_phase":"deployment"},"geometry":{"type":"Polygon","coordinates":[[[-97.74167025909962,30.36763506843572],[-97.74167025909962,30.356177687477114],[-97.73080697363837,30.35682125660186],[-97.73080697363837,30.36827878187241],[-97.74167025909962,30.36763506843572]]]}},{"type":"Feature","properties":{"state":"Texas","county":"Travis","s2_cell":"9675081839093481472","waymo_ro_miles":43231.13476438681,"incremental_miles":10404.935,"vintage_end":"202603","exposure_phase":"deployment"},"geometry":{"type":"Polygon","coordinates":[[[-97.74167025909962,30.356177687477114],[-97.74167025909962,30.344719302401725],[-97.73080697363837,30.345362727098923],[-97.73080697363837,30.35682125660186],[-97.74167025909962,30.356177687477114]]]}},{"type":"Feature","properties":{"state":"Texas","county":"Travis","s2_cell":"9675081873453219840","waymo_ro_miles":19595.201524831504,"incremental_miles":6358.056,"vintage_end":"202603","exposure_phase":"deployment"},"geometry":{"type":"Polygon","coordinates":[[[-97.73080697363837,30.35682125660186],[-97.73080697363837,30.345362727098923],[-97.71994536457991,30.34600514625555],[-97.71994536457991,30.35746381995455],[-97.73080697363837,30.35682125660186]]]}},{"type":"Feature","properties":{"state":"Texas","county":"Travis","s2_cell":"9675081907812958208","waymo_ro_miles":32092.883344403403,"incremental_miles":8807.848,"vintage_end":"202603","exposure_phase":"deployment"},"geometry":{"type":"Polygon","coordinates":[[[-97.73080697363837,30.36827878187241],[-97.73080697363837,30.35682125660186],[-97.71994536457991,30.35746381995455],[-97.71994536457991,30.368921489305745],[-97.73080697363837,30.36827878187241]]]}},{"type":"Feature","properties":{"state":"Texas","county":"Travis","s2_cell":"9675081942172696576","waymo_ro_miles":16282.153922821826,"incremental_miles":8348.804,"vintage_end":"202603","exposure_phase":"deployment"},"geometry":{"type":"Polygon","coordinates":[[[-97.71994536457991,30.368921489305745],[-97.71994536457991,30.35746381995455],[-97.70908543300678,30.358105377903247],[-97.70908543300678,30.369563191103893],[-97.71994536457991,30.368921489305745]]]}},{"type":"Feature","properties":{"state":"Texas","county":"Travis","s2_cell":"9675081976532434944","waymo_ro_miles":25133.256343961795,"incremental_miles":11986.344,"vintage_end":"202603","exposure_phase":"deployment"},"geometry":{"type":"Polygon","coordinates":[[[-97.71994536457991,30.35746381995455],[-97.71994536457991,30.34600514625555],[-97.70908543300678,30.346646560239545],[-97.70908543300678,30.358105377903247],[-97.71994536457991,30.35746381995455]]]}},{"type":"Feature","properties":{"state":"Texas","county":"Travis","s2_cell":"9675082010892173312","waymo_ro_miles":8981.496941924148,"incremental_miles":8139.25,"vintage_end":"202603","exposure_phase":"deployment"},"geometry":{"type":"Polygon","coordinates":[[[-97.70908543300678,30.358105377903247],[-97.70908543300678,30.346646560239545],[-97.69822718000074,30.347286969419216],[-97.69822718000074,30.35874593081635],[-97.70908543300678,30.358105377903247]]]}},{"type":"Feature","properties":{"state":"Texas","county":"Travis","s2_cell":"9675082045251911680","waymo_ro_miles":4699.481582492678,"incremental_miles":4268.754,"vintage_end":"202603","exposure_phase":"deployment"},"geometry":{"type":"Polygon","coordinates":[[[-97.70908543300678,30.369563191103893],[-97.70908543300678,30.358105377903247],[-97.69822718000074,30.35874593081635],[-97.69822718000074,30.37020388763536],[-97.70908543300678,30.369563191103893]]]}},{"type":"Feature","properties":{"state":"Texas","county":"Travis","s2_cell":"9675082079611650048","waymo_ro_miles":2672.1150978722917,"incremental_miles":2368.212,"vintage_end":"202603","exposure_phase":"deployment"},"geometry":{"type":"Polygon","coordinates":[[[-97.70908543300678,30.38101999868797],[-97.70908543300678,30.369563191103893],[-97.69822718000074,30.37020388763536],[-97.69822718000074,30.381660838722727],[-97.70908543300678,30.38101999868797]]]}},{"type":"Feature","properties":{"state":"Texas","county":"Travis","s2_cell":"9675082113971388416","waymo_ro_miles":7299.067488360897,"incremental_miles":5238.535,"vintage_end":"202603","exposure_phase":"deployment"},"geometry":{"type":"Polygon","coordinates":[[[-97.71994536457991,30.380378153155636],[-97.71994536457991,30.368921489305745],[-97.70908543300678,30.369563191103893],[-97.70908543300678,30.38101999868797],[-97.71994536457991,30.380378153155636]]]}},{"type":"Feature","properties":{"state":"Texas","county":"Travis","s2_cell":"9675082148331126784","waymo_ro_miles":9822.394708297557,"incremental_miles":3665.962,"vintage_end":"202603","exposure_phase":"deployment"},"geometry":{"type":"Polygon","coordinates":[[[-97.71994536457991,30.391833810351393],[-97.71994536457991,30.380378153155636],[-97.70908543300678,30.38101999868797],[-97.70908543300678,30.39247579950266],[-97.71994536457991,30.391833810351393]]]}},{"type":"Feature","properties":{"state":"Texas","county":"Travis","s2_cell":"9675082182690865152","waymo_ro_miles":1580.1026269966178,"incremental_miles":1288.692,"vintage_end":"202603","exposure_phase":"deployment"},"geometry":{"type":"Polygon","coordinates":[[[-97.70908543300678,30.39247579950266],[-97.70908543300678,30.38101999868797],[-97.69822718000074,30.381660838722727],[-97.69822718000074,30.393116782925606],[-97.70908543300678,30.39247579950266]]]}},{"type":"Feature","properties":{"state":"Texas","county":"Travis","s2_cell":"9675082217050603520","waymo_ro_miles":2107.0029109913244,"incremental_miles":986.088,"vintage_end":"202603","exposure_phase":"deployment"},"geometry":{"type":"Polygon","coordinates":[[[-97.70908543300678,30.403930592395824],[-97.70908543300678,30.39247579950266],[-97.69822718000074,30.393116782925606],[-97.69822718000074,30.40457171909187],[-97.70908543300678,30.403930592395824]]]}},{"type":"Feature","properties":{"state":"Texas","county":"Travis","s2_cell":"9675082251410341888","waymo_ro_miles":8401.882189031276,"incremental_miles":1875.009,"vintage_end":"202603","exposure_phase":"deployment"},"geometry":{"type":"Polygon","coordinates":[[[-97.71994536457991,30.40328845974092],[-97.71994536457991,30.391833810351393],[-97.70908543300678,30.39247579950266],[-97.70908543300678,30.403930592395824],[-97.71994536457991,30.40328845974092]]]}},{"type":"Feature","properties":{"state":"Texas","county":"Travis","s2_cell":"9675082285770080256","waymo_ro_miles":1396.1339056502982,"incremental_miles":295.305,"vintage_end":"202603","exposure_phase":"deployment"},"geometry":{"type":"Polygon","coordinates":[[[-97.71994536457991,30.41474210017279],[-97.71994536457991,30.40328845974092],[-97.70908543300678,30.403930592395824],[-97.70908543300678,30.415384376216068],[-97.71994536457991,30.41474210017279]]]}},{"type":"Feature","properties":{"state":"Texas","county":"Travis","s2_cell":"9675082629367463936","waymo_ro_miles":0.062570307428107,"incremental_miles":0.063,"vintage_end":"202603","exposure_phase":"deployment"},"geometry":{"type":"Polygon","coordinates":[[[-97.74167025909962,30.413454528043108],[-97.74167025909962,30.4020011750795],[-97.73080697363837,30.402645320758314],[-97.73080697363837,30.41409881757135],[-97.74167025909962,30.413454528043108]]]}},{"type":"Feature","properties":{"state":"Texas","county":"Travis","s2_cell":"9675082663727202304","waymo_ro_miles":1072.9046683926738,"incremental_miles":165.008,"vintage_end":"202603","exposure_phase":"deployment"},"geometry":{"type":"Polygon","coordinates":[[[-97.73080697363837,30.41409881757135],[-97.73080697363837,30.402645320758314],[-97.71994536457991,30.40328845974092],[-97.71994536457991,30.41474210017279],[-97.73080697363837,30.41409881757135]]]}},{"type":"Feature","properties":{"state":"Texas","county":"Travis","s2_cell":"9675082698086940672","waymo_ro_miles":20897.43913728993,"incremental_miles":6100.737,"vintage_end":"202603","exposure_phase":"deployment"},"geometry":{"type":"Polygon","coordinates":[[[-97.73080697363837,30.402645320758314],[-97.73080697363837,30.391190815103098],[-97.71994536457991,30.391833810351393],[-97.71994536457991,30.40328845974092],[-97.73080697363837,30.402645320758314]]]}},{"type":"Feature","properties":{"state":"Texas","county":"Travis","s2_cell":"9675082732446679040","waymo_ro_miles":3132.837397619167,"incremental_miles":2950.166,"vintage_end":"202603","exposure_phase":"deployment"},"geometry":{"type":"Polygon","coordinates":[[[-97.74167025909962,30.4020011750795],[-97.74167025909962,30.390546813389356],[-97.73080697363837,30.391190815103098],[-97.73080697363837,30.402645320758314],[-97.74167025909962,30.4020011750795]]]}},{"type":"Feature","properties":{"state":"Texas","county":"Travis","s2_cell":"9675082766806417408","waymo_ro_miles":0.4103522513860476,"incremental_miles":0.41,"vintage_end":"202603","exposure_phase":"deployment"},"geometry":{"type":"Polygon","coordinates":[[[-97.75253521988041,30.401356022336284],[-97.75253521988041,30.389901804842093],[-97.74167025909962,30.390546813389356],[-97.74167025909962,30.4020011750795],[-97.75253521988041,30.401356022336284]]]}},{"type":"Feature","properties":{"state":"Texas","county":"Travis","s2_cell":"9681413926557843456","waymo_ro_miles":1651.958303185872,"incremental_miles":737.527,"vintage_end":"202603","exposure_phase":"deployment"},"geometry":{"type":"Polygon","coordinates":[[[-97.79601179450758,30.295646432835582],[-97.79601179450758,30.284183773019272],[-97.78514014329618,30.28483150124798],[-97.78514014329618,30.29629430723317],[-97.79601179450758,30.295646432835582]]]}},{"type":"Feature","properties":{"state":"Texas","county":"Travis","s2_cell":"9681413960917581824","waymo_ro_miles":5618.750662546429,"incremental_miles":658.952,"vintage_end":"202603","exposure_phase":"deployment"},"geometry":{"type":"Polygon","coordinates":[[[-97.79601179450758,30.284183773019272],[-97.79601179450758,30.272720116602052],[-97.78514014329618,30.273367698545478],[-97.78514014329618,30.28483150124798],[-97.79601179450758,30.284183773019272]]]}},{"type":"Feature","properties":{"state":"Texas","county":"Travis","s2_cell":"9681413995277320192","waymo_ro_miles":2588.4572208947993,"incremental_miles":877.459,"vintage_end":"202603","exposure_phase":"deployment"},"geometry":{"type":"Polygon","coordinates":[[[-97.80688511561101,30.283535038212122],[-97.80688511561101,30.272071528313404],[-97.79601179450758,30.272720116602052],[-97.79601179450758,30.284183773019272],[-97.80688511561101,30.283535038212122]]]}},{"type":"Feature","properties":{"state":"Texas","county":"Travis","s2_cell":"9681414029637058560","waymo_ro_miles":8522.31237105629,"incremental_miles":4483.685,"vintage_end":"202603","exposure_phase":"deployment"},"geometry":{"type":"Polygon","coordinates":[[[-97.80688511561101,30.272071528313404],[-97.80688511561101,30.260607023088667],[-97.79601179450758,30.26125546474223],[-97.79601179450758,30.272720116602052],[-97.80688511561101,30.272071528313404]]]}},{"type":"Feature","properties":{"state":"Texas","county":"Travis","s2_cell":"9681414063996796928","waymo_ro_miles":18359.033802257123,"incremental_miles":9521.961,"vintage_end":"202603","exposure_phase":"deployment"},"geometry":{"type":"Polygon","coordinates":[[[-97.79601179450758,30.272720116602052],[-97.79601179450758,30.26125546474223],[-97.78514014329618,30.26190290028395],[-97.78514014329618,30.273367698545478],[-97.79601179450758,30.272720116602052]]]}},{"type":"Feature","properties":{"state":"Texas","county":"Travis","s2_cell":"9681414098356535296","waymo_ro_miles":9281.02927640824,"incremental_miles":3588.008,"vintage_end":"202603","exposure_phase":"deployment"},"geometry":{"type":"Polygon","coordinates":[[[-97.79601179450758,30.26125546474223],[-97.79601179450758,30.249789818598806],[-97.78514014329618,30.250437107622414],[-97.78514014329618,30.26190290028395],[-97.79601179450758,30.26125546474223]]]}},{"type":"Feature","properties":{"state":"Texas","county":"Travis","s2_cell":"9681414132716273664","waymo_ro_miles":4114.755733368558,"incremental_miles":3488.458,"vintage_end":"202603","exposure_phase":"deployment"},"geometry":{"type":"Polygon","coordinates":[[[-97.80688511561101,30.260607023088667],[-97.80688511561101,30.2491415236969],[-97.79601179450758,30.249789818598806],[-97.79601179450758,30.26125546474223],[-97.80688511561101,30.260607023088667]]]}},{"type":"Feature","properties":{"state":"Texas","county":"Travis","s2_cell":"9681414167076012032","waymo_ro_miles":1890.115365864914,"incremental_miles":1682.414,"vintage_end":"202603","exposure_phase":"deployment"},"geometry":{"type":"Polygon","coordinates":[[[-97.81776010551877,30.259957574958253],[-97.81776010551877,30.24849222255182],[-97.80688511561101,30.2491415236969],[-97.80688511561101,30.260607023088667],[-97.81776010551877,30.259957574958253]]]}},{"type":"Feature","properties":{"state":"Texas","county":"Travis","s2_cell":"9681414201435750400","waymo_ro_miles":1891.3809678226867,"incremental_miles":1426.468,"vintage_end":"202603","exposure_phase":"deployment"},"geometry":{"type":"Polygon","coordinates":[[[-97.81776010551877,30.27142193331442],[-97.81776010551877,30.259957574958253],[-97.80688511561101,30.260607023088667],[-97.80688511561101,30.272071528313404],[-97.81776010551877,30.27142193331442]]]}},{"type":"Feature","properties":{"state":"Texas","county":"Travis","s2_cell":"9681414304514965504","waymo_ro_miles":655.9988261289959,"incremental_miles":530.342,"vintage_end":"202603","exposure_phase":"deployment"},"geometry":{"type":"Polygon","coordinates":[[[-97.82863676314237,30.24784191479899],[-97.82863676314237,30.236375716837962],[-97.81776010551877,30.23702587725476],[-97.81776010551877,30.24849222255182],[-97.82863676314237,30.24784191479899]]]}},{"type":"Feature","properties":{"state":"Texas","county":"Travis","s2_cell":"9681414338874703872","waymo_ro_miles":11223.921541710646,"incremental_miles":4178.079,"vintage_end":"202603","exposure_phase":"deployment"},"geometry":{"type":"Polygon","coordinates":[[[-97.82863676314237,30.236375716837962],[-97.82863676314237,30.224908527263572],[-97.81776010551877,30.225558540227436],[-97.81776010551877,30.23702587725476],[-97.82863676314237,30.236375716837962]]]}},{"type":"Feature","properties":{"state":"Texas","county":"Travis","s2_cell":"9681414373234442240","waymo_ro_miles":16994.648143338538,"incremental_miles":5921.004,"vintage_end":"202603","exposure_phase":"deployment"},"geometry":{"type":"Polygon","coordinates":[[[-97.81776010551877,30.23702587725476],[-97.81776010551877,30.225558540227436],[-97.80688511561101,30.226207547051636],[-97.80688511561101,30.237675031297773],[-97.81776010551877,30.23702587725476]]]}},{"type":"Feature","properties":{"state":"Texas","county":"Travis","s2_cell":"9681414407594180608","waymo_ro_miles":1168.4070447558931,"incremental_miles":912.14,"vintage_end":"202603","exposure_phase":"deployment"},"geometry":{"type":"Polygon","coordinates":[[[-97.81776010551877,30.24849222255182],[-97.81776010551877,30.23702587725476],[-97.80688511561101,30.237675031297773],[-97.80688511561101,30.2491415236969],[-97.81776010551877,30.24849222255182]]]}},{"type":"Feature","properties":{"state":"Texas","county":"Travis","s2_cell":"9681414441953918976","waymo_ro_miles":1688.5612444337355,"incremental_miles":1604.042,"vintage_end":"202603","exposure_phase":"deployment"},"geometry":{"type":"Polygon","coordinates":[[[-97.80688511561101,30.2491415236969],[-97.80688511561101,30.237675031297773],[-97.79601179450758,30.238323179331445],[-97.79601179450758,30.249789818598806],[-97.80688511561101,30.2491415236969]]]}},{"type":"Feature","properties":{"state":"Texas","county":"Travis","s2_cell":"9681414476313657344","waymo_ro_miles":27735.111333526984,"incremental_miles":8231.033,"vintage_end":"202603","exposure_phase":"deployment"},"geometry":{"type":"Polygon","coordinates":[[[-97.79601179450758,30.249789818598806],[-97.79601179450758,30.238323179331445],[-97.78514014329618,30.238970321720554],[-97.78514014329618,30.250437107622414],[-97.79601179450758,30.249789818598806]]]}},{"type":"Feature","properties":{"state":"Texas","county":"Travis","s2_cell":"9681414510673395712","waymo_ro_miles":77893.76609880218,"incremental_miles":28279.018,"vintage_end":"202603","exposure_phase":"deployment"},"geometry":{"type":"Polygon","coordinates":[[[-97.79601179450758,30.238323179331445],[-97.79601179450758,30.226855548100527],[-97.78514014329618,30.227502543738765],[-97.78514014329618,30.238970321720554],[-97.79601179450758,30.238323179331445]]]}},{"type":"Feature","properties":{"state":"Texas","county":"Travis","s2_cell":"9681414545033134080","waymo_ro_miles":29549.95299127312,"incremental_miles":10776.27,"vintage_end":"202603","exposure_phase":"deployment"},"geometry":{"type":"Polygon","coordinates":[[[-97.80688511561101,30.237675031297773],[-97.80688511561101,30.226207547051636],[-97.79601179450758,30.226855548100527],[-97.79601179450758,30.238323179331445],[-97.80688511561101,30.237675031297773]]]}},{"type":"Feature","properties":{"state":"Texas","county":"Travis","s2_cell":"9681414579392872448","waymo_ro_miles":32562.319812826994,"incremental_miles":10797.115,"vintage_end":"202603","exposure_phase":"deployment"},"geometry":{"type":"Polygon","coordinates":[[[-97.80688511561101,30.226207547051636],[-97.80688511561101,30.21473907211957],[-97.79601179450758,30.215386926067122],[-97.79601179450758,30.226855548100527],[-97.80688511561101,30.226207547051636]]]}},{"type":"Feature","properties":{"state":"Texas","county":"Travis","s2_cell":"9681414613752610816","waymo_ro_miles":29729.072161284006,"incremental_miles":11055.051,"vintage_end":"202603","exposure_phase":"deployment"},"geometry":{"type":"Polygon","coordinates":[[[-97.79601179450758,30.226855548100527],[-97.79601179450758,30.215386926067122],[-97.78514014329618,30.216033774838124],[-97.78514014329618,30.227502543738765],[-97.79601179450758,30.226855548100527]]]}},{"type":"Feature","properties":{"state":"Texas","county":"Travis","s2_cell":"9681414648112349184","waymo_ro_miles":34533.33023735749,"incremental_miles":12257.062,"vintage_end":"202603","exposure_phase":"deployment"},"geometry":{"type":"Polygon","coordinates":[[[-97.79601179450758,30.215386926067122],[-97.79601179450758,30.203917314392992],[-97.78514014329618,30.204564016180388],[-97.78514014329618,30.216033774838124],[-97.79601179450758,30.215386926067122]]]}},{"type":"Feature","properties":{"state":"Texas","county":"Travis","s2_cell":"9681414682472087552","waymo_ro_miles":14516.928237210348,"incremental_miles":5457.385,"vintage_end":"202603","exposure_phase":"deployment"},"geometry":{"type":"Polygon","coordinates":[[[-97.80688511561101,30.21473907211957],[-97.80688511561101,30.2032696076633],[-97.79601179450758,30.203917314392992],[-97.79601179450758,30.215386926067122],[-97.80688511561101,30.21473907211957]]]}},{"type":"Feature","properties":{"state":"Texas","county":"Travis","s2_cell":"9681414716831825920","waymo_ro_miles":40607.81147654029,"incremental_miles":13920.091,"vintage_end":"202603","exposure_phase":"deployment"},"geometry":{"type":"Polygon","coordinates":[[[-97.81776010551877,30.2140902126309],[-97.81776010551877,30.202620895626865],[-97.80688511561101,30.2032696076633],[-97.80688511561101,30.21473907211957],[-97.81776010551877,30.2140902126309]]]}},{"type":"Feature","properties":{"state":"Texas","county":"Travis","s2_cell":"9681414751191564288","waymo_ro_miles":14802.534313177091,"incremental_miles":5198.406,"vintage_end":"202603","exposure_phase":"deployment"},"geometry":{"type":"Polygon","coordinates":[[[-97.81776010551877,30.225558540227436],[-97.81776010551877,30.2140902126309],[-97.80688511561101,30.21473907211957],[-97.80688511561101,30.226207547051636],[-97.81776010551877,30.225558540227436]]]}},{"type":"Feature","properties":{"state":"Texas","county":"Travis","s2_cell":"9681414785551302656","waymo_ro_miles":8393.588812903508,"incremental_miles":2260.746,"vintage_end":"202603","exposure_phase":"deployment"},"geometry":{"type":"Polygon","coordinates":[[[-97.82863676314237,30.224908527263572],[-97.82863676314237,30.21344034723688],[-97.81776010551877,30.2140902126309],[-97.81776010551877,30.225558540227436],[-97.82863676314237,30.224908527263572]]]}},{"type":"Feature","properties":{"state":"Texas","county":"Travis","s2_cell":"9681414819911041024","waymo_ro_miles":18002.827682961317,"incremental_miles":5808.323,"vintage_end":"202603","exposure_phase":"deployment"},"geometry":{"type":"Polygon","coordinates":[[[-97.82863676314237,30.21344034723688],[-97.82863676314237,30.20197117791957],[-97.81776010551877,30.202620895626865],[-97.81776010551877,30.2140902126309],[-97.82863676314237,30.21344034723688]]]}},{"type":"Feature","properties":{"state":"Texas","county":"Travis","s2_cell":"9681414854270779392","waymo_ro_miles":19666.189490356755,"incremental_miles":6450.957,"vintage_end":"202603","exposure_phase":"deployment"},"geometry":{"type":"Polygon","coordinates":[[[-97.83951508739261,30.21278947557358],[-97.83951508739261,30.201320454177598],[-97.82863676314237,30.20197117791957],[-97.82863676314237,30.21344034723688],[-97.83951508739261,30.21278947557358]]]}},{"type":"Feature","properties":{"state":"Texas","county":"Travis","s2_cell":"9681414922990256128","waymo_ro_miles":5394.924766929062,"incremental_miles":1778.501,"vintage_end":"202603","exposure_phase":"deployment"},"geometry":{"type":"Polygon","coordinates":[[[-97.85039507717951,30.223605481461068],[-97.85039507717951,30.212137597277405],[-97.83951508739261,30.21278947557358],[-97.83951508739261,30.224257507796022],[-97.85039507717951,30.223605481461068]]]}},{"type":"Feature","properties":{"state":"Texas","county":"Travis","s2_cell":"9681414957349994496","waymo_ro_miles":17680.93199881833,"incremental_miles":5586.156,"vintage_end":"202603","exposure_phase":"deployment"},"geometry":{"type":"Polygon","coordinates":[[[-97.83951508739261,30.224257507796022],[-97.83951508739261,30.21278947557358],[-97.82863676314237,30.21344034723688],[-97.82863676314237,30.224908527263572],[-97.83951508739261,30.224257507796022]]]}},{"type":"Feature","properties":{"state":"Texas","county":"Travis","s2_cell":"9681414991709732864","waymo_ro_miles":225.65314546858266,"incremental_miles":223.424,"vintage_end":"202603","exposure_phase":"deployment"},"geometry":{"type":"Polygon","coordinates":[[[-97.83951508739261,30.235724549683226],[-97.83951508739261,30.224257507796022],[-97.82863676314237,30.224908527263572],[-97.82863676314237,30.236375716837962],[-97.83951508739261,30.235724549683226]]]}},{"type":"Feature","properties":{"state":"Texas","county":"Travis","s2_cell":"9681415300947378176","waymo_ro_miles":827.4729603557355,"incremental_miles":702.255,"vintage_end":"202603","exposure_phase":"deployment"},"geometry":{"type":"Polygon","coordinates":[[[-97.86127673141237,30.222952447895306],[-97.86127673141237,30.211484711985065],[-97.85039507717951,30.212137597277405],[-97.85039507717951,30.223605481461068],[-97.86127673141237,30.222952447895306]]]}},{"type":"Feature","properties":{"state":"Texas","county":"Travis","s2_cell":"9681415335307116544","waymo_ro_miles":6299.575648096635,"incremental_miles":1886.863,"vintage_end":"202603","exposure_phase":"deployment"},"geometry":{"type":"Polygon","coordinates":[[[-97.86127673141237,30.211484711985065],[-97.86127673141237,30.200015987135952],[-97.85039507717951,30.200668724037453],[-97.85039507717951,30.212137597277405],[-97.86127673141237,30.211484711985065]]]}},{"type":"Feature","properties":{"state":"Texas","county":"Travis","s2_cell":"9681415369666854912","waymo_ro_miles":122.45579724226883,"incremental_miles":51.662,"vintage_end":"202603","exposure_phase":"deployment"},"geometry":{"type":"Polygon","coordinates":[[[-97.87216004899976,30.210830819333587],[-97.87216004899976,30.19936224311024],[-97.86127673141237,30.200015987135952],[-97.86127673141237,30.211484711985065],[-97.87216004899976,30.210830819333587]]]}},{"type":"Feature","properties":{"state":"Texas","county":"Travis","s2_cell":"9681415404026593280","waymo_ro_miles":323.0738592415167,"incremental_miles":214.66,"vintage_end":"202603","exposure_phase":"deployment"},"geometry":{"type":"Polygon","coordinates":[[[-97.87216004899976,30.19936224311024],[-97.87216004899976,30.187892679227996],[-97.86127673141237,30.188546274510347],[-97.86127673141237,30.200015987135952],[-97.87216004899976,30.19936224311024]]]}},{"type":"Feature","properties":{"state":"Texas","county":"Travis","s2_cell":"9681415438386331648","waymo_ro_miles":5346.27992876273,"incremental_miles":2271.824,"vintage_end":"202603","exposure_phase":"deployment"},"geometry":{"type":"Polygon","coordinates":[[[-97.86127673141237,30.200015987135952],[-97.86127673141237,30.188546274510347],[-97.85039507717951,30.189198862903588],[-97.85039507717951,30.200668724037453],[-97.86127673141237,30.200015987135952]]]}},{"type":"Feature","properties":{"state":"Texas","county":"Travis","s2_cell":"9681415472746070016","waymo_ro_miles":2477.8565242029185,"incremental_miles":1634.827,"vintage_end":"202603","exposure_phase":"deployment"},"geometry":{"type":"Polygon","coordinates":[[[-97.86127673141237,30.188546274510347],[-97.86127673141237,30.17707557527132],[-97.85039507717951,30.177728015038912],[-97.85039507717951,30.189198862903588],[-97.86127673141237,30.188546274510347]]]}},{"type":"Feature","properties":{"state":"Texas","county":"Travis","s2_cell":"9681415610185023488","waymo_ro_miles":2658.0453380354816,"incremental_miles":1446.854,"vintage_end":"202603","exposure_phase":"deployment"},"geometry":{"type":"Polygon","coordinates":[[[-97.86127673141237,30.165603890582624],[-97.86127673141237,30.154131221608722],[-97.85039507717951,30.15478336377288],[-97.85039507717951,30.166256181607196],[-97.86127673141237,30.165603890582624]]]}},{"type":"Feature","properties":{"state":"Texas","county":"Travis","s2_cell":"9681415644544761856","waymo_ro_miles":2665.5243602598457,"incremental_miles":931.524,"vintage_end":"202603","exposure_phase":"deployment"},"geometry":{"type":"Polygon","coordinates":[[[-97.86127673141237,30.17707557527132],[-97.86127673141237,30.165603890582624],[-97.85039507717951,30.166256181607196],[-97.85039507717951,30.177728015038912],[-97.86127673141237,30.17707557527132]]]}},{"type":"Feature","properties":{"state":"Texas","county":"Travis","s2_cell":"9681415747623976960","waymo_ro_miles":9169.565264345838,"incremental_miles":8467.248,"vintage_end":"202603","exposure_phase":"deployment"},"geometry":{"type":"Polygon","coordinates":[[[-97.83951508739261,30.166907466575925],[-97.83951508739261,30.155434500116726],[-97.82863676314237,30.156084631002997],[-97.82863676314237,30.16755774585166],[-97.83951508739261,30.166907466575925]]]}},{"type":"Feature","properties":{"state":"Texas","county":"Travis","s2_cell":"9681415781983715328","waymo_ro_miles":8327.585997671522,"incremental_miles":5736.134,"vintage_end":"202603","exposure_phase":"deployment"},"geometry":{"type":"Polygon","coordinates":[[[-97.83951508739261,30.178379448515333],[-97.83951508739261,30.166907466575925],[-97.82863676314237,30.16755774585166],[-97.82863676314237,30.179029876063517],[-97.83951508739261,30.178379448515333]]]}},{"type":"Feature","properties":{"state":"Texas","county":"Travis","s2_cell":"9681415816343453696","waymo_ro_miles":10931.962308737633,"incremental_miles":3533.898,"vintage_end":"202603","exposure_phase":"deployment"},"geometry":{"type":"Polygon","coordinates":[[[-97.83951508739261,30.189850444770475],[-97.83951508739261,30.178379448515333],[-97.82863676314237,30.179029876063517],[-97.82863676314237,30.190501020474084],[-97.83951508739261,30.189850444770475]]]}},{"type":"Feature","properties":{"state":"Texas","county":"Travis","s2_cell":"9681415850703192064","waymo_ro_miles":10589.028005957887,"incremental_miles":5565.146,"vintage_end":"202603","exposure_phase":"deployment"},"geometry":{"type":"Polygon","coordinates":[[[-97.85039507717951,30.189198862903588],[-97.85039507717951,30.177728015038912],[-97.83951508739261,30.178379448515333],[-97.83951508739261,30.189850444770475],[-97.85039507717951,30.189198862903588]]]}},{"type":"Feature","properties":{"state":"Texas","county":"Travis","s2_cell":"9681415885062930432","waymo_ro_miles":12435.795067281373,"incremental_miles":4239.949,"vintage_end":"202603","exposure_phase":"deployment"},"geometry":{"type":"Polygon","coordinates":[[[-97.85039507717951,30.200668724037453],[-97.85039507717951,30.189198862903588],[-97.83951508739261,30.189850444770475],[-97.83951508739261,30.201320454177598],[-97.85039507717951,30.200668724037453]]]}},{"type":"Feature","properties":{"state":"Texas","county":"Travis","s2_cell":"9681415919422668800","waymo_ro_miles":18468.141828703872,"incremental_miles":6188.441,"vintage_end":"202603","exposure_phase":"deployment"},"geometry":{"type":"Polygon","coordinates":[[[-97.83951508739261,30.201320454177598],[-97.83951508739261,30.189850444770475],[-97.82863676314237,30.190501020474084],[-97.82863676314237,30.20197117791957],[-97.83951508739261,30.201320454177598]]]}},{"type":"Feature","properties":{"state":"Texas","county":"Travis","s2_cell":"9681415953782407168","waymo_ro_miles":18464.298341454945,"incremental_miles":5822.78,"vintage_end":"202603","exposure_phase":"deployment"},"geometry":{"type":"Polygon","coordinates":[[[-97.82863676314237,30.20197117791957],[-97.82863676314237,30.190501020474084],[-97.81776010551877,30.191150590377784],[-97.81776010551877,30.202620895626865],[-97.82863676314237,30.20197117791957]]]}},{"type":"Feature","properties":{"state":"Texas","county":"Travis","s2_cell":"9681415988142145536","waymo_ro_miles":15312.431602925191,"incremental_miles":6618.512,"vintage_end":"202603","exposure_phase":"deployment"},"geometry":{"type":"Polygon","coordinates":[[[-97.82863676314237,30.190501020474084],[-97.82863676314237,30.179029876063517],[-97.81776010551877,30.179679298046747],[-97.81776010551877,30.191150590377784],[-97.82863676314237,30.190501020474084]]]}},{"type":"Feature","properties":{"state":"Texas","county":"Travis","s2_cell":"9681416022501883904","waymo_ro_miles":23243.92201624443,"incremental_miles":9809.336,"vintage_end":"202603","exposure_phase":"deployment"},"geometry":{"type":"Polygon","coordinates":[[[-97.81776010551877,30.191150590377784],[-97.81776010551877,30.179679298046747],[-97.80688511561101,30.180327714828618],[-97.80688511561101,30.191799154845267],[-97.81776010551877,30.191150590377784]]]}},{"type":"Feature","properties":{"state":"Texas","county":"Travis","s2_cell":"9681416056861622272","waymo_ro_miles":28192.732178533926,"incremental_miles":12817.827,"vintage_end":"202603","exposure_phase":"deployment"},"geometry":{"type":"Polygon","coordinates":[[[-97.81776010551877,30.202620895626865],[-97.81776010551877,30.191150590377784],[-97.80688511561101,30.191799154845267],[-97.80688511561101,30.2032696076633],[-97.81776010551877,30.202620895626865]]]}},{"type":"Feature","properties":{"state":"Texas","county":"Travis","s2_cell":"9681416091221360640","waymo_ro_miles":40101.19644023526,"incremental_miles":16050.01,"vintage_end":"202603","exposure_phase":"deployment"},"geometry":{"type":"Polygon","coordinates":[[[-97.80688511561101,30.2032696076633],[-97.80688511561101,30.191799154845267],[-97.79601179450758,30.192446714240575],[-97.79601179450758,30.203917314392992],[-97.80688511561101,30.2032696076633]]]}},{"type":"Feature","properties":{"state":"Texas","county":"Travis","s2_cell":"9681416125581099008","waymo_ro_miles":68528.44364391577,"incremental_miles":27177.366,"vintage_end":"202603","exposure_phase":"deployment"},"geometry":{"type":"Polygon","coordinates":[[[-97.79601179450758,30.203917314392992],[-97.79601179450758,30.192446714240575],[-97.78514014329618,30.19309326892803],[-97.78514014329618,30.204564016180388],[-97.79601179450758,30.203917314392992]]]}},{"type":"Feature","properties":{"state":"Texas","county":"Travis","s2_cell":"9681416159940837376","waymo_ro_miles":31251.610730368415,"incremental_miles":11849.856,"vintage_end":"202603","exposure_phase":"deployment"},"geometry":{"type":"Polygon","coordinates":[[[-97.79601179450758,30.192446714240575],[-97.79601179450758,30.180975126773028],[-97.78514014329618,30.181621534244204],[-97.78514014329618,30.19309326892803],[-97.79601179450758,30.192446714240575]]]}},{"type":"Feature","properties":{"state":"Texas","county":"Travis","s2_cell":"9681416194300575744","waymo_ro_miles":11223.355829407043,"incremental_miles":3716.809,"vintage_end":"202603","exposure_phase":"deployment"},"geometry":{"type":"Polygon","coordinates":[[[-97.80688511561101,30.191799154845267],[-97.80688511561101,30.180327714828618],[-97.79601179450758,30.180975126773028],[-97.79601179450758,30.192446714240575],[-97.80688511561101,30.191799154845267]]]}},{"type":"Feature","properties":{"state":"Texas","county":"Travis","s2_cell":"9681416228660314112","waymo_ro_miles":27115.31975503301,"incremental_miles":16152.901,"vintage_end":"202603","exposure_phase":"deployment"},"geometry":{"type":"Polygon","coordinates":[[[-97.80688511561101,30.180327714828618],[-97.80688511561101,30.16885528877714],[-97.79601179450758,30.16950255315416],[-97.79601179450758,30.180975126773028],[-97.80688511561101,30.180327714828618]]]}},{"type":"Feature","properties":{"state":"Texas","county":"Travis","s2_cell":"9681416263020052480","waymo_ro_miles":17714.920061730147,"incremental_miles":8663.347,"vintage_end":"202603","exposure_phase":"deployment"},"geometry":{"type":"Polygon","coordinates":[[[-97.79601179450758,30.180975126773028],[-97.79601179450758,30.16950255315416],[-97.78514014329618,30.17014881329274],[-97.78514014329618,30.181621534244204],[-97.79601179450758,30.180975126773028]]]}},{"type":"Feature","properties":{"state":"Texas","county":"Travis","s2_cell":"9681416297379790848","waymo_ro_miles":16241.59647878603,"incremental_miles":13903.186,"vintage_end":"202603","exposure_phase":"deployment"},"geometry":{"type":"Polygon","coordinates":[[[-97.79601179450758,30.16950255315416],[-97.79601179450758,30.1580289945485],[-97.78514014329618,30.15867510723818],[-97.78514014329618,30.17014881329274],[-97.79601179450758,30.16950255315416]]]}},{"type":"Feature","properties":{"state":"Texas","county":"Travis","s2_cell":"9681416331739529216","waymo_ro_miles":6228.637759138257,"incremental_miles":5774.058,"vintage_end":"202603","exposure_phase":"deployment"},"geometry":{"type":"Polygon","coordinates":[[[-97.80688511561101,30.16885528877714],[-97.80688511561101,30.157381877855364],[-97.79601179450758,30.1580289945485],[-97.79601179450758,30.16950255315416],[-97.80688511561101,30.16885528877714]]]}},{"type":"Feature","properties":{"state":"Texas","county":"Travis","s2_cell":"9681416400459005952","waymo_ro_miles":13719.409911156601,"incremental_miles":9911.302,"vintage_end":"202603","exposure_phase":"deployment"},"geometry":{"type":"Polygon","coordinates":[[[-97.81776010551877,30.179679298046747],[-97.81776010551877,30.168207019797574],[-97.80688511561101,30.16885528877714],[-97.80688511561101,30.180327714828618],[-97.81776010551877,30.179679298046747]]]}},{"type":"Feature","properties":{"state":"Texas","county":"Travis","s2_cell":"9681416434818744320","waymo_ro_miles":24470.775972003787,"incremental_miles":17574.369,"vintage_end":"202603","exposure_phase":"deployment"},"geometry":{"type":"Polygon","coordinates":[[[-97.82863676314237,30.179029876063517],[-97.82863676314237,30.16755774585166],[-97.81776010551877,30.168207019797574],[-97.81776010551877,30.179679298046747],[-97.82863676314237,30.179029876063517]]]}},{"type":"Feature","properties":{"state":"Texas","county":"Travis","s2_cell":"9681416469178482688","waymo_ro_miles":3999.5415699879236,"incremental_miles":3999.542,"vintage_end":"202603","exposure_phase":"deployment"},"geometry":{"type":"Polygon","coordinates":[[[-97.82863676314237,30.16755774585166],[-97.82863676314237,30.156084631002997],[-97.81776010551877,30.15673375679475],[-97.81776010551877,30.168207019797574],[-97.82863676314237,30.16755774585166]]]}},{"type":"Feature","properties":{"state":"Texas","county":"Travis","s2_cell":"9681416537897959424","waymo_ro_miles":1508.87972501212,"incremental_miles":1173.68,"vintage_end":"202603","exposure_phase":"deployment"},"geometry":{"type":"Polygon","coordinates":[[[-97.82863676314237,30.144610532682712],[-97.82863676314237,30.13313545205666],[-97.81776010551877,30.133784281189616],[-97.81776010551877,30.145259510203484],[-97.82863676314237,30.144610532682712]]]}},{"type":"Feature","properties":{"state":"Texas","county":"Travis","s2_cell":"9681416572257697792","waymo_ro_miles":1544.2513200265632,"incremental_miles":1286.017,"vintage_end":"202603","exposure_phase":"deployment"},"geometry":{"type":"Polygon","coordinates":[[[-97.81776010551877,30.145259510203484],[-97.81776010551877,30.133784281189616],[-97.80688511561101,30.134432106062352],[-97.80688511561101,30.145907483228473],[-97.81776010551877,30.145259510203484]]]}},{"type":"Feature","properties":{"state":"Texas","county":"Travis","s2_cell":"9681416640977174528","waymo_ro_miles":5860.336427672163,"incremental_miles":5207.78,"vintage_end":"202603","exposure_phase":"deployment"},"geometry":{"type":"Polygon","coordinates":[[[-97.80688511561101,30.157381877855364],[-97.80688511561101,30.145907483228473],[-97.79601179450758,30.146554452121254],[-97.79601179450758,30.1580289945485],[-97.80688511561101,30.157381877855364]]]}},{"type":"Feature","properties":{"state":"Texas","county":"Travis","s2_cell":"9681416675336912896","waymo_ro_miles":3537.726235272489,"incremental_miles":3248.921,"vintage_end":"202603","exposure_phase":"deployment"},"geometry":{"type":"Polygon","coordinates":[[[-97.79601179450758,30.1580289945485],[-97.79601179450758,30.146554452121254],[-97.78514014329618,30.147200417245738],[-97.78514014329618,30.15867510723818],[-97.79601179450758,30.1580289945485]]]}},{"type":"Feature","properties":{"state":"Texas","county":"Travis","s2_cell":"9681416709696651264","waymo_ro_miles":513.2386863463927,"incremental_miles":464.85,"vintage_end":"202603","exposure_phase":"deployment"},"geometry":{"type":"Polygon","coordinates":[[[-97.79601179450758,30.146554452121254],[-97.79601179450758,30.135078927038325],[-97.78514014329618,30.135724744481323],[-97.78514014329618,30.147200417245738],[-97.79601179450758,30.146554452121254]]]}},{"type":"Feature","properties":{"state":"Texas","county":"Travis","s2_cell":"9681416744056389632","waymo_ro_miles":4752.5166793111675,"incremental_miles":4019.695,"vintage_end":"202603","exposure_phase":"deployment"},"geometry":{"type":"Polygon","coordinates":[[[-97.80688511561101,30.145907483228473],[-97.80688511561101,30.134432106062352],[-97.79601179450758,30.135078927038325],[-97.79601179450758,30.146554452121254],[-97.80688511561101,30.145907483228473]]]}},{"type":"Feature","properties":{"state":"Texas","county":"Travis","s2_cell":"9681416778416128000","waymo_ro_miles":1903.1741270534912,"incremental_miles":1725.912,"vintage_end":"202603","exposure_phase":"deployment"},"geometry":{"type":"Polygon","coordinates":[[[-97.80688511561101,30.134432106062352],[-97.80688511561101,30.122955747523573],[-97.79601179450758,30.12360242046629],[-97.79601179450758,30.135078927038325],[-97.80688511561101,30.134432106062352]]]}},{"type":"Feature","properties":{"state":"Texas","county":"Travis","s2_cell":"9681416915855081472","waymo_ro_miles":415.08998975421525,"incremental_miles":237.97,"vintage_end":"202603","exposure_phase":"deployment"},"geometry":{"type":"Polygon","coordinates":[[[-97.81776010551877,30.122308070919722],[-97.81776010551877,30.110830880561064],[-97.80688511561101,30.11147840877942],[-97.80688511561101,30.122955747523573],[-97.81776010551877,30.122308070919722]]]}},{"type":"Feature","properties":{"state":"Texas","county":"Travis","s2_cell":"9681416950214819840","waymo_ro_miles":2359.4713775528517,"incremental_miles":1966.556,"vintage_end":"202603","exposure_phase":"deployment"},"geometry":{"type":"Polygon","coordinates":[[[-97.81776010551877,30.133784281189616],[-97.81776010551877,30.122308070919722],[-97.80688511561101,30.122955747523573],[-97.80688511561101,30.134432106062352],[-97.81776010551877,30.133784281189616]]]}},{"type":"Feature","properties":{"state":"Texas","county":"Travis","s2_cell":"9681417190732988416","waymo_ro_miles":591.1248506409497,"incremental_miles":412.73,"vintage_end":"202603","exposure_phase":"deployment"},"geometry":{"type":"Polygon","coordinates":[[[-97.83951508739261,30.143960550302914],[-97.83951508739261,30.132485618300315],[-97.82863676314237,30.13313545205666],[-97.82863676314237,30.144610532682712],[-97.83951508739261,30.143960550302914]]]}},{"type":"Feature","properties":{"state":"Texas","county":"Travis","s2_cell":"9681417225092726784","waymo_ro_miles":5893.037776695957,"incremental_miles":5166.637,"vintage_end":"202603","exposure_phase":"deployment"},"geometry":{"type":"Polygon","coordinates":[[[-97.83951508739261,30.155434500116726],[-97.83951508739261,30.143960550302914],[-97.82863676314237,30.144610532682712],[-97.82863676314237,30.156084631002997],[-97.83951508739261,30.155434500116726]]]}},{"type":"Feature","properties":{"state":"Texas","county":"Travis","s2_cell":"9681417259452465152","waymo_ro_miles":2852.110655013139,"incremental_miles":2216.656,"vintage_end":"202603","exposure_phase":"deployment"},"geometry":{"type":"Polygon","coordinates":[[[-97.85039507717951,30.15478336377288],[-97.85039507717951,30.143309562701127],[-97.83951508739261,30.143960550302914],[-97.83951508739261,30.155434500116726],[-97.85039507717951,30.15478336377288]]]}},{"type":"Feature","properties":{"state":"Texas","county":"Travis","s2_cell":"9681417293812203520","waymo_ro_miles":48.00831482917967,"incremental_miles":26.605,"vintage_end":"202603","exposure_phase":"deployment"},"geometry":{"type":"Polygon","coordinates":[[[-97.85039507717951,30.143309562701127],[-97.85039507717951,30.13183477955776],[-97.83951508739261,30.132485618300315],[-97.83951508739261,30.143960550302914],[-97.85039507717951,30.143309562701127]]]}},{"type":"Feature","properties":{"state":"Texas","county":"Travis","s2_cell":"9681417328171941888","waymo_ro_miles":30.650906869223363,"incremental_miles":17.239,"vintage_end":"202603","exposure_phase":"deployment"},"geometry":{"type":"Polygon","coordinates":[[[-97.86127673141237,30.142657569514732],[-97.86127673141237,30.131182935466487],[-97.85039507717951,30.13183477955776],[-97.85039507717951,30.143309562701127],[-97.86127673141237,30.142657569514732]]]}},{"type":"Feature","properties":{"state":"Texas","county":"Travis","s2_cell":"9681417362531680256","waymo_ro_miles":1915.0109806882988,"incremental_miles":1277.963,"vintage_end":"202603","exposure_phase":"deployment"},"geometry":{"type":"Polygon","coordinates":[[[-97.86127673141237,30.154131221608722],[-97.86127673141237,30.142657569514732],[-97.85039507717951,30.143309562701127],[-97.85039507717951,30.15478336377288],[-97.86127673141237,30.154131221608722]]]}},{"type":"Feature","properties":{"state":"Texas","county":"Travis","s2_cell":"9681417396891418624","waymo_ro_miles":19.469173951125658,"incremental_miles":13.5,"vintage_end":"202603","exposure_phase":"deployment"},"geometry":{"type":"Polygon","coordinates":[[[-97.87216004899976,30.153478073261827],[-97.87216004899976,30.14200457038142],[-97.86127673141237,30.142657569514732],[-97.86127673141237,30.154131221608722],[-97.87216004899976,30.153478073261827]]]}},{"type":"Feature","properties":{"state":"Texas","county":"Travis","s2_cell":"9681418152805662720","waymo_ro_miles":30.582178531919684,"incremental_miles":6.846,"vintage_end":"202603","exposure_phase":"deployment"},"geometry":{"type":"Polygon","coordinates":[[[-97.88304502884951,30.164296288916184],[-97.88304502884951,30.152823918370107],[-97.87216004899976,30.153478073261827],[-97.87216004899976,30.164950593139697],[-97.88304502884951,30.164296288916184]]]}},{"type":"Feature","properties":{"state":"Texas","county":"Travis","s2_cell":"9681418324604354560","waymo_ro_miles":0.5298446837236843,"incremental_miles":0.53,"vintage_end":"202603","exposure_phase":"deployment"},"geometry":{"type":"Polygon","coordinates":[[[-97.88304502884951,30.198707491597784],[-97.88304502884951,30.1872380766941],[-97.87216004899976,30.187892679227996],[-97.87216004899976,30.19936224311024],[-97.88304502884951,30.198707491597784]]]}}]}