{"type":"FeatureCollection","metadata":{"dataset":"Waymo S2 operational-mileage cells","vintage_end":"202506","phase":"deployment"},"features":[{"type":"Feature","properties":{"state":"","county":"AUSTIN","s2_cell":"9675055279015723008","waymo_ro_miles":4.123421156073809,"incremental_miles":1.572,"vintage_end":"202506","exposure_phase":"deployment"},"geometry":{"type":"Polygon","coordinates":[[[-97.74167025909962,30.207140781206956],[-97.74167025909962,30.195669447897057],[-97.73080697363837,30.196310984521308],[-97.73080697363837,30.20778246376059],[-97.74167025909962,30.207140781206956]]]}},{"type":"Feature","properties":{"state":"","county":"AUSTIN","s2_cell":"9675055313375461376","waymo_ro_miles":4902.118511540491,"incremental_miles":2028.245,"vintage_end":"202506","exposure_phase":"deployment"},"geometry":{"type":"Polygon","coordinates":[[[-97.73080697363837,30.20778246376059],[-97.73080697363837,30.196310984521308],[-97.71994536457991,30.196951518630314],[-97.71994536457991,30.208423143565195],[-97.73080697363837,30.20778246376059]]]}},{"type":"Feature","properties":{"state":"","county":"AUSTIN","s2_cell":"9675055347735199744","waymo_ro_miles":1.0191441047200376,"incremental_miles":1.019,"vintage_end":"202506","exposure_phase":"deployment"},"geometry":{"type":"Polygon","coordinates":[[[-97.73080697363837,30.196310984521308],[-97.73080697363837,30.184838517271555],[-97.71994536457991,30.1854789055697],[-97.71994536457991,30.196951518630314],[-97.73080697363837,30.196310984521308]]]}},{"type":"Feature","properties":{"state":"","county":"AUSTIN","s2_cell":"9675055382094938112","waymo_ro_miles":0.04276626270502243,"incremental_miles":0.043,"vintage_end":"202506","exposure_phase":"deployment"},"geometry":{"type":"Polygon","coordinates":[[[-97.74167025909962,30.195669447897057],[-97.74167025909962,30.184197126692126],[-97.73080697363837,30.184838517271555],[-97.73080697363837,30.196310984521308],[-97.74167025909962,30.195669447897057]]]}},{"type":"Feature","properties":{"state":"","county":"AUSTIN","s2_cell":"9675055760052060160","waymo_ro_miles":66195.65686059083,"incremental_miles":27997.974,"vintage_end":"202506","exposure_phase":"deployment"},"geometry":{"type":"Polygon","coordinates":[[[-97.71994536457991,30.208423143565195],[-97.71994536457991,30.196951518630314],[-97.70908543300678,30.197591050590635],[-97.70908543300678,30.20906282098744],[-97.71994536457991,30.208423143565195]]]}},{"type":"Feature","properties":{"state":"","county":"AUSTIN","s2_cell":"9675055828771536896","waymo_ro_miles":13997.191219504706,"incremental_miles":4762.796,"vintage_end":"202506","exposure_phase":"deployment"},"geometry":{"type":"Polygon","coordinates":[[[-97.70908543300678,30.220533601980172],[-97.70908543300678,30.20906282098744],[-97.69822718000074,30.20970149639428],[-97.69822718000074,30.221172422500445],[-97.70908543300678,30.220533601980172]]]}},{"type":"Feature","properties":{"state":"","county":"AUSTIN","s2_cell":"9675055863131275264","waymo_ro_miles":67512.05219150553,"incremental_miles":35829.192,"vintage_end":"202506","exposure_phase":"deployment"},"geometry":{"type":"Polygon","coordinates":[[[-97.71994536457991,30.2198937792111],[-97.71994536457991,30.208423143565195],[-97.70908543300678,30.20906282098744],[-97.70908543300678,30.220533601980172],[-97.71994536457991,30.2198937792111]]]}},{"type":"Feature","properties":{"state":"","county":"AUSTIN","s2_cell":"9675055897491013632","waymo_ro_miles":26659.73103581594,"incremental_miles":10238.385,"vintage_end":"202506","exposure_phase":"deployment"},"geometry":{"type":"Polygon","coordinates":[[[-97.71994536457991,30.23136342440552],[-97.71994536457991,30.2198937792111],[-97.70908543300678,30.220533601980172],[-97.70908543300678,30.23200339240629],[-97.71994536457991,30.23136342440552]]]}},{"type":"Feature","properties":{"state":"","county":"AUSTIN","s2_cell":"9675055931850752000","waymo_ro_miles":38175.96990742444,"incremental_miles":13399.858,"vintage_end":"202506","exposure_phase":"deployment"},"geometry":{"type":"Polygon","coordinates":[[[-97.70908543300678,30.23200339240629],[-97.70908543300678,30.220533601980172],[-97.69822718000074,30.221172422500445],[-97.69822718000074,30.232642357925062],[-97.70908543300678,30.23200339240629]]]}},{"type":"Feature","properties":{"state":"","county":"AUSTIN","s2_cell":"9675056000570228736","waymo_ro_miles":12590.975421652589,"incremental_miles":6692.018,"vintage_end":"202506","exposure_phase":"deployment"},"geometry":{"type":"Polygon","coordinates":[[[-97.70908543300678,30.25493999691198],[-97.70908543300678,30.243472191103944],[-97.69822718000074,30.244111301506265],[-97.69822718000074,30.25557925208289],[-97.70908543300678,30.25493999691198]]]}},{"type":"Feature","properties":{"state":"","county":"AUSTIN","s2_cell":"9675056034929967104","waymo_ro_miles":18379.363357437476,"incremental_miles":9951.407,"vintage_end":"202506","exposure_phase":"deployment"},"geometry":{"type":"Polygon","coordinates":[[[-97.71994536457991,30.254299738793186],[-97.71994536457991,30.242832077986595],[-97.70908543300678,30.243472191103944],[-97.70908543300678,30.25493999691198],[-97.71994536457991,30.254299738793186]]]}},{"type":"Feature","properties":{"state":"","county":"AUSTIN","s2_cell":"9675056069289705472","waymo_ro_miles":17429.588679917404,"incremental_miles":7831.775,"vintage_end":"202506","exposure_phase":"deployment"},"geometry":{"type":"Polygon","coordinates":[[[-97.71994536457991,30.242832077986595],[-97.71994536457991,30.23136342440552],[-97.70908543300678,30.23200339240629],[-97.70908543300678,30.243472191103944],[-97.71994536457991,30.242832077986595]]]}},{"type":"Feature","properties":{"state":"","county":"AUSTIN","s2_cell":"9675056103649443840","waymo_ro_miles":78240.41215120541,"incremental_miles":38976.896,"vintage_end":"202506","exposure_phase":"deployment"},"geometry":{"type":"Polygon","coordinates":[[[-97.73080697363837,30.24219096178692],[-97.73080697363837,30.230722453555565],[-97.71994536457991,30.23136342440552],[-97.71994536457991,30.242832077986595],[-97.73080697363837,30.24219096178692]]]}},{"type":"Feature","properties":{"state":"","county":"AUSTIN","s2_cell":"9675056138009182208","waymo_ro_miles":34727.04130744533,"incremental_miles":20782.119,"vintage_end":"202506","exposure_phase":"deployment"},"geometry":{"type":"Polygon","coordinates":[[[-97.73080697363837,30.25365847735911],[-97.73080697363837,30.24219096178692],[-97.71994536457991,30.242832077986595],[-97.71994536457991,30.254299738793186],[-97.73080697363837,30.25365847735911]]]}},{"type":"Feature","properties":{"state":"","county":"AUSTIN","s2_cell":"9675056172368920576","waymo_ro_miles":157697.88632134307,"incremental_miles":97246.39,"vintage_end":"202506","exposure_phase":"deployment"},"geometry":{"type":"Polygon","coordinates":[[[-97.74167025909962,30.253016212242656],[-97.74167025909962,30.241548842137945],[-97.73080697363837,30.24219096178692],[-97.73080697363837,30.25365847735911],[-97.74167025909962,30.253016212242656]]]}},{"type":"Feature","properties":{"state":"","county":"AUSTIN","s2_cell":"9675056206728658944","waymo_ro_miles":70968.89277700156,"incremental_miles":37465.956,"vintage_end":"202506","exposure_phase":"deployment"},"geometry":{"type":"Polygon","coordinates":[[[-97.74167025909962,30.241548842137945],[-97.74167025909962,30.230080479489565],[-97.73080697363837,30.230722453555565],[-97.73080697363837,30.24219096178692],[-97.74167025909962,30.241548842137945]]]}},{"type":"Feature","properties":{"state":"","county":"AUSTIN","s2_cell":"9675056241088397312","waymo_ro_miles":28426.247913428862,"incremental_miles":13306.208,"vintage_end":"202506","exposure_phase":"deployment"},"geometry":{"type":"Polygon","coordinates":[[[-97.74167025909962,30.230080479489565],[-97.74167025909962,30.218611125458633],[-97.73080697363837,30.219252953826178],[-97.73080697363837,30.230722453555565],[-97.74167025909962,30.230080479489565]]]}},{"type":"Feature","properties":{"state":"","county":"AUSTIN","s2_cell":"9675056275448135680","waymo_ro_miles":45610.84915229204,"incremental_miles":29697.308,"vintage_end":"202506","exposure_phase":"deployment"},"geometry":{"type":"Polygon","coordinates":[[[-97.73080697363837,30.230722453555565],[-97.73080697363837,30.219252953826178],[-97.71994536457991,30.2198937792111],[-97.71994536457991,30.23136342440552],[-97.73080697363837,30.230722453555565]]]}},{"type":"Feature","properties":{"state":"","county":"AUSTIN","s2_cell":"9675056309807874048","waymo_ro_miles":17458.31861928945,"incremental_miles":7412.56,"vintage_end":"202506","exposure_phase":"deployment"},"geometry":{"type":"Polygon","coordinates":[[[-97.73080697363837,30.219252953826178],[-97.73080697363837,30.20778246376059],[-97.71994536457991,30.208423143565195],[-97.71994536457991,30.2198937792111],[-97.73080697363837,30.219252953826178]]]}},{"type":"Feature","properties":{"state":"","county":"AUSTIN","s2_cell":"9675056344167612416","waymo_ro_miles":22620.258664588207,"incremental_miles":9027.743,"vintage_end":"202506","exposure_phase":"deployment"},"geometry":{"type":"Polygon","coordinates":[[[-97.74167025909962,30.218611125458633],[-97.74167025909962,30.207140781206956],[-97.73080697363837,30.20778246376059],[-97.73080697363837,30.219252953826178],[-97.74167025909962,30.218611125458633]]]}},{"type":"Feature","properties":{"state":"","county":"AUSTIN","s2_cell":"9675056378527350784","waymo_ro_miles":5770.125493119827,"incremental_miles":2409.491,"vintage_end":"202506","exposure_phase":"deployment"},"geometry":{"type":"Polygon","coordinates":[[[-97.75253521988041,30.217968293742018],[-97.75253521988041,30.20649809553799],[-97.74167025909962,30.207140781206956],[-97.74167025909962,30.218611125458633],[-97.75253521988041,30.217968293742018]]]}},{"type":"Feature","properties":{"state":"","county":"AUSTIN","s2_cell":"9675056412887089152","waymo_ro_miles":16024.878887620847,"incremental_miles":7591.931,"vintage_end":"202506","exposure_phase":"deployment"},"geometry":{"type":"Polygon","coordinates":[[[-97.75253521988041,30.229437501840962],[-97.75253521988041,30.217968293742018],[-97.74167025909962,30.218611125458633],[-97.74167025909962,30.230080479489565],[-97.75253521988041,30.229437501840962]]]}},{"type":"Feature","properties":{"state":"","county":"AUSTIN","s2_cell":"9675056447246827520","waymo_ro_miles":18329.564390623003,"incremental_miles":8355.81,"vintage_end":"202506","exposure_phase":"deployment"},"geometry":{"type":"Polygon","coordinates":[[[-97.76340185489671,30.228793520243535],[-97.76340185489671,30.217324458310227],[-97.75253521988041,30.217968293742018],[-97.75253521988041,30.229437501840962],[-97.76340185489671,30.228793520243535]]]}},{"type":"Feature","properties":{"state":"","county":"AUSTIN","s2_cell":"9675056481606565888","waymo_ro_miles":327.2231751214951,"incremental_miles":148.492,"vintage_end":"202506","exposure_phase":"deployment"},"geometry":{"type":"Polygon","coordinates":[[[-97.76340185489671,30.217324458310227],[-97.76340185489671,30.205854406387655],[-97.75253521988041,30.20649809553799],[-97.75253521988041,30.217968293742018],[-97.76340185489671,30.217324458310227]]]}},{"type":"Feature","properties":{"state":"","county":"AUSTIN","s2_cell":"9675056584685780992","waymo_ro_miles":308.04097009719436,"incremental_miles":90.412,"vintage_end":"202506","exposure_phase":"deployment"},"geometry":{"type":"Polygon","coordinates":[[[-97.78514014329618,30.227502543738765],[-97.78514014329618,30.216033774838124],[-97.7742701630638,30.21667961879742],[-97.7742701630638,30.228148534331336],[-97.78514014329618,30.227502543738765]]]}},{"type":"Feature","properties":{"state":"","county":"AUSTIN","s2_cell":"9675056619045519360","waymo_ro_miles":8098.9560480496575,"incremental_miles":2301.117,"vintage_end":"202506","exposure_phase":"deployment"},"geometry":{"type":"Polygon","coordinates":[[[-97.7742701630638,30.228148534331336],[-97.7742701630638,30.21667961879742],[-97.76340185489671,30.217324458310227],[-97.76340185489671,30.228793520243535],[-97.7742701630638,30.228148534331336]]]}},{"type":"Feature","properties":{"state":"","county":"AUSTIN","s2_cell":"9675056653405257728","waymo_ro_miles":18129.764186496646,"incremental_miles":8425.746,"vintage_end":"202506","exposure_phase":"deployment"},"geometry":{"type":"Polygon","coordinates":[[[-97.7742701630638,30.2396164588302],[-97.7742701630638,30.228148534331336],[-97.76340185489671,30.228793520243535],[-97.76340185489671,30.24026159102579],[-97.7742701630638,30.2396164588302]]]}},{"type":"Feature","properties":{"state":"","county":"AUSTIN","s2_cell":"9675056687764996096","waymo_ro_miles":14124.327751794815,"incremental_miles":4857.447,"vintage_end":"202506","exposure_phase":"deployment"},"geometry":{"type":"Polygon","coordinates":[[[-97.78514014329618,30.238970321720554],[-97.78514014329618,30.227502543738765],[-97.7742701630638,30.228148534331336],[-97.7742701630638,30.2396164588302],[-97.78514014329618,30.238970321720554]]]}},{"type":"Feature","properties":{"state":"","county":"AUSTIN","s2_cell":"9675056722124734464","waymo_ro_miles":27784.76735196605,"incremental_miles":17104.082,"vintage_end":"202506","exposure_phase":"deployment"},"geometry":{"type":"Polygon","coordinates":[[[-97.78514014329618,30.250437107622414],[-97.78514014329618,30.238970321720554],[-97.7742701630638,30.2396164588302],[-97.7742701630638,30.251083391132934],[-97.78514014329618,30.250437107622414]]]}},{"type":"Feature","properties":{"state":"","county":"AUSTIN","s2_cell":"9675056756484472832","waymo_ro_miles":44982.818669241686,"incremental_miles":28955.416,"vintage_end":"202506","exposure_phase":"deployment"},"geometry":{"type":"Polygon","coordinates":[[[-97.7742701630638,30.251083391132934],[-97.7742701630638,30.2396164588302],[-97.76340185489671,30.24026159102579],[-97.76340185489671,30.251728669495872],[-97.7742701630638,30.251083391132934]]]}},{"type":"Feature","properties":{"state":"","county":"AUSTIN","s2_cell":"9675056790844211200","waymo_ro_miles":73094.81095583338,"incremental_miles":38089.532,"vintage_end":"202506","exposure_phase":"deployment"},"geometry":{"type":"Polygon","coordinates":[[[-97.76340185489671,30.251728669495872],[-97.76340185489671,30.24026159102579],[-97.75253521988041,30.24090571867302],[-97.75253521988041,30.25237294307706],[-97.76340185489671,30.251728669495872]]]}},{"type":"Feature","properties":{"state":"","county":"AUSTIN","s2_cell":"9675056825203949568","waymo_ro_miles":42422.17135387107,"incremental_miles":19715.813,"vintage_end":"202506","exposure_phase":"deployment"},"geometry":{"type":"Polygon","coordinates":[[[-97.76340185489671,30.24026159102579],[-97.76340185489671,30.228793520243535],[-97.75253521988041,30.229437501840962],[-97.75253521988041,30.24090571867302],[-97.76340185489671,30.24026159102579]]]}},{"type":"Feature","properties":{"state":"","county":"AUSTIN","s2_cell":"9675056859563687936","waymo_ro_miles":25657.6086504347,"incremental_miles":13435.402,"vintage_end":"202506","exposure_phase":"deployment"},"geometry":{"type":"Polygon","coordinates":[[[-97.75253521988041,30.24090571867302],[-97.75253521988041,30.229437501840962],[-97.74167025909962,30.230080479489565],[-97.74167025909962,30.241548842137945],[-97.75253521988041,30.24090571867302]]]}},{"type":"Feature","properties":{"state":"","county":"AUSTIN","s2_cell":"9675056893923426304","waymo_ro_miles":73935.8609505692,"incremental_miles":45620.592,"vintage_end":"202506","exposure_phase":"deployment"},"geometry":{"type":"Polygon","coordinates":[[[-97.75253521988041,30.25237294307706],[-97.75253521988041,30.24090571867302],[-97.74167025909962,30.241548842137945],[-97.74167025909962,30.253016212242656],[-97.75253521988041,30.25237294307706]]]}},{"type":"Feature","properties":{"state":"","county":"AUSTIN","s2_cell":"9675056928283164672","waymo_ro_miles":213977.74800968642,"incremental_miles":130840.369,"vintage_end":"202506","exposure_phase":"deployment"},"geometry":{"type":"Polygon","coordinates":[[[-97.75253521988041,30.26383917389268],[-97.75253521988041,30.25237294307706],[-97.74167025909962,30.253016212242656],[-97.74167025909962,30.264482588643258],[-97.75253521988041,30.26383917389268]]]}},{"type":"Feature","properties":{"state":"","county":"AUSTIN","s2_cell":"9675056962642903040","waymo_ro_miles":205520.02839091167,"incremental_miles":120000.831,"vintage_end":"202506","exposure_phase":"deployment"},"geometry":{"type":"Polygon","coordinates":[[[-97.75253521988041,30.275304409960153],[-97.75253521988041,30.26383917389268],[-97.74167025909962,30.264482588643258],[-97.74167025909962,30.27594797018001],[-97.75253521988041,30.275304409960153]]]}},{"type":"Feature","properties":{"state":"","county":"AUSTIN","s2_cell":"9675056997002641408","waymo_ro_miles":128287.32370621717,"incremental_miles":79855.491,"vintage_end":"202506","exposure_phase":"deployment"},"geometry":{"type":"Polygon","coordinates":[[[-97.76340185489671,30.274659844858633],[-97.76340185489671,30.263194754493398],[-97.75253521988041,30.26383917389268],[-97.75253521988041,30.275304409960153],[-97.76340185489671,30.274659844858633]]]}},{"type":"Feature","properties":{"state":"","county":"AUSTIN","s2_cell":"9675057031362379776","waymo_ro_miles":123814.00220660129,"incremental_miles":82924.567,"vintage_end":"202506","exposure_phase":"deployment"},"geometry":{"type":"Polygon","coordinates":[[[-97.76340185489671,30.263194754493398],[-97.76340185489671,30.251728669495872],[-97.75253521988041,30.25237294307706],[-97.75253521988041,30.26383917389268],[-97.76340185489671,30.263194754493398]]]}},{"type":"Feature","properties":{"state":"","county":"AUSTIN","s2_cell":"9675057065722118144","waymo_ro_miles":27100.727226724946,"incremental_miles":17495.449,"vintage_end":"202506","exposure_phase":"deployment"},"geometry":{"type":"Polygon","coordinates":[[[-97.7742701630638,30.262549330079125],[-97.7742701630638,30.251083391132934],[-97.76340185489671,30.251728669495872],[-97.76340185489671,30.263194754493398],[-97.7742701630638,30.262549330079125]]]}},{"type":"Feature","properties":{"state":"","county":"AUSTIN","s2_cell":"9675057100081856512","waymo_ro_miles":6115.3911877043065,"incremental_miles":3904.103,"vintage_end":"202506","exposure_phase":"deployment"},"geometry":{"type":"Polygon","coordinates":[[[-97.78514014329618,30.26190290028395],[-97.78514014329618,30.250437107622414],[-97.7742701630638,30.251083391132934],[-97.7742701630638,30.262549330079125],[-97.78514014329618,30.26190290028395]]]}},{"type":"Feature","properties":{"state":"","county":"AUSTIN","s2_cell":"9675057134441594880","waymo_ro_miles":4489.43178801632,"incremental_miles":1948.362,"vintage_end":"202506","exposure_phase":"deployment"},"geometry":{"type":"Polygon","coordinates":[[[-97.78514014329618,30.273367698545478],[-97.78514014329618,30.26190290028395],[-97.7742701630638,30.262549330079125],[-97.7742701630638,30.274014274509096],[-97.78514014329618,30.273367698545478]]]}},{"type":"Feature","properties":{"state":"","county":"AUSTIN","s2_cell":"9675057168801333248","waymo_ro_miles":17211.26681258081,"incremental_miles":10288.697,"vintage_end":"202506","exposure_phase":"deployment"},"geometry":{"type":"Polygon","coordinates":[[[-97.7742701630638,30.274014274509096],[-97.7742701630638,30.262549330079125],[-97.76340185489671,30.263194754493398],[-97.76340185489671,30.274659844858633],[-97.7742701630638,30.274014274509096]]]}},{"type":"Feature","properties":{"state":"","county":"AUSTIN","s2_cell":"9675057203161071616","waymo_ro_miles":18186.35828265523,"incremental_miles":10842.276,"vintage_end":"202506","exposure_phase":"deployment"},"geometry":{"type":"Polygon","coordinates":[[[-97.7742701630638,30.2854782232638],[-97.7742701630638,30.274014274509096],[-97.76340185489671,30.274659844858633],[-97.76340185489671,30.28612393943256],[-97.7742701630638,30.2854782232638]]]}},{"type":"Feature","properties":{"state":"","county":"AUSTIN","s2_cell":"9675057237520809984","waymo_ro_miles":3119.8369177813415,"incremental_miles":1748.946,"vintage_end":"202506","exposure_phase":"deployment"},"geometry":{"type":"Polygon","coordinates":[[[-97.78514014329618,30.28483150124798],[-97.78514014329618,30.273367698545478],[-97.7742701630638,30.274014274509096],[-97.7742701630638,30.2854782232638],[-97.78514014329618,30.28483150124798]]]}},{"type":"Feature","properties":{"state":"","county":"AUSTIN","s2_cell":"9675057271880548352","waymo_ro_miles":3405.376132454345,"incremental_miles":1640.783,"vintage_end":"202506","exposure_phase":"deployment"},"geometry":{"type":"Polygon","coordinates":[[[-97.78514014329618,30.29629430723317],[-97.78514014329618,30.28483150124798],[-97.7742701630638,30.2854782232638],[-97.7742701630638,30.296941175184934],[-97.78514014329618,30.29629430723317]]]}},{"type":"Feature","properties":{"state":"","county":"AUSTIN","s2_cell":"9675057306240286720","waymo_ro_miles":13152.646028362102,"incremental_miles":8657.279,"vintage_end":"202506","exposure_phase":"deployment"},"geometry":{"type":"Polygon","coordinates":[[[-97.7742701630638,30.296941175184934],[-97.7742701630638,30.2854782232638],[-97.76340185489671,30.28612393943256],[-97.76340185489671,30.29758703705685],[-97.7742701630638,30.296941175184934]]]}},{"type":"Feature","properties":{"state":"","county":"AUSTIN","s2_cell":"9675057340600025088","waymo_ro_miles":27681.409866518443,"incremental_miles":18344.625,"vintage_end":"202506","exposure_phase":"deployment"},"geometry":{"type":"Polygon","coordinates":[[[-97.76340185489671,30.29758703705685],[-97.76340185489671,30.28612393943256],[-97.75253521988041,30.286768650120425],[-97.75253521988041,30.29823189321517],[-97.76340185489671,30.29758703705685]]]}},{"type":"Feature","properties":{"state":"","county":"AUSTIN","s2_cell":"9675057374959763456","waymo_ro_miles":33068.48983653744,"incremental_miles":20679.136,"vintage_end":"202506","exposure_phase":"deployment"},"geometry":{"type":"Polygon","coordinates":[[[-97.76340185489671,30.28612393943256],[-97.76340185489671,30.274659844858633],[-97.75253521988041,30.275304409960153],[-97.75253521988041,30.286768650120425],[-97.76340185489671,30.28612393943256]]]}},{"type":"Feature","properties":{"state":"","county":"AUSTIN","s2_cell":"9675057409319501824","waymo_ro_miles":169072.23034975198,"incremental_miles":101291.644,"vintage_end":"202506","exposure_phase":"deployment"},"geometry":{"type":"Polygon","coordinates":[[[-97.75253521988041,30.286768650120425],[-97.75253521988041,30.275304409960153],[-97.74167025909962,30.27594797018001],[-97.74167025909962,30.287412355693874],[-97.75253521988041,30.286768650120425]]]}},{"type":"Feature","properties":{"state":"","county":"AUSTIN","s2_cell":"9675057443679240192","waymo_ro_miles":94308.19882950708,"incremental_miles":61024.142,"vintage_end":"202506","exposure_phase":"deployment"},"geometry":{"type":"Polygon","coordinates":[[[-97.75253521988041,30.29823189321517],[-97.75253521988041,30.286768650120425],[-97.74167025909962,30.287412355693874],[-97.74167025909962,30.298875744026493],[-97.75253521988041,30.29823189321517]]]}},{"type":"Feature","properties":{"state":"","county":"AUSTIN","s2_cell":"9675057478038978560","waymo_ro_miles":55706.563162423474,"incremental_miles":33530.309,"vintage_end":"202506","exposure_phase":"deployment"},"geometry":{"type":"Polygon","coordinates":[[[-97.74167025909962,30.298875744026493],[-97.74167025909962,30.287412355693874],[-97.73080697363837,30.288055056519696],[-97.73080697363837,30.2995185898577],[-97.74167025909962,30.298875744026493]]]}},{"type":"Feature","properties":{"state":"","county":"AUSTIN","s2_cell":"9675057512398716928","waymo_ro_miles":31550.810764635633,"incremental_miles":16644.958,"vintage_end":"202506","exposure_phase":"deployment"},"geometry":{"type":"Polygon","coordinates":[[[-97.73080697363837,30.2995185898577],[-97.73080697363837,30.288055056519696],[-97.71994536457991,30.28869675296498],[-97.71994536457991,30.300160431076023],[-97.73080697363837,30.2995185898577]]]}},{"type":"Feature","properties":{"state":"","county":"AUSTIN","s2_cell":"9675057546758455296","waymo_ro_miles":61510.67720545048,"incremental_miles":31421.084,"vintage_end":"202506","exposure_phase":"deployment"},"geometry":{"type":"Polygon","coordinates":[[[-97.73080697363837,30.288055056519696],[-97.73080697363837,30.2765905258849],[-97.71994536457991,30.277232077441795],[-97.71994536457991,30.28869675296498],[-97.73080697363837,30.288055056519696]]]}},{"type":"Feature","properties":{"state":"","county":"AUSTIN","s2_cell":"9675057581118193664","waymo_ro_miles":35327.513139380215,"incremental_miles":22828.958,"vintage_end":"202506","exposure_phase":"deployment"},"geometry":{"type":"Polygon","coordinates":[[[-97.74167025909962,30.287412355693874],[-97.74167025909962,30.27594797018001],[-97.73080697363837,30.2765905258849],[-97.73080697363837,30.288055056519696],[-97.74167025909962,30.287412355693874]]]}},{"type":"Feature","properties":{"state":"","county":"AUSTIN","s2_cell":"9675057615477932032","waymo_ro_miles":151210.7093775305,"incremental_miles":90110.827,"vintage_end":"202506","exposure_phase":"deployment"},"geometry":{"type":"Polygon","coordinates":[[[-97.74167025909962,30.27594797018001],[-97.74167025909962,30.264482588643258],[-97.73080697363837,30.26512499911168],[-97.73080697363837,30.2765905258849],[-97.74167025909962,30.27594797018001]]]}},{"type":"Feature","properties":{"state":"","county":"AUSTIN","s2_cell":"9675057649837670400","waymo_ro_miles":122891.33783364437,"incremental_miles":69277.792,"vintage_end":"202506","exposure_phase":"deployment"},"geometry":{"type":"Polygon","coordinates":[[[-97.74167025909962,30.264482588643258],[-97.74167025909962,30.253016212242656],[-97.73080697363837,30.25365847735911],[-97.73080697363837,30.26512499911168],[-97.74167025909962,30.264482588643258]]]}},{"type":"Feature","properties":{"state":"","county":"AUSTIN","s2_cell":"9675057684197408768","waymo_ro_miles":115341.4471342932,"incremental_miles":67826.643,"vintage_end":"202506","exposure_phase":"deployment"},"geometry":{"type":"Polygon","coordinates":[[[-97.73080697363837,30.26512499911168],[-97.73080697363837,30.25365847735911],[-97.71994536457991,30.254299738793186],[-97.71994536457991,30.26576640566484],[-97.73080697363837,30.26512499911168]]]}},{"type":"Feature","properties":{"state":"","county":"AUSTIN","s2_cell":"9675057718557147136","waymo_ro_miles":103206.23292572136,"incremental_miles":59409.447,"vintage_end":"202506","exposure_phase":"deployment"},"geometry":{"type":"Polygon","coordinates":[[[-97.73080697363837,30.2765905258849],[-97.73080697363837,30.26512499911168],[-97.71994536457991,30.26576640566484],[-97.71994536457991,30.277232077441795],[-97.73080697363837,30.2765905258849]]]}},{"type":"Feature","properties":{"state":"","county":"AUSTIN","s2_cell":"9675057752916885504","waymo_ro_miles":61723.17538248799,"incremental_miles":37322.89,"vintage_end":"202506","exposure_phase":"deployment"},"geometry":{"type":"Polygon","coordinates":[[[-97.71994536457991,30.277232077441795],[-97.71994536457991,30.26576640566484],[-97.70908543300678,30.266406808669927],[-97.70908543300678,30.27787262521801],[-97.71994536457991,30.277232077441795]]]}},{"type":"Feature","properties":{"state":"","county":"AUSTIN","s2_cell":"9675057787276623872","waymo_ro_miles":36104.67493504544,"incremental_miles":22222.788,"vintage_end":"202506","exposure_phase":"deployment"},"geometry":{"type":"Polygon","coordinates":[[[-97.71994536457991,30.26576640566484],[-97.71994536457991,30.254299738793186],[-97.70908543300678,30.25493999691198],[-97.70908543300678,30.266406808669927],[-97.71994536457991,30.26576640566484]]]}},{"type":"Feature","properties":{"state":"","county":"AUSTIN","s2_cell":"9675057821636362240","waymo_ro_miles":40455.60121280165,"incremental_miles":21266.558,"vintage_end":"202506","exposure_phase":"deployment"},"geometry":{"type":"Polygon","coordinates":[[[-97.70908543300678,30.266406808669927],[-97.70908543300678,30.25493999691198],[-97.69822718000074,30.25557925208289],[-97.69822718000074,30.26704620849445],[-97.70908543300678,30.266406808669927]]]}},{"type":"Feature","properties":{"state":"","county":"AUSTIN","s2_cell":"9675057855996100608","waymo_ro_miles":12931.521967844039,"incremental_miles":5850.967,"vintage_end":"202506","exposure_phase":"deployment"},"geometry":{"type":"Polygon","coordinates":[[[-97.70908543300678,30.27787262521801],[-97.70908543300678,30.266406808669927],[-97.69822718000074,30.26704620849445],[-97.69822718000074,30.27851216958116],[-97.70908543300678,30.27787262521801]]]}},{"type":"Feature","properties":{"state":"","county":"AUSTIN","s2_cell":"9675057890355838976","waymo_ro_miles":5452.218056911489,"incremental_miles":2195.241,"vintage_end":"202506","exposure_phase":"deployment"},"geometry":{"type":"Polygon","coordinates":[[[-97.70908543300678,30.289337445397152],[-97.70908543300678,30.27787262521801],[-97.69822718000074,30.27851216958116],[-97.69822718000074,30.289977134183943],[-97.70908543300678,30.289337445397152]]]}},{"type":"Feature","properties":{"state":"","county":"AUSTIN","s2_cell":"9675057924715577344","waymo_ro_miles":27858.290099824546,"incremental_miles":17000.872,"vintage_end":"202506","exposure_phase":"deployment"},"geometry":{"type":"Polygon","coordinates":[[[-97.71994536457991,30.28869675296498],[-97.71994536457991,30.277232077441795],[-97.70908543300678,30.27787262521801],[-97.70908543300678,30.289337445397152],[-97.71994536457991,30.28869675296498]]]}},{"type":"Feature","properties":{"state":"","county":"AUSTIN","s2_cell":"9675057959075315712","waymo_ro_miles":8266.618260283743,"incremental_miles":3513.735,"vintage_end":"202506","exposure_phase":"deployment"},"geometry":{"type":"Polygon","coordinates":[[[-97.71994536457991,30.300160431076023],[-97.71994536457991,30.28869675296498],[-97.70908543300678,30.289337445397152],[-97.70908543300678,30.300801268048964],[-97.71994536457991,30.300160431076023]]]}},{"type":"Feature","properties":{"state":"","county":"AUSTIN","s2_cell":"9675057993435054080","waymo_ro_miles":2127.3117181977423,"incremental_miles":396.923,"vintage_end":"202506","exposure_phase":"deployment"},"geometry":{"type":"Polygon","coordinates":[[[-97.70908543300678,30.300801268048964],[-97.70908543300678,30.289337445397152],[-97.69822718000074,30.289977134183943],[-97.69822718000074,30.301441101144384],[-97.70908543300678,30.300801268048964]]]}},{"type":"Feature","properties":{"state":"","county":"AUSTIN","s2_cell":"9675058508831129600","waymo_ro_miles":1304.684194677556,"incremental_miles":494.729,"vintage_end":"202506","exposure_phase":"deployment"},"geometry":{"type":"Polygon","coordinates":[[[-97.69822718000074,30.27851216958116],[-97.69822718000074,30.26704620849445],[-97.68737060664283,30.26768460550623],[-97.68737060664283,30.279150710899188],[-97.69822718000074,30.27851216958116]]]}},{"type":"Feature","properties":{"state":"","county":"AUSTIN","s2_cell":"9675058543190867968","waymo_ro_miles":709.6537731293373,"incremental_miles":374.787,"vintage_end":"202506","exposure_phase":"deployment"},"geometry":{"type":"Polygon","coordinates":[[[-97.69822718000074,30.26704620849445],[-97.69822718000074,30.25557925208289],[-97.68737060664283,30.25621750467362],[-97.68737060664283,30.26768460550623],[-97.69822718000074,30.26704620849445]]]}},{"type":"Feature","properties":{"state":"","county":"AUSTIN","s2_cell":"9675058577550606336","waymo_ro_miles":432.6578827439705,"incremental_miles":255.457,"vintage_end":"202506","exposure_phase":"deployment"},"geometry":{"type":"Polygon","coordinates":[[[-97.69822718000074,30.25557925208289],[-97.69822718000074,30.244111301506265],[-97.68737060664283,30.24474940956116],[-97.68737060664283,30.25621750467362],[-97.69822718000074,30.25557925208289]]]}},{"type":"Feature","properties":{"state":"","county":"AUSTIN","s2_cell":"9675058646270083072","waymo_ro_miles":197.77265926283462,"incremental_miles":15.721,"vintage_end":"202506","exposure_phase":"deployment"},"geometry":{"type":"Polygon","coordinates":[[[-97.68737060664283,30.24474940956116],[-97.68737060664283,30.233280321329328],[-97.67651571401332,30.233917282986884],[-97.67651571401332,30.245386515636532],[-97.68737060664283,30.24474940956116]]]}},{"type":"Feature","properties":{"state":"","county":"AUSTIN","s2_cell":"9675058680629821440","waymo_ro_miles":6350.210216109507,"incremental_miles":1274.351,"vintage_end":"202506","exposure_phase":"deployment"},"geometry":{"type":"Polygon","coordinates":[[[-97.69822718000074,30.244111301506265],[-97.69822718000074,30.232642357925062],[-97.68737060664283,30.233280321329328],[-97.68737060664283,30.24474940956116],[-97.69822718000074,30.244111301506265]]]}},{"type":"Feature","properties":{"state":"","county":"AUSTIN","s2_cell":"9675058714989559808","waymo_ro_miles":5864.103838047343,"incremental_miles":1544.846,"vintage_end":"202506","exposure_phase":"deployment"},"geometry":{"type":"Polygon","coordinates":[[[-97.69822718000074,30.232642357925062],[-97.69822718000074,30.221172422500445],[-97.68737060664283,30.22181024113931],[-97.68737060664283,30.233280321329328],[-97.69822718000074,30.232642357925062]]]}},{"type":"Feature","properties":{"state":"","county":"AUSTIN","s2_cell":"9675058818068774912","waymo_ro_miles":139.6984587360703,"incremental_miles":28.448,"vintage_end":"202506","exposure_phase":"deployment"},"geometry":{"type":"Polygon","coordinates":[[[-97.68737060664283,30.233280321329328],[-97.68737060664283,30.22181024113931],[-97.67651571401332,30.22244705826445],[-97.67651571401332,30.233917282986884],[-97.68737060664283,30.233280321329328]]]}},{"type":"Feature","properties":{"state":"","county":"AUSTIN","s2_cell":"9675080018027347968","waymo_ro_miles":75.68031058221011,"incremental_miles":15.011,"vintage_end":"202506","exposure_phase":"deployment"},"geometry":{"type":"Polygon","coordinates":[[[-97.70908543300678,30.312264092015766],[-97.70908543300678,30.300801268048964],[-97.69822718000074,30.301441101144384],[-97.69822718000074,30.3129040693048],[-97.70908543300678,30.312264092015766]]]}},{"type":"Feature","properties":{"state":"","county":"AUSTIN","s2_cell":"9675080052387086336","waymo_ro_miles":4148.111027510925,"incremental_miles":1237.11,"vintage_end":"202506","exposure_phase":"deployment"},"geometry":{"type":"Polygon","coordinates":[[[-97.71994536457991,30.31162311061724],[-97.71994536457991,30.300160431076023],[-97.70908543300678,30.300801268048964],[-97.70908543300678,30.312264092015766],[-97.71994536457991,30.31162311061724]]]}},{"type":"Feature","properties":{"state":"","county":"AUSTIN","s2_cell":"9675080086746824704","waymo_ro_miles":186.31026570828874,"incremental_miles":61.307,"vintage_end":"202506","exposure_phase":"deployment"},"geometry":{"type":"Polygon","coordinates":[[[-97.71994536457991,30.323084790431643],[-97.71994536457991,30.31162311061724],[-97.70908543300678,30.312264092015766],[-97.70908543300678,30.32372591614055],[-97.71994536457991,30.323084790431643]]]}},{"type":"Feature","properties":{"state":"","county":"AUSTIN","s2_cell":"9675080430344208384","waymo_ro_miles":12762.71277564914,"incremental_miles":5401.581,"vintage_end":"202506","exposure_phase":"deployment"},"geometry":{"type":"Polygon","coordinates":[[[-97.74167025909962,30.32179952451804],[-97.74167025909962,30.310338134020203],[-97.73080697363837,30.31098112474126],[-97.73080697363837,30.322442660013387],[-97.74167025909962,30.32179952451804]]]}},{"type":"Feature","properties":{"state":"","county":"AUSTIN","s2_cell":"9675080464703946752","waymo_ro_miles":1950.2363798710267,"incremental_miles":700.494,"vintage_end":"202506","exposure_phase":"deployment"},"geometry":{"type":"Polygon","coordinates":[[[-97.73080697363837,30.322442660013387],[-97.73080697363837,30.31098112474126],[-97.71994536457991,30.31162311061724],[-97.71994536457991,30.323084790431643],[-97.73080697363837,30.322442660013387]]]}},{"type":"Feature","properties":{"state":"","county":"AUSTIN","s2_cell":"9675080499063685120","waymo_ro_miles":12601.113152430356,"incremental_miles":6541.669,"vintage_end":"202506","exposure_phase":"deployment"},"geometry":{"type":"Polygon","coordinates":[[[-97.73080697363837,30.31098112474126],[-97.73080697363837,30.2995185898577],[-97.71994536457991,30.300160431076023],[-97.71994536457991,30.31162311061724],[-97.73080697363837,30.31098112474126]]]}},{"type":"Feature","properties":{"state":"","county":"AUSTIN","s2_cell":"9675080533423423488","waymo_ro_miles":41919.84796031578,"incremental_miles":20121.337,"vintage_end":"202506","exposure_phase":"deployment"},"geometry":{"type":"Polygon","coordinates":[[[-97.74167025909962,30.310338134020203],[-97.74167025909962,30.298875744026493],[-97.73080697363837,30.2995185898577],[-97.73080697363837,30.31098112474126],[-97.74167025909962,30.310338134020203]]]}},{"type":"Feature","properties":{"state":"","county":"AUSTIN","s2_cell":"9675080567783161856","waymo_ro_miles":42864.63207163377,"incremental_miles":22565.013,"vintage_end":"202506","exposure_phase":"deployment"},"geometry":{"type":"Polygon","coordinates":[[[-97.75253521988041,30.309694138086737],[-97.75253521988041,30.29823189321517],[-97.74167025909962,30.298875744026493],[-97.74167025909962,30.310338134020203],[-97.75253521988041,30.309694138086737]]]}},{"type":"Feature","properties":{"state":"","county":"AUSTIN","s2_cell":"9675080602142900224","waymo_ro_miles":4385.227011201618,"incremental_miles":2442.209,"vintage_end":"202506","exposure_phase":"deployment"},"geometry":{"type":"Polygon","coordinates":[[[-97.75253521988041,30.321155383578166],[-97.75253521988041,30.309694138086737],[-97.74167025909962,30.310338134020203],[-97.74167025909962,30.32179952451804],[-97.75253521988041,30.321155383578166]]]}},{"type":"Feature","properties":{"state":"","county":"AUSTIN","s2_cell":"9675080636502638592","waymo_ro_miles":3191.8259978370206,"incremental_miles":1832.957,"vintage_end":"202506","exposure_phase":"deployment"},"geometry":{"type":"Polygon","coordinates":[[[-97.76340185489671,30.320510236826657],[-97.76340185489671,30.30904913657386],[-97.75253521988041,30.309694138086737],[-97.75253521988041,30.321155383578166],[-97.76340185489671,30.320510236826657]]]}},{"type":"Feature","properties":{"state":"","county":"AUSTIN","s2_cell":"9675080670862376960","waymo_ro_miles":6419.251821889099,"incremental_miles":4132.474,"vintage_end":"202506","exposure_phase":"deployment"},"geometry":{"type":"Polygon","coordinates":[[[-97.76340185489671,30.30904913657386],[-97.76340185489671,30.29758703705685],[-97.75253521988041,30.29823189321517],[-97.75253521988041,30.309694138086737],[-97.76340185489671,30.30904913657386]]]}},{"type":"Feature","properties":{"state":"","county":"AUSTIN","s2_cell":"9675080705222115328","waymo_ro_miles":6067.688496384833,"incremental_miles":3490.359,"vintage_end":"202506","exposure_phase":"deployment"},"geometry":{"type":"Polygon","coordinates":[[[-97.7742701630638,30.30840312911488],[-97.7742701630638,30.296941175184934],[-97.76340185489671,30.29758703705685],[-97.76340185489671,30.30904913657386],[-97.7742701630638,30.30840312911488]]]}},{"type":"Feature","properties":{"state":"","county":"AUSTIN","s2_cell":"9675080739581853696","waymo_ro_miles":2671.5600277964254,"incremental_miles":653.724,"vintage_end":"202506","exposure_phase":"deployment"},"geometry":{"type":"Polygon","coordinates":[[[-97.78514014329618,30.307756115343413],[-97.78514014329618,30.29629430723317],[-97.7742701630638,30.296941175184934],[-97.7742701630638,30.30840312911488],[-97.78514014329618,30.307756115343413]]]}},{"type":"Feature","properties":{"state":"","county":"AUSTIN","s2_cell":"9675080808301330432","waymo_ro_miles":309.03010768695435,"incremental_miles":136.825,"vintage_end":"202506","exposure_phase":"deployment"},"geometry":{"type":"Polygon","coordinates":[[[-97.7742701630638,30.31986408389669],[-97.7742701630638,30.30840312911488],[-97.76340185489671,30.30904913657386],[-97.76340185489671,30.320510236826657],[-97.7742701630638,30.31986408389669]]]}},{"type":"Feature","properties":{"state":"","county":"AUSTIN","s2_cell":"9675081048819499008","waymo_ro_miles":17.929415319479336,"incremental_miles":6.529,"vintage_end":"202506","exposure_phase":"deployment"},"geometry":{"type":"Polygon","coordinates":[[[-97.75253521988041,30.3326156285332],[-97.75253521988041,30.321155383578166],[-97.74167025909962,30.32179952451804],[-97.74167025909962,30.333259914363737],[-97.75253521988041,30.3326156285332]]]}},{"type":"Feature","properties":{"state":"","county":"AUSTIN","s2_cell":"9681414063996796928","waymo_ro_miles":1472.7452468115177,"incremental_miles":670.63,"vintage_end":"202506","exposure_phase":"deployment"},"geometry":{"type":"Polygon","coordinates":[[[-97.79601179450758,30.272720116602052],[-97.79601179450758,30.26125546474223],[-97.78514014329618,30.26190290028395],[-97.78514014329618,30.273367698545478],[-97.79601179450758,30.272720116602052]]]}},{"type":"Feature","properties":{"state":"","county":"AUSTIN","s2_cell":"9681414098356535296","waymo_ro_miles":2529.6631876298393,"incremental_miles":1197.279,"vintage_end":"202506","exposure_phase":"deployment"},"geometry":{"type":"Polygon","coordinates":[[[-97.79601179450758,30.26125546474223],[-97.79601179450758,30.249789818598806],[-97.78514014329618,30.250437107622414],[-97.78514014329618,30.26190290028395],[-97.79601179450758,30.26125546474223]]]}},{"type":"Feature","properties":{"state":"","county":"AUSTIN","s2_cell":"9681414476313657344","waymo_ro_miles":5222.3030545055335,"incremental_miles":2480.169,"vintage_end":"202506","exposure_phase":"deployment"},"geometry":{"type":"Polygon","coordinates":[[[-97.79601179450758,30.249789818598806],[-97.79601179450758,30.238323179331445],[-97.78514014329618,30.238970321720554],[-97.78514014329618,30.250437107622414],[-97.79601179450758,30.249789818598806]]]}},{"type":"Feature","properties":{"state":"","county":"AUSTIN","s2_cell":"9681414510673395712","waymo_ro_miles":10310.001704480252,"incremental_miles":2872.752,"vintage_end":"202506","exposure_phase":"deployment"},"geometry":{"type":"Polygon","coordinates":[[[-97.79601179450758,30.238323179331445],[-97.79601179450758,30.226855548100527],[-97.78514014329618,30.227502543738765],[-97.78514014329618,30.238970321720554],[-97.79601179450758,30.238323179331445]]]}},{"type":"Feature","properties":{"state":"","county":"AUSTIN","s2_cell":"9681414545033134080","waymo_ro_miles":34.588518707804205,"incremental_miles":6.086,"vintage_end":"202506","exposure_phase":"deployment"},"geometry":{"type":"Polygon","coordinates":[[[-97.80688511561101,30.237675031297773],[-97.80688511561101,30.226207547051636],[-97.79601179450758,30.226855548100527],[-97.79601179450758,30.238323179331445],[-97.80688511561101,30.237675031297773]]]}},{"type":"Feature","properties":{"state":"","county":"LOS_ANGELES","s2_cell":"9278157729149485056","waymo_ro_miles":2.1040017546760916,"incremental_miles":2.104,"vintage_end":"202506","exposure_phase":"deployment"},"geometry":{"type":"Polygon","coordinates":[[[-118.4980744223827,34.065622501621725],[-118.4980744223827,34.055392539190215],[-118.4863962961138,34.05833343982856],[-118.4863962961138,34.068563823956744],[-118.4980744223827,34.065622501621725]]]}},{"type":"Feature","properties":{"state":"","county":"LOS_ANGELES","s2_cell":"9278157763509223424","waymo_ro_miles":9617.164421233205,"incremental_miles":4211.32,"vintage_end":"202506","exposure_phase":"deployment"},"geometry":{"type":"Polygon","coordinates":[[[-118.4980744223827,34.055392539190215],[-118.4980744223827,34.04516148074722],[-118.4863962961138,34.04810195926861],[-118.4863962961138,34.05833343982856],[-118.4980744223827,34.055392539190215]]]}},{"type":"Feature","properties":{"state":"","county":"LOS_ANGELES","s2_cell":"9278157797868961792","waymo_ro_miles":6.4063545931481976,"incremental_miles":6.372,"vintage_end":"202506","exposure_phase":"deployment"},"geometry":{"type":"Polygon","coordinates":[[[-118.50975172272118,34.05245053820491],[-118.50975172272118,34.04221990214465],[-118.4980744223827,34.04516148074722],[-118.4980744223827,34.055392539190215],[-118.50975172272118,34.05245053820491]]]}},{"type":"Feature","properties":{"state":"","county":"LOS_ANGELES","s2_cell":"9278157832228700160","waymo_ro_miles":13.612141748793603,"incremental_miles":13.612,"vintage_end":"202506","exposure_phase":"deployment"},"geometry":{"type":"Polygon","coordinates":[[[-118.52142819584975,34.04950743735933],[-118.52142819584975,34.039277223947664],[-118.50975172272118,34.04221990214465],[-118.50975172272118,34.05245053820491],[-118.52142819584975,34.04950743735933]]]}},{"type":"Feature","properties":{"state":"","county":"LOS_ANGELES","s2_cell":"9278159137898758144","waymo_ro_miles":10371.958202839638,"incremental_miles":3458.786,"vintage_end":"202506","exposure_phase":"deployment"},"geometry":{"type":"Polygon","coordinates":[[[-118.52142819584975,34.02904591611854],[-118.52142819584975,34.01881351462568],[-118.50975172272118,34.02175534626379],[-118.50975172272118,34.03198817124638],[-118.52142819584975,34.02904591611854]]]}},{"type":"Feature","properties":{"state":"","county":"LOS_ANGELES","s2_cell":"9278159172258496512","waymo_ro_miles":133.61492731856913,"incremental_miles":133.553,"vintage_end":"202506","exposure_phase":"deployment"},"geometry":{"type":"Polygon","coordinates":[[[-118.52142819584975,34.039277223947664],[-118.52142819584975,34.02904591611854],[-118.50975172272118,34.03198817124638],[-118.50975172272118,34.04221990214465],[-118.52142819584975,34.039277223947664]]]}},{"type":"Feature","properties":{"state":"","county":"LOS_ANGELES","s2_cell":"9278159206618234880","waymo_ro_miles":17931.1835078007,"incremental_miles":7812.661,"vintage_end":"202506","exposure_phase":"deployment"},"geometry":{"type":"Polygon","coordinates":[[[-118.50975172272118,34.04221990214465],[-118.50975172272118,34.03198817124638],[-118.4980744223827,34.034929327045774],[-118.4980744223827,34.04516148074722],[-118.50975172272118,34.04221990214465]]]}},{"type":"Feature","properties":{"state":"","county":"LOS_ANGELES","s2_cell":"9278159240977973248","waymo_ro_miles":12382.74635983696,"incremental_miles":6430.718,"vintage_end":"202506","exposure_phase":"deployment"},"geometry":{"type":"Polygon","coordinates":[[[-118.4980744223827,34.04516148074722],[-118.4980744223827,34.034929327045774],[-118.4863962961138,34.0378693830299],[-118.4863962961138,34.04810195926861],[-118.4980744223827,34.04516148074722]]]}},{"type":"Feature","properties":{"state":"","county":"LOS_ANGELES","s2_cell":"9278159275337711616","waymo_ro_miles":76510.00526028575,"incremental_miles":28134.433,"vintage_end":"202506","exposure_phase":"deployment"},"geometry":{"type":"Polygon","coordinates":[[[-118.4980744223827,34.034929327045774],[-118.4980744223827,34.02469607883954],[-118.4863962961138,34.027635711866054],[-118.4863962961138,34.0378693830299],[-118.4980744223827,34.034929327045774]]]}},{"type":"Feature","properties":{"state":"","county":"LOS_ANGELES","s2_cell":"9278159309697449984","waymo_ro_miles":57205.44487323003,"incremental_miles":19891.215,"vintage_end":"202506","exposure_phase":"deployment"},"geometry":{"type":"Polygon","coordinates":[[[-118.50975172272118,34.03198817124638],[-118.50975172272118,34.02175534626379],[-118.4980744223827,34.02469607883954],[-118.4980744223827,34.034929327045774],[-118.50975172272118,34.03198817124638]]]}},{"type":"Feature","properties":{"state":"","county":"LOS_ANGELES","s2_cell":"9278159344057188352","waymo_ro_miles":48295.739141391896,"incremental_miles":19578.343,"vintage_end":"202506","exposure_phase":"deployment"},"geometry":{"type":"Polygon","coordinates":[[[-118.50975172272118,34.02175534626379],[-118.50975172272118,34.01152142795113],[-118.4980744223827,34.01446173688272],[-118.4980744223827,34.02469607883954],[-118.50975172272118,34.02175534626379]]]}},{"type":"Feature","properties":{"state":"","county":"LOS_ANGELES","s2_cell":"9278159378416926720","waymo_ro_miles":177290.75161909702,"incremental_miles":75250.864,"vintage_end":"202506","exposure_phase":"deployment"},"geometry":{"type":"Polygon","coordinates":[[[-118.4980744223827,34.02469607883954],[-118.4980744223827,34.01446173688272],[-118.4863962961138,34.017400946531254],[-118.4863962961138,34.027635711866054],[-118.4980744223827,34.02469607883954]]]}},{"type":"Feature","properties":{"state":"","county":"LOS_ANGELES","s2_cell":"9278159412776665088","waymo_ro_miles":107747.62193587342,"incremental_miles":46559.829,"vintage_end":"202506","exposure_phase":"deployment"},"geometry":{"type":"Polygon","coordinates":[[[-118.4980744223827,34.01446173688272],[-118.4980744223827,34.004226301930125],[-118.4863962961138,34.00716508778025],[-118.4863962961138,34.017400946531254],[-118.4980744223827,34.01446173688272]]]}},{"type":"Feature","properties":{"state":"","county":"LOS_ANGELES","s2_cell":"9278159790733787136","waymo_ro_miles":15235.87411781196,"incremental_miles":6522.585,"vintage_end":"202506","exposure_phase":"deployment"},"geometry":{"type":"Polygon","coordinates":[[[-118.4980744223827,34.004226301930125],[-118.4980744223827,33.9939897747371],[-118.4863962961138,33.99692813636837],[-118.4863962961138,34.00716508778025],[-118.4980744223827,34.004226301930125]]]}},{"type":"Feature","properties":{"state":"","county":"LOS_ANGELES","s2_cell":"9278172091520122880","waymo_ro_miles":321.6148019898499,"incremental_miles":321.615,"vintage_end":"202506","exposure_phase":"deployment"},"geometry":{"type":"Polygon","coordinates":[[[-118.45135697452811,33.95452912919473],[-118.4513569745281,33.944284359087185],[-118.4396755573443,33.94721577311227],[-118.4396755573443,33.95746096889399],[-118.45135697452811,33.95452912919473]]]}},{"type":"Feature","properties":{"state":"","county":"LOS_ANGELES","s2_cell":"9278172125879861248","waymo_ro_miles":962.8476322722338,"incremental_miles":962.848,"vintage_end":"202506","exposure_phase":"deployment"},"geometry":{"type":"Polygon","coordinates":[[[-118.45135697452811,33.964772809924185],[-118.45135697452811,33.95452912919473],[-118.4396755573443,33.95746096889399],[-118.4396755573443,33.967705074877465],[-118.45135697452811,33.964772809924185]]]}},{"type":"Feature","properties":{"state":"","county":"LOS_ANGELES","s2_cell":"9278172194599337984","waymo_ro_miles":10551.659108365402,"incremental_miles":5243.989,"vintage_end":"202506","exposure_phase":"deployment"},"geometry":{"type":"Polygon","coordinates":[[[-118.46303757090548,33.97208161083505],[-118.46303757090548,33.96183944534293],[-118.45135697452811,33.964772809924185],[-118.45135697452811,33.97501540051689],[-118.46303757090548,33.97208161083505]]]}},{"type":"Feature","properties":{"state":"","county":"LOS_ANGELES","s2_cell":"9278172228959076352","waymo_ro_miles":3090.7115264403064,"incremental_miles":1475.419,"vintage_end":"202506","exposure_phase":"deployment"},"geometry":{"type":"Polygon","coordinates":[[[-118.45135697452811,33.97501540051689],[-118.45135697452811,33.964772809924185],[-118.4396755573443,33.967705074877465],[-118.4396755573443,33.97794809030404],[-118.45135697452811,33.97501540051689]]]}},{"type":"Feature","properties":{"state":"","county":"LOS_ANGELES","s2_cell":"9278172263318814720","waymo_ro_miles":55595.087218432476,"incremental_miles":31817.749,"vintage_end":"202506","exposure_phase":"deployment"},"geometry":{"type":"Polygon","coordinates":[[[-118.4396755573443,33.97794809030404],[-118.4396755573443,33.967705074877465],[-118.42799332063665,33.9706362397177],[-118.42799332063665,33.98087967971151],[-118.4396755573443,33.97794809030404]]]}},{"type":"Feature","properties":{"state":"","county":"LOS_ANGELES","s2_cell":"9278172297678553088","waymo_ro_miles":7698.819913668473,"incremental_miles":4619.887,"vintage_end":"202506","exposure_phase":"deployment"},"geometry":{"type":"Polygon","coordinates":[[[-118.4396755573443,33.967705074877465],[-118.4396755573443,33.95746096889399],[-118.42799332063665,33.960391708747],[-118.42799332063665,33.9706362397177],[-118.4396755573443,33.967705074877465]]]}},{"type":"Feature","properties":{"state":"","county":"LOS_ANGELES","s2_cell":"9278172332038291456","waymo_ro_miles":36977.23718771095,"incremental_miles":21685.028,"vintage_end":"202506","exposure_phase":"deployment"},"geometry":{"type":"Polygon","coordinates":[[[-118.42799332063665,33.9706362397177],[-118.42799332063665,33.960391708747],[-118.41631026568835,33.963321348269105],[-118.41631026568835,33.9735663039603],[-118.42799332063665,33.9706362397177]]]}},{"type":"Feature","properties":{"state":"","county":"LOS_ANGELES","s2_cell":"9278172366398029824","waymo_ro_miles":31784.58378649614,"incremental_miles":15836.006,"vintage_end":"202506","exposure_phase":"deployment"},"geometry":{"type":"Polygon","coordinates":[[[-118.42799332063665,33.98087967971151],[-118.42799332063665,33.9706362397177],[-118.41631026568835,33.9735663039603],[-118.41631026568835,33.9838101682547],[-118.42799332063665,33.98087967971151]]]}},{"type":"Feature","properties":{"state":"","county":"LOS_ANGELES","s2_cell":"9278172400757768192","waymo_ro_miles":71879.42926857692,"incremental_miles":35661.062,"vintage_end":"202506","exposure_phase":"deployment"},"geometry":{"type":"Polygon","coordinates":[[[-118.41631026568835,33.9838101682547],[-118.41631026568835,33.9735663039603],[-118.40462639378326,33.97649526712107],[-118.40462639378326,33.9867395554495],[-118.41631026568835,33.9838101682547]]]}},{"type":"Feature","properties":{"state":"","county":"LOS_ANGELES","s2_cell":"9278172435117506560","waymo_ro_miles":138879.05155839314,"incremental_miles":68756.325,"vintage_end":"202506","exposure_phase":"deployment"},"geometry":{"type":"Polygon","coordinates":[[[-118.40462639378326,33.9867395554495],[-118.40462639378326,33.97649526712107],[-118.39294170620582,33.97942312871625],[-118.39294170620582,33.9896678408122],[-118.40462639378326,33.9867395554495]]]}},{"type":"Feature","properties":{"state":"","county":"LOS_ANGELES","s2_cell":"9278172469477244928","waymo_ro_miles":38213.65148618963,"incremental_miles":21001.358,"vintage_end":"202506","exposure_phase":"deployment"},"geometry":{"type":"Polygon","coordinates":[[[-118.40462639378326,33.97649526712107],[-118.40462639378326,33.96624988697607],[-118.39294170620582,33.9691773243841],[-118.39294170620582,33.97942312871625],[-118.40462639378326,33.97649526712107]]]}},{"type":"Feature","properties":{"state":"","county":"LOS_ANGELES","s2_cell":"9278172538196721664","waymo_ro_miles":32633.21965174898,"incremental_miles":18245.034,"vintage_end":"202506","exposure_phase":"deployment"},"geometry":{"type":"Polygon","coordinates":[[[-118.41631026568835,33.963321348269105],[-118.41631026568835,33.9530753019397],[-118.40462639378326,33.95600341577306],[-118.40462639378326,33.96624988697607],[-118.41631026568835,33.963321348269105]]]}},{"type":"Feature","properties":{"state":"","county":"LOS_ANGELES","s2_cell":"9278172572556460032","waymo_ro_miles":58244.80770514234,"incremental_miles":31553.189,"vintage_end":"202506","exposure_phase":"deployment"},"geometry":{"type":"Polygon","coordinates":[[[-118.40462639378326,33.96624988697607],[-118.40462639378326,33.95600341577306],[-118.39294170620582,33.95893042857426],[-118.39294170620582,33.9691773243841],[-118.40462639378326,33.96624988697607]]]}},{"type":"Feature","properties":{"state":"","county":"LOS_ANGELES","s2_cell":"9278172606916198400","waymo_ro_miles":4526.988011608351,"incremental_miles":3412.521,"vintage_end":"202506","exposure_phase":"deployment"},"geometry":{"type":"Polygon","coordinates":[[[-118.40462639378326,33.95600341577306],[-118.40462639378326,33.94575585427115],[-118.39294170620582,33.948682442045815],[-118.39294170620582,33.95893042857426],[-118.40462639378326,33.95600341577306]]]}},{"type":"Feature","properties":{"state":"","county":"LOS_ANGELES","s2_cell":"9278172709995413504","waymo_ro_miles":15684.149339890988,"incremental_miles":9049.428,"vintage_end":"202506","exposure_phase":"deployment"},"geometry":{"type":"Polygon","coordinates":[[[-118.42799332063665,33.960391708747],[-118.42799332063665,33.950146087558],[-118.41631026568835,33.9530753019397],[-118.41631026568835,33.963321348269105],[-118.42799332063665,33.960391708747]]]}},{"type":"Feature","properties":{"state":"","county":"LOS_ANGELES","s2_cell":"9278172744355151872","waymo_ro_miles":391.5197452021394,"incremental_miles":391.52,"vintage_end":"202506","exposure_phase":"deployment"},"geometry":{"type":"Polygon","coordinates":[[[-118.4396755573443,33.95746096889399],[-118.4396755573443,33.94721577311227],[-118.42799332063665,33.950146087558],[-118.42799332063665,33.960391708747],[-118.4396755573443,33.95746096889399]]]}},{"type":"Feature","properties":{"state":"","county":"LOS_ANGELES","s2_cell":"9278178379352244224","waymo_ro_miles":0.059242363687661136,"incremental_miles":0.059,"vintage_end":"202506","exposure_phase":"deployment"},"geometry":{"type":"Polygon","coordinates":[[[-118.32281652363083,33.94571448674347],[-118.32281652363083,33.93546068051404],[-118.31112616236453,33.93837827742664],[-118.31112616236453,33.94863250807241],[-118.32281652363083,33.94571448674347]]]}},{"type":"Feature","properties":{"state":"","county":"LOS_ANGELES","s2_cell":"9278178551150936064","waymo_ro_miles":0.2622855604415333,"incremental_miles":0.262,"vintage_end":"202506","exposure_phase":"deployment"},"geometry":{"type":"Polygon","coordinates":[[[-118.32281652363086,33.95596720201868],[-118.32281652363083,33.94571448674347],[-118.31112616236453,33.94863250807241],[-118.31112616236453,33.958885647345],[-118.32281652363086,33.95596720201868]]]}},{"type":"Feature","properties":{"state":"","county":"LOS_ANGELES","s2_cell":"9278178585510674432","waymo_ro_miles":6965.383730713861,"incremental_miles":5282.21,"vintage_end":"202506","exposure_phase":"deployment"},"geometry":{"type":"Polygon","coordinates":[[[-118.33450607823356,33.95304765281854],[-118.33450607823356,33.94279536180754],[-118.32281652363083,33.94571448674347],[-118.32281652363086,33.95596720201868],[-118.33450607823356,33.95304765281854]]]}},{"type":"Feature","properties":{"state":"","county":"LOS_ANGELES","s2_cell":"9278178619870412800","waymo_ro_miles":5116.173688152098,"incremental_miles":3717.31,"vintage_end":"202506","exposure_phase":"deployment"},"geometry":{"type":"Polygon","coordinates":[[[-118.33450607823356,33.96329885253376],[-118.33450607823356,33.95304765281854],[-118.32281652363086,33.95596720201868],[-118.32281652363086,33.966218825579055],[-118.33450607823356,33.96329885253376]]]}},{"type":"Feature","properties":{"state":"","county":"LOS_ANGELES","s2_cell":"9278178654230151168","waymo_ro_miles":8032.5742565106575,"incremental_miles":5670.059,"vintage_end":"202506","exposure_phase":"deployment"},"geometry":{"type":"Polygon","coordinates":[[[-118.34619482488387,33.96037777582885],[-118.34619482488387,33.950127000225535],[-118.33450607823356,33.95304765281854],[-118.33450607823356,33.96329885253376],[-118.34619482488387,33.96037777582885]]]}},{"type":"Feature","properties":{"state":"","county":"LOS_ANGELES","s2_cell":"9278178688589889536","waymo_ro_miles":11002.099623835215,"incremental_miles":7906.51,"vintage_end":"202506","exposure_phase":"deployment"},"geometry":{"type":"Polygon","coordinates":[[[-118.34619482488387,33.950127000225535],[-118.34619482488387,33.939875133745595],[-118.33450607823356,33.94279536180754],[-118.33450607823356,33.95304765281854],[-118.34619482488387,33.950127000225535]]]}},{"type":"Feature","properties":{"state":"","county":"LOS_ANGELES","s2_cell":"9278178722949627904","waymo_ro_miles":1.068117577800317,"incremental_miles":0.789,"vintage_end":"202506","exposure_phase":"deployment"},"geometry":{"type":"Polygon","coordinates":[[[-118.34619482488387,33.939875133745595],[-118.34619482488387,33.9296221771497],[-118.33450607823356,33.93254198026139],[-118.33450607823356,33.94279536180754],[-118.34619482488387,33.939875133745595]]]}},{"type":"Feature","properties":{"state":"","county":"LOS_ANGELES","s2_cell":"9278178757309366272","waymo_ro_miles":3.834899319306771,"incremental_miles":1.168,"vintage_end":"202506","exposure_phase":"deployment"},"geometry":{"type":"Polygon","coordinates":[[[-118.33450607823356,33.94279536180754],[-118.33450607823356,33.93254198026139],[-118.32281652363083,33.93546068051404],[-118.32281652363083,33.94571448674347],[-118.33450607823356,33.94279536180754]]]}},{"type":"Feature","properties":{"state":"","county":"LOS_ANGELES","s2_cell":"9278179238345703424","waymo_ro_miles":3174.5745680957752,"incremental_miles":1182.913,"vintage_end":"202506","exposure_phase":"deployment"},"geometry":{"type":"Polygon","coordinates":[[[-118.38125620424114,33.95160792857174],[-118.38125620424114,33.941358426905005],[-118.36956988917491,33.94428238678677],[-118.36956988917491,33.95453231336588],[-118.38125620424114,33.95160792857174]]]}},{"type":"Feature","properties":{"state":"","county":"LOS_ANGELES","s2_cell":"9278179272705441792","waymo_ro_miles":124750.8361956314,"incremental_miles":58341.498,"vintage_end":"202506","exposure_phase":"deployment"},"geometry":{"type":"Polygon","coordinates":[[[-118.36956988917491,33.95453231336588],[-118.36956988917491,33.94428238678677],[-118.3578827622935,33.94720524472101],[-118.3578827622935,33.957455595945646],[-118.36956988917491,33.95453231336588]]]}},{"type":"Feature","properties":{"state":"","county":"LOS_ANGELES","s2_cell":"9278179307065180160","waymo_ro_miles":29810.93784819345,"incremental_miles":10888.612,"vintage_end":"202506","exposure_phase":"deployment"},"geometry":{"type":"Polygon","coordinates":[[[-118.36956988917491,33.94428238678677],[-118.36956988917491,33.93403137016971],[-118.3578827622935,33.93695380303904],[-118.3578827622935,33.94720524472101],[-118.36956988917491,33.94428238678677]]]}},{"type":"Feature","properties":{"state":"","county":"LOS_ANGELES","s2_cell":"9278179341424918528","waymo_ro_miles":50881.00199999655,"incremental_miles":30317.542,"vintage_end":"202506","exposure_phase":"deployment"},"geometry":{"type":"Polygon","coordinates":[[[-118.3578827622935,33.94720524472101],[-118.3578827622935,33.93695380303904],[-118.34619482488387,33.939875133745595],[-118.34619482488387,33.950127000225535],[-118.3578827622935,33.94720524472101]]]}},{"type":"Feature","properties":{"state":"","county":"LOS_ANGELES","s2_cell":"9278179375784656896","waymo_ro_miles":20470.27340651953,"incremental_miles":13420.947,"vintage_end":"202506","exposure_phase":"deployment"},"geometry":{"type":"Polygon","coordinates":[[[-118.3578827622935,33.957455595945646],[-118.3578827622935,33.94720524472101],[-118.34619482488387,33.950127000225535],[-118.34619482488387,33.96037777582885],[-118.3578827622935,33.957455595945646]]]}},{"type":"Feature","properties":{"state":"","county":"LOS_ANGELES","s2_cell":"9278179410144395264","waymo_ro_miles":14110.147972504048,"incremental_miles":10585.896,"vintage_end":"202506","exposure_phase":"deployment"},"geometry":{"type":"Polygon","coordinates":[[[-118.3578827622935,33.96770485595282],[-118.3578827622935,33.957455595945646],[-118.34619482488387,33.96037777582885],[-118.34619482488387,33.97062745979546],[-118.3578827622935,33.96770485595282]]]}},{"type":"Feature","properties":{"state":"","county":"LOS_ANGELES","s2_cell":"9278179444504133632","waymo_ro_miles":5459.591456397767,"incremental_miles":5459.591,"vintage_end":"202506","exposure_phase":"deployment"},"geometry":{"type":"Polygon","coordinates":[[[-118.3578827622935,33.977953023982984],[-118.3578827622935,33.96770485595282],[-118.34619482488387,33.97062745979546],[-118.34619482488387,33.98087605136584],[-118.3578827622935,33.977953023982984]]]}},{"type":"Feature","properties":{"state":"","county":"LOS_ANGELES","s2_cell":"9278179478863872000","waymo_ro_miles":1706.8983102625125,"incremental_miles":1705.521,"vintage_end":"202506","exposure_phase":"deployment"},"geometry":{"type":"Polygon","coordinates":[[[-118.36956988917491,33.975028893370286],[-118.36956988917491,33.96478114914692],[-118.3578827622935,33.96770485595282],[-118.3578827622935,33.977953023982984],[-118.36956988917491,33.975028893370286]]]}},{"type":"Feature","properties":{"state":"","county":"LOS_ANGELES","s2_cell":"9278179513223610368","waymo_ro_miles":110013.50043703528,"incremental_miles":49448.107,"vintage_end":"202506","exposure_phase":"deployment"},"geometry":{"type":"Polygon","coordinates":[[[-118.36956988917491,33.96478114914692],[-118.36956988917491,33.95453231336588],[-118.3578827622935,33.957455595945646],[-118.3578827622935,33.96770485595282],[-118.36956988917491,33.96478114914692]]]}},{"type":"Feature","properties":{"state":"","county":"LOS_ANGELES","s2_cell":"9278179547583348736","waymo_ro_miles":95026.55151385456,"incremental_miles":47383.783,"vintage_end":"202506","exposure_phase":"deployment"},"geometry":{"type":"Polygon","coordinates":[[[-118.38125620424114,33.96185633985988],[-118.38125620424114,33.95160792857174],[-118.36956988917491,33.95453231336588],[-118.36956988917491,33.96478114914692],[-118.38125620424114,33.96185633985988]]]}},{"type":"Feature","properties":{"state":"","county":"LOS_ANGELES","s2_cell":"9278179581943087104","waymo_ro_miles":41234.68651178883,"incremental_miles":22151.752,"vintage_end":"202506","exposure_phase":"deployment"},"geometry":{"type":"Polygon","coordinates":[[[-118.39294170620582,33.95893042857426],[-118.39294170620582,33.948682442045815],[-118.38125620424114,33.95160792857174],[-118.38125620424114,33.96185633985988],[-118.39294170620582,33.95893042857426]]]}},{"type":"Feature","properties":{"state":"","county":"LOS_ANGELES","s2_cell":"9278179616302825472","waymo_ro_miles":24545.2253805378,"incremental_miles":13699.675,"vintage_end":"202506","exposure_phase":"deployment"},"geometry":{"type":"Polygon","coordinates":[[[-118.39294170620582,33.9691773243841],[-118.39294170620582,33.95893042857426],[-118.38125620424114,33.96185633985988],[-118.38125620424114,33.97210366000982],[-118.39294170620582,33.9691773243841]]]}},{"type":"Feature","properties":{"state":"","county":"LOS_ANGELES","s2_cell":"9278179650662563840","waymo_ro_miles":90281.41510049485,"incremental_miles":42661.469,"vintage_end":"202506","exposure_phase":"deployment"},"geometry":{"type":"Polygon","coordinates":[[[-118.38125620424114,33.97210366000982],[-118.38125620424114,33.96185633985988],[-118.36956988917491,33.96478114914692],[-118.36956988917491,33.975028893370286],[-118.38125620424114,33.97210366000982]]]}},{"type":"Feature","properties":{"state":"","county":"LOS_ANGELES","s2_cell":"9278179685022302208","waymo_ro_miles":96326.39217716228,"incremental_miles":45509.795,"vintage_end":"202506","exposure_phase":"deployment"},"geometry":{"type":"Polygon","coordinates":[[[-118.38125620424114,33.98234988826252],[-118.38125620424114,33.97210366000982],[-118.36956988917491,33.975028893370286],[-118.36956988917491,33.985275545276984],[-118.38125620424114,33.98234988826252]]]}},{"type":"Feature","properties":{"state":"","county":"LOS_ANGELES","s2_cell":"9278179719382040576","waymo_ro_miles":84812.14875900124,"incremental_miles":41613.432,"vintage_end":"202506","exposure_phase":"deployment"},"geometry":{"type":"Polygon","coordinates":[[[-118.39294170620582,33.97942312871625],[-118.39294170620582,33.9691773243841],[-118.38125620424114,33.97210366000982],[-118.38125620424114,33.98234988826252],[-118.39294170620582,33.97942312871625]]]}},{"type":"Feature","properties":{"state":"","county":"LOS_ANGELES","s2_cell":"9278179753741778944","waymo_ro_miles":9416.556567041865,"incremental_miles":5380.859,"vintage_end":"202506","exposure_phase":"deployment"},"geometry":{"type":"Polygon","coordinates":[[[-118.39294170620582,33.9896678408122],[-118.39294170620582,33.97942312871625],[-118.38125620424114,33.98234988826252],[-118.38125620424114,33.99259502385951],[-118.39294170620582,33.9896678408122]]]}},{"type":"Feature","properties":{"state":"","county":"LOS_ANGELES","s2_cell":"9278179788101517312","waymo_ro_miles":1685.7932498315338,"incremental_miles":1685.793,"vintage_end":"202506","exposure_phase":"deployment"},"geometry":{"type":"Polygon","coordinates":[[[-118.38125620424114,33.99259502385951],[-118.38125620424114,33.98234988826252],[-118.36956988917491,33.985275545276984],[-118.36956988917491,33.995521104108576],[-118.38125620424114,33.99259502385951]]]}},{"type":"Feature","properties":{"state":"","county":"LOS_ANGELES","s2_cell":"9278179822461255680","waymo_ro_miles":6278.319486096044,"incremental_miles":6278.319,"vintage_end":"202506","exposure_phase":"deployment"},"geometry":{"type":"Polygon","coordinates":[[[-118.36956988917491,33.995521104108576],[-118.36956988917491,33.985275545276984],[-118.3578827622935,33.98820009927718],[-118.3578827622935,33.99844608107699],[-118.36956988917491,33.995521104108576]]]}},{"type":"Feature","properties":{"state":"","county":"LOS_ANGELES","s2_cell":"9278179856820994048","waymo_ro_miles":5412.263702129732,"incremental_miles":5410.609,"vintage_end":"202506","exposure_phase":"deployment"},"geometry":{"type":"Polygon","coordinates":[[[-118.36956988917491,33.985275545276984],[-118.36956988917491,33.975028893370286],[-118.3578827622935,33.977953023982984],[-118.3578827622935,33.98820009927718],[-118.36956988917491,33.985275545276984]]]}},{"type":"Feature","properties":{"state":"","county":"LOS_ANGELES","s2_cell":"9278179891180732416","waymo_ro_miles":1670.6728667848256,"incremental_miles":1670.673,"vintage_end":"202506","exposure_phase":"deployment"},"geometry":{"type":"Polygon","coordinates":[[[-118.3578827622935,33.98820009927718],[-118.3578827622935,33.977953023982984],[-118.34619482488387,33.98087605136584],[-118.34619482488387,33.991123549781065],[-118.3578827622935,33.98820009927718]]]}},{"type":"Feature","properties":{"state":"","county":"LOS_ANGELES","s2_cell":"9278179925540470784","waymo_ro_miles":831.3967543681626,"incremental_miles":831.397,"vintage_end":"202506","exposure_phase":"deployment"},"geometry":{"type":"Polygon","coordinates":[[[-118.3578827622935,33.99844608107699],[-118.3578827622935,33.98820009927718],[-118.34619482488387,33.991123549781065],[-118.34619482488387,34.00136995428276],[-118.3578827622935,33.99844608107699]]]}},{"type":"Feature","properties":{"state":"","county":"LOS_ANGELES","s2_cell":"9278179959900209152","waymo_ro_miles":554.9777035170074,"incremental_miles":554.978,"vintage_end":"202506","exposure_phase":"deployment"},"geometry":{"type":"Polygon","coordinates":[[[-118.34619482488387,34.00136995428276],[-118.34619482488387,33.991123549781065],[-118.33450607823357,33.99404589630704],[-118.33450607823356,34.004292723244326],[-118.34619482488387,34.00136995428276]]]}},{"type":"Feature","properties":{"state":"","county":"LOS_ANGELES","s2_cell":"9278179994259947520","waymo_ro_miles":1118.8182887312635,"incremental_miles":1118.818,"vintage_end":"202506","exposure_phase":"deployment"},"geometry":{"type":"Polygon","coordinates":[[[-118.33450607823356,34.004292723244326],[-118.33450607823357,33.99404589630704],[-118.32281652363086,33.99696713837393],[-118.32281652363086,34.00721438748057],[-118.33450607823356,34.004292723244326]]]}},{"type":"Feature","properties":{"state":"","county":"LOS_ANGELES","s2_cell":"9278180028619685888","waymo_ro_miles":574.3607819790857,"incremental_miles":574.361,"vintage_end":"202506","exposure_phase":"deployment"},"geometry":{"type":"Polygon","coordinates":[[[-118.33450607823357,33.99404589630704],[-118.33450607823356,33.983797975037206],[-118.32281652363086,33.986718794515845],[-118.32281652363086,33.99696713837393],[-118.33450607823357,33.99404589630704]]]}},{"type":"Feature","properties":{"state":"","county":"LOS_ANGELES","s2_cell":"9278180062979424256","waymo_ro_miles":389.1373589862933,"incremental_miles":389.137,"vintage_end":"202506","exposure_phase":"deployment"},"geometry":{"type":"Polygon","coordinates":[[[-118.34619482488387,33.991123549781065],[-118.34619482488387,33.98087605136584],[-118.33450607823356,33.983797975037206],[-118.33450607823357,33.99404589630704],[-118.34619482488387,33.991123549781065]]]}},{"type":"Feature","properties":{"state":"","county":"LOS_ANGELES","s2_cell":"9278180097339162624","waymo_ro_miles":467.8596015203081,"incremental_miles":467.86,"vintage_end":"202506","exposure_phase":"deployment"},"geometry":{"type":"Polygon","coordinates":[[[-118.34619482488387,33.98087605136584],[-118.34619482488387,33.97062745979546],[-118.33450607823357,33.97354896019314],[-118.33450607823356,33.983797975037206],[-118.34619482488387,33.98087605136584]]]}},{"type":"Feature","properties":{"state":"","county":"LOS_ANGELES","s2_cell":"9278180131698900992","waymo_ro_miles":233.49523259532438,"incremental_miles":233.447,"vintage_end":"202506","exposure_phase":"deployment"},"geometry":{"type":"Polygon","coordinates":[[[-118.34619482488387,33.97062745979546],[-118.34619482488387,33.96037777582885],[-118.33450607823356,33.96329885253376],[-118.33450607823357,33.97354896019314],[-118.34619482488387,33.97062745979546]]]}},{"type":"Feature","properties":{"state":"","county":"LOS_ANGELES","s2_cell":"9278180166058639360","waymo_ro_miles":805.3997122984255,"incremental_miles":805.4,"vintage_end":"202506","exposure_phase":"deployment"},"geometry":{"type":"Polygon","coordinates":[[[-118.33450607823357,33.97354896019314],[-118.33450607823356,33.96329885253376],[-118.32281652363086,33.966218825579055],[-118.32281652363086,33.97646935666459],[-118.33450607823357,33.97354896019314]]]}},{"type":"Feature","properties":{"state":"","county":"LOS_ANGELES","s2_cell":"9278180200418377728","waymo_ro_miles":842.8881999880866,"incremental_miles":842.888,"vintage_end":"202506","exposure_phase":"deployment"},"geometry":{"type":"Polygon","coordinates":[[[-118.33450607823356,33.983797975037206],[-118.33450607823357,33.97354896019314],[-118.32281652363086,33.97646935666459],[-118.32281652363086,33.986718794515845],[-118.33450607823356,33.983797975037206]]]}},{"type":"Feature","properties":{"state":"","county":"LOS_ANGELES","s2_cell":"9278180440936546304","waymo_ro_miles":729.0081050909552,"incremental_miles":729.008,"vintage_end":"202506","exposure_phase":"deployment"},"geometry":{"type":"Polygon","coordinates":[[[-118.32281652363086,34.00721438748057],[-118.32281652363086,33.99696713837393],[-118.31112616236453,33.999887275501],[-118.31112616236453,34.01013494651079],[-118.32281652363086,34.00721438748057]]]}},{"type":"Feature","properties":{"state":"","county":"LOS_ANGELES","s2_cell":"9278180475296284672","waymo_ro_miles":1244.0745300156734,"incremental_miles":1244.075,"vintage_end":"202506","exposure_phase":"deployment"},"geometry":{"type":"Polygon","coordinates":[[[-118.31112616236453,34.01013494651079],[-118.31112616236453,33.999887275501],[-118.29943499572406,34.00280630720794],[-118.29943499572408,34.01305439985473],[-118.31112616236453,34.01013494651079]]]}},{"type":"Feature","properties":{"state":"","county":"LOS_ANGELES","s2_cell":"9278180509656023040","waymo_ro_miles":14577.90679678003,"incremental_miles":7017.784,"vintage_end":"202506","exposure_phase":"deployment"},"geometry":{"type":"Polygon","coordinates":[[[-118.31112616236453,34.020381521592675],[-118.31112616236453,34.01013494651079],[-118.29943499572408,34.01305439985473],[-118.29943499572406,34.023301396155],[-118.31112616236453,34.020381521592675]]]}},{"type":"Feature","properties":{"state":"","county":"LOS_ANGELES","s2_cell":"9278180544015761408","waymo_ro_miles":47573.49989156303,"incremental_miles":21718.308,"vintage_end":"202506","exposure_phase":"deployment"},"geometry":{"type":"Polygon","coordinates":[[[-118.31112616236453,34.03062699998952],[-118.31112616236453,34.020381521592675],[-118.29943499572406,34.023301396155],[-118.29943499572406,34.03354729535165],[-118.31112616236453,34.03062699998952]]]}},{"type":"Feature","properties":{"state":"","county":"LOS_ANGELES","s2_cell":"9278180578375499776","waymo_ro_miles":27500.89309523554,"incremental_miles":12813.242,"vintage_end":"202506","exposure_phase":"deployment"},"geometry":{"type":"Polygon","coordinates":[[[-118.32281652363083,34.02770559840919],[-118.32281652363086,34.01746054107804],[-118.31112616236453,34.020381521592675],[-118.31112616236453,34.03062699998952],[-118.32281652363083,34.02770559840919]]]}},{"type":"Feature","properties":{"state":"","county":"LOS_ANGELES","s2_cell":"9278180612735238144","waymo_ro_miles":4714.368809764501,"incremental_miles":2801.735,"vintage_end":"202506","exposure_phase":"deployment"},"geometry":{"type":"Polygon","coordinates":[[[-118.32281652363086,34.01746054107804],[-118.32281652363086,34.00721438748057],[-118.31112616236453,34.01013494651079],[-118.31112616236453,34.020381521592675],[-118.32281652363086,34.01746054107804]]]}},{"type":"Feature","properties":{"state":"","county":"LOS_ANGELES","s2_cell":"9278180647094976512","waymo_ro_miles":1369.5128475964777,"incremental_miles":1368.942,"vintage_end":"202506","exposure_phase":"deployment"},"geometry":{"type":"Polygon","coordinates":[[[-118.33450607823357,34.01453845509131],[-118.33450607823356,34.004292723244326],[-118.32281652363086,34.00721438748057],[-118.32281652363086,34.01746054107804],[-118.33450607823357,34.01453845509131]]]}},{"type":"Feature","properties":{"state":"","county":"LOS_ANGELES","s2_cell":"9278180681454714880","waymo_ro_miles":3150.3502388939246,"incremental_miles":2987.531,"vintage_end":"202506","exposure_phase":"deployment"},"geometry":{"type":"Polygon","coordinates":[[[-118.34619482488387,34.01161526411314],[-118.34619482488387,34.00136995428276],[-118.33450607823356,34.004292723244326],[-118.33450607823357,34.01453845509131],[-118.34619482488387,34.01161526411314]]]}},{"type":"Feature","properties":{"state":"","county":"LOS_ANGELES","s2_cell":"9278180715814453248","waymo_ro_miles":9609.360507862488,"incremental_miles":5267.135,"vintage_end":"202506","exposure_phase":"deployment"},"geometry":{"type":"Polygon","coordinates":[[[-118.34619482488387,34.021859478515005],[-118.34619482488387,34.01161526411314],[-118.33450607823357,34.01453845509131],[-118.33450607823357,34.024783091090825],[-118.34619482488387,34.021859478515005]]]}},{"type":"Feature","properties":{"state":"","county":"LOS_ANGELES","s2_cell":"9278180750174191616","waymo_ro_miles":25054.314397123417,"incremental_miles":10888.246,"vintage_end":"202506","exposure_phase":"deployment"},"geometry":{"type":"Polygon","coordinates":[[[-118.33450607823357,34.024783091090825],[-118.33450607823357,34.01453845509131],[-118.32281652363086,34.01746054107804],[-118.32281652363083,34.02770559840919],[-118.33450607823357,34.024783091090825]]]}},{"type":"Feature","properties":{"state":"","county":"LOS_ANGELES","s2_cell":"9278180784533929984","waymo_ro_miles":67592.91547197565,"incremental_miles":28449.909,"vintage_end":"202506","exposure_phase":"deployment"},"geometry":{"type":"Polygon","coordinates":[[[-118.33450607823356,34.03502663048625],[-118.33450607823357,34.024783091090825],[-118.32281652363083,34.02770559840919],[-118.32281652363086,34.03794955871748],[-118.33450607823356,34.03502663048625]]]}},{"type":"Feature","properties":{"state":"","county":"LOS_ANGELES","s2_cell":"9278180818893668352","waymo_ro_miles":77527.93038318561,"incremental_miles":35795.207,"vintage_end":"202506","exposure_phase":"deployment"},"geometry":{"type":"Polygon","coordinates":[[[-118.34619482488387,34.03210259673171],[-118.34619482488387,34.021859478515005],[-118.33450607823357,34.024783091090825],[-118.33450607823356,34.03502663048625],[-118.34619482488387,34.03210259673171]]]}},{"type":"Feature","properties":{"state":"","county":"LOS_ANGELES","s2_cell":"9278180853253406720","waymo_ro_miles":46980.53341764907,"incremental_miles":18135.666,"vintage_end":"202506","exposure_phase":"deployment"},"geometry":{"type":"Polygon","coordinates":[[[-118.34619482488387,34.04234461800719],[-118.34619482488387,34.03210259673171],[-118.33450607823356,34.03502663048625],[-118.33450607823357,34.04526907252157],[-118.34619482488387,34.04234461800719]]]}},{"type":"Feature","properties":{"state":"","county":"LOS_ANGELES","s2_cell":"9278180887613145088","waymo_ro_miles":100470.45778082476,"incremental_miles":34343.162,"vintage_end":"202506","exposure_phase":"deployment"},"geometry":{"type":"Polygon","coordinates":[[[-118.33450607823357,34.04526907252157],[-118.33450607823356,34.03502663048625],[-118.32281652363086,34.03794955871748],[-118.32281652363083,34.048192421246895],[-118.33450607823357,34.04526907252157]]]}},{"type":"Feature","properties":{"state":"","county":"LOS_ANGELES","s2_cell":"9278180921972883456","waymo_ro_miles":79666.92234465475,"incremental_miles":26151.599,"vintage_end":"202506","exposure_phase":"deployment"},"geometry":{"type":"Polygon","coordinates":[[[-118.32281652363083,34.048192421246895],[-118.32281652363086,34.03794955871748],[-118.31112616236453,34.040871380944836],[-118.31112616236453,34.051114663702634],[-118.32281652363083,34.048192421246895]]]}},{"type":"Feature","properties":{"state":"","county":"LOS_ANGELES","s2_cell":"9278180956332621824","waymo_ro_miles":60573.63164471709,"incremental_miles":24845.141,"vintage_end":"202506","exposure_phase":"deployment"},"geometry":{"type":"Polygon","coordinates":[[[-118.32281652363086,34.03794955871748],[-118.32281652363083,34.02770559840919],[-118.31112616236453,34.03062699998952],[-118.31112616236453,34.040871380944836],[-118.32281652363086,34.03794955871748]]]}},{"type":"Feature","properties":{"state":"","county":"LOS_ANGELES","s2_cell":"9278180990692360192","waymo_ro_miles":77489.33420161273,"incremental_miles":31182.668,"vintage_end":"202506","exposure_phase":"deployment"},"geometry":{"type":"Polygon","coordinates":[[[-118.31112616236453,34.040871380944836],[-118.31112616236453,34.03062699998952],[-118.29943499572406,34.03354729535165],[-118.29943499572406,34.04379209668821],[-118.31112616236453,34.040871380944836]]]}},{"type":"Feature","properties":{"state":"","county":"LOS_ANGELES","s2_cell":"9278181025052098560","waymo_ro_miles":121389.85343576055,"incremental_miles":42021.481,"vintage_end":"202506","exposure_phase":"deployment"},"geometry":{"type":"Polygon","coordinates":[[[-118.31112616236453,34.051114663702634],[-118.31112616236453,34.040871380944836],[-118.29943499572406,34.04379209668821],[-118.29943499572406,34.054035799408744],[-118.31112616236453,34.051114663702634]]]}},{"type":"Feature","properties":{"state":"","county":"LOS_ANGELES","s2_cell":"9278181059411836928","waymo_ro_miles":126828.125602583,"incremental_miles":48861.075,"vintage_end":"202506","exposure_phase":"deployment"},"geometry":{"type":"Polygon","coordinates":[[[-118.31112616236453,34.061356847507554],[-118.31112616236453,34.051114663702634],[-118.29943499572406,34.054035799408744],[-118.29943499572406,34.06427840275792],[-118.31112616236453,34.061356847507554]]]}},{"type":"Feature","properties":{"state":"","county":"LOS_ANGELES","s2_cell":"9278181093771575296","waymo_ro_miles":108401.98877968,"incremental_miles":46530.746,"vintage_end":"202506","exposure_phase":"deployment"},"geometry":{"type":"Polygon","coordinates":[[[-118.32281652363086,34.05843418524202],[-118.32281652363083,34.048192421246895],[-118.31112616236453,34.051114663702634],[-118.31112616236453,34.061356847507554],[-118.32281652363086,34.05843418524202]]]}},{"type":"Feature","properties":{"state":"","county":"LOS_ANGELES","s2_cell":"9278181128131313664","waymo_ro_miles":98596.03480837117,"incremental_miles":35251.962,"vintage_end":"202506","exposure_phase":"deployment"},"geometry":{"type":"Polygon","coordinates":[[[-118.32281652363083,34.06867484994804],[-118.32281652363086,34.05843418524202],[-118.31112616236453,34.061356847507554],[-118.31112616236453,34.0715979316048],[-118.32281652363083,34.06867484994804]]]}},{"type":"Feature","properties":{"state":"","county":"LOS_ANGELES","s2_cell":"9278181162491052032","waymo_ro_miles":98575.53774021835,"incremental_miles":38936.214,"vintage_end":"202506","exposure_phase":"deployment"},"geometry":{"type":"Polygon","coordinates":[[[-118.31112616236453,34.0715979316048],[-118.31112616236453,34.061356847507554],[-118.29943499572406,34.06427840275792],[-118.29943499572406,34.07451990598098],[-118.31112616236453,34.0715979316048]]]}},{"type":"Feature","properties":{"state":"","county":"LOS_ANGELES","s2_cell":"9278181196850790400","waymo_ro_miles":73491.15501048903,"incremental_miles":33763.003,"vintage_end":"202506","exposure_phase":"deployment"},"geometry":{"type":"Polygon","coordinates":[[[-118.31112616236453,34.08183791524013],[-118.31112616236453,34.0715979316048],[-118.29943499572406,34.07451990598098],[-118.29943499572406,34.084760308323716],[-118.31112616236453,34.08183791524013]]]}},{"type":"Feature","properties":{"state":"","county":"LOS_ANGELES","s2_cell":"9278181231210528768","waymo_ro_miles":21021.4151537083,"incremental_miles":9675.228,"vintage_end":"202506","exposure_phase":"deployment"},"geometry":{"type":"Polygon","coordinates":[[[-118.31112616236453,34.09207679765992],[-118.31112616236453,34.08183791524013],[-118.29943499572406,34.084760308323716],[-118.29943499572406,34.09499960903254],[-118.31112616236453,34.09207679765992]]]}},{"type":"Feature","properties":{"state":"","county":"LOS_ANGELES","s2_cell":"9278181265570267136","waymo_ro_miles":49240.2415780603,"incremental_miles":22452.027,"vintage_end":"202506","exposure_phase":"deployment"},"geometry":{"type":"Polygon","coordinates":[[[-118.32281652363086,34.089152878476305],[-118.32281652363083,34.0789144146107],[-118.31112616236453,34.08183791524013],[-118.31112616236453,34.09207679765992],[-118.32281652363086,34.089152878476305]]]}},{"type":"Feature","properties":{"state":"","county":"LOS_ANGELES","s2_cell":"9278181299930005504","waymo_ro_miles":76725.44338521945,"incremental_miles":35645.845,"vintage_end":"202506","exposure_phase":"deployment"},"geometry":{"type":"Polygon","coordinates":[[[-118.32281652363083,34.0789144146107],[-118.32281652363083,34.06867484994804],[-118.31112616236453,34.0715979316048],[-118.31112616236453,34.08183791524013],[-118.32281652363083,34.0789144146107]]]}},{"type":"Feature","properties":{"state":"","county":"LOS_ANGELES","s2_cell":"9278181334289743872","waymo_ro_miles":131239.22296753302,"incremental_miles":50915.043,"vintage_end":"202506","exposure_phase":"deployment"},"geometry":{"type":"Polygon","coordinates":[[[-118.33450607823356,34.075989806915345],[-118.33450607823356,34.06575066149071],[-118.32281652363083,34.06867484994804],[-118.32281652363083,34.0789144146107],[-118.33450607823356,34.075989806915345]]]}},{"type":"Feature","properties":{"state":"","county":"LOS_ANGELES","s2_cell":"9278181368649482240","waymo_ro_miles":66677.14588690494,"incremental_miles":25630.319,"vintage_end":"202506","exposure_phase":"deployment"},"geometry":{"type":"Polygon","coordinates":[[[-118.33450607823357,34.086227851961546],[-118.33450607823356,34.075989806915345],[-118.32281652363083,34.0789144146107],[-118.32281652363086,34.089152878476305],[-118.33450607823357,34.086227851961546]]]}},{"type":"Feature","properties":{"state":"","county":"LOS_ANGELES","s2_cell":"9278181403009220608","waymo_ro_miles":138198.8511712077,"incremental_miles":56252.39,"vintage_end":"202506","exposure_phase":"deployment"},"geometry":{"type":"Polygon","coordinates":[[[-118.34619482488387,34.083301718595976],[-118.34619482488387,34.07306409263442],[-118.33450607823356,34.075989806915345],[-118.33450607823357,34.086227851961546],[-118.34619482488387,34.083301718595976]]]}},{"type":"Feature","properties":{"state":"","county":"LOS_ANGELES","s2_cell":"9278181437368958976","waymo_ro_miles":106387.7348607734,"incremental_miles":39742.888,"vintage_end":"202506","exposure_phase":"deployment"},"geometry":{"type":"Polygon","coordinates":[[[-118.34619482488387,34.07306409263442],[-118.34619482488387,34.06282536671317],[-118.33450607823356,34.06575066149071],[-118.33450607823356,34.075989806915345],[-118.34619482488387,34.07306409263442]]]}},{"type":"Feature","properties":{"state":"","county":"LOS_ANGELES","s2_cell":"9278181471728697344","waymo_ro_miles":91013.6753758014,"incremental_miles":40709.7,"vintage_end":"202506","exposure_phase":"deployment"},"geometry":{"type":"Polygon","coordinates":[[[-118.34619482488387,34.06282536671317],[-118.34619482488387,34.052585541585984],[-118.33450607823356,34.05551041644135],[-118.33450607823356,34.06575066149071],[-118.34619482488387,34.06282536671317]]]}},{"type":"Feature","properties":{"state":"","county":"LOS_ANGELES","s2_cell":"9278181506088435712","waymo_ro_miles":106319.52663013198,"incremental_miles":38783.472,"vintage_end":"202506","exposure_phase":"deployment"},"geometry":{"type":"Polygon","coordinates":[[[-118.33450607823356,34.06575066149071],[-118.33450607823356,34.05551041644135],[-118.32281652363086,34.05843418524202],[-118.32281652363083,34.06867484994804],[-118.33450607823356,34.06575066149071]]]}},{"type":"Feature","properties":{"state":"","county":"LOS_ANGELES","s2_cell":"9278181540448174080","waymo_ro_miles":121361.13374438368,"incremental_miles":46850.832,"vintage_end":"202506","exposure_phase":"deployment"},"geometry":{"type":"Polygon","coordinates":[[[-118.33450607823356,34.05551041644135],[-118.33450607823357,34.04526907252157],[-118.32281652363083,34.048192421246895],[-118.32281652363086,34.05843418524202],[-118.33450607823356,34.05551041644135]]]}},{"type":"Feature","properties":{"state":"","county":"LOS_ANGELES","s2_cell":"9278181574807912448","waymo_ro_miles":142632.6089049865,"incremental_miles":51793.693,"vintage_end":"202506","exposure_phase":"deployment"},"geometry":{"type":"Polygon","coordinates":[[[-118.34619482488387,34.052585541585984],[-118.34619482488387,34.04234461800719],[-118.33450607823357,34.04526907252157],[-118.33450607823356,34.05551041644135],[-118.34619482488387,34.052585541585984]]]}},{"type":"Feature","properties":{"state":"","county":"LOS_ANGELES","s2_cell":"9278181609167650816","waymo_ro_miles":155802.7362435142,"incremental_miles":59485.128,"vintage_end":"202506","exposure_phase":"deployment"},"geometry":{"type":"Polygon","coordinates":[[[-118.3578827622935,34.04965956115683],[-118.3578827622935,34.0394190581847],[-118.34619482488387,34.04234461800719],[-118.34619482488387,34.052585541585984],[-118.3578827622935,34.04965956115683]]]}},{"type":"Feature","properties":{"state":"","county":"LOS_ANGELES","s2_cell":"9278181643527389184","waymo_ro_miles":138896.2435601679,"incremental_miles":50452.825,"vintage_end":"202506","exposure_phase":"deployment"},"geometry":{"type":"Polygon","coordinates":[[[-118.36956988917491,34.04673247563518],[-118.36956988917491,34.03649239353543],[-118.3578827622935,34.0394190581847],[-118.3578827622935,34.04965956115683],[-118.36956988917491,34.04673247563518]]]}},{"type":"Feature","properties":{"state":"","county":"LOS_ANGELES","s2_cell":"9278181677887127552","waymo_ro_miles":118968.26264108147,"incremental_miles":39191.716,"vintage_end":"202506","exposure_phase":"deployment"},"geometry":{"type":"Polygon","coordinates":[[[-118.36956988917491,34.05697146012133],[-118.36956988917491,34.04673247563518],[-118.3578827622935,34.04965956115683],[-118.3578827622935,34.059898966096284],[-118.36956988917491,34.05697146012133]]]}},{"type":"Feature","properties":{"state":"","county":"LOS_ANGELES","s2_cell":"9278181712246865920","waymo_ro_miles":91997.54858437448,"incremental_miles":30097.603,"vintage_end":"202506","exposure_phase":"deployment"},"geometry":{"type":"Polygon","coordinates":[[[-118.3578827622935,34.059898966096284],[-118.3578827622935,34.04965956115683],[-118.34619482488387,34.052585541585984],[-118.34619482488387,34.06282536671317],[-118.3578827622935,34.059898966096284]]]}},{"type":"Feature","properties":{"state":"","county":"LOS_ANGELES","s2_cell":"9278181746606604288","waymo_ro_miles":82431.83165916443,"incremental_miles":24829.245,"vintage_end":"202506","exposure_phase":"deployment"},"geometry":{"type":"Polygon","coordinates":[[[-118.3578827622935,34.07013727224872],[-118.3578827622935,34.059898966096284],[-118.34619482488387,34.06282536671317],[-118.34619482488387,34.07306409263442],[-118.3578827622935,34.07013727224872]]]}},{"type":"Feature","properties":{"state":"","county":"LOS_ANGELES","s2_cell":"9278181780966342656","waymo_ro_miles":103694.64624775277,"incremental_miles":41447.647,"vintage_end":"202506","exposure_phase":"deployment"},"geometry":{"type":"Polygon","coordinates":[[[-118.3578827622935,34.080374478860335],[-118.3578827622935,34.07013727224872],[-118.34619482488387,34.07306409263442],[-118.34619482488387,34.083301718595976],[-118.3578827622935,34.080374478860335]]]}},{"type":"Feature","properties":{"state":"","county":"LOS_ANGELES","s2_cell":"9278181815326081024","waymo_ro_miles":168090.51616405335,"incremental_miles":68363.335,"vintage_end":"202506","exposure_phase":"deployment"},"geometry":{"type":"Polygon","coordinates":[[[-118.36956988917491,34.07744613323579],[-118.36956988917491,34.06720934623948],[-118.3578827622935,34.07013727224872],[-118.3578827622935,34.080374478860335],[-118.36956988917491,34.07744613323579]]]}},{"type":"Feature","properties":{"state":"","county":"LOS_ANGELES","s2_cell":"9278181849685819392","waymo_ro_miles":164187.98996391564,"incremental_miles":57906.452,"vintage_end":"202506","exposure_phase":"deployment"},"geometry":{"type":"Polygon","coordinates":[[[-118.36956988917491,34.06720934623948],[-118.36956988917491,34.05697146012133],[-118.3578827622935,34.059898966096284],[-118.3578827622935,34.07013727224872],[-118.36956988917491,34.06720934623948]]]}},{"type":"Feature","properties":{"state":"","county":"LOS_ANGELES","s2_cell":"9278181884045557760","waymo_ro_miles":133120.81757453733,"incremental_miles":39134.367,"vintage_end":"202506","exposure_phase":"deployment"},"geometry":{"type":"Polygon","coordinates":[[[-118.38125620424114,34.06428031508834],[-118.38125620424114,34.054042849270004],[-118.36956988917491,34.05697146012133],[-118.36956988917491,34.06720934623948],[-118.38125620424114,34.06428031508834]]]}},{"type":"Feature","properties":{"state":"","county":"LOS_ANGELES","s2_cell":"9278181918405296128","waymo_ro_miles":137608.80911792276,"incremental_miles":42760.822,"vintage_end":"202506","exposure_phase":"deployment"},"geometry":{"type":"Polygon","coordinates":[[[-118.38125620424114,34.074516682203964],[-118.38125620424114,34.06428031508834],[-118.36956988917491,34.06720934623948],[-118.36956988917491,34.07744613323579],[-118.38125620424114,34.074516682203964]]]}},{"type":"Feature","properties":{"state":"","county":"LOS_ANGELES","s2_cell":"9278181952765034496","waymo_ro_miles":80651.38470788531,"incremental_miles":30315.673,"vintage_end":"202506","exposure_phase":"deployment"},"geometry":{"type":"Polygon","coordinates":[[[-118.39294170620582,34.071586126246885],[-118.39294170620582,34.061350179277404],[-118.38125620424114,34.06428031508834],[-118.38125620424114,34.074516682203964],[-118.39294170620582,34.071586126246885]]]}},{"type":"Feature","properties":{"state":"","county":"LOS_ANGELES","s2_cell":"9278181987124772864","waymo_ro_miles":159762.64883591622,"incremental_miles":52090.43,"vintage_end":"202506","exposure_phase":"deployment"},"geometry":{"type":"Polygon","coordinates":[[[-118.39294170620582,34.061350179277404],[-118.39294170620582,34.05111313402445],[-118.38125620424114,34.054042849270004],[-118.38125620424114,34.06428031508834],[-118.39294170620582,34.061350179277404]]]}},{"type":"Feature","properties":{"state":"","county":"LOS_ANGELES","s2_cell":"9278182021484511232","waymo_ro_miles":58217.74064755219,"incremental_miles":22569.015,"vintage_end":"202506","exposure_phase":"deployment"},"geometry":{"type":"Polygon","coordinates":[[[-118.39294170620582,34.05111313402445],[-118.39294170620582,34.04087499124191],[-118.38125620424114,34.04380428550282],[-118.38125620424114,34.054042849270004],[-118.39294170620582,34.05111313402445]]]}},{"type":"Feature","properties":{"state":"","county":"LOS_ANGELES","s2_cell":"9278182055844249600","waymo_ro_miles":111739.87595318034,"incremental_miles":44266.69,"vintage_end":"202506","exposure_phase":"deployment"},"geometry":{"type":"Polygon","coordinates":[[[-118.38125620424114,34.054042849270004],[-118.38125620424114,34.04380428550282],[-118.36956988917491,34.04673247563518],[-118.36956988917491,34.05697146012133],[-118.38125620424114,34.054042849270004]]]}},{"type":"Feature","properties":{"state":"","county":"LOS_ANGELES","s2_cell":"9278182090203987968","waymo_ro_miles":160281.7470606042,"incremental_miles":64001.304,"vintage_end":"202506","exposure_phase":"deployment"},"geometry":{"type":"Polygon","coordinates":[[[-118.38125620424114,34.04380428550282],[-118.38125620424114,34.033564624541214],[-118.36956988917491,34.03649239353543],[-118.36956988917491,34.04673247563518],[-118.38125620424114,34.04380428550282]]]}},{"type":"Feature","properties":{"state":"","county":"LOS_ANGELES","s2_cell":"9278182124563726336","waymo_ro_miles":55336.574739721415,"incremental_miles":22878.174,"vintage_end":"202506","exposure_phase":"deployment"},"geometry":{"type":"Polygon","coordinates":[[[-118.39294170620582,34.04087499124191],[-118.39294170620582,34.030635751684265],[-118.38125620424114,34.033564624541214],[-118.38125620424114,34.04380428550282],[-118.39294170620582,34.04087499124191]]]}},{"type":"Feature","properties":{"state":"","county":"LOS_ANGELES","s2_cell":"9278182158923464704","waymo_ro_miles":215713.28860034686,"incremental_miles":81152.268,"vintage_end":"202506","exposure_phase":"deployment"},"geometry":{"type":"Polygon","coordinates":[[[-118.39294170620582,34.030635751684265],[-118.39294170620582,34.02039541610655],[-118.38125620424114,34.0233238671402],[-118.38125620424114,34.033564624541214],[-118.39294170620582,34.030635751684265]]]}},{"type":"Feature","properties":{"state":"","county":"LOS_ANGELES","s2_cell":"9278182193283203072","waymo_ro_miles":125953.84756258778,"incremental_miles":61462.539,"vintage_end":"202506","exposure_phase":"deployment"},"geometry":{"type":"Polygon","coordinates":[[[-118.39294170620582,34.02039541610655],[-118.39294170620582,34.010153985264424],[-118.38125620424114,34.01308201405538],[-118.38125620424114,34.0233238671402],[-118.39294170620582,34.02039541610655]]]}},{"type":"Feature","properties":{"state":"","county":"LOS_ANGELES","s2_cell":"9278182227642941440","waymo_ro_miles":59309.5084458027,"incremental_miles":28607.627,"vintage_end":"202506","exposure_phase":"deployment"},"geometry":{"type":"Polygon","coordinates":[[[-118.38125620424114,34.0233238671402],[-118.38125620424114,34.01308201405538],[-118.36956988917491,34.01600893951561],[-118.36956988917491,34.02625121457705],[-118.38125620424114,34.0233238671402]]]}},{"type":"Feature","properties":{"state":"","county":"LOS_ANGELES","s2_cell":"9278182262002679808","waymo_ro_miles":147373.87783761087,"incremental_miles":62345.233,"vintage_end":"202506","exposure_phase":"deployment"},"geometry":{"type":"Polygon","coordinates":[[[-118.38125620424114,34.033564624541214],[-118.38125620424114,34.0233238671402],[-118.36956988917491,34.02625121457705],[-118.36956988917491,34.03649239353543],[-118.38125620424114,34.033564624541214]]]}},{"type":"Feature","properties":{"state":"","county":"LOS_ANGELES","s2_cell":"9278182296362418176","waymo_ro_miles":72234.49648394663,"incremental_miles":28210.527,"vintage_end":"202506","exposure_phase":"deployment"},"geometry":{"type":"Polygon","coordinates":[[[-118.36956988917491,34.03649239353543],[-118.36956988917491,34.02625121457705],[-118.3578827622935,34.029177457934836],[-118.3578827622935,34.0394190581847],[-118.36956988917491,34.03649239353543]]]}},{"type":"Feature","properties":{"state":"","county":"LOS_ANGELES","s2_cell":"9278182330722156544","waymo_ro_miles":87385.15190428712,"incremental_miles":36999.842,"vintage_end":"202506","exposure_phase":"deployment"},"geometry":{"type":"Polygon","coordinates":[[[-118.3578827622935,34.0394190581847],[-118.3578827622935,34.029177457934836],[-118.34619482488387,34.03210259673171],[-118.34619482488387,34.04234461800719],[-118.3578827622935,34.0394190581847]]]}},{"type":"Feature","properties":{"state":"","county":"LOS_ANGELES","s2_cell":"9278182365081894912","waymo_ro_miles":64918.474862354866,"incremental_miles":35237.095,"vintage_end":"202506","exposure_phase":"deployment"},"geometry":{"type":"Polygon","coordinates":[[[-118.3578827622935,34.029177457934836],[-118.3578827622935,34.018934761162775],[-118.34619482488387,34.021859478515005],[-118.34619482488387,34.03210259673171],[-118.3578827622935,34.029177457934836]]]}},{"type":"Feature","properties":{"state":"","county":"LOS_ANGELES","s2_cell":"9278182399441633280","waymo_ro_miles":69091.86451547146,"incremental_miles":34734.369,"vintage_end":"202506","exposure_phase":"deployment"},"geometry":{"type":"Polygon","coordinates":[[[-118.36956988917491,34.02625121457705],[-118.36956988917491,34.01600893951561],[-118.3578827622935,34.018934761162775],[-118.3578827622935,34.029177457934836],[-118.36956988917491,34.02625121457705]]]}},{"type":"Feature","properties":{"state":"","county":"LOS_ANGELES","s2_cell":"9278182468161110016","waymo_ro_miles":7902.45670786357,"incremental_miles":7134.214,"vintage_end":"202506","exposure_phase":"deployment"},"geometry":{"type":"Polygon","coordinates":[[[-118.3578827622935,34.018934761162775],[-118.3578827622935,34.008690968624606],[-118.34619482488387,34.01161526411314],[-118.34619482488387,34.021859478515005],[-118.3578827622935,34.018934761162775]]]}},{"type":"Feature","properties":{"state":"","county":"LOS_ANGELES","s2_cell":"9278182502520848384","waymo_ro_miles":2535.9951803582812,"incremental_miles":2535.995,"vintage_end":"202506","exposure_phase":"deployment"},"geometry":{"type":"Polygon","coordinates":[[[-118.3578827622935,34.008690968624606],[-118.3578827622935,33.99844608107699],[-118.34619482488387,34.00136995428276],[-118.34619482488387,34.01161526411314],[-118.3578827622935,34.008690968624606]]]}},{"type":"Feature","properties":{"state":"","county":"LOS_ANGELES","s2_cell":"9278182536880586752","waymo_ro_miles":3345.894631975084,"incremental_miles":3345.895,"vintage_end":"202506","exposure_phase":"deployment"},"geometry":{"type":"Polygon","coordinates":[[[-118.36956988917491,34.00576556910721],[-118.36956988917491,33.995521104108576],[-118.3578827622935,33.99844608107699],[-118.3578827622935,34.008690968624606],[-118.36956988917491,34.00576556910721]]]}},{"type":"Feature","properties":{"state":"","county":"LOS_ANGELES","s2_cell":"9278182571240325120","waymo_ro_miles":107.1769262767732,"incremental_miles":107.177,"vintage_end":"202506","exposure_phase":"deployment"},"geometry":{"type":"Polygon","coordinates":[[[-118.38125620424114,34.002839066042895],[-118.38125620424114,33.99259502385951],[-118.36956988917491,33.995521104108576],[-118.36956988917491,34.00576556910721],[-118.38125620424114,34.002839066042895]]]}},{"type":"Feature","properties":{"state":"","county":"LOS_ANGELES","s2_cell":"9278182639959801856","waymo_ro_miles":48230.706633333204,"incremental_miles":22909.457,"vintage_end":"202506","exposure_phase":"deployment"},"geometry":{"type":"Polygon","coordinates":[[[-118.39294170620582,34.010153985264424],[-118.39294170620582,33.99991145991404],[-118.38125620424114,34.002839066042895],[-118.38125620424114,34.01308201405538],[-118.39294170620582,34.010153985264424]]]}},{"type":"Feature","properties":{"state":"","county":"LOS_ANGELES","s2_cell":"9278182708679278592","waymo_ro_miles":124063.20470048561,"incremental_miles":57258.447,"vintage_end":"202506","exposure_phase":"deployment"},"geometry":{"type":"Polygon","coordinates":[[[-118.40462639378326,33.99698275120345],[-118.40462639378326,33.9867395554495],[-118.39294170620582,33.9896678408122],[-118.39294170620582,33.99991145991404],[-118.40462639378326,33.99698275120345]]]}},{"type":"Feature","properties":{"state":"","county":"LOS_ANGELES","s2_cell":"9278182743039016960","waymo_ro_miles":31172.51166116146,"incremental_miles":15385.87,"vintage_end":"202506","exposure_phase":"deployment"},"geometry":{"type":"Polygon","coordinates":[[[-118.41631026568835,33.99405294039434],[-118.41631026568835,33.9838101682547],[-118.40462639378326,33.9867395554495],[-118.40462639378326,33.99698275120345],[-118.41631026568835,33.99405294039434]]]}},{"type":"Feature","properties":{"state":"","county":"LOS_ANGELES","s2_cell":"9278182777398755328","waymo_ro_miles":70406.69237200647,"incremental_miles":31430.225,"vintage_end":"202506","exposure_phase":"deployment"},"geometry":{"type":"Polygon","coordinates":[[[-118.41631026568835,34.004294619621774],[-118.41631026568835,33.99405294039434],[-118.40462639378326,33.99698275120345],[-118.40462639378326,34.00722485362549],[-118.41631026568835,34.004294619621774]]]}},{"type":"Feature","properties":{"state":"","county":"LOS_ANGELES","s2_cell":"9278182811758493696","waymo_ro_miles":82758.98882397228,"incremental_miles":39794.362,"vintage_end":"202506","exposure_phase":"deployment"},"geometry":{"type":"Polygon","coordinates":[[[-118.40462639378326,34.00722485362549],[-118.40462639378326,33.99698275120345],[-118.39294170620582,33.99991145991404],[-118.39294170620582,34.010153985264424],[-118.40462639378326,34.00722485362549]]]}},{"type":"Feature","properties":{"state":"","county":"LOS_ANGELES","s2_cell":"9278182846118232064","waymo_ro_miles":44186.31496343318,"incremental_miles":22685.953,"vintage_end":"202506","exposure_phase":"deployment"},"geometry":{"type":"Polygon","coordinates":[[[-118.40462639378326,34.01746586195883],[-118.40462639378326,34.00722485362549],[-118.39294170620582,34.010153985264424],[-118.39294170620582,34.02039541610655],[-118.40462639378326,34.01746586195883]]]}},{"type":"Feature","properties":{"state":"","county":"LOS_ANGELES","s2_cell":"9278182880477970432","waymo_ro_miles":173406.0095913353,"incremental_miles":75675.488,"vintage_end":"202506","exposure_phase":"deployment"},"geometry":{"type":"Polygon","coordinates":[[[-118.40462639378326,34.02770577544725],[-118.40462639378326,34.01746586195883],[-118.39294170620582,34.02039541610655],[-118.39294170620582,34.030635751684265],[-118.40462639378326,34.02770577544725]]]}},{"type":"Feature","properties":{"state":"","county":"LOS_ANGELES","s2_cell":"9278182914837708800","waymo_ro_miles":129992.43718633971,"incremental_miles":63933.803,"vintage_end":"202506","exposure_phase":"deployment"},"geometry":{"type":"Polygon","coordinates":[[[-118.41631026568835,34.024774696313266],[-118.41631026568835,34.014535205180174],[-118.40462639378326,34.01746586195883],[-118.40462639378326,34.02770577544725],[-118.41631026568835,34.024774696313266]]]}},{"type":"Feature","properties":{"state":"","county":"LOS_ANGELES","s2_cell":"9278182949197447168","waymo_ro_miles":110829.78009305705,"incremental_miles":51142.246,"vintage_end":"202506","exposure_phase":"deployment"},"geometry":{"type":"Polygon","coordinates":[[[-118.41631026568835,34.014535205180174],[-118.41631026568835,34.004294619621774],[-118.40462639378326,34.00722485362549],[-118.40462639378326,34.01746586195883],[-118.41631026568835,34.014535205180174]]]}},{"type":"Feature","properties":{"state":"","county":"LOS_ANGELES","s2_cell":"9278182983557185536","waymo_ro_miles":143272.28333411634,"incremental_miles":66270.225,"vintage_end":"202506","exposure_phase":"deployment"},"geometry":{"type":"Polygon","coordinates":[[[-118.42799332063665,34.01160344625414],[-118.42799332063665,34.00136328373689],[-118.41631026568835,34.004294619621774],[-118.41631026568835,34.014535205180174],[-118.42799332063665,34.01160344625414]]]}},{"type":"Feature","properties":{"state":"","county":"LOS_ANGELES","s2_cell":"9278183017916923904","waymo_ro_miles":94223.87800289776,"incremental_miles":43262.029,"vintage_end":"202506","exposure_phase":"deployment"},"geometry":{"type":"Polygon","coordinates":[[[-118.42799332063665,34.02184251476583],[-118.42799332063665,34.01160344625414],[-118.41631026568835,34.014535205180174],[-118.41631026568835,34.024774696313266],[-118.42799332063665,34.02184251476583]]]}},{"type":"Feature","properties":{"state":"","county":"LOS_ANGELES","s2_cell":"9278183052276662272","waymo_ro_miles":74533.78951137523,"incremental_miles":34780.703,"vintage_end":"202506","exposure_phase":"deployment"},"geometry":{"type":"Polygon","coordinates":[[[-118.4396755573443,34.018909231288895],[-118.4396755573443,34.00867058566473],[-118.42799332063665,34.01160344625414],[-118.42799332063665,34.02184251476583],[-118.4396755573443,34.018909231288895]]]}},{"type":"Feature","properties":{"state":"","county":"LOS_ANGELES","s2_cell":"9278183086636400640","waymo_ro_miles":125355.26092899671,"incremental_miles":55603.233,"vintage_end":"202506","exposure_phase":"deployment"},"geometry":{"type":"Polygon","coordinates":[[[-118.4396755573443,34.00867058566473],[-118.4396755573443,33.99843084645487],[-118.42799332063665,34.00136328373689],[-118.42799332063665,34.01160344625414],[-118.4396755573443,34.00867058566473]]]}},{"type":"Feature","properties":{"state":"","county":"LOS_ANGELES","s2_cell":"9278183120996139008","waymo_ro_miles":79567.1403289397,"incremental_miles":37839.262,"vintage_end":"202506","exposure_phase":"deployment"},"geometry":{"type":"Polygon","coordinates":[[[-118.4396755573443,33.99843084645487],[-118.4396755573443,33.988190014415686],[-118.42799332063665,33.991122027970384],[-118.42799332063665,34.00136328373689],[-118.4396755573443,33.99843084645487]]]}},{"type":"Feature","properties":{"state":"","county":"LOS_ANGELES","s2_cell":"9278183155355877376","waymo_ro_miles":80091.71823790649,"incremental_miles":37828.291,"vintage_end":"202506","exposure_phase":"deployment"},"geometry":{"type":"Polygon","coordinates":[[[-118.42799332063665,34.00136328373689],[-118.42799332063665,33.991122027970384],[-118.41631026568835,33.99405294039434],[-118.41631026568835,34.004294619621774],[-118.42799332063665,34.00136328373689]]]}},{"type":"Feature","properties":{"state":"","county":"LOS_ANGELES","s2_cell":"9278183189715615744","waymo_ro_miles":56402.905717411595,"incremental_miles":27182.081,"vintage_end":"202506","exposure_phase":"deployment"},"geometry":{"type":"Polygon","coordinates":[[[-118.42799332063665,33.991122027970384],[-118.42799332063665,33.98087967971151],[-118.41631026568835,33.9838101682547],[-118.41631026568835,33.99405294039434],[-118.42799332063665,33.991122027970384]]]}},{"type":"Feature","properties":{"state":"","county":"LOS_ANGELES","s2_cell":"9278183224075354112","waymo_ro_miles":35914.22161734656,"incremental_miles":18136.507,"vintage_end":"202506","exposure_phase":"deployment"},"geometry":{"type":"Polygon","coordinates":[[[-118.4396755573443,33.988190014415686],[-118.4396755573443,33.97794809030404],[-118.42799332063665,33.98087967971151],[-118.42799332063665,33.991122027970384],[-118.4396755573443,33.988190014415686]]]}},{"type":"Feature","properties":{"state":"","county":"LOS_ANGELES","s2_cell":"9278183258435092480","waymo_ro_miles":51824.61095059868,"incremental_miles":26404.432,"vintage_end":"202506","exposure_phase":"deployment"},"geometry":{"type":"Polygon","coordinates":[[[-118.4513569745281,33.98525690021474],[-118.45135697452811,33.97501540051689],[-118.4396755573443,33.97794809030404],[-118.4396755573443,33.988190014415686],[-118.4513569745281,33.98525690021474]]]}},{"type":"Feature","properties":{"state":"","county":"LOS_ANGELES","s2_cell":"9278183292794830848","waymo_ro_miles":123223.21107487039,"incremental_miles":58750.878,"vintage_end":"202506","exposure_phase":"deployment"},"geometry":{"type":"Polygon","coordinates":[[[-118.4513569745281,33.99549730826022],[-118.4513569745281,33.98525690021474],[-118.4396755573443,33.988190014415686],[-118.4396755573443,33.99843084645487],[-118.4513569745281,33.99549730826022]]]}},{"type":"Feature","properties":{"state":"","county":"LOS_ANGELES","s2_cell":"9278183327154569216","waymo_ro_miles":150813.4730561758,"incremental_miles":63905.909,"vintage_end":"202506","exposure_phase":"deployment"},"geometry":{"type":"Polygon","coordinates":[[[-118.46303757090548,33.99256266963781],[-118.46303757090548,33.98232268585252],[-118.4513569745281,33.98525690021474],[-118.4513569745281,33.99549730826022],[-118.46303757090548,33.99256266963781]]]}},{"type":"Feature","properties":{"state":"","county":"LOS_ANGELES","s2_cell":"9278183361514307584","waymo_ro_miles":51044.06783794934,"incremental_miles":23612.78,"vintage_end":"202506","exposure_phase":"deployment"},"geometry":{"type":"Polygon","coordinates":[[[-118.46303757090548,33.98232268585252],[-118.46303757090548,33.97208161083505],[-118.45135697452811,33.97501540051689],[-118.4513569745281,33.98525690021474],[-118.46303757090548,33.98232268585252]]]}},{"type":"Feature","properties":{"state":"","county":"LOS_ANGELES","s2_cell":"9278183395874045952","waymo_ro_miles":19145.319869128944,"incremental_miles":8142.79,"vintage_end":"202506","exposure_phase":"deployment"},"geometry":{"type":"Polygon","coordinates":[[[-118.47471734519449,33.979387371814404],[-118.47471734519449,33.969146721743925],[-118.46303757090548,33.97208161083505],[-118.46303757090548,33.98232268585252],[-118.47471734519449,33.979387371814404]]]}},{"type":"Feature","properties":{"state":"","county":"LOS_ANGELES","s2_cell":"9278183464593522688","waymo_ro_miles":238.2300098965824,"incremental_miles":89.052,"vintage_end":"202506","exposure_phase":"deployment"},"geometry":{"type":"Polygon","coordinates":[[[-118.4863962961138,33.98669009305152],[-118.4863962961138,33.97645095858618],[-118.47471734519449,33.979387371814404],[-118.47471734519449,33.989626931073],[-118.4863962961138,33.98669009305152]]]}},{"type":"Feature","properties":{"state":"","county":"LOS_ANGELES","s2_cell":"9278183498953261056","waymo_ro_miles":104950.14212053113,"incremental_miles":44775.926,"vintage_end":"202506","exposure_phase":"deployment"},"geometry":{"type":"Polygon","coordinates":[[[-118.47471734519449,33.989626931073],[-118.47471734519449,33.979387371814404],[-118.46303757090548,33.98232268585252],[-118.46303757090548,33.99256266963781],[-118.47471734519449,33.989626931073]]]}},{"type":"Feature","properties":{"state":"","county":"LOS_ANGELES","s2_cell":"9278183533312999424","waymo_ro_miles":95628.58349454291,"incremental_miles":46519.188,"vintage_end":"202506","exposure_phase":"deployment"},"geometry":{"type":"Polygon","coordinates":[[[-118.47471734519449,33.9998653987627],[-118.47471734519449,33.989626931073],[-118.46303757090548,33.99256266963781],[-118.46303757090548,34.00280156143394],[-118.47471734519449,33.9998653987627]]]}},{"type":"Feature","properties":{"state":"","county":"LOS_ANGELES","s2_cell":"9278183567672737792","waymo_ro_miles":63234.07230440167,"incremental_miles":25656.455,"vintage_end":"202506","exposure_phase":"deployment"},"geometry":{"type":"Polygon","coordinates":[[[-118.4863962961138,33.99692813636837],[-118.4863962961138,33.98669009305152],[-118.47471734519449,33.989626931073],[-118.47471734519449,33.9998653987627],[-118.4863962961138,33.99692813636837]]]}},{"type":"Feature","properties":{"state":"","county":"LOS_ANGELES","s2_cell":"9278183602032476160","waymo_ro_miles":121640.95865768303,"incremental_miles":54044.386,"vintage_end":"202506","exposure_phase":"deployment"},"geometry":{"type":"Polygon","coordinates":[[[-118.4863962961138,34.00716508778025],[-118.4863962961138,33.99692813636837],[-118.47471734519449,33.9998653987627],[-118.47471734519449,34.01010277412707],[-118.4863962961138,34.00716508778025]]]}},{"type":"Feature","properties":{"state":"","county":"LOS_ANGELES","s2_cell":"9278183636392214528","waymo_ro_miles":80633.78348257342,"incremental_miles":41597.762,"vintage_end":"202506","exposure_phase":"deployment"},"geometry":{"type":"Polygon","coordinates":[[[-118.47471734519449,34.01010277412707],[-118.47471734519449,33.9998653987627],[-118.46303757090548,34.00280156143394],[-118.46303757090548,34.0130393604845],[-118.47471734519449,34.01010277412707]]]}},{"type":"Feature","properties":{"state":"","county":"LOS_ANGELES","s2_cell":"9278183670751952896","waymo_ro_miles":42105.316676754715,"incremental_miles":22564.303,"vintage_end":"202506","exposure_phase":"deployment"},"geometry":{"type":"Polygon","coordinates":[[[-118.46303757090548,34.0130393604845],[-118.46303757090548,34.00280156143394],[-118.45135697452811,34.00573662389638],[-118.45135697452811,34.01597484636685],[-118.46303757090548,34.0130393604845]]]}},{"type":"Feature","properties":{"state":"","county":"LOS_ANGELES","s2_cell":"9278183705111691264","waymo_ro_miles":63937.870499223136,"incremental_miles":36394.812,"vintage_end":"202506","exposure_phase":"deployment"},"geometry":{"type":"Polygon","coordinates":[[[-118.46303757090548,34.00280156143394],[-118.46303757090548,33.99256266963781],[-118.4513569745281,33.99549730826022],[-118.45135697452811,34.00573662389638],[-118.46303757090548,34.00280156143394]]]}},{"type":"Feature","properties":{"state":"","county":"LOS_ANGELES","s2_cell":"9278183739471429632","waymo_ro_miles":63455.61037046956,"incremental_miles":31378.035,"vintage_end":"202506","exposure_phase":"deployment"},"geometry":{"type":"Polygon","coordinates":[[[-118.45135697452811,34.00573662389638],[-118.4513569745281,33.99549730826022],[-118.4396755573443,33.99843084645487],[-118.4396755573443,34.00867058566473],[-118.45135697452811,34.00573662389638]]]}},{"type":"Feature","properties":{"state":"","county":"LOS_ANGELES","s2_cell":"9278183773831168000","waymo_ro_miles":63003.94837384071,"incremental_miles":30726.235,"vintage_end":"202506","exposure_phase":"deployment"},"geometry":{"type":"Polygon","coordinates":[[[-118.45135697452811,34.01597484636685],[-118.45135697452811,34.00573662389638],[-118.4396755573443,34.00867058566473],[-118.4396755573443,34.018909231288895],[-118.45135697452811,34.01597484636685]]]}},{"type":"Feature","properties":{"state":"","county":"LOS_ANGELES","s2_cell":"9278183808190906368","waymo_ro_miles":127321.58279181758,"incremental_miles":55292.104,"vintage_end":"202506","exposure_phase":"deployment"},"geometry":{"type":"Polygon","coordinates":[[[-118.45135697452811,34.02621197491583],[-118.45135697452811,34.01597484636685],[-118.4396755573443,34.018909231288895],[-118.4396755573443,34.02914678257162],[-118.45135697452811,34.02621197491583]]]}},{"type":"Feature","properties":{"state":"","county":"LOS_ANGELES","s2_cell":"9278183842550644736","waymo_ro_miles":239058.30198963825,"incremental_miles":79910.522,"vintage_end":"202506","exposure_phase":"deployment"},"geometry":{"type":"Polygon","coordinates":[[[-118.45135697452811,34.0364480087881],[-118.45135697452811,34.02621197491583],[-118.4396755573443,34.02914678257162],[-118.4396755573443,34.039383238757694],[-118.45135697452811,34.0364480087881]]]}},{"type":"Feature","properties":{"state":"","county":"LOS_ANGELES","s2_cell":"9278183876910383104","waymo_ro_miles":191295.89410899766,"incremental_miles":64761.587,"vintage_end":"202506","exposure_phase":"deployment"},"geometry":{"type":"Polygon","coordinates":[[[-118.46303757090548,34.03351167732612],[-118.46303757090548,34.023276066033645],[-118.45135697452811,34.02621197491583],[-118.45135697452811,34.0364480087881],[-118.46303757090548,34.03351167732612]]]}},{"type":"Feature","properties":{"state":"","county":"LOS_ANGELES","s2_cell":"9278183911270121472","waymo_ro_miles":68116.58205608648,"incremental_miles":29865.492,"vintage_end":"202506","exposure_phase":"deployment"},"geometry":{"type":"Polygon","coordinates":[[[-118.46303757090548,34.023276066033645],[-118.46303757090548,34.0130393604845],[-118.45135697452811,34.01597484636685],[-118.45135697452811,34.02621197491583],[-118.46303757090548,34.023276066033645]]]}},{"type":"Feature","properties":{"state":"","county":"LOS_ANGELES","s2_cell":"9278183945629859840","waymo_ro_miles":115960.3273928682,"incremental_miles":47749.908,"vintage_end":"202506","exposure_phase":"deployment"},"geometry":{"type":"Polygon","coordinates":[[[-118.47471734519449,34.02033905641025],[-118.47471734519449,34.01010277412707],[-118.46303757090548,34.0130393604845],[-118.46303757090548,34.023276066033645],[-118.47471734519449,34.02033905641025]]]}},{"type":"Feature","properties":{"state":"","county":"LOS_ANGELES","s2_cell":"9278183979989598208","waymo_ro_miles":159887.3712193322,"incremental_miles":67558.187,"vintage_end":"202506","exposure_phase":"deployment"},"geometry":{"type":"Polygon","coordinates":[[[-118.4863962961138,34.017400946531254],[-118.4863962961138,34.00716508778025],[-118.47471734519449,34.01010277412707],[-118.47471734519449,34.02033905641025],[-118.4863962961138,34.017400946531254]]]}},{"type":"Feature","properties":{"state":"","county":"LOS_ANGELES","s2_cell":"9278184014349336576","waymo_ro_miles":195422.7612159891,"incremental_miles":89826.0,"vintage_end":"202506","exposure_phase":"deployment"},"geometry":{"type":"Polygon","coordinates":[[[-118.4863962961138,34.027635711866054],[-118.4863962961138,34.017400946531254],[-118.47471734519449,34.02033905641025],[-118.47471734519449,34.030574244856915],[-118.4863962961138,34.027635711866054]]]}},{"type":"Feature","properties":{"state":"","county":"LOS_ANGELES","s2_cell":"9278184048709074944","waymo_ro_miles":57560.485609501135,"incremental_miles":18702.289,"vintage_end":"202506","exposure_phase":"deployment"},"geometry":{"type":"Polygon","coordinates":[[[-118.47471734519449,34.030574244856915],[-118.47471734519449,34.02033905641025],[-118.46303757090548,34.023276066033645],[-118.46303757090548,34.03351167732612],[-118.47471734519449,34.030574244856915]]]}},{"type":"Feature","properties":{"state":"","county":"LOS_ANGELES","s2_cell":"9278184083068813312","waymo_ro_miles":169367.83273156092,"incremental_miles":74950.105,"vintage_end":"202506","exposure_phase":"deployment"},"geometry":{"type":"Polygon","coordinates":[[[-118.47471734519449,34.04080833871238],[-118.47471734519449,34.030574244856915],[-118.46303757090548,34.03351167732612],[-118.46303757090548,34.04374619360725],[-118.47471734519449,34.04080833871238]]]}},{"type":"Feature","properties":{"state":"","county":"LOS_ANGELES","s2_cell":"9278184117428551680","waymo_ro_miles":110784.67510146623,"incremental_miles":44085.36,"vintage_end":"202506","exposure_phase":"deployment"},"geometry":{"type":"Polygon","coordinates":[[[-118.4863962961138,34.0378693830299],[-118.4863962961138,34.027635711866054],[-118.47471734519449,34.030574244856915],[-118.47471734519449,34.04080833871238],[-118.4863962961138,34.0378693830299]]]}},{"type":"Feature","properties":{"state":"","county":"LOS_ANGELES","s2_cell":"9278184151788290048","waymo_ro_miles":17489.848116580226,"incremental_miles":8771.243,"vintage_end":"202506","exposure_phase":"deployment"},"geometry":{"type":"Polygon","coordinates":[[[-118.4863962961138,34.04810195926861],[-118.4863962961138,34.0378693830299],[-118.47471734519449,34.04080833871238],[-118.47471734519449,34.05104133722248],[-118.4863962961138,34.04810195926861]]]}},{"type":"Feature","properties":{"state":"","county":"LOS_ANGELES","s2_cell":"9278184186148028416","waymo_ro_miles":81650.3423292027,"incremental_miles":32440.292,"vintage_end":"202506","exposure_phase":"deployment"},"geometry":{"type":"Polygon","coordinates":[[[-118.47471734519449,34.05104133722248],[-118.47471734519449,34.04080833871238],[-118.46303757090548,34.04374619360725],[-118.46303757090548,34.053979614122916],[-118.47471734519449,34.05104133722248]]]}},{"type":"Feature","properties":{"state":"","county":"LOS_ANGELES","s2_cell":"9278184220507766784","waymo_ro_miles":80665.34775009792,"incremental_miles":34291.931,"vintage_end":"202506","exposure_phase":"deployment"},"geometry":{"type":"Polygon","coordinates":[[[-118.46303757090548,34.053979614122916],[-118.46303757090548,34.04374619360725],[-118.45135697452811,34.046682947229],[-118.45135697452811,34.05691678948447],[-118.46303757090548,34.053979614122916]]]}},{"type":"Feature","properties":{"state":"","county":"LOS_ANGELES","s2_cell":"9278184254867505152","waymo_ro_miles":162226.81942570396,"incremental_miles":69145.847,"vintage_end":"202506","exposure_phase":"deployment"},"geometry":{"type":"Polygon","coordinates":[[[-118.46303757090548,34.04374619360725],[-118.46303757090548,34.03351167732612],[-118.45135697452811,34.0364480087881],[-118.45135697452811,34.046682947229],[-118.46303757090548,34.04374619360725]]]}},{"type":"Feature","properties":{"state":"","county":"LOS_ANGELES","s2_cell":"9278184289227243520","waymo_ro_miles":120872.43616164963,"incremental_miles":47612.505,"vintage_end":"202506","exposure_phase":"deployment"},"geometry":{"type":"Polygon","coordinates":[[[-118.45135697452811,34.046682947229],[-118.45135697452811,34.0364480087881],[-118.4396755573443,34.039383238757694],[-118.4396755573443,34.049618599092526],[-118.45135697452811,34.046682947229]]]}},{"type":"Feature","properties":{"state":"","county":"LOS_ANGELES","s2_cell":"9278184323586981888","waymo_ro_miles":101607.21372773068,"incremental_miles":45340.353,"vintage_end":"202506","exposure_phase":"deployment"},"geometry":{"type":"Polygon","coordinates":[[[-118.45135697452811,34.05691678948447],[-118.45135697452811,34.046682947229],[-118.4396755573443,34.049618599092526],[-118.4396755573443,34.05985286282207],[-118.45135697452811,34.05691678948447]]]}},{"type":"Feature","properties":{"state":"","county":"LOS_ANGELES","s2_cell":"9278184357946720256","waymo_ro_miles":79610.1546627565,"incremental_miles":34647.537,"vintage_end":"202506","exposure_phase":"deployment"},"geometry":{"type":"Polygon","coordinates":[[[-118.4396755573443,34.05985286282207],[-118.4396755573443,34.049618599092526],[-118.42799332063665,34.05255314871316],[-118.42799332063665,34.06278783365108],[-118.4396755573443,34.05985286282207]]]}},{"type":"Feature","properties":{"state":"","county":"LOS_ANGELES","s2_cell":"9278184392306458624","waymo_ro_miles":142488.33383422944,"incremental_miles":61784.986,"vintage_end":"202506","exposure_phase":"deployment"},"geometry":{"type":"Polygon","coordinates":[[[-118.42799332063665,34.06278783365108],[-118.42799332063665,34.05255314871316],[-118.41631026568835,34.055486595606645],[-118.41631026568835,34.06572170148733],[-118.42799332063665,34.06278783365108]]]}},{"type":"Feature","properties":{"state":"","county":"LOS_ANGELES","s2_cell":"9278184426666196992","waymo_ro_miles":173954.8128197554,"incremental_miles":56689.772,"vintage_end":"202506","exposure_phase":"deployment"},"geometry":{"type":"Polygon","coordinates":[[[-118.42799332063665,34.05255314871316],[-118.42799332063665,34.042317366750204],[-118.41631026568835,34.04525039228133],[-118.41631026568835,34.055486595606645],[-118.42799332063665,34.05255314871316]]]}},{"type":"Feature","properties":{"state":"","county":"LOS_ANGELES","s2_cell":"9278184461025935360","waymo_ro_miles":208088.2076956502,"incremental_miles":71633.131,"vintage_end":"202506","exposure_phase":"deployment"},"geometry":{"type":"Polygon","coordinates":[[[-118.4396755573443,34.049618599092526],[-118.4396755573443,34.039383238757694],[-118.42799332063665,34.042317366750204],[-118.42799332063665,34.05255314871316],[-118.4396755573443,34.049618599092526]]]}},{"type":"Feature","properties":{"state":"","county":"LOS_ANGELES","s2_cell":"9278184495385673728","waymo_ro_miles":131964.06382374105,"incremental_miles":51636.986,"vintage_end":"202506","exposure_phase":"deployment"},"geometry":{"type":"Polygon","coordinates":[[[-118.4396755573443,34.039383238757694],[-118.4396755573443,34.02914678257162],[-118.42799332063665,34.032080488516236],[-118.42799332063665,34.042317366750204],[-118.4396755573443,34.039383238757694]]]}},{"type":"Feature","properties":{"state":"","county":"LOS_ANGELES","s2_cell":"9278184529745412096","waymo_ro_miles":78672.58777605067,"incremental_miles":29669.323,"vintage_end":"202506","exposure_phase":"deployment"},"geometry":{"type":"Polygon","coordinates":[[[-118.4396755573443,34.02914678257162],[-118.4396755573443,34.018909231288895],[-118.42799332063665,34.02184251476583],[-118.42799332063665,34.032080488516236],[-118.4396755573443,34.02914678257162]]]}},{"type":"Feature","properties":{"state":"","county":"LOS_ANGELES","s2_cell":"9278184564105150464","waymo_ro_miles":43577.589933286166,"incremental_miles":15000.993,"vintage_end":"202506","exposure_phase":"deployment"},"geometry":{"type":"Polygon","coordinates":[[[-118.42799332063665,34.032080488516236],[-118.42799332063665,34.02184251476583],[-118.41631026568835,34.024774696313266],[-118.41631026568835,34.03501309226535],[-118.42799332063665,34.032080488516236]]]}},{"type":"Feature","properties":{"state":"","county":"LOS_ANGELES","s2_cell":"9278184598464888832","waymo_ro_miles":48539.39513962793,"incremental_miles":18600.811,"vintage_end":"202506","exposure_phase":"deployment"},"geometry":{"type":"Polygon","coordinates":[[[-118.42799332063665,34.042317366750204],[-118.42799332063665,34.032080488516236],[-118.41631026568835,34.03501309226535],[-118.41631026568835,34.04525039228133],[-118.42799332063665,34.042317366750204]]]}},{"type":"Feature","properties":{"state":"","county":"LOS_ANGELES","s2_cell":"9278184632824627200","waymo_ro_miles":16732.24499916766,"incremental_miles":8622.171,"vintage_end":"202506","exposure_phase":"deployment"},"geometry":{"type":"Polygon","coordinates":[[[-118.41631026568835,34.04525039228133],[-118.41631026568835,34.03501309226535],[-118.40462639378326,34.03794459333507],[-118.40462639378326,34.048182314867226],[-118.41631026568835,34.04525039228133]]]}},{"type":"Feature","properties":{"state":"","county":"LOS_ANGELES","s2_cell":"9278184667184365568","waymo_ro_miles":60423.42129670386,"incremental_miles":22284.659,"vintage_end":"202506","exposure_phase":"deployment"},"geometry":{"type":"Polygon","coordinates":[[[-118.41631026568835,34.03501309226535],[-118.41631026568835,34.024774696313266],[-118.40462639378326,34.02770577544725],[-118.40462639378326,34.03794459333507],[-118.41631026568835,34.03501309226535]]]}},{"type":"Feature","properties":{"state":"","county":"LOS_ANGELES","s2_cell":"9278184701544103936","waymo_ro_miles":79184.57065702345,"incremental_miles":29909.095,"vintage_end":"202506","exposure_phase":"deployment"},"geometry":{"type":"Polygon","coordinates":[[[-118.40462639378326,34.03794459333507],[-118.40462639378326,34.02770577544725],[-118.39294170620582,34.030635751684265],[-118.39294170620582,34.04087499124191],[-118.40462639378326,34.03794459333507]]]}},{"type":"Feature","properties":{"state":"","county":"LOS_ANGELES","s2_cell":"9278184770263580672","waymo_ro_miles":122393.27114836605,"incremental_miles":40974.065,"vintage_end":"202506","exposure_phase":"deployment"},"geometry":{"type":"Polygon","coordinates":[[[-118.40462639378326,34.05841893928918],[-118.40462639378326,34.048182314867226],[-118.39294170620582,34.05111313402445],[-118.39294170620582,34.061350179277404],[-118.40462639378326,34.05841893928918]]]}},{"type":"Feature","properties":{"state":"","county":"LOS_ANGELES","s2_cell":"9278184804623319040","waymo_ro_miles":96032.57394473112,"incremental_miles":36288.351,"vintage_end":"202506","exposure_phase":"deployment"},"geometry":{"type":"Polygon","coordinates":[[[-118.41631026568835,34.055486595606645],[-118.41631026568835,34.04525039228133],[-118.40462639378326,34.048182314867226],[-118.40462639378326,34.05841893928918],[-118.41631026568835,34.055486595606645]]]}},{"type":"Feature","properties":{"state":"","county":"LOS_ANGELES","s2_cell":"9278184838983057408","waymo_ro_miles":183978.9611454509,"incremental_miles":69923.297,"vintage_end":"202506","exposure_phase":"deployment"},"geometry":{"type":"Polygon","coordinates":[[[-118.41631026568835,34.06572170148733],[-118.41631026568835,34.055486595606645],[-118.40462639378326,34.05841893928918],[-118.40462639378326,34.06865446584705],[-118.41631026568835,34.06572170148733]]]}},{"type":"Feature","properties":{"state":"","county":"LOS_ANGELES","s2_cell":"9278184873342795776","waymo_ro_miles":81015.56607746246,"incremental_miles":24575.684,"vintage_end":"202506","exposure_phase":"deployment"},"geometry":{"type":"Polygon","coordinates":[[[-118.40462639378326,34.06865446584705],[-118.40462639378326,34.05841893928918],[-118.39294170620582,34.061350179277404],[-118.39294170620582,34.071586126246885],[-118.40462639378326,34.06865446584705]]]}},{"type":"Feature","properties":{"state":"","county":"LOS_ANGELES","s2_cell":"9278184907702534144","waymo_ro_miles":157965.16905830213,"incremental_miles":64564.748,"vintage_end":"202506","exposure_phase":"deployment"},"geometry":{"type":"Polygon","coordinates":[[[-118.40462639378326,34.07888889378743],[-118.40462639378326,34.06865446584705],[-118.39294170620582,34.071586126246885],[-118.39294170620582,34.08182097417957],[-118.40462639378326,34.07888889378743]]]}},{"type":"Feature","properties":{"state":"","county":"LOS_ANGELES","s2_cell":"9278184942062272512","waymo_ro_miles":79472.09860549428,"incremental_miles":33971.956,"vintage_end":"202506","exposure_phase":"deployment"},"geometry":{"type":"Polygon","coordinates":[[[-118.41631026568835,34.07595570916999],[-118.41631026568835,34.06572170148733],[-118.40462639378326,34.06865446584705],[-118.40462639378326,34.07888889378743],[-118.41631026568835,34.07595570916999]]]}},{"type":"Feature","properties":{"state":"","county":"LOS_ANGELES","s2_cell":"9278184976422010880","waymo_ro_miles":1713.8741155468463,"incremental_miles":1713.874,"vintage_end":"202506","exposure_phase":"deployment"},"geometry":{"type":"Polygon","coordinates":[[[-118.41631026568835,34.086188617901826],[-118.41631026568835,34.07595570916999],[-118.40462639378326,34.07888889378743],[-118.40462639378326,34.08912222235755],[-118.41631026568835,34.086188617901826]]]}},{"type":"Feature","properties":{"state":"","county":"LOS_ANGELES","s2_cell":"9278185010781749248","waymo_ro_miles":1489.267510099173,"incremental_miles":1489.268,"vintage_end":"202506","exposure_phase":"deployment"},"geometry":{"type":"Polygon","coordinates":[[[-118.40462639378326,34.08912222235755],[-118.40462639378326,34.07888889378743],[-118.39294170620582,34.08182097417957],[-118.39294170620582,34.09205472232272],[-118.40462639378326,34.08912222235755]]]}},{"type":"Feature","properties":{"state":"","county":"LOS_ANGELES","s2_cell":"9278185285659656192","waymo_ro_miles":291.9611574426299,"incremental_miles":291.961,"vintage_end":"202506","exposure_phase":"deployment"},"geometry":{"type":"Polygon","coordinates":[[[-118.4396755573443,34.09054906684718],[-118.4396755573443,34.08031809745199],[-118.42799332063665,34.08325390943874],[-118.42799332063665,34.09348529878334],[-118.4396755573443,34.09054906684718]]]}},{"type":"Feature","properties":{"state":"","county":"LOS_ANGELES","s2_cell":"9278185320019394560","waymo_ro_miles":1765.4270164430325,"incremental_miles":1764.391,"vintage_end":"202506","exposure_phase":"deployment"},"geometry":{"type":"Polygon","coordinates":[[[-118.4396755573443,34.08031809745199],[-118.4396755573443,34.070086029192844],[-118.42799332063665,34.07302142081056],[-118.42799332063665,34.08325390943874],[-118.4396755573443,34.08031809745199]]]}},{"type":"Feature","properties":{"state":"","county":"LOS_ANGELES","s2_cell":"9278185354379132928","waymo_ro_miles":1381.5264965854062,"incremental_miles":1381.526,"vintage_end":"202506","exposure_phase":"deployment"},"geometry":{"type":"Polygon","coordinates":[[[-118.42799332063665,34.08325390943874],[-118.42799332063665,34.07302142081056],[-118.41631026568835,34.07595570916999],[-118.41631026568835,34.086188617901826],[-118.42799332063665,34.08325390943874]]]}},{"type":"Feature","properties":{"state":"","county":"LOS_ANGELES","s2_cell":"9278185388738871296","waymo_ro_miles":34424.846118372894,"incremental_miles":12376.06,"vintage_end":"202506","exposure_phase":"deployment"},"geometry":{"type":"Polygon","coordinates":[[[-118.42799332063665,34.07302142081056],[-118.42799332063665,34.06278783365108],[-118.41631026568835,34.06572170148733],[-118.41631026568835,34.07595570916999],[-118.42799332063665,34.07302142081056]]]}},{"type":"Feature","properties":{"state":"","county":"LOS_ANGELES","s2_cell":"9278185423098609664","waymo_ro_miles":52742.40190915498,"incremental_miles":22779.684,"vintage_end":"202506","exposure_phase":"deployment"},"geometry":{"type":"Polygon","coordinates":[[[-118.4396755573443,34.070086029192844],[-118.4396755573443,34.05985286282207],[-118.42799332063665,34.06278783365108],[-118.42799332063665,34.07302142081056],[-118.4396755573443,34.070086029192844]]]}},{"type":"Feature","properties":{"state":"","county":"LOS_ANGELES","s2_cell":"9278185457458348032","waymo_ro_miles":63725.89698169616,"incremental_miles":32901.403,"vintage_end":"202506","exposure_phase":"deployment"},"geometry":{"type":"Polygon","coordinates":[[[-118.45135697452811,34.067149534801004],[-118.45135697452811,34.05691678948447],[-118.4396755573443,34.05985286282207],[-118.4396755573443,34.070086029192844],[-118.45135697452811,34.067149534801004]]]}},{"type":"Feature","properties":{"state":"","county":"LOS_ANGELES","s2_cell":"9278185491818086400","waymo_ro_miles":3337.4927913899637,"incremental_miles":1884.576,"vintage_end":"202506","exposure_phase":"deployment"},"geometry":{"type":"Polygon","coordinates":[[[-118.45135697452811,34.07738118242568],[-118.45135697452811,34.067149534801004],[-118.4396755573443,34.070086029192844],[-118.4396755573443,34.08031809745199],[-118.45135697452811,34.07738118242568]]]}},{"type":"Feature","properties":{"state":"","county":"LOS_ANGELES","s2_cell":"9278185526177824768","waymo_ro_miles":11257.24600938346,"incremental_miles":6887.639,"vintage_end":"202506","exposure_phase":"deployment"},"geometry":{"type":"Polygon","coordinates":[[[-118.46303757090548,34.07444316484433],[-118.46303757090548,34.0642119381196],[-118.45135697452811,34.067149534801004],[-118.45135697452811,34.07738118242568],[-118.46303757090548,34.07444316484433]]]}},{"type":"Feature","properties":{"state":"","county":"LOS_ANGELES","s2_cell":"9278185560537563136","waymo_ro_miles":13501.929298555204,"incremental_miles":7882.42,"vintage_end":"202506","exposure_phase":"deployment"},"geometry":{"type":"Polygon","coordinates":[[[-118.46303757090548,34.0642119381196],[-118.46303757090548,34.053979614122916],[-118.45135697452811,34.05691678948447],[-118.45135697452811,34.067149534801004],[-118.46303757090548,34.0642119381196]]]}},{"type":"Feature","properties":{"state":"","county":"LOS_ANGELES","s2_cell":"9278185594897301504","waymo_ro_miles":9573.148908977357,"incremental_miles":3925.253,"vintage_end":"202506","exposure_phase":"deployment"},"geometry":{"type":"Polygon","coordinates":[[[-118.47471734519449,34.06127323963364],[-118.47471734519449,34.05104133722248],[-118.46303757090548,34.053979614122916],[-118.46303757090548,34.0642119381196],[-118.47471734519449,34.06127323963364]]]}},{"type":"Feature","properties":{"state":"","county":"LOS_ANGELES","s2_cell":"9278185629257039872","waymo_ro_miles":8607.653874219972,"incremental_miles":3580.942,"vintage_end":"202506","exposure_phase":"deployment"},"geometry":{"type":"Polygon","coordinates":[[[-118.4863962961138,34.05833343982856],[-118.4863962961138,34.04810195926861],[-118.47471734519449,34.05104133722248],[-118.47471734519449,34.06127323963364],[-118.4863962961138,34.05833343982856]]]}},{"type":"Feature","properties":{"state":"","county":"LOS_ANGELES","s2_cell":"9278185663616778240","waymo_ro_miles":0.480286860357024,"incremental_miles":0.48,"vintage_end":"202506","exposure_phase":"deployment"},"geometry":{"type":"Polygon","coordinates":[[[-118.4863962961138,34.068563823956744],[-118.4863962961138,34.05833343982856],[-118.47471734519449,34.06127323963364],[-118.47471734519449,34.07150404519288],[-118.4863962961138,34.068563823956744]]]}},{"type":"Feature","properties":{"state":"","county":"LOS_ANGELES","s2_cell":"9278185697976516608","waymo_ro_miles":429.99327503544544,"incremental_miles":429.918,"vintage_end":"202506","exposure_phase":"deployment"},"geometry":{"type":"Polygon","coordinates":[[[-118.47471734519449,34.07150404519288],[-118.47471734519449,34.06127323963364],[-118.46303757090548,34.0642119381196],[-118.46303757090548,34.07444316484433],[-118.47471734519449,34.07150404519288]]]}},{"type":"Feature","properties":{"state":"","county":"LOS_ANGELES","s2_cell":"9278185904134946816","waymo_ro_miles":63.7193610666647,"incremental_miles":63.719,"vintage_end":"202506","exposure_phase":"deployment"},"geometry":{"type":"Polygon","coordinates":[[[-118.46303757090548,34.08467329354471],[-118.46303757090548,34.07444316484433],[-118.45135697452811,34.07738118242568],[-118.45135697452811,34.08761173160615],[-118.46303757090548,34.08467329354471]]]}},{"type":"Feature","properties":{"state":"","county":"LOS_ANGELES","s2_cell":"9278187725201080320","waymo_ro_miles":2.0315739425242687,"incremental_miles":2.032,"vintage_end":"202506","exposure_phase":"deployment"},"geometry":{"type":"Polygon","coordinates":[[[-118.38125620424114,34.10521918380458],[-118.38125620424114,34.0949861173145],[-118.36956988917491,34.097916406850516],[-118.36956988917491,34.10814989196416],[-118.38125620424114,34.10521918380458]]]}},{"type":"Feature","properties":{"state":"","county":"LOS_ANGELES","s2_cell":"9278187793920557056","waymo_ro_miles":28672.215400504727,"incremental_miles":13401.162,"vintage_end":"202506","exposure_phase":"deployment"},"geometry":{"type":"Polygon","coordinates":[[[-118.39294170620582,34.09205472232272],[-118.39294170620582,34.08182097417957],[-118.38125620424114,34.08475194986359],[-118.38125620424114,34.0949861173145],[-118.39294170620582,34.09205472232272]]]}},{"type":"Feature","properties":{"state":"","county":"LOS_ANGELES","s2_cell":"9278187828280295424","waymo_ro_miles":157529.81210446617,"incremental_miles":60314.531,"vintage_end":"202506","exposure_phase":"deployment"},"geometry":{"type":"Polygon","coordinates":[[[-118.39294170620582,34.08182097417957],[-118.39294170620582,34.071586126246885],[-118.38125620424114,34.074516682203964],[-118.38125620424114,34.08475194986359],[-118.39294170620582,34.08182097417957]]]}},{"type":"Feature","properties":{"state":"","county":"LOS_ANGELES","s2_cell":"9278187862640033792","waymo_ro_miles":130408.04562255769,"incremental_miles":44195.685,"vintage_end":"202506","exposure_phase":"deployment"},"geometry":{"type":"Polygon","coordinates":[[[-118.38125620424114,34.08475194986359],[-118.38125620424114,34.074516682203964],[-118.36956988917491,34.07744613323579],[-118.36956988917491,34.08768182035703],[-118.38125620424114,34.08475194986359]]]}},{"type":"Feature","properties":{"state":"","county":"LOS_ANGELES","s2_cell":"9278187896999772160","waymo_ro_miles":68622.41541565205,"incremental_miles":28037.884,"vintage_end":"202506","exposure_phase":"deployment"},"geometry":{"type":"Polygon","coordinates":[[[-118.38125620424114,34.0949861173145],[-118.38125620424114,34.08475194986359],[-118.36956988917491,34.08768182035703],[-118.36956988917491,34.097916406850516],[-118.38125620424114,34.0949861173145]]]}},{"type":"Feature","properties":{"state":"","county":"LOS_ANGELES","s2_cell":"9278187931359510528","waymo_ro_miles":54902.60975382009,"incremental_miles":23881.629,"vintage_end":"202506","exposure_phase":"deployment"},"geometry":{"type":"Polygon","coordinates":[[[-118.36956988917491,34.097916406850516],[-118.36956988917491,34.08768182035703],[-118.3578827622935,34.090610585177906],[-118.3578827622935,34.10084559044883],[-118.36956988917491,34.097916406850516]]]}},{"type":"Feature","properties":{"state":"","county":"LOS_ANGELES","s2_cell":"9278187965719248896","waymo_ro_miles":83755.59986945016,"incremental_miles":37837.28,"vintage_end":"202506","exposure_phase":"deployment"},"geometry":{"type":"Polygon","coordinates":[[[-118.36956988917491,34.08768182035703],[-118.36956988917491,34.07744613323579],[-118.3578827622935,34.080374478860335],[-118.3578827622935,34.090610585177906],[-118.36956988917491,34.08768182035703]]]}},{"type":"Feature","properties":{"state":"","county":"LOS_ANGELES","s2_cell":"9278188000078987264","waymo_ro_miles":96080.65898984965,"incremental_miles":39956.002,"vintage_end":"202506","exposure_phase":"deployment"},"geometry":{"type":"Polygon","coordinates":[[[-118.3578827622935,34.090610585177906],[-118.3578827622935,34.080374478860335],[-118.34619482488387,34.083301718595976],[-118.34619482488387,34.09353824384467],[-118.3578827622935,34.090610585177906]]]}},{"type":"Feature","properties":{"state":"","county":"LOS_ANGELES","s2_cell":"9278188034438725632","waymo_ro_miles":10231.138218482156,"incremental_miles":6766.531,"vintage_end":"202506","exposure_phase":"deployment"},"geometry":{"type":"Polygon","coordinates":[[[-118.3578827622935,34.10084559044883],[-118.3578827622935,34.090610585177906],[-118.34619482488387,34.09353824384467],[-118.34619482488387,34.10377366762791],[-118.3578827622935,34.10084559044883]]]}},{"type":"Feature","properties":{"state":"","county":"LOS_ANGELES","s2_cell":"9278188068798464000","waymo_ro_miles":255.71777180684742,"incremental_miles":254.738,"vintage_end":"202506","exposure_phase":"deployment"},"geometry":{"type":"Polygon","coordinates":[[[-118.3578827622935,34.11107949392101],[-118.3578827622935,34.10084559044883],[-118.34619482488387,34.10377366762791],[-118.34619482488387,34.11400798919366],[-118.3578827622935,34.11107949392101]]]}},{"type":"Feature","properties":{"state":"","county":"LOS_ANGELES","s2_cell":"9278188103158202368","waymo_ro_miles":515.593090957579,"incremental_miles":515.593,"vintage_end":"202506","exposure_phase":"deployment"},"geometry":{"type":"Polygon","coordinates":[[[-118.36956988917491,34.10814989196416],[-118.36956988917491,34.097916406850516],[-118.3578827622935,34.10084559044883],[-118.3578827622935,34.11107949392101],[-118.36956988917491,34.10814989196416]]]}},{"type":"Feature","properties":{"state":"","county":"LOS_ANGELES","s2_cell":"9278188274956894208","waymo_ro_miles":64.59587305834538,"incremental_miles":64.596,"vintage_end":"202506","exposure_phase":"deployment"},"geometry":{"type":"Polygon","coordinates":[[[-118.33450607823356,34.11693537730107],[-118.33450607823357,34.10670063790669],[-118.32281652363086,34.10962650080452],[-118.32281652363083,34.11986165776265],[-118.33450607823356,34.11693537730107]]]}},{"type":"Feature","properties":{"state":"","county":"LOS_ANGELES","s2_cell":"9278188309316632576","waymo_ro_miles":70.96118468001197,"incremental_miles":59.116,"vintage_end":"202506","exposure_phase":"deployment"},"geometry":{"type":"Polygon","coordinates":[[[-118.34619482488387,34.11400798919366],[-118.34619482488387,34.10377366762791],[-118.33450607823357,34.10670063790669],[-118.33450607823356,34.11693537730107],[-118.34619482488387,34.11400798919366]]]}},{"type":"Feature","properties":{"state":"","county":"LOS_ANGELES","s2_cell":"9278188343676370944","waymo_ro_miles":59245.32537229399,"incremental_miles":28529.031,"vintage_end":"202506","exposure_phase":"deployment"},"geometry":{"type":"Polygon","coordinates":[[[-118.34619482488387,34.10377366762791],[-118.34619482488387,34.09353824384467],[-118.33450607823357,34.09646479587619],[-118.33450607823357,34.10670063790669],[-118.34619482488387,34.10377366762791]]]}},{"type":"Feature","properties":{"state":"","county":"LOS_ANGELES","s2_cell":"9278188378036109312","waymo_ro_miles":117771.13219824378,"incremental_miles":47366.731,"vintage_end":"202506","exposure_phase":"deployment"},"geometry":{"type":"Polygon","coordinates":[[[-118.34619482488387,34.09353824384467],[-118.34619482488387,34.083301718595976],[-118.33450607823357,34.086227851961546],[-118.33450607823357,34.09646479587619],[-118.34619482488387,34.09353824384467]]]}},{"type":"Feature","properties":{"state":"","county":"LOS_ANGELES","s2_cell":"9278188412395847680","waymo_ro_miles":90004.85386825648,"incremental_miles":37719.045,"vintage_end":"202506","exposure_phase":"deployment"},"geometry":{"type":"Polygon","coordinates":[[[-118.33450607823357,34.09646479587619],[-118.33450607823357,34.086227851961546],[-118.32281652363086,34.089152878476305],[-118.32281652363086,34.09939024079175],[-118.33450607823357,34.09646479587619]]]}},{"type":"Feature","properties":{"state":"","county":"LOS_ANGELES","s2_cell":"9278188446755586048","waymo_ro_miles":35171.39664787695,"incremental_miles":16474.495,"vintage_end":"202506","exposure_phase":"deployment"},"geometry":{"type":"Polygon","coordinates":[[[-118.33450607823357,34.10670063790669],[-118.33450607823357,34.09646479587619],[-118.32281652363086,34.09939024079175],[-118.32281652363086,34.10962650080452],[-118.33450607823357,34.10670063790669]]]}},{"type":"Feature","properties":{"state":"","county":"LOS_ANGELES","s2_cell":"9278188481115324416","waymo_ro_miles":7907.7630285935165,"incremental_miles":3945.68,"vintage_end":"202506","exposure_phase":"deployment"},"geometry":{"type":"Polygon","coordinates":[[[-118.32281652363086,34.10962650080452],[-118.32281652363086,34.09939024079175],[-118.31112616236453,34.102314578111105],[-118.31112616236453,34.112551255841176],[-118.32281652363086,34.10962650080452]]]}},{"type":"Feature","properties":{"state":"","county":"LOS_ANGELES","s2_cell":"9278188515475062784","waymo_ro_miles":41271.71038301492,"incremental_miles":19033.959,"vintage_end":"202506","exposure_phase":"deployment"},"geometry":{"type":"Polygon","coordinates":[[[-118.32281652363086,34.09939024079175],[-118.32281652363086,34.089152878476305],[-118.31112616236453,34.09207679765992],[-118.31112616236453,34.102314578111105],[-118.32281652363086,34.09939024079175]]]}},{"type":"Feature","properties":{"state":"","county":"LOS_ANGELES","s2_cell":"9278188549834801152","waymo_ro_miles":11468.236786215424,"incremental_miles":6284.086,"vintage_end":"202506","exposure_phase":"deployment"},"geometry":{"type":"Polygon","coordinates":[[[-118.31112616236453,34.102314578111105],[-118.31112616236453,34.09207679765992],[-118.29943499572406,34.09499960903254],[-118.29943499572406,34.10523780735441],[-118.31112616236453,34.102314578111105]]]}},{"type":"Feature","properties":{"state":"","county":"LOS_ANGELES","s2_cell":"9278188584194539520","waymo_ro_miles":706.383270720767,"incremental_miles":688.35,"vintage_end":"202506","exposure_phase":"deployment"},"geometry":{"type":"Polygon","coordinates":[[[-118.31112616236453,34.112551255841176],[-118.31112616236453,34.102314578111105],[-118.29943499572406,34.10523780735441],[-118.29943499572408,34.11547490253689],[-118.31112616236453,34.112551255841176]]]}},{"type":"Feature","properties":{"state":"","county":"LOS_ANGELES","s2_cell":"9278189992943812608","waymo_ro_miles":129.04677024815078,"incremental_miles":129.047,"vintage_end":"202506","exposure_phase":"deployment"},"geometry":{"type":"Polygon","coordinates":[[[-118.29943499572408,34.11547490253689],[-118.29943499572406,34.10523780735441],[-118.28774302499957,34.108159928042284],[-118.28774302499957,34.11839744041229],[-118.29943499572408,34.11547490253689]]]}},{"type":"Feature","properties":{"state":"","county":"LOS_ANGELES","s2_cell":"9278190027303550976","waymo_ro_miles":1255.3504156474685,"incremental_miles":1255.35,"vintage_end":"202506","exposure_phase":"deployment"},"geometry":{"type":"Polygon","coordinates":[[[-118.29943499572406,34.10523780735441],[-118.29943499572406,34.09499960903254],[-118.28774302499957,34.0979213121147],[-118.28774302499957,34.108159928042284],[-118.29943499572406,34.10523780735441]]]}},{"type":"Feature","properties":{"state":"","county":"LOS_ANGELES","s2_cell":"9278190061663289344","waymo_ro_miles":660.1923192513366,"incremental_miles":660.192,"vintage_end":"202506","exposure_phase":"deployment"},"geometry":{"type":"Polygon","coordinates":[[[-118.28774302499957,34.108159928042284],[-118.28774302499957,34.0979213121147],[-118.2760502514817,34.10084190642739],[-118.2760502514817,34.11108093969575],[-118.28774302499957,34.108159928042284]]]}},{"type":"Feature","properties":{"state":"","county":"LOS_ANGELES","s2_cell":"9278190096023027712","waymo_ro_miles":143.14686839373894,"incremental_miles":143.147,"vintage_end":"202506","exposure_phase":"deployment"},"geometry":{"type":"Polygon","coordinates":[[[-118.28774302499957,34.11839744041229],[-118.28774302499957,34.108159928042284],[-118.2760502514817,34.11108093969575],[-118.2760502514817,34.12131886898849],[-118.28774302499957,34.11839744041229]]]}},{"type":"Feature","properties":{"state":"","county":"LOS_ANGELES","s2_cell":"9278190130382766080","waymo_ro_miles":4.199996633372003,"incremental_miles":4.2,"vintage_end":"202506","exposure_phase":"deployment"},"geometry":{"type":"Polygon","coordinates":[[[-118.2760502514817,34.12131886898849],[-118.2760502514817,34.11108093969575],[-118.26435667646179,34.1140008418363],[-118.26435667646179,34.124239187787],[-118.2760502514817,34.12131886898849]]]}},{"type":"Feature","properties":{"state":"","county":"LOS_ANGELES","s2_cell":"9278190164742504448","waymo_ro_miles":526.2915095214346,"incremental_miles":526.292,"vintage_end":"202506","exposure_phase":"deployment"},"geometry":{"type":"Polygon","coordinates":[[[-118.2760502514817,34.11108093969575],[-118.2760502514817,34.10084190642739],[-118.26435667646179,34.10376139149204],[-118.26435667646179,34.1140008418363],[-118.2760502514817,34.11108093969575]]]}},{"type":"Feature","properties":{"state":"","county":"LOS_ANGELES","s2_cell":"9278190199102242816","waymo_ro_miles":104.25411327051381,"incremental_miles":104.254,"vintage_end":"202506","exposure_phase":"deployment"},"geometry":{"type":"Polygon","coordinates":[[[-118.26435667646179,34.1140008418363],[-118.26435667646179,34.10376139149204],[-118.25266230123178,34.10667976683051],[-118.25266230123178,34.11691963398581],[-118.26435667646179,34.1140008418363]]]}},{"type":"Feature","properties":{"state":"","county":"LOS_ANGELES","s2_cell":"9278196005898027008","waymo_ro_miles":191.55915699278626,"incremental_miles":65.071,"vintage_end":"202506","exposure_phase":"deployment"},"geometry":{"type":"Polygon","coordinates":[[[-118.22927115531233,34.04079739169327],[-118.22927115531233,34.03054787366657],[-118.21757438720986,34.0334595737957],[-118.21757438720986,34.04370951117994],[-118.22927115531233,34.04079739169327]]]}},{"type":"Feature","properties":{"state":"","county":"LOS_ANGELES","s2_cell":"9278196040257765376","waymo_ro_miles":30610.651777026073,"incremental_miles":10066.676,"vintage_end":"202506","exposure_phase":"deployment"},"geometry":{"type":"Polygon","coordinates":[[[-118.24096712708423,34.03788416290496],[-118.24096712708423,34.02763506450149],[-118.22927115531233,34.03054787366657],[-118.22927115531233,34.04079739169327],[-118.24096712708423,34.03788416290496]]]}},{"type":"Feature","properties":{"state":"","county":"LOS_ANGELES","s2_cell":"9278196074617503744","waymo_ro_miles":34470.12596831127,"incremental_miles":10072.618,"vintage_end":"202506","exposure_phase":"deployment"},"geometry":{"type":"Polygon","coordinates":[[[-118.25266230123178,34.03496982529217],[-118.25266230123178,34.02472114677768],[-118.24096712708423,34.02763506450149],[-118.24096712708423,34.03788416290496],[-118.25266230123178,34.03496982529217]]]}},{"type":"Feature","properties":{"state":"","county":"LOS_ANGELES","s2_cell":"9278196108977242112","waymo_ro_miles":48445.37114018965,"incremental_miles":13990.534,"vintage_end":"202506","exposure_phase":"deployment"},"geometry":{"type":"Polygon","coordinates":[[[-118.25266230123178,34.04521740502996],[-118.25266230123178,34.03496982529217],[-118.24096712708423,34.03788416290496],[-118.24096712708423,34.04813216211375],[-118.25266230123178,34.04521740502996]]]}},{"type":"Feature","properties":{"state":"","county":"LOS_ANGELES","s2_cell":"9278196143336980480","waymo_ro_miles":44031.850249043884,"incremental_miles":13285.822,"vintage_end":"202506","exposure_phase":"deployment"},"geometry":{"type":"Polygon","coordinates":[[[-118.24096712708423,34.04813216211375],[-118.24096712708423,34.03788416290496],[-118.22927115531233,34.04079739169327],[-118.22927115531233,34.05104581010746],[-118.24096712708423,34.04813216211375]]]}},{"type":"Feature","properties":{"state":"","county":"LOS_ANGELES","s2_cell":"9278196177696718848","waymo_ro_miles":19687.8272005614,"incremental_miles":7580.756,"vintage_end":"202506","exposure_phase":"deployment"},"geometry":{"type":"Polygon","coordinates":[[[-118.24096712708423,34.058379061371554],[-118.24096712708423,34.04813216211375],[-118.22927115531233,34.05104581010746],[-118.22927115531233,34.06129312815285],[-118.24096712708423,34.058379061371554]]]}},{"type":"Feature","properties":{"state":"","county":"LOS_ANGELES","s2_cell":"9278196212056457216","waymo_ro_miles":91730.46143022887,"incremental_miles":31205.575,"vintage_end":"202506","exposure_phase":"deployment"},"geometry":{"type":"Polygon","coordinates":[[[-118.25266230123178,34.055463885234694],[-118.25266230123178,34.04521740502996],[-118.24096712708423,34.04813216211375],[-118.24096712708423,34.058379061371554],[-118.25266230123178,34.055463885234694]]]}},{"type":"Feature","properties":{"state":"","county":"LOS_ANGELES","s2_cell":"9278196246416195584","waymo_ro_miles":30140.621222418165,"incremental_miles":13566.132,"vintage_end":"202506","exposure_phase":"deployment"},"geometry":{"type":"Polygon","coordinates":[[[-118.25266230123178,34.06570926515059],[-118.25266230123178,34.055463885234694],[-118.24096712708423,34.058379061371554],[-118.24096712708423,34.06862485992264],[-118.25266230123178,34.06570926515059]]]}},{"type":"Feature","properties":{"state":"","county":"LOS_ANGELES","s2_cell":"9278196280775933952","waymo_ro_miles":8426.264503368337,"incremental_miles":4461.601,"vintage_end":"202506","exposure_phase":"deployment"},"geometry":{"type":"Polygon","coordinates":[[[-118.24096712708423,34.06862485992264],[-118.24096712708423,34.058379061371554],[-118.22927115531233,34.06129312815285],[-118.22927115531233,34.07153934507375],[-118.24096712708423,34.06862485992264]]]}},{"type":"Feature","properties":{"state":"","county":"LOS_ANGELES","s2_cell":"9278196315135672320","waymo_ro_miles":11.004107000230361,"incremental_miles":11.004,"vintage_end":"202506","exposure_phase":"deployment"},"geometry":{"type":"Polygon","coordinates":[[[-118.22927115531233,34.07153934507375],[-118.22927115531233,34.06129312815285],[-118.21757438720986,34.06420608510149],[-118.21757438720986,34.07445272012689],[-118.22927115531233,34.07153934507375]]]}},{"type":"Feature","properties":{"state":"","county":"LOS_ANGELES","s2_cell":"9278196727452532736","waymo_ro_miles":1.3054522725754127,"incremental_miles":1.305,"vintage_end":"202506","exposure_phase":"deployment"},"geometry":{"type":"Polygon","coordinates":[[[-118.24096712708423,34.09935564378677],[-118.24096712708423,34.08911315188453],[-118.22927115531233,34.092028472522124],[-118.22927115531233,34.10227138154109],[-118.24096712708423,34.09935564378677]]]}},{"type":"Feature","properties":{"state":"","county":"LOS_ANGELES","s2_cell":"9278196796172009472","waymo_ro_miles":17.01714622808088,"incremental_miles":17.017,"vintage_end":"202506","exposure_phase":"deployment"},"geometry":{"type":"Polygon","coordinates":[[[-118.25266230123178,34.10667976683051],[-118.25266230123178,34.09643879561616],[-118.24096712708423,34.09935564378677],[-118.24096712708423,34.109597031965095],[-118.25266230123178,34.10667976683051]]]}},{"type":"Feature","properties":{"state":"","county":"LOS_ANGELES","s2_cell":"9278196830531747840","waymo_ro_miles":26.00626829305238,"incremental_miles":26.006,"vintage_end":"202506","exposure_phase":"deployment"},"geometry":{"type":"Polygon","coordinates":[[[-118.25266230123178,34.09643879561616],[-118.25266230123178,34.086196721095654],[-118.24096712708423,34.08911315188453],[-118.24096712708423,34.09935564378677],[-118.25266230123178,34.09643879561616]]]}},{"type":"Feature","properties":{"state":"","county":"LOS_ANGELES","s2_cell":"9278196864891486208","waymo_ro_miles":33.08468983615594,"incremental_miles":33.085,"vintage_end":"202506","exposure_phase":"deployment"},"geometry":{"type":"Polygon","coordinates":[[[-118.25266230123178,34.086196721095654],[-118.25266230123178,34.07595354402244],[-118.24096712708423,34.07886955701183],[-118.24096712708423,34.08911315188453],[-118.25266230123178,34.086196721095654]]]}},{"type":"Feature","properties":{"state":"","county":"LOS_ANGELES","s2_cell":"9278196899251224576","waymo_ro_miles":1.276766314767906,"incremental_miles":1.277,"vintage_end":"202506","exposure_phase":"deployment"},"geometry":{"type":"Polygon","coordinates":[[[-118.24096712708423,34.08911315188453],[-118.24096712708423,34.07886955701183],[-118.22927115531233,34.08178446011502],[-118.22927115531233,34.092028472522124],[-118.24096712708423,34.08911315188453]]]}},{"type":"Feature","properties":{"state":"","county":"LOS_ANGELES","s2_cell":"9278196933610962944","waymo_ro_miles":23.79784819203581,"incremental_miles":23.798,"vintage_end":"202506","exposure_phase":"deployment"},"geometry":{"type":"Polygon","coordinates":[[[-118.24096712708423,34.07886955701183],[-118.24096712708423,34.06862485992264],[-118.22927115531233,34.07153934507375],[-118.22927115531233,34.08178446011502],[-118.24096712708423,34.07886955701183]]]}},{"type":"Feature","properties":{"state":"","county":"LOS_ANGELES","s2_cell":"9278196967970701312","waymo_ro_miles":1714.1977386702022,"incremental_miles":1084.859,"vintage_end":"202506","exposure_phase":"deployment"},"geometry":{"type":"Polygon","coordinates":[[[-118.25266230123178,34.07595354402244],[-118.25266230123178,34.06570926515059],[-118.24096712708423,34.06862485992264],[-118.24096712708423,34.07886955701183],[-118.25266230123178,34.07595354402244]]]}},{"type":"Feature","properties":{"state":"","county":"LOS_ANGELES","s2_cell":"9278197002330439680","waymo_ro_miles":12193.867853796652,"incremental_miles":5487.34,"vintage_end":"202506","exposure_phase":"deployment"},"geometry":{"type":"Polygon","coordinates":[[[-118.26435667646179,34.073036421624295],[-118.26435667646179,34.06279256123504],[-118.25266230123178,34.06570926515059],[-118.25266230123178,34.07595354402244],[-118.26435667646179,34.073036421624295]]]}},{"type":"Feature","properties":{"state":"","county":"LOS_ANGELES","s2_cell":"9278197036690178048","waymo_ro_miles":52593.83045605485,"incremental_miles":19796.355,"vintage_end":"202506","exposure_phase":"deployment"},"geometry":{"type":"Polygon","coordinates":[[[-118.2760502514817,34.070118190295226],[-118.2760502514817,34.05987474865394],[-118.26435667646179,34.06279256123504],[-118.26435667646179,34.073036421624295],[-118.2760502514817,34.070118190295226]]]}},{"type":"Feature","properties":{"state":"","county":"LOS_ANGELES","s2_cell":"9278197071049916416","waymo_ro_miles":4377.405456258523,"incremental_miles":2888.973,"vintage_end":"202506","exposure_phase":"deployment"},"geometry":{"type":"Polygon","coordinates":[[[-118.2760502514817,34.080360530973884],[-118.2760502514817,34.070118190295226],[-118.26435667646179,34.073036421624295],[-118.26435667646179,34.08327918063283],[-118.2760502514817,34.080360530973884]]]}},{"type":"Feature","properties":{"state":"","county":"LOS_ANGELES","s2_cell":"9278197105409654784","waymo_ro_miles":466.3405812907572,"incremental_miles":465.402,"vintage_end":"202506","exposure_phase":"deployment"},"geometry":{"type":"Polygon","coordinates":[[[-118.26435667646179,34.08327918063283],[-118.26435667646179,34.073036421624295],[-118.25266230123178,34.07595354402244],[-118.25266230123178,34.086196721095654],[-118.26435667646179,34.08327918063283]]]}},{"type":"Feature","properties":{"state":"","county":"LOS_ANGELES","s2_cell":"9278197139769393152","waymo_ro_miles":189.5335412183789,"incremental_miles":189.534,"vintage_end":"202506","exposure_phase":"deployment"},"geometry":{"type":"Polygon","coordinates":[[[-118.26435667646179,34.09352083750658],[-118.26435667646179,34.08327918063283],[-118.25266230123178,34.086196721095654],[-118.25266230123178,34.09643879561616],[-118.26435667646179,34.09352083750658]]]}},{"type":"Feature","properties":{"state":"","county":"LOS_ANGELES","s2_cell":"9278197174129131520","waymo_ro_miles":350.5616015016547,"incremental_miles":350.562,"vintage_end":"202506","exposure_phase":"deployment"},"geometry":{"type":"Polygon","coordinates":[[[-118.26435667646179,34.10376139149204],[-118.26435667646179,34.09352083750658],[-118.25266230123178,34.09643879561616],[-118.25266230123178,34.10667976683051],[-118.26435667646179,34.10376139149204]]]}},{"type":"Feature","properties":{"state":"","county":"LOS_ANGELES","s2_cell":"9278197208488869888","waymo_ro_miles":390.99613439515275,"incremental_miles":390.996,"vintage_end":"202506","exposure_phase":"deployment"},"geometry":{"type":"Polygon","coordinates":[[[-118.2760502514817,34.10084190642739],[-118.2760502514817,34.09060176993578],[-118.26435667646179,34.09352083750658],[-118.26435667646179,34.10376139149204],[-118.2760502514817,34.10084190642739]]]}},{"type":"Feature","properties":{"state":"","county":"LOS_ANGELES","s2_cell":"9278197242848608256","waymo_ro_miles":1169.919914085847,"incremental_miles":1169.92,"vintage_end":"202506","exposure_phase":"deployment"},"geometry":{"type":"Polygon","coordinates":[[[-118.2760502514817,34.09060176993578],[-118.2760502514817,34.080360530973884],[-118.26435667646179,34.08327918063283],[-118.26435667646179,34.09352083750658],[-118.2760502514817,34.09060176993578]]]}},{"type":"Feature","properties":{"state":"","county":"LOS_ANGELES","s2_cell":"9278197277208346624","waymo_ro_miles":2061.331774239235,"incremental_miles":1787.279,"vintage_end":"202506","exposure_phase":"deployment"},"geometry":{"type":"Polygon","coordinates":[[[-118.28774302499957,34.087681593381944],[-118.28774302499957,34.077440772597036],[-118.2760502514817,34.080360530973884],[-118.2760502514817,34.09060176993578],[-118.28774302499957,34.087681593381944]]]}},{"type":"Feature","properties":{"state":"","county":"LOS_ANGELES","s2_cell":"9278197311568084992","waymo_ro_miles":1824.9855488138903,"incremental_miles":1824.986,"vintage_end":"202506","exposure_phase":"deployment"},"geometry":{"type":"Polygon","coordinates":[[[-118.28774302499957,34.0979213121147],[-118.28774302499957,34.087681593381944],[-118.2760502514817,34.09060176993578],[-118.2760502514817,34.10084190642739],[-118.28774302499957,34.0979213121147]]]}},{"type":"Feature","properties":{"state":"","county":"LOS_ANGELES","s2_cell":"9278197345927823360","waymo_ro_miles":1157.7931155995727,"incremental_miles":1155.347,"vintage_end":"202506","exposure_phase":"deployment"},"geometry":{"type":"Polygon","coordinates":[[[-118.29943499572406,34.09499960903254],[-118.29943499572406,34.084760308323716],[-118.28774302499957,34.087681593381944],[-118.28774302499957,34.0979213121147],[-118.29943499572406,34.09499960903254]]]}},{"type":"Feature","properties":{"state":"","county":"LOS_ANGELES","s2_cell":"9278197380287561728","waymo_ro_miles":26128.46760947078,"incremental_miles":13036.26,"vintage_end":"202506","exposure_phase":"deployment"},"geometry":{"type":"Polygon","coordinates":[[[-118.29943499572406,34.084760308323716],[-118.29943499572406,34.07451990598098],[-118.28774302499957,34.077440772597036],[-118.28774302499957,34.087681593381944],[-118.29943499572406,34.084760308323716]]]}},{"type":"Feature","properties":{"state":"","county":"LOS_ANGELES","s2_cell":"9278197414647300096","waymo_ro_miles":51909.72855542421,"incremental_miles":21758.838,"vintage_end":"202506","exposure_phase":"deployment"},"geometry":{"type":"Polygon","coordinates":[[[-118.29943499572406,34.07451990598098],[-118.29943499572406,34.06427840275792],[-118.28774302499957,34.06719885051353],[-118.28774302499957,34.077440772597036],[-118.29943499572406,34.07451990598098]]]}},{"type":"Feature","properties":{"state":"","county":"LOS_ANGELES","s2_cell":"9278197449007038464","waymo_ro_miles":45909.054532585025,"incremental_miles":20333.944,"vintage_end":"202506","exposure_phase":"deployment"},"geometry":{"type":"Polygon","coordinates":[[[-118.28774302499957,34.077440772597036],[-118.28774302499957,34.06719885051353],[-118.2760502514817,34.070118190295226],[-118.2760502514817,34.080360530973884],[-118.28774302499957,34.077440772597036]]]}},{"type":"Feature","properties":{"state":"","county":"LOS_ANGELES","s2_cell":"9278197483366776832","waymo_ro_miles":53595.0617736431,"incremental_miles":19850.895,"vintage_end":"202506","exposure_phase":"deployment"},"geometry":{"type":"Polygon","coordinates":[[[-118.28774302499957,34.06719885051353],[-118.28774302499957,34.05695582788558],[-118.2760502514817,34.05987474865394],[-118.2760502514817,34.070118190295226],[-118.28774302499957,34.06719885051353]]]}},{"type":"Feature","properties":{"state":"","county":"LOS_ANGELES","s2_cell":"9278197517726515200","waymo_ro_miles":68954.41406236697,"incremental_miles":26580.193,"vintage_end":"202506","exposure_phase":"deployment"},"geometry":{"type":"Polygon","coordinates":[[[-118.29943499572406,34.06427840275792],[-118.29943499572406,34.054035799408744],[-118.28774302499957,34.05695582788558],[-118.28774302499957,34.06719885051353],[-118.29943499572406,34.06427840275792]]]}},{"type":"Feature","properties":{"state":"","county":"LOS_ANGELES","s2_cell":"9278197552086253568","waymo_ro_miles":89384.15838964374,"incremental_miles":31986.028,"vintage_end":"202506","exposure_phase":"deployment"},"geometry":{"type":"Polygon","coordinates":[[[-118.29943499572406,34.054035799408744],[-118.29943499572406,34.04379209668821],[-118.28774302499957,34.046711705467914],[-118.28774302499957,34.05695582788558],[-118.29943499572406,34.054035799408744]]]}},{"type":"Feature","properties":{"state":"","county":"LOS_ANGELES","s2_cell":"9278197586445991936","waymo_ro_miles":59503.0167403095,"incremental_miles":19633.208,"vintage_end":"202506","exposure_phase":"deployment"},"geometry":{"type":"Polygon","coordinates":[[[-118.29943499572406,34.04379209668821],[-118.29943499572406,34.03354729535165],[-118.28774302499957,34.03646648401584],[-118.28774302499957,34.046711705467914],[-118.29943499572406,34.04379209668821]]]}},{"type":"Feature","properties":{"state":"","county":"LOS_ANGELES","s2_cell":"9278197620805730304","waymo_ro_miles":89420.74951547949,"incremental_miles":28326.554,"vintage_end":"202506","exposure_phase":"deployment"},"geometry":{"type":"Polygon","coordinates":[[[-118.28774302499957,34.046711705467914],[-118.28774302499957,34.03646648401584],[-118.2760502514817,34.03938456550279],[-118.2760502514817,34.04963020680471],[-118.28774302499957,34.046711705467914]]]}},{"type":"Feature","properties":{"state":"","county":"LOS_ANGELES","s2_cell":"9278197655165468672","waymo_ro_miles":89349.0172251388,"incremental_miles":30375.828,"vintage_end":"202506","exposure_phase":"deployment"},"geometry":{"type":"Polygon","coordinates":[[[-118.28774302499957,34.05695582788558],[-118.28774302499957,34.046711705467914],[-118.2760502514817,34.04963020680471],[-118.2760502514817,34.05987474865394],[-118.28774302499957,34.05695582788558]]]}},{"type":"Feature","properties":{"state":"","county":"LOS_ANGELES","s2_cell":"9278197689525207040","waymo_ro_miles":62544.30072557419,"incremental_miles":19447.119,"vintage_end":"202506","exposure_phase":"deployment"},"geometry":{"type":"Polygon","coordinates":[[[-118.2760502514817,34.05987474865394],[-118.2760502514817,34.04963020680471],[-118.26435667646179,34.05254760021976],[-118.26435667646179,34.06279256123504],[-118.2760502514817,34.05987474865394]]]}},{"type":"Feature","properties":{"state":"","county":"LOS_ANGELES","s2_cell":"9278197723884945408","waymo_ro_miles":66508.06673764731,"incremental_miles":25738.923,"vintage_end":"202506","exposure_phase":"deployment"},"geometry":{"type":"Polygon","coordinates":[[[-118.26435667646179,34.06279256123504],[-118.26435667646179,34.05254760021976],[-118.25266230123178,34.055463885234694],[-118.25266230123178,34.06570926515059],[-118.26435667646179,34.06279256123504]]]}},{"type":"Feature","properties":{"state":"","county":"LOS_ANGELES","s2_cell":"9278197758244683776","waymo_ro_miles":120327.53863575793,"incremental_miles":40297.624,"vintage_end":"202506","exposure_phase":"deployment"},"geometry":{"type":"Polygon","coordinates":[[[-118.26435667646179,34.05254760021976],[-118.26435667646179,34.04230153933364],[-118.25266230123178,34.04521740502996],[-118.25266230123178,34.055463885234694],[-118.26435667646179,34.05254760021976]]]}},{"type":"Feature","properties":{"state":"","county":"LOS_ANGELES","s2_cell":"9278197792604422144","waymo_ro_miles":80885.62873858205,"incremental_miles":28084.944,"vintage_end":"202506","exposure_phase":"deployment"},"geometry":{"type":"Polygon","coordinates":[[[-118.2760502514817,34.04963020680471],[-118.2760502514817,34.03938456550279],[-118.26435667646179,34.04230153933364],[-118.26435667646179,34.05254760021976],[-118.2760502514817,34.04963020680471]]]}},{"type":"Feature","properties":{"state":"","county":"LOS_ANGELES","s2_cell":"9278197826964160512","waymo_ro_miles":78606.18834181395,"incremental_miles":26754.428,"vintage_end":"202506","exposure_phase":"deployment"},"geometry":{"type":"Polygon","coordinates":[[[-118.2760502514817,34.03938456550279],[-118.2760502514817,34.02913782550405],[-118.26435667646179,34.03205437933252],[-118.26435667646179,34.04230153933364],[-118.2760502514817,34.03938456550279]]]}},{"type":"Feature","properties":{"state":"","county":"LOS_ANGELES","s2_cell":"9278197861323898880","waymo_ro_miles":96370.35561392295,"incremental_miles":30120.23,"vintage_end":"202506","exposure_phase":"deployment"},"geometry":{"type":"Polygon","coordinates":[[[-118.26435667646179,34.04230153933364],[-118.26435667646179,34.03205437933252],[-118.25266230123178,34.03496982529217],[-118.25266230123178,34.04521740502996],[-118.26435667646179,34.04230153933364]]]}},{"type":"Feature","properties":{"state":"","county":"LOS_ANGELES","s2_cell":"9278197895683637248","waymo_ro_miles":44372.48501416851,"incremental_miles":11526.078,"vintage_end":"202506","exposure_phase":"deployment"},"geometry":{"type":"Polygon","coordinates":[[[-118.26435667646179,34.03205437933252],[-118.26435667646179,34.02180612097279],[-118.25266230123178,34.02472114677768],[-118.25266230123178,34.03496982529217],[-118.26435667646179,34.03205437933252]]]}},{"type":"Feature","properties":{"state":"","county":"LOS_ANGELES","s2_cell":"9278197930043375616","waymo_ro_miles":69000.70159927983,"incremental_miles":22750.505,"vintage_end":"202506","exposure_phase":"deployment"},"geometry":{"type":"Polygon","coordinates":[[[-118.2760502514817,34.02913782550405],[-118.2760502514817,34.01888998756491],[-118.26435667646179,34.02180612097279],[-118.26435667646179,34.03205437933252],[-118.2760502514817,34.02913782550405]]]}},{"type":"Feature","properties":{"state":"","county":"LOS_ANGELES","s2_cell":"9278197964403113984","waymo_ro_miles":46364.46316208101,"incremental_miles":18080.598,"vintage_end":"202506","exposure_phase":"deployment"},"geometry":{"type":"Polygon","coordinates":[[[-118.28774302499957,34.02622016428525],[-118.28774302499957,34.01597274703258],[-118.2760502514817,34.01888998756491],[-118.2760502514817,34.02913782550405],[-118.28774302499957,34.02622016428525]]]}},{"type":"Feature","properties":{"state":"","county":"LOS_ANGELES","s2_cell":"9278197998762852352","waymo_ro_miles":100042.4011276103,"incremental_miles":33212.598,"vintage_end":"202506","exposure_phase":"deployment"},"geometry":{"type":"Polygon","coordinates":[[[-118.28774302499957,34.03646648401584],[-118.28774302499957,34.02622016428525],[-118.2760502514817,34.02913782550405],[-118.2760502514817,34.03938456550279],[-118.28774302499957,34.03646648401584]]]}},{"type":"Feature","properties":{"state":"","county":"LOS_ANGELES","s2_cell":"9278198033122590720","waymo_ro_miles":81437.3996801529,"incremental_miles":32635.767,"vintage_end":"202506","exposure_phase":"deployment"},"geometry":{"type":"Polygon","coordinates":[[[-118.29943499572406,34.03354729535165],[-118.29943499572406,34.023301396155],[-118.28774302499957,34.02622016428525],[-118.28774302499957,34.03646648401584],[-118.29943499572406,34.03354729535165]]]}},{"type":"Feature","properties":{"state":"","county":"LOS_ANGELES","s2_cell":"9278198067482329088","waymo_ro_miles":29936.665197258746,"incremental_miles":11670.232,"vintage_end":"202506","exposure_phase":"deployment"},"geometry":{"type":"Polygon","coordinates":[[[-118.29943499572406,34.023301396155],[-118.29943499572408,34.01305439985473],[-118.28774302499957,34.01597274703258],[-118.28774302499957,34.02622016428525],[-118.29943499572406,34.023301396155]]]}},{"type":"Feature","properties":{"state":"","county":"LOS_ANGELES","s2_cell":"9278198101842067456","waymo_ro_miles":2531.685545659305,"incremental_miles":1512.768,"vintage_end":"202506","exposure_phase":"deployment"},"geometry":{"type":"Polygon","coordinates":[[[-118.29943499572408,34.01305439985473],[-118.29943499572406,34.00280630720794],[-118.28774302499957,34.005724233014874],[-118.28774302499957,34.01597274703258],[-118.29943499572408,34.01305439985473]]]}},{"type":"Feature","properties":{"state":"","county":"LOS_ANGELES","s2_cell":"9278198136201805824","waymo_ro_miles":9123.393097437789,"incremental_miles":3549.342,"vintage_end":"202506","exposure_phase":"deployment"},"geometry":{"type":"Polygon","coordinates":[[[-118.28774302499957,34.01597274703258],[-118.28774302499957,34.005724233014874],[-118.2760502514817,34.008641052442364],[-118.2760502514817,34.01888998756491],[-118.28774302499957,34.01597274703258]]]}},{"type":"Feature","properties":{"state":"","county":"LOS_ANGELES","s2_cell":"9278198170561544192","waymo_ro_miles":99.19466258678302,"incremental_miles":99.195,"vintage_end":"202506","exposure_phase":"deployment"},"geometry":{"type":"Polygon","coordinates":[[[-118.28774302499957,34.005724233014874],[-118.28774302499957,33.99547462298976],[-118.2760502514817,33.998391020894],[-118.2760502514817,34.008641052442364],[-118.28774302499957,34.005724233014874]]]}},{"type":"Feature","properties":{"state":"","county":"LOS_ANGELES","s2_cell":"9278198204921282560","waymo_ro_miles":30.65309081885661,"incremental_miles":30.653,"vintage_end":"202506","exposure_phase":"deployment"},"geometry":{"type":"Polygon","coordinates":[[[-118.29943499572406,34.00280630720794],[-118.29943499572406,33.992557118972265],[-118.28774302499957,33.99547462298976],[-118.28774302499957,34.005724233014874],[-118.29943499572406,34.00280630720794]]]}},{"type":"Feature","properties":{"state":"","county":"LOS_ANGELES","s2_cell":"9278198548518666240","waymo_ro_miles":17.693862692139227,"incremental_miles":10.108,"vintage_end":"202506","exposure_phase":"deployment"},"geometry":{"type":"Polygon","coordinates":[[[-118.2760502514817,34.008641052442364],[-118.2760502514817,33.998391020894],[-118.26435667646179,34.001306312205905],[-118.26435667646179,34.011556765011406],[-118.2760502514817,34.008641052442364]]]}},{"type":"Feature","properties":{"state":"","county":"LOS_ANGELES","s2_cell":"9278198582878404608","waymo_ro_miles":21203.167244967728,"incremental_miles":7812.398,"vintage_end":"202506","exposure_phase":"deployment"},"geometry":{"type":"Polygon","coordinates":[[[-118.2760502514817,34.01888998756491],[-118.2760502514817,34.008641052442364],[-118.26435667646179,34.011556765011406],[-118.26435667646179,34.02180612097279],[-118.2760502514817,34.01888998756491]]]}},{"type":"Feature","properties":{"state":"","county":"LOS_ANGELES","s2_cell":"9278198617238142976","waymo_ro_miles":3963.822213139433,"incremental_miles":1208.211,"vintage_end":"202506","exposure_phase":"deployment"},"geometry":{"type":"Polygon","coordinates":[[[-118.26435667646179,34.02180612097279],[-118.26435667646179,34.011556765011406],[-118.25266230123178,34.014471370243406],[-118.25266230123178,34.02472114677768],[-118.26435667646179,34.02180612097279]]]}},{"type":"Feature","properties":{"state":"","county":"LOS_ANGELES","s2_cell":"9278198651597881344","waymo_ro_miles":5795.747343153859,"incremental_miles":1791.541,"vintage_end":"202506","exposure_phase":"deployment"},"geometry":{"type":"Polygon","coordinates":[[[-118.25266230123178,34.02472114677768],[-118.25266230123178,34.014471370243406],[-118.24096712708423,34.017384867660255],[-118.24096712708423,34.02763506450149],[-118.25266230123178,34.02472114677768]]]}},{"type":"Feature","properties":{"state":"","county":"LOS_ANGELES","s2_cell":"9278198754677096448","waymo_ro_miles":3357.963364609885,"incremental_miles":1411.805,"vintage_end":"202506","exposure_phase":"deployment"},"geometry":{"type":"Polygon","coordinates":[[[-118.24096712708423,34.02763506450149],[-118.24096712708423,34.017384867660255],[-118.22927115531233,34.02029725678423],[-118.22927115531233,34.03054787366657],[-118.24096712708423,34.02763506450149]]]}},{"type":"Feature","properties":{"state":"","county":"LOS_ANGELES","s2_cell":"9278198789036834816","waymo_ro_miles":142.189099108548,"incremental_miles":54.713,"vintage_end":"202506","exposure_phase":"deployment"},"geometry":{"type":"Polygon","coordinates":[[[-118.22927115531233,34.03054787366657],[-118.22927115531233,34.02029725678423],[-118.21757438720986,34.02320853713807],[-118.21757438720986,34.0334595737957],[-118.22927115531233,34.03054787366657]]]}},{"type":"Feature","properties":{"state":"","county":"PHOENIX","s2_cell":"9739878636298698752","waymo_ro_miles":1612.7247286334184,"incremental_miles":499.374,"vintage_end":"202506","exposure_phase":"deployment"},"geometry":{"type":"Polygon","coordinates":[[[-111.86878249373518,33.23629094022619],[-111.86878249373518,33.22559878043331],[-111.85685855297612,33.227791798472666],[-111.85685855297612,33.23848431480166],[-111.86878249373518,33.23629094022619]]]}},{"type":"Feature","properties":{"state":"","county":"PHOENIX","s2_cell":"9739878670658437120","waymo_ro_miles":6602.156843960117,"incremental_miles":1691.847,"vintage_end":"202506","exposure_phase":"deployment"},"geometry":{"type":"Polygon","coordinates":[[[-111.86878249373518,33.24698196347811],[-111.86878249373518,33.23629094022619],[-111.85685855297612,33.23848431480166],[-111.85685855297612,33.24917569424628],[-111.86878249373518,33.24698196347811]]]}},{"type":"Feature","properties":{"state":"","county":"PHOENIX","s2_cell":"9739878705018175488","waymo_ro_miles":2602.04181327973,"incremental_miles":786.586,"vintage_end":"202506","exposure_phase":"deployment"},"geometry":{"type":"Polygon","coordinates":[[[-111.88070640336356,33.244786990458216],[-111.88070640336356,33.23409632366344],[-111.86878249373518,33.23629094022619],[-111.86878249373518,33.24698196347811],[-111.88070640336356,33.244786990458216]]]}},{"type":"Feature","properties":{"state":"","county":"PHOENIX","s2_cell":"9739878739377913856","waymo_ro_miles":1.2281863490569458,"incremental_miles":0.334,"vintage_end":"202506","exposure_phase":"deployment"},"geometry":{"type":"Polygon","coordinates":[[[-111.88070640336356,33.23409632366344],[-111.88070640336356,33.22340452067127],[-111.86878249373518,33.22559878043331],[-111.86878249373518,33.23629094022619],[-111.88070640336356,33.23409632366344]]]}},{"type":"Feature","properties":{"state":"","county":"PHOENIX","s2_cell":"9739878911176605696","waymo_ro_miles":5923.565081740341,"incremental_miles":1628.039,"vintage_end":"202506","exposure_phase":"deployment"},"geometry":{"type":"Polygon","coordinates":[[[-111.89263028034495,33.25327994874738],[-111.89263028034495,33.2425907753975],[-111.88070640336356,33.244786990458216],[-111.88070640336356,33.25547652018602],[-111.89263028034495,33.25327994874738]]]}},{"type":"Feature","properties":{"state":"","county":"PHOENIX","s2_cell":"9739879014255820800","waymo_ro_miles":13173.142316195912,"incremental_miles":2384.56,"vintage_end":"202506","exposure_phase":"deployment"},"geometry":{"type":"Polygon","coordinates":[[[-111.89263028034495,33.26396798450504],[-111.89263028034495,33.25327994874738],[-111.88070640336356,33.25547652018602],[-111.88070640336356,33.266164911977896],[-111.89263028034495,33.26396798450504]]]}},{"type":"Feature","properties":{"state":"","county":"PHOENIX","s2_cell":"9739879048615559168","waymo_ro_miles":12675.700006846397,"incremental_miles":1814.811,"vintage_end":"202506","exposure_phase":"deployment"},"geometry":{"type":"Polygon","coordinates":[[[-111.88070640336356,33.266164911977896],[-111.88070640336356,33.25547652018602],[-111.86878249373518,33.25767184931951],[-111.86878249373518,33.26836059688144],[-111.88070640336356,33.266164911977896]]]}},{"type":"Feature","properties":{"state":"","county":"PHOENIX","s2_cell":"9739879082975297536","waymo_ro_miles":3728.007917501838,"incremental_miles":910.492,"vintage_end":"202506","exposure_phase":"deployment"},"geometry":{"type":"Polygon","coordinates":[[[-111.88070640336356,33.25547652018602],[-111.88070640336356,33.244786990458216],[-111.86878249373518,33.24698196347811],[-111.86878249373518,33.25767184931951],[-111.88070640336356,33.25547652018602]]]}},{"type":"Feature","properties":{"state":"","county":"PHOENIX","s2_cell":"9739879117335035904","waymo_ro_miles":15933.862825199392,"incremental_miles":3416.332,"vintage_end":"202506","exposure_phase":"deployment"},"geometry":{"type":"Polygon","coordinates":[[[-111.86878249373518,33.25767184931951],[-111.86878249373518,33.24698196347811],[-111.85685855297612,33.24917569424628],[-111.85685855297612,33.25986593593701],[-111.86878249373518,33.25767184931951]]]}},{"type":"Feature","properties":{"state":"","county":"PHOENIX","s2_cell":"9739879151694774272","waymo_ro_miles":32227.156251815923,"incremental_miles":5090.435,"vintage_end":"202506","exposure_phase":"deployment"},"geometry":{"type":"Polygon","coordinates":[[[-111.86878249373518,33.26836059688144],[-111.86878249373518,33.25767184931951],[-111.85685855297612,33.25986593593701],[-111.85685855297612,33.27055503900491],[-111.86878249373518,33.26836059688144]]]}},{"type":"Feature","properties":{"state":"","county":"PHOENIX","s2_cell":"9739879186054512640","waymo_ro_miles":39281.84280782697,"incremental_miles":6425.021,"vintage_end":"202506","exposure_phase":"deployment"},"geometry":{"type":"Polygon","coordinates":[[[-111.86878249373518,33.27904820529565],[-111.86878249373518,33.26836059688144],[-111.85685855297612,33.27055503900491],[-111.85685855297612,33.281243002581746],[-111.86878249373518,33.27904820529565]]]}},{"type":"Feature","properties":{"state":"","county":"PHOENIX","s2_cell":"9739879220414251008","waymo_ro_miles":29383.29802604665,"incremental_miles":5001.165,"vintage_end":"202506","exposure_phase":"deployment"},"geometry":{"type":"Polygon","coordinates":[[[-111.88070640336356,33.276852164965554],[-111.88070640336356,33.266164911977896],[-111.86878249373518,33.26836059688144],[-111.86878249373518,33.27904820529565],[-111.88070640336356,33.276852164965554]]]}},{"type":"Feature","properties":{"state":"","county":"PHOENIX","s2_cell":"9739879254773989376","waymo_ro_miles":32469.084461643208,"incremental_miles":5374.176,"vintage_end":"202506","exposure_phase":"deployment"},"geometry":{"type":"Polygon","coordinates":[[[-111.88070640336356,33.28753827828136],[-111.88070640336356,33.276852164965554],[-111.86878249373518,33.27904820529565],[-111.86878249373518,33.289734673694504],[-111.88070640336356,33.28753827828136]]]}},{"type":"Feature","properties":{"state":"","county":"PHOENIX","s2_cell":"9739879289133727744","waymo_ro_miles":39495.984566941515,"incremental_miles":6837.723,"vintage_end":"202506","exposure_phase":"deployment"},"geometry":{"type":"Polygon","coordinates":[[[-111.86878249373518,33.289734673694504],[-111.86878249373518,33.27904820529565],[-111.85685855297612,33.281243002581746],[-111.85685855297612,33.291929825799905],[-111.86878249373518,33.289734673694504]]]}},{"type":"Feature","properties":{"state":"","county":"PHOENIX","s2_cell":"9739879323493466112","waymo_ro_miles":67706.56615790032,"incremental_miles":9993.714,"vintage_end":"202506","exposure_phase":"deployment"},"geometry":{"type":"Polygon","coordinates":[[[-111.86878249373518,33.30042000121104],[-111.86878249373518,33.289734673694504],[-111.85685855297612,33.291929825799905],[-111.85685855297612,33.302615507792446],[-111.86878249373518,33.30042000121104]]]}},{"type":"Feature","properties":{"state":"","county":"PHOENIX","s2_cell":"9739879357853204480","waymo_ro_miles":79297.29661125087,"incremental_miles":10315.292,"vintage_end":"202506","exposure_phase":"deployment"},"geometry":{"type":"Polygon","coordinates":[[[-111.86878249373518,33.311104186978945],[-111.86878249373518,33.30042000121104],[-111.85685855297612,33.302615507792446],[-111.85685855297612,33.313300047693076],[-111.86878249373518,33.311104186978945]]]}},{"type":"Feature","properties":{"state":"","county":"PHOENIX","s2_cell":"9739879392212942848","waymo_ro_miles":100334.09380032649,"incremental_miles":14990.87,"vintage_end":"202506","exposure_phase":"deployment"},"geometry":{"type":"Polygon","coordinates":[[[-111.88070640336356,33.30890708243008],[-111.88070640336356,33.29822325105831],[-111.86878249373518,33.30042000121104],[-111.86878249373518,33.311104186978945],[-111.88070640336356,33.30890708243008]]]}},{"type":"Feature","properties":{"state":"","county":"PHOENIX","s2_cell":"9739879426572681216","waymo_ro_miles":59886.002070659255,"incremental_miles":9438.836,"vintage_end":"202506","exposure_phase":"deployment"},"geometry":{"type":"Polygon","coordinates":[[[-111.88070640336356,33.29822325105831],[-111.88070640336356,33.28753827828136],[-111.86878249373518,33.289734673694504],[-111.86878249373518,33.30042000121104],[-111.88070640336356,33.29822325105831]]]}},{"type":"Feature","properties":{"state":"","county":"PHOENIX","s2_cell":"9739879460932419584","waymo_ro_miles":15920.50570255304,"incremental_miles":2558.145,"vintage_end":"202506","exposure_phase":"deployment"},"geometry":{"type":"Polygon","coordinates":[[[-111.89263028034495,33.29602525754481],[-111.89263028034495,33.28534063977109],[-111.88070640336356,33.28753827828136],[-111.88070640336356,33.29822325105831],[-111.89263028034495,33.29602525754481]]]}},{"type":"Feature","properties":{"state":"","county":"PHOENIX","s2_cell":"9739879495292157952","waymo_ro_miles":63512.19754038624,"incremental_miles":7985.879,"vintage_end":"202506","exposure_phase":"deployment"},"geometry":{"type":"Polygon","coordinates":[[[-111.89263028034495,33.30670873425698],[-111.89263028034495,33.29602525754481],[-111.88070640336356,33.29822325105831],[-111.88070640336356,33.30890708243008],[-111.89263028034495,33.30670873425698]]]}},{"type":"Feature","properties":{"state":"","county":"PHOENIX","s2_cell":"9739879529651896320","waymo_ro_miles":84582.00439347081,"incremental_miles":11405.676,"vintage_end":"202506","exposure_phase":"deployment"},"geometry":{"type":"Polygon","coordinates":[[[-111.90455412316315,33.3045091426707],[-111.90455412316315,33.29382602088169],[-111.89263028034495,33.29602525754481],[-111.89263028034495,33.30670873425698],[-111.90455412316315,33.3045091426707]]]}},{"type":"Feature","properties":{"state":"","county":"PHOENIX","s2_cell":"9739879564011634688","waymo_ro_miles":7642.258610174211,"incremental_miles":1271.439,"vintage_end":"202506","exposure_phase":"deployment"},"geometry":{"type":"Polygon","coordinates":[[[-111.90455412316315,33.29382602088169],[-111.90455412316315,33.28314175837491],[-111.89263028034495,33.28534063977109],[-111.89263028034495,33.29602525754481],[-111.90455412316315,33.29382602088169]]]}},{"type":"Feature","properties":{"state":"","county":"PHOENIX","s2_cell":"9739879632731111424","waymo_ro_miles":23292.065980623127,"incremental_miles":3610.038,"vintage_end":"202506","exposure_phase":"deployment"},"geometry":{"type":"Polygon","coordinates":[[[-111.89263028034495,33.28534063977109],[-111.89263028034495,33.274654881802164],[-111.88070640336356,33.276852164965554],[-111.88070640336356,33.28753827828136],[-111.89263028034495,33.28534063977109]]]}},{"type":"Feature","properties":{"state":"","county":"PHOENIX","s2_cell":"9739879667090849792","waymo_ro_miles":10820.361234052636,"incremental_miles":1988.211,"vintage_end":"202506","exposure_phase":"deployment"},"geometry":{"type":"Polygon","coordinates":[[[-111.89263028034495,33.274654881802164],[-111.89263028034495,33.26396798450504],[-111.88070640336356,33.266164911977896],[-111.88070640336356,33.276852164965554],[-111.89263028034495,33.274654881802164]]]}},{"type":"Feature","properties":{"state":"","county":"PHOENIX","s2_cell":"9739879873249280000","waymo_ro_miles":1002.3731997734869,"incremental_miles":270.113,"vintage_end":"202506","exposure_phase":"deployment"},"geometry":{"type":"Polygon","coordinates":[[[-111.91647793030225,33.29162554128064],[-111.91647793030225,33.280941634304604],[-111.90455412316315,33.28314175837491],[-111.90455412316315,33.29382602088169],[-111.91647793030225,33.29162554128064]]]}},{"type":"Feature","properties":{"state":"","county":"PHOENIX","s2_cell":"9739879907609018368","waymo_ro_miles":15925.7293628042,"incremental_miles":1736.36,"vintage_end":"202506","exposure_phase":"deployment"},"geometry":{"type":"Polygon","coordinates":[[[-111.91647793030225,33.302308307882875],[-111.91647793030225,33.29162554128064],[-111.90455412316315,33.29382602088169],[-111.90455412316315,33.3045091426707],[-111.91647793030225,33.302308307882875]]]}},{"type":"Feature","properties":{"state":"","county":"PHOENIX","s2_cell":"9739879941968756736","waymo_ro_miles":4067.5355785616807,"incremental_miles":531.681,"vintage_end":"202506","exposure_phase":"deployment"},"geometry":{"type":"Polygon","coordinates":[[[-111.92840170024643,33.30010623010573],[-111.92840170024643,33.289423818953956],[-111.91647793030225,33.29162554128064],[-111.91647793030225,33.302308307882875],[-111.92840170024643,33.30010623010573]]]}},{"type":"Feature","properties":{"state":"","county":"PHOENIX","s2_cell":"9739880045047971840","waymo_ro_miles":3088.6893809510343,"incremental_miles":487.443,"vintage_end":"202506","exposure_phase":"deployment"},"geometry":{"type":"Polygon","coordinates":[[[-111.94032543148008,33.29790290955207],[-111.94032543148008,33.287220854114516],[-111.92840170024643,33.289423818953956],[-111.92840170024643,33.30010623010573],[-111.94032543148008,33.29790290955207]]]}},{"type":"Feature","properties":{"state":"","county":"PHOENIX","s2_cell":"9739880079407710208","waymo_ro_miles":1714.0715758390545,"incremental_miles":284.83,"vintage_end":"202506","exposure_phase":"deployment"},"geometry":{"type":"Polygon","coordinates":[[[-111.9522491224878,33.295698346435245],[-111.9522491224878,33.285016646975755],[-111.94032543148008,33.287220854114516],[-111.94032543148008,33.29790290955207],[-111.9522491224878,33.295698346435245]]]}},{"type":"Feature","properties":{"state":"","county":"PHOENIX","s2_cell":"9739883034345209856","waymo_ro_miles":11475.621206712252,"incremental_miles":2316.019,"vintage_end":"202506","exposure_phase":"deployment"},"geometry":{"type":"Polygon","coordinates":[[[-111.96417277175436,33.304172744324724],[-111.96417277175436,33.29349254096923],[-111.9522491224878,33.295698346435245],[-111.9522491224878,33.30637890568807],[-111.96417277175436,33.304172744324724]]]}},{"type":"Feature","properties":{"state":"","county":"PHOENIX","s2_cell":"9739883068704948224","waymo_ro_miles":1232.4329488669387,"incremental_miles":186.612,"vintage_end":"202506","exposure_phase":"deployment"},"geometry":{"type":"Polygon","coordinates":[[[-111.9760963777647,33.3019653405629],[-111.9760963777647,33.29128549336854],[-111.96417277175436,33.29349254096923],[-111.96417277175436,33.304172744324724],[-111.9760963777647,33.3019653405629]]]}},{"type":"Feature","properties":{"state":"","county":"PHOENIX","s2_cell":"9739883103064686592","waymo_ro_miles":6131.750697384176,"incremental_miles":1144.66,"vintage_end":"202506","exposure_phase":"deployment"},"geometry":{"type":"Polygon","coordinates":[[[-111.9760963777647,33.31264404737481],[-111.9760963777647,33.3019653405629],[-111.96417277175436,33.304172744324724],[-111.96417277175436,33.31485180695299],[-111.9760963777647,33.31264404737481]]]}},{"type":"Feature","properties":{"state":"","county":"PHOENIX","s2_cell":"9739883137424424960","waymo_ro_miles":18848.75569752817,"incremental_miles":3968.172,"vintage_end":"202506","exposure_phase":"deployment"},"geometry":{"type":"Polygon","coordinates":[[[-111.96417277175436,33.31485180695299],[-111.96417277175436,33.304172744324724],[-111.9522491224878,33.30637890568807],[-111.9522491224878,33.31705832386905],[-111.96417277175436,33.31485180695299]]]}},{"type":"Feature","properties":{"state":"","county":"PHOENIX","s2_cell":"9739883171784163328","waymo_ro_miles":39775.79294470056,"incremental_miles":9143.248,"vintage_end":"202506","exposure_phase":"deployment"},"geometry":{"type":"Polygon","coordinates":[[[-111.96417277175436,33.3255297279895],[-111.96417277175436,33.31485180695299],[-111.9522491224878,33.31705832386905],[-111.9522491224878,33.327736600113695],[-111.96417277175436,33.3255297279895]]]}},{"type":"Feature","properties":{"state":"","county":"PHOENIX","s2_cell":"9739883206143901696","waymo_ro_miles":51799.60573443982,"incremental_miles":10641.812,"vintage_end":"202506","exposure_phase":"deployment"},"geometry":{"type":"Polygon","coordinates":[[[-111.96417277175436,33.33620650657039],[-111.96417277175436,33.3255297279895],[-111.9522491224878,33.327736600113695],[-111.9522491224878,33.33841373355815],[-111.96417277175436,33.33620650657039]]]}},{"type":"Feature","properties":{"state":"","county":"PHOENIX","s2_cell":"9739883240503640064","waymo_ro_miles":2865.211128598966,"incremental_miles":624.845,"vintage_end":"202506","exposure_phase":"deployment"},"geometry":{"type":"Polygon","coordinates":[[[-111.9760963777647,33.33399803639377],[-111.9760963777647,33.323321612939736],[-111.96417277175436,33.3255297279895],[-111.96417277175436,33.33620650657039],[-111.9760963777647,33.33399803639377]]]}},{"type":"Feature","properties":{"state":"","county":"PHOENIX","s2_cell":"9739883274863378432","waymo_ro_miles":11791.990201251658,"incremental_miles":3017.267,"vintage_end":"202506","exposure_phase":"deployment"},"geometry":{"type":"Polygon","coordinates":[[[-111.9760963777647,33.323321612939736],[-111.9760963777647,33.31264404737481],[-111.96417277175436,33.31485180695299],[-111.96417277175436,33.3255297279895],[-111.9760963777647,33.323321612939736]]]}},{"type":"Feature","properties":{"state":"","county":"PHOENIX","s2_cell":"9739883309223116800","waymo_ro_miles":2738.099678312597,"incremental_miles":806.543,"vintage_end":"202506","exposure_phase":"deployment"},"geometry":{"type":"Polygon","coordinates":[[[-111.98801993900399,33.3211122551793],[-111.98801993900399,33.31043504534951],[-111.9760963777647,33.31264404737481],[-111.9760963777647,33.323321612939736],[-111.98801993900399,33.3211122551793]]]}},{"type":"Feature","properties":{"state":"","county":"PHOENIX","s2_cell":"9739883343582855168","waymo_ro_miles":4.717803743361603,"incremental_miles":3.074,"vintage_end":"202506","exposure_phase":"deployment"},"geometry":{"type":"Polygon","coordinates":[[[-111.98801993900399,33.331788323243124],[-111.98801993900399,33.3211122551793],[-111.9760963777647,33.323321612939736],[-111.9760963777647,33.33399803639377],[-111.98801993900399,33.331788323243124]]]}},{"type":"Feature","properties":{"state":"","county":"PHOENIX","s2_cell":"9739884717972389888","waymo_ro_miles":1.4177966611519472,"incremental_miles":1.418,"vintage_end":"202506","exposure_phase":"deployment"},"geometry":{"type":"Polygon","coordinates":[[[-111.98801993900399,33.37448116058326],[-111.98801993900399,33.3638096682094],[-111.9760963777647,33.366020445461466],[-111.9760963777647,33.37669229184612],[-111.98801993900399,33.37448116058326]]]}},{"type":"Feature","properties":{"state":"","county":"PHOENIX","s2_cell":"9739884752332128256","waymo_ro_miles":0.07398424539254328,"incremental_miles":0.074,"vintage_end":"202506","exposure_phase":"deployment"},"geometry":{"type":"Polygon","coordinates":[[[-111.98801993900399,33.3638096682094],[-111.98801993900399,33.35313703062045],[-111.9760963777647,33.35534745351689],[-111.9760963777647,33.366020445461466],[-111.98801993900399,33.3638096682094]]]}},{"type":"Feature","properties":{"state":"","county":"PHOENIX","s2_cell":"9739884889771081728","waymo_ro_miles":1.2222658993208741,"incremental_miles":1.222,"vintage_end":"202506","exposure_phase":"deployment"},"geometry":{"type":"Polygon","coordinates":[[[-111.98801993900399,33.3424632486777],[-111.98801993900399,33.331788323243124],[-111.9760963777647,33.33399803639377],[-111.9760963777647,33.34467331687368],[-111.98801993900399,33.3424632486777]]]}},{"type":"Feature","properties":{"state":"","county":"PHOENIX","s2_cell":"9739884958490558464","waymo_ro_miles":5433.282191822268,"incremental_miles":849.283,"vintage_end":"202506","exposure_phase":"deployment"},"geometry":{"type":"Polygon","coordinates":[[[-111.9760963777647,33.35534745351689],[-111.9760963777647,33.34467331687368],[-111.96417277175436,33.346882141832445],[-111.96417277175436,33.3575566329131],[-111.9760963777647,33.35534745351689]]]}},{"type":"Feature","properties":{"state":"","county":"PHOENIX","s2_cell":"9739884992850296832","waymo_ro_miles":7346.766427118322,"incremental_miles":1364.496,"vintage_end":"202506","exposure_phase":"deployment"},"geometry":{"type":"Polygon","coordinates":[[[-111.9760963777647,33.34467331687368],[-111.9760963777647,33.33399803639377],[-111.96417277175436,33.33620650657039],[-111.96417277175436,33.346882141832445],[-111.9760963777647,33.34467331687368]]]}},{"type":"Feature","properties":{"state":"","county":"PHOENIX","s2_cell":"9739885027210035200","waymo_ro_miles":52393.58756569183,"incremental_miles":11414.281,"vintage_end":"202506","exposure_phase":"deployment"},"geometry":{"type":"Polygon","coordinates":[[[-111.96417277175436,33.346882141832445],[-111.96417277175436,33.33620650657039],[-111.9522491224878,33.33841373355815],[-111.9522491224878,33.34908972333923],[-111.96417277175436,33.346882141832445]]]}},{"type":"Feature","properties":{"state":"","county":"PHOENIX","s2_cell":"9739885061569773568","waymo_ro_miles":83266.41493711818,"incremental_miles":17238.082,"vintage_end":"202506","exposure_phase":"deployment"},"geometry":{"type":"Polygon","coordinates":[[[-111.96417277175436,33.3575566329131],[-111.96417277175436,33.346882141832445],[-111.9522491224878,33.34908972333923],[-111.9522491224878,33.359764568594386],[-111.96417277175436,33.3575566329131]]]}},{"type":"Feature","properties":{"state":"","county":"PHOENIX","s2_cell":"9739885095929511936","waymo_ro_miles":68852.74620216612,"incremental_miles":13183.599,"vintage_end":"202506","exposure_phase":"deployment"},"geometry":{"type":"Polygon","coordinates":[[[-111.96417277175436,33.368229978950446],[-111.96417277175436,33.3575566329131],[-111.9522491224878,33.359764568594386],[-111.9522491224878,33.370438268461726],[-111.96417277175436,33.368229978950446]]]}},{"type":"Feature","properties":{"state":"","county":"PHOENIX","s2_cell":"9739885130289250304","waymo_ro_miles":4879.805608073857,"incremental_miles":573.574,"vintage_end":"202506","exposure_phase":"deployment"},"geometry":{"type":"Polygon","coordinates":[[[-111.9760963777647,33.366020445461466],[-111.9760963777647,33.35534745351689],[-111.96417277175436,33.3575566329131],[-111.96417277175436,33.368229978950446],[-111.9760963777647,33.366020445461466]]]}},{"type":"Feature","properties":{"state":"","county":"PHOENIX","s2_cell":"9739885164648988672","waymo_ro_miles":3796.700152669328,"incremental_miles":723.263,"vintage_end":"202506","exposure_phase":"deployment"},"geometry":{"type":"Polygon","coordinates":[[[-111.9760963777647,33.37669229184612],[-111.9760963777647,33.366020445461466],[-111.96417277175436,33.368229978950446],[-111.96417277175436,33.37890217908323],[-111.9760963777647,33.37669229184612]]]}},{"type":"Feature","properties":{"state":"","county":"PHOENIX","s2_cell":"9739885199008727040","waymo_ro_miles":145968.04032573942,"incremental_miles":25391.463,"vintage_end":"202506","exposure_phase":"deployment"},"geometry":{"type":"Polygon","coordinates":[[[-111.96417277175436,33.37890217908323],[-111.96417277175436,33.368229978950446],[-111.9522491224878,33.370438268461726],[-111.9522491224878,33.38111082208001],[-111.96417277175436,33.37890217908323]]]}},{"type":"Feature","properties":{"state":"","county":"PHOENIX","s2_cell":"9739885233368465408","waymo_ro_miles":135242.36988431783,"incremental_miles":17584.479,"vintage_end":"202506","exposure_phase":"deployment"},"geometry":{"type":"Polygon","coordinates":[[[-111.9522491224878,33.38111082208001],[-111.9522491224878,33.370438268461726],[-111.94032543148008,33.37264531378127],[-111.94032543148008,33.38331822062252],[-111.9522491224878,33.38111082208001]]]}},{"type":"Feature","properties":{"state":"","county":"PHOENIX","s2_cell":"9739885267728203776","waymo_ro_miles":93916.87000342025,"incremental_miles":22980.464,"vintage_end":"202506","exposure_phase":"deployment"},"geometry":{"type":"Polygon","coordinates":[[[-111.9522491224878,33.370438268461726],[-111.9522491224878,33.359764568594386],[-111.94032543148008,33.36197126034664],[-111.94032543148008,33.37264531378127],[-111.9522491224878,33.370438268461726]]]}},{"type":"Feature","properties":{"state":"","county":"PHOENIX","s2_cell":"9739885302087942144","waymo_ro_miles":128654.60944026725,"incremental_miles":22910.102,"vintage_end":"202506","exposure_phase":"deployment"},"geometry":{"type":"Polygon","coordinates":[[[-111.94032543148008,33.37264531378127],[-111.94032543148008,33.36197126034664],[-111.92840170024643,33.36417670795635],[-111.92840170024643,33.374851114695616],[-111.94032543148008,33.37264531378127]]]}},{"type":"Feature","properties":{"state":"","county":"PHOENIX","s2_cell":"9739885336447680512","waymo_ro_miles":156853.11031795488,"incremental_miles":10870.32,"vintage_end":"202506","exposure_phase":"deployment"},"geometry":{"type":"Polygon","coordinates":[[[-111.94032543148008,33.38331822062252],[-111.94032543148008,33.37264531378127],[-111.92840170024643,33.374851114695616],[-111.92840170024643,33.385524374497386],[-111.94032543148008,33.38331822062252]]]}},{"type":"Feature","properties":{"state":"","county":"PHOENIX","s2_cell":"9739885370807418880","waymo_ro_miles":156819.6225831422,"incremental_miles":14434.263,"vintage_end":"202506","exposure_phase":"deployment"},"geometry":{"type":"Polygon","coordinates":[[[-111.92840170024643,33.385524374497386],[-111.92840170024643,33.374851114695616],[-111.91647793030225,33.37705567099191],[-111.91647793030225,33.38772928349179],[-111.92840170024643,33.385524374497386]]]}},{"type":"Feature","properties":{"state":"","county":"PHOENIX","s2_cell":"9739885405167157248","waymo_ro_miles":192827.83220867126,"incremental_miles":28122.29,"vintage_end":"202506","exposure_phase":"deployment"},"geometry":{"type":"Polygon","coordinates":[[[-111.91647793030225,33.38772928349179],[-111.91647793030225,33.37705567099191],[-111.90455412316315,33.37925898245782],[-111.90455412316315,33.38993294739349],[-111.91647793030225,33.38772928349179]]]}},{"type":"Feature","properties":{"state":"","county":"PHOENIX","s2_cell":"9739885439526895616","waymo_ro_miles":161385.428374863,"incremental_miles":25081.141,"vintage_end":"202506","exposure_phase":"deployment"},"geometry":{"type":"Polygon","coordinates":[[[-111.91647793030225,33.37705567099191],[-111.91647793030225,33.366380911210555],[-111.90455412316315,33.368583869896874],[-111.90455412316315,33.37925898245782],[-111.91647793030225,33.37705567099191]]]}},{"type":"Feature","properties":{"state":"","county":"PHOENIX","s2_cell":"9739885473886633984","waymo_ro_miles":16704.252440542703,"incremental_miles":2160.605,"vintage_end":"202506","exposure_phase":"deployment"},"geometry":{"type":"Polygon","coordinates":[[[-111.92840170024643,33.374851114695616],[-111.92840170024643,33.36417670795635],[-111.91647793030225,33.366380911210555],[-111.91647793030225,33.37705567099191],[-111.92840170024643,33.374851114695616]]]}},{"type":"Feature","properties":{"state":"","county":"PHOENIX","s2_cell":"9739885508246372352","waymo_ro_miles":37737.32277317667,"incremental_miles":9987.888,"vintage_end":"202506","exposure_phase":"deployment"},"geometry":{"type":"Polygon","coordinates":[[[-111.92840170024643,33.36417670795635],[-111.92840170024643,33.35350115514077],[-111.91647793030225,33.355705005008886],[-111.91647793030225,33.366380911210555],[-111.92840170024643,33.36417670795635]]]}},{"type":"Feature","properties":{"state":"","county":"PHOENIX","s2_cell":"9739885542606110720","waymo_ro_miles":147785.1793728101,"incremental_miles":26835.294,"vintage_end":"202506","exposure_phase":"deployment"},"geometry":{"type":"Polygon","coordinates":[[[-111.91647793030225,33.366380911210555],[-111.91647793030225,33.355705005008886],[-111.90455412316315,33.357907610571814],[-111.90455412316315,33.368583869896874],[-111.91647793030225,33.366380911210555]]]}},{"type":"Feature","properties":{"state":"","county":"PHOENIX","s2_cell":"9739885576965849088","waymo_ro_miles":148404.28339652932,"incremental_miles":23724.183,"vintage_end":"202506","exposure_phase":"deployment"},"geometry":{"type":"Polygon","coordinates":[[[-111.91647793030225,33.355705005008886],[-111.91647793030225,33.34502795324875],[-111.90455412316315,33.347230205344424],[-111.90455412316315,33.357907610571814],[-111.91647793030225,33.355705005008886]]]}},{"type":"Feature","properties":{"state":"","county":"PHOENIX","s2_cell":"9739885611325587456","waymo_ro_miles":43121.743255055306,"incremental_miles":5360.274,"vintage_end":"202506","exposure_phase":"deployment"},"geometry":{"type":"Polygon","coordinates":[[[-111.92840170024643,33.35350115514077],[-111.92840170024643,33.342824457110716],[-111.91647793030225,33.34502795324875],[-111.91647793030225,33.355705005008886],[-111.92840170024643,33.35350115514077]]]}},{"type":"Feature","properties":{"state":"","county":"PHOENIX","s2_cell":"9739885645685325824","waymo_ro_miles":42664.85120898792,"incremental_miles":4915.356,"vintage_end":"202506","exposure_phase":"deployment"},"geometry":{"type":"Polygon","coordinates":[[[-111.94032543148008,33.351296061179866],[-111.94032543148008,33.340619717142815],[-111.92840170024643,33.342824457110716],[-111.92840170024643,33.35350115514077],[-111.94032543148008,33.351296061179866]]]}},{"type":"Feature","properties":{"state":"","county":"PHOENIX","s2_cell":"9739885680045064192","waymo_ro_miles":71298.55212877532,"incremental_miles":9422.958,"vintage_end":"202506","exposure_phase":"deployment"},"geometry":{"type":"Polygon","coordinates":[[[-111.94032543148008,33.36197126034664],[-111.94032543148008,33.351296061179866],[-111.92840170024643,33.35350115514077],[-111.92840170024643,33.36417670795635],[-111.94032543148008,33.36197126034664]]]}},{"type":"Feature","properties":{"state":"","county":"PHOENIX","s2_cell":"9739885714404802560","waymo_ro_miles":39618.5618476191,"incremental_miles":7706.037,"vintage_end":"202506","exposure_phase":"deployment"},"geometry":{"type":"Polygon","coordinates":[[[-111.9522491224878,33.359764568594386],[-111.9522491224878,33.34908972333923],[-111.94032543148008,33.351296061179866],[-111.94032543148008,33.36197126034664],[-111.9522491224878,33.359764568594386]]]}},{"type":"Feature","properties":{"state":"","county":"PHOENIX","s2_cell":"9739885748764540928","waymo_ro_miles":4624.783711146836,"incremental_miles":1002.391,"vintage_end":"202506","exposure_phase":"deployment"},"geometry":{"type":"Polygon","coordinates":[[[-111.9522491224878,33.34908972333923],[-111.9522491224878,33.33841373355815],[-111.94032543148008,33.340619717142815],[-111.94032543148008,33.351296061179866],[-111.9522491224878,33.34908972333923]]]}},{"type":"Feature","properties":{"state":"","county":"PHOENIX","s2_cell":"9739885783124279296","waymo_ro_miles":41689.62710302691,"incremental_miles":7617.339,"vintage_end":"202506","exposure_phase":"deployment"},"geometry":{"type":"Polygon","coordinates":[[[-111.9522491224878,33.33841373355815],[-111.9522491224878,33.327736600113695],[-111.94032543148008,33.329942229098016],[-111.94032543148008,33.340619717142815],[-111.9522491224878,33.33841373355815]]]}},{"type":"Feature","properties":{"state":"","county":"PHOENIX","s2_cell":"9739885817484017664","waymo_ro_miles":46580.8947526313,"incremental_miles":6184.803,"vintage_end":"202506","exposure_phase":"deployment"},"geometry":{"type":"Polygon","coordinates":[[[-111.94032543148008,33.340619717142815],[-111.94032543148008,33.329942229098016],[-111.92840170024643,33.33214661472871],[-111.92840170024643,33.342824457110716],[-111.94032543148008,33.340619717142815]]]}},{"type":"Feature","properties":{"state":"","county":"PHOENIX","s2_cell":"9739885851843756032","waymo_ro_miles":16290.050748377542,"incremental_miles":2377.436,"vintage_end":"202506","exposure_phase":"deployment"},"geometry":{"type":"Polygon","coordinates":[[[-111.94032543148008,33.329942229098016],[-111.94032543148008,33.31926359790862],[-111.92840170024643,33.32146762885789],[-111.92840170024643,33.33214661472871],[-111.94032543148008,33.329942229098016]]]}},{"type":"Feature","properties":{"state":"","county":"PHOENIX","s2_cell":"9739885886203494400","waymo_ro_miles":36245.723638347736,"incremental_miles":7246.181,"vintage_end":"202506","exposure_phase":"deployment"},"geometry":{"type":"Polygon","coordinates":[[[-111.9522491224878,33.327736600113695],[-111.9522491224878,33.31705832386905],[-111.94032543148008,33.31926359790862],[-111.94032543148008,33.329942229098016],[-111.9522491224878,33.327736600113695]]]}},{"type":"Feature","properties":{"state":"","county":"PHOENIX","s2_cell":"9739885920563232768","waymo_ro_miles":18878.661396381445,"incremental_miles":3503.111,"vintage_end":"202506","exposure_phase":"deployment"},"geometry":{"type":"Polygon","coordinates":[[[-111.9522491224878,33.31705832386905],[-111.9522491224878,33.30637890568807],[-111.94032543148008,33.308583824438486],[-111.94032543148008,33.31926359790862],[-111.9522491224878,33.31705832386905]]]}},{"type":"Feature","properties":{"state":"","county":"PHOENIX","s2_cell":"9739885954922971136","waymo_ro_miles":27977.532175286146,"incremental_miles":4904.581,"vintage_end":"202506","exposure_phase":"deployment"},"geometry":{"type":"Polygon","coordinates":[[[-111.9522491224878,33.30637890568807],[-111.9522491224878,33.295698346435245],[-111.94032543148008,33.29790290955207],[-111.94032543148008,33.308583824438486],[-111.9522491224878,33.30637890568807]]]}},{"type":"Feature","properties":{"state":"","county":"PHOENIX","s2_cell":"9739885989282709504","waymo_ro_miles":35224.69231418283,"incremental_miles":5728.375,"vintage_end":"202506","exposure_phase":"deployment"},"geometry":{"type":"Polygon","coordinates":[[[-111.94032543148008,33.308583824438486],[-111.94032543148008,33.29790290955207],[-111.92840170024643,33.30010623010573],[-111.92840170024643,33.31078750036209],[-111.94032543148008,33.308583824438486]]]}},{"type":"Feature","properties":{"state":"","county":"PHOENIX","s2_cell":"9739886023642447872","waymo_ro_miles":24672.0905852987,"incremental_miles":3926.838,"vintage_end":"202506","exposure_phase":"deployment"},"geometry":{"type":"Polygon","coordinates":[[[-111.94032543148008,33.31926359790862],[-111.94032543148008,33.308583824438486],[-111.92840170024643,33.31078750036209],[-111.92840170024643,33.32146762885789],[-111.94032543148008,33.31926359790862]]]}},{"type":"Feature","properties":{"state":"","county":"PHOENIX","s2_cell":"9739886058002186240","waymo_ro_miles":64149.52705010278,"incremental_miles":8537.023,"vintage_end":"202506","exposure_phase":"deployment"},"geometry":{"type":"Polygon","coordinates":[[[-111.92840170024643,33.32146762885789],[-111.92840170024643,33.31078750036209],[-111.91647793030225,33.312989933245575],[-111.91647793030225,33.32367041650364],[-111.92840170024643,33.32146762885789]]]}},{"type":"Feature","properties":{"state":"","county":"PHOENIX","s2_cell":"9739886092361924608","waymo_ro_miles":43420.022208384806,"incremental_miles":6089.005,"vintage_end":"202506","exposure_phase":"deployment"},"geometry":{"type":"Polygon","coordinates":[[[-111.92840170024643,33.31078750036209],[-111.92840170024643,33.30010623010573],[-111.91647793030225,33.302308307882875],[-111.91647793030225,33.312989933245575],[-111.92840170024643,33.31078750036209]]]}},{"type":"Feature","properties":{"state":"","county":"PHOENIX","s2_cell":"9739886126721662976","waymo_ro_miles":106585.31327999526,"incremental_miles":14043.796,"vintage_end":"202506","exposure_phase":"deployment"},"geometry":{"type":"Polygon","coordinates":[[[-111.91647793030225,33.312989933245575],[-111.91647793030225,33.302308307882875],[-111.90455412316315,33.3045091426707],[-111.90455412316315,33.31519112287623],[-111.91647793030225,33.312989933245575]]]}},{"type":"Feature","properties":{"state":"","county":"PHOENIX","s2_cell":"9739886161081401344","waymo_ro_miles":125679.48241747094,"incremental_miles":18097.936,"vintage_end":"202506","exposure_phase":"deployment"},"geometry":{"type":"Polygon","coordinates":[[[-111.91647793030225,33.32367041650364],[-111.91647793030225,33.312989933245575],[-111.90455412316315,33.31519112287623],[-111.90455412316315,33.32587196063319],[-111.91647793030225,33.32367041650364]]]}},{"type":"Feature","properties":{"state":"","county":"PHOENIX","s2_cell":"9739886195441139712","waymo_ro_miles":125903.19100732845,"incremental_miles":18195.821,"vintage_end":"202506","exposure_phase":"deployment"},"geometry":{"type":"Polygon","coordinates":[[[-111.91647793030225,33.334349756792626],[-111.91647793030225,33.32367041650364],[-111.90455412316315,33.32587196063319],[-111.90455412316315,33.33655165507718],[-111.91647793030225,33.334349756792626]]]}},{"type":"Feature","properties":{"state":"","county":"PHOENIX","s2_cell":"9739886229800878080","waymo_ro_miles":21546.132575761163,"incremental_miles":2139.476,"vintage_end":"202506","exposure_phase":"deployment"},"geometry":{"type":"Polygon","coordinates":[[[-111.92840170024643,33.33214661472871],[-111.92840170024643,33.32146762885789],[-111.91647793030225,33.32367041650364],[-111.91647793030225,33.334349756792626],[-111.92840170024643,33.33214661472871]]]}},{"type":"Feature","properties":{"state":"","county":"PHOENIX","s2_cell":"9739886264160616448","waymo_ro_miles":57494.47037903522,"incremental_miles":7448.137,"vintage_end":"202506","exposure_phase":"deployment"},"geometry":{"type":"Polygon","coordinates":[[[-111.92840170024643,33.342824457110716],[-111.92840170024643,33.33214661472871],[-111.91647793030225,33.334349756792626],[-111.91647793030225,33.34502795324875],[-111.92840170024643,33.342824457110716]]]}},{"type":"Feature","properties":{"state":"","county":"PHOENIX","s2_cell":"9739886298520354816","waymo_ro_miles":107079.83276282543,"incremental_miles":16717.565,"vintage_end":"202506","exposure_phase":"deployment"},"geometry":{"type":"Polygon","coordinates":[[[-111.91647793030225,33.34502795324875],[-111.91647793030225,33.334349756792626],[-111.90455412316315,33.33655165507718],[-111.90455412316315,33.347230205344424],[-111.91647793030225,33.34502795324875]]]}},{"type":"Feature","properties":{"state":"","county":"PHOENIX","s2_cell":"9739886332880093184","waymo_ro_miles":12977.437253713499,"incremental_miles":2577.187,"vintage_end":"202506","exposure_phase":"deployment"},"geometry":{"type":"Polygon","coordinates":[[[-111.90455412316315,33.347230205344424],[-111.90455412316315,33.33655165507718],[-111.89263028034495,33.338752309370356],[-111.89263028034495,33.34943121318578],[-111.90455412316315,33.347230205344424]]]}},{"type":"Feature","properties":{"state":"","county":"PHOENIX","s2_cell":"9739886367239831552","waymo_ro_miles":35268.105370332094,"incremental_miles":5839.856,"vintage_end":"202506","exposure_phase":"deployment"},"geometry":{"type":"Polygon","coordinates":[[[-111.89263028034495,33.34943121318578],[-111.89263028034495,33.338752309370356],[-111.88070640336356,33.34095171946074],[-111.88070640336356,33.351630976561474],[-111.89263028034495,33.34943121318578]]]}},{"type":"Feature","properties":{"state":"","county":"PHOENIX","s2_cell":"9739886401599569920","waymo_ro_miles":36976.69497628838,"incremental_miles":5089.573,"vintage_end":"202506","exposure_phase":"deployment"},"geometry":{"type":"Polygon","coordinates":[[[-111.89263028034495,33.338752309370356],[-111.89263028034495,33.32807226103448],[-111.88070640336356,33.330271317496],[-111.88070640336356,33.34095171946074],[-111.89263028034495,33.338752309370356]]]}},{"type":"Feature","properties":{"state":"","county":"PHOENIX","s2_cell":"9739886435959308288","waymo_ro_miles":38049.20585438371,"incremental_miles":5396.485,"vintage_end":"202506","exposure_phase":"deployment"},"geometry":{"type":"Polygon","coordinates":[[[-111.90455412316315,33.33655165507718],[-111.90455412316315,33.32587196063319],[-111.89263028034495,33.32807226103448],[-111.89263028034495,33.338752309370356],[-111.90455412316315,33.33655165507718]]]}},{"type":"Feature","properties":{"state":"","county":"PHOENIX","s2_cell":"9739886470319046656","waymo_ro_miles":67012.95724357743,"incremental_miles":10309.771,"vintage_end":"202506","exposure_phase":"deployment"},"geometry":{"type":"Polygon","coordinates":[[[-111.90455412316315,33.32587196063319],[-111.90455412316315,33.31519112287623],[-111.89263028034495,33.31739106904188],[-111.89263028034495,33.32807226103448],[-111.90455412316315,33.32587196063319]]]}},{"type":"Feature","properties":{"state":"","county":"PHOENIX","s2_cell":"9739886504678785024","waymo_ro_miles":78665.2615231393,"incremental_miles":8721.156,"vintage_end":"202506","exposure_phase":"deployment"},"geometry":{"type":"Polygon","coordinates":[[[-111.90455412316315,33.31519112287623],[-111.90455412316315,33.3045091426707],[-111.89263028034495,33.30670873425698],[-111.89263028034495,33.31739106904188],[-111.90455412316315,33.31519112287623]]]}},{"type":"Feature","properties":{"state":"","county":"PHOENIX","s2_cell":"9739886539038523392","waymo_ro_miles":8478.882587794806,"incremental_miles":1069.837,"vintage_end":"202506","exposure_phase":"deployment"},"geometry":{"type":"Polygon","coordinates":[[[-111.89263028034495,33.31739106904188],[-111.89263028034495,33.30670873425698],[-111.88070640336356,33.30890708243008],[-111.88070640336356,33.319589771530985],[-111.89263028034495,33.31739106904188]]]}},{"type":"Feature","properties":{"state":"","county":"PHOENIX","s2_cell":"9739886573398261760","waymo_ro_miles":58854.6836103503,"incremental_miles":8959.258,"vintage_end":"202506","exposure_phase":"deployment"},"geometry":{"type":"Polygon","coordinates":[[[-111.89263028034495,33.32807226103448],[-111.89263028034495,33.31739106904188],[-111.88070640336356,33.319589771530985],[-111.88070640336356,33.330271317496],[-111.89263028034495,33.32807226103448]]]}},{"type":"Feature","properties":{"state":"","county":"PHOENIX","s2_cell":"9739886607758000128","waymo_ro_miles":74649.86803931712,"incremental_miles":9093.737,"vintage_end":"202506","exposure_phase":"deployment"},"geometry":{"type":"Polygon","coordinates":[[[-111.88070640336356,33.330271317496],[-111.88070640336356,33.319589771530985],[-111.86878249373518,33.321787230132536],[-111.86878249373518,33.33246912980684],[-111.88070640336356,33.330271317496]]]}},{"type":"Feature","properties":{"state":"","county":"PHOENIX","s2_cell":"9739886642117738496","waymo_ro_miles":84475.24459036403,"incremental_miles":12452.363,"vintage_end":"202506","exposure_phase":"deployment"},"geometry":{"type":"Polygon","coordinates":[[[-111.88070640336356,33.319589771530985],[-111.88070640336356,33.30890708243008],[-111.86878249373518,33.311104186978945],[-111.86878249373518,33.321787230132536],[-111.88070640336356,33.319589771530985]]]}},{"type":"Feature","properties":{"state":"","county":"PHOENIX","s2_cell":"9739886676477476864","waymo_ro_miles":90878.44502778233,"incremental_miles":10810.664,"vintage_end":"202506","exposure_phase":"deployment"},"geometry":{"type":"Polygon","coordinates":[[[-111.86878249373518,33.321787230132536],[-111.86878249373518,33.311104186978945],[-111.85685855297612,33.313300047693076],[-111.85685855297612,33.323983444636134],[-111.86878249373518,33.321787230132536]]]}},{"type":"Feature","properties":{"state":"","county":"PHOENIX","s2_cell":"9739886710837215232","waymo_ro_miles":59162.84053554018,"incremental_miles":7607.815,"vintage_end":"202506","exposure_phase":"deployment"},"geometry":{"type":"Polygon","coordinates":[[[-111.86878249373518,33.33246912980684],[-111.86878249373518,33.321787230132536],[-111.85685855297612,33.323983444636134],[-111.85685855297612,33.33466569775664],[-111.86878249373518,33.33246912980684]]]}},{"type":"Feature","properties":{"state":"","county":"PHOENIX","s2_cell":"9739886745196953600","waymo_ro_miles":85227.25400041437,"incremental_miles":11666.605,"vintage_end":"202506","exposure_phase":"deployment"},"geometry":{"type":"Polygon","coordinates":[[[-111.86878249373518,33.343149885137464],[-111.86878249373518,33.33246912980684],[-111.85685855297612,33.33466569775664],[-111.85685855297612,33.345346806190264],[-111.86878249373518,33.343149885137464]]]}},{"type":"Feature","properties":{"state":"","county":"PHOENIX","s2_cell":"9739886779556691968","waymo_ro_miles":94422.83691556472,"incremental_miles":11046.781,"vintage_end":"202506","exposure_phase":"deployment"},"geometry":{"type":"Polygon","coordinates":[[[-111.88070640336356,33.34095171946074],[-111.88070640336356,33.330271317496],[-111.86878249373518,33.33246912980684],[-111.86878249373518,33.343149885137464],[-111.88070640336356,33.34095171946074]]]}},{"type":"Feature","properties":{"state":"","county":"PHOENIX","s2_cell":"9739886813916430336","waymo_ro_miles":104156.14448220351,"incremental_miles":13635.374,"vintage_end":"202506","exposure_phase":"deployment"},"geometry":{"type":"Polygon","coordinates":[[[-111.88070640336356,33.351630976561474],[-111.88070640336356,33.34095171946074],[-111.86878249373518,33.343149885137464],[-111.86878249373518,33.353829495260726],[-111.88070640336356,33.351630976561474]]]}},{"type":"Feature","properties":{"state":"","county":"PHOENIX","s2_cell":"9739886848276168704","waymo_ro_miles":83904.6814732358,"incremental_miles":12893.427,"vintage_end":"202506","exposure_phase":"deployment"},"geometry":{"type":"Polygon","coordinates":[[[-111.86878249373518,33.353829495260726],[-111.86878249373518,33.343149885137464],[-111.85685855297612,33.345346806190264],[-111.85685855297612,33.356026769073324],[-111.86878249373518,33.353829495260726]]]}},{"type":"Feature","properties":{"state":"","county":"PHOENIX","s2_cell":"9739886882635907072","waymo_ro_miles":58337.272478385705,"incremental_miles":10170.576,"vintage_end":"202506","exposure_phase":"deployment"},"geometry":{"type":"Polygon","coordinates":[[[-111.86878249373518,33.36450795931355],[-111.86878249373518,33.353829495260726],[-111.85685855297612,33.356026769073324],[-111.85685855297612,33.36670558554277],[-111.86878249373518,33.36450795931355]]]}},{"type":"Feature","properties":{"state":"","county":"PHOENIX","s2_cell":"9739886916995645440","waymo_ro_miles":51317.62026959758,"incremental_miles":8096.196,"vintage_end":"202506","exposure_phase":"deployment"},"geometry":{"type":"Polygon","coordinates":[[[-111.86878249373518,33.37518527643356],[-111.86878249373518,33.36450795931355],[-111.85685855297612,33.36670558554277],[-111.85685855297612,33.37738325473624],[-111.86878249373518,33.37518527643356]]]}},{"type":"Feature","properties":{"state":"","county":"PHOENIX","s2_cell":"9739886951355383808","waymo_ro_miles":98286.59940174616,"incremental_miles":12616.463,"vintage_end":"202506","exposure_phase":"deployment"},"geometry":{"type":"Polygon","coordinates":[[[-111.88070640336356,33.37298605271931],[-111.88070640336356,33.362309087935145],[-111.86878249373518,33.36450795931355],[-111.86878249373518,33.37518527643356],[-111.88070640336356,33.37298605271931]]]}},{"type":"Feature","properties":{"state":"","county":"PHOENIX","s2_cell":"9739886985715122176","waymo_ro_miles":79270.47003808101,"incremental_miles":10165.561,"vintage_end":"202506","exposure_phase":"deployment"},"geometry":{"type":"Polygon","coordinates":[[[-111.88070640336356,33.362309087935145],[-111.88070640336356,33.351630976561474],[-111.86878249373518,33.353829495260726],[-111.86878249373518,33.36450795931355],[-111.88070640336356,33.362309087935145]]]}},{"type":"Feature","properties":{"state":"","county":"PHOENIX","s2_cell":"9739887020074860544","waymo_ro_miles":8488.795186284608,"incremental_miles":1089.64,"vintage_end":"202506","exposure_phase":"deployment"},"geometry":{"type":"Polygon","coordinates":[[[-111.89263028034495,33.360108971617656],[-111.89263028034495,33.34943121318578],[-111.88070640336356,33.351630976561474],[-111.88070640336356,33.362309087935145],[-111.89263028034495,33.360108971617656]]]}},{"type":"Feature","properties":{"state":"","county":"PHOENIX","s2_cell":"9739887054434598912","waymo_ro_miles":48767.71788972224,"incremental_miles":9071.524,"vintage_end":"202506","exposure_phase":"deployment"},"geometry":{"type":"Polygon","coordinates":[[[-111.90455412316315,33.357907610571814],[-111.90455412316315,33.347230205344424],[-111.89263028034495,33.34943121318578],[-111.89263028034495,33.360108971617656],[-111.90455412316315,33.357907610571814]]]}},{"type":"Feature","properties":{"state":"","county":"PHOENIX","s2_cell":"9739887088794337280","waymo_ro_miles":31405.905498156026,"incremental_miles":6777.772,"vintage_end":"202506","exposure_phase":"deployment"},"geometry":{"type":"Polygon","coordinates":[[[-111.90455412316315,33.368583869896874],[-111.90455412316315,33.357907610571814],[-111.89263028034495,33.360108971617656],[-111.89263028034495,33.37078558380353],[-111.90455412316315,33.368583869896874]]]}},{"type":"Feature","properties":{"state":"","county":"PHOENIX","s2_cell":"9739887123154075648","waymo_ro_miles":29782.1640306875,"incremental_miles":4820.253,"vintage_end":"202506","exposure_phase":"deployment"},"geometry":{"type":"Polygon","coordinates":[[[-111.89263028034495,33.37078558380353],[-111.89263028034495,33.360108971617656],[-111.88070640336356,33.362309087935145],[-111.88070640336356,33.37298605271931],[-111.89263028034495,33.37078558380353]]]}},{"type":"Feature","properties":{"state":"","county":"PHOENIX","s2_cell":"9739887157513814016","waymo_ro_miles":75042.87435830726,"incremental_miles":7097.673,"vintage_end":"202506","exposure_phase":"deployment"},"geometry":{"type":"Polygon","coordinates":[[[-111.89263028034495,33.38146104888165],[-111.89263028034495,33.37078558380353],[-111.88070640336356,33.37298605271931],[-111.88070640336356,33.38366187005223],[-111.89263028034495,33.38146104888165]]]}},{"type":"Feature","properties":{"state":"","county":"PHOENIX","s2_cell":"9739887191873552384","waymo_ro_miles":80755.62937007847,"incremental_miles":8409.578,"vintage_end":"202506","exposure_phase":"deployment"},"geometry":{"type":"Polygon","coordinates":[[[-111.90455412316315,33.37925898245782],[-111.90455412316315,33.368583869896874],[-111.89263028034495,33.37078558380353],[-111.89263028034495,33.38146104888165],[-111.90455412316315,33.37925898245782]]]}},{"type":"Feature","properties":{"state":"","county":"PHOENIX","s2_cell":"9739887226233290752","waymo_ro_miles":7750.20800298712,"incremental_miles":929.305,"vintage_end":"202506","exposure_phase":"deployment"},"geometry":{"type":"Polygon","coordinates":[[[-111.90455412316315,33.38993294739349],[-111.90455412316315,33.37925898245782],[-111.89263028034495,33.38146104888165],[-111.89263028034495,33.39213536599084],[-111.90455412316315,33.38993294739349]]]}},{"type":"Feature","properties":{"state":"","county":"PHOENIX","s2_cell":"9739887260593029120","waymo_ro_miles":47614.26360188636,"incremental_miles":7926.346,"vintage_end":"202506","exposure_phase":"deployment"},"geometry":{"type":"Polygon","coordinates":[[[-111.89263028034495,33.39213536599084],[-111.89263028034495,33.38146104888165],[-111.88070640336356,33.38366187005223],[-111.88070640336356,33.394336539072775],[-111.89263028034495,33.39213536599084]]]}},{"type":"Feature","properties":{"state":"","county":"PHOENIX","s2_cell":"9739887294952767488","waymo_ro_miles":111931.3041417598,"incremental_miles":15377.284,"vintage_end":"202506","exposure_phase":"deployment"},"geometry":{"type":"Polygon","coordinates":[[[-111.88070640336356,33.394336539072775],[-111.88070640336356,33.38366187005223],[-111.86878249373518,33.38586144575901],[-111.86878249373518,33.396536466428806],[-111.88070640336356,33.394336539072775]]]}},{"type":"Feature","properties":{"state":"","county":"PHOENIX","s2_cell":"9739887329312505856","waymo_ro_miles":133417.37060045134,"incremental_miles":16089.488,"vintage_end":"202506","exposure_phase":"deployment"},"geometry":{"type":"Polygon","coordinates":[[[-111.88070640336356,33.38366187005223],[-111.88070640336356,33.37298605271931],[-111.86878249373518,33.37518527643356],[-111.86878249373518,33.38586144575901],[-111.88070640336356,33.38366187005223]]]}},{"type":"Feature","properties":{"state":"","county":"PHOENIX","s2_cell":"9739887363672244224","waymo_ro_miles":71679.2408641963,"incremental_miles":10777.549,"vintage_end":"202506","exposure_phase":"deployment"},"geometry":{"type":"Polygon","coordinates":[[[-111.86878249373518,33.38586144575901],[-111.86878249373518,33.37518527643356],[-111.85685855297612,33.37738325473624],[-111.85685855297612,33.388059775792],[-111.86878249373518,33.38586144575901]]]}},{"type":"Feature","properties":{"state":"","county":"PHOENIX","s2_cell":"9739887398031982592","waymo_ro_miles":77593.29630077891,"incremental_miles":12193.257,"vintage_end":"202506","exposure_phase":"deployment"},"geometry":{"type":"Polygon","coordinates":[[[-111.86878249373518,33.396536466428806],[-111.86878249373518,33.38586144575901],[-111.85685855297612,33.388059775792],[-111.85685855297612,33.39873514784899],[-111.86878249373518,33.396536466428806]]]}},{"type":"Feature","properties":{"state":"","county":"PHOENIX","s2_cell":"9739887432391720960","waymo_ro_miles":60464.72587752314,"incremental_miles":12725.571,"vintage_end":"202506","exposure_phase":"deployment"},"geometry":{"type":"Polygon","coordinates":[[[-111.86878249373518,33.4072103375825],[-111.86878249373518,33.396536466428806],[-111.85685855297612,33.39873514784899],[-111.85685855297612,33.409409370046795],[-111.86878249373518,33.4072103375825]]]}},{"type":"Feature","properties":{"state":"","county":"PHOENIX","s2_cell":"9739887466751459328","waymo_ro_miles":107480.45633251622,"incremental_miles":19151.159,"vintage_end":"202506","exposure_phase":"deployment"},"geometry":{"type":"Polygon","coordinates":[[[-111.88070640336356,33.4050100589205],[-111.88070640336356,33.394336539072775],[-111.86878249373518,33.396536466428806],[-111.86878249373518,33.4072103375825],[-111.88070640336356,33.4050100589205]]]}},{"type":"Feature","properties":{"state":"","county":"PHOENIX","s2_cell":"9739887501111197696","waymo_ro_miles":214338.25553309036,"incremental_miles":37276.723,"vintage_end":"202506","exposure_phase":"deployment"},"geometry":{"type":"Polygon","coordinates":[[[-111.88070640336356,33.41568242873561],[-111.88070640336356,33.4050100589205],[-111.86878249373518,33.4072103375825],[-111.86878249373518,33.417883058360324],[-111.88070640336356,33.41568242873561]]]}},{"type":"Feature","properties":{"state":"","county":"PHOENIX","s2_cell":"9739887535470936064","waymo_ro_miles":20590.74201535102,"incremental_miles":3784.135,"vintage_end":"202506","exposure_phase":"deployment"},"geometry":{"type":"Polygon","coordinates":[[[-111.86878249373518,33.417883058360324],[-111.86878249373518,33.4072103375825],[-111.85685855297612,33.409409370046795],[-111.85685855297612,33.42008244152564],[-111.86878249373518,33.417883058360324]]]}},{"type":"Feature","properties":{"state":"","county":"PHOENIX","s2_cell":"9739887569830674432","waymo_ro_miles":51301.56367823473,"incremental_miles":10619.739,"vintage_end":"202506","exposure_phase":"deployment"},"geometry":{"type":"Polygon","coordinates":[[[-111.86878249373518,33.42855462790315],[-111.86878249373518,33.417883058360324],[-111.85685855297612,33.42008244152564],[-111.85685855297612,33.430754361426445],[-111.86878249373518,33.42855462790315]]]}},{"type":"Feature","properties":{"state":"","county":"PHOENIX","s2_cell":"9739887604190412800","waymo_ro_miles":20265.698218274094,"incremental_miles":4776.316,"vintage_end":"202506","exposure_phase":"deployment"},"geometry":{"type":"Polygon","coordinates":[[[-111.86878249373518,33.439225045352494],[-111.86878249373518,33.42855462790315],[-111.85685855297612,33.430754361426445],[-111.85685855297612,33.44142512889074],[-111.86878249373518,33.439225045352494]]]}},{"type":"Feature","properties":{"state":"","county":"PHOENIX","s2_cell":"9739887638550151168","waymo_ro_miles":56848.283008450766,"incremental_miles":11076.277,"vintage_end":"202506","exposure_phase":"deployment"},"geometry":{"type":"Polygon","coordinates":[[[-111.88070640336356,33.43702371483195],[-111.88070640336356,33.426353647658914],[-111.86878249373518,33.42855462790315],[-111.86878249373518,33.439225045352494],[-111.88070640336356,33.43702371483195]]]}},{"type":"Feature","properties":{"state":"","county":"PHOENIX","s2_cell":"9739887672909889536","waymo_ro_miles":88548.04581730203,"incremental_miles":17765.222,"vintage_end":"202506","exposure_phase":"deployment"},"geometry":{"type":"Polygon","coordinates":[[[-111.88070640336356,33.426353647658914],[-111.88070640336356,33.41568242873561],[-111.86878249373518,33.417883058360324],[-111.86878249373518,33.42855462790315],[-111.88070640336356,33.426353647658914]]]}},{"type":"Feature","properties":{"state":"","county":"PHOENIX","s2_cell":"9739887707269627904","waymo_ro_miles":87332.32039010842,"incremental_miles":19878.713,"vintage_end":"202506","exposure_phase":"deployment"},"geometry":{"type":"Polygon","coordinates":[[[-111.89263028034495,33.42415142090346],[-111.89263028034495,33.41348055286125],[-111.88070640336356,33.41568242873561],[-111.88070640336356,33.426353647658914],[-111.89263028034495,33.42415142090346]]]}},{"type":"Feature","properties":{"state":"","county":"PHOENIX","s2_cell":"9739887741629366272","waymo_ro_miles":57431.15754574877,"incremental_miles":11912.274,"vintage_end":"202506","exposure_phase":"deployment"},"geometry":{"type":"Polygon","coordinates":[[[-111.89263028034495,33.434821137538776],[-111.89263028034495,33.42415142090346],[-111.88070640336356,33.426353647658914],[-111.88070640336356,33.43702371483195],[-111.89263028034495,33.434821137538776]]]}},{"type":"Feature","properties":{"state":"","county":"PHOENIX","s2_cell":"9739887775989104640","waymo_ro_miles":85366.10551694085,"incremental_miles":17746.467,"vintage_end":"202506","exposure_phase":"deployment"},"geometry":{"type":"Polygon","coordinates":[[[-111.90455412316315,33.43261731368316],[-111.90455412316315,33.42194794784707],[-111.89263028034495,33.42415142090346],[-111.89263028034495,33.434821137538776],[-111.90455412316315,33.43261731368316]]]}},{"type":"Feature","properties":{"state":"","county":"PHOENIX","s2_cell":"9739887810348843008","waymo_ro_miles":116719.08668860668,"incremental_miles":27039.223,"vintage_end":"202506","exposure_phase":"deployment"},"geometry":{"type":"Polygon","coordinates":[[[-111.90455412316315,33.42194794784707],[-111.90455412316315,33.411277430947635],[-111.89263028034495,33.41348055286125],[-111.89263028034495,33.42415142090346],[-111.90455412316315,33.42194794784707]]]}},{"type":"Feature","properties":{"state":"","county":"PHOENIX","s2_cell":"9739887844708581376","waymo_ro_miles":170576.3408965633,"incremental_miles":22946.371,"vintage_end":"202506","exposure_phase":"deployment"},"geometry":{"type":"Polygon","coordinates":[[[-111.90455412316315,33.411277430947635],[-111.90455412316315,33.40060576384337],[-111.89263028034495,33.402808534270655],[-111.89263028034495,33.41348055286125],[-111.90455412316315,33.411277430947635]]]}},{"type":"Feature","properties":{"state":"","county":"PHOENIX","s2_cell":"9739887879068319744","waymo_ro_miles":228600.33903928054,"incremental_miles":30256.96,"vintage_end":"202506","exposure_phase":"deployment"},"geometry":{"type":"Polygon","coordinates":[[[-111.89263028034495,33.41348055286125],[-111.89263028034495,33.402808534270655],[-111.88070640336356,33.4050100589205],[-111.88070640336356,33.41568242873561],[-111.89263028034495,33.41348055286125]]]}},{"type":"Feature","properties":{"state":"","county":"PHOENIX","s2_cell":"9739887913428058112","waymo_ro_miles":35331.089562688416,"incremental_miles":5660.167,"vintage_end":"202506","exposure_phase":"deployment"},"geometry":{"type":"Polygon","coordinates":[[[-111.89263028034495,33.402808534270655],[-111.89263028034495,33.39213536599084],[-111.88070640336356,33.394336539072775],[-111.88070640336356,33.4050100589205],[-111.89263028034495,33.402808534270655]]]}},{"type":"Feature","properties":{"state":"","county":"PHOENIX","s2_cell":"9739887947787796480","waymo_ro_miles":49894.179024158875,"incremental_miles":8726.101,"vintage_end":"202506","exposure_phase":"deployment"},"geometry":{"type":"Polygon","coordinates":[[[-111.90455412316315,33.40060576384337],[-111.90455412316315,33.38993294739349],[-111.89263028034495,33.39213536599084],[-111.89263028034495,33.402808534270655],[-111.90455412316315,33.40060576384337]]]}},{"type":"Feature","properties":{"state":"","county":"PHOENIX","s2_cell":"9739887982147534848","waymo_ro_miles":185118.25750189525,"incremental_miles":32550.67,"vintage_end":"202506","exposure_phase":"deployment"},"geometry":{"type":"Polygon","coordinates":[[[-111.91647793030225,33.39840174784967],[-111.91647793030225,33.38772928349179],[-111.90455412316315,33.38993294739349],[-111.90455412316315,33.40060576384337],[-111.91647793030225,33.39840174784967]]]}},{"type":"Feature","properties":{"state":"","county":"PHOENIX","s2_cell":"9739888016507273216","waymo_ro_miles":353696.5676799777,"incremental_miles":55886.917,"vintage_end":"202506","exposure_phase":"deployment"},"geometry":{"type":"Polygon","coordinates":[[[-111.91647793030225,33.409073063205675],[-111.91647793030225,33.39840174784967],[-111.90455412316315,33.40060576384337],[-111.90455412316315,33.411277430947635],[-111.91647793030225,33.409073063205675]]]}},{"type":"Feature","properties":{"state":"","county":"PHOENIX","s2_cell":"9739888050867011584","waymo_ro_miles":183799.34940413188,"incremental_miles":24749.902,"vintage_end":"202506","exposure_phase":"deployment"},"geometry":{"type":"Polygon","coordinates":[[[-111.92840170024643,33.406867449846885],[-111.92840170024643,33.396196486501104],[-111.91647793030225,33.39840174784967],[-111.91647793030225,33.409073063205675],[-111.92840170024643,33.406867449846885]]]}},{"type":"Feature","properties":{"state":"","county":"PHOENIX","s2_cell":"9739888085226749952","waymo_ro_miles":132434.61699007772,"incremental_miles":16770.493,"vintage_end":"202506","exposure_phase":"deployment"},"geometry":{"type":"Polygon","coordinates":[[[-111.92840170024643,33.396196486501104],[-111.92840170024643,33.385524374497386],[-111.91647793030225,33.38772928349179],[-111.91647793030225,33.39840174784967],[-111.92840170024643,33.396196486501104]]]}},{"type":"Feature","properties":{"state":"","county":"PHOENIX","s2_cell":"9739888119586488320","waymo_ro_miles":109273.95070544482,"incremental_miles":15482.966,"vintage_end":"202506","exposure_phase":"deployment"},"geometry":{"type":"Polygon","coordinates":[[[-111.94032543148008,33.39398998000986],[-111.94032543148008,33.38331822062252],[-111.92840170024643,33.385524374497386],[-111.92840170024643,33.396196486501104],[-111.94032543148008,33.39398998000986]]]}},{"type":"Feature","properties":{"state":"","county":"PHOENIX","s2_cell":"9739888153946226688","waymo_ro_miles":78533.16933763075,"incremental_miles":5855.582,"vintage_end":"202506","exposure_phase":"deployment"},"geometry":{"type":"Polygon","coordinates":[[[-111.9522491224878,33.39178222858866],[-111.9522491224878,33.38111082208001],[-111.94032543148008,33.38331822062252],[-111.94032543148008,33.39398998000986],[-111.9522491224878,33.39178222858866]]]}},{"type":"Feature","properties":{"state":"","county":"PHOENIX","s2_cell":"9739888188305965056","waymo_ro_miles":81276.7400443481,"incremental_miles":11427.038,"vintage_end":"202506","exposure_phase":"deployment"},"geometry":{"type":"Polygon","coordinates":[[[-111.9522491224878,33.40245248712773],[-111.9522491224878,33.39178222858866],[-111.94032543148008,33.39398998000986],[-111.94032543148008,33.40466059108335],[-111.9522491224878,33.40245248712773]]]}},{"type":"Feature","properties":{"state":"","county":"PHOENIX","s2_cell":"9739888222665703424","waymo_ro_miles":84843.84310674111,"incremental_miles":13546.415,"vintage_end":"202506","exposure_phase":"deployment"},"geometry":{"type":"Polygon","coordinates":[[[-111.94032543148008,33.40466059108335],[-111.94032543148008,33.39398998000986],[-111.92840170024643,33.396196486501104],[-111.92840170024643,33.406867449846885],[-111.94032543148008,33.40466059108335]]]}},{"type":"Feature","properties":{"state":"","county":"PHOENIX","s2_cell":"9739888257025441792","waymo_ro_miles":339926.3235142851,"incremental_miles":59826.062,"vintage_end":"202506","exposure_phase":"deployment"},"geometry":{"type":"Polygon","coordinates":[[[-111.94032543148008,33.415330052983734],[-111.94032543148008,33.40466059108335],[-111.92840170024643,33.406867449846885],[-111.92840170024643,33.41753726367548],[-111.94032543148008,33.415330052983734]]]}},{"type":"Feature","properties":{"state":"","county":"PHOENIX","s2_cell":"9739888291385180160","waymo_ro_miles":165449.87985007983,"incremental_miles":29208.268,"vintage_end":"202506","exposure_phase":"deployment"},"geometry":{"type":"Polygon","coordinates":[[[-111.9522491224878,33.41312159683796],[-111.9522491224878,33.40245248712773],[-111.94032543148008,33.40466059108335],[-111.94032543148008,33.415330052983734],[-111.9522491224878,33.41312159683796]]]}},{"type":"Feature","properties":{"state":"","county":"PHOENIX","s2_cell":"9739888325744918528","waymo_ro_miles":242196.8880082493,"incremental_miles":49693.499,"vintage_end":"202506","exposure_phase":"deployment"},"geometry":{"type":"Polygon","coordinates":[[[-111.9522491224878,33.423789556860704],[-111.9522491224878,33.41312159683796],[-111.94032543148008,33.415330052983734],[-111.94032543148008,33.425998364852425],[-111.9522491224878,33.423789556860704]]]}},{"type":"Feature","properties":{"state":"","county":"PHOENIX","s2_cell":"9739888360104656896","waymo_ro_miles":257684.64626604205,"incremental_miles":37956.041,"vintage_end":"202506","exposure_phase":"deployment"},"geometry":{"type":"Polygon","coordinates":[[[-111.94032543148008,33.425998364852425],[-111.94032543148008,33.415330052983734],[-111.92840170024643,33.41753726367548],[-111.92840170024643,33.42820592712832],[-111.94032543148008,33.425998364852425]]]}},{"type":"Feature","properties":{"state":"","county":"PHOENIX","s2_cell":"9739888394464395264","waymo_ro_miles":254973.8184311008,"incremental_miles":38649.052,"vintage_end":"202506","exposure_phase":"deployment"},"geometry":{"type":"Polygon","coordinates":[[[-111.92840170024643,33.42820592712832],[-111.92840170024643,33.41753726367548],[-111.91647793030225,33.4197432287006],[-111.91647793030225,33.43041224347588],[-111.92840170024643,33.42820592712832]]]}},{"type":"Feature","properties":{"state":"","county":"PHOENIX","s2_cell":"9739888428824133632","waymo_ro_miles":251254.7516218074,"incremental_miles":38518.804,"vintage_end":"202506","exposure_phase":"deployment"},"geometry":{"type":"Polygon","coordinates":[[[-111.92840170024643,33.41753726367548],[-111.92840170024643,33.406867449846885],[-111.91647793030225,33.409073063205675],[-111.91647793030225,33.4197432287006],[-111.92840170024643,33.41753726367548]]]}},{"type":"Feature","properties":{"state":"","county":"PHOENIX","s2_cell":"9739888463183872000","waymo_ro_miles":386975.4074184676,"incremental_miles":69816.679,"vintage_end":"202506","exposure_phase":"deployment"},"geometry":{"type":"Polygon","coordinates":[[[-111.91647793030225,33.4197432287006],[-111.91647793030225,33.409073063205675],[-111.90455412316315,33.411277430947635],[-111.90455412316315,33.42194794784707],[-111.91647793030225,33.4197432287006]]]}},{"type":"Feature","properties":{"state":"","county":"PHOENIX","s2_cell":"9739888497543610368","waymo_ro_miles":441314.47241342464,"incremental_miles":84386.159,"vintage_end":"202506","exposure_phase":"deployment"},"geometry":{"type":"Polygon","coordinates":[[[-111.91647793030225,33.43041224347588],[-111.91647793030225,33.4197432287006],[-111.90455412316315,33.42194794784707],[-111.90455412316315,33.43261731368316],[-111.91647793030225,33.43041224347588]]]}},{"type":"Feature","properties":{"state":"","county":"PHOENIX","s2_cell":"9739888531903348736","waymo_ro_miles":334494.7560471371,"incremental_miles":62533.296,"vintage_end":"202506","exposure_phase":"deployment"},"geometry":{"type":"Polygon","coordinates":[[[-111.91647793030225,33.4410801066736],[-111.91647793030225,33.43041224347588],[-111.90455412316315,33.43261731368316],[-111.90455412316315,33.443285527597986],[-111.91647793030225,33.4410801066736]]]}},{"type":"Feature","properties":{"state":"","county":"PHOENIX","s2_cell":"9739888566263087104","waymo_ro_miles":258314.20992468816,"incremental_miles":52143.576,"vintage_end":"202506","exposure_phase":"deployment"},"geometry":{"type":"Polygon","coordinates":[[[-111.91647793030225,33.45174681743652],[-111.91647793030225,33.4410801066736],[-111.90455412316315,33.443285527597986],[-111.90455412316315,33.453952588734346],[-111.91647793030225,33.45174681743652]]]}},{"type":"Feature","properties":{"state":"","county":"PHOENIX","s2_cell":"9739888600622825472","waymo_ro_miles":188972.32411632218,"incremental_miles":29489.325,"vintage_end":"202506","exposure_phase":"deployment"},"geometry":{"type":"Polygon","coordinates":[[[-111.92840170024643,33.449539799475644],[-111.92840170024643,33.43887343934746],[-111.91647793030225,33.4410801066736],[-111.91647793030225,33.45174681743652],[-111.92840170024643,33.449539799475644]]]}},{"type":"Feature","properties":{"state":"","county":"PHOENIX","s2_cell":"9739888634982563840","waymo_ro_miles":171539.31897633072,"incremental_miles":28531.878,"vintage_end":"202506","exposure_phase":"deployment"},"geometry":{"type":"Polygon","coordinates":[[[-111.92840170024643,33.43887343934746],[-111.92840170024643,33.42820592712832],[-111.91647793030225,33.43041224347588],[-111.91647793030225,33.4410801066736],[-111.92840170024643,33.43887343934746]]]}},{"type":"Feature","properties":{"state":"","county":"PHOENIX","s2_cell":"9739888669342302208","waymo_ro_miles":193704.8889149642,"incremental_miles":33281.204,"vintage_end":"202506","exposure_phase":"deployment"},"geometry":{"type":"Polygon","coordinates":[[[-111.94032543148008,33.43666552583144],[-111.94032543148008,33.425998364852425],[-111.92840170024643,33.42820592712832],[-111.92840170024643,33.43887343934746],[-111.94032543148008,33.43666552583144]]]}},{"type":"Feature","properties":{"state":"","county":"PHOENIX","s2_cell":"9739888703702040576","waymo_ro_miles":191914.74426099463,"incremental_miles":38615.288,"vintage_end":"202506","exposure_phase":"deployment"},"geometry":{"type":"Polygon","coordinates":[[[-111.9522491224878,33.43445636633799],[-111.9522491224878,33.423789556860704],[-111.94032543148008,33.425998364852425],[-111.94032543148008,33.43666552583144],[-111.9522491224878,33.43445636633799]]]}},{"type":"Feature","properties":{"state":"","county":"PHOENIX","s2_cell":"9739888738061778944","waymo_ro_miles":245639.13138263737,"incremental_miles":35405.461,"vintage_end":"202506","exposure_phase":"deployment"},"geometry":{"type":"Polygon","coordinates":[[[-111.9522491224878,33.44512202441251],[-111.9522491224878,33.43445636633799],[-111.94032543148008,33.43666552583144],[-111.94032543148008,33.44733153506352],[-111.9522491224878,33.44512202441251]]]}},{"type":"Feature","properties":{"state":"","county":"PHOENIX","s2_cell":"9739888772421517312","waymo_ro_miles":142030.11926282372,"incremental_miles":19847.275,"vintage_end":"202506","exposure_phase":"deployment"},"geometry":{"type":"Polygon","coordinates":[[[-111.94032543148008,33.44733153506352],[-111.94032543148008,33.43666552583144],[-111.92840170024643,33.43887343934746],[-111.92840170024643,33.449539799475644],[-111.94032543148008,33.44733153506352]]]}},{"type":"Feature","properties":{"state":"","county":"PHOENIX","s2_cell":"9739888806781255680","waymo_ro_miles":50659.590852006804,"incremental_miles":7784.599,"vintage_end":"202506","exposure_phase":"deployment"},"geometry":{"type":"Polygon","coordinates":[[[-111.94032543148008,33.45799639169199],[-111.94032543148008,33.44733153506352],[-111.92840170024643,33.449539799475644],[-111.92840170024643,33.460205006656246],[-111.94032543148008,33.45799639169199]]]}},{"type":"Feature","properties":{"state":"","county":"PHOENIX","s2_cell":"9739888841140994048","waymo_ro_miles":65757.73831218484,"incremental_miles":10381.997,"vintage_end":"202506","exposure_phase":"deployment"},"geometry":{"type":"Polygon","coordinates":[[[-111.9522491224878,33.4557865302276],[-111.9522491224878,33.44512202441251],[-111.94032543148008,33.44733153506352],[-111.94032543148008,33.45799639169199],[-111.9522491224878,33.4557865302276]]]}},{"type":"Feature","properties":{"state":"","county":"PHOENIX","s2_cell":"9739888875500732416","waymo_ro_miles":307216.24485036795,"incremental_miles":66487.976,"vintage_end":"202506","exposure_phase":"deployment"},"geometry":{"type":"Polygon","coordinates":[[[-111.9522491224878,33.46644988292723],[-111.9522491224878,33.4557865302276],[-111.94032543148008,33.45799639169199],[-111.94032543148008,33.46866009486088],[-111.9522491224878,33.46644988292723]]]}},{"type":"Feature","properties":{"state":"","county":"PHOENIX","s2_cell":"9739888909860470784","waymo_ro_miles":182654.4032706886,"incremental_miles":40493.051,"vintage_end":"202506","exposure_phase":"deployment"},"geometry":{"type":"Polygon","coordinates":[[[-111.94032543148008,33.46866009486088],[-111.94032543148008,33.45799639169199],[-111.92840170024643,33.460205006656246],[-111.92840170024643,33.47086906003329],[-111.94032543148008,33.46866009486088]]]}},{"type":"Feature","properties":{"state":"","county":"PHOENIX","s2_cell":"9739888944220209152","waymo_ro_miles":289926.04413489945,"incremental_miles":64809.724,"vintage_end":"202506","exposure_phase":"deployment"},"geometry":{"type":"Polygon","coordinates":[[[-111.92840170024643,33.47086906003329],[-111.92840170024643,33.460205006656246],[-111.91647793030225,33.46241237490804],[-111.91647793030225,33.47307677823221],[-111.92840170024643,33.47086906003329]]]}},{"type":"Feature","properties":{"state":"","county":"PHOENIX","s2_cell":"9739888978579947520","waymo_ro_miles":151271.78438432727,"incremental_miles":25270.734,"vintage_end":"202506","exposure_phase":"deployment"},"geometry":{"type":"Polygon","coordinates":[[[-111.92840170024643,33.460205006656246],[-111.92840170024643,33.449539799475644],[-111.91647793030225,33.45174681743652],[-111.91647793030225,33.46241237490804],[-111.92840170024643,33.460205006656246]]]}},{"type":"Feature","properties":{"state":"","county":"PHOENIX","s2_cell":"9739889012939685888","waymo_ro_miles":223878.75720605312,"incremental_miles":52817.223,"vintage_end":"202506","exposure_phase":"deployment"},"geometry":{"type":"Polygon","coordinates":[[[-111.91647793030225,33.46241237490804],[-111.91647793030225,33.45174681743652],[-111.90455412316315,33.453952588734346],[-111.90455412316315,33.46461849623565],[-111.91647793030225,33.46241237490804]]]}},{"type":"Feature","properties":{"state":"","county":"PHOENIX","s2_cell":"9739889047299424256","waymo_ro_miles":360472.37515167455,"incremental_miles":91322.983,"vintage_end":"202506","exposure_phase":"deployment"},"geometry":{"type":"Polygon","coordinates":[[[-111.91647793030225,33.47307677823221],[-111.91647793030225,33.46241237490804],[-111.90455412316315,33.46461849623565],[-111.90455412316315,33.47528324924599],[-111.91647793030225,33.47307677823221]]]}},{"type":"Feature","properties":{"state":"","county":"PHOENIX","s2_cell":"9739889081659162624","waymo_ro_miles":119697.53077659405,"incremental_miles":42233.676,"vintage_end":"202506","exposure_phase":"deployment"},"geometry":{"type":"Polygon","coordinates":[[[-111.90455412316315,33.47528324924599],[-111.90455412316315,33.46461849623565],[-111.89263028034495,33.46682337042793],[-111.89263028034495,33.47748847286355],[-111.90455412316315,33.47528324924599]]]}},{"type":"Feature","properties":{"state":"","county":"PHOENIX","s2_cell":"9739889150378639360","waymo_ro_miles":25734.017483099768,"incremental_miles":11303.679,"vintage_end":"202506","exposure_phase":"deployment"},"geometry":{"type":"Polygon","coordinates":[[[-111.89263028034495,33.46682337042793],[-111.89263028034493,33.456157113157886],[-111.88070640336356,33.45836039049651],[-111.88070640336356,33.469026997274305],[-111.89263028034495,33.46682337042793]]]}},{"type":"Feature","properties":{"state":"","county":"PHOENIX","s2_cell":"9739889184738377728","waymo_ro_miles":134994.27014154816,"incremental_miles":55118.288,"vintage_end":"202506","exposure_phase":"deployment"},"geometry":{"type":"Polygon","coordinates":[[[-111.90455412316315,33.46461849623565],[-111.90455412316315,33.453952588734346],[-111.89263028034493,33.456157113157886],[-111.89263028034495,33.46682337042793],[-111.90455412316315,33.46461849623565]]]}},{"type":"Feature","properties":{"state":"","county":"PHOENIX","s2_cell":"9739889322177331200","waymo_ro_miles":8446.141107065903,"incremental_miles":2394.761,"vintage_end":"202506","exposure_phase":"deployment"},"geometry":{"type":"Polygon","coordinates":[[[-111.89263028034493,33.456157113157886],[-111.89263028034495,33.44548970190932],[-111.88070640336356,33.44769262939688],[-111.88070640336356,33.45836039049651],[-111.89263028034493,33.456157113157886]]]}},{"type":"Feature","properties":{"state":"","county":"PHOENIX","s2_cell":"9739889425256546304","waymo_ro_miles":641.6372251222331,"incremental_miles":5.226,"vintage_end":"202506","exposure_phase":"deployment"},"geometry":{"type":"Polygon","coordinates":[[[-111.86878249373518,33.44989430985055],[-111.86878249373518,33.439225045352494],[-111.85685855297612,33.44142512889074],[-111.85685855297612,33.452094743060734],[-111.86878249373518,33.44989430985055]]]}},{"type":"Feature","properties":{"state":"","county":"PHOENIX","s2_cell":"9739889768853929984","waymo_ro_miles":1836.6246433965084,"incremental_miles":204.045,"vintage_end":"202506","exposure_phase":"deployment"},"geometry":{"type":"Polygon","coordinates":[[[-111.89263028034495,33.48815241960949],[-111.89263028034495,33.47748847286355],[-111.88070640336356,33.47969244887439],[-111.88070640336356,33.490356744441534],[-111.89263028034495,33.48815241960949]]]}},{"type":"Feature","properties":{"state":"","county":"PHOENIX","s2_cell":"9739889803213668352","waymo_ro_miles":30617.896813034815,"incremental_miles":7302.606,"vintage_end":"202506","exposure_phase":"deployment"},"geometry":{"type":"Polygon","coordinates":[[[-111.90455412316315,33.48594684691009],[-111.90455412316315,33.47528324924599],[-111.89263028034495,33.47748847286355],[-111.89263028034495,33.48815241960949],[-111.90455412316315,33.48594684691009]]]}},{"type":"Feature","properties":{"state":"","county":"PHOENIX","s2_cell":"9739889837573406720","waymo_ro_miles":33289.67532263126,"incremental_miles":6137.922,"vintage_end":"202506","exposure_phase":"deployment"},"geometry":{"type":"Polygon","coordinates":[[[-111.90455412316315,33.496609288373335],[-111.90455412316315,33.48594684691009],[-111.89263028034495,33.48815241960949],[-111.89263028034495,33.498815209811184],[-111.90455412316315,33.496609288373335]]]}},{"type":"Feature","properties":{"state":"","county":"PHOENIX","s2_cell":"9739889871933145088","waymo_ro_miles":1480.4287460984376,"incremental_miles":184.8,"vintage_end":"202506","exposure_phase":"deployment"},"geometry":{"type":"Polygon","coordinates":[[[-111.89263028034495,33.498815209811184],[-111.89263028034495,33.48815241960949],[-111.88070640336356,33.490356744441534],[-111.88070640336356,33.501019883121195],[-111.89263028034495,33.498815209811184]]]}},{"type":"Feature","properties":{"state":"","county":"PHOENIX","s2_cell":"9739889906292883456","waymo_ro_miles":1479.0170562282415,"incremental_miles":198.57,"vintage_end":"202506","exposure_phase":"deployment"},"geometry":{"type":"Polygon","coordinates":[[[-111.89263028034495,33.50947684261468],[-111.89263028034495,33.498815209811184],[-111.88070640336356,33.501019883121195],[-111.88070640336356,33.51168186405945],[-111.89263028034495,33.50947684261468]]]}},{"type":"Feature","properties":{"state":"","county":"PHOENIX","s2_cell":"9739889940652621824","waymo_ro_miles":25338.51564253495,"incremental_miles":4027.47,"vintage_end":"202506","exposure_phase":"deployment"},"geometry":{"type":"Polygon","coordinates":[[[-111.90455412316315,33.50727057278177],[-111.90455412316315,33.496609288373335],[-111.89263028034495,33.498815209811184],[-111.89263028034495,33.50947684261468],[-111.90455412316315,33.50727057278177]]]}},{"type":"Feature","properties":{"state":"","county":"PHOENIX","s2_cell":"9739889975012360192","waymo_ro_miles":36592.67884760242,"incremental_miles":6513.793,"vintage_end":"202506","exposure_phase":"deployment"},"geometry":{"type":"Polygon","coordinates":[[[-111.90455412316315,33.51793069928209],[-111.90455412316315,33.50727057278177],[-111.89263028034495,33.50947684261468],[-111.89263028034493,33.5201373171667],[-111.90455412316315,33.51793069928209]]]}},{"type":"Feature","properties":{"state":"","county":"PHOENIX","s2_cell":"9739890456048697344","waymo_ro_miles":18042.471352680004,"incremental_miles":4170.396,"vintage_end":"202506","exposure_phase":"deployment"},"geometry":{"type":"Polygon","coordinates":[[[-111.89263028034495,33.55211178279102],[-111.89263028034495,33.54145478810651],[-111.88070640336356,33.54366085189651],[-111.88070640336356,33.55431819334316],[-111.89263028034495,33.55211178279102]]]}},{"type":"Feature","properties":{"state":"","county":"PHOENIX","s2_cell":"9739890490408435712","waymo_ro_miles":12514.3141811067,"incremental_miles":2266.948,"vintage_end":"202506","exposure_phase":"deployment"},"geometry":{"type":"Polygon","coordinates":[[[-111.89263028034495,33.562767615817506],[-111.89263028034495,33.55211178279102],[-111.88070640336356,33.55431819334316],[-111.88070640336356,33.56497437278869],[-111.89263028034495,33.562767615817506]]]}},{"type":"Feature","properties":{"state":"","county":"PHOENIX","s2_cell":"9739890524768174080","waymo_ro_miles":94120.36832913551,"incremental_miles":27226.748,"vintage_end":"202506","exposure_phase":"deployment"},"geometry":{"type":"Polygon","coordinates":[[[-111.90455412316315,33.56055960915925],[-111.90455412316315,33.54990412281125],[-111.89263028034495,33.55211178279102],[-111.89263028034495,33.562767615817506],[-111.90455412316315,33.56055960915925]]]}},{"type":"Feature","properties":{"state":"","county":"PHOENIX","s2_cell":"9739890559127912448","waymo_ro_miles":50879.15466408224,"incremental_miles":12278.289,"vintage_end":"202506","exposure_phase":"deployment"},"geometry":{"type":"Polygon","coordinates":[[[-111.90455412316315,33.54990412281125],[-111.90455412316315,33.5392474751485],[-111.89263028034495,33.54145478810651],[-111.89263028034495,33.55211178279102],[-111.90455412316315,33.54990412281125]]]}},{"type":"Feature","properties":{"state":"","county":"PHOENIX","s2_cell":"9739890593487650816","waymo_ro_miles":43349.771316286155,"incremental_miles":10885.398,"vintage_end":"202506","exposure_phase":"deployment"},"geometry":{"type":"Polygon","coordinates":[[[-111.90455412316315,33.5392474751485],[-111.90455412316315,33.52858966702167],[-111.89263028034495,33.53079663261463],[-111.89263028034495,33.54145478810651],[-111.90455412316315,33.5392474751485]]]}},{"type":"Feature","properties":{"state":"","county":"PHOENIX","s2_cell":"9739890627847389184","waymo_ro_miles":41811.78056879262,"incremental_miles":11010.656,"vintage_end":"202506","exposure_phase":"deployment"},"geometry":{"type":"Polygon","coordinates":[[[-111.89263028034495,33.54145478810651],[-111.89263028034495,33.53079663261463],[-111.88070640336356,33.53300234929937],[-111.88070640336356,33.54366085189651],[-111.89263028034495,33.54145478810651]]]}},{"type":"Feature","properties":{"state":"","county":"PHOENIX","s2_cell":"9739890662207127552","waymo_ro_miles":1544.4838645886796,"incremental_miles":207.553,"vintage_end":"202506","exposure_phase":"deployment"},"geometry":{"type":"Polygon","coordinates":[[[-111.89263028034495,33.53079663261463],[-111.89263028034493,33.5201373171667],[-111.88070640336356,33.522342686403036],[-111.88070640336356,33.53300234929937],[-111.89263028034495,33.53079663261463]]]}},{"type":"Feature","properties":{"state":"","county":"PHOENIX","s2_cell":"9739890696566865920","waymo_ro_miles":30534.345153333314,"incremental_miles":7455.76,"vintage_end":"202506","exposure_phase":"deployment"},"geometry":{"type":"Polygon","coordinates":[[[-111.90455412316315,33.52858966702167],[-111.90455412316315,33.51793069928209],[-111.89263028034493,33.5201373171667],[-111.89263028034495,33.53079663261463],[-111.90455412316315,33.52858966702167]]]}},{"type":"Feature","properties":{"state":"","county":"PHOENIX","s2_cell":"9739890730926604288","waymo_ro_miles":163899.17736392125,"incremental_miles":40775.734,"vintage_end":"202506","exposure_phase":"deployment"},"geometry":{"type":"Polygon","coordinates":[[[-111.91647793030225,33.52638145273062],[-111.91647793030225,33.51572283295943],[-111.90455412316315,33.51793069928209],[-111.90455412316315,33.52858966702167],[-111.91647793030225,33.52638145273062]]]}},{"type":"Feature","properties":{"state":"","county":"PHOENIX","s2_cell":"9739890765286342656","waymo_ro_miles":125627.47804678527,"incremental_miles":30773.899,"vintage_end":"202506","exposure_phase":"deployment"},"geometry":{"type":"Polygon","coordinates":[[[-111.92840170024643,33.5241719899522],[-111.92840170024643,33.51351371840951],[-111.91647793030225,33.51572283295943],[-111.91647793030225,33.52638145273062],[-111.92840170024643,33.5241719899522]]]}},{"type":"Feature","properties":{"state":"","county":"PHOENIX","s2_cell":"9739890799646081024","waymo_ro_miles":107811.02966272173,"incremental_miles":25936.348,"vintage_end":"202506","exposure_phase":"deployment"},"geometry":{"type":"Polygon","coordinates":[[[-111.92840170024643,33.53482910256929],[-111.92840170024643,33.5241719899522],[-111.91647793030225,33.52638145273062],[-111.91647793030225,33.53703891323254],[-111.92840170024643,33.53482910256929]]]}},{"type":"Feature","properties":{"state":"","county":"PHOENIX","s2_cell":"9739890834005819392","waymo_ro_miles":140453.70905253146,"incremental_miles":36275.767,"vintage_end":"202506","exposure_phase":"deployment"},"geometry":{"type":"Polygon","coordinates":[[[-111.91647793030225,33.53703891323254],[-111.91647793030225,33.52638145273062],[-111.90455412316315,33.52858966702167],[-111.90455412316315,33.5392474751485],[-111.91647793030225,33.53703891323254]]]}},{"type":"Feature","properties":{"state":"","county":"PHOENIX","s2_cell":"9739890868365557760","waymo_ro_miles":104941.49847314206,"incremental_miles":25397.852,"vintage_end":"202506","exposure_phase":"deployment"},"geometry":{"type":"Polygon","coordinates":[[[-111.91647793030225,33.54769521361385],[-111.91647793030225,33.53703891323254],[-111.90455412316315,33.5392474751485],[-111.90455412316315,33.54990412281125],[-111.91647793030225,33.54769521361385]]]}},{"type":"Feature","properties":{"state":"","county":"PHOENIX","s2_cell":"9739890902725296128","waymo_ro_miles":6822.067259492663,"incremental_miles":1771.129,"vintage_end":"202506","exposure_phase":"deployment"},"geometry":{"type":"Polygon","coordinates":[[[-111.91647793030225,33.55835035302383],[-111.91647793030225,33.54769521361385],[-111.90455412316315,33.54990412281125],[-111.90455412316315,33.56055960915925],[-111.91647793030225,33.55835035302383]]]}},{"type":"Feature","properties":{"state":"","county":"PHOENIX","s2_cell":"9739890937085034496","waymo_ro_miles":74076.69722023686,"incremental_miles":19912.287,"vintage_end":"202506","exposure_phase":"deployment"},"geometry":{"type":"Polygon","coordinates":[[[-111.92840170024643,33.55613984762178],[-111.92840170024643,33.54548505540939],[-111.91647793030225,33.54769521361385],[-111.91647793030225,33.55835035302383],[-111.92840170024643,33.55613984762178]]]}},{"type":"Feature","properties":{"state":"","county":"PHOENIX","s2_cell":"9739890971444772864","waymo_ro_miles":97700.17919035172,"incremental_miles":24474.322,"vintage_end":"202506","exposure_phase":"deployment"},"geometry":{"type":"Polygon","coordinates":[[[-111.92840170024643,33.54548505540939],[-111.92840170024643,33.53482910256929],[-111.91647793030225,33.53703891323254],[-111.91647793030225,33.54769521361385],[-111.92840170024643,33.54548505540939]]]}},{"type":"Feature","properties":{"state":"","county":"PHOENIX","s2_cell":"9739891005804511232","waymo_ro_miles":19623.787956902972,"incremental_miles":4086.362,"vintage_end":"202506","exposure_phase":"deployment"},"geometry":{"type":"Polygon","coordinates":[[[-111.94032543148008,33.543273648409034],[-111.94032543148008,33.532618043369965],[-111.92840170024643,33.53482910256929],[-111.92840170024643,33.54548505540939],[-111.94032543148008,33.543273648409034]]]}},{"type":"Feature","properties":{"state":"","county":"PHOENIX","s2_cell":"9739891040164249600","waymo_ro_miles":11386.897264368747,"incremental_miles":2621.233,"vintage_end":"202506","exposure_phase":"deployment"},"geometry":{"type":"Polygon","coordinates":[[[-111.94032543148008,33.55392809316416],[-111.94032543148008,33.543273648409034],[-111.92840170024643,33.54548505540939],[-111.92840170024643,33.55613984762178],[-111.94032543148008,33.55392809316416]]]}},{"type":"Feature","properties":{"state":"","county":"PHOENIX","s2_cell":"9739891074523987968","waymo_ro_miles":2802.8872015684847,"incremental_miles":842.308,"vintage_end":"202506","exposure_phase":"deployment"},"geometry":{"type":"Polygon","coordinates":[[[-111.9522491224878,33.55171508986264],[-111.9522491224878,33.54106099282449],[-111.94032543148008,33.543273648409034],[-111.94032543148008,33.55392809316416],[-111.9522491224878,33.55171508986264]]]}},{"type":"Feature","properties":{"state":"","county":"PHOENIX","s2_cell":"9739891143243464704","waymo_ro_miles":56722.3272185797,"incremental_miles":11074.761,"vintage_end":"202506","exposure_phase":"deployment"},"geometry":{"type":"Polygon","coordinates":[[[-111.9522491224878,33.53040573584637],[-111.9522491224878,33.51974931977904],[-111.94032543148008,33.52196127889771],[-111.94032543148008,33.532618043369965],[-111.9522491224878,33.53040573584637]]]}},{"type":"Feature","properties":{"state":"","county":"PHOENIX","s2_cell":"9739891177603203072","waymo_ro_miles":54327.986661818686,"incremental_miles":10171.313,"vintage_end":"202506","exposure_phase":"deployment"},"geometry":{"type":"Polygon","coordinates":[[[-111.94032543148008,33.532618043369965],[-111.94032543148008,33.52196127889771],[-111.92840170024643,33.5241719899522],[-111.92840170024643,33.53482910256929],[-111.94032543148008,33.532618043369965]]]}},{"type":"Feature","properties":{"state":"","county":"PHOENIX","s2_cell":"9739891211962941440","waymo_ro_miles":12585.156428050808,"incremental_miles":3446.997,"vintage_end":"202506","exposure_phase":"deployment"},"geometry":{"type":"Polygon","coordinates":[[[-111.94032543148008,33.52196127889771],[-111.94032543148008,33.511303355843694],[-111.92840170024643,33.51351371840951],[-111.92840170024643,33.5241719899522],[-111.94032543148008,33.52196127889771]]]}},{"type":"Feature","properties":{"state":"","county":"PHOENIX","s2_cell":"9739891246322679808","waymo_ro_miles":25220.074975674317,"incremental_miles":5537.478,"vintage_end":"202506","exposure_phase":"deployment"},"geometry":{"type":"Polygon","coordinates":[[[-111.9522491224878,33.51974931977904],[-111.9522491224878,33.50909174547394],[-111.94032543148008,33.511303355843694],[-111.94032543148008,33.52196127889771],[-111.9522491224878,33.51974931977904]]]}},{"type":"Feature","properties":{"state":"","county":"PHOENIX","s2_cell":"9739891280682418176","waymo_ro_miles":144205.29284497362,"incremental_miles":29349.413,"vintage_end":"202506","exposure_phase":"deployment"},"geometry":{"type":"Polygon","coordinates":[[[-111.9522491224878,33.50909174547394],[-111.9522491224878,33.498433013783135],[-111.94032543148008,33.500644275059955],[-111.94032543148008,33.511303355843694],[-111.9522491224878,33.50909174547394]]]}},{"type":"Feature","properties":{"state":"","county":"PHOENIX","s2_cell":"9739891315042156544","waymo_ro_miles":115052.39652984963,"incremental_miles":23444.113,"vintage_end":"202506","exposure_phase":"deployment"},"geometry":{"type":"Polygon","coordinates":[[[-111.9522491224878,33.498433013783135],[-111.9522491224878,33.48777312555937],[-111.94032543148008,33.48998403739921],[-111.94032543148008,33.500644275059955],[-111.9522491224878,33.498433013783135]]]}},{"type":"Feature","properties":{"state":"","county":"PHOENIX","s2_cell":"9739891349401894912","waymo_ro_miles":356051.84286322247,"incremental_miles":73800.615,"vintage_end":"202506","exposure_phase":"deployment"},"geometry":{"type":"Polygon","coordinates":[[[-111.94032543148008,33.500644275059955],[-111.94032543148008,33.48998403739921],[-111.92840170024643,33.492193701956126],[-111.92840170024643,33.50285428879325],[-111.94032543148008,33.500644275059955]]]}},{"type":"Feature","properties":{"state":"","county":"PHOENIX","s2_cell":"9739891383761633280","waymo_ro_miles":135462.8724914929,"incremental_miles":28731.653,"vintage_end":"202506","exposure_phase":"deployment"},"geometry":{"type":"Polygon","coordinates":[[[-111.94032543148008,33.511303355843694],[-111.94032543148008,33.500644275059955],[-111.92840170024643,33.50285428879325],[-111.92840170024643,33.51351371840951],[-111.94032543148008,33.511303355843694]]]}},{"type":"Feature","properties":{"state":"","county":"PHOENIX","s2_cell":"9739891418121371648","waymo_ro_miles":173902.66563044026,"incremental_miles":40878.515,"vintage_end":"202506","exposure_phase":"deployment"},"geometry":{"type":"Polygon","coordinates":[[[-111.92840170024643,33.51351371840951],[-111.92840170024643,33.50285428879325],[-111.91647793030225,33.50506305477101],[-111.91647793030225,33.51572283295943],[-111.92840170024643,33.51351371840951]]]}},{"type":"Feature","properties":{"state":"","county":"PHOENIX","s2_cell":"9739891452481110016","waymo_ro_miles":162538.15146422508,"incremental_miles":39620.678,"vintage_end":"202506","exposure_phase":"deployment"},"geometry":{"type":"Polygon","coordinates":[[[-111.91647793030225,33.51572283295943],[-111.91647793030225,33.50506305477101],[-111.90455412316315,33.50727057278177],[-111.90455412316315,33.51793069928209],[-111.91647793030225,33.51572283295943]]]}},{"type":"Feature","properties":{"state":"","county":"PHOENIX","s2_cell":"9739891486840848384","waymo_ro_miles":262013.7252869392,"incremental_miles":59557.614,"vintage_end":"202506","exposure_phase":"deployment"},"geometry":{"type":"Polygon","coordinates":[[[-111.91647793030225,33.50506305477101],[-111.91647793030225,33.494402119018005],[-111.90455412316315,33.496609288373335],[-111.90455412316315,33.50727057278177],[-111.91647793030225,33.50506305477101]]]}},{"type":"Feature","properties":{"state":"","county":"PHOENIX","s2_cell":"9739891521200586752","waymo_ro_miles":466219.84723543806,"incremental_miles":93146.334,"vintage_end":"202506","exposure_phase":"deployment"},"geometry":{"type":"Polygon","coordinates":[[[-111.92840170024643,33.50285428879325],[-111.92840170024643,33.492193701956126],[-111.91647793030225,33.494402119018005],[-111.91647793030225,33.50506305477101],[-111.92840170024643,33.50285428879325]]]}},{"type":"Feature","properties":{"state":"","county":"PHOENIX","s2_cell":"9739891555560325120","waymo_ro_miles":250084.63429519307,"incremental_miles":46943.695,"vintage_end":"202506","exposure_phase":"deployment"},"geometry":{"type":"Polygon","coordinates":[[[-111.92840170024643,33.492193701956126],[-111.92840170024643,33.48153195875146],[-111.91647793030225,33.48374002655374],[-111.91647793030225,33.494402119018005],[-111.92840170024643,33.492193701956126]]]}},{"type":"Feature","properties":{"state":"","county":"PHOENIX","s2_cell":"9739891589920063488","waymo_ro_miles":280507.65280422696,"incremental_miles":60648.885,"vintage_end":"202506","exposure_phase":"deployment"},"geometry":{"type":"Polygon","coordinates":[[[-111.91647793030225,33.494402119018005],[-111.91647793030225,33.48374002655374],[-111.90455412316315,33.48594684691009],[-111.90455412316315,33.496609288373335],[-111.91647793030225,33.494402119018005]]]}},{"type":"Feature","properties":{"state":"","county":"PHOENIX","s2_cell":"9739891624279801856","waymo_ro_miles":265936.46775545523,"incremental_miles":56996.107,"vintage_end":"202506","exposure_phase":"deployment"},"geometry":{"type":"Polygon","coordinates":[[[-111.91647793030225,33.48374002655374],[-111.91647793030225,33.47307677823221],[-111.90455412316315,33.47528324924599],[-111.90455412316315,33.48594684691009],[-111.91647793030225,33.48374002655374]]]}},{"type":"Feature","properties":{"state":"","county":"PHOENIX","s2_cell":"9739891658639540224","waymo_ro_miles":236876.43441368706,"incremental_miles":46555.056,"vintage_end":"202506","exposure_phase":"deployment"},"geometry":{"type":"Polygon","coordinates":[[[-111.92840170024643,33.48153195875146],[-111.92840170024643,33.47086906003329],[-111.91647793030225,33.47307677823221],[-111.91647793030225,33.48374002655374],[-111.92840170024643,33.48153195875146]]]}},{"type":"Feature","properties":{"state":"","county":"PHOENIX","s2_cell":"9739891692999278592","waymo_ro_miles":89142.97679963215,"incremental_miles":16818.379,"vintage_end":"202506","exposure_phase":"deployment"},"geometry":{"type":"Polygon","coordinates":[[[-111.94032543148008,33.47932264371485],[-111.94032543148008,33.46866009486088],[-111.92840170024643,33.47086906003329],[-111.92840170024643,33.48153195875146],[-111.94032543148008,33.47932264371485]]]}},{"type":"Feature","properties":{"state":"","county":"PHOENIX","s2_cell":"9739891727359016960","waymo_ro_miles":136270.4593114231,"incremental_miles":28854.558,"vintage_end":"202506","exposure_phase":"deployment"},"geometry":{"type":"Polygon","coordinates":[[[-111.94032543148008,33.48998403739921],[-111.94032543148008,33.47932264371485],[-111.92840170024643,33.48153195875146],[-111.92840170024643,33.492193701956126],[-111.94032543148008,33.48998403739921]]]}},{"type":"Feature","properties":{"state":"","county":"PHOENIX","s2_cell":"9739891761718755328","waymo_ro_miles":199941.3022833713,"incremental_miles":42356.701,"vintage_end":"202506","exposure_phase":"deployment"},"geometry":{"type":"Polygon","coordinates":[[[-111.9522491224878,33.48777312555937],[-111.9522491224878,33.47711208165606],[-111.94032543148008,33.47932264371485],[-111.94032543148008,33.48998403739921],[-111.9522491224878,33.48777312555937]]]}},{"type":"Feature","properties":{"state":"","county":"PHOENIX","s2_cell":"9739891796078493696","waymo_ro_miles":135404.32536956633,"incremental_miles":32151.294,"vintage_end":"202506","exposure_phase":"deployment"},"geometry":{"type":"Polygon","coordinates":[[[-111.9522491224878,33.47711208165606],[-111.9522491224878,33.46644988292723],[-111.94032543148008,33.46866009486088],[-111.94032543148008,33.47932264371485],[-111.9522491224878,33.47711208165606]]]}},{"type":"Feature","properties":{"state":"","county":"PHOENIX","s2_cell":"9739891830438232064","waymo_ro_miles":77886.28843194197,"incremental_miles":18820.544,"vintage_end":"202506","exposure_phase":"deployment"},"geometry":{"type":"Polygon","coordinates":[[[-111.96417277175436,33.47490027278783],[-111.96417277175436,33.46423842444515],[-111.9522491224878,33.46644988292723],[-111.9522491224878,33.47711208165606],[-111.96417277175436,33.47490027278783]]]}},{"type":"Feature","properties":{"state":"","county":"PHOENIX","s2_cell":"9739891864797970432","waymo_ro_miles":89580.32027350696,"incremental_miles":14200.408,"vintage_end":"202506","exposure_phase":"deployment"},"geometry":{"type":"Polygon","coordinates":[[[-111.96417277175436,33.48556096664927],[-111.96417277175436,33.47490027278783],[-111.9522491224878,33.47711208165606],[-111.9522491224878,33.48777312555937],[-111.96417277175436,33.48556096664927]]]}},{"type":"Feature","properties":{"state":"","county":"PHOENIX","s2_cell":"9739891899157708800","waymo_ro_miles":92848.18705984071,"incremental_miles":14952.715,"vintage_end":"202506","exposure_phase":"deployment"},"geometry":{"type":"Polygon","coordinates":[[[-111.9760963777647,33.48334756088215],[-111.9760963777647,33.4726872173235],[-111.96417277175436,33.47490027278783],[-111.96417277175436,33.48556096664927],[-111.9760963777647,33.48334756088215]]]}},{"type":"Feature","properties":{"state":"","county":"PHOENIX","s2_cell":"9739891933517447168","waymo_ro_miles":166647.5673219791,"incremental_miles":38638.805,"vintage_end":"202506","exposure_phase":"deployment"},"geometry":{"type":"Polygon","coordinates":[[[-111.9760963777647,33.4726872173235],[-111.9760963777647,33.46202571962802],[-111.96417277175436,33.46423842444515],[-111.96417277175436,33.47490027278783],[-111.9760963777647,33.4726872173235]]]}},{"type":"Feature","properties":{"state":"","county":"PHOENIX","s2_cell":"9739891967877185536","waymo_ro_miles":274498.1421955665,"incremental_miles":56829.967,"vintage_end":"202506","exposure_phase":"deployment"},"geometry":{"type":"Polygon","coordinates":[[[-111.98801993900399,33.47047291547695],[-111.98801993900399,33.45981176868984],[-111.9760963777647,33.46202571962802],[-111.9760963777647,33.4726872173235],[-111.98801993900399,33.47047291547695]]]}},{"type":"Feature","properties":{"state":"","county":"PHOENIX","s2_cell":"9739892002236923904","waymo_ro_miles":189183.9678016292,"incremental_miles":38670.626,"vintage_end":"202506","exposure_phase":"deployment"},"geometry":{"type":"Polygon","coordinates":[[[-111.99994345395754,33.46825736746266],[-111.99994345395756,33.45759657184514],[-111.98801993900399,33.45981176868984],[-111.98801993900399,33.47047291547695],[-111.99994345395754,33.46825736746266]]]}},{"type":"Feature","properties":{"state":"","county":"PHOENIX","s2_cell":"9739892036596662272","waymo_ro_miles":109965.99424570364,"incremental_miles":19449.088,"vintage_end":"202506","exposure_phase":"deployment"},"geometry":{"type":"Polygon","coordinates":[[[-111.99994345395754,33.47891700963276],[-111.99994345395754,33.46825736746266],[-111.98801993900399,33.47047291547695],[-111.98801993900399,33.48113290847184],[-111.99994345395754,33.47891700963276]]]}},{"type":"Feature","properties":{"state":"","county":"PHOENIX","s2_cell":"9739892070956400640","waymo_ro_miles":203816.17113967604,"incremental_miles":36917.92,"vintage_end":"202506","exposure_phase":"deployment"},"geometry":{"type":"Polygon","coordinates":[[[-111.98801993900399,33.48113290847184],[-111.98801993900399,33.47047291547695],[-111.9760963777647,33.4726872173235],[-111.9760963777647,33.48334756088215],[-111.98801993900399,33.48113290847184]]]}},{"type":"Feature","properties":{"state":"","county":"PHOENIX","s2_cell":"9739892105316139008","waymo_ro_miles":139696.78727354188,"incremental_miles":26633.091,"vintage_end":"202506","exposure_phase":"deployment"},"geometry":{"type":"Polygon","coordinates":[[[-111.98801993900399,33.49179174682041],[-111.98801993900399,33.48113290847184],[-111.9760963777647,33.48334756088215],[-111.9760963777647,33.49400674944989],[-111.98801993900399,33.49179174682041]]]}},{"type":"Feature","properties":{"state":"","county":"PHOENIX","s2_cell":"9739892139675877376","waymo_ro_miles":125530.33264759181,"incremental_miles":22407.236,"vintage_end":"202506","exposure_phase":"deployment"},"geometry":{"type":"Polygon","coordinates":[[[-111.99994345395756,33.48957549750127],[-111.99994345395754,33.47891700963276],[-111.98801993900399,33.48113290847184],[-111.98801993900399,33.49179174682041],[-111.99994345395756,33.48957549750127]]]}},{"type":"Feature","properties":{"state":"","county":"PHOENIX","s2_cell":"9739892174035615744","waymo_ro_miles":152175.19384289178,"incremental_miles":28774.836,"vintage_end":"202506","exposure_phase":"deployment"},"geometry":{"type":"Polygon","coordinates":[[[-111.99994345395756,33.50023283021471],[-111.99994345395756,33.48957549750127],[-111.98801993900399,33.49179174682041],[-111.98801993900399,33.50244942966918],[-111.99994345395756,33.50023283021471]]]}},{"type":"Feature","properties":{"state":"","county":"PHOENIX","s2_cell":"9739892208395354112","waymo_ro_miles":188691.62517574924,"incremental_miles":39948.942,"vintage_end":"202506","exposure_phase":"deployment"},"geometry":{"type":"Polygon","coordinates":[[[-111.98801993900399,33.50244942966918],[-111.98801993900399,33.49179174682041],[-111.9760963777647,33.49400674944989],[-111.9760963777647,33.50466478217328],[-111.98801993900399,33.50244942966918]]]}},{"type":"Feature","properties":{"state":"","county":"PHOENIX","s2_cell":"9739892242755092480","waymo_ro_miles":90641.59286089579,"incremental_miles":18603.019,"vintage_end":"202506","exposure_phase":"deployment"},"geometry":{"type":"Polygon","coordinates":[[[-111.9760963777647,33.50466478217328],[-111.9760963777647,33.49400674944989],[-111.96417277175436,33.49622050517538],[-111.96417277175436,33.506878887512755],[-111.9760963777647,33.50466478217328]]]}},{"type":"Feature","properties":{"state":"","county":"PHOENIX","s2_cell":"9739892277114830848","waymo_ro_miles":83621.2945425775,"incremental_miles":14866.601,"vintage_end":"202506","exposure_phase":"deployment"},"geometry":{"type":"Polygon","coordinates":[[[-111.9760963777647,33.49400674944989],[-111.9760963777647,33.48334756088215],[-111.96417277175436,33.48556096664927],[-111.96417277175436,33.49622050517538],[-111.9760963777647,33.49400674944989]]]}},{"type":"Feature","properties":{"state":"","county":"PHOENIX","s2_cell":"9739892311474569216","waymo_ro_miles":109392.70512244277,"incremental_miles":22097.558,"vintage_end":"202506","exposure_phase":"deployment"},"geometry":{"type":"Polygon","coordinates":[[[-111.96417277175436,33.49622050517538],[-111.96417277175436,33.48556096664927],[-111.9522491224878,33.48777312555937],[-111.9522491224878,33.498433013783135],[-111.96417277175436,33.49622050517538]]]}},{"type":"Feature","properties":{"state":"","county":"PHOENIX","s2_cell":"9739892345834307584","waymo_ro_miles":104157.06595536039,"incremental_miles":21072.866,"vintage_end":"202506","exposure_phase":"deployment"},"geometry":{"type":"Polygon","coordinates":[[[-111.96417277175436,33.506878887512755],[-111.96417277175436,33.49622050517538],[-111.9522491224878,33.498433013783135],[-111.9522491224878,33.50909174547394],[-111.96417277175436,33.506878887512755]]]}},{"type":"Feature","properties":{"state":"","county":"PHOENIX","s2_cell":"9739892414553784320","waymo_ro_miles":46076.92647878974,"incremental_miles":9583.113,"vintage_end":"202506","exposure_phase":"deployment"},"geometry":{"type":"Polygon","coordinates":[[[-111.9760963777647,33.51532165819953],[-111.9760963777647,33.50466478217328],[-111.96417277175436,33.506878887512755],[-111.96417277175436,33.517536112808635],[-111.9760963777647,33.51532165819953]]]}},{"type":"Feature","properties":{"state":"","county":"PHOENIX","s2_cell":"9739892448913522688","waymo_ro_miles":26673.701693727402,"incremental_miles":9506.727,"vintage_end":"202506","exposure_phase":"deployment"},"geometry":{"type":"Polygon","coordinates":[[[-111.9760963777647,33.525977376676515],[-111.9760963777647,33.51532165819953],[-111.96417277175436,33.517536112808635],[-111.96417277175436,33.5281921802109],[-111.9760963777647,33.525977376676515]]]}},{"type":"Feature","properties":{"state":"","county":"PHOENIX","s2_cell":"9739892483273261056","waymo_ro_miles":16801.22726543517,"incremental_miles":5473.802,"vintage_end":"202506","exposure_phase":"deployment"},"geometry":{"type":"Polygon","coordinates":[[[-111.96417277175436,33.5281921802109],[-111.96417277175436,33.517536112808635],[-111.9522491224878,33.51974931977904],[-111.9522491224878,33.53040573584637],[-111.96417277175436,33.5281921802109]]]}},{"type":"Feature","properties":{"state":"","county":"PHOENIX","s2_cell":"9739892517632999424","waymo_ro_miles":50343.34256653589,"incremental_miles":7452.669,"vintage_end":"202506","exposure_phase":"deployment"},"geometry":{"type":"Polygon","coordinates":[[[-111.96417277175436,33.53884708886811],[-111.96417277175436,33.5281921802109],[-111.9522491224878,33.53040573584637],[-111.9522491224878,33.54106099282449],[-111.96417277175436,33.53884708886811]]]}},{"type":"Feature","properties":{"state":"","county":"PHOENIX","s2_cell":"9739892586352476160","waymo_ro_miles":74071.11361758903,"incremental_miles":24903.416,"vintage_end":"202506","exposure_phase":"deployment"},"geometry":{"type":"Polygon","coordinates":[[[-111.9760963777647,33.54728533757743],[-111.9760963777647,33.536631936752755],[-111.96417277175436,33.53884708886811],[-111.96417277175436,33.54950083792946],[-111.9760963777647,33.54728533757743]]]}},{"type":"Feature","properties":{"state":"","county":"PHOENIX","s2_cell":"9739892620712214528","waymo_ro_miles":131156.21352808757,"incremental_miles":30551.518,"vintage_end":"202506","exposure_phase":"deployment"},"geometry":{"type":"Polygon","coordinates":[[[-111.9760963777647,33.536631936752755],[-111.9760963777647,33.525977376676515],[-111.96417277175436,33.5281921802109],[-111.96417277175436,33.53884708886811],[-111.9760963777647,33.536631936752755]]]}},{"type":"Feature","properties":{"state":"","county":"PHOENIX","s2_cell":"9739892655071952896","waymo_ro_miles":39642.416413031766,"incremental_miles":8761.609,"vintage_end":"202506","exposure_phase":"deployment"},"geometry":{"type":"Polygon","coordinates":[[[-111.98801993900399,33.53441553669191],[-111.98801993900399,33.52376132545676],[-111.9760963777647,33.525977376676515],[-111.9760963777647,33.536631936752755],[-111.98801993900399,33.53441553669191]]]}},{"type":"Feature","properties":{"state":"","county":"PHOENIX","s2_cell":"9739892723791429632","waymo_ro_miles":3435.368555038997,"incremental_miles":1523.284,"vintage_end":"202506","exposure_phase":"deployment"},"geometry":{"type":"Polygon","coordinates":[[[-111.99994345395754,33.542850592471005],[-111.99994345395756,33.53219788889961],[-111.98801993900399,33.53441553669191],[-111.98801993900399,33.54506858901995],[-111.99994345395754,33.542850592471005]]]}},{"type":"Feature","properties":{"state":"","county":"PHOENIX","s2_cell":"9739892792510906368","waymo_ro_miles":16020.599660453821,"incremental_miles":3447.98,"vintage_end":"202506","exposure_phase":"deployment"},"geometry":{"type":"Polygon","coordinates":[[[-111.99994345395756,33.52154402676574],[-111.99994345395756,33.51088900692027],[-111.98801993900399,33.51310595616535],[-111.98801993900399,33.52376132545676],[-111.99994345395756,33.52154402676574]]]}},{"type":"Feature","properties":{"state":"","county":"PHOENIX","s2_cell":"9739892826870644736","waymo_ro_miles":150205.6411986499,"incremental_miles":40782.803,"vintage_end":"202506","exposure_phase":"deployment"},"geometry":{"type":"Polygon","coordinates":[[[-111.98801993900399,33.52376132545676],[-111.98801993900399,33.51310595616535],[-111.9760963777647,33.51532165819953],[-111.9760963777647,33.525977376676515],[-111.98801993900399,33.52376132545676]]]}},{"type":"Feature","properties":{"state":"","county":"PHOENIX","s2_cell":"9739892861230383104","waymo_ro_miles":214690.99719035096,"incremental_miles":48585.253,"vintage_end":"202506","exposure_phase":"deployment"},"geometry":{"type":"Polygon","coordinates":[[[-111.98801993900399,33.51310595616535],[-111.98801993900399,33.50244942966918],[-111.9760963777647,33.50466478217328],[-111.9760963777647,33.51532165819953],[-111.98801993900399,33.51310595616535]]]}},{"type":"Feature","properties":{"state":"","county":"PHOENIX","s2_cell":"9739892895590121472","waymo_ro_miles":156940.8451326736,"incremental_miles":32902.562,"vintage_end":"202506","exposure_phase":"deployment"},"geometry":{"type":"Polygon","coordinates":[[[-111.99994345395756,33.51088900692027],[-111.99994345395756,33.50023283021471],[-111.98801993900399,33.50244942966918],[-111.98801993900399,33.51310595616535],[-111.99994345395756,33.51088900692027]]]}},{"type":"Feature","properties":{"state":"","county":"PHOENIX","s2_cell":"9739892929949859840","waymo_ro_miles":78515.27636309451,"incremental_miles":14791.133,"vintage_end":"202506","exposure_phase":"deployment"},"geometry":{"type":"Polygon","coordinates":[[[-112.0118669211109,33.50867081067907],[-112.0118669211109,33.49801498402474],[-111.99994345395756,33.50023283021471],[-111.99994345395756,33.51088900692027],[-112.0118669211109,33.50867081067907]]]}},{"type":"Feature","properties":{"state":"","county":"PHOENIX","s2_cell":"9739892964309598208","waymo_ro_miles":96814.7394866522,"incremental_miles":18162.671,"vintage_end":"202506","exposure_phase":"deployment"},"geometry":{"type":"Polygon","coordinates":[[[-112.02379033894974,33.50645136765708],[-112.02379033894974,33.49579589131466],[-112.0118669211109,33.49801498402474],[-112.0118669211109,33.50867081067907],[-112.02379033894974,33.50645136765708]]]}},{"type":"Feature","properties":{"state":"","county":"PHOENIX","s2_cell":"9739892998669336576","waymo_ro_miles":133729.58908918116,"incremental_miles":29755.028,"vintage_end":"202506","exposure_phase":"deployment"},"geometry":{"type":"Polygon","coordinates":[[[-112.02379033894974,33.5171056878293],[-112.02379033894974,33.50645136765708],[-112.0118669211109,33.50867081067907],[-112.0118669211109,33.51932548081816],[-112.02379033894974,33.5171056878293]]]}},{"type":"Feature","properties":{"state":"","county":"PHOENIX","s2_cell":"9739893033029074944","waymo_ro_miles":65774.35374443636,"incremental_miles":15045.82,"vintage_end":"202506","exposure_phase":"deployment"},"geometry":{"type":"Polygon","coordinates":[[[-112.0118669211109,33.51932548081816],[-112.0118669211109,33.50867081067907],[-111.99994345395756,33.51088900692027],[-111.99994345395756,33.52154402676574],[-112.0118669211109,33.51932548081816]]]}},{"type":"Feature","properties":{"state":"","county":"PHOENIX","s2_cell":"9739893067388813312","waymo_ro_miles":10087.876374773656,"incremental_miles":2513.09,"vintage_end":"202506","exposure_phase":"deployment"},"geometry":{"type":"Polygon","coordinates":[[[-112.0118669211109,33.52997899359049],[-112.0118669211109,33.51932548081816],[-111.99994345395756,33.52154402676574],[-111.99994345395756,33.53219788889961],[-112.0118669211109,33.52997899359049]]]}},{"type":"Feature","properties":{"state":"","county":"PHOENIX","s2_cell":"9739893101748551680","waymo_ro_miles":31834.67420112871,"incremental_miles":6966.453,"vintage_end":"202506","exposure_phase":"deployment"},"geometry":{"type":"Polygon","coordinates":[[[-112.0118669211109,33.54063134814514],[-112.0118669211109,33.52997899359049],[-111.99994345395756,33.53219788889961],[-111.99994345395754,33.542850592471005],[-112.0118669211109,33.54063134814514]]]}},{"type":"Feature","properties":{"state":"","county":"PHOENIX","s2_cell":"9739893136108290048","waymo_ro_miles":48094.09425779697,"incremental_miles":12722.388,"vintage_end":"202506","exposure_phase":"deployment"},"geometry":{"type":"Polygon","coordinates":[[[-112.02379033894974,33.53841085625749],[-112.02379033894974,33.527758850979744],[-112.0118669211109,33.52997899359049],[-112.0118669211109,33.54063134814514],[-112.02379033894974,33.53841085625749]]]}},{"type":"Feature","properties":{"state":"","county":"PHOENIX","s2_cell":"9739893170468028416","waymo_ro_miles":31806.209232493762,"incremental_miles":7580.254,"vintage_end":"202506","exposure_phase":"deployment"},"geometry":{"type":"Polygon","coordinates":[[[-112.02379033894974,33.527758850979744],[-112.02379033894974,33.5171056878293],[-112.0118669211109,33.51932548081816],[-112.0118669211109,33.52997899359049],[-112.02379033894974,33.527758850979744]]]}},{"type":"Feature","properties":{"state":"","county":"PHOENIX","s2_cell":"9739893204827766784","waymo_ro_miles":74882.69777914134,"incremental_miles":14065.899,"vintage_end":"202506","exposure_phase":"deployment"},"geometry":{"type":"Polygon","coordinates":[[[-112.03571370595999,33.525537461283164],[-112.03571370595999,33.51488464801501],[-112.02379033894974,33.5171056878293],[-112.02379033894974,33.527758850979744],[-112.03571370595999,33.525537461283164]]]}},{"type":"Feature","properties":{"state":"","county":"PHOENIX","s2_cell":"9739893239187505152","waymo_ro_miles":45608.57907263776,"incremental_miles":12154.42,"vintage_end":"202506","exposure_phase":"deployment"},"geometry":{"type":"Polygon","coordinates":[[[-112.03571370595999,33.536189117023774],[-112.03571370595999,33.525537461283164],[-112.02379033894974,33.527758850979744],[-112.02379033894974,33.53841085625749],[-112.03571370595999,33.536189117023774]]]}},{"type":"Feature","properties":{"state":"","county":"PHOENIX","s2_cell":"9739893273547243520","waymo_ro_miles":37188.00212721447,"incremental_miles":8944.797,"vintage_end":"202506","exposure_phase":"deployment"},"geometry":{"type":"Polygon","coordinates":[[[-112.04763702062775,33.533966130660254],[-112.04763702062775,33.523314824717104],[-112.03571370595999,33.525537461283164],[-112.03571370595999,33.536189117023774],[-112.04763702062775,33.533966130660254]]]}},{"type":"Feature","properties":{"state":"","county":"PHOENIX","s2_cell":"9739893307906981888","waymo_ro_miles":90960.46514648013,"incremental_miles":18413.38,"vintage_end":"202506","exposure_phase":"deployment"},"geometry":{"type":"Polygon","coordinates":[[[-112.04763702062775,33.523314824717104],[-112.04763702062775,33.51266236159172],[-112.03571370595999,33.51488464801501],[-112.03571370595999,33.525537461283164],[-112.04763702062775,33.523314824717104]]]}},{"type":"Feature","properties":{"state":"","county":"PHOENIX","s2_cell":"9739893342266720256","waymo_ro_miles":165345.3467206459,"incremental_miles":31536.695,"vintage_end":"202506","exposure_phase":"deployment"},"geometry":{"type":"Polygon","coordinates":[[[-112.04763702062775,33.51266236159172],[-112.04763702062775,33.50200874213507],[-112.03571370595999,33.50423067807025],[-112.03571370595999,33.51488464801501],[-112.04763702062775,33.51266236159172]]]}},{"type":"Feature","properties":{"state":"","county":"PHOENIX","s2_cell":"9739893376626458624","waymo_ro_miles":155041.97839248297,"incremental_miles":31087.496,"vintage_end":"202506","exposure_phase":"deployment"},"geometry":{"type":"Polygon","coordinates":[[[-112.03571370595999,33.51488464801501],[-112.03571370595999,33.50423067807025],[-112.02379033894974,33.50645136765708],[-112.02379033894974,33.5171056878293],[-112.03571370595999,33.51488464801501]]]}},{"type":"Feature","properties":{"state":"","county":"PHOENIX","s2_cell":"9739893410986196992","waymo_ro_miles":142423.68158955986,"incremental_miles":22033.248,"vintage_end":"202506","exposure_phase":"deployment"},"geometry":{"type":"Polygon","coordinates":[[[-112.03571370595999,33.50423067807025],[-112.03571370595999,33.49357555230048],[-112.02379033894974,33.49579589131466],[-112.02379033894974,33.50645136765708],[-112.03571370595999,33.50423067807025]]]}},{"type":"Feature","properties":{"state":"","county":"PHOENIX","s2_cell":"9739893445345935360","waymo_ro_miles":149011.89264183957,"incremental_miles":21758.76,"vintage_end":"202506","exposure_phase":"deployment"},"geometry":{"type":"Polygon","coordinates":[[[-112.04763702062775,33.50200874213507],[-112.04763702062775,33.49135396719877],[-112.03571370595999,33.49357555230048],[-112.03571370595999,33.50423067807025],[-112.04763702062775,33.50200874213507]]]}},{"type":"Feature","properties":{"state":"","county":"PHOENIX","s2_cell":"9739893479705673728","waymo_ro_miles":135427.7501564046,"incremental_miles":26712.623,"vintage_end":"202506","exposure_phase":"deployment"},"geometry":{"type":"Polygon","coordinates":[[[-112.04763702062775,33.49135396719877],[-112.04763702062775,33.48069803763509],[-112.03571370595999,33.48291927155795],[-112.03571370595999,33.49357555230048],[-112.04763702062775,33.49135396719877]]]}},{"type":"Feature","properties":{"state":"","county":"PHOENIX","s2_cell":"9739893514065412096","waymo_ro_miles":120270.33178318552,"incremental_miles":21114.634,"vintage_end":"202506","exposure_phase":"deployment"},"geometry":{"type":"Polygon","coordinates":[[[-112.04763702062775,33.48069803763509],[-112.04763702062775,33.47004095429698],[-112.03571370595999,33.47226183669556],[-112.03571370595999,33.48291927155795],[-112.04763702062775,33.48069803763509]]]}},{"type":"Feature","properties":{"state":"","county":"PHOENIX","s2_cell":"9739893548425150464","waymo_ro_miles":124960.68801118842,"incremental_miles":20036.126,"vintage_end":"202506","exposure_phase":"deployment"},"geometry":{"type":"Polygon","coordinates":[[[-112.03571370595999,33.48291927155795],[-112.03571370595999,33.47226183669556],[-112.02379033894974,33.47448147352876],[-112.02379033894974,33.48513925965426],[-112.03571370595999,33.48291927155795]]]}},{"type":"Feature","properties":{"state":"","county":"PHOENIX","s2_cell":"9739893582784888832","waymo_ro_miles":157169.1942584706,"incremental_miles":27049.799,"vintage_end":"202506","exposure_phase":"deployment"},"geometry":{"type":"Polygon","coordinates":[[[-112.03571370595999,33.49357555230048],[-112.03571370595999,33.48291927155795],[-112.02379033894974,33.48513925965426],[-112.02379033894974,33.49579589131466],[-112.03571370595999,33.49357555230048]]]}},{"type":"Feature","properties":{"state":"","county":"PHOENIX","s2_cell":"9739893617144627200","waymo_ro_miles":223896.78067652974,"incremental_miles":36319.304,"vintage_end":"202506","exposure_phase":"deployment"},"geometry":{"type":"Polygon","coordinates":[[[-112.02379033894974,33.49579589131466],[-112.02379033894974,33.48513925965426],[-112.0118669211109,33.48735800170739],[-112.0118669211109,33.49801498402474],[-112.02379033894974,33.49579589131466]]]}},{"type":"Feature","properties":{"state":"","county":"PHOENIX","s2_cell":"9739893651504365568","waymo_ro_miles":127140.56041529037,"incremental_miles":21266.446,"vintage_end":"202506","exposure_phase":"deployment"},"geometry":{"type":"Polygon","coordinates":[[[-112.0118669211109,33.49801498402474],[-112.0118669211109,33.48735800170739],[-111.99994345395756,33.48957549750127],[-111.99994345395756,33.50023283021471],[-112.0118669211109,33.49801498402474]]]}},{"type":"Feature","properties":{"state":"","county":"PHOENIX","s2_cell":"9739893685864103936","waymo_ro_miles":103973.70191692533,"incremental_miles":16455.565,"vintage_end":"202506","exposure_phase":"deployment"},"geometry":{"type":"Polygon","coordinates":[[[-112.0118669211109,33.48735800170739],[-112.0118669211109,33.47669986457988],[-111.99994345395754,33.47891700963276],[-111.99994345395756,33.48957549750127],[-112.0118669211109,33.48735800170739]]]}},{"type":"Feature","properties":{"state":"","county":"PHOENIX","s2_cell":"9739893720223842304","waymo_ro_miles":152236.62839062445,"incremental_miles":25138.174,"vintage_end":"202506","exposure_phase":"deployment"},"geometry":{"type":"Polygon","coordinates":[[[-112.02379033894974,33.48513925965426],[-112.02379033894974,33.47448147352876],[-112.0118669211109,33.47669986457988],[-112.0118669211109,33.48735800170739],[-112.02379033894974,33.48513925965426]]]}},{"type":"Feature","properties":{"state":"","county":"PHOENIX","s2_cell":"9739893754583580672","waymo_ro_miles":179412.12258373405,"incremental_miles":30852.915,"vintage_end":"202506","exposure_phase":"deployment"},"geometry":{"type":"Polygon","coordinates":[[[-112.02379033894974,33.47448147352876],[-112.02379033894974,33.4638225337917],[-112.0118669211109,33.46604057349571],[-112.0118669211109,33.47669986457988],[-112.02379033894974,33.47448147352876]]]}},{"type":"Feature","properties":{"state":"","county":"PHOENIX","s2_cell":"9739893788943319040","waymo_ro_miles":36562.220458241536,"incremental_miles":4979.133,"vintage_end":"202506","exposure_phase":"deployment"},"geometry":{"type":"Polygon","coordinates":[[[-112.0118669211109,33.47669986457988],[-112.0118669211109,33.46604057349571],[-111.99994345395754,33.46825736746266],[-111.99994345395754,33.47891700963276],[-112.0118669211109,33.47669986457988]]]}},{"type":"Feature","properties":{"state":"","county":"PHOENIX","s2_cell":"9739893823303057408","waymo_ro_miles":115683.18816464391,"incremental_miles":23498.314,"vintage_end":"202506","exposure_phase":"deployment"},"geometry":{"type":"Polygon","coordinates":[[[-112.0118669211109,33.46604057349571],[-112.0118669211109,33.45538012930904],[-111.99994345395756,33.45759657184514],[-111.99994345395754,33.46825736746266],[-112.0118669211109,33.46604057349571]]]}},{"type":"Feature","properties":{"state":"","county":"PHOENIX","s2_cell":"9739893857662795776","waymo_ro_miles":121114.20065509345,"incremental_miles":19599.387,"vintage_end":"202506","exposure_phase":"deployment"},"geometry":{"type":"Polygon","coordinates":[[[-112.02379033894974,33.4638225337917],[-112.02379033894974,33.453162441297266],[-112.0118669211109,33.45538012930904],[-112.0118669211109,33.46604057349571],[-112.02379033894974,33.4638225337917]]]}},{"type":"Feature","properties":{"state":"","county":"PHOENIX","s2_cell":"9739893892022534144","waymo_ro_miles":112633.81398330224,"incremental_miles":17620.969,"vintage_end":"202506","exposure_phase":"deployment"},"geometry":{"type":"Polygon","coordinates":[[[-112.03571370595999,33.46160324856687],[-112.03571370595999,33.45094350802608],[-112.02379033894974,33.453162441297266],[-112.02379033894974,33.4638225337917],[-112.03571370595999,33.46160324856687]]]}},{"type":"Feature","properties":{"state":"","county":"PHOENIX","s2_cell":"9739893926382272512","waymo_ro_miles":170106.30125289998,"incremental_miles":29282.16,"vintage_end":"202506","exposure_phase":"deployment"},"geometry":{"type":"Polygon","coordinates":[[[-112.03571370595999,33.47226183669556],[-112.03571370595999,33.46160324856687],[-112.02379033894974,33.4638225337917],[-112.02379033894974,33.47448147352876],[-112.03571370595999,33.47226183669556]]]}},{"type":"Feature","properties":{"state":"","county":"PHOENIX","s2_cell":"9739893960742010880","waymo_ro_miles":135325.4726519531,"incremental_miles":26135.716,"vintage_end":"202506","exposure_phase":"deployment"},"geometry":{"type":"Polygon","coordinates":[[[-112.04763702062775,33.47004095429698],[-112.04763702062775,33.45938271803798],[-112.03571370595999,33.46160324856687],[-112.03571370595999,33.47226183669556],[-112.04763702062775,33.47004095429698]]]}},{"type":"Feature","properties":{"state":"","county":"PHOENIX","s2_cell":"9739893995101749248","waymo_ro_miles":219830.2940676289,"incremental_miles":40044.322,"vintage_end":"202506","exposure_phase":"deployment"},"geometry":{"type":"Polygon","coordinates":[[[-112.04763702062775,33.45938271803798],[-112.04763702062775,33.44872332971235],[-112.03571370595999,33.45094350802608],[-112.03571370595999,33.46160324856687],[-112.04763702062775,33.45938271803798]]]}},{"type":"Feature","properties":{"state":"","county":"PHOENIX","s2_cell":"9739894029461487616","waymo_ro_miles":280330.6967771607,"incremental_miles":61552.638,"vintage_end":"202506","exposure_phase":"deployment"},"geometry":{"type":"Polygon","coordinates":[[[-112.04763702062775,33.44872332971235],[-112.04763702062775,33.438062790174975],[-112.03571370595999,33.44028261592807],[-112.03571370595999,33.45094350802608],[-112.04763702062775,33.44872332971235]]]}},{"type":"Feature","properties":{"state":"","county":"PHOENIX","s2_cell":"9739894063821225984","waymo_ro_miles":409512.87341988814,"incremental_miles":78929.676,"vintage_end":"202506","exposure_phase":"deployment"},"geometry":{"type":"Polygon","coordinates":[[[-112.03571370595999,33.45094350802608],[-112.03571370595999,33.44028261592807],[-112.02379033894974,33.44250119690029],[-112.02379033894974,33.453162441297266],[-112.03571370595999,33.45094350802608]]]}},{"type":"Feature","properties":{"state":"","county":"PHOENIX","s2_cell":"9739894098180964352","waymo_ro_miles":269127.295942573,"incremental_miles":78299.974,"vintage_end":"202506","exposure_phase":"deployment"},"geometry":{"type":"Polygon","coordinates":[[[-112.03571370595999,33.44028261592807],[-112.03571370595999,33.42962057312834],[-112.02379033894974,33.431838801456266],[-112.02379033894974,33.44250119690029],[-112.03571370595999,33.44028261592807]]]}},{"type":"Feature","properties":{"state":"","county":"PHOENIX","s2_cell":"9739894132540702720","waymo_ro_miles":95339.55836606378,"incremental_miles":19108.351,"vintage_end":"202506","exposure_phase":"deployment"},"geometry":{"type":"Polygon","coordinates":[[[-112.04763702062775,33.438062790174975],[-112.04763702062775,33.42740110028139],[-112.03571370595999,33.42962057312834],[-112.03571370595999,33.44028261592807],[-112.04763702062775,33.438062790174975]]]}},{"type":"Feature","properties":{"state":"","county":"PHOENIX","s2_cell":"9739894166900441088","waymo_ro_miles":35702.42356129319,"incremental_miles":7115.144,"vintage_end":"202506","exposure_phase":"deployment"},"geometry":{"type":"Polygon","coordinates":[[[-112.04763702062775,33.42740110028139],[-112.04763702062775,33.41673826088777],[-112.03571370595999,33.41895738048308],[-112.03571370595999,33.42962057312834],[-112.04763702062775,33.42740110028139]]]}},{"type":"Feature","properties":{"state":"","county":"PHOENIX","s2_cell":"9739894201260179456","waymo_ro_miles":98057.61929940515,"incremental_miles":20860.538,"vintage_end":"202506","exposure_phase":"deployment"},"geometry":{"type":"Polygon","coordinates":[[[-112.04763702062775,33.41673826088777],[-112.04763702062775,33.40607427285097],[-112.03571370595999,33.40829303884908],[-112.03571370595999,33.41895738048308],[-112.04763702062775,33.41673826088777]]]}},{"type":"Feature","properties":{"state":"","county":"PHOENIX","s2_cell":"9739894235619917824","waymo_ro_miles":52727.40237050827,"incremental_miles":11763.706,"vintage_end":"202506","exposure_phase":"deployment"},"geometry":{"type":"Polygon","coordinates":[[[-112.03571370595999,33.41895738048308],[-112.03571370595999,33.40829303884908],[-112.02379033894974,33.410510560852344],[-112.02379033894974,33.421175255821346],[-112.03571370595999,33.41895738048308]]]}},{"type":"Feature","properties":{"state":"","county":"PHOENIX","s2_cell":"9739894269979656192","waymo_ro_miles":61699.39518270918,"incremental_miles":13956.105,"vintage_end":"202506","exposure_phase":"deployment"},"geometry":{"type":"Polygon","coordinates":[[[-112.03571370595999,33.42962057312834],[-112.03571370595999,33.41895738048308],[-112.02379033894974,33.421175255821346],[-112.02379033894974,33.431838801456266],[-112.03571370595999,33.42962057312834]]]}},{"type":"Feature","properties":{"state":"","county":"PHOENIX","s2_cell":"9739894304339394560","waymo_ro_miles":224.9503796465039,"incremental_miles":59.294,"vintage_end":"202506","exposure_phase":"deployment"},"geometry":{"type":"Polygon","coordinates":[[[-112.02379033894974,33.431838801456266],[-112.02379033894974,33.421175255821346],[-112.0118669211109,33.42339188668554],[-112.0118669211109,33.43405578504816],[-112.02379033894974,33.431838801456266]]]}},{"type":"Feature","properties":{"state":"","county":"PHOENIX","s2_cell":"9739894338699132928","waymo_ro_miles":1536.39077646653,"incremental_miles":516.498,"vintage_end":"202506","exposure_phase":"deployment"},"geometry":{"type":"Polygon","coordinates":[[[-112.02379033894974,33.421175255821346],[-112.02379033894974,33.410510560852344],[-112.0118669211109,33.41272683864362],[-112.0118669211109,33.42339188668554],[-112.02379033894974,33.421175255821346]]]}},{"type":"Feature","properties":{"state":"","county":"PHOENIX","s2_cell":"9739894373058871296","waymo_ro_miles":38737.49256195477,"incremental_miles":7911.991,"vintage_end":"202506","exposure_phase":"deployment"},"geometry":{"type":"Polygon","coordinates":[[[-112.0118669211109,33.42339188668554],[-112.0118669211109,33.41272683864362],[-111.99994345395754,33.414941872006345],[-111.99994345395756,33.425607272859146],[-112.0118669211109,33.42339188668554]]]}},{"type":"Feature","properties":{"state":"","county":"PHOENIX","s2_cell":"9739894407418609664","waymo_ro_miles":105209.69823773051,"incremental_miles":36023.336,"vintage_end":"202506","exposure_phase":"deployment"},"geometry":{"type":"Polygon","coordinates":[[[-112.0118669211109,33.43405578504816],[-112.0118669211109,33.42339188668554],[-111.99994345395756,33.425607272859146],[-111.99994345395756,33.4362715236876],[-112.0118669211109,33.43405578504816]]]}},{"type":"Feature","properties":{"state":"","county":"PHOENIX","s2_cell":"9739894441778348032","waymo_ro_miles":218807.78925053752,"incremental_miles":77808.195,"vintage_end":"202506","exposure_phase":"deployment"},"geometry":{"type":"Polygon","coordinates":[[[-112.0118669211109,33.4447185328747],[-112.0118669211109,33.43405578504816],[-111.99994345395756,33.4362715236876],[-111.99994345395754,33.44693462363497],[-112.0118669211109,33.4447185328747]]]}},{"type":"Feature","properties":{"state":"","county":"PHOENIX","s2_cell":"9739894476138086400","waymo_ro_miles":227477.99966025955,"incremental_miles":80941.695,"vintage_end":"202506","exposure_phase":"deployment"},"geometry":{"type":"Polygon","coordinates":[[[-112.02379033894974,33.44250119690029],[-112.02379033894974,33.431838801456266],[-112.0118669211109,33.43405578504816],[-112.0118669211109,33.4447185328747],[-112.02379033894974,33.44250119690029]]]}},{"type":"Feature","properties":{"state":"","county":"PHOENIX","s2_cell":"9739894510497824768","waymo_ro_miles":399239.38740291214,"incremental_miles":69188.615,"vintage_end":"202506","exposure_phase":"deployment"},"geometry":{"type":"Polygon","coordinates":[[[-112.02379033894974,33.453162441297266],[-112.02379033894974,33.44250119690029],[-112.0118669211109,33.4447185328747],[-112.0118669211109,33.45538012930904],[-112.02379033894974,33.453162441297266]]]}},{"type":"Feature","properties":{"state":"","county":"PHOENIX","s2_cell":"9739894544857563136","waymo_ro_miles":334216.8717165961,"incremental_miles":54278.49,"vintage_end":"202506","exposure_phase":"deployment"},"geometry":{"type":"Polygon","coordinates":[[[-112.0118669211109,33.45538012930904],[-112.0118669211109,33.4447185328747],[-111.99994345395754,33.44693462363497],[-111.99994345395756,33.45759657184514],[-112.0118669211109,33.45538012930904]]]}},{"type":"Feature","properties":{"state":"","county":"PHOENIX","s2_cell":"9739894579217301504","waymo_ro_miles":354440.650416547,"incremental_miles":66425.812,"vintage_end":"202506","exposure_phase":"deployment"},"geometry":{"type":"Polygon","coordinates":[[[-111.99994345395756,33.45759657184514],[-111.99994345395754,33.44693462363497],[-111.98801993900399,33.449149468965295],[-111.98801993900399,33.45981176868984],[-111.99994345395756,33.45759657184514]]]}},{"type":"Feature","properties":{"state":"","county":"PHOENIX","s2_cell":"9739894613577039872","waymo_ro_miles":189317.98355886928,"incremental_miles":31456.705,"vintage_end":"202506","exposure_phase":"deployment"},"geometry":{"type":"Polygon","coordinates":[[[-111.99994345395754,33.44693462363497],[-111.99994345395756,33.4362715236876],[-111.98801993900399,33.43848601715874],[-111.98801993900399,33.449149468965295],[-111.99994345395754,33.44693462363497]]]}},{"type":"Feature","properties":{"state":"","county":"PHOENIX","s2_cell":"9739894647936778240","waymo_ro_miles":447590.6680182234,"incremental_miles":95548.592,"vintage_end":"202506","exposure_phase":"deployment"},"geometry":{"type":"Polygon","coordinates":[[[-111.98801993900399,33.449149468965295],[-111.98801993900399,33.43848601715874],[-111.9760963777647,33.4406992652463],[-111.9760963777647,33.451363068650494],[-111.98801993900399,33.449149468965295]]]}},{"type":"Feature","properties":{"state":"","county":"PHOENIX","s2_cell":"9739894682296516608","waymo_ro_miles":333437.3057241969,"incremental_miles":63063.501,"vintage_end":"202506","exposure_phase":"deployment"},"geometry":{"type":"Polygon","coordinates":[[[-111.98801993900399,33.45981176868984],[-111.98801993900399,33.449149468965295],[-111.9760963777647,33.451363068650494],[-111.9760963777647,33.46202571962802],[-111.98801993900399,33.45981176868984]]]}},{"type":"Feature","properties":{"state":"","county":"PHOENIX","s2_cell":"9739894716656254976","waymo_ro_miles":54382.45423742012,"incremental_miles":10216.266,"vintage_end":"202506","exposure_phase":"deployment"},"geometry":{"type":"Polygon","coordinates":[[[-111.9760963777647,33.46202571962802],[-111.9760963777647,33.451363068650494],[-111.96417277175436,33.45357542247594],[-111.96417277175436,33.46423842444515],[-111.9760963777647,33.46202571962802]]]}},{"type":"Feature","properties":{"state":"","county":"PHOENIX","s2_cell":"9739894751015993344","waymo_ro_miles":52376.862976327095,"incremental_miles":13412.837,"vintage_end":"202506","exposure_phase":"deployment"},"geometry":{"type":"Polygon","coordinates":[[[-111.96417277175436,33.46423842444515],[-111.96417277175436,33.45357542247594],[-111.9522491224878,33.4557865302276],[-111.9522491224878,33.46644988292723],[-111.96417277175436,33.46423842444515]]]}},{"type":"Feature","properties":{"state":"","county":"PHOENIX","s2_cell":"9739894785375731712","waymo_ro_miles":348136.1557607099,"incremental_miles":55983.719,"vintage_end":"202506","exposure_phase":"deployment"},"geometry":{"type":"Polygon","coordinates":[[[-111.96417277175436,33.45357542247594],[-111.96417277175436,33.44291126773559],[-111.9522491224878,33.44512202441251],[-111.9522491224878,33.4557865302276],[-111.96417277175436,33.45357542247594]]]}},{"type":"Feature","properties":{"state":"","county":"PHOENIX","s2_cell":"9739894819735470080","waymo_ro_miles":302234.6802337927,"incremental_miles":45610.426,"vintage_end":"202506","exposure_phase":"deployment"},"geometry":{"type":"Polygon","coordinates":[[[-111.9760963777647,33.451363068650494],[-111.9760963777647,33.4406992652463],[-111.96417277175436,33.44291126773559],[-111.96417277175436,33.45357542247594],[-111.9760963777647,33.451363068650494]]]}},{"type":"Feature","properties":{"state":"","county":"PHOENIX","s2_cell":"9739894888454946816","waymo_ro_miles":239987.61044721532,"incremental_miles":32719.222,"vintage_end":"202506","exposure_phase":"deployment"},"geometry":{"type":"Polygon","coordinates":[[[-111.96417277175436,33.44291126773559],[-111.96417277175436,33.43224596108014],[-111.9522491224878,33.43445636633799],[-111.9522491224878,33.44512202441251],[-111.96417277175436,33.44291126773559]]]}},{"type":"Feature","properties":{"state":"","county":"PHOENIX","s2_cell":"9739894922814685184","waymo_ro_miles":244111.6343089066,"incremental_miles":35360.496,"vintage_end":"202506","exposure_phase":"deployment"},"geometry":{"type":"Polygon","coordinates":[[[-111.96417277175436,33.43224596108014],[-111.96417277175436,33.42157950336627],[-111.9522491224878,33.423789556860704],[-111.9522491224878,33.43445636633799],[-111.96417277175436,33.43224596108014]]]}},{"type":"Feature","properties":{"state":"","county":"PHOENIX","s2_cell":"9739894957174423552","waymo_ro_miles":146101.59344255412,"incremental_miles":24584.802,"vintage_end":"202506","exposure_phase":"deployment"},"geometry":{"type":"Polygon","coordinates":[[[-111.9760963777647,33.4300343102715],[-111.9760963777647,33.419368204582796],[-111.96417277175436,33.42157950336627],[-111.96417277175436,33.43224596108014],[-111.9760963777647,33.4300343102715]]]}},{"type":"Feature","properties":{"state":"","county":"PHOENIX","s2_cell":"9739894991534161920","waymo_ro_miles":196748.30503919063,"incremental_miles":36648.208,"vintage_end":"202506","exposure_phase":"deployment"},"geometry":{"type":"Polygon","coordinates":[[[-111.98801993900399,33.42782141412624],[-111.98801993900399,33.417155660724546],[-111.9760963777647,33.419368204582796],[-111.9760963777647,33.4300343102715],[-111.98801993900399,33.42782141412624]]]}},{"type":"Feature","properties":{"state":"","county":"PHOENIX","s2_cell":"9739895025893900288","waymo_ro_miles":203219.4179163837,"incremental_miles":47164.964,"vintage_end":"202506","exposure_phase":"deployment"},"geometry":{"type":"Polygon","coordinates":[[[-111.98801993900399,33.43848601715874],[-111.98801993900399,33.42782141412624],[-111.9760963777647,33.4300343102715],[-111.9760963777647,33.4406992652463],[-111.98801993900399,33.43848601715874]]]}},{"type":"Feature","properties":{"state":"","county":"PHOENIX","s2_cell":"9739895060253638656","waymo_ro_miles":191485.2869148564,"incremental_miles":63683.554,"vintage_end":"202506","exposure_phase":"deployment"},"geometry":{"type":"Polygon","coordinates":[[[-111.99994345395756,33.4362715236876],[-111.99994345395756,33.425607272859146],[-111.98801993900399,33.42782141412624],[-111.98801993900399,33.43848601715874],[-111.99994345395756,33.4362715236876]]]}},{"type":"Feature","properties":{"state":"","county":"PHOENIX","s2_cell":"9739895094613377024","waymo_ro_miles":62774.280119902076,"incremental_miles":10923.958,"vintage_end":"202506","exposure_phase":"deployment"},"geometry":{"type":"Polygon","coordinates":[[[-111.99994345395756,33.425607272859146],[-111.99994345395754,33.414941872006345],[-111.98801993900399,33.417155660724546],[-111.98801993900399,33.42782141412624],[-111.99994345395756,33.425607272859146]]]}},{"type":"Feature","properties":{"state":"","county":"PHOENIX","s2_cell":"9739895128973115392","waymo_ro_miles":72030.94667817352,"incremental_miles":20010.488,"vintage_end":"202506","exposure_phase":"deployment"},"geometry":{"type":"Polygon","coordinates":[[[-111.99994345395754,33.414941872006345],[-111.99994345395756,33.40427532198662],[-111.98801993900399,33.40648875781104],[-111.98801993900399,33.417155660724546],[-111.99994345395754,33.414941872006345]]]}},{"type":"Feature","properties":{"state":"","county":"PHOENIX","s2_cell":"9739895163332853760","waymo_ro_miles":44708.94836025077,"incremental_miles":7630.645,"vintage_end":"202506","exposure_phase":"deployment"},"geometry":{"type":"Polygon","coordinates":[[[-111.99994345395756,33.40427532198662],[-111.99994345395756,33.393607623658035],[-111.98801993900399,33.39582070624375],[-111.98801993900399,33.40648875781104],[-111.99994345395756,33.40427532198662]]]}},{"type":"Feature","properties":{"state":"","county":"PHOENIX","s2_cell":"9739895197692592128","waymo_ro_miles":78327.33586733867,"incremental_miles":28873.398,"vintage_end":"202506","exposure_phase":"deployment"},"geometry":{"type":"Polygon","coordinates":[[[-111.98801993900399,33.40648875781104],[-111.98801993900399,33.39582070624375],[-111.9760963777647,33.39803254449382],[-111.9760963777647,33.40870094903757],[-111.98801993900399,33.40648875781104]]]}},{"type":"Feature","properties":{"state":"","county":"PHOENIX","s2_cell":"9739895232052330496","waymo_ro_miles":20741.88818898255,"incremental_miles":7084.153,"vintage_end":"202506","exposure_phase":"deployment"},"geometry":{"type":"Polygon","coordinates":[[[-111.98801993900399,33.417155660724546],[-111.98801993900399,33.40648875781104],[-111.9760963777647,33.40870094903757],[-111.9760963777647,33.419368204582796],[-111.98801993900399,33.417155660724546]]]}},{"type":"Feature","properties":{"state":"","county":"PHOENIX","s2_cell":"9739895266412068864","waymo_ro_miles":42507.45747574288,"incremental_miles":11640.858,"vintage_end":"202506","exposure_phase":"deployment"},"geometry":{"type":"Polygon","coordinates":[[[-111.9760963777647,33.419368204582796],[-111.9760963777647,33.40870094903757],[-111.96417277175436,33.410911895451314],[-111.96417277175436,33.42157950336627],[-111.9760963777647,33.419368204582796]]]}},{"type":"Feature","properties":{"state":"","county":"PHOENIX","s2_cell":"9739895300771807232","waymo_ro_miles":295285.33494670223,"incremental_miles":40296.151,"vintage_end":"202506","exposure_phase":"deployment"},"geometry":{"type":"Polygon","coordinates":[[[-111.96417277175436,33.42157950336627],[-111.96417277175436,33.410911895451314],[-111.9522491224878,33.41312159683796],[-111.9522491224878,33.423789556860704],[-111.96417277175436,33.42157950336627]]]}},{"type":"Feature","properties":{"state":"","county":"PHOENIX","s2_cell":"9739895335131545600","waymo_ro_miles":248610.10264903272,"incremental_miles":39711.719,"vintage_end":"202506","exposure_phase":"deployment"},"geometry":{"type":"Polygon","coordinates":[[[-111.96417277175436,33.410911895451314],[-111.96417277175436,33.40024313819328],[-111.9522491224878,33.40245248712773],[-111.9522491224878,33.41312159683796],[-111.96417277175436,33.410911895451314]]]}},{"type":"Feature","properties":{"state":"","county":"PHOENIX","s2_cell":"9739895369491283968","waymo_ro_miles":60967.16829066808,"incremental_miles":30649.814,"vintage_end":"202506","exposure_phase":"deployment"},"geometry":{"type":"Polygon","coordinates":[[[-111.9760963777647,33.40870094903757],[-111.9760963777647,33.39803254449382],[-111.96417277175436,33.40024313819328],[-111.96417277175436,33.410911895451314],[-111.9760963777647,33.40870094903757]]]}},{"type":"Feature","properties":{"state":"","county":"PHOENIX","s2_cell":"9739895403851022336","waymo_ro_miles":286649.11881215655,"incremental_miles":23571.855,"vintage_end":"202506","exposure_phase":"deployment"},"geometry":{"type":"Polygon","coordinates":[[[-111.9760963777647,33.39803254449382],[-111.9760963777647,33.38736299181024],[-111.96417277175436,33.38957323245082],[-111.96417277175436,33.40024313819328],[-111.9760963777647,33.39803254449382]]]}},{"type":"Feature","properties":{"state":"","county":"PHOENIX","s2_cell":"9739895438210760704","waymo_ro_miles":290901.78224778245,"incremental_miles":29711.696,"vintage_end":"202506","exposure_phase":"deployment"},"geometry":{"type":"Polygon","coordinates":[[[-111.96417277175436,33.40024313819328],[-111.96417277175436,33.38957323245082],[-111.9522491224878,33.39178222858866],[-111.9522491224878,33.40245248712773],[-111.96417277175436,33.40024313819328]]]}},{"type":"Feature","properties":{"state":"","county":"PHOENIX","s2_cell":"9739895472570499072","waymo_ro_miles":168606.10464520988,"incremental_miles":28661.783,"vintage_end":"202506","exposure_phase":"deployment"},"geometry":{"type":"Polygon","coordinates":[[[-111.96417277175436,33.38957323245082],[-111.96417277175436,33.37890217908323],[-111.9522491224878,33.38111082208001],[-111.9522491224878,33.39178222858866],[-111.96417277175436,33.38957323245082]]]}},{"type":"Feature","properties":{"state":"","county":"PHOENIX","s2_cell":"9739895506930237440","waymo_ro_miles":12002.981481605604,"incremental_miles":2848.102,"vintage_end":"202506","exposure_phase":"deployment"},"geometry":{"type":"Polygon","coordinates":[[[-111.9760963777647,33.38736299181024],[-111.9760963777647,33.37669229184612],[-111.96417277175436,33.37890217908323],[-111.96417277175436,33.38957323245082],[-111.9760963777647,33.38736299181024]]]}},{"type":"Feature","properties":{"state":"","county":"PHOENIX","s2_cell":"9739895541289975808","waymo_ro_miles":9111.296469836661,"incremental_miles":1633.556,"vintage_end":"202506","exposure_phase":"deployment"},"geometry":{"type":"Polygon","coordinates":[[[-111.98801993900399,33.38515150688138],[-111.98801993900399,33.37448116058326],[-111.9760963777647,33.37669229184612],[-111.9760963777647,33.38736299181024],[-111.98801993900399,33.38515150688138]]]}},{"type":"Feature","properties":{"state":"","county":"PHOENIX","s2_cell":"9739895575649714176","waymo_ro_miles":141210.55252779537,"incremental_miles":13281.417,"vintage_end":"202506","exposure_phase":"deployment"},"geometry":{"type":"Polygon","coordinates":[[[-111.98801993900399,33.39582070624375],[-111.98801993900399,33.38515150688138],[-111.9760963777647,33.38736299181024],[-111.9760963777647,33.39803254449382],[-111.98801993900399,33.39582070624375]]]}},{"type":"Feature","properties":{"state":"","county":"PHOENIX","s2_cell":"9739895610009452544","waymo_ro_miles":118521.35210699133,"incremental_miles":10062.315,"vintage_end":"202506","exposure_phase":"deployment"},"geometry":{"type":"Polygon","coordinates":[[[-111.99994345395756,33.393607623658035],[-111.99994345395756,33.38293877787928],[-111.98801993900399,33.38515150688138],[-111.98801993900399,33.39582070624375],[-111.99994345395756,33.393607623658035]]]}},{"type":"Feature","properties":{"state":"","county":"PHOENIX","s2_cell":"9739895644369190912","waymo_ro_miles":5130.255610420157,"incremental_miles":1110.252,"vintage_end":"202506","exposure_phase":"deployment"},"geometry":{"type":"Polygon","coordinates":[[[-111.99994345395756,33.38293877787928],[-111.99994345395756,33.37226878550974],[-111.98801993900399,33.37448116058326],[-111.98801993900399,33.38515150688138],[-111.99994345395756,33.38293877787928]]]}},{"type":"Feature","properties":{"state":"","county":"PHOENIX","s2_cell":"9739895678728929280","waymo_ro_miles":21.974680122354908,"incremental_miles":21.975,"vintage_end":"202506","exposure_phase":"deployment"},"geometry":{"type":"Polygon","coordinates":[[[-112.0118669211109,33.38072480501958],[-112.0118669211109,33.37005516684127],[-111.99994345395756,33.37226878550974],[-111.99994345395756,33.38293877787928],[-112.0118669211109,33.38072480501958]]]}},{"type":"Feature","properties":{"state":"","county":"PHOENIX","s2_cell":"9739895713088667648","waymo_ro_miles":17.71432154469013,"incremental_miles":17.714,"vintage_end":"202506","exposure_phase":"deployment"},"geometry":{"type":"Polygon","coordinates":[[[-112.02379033894974,33.37850958851848],[-112.02379033894974,33.367840304794115],[-112.0118669211109,33.37005516684127],[-112.0118669211109,33.38072480501958],[-112.02379033894974,33.37850958851848]]]}},{"type":"Feature","properties":{"state":"","county":"PHOENIX","s2_cell":"9739895747448406016","waymo_ro_miles":6066.327346490753,"incremental_miles":713.915,"vintage_end":"202506","exposure_phase":"deployment"},"geometry":{"type":"Polygon","coordinates":[[[-112.02379033894974,33.38917772634247],[-112.02379033894974,33.37850958851848],[-112.0118669211109,33.38072480501958],[-112.0118669211109,33.39139329695223],[-112.02379033894974,33.38917772634247]]]}},{"type":"Feature","properties":{"state":"","county":"PHOENIX","s2_cell":"9739895781808144384","waymo_ro_miles":42424.81630709957,"incremental_miles":3376.681,"vintage_end":"202506","exposure_phase":"deployment"},"geometry":{"type":"Polygon","coordinates":[[[-112.0118669211109,33.39139329695223],[-112.0118669211109,33.38072480501958],[-111.99994345395756,33.38293877787928],[-111.99994345395756,33.393607623658035],[-112.0118669211109,33.39139329695223]]]}},{"type":"Feature","properties":{"state":"","county":"PHOENIX","s2_cell":"9739895816167882752","waymo_ro_miles":58881.14490929694,"incremental_miles":5310.076,"vintage_end":"202506","exposure_phase":"deployment"},"geometry":{"type":"Polygon","coordinates":[[[-112.0118669211109,33.40206064177982],[-112.0118669211109,33.39139329695223],[-111.99994345395756,33.393607623658035],[-111.99994345395756,33.40427532198662],[-112.0118669211109,33.40206064177982]]]}},{"type":"Feature","properties":{"state":"","county":"PHOENIX","s2_cell":"9739895850527621120","waymo_ro_miles":60502.98338753679,"incremental_miles":18235.554,"vintage_end":"202506","exposure_phase":"deployment"},"geometry":{"type":"Polygon","coordinates":[[[-112.0118669211109,33.41272683864362],[-112.0118669211109,33.40206064177982],[-111.99994345395756,33.40427532198662],[-111.99994345395754,33.414941872006345],[-112.0118669211109,33.41272683864362]]]}},{"type":"Feature","properties":{"state":"","county":"PHOENIX","s2_cell":"9739895884887359488","waymo_ro_miles":85502.28526139476,"incremental_miles":21363.306,"vintage_end":"202506","exposure_phase":"deployment"},"geometry":{"type":"Polygon","coordinates":[[[-112.02379033894974,33.410510560852344],[-112.02379033894974,33.39984471740667],[-112.0118669211109,33.40206064177982],[-112.0118669211109,33.41272683864362],[-112.02379033894974,33.410510560852344]]]}},{"type":"Feature","properties":{"state":"","county":"PHOENIX","s2_cell":"9739895919247097856","waymo_ro_miles":112715.20505138556,"incremental_miles":8689.564,"vintage_end":"202506","exposure_phase":"deployment"},"geometry":{"type":"Polygon","coordinates":[[[-112.02379033894974,33.39984471740667],[-112.02379033894974,33.38917772634247],[-112.0118669211109,33.39139329695223],[-112.0118669211109,33.40206064177982],[-112.02379033894974,33.39984471740667]]]}},{"type":"Feature","properties":{"state":"","county":"PHOENIX","s2_cell":"9739895953606836224","waymo_ro_miles":101056.45809688186,"incremental_miles":9957.946,"vintage_end":"202506","exposure_phase":"deployment"},"geometry":{"type":"Polygon","coordinates":[[[-112.03571370595999,33.39762754908383],[-112.03571370595999,33.386960912045474],[-112.02379033894974,33.38917772634247],[-112.02379033894974,33.39984471740667],[-112.03571370595999,33.39762754908383]]]}},{"type":"Feature","properties":{"state":"","county":"PHOENIX","s2_cell":"9739895987966574592","waymo_ro_miles":95059.11904776456,"incremental_miles":24877.892,"vintage_end":"202506","exposure_phase":"deployment"},"geometry":{"type":"Polygon","coordinates":[[[-112.03571370595999,33.40829303884908],[-112.03571370595999,33.39762754908383],[-112.02379033894974,33.39984471740667],[-112.02379033894974,33.410510560852344],[-112.03571370595999,33.40829303884908]]]}},{"type":"Feature","properties":{"state":"","county":"PHOENIX","s2_cell":"9739896022326312960","waymo_ro_miles":95997.65831432452,"incremental_miles":16978.097,"vintage_end":"202506","exposure_phase":"deployment"},"geometry":{"type":"Polygon","coordinates":[[[-112.04763702062775,33.40607427285097],[-112.04763702062775,33.3954091370285],[-112.03571370595999,33.39762754908383],[-112.03571370595999,33.40829303884908],[-112.04763702062775,33.40607427285097]]]}},{"type":"Feature","properties":{"state":"","county":"PHOENIX","s2_cell":"9739896056686051328","waymo_ro_miles":93616.2677369908,"incremental_miles":6972.421,"vintage_end":"202506","exposure_phase":"deployment"},"geometry":{"type":"Polygon","coordinates":[[[-112.04763702062775,33.3954091370285],[-112.04763702062775,33.3847428542785],[-112.03571370595999,33.386960912045474],[-112.03571370595999,33.39762754908383],[-112.04763702062775,33.3954091370285]]]}},{"type":"Feature","properties":{"state":"","county":"PHOENIX","s2_cell":"9739896091045789696","waymo_ro_miles":2691.2504529275543,"incremental_miles":569.063,"vintage_end":"202506","exposure_phase":"deployment"},"geometry":{"type":"Polygon","coordinates":[[[-112.04763702062775,33.3847428542785],[-112.04763702062775,33.37407542545975],[-112.03571370595999,33.376293128592756],[-112.03571370595999,33.386960912045474],[-112.04763702062775,33.3847428542785]]]}},{"type":"Feature","properties":{"state":"","county":"PHOENIX","s2_cell":"9739896125405528064","waymo_ro_miles":6483.470675935097,"incremental_miles":1179.489,"vintage_end":"202506","exposure_phase":"deployment"},"geometry":{"type":"Polygon","coordinates":[[[-112.03571370595999,33.386960912045474],[-112.03571370595999,33.376293128592756],[-112.02379033894974,33.37850958851848],[-112.02379033894974,33.38917772634247],[-112.03571370595999,33.386960912045474]]]}},{"type":"Feature","properties":{"state":"","county":"PHOENIX","s2_cell":"9739896159765266432","waymo_ro_miles":4.4619739070670095,"incremental_miles":4.462,"vintage_end":"202506","exposure_phase":"deployment"},"geometry":{"type":"Polygon","coordinates":[[[-112.03571370595999,33.376293128592756],[-112.03571370595999,33.36562419958512],[-112.02379033894974,33.367840304794115],[-112.02379033894974,33.37850958851848],[-112.03571370595999,33.376293128592756]]]}},{"type":"Feature","properties":{"state":"","county":"PHOENIX","s2_cell":"9739896297204219904","waymo_ro_miles":444.34441818833864,"incremental_miles":77.182,"vintage_end":"202506","exposure_phase":"deployment"},"geometry":{"type":"Polygon","coordinates":[[[-112.07148348688116,33.380303009206685],[-112.07148348688116,33.36963629044424],[-112.05956028143932,33.37185647933742],[-112.05956028143932,33.382523553259425],[-112.07148348688116,33.380303009206685]]]}},{"type":"Feature","properties":{"state":"","county":"PHOENIX","s2_cell":"9739896331563958272","waymo_ro_miles":1771.7455566681426,"incremental_miles":329.085,"vintage_end":"202506","exposure_phase":"deployment"},"geometry":{"type":"Polygon","coordinates":[[[-112.05956028143932,33.382523553259425],[-112.05956028143932,33.37185647933742],[-112.04763702062775,33.37407542545975],[-112.04763702062775,33.3847428542785],[-112.05956028143932,33.382523553259425]]]}},{"type":"Feature","properties":{"state":"","county":"PHOENIX","s2_cell":"9739896365923696640","waymo_ro_miles":40606.81863482479,"incremental_miles":3207.407,"vintage_end":"202506","exposure_phase":"deployment"},"geometry":{"type":"Polygon","coordinates":[[[-112.05956028143932,33.393189481458485],[-112.05956028143932,33.382523553259425],[-112.04763702062775,33.3847428542785],[-112.04763702062775,33.3954091370285],[-112.05956028143932,33.393189481458485]]]}},{"type":"Feature","properties":{"state":"","county":"PHOENIX","s2_cell":"9739896400283435008","waymo_ro_miles":10174.605123706828,"incremental_miles":2182.622,"vintage_end":"202506","exposure_phase":"deployment"},"geometry":{"type":"Polygon","coordinates":[[[-112.05956028143932,33.403854263075765],[-112.05956028143932,33.393189481458485],[-112.04763702062775,33.3954091370285],[-112.04763702062775,33.40607427285097],[-112.05956028143932,33.403854263075765]]]}},{"type":"Feature","properties":{"state":"","county":"PHOENIX","s2_cell":"9739896434643173376","waymo_ro_miles":39974.30435337331,"incremental_miles":2384.287,"vintage_end":"202506","exposure_phase":"deployment"},"geometry":{"type":"Polygon","coordinates":[[[-112.07148348688116,33.40163300974172],[-112.07148348688116,33.39096858259213],[-112.05956028143932,33.393189481458485],[-112.05956028143932,33.403854263075765],[-112.07148348688116,33.40163300974172]]]}},{"type":"Feature","properties":{"state":"","county":"PHOENIX","s2_cell":"9739896469002911744","waymo_ro_miles":21780.582431082526,"incremental_miles":1238.579,"vintage_end":"202506","exposure_phase":"deployment"},"geometry":{"type":"Polygon","coordinates":[[[-112.07148348688116,33.39096858259213],[-112.07148348688116,33.380303009206685],[-112.05956028143932,33.382523553259425],[-112.05956028143932,33.393189481458485],[-112.07148348688116,33.39096858259213]]]}},{"type":"Feature","properties":{"state":"","county":"PHOENIX","s2_cell":"9739896503362650112","waymo_ro_miles":13392.376598422827,"incremental_miles":1724.441,"vintage_end":"202506","exposure_phase":"deployment"},"geometry":{"type":"Polygon","coordinates":[[[-112.08340663543997,33.38874644064839],[-112.08340663543997,33.3780812223393],[-112.07148348688116,33.380303009206685],[-112.07148348688116,33.39096858259213],[-112.08340663543997,33.38874644064839]]]}},{"type":"Feature","properties":{"state":"","county":"PHOENIX","s2_cell":"9739896537722388480","waymo_ro_miles":28739.97083979181,"incremental_miles":4908.868,"vintage_end":"202506","exposure_phase":"deployment"},"geometry":{"type":"Polygon","coordinates":[[[-112.08340663543997,33.399410513067735],[-112.08340663543997,33.38874644064839],[-112.07148348688116,33.39096858259213],[-112.07148348688116,33.40163300974172],[-112.08340663543997,33.399410513067735]]]}},{"type":"Feature","properties":{"state":"","county":"PHOENIX","s2_cell":"9739896572082126848","waymo_ro_miles":13293.785438029145,"incremental_miles":2634.796,"vintage_end":"202506","exposure_phase":"deployment"},"geometry":{"type":"Polygon","coordinates":[[[-112.09532972560264,33.39718677327324],[-112.09532972560264,33.38652305584679],[-112.08340663543997,33.38874644064839],[-112.08340663543997,33.399410513067735],[-112.09532972560264,33.39718677327324]]]}},{"type":"Feature","properties":{"state":"","county":"PHOENIX","s2_cell":"9739896606441865216","waymo_ro_miles":7769.291989995546,"incremental_miles":1610.814,"vintage_end":"202506","exposure_phase":"deployment"},"geometry":{"type":"Polygon","coordinates":[[[-112.09532972560264,33.38652305584679],[-112.09532972560264,33.37585819287685],[-112.08340663543997,33.3780812223393],[-112.08340663543997,33.38874644064839],[-112.09532972560264,33.38652305584679]]]}},{"type":"Feature","properties":{"state":"","county":"PHOENIX","s2_cell":"9739896675161341952","waymo_ro_miles":57.39061223294643,"incremental_miles":9.898,"vintage_end":"202506","exposure_phase":"deployment"},"geometry":{"type":"Polygon","coordinates":[[[-112.08340663543997,33.3780812223393],[-112.08340663543997,33.36741485899932],[-112.07148348688116,33.36963629044424],[-112.07148348688116,33.380303009206685],[-112.08340663543997,33.3780812223393]]]}},{"type":"Feature","properties":{"state":"","county":"PHOENIX","s2_cell":"9739897190557417472","waymo_ro_miles":52.659236688972385,"incremental_miles":18.509,"vintage_end":"202506","exposure_phase":"deployment"},"geometry":{"type":"Polygon","coordinates":[[[-112.11917572468799,33.392735565203445],[-112.11917572468799,33.38207255855094],[-112.10725275585622,33.38429842840742],[-112.10725275585622,33.39496179057828],[-112.11917572468799,33.392735565203445]]]}},{"type":"Feature","properties":{"state":"","county":"PHOENIX","s2_cell":"9739897259276894208","waymo_ro_miles":2040.262263472489,"incremental_miles":383.13,"vintage_end":"202506","exposure_phase":"deployment"},"geometry":{"type":"Polygon","coordinates":[[[-112.10725275585622,33.38429842840742],[-112.10725275585622,33.3736339210395],[-112.09532972560264,33.37585819287685],[-112.09532972560264,33.38652305584679],[-112.10725275585622,33.38429842840742]]]}},{"type":"Feature","properties":{"state":"","county":"PHOENIX","s2_cell":"9739897293636632576","waymo_ro_miles":3188.6898181000884,"incremental_miles":710.876,"vintage_end":"202506","exposure_phase":"deployment"},"geometry":{"type":"Polygon","coordinates":[[[-112.10725275585622,33.39496179057828],[-112.10725275585622,33.38429842840742],[-112.09532972560264,33.38652305584679],[-112.09532972560264,33.39718677327324],[-112.10725275585622,33.39496179057828]]]}},{"type":"Feature","properties":{"state":"","county":"PHOENIX","s2_cell":"9739897327996370944","waymo_ro_miles":3918.0450066412823,"incremental_miles":970.381,"vintage_end":"202506","exposure_phase":"deployment"},"geometry":{"type":"Polygon","coordinates":[[[-112.10725275585621,33.405624006693856],[-112.10725275585622,33.39496179057828],[-112.09532972560264,33.39718677327324],[-112.09532972560264,33.40784934429799],[-112.10725275585621,33.405624006693856]]]}},{"type":"Feature","properties":{"state":"","county":"PHOENIX","s2_cell":"9739897431075586048","waymo_ro_miles":62.60277835293645,"incremental_miles":20.406,"vintage_end":"202506","exposure_phase":"deployment"},"geometry":{"type":"Polygon","coordinates":[[[-112.11917572468799,33.40339742614724],[-112.11917572468799,33.392735565203445],[-112.10725275585622,33.39496179057828],[-112.10725275585621,33.405624006693856],[-112.11917572468799,33.40339742614724]]]}},{"type":"Feature","properties":{"state":"","county":"PHOENIX","s2_cell":"9739897740313231360","waymo_ro_miles":1125.9489985895077,"incremental_miles":281.294,"vintage_end":"202506","exposure_phase":"deployment"},"geometry":{"type":"Polygon","coordinates":[[[-112.11917572468799,33.4353761261533],[-112.11917572468799,33.42471770747881],[-112.10725275585621,33.42694499732932],[-112.10725275585622,33.437603770135965],[-112.11917572468799,33.4353761261533]]]}},{"type":"Feature","properties":{"state":"","county":"PHOENIX","s2_cell":"9739897809032708096","waymo_ro_miles":115.93564748990478,"incremental_miles":42.863,"vintage_end":"202506","exposure_phase":"deployment"},"geometry":{"type":"Polygon","coordinates":[[[-112.10725275585621,33.42694499732932],[-112.10725275585622,33.41628507589651],[-112.09532972560264,33.418510768063435],[-112.09532972560264,33.42917104371265],[-112.10725275585621,33.42694499732932]]]}},{"type":"Feature","properties":{"state":"","county":"PHOENIX","s2_cell":"9739897843392446464","waymo_ro_miles":12227.712094314033,"incremental_miles":2434.411,"vintage_end":"202506","exposure_phase":"deployment"},"geometry":{"type":"Polygon","coordinates":[[[-112.10725275585622,33.437603770135965],[-112.10725275585621,33.42694499732932],[-112.09532972560264,33.42917104371265],[-112.09532972560264,33.43983017038935],[-112.10725275585622,33.437603770135965]]]}},{"type":"Feature","properties":{"state":"","county":"PHOENIX","s2_cell":"9739897877752184832","waymo_ro_miles":12038.175737688676,"incremental_miles":2600.247,"vintage_end":"202506","exposure_phase":"deployment"},"geometry":{"type":"Polygon","coordinates":[[[-112.09532972560264,33.43983017038935],[-112.09532972560264,33.42917104371265],[-112.08340663543997,33.43139584640841],[-112.08340663543997,33.442055326693136],[-112.09532972560264,33.43983017038935]]]}},{"type":"Feature","properties":{"state":"","county":"PHOENIX","s2_cell":"9739897912111923200","waymo_ro_miles":153157.37313549308,"incremental_miles":48505.601,"vintage_end":"202506","exposure_phase":"deployment"},"geometry":{"type":"Polygon","coordinates":[[[-112.08340663543997,33.442055326693136],[-112.08340663543997,33.43139584640841],[-112.07148348688116,33.433619405196765],[-112.07148348688116,33.44427923882758],[-112.08340663543997,33.442055326693136]]]}},{"type":"Feature","properties":{"state":"","county":"PHOENIX","s2_cell":"9739897946471661568","waymo_ro_miles":45299.92614610071,"incremental_miles":12578.775,"vintage_end":"202506","exposure_phase":"deployment"},"geometry":{"type":"Polygon","coordinates":[[[-112.08340663543997,33.43139584640841],[-112.08340663543997,33.42073521680497],[-112.07148348688116,33.42295842190126],[-112.07148348688116,33.433619405196765],[-112.08340663543997,33.43139584640841]]]}},{"type":"Feature","properties":{"state":"","county":"PHOENIX","s2_cell":"9739897980831399936","waymo_ro_miles":11934.880083857584,"incremental_miles":3226.91,"vintage_end":"202506","exposure_phase":"deployment"},"geometry":{"type":"Polygon","coordinates":[[[-112.09532972560264,33.42917104371265],[-112.09532972560264,33.418510768063435],[-112.08340663543997,33.42073521680497],[-112.08340663543997,33.43139584640841],[-112.09532972560264,33.42917104371265]]]}},{"type":"Feature","properties":{"state":"","county":"PHOENIX","s2_cell":"9739898049550876672","waymo_ro_miles":9224.613678278936,"incremental_miles":2030.738,"vintage_end":"202506","exposure_phase":"deployment"},"geometry":{"type":"Polygon","coordinates":[[[-112.09532972560264,33.40784934429799],[-112.09532972560264,33.39718677327324],[-112.08340663543997,33.399410513067735],[-112.08340663543997,33.41007343873912],[-112.09532972560264,33.40784934429799]]]}},{"type":"Feature","properties":{"state":"","county":"PHOENIX","s2_cell":"9739898083910615040","waymo_ro_miles":28498.884980796127,"incremental_miles":6257.203,"vintage_end":"202506","exposure_phase":"deployment"},"geometry":{"type":"Polygon","coordinates":[[[-112.08340663543997,33.41007343873912],[-112.08340663543997,33.399410513067735],[-112.07148348688116,33.40163300974172],[-112.07148348688116,33.41229628979728],[-112.08340663543997,33.41007343873912]]]}},{"type":"Feature","properties":{"state":"","county":"PHOENIX","s2_cell":"9739898118270353408","waymo_ro_miles":31992.399716602347,"incremental_miles":6833.492,"vintage_end":"202506","exposure_phase":"deployment"},"geometry":{"type":"Polygon","coordinates":[[[-112.08340663543997,33.42073521680497],[-112.08340663543997,33.41007343873912],[-112.07148348688116,33.41229628979728],[-112.07148348688116,33.42295842190126],[-112.08340663543997,33.42073521680497]]]}},{"type":"Feature","properties":{"state":"","county":"PHOENIX","s2_cell":"9739898152630091776","waymo_ro_miles":45435.86939477394,"incremental_miles":2899.315,"vintage_end":"202506","exposure_phase":"deployment"},"geometry":{"type":"Polygon","coordinates":[[[-112.07148348688116,33.42295842190126],[-112.07148348688116,33.41229628979728],[-112.05956028143932,33.41451789725309],[-112.05956028143932,33.42518038313297],[-112.07148348688116,33.42295842190126]]]}},{"type":"Feature","properties":{"state":"","county":"PHOENIX","s2_cell":"9739898186989830144","waymo_ro_miles":50266.74268571654,"incremental_miles":4108.702,"vintage_end":"202506","exposure_phase":"deployment"},"geometry":{"type":"Polygon","coordinates":[[[-112.07148348688116,33.41229628979728],[-112.07148348688116,33.40163300974172],[-112.05956028143932,33.403854263075765],[-112.05956028143932,33.41451789725309],[-112.07148348688116,33.41229628979728]]]}},{"type":"Feature","properties":{"state":"","county":"PHOENIX","s2_cell":"9739898221349568512","waymo_ro_miles":21026.32856568102,"incremental_miles":3941.678,"vintage_end":"202506","exposure_phase":"deployment"},"geometry":{"type":"Polygon","coordinates":[[[-112.05956028143932,33.41451789725309],[-112.05956028143932,33.403854263075765],[-112.04763702062775,33.40607427285097],[-112.04763702062775,33.41673826088777],[-112.05956028143932,33.41451789725309]]]}},{"type":"Feature","properties":{"state":"","county":"PHOENIX","s2_cell":"9739898255709306880","waymo_ro_miles":62732.52129625395,"incremental_miles":12660.612,"vintage_end":"202506","exposure_phase":"deployment"},"geometry":{"type":"Polygon","coordinates":[[[-112.05956028143932,33.42518038313297],[-112.05956028143932,33.41451789725309],[-112.04763702062775,33.41673826088777],[-112.04763702062775,33.42740110028139],[-112.05956028143932,33.42518038313297]]]}},{"type":"Feature","properties":{"state":"","county":"PHOENIX","s2_cell":"9739898290069045248","waymo_ro_miles":262980.27186844917,"incremental_miles":58429.914,"vintage_end":"202506","exposure_phase":"deployment"},"geometry":{"type":"Polygon","coordinates":[[[-112.05956028143932,33.435841719858516],[-112.05956028143932,33.42518038313297],[-112.04763702062775,33.42740110028139],[-112.04763702062775,33.438062790174975],[-112.05956028143932,33.435841719858516]]]}},{"type":"Feature","properties":{"state":"","county":"PHOENIX","s2_cell":"9739898324428783616","waymo_ro_miles":70688.03890045696,"incremental_miles":10020.977,"vintage_end":"202506","exposure_phase":"deployment"},"geometry":{"type":"Polygon","coordinates":[[[-112.07148348688116,33.433619405196765],[-112.07148348688116,33.42295842190126],[-112.05956028143932,33.42518038313297],[-112.05956028143932,33.435841719858516],[-112.07148348688116,33.433619405196765]]]}},{"type":"Feature","properties":{"state":"","county":"PHOENIX","s2_cell":"9739898358788521984","waymo_ro_miles":610468.5582454307,"incremental_miles":95013.47,"vintage_end":"202506","exposure_phase":"deployment"},"geometry":{"type":"Polygon","coordinates":[[[-112.07148348688116,33.44427923882758],[-112.07148348688116,33.433619405196765],[-112.05956028143932,33.435841719858516],[-112.05956028143932,33.44650190657351],[-112.07148348688116,33.44427923882758]]]}},{"type":"Feature","properties":{"state":"","county":"PHOENIX","s2_cell":"9739898393148260352","waymo_ro_miles":373862.5752993164,"incremental_miles":73697.713,"vintage_end":"202506","exposure_phase":"deployment"},"geometry":{"type":"Polygon","coordinates":[[[-112.05956028143932,33.44650190657351],[-112.05956028143932,33.435841719858516],[-112.04763702062775,33.438062790174975],[-112.04763702062775,33.44872332971235],[-112.05956028143932,33.44650190657351]]]}},{"type":"Feature","properties":{"state":"","county":"PHOENIX","s2_cell":"9739898427507998720","waymo_ro_miles":438995.2702081586,"incremental_miles":76638.218,"vintage_end":"202506","exposure_phase":"deployment"},"geometry":{"type":"Polygon","coordinates":[[[-112.05956028143932,33.45716094242241],[-112.05956028143932,33.44650190657351],[-112.04763702062775,33.44872332971235],[-112.04763702062775,33.45938271803798],[-112.05956028143932,33.45716094242241]]]}},{"type":"Feature","properties":{"state":"","county":"PHOENIX","s2_cell":"9739898461867737088","waymo_ro_miles":325051.71426417056,"incremental_miles":54391.474,"vintage_end":"202506","exposure_phase":"deployment"},"geometry":{"type":"Polygon","coordinates":[[[-112.05956028143932,33.4678188265503],[-112.05956028143932,33.45716094242241],[-112.04763702062775,33.45938271803798],[-112.04763702062775,33.47004095429698],[-112.05956028143932,33.4678188265503]]]}},{"type":"Feature","properties":{"state":"","county":"PHOENIX","s2_cell":"9739898496227475456","waymo_ro_miles":411729.46980943705,"incremental_miles":59158.229,"vintage_end":"202506","exposure_phase":"deployment"},"geometry":{"type":"Polygon","coordinates":[[[-112.07148348688116,33.465595453673416],[-112.07148348688116,33.454937921938104],[-112.05956028143932,33.45716094242241],[-112.05956028143932,33.4678188265503],[-112.07148348688116,33.465595453673416]]]}},{"type":"Feature","properties":{"state":"","county":"PHOENIX","s2_cell":"9739898530587213824","waymo_ro_miles":573468.9657040669,"incremental_miles":76890.919,"vintage_end":"202506","exposure_phase":"deployment"},"geometry":{"type":"Polygon","coordinates":[[[-112.07148348688116,33.454937921938104],[-112.07148348688116,33.44427923882758],[-112.05956028143932,33.44650190657351],[-112.05956028143932,33.45716094242241],[-112.07148348688116,33.454937921938104]]]}},{"type":"Feature","properties":{"state":"","county":"PHOENIX","s2_cell":"9739898564946952192","waymo_ro_miles":378351.62884487445,"incremental_miles":69405.006,"vintage_end":"202506","exposure_phase":"deployment"},"geometry":{"type":"Polygon","coordinates":[[[-112.08340663543997,33.452713656803574],[-112.08340663543997,33.442055326693136],[-112.07148348688116,33.44427923882758],[-112.07148348688116,33.454937921938104],[-112.08340663543997,33.452713656803574]]]}},{"type":"Feature","properties":{"state":"","county":"PHOENIX","s2_cell":"9739898599306690560","waymo_ro_miles":52790.60912900299,"incremental_miles":9011.221,"vintage_end":"202506","exposure_phase":"deployment"},"geometry":{"type":"Polygon","coordinates":[[[-112.09532972560264,33.45048814723792],[-112.09532972560264,33.43983017038935],[-112.08340663543997,33.442055326693136],[-112.08340663543997,33.452713656803574],[-112.09532972560264,33.45048814723792]]]}},{"type":"Feature","properties":{"state":"","county":"PHOENIX","s2_cell":"9739898633666428928","waymo_ro_miles":108553.2211938877,"incremental_miles":14371.517,"vintage_end":"202506","exposure_phase":"deployment"},"geometry":{"type":"Polygon","coordinates":[[[-112.09532972560264,33.46114497340337],[-112.09532972560264,33.45048814723792],[-112.08340663543997,33.452713656803574],[-112.08340663543997,33.46337083588477],[-112.09532972560264,33.46114497340337]]]}},{"type":"Feature","properties":{"state":"","county":"PHOENIX","s2_cell":"9739898668026167296","waymo_ro_miles":372554.3445217401,"incremental_miles":62289.926,"vintage_end":"202506","exposure_phase":"deployment"},"geometry":{"type":"Polygon","coordinates":[[[-112.08340663543997,33.46337083588477],[-112.08340663543997,33.452713656803574],[-112.07148348688116,33.454937921938104],[-112.07148348688116,33.465595453673416],[-112.08340663543997,33.46337083588477]]]}},{"type":"Feature","properties":{"state":"","county":"PHOENIX","s2_cell":"9739898702385905664","waymo_ro_miles":298553.5385439105,"incremental_miles":42340.534,"vintage_end":"202506","exposure_phase":"deployment"},"geometry":{"type":"Polygon","coordinates":[[[-112.08340663543997,33.47402686308241],[-112.08340663543997,33.46337083588477],[-112.07148348688116,33.465595453673416],[-112.07148348688116,33.476251833179234],[-112.08340663543997,33.47402686308241]]]}},{"type":"Feature","properties":{"state":"","county":"PHOENIX","s2_cell":"9739898736745644032","waymo_ro_miles":75411.47761466728,"incremental_miles":8974.152,"vintage_end":"202506","exposure_phase":"deployment"},"geometry":{"type":"Polygon","coordinates":[[[-112.09532972560264,33.47180064803138],[-112.09532972560264,33.46114497340337],[-112.08340663543997,33.46337083588477],[-112.08340663543997,33.47402686308241],[-112.09532972560264,33.47180064803138]]]}},{"type":"Feature","properties":{"state":"","county":"PHOENIX","s2_cell":"9739898771105382400","waymo_ro_miles":55216.97458728287,"incremental_miles":8132.58,"vintage_end":"202506","exposure_phase":"deployment"},"geometry":{"type":"Polygon","coordinates":[[[-112.09532972560264,33.482455170268295],[-112.09532972560264,33.47180064803138],[-112.08340663543997,33.47402686308241],[-112.08340663543997,33.48468173754284],[-112.09532972560264,33.482455170268295]]]}},{"type":"Feature","properties":{"state":"","county":"PHOENIX","s2_cell":"9739898805465120768","waymo_ro_miles":236990.45691461497,"incremental_miles":38502.886,"vintage_end":"202506","exposure_phase":"deployment"},"geometry":{"type":"Polygon","coordinates":[[[-112.08340663543997,33.48468173754284],[-112.08340663543997,33.47402686308241],[-112.07148348688116,33.476251833179234],[-112.07148348688116,33.486907059601926],[-112.08340663543997,33.48468173754284]]]}},{"type":"Feature","properties":{"state":"","county":"PHOENIX","s2_cell":"9739898839824859136","waymo_ro_miles":252825.21783535808,"incremental_miles":40512.703,"vintage_end":"202506","exposure_phase":"deployment"},"geometry":{"type":"Polygon","coordinates":[[[-112.07148348688116,33.486907059601926],[-112.07148348688116,33.476251833179234],[-112.05956028143932,33.47847555810293],[-112.05956028143932,33.48913113622667],[-112.07148348688116,33.486907059601926]]]}},{"type":"Feature","properties":{"state":"","county":"PHOENIX","s2_cell":"9739898874184597504","waymo_ro_miles":169571.52991001803,"incremental_miles":24743.535,"vintage_end":"202506","exposure_phase":"deployment"},"geometry":{"type":"Polygon","coordinates":[[[-112.07148348688116,33.476251833179234],[-112.07148348688116,33.465595453673416],[-112.05956028143932,33.4678188265503],[-112.05956028143932,33.47847555810293],[-112.07148348688116,33.476251833179234]]]}},{"type":"Feature","properties":{"state":"","county":"PHOENIX","s2_cell":"9739898908544335872","waymo_ro_miles":149332.2273388712,"incremental_miles":24122.386,"vintage_end":"202506","exposure_phase":"deployment"},"geometry":{"type":"Polygon","coordinates":[[[-112.05956028143932,33.47847555810293],[-112.05956028143932,33.4678188265503],[-112.04763702062775,33.47004095429698],[-112.04763702062775,33.48069803763509],[-112.05956028143932,33.47847555810293]]]}},{"type":"Feature","properties":{"state":"","county":"PHOENIX","s2_cell":"9739898942904074240","waymo_ro_miles":208285.63017936065,"incremental_miles":33306.189,"vintage_end":"202506","exposure_phase":"deployment"},"geometry":{"type":"Polygon","coordinates":[[[-112.05956028143932,33.48913113622667],[-112.05956028143932,33.47847555810293],[-112.04763702062775,33.48069803763509],[-112.04763702062775,33.49135396719877],[-112.05956028143932,33.48913113622667]]]}},{"type":"Feature","properties":{"state":"","county":"PHOENIX","s2_cell":"9739898977263812608","waymo_ro_miles":125446.66903188983,"incremental_miles":16496.625,"vintage_end":"202506","exposure_phase":"deployment"},"geometry":{"type":"Polygon","coordinates":[[[-112.05956028143932,33.49978556006861],[-112.05956028143932,33.48913113622667],[-112.04763702062775,33.49135396719877],[-112.04763702062775,33.50200874213507],[-112.05956028143932,33.49978556006861]]]}},{"type":"Feature","properties":{"state":"","county":"PHOENIX","s2_cell":"9739899011623550976","waymo_ro_miles":178949.46179901712,"incremental_miles":26853.928,"vintage_end":"202506","exposure_phase":"deployment"},"geometry":{"type":"Polygon","coordinates":[[[-112.07148348688116,33.49756113208854],[-112.07148348688116,33.486907059601926],[-112.05956028143932,33.48913113622667],[-112.05956028143932,33.49978556006861],[-112.07148348688116,33.49756113208854]]]}},{"type":"Feature","properties":{"state":"","county":"PHOENIX","s2_cell":"9739899045983289344","waymo_ro_miles":103154.41857844705,"incremental_miles":18937.814,"vintage_end":"202506","exposure_phase":"deployment"},"geometry":{"type":"Polygon","coordinates":[[[-112.07148348688116,33.50821404978674],[-112.07148348688116,33.49756113208854],[-112.05956028143932,33.49978556006861],[-112.05956028143932,33.51043882877643],[-112.07148348688116,33.50821404978674]]]}},{"type":"Feature","properties":{"state":"","county":"PHOENIX","s2_cell":"9739899080343027712","waymo_ro_miles":96240.80077429328,"incremental_miles":18751.79,"vintage_end":"202506","exposure_phase":"deployment"},"geometry":{"type":"Polygon","coordinates":[[[-112.05956028143932,33.51043882877643],[-112.05956028143932,33.49978556006861],[-112.04763702062775,33.50200874213507],[-112.04763702062775,33.51266236159172],[-112.05956028143932,33.51043882877643]]]}},{"type":"Feature","properties":{"state":"","county":"PHOENIX","s2_cell":"9739899114702766080","waymo_ro_miles":57929.41094619649,"incremental_miles":11764.597,"vintage_end":"202506","exposure_phase":"deployment"},"geometry":{"type":"Polygon","coordinates":[[[-112.05956028143932,33.52109094149849],[-112.05956028143932,33.51043882877643],[-112.04763702062775,33.51266236159172],[-112.04763702062775,33.523314824717104],[-112.05956028143932,33.52109094149849]]]}},{"type":"Feature","properties":{"state":"","county":"PHOENIX","s2_cell":"9739899149062504448","waymo_ro_miles":36818.4446120512,"incremental_miles":7962.316,"vintage_end":"202506","exposure_phase":"deployment"},"geometry":{"type":"Polygon","coordinates":[[[-112.05956028143932,33.53174189738382],[-112.05956028143932,33.52109094149849],[-112.04763702062775,33.523314824717104],[-112.04763702062775,33.533966130660254],[-112.05956028143932,33.53174189738382]]]}},{"type":"Feature","properties":{"state":"","county":"PHOENIX","s2_cell":"9739899183422242816","waymo_ro_miles":53099.22896185871,"incremental_miles":11489.34,"vintage_end":"202506","exposure_phase":"deployment"},"geometry":{"type":"Polygon","coordinates":[[[-112.07148348688116,33.5295164174119],[-112.07148348688116,33.51886581184486],[-112.05956028143932,33.52109094149849],[-112.05956028143932,33.53174189738382],[-112.07148348688116,33.5295164174119]]]}},{"type":"Feature","properties":{"state":"","county":"PHOENIX","s2_cell":"9739899217781981184","waymo_ro_miles":108441.64279476312,"incremental_miles":21868.697,"vintage_end":"202506","exposure_phase":"deployment"},"geometry":{"type":"Polygon","coordinates":[[[-112.07148348688116,33.51886581184486],[-112.07148348688116,33.50821404978674],[-112.05956028143932,33.51043882877643],[-112.05956028143932,33.52109094149849],[-112.07148348688116,33.51886581184486]]]}},{"type":"Feature","properties":{"state":"","county":"PHOENIX","s2_cell":"9739899252141719552","waymo_ro_miles":139983.48664656928,"incremental_miles":31427.404,"vintage_end":"202506","exposure_phase":"deployment"},"geometry":{"type":"Polygon","coordinates":[[[-112.08340663543997,33.516639435974284],[-112.08340663543997,33.505988024840796],[-112.07148348688116,33.50821404978674],[-112.07148348688116,33.51886581184486],[-112.08340663543997,33.516639435974284]]]}},{"type":"Feature","properties":{"state":"","county":"PHOENIX","s2_cell":"9739899286501457920","waymo_ro_miles":51464.26127417606,"incremental_miles":12766.29,"vintage_end":"202506","exposure_phase":"deployment"},"geometry":{"type":"Polygon","coordinates":[[[-112.08340663543997,33.52728969096251],[-112.08340663543997,33.516639435974284],[-112.07148348688116,33.51886581184486],[-112.07148348688116,33.5295164174119],[-112.08340663543997,33.52728969096251]]]}},{"type":"Feature","properties":{"state":"","county":"PHOENIX","s2_cell":"9739899320861196288","waymo_ro_miles":44779.468064829445,"incremental_miles":8887.737,"vintage_end":"202506","exposure_phase":"deployment"},"geometry":{"type":"Polygon","coordinates":[[[-112.09532972560264,33.52506171825426],[-112.09532972560264,33.514411814105436],[-112.08340663543997,33.516639435974284],[-112.08340663543997,33.52728969096251],[-112.09532972560264,33.52506171825426]]]}},{"type":"Feature","properties":{"state":"","county":"PHOENIX","s2_cell":"9739899355220934656","waymo_ro_miles":57682.087823699876,"incremental_miles":9804.38,"vintage_end":"202506","exposure_phase":"deployment"},"geometry":{"type":"Polygon","coordinates":[[[-112.09532972560264,33.514411814105436],[-112.09532972560264,33.50376075415736],[-112.08340663543997,33.505988024840796],[-112.08340663543997,33.516639435974284],[-112.09532972560264,33.514411814105436]]]}},{"type":"Feature","properties":{"state":"","county":"PHOENIX","s2_cell":"9739899389580673024","waymo_ro_miles":91167.28365609793,"incremental_miles":13517.817,"vintage_end":"202506","exposure_phase":"deployment"},"geometry":{"type":"Polygon","coordinates":[[[-112.09532972560264,33.50376075415736],[-112.09532972560264,33.49310853926107],[-112.08340663543997,33.49533545841309],[-112.08340663543997,33.505988024840796],[-112.09532972560264,33.50376075415736]]]}},{"type":"Feature","properties":{"state":"","county":"PHOENIX","s2_cell":"9739899423940411392","waymo_ro_miles":127282.88142727871,"incremental_miles":20892.077,"vintage_end":"202506","exposure_phase":"deployment"},"geometry":{"type":"Polygon","coordinates":[[[-112.08340663543997,33.505988024840796],[-112.08340663543997,33.49533545841309],[-112.07148348688116,33.49756113208854],[-112.07148348688116,33.50821404978674],[-112.08340663543997,33.505988024840796]]]}},{"type":"Feature","properties":{"state":"","county":"PHOENIX","s2_cell":"9739899458300149760","waymo_ro_miles":268256.1536121081,"incremental_miles":40392.153,"vintage_end":"202506","exposure_phase":"deployment"},"geometry":{"type":"Polygon","coordinates":[[[-112.08340663543997,33.49533545841309],[-112.08340663543997,33.48468173754284],[-112.07148348688116,33.486907059601926],[-112.07148348688116,33.49756113208854],[-112.08340663543997,33.49533545841309]]]}},{"type":"Feature","properties":{"state":"","county":"PHOENIX","s2_cell":"9739899492659888128","waymo_ro_miles":94425.47030012008,"incremental_miles":12993.849,"vintage_end":"202506","exposure_phase":"deployment"},"geometry":{"type":"Polygon","coordinates":[[[-112.09532972560264,33.49310853926107],[-112.09532972560264,33.482455170268295],[-112.08340663543997,33.48468173754284],[-112.08340663543997,33.49533545841309],[-112.09532972560264,33.49310853926107]]]}},{"type":"Feature","properties":{"state":"","county":"PHOENIX","s2_cell":"9739899527019626496","waymo_ro_miles":44663.31549133158,"incremental_miles":7508.735,"vintage_end":"202506","exposure_phase":"deployment"},"geometry":{"type":"Polygon","coordinates":[[[-112.10725275585622,33.490880374851876],[-112.10725275585622,33.480227357997734],[-112.09532972560264,33.482455170268295],[-112.09532972560264,33.49310853926107],[-112.10725275585622,33.490880374851876]]]}},{"type":"Feature","properties":{"state":"","county":"PHOENIX","s2_cell":"9739899561379364864","waymo_ro_miles":12891.887799818716,"incremental_miles":3089.372,"vintage_end":"202506","exposure_phase":"deployment"},"geometry":{"type":"Polygon","coordinates":[[[-112.11917572468799,33.488650965405455],[-112.11917572468799,33.47799830095121],[-112.10725275585622,33.480227357997734],[-112.10725275585622,33.490880374851876],[-112.11917572468799,33.488650965405455]]]}},{"type":"Feature","properties":{"state":"","county":"PHOENIX","s2_cell":"9739899595739103232","waymo_ro_miles":8152.916375794943,"incremental_miles":2084.592,"vintage_end":"202506","exposure_phase":"deployment"},"geometry":{"type":"Polygon","coordinates":[[[-112.11917572468799,33.4993024764558],[-112.11917572468799,33.488650965405455],[-112.10725275585622,33.490880374851876],[-112.10725275585622,33.50153223795573],[-112.11917572468799,33.4993024764558]]]}},{"type":"Feature","properties":{"state":"","county":"PHOENIX","s2_cell":"9739899630098841600","waymo_ro_miles":48026.325960053044,"incremental_miles":8279.664,"vintage_end":"202506","exposure_phase":"deployment"},"geometry":{"type":"Polygon","coordinates":[[[-112.10725275585622,33.50153223795573],[-112.10725275585622,33.490880374851876],[-112.09532972560264,33.49310853926107],[-112.09532972560264,33.50376075415736],[-112.10725275585622,33.50153223795573]]]}},{"type":"Feature","properties":{"state":"","county":"PHOENIX","s2_cell":"9739899664458579968","waymo_ro_miles":38999.82197919768,"incremental_miles":7360.211,"vintage_end":"202506","exposure_phase":"deployment"},"geometry":{"type":"Polygon","coordinates":[[[-112.10725275585621,33.51218294645757],[-112.10725275585622,33.50153223795573],[-112.09532972560264,33.50376075415736],[-112.09532972560264,33.514411814105436],[-112.10725275585621,33.51218294645757]]]}},{"type":"Feature","properties":{"state":"","county":"PHOENIX","s2_cell":"9739899698818318336","waymo_ro_miles":33430.90847017831,"incremental_miles":6269.44,"vintage_end":"202506","exposure_phase":"deployment"},"geometry":{"type":"Polygon","coordinates":[[[-112.10725275585622,33.522832499506315],[-112.10725275585621,33.51218294645757],[-112.09532972560264,33.514411814105436],[-112.09532972560264,33.52506171825426],[-112.10725275585622,33.522832499506315]]]}},{"type":"Feature","properties":{"state":"","county":"PHOENIX","s2_cell":"9739899733178056704","waymo_ro_miles":5582.433122726253,"incremental_miles":1458.162,"vintage_end":"202506","exposure_phase":"deployment"},"geometry":{"type":"Polygon","coordinates":[[[-112.11917572468799,33.52060203493843],[-112.11917572468799,33.509952833250495],[-112.10725275585621,33.51218294645757],[-112.10725275585622,33.522832499506315],[-112.11917572468799,33.52060203493843]]]}},{"type":"Feature","properties":{"state":"","county":"PHOENIX","s2_cell":"9739899767537795072","waymo_ro_miles":6315.600699532287,"incremental_miles":1639.341,"vintage_end":"202506","exposure_phase":"deployment"},"geometry":{"type":"Polygon","coordinates":[[[-112.11917572468799,33.509952833250495],[-112.11917572468799,33.4993024764558],[-112.10725275585622,33.50153223795573],[-112.10725275585621,33.51218294645757],[-112.11917572468799,33.509952833250495]]]}},{"type":"Feature","properties":{"state":"","county":"PHOENIX","s2_cell":"9739900214214393856","waymo_ro_miles":13904.90598963025,"incremental_miles":3208.221,"vintage_end":"202506","exposure_phase":"deployment"},"geometry":{"type":"Polygon","coordinates":[[[-112.11917572468799,33.47799830095121],[-112.11917572468799,33.46734448394548],[-112.10725275585622,33.46957318824571],[-112.10725275585622,33.480227357997734],[-112.11917572468799,33.47799830095121]]]}},{"type":"Feature","properties":{"state":"","county":"PHOENIX","s2_cell":"9739900248574132224","waymo_ro_miles":42445.06109241846,"incremental_miles":6582.295,"vintage_end":"202506","exposure_phase":"deployment"},"geometry":{"type":"Polygon","coordinates":[[[-112.10725275585622,33.480227357997734],[-112.10725275585622,33.46957318824571],[-112.09532972560264,33.47180064803138],[-112.09532972560264,33.482455170268295],[-112.10725275585622,33.480227357997734]]]}},{"type":"Feature","properties":{"state":"","county":"PHOENIX","s2_cell":"9739900282933870592","waymo_ro_miles":34797.88713908999,"incremental_miles":5469.21,"vintage_end":"202506","exposure_phase":"deployment"},"geometry":{"type":"Polygon","coordinates":[[[-112.10725275585622,33.46957318824571],[-112.10725275585622,33.458917866448836],[-112.09532972560264,33.46114497340337],[-112.09532972560264,33.47180064803138],[-112.10725275585622,33.46957318824571]]]}},{"type":"Feature","properties":{"state":"","county":"PHOENIX","s2_cell":"9739900317293608960","waymo_ro_miles":6209.2532694489455,"incremental_miles":1498.235,"vintage_end":"202506","exposure_phase":"deployment"},"geometry":{"type":"Polygon","coordinates":[[[-112.11917572468799,33.46734448394548],[-112.11917572468799,33.45668951524133],[-112.10725275585622,33.458917866448836],[-112.10725275585622,33.46957318824571],[-112.11917572468799,33.46734448394548]]]}},{"type":"Feature","properties":{"state":"","county":"PHOENIX","s2_cell":"9739900351653347328","waymo_ro_miles":5305.101458312746,"incremental_miles":1229.174,"vintage_end":"202506","exposure_phase":"deployment"},"geometry":{"type":"Polygon","coordinates":[[[-112.11917572468799,33.45668951524133],[-112.11917572468799,33.44603339569249],[-112.10725275585622,33.44826139346081],[-112.10725275585622,33.458917866448836],[-112.11917572468799,33.45668951524133]]]}},{"type":"Feature","properties":{"state":"","county":"PHOENIX","s2_cell":"9739900386013085696","waymo_ro_miles":13658.56379461454,"incremental_miles":2587.934,"vintage_end":"202506","exposure_phase":"deployment"},"geometry":{"type":"Polygon","coordinates":[[[-112.10725275585622,33.458917866448836],[-112.10725275585622,33.44826139346081],[-112.09532972560264,33.45048814723792],[-112.09532972560264,33.46114497340337],[-112.10725275585622,33.458917866448836]]]}},{"type":"Feature","properties":{"state":"","county":"PHOENIX","s2_cell":"9739900420372824064","waymo_ro_miles":25442.3765575895,"incremental_miles":4775.488,"vintage_end":"202506","exposure_phase":"deployment"},"geometry":{"type":"Polygon","coordinates":[[[-112.10725275585622,33.44826139346081],[-112.10725275585622,33.437603770135965],[-112.09532972560264,33.43983017038935],[-112.09532972560264,33.45048814723792],[-112.10725275585622,33.44826139346081]]]}},{"type":"Feature","properties":{"state":"","county":"PHOENIX","s2_cell":"9739900454732562432","waymo_ro_miles":3609.741646377359,"incremental_miles":636.966,"vintage_end":"202506","exposure_phase":"deployment"},"geometry":{"type":"Polygon","coordinates":[[[-112.11917572468799,33.44603339569249],[-112.11917572468799,33.4353761261533],[-112.10725275585622,33.437603770135965],[-112.10725275585622,33.44826139346081],[-112.11917572468799,33.44603339569249]]]}},{"type":"Feature","properties":{"state":"","county":"PHOENIX","s2_cell":"9739997727151882240","waymo_ro_miles":1388.4876939067306,"incremental_miles":358.313,"vintage_end":"202506","exposure_phase":"deployment"},"geometry":{"type":"Polygon","coordinates":[[[-112.10725275585622,33.57606290321138],[-112.10725275585622,33.565419140171514],[-112.09532972560264,33.56764975985856],[-112.09532972560264,33.57829387226802],[-112.10725275585622,33.57606290321138]]]}},{"type":"Feature","properties":{"state":"","county":"PHOENIX","s2_cell":"9739997761511620608","waymo_ro_miles":1197.8578111822173,"incremental_miles":274.992,"vintage_end":"202506","exposure_phase":"deployment"},"geometry":{"type":"Polygon","coordinates":[[[-112.11917572468799,33.57383068703365],[-112.11917572468799,33.563187273623264],[-112.10725275585622,33.565419140171514],[-112.10725275585622,33.57606290321138],[-112.11917572468799,33.57383068703365]]]}},{"type":"Feature","properties":{"state":"","county":"PHOENIX","s2_cell":"9739998208188219392","waymo_ro_miles":4034.87741659056,"incremental_miles":1203.901,"vintage_end":"202506","exposure_phase":"deployment"},"geometry":{"type":"Polygon","coordinates":[[[-112.11917572468799,33.541896969592855],[-112.11917572468799,33.531250080669146],[-112.10725275585622,33.53348089625153],[-112.10725275585622,33.544128135843444],[-112.11917572468799,33.541896969592855]]]}},{"type":"Feature","properties":{"state":"","county":"PHOENIX","s2_cell":"9739998242547957760","waymo_ro_miles":6441.521767422204,"incremental_miles":1513.943,"vintage_end":"202506","exposure_phase":"deployment"},"geometry":{"type":"Polygon","coordinates":[[[-112.11917572468799,33.531250080669146],[-112.11917572468799,33.52060203493843],[-112.10725275585622,33.522832499506315],[-112.10725275585622,33.53348089625153],[-112.11917572468799,33.531250080669146]]]}},{"type":"Feature","properties":{"state":"","county":"PHOENIX","s2_cell":"9739998276907696128","waymo_ro_miles":22033.00618612614,"incremental_miles":4517.79,"vintage_end":"202506","exposure_phase":"deployment"},"geometry":{"type":"Polygon","coordinates":[[[-112.10725275585622,33.53348089625153],[-112.10725275585622,33.522832499506315],[-112.09532972560264,33.52506171825426],[-112.09532972560264,33.53571046575341],[-112.10725275585622,33.53348089625153]]]}},{"type":"Feature","properties":{"state":"","county":"PHOENIX","s2_cell":"9739998311267434496","waymo_ro_miles":15449.130620411726,"incremental_miles":3950.494,"vintage_end":"202506","exposure_phase":"deployment"},"geometry":{"type":"Polygon","coordinates":[[[-112.10725275585622,33.544128135843444],[-112.10725275585622,33.53348089625153],[-112.09532972560264,33.53571046575341],[-112.09532972560264,33.546358055753124],[-112.10725275585622,33.544128135843444]]]}},{"type":"Feature","properties":{"state":"","county":"PHOENIX","s2_cell":"9739998345627172864","waymo_ro_miles":16548.751068295685,"incremental_miles":5211.426,"vintage_end":"202506","exposure_phase":"deployment"},"geometry":{"type":"Polygon","coordinates":[[[-112.10725275585622,33.55477421743292],[-112.10725275585622,33.544128135843444],[-112.09532972560264,33.546358055753124],[-112.09532972560264,33.55700448740433],[-112.10725275585622,33.55477421743292]]]}},{"type":"Feature","properties":{"state":"","county":"PHOENIX","s2_cell":"9739998379986911232","waymo_ro_miles":3291.878575488781,"incremental_miles":1093.908,"vintage_end":"202506","exposure_phase":"deployment"},"geometry":{"type":"Polygon","coordinates":[[[-112.11917572468799,33.552542700860386],[-112.11917572468799,33.541896969592855],[-112.10725275585622,33.544128135843444],[-112.10725275585622,33.55477421743292],[-112.11917572468799,33.552542700860386]]]}},{"type":"Feature","properties":{"state":"","county":"PHOENIX","s2_cell":"9739998414346649600","waymo_ro_miles":3849.2720899148662,"incremental_miles":1134.301,"vintage_end":"202506","exposure_phase":"deployment"},"geometry":{"type":"Polygon","coordinates":[[[-112.11917572468799,33.563187273623264],[-112.11917572468799,33.552542700860386],[-112.10725275585622,33.55477421743292],[-112.10725275585622,33.565419140171514],[-112.11917572468799,33.563187273623264]]]}},{"type":"Feature","properties":{"state":"","county":"PHOENIX","s2_cell":"9739998448706387968","waymo_ro_miles":5524.635274596759,"incremental_miles":1685.858,"vintage_end":"202506","exposure_phase":"deployment"},"geometry":{"type":"Polygon","coordinates":[[[-112.10725275585622,33.565419140171514],[-112.10725275585622,33.55477421743292],[-112.09532972560264,33.55700448740433],[-112.09532972560264,33.56764975985856],[-112.10725275585622,33.565419140171514]]]}},{"type":"Feature","properties":{"state":"","county":"PHOENIX","s2_cell":"9739998483066126336","waymo_ro_miles":3789.3894408865676,"incremental_miles":1036.79,"vintage_end":"202506","exposure_phase":"deployment"},"geometry":{"type":"Polygon","coordinates":[[[-112.09532972560264,33.56764975985856],[-112.09532972560264,33.55700448740433],[-112.08340663543997,33.55923351055505],[-112.08340663543997,33.56987913246494],[-112.09532972560264,33.56764975985856]]]}},{"type":"Feature","properties":{"state":"","county":"PHOENIX","s2_cell":"9739998517425864704","waymo_ro_miles":4289.303327201917,"incremental_miles":1201.275,"vintage_end":"202506","exposure_phase":"deployment"},"geometry":{"type":"Polygon","coordinates":[[[-112.08340663543997,33.56987913246494],[-112.08340663543997,33.55923351055505],[-112.07148348688116,33.561461286666145],[-112.07148348688116,33.572107257771776],[-112.08340663543997,33.56987913246494]]]}},{"type":"Feature","properties":{"state":"","county":"PHOENIX","s2_cell":"9739998551785603072","waymo_ro_miles":19339.2502508704,"incremental_miles":6316.35,"vintage_end":"202506","exposure_phase":"deployment"},"geometry":{"type":"Polygon","coordinates":[[[-112.08340663543997,33.55923351055505],[-112.08340663543997,33.5485867291023],[-112.07148348688116,33.550814155671915],[-112.07148348688116,33.561461286666145],[-112.08340663543997,33.55923351055505]]]}},{"type":"Feature","properties":{"state":"","county":"PHOENIX","s2_cell":"9739998586145341440","waymo_ro_miles":9988.526203108659,"incremental_miles":3672.75,"vintage_end":"202506","exposure_phase":"deployment"},"geometry":{"type":"Polygon","coordinates":[[[-112.09532972560264,33.55700448740433],[-112.09532972560264,33.546358055753124],[-112.08340663543997,33.5485867291023],[-112.08340663543997,33.55923351055505],[-112.09532972560264,33.55700448740433]]]}},{"type":"Feature","properties":{"state":"","county":"PHOENIX","s2_cell":"9739998620505079808","waymo_ro_miles":11688.273609616392,"incremental_miles":3446.415,"vintage_end":"202506","exposure_phase":"deployment"},"geometry":{"type":"Polygon","coordinates":[[[-112.09532972560264,33.546358055753124],[-112.09532972560264,33.53571046575341],[-112.08340663543997,33.53793878895509],[-112.08340663543997,33.5485867291023],[-112.09532972560264,33.546358055753124]]]}},{"type":"Feature","properties":{"state":"","county":"PHOENIX","s2_cell":"9739998654864818176","waymo_ro_miles":10355.250545249924,"incremental_miles":2209.491,"vintage_end":"202506","exposure_phase":"deployment"},"geometry":{"type":"Polygon","coordinates":[[[-112.09532972560264,33.53571046575341],[-112.09532972560264,33.52506171825426],[-112.08340663543997,33.52728969096251],[-112.08340663543997,33.53793878895509],[-112.09532972560264,33.53571046575341]]]}},{"type":"Feature","properties":{"state":"","county":"PHOENIX","s2_cell":"9739998689224556544","waymo_ro_miles":34763.30562597246,"incremental_miles":10153.028,"vintage_end":"202506","exposure_phase":"deployment"},"geometry":{"type":"Polygon","coordinates":[[[-112.08340663543997,33.53793878895509],[-112.08340663543997,33.52728969096251],[-112.07148348688116,33.5295164174119],[-112.07148348688116,33.54016586563748],[-112.08340663543997,33.53793878895509]]]}},{"type":"Feature","properties":{"state":"","county":"PHOENIX","s2_cell":"9739998723584294912","waymo_ro_miles":19223.5209038771,"incremental_miles":5974.62,"vintage_end":"202506","exposure_phase":"deployment"},"geometry":{"type":"Polygon","coordinates":[[[-112.08340663543997,33.5485867291023],[-112.08340663543997,33.53793878895509],[-112.07148348688116,33.54016586563748],[-112.07148348688116,33.550814155671915],[-112.08340663543997,33.5485867291023]]]}},{"type":"Feature","properties":{"state":"","county":"PHOENIX","s2_cell":"9739998757944033280","waymo_ro_miles":8653.912931035831,"incremental_miles":2353.062,"vintage_end":"202506","exposure_phase":"deployment"},"geometry":{"type":"Polygon","coordinates":[[[-112.07148348688116,33.550814155671915],[-112.07148348688116,33.54016586563748],[-112.05956028143932,33.54239169558206],[-112.05956028143932,33.55304033524353],[-112.07148348688116,33.550814155671915]]]}},{"type":"Feature","properties":{"state":"","county":"PHOENIX","s2_cell":"9739998792303771648","waymo_ro_miles":30426.005539575846,"incremental_miles":7820.611,"vintage_end":"202506","exposure_phase":"deployment"},"geometry":{"type":"Polygon","coordinates":[[[-112.07148348688116,33.54016586563748],[-112.07148348688116,33.5295164174119],[-112.05956028143932,33.53174189738382],[-112.05956028143932,33.54239169558206],[-112.07148348688116,33.54016586563748]]]}},{"type":"Feature","properties":{"state":"","county":"PHOENIX","s2_cell":"9739998826663510016","waymo_ro_miles":20633.148404645497,"incremental_miles":5808.725,"vintage_end":"202506","exposure_phase":"deployment"},"geometry":{"type":"Polygon","coordinates":[[[-112.05956028143932,33.54239169558206],[-112.05956028143932,33.53174189738382],[-112.04763702062775,33.533966130660254],[-112.04763702062775,33.54461627857087],[-112.05956028143932,33.54239169558206]]]}},{"type":"Feature","properties":{"state":"","county":"PHOENIX","s2_cell":"9739998861023248384","waymo_ro_miles":17961.365424591128,"incremental_miles":6027.096,"vintage_end":"202506","exposure_phase":"deployment"},"geometry":{"type":"Polygon","coordinates":[[[-112.05956028143932,33.55304033524353],[-112.05956028143932,33.54239169558206],[-112.04763702062775,33.54461627857087],[-112.04763702062775,33.55526526759928],[-112.05956028143932,33.55304033524353]]]}},{"type":"Feature","properties":{"state":"","county":"PHOENIX","s2_cell":"9739998895382986752","waymo_ro_miles":8.45866981242746,"incremental_miles":3.563,"vintage_end":"202506","exposure_phase":"deployment"},"geometry":{"type":"Polygon","coordinates":[[[-112.05956028143932,33.56368781551923],[-112.05956028143932,33.55304033524353],[-112.04763702062775,33.55526526759928],[-112.04763702062775,33.56591309689649],[-112.05956028143932,33.56368781551923]]]}},{"type":"Feature","properties":{"state":"","county":"PHOENIX","s2_cell":"9739998929742725120","waymo_ro_miles":6936.729302298389,"incremental_miles":2287.699,"vintage_end":"202506","exposure_phase":"deployment"},"geometry":{"type":"Polygon","coordinates":[[[-112.07148348688116,33.561461286666145],[-112.07148348688116,33.550814155671915],[-112.05956028143932,33.55304033524353],[-112.05956028143932,33.56368781551923],[-112.07148348688116,33.561461286666145]]]}},{"type":"Feature","properties":{"state":"","county":"PHOENIX","s2_cell":"9739998964102463488","waymo_ro_miles":0.6212058417908591,"incremental_miles":0.621,"vintage_end":"202506","exposure_phase":"deployment"},"geometry":{"type":"Polygon","coordinates":[[[-112.07148348688116,33.572107257771776],[-112.07148348688116,33.561461286666145],[-112.05956028143932,33.56368781551923],[-112.05956028143932,33.57433413556076],[-112.07148348688116,33.572107257771776]]]}},{"type":"Feature","properties":{"state":"","county":"PHOENIX","s2_cell":"9739999204620632064","waymo_ro_miles":2.086724720002194,"incremental_miles":0.602,"vintage_end":"202506","exposure_phase":"deployment"},"geometry":{"type":"Polygon","coordinates":[[[-112.09532972560264,33.57829387226802],[-112.09532972560264,33.56764975985856],[-112.08340663543997,33.56987913246494],[-112.08340663543997,33.58052359398419],[-112.09532972560264,33.57829387226802]]]}},{"type":"Feature","properties":{"state":"","county":"PHOENIX","s2_cell":"9740002606234730496","waymo_ro_miles":2058.0710130222533,"incremental_miles":1035.918,"vintage_end":"202506","exposure_phase":"deployment"},"geometry":{"type":"Polygon","coordinates":[[[-111.9760963777647,33.69631075280785],[-111.9760963777647,33.68567367047431],[-111.96417277175436,33.68789366658374],[-111.96417277175436,33.698531092336474],[-111.9760963777647,33.69631075280785]]]}},{"type":"Feature","properties":{"state":"","county":"PHOENIX","s2_cell":"9740002709313945600","waymo_ro_miles":13311.30820954911,"incremental_miles":3672.321,"vintage_end":"202506","exposure_phase":"deployment"},"geometry":{"type":"Polygon","coordinates":[[[-111.9760963777647,33.68567367047431],[-111.9760963777647,33.67503541704655],[-111.96417277175436,33.67725506939285],[-111.96417277175436,33.68789366658374],[-111.9760963777647,33.68567367047431]]]}},{"type":"Feature","properties":{"state":"","county":"PHOENIX","s2_cell":"9740002743673683968","waymo_ro_miles":9590.624192020783,"incremental_miles":3087.791,"vintage_end":"202506","exposure_phase":"deployment"},"geometry":{"type":"Polygon","coordinates":[[[-111.98801993900399,33.68345242279564],[-111.98801993900399,33.672814513388744],[-111.9760963777647,33.67503541704655],[-111.9760963777647,33.68567367047431],[-111.98801993900399,33.68345242279564]]]}},{"type":"Feature","properties":{"state":"","county":"PHOENIX","s2_cell":"9740002915472375808","waymo_ro_miles":5686.900156541116,"incremental_miles":1761.751,"vintage_end":"202506","exposure_phase":"deployment"},"geometry":{"type":"Polygon","coordinates":[[[-111.99994345395754,33.65995362394016],[-111.99994345395756,33.649313720526],[-111.98801993900399,33.65153518569194],[-111.98801993900399,33.662175434073404],[-111.99994345395754,33.65995362394016]]]}},{"type":"Feature","properties":{"state":"","county":"PHOENIX","s2_cell":"9740002949832114176","waymo_ro_miles":22588.46833812947,"incremental_miles":6787.757,"vintage_end":"202506","exposure_phase":"deployment"},"geometry":{"type":"Polygon","coordinates":[[[-111.98801993900399,33.662175434073404],[-111.98801993900399,33.65153518569194],[-111.9760963777647,33.65375540027558],[-111.9760963777647,33.66439599336622],[-111.98801993900399,33.662175434073404]]]}},{"type":"Feature","properties":{"state":"","county":"PHOENIX","s2_cell":"9740002984191852544","waymo_ro_miles":18055.468046427683,"incremental_miles":5481.633,"vintage_end":"202506","exposure_phase":"deployment"},"geometry":{"type":"Polygon","coordinates":[[[-111.98801993900399,33.672814513388744],[-111.98801993900399,33.662175434073404],[-111.9760963777647,33.66439599336622],[-111.9760963777647,33.67503541704655],[-111.98801993900399,33.672814513388744]]]}},{"type":"Feature","properties":{"state":"","county":"PHOENIX","s2_cell":"9740003018551590912","waymo_ro_miles":4671.5083252385,"incremental_miles":1335.391,"vintage_end":"202506","exposure_phase":"deployment"},"geometry":{"type":"Polygon","coordinates":[[[-111.9760963777647,33.67503541704655],[-111.9760963777647,33.66439599336622],[-111.96417277175436,33.66661530160541],[-111.96417277175436,33.67725506939285],[-111.9760963777647,33.67503541704655]]]}},{"type":"Feature","properties":{"state":"","county":"PHOENIX","s2_cell":"9740003052911329280","waymo_ro_miles":6005.73006641919,"incremental_miles":1694.751,"vintage_end":"202506","exposure_phase":"deployment"},"geometry":{"type":"Polygon","coordinates":[[[-111.96417277175436,33.67725506939285],[-111.96417277175436,33.66661530160541],[-111.9522491224878,33.66883335857838],[-111.9522491224878,33.67947347021511],[-111.96417277175436,33.67725506939285]]]}},{"type":"Feature","properties":{"state":"","county":"PHOENIX","s2_cell":"9740003087271067648","waymo_ro_miles":12905.444718053112,"incremental_miles":3510.345,"vintage_end":"202506","exposure_phase":"deployment"},"geometry":{"type":"Polygon","coordinates":[[[-111.96417277175436,33.66661530160541],[-111.96417277175436,33.65597436406368],[-111.9522491224878,33.65819207684357],[-111.9522491224878,33.66883335857838],[-111.96417277175436,33.66661530160541]]]}},{"type":"Feature","properties":{"state":"","county":"PHOENIX","s2_cell":"9740003155990544384","waymo_ro_miles":4146.060110639058,"incremental_miles":1275.674,"vintage_end":"202506","exposure_phase":"deployment"},"geometry":{"type":"Polygon","coordinates":[[[-111.9760963777647,33.65375540027558],[-111.9760963777647,33.64311363861761],[-111.96417277175436,33.645332257610605],[-111.96417277175436,33.65597436406368],[-111.9760963777647,33.65375540027558]]]}},{"type":"Feature","properties":{"state":"","county":"PHOENIX","s2_cell":"9740003190350282752","waymo_ro_miles":10164.39388855445,"incremental_miles":3257.92,"vintage_end":"202506","exposure_phase":"deployment"},"geometry":{"type":"Polygon","coordinates":[[[-111.96417277175436,33.65597436406368],[-111.96417277175436,33.645332257610605],[-111.9522491224878,33.64754962585355],[-111.9522491224878,33.65819207684357],[-111.96417277175436,33.65597436406368]]]}},{"type":"Feature","properties":{"state":"","county":"PHOENIX","s2_cell":"9740003224710021120","waymo_ro_miles":24539.58058908905,"incremental_miles":7421.023,"vintage_end":"202506","exposure_phase":"deployment"},"geometry":{"type":"Polygon","coordinates":[[[-111.96417277175436,33.645332257610605],[-111.96417277175436,33.63468898308975],[-111.9522491224878,33.63690600645188],[-111.9522491224878,33.64754962585355],[-111.96417277175436,33.645332257610605]]]}},{"type":"Feature","properties":{"state":"","county":"PHOENIX","s2_cell":"9740003259069759488","waymo_ro_miles":15555.33124393212,"incremental_miles":4699.477,"vintage_end":"202506","exposure_phase":"deployment"},"geometry":{"type":"Polygon","coordinates":[[[-111.9760963777647,33.64311363861761],[-111.9760963777647,33.63247070923592],[-111.96417277175436,33.63468898308975],[-111.96417277175436,33.645332257610605],[-111.9760963777647,33.64311363861761]]]}},{"type":"Feature","properties":{"state":"","county":"PHOENIX","s2_cell":"9740003293429497856","waymo_ro_miles":27504.86346329678,"incremental_miles":7538.895,"vintage_end":"202506","exposure_phase":"deployment"},"geometry":{"type":"Polygon","coordinates":[[[-111.98801993900399,33.64089376908731],[-111.98801993900399,33.630251185103184],[-111.9760963777647,33.63247070923592],[-111.9760963777647,33.64311363861761],[-111.98801993900399,33.64089376908731]]]}},{"type":"Feature","properties":{"state":"","county":"PHOENIX","s2_cell":"9740003327789236224","waymo_ro_miles":24076.350611761794,"incremental_miles":7401.264,"vintage_end":"202506","exposure_phase":"deployment"},"geometry":{"type":"Polygon","coordinates":[[[-111.98801993900399,33.65153518569194],[-111.98801993900399,33.64089376908731],[-111.9760963777647,33.64311363861761],[-111.9760963777647,33.65375540027558],[-111.98801993900399,33.65153518569194]]]}},{"type":"Feature","properties":{"state":"","county":"PHOENIX","s2_cell":"9740003362148974592","waymo_ro_miles":5383.26327777049,"incremental_miles":1507.766,"vintage_end":"202506","exposure_phase":"deployment"},"geometry":{"type":"Polygon","coordinates":[[[-111.99994345395756,33.649313720526],[-111.99994345395754,33.638672649233044],[-111.98801993900399,33.64089376908731],[-111.98801993900399,33.65153518569194],[-111.99994345395756,33.649313720526]]]}},{"type":"Feature","properties":{"state":"","county":"PHOENIX","s2_cell":"9740003396508712960","waymo_ro_miles":4431.427408494839,"incremental_miles":1425.78,"vintage_end":"202506","exposure_phase":"deployment"},"geometry":{"type":"Polygon","coordinates":[[[-111.99994345395754,33.638672649233044],[-111.99994345395756,33.628030410904955],[-111.98801993900399,33.630251185103184],[-111.98801993900399,33.64089376908731],[-111.99994345395754,33.638672649233044]]]}},{"type":"Feature","properties":{"state":"","county":"PHOENIX","s2_cell":"9740003430868451328","waymo_ro_miles":539.2035753115309,"incremental_miles":204.259,"vintage_end":"202506","exposure_phase":"deployment"},"geometry":{"type":"Polygon","coordinates":[[[-112.0118669211109,33.63645027926869],[-112.0118669211109,33.625808386855205],[-111.99994345395756,33.628030410904955],[-111.99994345395754,33.638672649233044],[-112.0118669211109,33.63645027926869]]]}},{"type":"Feature","properties":{"state":"","county":"PHOENIX","s2_cell":"9740003533947666432","waymo_ro_miles":133.75671624800378,"incremental_miles":41.997,"vintage_end":"202506","exposure_phase":"deployment"},"geometry":{"type":"Polygon","coordinates":[[[-112.0118669211109,33.64709100499161],[-112.0118669211109,33.63645027926869],[-111.99994345395754,33.638672649233044],[-111.99994345395756,33.649313720526],[-112.0118669211109,33.64709100499161]]]}},{"type":"Feature","properties":{"state":"","county":"PHOENIX","s2_cell":"9740004152422957056","waymo_ro_miles":3974.6512993299143,"incremental_miles":1711.892,"vintage_end":"202506","exposure_phase":"deployment"},"geometry":{"type":"Polygon","coordinates":[[[-112.0118669211109,33.625808386855205],[-112.0118669211109,33.61516532859548],[-111.99994345395754,33.61738700638604],[-111.99994345395756,33.628030410904955],[-112.0118669211109,33.625808386855205]]]}},{"type":"Feature","properties":{"state":"","county":"PHOENIX","s2_cell":"9740004186782695424","waymo_ro_miles":3792.644741007921,"incremental_miles":1569.777,"vintage_end":"202506","exposure_phase":"deployment"},"geometry":{"type":"Polygon","coordinates":[[[-112.0118669211109,33.61516532859548],[-112.0118669211109,33.60452110533452],[-111.99994345395754,33.60674243652129],[-111.99994345395754,33.61738700638604],[-112.0118669211109,33.61516532859548]]]}},{"type":"Feature","properties":{"state":"","county":"PHOENIX","s2_cell":"9740004289861910528","waymo_ro_miles":3053.391564234245,"incremental_miles":1248.719,"vintage_end":"202506","exposure_phase":"deployment"},"geometry":{"type":"Polygon","coordinates":[[[-112.0118669211109,33.60452110533452],[-112.0118669211109,33.59387571791797],[-111.99994345395754,33.59609670215631],[-111.99994345395754,33.60674243652129],[-112.0118669211109,33.60452110533452]]]}},{"type":"Feature","properties":{"state":"","county":"PHOENIX","s2_cell":"9740004324221648896","waymo_ro_miles":3835.53693407619,"incremental_miles":1311.562,"vintage_end":"202506","exposure_phase":"deployment"},"geometry":{"type":"Polygon","coordinates":[[[-112.0118669211109,33.59387571791797],[-112.0118669211109,33.58322916719214],[-111.99994345395754,33.5854498041374],[-111.99994345395754,33.59609670215631],[-112.0118669211109,33.59387571791797]]]}},{"type":"Feature","properties":{"state":"","county":"PHOENIX","s2_cell":"9740004564739817472","waymo_ro_miles":201.75030021762916,"incremental_miles":132.027,"vintage_end":"202506","exposure_phase":"deployment"},"geometry":{"type":"Polygon","coordinates":[[[-112.03571370595999,33.578784147714806],[-112.03571370595999,33.56813713058071],[-112.02379033894974,33.57035991635523],[-112.02379033894974,33.58100728164613],[-112.03571370595999,33.578784147714806]]]}},{"type":"Feature","properties":{"state":"","county":"PHOENIX","s2_cell":"9740004633459294208","waymo_ro_miles":671.8756756602631,"incremental_miles":415.564,"vintage_end":"202506","exposure_phase":"deployment"},"geometry":{"type":"Polygon","coordinates":[[[-112.04763702062775,33.56591309689649],[-112.04763702062775,33.55526526759928],[-112.03571370595999,33.55748895252185],[-112.03571370595999,33.56813713058071],[-112.04763702062775,33.56591309689649]]]}},{"type":"Feature","properties":{"state":"","county":"PHOENIX","s2_cell":"9740004667819032576","waymo_ro_miles":7958.476786686575,"incremental_miles":2582.632,"vintage_end":"202506","exposure_phase":"deployment"},"geometry":{"type":"Polygon","coordinates":[[[-112.04763702062775,33.55526526759928],[-112.04763702062775,33.54461627857087],[-112.03571370595999,33.54683961438655],[-112.03571370595999,33.55748895252185],[-112.04763702062775,33.55526526759928]]]}},{"type":"Feature","properties":{"state":"","county":"PHOENIX","s2_cell":"9740004702178770944","waymo_ro_miles":44829.83270193877,"incremental_miles":13152.25,"vintage_end":"202506","exposure_phase":"deployment"},"geometry":{"type":"Polygon","coordinates":[[[-112.04763702062775,33.54461627857087],[-112.04763702062775,33.533966130660254],[-112.03571370595999,33.536189117023774],[-112.03571370595999,33.54683961438655],[-112.04763702062775,33.54461627857087]]]}},{"type":"Feature","properties":{"state":"","county":"PHOENIX","s2_cell":"9740004736538509312","waymo_ro_miles":11578.199047858367,"incremental_miles":3050.499,"vintage_end":"202506","exposure_phase":"deployment"},"geometry":{"type":"Polygon","coordinates":[[[-112.03571370595999,33.54683961438655],[-112.03571370595999,33.536189117023774],[-112.02379033894974,33.53841085625749],[-112.02379033894974,33.54906170281229],[-112.03571370595999,33.54683961438655]]]}},{"type":"Feature","properties":{"state":"","county":"PHOENIX","s2_cell":"9740005011416416256","waymo_ro_miles":1368.5940497714707,"incremental_miles":764.222,"vintage_end":"202506","exposure_phase":"deployment"},"geometry":{"type":"Polygon","coordinates":[[[-112.02379033894974,33.58100728164613],[-112.02379033894974,33.57035991635523],[-112.0118669211109,33.57258145400399],[-112.0118669211109,33.58322916719214],[-112.02379033894974,33.58100728164613]]]}},{"type":"Feature","properties":{"state":"","county":"PHOENIX","s2_cell":"9740005045776154624","waymo_ro_miles":7552.246310032287,"incremental_miles":2467.159,"vintage_end":"202506","exposure_phase":"deployment"},"geometry":{"type":"Polygon","coordinates":[[[-112.0118669211109,33.58322916719214],[-112.0118669211109,33.57258145400399],[-111.99994345395754,33.57480174331149],[-111.99994345395754,33.5854498041374],[-112.0118669211109,33.58322916719214]]]}},{"type":"Feature","properties":{"state":"","county":"PHOENIX","s2_cell":"9740005080135892992","waymo_ro_miles":11090.993261403557,"incremental_miles":3260.537,"vintage_end":"202506","exposure_phase":"deployment"},"geometry":{"type":"Polygon","coordinates":[[[-111.99994345395754,33.5854498041374],[-111.99994345395754,33.57480174331149],[-111.98801993900399,33.57702078406282],[-111.98801993900399,33.58766919226708],[-111.99994345395754,33.5854498041374]]]}},{"type":"Feature","properties":{"state":"","county":"PHOENIX","s2_cell":"9740005114495631360","waymo_ro_miles":66510.34537534436,"incremental_miles":20504.248,"vintage_end":"202506","exposure_phase":"deployment"},"geometry":{"type":"Polygon","coordinates":[[[-111.98801993900399,33.58766919226708],[-111.98801993900399,33.57702078406282],[-111.9760963777647,33.57923857604363],[-111.9760963777647,33.5898873313669],[-111.98801993900399,33.58766919226708]]]}},{"type":"Feature","properties":{"state":"","county":"PHOENIX","s2_cell":"9740005148855369728","waymo_ro_miles":62655.24730883813,"incremental_miles":20615.844,"vintage_end":"202506","exposure_phase":"deployment"},"geometry":{"type":"Polygon","coordinates":[[[-111.98801993900399,33.57702078406282],[-111.98801993900399,33.56637121355462],[-111.9760963777647,33.568588658072045],[-111.9760963777647,33.57923857604363],[-111.98801993900399,33.57702078406282]]]}},{"type":"Feature","properties":{"state":"","county":"PHOENIX","s2_cell":"9740005320654061568","waymo_ro_miles":51608.4340570861,"incremental_miles":17272.045,"vintage_end":"202506","exposure_phase":"deployment"},"geometry":{"type":"Polygon","coordinates":[[[-111.98801993900399,33.56637121355462],[-111.98801993900399,33.5557204815907],[-111.9760963777647,33.557937578300354],[-111.9760963777647,33.568588658072045],[-111.98801993900399,33.56637121355462]]]}},{"type":"Feature","properties":{"state":"","county":"PHOENIX","s2_cell":"9740005389373538304","waymo_ro_miles":76137.13644203357,"incremental_miles":24690.405,"vintage_end":"202506","exposure_phase":"deployment"},"geometry":{"type":"Polygon","coordinates":[[[-111.9760963777647,33.557937578300354],[-111.9760963777647,33.54728533757743],[-111.96417277175436,33.54950083792946],[-111.96417277175436,33.560153426544794],[-111.9760963777647,33.557937578300354]]]}},{"type":"Feature","properties":{"state":"","county":"PHOENIX","s2_cell":"9740005423733276672","waymo_ro_miles":2148.7552095435453,"incremental_miles":697.519,"vintage_end":"202506","exposure_phase":"deployment"},"geometry":{"type":"Polygon","coordinates":[[[-111.96417277175436,33.560153426544794],[-111.96417277175436,33.54950083792946],[-111.9522491224878,33.55171508986264],[-111.9522491224878,33.56236802611068],[-111.96417277175436,33.560153426544794]]]}},{"type":"Feature","properties":{"state":"","county":"PHOENIX","s2_cell":"9740005458093015040","waymo_ro_miles":4787.935389949526,"incremental_miles":2020.386,"vintage_end":"202506","exposure_phase":"deployment"},"geometry":{"type":"Polygon","coordinates":[[[-111.96417277175436,33.57080485386464],[-111.96417277175436,33.560153426544794],[-111.9522491224878,33.56236802611068],[-111.9522491224878,33.57301980071915],[-111.96417277175436,33.57080485386464]]]}},{"type":"Feature","properties":{"state":"","county":"PHOENIX","s2_cell":"9740005492452753408","waymo_ro_miles":14371.87081759579,"incremental_miles":4895.934,"vintage_end":"202506","exposure_phase":"deployment"},"geometry":{"type":"Polygon","coordinates":[[[-111.96417277175436,33.581455119040164],[-111.96417277175436,33.57080485386464],[-111.9522491224878,33.57301980071915],[-111.9522491224878,33.58367041283927],[-111.96417277175436,33.581455119040164]]]}},{"type":"Feature","properties":{"state":"","county":"PHOENIX","s2_cell":"9740005526812491776","waymo_ro_miles":3364.361291451031,"incremental_miles":916.734,"vintage_end":"202506","exposure_phase":"deployment"},"geometry":{"type":"Polygon","coordinates":[[[-111.9760963777647,33.57923857604363],[-111.9760963777647,33.568588658072045],[-111.96417277175436,33.57080485386464],[-111.96417277175436,33.581455119040164],[-111.9760963777647,33.57923857604363]]]}},{"type":"Feature","properties":{"state":"","county":"PHOENIX","s2_cell":"9740005561172230144","waymo_ro_miles":28636.70004286075,"incremental_miles":9840.317,"vintage_end":"202506","exposure_phase":"deployment"},"geometry":{"type":"Polygon","coordinates":[[[-111.9760963777647,33.5898873313669],[-111.9760963777647,33.57923857604363],[-111.96417277175436,33.581455119040164],[-111.96417277175436,33.5921042212232],[-111.9760963777647,33.5898873313669]]]}},{"type":"Feature","properties":{"state":"","county":"PHOENIX","s2_cell":"9740005595531968512","waymo_ro_miles":22417.58338905818,"incremental_miles":7634.422,"vintage_end":"202506","exposure_phase":"deployment"},"geometry":{"type":"Polygon","coordinates":[[[-111.96417277175436,33.5921042212232],[-111.96417277175436,33.581455119040164],[-111.9522491224878,33.58367041283927],[-111.9522491224878,33.59431986162284],[-111.96417277175436,33.5921042212232]]]}},{"type":"Feature","properties":{"state":"","county":"PHOENIX","s2_cell":"9740005629891706880","waymo_ro_miles":26752.466389726043,"incremental_miles":9176.527,"vintage_end":"202506","exposure_phase":"deployment"},"geometry":{"type":"Polygon","coordinates":[[[-111.96417277175436,33.60275215956621],[-111.96417277175436,33.5921042212232],[-111.9522491224878,33.59431986162284],[-111.9522491224878,33.60496814622241],[-111.96417277175436,33.60275215956621]]]}},{"type":"Feature","properties":{"state":"","county":"PHOENIX","s2_cell":"9740005664251445248","waymo_ro_miles":15469.915058599905,"incremental_miles":5195.084,"vintage_end":"202506","exposure_phase":"deployment"},"geometry":{"type":"Polygon","coordinates":[[[-111.96417277175436,33.61339893322233],[-111.96417277175436,33.60275215956621],[-111.9522491224878,33.60496814622241],[-111.9522491224878,33.615615265791114],[-111.96417277175436,33.61339893322233]]]}},{"type":"Feature","properties":{"state":"","county":"PHOENIX","s2_cell":"9740005698611183616","waymo_ro_miles":9037.767914567978,"incremental_miles":3472.03,"vintage_end":"202506","exposure_phase":"deployment"},"geometry":{"type":"Polygon","coordinates":[[[-111.9760963777647,33.611181350679026],[-111.9760963777647,33.60053492319433],[-111.96417277175436,33.60275215956621],[-111.96417277175436,33.61339893322233],[-111.9760963777647,33.611181350679026]]]}},{"type":"Feature","properties":{"state":"","county":"PHOENIX","s2_cell":"9740005732970921984","waymo_ro_miles":19418.55892846675,"incremental_miles":6967.849,"vintage_end":"202506","exposure_phase":"deployment"},"geometry":{"type":"Polygon","coordinates":[[[-111.9760963777647,33.60053492319433],[-111.9760963777647,33.5898873313669],[-111.96417277175436,33.5921042212232],[-111.96417277175436,33.60275215956621],[-111.9760963777647,33.60053492319433]]]}},{"type":"Feature","properties":{"state":"","county":"PHOENIX","s2_cell":"9740005767330660352","waymo_ro_miles":52913.83744084265,"incremental_miles":16121.341,"vintage_end":"202506","exposure_phase":"deployment"},"geometry":{"type":"Polygon","coordinates":[[[-111.98801993900399,33.59831643731984],[-111.98801993900399,33.58766919226708],[-111.9760963777647,33.5898873313669],[-111.9760963777647,33.60053492319433],[-111.98801993900399,33.59831643731984]]]}},{"type":"Feature","properties":{"state":"","county":"PHOENIX","s2_cell":"9740005801690398720","waymo_ro_miles":6156.937891575658,"incremental_miles":1856.727,"vintage_end":"202506","exposure_phase":"deployment"},"geometry":{"type":"Polygon","coordinates":[[[-111.99994345395754,33.59609670215631],[-111.99994345395754,33.5854498041374],[-111.98801993900399,33.58766919226708],[-111.98801993900399,33.59831643731984],[-111.99994345395754,33.59609670215631]]]}},{"type":"Feature","properties":{"state":"","county":"PHOENIX","s2_cell":"9740005836050137088","waymo_ro_miles":12073.09250990223,"incremental_miles":3773.156,"vintage_end":"202506","exposure_phase":"deployment"},"geometry":{"type":"Polygon","coordinates":[[[-111.99994345395754,33.60674243652129],[-111.99994345395754,33.59609670215631],[-111.98801993900399,33.59831643731984],[-111.98801993900399,33.60896251837416],[-111.99994345395754,33.60674243652129]]]}},{"type":"Feature","properties":{"state":"","county":"PHOENIX","s2_cell":"9740005870409875456","waymo_ro_miles":40802.24976218552,"incremental_miles":11601.971,"vintage_end":"202506","exposure_phase":"deployment"},"geometry":{"type":"Polygon","coordinates":[[[-111.98801993900399,33.60896251837416],[-111.98801993900399,33.59831643731984],[-111.9760963777647,33.60053492319433],[-111.9760963777647,33.611181350679026],[-111.98801993900399,33.60896251837416]]]}},{"type":"Feature","properties":{"state":"","county":"PHOENIX","s2_cell":"9740005904769613824","waymo_ro_miles":35866.219143587965,"incremental_miles":10332.204,"vintage_end":"202506","exposure_phase":"deployment"},"geometry":{"type":"Polygon","coordinates":[[[-111.98801993900399,33.61960743458381],[-111.98801993900399,33.60896251837416],[-111.9760963777647,33.611181350679026],[-111.9760963777647,33.62182661297474],[-111.98801993900399,33.61960743458381]]]}},{"type":"Feature","properties":{"state":"","county":"PHOENIX","s2_cell":"9740005939129352192","waymo_ro_miles":9524.58771787022,"incremental_miles":3428.022,"vintage_end":"202506","exposure_phase":"deployment"},"geometry":{"type":"Polygon","coordinates":[[[-111.99994345395754,33.61738700638604],[-111.99994345395754,33.60674243652129],[-111.98801993900399,33.60896251837416],[-111.98801993900399,33.61960743458381],[-111.99994345395754,33.61738700638604]]]}},{"type":"Feature","properties":{"state":"","county":"PHOENIX","s2_cell":"9740005973489090560","waymo_ro_miles":6840.42608891248,"incremental_miles":2380.177,"vintage_end":"202506","exposure_phase":"deployment"},"geometry":{"type":"Polygon","coordinates":[[[-111.99994345395756,33.628030410904955],[-111.99994345395754,33.61738700638604],[-111.98801993900399,33.61960743458381],[-111.98801993900399,33.630251185103184],[-111.99994345395756,33.628030410904955]]]}},{"type":"Feature","properties":{"state":"","county":"PHOENIX","s2_cell":"9740006007848828928","waymo_ro_miles":30686.84787446939,"incremental_miles":8644.889,"vintage_end":"202506","exposure_phase":"deployment"},"geometry":{"type":"Polygon","coordinates":[[[-111.98801993900399,33.630251185103184],[-111.98801993900399,33.61960743458381],[-111.9760963777647,33.62182661297474],[-111.9760963777647,33.63247070923592],[-111.98801993900399,33.630251185103184]]]}},{"type":"Feature","properties":{"state":"","county":"PHOENIX","s2_cell":"9740006042208567296","waymo_ro_miles":10218.028754484754,"incremental_miles":2754.582,"vintage_end":"202506","exposure_phase":"deployment"},"geometry":{"type":"Polygon","coordinates":[[[-111.9760963777647,33.63247070923592],[-111.9760963777647,33.62182661297474],[-111.96417277175436,33.62404454134536],[-111.96417277175436,33.63468898308975],[-111.9760963777647,33.63247070923592]]]}},{"type":"Feature","properties":{"state":"","county":"PHOENIX","s2_cell":"9740006076568305664","waymo_ro_miles":4470.546124126976,"incremental_miles":1541.942,"vintage_end":"202506","exposure_phase":"deployment"},"geometry":{"type":"Polygon","coordinates":[[[-111.9760963777647,33.62182661297474],[-111.9760963777647,33.611181350679026],[-111.96417277175436,33.61339893322233],[-111.96417277175436,33.62404454134536],[-111.9760963777647,33.62182661297474]]]}},{"type":"Feature","properties":{"state":"","county":"PHOENIX","s2_cell":"9740006110928044032","waymo_ro_miles":10347.280472272048,"incremental_miles":3122.781,"vintage_end":"202506","exposure_phase":"deployment"},"geometry":{"type":"Polygon","coordinates":[[[-111.96417277175436,33.62404454134536],[-111.96417277175436,33.61339893322233],[-111.9522491224878,33.615615265791114],[-111.9522491224878,33.626261219482785],[-111.96417277175436,33.62404454134536]]]}},{"type":"Feature","properties":{"state":"","county":"PHOENIX","s2_cell":"9740006145287782400","waymo_ro_miles":15979.841855344748,"incremental_miles":4450.673,"vintage_end":"202506","exposure_phase":"deployment"},"geometry":{"type":"Polygon","coordinates":[[[-111.96417277175436,33.63468898308975],[-111.96417277175436,33.62404454134536],[-111.9522491224878,33.626261219482785],[-111.9522491224878,33.63690600645188],[-111.96417277175436,33.63468898308975]]]}},{"type":"Feature","properties":{"state":"","county":"PHOENIX","s2_cell":"9740006179647520768","waymo_ro_miles":11722.090873464422,"incremental_miles":3657.161,"vintage_end":"202506","exposure_phase":"deployment"},"geometry":{"type":"Polygon","coordinates":[[[-111.9522491224878,33.63690600645188],[-111.9522491224878,33.626261219482785],[-111.94032543148008,33.628476647174686],[-111.94032543148008,33.63912177911006],[-111.9522491224878,33.63690600645188]]]}},{"type":"Feature","properties":{"state":"","county":"PHOENIX","s2_cell":"9740006214007259136","waymo_ro_miles":25878.734871825993,"incremental_miles":7096.651,"vintage_end":"202506","exposure_phase":"deployment"},"geometry":{"type":"Polygon","coordinates":[[[-111.9522491224878,33.626261219482785],[-111.9522491224878,33.615615265791114],[-111.94032543148008,33.617830348172994],[-111.94032543148008,33.628476647174686],[-111.9522491224878,33.626261219482785]]]}},{"type":"Feature","properties":{"state":"","county":"PHOENIX","s2_cell":"9740006248366997504","waymo_ro_miles":28033.953188898366,"incremental_miles":8660.272,"vintage_end":"202506","exposure_phase":"deployment"},"geometry":{"type":"Polygon","coordinates":[[[-111.94032543148008,33.628476647174686],[-111.94032543148008,33.617830348172994],[-111.92840170024643,33.62004418015616],[-111.92840170024643,33.630690824209346],[-111.94032543148008,33.628476647174686]]]}},{"type":"Feature","properties":{"state":"","county":"PHOENIX","s2_cell":"9740006282726735872","waymo_ro_miles":12771.00613360574,"incremental_miles":3930.696,"vintage_end":"202506","exposure_phase":"deployment"},"geometry":{"type":"Polygon","coordinates":[[[-111.94032543148008,33.63912177911006],[-111.94032543148008,33.628476647174686],[-111.92840170024643,33.630690824209346],[-111.92840170024643,33.641336300852636],[-111.94032543148008,33.63912177911006]]]}},{"type":"Feature","properties":{"state":"","county":"PHOENIX","s2_cell":"9740006317086474240","waymo_ro_miles":53093.79173679295,"incremental_miles":17047.601,"vintage_end":"202506","exposure_phase":"deployment"},"geometry":{"type":"Polygon","coordinates":[[[-111.92840170024643,33.641336300852636],[-111.92840170024643,33.630690824209346],[-111.91647793030225,33.63290375037561],[-111.91647793030225,33.64354957146851],[-111.92840170024643,33.641336300852636]]]}},{"type":"Feature","properties":{"state":"","county":"PHOENIX","s2_cell":"9740006351446212608","waymo_ro_miles":16904.483243933144,"incremental_miles":6083.901,"vintage_end":"202506","exposure_phase":"deployment"},"geometry":{"type":"Polygon","coordinates":[[[-111.91647793030225,33.64354957146851],[-111.91647793030225,33.63290375037561],[-111.90455412316315,33.63511542546289],[-111.90455412316315,33.6457615907472],[-111.91647793030225,33.64354957146851]]]}},{"type":"Feature","properties":{"state":"","county":"PHOENIX","s2_cell":"9740006385805950976","waymo_ro_miles":20499.988704875203,"incremental_miles":4478.929,"vintage_end":"202506","exposure_phase":"deployment"},"geometry":{"type":"Polygon","coordinates":[[[-111.91647793030225,33.63290375037561],[-111.91647793030225,33.6222567615294],[-111.90455412316315,33.62446809208204],[-111.90455412316315,33.63511542546289],[-111.91647793030225,33.63290375037561]]]}},{"type":"Feature","properties":{"state":"","county":"PHOENIX","s2_cell":"9740006420165689344","waymo_ro_miles":77741.6268828377,"incremental_miles":25025.899,"vintage_end":"202506","exposure_phase":"deployment"},"geometry":{"type":"Polygon","coordinates":[[[-111.92840170024643,33.630690824209346],[-111.92840170024643,33.62004418015616],[-111.91647793030225,33.6222567615294],[-111.91647793030225,33.63290375037561],[-111.92840170024643,33.630690824209346]]]}},{"type":"Feature","properties":{"state":"","county":"PHOENIX","s2_cell":"9740006454525427712","waymo_ro_miles":62440.09532876265,"incremental_miles":22497.969,"vintage_end":"202506","exposure_phase":"deployment"},"geometry":{"type":"Polygon","coordinates":[[[-111.92840170024643,33.62004418015616],[-111.92840170024643,33.60939636953856],[-111.91647793030225,33.611608605775324],[-111.91647793030225,33.6222567615294],[-111.92840170024643,33.62004418015616]]]}},{"type":"Feature","properties":{"state":"","county":"PHOENIX","s2_cell":"9740006488885166080","waymo_ro_miles":40413.06652508122,"incremental_miles":10471.258,"vintage_end":"202506","exposure_phase":"deployment"},"geometry":{"type":"Polygon","coordinates":[[[-111.91647793030225,33.6222567615294],[-111.91647793030225,33.611608605775324],[-111.90455412316315,33.613819591450074],[-111.90455412316315,33.62446809208204],[-111.91647793030225,33.6222567615294]]]}},{"type":"Feature","properties":{"state":"","county":"PHOENIX","s2_cell":"9740006523244904448","waymo_ro_miles":35178.178380663085,"incremental_miles":8617.12,"vintage_end":"202506","exposure_phase":"deployment"},"geometry":{"type":"Polygon","coordinates":[[[-111.91647793030225,33.611608605775324],[-111.91647793030225,33.600959283959504],[-111.90455412316315,33.60316992441306],[-111.90455412316315,33.613819591450074],[-111.91647793030225,33.611608605775324]]]}},{"type":"Feature","properties":{"state":"","county":"PHOENIX","s2_cell":"9740006557604642816","waymo_ro_miles":56506.26677151387,"incremental_miles":19735.872,"vintage_end":"202506","exposure_phase":"deployment"},"geometry":{"type":"Polygon","coordinates":[[[-111.92840170024643,33.60939636953856],[-111.92840170024643,33.59874739320265],[-111.91647793030225,33.600959283959504],[-111.91647793030225,33.611608605775324],[-111.92840170024643,33.60939636953856]]]}},{"type":"Feature","properties":{"state":"","county":"PHOENIX","s2_cell":"9740006591964381184","waymo_ro_miles":6573.519921638539,"incremental_miles":2220.61,"vintage_end":"202506","exposure_phase":"deployment"},"geometry":{"type":"Polygon","coordinates":[[[-111.94032543148008,33.60718288295048],[-111.94032543148008,33.596534252353315],[-111.92840170024643,33.59874739320265],[-111.92840170024643,33.60939636953856],[-111.94032543148008,33.60718288295048]]]}},{"type":"Feature","properties":{"state":"","county":"PHOENIX","s2_cell":"9740006626324119552","waymo_ro_miles":8708.019380270187,"incremental_miles":2553.292,"vintage_end":"202506","exposure_phase":"deployment"},"geometry":{"type":"Polygon","coordinates":[[[-111.94032543148008,33.617830348172994],[-111.94032543148008,33.60718288295048],[-111.92840170024643,33.60939636953856],[-111.92840170024643,33.62004418015616],[-111.94032543148008,33.617830348172994]]]}},{"type":"Feature","properties":{"state":"","county":"PHOENIX","s2_cell":"9740006660683857920","waymo_ro_miles":21146.238085275207,"incremental_miles":6451.976,"vintage_end":"202506","exposure_phase":"deployment"},"geometry":{"type":"Polygon","coordinates":[[[-111.9522491224878,33.615615265791114],[-111.9522491224878,33.60496814622241],[-111.94032543148008,33.60718288295048],[-111.94032543148008,33.617830348172994],[-111.9522491224878,33.615615265791114]]]}},{"type":"Feature","properties":{"state":"","county":"PHOENIX","s2_cell":"9740006695043596288","waymo_ro_miles":33747.84034070065,"incremental_miles":10600.693,"vintage_end":"202506","exposure_phase":"deployment"},"geometry":{"type":"Polygon","coordinates":[[[-111.9522491224878,33.60496814622241],[-111.9522491224878,33.59431986162284],[-111.94032543148008,33.596534252353315],[-111.94032543148008,33.60718288295048],[-111.9522491224878,33.60496814622241]]]}},{"type":"Feature","properties":{"state":"","county":"PHOENIX","s2_cell":"9740006763763073024","waymo_ro_miles":21532.069861521344,"incremental_miles":6727.067,"vintage_end":"202506","exposure_phase":"deployment"},"geometry":{"type":"Polygon","coordinates":[[[-111.94032543148008,33.596534252353315],[-111.94032543148008,33.585884457228296],[-111.92840170024643,33.588097251995265],[-111.92840170024643,33.59874739320265],[-111.94032543148008,33.596534252353315]]]}},{"type":"Feature","properties":{"state":"","county":"PHOENIX","s2_cell":"9740006798122811392","waymo_ro_miles":34449.810507469374,"incremental_miles":11173.338,"vintage_end":"202506","exposure_phase":"deployment"},"geometry":{"type":"Polygon","coordinates":[[[-111.94032543148008,33.585884457228296],[-111.94032543148008,33.575233498422904],[-111.92840170024643,33.5774459467638],[-111.92840170024643,33.588097251995265],[-111.94032543148008,33.585884457228296]]]}},{"type":"Feature","properties":{"state":"","county":"PHOENIX","s2_cell":"9740006832482549760","waymo_ro_miles":36393.200752347046,"incremental_miles":11847.126,"vintage_end":"202506","exposure_phase":"deployment"},"geometry":{"type":"Polygon","coordinates":[[[-111.9522491224878,33.58367041283927],[-111.9522491224878,33.57301980071915],[-111.94032543148008,33.575233498422904],[-111.94032543148008,33.585884457228296],[-111.9522491224878,33.58367041283927]]]}},{"type":"Feature","properties":{"state":"","county":"PHOENIX","s2_cell":"9740006866842288128","waymo_ro_miles":13464.783620623426,"incremental_miles":4501.665,"vintage_end":"202506","exposure_phase":"deployment"},"geometry":{"type":"Polygon","coordinates":[[[-111.9522491224878,33.57301980071915],[-111.9522491224878,33.56236802611068],[-111.94032543148008,33.56458137678526],[-111.94032543148008,33.575233498422904],[-111.9522491224878,33.57301980071915]]]}},{"type":"Feature","properties":{"state":"","county":"PHOENIX","s2_cell":"9740006901202026496","waymo_ro_miles":8577.80111384003,"incremental_miles":2417.285,"vintage_end":"202506","exposure_phase":"deployment"},"geometry":{"type":"Polygon","coordinates":[[[-111.9522491224878,33.56236802611068],[-111.9522491224878,33.55171508986264],[-111.94032543148008,33.55392809316416],[-111.94032543148008,33.56458137678526],[-111.9522491224878,33.56236802611068]]]}},{"type":"Feature","properties":{"state":"","county":"PHOENIX","s2_cell":"9740006969921503232","waymo_ro_miles":10124.32416733938,"incremental_miles":3645.087,"vintage_end":"202506","exposure_phase":"deployment"},"geometry":{"type":"Polygon","coordinates":[[[-111.94032543148008,33.575233498422904],[-111.94032543148008,33.56458137678526],[-111.92840170024643,33.56679347835639],[-111.92840170024643,33.5774459467638],[-111.94032543148008,33.575233498422904]]]}},{"type":"Feature","properties":{"state":"","county":"PHOENIX","s2_cell":"9740007004281241600","waymo_ro_miles":67776.24388656655,"incremental_miles":19743.498,"vintage_end":"202506","exposure_phase":"deployment"},"geometry":{"type":"Polygon","coordinates":[[[-111.92840170024643,33.5774459467638],[-111.92840170024643,33.56679347835639],[-111.91647793030225,33.56900433061246],[-111.91647793030225,33.57965714553032],[-111.92840170024643,33.5774459467638]]]}},{"type":"Feature","properties":{"state":"","county":"PHOENIX","s2_cell":"9740007038640979968","waymo_ro_miles":81574.02747287447,"incremental_miles":22738.837,"vintage_end":"202506","exposure_phase":"deployment"},"geometry":{"type":"Polygon","coordinates":[[[-111.92840170024643,33.56679347835639],[-111.92840170024643,33.55613984762178],[-111.91647793030225,33.55835035302383],[-111.91647793030225,33.56900433061246],[-111.92840170024643,33.56679347835639]]]}},{"type":"Feature","properties":{"state":"","county":"PHOENIX","s2_cell":"9740007073000718336","waymo_ro_miles":9594.77558528504,"incremental_miles":2622.768,"vintage_end":"202506","exposure_phase":"deployment"},"geometry":{"type":"Polygon","coordinates":[[[-111.91647793030225,33.56900433061246],[-111.91647793030225,33.55835035302383],[-111.90455412316315,33.56055960915925],[-111.90455412316315,33.57121393334246],[-111.91647793030225,33.56900433061246]]]}},{"type":"Feature","properties":{"state":"","county":"PHOENIX","s2_cell":"9740007107360456704","waymo_ro_miles":65680.04697260205,"incremental_miles":20498.484,"vintage_end":"202506","exposure_phase":"deployment"},"geometry":{"type":"Polygon","coordinates":[[[-111.91647793030225,33.57965714553032],[-111.91647793030225,33.56900433061246],[-111.90455412316315,33.57121393334246],[-111.90455412316315,33.58186709451153],[-111.91647793030225,33.57965714553032]]]}},{"type":"Feature","properties":{"state":"","county":"PHOENIX","s2_cell":"9740007141720195072","waymo_ro_miles":63965.97884837911,"incremental_miles":18620.56,"vintage_end":"202506","exposure_phase":"deployment"},"geometry":{"type":"Polygon","coordinates":[[[-111.91647793030225,33.590308796928696],[-111.91647793030225,33.57965714553032],[-111.90455412316315,33.58186709451153],[-111.90455412316315,33.59251909181775],[-111.91647793030225,33.590308796928696]]]}},{"type":"Feature","properties":{"state":"","county":"PHOENIX","s2_cell":"9740007176079933440","waymo_ro_miles":71883.66233929712,"incremental_miles":21350.101,"vintage_end":"202506","exposure_phase":"deployment"},"geometry":{"type":"Polygon","coordinates":[[[-111.92840170024643,33.588097251995265],[-111.92840170024643,33.5774459467638],[-111.91647793030225,33.57965714553032],[-111.91647793030225,33.590308796928696],[-111.92840170024643,33.588097251995265]]]}},{"type":"Feature","properties":{"state":"","county":"PHOENIX","s2_cell":"9740007210439671808","waymo_ro_miles":74359.53388086143,"incremental_miles":23493.416,"vintage_end":"202506","exposure_phase":"deployment"},"geometry":{"type":"Polygon","coordinates":[[[-111.92840170024643,33.59874739320265],[-111.92840170024643,33.588097251995265],[-111.91647793030225,33.590308796928696],[-111.91647793030225,33.600959283959504],[-111.92840170024643,33.59874739320265]]]}},{"type":"Feature","properties":{"state":"","county":"PHOENIX","s2_cell":"9740007244799410176","waymo_ro_miles":59466.8771572826,"incremental_miles":16964.22,"vintage_end":"202506","exposure_phase":"deployment"},"geometry":{"type":"Polygon","coordinates":[[[-111.91647793030225,33.600959283959504],[-111.91647793030225,33.590308796928696],[-111.90455412316315,33.59251909181775],[-111.90455412316315,33.60316992441306],[-111.91647793030225,33.600959283959504]]]}},{"type":"Feature","properties":{"state":"","county":"PHOENIX","s2_cell":"9740007279159148544","waymo_ro_miles":4391.4354955483095,"incremental_miles":1231.774,"vintage_end":"202506","exposure_phase":"deployment"},"geometry":{"type":"Polygon","coordinates":[[[-111.90455412316315,33.60316992441306],[-111.90455412316315,33.59251909181775],[-111.89263028034495,33.594728136452126],[-111.89263028034495,33.60537931435311],[-111.90455412316315,33.60316992441306]]]}},{"type":"Feature","properties":{"state":"","county":"PHOENIX","s2_cell":"9740007313518886912","waymo_ro_miles":348.19290996393397,"incremental_miles":87.358,"vintage_end":"202506","exposure_phase":"deployment"},"geometry":{"type":"Polygon","coordinates":[[[-111.89263028034495,33.60537931435311],[-111.89263028034495,33.594728136452126],[-111.88070640336356,33.59693593062213],[-111.88070640336356,33.60758745357004],[-111.89263028034495,33.60537931435311]]]}},{"type":"Feature","properties":{"state":"","county":"PHOENIX","s2_cell":"9740007347878625280","waymo_ro_miles":36.820878727735,"incremental_miles":11.383,"vintage_end":"202506","exposure_phase":"deployment"},"geometry":{"type":"Polygon","coordinates":[[[-111.89263028034495,33.594728136452126],[-111.89263028034495,33.58407579349707],[-111.88070640336356,33.58628324227716],[-111.88070640336356,33.59693593062213],[-111.89263028034495,33.594728136452126]]]}},{"type":"Feature","properties":{"state":"","county":"PHOENIX","s2_cell":"9740007382238363648","waymo_ro_miles":2926.4915004912814,"incremental_miles":893.872,"vintage_end":"202506","exposure_phase":"deployment"},"geometry":{"type":"Polygon","coordinates":[[[-111.90455412316315,33.59251909181775],[-111.90455412316315,33.58186709451153],[-111.89263028034495,33.58407579349707],[-111.89263028034495,33.594728136452126],[-111.90455412316315,33.59251909181775]]]}},{"type":"Feature","properties":{"state":"","county":"PHOENIX","s2_cell":"9740007416598102016","waymo_ro_miles":15173.623803438299,"incremental_miles":4942.762,"vintage_end":"202506","exposure_phase":"deployment"},"geometry":{"type":"Polygon","coordinates":[[[-111.90455412316315,33.58186709451153],[-111.90455412316315,33.57121393334246],[-111.89263028034495,33.57342228633597],[-111.89263028034495,33.58407579349707],[-111.90455412316315,33.58186709451153]]]}},{"type":"Feature","properties":{"state":"","county":"PHOENIX","s2_cell":"9740007450957840384","waymo_ro_miles":68132.89019069723,"incremental_miles":21264.348,"vintage_end":"202506","exposure_phase":"deployment"},"geometry":{"type":"Polygon","coordinates":[[[-111.90455412316315,33.57121393334246],[-111.90455412316315,33.56055960915925],[-111.89263028034495,33.562767615817506],[-111.89263028034495,33.57342228633597],[-111.90455412316315,33.57121393334246]]]}},{"type":"Feature","properties":{"state":"","county":"PHOENIX","s2_cell":"9740007485317578752","waymo_ro_miles":5836.555553927023,"incremental_miles":1163.774,"vintage_end":"202506","exposure_phase":"deployment"},"geometry":{"type":"Polygon","coordinates":[[[-111.89263028034495,33.57342228633597],[-111.89263028034495,33.562767615817506],[-111.88070640336356,33.56497437278869],[-111.88070640336356,33.57562938938313],[-111.89263028034495,33.57342228633597]]]}},{"type":"Feature","properties":{"state":"","county":"PHOENIX","s2_cell":"9740007519677317120","waymo_ro_miles":8806.672562946611,"incremental_miles":3062.034,"vintage_end":"202506","exposure_phase":"deployment"},"geometry":{"type":"Polygon","coordinates":[[[-111.89263028034495,33.58407579349707],[-111.89263028034495,33.57342228633597],[-111.88070640336356,33.57562938938313],[-111.88070640336356,33.58628324227716],[-111.89263028034495,33.58407579349707]]]}},{"type":"Feature","properties":{"state":"","county":"PHOENIX","s2_cell":"9740007554037055488","waymo_ro_miles":242.51649480695372,"incremental_miles":98.385,"vintage_end":"202506","exposure_phase":"deployment"},"geometry":{"type":"Polygon","coordinates":[[[-111.88070640336356,33.58628324227716],[-111.88070640336356,33.57562938938313],[-111.86878249373518,33.57783524227467],[-111.86878249373518,33.58848944064261],[-111.88070640336356,33.58628324227716]]]}},{"type":"Feature","properties":{"state":"","county":"PHOENIX","s2_cell":"9740007828914962432","waymo_ro_miles":34.091915602806125,"incremental_miles":8.274,"vintage_end":"202506","exposure_phase":"deployment"},"geometry":{"type":"Polygon","coordinates":[[[-111.86878249373518,33.62044504300368],[-111.86878249373518,33.60979434185476],[-111.85685855297612,33.61199997899882],[-111.85685855297612,33.622651024334715],[-111.86878249373518,33.62044504300368]]]}},{"type":"Feature","properties":{"state":"","county":"PHOENIX","s2_cell":"9740007863274700800","waymo_ro_miles":7544.208386673484,"incremental_miles":1566.416,"vintage_end":"202506","exposure_phase":"deployment"},"geometry":{"type":"Polygon","coordinates":[[[-111.86878249373518,33.631094576718716],[-111.86878249373518,33.62044504300368],[-111.85685855297612,33.622651024334715],[-111.85685855297612,33.63330090189415],[-111.86878249373518,33.631094576718716]]]}},{"type":"Feature","properties":{"state":"","county":"PHOENIX","s2_cell":"9740007897634439168","waymo_ro_miles":13081.766981869789,"incremental_miles":2823.41,"vintage_end":"202506","exposure_phase":"deployment"},"geometry":{"type":"Polygon","coordinates":[[[-111.88070640336356,33.6288869998859],[-111.88070640336356,33.61823781027351],[-111.86878249373518,33.62044504300368],[-111.86878249373518,33.631094576718716],[-111.88070640336356,33.6288869998859]]]}},{"type":"Feature","properties":{"state":"","county":"PHOENIX","s2_cell":"9740007931994177536","waymo_ro_miles":5547.807156676187,"incremental_miles":1824.741,"vintage_end":"202506","exposure_phase":"deployment"},"geometry":{"type":"Polygon","coordinates":[[[-111.88070640336356,33.61823781027351],[-111.88070640336356,33.60758745357004],[-111.86878249373518,33.60979434185476],[-111.86878249373518,33.62044504300368],[-111.88070640336356,33.61823781027351]]]}},{"type":"Feature","properties":{"state":"","county":"PHOENIX","s2_cell":"9740007966353915904","waymo_ro_miles":7726.235064429148,"incremental_miles":3066.936,"vintage_end":"202506","exposure_phase":"deployment"},"geometry":{"type":"Polygon","coordinates":[[[-111.89263028034495,33.61602932635266],[-111.89263028034495,33.60537931435311],[-111.88070640336356,33.60758745357004],[-111.88070640336356,33.61823781027351],[-111.89263028034495,33.61602932635266]]]}},{"type":"Feature","properties":{"state":"","county":"PHOENIX","s2_cell":"9740008035073392640","waymo_ro_miles":32254.863207155213,"incremental_miles":8734.521,"vintage_end":"202506","exposure_phase":"deployment"},"geometry":{"type":"Polygon","coordinates":[[[-111.90455412316315,33.62446809208204],[-111.90455412316315,33.613819591450074],[-111.89263028034495,33.61602932635266],[-111.89263028034495,33.62667817160404],[-111.90455412316315,33.62446809208204]]]}},{"type":"Feature","properties":{"state":"","county":"PHOENIX","s2_cell":"9740008069433131008","waymo_ro_miles":18591.29945160337,"incremental_miles":5189.523,"vintage_end":"202506","exposure_phase":"deployment"},"geometry":{"type":"Polygon","coordinates":[[[-111.89263028034495,33.62667817160404],[-111.89263028034495,33.61602932635266],[-111.88070640336356,33.61823781027351],[-111.88070640336356,33.6288869998859],[-111.89263028034495,33.62667817160404]]]}},{"type":"Feature","properties":{"state":"","county":"PHOENIX","s2_cell":"9740008103792869376","waymo_ro_miles":6450.731521733856,"incremental_miles":848.339,"vintage_end":"202506","exposure_phase":"deployment"},"geometry":{"type":"Polygon","coordinates":[[[-111.89263028034495,33.63732584926122],[-111.89263028034495,33.62667817160404],[-111.88070640336356,33.6288869998859],[-111.88070640336356,33.63953502156116],[-111.89263028034495,33.63732584926122]]]}},{"type":"Feature","properties":{"state":"","county":"PHOENIX","s2_cell":"9740008138152607744","waymo_ro_miles":33556.57108164738,"incremental_miles":6936.027,"vintage_end":"202506","exposure_phase":"deployment"},"geometry":{"type":"Polygon","coordinates":[[[-111.90455412316315,33.63511542546289],[-111.90455412316315,33.62446809208204],[-111.89263028034495,33.62667817160404],[-111.89263028034495,33.63732584926122],[-111.90455412316315,33.63511542546289]]]}},{"type":"Feature","properties":{"state":"","county":"PHOENIX","s2_cell":"9740008172512346112","waymo_ro_miles":6614.754957091492,"incremental_miles":3412.195,"vintage_end":"202506","exposure_phase":"deployment"},"geometry":{"type":"Polygon","coordinates":[[[-111.90455412316315,33.6457615907472],[-111.90455412316315,33.63511542546289],[-111.89263028034495,33.63732584926122],[-111.89263028034495,33.647972358478775],[-111.90455412316315,33.6457615907472]]]}},{"type":"Feature","properties":{"state":"","county":"PHOENIX","s2_cell":"9740008206872084480","waymo_ro_miles":5295.901076652883,"incremental_miles":1964.999,"vintage_end":"202506","exposure_phase":"deployment"},"geometry":{"type":"Polygon","coordinates":[[[-111.89263028034495,33.647972358478775],[-111.89263028034495,33.63732584926122],[-111.88070640336356,33.63953502156116],[-111.88070640336356,33.65018187445389],[-111.89263028034495,33.647972358478775]]]}},{"type":"Feature","properties":{"state":"","county":"PHOENIX","s2_cell":"9740008241231822848","waymo_ro_miles":2940.626390737994,"incremental_miles":813.29,"vintage_end":"202506","exposure_phase":"deployment"},"geometry":{"type":"Polygon","coordinates":[[[-111.88070640336356,33.65018187445389],[-111.88070640336356,33.63953502156116],[-111.86878249373518,33.64174294215387],[-111.86878249373518,33.6523901384638],[-111.88070640336356,33.65018187445389]]]}},{"type":"Feature","properties":{"state":"","county":"PHOENIX","s2_cell":"9740008275591561216","waymo_ro_miles":5229.649618673196,"incremental_miles":1248.17,"vintage_end":"202506","exposure_phase":"deployment"},"geometry":{"type":"Polygon","coordinates":[[[-111.88070640336356,33.63953502156116],[-111.88070640336356,33.6288869998859],[-111.86878249373518,33.631094576718716],[-111.86878249373518,33.64174294215387],[-111.88070640336356,33.63953502156116]]]}},{"type":"Feature","properties":{"state":"","county":"PHOENIX","s2_cell":"9740008309951299584","waymo_ro_miles":8683.856461252117,"incremental_miles":1982.773,"vintage_end":"202506","exposure_phase":"deployment"},"geometry":{"type":"Polygon","coordinates":[[[-111.86878249373518,33.64174294215387],[-111.86878249373518,33.631094576718716],[-111.85685855297612,33.63330090189415],[-111.85685855297612,33.643949610831115],[-111.86878249373518,33.64174294215387]]]}},{"type":"Feature","properties":{"state":"","county":"PHOENIX","s2_cell":"9740008344311037952","waymo_ro_miles":1198.5928461443864,"incremental_miles":303.045,"vintage_end":"202506","exposure_phase":"deployment"},"geometry":{"type":"Polygon","coordinates":[[[-111.86878249373518,33.6523901384638],[-111.86878249373518,33.64174294215387],[-111.85685855297612,33.643949610831115],[-111.85685855297612,33.6545971503003],[-111.86878249373518,33.6523901384638]]]}},{"type":"Feature","properties":{"state":"","county":"PHOENIX","s2_cell":"9740008378670776320","waymo_ro_miles":380.1876223444007,"incremental_miles":87.24,"vintage_end":"202506","exposure_phase":"deployment"},"geometry":{"type":"Polygon","coordinates":[[[-111.86878249373518,33.66303616480381],[-111.86878249373518,33.6523901384638],[-111.85685855297612,33.6545971503003],[-111.85685855297612,33.66524351945705],[-111.86878249373518,33.66303616480381]]]}},{"type":"Feature","properties":{"state":"","county":"PHOENIX","s2_cell":"9740008413030514688","waymo_ro_miles":846.7763257998367,"incremental_miles":204.089,"vintage_end":"202506","exposure_phase":"deployment"},"geometry":{"type":"Polygon","coordinates":[[[-111.88070640336356,33.66082755771942],[-111.88070640336356,33.65018187445389],[-111.86878249373518,33.6523901384638],[-111.86878249373518,33.66303616480381],[-111.88070640336356,33.66082755771942]]]}},{"type":"Feature","properties":{"state":"","county":"PHOENIX","s2_cell":"9740008859707113472","waymo_ro_miles":1155.3162236714202,"incremental_miles":508.479,"vintage_end":"202506","exposure_phase":"deployment"},"geometry":{"type":"Polygon","coordinates":[[[-111.89263028034495,33.65861769841199],[-111.89263028034495,33.647972358478775],[-111.88070640336356,33.65018187445389],[-111.88070640336356,33.66082755771942],[-111.89263028034495,33.65861769841199]]]}},{"type":"Feature","properties":{"state":"","county":"PHOENIX","s2_cell":"9740008928426590208","waymo_ro_miles":5137.048595887262,"incremental_miles":1749.901,"vintage_end":"202506","exposure_phase":"deployment"},"geometry":{"type":"Polygon","coordinates":[[[-111.91647793030225,33.654194223963316],[-111.91647793030225,33.64354957146851],[-111.90455412316315,33.6457615907472],[-111.90455412316315,33.656406587090196],[-111.91647793030225,33.654194223963316]]]}},{"type":"Feature","properties":{"state":"","county":"PHOENIX","s2_cell":"9740008997146066944","waymo_ro_miles":6107.755789576729,"incremental_miles":1231.99,"vintage_end":"202506","exposure_phase":"deployment"},"geometry":{"type":"Polygon","coordinates":[[[-111.92840170024643,33.6626237485309],[-111.92840170024643,33.65198060924121],[-111.91647793030225,33.654194223963316],[-111.91647793030225,33.6648377070159],[-111.92840170024643,33.6626237485309]]]}},{"type":"Feature","properties":{"state":"","county":"PHOENIX","s2_cell":"9740009031505805312","waymo_ro_miles":33438.01859792261,"incremental_miles":10594.557,"vintage_end":"202506","exposure_phase":"deployment"},"geometry":{"type":"Polygon","coordinates":[[[-111.92840170024643,33.65198060924121],[-111.92840170024643,33.641336300852636],[-111.91647793030225,33.64354957146851],[-111.91647793030225,33.654194223963316],[-111.92840170024643,33.65198060924121]]]}},{"type":"Feature","properties":{"state":"","county":"PHOENIX","s2_cell":"9740009065865543680","waymo_ro_miles":10791.689526819835,"incremental_miles":3481.094,"vintage_end":"202506","exposure_phase":"deployment"},"geometry":{"type":"Polygon","coordinates":[[[-111.94032543148008,33.64976574313428],[-111.94032543148008,33.63912177911006],[-111.92840170024643,33.641336300852636],[-111.92840170024643,33.65198060924121],[-111.94032543148008,33.64976574313428]]]}},{"type":"Feature","properties":{"state":"","county":"PHOENIX","s2_cell":"9740009100225282048","waymo_ro_miles":19198.56396121403,"incremental_miles":5688.755,"vintage_end":"202506","exposure_phase":"deployment"},"geometry":{"type":"Polygon","coordinates":[[[-111.9522491224878,33.64754962585355],[-111.9522491224878,33.63690600645188],[-111.94032543148008,33.63912177911006],[-111.94032543148008,33.64976574313428],[-111.9522491224878,33.64754962585355]]]}},{"type":"Feature","properties":{"state":"","county":"PHOENIX","s2_cell":"9740009134585020416","waymo_ro_miles":3683.55940076137,"incremental_miles":611.445,"vintage_end":"202506","exposure_phase":"deployment"},"geometry":{"type":"Polygon","coordinates":[[[-111.9522491224878,33.65819207684357],[-111.9522491224878,33.64754962585355],[-111.94032543148008,33.64976574313428],[-111.94032543148008,33.660408538403146],[-111.9522491224878,33.65819207684357]]]}},{"type":"Feature","properties":{"state":"","county":"PHOENIX","s2_cell":"9740009168944758784","waymo_ro_miles":10139.911376170518,"incremental_miles":2582.19,"vintage_end":"202506","exposure_phase":"deployment"},"geometry":{"type":"Polygon","coordinates":[[[-111.94032543148008,33.660408538403146],[-111.94032543148008,33.64976574313428],[-111.92840170024643,33.65198060924121],[-111.92840170024643,33.6626237485309],[-111.94032543148008,33.660408538403146]]]}},{"type":"Feature","properties":{"state":"","county":"PHOENIX","s2_cell":"9740062289100275712","waymo_ro_miles":64.00435192905852,"incremental_miles":18.611,"vintage_end":"202506","exposure_phase":"deployment"},"geometry":{"type":"Polygon","coordinates":[[[-111.8330105841322,33.45649186691539],[-111.8330105841322,33.44582155418478],[-111.82108655908091,33.448017895524195],[-111.82108655908091,33.458688557143624],[-111.8330105841322,33.45649186691539]]]}},{"type":"Feature","properties":{"state":"","county":"PHOENIX","s2_cell":"9740062735776874496","waymo_ro_miles":5938.549049582692,"incremental_miles":1511.204,"vintage_end":"202506","exposure_phase":"deployment"},"geometry":{"type":"Polygon","coordinates":[[[-111.84493458260289,33.45429392881849],[-111.84493458260289,33.44362396523767],[-111.8330105841322,33.44582155418478],[-111.8330105841322,33.45649186691539],[-111.84493458260289,33.45429392881849]]]}},{"type":"Feature","properties":{"state":"","county":"PHOENIX","s2_cell":"9740062770136612864","waymo_ro_miles":7687.859524237209,"incremental_miles":1582.633,"vintage_end":"202506","exposure_phase":"deployment"},"geometry":{"type":"Polygon","coordinates":[[[-111.85685855297612,33.452094743060734],[-111.85685855297612,33.44142512889074],[-111.84493458260289,33.44362396523767],[-111.84493458260289,33.45429392881849],[-111.85685855297612,33.452094743060734]]]}},{"type":"Feature","properties":{"state":"","county":"PHOENIX","s2_cell":"9740062804496351232","waymo_ro_miles":12666.786459748002,"incremental_miles":3040.945,"vintage_end":"202506","exposure_phase":"deployment"},"geometry":{"type":"Polygon","coordinates":[[[-111.85685855297612,33.44142512889074],[-111.85685855297612,33.430754361426445],[-111.84493458260289,33.432952848019696],[-111.84493458260289,33.44362396523767],[-111.85685855297612,33.44142512889074]]]}},{"type":"Feature","properties":{"state":"","county":"PHOENIX","s2_cell":"9740062838856089600","waymo_ro_miles":67247.88749817137,"incremental_miles":12577.329,"vintage_end":"202506","exposure_phase":"deployment"},"geometry":{"type":"Polygon","coordinates":[[[-111.85685855297612,33.430754361426445],[-111.85685855297612,33.42008244152564],[-111.84493458260289,33.422280578022374],[-111.84493458260289,33.432952848019696],[-111.85685855297612,33.430754361426445]]]}},{"type":"Feature","properties":{"state":"","county":"PHOENIX","s2_cell":"9740062873215827968","waymo_ro_miles":27078.64421626878,"incremental_miles":5161.724,"vintage_end":"202506","exposure_phase":"deployment"},"geometry":{"type":"Polygon","coordinates":[[[-111.84493458260289,33.432952848019696],[-111.84493458260289,33.422280578022374],[-111.8330105841322,33.4244774676419],[-111.8330105841322,33.43515008747436],[-111.84493458260289,33.432952848019696]]]}},{"type":"Feature","properties":{"state":"","county":"PHOENIX","s2_cell":"9740062907575566336","waymo_ro_miles":10187.29444116932,"incremental_miles":2535.104,"vintage_end":"202506","exposure_phase":"deployment"},"geometry":{"type":"Polygon","coordinates":[[[-111.84493458260289,33.44362396523767],[-111.84493458260289,33.432952848019696],[-111.8330105841322,33.43515008747436],[-111.8330105841322,33.44582155418478],[-111.84493458260289,33.44362396523767]]]}},{"type":"Feature","properties":{"state":"","county":"PHOENIX","s2_cell":"9740062941935304704","waymo_ro_miles":26.274320714198538,"incremental_miles":8.796,"vintage_end":"202506","exposure_phase":"deployment"},"geometry":{"type":"Polygon","coordinates":[[[-111.8330105841322,33.44582155418478],[-111.8330105841322,33.43515008747436],[-111.82108655908091,33.43734607958247],[-111.82108655908091,33.448017895524195],[-111.8330105841322,33.44582155418478]]]}},{"type":"Feature","properties":{"state":"","county":"PHOENIX","s2_cell":"9740063045014519808","waymo_ro_miles":776.9865376755271,"incremental_miles":237.951,"vintage_end":"202506","exposure_phase":"deployment"},"geometry":{"type":"Polygon","coordinates":[[[-111.8330105841322,33.43515008747436],[-111.8330105841322,33.4244774676419],[-111.82108655908091,33.42667311017617],[-111.82108655908091,33.43734607958247],[-111.8330105841322,33.43515008747436]]]}},{"type":"Feature","properties":{"state":"","county":"PHOENIX","s2_cell":"9740063079374258176","waymo_ro_miles":12921.217384921476,"incremental_miles":3666.132,"vintage_end":"202506","exposure_phase":"deployment"},"geometry":{"type":"Polygon","coordinates":[[[-111.8330105841322,33.4244774676419],[-111.8330105841322,33.41380369554579],[-111.82108655908091,33.415998988163686],[-111.82108655908091,33.42667311017617],[-111.8330105841322,33.4244774676419]]]}},{"type":"Feature","properties":{"state":"","county":"PHOENIX","s2_cell":"9740063113733996544","waymo_ro_miles":847.6349752660193,"incremental_miles":286.175,"vintage_end":"202506","exposure_phase":"deployment"},"geometry":{"type":"Polygon","coordinates":[[[-111.82108655908091,33.42667311017617],[-111.82108655908091,33.415998988163686],[-111.80916250896605,33.4181930337503],[-111.80916250896607,33.428867505417735],[-111.82108655908091,33.42667311017617]]]}},{"type":"Feature","properties":{"state":"","county":"PHOENIX","s2_cell":"9740063148093734912","waymo_ro_miles":1041.9420699151171,"incremental_miles":314.744,"vintage_end":"202506","exposure_phase":"deployment"},"geometry":{"type":"Polygon","coordinates":[[[-111.82108655908091,33.415998988163686],[-111.82108655908091,33.40532371440407],[-111.80916250896607,33.40751740999333],[-111.80916250896605,33.4181930337503],[-111.82108655908091,33.415998988163686]]]}},{"type":"Feature","properties":{"state":"","county":"PHOENIX","s2_cell":"9740063182453473280","waymo_ro_miles":8243.34958891095,"incremental_miles":2302.384,"vintage_end":"202506","exposure_phase":"deployment"},"geometry":{"type":"Polygon","coordinates":[[[-111.8330105841322,33.41380369554579],[-111.8330105841322,33.40312877204509],[-111.82108655908091,33.40532371440407],[-111.82108655908091,33.415998988163686],[-111.8330105841322,33.41380369554579]]]}},{"type":"Feature","properties":{"state":"","county":"PHOENIX","s2_cell":"9740063216813211648","waymo_ro_miles":38757.36612415576,"incremental_miles":9424.214,"vintage_end":"202506","exposure_phase":"deployment"},"geometry":{"type":"Polygon","coordinates":[[[-111.84493458260289,33.41160715610412],[-111.84493458260289,33.400932583124],[-111.8330105841322,33.40312877204509],[-111.8330105841322,33.41380369554579],[-111.84493458260289,33.41160715610412]]]}},{"type":"Feature","properties":{"state":"","county":"PHOENIX","s2_cell":"9740063251172950016","waymo_ro_miles":43829.20319196962,"incremental_miles":9880.24,"vintage_end":"202506","exposure_phase":"deployment"},"geometry":{"type":"Polygon","coordinates":[[[-111.84493458260289,33.422280578022374],[-111.84493458260289,33.41160715610412],[-111.8330105841322,33.41380369554579],[-111.8330105841322,33.4244774676419],[-111.84493458260289,33.422280578022374]]]}},{"type":"Feature","properties":{"state":"","county":"PHOENIX","s2_cell":"9740063285532688384","waymo_ro_miles":40354.10001965914,"incremental_miles":8324.896,"vintage_end":"202506","exposure_phase":"deployment"},"geometry":{"type":"Polygon","coordinates":[[[-111.85685855297612,33.42008244152564],[-111.85685855297612,33.409409370046795],[-111.84493458260289,33.41160715610412],[-111.84493458260289,33.422280578022374],[-111.85685855297612,33.42008244152564]]]}},{"type":"Feature","properties":{"state":"","county":"PHOENIX","s2_cell":"9740063319892426752","waymo_ro_miles":54302.69882851209,"incremental_miles":13514.628,"vintage_end":"202506","exposure_phase":"deployment"},"geometry":{"type":"Polygon","coordinates":[[[-111.85685855297612,33.409409370046795],[-111.85685855297612,33.39873514784899],[-111.84493458260289,33.400932583124],[-111.84493458260289,33.41160715610412],[-111.85685855297612,33.409409370046795]]]}},{"type":"Feature","properties":{"state":"","county":"PHOENIX","s2_cell":"9740063354252165120","waymo_ro_miles":46724.30122108473,"incremental_miles":7624.856,"vintage_end":"202506","exposure_phase":"deployment"},"geometry":{"type":"Polygon","coordinates":[[[-111.85685855297612,33.39873514784899],[-111.85685855297612,33.388059775792],[-111.84493458260289,33.390256859941786],[-111.84493458260289,33.400932583124],[-111.85685855297612,33.39873514784899]]]}},{"type":"Feature","properties":{"state":"","county":"PHOENIX","s2_cell":"9740063388611903488","waymo_ro_miles":40429.41483615448,"incremental_miles":8521.274,"vintage_end":"202506","exposure_phase":"deployment"},"geometry":{"type":"Polygon","coordinates":[[[-111.84493458260289,33.400932583124],[-111.84493458260289,33.390256859941786],[-111.8330105841322,33.39245269799954],[-111.8330105841322,33.40312877204509],[-111.84493458260289,33.400932583124]]]}},{"type":"Feature","properties":{"state":"","county":"PHOENIX","s2_cell":"9740063422971641856","waymo_ro_miles":21265.992248879134,"incremental_miles":4605.958,"vintage_end":"202506","exposure_phase":"deployment"},"geometry":{"type":"Polygon","coordinates":[[[-111.84493458260289,33.390256859941786],[-111.84493458260289,33.37957998741784],[-111.8330105841322,33.38177547426949],[-111.8330105841322,33.39245269799954],[-111.84493458260289,33.390256859941786]]]}},{"type":"Feature","properties":{"state":"","county":"PHOENIX","s2_cell":"9740063457331380224","waymo_ro_miles":46203.618610790916,"incremental_miles":8355.448,"vintage_end":"202506","exposure_phase":"deployment"},"geometry":{"type":"Polygon","coordinates":[[[-111.85685855297612,33.388059775792],[-111.85685855297612,33.37738325473624],[-111.84493458260289,33.37957998741784],[-111.84493458260289,33.390256859941786],[-111.85685855297612,33.388059775792]]]}},{"type":"Feature","properties":{"state":"","county":"PHOENIX","s2_cell":"9740063491691118592","waymo_ro_miles":15674.562816380967,"incremental_miles":2522.793,"vintage_end":"202506","exposure_phase":"deployment"},"geometry":{"type":"Polygon","coordinates":[[[-111.85685855297612,33.37738325473624],[-111.85685855297612,33.36670558554277],[-111.84493458260289,33.368901966413226],[-111.84493458260289,33.37957998741784],[-111.85685855297612,33.37738325473624]]]}},{"type":"Feature","properties":{"state":"","county":"PHOENIX","s2_cell":"9740063526050856960","waymo_ro_miles":15993.50476654879,"incremental_miles":3004.529,"vintage_end":"202506","exposure_phase":"deployment"},"geometry":{"type":"Polygon","coordinates":[[[-111.85685855297612,33.36670558554277],[-111.85685855297612,33.356026769073324],[-111.84493458260289,33.35822279778965],[-111.84493458260289,33.368901966413226],[-111.85685855297612,33.36670558554277]]]}},{"type":"Feature","properties":{"state":"","county":"PHOENIX","s2_cell":"9740063560410595328","waymo_ro_miles":23674.894202247076,"incremental_miles":5142.178,"vintage_end":"202506","exposure_phase":"deployment"},"geometry":{"type":"Polygon","coordinates":[[[-111.84493458260289,33.368901966413226],[-111.84493458260289,33.35822279778965],[-111.8330105841322,33.360417581200664],[-111.8330105841322,33.37109710171596],[-111.84493458260289,33.368901966413226]]]}},{"type":"Feature","properties":{"state":"","county":"PHOENIX","s2_cell":"9740063594770333696","waymo_ro_miles":30352.807851617796,"incremental_miles":5791.856,"vintage_end":"202506","exposure_phase":"deployment"},"geometry":{"type":"Polygon","coordinates":[[[-111.84493458260289,33.37957998741784],[-111.84493458260289,33.368901966413226],[-111.8330105841322,33.37109710171596],[-111.8330105841322,33.38177547426949],[-111.84493458260289,33.37957998741784]]]}},{"type":"Feature","properties":{"state":"","county":"PHOENIX","s2_cell":"9740063800928763904","waymo_ro_miles":1.2312707694710117,"incremental_miles":0.066,"vintage_end":"202506","exposure_phase":"deployment"},"geometry":{"type":"Polygon","coordinates":[[[-111.8330105841322,33.39245269799954],[-111.8330105841322,33.38177547426949],[-111.82108655908091,33.38396971508284],[-111.82108655908091,33.394647289757],[-111.8330105841322,33.39245269799954]]]}},{"type":"Feature","properties":{"state":"","county":"PHOENIX","s2_cell":"9740063835288502272","waymo_ro_miles":73.26234128889705,"incremental_miles":6.988,"vintage_end":"202506","exposure_phase":"deployment"},"geometry":{"type":"Polygon","coordinates":[[[-111.8330105841322,33.40312877204509],[-111.8330105841322,33.39245269799954],[-111.82108655908091,33.394647289757],[-111.82108655908091,33.40532371440407],[-111.8330105841322,33.40312877204509]]]}},{"type":"Feature","properties":{"state":"","county":"PHOENIX","s2_cell":"9740065037879345152","waymo_ro_miles":1.9332949483446773,"incremental_miles":0.242,"vintage_end":"202506","exposure_phase":"deployment"},"geometry":{"type":"Polygon","coordinates":[[[-111.8330105841322,33.32837214051065],[-111.8330105841322,33.3176880367781],[-111.82108655908091,33.31988016473092],[-111.8210865590809,33.33056462146365],[-111.8330105841322,33.32837214051065]]]}},{"type":"Feature","properties":{"state":"","county":"PHOENIX","s2_cell":"9740065278397513728","waymo_ro_miles":31971.755507596332,"incremental_miles":7021.309,"vintage_end":"202506","exposure_phase":"deployment"},"geometry":{"type":"Polygon","coordinates":[[[-111.84493458260289,33.34754248240945],[-111.84493458260289,33.33686102113566],[-111.8330105841322,33.33905509973469],[-111.8330105841322,33.34973691358591],[-111.84493458260289,33.34754248240945]]]}},{"type":"Feature","properties":{"state":"","county":"PHOENIX","s2_cell":"9740065312757252096","waymo_ro_miles":24149.331938832278,"incremental_miles":5211.093,"vintage_end":"202506","exposure_phase":"deployment"},"geometry":{"type":"Polygon","coordinates":[[[-111.84493458260289,33.35822279778965],[-111.84493458260289,33.34754248240945],[-111.8330105841322,33.34973691358591],[-111.8330105841322,33.360417581200664],[-111.84493458260289,33.35822279778965]]]}},{"type":"Feature","properties":{"state":"","county":"PHOENIX","s2_cell":"9740065347116990464","waymo_ro_miles":22520.405521370696,"incremental_miles":4170.429,"vintage_end":"202506","exposure_phase":"deployment"},"geometry":{"type":"Polygon","coordinates":[[[-111.85685855297612,33.356026769073324],[-111.85685855297612,33.345346806190264],[-111.84493458260289,33.34754248240945],[-111.84493458260289,33.35822279778965],[-111.85685855297612,33.356026769073324]]]}},{"type":"Feature","properties":{"state":"","county":"PHOENIX","s2_cell":"9740065381476728832","waymo_ro_miles":20739.195920152128,"incremental_miles":3526.827,"vintage_end":"202506","exposure_phase":"deployment"},"geometry":{"type":"Polygon","coordinates":[[[-111.85685855297612,33.345346806190264],[-111.85685855297612,33.33466569775664],[-111.84493458260289,33.33686102113566],[-111.84493458260289,33.34754248240945],[-111.85685855297612,33.345346806190264]]]}},{"type":"Feature","properties":{"state":"","county":"PHOENIX","s2_cell":"9740065415836467200","waymo_ro_miles":28622.960880188257,"incremental_miles":5106.753,"vintage_end":"202506","exposure_phase":"deployment"},"geometry":{"type":"Polygon","coordinates":[[[-111.85685855297612,33.33466569775664],[-111.85685855297612,33.323983444636134],[-111.84493458260289,33.32617841483193],[-111.84493458260289,33.33686102113566],[-111.85685855297612,33.33466569775664]]]}},{"type":"Feature","properties":{"state":"","county":"PHOENIX","s2_cell":"9740065450196205568","waymo_ro_miles":29178.65852109326,"incremental_miles":6200.708,"vintage_end":"202506","exposure_phase":"deployment"},"geometry":{"type":"Polygon","coordinates":[[[-111.84493458260289,33.33686102113566],[-111.84493458260289,33.32617841483193],[-111.8330105841322,33.32837214051065],[-111.8330105841322,33.33905509973469],[-111.84493458260289,33.33686102113566]]]}},{"type":"Feature","properties":{"state":"","county":"PHOENIX","s2_cell":"9740065484555943936","waymo_ro_miles":24798.708461341448,"incremental_miles":5608.154,"vintage_end":"202506","exposure_phase":"deployment"},"geometry":{"type":"Polygon","coordinates":[[[-111.84493458260289,33.32617841483193],[-111.84493458260289,33.315494664362575],[-111.8330105841322,33.3176880367781],[-111.8330105841322,33.32837214051065],[-111.84493458260289,33.32617841483193]]]}},{"type":"Feature","properties":{"state":"","county":"PHOENIX","s2_cell":"9740065518915682304","waymo_ro_miles":21456.557750555912,"incremental_miles":3272.523,"vintage_end":"202506","exposure_phase":"deployment"},"geometry":{"type":"Polygon","coordinates":[[[-111.85685855297612,33.323983444636134],[-111.85685855297612,33.313300047693076],[-111.84493458260289,33.315494664362575],[-111.84493458260289,33.32617841483193],[-111.85685855297612,33.323983444636134]]]}},{"type":"Feature","properties":{"state":"","county":"PHOENIX","s2_cell":"9740065553275420672","waymo_ro_miles":30115.087185552413,"incremental_miles":4939.9,"vintage_end":"202506","exposure_phase":"deployment"},"geometry":{"type":"Polygon","coordinates":[[[-111.85685855297612,33.313300047693076],[-111.85685855297612,33.302615507792446],[-111.84493458260289,33.304809770592556],[-111.84493458260289,33.315494664362575],[-111.85685855297612,33.313300047693076]]]}},{"type":"Feature","properties":{"state":"","county":"PHOENIX","s2_cell":"9740065587635159040","waymo_ro_miles":14763.300701693186,"incremental_miles":2664.429,"vintage_end":"202506","exposure_phase":"deployment"},"geometry":{"type":"Polygon","coordinates":[[[-111.85685855297612,33.302615507792446],[-111.85685855297612,33.291929825799905],[-111.84493458260289,33.29412373438752],[-111.84493458260289,33.304809770592556],[-111.85685855297612,33.302615507792446]]]}},{"type":"Feature","properties":{"state":"","county":"PHOENIX","s2_cell":"9740065621994897408","waymo_ro_miles":25950.460398922816,"incremental_miles":4735.881,"vintage_end":"202506","exposure_phase":"deployment"},"geometry":{"type":"Polygon","coordinates":[[[-111.84493458260289,33.304809770592556],[-111.84493458260289,33.29412373438752],[-111.8330105841322,33.29631639924787],[-111.8330105841322,33.30700278940197],[-111.84493458260289,33.304809770592556]]]}},{"type":"Feature","properties":{"state":"","county":"PHOENIX","s2_cell":"9740065656354635776","waymo_ro_miles":26535.539083632648,"incremental_miles":6073.91,"vintage_end":"202506","exposure_phase":"deployment"},"geometry":{"type":"Polygon","coordinates":[[[-111.84493458260289,33.315494664362575],[-111.84493458260289,33.304809770592556],[-111.8330105841322,33.30700278940197],[-111.8330105841322,33.3176880367781],[-111.84493458260289,33.315494664362575]]]}},{"type":"Feature","properties":{"state":"","county":"PHOENIX","s2_cell":"9740065690714374144","waymo_ro_miles":8.707568645403692,"incremental_miles":1.064,"vintage_end":"202506","exposure_phase":"deployment"},"geometry":{"type":"Polygon","coordinates":[[[-111.8330105841322,33.3176880367781],[-111.8330105841322,33.30700278940197],[-111.82108655908091,33.30919456401186],[-111.82108655908091,33.31988016473092],[-111.8330105841322,33.3176880367781]]]}},{"type":"Feature","properties":{"state":"","county":"PHOENIX","s2_cell":"9740065931232542720","waymo_ro_miles":21.830918225442247,"incremental_miles":8.23,"vintage_end":"202506","exposure_phase":"deployment"},"geometry":{"type":"Polygon","coordinates":[[[-111.8330105841322,33.28562886718206],[-111.8330105841322,33.27494019407145],[-111.82108655908091,33.27713090659587],[-111.82108655908091,33.287819934077774],[-111.8330105841322,33.28562886718206]]]}},{"type":"Feature","properties":{"state":"","county":"PHOENIX","s2_cell":"9740065965592281088","waymo_ro_miles":4534.406362182556,"incremental_miles":909.44,"vintage_end":"202506","exposure_phase":"deployment"},"geometry":{"type":"Polygon","coordinates":[[[-111.84493458260289,33.28343655661373],[-111.84493458260289,33.27274823813812],[-111.8330105841322,33.27494019407145],[-111.8330105841322,33.28562886718206],[-111.84493458260289,33.28343655661373]]]}},{"type":"Feature","properties":{"state":"","county":"PHOENIX","s2_cell":"9740065999952019456","waymo_ro_miles":10516.876304572086,"incremental_miles":1526.384,"vintage_end":"202506","exposure_phase":"deployment"},"geometry":{"type":"Polygon","coordinates":[[[-111.84493458260289,33.29412373438752],[-111.84493458260289,33.28343655661373],[-111.8330105841322,33.28562886718206],[-111.8330105841322,33.29631639924787],[-111.84493458260289,33.29412373438752]]]}},{"type":"Feature","properties":{"state":"","county":"PHOENIX","s2_cell":"9740066034311757824","waymo_ro_miles":17059.203193101668,"incremental_miles":3373.396,"vintage_end":"202506","exposure_phase":"deployment"},"geometry":{"type":"Polygon","coordinates":[[[-111.85685855297612,33.291929825799905],[-111.85685855297612,33.281243002581746],[-111.84493458260289,33.28343655661373],[-111.84493458260289,33.29412373438752],[-111.85685855297612,33.291929825799905]]]}},{"type":"Feature","properties":{"state":"","county":"PHOENIX","s2_cell":"9740066068671496192","waymo_ro_miles":6783.569277059454,"incremental_miles":1231.564,"vintage_end":"202506","exposure_phase":"deployment"},"geometry":{"type":"Polygon","coordinates":[[[-111.85685855297612,33.281243002581746],[-111.85685855297612,33.27055503900491],[-111.84493458260289,33.27274823813812],[-111.84493458260289,33.28343655661373],[-111.85685855297612,33.281243002581746]]]}},{"type":"Feature","properties":{"state":"","county":"PHOENIX","s2_cell":"9740066103031234560","waymo_ro_miles":8161.424323549641,"incremental_miles":1559.528,"vintage_end":"202506","exposure_phase":"deployment"},"geometry":{"type":"Polygon","coordinates":[[[-111.85685855297612,33.27055503900491],[-111.85685855297612,33.25986593593701],[-111.84493458260289,33.262058779828266],[-111.84493458260289,33.27274823813812],[-111.85685855297612,33.27055503900491]]]}},{"type":"Feature","properties":{"state":"","county":"PHOENIX","s2_cell":"9740066137390972928","waymo_ro_miles":2974.014326606006,"incremental_miles":731.207,"vintage_end":"202506","exposure_phase":"deployment"},"geometry":{"type":"Polygon","coordinates":[[[-111.84493458260289,33.27274823813812],[-111.84493458260289,33.262058779828266],[-111.8330105841322,33.2642503807836],[-111.8330105841322,33.27494019407145],[-111.84493458260289,33.27274823813812]]]}},{"type":"Feature","properties":{"state":"","county":"PHOENIX","s2_cell":"9740066171750711296","waymo_ro_miles":1426.974522262774,"incremental_miles":290.253,"vintage_end":"202506","exposure_phase":"deployment"},"geometry":{"type":"Polygon","coordinates":[[[-111.84493458260289,33.262058779828266],[-111.84493458260289,33.251368182552405],[-111.8330105841322,33.25355942818672],[-111.8330105841322,33.2642503807836],[-111.84493458260289,33.262058779828266]]]}},{"type":"Feature","properties":{"state":"","county":"PHOENIX","s2_cell":"9740066206110449664","waymo_ro_miles":10338.506309283974,"incremental_miles":1802.893,"vintage_end":"202506","exposure_phase":"deployment"},"geometry":{"type":"Polygon","coordinates":[[[-111.85685855297612,33.25986593593701],[-111.85685855297612,33.24917569424628],[-111.84493458260289,33.251368182552405],[-111.84493458260289,33.262058779828266],[-111.85685855297612,33.25986593593701]]]}},{"type":"Feature","properties":{"state":"","county":"PHOENIX","s2_cell":"9740066240470188032","waymo_ro_miles":9558.173890751126,"incremental_miles":1736.708,"vintage_end":"202506","exposure_phase":"deployment"},"geometry":{"type":"Polygon","coordinates":[[[-111.85685855297612,33.24917569424628],[-111.85685855297612,33.23848431480166],[-111.84493458260289,33.240676447179425],[-111.84493458260289,33.251368182552405],[-111.85685855297612,33.24917569424628]]]}},{"type":"Feature","properties":{"state":"","county":"PHOENIX","s2_cell":"9740066274829926400","waymo_ro_miles":1806.3099173195483,"incremental_miles":526.346,"vintage_end":"202506","exposure_phase":"deployment"},"geometry":{"type":"Polygon","coordinates":[[[-111.85685855297612,33.23848431480166],[-111.85685855297612,33.227791798472666],[-111.84493458260289,33.22998357457887],[-111.84493458260289,33.240676447179425],[-111.85685855297612,33.23848431480166]]]}},{"type":"Feature","properties":{"state":"","county":"PHOENIX","s2_cell":"9740066309189664768","waymo_ro_miles":3828.8974951881873,"incremental_miles":656.04,"vintage_end":"202506","exposure_phase":"deployment"},"geometry":{"type":"Polygon","coordinates":[[[-111.84493458260289,33.240676447179425],[-111.84493458260289,33.22998357457887],[-111.8330105841322,33.232174108542004],[-111.8330105841322,33.242867337149676],[-111.84493458260289,33.240676447179425]]]}},{"type":"Feature","properties":{"state":"","county":"PHOENIX","s2_cell":"9740066343549403136","waymo_ro_miles":5718.159291148751,"incremental_miles":927.007,"vintage_end":"202506","exposure_phase":"deployment"},"geometry":{"type":"Polygon","coordinates":[[[-111.84493458260289,33.251368182552405],[-111.84493458260289,33.240676447179425],[-111.8330105841322,33.242867337149676],[-111.8330105841322,33.25355942818672],[-111.84493458260289,33.251368182552405]]]}},{"type":"Feature","properties":{"state":"","county":"PHOENIX","s2_cell":"9740066584067571712","waymo_ro_miles":1.6118510173078484,"incremental_miles":0.545,"vintage_end":"202506","exposure_phase":"deployment"},"geometry":{"type":"Polygon","coordinates":[[[-111.8330105841322,33.27494019407145],[-111.8330105841322,33.2642503807836],[-111.82108655908091,33.26644073859389],[-111.82108655908091,33.27713090659587],[-111.8330105841322,33.27494019407145]]]}},{"type":"Feature","properties":{"state":"","county":"PHOENIX","s2_cell":"9740066618427310080","waymo_ro_miles":20.81435549406746,"incremental_miles":7.501,"vintage_end":"202506","exposure_phase":"deployment"},"geometry":{"type":"Polygon","coordinates":[[[-111.82108655908091,33.27713090659587],[-111.82108655908091,33.26644073859389],[-111.80916250896607,33.26862985305063],[-111.80916250896607,33.27932037550292],[-111.82108655908091,33.27713090659587]]]}},{"type":"Feature","properties":{"state":"","county":"PHOENIX","s2_cell":"9740066652787048448","waymo_ro_miles":22.529901499404442,"incremental_miles":8.149,"vintage_end":"202506","exposure_phase":"deployment"},"geometry":{"type":"Polygon","coordinates":[[[-111.80916250896607,33.27932037550292],[-111.80916250896607,33.26862985305063],[-111.7972384353049,33.27081772394586],[-111.7972384353049,33.28150860058473],[-111.80916250896607,33.27932037550292]]]}},{"type":"Feature","properties":{"state":"","county":"PHOENIX","s2_cell":"9740066687146786816","waymo_ro_miles":22.462134936290333,"incremental_miles":8.194,"vintage_end":"202506","exposure_phase":"deployment"},"geometry":{"type":"Polygon","coordinates":[[[-111.7972384353049,33.28150860058473],[-111.7972384353049,33.27081772394586],[-111.78531433961481,33.273004351072224],[-111.78531433961481,33.283695581634],[-111.7972384353049,33.28150860058473]]]}},{"type":"Feature","properties":{"state":"","county":"PHOENIX","s2_cell":"9740067133823385600","waymo_ro_miles":20.896691304697175,"incremental_miles":7.623,"vintage_end":"202506","exposure_phase":"deployment"},"geometry":{"type":"Polygon","coordinates":[[[-111.78531433961481,33.283695581634],[-111.78531433961481,33.273004351072224],[-111.77339022341336,33.27518973422291],[-111.77339022341336,33.285881318444005],[-111.78531433961481,33.283695581634]]]}},{"type":"Feature","properties":{"state":"","county":"PHOENIX","s2_cell":"9740067168183123968","waymo_ro_miles":20.944090639259638,"incremental_miles":7.638,"vintage_end":"202506","exposure_phase":"deployment"},"geometry":{"type":"Polygon","coordinates":[[[-111.77339022341336,33.285881318444005],[-111.77339022341336,33.27518973422291],[-111.76146608821831,33.277373873191735],[-111.76146608821831,33.28806581080862],[-111.77339022341336,33.285881318444005]]]}},{"type":"Feature","properties":{"state":"","county":"PHOENIX","s2_cell":"9740068302054490112","waymo_ro_miles":3.4232832492525027,"incremental_miles":1.271,"vintage_end":"202506","exposure_phase":"deployment"},"geometry":{"type":"Polygon","coordinates":[[[-111.76146608821831,33.28806581080862],[-111.76146608821831,33.277373873191735],[-111.74954193554758,33.27955676777304],[-111.74954193554758,33.290249058522264],[-111.76146608821831,33.28806581080862]]]}},{"type":"Feature","properties":{"state":"","county":"PHOENIX","s2_cell":"9740068370773966848","waymo_ro_miles":21.238397020522136,"incremental_miles":7.659,"vintage_end":"202506","exposure_phase":"deployment"},"geometry":{"type":"Polygon","coordinates":[[[-111.74954193554758,33.27955676777304],[-111.74954193554758,33.268863335318436],[-111.73761776691927,33.27104463209658],[-111.73761776691927,33.28173841776179],[-111.74954193554758,33.27955676777304]]]}},{"type":"Feature","properties":{"state":"","county":"PHOENIX","s2_cell":"9740068405133705216","waymo_ro_miles":17.50446637999022,"incremental_miles":6.367,"vintage_end":"202506","exposure_phase":"deployment"},"geometry":{"type":"Polygon","coordinates":[[[-111.76146608821831,33.277373873191735],[-111.76146608821831,33.26668079421129],[-111.74954193554758,33.268863335318436],[-111.74954193554758,33.27955676777304],[-111.76146608821831,33.277373873191735]]]}},{"type":"Feature","properties":{"state":"","county":"PHOENIX","s2_cell":"9740068714371350528","waymo_ro_miles":21.602012059637946,"incremental_miles":7.635,"vintage_end":"202506","exposure_phase":"deployment"},"geometry":{"type":"Polygon","coordinates":[[[-111.72569358385162,33.28391882295349],[-111.72569358385164,33.273224684341166],[-111.7137693878631,33.27540349184823],[-111.7137693878631,33.28609798314426],[-111.72569358385162,33.28391882295349]]]}},{"type":"Feature","properties":{"state":"","county":"PHOENIX","s2_cell":"9740068748731088896","waymo_ro_miles":21.675161286667226,"incremental_miles":7.659,"vintage_end":"202506","exposure_phase":"deployment"},"geometry":{"type":"Polygon","coordinates":[[[-111.73761776691927,33.28173841776179],[-111.73761776691927,33.27104463209658],[-111.72569358385164,33.273224684341166],[-111.72569358385162,33.28391882295349],[-111.73761776691927,33.28173841776179]]]}},{"type":"Feature","properties":{"state":"","county":"PHOENIX","s2_cell":"9740068920529780736","waymo_ro_miles":15.44915314575919,"incremental_miles":6.009,"vintage_end":"202506","exposure_phase":"deployment"},"geometry":{"type":"Polygon","coordinates":[[[-111.70184518047229,33.288275898130784],[-111.70184518047229,33.277581054414384],[-111.68992096319795,33.27975737183682],[-111.68992096319795,33.29045256771032],[-111.70184518047229,33.288275898130784]]]}},{"type":"Feature","properties":{"state":"","county":"PHOENIX","s2_cell":"9740068954889519104","waymo_ro_miles":21.66744482257283,"incremental_miles":7.632,"vintage_end":"202506","exposure_phase":"deployment"},"geometry":{"type":"Polygon","coordinates":[[[-111.7137693878631,33.28609798314426],[-111.7137693878631,33.27540349184823],[-111.70184518047229,33.277581054414384],[-111.70184518047229,33.288275898130784],[-111.7137693878631,33.28609798314426]]]}},{"type":"Feature","properties":{"state":"","county":"PHOENIX","s2_cell":"9740069092328472576","waymo_ro_miles":7.6732589690059685,"incremental_miles":2.572,"vintage_end":"202506","exposure_phase":"deployment"},"geometry":{"type":"Polygon","coordinates":[[[-111.70184518047229,33.277581054414384],[-111.70184518047229,33.26688506849569],[-111.68992096319795,33.269061033420044],[-111.68992096319795,33.27975737183682],[-111.70184518047229,33.277581054414384]]]}},{"type":"Feature","properties":{"state":"","county":"PHOENIX","s2_cell":"9740069229767426048","waymo_ro_miles":39.261156254595946,"incremental_miles":14.124,"vintage_end":"202506","exposure_phase":"deployment"},"geometry":{"type":"Polygon","coordinates":[[[-111.67799673755903,33.281932443913306],[-111.67799673755903,33.27123575326183],[-111.66607250507464,33.273409227819315],[-111.66607250507464,33.28410627044221],[-111.67799673755903,33.281932443913306]]]}},{"type":"Feature","properties":{"state":"","county":"PHOENIX","s2_cell":"9740069264127164416","waymo_ro_miles":21.791432008446048,"incremental_miles":8.819,"vintage_end":"202506","exposure_phase":"deployment"},"geometry":{"type":"Polygon","coordinates":[[[-111.67799673755903,33.2926279916807],[-111.67799673755903,33.281932443913306],[-111.66607250507464,33.28410627044221],[-111.66607250507464,33.29480216984037],[-111.67799673755903,33.2926279916807]]]}},{"type":"Feature","properties":{"state":"","county":"PHOENIX","s2_cell":"9740069298486902784","waymo_ro_miles":6.923589767556799,"incremental_miles":4.522,"vintage_end":"202506","exposure_phase":"deployment"},"geometry":{"type":"Polygon","coordinates":[[[-111.68992096319795,33.29045256771032],[-111.68992096319795,33.27975737183682],[-111.67799673755903,33.281932443913306],[-111.67799673755903,33.2926279916807],[-111.68992096319795,33.29045256771032]]]}},{"type":"Feature","properties":{"state":"","county":"SAN_FRANCISCO","s2_cell":"9260949341382639616","waymo_ro_miles":196351.3518564376,"incremental_miles":61370.669,"vintage_end":"202506","exposure_phase":"deployment"},"geometry":{"type":"Polygon","coordinates":[[[-122.40141926154602,37.806219053177706],[-122.40141926154602,37.796691931038104],[-122.39009006966613,37.80017323460674],[-122.39009006966613,37.80970065388306],[-122.40141926154602,37.806219053177706]]]}},{"type":"Feature","properties":{"state":"","county":"SAN_FRANCISCO","s2_cell":"9260949375742377984","waymo_ro_miles":669040.6574494231,"incremental_miles":174611.638,"vintage_end":"202506","exposure_phase":"deployment"},"geometry":{"type":"Polygon","coordinates":[[[-122.40141926154602,37.796691931038104],[-122.40141926154602,37.78716355152709],[-122.39009006966613,37.79064455753469],[-122.39009006966613,37.80017323460674],[-122.40141926154602,37.796691931038104]]]}},{"type":"Feature","properties":{"state":"","county":"SAN_FRANCISCO","s2_cell":"9260949410102116352","waymo_ro_miles":4794.93974795837,"incremental_miles":1724.485,"vintage_end":"202506","exposure_phase":"deployment"},"geometry":{"type":"Polygon","coordinates":[[[-122.39009006966613,37.80017323460674],[-122.39009006966613,37.79064455753469],[-122.37875965870796,37.79412452524699],[-122.37875965870796,37.803653499650686],[-122.39009006966613,37.80017323460674]]]}},{"type":"Feature","properties":{"state":"","county":"SAN_FRANCISCO","s2_cell":"9260949444461854720","waymo_ro_miles":178079.3794637372,"incremental_miles":62640.282,"vintage_end":"202506","exposure_phase":"deployment"},"geometry":{"type":"Polygon","coordinates":[[[-122.39009006966613,37.79064455753469],[-122.39009006966613,37.78111462317189],[-122.37875965870796,37.78459429312823],[-122.37875965870796,37.79412452524699],[-122.39009006966613,37.79064455753469]]]}},{"type":"Feature","properties":{"state":"","county":"SAN_FRANCISCO","s2_cell":"9260949478821593088","waymo_ro_miles":681872.8354492751,"incremental_miles":155928.05,"vintage_end":"202506","exposure_phase":"deployment"},"geometry":{"type":"Polygon","coordinates":[[[-122.40141926154602,37.78716355152709],[-122.40141926154602,37.77763391514975],[-122.39009006966613,37.78111462317189],[-122.39009006966613,37.79064455753469],[-122.40141926154602,37.78716355152709]]]}},{"type":"Feature","properties":{"state":"","county":"SAN_FRANCISCO","s2_cell":"9260949513181331456","waymo_ro_miles":654773.2081220256,"incremental_miles":179014.349,"vintage_end":"202506","exposure_phase":"deployment"},"geometry":{"type":"Polygon","coordinates":[[[-122.41274723330986,37.78368150780816],[-122.41274723330986,37.77415216964588],[-122.40141926154602,37.77763391514975],[-122.40141926154602,37.78716355152709],[-122.41274723330986,37.78368150780816]]]}},{"type":"Feature","properties":{"state":"","county":"SAN_FRANCISCO","s2_cell":"9260949547541069824","waymo_ro_miles":1013698.5403849522,"incremental_miles":240082.041,"vintage_end":"202506","exposure_phase":"deployment"},"geometry":{"type":"Polygon","coordinates":[[[-122.41274723330986,37.793209589528665],[-122.41274723330986,37.78368150780816],[-122.40141926154602,37.78716355152709],[-122.40141926154602,37.796691931038104],[-122.41274723330986,37.793209589528665]]]}},{"type":"Feature","properties":{"state":"","county":"SAN_FRANCISCO","s2_cell":"9260949581900808192","waymo_ro_miles":1296674.1219467856,"incremental_miles":305685.542,"vintage_end":"202506","exposure_phase":"deployment"},"geometry":{"type":"Polygon","coordinates":[[[-122.42407398392056,37.78972621066264],[-122.42407398392056,37.780198426962194],[-122.41274723330986,37.78368150780816],[-122.41274723330986,37.793209589528665],[-122.42407398392056,37.78972621066264]]]}},{"type":"Feature","properties":{"state":"","county":"SAN_FRANCISCO","s2_cell":"9260949616260546560","waymo_ro_miles":1119366.9810873403,"incremental_miles":276849.301,"vintage_end":"202506","exposure_phase":"deployment"},"geometry":{"type":"Polygon","coordinates":[[[-122.42407398392056,37.780198426962194],[-122.42407398392056,37.77066938724461],[-122.41274723330986,37.77415216964588],[-122.41274723330986,37.78368150780816],[-122.42407398392056,37.780198426962194]]]}},{"type":"Feature","properties":{"state":"","county":"SAN_FRANCISCO","s2_cell":"9260949650620284928","waymo_ro_miles":665531.0415531922,"incremental_miles":155236.904,"vintage_end":"202506","exposure_phase":"deployment"},"geometry":{"type":"Polygon","coordinates":[[[-122.4353995123419,37.77671430957378],[-122.4353995123419,37.76718556853062],[-122.42407398392056,37.77066938724461],[-122.42407398392056,37.780198426962194],[-122.4353995123419,37.77671430957378]]]}},{"type":"Feature","properties":{"state":"","county":"SAN_FRANCISCO","s2_cell":"9260949684980023296","waymo_ro_miles":608435.3291657779,"incremental_miles":140655.67,"vintage_end":"202506","exposure_phase":"deployment"},"geometry":{"type":"Polygon","coordinates":[[[-122.44672381753844,37.77322915622785],[-122.44672381753844,37.7637007140889],[-122.4353995123419,37.76718556853062],[-122.4353995123419,37.77671430957378],[-122.44672381753844,37.77322915622785]]]}},{"type":"Feature","properties":{"state":"","county":"SAN_FRANCISCO","s2_cell":"9260949719339761664","waymo_ro_miles":486866.02305229363,"incremental_miles":113167.488,"vintage_end":"202506","exposure_phase":"deployment"},"geometry":{"type":"Polygon","coordinates":[[[-122.44672381753844,37.78275634319929],[-122.44672381753844,37.77322915622785],[-122.4353995123419,37.77671430957378],[-122.4353995123419,37.78624179502457],[-122.44672381753844,37.78275634319929]]]}},{"type":"Feature","properties":{"state":"","county":"SAN_FRANCISCO","s2_cell":"9260949753699500032","waymo_ro_miles":768588.1030259341,"incremental_miles":174922.091,"vintage_end":"202506","exposure_phase":"deployment"},"geometry":{"type":"Polygon","coordinates":[[[-122.4353995123419,37.78624179502457],[-122.4353995123419,37.77671430957378],[-122.42407398392056,37.780198426962194],[-122.42407398392056,37.78972621066264],[-122.4353995123419,37.78624179502457]]]}},{"type":"Feature","properties":{"state":"","county":"SAN_FRANCISCO","s2_cell":"9260949788059238400","waymo_ro_miles":852171.4726209671,"incremental_miles":224021.504,"vintage_end":"202506","exposure_phase":"deployment"},"geometry":{"type":"Polygon","coordinates":[[[-122.4353995123419,37.79576802437758],[-122.4353995123419,37.78624179502457],[-122.42407398392056,37.78972621066264],[-122.42407398392056,37.79925273784066],[-122.4353995123419,37.79576802437758]]]}},{"type":"Feature","properties":{"state":"","county":"SAN_FRANCISCO","s2_cell":"9260949822418976768","waymo_ro_miles":705441.5787343933,"incremental_miles":163259.497,"vintage_end":"202506","exposure_phase":"deployment"},"geometry":{"type":"Polygon","coordinates":[[[-122.44672381753844,37.792282274497715],[-122.44672381753844,37.78275634319929],[-122.4353995123419,37.78624179502457],[-122.4353995123419,37.79576802437758],[-122.44672381753844,37.792282274497715]]]}},{"type":"Feature","properties":{"state":"","county":"SAN_FRANCISCO","s2_cell":"9260949856778715136","waymo_ro_miles":361373.1165394098,"incremental_miles":88558.049,"vintage_end":"202506","exposure_phase":"deployment"},"geometry":{"type":"Polygon","coordinates":[[[-122.44672381753844,37.801806949618125],[-122.44672381753844,37.792282274497715],[-122.4353995123419,37.79576802437758],[-122.4353995123419,37.805292997127914],[-122.44672381753844,37.801806949618125]]]}},{"type":"Feature","properties":{"state":"","county":"SAN_FRANCISCO","s2_cell":"9260949891138453504","waymo_ro_miles":484985.2684753434,"incremental_miles":119400.749,"vintage_end":"202506","exposure_phase":"deployment"},"geometry":{"type":"Polygon","coordinates":[[[-122.4353995123419,37.805292997127914],[-122.4353995123419,37.79576802437758],[-122.42407398392056,37.79925273784066],[-122.42407398392056,37.808778007991464],[-122.4353995123419,37.805292997127914]]]}},{"type":"Feature","properties":{"state":"","county":"SAN_FRANCISCO","s2_cell":"9260949925498191872","waymo_ro_miles":559655.9802287617,"incremental_miles":147640.525,"vintage_end":"202506","exposure_phase":"deployment"},"geometry":{"type":"Polygon","coordinates":[[[-122.42407398392056,37.808778007991464],[-122.42407398392056,37.79925273784066],[-122.41274723330986,37.802736414302196],[-122.41274723330986,37.812261981624054],[-122.42407398392056,37.808778007991464]]]}},{"type":"Feature","properties":{"state":"","county":"SAN_FRANCISCO","s2_cell":"9260949959857930240","waymo_ro_miles":909703.6095866759,"incremental_miles":237514.505,"vintage_end":"202506","exposure_phase":"deployment"},"geometry":{"type":"Polygon","coordinates":[[[-122.42407398392056,37.79925273784066],[-122.42407398392056,37.78972621066264],[-122.41274723330986,37.793209589528665],[-122.41274723330986,37.802736414302196],[-122.42407398392056,37.79925273784066]]]}},{"type":"Feature","properties":{"state":"","county":"SAN_FRANCISCO","s2_cell":"9260949994217668608","waymo_ro_miles":669303.6019023616,"incremental_miles":173174.454,"vintage_end":"202506","exposure_phase":"deployment"},"geometry":{"type":"Polygon","coordinates":[[[-122.41274723330986,37.802736414302196],[-122.41274723330986,37.793209589528665],[-122.40141926154602,37.796691931038104],[-122.40141926154602,37.806219053177706],[-122.41274723330986,37.802736414302196]]]}},{"type":"Feature","properties":{"state":"","county":"SAN_FRANCISCO","s2_cell":"9260950028577406976","waymo_ro_miles":264498.36142926355,"incremental_miles":75249.498,"vintage_end":"202506","exposure_phase":"deployment"},"geometry":{"type":"Polygon","coordinates":[[[-122.41274723330986,37.812261981624054],[-122.41274723330986,37.802736414302196],[-122.40141926154602,37.806219053177706],[-122.40141926154602,37.81574491744131],[-122.41274723330986,37.812261981624054]]]}},{"type":"Feature","properties":{"state":"","county":"SAN_FRANCISCO","s2_cell":"9260950234735837184","waymo_ro_miles":58778.329043635524,"incremental_miles":16786.426,"vintage_end":"202506","exposure_phase":"deployment"},"geometry":{"type":"Polygon","coordinates":[[[-122.44672381753844,37.81133036805606],[-122.44672381753844,37.801806949618125],[-122.4353995123419,37.805292997127914],[-122.4353995123419,37.81481671277122],[-122.44672381753844,37.81133036805606]]]}},{"type":"Feature","properties":{"state":"","county":"SAN_FRANCISCO","s2_cell":"9260956453848481792","waymo_ro_miles":93937.71328464855,"incremental_miles":27013.581,"vintage_end":"202506","exposure_phase":"deployment"},"geometry":{"type":"Polygon","coordinates":[[[-122.45804689847544,37.807842987050236],[-122.45804689847544,37.798319866047095],[-122.44672381753844,37.801806949618125],[-122.44672381753844,37.81133036805606],[-122.45804689847544,37.807842987050236]]]}},{"type":"Feature","properties":{"state":"","county":"SAN_FRANCISCO","s2_cell":"9260956488208220160","waymo_ro_miles":135996.7320866425,"incremental_miles":39914.745,"vintage_end":"202506","exposure_phase":"deployment"},"geometry":{"type":"Polygon","coordinates":[[[-122.46936875411905,37.804354570339015],[-122.46936875411905,37.79483174700018],[-122.45804689847544,37.798319866047095],[-122.45804689847544,37.807842987050236],[-122.46936875411905,37.804354570339015]]]}},{"type":"Feature","properties":{"state":"","county":"SAN_FRANCISCO","s2_cell":"9260956660006912000","waymo_ro_miles":116359.06582685372,"incremental_miles":28372.645,"vintage_end":"202506","exposure_phase":"deployment"},"geometry":{"type":"Polygon","coordinates":[[[-122.49200878539423,37.7878524048216],[-122.49200878539423,37.77832892251698],[-122.48068938343609,37.78181881220991],[-122.48068938343609,37.79134259306303],[-122.49200878539423,37.7878524048216]]]}},{"type":"Feature","properties":{"state":"","county":"SAN_FRANCISCO","s2_cell":"9260956694366650368","waymo_ro_miles":154374.82840292284,"incremental_miles":34353.447,"vintage_end":"202506","exposure_phase":"deployment"},"geometry":{"type":"Polygon","coordinates":[[[-122.49200878539423,37.77832892251698],[-122.49200878539423,37.76880418573406],[-122.48068938343609,37.7722937764534],[-122.48068938343609,37.78181881220991],[-122.49200878539423,37.77832892251698]]]}},{"type":"Feature","properties":{"state":"","county":"SAN_FRANCISCO","s2_cell":"9260956728726388736","waymo_ro_miles":200045.48657348345,"incremental_miles":47271.873,"vintage_end":"202506","exposure_phase":"deployment"},"geometry":{"type":"Polygon","coordinates":[[[-122.48068938343609,37.78181881220991],[-122.48068938343609,37.7722937764534],[-122.46936875411905,37.77578233332807],[-122.46936875411905,37.78530766782831],[-122.48068938343609,37.78181881220991]]]}},{"type":"Feature","properties":{"state":"","county":"SAN_FRANCISCO","s2_cell":"9260956763086127104","waymo_ro_miles":51804.80808803153,"incremental_miles":14299.901,"vintage_end":"202506","exposure_phase":"deployment"},"geometry":{"type":"Polygon","coordinates":[[[-122.48068938343609,37.79134259306303],[-122.48068938343609,37.78181881220991],[-122.46936875411905,37.78530766782831],[-122.46936875411905,37.79483174700018],[-122.48068938343609,37.79134259306303]]]}},{"type":"Feature","properties":{"state":"","county":"SAN_FRANCISCO","s2_cell":"9260956797445865472","waymo_ro_miles":57152.89765993527,"incremental_miles":15121.406,"vintage_end":"202506","exposure_phase":"deployment"},"geometry":{"type":"Polygon","coordinates":[[[-122.46936875411905,37.79483174700018],[-122.46936875411905,37.78530766782831],[-122.45804689847544,37.78879548878615],[-122.45804689847544,37.798319866047095],[-122.46936875411905,37.79483174700018]]]}},{"type":"Feature","properties":{"state":"","county":"SAN_FRANCISCO","s2_cell":"9260956831805603840","waymo_ro_miles":153707.27191367248,"incremental_miles":42372.376,"vintage_end":"202506","exposure_phase":"deployment"},"geometry":{"type":"Polygon","coordinates":[[[-122.45804689847544,37.798319866047095],[-122.45804689847544,37.78879548878615],[-122.44672381753844,37.792282274497715],[-122.44672381753844,37.801806949618125],[-122.45804689847544,37.798319866047095]]]}},{"type":"Feature","properties":{"state":"","county":"SAN_FRANCISCO","s2_cell":"9260956866165342208","waymo_ro_miles":418398.58029537834,"incremental_miles":101968.398,"vintage_end":"202506","exposure_phase":"deployment"},"geometry":{"type":"Polygon","coordinates":[[[-122.45804689847544,37.78879548878615],[-122.45804689847544,37.77926985577196],[-122.44672381753844,37.78275634319929],[-122.44672381753844,37.792282274497715],[-122.45804689847544,37.78879548878615]]]}},{"type":"Feature","properties":{"state":"","county":"SAN_FRANCISCO","s2_cell":"9260956900525080576","waymo_ro_miles":304086.37652624515,"incremental_miles":73696.695,"vintage_end":"202506","exposure_phase":"deployment"},"geometry":{"type":"Polygon","coordinates":[[[-122.46936875411905,37.78530766782831],[-122.46936875411905,37.77578233332807],[-122.45804689847544,37.77926985577196],[-122.45804689847544,37.78879548878615],[-122.46936875411905,37.78530766782831]]]}},{"type":"Feature","properties":{"state":"","county":"SAN_FRANCISCO","s2_cell":"9260956934884818944","waymo_ro_miles":180222.0251898707,"incremental_miles":36249.315,"vintage_end":"202506","exposure_phase":"deployment"},"geometry":{"type":"Polygon","coordinates":[[[-122.46936875411905,37.77578233332807],[-122.46936875411905,37.76625574400465],[-122.45804689847544,37.769742967509615],[-122.45804689847544,37.77926985577196],[-122.46936875411905,37.77578233332807]]]}},{"type":"Feature","properties":{"state":"","county":"SAN_FRANCISCO","s2_cell":"9260956969244557312","waymo_ro_miles":533035.7241671819,"incremental_miles":115109.706,"vintage_end":"202506","exposure_phase":"deployment"},"geometry":{"type":"Polygon","coordinates":[[[-122.45804689847544,37.77926985577196],[-122.45804689847544,37.769742967509615],[-122.44672381753844,37.77322915622785],[-122.44672381753844,37.78275634319929],[-122.45804689847544,37.77926985577196]]]}},{"type":"Feature","properties":{"state":"","county":"SAN_FRANCISCO","s2_cell":"9260957003604295680","waymo_ro_miles":389618.53950560855,"incremental_miles":93722.212,"vintage_end":"202506","exposure_phase":"deployment"},"geometry":{"type":"Polygon","coordinates":[[[-122.45804689847544,37.769742967509615],[-122.45804689847544,37.76021482450475],[-122.44672381753844,37.7637007140889],[-122.44672381753844,37.77322915622785],[-122.45804689847544,37.769742967509615]]]}},{"type":"Feature","properties":{"state":"","county":"SAN_FRANCISCO","s2_cell":"9260957037964034048","waymo_ro_miles":382369.9282775083,"incremental_miles":94610.162,"vintage_end":"202506","exposure_phase":"deployment"},"geometry":{"type":"Polygon","coordinates":[[[-122.46936875411905,37.76625574400465],[-122.46936875411905,37.75672790036379],[-122.45804689847544,37.76021482450475],[-122.45804689847544,37.769742967509615],[-122.46936875411905,37.76625574400465]]]}},{"type":"Feature","properties":{"state":"","county":"SAN_FRANCISCO","s2_cell":"9260957072323772416","waymo_ro_miles":188371.95905959207,"incremental_miles":40875.411,"vintage_end":"202506","exposure_phase":"deployment"},"geometry":{"type":"Polygon","coordinates":[[[-122.48068938343609,37.76276748629881],[-122.48068938343609,37.75323994225197],[-122.46936875411905,37.75672790036379],[-122.46936875411905,37.76625574400465],[-122.48068938343609,37.76276748629881]]]}},{"type":"Feature","properties":{"state":"","county":"SAN_FRANCISCO","s2_cell":"9260957106683510784","waymo_ro_miles":359561.15707430686,"incremental_miles":91641.985,"vintage_end":"202506","exposure_phase":"deployment"},"geometry":{"type":"Polygon","coordinates":[[[-122.48068938343609,37.7722937764534],[-122.48068938343609,37.76276748629881],[-122.46936875411905,37.76625574400465],[-122.46936875411905,37.77578233332807],[-122.48068938343609,37.7722937764534]]]}},{"type":"Feature","properties":{"state":"","county":"SAN_FRANCISCO","s2_cell":"9260957141043249152","waymo_ro_miles":118468.20668761795,"incremental_miles":31227.812,"vintage_end":"202506","exposure_phase":"deployment"},"geometry":{"type":"Polygon","coordinates":[[[-122.49200878539423,37.76880418573406],[-122.49200878539423,37.75927819497827],[-122.48068938343609,37.76276748629881],[-122.48068938343609,37.7722937764534],[-122.49200878539423,37.76880418573406]]]}},{"type":"Feature","properties":{"state":"","county":"SAN_FRANCISCO","s2_cell":"9260957175402987520","waymo_ro_miles":96381.95883736222,"incremental_miles":14005.535,"vintage_end":"202506","exposure_phase":"deployment"},"geometry":{"type":"Polygon","coordinates":[[[-122.49200878539423,37.75927819497827],[-122.49200878539423,37.74975095075552],[-122.48068938343609,37.75323994225197],[-122.48068938343609,37.76276748629881],[-122.49200878539423,37.75927819497827]]]}},{"type":"Feature","properties":{"state":"","county":"SAN_FRANCISCO","s2_cell":"9260957209762725888","waymo_ro_miles":78641.93737463595,"incremental_miles":13027.698,"vintage_end":"202506","exposure_phase":"deployment"},"geometry":{"type":"Polygon","coordinates":[[[-122.50332695896195,37.75578787062953],[-122.50332695896195,37.74626092646101],[-122.49200878539423,37.74975095075552],[-122.49200878539423,37.75927819497827],[-122.50332695896195,37.75578787062953]]]}},{"type":"Feature","properties":{"state":"","county":"SAN_FRANCISCO","s2_cell":"9260957244122464256","waymo_ro_miles":30982.23211767612,"incremental_miles":5612.588,"vintage_end":"202506","exposure_phase":"deployment"},"geometry":{"type":"Polygon","coordinates":[[[-122.51464390310842,37.75229651383939],[-122.51464390310842,37.74276986995533],[-122.50332695896195,37.74626092646101],[-122.50332695896195,37.75578787062953],[-122.51464390310842,37.75229651383939]]]}},{"type":"Feature","properties":{"state":"","county":"SAN_FRANCISCO","s2_cell":"9260957278482202624","waymo_ro_miles":47288.74655381702,"incremental_miles":12204.355,"vintage_end":"202506","exposure_phase":"deployment"},"geometry":{"type":"Polygon","coordinates":[[[-122.51464390310842,37.76182190510742],[-122.51464390310842,37.75229651383939],[-122.50332695896195,37.75578787062953],[-122.50332695896195,37.7653135617565],[-122.51464390310842,37.76182190510742]]]}},{"type":"Feature","properties":{"state":"","county":"SAN_FRANCISCO","s2_cell":"9260957312841940992","waymo_ro_miles":122266.6643142709,"incremental_miles":30596.626,"vintage_end":"202506","exposure_phase":"deployment"},"geometry":{"type":"Polygon","coordinates":[[[-122.50332695896195,37.7653135617565],[-122.50332695896195,37.75578787062953],[-122.49200878539423,37.75927819497827],[-122.49200878539423,37.76880418573406],[-122.50332695896195,37.7653135617565]]]}},{"type":"Feature","properties":{"state":"","county":"SAN_FRANCISCO","s2_cell":"9260957347201679360","waymo_ro_miles":93397.32338575684,"incremental_miles":24154.395,"vintage_end":"202506","exposure_phase":"deployment"},"geometry":{"type":"Polygon","coordinates":[[[-122.50332695896195,37.77483799933588],[-122.50332695896195,37.7653135617565],[-122.49200878539423,37.76880418573406],[-122.49200878539423,37.77832892251698],[-122.50332695896195,37.77483799933588]]]}},{"type":"Feature","properties":{"state":"","county":"SAN_FRANCISCO","s2_cell":"9260957381561417728","waymo_ro_miles":64449.95864522664,"incremental_miles":15780.743,"vintage_end":"202506","exposure_phase":"deployment"},"geometry":{"type":"Polygon","coordinates":[[[-122.50332695896195,37.78436118286217],[-122.50332695896195,37.77483799933588],[-122.49200878539423,37.77832892251698],[-122.49200878539423,37.7878524048216],[-122.50332695896195,37.78436118286217]]]}},{"type":"Feature","properties":{"state":"","county":"SAN_FRANCISCO","s2_cell":"9260957415921156096","waymo_ro_miles":41581.83684522513,"incremental_miles":8199.387,"vintage_end":"202506","exposure_phase":"deployment"},"geometry":{"type":"Polygon","coordinates":[[[-122.51464390310842,37.78086892777135],[-122.51464390310842,37.771346043253274],[-122.50332695896195,37.77483799933588],[-122.50332695896195,37.78436118286217],[-122.51464390310842,37.78086892777135]]]}},{"type":"Feature","properties":{"state":"","county":"SAN_FRANCISCO","s2_cell":"9260957450280894464","waymo_ro_miles":43685.33055161685,"incremental_miles":9197.983,"vintage_end":"202506","exposure_phase":"deployment"},"geometry":{"type":"Polygon","coordinates":[[[-122.51464390310842,37.771346043253274],[-122.51464390310842,37.76182190510742],[-122.50332695896195,37.7653135617565],[-122.50332695896195,37.77483799933588],[-122.51464390310842,37.771346043253274]]]}},{"type":"Feature","properties":{"state":"","county":"SAN_FRANCISCO","s2_cell":"9263759452585066496","waymo_ro_miles":86183.62408104744,"incremental_miles":22089.198,"vintage_end":"202506","exposure_phase":"deployment"},"geometry":{"type":"Polygon","coordinates":[[[-122.45804689847544,37.712555306076204],[-122.45804689847544,37.70301964526381],[-122.44672381753844,37.70650373111326],[-122.44672381753844,37.716039693611755],[-122.45804689847544,37.712555306076204]]]}},{"type":"Feature","properties":{"state":"","county":"SAN_FRANCISCO","s2_cell":"9263759486944804864","waymo_ro_miles":37035.66355529357,"incremental_miles":10951.935,"vintage_end":"202506","exposure_phase":"deployment"},"geometry":{"type":"Polygon","coordinates":[[[-122.45804689847544,37.722089715190904],[-122.45804689847544,37.712555306076204],[-122.44672381753844,37.716039693611755],[-122.44672381753844,37.72557440398694],[-122.45804689847544,37.722089715190904]]]}},{"type":"Feature","properties":{"state":"","county":"SAN_FRANCISCO","s2_cell":"9263759521304543232","waymo_ro_miles":41455.684789483,"incremental_miles":12663.226,"vintage_end":"202506","exposure_phase":"deployment"},"geometry":{"type":"Polygon","coordinates":[[[-122.46936875411905,37.71860399275889],[-122.46936875411905,37.70906988513516],[-122.45804689847544,37.712555306076204],[-122.45804689847544,37.722089715190904],[-122.46936875411905,37.71860399275889]]]}},{"type":"Feature","properties":{"state":"","county":"SAN_FRANCISCO","s2_cell":"9263759555664281600","waymo_ro_miles":67718.47819017823,"incremental_miles":20244.595,"vintage_end":"202506","exposure_phase":"deployment"},"geometry":{"type":"Polygon","coordinates":[[[-122.46936875411905,37.70906988513516],[-122.46936875411905,37.69953452623943],[-122.45804689847544,37.70301964526381],[-122.45804689847544,37.712555306076204],[-122.46936875411905,37.70906988513516]]]}},{"type":"Feature","properties":{"state":"","county":"SAN_FRANCISCO","s2_cell":"9263759590024019968","waymo_ro_miles":37222.69023955062,"incremental_miles":10532.647,"vintage_end":"202506","exposure_phase":"deployment"},"geometry":{"type":"Polygon","coordinates":[[[-122.48068938343609,37.70558343137489],[-122.48068938343609,37.69604837462648],[-122.46936875411905,37.69953452623943],[-122.46936875411905,37.70906988513516],[-122.48068938343609,37.70558343137489]]]}},{"type":"Feature","properties":{"state":"","county":"SAN_FRANCISCO","s2_cell":"9263759624383758336","waymo_ro_miles":40184.21844089296,"incremental_miles":11821.31,"vintage_end":"202506","exposure_phase":"deployment"},"geometry":{"type":"Polygon","coordinates":[[[-122.48068938343609,37.71511723727709],[-122.48068938343609,37.70558343137489],[-122.46936875411905,37.70906988513516],[-122.46936875411905,37.71860399275889],[-122.48068938343609,37.71511723727709]]]}},{"type":"Feature","properties":{"state":"","county":"SAN_FRANCISCO","s2_cell":"9263759658743496704","waymo_ro_miles":27974.287820487025,"incremental_miles":6666.896,"vintage_end":"202506","exposure_phase":"deployment"},"geometry":{"type":"Polygon","coordinates":[[[-122.49200878539423,37.71162944933207],[-122.49200878539423,37.702095945382],[-122.48068938343609,37.70558343137489],[-122.48068938343609,37.71511723727709],[-122.49200878539423,37.71162944933207]]]}},{"type":"Feature","properties":{"state":"","county":"SAN_FRANCISCO","s2_cell":"9263760449017479168","waymo_ro_miles":5600.472805112752,"incremental_miles":1887.51,"vintage_end":"202506","exposure_phase":"deployment"},"geometry":{"type":"Polygon","coordinates":[[[-122.50332695896195,37.72720328102612],[-122.50332695896195,37.717672580774455],[-122.49200878539423,37.72116170235277],[-122.49200878539423,37.730692703935524],[-122.50332695896195,37.72720328102612]]]}},{"type":"Feature","properties":{"state":"","county":"SAN_FRANCISCO","s2_cell":"9263760826974601216","waymo_ro_miles":24799.911007613387,"incremental_miles":4292.656,"vintage_end":"202506","exposure_phase":"deployment"},"geometry":{"type":"Polygon","coordinates":[[[-122.51464390310842,37.74276986995533],[-122.51464390310842,37.73324197396191],[-122.50332695896195,37.73673272975751],[-122.50332695896195,37.74626092646101],[-122.51464390310842,37.74276986995533]]]}},{"type":"Feature","properties":{"state":"","county":"SAN_FRANCISCO","s2_cell":"9263760861334339584","waymo_ro_miles":2950.149486601231,"incremental_miles":471.283,"vintage_end":"202506","exposure_phase":"deployment"},"geometry":{"type":"Polygon","coordinates":[[[-122.51464390310842,37.73324197396191],[-122.51464390310842,37.72371282636632],[-122.50332695896195,37.72720328102612],[-122.50332695896195,37.73673272975751],[-122.51464390310842,37.73324197396191]]]}},{"type":"Feature","properties":{"state":"","county":"SAN_FRANCISCO","s2_cell":"9263760895694077952","waymo_ro_miles":69098.68682381645,"incremental_miles":12370.338,"vintage_end":"202506","exposure_phase":"deployment"},"geometry":{"type":"Polygon","coordinates":[[[-122.50332695896195,37.73673272975751],[-122.50332695896195,37.72720328102612],[-122.49200878539423,37.730692703935524],[-122.49200878539423,37.740222453572265],[-122.50332695896195,37.73673272975751]]]}},{"type":"Feature","properties":{"state":"","county":"SAN_FRANCISCO","s2_cell":"9263760930053816320","waymo_ro_miles":69815.9494893644,"incremental_miles":11699.956,"vintage_end":"202506","exposure_phase":"deployment"},"geometry":{"type":"Polygon","coordinates":[[[-122.50332695896195,37.74626092646101],[-122.50332695896195,37.73673272975751],[-122.49200878539423,37.740222453572265],[-122.49200878539423,37.74975095075552],[-122.50332695896195,37.74626092646101]]]}},{"type":"Feature","properties":{"state":"","county":"SAN_FRANCISCO","s2_cell":"9263760964413554688","waymo_ro_miles":56498.40875570115,"incremental_miles":13454.132,"vintage_end":"202506","exposure_phase":"deployment"},"geometry":{"type":"Polygon","coordinates":[[[-122.49200878539423,37.74975095075552],[-122.49200878539423,37.740222453572265],[-122.48068938343609,37.74371114481922],[-122.48068938343609,37.75323994225197],[-122.49200878539423,37.74975095075552]]]}},{"type":"Feature","properties":{"state":"","county":"SAN_FRANCISCO","s2_cell":"9263760998773293056","waymo_ro_miles":122394.94814584186,"incremental_miles":28490.965,"vintage_end":"202506","exposure_phase":"deployment"},"geometry":{"type":"Polygon","coordinates":[[[-122.48068938343609,37.75323994225197],[-122.48068938343609,37.74371114481922],[-122.46936875411905,37.74719880291174],[-122.46936875411905,37.75672790036379],[-122.48068938343609,37.75323994225197]]]}},{"type":"Feature","properties":{"state":"","county":"SAN_FRANCISCO","s2_cell":"9263761033133031424","waymo_ro_miles":125990.685835331,"incremental_miles":28387.413,"vintage_end":"202506","exposure_phase":"deployment"},"geometry":{"type":"Polygon","coordinates":[[[-122.48068938343609,37.74371114481922],[-122.48068938343609,37.73418109450746],[-122.46936875411905,37.73766845215527],[-122.46936875411905,37.74719880291174],[-122.48068938343609,37.74371114481922]]]}},{"type":"Feature","properties":{"state":"","county":"SAN_FRANCISCO","s2_cell":"9263761067492769792","waymo_ro_miles":74382.48699211581,"incremental_miles":14689.404,"vintage_end":"202506","exposure_phase":"deployment"},"geometry":{"type":"Polygon","coordinates":[[[-122.49200878539423,37.740222453572265],[-122.49200878539423,37.730692703935524],[-122.48068938343609,37.73418109450746],[-122.48068938343609,37.74371114481922],[-122.49200878539423,37.740222453572265]]]}},{"type":"Feature","properties":{"state":"","county":"SAN_FRANCISCO","s2_cell":"9263761101852508160","waymo_ro_miles":35945.640875636556,"incremental_miles":8216.732,"vintage_end":"202506","exposure_phase":"deployment"},"geometry":{"type":"Polygon","coordinates":[[[-122.49200878539423,37.730692703935524],[-122.49200878539423,37.72116170235277],[-122.48068938343609,37.72464979182411],[-122.48068938343609,37.73418109450746],[-122.49200878539423,37.730692703935524]]]}},{"type":"Feature","properties":{"state":"","county":"SAN_FRANCISCO","s2_cell":"9263761136212246528","waymo_ro_miles":35950.02957879957,"incremental_miles":8173.162,"vintage_end":"202506","exposure_phase":"deployment"},"geometry":{"type":"Polygon","coordinates":[[[-122.49200878539423,37.72116170235277],[-122.49200878539423,37.71162944933207],[-122.48068938343609,37.71511723727709],[-122.48068938343609,37.72464979182411],[-122.49200878539423,37.72116170235277]]]}},{"type":"Feature","properties":{"state":"","county":"SAN_FRANCISCO","s2_cell":"9263761170571984896","waymo_ro_miles":73327.62257366205,"incremental_miles":19391.758,"vintage_end":"202506","exposure_phase":"deployment"},"geometry":{"type":"Polygon","coordinates":[[[-122.48068938343609,37.72464979182411],[-122.48068938343609,37.71511723727709],[-122.46936875411905,37.71860399275889],[-122.46936875411905,37.728136848601714],[-122.48068938343609,37.72464979182411]]]}},{"type":"Feature","properties":{"state":"","county":"SAN_FRANCISCO","s2_cell":"9263761204931723264","waymo_ro_miles":166392.93106419328,"incremental_miles":36133.338,"vintage_end":"202506","exposure_phase":"deployment"},"geometry":{"type":"Polygon","coordinates":[[[-122.48068938343609,37.73418109450746],[-122.48068938343609,37.72464979182411],[-122.46936875411905,37.728136848601714],[-122.46936875411905,37.73766845215527],[-122.48068938343609,37.73418109450746]]]}},{"type":"Feature","properties":{"state":"","county":"SAN_FRANCISCO","s2_cell":"9263761239291461632","waymo_ro_miles":89856.4356569487,"incremental_miles":18124.322,"vintage_end":"202506","exposure_phase":"deployment"},"geometry":{"type":"Polygon","coordinates":[[[-122.46936875411905,37.73766845215527],[-122.46936875411905,37.728136848601714],[-122.45804689847544,37.73162287209911],[-122.45804689847544,37.74115477629255],[-122.46936875411905,37.73766845215527]]]}},{"type":"Feature","properties":{"state":"","county":"SAN_FRANCISCO","s2_cell":"9263761273651200000","waymo_ro_miles":45281.61068519959,"incremental_miles":10974.69,"vintage_end":"202506","exposure_phase":"deployment"},"geometry":{"type":"Polygon","coordinates":[[[-122.46936875411905,37.728136848601714],[-122.46936875411905,37.71860399275889],[-122.45804689847544,37.722089715190904],[-122.45804689847544,37.73162287209911],[-122.46936875411905,37.728136848601714]]]}},{"type":"Feature","properties":{"state":"","county":"SAN_FRANCISCO","s2_cell":"9263761308010938368","waymo_ro_miles":65447.101020023656,"incremental_miles":15371.579,"vintage_end":"202506","exposure_phase":"deployment"},"geometry":{"type":"Polygon","coordinates":[[[-122.45804689847544,37.73162287209911],[-122.45804689847544,37.722089715190904],[-122.44672381753844,37.72557440398694],[-122.44672381753844,37.73510786173015],[-122.45804689847544,37.73162287209911]]]}},{"type":"Feature","properties":{"state":"","county":"SAN_FRANCISCO","s2_cell":"9263761342370676736","waymo_ro_miles":52870.123313919634,"incremental_miles":11384.281,"vintage_end":"202506","exposure_phase":"deployment"},"geometry":{"type":"Polygon","coordinates":[[[-122.45804689847544,37.74115477629255],[-122.45804689847544,37.73162287209911],[-122.44672381753844,37.73510786173015],[-122.44672381753844,37.74464006633321],[-122.45804689847544,37.74115477629255]]]}},{"type":"Feature","properties":{"state":"","county":"SAN_FRANCISCO","s2_cell":"9263761376730415104","waymo_ro_miles":206832.30273806033,"incremental_miles":43241.926,"vintage_end":"202506","exposure_phase":"deployment"},"geometry":{"type":"Polygon","coordinates":[[[-122.45804689847544,37.7506854272635],[-122.45804689847544,37.74115477629255],[-122.44672381753844,37.74464006633321],[-122.44672381753844,37.75417101728849],[-122.45804689847544,37.7506854272635]]]}},{"type":"Feature","properties":{"state":"","county":"SAN_FRANCISCO","s2_cell":"9263761411090153472","waymo_ro_miles":156094.9686837813,"incremental_miles":33686.012,"vintage_end":"202506","exposure_phase":"deployment"},"geometry":{"type":"Polygon","coordinates":[[[-122.46936875411905,37.74719880291174],[-122.46936875411905,37.73766845215527],[-122.45804689847544,37.74115477629255],[-122.45804689847544,37.7506854272635],[-122.46936875411905,37.74719880291174]]]}},{"type":"Feature","properties":{"state":"","county":"SAN_FRANCISCO","s2_cell":"9263761445449891840","waymo_ro_miles":117737.04197271219,"incremental_miles":27499.694,"vintage_end":"202506","exposure_phase":"deployment"},"geometry":{"type":"Polygon","coordinates":[[[-122.46936875411905,37.75672790036379],[-122.46936875411905,37.74719880291174],[-122.45804689847544,37.7506854272635],[-122.45804689847544,37.76021482450475],[-122.46936875411905,37.75672790036379]]]}},{"type":"Feature","properties":{"state":"","county":"SAN_FRANCISCO","s2_cell":"9263761479809630208","waymo_ro_miles":91418.75524791876,"incremental_miles":23432.644,"vintage_end":"202506","exposure_phase":"deployment"},"geometry":{"type":"Polygon","coordinates":[[[-122.45804689847544,37.76021482450475],[-122.45804689847544,37.7506854272635],[-122.44672381753844,37.75417101728849],[-122.44672381753844,37.7637007140889],[-122.45804689847544,37.76021482450475]]]}},{"type":"Feature","properties":{"state":"","county":"SAN_FRANCISCO","s2_cell":"9263761514169368576","waymo_ro_miles":437790.4367856396,"incremental_miles":98664.951,"vintage_end":"202506","exposure_phase":"deployment"},"geometry":{"type":"Polygon","coordinates":[[[-122.44672381753844,37.7637007140889],[-122.44672381753844,37.75417101728849],[-122.4353995123419,37.75765557240103],[-122.4353995123419,37.76718556853062],[-122.44672381753844,37.7637007140889]]]}},{"type":"Feature","properties":{"state":"","county":"SAN_FRANCISCO","s2_cell":"9263761548529106944","waymo_ro_miles":312041.8637835392,"incremental_miles":67054.137,"vintage_end":"202506","exposure_phase":"deployment"},"geometry":{"type":"Polygon","coordinates":[[[-122.44672381753844,37.75417101728849],[-122.44672381753844,37.74464006633321],[-122.4353995123419,37.7481243216915],[-122.4353995123419,37.75765557240103],[-122.44672381753844,37.75417101728849]]]}},{"type":"Feature","properties":{"state":"","county":"SAN_FRANCISCO","s2_cell":"9263761582888845312","waymo_ro_miles":228951.47941058222,"incremental_miles":50715.314,"vintage_end":"202506","exposure_phase":"deployment"},"geometry":{"type":"Polygon","coordinates":[[[-122.4353995123419,37.75765557240103],[-122.4353995123419,37.7481243216915],[-122.42407398392056,37.75160754178196],[-122.42407398392056,37.76113909201574],[-122.4353995123419,37.75765557240103]]]}},{"type":"Feature","properties":{"state":"","county":"SAN_FRANCISCO","s2_cell":"9263761617248583680","waymo_ro_miles":781567.278561336,"incremental_miles":160663.189,"vintage_end":"202506","exposure_phase":"deployment"},"geometry":{"type":"Polygon","coordinates":[[[-122.4353995123419,37.76718556853062],[-122.4353995123419,37.75765557240103],[-122.42407398392056,37.76113909201574],[-122.42407398392056,37.77066938724461],[-122.4353995123419,37.76718556853062]]]}},{"type":"Feature","properties":{"state":"","county":"SAN_FRANCISCO","s2_cell":"9263761651608322048","waymo_ro_miles":1077719.9969011052,"incremental_miles":205043.051,"vintage_end":"202506","exposure_phase":"deployment"},"geometry":{"type":"Polygon","coordinates":[[[-122.42407398392056,37.77066938724461],[-122.42407398392056,37.76113909201574],[-122.41274723330986,37.76462157554756],[-122.41274723330986,37.77415216964588],[-122.42407398392056,37.77066938724461]]]}},{"type":"Feature","properties":{"state":"","county":"SAN_FRANCISCO","s2_cell":"9263761685968060416","waymo_ro_miles":824063.2621717624,"incremental_miles":191331.416,"vintage_end":"202506","exposure_phase":"deployment"},"geometry":{"type":"Polygon","coordinates":[[[-122.41274723330986,37.77415216964588],[-122.41274723330986,37.76462157554756],[-122.40141926154602,37.76810302241174],[-122.40141926154602,37.77763391514975],[-122.41274723330986,37.77415216964588]]]}},{"type":"Feature","properties":{"state":"","county":"SAN_FRANCISCO","s2_cell":"9263761720327798784","waymo_ro_miles":538737.3700866238,"incremental_miles":109115.315,"vintage_end":"202506","exposure_phase":"deployment"},"geometry":{"type":"Polygon","coordinates":[[[-122.41274723330986,37.76462157554756],[-122.41274723330986,37.75508972601948],[-122.40141926154602,37.75857087381922],[-122.40141926154602,37.76810302241174],[-122.41274723330986,37.76462157554756]]]}},{"type":"Feature","properties":{"state":"","county":"SAN_FRANCISCO","s2_cell":"9263761754687537152","waymo_ro_miles":540855.490734204,"incremental_miles":107546.303,"vintage_end":"202506","exposure_phase":"deployment"},"geometry":{"type":"Polygon","coordinates":[[[-122.42407398392056,37.76113909201574],[-122.42407398392056,37.75160754178196],[-122.41274723330986,37.75508972601948],[-122.41274723330986,37.76462157554756],[-122.42407398392056,37.76113909201574]]]}},{"type":"Feature","properties":{"state":"","county":"SAN_FRANCISCO","s2_cell":"9263761789047275520","waymo_ro_miles":446446.2827887746,"incremental_miles":92577.632,"vintage_end":"202506","exposure_phase":"deployment"},"geometry":{"type":"Polygon","coordinates":[[[-122.42407398392056,37.75160754178196],[-122.42407398392056,37.74207473705015],[-122.41274723330986,37.7455566215684],[-122.41274723330986,37.75508972601948],[-122.42407398392056,37.75160754178196]]]}},{"type":"Feature","properties":{"state":"","county":"SAN_FRANCISCO","s2_cell":"9263761823407013888","waymo_ro_miles":535954.0979627654,"incremental_miles":102037.732,"vintage_end":"202506","exposure_phase":"deployment"},"geometry":{"type":"Polygon","coordinates":[[[-122.41274723330986,37.75508972601948],[-122.41274723330986,37.7455566215684],[-122.40141926154602,37.74903746987886],[-122.40141926154602,37.75857087381922],[-122.41274723330986,37.75508972601948]]]}},{"type":"Feature","properties":{"state":"","county":"SAN_FRANCISCO","s2_cell":"9263761857766752256","waymo_ro_miles":314401.9263729901,"incremental_miles":58137.12,"vintage_end":"202506","exposure_phase":"deployment"},"geometry":{"type":"Polygon","coordinates":[[[-122.41274723330986,37.7455566215684],[-122.41274723330986,37.736022262701674],[-122.40141926154602,37.739502811097886],[-122.40141926154602,37.74903746987886],[-122.41274723330986,37.7455566215684]]]}},{"type":"Feature","properties":{"state":"","county":"SAN_FRANCISCO","s2_cell":"9263761892126490624","waymo_ro_miles":98177.56531549671,"incremental_miles":21010.559,"vintage_end":"202506","exposure_phase":"deployment"},"geometry":{"type":"Polygon","coordinates":[[[-122.42407398392056,37.74207473705015],[-122.42407398392056,37.73254067832776],[-122.41274723330986,37.736022262701674],[-122.41274723330986,37.7455566215684],[-122.42407398392056,37.74207473705015]]]}},{"type":"Feature","properties":{"state":"","county":"SAN_FRANCISCO","s2_cell":"9263761926486228992","waymo_ro_miles":311675.3899894523,"incremental_miles":65143.927,"vintage_end":"202506","exposure_phase":"deployment"},"geometry":{"type":"Polygon","coordinates":[[[-122.4353995123419,37.738591816909],[-122.4353995123419,37.72905805856108],[-122.42407398392056,37.73254067832776],[-122.42407398392056,37.74207473705015],[-122.4353995123419,37.738591816909]]]}},{"type":"Feature","properties":{"state":"","county":"SAN_FRANCISCO","s2_cell":"9263761960845967360","waymo_ro_miles":193093.41493980226,"incremental_miles":41646.933,"vintage_end":"202506","exposure_phase":"deployment"},"geometry":{"type":"Polygon","coordinates":[[[-122.4353995123419,37.7481243216915],[-122.4353995123419,37.738591816909],[-122.42407398392056,37.74207473705015],[-122.42407398392056,37.75160754178196],[-122.4353995123419,37.7481243216915]]]}},{"type":"Feature","properties":{"state":"","county":"SAN_FRANCISCO","s2_cell":"9263761995205705728","waymo_ro_miles":106457.16511885881,"incremental_miles":24593.279,"vintage_end":"202506","exposure_phase":"deployment"},"geometry":{"type":"Polygon","coordinates":[[[-122.44672381753844,37.74464006633321],[-122.44672381753844,37.73510786173015],[-122.4353995123419,37.738591816909],[-122.4353995123419,37.7481243216915],[-122.44672381753844,37.74464006633321]]]}},{"type":"Feature","properties":{"state":"","county":"SAN_FRANCISCO","s2_cell":"9263762029565444096","waymo_ro_miles":150540.79625539787,"incremental_miles":33751.816,"vintage_end":"202506","exposure_phase":"deployment"},"geometry":{"type":"Polygon","coordinates":[[[-122.44672381753844,37.73510786173015],[-122.44672381753844,37.72557440398694],[-122.4353995123419,37.72905805856108],[-122.4353995123419,37.738591816909],[-122.44672381753844,37.73510786173015]]]}},{"type":"Feature","properties":{"state":"","county":"SAN_FRANCISCO","s2_cell":"9263762063925182464","waymo_ro_miles":149455.5946377213,"incremental_miles":32060.693,"vintage_end":"202506","exposure_phase":"deployment"},"geometry":{"type":"Polygon","coordinates":[[[-122.44672381753844,37.72557440398694],[-122.44672381753844,37.716039693611755],[-122.4353995123419,37.7195230471558],[-122.4353995123419,37.72905805856108],[-122.44672381753844,37.72557440398694]]]}},{"type":"Feature","properties":{"state":"","county":"SAN_FRANCISCO","s2_cell":"9263762098284920832","waymo_ro_miles":107919.93008351164,"incremental_miles":22717.796,"vintage_end":"202506","exposure_phase":"deployment"},"geometry":{"type":"Polygon","coordinates":[[[-122.4353995123419,37.72905805856108],[-122.4353995123419,37.7195230471558],[-122.42407398392056,37.72300536612271],[-122.42407398392056,37.73254067832776],[-122.4353995123419,37.72905805856108]]]}},{"type":"Feature","properties":{"state":"","county":"SAN_FRANCISCO","s2_cell":"9263762132644659200","waymo_ro_miles":45773.89245606035,"incremental_miles":7995.665,"vintage_end":"202506","exposure_phase":"deployment"},"geometry":{"type":"Polygon","coordinates":[[[-122.4353995123419,37.7195230471558],[-122.4353995123419,37.709986783201735],[-122.42407398392056,37.71346880094351],[-122.42407398392056,37.72300536612271],[-122.4353995123419,37.7195230471558]]]}},{"type":"Feature","properties":{"state":"","county":"SAN_FRANCISCO","s2_cell":"9263762167004397568","waymo_ro_miles":82909.00357111843,"incremental_miles":16733.686,"vintage_end":"202506","exposure_phase":"deployment"},"geometry":{"type":"Polygon","coordinates":[[[-122.44672381753844,37.716039693611755],[-122.44672381753844,37.70650373111326],[-122.4353995123419,37.709986783201735],[-122.4353995123419,37.7195230471558],[-122.44672381753844,37.716039693611755]]]}},{"type":"Feature","properties":{"state":"","county":"SAN_FRANCISCO","s2_cell":"9263762304443351040","waymo_ro_miles":19067.30810265577,"incremental_miles":4249.945,"vintage_end":"202506","exposure_phase":"deployment"},"geometry":{"type":"Polygon","coordinates":[[[-122.4353995123419,37.709986783201735],[-122.4353995123419,37.70044926720799],[-122.42407398392056,37.70393098329916],[-122.42407398392056,37.71346880094351],[-122.4353995123419,37.709986783201735]]]}},{"type":"Feature","properties":{"state":"","county":"SAN_FRANCISCO","s2_cell":"9263762338803089408","waymo_ro_miles":24268.567662479676,"incremental_miles":3768.848,"vintage_end":"202506","exposure_phase":"deployment"},"geometry":{"type":"Polygon","coordinates":[[[-122.42407398392056,37.71346880094351],[-122.42407398392056,37.70393098329916],[-122.41274723330986,37.7074116646887],[-122.41274723330986,37.71694978375318],[-122.42407398392056,37.71346880094351]]]}},{"type":"Feature","properties":{"state":"","county":"SAN_FRANCISCO","s2_cell":"9263762407522566144","waymo_ro_miles":6609.636639546192,"incremental_miles":1863.092,"vintage_end":"202506","exposure_phase":"deployment"},"geometry":{"type":"Polygon","coordinates":[[[-122.41274723330986,37.7074116646887],[-122.41274723330986,37.69787229324313],[-122.40141926154602,37.70135163773079],[-122.40141926154602,37.71089131079144],[-122.41274723330986,37.7074116646887]]]}},{"type":"Feature","properties":{"state":"","county":"SAN_FRANCISCO","s2_cell":"9263762441882304512","waymo_ro_miles":15923.564131537534,"incremental_miles":3491.236,"vintage_end":"202506","exposure_phase":"deployment"},"geometry":{"type":"Polygon","coordinates":[[[-122.41274723330986,37.71694978375318],[-122.41274723330986,37.7074116646887],[-122.40141926154602,37.71089131079144],[-122.40141926154602,37.72042973104564],[-122.41274723330986,37.71694978375318]]]}},{"type":"Feature","properties":{"state":"","county":"SAN_FRANCISCO","s2_cell":"9263762476242042880","waymo_ro_miles":57867.31053523222,"incremental_miles":10835.972,"vintage_end":"202506","exposure_phase":"deployment"},"geometry":{"type":"Polygon","coordinates":[[[-122.41274723330986,37.726486649927146],[-122.41274723330986,37.71694978375318],[-122.40141926154602,37.72042973104564],[-122.40141926154602,37.729966897984056],[-122.41274723330986,37.726486649927146]]]}},{"type":"Feature","properties":{"state":"","county":"SAN_FRANCISCO","s2_cell":"9263762510601781248","waymo_ro_miles":16011.651459926368,"incremental_miles":2983.241,"vintage_end":"202506","exposure_phase":"deployment"},"geometry":{"type":"Polygon","coordinates":[[[-122.42407398392056,37.72300536612271],[-122.42407398392056,37.71346880094351],[-122.41274723330986,37.71694978375318],[-122.41274723330986,37.726486649927146],[-122.42407398392056,37.72300536612271]]]}},{"type":"Feature","properties":{"state":"","county":"SAN_FRANCISCO","s2_cell":"9263762544961519616","waymo_ro_miles":144089.38696168634,"incremental_miles":33035.977,"vintage_end":"202506","exposure_phase":"deployment"},"geometry":{"type":"Polygon","coordinates":[[[-122.42407398392056,37.73254067832776],[-122.42407398392056,37.72300536612271],[-122.41274723330986,37.726486649927146],[-122.41274723330986,37.736022262701674],[-122.42407398392056,37.73254067832776]]]}},{"type":"Feature","properties":{"state":"","county":"SAN_FRANCISCO","s2_cell":"9263762579321257984","waymo_ro_miles":167348.79158585722,"incremental_miles":34516.176,"vintage_end":"202506","exposure_phase":"deployment"},"geometry":{"type":"Polygon","coordinates":[[[-122.41274723330986,37.736022262701674],[-122.41274723330986,37.726486649927146],[-122.40141926154602,37.729966897984056],[-122.40141926154602,37.739502811097886],[-122.41274723330986,37.736022262701674]]]}},{"type":"Feature","properties":{"state":"","county":"SAN_FRANCISCO","s2_cell":"9263762613680996352","waymo_ro_miles":118911.83116115,"incremental_miles":21214.683,"vintage_end":"202506","exposure_phase":"deployment"},"geometry":{"type":"Polygon","coordinates":[[[-122.40141926154602,37.739502811097886],[-122.40141926154602,37.729966897984056],[-122.39009006966613,37.733446109708744],[-122.39009006966613,37.74298232293175],[-122.40141926154602,37.739502811097886]]]}},{"type":"Feature","properties":{"state":"","county":"SAN_FRANCISCO","s2_cell":"9263762648040734720","waymo_ro_miles":18902.841062666863,"incremental_miles":4144.113,"vintage_end":"202506","exposure_phase":"deployment"},"geometry":{"type":"Polygon","coordinates":[[[-122.39009006966613,37.74298232293175],[-122.39009006966613,37.733446109708744],[-122.37875965870796,37.73692428451682],[-122.37875965870796,37.746460797618944],[-122.39009006966613,37.74298232293175]]]}},{"type":"Feature","properties":{"state":"","county":"SAN_FRANCISCO","s2_cell":"9263762682400473088","waymo_ro_miles":23853.979079632696,"incremental_miles":4963.716,"vintage_end":"202506","exposure_phase":"deployment"},"geometry":{"type":"Polygon","coordinates":[[[-122.39009006966613,37.733446109708744],[-122.39009006966613,37.723908642236104],[-122.37875965870796,37.72738651674011],[-122.37875965870796,37.73692428451682],[-122.39009006966613,37.733446109708744]]]}},{"type":"Feature","properties":{"state":"","county":"SAN_FRANCISCO","s2_cell":"9263762716760211456","waymo_ro_miles":49735.898000450456,"incremental_miles":8198.493,"vintage_end":"202506","exposure_phase":"deployment"},"geometry":{"type":"Polygon","coordinates":[[[-122.40141926154602,37.729966897984056],[-122.40141926154602,37.72042973104564],[-122.39009006966613,37.723908642236104],[-122.39009006966613,37.733446109708744],[-122.40141926154602,37.729966897984056]]]}},{"type":"Feature","properties":{"state":"","county":"SAN_FRANCISCO","s2_cell":"9263762751119949824","waymo_ro_miles":31794.923027026583,"incremental_miles":5756.556,"vintage_end":"202506","exposure_phase":"deployment"},"geometry":{"type":"Polygon","coordinates":[[[-122.40141926154602,37.72042973104564],[-122.40141926154602,37.71089131079144],[-122.39009006966613,37.71436992102252],[-122.39009006966613,37.723908642236104],[-122.40141926154602,37.72042973104564]]]}},{"type":"Feature","properties":{"state":"","county":"SAN_FRANCISCO","s2_cell":"9263762785479688192","waymo_ro_miles":3069.203208307967,"incremental_miles":920.577,"vintage_end":"202506","exposure_phase":"deployment"},"geometry":{"type":"Polygon","coordinates":[[[-122.40141926154602,37.71089131079144],[-122.40141926154602,37.70135163773079],[-122.39009006966613,37.704829946577235],[-122.39009006966613,37.71436992102252],[-122.40141926154602,37.71089131079144]]]}},{"type":"Feature","properties":{"state":"","county":"SAN_FRANCISCO","s2_cell":"9263762819839426560","waymo_ro_miles":1626.4123842884444,"incremental_miles":412.143,"vintage_end":"202506","exposure_phase":"deployment"},"geometry":{"type":"Polygon","coordinates":[[[-122.39009006966613,37.71436992102252],[-122.39009006966613,37.704829946577235],[-122.37875965870796,37.70830721919787],[-122.37875965870796,37.71784749479742],[-122.39009006966613,37.71436992102252]]]}},{"type":"Feature","properties":{"state":"","county":"SAN_FRANCISCO","s2_cell":"9263762854199164928","waymo_ro_miles":7609.72168479769,"incremental_miles":1471.244,"vintage_end":"202506","exposure_phase":"deployment"},"geometry":{"type":"Polygon","coordinates":[[[-122.39009006966613,37.723908642236104],[-122.39009006966613,37.71436992102252],[-122.37875965870796,37.71784749479742],[-122.37875965870796,37.72738651674011],[-122.39009006966613,37.723908642236104]]]}},{"type":"Feature","properties":{"state":"","county":"SAN_FRANCISCO","s2_cell":"9263762888558903296","waymo_ro_miles":2344.019895204103,"incremental_miles":607.55,"vintage_end":"202506","exposure_phase":"deployment"},"geometry":{"type":"Polygon","coordinates":[[[-122.37875965870796,37.72738651674011],[-122.37875965870796,37.71784749479742],[-122.36742802971013,37.7213240315319],[-122.36742802971013,37.730863353973504],[-122.37875965870796,37.72738651674011]]]}},{"type":"Feature","properties":{"state":"","county":"SAN_FRANCISCO","s2_cell":"9263763060357595136","waymo_ro_miles":5184.970792473315,"incremental_miles":1125.675,"vintage_end":"202506","exposure_phase":"deployment"},"geometry":{"type":"Polygon","coordinates":[[[-122.37875965870796,37.73692428451682],[-122.37875965870796,37.72738651674011],[-122.36742802971013,37.730863353973504],[-122.36742802971013,37.74040142182418],[-122.37875965870796,37.73692428451682]]]}},{"type":"Feature","properties":{"state":"","county":"SAN_FRANCISCO","s2_cell":"9263763094717333504","waymo_ro_miles":212.5008572315995,"incremental_miles":38.565,"vintage_end":"202506","exposure_phase":"deployment"},"geometry":{"type":"Polygon","coordinates":[[[-122.37875965870796,37.746460797618944],[-122.37875965870796,37.73692428451682],[-122.36742802971013,37.74040142182418],[-122.36742802971013,37.74993823457547],[-122.37875965870796,37.746460797618944]]]}},{"type":"Feature","properties":{"state":"","county":"SAN_FRANCISCO","s2_cell":"9263763300875763712","waymo_ro_miles":20986.852674683636,"incremental_miles":5134.686,"vintage_end":"202506","exposure_phase":"deployment"},"geometry":{"type":"Polygon","coordinates":[[[-122.39009006966613,37.75251728139695],[-122.39009006966613,37.74298232293175],[-122.37875965870796,37.746460797618944],[-122.37875965870796,37.75599605553843],[-122.39009006966613,37.75251728139695]]]}},{"type":"Feature","properties":{"state":"","county":"SAN_FRANCISCO","s2_cell":"9263763335235502080","waymo_ro_miles":595355.9545471392,"incremental_miles":113488.803,"vintage_end":"202506","exposure_phase":"deployment"},"geometry":{"type":"Polygon","coordinates":[[[-122.40141926154602,37.74903746987886],[-122.40141926154602,37.739502811097886],[-122.39009006966613,37.74298232293175],[-122.39009006966613,37.75251728139695],[-122.40141926154602,37.74903746987886]]]}},{"type":"Feature","properties":{"state":"","county":"SAN_FRANCISCO","s2_cell":"9263763369595240448","waymo_ro_miles":278432.3771513305,"incremental_miles":66753.815,"vintage_end":"202506","exposure_phase":"deployment"},"geometry":{"type":"Polygon","coordinates":[[[-122.40141926154602,37.75857087381922],[-122.40141926154602,37.74903746987886],[-122.39009006966613,37.75251728139695],[-122.39009006966613,37.76205098459669],[-122.40141926154602,37.75857087381922]]]}},{"type":"Feature","properties":{"state":"","county":"SAN_FRANCISCO","s2_cell":"9263763403954978816","waymo_ro_miles":84933.49669216147,"incremental_miles":17832.439,"vintage_end":"202506","exposure_phase":"deployment"},"geometry":{"type":"Polygon","coordinates":[[[-122.39009006966613,37.76205098459669],[-122.39009006966613,37.75251728139695],[-122.37875965870796,37.75599605553843],[-122.37875965870796,37.76553005776772],[-122.39009006966613,37.76205098459669]]]}},{"type":"Feature","properties":{"state":"","county":"SAN_FRANCISCO","s2_cell":"9263763438314717184","waymo_ro_miles":100393.8227846676,"incremental_miles":25120.895,"vintage_end":"202506","exposure_phase":"deployment"},"geometry":{"type":"Polygon","coordinates":[[[-122.39009006966613,37.77158343202387],[-122.39009006966613,37.76205098459669],[-122.37875965870796,37.76553005776772],[-122.37875965870796,37.77506280379982],[-122.39009006966613,37.77158343202387]]]}},{"type":"Feature","properties":{"state":"","county":"SAN_FRANCISCO","s2_cell":"9263763472674455552","waymo_ro_miles":462162.6919726148,"incremental_miles":102232.549,"vintage_end":"202506","exposure_phase":"deployment"},"geometry":{"type":"Polygon","coordinates":[[[-122.40141926154602,37.76810302241174],[-122.40141926154602,37.75857087381922],[-122.39009006966613,37.76205098459669],[-122.39009006966613,37.77158343202387],[-122.40141926154602,37.76810302241174]]]}},{"type":"Feature","properties":{"state":"","county":"SAN_FRANCISCO","s2_cell":"9263763507034193920","waymo_ro_miles":620189.926408458,"incremental_miles":191407.578,"vintage_end":"202506","exposure_phase":"deployment"},"geometry":{"type":"Polygon","coordinates":[[[-122.40141926154602,37.77763391514975],[-122.40141926154602,37.76810302241174],[-122.39009006966613,37.77158343202387],[-122.39009006966613,37.78111462317189],[-122.40141926154602,37.77763391514975]]]}},{"type":"Feature","properties":{"state":"","county":"SAN_FRANCISCO","s2_cell":"9263763541393932288","waymo_ro_miles":34107.67255320242,"incremental_miles":7484.381,"vintage_end":"202506","exposure_phase":"deployment"},"geometry":{"type":"Polygon","coordinates":[[[-122.39009006966613,37.78111462317189],[-122.39009006966613,37.77158343202387],[-122.37875965870796,37.77506280379982],[-122.37875965870796,37.78459429312823],[-122.39009006966613,37.78111462317189]]]}}]}